Title,News_Type,date,content,url
9/24今彩539頭獎開2注！800萬獎落彰化、台東,社會,2026/09/24 22:06,9月24日開獎的第115000232期今彩539頭獎開出2注，獎落彰化、台東。9月24日開獎的第115000232期今彩539頭獎開出2注，由彰化縣永靖鄉五福村中山路1段72號1樓「佶旺彩券行」、台東縣台東市中山里正氣路179號1樓「神旺彩券行」開出；第115000077期威力彩頭獎則摃龜。第115000077期威力彩中獎號碼為「第一區：03、08、25、27、30、31，第二區：01」。頭獎摃龜；貳獎摃龜；參獎共3注中獎，每注可得15萬元；肆獎共31注中獎，每注可得2萬元；伍獎共150注中獎，每注可得4000元；陸獎共1228注中獎，每注可得800元；柒獎共2202注中獎，每注可得400元；捌獎共1萬1974注中獎，每注可得200元；玖獎共1萬7309注中獎，每注可得100元；普獎共2萬7006注中獎，每注可得100元。請繼續往下閱讀...第115000232期今彩539中獎號碼為「05、08、18、19、30」。頭獎2注中獎，每注可得800萬元；貳獎共194注中獎，每注可得2萬元；參獎共6892注中獎，每注可得300元；肆獎共7萬7767注中獎，每注可得50元。第115000232期39樂合彩中獎號碼為「05、08、18、19、30」。四合開出5注，每注可得21萬2500元；三合共229注中獎，每注可得1萬1250元；二合共1萬3009注中獎，每注可得1125元。第115000232期3星彩中獎號碼為「379」。壹獎共62注中獎，每注可得5000元。第115000232期4星彩中獎號碼為「5233」。壹獎共16注中獎，每注可得5萬元。確切中獎號碼以台彩網站公告為主，請見「台灣彩券網站」。威力彩、今彩539、39樂合彩、3星彩、4星彩中獎號碼。（擷取自台彩官網）    ,https://news.ltn.com.tw/news/society/breakingnews/5585521
煙霧彈？助張俊傑逃亡第14人投案「配合度高」 北檢聲押禁見,社會,2026/09/24 22:06,顏男涉嫌協助張俊傑從台南一路轉移至屏東，偵訊時配合度高，但檢方不敢掉以輕心，不排除其受人指示或教唆介入。（記者鄭景議翻攝）立委高金素梅「大帳房」張俊傑棄保潛逃第19天，顏士宸今凌晨自行投案，也是繼竹聯幫寶和會陳威達後，第二名主動投案者。據了解，顏男涉嫌協助張俊傑從台南一路轉移至屏東，偵訊時配合度高，但檢方不敢掉以輕心，不排除其受人指示或教唆介入，晚間複訊後依藏匿人犯等罪嫌向法院聲押禁見。檢警追查，張俊傑6日晚間破壞電子手環後棄保潛逃，一路透過不同人員分段載送、提供車輛、安排住宿及處理棄車，從北部一路南下嘉義、台南、高雄，之後行蹤再往屏東延伸。專案小組循監視影像、車行軌跡及手機通聯逐段追人；隨著顏士宸到案，全案已有14名涉案者落網，其中6人遭羈押禁見、1人遭聲押禁見，另7人分別以2萬至20萬元不等金額交保。請繼續往下閱讀...據了解，疑具幫派背景的顏男年僅19歲，涉嫌參與張俊傑逃亡後段接應，協助張從台南轉移至屏東，今凌晨3時許自行前往新店分局投案，傍晚移送台北地檢署複訊。顏男偵訊時配合度高，也交代部分接應經過；直至晚間10時許，仍有疑具幫派背景的友人在北檢外守候，等待偵訊結果。顏男的態度，與先前投案的竹聯幫寶和會背景男子陳威達形成明顯差異。陳威達並非僅負責接送或提供車輛的一般接應者，他涉嫌協助張俊傑破壞電子手環、安排南逃，甚至可能透過幫派人脈，找來其他人分段接送、調度車輛及安排藏身處所，被視為釐清整條接應鏈的重要人物。陳威達遭鎖定後一度藏匿，直到國安單位介入、追查層級升高後才主動投案。不過，陳在警詢及檢方複訊時雖非完全緘默，面對一般問題仍會回答，一旦被問到「誰找他出手」、「如何找來其他接應者」及「張俊傑去向」等核心問題，便屢次「問A答B」、避重就輕。專案小組不排除，陳投案可能是為結束四處躲藏、持續遭追捕的壓力，但因顧忌幫派或上層人物，不願供出要求他協助張俊傑逃亡的人。相較之下，顏男投案後配合度高，並未出現陳威達面對核心問題時避重就輕的情況；但檢方仍認為案情尚有向上追查必要，不排除年僅19歲的顏男背後另有人指示或教唆，因此複訊後仍向法院聲請羈押禁見。檢警也將進一步釐清，他究竟如何被捲入接應網、由誰找上，以及將張俊傑送往屏東後，是否還有下一棒接手。張俊傑原計畫8日凌晨從高雄港偷渡出境，但因國安、警政及海巡系統嚴密封鎖未能成行，轉而入住高雄鼓山區五星級飯店藏身。檢警原掌握他最後身影12日出現在台南，如今隨顏男到案，逃亡路線再延伸至屏東；專案小組研判，萬丹一帶交通四通八達，正追查張是否另覓偷渡管道，或轉往屏東、台東藏匿。    ,https://news.ltn.com.tw/news/society/breakingnews/5585510
借錢被拒背後偷襲打死伯母 63歲男判無期刑恐「關到死」,社會,2026/09/24 21:58,63歲黃姓男子向伯母借錢被拒，以鈍器敲破伯母的頭致死，南投地院24日判處黃男無期徒刑。（記者陳鳳麗攝）南投縣63歲黃姓男子去年10月到伯父家，向伯母借錢遭拒，他懷恨在心，趁伯母坐著彎身整理筍子時，持鈍器重擊其頭部，致其顱腦損傷骨折出血而死亡。黃男始終否認行兇，且稱只是去聊天，離開時「人還活著」，可能是他人潛伏屋內行兇，但證據會說話，南投地院合議庭今天以殺人罪判處無期徒刑，褫奪公權終身。黃姓男子是在去年10月3日下午3時多，騎機車到伯父家，要向74歲的王姓伯母借錢，但伯母拒借後即彎身整理地上的竹筍。黃男借不到錢心生憤恨，從王婦右後方以不明鈍器重擊其頭部，致其伯母頭皮開放性挫裂傷、顱底骨折及顱內出血，且在短時間內因頭部外傷、顱腦損傷骨折出血而死亡。請繼續往下閱讀...黃男行兇後騎機車離開，王婦鄰居傍晚到家裡找人才發現她倒臥在地上，火速報警。埔里警方接獲報案後調沿路監視錄影畫面，並查證相關的親友，鎖定經過會跟親戚借錢的黃男，惟黃男矢口否認到過伯母家。黃男從檢警偵辦到法院審理期間，先否認到過伯母家，後改口說只是去找伯母聊天，離開時伯母還活著，可能是他人潛伏屋內行兇。惟南投地院合議庭綜合法醫解剖鑑定、現場勘察照片、監視器錄影畫面、救護人員密錄器影像、LINE對話紀錄、鑑定證人及多位證人的證述、黃男不利於己的供述等證據，認為黃男犯罪事證明確，下午以殺人罪判處無期徒刑，褫奪公權終身。合議庭表示，黃男殺人手段尚非極其兇殘，也非全無教化改善之可能，無期徒刑須執行逾25年才能假釋，屆時黃男已年近9旬，已足達防衛社會的目的，因此量處無期徒刑。    ,https://news.ltn.com.tw/news/society/breakingnews/5585478
湯圓小事竟鬧人命！鹿港里長毆妻致死 二審維判原判理由曝,社會,2026/09/24 21:43,案發的土地公廟。（資料照）前彰化縣鹿港鎮山崙里長吳順和毆妻致死案，台中高分院今天認定，吳男明知頭部是人體重要、脆弱部位，仍出手重擊將結縭14年，長期忍受其怒氣不回嘴的妻子推倒撞擊水泥階梯，具有殺人不確定故意，加上犯後隱匿監視器主機、說詞反覆等情節，一審判刑13年並無不當，駁回上訴、維持原判。鹿港鎮52歲吳姓里長，2024年12月間冬至前因準備湯圓分工問題，涉嫌揮拳重擊妻子，導致頭部撞擊地面昏迷致傷重不治，吳男被依殺人罪嫌起訴，期間他不僅在臉書曬恩愛、營造愛妻假象，還捏造過程企圖製造不在場證明。全案進入國民法官審理程序，今年4月22日依殺人罪判處吳男13年徒刑。請繼續往下閱讀...高分院判決指出，吳順和案發當天因不滿妻子處理廚房事務，又看到鍋爐乾燒，怒氣逐步累積，進而失控對妻子林女施暴，然而，林女當時並未回嘴，也沒有還手，吳男卻仍無法控制情緒，其犯罪動機、目的及當時所受刺激，沒有值得同情之處。吳男上訴主張沒有殺人犯意，一審量刑過重，高分院認為，頭部本就是人體致命要害，吳男在明知妻子已遭受重擊、意識狀況不佳的情況下仍施力推倒，導致林女後腦撞擊廟前水泥階梯，雖非事前預謀殺人，且犯罪時是徒手而非持工具攻擊，但最終仍造成妻子死亡，這是無法回復的生命損害，也讓被害人家屬承受難以平復的心理創傷，不能僅因不是預謀犯案，就大幅降低刑責。面對詢問時，吳謊稱現場沒有監視器，並把監視器主機藏到車上，若非檢警搜索查扣，真相恐遭掩蓋，另吳男與林女結婚14年，林女長期照料其生活、工作維持家計，還協助老人供餐等社區服務，吳男卻以言語辱罵甚至肢體暴力對待，凸顯其未珍惜妻子付出，二審綜合相關犯罪情節，沒有實際賠償或填補家屬損害等情狀，認原審認事用法及量刑並無不當，駁回上訴。    ,https://news.ltn.com.tw/news/society/breakingnews/5585477
高三生遭學弟「爆刺大動脈」 父母心碎：首次和同學外出就出事,社會,2026/09/24 21:24,新北市瑞芳區某完全中學徐姓國三生，持剪刀猛刺高中部黃姓三年級學長後，報警自首，被警方帶回瑞芳派出所偵辦。（記者林嘉東翻攝）新北市瑞芳區某完全中學徐姓國三生，持剪刀猛刺高中部黃姓三年級學長頸部一刀，因傷及大動脈，現場血跡斑斑。（警方提供）黃姓高三生父母接獲愛子返家途中，遭國中部國三徐姓學弟刺頸後，一度失去心跳、呼吸，經醫院急救後已恢復生命徵象，面對兒子從死門關被搶救回來，心有餘悸表示，小孩是家中獨生子，平常都搭校車返家台北市信義區住處，他們也都會去松山火車站接他，昨天兒子說要在秋節放假前夕，跟同學到新北市瑞芳市區散心，想不到第一次跟同學外出還是發生意外。「平常都保護好好的，怎麼還是發生意外」黃父氣憤說，一般人跟人吵架，不可能會拿剪刀攻擊人，而且還是拿剪刀朝人的頸部等致命部位攻擊，而且犯案後打電話跟警方自首，想要為自己的犯行減輕刑責。他覺得徐姓少年犯罪手法兇殘，犯罪後的心態想要減輕刑責的心態很可議。黃母說，兒子最近都在準備高三學測，連假前兒子想跟同學搭公車去瑞芳散散心，她才沒有阻止兒子，否則兒子都是搭校車返回台北信義區住處後，她才去公車停車的松山火車站接兒子，兒子國中就念該所完全中學到高中，成績很好，第一次學測成績還名列班上前10名，想不到第一次跟同學去瑞芳買飲料就發生這麼可怕的事。黃母說，聽兒子的同學說，兒子因為徐少在公車上講話很大聲，在公車上出言制止徐少，不要這麼吵，徐少才有所收斂，想不到下車後，兒子跟同學到新北市瑞芳區民生街一家飲料店排隊買飲料，徐少突然跑到兒子身旁不知道講什麼，後來就排在兒子前面插隊，兒子又與徐少發生爭執，想不到徐少跑到騎樓麵線羹拿出一把剪刀猛刺兒子頸部，手段太兇殘，實在是太可惡。新北市14歲徐姓國中生，疑因不滿17歲高中部學長辱罵他，隨手持美食街上麵線羹攤商1把食物剪，猛刺學長頸部1刀。（警方提供）    ,https://news.ltn.com.tw/news/society/breakingnews/5585462
爭吵釀殺機！近20公分廚刀藏草蓆  酒癮夫刺死妻自首判14年,社會,2026/09/24 21:11,高雄市楠梓區程姓男子爭吵後，以暗藏廚刀刺死妻子，橋頭地院今審結，依殺人罪判處程男有期徒刑14年。（資料照）高雄市楠梓區去年5月發生一起殺妻悲劇！被告程琦峰因不滿經濟狀況及妻子娘家，長期與妻子爭吵不睦。2人於租屋處飲酒爆發口角，程男藉口下樓拿冰塊，暗中將一把19.5公分長的廚刀藏在臥室草蓆下，雙方衝突升高，程男憤而抽刀刺死妻子，橋頭地院今審結，依殺人罪判處程男有期徒刑14年，並因其酗酒成癮，裁定刑前強制禁戒1年。判決主文顯示，案發當晚10時14分許，夫妻兩人在2樓房間喝啤酒。程男在爭執中萌生殺意，刻意將廚房大刀藏匿於北側房間床鋪。2人隨後移至該房抽菸，口角愈演愈烈，程男突然右手持刀，朝坐在床邊的妻子左腋瘋狂猛刺兩刀。陳女當場氣血胸、內臟重創。請繼續往下閱讀...程男直到次日凌晨0時49分才撥打110報案。陳女被送往國軍左營總醫院急救，仍於當日凌晨死亡。法院審理時，程男雖坦承客觀犯行，卻狡辯主觀上沒有殺人犯意。法官根據量刑前鑑定，確認程男行兇時並無精神障礙，辨識與控制能力均正常，不適用減刑。不過，因其犯後主動報案符合自首要件，依法減輕其刑。法官痛批，程男行兇手段殘忍，帶給家屬無盡傷痛，且犯後流於狡辯、毫無悔意，本應嚴懲。審酌其因酗酒犯罪且已成癮，有再犯之虞，最終判處14年徒刑，並諭知於刑罰執行前，強制令入相當處所施以禁戒1年，全案可上訴。☆飲酒過量  有害健康  禁止酒駕☆    ,https://news.ltn.com.tw/news/society/breakingnews/5585439
假投資詐新竹貴婦近億元 徐乃麟「女密友」董子綺100萬交保,社會,2026/09/24 20:44,涉嫌詐騙的董子綺又名「董Vivi」，與藝人徐乃麟相識多年，曾牽線將徐位於內湖的豪宅出租。（記者劉詠韻攝）首次上稿15:17更新時間20:44新竹一名傳統工廠老闆娘誤信綠能、科技公司即將掛牌，1年間陸續投入資金，甚至抵押房產借款，慘失近1億元。檢警追查發現，藝人徐乃麟密友董子綺疑為詐團核心人物，涉嫌招募成員、指示車手及安排股票轉移；台北地檢署今拘提董女及蘇男到案，複訊後諭令董女100萬元交保，蘇男則以10萬元交保，均限制出境、出海及住居。檢警調查，老闆娘先在住家信箱收到自稱「非凡投資公司」寄送的傳單，宣稱起而行綠能、藍新科技、美格儲能等公司即將上市、上櫃，股價可望大漲。她依傳單電話聯繫後，對方自稱投資顧問，除透過電話推銷，也多次相約在超商等地見面，以實體接觸逐步取得信任。請繼續往下閱讀...老闆娘2024年至2025年間陸續投入資金，甚至抵押房產借款，前後交付逾9000萬元；直到公司遲未掛牌，想出售持股止損，卻發現業務失聯、電話成為空號，才驚覺受騙。檢警今年4月已拘提5名涉嫌取款、提供帳戶者，再循金流追查，查出董女疑居核心角色，涉嫌招募成員、指示車手及安排股票轉移；蘇男則涉嫌提供帳戶。檢警昨展開第2波搜索，拘提2人到案，全案朝詐欺、違反證券交易法等罪嫌偵辦。董子綺又名「董Vivi」，與徐乃麟相識多年，曾牽線出租徐的內湖豪宅，後因在屋內經營麻將賭場遭判刑；她也曾以慶富造船未上市股票詐財遭判刑，如今再捲未上市股投資案。北檢繼先前拘提5名涉嫌提供帳戶者，今展開第二波行動，拘提董子綺及蘇男（見圖）2人到案。（記者劉詠韻攝）    ,https://news.ltn.com.tw/news/society/breakingnews/5584959
集氣！新北高三學長遭學弟刺頸送醫搶救 恢復生命徵象,社會,2026/09/24 20:36,基隆長庚醫院副院長詹益聖說明學生已恢復生命徵象。（記者盧賢秀攝）新北市今天下午發生學弟刺傷學長的事故，頸部遭利器刺傷的高三學長送基隆長庚醫院搶救，副院長詹益聖指出，學生到院前已無呼吸心跳（OHCA），經搶救恢復生命徵象，目前手術中。詹益聖指出，119在下午4點36分將學生送到基隆長庚急診，院方立即啟動外傷急救小組，由急診、外科、麻醉及護理團隊共同搶救。經心肺復甦術等積極處置，患者恢復心跳，目前血壓穩定、生命徵象已恢復，胸腔血管外科醫師進行緊急手術，目前手術中，持續以患者生命安全為最優先，全力救治。請繼續往下閱讀...新北市長侯友宜晚閑與基隆市長謝國樑到醫院探視、慰問家屬，請院方全力救治。新北市長侯友宜（左三）與基隆長庚醫院副院長詹益聖（左二）了解學生狀況。（記者盧賢秀攝）    ,https://news.ltn.com.tw/news/society/breakingnews/5585435
南投藝品店業者「喬債」反惹怒幫派 債主糾眾刀槍砸店落網,社會,2026/09/24 20:13,南投竹山有10多名惡煞，凌晨持刀殺進藝品店談判債務問題，過程中甚至亮出槍械。（民眾提供）公親變事主！南投縣竹山鎮藝品店黃姓老闆，之前幫友人「喬」數百萬元債務，不料簡姓債主對於金額被砍得過低心生不滿，19日夥同10多名手下，殺進藝品店持刀槍威嚇砸店，甚至數度開車衝撞，導致黃某腿部遭撞骨折，竹山警方今下午逮捕簡嫌等5人，後續將查緝其他共犯到案。竹山警方表示，該事件起因為數百萬元的債務糾紛，黃某居中「喬債」卻公親變事主，在南投草屯鎮混幫派的簡姓債主，不滿債務被砍得過低，且雙方對於最終的債務金額認知有落差，簡因此心生不滿，便率眾持刀槍到藝品店示威砸店。請繼續往下閱讀...警方說，案發後循線追查犯嫌，今下午派出專案小組前往草屯逮人，包含主嫌簡某共5人落網，其餘涉案手下也將陸續逮捕歸案，另因事發當下簡嫌率眾攜帶的槍枝並未擊發，針對槍械來源，以及是否具殺傷力，或涉及其他刑案，也將進一步調查釐清。南投竹山有惡煞持刀槍殺進藝品店談判債務問題，竹山警方循線追查，逮捕主嫌簡某等5人。（竹山警方提供）    ,https://news.ltn.com.tw/news/society/breakingnews/5585403
高三學長遭國三學弟刺頸 侯友宜探視拜託醫院全力救治,社會,2026/09/24 20:12,新北市長侯友宜到醫院探視遭刺傷學生。（記者盧賢秀攝）新北市某私立中學今（24）日發生國三學弟在校外涉嫌刺傷高三學長頸部事件，傷者送往基隆長庚醫院治療，市長侯友宜到醫院探視，關心學生救治情形、慰問家屬，拜託院方全力救治。侯友宜說，市府會持續關心學生狀況，教育局也會陪伴家屬，提供必要協助。至於事件原因及詳細經過，將由警方進一步調查釐清。    ,https://news.ltn.com.tw/news/society/breakingnews/5585405
中秋連假守護行人安全 高雄4大景點10條道路加強取締,社會,2026/09/24 20:07,鳳警鎖定4大景點10條道路，加強取締、守護行人安全。（民眾提供）中秋連假4天，高雄親子遊樂園區、衛武營國家藝術中心將吸引大批人潮，鳳山警分局超前部署，鎖定4大景點及周邊10條道路，加強守護行人安全，確保交通順暢，並嚴加取締不法，讓民眾安心過節。鳳山警分局為提升道路交通安全，強化「行人安全、大型車管理、速度管理及交通安全宣導」四大面向，提高見警率、精準執法及交通安全宣導，超前部署、防患未然，主動降低道路風險，讓行人安心過馬路、車輛安全通行。請繼續往下閱讀...警方鎖定高雄親子遊樂園區及周邊武慶二路、新富路、輜汽路，衛武營國家藝術文化中心及周邊國泰路二段、南京路，五甲肉豆公市場及周邊保泰路與南華路、南榮路，鳳山行政中心及周邊光復路二段、澄清路，總計4大景點共10條道路，主動協助長輩、親子、行動不便民眾過馬路。警方也針對大型車視線死角、內輪差等行車風險，加強取締闖紅燈、違規轉彎、未依規定停讓行人等重點違規，提醒駕駛起步、轉彎前，務必確認周遭人車動態。此外，十次車禍九次快，警方將於重要路口及車速較快路段，以明顯、可辨識方式進行測速照相勤務，執法並非以取締開單為目的，希望駕駛「看見警察、想到安全、主動減速」，透過看得見的執法提高警覺，養成行經路口及高風險路段主動減速的習慣，以速度管理降低車禍發生風險。警方也將持續推廣「防禦駕駛」觀念，提醒用路人主動觀察、預判周遭可能發生危險，提醒民眾出遊遵守交通規則，不超速、不酒駕、不疲勞駕駛，行經路口減速慢行、停讓行人，也為自己多留一分反應空間；警方強調交通執法不是目的，預防事故才是最終目標，讓民眾平安出門、安心返家。鳳警加強取締大型車輛。（民眾提供）    ,https://news.ltn.com.tw/news/society/breakingnews/5585324
中秋團圓落空！謝典霖父子涉賄拚交保 台中高分院駁回「不得再抗告」,社會,2026/09/24 19:46,彰化縣議長謝典霖（左）與父親謝新隆（右）不服羈押裁定提出抗告，台中高分院今晚駁回，，本件不得再抗告。（資料照）彰化縣議會議長謝典霖與父親謝新隆，涉議會餐敘賄選及貪污等案，2人被彰化地院裁定羈押禁見，律師21日提起抗告，盼趕在中秋節前撤銷羈押、返家團圓，但台中高分院今（24日）晚間裁定抗告駁回，且本件不得再抗告，謝氏父子中秋返家團圓確定落空。台中高分院指出，抗告案卷今天中午送抵後，合議庭審理認為，謝新隆、謝典霖均涉犯貪污治罪條例第5條第1項第2款「利用職務上之機會詐取財物」等罪，犯罪嫌疑重大，所犯為最輕本刑5年以上有期徒刑之重罪，且有事實及相當理由認為有逃亡、湮滅證據或勾串共犯或證人之虞。請繼續往下閱讀...若僅命具保、責付或限制住居等侵害較小之手段，實不足以確保追訴程序之順利進行，而有羈押並禁止接見及通信之必要，故裁定羈押禁見，並無違誤或不當，被告2人之抗告均無理由，應予駁回，裁定不得再抗告。    ,https://news.ltn.com.tw/news/society/breakingnews/5585391
「想看洞口…」保一警誘2少年拍傳私密照 上訴二審只少判1月,社會,2026/09/24 19:37,保安警察第一總隊葉姓警員引誘2名1少年自拍肛門照傳送給他觀覽收藏，二審高等法院今酌減改判1年9月有期徒刑。（資料照）保安警察第一總隊葉姓警員，去年5月間約出國中少男幫自己口交，被依妨害性自主罪判刑1年、緩刑5年，檢警清查其手機時又發現，葉員還在網路交友軟體，引誘2名14、15歲少年自拍肛門照傳送給他觀覽收藏。一審基隆地院依兒童及少年性剝削防制條例之引誘拍攝兒少性影像罪，將他判刑1年10月；二審高等法院今酌減改判1年9月有期徒刑。可上訴。保一葉姓警員2024年5月間支援基隆市警察局，透過交友軟體約出就讀國中的少年阿志（化名）口交。阿志回到學校後，跟同學說自己幫警察口交還賺了2000元，案件曝光。請繼續往下閱讀...葉員與少年及其雙親達成賠和解，基隆地院依妨害性自主罪將他判刑1年、緩刑5年。警方將他記2大過停職，移付懲戒，懲戒法院判處降2級改敘，併罰10萬元。檢警在查扣的手機中，還原出葉員不只約出阿志幫他口交，先前更透過交友軟體找少年聊天，2023年4月9日，傳「我想看你的穴」給新北市15歲少年，引誘對方自拍肛門照傳給他。葉又於同年9月24日、12月8日，要求住苗栗自稱16歲的少年2度拍肛門照傳給他觀賞，對話用字非常露骨，包含「我想看…你的穴…那個洞口」。但少年實際上僅有14歲。檢察官勘驗對話紀錄，確認葉員明知新北15歲少年還在讀高一，苗栗少年確實自稱剛滿16歲，葉皆明知對方未成年。基隆地檢署檢察官依違反兒少性剝削罪起訴，且葉身為警務人員，依法須加重其刑，故建請法官從重量刑。一審基隆地院依引誘拍攝兒少性影像罪將葉員判處1年10月有期徒刑；葉上訴二審，高等法院今酌減1個月，改判1年9月徒刑。仍可上訴。    ,https://news.ltn.com.tw/news/society/breakingnews/5585371
桃園夜衝淡江大橋塗鴉畫面曝 2屁孩「這兩罪」法辦,社會,2026/09/24 19:30,嫌犯在淡江大橋快車道下車爬上橋體噴漆塗鴉。（記者吳仁捷翻攝）淡江大橋竟遭塗鴉，警方接獲交通部公路局報案，調閱橋區及周邊道路監視器畫面，當晚循線查獲19歲殷姓男子、21歲彭姓男子到案，發現兩嫌在快車道違停、爬過橋梁構建在橋體在塗鴉，依公共危險、毀損罪嫌送辦。淡江大橋5月12日正式通車，8月18日遭人以黑色噴漆塗鴉，橋塔下方混凝土表面及護欄後方出現多處塗鴉。請繼續往下閱讀...警方獲報查出，8月18日凌晨1點左右，殷嫌開著租來的車，急停於淡江大橋北上中央車道，彭嫌下車穿越車道，攀爬橋梁構件到橋塔南下車道端，以黑色噴漆於橋體塗鴉，完成由殷嫌開車接應離去。淡水警方23日主動聯繫公路局現場勘查，到淡江大橋橋梁管理中心調閱監視器影像，掌握涉案車輛及犯案過程，警方隨即擴大調閱沿線監視器、比對車籍資料，迅速鎖定涉案車輛及犯嫌身分。淡水分局偵查隊23日下午5點及6點左右兵分二路，到桃園市桃園區、蘆竹區查獲19歲殷姓男子及21歲彭姓男子到案；其中，殷嫌駕駛租來車輛犯案，彭嫌下車噴漆，警方更發現，兩人在車流頻繁的淡江大橋快車道停下，無視後方可能釀成連環車禍危險，加上爬上橋梁構件，稍有不慎恐墜落下方淡水河口，脫序行徑令人捏把冷汗，但殷、彭兩嫌到案後，只是辯稱開開玩笑，毫無悔意，警詢後，將彭嫌依毀損、公共危險罪嫌，殷嫌依公共危險罪嫌，函請士林地方檢察署偵辦。淡江大橋的塗鴉行為被認為是對公共設施的違規行為，根據公路法第72條規定，擅自使用、破壞公路用地或損壞公路設施者，可處以6萬元以上、30萬元以下的罰鍰；因涉及毀損公物等刑事責任，除移送法辦，還須全數追究民事損害賠償與復原費用。公路局呼籲，淡江大橋為國家重要交通建設與在地指標性景觀，針對任何破壞公物、違規塗鴉或影響行車安全的行為，除設置監視設備全日監看橋上路況外，也有巡查人員結合警政單位加強巡查排除相關路況及防範違法行為發生。淡水警分局呼籲，淡江大橋為重要交通建設及新北市重要地標，民眾切勿任意破壞或攀爬公共設施，除須負擔相關賠償責任，亦可能涉及刑事責任。警方對於破壞公共設施及危害交通安全之行為，將依法究辦，維護公共設施安全及交通秩序。淡江大橋驚遭塗鴉。（記者吳仁捷翻攝）    ,https://news.ltn.com.tw/news/society/breakingnews/5585308
駕橡皮艇來台起訴！中國2男否認預謀偷渡 「這2點」檢認極不合理,社會,2026/09/24 19:25,海巡發現中國偷渡犯在台北港北堤岸際的橡皮艇。（海巡署提供，記者姚岳宏翻攝）2名中國籍男子欒英亮、于海，於漢光演習登場前2週、7月23日駕駛橡皮艇偷渡來台，從新北市八里沙灘上岸後，從雙北一路爽玩到台中7天，直到7月30日才被海巡署循線於桃園市逮獲，士林地檢署今依違反入出國及移民法、兩岸人民關係條例罪起訴2人，具體求刑兩年；對於2人稱出海是要海釣，「迷航」不慎落腳台灣，檢方對其說詞高度存疑。士檢調查，2男於7月19日於山東青島駕車南下，至浙江金華購買舷外機，再開到福建福州，7月22日凌晨4時許，從福州海岸駕駛附掛舷外機的橡皮艇出海，經航行21小時，23日凌晨2時許抵達八里台北港北堤沙灘登陸。請繼續往下閱讀...檢方調查，35歲欒男是青島籍，44歲于男則是新疆烏魯木齊籍，皆自稱與家人定居於青島，同樣從事服裝、T-恤販賣業，是相識多年的同行好友，釣魚、海釣是其共同的嗜好，辯稱此次從福州出海也是要海釣，後來因為「迷航」而意外登陸台灣北海岸，否認預謀偷渡。但檢方對其說詞高度存疑，橡皮艇上雖有2枝釣竿，但沒有任何魚獲，2人擠在狹小且無足夠重量依托的橡皮艇上釣海魚、迷航卻能精準靠岸台灣，都極不合理。檢方目前尚無法確認兩人是否有中國軍方背景，其手機查詢紀錄顯示，曾經閱覽多位來台開直播或拍片的部落客影片，包括去年5月發片自稱獨駕橡皮艇來台、在桃園大園海岸插五星旗再返航中國的「山東凱哥」，藉由大量觀看來台中國客的影片，探索台灣地理及民情資訊，來台後足跡遍及台北、新北、台中、新竹、桃園5縣市，偷渡動機有待法院進一步釐清。士檢今依入出國及移民法之未經許可入國罪，以及違反兩岸人民關係條例起訴2男，認為2男對於我國境管理、海防安全及社會治安，已造成實質危害，導致社會大眾嚴重不安，具體求刑2年。    ,https://news.ltn.com.tw/news/society/breakingnews/5585351
發文指翁達瑞文章抄襲挨告 名嘴趙君朔 「1動作」獲判無罪確定,社會,2026/09/24 18:13,旅美教授「翁達瑞」陳時奮返台，首次到台北地院開庭。（資料照，記者張文川攝）名嘴趙君朔去年2月在臉書連發4篇文章，指稱旅美教授陳時奮（筆名翁達瑞）發表的「用白話解讀川普的關稅戰」文章，是稍微改寫別人的原文文章，批翁是「抄襲被抓包的抄襲專家」，翁達瑞認為趙所言不實，貶損他名譽，提刑事自訴控告趙君涉加重誹謗罪，一審判趙無罪；二審高等法院認為，趙主觀上已盡合理的查證義務，沒有主觀惡意，駁回翁的上訴，趙君朔無罪確定。翁達瑞指控，趙君朔去年2月17日連續發文，聲稱他學術界的朋友用抄襲軟體比對翁的「用白話解讀川普的關稅戰」一文，認為該文「參考、稍微改寫」4篇別人的原文文章，影射作者（翁）是「抄襲被抓包的抄襲專家」、「被大學用的抄襲軟體抓到和4篇文章高度雷同」，卻未提供比對的證據，只以含糊描述來斷言翁「寫不出那些文字」，並以「抄襲專家」稱呼作者。請繼續往下閱讀...翁達瑞主張，他是在美國的資深學者，有教授職務在身，若他的文章確涉抄襲，不但名譽掃地，連教職也會不保，抄襲指控茲事體大，他貼文要求趙立即撤文並道歉，但趙置若罔聞，繼續用來路不明且未必正確的「電腦比對結果」指責他抄襲，嚴重侵害他的名譽，故提自訴控告趙涉加重誹謗罪。趙答辯，他的文章未提到作者名字，也沒提到翁文的網址，他只是陳述客觀事實，他有將翁的文章傳給助理教授廖柏蒼，拜託他透過大學用的抄襲軟體進行比對，發表前有盡合理查證，沒有侵害名譽。一審台北地院傳喚廖作證，廖證稱並未使用Turnitin，而是使用生成式AI查證有無抄襲，法官認為這可證明趙的言論內容並不屬實；但法官指出，對趙而言，趙確實有委請廖確認翁的文章是否有抄襲，2人討論時廖並未明確指出使用的軟體名稱，趙依據過往與廖合作的信賴關係，而誤認廖是和過往一樣使用Turnitin，趙的主觀上已盡合理的查證義務，並非明知不實或惡意重大輕率，因此判趙無罪。二審高院認為一審判決的見解無誤，趙既然於發文前已有合理且充分的查證，只因廖的回覆而導致趙誤信抄襲為真實，主觀上並非明知或有重大輕率的惡意，事前已盡相當程度的查證義務，欠缺誹謗的主觀犯意，仍判趙無罪。不得上訴，全案確定。    ,https://news.ltn.com.tw/news/society/breakingnews/5585253
持攤商「食物剪」刺穿17歲學長脖子 14歲國中生行凶原因曝,社會,2026/09/24 17:57,新北市14歲徐姓國中生，疑因不滿17歲高中部學長辱罵他，隨手持美食街上麵線羹攤商1把食物剪，猛刺學長頸部1刀。（警方提供）新北市14歲徐姓國中生，疑因與高中部17歲黃姓學長平日已有過節，今天（24日）放學後，徐少又在火車站美食街民生街遇到學長，徐少疑因不滿黃又辱罵他，憤而隨手拿起放在美食街麵線羹攤商桌上1把食物剪，猛刺黃少頸部1刀，由於傷及大動脈，現場血跡噴濺。消防隊員獲報將黃少送醫時，已無心跳呼吸，仍在醫院急救中。新北市警分局今天下午4點15分接獲徐少自首報案電話，徐少稱，他剛剛持剪刀猛刺黃姓學長一刀。警方獲報趕抵，黃少倒臥血泊，消防隊員趕抵為他施以心肺復甦術急救時，已無心跳呼吸，隨即轉送基隆長庚醫院急救。請繼續往下閱讀...警方隨後將徐少帶回偵辦，徐稱，黃姓學長平常在學校經常嘲諷他，今天下午放學後，在民生街遇到學長時，學長又辱罵他，他一時氣不過，隨手拿起美食街攤商麵線羹桌上一把食物剪，猛刺學長頸部一刀。警方目前仍在釐清他犯案動機。相關新聞高三生遭學弟「爆刺大動脈」 父母心碎：首次和同學外出就出事17歲高中部學長頸部中刀，傷及大動脈，現場血跡斑斑。（警方提供）    ,https://news.ltn.com.tw/news/society/breakingnews/5585234
17歲高中生遭國三學弟持刀刺頸命危 校方、新北教育局回應了,社會,2026/09/24 17:31,新北市一所私立中學17歲高三男學生遭同校學弟持剪刀刺傷頸部，該校校長與新北市府教育局作出回應。示意圖。（記者黃子暘攝）新北市一所私立中學17歲高三男學生在瑞芳民生街某飲料店遭到刺傷頸部，傷者已送醫救治。涉嫌傷人者為高中生同校國三學弟。該校校長稍早受訪回應，因明（25）日是連假，今日下午3點便已放學，今日二生均正常到校，涉嫌傷人學生在校並無異狀，是否為放學後產生的偶發衝突事件，以及2生在校關係尚待釐清，因跨了3個年級，推測當事2生在校應該不認識。該校校長說，目前涉嫌傷人學生正在做筆錄，受傷學生正在急救中，事件起因也尚待釐清，目前學校已經通知雙方家屬，也有教職員陪同上救護車前往醫院。請繼續往下閱讀...新北市教育局表示，初步了解，某私立中學一名國中生與一名高中生放學後在校外發生衝突，高中學生受傷送醫救治，學校獲悉後，已立即派員前往醫院關心學生及家屬，並掌握相關學生情形，教育局已聯繫學校掌握處理狀況，並立即趕往醫院關心，事件原因及詳細經過正由警方調查釐清。教育局指出，教育局已請學校配合調查，持續關懷相關學生及家庭，並依需求提供一切必要的輔導與協助。相關新聞請見：新北17歲高中生遭學弟持剪刀刺頸 無呼吸心跳送醫    ,https://news.ltn.com.tw/news/society/breakingnews/5585202
招誰惹誰？車輛停台中路邊停車格 慘遭鐵椅男狂砸「車窗碎、板金凹」,社會,2026/09/24 17:25,轎車停在路邊停車格，卻莫名遭蘇姓男子持鐵椅狂砸。（民眾提供）招誰惹誰？台中市北區今天發生砸車事件，一輛轎車好端端停在路邊停車格內，卻莫名遭42歲蘇姓男子持鐵椅狂砸，導致車窗碎裂、車身凹陷，最離譜的是，車主與蘇男根本不認識也無恩怨，警方到場將人帶回，全案依毀損罪嫌移送台中地檢署偵辦。今天清晨5時21分許，台中市第二分局接獲110報案，指稱北區五權路上有男子持椅子砸車，巡邏員警趕抵，看到一輛停放路旁的轎車遭破壞，左後車窗碎裂，左側車身也留下明顯凹陷，更誇張的是，蘇男當時就站在轎車旁，手上還拿著鐵椅，員警發現他精神、情緒狀況不佳且語無倫次，立即上前控制並將人帶回派出所。請繼續往下閱讀...經查，車主與蘇男素不相識，雙方沒有任何糾紛，車子竟在沒有招惹任何人的情況下，突然成了「出氣筒」，面對愛車無端被砸，車主也相當無奈，隨後配合警方製作筆錄、提供相關資料。警方調閱監視器，初步排除恐嚇及報復行為，蘇男身上及周邊也未發現違禁物品，研判事件可能與其當時精神、情緒狀況有關，詢後依毀損罪嫌移送台中地檢署偵辦，警方也提醒民眾，如遇財物遭受損害或發現可疑情事，應立即撥打110報案，由警方即時到場處理。    ,https://news.ltn.com.tw/news/society/breakingnews/5585161
奔馳百公里拆箱全是麵粉  3人運毒瞎忙一場還重判,社會,2026/09/24 17:24,運毒集團自泰國空運7公斤海洛因被警掉包成麵粉，3男不知被盯上接力運送，台南地院各判5年10月至9年。（記者王捷攝）運毒集團費盡心思跨縣市運送毒包裹，不知近7公斤海洛因早被警方掉包成白麵粉。台南地院依運輸第一級毒品未遂罪，分別判處涉案陳姓男子5年10月、邱姓男子7年10月，以及另名陳姓男子9年徒刑。​檢警調查，走私集團成員在今年初，將淨重近7公斤的高純度海洛因藏在2箱玩具內，從泰國以航空郵包寄到台灣，包裹運抵台北關時被海關人員識破並全數查扣。辦案人員為緝捕幕後共犯，決定將毒品全數換成外觀相似的白麵粉，再依原定流程由郵差派送，暗中全程監控。請繼續往下閱讀...​陳男去年底答應以3萬至5萬元代價出面領取包裹，今年1月在台南收件後隨即遭埋伏警方逮捕。集團不知事跡敗露，持續指示將包裹輾轉送往友人處，隨後又以2萬元找來邱男載運包裹，並以6000元代價由另名陳男接手。邱男與另名陳男會合後，一路將這箱「麵粉」開車運到桃園中壢的鐵皮屋拆解，當場遭警方衝入人贓俱獲。​台南地院審理指出，3名被告是在毒品入關後才參與國內運送，且包裹早已被警方扣押並改以麵粉控制下交付，行為屬於著手後無法完成的未遂犯。考量3人皆坦承犯行依法減刑，出面領貨的陳男更主動配合警方追查共犯，再獲減刑；另名陳男雖認罪但供詞反覆，因此量刑最重。​法院除了判處徒刑，也宣告沒收領貨陳男與邱男各1萬元及2萬元的犯罪所得，扣案海洛因銷燬。至於領貨陳男被控走私進口部分，因查無事前參與境外運輸的事證，合議庭不另做無罪判決，全案仍可上訴。☆少一份毒品就多一份健康，自由時報提醒您遠離毒品☆    ,https://news.ltn.com.tw/news/society/breakingnews/5585168
新北17歲高中生遭學弟持剪刀刺頸  無呼吸心跳送醫搶救,社會,2026/09/24 17:15,新北市某私立中學16歲學生，遭學弟持食物剪刀猛刺頸部，現場血跡斑斑。（警方提供）新北市某私立中學今天（24日）下午放學後，該校1名14歲國三男學生在瑞芳區火車站民生街一家麵線羹攤商前遇到17歲高中部黃姓學長，疑因雙方先前有糾紛，該名國中生隨手拿起麵線羹攤位上1把食物剪刀猛刺學長頸部1刀，該名高中生頸部遭刺後傷及頸部大動脈，當場血跡噴濺；新北市消防局第六救災救護大隊獲報後將他往基隆長庚醫院急救，送醫時無呼吸、心跳，目前仍未脫離險境。相關新聞：16歲高中生遭國三學弟刺頸命危 校方、新北教育局回應了持攤商「食物剪」刺穿17歲學長脖子 瑞芳14歲國中生行凶原因曝新北市某私立中學16歲學生，遭國三學弟持火車站前民生街一家麵線羹攤商食物剪刀猛刺一刀，現場血跡斑斑。（警方提供）    ,https://news.ltn.com.tw/news/society/breakingnews/5585163
詐補助407萬、吞公益款833萬還收業者400萬 民進黨前新北議員黃俊哲起訴,社會,2026/09/24 16:56,前新北市議員黃俊哲（左）涉詐補助款、公益侵占及收取不正利益，檢方今日將他起訴。（資料照）前民進黨新北市議員黃俊哲涉利用服務處助理或人頭，詐領新北市政府社會局補助款407萬餘元，並涉侵占旗下板橋玉山青年會公益款833萬餘元，拿來支應議員服務處、政治活動及私人奢華消費等，且在一起土地分割案中，收受400萬元不正利益，助業者向新北市政府關說加速申請進度；新北地檢署今依違反貪污治罪條例收受不正利益、刑法加重詐欺、公益侵占等罪嫌起訴黃，求刑2年至9年不等徒刑，加總共32年6月。全案被訴者除黃俊哲外，還有吉田地產負責人曾景煌、黃的辦公室主任唐龍輝、丁紹斌、助理胡苡瑄、呂昆洋、吳姓小編等6人；另有3名人頭獲緩起訴。請繼續往下閱讀...檢廉調查，黃俊哲的犯罪行為分為三大區塊，第一是社會局有予以民間團體設置的關懷據點相關補助，包含專職人員薪水等，但須具照服員執照或護理師資格，黃俊哲獲知後認為可以藉由設立社會團體及關懷據點，將政府補助資源與服務處人力、選民服務工作結合，遂指示唐、丁管理與新設玉山青年會、大後埔文化關懷協進會等10個協會。檢方調查，黃等人從2020年至2022年間，安排胡、吳、呂3名助理，申報為協會專職人員，以此詐領社會局補助合計330萬餘元，款項實際流於服務處及相關政治活動支出；不僅如此，黃等人還安排張姓、唐姓、劉姓3名具照服員或護理師資格，但未於據點服務的人頭，詐領補助款合計77萬餘元，其中15萬餘元用於黃的社區管理費及LINE廣告行銷費用。第二部分為公益侵占，黃等人涉挪用板橋玉山青年會款項約833萬餘元，用於辦理LINE行銷、黃的參訪、飲宴應酬及清酒禮盒等費用，甚至以玉山青年會名義核銷和牛專賣店、米其林日本料理、法式餐廳等高價餐廳，還有新光三越、遠東SOGO百貨消費，日月潭涵碧樓、君品酒店、東方文華高價旅宿，東華高爾夫球場、響豔都市會所等休閒娛樂支出，及購買蘋果3C、雪茄、露營登山用品等非公益用途支出。檢廉還發現，與黃友好的曾男把位於台北市信義區、大安區的4筆土地出售給一家建設公司，準備將其中一筆持分土地贈予台北市政府，以換取該公司建案容積率，但因該土地遭佔用，為免違約須繳回價金或面臨訴訟，曾男決定以標示分割方式，把土地分個為無佔用及佔用兩部分，不過這須共有人即新北市政府財政局及國有財產署同意。檢方查出，曾提出申請後找上黃幫忙，黃派唐男關心但遇軟釘子，2021年3月18日，黃親自出馬打給當時的財政局長，當日下午2時許，財政局就以最速件通過申請等全部流程，並發函給國有財產署北區分署表示同意分割；事後，黃傳訊給曾：「今天孕母費用已匯出、謝謝老大幫忙、月底植入希望明年能順利當爸」，意旨他之前向曾男借款400萬元，將用以支付他支付國外孕母費用，等同以幫忙關說換取不正利益。檢廉6月間發動搜索將黃聲押禁見獲准，書類具體求刑部分，檢方引用「禮記」：「大道之行也，天下為公」及「論語」：「其身正，不令而行；其身不正，雖令不從」作為開頭，批評黃將長照事業公共資源，轉化為其政治組織、經費來源，公益侵占供自己奢華消費，甚至讓廠商支付自己需付的代理孕母費用，犯後態度不佳，求處上述徒刑。    ,https://news.ltn.com.tw/news/society/breakingnews/5585116
不甩117筆罰單欠費以為賺到？台南違規男存款被扣全數結清,社會,2026/09/24 16:48,47歲李姓男子積欠117筆停車與通行規費2萬7486元，行政執行署台南分署依法強制扣押其存款全額清償。（行政執行署台南分署提供）以為拖欠交通罰單就能裝作沒事？當心存款直接被強制扣走抵債。47歲李姓男子積欠117筆各類交通規費與罰單，金額合計2萬7486元，台南分署清查他的帳戶後核發命令，直接扣押銀行存款全額清償。​李男多次開車上路卻不按規定繳納規費，累積欠費數量驚人。他在前年與去年間駕駛自用小客車，未繳路邊停車費與一般通行費，遭台南市政府交通局裁處70筆罰單；李男在前年行駛高速公路時，也欠繳47筆國道通行費。兩項欠費合計117筆、金額共2萬7486元，但他始終未出面處理。請繼續往下閱讀...​案件隨後移送行政執行機關。台南分署在5月間收案後，執行人員立即清查李男名下財產，確認是否有存款可供抵償。調查發現，李男雖然持續積欠各項罰單，但個人銀行帳戶內仍有足額存款。為了確保公款順利追回，執行人員隨即依法核發執行命令，強制扣押李男名下的銀行存款。​金融機構收到命令後迅速清查，回覆台南分署李男帳戶資金充足，已順利足額扣押。台南分署接著核發收取命令交由移送機關直接領取，全額結清這筆2萬7486元欠款。在公權力介入下，李男積欠長達2年、多達117筆的違規紀錄全數結清。​台南分署指出，目前持續加強執行車輛牌照稅、公路管理費及各項交通違規罰單；民眾若有經濟困難無法一次清償，可以檢具相關證明文件申請分期繳納，避免名下財產遭到強制扣押。    ,https://news.ltn.com.tw/news/society/breakingnews/5585009
獨家》行人沒走斑馬線撞到免賠？法院亮底牌：「鄰近兩側」不禮讓照罰,社會,2026/09/24 16:47,行人未走斑馬線 駕駛左轉撞人仍須負責。示意圖（資料照）台南市一名計程車運將日前因左轉撞傷老翁，遭交通裁決所重罰7200元、吊扣駕照12個月並強制上課。運將不服打官司，一審法院以老翁「走在黃網線、未依規定走斑馬線」為由撤銷罰單；裁決機關提上訴主張「斑馬線鄰近兩側也算穿越路口」，高雄高等行政法院高等庭認定行人沒走斑馬線，也不能免除駕駛禮讓的義務，判運將敗訴確定。這起引發路權論戰的交通意外發生於去年1月10日上午9時許，陳男駕駛營業小客車行經交叉路口，左轉時未注意前方路況，當場撞倒正在過馬路的柯姓男子，導致其左臉及右小腿多處擦挫傷。請繼續往下閱讀...警方依法舉發後，台南市交通裁決所依《道路交通管理處罰條例》第44條第4項「不禮讓行人致人受傷」加重處罰要件，裁處運將罰鍰、吊照1年並接受講習，運將不服提起行政訴訟。高雄高等行政法院地方庭審理時，執著於老翁當時行走於距離斑馬線約1公尺的「黃色網狀線邊緣」，認定駕駛無須負擔暫停禮讓義務，判決撤銷罰單。台南交通局裁決所不服再提上訴，主張「行人就算沒踩在枕木紋上，客觀上也是在過馬路」，強調根據規範目的與交通部函釋，行人行走於行人穿越道「鄰近兩側」，皆屬穿越路口過程，駕駛不能因行人些微違規就解免禮讓義務。高雄高等行政法院高等庭審理後認為，行人是否違反道路交通安全規則，得依相關規定予以處理，不能因此即免除汽車駕駛人依道交條例第44條第2項及道路交通安全規則第103條所負之禮讓義務，判決運將敗訴。    ,https://news.ltn.com.tw/news/society/breakingnews/5585125
出獄6天又犯案！基隆男偷2支手機「孝敬」母  害她被起訴,社會,2026/09/24 16:20,胡姓男子甫出獄6天，不僅毆打與他有毒品債務糾紛的陳男，還偷走陳男掉落隨身包內2支手機，轉手「塞」給母親。基檢偵結將這對母子起訴。（記者林嘉東攝）基隆市胡姓男子甫出獄6天，在路上巧遇與他有毒品債務糾紛的陳男，不僅出拳毆打陳男，還偷走陳男掉落隨身包內2支手機後，轉手「塞」給張姓母親。基隆地檢署今天（24日）偵結，依胡男涉犯傷害罪及竊盜罪起訴，建請法院加重其刑；至於其母張女則因收受贓物，另依涉收受贓物罪起訴。起訴指出，胡姓男子與陳姓男子曾因毒品交易發生債務糾紛。去年9月間，胡剛出獄才6天，騎車搭載余姓友人訪友途中，行經安樂區基金一路某巷口時，撞見陳男站在路旁，隨即下車朝陳男頭部猛揍一拳。陳男遭突如其來的攻擊嚇得拔腿就跑，連隨身包包都顧不得拿。請繼續往下閱讀...胡男見陳男逃離後，將陳男包包內價值約台幣6700元的2支手機偷走，當天下午3時許，便將這2支偷來的手機交給張姓母親。陳男挨打後馬上報警，盼能追回遭竊的手機。警方獲報循線找到胡男與張女。張女解釋，兒子當時就是想賣壞掉的手機給她，想騙她的錢；她有拒絕並要求還給兒子，但兒子一直強塞給她說先放著，她完全不知道手機是偷來的。檢察官調查，胡男有多次竊盜前科，對於手機購買來源與價格均交代不清，加上張女稱，兒子交給她的2支手機，都無法正常使用，胡男不可能向他人購買壞掉的手機再轉賣給張女；張女應能預見手機來源不明，且極可能為犯罪所得贓物，卻仍收受，因此不採信其說詞。基隆調查後認定，胡男涉犯傷害罪及竊盜罪，且胡男出獄才5天，又犯傷害與竊盜罪，5年內故意再犯，屬累犯，建請法院加重其刑；張女則依收受贓物罪嫌起訴。至於未扣案的2支手機，則向法院聲請宣告沒收或追徵其價額。    ,https://news.ltn.com.tw/news/society/breakingnews/5585071
屏東百貨公司美食街  用餐尖峰時間驚傳婦人突倒地失去呼吸心跳送醫,社會,2026/09/24 16:16,屏東百貨美食街婦人昏倒緊急送醫搶救。（記者葉永騫攝）屏東一名年約50、60歲的婦人，今天（24日）中午到百貨公司逛街後在地下一樓美食街上洗手間昏倒，失去呼吸心跳，屏東縣消防局獲報前往現場急救，隨後送往醫院，由於正值中午用餐時間，也讓許多目擊民眾相當震驚。屏東市這家百貨公司的地下一樓美食街是很多屏東民眾用餐的地點，發生的時間大約在中午接近1點，有人發現地下美食街的洗手間有一名白髮蒼蒼的婦人昏倒在地上，前往百貨公司消費的民眾，立即通報消防局，救護人員抵達現場時發現婦人沒有呼吸心跳，就在現場進行CPR，由於現場有許多人在外面用餐，救護人員在洗手間救援吸引了許多人的關注，百貨公司的人員也在現場協助維持秩序，在經過緊急救護後快速將婦人送上救護車前往醫院救治。請繼續往下閱讀...對於婦人昏倒在百貨公司內，現場目擊者議論紛紛，有人最近天氣變化大，可能引起心肌梗塞，也有人猜是心臟問題，希望昏倒的婦人能夠平安無事。屏東百貨美食街婦人昏倒失去呼吸心跳，救護人員緊急搶救。（記者葉永騫攝）婦人昏倒失去呼吸心跳，救護車緊急送醫搶救。（記者葉永騫攝）    ,https://news.ltn.com.tw/news/society/breakingnews/5585010
還沒討債先被告！基隆男擅拆債務人郵件「偷看」 涉妨害秘密起訴,社會,2026/09/24 16:11,劉姓男子替人討債，擅自拆開林姓債務人信箱內郵件觀看，基隆地檢署今依涉犯妨害秘密罪嫌起訴。（記者林嘉東攝）基隆市劉姓男子受託替人討債，為了確定林姓債務人實際居住地，擅自拆開林信箱內郵件後觀看，林男返家發現郵件遭人拆封後報警。警方獲報調閱林男住處附近監視器，循線查出是劉男所為送辦。基隆地檢署今天（24日）偵結，認定劉男涉犯妨害秘密罪「無故開拆他人封緘信函」罪起訴。基隆市警三分局今年1月接獲林姓男子報案稱，他住處一樓信箱內的郵件遭人拆封，擔心家人安危，警方獲報調閱林男住處周邊監視器，循線查出是劉姓男子所為。劉男到案後坦承，他是受Telegram暱稱「小熊」的友人委託，前往林家位於七堵區住處討債，為確定林男實際住處，才拆封林男的郵件。請繼續往下閱讀...警方調查後，將劉男依涉犯妨害秘密罪嫌移送基隆地檢署偵辦。檢方調查時，考量劉在警詢與檢方偵訊均坦承不諱，相關供詞與林男指述相符，並有監視器翻拍照片及檢方勘驗筆錄等事證佐證，犯罪事實明確，依劉男涉犯妨害秘密「無故開拆他人封緘信函」罪嫌起訴，並聲請簡易判決處刑。    ,https://news.ltn.com.tw/news/society/breakingnews/5585025
淡江大橋塗鴉客抓到了！涉及民刑事、公路法 最高罰30萬移送法辦,社會,2026/09/24 16:02,淡江大橋遭亂塗鴉。（公路局提供）淡江大橋遭塗鴉客違規塗鴉、破壞公共設施，交通部公路局今天（24日）說明，北區養護工程分局與新北市政府警察局淡水分局合作全力追查，透過監視器比對及情資搜集，已將塗鴉行為人順利查緝到案，並在今天進場清除油漆塗鴉。公路局說明，針對行為人於公共設施的違法破壞行為，涉及違反公路法、刑法、民法等法律責任，北分局後續將依「公路法」相關規定辦理裁罰，最高罰30萬元；涉及毀損公物等刑事責任，亦將依法移送法辦，並全數追究民事損害賠償與復原費用。請繼續往下閱讀...北分局呼籲，淡江大橋為國家重要交通建設與在地指標性景觀，針對任何破壞公物、違規塗鴉或影響行車安全的行為，除設置監視設備全日監看橋上路況外，也有巡查人員結合警政單位加強巡查排除相關路況及防範違法行為，民眾若發現有破壞公物或違規行為，可即時通報相關單位處理。公路局已將淡江大橋塗鴉清除。（公路局提供）    ,https://news.ltn.com.tw/news/society/breakingnews/5585047
海巡署舉辦廉政短影音競賽  推廣廉潔及法紀教育,社會,2026/09/24 15:58,"海巡署署長張忠龍與廉政短影音競賽獲獎單位主官管，共同推廣廉潔及法紀教育。（記者邱俊福翻攝）海巡署為推廣廉潔及法紀教育，辦理「廉出海巡新高度！攜手Show出政能量」廉政短影音競賽，由各分署將專業倫理與廉政思維融入影片製作，並結合實際案例及勤務情境，發揮創意推出9部影片，並於今日舉行頒獎典禮，由海洋委員會副主任委員兼海巡署署長張忠龍，表揚績優作品及演出人員。海巡署表示，這次短影音製作由海巡人員親自參與腳本發想、拍攝及演出，將嚴肅的法令規範轉化為淺顯易懂、活潑生動的影音內容，並透過鏡頭教導海巡人員如何自我保護及預防危害，宣導主題涵蓋拒絕貪瀆、機密維護、揭弊保護、廉政規範、採購倫理、國安洩密、反滲透及反詐騙等等，透過情境演繹及案例呈現。請繼續往下閱讀...張忠龍則強調，廉潔操守是作為執法人員的根本，也是維持機關長久穩定與成功的基石，而海巡署作為國家執法機關，肩負捍衛海疆重責大任，同時掌理許多機敏業務及重要設施，更應嚴守保密規範與廉潔自律的原則。    ",https://news.ltn.com.tw/news/society/breakingnews/5584971
生死一瞬間！枯木斷裂砸到機車 候車民眾驚險一劫,社會,2026/09/24 15:31,基隆市正信路有大樹幹突斷裂掉落，砸中機車。（記者盧賢秀攝）生死一瞬間！基隆市正信路市政府荒廢宿舍旁枯木，今天上午枯木樹幹砸突斷裂，從4層樓高度砸下來，當場砸爛的1輛機車，旁邊正好是候車亭，候車民眾聽到聲音跳開躲過一劫，幸未造成傷亡。市議員何淑萍和區長陳盈宇趕到現場，已先清除掉落樹幹，將請市府財政處修剪老樹，並整理老舊宿舍環境。基隆區正信路舊宿舍有1棵老樹，今天上午快10點左右，老樹的樹幹然斷裂，約2段3公尺長、直徑約70公分的樹幹，從4層樓高的山坡砸落到地面上，下方就是公車候車亭，1名女子剛好在等公車，聞聲砰的巨聲，趕緊跳開躲過一劫，嚇得一身是汗。請繼續往下閱讀...不過，一旁停在路邊的機車，卻被大樹砸爛，車主說，去年才剛花了15萬元買的新機車，連貸款都還沒還清，就被飛來樹幹砸爛了，心中滿是無奈。信義區市議員何淑萍及信綠里長吳銘達獲報都趕到現場，何淑萍說，候車亭後方擋土牆上方，原本是市府員工宿舍，但舊宿舍已經荒廢至少5年以上，早期這棵樹木又粗又大且筆直，過去常有人會在樹幹綁上紅絲帶，希望帶來好運，搏個好彩頭。但是，現場周邊樹木枝葉茂密，究竟怎麼發生的也搞不清楚。信義區長陳盈宇也趕到現場，掉落路面的樹幹先移除，後續枯木再請市府處理維護，將請財政局修剪老樹，並加強老舊宿舍環境整理，避免意外發生。市府綜發處庶務科長李志揚表示，已聯繫廠商處理，區公所人員也與車主連擊，拖到車行估價，協助後續處理事宜。基隆市正信路有大樹幹突斷裂掉落，砸中機車。（記者盧賢秀攝）基隆市正信路有大樹幹突斷裂掉落，砸中機車，旁邊就是公車亭。（記者盧賢秀攝）    ,https://news.ltn.com.tw/news/society/breakingnews/5584932
左營路口爆糾紛  婦人當街責罵學生影片瘋傳   ,社會,2026/09/24 15:20,婦人攔下騎腳踏車違規學生，不僅不讓他們離開，還指著鼻子大罵。（民眾提供）網友今（24）日在網路社群Threads貼出影音，指一名婦人在高雄市左營區高鐵路、重信路路口，攔住騎腳踏車違規學生不讓離開，還指著鼻子開罵。左營警分局證實確有其事，並表示53歲黃姓男子上前關心，也被婦人罵「沒教養」，黃男暫保留法律告訴。原PO說，今早7時經過高鐵路、重信路路口，該名婦人只要看到有學生騎腳踏車違規，就會攬（攔）住學生不讓離開，然後一直罵，好幾天了，「在附近上班的我，覺得無言」。請繼續往下閱讀...左營分局博愛四路派出所今早7時許獲報處理糾紛案。經了解，53歲黃姓男子行經該處斑馬線時，見一名女子正指責學生騎乘自行車違規，黃男上前關心，卻遭女子以「沒教養」等言語辱罵。警方獲報到場前該女子已離去，黃男表示暫先保留法律告訴，擇期將提出公然侮辱罪嫌告訴，警方後續將積極調閱監視器查明女子身分。另學生騎乘自行車屬慢車，行經行人穿越道未依規定「牽行」而用騎乘通過者，顯有違反道路交通管理處罰條例規定，可處300元以上1200元以下罰鍰。    ,https://news.ltn.com.tw/news/society/breakingnews/5584992
「訂製嬰兒」扯政治獻金？中檢打臉：呂維國是證人、非嫌疑人,社會,2026/09/24 15:13,呂維國婦產科發聲明，強調「謠言止於智者，事實應以司法調查為準」。（擷自呂維國婦產科臉書）「訂製嬰兒」案遭扯上政治獻金，台中地檢署今（24）日嚴正澄清，強調案內婦產科醫生呂維國是以「證人」身分接受傳喚，搜索票上的受搜索人也是「第三人」，並非犯罪嫌疑人或被告，相關傳喚、搜索是為釐清跨境非法代理孕母案情，與外界所指政治獻金無涉。台中地檢署偵辦跨境非法代理孕母案件，有媒體將公開政治獻金資料與司法案件並置，提及呂維國曾捐款給包括總統賴清德等政治人物，引發政治獻金是否與案件金流相關討論，總統府23日也針對相關報導要求釐清更正。請繼續往下閱讀...對此，中檢今天指出，首先強調偵辦期間傳喚呂維國時，身分是「證人」並非被告，法院核發搜索票時，受搜索人身分同樣是「第三人」，並非犯罪嫌疑人或被告，而相關司法行動目的，是釐清本件跨境非法代理孕母案情，與媒體報導所提及政治獻金捐贈情形並無關聯。且媒體從未向該署查證，逕將外部公開之政治獻金資料擷取部分與本案偵查內容拼接、影射兩者具有關聯，與偵辦內容不符，籲請媒體審慎查證，善盡社會責任，切勿以未經查證之內容誤導社會大眾。此外，呂維國婦產科先前也表示，院方6月4日是應檢察官傳喚，以證人身分配合作證，說明後即離開，並稱婦產科並非本案涉案單位，也未參與相關仲介行為，請勿再散布不實謠言，且案件已偵查終結，懇請各界尊重司法調查結果，勿再散布或轉傳將婦產科與該案不當連結的訊息。    ,https://news.ltn.com.tw/news/society/breakingnews/5584850
「藝識流」網紅牙醫出庭話很多！ 當庭佈道、態度輕浮被法官訓斥,社會,2026/09/24 15:04,吳宗儒還押看守所。（記者翁靖祐攝）男子林政宏去年5月參加「藝識流國際身心靈療癒學院」課程，卻因積欠年費及試吃月餅等糾紛，遭創辦人王禹婕及網紅牙醫吳宗儒等人毆打，傷重不治。台北地檢署依傷害致死罪起訴王、吳等4人，台北地院今首度開庭，除「四大護法」之一林承毅認罪外，其餘3名被告均否認犯行；其中吳宗儒庭訊時多次露出笑容、態度輕浮，遭法官當庭訓斥，要求尊重法庭及死者家屬。林承毅透過律師表示，他在偵查階段即已認罪，未來答辯重點僅限於量刑部分。律師並主張，林承毅是受王禹婕指示，以「幫助死者」為由參與相關行為，且案發後遭查緝時全身是傷，甚至有耳膜破裂情形，足見其與死者同屬組織中最基層成員，相關情節也與起訴書記載相符。請繼續往下閱讀...至於王禹婕、吳宗儒及另一名「四大護法」吳紹丞，則均否認犯罪。庭訊期間，吳宗儒除否認犯行外，還長時間陳述自己是在協助死者而非傷害死者，並頻頻談及宇宙、玄學等與案情無直接關聯的內容，發言長達近10分鐘。法官最後打斷其發言，直言：「這裡不是讓你佈道的地方，請律師幫你回答好嗎？」本案另一焦點則是是否採行國民參與審判程序。吳宗儒原先聲請改採一般審理，今日卻改口表示希望由國民法官審理；王禹婕則稱不信任一般審理的公正性，也主張採行國民法官制度。法官表示，本案4名被告的押期已經不多，若要行國民參審制審理時程會相當緊湊，因此要求各辯護人於10月8日前提出調查證據聲請及證據清單，並就檢方聲請調查的證據表示意見，以利後續程序進行。吳宗儒因在整個庭訊過程不時露出笑容、搖頭晃腦，庭訊尾聲時，法官出聲提醒，出言制止並要求其尊重法庭及到場的死者胞兄，並提醒往後開庭應保持適當態度，不宜再有輕浮舉止。本案主嫌王禹婕還押看守所。（記者翁靖祐攝）    ,https://news.ltn.com.tw/news/society/breakingnews/5584953
網爆區長爽領百萬補償挨告！高雄桃源「官告民」爆案外案,社會,2026/09/24 15:01,桃源區現任區長杜司偉。（取自桃源區公所官網）2026九合一選舉倒數，高雄市桃源區長因四強爭霸選情緊繃，煙硝味蔓延至法庭，當地族人「塔斯」因在網路上爆料現任區長杜司偉「氏族土地達19.5公頃、每年爽領百萬禁伐補償」，遭杜司偉控告刑事犯罪；塔斯獲不起訴後，憤而反告區長「濫訴傷名譽」索賠10萬元。橋頭地方法院日前審結，認定區長提告屬正當權利行使，判決族人塔斯敗訴。判決書指出，族人「塔斯」先前在網路開火，痛批「選鄉長從來不是做善事，圖利才是誘因」，並引用區公所公開的分配清冊，加碼爆料區長氏族土地達19.5公頃，「禁伐補償每年百萬以上，10年千萬不用工作」，引發地方官關注。杜司偉認為名譽受損提告刑事，雖南投地檢署最終裁定塔斯不起訴，但塔斯不滿自己為了配合調查在警局、地檢署「來回奔波」，認為區長惡意濫訴，提起民事訴訟索賠。請繼續往下閱讀...不過，橋頭地院法官認為，杜司偉因權益受損提出刑事告訴，屬於依法行使正當權利；不能僅因最終不起訴，就反推區長提告時具有侵權的故意或過失，且塔斯未能提出其他積極證據，因此判決塔斯敗訴。可上訴。地方人士分析，桃源區長戰由現任區長杜司偉、前議員伊斯坦大．貝雅夫．正福、前副主席張志誠及退休公務員陳德福4強割據。杜司偉雖贏得官司，但這起「百萬禁伐補償」戰火勢必成為大選攻防的核心焦點。    ,https://news.ltn.com.tw/news/society/breakingnews/5584956
涉贊助500元旅費拉票 嘉縣村長參選人7萬交保,社會,2026/09/24 14:37,嘉義地檢署。（記者王善嬿攝）首次上稿 12:39更新時間 14:37（法院裁定交保）年底地方公職人員選舉，嘉義縣水上鄉無黨籍賴姓村長參選人涉贊助旅遊費用拉票，檢警調9月23日通知賴男、擔任樁腳的黃姓某宮廟主委及選民共17人到案說明；檢方昨深夜複訊後，認賴、黃涉犯公職人員選舉罷免法犯罪嫌疑重大，向嘉義地方法院聲請羈押，此案是嘉檢查察年底選舉首起聲押案例，嘉院今上午召開羈押庭，裁定賴、黃均以7萬元交保。請繼續往下閱讀...嘉義地檢署接獲線報，黃姓宮廟主委涉嫌為了支持賴男參選村長，今年6月利用宮廟旅遊，以補助每人500元旅費為由，在遊覽車上發放現金，請鄉親投票支持賴男。嘉檢檢察官賴韻羽23日指揮嘉義縣調查站、嘉義縣警察局水上分局通知賴男、黃男及相關選民等17人到案說明，深夜複訊後，認為賴、黃涉犯選罷法交付賄賂罪嫌重大，向嘉院聲請羈押，其餘選民請回。嘉院今上午11點半召開羈押庭，認為雖有羈押原因但無羈押必要，裁定賴、黃2人均7萬元交保。    ,https://news.ltn.com.tw/news/society/breakingnews/5584741
辛苦送瓦斯卻遭偷！ 竊賊開貨車門不到1分鐘偷走7000元,社會,2026/09/24 14:33,新北市板橋中正路一間瓦斯行，傳出遭竊嫌開啟貨車，偷走7000元貨款，業者連忙報案，希望揪出竊嫌。（記者吳仁捷翻攝）警方提供新北市板橋中正路一間瓦斯行，傳出遭竊嫌侵入送瓦斯的貨車內搜刮財物，偷走運送瓦斯的7000餘元現金、及內含證件、提款卡的皮包，黃姓男子不滿長輩外出辛苦送瓦斯卻遭竊，心疼報案，海山警分局獲報，正擴大追查，積極查緝犯嫌到案。據了解，海山警分局新海所23日下午2時許獲報，中正路216巷內一處瓦斯行遭竊，民眾出示監視器畫面，透露母親等長輩外出送瓦斯，返回店內卸貨，不久要查看皮包，卻發現不翼而飛，過濾旁邊夾娃娃機商店監視器，赫見遭一名男子在眾人忙碌之際，趁隙打開副駕駛車門，不到一分鐘得手逃逸。請繼續往下閱讀...海山警分局說，新海所依規定受理，報案人黃男說，家人隨身包放置車內，遭陌生男子竊取，損失現金7000元、身分證件及數張提款卡，經調閱監視器影像，目前已鎖定涉嫌人，將通知其到案說明，以釐清案情。相關連結：商店監視器畫面    ,https://news.ltn.com.tw/news/society/breakingnews/5584896
南港警攜手LINE Bank宣導防詐 逾500民眾熱烈參與,社會,2026/09/24 14:17,台北市警局南港分局上週日特別攜手LINE Bank連線銀行，共同舉辦「識詐、阻詐、防詐」宣導活動。（記者鄭景議翻攝）為了提升民眾識詐與防詐意識，台北市警局南港分局上週日特別攜手LINE Bank連線銀行，共同舉辦「識詐、阻詐、防詐」宣導活動。現場透過闖關遊戲、攤位互動及舞台防詐解析，將常見的詐騙手法與防範觀念融入日常生活，吸引超過500名民眾熱烈參與，展現警銀聯手預防犯罪的行動力。警方指出，這次活動特別規劃多階段互動環節，除了設攤宣導並搭配防詐小遊戲外，警方也登台向民眾深入剖析假投資、假冒親友、網路購物及社群平台等常見詐騙套路；現場民眾在「玩中學、學中防」的輕鬆氛圍下，學習如何識別簡訊、電話及網路訊息中的詐騙徵兆，大幅強化個人防護免疫力。請繼續往下閱讀...南港分局表示，隨著科技演進，詐騙手法持續翻新。民眾若收到要求「立即匯款」、「提供帳戶或驗證碼」或「點擊不明連結」等可疑訊息，務必提高警覺，切記「先停、看、聽」原則，並透過官方指定管道重複查證，絕不輕易交付個人金融資料。南港分局強調，未來將持續與金融機構深化跨界合作，持續推動貼近市民生活的防詐普及教育，攜手打造嚴密防護網。民眾若接獲可疑電話或訊息，可隨時撥打165反詐騙諮詢專線或110報案電話查證，共同守護自身與家人財產安全。    ,https://news.ltn.com.tw/news/society/breakingnews/5584859
​台南市醫診間竄微煙！ 消防出動熱顯像儀確認虛驚,社會,2026/09/24 14:15,診間冒微煙觸發警報，台南市立醫院今午驚傳火警，消防人員趕抵時煙霧已散，經熱顯像儀確認無異常熱源，無人傷亡，虛驚一場。（民眾提供）台南市立醫院門診大樓的二樓診間，今天（24日）中午12點10分突然冒出些微煙霧，雖然迅速消散，卻也讓自動警報器大響，消防人員火速趕抵時煙霧已經散去，經以熱顯像儀確認無明火且無人傷亡，狀況順利排除，虛驚一場。​台南市消防局接獲市醫的火警警報，院方雖然表示門診大樓2樓2218診間出現的煙霧已完全消散，可自行排除問題。但為確保病患與醫護人員安全，消防局不敢大意，隨即派遣3車、5人前往現場察看。請繼續往下閱讀...​搶救人員抵達2樓診間時，確認現場無火煙，再使用手持熱顯像儀仔細掃描，確認無異狀，醫院的機電檢修人員也在場檢查設備狀況；意外狀況平安落幕。    ,https://news.ltn.com.tw/news/society/breakingnews/5584833
258張交通罰單都不繳！雲林女欠39萬 繼承農地遭查封才繳清,社會,2026/09/24 13:59,雲林縣黃女賣掉繼承農地，到執行署嘉義分署繳清欠款。（嘉義分署提供）雲林縣49歲黃姓女子自2023年起連續欠繳汽車燃料費（更名為公路使用養護安全管理費）、使用牌照稅，以及多筆包含行駛公路未依規定繳費、違規停車、未繫安全帶等交通罰單未繳，積欠勞、健保費，累積欠費達39萬元，行政執行署嘉義分署強制執行，查封黃女繼承的斗六市農地，黃女驚覺「事情大條」，提供名下貨車作為查封擔保繳款，請求分署撤銷農地查封，將農地出售後繳清欠費。行政執行署嘉義分署表示，黃女欠繳費用包含公路使用養護安全管理費、使用牌照稅，車輛未投保強制汽車責任險且未在期限內檢驗，還多次未依規定繳交公路通行費，因在禁止臨時停車處違規停車、行車超速、隨意變換車道等違規受罰，交通案件共計258件，欠費累積達20萬餘元，加上勞、健保費18萬餘元，各機關移送執行分署總金額達39萬元。請繼續往下閱讀...黃女欠繳案件自2023年3月起陸續移送嘉義分署執行，嘉義分署調查黃女名下財產，只扣得存款3萬7327元，2023年9月申請分期繳納，但未依約如期繳納，執行人員之後查到黃女繼承斗六市一塊農地，立即函請地政事務所查封登記，黃女2026年8月17日再度申請分期繳納，並提供小貨車查封擔保繳款，請嘉義分署撤銷農地查封，1個月後農地順利賣掉，她將買地所得價金繳清所有積欠費用，嘉義分署撤銷擔保車輛查封。黃女積欠交通規費、罰單等39萬元，出售名下農地還清欠款。（嘉義分署提供）    ,https://news.ltn.com.tw/news/society/breakingnews/5584837
皮卡清晨無剎車撞斷號誌桿   高雄醉漢代價至少3萬起跳,社會,2026/09/24 13:59,皮卡貨車，清晨撞上人行道上的行人號誌桿，車輪歪斜。（讀者提供）清晨驚魂！高雄市楠梓區23日清晨發生一起驚險的自撞車禍。46歲的許姓男子駕駛皮卡貨車，清晨5時許沿著楠梓區右昌街南向北直行，當車輛行駛至德民路與右昌街口時，車頭突然失控偏移，無剎車猛烈撞上人行道上的行人號誌桿，巨大的撞擊力道導致號誌桿當場躺平，所幸當時路過行人稀少，並未造成其他無辜傷亡。轄區楠梓警分局接獲報案後立即派員趕赴現場處理，駕駛許男雖幸運未受傷，但警方在盤查過程中察覺其身上散發酒氣，隨即進行酒精濃度檢測，果不其然發現許男有飲酒情事。許男向警方供稱是因「精神不濟」才會恍神釀禍，但酒駕事實明確，被警方依法逮捕。請繼續往下閱讀...楠梓分局表示，許男酒後駕車的行為已嚴重違反《道路交通管理處罰條例》第35條，將面臨3萬元以上、12萬元以下的重大罰鍰，警方並當場將該部車輛移置保管，同時依法吊扣其駕駛執照及該車牌照；全案在警方訊問後，已依刑法公共危險罪嫌，移送橋頭地檢署偵辦。    ,https://news.ltn.com.tw/news/society/breakingnews/5584855
苗栗南苗市場疑現竊賊 攤商公布監視器畫面示警,社會,2026/09/24 13:53,苗栗市南苗市場，每日採買人潮絡繹不絕。（民眾提供）苗栗市南苗市場每天前往採買人潮絡繹不絕，去年9月曾出現扒竊集團，經苗栗警分局加強便衣肅竊勤務逮捕竊賊，有攤商昨日發現又有竊賊出沒，一名6、70歲男長者，疑進入五金攤商後，將竊得物品塞到袖套內，攤商並將行竊過程監視器公布於threads上，提醒其他攤商及民眾注意防竊，苗栗警分局今（24）日表示，尚未接獲民眾報案，但全案將依竊盜案調查偵辦。1名婦人去年9月前往苗栗市南苗市場採買時，被竊賊扒走1萬8000元，被害婦人除向苗栗警分局報案，其家人並PO臉書社群提醒前往逛市場民眾要特別小心注意；苗栗警分局據報立即針對傳統市場啟動防竊巡守勤務，同時將轄區扒竊慣犯列入重點查緝目標，加強查察，也順利逮捕竊嫌移送法辦。請繼續往下閱讀...在南苗市場販售五金百貨的攤商，昨日將一段監視畫面PO網，發現1名年約6、70歲男長者，進入攤位後，將竊來的剪刀藏於袖套內，攤商損失約100元，攤商還PO文「做菜市場除了可以解鎖各地美食，還能一直解鎖小偷新技能⋯」引發網文議論。經苗栗警分局初步了解，該竊案尚未接獲民眾報案，攤商實際遭竊物品及損失金額也有待被害人報案後才能釐清；惟苗栗警分局據報後，已主動聯繫遭竊攤商，並積極介入，朝竊盜罪嫌調查偵辦。苗栗警分局今（24）日呼籲若發生刑案或可疑人、事、物，應記下特徵及保存相關跡證，並立即打110報案電話，提供線索，讓警方能迅速破案。店家提供疑似竊賊將竊來剪刀，藏於袖套的畫面。（民眾提供）    ,https://news.ltn.com.tw/news/society/breakingnews/5584811
毆妻致死還曬恩愛！鹿港「心機里長」藏監視器恐嚇志工 二審仍判13年,社會,2026/09/24 13:33,案發的土地公廟。（資料照）彰化鹿港鎮山崙里長吳順和，前年與妻子林女到土地公廟準備老人冬至湯圓供餐，因見鍋子乾燒及分工問題暴怒，竟活活將人打死，事後還被控謊稱妻子自摔、藏匿監視器主機及恐嚇志工噤聲，彰化地院國民法官判刑13年，案經上訴，台中高分院今（24）日宣判，駁回上訴，維持原判。這起案件發生在2024年12月20日，吳男與妻子一同前往鹿港土地公廟，協助志工準備老人冬至湯圓，吳男因不滿妻子處理廚房事務，加上看見鍋爐乾燒、怒氣累積，竟徒手毆打妻子頭部，還抓住頭髮猛撞不鏽鋼台車，導致林女身體不適、走路不穩，最後昏躺在廚房旁的躺椅上，吳男離開後又返回現場，發現妻子仍躺在椅上沒有反應，竟沒有立即送醫，仍將妻子連人帶椅用力推向階梯，又延誤約20分鐘才撥打119。請繼續往下閱讀...林女送醫後苦撐42天，最終因頭部外傷、顱內出血引發肺炎及呼吸衰竭死亡，案發後吳男對外營造「愛妻」形象，甚至對外說妻子是走路自摔、頭部腫瘤昏倒，並稱現場沒有監視器，檢警追查後，發現監視器主機竟被他藏在車上，相關影像也成為還原案發經過的重要證據，且案發後志工還曾遭吳男恐嚇，不准對外透露情況。彰化地院國民法官認定，吳男原先毆打妻子時是傷害故意，但後來見妻子已昏躺，仍將她連人帶椅推向堅硬階梯，主觀犯意已提升為殺人不確定故意，依殺人罪判處13年，全案上訴後，台中高分院審理認為，原審判決無違誤，駁回上訴，維持13年。☆民眾如遇同居關係暴力情形，可撥打113保護專線，或向各地方政府家庭暴力防治中心求助。☆    ,https://news.ltn.com.tw/news/society/breakingnews/5584798
討債數百萬殺進店！10餘惡煞刀槍圍攻 開車發狠狂撞人,社會,2026/09/24 13:20,南投竹山有10多名惡煞，凌晨持刀槍殺進藝品店，向店家負責人（右一）催討數百萬元債務。（民眾提供）南投縣竹山鎮日前有10多名黑幫分子殺進藝品店，持刀槍威嚇1名幫人「喬」數百萬元債務的黃姓老闆，眾人不僅亮槍叫囂、圍攻砸店，甚至發狠數度開車衝撞，導致黃某腿部遭撞骨折，竹山警方循線追查，已掌握特定對象，將全力查緝到案。據了解，藝品店黃姓負責人，之前曾幫友人協調數百萬元的債務事宜，原本已經談妥，詎料債主後來卻變卦，日前竟找來10多名幫派分子，在19日凌晨持刀械、槍枝闖入藝品店，當時黃某剛洗完澡，突遭惡煞持刀槍包圍，甚至店內其他友人也被持刀威脅，黃某當時退無可退，最後奮力一搏，趁隙成功奪刀自我防衛，之後雙方不斷持刀叫囂對峙。請繼續往下閱讀...後來黃與對方談判破裂，多名惡煞竟持刀、棍等物品朝藝品店狂砸，黃某不滿也持械反擊，但黑幫仗著人多勢眾，甚至開車數度加速衝撞，導致黃某遭車輛推撞造成腿部骨折，警方獲報趕往現場，惟惡煞早已逃逸無蹤。竹山警方調查，該事件起因為數百萬元的債務糾紛，在南投草屯鎮的幫派分子，為此闖入黃某在竹山開設的藝品店示威，由於10多人持刀砸店行徑囂張，甚至疑似攜帶槍械，目前已掌握特定幫派對象，將全力追緝到案，並釐清槍械來源、是否具殺傷力等，後續也會依妨害秩序、傷害、毀損等罪移送法辦。南投竹山有10多名惡煞，凌晨殺進藝品店討債，過程中甚至亮出槍械。（民眾提供）南投竹山有10多名惡煞持刀槍殺進藝品店討債，過程中不僅砸店威嚇，甚至數度開車衝撞店家負責人（右一）。（民眾提供）    ,https://news.ltn.com.tw/news/society/breakingnews/5584807
金門首波賄選案！鎮代參選人涉現金買票 與樁腳雙雙遭羈押,社會,2026/09/24 13:13,金門地檢署表示，查獲金湖鎮林姓鎮民代表參選人，已將該參選人及王姓樁腳收押禁見。（記者吳正庭攝）金門地檢署今天表示，根據法務部調查局福建省調查處通報，掌握到金湖鎮林姓鎮民代表參選人涉嫌現金買票賄選事證，隨即指派檢察官指揮調查處及金門縣警察局金湖分局組成專案小組，23日持搜索票兵分多路搜索多處地點，並將該參選人及王姓樁腳依涉犯選罷法，向金門地方法院聲押禁見獲准。金門地檢署表示，檢方掌握相當事證後，先將王姓樁腳及選民、證人通知到案，檢察官漏夜偵訊後，認該候選人及王姓樁腳2人均涉犯違反公職人員選舉罷免法第99條第1項投票交付賄賂罪嫌重大，且有相當理由認為有逃亡、勾串共犯、證人及滅證之虞，今天上午向金門地院聲請羈押獲准。請繼續往下閱讀...坊間議論，指該名遭收押林姓鎮民代表參選人為男性，非現任民意代表。金門地檢署嚴正聲明，賄選行為嚴重破壞民主基石與選舉公平，呼籲鄉親展現民主素養，堅持「不買票、不賣票」，若發現疑似賄選情事，請撥打免費檢舉專線：0800-024-099 分機4，檢方已建置嚴密確保檢舉人身分保密措施，民眾可放心檢舉，共同守護金門乾淨選風。    ,https://news.ltn.com.tw/news/society/breakingnews/5584769
「長安1號」貨輪嘉義布袋擱淺 拖船配合漲潮成功救援,社會,2026/09/24 13:02,拖船協助「長安1號」貨輪脫困。（海巡署提供）本國籍「長安1號」貨輪昨天深夜在嘉義縣布袋西方0.4浬處滯留擱淺，影響到澎湖海運宅配台灣本島中秋貨品，海巡署第五巡防區指揮部通報第十三海巡隊調派線上巡防艇馳援，今天清晨7點多配合漲潮，成功由「穩瑞7號」等拖船協助「長安1號」貨輪脫困，安全返回布袋商港泊靠。昨晚11點多，第五巡防區指揮部發現「長安1號」貨輪於布袋西方0.4浬處滯留擱淺，船上有9名船員，無立即危險，通報第十三海巡隊調派線上巡防艇馳援，並請第四岸巡隊布袋商港安檢所實施空中及岸際監控待命，另成立應變中心並通報航政單位共同應處拖救及油污染防治事宜。請繼續往下閱讀...昨天深夜民間拖船嘗試拖救未成功，今天晨間配合漲潮，成功由「穩瑞7號」等拖船於7點4分成功助「長安1號」貨輪順利脫困，並安全返回布袋商港泊靠，人船均安。    ,https://news.ltn.com.tw/news/society/breakingnews/5584782
闖陌生公寓跌落地下室摔斷腿 男開刀赫見腹腔藏3顆子彈,社會,2026/09/24 12:46,陳男摔斷腿送醫，沒想到檢查發現腹腔內有3顆子彈。（記者徐聖倫翻攝）新北市板橋發生一起極其離奇的「吞子彈」案件！31歲陳姓槍砲毒品通緝犯，日前不明原因闖入陌生公寓後跌落地下室摔斷雙腿，送醫急救時，醫師竟赫然發現他的腹腔竟有「3顆子彈」，於是開刀取出。陳男面對警方盤問時，竟狂言表示子彈是自己大約一週前為了「躲避查緝」才吞下肚，荒謬說詞讓辦案人員大感傻眼。​據悉，陳男在板橋區國泰街某公寓攀爬樓梯不慎跌落地下室，雙腿骨折劇痛而在現場大聲呼救，警消獲報趕抵，將他送往亞東醫院救治。不料醫師在進行電腦斷層檢查時，發現陳男腹部有異常金屬異物，緊急安排手術後，竟從其體內取出3顆子彈，院方見狀連忙通報警方到場戒護。請繼續往下閱讀...​警方調查，陳男本身有多項槍砲前科，當天不知何故突然闖入該棟陌生公寓，隨後便發生跌落意外。經鑑識人員檢視，取出的子彈分別為制式子彈、達姆彈及1顆空包彈，底火均無擊發痕跡。面對訊問陳男對答離奇且舉止異常，警方雖懷疑其精神狀況有異，但經查證他並未領有相關身心障礙手冊。​目前警方已派員在醫院對陳男進行全程戒護，除全力追查子彈來源，也將待其傷勢穩定後製作筆錄，本案將依槍砲罪嫌進行偵辦。    ,https://news.ltn.com.tw/news/society/breakingnews/5584754
拚中秋回家團圓！謝典霖父子涉賄遭押 台中高分院今收抗告卷審理,社會,2026/09/24 12:41,彰化縣議會議長謝典霖。（資料照）彰化縣議長謝典霖與父親謝新隆因涉議會餐敘賄選及貪污等案遭羈押禁見，為爭取在中秋節前夕交保返家團圓，已委任律師正式提起抗告，台中高分院今（24）日證實，上午已收到抗告案卷，火速分案交由法官審理，是否能在中秋前獲准交保，仍待裁定結果。本案源於今年6月彰化縣議會一場餐敘，檢方調查後認為，相關活動疑涉及利用議會資源宴請地方人士，並牽涉選舉賄選；檢方進一步追查後，另認謝氏父子等人涉嫌多次詐取公款，涉犯貪污治罪條例等罪嫌。請繼續往下閱讀...彰化地院審理羈押庭時，認定謝典霖、謝新隆對相關共犯、證人具有一定影響力，並有影響證述之虞，因此裁定兩人羈押禁見；謝母鄭汝芬則獲100萬元交保並限制住居。父子21日已提出抗告盼撤銷羈押，最新進度是抗告案卷今天上午正式送抵台中高分院，並已分案由法官審理，由於中秋節就在眼前，謝典霖、謝新隆能否趕在連假前獲准交保返家，仍待法官後續裁定。    ,https://news.ltn.com.tw/news/society/breakingnews/5584755
台南柳營太康休旅車撞腳踏車  93歲老翁OHCA搶救,社會,2026/09/24 12:31,台南柳營太康傳出休旅車撞腳踏車，騎腳踏車的93歲老翁OHCA送醫搶救。（民眾提供）台南市柳營區太康里圓環今（24）日上午發生一起休旅車撞腳踏車的事故，騎腳踏車的93歲老翁翻倒在車下OHCA（到院前心肺功能停止），送柳營奇美醫院搶救中，詳細肇事原因仍待調查釐清。今天上午9點54分，1名女子駕駛休旅車行經柳營太康里圓環時，與騎腳踏車的93歲張姓老翁發生碰撞，張翁當場倒地、倒在休旅車下。請繼續往下閱讀...新營消防分隊與柳營消防分隊獲報後，立即趕往現場搶救，新營消防分隊隊員楊士霆為張翁進行CPR（心肺復甦術）後，送往柳營奇美醫院急救，目前仍在搶救中。張姓老翁為太康人，其兒子每月贊助柳營太康關懷據點2萬元，老翁為人也相當和善，車禍發生後，庄民都很關心。台南柳營太康傳出休旅車撞腳踏車，消防人員當場為93歲老翁進行CPR。（民眾提供）    ,https://news.ltn.com.tw/news/society/breakingnews/5584709
高雄全年5893件亂打119卻「0」裁罰  高市議員林智鴻：該罰就罰,社會,2026/09/24 12:29,全年5893件亂打119卻「0」裁罰？高市議員林智鴻認為亂打電話者該罰就罰。（林智鴻團隊提供）高市議員林智鴻今質詢指出，119救命專線長期遭無效、惡意電話占用，依內政部消防署114年統計，高雄受理未派遣案件達12萬3204件、六都第二多，其中「無故撥打119」5893件、六都第三，執行裁罰竟為0件，要求針對惡意濫用者、該罰就罰。林智鴻表示，高雄市114年度總決算審計報告點名，119報案電話量逐年增加，114年度無效電話平均每天仍約404通，惡意騷擾電話更達2902通，為近5年度最高，甚至出現其他機關利用119專線洽詢公務，排擠民眾報案資源，審計單位已要求持續監測並依法妥處。請繼續往下閱讀...更離譜的是，消防局統計今年上半年「無效撥打119」前八名號碼，合計達2387通，第一名單一市話半年狂打1109通，平均每天約6.1通，一支電話就占前八名總量46.5%。他強調，這已不是偶發誤撥，而是長期、大量占用珍貴救災資源，若沒有跨機關介入，第一線勤務中心只能被動接聽，真正需要救命的電話就可能受到影響。他提醒威脅已不只來自「真人惡作劇」，美國FBI早於2021年示警，TDoS電話阻斷服務攻擊可利用大量電話癱瘓緊急通訊中心，延誤甚至阻斷真正求救電話。林智鴻要求消防局立即組成專案小組，串聯電信業者及警政、社政、衛政單位，追查重複濫用119的源頭，對有心衛需求者介入關懷，對惡意行為人及依法負有管束責任者落實處理、依法裁罰，儘速建立辨識、分流、阻擋及備援等軟體防護策略。    ,https://news.ltn.com.tw/news/society/breakingnews/5584730
高喊「我要見市長」未果 球棒男闖中市府狂砸…延長安置6月,社會,2026/09/24 12:27,市府聯合服務中心桌面擺放電腦遭董男砸毀。（資料照）「我要見市長！」台中市政府今年5月驚傳遭人闖入聯合服務中心砸毀公物，40歲董姓男子事後稱遭國家迫害10年，因未能見到市長才持球棒犯案，台中地院根據鑑定發現他有妄想、幻覺情形，裁定自9月29日起延長暫行安置6個月。這起事件發生在今年5月28日下午，董男手持球棒闖進市府文心樓1樓聯合服務中心，先高喊「我要見市長」，要求會面未果後，突然揮舞球棒朝櫃檯設備猛砸，壓克力板、電腦螢幕、列表機等公物接連遭殃，現場員工與洽公民眾受到驚嚇，所幸未造成人員受傷。請繼續往下閱讀...駐衛警獲報後立即趕抵現場，迅速將董男壓制並依毀損等罪嫌送辦，檢方訊問後認為董男可能因辨識能力降低，且有危害公共安全之虞，聲請法院暫行安置。台中地院審理發現，董男先前曾向市府人員反映遭國家監聽、騷擾，甚至表示若無法見到市長，將到市府滋事，隔天即持球棒到場砸毀辦公設備，董男到庭時也表示，自己遭國家迫害10年，原本是要求見市長，但沒有得到回應，因此才會持球棒到市府。法院另查出，董男案發前半年即出現大量妄想、幻覺，家屬也曾反映他情緒及言行異常，包括自稱有人與他對話、認為自己要參政等情形，考量董男目前缺乏病識感，家人難以有效監督，加上案發前曾多次進出市府，為兼顧其醫療需求及公共安全，裁定自9月29日起延長暫行安置6個月，仍可抗告。    ,https://news.ltn.com.tw/news/society/breakingnews/5584654
「拿5瓶米酒、30盆茶花苗」全是毒咖啡 彰化破夫妻檔販毒集團,社會,2026/09/24 12:24,夫妻聯手販毒，被判8年6月、8年4月徒刑。（資料照，記者顏宏駿攝）桃園一對夫妻承租房屋作為毒品製造、包裝據點，他們用「米酒」、「茶花苗」、「招財貓」作為「毒咖啡包（卡西酮）」、K他命的毒品代號，半年出貨約700包，最後雙雙被逮。先生坦承犯行，但太太辯稱，一直以為先生在調果汁粉，不知道是包裝毒品，此說詞不為法官接受。該案經地方法院審結，法官判處先生8年6月徒刑，太太8年4月徒刑。判決書指出，許男在桃園市一處房屋作為包裝據點，以每公斤9萬元向不詳來源者購入卡西酮、K他命當原料，並購入卡通圖案包裝袋、打包機、封口機、電子磅秤、夾鏈袋、咖啡粉與果汁粉。兩人在租屋處以電子秤定量毒品，放入研磨缽與咖啡粉、果汁粉攪拌均勻後分裝封口，製成毒咖啡包供販賣。因不少貨源銷到彰化，彰化警方循線追查，最後破獲此夫妻檔販毒集團，現場總共扣得2965包毒咖啡包。其中夫妻倆之前賣出共 700包，獲利3萬4750元，另有4萬5000元賒欠。請繼續往下閱讀...許男坦承犯行，但許妻矢口否認犯行，她說，自己一直以為先生在做飲料果汁粉，因為幾次交辦事項，都用「米酒」、「茶花苗」、「招財貓」作為代號，她不知裡面是毒品。法官表示，被告兩人結婚相處8年多，雙方育有一女，先生自述會施用愷他命及毒品咖啡包，太太也自述施用過愷他命，可見太太並非對毒品毫無認識之人，雙方同居共財之情況下，難想像太太從未見過先生施用毒品咖啡包，綜上證據觀之，當可認定太太知悉其所分裝、交付之物品即係毒品咖啡包，兩人均具有犯意聯絡、行為分擔，因此判處先生8年6月徒刑，太太8年4月徒刑。全案仍可上訴。    ,https://news.ltn.com.tw/news/society/breakingnews/5584701
張俊傑棄保潛逃屏東出沒 第14名接應共犯自行到案,社會,2026/09/24 12:15,無黨籍立法委員高金素梅「大帳房」張俊傑棄保潛逃超過半個月，迄今行蹤不明。（資料照）無黨籍立法委員高金素梅「大帳房」張俊傑棄保潛逃超過半個月，迄今行蹤不明，今凌晨3時許，19歲嚴姓男子自行前往新店分局投案，已是本案第14名共犯。據了解，他協助接應張俊傑從台南到屏東逃逸，目前檢警正進一步偵訊釐清。警方調查，張俊傑潛逃到台南一帶之後，近期出現在屏東縣萬丹鄉，該處可以利用台88快速道路及國道3號及台1線及台27線快速移動，檢警研判有可能在尋找偷渡的可能方式，也能可能躲在屏東或台東的山區。請繼續往下閱讀...嚴男今日凌晨在警方的策動下，自行前往新店分局投案。因高金素梅在屏東、台東等原住民部落及民間友人都有往來，檢警不排除張俊傑透過關係藏匿於屏東，目前持續追查釐清張俊傑下落。    ,https://news.ltn.com.tw/news/society/breakingnews/5584688
高雄柴山天黑迷途  登山客手機求救警消尋獲助下山,社會,2026/09/24 12:12,高雄男（中）夜登柴山迷路，警消搜尋90分鐘平安救出。（民眾提供）高雄市闕姓男子於昨（23日）晚登柴山迷路，手機向警、消單位求助，消防局出動2車4人前往救援，搜尋了1個半小時，終於在岩谷亭附近發現闕男，所幸並無大礙，消防人員協助引領下山後。消防局（24）日指出，昨天晚間18時36分接獲1名40多歲男子報案稱，獨自步行在柴山因天色昏暗迷路，目前於靠近中心亭待援，無身體不適，消防局出動2車4人前往救援。請繼續往下閱讀...內惟派出所也於（23）日接獲民眾報案，表示有登山客於柴山一帶迷路，警方獲報後立即派員前往協尋，並通知消防及國家公園警察隊共同處理，最後由消防人員順利尋獲該名登山客，確認人員安全無受傷，並由消防人員協助護送下山。    ,https://news.ltn.com.tw/news/society/breakingnews/5584696
高雄港22號碼頭驚傳婦人落水身亡,社會,2026/09/24 12:08,高雄港22號碼頭今發現女浮屍。（民眾提供）高雄港22號碼頭（高雄軟體科學園區後方）水域今（24）日上午9時許發現有人落水，港警總隊及港消獲報處置，將人救起時婦人已經身亡，警方正釐清死者身分及死因。高雄港警總隊到場時，該落水者身上無相關身分證件，從外觀研判死者年約60至80歲，黑髮，著黃色外套，綠色上衣，黑白色條紋長褲，目視無明顯外傷，後續報請檢察官相驗並調閱現場周邊監視器釐清死因。    ,https://news.ltn.com.tw/news/society/breakingnews/5584690
高雄傳出送「黑鮪魚鬆禮盒」拉票！檢警拂曉搜索14人到案里長參選人30萬交保,社會,2026/09/24 11:42,橋頭地檢署偵辦高雄市某里長候選人涉嫌以「黑鮪魚鬆禮盒」拉票。（資料照）選舉買票花招百出，這次連高檔海鮮也成了行賄工具！橋頭地檢署日前接獲情資，指高雄市某里長候選人涉嫌以「黑鮪魚鬆禮盒」拉票。檢方昨（23）日指揮調查局與警方拂曉出擊，兵分14路大舉搜索，並傳喚候選人及選民共14人到案。檢察官訊後認為陳姓、葉姓兩名樁腳涉嫌重大且有串滅證之虞，向法院聲請羈押禁見；陳姓里長候選人則被諭知30萬元交保。檢警調查發現，涉案的陳姓里長候選人涉嫌於今年8、9月期間，透過其父親及多名主力樁腳，向選區內具有投票權的選民發放物資。令人咋舌的是，這次送的不是常見的白米或沙拉油，而是每盒市價高達300元的精裝黑鮪魚鬆，企圖以此對價關係影響選民投票意願。請繼續往下閱讀...橋頭地檢署由主任檢察官蘇恒毅、檢察官鍾葦怡主辦，昨日見時機成熟，指揮法務部調查局高雄市調查處、刑事局偵八大隊、高雄市警局等前往14處實施大動作搜索，查扣相關賄選證物，並將涉案的候選人、樁腳及選民共14人帶回說明。檢方訊問後，認為陳姓與葉姓樁腳2人違反《公職人員選舉罷免法》第99條第1項「投票行賄罪」嫌疑重大，且因案情仍有疑點待釐清，加上有湮滅證據、勾串共犯及證人之虞，依法向法院聲請羈押禁見。至於關鍵的陳姓里長候選人，檢方雖認定其犯罪嫌疑重大，但考量尚無羈押之必要，裁定30萬元交保候傳；其餘涉案樁腳與選民，則分別被諭知1萬元交保。    ,https://news.ltn.com.tw/news/society/breakingnews/5584650
馬太鞍萬名志工湧災區成調度挑戰 金門消防科長設計AI平台獲獎,社會,2026/09/24 11:39,金門縣消防局長呂英華（左）、副局長陳國瑋（右）嘉勉鳳凰盃設計競賽銅獎得主科長林政宏（中）。（金門縣消防局提供）金門縣消防局今天表示，災害管理科科長林政宏以花蓮馬太鞍事件每日萬名志工湧入光復鄉重災區造成救災管理一大挑戰為例，運用AI等工具，提出「智慧救援-精準調度-防災AI智慧調度平台」，獲第2屆鳳凰盃設計競賽專業概念組銅獎。第2屆「鳳凰盃」消防領域發明設計競賽，是消防署辦理的全國指標性競賽，中華民國消防技術顧問基金會及台灣消防發展與交流協會主辦，中華民國愛與進步消防公益協會及長安國際專利商標事務所協辦，展現公私協力推動消防創新。林政宏獲專業概念組銅獎，是消防局參賽2屆最好的成績。請繼續往下閱讀...縣消防局指出，第2屆競賽區分「社會組」、「專業產品組」、「專業概念組」及「消防裝備創意」提案，包含智慧救護、火場安全管制、消防訓練、AI、無人機及救援裝備等多元領域。全國總計126件作品參賽，第一階段初選淘汰一半，有61件進入第2階段的最終評選，其中專業概念組在初審後，仍有25組入圍，競爭激烈。林政宏說，花蓮馬太鞍事件發生後，災情慘重，但志工熱情令人感動，災後初期每天有約1萬名志工湧入光復鄉重災區協助重建，雖然人數眾多且熱情踴躍，但龐大的災區及大量的志工也造成救災管理的一大挑戰；他因此嘗試運用AI等相關工具，開發智慧調度平台，希望能將每一分資源，化為最有效的助力。局長呂英華說，林政宏獲獎，是繼上屆陳金城「人車無線定位，指揮運籌帷幄」、洪嘉壕「金消e站通」獲產品組優秀獎後，更上一層樓得到銅獎，也再次證明，金門消防局這幾年在防災救護等實作演練屢獲中央獎項肯定，在以「發明X創作X實用」為核心宗旨的全國鳳凰盃消防領域發明設計競賽中也連續獲獎，正足以證明金門打火弟兄允文允武，當面對日益複雜的災害時，也能運用更好的消防模式，減輕防災人員負擔，達到守護縣民生命財產的目標。    ,https://news.ltn.com.tw/news/society/breakingnews/5584628
二審逆轉！被控設局扮黑臉勒索未遂 士林2偵查佐改判無罪,社會,2026/09/24 11:24,高等法院外觀。（資料照）台北市士林警分局時任偵查佐鍾玉杉、賴宥霖，被檢方指控於2020年涉嫌與友人陳弘凱、何姓業餘女模特兒等人合作，「演戲」恫嚇林姓被害人指稱，其要賣的翡翠原石是「貴婦」遭竊的贓物，騙林簽下承諾賠償400萬元的協議書，林事發察覺異狀而報警，未上當付款；一審新北地院依貪污治罪條例之共犯藉勢藉端勒索財物未遂罪，將鍾員判處5年6月徒刑、賴員5年4月，皆褫奪公權3年；二審高等法院今逆轉改判2警無罪。全案仍可上訴。但非公務員的1男2女二審仍維持有罪，主謀陳弘凱一審判刑3年6月，二審改判2年、褫奪公權2年；扮演「假貴婦」的何姓女大生兼職女模，一審判刑1年6月，考量她已全盤認罪，減刑改判1年4月、並予緩刑4年；居間扮白臉的陳弘凱之母黃若淳，一審判刑3年，也因認罪而獲減刑改判1年3月、緩刑4年，2女皆褫奪公權1年。另名男共犯林韋廷，於一審期間過世，新北院已判公訴不受理。請繼續往下閱讀...判決理由尚未公布。新北地檢署起訴指控，被害人林男曾在陳弘凱的新北中和工作室內，以200萬元向林韋廷購買一顆翡翠原石，陳、林得知對方資力頗豐，找來鍾、賴2警策劃設局勒索，由何女假扮翡翠原石失主，2警稱要以持有贓物罪將林法辦，恫嚇勒索賠償金。事發於2020年6月29日，陳男以要介紹貴婦給林姓被害人買翡翠原石為藉口，約林帶著翡翠到工作室，貴婦何女現身後，直指林的翡翠是她先前所失竊，要求林賠償，賴、鍾2員表明警察身分說：「你已涉犯贓物罪，是3年以上的罪，要想辦法處理」、「若不和解，將帶回派出所法辦」。陳母黃若淳則在旁扮白臉協調私了。被害人誤信「貴婦」確實是失主，擔心遭法辦而心生畏懼，同意賠償，當場簽立協議書，承諾同年7月20日支付400萬元，陳母也假裝提供一只手鐲給貴婦保管，擔保林的債務。林事後發覺異樣，報警處理，未付400萬元。涉案5人一審時皆否認犯罪。新北地院判5人皆共犯勒索財物未遂罪，假貴婦何女承認犯罪事實，只爭執共犯貪污罪名，獲得減刑，5人各被判處1年半到5年半徒刑。經上訴，高院今日逆轉改判賴、鍾2警無罪，陳弘凱母子、何女等3人維持有罪，依「非公務員與公務員共犯藉勢藉端勒索財物未遂罪」論處，但皆減刑改判，並給予2女緩刑機會。全案仍可上訴。☆自由時報電子報提醒您，防詐騙專線︰165，報案專線︰110☆    ,https://news.ltn.com.tw/news/society/breakingnews/5584607
國民黨拍「萊爾校長」被控抄襲 檢察官認罪嫌不足不起訴,社會,2026/09/24 11:23,台北地檢署調查後認為，兩者創作核心訴求不同，且爭議的畫面並不構成改作，認定罪嫌不足，予以被告不起訴處分。（記者吳昇儒攝）國民黨新媒體部於大罷免期間推出「萊爾校長」宣傳劇，其中幾段影像，被影集「零日攻擊」製作團隊認定抄襲，提出侵權告訴。台北地檢署調查後認為，兩者創作核心訴求不同，且爭議的畫面並不構成改作，認定罪嫌不足，予以國民黨及新媒體部前主任韋淳祐、前發言人楊智伃不起訴處分。零日攻擊製作團隊與編劇鄭心媚指控，國民黨發表的「萊爾校長」影片中，有多處畫面涉嫌改作或抄襲零日攻擊前導預告片，其中包含「芒草畫面」。因此向警方檢舉，並對國民黨、前新媒體部主任韋淳祐、前發言人楊智伃，提出違反著作權法告訴。請繼續往下閱讀...韋淳祐與楊智伃應訊時則稱，影片中的腳本是兩人共同腦力激盪而來，主要針對執政黨施政與假新聞議題進行創作，採取詼諧政治諷刺手法，而告訴人所稱芒草景象更是利用AI技術生成，兩者色調與情境完全不同。檢察官勘驗雙方影片，並針對告訴人提出的抄襲爭議處細部比對，發現有多處不同，認為影片是屬於國民黨團隊自行拍攝、剪輯、錄音與構思畫面。檢察官調查後認為，兩者拍攝影片的主旨與背景迥異，認定被告犯罪嫌疑不足，予以不起訴處分。    ,https://news.ltn.com.tw/news/society/breakingnews/5584609
蛋洗基隆名人幼兒園被罰3000元！家長質疑：虐童案為何還沒處理？,社會,2026/09/24 10:59,基隆名人幼兒園虐童案，家長不滿市府懲處結果，到幼兒園前丟雞蛋抗議。（資料照）基隆市七堵區名人幼兒園6月爆發多名教保員不當對待多名幼兒的「集體虐童案」，家長在7月初，因為不滿基隆市政府第一階段處懲太輕，前往幼兒園拉白布條抗議。謝姓、陳姓家長因丟雞蛋遭警方送辦，法官依違反社會秩序維護法判罰各3000元。當事人謝文皓今天上午接受電話訪問時指出，對於法院判決，他「願意接受承擔這個後果」，但是對於司法判決動作，他丟雞蛋的這樣小條都判了，為何對於大條的（意指名人幼兒園虐童案）為何還沒有動作。基隆市周姓男子6月發現兒子身上有瘀青，觀看幼兒園錄影畫面，質疑園長和有多名教師虐童。市府7月初公布停招1年、罰款40萬元；但是家長認為處罰過輕，指責市府無能，要求官員下台，前往幼兒園拉白布條抗議，並有人丟雞蛋宣洩不滿。請繼續往下閱讀...民進黨基隆市議員曾怡芳當時第一時間為家長發聲，曾在七堵區服務處開記者會說明，指事發後家長的訴求沒有被正視，沒有被回應，彰顯教育處沒有能力處理重大案件。家長觀看監視器影像，發現遭受不當對待幼兒有20多人，家長等於把孩子送入火坑，內心憤怒無可厚非，希望這個案子可以被重視，還給孩子們一個公道。後續查出多名教保員不當對待多名幼兒，屬「集體虐童案」，市府8月起已廢止設立許可，負責人、教保相關人員都被移送法辦，市長謝國樑也曾為市府處理不夠周全致歉、落淚。教育處長、副處長也都下台負責。    ,https://news.ltn.com.tw/news/society/breakingnews/5584573
跑車變火球！台74線保時捷瞬間陷火海 駕駛乘客驚險逃生,社會,2026/09/24 10:58,消防人員趕抵射水降溫。（民眾提供）台中市西屯區台74線快速道路，23日晚間發生保時捷跑車起火事故，車輛行駛途中突冒火煙，隨即竄出猛烈火舌，車內駕駛與乘客及時逃出，消防隊到場後迅速撲滅火勢，幸無人員受傷，但保時捷跑車已付之一炬，起火原因仍需進一步鑑定釐清。台中市消防局昨晚10時16分接獲報案，指稱一輛保時捷行經台74線136公里、往西屯方向路段時突然起火，車主察覺異狀後趕緊將車停靠路邊，與車內另一名乘客迅速下車逃生，從現場畫面可見，這輛保時捷停在地下道內，車身已被熊熊火焰吞噬，尤其車尾及引擎室一帶火勢猛烈，濃煙不斷竄出。請繼續往下閱讀...消防局勤務中心獲報後，立即派遣水湳分隊2輛消防車、5名消防人員前往搶救，由小隊長葉騰林帶隊，同時通知警方協助現場交通管制，消防人員抵達時，跑車已全面燃燒，車身多處遭烈焰燻黑，部分零組件甚至因高溫受損變形，隨即拉水線灌救，持續朝車體及引擎室射水降溫。火勢約15分鐘後完全撲滅，所幸未釀成人員傷亡，駕駛也是車主表示，車輛行駛途中疑似從引擎室突然起火燃燒，詳細起火原因及確切財物損失，仍待消防火調人員進一步鑑識釐清。保時捷跑車付之一炬。（民眾提供）    ,https://news.ltn.com.tw/news/society/breakingnews/5584551
非法仲介外籍勞工赴豆干廠工作 台男與菲女遭起訴,社會,2026/09/24 10:56,移民署查緝人員查獲豆干工廠的非法外籍勞工。（圖由桃園市專勤隊提供）李姓男子與菲律賓籍M女涉嫌招攬20名菲律賓、印尼籍勞工來台，再安排他們前往桃園市大溪區1處豆干工廠打工，移民署北區事務大隊桃園市專勤隊經過半年佈線，今年2月間逮回李男等人，近日檢方偵結，已依違反就業服務法案件，將李男等人提起公訴；至於非法雇主違反就業服務法部分，則由桃園市政府裁處。桃園市專勤隊去年掌握情資指出，大溪區1處豆干廠負責人曾多次違反就業服務法被調查，為規避調查甚至自行申報工廠廢止登記，卻仍涉嫌透過從事非法仲介的李男與M女，聘僱非法外籍人士製作豆干。請繼續往下閱讀...桃園市專勤隊報請桃園地檢署指揮偵辦，今年2月間時機成熟，收網逮人，專勤隊長蔡政杰表示，豆干工廠周邊架設多部監視設備，為順利逮人，查緝人員利用日出時分，在工廠後方架設梯子橫跨小溪後，讓查緝人員渡溪，迅速進入廠區，讓非法勞工們嚇了一大跳，甚至有人趕忙躲進冰庫或空桶裡，最終仍一一被查獲，共有20名非法滯台的外籍勞工。桃園市專勤隊表示，涉嫌招攬外籍勞工來台並非法仲介工作的李男、M女等人，依違反就業服務法罪嫌移送桃檢偵辦後，檢方近日，已將2人提起公訴。移民署查緝人員利用工廠後方架設梯子橫跨小溪，渡溪進入廠區。（圖由桃園市專勤隊提供）    ,https://news.ltn.com.tw/news/society/breakingnews/5584583
太歲頭上動土！賊闖精舍偷四面佛香油錢  警20小時逮人送辦,社會,2026/09/24 10:52,警方逮獲蘇男送辦。（民眾提供）太歲頭上動土！屏東蘇姓慣竊路過高市鳳山區一處四面佛精舍，竟趁四下無人之際，侵入破壞功德箱，偷走香油錢1萬元，連臉、車牌也不遮，警方20小時逮人，蘇男已花光贓款，警訊後依竊盜罪嫌送辦。高市警方今天表示，鳳山警分局成功派出所前天接獲報案，鳳山區中山東路一間四面佛精舍當晚發現功德箱遭人破壞扳開，箱內1萬元現金不翼而飛。請繼續往下閱讀...警方獲報後立即展開調查，調閱周邊監視器畫面，發現1名男子騎機車停放路邊，徒步進入精舍後，竊取功德箱內現金1萬元，得手後騎車離去，警方以車追人深入調查，鎖定蘇姓男子（48歲）涉有重嫌，昨天將他查緝到案，發現他竟大老遠從屏東騎車到高雄，伺機尋找目標下手行竊。蘇男驚訝警方抓人迅速，他還來不及回屏東就被抓了，警方更亮出相關事證，蘇男見事跡敗露，坦承竊取功德箱內現金，已全數花用殆盡，舉頭三尺有神明，做壞事自食惡果。警訊後將蘇男依竊盜罪嫌送辦，呼籲寺廟、宮壇等場所功德箱常存放香客捐獻現金，應有人看管或以監視器監控，並加強防盜措施及定期清點，若發現可疑人士徘徊或財物遭竊，應立即撥打110報案，由警方到場協助處理。    ,https://news.ltn.com.tw/news/society/breakingnews/5584564
北市翁走斑馬線遭休旅車撞倒、賓士輾過 2駕駛過失致死遭訴,社會,2026/09/24 10:48,肇事的休旅車與賓士車。（資料照，記者姚岳宏翻攝）65歲吳姓男子今年1月21日晚間步行穿越台北市建國高架橋下的馬路時，慘遭同向轉彎的休旅車撞倒，而後方賓士車詹姓駕駛因未注意前方狀況，竟輾過吳男身體，導致他傷重不治身亡。檢察官偵訊後認為，休旅車陳姓駕駛轉彎未禮讓行人、詹姓駕駛未注意車前狀況，導致吳男慘遭輾斃，今依涉犯交通過失致死罪，將兩人起訴。檢警調查，案發當日晚間7時許，48歲的陳姓男子駕駛休旅車從建國高架橋下迴轉道「東轉南」行駛，疑因出現視線死角，未注意行人穿越道上的吳男，直接將他撞倒在地。沒想到後方駕駛賓士車的詹男，未注意車前狀況，輾過吳男，造成全身多處骨折、臟器出血等狀況，送醫搶救後，不治身亡。請繼續往下閱讀...警方第一時間將兩名肇事駕駛帶回偵訊，並進行酒測，確認無酒駕情形，另也針對陳男未禮讓行人部分開出罰單。詢問後，依涉犯交通過失致死罪，將兩人移送法辦。檢察官調閱監視器及相關紀錄發現，兩輛肇事車輛均與吳男死亡有相當因果關係，且現場影像也清楚拍下案發過程，因此認定2名駕駛均涉犯交通過失致死罪，今日依法提起公訴。    ,https://news.ltn.com.tw/news/society/breakingnews/5584556
屏東版房思琪二審逆轉！補名師認錯賠135萬獲女大生原諒改輕判,社會,2026/09/24 10:30,屏果李姓補習班狼師與國中少女大談師生戀還多次嘿咻，二審賠百萬仍得坐牢。示意圖（資料照）屏東某補習班李姓名師，誘騙14歲國中女學生交往並帶往住處與摩鐵性交達9次，一審否認犯行遭重判4年6月；李男上訴二審後改口認罪，並賠償135萬元和解，高雄高分院日前撤銷原判決，改判徒刑2年4月。判決指出，2016年至2018年間，李姓男子在屏東某補習班任教，結識當時國三的少女小琪（化名）。李男竟利用師生情誼進行情感勒索並展開交往。自2017年6月小琪國中畢業典禮當天起，李男便多次將她帶回其高雄住處，或在汽車旅館發生性行為達9次，甚至參加童軍大露營生理期來訪，甚至是高一期中考、休業式當天，李男都不放過。請繼續往下閱讀...這段關係導致小琪身心極度崩潰，高中時期便出現深夜自殘、哭泣與學業下滑等壓力反應。直到小琪成年升上大學後，因接觸到「房思琪」等相關報導，壓抑多年的創傷徹底爆發，出現重度憂鬱與社交退縮，經心理諮商與醫療通報後，整起惡行才終於曝光。高雄地方法院審理時，李男否認犯行，辯稱兩人僅是單純師生，甚至指控是補習班同業惡意唆使抹黑。但法官發現，小琪不僅能精準畫出李男住處格局，連李男腰臀部患有「硬幣大小脂肪瘤」的極私密身體特徵都能清晰描述，並提出兩人過往的錄音與車票紀錄，打臉李男辯詞。一審法官認定李男犯「對於14歲以上未滿16歲之女子為性交罪」共9罪，判徒刑4年6月，李不服上訴，高雄高分院審理時，李男態度大轉變，不僅在法庭上改口坦承犯行，更積極與小琪調解，掏出135萬元賠償。二審法官考量李男是在二審後段才認罪，對節省司法資源的貢獻有限，二度傷害已造成，因此僅給予微幅調整，將原先9罪各判1年2月，調降為各處1年徒刑，合併應執行刑則從一審的4年6月，裁減至2年4月，但不同意緩刑，全案仍可上訴。    ,https://news.ltn.com.tw/news/society/breakingnews/5584536
警方靠1神器警報大響助攻 攔獲騎贓車逾期停留泰女,社會,2026/09/24 10:27,豐城派出所警車上的M-police系統，AI會搜尋並鎖定有問題的車牌。（草屯警方提供）草屯分局豐城派出所巡邏員警在郊區巡邏時，警車上的M-police AI即時車牌辨識系統警報大響，原來系統辨識到1輛重型機車註記為失竊車輛，女騎士見警車靠近調頭穿越馬路逃逸，警方後來攔到盤查，發現女騎士是持觀光簽證逾期停留的泰籍女子，她穿著雨鞋，推測是受雇在農園工作。草屯警方指出，上週1名35歲泰國籍女子，騎著普通重型機車在草屯鎮土城里中正路上，豐城派出所所長郭俊呈及警員簡宏熾巡邏車就開在該機車後方，車上的的M-police AI即時車牌辨識系統，AI系統沿途比對車牌，鎖定該該泰籍女的機車是流當失竊車，警車警報響起，泰籍女突然車頭轉向，穿越道路到對向跑了。請繼續往下閱讀...警車在泰女安全穿過馬路後才追趕上，示意該騎士停下來，該女騎士見無法再逃即下車接受盤查，員警才知她4月持觀光簽證入境，5月中旬簽證到期，從她穿雨鞋和衣著，推測是逾期停留在農園打工賺錢。訊問後將該女依竊盜罪及逾期停留，分別移送南投地方檢察署及移民署南投縣專勤隊偵辦。草屯警分局指出，警政署近年開發建置「M-police即時車牌辨識系統」，經過多次更新及改良，現在利用影像辨識與即時資料比對技術，可主動辨識道路上多部汽、機車車牌，自動比對失竊（贓）車、註銷車牌及疑似偽造車牌等資訊，且馬上警示，不必再由員警逐一查詢及手動輸入。警車鎖定後方失竊流當重型機車。（草屯警方提供）M-police顯示鎖定的機車是流當贓車。（草屯警方提供）逾期停留泰籍女機車調頭準備穿越馬路逃逸。（草屯警方提供）    ,https://news.ltn.com.tw/news/society/breakingnews/5584521
黑白切！8旬翁開BMW撞田中鵝肉攤 疑恍神釀1傷,社會,2026/09/24 10:19,老翁駕BMW轎車撞鵝肉攤。（民眾提供）彰化縣一名82歲謝姓老翁昨（24）日深夜駕駛白色BMW轎車，經田中鎮員集路二段一間知名鵝肉攤，不明原因失控撞飛該鵝肉攤，造成一名女員工受傷送醫，現場一片狼藉。經警方檢測，駕駛無酒精及毒品反應，疑因恍神、精神不濟釀禍，詳細肇因尚待調查釐清。據了解，鵝肉攤當時正在營業，撞擊瞬間發出「轟」的巨響，嚇壞用餐民眾及附近居民，鍋碗瓢盆餐廚用品全都噴出大馬路，附近居民認為又是毒駕，大駡「黑白切」。由於派出所就在附近，警方立即到場處理，對肇事駕駛進行檢測，確認無酒精及毒品反應。請繼續往下閱讀...該名45歲女員工頭部紅腫瘀血、左膝擦傷及多處肢體疼痛，救護人員現場給予清洗傷口、包紮止血後，送往員林基督教醫院救治。    ,https://news.ltn.com.tw/news/society/breakingnews/5584513
3名職業軍人組詐騙團夥  「德州撲克局中局」詐發牌員簽本票,社會,2026/09/24 10:16,3名職業軍人缺錢組詐騙團夥，設局詐賭騙發票員簽50萬元本票。示意圖（民眾提供）高雄一名男子應徵德州撲克發牌員，3名職業軍人利用記號撲克牌與驗光筆演出「抓包詐賭」大戲，強逼發牌員簽下50萬元本票，被法官依詐欺取財罪各判徒刑1年至1年6月。判決指出，蘇姓、劉姓及王姓3位職業軍人（3人均已退伍）與民間林姓好友因缺錢花用，竟合謀編造一套「德州撲克詐賭劇本」，由林男以假意介紹工作為由，邀約不知情的受害者於2024年5月11日凌晨3點前往租屋處擔任發牌員。請繼續往下閱讀...4人在現場拿出事先做好帶有隱形記號的特製撲克牌與驗光筆，表面上熱絡對賭，實則由蘇男扮演「被詐賭的被害人」。賭局進行到一半，蘇男突然暴怒，當場拿出驗光筆照射撲克牌「揭發詐賭」，並拿出預藏的空白本票，強逼在場所有人簽下高額賠償。為了讓被害者信以為真，其餘劉男3人營造「所有玩家均同意賠償」的假象，毫無反抗地配合簽下200萬至400萬元不等的本票，被害人見狀驚恐欲逃離，卻遭蘇男擋住並施以推擠威脅，只好被迫簽下自己本名與地址的50萬元本票。事後，蘇男還押著被害人返回住處，要求他手拿著身分證與本票拍照留存，並夥同討債人員持續逼債。直到被害人的朋友察覺事態有異而報警並居中協調，警方隨即依法展開追查，一舉破獲職業軍人組成的詐騙團夥。高雄地方法院審理時，蘇男坦承犯行，並與被害人達成和解，但王男等2人否認犯案，法官認為，蘇男4人正值青年卻不思正途，造成被害人巨大精神壓力，依三人以上共同詐欺取財罪，分別判處蘇男1年，另宣告緩刑2年、林男1年2月、劉男與王男各1年6月有期徒刑，可上訴。    ,https://news.ltn.com.tw/news/society/breakingnews/5584506
深夜開車丟鞭炮！苗栗2男挨罰 車主「1原因」獲免罰,社會,2026/09/24 10:14,半夜飆車沿街炸鞭炮，苗栗2男遭開罰，車主則因在睡夢中獲免罰。（民眾提供）苗栗縣吳姓男子今年6月中旬深夜駕駛友人轎車行經卓蘭鎮時，坐在副駕駛座的簡姓男子竟點燃具殺傷力的鞭炮，並直接從車窗丟拋至道路上，嚴重危害公共安全。警方獲報後將吳男、簡男及車主謝男依違反社會秩序維護法移送。苗栗地院法官審理後，裁定吳男罰鍰1000元、簡男罰鍰3000元；至於車主謝男則因當時人在家中睡覺，獲裁定不罰。判決書指出，吳男於今年6月13日凌晨0時許，駕駛轎車載著簡男行經卓蘭鎮中正路與仁愛路口時，坐在副駕駛座的簡男突然拿出鞭炮點燃，並從車窗丟向公眾往來的道路上。法官認為，鞭炮點燃後會產生高溫高熱，若接觸人體或物品恐致灼傷或起火，有危害他人身體或財物之虞。請繼續往下閱讀...法官審酌，兩男僅因一時興起便投擲具殺傷力物品，對社會秩序及安寧造成危害，依違反社會秩序維護法第63條第1項第4款規定，考量兩人分工與情節，裁定動手扔鞭炮的簡男罰鍰3000元，駕駛吳男則裁定罰鍰1000元。此外，警方原本將謝姓車主一併移送，謝男表示案發當時人在家中睡覺，接獲通知才知道車子被吳男開走。法官勘驗監視器畫面，僅能認定鞭炮是從副駕駛座拋出，無證據證明謝男有參與或犯意聯絡，因此裁定謝男不罰。    ,https://news.ltn.com.tw/news/society/breakingnews/5584511
國慶活動搭設工程啟動   凱道9/25至10/12分階段交管,社會,2026/09/24 09:43,凱達格蘭大道辦理LED主題視訊牆架設及牌樓搭建（一作業示意圖。（記者劉慶侯翻攝）註：警是供為配合今（115）年10月10日國慶大會活動，9月25日（週五）22時起至10月12日（週一）6時止，將於中正區凱達格蘭大道辦理LED主題視訊牆架設及牌樓搭建（拆除）作業，北市警中正一分局屆時將進行交通疏導管制措施。北市警局表示，有關周邊道路實施車輛管制時段及範圍為：請繼續往下閱讀...一、9月25日（週五）22時至24時為LED主題視訊牆架設作業（第一階段），管制凱達格蘭大道【重慶南路至懷寧街（均不含）】東、西雙向內側各3線車道（外側各2線車道維持通行）。二、9月26日（週六）0時至10月11日（週日）6時為LED主題視訊牆架設作業（第二階段），管制凱達格蘭大道【重慶南路至懷寧街（均不含）】東、西雙向全線車道，另擴大管制懷寧街【寶慶路至凱道（均不含）】北往南方向。三、9月25日（週五）22時至9月26日（週六）7時、9月26日至9月27日（週日）7時進行牌樓搭建，管制凱達格蘭大道【公園路至中山南路（均不含）】東、西雙向全線車道。四、10月11日（週日）20時至10月12日（週一）6時，進行牌樓拆除，管制凱達格蘭大道【公園路至中山南路（均不含）】東、西雙向全線車道。中正第一分局表示，民眾可提前於重慶南路、公園路、中山南路改道行駛貴陽街、寶慶路、襄陽路等路段，前揭各項活動交通管制訊息將隨時提供警察廣播電臺插播路況報導，請駕駛人隨時留意收聽。此外，因應活動交通管制措施，管制時間內行經相關路段之各路線公車，由北市公共運輸處協調公車業者配合改道行駛，民眾如欲查詢公車改道路線，請電洽臺北市公共運輸處02-27274168（該處查詢網站http://www.pto.gov.taipei/）或各站牌公車調度站查詢相關資訊。凱達格蘭大道辦理LED主題視訊牆架設及牌樓搭建（二）作業示意圖。（記者劉慶侯翻攝）註：警是供    ,https://news.ltn.com.tw/news/society/breakingnews/5584484
不爽幼兒園虐兒！ 父與乾爹蛋洗大門 法官開罰理由曝光,社會,2026/09/24 09:34,陳男與謝男7月蛋洗幼兒園，法院認定，2人行為已逾越社會大眾容許的合理範圍，依違反社會秩序維護法，裁罰2人各台幣3000元。（檔案照）基隆市七堵區一家私立幼兒園爆發教保員不當管教，多位男童被教保員拉扯、拖拽、踢踹、呼巴掌，遭虐兒童父親、友人7月間前往幼兒園拉布條、丟擲雞蛋抗議。警方獲報蒐證後，將受虐兒童的謝姓父親與兒童的陳姓乾爹，依違反社會秩序維護法送辦。基隆地院認定，2人行為已逾越社會大眾容許的合理範圍，依違反社會秩序維護法，裁罰2人各台幣3000元。裁定指出，陳男與謝男因幼兒園虐童疑雲積怨已久，今年7月4日上午9時20分許，前往基隆市七堵區幼兒園大門前，拿出預先準備好的雞蛋朝幼兒園大門口丟擲。現場蛋汁橫流，造成幼兒園環境嚴重污損，事後園方報警提告。基隆市警三分局接獲報案蒐證調查後，將陳、謝2人依違反社會秩序維護法函送基隆地方法院審理。請繼續往下閱讀...法官指出，憲法雖保障人民之言論與請願自由，但行使權利仍須符合比例原則，不得踰越必要程度。陳、謝雖辯稱是因為幼童遭虐待才去理論，然而幼兒園與教師若有違法情事，應透過法律途徑尋求損害賠償或救濟。法官強調，雞蛋本為供人食用之物，被拿來丟擲，非一般社會大眾正常利用行為，不僅無益於紛爭解決，更造成環境污染且難以清理，純屬發洩內心憤怒之舉；陳男、謝男蛋洗幼兒園的行為已逾越一般社會大眾所能容許的合理範圍，干擾幼兒園安寧秩序，已構成社會秩序維護法第「藉端滋擾公司行號」行為，但考量2人在警詢時均坦承犯行，裁定各處以新臺幣3000元罰鍰；可抗告。陳男與謝男7月蛋洗幼兒園，法院認定，2人行為已逾越社會大眾容許的合理範圍，依違反社會秩序維護法，裁罰2人各台幣3000元。（檔案照）    ,https://news.ltn.com.tw/news/society/breakingnews/5584467
路邊停車遇魔王關卡！阿北「果斷放棄」開溜 漏這一步慘了,社會,2026/09/24 09:33,江翁路邊停車未果，撞倒前方機車後逕自離去。（民眾提供）路邊停車向來是許多駕駛的魔王關卡，台中市一名76歲老翁近日在南區路邊停車時，因角度抓不好連續嘗試，最後仍不慎撞倒前方機車，他雖立即下車扶起，並果斷放棄停車直接離去，卻忘了留在現場報警處理，結果隨即被揪出，反遭警方依肇逃舉發。29歲顏姓女子前天將機車停在南區仁德街路邊停車格內，前往附近辦事，不料半小時後返回，原本停得好好的機車居然整輛「大位移」，右側車身及後照鏡滿是刺眼刮痕，連掛在車上的安全帽也重摔受損，由於現場毫無聯絡資訊，顏女只能無奈報警求助。請繼續往下閱讀...第三分局交通分隊警員江世仁獲報後迅速展開調查，透過監視器畫面發現，事發當時一輛銀色轎車試圖駛入機車旁空位，只見車輛來回多次調整角度，卻始終抓不準距離，就在硬擠過程中，車身撞倒顏女機車倒地，駕駛發現卡關後，索性「果斷放棄」駛離現場另覓車位。警方循線比對，不到1小時便鎖定肇事車輛，通知76歲江姓老翁到案說明，江翁坦言當時確實停不進去，撞倒機車後以為無大礙便直接離開，對未依規定處置所衍生的法律責任，相當懊悔，顏女則對警方迅速查明事故經過，表示感謝。警方提醒，汽車駕駛人駕駛汽車肇事，無人受傷或死亡未依規定處置者，處1000元以上3000元以下罰鍰；逃逸者並吊扣駕駛執照1個月至3個月，民眾若不慎發生交通事故，務必留在現場並撥打110報警處理，切勿因車損不知如何處理、認為損害不嚴重等理由擅自離開。顏女的機車受損。（民眾提供）    ,https://news.ltn.com.tw/news/society/breakingnews/5584459
富邦業務員被砍案傳有「獵殺名單」？中山分局澄清：尚無具體事證,社會,2026/09/24 09:28,"台北市警局中山分局。（記者邱俊福翻攝）台北市中山區的富邦人壽辦公室，本月21日發生洪姓業務員遭黃姓男子持刀攻擊案，針對有媒體稱黃嫌疑有「獵殺名單」、「第二目標」等内容，台北市警中山分局今天特別加以澄清，強調經目前查證，尚無具體事證足資證實。中山分局表示，偵辦過程中，查知黃嫌過往曾分別與洪姓被害人及一名前同事有訴訟糾紛，經進一步查證，該名前同事相關訴訟案件均已和解並完成賠償，事後雙方亦未再有聯繫。請繼續往下閱讀...因此，對部分媒體報導所稱犯嫌疑有「獵殺名單」、「第二目標」等，內容顯有所出入。富邦人壽位於台北市中山區建國北路的建北大樓九樓通訊處，本月21日發生黃姓男子預謀攜帶3把水果刀，在辦公室外會客區埋伏約3小時後，尾隨洪姓業務員進入廁所展開攻擊，雙方爆發扭打，造成2人身上皆有多處刀傷，傷勢嚴重，送醫搶救，目前都在加護病房治療中。    ",https://news.ltn.com.tw/news/society/breakingnews/5584462
「拍現在的給我」男持裸照恐嚇女同學 賠5萬仍遭判刑4月,社會,2026/09/24 09:26,嘉義地方法院。（資料照）南投縣張姓男子就讀國中時曾與一名女同學發生糾紛，不料畢業多年遭女同學指控，透過IG、微信等社群軟體傳訊息以手握其裸體照片，恐嚇女同學拍攝現在的裸照給他，女同學嚇得連忙報警，警方循線將張男查獲移送嘉義地檢署被起訴。嘉義地方法院近日判決，張男犯恐嚇使他人自行攝錄性影像未遂罪，處有期徒刑4月。警方調查，張男因就學時與該名女同學曾發生糾紛，2025年7月，透過IG、微信傳訊息「我有你的裸體照片」、「拍現在的你給我看」、「如果你能接受我的條件我可以幫你刪掉」等訊息，該名女同學收到訊息後心生恐懼，未按指示拍攝性影像並報警，今年元月警方持搜索票到張男住處搜索，將他移送法辦。請繼續往下閱讀...警詢時張男否認犯行，嘉義地方法院開庭審理改口坦承犯行，並與女同學以賠償5萬元調解成立，嘉院法官審酌張男因與女同學曾有糾紛而犯案，以揚言散布女同學性影像方式，要求女同學拍攝性影像，所幸未得逞，依恐嚇使他人自行攝錄性影像未遂罪判刑4月。    ,https://news.ltn.com.tw/news/society/breakingnews/5584456
懸賞百萬的張俊傑現身屏東  檢警防範偷渡出境,社會,2026/09/24 09:10,張俊傑曾出現在屏東這條路上。（記者葉永騫攝）無黨籍立法委員高金素梅「大帳房」張俊傑棄保潛逃超過半個月，近日行蹤出現在屏東縣萬丹鄉，並且有人接應，由於不管是通往東港、恆春等漁港相當方便，被認為正在尋求偷渡的可能性，或者可以前往屏東山區及台東地方躲藏，因此檢警方已加強追緝，防範張俊傑偷渡出境。迄今行蹤不明的張俊傑，警政署懸賞百萬元檢舉獎金，檢警專案小組持續搜捕，張俊傑一路往南都有人接應，曾在台南、高雄不斷的變換位置及交通工具，懷疑有組織性的協助其逃亡，而交通工具多利用權利車，讓警方追查往往出現斷點，找到車主也沒用，權利車使用人更是一轉再轉，增加專案小組追查的困難度。請繼續往下閱讀...最近張俊傑更是出現在屏東縣萬丹鄉，該處可以利用台88快速道路及國道3號及台1線及台27線快速移動，不管是前往東港、恆春等漁港都可以很快速的抵達，而往台東或屏東山區也沒有問題，因此研判有可能在尋找偷渡的可能方式，也能很容易躲在屏東或台東的山區。據了解，高金素梅不管在屏東、台東等原住民部落及民間友人都有長期往來，熟人不少，張俊傑是否伺機躲藏在高屏地區，檢警專案小組正在追查中。潛逃的張俊傑懸賞百萬元。（本報資料）    ,https://news.ltn.com.tw/news/society/breakingnews/5584447
遊東歐險被丟包 旅行社老闆涉偽造匯款單起訴 被害人控有詐騙行為,社會,2026/09/24 09:04,嘉義沈姓醫師代墊付5萬8830歐元的證據。（圖由沈醫師提供）嘉義沈姓醫師等27人2024年9月參加壯遊旅行社的克羅埃西亞、奧地利13日之旅，因旅行社僅付訂金給當地旅行社，致整團在克羅埃西亞被要求付款險些被「丟包」，經沈醫師墊付台幣208萬元才能繼續行程，引發軒然大波。台北地檢署23日偵結，以施姓旅行社負責人主觀上沒有詐欺意圖，依偽造文書罪起訴。正在德國法蘭克福進修的沈姓醫師越洋受訪指出，認為該旅行社從一開始就有詐騙的做法，因為該團有11人訂來回要價6萬8000元的豪華經濟艙，到機場才發現被改為3萬元的經濟艙，就是證明。另外，他2024年7月透過壯遊旅行社向華航訂2025年4月直飛德國法蘭克福的商務艙來回機票兩張，每張16萬2000元，付了32萬4000元，也在訂位成功後被旅行社拉掉，到現在都沒有處理。請繼續往下閱讀...沈姓醫師說，法蘭克福的商務艙來回機票兩張被坑32萬4000元也有一併提告詐騙機票款，但沒有開庭，包括這次僅起訴偽造文書罪，等回台灣再和委任律師討論。這件旅遊驚魂記的事由為壯遊旅行社承辦的克羅埃西亞、奧地利13日之旅，該團2024年9月下旬登機前就發生豪經艙被換掉成經濟艙不愉快事件，也讓這趟快樂出遊蒙上陰影。結果因壯遊旅行社未付款給當地旅行社（俗稱地接社）致團員被留置，團員沈姓醫師挺身刷卡墊付5萬8830歐元（當時匯率計算逾台幣208萬元）才能繼續行程。    ,https://news.ltn.com.tw/news/society/breakingnews/5584432
「網友堂妹」高階手機便宜賣？男遭美女圖沖昏頭險噴6萬,社會,2026/09/24 08:57,「網友堂妹」高階手機便宜賣？男遭美女圖沖昏頭險噴6萬，幸員警阻詐。（警方提供）「我網友的堂妹有高階手機要賣，只要匯6萬就好！」彰化市一名男子與女網友認識後，對方稱有手機要賣且還可見上一面，便興沖沖前往銀行準備匯款，以為撿到大便宜，所幸行員關懷察覺異狀，火速通報警方，員警耐心拆解稱「手機賣6萬元哪裡叫便宜賣？」分明是男子被美女圖沖昏頭，耐心拆解詐騙話術，成功挽救男子的6萬元。彰化警分局今天（24日）指出，男子在網路上結識一名素未謀面的女網友，對方聲稱「堂妹剛好有高階手機要拋售，只賣6萬元」，且還可以與男子見面。男子不疑有他，在完全沒看過實體商品、不清楚規格與來源，甚至連收款人身分都一無所知的情況下，就急著衝向銀行匯款。請繼續往下閱讀...員警直言，「沒見過面、連親戚身分都無法驗證，這是典型的假買賣詐騙！」且更誇張的是，就算是高階手機，賣到6萬元也啟人疑竇，根本是男子被美女圖給沖昏頭。警方強調，詐騙集團最常利用「親戚有便宜貨」、「朋友工廠直營」等話術套近乎，誘使民眾卸下心防，再要求「私下匯款」避開平台監管。經警方拿出多起相似案例耐心地苦口婆心勸說，男子才恍然大悟，驚覺自己差點成了被宰的肥羊，當場決定取消匯款。警方提醒，網路購物陷阱多，面對陌生網友介紹的優惠商品，切勿因為多了「朋友的親戚」一層關係就降低戒心。購買高價3C產品務必選擇具備第三方支付或交易保障機制的合法平台，絕不可私下轉帳。☆自由時報電子報提醒您，防詐騙專線︰165，報案專線︰110☆    ,https://news.ltn.com.tw/news/society/breakingnews/5584425
雲林休旅車酒駕撞飛電輔車！82歲老翁噴飛卡車底死亡,社會,2026/09/24 08:40,雲林林內鄉24日凌晨1點多發生死亡車禍，騎乘電動輔助車輛的老翁遭休旅車撞擊噴飛卡在民宅前停放的休旅車底，雲林縣消防局人員前往搶救。（圖由民眾提供）酒駕肇事！雲林林內鄉今（24）日凌晨1點多發生一起死亡車禍，一輛休旅車高速撞上電動輔助車，撞擊猛烈，電動輔助車連人帶車噴飛，休旅車也冒出火花，距離撞擊點約百公尺才停住，事故造成電輔車駕駛82歲張姓老翁當場死亡，休旅車駕駛酒測值達0.61，事故原因由斗六警分局調查釐清中。事故發生在林內鄉中正路，80多歲老翁騎著電動輔助車行駛至事故地點，遭27歲蕭姓男子駕駛的休旅車撞擊，老翁與電輔車噴飛數公尺，老翁整個人衝進路旁民宅前停放的休旅車底卡住，肇事的休旅車衝至百公尺左右才停住，整輛車冒煙。請繼續往下閱讀...雲林縣消防局獲報，指林內中正路有休旅車冒煙，派遣人車前往搶救，抵達現場發現路上休旅車冒煙、路旁另一輛車下有人卡住，滅火後，以破壞器材及把車輛墊高將老翁救出，已無生命跡象。因撞擊力道猛烈，老翁騎乘的電輔車扭曲變形、蕭姓男子駕駛的休旅車車頭損壞嚴重，老翁人卡在路旁車底，頭顱破裂、身體多處骨折，右腳卡在離數公尺變形的電輔車上，當場死亡，蕭姓駕駛沒有受傷。初步了解，蕭姓駕駛酒測值達0.61，全案依過失致死、公共危險罪嫌移送法辦，事故原因由警方釐清調查中。警方呼籲，汽機車駕駛人應遵守交通規則，酒後不開車，開車不喝酒。☆飲酒過量  有害健康  禁止酒駕☆    ,https://news.ltn.com.tw/news/society/breakingnews/5584407
比丘在火車上癱軟倒地錯過車站   鐵警即刻救援,社會,2026/09/24 08:02,比丘在火車上癱軟倒地錯過車站，鐵路警察高雄分局嘉義所員警即刻救援。（鐵警高雄分局提供）1名比丘不明原因癱軟倒臥在自強號上、下不了車錯過車站，鐵路警察獲報趕往現場協助緊急送醫，過程中注意到比丘似乎快握不住手機，立刻接住手機、即時聯繫到家人到醫院照料。鐵路警察局高雄分局說明，嘉義派出所副所長許崇誠、警員段怡如執行台鐵嘉義車站月台守望勤務，前日下午17時30分接獲旅客告知，進站自強號列車8車玄關處有旅客昏倒在通道，兩人立即前往查看，發現1名比丘倒臥在列車地板，趕緊將比丘帶出車廂、攙扶至月台座椅休息。請繼續往下閱讀...比丘告訴警方，自桃園搭車南下要到斗六站下車，不知為何突然全身無力、接著就癱軟倒在車廂玄關，結果錯過下車車站，直到嘉義才被其他旅客發現、通報員警處理。警方第一時間通報119消防人員協助送醫，過程中注意到比丘似乎無法握持手上的手機，趕緊出手接住手機，並依循手機資料、協助聯繫上比丘的女兒；女兒在電話那頭獲知後，立即從台中驅車趕往醫院照料，也頻頻感謝警方即時救援。警方提醒民眾在搭乘大眾運輸（火車、捷運或公車）時如果突然感到身體不適，請儘量保持冷靜、並立刻採取減緩症狀的措施，且應儘快請身旁旅客代為通報列車人員、或撥打119尋求協助。比丘在火車上癱軟倒地錯過車站，鐵警高雄分局嘉義所員警即刻救援。（鐵警提供）    ,https://news.ltn.com.tw/news/society/breakingnews/5584389
A倒別人機車扶起肇逃開罰  法院勘驗「關鍵影像」逆轉撤單,社會,2026/09/24 07:49,這起判決為機車族釐清了「肇事逃逸」的行政罰要件。示意圖，與新聞無關。（資料照）停機車不慎擦撞隔壁車輛，扶起確認沒事後離開，算不算肇事逃逸？高雄一名邵姓女子停車時不慎碰倒旁車，她隨即請路人協助扶起，目視確認無傷後離去。事後卻遭檢舉「肇事無人受傷逃逸」，面臨3000元罰鍰與吊扣駕照處分。邵女不服提起行政訴訟，高雄高等行政法院法官勘驗關鍵影像後，發現被撞車輛全然無傷，認定邵女無肇逃主觀意圖，判決撤銷原處分。邵女主張，案發當天她停放普通重型機車時，不慎碰倒隔壁車輛，扶起後見其未受損才離開，絕無肇逃惡意，事後也委請保險公司處理。裁決機關則反駁，監視器證實邵女知悉碰撞，卻未報警或留聯絡方式便離去，違規事實明確。請繼續往下閱讀...然而，法官當庭勘驗路口監視器及警方採證照片發現，被撞車主雖指稱排氣管與左手把受損，但員警近距離拍攝的特寫畫面中，卻「全然未見刮痕或明顯凹陷」。法院審理認定，邵女案發後立刻扶起車輛，展現積極處理態度。既然車輛在外觀上毫無明顯損傷，便難以認定邵女在主觀上明知有財損還刻意逃逸，在不具備行政罰主觀故意或過失的要件下，判決原處分撤銷。可上訴。    ,https://news.ltn.com.tw/news/society/breakingnews/5584380
高雄住宅凌晨火警 消防緊急救出4人,社會,2026/09/24 06:54,高雄住宅火警，消防緊急救出4人。（民眾提供）高雄市苓雅區自強三路今（24）日凌晨0時36分許驚傳火警，消防局出動14車38人趕往灌救，火警現場是3樓民宅，頂樓還有鐵皮加蓋，警消救出受困的3女1男。警消人員獲報趕到時，發現頂樓竄出火舌、濃煙，緊急佈線搶救，據報，屋內一度有人員受困，均順利搶救出來，0時56分撲滅。請繼續往下閱讀...其中有2名行動不方便的長輩，所幸屋內設有樓梯升降電動椅，順利搶救脫困，幸未受傷虛驚一場，火警原因還待調查釐清，目前朝向是否因電線走火部分清查。    ,https://news.ltn.com.tw/news/society/breakingnews/5584358
這算霸凌？長官傳「上兔下謝」貼圖 部屬提告公然侮辱,社會,2026/09/24 06:17,軍中長官在LINE群組回傳兔子貼圖表示謝謝，士官部屬怒控「上兔下謝」諧音「上吐下瀉」，自認受到霸凌與公然侮辱因此提告。（記者王捷攝）用貼圖回謝謝，表達感謝的兔子貼圖，竟演變成公然侮辱官司。士官因收到長官在LINE群組傳送「上兔下謝」貼圖，認為對方利用諧音諷刺他「上吐下瀉」，自認遭受職場霸凌、公然侮辱而向警方報案，警方受理後依法函送台南地檢署偵辦。據了解，該名士官在通訊軟體的公務群組回報工作事項，長官隨即回傳一張兔子造型且帶有「謝」字樣的貼圖。士官檢視後認為，雖然貼圖是兔子圖案，但有文字是「上兔下謝」，音同「上吐下瀉」，認定長官是在公開群組侮辱他，讓他感覺到職場霸凌，因此收集截圖向警方提告。請繼續往下閱讀...面對部屬提告，長官認為傳送貼圖純粹是回應、體恤下屬處理業務的辛勞，自己傳送時毫無任何惡意或嘲諷企圖，更未曾聯想到「上吐下瀉」等負面意涵，認為對方的解讀實在過於牽強與多慮。檢視前後文發現，雙方言談均圍繞公務事項交辦與答覆，語氣平和，並無任何激烈爭執或辱罵字眼。警方表示，由於士官堅持提告，員警依法完成筆錄程序，因偵查不公開無法說明案情，但訊後函送台南地檢署偵辦，後續將由檢察官進一步釐清犯意與法律責任。    ,https://news.ltn.com.tw/news/society/breakingnews/5584344
年吞長者1200萬 北市府女社工收押 任職期間侵占受監護者財產 江羿潔認罪,社會,2026/09/24 05:30,台北市社會局社工督導江羿潔坦承犯行，北院裁定收押禁見。（記者劉詠韻攝）台北市社會局卅八歲女社工江羿潔涉嫌利用職務之便，暗中侵吞五名受監護宣告長者的財產，總金額逾一二〇〇萬元，江女遭拘提到案後承認犯行，檢方認定她涉犯貪污重罪且有逃亡之虞，向台北地方法院聲請羈押禁見獲准。支付安置費用 超領中飽私囊檢警追查，江女自二〇二四年起在台北市社會局老人福利科任職，負責文山區受監護宣告長者的安置及財產管理。由於這些長者多因心智缺陷無法自理財務，江女藉由保管存摺及印章的機會，在替長者支付安置機構費用時以少報多，將超領的差額中飽私囊，目前掌握至少五名長者受害。請繼續往下閱讀...直到江女今年六月底轉任新北市政府，社會局辦理業務交接與清點個案財產時，才發現款項異常，報警處理。檢警搜索江女住處時，查扣香奈兒、LV、愛馬仕等十餘個名牌包及腕錶、戒指等精品，粗估總價破百萬元；江女於偵訊中承認犯行，北院昨下午裁定羈押禁見。交接才發現 社會局避重就輕這起長達一年多的侵占案，讓外界對社會局的內控機制產生諸多質疑，包括平時如何替受監護長者管理財產、多久查一次帳、提款需要幾層核章、存摺與印章是否分開保管，以及主管到底如何覆核等。為何五個長者的錢可以被輕易侵吞超過一二〇〇萬元，直到承辦人離職交接才被發現。北市社會局面對連番詢問，皆以涉及個案資訊、恐遭法院函文關切為由，僅稱不便透露，未進一步說明；事實上，行政流程與內控制度不在偵查不公開範圍內，社會局避重就輕的態度，讓整起爭議持續擴大。    ,https://news.ltn.com.tw/news/society/paper/1771880
中油桃煉廠經理 接受業者「供養」十年,社會,2026/09/24 05:30,台灣中油桃園煉油廠五十一歲李姓經理利用職務之便，涉嫌接受業者長期「供養」，被桃園地檢署依貪污治罪條例起訴。（資料照）台灣中油桃園煉油廠五十一歲李姓經理利用職務之便，涉嫌接受業者長期「供養」，並護航履約及驗收，從國內外旅遊、餐飲、高價水果，到百萬名車的卅萬元訂金皆由業者買單。桃園地檢署依貪污治罪條例起訴李男及六十四歲郭姓、五十三歲陳姓業者。起訴指出，李男原在桃煉廠三組重油轉化處理工場擔任工場長，去年升任三組經理，負責所轄區域發包工程的現場指揮協調，並有提出、制定、審核採購需求及驗收等權限。郭姓、陳姓業者為求李男在其得標後的履約期間及驗收時不刁難，並希望日後能持續得標桃煉廠採購案，自二〇一六年至今年四月間，陸續招待李男國內外旅遊、餐敘，並贈送高價水果等。請繼續往下閱讀...其中，二〇一六年六月間，李男購買要價一二五萬元的車輛，郭姓、陳姓業者陪同看車後，由陳姓業者支付卅萬元訂金。二人藉由前述方式，希望其得標案件在履約期間不被刁難，並能順利竣工、通過驗收。檢方清查，李男收受賄賂的價值共四十四萬三八二六元，建請法院依法宣告沒收或追徵其價額；另審酌李男坦承犯行且已繳回犯罪所得，建請法院量刑時一併審酌，處以適切之刑。至於郭、陳姓業者飾詞狡辯且否認犯行，均請從重量刑。    ,https://news.ltn.com.tw/news/society/paper/1771943
北市社工督導吞長者千萬老本／存摺、印章保管、帳目查核 一團亂,社會,2026/09/24 05:30,台北市社會局老人福利科前社工督導江羿潔，利用保管受監護宣告老人帳戶的機會，侵占逾1200萬元。檢警在她的住處查獲多款名牌包、名表。（中央社）北市社工工會副理事長：老福科流動率高 長官根本不敢管台北市社會局老人福利科卅八歲前社工督導江羿潔在任內涉嫌利用職務之便，長達一年多，侵吞五名無法自行管理財產的受監護長者逾一千二百萬元，長者錢財任由社工侵吞，外界質疑北市社會局平日如何監督？有無查帳？台北市社工工會副理事長沈曜逸指出，北市社會局老福科流動率高，長官根本不敢管理或監督。受監護宣告者的財產管理應有標準作業程序或財產信託制度，但受監護宣告者的印章、存摺究竟存放在哪裡，目前眾說紛紜，也不清楚為何社工可以上下其手，「就是亂七八糟，沒有落實相關程序。」衛福部社工司長楊雅嵐表示，江羿潔具有社工師身分，若因執行業務犯罪經判決確定，可依法廢止其執照，未來也不得再考社工師，相關資訊也會公布於衛福部社會救助及社工司「社工師懲戒查詢專區」。雖然此案尚在調查中，但衛福部已發函請台北市政府啟動行政調查程序，若確認江姓社工有重大違失，可直接移付懲戒。請繼續往下閱讀...衛福部發函北市府啟動行政調查評估成人監護制度是否需要補強衛福部社家署長周道君解釋，對於失智、失能等無法自行管理財產，或有其他特殊情況的長者，其監護人目前以親屬為大宗；但在沒有親屬或其他合適人員的情況下，也可由地方政府或法院指定機構擔任監護人。若由地方政府擔任監護人，管理措施由各地方政府自行規範；受法院指定而擔任監護人的機構，則對法院負責。目前兩者都沒有較具體的監督制度。周道君表示，社家署將依據調查情況，評估現行「成人監護制度」在執行或法規上是否有需要補強之處。社工師公會全聯會則指出，這次案件傷害了受服務者權益，也傷害社會大眾對社工專業的信任，但極少數個人的嚴重違法行為，不應代表整體社工專業的素養與價值，懇請社會大眾理性看待，勿因極端個案抹煞全體社工的奉獻。全聯會呼籲主管機關全面檢討監護職務與財務稽核機制，建置「財務與服務分流」、「雙重審核」及「定期第三方抽查」等防弊措施，既可保護受服務者的財產安全，也能讓第一線社工免於承受系統性風險。台北市社會局社工督導江羿潔偵訊時坦承犯行，北院裁定收押禁見。（記者翁靖祐翻攝）    ,https://news.ltn.com.tw/news/society/paper/1771938
到職就開始偷 離職交接才曝光,社會,2026/09/24 05:30,台北市社會局社工督導江羿潔偵訊時坦承犯行，北院裁定收押禁見。（記者劉詠韻攝）蔣萬安稱主動發現 議員轟一年多監督機制完全失靈台北市社會局前社工督導江羿潔在北市社會局任職一年多期間，涉利用保管受監護宣告老人的存摺與印章的機會，侵吞文山區至少五名長者財產總計逾千萬元，離職辦理業務交接時被發現帳目短少，全案才曝光。台北市長蔣萬安稱是社會局主動發現、調查、告發，台北市議員許淑華質疑市府社福管理已全面癱瘓，蔣萬安把事後補救包裝成主動作為，也不能掩蓋一年多來監督機制完全失靈的事實。請繼續往下閱讀...蔣萬安對此表示，社會局主動發現、主動調查、主動向地檢署告發，「欺騙老人家錢，非常可惡，絕不包庇，嚴加徹查、追究到底。」但許淑華認為，江姓社工任職一年多期間，錢一筆一筆被領走，市府都沒有察覺；人走了才發現帳不對，這不是主動，是後知後覺。把事後補救包裝成主動作為，也不能掩蓋一年多來監督機制完全失靈的事實。江羿潔若沒離職 錢是不是繼續被領走？許淑華說，整起案件最讓人震驚的不只是有人涉嫌侵占長者的存款，而是市府的管理與督導，竟都沒有發現異狀。這些長者需要政府協助照顧，才把財產交由市府管理。但五名長者的錢一次次被領走，主管沒有核對用途？沒有定期查帳？為什麼要等到承辦人離職才發現？若她沒離職，錢是不是會繼續被領走？剴剴、女童安置延宕、狼師…受害者皆弱勢 許淑華表示，社會局和市府管理階層必須回答「監督機制為什麼失效？」蔣萬安說要「追究到底」，不能只追究一名前員工，也必須包括讓漏洞存在一年多的管理責任。許淑華指出，從剴剴案、女童安置延宕兩百四十天、狼師性侵案調查報告拖二二八天，再到這次長者存款被侵吞案，受影響的都是最需要政府保護的人。雖然案件不同，卻一再看到風險沒有被及時發現，出了事才開始檢討。但社會安全網不能總在出事後才說要檢討，蔣萬安必須清楚說明，台北市政府的管理出了什麼問題。社會局針對議員的質疑未具體回應，一味推給司法調查，強調偵查不公開，未予回應。    ,https://news.ltn.com.tw/news/society/paper/1771939
相驗遺體發現USDT對話 檢主動追出洗錢201億平台,社會,2026/09/24 05:30,台中地檢署查獲張姓男子涉嫌以科技公司當掩護，卻架設平台供中國人士洗錢，總洗錢金額高達201億餘元，今天將張男等人依特殊洗錢等罪嫌起訴。（記者陳建志攝）五波搜索 逮張男等卅人台中地檢署相驗一件死亡案件，發現死者和主管、同事的對話疑涉洗錢，經深入追查發現張姓主嫌以慧鑫、序禾兩家公司當掩護，架設支付平台，協助中國人士進行人民幣與虛擬資產USDT（泰達幣）兌換，涉嫌洗錢二〇一億元，檢警發動五波搜索，逮捕張男等卅名共犯，中檢昨天依特殊洗錢等罪嫌將張男等人起訴。台中地檢署檢察官陳巧曼今年一月進行慧鑫員工死亡案件相驗時，從死者與同事及主管的對話中，發現「銀行卡」、「USDT」等文字，懷疑涉嫌洗錢。經指揮台中市警方偵辦，今年五月到八月先後發動五波搜索，查扣作案用手機、電腦主機等證物，並向台中地院聲押張姓主嫌（廿三歲）獲准。請繼續往下閱讀...協助中國人士換虛幣洗錢檢警查出，該集團以慧鑫科技、序禾行銷兩家公司在台中的辦公室為掩護，招募人資、營運及客服人員，分工經營NOW PAY、X PAY平台。利用平台提供有買賣USDT需求的商戶使用，作為個人幣商交易的外殼，以規避中國警方查緝。檢警清查金流發現，NOW PAY平台自二〇二五年十一月起，九個月內洗錢達新台幣一六三億元；X PAY平台自二〇二五年十一月起，七個月內涉嫌洗錢達卅八億元，總洗錢金額高達二〇一億，該集團則從中獲利三億一五〇一萬餘元。    ,https://news.ltn.com.tw/news/society/paper/1771941
中市議員參選人涉賄交保 樁腳查扣現金收押,社會,2026/09/24 05:30,無黨籍台中市議員參選人鄭伯其涉嫌賄選10萬交保，檢警在楊姓樁腳住處查扣1526萬餘元現金，遭羈押禁見。（中檢提供）登記前退出國民黨，以無黨籍參選台中第十三選區（大里、霧峰）市議員的鄭伯其，前天傳出涉嫌賄選被檢調約談，台中地檢署表示，搜索鄭男的楊姓樁腳住處，查扣現金新台幣一五二六萬餘元和燕窩禮盒，因行賄罪嫌重大，向台中地院聲請羈押禁見，台中地院裁定楊姓樁腳羈押禁見，鄭伯其則以十萬元交保。鄭伯其樁腳住處扣千萬現金鄭伯其曾擔任二屆大里立仁里長，二〇二二年尋求更上一層樓，以國民黨籍參選台中第十三選區市議員，雖落選但因票數接近，仍積極經營地方，準備這次捲土重來，不過因國民黨台中市黨部在此選區決定徵召現任的市議員林碧秀、蘇柏興，鄭在登記前自行退黨，改以無黨籍參選，不料捲入賄選。請繼續往下閱讀...台中地檢署表示，獲報後由檢察官劉志文指揮專案小組，於九月廿一日，持搜索票搜索三處所，先拘提楊姓樁腳等二人，扣得現金新台幣一五二六萬餘元、燕窩禮盒六十九盒等物，並漏夜拘提鄭伯其，另通知選民六人到案。台中地檢署表示，檢察官訊後認楊姓樁腳、鄭伯其均涉犯投票行賄等罪嫌重大且有勾串共犯或證人、湮滅證據之虞，向台中地院聲請羈押禁見，台中地院裁定楊男羈押禁見，鄭伯其則以十萬元交保。鄭伯其昨天表示，好友有他自己的交友圈，過年過節送禮也是人之常情，但自己沒有指示，也不知道他要送禮給誰，面對司法調查，會坦然面對、全力配合，也相信事情終究會水落石出。無黨籍台中市議員參選人鄭伯其涉嫌賄選10萬交保，檢警在楊姓樁腳住處查扣69盒的燕窩禮盒。（中檢提供）    ,https://news.ltn.com.tw/news/society/paper/1771900
竹縣府再傳貪污弊案 工務處聘員 涉賄逾千萬起訴,社會,2026/09/24 05:30,新竹縣政府工務處聘用人員廖宸楷涉嫌收受建商與土資場業者的現金、股票分紅、名牌包甚至招待飲宴，涉案金額逾千萬元，新竹地檢署起訴。 （資料照）新竹縣政府再傳貪污弊案！工務處聘用人員廖宸楷涉嫌長期接受土資場業者「包養」、甚至委託建商代操股票、投資建案，收受業者的現金、股票分紅、名牌包與招待飲宴，涉案金額高達一二九四萬餘元，新竹地檢署昨天依貪污治罪條例等罪，對廖男及相關業者等七人提起公訴。全案移審新竹地院，廖男及劉姓業者被法官裁定羈押禁見。新竹縣政府表示，尊重司法。請繼續往下閱讀...建商分紅、土資場業者包養檢方指出，廖男自二〇〇〇年起在竹縣府工務處任職。千耀公司負責人江男為讓建案順利取得建照及使照，自二〇一五年起與廖男「長期合作」，由江男幫廖男代操股票、投資建案並分紅，甚至直接在車上或辦公室塞現金。廖男則為其提供「快速通關」審查服務，累計收受及由業者代管的不法利益共一一六六萬餘元。建案快速通關 掩蓋超收土方另外，才富土資場實際負責人劉男與戴男透過「一單多用」的手法，重複使用土方聯單虛報數量，短短兩年間超收土方，取得四八一五萬元不法收入，更要求廠商開立少報金額的發票，暗中逃漏營業稅與營利事業所得稅。為了掩蓋違法超收，劉男自二〇一九年起同樣以現金、名牌包、飲宴招待，甚至幫忙關說職缺等方式「包養」廖男。廖男則偷蓋查核章掩護業者。檢方指出，廖男個人犯罪所得達一二九四萬餘元，土資場業者因超收及逃漏稅所得超過五三〇〇萬元。案發後廖男主動繳回一七三萬餘元，業者也繳回五千萬元，由檢方扣案。    ,https://news.ltn.com.tw/news/society/paper/1771881
丟一根菸蒂要連帶賠8.7億,社會,2026/09/24 05:30,家樂福楊梅物流中心2022年3月14日發生大火，竟是拆櫃臨時工丟了1根菸蒂釀禍。（資料照）釀家樂福物流中心大火 臨時工出庭喊：我付不起二〇二二年三月家樂福楊梅物流中心發生重大火災，疑因現年廿六歲許姓拆櫃臨時工，於禁菸的棧板暫存區抽菸後，隨手拋棄未熄滅菸蒂所致，造成逾卅九億元的龐大損失，承保火災險的富邦產物保險公司在賠付家福公司後，依保險法行使代位求償，桃園地院近日判決許男及其監督單位中法興物流公司須連帶賠償八億七〇七八萬餘元，可上訴。請繼續往下閱讀...富邦產險主張，中法興與家福公司（已更名「康達盛通」）簽訂物流服務協議，負責家樂福楊梅物流中心收驗貨、理貨、倉儲及物流配送等服務，並應負擔倉庫內部安全管理責任，卻放任許男違規吸菸且任意亂丟菸蒂，扣除家福公司已向中法興請求所獲賠償，另依保險法向許男及中法興提出代位求償。中法興在訴訟過程提出多項抗辯，包括其已依物流服務協議書投保一．二五億元保險，家福公司及其保險公司依法承諾放棄追索權，拆櫃業務是外包給第三方，許男由包商僱用及派遣，在禁菸區抽菸純屬個人違法行為，且富邦產險代位請求的清理費、貨損及營業中斷等五大項目，與家福公司另案訴訟的請求範圍完全重疊。許男則稱「金額太高我付不起」，他抽菸有責任，但火災不是他引起的，應該沒有責任。物流商監督不周也要賠判決指出，許男刑事部分被判處有期徒刑六月，確有亂丟未熄滅菸蒂釀災事實，其所辯不足採；另依中法興與家福公司簽訂的服務協議書，足認家福已委由中法興負責楊梅物流中心包含儲存貨物、理貨、配送、存貨管理在內的物流工作，也負有確保楊梅物流中心內部安全的責任；中法興雖辯稱拆櫃工作是委由包商承攬，但許男前往執行業務，是受中法興員工指揮及監督，足認許男是中法興的受僱人，其餘抗辯理由也不足採，中法興自應負連帶賠償責任。    ,https://news.ltn.com.tw/news/society/paper/1771942
單身與頂客族老後財產誰把關？律師：善用意定監護、安養信託,社會,2026/09/24 05:30,台北市社會局社工督導江羿潔偵訊時坦承犯行，北院裁定收押禁見。（記者劉詠韻攝）台北市社會局前社工督導江羿潔涉嫌侵吞受監護長者逾一千二百萬元財產，直到轉任新北市後才被發現。隨著單身與頂客族漸成主流，律師陳秋君提醒，民眾可選擇「意定監護」，透過公證指定監護人，或辦理安養信託。有多年民事庭、家事庭法官經驗的言律法律事務所合署律師陳秋君表示，許多老人因失智或發生意外喪失行為能力後，主管機關如社會局、利害關係人、社福機構、親屬、檢察官等，可聲請監護宣告。法院受理後就會指定監護人，若該老人無親無依，實務上多由縣市社會局擔任監護人，江女所涉案件即屬此類模式。請繼續往下閱讀...隨著單身與頂客族增加，可預見許多國人年老後，可能沒有親屬可擔任監護人。若要避免台北社工這類監守自盜情形，陳秋君建議，民眾年過五十歲、開始規劃退休時，就可先選擇「意定監護」。由於意定監護屬於私人契約，契約須經公證後由法院備查，未來若喪失行為能力，就由意定監護人擔任監護人。意定監護人可指定一人或多人的自然人或法人，她表示，若有二名以上意定監護人，可降低財產被挪用風險。陳秋君進一步指出，民眾也可選擇銀行安養信託，財產由銀行保管，並每年撥付指定金額給申請人。不過，安養信託金額較大，也有部分銀行會將安養信託與股票、債券投資等綑綁為商品販售。陳秋君表示，長者的監護人可以處理存款等動產，若要出售房屋、土地等不動產，則須聲請法院准許。    ,https://news.ltn.com.tw/news/society/paper/1771940
北市科偵隊長盜查個資 共犯黃合彥收押禁見,社會,2026/09/23 23:58,北市刑警大隊科偵隊長陳冠良，曾替警方拍攝形象宣傳照。（取自警光新聞雲臉書）前台北市刑警大隊科偵隊長陳冠良為幫過去的警界師父、房仲吳政祐查詢民眾個資，竟然以辦案為由透，拜託和他一起並肩作戰多年，不知情的檢察官，過檢方系統查找個資。檢方持續偵辦本案，於昨日發動第二波偵查，拘提另名共犯黃合彥，複訊後認定他罪嫌重大，晚間向台北地院聲請羈押禁見獲准。據了解，吳政祐過去在刑事局服務期間，雖然辦案能力好但卻經常出包，最後退休轉職當房仲，今年3月吳男疑似要處理都更案件，想要取得住戶等人的個資，於是找上昔日的警界徒弟陳冠良協助。請繼續往下閱讀...陳冠良疑似並非做白工，而是能獲取每筆1000元的回饋金，不過因為過去有不少同仁透過警政系統查找個資被抓包，於是陳也把歪腦筋動在與他並肩作戰已久的檢察官身上，在偵辦的案件中，插進幾個無關的民眾並透過檢察官的系統查找個資，估計以此手法找到上百筆的個資。後來有外洩出去的個資被人發現異狀，陳冠良驚覺恐怕無法繼續隱瞞，於是主辦向警局坦承犯行，台北市警局也即刻報請台北地檢署指揮偵辦。今年8月，檢方拘提陳、吳師徒2人以後，認定兩人涉犯個資法、貪污治罪條例等，且說詞不一，因此向北院聲押禁見獲准。檢方持續偵辦以後，發現疑似還有共犯，於是俞昨日發布本案的第二波偵查行動，指揮警方搜索共犯黃合彥住所，並將其拘提到案，今日下午送往北檢複訊，並於訊後聲押禁見獲准。    ,https://news.ltn.com.tw/news/society/breakingnews/5584304
魏平政批貢丸湯「一個可以、兩個不行」說法 中檢澄清：絕無此事,社會,2026/09/23 23:05,國民黨彰化縣長參選人魏平政（右）今上節目受訪時表示，台中地檢署曾表示，活動吃貢丸湯「一個可以、兩個不行」，中檢今晚澄清絕無此事。（圖擷取廣播節目「中廣新聞網」）國民黨彰化縣長參選人魏平政今天接受資深媒體人尹乃菁專訪時表示，台中縣黨部曾向台中地檢署詢問，活動吃貢丸湯可不可以？台中地檢署回應「一個可以、兩個不行」，並指此一說法離譜；台中地檢署今晚發出新聞稿澄清，強調經查並無此事。中檢表示，一向於反賄選宣導活動中均強調，查察賄選依最高檢察署函頒《妨害選舉刑事案件例舉》所示原則及司法實務見解，以所提供的財物或不正利益是否足以動搖、影響投票意向，與投票權行使間有無對價關係，作為判斷標準。請繼續往下閱讀...選舉造勢活動中提供參加民眾適度茶水或簡便餐飲，未逾越社會常情者，並非上述函頒例舉的賄選樣態。中檢從未做出貢丸湯「一個可以、兩個不行」如此的回應。    ,https://news.ltn.com.tw/news/society/breakingnews/5584277
張俊傑「助逃網」增至13人！梁昱仁涉掩護接應者2萬交保,社會,2026/09/23 22:26,檢警專案小組持續搜捕，今再有最新進展，於台南地區拘提協助張俊傑逃亡的疑犯梁昱仁。（記者劉詠韻攝）立委高金素梅「大帳房」張俊傑棄保潛逃已超過半個月，警政署日前懸賞百萬元檢舉獎金，檢警專案小組持續搜捕，今再有最新進展，於台南地區拘提協助張俊傑逃亡的疑犯30歲梁昱仁；據了解，他涉嫌負責協助其中1名接應張俊傑的嫌犯逃亡，經警方移送台北地檢署複訊後，依藏匿人犯等罪嫌諭知2萬元交保。張俊傑6日晚間破壞電子手環後棄保潛逃，檢警一路循車追人，陸續查出有人負責提供車輛、分段載送、安排住宿及處理棄車，接應足跡從北部一路延伸至嘉義、台南、高雄等地。隨著梁昱仁到案，全案已有13名涉案者落網，其中6人遭羈押禁見，另7人分別以2萬至20萬元不等金額交保。請繼續往下閱讀...據了解，周煥凱7日在台南、嘉義交界接應張俊傑後，載著張在嘉義、台南、高雄等地四處繞行，企圖躲避追查，之後在嘉義將人交給陳厚彰；陳短暫載張南下，再轉交駕駛高級商務車的陳俊翰，一路以不同人車接力轉移。檢警追查，張俊傑原計畫8日凌晨從高雄港偷渡出境，但當時國安、警政及海巡系統已嚴密封鎖，偷渡計畫未能成行。陳俊翰轉而安排張入住高雄鼓山區五星級飯店藏身，之後再將人交回陳厚彰，繼續轉移行蹤。張俊傑最後身影則於12日在台南出現。期間檢警再追出伍恩廷、吳東翰、陳元安、林哲丞等人陸續介入，其中伍涉嫌提供權利車，吳負責處理、棄置車輛，陳涉嫌居中聯繫接應人員，林則涉嫌親自載送張俊傑在台南、高雄一帶繞行。檢警逐步比對監視影像、車行軌跡及手機通聯，從張俊傑本人一路向外追查接應網，不僅釐清各階段由誰負責載送、提供車輛及安排藏身處所，也追查接應者完成任務後的去向，以及是否另有人協助躲避追緝。據了解，梁昱仁正是在這波追查中被鎖定，涉嫌協助其中一名接應張俊傑的嫌犯逃亡。專案小組目前持續釐清梁提供何種協助、與該名接應者的關係，以及是否受人指示介入；隨著偵辦張俊傑本人一路追到接應者，再延伸至協助接應者逃亡的人員，整起助逃網絡仍持續擴大。    ,https://news.ltn.com.tw/news/society/breakingnews/5584254
機車直行被撞衝破診所玻璃  三重警：轎車違規左轉負主要肇責,社會,2026/09/23 22:13,新北市一輛賓士涉嫌違規左轉，撞上對向直行機車，騎士因猛烈撞擊，撞破路邊診所玻璃窗才停下。（警方提供）新北市三重傳出一輛左轉賓士，撞上對向直行的機車，因撞擊力道猛烈，造成機車失控，連人帶車衝向路邊的牙醫診所，撞破落地玻璃窗，騎士全身擦挫傷，逃過死劫，肇事賓士因車頭重創，機油漏滿地；警方初判轎車違規左轉，撞上對向直行、具優先路權的機車，需負擔主要肇責，賠償業者損失。警方今晚通知店家負責人了解受損情形，告知可提出毀損等告訴，進行後續求償；車禍肇因及責任歸屬，仍待進一步調查釐清。據了解，這起車禍發生在22日晚間11時15分、新北市三重區重新路二段與正義南路口，警方到場時，發現一輛白色賓士停在路口，一輛機車衝入路邊的牙醫診所，診所落地窗玻璃因撞擊碎裂一地，連忙將騎士送醫。請繼續往下閱讀...警方初步了解，67歲男子駕駛轎車由重新路左轉正義南路時，在路口撞上對向直行35歲蕭姓男子駕駛的普通重機，因撞擊猛烈，撞破轉角的牙醫診所玻璃窗才停下。雙方酒測都沒有酒精反應，初判違規左轉釀禍，警方也通知遭波及店家了解受損情形，相關肇事、賠償責任，仍待鑑定釐清。診所落地窗玻璃因撞擊碎裂一地。（警方提供）新北市一輛賓士涉嫌違規左轉，撞上對向直行機車，因撞擊猛烈，車頭重創機油漏滿地。（警方提供）    ,https://news.ltn.com.tw/news/society/breakingnews/5584227
9/23 今彩539頭獎開出3注！800萬獎這3縣市,社會,2026/09/23 22:11,9月23日開獎的第115000231期今彩539頭獎共3注中獎。（本報合成）9月23日開獎的第115000231期今彩539頭獎開出3注，由台北市中山區八德路二段341號的「友荃彩券行」、宜蘭縣宜蘭市慈安里慈安路41-9號1樓的「仲億商號」、雲林縣斗南鎮中天里中山路132號1樓的「錢賀中公益彩券」開出。第115000231期今彩539中獎號碼為「08、10、14、16、30」。頭獎共3注中獎，每注可得800萬元；貳獎共218注中獎，每注可得2萬元；參獎共7234注中獎，每注可得300元；肆獎共7萬7531注中獎，每注可得50元。請繼續往下閱讀...第115000231期39樂合彩中獎號碼為「08、10、14、16、30」。四合共4注中獎，每注可得21萬2500元；三合共235注中獎，每注可得1萬1250元；二合共1萬1960注中獎，每注可得1125元。第115000231期3星彩中獎號碼為「061」。壹獎共46注中獎，每注可得5000元。第115000231期4星彩中獎號碼為「9827」。壹獎共9注中獎，每注可得5萬元。確切中獎號碼以台彩網站公告為主，請見「台灣彩券網站」。今彩539、39樂合彩、3星彩、4星彩中獎號碼。（擷取自台彩官網）    ,https://news.ltn.com.tw/news/society/breakingnews/5584229
三重燒肉店遭祝融「趁火打劫」 按摩店被偷3萬5鎖定慣竊女街友,社會,2026/09/23 21:57,新北市三重一間燒肉店傳出火災，9人倉皇跳樓逃生，附近一間按摩店事後發現遭趁火打劫，警方鎖定女街友慣竊下手，呼籲被害店家踴躍出面。（警方提供）新北市三重燒肉店20日嚴重火警，造成9人倉皇中跳樓送醫，所幸均逃過一劫，但警方卻獲報，附近一間按摩店遭趁火打劫，一名女子潛入店中，摸走3萬5000元現金後逃逸，三重警分局從涉案女子高瘦特徵，掌握為一名慣竊女街友，由於居無定所，警方除全力追緝，呼籲被害店家踴躍出面。據了解，20日晚間，位於三重區重新路二段的「燒肉Smile」連鎖燒肉店傳出火災，由於多人跳樓逃生，住戶都關注人命搶救，卻有人趁火打劫，趁亂潛入這間按摩店，發現店內沒人，進入櫃台打開抽屜，一把摸走現金，店家到22日晚間6時，清點帳目發現帳目不符，連忙過濾店內監視器，發現遭宵小潛入，業者連忙報警。請繼續往下閱讀...警方受理後，過濾監視器，發現涉案女子是三重一帶慣竊，掌握對象查緝，由於步行犯案，居無定所，初步朝竊盜方向偵辦。    ,https://news.ltn.com.tw/news/society/breakingnews/5584233
搭捷運大聲講手機+碰撞 阿北不聽勸狠巴婦人,社會,2026/09/23 21:52,警方當場逮捕涉嫌打人耳光的蔡姓男子。（記者劉慶侯翻攝）53歲蔡姓男子今天搭捷運時講手機太大聲，57歲黃姓婦人勸導，蔡男竟搧她一耳光，致嘴角受傷。黃婦事後驗傷暫不提告，但捷運警察隊認為蔡男使用暴力，依社會秩序維護法裁處。捷警隊說，今天上午8點左右，上班人潮最多，捷運車廂擁擠，蔡男仍大聲講電話，直黃婦出面勸導，雙方發生口角。兩人同時在西門捷運站下車，又發生碰撞，蔡男一掌揮向黃婦臉上，致使她嘴角受傷。捷警及轄區警方立即趕赴現場，會同保全人員當場逮捕蔡男，帶回西門町派出所。請繼續往下閱讀...黃婦就醫後並無大礙，暫不提出告訴。蔡男涉嫌施暴，警方依社維法偵辦裁處。捷警隊說，民眾搭乘捷運如與他人發生碰撞或糾紛，應保持理性、冷靜溝通，切勿因一時情緒訴諸暴力；如遇糾紛，可立即通知站務人員或撥打110報案，警方將迅速到場處理，共同維護捷運乘車安全及秩序。    ,https://news.ltn.com.tw/news/society/breakingnews/5584121
嘉義市延平街木造住宅大火畫面曝 至少延燒2戶,社會,2026/09/23 21:35,嘉義市延平街木造住宅今晚失火，火勢猛烈，至少延燒2戶。（嘉義市消防局提供）嘉義市延平街木造住宅今晚8點23分左右發生火警，火勢一發不可收拾，至少延燒2戶。消防局獲報派遣人車趕抵現場布水線滅火，火勢在晚上9點3分控制，未傳出人員受困。詳細起火原因及確切財物損失，仍待火勢撲滅後，由警消調查釐清。消防員布水線，在晚間9點3分控制火勢。（嘉義市消防局提供）火勢控制後，消防員進入起火住宅搜查。（嘉義市消防局提供）    ,https://news.ltn.com.tw/news/society/breakingnews/5584228
苓雅警巡邏查獲違停車掛假牌  起出空包彈模擬槍移送駕駛,社會,2026/09/23 21:20,高雄苓雅警巡邏查獲違停車輛懸掛偽造車牌，車內還起出空包彈與模擬槍。（民眾提供）高市苓雅分局於今（23）日17時25分執行巡邏，巡經興中一路與仁智街口，發現黃姓男子（26歲）駕駛汽車紅線違停，警組隨即上前盤查，發現車輛懸掛號牌與登記車型不符，仔細檢查該車牌，赫然發現竟是偽造的假車牌，立刻依偽造特種文書罪現行犯，將黃男逮捕偵辦。警方隨即又在黃男汽車左後座起獲模擬槍1把、空包彈7個，訊後依偽造特種文書罪及槍砲彈藥刀械管制條例，移送高雄地檢署偵辦。請繼續往下閱讀...另因黃男使用偽造車牌及紅線違停，各依道路交通管理處罰條例第12條第1項第3款及第55條第1項第3款舉發，最高可罰新台幣7萬2600元，並依規定扣牌及移置保管該車輛。苓雅分局呼籲，民眾切勿懸掛偽造車牌及私自持有槍械、彈藥或其他違法物品，以免觸法遭送辦。警方將持續透過巡邏、盤查及各項勤務，積極查緝違法槍械及可疑車輛，維護轄區治安與民眾安全。    ,https://news.ltn.com.tw/news/society/breakingnews/5584172
甩鍋檢察官「不讓說」！社工侵吞千萬 北市社會局「問A答B」惹議,社會,2026/09/23 21:20,台北市社會局社工江羿潔（右2）上囚車。（記者翁靖祐翻攝）台北市社會局38歲社工江羿潔，涉嫌一年內侵吞5名受監護長者逾1200萬元，直到離職交接才被發現，管理內控引發質疑。媒體今追問核帳、提款核章及主管覆核等行政流程，社會局卻「問A答B」，以檢察官不讓說、涉及個案資訊等為由持續避答；但事實上，行政流程及內控制度無須揭露個案金流或犯案情節，根本與偵查不公開毫無關係。檢警追查，江女自2024年起任職北市社會局老人福利科，負責文山區受監護長者安置及財產管理，並保管存摺、印章。她涉嫌自去年起利用替長者支付安置機構費用之便「以少報多」，超額提款後侵吞差額，目前至少5人受害；直到今年6月底離職、轉往新北市政府，社會局辦理業務交接、清點財產時，才後知後覺查出款項異常並報警。請繼續往下閱讀...依北市社會局現行老人監護職務規範，社會局擔任監護人後，須清查受監護人資產、製作財產清冊並保管財物，執行監護職務期間也有定期訪視機制。不過，江女任職一年間涉嫌持續侵吞款項，受監護長者財產平時多久核帳、提款須經幾層核章、主管如何覆核等內控機制，也因此引發質疑。面對媒體追問，社會局如何管理受監護長者財產，包括多久查帳、提款須經幾層核章、存摺與印章是否分開保管、主管如何覆核，以及為何5名長者逾1200萬元遭侵吞長達一年，直到承辦人離職交接才發現？北市社會局今卻「問A答B」，以涉及個案資訊、檢察官不讓說、恐遭法院函文關切為由，僅稱不便回應，未再進一步說明。事實上，媒體追問的是既有行政流程及內控制度，與個案金流、犯案情節等具體偵查內容有別；即使案件仍在偵辦，社會局仍可在不觸及個案的前提下，說明財產如何保管、提款如何核章、主管如何覆核等一般性管理機制，與偵查不公開原則並不相衝突。江女於偵訊中已坦承犯行，檢方依涉嫌利用職務機會侵占職務上持有財物等罪嫌，向台北地方法院聲押禁見；北院認其涉犯貪污重罪、有逃亡之虞，今下午裁定羈押禁見。    ,https://news.ltn.com.tw/news/society/breakingnews/5584195
不甩勒令停工！預拌混凝土廠茂榮實業8個月賺1.2億 北檢扣押9千萬,社會,2026/09/23 20:58,茂榮實業公司在新北市新店區經營預拌混凝土廠，未取得固定污染源及廢水貯留許可，去年11月被環保局勒令停工，卻涉嫌繼續生產。（記者劉詠韻翻攝）茂榮實業公司在新北市新店區經營預拌混凝土廠，未取得固定污染源及廢水貯留許可，去年11月被環保局勒令停工，卻涉嫌繼續生產，至今年6月銷售額逾1億2000萬元。台北地檢署今天搜索廠區及負責人住處，扣押加工設備，獲法院准許扣押公司帳戶9000餘萬元；實際負責人劉志泰以500萬元交保。檢調調查，茂榮在新店安康路經營水泥廠，未取得混凝土拌合程序所需的固定污染源設置及操作許可，也未申請廢污水貯留許可，即從事預拌混凝土加工，作業廢水貯留、回收使用。新北市環保局去年11月勒令停工，業者仍涉嫌持續生產。請繼續往下閱讀...承辦檢察官吳啟維今天指揮調查局北部地區機動工作站，會同新北市環保局，搜索茂榮公司、曾任新店區文明里里長的登記負責人卓振添，以及實際負責人劉志泰住處等4處，扣押混凝土加工設備，防止廠區繼續運作。茂榮並非第一次因不遵行停工命令。台北地方法院判決指出，環保局曾於2024年6月命茂榮停工，同年9月稽查時仍發現廠區進行混凝土拌合及貯留廢水。卓振添去年6月被判有期徒刑3月、公司被科罰金30萬5000元；該案涉及的是2024年的停工命令，與北檢這次追查的去年11月停工後營業情形，分屬不同期間。檢方訊後認定卓振添、劉志泰兩人均涉嫌違反空氣污染防制法及水污染防治法的停工命令，諭知卓振添50萬元、劉志泰500萬元交保，均限制出境出海。檢方另查出，茂榮自去年11月至今年6月銷售額達1億2000餘萬元，已向法院聲請扣押公司帳戶內9000餘萬元獲准，以保全日後可能沒收的不法所得。茂榮實未取得混凝土拌合程序所需的固定污染源設置及操作許可，也未申請廢污水貯留許可，即從事預拌混凝土加工。（記者劉詠韻翻攝）    ,https://news.ltn.com.tw/news/society/breakingnews/5584169
快對獎！9/23 今彩539、3星彩、4星彩獎號出爐,社會,2026/09/23 20:47,"今彩539、39樂合彩開獎號碼。（擷取自三立iNEWS《全民i彩券》）今天（9月23日）台彩各項開獎獎項及獎號。今彩539：08、10、14、16、30。請繼續往下閱讀...39樂合彩：08、10、14、16、30。3星彩：061。4星彩：9827。確切中獎號碼以台彩網站公告為主，請見「台灣彩券網站」。3星彩開獎號碼。（擷取自三立iNEWS《全民i彩券》）4星彩開獎號碼。（擷取自三立iNEWS《全民i彩券》）    ",https://news.ltn.com.tw/news/society/breakingnews/5584165
北市科偵隊長偷查個資再逮1人  共犯「前科累累」聲押禁見,社會,2026/09/23 20:44,北市刑警大隊科偵隊長陳冠良，曾替警方拍攝形象宣傳照。（取自警光新聞雲臉書）首次上稿16:25更新時間20:44前台北市刑警大隊科偵隊長陳冠良為幫昔日警界師父、房仲吳政祐查詢民眾個資，竟利用與自己多年共同偵辦案件檢察官的信任，透過檢方系統進行查詢。檢方發現異狀後，隨即啟動偵辦，並聲請羈押陳、吳二人獲准。台北地檢署昨日發動第二波偵查，拘提另一名共犯黃合彥，複訊後認定他罪嫌重大，晚間向法院聲請羈押禁見。檢警調查，房仲吳政祐退休前在刑事局服務，雖辦案能力很強，但卻經常出包，疑自知在警界沒有前途，決定提早退休，轉行改當房仲。請繼續往下閱讀...今年3月，吳男疑似為處理都更案件，想要取得住戶等人的個資，竟透過曾經帶過警界徒弟陳冠良，請他幫忙調閱。據悉，當時已經擔任台北市警察局科偵隊隊長的陳冠良，決定幫「師父」這個忙，且每筆似乎還能拿取1000元的回饋金，但陳員疑因擔心透過警政系統調閱容易被揪出影響未來仕途，竟將歪主意打到跟自己並肩辦案多年的檢察官身上，利用對方的信任，在偵辦案件時，挾藏幾個與案件無關的民眾，藉此透過檢方系統查詢需要的個資，初步估算高達上百筆的個資外洩。因外洩出去的個資被人發現異狀，陳男見紙包不住火，主動向警局坦承犯行。台北市警察局立刻報請台北地檢署指揮偵辦，8月15日檢方拘提陳、吳二人後，認定兩人涉犯個資法、貪污治罪條例等罪，且證詞、說法不一，並有其他共犯，有串證、逃亡之虞，向法院聲請羈押禁見獲准。台北地檢署昨日發動第二波偵查行動，指揮警方搜索共犯黃合彥住所，並拘提黃男到案，今日下午送往北檢複訊。據了解，該名黃男前科累累，不只有重利、組織等前科，還涉及詐欺案件，檢察官複訊後，認為黃合彥涉嫌重大，晚間向法院聲請羈押禁見。    ,https://news.ltn.com.tw/news/society/breakingnews/5583775
車禍理賠424萬被檢舉詐保 男反告胞妹夫婦「誣告」判決出爐,社會,2026/09/23 20:29,薛男被親妹妹與妹婿聯手告發「偽造病歷詐保」，獲橋頭地檢署不起訴處分。（資料照）高雄一名薛姓男子遭遇重大車禍獲賠424萬鉅額保險金，不料事後竟遭自己的親妹妹與妹婿聯手告發「偽造病歷詐保」。薛男雖獲檢方不起訴處分，反控胞妹夫妻「誣告」並索賠30萬元精神慰撫金。不過，法院審理後發現，薛男出院後入住妹妹家時，一張「能坐床邊吃東西」的照片，法官認定夫妻倆告發並非全然無據，判決薛男敗訴，全案仍可上訴。判決指出，原告薛姓男子於2017年8月間遭遇重大車禍，在成大醫院住院治療至9月7日出院，隨後便前往胞妹的家中接受照顧。薛男事後順利獲得泰安產險公司理賠高達424萬餘元的保險金。請繼續往下閱讀...薛男在2024年7月間，突然遭到妹婿具狀向橋頭地檢署告發，指控他持有偽造的診斷證明書與病歷「詐領保險金」，涉犯詐欺取財、行使偽造私文書等罪，案經檢察官偵查後，去年以不起訴處分還薛男清白，但這場至親間的司法大戰早已引燃。薛男認為親妹妹竟然將照顧期間的隱私告知丈夫，誣告行為讓他承受巨大的精神壓力與名譽受損，要求連帶賠償30萬元。橋頭地方法院審理時，被告夫妻翻出薛男當年出院入住妹妹家時的照片，薛男當時身上早已沒有明顯的包紮固定或外顯傷勢，甚至還能好端端地坐在床邊接受他人餵食。法官審理後認定，薛男在手術完成2個月後，確實已無受專人照顧的必要，身體回復狀況良好，妹婿張男以其「傷勢外觀並非重大，何以能領取鉅額理賠」為由產生合理懷疑而具狀告發，並非憑空捏造或全然無由，主觀上難認有誣告之故意。法院因此駁回薛男的求償請求，判決薛男敗訴。    ,https://news.ltn.com.tw/news/society/breakingnews/5584134
國1北斗段轎車停路肩燒成火球「駕駛人間蒸發」 車主說話了,社會,2026/09/23 20:27,放在路肩的轎車突然起火燃燒，火勢迅速蔓延，整輛車燒成一團火球。（民眾提供）首次上稿 18:50 更新時間 20:27國道1號彰化北斗路段今天（23日）清晨火燒車！停在路肩的轎車燒成火球，濃煙竄天。消防人員趕抵灌救，卻發現車內空無一人，駕駛也未留在現場，彷彿人間蒸發。警方說，已聯繫車主到案說明，車主指稱將車輛借給外籍友人，事發也聯絡不到，目前將調閱相關監視。請繼續往下閱讀...彰化縣消防局說，清晨6點49分獲報，國道1號北向223公里火燒車，鄰近的溪州及西螺消防分隊接獲通報後到場灌救，發現整輛車陷入火海，燒成一團火球，火勢於7點28分撲滅，現場在7點37分排除，交通恢復正常。國道警方說，消防人員到場時，車內沒人，車主也不在附近，不知去向。經過一上午聯繫，車主已到案說明，他供稱，將車輛借給外籍友人，事發後卻聯絡不到人。警方調閱監視畫面釐清事發經過及駕駛身分。至於車輛確切的起火原因，則交由彰化縣消防局鑑定研判。車輛不明原因起火，消防人員趕抵灌救，卻發現車內空無一人，駕駛也未留在現場。（民眾提供）車子燒到只剩鐵架，車主仍未現身。（民眾提供）    ,https://news.ltn.com.tw/news/society/breakingnews/5584051
竹縣府再傳弊案！官商勾結爆包養、代操股票 工務處聘員、業者收押,社會,2026/09/23 19:58,新竹縣政府工務處廖姓聘用人員涉嫌收受建商與土資場業者的現金、股票分紅、名牌包甚至招待飲宴，涉案金額逾千萬元，今被新竹地檢署依貪污治罪條例起訴。 （記者廖雪茹攝）首次上稿 11:20 更新時間 19:58 工務處聘廖男、劉姓業者收押新竹縣政府再傳貪污弊案！新竹地檢署今（23）日偵結一起嚴重的官商勾結涉貪案件！新竹縣政府工務處聘用人員廖姓男子，竟然涉嫌長期接受土資場業者「包養」、甚至委託建商代操股票、投資建案並分紅，收受業者的現金、股票分紅、名牌包甚至招待飲宴，涉案金額逾千萬元，檢方今依《貪污治罪條例》等罪，將廖男及相關業者等7人依法提起公訴。全案今天移審新竹地方法院，法院傍晚裁定廖男和劉姓業者2人羈押禁見。請繼續往下閱讀...檢調調查，廖男自2000年起在竹縣府工務處任職，卻把公權力當成發財工具。千耀公司負責人江姓男子為了讓建案順利取得建照與使照，自2015年起與廖男達成「長期合作」，由江男幫廖男代操股票、投資建案並分紅，甚至直接在車上或辦公室塞現金。廖男則為其提供「快速通關」審查服務，累計收受與託管的不法利益高達1166萬餘元。另一邊，才富土資場實際負責人劉姓與戴姓男子，為了賺取暴利，竟透過「一單多用」的手法，重複使用土方聯單虛報數量，藉此繞過收容量限制。兩人在短短兩年間超收土方，豪奪4815萬元不法收入，甚至要求廠商以現金支付、開立少報金額的發票，暗中逃漏營業稅與營利事業所得稅數百萬元。檢調進一步追查發現，為了掩蓋違法超收，劉男自2019年起同樣以現金、名牌包、飲宴招待甚至幫忙關說職缺等方式「包養」廖男（利益約128萬元）。廖男收好處後，即便業者根本沒送齊紙本月報表，也在系統上偷蓋「已查核」，閉著眼幫業者掩護 Pass。新竹地檢署指出，廖男個人犯罪所得達1294萬餘元，土資場業者因超收及逃漏稅所得更超過5300萬元。案發後廖男主動繳回173萬元，業者也繳回5000萬元扣案。檢方強調，建築審查與土方管理攸關國土安全，將持續嚴查官商勾結，絕不寬貸。新竹縣政府工務處廖姓員工涉收賄千萬，新竹地檢署偵查終結，依貪污治罪條例等罪嫌起訴廖男及土資場與建商等7人。（記者廖雪茹攝）    ,https://news.ltn.com.tw/news/society/breakingnews/5583340
告網紅Cheap影射「套利工具」 無人機雷虎科技求償1億敗訴,社會,2026/09/23 19:56,YouTuber網紅「Cheap」鄭才暐探討樂天桃猿職棒隊營運狀況，影射無人機製造商雷虎科技淪為特定股東的「套利工具」，雷虎提告求償1億元敗訴。（資料照，翻攝自臉書）YouTuber網紅「Cheap」鄭才暐，今年1月9日在其頻道發布「樂天集團怎麼了？從豪擲20億到便當有蛆」影片，探討樂天桃猿職棒隊營運狀況，影射無人機製造商雷虎科技淪為特定股東的「套利工具」，雷虎同月12日發布重大訊息揚言提告，19日正式提告求償1億元；案經台北地院審理，今宣判雷虎敗訴，Cheap免賠。可上訴。雷虎指控，Cheap發布的影片「樂天集團怎麼了？從豪擲20億到便當有蛆」，副標題「樂天桃猿被窮養的真相，為何富爸爸變窮酸吱」，內容提到「耐斯二代陳冠如掌管的國票創投，績效簡直慘不忍睹，形同破產」、「雷虎生技多年虧損，今（2025）年6月增資價只剩每股15元」、「陳冠如先以個人名義投資雷虎科技（後更正為雷虎生技）」、「然後讓國票創投用28.75元高價進場接盤買了1435張、這筆投資掛了十幾年」、「靠著大股東雷虎科技的軍工題材，股價曾破80元」、「這績效比我買0050還差」、「這種先自己買，再叫公司買的操作」、「是不是拿公司的錢，去幫自己的私人投資解套？」請繼續往下閱讀...雷虎指控，Cheap以聳動標題與不實資訊，惡意影射雷虎科技淪為特定股東的金融操作工具，並否定雷虎在無人機（UAV）領域的耕耘成果，嚴重損害雷虎的商譽及股東權益，Cheap無視科技研發的長週期特性，僅以短期股價波動就將雷虎的努力，簡化為「題材炒作」，影片中使用「多年虧損」、「掛了幾十年」等誇大不實詞彙，將公司經營治理描繪為不當甚至違法，未經合理查證，貶損陳冠如的專業能力、決策誠信及人格操守，也足以引發社會大眾及投資人質疑雷虎科技的經營品質及市場信用，故向其求償1億元。Cheap反駁，影片是針對樂天桃猿球團資源不足的原因，循著樂天集團在台事業體經營狀況、樂天網銀增資需求、國票金控經營體質、及其體系相關投資個案等脈絡而評論，屬對可受公評之事發表善意評論，其中提及國票投資的雷虎生技，相關財務資訊、投資價格與數量，都有公開資訊觀測站、年報、媒體報導可供查證；至於他在影片中說「陳冠如先以個人名義投資雷虎科技」，Cheap坦言是口誤，後來有更正為「雷虎生技」。Cheap強調，影片中並未指責雷虎科技有任何違法、舞弊、經營不善或財務異常，言論屬正面或中性，不足以侵害名譽或商譽，發表前已參考各媒體、公開資訊、年報及司法判決，已盡合理查證義務。法官審理後認為，Cheap於影片中所言有相當資訊基礎為憑，並無明知不實的故意，發表前有盡合理查證，縱使以「慘不忍睹、形同破產」等誇飾修辭，也是對可受公評之事發表評論；也無從證明Cheap將雷虎生技說成雷虎科技是「刻意口誤以達混淆主體效果」；至於「接盤」之說，有公開資訊可查，並非全然無據，未逾越合理評論，並非以侵害名譽、商譽為唯一目的，應受言論自由保障，故駁回雷虎科技之訴，Cheap無須賠償。全案可上訴。    ,https://news.ltn.com.tw/news/society/breakingnews/5584141
桃園男無照毒駕撞死自行車騎士 國民法官重判11年半,社會,2026/09/23 19:41,桃園男無照毒駕撞死自行車騎士 國民法官判處11年6月徒刑。（資料照）27歲林姓男子有多項前科且曾涉犯不能安全駕駛動力交通工具被判有罪確定，2024年10月9日晚間11點46分，他又於桃園市蘆竹區無照、毒駕撞死楊姓自行車騎士，桃園地院國民法官法庭今（23）日依不能安全駕駛動力交通工具因而致人於死罪，判處林男11年6月有期徒刑。林男施用毒品後駕駛不知情的鄭姓友人車輛上路，沿蘆竹區大竹路往南青路方向行駛時，因毒品影響注意力、反應力及控制力，先撞上前方楊姓自行車騎士，再撞上路旁停放的轎車，騎士送醫搶救延至隔天凌晨不治，林男經尿液採驗檢出依托咪酯等毒品反應。請繼續往下閱讀...國民法官法庭認為，林男於案發後經尿檢有毒品反應，且當晚11點多、事故發生前，曾自後追撞其他人車輛，隨後於11點46分撞擊楊姓自行車騎士，也未馬上停車，繼續往前行駛約75公尺，因撞到路邊車輛才停下，接連事故顯示駕車狀態已有異常，因此認為林男確有施用毒品後駕車的行為，但他留在現場符合自首減刑規定。審酌林男僅因貪圖方便毒駕、惡性非輕，犯罪時也沒有受到任何刺激，又因未注意車前狀況，駕車自後撞擊前方楊姓自行車騎士致死，且被害人毫無肇責，足認林男犯罪手段及違反義務程度均屬嚴重，更造成被害人家屬頓失至親，天人永隔傷痛，也嚴重漠視公眾往來安全。另審酌林男犯後始終否認毒駕行為，僅坦承過失致死，且未曾對被害人家屬表達任何歉意，遑論有何實質彌補作為，而在本案前已有數次無照上路被查緝的紀錄，以及其智識程度、從事模板工等情狀，皆無特別可從輕或值得同情的背景，並參酌檢察官、訴訟參與人、訴訟參與人之代理人、被告及辯護人等人關於量刑意見，依刑法不能安全駕駛動力交通工具因而致人於死罪，判處有11年6月徒刑，可上訴。☆少一份毒品就多一份健康，自由時報提醒您遠離毒品☆    ,https://news.ltn.com.tw/news/society/breakingnews/5584069
一聲示警喇叭聲  機車男攔阻計程車雙方互告,社會,2026/09/23 19:34,陳姓機車騎士向警方供述案發過程。（記者劉慶侯翻攝）註：警提供陳姓機車騎士不滿後方的林姓計程車司機按喇叭示警，竟停車攔阻在前，林男不想理會欲繞行，男又企圖攀抓車輛，結果摔倒被後車輪壓過受傷。 轄管北市警士林分局到場制止衝突場面持續擴大，陳男提告傷害，林男則提告妨害自由，全案現由警方處理中。警方表示，昨（22）日晚間7時20分許，23歲陳姓機車騎士行經北市士林福國路時，遭後方駕駛多元計程車的37歲林男按鳴喇叭示警，陳男心生不滿便乾脆直接將機車停在對方車前並下車理論。請繼續往下閱讀...林姓司機不想理會對方行徑，先倒車要繞越離去時，年輕氣盛的陳男卻上前企圖阻攔並徒手攀抓車輛，拉扯間不慎重心不穩，遭陳男車輛後輪壓過腳部受傷。​士林分局獲報後第一時間迅速派員趕赴現場，立即控制秩序阻止衝突擴大、由於當時車流量大，警方馬上協助排除車輛並維持交通順暢。目前林男對陳男提出妨害自由告訴，陳男亦對林男提出傷害、妨害自由及妨害名譽告訴，警方已通知雙方至所完成相關筆錄，後續函請士林地檢署偵辦。    ,https://news.ltn.com.tw/news/society/breakingnews/5583997
更生人窮到天花板掉下來  士檢攜手榮觀、更保中秋送暖,社會,2026/09/23 19:25,士林地檢署檢察長王以文（左）、士林榮譽觀護人協進會理事長洪良鑑（右），提供實質援助盼更生人積極面對困頓生活。（士林地檢署提供）中秋節將屆，士林地檢署、士林榮譽觀護人協進會、更生保護會士林分會、犯罪被害人保護協會士林分會等，特地於今天關懷慰問轄區內30名弱勢更生人及犯罪被害人，透過實質援助傳遞社會關懷，其中，今年7月甫出獄的更生人「阿騰」經濟困頓，與妻子蝸居於新北石門區偏僻海砂屋，鐵門生鏽、門前大片天花板水泥剝落，居住環境相當惡劣，士檢與士林榮觀得知後迅速啟動「即時援手」行動，在他艱難困苦時伸出援手，給予急難關懷，阿騰滿懷感激。受刑人出獄復歸社會後，生活的考驗才真正開始，阿騰於7月出獄後，適逢酷暑，加上經濟困頓，與妻子勉強棲身於石門郊區一處偏僻的海砂屋，住處鐵門生鏽斑駁，門前天花板有大片水泥剝落，居住環境相當惡劣，為了省電，家中沒裝冷氣，房內悶熱難耐，阿騰半夜只好睡在客廳，甚至無力負擔申辦手機的費用，面對艱困的生活環境，樂觀的阿騰仍每天精打細算生活費，咬牙苦撐等待領薪。請繼續往下閱讀...士檢觀護人與士林榮觀協進會得知阿騰的困境後，迅速啟動「即時援手」關懷活動，及時伸出援手予以急難關懷，令阿騰相當感謝，他坦言自己來自破碎家庭，從小與祖父母相依為命，家境清寒，14歲起就開始打工養活自己，看盡社會冷暖。重獲自由的第一時間，士檢觀護人與榮觀援助宛如一場及時雨，他會珍惜這份關懷，積極面對生活，不再走回頭路。今日的中秋「即時援手—關懷系列活動」，共邀請30位士林轄區的更生人到場，士檢檢察長王以文、士林榮譽觀護人協進會理事長洪良鑑、更生保護會士林分會主委謝禎煥、犯罪被害人保護協會士林分會主委林志銜皆在場，透過實質援助，協助生活遭逢變故、生活無以為繼的更生人重新出發，一起度過困境，傳遞社會關懷，協助重返生活正軌。士檢檢察長王以文表示，部分更生人與社會脫離過久，不但面臨適應問題，經濟困境首當其衝，特別感謝榮觀協進會與士林更保的付出，對社會安定注入正能量；他也勉勵在場更生人，在重返社會的過程中，家庭就是最堅強的後盾，希望更生人多為家庭付出、珍惜家人情誼，讓家庭功能更加穩固；並感謝榮觀、更保、犯保3會，為司法保護業務投入資源，建構司法保護的3大主體，這3大力量對人民權益提供更周延的保護。士林榮觀理事長洪良鑑表示，更生人常見經濟壓力，若又面臨家庭功能失序，容易再度陷入鋌而走險的犯罪循環。更生保護會士林分會主委謝禎煥表示，社會標籤與求職碰壁，常導致更生人重操舊業。犯罪被害人保護協會士林分會主委林志銜則希望，大家一起協助更生人早日復歸社會。士林地檢署檢察長王以文（左三）、士林榮譽觀護人協進會理事長洪良鑑（左二）、更保士林分會主委謝禎煥（右二）及犯保士林分會主委林志銜（左一）等人，特別在中秋節前夕慰問關懷轄區內30位弱勢更生人。（士林地檢署提供）    ,https://news.ltn.com.tw/news/society/breakingnews/5584086
台東重複酒駕人次倍增 去年全年案件統計出爐,社會,2026/09/23 19:25,台東歷年取遞酒駕成效斐然，但要斷除酒駕、重複酒駕又是另一課題。（資料照，記者劉人瑋攝）台東監理站近日公布近3年來酒駕件數，台東縣近3年的酒駕案件來看，112年初犯1033件、再犯364件；113年初犯1137件、再犯375件；114年更增加到初犯1390件、再犯770件，顯示酒駕及重複酒駕問題仍值得高度重視。監理站說，希望除了依法裁罰及辦理道安講習之外，也能進一步找出可能有酒癮問題的民眾，透過部立台東醫院專業醫療團隊進行評估、治療及心理支持，讓有需要的人可以及早接受協助。請繼續往下閱讀...今年首度實行戒酒換撤銷緩酒駕緩起訴制度，而監理站也說，台東醫院目前設有酒癮特別門診，也有相關藥物治療及補助措施，希望透過合作，讓酒駕防制從單純的裁罰，更進一步結合醫療介入與後續關懷，降低酒駕再犯的機會。台東監理站說，未來台東監理站也會持續與醫療及社區資源合作，從源頭降低酒駕風險，共同朝「零酒駕、零傷害」的目標努力。☆飲酒過量  有害健康  禁止酒駕☆    ,https://news.ltn.com.tw/news/society/breakingnews/5583993
涉台鹽綠能弊案  陳啓昱等3被告延長境管、科技監控8月,社會,2026/09/23 19:14,涉及台鹽綠能舞弊案的台鹽前董事長陳啓昱（前者）。（資料照）涉台鹽綠能公司採購與工程舞弊案的台鹽前董事長陳啓昱、台鹽綠能前總經理蘇坤煌與廠商蘇俊仁3人，因先前獲台南地院交保後，法官諭知限制出境與科技監控的期限將屆，南院合議庭近日裁定陳啓昱從今年9月27日起延長限制出境、出海及接受科技監控（電子腳環）8月，並應每天持個案手機自拍報到2次。另，蘇坤煌、蘇俊仁2人分別從今年9月26日起延長限制出境、出海及接受科技監控（電子腳環）8月，並應每天持個案手機自拍報到1次。請繼續往下閱讀...南院合議庭裁定指出，被告陳啓昱、蘇坤煌、蘇俊仁因涉違反證券交易法等案件，先前經南院裁定准陳、蘇、蘇等3人1200萬元、700萬元、700萬元的保證金以代替羈押，並均從交保日起，除限制住居外並限制出境、出海、接受科技監控8月。陳啓昱於今年1月27日，蘇坤煌、蘇俊仁於今年1月16日交保後釋放。合議庭考量被告3人涉犯重罪，若經判決確定，有逃亡可能性，收押原因仍存在，衡量比例原則，認應繼續限制出境、出海及做科技監控，以確保後續審判與執行程序的進行，因此做出上述裁定；此部分還可抗告。    ,https://news.ltn.com.tw/news/society/breakingnews/5584105
九份車禍爆衝突！公車駕駛、多元計程車司機互毆 堵死汽車路,社會,2026/09/23 18:57,台北客運與多元計程車今天下午在新北市瑞芳區九份汽車路上發生擦撞，2車駕駛在馬路上互毆。（記者林嘉東翻攝）台北客運陳姓駕駛今天（23日）下午駕車行經新北市瑞芳區九份汽車路時，與對向多元計程車張姓駕駛的車發生擦撞，雙方下車理論後情緒失控，演變肢體衝突後互毆，警方獲報，將2人分別依傷害罪嫌送辦。警方調查，這起行車糾紛發生在今天下午2時52分，46歲陳姓台北客運公車駕駛沿新北市瑞芳區汽車路由金瓜石往瑞芳方向行駛，行經汽車路88號前（天方夜譚民宿前），與對向、多元計程車47歲張姓男子駕駛的車發生碰撞。請繼續往下閱讀...事故發生後，陳男與張男下車查看後，先是與對方理論，雙方一言不合後，發生互相推擠，接著2人都按捺不住火氣，動手毆打對方；由於2人下車理論，把車停在汽車路上，造成後方車輛嚴重回堵。九份派出所獲報趕赴現場，將2人拉開採證。由於陳男與張男在衝突後互提傷害告訴，警方調閱路口監視器後，依法將2人依傷害罪函送基隆地檢署偵辦。至於2車肇事原因及衝突原因有待警方進一步釐清。    ,https://news.ltn.com.tw/news/society/breakingnews/5584073
婦科醫「無套」摸私密處30秒二審仍無罪  一審罕見勸世語曝光,社會,2026/09/23 18:50,台中高分院維持莊姓醫師一審無罪原判。（資料照）彰化一名莊姓婦產科醫師遭女患者控訴，超音波檢查時趁護理師轉身之際，未戴手套觸摸私密處逾30秒，檢方依利用醫療機會猥褻罪起訴，一審認證據不足判無罪，案件上訴台中高分院後近日仍駁回上訴，維持無罪判決，全案尚未確定。而一審法官雖判莊男無罪，卻罕見在判決書末留下「勸世語」，強調良好醫病關係建立在互信與溝通，醫師進行觸診，尤其未戴手套時，應事先充分說明，以同理心降低醫病間資訊不對等，避免因溝通不足產生醫療誤會，期盼醫師能引以為戒。請繼續往下閱讀...該案源於一名女患者到彰化某醫院婦產科就診，指控接受超音波檢查時，莊姓醫師趁跟診護理師轉身操作電腦，伸手觸碰其外陰部約30多秒，事後越想越不舒服，離開診間後向護理師反映並報警提告，檢方調查後將莊男起訴。彰化地院審理時莊男否認猥褻，護理師也證稱，進行超音波前置作業時，曾請患者將內褲褪至陰部以上、陰阜以下，並以反摺紙巾夾住內褲褲頭，避免沾染凝膠，法官認為，若要直接觸碰外陰部，勢必得將手伸進紙巾及內褲遮蔽範圍，且患者當時始終平躺，並未被要求張腿或改變姿勢，從客觀情況看，莊男實難穿過遮蔽物觸及私密部位。另考量診間空間狹小，護理師當時僅離病床約3、4步，莊男若在隨時可能遭目擊的情況下做出猥褻行為，與一般情理有所不合判決無罪，案件上訴台中高分院後，合議庭認原審認事用法並無違誤，近日駁回上訴，維持莊男無罪判決，全案尚未確定。    ,https://news.ltn.com.tw/news/society/breakingnews/5584075
左轉搶快切角撞上庇護島 北市73歲翁駕車「側躺」路中央,社會,2026/09/23 18:40,73歲黃姓老翁今日下午駕車行經台北市文山區羅斯福路六段與溪口街口左轉時，車輛左側撞上行人庇護島，整輛車失控翻橫躺在路口中央。（記者鄭景議翻攝）73歲黃姓老翁今日下午駕車行經台北市文山區羅斯福路六段與溪口街口左轉時，疑似未依規定行駛至路口中心點即搶快切角，導致車輛左側直接重重撞上路口行人庇護島，整輛車當場失控向右側翻90度、橫躺在路口中央。警消獲報趕抵將受困車內的黃男救出，所幸沒有受傷。警方經檢測排除酒駕與毒駕情事，詳細肇事原因仍待釐清。警方調查，當時黃男駕車沿溪口街西往北方向左轉，行經羅斯福路六段路口時過度向內切角，未依規定繞過路口中心點，車輛左側車身與輪胎直接騎上行人庇護島角台，龐大衝擊力導致車輛重心失控，整輛車隨即向右側翻90度、橫躺在路口中央，引發路過民眾與駕駛側目。請繼續往下閱讀...消防隊員與員警抵達現場後隨即展開車輛安全防護，合力協助受困車內的黃男脫困。經醫護人員現場檢視，黃男身體並無大礙且未受傷，表示無需送醫。轄區台北市警局文山第二分局現場對黃男實施酒精濃度檢測與毒品唾液快篩，檢測數值均為零，排除了酒後駕車與毒駕的情形。警方依規定完成現場拍照採證、繪製交通事故圖，並將調閱周邊相關影像以釐清確切肇事原因。    ,https://news.ltn.com.tw/news/society/breakingnews/5584053
一時興起半夜放炮嚇到人 賓士駕駛罰1000、副駕丟炮罰3000,社會,2026/09/23 18:32,爆竹噴發火花並發出巨響。（民眾提供）吳姓男子駕駛賓士車搭載友人簡姓男子，夜半行經苗栗縣卓蘭鎮街頭，2人一時興起，由簡男點燃會噴發火花並發出巨響的爆竹，從車窗向外丟擲至馬路上，周邊住戶受到驚嚇，報警處理。警方循線將2人查獲送辦，苗栗地院依違反社會秩序維護法，裁罰吳男1000元、簡男3000元。事發於今年6月13日凌晨0時56分許，吳男駕駛賓士車行經卓蘭鎮中正路與仁愛路口時停下，由坐在副駕駛座的簡男點燃爆竹後，從車窗向外丟擲至馬路上。請繼續往下閱讀...賓士車離去之際，爆竹隨即噴發火花並發出巨響，周邊住戶受到驚嚇，報警處理。警方調閱路口監視器影像，循線通知賓士車主到案。車主表示，案發當晚他人在家中睡覺，車輛由吳男駕駛，簡男則投擲爆竹。吳男、簡男到案後坦承犯行，並稱一時興起而為。法官認為，吳、簡2人從車窗向外投擲點燃的爆竹至公眾往來道路，且爆竹點燃時會產生高溫、高熱，若接觸人體或物品，恐有灼傷或起火燃燒之可能，已有危害他人身體或財物之虞，違反社會秩序維護法第63條第1項第4款規定。法院並認定，2人之間具有犯意聯絡及行為分擔，為共同正犯，經考量2人所為並未造成人員受傷，因此分別裁罰吳男1000元、簡男3000元。引燃的爆竹從副駕駛座被丟出。（民眾提供）    ,https://news.ltn.com.tw/news/society/breakingnews/5584011
堅稱喝保力達非酒駕拒繳12萬  屏東男「認清事實」後分期繳清,社會,2026/09/23 18:19,屏東1名男子開車不當變換車道發生車禍，酒測值超標，遭裁罰12萬元，分期僅繳1期後就不理。圖為書記官執行案件示意照。（法務部行政執行署屏東分署提供）屏東1名男子開車不當變換車道發生車禍，酒測值超標，因10年內二度違規，遭裁罰12萬元，但分期僅繳1期後就不理，案送法務部行政執行署屏東分署強制執行，他卻堅稱「只是喝保力達提神不是酒駕」，經書記官耐心解釋部分提神飲料含酒精成分後，才知道行為觸法，最終完成繳納。該名男子2024年10月開車因在快、慢車道間不當使用方向燈，貿然變換車道，導致後方直行機車騎士來不及煞車，人車倒地受傷，該名男子主動向處理交通事故的員警坦承為肇事者，且曾飲用保力達2杯，經警方實施酒測，發現男子吐氣所含酒精濃度每公升0.15毫克。請繼續往下閱讀...由於該名男子於10年內酒精濃度超標第二次，警方以違反「道路交通管理處罰條例」第35條第3項規定予以舉發，裁罰新台幣12萬元，吊銷普通小型車駕照，並應參加道路交通安全講習，公布姓名、照片及違法事實。男子接獲裁罰通知雖申請分期繳款，但繳1期後就未再繳納，高雄區監理所屏東監理站後將該案移送屏東分署強制執行。屏東分署收案後，承辦書記官了解司法院相關裁判，發現男子與受害機車騎士達成調解，且男子曾就該件罰鍰向監理站申請分期，推測他應有資力負擔罰鍰，於是發文通知男子。男子接到通知後，先以電話聯繫書記官，表示「只是喝保力達提神不是酒駕」，不願繳納。經書記官耐心解釋部分提神飲料含酒精成分，為維護全體用路人的通行安全，只要喝了含酒精成分的飲品，都不應再駕駛動力交通工具，所以縱使不是喝「酒」也會觸犯法律紅線，如仍不繳納，恐面臨扣薪扣帳戶等狀況。男子此時才認知到自己的行為已觸法，並表示因經濟能力無法一次繳清欠款，希望能用分期方式繳納。不久依約以分期方式繳清欠款11萬元。屏東分署提醒民眾提神飲料非一般飲料，部分含酒精成分，飲用前請務必檢視成分表，避免誤踩法律紅線。☆飲酒過量  有害健康  禁止酒駕☆    ,https://news.ltn.com.tw/news/society/breakingnews/5584023
澎湖中正橋下發現無名男屍  隨身「白沙屯媽祖鑰匙圈」供指認,社會,2026/09/23 18:09,馬公警分局公布死者身上鑰匙串，帶有白沙屯媽祖鑰匙圈。（白沙警分局提供）9月18日在連接白沙與湖西鄉中正橋南端，發現1具無名遺體，由於身上無任何證明文件，至今無法確定身分，連帶使案情陷入膠著，馬公警分局今（23）日公布死者身上隨身鑰匙串，掛在白沙屯媽祖鑰匙圈，呼籲家有失蹤人口民眾，盡速與馬公警分局聯絡，確定死者身分以釐清死因。馬公警分局調查指出，18日上午8時許，民眾於湖西鄉中正橋南端海岸潮間帶活動時，發現一具遺體，隨即通報警方處理。馬公警分局沙港派出所員警獲報後立即趕赴現場，並迅速進行現場封鎖及管制。警方初步勘查，大體外觀已有明顯變化，初步辨識為男性，身著紅色上衣及黑色短褲，現場未發現可供確認身分之相關物品。請繼續往下閱讀...馬公警分局隨即封鎖現場，通知偵查隊及鑑識人員到場進行現場勘查、採證及相關調查工作，後續將持續查明死者身分，並將遺體送往菊島福園冰存，報請檢察官相驗，以釐清確切死亡原因及相關案情。馬公警分局表示，目前相關調查工作均依程序進行中，詳細身分及死亡原因仍待進一步釐清。死亡時間約1個月。初步調查結果，死者年約55-65歲、身高175cm、牙齒狀況不佳，身上有一串鑰匙，懸掛白沙屯媽祖鑰匙圈，警方提供鑰匙照片，讓家有失蹤人口的家屬，符合相關特徵者，可以前往馬公警分局指認。18日在中正橋發現的無名屍，至今身分仍未確定。（民眾提供）    ,https://news.ltn.com.tw/news/society/breakingnews/5583936
新北查賄選第9案！涉搓圓仔湯想勸退對手 三峽現任女里長收押禁見,社會,2026/09/23 17:50,新北市三峽區無黨籍現任謝姓女里長，涉對劉姓女里長參選人勸退參選，新北地檢署聲押禁見獲准。（資料照）新北市三峽區無黨籍現任謝姓女里長，涉對劉姓女里長參選人「搓圓仔湯（即期許一定利益，要求對方放棄競選）」勸退參選，但失敗；新北地檢署獲報後昨指揮調查局新北市調查處兵分5路發動搜索，約談證人及被告共8人到案，訊後依違反公職人員選舉罷免法，向法院聲押禁見謝女獲准；這是新北檢自9月7日至22日偵辦的第9件涉賄選案。檢調昨持法院核發搜索票，前往謝女及相關涉嫌人士住居所實施搜索，並訊問謝女等5名被告及3名證人到案說明。請繼續往下閱讀...經檢察官訊問後，認謝女涉「對具有候選人資格之人行求賄賂，約其放棄競選」罪，犯嫌重大，且有事實足認有湮滅證據、勾串共犯或證人之虞，並有羈押必要，向法院聲請羈押禁見獲准；其他涉案人士則分別論知交保20萬元至40萬元不等，或命限制住居。    ,https://news.ltn.com.tw/news/society/breakingnews/5583925
社工侵吞長者1200萬 北市社會局沒發現 張育萌批：蔣萬安還護航,社會,2026/09/23 17:43,台北市社會局38歲社工江羿潔涉嫌利用職務之便，侵吞5名受監護長者逾1200萬元。（記者劉詠韻攝）台北市社會局38歲社工督導江羿潔涉嫌利用職務之便，侵吞5名無法自行管理財產的受監護長者逾1200萬元，引起社會譁然。對此，台灣青年世代共好協會理事長張育萌怒批，案情如此離譜，台北市社會局竟都沒發現，蔣萬安今還護航說是「社會局主動發現、主動調查、主動向地檢署告發」，讓他怒轟，「告發、報警不是基本的嗎？這也可以拿來說？社會局都不用檢討？」張育萌在臉書發文表示，台北文山區的5位長輩，養老錢竟然被市府社工督導捲走超過千萬，整整一年多蔣萬安的社會局都沒發現，涉案社工都離職了，同仁清點帳戶才驚覺出大事。檢調掌握，江姓社工原本是台北市社會局老人福利科的社工督導，有些長輩無法自理，沒有親人也沒朋友，社會局會保管他們的存摺和印章，江姓社工督導就負責管理至少 5位長者的養老存款。請繼續往下閱讀...張育萌指出，這5位長輩有精神障礙或心智缺陷，沒辦法自由表達想法，所以社會局是他們唯一的依靠，沒想到從去年5月開始，一路到今年6月，江姓社工涉嫌監守自盜，竟然捲走這些老人的錢，超過1200萬。張育萌再指，她的手法很簡單，這些長輩住的安置機構，會向社會局申請照顧費，長輩有時候要買吃的、買尿布，反正只要有生活費，江姓社工就向社會局提簽呈，申請要代領現金。但這一年來，她疑似「以少報多」，把費用大量浮報，譬如說安置機構費用實際上20萬，她就浮報領50萬，就可以把30萬價差私吞，靠這樣每次偷賺7、8千到10 多萬都有。張育萌表示，檢警昨天在三重租屋處把她拘提，發現現場有愛馬仕、香奈兒、LV 在內 13個名牌包、卡地亞手錶，甚至還有一個鑽戒。而案情會曝光，是因為江姓社工在今年6月離職，接班的同仁發現好多長輩的帳戶裡，金額都莫名變少，社會局才發現，趕快報案。張育萌批評，問題是案情如此離譜，台北市社會局一年多來都沒發現，更扯的是這位江姓社工會離職，是因為她要到新北市政府工作。如果不是接手的同事警覺，不就讓她在台北安全下莊，還可以繼續到新北市？張育萌直指，該案發生在蔣萬安的社會局長姚淑文任內，結果蔣萬安今天還急忙護航，早上說「社會局主動發現、主動調查、主動向地檢署告發」。讓他怒轟，「我的老天啊，A走老人1200萬的苦命錢，告發、報警不是基本的嗎？這也可以拿來說？社會局都不用檢討？蔣萬安現在是擺爛到，只要有做事，開口就要討誇獎嗎？」    ,https://news.ltn.com.tw/news/society/breakingnews/5583778
又是她！台鐵「逃票名人」轉戰台中公車 網PO文釣出潮州副站長,社會,2026/09/23 17:43,陸姓婦人搭台中市公車未刷卡被抓包。（Threads/zhuolongbin提供）台中市1名陸姓婦人搭公車拒絕刷卡，還自稱「台中市民」可免費搭車，警方到場查證身分後，認定她涉嫌違反社會秩序維護法，後續將依法裁處，事件影片曝光後，網友認出她就是過去多次在台鐵逃票、曾遭潮州站副站長提告的「逃票名人」。台中市第一分局22日下午5時15分接獲報案，指台灣大道一段、中華路一段路口有乘客搭公車未刷卡，54歲陸姓婦人上車後未依規定刷卡，司機請她下車也不理會，員警進一步查證身分時，她又拒絕出示證件，警方遂依警察職權行使法規定查證，陸女才表明身分，行為涉嫌違反社會秩序維護法，「無票或不依定價擅自搭乘公共交通工具或進入遊樂場所，不聽勸阻或不照章補票或補價者。」可處3日以下拘留或1萬2000元以下罰鍰。請繼續往下閱讀...根據民眾在Threads上傳畫面，陸女先向警方表示是台中市民，因此搭公車不用錢，員警向她說明，即使符合市民優惠，也須依規定設定卡片並刷卡，陸女隨後改口稱卡片遺失，又質疑自己是外國人為何要提供證件，面對警方詢問是否有零錢購票，仍不願下車，最後由警方將她帶下車查證，期間甚至有熱心婦人拿出20元協助，沒想到陸女竟將錢收進口袋，仍未完成付費。陸女身分曝光後，被網友認出是過去在台鐵多次逃票的女子，更釣出台鐵潮州站邱姓副站長留言，透露過去曾因陸女逃票提告詐欺，案件已判處拘役59日，另稱她還有其他案件，檢察官正聲請執行。    ,https://news.ltn.com.tw/news/society/breakingnews/5583930
投資建案3000萬疑被坑  前永靖鄉長彰檢按鈴申告、怒控中檢不起訴,社會,2026/09/23 17:34,李詩焱（左）與人合資投資建案被坑騙3000萬元，今在律師郭棋湧（右）的陪同下按鈴申告。（記者顏宏駿攝）彰化縣前永靖鄉長李詩焱與人合資投資建案，被建設公司內部人員坑騙3000萬元，李詩焱認為，諸多被告仍逍遙法外，且以同樣手法對其他人詐騙，今（23日）下午在前高檢署主任檢察官、現執業律師郭棋湧陪同下，前往彰化地檢署按鈴申告。他指控台中檢方偵辦此案時，原告、被告均未傳喚，就直接做出不起訴處分，質疑辦案過程有重大瑕疵，希望彰化地檢能徹查全案，為他伸張司法正義。與人合資在員林市蓋建案，總共62戶，在交屋完畢之際，傳出一名大股東在外欠下上億元的債務，「債權人」因此對建設公司進行假扣押，接著公司資金遭掏空。李詩焱認為公司股東和「債權人」聯手製造「假債權」騙他，已提出詐欺及背信罪告訴。請繼續往下閱讀...李詩焱指出，騙他的人目前仍逍遙法外，恐以同樣的方式對人詐騙。他表示，約10年前在朋友的介紹下投資員林一個建案，與人成立建設公司，他投資3000萬元，占2成股份，該建案62間新房完工也完售，公司正要發放獲利時，傳出裡面一名股東在外欠上億元的債務，其債權人到法院公證後取得債權憑證，然後向法院聲請支付命令，再強制執行，掏空公司資產。李詩焱說，涉案人疑似聯手利用法律漏洞，先偽造合作興建契約書與「假債權」，再拿到法院公證，靠著一紙偽造契約與法院公證，讓法院核發兩筆共1.25億元的支付命令，進而聲請強制執行、查封建案，迫使公司支付3000萬元。他強調，公司被詐騙金額在建案部分達1億3000多萬元，加上員林段5筆土地4910萬元，總計超過1億8000萬元。依新修正的打詐專法，詐騙金額超過1億元者，可處7年以上、12年以下有期徒刑，為何檢察官不辦，令他深感懷疑。律師郭棋湧表示，支付命令相關法條在2015年修正後，法院已改為較嚴謹的書面審查，但本案涉案人利用司法制度漏洞製造假債權、聲請支付命令，法院未進行實際審核，僅憑書面審查就容易出現破口，這是司法制度亟待檢討之處，應建立更嚴謹的審核機制。李詩焱說，因發現新事證，且公司已遷回彰化，因此改向彰化地檢署提出告訴，期盼司法能徹底調查，別讓涉案人繼續逍遙法外。    ,https://news.ltn.com.tw/news/society/breakingnews/5583886
貪長者財產換名牌！北市女社工認罪收押  愛馬仕等百萬精品曝光,社會,2026/09/23 17:15,從檢警查扣畫面中，大大小小精品幾乎塞滿整張證物桌，其中香奈兒、愛馬仕等包款，單只專櫃售價動輒數十萬元，Cartier腕錶、戒指同樣價值不菲。（記者姚岳宏翻攝）台北市社會局社工督導江羿潔，涉嫌任職一年內侵吞5名受監護長者逾1200萬元，檢警昨搜索住處，大批精品也隨之曝光，愛馬仕、香奈兒、LV等10餘只名牌包擺滿桌面，另有Cartier腕錶、戒指，粗估總價破百萬元。江女移送台北地檢署複訊時已坦承犯行，台北地方法院今認其涉犯貪污重罪、有逃亡之虞，裁定羈押禁見。從檢警查扣畫面可見，大大小小精品幾乎擺滿整張證物桌，後排10餘只名牌包一字排開，包括LV經典Monogram老花包、香奈兒黑色菱格紋包及愛馬仕皮包；前方則擺有香奈兒皮夾、卡夾等皮件，中央2只鮮紅色Cartier珠寶盒格外醒目，盒內分別是一只腕錶及戒指，宛如將精品專櫃搬進分局。請繼續往下閱讀...其中香奈兒、愛馬仕等包款，單只專櫃售價動輒數十萬元，Cartier腕錶、戒指同樣價值不菲；連同LV等10餘只名牌包及皮件，滿桌精品粗估總價突破百萬元。檢警調查，江女原任北市社會局社工督導，負責文山區受監護宣告長者的安置及財產管理，卻利用保管存摺、印章及處理財產的職務機會，自去年5月至今年6月底間，陸續侵吞5名長者財產，合計逾1200萬元。直到江女離職、轉任新北市政府，北市社會局辦理業務交接、清點個案財產時，才發現帳目異常並報警。北檢黑金組檢察官鄭雅方昨指揮信義警分局搜索江女住處並拘提到案，江女複訊時坦承犯行，檢方認定其涉犯貪污治罪條例「利用職務機會侵占職務上持有財物」等罪嫌重大，向法院聲押禁見；北院今下午開庭後，認其有逃亡之虞，裁定羈押禁見。台北市社會局社工督導江羿潔偵訊時坦承犯行，北院下午裁定收押禁見。（記者劉詠韻攝）    ,https://news.ltn.com.tw/news/society/breakingnews/5583889
46歲男陳屍新北殯儀館公廁  胞兄指認：不知弟弟為何來這裡,社會,2026/09/23 16:46,新北市殯儀館今天上午傳出一名男子陳屍公廁，檢警相驗釐清死因。（警方提供）新北市110今天上午接獲新北殯儀館報案，指稱一名男子倒在公廁內，警、消到場，發現男子明顯死亡，勘驗沒發現外傷，排除外力介入，檢警下午相驗，胞兄透露不清楚胞弟46歲陳男為何出現該處，死因仍待相驗釐清。海山警分局今天上午6時許接獲轉報，轄區新北市殯儀館內公廁傳出男子倒臥，偵查隊、新海所派員到場，男子已失去生命跡象，鑑識人員到場採證，初步未發現明顯外傷或外力介入，後續通報新北地檢署相驗，釐清死因。請繼續往下閱讀...警方從死者身上證件，通知胞兄到場指認，初判死者為46歲陳男，聯繫家屬，胞兄到場指認確定身分，但不清楚胞弟為何出現殯儀館；據透露，由於殯儀館內及周遭有供品，不排除街友到該處尋找食物，死因仍待進一步釐清。    ,https://news.ltn.com.tw/news/society/breakingnews/5583872
酒駕撞死運將 歌手邱軍做木地板工程學徒：願先賠200萬,社會,2026/09/23 16:44,唱紅「運轉人生」原住民歌手邱軍酒駕撞死路邊排班運將逃逸，一審重判10年徒刑。上訴後，高等法院今天首次開庭，面對媒體提問，他僅說謝謝、抱歉。（記者楊心慧攝）唱紅「運轉人生」27歲原住民歌手邱軍前年酒駕撞死路邊排班計程車司機逃逸，基隆地院國民法官法庭今年5月依酒駕累犯致死、肇事逃逸致死等罪，合併重判邱軍10年徒刑。案經上訴，高等法院今天首次開庭，邱軍在法庭上說，希望法官能給他機會，盼從輕量刑；辯護律師則說，目前可先賠償150萬到200萬元，其餘款項努力籌措。邱軍2024年12月27日凌晨與女友、友人在基隆餐館飲酒，開車載女友離開，在信一路撞上路邊排班的李姓、陳姓計程車司機，造成李男死亡、陳男受傷，肇逃2天後投案。基隆地檢署依酒駕致死、肇事逃逸致死等罪起訴，一審國民法官法庭合併判刑10年。請繼續往下閱讀...一審基隆地院認為，邱軍已有酒駕紀錄卻再犯，撞死計程車司機後為逃避責任肇逃，事後還送修車輛企圖滅證、找友人勾串卸責，且初期否認犯行，直到證據明確才認罪，加上未與死者家屬和解賠償、悔意不足，因此予以重判。但基隆地院也列出4項有利量刑因素，包括邱軍在偵查中期及審理時坦承犯行；死者當時站在慢車道上，對事故發生亦有過失；邱軍已與陳姓傷者和解，並曾提出先賠死者家屬350萬元、餘款分期的方案，並非毫無賠償意願；此外，除2018年酒駕獲緩起訴外，無其他犯罪紀錄。案經上訴，高院今天開準備程序庭，邱軍對犯罪事實及法律適用均不爭執，僅針對量刑部分爭執。辯護律師說，邱軍一審協商時提出的350萬元賠償金，也是四處籌措而來，並未因演藝工作累積財力，與被害人家屬期待的賠償金額仍有落差；另參酌過往司法判決，辯方認為邱軍所受刑度較其他類似案件為重，盼二審重新審酌量刑，請求法官改判8到9年的徒刑。受命法官請邱軍表達意見，在律師的提示之下，邱軍僅說，希望庭上能給予機會，承認犯罪。辯護律師則補充說明，邱軍曾有緩起訴紀錄再犯本案，一審卻認定緩起訴為前科，但當時已時隔6年，應算無前科，且邱軍當然希望能依被害人家屬所提金額賠償，但受限於經濟狀況，難以一次籌措大筆款項，目前可先提出150萬至200萬元現金，後續再陸續籌措，盼能繼續與被害人家屬協調賠償事宜。針對目前工作及家庭現況，邱軍說，目前做木地板工程學徒，與朋友一起住在三重，不須撫養父母。法官諭知訂於10月21日上午9點45分進行審理程序。☆飲酒過量  有害健康  禁止酒駕☆    ,https://news.ltn.com.tw/news/society/breakingnews/5583793
基檢平溪老街擊鼓反賄選 放「厚賄有期」天燈祈福,社會,2026/09/23 16:38,基隆地檢署結合新北市平溪十分老街傳統天燈文化，舉辦兼具文化傳承與反賄意涵的宣導活動。（基隆地檢署提供）2026年九合一選舉將至，基隆地檢署為了將清廉選風深植人心，昨由基隆地檢署主任檢察官李堯樺帶領觀護人室團隊，與基隆市榮譽觀護人協進會深入新北市平溪區十分老街，結合在地傳統天燈文化，舉辦一場兼具文化傳承與反賄意涵的宣導活動，吸引大批鄉親與遊客熱烈響應。活動由財團法人犯罪被害人保護協會基隆分會「馨鼓樂團」的隆隆鼓聲拉開序幕，展現馨生人堅韌的生命力，與司法機關嚴懲不法、堅守正義的決心。請繼續往下閱讀...為突破傳統宣導方式，基隆地檢署別出心裁地準備「乾淨每一步 正義我守護」數獨貓互動遊戲，讓民眾在寓教於樂中掌握「檢舉賄選5要訣」：一接（接近觀察）、二保（保存證據）、三打（撥打檢舉專線）、四訴（起訴後先領1/4獎金）、五領（判決確定再領剩餘獎金）活動最後，民眾以毛筆揮毫在天燈上寫下：「不賄選 才是真會選！」、「厚賄有期，徒刑等你！」等反賄選標語，將一盞盞象徵乾淨選風的天燈燃放升空，引來現場遊客拍照留念。基隆地檢署檢察長陳佳秀呼籲，11月28日地方公職人員選舉切勿心存僥倖，請民眾珍惜手中的神聖選票，選賢與能。若發現任何選舉不法情事，請勇於撥打檢舉專線：0800-024-099（按4）。檢舉賄選最高可獲得 2000萬元 獎金，且檢舉人身分將全程嚴格保密，期盼全民齊心協力，共同守護純淨的民主環境。民眾在天燈上寫征「不賄選 才是真會選！」、「厚賄有期，徒刑等你！」等反賄選標語，引來現場遊客拍照留念。（基隆地檢署提供）基隆地檢署施放象徵乾淨選風的天燈，吸引遊客拍照留念。（基隆地檢署提供）    ,https://news.ltn.com.tw/news/society/breakingnews/5583792
張俊傑逃亡共犯第13人落網！協助接應在南部逃竄  聲稱不知張是誰,社會,2026/09/23 16:38,協助張俊傑逃亡第13名疑犯梁嫌移送台北地檢署偵辦。（記者陸運鋒翻攝）無黨籍立法委員高金素梅「大帳房」張俊傑棄保潛逃已超過半個月，迄今行蹤不明，警政署日前懸賞百萬元檢舉獎金，檢警專案小組持續搜捕，今日又有最新進展，於台南地區拘提協助張俊傑逃亡的疑犯30歲梁昱仁；據了解，他涉嫌負責協助其中一名接應張俊傑的嫌犯逃亡，已帶回新店警分局製作筆錄，詢後將移送台北地檢署偵辦，並持續追查幕後藏鏡人。張俊傑潛逃案目前已拘提陳俊瑋、周煥凱、陳彥安、陳俊翰、陳厚彰、潘信義、陳采薰、伍恩廷、陳威達、吳東翰、陳元安、林哲丞，若再加上今拘提到案的梁昱仁，已經有13名協助逃亡共犯落網。請繼續往下閱讀...檢警調查，張俊傑本月6日到新店咖啡店找助理陳俊瑋，下午再到大安森林公園與寶和會陳威達碰面，2人破壞電子手環後，一起坐計程車在萬華、桃園一帶，期間還借用計程車司機手機聯繫周煥凱，南下嘉義後2人分道揚鑣。據知，周煥凱7日在台南、嘉義交界接應張俊傑後，整天都在嘉義、台南、高雄四處亂繞，之後在嘉義交接給陳厚彰，而陳厚彰短暫載著張南下，再交接給駕駛高級商務車的陳俊翰。張俊傑原打算8日凌晨從高雄港偷渡出境，但遭到國安、警政及海巡系統嚴密封鎖，陳俊翰只好安排張入住高雄鼓山區五星級飯店，之後再交回陳厚彰。檢警追查，張俊傑最後身影12日出現在台南，期間仍有伍恩廷、吳東翰、陳元安、林哲丞等人協助接應，伍涉嫌將權利車借出，吳涉嫌棄置權利車，陳涉嫌居中聯繫，林涉嫌接應張俊傑。經檢警逐步比對監視影像、車行軌跡及手機通聯再追出梁昱仁，他涉嫌協助接應張俊傑的疑犯後續在嘉義、台南、高雄地區逃竄，初步了解，他並未與張俊傑見過面，且稱並不知道張是誰，但說詞有諸多模糊不清之處，檢警將持續追查釐清。無黨籍立法委員高金素梅「大帳房」張俊傑棄保潛逃已超過半個月，迄今行蹤不明，檢警專案小組持續搜捕。（資料照）    ,https://news.ltn.com.tw/news/society/breakingnews/5583791
糗爆！大貨車沒算準距離 狠撞路燈橫躺路中,社會,2026/09/23 16:36,大貨車沒算準距離撞倒路燈。（記者徐聖倫翻攝）一輛大貨車今中午行經新北市樹林區中山路三段，疑因駕駛未妥善注意車體與路側障礙物距離，不慎擦撞路邊路燈桿，強烈撞擊導致燈桿當場傾倒橫躺路面。樹林警分局接獲報案後，立即派員趕赴現場實施交通管制與疏導，所幸整起事故未造成任何人員受傷。​員警抵達現場後，第一時間在周邊路段架設警示裝備並引導往來車流，避免後方車輛因視線死角引發二次事故。警方同步進行現場測繪與採證，經初步檢測，肇事駕駛精神狀態正常，實施呼氣酒精測試結果酒精值為零，已排除酒駕及毒駕情事。請繼續往下閱讀...​為防範交通癱瘓，警方隨即通報主管機關派員前往搶修，並協調吊車將倒塌的燈桿移除，順利清理現場並恢復道路通行。確切肇事原因、責任歸屬及後續路燈賠償事宜，仍待警方進一步調查釐清。​樹林警分局呼籲，大型車輛駕駛人行駛於市區道路或狹窄路段時，應隨時注意車體寬度、裝載高度及與路側障礙物之安全距離，並減速慢行，以維護自身及其他用路人安全。路燈橫躺路中阻礙通行。（記者徐聖倫翻攝）    ,https://news.ltn.com.tw/news/society/breakingnews/5583843
台中女闖紅燈被撞飛  暖心駕駛擋車網讚：好人一生平安,社會,2026/09/23 16:33,台中楊姓女子闖紅燈穿越馬路，駕駛閃避不及撞倒，所幸有熱心民眾幫忙擋車。（記者陳建志翻攝）領有身心障礙手冊的楊姓女子昨晚上9點多行經台中市大里區中興路1段、仁化路口闖紅燈，沿著行人穿越道旁奔跑穿越馬路，綠燈直行轎車駕駛路姓男子閃避不及撞上，楊女躺在地上一動也不動，嚇壞路人，一名熱心駕駛開車擋在她後方避免來車輾壓，網友讚爆「好人一生平安」。楊女送醫僅擦挫傷無大礙，但她明顯違規，警方分析研判後若確認違規會開罰。台中市警局霧峰分局昨晚（22日）9點16分接獲報案，大里區中興路1段與仁化路口有行人被撞。員警到場發現，26歲楊姓女子違規從行人穿越道闖紅燈穿越中興路，左閃右閃車子，接著突然加速往前跑，70歲路姓男子開車沿中興路往大里橋方向綠燈行駛，閃避不及撞上，趕緊停靠路邊。請繼續往下閱讀...楊女躺在路中央一動也不動，行經車子看到趕緊閃避，但是一開始無人理會，一名行經的駕駛熱心逆向將車停在後方阻擋，以防後車輾到楊女，網友看到這一幕讚爆，「好人一生平安」，還有人說要請他吃飯。警方說，楊女住在附近，昨晚違規穿越馬路，所幸僅擦挫傷，送醫治療後已返家。詳細肇事原因將送交通警察大隊分析研判，針對楊女明顯違規穿越馬路，分析研判後若確認違規會開罰。    ,https://news.ltn.com.tw/news/society/breakingnews/5583717
工務處又爆涉貪弊案！張育慈批竹縣府監督體制失靈 勿再以個案切割,社會,2026/09/23 16:06,時代力量竹北市東區議員參選人張育慈強烈痛批，工務處短短不到兩年再度爆發重大貪污案，縣府絕不能再以「個案」切割敷衍，必須即刻建立更嚴格的監督機制，從根本杜絕結構性弊端！（記者廖雪茹攝）新竹縣政府工務處廖姓聘用人員涉嫌利用審查建照、使照及土資場申設等職權，長期收受業者現金、投資分紅、名牌包與高檔飲宴招待，犯罪所得高達1294萬元，新竹地檢署今日依貪污治罪條例等罪嫌將廖男及業者共7人提起公訴。對此，時代力量竹北市東區議員參選人張育慈強烈痛批，工務處短短不到兩年再度爆發重大貪污案，縣府絕不能再以「個案」切割敷衍，必須即刻建立更嚴格的監督機制，從根本杜絕結構性弊端！張育慈質疑，2024年工務處下水道科才剛爆發僱員與廠商收賄案，共14人被起訴，如今同一單位竟又爆出涉貪弊案。更令人震驚的是，廖男自2015年起便與業者建立長期的對價關係，甚至在文件未齊全時私自在系統登載已完成查核，如此離譜的違法行為竟然橫行多年未被內部察覺，充分暴露了縣府監督體制的嚴重失靈。請繼續往下閱讀...「案件有罪與否待司法審判，但同一單位接連出事，縣府不能再把『配合偵辦』當成唯一回應。」張育慈直指，問題核心在於工務處審查與查核權限過度集中且缺乏有效的覆核機制。她提出質疑，縣府雖然已在2024年訂定《公務人員廉政風險職務遷調要點》，要求高風險職務原則上3年必須輪調，但廖男在工務處任職長達20多年，其經手的業務到底有沒有被列入高風險職務？輪調機制究竟有沒有落實執行？縣府必須向全體縣民坦白交代。張育慈公開要求，縣府應全面盤點建照、使照、土資場及各類工程等具高度裁量權的業務，嚴格落實人員輪調、交叉覆核與不定期抽查機制，並限期公開檢討報告與改善時程，主動接受議會與大眾監督。她強調，廉政絕不能僅憑公務人員的自律，縣府必須透過健全的制度築起防火牆，才能避免相同的制度漏洞繼續製造下一個貪污官員！    ,https://news.ltn.com.tw/news/society/breakingnews/5583733
新莊中港三街4層樓公寓 3樓住家客廳冒濃煙火舌,社會,2026/09/23 15:59,公寓起火消防人員救援中。（記者徐聖倫翻攝）新北市新莊區今下午2時許傳火警，中港三街一處4層樓公寓的3樓住家客廳突然冒出大量濃煙與火舌，火勢一度猛烈。119接獲報案，立即派員趕抵現場進行救援。消防人員拉起水線灌救，順利控制並撲滅火勢，隨後持續灑水降溫。警方同步清查並聯繫該棟公寓共6戶住戶，確認全數平安、無人傷亡或送醫。新莊警分局中港派出所員警也調閱周邊監視器畫面保全現場，確切起火原因與財物損失，仍待消防局火災調查科進行鑑定釐清。請繼續往下閱讀...​新北市消防局呼籲，民眾平時應注意居家用火及用電安全，離家前務必確認電器與火源關閉，若發現火災應立即撥打119報案並聽從指引迅速疏散。警方拉起封鎖線並管制往來車輛。（記者徐聖倫翻攝）    ,https://news.ltn.com.tw/news/society/breakingnews/5583784
1年侵吞5長輩1200萬買精品包 北市最貪女社工收押禁見,社會,2026/09/23 15:39,江羿潔透過職務之便，領走受監護宣告的老人戶頭內的錢，被移送台北地檢署。（記者劉詠韻攝）原任職於台北市社會局社工督導的江羿潔，竟然透過職務之便，領走受監護宣告的老人戶頭內的錢，疑似有5名老人受害，盜領金額約1200萬元。台北地檢署昨日指揮台北市警局信義分局前往江女住處搜索，並將其移送北檢並聲押禁見，台北地院今日下午2時30分召開聲押庭以後，裁定收押禁見。江女過去曾擔任愛慈基金會兒少團體家庭社工督導，任職期間負責政府安置及特殊需求兒少照顧，並曾經上節目受訪以及參與社工專書《優勢觀點與社會工作實務─邁向復元之路》的製作。當剴剴案爆發時，江女也曾經以她的社工身分，上節目講述兒少保護議題。請繼續往下閱讀...江女在2025年5月開始任職於台北市社會局，並擔任社工督導一職，主責文山區受監護宣告老人的財務管理、機構安置業務，沒想到外型甜美，且看似善良和藹的江女，竟然會利用職務之便，藉由負責保管的存摺、印章，從那些老人的帳戶中提領款項，短短1年內海撈約1200萬元。案件之所以會爆發，是因為江女在今年6月轉任到新北市政府工作，台北市社會局點交時，驚覺有5名老人的帳戶有異常金流，經過初步調查以後才發現是江女侵占了1200萬元，於是報案處理。北檢昨日指揮信義分局搜索江女住處，並查扣了包含愛馬仕、LV、香奈兒等昂貴的精品包，並把江女拘提到案，檢方複訊以後聲押禁見獲准。台北地院今下午2時30分召開聲押庭，認為江女犯罪嫌疑重大且犯罪情節及金額非輕，客觀上有逃亡之虞。另外，目前案情仍有待釐清等，足認被告有勾串共犯或證人之虞，因此認有羈押之原因及必要，故裁定羈押並禁止接見通信。江羿潔（右2）上囚車。（記者翁靖祐翻攝）    ,https://news.ltn.com.tw/news/society/breakingnews/5583735
佯裝配合攔檢卻加速逃逸逆向闖紅燈 警半小時內圍捕壓制酒駕男,社會,2026/09/23 15:38,警方尾隨拒檢逃逸的吳姓男子，同時通報攔截圍捕。（記者徐聖倫翻攝）新北市林口區昨日晚間發生一起酒駕拒檢案件，39歲吳姓男子駕駛自小客車行經佳林路時，因開車東張西望、形跡可疑遭巡邏警員示意攔停。不料吳男竟佯裝配合，趁員警不備突然加速逃逸，沿途逆向、闖紅燈嚴重危害用路安全。警方立即啟動攔截圍捕，於半小時內在文化北路二段成功將吳男攔下並壓制就逮。​據悉，林口警分局文林派出所所長羅偉哲、警員陳貴泓，昨晚間8時許巡邏經佳林路發現吳男車輛行跡可疑，遂鳴笛要求接受盤查。吳男因酒駕心虛，佯裝停靠後隨即油門一踩加速狂飆，沿路橫衝直撞企圖擺脫警方追捕。請繼續往下閱讀...​警方隨即啟動攔截圍捕，於晚間9時30分許在文化北路二段198號前將該車強行攔停，員警迅速湧上將吳男拖下車壓制在地。經實施酒測，吳男呼氣酒精濃度達0.23mg/L，他承認因酒駕害怕遭逮捕才選擇鋌而走險逃逸。​警方表示，本案圍捕過程中未造成任何員警、民眾受傷或車輛受損。警詢後，依公共危險罪嫌將吳男移送法辦，並針對其違規行為依法開單製單、移置保管車輛及扣繳車牌。☆飲酒過量  有害健康  禁止酒駕☆    ,https://news.ltn.com.tw/news/society/breakingnews/5583695
太陽聯盟「駙馬爺」假網拍詐1100萬 泰達幣沒收、名車拍賣賠受害人,社會,2026/09/23 15:30,太陽聯盟大老「落庫」沈春雄的女婿何恭宇，涉嫌利用Instagram等社群平台架設人頭帳號進行假網拍。（記者鄭景議翻攝）太陽聯盟大老「落庫」沈春雄的女婿何恭宇，涉嫌利用Instagram等社群平台架設人頭帳號進行假網拍，一年間詐騙449名民眾，總財損達1100多萬元。桃園地檢署檢察官王曹吉欽指揮刑事局國際刑警科偵一隊等多單位組成專案小組，將何等4人緝捕到案，近日偵結全案提起公訴並求處4至8年重刑；詐團被查扣的38萬8888顆泰達幣遭沒收、何嫌的Toyota Alphard休旅車也被拍賣，使所有受害者都能獲得求償。警方調查，25歲何恭宇為太陽聯盟幹部，同時也是太陽聯盟大老「落庫」沈春雄的女婿。何男在中壢租用社區大樓成立詐騙機房，並招募廖翊安、林宗瑋等幹部。林男負責在Instagram、Threads及Facebook等社群平台架設人頭帳號，刊登精品包包、熱門手機與名錶等低價競標或販售廣告；廖男則在機房後台負責對接回覆受害民眾。被害人信以為真，將款項匯入指定人頭帳戶後，集團便直接斷聯不出貨。前年6月至去年6月間，全台共有449人上當受害，總財損超過1100萬元。請繼續往下閱讀...何恭宇還負責聯繫車手端，要另一名太陽聯盟幹部林莛樺，調集越南籍車手組成提領集團，前往全台各地ATM密集領取被害人匯入的贓款，並逐層上繳。何男接獲現金後，再將贓款轉化為泰達幣等加密貨幣匯至機房錢包，藉此洗白贓款並製造金流斷點。桃園地檢署檢察官王曹吉欽指揮偵辦下，專案小組於今年3至4月發動收網行動，於桃園、台中等地將何恭宇、廖翊安、林宗瑋及林莛樺（借提）4名核心成員全數逮捕歸案。何恭宇及林宗瑋訊後獲50萬元交保，廖翊安則遭羈押禁見。桃園地檢署近日偵結，將何恭宇等人依詐欺犯罪危害防制條例、洗錢防制法、組織犯罪防制條例及刑法加重詐欺等罪嫌提起公訴，具體求處4年至8年不等重刑。檢警還查扣38萬8888顆泰達幣（約合新台幣1116萬元），由台中地院宣告沒收；法務部行政執行署桃園分署則將扣案的Toyota Alphard即時變價拍賣，成功以96萬元拍定。所有沒收與拍賣所得將全數用於補償449名受害民眾，確保受害者全數獲得求償。☆自由時報電子報提醒您，防詐騙專線︰165，報案專線︰110☆何嫌的Toyota Alphard休旅車也被拍賣。（記者鄭景議翻攝）林男負責在Instagram、Threads及Facebook等社群平台架設人頭帳號，刊登精品包包、熱門手機與名錶等低價競標或販售廣告。（記者鄭景議翻攝）    ,https://news.ltn.com.tw/news/society/breakingnews/5583712
防堵下一個依托咪酯 高市警爭取「替來他明」納管,社會,2026/09/23 15:14,防堵下一個依托咪酯，高市警爭取替來他明納管。（記者黃良傑攝）「喪屍煙彈」依托咪酯新興毒品引起社會關注，有醫師提醒動物麻醉藥「替來他明」（Tiletamine）可能會被濫用，高雄市議會今（23）日有議員關切，警方強調將透過警政署積極向法務部「毒品審議委員會」建議，依法提報將其比照依托咪酯增列為第一級毒品。針對李雅靜等議員質詢新興毒品，尤其是管理藥品部分，高市警局表示，「替來他明Tiletamine 」屬解離性麻醉劑，結構與K他命相似，主要用於獸醫麻醉，吸食後會產生幻覺、四肢抽搐，過量使用對中樞神經及大腦造成不可逆傷害，刑大表示，目前高雄尚未查獲類似毒品及吸食案。請繼續往下閱讀...警方指出，目前第一線員警針對可疑粉末或毒品咖啡包，可先運用試劑進行常見毒品初篩，針對Tiletamine將同步配合警政署規劃，積極爭取採購及配發專用快速檢測試劑，提升第一線即時辨識效能。另於實驗室精準檢驗方面，刑事警察局及國內權威檢驗機構，目前均已具備以高階精密儀器（如液相層析串聯質譜儀 LC-MS/MS）精確檢測Tiletamine成分的技術，可作為司法定罪之實質依據。警方表示，最重要還是法源依據，將積極建請列管與法務部配套，因其藥理機轉與K他命相當，高市警局將透過警政署積極向法務部「毒品審議委員會」建議，依法提報將其比照依托咪酯增列為第一級毒品（或視社會危害評估加重列管），嚴防動物麻醉藥「替來他明」成為下個依托咪酯。☆少一份毒品就多一份健康，自由時報提醒您遠離毒品☆    ,https://news.ltn.com.tw/news/society/breakingnews/5583685
國道又醉了 福高台南段貨車自撞米酒散落,社會,2026/09/23 15:06,國道3號台南新化路段發生瓶裝米酒掉落路面的意外，後方車輛撞擊及。（民眾提供）繼昨天福爾摩沙高速公路善化交流道匝道有貨車載運的上千鋁罐啤酒翻落路面後，今天福高新化段再發生聯結車自撞後，載運的瓶裝米酒翻落灑滿路面，造成後方13車因閃避、碰撞掉落物而肇事，4人受傷送醫，全線封閉清理中，案由國道警方調查中。警方今天中午12點47分獲報，國道3號北向344.6公里新化系統路段發生事故，派員趕往現場，初步調查，25歲陳姓男子駕駛聯結車行駛其中，疑因分心恍神，自撞內側護欄，致裝載貨物分別散落於南、北向車道，掉落物為放置於塑膠籃裡的瓶裝米酒，灑滿路面，另有13部車因閃避、碰撞掉落物致肇事，現場仍在排除中。請繼續往下閱讀...該起事故造成4人受傷送醫救治，陳男酒測值為0，其餘駕駛待檢測，有關肇事經過及肇因研判，由國道八隊善化分隊調查釐清。國道3號台南新化路段發生聯結車自撞意外，導致瓶裝米酒掉落路面。（民眾提供）國道3號台南新化路段發生瓶裝米酒掉落路面的意外，後方13部車輛撞擊及。（民眾提供）    ,https://news.ltn.com.tw/news/society/breakingnews/5583694
高雄鼓山3機車連環撞 2騎士受傷,社會,2026/09/23 14:59,高雄鼓山3機車連環擦撞，警方初判迴轉違規肇事。（圖由民眾提供）高雄黃姓女子（18歲）騎機車至路口，迴轉時未注意並禮讓直行機車，2輛機車擦撞後，波及另1輛停等迴轉的機車，3輛擦撞的機車騎士經酒測，並無酒駕情事，肇責仍待警方進一步釐清。鼓山分局今（23）日指出，昨晚6時許獲報，轄內鼓山一路與鼓山一路巷口有交通事故，警方獲報後立即派員趕赴現場查處，並迅速協助疏導周邊交通與處置傷者；經了解，黃女（18歲）騎乘機車沿鼓山一路南往北方向行駛，於事故地點欲進行迴轉時，與對向北往南直行的鍾姓男子（20歲）發生碰撞。請繼續往下閱讀...車禍波及另1輛正在等待迴轉的李姓男子（22歲）的機車，現場黃女與鍾男受有輕微擦傷，經檢視無大礙；後續警方對3名駕駛人實施酒測，均無酒精反應。肇事原因初步認定為黃女迴轉未依規定所導致，全案已由警方依規定進行測繪、受理。鼓山分局呼籲，駕駛人行駛道路欲進行迴轉或轉彎時，務必注意車前與周遭狀況，並應依法禮讓直行車先行；請確認雙向安全距離無虞後再行通過，切勿搶快以避免發生事故。    ,https://news.ltn.com.tw/news/society/breakingnews/5583600
涉嫌千元現金買票！新竹村長參選人2人收押禁見,社會,2026/09/23 14:59,新竹縣某村參選人涉買票，新竹地檢署搜索查扣近4萬元現金。（記者廖雪茹攝）首次上稿09:50更新時間14:59（新增收押禁見）年底選舉將至，檢調全力查緝賄選，新竹地檢署日前接獲檢舉，指出新竹縣峨眉鄉中盛村有2名村長參選人涉嫌花錢找選民買票，檢方獲報後隨即成立專案小組，於昨（22）日發動大規模搜索與約談，並查扣現金近4萬元。檢察官訊問後，認為徐姓與蔡姓2名參選人涉案重大，且有串證、滅證之虞，向新竹地方法院聲請羈押禁見，今獲院方裁定收押。請繼續往下閱讀...新竹地檢署指出，檢察長柯宜汾接獲情資後極為重視，立即指派主任檢察官蔡宜臻統籌，由專責檢察官沈郁智、陳芊伃主辦，並調派多名檢察官支援。昨（22）日上午，檢方指揮新竹縣警局、新竹縣調查站、刑事警察局及移民署新竹縣專勤隊等單位聯手出擊，執行2處搜索。辦案人員在行動中一共傳喚、通知2位參選人及26位選民到案，共計28人列為被告。現場同時扣得手機2支、隨身碟3個、選舉名冊、筆記本等證物，並當場查扣現金3萬9000元的買票疑似賄款。檢方調查發現，涉案的徐姓與蔡姓村長參選人為了順利當選，涉嫌在今年8月至9月期間，以每票1000元至3000元不等的金額，向村內有投票權的選民發放現金求票。檢察官複訊後，認定徐、蔡兩人涉犯《公職人員選舉罷免法》第99條的投票行賄罪，犯罪嫌疑重大，且有湮滅證據、勾串共犯或證人的高度疑慮，因此依法向新竹地方法院提出羈押禁見聲請。新竹地檢署特別呼籲，參選人應透過政見爭取認同，切勿試圖以金錢或不正當利益換取選票；選民也應珍惜投票權利，勇敢拒絕買票。檢方強調，後續將持續結合檢、警、調等單位全力查賄，堅持「勿枉勿縱」的原則，以維護公平、公正的廉潔選舉環境。    ,https://news.ltn.com.tw/news/society/breakingnews/5583178
社工離職才曝光侵吞長者財產 蔣萬安稱「主動發現」挨轟監督失靈,社會,2026/09/23 14:51,台北市議員許淑華質疑市府社福管理已全面癱瘓，社工利用職務之便侵吞長者財產，竟拖至離職清點才被發現，質疑市府監督機制完全失靈。（資料照）台北市社會局前社工督導江羿潔，涉嫌利用保管受監護宣告老人的存摺與印章的機會，侵吞文山區至少5名長者財產逾千萬元，離職辦理業務交接時被發現帳目短少，全案才曝光。台北市長蔣萬安稱是社會局主動發現、調查、告發，台北市議員許淑華質疑市府社福管理已全面癱瘓，社會局為什麼拖了1年多才發現？把事後補救包裝成主動作為，不能掩蓋一年多來監督機制完全失靈的事實。許淑華指出，社會局在這名社工離職、清點經手財物時，才發現帳目異常。蔣萬安對外回應也強調社會局是「主動發現、主動調查、主動告發」。問題是，這名督導從去年5月任職到今年6月，錢一筆一筆被領走長達一年多，市府都沒有察覺；人走了才發現帳不對，這不是主動，是後知後覺。把事後補救包裝成主動作為，不能掩蓋一年多來監督機制完全失靈的事實。請繼續往下閱讀...許淑華認為，整起案件最讓人震驚的，不只是有人涉嫌侵占長者的存款，而是市府的管理與督導，為什麼長時間都沒有發現？這些長者需要政府協助照顧，才把財產交由市府管理。錢一次次被領出來，主管有沒有核對用途？有沒有定期查帳？為什麼5個人的存款出現異常，卻要等到承辦人離職才發現？如果她沒有離職，這些錢是不是還會繼續被領下去？她表示，個人的犯罪嫌疑交給司法調查。但社會局和市府管理階層必須回答「監督機制為什麼失效？」蔣萬安說要「追究到底」，不能只追究一名前員工，也必須包括讓漏洞存在一年多的管理責任。從剴剴案、女童安置延宕240天、狼師性侵案調查報告拖228天，再到這次長者存款案，受影響的都是最需要政府保護的人。雖然案件不同，卻一再看到風險沒有被及時發現，出了事才開始檢討。許淑華要求市府全面清查代管財產案件，向受影響的長者交代款項如何追討；也要查明提款、核章和對帳流程究竟在哪一關失守，由誰負責監督，何時完成改善？社會安全網不能總在出事後才說要檢討。台北市政府的管理出了問題，蔣萬安必須親自說清楚、負起責任。    ,https://news.ltn.com.tw/news/society/breakingnews/5583633
中秋教師節連假將至 北市警啟動百處交通疏導,社會,2026/09/23 14:48,因應連續假日，警方提前到崗疏導交通。（記者劉慶侯翻攝）9月25日至9月28日為中秋節及教師節連續假期，北市警察局為維護交通順暢及行車秩序，特規劃交通疏導勤務，於中秋節及教師節連假前（9月24日）在中山北路、忠孝西路口等100處重要路口崗位，提前於16時派員到崗疏導，其餘路口則於16時30分到崗，請民眾配合員警、義交指揮。警方表示，高速公路局於9月25日（星期五）6時至12時針對國道1號（南下）實施高乘載管制。北市管制點計有重慶北路交流道南下匝道口、民族東路松江路匝道口、濱江街（大佳國小）高速公路南下匝道口、建國高架（南往北建國高架、民權東路匝道出口前）、環河北路南下匝道口、成功路二段交流道南下匝道口、汐五高架交流道港墘路出堤頂大道南下匝道口、汐五高架交流道舊宗路二段南下匝道口等8處，民眾應留意管制地點、時段。請繼續往下閱讀...另針對本市轄內各觀光遊憩景點（如陽明山、士林官邸、兒童新樂園、木柵動物園及白石湖等）、大型百貨公司（賣場）及其他交通繁雜商圈周邊道路，亦增派交通疏導崗位，避免交通壅塞影響民眾假日旅遊興致，給民眾一個舒適的用路環境。北市警局提醒中秋節及教師節連假（前）欲前往陽明山、士林官邸、兒童新樂園、木柵動物園及白石湖等觀光景點或各大百貨（賣場）之民眾，儘量搭乘大眾運輸工具或接駁專車，以免耽誤行車時間。    ,https://news.ltn.com.tw/news/society/breakingnews/5583657
高雄街頭暴力衝突！42歲男駕駛街口下車 持器械朝21歲男駕駛揮舞,社會,2026/09/23 14:24,高雄市楠梓區下班尖峰時刻，於德民路與東昌街口男子疑似因不滿路況，竟在十字路口直接下車，手持不明器械朝後方駕駛揮舞。（記者蔡清華翻攝）高雄市楠梓區驚傳街頭暴力衝突！昨日傍晚正值下班尖峰時刻，在德民路與東昌街口，42歲的林姓男子疑似因不滿路況，竟在車水馬龍的十字路口直接下車，手持不明器械朝後方21歲的鍾姓年輕駕駛瘋狂揮舞，嚇壞目擊民眾。楠梓警分局接獲報案後立即展開追查，目前已鎖定特定對象，全案將依刑法恐嚇罪嫌偵辦。據了解，當時年僅21歲的鍾姓男子駕駛自小客車，正沿著楠梓區德民路正常行駛。不料，行經東昌街口時，前方由42歲林姓男子駕駛的自小客車正準備左轉，雙方疑似在轉彎路權上產生誤會，隨後爆發口角糾紛。請繼續往下閱讀...林男當下情緒失控，竟不顧路上往來眾多的人車安全，直接拉開車門下車，右手亮出預藏的器械，當街對著鍾男座車作勢瘋狂揮舞。突如其來的暴力舉動，讓現場氣氛一度降至冰點，受害的鍾男也飽受驚嚇。楠梓警分局接獲報案後立即調閱周邊監視器與行車紀錄器畫面展開追查。警方表示，目前已經迅速掌握涉案林姓駕駛的行蹤並鎖定特定對象，將於最短時間內傳喚其到案說明。由於林男當街亮器械恐嚇行徑明確，警方強調將依刑法恐嚇罪嫌嚴厲偵辦。    ,https://news.ltn.com.tw/news/society/breakingnews/5583582
家教狼師對14歲少女揉胸摸大腿！ 惡行曝光竟還「情勒家屬」,社會,2026/09/23 14:23,男家教老師竟在書房對年僅14歲的女學生伸狼爪。（情境照）高雄市一名男家教老師，竟對年僅14歲的女學生伸出狼爪！他於晚間家教課時，無視女學生拚命壓緊衣領、褲子的拒絕訊號，強行揉胸、撫摸大腿內側猥褻得逞，導致女學生身心重創，嚴重影響升學考試，必須就醫治療。事後雖口頭認罪，卻縱容親姊姊直接衝到被害人女學生的家中、父母工作場所「登門情勒」，法官直斥其犯後態度惡劣，依強制猥褻罪，從重判處有期徒刑10個月。判決書指出，A男與少年B女為家教師生關係，去年11月20日晚間10時許，利用在B女住家書房單獨上課的機會，先用原子筆及手指觸碰B女的耳朵與脖子試圖調戲，隨後竟繞到B女背後，強行將手伸進B女的內衣內側直接揉捏胸部，甚至一路向下撫摸大腿內側強行猥褻。請繼續往下閱讀...橋頭地院審理，B女及父親堅拒絕與狼師和解，A男在選任律師後，不循正當法律途徑商談，反而放任自己的胞姊使出「情勒攻勢」，私自跑到B女父母的工作場所、甚至直接衝到B女住家圍堵、寄信騷擾。A男姊姊尋求和解的理由，字字句句都在圍繞「被告自己處境很可憐」、「請考量被告的家庭狀況」，一味要求被害人家屬大度寬容，卻完全自私地忽略B女受害後瀕臨崩潰的身心狀。法官在判決書中直斥被告身為家教老師，授課內容還包含法律常識，本應給予學生正確的指導與保護，竟僅為滿足一己性慾做出惡行；且其「情勒式」尋求和解的手段，加深被害人二次傷害，引發家屬極大負面情緒，實難認定其犯後態度良好，依法重判10個月有期徒刑，全案仍可上訴。☆自由電子報關心您：若懷疑孩童遭受身體虐待、精神虐待或是性侵害、性騷擾，請撥打113專線，透過專業社工員接線服務，將可盡快救援在生命危機中的兒童。☆    ,https://news.ltn.com.tw/news/society/breakingnews/5583609
孕妻突出血！男駕車急伸手求援 高雄警開道4分鐘送抵醫院,社會,2026/09/23 14:19,陳男將手伸出車窗外，示意求援。（民眾提供）陳姓男子開車時突然伸手，攔下高市前鎮警分局巡邏員警，原來他懷孕的未婚妻突然出血，心急如焚的陳男怕寶寶保不住，請求員警幫開道送醫，原本10分鐘的路程，花了4分鐘就抵達醫院，所幸陳妻及時獲得醫療協助。前鎮警分局一心路派出所警員饒傑明20日下午3時巡經前鎮區光華路、汕頭街口，看見迎面而來的轎車駕駛伸手示意求援，饒員上前查看，30歲陳姓男子焦急表示，其未婚妻因身體不適突然出現出血情形，情況令人擔憂，急需趕往醫院接受治療。請繼續往下閱讀...饒員當即請陳男駕車緊跟警用機車，隨即開啟警示燈及警報器，在前方協助開道，當時正逢車流繁忙，但必須分秒必爭，饒員穿梭車陣開道，還得不時透過後照鏡確認陳男車輛是否安全跟上。人車安全抵達阮綜合醫院，原本10分鐘的路程，最後只花了4分鐘，陳男對著饒員稱謝不已。陳男及時將身體不適的未婚妻送抵醫院。（民眾提供）員警騎著警車穿梭車陣，幫需要醫療協助的車輛開道。（民眾提供）    ,https://news.ltn.com.tw/news/society/breakingnews/5583572
首度選村長卻踩紅線！ 雲林二崙年近8旬參選人送禮拜票遭聲押,社會,2026/09/23 13:33,二崙鍾姓村長參選人與柯姓樁腳今年7月起贈送給至少20名選民茶葉罐、或醬油、餅乾大福袋，並夾帶競選文宣，欲取得支持。（雲林地檢署提供）繼偵辦雲林古坑村長、鄉代參選人涉賄後，今（23日）檢、警再度偵辦二崙某村年近八旬、首度參選的鍾姓村長參選人，今年7月起為求順利當選，與柯姓樁腳，贈送給至少20名選民茶葉罐、或醬油、餅乾大福袋，並夾帶競選文宣。檢方昨晚間陸續帶回共計20人到案說明，認為鍾、柯違反選罷法，且有勾串之虞，向雲林地方法院聲押禁見。雲林地檢署日前接獲情資，指二崙某村長參選人涉賄，指派檢察官黃薇潔、林麗純指揮雲林縣調查站、虎尾、西螺警分局、刑事警察局第六大隊組成專案小組，前往該參選人住處搜索，陸續帶回、傳喚鍾、柯男等20名相關人證到案說明。請繼續往下閱讀...檢方查出，鍾男為取得村民支持，7月起親自或透過柯男，贈送選民茶葉罐，或者贈送夾雜茶葉包、醬油、餅乾的大福袋，發送當下更夾帶競選文宣，更向村民請求拜託支持，至少20名村民收受市價300至400元禮品。地方民眾指出，該村因現任村長不再競選連任，因此有2名新人競選，該名參選人「老驥伏櫪，志在千里」，可能因首次選舉，不諳法規也未向他人請教，因此踩選舉紅線。檢方表示，經檢察官訊問後，認鍾、柯姓涉犯公職人員選舉罷免法，且有事實足認有勾串共犯、證人之虞，向雲林地法聲請羈押禁見，其餘收受賄賂之選民及證人均請回，呼籲參選人無論以現金或其他具經濟價值財物作為對價，均足以動搖投票權人之意志，將秉持「不問對象、不分黨派、不設上限」原則，全力打擊賄選及其他妨害選舉行為。二崙鍾姓村長參選人與柯姓樁腳今年7月起贈送給至少20名選民茶葉罐、或醬油、餅乾大福袋，並夾帶競選文宣，欲取得支持。（雲林地檢署提供）    ,https://news.ltn.com.tw/news/society/breakingnews/5583524
打公用電話謊報「張文式捷運恐怖攻擊」 警7小時逮到基隆男,社會,2026/09/23 13:06,吳男用公共電話謊報後離去。（記者王冠仁翻攝）29歲吳姓男子長期精神不穩，過去有多起謊報紀錄，他昨天從基隆住家搭車來到台北市亂晃，最後在台北捷運劍潭站2號出口的公共電話打電話報警，聲稱「有網友將在Telegram通訊軟體群組進行『張文式』捷運恐怖攻擊」。警方獲報第一時間加強捷運站體維安，同時追查，7小時後鎖定式吳男報警，前往其基隆住處，警方證實他再次謊報後，將他帶回派出所究辦。警方調查，住在基隆的吳姓男子昨天早上離開住家後，搭車前往台北市區閒晃，他下午4時許跑到北捷劍潭站2號出口，使用該處的公共電話報警，謊稱「有網友將在Telegram通訊軟體群組進行『張文式』捷運恐怖攻擊」。請繼續往下閱讀...轄區士林分局獲報後立刻派遣20多名警力荷槍實彈趕往捷運站，同時通報北捷、捷運警察隊，全面提升劍潭站及周邊大眾運輸系統之維安戒備。警方同時研判這起報案電話謊報的成分居多，警方著手追查報案者身分，根據監視器畫面，鎖定一名戴黑帽、口罩及手套的男子，這名男子打完報案電話後，徒步至台北表演藝術中心搭乘基隆客運，在昨晚6時許許於基隆轉運站下車。警方協請基隆市警察局針對影像進行辨識與比對，不久就鎖定住在基隆、過往有類似謊報紀錄的29歲吳姓男子。由於吳下車地點距離住家僅2公里，有高度地緣關係，警方隨即前往吳男住家，經比對其屋內衣物與鞋子與謊報者相符，在案發後7小時後確認吳就是謊報者。吳母告訴警方，吳長期精神狀況不穩，有服藥控制，但過去依然出現多起類似事件，他自己也說不出所以然。警方檢視吳男手機，並未發現其所稱「於Telegram群組發起恐怖攻擊」之相關訊息或紀錄，證實全案為虛構謊報。警方最後將吳男依恐嚇公眾罪嫌送辦，同時也呼籲，捷運及大眾運輸安全絕對不容挑釁，對於任何無端謊報、危害社會秩序與引發大眾恐慌之行為，警方必定爭分奪秒、依法嚴辦，提醒民眾切勿以身試法。警方鎖定吳男的鞋子追查。（記者王冠仁翻攝）警方在吳男家中查獲同款鞋子。（記者王冠仁翻攝）警方加強劍潭站維安。（記者王冠仁翻攝）    ,https://news.ltn.com.tw/news/society/breakingnews/5583512
高雄近8月毒駕肇事已超去年 議員示警「替來他明」恐成新威脅,社會,2026/09/23 13:00,"警方加強查緝毒駕。（記者陳文嬋攝）高雄市近8月毒駕肇事案件達106件，超越去年一整年88件，議員李雅靜示警新興毒品替換速度比想像得還快，「替來他明」可能成為下一個依托咪酯（俗稱喪屍煙彈），要求警方超前部署防制。議員李雅靜根據市府資料表示，高雄市查獲毒駕案件從113年363件、去年暴增到1258件；毒駕肇事案件同樣快速增加，113年38件、114年88件，今年1至8月達106件，今年還沒有過完，毒駕肇事案件已經超過去年全年。請繼續往下閱讀...李雅靜指出，毒駕不是單純交通違規，而是「馬路上移動炸彈」，真正重要是把危險攔在事故發生之前，要求警方建立滾動式毒駕熱點地圖，依據案件發生地點、時間及相關風險資訊，強化精準攔查與執法，不是事故發生後再處理，而是把移動中危險，在事故發生前攔下來。李雅靜也示警「新興毒品替換速度，比想像得還快！」，更點名一項可能快速蔓延的新興毒品「替來他明」，原本是動物醫療用來全身麻醉藥，若遭不當使用於人體，可能產生強烈幻覺、意識錯亂及空間感喪失等作用，甚至可能引發暴力行為與毒駕風險。李雅靜說，已有醫師示警「替來他明」可能成為下一個依托咪酯（俗稱喪屍煙彈），要求警方正視這項新興威脅，提升新興毒品查緝與快篩能力，跟上新興毒品快速替換速度，不能只在犯罪發生後查緝，應提前掌握犯罪趨勢，建立更具前瞻性防制機制。☆少一份毒品就多一份健康，自由時報提醒您遠離毒品☆    ",https://news.ltn.com.tw/news/society/breakingnews/5583491
新北三重燒肉店4年燒3次！ 彭佳芸批消防去年5月抽檢卻稱合格,社會,2026/09/23 12:52,新北市三重區燒肉店「燒肉Smile」20日火警，有黃姓民眾與家人迫不得已從2樓跳樓逃生。圖為黃家人傷勢。（彭佳芸辦公室提供）新北市三重區燒肉店「燒肉Smile」20日火警釀成9傷，市議員彭佳芸表示，一家五口從2樓跳下逃生，該店4年內已發生3次火警，消防局卻表示去年5月消防設備抽查均符合規定，市府應檢討歷次火警後的改善措施、逃生動線及燒肉器具安全。消防局說，消防局對營業場所安檢向來嚴謹，該場所自2020年列管以來，每年皆依規定完成檢修申報與複查，且依規定辦理消防安全複查。彭佳芸指出，該店2023年、2024年曾有火警紀錄，消防局應說明歷次火警原因、安檢紀錄及業者改善情形，並釐清後續追蹤機制是否確實落實，消防設備檢查合格不代表營業場所就沒有風險，消防局應針對多次發生火警的高風險場所提高檢查頻率並檢討現行安檢制度。請繼續往下閱讀...此外，彭佳芸表示，長時間使用的高溫烤爐，油脂、排煙管線及桌面材質都可能增加火災風險，消防局與經濟發展局應共同檢視烤爐、桌面材質、排煙及燃氣設備的安全與維護情形，並針對高風險營業場所強化無預警檢查頻率；消防安檢也不能只看圖面就認定現場具備安全逃生條件，應重新比對核准圖面與實際現況，避免火災發生時逃生設備形同虛設。消防局回應，該場所第一起火警發生於2023年11月，為顧客於用餐桌燒烤時不慎引燃，第二起2024年7月因用餐桌下方的抽風軟管積聚油垢、蓄熱進而冒煙，9月20日案起火點位於用餐桌下方附近，初步研判為油漬接觸火源或高溫所引燃，確切原因仍待釐清。消防局說，對於多次發生火警高風險燒烤餐廳加強檢查頻率，後續公安小組針對此類場所將聯合稽查，另針對場所設置有避難器具者，消防局也適時指導員工熟悉操作並檢查避難器具周遭操作空間有無障礙物影響使用。新北市三重區燒肉店「燒肉Smile」20日火警，有黃姓民眾與家人迫不得已從2樓跳樓逃生。圖為黃家人傷勢。（彭佳芸辦公室提供）新北市三重區燒肉店「燒肉Smile」20日火警，有黃姓民眾與家人迫不得已從2樓跳樓逃生。圖為黃家人傷勢。（彭佳芸辦公室提供）    ,https://news.ltn.com.tw/news/society/breakingnews/5583496
2童戲水竟遭槍口瞄準！毒男闖泳池2度扣扳機 二審仍判6年4月,社會,2026/09/23 12:49,警方在案發當下迅速逮捕陳男。（資料照）台中市29歲陳姓男子去年施用大量毒咖啡包後失控，持槍闖進西屯區一間游泳學校，對著教練及2名幼童二度扣下扳機，所幸槍枝未擊發，驚險逃過一劫，一審依殺人未遂等罪判刑6年4月，陳男不服提起上訴，台中高分院今（23）日審結駁回上訴、維持原判。陳男2025年10月10日晚間闖入西屯區光明路一間游泳學校，當時葉姓教練正帶著一對分別6歲和7歲小兄妹在泳池練習，陳男不僅持槍逼近教練與孩童更舉槍瞄準並扣下扳機，所幸槍枝不明原因未擊發，教練見情況不對，立即護住孩子，趁著短暫空檔帶著2名幼童撤離，沒想到陳男撿起手槍後再次拉滑套、瞄準3人扣下扳機，槍枝依舊沒有擊發，3人這才驚險逃過死劫。請繼續往下閱讀...陳男離開泳池後，仍持槍在附近停車場揮舞，甚至拿槍敲擊轎車擋風玻璃，警方趕抵將他壓制逮捕，並查扣槍枝、子彈及大量毒品，陳男到案後坦承，案發前曾喝下20包毒咖啡包，辯稱意識混亂、無法控制自己才犯案。不過法院認為，他持槍對未滿7歲幼童及教練扣扳機，犯罪情節重大，一審判處有期徒刑6年4月，另於刑期執行完畢或赦免後，令入相當處所監護2年，陳男上訴期間主張沒有共犯、無串證及逃亡之虞，在看守所表現良好並獲頒獎狀，且尚有2歲子女需要照顧，請求交保。但法院認為他所涉為5年以上重罪，仍有羈押原因及必要，裁定延押，二審合議庭也認為原審判決並無不當，駁回上訴，維持6年4月徒刑，仍可上訴。☆少一份毒品就多一份健康，自由時報提醒您遠離毒品☆    ,https://news.ltn.com.tw/news/society/breakingnews/5583493
遺體相驗意外立功！檢察官看群組「兩行字」  偵破201億虛擬貨幣洗錢帝國,社會,2026/09/23 12:46,台中地檢署查獲張姓男子涉嫌以科技公司當掩護，卻架設平台供中國人士洗錢，總洗錢金額高達201億餘元，今天將張男等人依特殊洗錢等罪嫌起訴。（記者陳建志攝）台中地檢署今年1月進行一件死亡相驗時，發現死者和主管、同事對話疑涉洗錢，經深入追查發現張姓主嫌（23歲）以慧鑫、序禾兩家公司當掩護，架設NOW PAY、X PAY平台，與中國人士共謀，進行人民幣與虛擬資產USDT（泰達幣）兌換，涉嫌洗錢達201億2843萬，檢警今年5月起發動5波搜索，逮捕張男等30名共犯，全案今天偵結，依涉嫌違反非法提供虛擬資產服務、特殊洗錢等罪嫌將張男等人起訴。台中地檢署檢察官陳巧曼，今年1月進行慧鑫員工死亡案件相驗時，從死者與同事及主管對話中，發現「銀行卡」、「USDT」等文字，比對其等所稱公司是從事文字行銷客服業務的情形不同，懷疑涉嫌洗錢。請繼續往下閱讀...經指揮台中市刑大科技犯罪偵查隊等單位進行偵辦，今年5月到8月先後發動5波搜索，查扣作案用手機、電腦主機及現金等物，並向台中地院聲請羈押禁見張姓主嫌獲准（23歲），並聲請扣押裁定，扣押98萬元。檢警查出，該集團從2025年7月起，以慧鑫科技、序禾行銷兩家公司在台中市的辦公室為掩護，招募人資、營運及客服人員，分工經營NOW PAY、X PAY平台，並作為境外洗錢集團在台的客服據點。利用平台提供有買賣USDT需求的商戶使用，另架設虛假的寶可夢NFT、魔戒遊戲等網站，供個人幣商作為交易外殼，以規避中國警方查緝。檢警清查金流發現，NOW PAY平台自2025年11月1日至2026年8月10日，涉嫌洗錢金額達新台幣163億1366萬餘元；X PAY平台自2025年11月1日至2026年5月27日，涉嫌洗錢金額達38億1477萬餘元，總洗錢金額高達201億2844萬餘元，該集團則從中獲利達3億1501萬餘元。全案今天偵結，將張男等30人，依涉嫌違反非法提供虛擬資產服務、特殊洗錢等罪嫌起訴，並聲請沒收犯罪所得。    ,https://news.ltn.com.tw/news/society/breakingnews/5583472
竹縣寄養家庭虐童！5歲童顱內出血延誤就醫 施暴男二審減為11月,社會,2026/09/23 12:45,新竹縣在半導體產業工作且就讀神學院的徐男，長期對受委託照顧的5歲林童施虐毆打施暴，造成男童肋骨骨折、全身多處瘀傷，甚至撞擊頭部導致顳骨骨折、顱內出血。（資料照）新竹縣在半導體產業工作且就讀神學院的徐男，長期對受委託照顧的5歲林童施虐毆打施暴，造成男童肋骨骨折、全身多處瘀傷，甚至撞擊頭部導致顳骨骨折、顱內出血。男童出現步履不穩、身體癱軟、無法正常言語等症狀後，徐男仍未立即送醫，直到約4小時後才與妻子將男童送醫，新竹地院依成年人故意對兒童傷害罪判刑一年。案經上訴，高等法院今撤銷改判有期徒刑11月。全案仍可上訴。一審判決指出，徐男與妻子自2022年5月起，受台灣兒童暨家庭扶助基金會新竹分事務所委託，照顧2017年8月出生的林姓男童，由徐男擔任主要照顧者。徐男在2023年2月1日下午5時前一個月內，多次在住處對男童施以暴力，造成左側第9根肋骨骨折及全身多處瘀傷。請繼續往下閱讀...同年2月1日下午5時許，徐男撞擊男童頭部，造成顳骨線性骨折、顱內出血等傷勢，男童陸續出現步履不穩、身體癱軟、無法正常言語及嗜睡等情況，徐男明知傷勢嚴重，為避免送醫後施暴行為遭人察覺，仍未立即就醫，而是將男童安置在住處的廁所地板冰敷，直到當晚9時才與妻子將男童送醫，徐妻在一審獲判無罪。徐男在一審審理期間否認犯罪，新竹地院認定林童身上受有多處大小不一瘀傷，並檢出陳舊性肋骨骨折，顯見林童長期處於反覆外力侵害環境，對其身心造成嚴重影響，且徐男矢口否認犯行，並以不合理之意外情節卸責，其辯詞矛盾，難以採信，徐男動搖社會共同維護幼童保護的核心價值，依成年人故意對兒童犯傷害罪判刑一年。案經上訴，高院合議庭認為，徐男上訴否認犯罪並無理由，但一審認定男童腦傷是「不明原因受撞擊後，加上徐男延誤就醫所造成」，此部分認定有誤，因此撤銷原判重新量刑。高院合議庭表示，徐男對身為寄養兒童的男童反覆施以傷害、凌虐，嚴重妨害其身心健全，男童頭部傷勢接受治療後，腦部仍有異常放電情形，須定期回診並服用抗癲癇藥物才逐漸好轉；徐男犯後始終否認犯行，但二審期間已自行匯款50萬元至男童的社會局安置帳戶作為補償。高院合議庭考量，此案僅徐男提起上訴，且原判決並非因適用法條不當而遭撤銷，依「不利益變更禁止原則」，二審不得判處比一審1年徒刑更重的刑度，綜合相關情狀後，改判徐男有期徒刑11月，全案仍可上訴第三審。☆自由電子報關心您：若懷疑孩童遭受身體虐待、精神虐待或是性侵害、性騷擾，請撥打113專線，透過專業社工員接線服務，將可盡快救援在生命危機中的兒童。☆    ,https://news.ltn.com.tw/news/society/breakingnews/5583459
運動社群曬獲利！台中女信貸、押房買金條 「黃金換泰達幣」慘噴1500萬,社會,2026/09/23 12:43,台中市第二分局長王國峯（左）到警廣分享反詐成果。（警方提供）台中市北區一名約40歲林姓女子近期加入臉書運動社群，看到群組成員頻曬投資獲利，心動之下踏入「黃金換泰達幣」假投資陷阱，不惜信貸、抵押房產籌錢買金條，再交給所謂「特約實體幣商」，直到出金遭拒才驚覺受騙，前後慘噴1500萬餘元。台中市第二分局長王國峯22日接受廣播電台專訪時，分享轄區近期反詐成果及常見詐騙手法，並以林女遭騙案例提醒民眾，社群裡看似真實的「獲利見證」，可能正是詐團精心設下的誘餌。請繼續往下閱讀...經查，林女加入Facebook運動社群後，受到群組成員不斷分享投資成功案例吸引，主動詢問投資資訊，詐團隨即出招宣稱可透過「黃金兌換泰達幣」，再將虛擬貨幣投入投資平台獲利，並要求她購買金條後，交給指定「特約實體幣商」，林女深信不疑，甚至透過信貸及抵押不動產借款籌措資金，持續投入金錢，沒想到當她想將獲利「出金」時，卻發現帳戶無法提領，這才驚覺掉進假投資陷阱，損失超過1500萬元。王國峯表示，今年1至8月該分局受理詐騙案1007件，較去年同期1436件減少429件；財損也從6.86億元降至4.26億元，減少約2.6億元，此外，今年截至8月底已成功阻詐67件，攔阻金額達6600萬餘元，至於轄區詐騙受理件數前三名為網路購物、假投資及色情應召，若以財損金額觀察，則以假投資、假檢警及假交友結合投資居高，民眾遇陌生投資邀約務必提高警覺，有疑問可撥打165反詐騙專線查證。☆自由時報電子報提醒您，防詐騙專線︰165，報案專線︰110☆    ,https://news.ltn.com.tw/news/society/breakingnews/5583415
社工侵吞長者千萬買愛馬仕、香奈兒 社工司要北市行政調查,社會,2026/09/23 12:40,江女外型亮眼，過去曾以社工身分登上節目受訪，在社福圈具有一定資歷。（記者劉詠韻攝）台北市社會局38歲社工江羿潔涉嫌利用職務之便，侵吞5名無法自行管理財產的受監護長者逾1200萬元，引起外界關注。衛福部社工司表示，已發文請台北市啟動行政調查，確認重大違失後將當事社工移付懲戒，最重可廢止社工執照；社家署則指出，待案情釐清後，會檢討執行或法規有無缺漏。江姓社工在社工領域已有多年資歷，過去曾任愛慈基金會兒少團體家庭社工督導，負責政府安置及特殊需求兒少照顧，並曾接受媒體訪問，剴剴案引發外界關注時也曾登上節目討論兒少保護及收出養制度。請繼續往下閱讀...社工司長楊雅嵐表示，江姓社工具有社工師身份，適用「社工師法」規範，因業務相關故意犯罪並經有罪判定可依法廢止其執照，雖目前北市一案仍在偵辦中，但也可適用「社工師法」第17條規定，若北市政府認定江姓社工有重大過失、不正當行為，可直接移付懲戒。楊雅嵐說，衛福部已經發函請台北市啟動行政調查，確認有重大違失後就將江姓社工移付懲戒，若後續確認廢照，江姓社工將不能再考取社工師資格，資訊也會公布於衛福部社會救助及社工司「社工師懲戒查詢專區」。對於後續是否會就此案檢討「成年監護制度」，社家署長周道君解釋，對於失智、失能等無法自行管理財產或有其他特殊需要的長者，依據「老人福利法」、「民法」等，在沒有親屬或其他合適管理人員的情況下，可由地方政府協助管理財產。周道君說，我國長者監護人以親屬為大宗，沒有合適親屬的情況下，可能是地方政府，或由法院指定機構擔任監護人，北市一案細節目前仍在調查中，社家署會向北市了解細部情況，釐清管理過程或執行面上是否有需要補強之處，或是現行法規有所缺漏，並待有清晰資訊後與地方政府討論。此外，周道君表示，社家署也持續與民間團體討論成人監護制度的監護人規範，未來或可參考日本做法，由外部專業人員負責，該國成人監護有一定比例是由專門從事此類監護業務的律師負責，但也會產生額外的監護管理費用，我國民情是否能夠接受、所需的配套與輔導機制、建立觀念，目前仍在討論中。    ,https://news.ltn.com.tw/news/society/breakingnews/5583457
離行人不到「2組枕木紋」！駕駛黃燈衝路口挨罰6千 抗罰敗訴,社會,2026/09/23 12:37,"基隆市謝姓男子駕車行經斑馬線時，未禮讓行人，被路口科技執法拍到，挨罰台幣6000元。他不服提告抗罰敗訴。（記者林嘉東翻攝）基隆市謝姓男子駕車，行經斑馬線時，未停等、禮讓行人先行，被科技執法拍到，挨罰台幣6000元。謝男不服提起行政訴訟主張，當時未禮讓行人是因為路口號誌為黃燈，需加速通過，若急煞會導致後車追撞；台北高等行政法院審理後認為，駕駛人行近斑馬線，遇有行人穿越，無論號誌為何均應暫停，且現場尚有足夠距離反應，判定原處分無誤，判決謝男敗訴。判決指出，謝姓男子今年2月28 日下午2時許，開車行經基隆市廟口愛三路與仁二路口時，被路口科技監視器拍到，謝男駕車行近斑馬線，遇有行人穿越，不暫停讓行人先行通過，依謝男違反道路交通管理處罰條例規定舉發，被監理單位罰了6000元，並附帶道路交通安全講習。請繼續往下閱讀...謝男不服提告主張，當時他在前一燈號轉黃燈時駛入路口，由於該路口長達 50 公尺，依規定應加速通過；但他駕車通過違規地點時行人號誌已變綠燈，導致行人集體上前。謝男強調，若在路中央突然緊急煞車，勢必造成後方車輛追撞，請求撤銷罰單。台北高等行政法院地方行政訴訟庭勘驗採證照片發現，謝男的車尚未駛近斑馬線前，行人已集體朝行人穿越道行走，謝的車駛入斑馬線時，與行人行進方向間距離約2組枕木紋，已不足一個車道寬，顯低於法定取締標準3公尺（約1個車道寬），前輪駛出行人穿越道時，後車身部分幾乎與行人間無任何距離。判決指出，道路交通安全規則規定，汽車行近行人穿越道遇有行人穿越時，「無論有無號誌指示，均應暫停讓行人先行通過」。此外，現場斑馬線距離前一個路口約14公尺，即使謝男通過路口後，遇到行人號誌變燈，仍有足夠的空間與時間進行預估並煞停。法官認為，謝男駕車見行人穿越斑馬線，不僅未暫停反加速通過，縱非故意，也有過失，判決謝男敗訴。可上訴。    ",https://news.ltn.com.tw/news/society/breakingnews/5583449
毒駕釀姊妹1死1傷被訴殺人 法院裁定肇事男羈押3個月,社會,2026/09/23 12:22,50歲的男子王昶筌毒駕釀成1死1傷，全案起訴後，法院裁定王男羈押3個月。（取自我是中和人）50歲男子王昶筌今年5月，涉吸食含有第二級毒品「依託咪酯（俗稱喪屍煙彈）」的電子煙後毒駕上路，行經新北市中和區時，因神智不清先撞擊路邊緣石，倒車時猛烈撞擊後方雙載林姓姊妹的機車，隨後又駕車前進，輾壓被撞倒在地的林姓姊妹，造成64歲妹妹送醫急救後不治，71歲姊姊重傷，新北地檢署依殺人及殺人未遂等罪嫌將王男起訴，全案昨移審後，新北地院合議庭認為他犯嫌重大，有高度反覆實施之虞，裁定羈押3個月。檢警調查，王男於今年5月23日14時2分許，在桃園市八德區東勇北路駕駛自小客車，途中利用電子煙，吸食喪屍煙彈後，明知毒品成分已嚴重影響精神與操控能力，仍執意開車上路，準備返回永和住處。請繼續往下閱讀...檢警調查，當日下午4時許，王男駕車行經中和景平路與大勇街口，準備左轉大勇街時，先撞上路緣石，隨後猛烈倒車，撞上正在等候左轉機車，機車上林姓姊姊載著妹妹一起倒地。由於林男車輛持續往後倒，被害者姊妹已倒在車輛前方，4時26分時，王男提升為殺人犯意，直接將排檔從倒車檔切換為前行檔，加速衝撞被害者。檢方調查，王男駕車自兩人身軀上方輾過並暫停後，竟未停手，反而再度踩下油門加速駛過兩人身軀，駛離交岔路口，隨後下車被見義勇為民眾制伏。警消獲報趕抵將被害者姊妹送醫，其中，妹妹因胸腹部多處挫傷骨折、肝肺裂傷及心臟挫傷，引發氣胸與多重器官損傷，經搶救後宣告不治；姊姊也受有左肋骨多處骨折、骨盆閉鎖性骨折及四肢多處擦挫傷等傷害。現場員警發現王男精神恍惚，經實施酒精呼氣測試，王男酒測值為0，但毒品唾液快篩檢測，結果呈依托咪酯陽性反應，並在其身上查獲依托咪酯煙彈一顆及吸食器。檢方當時向法院聲押獲准，昨依毒駕、殺人罪及殺人未遂罪起訴，全案適用國民法官法審理。移審後，王男坦承毒駕，否認殺人犯行，合議庭認為，王男犯嫌重大，僅坦認客觀事實，否認主觀犯意，偵查中曾推稱駕駛時沒有意識，也不知自己如何操作車輛行駛等，顯然其不無推諉卸責、逃避刑事責任心態，從本案客觀情狀及其主觀態度觀察，其確實有畏罪逃避司法情形；另外，王有吸毒記錄，平日會駕駛公司小貨車當作交通工具等，可見他確實有高度反覆實施之虞，裁定羈押但未禁見。☆少一份毒品就多一份健康，自由時報提醒您遠離毒品☆    ,https://news.ltn.com.tw/news/society/breakingnews/5583438
直播嗆聲相約揪輸贏 女噴定型液遭圍毆全進警局,社會,2026/09/23 12:19,一干人等在TikTok直播嗆聲並相約談判爆發衝突，警方趕抵將熊男壓制逮捕。（記者陸運鋒翻攝）吳姓女子昨天在TikTok開直播遭鄒姓及熊姓男子嗆聲，吳女不甘示弱回嗆引發雙方口角，並相約吳女在新北中和住處附近談判，鄒男一行人到場後，吳女朝熊男噴灑髮妝噴霧，熊、鄒隨即出拳毆打吳女並噴辣椒水，另名李女則在旁起鬨，警方趕抵將一干人逮捕，但鄒男趁亂逃逸將追查到案，詢後依法究辦。中和警分局調查，事件起因為54歲吳女昨晚在TikTok直播時，37歲鄒男莫名出言嗆聲，31歲熊男則加入戰局，並詢問吳女是否住在中和，吳女隨即回嗆「關你屁事！」，引發雙方隔空口角，並相約吳女住處附近談判輸贏。請繼續往下閱讀...據知，鄒、熊及25歲李姓女友到場雙方碰面後，吳女朝熊男噴灑髮妝定型液，鄒、熊立即對吳女拳打腳踢，並朝其噴灑辣椒水，造成吳女臉部及右手臂多處擦挫傷，李女則在旁拍攝影片鼓譟，附近民眾見狀連忙報警。轄區中和分局秀山派出所員警到場後，立即將熊男、李女及吳女逮捕，並查扣犯案用辣椒水，隨後協助吳女戒護至台北慈濟醫院就醫，幸無生命危險。據指出，鄒男在警方到場前趁亂逃逸，已調閱監視器畫面鎖定身分，將持續查緝到案，全案警詢後將一干人等分別依傷害、聚眾鬥毆罪嫌移送新北地檢署偵辦。警方查扣鬥毆用辣椒水。（記者陸運鋒翻攝）警消協助將吳女送醫治療。（記者陸運鋒翻攝）    ,https://news.ltn.com.tw/news/society/breakingnews/5583428
照服員騎車搖晃遭攔 警一查毒駕還搜出安毒、煙彈,社會,2026/09/23 12:14,48歲董姓女照服員日前騎乘機車行經南港區南港路一段與經貿二路口時，因佔用右轉專用車道直行且行車行徑搖晃不穩，遭巡邏員警攔下盤查。董女面對盤查雖極力否認吸毒後騎車，並聲稱是要去軍人公墓祭拜父親，但員警發現她有毒品前科且神情有異，對她實施毒品唾液快篩後呈安非他命陽性反應；警方更隨後在她身上起獲安非他命及依托咪酯（喪屍煙彈）等大批毒品，全案詢後依涉嫌公共危險及毒品危害防制條例移送士林地檢署偵辦。警方調查，48歲董姓女子有多項毒品及竊盜前科，平時擔任照服員。她騎乘機車行經南港路一段與經貿二路口時，違規佔用右轉專用車道直行，且車輛在道路上左右偏移擺盪、行跡極為不穩，引起執行巡邏勤務的台北市警局南港分局員警注意，當即上前將她攔停接受稽查。請繼續往下閱讀...盤查過程中，員警透過警用系統發現董女有毒品前科紀錄，雖然董女神情緊張地向員警澄清自己絕無吸毒駕車，並稱當時是急著要騎車前往軍人公墓探視過世的父親，但因其行車狀態異常，員警仍依法對她實施毒品唾液快篩檢測。經試劑檢驗後，結果呈現二級毒品安非他命陽性反應，證實董女毒駕上路。員警隨後依法對董女進行附帶搜索，當場在她身上起獲依托咪酯煙彈5顆（總重33.6公克）、二級毒品安非他命4包（總重3.75公克）、電子菸桿、安非他命吸食器1組及手機等物品。面對大批毒品證物，董女竟還企圖卸責，辯稱依托咪酯煙彈是朋友免費拿給她的，「自己根本不知道裡面含有毒品成分」。警方現場依現行犯將她上銬逮捕並查扣車輛與相關違禁物。全案警訊後依涉嫌刑法公共危險（毒駕）罪及毒品危害防制條例，將董女移送士林地檢署偵辦，並持續向上追查毒品來源與去向。☆少一份毒品就多一份健康，自由時報提醒您遠離毒品☆    ,https://news.ltn.com.tw/news/society/breakingnews/5583409
你累了嗎？中壢計程車運將清晨失控撞歪電線桿,社會,2026/09/23 11:39,疑精神不濟釀禍 桃園55歲運將撞上路邊電線桿。（請方提供）桃園市中壢區1名55歲張姓計程車司機，今（23）日駕駛營業小客車，清晨4時30分左右，沿中壢區中山東路三段往八德方向直行，行經龍興路口時，疑因精神不濟而撞上電線桿，所幸沒有造成人員傷亡，詳細肇事原因仍待進一步釐清。中壢警分局中壢交通中隊獲報，中壢區中山東路三段與龍興路口發生交通事故，立即派員到場處理。員警抵達現場處理，車內無乘客，張姓運將未受傷，經檢測酒測值為0，現場未發現毒駕跡象。請繼續往下閱讀...中壢分局長林鼎泰呼籲，駕駛人上路前應保持充足睡眠，行車途中若感到疲倦，應儘速尋找安全地點停車休息，切勿勉強駕駛，以維護自身及其他用路人安全。疑精神不濟釀禍 桃園55歲運將撞上路邊電線桿。（請方提供）疑精神不濟釀禍 桃園55歲運將撞上路邊電線桿。（請方提供）    ,https://news.ltn.com.tw/news/society/breakingnews/5583372
謝家父子關彰化看守所 舍友還有江熊一楓已押273天,社會,2026/09/23 11:38,謝典霖與江熊一楓（右）目前均羈押在看守所。（資料照）國民黨陣營針對彰化檢調偵辦議長謝典霖及家族涉嫌賄選案，連日砲轟檢調淪為政治打手、「放狗咬人」，事實上，目前羈押於彰化看守所的謝家父子，還有一名「綠營」的女舍友，她是因詐領助理費被押的前民進黨縣議員江熊一楓，她從去年12月24日羈押至今（23日）已273天。原本她已獲民進黨提名，但因捲入此案，遲未交保，以致被停止黨權，被迫以無黨籍參選。國民黨主席鄭麗文日前來彰化關心前立委鄭汝芬時，砲轟檢方辦案淪為執政黨的政治工具、痛批司法雙重標準，有如放狗咬人。請繼續往下閱讀...事實上，彰檢早在去年就針對前民進黨縣議員江熊一楓因詐領助理費487萬餘元展開偵辦，今年3月，全案偵結時，檢方具體求刑9年6個月。移審彰化地方法院後，延押至今。江熊一楓雖然被羈押，但仍參與黨內縣議員初選，獲得提名，惟因持續羈押，今年8月縣黨部給予停權2年處分，以致其夫婿、前立委江昭儀為她領表，以無黨籍身份登記參選。江昭儀表示，他相信太太的清白，過去他們一步一腳印服務基層，他和所有支持者都是江熊一楓的化身，他們一樣會插競選旗幟，並持續家戶拜訪及舉辦基層座談會。近期遇到許多民眾都十分同情她的處境，也相信她的清白，無論如何一定要參選到底。    ,https://news.ltn.com.tw/news/society/breakingnews/5583326
北捷車廂驚見暴力事件！講電話被規勸 男乘客竟出拳揍她,社會,2026/09/23 11:36,蔡姓男乘客出拳揍黃姓婦人。（圖擷取自threads）黃姓婦人今天早上搭乘台北捷運時，當時因為車廂內人潮眾多，另名蔡姓男乘客在車廂內使用手機通話，黃認為對方音量過大上前勸說，雙方發生口角；後續兩人在西門站下車時發生碰撞，蔡認為黃故意找碴，氣得出拳揍她，黃的嘴角受傷，車廂內血跡斑斑。黃雖然暫不提告，但警方仍將蔡依照違反社會秩序維護法裁處。北市警捷運警察隊在今天早上8時23分接獲通報，聲稱捷運西門站有旅客發生糾紛，需要警方到場。請繼續往下閱讀...員警趕到西門站後查出，原來當時黃姓婦人跟蔡姓乘客搭乘同一班列車，由於正值上班時間，車廂內人潮眾多，蔡在車廂內使用手機通話，但黃認為其音量過於大聲，上前勸對方不要再講，蔡不滿，雙方當場爆發口角。不久後，兩人都要在西門站下車，在移動時不慎碰撞到對方，蔡火氣上來，氣得當場出拳揍黃。警方說，蔡出拳揍人後，被北捷保全人員與警方先後攔下，他隨即被警方帶回派出所；受傷的黃姓婦人嘴角受傷，送醫救治後沒有大礙，但她暫時不願提出告訴，警方於是將蔡依違反社會秩序維護法第87條「加暴行於人」裁處。捷運警察隊呼籲，民眾搭乘捷運如與他人發生碰撞或糾紛，應保持理性、冷靜溝通，切勿因一時情緒訴諸暴力；如遇糾紛，可立即通知站務人員或撥打110報案，警方將迅速到場處理，共同維護捷運乘車安全及秩序。    ,https://news.ltn.com.tw/news/society/breakingnews/5583341
丟1根菸蒂要連帶賠償8.7億元 臨時工出庭喊「我付不起」,社會,2026/09/23 11:36,家樂福楊梅物流中心2022年3月14日發生大火，竟是拆櫃臨時工丟了1根菸蒂釀禍。（資料照）2022年3月家樂福楊梅物流中心發生重大火災，起因為現年26歲的許姓拆櫃臨時工於禁菸之棧板暫存區抽菸後隨手拋棄未熄滅菸蒂所致，造成逾39億元龐大損失。承保火災險的富邦產險在賠付家福公司後，依保險法行使代位求償，桃園地院近日判決許男及其監督單位中法興物流公司須連帶賠償8億7078萬餘元。富邦產險主張，家福公司（現更名為康達盛通）與中法興公司簽有物流服務協議，委託其負責楊梅物流中心收驗貨、理貨、倉儲及物流配送等服務，就服務協議書約定，中法興公司也應負擔倉庫內部安全管理責任，包括防止因吸菸亂丟菸蒂致生火災的預防，尤其2021年8月16日楊梅物流中心曾發生小型火災，中法興公司允諾改善，本應特別注意存放區的禁菸管理並加強巡視及管制，卻放任許男違規吸菸且任意亂丟菸蒂，扣除家福公司已向中法興公司請求所獲賠償，另依保險法向許男及中法興公司代位求償8億7078萬3155元。請繼續往下閱讀...訴訟過程，中法興公司提出多項抗辯，包括其已依物流服務協議書投保1.25億元保險，家福公司及其保險公司依法承諾放棄追索權。在契約責任上，中法興公司強調，依協議書英文本規定，其僅需防範盜竊與掠奪，本案火災並非盜匪所致，且拆櫃業務係外包給第三方，起火點也非其服務範圍，許男是由包商僱用、派遣，在禁菸區抽菸純屬個人違法行為，加上家福公司已申報共同消防計畫，應承擔部分場域消防安全責任。此外，中法興也辯稱，富邦產險代位請求的清理費、貨損及營業中斷等5大項目，與家福公司另案訴訟的請求範圍完全重疊。許男則稱，「金額太高我付不起」，火災不是因為他而引起，他在那邊抽菸有責任，但火災不是他引起的，應該沒有責任。判決指出，許男因此案被依公共危險罪判刑6月，確實有亂丟未熄滅菸蒂釀災的行為，其所辯不足採，而許男也證稱，是受到任職中法興公司張姓員工指示從事拆櫃工作，另依家福公司與中法興公司服務協議書約定，足認家福公司已委由中法興公司負責處理楊梅物流中心包含儲存貨物、理貨、配送、存貨管理在內的物流工作，中法興公司負有確保楊梅物流中心內部安全的責任。另，中法興雖辯稱拆櫃工作是委由包商承攬，但張男前往執行業務，是受到中法興員工指揮及監督，足認許男是中法興公司的受僱人，中法興自應負連帶賠償責任，其餘之辯亦不足採。    ,https://news.ltn.com.tw/news/society/breakingnews/5583348
沒了飯碗和iPhone！北檢書記官偷拍被害人性影像 法院給緩刑,社會,2026/09/23 11:31,台北地院依個資法等罪處黎男2年徒刑，緩刑4年，向公庫支付5萬元，提供120小時義務勞務，犯案時所用的iPhone 17 Pro Max手機也被沒收。據了解，黎男犯下本案以後，已於今年7月離職。（資料照）台北地檢署黎姓書記官利用職務機會，透過手機拍攝被害人遭偷拍的性影像，以及警方查獲應召女子的照片，被檢方依照違反個資法、洩密罪起訴。台北地院依個資法等罪處黎2年徒刑，緩刑4年，向公庫支付5萬元，提供120小時義務勞務，犯案時所用的iPhone 17 Pro Max手機也被沒收。可上訴。據了解，黎男犯下本案以後，已於今年7月離職。判決指出，黎男2023年1月31日起擔任台北地檢署書記官，並於2月13日起負責在偵查組辦理紀錄業務，沒想到他卻在2024年3月起至2026年1月期間，運用手機翻拍警察機關移送資料內的照片、當事人筆錄等，並透過通訊軟體傳給其他書記官，並以輕浮、戲謔口吻發表相關評論。請繼續往下閱讀...黎男所翻拍的照片中，包含被害人遭偷拍之性影像照片及員警查獲之應召女子照片，重製於手機相簿內自行觀覽。案經台北地檢署主動發掘以後，指派檢察官指揮檢察事務官持台北地院核發的搜索票對其辦公處所及住所執行搜索。審理期間，黎男坦承犯行，辯護人則為他請求緩刑。法官考量，黎身為書記官，竟假借職務上機會，持手機拍攝刑事案件當事人的個人資料及偵查應秘密文書、照片傳送與無關的人，又以手機拍攝經辦案件性影像照片重製於其手機相簿內，嚴重侵害他人隱私權。但考量黎犯後坦承犯行，表示悔意等，判其2年徒刑，緩刑4年，支付公庫5萬元，120小時義務勞務。可上訴。    ,https://news.ltn.com.tw/news/society/breakingnews/5583350
橋頭地檢署走進甲仙芋筍節 檢察長宣導反詐、反賄選,社會,2026/09/23 11:23,橋頭地檢署檢察長郭景東（左二）現身甲仙芋筍節，率宣導團隊走入群眾。（橋檢提供）一年一度的甲仙芋筍節19日熱鬧登場！今年活動以「說走就走的輕旅行」為主軸，吸引大批遊客湧入在地農特產市集與親子闖關活動。現場除了撲鼻的芋筍香，橋頭地檢署檢察長郭景東驚喜現身現場，親自帶領宣導團隊走入群眾，卸下司法機關嚴肅的刻板印象，主動與市民熱烈互動，成為當天最具親和力的熱門焦點。以往給人嚴肅、神秘印象的檢察長郭景東，當天展現十足的親和力！他不僅主動與逛市集的民眾親切寒暄，更實地關心大家對於毒品、詐騙及賄選的防範認知，瞬間拉近了司法與社區的距離。請繼續往下閱讀...郭景東強調：「法治宣導不應是單向說教，唯有透過真誠的雙向互動，才能讓民眾真正願意聽、聽得懂，並在危機發生時知道如何保護自己。」他指出，橋頭地檢署這次大膽將宣導搬出嚴肅的室內空間，就是要用實際行動傳達「司法要在事前守護民眾，而非僅是事後辦案」的溫暖理念。地檢署的觀護人組長鄒一清、觀護社工師劉靖琪及觀護助理員楊家鳳也化身「社區好朋友」主動走入人群。面對不同年齡層的男女老少，宣導團隊量身調整互動方式。現場更重點推廣了檢舉賄選、反詐騙、毒品防制等實用專線。其中，橋頭地檢署特別推出的「LINE 一鍵反賄 QRCode」更引來大批年輕族群與科技銀髮族駐足掃碼。☆自由時報電子報提醒您，防詐騙專線︰165，報案專線︰110☆    ,https://news.ltn.com.tw/news/society/breakingnews/5583310
深夜直擊！台中女子情傷借酒澆愁 驚險「雙腳懸空」掛3樓窗檯,社會,2026/09/23 11:23,蘇女雙腳懸掛三樓窗台，情況危急。（民眾提供）台中市梧棲區1名36歲蘇姓女子今（23）日凌晨1時許，因心情不佳借酒澆愁，因感情受挫，竟趁家屬不注意時，獨自爬上3樓房間窗戶並將雙腳懸掛哭泣。家屬趕緊報警，警方分散蘇女注意力，奮力將其安全拉回室內，成功阻止一場可能發生的悲劇。清水警分局梧棲分駐所員警李振榮、鄭宏鈺凌晨獲報趕抵現場，發現蘇女身處3樓窗檯且無任何防護措施，遂立即通報消防救護人員趕赴現場支援，為避免刺激蘇女，兩名員警分配分工，一人於樓下戒備維持秩序，另一人則上樓試圖安撫其情緒。請繼續往下閱讀...警方為降低蘇女心防，刻意保持安全距離，並請家屬在旁持續溫情喊話分散注意，待蘇女與家屬攀談、戒備稍微鬆懈之際，警方與家屬配合，趁隙迅速衝上前一把扣住蘇女肩膀，奮力將其拉回室內，蘇女滿身酒氣，情緒激動，最終由 家屬陪同搭乘救護車前往醫院觀察治療。梧棲分駐所所長莊凱宇提醒，若發現親友有情緒異常或極端行為傾向，請儘速對外尋求專業協助，可隨時撥打 1925 安心專線、110 報案專線或 119 緊急救護專線，由專業團隊即時提供諮詢與支援。    ,https://news.ltn.com.tw/news/society/breakingnews/5583272
入住送「紀念手鐲」還包三餐！台中特色旅宿開箱 網笑翻：能包棟嗎？,社會,2026/09/23 11:21,台中市警察局近日推出一支另類「旅宿開箱」影片。（市警局提供）台中市警察局近日推出一支另類「旅宿開箱」影片，以網紅第一視角介紹一家「24小時特色旅宿」，號稱入住享專車接送、贈紀念手鐲，還包辦一日三餐，吸引大批網友熱議，直到影片揭曉，這家「超佛心旅宿」原來竟是拘留室！台中市警察局近日在官方IG推出一支「特色連鎖旅宿開箱」影片，整支影片刻意比照時下流行的旅遊網紅開箱風格，以第一人稱視角帶著網友「入住」，旁白一路用浮誇口吻介紹各項「尊榮服務」，讓人乍看之下，還真有幾分旅宿業者業配影片的味道。請繼續往下閱讀...影片一開場便介紹，這家台中「24小時連鎖旅宿」入住相當方便，不但有專車接送，接著還會獲贈一副閃亮亮的「銀色紀念手鐲」，入住就能獲得專屬伴手禮，至於吃的部分也不用煩惱，一日三餐都有「專人服務」，便當直接送到房門口，讓旁白忍不住大讚「真的太有人情味啦！」此外，住宿期間還有全天候「安全守衛」陪伴，安全感直接拉滿，影片曝光後迅速吸引大批網友朝聖，留言區完全變成另類「旅宿評鑑大會」，有人笑喊「下次國旅住這間」、「請問可以用國旅補助嗎？」也有人認真詢問「廁所有乾濕分離嗎」、甚至有人問「寵物友善嗎？能包棟嗎？我想帶朋友一起去！」台中市警察局表示，此次影片採「沉浸式犯人體驗」手法，希望透過輕鬆活潑的第一視角，讓民眾體會自由的可貴，進而遠離犯罪；不過影片效果純屬宣導，警方也提醒，警察駐地禁止民眾攝影。特色旅宿號稱入住享專車接送。（市警局提供）入住前還贈送紀念手鐲一副。（市警局提供）每日三餐都有專人服務。（市警局提供）    ,https://news.ltn.com.tw/news/society/breakingnews/5583242
疑服感冒藥精神恍惚 桃園男逆向撞車釀2傷,社會,2026/09/23 11:20,張姓男子駕駛轎車逆向碰撞休旅車，再推撞到另1輛休旅車。（圖由警方提供）桃園市張姓男子昨天（22日）下午3點多，駕駛轎車行經桃園區同德六街時，疑因服用感冒藥、精神恍惚，逆向高速衝撞對向的休旅車，還波及後方另1輛休旅車，致2人身體多處擦挫傷，幸無大礙；警方說，發生事故3輛車的3名駕駛，都沒酒駕、毒駕情事，肇事責任仍待進一步調查。警方說，張男當時駕車沿同德六街往中正路方向行駛，卻突然跨越雙黃線逆向，衝撞黃姓男子駕駛的休旅車，休旅車被推撞後，再碰撞到後方的休旅車，其中張男、黃男都因猛烈衝擊力道，致身體多處擦挫傷。請繼續往下閱讀...警方趕抵現場，協助傷者送醫並對各車駕駛實施測試，確認3人都沒有酒駕、毒駕嫌疑，警方說，張男自稱服用感冒藥後，導致精神恍惚，才逆向行駛；張男涉嫌違反交通管理處罰條例部分，員警已依法告發，至於事故原因則待警方調查釐清。    ,https://news.ltn.com.tw/news/society/breakingnews/5583332
21歲小姐陪酒兼賣毒  小姐、酒客成下線  性愛毒趴成隱憂,社會,2026/09/23 11:20,查緝隊在小吃部搜出少量毒品及數批吸食器、分裝工具。（查緝隊提供）海巡署偵防分署台東海巡署偵防分署台東查緝隊接獲民眾檢舉，台東市區有小吃部陪酒小姐長期販賣安非他命給店內其他員工與來消費之客人，查緝隊持票至小吃部並搜出安非他命和相關物品，發現黃女靠著安毒炒熱氣氛，還與酒客私下再約汽車旅館進行毒趴，查緝人員表示，不排除進行性愛毒趴，法定傳染病恐因此成隱患。海巡署偵防分署台東查緝隊與台東縣警局刑警大隊、台東憲兵隊等單位共組專案小組循線擴大深入偵辦，今年8月破獲此案，在小吃部內查扣第2級毒品安非他命毛重19公克、吸食器、電子磅秤、分裝夾鏈袋及毒品殘渣袋等相關不法證物，後續清查黃姓女犯嫌手機後，即約談、拘提其他毒品涉案犯嫌共計2人，全案依違反「毒品危害防制條例」移送台東地方檢察署偵辦。請繼續往下閱讀...查緝隊也表示，黃嫌年僅21歲就靠著濃妝艷抹，覆蓋臉上因吸毒長出的痘瘡，加上性感穿著，酒客在昏暗燈光中也難見真容，點檯過程中也以毒菸助興、炒熱氣氛，但因有毒癮的酒客與小姐都為特定人士，因此「主業」陪酒未因此增長。再者，黃嫌與毒癮酒客看對眼，除透過line、IG、FB等通訊軟體聯絡、洽談交易事宜，更屢次把交易地點選在汽車旅館等非固定處所增查緝之難度，且不排除開辦性愛趴，但往往這樣卻是傳染病孳生的途徑，實在令人擔心。而小吃部內也有部分小姐坦承因此染上毒癮，辛苦陪酒的小費、工資有部分成了黃嫌「外快」，查緝隊也正積極追查毒品來源。☆飲酒過量  有害健康  禁止酒駕☆☆少一份毒品就多一份健康，自由時報提醒您遠離毒品☆查緝隊在小吃部搜出少量毒品及數批吸食器、分裝工具。（查緝隊提供）查緝隊在小吃部搜出少量毒品及數批吸食器、分裝工具。（查緝隊提供）查緝隊在小吃部搜出少量毒品及數批吸食器、分裝工具。（查緝隊提供）    ,https://news.ltn.com.tw/news/society/breakingnews/5583289
台南連鎖機車行大火 消局初判電動工具鋰電池起火釀災,社會,2026/09/23 11:15,位於南市中西區健康路、大同路口的一家連鎖機車行發生大火後，整間店有如一座鋼鐵廢墟，讓過往路人忍不住多看一眼。（記者王俊忠攝）9月20日凌晨台南市中西區連鎖機車行大火，店內上百輛機車付之一炬、也延燒兩旁醫美診所與民宅，幸無人員傷亡。南市消防局火調人員初步鑑識發現，靠近路口的店內置放電動工具處鋰電池有爆開、電芯噴出情形，疑是鋰電池起火惹禍，將詢問機車行人員釐清確認。消防局火調科根據現場火災影像、相關事證研判，大火是從機車行店內開始燒起來，當時店內鐵門緊閉、初步排除人為縱火的可能性。消防局提醒民眾，選購、使用或存放鋰電池時多加留心，降低鋰電池發生火災風險。鋰電池放置在不燃性的容器內部密封存放，且周圍勿隨意放置或堆疊可燃物與雜物；鋰電池模組，應避免摔碰或撞擊，尤其避免穿刺及陽光直射或高溫環境，一旦發現鋰電池模組有膨脹、變形或異常高溫時，聯絡原廠檢修，避免使用。請繼續往下閱讀...鋰電池模組，務必以原廠充電器充電，並防範「過充電」引起自燃，鋰電池如有損壞，送回原廠檢修，切勿自行拆解、改裝後繼續使用；選購具合格標章且國內有售後服務廠商的鋰電池產品，並請依據原廠手冊使用、保養。南市消防局火調人員鑑識發現失火機車行內的鋰電池有爆開、電芯噴出情形。（南市消防局提供）    ,https://news.ltn.com.tw/news/society/breakingnews/5583320
掃蕩黑槍毒捷報連發 新北警評核奪六都三冠王,社會,2026/09/23 11:15,新北市警局勇奪六都三冠王，市長侯友宜表示肯定。（記者徐聖倫翻攝）新北市政府警察局維護治安再創佳績，新北市警局近年針對幫派、槍械及毒品等重點犯罪展開持續掃蕩，成果極為豐碩。經內政部警政署最新評核，新北市警局在「打擊黑幫」、「肅槍」及「緝毒」三大核心治安工作上，一舉包辦六都第一名，勇奪「三冠王」殊榮，展現維護轄區治安的堅強戰力。​警方指出，在「掃黑」方面，專案期間共查獲治平專案53件、268人，有效瓦解幫派勢力；「肅槍」評比中，查獲火藥槍、改造槍械及打擊擁槍幫派均獲六都最高分；「緝毒」項目更是幾乎拿到滿分，如刑警大隊偵三隊日前即在桃園觀音成功破獲大量安非他命、海洛因及興起之「依托咪酯」煙油毒品。請繼續往下閱讀...​新北市警察局局長方仰寧強調，幫派、槍械與毒品犯罪環環相扣，警方將貫徹「零容忍」態度，持續向上溯源、向下刨根，並結合科技偵查，全面打擊不法組織，持續打造安定宜居的新北市。☆少一份毒品就多一份健康，自由時報提醒您遠離毒品☆警方各項績效奪冠，起獲各式毒品，並扣回贓款、手機等證物。（記者徐聖倫翻攝）    ,https://news.ltn.com.tw/news/society/breakingnews/5583335
高雄仁武遊覽車疑誤闖涵洞 限高架斷了、擋風玻璃碎了,社會,2026/09/23 11:08,遊覽車撞斷涵洞限高架，前擋風玻璃破了一個大洞。（民眾提供）高雄市仁武區今（23）日上午8時許，發生遊覽車撞上後港巷涵洞前限高架意外，不僅限高架遭撞斷，遊覽車前擋風玻璃也被撞破碎，所幸車內沒有乘客，未有傷亡。李姓駕駛向警方表示，因不熟悉路況誤闖，警方正釐清事故原因。警方調查，51歲李姓男子駕駛遊覽車沿後港巷西向東行駛，未注意涵洞限高（該處涵洞限高2.3米），撞擊事故地點限高架，遊覽車內無乘客，現場無人受傷。李男經實施酒測值為0，表示路況不熟悉未注意限高而誤闖。請繼續往下閱讀...員警初步研判為駕駛李男不依限高標誌指示行駛導致肇事，違反道路交通管理條例可處900元以上1800元以下罰鍰，詳細肇事原因仍待進一步釐清。涵洞限高架遭撞斷，騎士仍趁隙穿越。（民眾提供）遊覽車撞斷限高架，駕駛稱不熟悉路況。（民眾提供）遊覽車疑因不熟悉路況限高，差點誤闖涵洞。（民眾提供）    ,https://news.ltn.com.tw/news/society/breakingnews/5583309
直撞反空降碉堡！轎車車頭全毀 金門60歲駕駛送醫不治,社會,2026/09/23 10:59,金門中央公路瓊林圓環22日深夜發生車禍，救護人員第一時間將車內男子脫困施予急救。（讀者提供）金門縣中央公路瓊林圓環昨（22日）晚間10點左右發生一起死亡車禍，一名鄭姓男子駕駛轎車正面撞及矗立該圓環的反空降碉堡，車頭全毀，鄭男送醫不治，肇事原因待警方釐清。金門縣消防局昨晚接獲報案，中央公路（伯玉路）瓊林圓環發生嚴重車禍，警消到場，發現車尾朝金城方向，車頭撞及圓環昔日軍方作為防空及交通指揮崗哨的碉堡。請繼續往下閱讀...消防局勤務指揮中心據報，立即派遣金湖及金寧車組的消防車、救護車7輛及職、義消人員16名前往救援；救護人員抵達現場，發現有一名男子受困車內，已無意識、無呼吸脈搏，立即協助其脫困並移出車外，施予CPR等必要急救處置，並由救護車緊急送醫搶救，該名年約60歲的鄭姓男子仍因傷重不治。警方表示，由於該名男子已經死亡，是否酒駕須抽血送台灣相關機構檢驗，肇事原因有待進一步釐清。消防局呼籲，行車過程如有異狀，應立即停車檢查，如有任何火煙發生，應盡速撥打119求援，爭取黃金救援時間。金門中央公路瓊林圓環22日深夜發生車禍，救護人員到場，立刻將將車內男子脫困急救。（金門縣消防局提供）    ,https://news.ltn.com.tw/news/society/breakingnews/5583287
放寬易刑處分救監所超收 專家示警：成效取決人力與戒治資源,社會,2026/09/23 10:49,法務部為紓解監所超額收容，擴大易刑處分措施，但書記官反映案件轉為分期或社會勞動後，仍須追蹤、催繳及處理後續程序，恐讓監所壓力轉嫁至地檢署。（本報製圖）法務部為紓解監所超額收容，擴大易刑處分措施，但書記官反映案件轉為分期或社會勞動後，仍須追蹤、催繳及處理後續程序，恐讓監所壓力轉嫁至地檢署。民進黨立法院黨團幹事長莊瑞雄表示，肯定政策目的，但第一線執行配套更要做好，「不能監所減壓，卻讓前線爆量」；警察及監所類科公職補教講師黃金喬則認為，若執行及觀護人力不足，社會勞動恐流於形式，易刑處分成效仍取決於人力與戒治資源能否到位。莊瑞雄指出，易科罰金本來就是法律所定的刑罰執行方式，真正要處理的是刑罰執行的公平問題，同樣經法院判決、符合易科罰金條件，有能力一次繳清的人，繳完罰金就完成刑罰執行；沒有能力一次拿出這筆錢的人，卻可能因繳不出來而必須入監。因此透過合理分期或易服社會勞動，讓刑罰仍確實執行，並避免經濟能力成為能否完成易刑的關鍵，政策方向值得肯定。請繼續往下閱讀...針對外界質疑政策形同「少關人」，莊瑞雄強調，「易刑不是免刑，更不是犯罪不用負責」，法院判決沒改變，刑罰也沒消失；易科罰金、分期或社會勞動，仍是在法律規範下執行刑罰，不能把改變執行方式說成縱容犯罪。但莊瑞雄也認為，第一線書記官反映的實務問題必須正視，若分期逾期後重新進入執行程序，轉為社會勞動後未完成又回到執行端，同一案件反覆處理，確實可能增加刑事執行及觀護體系負擔。「不能只算監所少收多少人，也要算第一線多了多少工作。」莊瑞雄表示，法務部應同步盤點分期追蹤、逾期處理、社會勞動轉銜及相關人力需求，充分聽取第一線意見。他強調，該負的法律責任一樣要負、該執行的刑罰也要執行，但同樣符合易科罰金條件，不應最後只剩「拿不拿得出這筆錢」決定能否完成易刑。專門教授犯罪學、監獄學及監獄行刑法的國家考試專業講師的黃金喬則從刑事政策角度分析，法務部與台高檢因應監獄超收問題，研議將罰金與易科罰金分期繳納上限由8期提高至12期並得彈性延長、刪除提出擔保書狀規定、放寬易服社會勞動審酌標準，以及將酒駕不准易科罰金標準修正為「5年內3犯（含）以上」，體現「兩極化刑事政策（寬嚴並進刑事政策）」及「轉向處分」的落實。黃金喬指出，截至115年8月25日，全國矯正機關收容6萬7639人，超額收容5255人，放寬易刑處分，可讓輕罪、非暴力受刑人轉向社區執行，降低短期入監人數，紓解監獄擁擠及戒護壓力；但這並非監所改擴建的替代方案，大量案件轉向社區後，行政負擔也可能轉嫁至地檢署及觀護系統。至於犯罪矯治及預防再犯，黃金喬表示，依標籤理論，短期自由刑恐造成犯罪交叉感染，也可能中斷工作、家庭等社會支持；透過分期繳納、社會勞動及戒癮治療，有助維持受刑人與社區連結、促進復歸，但若執行及觀護人力不足，恐使社會勞動監督流於形式，反增再犯疑慮，放寬易刑處分能否發揮矯治效益，關鍵仍在執行人力與社區戒治資源能否同步到位。    ,https://news.ltn.com.tw/news/society/breakingnews/5583238
嘉市透天厝藏大麻栽種場 檢警查獲67株植株起訴2人,社會,2026/09/23 10:45,"廖男與陳男以「扦插法」種植方式，成功將大麻從1株分枝栽種成67株。（嘉檢提供）嘉義地檢署日前指揮警方在嘉義市東區某透天厝破獲大麻栽種及製造場，查獲陳姓與廖姓男子利用高科技設備，以「扦插法」種植方式，成功將大麻從1株分枝栽種成67株，今天依毒品罪嫌起訴2人。本案由嘉檢檢察官呂雅純指揮保安警察第三總隊第二大隊、聯合警犬分隊、高雄市警局刑警大隊、嘉縣警局民雄分局及嘉市警二分局等單位組成專案小組共同偵辦。請繼續往下閱讀...經專案小組深入蒐證並掌握情資，於今年4月16日前往廖男（46歲）嘉市住處搜索查獲已風乾完成乾燥大麻葉1包（毛重36公克），並在其東區承租的透天厝栽種據點起獲大麻植株67株（含乾燥植株1株、幼苗）及植物生長燈、PH計、數位照度計、自動灌溉與光照控制設備等全套專業栽種工具。起訴書指出，廖男與陳男（35歲）明知大麻係列管二級毒品，竟由廖男於今年1月間承租嘉市東區某透天厝作為栽種場，並向陳男購買大麻種子、植株及生長燈等設備。今年2月起，陳男教導廖男栽種技術，並以「扦插」繁殖方式結合自動化設備擴大栽種；廖男另將剪下之大麻葉攜回住處風乾加工，製造達於易於施用程度二級毒品大麻成品。檢方表示，大麻在我國屬二級毒品，對身心健康及社會治安危害甚巨。意圖供製造毒品之用而栽種大麻者，可處5年以上有期徒刑；製造二級毒品者，更可處無期徒刑或10年以上有期徒刑，籲民眾切勿心存僥倖。☆少一份毒品就多一份健康，自由時報提醒您遠離毒品☆檢警在嘉市東區某透天厝查獲製毒工具。（嘉檢提供）檢警起獲栽種大麻的生長燈、PH計、數位照度計等全套專業栽種工具。（嘉檢提供）    ",https://news.ltn.com.tw/news/society/breakingnews/5583280
假意陪伴竟是詐騙陷阱！南投縣府揭密兒少私密照恐嚇新手法,社會,2026/09/23 10:45,南投縣政府社勞局向青少年宣導網路安全。（南投縣政府提供）南投縣政府暑假執行「青春專案」，辦理第2屆「有我有YOUNG 拒絕誘惑」短影音對嘴挑戰賽，活動結合毒品、菸酒、檳榔防制，以及兒少保護與網路安全等議題，並加強宣導兒少私密照恐嚇新手法，鼓勵青少年發揮創意勇敢拒絕誘惑，吸引眾多校園熱烈參與社會及勞動處長林志忠表示，隨著數位媒體快速發展，宣導方式必須與時俱進，透過挑戰賽，能讓青少年從傳統「被動接收者」轉變為「主動傳達者」，用他們熟悉的語言影響同儕，其中明潭國中首次組隊參賽，即憑藉優異創作獲得國中組銀獎及2項創意獎，學生們將拒絕誘惑的觀念巧妙融入劇情，展現偏鄉學子的創意活力與團隊凝聚力。請繼續往下閱讀...社會及勞動處也藉此提醒，隨著網路社群與交友軟體普及，兒少面臨的數位風險日益複雜。近期常見詐騙集團以「長天期陪伴、建立情感信任」為由，誘騙青少年提供私密影像，隨後進行威脅恐嚇，部分案件甚至演變為實體性剝削或不法打工陷阱。林志忠強調，防制工作不能僅限於「不跟陌生人說話」，更要教導孩子辨識「不對勁的關係」。若對方要求保密、索取私密照、要求離家見面或以利益交換，均為危險警訊。家長若發現孩子作息異常、過度依賴手機或情緒波動，應主動關懷並避免第一時間責罵，才能及時介入協助，共同打造安全友善的成長環境。明潭國中參加「有我有YOUNG 拒絕誘惑」短影音對嘴挑戰賽，獲得國中組銀獎。（南投縣政府提供）    ,https://news.ltn.com.tw/news/society/breakingnews/5583265
高雄持槍通緝犯衝撞警車拒捕 母親一句話勸降成功,社會,2026/09/23 10:40,吳嫌母親走到車前，安撫吳嫌情緒。（民眾提供）高雄市小港警分局接獲情資，43歲吳姓通緝犯涉嫌擁槍自重，專案小組昨（22）日夜間前往吳宅圍捕，未料吳嫌竟衝撞警車試圖逃逸，員警拔槍警戒，正當劍拔弩張之際，吳嫌母親上前勸降兒子，而吳嫌也乖乖走出車外就逮，化解可能的衝突，警方在車內起出一把改造手槍、6顆子彈，正追查槍枝來源。小港警分局小港派出所掌握情資顯示，涉嫌肇事逃逸遭通緝的吳嫌於轄區出沒，與偵查隊組成專案小組，昨夜間7時許前往豐登街吳宅埋伏，吳嫌於夜間7時駕轎車返回，員警立即以偵防車截斷退路，喝令他下車，未料吳嫌不但不理會，還反覆倒退衝撞偵防車，員警擔心他搏命做困獸之鬥，拔槍警戒。請繼續往下閱讀...千鈞一髮之際，吳嫌母親走到車旁，對他說「好了！好了！」不僅安撫其情緒也勸降，吳嫌隨即走出車外，員警立即將他制伏在地。員警在其包包內起出一把改造手槍（已送鑑定）、6顆子彈及毒品。吳嫌應訊時供稱槍枝為防身之用，警方訊後依違反槍砲彈藥刀械管制條例、毒品危害防制條例、妨礙公務罪、公共危險罪及肇事逃逸通緝等罪嫌移送高雄地方檢察署偵辦，並擴大追查違法情事。員警將走出車外的吳嫌壓制在地。（民眾提供）員警將通緝犯吳嫌制伏在地。（民眾提供）警方在吳嫌包包內起出改造手槍、子彈及毒品。（民眾提供）    ,https://news.ltn.com.tw/news/society/breakingnews/5583254
法務部放寬易刑處分 書記官憂行政量暴增恐導致更混亂,社會,2026/09/23 10:37,法務部外觀。（資料照）法務部為紓解監所超額收容，擴大易科罰金、易服社會勞動，甚至將罰金分期上限由8期延長至12期；然而第一線執行書記官已出現反彈。台灣書記官工作權益促進會陳建曄表示，減少受刑人入監看似降低矯正機關壓力，但案件並未因此消失，而是轉化成大量分期追蹤、催繳、傳喚、拘提及社會勞動程序，「監所壓力只是被轉嫁到另一群基層公務員身上，反而導致政策不利運作，恐造成更為混亂的結果」。法務部回應，已修正「檢察機關辦案期限及防止稽延實施要點」，將辦理分期繳納易科罰金期間及易服社勞期間，均不計入辦案期限，以舒緩執行書記官的管考壓力；將持續蒐集檢察機關執行情形，滾動檢討配套措施，以兼顧基層同仁工作負荷量能，並周延保障經濟弱勢受刑人、促進復歸社會及避免短期自由刑流弊。請繼續往下閱讀...有地檢署執行科書記官指出，分期繳納並非核准後即可結案，受刑人每一期是否如期繳納都必須持續列管；若中途違約，又可能重新啟動催繳、傳喚、拘提甚至通緝程序。更讓基層感到壓力的是，現行政策甚至要求對已經通緝、拘提到案的受刑人，仍應優先考量給予分期繳納機會。據了解，有地檢署目前要求執行人員在通緝、拘提案件中特別註記，罰金執行應以一次完納為原則，但若受刑人無法一次繳清、又有分期意願，可先酌收第一期罰金，再諭知其於翌上班日至執行科報到，由執行檢察官審酌是否准予分期；若無正當理由未到場，再命拘提。不具名的執行科書記官指出，這意味即使案件已經歷傳喚、拘提甚至通緝，好不容易將受刑人拘提到案，也未必能直接完成執行，反而可能再進入分期審核及後續列管程序。若受刑人之後未依約繳納，又得重新進行催繳、傳喚及拘提，「等於前面的程序跑完，後面又再開一輪」。高檢署7月底召開的「強化易刑處分」會議中，已有檢察官指出，現行案管系統雖設有分期繳納到期警示，但實務上未正常跳出提醒，擔憂案件量增加後，可能無法負擔眾多的分期案件，而導致不能去注意到每件的繳款期程；另有與會者主張，放寬分期同時也應放寬書記官案件管考要求。社會勞動端也面臨相同壓力，據統計，2025年每名觀護人平均受理案件逾500件；另有官員指出，觀護人受理案件達571件，近5年社會勞動案件成長17.4％，若再擴大社會勞動，勢必必須同步處理人力及執行機構量能問題。對此，陳建曄批評，問題正是在於政策已先行、人力卻未同步到位，他認為真正經濟困難且有履行意願者，當然應給予合理分期或社會勞動機會；但若沒有先建立履行能力篩選機制、增加人力及計算行政成本，只是不斷擴大易刑，「最後不一定能省下監所的床位，卻一定會增加地檢署一線人員的負擔，應執行應羈押的人犯反而獲得自由，恐造成更為混亂的結果」。    ,https://news.ltn.com.tw/news/society/breakingnews/5583232
蘇花改東岳隧道南口車禍 轎車被撞後橫向擋在大貨車前釀1傷,社會,2026/09/23 10:25,蘇花改東岳隧道南口今早發生車禍，轎車被撞後橫向擋在大貨車前釀1傷。（圖由警方提供）宜蘭縣蘇澳鎮台9線113.1公里南下車道，即蘇花改蘇澳到東澳段東岳隧道南口附近路段，今天（23日）上午發生大貨車與轎車擦撞車禍，轎車被撞後失控，橫向擋在大貨車前方，現場相當驚險，所幸轎車賴姓駕駛僅受輕傷。蘇澳警分局今天上午7點14分接獲報案，直指台9線113.1公里南下處有交通事故，警方到場了解，現場是2車擦撞，事發當下，24歲林姓男子駕駛大貨車，從內側車道變換到外側車道，撞到39歲賴姓女子駕駛、在外側車道直行的轎車，造成賴女受傷，肇事原因尚待後續釐清。請繼續往下閱讀...警方呼籲用路人，開車變換車道時應注意周遭動態，並保持適當安全間距，以維護行車安全。車禍現場相當驚險。（圖由警方提供）這起事故造成轎車駕駛受傷。（圖由警方提供）    ,https://news.ltn.com.tw/news/society/breakingnews/5583230
鸚鵡叫聲變「音浪攻擊」？男稱焦慮失眠、怒告鄰居求拆屋吞敗,社會,2026/09/23 10:23,陳姓男子不滿鄰居張姓男子在騎樓增建處飼養鸚鵡，指控鳥叫與惡臭害他罹患焦慮症與失眠，提告要求拆屋被法官判敗訴。示意圖。（記者黃佳琳攝）陳姓男子不滿鄰居張姓男子在騎樓增建處飼養鸚鵡，指控鳥叫與惡臭害他罹患焦慮症與失眠，提告要求張男拆除增建物，但法官認定無法證明焦慮與鳥叫有因果關係，判陳男敗訴。判決指出，陳姓男子與張姓男子是隔壁鄰居，陳男認為，張男在兩家相連的屋前騎樓搭設鐵皮違建與高鳥籠，大量繁殖、飼養鳥類出售，不僅散發糞便惡臭，嘈雜鳥叫聲更嚴重侵害其居住安寧，害他身心受創罹患焦慮創傷症候群與失眠。陳男不僅提告刑事傷害（不起訴處分），另透過民事告訴要求張男必須將增建違房拆除恢復原狀。請繼續往下閱讀...高雄地方法院審理時，張男表示，自己自幼居住該處30餘年，因興趣養鳥已10多年，每日定期清理，鸚鵡僅在天亮與日落時啼叫，入夜後絕不發聲。他過去與其他鄰居相處融洽，直到陳男搬來後才爆發爭執，且陳男先前告他傷害早已獲檢方不起訴定讞，無法證明失眠是鸚鵡造成的。法官當庭勘驗陳男提供的錄音光碟，發現現場伴隨機車經過聲，分貝計跳動僅介於43至65分貝之間，並無24小時持續噪音。法官認為，診斷證明雖建議陳男「遠離壓力源」，但現代人壓力來源眾多，難以認定鸚鵡叫聲為唯一主因，且鸚鵡叫聲為無形聲音，增建建物沒有越界占有陳男土地，陳男要求拆屋無理，判決陳男敗訴，可上訴。    ,https://news.ltn.com.tw/news/society/breakingnews/5583208
醫師遊東歐整團被丟包 墊208萬救全團 旅遊業者造假匯款單被起訴,社會,2026/09/23 10:22,陳姓團員在臉書談事件始末。（圖取自陳女臉書）壯遊旅行社施姓女負責人於2023年間招攬東歐旅行團，連同沈姓醫師共有27名團員參加，施女卻未依約先將款項匯給東歐在地旅行社。導致團員旅行至克羅埃西亞時，卻被告知須額外支付團費。施女為掩飾惡行，竟偽造匯款單，佯稱有付款，最終由沈醫師墊付旅費，才繼續行程。台北地檢署今日偵結，認定施女已涉犯偽造文書罪，提起公訴。檢方調查，施姓負責人於2023年11月間規劃「東歐巴爾幹半島單飛13天行程」開始招攬團員，直至隔年9月招攬到27名團員後成團，並依不同團員需求協助訂購商務艙、豪華經濟艙，扣除機票費用後，一共取得144萬7600元的旅費。請繼續往下閱讀...施女本要跟團出國，後因身體不適，改請曾男協助，一行人抵達東歐前，理應先將團費匯給東歐當地旅行社（俗稱地接社），但施女卻因其他旅行團受到颱風影響，資金出現周轉不靈情形，竟挪用該筆旅費。直至2024年10月4日沈醫師等人及曾姓領隊被地接社人員扣留，要求支付旅費時，施女竟發送先前就製作好的偽造匯款單給曾姓領隊，向團員佯稱有匯款給對方。但因地接社實質上並未收到款項，要求每位團員必須支付2000歐元才能繼續行程，最終由沈醫師刷卡代為墊付208萬元，避免被丟包。施女應訊時表示，因為受到颱風影響，導致其他團費及資金周轉困難，才會沒有付尾款給地接社，但因為當時資金亂掉，才會到曾姓領隊反映時才告知此事，並沒有要欺騙團員的意思。檢察官訊問時，提告的沈醫師也表示，先前參加施女舉行的瑞士、義大利等客製化旅行團感覺都不錯，所以才會繼續參加東歐團；而曾姓領隊也向檢察官證稱，當時旅行社確實是受到颱風影響，導致團費收不齊，進而無法支付尾款，後來施女也有坦承偽造匯款單。檢察官認為，施女並無詐騙意圖，收到旅費後有協助旅客安排住宿，並非全然無作為，應該是資金調度困難導致未能順利支付尾款，無從認定施女主觀上有詐欺意圖。檢察官訊後，依涉犯偽造文書罪，將施女起訴。    ,https://news.ltn.com.tw/news/society/breakingnews/5583190
中油桃煉廠經理涉嫌接受業者長期「供養」 護航標案履約、驗收被訴,社會,2026/09/23 10:16,桃煉廠經理涉嫌接受業者長期「供養」，護航標案履約、驗收，桃檢依貪污治罪條例起訴3人。（資料照）中油桃園煉油廠51歲李姓經理利用職務之便，涉嫌接受業者長期「供養」，而護航履約、驗收順利，包括國內外旅遊、餐飲、饋贈，甚至是百萬名車訂金，皆由業者買單，桃園地檢署近日依貪污治罪條例起訴李男及64歲郭姓、53歲陳姓業者。起訴指出，李男原在桃煉廠三組重油轉化處理工場擔任工場長，去年升任為三組經理，負責所轄區域的發包工程現場指揮協調，並有提出、制定、審核採購需求及驗收權利，郭姓、陳姓業者希冀李男在其得標後、履約期間及驗收時不刁難，也為求順利逐年得標桃煉廠採購案，自2016年至今年4月間，陸續招待李男國內外出遊、餐敘、水果等。請繼續往下閱讀...其中，2016年6月間李男購買要價125萬元的車輛，郭姓、陳姓業者現場陪同看車後，由陳姓業者協助支付30萬元訂金，兩人藉由前述方式，讓得標的567萬元重油轉化及轉化處理工場停爐塔槽設備檢修工作、1368萬元重油轉化及轉化處理工場大修保溫檢修工作、437萬元RFCC工廠大修R-7101反應器及R-7102再生器檢修工作，能在履約期間不被刁難後竣工並通過驗收。案經法務部調查局桃園市調查處移送桃檢偵辦，檢方認李男及郭姓、陳姓業者均涉犯貪污治罪條例收受賄賂、交付賄賂並起訴，清查李男所收取賄賂價值共計44萬3826元，建請法官依法宣告沒收或追徵其價額。另審酌李男坦承犯行且已繳回犯罪所得，堪認其尚有悔悟之心，請於量刑時一併審酌而處以適切之刑；至於郭姓業者、陳姓業者飾詞狡辯、否認犯行，足認兩人不思悛悔，均請從重量刑。    ,https://news.ltn.com.tw/news/society/breakingnews/5583209
現役軍人指使幼兒園同學種大麻  裝傻瞎扯「以為是鼠尾草」,社會,2026/09/23 09:56,鍾男種大麻辯稱是鼠尾草，還把責任全推給好友。示意圖。（資料照）鍾姓軍人化名「恐龍扛狼」，遙控幼兒園同學栽種大麻，一審遭重判10年8月，鍾不服上訴，辯稱偵訊已自白，且種植株數較少求減刑，但高雄高院認定他落網時避重就輕，裁定駁回上訴，維持10年8月重刑。判決指出，2023年5月，鍾姓軍人在網路購入大麻種子及燈具、除濕機等裝備，在屏東租屋處試種成功後，以每月1.5萬元報酬招募認識30年的幼稚園利姓同學全天候照料。鍾男隨後在Telegram化名「恐龍扛狼」，遠端精準指示利男調節溫濕度、光照時間及剪花風乾，將租屋處改造成高科技大麻農場。請繼續往下閱讀...警方獲報攻堅後扣得大麻活株13株、乾燥大麻花及大麻葉逾1公斤。一審屏東地方法院院依製造第二級毒品罪重判鍾男徒刑10年8月，利男則判5年2月；鍾男不服，僅就量刑部分提起上訴。鍾男二審時聲稱，自己在偵訊時已承認共同種植，應適用自白減刑規定，更舉其他實務判決，指有案件種植27株大麻獲減刑，自己僅種13株且未流入市面，加上自己無前科、軍旅生涯表現良好，請求法官從輕發落。高雄高分院審理時，法官勘驗偵訊錄影發現，鍾男落網時否認自己是「恐龍扛狼」，甚至辯稱「以為種的是鼠尾草」，還把責任推給利男，稱自己只是好心幫同學搬植物、拔枯葉，顯然否認犯罪故意，不構成自白減刑要件；且鍾男為本案起意者、設備與技術提供者，更是最終成品取得者，因此認定原審判決量刑妥當，裁定上訴駁回，鍾男仍須服刑10年8月，全案仍可上訴。☆少一份毒品就多一份健康，自由時報提醒您遠離毒品☆    ,https://news.ltn.com.tw/news/society/breakingnews/5583180
路上玩瑪利歐賽車？廂型車「後門大開噴暗器」 後車慘遭擊中,社會,2026/09/23 09:29,箱型車後門大開掉出1台手推車。（民眾提供）宛如真人版《瑪利歐賽車》拋甩道具的驚險瞬間在馬路上演！彰化縣花壇鄉八卦山麓昨天（22日）發生一起離奇交通事故，1輛廂型車綠燈上坡起步時，後車門竟突然大開，一台手推車瞬間噴飛出來，直衝後方轎車。後車駕駛緊急拉方向盤閃避仍避無可避，慘遭擊中，行車紀錄器畫面被PO上社群平台Threads後引發網友熱議。警方調查，這起事故發生於昨天上午8點多，1輛廂型車沿花壇鄉聽竹街由西往東方向行駛，並在環山路上坡路口停等紅燈。未料因後車廂門先前未確實關閉鎖緊，當號誌轉綠、駕駛踩油門起步時，車門因慣性向外大開，放置於車廂內的手推車隨即掉出，並往下坡路段滑動。請繼續往下閱讀...當時緊跟在後方停等紅燈的轎車駕駛見狀大驚，眼見「暗器」一路滾來，雖第一時間急轉方向盤嘗試閃避，但因距離過近，右後車身與右後葉子板仍不幸遭手推車擊中。警方指出，廂型車駕駛未依規定確實關閉車廂致貨物掉落，已依《道路交通管理處罰條例》開單告發，可處3000元以上1萬8000元以下罰鍰。手推車從廂型車後門掉出並往下滑動。（民眾提供）手推車從廂型車後門掉出並往下滑動，後方駕駛驚嚇急閃避。（民眾提供）手推車從廂型車後門掉出並往下滑動，擊中後方車輛。（民眾提供）    ,https://news.ltn.com.tw/news/society/breakingnews/5583151
賣房拒繳稅！千萬所得藏夫帳戶 宜蘭女險遭管收秒吐40萬,社會,2026/09/23 09:24,宜蘭一名45歲江姓女子，去年賣掉新北市三重區的房產，大賺1800多萬元，扣除房貸與成本後，她手邊仍有超過500萬元現金，但她卻積欠高達341萬元的房地合一稅與罰鍰，遲遲不願繳納。（宜蘭分署提供）宜蘭一名45歲江姓女子，去年賣掉新北市三重區的房產，大賺1800多萬元，扣除房貸與成本後，她手邊仍有超過500萬元現金，但她卻積欠高達341萬元的房地合一稅與罰鍰，遲遲不願繳納，甚至將這筆款項全部轉入丈夫名下，企圖規避追討，直遭行政執行署宜蘭分署向法院聲請強制管收之際，才火速籌款分期獲釋。面對稅務機關催繳，江女不僅屢傳不到，今年4月還委託丈夫出面，辯稱賣房的錢都要拿去買股票「投資用」，暫時無法清償。雖然當時雙方談妥分期計畫，但江女繳到8月就停擺。分署估算，若只靠扣繳江女微薄薪水，還要12年半才能還清剩餘243萬元欠款。請繼續往下閱讀...由於江女擺明有錢卻不還，對宜蘭分署的通知也置之不理，執行人員祭出鐵腕，向法院聲請拘提獲准後，立刻聯手士林分署，於本月22日上午直搗江女位於新北市的工作地點，當場將她強制拘提到案，讓躲避追債的江女瞬間傻眼。宜蘭分署表示，江女賣房賺錢絕對有能力繳稅，卻把錢轉給老公投資，這根本不是拒繳的正當理由。眼見執行署準備向法院聲請「管收」將她關押，原本態度消極的江女，火速找人籌出40萬元現金繳納並提供擔保。江女最終向分署承諾，剩餘的200多萬欠稅保證會在9月底前一次繳清，這才順利獲釋重獲自由。宜蘭分署呼籲，民眾若有能力卻惡意欠稅、甚至隱匿財產，絕對嚴格執法不寬貸，必要時將採取限制出境、拘提或管收等手段，切勿心存僥倖。江女最終向分署承諾，剩餘的200多萬欠稅保證會在9月底前一次繳清，這才順利獲釋重獲自由。（宜蘭分署提供）    ,https://news.ltn.com.tw/news/society/breakingnews/5583150
高鐵嘉義站旁女子找愛車2小時 警方深夜助尋回,社會,2026/09/23 09:19,水上分局警方協助蘇女找到愛車。（警方提供）60多歲蘇姓女子日前將車輛停放在高鐵嘉義站附近的停車場，晚上7點多返回嘉義時，找了2個多小時都找不到愛車，擔憂遭竊，向警方報案，水上分局警方獲報協助地毯式搜尋，後來在附近一處停車場找到車，蘇女情緒相當激動，不斷感謝警方的熱心協助。水上分局太保聯合所副所長蔡育昌、警員賴咨燕，日前巡邏勤務接獲蘇女報案找不到愛車；蘇女說，當日早上6點多她將車輛停放在高鐵嘉義站附近的停車場，搭乘高鐵前往外縣市洽公，晚上7點多返回嘉義，但欲開車返家時卻遍尋不著愛車，找了2個多小時還是找不到，只好報警。請繼續往下閱讀...警方安撫蘇女，詢問汽車號碼、車款及外觀特徵，在高鐵嘉義站附近周邊道路、停車場展開地毯式搜尋，後來終於在保鐵一路二段的CITY PARKING城市車旅停車場-穩陽能源嘉義站找到蘇女愛車。水上分局表示，民眾外出停車時可留意周遭明顯地標，或利用手機拍照、定位記錄停車位置，以避免因環境相似而誤判，若一時找不到車輛，可先確認鑰匙是否仍在身上，冷靜回想停車動線，有助快速找回愛車。    ,https://news.ltn.com.tw/news/society/breakingnews/5583145
養老鼠咬布袋！「鬼屋」主要營運幹部相繼私吞公款 負責人氣炸提告,社會,2026/09/23 09:16,「鬼屋」2營運幹部相繼私吞公款均被判刑，其中1人獲緩刑。（資料照）經營娛樂性質「鬼屋」的蔡姓業者，發現陳姓副店長及陳姓主任利用職掌，相繼侵吞營收後的公款數十萬元，憤而提告，2名涉案幹部事後都與蔡姓老闆達成賠償協議，但陳姓副店長未按時付款，被屏東地院依業務侵占罪判處6個月不等徒刑，可易科罰金；陳姓主任依約按時付款則獲得緩刑機會，可上訴。2名陳姓男子受雇擔任蔡姓業者經營的「鬼屋」主要幹部，卻利用職掌相繼侵吞公司營收，結果被蔡姓業者抓包，經提起告訴後，2人分別償還一部份款項，並與蔡姓負責人達成賠償協議，陳姓副店長同意賠償40萬元，並從今年2月起，每月付款7000元；陳姓主任則同意賠償58萬元，並從今年2月起，每月償還1萬元。請繼續往下閱讀...屏東地院審理後，認為陳姓主任均按時付款，並獲得蔡姓業者的原諒，依業務侵占罪共5罪，各判處6個月徒刑，得易科罰金，均緩刑5年；陳姓副店長未按時付款，依業務侵占罪共2罪，各處6個月徒刑，均得易科罰金，各沒收或追繳犯罪所得15萬6000元、24萬5千元。    ,https://news.ltn.com.tw/news/society/breakingnews/5583131
排到一肚子火！彰化不二坊排隊失控 兩男當街互罵,社會,2026/09/23 09:16,不二坊店前，昨晚爆發民眾口角衝突。（警方提供）彰化名店不二坊蛋黃酥熱潮持續狂燒，店門口每天都湧入驚人排隊人潮，但也出現失控場面，昨天（22日）晚間因排隊亂象引爆口角衝突，1名排隊男子與欲停機車的騎士當場在街頭開嗆，現場火藥味十足，過程全被路過民眾拍下上傳社群，引發網友熱議，警方據報趕抵現場，將雙方隔開後平息雙方怒火。彰化分局民生路派出所昨晚6點多接獲報案，指稱彰化市中正路不二坊蛋黃酥店家附近爆發民眾糾紛。員警趕抵現場了解，原來是有1名男子當時正在排隊等候購買蛋黃酥，此時另一名機車騎士欲將機車停放到機車格內，過程中，排隊的男子認為騎士開口要求的語氣不佳，心生不滿而選擇不予理會、拒絕讓路；騎士見狀火氣也隨之飆升，雙方直接在人行道上爆發激烈口角爭執。不少排隊民眾與路人當場目擊，紛紛拿出手機錄影。請繼續往下閱讀...所幸警方及時現場化解危機，經確認雙方僅為言語衝突，未發生任何車輛碰撞或肢體暴力。員警當場告知兩人應保持理性，並依法抄登雙方身分資料備查後，騎士隨後騎車離開，結束這場排隊虛驚。不二坊店前，昨晚大排長龍，爆發排隊民眾與機車騎士口角衝突。（警方提供）開車族為買蛋黃酥違規停車，遭警方驅趕開單。（警方提供）不二坊店前連兩天大排長龍，員警到場維持秩序。（警方提供）    ,https://news.ltn.com.tw/news/society/breakingnews/5583135
中秋餐會、摸彩送禮踩賄選紅線？   中檢檢察長強調「這關鍵」,社會,2026/09/23 09:03,舉辦中秋餐會、摸彩送禮是否踩賄選紅線？台中地檢署檢察長洪家原（右）受訪時強調，是否形成利益與投票支持間的「對價關係」是關鍵。（中檢提供）彰化縣議長謝典霖疑宴客涉賄選遭收押，近日也有許多參選人擔心被指賄選，不敢送中秋摸彩品、取消親子活動，台中地檢署檢察長洪家原在受訪時表示，並非選舉期間一送禮、一請吃飯就構成賄選，也不是禮品價值不高就沒問題，關鍵在於是否有形成利益與投票支持間的「對價關係」，以及是否逾越一般社交禮俗，呼籲市民共同守護乾淨選風。中秋節將到來，近日許多社區團體舉辦中秋聯歡、餐會、摸彩及贈禮活動，因年底選舉將屆，許多民眾擔心是否涉賄？台中地檢署檢察長洪家原受訪時表示，並非選舉期間一送禮、一請吃飯就構成賄選，也不是禮品價值不高就一定沒有問題。司法實務判斷重點，是綜合觀察財物或利益價值、性質、提供對象、時間、方式、是否為平日既有慣例、是否逾越一般社交禮俗，以及有無明示或默示的投票請託，核心在於該利益是否足以動搖或影響有投票權人的投票意向，並形成利益與投票支持間的「對價關係」。請繼續往下閱讀...洪家原進一步說明，例如社區、宮廟或地方團體例行舉辦中秋活動，候選人僅受邀出席並適度贊助一般禮品，採不特定大眾隨機摸彩，原則上不能僅憑此即認定賄選；反之，如選前突然大額提供高價家電、現金、禮券，或以摸彩為名近乎「人人有獎」，再結合拉票請託，即應高度警覺。對於近日受到討論，舉辦造勢活動準備炒麵、滷蛋是否涉賄？洪家原則說，造勢活動提供適度茶水、簡便餐飲，如依社會通念尚不足以影響選民投票意向，原則上不因免費提供即構成賄選；若升高為高級宴席、高價海鮮或酒飲，明顯超越一般合理範圍，則有疑義。洪家原強調，為杜絕妨害選舉的行為，除持續嚴查傳統賄選外，包含可能轉往境外網路平台並結合虛擬貨幣、區塊鏈交易的選舉賭盤，或被用來交換投票支持的電子禮券、遊戲點數等數位利益，以及假訊息、AI深偽、境外勢力介選及虛偽遷徙戶籍等，都是選舉查察的重要面向。    ,https://news.ltn.com.tw/news/society/breakingnews/5583114
高雄螺絲廠延長線短路引爆火海 負責人「1疏忽」遭判刑,社會,2026/09/23 09:02,高雄工廠火警，橋頭地院認定負責人未盡到現場管理人的注意義務，依失火燒燬現供人使用之建築物罪判刑。（資料照）高雄市日前發生一起驚險的工廠深夜火災，負責人因疏於定期檢修、維護廠房內的配電箱總電源及延長線，導致工廠在深夜無人注意時，延長線因短路爆發猛烈火勢。橋頭地院審理後，認定負責人未盡到現場管理人的注意義務，依失火燒燬現供人使用之建築物罪，判處有期徒刑3個月。判決書指出，被告陳男為螺絲公司的負責人，承租位於高雄市的某處廠房，作為公司的辦公室兼員工宿舍使用，去年9月深夜23時33分前，疏未將工廠內的總電源關閉，辦公室東南側處的延長線因不堪負荷發生短路，瞬間引燃周邊易燃物，熊熊烈火隨即吞噬廠房。請繼續往下閱讀...高雄市政府消防局在火調鑑定書中明確指出起火點與短路因果關係，法官在判決時嚴正指出，本案失火地點周圍密密麻麻全是公司廠房，一旦火流向外流竄，極可能引發連環大火、使周遭房屋全陷入遭燒燬的巨大危險中，犯罪所生之危險性極高。法官審酌陳男身為企業負責人卻未善盡安全義務，實屬不該。但考量他隨後在法院審理時坦承犯行、態度良好，且展現誠意與廠主達成調解並全數賠償損害完畢，判處有期徒刑3個月，全案仍可上訴。    ,https://news.ltn.com.tw/news/society/breakingnews/5583086
高雄男違規左轉遭攔查 身揹通緝還涉毒駕,社會,2026/09/23 08:07,高雄男違規左轉遭攔查，身揹通緝還涉毒駕。（民眾提供）高雄劉姓男子（33歲）涉嫌毒駕，騎機車經鼓山區未依規定兩段式轉彎，警方將他攔下檢查，他坦承因案被通緝，員警在劉身上查獲依托咪酯煙彈1顆，對其實施唾液毒品快篩，結果呈現毒品陽性反應，立刻將他逮捕移送法辦。鼓山分局今（23）日指出，員警前日執行勤務時，經鼓山區九如四路與銘傳路口時，發現劉男騎乘機車未依規定兩段式轉彎，上前攔查該名劉姓男子（33歲）。請繼續往下閱讀...劉男被警方攔停後，主動坦承自身通緝身分，經查證確認其為洗錢防制法通緝犯，警方依法逮捕，意外在其身上查獲毒品依托咪酯煙彈，當場依法將其逮捕。員警查證身分，確認劉男確為高雄地檢署發布的洗錢防制法通緝犯，當場依法將其逮捕，後續警方對其執行附帶搜索，於劉男身上查獲依托咪酯煙彈1顆，並立即對其實施唾液毒品快篩，結果呈現毒品陽性反應，全案依違反毒品危害防制條例、公共危險（毒駕）及洗錢防制法通緝等罪嫌，移送高雄地方檢察署偵辦。☆少一份毒品就多一份健康，自由時報提醒您遠離毒品☆    ,https://news.ltn.com.tw/news/society/breakingnews/5583091
捲款50億人間蒸發！台中丹水滾「一家4口潛逃中國」 傳轉逃東南亞,社會,2026/09/23 07:49,丹水滾火鍋店已掛上招租布條。（記者張軒哲攝）台中市大雅區「丹水滾鍋物」集團負責人黃群叡、洪依瑩夫妻檔，因投資失利，一家4口飛至中國失聯，外傳受害人數近500人、損失金額上看50億元，事發已3個多月，音訊全無，地方甚至傳聞，恐已輾轉至東南亞，對此，前員工跟部分受害者皆不清楚。台中市大雅區「丹」集團，黃男與洪女夫妻以融資借貸起家，在地方社團相當活躍，地方人士或社團幹部拿現金投資，因為一開始有固定配息，不少人將畢生積蓄投入，受害者浮上檯面，包括老人會成員、公益跟體育類型社團幹部有多人受害。請繼續往下閱讀...丹水滾鍋物、丹趣淘旅行社，另有「丹鐽錌」徵信社、「丹舞對決」藝術公司，皆已倒閉，旅行社已遭觀光署廢止執照；近期位於大雅區民生路的火鍋店門口已掛上招租布條，由於火鍋店騎樓角落堆積菸蒂，房東貼公告強調，他們也是措手不及，請受害民眾勿毀損火鍋店。由於這對夫妻先飛至江南與旗下丹趣陶旅行社的團員同遊一天一夜，隔天脫團，其子女再飛至中國會合，已失聯逾百日，宛如人間蒸發，大雅地區民眾研判已由中國輾轉至東南亞國家躲藏，但警方並不清楚此事。丹水滾火鍋店房東貼公告，強調措手不及。（記者張軒哲攝）    ,https://news.ltn.com.tw/news/society/breakingnews/5583079
涉侵吞長者千萬老本遭聲押 北市社會局美女社工背景曝,社會,2026/09/23 06:24,江女外型亮眼，過去曾以社工身分登上節目受訪，在社福圈具有一定資歷。（記者劉詠韻攝）首次上稿 9/22 22:40更新時間 9/23 06:24 （北檢聲押禁見）台北市社會局38歲社工江羿潔，涉嫌利用職務之便，一年內侵吞5名無法自行管理財產的受監護長者逾1200萬元，局處直到她離職交接，才後知後覺發現帳目異常。台北地檢署21日搜索江女住處，查扣香奈兒、愛馬仕等大批名牌精品，複訊後向法院聲押禁見。請繼續往下閱讀...相關新聞：社工侵吞長者千萬買愛馬仕、香奈兒 社工司要北市行政調查江女在社工領域已有多年資歷，過去曾任愛慈基金會兒少團體家庭社工督導，負責政府安置及特殊需求兒少照顧，2022年間即曾以社工督導身分接受媒體訪問。去年3月剴剴案引發社會關注時，她也曾登上節目，與立委、律師共同討論兒少保護及收出養制度。此外，江女也曾參與社工專書《優勢觀點與社會工作實務：邁向復元之路》，與他人共同撰寫「新北市優勢觀點個案管理的實踐」章節。她2025年5月轉入北市社會局，負責老人福利科業務，包括安排長者入住安置機構、提供照顧服務，以及協助受監護宣告個案保管存摺、印章及現金，並代為處理財產事務。受監護宣告，是指因精神障礙或其他心智缺陷，已無法自行為意思表示、理解他人意思，或不能辨識意思表示效果，經法院裁定後由監護人代為處理法律及財產事務。本案5名被害人均為文山區受監護宣告長者，也因此需要由社福體系介入協助管理財產。檢警查出，江女涉嫌利用承辦個案、保管長者存摺及印章的機會，陸續從帳戶提領款項，甚至取走個案住處內的現金；5名長者遭侵吞金額合計逾1200萬元。直到江女今年6月離職、辦理業務交接，承接人員清查財產時發現帳目異常，案件才曝光。北檢檢察官鄭雅方和昨指揮信義分局搜索江女住處，查扣香奈兒、愛馬仕等大批名牌包及精品，檢方訊後今凌晨依利用職務機會詐欺取財等罪嫌向法院聲押禁見。江女2025年5月至今年6月皆於北市社會局服務，任職一年均在局長姚淑文任內。如今不僅涉嫌侵吞自己承辦的受監護長者財產，社會局在其任職期間也未察覺異常，直到離職交接才發現5名長者財產出現短缺，個案督導及財產管理機制是否存在漏洞，再掀質疑。相關新聞請見：北市社會局又出包！正妹社工侵吞「 監護宣告」長者財產逾1200萬 名牌精品堆滿屋江女去年5月進入北市社會局，任職一年均在局長姚淑文任內，社會局直到她離職交接後，才發現5名長者財產出現短缺。（記者劉詠韻攝）    ,https://news.ltn.com.tw/news/society/breakingnews/5582943
自由日日shoot》會計師當白手套 暗槓賄款130萬,社會,2026/09/23 05:30,台中地檢署偵辦中區國稅局簡任稽核王志益，涉嫌勾結會計師助逃漏稅，檢警查扣大批現金。（記者陳建志翻攝）財政部中區國稅局簡任稽核王志益，涉嫌勾結會計師收賄，協助民眾或公司逃漏稅，台中檢方查出王男手法為指導納稅義務人虛構債權，授意製作不實說明書、協調補稅等方式，讓公司或個人逃漏稅，再收受禮券，或由會計師擔任白手套收受賄款，嚴重破壞租稅公平。教民眾虛構債權逃稅檢方查出，在許姓納稅義務人的稅務案中，王男在許民接受綜所遺贈稅查核期間，多次接受飲宴，並指導虛構童姓友人對許仍有二七四四萬元債權，同意以免除債務，改繳贈與稅二五〇萬元的方式結案，讓許民免納個人綜合所得稅二五二九萬餘元，王男事後要求安排員工陪他赴美，並負擔機票、住宿，收受廿七萬四一〇〇元的不正利益。請繼續往下閱讀...另外，在查調鄭姓納稅義務人的稅務案期間，王透過友人暗示希望收受新光三越百貨禮券及家樂福提貨券各廿萬元，後來僅收到兩種禮券各十萬元，總額廿萬元。助企業免稅免罰五千多萬檢方並指，王志益得知春錫公司的存款一億八千六百萬元並非股東借款，卻授意林姓會計師指導魏姓負責人，製作不實說明書，使公司免納營利事業所得稅及免受裁罰，金額合計五六九一萬六千元，魏男事後交付五百六十萬元現金，由林姓會計師擔任白手套轉交給王。此外，王志益利用原主管稅務案件的影響力，取得弘笙公司的查核文件，並居間協調補稅金額，事後由黃姓負責人將二百五十萬元匯款到施姓會計師事務所帳戶，施男再轉匯二百萬元給李姓會計師，李男趁餐敘時交付七十萬元賄款給王志益，其餘一三〇元萬私吞。台中地檢署偵辦中區國稅局簡任稽核王志益，涉嫌勾結會計師助逃漏稅，檢警查扣大批禮券、提貨券。（記者陳建志翻攝）    ,https://news.ltn.com.tw/news/society/paper/1771776
南方澳南天宮金箔媽 外借失聯,社會,2026/09/23 05:30,南方澳南天宮金箔媽祖，出借給蘇澳武功堂遶境，如今下落不明。（圖由南方澳南天宮提供）宜蘭縣蘇澳巡護殿武功堂日前才被爆料赴彰化鹿港舉辦遶境活動，蘇姓宮主卻丟下神明後失聯，不知去向。昨天又傳出，蘇姓宮主曾向南方澳南天宮商借一尊身價三十多萬元的金箔媽祖（見圖，南方澳南天宮提供）參加遶境，如今媽祖神像也跟著失聯，引發信眾議論。蘇澳武功堂又爆爭議蘇澳武功堂是一座私人宮廟，廟內奉祀的蘇府王爺近日晉升為巡護大帝。蘇姓宮主二十日原本在彰化鹿港安排盛大遶境慶典，但陣頭、禮生、攝影師到場時，只看到由蘇澳請去的多尊神明，蘇姓宮主卻不見人影。被放鴿子的陣頭揚言成立自救會，索討百萬元費用，如今連香火鼎盛、供奉金媽祖的南方澳南天宮也受到波及。請繼續往下閱讀...據了解，蘇姓宮主的母親在南方澳南天宮擔任志工，蘇男十一日透過母親向廟方商借金箔媽祖參加遶境，預定二十八日歸還。蘇澳武功堂遶境爭議爆發後，南天宮撥打蘇男手機均轉入語音信箱，後來派人前往尋找，發現武功堂大門深鎖，金箔媽祖行蹤成謎。南天宮主委林棋山指出，宮廟間商借神尊建立在互信基礎上，這次出借金箔媽祖僅以簿冊登記，沒想到竟會失聯；是否有其他廟宇也遇上同樣狀況，仍待了解。由於約定二十八日歸還，希望商借人儘速處理，讓金箔媽祖如期「返家」，若逾期未歸，將報警追究責任。金箔媽祖因外觀貼覆金箔而得名，以往信眾或友廟向南方澳南天宮商借神尊，都會準時請回，這次是廟方首度碰上外借神尊失聯的情況。    ,https://news.ltn.com.tw/news/society/paper/1771778
保管受監護宣告老人存摺、印章 北市府社工督導 涉吞長者1200萬,社會,2026/09/23 05:30,北市社會局風波不斷，前社工督導江羿潔涉嫌利用保管受監護宣告老人的存摺與印章的機會，侵吞至少五名長者財產逾1200萬元。（資料照）台北市社會局前社工督導江羿潔，涉嫌利用保管受監護宣告老人的存摺與印章的機會，任職一年來侵吞文山區至少五名長者財產，累計逾新台幣一二〇〇萬元；社會局直到江女離職並辦理業務交接時，才發現帳目短少。台北地檢署昨指揮警方搜索江女住處，查扣香奈兒、愛馬仕等大批名牌精品，並將江女移送北檢複訊，全案朝涉犯貪污治罪條例侵占職務上持有之財物等罪偵辦，另追查是否還有其他長者受害。任職一年 至少Ａ走5長者財產卅八歲的江女原任北市社會局社工督導，外型亮眼，過去曾以社工身分登上節目受訪，在社福領域有一定資歷；江女自二〇二五年五月起負責老人福利科業務，包括安排長者入住安置機構，以及協助受監護宣告、缺乏財產管理能力的個案，保管其存摺、印章並處理財產。請繼續往下閱讀...江女今年六月離職，轉至新北市政府任職，北市社會局辦理業務交接、清點個案財產時發現帳目短少，清查後向台北市信義分局報案。搜索住處 扣愛馬仕等大批精品檢警調查，江女因承辦業務得以接觸個案財產，任職一年來涉利用保管受監護宣告老人的存摺、印章機會，侵吞文山區五名受監護宣告長者財產，金額合計逾一二〇〇萬元。北市社會局近年風波不斷，剴剴虐死案因居家托育訪視及管理疏失遭監察院糾正；近期又爆出十歲女童疑遭猥褻後，數月未獲妥善安置。如今再有社工涉嫌侵吞五名受監護長者財產逾一二〇〇萬元，使個案督導、財產保管及內控機制再受檢視。    ,https://news.ltn.com.tw/news/society/paper/1771754
自由日日shoot》收黃金、禮券助逃漏稅8221萬 國稅局高官王志益起訴,社會,2026/09/23 05:30,台中地檢署偵辦中區國稅局簡任稽核王志益。（取自三立新聞）財政部中區國稅局簡任稽核王志益，涉嫌勾結會計師，讓納稅義務人或公司免繳巨額的個人綜合所得稅、營利事業所得稅及免受裁罰，共協助逃漏稅及規避裁罰八二二一萬二九〇二元，王男除接受招待飲宴、出國旅遊，還收受包括一二八〇萬元現金賄款與黃金、禮券、提貨券。王男付五百萬元定金購買台中市南屯區的豪宅預售屋，因財產來源不明，被列為犯罪所得；台中地檢署獲報發動六波搜索，昨天偵結依貪污等罪嫌起訴王男和三名會計師共十八人。利用稅務查核機會收受賄賂台中地檢署接獲調查局台中市調查處情資，在財政部中區國稅局擔任高階主管、位階僅次於局長、副局長、主任秘書的簡任稽核王志益（六十五歲），涉嫌利用稅務查核機會收受賄賂，立即指派黃裕峯等檢察官，指揮警調等單位，從今年五月起陸續執行六波搜索，將王志益、林姓（六十七歲）、李姓（五十三歲）會計師，鄭姓、許姓納稅義務人共五人聲押禁見獲准，其餘被告以二百萬元至一千萬元不等金額交保。請繼續往下閱讀...中檢經密集訊問被告及證人，逐一比對相關人員供述、分析手機數位採證資料、勾稽稅務資料、查核說明書、金流及通訊紀錄等證據後，昨天將王男和三名會計師共十八人，依貪污罪的違背職務收受賄賂或不正利益、主管事務圖利、不違背職務收受賄賂、非公務員對公務員違背職務行賄、逃漏稅捐等罪嫌起訴。檢聲請查扣買豪宅五百萬定金檢調並查扣王志益的游姓妻子（六十三歲）隱匿貪污所得財物，包括現金一二八〇萬元（含賄款五六〇萬元）、各一台兩黃金五塊及價值廿萬元的商品禮券、提貨券，另許姓、魏姓、李姓被告已繳回犯罪所得合計六九〇七萬餘元。王志益購買台中市南屯區的豪宅預售屋已支付的五百萬元定金，因財產來源不明列為犯罪所得，並向法院聲請查扣。名店六月初一 逃漏稅三千多萬檢方調查時還意外查出，知名伴手禮業者「六月初一」公司，也在林姓會計師協助下，虛增成本費用達八七四七萬元，讓負責人沈劭蘭逃漏稅及規避罰款共三〇〇九萬餘元，林男還謊稱要疏通國稅局人員，卻私吞詐得四百至五百萬元現金。檢方起訴後將全案移由台中地院國民法官庭審理，這也是中部地區首件適用國民法官參審程序審理的貪污案件。台中地檢署偵辦中區國稅局簡任稽核王志益，涉嫌勾結會計師助逃漏稅，搜出5塊各重1台兩的黃金。（記者陳建志翻攝）    ,https://news.ltn.com.tw/news/society/paper/1771775
神鬼女店員偷487支iPhone賤賣 千萬贓款賭光,社會,2026/09/23 05:30,台南市中西區一家連鎖手機店爆發內賊監守自盜，該店一名李姓女店員涉在9個月期間偷走487支iphone手機，再低價轉賣獲利。（記者王俊忠攝）台南市區一家連鎖手機店驚爆重大監守自盜案！廿多歲李姓女店員涉嫌自今年初起，在市區旗艦店倉庫陸續偷走各款iPhone手機共四八七支，再以每支低於市價數千元至一萬元不等的價格，轉賣給其他手機行，牟利上千萬元。公司察覺異狀後報警，警方查獲李女，訊後依業務侵占、竊盜等罪嫌函送檢方偵辦。利用庫存管理漏洞據了解，這家連鎖手機店在台南設有十五家門市，主打價格透明及具競爭力的空機優惠。發生女店員監守自盜案的門市位於南市中西區，是該連鎖手機店的旗艦店，倉庫內存放各大品牌手機。請繼續往下閱讀...店方近日發現自家公司批號的手機出現在網路通路販售，察覺有異，清查庫存後發現短少四八七支手機，並調閱店內監視器，赫見李女監守自盜，隨即向轄區警方報案。警方廿一日下午通知李女到案，李女坦承犯案，疑將轉賣手機所得的上千萬元全數投入賭博網站並輸光。至於銷贓管道與手機流向仍待警方進一步追查釐清。受害手機行店員昨日低調表示，店方負責人不接受媒體採訪。    ,https://news.ltn.com.tw/news/society/paper/1771779
自導自演緝私菸 詐領檢舉獎金／海巡前隊員 犯3罪判刑逾24年,社會,2026/09/23 05:30,新北地院依貪污治罪條例公務員利用職務上機會詐取財物罪等三罪，分別判處饒瑞洋七年二月、八年六月及九年徒刑；因饒另涉他案仍在審理中，因此未定應執行刑。（資料照）海巡署偵防分署花蓮查緝隊前偵查員饒瑞洋，任內為貪圖績效及相關獎金，協助不符資格的檢舉人詐領吹哨者檢舉獎金，並向檢舉人收取五十萬元分紅，甚至與共犯自導自演查獲私菸，藉此詐取獎金。新北地院依貪污治罪條例公務員利用職務上機會詐取財物罪等三罪，分別判處饒七年二月、八年六月及九年徒刑；因饒另涉他案仍在審理中，因此未定應執行刑。冒報吹哨者、放任頂包檢廉調查，依規定，若檢舉人曾為或現為被檢舉人的受僱人，也就是俗稱的「吹哨者」，其檢舉獎金比例最高可達給獎基礎的四十五％。但在二〇二三年「紅糖專案」查緝私菸案中，雖有檢舉人，但與被檢舉者並無僱傭關係，饒瑞洋竟勾選「吹哨者檢舉」，協助檢舉人溢領五十二萬元獎金。請繼續往下閱讀...偽造公文借提人犯領獎二〇二四年「牽牛專案」中，饒瑞洋還同意讓私菸所有人找人頂包，圖利其免受六百萬元裁罰，並如法炮製，將檢舉人勾選為吹哨者，協助溢領七十四萬元獎金。這名檢舉人因另案入監服刑，饒還以偽造不實公文方式將他「借提」出監領取獎金；檢舉人為表達感謝，事後透過胞弟交給饒五十萬元分紅。另在「小畢馬董專案」中，饒瑞洋與神秘人士「法國人」等人自導自演，由共犯布置「虛假私菸廠」，再以檢舉方式製造查獲假象，使相關單位核撥高達六八〇萬元獎金，「法國人」與饒事後朋分三六六萬元獎金。合議庭認為，饒瑞洋所為視國家法紀如無物，嚴重敗壞官箴，且犯後態度不佳，因此量處上述刑期。    ,https://news.ltn.com.tw/news/society/paper/1771777
宜蘭冬山某鋼鐵廠火警　幸無人傷亡,社會,2026/09/23 00:48,宜蘭縣冬山鄉1間鋼鐵金屬工廠昨天深夜發生火警，內部擺放甲苯等化學物品，火勢已撲滅，無人傷亡，起火原因待調查。宜蘭縣消防局昨天晚上近11時獲報，冬山鄉德興六路1間鋼鐵金屬工廠發生火警，派遣當地消防分隊前往搶救。請繼續往下閱讀...消防局指出，火勢已於昨晚11時30分撲滅，起火原因不明，後續由火調人員展開調查。（編輯：洪啓原）1150923    ,https://news.ltn.com.tw/news/society/breakingnews/5583023
宜蘭冬山鄉工廠深夜火警  廠內放置甲苯消防員破門撲滅,社會,2026/09/23 00:24,宜蘭冬山一家鋼鐵金屬工廠深夜火警，消防人員破門灌救。（圖由宜縣消防局提供）宜蘭縣冬山鄉德興六路一家鋼鐵金屬工廠，22日深夜發生火警，消防人員破門滅火，發現廠內有擺放甲苯等化學物品，所幸及時撲滅火勢，沒有人員傷亡。宜蘭縣消防局昨晚10點48分獲報，直指冬山鄉德興六路某鋼鐵金屬工廠起火，派遣第二大隊、五結、冬山、馬賽、羅東分隊前往搶救，指揮官11點回報說，失火的金屬工廠內擺放甲苯等化學物品，火場冒出煙霧及明火，確認無人受困，消防人員破門搶救。請繼續往下閱讀...經過灌救後，11點27分控制火勢，11點半撲滅，起火原因尚待消防局火調科調查。消防人員進入失火廠區滅火。（圖由宜縣消防局提供）    ,https://news.ltn.com.tw/news/society/breakingnews/5583007
3天2撞！台中這路口特斯拉左轉卡庇護島  網驚：專殺切西瓜？,社會,2026/09/22 23:13,台中黃姓女子，今天駕駛特斯拉行經台灣大道時，疑似轉彎時過早左轉「切西瓜」，撞上庇護島動彈不得。（記者陳建志翻攝）台中一名黃姓女子（35歲）今天上午11點多，駕駛特斯拉電動車行經西區台灣大道要左轉往科博館方向時，疑似未注意車前狀況，整輛車開上庇護島，卡在上面動彈不得，因同一路口前天也發生同樣狀況，研判都是過早左轉「切西瓜」，才導致「騎」上庇護島，肇事原因將由警方調查釐清。台中市警局第一分局今天接近中午11點36分接獲民眾報案，表示台灣大道2段與館前路口發生一起交通事故，抵達時發現黃姓女子（35歲）駕駛電動車卡在庇護島上。請繼續往下閱讀...警方調查後發現，黃女當時由台灣大道2段左轉專用道，要左轉館前路往博館路方向行駛，行經該路口時，車輛左側車身不慎碰撞路口行人庇護島致車身受損，所幸沒有人員傷亡。因同一個路口，20日也發生1輛休旅車要左轉時開上行人庇護島動彈不得，好不容易才脫困，沒想到隔了1天，又有車子被卡住。第一分局呼籲，行駛時應注意前方狀況，減速慢行，行經路口左轉時應行至交岔路口中心處左轉，避免車禍發生。台中黃姓女子，今天駕駛特斯拉行經台灣大道時，疑似轉彎時過早左轉「切西瓜」，撞上庇護島動彈不得。（記者陳建志翻攝）    ,https://news.ltn.com.tw/news/society/breakingnews/5582962
北市社會局又出包！正妹社工侵吞「 監護宣告」長者財產逾1200萬 名牌精品堆滿屋,社會,2026/09/22 22:54,江女外型亮眼，過去曾以社工身分登上節目受訪，在社福圈具有一定資歷。（記者劉詠韻攝）首次上稿 17:20更新時間 17:43（內容） 22:21（女社工全名）22:54（女社工照片）台北市社會局女社工江羿潔，涉嫌利用保管受監護宣告老人的存摺及印章機會，任職一年間侵吞文山區五名長者逾1200萬元；社會局直到江女離職、辦理業務交接時，才發現帳目有異。台北地檢署今指揮搜索，從江女住處查扣香奈兒、愛馬仕等大批名牌精品，全案朝貪污等罪嫌偵辦，並持續確認是否仍有其他受害長者。請繼續往下閱讀...現年38歲的江女原任北市社會局社工督導，外型亮眼，過去曾以社工身分登上節目受訪，在社福領域已有一定資歷，其自2025年5月至今年6月負責老人福利科業務，包括安排長者入住安置機構、提供照顧服務，以及協助缺乏財產管理能力的受監護宣告個案保管帳戶、現金及處理財產事務。檢警調查，江女任職期間涉嫌利用承辦業務、保管受監護長者存摺及印章之便，侵吞文山區5名受監護長者財產，金額合計逾1200萬元。直到江女離職、轉往新北市政府任職後，北市社會局辦理業務交接、清點個案財產時，才發現帳目短缺，清查後向台北市信義分局報案。北檢檢察官今指揮信義分局搜索江女住處，並查扣香奈兒、愛馬仕等名牌包及精品，全案朝利用職務機會詐取財物等罪嫌偵辦。北市社會局近年風波不斷，剴剴虐死案因居家托育訪視及管理機制遭監察院糾正；近期又爆出10歲女童疑遭猥褻後，歷經數月仍未獲妥善安置。如今再發生內部社工涉嫌利用管理受監護長者財產的職務機會，侵吞5名老人逾1200萬元，也讓社會局的個案督導、財產保管及內控機制再受檢視。相關新聞請見：涉侵吞長者千萬老本被拘提 北市社會局美女社工背景曝台北地檢署今指揮搜索，從江女住處查扣香奈兒、愛馬仕等大批名牌精品。（記者劉詠韻攝）    ,https://news.ltn.com.tw/news/society/breakingnews/5582620
苗栗通霄弟弟殺哥哥命案  檢聲押凶嫌獲准,社會,2026/09/22 22:43,警方獲報到場，將謝男逮捕上銬，依殺人罪嫌送辦。（警方提供）首次上稿 21:04更新時間 22:43（收押）苗栗縣通霄鎮今（22日）清晨驚傳命案，38歲謝姓男子在住家涉嫌持刀攻擊哥哥，造成哥哥頸部多處刀傷，當場死亡。警方獲報到場，將謝男逮捕上銬，依殺人罪嫌送辦。苗栗地檢署以涉嫌最輕本刑5年以上有期徒刑之罪，向法院聲請羈押，晚間法院裁定羈押。請繼續往下閱讀...苗栗地檢署檢察官徐子元，於今日下午進行相驗，並訊問謝男後，認其涉犯刑法第271條第1項殺人罪嫌，除有事實足認逃亡之虞，且所犯為法定最輕本刑5年以上有期徒刑之罪，亦有相當理由認為有逃亡之虞，爰依刑事訴訟法第101條第1項第1款、第3款規定，向法院聲請羈押。此外，苗栗地檢署立即啟動保護關懷機制，今日下午由犯罪被害人保護協會苗栗分會專責人員聯繫家屬，於相驗後到場關懷，並向家屬提供法律諮詢、心理支持及相關資訊，陪伴家屬面對後續司法程序與生活調適，適時提供必要協助。    ,https://news.ltn.com.tw/news/society/breakingnews/5582877
高雄7旬男開車半路昏迷逆向滑行 警破窗救人送醫搶回一命,社會,2026/09/22 22:39,72歲駕駛開車半路昏迷，警方破窗救人，緊急送醫搶回一命。（民眾提供）高雄市苓雅區福德二路今（22）日晚上6點半多，民眾見1輛轎車停等紅燈時，突然逆向滑行對向路口並擦撞到1名機車騎士，警方獲報到場，驚見駕駛失去意識癱坐駕駛座，立即持警棍破窗救出陷入昏迷的許男（72歲），經送醫救治後已恢復意識，成功救回一命。苓雅分局福德二路所指出，轎車駕駛許男於福德二路與建民路停等紅燈時，疑似因身體突發不適導致意識陷入昏迷，造成轎車緩緩滑行至對向路口，過程中與潘男（25歲）所騎乘的機車發生碰撞，潘男左腿輕微擦傷。請繼續往下閱讀...員警獲報趕到現場後，發現許男癱坐車內，昏迷意識不清，呼叫亦無反應，為爭取黃金救援時間，當機立斷持警棍破窗，順利將許男救出。救護人員現場初步評估昏迷的許男仍有生命徵象，隨即轉送醫院救治，經了解許男疑似因血糖過低導致身體不適而陷入昏迷，所幸救援即時，送醫後已恢復意識，家屬對警方及救護人員的即時成功救援，由衷深表感謝。警方提醒，駕駛人若在行車途中感覺身體不適，應立即尋找安全處所停車並尋求協助，切勿勉強繼續駕駛。轎車駕駛半路口吐白沫失去意識，警方破窗將人救出並待救護車抵達。（民眾提供）    ,https://news.ltn.com.tw/news/society/breakingnews/5582937
9/22 大樂透、今彩539頭獎雙雙摃龜！ 中秋加碼開4組,社會,2026/09/22 22:17,第115000230期今彩539頭獎摃龜；第115000090期大樂透頭獎也摃龜。（本報合成）9月22日開獎的第115000230期今彩539和第115000090大樂透頭獎皆摃龜；第115000090期大樂透「中秋加碼獎」，100萬元獎項開出4組，都是單注中獎。第115000090期大樂透中獎號碼「14、15、18、30、35、45，特別號：10」。頭獎摃龜；貳獎共2注中獎，每注可得154萬6524元；參獎共38注中獎，每注可得8萬7657元；肆獎共115注中獎，每注可得1萬8620元；伍獎共2571注中獎，每注可得2000元；陸獎共4082注中獎，每注可得1000元；柒獎共4萬1002注中獎，每注可得400元；普獎共4萬9720注中獎，每注可得400元。請繼續往下閱讀...第115000090期49樂合彩中獎號碼為「14、15、18、30、35、45」。四合3注中獎，每注可得20萬元；三合共71注中獎，每注可得1萬2500元；二合共2389注中獎，每注可得1250元。第115000230期今彩539中獎號碼為「08、13、20、31、34」。頭獎摃龜；貳獎共174注中獎，每注可得2萬元；參獎共5906注中獎，每注可得300元；肆獎共6萬8769注中獎，每注可得50元。第115000230期39樂合彩中獎號碼為「08、13、20、31、34」。四合1注中獎，可得21萬2500元；三合共198注中獎，每注可得1萬1250元；二合共9748注中獎，每注可得1125元。第115000230期3星彩中獎號碼為「023」。壹獎共56注中獎，每注可得5000元。第115000230期4星彩中獎號碼為「8286」。壹獎共22注中獎，每注可得5萬元。另外，第115000090期大樂透「中秋加碼獎」，100萬元獎項開出4組，總中獎注數4注，4組都是單注中獎、各得獎金100萬元，5000元獎項則開出574注。大樂透中秋加碼100萬獎項截至本期累積開出14組、剩餘56組，累積開出5000元獎項注數為1635注、剩餘4365注，下期（25日）繼續加開。確切中獎號碼以台彩網站公告為主，請見「台灣彩券網站」。相關連結：「中秋加碼獎」號碼組合對中情形大樂透、49樂合彩中獎號碼。（擷取自台彩官網）今彩539、39樂合彩、3星彩、4星彩中獎號碼。（擷取自台彩官網）    ,https://news.ltn.com.tw/news/society/breakingnews/5582907
彰化不二坊停車之亂  警開出11張紅單,社會,2026/09/22 22:01,不二坊店前大排長龍，員警維持秩序。（警方提供）彰化不二坊蛋黃酥店家昨開放現場購買，掀起排隊熱潮，今天（22日）人龍長達120公尺，卻也帶來交通亂象，引爆周邊街坊怒火，許多民眾開車前來找不到停車位即違規停車，有民眾耗費數小時買到蛋黃酥返回車上，卻發現已被警方開單告發；警方統計今天共開出11張違停罰單，呼籲民眾停在合法停車場，避免因違停被開單。不二坊外街道連兩天大排長龍，卻造成周邊交通混亂與環境衛生問題，驚動警方取締違停，地方不滿紛紛痛批店家不負責任，造成交通與環境混亂。請繼續往下閱讀...有網友指出，不二坊沒多好吃，還不如吃鹿港的蛋黃酥，一些比較有名的都改成線上訂購，現場沒有一個人在排隊還比較方便，也不會打擾到街坊鄰居或其他攤販；還有民眾指消費者大排長龍排到大馬路上，還得要驚動警方出來維持秩序，實在很不負責，支持警方展現魄力依法取締。彰化警分局這兩天都加強該店正門口的中正路段巡邏，加強維持週邊交通秩序；今天購買的民眾都是從店門往北排，約有120公尺長，許多車輛併排停車或停在紅線上，都被員警開單告發，今天共舉發違規停車11件，讓不少為了貪圖方便的民眾當場荷包失血。不二坊張貼公告指出，9月26日至10月1日店休6日，10月2日開始正常營業。根據店家公告，蛋黃酥之亂恐將持續到9月25日中秋節當天下午才會落幕。不二坊店前大排長龍，造成周邊道路交通大亂，員警維持秩序。（警方提供）    ,https://news.ltn.com.tw/news/society/breakingnews/5582909
快對獎！9/22大樂透、今彩539、中秋加碼獎號出爐,社會,2026/09/22 20:53,大樂透、49樂合彩開獎號碼。（擷取自三立iNEWS《全民i彩券》）今天（9月22日）台彩各項開獎獎項及獎號。大樂透：14、15、18、30、35、45，特別號：10。請繼續往下閱讀...49樂合彩：14、15、18、30、35、45。大樂透中秋加碼獎：03、15、26、27、31、34、39、46。今彩539：08、13、20、31、34。39樂合彩：08、13、20、31、34。3星彩：023。4星彩：8286。確切中獎號碼以台彩網站公告為主，請見「台灣彩券網站」。大樂透中秋加碼獎開獎號碼。（擷取自三立iNEWS《全民i彩券》）今彩539、39樂合彩開獎號碼。（擷取自三立iNEWS《全民i彩券》）3星彩開獎號碼。（擷取自三立iNEWS《全民i彩券》）4星彩開獎號碼。（擷取自三立iNEWS《全民i彩券》）    ,https://news.ltn.com.tw/news/society/breakingnews/5582869
女通緝犯住旅館遇警敲門盤查 下一秒疑畏罪墜樓身亡,社會,2026/09/22 20:33,警方進入房間前池女已墜樓身亡。（記者王冠仁翻攝）長期精神狀況不穩定、因案被法院判刑5個月的22歲池姓女子，昨晚跟男朋友住進台北市一家旅館，警方今天清晨前往旅館清查，發現她是通緝犯；員警會同飯店人員到她房間外敲門，沒想到事後卻接獲墜樓通報，墜樓者赫然就是池女，墜落地面後當場身亡。北市警中正一分局今天清晨6時許，前往寶慶路一家旅館清查，根據旅館櫃檯資料，發現有一名22歲池姓女子與25歲邱姓男友在昨晚入住，她還是因為違反洗錢防制法，被判刑5個月，遭宜蘭地方法院發布通緝的通緝犯。請繼續往下閱讀...員警會同飯店人員前往其入住6樓房間外敲門，敲門許久未獲回應。不久後警方就獲報飯店有人墜樓，清查墜樓者身分，赫然發現就是池姓女子。警方事後進入房間，與池女一起入住的邱姓男友渾然不知女友已經墜樓，還告訴警方完全不知道發生了什麼事情。警方不排除池女是因為自知通緝身分被發現，才可能想從窗戶逃跑，卻不慎失足墜樓身亡。警方已通知家屬處理後續事宜，並進一步釐清案情。    ,https://news.ltn.com.tw/news/society/breakingnews/5582845
高雄九如二路死亡車禍 女騎士遭遊覽車輾斃慘死,社會,2026/09/22 19:18,女騎士與遊覽車於九如二路發生碰撞，慘遭遊覽車輾斃，當場死亡。（民眾提供）高雄市三民區九如二路與哈爾濱街口，今（22）日下午5點20分下班尖峰時間，林女（33歲）騎乘機車於九如二路往東方向行駛時，遭同向林男（50歲）駕駛的遊覽大客車輾斃當場死亡，警方將進一步釐清肇事原因及責任歸屬。據路口監視器畫面，當時林女騎乘機車沿九如二路外車道往東行駛，至哈爾濱街口時，前方有轎車欲右轉，林女機車疑似因此偏向中間車道，與行駛在中間車道的遊覽車發生碰撞，林女當場倒地，並遭遊覽車右前輪輾壓，警消獲報到場已明顯死亡。請繼續往下閱讀...據了解，肇事遊覽車當時欲前往南科園區載送員工下班，而死亡的女騎士則是外出購物遇上死劫，車禍責任歸屬警方將再進一步釐清。三民一分局哈爾濱街派出所表示，經初步了解，林女騎乘機車沿九如二路西向東方向直行，行經事故路口時，與同向之林男駕駛遊覽大客車發生碰撞。女騎士當場已無生命跡象。林男酒測值為0，詳細肇事原因及責任歸屬，將由交通大隊進一步分析研判。肇事遊覽車停於路口，女騎士則當場死亡。（民眾提供）    ,https://news.ltn.com.tw/news/society/breakingnews/5582792
慘！泰女冰櫃命案父母雙亡遺體恐留台 台中市府願出手料理後事,社會,2026/09/22 18:54,涉嫌殺害泰國女友的吳姓嫌犯（右）。（民眾提供）36歲泰國籍女子Arth（中譯：亞思），日前來台與交往的台籍男友吳男談分手，卻慘遭勒斃塞入旅行箱運往吳男在台中的工作地點冰櫃藏屍，泰女遺體今被送到台中崇德殯儀館，據警方調查泰女父母雙亡，外交部雖透過管道聯繫她家鄉其他親屬，卻無法來台處理，恐成「有名無主屍」，台中市生命禮儀管理處今表示，後續待聯繫泰國駐台相關單位，若確認無相關單位或親屬接續辦理後事，會依無主遺體後事處理相關程序，相關費用由生管處處理，火化後骨灰將安置於西屯區崇恩堂。這起泰女冰櫃命案警方於18日獲報逮到吳男，並在冰櫃中找到泰女遺體，但警方調查，泰女父母雙亡，外交部雖透過管道聯繫她家鄉其他親屬，短期內似乎都無意願、無能力來台處理後事，她的遺體恐將成為「有名無主屍」。請繼續往下閱讀...台中市生管處指出，泰女遺體今已送至崇德殯儀館，後續將待檢警相驗程序完成並確認可辦理火化後，該處會聯繫泰國駐台相關單位，確認是否無相關單位或親屬接續辦理後事，若無人辦理，生管處會依無主遺體後事處理相關程序，委託業者協助辦理喪葬事宜，相關費用由生管處處理，火化後骨灰將安置在西屯區崇恩堂。    ,https://news.ltn.com.tw/news/society/breakingnews/5582745
網紅「歷史哥」批「翁達瑞」側翼挨告 更一審改判賠20萬,社會,2026/09/22 18:38,筆名「翁達瑞」的旅美學者陳時奮。（資料照）旅美教授陳時奮（筆名翁達瑞）不滿網紅「歷史哥」李易修公開批評他是「流浪北美的教授」，並質疑陳屬「側翼」等話，已損害名譽，求償151萬元並刊登其勝訴啟事，一審台北地院判陳敗訴，二審高等法院認為李男貶損陳的社會評價，改判應賠償30萬元，並須於自由時報頭版刊登啟事。李男提起上訴，高院更一審改判應賠償20萬元本息，登報部分則駁回請求（無須登報）。陳時奮提告主張，網紅李易修於2023年8月28日影音節目、臉書中，公開稱「一個美國教授，用筆名行走天下，然後還可以得到綠媒，某一些大媒體的，他們資深當家主播的專訪，當國師級的在照應，這可以看嗎？」李同時指「翁達瑞才是製造業」、「沒有終身教職」、「流浪北美的教授」、「流浪教師」、「側翼」等話。請繼續往下閱讀...同月31日，李易修又在臉書帳號「歷史哥澄清唬」公開發文稱「我說的是他『沒有終身職』」等語；陳時奮認為相關言論不實，已損害其名譽，因此依侵權行為規定求償，並要求李易修在《自由時報》全國版頭版刊登啟事。一審台北地院判陳時奮敗訴，陳時奮不服提起上訴，二審高院改判李易修應賠償30萬元，並於自由時報頭版刊登陳的勝訴啟事。李易修再上訴最高法院，案件遭撤銷發回。高院更一審認為，陳時奮為美國毅偉商學院、西華盛頓大學專任終身職正教授，而學術經歷是表彰學者學術名譽及成就的重要指標，李易修卻以相關言論指稱陳時奮並非專任教授、沒有終身職，已損害陳時奮名譽。高院更一審審酌，李易修是在發表有關媒體現象的政治性評論時摻雜上述言論，藉此打擊陳時奮言論的憑信性、鞏固其評論，且陳時奮澄清後，李易修仍持續發文爭議。綜合陳時奮名譽受損程度，以及雙方職業、教育程度、財產及經濟狀況等情形，認定李易修應賠償20萬元慰撫金。至於陳時奮要求李易修登報，高院更一審認為，陳時奮的教職可於維基百科查得，且此事與公共利益關聯不大，若命李易修刊登啟事，對其受憲法保障的「不表意言論自由」造成的損害，大於陳時奮可獲得的利益，不符比例原則，因此駁回這部分請求。高院更一審最終判李易修應賠償陳時奮20萬元本息，其餘上訴駁回，全案陳時奮仍得上訴，李易修不得上訴。    ,https://news.ltn.com.tw/news/society/breakingnews/5582741
駕車撞北檢司機庭上喊「司法不能沒是非」 法官：但你做了錯誤選擇,社會,2026/09/22 17:33,邵男被日前移送北檢複訊時高喊「司法已死！行政濫權！官逼民反！」（讀者提供）計程車司機邵立達因不滿其交通事故被判有罪，於2日駕車衝撞台北地檢署大門抗議司法不公，被檢方依毀損公物等罪起訴。今日移審法院，邵在庭上訴說敗訴的委屈，哽咽表示「我們的司法不可以這樣沒有是非」。法官回應，司法不一定完美，但邵仍以錯誤的方式面對，考量其籌措不到保金，有再犯之虞等，裁定續押3月。已被收押約3週的邵男精神不錯，他承認自己犯下毀損罪，但否認犯下恐嚇公眾、恐嚇危害安全，強調他刻意挑選凌晨5時的時間駕車衝撞北檢大門，當時四周並無他人，自己沒有恐嚇公眾、恐嚇危害安全的犯意。請繼續往下閱讀...公訴檢察官指出，被告否認恐嚇公眾、恐嚇危害安全，其飾詞狡辯，且犯案前日還在下午駕車繞行總統府、司法院，經過半天沉澱後，仍於隔日凌晨5時36分決定犯下本案，若非出於恐嚇，又何必在大清早犯行？並認為被告有反覆實施之虞，建請法官續押。針對羈押，邵男表示沒有意見，認為做錯事情本該受到處罰，不過他話鋒一轉，指曾拿判決給訴訟處看，諮詢人員也說他「遇到了不好的法官」，考量律師費較貴，所以要他吞了。講到激動之處，邵男哽咽著說「我們的司法不可以這樣沒有是非」並指出20年前當過議員助理，捲入轟動一時的「腳尾飯事件」並被起訴5罪，結果都被判無罪「但沒有人還我一個公道」。法官當庭諭知，邵男尚未得到自己所認為司法公正情形下，無法排除其再犯之虞，且邵男在偵查期間，表示無法負擔保金等，最終裁定續押3個月。邵男表示，生財工具計程車已被扣押無法交保，未來毀損的賠償也無法負擔，且還背有車輛的貸款，與其讓他出來，不如持續把他押在看守所，他也知道自己的行為要承受一定的代價，但他也說，自己已經表達訴求了、車輛也被扣，沒有再犯的可能。法官語重心長地說，「司法是有瑕疵的」不是百分之百完美，我身為法官也不敢跟你說司法一定是對的，如何面對事情是你的選擇，而你卻「選擇了錯誤的方式面對」。    ,https://news.ltn.com.tw/news/society/breakingnews/5582642
新竹男撞車後衝超商 狂灌2瓶啤酒欲干擾警偵查「酒駕」 下場曝,社會,2026/09/22 17:07,新竹42歲魏姓男子倒車時撞擊停等紅燈的沈姓女騎士後，竟衝進一旁超商狂灌2瓶啤酒企圖「事後補喝」規避警偵查酒駕，結果仍遭警移送法辦。（記者洪美秀翻攝）42歲魏姓男子日前在新竹市開車倒車時，不慎撞倒等紅燈的沈姓機車女騎士，事故發生後，魏男未留在現場，反衝進路旁超商一口氣喝完2瓶金牌啤酒，試圖營造「事故發生後才喝酒」的假象規避酒駕刑責，警方獲報到場，實施酒測時發現魏男吐氣酒精濃度高達每公升0.75毫克，經釐清事證，認定魏男企圖規避偵查，仍依公共危險罪嫌移送法辦。新竹市警第三分局青草湖派出所日前接獲110報案，指明湖路上發生交通事故，立刻派線上警力趕往現場，發現魏男因倒車不慎撞擊騎機車等紅燈的沈女。離譜的是，魏男肇事後第一時間不是報警處理，而是衝進路旁小7超商，買了2瓶550毫升金牌啤酒來喝，匪夷所思的行徑讓人瞠目結舌。警方到場後，沈女懷疑魏男恐酒後駕車，希望警方進一步查明。請繼續往下閱讀...警方指出，獲報後即對魏男飲酒情形及事故前後進行釐清，並依法對其酒測，經測得吐氣所含酒精濃度達每公升0.75毫克，已達刑法公共危險罪相關規範，因此將他帶回偵辦。警方表示，部分駕駛人誤以為「發生事故後才喝酒」，就能藉此規避警方查緝，但依實務案例，法院對此類案件並非僅以酒測數值單一判斷，是綜合事故發生經過、飲酒時間及數量、被告陳述、證人證詞、監視器畫面及其他客觀事證等資料，判斷駕駛人於事故發生時，是否已涉及酒後不能安全駕駛等刑責。另有法院判決指出，肇事後飲酒若是為干擾或規避警方偵查，也可能成為法院審酌犯後態度的重要因素。    ,https://news.ltn.com.tw/news/society/breakingnews/5582599
疑跨雙黃線 宜蘭冬山廣興路3車連環撞釀1傷,社會,2026/09/22 17:00,宜蘭冬山廣興路連環車禍造成1人受傷送醫。（圖由警方提供）宜蘭縣冬山鄉廣興路今天（22日）發生3輛轎車連環撞，1輛白色轎車疑似違規跨越雙黃線，撞上同向轎車，再波及對向來車，造成1人受傷送醫。羅東警分局上午11點接獲報案，直指冬山鄉廣興路發生交通事故，警方到場發現，簡姓女子駕駛白色轎車，從冬山鄉農會廣興辦事處停車場開出來，疑跨越雙黃線駛入廣興路，欲往羅東方向行駛，撞上同向車道由江姓女子所開的轎車，再碰撞對向車道沈姓女子駕駛的銀色轎車，導致江女擦挫傷。請繼續往下閱讀...事發地點車流量大，車禍發生後，當地交通一度受阻，3名駕駛經過酒測，均無酒精反應，受傷的江女經送醫救治後傷勢無大礙，肇事原因尚待調查釐清。警方呼籲駕駛人開車起步時注意前後左右來車，並遵守標誌與標線規定，切勿違規跨越雙黃線，以免釀成意外。宜蘭冬山廣興路今天發生3輛轎車連環撞，車禍地點交通一度受阻。（圖由警方提供）冬山廣興路連環車禍現場。（圖由警方提供）    ,https://news.ltn.com.tw/news/society/breakingnews/5582601
送30盒蛋糕、10條鹹豬肉涉賄選 雲林村長參選人交保 鄉代選將請回,社會,2026/09/22 16:52,古坑某村長及鄉代參選人5月聯合贈送蛋糕，8月間村長參選人更自製鹹豬肉給選民，欲取得支持，檢方後認為2名涉違反選罷法今（22）日凌晨向雲林地方法院聲請羈押禁見。（記者李文德攝）上稿時間：13:20更新時間：16:52雲林縣地檢署偵辦縣內首起財物賄選案，古坑某村長及鄉代參選人5月聯合贈送蛋糕，8月間村長參選人自製鹹豬肉給選民，昨檢方至兩人住家搜索，並傳喚42名相關人到案說明。檢方訊後認為參選人涉違反選罷法向雲林地方法院聲押。院方最終裁定，村長參選人20萬元交保、鄉代參選人無保請回。請繼續往下閱讀...檢方指出。兩名參選人今年5月以聯合方式，贈送選民市價約250元的母親節蛋糕，給該村有投票權的村民，另8月村長參選人自製每條約重1.76台斤，市價352元的鹹豬肉給選民，作為賄選的對價。2人均涉違反選罷法，指派檢察官廖易翔、顏鸝靚昨指揮專案小組偵辦搜索，並通知、傳喚被告及相關證人到案說明。據了解，5月所贈送的母親節蛋糕，至少送出30份，且蛋糕禮盒上方貼有兩人聯名貼紙，此外鹹豬肉目前也至少送出10條，且民眾指稱贈送當下，更有「拜託、支持」等言語。檢方訊問後，認為兩人對有投票權之人交付賄賂罪嫌重大，且有事實足認有勾串共犯、證人及逃亡之虞，凌晨向雲林地院聲請羈押禁見，下午2點30分雲林地院召開羈押庭。歷經2小時開庭，法官認為，鄉代參選人經訊問後，認定選民對於贈送蛋糕的認知應為母親節蛋糕，且禮盒貼紙也難認直接認知與選舉有關，且蛋糕以全家人收受，價值過低，不足動搖投票意向，因此罪嫌不足無保請回；另村長參選人以蛋糕行賄罪錢不足，不過以鹹豬肉賄賂罪嫌重大，但無勾串疑慮，認定無羈押必要，因此裁定20萬元交保。    ,https://news.ltn.com.tw/news/society/breakingnews/5582228
收黃金、暢遊美國！國稅局神鬼稽核涉貪 協助逃漏稅手法全曝光,社會,2026/09/22 16:28,台中地檢署偵辦中區國稅局簡任稽核王志益，涉嫌勾結會計師助逃漏稅，檢警查扣大批現金。（記者陳建志翻攝）台中地檢署偵辦財政部中區國稅局簡任稽核王志益（65歲），涉嫌勾結會計師，讓民眾或公司免納個人綜合所得稅、營利事業所得稅及免受裁罰，除接受招待飲宴、出國旅遊，還收受包括1280萬元現金賄款與黃金、禮券，檢方查出王男指導民眾虛構債權，授意製作不實說明書、協調補稅等方式，讓公司或個人逃漏稅，再收受禮券，或由會計師擔任白手套收受賄款。檢方查出，在許姓民眾稅務案中，王男在許民接受綜所遺贈稅查核期間，多次接受飲宴，並指導虛構童姓友人對許尚有2744萬債權，同意以免除債務，改繳贈與稅250萬元方式結案，使許民取得免納個人綜合所得稅2529萬6902元，王男事後要求安排員工陪他赴美，並負擔機票、住宿，收受27萬4100元的不正利益。請繼續往下閱讀...另外，在查調鄭姓民眾稅務案期間，透過友人暗示希望收受新光三越百貨禮券及家樂福提貨券各20萬元，後來實際收受2種禮券各10萬，總數達20萬。王志益得知春錫公司的存款1億8600萬元並非股東借款，卻授意林姓會計師指導魏姓負責人，製作不實說明書，使公司取得免納營利事業所得稅及免受裁罰合計5691萬6000元，魏男事後交付560萬元現金，由林姓會計師當白手套轉交給王。此外，王志益利用原主管稅務案件的影響力，取得某公司的查核文件，並居間協調補稅金額，事後由施姓、李姓會計師擔任白手套，交付70萬元賄款給王。台中地檢署偵辦中區國稅局簡任稽核王志益，涉嫌勾結會計師助逃漏稅，檢警查扣行賄的黃金。（記者陳建志翻攝）    ,https://news.ltn.com.tw/news/society/breakingnews/5582551
最貪國稅局稽核案外案！知名伴手禮「六月初一」也捲逃漏稅、還被騙500萬,社會,2026/09/22 16:23,台中地檢署偵辦國稅局簡任稽核勾結會計師協助逃漏稅，查出知名的「六月初一」公司，也涉逃漏稅達8747萬餘元，沈姓負責人還被會計師騙走500萬。（記者陳建志攝）台中地檢署偵辦財政部中區國稅局簡任稽核王志益（65歲），涉嫌勾結會計師，讓民眾或公司免納個人綜合所得稅、營利事業所得稅及免受裁罰，除接受招待飲宴、出國旅遊，還收受現金、黃金，檢方還查出，以8結蛋捲知名的「六月初一」公司，也在林姓會計師協助下逃漏稅達8747萬餘元，負責人沈劭蘭因逃漏稅被起訴，林男還謊稱要疏通國稅局人員，詐得400至500萬現金。檢警調查中區國稅局簡任稽核王志益（65歲）涉貪案時，意外查出案外案，發現涉案的林姓會計師（65歲），除幫助春錫公司逃漏稅，並居間聯繫、指導製作不實說明書及轉交賄款560萬元外。請繼續往下閱讀...林姓會計師另利用會計專業，教導「六月初一」公司虛增成本費用，幫助逃漏營利事業所得稅合計8747萬4737元；又在查核案協助製作不實說明書，使負責人沈劭蘭取得3009萬4947元的不法利益。檢方並查出，林姓會計師佯稱需500萬元疏通國稅局人員，但實際上卻私吞該筆款項，詐得現金約400萬元至500萬元，負責人沈劭蘭也因涉嫌逃漏稅被起訴。    ,https://news.ltn.com.tw/news/society/breakingnews/5582522
台北國賓飯店改建工地火警 雜物燃燒6分鐘撲滅,社會,2026/09/22 16:11,國賓飯店危老改建工地下午發生火警。（記者姚岳宏翻攝）台北市中山北路二段65巷內的台北國賓飯店危老改建工程工地，今天1時41分傳出火警，台北市消防局獲報後不敢大意，立即出動5輛消防車及15名消防人員趕赴現場救援，所幸火警在6分鐘內便告落幕，消防人員抵達前火勢已自行撲滅，現場並未造成任何人員傷亡。消防局指出，這起火警的起火點為興建中的工地12樓，主要為現場堆放的雜物起火燃燒，燃燒面積約為1平方公尺，範圍侷限，並未向外延燒。請繼續往下閱讀...火警在6分鐘內便告落幕，火勢於1時47分確認完全撲滅，並未對周遭地區或工程進度造成嚴重影響，至於詳細起火原因，仍待消防局火調人員調查釐清。    ,https://news.ltn.com.tw/news/society/breakingnews/5582519
日月潭泳渡手機落水遭拾獲「勒贖」？ 主辦方回應了,社會,2026/09/22 16:06,日月潭泳渡傳出有潛水員拾獲泳客落水手機，事後竟要求須付7000元才能返還。（取自threads）日月潭萬人泳渡傳出有潛水員拾獲泳客落水手機，事後竟要求須付7000元才能返還；針對泳渡爆出「拾機勒贖」疑雲，主辦單位埔里四季早泳會回應，該潛水員過去拾獲手機都讓泳客免費取回，此次竟傳出疑似高價索酬，現將調查釐清，若查證屬實，最重不得再支援泳渡。日月潭泳渡活動，此次除有水上救生人員，還有潛水員前來支援救援任務，其中卻有人拾獲落水手機竟向泳客高價索酬，據傳有泳客考量「手機在人家手上」，已經「付贖了事」。請繼續往下閱讀...埔里四季早泳會表示，該潛水員是在泳渡結束後才撿拾落水手機，去年拾獲後都讓泳客免費取回，詎料此次竟疑似有高價索酬事件，後續泳會將展開調查，若確認屬實，最重不得再支援泳渡，未來也會要求協助泳渡的人員，一律將拾得物品送交警方處理，杜絕類似事件發生。    ,https://news.ltn.com.tw/news/society/breakingnews/5582503
救護車闖紅燈 花蓮男騎士被撞飛命危搶救,社會,2026/09/22 15:57,一輛來自桃園市的民間救護車載病患轉院花蓮的時候，在台九線上撞到機車，造成騎士命危。（民眾提供）花蓮縣吉安鄉台9線與南華二街路口今天中午發生一起嚴重車禍！林姓男子騎乘機車沿台9線往南行駛，一輛載著病患準備從桃園送回玉里的民間救護車，從南華二街闖越紅燈右轉台9線準備往南，林男閃避不及遭救護車撞擊，連人帶車噴飛倒地，倒臥至中央分隔島，警消到場時已無呼吸心跳，緊急送醫搶救，目前仍未脫險；警方目前釐清肇事原因，也要調查民間救護車是否符合緊急醫療救護的鳴笛闖紅燈要件。警方調查，事故發生於22日上午11點半左右，這輛民間救護車由53歲黃姓男子駕駛，當時從桃園載送1名病患，欲送回花蓮玉里，行經南華二街路口時鳴笛闖越紅燈右轉台9線吉豐路三段上，因未注意路口車況，撞上沿台9線直行、行經綠燈路口的45歲林姓機車騎士。事故發生後，救護車上的駕駛及病患均未受傷，惟遭撞的林姓騎士傷勢嚴重，右大腿完全變形、失去呼吸心跳，經送醫搶救後，目前仍在搶救中，尚未脫離險境。請繼續往下閱讀...吉安分局特別呼籲，駕駛人行經交岔路口時，務必恪遵交通號誌指示行駛，應隨時注意路口狀況、減速慢行，以確保自身及其他用路人之生命財產安全。依《緊急醫療救護法》第17條第2項規定，救護車若車上載有情況危及生命的病患，具有優先路權，即使有闖紅燈等違規行為，依法可以免責；惟若非因情況緊急，例如一般病況穩定的慢性轉院、復健轉院或一般例行回診等情形，則不得使用警鳴器及紅色閃光燈，違者可處6萬元以上30萬元以下罰鍰，且即使救護車享有優先路權，一旦發生車禍事故，仍須負擔相對應的肇事及民事責任。這起事故的救護車是從桃園把病患送回花蓮玉里，是否符合緊急醫療救護的要件，警方正調閱救護車公司的出勤資料進一步查證，詳細責任歸屬仍待警方進一步調查釐清。吉安分局特別呼籲，駕駛人行經交岔路口時，務必恪遵交通號誌指示行駛，應隨時注意路口狀況、減速慢行，以確保自身及其他用路人之生命財產安全。一輛來自桃園市的民間救護車載病患轉院花蓮的時候，在台九線上撞到機車，造成騎士命危。（民眾提供）一輛來自桃園市的民間救護車載病患轉院花蓮的時候，在台九線上撞到機車，造成騎士命危。（民眾提供）    ,https://news.ltn.com.tw/news/society/breakingnews/5582468
雲云科技前董座刺死技術長判無期提上訴 死者妻：請你真心認錯,社會,2026/09/22 15:21,曾志新今天開庭。（記者楊心慧攝）雲云科技前董事長曾志新去年3月因工作摩擦，持刀猛刺梁姓技術長至少9刀致死，一審國民法官法庭依殺人罪判處無期徒刑、褫奪公權終身。曾男提起上訴，法院今開庭審理，辯方主張已賠償梁男家屬且已認罪，一審判刑過重；梁男妻子則質疑曾男一面認錯、一面上訴開脫，要求曾男真心認錯，盼法院駁回上訴。曾志新與梁姓技術長去年3月因工作產生嫌隙，曾男於案發前購買主廚刀並藏在公司櫃子；梁男在公司內部群組發表離職道別長文，談及任職經歷及雙方摩擦後，曾男隔天將刀藏在背心口袋，前往參加梁男的離職交接會議。請繼續往下閱讀...曾男在要求梁男撤下道別文章後，佯裝離開會議室，行經梁男背後時突然取刀，朝其頭、背、頸部猛刺至少9刀，梁男送醫後不治。台北地檢署依殺人罪起訴曾男，一審台北地院國民法官法庭判處無期徒刑、褫奪公權終身。曾男僅針對量刑提起上訴，全案目前由高院審理。高院今開庭審理，曾男主張已賠償家屬200萬元及1291萬餘股雲基智慧股票，並認罪悔悟，認為一審未充分考量減刑因素，判處無期徒刑過重。梁男妻子哽咽表示，原以為一審判決後事情就會結束，沒想到曾志新仍提起上訴，曾男犯案後提出許多說詞，聲稱記憶模糊，又以需要照顧父母、妻子，以及未來出獄後可以教導他人創業等理由爭取從輕量刑，讓家屬難以接受。梁妻也提及雙方和解過程，稱曾志新一方最初曾提出以另一家未上市公司股票作為賠償，但家屬並未接受，後來發現該公司營運狀況不佳，甚至停止營業，讓她質疑對方是否利用家屬不熟悉公司及股票狀況提出方案。至於提出的雲云科技股票，她表示，公司同樣處於虧損狀態，「其實無論多少錢，都無法彌補我們家人所受到的傷害」。梁妻強調，當初同意調解，是因為家屬不希望再經歷漫長訴訟，並不代表原諒曾志新，曾男一審雖曾向外界表示認錯、願意承擔責任，如今卻提起上訴，為自己的罪責辯駁、開脫，讓她質疑曾男是否真正悔悟。「請你真心認錯。」梁妻在庭上向曾志新喊話，表示丈夫50年人生中曾毫無保留幫助許多人，事發後甚至有過去不認識的同事前來探望、悼念，丈夫遇害也讓許多人長時間無法走出傷痛，盼合議庭駁回曾志新的上訴。檢察官則主張，一審量刑已反映國民法官及社會對本案的評價，判決也已將曾志新的犯後態度、成立調解及賠償等情狀納入考量，並無曾男所稱重複評價的問題。至於賠償是否足以成為減刑事由，還應考量被害人家屬是否原諒等因素，因此認為沒有再予減刑的必要，建請高院駁回上訴。曾志新的辯護律師則表示，尊重檢方意見，但曾志新確實已認錯並盡力賠償，先前部分言論可能讓家屬產生誤解。辯方強調，此次上訴主要針對量刑及法律適用爭執，希望法院考量曾男認罪、犯後態度及賠償情形，依法從輕量刑。高院合議庭諭知辯論終結，10月27日上午10時宣判。    ,https://news.ltn.com.tw/news/society/breakingnews/5582427
彰化秀水資源回收場大火  濃煙竄天,社會,2026/09/22 15:16,彰化秀水傳出資源回收場大火，火勢一發不可收拾。（民眾提供）彰化縣秀水鄉彰鹿路今天（22日）資源回收場大災，拉長的濃煙飄入天空，讓人看到都覺得害怕，所幸火災很快就在半個小時左右撲滅，也沒有人員受傷，由於全場都是易燃物，再調用機具進行開挖，以避免復燃。彰化縣第三消防大隊表示，這起火災發生在中午12點左右，地點在秀水鄉的彰鹿港，由於發生地點是資源回收場，場內堆放大量的塑膠回收物與廢五金，火勢一發不可收拾，冒出的黑色濃煙飄到天空，在彰鹿港行駛的人車都看得一清二楚，濃煙非常驚人。請繼續往下閱讀...第三消防大隊派出各式消防車輛12輛、救護車1輛，消防人員共25名，佈署水線進行搶救，所幸沒有造成延燒，燃燒面積為20平方公尺，火勢在10分鐘內獲得控制，在下午1時許完全撲滅。彰化秀水資源回收場滅火後，還要以機具開挖。（民眾提供）彰化秀水傳出資源回收場大火，濃煙入藍天。（取自彰化踢爆網）彰化秀水傳出資源回收場大火，火勢一發不可收拾。（民眾提供）彰化秀水傳出資源回收場大火，火勢一發不可收拾。（民眾提供）    ,https://news.ltn.com.tw/news/society/breakingnews/5582392
日月潭泳渡變「趁火打劫」？潛水員拾獲落水手機 竟索酬7千元,社會,2026/09/22 15:09,日月潭萬人泳渡爆出有潛水員拾獲泳客手機，竟高價索酬7000元才能取回的爭議。（記者劉濱銓攝）日月潭萬人泳渡甫落幕，惟近日卻傳出有泳客不慎落水的手機，被支援的潛水員拾獲後，竟高價索酬7000元才能取回，被質疑「趁火打劫」，對此，轄區集集警方表示，已有失主致電詢問此事，目前建議報警處理，並呼籲拾獲他人遺失物應送交警方，如據為己有將涉犯侵占遺失物罪。近日網路社群有民眾反映，指出參加泳渡時手機落水遺失，後來得知有工作人員拾獲，但致電詢問竟被要求付7000元才能取回，認為相當不合理，後續將交由警方處理。請繼續往下閱讀...集集警方回應，昨（21日）確實接獲民眾來電詢問，指出其居住在北部，日前參加日月潭泳渡發生手機遺失，想要取回卻被要求先付錢，現已建議失主就近至當地派出所報案，並提醒其他民眾，如拾獲他人遺失物品應立即報警處理，若據為己有，恐涉刑法侵占遺失物罪，後續受理報案就會偵辦。    ,https://news.ltn.com.tw/news/society/breakingnews/5582438
「重男輕女」贈獨子1790萬財產卻換來家暴  老父母氣炸把錢全部要回來,社會,2026/09/22 15:04,王姓老夫妻「重男輕女」贈兒子1790萬財產卻換來家暴，提告成功把錢全部要回來。示意圖（資料照）高雄王姓老夫婦贈與獨子1790萬元財產，但獨子對照顧父親的妹妹拉扯施暴，二老憤而提告撤銷贈與，兒子二審辯稱贈與逾10年不得撤銷，遭高雄高分院駁回，判決獨子須全數吐還。判決指出，王姓老夫婦因重男輕女，多年來陸續將950萬餘元現金股票及840萬元現金贈與獨子；2021年間，兒子因照護問題與回家幫忙的三妹發生衝突，竟徒手強行拉扯害妹妹受傷，遭法院依傷害罪判刑確定。請繼續往下閱讀...老父母對獨子暴力忘恩之舉極為心寒，引《民法》第416條「防不孝條款」向法院提告撤銷贈與。高雄地方法院判決老父母勝訴後，獨子不服提起上訴。獨子於二審主張，民法撤銷贈與應類推適用「雙重除斥期間」，凡贈與時間超過10年者即不得撤銷，並認為老父親在訴訟期間過世，其撤銷權屬「一身專屬權」，繼承人無權承受訴訟。高雄高分院審理後指出，《民法》防不孝條款的立法本意，是為了維護社會倫理道德並矯正忘恩行為，若受贈人以「贈與已滿10年」為由免責，懲罰忘恩的立法目的將蕩然無存，因此絕無適用10年除斥期間的餘地。由於老父親在生前已合法委任律師起訴表達撤銷意願，該權利已轉化為得繼承的財產請求權，不因父親中途離世而消失，因此判決上訴駁回，獨子仍須返還父親全體繼承人950萬餘元，並返還母親840萬元    ,https://news.ltn.com.tw/news/society/breakingnews/5582419
爬南三段高山症 女山友內嶺爾山搭直升機下山,社會,2026/09/22 15:03,攀登南三段丹大東郡橫斷的胡姓女子，因高山症搭直升機下山送醫。（空勤總隊提供）62歲胡姓女子等7人挑戰南三段之丹大東郡橫斷，胡女至花蓮卓溪鄉內嶺爾山附近出現疑似高山症症狀，經隊友報案，今天胡女由黑鷹直升機飛至現場吊掛、將女子撤離下山。消防局表示，胡女與隊友共7人，19日從瑞穗林道進入橫斷路線，預計28日從南投郡大林道下山，今天第4天至內嶺爾山附近時出現高山症狀，胡女發生呼吸喘、上吐下瀉等症狀，今天接獲報案後，由於內嶺爾山位處中央山脈深處，從瑞穗林道上山至少需4天，為把握黃金時間，申請航空器支援。請繼續往下閱讀...今天上午11點駐地花蓮的空勤總隊第一大隊第三隊，出動空勤直升機從花蓮機場起飛，20分鐘後抵達內嶺爾山上空，發現待救者在斜坡地，由特搜人員攜帶吊環吊掛至地面，協助患者吊掛上機，飛到花蓮降落後送醫。胡姓女子由特搜人員送下飛機，轉救護車送醫。（空勤總隊提供）    ,https://news.ltn.com.tw/news/society/breakingnews/5582406
變換車道未注意釀禍 國1北向東湖段2貨櫃車、1轎車撞一團,社會,2026/09/22 15:01,國道1號北上東湖路段3車連環撞。（記者徐聖倫翻攝）國道1號北向東湖路段今發生連環車禍！57歲劉姓男子駕駛貨櫃車行經北上15.7公里處，疑因右切車道未注意，不慎撞擊右側由58歲王姓男子駕駛的轎車。轎車遭撞後瞬間向左偏移，再撞上另輛由32歲林男駕駛的貨櫃車，釀成3車連環碰撞事故，導致該路段車流一度嚴重受阻。​國道警局第一大隊於上午6時30分獲報後，立派員趕赴現場，並協同消防人員進行救援。事故造成轎車王姓駕駛輕傷，所幸意識清楚，隨後被送往內湖三總醫院救治後無大礙。警方現場實施酒測，3名駕駛酒測值均為零，事故現場於1小時排除恢復通車。詳細肇事原因與責任歸屬，仍待警方進一步釐清。請繼續往下閱讀...​國道警方呼籲，駕駛人變換車道應保持安全間隔，並確實打方向燈及轉頭確認，切勿剛打方向燈就驟然變道，以維護行車安全。高速公路一度因車禍回堵。（記者徐聖倫翻攝）    ,https://news.ltn.com.tw/news/society/breakingnews/5582390
中和毒駕釀姊妹1死1傷 肇事男殺人罪嫌起訴,社會,2026/09/22 14:55,50歲的男子王昶筌毒駕釀成1死1傷，檢方今日依殺人罪嫌起訴。（取自我是中和人）首次上稿 14:55更新時間 17:5850歲的男子王昶筌於今年5月，涉吸食含有第二級毒品「依託咪酯，今年6月提升為第一級毒品）」（俗稱喪屍煙彈）的電子煙後毒駕上路，行經新北市中和區時，因神智不清先撞擊路邊緣石，倒車時猛烈撞擊後方雙載林姓姊妹的機車，隨後又駕車前進，輾壓被撞倒在地的林姓姊妹，造成64歲妹妹送醫急救後不治，71歲姊姊重傷，新北地檢署今依毒駕致死、殺人既遂及殺人未遂等罪嫌將王男起訴，全案將由國民法官審理。請繼續往下閱讀...檢警調查，王男於今年5月23日14時2分許，在桃園市八德區東勇北路駕駛自小客車，途中利用電子煙，吸食喪屍煙彈，其明知毒品成分已嚴重影響精神與操控能力，仍執意開車上路，準備返回永和住處。檢警調查，當日下午4時許，王男駕車行經中和景平路與大勇街口，準備左轉大勇街時，先撞上路緣石，隨後猛烈倒車，撞上正在等候左轉機車，機車上林姓姊姊載著妹妹，一起被撞倒地。由於林男車輛持續往後倒，被害者姊妹已倒在車輛前方，4時26分時，王男提升為殺人犯意，直接將排檔從倒車檔切換為前行檔，加速衝撞被害者。檢方調查，王男駕車自兩人身軀上方輾過並暫停後，竟未停手，反而再度踩下油門加速駛過兩人身軀，駛離交岔路口，隨後下車被見義勇為民眾制伏。警消獲報趕抵將被害者姊妹送醫，其中，妹妹因胸腹部多處挫傷骨折、肝肺裂傷及心臟挫傷，引發氣胸與多重器官損傷，經搶救後宣告不治；姊姊也受有左肋骨多處骨折、骨盆閉鎖性骨折及四肢多處擦挫傷等傷害。現場員警在對王男進行盤查時，發現王男精神恍惚，經實施酒精呼氣測試，王男酒測值為0，並未飲酒，但毒品唾液快篩檢測，結果呈依托咪酯陽性反應，警方在王男褲袋內查獲依托咪酯煙彈一顆及吸食器。檢方當時向法院聲押獲准，今依毒駕致死罪、殺人罪及殺人未遂罪起訴。☆少一份毒品就多一份健康，自由時報提醒您遠離毒品☆    ,https://news.ltn.com.tw/news/society/breakingnews/5582387
通緝犯台東新港碼頭釣魚 見安檢所人員轉身跑立即被逮,社會,2026/09/22 14:54,通緝犯行跡可疑被逮。（一三岸巡隊提供）高金素梅「大帳房」、國會辦公室前主任張俊傑涉共諜案逃亡，全台灣各大眾運輸系統包括機場、港口全都神經緊繃，連通緝犯也難逃。昨晚一名毒品通緝犯久沒釣魚，到了台東成功鎮新港碼頭準備釣魚，正好安檢人員近來更勤巡邏，犯嫌見狀轉身逃跑反而引起追逐，安檢所順利捕獲通緝犯。海巡署東部分署第一三岸巡隊新港安檢所昨晚間11時01分巡視港區時，發現一名男性拿著釣竿就要往碼頭內垂釣，由於港區內因擔心影響航道，規定不得釣魚，岸巡人員立馬趨前，未料男子見狀，帶來的漁具全丟在地上，自己轉身就跑。請繼續往下閱讀...安檢所岸巡人員立即衝上前，在男子上了自己機車前將其逮獲，一查之下是當地鄭男（45歲）遭台東地方檢察署發布通緝在案，隨即通報臺東縣警察局成功分局新豐派出所派員協助確認該名男子身分，於完成偵訊筆錄後移送臺東地方檢察署偵辦。其實身為漁民大多知道，在港區內垂釣會引來岸巡關注，而鄭嫌大動作逃跑更讓所有人知道「此人有鬼」，加上近來張俊傑逃亡，岸巡、警方風聲鶴唳，此時不被捕獲也難。    ,https://news.ltn.com.tw/news/society/breakingnews/5582374
桃園推火災衝擊量化指標 數據揭露防災成效,社會,2026/09/22 14:40,桃園市消防局推火災衝擊量化指標，數據呈現火災對社會與環境造成的實質衝擊。（消防局提供）桃園市消防局推動火災預防自治條例修法及高風險場所納管制度，統計工廠倉儲火災件數有逐年下降趨勢，並透過火災衝擊量化指標系統，首度以數據呈現火災對社會與環境造成之實質衝擊也同步減輕，展現源頭治理與科技防災的具體成效。消防局表示，桃園工廠及倉庫火災案件數，從2020年最高峰166件，逐年降至2024年77件、2025年56件，降幅逾6成；今年1至8月再降至32件，較2025年同期減少13.5%，創十年新低，過去衡量防災成效多僅以案件數量作為指標，然而案件數相近的年度，實際造成的救災動員、人員傷亡、財物損失及空氣污染影響程度可能有明顯差異，單看件數難以完整反映政策效果。請繼續往下閱讀...為此，消防局與環保局共同開發火災衝擊量化指標系統，整合救災歷程、救災人車、傷亡人數、損害規模、空污高峰及空污範圍六項構面，以綜合衝擊雷達圖量化呈現每1場火災的整體影響程度，以近兩個完整年度比較，2024年（77件）綜合衝擊均分為6.7分，2025年（56件）則降為6.1分，案件數與綜合衝擊分數同步下降，顯示在案件數減少的同時，火災造成的人命、財產與環境衝擊也隨之收斂，並非僅是統計件數的減少。消防局表示，此一指標未來將持續應用於跨年度、跨行政區之政策成效檢視，協助辨識高風險類型場所與區域，作為納管優先順序與稽查資源分配的參考依據，另相關量化成果也讓民眾更了解桃園市在源頭減災與城市韌性治理上的具體進展。    ,https://news.ltn.com.tw/news/society/breakingnews/5582366
想參加音樂祭！偽造祖母訃聞請假 憲兵判緩刑,社會,2026/09/22 14:39,台北地院外觀。（資料照）黃姓憲兵為參加音樂祭，委託印刷廠商印製祖母的訃聞以後，交付給部隊長官請喪假，不過其實黃男的祖母還健在，台北憲兵隊察覺以後，將黃男移送至台北地檢署，檢方聲請簡易判決。台北地院依照行使偽造私文書罪，判決黃男2月徒刑，得易科罰金，緩刑2年。可上訴。判決指出，黃男是憲兵第二中隊之現役軍人，為了要去參加音樂祭，竟然在2024年9月28日委由不知情的印刷業者印製以後，記載其祖母於2024年9月28日壽終內寢的訃聞，並交付給長官當作請假憑證。請繼續往下閱讀...不過，黃男偽造的訃聞被拆穿，案經台北憲兵隊移送至台北地檢署偵辦以後，黃男偵訊時向檢方自白，且檢方透過其中華民國軍人身分證、憲兵第十二中隊個人休（請）假記錄卡、偽造之訃聞、被告之戶役政資訊網查詢結果等證實，黃男祖母並未過世，並向檢方聲請簡易判決。法院審酌，黃男為達放假目的冒用親屬名義，偽造祖母逝世訃聞，並以此向部隊長官提出喪假獲准，足生損害訃聞名義人及所屬部隊對於士兵休假管制的正確性，考量黃男坦承犯行，素行良好等，依照行使偽造私文書罪，判決黃男2月徒刑，得易科罰金，緩刑2年。可上訴。    ,https://news.ltn.com.tw/news/society/breakingnews/5582372
高雄重大工安釀12人死傷   勞工局未公布案發公司理由曝,社會,2026/09/22 14:39,高雄屢傳重大工安意外，勞工局卻不敢公布案發公司名稱。（記者洪定宏翻攝）位於高雄市小港區的台船高雄廠及前鎮區的台電南部發電廠，昨天及今天先後發生重大工安意外，2起案件共導致1人死亡、1人重傷、10人輕傷，都已被勞工局勒令停工，但勞工局對外說明，都未提及台船及台電的公司名稱，引發媒體質疑。勞工局澄清，因勞動條件或職安事件尚需完備行政調查程序，以明確相關違法裁處效力。於行政調查程序中，不宜斷然指揭事業單位名稱，倘確有違法情事，將依勞基法或職安法等相關法規，予以公布事業單位名稱。請繼續往下閱讀...媒體追問，都已勒令停工，且新聞稿明確寫出違反「職業安全衛生法」，質疑「難道不算？玩假的？」勞工局解釋，勒令現場停工係為調查釐清事故發生原因及責任歸屬，倘行政調查程序結果確認雇主確有違反職安法之情事，將依法裁處究責。台船公司昨天發出股市重訊公告指出，一名員工在作業時發生工安事故，經送醫後搶救不治。但該起意外勞工局沒有主動公布，今天在媒體追問才說明，但新聞稿只寫「某造船公司」，稱勞檢處已勒令停工，雇主最高可開罰300萬元，並移送地檢署追究刑事責任。另外，台電南部發電廠今天已針對工安意外說明，但勞工局的新聞稿未提「台電」，僅說「某電廠」；勞檢處已勒令現場停止作業，雇主可裁處最高300萬元罰金。高雄屢傳重大工安意外，勞工局卻不敢公布案發公司名稱。（記者洪定宏翻攝）    ,https://news.ltn.com.tw/news/society/breakingnews/5582369
勾結私菸販詐檢舉獎金 海巡前隊員收賄自導自演等3罪最重判9年,社會,2026/09/22 14:19,新北地院。（資料照）海巡署偵防分署花蓮查緝隊前偵查員饒瑞洋，因貪圖績效與相關獎金，使不符資格檢舉人詐領吹哨者檢舉獎金，甚至同意私菸業者找人頂包，圖利對方免受罰鍰，另又向檢舉人收取50萬元分紅，甚至還與共犯自導自演查獲私菸，以此詐取獎金；新北地院審理後，依「貪污治罪條例」公務員利用職務上機會詐取財物罪共3罪，判處饒7年2月、8年6月及9年徒刑，因另涉犯其他案件審理中而未定應執行刑。檢方調查，饒瑞洋自2018年起擔任海巡署偵防查緝隊及花蓮查緝隊偵查員，專責私劣菸酒查緝。由於他熟知依「檢舉或查獲違規菸酒案件獎勵辦法」規定，若檢舉人曾為或現為被檢舉人的受僱人（即俗稱吹哨者），其檢舉獎金比例可高達給獎基礎的45％；同時，若查獲低劣的大量私菸或累犯，亦可大幅墊高獎勵金基數。請繼續往下閱讀...檢廉調查，2023年「紅糖專案」中，饒男等人查獲私菸38箱，本案中雖有檢舉人，但饒明知這名檢舉人與被檢舉者並無僱傭關係，竟勾選「吹哨者檢舉」，使新北市政府財政局與財政部國庫署陷於錯誤，核撥檢舉獎金，扣除所得稅後，檢舉人共領走157萬餘獎金，溢領52萬餘元。在2024年的「牽牛專案」中，饒等人查獲循線查獲私菸65箱，私菸所有人陳大峯為了規避高達600萬元罰鍰，拜託饒讓他找來私菸圈內熟知的職業「舉手戶」唐祥福到場頂替，饒不僅同意，還製作不實調查筆錄與移案表，圖利陳大峯免受600萬元裁罰。不僅如此，饒如法炮製將提供線索者，虛偽勾選為吹哨者以詐領獎金222萬餘元，溢領74萬獎金；這名檢舉人因他案入監服刑期間，饒員甚至以偵辦走私為由，偽造不實公文將他「借提」出監領取獎金。檢舉人為表達感謝，在車內及住處外二度向饒員期約給予50萬元現金「吃紅」，事後透過檢舉人胞弟轉交。另一個「小畢馬董專案」，饒瑞洋與神祕線民「法國人」等人自導自演。由「法國人」向共犯購買製菸機具與菸絲原料，在桃園與新北短租廠房布置「虛假私菸廠」，並安排共犯沈健福擔任人頭舉手戶。饒員於查獲後再度製作不實檢舉筆錄，使國庫核撥高達680餘萬元的獎金，共犯游皓竣拿到其中376萬獎金後，扣除10萬元報酬，交給「法國人」與饒瑞洋朋分。合議庭認為饒瑞洋所為傷害國家公務機關偵辦案件的公正及公信力，視國家法律如無物，嚴重敗壞官箴，損及公務員清廉形象，並使國庫蒙受鉅額損失，犯後態度不佳，量處上述徒刑；其餘共犯蔡松霖、唐祥福、陳大峯、游皓竣、陳冠宏等人亦分別因貪污治罪條例圖利、行賄、詐取財物罪等罪，分別判刑5月至4年6月徒刑。    ,https://news.ltn.com.tw/news/society/breakingnews/5582295
沒讓行人直接開車撞下去！ 7旬翁恐挨罰3.6萬、吊扣駕照,社會,2026/09/22 14:07,基隆市7旬吳姓男子，昨晚駕車行經中山區復興路、德安路口時，直接撞上走在斑馬線上魏姓女子，致魏女身上多處擦挫傷。（警方提供）基隆市7旬吳姓男子，昨晚駕車行經中山區復興路、德安路口時，不僅未禮讓，而且直接撞及走在斑馬線上魏姓女子，致魏女身上多處擦挫傷。警方獲報到場，開單告發最重可處3萬6000元罰單外，並吊扣吳男駕照，追究其民事、刑事責任。基隆市警四分局中華路分駐所昨晚6時許接獲報案，中山區復興路與德安路口發生一起交通事故，立即派員趕赴現場發現是71歲吳姓男子駕車，沿復興路往中和路方向行駛，行經該路口時，29歲的魏姓女子正行走在行人穿越道上；吳男駕車行經路口時，不僅未停讓魏女，車子直接撞及魏女，造成魏女倒地身體多處擦挫傷，所幸魏女意識清楚，經送往醫院急救後，無生命危險。請繼續往下閱讀...由於有行人受傷，交通隊趕抵為吳男酒測，測得呼氣酒測值為每公升0毫克，並無酒駕情形，但經調查，吳男行經行人穿越道未依規定停讓行人，違規事證明確，依吳男違反道路交通管理處罰條例「未停讓致人受傷」，開了一張台幣1萬8000元以上、3萬6000元以下罰鍰的罰單，並吊扣其駕駛執照，後續將依相關肇事責任調查結果追究其民事及刑事責任。交通隊副隊長李文雄呼籲，駕駛人行經路口及行人穿越道時，務必減速慢行，隨時注意前方及兩側路況，遇有行人穿越時應依規定停讓，切勿搶快。此外，也提醒高齡駕駛人，隨著年齡增長，反應能力與視覺可能自然退化，駕駛時應更加注意自身狀況，若體能不佳亦可多利用大眾運輸工具，共同維護道路安全。基隆市7旬吳姓男子，昨晚駕車行經中山區復興路、德安路口時，直接撞上走在斑馬線上魏姓女子，致魏女身上多處擦挫傷。（警方提供）    ,https://news.ltn.com.tw/news/society/breakingnews/5582325
訂單錯誤需實名認證「攏係假」 詐騙手法升級要注意,社會,2026/09/22 14:04,民眾網路購物，接到聲稱「訂單錯誤」要辦理「實名認證」，應小心查證，以免掉入詐騙陷阱。（高市刑大提供）網路購物手法層出不窮，近期不少民眾接獲電商平台聲稱因「訂單錯誤」要辦理「實名認證」，未料卻掉入詐騙陷阱造成財產損失，高雄市刑事警察大隊提醒，要認清及防範詐騙話術！高市刑大提出，詐騙集團常冒用知名電商平台、客服人員或金融機構金流人員的身分，主動聯繫民眾並聲稱發生「訂單錯誤」且需要辦理「實名認證」等狀況，利用虛構的財務損失製造恐慌感，進而啟動精心設計的詐騙套路。請繼續往下閱讀...民眾因恐慌情緒，一步步引導受害者加入指定的假客服LINE帳號，假客服會以進行「金流驗證」或「解除扣款」為由，要求配合進行相關驗證手續。過程中，詐騙分子會指示民眾開啟網路銀行、前往ATM操作，甚至是要求掃描對方提供的QR Code，表面宣稱協助處理，實際是在誘導民眾將資金轉出。高市刑大呼籲，守護荷包謹記查證3步驟，一是「認清話術」，接獲自稱知名電商或金融機構人員，聲稱「訂單錯誤」、「解除扣款」或「實名認證」並要求加入陌生 LINE 客服者，絕對是詐騙陷阱。第二是「官網求證」，切勿聽從指示操作網路銀行、前往 ATM 或掃描對方提供的 QR Code；請自行開啟官方購物 App、登入官方網站，或撥打金融卡背面電話進行實地核對。最後是「撥打 165」，有任何懷疑，請立即暫停任何資金轉出操作，並撥打 165 反詐騙諮詢專線或 110 報案。    ,https://news.ltn.com.tw/news/society/breakingnews/5582316
台中凌晨「阿法運兵車」連撞3車 一查又是毒駕,社會,2026/09/22 14:04,台中郭姓男子，今天凌晨駕駛休旅車行經北屯區崇德十路時，失控衝撞停放在路邊車輛，結果被驗出毒駕移送法辦。（記者陳建志翻攝）台中郭姓男子（27歲）今天凌晨2點左右，駕駛「阿法」休旅車行經北屯區崇德十路時，失控衝撞停放在路邊的3輛自小客車，將休旅車的車頭都撞爛，所幸僅郭男自己輕傷，員警獲報趕來，發現郭男精神恍惚，對他進行毒品唾液快篩後，發現多種毒品陽性反應，依公共危險毒駕移送法辦，並建請羈押。台中市第五分局今天凌晨2點接獲報案，指稱北屯區崇德十路2段發生一起交通事故，員警到場時發現1輛「阿法」休旅車，撞上停在路邊的轎車，造成3輛車遭波及，休旅車也因強大的撞擊力，車頭幾乎撞爛打橫停在路中，現場碎片散落一地。請繼續往下閱讀...員警發現駕車的郭姓男子（27歲）精神恍惚、神情詭異，立刻對他實施唾液毒品快篩，結果呈現多種毒品陽性反應，立刻開單舉發及移置保管車輛，並依涉犯公共危險罪嫌（毒駕）移送台中地檢署偵辦，並建請羈押。☆少一份毒品就多一份健康，自由時報提醒您遠離毒品☆台中郭姓男子，今天凌晨駕駛休旅車行經北屯區崇德十路時，失控衝撞停放在路邊車輛，結果被驗出毒駕移送法辦。（記者陳建志翻攝）    ,https://news.ltn.com.tw/news/society/breakingnews/5582298
中埔78歲老翁持霰彈槍射殺女鄰居 今日發監執行,社會,2026/09/22 12:57,余姓老翁前年8月間，因噪音糾紛持霰彈槍射死女鄰居。（資料照）嘉義縣中埔鄉78歲老翁余仁忠，前年8月不滿隔壁57歲殷姓女鄰居夜間故意製造噪音，影響他一家人的睡眠，竟持霰彈槍射擊在鄰宅廚房的殷女致死，余翁上月經最高法院駁回上訴定讞，應執行有期徒刑14年6月、併科罰金6萬2000元。嘉義地檢署收到確定判決及相關案卷後啟動執行程序，今天將余翁解送矯正機關發監執行。判決指出，余翁曾參與原住民狩獵山豬活動，前年6月非法取得霰彈槍和鋼珠彈，原本藏放在中埔鄉灣潭村一處筍寮，後來他將槍彈及鋼珠帶回家中。請繼續往下閱讀...余翁不滿住隔壁的殷姓女鄰居夜間故意製造噪音，影響他一家人的睡眠，同年8月19日余翁在住處後方防火巷，對著住在隔壁、當時正在自家廚房的殷女開槍，殷女胸部命中12顆鋼彈死亡，余翁犯案後報警自首。余翁歷經一、二、三審，遭判應執行有期徒刑14年6月、併科罰金6萬2000元定讞。嘉檢表示，收到確定判決後，立即由檢察官展開發監執行程序，完成執行前準備及指揮調度，今天順利將余翁解送矯正機關執行刑期。    ,https://news.ltn.com.tw/news/society/breakingnews/5582215
監院查出解職程序違失 陽明高中前校長求國賠120萬二審仍敗訴,社會,2026/09/22 12:51,前陽明高中校長宋慶瑋（中）求國賠敗訴。（資料照）時任桃園市立陽明高中校長宋慶瑋2019年遭數百名師生抗議，質疑遴選過程及任內爭議，後遭桃園市教育局認定不適任、解除校長職務。宋事後向監察院陳情，監察院2024年調查認為相關制度及程序存有違失，宋據此向桃園市政府提起國賠，求償120萬1元，並要求市府官網永久公告調查報告。一審判宋敗訴，高等法院今駁回上訴，仍可上訴。宋慶瑋主張，他原任桃園市立陽明高中校長，桃園市政府教育局於2019年11月召開校長遴選委員會，以考量校園和諧穩定及學生受教權益等因素為由，認定他不適任校長職務並予以解職。請繼續往下閱讀...宋慶瑋不服，向監察院陳情，監察院於2024年7月作成調查報告，認為相關制度及程序存有違失。宋認為，桃園市政府辦理校長不適任評定及解職程序具有多項違法瑕疵，且解職處分侵害其名譽權，因此提起國賠訴訟，要求桃園市政府賠償精神慰撫金120萬1元，並在市府網站公告監察院調查報告全文，且永久不得撤除。一審桃園地院駁回宋慶瑋請求，宋不服提起上訴。高院審理認為，宋慶瑋早在2022年7月向監察院陳情時，就已具體主張桃園市政府相關解職處分存在違失，並要求監察院調查、追究責任，而本件國賠訴訟主張的事實，均在當時陳情事項範圍內，足認宋當時已知悉損害結果及國賠請求權的原因事實。高院指出，監察院2024年7月作成的調查報告，只是針對宋慶瑋先前陳情事項進一步調查後形成的意見，並非新產生的損害事實，因此不能以調查報告出爐時間重新起算國賠請求權時效。宋慶瑋直到2024年9月4日才向桃園市政府提出國家賠償請求，距離2022年7月知悉相關原因事實時已超過2年，國賠請求權已罹於時效。高院因此認定，桃園市政府提出時效抗辯有理由，宋慶瑋要求給付120萬1元精神慰撫金，以及在市府網站永久公告監察院調查報告全文，均無理由，今判決駁回上訴，全案仍可上訴。    ,https://news.ltn.com.tw/news/society/breakingnews/5582163
iPhone手機忘拿「提示聲」響不停 多元計程車、員警接力物歸原主,社會,2026/09/22 12:49,中壢警方順利將iPhone手機送回楊姓失主身邊。（警方提供）桃園市中壢區1名蘇姓多元計程車駕駛，昨（21）日上午9時35分許，行車途中不斷聽見車內傳出「尋找iPhone」的提示聲，才發現乘客不慎將手機遺落車內，因不知該如何聯繫失主，只好將手機送往中壢警分局中壢交通分隊，透過警方協助順利將手機送回失主身邊。中壢交通中隊分隊長姚憬恆、警員吳俊彤於昨晚受理拾得物報案後，發現手機除持續發出提示聲外，螢幕上也顯示失主留下的送還地址，但僅有中壢區青埔二街社區大樓地址，未註明樓層及聯絡方式。所幸失主友人適時來電，警方耐心詢問後得知失主為33歲楊姓男子，順利確認身分並取得聯繫。請繼續往下閱讀...楊男表示，自己剛下夜班且身體不適，原想休息後再前往領取，但為楊男安全，警方處理完轄內交通事故後，特別將手機送至楊男住處，經核對身分並確認手機可正常解鎖後，順利物歸原主。楊男對警方百忙之中仍協助送還手機深表感謝，很不好意思，一度表示欲致贈紅包表達謝意，警方當場婉拒；中壢警分局長林鼎泰呼籲，民眾搭乘計程車或大眾運輸工具下車前，應再次確認手機、皮夾及隨身物品是否攜帶齊全，拾獲他人財物可就近送交警察機關，協助物品儘速回到失主手中。中壢警方順利將iPhone手機送回楊姓失主身邊。（警方提供）中壢警方順利iPhone將手機送回楊姓失主身邊。（警方提供）    ,https://news.ltn.com.tw/news/society/breakingnews/5582183
收現金、黃金、出國玩！ 最貪國稅局稽核勾結會計師助逃漏稅起訴,社會,2026/09/22 12:44,台中地檢署偵辦中區國稅局簡任稽核王志益，涉嫌勾結會計師助逃漏稅，檢警查扣大批現金。（記者陳建志翻攝）台中地檢署偵辦財政部中區國稅局簡任稽核王志益（65歲），涉嫌勾結會計師，讓民眾或公司免納個人綜合所得稅、營利事業所得稅及免受裁罰，除接受招待飲宴、出國旅遊，還收受包括1280萬元現金賄款與黃金、禮券、提貨券，台中地檢署獲報今年5月起發動6波搜索，將王男和林姓、李姓會計師，與涉案的鄭姓、許姓民眾聲押禁見獲准，今天依貪污等罪嫌將王男和3名會計師共18人起訴，將是中部地區首件適用國民法官參審程序審理的貪污案件。台中地檢署接獲調查局台中市調查處報請指揮偵辦王志益涉嫌利用稅務查核機會收受賄賂案件，立即指派黃裕峯、郭逵（現為新竹地檢署主任檢察官）、賴謝銓、翁嘉隆等檢察官，指揮調查局台中市調查處、台中市刑警大隊等單位，從今年5月起陸續執行6波搜索，將王志益（65歲）、林姓（67歲）、李姓（53歲）會計師，鄭姓、許姓納稅義務人共5人聲押禁見獲准，其餘被告以200萬元至1000 萬元不等金額具保候傳。請繼續往下閱讀...中檢經密集訊問被告及證人69人次，逐一比對相關人員供述、分析手機數位採證資料、勾稽稅務資料、查核說明書、金流及通訊紀錄等證據，查明相關犯罪事實後，將王男和林姓、李姓、施姓3名會計師共18人，依貪污罪的違背職務收受賄賂或不正利益、主管事務圖利、不違背職務收受賄賂、非公務員對公務員違背職務行賄、逃漏稅捐等罪嫌起訴。本案並查扣王志益的游姓太太（63歲）隱匿貪污所得財物現金1280萬（含賄款560萬元）、黃金5塊各1台兩及價值20萬元的商品禮券、提貨券，另許姓、魏姓、李姓被告已繳回犯罪所得合計6907萬餘元。王志益購買台中市南屯區某豪宅預售屋已用現金支付的500萬元定金，因財產來源不明列為犯罪所得，也函知建商依法聲請查扣。相關新聞收黃金、暢遊美國！國稅局神鬼稽核涉貪 協助逃漏稅手法全曝光最貪國稅局稽核案外案！知名伴手禮「六月初一」也捲逃漏稅、還被騙500萬台中地檢署偵辦中區國稅局簡任稽核王志益，涉嫌勾結會計師助逃漏稅，檢警查扣行賄的黃金。（記者陳建志翻攝）台中地檢署偵辦中區國稅局簡任稽核王志益，涉嫌勾結會計師助逃漏稅，檢警查扣大批禮券、提貨券。（記者陳建志翻攝）台中地檢署偵辦中區國稅局簡任稽核王志益，涉嫌勾結會計師助逃漏稅，收受賄款超過1280萬，今天依貪汙等罪嫌起訴王男等18人。（記者陳建志攝）    ,https://news.ltn.com.tw/news/society/breakingnews/5582157
7旬翁割草失足受困水溝 竹崎警漏夜搜救助脫困,社會,2026/09/22 12:42,7旬陳男工作不慎跌落山坡下水溝，員警漏夜協尋救出陳男。（圖由警方提供）年逾70歲陳姓男子日前受僱前往梅山鄉瑞里村割草，不慎失足自邊坡跌落水溝，警方獲報透過手機定位，確認陳男位置在嘉義縣警局竹崎分局瑞里仁壽聯合所轄區，員警、民力漏夜依陳男小貨車停放處及微弱呼救聲四處搜救，最後在1處民宅後方水溝尋獲陳男，通知嘉義縣消防局救護人員到場救陳男脫困，將其送醫。警方9月18日晚間接獲報案，陳男受僱到梅山瑞里村割草，陳妻當天下午見陳男遲未返家、打電話也未接，因陳男患有心血管疾病，擔心其安危，請求警方協尋。請繼續往下閱讀...竹崎警分局鹿滿派出所獲報啟動緊急協尋機制，透過手機定位在瑞里所轄區，轉報瑞里所協尋；搜救人員19日凌晨2點多尋獲陳男駕駛的小貨車，現場仍未見陳男蹤跡，員警以小貨車停放處為中心，持續沿著周邊山區、道路等活動區域漏夜搜尋至19日上午8點多，在1處民宅後發現微弱呼救聲，員警站在山坡上呼喊，確認陳男就在山坡下方，立即繞路下切至山坡下水溝，與縣消救護人員救出陳男。警方表示，陳男因工作時不慎失足跌落民宅後方水溝，由於地處偏僻、屋主不在家而無法脫困，因受困而失聯多時；救護人員檢視陳男傷勢，身體雖虛弱但沒有明顯外傷且意識清楚，送往大林慈濟醫院急救，家屬見陳男平安返家，頻向警方致謝。陳男掉落偏僻民宅後方水溝，在水溝裡受困1夜。（圖由警方提供）陳男被尋獲時身體十分虛弱。（圖由警方提供）    ,https://news.ltn.com.tw/news/society/breakingnews/5582164
高市殯儀館3技工收受業者紅包  2名技工遭羈押禁見,社會,2026/09/22 12:38,高市仁武殯儀館火化場。（截取自市府網站）首次上稿 12:38更新時間 18:01高雄市仁武殯儀館沈姓、吳姓等3名技工涉嫌以提早火化或妥善安排火化及撿骨流程，向多名殯葬業者索取每具大體1千至2千元不等紅包，橋頭地檢署昨發動搜索，帶回3名技工等13人訊問，今認定吳姓2名技工涉貪罪嫌重大，向法院聲請羈押獲准，另沈姓技工10萬元交保、7名業者1至3萬元交保。請繼續往下閱讀...橋頭地檢署接獲情資，偵辦高雄市殯葬管理處第二殯儀館沈姓、吳姓2名技工及殯葬業者涉違反貪污治罪條例案件，經過長期蒐證後，昨見時機成熟，由主任檢察官蘇恒毅主導，指揮法務部調查局高雄市調查處、法務部廉政署南部地區調查組發動搜索，兵分多路前往相關嫌疑人及證人住處、辦公室等共20處實施搜索，查扣相關證物，並傳喚、通知被告及證人等共計13人到案說明。橋頭地檢署查出沈姓、吳姓、吳姓技工任職高雄市殯葬管理處第二殯儀館負責火化職務，向多名殯葬業者索取每具大體1000至2000元不等紅包，作為提早火化或妥善安排火化及撿骨流程的對價，認定吳姓等3名技工涉貪污治罪條例5條第1項第3款公務員對於職務上之行為收受賄賂罪嫌，殯葬業者則涉貪污治罪條例第11條第4項、第2項關於公務員不違背職務之行為交付賄賂罪嫌。經檢察官訊問後，其中吳姓2名技工因涉嫌違反貪污治罪條例罪嫌重大，且有羈押之原因及必要，向法院聲請羈押獲准，其餘沈姓技工10萬元交保、7名業者1至3萬元交保。    ,https://news.ltn.com.tw/news/society/breakingnews/5582185
海巡秋節前馬祖海域威力掃蕩 驅離中國越界船2艘、查獲1通緝犯,社會,2026/09/22 12:30,海巡人員登檢船隻。（海巡署金馬澎分署提供）秋節將屆，海巡署第十一（馬祖）巡防區指揮部為防範中國漁船越界及走私偷渡案件，加強非洲豬瘟等邊境防疫，於本月20日至21日展開聯合擴大威力掃蕩，期間登檢本國籍漁船4艘、驅離越界中國船舶2艘、查獲通緝犯1員，將持續強化馬祖地區海域及海岸執法能量，提升岸海巡邏密度，加強不法查緝，全力守護國家邊境安全。海巡署金馬澎分署表示，本次岸、海聯合勤務擴大威力掃蕩，由海巡署第十一巡防區指揮部統合金馬澎分署第一O岸巡隊、偵防分署連江查緝隊及艦隊分署第十海巡隊，並結合移民署北區事務大隊連江縣專勤隊、警政署基隆港務警察總隊福澳中隊及連江縣警察局。請繼續往下閱讀...針對馬祖地區4鄉5島，動員巡防艇11艘、巡邏車60輛、巡邏機車10輛、查緝人力221員，運用各項應勤裝備，全面巡查馬祖地區海域、海岸，針對港區、岸際廢棄空屋、碉堡、灘岸等易走私、偷渡地點，積極巡緝發掘不法，強化邊境勤務，增加貨船拆檢率杜絕不法，全力守護海域安全並持續取締越界中國漁船，維護海洋漁業資源及我國電纜設施安全。海巡署十一巡防區指揮部主任洪文泉表示，馬祖4鄉5島海域遼闊，2025年迄今，馬祖海巡單位同仁驅離越界中國船舶287艘、扣留4船，岸際應處漂流豬屍案2件、海洋生態保育暨岸際油污防治案3件、協助島際間民眾傷病緊急醫療後送案44件、取締小三通旅客違規攜帶農產品案86件。洪文泉指出，本次專案期間，登檢本國籍漁船4艘，驅離越界中國船舶2艘、查獲通緝犯1員，藉由此次聯合擴大威力掃蕩，以實際行動向國人及馬祖鄉親宣示海巡守護國土，強力執法的決心，另呼籲民眾如發現走私、偷渡等不法行為或需要任何協助，可撥打118海巡服務專線，海巡單位將全力投入為民服務，杜絕不法。海巡署第十一（馬祖）巡防區指揮部擴大威力掃蕩。（海巡署金馬澎分署提供）    ,https://news.ltn.com.tw/news/society/breakingnews/5582144
苗栗通霄命案！兄使用電腦時遭弟持刀刺死,社會,2026/09/22 12:24,警方獲報到場，封鎖現場採證。（民眾提供）首次上稿：09:25更新時間：12:24（新增：警方說法）苗栗縣通霄鎮今（22）日清晨驚傳命案，一名謝姓男子在住家涉嫌持刀攻擊哥哥，造成哥哥當場死亡，該名男子並打電話報警。警方獲報到場，封鎖現場採證，並將涉案男子帶回警局釐清案情。請繼續往下閱讀...警方今天清晨5點4分許，接獲報案表示「我把哥哥殺死了，刀子在現場」，員警趕赴現場時，發現一名男子倒臥在住處2、3樓樓梯間，立即通知消防人員到場協助，不過消防人員到場發現哥哥已明顯死亡，並未送醫。警方初步調查，報案者為38歲謝姓男子，死者為其39歲胞兄，死者案發前在3樓房間使用電腦，遭謝男持疑似摺疊刀從後方刺頸2至3刀；犯嫌謝男則2樓房間內就逮。全案依殺人罪嫌偵辦，並持續釐清確切犯案動機及案發經過。據了解，謝男為職業駕駛，其胞兄曾做金屬加工工作，已婚、目前待業中，兄弟倆跟父母同住。警方並在謝男房間發現疑似精神方面的藥物，已進一步調查相關用藥情形。不過，謝男是否有精神疾病、案發當時的狀態，以及兄弟之間是否曾發生爭執，仍有待警方進一步釐清。街坊聞訊紛紛到場關心，有死者的好友表示，死者為人海派，前幾天還相約中秋烤肉小聚，沒想到發生憾事，但死者不曾提及過與弟弟之間的事，所以也不明白發生了什麼事。稍早警方會同禮儀社將死者遺體運往殯儀館，死者妻子哭喊丈夫名字「上車」，場景令人鼻酸。警方會同禮儀社將死者遺體運往殯儀館。（民眾提供）警方將犯嫌謝男上銬。（警方提供）警方查扣一折疊刀。（警方提供）    ,https://news.ltn.com.tw/news/society/breakingnews/5581823
台電南部發電廠工人墜鹽酸槽釀1重傷10人嗆傷 勞工局介入調查,社會,2026/09/22 12:17,55歲曾姓工人踩破鹽酸槽頂墜落槽內，全身多處化學灼傷，10人協助搶救因氣體吸入性嗆傷皆送醫。（民眾提供）台電位於高雄前鎮的南部發電廠，今（22）日上午9點多發生嚴重工安意外，曾姓工人（55歲）掉落鹽酸槽至全身多處化學灼傷，其他人員為搶救亦因吸入鹽酸氣體嗆傷共11人送醫，高雄市勞工局派員到場調查，當場勒令停止作業，並將依法對雇主裁處最高300萬元罰鍰。勞工局勞檢處指出，台電南部電廠協力廠商今早僱用曾姓工人進行鹽酸轉存作業，曾男於鹽酸槽槽頂作業時，因槽頂破裂踏穿墜落槽內，導致全身多處化學灼傷、意識不清，經現場工作人員立即應變救援並送醫救治，另現場10名協助救援人員疑似救援過程吸入鹽酸氣體，亦均預防性送醫診治。請繼續往下閱讀...勞檢處已勒令現場停止相關作業，針對雇主違反職業安全衛生法第6條規定，可裁處最高300萬元罰鍰，勞工局並指派專人協助傷者後續醫療及確保其職災補償權益。    ,https://news.ltn.com.tw/news/society/breakingnews/5582152
台南連鎖手機店爆內鬼 女店員偷487支iPhone變賣逾千萬元,社會,2026/09/22 11:58,台南市區一家連鎖手機店爆發內賊監守自盜，一名李姓女店員涉在9個多月內偷走487支iphone手機，再低價轉賣獲利。（圖取自google地圖）台南市區1家連鎖手機店驚爆「內賊監守自盜」重大竊案！20多歲李姓女店員涉從2026年初起，相繼從中西區旗艦店倉庫偷走487支各款iPhone手機，再以1支低於市價數千元至1萬元不等的價格，轉售其他手機行，變賣所得逾千萬元，經公司察覺報警查獲，警方訊後依業務侵占、竊盜等罪嫌將李女函送檢方偵辦。據了解，這家連鎖手機店在台南有15家門市，主打價格透明與具競爭力的空機優惠，女店員監守自盜的門市是位於南市中西區的旗艦店，倉庫內存放眾多各大品牌手機。請繼續往下閱讀...涉案的李女疑是看準公司內部庫存管理及領取產品機制有漏洞，涉從2026年初起相繼進入倉庫竊取iPhone 17系列等各款手機，以每支比市價便宜數千元至1萬元不等的價格，轉賣給其他手機行，在9個多月裡共有487支手機失竊，變賣所得超過千萬元，因手機公司平日未建立有效稽核機制，之前一直未發現庫存的手機出現嚴重短缺狀況。店方最近才發現自家公司批號的手機，出現在網路通路銷售，覺得可疑，即清查庫存並調閱店內監視器，赫見疑李女涉偷走大量高價手機，向轄區市警二分局報案。警方根據監視器影像等事證，21日下午通知李女到案訊問，李女疑將轉賣手機的款項全數押注在賭博網站輸光，由於被偷的手機高達487支，對於李女銷贓管道與手機流向、是否有相關共犯等，有待警方進一步追查釐清。    ,https://news.ltn.com.tw/news/society/breakingnews/5582108
吃麵線飲酒起口角互毆 他拿鑰匙揮拳刺傷多年好友,社會,2026/09/22 11:56,王嫌持鑰匙攻擊陳男，造成陳男臉部及頭部刺傷，警方查扣凶器。（記者陸運鋒翻攝）新北市中和區民安街一家麵線店昨天晚間發生一起打架事件，王姓男子與陳姓友人用餐飲酒時，一言不和突然起口角，進而爆發肢體衝突，過程中，陳男朝王男揮拳，王男則手握持鑰匙揮拳反擊，造成陳男頭、臉刺傷送醫救治，幸無生命危險，警方隨後將王男依現行犯逮捕，詢後將2人送辦。中和警分局調查，70歲王男與68歲陳男均無業，且已相識許久，2人在昨晚9時許，前往中和區民安街某麵線店用餐飲酒，當時店家老闆也一同坐下聊天，怎料，王、陳疑喝醉酒因故互嗆，陳男火大先朝王男揮拳攻擊，王男則不甘示弱，以鑰匙作為兇器朝陳男揮拳反擊，民眾見狀紛紛報案。請繼續往下閱讀...警、消趕抵時，現場已經沒有打架情事，但陳男頭及臉部被刺傷，當場血流如注，隨後由救護人員包紮並送往衛福部立雙和醫院救治，經縫合10多針後沒有生命危險，而王男僅流鼻血、並未就醫。警方指出，現場查扣凶器鑰匙一串，王男依現行犯予以逮捕，警詢後依殺人未遂罪嫌移送新北地檢署偵辦，至於陳男則依傷害罪嫌函送偵辦。☆飲酒過量  有害健康  禁止酒駕☆警、消趕抵時，發現陳男頭及臉部被刺傷血流如注，隨後由救護人員包紮送醫救治，幸無生命危險。（記者陸運鋒翻攝）警方將王嫌依殺人未遂現行犯逮捕。（記者陸運鋒翻攝）    ,https://news.ltn.com.tw/news/society/breakingnews/5582093
花蓮校園旁誤踩油門衝撞 學生倒地急翻滾躲過碾壓,社會,2026/09/22 11:55,花蓮女中旁公園路口發生一起汽車左轉撞擊微型電動車事故。（民眾提供）花蓮女中旁公園路口18日發生一起汽車左轉不慎突然暴衝撞擊微型電動車事故！47歲鄭姓女子駕駛白色汽車原本要左轉進入公園路，但轉彎時先撞上對向1名騎乘微電車學生，鄭女疑似過度緊張誤踩油門，車輛非但沒有停下，反而繼續加速衝撞人行道，並波及一旁機車停車格內的2輛機車，學生遭汽車推撞倒地，所幸馬上從左側翻滾，沒有被汽車壓到，僅四肢多處擦挫傷，送醫後無生命危險。花蓮分局今指出，18日上午8點多，1輛白色TOYOTA汽車從救國團花蓮學苑前停車場，準備左轉駛入公園路時，不明原因在轉彎時撞上對向1名騎微型電動車的學生，駕駛疑似驚慌失措，汽車沒有停下反更加速往前衝，直接推著被撞的電動車繼續往前，撞上機車停車場一排機車後才停下，所幸學生被撞倒後馬上從左側翻滾，沒有被汽車壓到。請繼續往下閱讀...警方調查，鄭姓駕駛持有合格駕照，經檢測無酒精及毒品反應，初步研判鄭女應是單純因緊張誤踩油門才導致這起事故，詳細肇事原因仍待進一步調查釐清。花蓮分局呼籲，駕駛人應熟悉車輛操作，行車前確認車況，行車中保持警覺專注，避免突發狀況來不及反應；駕車進出停車場，應提高警覺注意周遭車輛，出入口視線較複雜，駕駛人應減速慢行，遇到突發狀況請冷靜處置並避免急打方向盤，安全沒有捷徑，籲請所有用路人共同遵守交通規則。花蓮女中旁公園路口發生一起汽車左轉撞擊微型電動車事故。（民眾提供）花蓮女中旁公園路口發生一起汽車左轉撞擊微型電動車事故。（民眾提供）    ,https://news.ltn.com.tw/news/society/breakingnews/5582066
軍用大卡車疑機件故障 側翻國3烏日路段無人傷,社會,2026/09/22 11:37,軍用大卡車行經國道3號南向206.3公里台中市烏日路段，疑機件故障側翻在外側車道。（民眾提供）1輛軍用大卡車，今天上午8時45分行經國道3號南向206.3公里台中市烏日路段，疑機件故障側翻在外側車道，幸無人受傷，事故現場在9時47分即排除恢復通車，駕駛酒測值為0，國道公路警察局第七公路警察大隊表示，肇事後續調查將依規定處理。國道公路警察局第七公路警察大隊表示，今天上午8時45分，陳姓男子（28歲）駕駛軍用大卡車，行經國道3號南向206.3公里台中烏日路段，疑機件故障，致大卡車側翻在外側車道，幸駕駛並未受傷，也未波及其他車輛，事故現場於9時47分排除，恢復通車。請繼續往下閱讀...國道警方表示，該起事故駕駛人酒測值為0，有關肇事後續調查將依規定處理，呼籲用路人平時應注意車輛機件保養，行車前務必檢查車輛狀況（油、水、煞車、輪胎、燈光等），以避免車輛發生爆胎或故障。高速公路行車期間若發現車輛異常，應立即減速並儘速駛離車道停靠安全處所，避免因車輛失控造成交通事故，以維護自身及其他用路人行車安全。軍用大卡車在國道3號南向206.3公里台中市烏日路段發生事故，幸無人受傷。（民眾提供）    ,https://news.ltn.com.tw/news/society/breakingnews/5582021
戴安全帽仍被打傷！基隆6旬阿北拳轟20多歲女鄰居 畫面曝光惹網怒,社會,2026/09/22 11:15,賴姓男子（右）多次揮拳毆打頭戴安全帽的魏女臉部，致魏女臉頰、嘴唇等多處成傷。（記者林嘉東翻攝）基隆市暖暖區源遠路某社區賴姓住戶，與樓上魏姓女子住處因噪音與停車問題積怨已久，60多歲賴男17日趁魏女到社區地下室騎車時，徒手毆打20多歲、已戴上安全帽的魏女，致魏女臉頰、嘴唇等多處受傷。基隆市警方獲報趕抵，協助魏女就醫採證後，依法將賴男，依傷害罪嫌函送法辦。時隔多日，魏女被賴男毆打的影片，被人貼在臉書社團上，貼文者表示，魏女被打迄今仍身心受創，引起網友關切。請繼續往下閱讀...本起鄰居間因噪音等糾紛引發的肢體衝突事件，發生在本月17日清晨6點半，20多歲魏姓女子到地下室騎車時，已戴上安全帽，與賴男在地下室發生爭執後，賴男突然朝魏女揮拳攻擊，造成魏女嘴唇、臉部多處挫傷。警方獲報趕抵將魏女送醫，並依法將賴男依傷害罪嫌函送法辦。警方調查，魏姓女子與住在樓下賴姓男子，雙方因噪音與停車等問題，積怨已久；案發當天，賴男騎車載女兒至地下室時，與正要騎車出門的魏女發生口角，賴男朝已戴上安全帽的魏女連續揮拳攻擊，造成魏女嘴唇、臉部多處挫傷。碇內派出所長黃國凱表示，警方獲報後，除了派員陪同魏女到醫院救治驗傷外，調閱地下室監視器等畫面完成蒐證後，通知賴男到案說明後，將賴男依涉犯傷害罪嫌，函送基隆地檢署偵辦。賴姓男子在女兒（右）面前，多次揮拳朝頭戴安全帽的魏女臉打，致魏女臉頰、嘴唇等多處成傷。（記者林嘉東翻攝）（記者林嘉東翻攝）    ,https://news.ltn.com.tw/news/society/breakingnews/5582016
台東警車躲樹叢測速挨批「偷拍」 縣警局長允宣導光明正大執法,社會,2026/09/22 11:09,台東縣議員章正輝今天質詢時，播放警車躲在草木叢測速照相。（記者黃明堂翻攝）台東縣公路除了固定式測速照相外，也常見警車測速，其中不乏警車躲在草木叢的隱蔽式執法現象。縣議員章正輝指出，許多行經當地的民眾與遊客對此相當不解與反感，認為警察的主要職責應是預防犯罪、維護治安與確保交通安全，但這種隱藏在草叢後方的執法方式，給人的感覺就像是「守株待兔」專門偷拍開罰，反而失去提醒駕駛減速的警示意涵。縣警察局長林宏昇允諾向警員宣導光明正大執法。章正輝今天在總質詢時播放民眾提供的影片，畫面顯示有警車與員警隱身於美麗的南迴公路旁草叢進行定點監測。他說，許多遠道而來的遊客原本懷著愉快心情造訪台東，最後卻因這種隱蔽式執法帶走一張罰單，美好的旅遊回憶變成罰單，長久下來對台東的觀光形象造成不少傷害。章正輝強調，依規定若要進行移動式測速，前方應設有明確的警告告示牌，且警車與員警應大方顯現，才能真正發揮預防事故的效果。請繼續往下閱讀...對此，林宏昇答詢時表示，將請相關單位清理路邊遮蔽視線的過長雜草。林宏昇並當場允諾，未來會要求同仁駕駛巡邏車執勤時光明正大展現，讓民眾與遊客都能清楚看到警察在道路上巡邏與維護治安，同時也會持續提醒同仁注意執勤技巧與服務態度，嚴格落實依規定設置警告告示牌，讓前來台東的遊客都能享有良好的旅遊體驗。    ,https://news.ltn.com.tw/news/society/breakingnews/5582015
高中合唱團名師劈腿3女學生 偷拍洗澡、性愛片二審減刑判3年2月,社會,2026/09/22 10:59,姚男偷拍高中學生妹洗澡、性愛照片。（示意圖）在某高中合唱團於2021年至2022年當指導老師的30多歲姚姓男子，同時劈腿3名高中女學生，還偷拍3名少女洗澡及性愛的影像；一審台北地院認定事證明確，不得易科罰金部分判處應執行4年6月，得易科罰金部分應執行10月。案經上訴，高等法院今改判應執行3年2月，可上訴。一審判決指出，姚男任教期間，明知3名女學生均未滿18歲，仍在住處浴室裝設隱藏式攝影機，偷拍3人脫衣洗澡；另以手機偷拍其中一名女學生裙底及裸露胸部。請繼續往下閱讀...姚男與這名後來發展親密關係，又趁兩人發生性行為時，未經同意偷錄長達1個多小時的聲音，另偷拍女學生替他口交的影片。女學生曾察覺姚男操作手機並詢問，姚男卻佯稱正在傳訊息。警方事後從姚男使用的iCloud雲端空間查獲部分影音。姚男審理時否認犯行，辯稱該女學生知情，並否認偷拍另外2名女學生洗澡。法院不採信，認定有女學生證稱姚男曾坦承偷拍3人洗澡並道歉，且相關證據足以佐證。法院指出，偷拍洗澡、裙底及胸部部分，依最高法院見解，因非在「性活動」過程中拍攝，不構成《兒童及少年性剝削防制條例》第36條之罪，改依妨害秘密等罪論處；至偷錄性行為聲音及偷拍口交影片，則屬以違反本人意願方式攝錄，依兒少性剝削條例論罪。法院考量姚男已與該女學生調解並賠償，依《刑法》第59條減刑，最終就不得易科罰金部分定應執行4年6月，得易科罰金部分應執行10月，並沒收偷拍設備、手機及相關影音。案經上訴，高院今宣判，姚男一共犯下5罪，定應執行3年2月，並沒收相關犯案證物。    ,https://news.ltn.com.tw/news/society/breakingnews/5581969
國3彰化段軍卡翻覆無人傷亡 10:30已排除,社會,2026/09/22 10:50,1輛軍用卡車上午在國3彰化路段翻覆。（翻攝高速公路1968）國道3號彰化路段今天（22日）上午1輛隸屬國軍六軍團的軍卡行經該路段時突然失控打滑翻覆，車斗上載運的貨物掉落國道路面，所幸車上軍人無人受傷，後方車輛一度嚴重回堵長達10公里之遠，直到上午10點排除後車流逐漸紓解。國道警方初步調查，為軍卡機件故障導致翻覆，實際事故原因與肇事責任還待釐清。這起事故發生在今天上午9點左右，國道3號南下206公里彰化快官至烏日路段。載運貨物的六軍團軍用卡車疑因失控發生翻覆，整輛車側翻橫擋在路面上，現場留下明顯的煞車與刮地痕跡，車上裝載的貨物與雜物散落一地，佔據了2個車道，僅剩內側車道可供通行，導致現場後方車流一度嚴重回堵到南下196公里路段，直到上午10點左右排除，壅塞車流到上午10點半前恢復順暢。1輛軍用卡車上午在國3彰化路段翻覆。（翻攝高速公路1968）1輛軍用卡車上午在國3彰化路段翻覆，後方車陣一度長達10公里。（翻攝高速公路1968）1輛軍用卡車在國3彰化路段翻覆，後方大塞車。（翻攝高速公路1968）    ,https://news.ltn.com.tw/news/society/breakingnews/5581905
88快速道擺故障標誌遭追撞奪命  大貨車駕駛喊冤「金額太高賠不起」,社會,2026/09/22 10:46,洪姓女子下車擺故障標誌遭後方大貨車追撞奪命。（警方提供）鄭姓婦人開車行經台88線快速道路，車輛故障下車擺放警示牌，卻慘遭後方曳引車撞死，涉案李姓駕駛雖自首但未與家屬和解，一審判刑8月，李男上訴喊冤賠不起並請求緩刑，但被二審法官駁回上訴。判決指出，2024年12月11日上午11點多，鄭姓婦人駕駛小客車行經台88線快速公路屏東竹田路段內側車道時，車輛突然故障停擺，鄭婦下車走到車後準備放置故障標誌，被後方李姓男子駕駛的曳引車直接追撞，導致鄭婦多處骨折與腹腔挫傷，當場不治。請繼續往下閱讀...屏東地院認為，李男雖符合自首減刑要件，但身為事故肇事主因且未與家屬達成和解，依過失致死罪判徒刑8月，且不予緩刑。李男不服提起上訴，主張自己全程坦承犯行、態度良好，且有和解意願，但因被害家屬要求的賠償金額過高非其資力能負擔，希望二審能撤銷改判並給予緩刑。高雄高分院審理時，法官認為，李男身為肇事主因、過失情節非輕，對家屬造成永難彌補的創痛，即使李男表達和解意願，但至今仍未與家屬達成共識或賠償，並未取得被害家屬的宥恕，因此認定原審量刑妥適，裁定「上訴駁回」，維持原判8月徒刑，全案仍可上訴。    ,https://news.ltn.com.tw/news/society/breakingnews/5581963
翁曉玲收死亡恐嚇！網友嗆「拿刀捅死你、開車撞死你」起訴,社會,2026/09/22 10:45,國民黨立委翁曉玲近年兩岸立場鮮明，多項涉中言論及修法主張屢掀爭議，引發輿論反彈。（資料照）54歲陳姓男子因不滿國民黨立委翁曉玲審議法案的立場，今年7月間以「愚公蓋房」名義寄送電子郵件，嗆聲「看到你拿刀捅死你，開車撞死你！」翁閱信後心生畏懼，報警循線追查。台北地檢署偵結，依恐嚇罪起訴陳男。翁曉玲近年兩岸立場鮮明，曾公開表示「我們就是中國人」，並稱兩岸在現行憲法架構下屬「一國兩區」，另提案刪除俗稱「吳斯懷條款」的規定，主張限制退役將領赴中參與政治性活動時的禮儀行為，侵害表意及行為自由；主張引起部分網友不滿，質疑其國家認同及憂心放寬退將赴中限制恐衝擊國安。請繼續往下閱讀...案發前夕，翁曉玲在立法院審議預算及法案頻頻引發朝野交鋒。7月2日，她在立法院審查文化部預算時，提案刪除逾4700萬元媒體業務宣導費，最終決議改為凍結800萬元；7月4日又因針對多個部會提出刪減媒宣費提案，引發政治攻防。起訴指出，陳男因不滿翁曉玲審議法案的立場，先上網搜尋取得翁使用的清華大學電子信箱，今年7月4日下午2時27分許，在台北市中正區住處以手機上網，登入自己申請的Gmail信箱。檢方調查，陳男以「愚公蓋房」為名稱寄信給翁，內容寫下「看到你拿刀捅死你，開車撞死你！」等語。翁同月6日閱信後心生畏懼，隨即報警，警方循線查出陳男身分，全案由刑事警察局移送北檢偵辦。檢方偵查認定，陳男涉犯刑法第305條恐嚇危害安全罪，依法提起公訴。    ,https://news.ltn.com.tw/news/society/breakingnews/5581928
中華紙漿台東廠廢紙前日大火 今晨終完成殘火處理,社會,2026/09/22 10:43,台紙廠廢紙堆置區燒得滿目瘡痍。（消防局提供）中華紙漿股份有限公司台東廠20日廢紙區發生大火，經台東縣消防局動員大量救災能量，與廠方及空勤總隊聯手連日持續搶救，現場火勢已於今上午06時40分順利完成殘火處理。20日上午11時45分許傳出火警。現場為廠區戶外廢紙堆置區起火，共有兩大堆廢紙燃燒。由於廢紙堆置量龐大、火載量極高，加上初期現場水源不足，火勢一度迅速蔓延。請繼續往下閱讀...經初步估算，燃燒面積約為2萬2500平方公尺。所幸在消防人員全力防護與迅速處置下，現場無任何人員受困或受傷，共計投入各式消防車輛31輛、消防人員89人次、義勇消防人員119人次及內勤幕僚支援人員12人次，並出動2台無人機進行空中熱顯像監控與災情偵照。此外，消防局也表示，廠方亦積極配合，指派契約廠商支援怪手6台、夾子車6台及廠區員工96人次，採重機具開挖配合水線精準射水戰術進行深層滅火。此外，20日特別申請內政部空中勤務總隊直升機協助空中滅火，共計支援2架次、投水19次，成功從活水湖取水、投放38公噸水量，有效抑止火勢擴大。目前現場已全面清理完畢，安全無虞。有關確切起火原因，刻由東縣消防局火災調查人員深入現場勘驗調查中。    ,https://news.ltn.com.tw/news/society/breakingnews/5581939
投資海外餐廳分紅驚人？ 北投警攔阻詐騙替民眾守住千萬,社會,2026/09/22 10:40,警方與行員聯手阻詐。（記者王冠仁翻攝）台北市一對夫妻日前透過朋友介紹，朋友聲稱目前有一項海外餐廳投資計畫，不僅獲利豐厚、報酬率高，未來每月的分紅金額驚人；這對夫妻信以為真，打算「all in」投資，還向銀行辦理房貸，打算匯出1048萬元到對方所說的帳戶。幸虧行員發現異狀通報警方，員警這才及時攔阻他們落入詐騙陷阱。北市警北投分局今天公布這組詐騙集團的話術，同時也呼籲民眾，近年假投資詐騙案件層出不窮，詐騙集團經常利用高獲利、低風險等話術，假借親友介紹、海外投資、未上市股票、虛擬貨幣或餐廳經營等名義，誘騙民眾投入大筆資金。凡遇投資標的資訊不透明、要求匯款至私人帳戶，或以「保證獲利、穩賺不賠」作為宣傳時，務必提高警覺，切勿輕信。請繼續往下閱讀...北投分局永明所日前接獲轄內合作金庫銀行石牌分行通報，行員聲稱有民眾欲辦理高額轉帳匯款，過程中對投資內容說明不清，疑似遭遇詐騙。永明派出所副所長黃庭萱、警員游雅婷獲報前往，這才發現原來是一對夫妻，日前聽朋友介紹，聲稱近期有一項海外餐廳投資計畫，宣稱投資獲利豐厚、報酬率極高，並表示只要投入大筆資金即可參與股權投資，未來可穩定分紅。這對夫妻深信不疑，不僅打算將存款全部投入，甚至還將自身房產拿去貸款，打算集資1048萬元並匯入對方所說的指定帳戶。員警研判這是詐騙集團假投資陷阱，於是追問這對夫妻投資內容，赫然發現他們不僅無法說明海外餐廳的確切地址、營運規模、經營模式及實際投資方式，也無法提出契約中所載的公證文件或其他足以證明投資真實性的資料。他們手中只有一份彩色影本投資合約書，卻誤認為正本，且所有投資資訊皆來自對方口頭承諾，對於獲利來源及資金流向更是一知半解。警方耐心分析本案疑點，逐一說明假投資詐騙的常見手法，並列舉多起實際詐騙案例，經警方及銀行人員持續勸說，這對夫妻終於打消匯款念頭，成功保住1048萬。☆自由時報電子報提醒您，防詐騙專線︰165，報案專線︰110☆    ,https://news.ltn.com.tw/news/society/breakingnews/5581935
桃園楊梅機車與小貨車事故 機車瞬間成火球、19歲騎士不治,社會,2026/09/22 10:38,機車左轉時與直行的小貨車發生交通事故。（記者鄭淑婷翻攝）桃園市楊梅區高鐵南路六段與梅高路三段，今（22）日上午7點多發生機車及小貨車擦撞事故，機車撞擊後瞬間起火燃燒，整輛機車燒得只剩骨架，19歲麥姓騎士傷重，脫困時已OHCA（到院前心肺功能停止），送醫急救仍宣告不治，事故原因及肇責有待警方調查；據悉，騎士正要去上駕訓班課程，沒想到途中發生意外。麥姓騎士騎乘機車欲左轉，不慎與直行、由46歲黃姓男子駕駛的小貨車發生交通事故，機車瞬間起火燃燒、陷入熊熊火海，貨車左前方則有部分輕微燒毀，騎士當時已陷入昏迷，由貨車駕駛協助脫困。請繼續往下閱讀...桃園市消防局獲報出動20位消防人員及消防車、救護車前往現場灌救，火勢在4分鐘內撲滅，不過，麥姓騎士已OHCA，送往楊梅天成醫院急救，急救仍宣告不治，警方檢測貨車駕駛黃男酒測值為零，事故原因仍待調查釐清。警方呼籲，駕駛人行經路口時應減速慢行，並隨時注意周遭人車動態，轉彎時應依標誌、標線及號誌行駛，同時規定禮讓直行車，避免事故發生。機車與小貨車發生交通事故，機車撞擊後起火燃燒，整輛機車燒得只剩骨架，貨車車頭部分輕微燒毀。（記者鄭淑婷翻攝）（記機車與小貨車發生交通事故，機車撞擊後起火燃燒，整輛機車燒得只剩骨架，貨車車頭部分輕微燒毀。（記者鄭淑婷翻攝）機車與小貨車發生交通事故，機車撞擊後起火燃燒，整輛機車燒得只剩骨架，貨車車頭部分輕微燒毀。（記者鄭淑婷翻攝）機車與小貨車發生交通事故，機車撞擊後起火燃燒，整輛機車燒得只剩骨架，貨車車頭部分輕微燒毀。（記者鄭淑婷翻攝）機車與小貨車發生交通事故，機車撞擊後起火燃燒，整輛機車燒得只剩骨架，貨車車頭部分輕微燒毀。（記者鄭淑婷翻攝）機車與小貨車發生交通事故，機車撞擊後起火燃燒，整輛機車燒得只剩骨架，貨車車頭部分輕微燒毀。（記者鄭淑婷翻攝）    ,https://news.ltn.com.tw/news/society/breakingnews/5581934
買疫苗詐騙慈濟10.6億！ 李世宗、太太、媳婦出庭全不認罪,社會,2026/09/22 10:35,陳昱瑄涉嫌買疫苗詐騙慈濟10.6億，陳女稱「爸爸」的李世宗（中），昨天出庭時不認罪，強調不清楚買疫苗、收回扣的事情。（記者陳建志攝）曾任彰化律師公會理事長的律師陳昱瑄與疫苗掮客李易儒，2021年新冠肺炎疫情期間，趁慈濟基金會急欲採購500萬劑BNT疫苗，誆稱握有採購管道，詐取高達3000萬美元（約新台幣10.6億元）佣金，並涉嫌洗錢、將贓款化整為零購買黃金藏匿於台中豪宅，檢方上月將陳昱瑄、李世宗等17人依詐欺、業務侵占等罪嫌起訴，台中地院昨天首開準備程序庭，李世宗、妻子羅玟芳和李何姓媳婦都不認罪，強調不清楚買疫苗、收回扣的事情。中檢起訴指稱，陳昱瑄和同夥李易儒趁疫情期間，慈濟基金會急需採購500萬劑BNT疫苗，謊稱有管道可購買疫苗，慈濟誤信委託陳女所有的鈺達公司採購疫苗，並支付委任報酬美金3000萬元，折合新台幣約10.6億。請繼續往下閱讀...陳女為隱匿此筆鉅額款項，夥同稱為「爸爸」的李世宗等人，將金流層層轉匯後，提領其中5億2000萬元現金，交由李世宗等人保管、支用，並由9家公司開立內容不實的統一發票，逃漏稅達5374萬，還利用部分款項購買高達232公斤的黃金。李世宗昨天開庭時否認犯罪，強調不清楚購買疫苗的經過，也不知道有收回扣這件事，強調自己退休後28年，都是在從事教育工作，不為名利，只為了教育傳承，不清楚自己怎會被認為涉案；辯護人則稱，此案並沒有明確事證證明李涉案，陳昱瑄也強調沒有拿錢到天空樹豪宅，起訴書內容純屬臆測。李世宗的妻子羅玟芳出庭時，對於檢方起訴業務侵占、鉅額洗錢等罪名也不認罪，辯稱自己不是天空樹庫房的管理者，也不知道兒子李易儒有協助慈濟買疫苗，並收取高額佣金的事情，豪宅裡面的錢，都是陳昱瑄自己拿回來放，自己沒多過問，並稱開會時並沒有很認真在聽會議內容，若有拿相關文件、資料「叫我簽我就簽」，強調相關金錢都是陳俞樺在管理，自己並未過問。李世宗的李何姓媳婦，出庭時也否認涉案，強調對於相關犯罪金額不清楚，自己與本案無關，只是聽婆婆指示協助匯款，並稱被指涉案的黃金，是因自己的住處曾遭小偷，才會將黃金拿到婆婆的住處寄放，強調買黃金的錢，是拿房屋貸款的錢所買，將會提供相關資料證明。為釐清相關人是否涉案，檢辯聲請將傳陳昱瑄、陳俞樺、劉巧君等人作證釐清。陳昱瑄涉嫌買疫苗詐騙慈濟10.6億，檢方並在豪宅搜出大批現金和黃金，陳女稱「爸爸」的李世宗（中），昨天出庭時不認罪，強調不清楚買疫苗、收回扣的事情。（圖由中檢提供）    ,https://news.ltn.com.tw/news/society/breakingnews/5581913
高雄公托中心傳虐童  1歲娃「心靈受創」獲賠9萬元,社會,2026/09/22 10:29,高雄公托中心傳虐童，1歲娃因「心靈受創」獲賠9萬元。（翻攝該公托臉書粉專）高雄某公托中心謝姓托育人員被家長指控對未滿2歲幼童捏臉、丟牙刷，甚至拿消毒液噴灑，法官認定，幼童心理創傷具潛伏性，且已嚴重侵害父母親權，判謝姓托育人員需賠償9萬元。判決指出，領有專業資格的謝姓托育人員，被家長指控於2025年間，在三民兒福公共托嬰中心照顧魏姓幼童時，見幼童手摸耳朵，竟大力將其雙手扳下數次，隨後掐捏臉頰、用力甩丟牙刷，甚至以手擠濕紙巾出水潑撒、口出惡言，次日更持裝有「水神」消毒液的噴瓶朝幼童噴灑。請繼續往下閱讀...家長發現幼童受害後，指孩子出現極度抗拒進食、坐餐椅及汽車安全座椅等創傷後情緒反應，除提告賠償向謝女索賠共50萬元，主管機關調查後也認定違反《兒少法》並裁罰公告。高雄地方法院簡易庭審理時，謝女坦承自己動作雖然比較粗魯，但孩子並沒有受傷，更未達到造成心理受創程度，認為家長主張請求金額過高。法官認為，未滿2歲的幼童心智未成熟且欠缺完整語言表達能力，遭受不當對待後心理與情緒創傷往往具有「潛伏性與情境誘發性」，未必於事發當下顯露外傷；幼童事後對「綁帶束縛」或「肢體行動限制」的餐椅、安全座椅產生極度恐懼與嚎啕大哭，讓父母深感自責痛楚、日常照護難度劇增，已實質侵害父母親權且情節重大，審酌兩造資力與加害程度後，判處謝女應賠償魏姓幼童5萬元，並賠償魏父、魏母各2萬元，可上訴。    ,https://news.ltn.com.tw/news/society/breakingnews/5581936
台中破獲訂製嬰兒集團 石崇良嚴厲譴責販賣生命行為,社會,2026/09/22 10:28,石崇良（右）表示，若有醫事人員涉入「訂製嬰兒」集團一案，將依據其違法情事移付懲戒。（記者林志怡攝）近期台中破獲誇張的跨境「訂製嬰兒」集團，22名台灣男性付費挑選泰國卵母及代理孕母、生下25名新生兒。石崇良強調，衛福部嚴厲譴責把生命當作商品買賣販售的行為，此案嚴重違反「人工生殖法」，希望司法單位調查後予以嚴懲，且若有醫事人員涉案，衛福部也將啟動懲戒機制，最重可吊銷醫師執照。台中地檢署指揮移民署台中專勤隊查獲網路攬客的跨境「訂製嬰兒」集團，該集團以每名新生兒收費200萬元至450萬元不等金額，由台灣籍生父前往馬來西亞取精，後挑選泰國籍卵母及代理孕母，8個月後代理孕母來台生產，再由生父認領，總計22名台灣男性委託「訂製嬰兒」，生下25名新生兒。請繼續往下閱讀...「人工生殖法」第31條規範，意圖營利，從事生殖細胞、胚胎之買賣或居間介紹者，處2年以下有期徒刑、拘役或科或併科新臺幣20萬元以上、100萬元以下罰金。石崇良表示，台中一案已嚴重違反「人工生殖法」第31條規範，衛福部嚴厲譴責此類將生命當成商品，進行買賣、販售的行為，希望司法單位調查後予以嚴懲，且若事件中有醫事人員涉案，也會依據相關醫事人員法律規範，依據其違法情事、違反醫學倫理內容等移付懲戒，最重可撤銷其醫師執照。    ,https://news.ltn.com.tw/news/society/breakingnews/5581919
台船1工人高空作業夾頸慘死 遭勒令停工最高罰300萬,社會,2026/09/22 10:26,台船39歲工人昨早於高空工作車上進行撕膜作業時，工作車抬升時，頸部被夾於船舶尾軸節流罩罩身亡。（高雄市勞工局提供）台灣國際造船高雄廠昨（21）日上午10點多，1名陳姓工人（39歲）於高空工作車作業時，頸部遭夾擠死亡，高雄市勞工局勞檢處當日獲報即派員入場檢查，因廠區未妥善協調現場作業程序，現場勒令停工，雇主違反職業安全衛生法最高可處300萬元罰鍰，雇主及相關人員移送法辦。這起工安死亡事件，高雄市勞工局初步調查，研判雇主使勞工於高空工作車從事撕膜作業時，因未妥善協調現場作業程序，致工作車抬升時，陳姓工人頸部被夾於船舶尾軸節流罩導致身亡。請繼續往下閱讀...勞檢處當即勒令現場停工，雇主違反職業安全衛生法第6條第1項第1款規定，最高可處300萬元罰鍰，並移送地檢署追究雇主及相關人員刑事責任。同時指派專人協助罹災勞工家屬辦理相關慰助事宜並確保職災補償權益。勞工局呼籲，各事業單位使用高空工作車之作業，應於事前依作業場所之狀況、高空工作車之種類、容量等訂定包括作業方法之作業計畫，使作業勞工周知，並指定專人指揮監督勞工依計畫從事作業。    ,https://news.ltn.com.tw/news/society/breakingnews/5581933
承租人口稠密區透天厝種大麻 桃園檢警查獲市值逾2000萬大麻毒品,社會,2026/09/22 10:23,楊男承租桃園區永安路透天厝栽種大麻，檢警查扣市值逾2000萬元大麻毒品。（記者鄭淑婷翻攝）36歲楊姓男子涉嫌在桃園市桃園區永安路承租透天厝栽種大麻，檢警今年7月搜索查扣市值逾2000萬元大麻毒品，並向法院聲押楊男獲准，桃園地檢署近日依毒品罪嫌起訴楊男，查扣毒品已提前銷毀。楊男在2023年間向不詳人士取得大麻種子後，上網自行研究、學習大麻栽種技術，並於桃園區永安路租用的透天厝栽種大麻，待生長完成後將大麻植株從根部剪下風乾至可施用程度，桃園市警察局少年警察隊7月執行青春專案期間接獲情資，人口稠密區透天厝竟有栽種大麻，檢察長張春暉隨即指派重大組檢察官林奕瑋偵辦，指揮少年隊、桃園市警察局刑事警察大隊、桃園警分局、龜山警分局及新北市警察局林口警分局共組專案小組深入追查。請繼續往下閱讀...經蒐證完備後，於7月14日持桃園地院核發的搜索票，前往楊男透天厝執行搜索，當場查扣大麻植株82株、大麻葉15包（1736.70 公克）及栽種大麻、製成大麻葉相關設備，估計大麻毒品市值逾2000萬元，楊男經檢察官訊問後，認犯罪嫌疑重大，向法院聲請羈押禁見獲准；警方表示，楊男於去年開始栽種，尚未開始販售就被查獲。檢方近日偵結全案，依毒品危害防制條例起訴楊男，另考量大麻植株具易腐敗、保管不易及體積龐大等特性，為降低扣押物保管風險、落實贓證物源頭減量管理，在徵詢楊男意見後，已就扣案大麻植株及大麻葉，依毒品危害防制條例第18條第2項及檢察機關辦理查獲毒品判決確定前銷毀作業辦法，於起訴前命令取樣後銷燬，減少毒品保管風險。桃檢重申維護國人身心健康及守護無毒生活環境立場，並將持續貫徹行政院「新世代反毒策略」，秉持「溯源斷根、毒品零容忍」決心，全面嚴查各類毒品犯罪。☆少一份毒品就多一份健康，自由時報提醒您遠離毒品☆楊男承租桃園區永安路透天厝栽種大麻，檢警查扣市值逾2000萬元大麻毒品。（記者鄭淑婷翻攝）楊男承租桃園區永安路透天厝栽種大麻，今年7月警方持搜索票執行搜索。（記者鄭淑婷翻攝）楊男承租桃園區永安路透天厝栽種大麻，今年7月警方持搜索票執行搜索，現場查扣大麻植株等證物。（記者鄭淑婷翻攝）    ,https://news.ltn.com.tw/news/society/breakingnews/5581908
台電南部發電廠驚傳重大工安意外  1人重傷10人吸入嗆傷,社會,2026/09/22 10:22,台電南部發電廠驚傳重大工安意外，1人重傷10人吸入嗆傷。圖為案發的鹽酸槽。（台電提供）今（22）日上午約9點半，位於高雄市前鎮區的台電南部發電廠驚傳工安意外，在四號機鹽酸桶槽維護過程，導致1人傷勢嚴重，10人吸入性嗆傷送醫治療，但台電強調，機組正常運轉。高雄警方指出，前鎮分局前鎮街派出所獲報到場調查，55歲曾姓工人在進行鹽酸槽作業時，不慎掉落深約2公尺槽內，因槽內尚有鹽酸，造成身體灼傷；另台電及包商人員在協助救援過程，多人因吸入氣體感到身體不適，均預防性送醫救治。請繼續往下閱讀...南部火力發電廠是政府早期經濟建設開發電源計劃之一，於1955年成立，是當時南部地區的發電重鎮，目前是台灣現存唯一在都會區內的發電廠。台電南部發電廠驚傳重大工安意外，1人重傷10人吸入嗆傷。圖為案發的鹽酸槽。（讀者提供）    ,https://news.ltn.com.tw/news/society/breakingnews/5581929
爭產撕破臉！退休師榔頭猛擊熟睡妻 再拿她心愛Kitty包勒頸奪命,社會,2026/09/22 10:20,男子周輝榮涉嫌趁妻子熟睡時持榔頭猛擊，再以妻子心愛的粉紅色「Hello Kitty」斜背包背帶勒頸致死，北檢偵結依殺人等罪起訴。（資料照）台北市74歲退休教師周輝榮與黃姓妻子因房產移轉問題關係惡化，妻子擔心遭他傷害，聲請保護令獲准。不料周仍趁妻熟睡持榔頭猛擊，再拿起她生前最心愛的粉紅色「HELLO KITTY」斜背包，以背帶勒頸奪命。台北地檢署偵結，依殺人、違反保護令罪起訴。起訴指出，周男與黃女為夫妻，同住台北市大安區。黃女因認為住處遭丈夫擅自辦理移轉登記至自己名下，雙方關係惡化，去年11月間曾向警方諮詢，並表示不希望社工聯繫丈夫，以免激怒對方；隔日又因丈夫仍聯絡旅居美國的兒子，聲稱要殺害她，經家人勸說後連夜離家暫住旅館，並透過警方聲請保護令。請繼續往下閱讀...台北地方法院今年1月14日核發通常保護令，禁止周男對妻子實施身體或精神上不法侵害及騷擾等行為，有效期間2年。警方同月15日前往住處送達保護令，並於1月23日再次訪查、告誡周男不得違反。檢方調查，今年5月8日深夜，周男趁黃女在住處熟睡時，持榔頭毆打其頭部及身體，造成臉部、胸部多處受傷及多根肋骨骨折。隨後，周男拿起黃女平時使用的粉紅色「Hello Kitty」斜背包，以背帶勒住妻子頸部，造成頸部皮下軟組織出血、嘴唇瘀傷裂傷，最終因頸部壓迫、呼吸道阻塞而窒息死亡。周男見妻子倒地失去反應後，則服用黃女平時留用的抗憂鬱藥、恐慌藥及鎮定安眠藥，隨後躺在床上沉睡。女兒因聯繫母親未果，隔日上午多次嘗試聯絡，直到晚間前往住處查看，才發現母親俯臥在主臥室地面，臉部及舌頭發黑，頸部仍遭Hello Kitty背帶勒住；周男則倒臥床上，消防人員到場後將他送醫。承辦檢察官葉詠嫻偵查認定，周男涉犯刑法殺人罪、家庭暴力防治法違反保護令罪，兩罪為想像競合，依法從一重的殺人罪論處，偵結後向台北地方法院提起公訴。☆民眾如遇同居關係暴力情形，可撥打113保護專線，或向各地方政府家庭暴力防治中心求助。☆    ,https://news.ltn.com.tw/news/society/breakingnews/5581906
星國婦遊台中遭客運撞傷不治 市府會勘現場、議員要求改善,社會,2026/09/22 10:20,西區民生路口發生星國婦人被客運撞及不治意外。（市府提供）台中市日前發生新加坡67歲婦人到台中旅遊，行經在西區民生馬路時，遭國光客運右轉撞上，婦人重傷不治，台中市政府與地方人士前往現場會勘，在地議員黃守達要求，除行穿線退縮與人行道外推，週邊號誌、燈桿、樹木、電箱、車格等障礙物應一併遷移，以防造成行人動線不便或駕駛視線盲區，增加風險。黃守達指出，道路安全不能只在事故之後檢討，從路口工程到車輛安全設備，該做的改善與再設計，就應該盡速落實；目前不少路口均已見行穿線退縮或人行道外推改善，但週邊常見有號誌、燈桿、樹木、電箱、車格等障礙物，未一併調整，往往造成行人行走被迫繞道，增加接近車道或是行車視線障礙等，促相關單位配合，加速盤點調整，不能互相推諉延誤改善工程。請繼續往下閱讀...此外，黃守達指出，市區公車或國道客運都是體積大、視野死角較多的大型車輛，在市區道路行駛需更加注意視線死角問題，目前台中市區公車已全面配 ADAS先進駕駛輔助系統，國道客運雖已有相關安全設備規範及推動措施，但仍應進一步提升普及率，要求交通局向交通部反映，持續推動國道客運營運車輛全面配備具盲區、行人及碰撞警示功能的ADAS，透過科技輔助，把事故風險降到最低。市府與地方人士及民代等前往西區民生路肇事路口會勘。（市府提供）    ,https://news.ltn.com.tw/news/society/breakingnews/5581922
彰化老毒蟲「毒駕兼運毒」 自宅與廢棄廠房淪毒窟,社會,2026/09/22 10:17,海巡查獲毒品，逮捕老毒蟲（右二）。（海巡署提供）67歲黃姓男子有毒品前科，卻在彰化縣以販毒為業，獨自開車運毒且毒駕，連住宅及廢棄廠房都淪為毒窟，海巡署偵防分署高雄查緝隊跨區逮捕，查獲海洛因及安非他命毒品，彰化地檢署已於8月起訴黃男。海巡高雄查緝隊表示，去年底接獲情資，指黃男在彰化縣開車運毒，甚至毒駕，並將住宅及自家廢棄廠房當作交易場所，專案小組跟監3個月多後，於今年3月16日持搜索票，前往彰化縣埔心鄉查緝。請繼續往下閱讀...高雄查緝隊強調，黃男採即時性進貨後轉售，避免囤積毒品，但專案小組仍查獲海洛因63.82公克、安非他命381.36公克，市值逾百萬元。    ,https://news.ltn.com.tw/news/society/breakingnews/5581924
連蔥都沒拿到！婦被騙10萬外籍看護神救援阻詐,社會,2026/09/22 10:15,警方查扣10萬元贓款。（民眾提供）高雄市鳳山區六旬陳姓婦人被騙走10萬元，所幸照顧她的外籍看護警覺詐騙，透過友人輾轉向里長求援，警方及時攔截逮獲吳姓車手，保住陳婦10萬元積蓄，更以買菜為比喻，連蔥都沒拿到，勸陳婦勿再受騙。高雄市鳳山區陳姓婦人（60歲）上網，誤入詐騙集團假投資、真詐財陷阱，19日於鳳山區住處面交10萬元，以為能投資美金賺取暴利，負責照顧陳婦的外籍看護發現陌生男子登門，還從吳婦手中拿走10萬元，全程目睹驚覺吳婦被騙，儘管她不會說中文，急忙聯繫會說中文的友人協助，輾轉通知社區管理員及里長報警。請繼續往下閱讀...由於陳婦家人趕不回來，文英里長鄭鴻章獲悉立刻到場，文山所警員據報到場發現一名男子形跡可疑，將他攔下盤查，確認為許姓車手（59歲），警方從許男背包中起出贓款現金10萬元，將許男帶所偵辦。警方表示，陳婦被騙交付許男10萬元，所幸外籍看護機警，察覺陌生男子突然上門取走大筆現金相當可疑，即使面臨語言不通困難，仍然沒有放棄求助，透過友人「跨語言傳話」，再由社區管理員及里長接力通報警方，協助警方及時到場攔截，逮獲許男繩之以法，更阻詐保住陳婦積蓄。警方也不忘勸說陳婦，以菜市場買菜為比喻，買菜會拿到蔥、高麗菜，這樣把錢交給對方，連蔥都沒拿到，也沒收到實體美金，什麼都沒有。    ,https://news.ltn.com.tw/news/society/breakingnews/5581916
北市大直橋死亡車禍 砂石車變換車道輾斃女騎士,社會,2026/09/22 10:09,北市大直橋上午發生死亡車禍。（記者姚岳宏翻攝）台北市大直橋上午8時22分發生一起死亡車禍，46歲何姓男子駕駛砂石車沿大直橋往南朝濱江方向行駛，從第3車道向右切換至第4車道時，不慎與當時同向行駛在第4車道的41歲張姓女機車騎士發生碰撞，張女倒地後當場遭大車車輪輾壓，頭部重創，警消趕抵現場時已明顯死亡。轄區警方獲報，立刻封鎖現場進行採證與交通疏導，警方初步調查，肇事的何姓駕駛與死者張女的駕照資格皆正常，針對何男進行檢測後，已排除酒駕與毒駕情形，目前全案依A1類重大交通事故程序進行處理，確切的肇事原因與責任歸屬仍待進一步調查釐清。請繼續往下閱讀...中山分局呼籲駕駛人變換車道時，應依規定使用方向燈，尤其大型車輛死角多，要注意周遭車輛及確認安全距離後再行變換車道，以維護行車安全。    ,https://news.ltn.com.tw/news/society/breakingnews/5581894
獨家》新北少年割頸案書狀飄火藥味！ 挨批「法律人之恥」 楊家律師暖心回應,社會,2026/09/22 10:07,新北國中生遭割頸命案，被害人父（左一）、母（右二）曾在庭後受訪激動落淚稱「無法接受判決」。（資料照）新北市國中生割頸命案民事求償案原定7月29日宣判，後改於10月中旬再開辯論。因楊姓少年家屬請求撫養費，雙方針對是否調查家屬財產狀況爆發激烈攻防，郭姓少年委任律師更在庭後書狀批評對造律師李惠暄「討好當事人，是法律人之恥」。對此，李惠暄表示，「我懂法律，但也理解為人父母、被害者的感受」，強調當事人才是最重要的人。據了解，高院審理期間，楊姓少年的父母均已向法院陳報收入及經濟狀況，但因家屬請求撫養費賠償，郭男的律師認為，為確認請求是否有據，仍有必要進一步調查對造的財產與收入情形，因此向法院聲請調查相關資料。請繼續往下閱讀...不過，此舉引發楊家反彈，楊父、楊母在庭上與對造律師多次針鋒相對，雙方因對於調查必要性看法不同，當庭出現不少情緒性發言，法庭氣氛一度緊繃。未料，開庭結束後，郭男律師再度透過書狀向對造律師李惠暄表達不滿，除聲明調查對方經濟能力屬法律保障的「防禦權」外，也於書狀中寫下，若當事人不懂法律，身為法律人應該教導，而非持續地做不實的情緒性發言，並直指「討好當事人，是法律人之恥」。據悉，雙方審理期間已多次因訴訟攻防發生激烈的言語交鋒。楊家因痛失至親，對於對造提出的法律主張格外敏感；郭男律師則積極為當事人爭取訴訟利益，雙方立場南轅北轍，致使法庭衝突不斷。合議庭審理期間甚至曾當庭提醒郭男律師「這是當事人的案子，不是你的案子」，希望雙方理性進行訴訟攻防。對此，楊家委任律師李惠暄表示，要成為什麼樣貌的律師，每個人心中都有自己的一把尺，她說「我懂法律、但我同時也理解為人父母、被害者的心情和感受」。李惠暄指出，舉證責任是一回事，當事人覺得制度公不公平是另外一回事，我不想因為我懂法律就拿條文去指教別人，但我會盡力溝通，並且尊重每個人的決定。她強調，對她來說，當事人才是最重要的，因此訴訟過程中若有針對她的指控或批評，她不會放在心上。本案源於2023年聖誕節發生的新北市國中生割頸命案，郭姓少年持刀刺死楊姓同校學生，林姓少女則被認定涉教唆犯案，兩人分別遭判處12年、11年徒刑定讞。民事求償部分，楊姓少年父母及姊姊請求撫養費、精神慰撫金等損害賠償，其中楊父求償723萬餘元、楊母求償662萬餘元、楊姊求償792萬餘元，合計求償2177萬餘元。新北地院一審認定郭、林具有共同侵權行為，應負連帶賠償責任；兩人均為未成年人，其法定代理人未能證明已盡監督義務，也須負連帶賠償責任，因此判決郭、林及其法定代理人應賠償楊父484萬8886元、楊母453萬7988元，共計938萬餘元。☆自由電子報關心您：若懷疑孩童遭受身體虐待、精神虐待或是性侵害、性騷擾，請撥打113專線，透過專業社工員接線服務，將可盡快救援在生命危機中的兒童。☆    ,https://news.ltn.com.tw/news/society/breakingnews/5581884
瑞芳里長選戰爆賄選！ 送759元電風扇、醬油 參選人等4人交保,社會,2026/09/22 09:53,基隆地檢署偵辦瑞芳區新峰里黃姓里長參選人賄選案，認定黃男、黃母、黃的配偶與黃的友人等4人，均涉犯公職人員選舉罷免法，諭知黃男15萬元，黃母、友人各10萬元，黃妻5萬元交保。（記者林嘉東攝）基隆地檢署偵辦新北市瑞芳區新峰里黃姓里長參選人賄選案，昨大舉約談近80人到案後，查出黃涉以發放台幣759元電風扇、白米、雜糧麵、醬油、沙拉油等民生用品行賄里民。檢察官複訊後今天（22日）以黃男、黃母、黃的配偶與黃的友人等4人，涉犯公職人員選舉罷免法「投票行賄罪」嫌重大，諭知黃15萬元，黃母、友人各10萬元，黃妻5萬元交保。檢警調查，30多歲的黃男經營禮儀社，在新北市瑞芳區具有相當知名度，此次是他首次參選新峰里第五屆里長，黃的阿嬤則是瑞芳區調解會主席，在瑞芳區有一定的人脈與影響力。檢警接獲情資，黃涉嫌在今年6月間，透過社區發展協會舉辦「防範熱傷害宣導活動」，發放1台全新、市價台幣759元的電風扇給里民，並提供白米、雜糧麵、醬油、沙拉油等生活物資給里民，涉以此為對價向有投票權的里民買票，影響選舉公平。請繼續往下閱讀...檢察官洪郁萱於昨日指揮法務部調查局新北市調查處、新北市政府警察局瑞芳分局等單位組成專案小組，發動兵分2路搜索該里長參選人的辦公處所及住處，當場查扣相關證物，並一口氣傳喚黃男、黃母、黃妻、證人共79人到案說明。檢方複訊後，認定黃男、黃母、黃妻等4人，涉嫌違反公職人員選舉罷免法「投票行賄罪」犯罪嫌疑重大，考量無羈押之必要，諭知黃15萬元，黃母、黃的友人各10萬元交保，黃妻5萬元，其餘涉案里民及證人訊後均獲請回。檢察長陳佳秀表示，賄選行為嚴重破壞選舉公平性與民主制度，無論是直接發放現金，或是以送禮、發放高單價商品等具經濟價值之財物做為對價，只要企圖影響投票意向，均屬違法犯罪。參選人切勿心存僥倖、以身試法，檢方勢必依法積極嚴查。此外，她呼籲全民共同打擊賄選，守護乾淨選風。    ,https://news.ltn.com.tw/news/society/breakingnews/5581873
5個月驚傳2起工安死亡案  台船公司發重訊說明,社會,2026/09/22 09:39,台船5個月驚傳2起工安死亡案。（資料照）台船高雄廠今年4月15日上午才剛發生工安死亡案件，昨（21）日上午又驚傳陳姓員工死亡，台船昨天下午發出重訊證實這起工安事故，強調已依規定通報主管機關，損失尚在評估。據了解，昨天上午10點多，台船針對散裝貨輪施工過程，39歲陳姓員工頸部突遭夾擠受傷並昏迷，送醫急救宣告不治無效，警方報請檢方相驗，釐清確切案發經過及責任歸屬。回顧今年4月15日上午11點多，一名包商的工人疑似被室內吊車夾傷，倒臥地面，被發現時已無呼吸心跳，送醫急救不治。請繼續往下閱讀...台船昨天下午發出重訊公告表示，9月21日公司陳姓員工在作業時，發生工安事故，經送醫後搶救不治。公司已依相關作業規定通報主管機關，相關損失尚在評估，後續洽保險公司商談理賠事宜，初步評估對公司財務及業務無重大影響。    ,https://news.ltn.com.tw/news/society/breakingnews/5581861
美籍男來台旅遊搭小黃忘拿行李箱 大安警調監視器迅速尋回,社會,2026/09/22 09:14,計程車駕駛將行李箱完好送達派出所歸還，順利化解這場驚魂。（記者鄭景議翻攝）一名來台灣旅遊的美籍男子前日搭乘計程車於台北市大安區下車時，不慎將隨身行李箱遺留在計程車後車廂內，待回過神時計程車早已駛離現場，美籍男子焦急萬分連忙跑至轄區大安分局和平東路派出所求助。員警獲報後隨即調閱周邊監視器畫面，快速鎖定目標計程車並聯繫上駕駛，運將隨後將行李箱完好送達派出所歸還，順利化解這場驚魂。警方表示，和平東路派出所警員曹智閔接獲該名美籍男子焦急前來派出所尋求協助，曹員先溫言安撫美籍男子的焦慮情緒，並透過耐心溝通釐清下車地點與時間等關鍵細節。曹員隨後依據男子提供的資訊，調閱周邊路口監視器畫面過濾，憑藉敏銳觀察力快速鎖定目標計程車車號，並順利聯繫上該名計程車司機。請繼續往下閱讀...司機接到警察通知後，立刻檢查後車廂，確認行李箱確實遺留在車上，隨後熱心將行李箱親自送回和平東路派出所交付給失主。美籍遊客看到離身的行李箱毫髮無傷地失而復得，懸著的一顆心才終於放下，對員警的高效處理、熱心態度以及台灣警察與司機的人情味連連表達感謝。大安分局提醒，民眾搭乘計程車時可記下車牌號碼或索取乘車收據，下車前務必再次檢查隨身攜帶物品；若不慎遺失物品，可儘速撥打110或至就近派出所尋求協助，警方將秉持同理心與專業態度提供服務。    ,https://news.ltn.com.tw/news/society/breakingnews/5581832
台南水電工藏身車庫改槍  警破解中古車修車黑話逮人,社會,2026/09/22 09:12,台南市刑大偵七隊破獲許姓水電工以自家車庫作為改造槍彈工廠案，查扣改造槍、彈等證物。（記者劉婉君翻攝）台南一名39歲許姓水電工，利用平時工作的工具及相關技術，將自家車庫當做槍枝改造場所，透過通訊軟體接單，並以「自學自營修車廠」、「0事故車」、「修不好不收錢」等中古車修車術語作為暗號，在網路招攬生意，道上同好遇有疑難雜症，均慕名前往。台南刑事警察大隊偵七隊破解「修車黑話」，歷經數月蒐證，將許嫌及31歲黃姓共犯先後查緝到案。警方調查發現，許嫌改槍技術相當純熟，自詡為「槍械職人」，甚至能將不具殺傷力的模擬槍改造成具強大殺傷力的管制槍枝，為了躲避警方追緝，透過加密通訊軟體隱密接單，還用「修不好不收錢」當作售後服務噱頭。請繼續往下閱讀...台南市刑大偵七隊經過數月埋伏與蒐證，3月持搜索票至許嫌住處搜索，現場查扣改造手槍、模擬槍、改造槍管各1支，及改造子彈25顆、黑火藥1罐、槍枝零組件、改造工具、第二級毒品安非他命、毒品咖啡包 、電子磅秤等證物，持續向上溯源，本（9）月再查獲31歲黃姓共犯，全案依違反槍砲彈藥刀械管制條例、毒品危害防制條例移送台南地檢署偵辦，將持續追查槍枝去向與其他涉案共犯。台南市刑大大隊長李宏倫表示，九合一選舉在即，「查賄制暴」是現階段最重要的工作任務之一，絕對不容許有心人士擁槍自重，企圖以金錢、暴力或其他不法手段介入選舉，呼籲民眾檢舉賄選、選舉賭盤及境外勢力介選等不法情事，依法最高可獲檢舉獎金2000萬元。許姓水電工以自家車庫做為槍枝改造工廠。（記者劉婉君翻攝）警方3月逮捕許姓主嫌後，向上溯源，9月再逮捕黃姓共犯。（記者劉婉君翻攝）    ,https://news.ltn.com.tw/news/society/breakingnews/5581827
台中自行車專用道導入車牌辨識科技執法 3個月取締173件違規,社會,2026/09/22 08:58,台中市觀旅局在自行車專用道導入車牌辨識科技執法，3個月來取締173件違規。（圖由觀旅局提供）台中市「東豐自行車綠廊」、「后豐鐵馬道」及「潭雅神綠園道」，每逢假日吸引大批民眾騎乘、散步及運動，台中市觀光旅遊局為防止汽、機車及微型電動二輪車違規駛入、與自行車及行人爭道，除持續改善人車分流設施，今年7月起並導入車牌辨識科技執法，透過24小時全天候辨識強化違規管理，至今共取締東豐67件、后豐26件、潭雅神80件，為民眾打造更安全、舒適的自行車遊憩環境。觀旅局長陳美秀表示，3大自行車道沿線導入科技執法系統，可全天候辨識違規駛入的汽車、機車及微型電動二輪車，系統發現違規情形後，將自動辨識並記錄車牌等相關資訊，提供警方後續依法查處，希望透過科技輔助執法，提升違規取締效率及降低車輛違規駛入情形，減少與自行車騎士、行人交織衝突的風險，讓民眾能更安心享受騎乘及休憩時光。請繼續往下閱讀...觀旅局指出，「東豐自行車綠廊」、「后豐鐵馬道」及「潭雅神綠園道」均屬特定用途道路，汽車、機車及微型電動二輪車不得任意駛入，違規將依「道路交通管理處罰條例」第45條規定，處以600元以上、1800元以下罰鍰，呼籲用路人遵守相關規定及尊重自行車騎士及行人路權，共同維護安全的遊憩空間。    ,https://news.ltn.com.tw/news/society/breakingnews/5581801
趁結帳時摸走收銀內硬幣及紙鈔 超商店員侵吞千元換來6個月徒刑,社會,2026/09/22 08:54,李姓超商店員趁結帳時摸走收銀內硬幣及紙鈔，遭判刑6個月。（示意照）李姓超商店員趁著每次替顧客結帳時，偷走收銀機內部分硬幣及紙鈔，超商店長事後作帳時發現短少1000元營收，經調閱店內監視器影像才發現李男是內鬼，經報警送辦後，屏東地院依業務侵占罪判處李男6個月徒刑，易科罰金的代價為18萬元，得不償失，可上訴。李姓男子受雇擔任長治鄉一家超商店員，卻利用大夜班人少時竊取收銀機內的錢，董姓超商店長作帳時，發現營收有短少的情形，於是查看櫃台後方的監視器影像，發現李姓店員連續多日趁著替顧客結帳找零之際，自收銀機取出數枚硬幣或百元鈔票捏折後藏在左手心，然後伺機放入其制服口袋。請繼續往下閱讀...董姓店長經過清點後，李男當班時，收銀機內總共短少1000元營收，決定報警送辦；屏東地院認為，李男利用職務之便侵占財物，實屬不該，且迄今未能與受害業者達成和解，依業務侵占罪判處李男6個月徒刑，得易科罰金。    ,https://news.ltn.com.tw/news/society/breakingnews/5581798
頭七破命案！泰女遭勒斃藏冰櫃 命理師揭「亡魂返陽」玄機,社會,2026/09/22 08:50,楊登嵙指出亡者遭遇非自然死亡、含冤而死，亡魂往往執念深、怨氣重，可能在「頭七」返回陽間，透過各種方式讓關鍵線索浮現，協助命案偵破。（記者蔡淑媛攝）43歲吳姓男子在台北將泰國籍女友Arth勒斃裝屍行李箱，運往台中任職公司的冰櫃冰藏，警方在19日偵破命案，在冰櫃找到女子遺體，恰逢女子死亡第7天的傳統習俗「頭七」。對此，知名命理師楊登嵙指出，民間信仰認為，亡者遭遇非自然死亡、含冤而死，亡魂往往執念深、怨氣重，可能在「頭七」返回陽間，透過各種方式讓關鍵線索浮現，協助命案偵破。吳嫌是在台中1家科技公司擔任行政後勤工作，在泰國旅遊與被害人女子Arth相識，交往約1年期間2人會互相飛到台灣、泰國維繫戀情，近期2人偶有摩擦，吳嫌12日深夜拉著大行李到Arth入住西門町的旅館，13日凌晨以推車推出行李箱，Arth則未再現身，吳嫌則稱雙方在旅館內因分手發生爭執，徒手勒住女子頸部造成死亡。請繼續往下閱讀...Arth原定於9月14日離境，泰國家屬一直無法與其取得聯繫，委託台灣同鄉友人向報案協尋，警方調閱監視器畫面，發現吳男進出旅館時推著巨大行李箱，行跡極其可疑，隨即鎖定其行蹤，在19日清晨逮補吳嫌，並在台中七期豪辦冰櫃尋獲Arth遺體。命案在Arth死亡第7天、民俗所稱的「頭七」偵破，楊登嵙表示，依傳統習俗，亡者過世後第7天，魂魄會由地方神祇或陰差帶領返回陽間，探望親人或與陽世告別。楊登嵙指出，若亡者遭遇殺害或含冤而死，民間認為其靈魂可能因執念深、怨氣重，在「頭七」返陽期間，透過託夢、化身昆蟲或動物等方式，或讓承辦員警、檢察官、法醫，甚至不相關的第三人，意外發現蛛絲馬跡，進而找到關鍵線索，協助案件偵破。他說，台灣過去部分重大懸案或命案，曾在「頭七」當天出現案情轉折或宣告破案，這類現象在民俗信仰中，被視為「冥冥之中自有天意」，也象徵「天網恢恢，疏而不漏」。    ,https://news.ltn.com.tw/news/society/breakingnews/5581779
捲入「訂製嬰兒」集團風波 呂維國婦產科發聲明,社會,2026/09/22 08:44,呂維國婦產科發聲明，強調「謠言止於智者，事實應以司法調查為準」。（圖擷取自呂維國婦產科臉書）台中地檢署指揮移民署台中專勤隊，查獲以中國籍男子劉天杰、劉茂琪為首的「訂製嬰兒」集團，並發現來台的多位代理孕母集中在台中市豐原區呂維國婦產科生產，針對被捲入這場風波，呂維國婦產科連夜發出聲明表示，該院應檢察官傳喚，以證人身分配合作證，說明後即請回，並非涉案單位，亦未參與相關仲介行為，呼籲民眾請勿再散布不實謠言。台中地檢署指揮移民署台中專勤隊，查獲以中國籍男子劉天杰、劉茂琪為首的「訂製嬰兒」集團，該集團以每名新生兒收取新台幣200萬至450萬元不等費用，由台灣籍生父前往馬來西亞取精，再挑選外籍卵母及代理孕母，懷孕後來台生產，已有22名台灣男性委託代孕，生下25名新生兒，檢方將中國籍程姓員工和台籍徐男、吳女依違反人工生殖法起訴，2名劉姓主嫌則通緝。請繼續往下閱讀...調查過程發現，多位代理孕母集中在呂維國婦產科生產，網路並出現網友質疑呂維國婦產科涉及其中，疑有不法，對此，呂維國婦產科昨晚連夜發出聲明指出，針對近期網路不實傳言，強調該院對所有產婦一視同仁，生產攸關母嬰安全，該院始終依專業醫療判斷與相關規範，提供每一位產婦適切的醫療照護。呂維國婦產科指出，該院是善意的第三方，應檢察官傳喚，以證人身分配合作證，說明後即請回，並非該案涉案單位，亦未參與相關仲介行為。呂維國婦產科呼籲民眾勿再散布不實謠言，案件已偵查終結，懇請各界尊重司法調查結果，勿再散布或轉傳將該院與該案不當連結的訊息，強調「謠言止於智者，事實應以司法調查為準」，該院仍會堅守醫療專業，守護每一位媽媽與孩子的健康與安全。    ,https://news.ltn.com.tw/news/society/breakingnews/5581791
欠稅17萬躲多年 AI神捕逮酒駕義務人車輛,社會,2026/09/22 08:37,法務部行政執行署花蓮分署配合「交通（加強執行車輛相關稅費罰鍰）專案」，針對酒毒駕罰鍰、使用牌照稅、交通違規罰鍰及國道通行費等案件加強執行。（花蓮分署提供）法務部行政執行署花蓮分署配合「交通（加強執行車輛相關稅費罰鍰）專案」，針對酒毒駕罰鍰、使用牌照稅、交通違規罰鍰及國道通行費等案件加強執行，近日更密切與花東轄區稅捐稽徵機關合作，在花東各地運用車載式車牌辨識系統、AI行動神捕等輔助工具追查義務人車輛。花蓮分署在台東市區順利查扣一輛酒駕義務人所有車輛，義務人得知愛車遭查封後，隨即出面辦理分期繳納。花蓮分署今指出，羅姓義務人自2024年起因滯欠酒駕罰單、交通違規罰單、使用牌照稅、燃料費等案件陸續被移送執行，累計欠款金額約達17萬5000元，執行多年均未能徵起。花蓮分署為保全財產，去年4月間曾查封羅男名下位於台東太麻里山區2筆無路可達的土地，惟經多次催繳，羅男仍未提出清償方案。請繼續往下閱讀...花蓮分署表示，今年9月18日，分署書記官與台東縣稅務局運用AI行動神捕及車載式車牌辨識系統，於台東市區執行掃車任務，順利查獲羅姓義務人停放路邊的轎車，依法查封並拖吊移置，羅男得知愛車遭查封後，隨即出面辦理分期繳納，才把車輛取回。花蓮分署表示，為減少交通違規亂象、加速追繳積欠稅費，將持續與移送機關合作強化執法與追查力道，籲請民眾如收到該分署催繳通知書，應儘速主動繳納，如經濟上確有困難無法一次完納，也應主動洽詢分期繳納事宜；如有轉介就業服務、弱勢扶助或酒癮戒治需求者，也歡迎與花蓮分署聯繫。    ,https://news.ltn.com.tw/news/society/breakingnews/5581799
詐騙慈濟10.6億！陳昱瑄首開庭不認罪 律師反問：慈濟容易受騙嗎？,社會,2026/09/22 08:00,曾任彰化律師公會理事長的律師陳昱瑄，買疫苗涉嫌詐騙慈濟遭起訴，台中地院今天首開庭，陳昱瑄不認罪。（擷取自陳昱瑄臉書）首次上稿 00:02更新時間 08:00曾任彰化律師公會理事長的律師陳昱瑄與疫苗掮客李易儒，2021年新冠肺炎疫情期間，趁慈濟基金會急欲採購500萬劑BNT疫苗，誆稱握有採購管道，詐取高達3000萬美元（約新台幣10.6億元）佣金，並涉嫌洗錢、將贓款化整為零購買黃金藏匿於台中豪宅，檢調偵辦後查扣超過價值10億元的現金、黃金，上月將陳女等17人依詐欺、業務侵占等罪嫌起訴，台中地院21日召開準備程序庭，陳昱瑄不認罪，辯護人並反問「慈濟是容易被騙的機構嗎？」請繼續往下閱讀...中檢起訴指稱，陳昱瑄和同夥李易儒趁疫情期間，慈濟基金會急需採購500萬劑BNT疫苗，謊稱有管道可購買疫苗，慈濟誤信委託陳女所有的鈺達公司採購疫苗，並支付委任報酬美金3000萬元，折合新台幣約10.6億。陳女為隱匿此筆鉅額款項，夥同李世宗等人，將資金層層轉匯後，提領其中5億2000萬元現金，交由李世宗等人保管、支用，並由9家公司開立內容不實的統一發票，逃漏稅達5374萬，還利用部分款項購買高達232公斤的黃金。中檢今年4月、5月發動兩波搜索，在陳女和李男居住的豪宅內，共扣得現金約9308萬元、黃金約158.8公斤（市價約6.8億），以及Range Rover、賓士等高價車輛2部，總查扣的犯罪所得價值達10億8150萬餘元。台中地院21日首開準備程序庭，陳昱瑄不認罪，辯護人認為，陳昱瑄受慈濟委託買疫苗，而最後也在她的努力下，順利完成任務買到疫苗，因此拿到佣金，不解為何會被稱為是詐欺行為？辯護人表示，檢方一方面認為陳昱瑄只是搭便車，沒有龐大的履約能力，一方面又認為她有詐欺能力，可說是相互矛盾、不符常情，強調以現在的時空來看，覺得此案佣金過高、不合理，是不法所得，並反問慈濟是容易被騙的機構嗎？法官也整理爭點，強調要釐清陳昱瑄是否用詐術向慈濟取得高額的佣金？以及與李易儒是否有犯罪行為分擔？另外是否將現金交給李世宗、羅姓妻子，送到豪宅庫房保管？慈濟的訴訟代理人則表示，慈濟基金會將全力配合調查，若認定成立詐欺罪並有犯罪所得，請諭知將詐欺所得發還給慈濟。    ,https://news.ltn.com.tw/news/society/breakingnews/5581685
賺5千賠100萬！女子當詐騙車手 換來2年6月徒刑加百萬債務,社會,2026/09/22 06:30,江姓女車手在超商面交詐款時被逮捕。（非當事圖，資料照）貪圖小利當詐騙車手，不僅要坐牢，還要扛下鉅額債務！彰化縣江姓女子加入詐騙集團擔任面交車手，持假工作證及收據，向王姓女子收取100萬元，自己僅抽走5000元報酬，其餘全數交給上手，未料仍遭逮捕。彰化地院依三人以上共同詐欺取財罪，判處江女有期徒刑2年6月，同時也判她須賠償被害人100萬元，並加計年息5％。江女不僅要被關，還要幫詐團還債，得不償失。判決書指出，江女於2025年10月加入詐騙集團，擔任向被害人收款的面交車手，約定每次可獲得1000元至5000元報酬。詐團成員則透過LINE群組，向王女佯稱可以販售商品賺取價差，誘騙她投入資金。同年11月14日下午，江女依指示前往彰化縣某超商，向王女收取100萬元，再將款項轉交上游「收水」成員，自己從中抽走5000元作為報酬。請繼續往下閱讀...後來王女發覺受騙後報警逮捕江女。彰化地檢署依三人以上共同詐欺取財、行使偽造私文書、行使偽造特種文書及一般洗錢等罪起訴江女，並建請法院判處有期徒刑3年6月。法官認為，江女雖坦承犯行，卻未主動繳回5000元犯罪所得，無法適用自白繳回所得的減刑規定。但考量她在詐團中僅擔任面交車手的角色、犯罪動機與手段、以及生活及經濟狀況等因素，認為檢方求刑稍嫌過重，最後判處2年6月，並宣告沒收或追徵5000元犯罪所得。不過王女不甘積蓄遭騙，另提起刑事附帶民事訴訟，要求江女賠償100萬元。江女辯稱薪資微薄，一時拿不出鉅款，願意借錢並以分期方式和解。法官審理認為，江女與詐團成員屬共同侵權行為人，依法應負連帶賠償責任，被害人可向其中任何一人請求全部損失，因此判江女賠償100萬元，另自2026年8月3日起至清償日止，按年利率5％計息，全案可上訴。☆自由時報電子報提醒您，防詐騙專線︰165，報案專線︰110☆    ,https://news.ltn.com.tw/news/society/breakingnews/5581730
國健署：代孕未開放 營利胚胎買賣涉刑責,社會,2026/09/22 05:30,台中地檢署破獲「訂製嬰兒」集團，該集團還提供卵母、代理孕母供挑選。（記者陳建志翻攝）台中地檢署破獲跨境訂製嬰兒集團，台灣生父花費鉅款就能挑選泰國等不同國籍卵母及代理孕母，國內隨著不婚現象、不孕問題及生育型態多元化，部分民眾希望透過代理孕母一圓為人父母的夢想，代理孕母議題再度引發外界對生育權與人工生殖政策的關注。衛福部國健署強調，目前討論中的「人工生殖法」修法草案也已將無社會共識的代理孕母脫鉤處理，僅優先討論適用單身女性、已婚女同志伴侶可能性。國健署婦幼健康組簡任技正張櫻淳強調，我國現行「人工生殖法」明確規範未開放代孕生殖，且若以營利為目的，從事生殖細胞或胚胎買賣、居間介紹的行為，將負刑事責任。請繼續往下閱讀...此外，目前「人工生殖法」修法持續進行中，二年前提出的初版修法草案中，國健署曾規劃開放單身女性、已婚同志伴侶、代理孕母等適用相關規範，但在男男同志及代理孕母相關法規的討論上，始終難以取得外界共識，且國健署在修法草案預告期間蒐集的六百餘則意見中，約有八成反對代孕。針對代理孕母，以及需透過代理孕母才能完成人工生殖的男男同志，支持開放一派認為，開放前述族群適用「人工生殖法」，可保障其生育權，但反對者擔憂，若貿然開放，又缺乏妥適配套，反而會使「人工生殖法」成為剝削女性身體自主權、使女性子宮「商品化」的惡法。張櫻淳表示，因社會對代孕議題仍有不同意見，現階段「人工生殖法」修法先就社會較具共識的部分處理，優先討論單身女性、已婚女同志伴侶適用「人工生殖法」的可能性，代孕制度則脫鉤處理，待社會進一步討論並凝聚共識。    ,https://news.ltn.com.tw/news/society/paper/1771665
冰屍案泰女雙親亡 遺體難歸鄉,社會,2026/09/22 05:30,"涉嫌殺害泰國女友的吳俊毅，將遺體塞入行李箱，自投宿飯店搭電梯準備運往台中藏匿。 （資料照）卅六歲泰國籍女子Arth（中譯：亞思），本月二日來台與交往年餘的男友吳俊毅談分手，十二日卻慘遭勒斃，遺體被塞入旅行箱後，運往吳位於台中的工作地點，藏放在冰櫃內。直到警方十八日獲報，才逮到吳並在冰櫃中找到遺體。不過，警方發現，亞思的父母早已雙亡，外交部雖透過管道聯繫她家鄉其他親屬，但這些親屬短期內恐無法來台處理後續，她短期內恐難落葉歸根，令人鼻酸。據了解，亞思的父母多年前早已雙亡，她雖然還有其他親屬，但此案發生後，警方完成驗屍程序並通報外交部，外交部曾透過在台的泰國貿易經濟辦事處循線聯繫其親友，但她家鄉親友短期內似乎均無意願或無法來台處理後續。請繼續往下閱讀...警方說，若亞思的遺體沒有被親友領回，將成為「有名無主屍」。這類「有名無主屍」通常會對外公告一段時間尋親、等待認領，若無人出面領回，屆時將由地方政府殯葬管理處或社福團體進行火化、聯合祭奠、安置骨灰等後續程序。警方指出，亞思本月二日來台，入住台北市昆明街一家旅館，期間吳多次前往旅館與她見面，這段期間她仍透過手機與親友聯繫。她原本預計十四日離台，但預定離台日期已過數日，其親友卻發現她音訊全無，於是在十八日透過在台友人報警。警方調閱監視器畫面發現，吳十二日深夜到旅館找亞思，直到十三日凌晨才離開，出入都帶著行李箱，隨後亞思便音訊全無，警方推測她可能已遭遇不測。警方十八日前往台中循線逮到吳，並在其工作地點的一處冰櫃中找到亞思遺體，這才偵破這起冰櫃藏屍案。    ",https://news.ltn.com.tw/news/society/paper/1771669
內政部修法》警調令後拒調 2年不得請調,社會,2026/09/22 05:30,內政部修正《警察人員陞遷辦法》，警員核調後拒絕調任，2年內不得再自請調地。（資料照）內政部日前預告修正「警察人員陞遷辦法」，增訂經警政署核定調任函並發權責機關後，不聽調遣，再請求註銷者，應依規定懲處，並自函發核調名冊之日起二年內不得自請調地。警政署表示，警察機關職務出缺時，警政署就該機關具有該職務任用資格人員及請調存記人員，依據功績原則評定陞遷，其中巡官、巡佐及警員等同一陞遷序列職務人員請調作業，由警政署每年定期統一辦理。警政署指出，警察機關、警察大學自請調地人員核准遷調後再申請註銷派令，除有損機關派令威信、浪費人力物力及影響其他員警請調機會外，對警察機關、警察大學警力衡平有負面影響。請繼續往下閱讀...警政署強調，為配合現行實務上經警政署核定調任後，不聽調遣，再請求註銷者，無論是否經權責機關核布派令，基於公平一致性，均依警察人員獎懲標準規定懲處，並管制二年內不得自請調地，以避免適用爭議。此外，警察機關警監職務為全國性重要警職，為求即時檢討、迅速到任以穩定治安，須實施連動性檢討，擬任警察機關警監職務人員經警政署依涉及國家安全或重大利益公務人員特殊查核辦法辦理特殊查核，且有查核項目所列情事，警政署應組成重要警職人事甄審委員會審議之。人事甄審委員會由警政署長、副署長、主任秘書、督察室主任、政風室主任及人事室主任組成，由警政署長擔任主席。另外，警政署刑事警察局增設詐欺犯罪防制中心，並於該中心增置隊長兩人，考量該等隊長職責程度及歷練順序與該局偵查隊長相當，增訂任詐欺犯罪防制中心隊長滿一年者，列為遴任縣市政府警察局分局長須具備之職務經歷。    ,https://news.ltn.com.tw/news/society/paper/1771668
削國庫2400萬 海軍廢鐵案貪污 5起訴,社會,2026/09/22 05:30,不法業者將國軍廢鐵載運至露天場地堆置。（民眾提供）勾結業者偷磅侵占公產 2補給士各求刑15、11年海軍保修指揮部補給總庫左營分庫的張簡、陳姓補給士，與洪、彭、楊姓三名環保業者共五人共謀，自二〇二三年起兩度高價得標海軍廢鐵標售案，連續以放水、偷磅等不法手段侵占公產，再以不實單據向軍方結算，造成國庫損失超過二四〇〇萬元，業者則獲利二五〇〇餘萬元。橋頭地檢署昨將五人依《貪污治罪條例》等罪起訴，二名軍人各求刑十五年、十一年，三名環保業者則求刑十年至十二年。請繼續往下閱讀...洪、彭、楊姓環保業者二〇二三年以高於市價取得海軍廢鋼鐵標售案，曾以夾藏水箱儲水及調換AB車牌方式偷磅，被海軍張簡姓、陳姓補給士查獲後，業者隨即以現金行賄兩名士官，五人更進一步共謀，在二〇二三年及去年的海軍廢鋼鐵標售案中，以「水箱車」（即在車斗夾藏水箱注水，虛增進場空車重量）、「磅後補料、回頭偷載」（於實車過磅後，趁監管人員離場的空檔折返續裝廢品）、「調換AB車牌」（以兩部外觀相同車輛，由較輕的A車先行過磅後伺機對調車牌，掩護實際載重較重的B車免經檢磅）等三種手法，連續侵占公產。水箱車、AB車牌 掩護偷磅 陳姓、張簡姓補給士明知每車次實際載重遠高於申報重量，竟仍在海軍過磅單、放行條等公文書上登載不實淨重。兩人今年更掩護業者侵吞無帳籍廢電纜，混入一般廢鋼鐵，再於過磅單與放行條虛偽登載為廢鐵，總計造成國庫損失逾二四〇〇萬元。橋頭地檢署指揮廉政署發動三波搜索，帶回五人偵辦，查出陳姓補給士收賄十七．五萬元、張簡姓補給士收賄四十二．五萬元，清查業者不法獲利二五六一萬餘元，並查扣現金一一二二．二萬餘元。檢方依涉犯《貪污治罪條例》等罪嫌聲請羈押獲准，全案偵結起訴，移審橋頭地院後，五人均裁定接押。    ,https://news.ltn.com.tw/news/society/paper/1771666
自由日日Shoot》每胎收費200萬～450萬元 跨國「訂製嬰兒」 選卵借腹產25嬰,社會,2026/09/22 05:30,警方破獲以中國籍劉姓主嫌為首的跨國「訂製嬰兒」集團，除網路挑選、接單，還可指定性別。（記者陳建志翻攝）兩中國籍男子為首 集團一條龍服務台中地檢署指揮移民署台中專勤隊，查獲以中國籍男子劉天杰、劉茂琪為首的「訂製嬰兒」集團，該集團以每名新生兒收取新台幣二百萬至四百五十萬元不等費用，由台灣籍生父前往馬來西亞取精，再挑選外籍卵母及代理孕母，懷孕後來台生產，已有廿二名台灣男性委託代孕，生下廿五名新生兒，檢方將中國籍程姓員工和台籍徐男、吳女依違反人工生殖法起訴，兩名劉姓主嫌則通緝。台中專勤隊發現，有多名泰國女子因在台生產而逾期停留，這些泰女以觀光免簽證方式來台，生產後隨即出境，且集中在相同婦產科診所生產，專勤隊察覺有異後，報請檢方偵辦。請繼續往下閱讀...檢方指揮前往台中豐原一家婦產科，查扣代理孕母的分娩紀錄，並在診所發現數名待產中的代理孕母，查獲中國籍程姓雇員，以及台灣籍負責接送、安排生產、報戶口的徐男、吳女，並通緝兩名劉姓中國籍幕後主嫌。馬國取精、泰國受孕 再來台灣生產檢方查出，劉天杰為「UT麗舍」實際負責人，劉茂琪則為「同合新生」實際負責人，兩人在中國遙控，並在泰國設立人工生殖及代孕公司，透過網路及社群平台招攬代孕業務。中檢指出，該集團提供「訂製嬰兒」一條龍服務，由生父前往馬來西亞採集精子，並在泰國挑選不同國籍的卵母及泰國籍代理孕母，受孕後在泰國養胎，再以觀光免簽證方式來台待產及分娩，待DNA鑑定確認親子關係，再由生父辦理出生及認領登記。    ,https://news.ltn.com.tw/news/society/paper/1771617
自由日日Shoot》將生命物化 漠視人性尊嚴 訂製嬰兒 84%指定男嬰,社會,2026/09/22 05:30,訂製嬰兒犯行流程台中地檢署指揮移民署破獲以中國籍男子劉天杰、劉茂琪為首的「訂製嬰兒」集團，清查後發現，廿二名台灣男性委託代孕，除一人有妻子，其餘為單身或同性婚姻男子。且這些人的社經條件都不差，他們目前雖無刑責，但要承擔風險；檢方發現，因可指定性別，已出生的廿五名小孩，有廿一人是男嬰，占比高達八十四％，顯示該集團將生命物化、漠視人性尊嚴的惡劣心態，更造成倫理及社會風險。一年生25嬰 挑選「卵母」多是泰國女檢方發現該跨國「訂製嬰兒」集團，從二〇二五年二月至二〇二六年六月間，以一條龍服務方式，共接受廿二名台灣男性委託代理生子，其中有一人委託生了二胎，還有兩名分別生了雙胞胎和龍鳳胎，一年多來共生下廿五名新生兒。請繼續往下閱讀...據了解，這廿二名男子，除了一對夫妻因妻不孕，而跨國找代理孕母外，其餘都是單身無配偶、或同性結婚的男子。檢方調查，這些委託代理孕母的男子或夫妻的社經條件都不差，而其所挑選的「卵母」大部分都是泰國當地女子，不過其中有一人選定德泰混血女子、另一人選俄羅斯裔女子。目前人工生殖法第卅一條規定，只處罰意圖營利，從事生殖細胞、胚胎買賣或居間介紹者，這些台灣籍委託生父目前並無刑責，不過因跨國委託生子，在欠缺法源保障的情況下，仍須承擔支付高額費用卻可能無法順利得子，以及生出的小孩是否健康的風險。中檢並查出，該集團的中國籍嫌犯程男等人私下將生父稱為「貨主」，並允許指定新生兒性別，顯示其將生命物化、漠視人性的惡劣心態。經查獲的廿五名新生兒中，男嬰達廿一名，占比高達八十四％，檢方認為，明顯偏離自然性別比例，也反映商業化性別選擇可能造成的倫理及社會風險。中檢強調，代理孕母制度涉及生育權、家庭生活、女性身體自主、兒童最佳利益、生殖商品化、經濟剝削及親子身分等多項倫理與法律議題，各國規範亦不相同。相關制度是否開放，以及如何保障各方權益，應經充分公共討論並建立完整規範，不容業者利用跨境制度差異牟取利益。警方破獲以中國籍劉姓主嫌為首的跨國「訂製嬰兒」集團，除網路挑選、接單，還可指定性別。（記者陳建志翻攝）    ,https://news.ltn.com.tw/news/society/paper/1771664
男埋伏持3刀 砍富邦業務員 雙雙重傷,社會,2026/09/22 05:30,"富邦人壽喋血案，警方封鎖現場查處。（記者姚岳宏翻攝）唯一連結是5年前車禍 黃男砍人動機成謎富邦人壽位於台北市中山區建國北路二段的建北大樓九樓通訊處，昨日上午十一時許驚傳喋血案。四十一歲黃姓男子預謀攜帶三把水果刀，在辦公室外會客區埋伏約三小時後，尾隨卅八歲洪姓業務員進入廁所展開攻擊，雙方在廁所內發生扭打，二人身上皆有多處刀傷，傷勢嚴重，送醫搶救，目前都在加護病房治療中。富邦人壽初步清查後確認，黃男非該公司保戶。據了解，兩人目前唯一的連結，是五年前黃男的妻子與洪男發生車禍，事後賠六十八萬元，但黃在二年前離婚，與前妻久未連絡，這回卻持刀砍人，目前動機成謎。由於現場無目擊者及監視器，仍待兩名傷者傷勢穩定並恢復言語能力後，警方才能進一步釐清，全案朝殺人未遂罪嫌偵辦。請繼續往下閱讀...警方初步調查，黃男曾任保全，昨日上午八時左右就抵達九樓通訊處，獨自坐在外頭的會客桌，員工原以為他在等人，不以為意。直到上午十一時許，黃男見洪男走進廁所，一路尾隨進入，雙手各持一把水果刀朝對方猛刺，洪男奮力抵抗，現場傳出激烈喊叫與打鬥聲。警、消獲報趕抵時，兩人已倒臥血泊，現場遺留一把折斷的水果刀，警方隨後又在黃男包包內搜出第三把刀，研判黃男犯案可能早有準備。這場衝突導致洪男右頸、胸部重創，經氣切手術後無法言語；黃男則是後頸、胸口、左右大腿內側及雙手腕有明顯割傷，同樣在加護病房，暫時無法製作筆錄。警方在案發現場曾發現一張四十八歲伊姓男子的證件，一度誤判行凶者身分，後續比對資料並到醫院採集指紋，才確認行凶者為黃男。黃男父親接獲通知到警局時表示，自己住在淡水，兒子則與阿嬤同住新店，父子分居且鮮少聯繫，連兒子離婚或近期從事什麼工作都毫不知情。    ",https://news.ltn.com.tw/news/society/paper/1771667
開車載張俊傑台南、高雄繞行避追查 北檢聲押第12名共犯,社會,2026/09/22 00:37,圖左為林哲丞、右為陳元安。（記者劉詠韻攝）立委高金素梅「大帳房」張俊傑棄保潛逃逾半個月，檢警再拘提第11、12名接應者陳元安、林哲丞到案。陳涉嫌居中聯繫林在台南接應張俊傑，林則親自駕車載張在台南、高雄一帶繞行躲避追查；兩人被移送台北地檢署複訊後，檢方22日凌晨依妨害公務等罪嫌，諭令陳5萬元交保並限制出境出海，林則遭聲押禁見。檢警逐步比對監視影像、車行軌跡及手機通聯，追出陳元安涉嫌居中聯繫林哲丞，在台南接應張俊傑；接應完成後，陳又疑似聯絡第10名到案共犯、甫入伍的現役軍人吳東翰處理並棄置權利車。林哲丞則涉嫌親自駕車載送張俊傑，在台南、高雄一帶繞行逃竄，藉此躲避檢警追查。請繼續往下閱讀...據了解，陳、林到案後，均稱不知道接應對象就是張俊傑，但兩人部分說詞仍有模糊不清之處，檢方複訊後，認定兩人涉案情節有別，諭知陳元安5萬元交保，並限制出境出海；林哲丞則遭聲請羈押禁見，將由法院召開羈押庭，決定是否收押。張俊傑6日晚間破壞電子手環後棄保潛逃，檢警一路循車追人，陸續查出有人提供車輛、載送、安排住宿及處理棄車，接應足跡從北部延伸至嘉義、台南及高雄，目前已有12名涉案者到案，到案者已有5人遭羈押禁見、1人遭聲押，另6人分別以2萬至20萬元不等金額交保。    ,https://news.ltn.com.tw/news/society/breakingnews/5581697
背後偷襲！北市6旬婦險捅死妹妹 揚言殺光家人被收押,社會,2026/09/21 23:59,台北地檢署外觀。（資料照）台北市1名6旬婦人於昨晚趁其妹妹落單，涉持刀從背後用力捅入，警方獲報後將妹妹送醫搶救，成功保住性命。而婦人在犯案後沒有逃亡，被警方帶走以後供稱，如果不是沒有力氣，會殺盡全家人，案件移送至台北地檢署以後，於今日晚間聲押獲准。該名婦人過去曾生下1名子女，但被家人送出去交由別人照顧，婦人疑似因此對家人懷恨在心，該名婦人過去有服用藥物控制情緒，但在8月自行停藥，疑似也因此漸漸無法控制情緒，甚至將自己的髮絲全數剃光。請繼續往下閱讀...昨日上午，平時與母親、嫂嫂及外甥同住的她，趁著上午家人全數外出之際，準備好1把水果刀。其後，婦女妹妹前來住處和家人共進晚餐，在用完餐以後，婦人找準妹妹落單、毫無防備之際持刀從後捅入。家人聽聞騷動後旋即報警，所幸妹妹在送醫搶救以後並無生命危險，而婦人犯案以後靜靜坐在地上，等待警方將其逮捕。警詢時，婦人表示，如果不是自己沒有力氣，她會殺盡家人，警方後續將其移送台北地檢署複訊。檢方訊後認為，婦人思路清晰，且面對問題皆能流暢回答，並無心智缺陷或精神疾病情狀，且考量婦人有再犯之虞，於是向台北地院聲請羈押，北院召開聲押庭後，裁准收押。    ,https://news.ltn.com.tw/news/society/breakingnews/5581688
枋寮三岔路口4車連環撞5人傷 小貨車未注意前車待轉釀禍,社會,2026/09/21 23:12,被撞的租賃MPV車尾接近全毀。（民眾提供）屬屏東枋寮鄉交通要道的台1線與中華路口，今天晚間近7時發生4車追撞事故，造成5人受傷，由於當時正值下班尖峰，警方獲報立刻到場處理，約在晚間9點處理完畢，撞擊影像也曝光，疑似肇事車輛未注意前方左轉車輛就直接撞上釀禍，而待轉被撞的豐田車系MPV，車尾也被撞得稀爛。警方指出，枋寮分局於9月21日18時48分接獲報案，指在枋寮鄉台1線與中華路口發生交通事故，由於該處是南台灣車流量極大的路口，警方獲報後立刻派員前往處置。請繼續往下閱讀...到場後，發現38歲的廖姓男子駕駛小貨車沿台1線南下內側車道行駛時，疑未注意車前狀態不慎追撞路口欲左轉、由47歲的李姓男子所駕駛的租賃MPV，廖男的車則是失控滑向北上車內側車道，並撞及對向由70歲陳男所駕的轎車後翻覆，陳男的則是被推撞往後，再波及37歲劉男所駕駛自小貨車。警方表示，本起事故造成5人受傷，3人送枋寮醫院醫治，其中1人左腳骨折。駕駛經實施酒精濃度測試，均無酒精反應。事故現場經警方快速到場處理，已於20時50分排除完畢，恢復全線道路通行。枋寮分局呼籲，駕駛行車時應保持專注，避免疲勞或分心駕駛，隨時注意行車路況，以免因疏忽造成事故，危及自身與其他用路人安全。枋寮三岔路口今天晚間發生多車追撞事故。（警方提供）    ,https://news.ltn.com.tw/news/society/breakingnews/5581676
9/21威力彩頭獎摃龜！今彩539開1注  800萬落台北,社會,2026/09/21 22:18,9/21開獎的威力彩摃龜，今彩539頭獎開1注。（擷取自台彩官網、本報合成）9月21日開獎的第115000076期威力彩摃龜；第115000229期今彩539頭獎開出1注，由台北市中山區林森北路438號1樓「日勝彩券行」開出。第115000076期威力彩中獎號碼為「第一區：03、08、17、24、25、37，第二區：06」。頭獎摃龜；貳獎摃龜；參獎共11注中獎，每注可得15萬元；肆獎共30注中獎，每注可得2萬元；伍獎共210注中獎，每注可得4000元；陸獎共1453注中獎，每注可得800元；柒獎共2631注中獎，每注可得400元；捌獎共1萬3880注中獎，每注可得200元；玖獎共1萬8514注中獎，每注可得100元；普獎共3萬0846注中獎，每注可得100元。請繼續往下閱讀...第115000229期今彩539中獎號碼為「04、20、22、30、38」。頭獎開出1注，可得800萬元；貳獎共270注中獎，每注可得2萬元；參獎共8066注中獎，每注可得300元；肆獎共7萬8585注中獎，每注可得50元。第115000229期39樂合彩中獎號碼為「04、20、22、30、38」。四合開出10注，可得21萬2500元；三合共529注中獎，每注可得1萬1250元；二合共1萬5811注中獎，每注可得1125元。第115000229期3星彩中獎號碼為「390」。壹獎共31注中獎，每注可得5000元。第115000229期4星彩中獎號碼為「0719」。壹獎共46注中獎，每注可得5萬元。確切中獎號碼以台彩網站公告為主，請見「台灣彩券網站」。威力彩、今彩539、39樂合彩、3星彩、4星彩中獎號碼。（擷取自台彩官網）    ,https://news.ltn.com.tw/news/society/breakingnews/5581645
富邦人壽業務遭刺重傷 疑5年前車禍惹殺機,社會,2026/09/21 21:59,富邦人壽。示意圖。（資料照）富邦人壽建北大樓通訊處上午發生的喋血案，41歲黃姓凶嫌帶3把刀埋伏等候3小時，尾隨狂砍38歲洪姓業務員，2人身中10多刀重傷。警方追查發現，雙方唯一交集竟是5年前黃男前妻與洪男發生車禍，李姓前妻遭判賠68萬元，由於黃男已離婚3年且久未聯絡，為何突然尋仇，這部分警方還在釐清。凶嫌前妻5年前車禍警方通知黃男父親及前妻到案說明，兩人均表示與黃男久未聯繫，僅知悉他近期精神狀況不穩定，當李姓前妻得知被砍重傷的業務員是洪男時，直說「怎麼是他」。原來2021年，李女騎車行經文山區時不慎撞倒洪男，導致洪男倒地後，右手又遭後方遊覽車輾斷骨折。請繼續往下閱讀...由於李女須負擔全責，法院判決賠償68萬元，但黃男並非車禍當事人，且與前妻離異後幾乎沒有往來，卻帶著強烈殺意預謀行凶，讓警方感到費解。警方調查，曾擔任保全的黃男今天上午8時就帶著3把水果刀抵達9樓通訊處，他在外頭的會客桌枯坐等候3小時，其他員工原以為他只是在等人而不以為意。直到上午11時許，黃男見到洪男進入廁所，立刻尾隨在後，雙手分持凶器瘋狂揮砍，洪男拚死抵抗，現場打鬥呼救聲四起，警消趕抵時兩人已倒臥血泊，現場更遺留1把折斷的凶刀，警方後續又從黃男包包搜出第3把刀。洪男氣切手術 無法言語經緊急送醫搶救，右頸與胸部重創的洪男已進行氣切手術，無法言語；黃男則是後頸、胸口、雙腿內側及手腕滿布割傷，同樣躺在加護病房治療，黃男父親透露，父子倆分開住在淡水與新店，根本不知道兒子已離婚，由於案發現場缺乏監視器，黃男身上逾10處的刀傷究竟是畏罪自殘，還是遭奪刀反擊所致，警方只能等雙方傷勢穩定、恢復言語表達能力後，才能進一步釐清確切過程與犯案動機。    ,https://news.ltn.com.tw/news/society/breakingnews/5581628
假冒檢方扯「太子集團」！誘掃QR Code交個資退款 北檢分案偵辦,社會,2026/09/21 21:46,從流傳的假公文可見，詐騙集團仿照北檢公文格式，煞有其事寫上「檢察官偵查終結提起公訴」。（台北地檢署提供）詐騙集團冒用台北地檢署名義寄發假公文，佯稱為釐清民眾與「太子集團」資金關係、確認被害人資格，要求掃描QR Code加入「承辦人」LINE，再提供姓名、電話等個資，甚至聲稱作為日後款項退回依據。北檢今澄清，從未要求民眾以此方式提供個資，假公文已涉嫌行使偽造公文書罪，目前已分案偵辦。從流傳的假公文可見，詐騙集團仿照北檢公文格式，煞有其事寫上「檢察官偵查終結提起公訴」，宣稱案件已由台北地院以「115年度原金重訴字第2號」審理，並指稱查扣不動產、車輛及金融帳戶等財產，總價值逾新台幣107億餘元。請繼續往下閱讀...假公文宣稱，因卷內金融交易資料顯示收件人與案件資金交易有所關聯，為釐清交易原因、金額、資金流向及法律關係，要求收件人提供資料供檢方審查，確認是否具有被害人或相關請求權人資格。詐團並在公文附上QR Code，要求民眾在收到通知後24小時內加入所謂「承辦人員」LINE帳號，傳送姓名、聯絡電話及憑證資料，還聲稱完成登記後，將作為日後款項劃撥、退回的正式依據；若逾期未辦理，更恫稱將「視同放棄資格，不予受理退款申請」。北檢說明，從未以釐清與太子集團資金關係、確認被害人資格為由，要求民眾掃描QR Code加入承辦人LINE並提供個資；不法人士冒用檢署名義寄發公文，已涉嫌行使偽造公文書罪，北檢已分案偵辦，將依法追究刑責，並呼籲民眾勿輕信來路不明訊息或任意交付個資。    ,https://news.ltn.com.tw/news/society/breakingnews/5581562
台馬泰跨國「訂製嬰兒」84％是男嬰  22名生父多為單身或同婚,社會,2026/09/21 21:43,台中地檢署破獲以中國籍劉姓男子為首的「訂製嬰兒」集團，該集團還提供卵母、代理孕母挑選。（記者陳建志翻攝）台中地檢署破獲以中國籍劉姓男子為首的「訂製嬰兒」集團，清查後發現台籍生父除一對是男女夫妻，其他大部分是單身無配偶、或同性結婚而無卵子可受精的男子，且社經條件都不差，目前雖無刑責但要承擔風險。檢方並發現，因可指定性別，已出生25個小孩，有21名男嬰，占比高達84%，已造成倫理及社會風險。檢警發現該跨國「訂製嬰兒」集團，從2025年2月至2026年6月間，以一條龍服務方式，共接受22位台灣男性委託生子，其中有1人共委託生了2胎，還有2位分別生了雙胞胎和龍鳳胎，1年多的時間共產下25名小孩，都已完成認領。請繼續往下閱讀...據了解，這22名男子，除了一對是夫妻，因太太無法以自身子宮懷孕，而跨國找代理孕母外，其餘都是單身無配偶、或同性結婚而無卵子可受精的男子，且社經條件都不差，而其所挑選的「卵母」大部分都是泰國當地女子，不過其中有1人選定德泰混血女子、1人則選定俄羅斯裔女子。因目前人工生殖法第31條，只處罰意圖營利，從事生殖細胞、胚胎買賣或居間介紹者，這些生父委託者並無刑責，不過因跨國委託生子，在無法源保障下，仍需承擔付出高額費用卻無法生子，以及生出的小孩是否健康的風險。中檢並查出，程男等人私下將生父稱為「貨主」，並允許客戶指定新生兒性別，顯示其將生命物化、漠視人性尊嚴的惡劣心態。經查獲的25名新生兒中，男嬰達21名，占比高達84%，明顯偏離自然性別比例，也反映商業化性別選擇可能造成的倫理及社會風險。相關新聞請見︰偵破橫跨台馬泰「訂製嬰兒」集團  22台男委託、產下25新生兒警方破獲以中國籍劉姓主嫌為首的跨國「訂製嬰兒」集團，除網路挑選、接單，還可指定性別。（記者陳建志翻攝）    ,https://news.ltn.com.tw/news/society/breakingnews/5581615
柯文哲7000萬元保證金將抵罰鍰！陳佩琪痛批「土匪」 台北分署：依法有據,社會,2026/09/21 21:41,台灣民眾黨創黨主席柯文哲的妻子陳佩琪去年9月8日上午11點赴北檢幫柯文哲辦理交保。（資料照）台灣民眾黨創黨主席柯文哲妻子陳佩琪今日在臉書發文，指出法務部行政執行署表示若柯文哲服刑，先前具保的7000萬元保金將抵押木可所欠下的罰金（應為罰鍰）。陳女強調，錢是她的財產和借款，並痛批民進黨政府雙標且有如土匪。台北分署晚間發聲明回應，表示一切依法有據，若陳佩琪主張保證金為她個人財產，可提出民事訴訟保障自身權益。陳佩琪指出，當時匯出柯文哲7000萬元的保釋金，但法務部執行署說，若柯文哲被關押，保釋金並不會還給她，而是拿去抵木可欠下的罰金，並拿陳水扁之女陳幸妤和其前夫趙建銘追討的教育基金相比，指「這有沒有比『趙某某』說拿小孩教育基金不還更可惡幾千、幾萬倍呢？」請繼續往下閱讀...陳佩琪說，這7000萬元是她從醫35年賺到及借來的錢，並再度重申不知道開公司賣小物，也按規矩開了商業發票，為何是貪汙侵占？並質疑扁帽工廠、小英商號和賴桑小舖為何不是貪汙侵占，直指民進黨政府雙標且有如土匪。對此，台北分署聲明指出，監察院因柯文哲違反政治獻金法移送執行案件共4件，金額共計9783萬3888元，而刑事保證金為義務人的責任財產，依法得為強制執行標的。台北分署向台北地院函查後，了解北院受理113年度金訴字第51號案件，具保金額為7000萬元，且具保人登記為柯文哲本人後，認定該保證金為柯文哲的財產，故核發附條件執行命令扣押，一切依法有據，倘若未來柯文哲對該刑事保證金得請求返還時，將依法續為執行。台北分署也向陳佩琪說明，若陳佩琪主張保證金為其個人財產，得於執行程序終結前，依強制執行法第15條規定向管轄法院提起民事訴訟維護其權益。    ,https://news.ltn.com.tw/news/society/breakingnews/5581604
嘉市焚化爐外包工遭板模撞擊致死  檢警相驗9/23解剖釐清,社會,2026/09/21 21:32,嘉義市焚化爐外包工程19日發生工安意外，吳姓工人遭板模撞擊宣告不治。檢警預計23日進行解剖，釐清死因。（資料照）嘉義市焚化爐外包工程19日發生工安意外，一部起重機進行板模吊掛作業時，疑因板模擦撞鷹架歪斜，撞擊到吳姓工人左側軀體，吳男休息後送醫急救約1小時仍宣告不治。檢警今相驗，死者外觀僅有挫傷，預計23日進行解剖，釐清死因。檢警調查，吳男19日下午3點多在工地指揮劉姓駕駛操作輪式起重機進行板模吊掛作業，疑因板模擦撞鷹架歪斜，後撞擊吳男，吳男當下仍有意識、在工地外休息表示頭暈，後由同事送往醫院急救，傍晚5點35分宣告不治。    ,https://news.ltn.com.tw/news/society/breakingnews/5581612
出門1小時釀悲劇！8月大男嬰頭卡床架窒息亡 專業保母判緩刑,社會,2026/09/21 21:24,南投有專業證照的保母，獨留8月大男嬰在房間睡覺，外出1個小時，男嬰頭卡床架窒息而亡，南投地院以過失傷害致死罪判刑8個月，宣告緩刑5年。（記者陳鳳麗攝）南投縣楊姓保母照顧3童嬰，其中1名是8個月大男嬰，她趁男嬰熟睡時外出1個小時，返回男嬰房間發現他的頭卡在床架，已無心跳呼吸，經CPR後送醫急救無效，宣告死亡。南投地院法官審酌，保母已與男嬰父母達成和解並賠償完畢，男嬰父母也願意原諒，以過失傷害致死罪名判刑8月，宣告緩刑5年。楊姓女子是有托育人員專業訓練課程結業證書、居家式托育服務登記證書，以及全國托育人員技術士證的專業保母，去年7月4日下午，除照顧念國小和幼兒園的兒童，以及8個月大的男嬰，當天還有2個親戚孩子也在其家中，她趁男嬰熟睡，與表姊外出1個小時，回家後先去廚房溫男嬰要喝的牛奶，後來回到男嬰睡覺的房間，發現男嬰頭部卡在上下鋪下層的床尾床架，身體懸掛在床架外，唇色發白且無呼吸心跳。請繼續往下閱讀...楊姓保母趕緊把男嬰抱出來，對其實施CPR，並請表姊協助叫救護車，將男嬰送醫院急救，但急救無效，因機械性缺氧窒息而死亡。楊姓保母被南投檢方依過失致死罪嫌起訴，南投地院法官審理該案期間，楊女坦承犯行，也對自己的疏失造成男嬰死亡深具悔意，並與男嬰的父母和解並賠償給付完畢，男嬰的父母也願意原諒楊女，希望法官給予楊女緩刑的機會。南投地院法官審酌，楊女獨留男嬰在房間內，擅自離開近1小時，致男嬰窒息死亡，造成男嬰的父母痛失幼子，惟念其犯後坦承犯行，且盡力彌補其犯罪所生的損害，因此判刑8個月，宣告緩刑5年。    ,https://news.ltn.com.tw/news/society/breakingnews/5581601
海巡中部分署中秋前威力掃蕩  一天查獲通緝犯、走私與違規14案,社會,2026/09/21 21:19,海巡署中部分署為防範走私、偷渡等不法情事，統合第四及第五巡防區指揮部及警政等單位，在苗中彰雲嘉沿海及重要港區同步展開威力掃蕩。（海巡署提供）中秋佳節將至，海巡署中部分署為防範走私、偷渡等不法情事，今天統合第四及第五巡防區指揮部，會同警政、航政、關務及調查等機關，在苗中彰雲嘉沿海及重要港區同步展開威力掃蕩，展現「公私協力、岸海聯防」的堅實執法能量，一舉查獲2件通緝犯、3件失聯移工、1件電子煙彈、1件走私螺螄粉及取締漁業違規7案，全力守護國境安全。海巡署中部分署表示，今天針對岸際空屋、防風林及港區進行全面清查，運用無人機及科技裝備，並納入海巡志工能量，共計動員183人次、巡防艇6艘次、汽車37車次、機車18車次、無人機1架次及偵搜犬2隻。請繼續往下閱讀...一天下來共查獲2件通緝犯、3件失聯移工、1件電子煙彈、1件走私螺螄粉及取締漁業違規7案。海巡署中部分署表示，未來將持續精進科技偵蒐能量及深化跨機關聯防機制，並發揮在地海巡志工通報網絡優勢，落實守護「國安、治安、平安」三安任務，並呼籲民眾發現可疑不法情事，請撥打海巡「118」服務專線通報，共同維護社會治安。海巡署中部分署為防範走私、偷渡等不法情事，在苗中彰雲嘉沿海及重要港區展開威力掃蕩，共查獲失聯移工等共14件。（海巡署提供）    ,https://news.ltn.com.tw/news/society/breakingnews/5581546
手刀對獎！9/21威力彩、今彩539獎號出爐,社會,2026/09/21 20:58,威力彩開獎號碼。（擷取自三立iNEWS《全民i彩券》）今天（9月21日）台彩各項開獎獎項及獎號如下：威力彩：03、08、17、24、25、37，第二區：06。請繼續往下閱讀...今彩539：04、20、22、30、38。39樂合彩：04、20、22、30、38。3星彩：390。4星彩：0719。確切中獎號碼以台彩網站公告為主，請見「台灣彩券網站」。今彩539、39樂合彩開獎號碼。（擷取自三立iNEWS《全民i彩券》）3星彩開獎號碼。（擷取自三立iNEWS《全民i彩券》）4星彩開獎號碼。（擷取自三立iNEWS《全民i彩券》）    ,https://news.ltn.com.tw/news/society/breakingnews/5581586
枋寮三岔路口3車追撞、貨車翻覆  1駕駛左大腿骨折,社會,2026/09/21 20:40,屏東枋寮三岔路口是交通要道，今天下班尖峰時段發生嚴重追撞車禍。（屏東縣消防局提供）屏東縣枋寮鄉中山路二段與中正大路口今天下班尖峰時刻，傳出3車追撞車禍，其中還有1輛貨車翻覆，消防人員到場立刻將翻覆貨車的司機救出送醫，整個車禍的3名駕駛中1人左大腿骨折，全送往枋寮醫院救治。屏東縣消防局指出，今天晚間6點49分左右，獲報枋寮三岔路口處，發生1起重大交通事故，經派遣枋寮及佳冬分隊消防車及救護車前往，除將翻車的貨車司機救出，也將現場另2車的駕駛救出送醫，3人意識皆清醒，但肢體及軀幹有多處擦挫傷，其中1名駕駛還有左大腿骨折情形，皆送往枋寮醫院救治。枋寮及佳冬分隊消防車及救護車前往，除將翻車的貨車司機救出，也將現場另2車的駕駛救出送醫。（屏東縣消防局提供）    ,https://news.ltn.com.tw/news/society/breakingnews/5581568
竹科旁民宅頂樓加蓋陷入火海  鐵皮鴿舍40隻鴿子全烤焦,社會,2026/09/21 20:33,新竹市新莊街鄰近竹科旁的一處3層樓民宅頂樓加蓋晚間傳出火警。（新竹市消防局提供）新竹市新莊街鄰近竹科園區旁的一處3層樓住宅加蓋鐵皮屋今天傍晚發生火警，由於是頂樓加蓋的鴿舍失火，加上鐵皮高溫，導致濃煙密布，整個鐵皮屋陷入火海，新竹市消防局獲報後晚間6時23分趕到現場，在1個小時內將火勢撲滅，初估有近40隻鴿子葬身火海，所有鴿子全被燒焦，幸無人受困及受傷，頂樓加蓋鐵皮鴿舍的起火原因，仍待調查。新竹市消防局指出，今晚6時13分受理報案，立刻派遣16車、33人趕往現場，6時23分到場，現場為頂樓鴿舍起火，經判斷現場無人員受困，但火勢猛烈且傳出濃煙。經消防人員布水線灌救，火勢在1個小時內獲控制，但鐵皮鴿舍已嚴重受損，初步了解，約有30-40隻的鴿子葬身火海，都被火烤焦。鐵皮鴿舍陷入火海，近40隻鴿子葬身火海全焦了。（新竹市消防局提供）    ,https://news.ltn.com.tw/news/society/breakingnews/5581560
助張俊傑逃亡累計12人！竹聯高層疑承接指令 檢警追查「藏鏡人」,社會,2026/09/21 20:28,檢警今從南部拘提2人，使接應者增至12人。最新到案2人均無幫派背景，圖為林哲丞。（記者劉詠韻攝）立委高金素梅「大帳房」張俊傑棄保潛逃逾半個月，檢警再拘提涉嫌協助逃亡的陳元安、林哲丞，2人今移送台北地檢署複訊，累計已有12人到案。接應網橫跨北部、嘉義及南部，數人具幫派背景，又以竹聯幫人脈最受矚目；據了解，專案小組同時將方向轉至竹聯幫內部，追查疑似承接指示的藏鏡人。張俊傑6日破壞電子手環後，從台北轉往桃園，再一路南下嘉義、台南、高雄及屏東，沿途多次變裝、換車，並借用他人手機規避追查。檢警過濾監視器、車行軌跡及通聯紀錄，逐段追出交付物品、尋找權利車、駕車接送、安排住宿及處理棄車的接應者。請繼續往下閱讀...檢警先在北部查獲協助張俊傑離開雙北、提供車輛及物品的接應者，再循車流、通聯一路向嘉義、台南、高雄等地追查，陸續拘提負責分段載送、安排藏身處所及處理棄車的人員；今再拘提2人，使接應者增至12人，最新到案2人均無幫派背景。檢警調查，12名接應者並非全都認識張俊傑，彼此間也未必熟識，但多數具有竹聯幫背景，或透過竹聯幫堂口及地方人脈加入。部分人僅負責單一環節，接獲通知後提供車輛、載送一段或安排住宿，未必掌握張的完整逃亡路線，整體呈現切割、分段接力的特徵。專案小組研判，若僅憑張俊傑個人臨時求援，恐難在短時間內跨越不同地區、調度多批人車，且部分接應者與張並無直接交情，背後疑有熟悉幫派及地方網絡者居中下令、層層轉達。國安單位不排除在台第五縱隊先找上具調度能力的竹聯幫高層，再由其向不同堂口及地方人脈拆派任務；具竹聯幫寶和會背景的陳威達，是涉嫌協助張破壞電子手環、安排南逃被視為接應網關鍵人物，投案後對任務來源及張的去向屢次避重就輕，疑因顧忌上層壓力，不敢供出最初找他辦事的人，上週已遭羈押禁見。檢警再拘提2名涉嫌協助逃亡的共犯，其中陳元安今下午移送台北地檢署複訊。（記者劉詠韻攝）    ,https://news.ltn.com.tw/news/society/breakingnews/5581554
高中師發逗弄鮑魚影片引性暗示爭議 學生直呼噁心 校方證實已通報,社會,2026/09/21 20:13,台中一名老師發出用手指反覆逗弄鮑魚的影片，讓學生直呼「好噁心」。示意圖。（資料照）台中某高中一名老師近日在社群發出一段影片，影片中該老師用手指反覆逗弄盤子中的鮑魚，並寫上「不要玩食物！」被學生螢幕錄影備份，直呼「我好想哭，為什麼這種人是我的老師」。對此，校方主任留言證實已完成相關通報。一名老師在Threads發出一段影片，影片中他用手指反覆逗弄盤子中的鮑魚，搭配歌曲「特別的愛給特別的你」，並寫上「不要玩食物！」，讓部分網友產生性暗示聯想。有自稱該校學生的網友特別把影片備份，表示「我好想哭，為什麼這種人是我的老師」，更哭訴自己一個禮拜還要見到這種老師兩次，直呼「好噁心真的好噁心」。請繼續往下閱讀...貼文曝光後，網友紛紛表示，「影片內容引起極度不適，噁爛當有趣」、「身為一個男的看到這種行為也覺得很想吐」、「就是這種人替正常的男老師與男家教引來一堆不必要的麻煩」、「身為老師發這種影片讓學生看到，真的不覺得很噁嗎」、「不適任就該用在這」。對此，校方主任在留言區回應，「本校已立即完成相關通報，後續將依法規程序進行處理」。    ,https://news.ltn.com.tw/news/society/breakingnews/5581517
蘇澳海巡隊添生力軍 35噸級PP-35102艇最高時速83公里,社會,2026/09/21 19:14,蘇澳海巡隊生力軍PP-35102艇，具有高機動性、高續航力優勢。（圖由蘇澳海巡隊提供）海巡署艦隊分署蘇澳海巡隊今天（21日）迎來新造的PP-35102巡防艇加入執勤行列，新艇最高航速可達45節，相當於時速83公里，成軍後將發揮高機動性、高續航力優勢，成為宜蘭及東北部海域漁船航行安全的堅實後盾。艦隊分署長黃宣凱今天到蘇澳港主持PP-35102艇成軍暨祈福儀式，頭城及蘇澳地區漁界人士也到場祝福新艇執行海上巡弋任務順利平安。請繼續往下閱讀...PP-35102艇屬於35噸級小型巡防艇，採用雙高速主機及噴水式推進器，最高航速45節，續航力600浬，具備高度機動性；船體結構採鋁合金打造，配備高壓消防滅火系統，水柱噴水量每小時約7萬公升，射程60公尺，可由駕駛室直接遙控操作。另外，該型巡防艇擁有吃水淺、航速快、操縱靈活等特性，有利於近岸航行與快速馳援，能迅速趕赴第一線執行違規取締、海域執法、急難救助，有效提升海上執勤強度及搜救效能。蘇澳海巡隊在PP-35102艇加入後，全隊巡防艇增至8艘，最大噸位100噸級。蘇澳海巡隊新造的PP-35102艇，今天舉行成軍暨祈福儀式。（蘇澳海巡隊提供）海巡署艦隊分署長黃宣凱（左）授旗給PP-35102艇艇長。（蘇澳海巡隊提供）    ,https://news.ltn.com.tw/news/society/breakingnews/5581460
送酒貨車司機竟毒駕 自撞電線桿被逮,社會,2026/09/21 18:57,李姓司機毒駕行經新北市汐止區中興路時，竟衝到對向撞斷電線桿。（記者吳昇儒翻攝）48歲李姓男子今日下午4時許駕駛小貨車行經新北市汐止區中興路195號前，疑似受到毒品影響，竟衝到對向車道，直至撞到電線桿才停下。警方獲報趕往現場，發現李男雖未受傷，但神色恍惚。警方對其施行酒測及毒品唾液快篩，雖無酒駕情形，但卻發現安非他命呈陽性反應。警詢後，依涉犯公共危險等罪，移送士林地檢署偵辦。警方初步調查，李姓男子駕駛知名酒商的小貨車，案發當時直接衝到對向車道，撞上電線桿，導致電線桿斷裂，幸未倒下。請繼續往下閱讀...警方立刻派員到場進行交通疏道，並通知區公所等單位到場處理。經救護人員初步檢查，李男並無受傷，但因神色恍惚，徵得其同意後，對其施作酒測及毒品唾液快篩。檢驗結果出爐時發現，李男酒測值為0排除有酒駕情形，但毒品快篩結果卻顯示，安非他命呈陽性反應。警詢後，依公共危險罪嫌移送士林地檢署偵辦。李姓司機毒駕行經新北市汐止區中興路時，竟衝到對向撞斷電線桿。（記者吳昇儒翻攝）    ,https://news.ltn.com.tw/news/society/breakingnews/5581478
深夜攔查沒開大燈休旅車被撞 警朝酒駕男開2槍路人嚇壞,社會,2026/09/21 18:20,南市二分局警方趨前喝令要求白色休旅車駕駛羅姓男子下車。（警方提供）今天凌晨1點多，台南市警局二分局員警巡邏時，於成功、公園路口發現1輛白色休旅車未開大燈、疾駛而過。民權派出所副所長周韋佑與另1員警分騎機車追逐，白車開到北區長榮、開元路口，周員上前大聲喝令「下車」，白車不僅拒停，還衝撞周員手、腳擦傷，周員急對白車開2槍，該車仍然逃逸。警方2小時後在永康區逮到白車羅姓男駕駛，羅男酒測值超標、被依法送辦。警方調查，當時南市警二分局民權所副所長周韋佑與另1員警分騎機車巡邏，在成功、公園路口看見對向1輛白色休旅車未開大燈、疾駛而過，隨即迴轉尾隨追逐、一路跟到北區長榮、開元路口停紅燈時，周員趨前示意喝令白車駕駛下車。請繼續往下閱讀...白車駕駛不僅未停車、還駕車衝撞周員，導致周員手、腳擦傷，周員情急下被迫拔槍對白車開了2槍示警，白車仍加速逃逸。有民眾在該路口看見員警開槍狀況，把員警開槍過程PO上網、還說「深夜去吃宵夜被嚇到」！員警通報警局對白車發布攔截圍捕；二分局偵查隊也調閱沿路車輛辨識系統、查出涉駕駛白車的羅姓男子（29歲）住在台南永康區，即於今天凌晨3點多到永康區逮捕羅男。員警對羅男做酒測、酒測值超過刑法標準；據了解，羅男過去也有酒駕素行。對於員警已喝令要求下車，為何拒停還衝撞員警？羅男辯說，他不知道有撞到員警。警方訊後依刑法公共危險、妨害公務等罪嫌將他移送檢方偵辦。☆飲酒過量  有害健康  禁止酒駕☆南市二分局警方逮捕涉酒駕拒停、還駕車衝撞員警的29歲羅姓男子。（警方提供）    ,https://news.ltn.com.tw/news/society/breakingnews/5581433
亂噴辣椒水隨機攻擊路人 花蓮警網巡逮怪客 追出偽造車牌,社會,2026/09/21 17:16,花蓮市發生對著路人隨機噴辣椒水攻擊事件，花蓮警分局追查後發現車輛還懸掛偽造車牌，登門逮捕涉案男子。（警方提供）花蓮市發生對著路人隨機噴辣椒水攻擊事件！花蓮警分局透過網路巡邏發現民眾貼文反映遭噴辣椒水，經調閱路口監視器意外循線追出一輛懸掛偽造車牌的可疑車輛，警方成立專案小組擴大追查，逮捕22歲游姓男子及18歲林姓男子，全案訊後依刑法偽造文書、詐欺及公共危險罪嫌，把游男移送花蓮地檢署偵辦。花蓮分局今指出，18日凌晨0時19分許，一名騎士搭載女友行經花蓮市林森路與新港街口，遭一輛不明藍色轎車副駕駛座乘客持辣椒水朝外噴灑攻擊，騎士一度嗆到無法繼續騎乘。轄區花蓮分局於網路巡邏時發現這起事件的貼文，隨即聯繫原PO並調閱周邊監視器畫面，比對後發現涉案的藍色轎車疑似懸掛偽造車牌。請繼續往下閱讀...警方進一步追查發現，一名同款同色、同車號的車輛車主林姓女子，上月就曾主動到派出所報案，指她接獲台中警方通知，稱她所有的車輛涉及其他刑案，但林姓車主當時人明明在花蓮，發現自己車牌疑遭冒用，趕緊報警自清。未料這輛懸掛假車牌的車輛，9月18日竟又出現在花蓮市區，並沿街持辣椒水隨機攻擊無辜用路人，花蓮分局獲報後隨即成立專案小組，鎖定該車輛停放地點展開追查。警方指出，19日中午1點多，警方發現該車移動到花蓮市某處民宅前，隨即上前逮捕車上游姓、林姓兩名男子，其中22歲游姓男子為當時坐在副駕駛座噴灑辣椒水的行為人，18歲林姓男子則否認案發時同車在場。警方調查，游姓男子供稱車輛是向友人賴姓男子借用，對於車牌為何是偽造的他並不知情，但坦承18日凌晨開車在市區閒晃，一時興起才沿路噴灑辣椒水攻擊路人，惟拒絕供出實際駕駛車輛的同車人身分，警方將持續追查釐清。花蓮分局表示，全案訊後除依公共危險罪嫌偵辦游男噴灑辣椒水部分，另因車輛懸掛偽造車牌，也一併依偽造特種文書罪嫌究辦，涉案車輛已遭警方查扣，後續將持續追查偽造車牌及車輛實際來源。花蓮分局呼籲，民眾遭受暴力傷害應妥善保存相關證據，並立即報警求助，以保障自身安全及權益，也有利警方後續調查；另提醒民眾，車牌是辨識車輛的重要依據，勿任意拆換、遮蔽或變造，偽造或使用偽造車牌恐涉及刑事責任，切勿以身試法，若發現車牌異常情形，可提供相關資訊供警方查處。花蓮市發生開車副駕上的乘客頭手伸出車窗外，對著路人隨機噴辣椒水攻擊事件。（民眾提供）花蓮市發生對著路人隨機噴辣椒水攻擊事件，花蓮警分局追查後發現車輛還懸掛偽造車牌，登門逮捕涉案男子。（警方提供）    ,https://news.ltn.com.tw/news/society/breakingnews/5581334
海軍廢鐵標售貪污案5人起訴  2補給士放水業者偷磅求刑15、11年,社會,2026/09/21 16:57,不法業者載運國軍廢鐵露天堆置。（民眾提供）橋頭地檢署偵辦海軍保修指揮部補給總庫左營分庫張簡、陳姓補給士，與2家環保公司洪、彭、楊姓業者等5人共謀涉貪，自112年5月17日起2度得標海軍廢鐵，以「水箱車」、「磅後補料、回頭偷載」、「調換AB車牌」等3種手法，放水偷磅侵占公產，再於海軍過磅單等登載不實淨重，層轉陸軍四支部結算，造成國庫損失超過2400萬元，環保業者獲利2561萬5082元，橋頭地檢署今天將5人依貪污治罪條例提起公訴，2名補給士各求刑15、11年，3名環保業者求刑10至12年。張簡、陳姓2人為海軍補給總庫左營分庫補給士，負責海軍廢舊及不適用貨物（廢品）保管、監督標售案得標廠商提領、過磅及放行等職務；洪、彭、楊姓男子為環保公司業者，112年以高於市價得標海軍廢鋼鐵標售案，112年5月17日以夾藏水箱儲水及調換AB車牌方式偷磅，被負責監提過磅的陳、張簡姓補給士查獲，業者為求免遭舉發以現金行賄2人。請繼續往下閱讀...5人遂共謀112、114年海軍廢鋼鐵標售案，以3種偷磅手法侵占公產，利用「水箱車」（即在車斗夾藏水箱注水虛增進場空車重量，過磅後將水排入水溝）、「磅後補料、回頭偷載」（於實車過磅後，趁監管人員離場空檔折返續裝廢品）、「調換AB車牌」（以2輛外觀相同車輛，由較輕A車先行過磅後伺機對調車牌，使實際載重較重B車全程免經合法檢磅）等手法偷磅。陳、張簡姓補給士明知每車次實際載重遠高於申報重量，竟於海軍過磅單、放行條、監提記錄表及秤重記錄表等公文書上登載不實淨重，層轉陸軍四支部結算；今年更利用職權掩護業者侵吞無帳籍廢電纜，混入一般廢鋼鐵夾取裝車，再於過磅單與放行條，虛偽登載為廢鐵，層轉陸軍結算，總計造成國庫損失超過2400萬元，業者因此獲利2561萬5082元，陳姓補給士收賄17.5萬元、張簡姓補給士收賄42.5萬元。橋頭地檢署指揮廉政署南調組，並協同高雄憲兵隊、環境部南區環境管理中心，發動3波搜索15處，傳訊被告與證人17人，羈押2名補給士及3名環保業者等，清查犯罪所得共計2561萬5082元，查扣1122萬2839元，共同涉犯貪污治罪條例等案件，並均向法院聲請羈押獲准，經偵查終結提起公訴，法院全數5人裁定接押。    ,https://news.ltn.com.tw/news/society/breakingnews/5581331
海巡中秋勤務威力掃蕩護澎湖 提升稽查密度、維護漁權,社會,2026/09/21 16:15,中國漁船懸掛五星旗進入澎湖海域，遭海巡艇驅離。（澎湖第十三巡防區提供）中秋節連續假期將屆！海巡署13巡防區為防範重大通緝犯，利用海上交通進行『跳島』潛逃出境，啟動「中秋岸、海聯合勤務擴大威力掃蕩」專案任務，自19日中午12時起迄21日中午12時止，整合金馬澎分署第7岸巡隊、艦隊分署第8海巡隊及偵防分署澎湖查緝隊等駐澎單位，全面提升港口、岸際及海域巡邏稽察密度，透過海陸聯合勤務及情資整合，強化查緝能量遏阻不法犯罪，並維護我國漁權，阻止中國漁船越界捕撈。此次專案動員巡防艇10艘、巡邏車10輛、機車12輛，投入執勤人力144人次，結合緝毒犬Geo、小夫及科技偵蒐裝備，對馬公、湖西、澎南、白沙、西嶼12處離島港口、岸際、船舶泊靠區等熱點，加強廢棄空屋、貨櫃、下水道、灘岸、防風林治安死角「地毯式」搜查。請繼續往下閱讀...澎湖西南海域則部署船艇擴大澎湖海域查緝範圍，重層海域防線中，祭出鐵腕執法雷霆手段，以達威嚇效果；專案期間，第7岸巡隊通梁安檢所查獲1名通緝犯、第8海巡隊PP-10071艇於七美西南23.2浬驅離8艘中國越界漁船。海巡署第13巡防區指揮部主任甘禮維表示，秋節期間正逢『澎湖追風音樂燈光節』盛大舉辦，海巡肩負守護國境及海域安全重責大任，勤務不因節日而有鬆懈，海巡於澎湖地區近3年查獲毒品6案、走私活體動物案件3案，顯示不法分子仍伺機從事不法活動，因此藉岸海聯合威力掃蕩專案任務，讓澎湖民眾及觀光遊客安心歡度佳節。澎湖第七岸巡隊在港口區巡查，防範走私偷渡。（澎湖第十三巡防區提供）    ,https://news.ltn.com.tw/news/society/breakingnews/5581289
嘉義民雄隨機揮拳攻擊騎士怪男落網 1週涉2起傷害案警依準現行犯逮捕,社會,2026/09/21 16:12,男騎士停等紅燈，突遭陌生男子揮拳毆打，警方查獲李男涉嫌重大已移送法辦。（擷取自「民雄大代誌」）嘉義縣1名36歲李姓男子9月17日不明原因，在民雄鄉某路口停等紅燈時，莫名朝一名男機車騎士揮2拳，男騎士報案後，警方鎖定李男正四處搜尋，不料相隔4天、9月20日下午，警方獲報大林鎮某社區有民眾發生糾紛，警方到場發現，涉案李男因大聲喧嘩不滿遭人制止，再度毆傷不認識男子，警方依傷害罪嫌準現行犯逮捕，移送嘉義地檢署偵辦。遭毆打男騎士日前在Threads、「民雄大代誌」臉書社群以「注意此人！會突然打人！」貼文，分享事發過程影片表示，騎車載女性友人行經民雄某處路口，時速約每小時50至60公里，騎得好好的，突然在一紅綠燈前被李男謾罵，還打了他2拳並下車衝向他，為了保護後座女友人安全，加速騎車逃離並到民雄警分局報案。請繼續往下閱讀...影片中只見穿黑色上衣、短褲且未戴安全帽的李男騎車停在一部機車旁，用台語罵三字經，嘴中碎念「這是嘉義還催車、怎麼騎車的？」接著揮拳猛打男騎士安全帽2下，男騎士急忙騎車逃離。警方表示，17日下午5時許，接獲受害男騎士報案，立即鎖定李男涉案嫌疑重大查處，20日下午1點多，李男在大林鎮大聲喧嘩不滿遭人制止，與上前制止民眾發生糾紛，再度毆傷對方，警方獲報到場，將其依傷害罪嫌準現行犯逮捕帶返所偵辦。李男1週內涉及當街亂打人，被警方依傷害罪嫌準現行犯移送法辦。（警方提供）    ,https://news.ltn.com.tw/news/society/breakingnews/5581265
燒肉Smile三重店宣布「永久歇業」 過去曾二度失火,社會,2026/09/21 16:07,"燒肉Smile宣布新北三重店永久歇業。（擷取自燒肉Smile臉書）新北市三重區重新路二段的「燒肉Smile新北三重店」，昨（20）日晚間驚傳嚴重火警，因餐桌鍋具起火迅速阻斷逃生動線，迫使多名2樓顧客冒險跳樓求生，整起事故共造成9人受傷送醫。在歷經驚險逃生、自動機器人冷血回覆負評等風波後，燒肉Smile官方臉書今（21）日正式發布公告，宣布新北三重店即日起「永久歇業」。這起火警發生在20日晚間8時許，起火點為1樓桌面的鍋爐，火勢迅速蔓延並產生大量濃煙。事發當時，受困於2樓的9名顧客眼見通道遭火舌與濃煙封鎖，無奈之下只能選擇跳窗逃生，場面險象環生，所幸9人送醫後均僅受輕傷、意識清醒。請繼續往下閱讀...據了解，該址過去就曾於2023年11月及2024年7月接連傳出火警，當時所幸皆未造成人員傷亡，如今再度發生嚴重火災並釀成9人受傷。面對連串公安質疑，「燒肉Smile」官方粉專今日正式宣布，新北三重店即日起永久歇業。三重燒肉Smile20日晚間發生火警，造成9人受傷送醫。（記者徐聖倫翻攝）    ",https://news.ltn.com.tw/news/society/breakingnews/5581256
當心買到！用社群賣中國仿冒品 警在台南逮到「仿冒品家族」,社會,2026/09/21 15:47,警方在倉庫內查扣大批仿冒品。（記者王冠仁翻攝）63歲謝姓男子過去曾因販賣仿冒品被逮，沒想到他不知悔改，事後居然還與64歲蘇姓前妻、35歲兒子「創業」；他們專門從中國進口各種品牌的仿冒品，再透過社群、自設網站來販售。他們販售的仿冒品衣服，比正品市價低廉將近20倍，一件正品要價3、4萬元，他們只賣1、2千元，吸引大批年輕族群；警方循線逮這組「仿冒品家族」，並查扣到551件各式仿冒品。刑事局智慧財產權偵查大隊今天宣布偵破此案。警方在去年3月進行網路巡邏時發現，有一組網路賣家架設網站、透過社群大量販售仿冒的「BALENCIAGA」、「PRADA」、「LV」、「CHROME HEARTS」、「ADIDAS」等國際精品品牌。警方長期布線，發現幕後是謝姓男子與蘇姓前妻、兒子組成的「仿冒品集團」在搞鬼。請繼續往下閱讀...警方今年6月持搜索票前往謝男位於台南市永康區的工作室兼倉庫逮人，一舉逮捕謝等3人，並查扣551件的仿冒精品。警方事後循線聯繫各精品品牌公司確認真偽，在本月陸續接獲回覆，確認謝等人賣的全部是假貨。警方調查，謝等3人透過網站、社群，對外標榜「採用原廠料件、配件開模訂製」，鎖定年輕族群及熟客下單，並透過通訊軟體WeChat及中國大陸二手交易平台「閒魚」，向中國大陸廠商進口仿冒精品，再分工配合物流業者下貨、收貨、理貨及包裝寄貨。據了解，謝經手的仿冒品中，賣得最好的是「BALENCIAGA」相關服飾，一件要價3、4萬元的正品，他們只賣1、2千元，價格最高可以相差高達20倍，因此吸引大批年輕人訂購。不過，他們的成本低廉，1件2千元的衣服，其成本可能只有400至600元，暴利驚人。警方最後將謝等人依違反商標法罪嫌送辦，同時也呼籲消費者切勿購買來路不明之商品，以免權益受損；同時也提醒民眾勿心存僥倖販售仿冒品，觸犯刑責。警方將持續加強查緝侵害智慧財產權案件，展現政府打擊不法、保障商標權人及消費者權益之決心。謝等3人架設網站、透過社群賣仿冒品。（記者王冠仁翻攝）警方查扣相關仿冒品。（記者王冠仁翻攝）警方查扣相關仿冒品。（記者王冠仁翻攝）    ,https://news.ltn.com.tw/news/society/breakingnews/5581199
違法轉包詐貸逍遙趴趴走 民眾黨揭郭再欽友人如「吳乃仁翻版」,社會,2026/09/21 15:42,民進黨前中執委郭再欽（見圖）涉超貸案被起訴，民眾黨今指出，與郭同夥的友人蔡清旭過去曾藉曾文水庫清淤工程名義「違法超貸」。（資料照）台南市10餘年前爆發學甲農地爐渣案，民進黨前中執委郭再欽遭控以明祥馨公司掩護，非法暴利21.6億元，經南檢偵辦多年，法院月前一審依違反「廢棄物清理法」等罪，判郭8年6月有期徒刑；不過，民眾黨今指出，與郭同夥的友人蔡清旭過去曾藉曾文水庫清淤工程名義「違法超貸」，痛批政府讓司法體系放任「綠友友」，形同「0元購」。民眾黨黨團今（21日）召開「違法轉包、假合約詐貸！綠營權貴『零元購』！」記者會，立法委員洪毓祥、高雄市議員參選人林于凱出席說明。請繼續往下閱讀...洪毓祥表示，比對法院判決、政府採購資料、銀行融資紀錄及土地交易資料，一項2018年決標的曾文水庫抽泥作業第三期工程，由蔡清旭擔任負責人的鴻欣營造得標，得標金額5.91億元，總抽泥量510萬噸；豈料，蔡公然違反採購契約，逕自轉包給宸峰工程，宸峰再轉包晉立、晉昌、晉誠3家公司施作，更拿假合約向銀行「詐貸」，但行政機關毫無作為。洪毓祥進一步以經濟部水利署南水局驗收報告說明，指出晉誠公司就是工程實際執行者，但南水局竟毫無警覺，放任將近3年9個月的工程違法施作，痛批經濟部行政怠惰；他更揭露，鴻欣營造轉包工程後，每噸清淤成本從65.5元驟降至僅10元，而轉包、承包公司間有明顯借貸關係，直指公共工程牽涉不當金流，結果行政部門、司法單位卻視而不見。民眾黨高雄市議員參選人林于凱說，這個案子連當事人都親口承認非法承攬、法院也認證「零元購」確實違法，但地檢署卻完全沒動作，台南地院甚至為其「大開後門」，撤銷科技監控放任蔡在外逍遙趴趴走，砲轟政府放任司法體系護航「綠友友」，猶如「吳乃仁翻版」，呼籲檢調盡速偵辦，捍衛民眾對司法的信心和公信力。    ,https://news.ltn.com.tw/news/society/breakingnews/5581200
曹興誠再為私密照風波要告謝寒冰  法院駁回自訴聲請不得抗告,社會,2026/09/21 15:27,政治評論員謝寒冰去年爆料聯電創辦人曹興誠過去有婚外情，並公布其與中國女子親密照，曹再聲請准許提起自訴，但經過台北地院審查後，裁定駁回，且命不得抗告。政治評論員謝寒冰去年2月17日在其YouTube頻道「謝寒冰-有哏來爆」中，爆料聯電創辦人曹興誠過去有婚外情，並公布其與中國女子親密照。曹提告謝違反個資法、選罷法及散布不實性影像罪，但謝均獲不起訴。曹再聲請准許提起自訴，但經過台北地院審查後，裁定駁回，且命不得抗告。曹興誠聲請指出，謝寒冰明知其為台北市第7選區信義、南松山第11屆立法委員徐巧芯罷免案之領銜人，也知悉所有的照片是透過深度偽造方式製作，但仍意圖使徐巧芯罷免案否決，於2025年2月16日從爆料者手中獲得照片後，隔日在「謝寒冰-有哏來爆」頻道中，將照片重製後對外散布，並指謝的行為是非法利用個資、發表不實言論，並影響罷免案的正確判斷。請繼續往下閱讀...法院表示，含有曹興誠裸露畫面及與中國女子的照片，經過警政署刑事警察局、法務部調查局檢測後，因為部分圖片沒有包含臉部，所以無法檢測是否使用深偽技術，部分圖片則未發現深度偽造，難以認定經他人後製而成。此外，謝寒冰在警詢時，供稱自己有核對該名中國女子的身分，且曹與該名女子多次在香港、深圳出入公共場合從事藝文相關活動，並數次搭乘同班飛機出入香港，且該名女子還是廣東賢諾文化發有限公司的代表人。法官認定，經檢測後，無發現是以深度偽造方式製作，謝寒冰質疑曹與該女子關係過從甚密並非毫無依據，因此無從以公職人員選舉罷免法、散布及播送不實性影像罪責相繩。個資法部分，法官指出，為增進公共利益之必要，非公務機關蒐集或處理、利用個人資料，無從以刑責相繩，而謝寒冰行為即屬於增進公共利益所必要而蒐集或處理、利用，因此認為曹興誠聲請自訴無理由，應予駁回，且不得抗告。    ,https://news.ltn.com.tw/news/society/breakingnews/5581195
不滿指甲銼刀一用就壞！ 衝量販店退貨爆衝突 亮刀揮舞嚇壞民眾,社會,2026/09/21 15:21,警方趕抵現場將陳男控制，並在他身上查扣水果刀。（記者鄭淑婷翻攝）桃園市平鎮區1家量販店今（21）日上午11點51分發生男子持刀揮舞事件，警方獲報到場迅速控制45歲陳姓男子，經查衝突起因竟是指甲銼刀。陳男日前到該量販店雜物零售櫃檯購買指甲銼刀，今日突然跑到櫃檯向店家稱，「銼刀很爛、一用就壞！」要求退貨並換新，過程中發生爭執，陳男情緒失控恐嚇店家，並拿出水果刀揮舞。請繼續往下閱讀...警方獲報後迅速到場控制陳男，並在他身上口袋查扣水果刀，羅男失控舉動嚇壞購物民眾，店員更是驚魂未定說，「羅男把東西拿回來，又要再跟我買東西，根本不敢再賣他了！」警方隨後將人帶回派出所，訊後依恐嚇危害安全罪嫌移送桃園地檢署偵辦。    ,https://news.ltn.com.tw/news/society/breakingnews/5581186
獨家》基隆市府辦半程馬拉松 警凌晨3點交管只發20元麵包果腹,社會,2026/09/21 15:02,警員凌晨起來協助半程馬拉松，卻只拿到20元麵包果腹。（記者吳昇儒攝）基隆市政府今年接手辦理半程馬拉松活動，卻頻頻出狀況，昨天傳出獎牌計算錯誤，9K組500多名選手領不到獎牌。另更傳出市府請警察局協助交通管制，卻只發一個20元麵包當作同仁的早餐，引發基層警員抱怨。經反映後，除了警察局先加發一盒牛奶外，主辦單位則再「加碼」運動飲料一罐。「凌晨3點起來值勤，只有20元麵包果腹」不願具名的警員指出，前兩屆半程馬拉松是由民間單位主辦，市政府協辦，但每位協助的警員都有100元的早餐可以補貼，不論金額多寡，起碼是對協助的同仁一個尊重；本想說市政府主辦之後，至少能與前一屆相同，或是給規定的基本門檻，結果只收到20元的麵包一個，第一時間連飲料、牛奶都沒有。請繼續往下閱讀...資深警官指出，基隆市警察局目前早餐費是50元，但只發一個20元麵包似乎不太合宜，至少給個飲料或牛奶。據悉，基隆市警察局接獲基層同仁反映後，第一時間先請各分局添購牛奶發放，另也將此事轉知主辦單位，後來再補發運動飲料一罐，雖然事後有補救措施，但已經引起基層同仁不滿。    ,https://news.ltn.com.tw/news/society/breakingnews/5581155
員林上演街頭「醉拳」！2男光腳躺斑馬線交纏 路人全看傻,社會,2026/09/21 15:00,2名年約50歲男子，酒酣耳熱後發生推擠，倒臥在斑馬線上拉扯，宛如上演街頭版「醉拳」。（圖由民眾提供）彰化縣員林市昨（20日）晚間發生街頭互毆事件，2名年約50歲男子相約到小吃店吃飯喝酒，未料酒酣耳熱後一言不合，從店外一路推擠到馬路，最後雙雙倒在斑馬線上揮拳、扭打，還打到鞋子脫落、光著腳交纏，踉蹌身影宛如上演街頭版「醉拳」。離譜過程被路人拍下，影片曝光後引發熱議。影片中可見，2名男子躺在斑馬線上扭成一團，2人彼此抓住對方並拉扯，完全不顧身旁仍有車輛通行，民眾見狀危險，趕緊報警。請繼續往下閱讀...員林警分局表示，20日8時許接獲報案，員鹿路附近發生民眾糾紛，並有人推倒機車，警方立即派員到場處理。初步調查，2名男子彼此認識，當晚相約在附近小吃店用餐飲酒，不料餐後走出店外時發生口角，隨即動手互毆，一路從店門口打到道路中央。由於雙方事後均不提出刑事告訴，警方仍依涉嫌違反《社會秩序維護法》第87條移送偵辦。警方呼籲，飲酒應適量，民眾在公共場所發生爭執時務必保持理性，切勿以暴力解決問題，警方對滋事、鬥毆行為將依法究辦。警方獲報到場壓制2人。（圖由民眾提供）    ,https://news.ltn.com.tw/news/society/breakingnews/5581154
富邦人壽喋血》兇嫌攜3水果刀尾隨進廁砍人 現場留他人證件誤導辦案,社會,2026/09/21 14:48,富邦人壽喋血案，警方封鎖現場查處。（記者姚岳宏翻攝）富邦人壽位於台北市中山區建國北路二段的聯絡處，今天上午11時許發生驚悚喋血案，40歲黃姓男子攜帶3把水果刀在辦公室外休息區埋伏，見38歲洪姓男業務進入廁所後便尾隨攻擊，雙方在廁所內爆發激烈持刀扭打，2人皆身中多刀、傷勢嚴重且一度意識不清，經警消到場緊急分別送往馬偕與台大醫院搶救，目前在加護病房治療中。這起案件初期一度傳出犯嫌身分有誤，由於案發現場遺留1張48歲伊姓男子的證件，警方原先以為伊男就是持刀凶嫌，經聯繫伊男查證，他表示該證件日前已遺失，警方根據行兇者身上的資料，初步查出應為40歲黃姓男子，為求慎重，已前往醫院採集指紋比對身分確認。請繼續往下閱讀...警方調查，黃男當時雙手各持1把水果刀朝洪男瘋狂揮砍，洪男奮力反抗並疑似持刀還擊，其他員工聽聞廁所傳來激烈爭吵打鬥聲後立刻報警，警消趕抵現場時，不僅發現2人倒臥血泊，現場還遺留1把折斷的水果刀，隨後更在黃男隨身包包內搜出第3把水果刀，顯見其有備而來。這場激烈扭打造成黃男後頸、胸口、左右大腿內側及雙手腕有明顯割傷，洪男則是右頸部與胸部中刀重創。轄區中山分局民權一派出所已成立專案小組，持續調閱大樓監視器畫面與查訪相關人員，尚無法確認行兇者是保戶或有何目的，警方已封鎖現場進行採證，將等2名傷者傷勢穩定後進一步製作筆錄，釐清確切的犯案動機與過程。    ,https://news.ltn.com.tw/news/society/breakingnews/5581159
高雄19歲女騎士左轉碰撞直行機車 警方釐清肇責,社會,2026/09/21 14:45,高雄19歲女騎士左轉碰撞直行機車，警方釐清肇責。（民眾提供）高雄市柯姓女子（19歲）騎乘機車至五福四路，綠燈左轉時與對向直行機車追撞，造成2人受傷，警方獲報到場處理並交管，警方初步調查，雙方並無酒駕情事，全案由交通警察大隊分析研判，以釐清肇責。鹽埕警分局今（21）日指出，七賢路派出所昨午接獲報案，鹽埕區五福四路發生交通事故，警方立即到場處置；經了解，柯女（19歲）騎乘機車沿五福四路東向西行駛左轉時，不慎與由黃女（21歲）騎乘的機車，沿五福四路西向東垂直碰撞。請繼續往下閱讀...2名機車女騎士手腳擦傷，黃女傷勢較重送醫救治，警方到場初步調查，雙方無酒駕情事；全案肇責將移由本局交通警察大隊分析研判。鹽埕警分局呼籲，民眾駕車應注意車前及四周狀況減速慢行，共同維護道路交通安全。高雄19歲女騎士左轉碰撞直行機車，雙方無酒駕，警方釐清肇責。（民眾提供）    ,https://news.ltn.com.tw/news/society/breakingnews/5581120
精神不穩男子大鬧台北地下街 拆電視噴滅火器還在路上推倒騎士,社會,2026/09/21 14:44,一名精神狀況不穩的男子，胡亂噴灑滅火器。（記者王冠仁翻攝）一名列管在案、長期精神狀況不穩的39歲男子，今天早上忽然跑到台北地下街、京站等處，胡亂拿取滅火器噴灑、破壞地下街的電視，隨後還跑到馬路上胡亂推倒一名經過的機車騎士，導致3位民眾受傷。警方獲報火速趕到現場，在目擊民眾指認下於周邊逮到他，警方最後將他依竊盜、毀損、傷害等罪嫌送辦。警方調查，這名39歲男子長期精神不穩、被登記列管，他近期居無定所，都在台北地下街、台北車站附近流連。今天早上8時許，他忽然現身台北地下街，不分青紅皂白徒手拆下一台電視並丟在地上，隨後又拿地下街的滅火器胡亂噴灑；他接著跑到京站，又亂拿走滅火器至附近巷弄丟棄，再跑到長安西路上，趁機車騎士經過時將人推倒。請繼續往下閱讀...由於當時路上車流量不小，被這名男子推倒的機車騎士波及到另外2人，總共有3名機車騎士受傷。轄區警方火速趕到現場，目擊民眾告訴警方鬧事者就是他，警方在附近追上他將他攔下逮捕。據了解，這名男子落網後，情緒稍微穩定，他聲稱自己進來沒有服藥導致症狀發作，自己也不知道為什麼會做出這些事情。一名精神狀況不穩的男子，亂拆台北地下街的電視。（記者王冠仁翻攝）一名精神狀況不穩的男子，當街胡亂推倒機車騎士。（記者王冠仁翻攝）    ,https://news.ltn.com.tw/news/society/breakingnews/5581148
偵破橫跨台馬泰「訂製嬰兒」集團  22台男委託、產下25新生兒,社會,2026/09/21 14:43,台中地檢署破獲以中國籍程姓男子為首的「訂製嬰兒」集團，該集團還提供卵母、代理孕母供挑選。（記者陳建志翻攝）台中地檢署指揮移民署台中專勤隊，查獲以「UT麗舍」及「同合新生」等名義，透過網路攬客的跨境「訂製嬰兒」集團，該集團以每名新生兒收費約新台幣200萬元至450萬元不等金額，由台灣籍生父前往馬來西亞取精，再挑選不同學經歷的泰國籍卵母及代理孕母，懷孕8個月後再來台生產，並安排生父認領，共接受22名台灣男性委託「訂製嬰兒」，生下25名新生兒，將中國籍程姓主嫌（34歲）和徐男、吳女等同夥依違反人工生殖法等罪嫌提起公訴。台中專勤隊發現，有多名泰國女子因在台生產而逾期停留，且具有「以觀光免簽證名義來台」、「生產後隨即出境」、「集中在相同婦產科診所生產」，以及「台灣男子認領新生兒後，生母即返回泰國」等共同特徵，察覺有異後報請台中地檢署偵辦。請繼續往下閱讀...於今年6月4日持搜索票，前往台中一家婦產科，查扣代理孕母的分娩紀錄，並發現診所內數名待產中的代理孕母，共查獲中國籍的程姓主嫌（34歲），以及台灣籍負責接送、安排生產、報戶口的徐姓男子（40歲）、吳姓女子（54歲），並通緝幕後中國籍的2名劉姓主嫌。台中專勤隊調查發現，程姓男子（34歲）等人在泰國設立人工生殖及代孕公司，並在網路及社群平台廣告跨國代孕業務，分享成功案例。該集團分工縝密，犯罪地點橫跨馬來西亞、泰國、台灣，顧客一經介紹後，即提供大量各行各業、不同學經歷的泰國籍「卵母個人資料及照片」供其於網站挑選卵母，並宣稱加價即可「指定寶寶性別」，中檢指出，該集團提供的「訂製嬰兒」，採跨國分工方式進行一條龍服務，由生父前往馬來西亞採集精子，並依指定性別進行篩選，生父在泰國挑選不同國籍或族裔的卵母及泰國籍代理孕母；卵母再赴馬來西亞取卵，經體外受精形成胚胎後，植入代理孕母子宮，代理孕母返回泰國養胎，懷孕逾8個月後，以觀光免簽證方式來臺待產及分娩，待新生兒出生後，集團安排DNA鑑定確認親子關係，再由生父辦理出生及認領登記，提供跨境一條龍的服務。台中地檢署破獲以中國籍程姓男子為首的「訂製嬰兒」集團，查扣相關出生證明與病歷資料。（記者陳建志翻攝）    ,https://news.ltn.com.tw/news/society/breakingnews/5581160
北市富邦大樓驚傳砍人事件 蔣萬安發聲,社會,2026/09/21 14:30,台北市長蔣萬安回應中山富邦人壽辦公室砍人案。（記者蔡愷恆攝）台北市中山區富邦人壽通訊處，今上午有外部人士以刀具攻擊員工，兩人皆受傷送醫；富邦表示，公司高層業務主管已前往醫院探視。台北市長蔣萬安今受訪表示，警察局第一時間即報備，目前已經掌握犯人的身分，正在釐清犯人的動機。蔣萬安說，我們也要求整個包括大樓整體的安全加強維護，而且警方接下來就會進一步跟大家做細節說明。    ,https://news.ltn.com.tw/news/society/breakingnews/5581152
有一種餓叫做「李媽」怕你餓！北市敦南派出所飄香27載 她月底將榮退,社會,2026/09/21 14:27,基層同仁不捨說道，李媽總是把派出所同仁當成自己的小孩，她每月上班工作26天，每餐準備至少2道肉類，還有魚、肉、蛋、青菜等及一大鍋湯，若以每月每位同仁搭伙一餐只需繳交1300元、二餐2600元來說是相當豐盛。（記者邱俊福攝）台北市警大安分局敦化南路派出所本月底即將誕生一位「退役同仁」李媽，她陪著員警走過27個年頭，雖然沒有拿著警械執勤，但總是準備多樣化美味佳餚，成了最佳後勤補給戰力，而警察局長林炎田今除了秋節慰勞基層外，還特別頒發紅包及榮退小禮物感念李媽默默付出。據了解，李媽從1999年8月10日起擔任敦化南路派出所廚師，歷經921大地震、舊派出所改建，一路走到新的派出所駐地，但今年已73歲年邁的她，決定在本月底光榮退休，27年的廚房後勤補給工作也將畫下句點。請繼續往下閱讀...基層同仁不捨說道，李媽總是把派出所同仁當成自己的小孩，她每月上班工作26天，每餐準備至少2道肉類，還有魚、肉、蛋、青菜等及一大鍋湯，若以每月每位同仁搭伙一餐只需繳交1300元、二餐2600元來說是相當豐盛。基層指出，由於不少同仁在外執勤，若遇上處理案件無法準時吃飯，但李媽都會等到最後一名員警吃完才會下班，而且若是當時菜已經不夠，她還會自掏腰包煮麵來餵食，同仁之間也流傳著有一種餓叫做「李媽」怕你餓。據悉，李媽曾與家人一起賣豆漿，但因房東收回店面只好另謀出路，之後進入廚房工作，由於當時敦化南路派出所正好原廚師離職，李媽透過友人介紹下接下這份工作，一路陪伴同仁度過無數個忙碌日子，迄今已27年，即將在本月底光榮退役。李媽從1999年8月10日起擔任敦化南路派出所廚師，歷經921大地震、舊派出所改建，一路走到新的派出所駐地，但今年已73歲年邁的她，決定在本月底光榮退休，27年的廚房後勤補給工作也將畫下句點。（記者邱俊福攝）台北市警察局長林炎田今除了秋節慰勞基層外，還特別頒發紅包及榮退小禮物感念李媽默默付出。（記者邱俊福攝）    ,https://news.ltn.com.tw/news/society/breakingnews/5581133
慘！冰櫃命案死者父母已雙亡 泰女遺體恐留台無人領回,社會,2026/09/21 14:25,吳嫌將屍體放進行李箱準備運往台中。（資料照）36歲泰國籍女子Arth（中譯：亞思），本月2日來台與交往年餘的男友吳俊毅談分手，12日慘遭勒斃，還被塞入旅行箱運往吳位於台中工作地點的冰櫃藏屍，直到警方18日獲報，這才逮到吳並在冰櫃中找到她遺體。不過，警方發現她父母早已雙亡，外交部雖然透過管道聯繫她家鄉其他親屬，這些親戚近期似乎無法來台處理，她短期恐無法落葉歸根。據了解，亞思的父母早已雙亡，她雖然還有其他親友，但此案發生後警方完成驗屍程序並通報外交部，外交部曾通知她的親友。不過，她家鄉親友短期內似乎都無意願、無能力來台處理後續，她的遺體恐將成為「有名無主屍」，屆時恐將由殯葬處或社福團體進行火化、安置。請繼續往下閱讀...警方指出，亞思本月2日來台，入住台北市昆明街1家旅館，吳多次前往，期間她都還有跟親友聯繫；她原本預計14日離台，卻遲遲沒有消息，她親友18日才透過在台友人報警。警方調閱監視器畫面發現，吳12日深夜到旅館直到13日凌晨離開，出入都帶著行李箱，警方推測亞思已遭遇不測，18日隨即前往台中循線逮到吳並在其工作地點的1處冰櫃中找到她遺體。    ,https://news.ltn.com.tw/news/society/breakingnews/5581127
「就差那麼一咪咪」！苗栗台3線騎士跨雙黃線 對向車急閃避,社會,2026/09/21 14:19,普通重機車行經彎道路段時，跨越雙黃線駛入對向車道。（脆友closing_0512提供）脆友發文並附上行車紀錄器影像指出，在苗栗縣獅潭鄉台3線約118公里處，有普通重機車行經彎道路段時，跨越雙黃線駛入對向車道，對向機車緊急閃避，雙方驚險擦身而過，所幸未造成人員受傷或交通事故。轄區大湖警分局表示，該事件發生於20日，經初步檢視影像，該普重機車當時由北往南方向行駛，行經該路段時，有高速過彎並跨越雙黃線駛入對向車道之危險駕駛行為；經追查車籍資料，車主為越南籍人士，將通知到案說明。警方並強調，違規行為如查證屬實，將依道路交通管理處罰條例依法舉發；如涉及刑事責任，亦將依法偵辦。請繼續往下閱讀...原PO發文「騎車量力而為，就差那麼一咪咪，就被你處理掉了，重點你還在顧著看自己的路線，不顧其他人。」還有網友留言舉證「太誇張了，我前面2台，包含自己都被嚇一跳！」大湖警分局呼籲，台3線部分路段彎道多、視距有限，駕駛人行經山區道路應依速限行駛，切勿跨越雙黃線、任意駛入對向車道或從事競速、競技等危險行為。道路是供所有用路人安全通行的公共空間，切勿將道路當成競速賽道，避免因一時逞快造成無法挽回的事故。    ,https://news.ltn.com.tw/news/society/breakingnews/5581087
獨爬山友霞喀羅步道遇崩塌體力不支  搜救隊徹夜挺進救出,社會,2026/09/21 14:18,新竹縣消防局增派人力與物資，採分組、多方向推進搜尋受困登山客。（新竹縣消防局提供）霞喀羅國家步道山域發生登山客受困事故。1名男性山友19日獨爬霞喀羅，下山途中遭遇崩塌無法通行，折返時又因體力耗盡陷入困境，急撥119求援；新竹縣政府消防局搜救團隊克服夜間低溫、溪溝及峭壁崩壁等險阻地形，徹夜多路挺進，當晚終於成功將受困男子安全帶回登山口。新竹縣消防局表示，19日下午4點11分接獲求救電話，受困男子表示位於海拔高度1780公尺左右，因前方步道崩塌受阻，已超過16小時沒進食，又冷又虛弱，無法繼續自行下山。指揮科隨即指示男子於原地安全處待援，同時派遣五峰分隊首批4名搜救人員入山，並同步透過基地台定位與手機資料掌握最新座標。請繼續往下閱讀...夜間搜救充滿不確定性，首批搜救人員於當晚10時許抵達石鹿大山三角點，但山區地形複雜，看似近在咫尺的座標點，中間卻隔著斷崖與溪溝。次日清晨，搜救團隊進入溪溝後遇上大崩壁無法下切，只得回撤另尋路徑；消防局隨即增派人力與物資，採分組、多方向推進。搜救人員幾經折返與地形判讀，終於在20日下午3點18分順利接觸受困男子。經初步評估，男子身體狀況良好未受傷。搜救團隊隨即給予適當補給，並陪同其循安全路線小心翼翼下撤，歷經5個半小時的艱辛跋涉，於當晚8點57分全數平安返回霞喀羅步道登山口，順利化解這場山林驚魂。新竹縣消防局提醒，山區路況易受天候與地質影響，民眾登山前應確實掌握步道最新動態，切勿冒險強行通過危險崩塌處。同時，入山前務備妥離線地圖、行動電源與通訊裝備，若不幸迷途或受困應及早求救並保持原地待援，以利搜救人員精準救援。新竹縣政府消防局搜救團隊克服夜間低溫、溪溝及峭壁崩壁等險阻地形，徹夜多路挺進。（新竹縣消防局提供）新竹縣搜救團隊陪同山友循安全路線小心翼翼下撤，歷經5個半小時跋涉，終於平安下山。（新竹縣消防局提供）歷經5個半小時的艱辛跋涉，終於在19日晚間平安返回霞喀羅步道登山口。（新竹縣消防局提供）    ,https://news.ltn.com.tw/news/society/breakingnews/5581078
觸犯毒品案被通緝 男子深夜一見警車就跑露餡 持毒再被逮,社會,2026/09/21 14:14,劉男見到警察就跑，最後被壓制帶回偵辦。（記者吳昇儒翻攝）26歲劉姓男子因觸犯毒品案件，被新北地方法院判處6年徒刑，因執行未到案，被發布通緝。今日凌晨0時50分，劉男在汐止街頭閒晃，一見到巡邏警車經過，竟逃進巷弄內。員警見狀，立即下車追捕，並實施攔截圍捕，並於明峰街一帶將人逮捕到案，並在其身上起出K他命。警詢後，將劉男移送新北地檢署歸案、偵辦。新北市汐止警分局社后派出所巡邏員警在轄區巡邏時，發現一名男子看到警車一經過，拔腿逃往巷弄內，直覺對方一定有問題，隨即下車追捕。請繼續往下閱讀...警方追至明峰街一帶時，劉男體力不支，只好乖乖束手就擒。警方查詢資料得知，劉男先前觸犯毒品案件，被判處6年徒刑，因執行未到，被新北地檢署發布通緝。警方搜身時，又在其身上搜出K他命，詢問後，將其移送新北地檢署歸案、偵辦。    ,https://news.ltn.com.tw/news/society/breakingnews/5581097
7旬婦迷路求助警 驚覺竟是詐團車手,社會,2026/09/21 14:05,邱婦向警方問路。（記者徐聖倫翻攝）新北市板橋區74歲邱姓婦人，日前手持手機、神情緊張地在街頭徘徊，板橋警分局巡邏員警見狀上前關心指引方向，卻發現邱婦神情怪異且不斷用手機與電話另一頭的「邱主任」通話。員警察覺有異並檢視其對話紀錄，赫然發現竟是領取提款卡與丟包的指令，意外戳破邱婦的詐團車手身分，當場將她帶回法辦。​警方調查，邱婦9日上午步行經館前西路與南雅東路口時因不熟路況而迷路，員警指引方向時發現她手持手機口中喊著「邱主任」並進行LINE通話。經邱婦同意查看手機後，員警發現內容涉及提款卡包裹領取及丟包對話，隨即進行深入詢問。邱婦見無法隱瞞，才坦承自9月3日起聽從詐團指示，前往台北市領取含有提款卡的包裹，再至板橋四川路及新興路一帶丟包，待同夥取走卡片提領贓款後，即可獲得2000元報酬。請繼續往下閱讀...​警方確認邱婦涉案後，隨即將她帶回派出所，並至丟包地點查證。邱婦承認犯案，警詢後依詐欺、違反洗錢防制法等罪嫌，將邱婦移送法辦。警方察覺有異，一查發現邱婦竟是詐騙車手。（記者徐聖倫翻攝）    ,https://news.ltn.com.tw/news/society/breakingnews/5581086
龍潭交流道橋下清潔區隊突冒大火烈焰 大量黑煙衝向國3,社會,2026/09/21 13:53,國道3號橋下桃園龍潭清潔隊彈簧墊堆置區大火烈焰、黑煙直竄。（取材臉書粉旅行履行中）國道3號龍潭交流道下方桃園市區清潔隊停車場和辦公廳舍，今天近午冒出大火和大量濃煙，高速公路來往車輛都可以看到怵目驚心的黑煙往上竄，消防隊據報後調派多輛救災車趕往現場，火勢於中午撲滅，無人受傷，初步研判疑為堆置的鋰電池自燃，確切原因還要進一步釐清。桃園市議員徐玉樹在龍潭區神龍路直擊這場火警、到場關心表示，火場就在龍潭北二高橋下，也就是龍潭清潔隊公務車輛的停放區和辦公廳舍，中午約11點15分，平時沒停車單純暫時放置回收物的位置發生大火，現場堆放物另有一些是彈簧床墊，還有一些嬰兒車、代步車，不明原因冒出火光，在大風的助長下火勢非常大，旁邊是住宅區，上面剛好是高速公路，大量的濃煙和火光很嚇人，有民眾見巨大黑煙還直呼「快嚇死」。請繼續往下閱讀...桃園市消防第四大隊龍潭分隊於上午11時16分獲報，共調派消防人員67名、消防車22輛、救護車1輛前往橋下空地，現場無危險物品，主要燃燒資源回收場家具類廢棄物及鐵皮臨時屋，燃燒面積36平方公尺，經消防人員全力搶救，火勢約23分鐘後控制、中午12時撲滅，幸無人員受傷、受困。至於詳細起火原因仍待調查釐清。國道3號橋下桃園龍潭清潔隊彈簧墊堆置區大火烈焰、黑煙直竄。（取材國道即時影像）桃園龍潭清潔隊彈簧墊堆置區大火烈焰、黑煙直竄，消防隊員全力搶救。（議員徐玉樹提供）桃園龍潭清潔隊彈簧墊堆置區大火烈焰、黑煙直竄，消防隊員全力搶救。（記者李容萍翻攝）桃園龍潭清潔隊彈簧墊堆置區大火烈焰、黑煙直竄，消防隊員全力搶救。（記者李容萍翻攝）    ,https://news.ltn.com.tw/news/society/breakingnews/5581064
女子開車疑碰撞 同向騎機車婦人跌倒受傷,社會,2026/09/21 13:43,黃姓女子開車行經台中市神岡區中山路，與行駛外側車道同向騎機車的陳姓女子疑發生碰撞。（圖由民眾提供）今天上午7時53分左右，黃姓女子開車行經台中市神岡區中山路，行駛外側車道疑與同向騎機車的陳姓女子發生碰撞，造成陳女跌倒，手腳擦挫傷，警方獲報到場處理，2人皆未酒駕，詳細肇事原因及責任歸屬，將由交通警察大隊進一步調查分析釐清。豐原警分局於今天上午7時53分接獲報案指稱，神岡區中山路發生交通事故，立即派員到場處理。員警到場了解，黃姓女子（30歲）駕駛轎車，沿中山路外側車道往豐原方向行駛，與騎機車同向行駛的陳姓女子（68歲）疑發生碰撞，致陳女跌倒受傷，致手腳擦挫傷。請繼續往下閱讀...警方初步調查，2名駕駛均無酒駕情形，詳細肇事原因及責任歸屬，將由交通警察大隊進一步調查分析釐清。豐原分局社口小隊小隊長蔡榮輝呼籲，駕駛人行車時應隨時注意前方路況及周遭車輛動態，尤其是同向行駛時也應保持適當安全距離，切勿貿然變換車道或超車，落實防禦駕駛，共同維護行車安全。黃姓女子開車與騎機車的陳姓女子疑發生碰撞，致陳女跌倒受傷。（圖由民眾提供）    ,https://news.ltn.com.tw/news/society/breakingnews/5581039
富邦人壽證實業務同仁遭攻擊 高層赴醫院探視,社會,2026/09/21 13:22,富邦人壽證實業務同仁遭攻擊，高層赴醫院探視。（資料照）富邦人壽位於台北市中山區建國北路二段上的通訊處，今天上午傳出喋血事件。富邦人壽證實，通訊處業務同仁遭外部人士攻擊受傷，將全力配合釐清，公司高層業務主管已前往醫院探視。但富邦人壽表示，今日上午本公司通訊處業務同仁遭外部人士攻擊受傷，第一時間已將受傷同仁送醫救治，並已通報警方調查中，本公司將全力配合釐清。請繼續往下閱讀...富邦人壽指出，公司高層業務主管亦已前往醫院探視同仁及關心家屬，同時也安撫單位同仁情緒。相關新聞請見：北市富邦人壽辦公室驚傳砍人案 2男多處刀傷送醫急救    ,https://news.ltn.com.tw/news/society/breakingnews/5581062
曾囂張在北檢大門砍人 北聯幫堂主假投資騙千萬被聲押,社會,2026/09/21 13:11,警方詢後依違反組織犯罪條例、詐欺、洗錢防制法及毒品危害防制條例移請台北地檢署偵辦，其中含黃男在內5人遭聲押。 （記者鄭景議攝）上稿時間：2024年7月19日更新時間：2026年9月21日北聯幫北武堂堂主黃琝翔，過去曾帶人在台北地檢署外持刀砍人，日前他在臉書社群投放飆股廣告，詐騙民眾進行假投資，有民眾遭詐1010萬元血本無歸，台北市中正二分局警方17日逮捕黃在內共9人，依組織犯罪條例、詐欺、洗錢防制法以及毒品等罪嫌送辦，其中含黃男在內5人遭聲押，台北地院於115年6月判黃無罪，台北地檢署已提起上訴，全案由高等法院審理中。請繼續往下閱讀...據了解，34歲黃琝翔平時以北聯幫北武堂堂主自居，過去在前警官許恒瑞吸金案時，曾為了力挺許帶著幫眾在台北地檢署外與他人鬥毆，還有幫眾帶著刀將人砍傷，一男子連肌腱、神經都被砍斷，北檢認為黃琝翔等人目無法度的程度「非常人能想像」、藐視司法、向公權力挑戰，依殺人未遂等罪起訴黃琝翔等10人。他夥同幫眾在今年3月時於臉書投放飆股廣告，然後誘騙民眾加入LINE飆股社團，並透過假APP製造獲利假象，讓民眾持續投資，待民眾想拿回本金時才發現自己遭封鎖，詐團累計不法所得約3000餘萬元，部分被害人尚在持續清查。有民眾在5月份時加入社團，兩次投入25萬元的資本都有10萬元獲利，開心下持續投資，分8次陸續投入1010萬元，等到想將本金及獲利取回時，才發現遭封鎖血本無歸，被害人氣憤下於6月前往中正二分局報案。中正二分局警方17日兵分多路分別前往新北市中和區、淡水區及北市中正區、中山區及大同區民族路上詐團據點執行搜索，查緝黃姓犯嫌等9人到案，並查扣愷他命（總毛重10.4克）、手機14支、新台幣14萬1000元、監視器主機2臺、電腦主機2台及自小客車1台等證物。警方詢後依違反組織犯罪條例、詐欺、洗錢防制法及毒品危害防制條例移請台北地檢署偵辦，其中含黃男在內5人遭聲押。北聯幫北武堂堂主黃琝翔，過去曾在台北地檢署外持刀砍人。 （記者鄭景議翻攝）    ,https://news.ltn.com.tw/news/society/breakingnews/4741764
愛爾麗偷拍案 常如山延長羈押禁見2個月,社會,2026/09/21 13:08,愛爾麗連鎖醫美總裁常如山。（資料照）新北地檢署偵辦愛爾麗連鎖醫美偷拍案，經調查被害者高達99人，含4名未成年者，6月間依起訴集團總裁常如山、總經理劉貞華、常的特助張元齡、設備商謝金亨、會計蔡怡貞，對常求刑14年、劉13年、張12年、謝及蔡9九年；另謝的妻子、兒子2人，因陪同滅證也被起訴；移審後，新北地院合議庭裁定，常、張、謝羈押禁見3月，因期間即將屆滿，經評議後仍認為3人有羈押必要及原因，裁定自9月26日起延長羈押禁見2月。檢警追查，常、劉等人涉自2019年至去年12月間，於台北松江、忠孝店、新北永和、新莊、板橋、林口店及台中崇德共7家分店診間角落，裝針孔偷拍消費者面容、更衣或裸露胸部、下半身等隱私部位。今年5月1日，一名女顧客到板橋店進行療程時發現揭發，檢警發動數波行動將常、張、謝聲押獲准。請繼續往下閱讀...檢方認為，常、劉自詡為台灣連鎖醫美龍頭、自稱「安心醫美」良心企業，竟無視廣大消費者絕對信賴，假「內部管理、醫療品質、防範消費糾紛」之名，行集體監控偷拍之實，其等明知診療室是極度私密空間，竟裝設狀似偵煙器的偽裝型針孔攝影機偷拍消費者，嚴重侵害人民隱私權、人格權及身體自主權，除踐踏醫療、美容專業倫理，更對大眾的基本信任造成毀滅性打擊；此外，常等人於案發後指示謝男馬不停蹄、從北到南拆除監視器及主機滅證，又互相推諉卸責，毫無悔意、態度惡劣，須予嚴懲。常、張、謝移審後仍羈押禁見，由於期限將屆滿，合議庭評議後認為，3人否認犯行，與同案共犯及證人供述仍有差異，且常等人辯護人聲請勘驗監視器影像畫面，檢辯雙方擬聲請傳喚證人人數非少，佐以本案卷宗繁雜、共犯甚多，未來很可能須長時間、密集進行審理，案情仍有晦暗不明高度可能，本案尚待後續進行證人及共同被告交互詰問以釐清事實，3人之前有滅證事實，不無為躲避刑責而湮滅證據、勾串共犯或證人之虞，原羈押原因仍存在。    ,https://news.ltn.com.tw/news/society/breakingnews/5581027
汽車深夜突停內側快車道  高雄毒駕男睡到流口水,社會,2026/09/21 13:08,高雄警方逮捕毒駕男。（記者洪定宏翻攝）26歲蔡姓男子突然將汽車停在內側快車道，在駕駛座睡到流口水，警方獲報到場赫見白色粉末，檢測確認是毒品愷他命且蔡男毒駕，將他逮捕法辦。高雄警方指出，9月19日深夜將近11點，前鎮分局前鎮街派出所獲報，指前鎮區擴建路與前鎮街口有汽車停在內側快車道，引擎仍在運轉，員警叫醒蔡男，他竟一臉茫然說：「我怎麼了？睡著了嗎？」請繼續往下閱讀...由於蔡男睡到流口水，且神情恍惚、精神渙散，甚至搞不清楚自己身在何處，因此員警查看車內狀況，赫見駕駛座座椅散落白色可疑粉末，進一步查獲愷他命1包。員警對蔡男實施毒品唾液試劑檢測，結果呈愷他命陽性反應，不能安全駕駛觀測也未通過，依公共危險及違反《毒品危害防制條例》等罪嫌逮捕法辦，另開罰最高12萬元，並移置保管車輛。    ,https://news.ltn.com.tw/news/society/breakingnews/5581047
宜市路口轎車與自行車相撞騎士送醫 警方籲閃光紅燈先停讓,社會,2026/09/21 12:58,宜蘭市城隍街及西後街閃燈路口昨天發生轎車與自行車相撞，女騎士受傷送醫。（警方提供）宜蘭市城隍街及西後街一處閃燈路口，發生轎車與自行車相撞車禍，騎乘自行車婦人倒地後頭部受傷，經送醫救治已無大礙。警方呼籲用路人，駕駛車輛行至閃光號誌路口，閃光紅燈的支線道車應暫停，讓幹線道車先行，以確保行車安全。宜蘭警分局今天（21日）指出，昨天上午9點多，1輛自行車沿著宜蘭市西後街南往北方向騎乘，轎車則從城隍街西往東方向行駛，雙方在事故路口碰撞，警方獲報到場，協助受傷女騎士送醫，並實施酒測，駕駛與騎士均無酒精反應，肇事原因尚待調查釐清。請繼續往下閱讀...警方表示，駕駛車輛行至閃光號誌路口，閃光紅燈支線道車應暫停，讓幹線道車先行，違者可依違反道路交通管理處罰條例第45條規定，處600元以上1800元以下罰鍰。    ,https://news.ltn.com.tw/news/society/breakingnews/5581001
北市富邦人壽辦公室驚傳砍人案 2男多處刀傷送醫急救,社會,2026/09/21 12:54,轄區北市中山警分局正在釐清案情。（記者姚岳宏攝）富邦壽險位於台北市中山區建國北路二段的辦公室，今天上午11時許發生一起驚悚喋血衝突，48歲伊姓男子不明原因持利刃朝該公司38歲洪姓男員工揮砍，雙方隨後爆發激烈扭打，2人皆身受多處刀傷且一度意識不清，經警消緊急送醫搶救後，目前均在醫院治療中。警方初步調查，這起衝突因扭打造成雙方均有多處刀傷，涉嫌持刀傷人的伊男，後頸、胸口、左右大腿內側及雙手腕均有明顯割傷，被救護人員緊急送往馬偕醫院救治，而遭到攻擊的洪姓男員工，則是右頸部與胸部中刀受創，隨即被送往台大醫院急救。請繼續往下閱讀...至於伊男為何持利器在辦公室傷人，以及雙方究竟有何糾紛，轄區警方已封鎖現場並展開採證，將等2人傷勢穩定後進行筆錄，以釐清整起案件的確切發生原因與經過。富邦人壽證實業務同仁遭攻擊 高層赴醫院探視富邦人壽喋血》兇嫌攜3水果刀尾隨進廁砍人 現場留他人證件誤導辦案    ,https://news.ltn.com.tw/news/society/breakingnews/5581029
小港口罩男持石塊砸毀小黃車窗  警方逮捕曝犯案原因,社會,2026/09/21 12:52,口罩男持石塊砸毀小黃車窗。（記者洪定宏翻攝）62歲鄭姓男子戴口罩持石塊砸破計程車車窗，被社區居民目擊報案，警方到場逮捕鄭男，原來他企圖搜刮車內財物，因形跡可疑被居民盯上而未得逞。高雄警方指出，9月19日凌晨3點多獲報，指鄭男在小港區華盛街形跡可疑，並持石塊砸毀停在路邊的計程車車窗，員警隨即攔截圍捕，依竊盜未遂罪嫌法辦。請繼續往下閱讀...警方提醒車主，停放車輛時，盡量選擇明亮處或裝設監錄設備的地點，車內切勿留置皮包、零錢或貴重財物，避免引來不法之徒覬覦。    ,https://news.ltn.com.tw/news/society/breakingnews/5581030
特聘教授涉詐逾427萬遭起訴 校方：尊重司法程序並配合調查,社會,2026/09/21 12:29,洪姓特聘教授涉詐領逾427萬元公款遭起訴，對此校方回應尊重司法程序並配合調查。（圖由雲林地檢署提供）雲林縣地檢署偵辦某科大洪姓特聘教授，2022、2023年承接環境部計畫時，聯合系所助理、小組隊長拉攏6人作為人頭組員，假造逾2000筆資料詐領逾427萬公款，並於今偵結起訴。校方對此回應，學校尊重司法程序，並將依法配合調查。該校表示，針洪姓教授受託辦理行政院環境部化學物質管理署採購計畫，近日遭檢察機關起訴一案，本案已進入司法程序，相關事實及法律責任應以司法機關審理結果為準，學校尊重司法程序，並將依法配合調查。請繼續往下閱讀...校方指出，教師承接政府研究及委託計畫，均應依相關法令、契約及校內規範辦理。針對本案，學校將持續掌握案件進展，並依權責辦理必要之行政處理。校方表示，在司法程序結果尚未確定前，不對個案偵查內容進行評論，而學校亦將持續強化研究計畫管理、經費控管及內部稽核，落實研究倫理與行政規範。    ,https://news.ltn.com.tw/news/society/breakingnews/5580986
勒索不成潑油燒死鄰居判無期 2惡男鞠躬求原諒、稱只是想嚇人,社會,2026/09/21 12:28,曾鈺偉在開庭前，面對媒體鞠躬道歉、請求原諒。（記者楊心慧攝）居住淡水的林志銘、曾鈺偉長期失業、經濟拮据，盯上同樓蔡姓住戶，持汽油勒索得手400元，當天下午再度索錢遭拒，竟朝蔡男潑灑汽油點火，造成蔡男全身99％燒傷，送醫不治。士林地院國民法官法庭依共同強盜殺人等罪，重判2人無期徒刑、褫奪公權終身；案經上訴，高等法院今開庭審理，曾男在開庭前，面對媒體鞠躬道歉、請求原諒。判決指出，2024年12月15日清晨，林男先在淡水某燒臘店偷走店員放在板凳上的五花肉，與不知情的前妻及曾男分食。兩人隨後認為蔡男老實好欺負，上午10時許帶著裝有汽油的寶特瓶登門索錢，見蔡男不開門，便將汽油灌入門縫，並以認識黑道等語恐嚇，迫使蔡男交出400元。請繼續往下閱讀...兩人食髓知味，當天下午再度登門索錢，蔡男因身上已無現金拒絕，曾男竟將汽油潑向蔡男胸腹部，再由林男持打火機點燃。蔡男全身起火，造成三度燒傷面積達99％及吸入性灼傷，送醫後不治。士林地院今年5月宣判，林志銘竊盜罪判拘役30日、恐嚇取財罪2年6月，共同強盜殺人罪判無期徒刑、褫奪公權終身；曾鈺偉恐嚇取財罪判2年，共同強盜殺人罪同樣判無期徒刑、褫奪公權終身。犯罪所得部分，法院另宣告沒收五花肉、勒索所得400元及扣案打火機，其中五花肉因已遭食用，依法追徵價額。案經上訴，高等法院今開準備程序庭，林男與曾男目前羈押中，兩人由囚車押解至法庭時，面對媒體詢問是否後悔，曾男表示後悔、願意賠償，甚至主動鞠躬道歉；一旁林男則未回應。開庭時，兩人承認檢方起訴的犯罪事實，曾男主張還有就讀國小的女兒，希望能早日出獄，僅對量刑上訴，盼趕緊關一關。林男則說當時只是想嚇人，沒想到會造成如此嚴重的後果。法官庭末諭知全案候核辦。    ,https://news.ltn.com.tw/news/society/breakingnews/5580985
旅行團花蓮遊畢北返 遊覽車連環撞二車,社會,2026/09/21 12:21,花蓮縣新城鄉台9線178.5公里處發生一起遊覽車連環追撞事故。（警方提供）花蓮縣新城鄉台9線178.5公里處發生一起遊覽車連環追撞事故！一輛載著新北市旅行團的遊覽車，結束花蓮行程準備北返，62歲劉姓駕駛疑似身體不適，不慎追撞前方剛因紅燈起步、58歲薛姓男子駕駛的紅色休旅車，巨大衝擊力道再把薛男車輛推撞至前方50歲曾姓男子的黑色轎車，現場車輛零件散落一地，造成薛姓駕駛及車上3名乘客受傷，所幸送醫後均無生命危險，詳細肇事原因仍待警方調查釐清。花蓮縣警察局新城分局今指出，20日轄區台9線南向北車道一輛營業大客車，不慎追撞前方兩部停等紅燈的自小客車發生交通事故，造成自小客車駕駛及乘客受傷送醫治療，分局獲報後立即派員到場處理，詳細肇事原因現正調查中。請繼續往下閱讀...初步調查，這起事故發生於20日下午6點多，劉姓駕駛所駕遊覽車行經事故路段時，疑似因身體不適未能及時反應，追撞上前方薛姓男子的紅色休旅車，車輛在猛烈撞擊力道下，又被推撞向前方曾姓男子的黑色轎車，形成三車連環追撞的態勢，事故造成薛姓駕駛及車上薛姓、黃姓、王姓等3名乘客出現腳部與頸部扭挫傷，救護人員獲報到場後將4人送醫治療，所幸傷勢均無大礙。警方獲報趕抵現場後，對3名駕駛實施酒測，均測得酒精濃度為零，且3人均持有合格駕照。警方並依規定針對駕駛遊覽車的劉姓男子進行採尿送驗，以釐清是否有毒品反應，詳細肇事原因及責任歸屬，仍待警方進一步調查釐清。花蓮縣新城鄉台9線178.5公里處發生一起遊覽車連環追撞事故。（警方提供）花蓮縣新城鄉台9線178.5公里處發生一起遊覽車連環追撞事故。（警方提供）花蓮縣新城鄉台9線178.5公里處發生一起遊覽車連環追撞事故。（警方提供）    ,https://news.ltn.com.tw/news/society/breakingnews/5580965
男持玩具槍搶銀行辯「因開滷肉飯店欠債」 檢察官：開店須買奧迪？,社會,2026/09/21 12:19,男子林勇秀因不堪負債，於4月持著空氣槍、玩具手榴彈闖入銀行，脅迫行員交出1000萬元現金，隨後遭警方逮捕，1000萬元也交還銀行，檢方依加重強盜等罪起訴林男，並求刑12年。（資料照）男子林勇秀因不堪負債，於4月持著空氣槍、玩具手榴彈闖入銀行，脅迫行員交出1000萬元現金，隨後遭警方逮捕，1000萬元也交還銀行，檢方依加重強盜等罪起訴林男，並求刑12年。台北地院今開庭審理本案，林男坦承犯行，說明自己欠債是因為要開滷肉飯店，但公訴檢察官卻看著證據清單質疑「為何開滷肉飯店需要買奧迪」，林男對此卻沒有做出解釋。林勇秀原在信義區及大安區兩地皆有住處，僅有國中學歷的他犯案前從事網路陪聊、陪玩的工作，月收入約5000元到1萬元左右，平時主要在家負責照顧2個未成年小孩。請繼續往下閱讀...被提解到庭的林勇秀今庭訊全程有氣無力，面對檢察官和法官的問題，皆以最精簡的字數回應，他向法官說明，倘能恢復自由之身，將會回到大安區的住處居住，並坦承犯行。他自偵查階段就一路認罪到今天，盼能藉此減刑。在詰問過程中，林勇秀向檢察官說明，他搶銀行所用的空氣槍和玩具手榴彈皆購於生存遊戲玩具店，並強調自己在計畫犯案的想法，無第二人知悉。檢察官也問林勇秀，在原本的犯罪計畫中，是否打算在搶到錢後要前往日本，並以虛擬貨幣的方式換錢，面對犀利的提問，林男低下頭坦承「有過這個想法」。林勇秀搶銀行的動機，是因為欠下700萬元的債務，他今日稱自己不是欠下賭債，而是因為籌措開滷肉飯店所以四處借錢，犯案前也經過一番掙扎。不過，看過他債務清單的檢察官也單刀直入的問「為何開滷肉飯店需要買奧迪？」並質疑他的「開店說」只是敷衍之詞。林勇秀說，自己的開店計畫在2024年底就開始，並於2025年中執行，且他所開設的滷肉飯店，也是加盟其中一位債主的店，電腦中也有相關資料，企圖解釋自己的「開店說」絕非敷衍之詞，但卻始終未能解釋為何「為何開滷肉飯店需要買奧迪？」本案於今日辯論終結，檢察官請法官依法論科；辯護人則盼法官考量被告坦承犯行，犯後態度良好等，從輕量刑；法官諭知本案預計於11月30日宣判，經詢問後，林勇秀表示自己要到庭聽判。    ,https://news.ltn.com.tw/news/society/breakingnews/5580912
三重燒肉店大火釀9傷 ​網傳新醬汁含油易燃業者急澄清,社會,2026/09/21 12:13,新北市消防局不敢大意，直至今清晨整起火災才宣告處理完畢。（記者徐聖倫翻攝）新北市三重區知名連鎖燒肉店「燒肉smile」昨晚間突發大火，甚有網友爆料起火原因是因店家使用「含油新醬汁」極易引燃所致。對此，業者今日緊急出面澄清，表示內部初步判斷火警與醬汁無直接關係，但後續會與研發部門確認是否有安全疑慮。​火警發生於昨晚8時許，起火點為1樓桌面的鍋爐，火勢迅速蔓延並產生大量濃煙。事發當時，受困於2樓的9名顧客眼見通道遭火舌與濃煙封鎖，無奈之下只能選擇跳窗逃生，場面險象環生，所幸9人送醫後均僅受輕傷、意識清醒。請繼續往下閱讀...​由於店內裝潢與雜物產生大量濃煙與餘溫，消防人員不敢大意，持續殘火處理直至今日清晨5時許才全數宣告完畢。事後有網友爆料曾聽店員提及新醬汁含油易燃，引發網路上對「醬汁致災」的熱烈討論與疑慮。​業者對此說明，該款醬汁自去年下半年起已適用於全台24家分店，先前未曾接獲顧客相關反映，但仍會進一步檢視。目前新北市消防局火災調查科已展開鑑識，確切起火原因與肇事責任，仍待後續深入調查釐清。    ,https://news.ltn.com.tw/news/society/breakingnews/5580954
疑毒駕拒檢衝撞警車 台南警連開14槍逮人起獲K毒,社會,2026/09/21 12:11,南市三分局警方連開14槍制伏駕白色奧迪轎車衝撞警車的31歲張姓男子，並在奧迪車內起獲毒品吸食器與K他命毒品一小包。（民眾提供）台南市警局三分局員警今天上午巡邏時，在南市安南區盤查張姓男子駕駛的白色奧迪轎車，張男竟發動車子衝撞警車後逃逸，兩員警對轎車後輪連開14槍，張男駕車逃逸後棄車，警方追上逮人、在奧迪車內起獲安毒吸食器與K他命毒品1小包；張男快篩二級毒品陽性，將依毒駕公共危險、妨害公務罪嫌送辦。據了解，今天上午9點許，31歲張男在安南區本原街遭盤查時，南市警三分局安中派出所兩名員警呼叫支援，安中所所長與另1名員警趕往支援，張男座車先後衝撞2輛警車，警方為避免其持續衝撞危及員警及其他用路人安全，兩名員警依法共對張男座車後輪位置連開14槍。請繼續往下閱讀...張男把車子開到本原街一段167巷口處棄車逃逸，員警尾隨追上逮人、壓制。警方在張男座車內查獲第二級毒品安非他命吸食器與第三級毒品K他命1小包等物證，依法查扣。警方並對張男做唾液毒品快篩，初篩發現他呈現二級毒品陽性反應，警方訊問後將依毒駕公共危險、妨害公務等罪嫌移送檢方偵辦。☆少一份毒品就多一份健康，自由時報提醒您遠離毒品☆南市三分局警方連開14槍制伏駕白色奧迪轎車衝撞警車的31歲張姓男子，並在奧迪車內起獲毒品吸食器與K他命毒品一小包。（民眾提供）涉駕駛白色奧迪轎車衝撞警車的31歲張姓男子，在員警開槍制止後，張男棄車逃跑。（民眾提供）    ,https://news.ltn.com.tw/news/society/breakingnews/5580961
教授涉虛報人員詐領公款逾427萬 雲檢起訴涉案9人,社會,2026/09/21 12:05,檢方查出洪男共詐領逾427萬元公款。（圖由雲林地檢署提供）雲林縣某科技大學洪姓特聘教授，2022年起承接逾1億元環境部中區環境事故預防應變專業技術執行計畫，建置「化管署中區環境事故專業技術小組」，聯合系所辦公室蔡姓助理，與李姓小組隊長，虛報6名編制人員，偽造2000筆不實出勤、核銷紀錄，詐領逾427萬公款，雲林地檢署今（21日）偵查終結，將涉案9人依貪污治罪條例起訴。雲林地檢署日前接獲嘉義市調查站通報，指化管署中區環境事故專業技術小組麥寮隊，有離職隊員發現隊上牆面名牌有「未曾出現」人員，出勤異常，因此檢察官林柏宇與嘉義市調查站共同偵辦，今年7、8月間搜索5處地點，並帶回67歲洪男、44歲蔡女、45歲李男等9人。請繼續往下閱讀...檢方查出，環境部化學物質管理署2022至2023年度的「中區環境事故預防應變專業技術執行計畫」交由某科大辦理，執行總經費約1.35億元，並由洪男擔任計劃主持人，建置專業技術小組台中隊、雲林隊及麥寮隊，每隊至少3人全天候事故到場支援、監測、毒災防救演習等涉及公共事務之任務。檢方查出，洪男明知麥寮小隊所需12名人員編制，聯合蔡女、李男，分別找6名友人、曾指導過的學生加入小組，將月薪3.85萬、年終及績效獎金等匯入帳戶後，將款項先交給李男、蔡女，層層上繳至洪男個人戶頭，並且2年期間更製作將近2000筆不實出勤、經費核銷紀錄，讓不知情的審查人員登載。檢方再查出，6名人頭隊員可獲得每月薪資5%，作為報酬，每年不法獲利至少3、4萬元，李男則聲稱未領取報酬，蔡女則收取5筆共百餘萬元為報酬，其餘則讓洪男轉入私人帳戶，兩年間估計不法所得上看427萬3646元。檢方認定，洪男等9人涉嫌違反「貪污治罪條例」公務員利用職務上機會詐取財物、使公務員登載不實公文書等罪，依法起訴，所有犯罪所得均已繳回。檢方強調，雲林轄內工業區眾多，毒化災害並非少見，環境事故預防及應變攸關國民生存與環境權益，相關計畫經費竟遭涉嫌知法犯法者挪作私利，將持續秉持不避權貴、疑案即辦原則，呼籲公務人員恪守職責、依法行政。雲林地檢署偵辦某科大洪姓教授涉詐領公款案件，今日偵查終結，將涉案9人依違反貪污治罪條例起訴。（圖由雲林地檢署提供）    ,https://news.ltn.com.tw/news/society/breakingnews/5580947
飲酒相遇欠債同事爆口角 2男出拳圍毆遭法辦,社會,2026/09/21 11:59,2名陳男相遇黃男後起口角，進而在大街爆發肢體衝突。（記者陸運鋒翻攝）新北市48歲、29歲陳姓男子昨晚在中和區一間超商飲酒，期間看見欠債的黃姓同事經過，2人隨即上前質問何時還錢，雙方一言不和引發口角，2名陳男將黃男壓在地上狂毆，警方獲報趕抵，隨即將3人帶回偵辦，由於黃男不提告，詢後將2嫌依社會秩序維護法送辦。據了解，48歲陳嫌、29歲陳嫌及43歲黃男為人力派遣公司同事，因黃男經濟拮据，日前向2人借了5、6萬元生活費，但一直沒有償還，引起2人有所怨言。請繼續往下閱讀...中和警分局調查，2名陳嫌昨晚9時許，在中和區安平路一間超商內飲酒，恰巧看見黃男步行經過，於是上前質問積欠債務問題，怎料雙方越講越激動爆發口角，進而演變肢體衝突，2嫌出拳圍毆黃男，甚至壓在地上打，附近民眾見狀連忙制止並報警。據知，轄區景安派出所員警到場後，現場已無打架情事，僅有48歲陳嫌在場，隨後通知另名陳嫌及黃男到案說明，所幸黃男僅有擦挫傷，經了解後發現為債務糾紛，但黃男暫不提出傷害告訴，全案詢後將2名陳嫌依社會秩序維護法移請新北地方法院簡易庭裁處。☆飲酒過量  有害健康  禁止酒駕☆    ,https://news.ltn.com.tw/news/society/breakingnews/5580937
竹東市場驚魂倒車暴衝撞4人！瓦斯管斷裂烤爐噴火驚悚瞬間,社會,2026/09/21 11:55,林男駕駛白色休旅車行經竹東市場時，在倒車過程中疑因操作不當突然暴衝，撞擊4名行人，所幸均無大礙。（警方提供）新竹縣車水馬龍的竹東市場20日晚間驚傳車禍！警方調查，林姓男子駕駛白色休旅車行經仁愛路與東林路口時，在倒車過程中疑因操作不當突然撞擊4名行人，其中2名患者燒燙傷，所幸送醫救治後均無大礙；不過，撞擊瞬間不僅撞翻周邊攤位，更釀成瓦斯管線斷裂洩漏、烤爐瞬間噴冒大火，驚悚過程讓現場民眾嚇出一身冷汗。這起事故發生在昨天深夜10點多，正值宵夜採買人潮聚集時刻，目擊網友事後心有餘悸地在網路上還原現場，表示當時才剛離開「廣東水餃」沒多久，後方就突然傳出巨響。車輛撞上攤位後火勢瞬間竄出，現場瀰漫濃濃瓦斯味，險些殃及一旁的「阿英湯包」，情況一度危急。請繼續往下閱讀...新竹縣警察局竹東分局表示，警、消接獲報案後迅速趕抵現場處置，並協助將受傷的4名行人送醫救治。所幸經醫療團隊救治後，4人傷勢均無大礙。經警方現場對林男進行酒測，結果酒精濃度為0，並已排除酒駕與毒駕情事。縣府消防局表示，當下增派北埔及芎林分隊2輛救護車支援。後續瓦斯已關閉，現場無明顯火煙。4名傷者經消防人員評估及處置，其中2名創傷患者分別送往竹東台大醫院及北榮新竹分院；另2名燒燙傷患者送往中國醫藥大學新竹附設醫院救治。針對這起驚魂車禍，竹東分局特別呼籲，駕駛人在倒車時應確實打檔並仔細確認車輛四周及後方狀況，隨時注意路況與行人距離，切勿因一時疏忽引發意外，以共同維護用路人與市集民眾的生命財產安全。消防局也提醒，攤商使用桶裝瓦斯時，應妥善固定並注意放置位置及周邊安全，降低遭外力碰撞造成瓦斯外洩或起火的風險；如發現瓦斯外洩或起火，應遠離危險區域並立即撥打119求助。    ,https://news.ltn.com.tw/news/society/breakingnews/5580915
網購紫地瓜「未開通金流」 女聽信假行員險賠3萬元,社會,2026/09/21 11:53,南投女子（左）網購紫地瓜，卻遭詐團誆騙稱「未開通金流」須提領3萬元，警方獲報識破及時攔阻詐騙案。（圖由集集警方提供）南投縣水里鄉1名女子近日在臉書購買紫地瓜，透過臉書通訊軟體Messenger與賣家聯繫，惟下單後卻收到「未開通金流」的訊息，之後輾轉由謊稱銀行專員的人接手，並要求到ATM領3萬元，女子領錢察覺不對勁，到郵局詢問，經警方確認是詐騙，才及時保住3萬元血汗錢。轄區集集警方表示，該女子依賣家提供的連結下單後，網頁顯示「未開通金流服務」，並要求聯繫線上客服，女子隨後加入LINE暱稱為「黑貓宅急便」的客服帳號，對方以「驗證」為由，詢問其金融帳戶餘額及是否持有信用卡，女子答覆後，假客服再提供假銀行專員的聯絡方式。請繼續往下閱讀...之後謊稱銀行專員的人，就用LINE通話指示女子到ATM領出3萬元，女子前往提款察覺有異，便改至郵局詢問，警方獲報到場，檢視女子手機內購物對話紀錄，確認對方是用「金流驗證」等話術進行詐騙，及時攔下詐騙案，並提醒民眾，網購如遇到「未開通金流」、「驗證帳戶」等話術需操作ATM、轉帳，務必提高警覺，可報警或撥165反詐騙專線，以免蒙受損失。    ,https://news.ltn.com.tw/news/society/breakingnews/5580922
中秋限定！基隆看守所鐵窗牌蛋黃酥超夯 製作手法大公開,社會,2026/09/21 11:49,收容人用心地在每一顆蛋黃酥上撒上芝麻。（記者吳昇儒攝）中秋佳節將至，各家知名品牌的蛋黃酥在網路上各別苗頭，基隆看守所的蛋黃酥因好吃又價格平價深受網友喜愛，也讓鐵窗牌蛋黃酥意外爆紅。實地走訪製作場所，發現是由2名收容人負責製作，環境乾淨、衛生，且用料實在，可惜目前訂單已經飽和，想吃的網友只能打電話詢問看看當日還有沒有多做的產品。近期在社群媒體上，有網友品嘗基隆看守所的蛋黃酥後大力稱讚，甚至忍不住問到「基隆看守所是不是押了什麼厲害的收容人，蛋黃酥太好吃了吧！」引發網友們熱烈討論，引發鐵窗牌蛋黃酥風潮。更出現「矯正機關美食推薦大會」，其中彰化看守所蛋黃酥、台中看守所檸檬派都被強力推薦。請繼續往下閱讀...基隆看守所指出，所內除了中秋節限定蛋黃酥，還有泡菜、堅果塔等常態販售商品，其實販賣這些商品是為了讓收容人學得一技之長，能夠復歸社會為主，沒想到卻獲得網友們的喜愛。基隆看守所秘書萬世強表示，為了大家吃得健康，每顆蛋黃酥內包裹的鴨蛋黃，都是整顆購入後，剝除蛋白，取蛋黃精華，並選用特級奶油製作。但因服務員的刑期不一，所以每一期都會請專業的師傅到所內傳承，挑選有專業背景或是有興趣的同學，參與製作。因空間、人力有限，每個中秋節前夕，頂多製作出1萬顆，真的是限量供應。據悉，基隆市警察局警察之友會榮譽理事長張旻斌曾想訂購看守所禮盒慰勞警察同仁，但因數量過於龐大，遭到婉拒。基隆看守所的蛋黃酥平價好吃，深受網友喜愛。（記者吳昇儒攝）    ,https://news.ltn.com.tw/news/society/breakingnews/5580919
三重台1線高架4車連環撞  6男2女8傷送醫,社會,2026/09/21 11:14,三重台1線高架道路發生連環車禍。（記者徐聖倫翻攝）新北市三重區台一線高架道路今上午發生一起多車連環追撞事故，一輛轎車行經5.6公里處時因故發生碰撞，連帶波及周邊車輛，現場共計4車撞成一團，導致8人受傷。新北市警消接獲報案後迅速趕赴現場處置，所幸所有傷者意識皆清醒，已分別送往醫院治療，現場交通也隨之恢復順暢。​據了解，事故發生於今上午8時許，台一線高架5.6公里處突發4台轎車追撞事故，強烈撞擊導致車輛受損。消防人員趕抵現場，經清查共有6男2女、共計8名生命徵象穩定的傷者，多為肢體擦挫傷及撕裂傷。請繼續往下閱讀...​救護人員隨即將傷者分送往馬偕醫院、市立三重醫院及北市中興醫院救治。轄區警方到場後立即實施交通管制並進行現場採證，詳細肇事原因與責任歸屬仍待進一步調查釐清。    ,https://news.ltn.com.tw/news/society/breakingnews/5580880
搶病人出招！萬芳名醫貶同事「技術爛」沒事 拿病患個資攬客起訴,社會,2026/09/21 11:04,北檢偵查認為林男刑責關鍵不在「查了病歷」，而是「查到資料後拿來招攬病患」，因此依個資法非法利用個人資料罪起訴，對3名病患的行為則分論併罰。（記者劉詠韻攝）台北市立萬芳醫院泌尿科主治醫師林克勳，涉嫌調閱3名非自己診治病患的病歷及聯絡方式，再私傳簡訊「搶病人」，批評同院醫師「眼中只有收入」、「技術最不好」。台北地檢署認為，調閱病歷本身不當然違法，但林將病患個資用於招攬生意，已超出醫療目的，依個資法起訴；至於批評同事屬主觀評價，不構成加重誹謗罪。林克勳在萬芳醫院任職多年，曾任院方醫務部醫療副主任、台北醫學大學專任講師，目前為萬芳醫院泌尿科專任主治醫師。起訴指出，林與蕭姓、鍾姓醫師均為萬芳醫院泌尿科主治醫師，3名病患與林均無醫病關係；林為招攬病患，涉嫌於2024年至2025年初透過院內醫療資訊系統查詢3人個資、病歷及聯絡方式，再以私人手機逐一傳送簡訊。請繼續往下閱讀...林克勳傳送的簡訊措辭直接，曾向病患稱「你找的醫師卻是萬芳醫院內技術最不好的」、「建議你換個資深風評好的醫師來幫你手術」，另稱「你碰到了一位眼中只有收入的醫師」、「希望您在尋求哪位醫師建議上可以重新思考一下」。檢方查出，林除批評同院醫師，也在簡訊中抬高自己，向病患稱「您以前疝氣手術的主治醫師林克勳醫師在這方面的判斷與技術才是佼佼者」。3名病患收到簡訊後，分別向原本的主治醫師反映，蕭、鍾二人因而向院方提出告發，案件曝光。林克勳偵訊時辯稱，他查閱3名病患病歷後，認為治療方式與醫療指引不符，才建議病患尋求其他醫師意見；簡訊內容則是主觀意見，並非惡意批評或貶低其他醫師。檢方調查，醫師實務上可能因照護病患、病歷討論、教學或研究等需要，查閱非自己診治病患的資料，因此林「調閱病歷」本身尚難認定違法；不過，林取得資料後，卻利用病歷及聯絡方式，向3名病患傳送貶低原主治醫師、抬高自己的訊息，藉此招攬病患至門診接受手術，已超出醫療目的，涉嫌非法利用個資。至於加重誹謗罪部分，檢方認為，「眼中只有收入」、「技術最不好」等語屬個人主觀評價，並非指摘具體事實，因此不構成誹謗；無故取得電磁紀錄部分，也因醫師本有可能基於醫療等正當需求查閱其他病患病歷，難認林單純調閱資料即具有犯罪故意。檢方偵查認定，林的刑責關鍵不在「查了病歷」，而是「查到資料後拿來招攬病患」，因此依個資法非法利用個人資料罪起訴，對3名病患的行為則分論併罰。    ,https://news.ltn.com.tw/news/society/breakingnews/5580855
高市警攜手日月光等科技廠  深化防禦駕駛觀念,社會,2026/09/21 10:57,高市警攜手日月光等科技廠，深化防禦駕駛觀念。（警方提供）高市警方為降低交通肇事率及死亡率，交通大隊將宣導目標，由學校再擴大至科技廠，加強對科技園區的工程人員宣導，首站為先進封測大廠日月光，深化汽機車防禦駕駛與停讓文化。為響應全國交通安全月，高市交通警察大隊攜手日月光，於廠區攝影棚舉辦交通安全宣導直播活動，透過線上直播串聯廠區各單位，讓員工同步參與，將交通安全觀念融入日常通勤，持續打造安全職場環境。請繼續往下閱讀...交大副大隊長蘇金良與日月光副總經理王盟仁一起擔任主持人，聚焦「汽機車防禦駕駛」及「交通安全月－機車安全、停讓文化」兩大主題交流，也藉由交流、直播讓廠區數百員工上下班都能平平安安。日月光副總經理王盟仁表示，員工是企業最珍貴的資產，通勤安全更是企業責無旁貸的責任，感謝警察局交通大隊走入廠區，透過專業且生動的直播互動，共同守護員工通勤安全。    ,https://news.ltn.com.tw/news/society/breakingnews/5580847
男子攀登南湖大山跌倒腳傷 空勤直升機救援,社會,2026/09/21 10:55,藍男登山跌倒腳受傷，空勤出動直升機救援。（民眾提供）51歲藍姓男子等6人登山隊，攀登南湖大山，藍男攀登過程不慎跌倒，致左腳內側韌帶拉傷無法行走，台中市消防局今天獲報，通知空中勤務總隊台中清泉崗駐地勤務第二大隊第三隊支援，今天一早出動直升機至南湖山莊，將藍男帶上直升機，在東勢河濱公園降落，由救護車後送醫院治療。台中市消防局表示，藍男（51歲）等6人登山隊，到台中市和平區攀登南湖大山，藍男在攀登過程不慎跌倒受傷，左腳內側韌帶拉傷無法行走，消防局於今天凌晨04時02分接獲報案，梨山分隊隨即由小隊長姚泳和帶隊前往救援。請繼續往下閱讀...消防局同時於今天上午05時46分申請空勤總隊直升機前往南湖山莊進行救援，直升機於07時11分從清泉崗機場起飛，07時37分抵達南湖山屋，特搜小隊長孫寬耀及隊員李法寬下機，協助將藍男扶上直升機，07時53分抵達東勢河濱公園，08時15分由東勢91載送患者前往東勢農民醫院就醫。    ,https://news.ltn.com.tw/news/society/breakingnews/5580850
三重燒肉Smile大火9傷！網狂刷「5星負評」竟收到「期待再次服務」,社會,2026/09/21 10:51,三重燒肉Smile20日晚間發生火警，造成9人受傷送醫。（記者徐聖倫翻攝）位於新北市三重區重新路二段的燒肉店「燒肉 Smile」，昨晚驚傳嚴重火警，起火點疑為店內餐桌鍋具突然起火，猛烈火勢迅速吞噬店面並阻斷通道，逼得2樓多名受困顧客只能鋌而走險跳樓逃生，整起事故共釀成9人受傷送醫。未料火警撲滅後，許多網友湧入Google評論留下反諷的「5星負評」，店家竟回應「感謝5星鼓勵、期待再次為您服務」，再度引發社群熱議。事發於昨（20）日晚間8時左右，起火原因疑似為店內其中一桌的鍋子突然起火燃燒，由於火勢過於猛烈無法即時撲滅，隨即迅速蔓延至整間店面。事發當時，1樓顧客大部分皆及時逃出，但少部分2樓顧客因濃煙與火勢受困，被迫直接跳樓求生。驚險瞬間全被路人拍下，所幸2樓高度有限未造成更嚴重墜落傷亡。請繼續往下閱讀...新北市消防局獲報後調派大批人車趕抵馳援，迅速將火勢全面撲滅。經清點現場共9人送醫，其中3人因從2樓躍下落地受衝擊，導致腳踝扭傷及腰椎挫傷，其餘6人則受到輕度嗆傷與局部燒燙傷，全數意識清楚暫無生命危險。初步勘查確認起火點確為店內桌上鍋具，確切起火肇因仍有待火調科鑑識釐清。然而災後風波卻在網路上持續延燒。大批網友及現場脫困的顧客紛紛湧入該店Google Maps留下5星負評：「吃烤肉可以玩高空彈跳跟密室逃脫，這頓餐花得很值得」、「吃到一半差點變烤肉」、「但願所有人都平安，店家頭痛了」、「沒記錯應該是一年左右燒兩次了吧，應該可以算新北最火燒肉店了」。面對排山倒海的酸言酸語，店家系統卻疑似設定見到5星評論就觸發罐頭訊息，頻頻機械式回應：「親愛的貴賓您好：非常感謝您給我們的5星鼓勵！這是我們持續努力的動力，期待再次為您服務，讓您每一次都有美好的體驗。」，讓網友看傻眼痛批：「都發生火災了，你們還能用制式跟罐頭回應，真的有夠冷血了」、「設定五顆星自動回覆的吧」、「那個是自動回覆機器人」、「已讀亂回」、「還想再燒一次的意思？」網友到Google評論留下5星負評嘲諷，店家竟疑似以罐頭訊息感謝回應稱「這是我們持續努力的動力」。（擷取自Threads）    ,https://news.ltn.com.tw/news/society/breakingnews/5580800
雲林男用「劉德華」假名進貨中國禽流感疫苗93.6公升被起訴,社會,2026/09/21 10:44,雲林縣陳姓男子今年2月開始向中國友人兩度購買共468瓶約93.6公升的禽流感疫苗，所幸檢警及時攔截，未流入市面陳男也依違反「動物用藥品管理法」起訴。（圖由海巡署偵防分署雲林查緝隊）從事禽類養殖的雲林縣陳姓男子，因近年禽流感疫情威脅，今年2月開始向中國友人兩度購買共468瓶約93.6公升的禽流感疫苗，更以「劉德華」名義規避查緝，海巡署偵防分署雲林查緝隊接獲線報，與雲林地檢署等單位組成專案小組，成功攔阻流入市場，陳男也依違反「動物用藥品管理法」起訴。雲林縣地檢署接獲通報後，指派檢察官蔡少勳聯合雲林查緝隊、桃園查緝隊、中部分署第三、四岸巡隊、艦隊分署第十三海巡隊、雲林虎尾警分局等組成專案小組，陸續在2月底大約468瓶禽流感疫苗。請繼續往下閱讀...警方查出，40歲陳男大約養殖數千隻鴨，曾因鴨隻受寒流死亡，曾向中國友人小量購買疫苗自用，今年2月再向中國友人購買每瓶200cc，以單瓶600元台幣進貨，共購買大約468瓶約93.6公升疫苗，想用每瓶1200元價格兜售，大約可供10萬隻家禽施打。檢警查出，陳姓男子為了規避海關查驗，竟惡意利用港星「劉德華」的假名作為收件人，更將禽流感疫苗虛報為「酸奶」寄送來台，所幸專案小組2月底在貨物入境時一舉緝獲，未流入市面共計查扣未經許可輸入非法疫苗93.6公升，雲林地檢署依違反「動物用藥品管理法」。海巡署強調，非法動物用藥成份不明，將危害我國動物防疫體系與公共衛生安全，呼籲相關業者與民眾共同守法，勿使用來路不明的防疫用藥造成防疫破口。陳男為規避海關查緝，將非法中國禽流感疫苗佯裝為「酸奶」。（圖由海巡署偵防分署雲林查緝隊）陳男惡意以港星「劉德華」作為收件人。（圖由海巡署偵防分署雲林查緝隊）雲林縣陳姓男子今年2月開始向中國友人兩度購買共468瓶約93.6公升的禽流感疫苗，所幸檢警及時攔截，未流入市面陳男也依違反「動物用藥品管理法」起訴。（圖由海巡署偵防分署雲林查緝隊）    ,https://news.ltn.com.tw/news/society/breakingnews/5580833
雙方財務糾紛竟砸車 大甲分局迅速逮捕相關人員,社會,2026/09/21 10:21,大甲分局偵查隊副隊長張家榜表示，砸車事件是因雙方財務糾紛。（民眾提供）台中市警察局大甲分局於本月18日及20日凌晨皆接獲報案，指稱外埔區廍子路及大甲區水源路附近有民眾車輛遭毀損，分局獲報後隨即啟動快打部隊趕赴現場，迅速掌握涉案車輛與人員動向。林姓男子的2輛車子於18日凌晨停在外埔區廍子路，結果被人砸毀，20日凌晨，另輛車又停在大甲區水源路，結果又被砸毀，報案後，警方深入調查，發現林男與張姓男子（40歲）有財務糾紛，張男夥同4名友人將其車輛砸毀，專案小組全力追查，將涉案的張男等5名犯嫌全數查緝到案，查扣木棒等作案工具，全案訊後依毀損罪移送偵辦。請繼續往下閱讀...大甲警分局強調暴力零容忍嚴正立場，任何暴力行為挑戰公權力，警方必傾全力嚴查究辦，全面淨化選前治安環境，展現維護社會秩序與市民安全的堅定決心。    ,https://news.ltn.com.tw/news/society/breakingnews/5580784
高雄路竹養豬場驚魂！76歲場主跌落化糞池送醫,社會,2026/09/21 10:03,高雄市路竹區一處養豬場今（21）日上午8點多，場主不慎跌落化糞池，所幸僅臉部擦挫傷。（警方提供）高雄市路竹區一處養豬場今（21）日上午8點多，發生一起場主不慎跌落化糞池意外，所幸僅臉部擦挫傷，無生命危險。湖內警方初步調查，當時76歲何姓養豬場場主正在檢查場內設備時，因踩踏的木板突然斷裂，以致不慎跌落化糞池中，警消據報到場救援，何男僅臉部擦挫傷、意識清楚，無生命危險，由119救護人員送醫救護。    ,https://news.ltn.com.tw/news/society/breakingnews/5580773
失聯移工毒駕拒檢撞車1傷  高雄警追逐壓制逮人2罪送辦,社會,2026/09/21 09:40,謝姓失聯移工赤裸上半身狂逃。（民眾提供）謝姓越南籍失聯移工毒駕又未繫安全帶，見警攔查不停車反加速逃竄，警方一路鳴笛追車，謝男闖紅燈撞車造成1人受傷，竟肇事逃逸鑽小巷狂逃，警方追逐400公尺逮人，將他依公共危險、肇事逃逸等罪嫌移送法辦，並對他開出5張罰單，最重可罰15萬4200元並吊銷駕照。楠梓警分局巡邏警網今天凌晨於楠梓區德祥路，發現謝姓男子（25歲）駕駛休旅車未依規定繫安全帶，警方上前攔查示意停車受檢，謝男反駕車加速逃竄。請繼續往下閱讀...警方鳴笛從後追車，謝男一路駕車逃竄，於學專路、德祥路口闖紅燈，與陳姓男子（36歲）駕駛轎車發生碰撞，造成陳男身體挫傷，謝男肇事逃逸，竟只顧著落跑，連衣服也來不及穿，上半身赤裸，鑽小巷飛奔狂逃。警方騎車追捕400公尺，於楠梓區德孝街將他壓制逮捕，查出謝姓男子為越南籍失聯移工，並對他實施毒品唾液快篩，呈現毒品陽性反應，將他逮捕帶回偵辦。警訊後將謝男依公共危險、肇事逃逸等罪嫌移送偵辦，並開出5張罰單，包括未繫安全帶、毒駕、闖紅燈、不服稽查取締、肇事逃逸致人受傷，違反道路交通管理處罰條例部分依法舉發，最重可罰15萬4200元並吊銷駕照。    ,https://news.ltn.com.tw/news/society/breakingnews/5580765
為上班提神吸安毒！隔天開車撞機車 苗栗男判刑6月罰3萬,社會,2026/09/21 09:27,苗栗地方法院判處劉姓男子有期徒刑6個月，併科罰金3萬元。（資料照）苗栗一名劉姓男子開車在頭份市與機車騎士發生碰撞，警方到場處理，查出他毒駕，劉男坦承為了工作提神，前一天有吸食第二級毒品安非他命，被苗栗地方法院判處有期徒刑6個月，併科罰金3萬元。劉男於今年6月8日下午5點45分許，開車行經頭份市自強路2段與永貞路口，與機車騎士發生碰撞。雖劉男無酒駕情形，但毒駕事件頻傳，警方嚴厲執法，且劉男有多次施用毒品前科，經劉男同意採集尿液送驗，結果呈安非他命、甲基安非他命陽性反應。劉男坦承因上班要提神，於6月7日在住處有施用甲基安非他命1次。請繼續往下閱讀...法院審酌劉男施用毒品後駕駛動力交通工具上路而肇事，漠視自身安危，更不顧公眾往來人車之生命財產安全，已危害公眾之行車安全，且驗出之毒品濃度超出標準甚多，加上有多次施用毒品及不能安全駕駛等前科，素行不良，判處有期徒刑6個月，併科罰金3萬元，有期徒刑如易科罰金，罰金如易服勞役，均以1000元折算1日。☆少一份毒品就多一份健康，自由時報提醒您遠離毒品☆    ,https://news.ltn.com.tw/news/society/breakingnews/5580734
台南婦入住高雄旅館猝逝  今相驗釐清死因,社會,2026/09/21 09:24,台南婦入住高雄旅館猝逝，今（21）日相驗釐清死因。（資料照）台南郭姓女子（59歲）來高雄住宿旅館，昨竟陳屍旅館房間內，檢警今（21）日上午9時30分將進行相驗，釐清死因。新興分局中山所於20日下午1時許，接獲轄區某旅館報案，稱其中一名郭姓房客（59歲）在房內未回應，擔心有意外故尋求協助。請繼續往下閱讀...中山所巡邏警組前往處理，確認郭姓女子陳屍房內，已無生命跡象，經鑑識人員到場勘查確認無外力進入房內，屋內僅有郭女一人獨自居住，初步研判可能是身體不適導致此意外。家屬向警方表示，死者雖有服用慢性藥，身心狀態正常，也沒有與人結怨，據了解，郭女並無吸毒前科，警方依規定報請檢察官相驗，並通知家屬到場協助後續處理，今天上午相驗釐清疑點。    ,https://news.ltn.com.tw/news/society/breakingnews/5580742
有損威信！ 警察調任函發布後不聽調遣  2年內不得請調,社會,2026/09/21 09:10,內政部日前預告修正「警察人員陞遷辦法」，增訂經警政署核定調任函發權責機關後，不聽調遣，再請求註銷者，應依規定懲處，並自函發核調名冊之日起二年內不得自請調地規定。（資料照）內政部日前預告修正「警察人員陞遷辦法」，增訂經警政署核定調任函發權責機關後，不聽調遣，再請求註銷者，應依規定懲處，並自函發核調名冊之日起2年內不得自請調地。警政署表示，警察機關職務出缺時，警政署就該機關具有該職務任用資格人員及請調存記人員，依據功績原則評定陞遷，其中巡官、巡佐及警員等同一陞遷序列職務人員請調作業，由警政署每年定期統案辦理。請繼續往下閱讀...警政署指出，警察機關、警察大學自請調地人員核准遷調後再申請註銷派令，除有損機關派令威信、浪費人力物力、及影響其他員警請調機會外，對警察機關、警察大學警力衡平亦有負面影響。警政署強調，為配合現行實務上經警政署核定調任後，不聽調遣，再請求註銷者，無論是否經權責機關核布派令，基於公平一致性，均依警察人員獎懲標準規定懲處，並管制二年內不得自請調地，以避免適用爭議。此外，警察機關警監職務為全國性重要警職，為求即時檢討、迅速到任以穩定治安，須實施連動性檢討，擬任警察機關警監職務人員經警政署依涉及國家安全或重大利益公務人員特殊查核辦法辦理特殊查核，且有查核項目所列情事，警政署應組成重要警職人事甄審委員會審議之。人事甄審委員會由警政署署長、副署長、主任秘書、督察室主任、政風室主任及人事室主任組成，由本由警政署署長擔任主席。內政部警政署刑事警察局增設詐欺犯罪防制中心，並於該中心增置隊長2人，考量該等隊長職責程度與歷練順序與該局偵查隊長相當，爰增訂任詐欺犯罪防制中心隊長滿1年者，列為遴任縣市政府警察局分局長須具備職務經歷。    ,https://news.ltn.com.tw/news/society/breakingnews/5580727
男子路邊停車撞倒機車扶起就走……這下慘了,社會,2026/09/21 08:58,李男路邊停車撞倒機車後扶起即離去，被住家監視器全都錄。（圖由民眾提供）46歲陳姓男子將機車停在台中市北屯區雷中街住家門口，隔天中午要使用機車時，發現車牌架損壞、左側車殼有刮擦痕跡，懷疑有遭人撞倒，於是報警處理；台中市警察局第五分局獲報調閱附近住家監視器發現，李姓男子駕車行經，讓家人下車時曾不小心撞倒機車，卻未報警即離去，依法開單告發。警方表示，當天早上9時47分許，李姓男子（56歲）駕駛轎車停靠路邊要讓家人下車時，不慎撞到陳男機車，李男雖下車將機車扶起，卻未報警就逕自離去。請繼續往下閱讀...李男到案時表示，當天駕駛的轎車是向朋友借的，因為急於歸還車輛，加上認為機車無大礙只要扶起即可，才沒有報警處理；員警告知李男，駕駛交通工具發生碰撞事故都應該要報警處理，李男違規事實明確，依法予以告發。第五分局提醒，駕駛人於行車及停車時務必提高警覺，注意周遭車輛及行人動態，若發生碰撞或交通事故，縱然無人受傷，都應依道路交通管理處罰條例規定處置或採取相關措施，不能以為沒事或自認為無肇事責任就不報警，違反上開規定可處以1000元以上3000元以下罰鍰，逃逸者並吊扣其駕駛執照1個月至3個月，若肇事致人受傷而逃逸者吊銷其駕駛執照。    ,https://news.ltn.com.tw/news/society/breakingnews/5580715
高雄婦誤信假檢警險失11萬 警方即時攔阻詐騙,社會,2026/09/21 08:32,高雄婦誤信假檢警險失11萬，警方即時攔阻詐騙。（民眾提供）高雄市鼓山區68歲婦人接獲自稱「檢警」來電，對方謊稱其涉及刑案，要求配合調查，婦人誤信，變賣金飾共11萬700元，事後因心生疑慮，前往鼓山派出所求證，警方當場識破詐騙話術，及時阻止婦人交付款項。鼓山分局今（21）日表示，婦人到派出所時已將金飾變賣成現金，所長黃緒昶了解來龍去脈後，發現詐團以「涉及刑案」、「配合調查」等話術施壓，要求婦人處理名下財物。請繼續往下閱讀...黃所長當場向婦人解釋此為典型「假檢警」詐騙手法，詐騙集團常冒充警察、檢察官等公務機關人員，以涉及刑案、帳戶遭利用或「偵查不公開」等話術製造恐慌，再要求民眾交付款項、提領現金或變賣財物。警方確認婦人尚未將款項交付對方後，立即予以勸阻，成功守住11萬餘元積蓄。鼓山分局呼籲，民眾遇到可疑電話或涉及財物的要求，千萬不要因一時緊張而照辦，若接獲類似電話，謹記「一聽、二掛、三查證」，先掛斷電話，再撥打165反詐騙專線或110查證，也可就近前往派出所諮詢，切勿依對方指示處理財物。婦人誤信詐騙變賣金飾11萬元，幸被警方及時阻詐。（民眾提供）    ,https://news.ltn.com.tw/news/society/breakingnews/5580711
不滿鄰居養的狗追吠持掃刀砍死牠 莽男判刑4月、罰20萬,社會,2026/09/21 08:31,洪不滿鄰居養的狗追吠，竟持掃刀砍死牠，被判刑4月、罰20萬元。示意照，非本案犬隻。（記者李立法攝）洪姓男子因不滿鄰居養的狗追著他吠叫，洪男憤而持農用掃刀砍死該隻狗，鄰居發現後氣得報警處理，洪男被依違反動物保護法送辦，屏東地院認為手段殘忍，依任意宰殺動物罪判處洪男4個月徒刑，併科罰金20萬元，分別可易科罰金及易服勞役，可上訴。洪姓男子對陳姓鄰居養狗影響安寧感到不滿，去年7月間，該犬隻追著洪男狂吠，洪男竟憤而持農用的掃刀將狗砍死，陳姓鄰居發現後，氣得報警處理，洪男坦承犯案，被依違反動保法送辦。請繼續往下閱讀...屏東地院審理後，認為洪男並未被該犬隻攻擊，只因不滿該犬隻追吠，便持刀宰殺，手段殘忍，並藉此恐嚇飼主，使其蒙受內心恐懼，實屬不該，且迄今尚未與飼主達成和解，依任意宰殺動物罪判處洪男4個月徒刑，得易科罰金，另併科罰金20萬元，得易服勞役。    ,https://news.ltn.com.tw/news/society/breakingnews/5580695
驚認「畢竟是第一次」！台中大叔吃好友15歲嫩女10次,社會,2026/09/21 08:00,情境照（資料照）台中41歲的阿明（化名）是未成年小芬（化名）爸爸的好友，兩人認識後卻交往成為男女朋友，並在小芬15歲時，合意發生10次性關係，直到兩人在學校宿舍外擁吻才曝光，小芬爸爸得知氣炸提告，台中地院審理時阿明坦承犯行，小芬則表示都是自願的，因已經和小芬爸爸達成和解並賠償，法官依對於14歲以上未滿16歲之女子為性交罪，共10罪，各處有期徒刑4月，應執行有期處刑1年4月，緩刑2年，可上訴。中檢起訴指稱，阿明（化名）和小芬（化名）的爸爸是朋友，透過小芬爸爸介紹，兩人在2023年認識，後來卻發展為男女朋友，阿明已知小芬是國中生，竟從2025年5月27日至同年10月間，騎機車載她前往家裡和汽車旅館，前後發生10次性行為，直到兩人在學校宿舍外擁吻，被校方發現轉告小芬父親才報警究辦。請繼續往下閱讀...中檢偵查時，阿明坦承和小芬發生性行為，兩人的對話也稱「畢竟是第一次」，但辯稱不知道她未滿16歲，檢察官認為，他載送小芬到學校，知道他國中畢業要升高一，加上自己有3個學齡小孩，理應清楚小芬當時年齡，辯解不足採信；小芬則表示，和阿明發生性行為都是志願，並沒有被逼，且都是兩人約好一起出去。台中地院審酌，阿明知道小芬未成年，對於性行為認知及自主能力尚未成熟，竟先後和她發生10次性行為，考量已坦承犯行，並與小芬父親達成和解，並賠償完畢，加上無前科，依對於14歲以上未滿16歲之女子為性交罪，共10罪，各處有期徒刑4月，應執行有期處刑1年4月。法官並考量，阿明已經與小芬父親達成和解並賠償損失，小芬和父親也同意給他緩刑的機會，認經此偵審程序，應無再犯之虞，給予宣告緩刑2年以啟自新，可上訴。☆自由電子報關心您：若懷疑孩童遭受身體虐待、精神虐待或是性侵害、性騷擾，請撥打113專線，透過專業社工員接線服務，將可盡快救援在生命危機中的兒童。☆    ,https://news.ltn.com.tw/news/society/breakingnews/5580691
免費送名人自傳當餌 掰AI預測股市設局／女師赴美面交、借高利貸 遭詐逾768,社會,2026/09/21 05:30,警方提醒慎防名人自傳投資陷阱詐騙。（記者姚岳宏翻攝）桃園市一名年約六十歲的陳姓女老師，日前在社群平台點擊「免費贈送科技大廠創辦人自傳」廣告，卻誤入詐騙集團設下的假投資陷阱。她聽信自稱投資專家的詐團成員，標榜可利用AI技術預測股市，不僅多次在美國以美元現金面交，後續更遭詐團以繳稅、解凍金等各種名目連環詐騙，甚至為此借高利貸，最終遭詐逾新台幣七六八萬元。刑事警察局指出，陳女經常往返台、美兩地，去年六月被假助理拉進投資群組後，聽信自稱投資專家的詐團成員，標榜可利用AI技術預測股市，並下載假證券交易APP。陳女看著帳面數字不斷飆升，深信不疑，當她今年五月準備提領獲利時，詐團開始編造各種理由拒絕出金，包括要求補繳百分之十所得稅、資料填錯需付百分之十五解凍金，甚至以涉及假鈔為由，要求額外繳納百分之五費用。請繼續往下閱讀...陳女為拿回錢，向高利貸借款，湊齊所謂的全額提領協議金，直到匯款後客服隨即失聯，她才驚覺陷入長期騙局，本月向警方報案。刑事局預防科表示，這類結合假名人書籍、假專業團隊與假投資軟體的詐騙手法屢見不鮮，詐團會透過偽造的獲利數據博取信任，再利用被害人急於拿回本金的心理，誘使被害人不惜舉債，最後再以各種藉口持續詐取款項。合法投資管道不會要求面交現金刑事局強調，合法投資管道不會要求投資人僅透過私人通訊軟體聯繫，更不可能要求現金面交、轉帳至個人帳戶，或索取解凍金、保證金；民眾若對標榜保證獲利或AI選股的廣告有疑慮，務必撥打一六五反詐騙專線或一一〇查證，也可利用一六五打詐儀錶板的AI智能客服即時諮詢，守護自身財產安全。☆自由時報電子報提醒您，防詐騙專線︰165，報案專線︰110☆    ,https://news.ltn.com.tw/news/society/paper/1771532
假檢警誆涉案 婦交3提款卡 遭詐554萬,社會,2026/09/21 05:30,"警方逮獲65歲林姓車手，搜出依托咪酯煙彈、海洛因、手機及現金等證物。 （記者陸運鋒翻攝）新北市永和一名林姓老婦落入假檢警詐騙陷阱，遭對方騙取提款卡及帳戶，短短一個多月內被提領現金五百多萬元。直到林婦家人發現異狀，向永和警分局報案，此事才曝光。警方成立專案小組，調閱多處監視器影像追查，循線將林姓提領車手查緝到案，並搜出毒品、現金等證物，詢後移送偵辦。永和警分局調查，七十五歲林姓老婦已退休，六月中旬接獲自稱台中地檢署檢察官的來電，對方聲稱正在偵辦一起毒品案件，且在毒販家中發現林婦名下的存摺，因此將她列為嫌疑人，並不斷以話術洗腦，要求她配合交出提款卡及密碼，聲稱要監管帳戶。請繼續往下閱讀...據了解，林婦被嚇得依照對方指示，將三張提款卡及相關密碼資料放在未上鎖的機車置物箱內。詐騙集團派出車手取走後，在一個多月內多次前往ATM提領上百筆現金，造成林婦損失高達五百五十四萬元。直到林婦將此事告知家人，家人才驚覺她遭到詐騙，隨即報警。警方專案小組調閱沿線監視器影像，比對車手身分後，於本月十八日循線在新北市中和區廣福路拘提六十五歲林姓提領車手到案，並在其背包內搜出依托咪酯煙彈、海洛因等毒品，以及電子煙主機、手機及現金三千元等證物。全案警詢後，依詐欺、《洗錢防制法》及《毒品危害防制條例》等罪嫌，移送新北地檢署偵辦。☆自由時報電子報提醒您，防詐騙專線︰165，報案專線︰110☆    ",https://news.ltn.com.tw/news/society/paper/1771534
台中大里火燒車 車內驚見1焦屍,社會,2026/09/21 05:30,"台中大里環河路昨天中午發生火燒車，一輛轎車陷入火海，消防人員撲滅火勢，在車內發現一具焦屍。 （記者陳建志翻攝）起火前無交通事故 死者身分待釐清台中市大里區環河路一段慢車道昨天中午傳出汽車火警，消防人員趕抵時，整輛轎車已陷入火海，立即出水撲滅火勢，赫然在車內發現一具焦屍。由於現場未發現明顯撞擊痕跡，警方調閱監視器後，也確認起火前並未發生交通事故，初步未發現他殺跡象。不過，死者身分仍須進一步比對確認，起火原因也將由警方及消防局火調人員鑑識釐清。台中市消防局昨天中午十二點四十九分接獲報案，指大里區環河路一段往烏日方向、靠近中投公路前的慢車道發生汽車火警，車內疑似有一名民眾受困，立即派遣八車十五人前往搶救。請繼續往下閱讀...消防人員抵達時，整輛轎車已陷入火海，立即出水搶救，約下午一時二分將火勢撲滅，並在車內發現一具焦屍，疑為駕駛，車內並無其他人員。由於消防人員到場時，車輛已經燃燒，一度無法確認究竟是發生車禍後起火，或車輛停放路邊時起火。不過初步觀察，車輛手煞車有拉起，車身也無明顯撞擊痕跡。警方調閱附近監視器後，確認起火前並未發生交通事故，詳細起火原因仍待消防局火調人員調查釐清。至於車內死者身分，警方查詢車籍資料後發現，車主是一名男子，聯繫車主妻子後，對方表示目前聯繫不上丈夫。不過，因遺體已嚴重燒焦，難以辨識身分，確切身分及死因仍待檢警相驗、比對後進一步釐清。    ",https://news.ltn.com.tw/news/society/paper/1771536
逮毒鴛鴦驚覺「他們女兒不見了」／警意外揭發 女嬰遭裝桶棄屍山區,社會,2026/09/21 05:30,檢方訊問後於十八日解送桃園女監執行；林男則被限制住居、出境、出海。（資料照）桃園市廿九歲巫姓女子因毒品案判刑確定，未報到執行而被發布通緝。龜山警方循線前往巫女與其卅九歲林姓男友住處查緝，意外發現兩人今年一月才出生的女兒不見蹤影，追問之下，兩人才供稱孩子已於今年四月因病死亡，他們將遺體裝入藍色塑膠桶後棄置在新北林口山區。警方隨即帶著兩人上山搜索，在一處草叢尋獲女嬰遺體，檢警會同法醫相驗，目前尚未發現女嬰有受虐情形，預計廿四日解剖，釐清確切死因。搜山尋獲女嬰遺體巫女因涉及毒品案件，被法院判刑兩年確定，她未於發監執行日報到，遭發布通緝；男友林男也因毒品案被通緝，但案件尚未判刑確定。龜山警方十七日前往兩人住處查緝，過程中發現今年初才出生的女兒不見蹤影，兩人供稱孩子已在四月初因病死亡，並將遺體裝入塑膠桶後棄置林口山區。請繼續往下閱讀...警方隨即報請桃園地檢署指揮偵辦，帶著巫女與林男上山尋找，當晚就在林口山區找到塑膠桶，裡頭裝著的女嬰遺體已經腫脹。林男供稱，孩子生病時，由於他和巫女都遭通緝，擔心送醫會被警方查獲，因此不敢將孩子送醫；巫女則說，當時餵完女兒喝奶後，未替孩子拍嗝，就直接將她放在床上。檢警會同法醫相驗，目前尚未發現女嬰有受虐情形，預計廿四日解剖，釐清確切死因。巫女因毒品案被判刑兩年，檢方訊問後於十八日解送桃園女監執行；林男則被限制住居、出境、出海。☆少一份毒品就多一份健康，自由時報提醒您遠離毒品☆    ,https://news.ltn.com.tw/news/society/paper/1771535
痛毆代駕 狠踹致死 惡男收押,社會,2026/09/21 05:30,羅姓男子被控涉嫌把吳姓代駕司機打倒重傷昏迷後就揚長而去。（讀者提供）吳男逃命摔倒 目擊男阻止也遭鐵拳伺候卅三歲男子羅滔滔於上週三（十六日）涉嫌酒後毆打五十七歲吳姓代駕司機，吳男下車後，羅男也下車繼續追打，吳男邊躲邊逃時往後摔倒在地，又慘遭羅男不斷用腳踩、踹，重傷昏迷多日後，昨天（廿日）宣告不治，檢警會同醫院診療資料相驗，初步研判是顱內嚴重受創致死，是否進一步解剖以釐清確切死因還待評估。至於羅滔滔上週五（十八日）被警方拘提到案後，依重傷害罪嫌移送新竹地檢署偵辦，檢方認定他有反覆實施犯罪及逃亡之虞，漏夜向法院聲押後昨天凌晨裁准。請繼續往下閱讀...羅滔滔有暴力傷人紀錄新竹檢警調查發現，家住桃園龍潭的羅滔滔素行不良，之前就有暴力傷人紀錄。曾在二〇一七年間，因表弟誤飲林姓男子女友的飲料發生衝突後，羅滔滔擔心表弟跟對方談判會吃虧，因此找來陳、徐兩名友人持刀棍到場助陣。林男實際並未現身，倒是林男的陳、李姓友人適巧經過且跟羅滔滔表弟理論，羅滔滔因此誤把對方當成林男，跟陳、徐兩友分持西瓜刀、鋁棒上前打殺陳、李，最後造成李男被陳男砍殺身亡，當時羅滔滔年僅廿幾歲。檢方複訊後，認為羅滔滔在暴打吳姓代駕司機事件中，涉有重傷害吳男的重大嫌疑之外，更有再犯傷人及逃亡的可能，所以聲請羈押。不過，羅男到案後因稱自己當下醉酒，對於事發原因和經過沒有印象。檢警另掌握周邊其他監視器影像，發現羅男對吳男施暴過程中，吳男邊抵抗邊後退試圖逃跑，卻突然不明原因以後腦著地的方式摔倒，有另一名男子目擊，試圖阻止羅男，也遭羅鐵拳伺候，全案事發原因和責任還待深入調查釐清，但已掌握相關目擊證人，將抽絲剝繭，還給死者家屬公道。吳男遭毆昏迷 送醫不治檢警調查發現，羅滔滔是在上週二（十五日）晚跟朋友聚餐飲酒作樂，當場至少喝掉兩瓶高粱之類的烈酒。隔日清晨，其友人找一加一的代駕服務，最後由被害的吳姓男子代駕羅男座車，要把羅男送回租住處。沒想到當天清晨六點卅八分，吳男卻被發現路倒在湖口鄉千禧路和三元路一段的路口處且陷入昏迷，報案人稱吳男是遭人毆打所致。吳男經緊急送醫搶救，昨天宣告不治。身穿淺色上衣的羅姓男子也對勸架者揮拳相向。（讀者提供）羅姓男子，涉嫌在吳姓代駕司機摔倒在地後，仍粗暴地用腳踏、踹對方。（讀者提供）    ,https://news.ltn.com.tw/news/society/paper/1771531
趁家中無人性侵10歲女童 祖母友人判8年半,社會,2026/09/21 05:30,南投6旬男子趁友人不在家，性侵其就讀小四的十歲孫女，二審維持判刑八年六月。（資料照）南投一名六十歲男子阿雄（化名）趁友人不在家，竟在客廳性侵友人就讀小學四年級的孫女小花（化名）。三年後女童的祖父過世，阿雄經常到女童家中，小花才認出他就是當年性侵自己的男子，隨即向家人透露並報案。南投地院一審依對未滿十四歲之女子犯強制性交罪，判處有期徒刑八年六月。阿雄不服上訴二審，但台中高分院認為原審判決並無不當，駁回上訴。南投地院判決指出，阿雄是小花祖母的朋友。二〇二一年小花就讀小四的暑假七、八月間，小花祖母外出買東西，當時家中沒有其他大人，阿雄竟在客廳性侵小花。請繼續往下閱讀...本案於二〇二三年五月首次通報社會局，但當時小花無法說出阿雄的身分，因此結案。直到二〇二四年八月，女童祖父過世後，阿雄多次前往住處飲酒、留宿，小花認出阿雄後心生害怕，才再次通報並將阿雄送辦。南投地院審理時，阿雄否認有強制性交犯行。辯護人也主張，本案僅有女童單方面指述，且其陳述的涉案情節有矛盾之處，而出庭作證的女童阿姨、姑姑，證詞均來自女童轉述，應判阿雄無罪。南投地院認為，女童案發時年僅十歲，若非親身經歷，難以具體說出遭強制性交的過程，說詞具有高度可信性；且經醫院驗傷，發現處女膜有陳舊性撕裂傷，事後並出現自殘等舉動。法院考量阿雄犯後否認犯行，也未與小花達成和解，依對未滿十四歲之女子犯強制性交罪，判處有期徒刑八年六月。阿雄不服上訴，辯稱全案僅有女童單方面指證，且前後說法不一，認為小花是因為不喜歡他，才虛構遭性侵一事，在證據不足的情況下，應改判無罪。台中高分院認為，原審認事用法及量刑均無不當，阿雄也未提出足以推翻原判決的積極證據，因此駁回上訴，仍可上訴。☆自由電子報關心您：若懷疑孩童遭受身體虐待、精神虐待或是性侵害、性騷擾，請撥打113專線，透過專業社工員接線服務，將可盡快救援在生命危機中的兒童。☆    ,https://news.ltn.com.tw/news/society/paper/1771533
老不修！8旬翁突伸「鹹豬手」摸女照服員屁股 下場曝光,社會,2026/09/21 00:39,林姓老翁住老人之家時，伸「鹹豬手」摸女照服員屁股。示意圖，非當事人。（資料照）年逾80歲的林姓老翁入住彰化某老人之家，平時行動不便，日前見一女照服員從身旁經過，竟突然恢復「行動力」，伸出左手觸摸其右側臀部2下，女照服員嚇得立即閃躲並通報社工報警。林翁卻辯稱「枴杖碰到」，最後仍被監視器畫面拆穿。彰化地院審理後，依性騷擾防治法判處林翁拘役25日，得易科罰金，要為自己的「鹹豬手」付出2萬5千元的代價。判決書指出，去年9月15日下午，當時女照服員經過林翁身旁，正背對著他準備處理事務，沒想到林翁見色起意，趁對方毫無防備，猛力伸長左手摸了女照服員的右側臀部，女方立即閃躲並轉身查看，隨後在社工陪同下向警方報案。請繼續往下閱讀...面對調查時林翁卻說詞反覆，他先向警察辯稱是「要叫她收椅子才碰到」，到了地檢署又說是「拿拐杖不小心碰到」、「用椅子碰到」、「只是用手指點一下」等辯詞，到了法院準備程序，甚至反過來指控是女照服員「自己撞過來碰到我手指」，一共換了7次辯詞。不過，法官當庭播放監視器畫面後，林翁才承認確實有碰到臀部，但仍堅稱是不小心。法院勘驗發現，女照服員當時已距離林翁約一步，若非他主動伸手，根本不可能碰到，認定林翁是趁對方背對、不及抗拒時故意出手。法官審理，考量林翁已年滿80歲，依法減輕其刑，但審酌他為逞一己私慾侵害他人身體自主權，且犯後辯詞反覆、毫無悔意，最終依性騷擾罪判處拘役25日。☆尊重身體自主權，遇到性騷擾勇於制止、勇敢說不，請撥打113、110☆☆現代婦女基金會 性侵害防治服務專線02-7728-5098分機7☆    ,https://news.ltn.com.tw/news/society/breakingnews/5580647
快關窗！三重燒肉店大火 濃煙飄散三重、五股、新莊、蘆洲,社會,2026/09/20 23:21,三重燒肉店今晚發生大火，新北環保局預估濃煙、異味影響範圍可能包括三重、五股、新莊、蘆洲區。（圖由新北市環保局提供）新北市三重區重新路二段上的一間燒肉店，今晚8點多發生大火，消防獲報後趕赴現場搶救，火勢現已撲滅；新北市環保局表示，經模式模擬，火場煙霧及部分異味可能往下風處飄散，預估影響範圍包括三重、五股、新莊、蘆洲區，提醒鄰近及下風處居民緊閉門窗、外出戴上口罩，保護呼吸道健康。新北市環保局今晚發布火災空品提醒，晚間8點18分三重區重新路二段發生營業場所火警，經模式模擬，火場煙霧及部分異味可能往下風處飄散，預估污染可能影響範圍包括三重、五股、新莊、蘆洲區，環保局提醒鄰近及下風處居民緊閉門窗、外出佩戴口罩，加強呼吸防護，環保局將持續監控空氣品質，隨時啟動相關應變作為。    ,https://news.ltn.com.tw/news/society/breakingnews/5580635
不滿抽血安排拍桌嗆醫師「不要被我遇到」 宜蘭莽男判刑2月確定,社會,2026/09/20 22:34,宜蘭崔男去年9月在台北榮總蘇澳分院（圖）診間內咆哮，並恐嚇醫師，被判刑2月確定。（記者江志雄攝）宜蘭縣崔姓男子不滿抽血流程安排，在台北榮總蘇澳分院診間內咆哮、拍打診療桌，甚至作勢攻擊醫師，並出言恐嚇「在外面不要被我遇到」。被法官處有期徒刑2月，併科罰金1萬元；崔男提起上訴，被宜蘭地院駁回，全案確定。判決指出，崔男去年9月到台北榮總蘇澳分院看診，誤以為當天需空腹抽血，到院後才知不用抽，因此情緒失控，要求主治醫師道歉被拒，隨即在診間拍桌，還作勢衝向醫師，被護理人員拉開，之後在診間外大聲喊叫「你給我小心一點」、「不要讓我在外面遇到你」等語，導致看診中斷，醫師心生恐懼而向警方報案。請繼續往下閱讀...宜蘭地院簡易庭法官認定崔男對於醫事人員以恐嚇之方法，妨害其執行醫療業務，處有期徒刑2月，得易科6萬元罰金，另併科罰金1萬元，崔男不服判決提起上訴。崔男指稱，事發當天他空腹10個小時，一氣之下才拍桌子，但沒有作勢要攻擊醫師，也否認恐嚇，原審量刑過重；辯護人主張崔男領有中度身心障礙證明，從事機場接送，若留下刑事紀錄恐影響載客平台資格，希望法官給予緩刑宣告。宜蘭地院合議庭認為，崔男雖領有聽力相關身心障礙證明，但庭訊時應答正常，並無控制能力顯著降低情形，原審量刑已屬擇定輕度刑，並無失衡或不當之處，上訴為無理由，應予駁回。不得再上訴。    ,https://news.ltn.com.tw/news/society/breakingnews/5580588
獨家》太玄異！泰女冰櫃藏屍命案頭七  生前投宿旅館火警誤報頻傳,社會,2026/09/20 22:31,吳嫌將屍體放進行李箱準備運往台中。（記者劉慶侯翻攝）36歲泰國籍女子Arth（中譯：亞思），2日來台與交往年餘的男友吳俊毅談分手，結果12日慘遭勒斃，塞入旅行箱運往對方台中辦事處的冰櫃內藏屍6日。吳嫌18日被逮沒多久，亞思投宿的命案現場卻傳出異常火警訊息，雖經查證是線路異常，但也令辦案的員警不禁大嘆玄異。在台中一家科技公司擔任行政後勤工作的吳嫌，是在泰國旅遊中與亞思相識，交往1年期間，2人得閒會互相飛往各自的國家藉以維繫戀情，亞思更有3次來台紀錄。但近期2人常生摩擦，2日亞思飛來台灣找吳男，疑似異國戀相處不易，向吳男提出分手，結果此後銷聲匿跡。請繼續往下閱讀...警方循線追查，亞思入住北市萬華區昆明街某旅館10樓，吳嫌多次前往探視，但12日深夜他到旅館直到13日凌晨離開，出入都帶著行李箱。這引起警方高度注意，18日立刻先以涉嫌案情重大為由，前往台中將他逮捕，並找到亞思遺體。警方調查，亞思2日來台灣後，兩人見面便屢屢發生爭執。期間，吳嫌買了一個中型冰櫃，置放在他台中的後勤辦公室內；8日又再購買大型行李箱。吳嫌12日確定無可挽回後，決定痛下殺手，迅速將屍體載往台中藏放於冰櫃內。但是就在吳嫌被逮後沒多久，亞思來台投宿的賓館卻屢屢傳出火警訊息，警消據報到場雖發現是誤報，並沒有火災發生，但因與命案地點和命案現場幾乎完全相符，又適巧是在亞思頭七，警方也不免默默祈禱一番，告知已為她找到兇手。警方表示，目前警方已完成驗屍程序，已透過外交部通知亞思的親屬來台認屍，將遺體交由對方火化後領回。若對方家屬無法來台，或無委託人，事後則由社福單位逕自進行火化處理。    ,https://news.ltn.com.tw/news/society/breakingnews/5580594
三重燒肉店鍋子起火全面燃燒9人傷  2樓客人直接跳樓場面驚悚,社會,2026/09/20 21:28,有民眾拍下二樓顧客跳樓逃生。（記者徐聖倫翻攝自Threads）新北市三重區重新路二段一家燒肉店，今晚間8時許突發大火，火勢來得又急又快，整間店迅速陷入火海。當時二樓有部分顧客因火勢阻斷通道無法下樓，無奈之下只能跳樓逃生，怵目驚心過程全被路過民眾拍下。新北市消防局獲報後迅速派員趕赴現場搶救，火勢目前已順利撲滅，整起火警共造成9人受傷，所幸全數意識清醒、暫無生命危險。​據了解，起火原因疑似為店內其中一桌的鍋子突然起火燃燒，由於火勢過於猛烈無法即時撲滅，隨即迅速蔓延至整間店面。事發當時，一樓顧客大部分皆及時逃出，但少部分二樓顧客因濃煙與火勢受困，被迫直接跳樓求生，所幸二樓高度不高，大部分顧客均安全落地。請繼續往下閱讀...​新北市消防局指出，本起火警共造成9人受傷送醫，其中3名顧客因從二樓跳下時落地不穩，導致腳踝扭傷或腰椎受挫，其餘傷者則分別為輕微嗆傷與局部燒燙傷，全數送往醫院急救，均無生命危險。​消防人員全力灌救後已將火勢完全撲滅，經現場初步勘查，確認起火點確實為店內其中一桌的鍋子，至於詳細的起火原因與確切肇因，仍待火災調查科進行後續鑑識釐清。消防人員正於燒肉店火警現場灌救。（記者徐聖倫翻攝）消防人員將傷者送醫。（記者徐聖倫翻攝）    ,https://news.ltn.com.tw/news/society/breakingnews/5580562
黑煙竄天！台中大里新建案工地烈火狂燒 環保局急發空污警報,社會,2026/09/20 20:51,台中大里中湖路一處新建工地，今晚工地板模不明原因起火，現場火勢猛烈、黑煙直竄。（記者陳建志翻攝）台中大里區中湖路一處新建工程的工地，今天晚間6點多，工地二樓的板模突然起火燃燒，現場火勢猛烈、黑煙直竄天際，台中市消防局獲報出動5個單位到場搶救，因濃煙四散影響附近住戶，台中市環保局還發出空污警報，提醒民眾關閉窗戶，所幸火勢30分鐘就撲滅，現場無人員傷亡，詳細起火原因，將由火調人員調查釐清。台中市消防局今晚6點28分接獲報案，指稱大里區中湖路一處新建工地起火，現場持續冒出黑煙，立刻派遣第三大隊、大里分隊等共5個單位，出動各式消防車10輛、消防人員20名，現場由第三大隊組員黃毓仁指揮搶救。請繼續往下閱讀...消防人員抵達時，發現這處興建到2樓的工地，2樓板模起火燃燒，現場火勢猛烈，立即出水灌救，火勢約在晚間6點58分撲滅，現場無人員受傷、受困，詳細起火原因將由火調人員鑑識釐清。    ,https://news.ltn.com.tw/news/society/breakingnews/5580544
梁牧養影射潘孟安涉貪確定賠180萬  刑事一審卻無罪,社會,2026/09/20 20:22,前立委梁牧養批評前屏東縣長潘孟安。（記者葉永騫攝）前立法委員梁牧養以網路直播等方式影射前屏東縣長潘孟安涉貪，最高法院日前判決梁牧養須賠新台幣180萬元，移除不實影像及貼文，在3大報全國版頭刊勝訴判決主文，全案定讞；但是刑事的妨害名譽等罪嫌，屏東地方法院卻判無罪。梁牧養則對判決結果表明，已經退休了，不再多做回應。潘孟安擔任屏東縣長時，梁牧養不滿經營的度假村違規被開罰，在109年發行「火大爆報」，以記者會或影音頻道YouTube直播等方式，散布潘孟安官商勾結等言論，潘孟安提出刑事及民事提訴要求梁牧養賠600萬元，下架貼文、YouTube頻道影片，及3大報頭版刊半版道歉；梁牧養辯稱是經查證後發表的言論，與公共政策有關，符合事實並屬合理評論。請繼續往下閱讀...民事一審屏東地方法院判賠180萬元，二審只更改3大報刊登判決主文；近日最高法院駁回上訴，全案定讞。不過刑事部分，屏東地方法院在今年9月一審判決無罪，法官認為潘孟安當時擔任屏東縣長職位，有屏東縣政府可發表新聞稿或召開記者會，握有更多證據資料可以反駁或證明，資訊有優勢，執政者面對公共事務批評，有義務提出更充分證據及論理說明，不能只要求批評者提出證據，造成寒蟬效應非民主政治所樂見；加上梁牧養以網路發表之擴散性及影響力程度有限，臉書粉專貼文留言或按讚或分享數量未曾超過千人，且時常不到百人，關注者顯然寥寥無幾，實際影響力相當有限，也未引發廣泛討論，所以對於言論審查採寬鬆審查基準，以保障言論自由並維護民主政治之正常運作。梁牧養對於法院的判決結果表明，感謝法官在刑事部分給予遲來的正義，由於已經退休了，所以對相關的事務不再多做回應。    ,https://news.ltn.com.tw/news/society/breakingnews/5580502
追徵國民黨產大敗！黨產會批轉型正義淪空殼 最高行：失了素養,社會,2026/09/20 19:56,黨產會主委林峯正今日在學術研討會批評法院判決過度限縮黨產條例，使轉型正義淪為空殼。（資料照）行政院不當黨產處理委員會追徵國民黨舊中央黨部、國發院土地及大孝大樓等3案不當黨產均遭最高行政法院判決敗訴確定。黨產會主委林峯正今日在學術研討會批評法院判決過度限縮黨產條例，使轉型正義淪為空殼。最高行政法院回應，強調判決依法有據，更批評黨產會不應在敗訴後透過學術研討會發表帶有主觀色彩的質疑，否則恐破壞權力分立。林峯正今日於「民主鞏固的轉型工程與歷史評價」學術研討會之專題演講「細說黨產10年」上，細數黨產會追徵國民黨舊中央黨部、國發院土地、大孝大樓3件合計追徵51.1億元的不當黨產，結果均被最高行政法院判決敗訴確定。請繼續往下閱讀...林峯正說，最高行政法院認為，針對政黨不當取得且已出售之財產，唯有在政黨於「取得當時」是以無償方式或是顯失公平的低價取得者，方能依「政黨及其附隨組織不當取得財產處理條例」追徵。但他指出，黨產條例第4條規定，「不當取得財產」定義是「政黨以違反政黨本質或其他悖於民主法治原則之方式，使自己或其附隨組織取得之財產」，最高行政法院在此定義上對於「已處分的不當黨產」加上必須是「無償或交易時顯不相當之對價取得」的要件。林峯正質疑，判決顯示，已處分的黨產不論取得手法及資格不符皆不重要，脫手後的利潤就成了合法財產，國民黨真正「入袋為安」不受黨產條例規範。而他也批評，這種解釋過度限縮且背離了大法官釋字793號所肯認的轉型正義核心價值，且此誤解成為定論，致使黨產條例的立法意旨將淪為空殼，轉型正義也將失其根本精神與力量。對此，最高行政法院回應，相關判決均依黨產條例及釋字793號解釋作成，若財產在黨產條例施行前已非政黨所有，除非能證明是以無償或顯不相當對價取得，否則不得推定為不當黨產，相關見解已是行政法院長期穩定判例。最高行政法院表示，舊中央黨部、國發院土地及大孝大樓等財產均已在黨產條例施行前出售，且國民黨已完成申報義務，黨產會也未能證明國民黨是以無償或顯不相當對價取得相關財產。若黨產會不服判決結果，應尋求體制救濟，而非藉由學術研討會，發表帶有強烈主觀色彩的質疑，此舉失了行政機關應尊重法治的基本素養，更嚴重破壞權力分立之分際。最高行政法院並強調，法官依憲法獨立審判，不受任何干涉，更不能以「轉型正義」口號之名，行違法裁判之實，並呼籲外界不應斷章取義以政治語言干擾司法判決，誤導社會大眾，以共同維護審判獨立及國家法治。    ,https://news.ltn.com.tw/news/society/breakingnews/5580450
房客旅社房內身亡 高雄警方初步研判因身體不適導致意外,社會,2026/09/20 18:51,高雄新興分局。（資料照）郭姓房客9日入住高雄新興區某旅社，原訂今天退房，但房務人員發現郭女遲未辦理且未獲房內回應。警方獲報到場發現郭女無生命跡象，後續將報驗並通知家屬協助後續處理。高雄市政府警察局新興分局員警表示，中山所下午1時許接獲民主橫路某旅社報案，稱59歲郭女在房內未回應，擔心有意外便尋求協助，經員警到場處理，確認郭女已無生命跡象。請繼續往下閱讀...警方初步瞭解，郭女9日到該旅社投宿，原訂今天退房，但郭女遲未辦理，後續經房務人員察覺異常報警。經鑑識人員到場勘查，確認無外力進入，屋內僅有郭女一人獨自居住。警方初步研判，郭女可能因身體不適導致意外發生，警方後續將依規定報請檢察官相驗，並通知家屬到場協助後續處理。    ,https://news.ltn.com.tw/news/society/breakingnews/5580425
泰籍移工100％二度灼傷亡  消防粉專：烤肉勿用汽油取代火種,社會,2026/09/20 18:31,最近很多人都會舉辦中秋烤肉派對，「消防神主牌」臉書粉專提醒，千萬不要倒汽油、酒精或去漬油點燃木材。（記者陳鳳麗攝）一對泰籍移工情侶日前在工寮烤肉，男子疑似倒汽油要點燃木材卻被火吻身，100%二度灼傷傷重不治，由於最近很多人會中秋烤肉，「消防神主牌」臉書粉專特別發文提醒，烤肉時不要拿汽油、烤肉酒精、去漬油代替引火的火種，且烤爐要在戶外通風處，遠離易燃雜物，才能開心又安全地烤肉。這對泰國籍逃逸移工情侶，16日晚間在仁愛鄉萬豐村一處農園裡的工寮生火烤肉，男性移工疑似倒汽油要點燃木材，不料卻被火燒到，因為100%二度灼傷，經送台中榮總埔里分院轉送台中榮總救治，但因傷勢嚴重18日已宣告不治。請繼續往下閱讀...由於下週五就是中秋節，這幾天陸續有民眾舉行烤肉派對，「消防神主牌」臉書粉專為提醒民眾烤肉用火安全，指泰籍移工倒汽油點火，會造成全身嚴重灼傷，主要是因為汽油倒出時，不只有液體流向木材，因汽油易揮發，周圍有看不見的汽油蒸氣，也能被火點燃，人若是站在火源旁倒汽油，火焰可能瞬間竄回身邊；如果汽油又潑到衣服，沾汽油的衣物還會持續燃燒，這時受傷的可能不只拿汽油的手，還會波及臉和軀幹、四肢。「消防神主牌」臉書粉專也強調，烤肉前起火工具要先準備好，千萬不要臨時拿汽油、去漬油或酒精取代；火變小時也不要往爐裡倒油，因看起來快熄的炭，仍可能藏著高溫與暗火，最好先調整炭的位置與通風，不要用潑油的方式催火。且烤爐不要放在密閉空間，而應放在戶外通風處，且遠離棚架、木材及易燃的雜物。泰籍移工在仁愛鄉一工寮肉生火烤肉，遭100%二度灼傷，現場的物品都被燒成灰燼。（資料照，仁愛警方提供）    ,https://news.ltn.com.tw/news/society/breakingnews/5580427
台東紙廠大火估燒毀近千噸廢紙 廠方將做消防安全檢討,社會,2026/09/20 18:21,中華紙漿台東廠今天火災，燒毀近千噸廢紙。（記者黃明堂攝）中華紙漿台東廠於今天上午11時40分左右，廠區內備料回收紙儲存區（B區）部分區域突發火警。廠區工作人員發現後，第一時間立即通報台東縣消防局求援。消防局接獲報案迅速派員搶救，首批19輛消防車於11時50分起陸續抵達現場，消防人員隨即拉起水線展開滅火行動，傍晚控制火勢並持續針對現場進行翻堆與悶燒處理。所幸整起事故未造成任何人員傷亡，初步估算約有上千噸廢紙受到波及損壞。中華紙漿公司表示，非常感謝台東縣消防局及所有消防救災人員在第一時間的全力協助與高效率滅火，將現場人員安全風險與財物損失降至最低。後續台東廠將全力配合消防局及相關主管單位的現場勘查與調查作業，以釐清確切的起火原因。請繼續往下閱讀...對於本次火災事故造成廠區周邊居民及社會大眾的疑慮與不便，中華紙漿表達最深切的歉意。公司強調，未來將針對各廠區全面進行消防安全檢討，進一步強化並嚴格落實各項安全管理規範與防火措施，防範類似災害再次發生。中華紙漿台東廠今天火災，燒毀近千噸廢紙。（擷自影片）    ,https://news.ltn.com.tw/news/society/breakingnews/5580422
熟客竟是當年惡狼！南投女童見他留宿 驚恐舉發,社會,2026/09/20 18:21,阿雄（化名）2021年性侵女童，女童直到3年後才認出報案，一審重判8年6月，上訴台中高分院近日也遭駁回。（記者陳建志攝）南投一名60歲的男子阿雄（化名）為女童小花（化名）祖母的朋友，阿雄卻在2021年她就讀國小4年級暑假時，趁家裡沒人，在客廳對她性侵得逞。女童直到祖父過世，阿雄經常到家裡，才認出向家人透露報案，南投地院一審依對未滿14歲之女子犯強制性交罪，判處8年6月。阿雄不服上訴二審，認為僅女童單方面指證，且前後說法不一，但台中高分院認原審判決並無不當，判決駁回，可上訴。二審維持8年6月南投地院判決指出，阿雄2021年小花就讀小四暑假的7、8月間，趁小花祖母帶弟弟去超商買東西，兩人獨自在家時，強行脫掉小花褲子，在客廳內先以手指插入小花陰道後，再以陰莖插入下體，強制性交得逞。請繼續往下閱讀...小花2023年5月3日第一次向社會局通報，當時卻因無法說出阿雄身分結案，直到2024年8月27日，女童祖父過世後，阿雄多次至住處飲酒、留宿，小花認出心生害怕，才又進行通報將阿雄送辦。南投地院審理時，阿雄辯稱沒有對女童做過那種事，否認有強制性交犯行。辯護人也辯稱，本案僅女童片面指述，且陳述的涉案情節有矛盾之處，而作證的女童阿姨、姑姑，證詞都是來自女童轉述，均屬傳聞證據，因無其他補強證據，應判阿雄無罪。南投地院認為，女童當時年僅10歲，性知識與社會經驗尚淺，若非親身經歷，難以說出遭強制性交過程，說詞具高度可信性，且經醫院驗傷，發現有處女膜陳舊性撕裂傷，與遭性侵指述相符，事後並出現不想看到被告，以及莫名大叫、自殘等舉動，考量阿雄犯後否認犯行、未與小花達成和解，依對未滿14歲之女子犯強制性交罪，判處8年6月，阿雄不服上訴二審。阿雄上訴辯稱，小花一開始通報，只稱被摸下體，第二次通報又改口被手指插入陰道，對於發生時間和當天穿著，說詞也都前後不一，認為是因小花不喜歡他，才會虛構這件事情，證據不足下應改判他無罪。台中高分院認為，原審判決並無不當，阿雄也未提出其他積極證據，因犯後否認犯行，未與小花成立和解，判決駁回，仍可上訴。☆自由電子報關心您：若懷疑孩童遭受身體虐待、精神虐待或是性侵害、性騷擾，請撥打113專線，透過專業社工員接線服務，將可盡快救援在生命危機中的兒童。☆    ,https://news.ltn.com.tw/news/society/breakingnews/5580418
新竹湖口慘遭醉客暴打 代駕司機顱內重創不治,社會,2026/09/20 17:43,涉嫌打死代駕司機的羅姓男子被拘提到案。（新湖警分局提供）57歲吳姓代駕司機，上週三（16日）清晨幫33歲羅姓男子酒後代駕，卻原因不明遭羅男暴打，倒在新竹縣湖口鄉某路口後陷入昏迷，經人報案，緊急送醫搶救，今天下午不治。檢警持醫院的搶救紀錄等，會同家屬相驗遺體，初步研判死因是顱內受到重創所致，是否解剖釐清確實死因還將評估。至於涉案的羅男，新湖警分局上週五（18日）把他拘提到案後，次日依重傷害罪嫌移送新竹地檢署偵辦。檢方複訊認定他涉有重嫌，且因素行不良、之前就有暴力傷人紀錄，所以依有反覆再犯和逃亡之虞，漏夜向法院聲押獲准。請繼續往下閱讀...不過羅男到案後稱自己喝醉，對於事發原因和經過沒有印象。檢警另掌握事發周邊其他監視器影像，發現羅男施暴過程中，吳男邊抵抗邊後退試圖逃跑，突然原因不明、以後腦袋著地的方式摔倒，所以全案事發原因和責任還待深入調查釐清，但已掌握相關目擊證人，將抽絲剝繭，還給死者家屬公道。檢警調查，羅男上週二（15日）晚跟朋友喝酒聚餐，當場至少乾掉2瓶高粱之類的烈酒。隔日清晨，其友人找來吳姓男子代駕羅男座車，要把羅男送回租住處，沒想到當天清晨6點38分，吳男卻被發現路倒在湖口鄉千禧路和三元路一段的路口處且陷入昏迷，報案人稱吳男遭人毆打所致。#淺色上衣的羅姓男子原因不明追打代駕司機，旁人忍不住勸阻，但沒有用。（讀者提供）吳姓代駕司機在閃躲間突然摔倒在地。（讀者提供）淺色上衣的羅男看到吳姓男子倒地，仍不斷用腳「招呼」。（讀者提供）羅男對現場試圖勸阻者，也出動鐵拳伺候。（讀者提供）羅男把吳姓代駕司機打倒後就揚長而去。（讀者提供）    ,https://news.ltn.com.tw/news/society/breakingnews/5580392
台南鹽水連棟民宅火警波及2戶 住戶緊急呼喚疏散幸無人受困,社會,2026/09/20 17:34,台南鹽水20日下午發生連棟透天厝火警，波及鄰近2戶。（民眾提供）台南市鹽水區今（20）日下午傳出民宅火警，火勢在風勢助長下，波及鄰近2戶，幸好住戶均緊急疏散，經消防人員趕赴灌救，約半小時撲滅，起火原因尚待調查釐清。今天下午2時30分左右，台南市消防局接獲民眾報案，鹽水區蔦松路一棟連棟透天厝3樓加蓋竄出火舌及濃煙，火勢迅速延燒，波及鄰近2戶，住戶緊急呼喚家人疏散。請繼續往下閱讀...消防局出動鹽水、新營、後壁、學甲等消防分隊共15車、29人馳援，立即部署水線，壓制火勢蔓延，火勢在約半小時後撲滅，消防人員逐一清查，確認並無人員受困，詳細起火原因與財物損失則待進一步調查。台南鹽水1棟透天厝3樓加蓋20日下午傳出火警，火勢波及鄰近2戶。（民眾提供）    ,https://news.ltn.com.tw/news/society/breakingnews/5580369
嘉義外傘頂洲超夯 海巡連2天逮捕衝景點的通緝犯,社會,2026/09/20 16:51,海巡署中部分署第四岸巡隊東石安檢所今天逮捕李姓通緝犯。（海巡提供）外傘頂洲超熱門，海巡署連2天逮獲通緝犯！昨天海巡署中部分署第四岸巡隊東石安檢所在嘉義縣東石漁港逮捕準備搭乘娛樂漁船前往外傘頂洲的劉姓通緝犯，今天東石安檢所再度正要搭船前往外傘頂洲的李姓通緝犯，連2日查獲通緝犯。昨天上午9點東石安檢所掌握劉姓通緝犯出現東石漁港，準備搭乘娛樂漁船前往外傘頂洲，鎖定目標登船實施身分查核，會同嘉義縣警察局朴子分局東石分駐所於東石漁港埋伏圍捕，將劉男查獲逮捕。請繼續往下閱讀...今天上午11點，東石安檢所執行娛樂漁業漁船出港安檢勤務，過濾娛樂漁業漁船乘客名單發覺李姓男子疑為通緝對象，經嘉義縣警察局朴子分局東石分駐所確認，展開查緝部署，等李男現身東石漁港準備登船時，海巡人員立即向前攔查，經核對身分並告知權利後，當場逮捕人犯，全案後續移交朴子分局偵辦移送。第四岸巡隊表示，透過科技輔勤、預先查核、複式比對及跨機關合作，構築嚴密防線，今年已於布袋商港查獲9起通緝犯案件，昨天及今天均在東石漁港執行娛樂漁船安檢勤務時即時查獲通緝犯，將持續強化源頭預警及跨機關橫向聯繫，攔阻不法，民眾若於港區或岸際發現可疑不法情事，請撥打海巡「118」服務專線通報。海巡署中部分署第四岸巡隊東石安檢所昨天逮捕劉姓通緝犯。（海巡提供）    ,https://news.ltn.com.tw/news/society/breakingnews/5580330
​炒飯店偷糖果、越南餐廳幹現金 新莊警掌握特徵鎖定偷兒,社會,2026/09/20 16:36,受害店家在Threads上發文並附上監視器。（記者徐聖倫翻攝）新北市新莊某店家日前在知名社群平台「Threads」發文，表示店內財物遭宵小搜刮，附近幾家餐飲業者均受害。新莊警分局執行網路巡查時發現該貼文，主動派遣光華派出所員警前往現場了解，調閱周邊監視器畫面後，目前已成功掌握涉案嫌犯身分，後續將依法查緝到案。​警方調查，遭竊地點位於新莊區裕民街85巷一帶。其中1家炒飯店業者表示，店內僅有數顆糖果遭竊；不過相鄰的1家越南飲食店就沒那麼幸運，遭賊偷走擺放在抽屜內的現金約2000元。由於2家業者目前工作忙碌，暫時無法前往派出所製作筆錄，警方已與店家約定於明日至派出所完成報案程序。請繼續往下閱讀...​新莊分局表示，警方已主動調閱現場及周邊監視器畫面，掌握特定對象並進行追查。警方呼籲，竊盜罪屬非告訴乃論，民眾切勿因一時貪念觸法；若發現可疑人士，請記下特徵並立即撥打110報案，共同維護社區治安。    ,https://news.ltn.com.tw/news/society/breakingnews/5580315
​騎警隊居高臨下見異狀 機警借天鵝船急救碧潭落水8旬翁,社會,2026/09/20 16:22,騎警隊員許智翔與船舶業者合作將老翁救起。（記者徐聖倫翻攝）新北市警局騎警隊今上午在碧潭風景區執行巡邏勤務時，憑藉騎乘馬匹的「居高臨下」視野，及時發現1名83歲林姓老翁落水。隊員許智翔當機立斷，借用岸邊天鵝船迅速登船前往救援，並合力將老翁拉上船施以CPR急救，成功將老翁從鬼門關前救回，送醫後已脫離險境。​據悉，今上午10時許，騎警隊員許智翔、李君蘋巡經碧潭東岸時，接獲岸邊保全揮手求助。許員利用馬匹上的高處視野查看，赫然發現林翁在水面浮沉、情況危急。許員隨即結合天鵝船業者借船馳援，迅速將林翁救上船，並在岸邊持續實施CPR急救直至救護人員接手，李員則在現場安撫馬匹並維持秩序。請繼續往下閱讀...​新店警分局後續調閱監視器畫面並聯繫家屬，確認林翁為徒步走入水中，現場無外力介入，經送往新店耕莘醫院急救後已無大礙。​新北市警局表示，騎警隊於假日輪流在碧潭、淡水、八里及鶯歌等景點巡邏，高處視野能隨時掌握異狀，此次順利發揮即時應變功效；同時也提醒民眾，碧潭水域深淺不一，前往遊憩應注意安全，切勿任意下水。騎警隊員許智翔與船舶業者將老翁救上船隻，許員即刻實施CPR。（記者徐聖倫翻攝）騎警隊員許智翔到岸上持續CPR，直到老翁給救護人員接手送醫。（記者徐聖倫翻攝）    ,https://news.ltn.com.tw/news/society/breakingnews/5580300
三重7旬翁無業獨居失聯多日 房東破門驚見陳屍屋內,社會,2026/09/20 16:08,75歲無業獨居的張姓老翁，被發現陳屍新北三重租屋處。示意圖。（資料照）75歲無業獨居的張姓老翁，因失聯多日，房東今上午前往其新北市三重租屋處準備修繕房屋時，多次敲門聯繫均無人回應，察覺有異連忙報警求助。警消獲報趕抵現場破門入內，發現張翁已倒臥屋內、明顯死亡多時。​三重警分局於今上午10時許接獲報案，立即派員趕赴三重區中正北路某公寓6樓。警方隨即會同消防人員進行破門，不料入內發現張翁已無生命跡象。分局鑑識人員隨後封鎖現場進行採證，確認門窗完好、現場無外力介入或打鬥痕跡，初步排除外力危害，研判為生病或自然死亡。警方後續已依法報請新北地檢察署進行相驗，以釐清確切死因。    ,https://news.ltn.com.tw/news/society/breakingnews/5580274
台中大里環河路火燒車駕駛成焦屍  起火原因待釐清,社會,2026/09/20 15:32,台中大里環河路今天中午發生火燒車，一輛轎車陷入火海，消防人員撲滅火勢在車內發現一具焦屍。（記者陳建志翻攝）台中大里區環河路一段的慢車道，今天中午傳出汽車火警，消防人員趕抵時整輛轎車已經全面燃燒，立刻出水撲滅火勢後，赫然在車內發現一具焦屍，因現場沒有明顯的撞擊痕跡，經調閱監視器確認起火前未發生交通事故，初步排除他殺可能，不過死者身分還須比對釐清，起火原因也將由警方和消防局火調人員鑑識後釐清。台中市消防局今天中午12點49分接獲報案，指稱大里區環河路1段往烏日方向，在靠近中投公路前的機車慢車道有汽車火警，車內疑似有一位民眾受困，立即派遣國光、大里和十九甲分隊，出動8車15人，由大里分隊陳鍈燣小隊長帶隊前往搶救。請繼續往下閱讀...消防然員抵達時，整輛轎車已經陷入火海，消防人員立刻出水搶救，約1點2分將火勢撲滅，並在車內發現一具疑似駕駛的焦屍，車內並無其他傷患。因消防人員到場時，車輛已經燃燒，一度無法確認是否為車禍造成或是停放在路邊起火，不過初步觀察，車子的手煞車有拉起，車子也無明顯撞擊痕跡，經警方調閱附近監視器，排除因發生交通事故而起火，也無外力介入，不過詳細起火原因尚待消防局火調科調查釐清。至於車內駕駛身分，經查詢車籍資料車主是一名男子，經連繫車主的太太後表示，目前聯繫不上先生，不過因駕駛已燒成焦屍難以辨識，詳細身分和死因將由檢警相驗、比對後進一步釐清。消防人員撲滅火勢在車內發現一具焦屍，身分、死因待釐清。（記者陳建志翻攝）    ,https://news.ltn.com.tw/news/society/breakingnews/5580236
越南籍男子酒駕遭逮  警查出竟是逃逸7年失聯移工,社會,2026/09/20 15:27,著黃衣的阮男跑給警察追。（記者徐聖倫翻攝）44歲越南籍阮姓男子，昨下午騎機車行經新北市八里區八德路渡船頭街口時，因形跡可疑遭巡邏員警攔查。盤查過程中，員警發現阮男身上散發濃烈酒氣，不料在準備實施酒測之際，阮男竟心虛棄車逃入渡船頭街巷弄內，最終在熱心民眾包圍協助下，由警方順利壓制逮捕，警方也查出阮男為失聯移工，且竟然逃逸了7年多。​據悉，蘆洲警分局龍源派出所警員張宇光於昨日下午5時許執行巡邏勤務，在渡船頭街口發現阮男騎車神情慌張、飄忽不定，隨即將其攔下。員警上前詢問時聞到酒味，正準備拿出酒精測試儀時，阮男突拔腿就跑。所幸附近熱心民眾見狀發揮正義感，共同合力包圍阻擋阮男去路，讓緊追在後的員警及時趕上將其逮捕。請繼續往下閱讀...​警方調查，阮男為2019年7月即被通報行方不明的失聯移工，已逃逸約7年。經實施酒測，其酒測值達0.18，已達行政裁罰標準。​警方現場依「道路交通管理處罰條例」第35條對阮男開單舉發，處1萬5千元以上9萬元以下罰鍰，並當場移置保管機車及吊扣駕照；警詢後，依違反「入出國及移民法」，將阮男移送移民署專勤隊等待遣返。阮男最終被警方壓制。（記者徐聖倫翻攝）阮男在人群中被警方逮捕。（記者徐聖倫翻攝）    ,https://news.ltn.com.tw/news/society/breakingnews/5580173
平鎮警雷霆掃蕩淨化選前治安 加強臨檢治安顧慮場所,社會,2026/09/20 15:22,桃園市警察局平鎮警分局19日執行「雷霆除暴」暨全國性取締酒（毒）駕專案勤務，針對治安顧慮場所及要道加強臨檢。（圖由警方提供）為強化選前治安維護、淨化轄區治安環境，桃園市警察局平鎮警分局昨（19）日執行「雷霆除暴」暨全國性取締酒（毒）駕專案勤務，其中北勢派出所員警執行臨檢勤務時，查獲2名泰國籍女子持觀光停留簽證來台，涉嫌從事賣淫等不法行為且簽證均已逾期，訊後依妨害風俗及入出國及移民法規定辦理，並解送移民署桃園專勤隊後續處理。平鎮警分局表示，昨日針對治安熱點、易滋事場所及重點區域部署警力，加強臨檢、路檢及巡邏查察，統計本週執行專案勤務期間，共查獲涉及洗錢防制法、妨害性自主、詐欺等各類通緝犯11人，另查獲酒駕公共危險9件9人、毒駕公共危險暨施用第1及2級毒品6件6人、販賣及持有第1及2級毒品3件3人、詐欺1件1人、妨害風俗2件2人，以及竊盜7件3人，累計查獲39案、35名犯嫌。請繼續往下閱讀...分局長李維振表示，9合1選舉將於11月28日舉行投票，距今僅剩約70日，隨著選舉腳步逐漸逼近，各項選舉活動也將陸續展開，為維護選前治安秩序，防制暴力、滋事及酒（毒）駕等不法行為，警察局特別規劃專案勤務，針對治安顧慮場所及重點區域強化警力部署與查察，展現警方打擊不法、維護治安的決心。平鎮警分局表示，將持續掌握轄區治安動態，針對治安熱點及高風險場所強化查察與巡守，並結合各項專案勤務，全力防制暴力、毒品、詐欺及酒（毒）駕等不法行為，確保選前、選舉期間及選後治安穩定。桃園市警察局平鎮警分局19日執行「雷霆除暴」暨全國性取締酒（毒）駕專案勤務，針對治安顧慮場所及要道加強臨檢。（圖由警方提供）北勢所查獲2泰籍女子持觀光停留簽證來台，卻涉嫌從事賣淫等不法行為。（圖由警方提供）桃園市警察局平鎮警分局19日執行「雷霆除暴」暨全國性取締酒（毒）駕專案勤務，針對治安顧慮場所及要道加強臨檢。（圖由警方提供）    ,https://news.ltn.com.tw/news/society/breakingnews/5580194
謝典霖涉賄選與父遭收押  網嗆「砍斷檢察官手腳」、「殺死吳音魂」,社會,2026/09/20 15:19,國民黨彰化議長謝典霖與其父母、謝家3人陷入餐會賄選與挪用公款貪污疑雲的司法風暴，有民眾就在網路留言嗆聲「哪個檢察官起訴？直接砍斷手腳」，也留言要「殺死吳音魂！」（擷自網路）國民黨彰化議長謝典霖與其父母、謝家3人陷入餐會賄選與挪用公款貪污疑雲的司法風暴，彰化縣長參選人魏平政昨天（19日）以律師身分公開聲援。有民眾就在網路留言嗆聲「哪個檢察官起訴？直接砍斷手腳」，也留言要「殺死吳音魂！」彰化縣警局表示，將會啟動偵查機制，確認身分並釐清動機。針對魏平政昨天以律師身分出面公開聲援，有民眾直接在網路嗆聲，先是開嗆偵查聲押的檢察官，放話要讓檢座「砍斷手腳」，同時針對行政院中部聯合服務中心副執行長吳音寧在今年7月1日在臉書貼文，指控謝典霖在縣議會席開10多桌，以議會資源替參選溪湖鎮長的表姑陳貞妃宴客助選，質疑涉及賄選與經費來源一事，也開嗆「殺死吳音魂！」請繼續往下閱讀...彰化縣警局指出，民眾在網路應該理性，並遵守法律規定。由於這位民眾留言有「砍斷手腳」、「殺死」等不理性的字眼，可能有違反恐嚇危害安全罪部分，將會啟動偵查機制，先確認身分，再來調查留言動機，以釐清是涉及恐嚇或是社維法。警方強調，民眾在網路世界留言，務必保持理性，凡走過必留下痕跡，就算事後刪文，只要相關人有提供截圖舉證留言有涉及違法之處，如果屬於非告訴乃論罪部分，都可以主動偵辦，進一步調查與釐清。    ,https://news.ltn.com.tw/news/society/breakingnews/5580206
倒楣！ 回收男因旁邊情侶吵架看一眼 遭對方遷怒引發扭打均遭法辦,社會,2026/09/20 15:01,豆姓男子被警方押上警車。（記者徐聖倫翻攝）44歲陳姓男子昨晚在新北市淡水街頭在街邊撿拾回收物，巧遇路過的41歲豆姓男子正與女友大聲爭吵。陳男因聽到爭執聲好奇抬頭看了一眼，不料竟引發豆男強烈不滿，上前質問後雙方爆發口角，最終演變成街頭扭打。淡水警分局獲報後啟動快打警力趕赴現場，當場將兩人制伏帶回。​據悉，昨晚間8時許，陳男當時正獨自在淡水區新民街某巷口整理回收物，恰巧豆男與女友行經該處並爆發激烈口角。陳男無意間看了一眼，豆男卻認為陳男惡意瞪他，進而心生不滿，火氣上頭衝上前理論，隨即與陳男發生拉扯與互毆，現場吵鬧聲驚動附近民眾連忙撥打110報案。請繼續往下閱讀...​警方接獲通報後不敢大意，立即啟動快打機制派遣多名警力迅速趕抵現場。員警抵達時兩人已被分開，經初步查證，雙方互不認識，全因豆男情緒失控才演變成這起無辜波及的街頭衝突。​雖然事後陳男與豆男冷靜下來均表示互不提告傷害，但警方強調絕不容許街頭暴力行為。警詢後，依違反「社會秩序維護法」第87條，將豆、陳二人移送裁處。倒楣的陳男被捲入糾紛也被押上警車。（記者徐聖倫翻攝）    ,https://news.ltn.com.tw/news/society/breakingnews/5580185
新北警大動員全市掃蕩毒酒駕 單日重拳查獲24件捍衛路權,社會,2026/09/20 14:52,新北市警局啟動專案，昨晚間實施毒酒駕大掃蕩。（記者徐聖倫翻攝）為展現對「毒酒駕零容忍」的堅定決心，新北市政府警察局昨晚再次啟動全市同步專案，傾力出擊展開嚴密掃蕩。本次專案以精準執法結合治安查緝，單日即狂抓24件毒酒駕案件，成功排除大量道路安全隱患，強力捍衛用路人生命財產安全。​警方指出，昨專案共動員673名警力，在全市80處重要幹道與治安熱點設置路檢點。成果包含查獲毒駕14件、酒駕10件，並當場扣留29輛汽機車；同時結合治安打擊，一舉查獲通緝犯18人、其他各類刑案13件13人及失聯移工5人，展現交安與治安雙重淨化的執法成效。請繼續往下閱讀...​警方特別提醒，「道路交通管理處罰條例」修正案通過後，未來毒駕罰則將大幅加重，機車提高至12萬元、汽車15萬元，拒測更重罰27萬元，並將吊銷駕照與沒入車輛；此外更首度增訂同車乘客連坐開罰，18歲以上同車者最高可處1萬5000元罰鍰，呼籲民眾切勿心存僥倖上路。新北市警局毒酒駕大掃蕩派員673員，於80個熱點路口進行攔檢，單日狂抓24件。（記者徐聖倫翻攝）    ,https://news.ltn.com.tw/news/society/breakingnews/5580197
台中知名補習班傳火警 疏散數百學生...偷抽菸惹的禍,社會,2026/09/20 14:47,台中北區三民路一間補習班，今天接近中午時疑似有人偷抽菸亂丟菸蒂引發火警，造成整棟樓上課的學生大撤離。（Threads  lan.senouog授權提供）台中市北區三民路3段一間知名的補習班，今天上午11點多突然火警警鈴大作，讓整棟補習班內上課的學生，嚇得趕緊下樓逃生，台中市消防局獲報到場，發現是浴室內的塑膠垃圾桶燒融，懷疑有學生在裡面偷抽菸後亂丟菸蒂釀禍，所幸保全及時撲滅，虛驚一場，學生也都陸續返回上課。台中市消防局今天上午11點多接獲報案，指稱北區三民路3段一間補習班發生火警，立刻派遣消防人員到場，抵達時發現裡面一處浴室內的塑膠垃圾桶燒融，所幸保全已及時撲滅，並無人員傷亡、也無財損。請繼續往下閱讀...不過因煙霧觸動警鈴警報，造成在補習班內上課數百名學生大撤離，趕緊疏散到附近的馬路上，有上課學生就說：「活了那麼久這次終於不是逃生演練了」，所幸後來僅虛驚一場，學生也陸續被叫回去上課。台中北區三民路一間補習班，今天接近中午時疑似有人偷抽菸亂丟菸蒂引發火警，造成整棟樓上課的學生驚惶撤離到附近街道、騎樓。（Threads  lan.senouog授權提供）    ,https://news.ltn.com.tw/news/society/breakingnews/5580174
假AI選股騙局連環吸金 熟女被榨乾積蓄還借高利貸慘賠768萬,社會,2026/09/20 14:41,警方提醒慎防名人自傳投資陷阱詐騙。（記者姚岳宏翻攝）北部1名年約60歲在教育界服務的陳姓婦人，日前在社群平台點擊「免費贈送科技大廠創辦人自傳」廣告，卻誤入詐騙集團設下的假投資陷阱，她不僅在海外多次以美金面交，後續更遭詐團以繳稅、解凍金等各種名目連環吸血，甚至為此借高利貸，最終慘遭詐騙超過768萬元。刑事警察局指出，陳女當時被假助理拉進投資群組後，聽信自稱專家的人士標榜以AI技術預測股市，並下載假冒的證券交易APP，陳女看著帳面數字不斷飆升，深信不疑，當她準備提領獲利時，詐團開始編造各種理由拒絕出金，包括要求補繳10%所得稅、宣稱資料填錯需付15%解凍金，甚至以涉及假鈔為由要求額外繳納5%費用。請繼續往下閱讀...陳女為拿回資金，最後向高利貸借款湊齊所謂的全額提領協議金，直到匯款後客服人間蒸發，才驚覺陷入騙局。刑事局預防科表示，這類結合假名人書籍、假專業團隊與假投資軟體的詐騙套路屢見不鮮，歹徒經常利用被害人想拿回本金的心理陷阱，逼迫他們舉債，詐騙集團長期透過社群網路投放免費送書或名人推薦等廣告騙取民眾個資，隨後利用偽造的獲利數據博取信任，再派人實施面交，最後再以各種藉口層層剝皮。刑事局強調，正當的投資管道絕對不會要求投資人透過私下通訊軟體聯繫，更不可能要求現金面交、轉帳至個人帳戶或索取解凍金與保證金；民眾若對標榜保證獲利或AI選股的廣告有疑慮，務必撥打165反詐騙專線或110查證，也可利用165打詐儀錶板的AI智能客服進行即時諮詢，守護自身財產安全。    ,https://news.ltn.com.tw/news/society/breakingnews/5580167
孕妻羊水破裂遇塞車  高雄警開道5分鐘送醫,社會,2026/09/20 14:36,孕妻羊水破裂遇塞車，高雄警開道5分鐘送醫。（民眾提供）高雄李姓男子（31歲）因孕妻羊水破裂，準爸爸心急如焚，載妻衝醫院，卻遇上塞車，他慌張衝入鼎山派出所求助，警方得知立刻開道，協助孕婦送醫。三民二分局今（20）日表示，李姓男子（31歲）昨神情慌張，衝入鼎山派出所求助，表示其懷孕妻子郭女（34歲）在家中突然羊水破裂，隨即駕車準備前往醫院生產，途中卻因車流壅塞、行車速度緩慢，眼見妻子即將臨盆，情況相當緊急，遂立即駛入派出所請求警方協助開道送醫。請繼續往下閱讀...鼎山所警員李德銘、陳威仁得知有臨盆孕婦急需就醫，深知生產攸關母子安全、分秒必爭，隨即開啟警示燈與警鳴器，沿途引導車流、開闢綠色通道，於短短5分鐘內迅速且平安地將郭姓孕婦護送至生產醫院，並將郭女平安交由醫護人員接手照護。三民二分局長吳信宏表示，警方於民眾遇有急難時，均會視狀況提供必要協助；另提醒民眾，若遇突發醫療或緊急救護需求，應優先撥打119，由專業救護人員提供適當處置及送醫協助，以把握黃金救援時間。    ,https://news.ltn.com.tw/news/society/breakingnews/5580186
在高速公路上突爆胎側翻 小貨車上玉米散落一地,社會,2026/09/20 14:22,小貨車在國道3號北向159.3公里處突爆胎側翻。（圖由民眾提供）程姓男子今天上午10時19分左右，駕駛小貨車行駛國道3號北向159.3公里（台中市大甲路段），突左後輪爆胎失控，側翻於外側路肩，車上埔運的玉米散落一地，程男則緊急自行逃出車外，肇事後續調查，由國道公路警察局第七公路警察大隊大甲分隊依規定處理。國道警方表示，今天上午10時19分，程男（46歲）駕駛小貨車，車上載滿新鮮的玉米，不料，行駛至國道3號北向159.3公里處的外側車道（台中市大甲路段）時，左後輪突爆胎失控，致小貨車側翻在外側路肩，大袋的玉米掉落滿地，幸無人受傷，也未波及其他車輛。請繼續往下閱讀...警方呼籲用路人平時應注意車輛機件保養，行車前務必檢查車輛狀況（油、水、煞車、輪胎、燈光等），以避免車輛發生爆胎或故障。高速公路行車期間若發現車輛異常，應立即減速並儘速駛離車道停靠安全處所，避免因車輛失控造成交通事故，以維護自身及其他用路人行車安全。    ,https://news.ltn.com.tw/news/society/breakingnews/5580143
台東紙廠大火擴大 緊急申請空勤直升機空中灑水救援,社會,2026/09/20 14:04,中華紙漿台東廠大火，消防人員仍在撲滅中。（記者黃明堂攝）位於台東市中興路四段的中華紙漿台東廠，今天上午11時45分許傳出火警。廠區後方室外廢紙堆置區突然竄出大量濃煙與白煙，雖暫無人員傷亡，由於現場堆放大量易燃紙箱與廢紙塊，火勢迅速延燒擴大。台東縣消防局已緊急申請空勤直升機空中灑水救援。台東消防局表示，獲報後隨即啟動大量搜救機制，指揮中心緊急派遣台東大隊，以及豐田、南王、台東、特搜、知本與太麻里等多個分隊與水庫車趕赴現場，共計出動19輛各式救災車輛、36名消防人員與40名義消投入搶救，並同步通報警方、自來水公司與電力公司到場協助。請繼續往下閱讀...救災人員抵達現場時，確認為室外廢紙堆起火燃燒，暫未延燒至周邊廠房。然而，現場搶救過程極為艱辛，至午後12時41分許，第一線指揮官台東大隊長吳寶龍回報，廠區內的地下蓄水池水量已全部採集耗盡，現場面臨極大滅火水源缺口，急需周邊水源進行支援。為維護救災人員體能與指揮調度，消防局隨後啟動幕僚召回機制及後勤照護車，並派遣科技救災隊進駐現場支援。隨著現場火勢持續蔓延且高溫悶燒，陸面救災水壓與水量告急，台東縣消防局為避免災情擴大，於下午1時4分通報豐年機場實施無人機起飛與緊急救災申請，進行空中災情偵查；隨後於1時18分正式啟動申請空勤總隊直升機支援機制，預計實施空中灑水作業，全面對廢紙堆高處進行精準降溫與滅火。目前環保局亦已接獲通報密切監測空品狀況，警消與空勤團隊正全力展開陸空聯合救災，期盼儘速壓制火勢。    ,https://news.ltn.com.tw/news/society/breakingnews/5580131
竹南科爆持刀傷人 警證實：同事口角爆發衝突,社會,2026/09/20 13:43,竹南科學園區。（資料照）苗栗縣竹南科學園區一家生產高效能太陽能模組及儲能系統的科技廠，昨（19）日下午4點多發生持刀傷人事件，傷者1人腹部遭刺，所幸送醫急救，無生命危險。保二總隊第二大隊第一中隊調查，為2名同事口角，犯嫌鄧姓男子持水果刀刺傷男同事，全案依法偵辦中。苗栗縣消防局昨天下午4點40分，接獲通報隨即派遣竹南消防分隊人車趕往救援，5分鐘後趕抵現場，發現一名男性傷者被刀子刺傷左腹部，肢體多處撕裂傷，生命徵象穩定且意識清楚，由救護車送往為恭醫院救治。請繼續往下閱讀...保二總隊第二大隊第一中隊今天表示，經調查，該事件為科技廠內進行風管工程的廠商2名員工同事，因細故發生口角糾紛，犯嫌鄧男拿出水果刀刺傷同事，造成同事左上腹部、右手食指及左手拇指受刀傷，所幸送醫救治沒有生命危險，鄧男當場就逮，目前依法偵辦中。    ,https://news.ltn.com.tw/news/society/breakingnews/5580108
怪男丟「水晶寶寶」害整池錦鯉暴斃！下場慘了,社會,2026/09/20 13:16,台中陳姓男子去年底將「水晶寶寶」倒進田美福德宮的魚池，造成20隻錦鯉暴斃，台中地院依違反動保法判拘役40日，可上訴。（擷取自田美福德宮臉書）台中陳姓男子（30歲）去年12月晚上，因不明原因前往台中沙鹿田美福德宮的魚池，將俗稱「水晶寶寶」的丙烯酸樹脂顆粒投放到魚池內，整池20隻的錦鯉因誤食陸續暴斃，害廟方損失4萬5千元，調閱監視器才查出是陳男所為，檢方認為「水晶寶寶」進入腸胃道後會迅速吸收水分，導致體積暴漲20~30倍，造成魚群疑因腸阻塞後暴斃，將他起訴，台中地院審理後依違反動物保護法判拘役40日，併科罰金20萬元，可上訴。中檢起訴指稱，陳姓男子（30歲）2025年12月8日晚上8點多，將俗稱「水晶寶寶」的丙烯酸樹脂顆粒投放至台中市沙鹿區田美福德宮前魚池內，導致廟方養殖在魚池內價值約新台幣4萬5千元的20隻錦鯉，吞食後1週內陸續暴斃死亡。請繼續往下閱讀...據了解，廟方當時飼養的是德國錦鯉，已養了約2年，因莫名原因陸續暴斃，當時的主委蔡俊雄發覺錦鯉死亡覺得不尋常，調閱監視器影像，才發現是陳男下毒手，氣得報警處理查獲。檢方引述2024年新竹台大分院的一個案例，一名1歲半的女童因誤食「水晶寶寶」，被緊急送急診，所幸及時處置，未出現腹痛、嘔吐或腸阻塞等症狀，平安出院，不過院方提醒，水晶寶寶是一種高吸水性的丙烯酸樹脂，進入腸胃道後會迅速吸收水分，體積暴漲至原來的20~30倍，可能導致腸道阻塞，嚴重時需緊急手術處理，甚至可能致命。陳男警詢時坦承不諱，不過檢方傳訊時未到，但檢方從監視器和警詢等證物，認定犯行屬實，依違反動物保護法、毀損等罪嫌起訴。台中地院沙鹿簡易庭審理時認定，陳男所為觸犯動物保護法第25條第1款，處拘役40日，併科罰金新台幣20萬元，可上訴。水晶寶寶示意圖。（資料照）    ,https://news.ltn.com.tw/news/society/breakingnews/5580089
花蓮吉安警民合逮通緝犯 上演「烤肉組保衛戰」！,社會,2026/09/20 13:10,花蓮縣林姓男子潛入吉安鄉1處公寓華廈意圖偷走烤肉組被屋主發現。（圖由警方提供）中秋節前夕，花蓮縣吉安鄉上演1場「烤肉組保衛戰」！34歲林姓男子潛入吉安鄉1棟公寓華廈1樓的停車場，意圖想要偷走烤肉組跟電動車設備，被屋主發現，林男見狀慌忙把烤肉組放回袋內轉身逃逸，雙方發生拉扯扭打，所幸附近民眾及時協助壓制，警方隨即趕抵逮捕，經查竟是花蓮地檢署發布的竊盜通緝犯，身上還被搜出毒品菸彈，全案依竊盜通緝、竊盜及違反毒品危害防制條例等罪嫌，移送花蓮地檢署偵辦。吉安分局今指出，仁里派出所18日清晨接獲報案，指吉安鄉東昌村1處大樓1樓停車場附近有陌生男子形跡可疑，屋主下樓查看時，發現1名男子正翻找其置物箱，並已把箱內烤肉網等物品放置地上，陶男見狀隨即上前阻止，與熱心民眾合力將對方制伏，警方獲報後第一時間趕抵現場，當場將嫌犯逮捕到案。請繼續往下閱讀...警方查驗身分後發現，34歲林姓男子是花蓮地檢署發布在案的竊盜通緝犯，且為警方掌握的竊盜慣犯，警方依法實施附帶搜索，當場在林男身上查獲含有依托咪酯成分的毒品菸彈。林男稱因為沒錢，所以想要拿一些東西去變賣換錢。全案訊後，警方依竊盜通緝、竊盜罪及違反毒品危害防制條例等罪嫌，將林男移送花蓮地檢署歸案偵辦。吉安分局呼籲，民眾應隨時加強防竊意識，住家周邊置物空間宜妥善加鎖，並留意附近是否有陌生可疑人士徘徊，如發現任何異常或治安死角，請第一時間撥打110報案求助，警方將持續強化轄區巡邏與執法力道，全力打擊各類違法犯罪，共同守護社區居民生命財產安全。花蓮縣林姓男子潛入吉安鄉1處公寓華廈意圖偷走烤肉組被屋主發現。（圖由警方提供）    ,https://news.ltn.com.tw/news/society/breakingnews/5580076
退休婦掉假檢警陷阱損失554萬 車手落網,社會,2026/09/20 12:59,"經警方專案小組調閱沿線監視影像，並交叉比對身分，於前天循線在中和區廣福路拘提65歲林姓車手到案。（記者陸運鋒翻攝）新北市永和1名林姓老婦落入假檢警詐騙陷阱，對方將她提款卡及帳戶騙走，短短1個多月提領現金554萬元，直到林婦家人發現異狀報案此事才曝光，永和調閱多支監視影像循線追查，前天將提領車手林姓男子查緝到案，並搜出毒品等證物，詢後移送偵辦。永和警分局調查，退休的75歲林姓老婦人，6月中旬接獲自稱台中地檢署檢察官來電，對方稱正在偵辦1起毒品案件，於毒販家中看見林婦名下的存摺，因此將她列為疑犯，需交出帳戶及提款卡、密碼進行監管。請繼續往下閱讀...據知，林婦被嚇得依照對方指示，將3張提款卡及密碼等，放在未上鎖的機車置物箱，詐騙集團派出車手取得後，陸續在2個月內密集前往銀行ATM提領百餘筆，令林婦損失高達554萬元，直到林婦家人發現異狀並勸說後，才驚覺遭到詐騙，隨即報警。據指出，經警方專案小組調閱沿線監視影像，並交叉比對身分，於前天循線在中和區廣福路拘提65歲林姓車手到案，並在其背包搜出毒品依托咪酯菸彈、海洛因、電子菸主機、手機及現金3000元等證物，全案詢後依詐欺、洗錢防制、毒品危害防制等罪嫌移送新北地檢署偵辦。警方呼籲，詐騙集團經常假冒檢警機關，以「涉案」、「帳戶遭凍結」等話術騙取民眾信任，甚至要求交付存摺、金融卡，民眾接獲可疑電話應立即掛斷，並撥打165反詐騙專線或110查證，切勿依陌生人指示交付金融卡及個人金融資料。警方搜出依托咪酯菸彈、海洛因、電子菸主機、手機及現金3000元等證物。（記者陸運鋒翻攝）☆少一份毒品就多一份健康，自由時報提醒您遠離毒品☆    ",https://news.ltn.com.tw/news/society/breakingnews/5580068
貢寮龍洞灣6潛水客體力不支回不來！驚動海巡船艇救援,社會,2026/09/20 12:57,海巡隊員將體力不支的潛水客送回澳底漁港。（記者吳昇儒翻攝）新北市消防局今日上午11時許接獲民眾報案指出，位於貢寮區龍洞灣岬2號潛水點外，有6個民眾浮在水面上游不回來。消防局立刻派員前往現場，並通報海巡隊。海巡隊趕緊派遣巡防艇，趕赴現場，順利將人救起，並送往澳底漁港，所幸無人員傷亡。人員上岸後，消防局救護人員初步檢視6名潛水客身體狀況，確認無明顯外傷，僅體力不支無須就醫。請繼續往下閱讀...據悉，該批潛水客年約20到40歲之間，男、女都有，在海上因體力不支無法自行游回岸際，只好求援，所幸無人員傷亡。海巡隊員將體力不支的潛水客送回澳底漁港。（記者吳昇儒翻攝）    ,https://news.ltn.com.tw/news/society/breakingnews/5580072
台東紙廠廢紙堆竄火 警消拉水線灌救,社會,2026/09/20 12:49,中華紙漿台東廠廢紙堆竄火 警消急救援動員滅火中。（記者黃明堂攝）​位於台東市中興路四段的中華紙漿台東廠，今天中午廠區戶外廢紙堆放區突傳出火警。現場堆疊的大量廢紙塊與包裝回收紙竄出濃濃白煙與火舌，消防局接獲報案後，立即派遣多個分隊及水箱車趕赴現場拉起水線全力灌救。​廠區現場除了消防人員進行射水防護與降溫外，廠方也緊急調派大型挖土機等重型機械投入支援，協助翻開並散開悶燒的廢紙堆，配合消防水線進行深層滅火，防止火勢持續擴大。請繼續往下閱讀...​據了解，起火地點為廠區後方室外廢紙堆置區。現場煙霧瀰漫，迄今仍在滅火中。    ,https://news.ltn.com.tw/news/society/breakingnews/5580061
幼童坐長輩腿部騎機車？網驚：自備人肉氣囊,社會,2026/09/20 12:49,幼童坐婦女腿部握機車龍頭，驚險畫面引熱議。圖為負責調查的林園分局。（資料照）網傳高雄市林園區出現幼童坐長輩腿部握機車龍頭，像是騎機車的驚險畫面，網友形容「自備人肉氣囊」。林園分局表示，未接獲民眾報案或檢舉，但已違反道路交通管理處罰條例，將開罰300元至600元。網友在臉書社團發文指出，「這算一種無照駕駛嗎？這誰家的長輩，勸一下去裝個兒童座椅好嗎？」影片可見，1名婦女右手騎紅色機車，讓幼童坐在她的腿部，她以左手環抱，並讓幼童雙手握機車龍頭。請繼續往下閱讀...網友留言指「真的很扯」、「居然讓小孩握龍頭」、「好危險啊」、「騎機車自備人肉氣囊」、「用孩子的生命開玩笑嗎」，但又「感覺有點假」、「看起來像AI改過」。警方強調，將通知機車騎士到案說明，釐清相關過程，並呼籲載送幼童切勿讓其站在機車踏板，或坐在騎士腿部，且應戴安全帽，以確保幼童安全。    ,https://news.ltn.com.tw/news/society/breakingnews/5580048
新北警一夜掃蕩24件毒酒駕！新法將上路 拒測最重罰27萬,社會,2026/09/20 12:31,新北市警察局昨實施同步取締毒酒駕專案。（記者姚岳宏翻攝）新北市警察局昨天（19日）實施同步取締毒酒駕專案，本次勤務共動員673名警力，在全市要道設置80處路檢點，查獲14件毒駕與10件酒駕，當場移置保管24輛汽機車，更同步查獲通緝犯18人、其他刑事案件13件13人及失聯移工5人，持續強化道路安全並淨化社會治安。新北市警局提醒，立法院已於7月28日通過《道路交通管理處罰條例》部分條文修正案，未來新法上路後，毒駕罰則將大幅加重，機車毒駕罰鍰將從現行的9萬元提高至12萬元，汽車毒駕則由12萬元加重至15萬元。若駕駛人拒絕接受毒測，罰鍰更將從18萬元提高至27萬元，且違規者均會面臨吊銷駕照與沒入車輛等行政處分。請繼續往下閱讀...市警局說，修法也明確增訂同車乘客的連坐處罰規定，未來只要駕駛人有毒駕行為，除心智障礙者及搭乘大眾運輸的乘客外，年滿18歲至未滿70歲的同車乘客，都將面臨6000元至15000元不等的罰鍰，警方呼籲切勿心存僥倖毒駕或酒駕上路，更不要將車輛出借給有潛在風險的親友使用，以免造成無法挽回的遺憾。新北市警局重申，道路安全不容妥協，警方將持續秉持全面反毒、毒駕零容忍的最高原則，以最嚴密的標準強力查緝相關犯罪。期望社會大眾能自律守法，切勿以身試法，共同與警方攜手打造安全、安心的交通環境。☆少一份毒品就多一份健康，自由時報提醒您遠離毒品☆☆飲酒過量  有害健康  禁止酒駕☆新北市警局昨實施同步取締毒酒駕專案。（記者姚岳宏翻攝）    ,https://news.ltn.com.tw/news/society/breakingnews/5580045
枕邊人是賊 趁女友不備偷提款卡盜領5.6萬遭警查獲,社會,2026/09/20 12:27,高姓慣竊趁女友不備偷提款卡盜領5.6萬。（圖由中埔警分局提供）嘉義縣警察局中埔警分局中埔聯合所日前接獲民眾報案，稱其放置家中的農會提款卡遭人竊取盜領5萬6000元。經警方擴大調閱案發地點及超商自動櫃員機（ATM）周邊監視器畫面進行比對過濾，迅速鎖定高姓男慣竊涉案，經查緝到案說明，赫然發現高某與被害人竟是男女朋友關係，全案詢後依涉嫌竊盜罪依法報請嘉義地檢署偵辦。警方調查，涉案的高姓男子為竊盜慣犯，於8月6日下午2時45分許，前往女友位於中埔鄉石硦村住處時，見女友未加留意，竟伸出賊手竊取放置於房間內的民雄鄉農會提款卡。得手後隨即駕駛自小客車前往附近超商，持竊得提款卡插入ATM輸入密碼分3次提領現金共計5萬6000元。直到女友事後定期檢視帳戶，驚覺有異常提領紀錄與款項短少，才連忙向警方報案求助。請繼續往下閱讀...中埔分局強調，轄區各金融機構、超商ATM及重要路口都設有完善監視系統，警方對於各類竊盜及盜領等不法犯罪絕對嚴查嚴辦，奉勸不法之徒切莫因貪圖小利而觸犯法網。同時亦提醒廣大民眾，金融卡、存摺及各類重要證件應妥善保管，提款卡密碼切勿隨意記錄或透露他人，即便是身邊親友或伴侶亦應保有基本防範意識。並定期檢視帳戶交易明細，發現存摺、提款卡遺失或有異常提領情形，應立即向金融機構辦理掛失並撥打110報案電話，維護個人財產安全。    ,https://news.ltn.com.tw/news/society/breakingnews/5580043
新店碧潭風景區傳男子落水 命危送醫搶救身分待查,社會,2026/09/20 12:25,新北市新店碧潭風景區鵲橋附近傳出年約60歲男子落水，警消將其打撈上岸送往醫院急救，初步研判並無外力介入，詳細原因仍有待調查。（記者陸運鋒翻攝）新北市新店碧潭風景區鵲橋附近今天（20日）上午10時許，傳出一名年約60歲男子在新店溪載浮載沉，民眾見狀後連忙報案，警消趕抵隨即下艇救援，將其打撈上岸，但男子已經失去呼吸心跳，緊急送往醫院搶救，初步研判並無外力介入，詳細原因仍有待調查。新店警分局調查，經調閱現場監視器畫面，發現當時一名年約60歲男子，自行徒步走進水中，民眾發現後隨即打119報案，消防局出動各式救災救護車及多名警消到場，下艇後將男子打撈上岸並移置岸邊，但他已經沒有呼吸心跳，隨即送往新店耕莘醫院急救。請繼續往下閱讀...據指出，警方於現場勘驗採證後，在岸邊發現男子的背包，但沒有相關身分證明文件，未發現有外力介入，已排除有他殺之嫌，不排除是輕生，至於男子身分及落水原因，仍有待進一步釐清。自由電子報關心您︰自殺不能解決問題，勇敢求救並非弱者，社會處處有溫暖，一定能度過難關。安心專線：1925生命線協談專線：1995。張老師專線：1980    ,https://news.ltn.com.tw/news/society/breakingnews/5580037
國1北向路面驚見塑膠籃！轎車閃避失控撞護欄女駕駛受傷,社會,2026/09/20 11:58,轎車為閃避掉落在國道的塑膠籃子，失控自撞外側護欄。（國道警提供）國道1號北向364.2公里今（20）日9點8分發生一起轎車為閃避塑膠籃子自撞受傷事故。國道警察5隊初步調查，吳姓女駕駛當時開車行經國1北向364.2公里，突然發現路面有塑膠籃子，為閃避導致車輛失控撞擊外側護欄，吳女擦挫傷自行就醫，現場於9點47分排除，全線恢復正常通車，國道警後續將調閱相關影像，並通知掉落塑膠籃的車輛車主到案說明。國道警將調閱相關影像，並通知掉落塑膠籃的車輛車主到案說明。（國道警提供）    ,https://news.ltn.com.tw/news/society/breakingnews/5580006
嘉義女心情不佳開車兜風 遇火燒車遭燒傷崩潰大哭,社會,2026/09/20 11:30,女子獨自開車散心遇到火燒車，消防員射水救援。（民眾提供）嘉義一名23歲女子日前疑心情不佳，深夜獨自開車外出散心，在紅毛埤鹿寮里一處堤岸道路旁，車輛突竄火燃燒，女子嚇得開車門倉皇逃生，在路旁嚎啕大哭。嘉義市消防局派遣人車到場馳援，將火勢撲滅，女子額頭1度燒傷，經送醫治療無生命危險。嘉義市消防局18日晚間11點多接獲報案，鹿寮里一處路旁有火燒車案件，蘭潭消防分隊派員趕往，只見女子已自行逃出車外，躺臥在距離車子約10公尺路上，情緒崩潰大哭，不時喊「好痛」，消防員立即射水救火，經檢視女子傷勢，女子額頭及頭髮約1度燒傷，救護人員持續安撫女子情緒，待女子冷靜後送醫救治，車輛起火原因待後續調查。鹿寮里一處堤岸道路發生火燒車意外，火勢猛烈，所幸女駕駛及時逃離。（資料照）    ,https://news.ltn.com.tw/news/society/breakingnews/5579934
高雄男未繫安全帶遭攔查  車內藏毒還毒駕,社會,2026/09/20 11:18,高雄劉男（左）未繫安全帶遭攔查，車內藏毒還毒駕被逮。（民眾提供）高雄有吸毒前科的劉姓男子（36歲），駕駛轎車行經三民區民族、天祥一路，因未繫安全帶被警方攔下盤查，意外查獲他非法持有第二級毒品咖啡包35包、K他命42包等物，劉否認持有，辯稱不知誰留放車內。警方依法對劉男使用毒品唾液快篩試劑進行檢測，結果呈現第二級毒品甲基安非他命陽性反應，涉及毒駕，依違反毒品危害防制條例及公共危險罪移送高雄地檢署偵辦。請繼續往下閱讀...三民二分局指出，鼎金所警員擔服巡邏勤務時，於今（20）日凌晨1時10分許行經民族一路與天祥一路口，發現劉男（36歲）駕駛轎車未繫安全帶，遂上前示意停車受檢，並於盤查過程中查獲劉嫌非法持有第二級毒品咖啡包及第三級毒品K他命等物。後經使用毒品唾液快篩試劑進行檢測，結果呈現第二級毒品甲基安非他命陽性反應，顯示其確有施用毒品後駕車之情形，全案移送高雄地檢署偵辦，並建請聲請預防性羈押，同時持續溯源追查毒品來源。    ,https://news.ltn.com.tw/news/society/breakingnews/5579962
清點孩子少1個揭毒鴛鴦棄屍3月大女嬰 檢警24日解剖釐清死因,社會,2026/09/20 11:12,桃園3月大女嬰死亡遭父母棄屍新北林口山區，檢方預計24日解剖釐清確切死因。（資料照）桃園市29歲巫姓女子因涉及毒品案件被通緝，警方循線前往巫女與39歲林姓男友住處查緝，意外發現兩人孩子少了1個，今年初才出生的女嬰不見蹤影，兩人供稱，孩子於4月因病死亡，遺體裝在藍色塑膠桶後棄置林口山區，警方帶著兩人上山搜索，在1處草叢尋獲遺體，檢警會同法醫相驗，尚未發現有受虐情形，預計本月24日解剖釐清確切死因。巫女因涉及毒品案件被法院判刑確定，她未在發監執行日報到被通緝，男友林男也同樣因毒品案被通緝，龜山警分局日前前往兩人住處查緝，過程中發現兩人孩子少了1個，今年1月出生的女嬰不見蹤影，兩人供稱孩子已在4月初因病死亡，並裝入塑膠桶棄置在新北林口山區。請繼續往下閱讀...警方隨即報請桃園地檢署指揮偵辦，帶著巫女與林男上山尋找，於本月17日晚間在新北林口山區找到塑膠桶，裡頭裝著的嬰兒遺體。林男供稱，孩子生病死亡就埋了，巫女則說，當時餵完奶懶得拍嗝，檢警會同法醫相驗，尚未發現有受虐情形，但確切死因仍待解剖釐清，而巫女因毒品案判刑2年，已於本月18日入監執行。☆少一份毒品就多一份健康，自由時報提醒您遠離毒品☆☆自由電子報關心您：若懷疑孩童遭受身體虐待、精神虐待或是性侵害、性騷擾，請撥打113專線，透過專業社工員接線服務，將可盡快救援在生命危機中的兒童。☆    ,https://news.ltn.com.tw/news/society/breakingnews/5579939
獨家》新北女刑警捲感情金錢糾紛！遭前女友控性騷、跟騷被調職,社會,2026/09/20 11:08,汐止分局調查後，為求公允，已將案件轉請婦幼隊偵辦，並將黃員調離分局。（記者吳昇儒攝）原任職於新北市汐止警分局的黃姓女刑警近兩年來因與前女友及妻子有感情及金錢糾紛，去年底又被前女友指控涉犯性騷、跟騷等違法情形。汐止警分局調查後，為求公允，轉請婦幼隊偵辦。行政調查部分，認定黃員平日工作考核未通過，決定拔除刑事牌，轉調行政警察，並調整至其他分局服務，涉犯性騷擾、跟騷部分仍偵辦中。據悉，黃員與妻子、前女友一起住在汐止某大型社區中，2024年至2025年間仍與前女友交往，但卻於近兩年就與妻子結婚，引發感情糾紛；而黃員與前女友間，還有金錢上往來問題，三人感情糾葛複雜。請繼續往下閱讀...去年10月，黃員的前女友對其提出性騷擾、跟騷等告訴，分局憂心當事人涉入案件當中，避免有偵查不公允的情形發生，第一時間就將案件轉由婦幼隊受理，案件已於同年底函送士林地檢署偵辦。分局也調查出，黃員疑因陷入感情、金錢糾紛後，工作表現開始不佳，且偶爾會出現失聯、找不到人的情形，主管經月評、專案考核後，認定黃員已不適任於刑事工作，決定拔除其刑事資格，轉調行政警員，且於案件偵辦期間，調整至其他分局服務。據了解，黃員涉犯性騷擾部分，經內部行政調查後，初步認定兩人是在交往期間發生的行為，目前認定不成立；但其涉犯跟騷等刑事責任部分，現仍由檢察官偵辦中。    ,https://news.ltn.com.tw/news/society/breakingnews/5579931
中秋連假將屆留意爆竹煙火 消防署籲「5不5要」安全守則,社會,2026/09/20 11:02,中秋連假將至，消防署針對民眾施放爆竹煙火，特別提出「5不5要」安全守則，請務必遵守產品安全使用說明，切勿讓歡樂變調。（消防署提供）中秋連續假期即將到來，除了烤肉、賞月，也有民眾會燃放爆竹煙火增添過節氣氛，然而短暫的絢麗若忽略了施放的危險性，極可能造成無法挽回的遺憾。對此消防署呼籲，「平安」是團聚最重要的前提，針對民眾施放一般爆竹煙火，特別提出「5不5要」安全守則，請務必遵守產品安全使用說明，切勿讓歡樂變調。消防署統計，近3年全國因施放爆竹煙火所引發事故為40餘件，多數意外源於人為疏失及錯誤的施放觀念，過去曾發生民眾於住家前馬路施放升空類一般爆竹煙火，導致煙火竄入住宅內，進而引發火警；此外，若是不當放置與施放，將大量煙火置於行進中車輛（如拖板車）上燃放，因傾倒將導致煙火亂竄危險。請繼續往下閱讀...消防署指出，為確保大眾生命財產安全，針對民眾施放一般爆竹煙火，特別提出「5不5要」安全守則，施放前「5要」，包括要重安全環保少施放、要有合格標示再施放、要依使用說明來施放、要選適當地點才施放、要有大人陪兒童施放。另施放時「5不」包括不可朝人、車、建築物、易燃物丟擲或發射；不可串接、堆疊或同時大量燃放；不可將頭靠近煙火出口處點火或觀望；不可讓兒童施放飛行類、升空類及摔炮類產品；不可遺留垃圾，造成環境污染。消防署提醒，民眾施放爆竹煙火請務必遵守「爆竹煙火管理條例」及各地方自治法規規定燃放，對於禁止施放地區、時間、種類、施放方式及施放人員資格限制等務必遵守，在歡樂之餘也確保自身安全，避免發生觸法行為；若違反地方自治法規，將依法裁處3萬元以上、15萬元以下罰鍰。消防署呼籲，為兼顧民眾生活品質與夜間安寧，中秋連假期間建議減少施放實體爆竹，鼓勵民眾改採「環保爆竹音效」替代實際燃放，在維持節慶熱鬧氛圍的同時，也能降低環境負擔與安全風險。    ,https://news.ltn.com.tw/news/society/breakingnews/5579930
守護長者 中和分局走入日照中心指紋建檔及防詐宣導,社會,2026/09/20 10:51,警方除提供防止走失「愛的手鍊」外，另有「自願指紋捺印服務」，讓長者在熟悉、安心的環境中獲得更多一層保障。（記者陸運鋒翻攝）為守護年邁長者，新北市警中和分局前進日照中心，協助長者建立指紋資料，同時結合防詐騙宣導，將治安工作深入社區，讓長者在熟悉、安心的環境中獲得更多一層保障。中和分局今表示，除了防止走失「愛的手鍊」外，另有最後一道防線，就是由警政署提供的「自願指紋捺印服務」，讓長者在熟悉、安心的環境中獲得更多一層保障。請繼續往下閱讀...警方指出，員警前天親切地向長者說明指紋建檔的用途及流程，並耐心協助逐一完成指紋採集建檔，當指紋捺印、建檔後，若某一天長者不小心走失或無法清楚表達身分時，被熱心民眾送至警察局時，就可以利用指紋建檔資料比對身分，盡快聯絡家屬。警方說，除了守護長者人身安全，也利用空檔時間進行防詐騙宣導，針對近期常見的「假冒親友」、「假檢警」、「投資詐騙」及「網路購物」等手法，以淺顯易懂的方式向長者說明，提醒長輩們接到陌生電話或訊息時，務必提高警覺，切勿因一時緊張或相信對方說詞而匯款、提供個人資料或依指示操作ATM、網路銀行。警方呼籲，長者們的安全需要家庭、社區及警方共同守護，透過「指紋建檔防走失及識詐宣導」雙管齊下，除了守護長者平安，也要守住辛苦累積的退休積蓄，共同打造安心、放心、幸福的高齡友善社區。為守護年邁長者，新北市警中和分局前進日照中心，協助長者建立指紋資料，同時結合防詐騙宣導。（記者陸運鋒翻攝）    ,https://news.ltn.com.tw/news/society/breakingnews/5579913
9個月抓515件毒駕！ 苗警追加710萬強化查緝量能,社會,2026/09/20 10:33,警察局昨（19）日晚間配合警政署執行「全國及全縣同步擴大取締酒後駕車暨施用毒品後駕車專案勤務」，再取締酒駕4件、毒駕2件。（圖由警察局提供）苗栗縣警察局今年1月1日起至9月15日，已查獲毒駕違規513件，凸顯毒駕情形嚴重。警察局昨（19）日晚間配合警政署執行「全國及全縣同步擴大取締酒後駕車暨施用毒品後駕車專案勤務」，再取締酒駕4件、毒駕2件，強調將持續執法作為，有效遏止酒駕及毒駕違法行為，守護民眾用路安全。警察局表示，因應毒品及尿液檢驗作業經費需求提高，警察局已向苗栗縣政府爭取追加預算710萬元，以強化毒駕查緝效能，確保相關查緝及檢驗量能不中斷。請繼續往下閱讀...警察局長李忠萍也指出，尤其中秋連續假期將至，民眾聚餐、飲酒及返鄉出遊活動增加，如有飲酒，應事先安排指定駕駛、搭乘大眾運輸、計程車或使用代駕服務；切勿飲酒後駕車，勿因使用毒品或其他影響駕駛能力之物質而駕車，共同守護交通安全。警察局表示，酒精及毒品均會影響駕駛人的判斷力、反應能力及操控車輛能力，酒後或施用毒品後駕車，不僅危及自身安全，亦可能造成無辜用路人傷亡。警方除在餐飲、娛樂場所周邊道路加強巡邏、攔查及路檢勤務外，將持續分析轄內酒、毒駕違規及交通事故資料，並依據勤務執行成效滾動調整路檢點位置，強化酒、毒駕防制效能，亦將持續結合交通安全宣導，提醒民眾建立「酒後、毒後不開車」觀念。因應毒品及尿液檢驗作業經費需求提高，警察局已向苗栗縣政府爭取相關預算710萬元，以強化毒駕查緝效能。（圖由警察局提供）    ,https://news.ltn.com.tw/news/society/breakingnews/5579884
竊賊破壞鐵窗潛入藥局搜刮20萬貨款 搬走監視主機又多次變裝仍被逮,社會,2026/09/20 10:29,警方專案小組將鄧嫌拘提到案，查扣犯案衣物、工具及現金3萬元等贓物。（記者陸運鋒翻攝）鄧姓慣竊鎖定台北市大安區一家藥局，破壞鐵窗潛入朝監視系統噴漆，並大肆搜刮20萬元貨款後揚長而去，大安警分局獲報追查，發現鄧嫌作案前除了多次場勘外，犯案後還會搭乘大眾運輸工具及變裝製造斷點，經警方專案小組層層比對將其拘提到案，查扣相關證物，詢後移送偵辦。大安警分局調查，60歲鄧嫌有多項竊盜前科，他專挑有防火巷及沒有保全設定的商家，選定下手目標後先勘查地形，並將要更換的衣物事先放在堤外公園或宮廟，犯案後多次變裝製造斷點。請繼續往下閱讀...據知，鄧嫌上月底凌晨鎖定台北市大安區忠孝東路三段一家藥局，趁四下無人之際，涉嫌持油壓剪破壞鐵窗，潛入後搜刮店內貨款約20萬元，得手後逃逸，警方隔日接獲店家報案後，隨即立成專案小組追查，發現鄧嫌除了破壞監視系統外，連監視器主機也搬走。案經警方專案小組鍥而不捨比對相關影像資料鎖定鄧嫌，蒐證完畢後向台北地檢署及法院聲請拘票、搜索票，本月5日見時機成熟後，前往鄧嫌位於北市大安區租屋處埋伏，見他現身後隨即將其逮捕到案，查扣犯案衣物、工具及現金3萬元等贓物。據指出，另擴大清查後，發現鄧嫌於雙北及桃園地區，同樣涉嫌犯下數起侵入竊盜案，但他一概否認犯案，將持續進行生物比對釐清，全案詢後依加重竊盜罪嫌移請台北地方檢察署偵辦。警方呼籲，商家應多加裝保全、監視系統，更新照明設備，並留意商品監控範圍，鄰近店家相互協助照應，以降低失竊風險。鄧嫌犯案前朝監視器噴漆、破壞。（記者陸運鋒翻攝）    ,https://news.ltn.com.tw/news/society/breakingnews/5579899
通緝犯無照又毒駕闖紅燈拒檢逃  高雄女警攔查再吞19張罰單,社會,2026/09/20 10:22,方姓通緝犯無照又毒駕闖紅燈拒檢狂逃，女警攔查全招再吞19張罰單。（民眾提供）高雄市方姓男子無照又毒駕，行經鳳山區鳳松路闖紅燈，見警拒不停車反加速逃竄，沿途闖紅燈、逆向行駛，劉姓女警沉著應對攔查，方男一路狂逃摔車，自招通緝又涉毒，警訊後將他依公共危險、毒品罪嫌移送法辦，並開出19張罰單共罰23萬5200元。高市警方今表示，鳳山警分局文山派出所劉姓女警日前晚間巡邏，行經鳳山區鳳松路一帶時，發現方姓男子（51歲）騎乘機車闖紅燈，立即以明確口令示意停車受檢，不料方男見警拒不停車，反加速騎車逃逸，沿途接連闖紅燈、逆向行駛。請繼續往下閱讀...劉員膽識過人、沉著應對，方男則心虛一路狂逃，於力行路與北賢街口摔車，劉員大聲喝斥「跑什麼跑、停下來」，方男當場自招「我有通緝」，劉員查證方男身分，確認為高雄地檢署發布毒品、不能安全駕駛通緝1個多月，當場將方男逮捕。警方對他實施唾液毒品檢驗，方男坦承施用毒品，確認檢驗結果呈現安非他命陽性反應，警方認定方男毒駕，將他帶所偵辦並扣車，警訊後將方男依違反毒品危害防制條例及公共危險等罪嫌移送法辦；警方進一步檢視方男逃逸過程，針對沿途闖紅燈、逆向行駛、無照駕駛等交通違規行為，違反道路交通管理處罰條例，總計開出19張罰單，最高可處23萬5200元罰鍰。    ,https://news.ltn.com.tw/news/society/breakingnews/5579891
桃警雷霆除暴逮詐團車手 被害人兩度受騙崩潰哭了,社會,2026/09/20 10:00,桃園警分局19日晚間執行雷霆除暴專案，針對轄區移工舞廳、酒店、旅賓館等易滋事場所及治安熱點加強臨檢掃蕩。（警方提供）桃園警分局執行雷霆除暴專案，專案期間共查獲刑案135件、涉案人129人，其中，29歲黃姓男子涉嫌擔任詐騙集團車手，中路派出所員警趁他取款時逮人，不知情的被害人當場傻眼、氣哭，原來他先前已遭假交友詐騙損失上百萬，近日在網路認識自稱「林律師」的網友，聲稱可以幫忙討回遭騙款項，沒想到竟再次遇上騙子。桃園警分局表示，昨（19）日晚間執行雷霆除暴專案，針對轄區移工舞廳、酒店、旅賓館等易滋事場所及治安熱點加強臨檢掃蕩，共規劃路檢點4處、臨檢點19處，出動警力103人，並由保安警察大隊、刑事警察大隊、交通警察大隊及移民署桃園市專勤隊支援執行，警察局督察長許頌嘉參加勤前教育時，提醒同仁落實「3安」原則，執勤過程務必兼顧自身安全、同仁安全及民眾安全，確保勤務順利完成。請繼續往下閱讀...桃園警分局表示，專案期間共查獲刑案135件、涉案人129人，包括全般刑案27件24人、竊盜4件4人、毒品23件21人、通緝30件29人、詐欺28件28人及公共危險23件23人；中路所員警於專案期間，追查涉嫌擔任詐團車手的黃男，掌握他與被害人相約桃園區宏昌六街某停車場面交取款，員警見時機成熟立即上前包圍逮捕，不知情的被害人嚇得當場傻眼。據悉，該名被害人先前已遭假交友詐騙損失上百萬元，近日又在網路上認識自稱「林律師」的網友，對方聲稱可協助追回遭詐騙款項，但須先支付50萬元保證金，被害人深信不疑，準備交付款項，得知自己再次落入詐騙陷阱後，情緒潰堤當場氣得大哭，全案依法移請桃園地檢署偵辦。桃園警分局表示，今年至今已查獲詐欺案件146件、詐騙集團犯嫌153人，並查扣不法所得逾新台幣1500萬元，將持續向上溯源追查詐騙集團，斬斷犯罪金流。桃園警分局19日晚間執行雷霆除暴專案，針對轄區移工舞廳、酒店、旅賓館等易滋事場所及治安熱點加強臨檢掃蕩。（警方提供）桃園警分局19日晚間執行雷霆除暴專案，針對轄區移工舞廳、酒店、旅賓館等易滋事場所及治安熱點加強臨檢掃蕩。（警方提供）桃園警分局19日晚間執行雷霆除暴專案，針對轄區移工舞廳、酒店、旅賓館等易滋事場所及治安熱點加強臨檢掃蕩。（警方提供）中路所員警趁詐團車手出面取款時逮人。（警方提供）    ,https://news.ltn.com.tw/news/society/breakingnews/5579875
女與人夫外遇辯元配應負責 被求償50萬元下場曝光,社會,2026/09/20 09:53,嘉義地方法院。（資料照）一名女子與許姓人夫發展婚外情3年，許男向妻子提出離婚，許妻追查先生提離婚原因，發現先生與女子親吻、床上激戰等照片才知先生外遇，提告女子侵害配偶權求償50萬元；女子辯稱許妻與許男感情不睦，許妻應負過失責任，嘉義地方法院法官審理，認為女子的抗辯對元配不公，違反誠實原則與「潔手原則」，判女子賠償5萬元，全案可上訴。許妻主張，與先生原本家庭幸福美滿，先生認識此女子後時常相約出遊，2人互傳鹹濕訊息，還當眾親吻、同宿發生性行為等，破壞其婚姻；2024年6月先生提出離婚要求，同年8月得知先生因與此女外遇而提離婚，向女子求償50萬元。請繼續往下閱讀...被告女子辯稱，長年忙於工作，對感情沒什麼經驗，因仰慕專業人士而結識許男，許男曾告她、不排除刻意隱瞞已婚身分情形，許妻2024年7月就知道先生與她外遇，至今才提告，已超過民法規定2年請求時效，許妻與許男婚姻已有破綻，許妻應負過失責任。嘉院審理，許妻得知先生外遇提出離婚，與知道先生與女子發生外遇為兩件事；許妻今年7月23日提出告訴，自承受侵害至2024年7月24日，而許男2024年8月2日回歸家庭，未超過2年請求時效。嘉院援引英美法「潔手原則」說，女子違法已不潔，不得以不法行為請求許妻履行義務或行使權利，與潔手原則、誠信原則相違，認女子侵害許妻配偶權，審酌許妻不是受財產上損害，依雙方身分地位、經濟能力、許妻所受精神痛苦等，判決女子賠償許妻5萬元，全案可上訴。    ,https://news.ltn.com.tw/news/society/breakingnews/5579860
屏基工會首屆理事長詹智鈞未續聘 屏基醫院行政訴訟三連敗,社會,2026/09/20 09:39,屏東基督教醫院不續聘院內醫師詹智鈞。（資料照）屏東基督教醫院2020年間未續聘工會理事長、胸腔內科主治醫師詹智鈞，遭勞動部認定構成不當勞動行為，屏基醫院不服，提出行政訴訟後也敗訴確定。其後，屏基醫院又提出再審，主張法院漏未審酌重要證據，但台北高等行政法院認為屏基醫院所提證物及主張並不符再審要件，故駁回其再審之訴。判決指出，詹智鈞2013年4月1日任職於屏基醫院，並於2018年1月25日成立屏基醫院關係企業工會後，擔任首屆理事長。其後，詹智鈞多次代表工會向院方爭取勞動條件，包括內科醫師輪值加護病房專責醫師、住院醫師納入勞基法後的排班問題等。2020年4月間，詹智鈞在臉書發文談論防疫期間員工權益及工會監督等議題，工會與院方並於同年4月15日進行團體協商。請繼續往下閱讀...團體協商後，屏基醫院於同年4月24日發函通知不再續聘詹智鈞，詹與工會隨後向勞動部提出不當勞動行為裁決，經調查後，勞動部裁決委員會認定，院方不續聘行為違反工會法第35條第1項第1款及第5款規定，構成不當勞動行為，除認定違法外，也命院方在收到裁決書後30日內，重新對詹智鈞進行適當續聘評核，並將結果送勞動部備查。屏基醫院不服，提起行政訴訟，但經台北高等行政法院及最高行政法院審理後敗訴確定。此後，屏基醫院再以「原判決就足以影響判決的重要證物漏未斟酌」為由提出再審，並主張勞動部另案不當勞動行為裁決內容顯示，勞動部已實質介入醫院聘任評核標準與人事權限，原確定判決卻未加以審酌。勞動部則答辯指出，相關裁決內容歷審均已審酌，且要求醫院重為評核的目的僅在於提供詹智鈞獲得公平評核的機會，並未代替醫院決定是否聘任，也未介入院方核心人事權限，因此不足動搖原判決結果。法院審理後指出，再審制度是上訴制度的補充救濟程序，所謂「重要證物漏未斟酌」，須是足以證明事實真偽的證據，且若經審酌足以影響原判決結果。至於主管機關就個案所作成的裁決或法院判決，本質上屬於認定事實或適用法律的結果，並非證明事實的證據本身，不屬於行政訴訟法規定的「證物」。合議庭並指出，院方所稱的另案裁決其實早已在前案訴訟程序中提出，且前案判決已說明其餘主張與證據均不影響判決結果，並無漏未審酌情形，因此不符合再審法定要件，駁回屏基的再審之訴。    ,https://news.ltn.com.tw/news/society/breakingnews/5579855
不滿亡母遭辱罵 男子持棍棒打到對方骨折判2月,社會,2026/09/20 09:37,基隆地院審理後，認定孫男觸犯傷害罪，判處有期徒刑2月，得易科罰金6萬元。（記者吳昇儒攝）基隆一名孫姓男子去年8月底晚間因與有債務糾紛的陳姓男子發生口角時，陳男竟出言辱罵孫男已故母親。孫男氣憤之下，竟拿出不明材質棍棒毆打對方，打到陳男肋骨閉鎖性骨折合併肺挫傷、頭皮鈍傷及單側肺挫傷等傷害。基隆地院審理後，認定孫男觸犯傷害罪，判處有期徒刑2月，得易科罰金6萬元。孫男應訊時，向檢察官坦承確實有在家中「徒手」毆打陳男，主要原因就是陳男辱罵自己過世的母親。請繼續往下閱讀...檢察官偵訊後認為孫男雖然承認傷人，但依照陳男的傷勢，並非徒手能夠造成，因此認定陳男是遭到不明材質棍棒毆打，依涉犯傷害罪將他起訴，並向法院聲請簡易判決處刑。法官審理後認為，陳男的傷勢分布於頭、胸部，且傷勢達骨折程度、非輕微皮肉傷，因此認定是遭孫男持棍棒毆打，事證明確，故依傷害罪判處孫男有期徒刑2月，得易科罰金。    ,https://news.ltn.com.tw/news/society/breakingnews/5579857
涉毆打代駕司機 羅男收押,社會,2026/09/20 09:31,33歲羅姓男子被控上週三（16日）涉嫌酒後毆打57歲吳姓代駕司機，並將之遺棄湖口台1線附近某路口，新竹檢方以他素行不良、涉有重嫌且有反覆犯案和逃亡之虞，昨天訊後漏夜向法院聲押，今天凌晨獲准。檢警初步調查發現，羅男事發前一晚在湖口新豐地區跟人喝酒聚餐，喝了至少2瓶高粱、XO之類的烈酒，隔日清晨，其友人找來吳姓男子代駕羅男座車，要把羅男送回租住處，沒想到當天清晨6點38分，吳男卻被人發現昏迷倒臥在路旁，疑似是被人徒手毆打所致。經救護人員現場初步急救後，先就近送湖口仁慈醫院搶救，再轉送台大新竹分院，接著又轉往林口長庚醫院治療，但迄今仍昏迷不醒。請繼續往下閱讀...檢警調查懷疑，可能是代駕過程中跟羅男發生衝突所致，但羅男對此表示酒醉完全沒有印象，全案事發原因和責任還待深入調查釐清。    ,https://news.ltn.com.tw/news/society/breakingnews/5579851
女兒開車左營轉彎疑未禮讓直行車  7旬老母受傷送醫,社會,2026/09/20 09:27,藍車（右）轉彎疑未禮讓直行白車（左）釀禍。（記者洪定宏翻攝）44歲邱姓女子開車載74歲母親，疑似轉彎未禮讓直行車，與27歲洪姓男子發生車禍，邱母擦挫傷送醫治療，確切肇事原因及責任歸屬有待鑑定。高雄警方表示，9月19日晚間9點多，邱女駕駛藍色汽車行經左營區華夏路（北向南）欲左轉大中二路時，與直行華夏路（南往北）的洪男白色汽車發生碰撞，雙方均無酒駕、毒駕。請繼續往下閱讀...警方調閱監視器檢視，邱女疑為轉彎車未讓直行車先行，可處600元至1800元罰金。警方呼籲，駕駛人行經路口轉彎或變換車道時，務必遵守路權規定，轉彎車應讓直行車先行，並隨時注意車前狀況、減速慢行。    ,https://news.ltn.com.tw/news/society/breakingnews/5579843
高雄燒烤店酒客爆口角  警噴辣椒水帶回4人,社會,2026/09/20 09:24,高雄燒烤店酒客爆口角，警噴辣椒水帶回4人。（民眾提供）高雄苓雅區某間燒烤店外，今（20）日凌晨發生4名酒客口角爭執，警方獲報出動快打部隊，員警告誡後仍不配合，只好使用辣椒水並施以保護管束，將人帶回釐清事件發生經過。苓雅分局表示，今天凌晨0時12分接獲通報，苓雅區青年一路一處燒烤店發生糾紛，民權所及快打警網立即趕赴現場處置，警網到場時已無衝突情事，員警於現場瞭解案件過程中，陳男等4人疑飲酒後情緒高漲而執意離開，員警告誡後仍不配合，使用辣椒水並將4人施以保護管束，隨後帶返釐清事件發生經過。請繼續往下閱讀...經瞭解，陳男（29歲）、鄧男（29歲）、王男（37歲）、王男（30歲）等4人為朋友關係，相約燒烤店飲酒。其中陳男、鄧男、王男等3人疑飲酒後發生口角進而衍生相互推擠拉扯，3人均未受傷且互不提告訴，全案依違反社會秩序維護法第87條第1項第1款裁處。    ,https://news.ltn.com.tw/news/society/breakingnews/5579848
公親變事主！ 夫妻街頭吵架竟成襲警案 兩人涉妨害公務被起訴,社會,2026/09/20 08:22,基隆地檢署近日偵結，將夫妻兩人起訴，並向法院聲請簡易判決處刑。（記者吳昇儒攝）基隆一對郭姓夫妻今年5月15日下午，在七堵街頭發生爭執。警方獲報趕抵現場時，兩人不願配合，甚至出手襲警還罵三字經。員警當場公親變事主，出手逮捕兩夫妻，並依涉犯妨害公務及侮辱公務員等罪嫌移送法辦。基隆地檢署近日偵結，將夫妻兩人起訴，並向法院聲請簡易判決處刑。起訴書中指出，郭男與張姓妻子於案發時在街口發生口角，基隆市警察局百福派出所獲報後，由所長帶隊共7人趕赴現場協助，避免衝突擴大。請繼續往下閱讀...未料，警方勸阻兩人期間，張婦竟然動手推擠伍姓警員，現場員警擔心對方情緒失控再次動手，趕緊合力進行壓制；過程中張婦不斷反抗，甚至出腳踢向員警。本來與妻子吵架的郭男見狀，突然伸手襲擊洪姓警員的耳部，導致洪員在執行勤務過程中受傷；且夫妻二人在被壓制與逮捕的過程中，多次以「幹XXX巴」等穢語持續辱罵現場執行職務的員警，最終兩人都被帶回偵辦。郭男應訊時，承認自己看到妻子被壓制在地時，有動手襲擊沒有防備的洪姓警員；而張婦則否認犯行，表示當時是說「不要碰我」，而且是先被警察壓制撞到頭，才會出手反抗。檢察官調閱密錄器影像、職務報告等相關證據，確認郭、張二人確實有襲警，且辱罵現場執行職務員警。檢察官認為，郭、張二人涉犯妨害公務執行罪及侮辱公務員罪，建請法院依規定從較重的妨害公務執行罪處斷。另郭男屬於累犯，也請法院加重其刑。    ,https://news.ltn.com.tw/news/society/breakingnews/5579818
復合無望！恐怖情人買冰櫃、行李箱 泰女慘遭勒斃棄屍,社會,2026/09/20 08:19,"吳嫌將屍體放進行李箱準備運往台中。（記者劉慶侯翻攝）首次上稿 00:18更新時間 08:1943歲男子吳俊毅涉嫌將36歲泰國籍女友亞思（Arth）勒斃，裝進30吋行李箱運往台中，藏在他任職的科技公司（位於台中七期）冰櫃內，警方查出吳嫌事先購買冰櫃，確定復合無望又買行李箱，認為是預謀犯案。請繼續往下閱讀...台北市警萬華分局19日偵破的殺人藏屍冰櫃案，警方調查，凶嫌吳俊毅心思縝密，對死者Arth有著強烈的恨意和殺意，是一宗預謀多時的殺人命案。但致命動機吳嫌不願多說。警方調查， Arth曾有多次觀光入境台灣紀錄，但是和一直未婚的吳嫌則是近一年才開始戀情，互動頻繁。但轉折點就在8月初，女方有意和他分手，吳嫌便開始著手佈置殺局。警方調查，在Arth確定9月2日要來台灣後，吳嫌在通話中就曾多次和她發生爭執，於是在8月上旬，吳嫌便購買了一個中型冰櫃，置放在他的後勤辦公室內。隨後，他在Arth抵達台灣後，和對方發生更激烈的爭執，確定復合無望，於是他在9月7、8日也預訂好大型行李箱，就是準備動手行凶。警方調查，吳嫌在9月12日再次確定無可挽回後，動手將Arth勒斃，迅速將對方屍體載往台中辦公室，藏放於冰櫃內，再把屍體上方用白色塑膠袋作遮掩。一般人即使打開冰櫃，只要不去翻動，並不會發現有異。警方研判，吳嫌的辦公室處所前一段時間因涉及其他事件，可能駐點要進行搬遷，再加上同事大多採遠端上班模式，他才敢將冰櫃和屍體藏放在辦公室內。警訊中，儘管吳嫌坦承一時情緒失控，但警方根據吳嫌購買行李箱、冰櫃以及犯後藏屍過程，懷疑早有預謀，將依殺人罪嫌移送台中地檢署偵辦。相關新聞：泰女慘遭勒斃藏屍冰櫃 台籍男友收押吳嫌將屍體放進行李箱準備運往台中。（記者劉慶侯翻攝）吳男（右）19日晚被移送台中地檢署複訊後，檢方向法院聲請羈押。（民眾提供）吳男任職的科技公司在台中該棟高級商辦內。（記者許國楨攝）    ",https://news.ltn.com.tw/news/society/breakingnews/5579513
台南連鎖機車行清晨陷火海傳爆炸聲！上百輛機車付之一炬,社會,2026/09/20 06:59,台南市中西區健康路、大同路口一家連鎖機車行失火、陷入一片火海。（民眾提供）今天清晨5點許，台南市中西區健康路、大同路口1家連鎖機車行「非常機車」驚傳失火，並傳出爆炸聲，消防局119獲報派出轄區救災人車趕往，先遣人車趕抵時，整間機車行已全面燃燒、陷入火海，消防局加派多梯人車支援，佈多條水線射水灌救，火勢猛烈延燒到隔壁的醫美診所。消防人員初步了解機車行與診所內無人居住與受困，迄清晨6點多持續撲滅火勢中。由於該機車行的1樓與2樓停放大量各式機車，火勢一發不可收拾，消防人員到場時見該機車行已陷入一片火海，緊急呼叫119派遣多梯次人車支援，消防局長楊宗林也趕到現場指揮調度救災。請繼續往下閱讀...消防人員佈多條水線，從機車行1樓到3樓全面射水灌救，並了解店內有無人員受困。楊宗林到場指揮時表示，初步了解機車行與診所內沒有住人、無人受困。因為火勢極為猛烈，火舌從機車行隔壁的醫美診所3樓鐵皮隔間竄燒進診所內，消防員分別從店外及破門進入屋內進行灌救，火勢約在清晨6點18分許大致撲滅，持續射水處理殘火。警、消人員一直到清晨6點許都無法聯絡上機車行負責人，初步檢視機車行停放的機車逾上百輛，對於失火原因與財產損失，需由消防局火調科進一步鑑識調查。消防人員佈多條水線對失火的機車行全面灌救。（記者王俊忠攝）台南市中西區健康路、大同路口一家連鎖機車行失火、陷入一片火海。（民眾提供）    ,https://news.ltn.com.tw/news/society/breakingnews/5579805
竹市「金老爹」港式餐廳爆爭產憾事  孝子護母魂斷叔叔刀下,社會,2026/09/20 06:02,新竹地院判黃男須各賠胞兄577萬多元、兄嫂423萬多元。（記者黃美珠攝）首次上稿 9-19 23:36更新時間 9-20 06:02新竹市知名港式點心餐廳「金老爹」去年爆發爭產，致少東命喪叔叔黃男刀下的悲劇，黃男兄嫂提出刑事附帶民事求償，新竹地院近日判黃男須各賠胞兄577萬多元、兄嫂423萬多元。請繼續往下閱讀...死者母親說，兒子為了保護家人，即便已受嚴重刀傷，仍執意要搶過小叔手上的利刃，直到拿到自己手裡才安心倒下，任憑她聲聲哭喊都喚不回來，迄今往後她都難以走出傷痛。死者父親也說，其子自幼體貼孝順，退伍後擔憂父母辛勞，選擇跟家人共同幫忙家裡工作。他當廚師幾10年，直到近年有兒子在廚房相伴工作感到非常寬慰，沒想到愛子卻慘死在胞弟手中，他難以承受悲慟。這起悲劇發生在去年5月1日晚上，導火線就是黃男長期跟胞兄因家產分配問題屢有爭執。事發當晚，黃男跑去胞兄的餐廳，雙方再因家產分配發生齟齬。判決書指出，黃男不滿兄嫂說「我吃剩飯等你（台語）」等語而生殺意，離開餐廳後就去買了1把刀刃長約19公分的水果刀，然後又戴著安全帽折回餐廳，邊衝向收銀檯，邊從包包掏出水果刀。死者看到叔叔來意不善而起身防備，黃男則反握水果刀且高舉衝向死者，死者雖拿起一旁的兒童椅跟叔叔搏鬥，但不敵，全身有多處瘀傷或切割傷外，最後心臟被叔叔刺了1刀，造成左肺及心臟被貫穿，引發大出血與創傷性血胸後送醫不治。    ,https://news.ltn.com.tw/news/society/breakingnews/5579763
泰女慘遭勒斃藏屍冰櫃 台籍男友收押,社會,2026/09/20 05:56,吳男（右）19日晚被移送台中地檢署複訊後，檢方向法院聲請羈押獲准。（民眾提供）首次上稿 9-19 21:13更新時間 9-20 00:22（收押）43歲男子吳俊毅，涉嫌將36歲泰國籍女友亞思（音譯）勒斃，裝進30吋行李箱運往台中，藏在吳男任職科技公司（位於台中七期）的冰櫃內，台中地檢署認吳男涉案重大，19日晚複訊後以殺人罪嫌向法院聲請羈押獲准。請繼續往下閱讀...經查，亞思與吳男是在泰國認識，兩人交往約1年，平時維持台、泰兩地遠距離關係，亞思本月2日入境台灣，原訂14日搭機返國卻失聯，親友也完全聯繫不上，家屬察覺異狀後，透過在台友人向台北警方求助。北市萬華分局18日下午獲報展開追查，調閱監視器發現，亞思入住西門町一間旅館，吳男12日深夜前往旅館與她碰面，直到13日凌晨離開時，手上還提著一只大型行李箱，女子此後便失去音訊，查出吳男行蹤可疑，且住居所在台中市，隨即報請台中地檢署指揮偵辦。檢察長洪家原立即指派檢察官陳東泰，指揮萬華分局組成專案小組，漏夜蒐證並拘提吳男到案，並於19日凌晨1時30分許，在吳男任職的科技公司冰櫃內發現亞思遺體。經進一步相驗完畢並複訊吳男後，檢方認吳男涉犯刑法殺人罪嫌重大，所犯為死刑、無期徒刑或最輕本刑10年以上有期徒刑之重罪，有事實足認為有逃亡、湮滅證據、反覆實行同一犯罪之虞，晚間向法院聲請羈押獲准。相關新聞：復合無望！恐怖情人買冰櫃、行李箱 泰女慘遭勒斃棄屍    ,https://news.ltn.com.tw/news/society/breakingnews/5579701
攜華服肉粽店「坐」4天！台南貴婦「1原因」剩社工能談心,社會,2026/09/20 05:54,70歲曾婦帶著華服在肉粽店連坐4天，拒絕養女接送。最終經警方勸導，由巡邏車載回租屋處交市府處置。（民眾提供）首次上稿 9-19 23:48更新時間 9-20 05:5470歲曾姓貴婦帶著數件套裝與家當，在24小時肉粽店「坐」4天，被網友誤認是霸位奧客PO網公審。據了解她相當孤獨，只剩社工能談心，經警方勸導，19日傍晚以巡邏車載回歸仁區租屋處。請繼續往下閱讀...​4天前，曾婦帶著好幾套華貴套裝與行李，來到24小時的粽店騎樓，餓了就點肉粽，一坐就是4天。起初店家擔心影響生意報案，但發現曾婦未干擾客人便未驅離。這景象引起不知情消費者側目，以為她佔用座位，錄影上傳網路抱怨。面對誤解，曾婦始終沒有反駁。​據了解，曾婦已多年沒跟家人同住，唯一的養女與胞弟平時也沒聯絡，平常只有跟市府專案社工談心。被問為何不回家，曾婦情緒激動，頻說若要她回家，就要某人把房子還給她，透露對失去房產的不滿。警方19日下午聯繫上曾婦養女，但曾婦看到養女出現相當抗拒，堅決不肯返回歸仁區的租屋處，雙方在店外僵持不下。​但由於曾婦被PO網公審，警方展開第二度柔性勸導。警二分局海安派出所副所長王志宏指，16日發現曾婦消費後長時間未離去。員警詢問是否需要協助，曾婦起初婉拒，店家也覺得讓她待著沒關係，直到最後才同意先到派出所休息。曾婦到派出所以後態度軟化，警方隨即以巡邏車將她載回歸仁區租屋處。目前已將資料通報台南市政府，交由社工後續追蹤處置。    ,https://news.ltn.com.tw/news/society/breakingnews/5579765
求助諮商 基層警憂標籤化,社會,2026/09/20 05:30,警政署今年將心理輔導專款預算提高至500萬元，全台委外諮商機構翻倍擴增至182處。（記者鄭景議翻攝）面對員警輕生問題，「活得像個穿制服的人：我是警察」作者，同時也是基層員警的王惀宇受訪表示，非因公涉訟或司法糾紛，是員警輕生的主因之一，雖然有法律諮詢，但訴訟保險、費用補助等配套措施並無固定SOP，加上內部有追蹤管考流程，恐易使同仁被標籤化。王惀宇認為，警察職場環境強調抗壓與承擔的「陽剛文化」，在此氛圍下，部分同仁擔憂公開求助，怕會被貼上「有問題」的標籤，甚至進一步影響日常勤務分配、考績評比，導致處於高風險邊緣的同仁不願使用外部資源。請繼續往下閱讀...此外，儘管官方對尋求諮商者的身分絕對保密，不過實務上，警界是個小圈子，有些個人隱私與心理狀況，仍可能在單位內傳出來，例如勤務輪值表標註「洽公」，就有可能引起同儕打聽。王惀宇憂心，基層同仁在陽剛文化的職場壓力下，不易真正跨越求助的心理門檻，建議可借鏡歐美處理方式，積極推動輕生事件去污名化，以「紀念受害者」的敘事全力支持家屬。鼓勵休假心輔 自主外部諮商增多對此，警政署教育組表示，勤務表上的假別呈現方式具備彈性，同仁也可利用自主休假進行心理諮商，前年起員警「自主尋求外部諮商」的人次，已超越透過「關老師」轉介的人次，能有效避免隱私暴露；近年警方也十分鼓勵有需求的同仁放下壓力。目前有兩百四十六名特約心理師駐點，警政署相當重視是否有諮商師不夠了解警察職場的問題，因此會定期舉辦專業工作坊，並由警政教官或幹部親自向諮商師團隊說明警察職場的特殊之處。自由電子報關心您︰自殺不能解決問題，勇敢求救並非弱者，社會處處有溫暖，一定能度過難關。安心專線：1925（依舊愛我）生命線協談專線：1995。張老師專線：1980    ,https://news.ltn.com.tw/news/society/paper/1771393
今年6警輕生亡 警署擴大心理諮商網,社會,2026/09/20 05:30,今年迄今全台已接連發生6起員警輕生案件。誘發原因涵蓋非因公涉訟、感情困擾與財務壓力等困境。（記者鄭景議翻攝）涉訟、感情與財務壓力成警訊 外部諮商機構翻倍增至182處今年全台已發生六起員警輕生事件，警政署分析誘發原因包括非因公涉訟、感情困擾與財務壓力等，讓當事人陷入困境。面對基層的心理危機，警政署今年將心理輔導專款預算提高至五百萬元，全台委外諮商機構翻倍擴增至一百八十二處，外部心理諮商使用人次去年更創下三千九百零三人次的歷史新高；同時聘任兩百四十六名專業醫師擔任「心理輔導諮詢委員」，以預防悲劇發生。請繼續往下閱讀...警政署分析，員警面臨的心理危機多半來自私生活、財務及司法訴訟。今年發生的六起員警輕生事件，已確認的誘發原因包含非因公涉訟兩件、身心健康因素一件，另有三件仍在調查，初步研判分別為非因公涉訟、感情因素及財務因素各一件。關老師轉型 強化專業諮商轉介為免員警一時想不開而走向極端，警政署內部防衛網方面有「關老師」機制把關，由受過訓練的警官擔任起內部心理輔導職責，目前全台約有八百五十名「關老師」在第一線。然而過去也時常因為「主管」與「心輔師」的身分難以切割被詬病，基層反映無法對「關老師」吐露心聲。警政署近期逐漸將關老師轉型，更多的是承擔關懷及轉介專業心理諮商的角色和責任。警政署從二〇二〇年引入外部諮商師機制，當年使用量為九百四十五人次，去年已經達三千九百零三人次。警政署也將年度心理輔導專款預算提升至五百萬元，並拓展外部合作諮商機構，目前全台合作委外心理機構從前年九十一處，擴增至今年一百八十二處，採分區設點；各縣市及署屬機關合作機構至少兩處，六都警察機關六處以上。涉訟案則提供特約法律諮詢，並同步啟動心理輔導與關懷追蹤。評估高風險 暫不配槍警政署也賦予各級主官更高敏感度，發現同仁出現情緒嚴重不穩定或高風險涉訟時，視個案進行免配槍評估；員警若自覺身心狀況不適，也可自主申請暫時不配槍，給自己心理緩衝與修復的時間。自由電子報關心您︰自殺不能解決問題，勇敢求救並非弱者，社會處處有溫暖，一定能度過難關。安心專線：1925（依舊愛我）生命線協談專線：1995。張老師專線：1980    ,https://news.ltn.com.tw/news/society/paper/1771392
以啟智機構名嘲諷學生 師訴請撤記過碰壁,社會,2026/09/20 05:30,資料照台南一所國立高中黃姓女老師，以一家啟智機構的名稱「蘆葦」替特定學生取綽號，嘲諷學生沒長腦，再加上多起管教爭議，遭校方記過兩次，黃女不服打行政官司，訴請撤銷處分。高雄高等行政法院法官認為，黃女所為確實逾越合理管教界線，駁回黃女之訴。女師三年內再犯 校方加重處分校方調查認為，黃女任教期間，除公開以特殊教育機構名稱替學生取綽號「蘆葦」，辱罵其沒長腦，更曾持觸控筆敲打該生頭部，見對方閃躲仍未收手。此外，黃女上課時沒收該生畫作，威脅若不聽話就要將醜化教師的內容外流；甚至在課堂提問時，無視該生依題答對，仍命其在導師室罰站，更當眾聲稱「就是不想讓他回來」，遭校方認定構成多項不當管教。請繼續往下閱讀...黃女主張，持觸控筆僅是輕點以叫醒打瞌睡的學生，暫扣畫作與罰站也屬維持課堂秩序的合理裁量，且當時環境吵雜才未聽聞學生回答，並無羞辱或故意刁難。校方反駁，多名同學證實敲頭力道甚大，沒收畫作更造成學生恐懼落淚；考量黃女前年曾辱罵學生遭記申誡及裁罰六萬元，且三年內再犯，考核後依法加重處分為記過二次，適法有據。法官：逾合理管教無違誤 高雄高等行政法院審理認為，黃女在公開場合以啟智機構綽號貶抑學生人格，無視學生閃躲持續敲頭，甚至扣押畫作恫嚇、刻意刁難罰站，各項行為均已逸脫教育目的，對學生造成身心傷害。法官審酌黃女短期內再犯的動機與惡性，認定校方考核程序合乎規定，在法定裁量權內核處記過二次並無違誤，黃女訴請撤銷處分為無理由，判決駁回。    ,https://news.ltn.com.tw/news/society/paper/1771396
投資柬埔寨稻米吸金16億 父獄中下指導棋 1家4口起訴,社會,2026/09/20 05:30,台中地檢署近日起訴伍姓一家4口、吳姓副總及公司法人。（資料照）「投資稻米」最高年息十八％、還保本保息，聽起來像穩賺不賠的農業投資，卻成為吸金十六億元的局！兆沅國際公司伍姓負責人涉嫌推出柬埔寨稻米契作投資方案，與父親及兩名妹妹等人共同吸金，伍父甚至仍在獄中隔空下指導棋；台中地檢署認定涉犯銀行法、加重詐欺等罪，近日起訴。兆沅國際 主打契作投資檢調查出，四十二歲伍男是該公司負責人，父親則為公司創辦人兼榮譽董事，父子倆規畫「柬埔寨班迭農田稻米共同契作專案」，伍男兩名妹妹分別擔任財務主管、教育長及關係企業負責人，一家人明知公司在柬埔寨並無實際稻米契作權，仍從二〇一六年起在台北、台中、雲林等地舉辦說明會，對外招攬投資。請繼續往下閱讀...安排赴柬考察 都是假象投資方案包裝成「小農夫」、「大地主」、「土豪」三種級距，門檻分別為三十萬元、一百萬元及兩百萬元，年息最高達十八％，投資期間十八至三十六個月不等，承諾期滿返還本金，為增加投資人信任，公司不時安排赴柬埔寨考察，帶投資人參觀稻田，營造投資標的確實存在的印象。老鼠會模式 長達9年此外，該公司還設計「有機香米稻田契作代理獎金制度」，鼓勵投資人進一步成為業務員，依招攬金額及發展下線分級，最高可領一次性百分之八的獎金，伍家等人透過這套模式吸金高達十六億一千八百三十萬元，直到去年十月突然無法支付「米價金」，投資人才陸續驚覺情況不對。檢調今年五月搜索，發現公司內竟找不到與柬埔寨稻米投資相關的合作協議或海外收益資料，伍男及兩名妹妹遭聲押獲准，伍父則早因另案違反銀行法，被判刑五年六月，去年十一月入監服刑，但入監後仍透過寄信及會面等方式，持續與兒女討論公司營運方向，檢方認伍姓一家四口、吳姓副總及公司法人犯嫌明確，依法起訴六人。    ,https://news.ltn.com.tw/news/society/paper/1771397
醉到躺著騎車 撞死新北女清潔隊員,社會,2026/09/20 05:30,鄭婦的清掃工具遺留在車禍現場，警方進行採證。（記者徐聖倫翻攝）清晨掃街被撞飛40公尺五十一歲鄭姓婦人為道路清潔員，昨天清晨在新北市樹林區鎮前街清掃時，卅二歲胡姓男子酒後騎機車疾駛而來，直接撞擊鄭婦，被害人彈起飛出長達四十公尺後落地身亡。胡男經抽血檢測，換算呼氣酒測值零點一五，警方過濾監視器驚訝發現，胡男疑因宿醉竟然「躺著騎車」，詢後依公共危險致死罪移送法辦。警方調查，昨天鄭婦天還未亮就出門工作，約清晨六時，胡男騎車至鎮前街，他在肇事前已先自摔，但爬起來後繼續騎，且未減速，沒注意鄭婦就在前方路邊清掃，直接撞上鄭婦，胡男自己也摔車倒地。請繼續往下閱讀...強烈撞擊聲驚醒附近住戶並報警，警、消獲報趕抵，將鄭、胡送醫院急救。鄭婦全身多處骨折、頭部重創，可惜傷重不治；胡男面部骨折，急救後脫險。女兒需照顧 經濟支柱倒了據了解，鄭婦與丈夫育有兩子女，但女兒因身心不便，需由先生全心照顧，家中照護開銷均由鄭婦負擔，經濟負擔沉重。新北市環保局長程大維表示，將全力協助撫卹喪葬事宜。醉駕駛面部骨折已脫險環保局表示，鄭婦已在樹林區清潔隊地勤班服務三年十一個月，平時表現優良、配合度高，同仁獲悉惡耗都震驚不已，痛罵酒駕肇事者將他人生命安全視若無睹。胡男就醫中無法順利說話，警方待適當時日再製作筆錄。    ,https://news.ltn.com.tw/news/society/paper/1771395
變調異國戀！預購冰櫃行李箱 男勒斃泰籍女友,社會,2026/09/20 05:30,吳俊毅被收押。（記者劉慶侯翻攝）警方偵破一起案情驚悚的遠距異國戀情變調的冰櫃藏屍案！相戀年餘 女友來台談分手台中市四十三歲男子吳俊毅，與三十六歲泰籍女子Arth（亞思）相戀年餘，日前得知對方要來台談分手，吳男疑因心生恨意而萌生報復念頭，先買好旅行箱和冰櫃，多次求復合無望後，本月十二日將對方勒斃塞入行李箱，一路從台北市開車載屍到他服務的台中公司辦事處，藏屍於冰櫃長達六天，直至警方前天將他逮捕後尋獲冰屍，全案依殺人罪移送台中地檢署，檢方訊後聲押獲准。請繼續往下閱讀...警方調查，吳男是台中一家科技公司行政後勤人員，去年前往泰國旅遊，與亞思浪漫結識，交往一年期間，兩人會互相飛往對方國家以維繫戀情，亞思更有三次來台紀錄。泰女失聯 警循行李箱破案但兩人近期屢生摩擦，亞思本月二日飛來台灣，疑認為異國戀相處不易，在投宿的台北市西門町一家旅館向吳男提出分手，自此消失。亞思原定十四日離境，泰國家人未等到她，透過台灣友人向萬華警分局報案協尋。警方調閱監視器追查，亞思入住旅館後，吳男多次探視，但十二日深夜進房及十三日凌晨離開時，出入都帶著一個三十吋行李箱。因過去發生不只一起行李箱運屍案，警方懷疑亞思遭遇不測，前天前往台中將吳逮捕。警方追查，亞思這次來台，吳男已和她多次起爭執，本月初吳購買一個中型冰櫃放在他的辦公室，本月八日再買行李箱，顯示吳為預謀犯案。台北運台中 冰櫃藏屍6天吳男十二日勒斃亞思，開車載著裝屍行李箱直奔台中七期商辦區有門禁的辦公室，再將屍體藏放冰櫃內，屍體上方用白色塑膠袋遮掩，打開冰櫃只要不翻動，不易發現異狀。七期商辦藏屍 門禁管制警方研判，吳男工作處所前段時間捲入其他事件，據點打算搬遷，加上其他同事多採遠端上班模式，他才大膽將冰櫃和屍體藏在辦公室內。警詢時，吳堅稱失手才致對方死亡，警方認為與蒐證所得不符。吳俊毅將屍體塞入行李箱內，從台北投宿的飯店搭乘電梯離開，準備運往台中藏匿。（記者劉慶侯翻攝）    ,https://news.ltn.com.tw/news/society/paper/1771394
9/19 今彩539頭獎開3注！800萬獎落這3縣市,社會,2026/09/19 22:19,9月19日開獎的第115000228期今彩539頭獎開出3注。（本報合成）9月19日開獎的第115000228期今彩539頭獎開出3注，分別由桃園市蘆竹區南崁里南崁路120號1樓的「億來發投注站」、宜蘭縣南澳鄉南澳村蘇花路二段383號1樓的「鑫鑫彩券行」、南投縣埔里鎮東門里忠孝路172號1樓的「鑫來爺彩券行」開出。第115000228期今彩539中獎號碼為「02、17、27、29、35」。頭獎開出3注，可得800萬元；貳獎共208注中獎，每注可得2萬元；參獎共6402注中獎，每注可得300元；肆獎共7萬1393注中獎，每注可得50元。請繼續往下閱讀...第115000228期39樂合彩中獎號碼為「02、17、27、29、35」。四合開出3注，每注可得21萬2500元；三合共250注中獎，每注可得1萬1250元；二合共11253注中獎，每注可得1125元。第115000228期3星彩中獎號碼為「521」。壹獎共91注中獎，每注可得5000元。第115000228期4星彩中獎號碼為「4232」。壹獎共5注中獎，每注可得5萬元。確切中獎號碼以台彩網站公告為主，請見「台灣彩券網站」。今彩539、39樂合彩、3星彩、4星彩中獎號碼。（擷取自台彩官網）    ,https://news.ltn.com.tw/news/society/breakingnews/5579643
吳姓代駕司機疑遭羅姓酒客毆打昏迷 羅男被依重傷害罪移送法辦,社會,2026/09/19 21:32,吳姓代駕司機昏迷路倒湖口鄉千禧、三元路1段路口，送醫急救迄今仍未甦醒。新湖警分局追查發現，吳男事發當天凌晨代駕的羅姓酒客涉有重嫌，昨晚將羅男拘提到案，訊後今天依重傷害罪嫌移送新竹地檢署偵辦。（資料照，記者廖雪茹攝）57歲吳姓代駕司機，週三（16日）清晨6點多被發現，昏迷路倒在新竹縣湖口鄉千禧、三元路1段路口，送醫急救，轉診又轉診，迄今仍未甦醒。新湖警分局追查發現，吳男事發當天凌晨代駕的羅姓酒客涉有重嫌，昨晚將羅男拘提到案，訊後今天依重傷害罪嫌移送新竹地檢署偵辦。竹檢今晚聲明表示，因羅男涉嫌重大、有逃亡和反覆實施之虞，檢方訊後漏夜向院方聲請羈押。請繼續往下閱讀...警方初步調查發現，羅男事發前一晚在湖口新豐地區跟人喝酒聚餐，喝了至少2瓶高梁、XO之類的烈酒，隔日清晨，其友人找來吳姓男子代駕羅男座車，要把羅男送回租住處，沒想到當天清晨6點38分，吳男卻被人發現昏迷路倒在路旁，疑似是被人徒手毆打所致。經救護人員現場初步急救後，先就近送湖口仁慈醫院搶救，再轉送台大新竹分院，接著又轉往林口長庚醫院治療，迄今仍昏迷不醒。警方懷疑，可能是代駕過程中與羅男發生衝突所致，但羅男對此表示酒醉完全沒有印象，全案事發原因、責任還待深入調查釐清。    ,https://news.ltn.com.tw/news/society/breakingnews/5579670
遠洋巡護攔截1.6噸毒品 宜蘭艦大副蔡志威獲傑出海運青年獎,社會,2026/09/19 21:22,宜蘭艦大副蔡志威榮獲傑出海運青年獎。（記者吳仁捷翻攝）海洋委員會海巡署艦隊分署北部地區機動海巡隊傳捷報，宜蘭艦大副蔡志威長期投入海上巡護、海域執法及重大專案勤務，憑藉優異的航海經驗與傑出表現，榮獲中華海運研究協會今年度「傑出海運青年獎」，展現海巡人員在航海及海上執法領域的卓越專業實力。​蔡志威歷任偵查員、分隊長及艦艇駕駛員等職，長年堅守海上執法第一線。他曾執行太平洋公海漁業巡護任務，遠航逾17000公里前往夏威夷海域登檢慰問；亦曾在「碧海專案」中擔任海上查緝帶隊官，率隊成功查獲逾1.6噸毒品，將大量毒品阻絕於國境之外。此外，面對兩岸漁船碰撞事故時，他也第一時間趕赴現場蒐證戒護，並積極協調雙方達成和解，展現全方位的執法與指揮能力。請繼續往下閱讀...​蔡志威說，獲獎感謝長官指導與全艦同仁支持，能與大家共同守護海域安全就是最大動力。北部地區機動海巡隊隊長陳慶昌也肯定蔡志威平時工作踏實、沉著應處，獲獎不僅是個人榮譽，更是對海巡新一代幹部專業高度肯定。☆少一份毒品就多一份健康，自由時報提醒您遠離毒品☆    ,https://news.ltn.com.tw/news/society/breakingnews/5579593
門禁森嚴成雙面刃？台中七期商辦「神祕場所」聚集 驚爆藏泰籍女屍,社會,2026/09/19 21:14,台中七期高級商辦林立，多半有嚴格門禁、訪客登記、電子門卡與電梯等管制，圖為示意照，與新聞事件無關。（記者許國楨攝）台中七期豪辦為何總給人「神祕感」？高級大樓有企業總部進駐，也有嚴格門禁、訪客登記、電子門卡與電梯管制，對正常企業而言是隱私與安全，對部分需要低調營運的場所，卻也形成一道天然屏障，如今一起泰籍女子遇害，凶手將屍體載至七期他服務的公司辦公室，還將女屍藏放冰櫃內的驚悚命案，更讓七期商辦的「高隱私」特性浮上檯面。據了解，七期近年已多次出現商辦被利用作為特殊場所的案例，今年5月就有男子承租七期高級商辦經營私人招待所，因顧客深夜喧鬧、滋事，遭管委會訴請遷離，法院也認定其並非單純供友人飲酒，而是對外提供娛樂服務，判男子遷離。請繼續往下閱讀...此外，詐騙、博弈等犯罪集團也常看上這類商辦，警方今年查獲七期商辦內的詐騙話務機房，涉案人員利用電話轉接系統規避防詐警示；另有跨國賭博、洗錢集團以科技公司名義進駐七期，利用實體辦公室的門禁為掩護，因為七期豪辦本身就是企業辦公聚落，外觀體面、公司林立，人員進出有一定秩序，設門禁做好管制，十分尋常。部分指標商辦甚至具備電子門禁、企業主專用電梯及員工、訪客人數管控等設計，原本就是為了強化隱私與安全，也正因「看起來很正常、實際又不容易深入」，使部分特殊場所選擇披上公司外衣進駐，從外觀很難單憑大樓門面判斷內部究竟做什麼，就連警方要例行性臨檢也不易，未料竟成為台男勒斃泰女後的最佳藏屍地點。    ,https://news.ltn.com.tw/news/society/breakingnews/5579538
山友獨攀登奇萊北峰墜落腳骨折 地面搜救背至山屋由直升機吊掛下山,社會,2026/09/19 20:45,獨攀奇萊北峰的60歲山友不慎墜落腳骨折，今天傍晚由空勤直升機吊掛載運下山送醫。（消防署特種搜救隊提供）1名60歲登山客獨攀奇萊北峰，今天清晨在途中拉繩攀登時不慎墜落，左腳疑似骨折無法行走而求援，7名搜救人員輪流將該山友搬運到成功山屋，下午天氣不錯申請直升機吊掛，眾人先將傷者搬運至黑水塘，傍晚近5點直升機成功吊掛到該名受傷山友，先送至竹山消訓中心，再由救護車送至竹秀醫院救治。南投縣消防局指出，這名60歲男性登山客18日下午1時許，由松雪樓登山口入山，計畫以3天2夜時間，獨攀奇萊北峰，預定今天中午從松雪樓登山口下山，但清晨在用拉繩攀登時，一不小心失手墜落到5公尺深處，左腳踝疑似骨折腫疼痛而行動受限，打電話向南投縣消防局求援。請繼續往下閱讀...消防局派出消隊搜救人員4人，太管處也有1人出動，另有2名協作加入，前往該山友墜落地點搜救，今天上午10點多，傷者向消防局回報，他已和從成功山屋出發的兩名協作接觸到，兩名協作員幫忙把他搬運到成功山屋。中午12時多，消防搜救人員也抵達成功山屋會合，檢查該山友的傷勢，發現其左腳踝明顯腫脹。下午因天氣還不錯，消防局申請直升機將傷者吊掛下山，下午近4點，搜救人員合力將傷者搬運至黑水塘，等待空勤直升機前來，直升機在近5點抵黑水塘上空，以吊環吊掛方式將傷者吊掛上機，5點15分降落竹山消訓中心，由救護車接駁將受傷山友送到竹山秀傳醫院救治。    ,https://news.ltn.com.tw/news/society/breakingnews/5579671
9/19 今彩539、3星彩、4星彩獎號出爐！,社會,2026/09/19 20:44,今彩539、39樂合彩開獎號碼。（擷取自三立iNEWS《全民i彩券》）今天（9月19日）台彩各項開獎獎項及獎號。今彩539：02、17、27、29、35。請繼續往下閱讀...39樂合彩：02、17、27、29、35。3星彩：521。4星彩：4232。確切中獎號碼以台彩網站公告為主，請見「台灣彩券網站」。3星彩開獎號碼。（擷取自三立iNEWS《全民i彩券》）4星彩開獎號碼。（擷取自三立iNEWS《全民i彩券》）    ,https://news.ltn.com.tw/news/society/breakingnews/5579639
泰女慘遭男友勒斃藏屍冰櫃   「1行為」高大成揭99％預謀,社會,2026/09/19 20:24,法醫高大成。（記者蔡淑媛攝）43歲吳姓男子在台北將泰國籍女友勒斃裝屍行李箱，運往台中任職公司的冰櫃冰藏，6天後警方偵破命案，在冰櫃找到女子遺體，對此，法醫高大成認為，男子帶大行李箱到女方入住的旅館，殺人後就運屍到公司冰櫃，高達99%機率有預謀，也懷疑徒手勒斃有難度，應該有餵食安眠藥，解剖驗屍就能釐清。警方調查，吳嫌是在台中一家科技公司擔任行政後勤工作，在泰國旅遊與被害人女子Arth相識，交往約1年期間兩人會互相飛到台灣、泰國維繫戀情，近期兩人偶有摩擦，吳嫌12日深夜拉著大行李到Arth入住西門町的旅館，13日凌晨以推車推出行李箱，Arth則未再現身，吳嫌則稱雙方在旅館內因分手發生爭執，徒手勒住女子頸部造成死亡。請繼續往下閱讀...高大成分析，吳嫌帶著大行李箱到旅館找女方，殺人後接著運屍到台中公司的冰櫃，懷疑早有預謀，而且冰藏在冰櫃，數年不壞，也不會有味道，至於為何不棄屍郊外？他認為也可能對女方仍在感情，捨不得棄屍荒郊野外。高大成說，要徒手勒斃活人並不容易，除非是瘦弱的女子，加上爭吵聲音大，猜測可能對女子下安眠藥後殺害，可解剖驗屍女子胃裡或血液是否有安眠藥成分，如果女子有掙扎，會亂抓男方，可在其指甲縫找到男方皮屑可驗DNA，男方可能也會留下傷痕。    ,https://news.ltn.com.tw/news/society/breakingnews/5579655
竹南科學園區爆傷人案  1男子遭同事刺傷左腹送醫,社會,2026/09/19 19:32,竹南科學園區爆發傷人案，1男子遭刺傷左腹送醫。（資料照）竹南科學園區發生傷人案，1名30多歲男子今（19日）下午4點多與同事因故發生爭執，雙方衝突加劇竟演變成持刀相向，男子遭同事的刀子刺傷左腹，肢體亦有多處撕裂傷，據了解已送醫治療，無生命危險。據了解，苗栗縣府消防局19日下午4點多接獲通報，指稱位於苗栗縣竹南鎮的竹南科學園區，有一間廠商內發生男子遭事故，消防人員到場發現男子左腹部被刺傷，當時刀子已被拔出，肢體亦有多處撕裂傷，意識清楚、生命徵象穩定，經送醫治療，幸無生命危險。現場為男子與同事爭吵後發生械鬥，警方目前已介入調查。    ,https://news.ltn.com.tw/news/society/breakingnews/5579581
包廂亮燈急穿衣！小吃店「門縫夾衛生紙」藏半套性服務 代班瑜伽老師慘了,社會,2026/09/19 19:16,基隆市有提供半套性交易服務的小吃店在包廂門縫「夾衛生紙」提醒員工不要「亂入」。基隆地院日前審結，依馮姓女子犯意圖營利而容留女子與他人猥褻罪，判處3月徒刑定讞。（檔案照，照片與本案無關）基隆市「月灣灣小吃店」暗藏色情交易，為躲避警方查緝店內提供半套性交易，在包廂門縫「夾衛生紙」提醒員工不要「亂入」，甚至在櫃檯裝設「打烊燈」開關，藉開啟包廂燈，提醒小姐有警察登門查緝。警方前年突襲搜索，當場查獲剛結束性交易的男客與小姐。基隆地院日前審結，認定擁有瑜伽老師證照的馮姓女子犯意圖營利而容留女子與他人猥褻罪，判處3月徒刑定讞。判決指出，馮姓女子自2024年2月起在月灣灣小吃店擔任代班經理時，負責接待男客、安排包廂及調度16名坐檯小姐，並與會計共同向客人收取檯費、包廂費及酒水費，並安排店內小姐以每次台幣1000元代價，在包廂內為男客提供「打手槍」半套性服務。請繼續往下閱讀...小姐在替客人進行半套性服務時，店家會在包廂門縫夾上一張衛生紙，提醒員工不要隨便闖入，並在櫃檯安裝「打烊燈」開關，只要按下開關，包廂內的燈就會全亮，藉此示警包廂女子有警察前來查緝，趕快結束性交易，並穿上衣服。前年11月深夜，轄區基隆警一分局忠二路派出所警員，喬裝男客發動搜索，會計雖緊急按下櫃檯「打烊燈」警示，示警包廂內女子有警方前來查緝，警員仍及時扣得剛結束交易、急忙穿衣的鄭姓小姐與嚴姓男客，查獲鄭女提供嚴男半套性服務。法院審理時，馮女在準備程序坦承犯行，法官依簡易判決處刑，依馮女犯共同意圖使女子與他人為性交之行為，而容留以營利罪，判處4月徒刑。馮女收判後不服判決，委任律師提起上訴。二審審理時，馮女辯稱，僅偶爾代班，對小姐與客人的私下性交易行為毫不知情，馮女的委任律師亦稱，馮女僅領取固定日薪1500元，無營利犯意。不過，合議庭認為，馮女對店內消費模式及監視設備相當熟悉，且「門縫夾紙」已是店內默契，若非獲得管理者知悉與默許，小姐絕不敢冒然為之。店家藉由提供半套服務吸引客源，增加包廂與酒水收入，馮女則支領薪資，主觀上顯有營利意圖。不過，二審合議庭認為，原審誤將「猥褻」認定為「性交」，因此撤銷原判決，改依馮女犯共同犯意圖營利而容留女子與他人猥褻罪，判處3個月，得易科罰金9萬元，全案定讞。    ,https://news.ltn.com.tw/news/society/breakingnews/5579605
車手代墊買月餅想「報帳」扣除！法官多扣700元：這叫犯罪成本,社會,2026/09/19 19:04,王姓車手想拿回代墊的月餅與油錢費用，高等法院台南分院認定犯罪開銷一律不准折抵，判28萬5700元全數沒收，示意圖。（記者王捷攝）當詐騙車手代墊買月餅與水果禮盒，落網後竟想向法官「報帳」扣除！王姓男子當車手被判刑，上訴辯稱查扣的犯罪所得，包含他代墊禮盒與油資不應沒收，高等法院台南分院認為這是犯罪成本，而且原審還少算700元，近日改沒收28萬5700元並駁回上訴。王男上訴主張，自己去年因網路求職誤入詐騙集團，原以為是正派人力派遣公司，事後起疑仍配合提款。他自陳待命底薪每天1300元，在台南市區面交每筆抽成1000元，本案報酬僅2萬5300元；其餘款項是詐團幹部匯還他代墊的水果禮盒、月餅禮盒與油資，並非犯罪所得，甚至包含其他案件款項。他並稱名下自小客車僅是代步工具，非犯罪工具，請求輕判。請繼續往下閱讀...台南高分院審理後指出，警方扣案與王男主動繳回款項合計為28萬5700元，一審誤算為28萬5000元。法官強調，詐欺利得沒收採「總額原則」，是為了徹底根除誘因，王男買禮盒與加油等支出都是犯罪成本，依法全數沒收。此外，王男開車載運龐大現金且跨足多縣市，車輛對犯罪具推進效果，確屬犯罪工具，維持沒收。量刑部分，台南地方法院一審依加重詐欺等罪，判處王男4年與1年2月徒刑。王男雖提出悔過書，但無力賠償未能與被害人和解。二審合議庭認為，王男有謀生能力卻貪圖利益充當車手，致被害人蒙受巨額損失，嚴重破壞治安與金融秩序，原審量刑合乎比例原則，駁回其量刑上訴。    ,https://news.ltn.com.tw/news/society/breakingnews/5579569
北市延平北路民宅火警 屋內男子自承縱火遭逮,社會,2026/09/19 19:00,士林區延平北路六段一處民宅冒濃煙，案發前鄰居聽到郭姓住戶大喊放火了，郭男當場被警方逮捕。（記者劉慶侯翻攝）台北市延平北路六段112巷6號民宅，今日下午3時許發生縱火事件，45歲郭姓男子當場叫囂承認是他縱火，但又不願講明緣由，警方依現行犯當場逮捕，訊後以公共危險罪嫌移送法辦。警方表示，今日下午3時19分左右，位在北市延平北路六段112巷6號民宅內突然冒出濃煙。轄管士林分局社子派出所獲報後立即前往處理，協同消防隊到場撲滅火勢。為避免民眾干擾救災動線，警方立刻在102巷周遭實施交通管制，禁止非相關車輛與人員進入，確保救災任務順利。請繼續往下閱讀...在消防人員滅火過程中，發現在場逗留的郭姓住戶當場承認縱火；鄰居亦指證，稍早曾聽聞郭嫌在房間內大聲喧嚷「放火了！放火了！快出來」等語。警方掌握狀況後，當場將他制伏逮捕。經初步調查，現場無人員傷亡，當時屋內住戶僅郭男一人，現場燃燒面積約5平方公尺，都是雜物引燃起火。警方確認火勢完全撲滅、且支援消防車陸續撤離後，取消現場交通管制，恢復周邊道路正常通行。士林區延平北路六段一處民宅冒濃煙，案發前鄰居聽到郭姓住戶大喊放火了，郭男當場被警方逮捕。（記者劉慶侯翻攝）    ,https://news.ltn.com.tw/news/society/breakingnews/5579584
泰女慘遭台籍男友勒斃塞行李箱 藏台中7期科技公司冰櫃檢警相驗,社會,2026/09/19 17:06,吳男任職的科技公司在台中該棟高級商辦內。（記者許國楨攝）36歲泰國籍女子亞思（音譯）來台，與交往約1年的吳姓男友見面，原訂返國卻突然失聯，家屬透過在台友人報案，警方查出亞思疑遭勒斃被裝進30吋行李箱運往台中，藏在吳男任職科技公司（位於台中七期）的冰櫃內，檢警今天下午完成遺體相驗，進一步釐清確切死因。針對這起駭人命案，台中地檢署獲報後，指派重大刑案專組檢察官偵辦，下午由檢察官、法醫及相關人員在台中殯儀館進行相驗，由於亞思家屬目前均不在台灣，後續仍須等待鑑驗結果，確認死亡原因及相關細節。請繼續往下閱讀...經查，亞思與吳男在泰國認識並交往約1年，平時維持台、泰兩地遠距離關係，本月2日亞思入境台灣，原預計14日返回泰國未果失聯，家屬察覺不對勁，透過在台友人向警方求助，鎖定吳男涉嫌重大，警方今天凌晨在台中海線一帶逮捕吳男，隨後在其任職的科技公司冰櫃內發現亞思的遺體，全案朝殺人罪方向偵辦。    ,https://news.ltn.com.tw/news/society/breakingnews/5579460
新北清潔隊員慘遭酒駕騎士撞死 「躺著騎車」離譜影像曝光,社會,2026/09/19 17:03,胡男「躺著騎車」離譜影像曝光。（記者徐聖倫翻攝）新北市樹林區今清晨發生嚴重車禍，51歲鄭姓婦人為道路清潔員，她正在掃地時，被32歲胡姓機車騎士狠撞彈飛40公尺身亡。醫院對胡男的抽血檢測結果出爐，換算呼氣酒測值為0.15mg/l，警方將朝公共危險致死罪嫌偵辦，胡男將面臨最高10年刑期。稍早胡男「躺著騎車」影像曝光，令人直呼離譜。據了解，鄭婦為道路清潔員，每天天還沒亮就出門工作，今清晨6時許，胡男騎機車行經樹林區鎮前街275號前，疑似因酒醉未減速，且沒注意鄭婦就在路邊工作，直接狠狠撞上鄭婦並彈飛40公尺，胡男自己也應聲倒地不起。請繼續往下閱讀...強烈撞擊聲驚醒附近鄰居並報警，警方、消防獲報派員趕抵，即刻將鄭婦、胡男送往板橋亞東醫院急救。鄭婦經檢查全身有多處骨折、頭部重創，經過積極搶救仍傷重不治；胡男則是面部骨折，經急救後保住一命。警方調查，鄭婦與丈夫結婚多時，有一子一女均已成年，但女兒精神狀況不佳長期就醫，丈夫則年事已高，目前後事由兒子全權處理。至於胡男，由於其面部骨折現仍無法順利說話，警方將待其休養一陣後再行筆錄製作，本案將朝公共危險致死罪偵辦，胡男將面臨3年以上、10年以下有期徒刑。警方於車禍現場進行採證。（記者徐聖倫翻攝）鄭婦的清掃工具遺留在車禍現場。（記者徐聖倫翻攝）    ,https://news.ltn.com.tw/news/society/breakingnews/5579411
謝典霖涉賄「無對價」? 彰檢反擊：每人賄選逾千元,社會,2026/09/19 16:19,彰檢指謝典霖等人使用議會公款支付餐會費用對選民進行賄選，有對價關係，具有貪瀆及違反選罷法之雙重不法。（資料照）國民黨彰化縣長參選人魏平政今天（19日）對彰化檢方偵辦議會和謝家賄選案提出質疑，包括餐會6月舉辦時出席者都尚未登記或確定提名，並無「以好處換取選票」的對價關係，其次該案自吳音寧舉報至今已逾2個半月，這段時間檢警調早已完成多輪調證與訊問，證據既已齊備，何來湮滅、偽造證據或勾串證人之虞？彰化地檢署也發布新聞稿反擊稱，謝典霖（彰化縣議長）等人使用議會公款支付餐會費用對選民進行賄選，有對價關係，對每位選民的賄選金額逾千元，具有貪瀆及違反選罷法之雙重不法。請繼續往下閱讀...彰化地檢署指出，謝典霖等人係使用議會公款支付餐會費用對選民進行賄選，且有對價關係，具有貪瀆及違反選罷法之雙重不法；至於坊間單純選舉造勢場合提供之簡易餐飲，或參加活動致贈符合社交禮儀之禮品，若無對價關係，自不構成賄選。本案用於賄選之財物除高價食材料理外，尚提供洋酒，會後並致贈蛋黃酥，已非僅提供簡易餐飲之選舉造勢活動。檢方強調，本案除在場登記參選之候選人之外，參與之選民多達百人以上。依上述賄選財物總價值及在場參與人數計算後，對每位選民之賄選金額已逾千元。國民黨彰化縣長參選人魏平政今天公開聲援謝典霖。（魏平政提供）謝典霖因涉賄遭羈押禁見。（資料照）    ,https://news.ltn.com.tw/news/society/breakingnews/5579420
老師當眾酸學生「蘆葦」 法官：超過合理管教範圍,社會,2026/09/19 16:04,南科實中的黃姓女師以啟智機構名「蘆葦」替學生取綽號，又動手敲頭，遭校方記過2次；女師不服提告撤銷處分，被法院判決駁回。（資料照）女老師當眾以啟智機構名稱「蘆葦」諷學生沒長腦，法官認定超過合理管教界線。台南國立南科國際實驗高級中學黃姓女教師，因多起管教爭議遭校方記過2次，她不服提告爭取撤銷處分，高雄高等行政法院審理後判決駁回。校方調查發現，黃女在校任教期間，除公開以特殊教育機構，替學生取綽號「蘆葦」辱罵其沒長腦，更曾持觸控筆敲打該生頭部，見對方閃躲仍未收手。此外，黃女上課時沒收該生畫作，威脅若不聽話就要將醜化教師內容外流；甚至在課堂提問時，無視該生依限答對，仍命其在導師角罰站，更當眾聲稱「就是不想讓他回來」，遭校方認定構成多項不當管教。請繼續往下閱讀...黃女主張，持觸控筆僅是輕點叫醒打瞌睡學生，暫扣畫作與罰站也屬維持課堂秩序的合理裁量，且當時環境吵雜才未聽聞學生回答，並無羞辱或故意刁難。校方則反駁，多名同儕證實敲頭力道甚大，畫作威脅更造成學生恐懼落淚；考量黃女前年曾辱罵學生遭記申誡並裁罰6萬元，如今3年內累犯，考核會依法加重記過2次適法有據。高雄高等行政法院審理認為，黃女在公開場合以啟智機構綽號貶抑學生人格，無視學生閃躲持續敲頭，甚至扣押畫作恫嚇、刻意刁難罰站，各項行為均已逸脫教育目的，對學生造成身心傷害。法官審酌黃女短期內屢次再犯的動機與惡性，校方考核程序合乎規定，於法定裁量權內核處記過2次並無違誤，黃女訴請撤銷為無理由，判決駁回。    ,https://news.ltn.com.tw/news/society/breakingnews/5579389
新進調查官走讀威權歷史 義光教會牧師：過去對「調查局」很敏感,社會,2026/09/19 15:57,調查局長陳白立親自率隊前往鄭南榕紀念館，由鄭南榕基金會終生志工葉菊蘭、董事長鄭竹梅及政治大學教授薛化元接待。（調查局提供）調查局幹部訓練所17日安排調查班第63期學員，分組走訪鄭南榕紀念館、義光教會及二二八國家紀念館；其中義光教會更是首度接待調查局學員，牧師王銘澤坦言，過去對「調查局」3字相當敏感，如今感受到調查局已與以往不同。調查局表示，此次安排具轉型正義意義，盼新進調查官理解自由、民主、人權與公正執法。調查局長陳白立說，鄭南榕是爭取自由民主的指標人物，中華民國已是主權獨立國家，調查局將堅定捍衛民主體制與言論自由，也期勉調查人員維護國家安全，保障國人能繼續「呼吸自由的空氣」。請繼續往下閱讀...鄭南榕基金會終生志工葉菊蘭則表示，認識歷史並非為了產生仇恨，而是共同決定台灣的未來，並形容由調查局長帶隊參訪具有里程碑意義；董事長鄭竹梅也期許學員珍惜現有民主空間。學員並觀賞紀錄片《焚》，走入鄭南榕昔日編輯室遺址，再與館方座談交流。另一組學員由幹部訓練所大隊長陳勃旭率隊前往義光教會。陳勃旭提到，希望學員透過走進歷史現場，思考執法人員在職分上「應做與不應做的事」，讓即將行使司法公權力的新進人員理解公正執法的意義。王銘澤透露，最初接獲調查局希望參訪的訊息時「相當詫異」，因過去對調查局一詞相當敏感，但此次接觸後，感受到現在的調查局與過往已有不同。這也是義光教會首度接待調查局學員，他認為，調查局主動走進這處歷史場址，在台灣走向民主法治國家的歷程中別具意義。調查班第63期學員另赴二二八國家紀念館，由館方導覽常設展，從歷史事件及威權統治脈絡理解民主轉型過程。調查局表示，此次安排三處具轉型正義意涵場址，希望新進調查官在投入執法工作前，進一步理解自由、民主、人權與公正執法的意義。調查局表示，此次安排3處具轉型正義意涵場址，希望新進調查官在投入執法工作前，進一步理解自由、民主、人權與公正執法的意義。（調查局提供）義光教會牧師王銘澤解說導覽。（調查局提供）    ,https://news.ltn.com.tw/news/society/breakingnews/5579382
又見恐怖情人！泰女來台談分手  慘遭台籍男友勒斃塞行李箱藏冰櫃,社會,2026/09/19 15:38,台北市萬華警分局。（資料照）台北市萬華警分局今日偵破一起殺人藏屍冰櫃案。43歲的吳姓台灣籍男子與36歲泰國籍女子Arth（中譯：亞思）相戀1年，期間有時互相到對方國家探視，日前泰女來台談判分手，結果慘遭吳男失手勒斃，並將屍體藏放到公司位於台中辦事處租賃的冰櫃內，警方訊後依殺人罪嫌移送地檢署偵辦。警方調查，吳嫌是在台中一家科技公司擔任行政後勤工作，一次在泰國旅遊中與被害人Arth相識，交往期間，兩人有空都會互相飛往各自的國家藉以維繫戀情。請繼續往下閱讀...警方初步了解，兩人之間近期偶有摩擦，2日Arth飛來台灣找吳男，疑似異國戀相處不易，終於在飯店裡向吳男提出分手，結果自此後卻銷聲匿跡。警方說，由於Arth原定2日入境台灣，14日就要依照規定出境，但是泰國家人卻苦等不到女兒返國也連繫不上，只得能透過台灣的友人幫忙向萬華警分局報案請求協尋。警方調閱監視器循線追查，發現Arth女子入住西門町一家旅館，吳嫌則於12日深夜前往旅館見面，直到13日凌晨離開。期間曾有帶著一個超大行李箱。這點立即引起注意，因為許多棄屍案件都是利用超大型行李箱運屍。警方研判Arth應已遭到不測，昨日先以涉嫌案情重大為由前往台中逮捕吳嫌到案。警訊中他才承認因女友提分手，他一時氣憤才失手把對方勒斃。他也承認因為在台中科技公司擔任行政後勤，公司有承租1個冰櫃，所以將屍體運到台中後藏放在冰櫃中。萬華警分局19日凌晨1時許先押解吳嫌到台中公司的冰櫃找到Arth蜷縮的遺體，配合台中地檢署和法醫進行驗屍程序後，下午將人押返回台北市，晚間將依殺人罪嫌移送法辦。    ,https://news.ltn.com.tw/news/society/breakingnews/5579378
吵架抓菜刀揮舞「信不信我敢砍下去」 牛肉湯廚師恐嚇判拘役,社會,2026/09/19 15:12,台南某牛肉湯店陳姓員工因嫌同事口氣差，在廚房拔菜刀作勢揮砍並嗆敢砍人，台南地院依恐嚇罪判處拘役20日。示意圖。（記者王捷攝）不滿同事提醒關門的口氣不好，在牛肉湯店工作的陳姓男子竟在廚房抄起菜刀作勢揮砍，甚至怒嗆「信不信我敢砍下去」，雖然他辯稱，是在廚房隨手抓到的物品，不曉得是刀，但台南地方法院依恐嚇罪判拘役20日，得易科罰金。判決指出，陳男與陳姓男同事都在台南永康一家牛肉湯店上班，兩人平時就相處不睦。去年12月某日下午，陳男因不滿對方說話態度，雙方在廚房爆發激烈口角。陳男一氣之下，隨手從刀架拔出菜刀朝對方揮舞叫囂，在場的母親見狀嚇得連忙從後方環抱阻止，身為陳男舅舅的李姓老闆也衝上前合力奪刀，並將刀扔進垃圾桶，受驚的陳姓同事隨後報警。請繼續往下閱讀...面對指控，陳男在審理時辯稱，自己只是因為口氣問題和對方起爭執，當下非常生氣，隨手抓了身旁的東西，視線一直盯著同事，根本不知道手裡拿的是菜刀；他坦承曾向對方叫喊要單挑，但堅決否認說過要砍人。不過，陳姓同事證稱，陳男當時持菜刀直指著他作勢揮砍，還怒吼「你信不信，我瘋瘋的，我敢砍」；李姓老闆也證實，聽見爭吵進廚房就看見陳男持刀作勢傷人，並確實揚言敢砍下去。法官勘驗店內監視器畫面，確認陳男揮刀且遭母親、老闆合力拉阻，情節與證人陳述一致。法官認為，陳男身處廚房且喊出要砍人等語，足認明知手中拿的是菜刀，辯詞不足採信。審酌陳男不思理性解決紛爭，持刀恐嚇造成被害人恐慌，犯後否認且未和解，考量其經濟與家庭狀況，量處拘役20日，可以易科罰金。全案仍可上訴。    ,https://news.ltn.com.tw/news/society/breakingnews/5579325
台中醉男駕特斯拉自撞分隔島 遭移送法辦,社會,2026/09/19 15:05,台中市清水區漁港路段今天凌晨發生酒駕車禍，特斯拉嚴重損毀。（民眾提供）再傳酒駕車禍！台中市吳姓男子今天凌晨駕駛特斯拉行經台中市清水區漁港路段，不明原因失控撞上中央分隔島，特斯拉車頭全毀，警方到場發現男子有輕微擦挫傷，他自稱不需就醫，因酒氣濃烈，遭測出酒精濃度超標，依公共危險罪嫌移送偵辦。清水警分局調查，今天凌晨1時，31歲吳姓男子駕駛轎車，沿漁港路東往西方向行駛，不明原因失控撞上中央分隔島後，車輛停於外側人行道上，路過駕駛報案，現場未發現毒駕跡證，經警方實施酒測，吳男酒測值超過法定標準值，已違反公共危險罪嫌，依法移送台中地檢署偵辦。請繼續往下閱讀...清水警方呼籲，持續加強取締及宣導「酒後不開車」交通安全，請民眾勿抱持僥倖心態駕車上路，以維護自身及他人交通安全。    ,https://news.ltn.com.tw/news/society/breakingnews/5579323
18％高息「柬埔寨稻米」狂吸16億 獄中父隔空操盤…指導兒女繼續騙,社會,2026/09/19 15:03,台中地檢署近日起訴伍姓一家4口、吳姓副總及公司法人。（資料照）「投資稻米」最高年息18%、還保本保息，聽起來像穩賺不賠的農業投資，卻成為吸金16億元的局，某國際公司伍姓負責人涉嫌推出柬埔寨稻米契作投資方案，與父親及2名妹妹等人共同吸金，台中地檢署認定涉犯銀行法、加重詐欺等罪，近日偵結提起公訴。經查，42歲伍男是該公司負責人，其父親則為公司創辦人兼榮譽董事，父子倆規畫「柬埔寨班迭農田稻米共同契作專案」，伍男2名妹妹分別擔任財務主管、教育長及關係企業負責人，2016年起在台北、台中、雲林等地舉辦說明會，對外招攬投資。請繼續往下閱讀...投資方案包裝成「小農夫」、「大地主」、「土豪」3種級距，門檻分別為30萬元、100萬元及200萬元，年息最高達18%，投資期間18至36個月，還承諾期滿返還本金，為增加投資人信任，公司不時安排赴柬埔寨考察參觀稻田，營造投資標的確實存在的印象。此外，該公司還設計「有機香米稻田契作代理獎金制度」，鼓勵投資人進一步成為業務員，依招攬金額及發展下線分級，最高可領一次性8%獎金，透過這套模式吸金高達16億1830萬元，直到去年10月突然無法支付「米價金」，投資人才陸續察覺情況不對。檢調今年5月搜索，赫然發現公司內竟找不到與柬埔寨稻米投資相關合作協議或海外收益資料，伍男及2名妹妹遭聲押獲准，另伍父早因另案違反銀行法判刑5年6月，去年11月入監後仍透過寄信及會面等方式，指導兒女公司營運方向，檢方認伍姓一家4口、吳姓副總及公司法人犯嫌明確，依法起訴6人。☆自由時報電子報提醒您，防詐騙專線︰165，報案專線︰110☆    ,https://news.ltn.com.tw/news/society/breakingnews/5579308
高雄騎士翹孤輪耍特技 警要追人開罰,社會,2026/09/19 14:59,1名騎著電輔自行車的騎士，在行駛中突然拉高車頭翹孤輪行駛，警方將追人開罰。（民眾提供）有民眾昨（18）日晚上行經中山高速公路東側便道，見1名騎著電輔自行車的騎士，突然拉高車頭以翹孤輪方式行駛，大酸「回家的路上，還可以看到表演」，高雄市警方將追查該名違規騎士，並依危險駕駛開罰。苓雅分局福德二路所指出，騎士騎乘電動輔助自行車涉嫌於道路危險駕車，違反道路交通管理處罰條例第73條第1項第4款，慢車駕駛人在道路上以危險方式駕車，可處300至1200元罰鍰。請繼續往下閱讀...另涉刑法第185條公共危險罪，損壞或壅塞陸路、水路、橋樑或其他公眾往來之設備或以他法致生往來之危險者，可處5年以下有期徒刑、拘役或1萬5000元以下罰金。警方表示，將調閱監視器影像查明駕駛人身分後，將循線通知駕駛人到案說明，並依法舉發偵辦，以嚴正執法。    ,https://news.ltn.com.tw/news/society/breakingnews/5579335
遭「幽靈鴿舍」坑殺 捲8000萬詐案賭客死亡,社會,2026/09/19 14:28,台南新世紀賽鴿協會虛設幽靈鴿舍，涉詐8400萬彩金並聚眾賭博，檢方起訴50人；涉案楊姓賭客上個月過世，台南地院判決公訴不受理。（資料照，記者王捷攝）掏16萬元賽鴿，沒想到栽進主辦單位設下的「幽靈鴿舍」騙局，甚至還吃上官司！楊姓鴿舍主男子捲入賽鴿賭博案，官司還沒打完就撒手人寰，台南地方法院因此判決公訴不受理。楊男從名下鴿舍挑選18隻賽鴿，去年夏季為了挑戰海上競翔，報名新世紀賽鴿協會賽事，拿出16萬4000元賭金。未料賽事遇上海象不佳，加上檢警搜索查扣，比賽被迫喊卡。楊男一毛彩金都沒贏得，停賽後獲退回11萬401元，倒賠5萬多元，連放飛保管的賽鴿也只剩2隻。請繼續往下閱讀...更令人錯愕的是，檢警追查發現主辦單位幹部涉嫌自導自演，在衛星地圖找不到的空地虛設幽靈鴿舍，暗中調包老鳥偽裝參賽，製造全員歸返假象藉此坑殺參與賽鴿賭博的會員，詐領彩金高達8470萬2012元。檢方認定海上長程賽事造成幼鴿大量溺斃，將幹部與楊男等50名會員依賭博及動保法起訴。面對指控，楊男等鴿友大聲喊冤，堅稱平時悉心照料賽鴿，參賽只為驗證育種成果，絕無故意虐待動物；幹部則辯稱賽事受氣候影響，迷航實屬難免，否認詐欺。然而檢警根據查扣的電腦內帳、造假封條等鐵證，認定幹部共謀詐取暴利，依法將全案提起公訴。案件移審後，台南地方法院調閱戶籍資料，查出楊男已在今年8月過世，依刑事訴訟法規定，被告死亡即欠缺訴訟要件，無從追究責任，因此不經言詞辯論，對楊男做出公訴不受理判決；至於其他涉案幹部及會員，仍由法院另行審理。    ,https://news.ltn.com.tw/news/society/breakingnews/5579256
自由觀點》「少關人」不是縱容犯罪 別讓監獄變成犯罪進修班,社會,2026/09/19 14:00,    ,https://news.ltn.com.tw/news/society/breakingnews/5577620
恐怖前女友！偷鑰匙、流產心聲貼車 騷擾前男友下場曝,社會,2026/09/19 13:31,周女與前男友阿偉（化名）分手後，被控偷阿偉住處鑰匙，在阿偉汽車、工作地點，張貼流產女兒的怨懟心聲與感情不忠等字條，被法院判處拘役30日。 （資料照）基隆市周姓女子與前男友阿偉（化名）分手後，不僅偷走阿偉住處鑰匙，還在收到法院核發的家庭暴力保護令後，分別在阿偉汽車上、工作地點，張貼女兒流產的怨懟心聲，與感情不忠等字條，甚至跑到阿偉住處外潑灑惡臭液體，讓阿偉忍無可忍，報警提告。基隆地院近日審結，依周女犯竊盜罪及3次違反家庭暴力防治法等罪，合併判處周女拘役30日。判決指出，周女與阿偉曾為男女朋友。周女被控在2人分手後，於2024年11月前，在阿偉暖暖區的工作地點，偷走其七堵住處的大門鑰匙。阿偉不堪其擾向法院聲請保護令，基隆地院去年5月將核發的通常保護令送達周女，明令周女不得對阿偉實施騷擾或聯絡行為。請繼續往下閱讀...未料，周女收到保護令2個月後，被控先到阿偉的汽車上，張貼她對女兒流產的怨懟心聲，藉此發洩被分手的情緒；接著，又跑去阿偉住處外潑灑不明惡臭液體與在阿偉上班的貨櫃屋門口，張貼阿偉感情不忠的字條。法官審理時，周女坦承竊盜阿偉住處鑰匙，與3度違反保護令犯行，法官考量周女因不滿分手發洩情緒，犯案時已有精神症狀就醫中，且竊取的住處鑰匙已返還阿偉，依竊盜罪判處拘役15日，3次違反保護令罪各判處拘役10日，合併判處應執行拘役30日，得易科3萬元罰金。☆民眾如遇同居關係暴力情形，可撥打113保護專線，或向各地方政府家庭暴力防治中心求助。☆    ,https://news.ltn.com.tw/news/society/breakingnews/5579201
新北女清潔隊員值勤遇死劫  家中頓失經濟支柱,社會,2026/09/19 12:57,鄭婦的清掃工具遺留在車禍現場。（記者徐聖倫翻攝）新北市環保局樹林區51歲鄭姓女清潔隊員19日早上6點30分左右於執行掃路勤務時遭到機車騎士衝撞，現場失去心跳，經過送往亞東醫院急救仍不幸死亡，環保局長程大維聞訊趕往醫院探視，鄭女為家中唯一經濟支柱，有一個小孩需要特別照顧，程大維表示將全力協助後續撫卹喪葬事宜。新北市環保局對此深表遺憾，目前已配合警方進行相關調查，程大維也前往醫院慰問家屬。後續會全力協助家屬進行相關撫卹事宜並配合警察調查。請繼續往下閱讀...環保局表示，鄭女於環保局樹林區清潔隊地勤班服務已達3年11個月，負責街道清掃作業，平時表現優良、配合度高，鄭女與丈夫育有兩子女，因家中有一名小孩需要由先生特別照顧，家中照護開銷均由鄭女負擔，家庭經濟負擔沉重，環保局將全力協助辦理各項撫卹金請領及喪葬補助。    ,https://news.ltn.com.tw/news/society/breakingnews/5579124
元凶找到了！21歲小情侶國道翻車噴飛 「接連多車輾壓」雙亡 ,社會,2026/09/19 12:54,國道1號台中南屯段2023年發生重大連環撞車禍，造成一對小情侶雙亡。（資料照）國道1號台中南屯段2023年發生一起重大連環撞車禍，一對21歲情侶翻車後雙雙被拋出車外，接連遭後方多車輛撞擊輾壓雙亡，檢警追查後認定劉姓男子、張姓女子涉有主要肇事責任，台中地院近日分別判劉男1年、張女6月，後者緩刑2年。這起事故發生在2023年4月2日凌晨1時許，地點在國道1號北上181.6公里南屯路段，21歲楊姓男子駕車載著同齡張姓女友行經該處時，追撞前方蘇姓男子駕駛的聯結車，導致車輛翻覆，楊男當時還曾自行報案求救表示「剛太累了，睡著了」，此時第二波危險接踵而來，劉姓男子駕車行經事故現場時，再度撞上楊男車輛，導致楊男與張女拋飛車外，張女當場死亡。請繼續往下閱讀...發生撞擊後，劉男沒有在事故後方100公尺以上適當位置放置三角錐等警示設施，約1分鐘後，另名張姓女子駕車經過，又把當時想要起身的楊男撞飛，楊男倒地後再遭他車輾壓送醫不治，而張女也遭另外2車輾壓，形成7車連環撞重大事故，台中市車輛行車事故鑑定委員會認定，劉男無照駕駛、超速及未注意車前狀況，是造成事故主要原因，未依規定設置警示標誌則為次因。至於後續撞上楊男的張姓女駕駛，則因未注意車前狀況，被認定為肇事主因，檢方認定劉男、張女涉有刑責起訴，另4名駕駛則獲不起訴處分，台中地院審理後，考量2人與被害家屬達成賠償、坦承犯行等情狀，劉男依無照駕車致死罪判1年；張女則依過失致死罪判處6月，得易科罰金，宣告緩刑2年。    ,https://news.ltn.com.tw/news/society/breakingnews/5579186
新竹女駕駛遭控「撞人不下車」 網友歪樓秒原諒討論這事,社會,2026/09/19 12:44,新竹市東區光復路18日晚間發生一起追撞車禍，女駕駛遭控「撞人不下車」，但網友秒原諒歪樓討論女駕駛姣好的身材。（讀者提供）新竹市東區光復路昨晚（18日）下班時段發生一起車禍，一名女駕駛行經光復路二段298巷附近時與機車碰撞，有網友在社群發文指控這名女駕駛「撞到人也不下車」，不過，女駕駛等警方到場後，起身站在人行道旁講電話，結果路人與網友都歪樓討論女駕駛姣好的身材，直呼「是我的話，她下車那一刻我就已經原諒她了」。警方表示，這起車禍發生在昨晚7點25分左右，正值光復路二段週五下班車流較多時段，一部轎車追撞前方機車，造成騎士受傷，而車禍發生後，女駕駛坐在車內，疑似受到驚嚇，員警到現場處理後，女駕駛才下車，並配合車禍事故調查，但肇事原因仍需調查釐清。請繼續往下閱讀...有網友在網路社群發文，竹市東區光復路二段298巷一帶，18日晚間發生一起車禍，女駕駛與騎士發生碰撞以後「撞到人也不下車」，直到員警來才肯下車。網友提醒，「大家騎車要小心，你不撞人、別人也會來撞你。希望受傷的先生沒事！」但網友的照片可看到1名女子身穿白色衣物、白色背心及牛仔褲站在車旁，後續救護人員到場時，女子則待在人行道上等候。原本是起車禍貼文，網友卻因女駕駛的姣好身材與亮眼外型，歪樓留言，「她有被原諒的空間」、「是我的話，她下車那一刻我就已經原諒她了」、「請不要怪罪這位白色車主，有事我扛」、「只是受到了驚嚇，不是刻意不下車的！駕駛誠意滿滿啊，隔著螢幕都能明顯感受到」。    ,https://news.ltn.com.tw/news/society/breakingnews/5579173
新北女清潔隊員工作中遭機車狠撞   彈飛40公尺遠傷重不治,社會,2026/09/19 12:40,鄭婦的清掃工具遺留在車禍現場。（記者徐聖倫翻攝）新北市樹林區今清晨發生死亡交通事故，32歲胡姓男子騎機車，沿鎮前街往山佳方向行駛，不慎狠撞正在執行路面清掃工作的51歲鄭姓女清潔隊員，造成鄭婦彈飛40公尺遠。兩人當場重摔在地受傷，救護人員獲報後緊急將雙方送往亞東醫院救治，不幸的是，鄭婦經院方全力搶救後，仍因傷重宣告不治。​據了解，今清晨6時許，胡男當時騎車行經樹林區鎮前街275號前，疑似車速過快沒注意車前狀況，狠狠撞上正在路邊工作的鄭婦，強烈撞擊導致兩人雙雙倒地。樹林警分局接獲報案立即派員警趕赴現場，實施交通管制並採證，救護人員獲報趕抵將傷者送醫，可惜鄭婦全身多處骨折、疑似內出血，最終因傷勢過重不治。請繼續往下閱讀...​樹林警分局表示，員警於現場迅速排除障礙並維持交通順暢。胡男目前仍在醫院接受治療，警方已請亞東醫院為其實施抽血檢驗，尚待酒精及相關毒物檢驗結果回覆，以釐清是否有酒駕或毒駕情事。至於詳細的事故發生原因與肇事責任歸屬，仍有待警方進一步調查釐清。警方於現場進行採證。（記者徐聖倫翻攝）    ,https://news.ltn.com.tw/news/society/breakingnews/5579134
喝茫亂小便！汐止男惹怒鄰桌 遭3工人圍毆鼻青臉腫,社會,2026/09/19 12:14,新北市汐止區張姓男子與同桌2名友，不滿李姓男子酒後在卡拉OK店裡隨處尿尿，被控動手圍毆李男成傷，被警方帶回偵辦。（汐止警分局提供）新北市汐止區李姓男子昨晚在新昌路上卡拉OK店酒後，疑因在店內隨處尿尿，引發鄰桌施姓、張姓等3名工人不滿，慘遭對方徒手圍毆，致牙齒流血、鼻子瘀傷與左手擦挫傷等傷害。新北市汐止警分局警員獲報，將張男等3人依法逮捕後，依涉犯聚眾妨害秩序等罪，移送士林地檢署偵辦。新北市汐止警分局昨晚11時56分許接獲民眾報案，汐止區新昌路卡拉OK店內，有民眾酒後滋事，立即派遣快打警力趕抵時，現場衝突雖已停止；經調查，在場被打傷的57歲李姓男子酒後，在店內隨處尿尿，引發鄰桌44歲張姓男子、施姓與張姓男子等3人不滿，爆發口角衝突，隨後引發激烈肢體拉扯與圍毆。請繼續往下閱讀...衝突過程中，李男遭到3人徒手圍毆，致鼻子瘀傷、牙齒流血，且左手多處擦挫傷，所幸李男意識清醒，由趕抵的救護人員送往汐止國泰醫院進行診治。警方在場確認張男等3人的工人身分且均與李男素未謀面後，依涉犯聚眾妨害秩序罪現行犯予以逮捕，並於帶回偵辦後移送士林地檢署偵辦。☆飲酒過量  有害健康  禁止酒駕☆新北市汐止區新昌路一間卡拉OK店，昨晚爆發酒客酒後衝突事件，警方出動快打部隊趕抵，將受傷的李男送醫後，逮捕滋事的張姓等3人偵辦。（汐止警分局提供）    ,https://news.ltn.com.tw/news/society/breakingnews/5579131
疑起步踩錯油門！ 苗栗轎車暴衝撞進超商,社會,2026/09/19 12:08,男子開車暴衝，直接撞超商。（民眾提供）苗栗縣後龍鎮成功路今（19）日上午發生一起驚險自撞事故！一名35歲陳姓男子駕駛轎車準備駛離某超商時，疑因操作不慎誤踩油門，整輛車突加速暴衝撞入超商，造成店內櫃檯旁玻璃大面積破裂碎裂，現場一片狼藉。所幸當時店員並未在撞擊區域附近，車上駕駛及乘客均未受傷，未釀成人員傷亡。轄區竹南警分局表示，後龍分駐所於今日上午8點55分接獲報案，指稱後龍鎮成功路一處超商遭車輛撞擊，警方獲報迅速趕抵現場處理，初步調查，陳男當時購物後駕駛轎車準備離開，疑似在起步操作時不慎誤踩油門，導致車輛突猛力前衝撞擊超商門面。請繼續往下閱讀...經現場檢測，陳男酒測值為零，已排除酒駕情形。詳細事故原因及相關損害賠償責任，仍待警方進一步調查釐清。竹南分局提醒，駕駛人於車輛起步、停車或準備駛離場域時，務必確認排檔位置並注意油門與煞車踩踏，隨時留意車輛周遭環境，切勿因一時疏忽引發意外。    ,https://news.ltn.com.tw/news/society/breakingnews/5579130
婦欠交通罰單稅金16萬 保單遭凍結急求助…准分期原因曝,社會,2026/09/19 12:04,台中分署體恤賴婦隔代教養孫女困境，准予分期。（台中分署提供）53歲賴姓女子多年累欠交通罰鍰、牌照稅等費用16萬3553元，名下存款又查無可扣，直到保單解約金遭凍結，她才急忙出面處理，向行政執行署台中分署表達還款意願，執行人員了解她獨力隔代教養孫女、收入微薄後，經濟壓力沉重，最終同意每月分期繳款5500元，協助其兼顧生活並積極清償欠款。賴女這筆欠款包括交通違規罰鍰、使用牌照稅、公路使用養護安全管理費（原燃料費）及健保費，總額累計達16萬3553元，案件移送行政執行署台中分署後，執行人員曾多次清查並嘗試扣押她名下銀行存款未果。請繼續往下閱讀...執行人員沒有就此罷手，持續擴大清查後，發現賴女在南山人壽有商業保險解約金債權，依法核發執行命令，將相關債權予以凍結，賴女得知保單遭凍結後，因擔心保險權益受損，影響保單附約的醫療保障，隨即主動聯繫承辦人員接觸後，她坦言平時收入不高，家中又由她獨自負擔孫女的照顧與生活開銷，經濟壓力相當沉重。台中分署了解賴女的家庭及經濟狀況後，考量她並非拒絕還款，而是確實有經濟上困難，若一次強制執行恐讓原本吃緊的生活雪上加霜，因此在依法執行的前提下兼顧個案情況，採取較具彈性的方式處理，准予辦理分期，由賴女每月繳納5500元，逐步清償16萬餘元欠款；賴女對分期安排相當感謝，也向執行人員承諾日後會按時繳款，並承諾日後一定會按時繳納且小心駕車，不再因違反交通法規而被開罰單。    ,https://news.ltn.com.tw/news/society/breakingnews/5579122
新北樹林女清潔員清晨掃街遭機車撞擊 送醫不治,社會,2026/09/19 11:36,新北市樹林區鎮前街今天清晨6時許發生死亡車禍，51歲鄭姓女清潔隊員在街上執行清掃勤務時，遭32歲胡姓男子騎機車撞擊，傷重送醫急救仍宣告不治。警消今天上午接獲通報，有女子遭男子騎機車撞擊，迅速派遣救護車緊急救護，女子當場無生命跡象，男子則頭部及右手掌撕裂傷、意識躁動，兩人都送醫急救。請繼續往下閱讀...樹林分局表示，6時12分許接獲報案，胡男騎機車沿鎮前街往山佳方向行駛，與同向正在工作鄭姓女清潔員發生碰撞，雙方受傷，警方立即指派員警到場實施交管處置，並將傷者送醫救治。警方表示，鄭女送醫急救後仍因傷重宣告不治，並將對胡男實施酒精及毒物抽血檢驗，確切肇事原因及責任尚待調查釐清。    ,https://news.ltn.com.tw/news/society/breakingnews/5579072
搭機返台遭碰撞 女乘客不滿掌摑空服員遭起訴,社會,2026/09/19 11:32,桃園地檢署已因傷害等案件，將張姓女子提起公訴。（資料照）張姓女子今年4月3日晚間6點多，搭機從日本福島機場飛往台灣桃園機場途中，穿鞋時被劉姓空服員不慎碰撞後，心生不滿而毆打對方，還拿冰塊丟向協助排解糾紛的陳姓座艙長，下機後挨告，已被桃園地檢署因傷害等案件提起公訴。檢方調查，張女在飛機準備降落時，低頭靠著椅背穿鞋，被執行落地安全檢查的劉姓空服員擦撞到右臉、再碰撞椅背，讓張女不滿，徒手揮打劉姓空服員1巴掌致對方左臉鈍挫傷；陳姓座艙長看到糾紛，趨近了解狀況，先要求張女入座，再將劉姓空服員準備的冰塊，提供給張女冰敷，張女卻將冰塊丟向座艙長。請繼續往下閱讀...劉姓空服員、陳姓座艙長下機後，向警方報案，張女被航空警察局依傷害、公然侮辱等罪嫌送辦，檢方認為，張女的行為顯有傷害與以強暴犯公然侮辱的犯意，已將她提起公訴；至於劉姓空服員也挨告傷害部分，則予不起訴處分。    ,https://news.ltn.com.tw/news/society/breakingnews/5579089
學生被撞自己跑了 駕駛未報案仍吃上「肇事逃逸」官司,社會,2026/09/19 11:28,一輛淺色休旅車左轉未減速，撞上通行的行人。（警方提供）一輛淺灰色休旅車昨天早上7點多行經八德區和平路，左轉介壽路時未減速，撞到過馬路的國中生，但國中生趕著上課離開現場，駕駛下車查看找不到人，由於該國中生驗傷後於晚間報案，警方除對駕駛以未禮讓行人開罰，還以肇事逃逸罪嫌送辦；警方表示，如果駕駛碰到類似情形，最好撥打110由員警到場處理，否則只要行人受傷就可能吃上肇逃官司 。有民眾開車在介壽路等停紅燈時，行車記錄器錄下該畫面，影片中，學生正在穿越介壽路，未料從和平路左轉介壽路淺灰色休旅車，在沒有減速情況下碰到學生，該名學生並沒有跌倒，隨後趕著上學，駕駛下車找不到人。請繼續往下閱讀...警方表示，該休旅車明顯未禮讓行人，違反道路交通管理處罰條例規定，可處1200元以上6000元以下罰鍰；另，汽車駕駛人駕駛汽車肇事致人受傷或死亡者，應即採取救護措施及依規定處置，並通知警察機關處理，如造成行人受傷而逃逸，另涉嫌刑法肇事逃逸罪。警方表示，由於學生事後受傷報案，警方會將該名駕駛以肇事逃逸罪嫌送辦，也建議民眾發生車禍事故，即使下車找不到人，也一定要打110報警，通知警方到場完成報案程序，以免吃上肇事逃逸官司。    ,https://news.ltn.com.tw/news/society/breakingnews/5579057
警界心靈補破網2-2》職場「陽剛文化」難改善 基層警揭防制機制三大漏洞,社會,2026/09/19 11:27,【活得像個穿制服的人：我是警察】的作者王惀宇，同時也是基層員警、警察勞權運動者，目前正攻讀國立政治大學公共行政學系博士學位。（王惀宇、寶瓶文化提供，photo by賴小路）面對今年迄今全台已接連發生6起員警輕生悲劇，【活得像個穿制服的人：我是警察】的作者，同時也是基層員警、警察勞權運動者的王惀宇受訪時直言，資源總量的增加並不等於「實質成效」。若無法解決涉訟列管標籤化、隱私洩漏以及缺乏「公共安全心理學」專業等體系漏洞，基層同仁在陽剛文化的職場壓力下，依然難以真正跨越求助的心理門檻。員警涉及非因公涉訟或司法糾紛成為今年警察輕生主因。王惀宇指出，雖然有法律諮詢，但面對訴訟保險或費用補助等配套措施，往往沒有固定的SOP，加上內部有追蹤管考流程，容易使同仁被標籤化，導致在同時承受司法程序壓力、經濟負擔與同儕異樣眼光的三重打擊下，極易走入絕境。請繼續往下閱讀...王惀宇分析，警察職場長期充斥著強調抗壓、承擔的「陽剛文化」。在這種環境下，同仁普遍擔憂公開求助會被貼上「有問題」的標籤，甚至進一步影響日常勤務分配、考績評比。這導致許多處於高風險邊緣的同仁，即使知道有外部資源也不願選擇使用。警政署推動的「關老師」及委外心理諮商機制，王惀宇指出，儘管官方宣稱委外機構對個案身分絕對保密，但在實務層面上，警界是個小圈子，基層對於「保密程度」始終存有高度疑慮。例如勤務輪值表標註「洽公」，就有可能引起同儕打聽，使個人隱私與心理狀況瞬間在單位內曝光。王惀宇也指出，台灣合作的委外諮商師多屬於一般的社區或商業機構，缺乏對警察特殊職場生態、執勤風險、創傷後壓力症候群（PTSD）以及敏感公務資訊的深刻理解，警察內部的心理衛教課程找來的講師不了解警界實務，課程內容甚至變成「如何防止民眾自殺的業務宣導」，或是泛泛而談財務與家庭壓力舒緩，完全無法對症下藥面對員警真實遇到的高壓與創傷。在國外要為執法人員提供心理諮商、心理評估，必須要研習「公共安全心理學」專業領域，有專業背景與臨床經驗，才能成為公共安全心理專家，台灣在這段還有很長的路要走。王惀宇也呼籲，「如果官方總是把輕生當成個案看待，就非常難將它當成系統性問題去進行制度化處理。」，王惀宇認為應該借鑒歐美的處理方式，積極推動輕生案去污名化，以「紀念受害者」的敘事全力支持家屬。自由電子報關心您︰自殺不能解決問題，勇敢求救並非弱者，社會處處有溫暖，一定能度過難關。安心專線：1925 生命線協談專線：1995。張老師專線：1980    ,https://news.ltn.com.tw/news/society/breakingnews/5579032
警界心靈補破網2-1》今年度全台員警輕生6起 警政署增設182處外部心理諮商,社會,2026/09/19 11:23,今年迄今全台已接連發生6起員警輕生案件。誘發原因涵蓋非因公涉訟、感情困擾與財務壓力等困境。（記者鄭景議翻攝）今年迄今全台已接連發生6起員警輕生案件。誘發原因涵蓋非因公涉訟、感情困擾與財務壓力等困境。面對基層嚴峻的心理危機，警政署今年將心理輔導專款預算提高至500萬元，全台委外諮商機構翻倍擴增至182處，外部心理諮商使用人次更創下3903人次歷史新高；同時聘任246名專業醫師擔任「心理輔導諮詢委員」，嘗試預防悲劇發生。數據顯示，員警面臨的心理危機多半來自私生活、財務及司法訴訟交織的複合型壓力。今年發生的6起員警輕生案件中，已確認的誘發原因包含非因公涉訟2件、身心健康因素1件，另有3件仍在深入調查中，初步研判分別為非因公涉訟、感情因素及財務因素各1件。請繼續往下閱讀...警政署內部防衛網方面有「關老師」機制把關，由受過訓練的警官擔任起內部心理輔導職責，目前全台約有850名「關老師」在第一線。然而該系統過去也時常因為「主管」與「心輔師」的身分難以完全切割而被詬病，基層時常反映無法對「關老師」吐露心聲。警政署從2020年開始首度引入外部諮商師機制，當年使用人數為945人次，前年成長至2896人次，去年更創下歷史新高，達到3903人次。警政署也將年度心理輔導專款預算一舉提升至500萬元，並大力拓展外部合作諮商機構。全台合作的委外心理機構已從前年的91處，翻倍擴增至今年的182處，採分區設點方式提升服務便利性。目前各縣市及署屬機關合作機構至少2處，六都警察機關更達6處以上。今年度員警輕生案發生原因中，非因公涉訟案就有3起佔一半，對此警政署則提供單位特約法律諮詢協助釐清權益，另一方面同步啟動心理輔導與關懷追蹤，避免同仁因訴訟程序漫長與龐大精神壓力而走上絕路。為預防急性心理危機引發悲劇，警政署賦予各級主官更高敏感度，當發現同仁出現情緒嚴重不穩定或高風險涉訟時，可依規定提出免配槍評估；員警若自覺近期身心狀況不適，亦可自主申請暫時不配槍，給予自己心理緩衝與修復的時間。自由電子報關心您︰自殺不能解決問題，勇敢求救並非弱者，社會處處有溫暖，一定能度過難關。安心專線：1925 生命線協談專線：1995。張老師專線：1980相關新聞警界心靈補破網2-2》職場「陽剛文化」難改善 基層警揭防制機制三大漏洞警政署今年將心理輔導專款預算提高至500萬元，全台委外諮商機構翻倍擴增至182處。（記者鄭景議翻攝）    ,https://news.ltn.com.tw/news/society/breakingnews/5579030
駕駛分心？ 國1彰化段通勤尖峰3車追撞,社會,2026/09/19 11:21,追撞車輛車身嚴重受損。（警方提供）國道1號彰化路段昨天（18日）晚間下班尖峰時段發生一起3車連環追撞事故！一名女子開車行經南向197公里彰化路段輔助車道時，突然追撞前方1輛汽車，巨大撞擊力導致該輛車再推撞前方車輛，3輛車連環追撞，車身受損，現場一度引發虛驚，所幸整起事故未造成人員傷亡，事故發生原因與肇責由國道警方釐清。國道三隊指出，這起事故發生於昨天晚間6點多，警方接獲報案後立即派員趕赴現場處理。經現場檢測，3名駕駛人的酒測值均為0，排除酒駕可能性，至於是肇事駕駛未注意前面路況或分心駕駛，由警方釐清中。請繼續往下閱讀...國道三隊呼籲，下班尖峰時段車流量大，用路人開車上路務必與前車保持適當的安全距離，並隨時提高警覺注意車前狀態。駕駛時切勿分心操作手機、隨意拉扯物品或疲勞駕駛，以確保自己與其他用路人的生命財產安全。國1彰化段昨晚下班尖峰3車追撞，幸無人受傷。（警方提供）    ,https://news.ltn.com.tw/news/society/breakingnews/5579039
合議庭獨決掀爭2-2》張俊傑交保讓北檢「無從抗告」 大法官當年早有歧見,社會,2026/09/19 11:16,大法官2008年作成釋字第639號，認定受命法官可依合議庭授權，一人作成羈押處分；不服者雖僅能向原法院聲請撤銷、不得向上級法院抗告，仍屬合憲。（資料照）高金素梅「大帳房」張俊傑由受命法官一人諭知1000萬元交保後潛逃，台北地檢署曾聲請撤銷遭台北地方法院另組合議庭駁回後，無從再向高等法院抗告。本報檢視釋字第639號發現，同為羈押、交保決定，由受命法官單獨作成，不服者只能向同一法院聲請救濟；由3名法官合議庭作成，卻可向上級法院抗告。多數大法官雖認定制度合憲，但解釋作成時，內部即出現歧見。依刑事訴訟法規定，若由合議庭對羈押或交保作成「裁定」，檢方不服，原則上可循抗告程序交由上級法院審查；若由受命法官一人作成，法律上則屬「處分」，不服者須先向受命法官所屬法院聲請撤銷或變更。法院就此作成裁定後，原則上不得再向上級法院抗告。請繼續往下閱讀...張俊傑案即循後一程序處理。受命法官6月決定張以1000萬元交保，並施以限制出境、出海、科技監控及定期報到；北檢認為張具有高度逃亡及勾串可能，向北院聲請撤銷原處分，經另組合議庭審查後駁回。至此，檢方已無法再將張是否應繼續羈押的爭議，交由高等法院審查。本報調查，這項因決定方式不同而產生的救濟差異，過去即曾進入大法官審查。大法官2008年作成釋字第639號，認為受命法官在準備程序中依合議庭授權行使審判權，可以一人作成羈押處分；不服者雖僅能向所屬法院聲請撤銷或變更，無法向上級法院抗告，但考量訴訟迅速、訴訟經濟及審級制度等因素，仍未違反憲法保障訴訟權意旨。不過，林子儀大法官當時提出部分不同意見，指出兩種決定雖然名稱不同，實質上都是法院決定被告是否羈押，後續能否向上級法院抗告，卻取決於「由誰作成」。受命法官一人作成的「處分」，只能由同一法院另組法官審查；合議庭作成的「裁定」，則可向上級法院抗告。林子儀認為，羈押決定究竟由受命法官或合議庭作成，屬法院內部分工，當事人無從選擇，卻會直接影響能否向上級法院尋求救濟；若僅因作成決定的法官人數不同，便使同一羈押爭議受到不同審級保障，恐不符合平等原則及憲法對人身自由的保障。相關新聞請見：合議庭獨決掀爭2-1》柯文哲交保有三法官評議 高金「大帳房」僅1人拍板    ,https://news.ltn.com.tw/news/society/breakingnews/5578936
新北石門山區藏大麻園 曾姓父子與外籍移工被起訴,社會,2026/09/19 11:01,父子檔假裝經營農場真種大麻，北市警破獲毒品栽培場。（記者劉慶侯翻攝）45歲曾姓男子和28歲的兒子，兩人一起在新北市以經營園場作掩護，實則種植大麻，還僱請外籍勞工協助。台北市警北投分局經蒐證，逮獲曾嫌等共5人，訊後依法移送地偵辦，並由檢察官提起公訴。警方表示，北投分局掌握曾姓父子涉嫌於新北市石門山區一帶以經營農場作為掩護，聘用外籍移工協助栽種大麻。經長期蒐證掌握相關犯罪事證後，與信義分局、萬華分局及新北市政府警察局金山分局共同組成專案小組，針對涉案人員及相關處所展開查緝。請繼續往下閱讀...專案小組分別於新北市蘆洲區、八里區及石門區同步執行搜索，當場查獲大麻種植場及相關毒品、栽種設備，並將曾姓主嫌等5名涉案人員拘提到案。經檢察官訊問後，認曾姓父子及2名外籍移工涉案情節重大，向法院聲請羈押獲准，全案5嫌業經臺灣臺北地方檢察署偵結起訴，後續將由臺灣臺北地方法院審理。警方表示栽種、製造、運輸及販賣大麻均屬重大毒品犯罪，防堵毒品危害社會，同時呼籲，民眾若發現住家或社區周遭有可疑製毒、種毒跡象，或有異常人員進出、特殊氣味及可疑設備等情形，請踴躍向警方檢舉，共同打擊毒品犯罪，守護社區安全及無毒家園。☆少一份毒品就多一份健康，自由時報提醒您遠離毒品☆    ,https://news.ltn.com.tw/news/society/breakingnews/5579023
台中毒酒駕雙飆「狂掃28車」 賓士車飄移暴撞釀4傷,社會,2026/09/19 10:58,賓士車衝撞路旁28輛汽機車。（民眾提供）台中市北區今（19）日清晨驚傳連環車禍，32歲余姓男子駕駛賓士車行經路口突然失控，猶如「保齡球」一路掃倒路旁28輛汽機車，造成4人受傷，所幸經送醫無大礙，警方酒測發現余男嚴重超標，毒品快篩也呈陽性，身上還搜出毒咖啡包，目前依公共危險及毒品罪偵辦中。經查，余男清晨6時29分駕車由錦中街沿崇德路往健行路方向行駛，經過崇德路一段與美德街口時，車輛突然左右大幅度飄移，接著像失控的「保齡球」一路往路旁猛衝，連續撞擊停放路邊汽、機車，瞬間傳出一連串猛烈撞擊聲，連同余男及車內共3人，另一名行人路過遭波及，所幸均輕傷無大礙。請繼續往下閱讀...現場畫面可見，黑色賓士撞擊後停在路旁，多輛機車遭撞得東倒西歪，一片狼藉，原本整齊停放的機車瞬間變成「骨牌區」，讓清晨經過的民眾看傻眼。這場突如其來的「車輛掃街」也讓車主欲哭無淚，一名舞蹈老師下樓查看，發現愛車慘遭撞擊，機車龍頭及車殼嚴重毀損，當場傻眼表示，住處隔音較好，事發當下竟完全沒聽到外頭巨大撞擊聲，直到朋友傳訊息通知，才知道愛車已經「中獎」，偏偏她當天還得趕回苗栗教舞，只能急忙打電話找代課老師，同時處理後續車損。警方獲報到場後對余男進行呼氣酒精測試，酒測值竟達0.92毫克，隨後進行唾液毒品快篩也呈陽性，警方依法逮捕並實施附帶搜索，在余男身上查獲毒品咖啡包，警詢後將依公共危險及毒品罪嫌移送中地檢署偵辦。☆飲酒過量  有害健康  禁止酒駕☆☆少一份毒品就多一份健康，自由時報提醒您遠離毒品☆現場零件散落，一片狼藉。（民眾提供）大樓管委會貼告示通知被害車主聯絡派出所。（民眾提供）    ,https://news.ltn.com.tw/news/society/breakingnews/5579031
妻存款遭郵局指短交2160元要求補錢  丈夫報警討公道,社會,2026/09/19 10:55,妻存款遭郵局指短交2160元，丈夫報警討公道。（民眾提供）高市旗津郵局傳存款糾紛，女子到該郵局存入現金1萬9304元後，已離開郵局多時，突接獲郵局通知短少2160元，郵局認為是女子漏掉，要求隔天（18 日）再返回郵局補正。郵局此舉惹怒女子的丈夫，報警釐清真相，要求還妻子公道，女子丈夫PO文表示，17日和妻子去旗津郵局存1萬9304元，昨午郵局行員宣稱他們算錯，妻子存入的金額只有17144元，不足2160元，但夫妻早離開臨櫃多時才要追討，態度也不佳。請繼續往下閱讀...妻子雖然大氣溫柔表示，沒關係當她算錯補正，但丈夫毅然決然地報警；警方到場調閱郵局內部監視畫面，初步檢視存款的女子沒有異狀，應無短交情事，據警方詢問郵局坦言，直到郵局下午5點左右盤點，發現短少2160元。郵局行員向警方表示，若釐清是郵局的疏失，願向客戶致歉。    ,https://news.ltn.com.tw/news/society/breakingnews/5579033
合議庭獨決掀爭2-1》柯文哲交保有三法官評議 高金「大帳房」僅1人拍板,社會,2026/09/19 10:53,歌手Matzka的岳父、無黨籍立委高金素梅的助理張俊傑。（資料照）同樣由3名法官組成合議庭審理，被告能否交保，法律卻未明定應由受命法官一人決定，或交由3名法官共同評議。柯文哲涉京華城案由合議庭裁定7000萬元交保，高金素梅「大帳房」張俊傑卻僅受命法官一人諭知1000萬元交保；張如今棄保逃亡，也使重罪及高逃亡風險案件是否應建立合議標準，再掀法界爭論。檢方移審時極力主張，張俊傑面臨16年以上求刑，具相當海外資力，長女長居中國，過去更曾透過親友自香港匯回逾億元；加上檢方已將偵查卷證完整整理後移送法院，某種程度上近乎「明示」張另涉國安法。法院則認搭配扣押財產、限制出境出海、科技監控及定期報到等措施，足以降低逃亡風險。請繼續往下閱讀...依刑事訴訟法第279條，合議審判案件進行準備程序時，得指定庭員一人擔任受命法官，受命法官於準備程序中，與法院或審判長具有相同權限。由於刑訴法有關羈押的規定使用「法官」而非「法院」，司法實務認為，被告是否羈押或具保停止羈押，可由受命法官一人決定，也可交由合議庭3名法官共同評議。受命法官一人有權決定 大法官認定合憲大法官2008年作成釋字第639號，也已肯認受命法官可於準備程序中一人作成羈押處分，並未牴觸憲法對人身自由及訴訟權的保障。意即，張俊傑由受命法官一人決定交保，在現行法律及大法官解釋下，並無程序違法問題。不過，本報比對過往重大案件發現，也不乏由3名法官共同評議羈押、交保的案例。高等法院過去審理廖國棟、陳超明等立委集體收賄案抗告時即指出，羈押可由受命法官一人決定，也可由合議庭共同評議；合議庭若考量案件重大、為求慎重，而由3名法官共同決定，亦無不可。柯文哲京華城案即採後一模式。案件移審後數度涉及羈押、交保，均由合議庭評議後作成裁定；去年9月北院裁定柯文哲7000萬元交保，也由3名法官共同評議。相較之下，張俊傑的1000萬元交保，僅受命法官林承歆一人作成處分。本報比對兩案及現行規定發現，同由合議庭承審的重大刑案，被告是否繼續羈押，有時是受命法官一人決定，有時交由3名法官共同評議；刑訴法目前並未依罪刑輕重、逃亡風險或案件重大程度，明定何種情形須由合議庭決定。張俊傑逃亡後，當初准予交保的法官林承歆也遭外界質疑。不過，多名檢察官替林緩頰，指其平日辦案認真、負責，並非草率決定交保；據了解，電子手環出現異常後，林為方便警方辨識張俊傑，也在深夜親赴最後定位處協尋。刑訴未設合議門檻 法界掀兩派意見主張維持現行制度的法界人士則認為，兩案案情、證據及逃亡風險均不相同，不能因張俊傑最後逃亡，便倒推當初一定要羈押，或認定受命法官一人決定有所不妥；羈押涉及人身自由，仍應由法官依個案事證判斷，若僅因被告涉犯重罪，便一律要求交由合議庭決定，也可能使合議流於形式，未必能避免判斷失準。另有法界人士認為，合議並不代表一定羈押，而是讓3名法官共同檢驗逃亡風險，以及交保、科技監控等替代處分是否足夠；尤其被告面臨重刑，又有海外資力、境外親屬或其他具體逃亡事證時，若仍由受命法官一人決定，承擔的判斷風險相對較高。對於此類案件，是否應建立更明確的合議標準，至少交由合議庭共同評議，已有進一步討論必要。相關新聞請見：合議庭獨決掀爭2-2》張俊傑交保讓北檢「無從抗告」 大法官當年早有歧見    ,https://news.ltn.com.tw/news/society/breakingnews/5578935
高雄老翁逆向騎車遭攔查  竟是潛逃19年通緝犯,社會,2026/09/19 10:50,員警攔查交通違規騎士，他竟是逃了19年的通緝犯。（民眾提供）高雄市小港警分局員警15日攔查一名交通違規機車，員警看64歲蘇姓騎士年事稍長，向其宣導交通法規，蘇男雖看似平靜，但眼神閃爍，員警進一步查察，發現他竟是逃了19年的通緝犯，當場逮捕解送歸案。高松派出所警員張安成15日9時許巡邏時，發現一名男子騎乘機車逆向行駛於人行道上，當即上前攔停處置，依執行交通違規舉發，張員見該名蘇男年事稍長，耐心向其宣導交通法規。請繼續往下閱讀...盤查過程中，蘇男神情看似平靜，惟眼神閃爍，員警直覺有異，立即運用警政知識聯網系統嚴謹比對人別資料，發現蘇男2007年間因涉毒品案件，遭高雄地檢署發布通緝在案。逃亡躲藏長達19年之久，蘇男因違規行駛現形，警方當場告知相關權利後依法執行逮捕，訊後依規定解送高雄地檢署偵辦歸案。    ,https://news.ltn.com.tw/news/society/breakingnews/5579017
詐團黑吃黑太瞎！女車手報假案自投羅網 3嫌全數收押,社會,2026/09/19 10:47,洪男自稱警察詐騙許女騙來的一百萬元。（警方提供）宜蘭爆發超瞎「詐團黑吃黑」案！42歲許姓女車手剛騙得百萬，轉頭竟遭同業截胡。最諷刺的是，犯法的詐團求助無門，竟異想天開逼她向警方報假案「被搶」。警方一眼識破許女自導自演，依現行犯逮捕，並跨縣追捕2名男嫌，如今3人全數遭法院裁定收押。回顧荒謬案情，許女16日在宜蘭市騙得一百萬元，依指示赴火車站交款。沒想到22歲洪男早有預謀，假冒收水手並自稱是警察輕鬆截胡。許女乖乖奉上現金，洪男得手後立刻駕車逃逸。上游遲遲未收到錢，驚覺鉅款竟遭另組同業黑吃黑，當場氣得跳腳。請繼續往下閱讀...詐團不甘百萬飛了，竟要脅許女報警謊稱「被搶」，否則視同私吞。許女冒著極大風險向警察求助，經宜蘭警分局調閱監視器，發現許女是主動交出款項，當場戳破謊言。幹員趁她作完筆錄欲離去時，依準現行犯將她逮捕，檢方於17日聲押獲准。警方隨後鎖定捲款逃亡的洪男，短短3小時內，在彰化攔截洪男與同車遭通緝的28歲徐姓男子，警方查扣剩餘的28萬多元贓款及毒品，將2人上銬帶回。檢警深入追查發現，洪男能精準掌握交款時地，懷疑詐團內部根本有「內鬼」洩密給同業。經宜蘭地檢署複訊，18日針對洪、徐2男向法院聲請羈押獲准，全案3人目前全數收押。至於遭許女詐騙的真正被害人已找到，據了解是誤信假投資繳款，警方成功協助找回28萬多元，其餘款項則遭犯嫌上繳回詐團。☆自由時報電子報提醒您，防詐騙專線︰165，報案專線︰110☆宜蘭警方追到彰化逮捕犯嫌。（警方提供）    ,https://news.ltn.com.tw/news/society/breakingnews/5579012
躲12天補充兵被判4月！ 苗栗男上訴辯「通知單作廢」遭打臉,社會,2026/09/19 10:43,苗栗男躲12天補充兵，稱「通知單作廢」。（資料照）苗栗縣一名男子接獲12天的補充兵徵集令後，無故未按期前往台中成功嶺報到入營，逾期超過5天遭函送法辦，經簡易判決被判處有期徒刑4月。該男子不服提上訴，辯稱因脊椎問題改服12天兵役，當時兵役科曾告知「徵集令先作廢」才會未報到；苗栗地方法院二審審理後，查出徵集令自始至終均為12天且未曾作廢，認定馬男說詞不可採，判決上訴駁回，男子目前上訴至最高院。判決書指出，苗栗縣政府核發114年第423梯次補充兵徵集令，通知男子於去年1月6日上午至苗栗火車站集合入營服役12天，徵集令由其祖母代簽轉知，公所人員也兩度致電男子女友轉達，但男子仍無故未報到且逾期5日以上。請繼續往下閱讀...男子上訴主張，他因脊椎壓迫神經原應服4個月兵役改為12天，兵役科人員曾告知1月6日的徵集單作廢、會另行通知，才未前往報到。但合議庭函詢苗栗縣政府發現，男子早在2023年9月就被核定為「替代役體位」，依法服12天補充兵，公所核發的徵集令內容非常明確，從無變更或作廢紀錄。    ,https://news.ltn.com.tw/news/society/breakingnews/5579006
高雄仁武轎車自撞起火  駕駛逃逸清晨落網,社會,2026/09/19 10:25,汽車自撞起火燃燒，駕駛逃逸，警方封鎖現場。（民眾提供）高雄市仁武區昨（18）日深夜11時許發生汽車自撞分隔島車禍，駕駛肇事逃逸，該部車輛冒煙起火。警方今（19）日清晨將38歲賴姓駕駛查緝到案，他酒測值0，唾液毒品快篩呈陰性，車上沒有違禁品，不過警方訪查過程中，得知他肇事後曾到超商委請店員幫叫計程車，當時他身上疑似散發酒氣，警方正深入追查肇事原因。賴男昨深夜駕駛轎車沿仁武區澄觀路二段往大社方向行駛，於澄觀路二段與水管路口附近自撞分隔島及標誌桿2支。賴男肇事逃逸徒步離開現場，隨後車輛引擎處冒煙起火。員警現場實施交通疏導，消防人員撲滅火勢，未有人員受困受傷。請繼續往下閱讀...仁武警分局以車追人，清晨5時查獲賴姓男子到案，他自稱駕車外出前往友人家，途中不慎自撞驚嚇到才會肇事逃逸。賴男有酒駕前科，且根據民眾指訴，警方不排除賴男酒駕後心虛逃逸，將請示檢察官後續依公共危險罪嫌送辦。    ,https://news.ltn.com.tw/news/society/breakingnews/5579003
沒錢入監搶嬸婆！孽孫暗巷搶走1.3萬元  落網只剩100,社會,2026/09/19 10:22,"李姓男子（坐著）入監前夕，因缺錢花用，搶奪開早餐店的嬸婆，得手1.3萬元現金，落網時只剩100元。警詢後，將他依搶奪罪嫌送辦。（金山警方提供）新北市萬里區35歲李姓男子因犯毒品案，即將入監服刑，向親索討生活費遭拒，竟預謀搶奪68歲嬸婆隨身包，得手台幣1萬3000元現金後逃逸。警方獲報循線逮到他時，李嫌搶得的財物幾乎花用殆盡，只剩100元。警詢後，將李男依搶奪罪嫌送辦。警方調查，許姓婦人是在萬里區經營早餐店，17日清晨4時30分許，她從住處外出後獨自前往早餐店，途經馬鋉路一處暗巷時，遭人搶奪走身上內有1.3萬元現金的隨身包。萬里分駐所獲報與偵查隊組成專案小組追緝搶嫌，經調閱許婦遭搶巷弄周邊監視器，查出搶嫌竟是與許婦住同一棟樓的李姓姪孫（35歲，有毒品前科）。請繼續往下閱讀...經專案小組擴大調閱監視器發現，李男犯案後，搭乘計程車逃逸前往基隆後行蹤成謎，調派一組人前往基隆調閱監視器追捕，另一組人在李嫌住處埋伏，確定李嫌返回家後前往逮人，昨天下午4時許，辦案成員見李男搭計程車返家後，持拘票前往逮人，在他身上只扣得100元現金。警方逮到李男後，李供稱，他因犯毒品案即將入監服刑，向親友索討生活費無果，才搶嬸婆；得手的1萬3000元，1萬給妻子，2000坐計程車，身上只剩100元。警詢後，將李嫌依搶奪罪移送基隆地檢署偵辦。偵查隊長張謝佛強調，警方對各類暴力犯罪秉持「零容忍」態度，遇案必定迅速偵辦、積極查緝，絕不容許不法分子挑戰公權力，將持續強化轄區治安維護與犯罪偵防，全力保障民眾生命與財產安全。☆少一份毒品就多一份健康，自由時報提醒您遠離毒品☆    ",https://news.ltn.com.tw/news/society/breakingnews/5578998
偷扁柏還自拍！山老鼠翻車狡辯 M型禿+刺青成鐵證,社會,2026/09/19 10:21,越籍逃逸移工盜伐，下山翻車在無尾巷內，自拍現場影像還否認影中人是自己，但M型禿、手臂刺青完全一樣，被南投地院判刑。（記者陳鳳麗攝）越南籍逃逸移工當山老鼠，進入惠蓀林場的林班地盜伐台灣扁柏，下山後被警方攔查不停，開至無尾巷翻車，2人逃逸，其中申姓移工被逮到，手機內有他盜伐影片和自拍照，影中人M型禿、手臂刺青與本人相同，罪證確鑿，南投地院以竊取森林主產物貴重木罪，處有期徒刑1年3月，併科罰金110萬元。申姓越南籍逃逸移工及不詳男子，前年9月22日進入埔里鎮凌霄殿後方山區，為國立中興大學實驗林管理處惠蓀林場所管理的林班地盜伐台灣扁柏，隔日凌晨1點多，他和另1名越籍逃逸移工開車載著盜伐木塊、工具等物下山，被保七總隊第六大隊員警發現攔查。請繼續往下閱讀...申男將車子加速開走，被警車追趕下，逃至無尾巷翻車，2人棄車逃逸，其中申男被追到，其車上有台灣扁柏6大塊，還有盜伐工具、手機、便利商店發票，而手機內就有盜伐影片和照片，他辯稱手機遺失2年才找回來，裡面的影像不是他拍的，影中人也不是他，惟影像會說話，裡面的自拍照有M型禿、左手臂有刺青，就跟他本人特徵一模一樣。南投地院法官近日審結該案，將他依竊取森林主產物貴重木罪，處有期徒刑1年3月，以盜伐的貴重木價格計算，併科罰金110萬元，若易服勞役折算1年。    ,https://news.ltn.com.tw/news/society/breakingnews/5578994
中壢雷霆除暴專案結合市府7局處聯合稽查 本週查獲101件88人,社會,2026/09/19 10:15,中壢分局雷霆除暴專案，以年輕人容易聚集的KTV等場所為主。（警方提供）桃園市政府警察局中壢分局本週執行「雷霆除暴」專案，查獲各類刑案101件88人，其中，興國派出所巡邏警網接獲轄內音樂坊發生消費糾紛，立即趕赴現場並循線追查，不到1小時即查獲涉案63歲楊姓男子，於其車內起獲改造手槍1把、子彈51顆等證物，全案依違反槍砲彈藥刀械管制條例等罪嫌移送偵辦。中壢分局為持續淨化轄區治安、防制兒童及少年涉足不當場所，昨晚執行「保護兒童及少年措施擴大臨檢」勤務，昨晚除動員79名警力，並結合市府教育局、社會局、經濟發展局、都市發展局、勞動局、衛生局及環保局等單位12名人員，針對轄內KTV、網咖、撞球場等12處治安顧慮場所加強查察，並於場所周邊實施小區域巡邏，防制青少年涉足不當場所、吸食毒品、從事色情交易、賭博性電玩及聚眾滋事等不法行為。請繼續往下閱讀...分局長林鼎泰指出，本次勤務特別結合市府相關局處共同執行，透過跨機關合作強化兒少保護網；警方也將持續要求業者落實身分查驗及場所管理責任，避免青少年涉足不當場所或接觸毒品及其他不法活動。    ,https://news.ltn.com.tw/news/society/breakingnews/5578992
火辣美女誘惑「凍抹條」！ 男陷援交詐騙險噴1.8萬警急喊卡,社會,2026/09/19 10:08,男子手機出現身材火辣僅穿內衣的美女圖，雙方談好援交價碼，險遭詐1萬8千元。（警方提供）網路交友陷阱多，一不留神辛苦錢恐化為烏有！彰化市一名54歲男子在臉書瀏覽到一張身材火辣、顏值極高的內衣美女照片，頓時「凍抹條」與對方加LINE好友，對方稱有兼職援交，但見面前要求男子前往超商購買1萬8千元的 App Store 實體點數，店員驚覺有異向警方通報，果斷通報警方到場，及時拆穿詐騙集團的把戲。彰化警分局今天（19日）指出，警員林昌達、黃毅誠日前巡邏接獲通報後火速趕抵超商，該名男子向員警表示，他與女方加好友後相談甚歡，對方隨即透露自己有「兼職援交」，並詢問是否有意願，由於對方照片身材火辣，心動之下答應見面，但對方稱見面前必須先確認身分，要求前往超商購買價值1萬8千元的 App Store 實體點數，並將序號翻拍回傳作為保證金。請繼續往下閱讀...然而，男子因在購買高額點數時眼神飄忽、神情極度緊張，且不斷低頭操作手機，異常舉止瞬間引起超商店員的警覺向警方通報。員警耐心地為男子解析常見的網路援交詐騙手法，強調正常交易絕不可能要求「購買點數」或「回傳序號」。在警方與店員的苦口婆心勸說下，男子始恍然大悟，驚覺自己差點成了詐騙集團眼中的肥羊，連忙停手，成功保住1萬8千元的辛苦積蓄。☆自由時報電子報提醒您，防詐騙專線︰165，報案專線︰110☆    ,https://news.ltn.com.tw/news/society/breakingnews/5578963
人夫偷吃2女被抓包  鬼扯：老婆叫我去追的,社會,2026/09/19 10:07,人夫偷吃2女被抓包賠25萬元，上訴鬼扯：老婆叫我去追的。示意圖（資料照）已婚15年的李姓男子偷吃前同事並與另名女子交往，被老婆提告侵害配偶權判賠25萬元，李男不服上訴，辯稱妻子曾傳訊「退回朋友、你去追喜歡的女生」，主張妻子已放棄配偶權，但二審法官認定屬夫妻爭吵言論，駁回上訴。判決指出，許姓女子與李姓男子於2011年結婚，許女控訴，李男自2012年起與前同事鄭女過從甚密，兩人不僅共享雲端空間與行事曆，還同遊台南、高雄與台北，甚至在2024年初同遊日本京都、大阪並拍下牽手及緊密貼合的放閃合照。此外，李男還在2016年與王姓女子交往、同宿，許女因而怒告侵害配偶權並索賠。請繼續往下閱讀...一審判處李男與鄭女連帶賠償15萬元，李男另因與王女交往須單獨賠償10萬元。李男不服提起上訴，辯稱與鄭女僅為巧遇及正常社交，並指稱許女曾在2019年爭吵時傳訊「我們和平分手離婚吧」、「我們先從夫妻退回朋友關係」、「你可以去認識追求你喜歡的女生」，主張許女早已拋棄配偶權。高雄高分院審理後認為，李男與鄭女共享行事曆與雲端長達數年，且日本牽手合照親密，確實已逾越正常社交分際。針對李男拿出的對話紀錄，法官指出，許女當時因婚姻受創、承受極大壓力，考量未成年子女才在情緒失控下發出宣洩言論，屬夫妻常見爭執，不能據此認定雙方達成離婚協議或拋棄配偶權，因此認定原判決無誤，駁回李男上訴，全案定讞。    ,https://news.ltn.com.tw/news/society/breakingnews/5578984
苗栗頭份工廠外空地施工火星引燃塑膠 黑煙竄天,社會,2026/09/19 09:54,苗栗頭份工廠外空地施工火星引燃塑膠，黑煙竄天。（民眾提供）苗栗縣頭份市中華路一處工廠外空地，昨（18）日傳出火警事故，廠方在進行清理與移廠施工作業時，疑因施工產生的火星不慎引燃戶外堆置的廢塑膠片，導致現場冒出大量濃烈黑煙直衝雲霄，引發周邊居民驚慌。苗栗縣消防局頭份分隊獲報火速趕抵，部署水線射水灌救，所幸現場無人員受困傷亡，亦未蔓延至鄰近住宅。消防人員指出，救災指揮中心接獲民眾報案指稱中華路路段出現大量黑煙，頭份分隊抵達現場後，發現火點部位於廠房外的空地，為移廠作業清理出來的塑膠片遭火星引燃起火。由於塑膠燃燒產生大量濃黑煙，遠處即可目擊，一度引起過往民眾與附近居民恐慌。請繼續往下閱讀...消防隊員抵達後立即拉設水線進行射水滅火與降溫，並控制火勢，隨後進行殘火處理與現場安全巡查。經清查，廠方人員皆已於第一時間疏散至外圍，現場確認無人員受困或受傷。頭份消防分隊提醒，民眾或業者進行切割、焊接等易產生火花的施工時，務必事先清除周邊可燃物並做好防火措施；施工完成後也應確實檢查現場，避免因一時疏忽讓火星釀成火災事故。苗栗頭份工廠外空地施工火星引燃塑膠，黑煙竄天。（民眾提供）    ,https://news.ltn.com.tw/news/society/breakingnews/5578957
76歲獨居阿嬤陷困境 高雄女警暖心伸援手,社會,2026/09/19 09:41,76歲獨居阿嬤陷困境，高雄女警暖心伸援手。（警方提供）高雄一名76歲阿嬤生活陷困境，記憶退化，她走進婦幼警察隊值班台向女警求助，警方除告訴阿嬤長照服務、弱勢經濟扶助，以及心理諮商等社福資源外，並主動記錄狀況，努力想方設法減輕其生活與照護重擔，必要時轉介相關單位。婦幼隊今（19）日表示，前午有一名阿嬤神情落寞地走進婦幼警察隊值班台，欲諮詢法律及生活求助問題，現場值班女警見阿嬤步履蹣跚、神情焦慮且言語間充滿不安，立即引導入座並遞上溫開水及月餅安撫情緒。請繼續往下閱讀...女警溫柔引導與耐心傾聽下，阿嬤卸下防備，忍不住當場潸然淚下，向員警道謝說「好久沒有人願意這樣好好聽我說話了」。警方表示，76歲的阿嬤一生未婚、膝下無子，大半輩子靠著辛勤打零工及撿拾資源回收勉強餬口，近年來因生活壓力龐大，身心不堪負荷而罹患精神疾患，記憶力也逐漸退化，頻繁發生物品遺失的狀況。阿嬤總自覺遭人輕視，過去數度前往相關單位尋求協助，卻往往因思緒混亂、表達不清而無法有效傳達訴求，女警深感不捨，不僅全程陪伴細心梳理其法律盲點，更暖心緊握阿嬤雙手給予心理支持。警方向阿嬤說明現有的長照服務、弱勢經濟扶助及心理諮商等社福資源外，並主動記錄狀況，努力想方設法減輕其生活與照護重擔。婦幼警察隊隊長王碧玉表示，社會角落常有弱勢長者因資訊不足，或表達能力受限而陷入孤立無援的處境。警方不僅致力於打擊犯罪，更秉持「同理、關懷、傾聽」的理念守護脆弱群體，民眾若在生活中遭遇困難或面臨危機，請切勿輕易放棄希望，警察隨時都在。    ,https://news.ltn.com.tw/news/society/breakingnews/5578962
男子開車飆103公里挨罰1.2萬 辯稱「誤側鄰車」,社會,2026/09/19 09:39,男子開車飆103公里挨罰1.2萬，稱「鄰車太快」。（資料照）苗栗縣卓蘭鎮140線速限60公里，鄭姓男子去年3月駕車行經該路段時，遭雷達測速照相測得時速高達103公里，嚴重超速43公里，遭裁罰1萬2000元、吊扣車牌6個月並須參加道安講習。鄭男不服提出撤銷原處分，辯稱當時有其他車輛超越他，是測速器誤測「算到鄰車」，但法官函詢儀器廠商，確認該輛「鄰車」並未在雷達偵測範圍內，認定開罰無誤，判決鄭男敗訴。判決指出，鄭男於去年3月間下午時分行經苗140線道西向30.4公里處，遭警方依合格雷達測速儀拍照舉發超速。鄭男出庭主張自己未超速，指照片中有另一輛車自左後方快速超越並駛入原車道，雷達測速器缺乏精準鎖定功能，產生混淆。請繼續往下閱讀...法院特別函詢雷達測速儀製造廠商，廠商回函指出，設備架設於道路右側，雷達波以20度入射角發射，照片中較遠位置的車輛根本不在雷達波偵測範圍內，完全不影響設備對較近車輛（鄭男座車）的速度測量。法官認定測速儀器合規且警示標誌設置合法，鄭男超速事實明確，判決駁回其訴訟。    ,https://news.ltn.com.tw/news/society/breakingnews/5578941
「妳是我生的為什麼不能用！」1少女遭狼父洗腦  襲胸誤認「親子正常互動」,社會,2026/09/19 09:31,高雄狼父長期對女兒伸狼爪遭重判。示意圖（資料照）男子大壯（化名）對親生女兒伸出狼爪，甚至狂言「妳是我生的，身體都可以碰」，少女隱忍不敢聲張，直到社工介入，加上少女的閨蜜目睹犯案過程提供關鍵鐵證，法官依加重強制猥褻罪判大壯徒刑4年2月。判決指出，大壯與前妻離婚後，與當時年僅12歲親生女兒同住在高雄市大寮區。大壯從2023年9月起，不顧女兒出言拒絕與推開抗拒，以每週約2次的頻率，在住處強行撫摸女兒胸部。請繼續往下閱讀...大壯還向女兒灌輸「妳是我生的，所以妳身體我都可以碰」、「妳是我創造的，為什麼不能用」等荒謬觀念，導致年幼的女兒一度以為是正常父女互動，直到學校上性教育課才驚覺遭侵犯，但大壯平日動輒揮巴掌體罰，女兒在恐懼與生活依附的雙重壓力下，只能選擇隱忍。2024年5月，大壯因手機與功課問題與女兒爆發嚴重衝突，大壯隨後向社工請求「安置女兒」。社工到場後，發現女兒情緒極度崩潰、哭泣發抖，經開導、安撫後，女兒才揭發父親的長期獸行。高雄地方法院審理時，大壯否認犯行，辯稱自己有固定交往的異性伴侶，不可能對女兒亂來，甚至指控是女兒因手機被摔壞而「挾怨報復」。但法官傳喚女兒的國中同學出庭，閨蜜證實，曾於2023年9月離家出走借住大壯家，親眼目擊大壯在房間內抓撫女兒的胸部逾10次，女兒當時滿臉驚嚇並當場拒絕。法官審酌，大壯身為人父，竟為逞私慾罔顧人倫，甚至以「正常父女互動」混淆幼女認知，犯後毫無悔意，嚴重戕害被害人身心發展，依對未滿14歲之女子犯強制猥褻罪重判徒刑4年2月，可上訴。    ,https://news.ltn.com.tw/news/society/breakingnews/5578951
六合夜市兩女當街爭吵影片瘋傳  警：最高可罰1.8萬,社會,2026/09/19 09:16,六合夜市2女當街爭吵影片瘋傳。（取自社會事新聞影音）網路瘋傳六合夜市疑有商家與顧客糾紛，2名女子爭吵，外籍人士似乎勸架，其中一名女子不慎跌倒，新興分局表示，目前2女並未向警方報案。高市警方表示，並無接獲相關報案，不過，檢視影片內2名女子行為已涉違反社會秩序維護法第87條，互相鬥毆違序行為，可處1萬8000元以下罰鍰。請繼續往下閱讀...​新興分局呼籲，民眾遇有消費爭議或糾紛，應保持理性溝通，透過合法途徑或消費爭議申訴管道解決，切勿一時衝動採取暴力或違法行為；警方對於任何破壞社會秩序或違法行為，均將依法究辦，決不寬貸。    ,https://news.ltn.com.tw/news/society/breakingnews/5578945
全是詐騙關鍵字！台中男背「應答話術」要約轉 銀行員一聽秒通報,社會,2026/09/19 09:13,警方趕往銀行勸說，男子才打消設定約定轉帳念頭。（民眾提供）找家庭代工附贈「應答劇本」！台中張姓男子近在社群平台看到家庭代工資訊，依對方指示到銀行設定約定轉帳，還被教導如何向行員謊稱「平常有投資虛擬貨幣」，企圖掩飾真正目的，所幸行員一聽關鍵字秒懂機警通報警方，及時拆穿詐團技倆，保住張男積蓄。台中市第一分局西區派出所前天下午接獲轄內銀行通報，有民眾疑似遭遇詐騙，行員說，張姓男子（30歲）當時準備辦理約定轉帳詢問用途時，他回答要投資虛擬貨幣，立即引起警覺。請繼續往下閱讀...員警李建安、鄭仁銘到場了解後，張男才透露，日前在社群平台看到「家庭代工」工作資訊，加入對方LINE聯絡，對方卻要求他先到銀行設定約定轉帳帳戶，甚至貼心到連「銀行面試題庫」都準備好，交代如果行員詢問，就說自己平常有購買虛擬貨幣，當作個人興趣。警方聽完直覺不對，當場提醒張男：「正常的公司，不會要求你用其他理由欺騙銀行行員！」張男這才恍然大悟，驚覺自己差點落入詐騙集團設下的陷阱，當場打消設定約定轉帳念頭。第一分局指出，近年詐騙集團常以「家庭代工、網路兼職、投資虛擬貨幣」等名義吸引民眾，再以各種理由要求設定約定轉帳、提供帳戶或代為操作金融帳戶，民眾若遇到工作機會要求提供帳戶、設定約定轉帳，甚至要求「教你怎麼跟銀行說」，請務必提高警覺。若有疑問可撥打165反詐騙專線求證。☆自由時報電子報提醒您，防詐騙專線︰165，報案專線︰110☆    ,https://news.ltn.com.tw/news/society/breakingnews/5578917
勾結4廠商開假發票！基市府女約僱員爽買iPad 吐犯罪所得換緩刑,社會,2026/09/19 09:11,基隆市政府教育處前吳姓女約僱員，勾結李姓、曾姓等4家印刷行、企業社負責人、女會計，以開立不實發票等方式，詐領市府公帑台幣43萬餘元，甚至拿公款購買個人使用的縫紉機、筆記型電腦及iPad等私人用品，被依犯貪污治罪條例等罪判處2年徒刑。（資料照）基隆市政府教育處前吳姓女約僱員，被控勾結李姓、曾姓等4家印刷行、企業社負責人、女會計，以開立不實發票等方式，累計6年詐領市府公帑共台幣43萬餘元，甚至拿公款購買個人使用的縫紉機、筆記型電腦及iPad等私人用品。基隆地院近日審結，考量吳女等5人，均坦承犯行，已繳回犯罪所得，依貪污治罪條例等罪判處吳女2年徒刑、褫奪公權2年，緩刑5年；李女等4人各判處7月至10月不等徒刑，均獲緩刑3年。判決指出，吳女自2016年至2021年間在基隆市教育處終身教育科任職，負責經費規劃與報銷業務。吳女明知辦理經費核銷須有實質採購，勾結李姓印刷文具行負責人、曾姓資訊公司負責人、與某企業社江姓會計與某文具批發公司吳姓會計。請繼續往下閱讀...由李女等4人提供未實際出貨、品項不符或溢開金額的不實統一發票，再由吳女黏貼於憑證黏存單上，使不知情的基市府事務人員及科長核章過關後，將詐得的款項部分直接匯入吳女個人帳戶，部分則暫存於業者帳戶作為「寄存款」。吳女再要求業者代為刷卡購買其個人私用品，包括縫紉機、iPad及筆記型電腦等，甚至直接提領現金挪作私用，累計金額達43萬33元。案經廉政署報請基隆地檢署偵辦，吳女、李女等5人於偵審期間均坦承不諱，並主動繳回全部犯罪所得。基隆地院審理後認為，吳女身為公務員，利用職務機會詐取財物，考量吳女詐得金額非鉅，偵查中自白，全數繳回犯罪所得，審酌吳與李女等5人均無前科，經此偵審程序當知警惕，給予吳女緩刑5年，李女等4人緩刑3年；可上訴。    ,https://news.ltn.com.tw/news/society/breakingnews/5578930
假裝車壞了?「拒過磅」重罰9萬 法院糾警少一關鍵逆轉天條！,社會,2026/09/19 08:06,駕曳引車被執勤員警攔查。示意圖，非此案裁罰車輛與司機。（資料照）被視為交通違規「天條」之一的「拒絕過磅」，竟然也能逆轉勝訴！台南陳姓職業大卡車司機，去年駕曳引車被執勤員警攔查要求過磅。司機以「車子故障」無法配合，員警認為「故障時機太巧合」，認定他是找藉口逃避，當場祭出9萬元紅單、記點2點並強制參加安全講習，司機不服提起行政訴訟，高雄高等行政法院審理後判決原處分撤銷，司機免罰！判決書指出，去年4月底歸仁警分局員警在路口攔下一輛大型曳引車，懷疑有超載嫌疑，指示司機前往地磅站配合過磅，司機當下不斷向警方解釋車子出狀況、故障了，無法開去地磅站，並要求：「讓我先打電話聯繫老闆！」但攔停的員警認為這只是運將的「拖延戰術」，直言車子剛才開得好好的，一被攔就壞掉「時機過於巧合」，隨即強勢開出拒絕過磅的9萬元罰單。請繼續往下閱讀...即便後來司機在現場告知「那我想辦法配合過磅」，員警仍強硬回覆：「我已經開完單了，沒有用這招的！」 讓運將與貨運公司極度不服，決定狀告法院討回公道。案經審理，法官傳喚證人並檢視相關證據後發現，該型號的曳引車如果發生特定故障，本來就不一定會「即時熄火」，因此不能光憑車輛在被攔停前還能行進，就斷定司機是在說謊，警方主觀認定司機找藉口，卻沒有進一步通知專業車輛維修單位到場確認，也沒有實際檢視該車是否還能正常發動、行駛。認定裁決所舉發有違誤，判決撤銷罰單。可上訴。    ,https://news.ltn.com.tw/news/society/breakingnews/5578898
獨家》謝典霖收押引發寒蟬效應 「這些行為」是否賄選？中檢揭界線,社會,2026/09/19 07:10,彰化縣議會舉行「選舉餐會」當天，謝家為出席者準備這盒「得之不易」的蛋黃酥。（民眾提供及資料照合成）首次上稿 09-18 23:40更新時間 09-19 07:10彰化縣議長謝典霖涉A公款請吃選舉飯被收押禁見，震撼政壇，台中不少議員今年中秋聯歡晚會乾脆不辦、不送摸彩品，甚至已送出的趕緊追回，究竟親子活動能不能辦、中秋摸彩怎麼定義、競選總部能不能請吃台灣小吃？台中地檢署表示，主要取決於活動實質設計與有無「對價關係」，而非活動名稱。請繼續往下閱讀...中檢指出，親子活動實質上若嚴格限制，僅限該選區有投票權家長參加，現場提供高價摸彩品、禮券或限量好禮，候選人或工作人員在現場，或透過加入LINE社群進行明確拉票請託，甚至候選人在選前「破例」資助大筆活動經費，極有可能會被認定變相賄選，而活動開放給不特定大眾，且現場僅發放低價宣傳小物（如氣球、造型面紙等），屬於常態性競選宣傳，原則上並不構成。另「中秋摸彩品」並未訂定死板金額上限，而是綜合審酌「是否足以動搖選民投票意向」，若中秋晚會是由社區發展協會、宮廟或地方團體例行性舉辦，候選人僅受邀出席，贊助符合一般社交禮儀適度摸彩品（例如一般電扇或常規禮品），且獎品由大眾隨機抽獎，不會被視為賄選，若候選人平時並無贊助習慣，卻在選前突然「破例」大額贊助高價家電、現金或禮券，或是自己主導舉辦中秋晚會，以摸彩為名讓參與選民近乎「人人有獎」高額贈禮，並在致詞或發放時結合拜票請託，就可能構成賄選。另中檢指出，競總成立、政見說明會等選舉造勢活動，提供參加民眾一般飲料、簡易性炒米粉、炒麵、便當、貢丸湯等，尚不足以動搖或影響投票意向，不會構成，但餐飲從「簡便餐飲」變質為高級流水席、精緻餐會，或是高價海鮮、高級酒飲，明顯超越合理必要範圍，仍極有可能會被認定為餐會賄選。中檢指出，賄選認定取決於活動實質設計與有無「對價關係」。（資料照）    ,https://news.ltn.com.tw/news/society/breakingnews/5578835
​扣牌剛騎上路又被抓！  阿伯怒檢舉警「侵占」,社會,2026/09/19 06:14,台南市警局外觀。（資料照）陳姓男子因交通違規被扣機車牌照，他把愛車領回後，沒掛車牌上路，結果才騎500公尺又被攔查開單，氣到檢舉員警「侵占」車牌並揚言提告，南市警分局督察組昨公布調查結果，認為員警取締程序與態度都合乎規定。​這起糾紛發生在上個月底，陳男先前因為交通違規被處分扣留車牌，過了一晚，他前往保管場牽回沒有牌照的機車，打算把機車騎回家停放，未料才剛上路短短500公尺，就遇到巡邏員警上前盤查。請繼續往下閱讀...連續兩度遭到警方開單，陳男當場情緒失控、破口大罵，不僅質疑員警故意找麻煩，更痛批警方扣押號牌的行為涉嫌侵占私人財物。他在現場不斷抗議，離開派出所前還撂下狠話要諮詢律師提告到底，事後更撥打電話向警局投訴，檢舉員警執法態度極差且侵占車牌。​針對陳男的強烈質疑，開單員警當場向他詳細說明法規，指出機車號牌先前是因為交通違規遭到依法吊扣，雖然可以領回車輛本體，但只要尚未懸掛合法車牌，依法就絕對不能騎乘上路。執勤過程均依法開立「未懸掛號牌於道路行駛」罰單，完全是依規定行使職權，絕無惡意刁難或侵占車牌的情事。不過陳男執意要檢舉，督察組也因此啟動調查，歷經近半個月訪談，並調閱警員密錄器、警所監視器等相關影像還原過程，督察處昨公布調查結果，認為員警執勤過程應對態度平穩適當，開單程序也完全符合法規，並未發現任何態度惡劣或行政違失的情形。    ,https://news.ltn.com.tw/news/society/breakingnews/5578861
多元計程車司機毒駕自撞 害乘客受傷,社會,2026/09/19 05:30,警方逮捕毒駕的多元計程車司機（右）。（記者洪定宏翻攝）四十二歲徐姓男子駕駛多元計程車，搭載五十六歲黎姓女子，卻在路途中突然衝撞路邊汽車，並波及另一輛汽車，導致黎女頭頸受傷送醫，徐男僅腳部輕微擦挫傷，警方獲報到場，「對徐男實施毒品快篩，結果呈陽性，以涉嫌毒駕將他當場逮捕送辦。自己僅輕微挫傷高雄警方指出，徐男於九月十七日凌晨一點多，在左營區文學路發生自撞事故，員警趕赴現場，調查得知徐男駕駛多元計程車搭載乘客黎女，沿文學路由南向北行駛，自撞停放於路旁停車格內的鐵灰色汽車及柱子，再波及路旁白色汽車。請繼續往下閱讀...事故造成黎女頭部、頸部受傷，由救護人員送醫救治，徐男腳部輕微擦挫傷。警方在現場處理事故時，發覺徐男精神渙散，經實施唾液快篩，檢驗結果呈現苯二氮䓬的三級、四級毒品反應，將他逮捕。警方除依道路交通管理處罰條例第卅五條第一項第二款製單舉發，可處三萬元至十二萬元罰鍰，並將車輛移置保管及吊扣駕駛執照一年至二年；另依公共危險罪嫌及違反毒品危害防制條例，將徐男移送橋頭地檢署偵辦。警方呼籲，施用毒品後駕車將嚴重影響駕駛人的判斷力及反應能力，危害自身及其他用路人的安全，警方將持續加強取締重大交通違規，維護道路交通安全。    ,https://news.ltn.com.tw/news/society/paper/1771251
蛤！未禮讓闖紅燈行人要罰,社會,2026/09/19 05:30,為洗刷「行人地獄」惡名，政府近年強力取締未禮讓行人，但行人闖紅燈反讓駕駛吃上罰單，也引發不少爭議。（資料照）執法尺寸不一 資深警官：駕駛有「停」的動作 為免爭議通常不罰 一名機車女騎士行經路口時綠燈直行，遇一名行人走在行人穿越道上闖紅燈，該處有科技執法，女騎士雖是綠燈通過路口，仍被開罰，申訴也不成功。女騎士認為自己是擔心貿然煞停恐遭後車追撞，再加上行人見到機車駛來已停步，她才於綠燈狀態下通過，質疑科技執法與行車安全之間有灰色空間。請繼續往下閱讀...科技執法 騎士申訴碰壁對於綠燈通行遇行人穿越馬路，因未停讓遭罰的情況，雖然該個案執法員警開單有其依據，但實務上，不同員警或警察單位的執法尺度不一。一名資深交通組長說，科技執法雖自動錄下違規影像，仍需由員警對影像進行人工檢視，類似上述車輛通過路口時，遇行人闖紅燈過馬路，只要看得出車輛有停的動作，就算來不及禮讓，為避免爭議，通常不會開罰；此外，有執法警方則依車輛是否與行人保持三個斑馬線枕木紋的距離，作為是否開罰依據。道路交通安全規則第一〇三條規定，車輛行近行人穿越道，遇有行人穿越，無論有無交通指揮人員指揮或號誌指示，均應暫停讓行人先行通過，違者得依道路交通管理處罰條例第四十四條規定，處一千二百元以上、六千元以下罰鍰。行人違規也罰 釀事故仍有責由於相關法律是以保護行人安全為最優先考量，因而訂定此一「帝王條款」，無論行人是否闖紅燈，行經車輛都應停讓。但不代表闖紅燈行人未違法，依道路交通管理處罰條例，行人闖紅燈可開罰五百元，雖看似金額不高，但若行人闖紅燈導致交通事故，違規者仍要負起相關刑、民事責任。該名女騎士投訴指出，今年七月間騎車經新北市樹林車站外一處路口綠燈直行，一名行人闖紅燈欲通過行人穿越道，她擔心貿然煞停會遭追撞，再加上行人後來停步，她因此續往前騎通過路口，未料事後收到罰單。一起類似案例發生在今年五月間，一名汽車駕駛人行經嘉義縣朴子市縣道一六八線與朴子七路口，見行人闖紅燈通過行人穿越道，駕駛認為自己綠燈直行有路權，未禮讓即開過路口，被科技執法拍下後遭罰六千元。前年十月也有汽車駕駛行經台中市西屯區文心路三段與河南路口，被員警認定未禮讓行人而攔停舉發，駕駛人提起行政訴訟；監視器畫面顯示當時行人專用號誌為紅燈，行人在行人穿越道上闖紅燈快跑，法官認為，行人的行為導致車輛穿越路口時來不及禮讓，裁定撤銷原處分。    ,https://news.ltn.com.tw/news/society/paper/1771246
來不及讓闖紅燈行人 曾有法官判撤罰,社會,2026/09/19 05:30,道路交通安全規則第一〇三條規定，行人行走行穿線上，擁有優先路權，駕駛無論紅綠燈，皆須禮讓。（記者吳仁捷翻攝）政府為洗刷「行人地獄」惡名，近年來加強取締汽機車駕駛未禮讓行人，科技執法也將此納入取締；未料時而出現行人闖紅燈穿越馬路，導致綠燈通行的汽機車駕駛人遭罰，引發爭議。不少民眾認為行人闖紅燈，受罰的卻是汽機車駕駛，直呼不合理。遇到此類情形，當事人若不服被罰，可向交通事件裁決機關申訴，申訴不成還可提起行政訴訟；過去就有民眾遇到類似情況，提起行政訴訟並獲勝訴。台北市警交通大隊一名警官說，民眾因行人闖紅燈來不及禮讓，遭科技執法開罰，事後可向所在地的交通裁決機關申訴，申訴時除檢附基本資料，也可附上相關影像並陳述意見。若申訴不成功，當事人可再提起行政訴訟。請繼續往下閱讀...依據交通部去年八月的函釋，如駕駛人因行人違規闖紅燈之突發情形，已採取緊急煞車措施，縱未與行人保持三公尺距離，得對其施以勸導、免予舉發。警政署強調，行人相較於車輛，屬「弱勢」用路人，且道路交通法令皆訂有相關保護規定。近年汽車駕駛人在路上未暫停讓行人先行，經常導致嚴重交通事故，為降低行人交通事故，改善行人交通環境，立法院已修法加重駕駛人未停讓行人的罰責。依現行規定，無論行人是否違規，駕駛人仍應禮讓，否則仍恐吃上罰單。中華民國律師關懷社會公益協會副理事長孫瑞蓮表示，民眾收到交通違規罰單後，若向裁決機關陳述意見仍遭認定違規，收到正式裁決書後仍不服，可在裁決書送達後卅日內，向管轄地的高等行政法院地方行政訴訟庭提起交通裁決事件撤銷訴訟，且不必先經訴願程序。提起訴訟時除應提出裁決書，也可檢附行車紀錄器、科技執法影像、路口號誌資料及現場照片等證據，供法院判斷當時是否確有違規。    ,https://news.ltn.com.tw/news/society/paper/1771247
