Title,News_Type,date,content,url
東京一夜入秋！氣溫驟降8度  比札幌還冷,國際,2026/09/10 22:24,東京最低溫17.7度創今年入秋新紀錄，甚至比札幌還冷。（彭博社資料照）日本關東地區10日迎來10月級寒意！東京都心最高溫僅22.5度，竟比札幌的23.7度還低，最低溫17.7度更是今年入秋最冷紀錄。與前一天相比溫差超過8度，從酷暑瞬間入秋。突如其來的秋天，讓東京街頭服裝大混亂。新宿車站可見有人穿上厚外套，也有人穿背心、拿著手持風扇發抖。有剛從南韓回來的遊客直呼「回到日本被天氣冷到嚇一跳」，還有朋友一起出門，被吐槽「妳穿這樣不冷嗎？今天明明該穿長袖。」請繼續往下閱讀...這波寒流造成了「南北逆轉」的樣態，平時的北海道札幌市會比東京還要寒冷。氣溫驟降也催出熱食商機，東京江東區砂町銀座的關東煮、神奈川橫濱中華街的熱騰騰熊貓包，都呈現大排長龍的狀態，店家表示終於忙起來了，民眾也趁涼爽天氣大啖美食。連日大雨加急凍也打亂了生活，千葉縣浦安市的自助洗衣店擠滿無法曬衣的民眾，烘衣機使用量暴增2倍以上。日本氣象廳預報，11日的東京都將更冷，提醒民眾注意溫差。    ,https://news.ltn.com.tw/news/world/breakingnews/5569981
甘冒風險攻擊美國軍艦 專家曝伊朗盤算,國際,2026/09/10 22:22,美國與伊朗近日針對對方海上軍事、商業資產進行新一輪攻擊。荷姆茲海峽示意圖。（路透）美國近日摧毀8艘伊朗油輪，報復伊斯蘭革命衛隊（IRGC）以彈道飛彈鎖定美軍軍艦的攻擊行動。華盛頓智庫「史汀生研究中心」資深研究員格里科（Kelly Grieco）向彭博分析，損失油輪固然進一步加劇伊朗經濟重擔，但若能命中目標，便能向美軍傳達「行動帶有後果」的訊息，提供伊朗在國內外宣傳成功對抗美國的素材。「彭博經濟研究」國防領域分析師瓦瑟（Becca Wasser）指出，伊朗飛彈易於建造、使用，成本也顯然低於美軍的攔截武器，使伊朗能從反覆攻擊軍艦所引發的代價中受益，「美國陷入匱乏風險，持續耗費庫存或許會促使華府重新評估做法。」請繼續往下閱讀...華爾街日報引述倫敦政治風險諮詢公司「Azure Strategy」合夥人高爾（Alice Gower）看法，只要對一艘美國船隻造成損傷，便可能引起市場和波斯灣國家動盪，以及使美國總統川普在代價巨大的報復行動和讓步之間權衡，這樣的可能性或許促成伊朗甘冒風險打擊美國軍艦的意願。    ,https://news.ltn.com.tw/news/world/breakingnews/5570003
「西瓜卡」3候補吉祥物不好選？人氣聲優也設計1隻 網讚爆大推,國際,2026/09/10 22:21,"日本人氣聲優諏訪部順一隨手設計的西瓜卡吉祥物。（圖擷取自@MY_MURMUR社群平台「X」）JR東日本8日推出3隻「西瓜卡吉祥物候補者」，網友反應兩極。替日本人氣動畫《咒術迴戰》兩面宿儺、《網球王子》系列跡部景吾配音的諏訪部順一，也順手設計一隻西瓜卡吉祥物，立刻引來網友關注，「我選它」、「好可愛，希望做成商品」。諏訪部順一在社群平台X發文說，「Suica 的角色好像要變更了呢。透過三選一的公開投票來決定企鵝的繼任者嗎。真令人期待啊！然後，我也試著自己設計了一下。不過，我覺得需要更符號化一點，單色也能成立的那種簡潔感才行。還是以可愛度為優先啦」，吉祥物結合了柴犬及西瓜圖案的領巾。請繼續往下閱讀...這隻吉祥物獲得網友一致好評，「那隻身上有西瓜花紋的柴犬太可愛了！真想跟它的爪爪擊掌！」、「我們全家一致同意這個設計！」、「如果讓我選，就算是鼴鼠或松鼠，我也會投諏訪部先生的這張設計1票。因為一眼就能明白Suica（西瓜）的意思」、「JR！請把這個也加到選項裡吧！」、「看到官方公布的三位候選人後我還有點沮喪，結果柴犬君帥氣登場了。難怪這麼多人想選你」、「這個比官方那三個選項都可愛」、「今天才知道西瓜卡要換吉祥物，但我更喜歡這隻」。Suicaのキャラクターが変わるようですね。３択の一般投票でペンギンの後継が決まるのか。楽しみですね！で、自分もデザインしてみました。もっと記号化出来て、単色でも成立するようなシンプルさが必要だと思いますが。かわいさ重視でw pic.twitter.com/C79POZ10Vz— 諏訪部順一 Junichi Suwabe （@MY_MURMUR） September 8, 2026 Suicaのキャラクターが変わるようですね。３択の一般投票でペンギンの後継が決まるのか。楽しみですね！で、自分もデザインしてみました。もっと記号化出来て、単色でも成立するようなシンプルさが必要だと思いますが。かわいさ重視でw pic.twitter.com/C79POZ10Vz諏訪部順一表示，設計過程是先手繪後再電腦繪圖。（圖擷取自@MY_MURMUR社群平台「X」）    ",https://news.ltn.com.tw/news/world/breakingnews/5569875
攻擊航艦升高風險！美前大使揭「2原因」：伊朗別無選擇,國際,2026/09/10 22:19,美國與伊朗近日展開新一波海上交火，使外界擔憂戰爭全面重啟風險。（路透）華爾街日報報導，自4日起伊朗接連對航艦在內的美軍軍艦發動直接攻擊，即便尚無軍艦遭擊中，仍引起美國官員對伊朗提升鎖定船隻能力，且背後或許有俄羅斯、中國暗助的擔憂。美國前駐阿曼大使西弗斯（Marc Sievers）認為，美國的海上軍事封鎖以及窒息式經濟戰，使德黑蘭陷入走投無路，別無選擇只能升高衝突的絕境。分析指出，比起與美軍戰力抗衡，伊朗的目標更著重打破當前局勢，威脅軍艦和商船迫使美軍動用日漸枯竭的防空資產。請繼續往下閱讀...美國退役海軍中將米勒（John Miller）提到，伊朗的攻擊行動，不太可能削弱美國的海上軍事封鎖。在優先保護船隻的考量下，美軍能夠移動至距離伊朗更遠處的水域，持續進行同樣規模及效果的封鎖行動。    ,https://news.ltn.com.tw/news/world/breakingnews/5570009
幫中國偷AUKUS潛艦情報！澳洲商人成「外國干預罪」判刑首例,國際,2026/09/10 21:59,澳洲男子切爾戈（Alexander Csergo）2月出庭。（美聯社檔案照）曾在中國工作的一名澳洲商人被控為中國情蒐，遭澳洲以「魯莽外國干預罪」定罪，10日被判處3年6個月有期徒刑。他蒐集的情報涉及「澳英美三方安全夥伴關係」（AUKUS）核動力潛艦協議，以及美、日、澳洲與印度「四方安全對話」（Quad）聯盟相關資訊。法新社、澳洲廣播公司（ABC）報導，雪梨地方法院10日判處這名58歲澳洲男子切爾戈（Alexander Csergo）3年6個月有期徒刑。切爾戈是澳洲2018年起實施外國干預法以來，第一個因「魯莽外國干預罪」被判刑者；該法將協助外國干預澳洲主權或國家利益的行為入罪。請繼續往下閱讀...澳洲安全情報組織（ASIO）局長勃吉斯（Mike Burgess）回應判決結果表示，「外國干預是對澳洲主權的侵犯」，「在此案例中，間諜希望這名澳洲人鎖定澳洲情報界、總理辦公室、國防、司法機關和智庫」。根據庭訊期間揭露的資訊，切爾戈在上海期間，透過社群平台與自稱「肯恩」（Ken）和「易夫林」（Evelyn）兩人接觸。檢方懷疑這兩人是中國情報員，與切爾戈的接觸從2021年持續到23年。切爾戈2023年從上海返回雪梨後不久即遭逮捕，當時身上帶著一份被要求蒐集資訊的「清單」。他被控收受中國情報人員現金，為中國撰寫報告，內容涉及AUKUS核潛艦協議，以及美、日、澳洲與印度「四方安全對話」（Quad）聯盟和關鍵礦物等，今年3月被依「魯莽外國干預罪」定罪。切爾戈的律師主張他交給對方的都是從公開來源可得的資料，以及捏造的訪問，並無證據顯示他從揭露任何國安機密。不過，法官指出，對方曾透過中國「微信」通訊軟體向切爾戈指示蒐集特定議題，如「中國間諜」、「ASIO任何有關中國的事務」，以及策略、手法、目標等；切爾戈也曾警告「肯恩」要「小心」、「我們不想被任何政府質疑」。法官認為，切爾戈「行為明顯具有持續性」，因其「廣泛地研究、下載和準備資料」，且其行為具有一定程度的欺騙性，滿足構成魯莽外國干預罪的4大要素。考量到他先前遭拘押超過600天，下個月起有資格獲得假釋。    ,https://news.ltn.com.tw/news/world/breakingnews/5569995
深入3200公里！烏軍無人機襲擊西伯利亞煉油廠  無人艇轟普廷夏都,國際,2026/09/10 21:57,社群媒體流傳，俄羅斯索契港9日遭烏軍無人艇攻擊起火畫面。（路透）烏克蘭對俄羅斯境內的長程打擊，深入俄國大後方西伯利亞，9日打擊距離烏俄邊境達3200公里的目標，寫下開戰以來最遠攻擊紀錄；同日，烏軍的海上無人艇突襲有俄國「第二首都」之稱的黑海渡假城市索契。基輔獨立報10日報導，烏國總參謀部發文表示，特種作戰部隊（SSO）9日執行這場戰爭以來最深入俄國境內的打擊行動，攻擊位於西伯利亞馬爾—涅涅茨自治區（Yamalo-Nenets）新烏連戈伊鎮天然氣凝析油處理廠。當地居民拍攝的影像可見廠區冒出濃煙與火勢，自治區首長阿爾秋霍夫（Dmitry Artyukhov）也證實遭到攻擊。請繼續往下閱讀...該座天然氣設施每年處理約1950萬噸原油與天然氣，並生產柴油和其他俄軍使用的石化產品；附近的普羅夫斯基（Purovsky）天然氣凝析油處理廠，也是這波打擊目標。新烏連戈伊鎮（Novy Urengoy）位於西伯利亞西北部，離烏俄邊境3200公里，這也是烏軍打擊範圍首次觸及該自治區。烏國特種作戰部隊發文說，「今天以前，此區域被侵略者認為是完全安全之地」。烏國國防製造商「火點」（Fire Point）表示，這次攻擊使用FP-1長程無人機。另外，俄國克拉斯諾達邊疆區（Krasnodar Krai）地方官員表示，索契港9日遭一艘烏國無人水面載具擊中，造成堤岸起火、基礎設施受損，並有8人受傷；居民拍攝畫面顯示，濱海地區出現巨大火球和爆炸聲，人們趕忙躲避。索契距烏克蘭邊境約650到700公里，是俄羅斯總統普廷夏季官邸所在地，常被稱為俄國「第二首都」。就在一週前，烏軍才對索契發動多波攻擊，據稱造成一艘俄羅斯海軍艦艇受損。烏軍的一連串攻擊，還包括10日凌晨打擊達吉斯坦共和國的馬哈奇卡拉港（Makhachkala）。烏軍表示，這座俄羅斯位於裏海唯一全年運作的不凍深水港，是俄國南北運輸走廊要道，連結俄國與伊朗、印度及南亞之間運輸，其攻擊的石油碼頭設施，可提供載重最高1萬公噸的油輪服務，這座港口「對侵略者後勤具有戰略重要性」。烏國總統澤倫斯基10日表示，烏軍到10日凌晨為止的一夜，共打擊8處俄國基礎設施，除了亞馬爾—涅涅茨自治區、馬哈奇卡拉港，其他目標位於莫斯科等4個地區。他發文寫道「俄國每一天都在持續對烏克蘭的恐怖行徑，而他每一天都受到合理的回應」。    ,https://news.ltn.com.tw/news/world/breakingnews/5569987
中國青島貨輪大火 失聯25人全數罹難,國際,2026/09/10 21:56,外籍貨輪在中國青島靠港維修發生大火，不幸造成25人罹難。（擷取自X平台）一艘外籍貨輪上午在中國山東省青島市靠港維修期間發生大火。根據中國官媒報導，這起火災失聯的25名人員全數找到，都已罹難。央視新聞報導，這艘貨船上共有42人，其中，12人安全撤出；5人受傷送醫，目前生命體徵平穩；25人失聯。請繼續往下閱讀...報導說，截至晚間7時24分，25名失聯人員已全部找到，均無生命體徵。據報導，救援人員表示，現場須從狹窄的艙門下到貨輪底艙展開救援工作，船艙內高溫濕滑，轉運難度大。事故發生在10日上午11時15分許，這艘外籍貨輪在中國船舶集團青島北海造船有限公司檢修過程中發生火災。明火已於下午2時30分左右撲滅，起火原因仍不明。中國社群平台流出的多支影片顯示，這艘靠港的外籍貨輪冒出濃厚的煙霧直衝天際，火災規模甚大。    ,https://news.ltn.com.tw/news/world/breakingnews/5569988
德國總理開嗆極右派：俄國代言人、想搞「種族清洗」,國際,2026/09/10 21:17,德國總理梅爾茨。（路透社）德國總理梅爾茨所屬的「基民盟」日前於東部薩克森-安哈特（Saxony-Anhalt）州議會大選中遭極右翼政黨「另類選擇黨」（AfD）擊敗，面對民調創新低與辭職呼聲，梅爾茨選擇在國會反擊，痛批AfD驅逐移民的主張如同「種族淨化」，並指控其違背國家利益站隊俄羅斯。據《路透》報導指出，AfD日前憑藉限制移民與恢復對俄關係的政綱於地方大選奪冠，其倡導的「再移民」（remigration）政策主張驅逐無庇護資格者與外籍犯罪分子，並建立難民兒童隔離班。梅爾茨在回應AfD共同黨魁魏德爾（Alice Weidel）發言時強調，若依膚色與出身強迫移民離境，就是族群清洗，且將導致養老院、醫院及餐館因缺工癱瘓；此外，梅爾茨亦痛批AfD立場偏向莫斯科一邊，忽視俄羅斯對國家的安全威脅。請繼續往下閱讀...面對總理指控，AfD發表聲明反駁，稱其政策完全合法，指責梅爾茨將合法驅逐出境冠上「族群清洗」罪名，是為了維持政治隔離牆所採取的卑劣手段。儘管AfD在薩克森-安哈特州拿下最高票數，但因未取得過半席次，且主流政黨皆拒絕與其組閣，目前當地新政府的組建仍充滿不確定性。    ,https://news.ltn.com.tw/news/world/breakingnews/5569789
赴日旅遊注意！知名連鎖串燒店「鳥貴族」10月起漲價,國際,2026/09/10 20:12,日本知名連鎖串燒店「鳥貴族」營運公司宣布，10月1日起，均一售價調整為含稅410日圓。（資料照）日本知名連鎖串燒店「鳥貴族」營運公司宣布，10月1日起，店內所有餐點與飲料，價格全面調漲20日圓（約新台幣4元），調整後的均一售價為含稅410日圓（約新台幣85元）。綜合日媒報導，「鳥貴族」過去店內所有的餐點與飲料均維持含稅390日圓（約新台幣81元）的均一售價，但自下個月1日起，售價正式調漲為含稅410日圓。此外，宴會方案「鳥貴族晚餐會」的費用，也將從原本的含稅3900日圓（約新台幣815元）調漲至含稅4100日圓（約新台幣856元）。請繼續往下閱讀...總部位於大阪市、負責營運「鳥貴族」的「Eternal Hospitality Japan」針對本次調漲說明，主要原因在於國產雞肉等原材料價格持續飆漲，加上人事費用與能源成本等店面營運成本不斷上升所致。自2022年4月以來，這已是「鳥貴族」連續第5年進行價格調漲。    ,https://news.ltn.com.tw/news/world/breakingnews/5569695
北海道百歲人瑞遭曳引機重壓身亡 日網悼念：尊敬多於遺憾,國際,2026/09/10 20:03,北海道一名百歲人瑞駕駛農用曳引機時車體翻覆，老翁遭重壓身亡。示意圖，與內文無關。（資料照）日本北海道厚真町發生一起嚴重意外，一名獨居的百歲人瑞駕駛農用曳引機行經農道時因滑落邊坡而翻覆，導致頭部遭車體重壓，警方尋獲時發現老翁已經身亡。綜合日媒報導，當地的自治會在週三（9日）下午前往該名百歲老翁家中探視時發現他不在家，隨即報警請警方協助，警方接獲通報後展開搜尋，於當日下午4時30分左右，在農道旁的邊坡下方發現一輛側翻的農用曳引機，而這名人瑞就被壓在車子下方，頭部夾在右後輪與地面之間，救護人員確認他已經死亡。請繼續往下閱讀...根據警方推測，老翁當時正在駕駛農用曳引機，過程中車輛疑似失控翻落農道邊坡，導致駕駛被倒下的機身壓住，事故時間研判可能發生於8日至9日之間，警方目前正進一步釐清詳細死因與事發經過。這起意外在日網也掀起熱烈討論，不少網友直呼「到100歲還在開拖拉機真是令人驚訝，太讓人敬佩了」、「比起長期臥床，多年被綁在病房裡，到最後都還能自己活動身體，也算是戰勝了衰老」、「在許多人即使想活到100歲也活不到的時代，能活到一百歲還有辦法工作，真的是太厲害了」、「老人一旦停止活動，就會開始變得不太靈光，若是能做著喜愛的工作，與愛車一起離去，也算是一件美好的事情吧」。    ,https://news.ltn.com.tw/news/world/breakingnews/5569562
中國青島貨輪大火 已釀20死,國際,2026/09/10 20:02,"外籍貨輪泊靠中國青島維修發生大火，已知20死5失聯。（擷取自X平台）一艘外籍貨輪上午在中國山東省青島市靠港維修期間發生大火。根據中國官媒報導，這起火災已撲滅，迄今造成20人死亡，仍有5人失聯。央視新聞報導，這艘貨船上共有42人，其中，12人安全撤出；5人受傷送醫，目前生命體徵平穩；25人失聯。截至下午5時30分，失聯人員已搜出20人，均無生命體徵。請繼續往下閱讀...事故發生在10日上午11時15分許，明火已於下午2時30分左右撲滅，起火原因仍不明。中國社群平台流出的多支影片顯示，這艘靠港的外籍貨輪冒出濃厚的煙霧直衝天際，火災規模甚大。事故發生後，中共總書記習近平、中國國務院總理李強分別作出有關搜救和各地排查隱患的重要指示及批示。報導說，山東省和青島市在事故發生後啟動應急處置機制，組織應急、消防救援、公安、衛生健康、工信等部門全力展開救援工作。9月10日，山东青岛有一艘货轮靠港期间突然起火，现场情况很严重。网传死亡30人以上。 pic.twitter.com/62meqUwXqY— 王局拍案 （@wangjupaian） September 10, 2026 9月10日，山东青岛有一艘货轮靠港期间突然起火，现场情况很严重。网传死亡30人以上。 pic.twitter.com/62meqUwXqY    ",https://news.ltn.com.tw/news/world/breakingnews/5569884
菲防長狠嗆中國「要有羞恥心」 美歐學者、議員力讚一針見血,國際,2026/09/10 20:01,"菲律賓國防部長鐵歐多洛。（路透檔案照）菲律賓國防部長鐵歐多洛（Gilberto Teodoro）日前在「首爾安全對話」，當場駁斥中國代表遞交否定2016年南海仲裁裁決的紙條，這番強硬回應，獲得美國多名智庫學者以及歐洲議員、前加拿大國防部長發文公開力挺。南韓朝鮮日報10日報導，華府智庫「哈德遜研究所」資深研究員索博利克（Michael Sobolik）8日發文形容鐵歐多洛的發言「令人讚嘆」，「從未聽過東南亞外交官如此嚴厲斥責中國，川普政府應該支持他的每一句話」。索博利克指出，鐵歐多洛清楚點出中國已不再停留於灰色地帶，而是公然脅迫鄰國，如此明快直言點出問題，不會令國際政治不安，反而有助於穩定。請繼續往下閱讀...「傳統基金會」亞洲資深研究員葉望輝（Stephen Yates）轉貼鐵歐多洛該段談話影片，發文表示，「這就是亞洲為自己發聲，以及在亞洲建立可靠合作時會聽到的聲音」，「對中共是壞事，對美國是好事，向鐵歐多洛部長致敬」。哈德遜研究所中國中心主任余茂春（Miles Yu）發文指鐵歐多洛「向全世界大聲說出心裡話：中國需要最基本禮貌」。前美國國務院發言人歐塔加斯（Morgan Ortagus）發文說，「就是要這樣做」。加拿大前國防部長康尼（Jason Kenney）、歐洲議會議員柯理和（Rihards Kols）也分別發文，讚揚鐵歐多洛「完美回應」中國的恫嚇企圖、「簡潔、優雅、一針見血」。鐵歐多洛8日在該論壇上正在談菲國面臨的海上威脅時，突然接到工作人員傳來紙條，紙條寫著中國否定2016年南海仲裁案結果的立場。鐵歐多洛批評中國「不尊重國際法、踐踏聯合國海洋法公約」，遞紙條打斷他談話，也不尊重主辦國南韓和其他與會者，中國「要有點羞恥心」。中國外交部發言人毛寧9日被問及此事，表示「不了解現場具體情況」，並重申中國對南海仲裁案立場。索博利克發文寫道：「當現實非中共所能掌控時，他們就無法面對現實，中國外交部對鐵歐多洛的軟弱回應就是一例」、「否認這一套在中國國內或許行得通⋯⋯但這件事發生在一場國際論壇上，全世界都看到，中共或許『不確定到底發生了什麼事』，但我們其他人都很清楚」。Remarkable. Never heard a Southeast Asian diplomat lay into China like this. The Trump admin should back him up on every single word.Clarity. Teodoro says that China is no longer in the gray zone; it’s outrightly coercing of its neighbors.Candor: He accuses China of being… https://t.co/gyEErcJ5gP— Michael Sobolik （@michaelsobolik） September 8, 2026 Remarkable. Never heard a Southeast Asian diplomat lay into China like this. The Trump admin should back him up on every single word.Clarity. Teodoro says that China is no longer in the gray zone; it’s outrightly coercing of its neighbors.Candor: He accuses China of being… https://t.co/gyEErcJ5gPThis is what it sounds like when Asia speaks for itself and has reliable cooperation within Asia. Bad for the CCP. Good for the US. Salute to Secretary Teodoro. https://t.co/lUlhOWbLmt— Steve Yates （葉望輝） （@SteveYates） September 8, 2026 This is what it sounds like when Asia speaks for itself and has reliable cooperation within Asia. Bad for the CCP. Good for the US. Salute to Secretary Teodoro. https://t.co/lUlhOWbLmt    ",https://news.ltn.com.tw/news/world/breakingnews/5569899
中國青島外籍貨輪維修起火重大傷亡！習近平親下令盡速搜救,國際,2026/09/10 18:32,"外籍貨輪靠港維修期間驚傳重大事故。（取自X）中國山東青島市北海造船有限公司一艘外籍貨輪靠港維修，驚傳重大事故，今天上午11點突然起火，冒出陣陣濃煙，傳出重大傷亡。中共中央總書記習近平高度重視，下令「抓緊搜救」，盡快查明事故原因，依法追究責任。目前官方未透露傷亡人數，網傳可能超過30人死亡。中國《新華社》等官媒報導，這起火警發生於山東青島的北海造船廠，當時外籍貨輪正停靠於港區維護修繕，不料突然起火燃燒。習近平下令，有關單位必須抓緊搜救失聯人員，妥善做好善後安撫等工作，並強調各地區與相關部門應深切汲取教訓，深入檢查隱患。請繼續往下閱讀...報導指出，中國國務院總理李強也要求全力搜救受困人員、救治傷患，並防範二次災害。目前中國應急管理部已派出工作組趕赴現場進行指導，山東省當地政府也已組織救援力量投入現場處置，相關搜救與善後工作仍在進行中。目前官方並未公布傷亡人數，網路上傳出現場貨輪冒出濃濃煙霧的驚悚場景，並流傳死亡人數超過30人的消息，不過仍有待證實。【习近平亲批事故：山东青岛外籍货轮维修时起火，网传死亡或超30】9月10日11时15分许，山东青岛中国船舶集团北海造船有限公司，一艘外籍货轮在靠港维修期间起火，造成重大人员伤亡。事故已引发高层关注，习近平就救援处置作出指示。网上目前流传消息称，死亡人数可能超过30人 https://t.co/kDb4q17SJM pic.twitter.com/Iqha0GHEcW— 王局拍案 （@wangjupaian） September 10, 2026 【习近平亲批事故：山东青岛外籍货轮维修时起火，网传死亡或超30】9月10日11时15分许，山东青岛中国船舶集团北海造船有限公司，一艘外籍货轮在靠港维修期间起火，造成重大人员伤亡。事故已引发高层关注，习近平就救援处置作出指示。网上目前流传消息称，死亡人数可能超过30人 https://t.co/kDb4q17SJM pic.twitter.com/Iqha0GHEcW    ",https://news.ltn.com.tw/news/world/breakingnews/5569779
富士山今年登山季落幕！五合目閘門午後2時關閉,國際,2026/09/10 18:18,富士山今起封山到明年7月，五合目登山口關閉。（資料照）富士山的開放期在9月10日正式畫下句點。由於受到惡劣天氣影響，前往山梨縣側五合目的富士斯巴魯線（富士スバルライン）從8日起封閉至10日早晨，當天登山客人數稀少，工作人員在下午2點關閉管理入山者的閘門，宣告今年登山季結束。根據山梨縣統計，從7月1日開山至9月10日下午2點為止，通過閘門獲准入山的登山客速報值為17萬5177人，較去年同期增加了2萬5400多人。儘管最後幾天連日降雨，整體入山人數仍呈現成長。請繼續往下閱讀...現場登山客心情兩樣。來自兵庫縣的20多歲男性表示首次登頂，攻頂時放晴看到漂亮藍天非常值得；而來自群馬縣的50多歲夫婦則因天候不佳，中途放棄攻頂，表示下次還想再挑戰。山梨縣富士山觀光振興總監三枝徹表示，雖然最後幾天連日下雨，但沒有發生重大事故，能夠順利迎來閉山日，未來也將持續與相關單位交換意見，朝更安全的登山環境努力。    ,https://news.ltn.com.tw/news/world/breakingnews/5569720
中國製戰車演習出大事！主炮射擊膛炸  士兵遭噴飛影片曝,國際,2026/09/10 18:14,"中國製戰車主炮射擊時突然膛炸，釀2死1傷。（取自X@ShadowIND_IN）孟加拉陸軍近日於吉大港（Chattogram）舉行射擊演習期間，一輛中國製的戰車突然發生爆炸，造成2名士兵死亡，另有1名軍官受到重傷。孟加拉軍方已展開調查釐清原因，該名受傷軍官則被送往達卡（Dhaka）治療。這起意外發生過程被完整拍下，並在X上瘋傳。綜合《印度時報》等媒體報導，發生事故的坦克為中國製造的59式戰車，該戰車為中國的國產第一代主力戰車。孟加拉國防部公關局（ISPR）指出，這起事故發生於週三（9日），當時部隊正於吉大港的野外射擊場進行演習，士兵在戰車內進行射擊操演時不幸發生爆炸，造成2名孟加拉陸軍官兵殉職、1名軍官受重傷。請繼續往下閱讀...影片中可見，戰車主砲發射時，駕駛艙也爆出劇烈火光，戰車組員當場被噴飛到空中又重重摔下，現場也傳來驚呼聲。軍事粉專「世界特種部隊與軍武資料庫」表示，從流出的畫面判斷，真正的故障點可能位於炮膛、炮尾／裝藥，或是砲塔內的彈藥系統，但不管是哪一種，結果都一樣：戰鬥室瞬間被高壓燃氣跟碎片灌滿，乘員幾乎沒有反應時間。膛炸可能的成因有三種。一、金屬藥筒破裂：藥筒本身金屬疲勞或有瑕疵，擊發瞬間高壓燃氣直接撕裂藥筒，反灌進砲塔戰鬥室。二、砲閂未完全閉鎖即擊發：閉鎖連鎖保險機構失效，砲彈在閉鎖不完全的狀態下擊發。三、膛線嚴重磨損或剝落卡彈：異物或磨損碎片卡在砲管內，射擊瞬間造成局部瞬間超壓。不過無論究竟是哪一種，需要事故砲管的實際射擊紀錄跟磨耗檢測才能判定。Bangladesh Army’s Chinese-origin Type 59 tank reportedly exploded during a firing exercise, killing 2 crew members and injuring an officer.Made in China. Used in Bangladesh. Deadly outcome. pic.twitter.com/Gn0FRx5ul4— Shadow IND （@ShadowIND_IN） September 9, 2026 Bangladesh Army’s Chinese-origin Type 59 tank reportedly exploded during a firing exercise, killing 2 crew members and injuring an officer.Made in China. Used in Bangladesh. Deadly outcome. pic.twitter.com/Gn0FRx5ul4    ",https://news.ltn.com.tw/news/world/breakingnews/5569394
印尼山林大火毒霾狂飄800公里  日本自衛隊首赴海外滅火,國際,2026/09/10 18:08,日本自衛隊運載300名人員與3架直升機抵達印尼婆羅洲，展開國際救援任務。（美聯社）印尼近期遭受嚴重森林大火襲擊，產生的有毒煙霾還飄散至周邊國家，甚至來到800公里外的菲律賓，週四（10日）日本自衛隊派遣兩棲輸送艦與300名官兵抵達婆羅洲島，展開自衛隊史上首次海外滅火救援任務。據《美聯社》報導，日本自衛隊本次派遣「國東號」（JS Kunisaki）運輸艦及3架CH-47「契努克」重型直升機抵達印尼加里曼丹的蒙帕瓦（Mempawah）港口。救援行動指揮官中原順二上校表示，日方將學習印尼軍方的實戰經驗並緊密合作，全力確保當地民眾能儘速恢復穩定生活。本次任務亦凸顯日印兩國近年不斷增強的軍事合作關係，雙方目前亦正就日本出售二手驅逐艦一事進行談判。請繼續往下閱讀...印尼數十年來頻繁面臨森林與土地火災，今年在強烈聖嬰現象與長期乾旱加劇下，災情格外嚴峻。印尼林業部統計，今年1月至7月已有超過20.2萬公頃土地遭焚毀，面積接近新加坡的3倍。大火產生的有毒煙霾向外飄散逾800公里到達菲律賓，馬來西亞砂拉越州更因空氣污染突破緊急門檻，而於上週宣布緊急狀態；蘇門答臘島多地學校亦被迫停課，影響超過140萬名學生。為因應災情，日本自衛隊3架契努克直升機，於準備完畢後立即投入空中滅火，協助印尼當局深入地面救援隊難以抵達的偏遠火場。目前包括美國、俄羅斯、澳洲、加拿大、烏克蘭及東南亞各國，均已派機支援印尼滅火行動，共同圍堵跨國霾害擴散。    ,https://news.ltn.com.tw/news/world/breakingnews/5569738
自由說新聞》餓到哽咽、被割韭菜 ！中國學生驚見「災難現象」瘋傳,國際,2026/09/10 17:37,全新的視界！新聞話題不漏接，快訂閱YouTube 【自由追新聞】，記得開啟小鈴鐺哦！    ,https://news.ltn.com.tw/news/world/breakingnews/5569729
美韓貿易協議出爐！南韓砸3兆助美建8座核反應爐,國際,2026/09/10 17:23,6月17日，美國總統川普（左2）與南韓總統李在明（左1）出席在法國舉行的G7峰會的晨間工作會。（法新社）華爾街日報10日報導，南韓政府正準備宣布1項在美國的重大能源投資案，該投資案價值超過1000億美元（約台幣3.15兆元），目的在於推動人工智慧（AI）基礎設施。該報引述知情人士的話指出，根據協議，南韓將資助美國興建多達8座核子反應爐以及1個天然氣計畫。南韓產業通商資源部表示，對美投資相關具體細節尚未最終定案；美國商務部與白宮則因非上班時間，未能立即回應置評要求。請繼續往下閱讀...美國總統川普與南韓總統李在明去年10月達成貿易協議，其中南韓承諾對美國製造業投資3500億美元，以換取華府將針對南韓進口商品的關稅上限定在15%。由於該協定內容後續落實有所延宕，川普因而在今年稍早揚言對南韓提高關稅。根據華日，南韓對美投資預計將分多年逐步落實；在美國的建造多達8座核子反應爐中，首座將採用美國西屋電氣（Westinghouse Electric）的設計，之後的則可能採用南韓電力公社（KEPCO）的設計。華日還說，另1項價值約200億美元的潛在投資，是關於在德州興建1座為AI資料中心供電的天然氣發電廠。    ,https://news.ltn.com.tw/news/world/breakingnews/5569682
美國務院再度更新中國旅遊警示  公民赴中恐被恣意執法、拘留,國際,2026/09/10 17:12,美國籍緬甸研究員敏辛（Min Zin）在中國被捕，中方指控他從事間諜活動。（擷取自Min Zin Linkedin）美國國務院近期再度更新對中國旅遊警示，維持第二級「應提高警覺」，特別提醒美國公民，若赴中可能面臨中國恣意執法、出境禁令、不公正拘留等風險，美國公民若持台胞證入境中國，也會被視為中國人，不承認其美國公民身分。美國總統人質事務特使辦公室（SPEHA）今（10日）透過社群媒體X發文指出，他們已更新中國旅行警告內容，提醒美國公民若赴中，可能會面臨中國恣意執法，實施監控、出境禁令，及不公正地拘留、逮捕等風險。請繼續往下閱讀...SPEHA指出，美國籍緬甸研究員敏辛（Min Zin）、華裔美籍地震學家陳友林（Youlin Chen，音譯）先前因學術活動訪中期間，遭中國拘捕便是例證。他們呼籲中國即刻釋放兩人，並強調，人質外交不容於美中關係。國務院4日更新的旅遊警示說明也指出，中國的間諜調查對象，不成比例地針對華裔美國公民及已歸化入籍美國的華裔人士。尤其針對曾受雇於美國政府者，或與美國政府有關聯者。旅遊警示強調，中國不承認雙重國籍，美中雙重國籍者、前中國公民、持台灣旅行文件者、有中國血統的美國公民，都可能在赴中時受到額外的審查及騷擾。若持台胞證入境中國，也會被視為中國人，不承認其美國公民身分。旅遊警示也警告，赴中旅遊者應假定，中國安全部門能讀取從中國發出或傳往中國的電子郵件、文字訊息、社群媒體貼文。中方可能以私下傳訊息批評中國政府或中國共產黨為由，拘留或驅逐出境美國公民。美國總統人質事務特使辦公室（SPEHA）10日透過X發文指出，他們已更新中國旅行警告內容。（圖擷取自@StateSPEHA X）    ,https://news.ltn.com.tw/news/world/breakingnews/5569668
冰島擬永久禁止捕鯨 挪威和日本恐成僅存商業捕鯨國,國際,2026/09/10 17:09,冰島政府決定於明年2月提交禁止捕鯨的法案。圖為位於冰島雷克雅維克碼頭的捕鯨船。（路透）冰島的捕鯨活動多年來一直受到動物福利倡導者和好萊塢明星的抗議，對此冰島政府決定於明年2月提交禁止捕鯨的法案，此舉將使挪威和日本成為世界上僅存仍在進行商業捕鯨的國家。根據《路透》報導，冰島政府在國會中擁有多數席次。冰島政府9日晚間表示，明年提交的法案將包含「永久禁止捕鯨」的條款。請繼續往下閱讀...追蹤捕鯨情況的人道世界動物保護協會（Humane World for Animals）指出，冰島今年的捕鯨季自6月開始，預計持續至9月底左右。冰島今年核定的捕鯨配額為150頭長鬚鯨，而截至9月9日該國已捕殺80頭長鬚鯨。人道世界動物保護協會發言人聲稱，冰島擬提出的法案獲得相當程度的支持，同時也有充分的倫理、獸醫、法律及保育方面的理由，讓該協會期待法案能順利通過。長鬚鯨是冰島捕鯨業的主要目標，被國際自然保護聯盟列為易危物種。國際捕鯨委員會的捕撈清單顯示，近年來只有冰島、挪威和日本進行商業捕鯨。國際社會1986年頒布商業捕鯨禁令，以保護鯨類族群。但挪威和冰島分別於1993年和2006年恢復了商業捕鯨。日本則於2019年退出國際捕鯨委員會，並在其領海和專屬經濟區恢復了商業捕鯨活動。    ,https://news.ltn.com.tw/news/world/breakingnews/5569604
斯里蘭卡爭議和尚要回監獄坐牢了 高院撤銷總統特赦,國際,2026/09/10 17:08,"2019年7月7日，斯里蘭卡激進佛教組織BSS領袖葛納納沙拉在坎地市向群眾發言。（路透檔案照）斯里蘭卡最高法院10日推翻強硬派佛教僧侶葛納納沙拉（Galagodaatte Gnanasara）的總統特赦令，下令他返回監獄服完剩餘刑期。葛納納沙拉恐嚇失蹤政治漫畫家的妻子，被判刑6年，如今遭高院撤銷總統特赦，對這名51歲、挨批助長斯里蘭卡國內反穆斯林情緒與宗教緊張的佛教民族主義僧侶而言，不啻是一大重挫。請繼續往下閱讀...3名法官組成的合議庭裁定，時任斯里蘭卡總統席瑞塞納（Maithripala Sirisena）在2019年5月給予葛納納沙拉的特赦，「武斷且無效」；高院恢復葛納納沙拉的刑期，下令送回監獄服完剩餘徒刑。葛納納沙拉（Galagodaatte Gnanasara）是佛教民族主義團體「佛教力量軍」（Bodu Bala Sena, BBS）的領袖，2018年時在涉及政治漫畫家埃克納利戈達（Prageeth Eknaligoda）失蹤案調查的法庭程序中，指控埃克納利戈達之妻珊緹婭（Sandya Eknaligoda）支持坦米爾極端主義者與汙衊斯里蘭卡軍隊，被法院裁定刑事恐嚇罪名成立，判刑6年。曾在作品中批評斯里蘭卡前總統馬辛達．拉賈帕克薩（Mahinda Rajapaksa）的埃克納利戈達2010年失蹤，迄今下落不明。但葛納納沙拉只坐了不到1年的牢，就獲得時任斯里蘭卡總統席瑞塞納的特赦，恢復自由身。該赦曾招致人權團體批評破壞法治。葛納納沙拉獲釋後仍具有政治影響力，2020年獲時任斯里蘭卡總統戈塔巴耶．拉賈帕克薩（Gotabaya Rajapaksa）任命主持法律改革委員會。戈塔巴耶．拉賈帕克薩與被政治漫畫家埃克納利戈達以作品批評的馬辛達．拉賈帕克薩是兄弟。    ",https://news.ltn.com.tw/news/world/breakingnews/5569647
共和黨贏、你們也贏！川普宣布：中期選舉若勝 每人發5000美元,國際,2026/09/10 16:56,川普在造勢大會上誇下海口，若中期選舉共和黨獲勝，將向每位美國成年人發放5000美元。（法新社）美國總統川普民調持續下探，共和黨11月中期選舉保住國會控制權岌岌可危，為挽回頹勢，川普竟在造勢大會上誇下海口，若中期選舉共和黨獲勝，將向每位美國成年人發放5000美元（約新台幣15.8萬）。據《美聯社》報導，美國總統川普9日在達拉斯舉行的共和黨中期選舉全國大會上宣布，「如果共和黨獲勝，你們也和我們一起贏了，並將獲得5000美元。」川普稱：「因為我們在經濟上擁有巨大的實力和成功……就像一家成功的公司會進行現金分紅一樣」他表示，這就是「川普紅利」。請繼續往下閱讀...報導指出，目前尚不清楚這項計畫將如何實施及是否合法，美國約有2億7000萬名成年人，若人人獲5000美元，費用恐達1兆美元，同時需要國會批准。針對媒體進一步詢問財政來源，白宮未回覆尋求詳情的詢問。    ,https://news.ltn.com.tw/news/world/breakingnews/5569600
直通東京車站！八重洲新地標「TOFROM YAESU TOWER」開幕,國際,2026/09/10 16:44,直通東京車站！八重洲新地標「TOFROM YAESU TOWER」開業。（彭博檔案照）位於東京車站與日本橋之間的八重洲，迎來全新地標。與東京站地下直通的大型複合設施「TOFROM YAESU TOWER」今天（10日）正式開業，地上高達51層樓，集結商業、辦公及劇場功能，地理位置正好串連起東京、八重洲與日本橋三大商圈。在規劃上，「TOFROM YAESU TOWER」刻意保留了八重洲與日本橋一帶的傳統風貌，商業區重現昔日巷弄的懷舊氛圍，並設有路面店，讓再開發前的老店得以回歸。地下更直通巴士轉運站，無論是從東京車站或日本橋方向前來都相當便利。請繼續往下閱讀...東京建物的社長小澤克人說，「希望能持續成為一個牽引、帶動東京魅力提升的存在。」隨著本設施開幕，八重洲、日本橋地區的再開發也將加速進行，包含預計2028年完工的日本第一高樓火炬塔（Torch Tower）在內，東京車站東側的天際線將全面更新。    ,https://news.ltn.com.tw/news/world/breakingnews/5569499
中東戰火恐外溢東南亞！親伊朗「真主旅」指揮官曾申請赴新加坡,國際,2026/09/10 16:30,伊拉克「真主旅」指揮官薩阿迪曾多次試圖入境新加坡。圖為薩阿迪（右）2026年5月15日與時任伊朗伊斯蘭革命衛隊聖城旅指揮官蘇萊曼尼（左）。（美聯社）新加坡內部安全局10日表示，1名受到伊朗支持的伊拉克民兵組織指揮官據稱曾策劃在歐洲、加拿大及美國境內針對猶太人目標發動攻擊，且該指揮官多次試圖入境新加坡。根據《法新社》報導，美國檢察官在5月提出的起訴文件中，將薩阿迪（Mohammad Baqer Saad Dawood Al-Saadi）列為「真主旅」高層人物。「真主旅」是伊拉克武裝組織，被指與伊朗伊斯蘭革命衛隊有關聯。請繼續往下閱讀...據美國當局的說法，薩阿迪曾指揮並鼓動針對美國及以色列利益的攻擊，並呼籲殺害美國人及猶太人，以報復美國和以色列對伊朗的軍事行動。薩阿迪目前遭美國拘押並等待審判。新加坡內部安全局在年度恐怖主義威脅評估報告中指出，薩阿迪曾於2023年及2024年申請前往新加坡的簽證，但最終並未前往新加坡。安全局稱若他試圖入境新加坡，將會被拒絕入境。新加坡內部安全局強調，無法排除薩阿迪企圖前往新加坡是出於恐怖主義目的的可能性，也不能排除他可能將新加坡列為攻擊目標，包括在新加坡的美國及以色列相關利益。新加坡內部安全局將此列為案例，稱中東衝突已提高新加坡及東南亞地區遭受攻擊的威脅性。該機構表示，新加坡及東南亞地區持續受到中東地緣政治緊張局勢與不穩定所產生的連鎖影響。    ,https://news.ltn.com.tw/news/world/breakingnews/5569500
上月才密訪莫斯科 傳CIA局長雷克里夫將成烏俄談判要角,國際,2026/09/10 16:21,英國金融時報9日引述知情人士說法，美國中央情報局（CIA）局長雷克里夫可能在烏俄和平事務扮演更重要角色。（路透）美國中央情報局（CIA）局長雷克里夫（John Ratcliffe）上月底密訪俄羅斯，引發外界關注。英國《金融時報》9日引述知情人士說法，美方向歐洲官員示意，雷克里夫準備在烏俄和平協商進程中扮演更重要角色。報導指出，白宮還考慮降低美國總統川普特使庫希納與魏科夫在烏俄協商中的參與程度。兩人上週末帶著終戰計畫先後訪問莫斯科與基輔，但尚未有所突破。針對《金融時報》報導，CIA發言人駁斥為假消息。請繼續往下閱讀...《華盛頓郵報》日前報導，雷克里夫訪問俄羅斯時警告對方，莫斯科的態勢可能在半年至1年時間進一步惡化，敦促俄國回到談判桌。另一方面，對於美國國務卿魯比歐表示，有機會擬定計畫重啟烏俄協商，進一步促成雙方共識的說法。克里姆林宮發言人佩斯科夫回應，莫斯科希望由美國居中協調的和平談判能夠盡快重啟，「我們期盼這些協商在可預見的未來重啟。我們也會持續與美方保持聯繫。」    ,https://news.ltn.com.tw/news/world/breakingnews/5569551
連5年送最新手機！老闆霸氣宣布「每人一台iPhone Duo」實習生也有,國際,2026/09/10 16:13,中國科技影視創作團隊「影視颶風」宣布送員工（左）蘋果新款摺疊手機iPhone Duo（右圖）。（本報合成，擷取自微博、美聯社）蘋果秋季發表會正式端出首款摺疊手機iPhone Duo，中國知名科技影視創作團隊「影視颶風」再度霸氣祭出全員福利，贈送全體員工每人一台要價約新台幣7.5萬元的iPhone Duo，衍生稅費更由公司全數包辦，寫下連續第5年送員工最新款iPhone的紀錄綜合中媒報導，「影視颶風」創辦人潘天鴻（Tim）於發表會後在公司群組宣布，只要當天人在公司，不管是實習生還是剛入職的員工，都能領取一台iPhone Duo，亦可自由更換為同等價值的其他機種。考量到公司贈禮在法規上涉及個人所得稅申報，潘天鴻更大方承諾相關稅費全由公司吸收，貼心喊話「大可放心」。請繼續往下閱讀...據統計，這已是影視颶風連續第5年為全員無差別送上蘋果年度頂規旗艦機，從2022年的iPhone14Pro、2023年的iPhone15Pro、2024年的iPhone16Pro、2025年的iPhone17Pro Max，一路發到今年的iPhone Duo。消息曝光後隨即引發社群瘋狂轉發，超佛心福利再度登上熱門討論話題。    ,https://news.ltn.com.tw/news/world/breakingnews/5569474
土耳其男通緝犯為逃亡「變成辣妹」 8年後被逮警傻眼,國際,2026/09/10 16:09,"土耳其1名男性通緝犯為了不坐牢，不惜將自己「變性」來躲避警方追查。（圖擷取自社群平台「X」，本報合成）土耳其1名男性通緝犯巴沙爾（Tuğrul Başar）為躲避牢獄之災，不惜將自己「變性」，展開長達8年的逃亡生活。儘管巴沙爾小心翼翼躲避警方，仍在今年被長時間秘密監控他的警方逮捕，然而他如今的外貌與通緝照差異太大，讓警方不得不改透過「指紋」來確認其真實身分，最終順利將他逮捕歸案。綜合外媒報導，巴沙爾在2010年涉嫌3起冒充公務人員行竊的案件，被法院判處3年有期徒刑，然而巴沙爾在入獄前就成功逃亡，自此下落不明。報導指出，巴沙爾逃亡期間以「跨性別女性」的外貌及身分生活，整體外形與警方掌握到的資料照相差太大，迫使警方改變追查策略，轉而對其生活方式及可能的活動軌跡進行監控。請繼續往下閱讀...根據警方進一步追查，發現巴沙爾變性後，多次冒用親生姊妹的身分證件在外活動，並藉此躲過身分盤查，也增加警方查緝難度。不過經過警方多年縝密監控並鎖定，近日在土耳其伊斯坦堡卡德柯伊區（Kadıköy）展開突襲行動，成功將變性的巴沙爾逮捕，並採集指紋進行比對，確認他正是逃亡多年的通緝犯本人。報導指出，目前相關單位已針對巴沙爾涉嫌冒用他人身分資料一事，進行另案調查，若檢方未來以身分盜用或偽造等罪名起訴，巴沙爾可能會面臨額外刑責。另外，巴沙爾會被送往哪個性別的監獄，也引發各界關注，當地媒體指出，巴沙爾逃亡期間雖然以女性外貌及社會身分生活，但他在法律上並未進行性別註記變更等程序。İstanbul'da 8 yıldır firari olarak aranan Tuğrul B.'nin, cinsiyet değişimi yaptığı ve kadın kimliğiyle saklandığı ortaya çıktı. pic.twitter.com/Jf665Gankp— Haber Report （@HaberReport） September 7, 2026 İstanbul'da 8 yıldır firari olarak aranan Tuğrul B.'nin, cinsiyet değişimi yaptığı ve kadın kimliğiyle saklandığı ortaya çıktı. pic.twitter.com/Jf665Gankpİstanbul'da film gibi olay: Cezaevinden erkek olarak firar eden bir hükümlü, 8 yıl sonra kadın olarak yakalandı...Polis 8 yıldır peşindeydi...İstanbul’da hakkında kesinleşmiş hapis cezası bulunan Tuğrul Başar, Kadıköy’de yakalandı.Ama onu ele veren sadece adresi değildi...… pic.twitter.com/w7qI6F8cbf— Show Ana Haber （@showanahaber） September 7, 2026 İstanbul'da film gibi olay: Cezaevinden erkek olarak firar eden bir hükümlü, 8 yıl sonra kadın olarak yakalandı...Polis 8 yıldır peşindeydi...İstanbul’da hakkında kesinleşmiş hapis cezası bulunan Tuğrul Başar, Kadıköy’de yakalandı.Ama onu ele veren sadece adresi değildi...… pic.twitter.com/w7qI6F8cbf    ",https://news.ltn.com.tw/news/world/breakingnews/5569141
北韓公主不只她？南韓情報機構證實：金主愛還有弟弟或妹妹,國際,2026/09/10 16:09,北韓官媒發布的照片​​顯示，2026年3月10日，北韓領導人金正恩（右）攜帶愛女金主愛（左）在某不知名地點的北韓軍艦上觀看戰略巡弋飛彈試射。（歐新社）南韓情報機構10日表示，據信北韓領導人金正恩除了近年來經常與之一同露面的愛女金主愛，還有1名比金主愛小的兒子或女兒。南韓國家情報院在聲明中說：「目前研判金主愛正在被培養為接班人，以及了解到她（金主愛）還有1名性別不詳的弟弟或妹妹」。請繼續往下閱讀...金正恩去年9月攜帶被朝媒尊為「尊敬女兒」的金主愛訪問中國，被視為這位北韓第一公主已被內定金氏王朝第四代領導人的迄今最明確信號；今年1月初，金主愛隨父前往太陽宮謁陵時占據C位，再次顯示金主愛已被視為接班人。金主愛自2022年底首度公開亮相以來，便頻繁隨父現身北韓國內各軍事、政治與經濟活動，去年5月更初登外交舞台，出席俄羅斯駐平壤大使館的勝利日活動與會見俄國大使。    ,https://news.ltn.com.tw/news/world/breakingnews/5569556
天價分手費！南韓遊戲巨頭創辦人離婚 前妻一口氣分走600億,國際,2026/09/10 15:58,"世曼凱（Smilegate）創辦人權赫彬與元配李女離婚官司，一審判決出爐得付出近2.55兆韓圜，約台幣600億元。（圖片截自Smilegate官網）南韓遊戲大廠「世曼凱（Smilegate）」創辦人權赫彬與元配李女的漫長離婚訴訟終於結束，法院裁定權赫彬須將價值2.55兆韓圜（約台幣600億元）分給李女，其中包括世曼35%股份以及650億韓圜（約台幣15億元）現金，金額直接打破南韓財閥SK集團會長崔泰源離婚案紀錄。根據《韓聯社》報導，權赫彬於2002年創立「世曼凱」後發展為南韓最成功遊戲企業之一，資產額高達約8兆韓圜。權赫彬與李女於2001年結婚，李女不僅參與公司營運還長期擔任照顧家庭的角色，包括家中大小事與子女的照料教育，不過兩人於2020年開始分居，2022年李女提出離婚訴訟。請繼續往下閱讀...李女指控權赫彬長期疏忽家庭，且雙方長年紛爭導致婚姻關係破裂，權赫彬則聲稱自己不願離婚。對於離婚財產分配，李女要求取得權赫彬持有的世曼凱控股公司股權一半，主張自己婚姻期間負責家庭事務，並參與世曼凱創立及早期經營，因此認為即使部分財產登記在丈夫名下，仍對相關資產具有相當程度的貢獻。首爾家庭法院最終判決兩人離婚，裁定權赫彬須轉讓世曼凱35%股份並支付650億韓圜現金給李女，換算下來一場離婚案得付出近2.55兆韓圜，一舉打破SK集團董事長崔泰源與前妻盧素英的離婚訴訟，當時崔泰源支付9,440億韓圜給前妻的紀錄。不過目前首爾家庭法院判決屬於一審結果，對此權赫彬尚未對外公開說明，未來是否提起上訴仍有待觀察。權赫彬法律代理人表示將在檢視判決書後決定是否提出上訴；而配偶李氏方的代理人則表達了尊重法院判決的立場。    ",https://news.ltn.com.tw/news/world/breakingnews/5569528
日本新千歲機場檢疫首例！ 中國旅客帶生山羊肉 驗出口蹄疫病毒,國際,2026/09/10 15:55,日本新千歲機場動物檢疫人員於今年1月在中國旅客行李中查獲違規攜帶之肉品，經檢驗竟驗出口蹄疫病毒，為新千歲機場首例；示意圖，圖與新聞事件無關。（彭博社資料照）日本農林水產省今（10日）表示，今年1月1位來自中國的旅客，試圖攜帶生山羊肉入境新千歲機場，經查驗後確認肉品中含有具感染性的口蹄疫病毒。這是日本首次在動物檢疫攔截的肉品中發現口蹄疫病毒。由於已在邊境及時攔截，成功阻止了病毒侵入日本國內。《產經新聞》報導，根據農水省說明，該旅客搭乘航班從中國北京抵達新千歲機場，檢疫人員在其行李中發現被禁止攜帶入境的生山羊肉，經進一步檢驗後確認含有該病毒。請繼續往下閱讀...口蹄疫雖不會傳染給人類，但對牛、豬、山羊等偶蹄類動物具有極強的傳染力。2010年宮崎縣爆發口蹄疫疫情時，曾導致約30萬頭牛與豬隻遭到撲殺。儘管日本國內此後未再出現感染病例，但海外疫情仍持續發生。農水省指出「病毒侵入的風險極高」，並強調邊境防疫的重要性，表示「將會持續強化相關對策，全力防止病毒入侵」。    ,https://news.ltn.com.tw/news/world/breakingnews/5569525
達美航空驚傳空中失壓！氧氣面罩掉落 乘客嚇壞急連WiFi傳「我愛你」,國際,2026/09/10 15:50,"達美航空1架飛機於6日自洛杉磯飛往鹽湖城途中遭遇空中失壓驚魂；示意圖，圖與新聞事件無關。（法新社資料照）達美航空（Delta Air Lines）一架載有174名乘客與6名機組人員的第2311號班機，於6日自洛杉磯飛往鹽湖城途中遭遇空中失壓驚魂，客艙內氧氣面罩突然掉落，機組人員緊急將飛機下降並轉降拉斯維加斯。《紐約郵報》報導，當航管員詢問「是否已釋放氧氣面罩」時，機長回覆「確認」，飛機隨後安全降落於哈里·里德國際機場，全機人員皆正常下機。達美發言人強調安全至上，機組員皆依訓練程序處理，公司已安排替代航班並為此經歷向旅客誠摯致歉，同時感謝機組與地面團隊的專業應對。請繼續往下閱讀...擁有近40年飛行經驗的退役美國海軍F/A-18戰鬥機飛行員巴克利（Matthew ""Whiz"" Buckley）指出，這種客艙失壓狀況在美國「極為罕見」，飛行員在此情境下的首要任務就是「盡快降落」，即尋找具備合適長跑道的最近機場以確保安全著陸。這起事件在網路引發熱議，機上乘客在社群平台Reddit發文還原客艙內的混亂情況。有乘客透露當時最可怕的不是急降，而是對狀況一無所知的恐懼，由於空服員戴著面罩廣播，幾乎完全聽不清聲音；也有剛從睡夢中被未婚夫叫醒的旅客表示，自己慌忙嘗試連接機上WiFi，深怕發不出「我愛你」的告別簡訊。該篇貼文隨後引來許多有類似經歷的網友留言回應，其中一名用戶分享過去搭乘達美航空時，飛機曾戴著面罩從3萬4千英呎急速下降至1萬英呎，直到到達安全高度且機長開麥廣播前，那幾分鐘的快速下降過程極其心驚膽戰，當時全機乘客只能保持安靜並專注於透過面罩呼吸。    ",https://news.ltn.com.tw/news/world/breakingnews/5569494
立陶宛冷凍水餃指名用台灣芒果！網友看了皺眉 必勝客認輸發聲了,國際,2026/09/10 15:34,網友近日在網路分享，在立陶宛超市買到1款「台灣芒果冷凍水餃」。包裝上印有台灣地圖與「TAIVANO」（來自台灣）字樣。（圖由Threads@yuxiang_667授權使用）飲食文化衝擊又一樁！1名網友近日在網路分享，在立陶宛超市買到1款「台灣芒果冷凍水餃」，開箱試吃後直呼「不會吃第2次了」。貼文曝光後瞬間引發熱議，連知名連鎖比薩品牌「必勝客」也跑來留言：「看來我們還是太保守了。」笑翻不少網友。原PO近日在Threads上發文，表示自己在立陶宛已經待了1星期，日前在當地超市買了1包「台灣芒果冷凍水餃」，從商品外包裝可見，包裝上不僅印有台灣地圖與「TAIVANO」（來自台灣）字樣，還將地圖座標指向南投的位置，特別指名是採用台灣芒果製作。不過原PO試吃後顯然不太習慣，無奈直言：「不會吃第2次了。」請繼續往下閱讀...貼文發出後立刻爆紅，網友紛紛留言笑稱：「終於懂日本人看到外國人在壽司裡放水果的感受了」、「秒懂義大利人的憤怒」、「義大利人看到夏威夷披薩也是這種心情嗎」、「太狠了」、「芒果水餃天理不容超好笑」、「什麼詭異的組合」。一向喜歡大膽研發新口味的必勝客也甘拜下風留言表示：「看來我們還是太保守了」，同樣掀起熱議。對此，原PO透過訊息表示，希望大家不要過度批評立陶宛的飲食文化，因為東歐與波羅的海國家本來就有吃「甜水餃」的傳統飲食習慣；只是這次看到包裝上特別指名使用「台灣產芒果」來做內餡，讓他感到非常意外。     在 Threads 查看    ,https://news.ltn.com.tw/news/world/breakingnews/5569483
涉替中國蒐集AUKUS核潛艇情報 澳洲男子遭判3年6月,國際,2026/09/10 15:12,澳洲商人切爾戈因涉及外國干預被定罪，10日遭雪梨地方法院判處3年6個月監禁。（擷自X@kelliekelly23）澳洲商人切爾戈（Alexander Csergo）因涉及外國干預被定罪，10日遭雪梨地方法院判處3年6個月監禁，最快可於下個月獲得假釋資格。根據《法新社》報導，現年58歲的切爾戈2023年從上海返回澳洲後不久，於雪梨被澳洲警方逮捕。他被控接受中國情報人員的現金，並撰寫有關「澳英美三方安全夥伴關係」（AUKUS）核潛艇計畫以及關鍵礦產等主題的報告。請繼續往下閱讀...雪梨地方法院審理時得知，切爾戈曾在上海與2名疑似中國情報人員見面，他分別稱他們為「Ken」和「Evelyn」。他們是透過商務社群平台「領英」（LinkedIn）與切爾戈取得聯繫。切爾戈2023年帶著1份「Ken」希望收集的資訊的清單回到澳洲。切爾戈抵達澳洲與家人在邦代海灘（Bondi Beach）同住3週後，警方發現了這份清單。另外在2021年至2023年間，切爾戈與「Ken」和「Evelyn」在微信交換數千則訊息，並接受裝在信封中的現金。雪梨地方法院10日判處切爾戈3年6個月監禁。澳洲安全情報組織首長柏吉斯（Mike Burgess）回應判決時表示，外國干涉是對澳洲主權的侵犯。澳洲聯邦警察網路和特別調查助理專員布斯（Sandra Booth）指出，抵禦外國干預的最佳方法是提高公眾意識。    ,https://news.ltn.com.tw/news/world/breakingnews/5569412
同事遭殃！中國留學生「AI換臉」製1141件色情影像 南韓判刑出爐,國際,2026/09/10 13:55,南韓首爾北部地方法院10日開庭審理1名中國籍男子涉違反「性暴力處罰法」案。（彭博資料照）1名30歲中國籍留學生涉嫌在南韓利用人工智慧（AI）深偽技術，將研究室同事等7名受害者的臉部合成至不雅影片及照片中，共製作1141件色情內容，本月10日一審遭判處有期徒刑1年6個月。韓聯社報導，首爾北部地方法院刑事第五獨任庭10日開庭審理30歲中國籍男子A某涉嫌違反「性暴力處罰法」一案，判處A某有期徒刑1年6個月，並命其接受40小時性暴力防治教育，未來5年不得在兒童、青少年相關設施及身心障礙者福利設施就業。請繼續往下閱讀...A某涉嫌自去年11月起，利用AI技術將研究室同事等7名受害者的臉部，合成至不雅影片及照片中，共製作1141件色情內容。檢方先前向法院求處A某有期徒刑3年，並請求法院公開被告身分資訊，以及命其接受性暴力防治教育。法院說明量刑理由時指出，A某犯罪情節惡劣，且未能取得被害人諒解，罪責較重。不過，法院同時考量A某認罪並展現悔意、沒有犯罪前科，以及目前沒有證據顯示涉案影片遭到散布等情況，因此將這些因素納入量刑考量。☆自由電子報關心您：若懷疑孩童遭受身體虐待、精神虐待或是性侵害、性騷擾，請撥打113專線，透過專業社工員接線服務，將可盡快救援在生命危機中的兒童。☆    ,https://news.ltn.com.tw/news/world/breakingnews/5569155
扯！中國客遊富士山「強掐天鵝拍照」 日本網友暴怒：滾出去,國際,2026/09/10 13:53,"中國客抓天鵝拍照影像瘋傳。（取自X）中國遊客日本旅遊，魯莽舉動再掀當地人不滿。幾名中國遊客近日前往富士山知名景點山中湖觀光時，疑似強抓天鵝拍照，其中一人還直接掐住天鵝脖子，相關照片在網路瘋傳，引發日本民眾強烈不滿。目前當事中國遊客已經刪除相關影片，並聲稱是「AI合成」。根據當事人自己在網路上傳的旅遊影片，可見這群觀光客為2女1男，一路騎乘單車，過程中多次想與天鵝互動，但天鵝都立刻跑開，沒想到接著就出現兩女強抓天鵝照片，其中一人把天鵝整隻抱住，另外一人竟掐、抓天鵝脖子把牠整隻拉到空中。請繼續往下閱讀...畫面曝光後，立刻引爆日本網友強烈不滿，直呼「野蠻人」、「野蠻行為」。要他們「趕快滾出日本」。另外，野生天鵝在日本受到嚴格法律保護，兩名女子的行為可能已經觸法。綜合媒體報導，當事人的影片在掀起爭議後一度關閉，相關影音都已刪除。疑似本人發文澄清，承認當天有和天鵝合照，但抓起天鵝的照片是AI合成，笑稱：「沒有天鵝受到傷害。」但目前真實性存疑，有網友透過AI工具詢問，表示AI指出相關照片並非AI生成。目前詳情有待相關單位介入釐清。日本で長期の在留資格を持って暮らしてる中国人ら、毎日のように好き勝手やってんだよな、政府は毎日のように「共生、共生」と言ってるけど、これでどうやって共生するんだよ‼️【動画】中国人、山中湖（富士五湖）の白鳥を追いかけたり、首を掴んで逆さまに吊るしたりして遊ぶ… pic.twitter.com/2tLBkdfjSV— しもべ （@ryujin_ari9） September 9, 2026 日本で長期の在留資格を持って暮らしてる中国人ら、毎日のように好き勝手やってんだよな、政府は毎日のように「共生、共生」と言ってるけど、これでどうやって共生するんだよ‼️【動画】中国人、山中湖（富士五湖）の白鳥を追いかけたり、首を掴んで逆さまに吊るしたりして遊ぶ… pic.twitter.com/2tLBkdfjSV    ",https://news.ltn.com.tw/news/world/breakingnews/5569266
沙德爾再創中國！江西爆嚴重土石流 官方統計已16死,國際,2026/09/10 13:17,江西爆發嚴重土石流災情。（取自X）颱風沙德爾再次登陸中國，連日暴雨釀嚴重災情。中國江西多個鄉鎮受災嚴重，官方統計，江西遂川縣高坪鎮、湯湖鎮、左安鎮共有16人遇難。截至9日，遂川縣已累計疏散1萬8000餘人。綜合中媒報導，連日強降雨，遂川縣多地發生土石流，多棟房屋被沖毀。道路、電力、通訊中斷。其中，高坪鎮明坑村嚴重土石流，官方統計造成13人死亡。另外，救難人員在湯湖鎮、左安鎮分別找到1名、2名失聯人員，但都已不幸遇難。請繼續往下閱讀...據央視日前報導，高坪鎮土石流塌方體積超過3萬立方公尺，至少12幢房屋受損、8棟房屋完全被沖毀。災害發生瞬間當地斷網、斷電也失去通訊，位於進入下石組的山路也瞬間被沖毀。此外，遂川縣還有多個鄉鎮發生滑坡、土石流等災情。地處湘贛邊界的湯湖鎮青茶村，道路、通訊、電力中斷，共有4棟房屋倒塌，30餘棟房屋因災受損，所幸村民平安。    ,https://news.ltn.com.tw/news/world/breakingnews/5569265
電詐園區驚見「中南醫院」！ 手術台、刑具曝光 泰方疑涉活摘器官,國際,2026/09/10 13:16,"泰國軍警在柬埔寨邊境奧斯馬一處被搗毀的電詐園區內，發現手術台。（美聯社）泰國軍方近日帶領國際媒體及東協觀察團，前往柬埔寨邊境奧斯馬（O’Smach）一處大型電詐園區，現場曝光地下囚室、刑訊設備、假警察局及詐騙辦公室。其中，園區內有一間掛中文招牌的「中南醫院」設有手術室，引發外界關注，泰方懷疑可能涉及非法器官摘取及販運。綜合外媒報導，東協觀察團（ASEAN Observer Team，AOT）及媒體7日獲准進入這處去年12月遭泰國軍方控制的電詐基地。園區占地逾80公頃，共有157棟建築，其中29棟被指用於電信詐騙。請繼續往下閱讀...「中南醫院」是園區唯一的醫療設施，院內一間手術室配有手術台及各類手術器械，泰國警方推測，部分遭人口販運、被迫從事詐騙的人員，在無法達成業績後可能遭到毆打、酷刑，甚至被利用於器官交易。泰方透露，園區查獲文件中曾出現「器官販運」字樣。不過，柬埔寨新聞部長涅帕達（Neth Pheaktra）強烈否認相關指控，稱有關說法「毫無證據」。更令人怵目驚心的是，園區地下還發現12間空間狹小、沒有窗戶且無床的囚室，配備電椅、電棍等刑具，疑用於監禁並嚴刑懲處業績不達標或企圖逃跑的人員。園區內另設有多間偽造不同國家警局的「模擬審訊室」，以及包括中國、新加坡、印尼等多國警察制服，現場並發現多語言詐騙話術劇本，顯示詐騙集團藉此假冒執法人員誘騙受害人。值得注意的是，園區內大量使用中文。詐騙辦公室牆上可見「只要結果，拒絕理由」、「業績就是自尊」等標語；「中南醫院」內的藥品及儲物櫃也可見中文標示，凸顯這座電詐基地與中國犯罪網路的密切關聯。☆自由時報電子報提醒您，防詐騙專線︰165，報案專線︰110☆園區牆壁上貼滿簡體中文字標語。（法新社）    ",https://news.ltn.com.tw/news/world/breakingnews/5569203
名古屋暴雨「上班族照常出勤」 旅日台人看傻：居然沒放假？,國際,2026/09/10 12:40,"愛知縣名古屋市8日降下破歷史紀錄豪雨，導致市區道路淹水。（圖擷取自@yui_na7 社群平台「X」）日本東海地區8日出現「線狀降水帶」，愛知縣名古屋市在1小時內降下超過100毫米豪雨，打破2000年歷史紀錄，不僅造成市區道路淹水，JR、公車、新幹線、地下鐵等大眾運輸一度停駛。儘管當日發生豪大雨，1名旅日台人目睹一群日本上班族照常出勤工作，甚至在下班後走路回家，這一幕讓他直呼不可思議。據了解，受鋒面與熱帶低氣壓影響，名古屋市8日在短時間內降下驚人大雨，當地災警戒甚至拉到最高等級5。1名台灣網友在Threads分享，事發當天他人恰好在名古屋，親眼目睹豪雨帶來的淹水，導致當地交通大亂、瀕臨癱瘓，但一群穿著西裝襯衫、提著公事包的日本上班族，不僅照常外出工作、下班後徒步返家，隔日也繼續上班。請繼續往下閱讀...原PO表示，他事後查詢才發現，原來日本沒有像台灣設置由地方各政府宣布「停班停課」的制度，民間企業是否要停班，原則上須由各公司依照實際狀況來判斷，令他忍不住感嘆，如果同樣情況發生在台灣，恐怕早已引發大批民眾反彈炎上。該文一出，吸引逾30萬人次瀏覽，留言區也湧入大批台灣網友、旅日台人熱烈討論。眾人紛紛表示，「這就是日本人」、「台灣人動不動就哀父叫母怪中央政府」、「日本老公當天下午也是默默走路移動的其中一人」、「一些台灣人遇到這種事會狂叫民進黨下台，國民黨執政就沒事了」、「在日本，你因為任何天災人禍而無法準時到班，那是你失職！颱風暴雨遲到、人身事故（月台發生輕生墜落）導致電車誤點、感冒發燒，上司會說：怎麼不提早出門、連健康管理都不會，日本社畜是真的畜」。事實上，資深媒體人矢板明夫先前曾分享為何日本沒有「颱風假」等假期，提到日本人面對颱風等天災時，很少遲到或在家休息，是因為怕被人認為是在「偷懶」，並指出這點與日本憲法規定的3大國民義務有關，其中一個義務就是「勤勞」。矢板明夫認為，這種長期形成的社會氛圍，促使不少日本人即便遇到颱風、豪雨等惡劣氣候，也仍會選擇穿上雨衣、提早出門，盡可能維持正常出勤。相關新聞請見：來台遇過幾次颱風假「無風無雨」 矢板明夫：這種情況真的好嗎【大雨・動画】8日午後4時50分ごろ、名古屋市営地下鉄大曽根駅の状況です pic.twitter.com/G1ZSzOAdUr— 中日新聞 （@chunichi_denhen） September 8, 2026 【大雨・動画】8日午後4時50分ごろ、名古屋市営地下鉄大曽根駅の状況です pic.twitter.com/G1ZSzOAdUr名古屋・栄駅の4番出入り口周辺の様子が届きました。 pic.twitter.com/LXNsx6Ads8— 中日新聞 （@chunichi_denhen） September 8, 2026 名古屋・栄駅の4番出入り口周辺の様子が届きました。 pic.twitter.com/LXNsx6Ads8【現場の状況】名古屋市営地下鉄ナゴヤドーム前矢田駅が大雨で浸水 駅周辺道路も冠水9月8日 #名古屋 #大雨 : ニュース速報あれこれ総合 https://t.co/b0c5W5b8c5 #NHK #名古屋市 駅構内浸水排水洪水冠水 pic.twitter.com/MqOTgpBWxh— 災害火災画像速報ニュース2 （@Gt8VUlzRG7buafO） September 8, 2026 【現場の状況】名古屋市営地下鉄ナゴヤドーム前矢田駅が大雨で浸水 駅周辺道路も冠水9月8日 #名古屋 #大雨 : ニュース速報あれこれ総合 https://t.co/b0c5W5b8c5 #NHK #名古屋市 駅構内浸水排水洪水冠水 pic.twitter.com/MqOTgpBWxh地下鉄の出入口が…滝を見てるよう????地下鉄市バス全路線運転見合わせ#線状降水帯#名古屋市昭和区 pic.twitter.com/P4qslozMqD— きらり✨ （@kirakira_dia922） September 8, 2026 地下鉄の出入口が…滝を見てるよう????地下鉄市バス全路線運転見合わせ#線状降水帯#名古屋市昭和区 pic.twitter.com/P4qslozMqD名古屋雨ヤバすぎて電車止まっちゃった...????帰れない助けて???? pic.twitter.com/uJPTp9mJxG— はたぼー （@hatabo01227） September 8, 2026 名古屋雨ヤバすぎて電車止まっちゃった...????帰れない助けて???? pic.twitter.com/uJPTp9mJxG伏見駅、地下鉄全封鎖????腰まで行くよこれ。川だ pic.twitter.com/LpG8yHeFeP— ゆいなな⚡️???? （@yui_na7） September 8, 2026 伏見駅、地下鉄全封鎖????腰まで行くよこれ。川だ pic.twitter.com/LpG8yHeFeP名古屋は三角コーンがどんぶらこしてます。 pic.twitter.com/TKVKMizYH5— 醤油 （@syouyu_sin） September 8, 2026 名古屋は三角コーンがどんぶらこしてます。 pic.twitter.com/TKVKMizYH5名古屋の線状降水帯の影響で帰宅難民になってしまいましたJR再開まで名古屋駅に待機してましたが4時間過ぎ再開の目処たたず…河川の氾濫情報などから察するに厳しそうな気がしたので結局会社に戻っています名古屋市営地下鉄も運転見合わせなので徒歩です同じく帰宅困難者がいっぱいでした pic.twitter.com/fiBxQ0LlrW— ずぬんこ▪︎-33kg痩せて+2kgリバウンド （@znunko98） September 8, 2026 名古屋の線状降水帯の影響で帰宅難民になってしまいましたJR再開まで名古屋駅に待機してましたが4時間過ぎ再開の目処たたず…河川の氾濫情報などから察するに厳しそうな気がしたので結局会社に戻っています名古屋市営地下鉄も運転見合わせなので徒歩です同じく帰宅困難者がいっぱいでした pic.twitter.com/fiBxQ0LlrW    ",https://news.ltn.com.tw/news/world/breakingnews/5569148
川普放話恐打鎬山 警告伊朗別耍花招,國際,2026/09/10 12:07,美國總統川普9日表示，美國可能會打擊伊朗鎬山，並敦促伊朗「保持謹慎」。（美聯社）美國總統川普9日表示，美國可能會打擊伊朗鎬山（Pickaxe Mountain），並「敦促」伊朗保持謹慎。根據《路透》報導，川普9日在德州達拉斯舉行的共和黨大會上稱「我們注意到鎬山附近有一些活動。我建議伊朗不要耍花招，因為我們將不得不狠狠打擊。」請繼續往下閱讀...鎬山位於伊朗納坦茲（Natanz）鈾濃縮設施附近，該設施損毀嚴重。是一處戒備森嚴的據點，地下有2座大型隧道設施。自7月中旬後，川普就一直威脅要打擊鎬山。川普4日在白宮橢圓形辦公室接受媒體提問時也說，美國可能很快對伊朗鎬山發動攻擊。川普還指出，他傾向於將目前美伊局勢稱為「軍事衝突」，因為相較美國過去參與的戰爭，美伊衝突對美國而言只是「小事一樁」（small potatoes）。    ,https://news.ltn.com.tw/news/world/breakingnews/5569151
川普要求11月前出兵荷姆茲？ 青瓦台強調「1件事」：等李在明決定,國際,2026/09/10 11:59,青瓦台9日證實，目前尚未針對是否向荷姆茲海峽派兵作出最終決定。圖為南韓總統李在明。（歐新社資料照）南韓總統府青瓦台宣傳溝通首席秘書成耆洪9日證實，李在明政府目前尚未針對是否向荷姆茲海峽派兵作出最終決定，相關方案仍在審慎研究當中；洪成耆並強調，此事與韓美貿易談判並無掛鉤。韓聯社報導，談及早前有關「川普政府要求南韓最晚於11月派兵」的說法，成耆洪表示，目前相關討論仍處於實務階段，在形成統一立場之前，因部分零散意見流出，導致外界提前作出「南韓已經決定派兵」的判斷。請繼續往下閱讀...南韓總統李在明近日與法國總統馬克宏（Emmanuel Macron）舉行會談時表示，南韓與法國將繼續就恢復荷姆茲海峽航行自由保持密切合作。不過，成耆洪9日強調，不應將上述李在明的表態直接視同南韓將派兵前往荷姆茲海峽。成耆洪指出，相關方案最終將提交南韓國家安全保障會議（NSC）討論，再由李在明作出決定。他補充，南韓政府將自主判斷是否派兵，並強調此事與韓美貿易談判並無掛鉤。    ,https://news.ltn.com.tw/news/world/breakingnews/5569046
蘋果首推iPhone Duo！三星8連發狂酸「熱剩飯」 螢幕生意照樣賺,國際,2026/09/10 11:48,"蘋果（Apple）首款摺疊螢幕手機iPhone Duo。（法新社）蘋果2026秋季發表會於台灣時間10日正式登場，本次發表會最重磅的亮點，就是推出首款摺疊螢幕手機「iPhone Duo」。未料新品才剛發表，已在摺疊機市場深耕7年的老對手三星，便火速連發8篇貼文，直批蘋果炒冷飯、缺乏新意，甚至辛辣嗆聲「等你們熱完我們的剩飯再說」，引爆社群熱議。蘋果在發表會上端出開價1999美元的內摺旗艦iPhone Duo，正式跨足摺疊市場，但摺疊機先驅三星毫不留情地在X平台全面狠酸。不僅將蘋果新機譏諷為電玩遊戲《模擬市民》續作，並以「So far, so same」（到目前為止，還是老樣子）暗酸外觀與功能了無新意。請繼續往下閱讀...三星更直指安卓陣營早已玩爛這些技術，蘋果如今只不過是重新包裝他人玩剩的成果，「等你們熱完我們的剩飯再說」。同時也藉由自家旗下兼具左右開闔與上下翻折的完整產品線，嘲諷蘋果僅有一款摺疊機型，甚至公開對比厚度與重量大秀肌肉，更放話「讓我們等？好吧。我們會在這邊，以三種方式摺疊。」，暗指三星在多向或多型態摺疊螢幕技術上領先。有趣的是，新機命名「Duo」意外撞名語言學習軟體Duolingo（多鄰國）的綠色貓頭鷹吉祥物，促成一場社群大亂鬥。多鄰國小編先是發文笑稱希望自己的品牌沒有被侵權，接著又發文驚呼「它叫 iPhone 什麼？？？」三星隨即標註多鄰國喊話「他們也抄襲了我們，該團結了」試圖拉攏；怎料多鄰國不領情，反唇相譏「當一個醜陋的陌生人稱你為雙胞胎，無名小卒」，引來三星回嘴「注意你的言詞」，無厘頭互動讓圍觀網友全笑翻。儘管社群上煙硝味瀰漫，韓國先驅報指出iPhone Duo採用的關鍵摺疊螢幕仍由三星顯示（Samsung Display）供貨，呈現出「檯面上狠酸、檯面下照樣數鈔票」的商場常態。相關話題迅速登上多國社群熱搜，在蘋果正式進軍摺疊市場之際，兩大科技龍頭的角力已在上市前夕掀起空前話題。Let us know when you're done reheating our leftovers ????— Samsung Mobile US （@SamsungMobileUS） September 9, 2026 Let us know when you're done reheating our leftovers ????it’s called the iPhone WHAT???— Duolingo （@duolingo） September 9, 2026 it’s called the iPhone WHAT???Ugly?? Watch your language.— Samsung Mobile US （@SamsungMobileUS） September 9, 2026 Ugly?? Watch your language.    ",https://news.ltn.com.tw/news/world/breakingnews/5569090
贏下國會每人就發15萬！ 川普選前祭金錢攻勢,國際,2026/09/10 11:19,美國總統川普9日承諾，若共和黨在中期選舉中成功保住國會控制權，聯邦政府將向每位美國成年人發放5000美元。（路透）美國總統川普9日承諾，若共和黨在中期選舉中成功保住國會控制權，聯邦政府將向每位美國成年人發放5000美元（約台幣15.7萬元）。綜合《法新社》與《路透》報導，數據分析機構「決策桌總部」（Decision Desk HQ）預測，民主黨將在11月的選舉中以230席對205席贏得眾議院，並以51席對49席的優勢拿下參議院。川普9日在德州達拉斯舉行的共和黨大會上稱，若共和黨維持對國會的控制權，每位美國成年人都能獲得5000美元。請繼續往下閱讀...川普說「若共和黨贏得眾議院和參議院，而且是兩院都贏……鑑於我們在經濟上的巨大實力和成就，我將向每位美國成年公民發放5000美元的紅利。」川普表示，關於紅利有1項附加條件，那就是必須在美國境內使用。關於這筆錢的來源，川普並未說明，只是說「我們國家賺了很多錢。」    ,https://news.ltn.com.tw/news/world/breakingnews/5569072
自由說新聞》烏驚人空襲重創黑海艦隊！俄民眾崩潰：該死的惡夢！,國際,2026/09/10 11:19,全新的視界！新聞話題不漏接，快訂閱YouTube 【自由追新聞】，記得開啟小鈴鐺哦！    ,https://news.ltn.com.tw/news/world/breakingnews/5569142
打開潘朵拉盒子！伊朗首用集束彈頭攻擊畫面曝 傳A-10斷翼、8架F-15受損,國際,2026/09/10 11:08,"伊朗對向約旦境內的穆瓦法克·薩爾蒂空軍基地，首度動用集束彈頭攻擊，有美國媒體透露，基地多架美國軍機受損。（圖擷自X）為報復美軍擊沉多艘油輪，伊朗對約旦境內的穆瓦法克·薩爾蒂空軍基地（Muwaffaq Salti Air Base）發動近期內規模最大的彈道飛彈打擊，同時首度動用集束彈頭，彈頭炸開，子彈藥散佈在夜空中畫面曝光，有美國媒體透露，基地多架美國軍機受損。綜合外媒報導，伊朗9日對駐約旦美軍發動攻擊，20枚伊朗彈道飛彈來襲，並且開戰後首見使用搭載集束彈藥的彈道飛彈，集束彈藥會在廣大範圍內散布子彈藥，其設計目的就是將破壞效果最大化，這顯示伊朗可能企圖造成更大規模的破壞或人員傷亡，進一步讓美國付出更高的人命與政治代價。請繼續往下閱讀...駐紮在約旦的美軍發射30枚愛國者防空飛彈抵禦伊朗的攻擊，其中攔截到其中18枚攻擊。兩名美國官員表示，這次攻擊僅對美軍裝備造成「輕微」損害，並未造成任何美軍人員死亡。不過《哥倫比亞廣播公司》（CBS）資深白宮記者雅各布斯（Jennifer Jacobs）在X發文透露，消息人士指出，一架外號「疣豬」（Warthog）的A-10「雷霆二式」（Thunderbolt）攻擊機遭擊中，一側機翼斷裂；另有約8架F-15受到輕微損傷，之後已重新投入使用。News: Multiple American military aircraft suffered damage in strikes overnight on Muwaffaq Salti Air Base in Jordan, sources told @JimLaPorta and me. One A-10 Thunderbolt, known as the Warthog, was struck and left with a missing wing. Roughly eight F-15s sustained light damage…— Jennifer Jacobs （@JenniferJJacobs） September 10, 2026 News: Multiple American military aircraft suffered damage in strikes overnight on Muwaffaq Salti Air Base in Jordan, sources told @JimLaPorta and me. One A-10 Thunderbolt, known as the Warthog, was struck and left with a missing wing. Roughly eight F-15s sustained light damage…For the first time in months, Iranian forces used medium-range ballistic missiles armed with cluster munitions to attack US forces in Jordan tonight. pic.twitter.com/DamphtCrT8— OSINTtechnical （@Osinttechnical） September 8, 2026 For the first time in months, Iranian forces used medium-range ballistic missiles armed with cluster munitions to attack US forces in Jordan tonight. pic.twitter.com/DamphtCrT8    ",https://news.ltn.com.tw/news/world/breakingnews/5569006
餐廳一碰鬧上法院！中國女控4歲童「摸臀性騷擾」 網看監視器炸鍋,國際,2026/09/10 10:50,"中國湖南一名女子在餐廳被4歲男童摸臀。（本報合成，擷取自微博）中國湖南一家餐廳日前爆發一起糾紛，一名4歲男童持玩具槍在走道奔跑時，手部擦碰到一名女顧客的臀部，女子暴怒認定遭到「猥褻與性騷擾」，當場勒住男童衣領理論，雙方事後三次調解破局，女子更堅持正式提告、誓言將4歲幼童送上法庭受教訓。加拿大約克大學副教授沈榮欽轉發此案後，引發兩岸網友對「過度維權」與「幼童管教」的熱烈論戰。事發於湖南某家餐廳內，男童手持玩具槍在走道奔跑嬉戲，父母則在一旁用餐未多加約束。期間一名女性顧客自覺臀部遭碰觸，回頭發現是奔跑中的男童，隨即大聲喝斥並快步追上前一把抓住男童衣領。男童嚇得當場嚎啕大哭，父母聞聲趕來，雙方爆發激烈口角。請繼續往下閱讀...女顧客主張男童刻意摸臀，行為構成猥褻與性騷擾，強烈要求家長當面道歉或錄製道歉影片上傳，並白紙黑字承諾加強管教。男童父母則反駁，孩子僅有4歲，奔跑穿過走道時純屬意外碰觸絕非故意；家長更痛心指控，女子當下粗暴拉扯衣領勒住孩子脖子，造成男童頸部出現明顯勒痕與瘀青，要求女子也必須道歉，但女子辯稱傷勢非故意造成而拒絕致歉。調閱餐廳監視器畫面後證實，男童奔跑時手的確碰到了女子臀部，女子便咬定這是性騷擾鐵證。當地相關部門介入調解三次皆告破局，儘管男童父母退讓表示遺憾並負擔相關醫藥費，女子仍不依不饒，正式向法院遞狀對4歲男童提起性騷擾訴訟，聲稱要讓孩子在法庭上接受教訓。該女子事後在抖音拍片哭訴自己是受害者，還展示智慧手錶心率飆破每分鐘120次以證明驚恐萬分，但其帳號不久後便遭官方封禁。媒體進一步起底發現，女子過去在社群上經常與人爆發衝突，從學校宿舍管理員、滴滴司機一路吵到4歲男童，始終高喊「維權不能妥協」。這場4歲幼童挨告性騷擾的鬧劇引來大量中國網友撻伐，風向一面倒同情男童，指出「小男孩跑過去通道正好有點擠 他雙手推開障礙而已」、「而且原聲影片裡，孩子還說了一句，你好，讓一讓這樣的話」、「看影片就可以看出，小孩不是故意的，家里有小孩的都知道，小孩跑跑跳跳這很正常」。不過亦有部分網友提醒，家長在公共場合放任幼童橫衝直撞確實欠缺管教，若第一時間能誠懇致歉，或許就不至於讓事態失控演變成法庭鬧劇。這起事件也引發台灣網友關注，「戾氣很重的社會，對共產黨的不滿不敢發作，只好把氣都出在別人身上，可悲」、「父母只顧自己用餐，放任孩子在餐廳玩鬧，不在乎是否造成他人困擾，如果因而發生意外，再追究餐廳責任求償？中國的日常。維護自身權益是先進國家的基本態度，但是，因為一個碰撞就爆氣抓小孩導致輕微受傷，甚至追究刑責？太誇張。」、「心裡是支持女子提告，因為在中國這些熊孩子被父母親放縱到在餐廳公共場合奔跑沒人管，放縱小孩高鐵上大聲放出平板遊戲聲音，然後等小孩撞出事情了告餐廳跟倒霉路人」。4歲男童餐廳奔跑意外碰觸，卻被製造「算不算性騷擾」的偽命題，流量不該消費未成年人。#4歲男童摸臀算不算性騷擾 #輿論消費未成年人 pic.twitter.com/IxjyWB1GMn— Amazing Taishun （@Amazing_Taishun） September 9, 2026 4歲男童餐廳奔跑意外碰觸，卻被製造「算不算性騷擾」的偽命題，流量不該消費未成年人。#4歲男童摸臀算不算性騷擾 #輿論消費未成年人 pic.twitter.com/IxjyWB1GMn    ",https://news.ltn.com.tw/news/world/breakingnews/5569020
川普稱伊朗戰爭「期中選舉後」立刻結束 白宮高層：恐打到卸任,國際,2026/09/10 10:46,美國總統川普週三宣稱，等期中選舉一結束，美伊戰爭就會立即落幕，因為伊朗已經撐不下去。不過外媒指多名白宮高層對此撥冷水，警告美伊衝突可能延燒到川普2029年卸任。（法新社）美國總統川普週三宣稱，等期中選舉一結束，美伊戰爭就會立即落幕，因為伊朗已經撐不下去，且油價也會大幅下跌。外媒指多名白宮高層對此撥冷水，警告德黑蘭當局的抵抗力道不容小覷，美伊衝突甚至可能延燒到川普2029年卸任。美伊衝突難解，美國將於11月初舉行期中選舉，距今已不到兩個月，川普週三卻對媒體稱，美伊戰爭將在11月期中選舉後「立即結束」，因為伊朗已經撐不下去。川普也放話，在選舉過後油價就會大幅下跌。不過他的說法也再度掀起外界質疑。請繼續往下閱讀...據外媒報導，包含副總統范斯（JD Vance）與國務卿魯比歐（Marco Rubio）等白宮高層以及其他官員，都私下向川普發出警告，直言德黑蘭當局可能會持續抵抗美國的施壓，從而導致雙方衝突可能會一路拖延到2029年1月的總統就職日後，也就是川普卸任前可能都無法擺脫。這項消息與川普的說法恰成強烈對比。對此白宮方面回應，川普總統已經摧毀了伊朗的軍事能力，並正利用世界歷史上最強大的海軍封鎖和毀滅性制裁，重創其本已糟糕透頂的經濟。至於川普將採取何種行動以及何時行動，唯有川普總統本人知曉。    ,https://news.ltn.com.tw/news/world/breakingnews/5568953
菲律賓渡輪起火致5死87失蹤 大火吞噬船隻影片曝光,國際,2026/09/10 10:35,"1艘渡輪在菲律賓巴拉望省附近海域起火。（擷自X@Dennis_Datu）菲律賓海岸警衛隊10日表示，1艘渡輪在巴拉望省（Palawan）附近海域起火，造成至少5人死亡和87人下落不明。根據《法新社》報導，海岸防衛隊指出，1艘名為「六月星號」（M/V June Aster）的渡輪於9日晚間在巴拉望省科隆（Coron）附近海域起火。船舶即時追蹤平台「MarineTraffic」的數據顯示，「六月星號」是從菲律賓首都馬尼拉出發的。請繼續往下閱讀...目前船上已有42人獲救。菲律賓海岸警衛隊在Facebook上分享的影片顯示，整艘船都被大火吞噬。海岸警衛隊隊長卡亞比亞布（Noemi Cayabyab）稱，船上共有134人，目前仍有87人下落不明。卡亞比亞布強調，這些數據是即時更新的，隨著搜救行動持續進行，數字可能會改變。卡亞比亞布補充，由於海岸警衛隊無法與獲救人員取得聯繫，因此尚未獲得他們的訊息。Nasunog ang pampasaherong barko na MV Junes Aster ng Atienza Interisland Shipping Lines malapit sa Coron, Palawan.????: Philippine Coast Guard pic.twitter.com/lvTbbEOURb— Dennis Datu （@Dennis_Datu） September 9, 2026 Nasunog ang pampasaherong barko na MV Junes Aster ng Atienza Interisland Shipping Lines malapit sa Coron, Palawan.????: Philippine Coast Guard pic.twitter.com/lvTbbEOURb    ",https://news.ltn.com.tw/news/world/breakingnews/5569023
卡達送的！空軍一號逃生滑梯突彈開 川普：不安全我不搭,國際,2026/09/10 10:26,知情人士透露，軍方人員9日意外觸發了空軍一號的逃生滑梯。（路透）美國總統川普9日搭乘卡達贈送的「空軍一號」專機，從華府啟程前往德州。登機前，專機的緊急逃生滑梯意外展開，隨後被拆除。路透報導，1名知情人士透露，軍方人員意外觸發了逃生滑梯。事件發生在川普登機前不久，他當時準備搭機前往達拉斯，參加共和黨首次舉行的期中選舉大會。臨時狀況短暫延誤了川普的行程。請繼續往下閱讀...1名記者詢問川普，是否確定專機可以安全飛行，川普回答：「是的，我確定，不然我就不會在飛機上了。」現場可看到展開的緊急逃生滑梯正被移開。報導稱，波音（Boeing）747-8客機通常配備12具充氣式緊急逃生滑梯。滑梯的用途是讓乘客能從約9公尺高度安全抵達地面。美國空軍並未立即回應置評要求。川普去年接受卡達贈送的專機後，自今年7月1日起開始搭乘這架巨型客機。正式使用之前，相關單位曾加速對這架747客機進行改裝工作。川普上週指出，這架747客機將於10月暫停使用，以進行未具體說明的安全升級作業，預計耗時約60天。    ,https://news.ltn.com.tw/news/world/breakingnews/5568909
力挺美國襲涉運毒船隻 魯比歐：不出手拉美將被「癌症」吞噬,國際,2026/09/10 09:49,美國國務卿魯比歐9日訪問厄瓜多期間，為備受爭議的打擊涉嫌運毒船隻行動辯護。（路透）美國國務卿魯比歐9日訪問厄瓜多期間，為備受爭議的打擊涉嫌運毒船隻行動辯護。魯比歐主張，若美國不出手遏制販毒行徑，拉丁美洲將遭到販毒集團吞噬。根據《法新社》報導，自從川普重返白宮後，美國一直對往返加勒比海和東太平洋已知販毒路線的船隻進行空襲。據五角大廈統計，這些行動已造成200多人死亡。對此人權組織提出質疑，稱這些船隻在沒有足夠證據證明與販毒活動相關的情況下就被美國列為打擊目標。請繼續往下閱讀...魯比歐9日在厄瓜多首都基多與該國總統諾波亞（Daniel Noboa）進行完會談後，強調美國將繼續打擊販毒勢力。魯比歐稱「如果不打擊它們，它們會吞噬拉丁美洲國家。這就像癌症一樣，不斷蔓延，直到國家徹底滅亡。」魯比歐還說「我們談論的是恐怖分子。在很多情況下，這些人擁有的武器裝備堪比某些國家的軍隊。」魯比歐最後表示，他很高興看到拉丁美洲某些國家領導人認真看待打擊販毒組織，否則將看到一個又一個國家走向失敗。☆少一份毒品就多一份健康，自由時報提醒您遠離毒品☆    ,https://news.ltn.com.tw/news/world/breakingnews/5568955
奪嫡？全球「最年輕君主」34歲病逝 新聞主播繼承王位爆爭議,國際,2026/09/10 08:41,"烏干達土柔王國（Tooro Kingdom）前國王歐尤（King Oyo）上月因癌症病逝，享年34歲。（美聯社）烏干達土柔王國（Tooro Kingdom）前國王歐尤（King Oyo）上月因癌症病逝，享年34歲。王室繼承委員會9日宣布，選定國營媒體新聞主播兼編輯基賈南戈馬（Edward Rukidi Kijanangoma）為王儲，預計本週加冕為新國王。土柔王國位於烏干達西部，是烏干達政府承認的5個傳統王國之一。烏干達脫離英國殖民統治後，傳統王國一度遭政府廢除，直到1993年才恢復。這些王國雖無正式主權及政治權力，法律也禁止君主參與政黨政治，但仍以部族文化守護者身分，具有龐大的文化與社會影響力。請繼續往下閱讀...綜合外媒報導，基賈南戈馬是已故國王的堂兄弟，目前任職於國營烏干達廣播公司（Uganda Broadcasting Corporation）。他以作風親民著稱，王室選擇由他繼位，可能是為兼顧傳統及王位延續，也回應部分人士反對再次由年幼孩童登基的意見。歐尤全名為歐尤．尼因巴．卡班巴．伊古魯．魯基迪四世（Oyo Nyimba Kabamba Iguru Rukidi IV），1995年在父親去世後，以3歲之齡登上王位，經金氏世界紀錄認證為當時全球最年輕的在位君主。今年8月27日，歐尤在美國病逝，遺體預定本週六安葬於土柔王宮附近的王室陵墓，預料將有數萬名民眾參加喪禮。烏干達總統穆塞維尼（Yoweri Museveni）及土柔王國總理先前都曾表示，未婚的歐尤留下一名非婚生子嗣，可望成為繼承人，但王室繼承委員會最終另選基賈南戈馬。歐尤的姊姊反對這項決定，並指此舉可能製造分裂與動盪。她強調，遺囑已清楚表明留有王位繼承人。外界認為，若歐尤的支持者不接受遴選結果，不排除提出法律挑戰。今年8月27日，歐尤在美國病逝，遺體預定本週六安葬於土柔王宮附近的王室陵墓，預料將有數萬名民眾參加喪禮。（路透）    ",https://news.ltn.com.tw/news/world/breakingnews/5568922
俄烏停戰？川普稱「普廷想達成協議」：他們倆因「互恨」卡關,國際,2026/09/10 08:13,美國總統川普9日指出，俄羅斯總統普廷希望達成協議，結束烏克蘭戰爭。（法新社）美國總統川普9日表示，他本週稍早與俄羅斯總統普廷（Vladimir Putin）進行了一場「很棒」的對話，並稱普廷希望達成協議，結束烏克蘭戰爭。路透報導，川普9日搭上空軍一號前往達拉斯參加共和黨全國代表大會前告訴記者：「他想達成協議，如果澤倫斯基（Volodymyr Zelenskiy，烏克蘭總統）也想達成協議，那就太好了。」請繼續往下閱讀...川普8日與普廷通電話。不久前，美國特使魏科夫（Steve Witkoff）及川普女婿庫許納（Jared Kushner）才結束赴莫斯科及基輔的外交訪問行程返國。兩人負責美國大部分重要的和平談判，並討論了可能促成這場戰爭結束的方案。上月，美國中央情報局（CIA）局長雷克里夫（John Ratcliffe）與俄羅斯情報官員在莫斯科會面，部分目的在於敦促俄方官員結束入侵烏克蘭。路透指出，儘管美方做出上述努力，加上川普發表相關談話，美國、烏克蘭及歐洲各地的情報官員仍持續質疑，普廷是否真的有意結束這場已邁入第4年的戰爭。談及普廷與澤倫斯基時，川普9日告訴記者：「卡關的原因，就是兩個彼此憎恨的人。」川普說：「我認為最主要的問題，就是這兩個人彼此憎恨。」    ,https://news.ltn.com.tw/news/world/breakingnews/5568898
川普稱伊朗戰爭「期中選舉後立即結束」 油價也會大幅下跌,國際,2026/09/10 08:04,美伊衝突近期持續升溫，國際油價進一步走高，美國總統川普週三表示，等期中選舉一結束，美伊戰爭就會立即落幕，因為伊朗已經撐不下去，且油價也會大幅下跌。（法新社）美伊衝突近期持續升溫，國際油價進一步走高，美國總統川普週三表示，等期中選舉一結束，油價就會開始暴跌，針對媒體詢問這項預測的依據，川普則稱伊朗「已經無法再支撐下去」，並堅稱戰事將在期中選舉結束後立即落幕。綜合媒體報導，美國將於11月初舉行期中選舉，距今已不到兩個月，川普週三在前往德州出席共和黨期中選舉大會前對媒體稱，美伊戰爭將在11月期中選舉後「立即結束」，因為伊朗已經撐不下去。他也警告，針對伊朗的更多打擊行動即將到來。請繼續往下閱讀...川普還指控德黑蘭意圖影響選舉結果，「好讓一群軟弱無能的人選上，就會放任他們不管，讓他們擁有核武」。不過川普也坦承，外交談判仍是一種可能的選項，但並非目前考慮的方向。川普稱起初確實想達成協議，但目前伊朗的處境已岌岌可危，所以他們不再尋求達成協議了。針對美伊衝突升溫，再度推升油價，川普稱伊朗現在一團混亂、通膨嚴重，而美國掌控了荷姆茲海峽（Strait of Hormuz）。川普也預期在選舉過後，油價將大幅下跌，並稱「我們會把價格壓到每加侖2美元以下」。川普雖然再度放話，但並未對自己的說法提出證據，也未進一步解釋油價與戰爭為何會在選後迅速逆轉。    ,https://news.ltn.com.tw/news/world/breakingnews/5568896
航程減少20天！中國貨櫃輪首航「北極航線」 抵達英國,國際,2026/09/10 07:29,中國貨櫃輪「杜拜塔」號9日抵達英國提斯港。這是中國第一條利用北極航線，從亞洲通往歐洲的新定期貨運航線。（路透）首次上稿 09-09 23:29更新時間 09-10 07:29中國貨櫃輪「杜拜塔」號（Dubai Tower）從浙江寧波舟山港出發、9日抵達英國提斯港（Teesport），完成經北極航線抵達歐洲的首趟定期貨運航行。請繼續往下閱讀...北極航線（又稱北方海航道）從東北亞出發，經白令海峽、沿俄羅斯北部海岸西行直達歐洲，是連接亞洲與歐洲最短的海上航線。相比傳統蘇伊士運河航線約40天的航程，北極航線僅需約20天，航程縮短近半，且全程繞開紅海、麻六甲海峽等地緣衝突高風險海域。「杜拜塔號」8月15日啟航，搭載儲能櫃、動力電池、光電零組件及新能源零組件等高附加值貨物，貨源集中來自寧波、義烏等長三角製造業集中地。中國「海杰航運」計劃本季共執行八趟北極航程，實行周班營運。南韓也正測試此航線，一艘貨櫃輪上月已啟航前往英國。此航線源自中國國家主席習近平2017年提出的「冰上絲綢之路」構想。2018年，中方發布「中國的北極政策」白皮書，正式推動北極航道開發利用。2025年9月，「伊斯坦堡橋」號貨櫃輪完成首次試航，從寧波舟山港出發，20天後抵達英國費利克斯托港，驗證了航線的可行性。恐破壞脆弱北極生態儘管北極航線優勢明顯，但航運專家認為目前仍不具全面商業可行性。主要障礙包括：需特製強化船隻與破冰船護航、保險費高昂、極端天氣導致航程難以預測，且大部分航線沿俄羅斯北岸行駛，須支付通行費。在西方對俄制裁背景下，許多公司對此持謹慎態度。華盛頓智庫「國防優先」的分析師戈德斯坦也表示，此航線「顯然使中俄關係更加緊密」。此外，通航窗口期有限，每年僅7月下旬至10月左右可航行。紐約時報引用航運分析師說法報導，2025年僅13艘貨櫃輪通過北方海航道，遠低於蘇伊士運河的1800艘以上。值得注意的是，早在2018年，丹麥航運商馬士基（Maersk）就曾派出首艘貨櫃船穿越北極航線，但隨後承諾不再走這條航線，以防破壞脆弱的北極生態系統。    ,https://news.ltn.com.tw/news/world/breakingnews/5568849
中英對照讀新聞》Rhine drops to lowest recorded level萊茵河降至有紀錄以來最低水位,國際,2026/09/10 05:30,"萊茵河流入荷蘭處的水位已降至有紀錄以來的最低點。（法新社檔案照）◎國際新聞中心The Rhine has dropped to its lowest recorded level at the point where it flows into the Netherlands and is due to drop further due to drought, officials said Thursday.萊茵河流入荷蘭處的水位已降至有紀錄以來的最低點，而且由於乾旱，預計水位將進一步下降，官員週四表示。請繼續往下閱讀...""The drought in the Netherlands continues to worsen,"" the Dutch infrastructure and water management ministry said Thursday.「荷蘭的乾旱情況持續惡化，」荷蘭基礎設施暨水資源管理部週四表示。The river is the second longest in western and central Europe after the Danube and one of the world’s most important commercial transport arteries.這條河是歐洲西部和中部僅次於多瑙河的第二長河，也是世界上最重要的商業運輸動脈之一。Countries across Europe are facing a major drought, with parched rivers, water restrictions and devastating wildfires after a historic heatwave in June. (AFP)在經歷6月的歷史性熱浪後，歐洲各國正面臨嚴重乾旱，出現河流乾涸、限水措施，以及毀滅性的野火。（法新社）新聞辭典artery︰名詞，動脈、幹線。例句：Traffic was heavy on the main arteries into the city.（通往市區的主要幹道交通壅塞。）parched︰形容詞，乾枯的、焦乾的。例句：The parched earth desperately needed rain.（乾枯的土地極度需要雨水。）    ",https://news.ltn.com.tw/news/world/paper/1770046
香港首任特首董建華 89歲辭世,國際,2026/09/10 05:30,香港主權移交中國後的首任行政長官（特首）董建華，8日晚間辭世，享壽89歲。（歐新社檔案照）香港主權移交中國後的首任特區行政長官董建華，八日因病過世，享壽八十九歲。董建華任內提出香港基本法廿三條立法，引發政治動盪，以致未能完成兩任，黯然提前下台。董建華辦公室聲明，董建華「八日安詳辭世，摯親隨侍」。他二〇二一年三月出席中國全國人大會議開幕，離場時曾意外跌倒，需由數人攙扶才能起身；最後一次出現在公開場合是同年七月參加中共建黨百年電影首映典禮，之後缺席所有重要活動，二〇二二年中國國家主席習近平訪問香港出席主權移交廿五週年活動，也未公開露面。請繼續往下閱讀...生於上海的董建華，為香港航運大亨董浩雲之子，在一九九七年香港主權移交，被當時中共總書記江澤民欽點，出任首任特首，上任初期支持度一度高達七十％。但當年七月開始的亞洲金融風暴、二〇〇三年的「嚴重急性呼吸道症候群」（SARS）疫情影響民生、經濟穩定，以及中國統治初期爆發的大規模示威，都打擊其聲望。董建華的許多政策為香港主權移交後的發展制定基調，包括強化與中國的經濟關係，但也引發多年來香港根深蒂固的不滿。〇二年連任後，〇三提出極具爭議的基本法廿三條立法，掀起政治動盪，當年香港「七一」五十萬人上街反廿三條立法，迫使董建華撤回立法草案。但是廿三條立法爭議開啟了香港的民主運動浪潮，也為民主派與北京為香港未來而起的緊張關係鋪路，〇四年七一再有五十萬人上街，爭取特首普選、立法會全面直選，最終在一四、一九年兩波長達數月的民主抗爭達到沸騰。除了廿三條立法，董建華的教育改革、俗稱「八萬五建屋計畫」的每年興建八萬五千間房屋政策，最後都成效不彰。隨著支持率下滑，昔日北京欽點的「黑馬董」，被取了外號「老懵董」。〇五年三月，董建華以身體不適為由向中央請辭，當時他對記者說原因為「腳痛」，當時離任期結束還有兩年。英國駐香港總領事館發文表示，董建華任內和英國就落實中英聯合聲明的承諾維持緊密而具建設性的合作。美國駐港澳總領事館指董建華對「促進美國和香港之間關係，發揮了重要作用」。中共港澳辦向董建華夫人發唁電致哀，稱其全面準確、堅定不移貫徹一國兩制、港人治港，為香港平穩過度和一國兩制成功實踐有重大貢獻。新華社報導稱他為「著名愛國人士」、「中共的親密朋友」。政界關注曾任全國政協副主席、為副國級領導人的董建華，是否獲得國葬待遇。過去紀錄中香港兩人獲此待遇，一為前全國政協副主席安子介，一為著名愛國商人霍英東。    ,https://news.ltn.com.tw/news/world/paper/1770089
戰爭燒錢！俄軍費半年4兆 創歷史新高,國際,2026/09/10 05:30,俄羅斯9日凌晨向烏克蘭6個地區發射彈道飛彈、巡弋飛彈與無人機，造成至少2死7傷。在第二大城哈爾科夫，一列客運火車也遭俄軍無人機攻擊，（路透）。打烏克蘭 平均每小時噴9億俄羅斯媒體披露，俄國二〇二六年上半年用於對烏克蘭戰爭的聯邦政府支出，達十‧六八七兆盧布（約新台幣四兆元），創下歷史新高。平均而言，俄羅斯每月投入約一‧七八兆盧布於戰爭機器，相當於每天五九〇億盧布、每小時廿五億盧布（約新台幣九億元）。「莫斯科時報」報導，俄羅斯今年上半年軍事支出比二〇二四年同期增加六十五％，較二三年同期增加一四五％，並比全面入侵烏克蘭第一年的水準高出二八五％；與戰前二〇二一年相比，更已超過五倍。請繼續往下閱讀...德國國際暨安全研究所資深研究員克魯格（Janis Kluge）指出，軍事及武器生產支出較去年同期增加卅％，增幅達二‧四六兆盧布，導致戰爭支出佔俄國聯邦預算的比重升至歷史新高。軍事支出佔今年上半年聯邦政府總支出的四十三‧八％，相當於政府同期總收入的五十七‧三％；去年同期分別為卅九‧二％及四十六‧八％，全面入侵前則僅約廿％及十九‧八％。其中約三分之二軍事支出屬於機密項目，公開國防預算僅列出三‧五四六兆盧布，另有七‧一四一兆盧布透過機密支出撥付，後者較去年同期增加四十二％，已超過戰前七倍。支出相當於GDP的10.5％自二〇二二年二月全面入侵烏克蘭以來，俄羅斯累計投入軍事及武器採購的支出已達五十七‧一四四兆盧布（約新台幣廿一兆元），接近俄羅斯中央銀行截至八月初的七二〇三億美元黃金與外匯存底。俄羅斯二〇二六年原先編列國防支出佔國內生產毛額（GDP）的六‧七％，但實際支出約為原定規模的一‧五倍，今年上半年已相當於GDP的十‧五％。龐大的戰爭支出正與能源收入下滑形成雙重壓力。俄羅斯油氣收入連續第二年下降，聯邦預算赤字截至八月初已達六‧四五兆盧布，是政府原先設定全年赤字目標的兩倍。為填補財政缺口，政府春季削減民用預算支出三分之一，並要求政府機構裁減十五％人力；財政部估算，若未進一步削減支出，全年預算缺口可能擴大至九兆盧布。與此同時，俄羅斯企業獲利及投資也持續惡化，顯示戰爭經濟正對民間部門形成更大壓力。俄羅斯9日凌晨向烏克蘭6個地區發射彈道飛彈、巡弋飛彈與無人機，造成至少2死7傷。在基輔達爾尼茨基區（Darnytskyi），一架無人機直接撞擊一棟22層住宅大樓，造成4名住戶受傷。（歐新社）    ,https://news.ltn.com.tw/news/world/paper/1770091
CIA擴大間諜活動 對象納中企,國際,2026/09/10 05:30,美國中央情報局（CIA）副局長艾利斯。（取自CIA官網）美中競爭從軍事領域延伸至經濟、科技 情蒐方式大幅改變中國國家主席習近平本月將訪問華府，美國中央情報局（CIA）副局長艾利斯（Michael Ellis，見右圖，取自CIA官網）八日罕見地公開表示，為因應中國同時構成軍事與經濟威脅，美國正擴大對中國的情報活動範圍，包括將中國企業納入情蒐目標。他強調，隨著美中競爭從軍事領域延伸至經濟與科技層面，中情局及其他情報機構的情報蒐集方式，也已大幅改變。請繼續往下閱讀...副局長：中國不存在獨立企業紐約時報報導，艾利斯在華府一場網路安全會議上指出，與過去的地緣政治對手不同，中國構成「根本不同類型的威脅」，因為雙方競爭也發生在經濟領域。他表示，在中國共產黨統治下，中國並不存在類似美國或歐洲多數國家的獨立企業，因此中國企業在人工智慧（AI）、半導體及生物科技等領域，也可以成為合法的間諜活動目標。艾利斯說，中情局之所以必須擴大情蒐任務，是因為這些科技領域的重要情報，並不存在於傳統政治或軍事情報來源相同的地方，而是存在於民間企業部門，或中國這個政府與企業界高度交織的環境中。他表示，美國歷屆政府通常試圖區分國防與外交政策所需的情報蒐集，以及基於經濟目的的間諜活動，但如今這條界線愈來愈難以界定。「不只是坦克、飛彈和潛艦」艾利斯指出，歐巴馬政府過去曾多次指責中國駭客竊取美國企業智慧財產，並在二〇一五年與北京簽署協議，同意雙方不從事經濟間諜活動，但美國後來指控中國違反協議。他說，美國一直以某種形式蒐集情報，現在不同之處在於，情報工作已「不只是坦克、飛彈和潛艦」。艾利斯前述發言，正值美國總統川普預定本月接待習近平進行國是訪問之際，美中兩國在AI與貿易方面的競爭，料將成為峰會議題。同日，美國國家安全局（NSA）、聯邦調查局（FBI）及網路安全和基礎設施安全局（CISA）聯合發布聲明，指控中國AI企業至少自二〇二四年起，以「工業規模」竊取美國同業的商業機密，並利用「蒸餾」（distillation）技術發展AI模型。此外，艾利斯表示，中情局近年的改革，包括去年提升網路任務中心的地位，使該機構能更有效達成川普政府的國家安全目標，今年一月美軍在委內瑞拉的突襲行動，逮捕前總統馬杜羅，便是成果之一。至於中國相關的「鹽颱風」（Salt Typhoon）電信網路入侵事件，艾利斯坦承，事件曝光近兩年後，仍是美國面臨的「非常重大威脅」。    ,https://news.ltn.com.tw/news/world/paper/1770087
中國經濟逆風 民間掀懷舊毛澤東平均主義,國際,2026/09/10 05:30,毛澤東故鄉湖南韶山8日湧入大批支持者與年輕遊客，在毛澤東銅像前排隊獻花、鞠躬。（歐新社）中共建政領袖毛澤東逝世9日屆滿50週年，毛澤東故鄉湖南韶山8日湧入大批支持者與年輕遊客，在毛澤東銅像前排隊獻花、鞠躬，甚至有狂熱者揮舞「紅寶書」高唱革命歌曲，顯示在中國經濟成長趨緩、社會焦慮攀升的背景下，民間再度掀起對毛澤東時代「平均主義」的懷舊情緒。而在政治高層，中國國家主席習近平則打破「改革開放」以來的政治慣例，持續深化形同毛時代的高度集權路線，並結合強烈的民族主義與民粹主義，顯示毛澤東的政治遺產依然深刻影響著當代中國。    ,https://news.ltn.com.tw/news/world/paper/1770090
日在野結盟中道 8個月即分裂,國際,2026/09/10 05:30,日本在野陣營的立憲民主黨與公明黨，今年初組成「中道改革連合」投入眾議院大選，但結黨僅約8個月即告分裂。中道代表小川淳也9日宣布，原立憲系議員將另組新黨，原公明系議員則全部重返公明黨，但仍將在眾院合組名為「中道」的會派。（歐新社檔案照）對抗高市早苗 日版「藍白合」日本在野陣營的立憲民主黨與公明黨，為對抗高市早苗政權，今年初組成「中道改革連合」（簡稱中道）投入眾議院大選，但結黨僅約八個月即告分裂。中道九日宣布，原立憲系議員將另組新黨，原公明系議員則全部重返公明黨，但仍將在眾院合組名為「中道」的會派，試圖維持第一大在野會派地位。日媒批選舉互助會這場堪稱為日版「藍白合」的在野整合，被日本媒體評為擱置理念及政策的「選舉互助會」，因選舉而結合，因敗選而分裂。請繼續往下閱讀...中道是今年一月由立憲與公明兩黨的眾議員集結成立，原本計畫選後進一步吸收兩黨參議員及地方議員，打造從溫和保守到自由派的「中道大聯盟」，形成對抗政治立場偏保守的高市政權的新軸線。但中道在二月八日的眾院大選中慘敗，席次從選前的一七二席銳減為四十九席，其中還包括六席是因自民黨提名不足而「撿到的」比例席次。敗選後兩位共同黨主席引咎下台，全黨士氣盪到谷底，整合氣勢迅速消退。立憲、中道、公明三黨六月起展開合併談判，希望趕在秋季臨時國會前完成整合，但八月底宣告合併構想破局。中道代表小川淳也九日宣布中道將「分家」。目前中道共有四十九名眾議員，包括廿一名立憲系、廿八名公明系，立憲系大部分議員將另組新黨，公明系則回歸公明黨。中道暫時留下一名議員處理財務等善後工作。疑為領補助款 年底才熄燈由於中道今年度可領取共約廿三‧四億圓（約新台幣五億元）的政黨補助金，目前仍有約十一‧七億圓尚未領取，中道宣布分家但要到年底才正式熄燈，也被批評是為了領取這筆補助金。中道分裂的核心原因，在於各黨雖然可以在「對抗高市政權」的選舉目標下合作，卻始終無法將此目標轉化為共同國家路線。對此，日本各大報罕見出現頗為一致的評論。日經指出，中道失敗在於擱置政策討論；朝日認為，合併的形式先行，作為集結旗幟的政策，以及安保、能源等基本政策的共識，反而被延後處理；讀賣也指出，立憲參院議員自由派色彩較強，要與公明系整合安全保障政策，本來就存在相當大的難度。產經的批判更直接，將中道形容為擱置理念及政策的「選舉互助會」，認為政黨本應由具有共同政治理念及政策的志同道合者組成，只為對抗執政黨而湊合人數，最終仍難逃分裂。    ,https://news.ltn.com.tw/news/world/paper/1770092
半年來最大衝突 美擊沉5艘伊朗油輪,國際,2026/09/10 05:30,美國和伊朗8日至9日持續互相攻擊，美軍擊沉5艘伊朗油輪。（法新社）伊朗彈道飛彈逼近美艦 疑獲中俄協助追蹤美國和伊朗八、九兩日新一輪互相攻擊，美軍八日擊沉五艘伊朗油輪，伊朗伊斯蘭革命衛隊以飛彈攻擊美軍的約旦基地以及十艘船艦，並宣稱其中包括兩艘美軍軍艦。路透指出，這是美伊戰爭半年以來，雙方最大一波針對海上航運的以牙還牙式攻擊。美國中央司令部發文表示，八日夜間摧毀四艘在阿曼灣、一艘在哈格島附近的伊朗油輪，並附上船隻遭擊中起火隨後沉沒的影片，指這些油輪是為革命衛隊和伊朗區域代理勢力提供資金的影子網路一環。中央司令部指出，這波攻擊是回應革命衛隊過去兩天兩度試圖攻擊一艘美國海軍軍艦，該艘軍艦成功避開伊朗的攻擊，依然在區域水域巡邏。請繼續往下閱讀...華爾街日報九日報導，美國官員透露，自四日起，伊朗陸續對美軍航空母艦、海軍驅逐艦及至少一艘陸戰隊艦艇發射彈道飛彈，雖然所有攻擊均未命中，但部分飛彈落點接近軍艦，情況一度驚險。官員指出，伊朗此次使用更精密武器，且不排除獲得中俄協助追蹤美艦位置，引發美方高度警戒。美國國務卿魯比歐八日在訪問哥倫比亞時表示，「當他們試圖攻擊美國海軍船艦，他們自己就會遭攻擊」，「就會損失油輪」。伊朗革命衛隊九日稱，對約旦阿茲拉克基地的美軍設施發射飛彈，「造成地嚴重損害」；當天另攻擊了十艘船艦，包括兩艘美國船艦和八艘油輪，指控這些船艦企圖通過荷姆茲海峽「禁止和不安全區」。約旦表示，防空系統攔下伊朗發射的廿枚飛彈中十八枚，另外兩枚落入無人居住區。另外，伊朗國營媒體引述革命衛隊說法，八日在荷姆茲海峽入口海域捕獲一具「配備最新科技的」美國水下無人載具，為加州國防企業安杜里爾（Anduril）生產的Dive-LD，去年才交付美軍。伊朗稱捕獲美國配備新科技無人潛艇美國戰爭部發言人表示，一艘「較舊型號」水下無人載具在行動時故障，該艘載具「未蒐集敏感資料，也沒搭載任何機密聲納或雷達設備」。安杜里爾公司淡化此事重要性，並稱該艘載具已累計運作數千小時。Dive-LD長五．八公尺，可執行反水雷、海床測繪、情報蒐集和檢查海底電纜和管線等基礎設施，官網資料顯示一次可持續運作最長十天，最大下潛深度達六千公尺。革命衛隊也威脅科威特和巴林港口的油輪，呼籲這兩國港口周邊所有油輪船員「應立即棄船，因為這些船隻將成為目標」。英國海事貿易行動辦公室（UKMTO）九日指出，波斯灣北部及阿曼灣有數艘商船在夜間遭砲火擊中失去運行能力，尚無法確認有無人員傷亡或環境影響；另有通報指出，距離阿拉伯聯合大公國拉希德港廿四海里處，有人目擊一艘船隻傾斜，也可能是遭攻擊導致船身進水。伊朗以飛彈攻擊美軍約旦基地及10艘船艦，並宣稱捕獲美國水下無人載具Dive-LD。（路透）    ,https://news.ltn.com.tw/news/world/paper/1770088
川普稱美伊戰爭將在期中選舉後結束　油價也會大幅下跌,國際,2026/09/10 04:36,美伊近期重啟交火，美國總統川普今天表示，他認為美伊戰爭將在美國11月期中選舉後「立即結束」，因為伊朗已經撐不下去了。至於美伊衝突升溫，再度推升油價，川普說，預期在選舉過後，油價將大幅下跌。美國將於11月初舉行期中選舉，被視為川普（Donald Trump）2.0執政的期中考。川普今天在華盛頓特區近郊的安德魯聯合基地（Joint Base Andrews）接受媒體聯訪被問及油價再度上漲時表示，伊朗現在一團混亂、通膨嚴重，而美國掌控了荷莫茲海峽（Strait of Hormuz）。請繼續往下閱讀...他預期，在選舉過後，油價將會大幅下跌，「我們會把價格壓到每加侖2美元以下」。根據美國汽車協會（AAA）數據，今天美國普通汽油價格平均為每加侖4.22美元。另外，川普還說，他認為美伊戰爭將「在選後立即結束」，因為伊朗已經撐不下去了，「他們急於意圖影響選舉結果，好讓一群軟弱無能的人選上，就會放任他們不管，讓他們擁有核武」。他重申，伊朗一心想要的就是核武，「一旦他們擁有核武，整個世界就會陷入大麻煩」。川普表示，美軍已摧毀伊朗約9艘油輪，「你將會看到更多」。不過，川普也未排除談判的可能性。他說，「談判確實有可能發生，但這不是我們目前考慮的方向，這場戰爭在我們的選舉結束後就會立刻停止」。川普今、明兩天將參加共和黨全國委員會（RNC）在德州達拉斯（Dallas）舉辦罕見的期中選舉大會，為共和黨選情拉抬聲勢。美伊戰爭已持續超過6個月，原本雙方敵對行動已有所緩和，但8月底又開始交火，導致中東地區緊張局勢再次升溫，推升國際油價上揚。外電報導，在美國擊沉5艘伊朗油輪後，德黑蘭今天表示，已在荷莫茲海峽附近攻擊10艘船舶。這是開戰以來，雙方宣稱針對航運展開的最大規模報復性襲擊。美軍持續對伊朗港口進行海上封鎖之際，外電先前報導，伊朗實際上已封鎖荷莫茲海峽。在2月28日美國與以色列聯手對伊朗發動空襲引發敵對行動之前，全球約1/5的石油與天然氣經由該海峽運送。（編輯：陳正健）1150910    ,https://news.ltn.com.tw/news/world/breakingnews/5568886
諷川普愛改地名  「南方四賤客」更名為「南美洲」,國際,2026/09/10 04:30,美國諷刺卡通「南方四賤客」（South Park）近日宣布將節目更名為「南美洲」，顯然是在諷刺美國總統川普頻頻更改地名的作法。美國財經媒體CNBC報導，「南方四賤客」創作者派克（Trey Parker）和史東（Matt Stone）發表聲明指出：「受到蘋果（Apple）和谷歌（Google）的勇氣與愛國精神啟發，我們決定將『南方公園』更名為『南美洲』（South America）。」請繼續往下閱讀...在派克與史東發表上述說明前，川普曾下令將美加邊界的安大略湖（Lake Ontario）改名為「美國湖」（Lake America）。美加正因貿易問題而陷入爭端，加拿大官員表示，不會承認這項新名稱。蘋果和谷歌已經修改地圖應用程式中的安大略湖名稱，美國用戶看到的是「美國湖」，加拿大用戶則會看到「安大略湖」。在此之前，川普也曾在社媒平台「真實社群」（Truth Social）發布人工智慧（AI）生成貼文，暗示新墨西哥州應更名為「新美國州」。去年，川普曾下達行政命令，將墨西哥灣更名為「美國灣」，招致國際反彈。（編譯：陳正健）1150910    ,https://news.ltn.com.tw/news/world/breakingnews/5568885
貿易戰升溫　美禁加拿大乳製品機車與多數酒類,國際,2026/09/10 04:00,白宮昨天表示，美國正禁止從加拿大進口部分乳製品、機車以及多數酒精飲料，使這場絲毫未見降溫跡象的貿易戰進一步延燒。美聯社報導，這項禁令將於9月29日生效。在此之前，加拿大承諾針對價值200億美元美國進口商品實施的報復性關稅，已於昨天稍早生效。兩國貿易談判上個月破局後，加拿大對美國總統川普的關稅舉措做出了回應。請繼續往下閱讀...川普同時採取行動，將加拿大產品排除在美國政府的大型長期採購合約之外，並指示美國總務署（General Services Administration）宣布加拿大產品不具投標資格，直到加拿大允許對美國產品實施「完全且公平的互惠」為止。加拿大總理卡尼（Mark Carney）表示，加拿大的策略旨在變得更加獨立，並矢言加速推動相關進程。他說：「重點在於確保沒有任何國家能將我們當成人質，以及我們能依自己的方式生活。」美國與加拿大交惡，顛覆了兩國間極為緊密的夥伴關係。美國於8月22日對約5%的加拿大進口商品課徵50%關稅，指控加拿大不公對待美國的乳製品、酒精飲料及汽車產業。美加兩國長久以來在貿易問題上爭執不休，特別是加拿大受到保護的乳製品市場，以及美國政府指控加拿大補貼軟木生產商；然而兩國過去始終維持友好關係與堅定盟友地位。在川普領導下，美加關係迅速惡化。除了對加拿大產品課徵關稅，川普還屢次發表煽動性言論，聲稱要讓加拿大成為美國第51個州。卡尼去年在選戰中上演逆轉勝掌權，靠的正是承諾對抗川普。加拿大若干省分已禁止銷售美國酒類產品，這項舉動引發美方在昨天展開報復，對多種加拿大葡萄酒與烈酒祭出禁令。同樣受到禁令限制的品項還包括部分機車與輕型機車、含乳清在內的乳製品，以及多種糖蜜。一名熟悉相關討論的加拿大官員透露，加拿大正在探索與歐盟（EU）建立僅次於正式成員資格的緊密關係。可行方案包括擴大現有協定、談判新條約或建立其他形式的合作。這名官員表示，加拿大已經開始向各省、地區及勞工團體徵詢意見，探討與歐盟建立更深層關係的可能樣貌，但目前尚未敲定具體模式。（編譯：李佩珊）1150910    ,https://news.ltn.com.tw/news/world/breakingnews/5568884
Anthropic專家示警　AI未來10年毀滅人類機率逾1成,國際,2026/09/10 03:21,美國人工智慧（AI）新創企業Anthropic頂尖安全研究員胡賓格（Evan Hubinger）警告，他認為未來10年內AI「可能殺死全人類」的機率超過10%。英國廣播公司（BBC）報導，胡賓格在X平台發文指出，現存AI模型所帶來的風險「很低」，但他「擔心」這項科技可能很快發展並自我改進，最終達到對人類構成生存威脅的地步。請繼續往下閱讀...胡賓格的發言是在回應另一位AI研究員考克森（Jacob Coxon）的X貼文。考克森剛辭去在Anthropic的工作，先前也曾任職於OpenAI。考克森在X發文寫道：「這兩家公司都沒有負責任地行事。」（編譯：陳正健）1150910    ,https://news.ltn.com.tw/news/world/breakingnews/5568882
澤倫斯基搭機前往奧斯陸途中　險遭無人機擊中,國際,2026/09/10 02:45,挪威總理斯托爾（Jonas Gahr Store）今天表示，烏克蘭總統澤倫斯基（Volodymyr Zelenskyy）搭機從摩爾多瓦前往奧斯陸參加挪威已故國王哈拉德五世的喪禮途中，差點遭無人機擊中。法新社報導，斯托爾告訴挪威廣播公司（NRK）：「他（澤倫斯基）的飛機從摩爾多瓦起飛時，險些遭無人機擊中。這是他身處的現實。」但斯托爾未進一步說明這起事件的細節。請繼續往下閱讀...澤倫斯基於昨天晚間抵達奧斯陸，並與斯托爾、挪威財長史托騰柏格（Jens Stoltenberg）及外長艾德（Espen Barth Eide）會談，討論挪威軍援，包括防空支援及民間援助。澤倫斯基今天與其他多國外賓，一同出席挪威已故國王哈拉德五世（King Harald V）的喪禮。哈拉德五世於8月28日逝世，享壽89歲。斯托爾告訴挪威廣播公司，澤倫斯基在參加喪禮後離開挪威，前往加拿大與當地領袖會談。（編譯：陳正健）1150910    ,https://news.ltn.com.tw/news/world/breakingnews/5568879
美國本土今夏創高溫紀錄　人為氣候變遷最新警訊,國際,2026/09/10 01:12,美國國家海洋暨大氣總署（NOAA）今天表示，美國本土今年夏季創下現代紀錄開始以來最高溫，此為人為氣候變遷引發暖化趨勢的最新跡象。法新社報導，美國本土6至8月期間夏季氣象平均氣溫為華氏74.4度（攝氏23.6度），比1936年及2021年創下的前紀錄還要高出華氏0.4度。請繼續往下閱讀...今年8月也是自1895年有紀錄以來最炎熱的8月，平均氣溫達華氏75.6度。美國國家海洋暨大氣總署指出，美國本土大部分地區8月氣溫高於平均值，或是遠高於平均值，僅北部大平原及中西部部分地區氣溫接近平均。值此之際，正在增強的聖嬰現象（El Nino）已開始在全球各地引發極端天氣，預計這將是數十年來最強的一次。根據預測，聖嬰現象可能使2027年出現破紀錄高溫，也可能促使2026年成為有紀錄以來最熱的一年，超越2024年紀錄。（編譯：陳正健）1150910    ,https://news.ltn.com.tw/news/world/breakingnews/5568875
華郵：川普送「人肉印表機」幕僚144萬元現金禮,國際,2026/09/10 01:12,「華盛頓郵報」（The Washington Post）報導，總統川普致贈有「人肉印表機」外號的行政助理哈普（Natalie Harp）4萬5000美元（約新台幣144萬元）現金禮。華郵報導，另外兩名白宮員工馬丁（Margo Martin）與哈里斯（Chamberlain Harris）也收到相近金額。請繼續往下閱讀...華郵昨天引述財務申報表報導，這3名女性將這些款項描述為「節日現金禮物」。在川普第2個總統任期內，哈普幾乎寸步不離、隨侍在側，並因隨身攜帶手提式印表機、隨時列印川普所需文件，因此被稱為「人肉印表機」。2024年競選紀錄片畫面顯示，哈普是少數能直接使用川普社群平台「真實社群」（Truth Social）帳號的官員之一，並在川普口述時逐字打出貼文，甚至會如實鍵入川普招牌的全大寫字母。法新社報導，向美國國會提交的年度報告顯示，現年35歲的哈普擔任總統特助兼行政助理，年薪為15萬美元。一名白宮發言人為這些禮金辯護，稱川普「長年來有向身邊親近人士贈送耶誕禮物的慣例，有時也包括員工與助理」。發言人表示，這些禮物與任何受贈者的職務無關，因此「完全符合相關法律與倫理標準」。根據華郵報導，白宮橢圓形辦公室行動事務主任諾塔（Walt Nauta）也申報收到總統2萬美元禮物；他的年薪則為17萬5000美元。（編譯：李佩珊）1150910    ,https://news.ltn.com.tw/news/world/breakingnews/5568874
挪威國王哈拉德五世下葬 萬人夾道送最後一程,國際,2026/09/09 23:59,在奧斯陸，已故挪威國王哈拉爾五世的靈柩在儀仗隊的護送下，從王宮教堂移送至大教堂，萬人夾道送最後一程。（法新社）挪威國王哈拉德五世的靈柩現已運抵首都奧斯陸的阿克斯胡斯城堡，準備安放於王室墓室。包括烏克蘭總統澤倫斯基及英國威廉王子等政要都參與了今天稍早的喪禮。法新社報導，哈拉德五世（Harald V）於上月28日逝世，享壽89歲。今天他的靈柩覆蓋著紅色王室旗幟，以砲架運送，國王的兒子暨王位繼承人哈康八世（Haakon VIII）以及丹麥和瑞典國王徒步跟隨在後。請繼續往下閱讀...路透社報導，當地時間今天中午12時（格林威治標準時間10時），送葬隊伍開始從王宮步行至奧斯陸主教座堂（Oslo Cathedral），沿途不時傳來阿克斯胡斯城堡（Akershus Castle）鳴放禮砲的聲音。警方表示，首都卡爾約翰大道（Karl Johan Avenue）兩側擠滿數以萬計的民眾。當靈柩經過時，現場陷入一片寂靜。當地時間下午1時，教堂儀式開始進行，並以全國默哀1分鐘揭開序幕。出席賓客包括英國威廉王子（Prince William）與安妮公主（Princess Anne）、日本秋篠宮文仁親王與紀子妃、西班牙國王菲利佩六世（Felipe VI）和妻子雷蒂西亞王后（Queen Letizia）及母親索菲亞王后（Queen Sofia）、瑞典王室成員，以及丹麥國王佛瑞德里克（King Frederik）與瑪麗王后（Queen Mary）。烏克蘭總統澤倫斯基（Volodymyr Zelenskyy）昨天深夜抵達奧斯陸，雙方官員表示，澤倫斯基與挪威總理會面，討論俄烏戰爭相關事宜。澤倫斯基也參加了送葬隊伍，當他離開主教座堂時，現場民眾為他鼓掌歡呼。挪威政府表示，美國由國務院政治事務次卿胡克爾（Allison Hooker）代表出席。53歲的梅特瑪莉王后（Queen Mette-Marit）是挪威新任國王哈康八世平民出身的妻子，她出席了喪禮，但是跟哈拉德五世的遺孀－89歲的桑妮雅王后（Queen Sonja）一同乘車前往。梅特瑪莉王后6月剛接受肺臟移植手術，上週由於手術後出現併發症，她不得不取消出席丈夫在國會的宣誓儀式。她與前伴侶生的兒子柏格荷伊比（Marius Borg Hoiby）也出席喪禮。柏格荷伊比被判犯下強暴及家暴罪，正在接受居家監禁並配戴電子腳鐐，他已提出上訴。上月31日，哈拉德五世移靈至王室禮拜堂時，柏格荷伊比是扶靈人之一，此舉引發挪威國內外部分人士批評。4架F-35戰鬥機在今天的儀式結束後飛越主教座堂，其中1架單獨脫隊，象徵國王駕崩。當哈康八世離開王室墓室後，全國哀悼期將正式結束，自哈拉德五世逝世以來降半旗的國旗也將升至旗桿頂端，挪威全國教堂將響鐘1小時。    ,https://news.ltn.com.tw/news/world/breakingnews/5568856
捷克防長擬出席「北京香山論壇」 參院議長韋德齊批政策矛盾,國際,2026/09/09 23:29,捷克國防部長祖納預定出席「北京香山論壇」，在捷克內部引發外交與安全爭議。（歐新社檔案照）捷克國防部長祖納（Jaromir Zuna）預定9月中旬前往中國，出席第13屆「北京香山論壇」，在捷克內部引發外交與安全爭議。參議院議長韋德齊（Miloš Vystrčil）質疑，捷克軍方最高層代表，無法前往遭俄羅斯入侵的烏克蘭參加重要安全會議，國防部長卻計畫出席由中國主辦的安全與國防論壇，凸顯政府外交與安全政策的矛盾。中央社報導，第13屆香山論壇將於15日至17日在北京舉行。韋德齊指出，中國是「俄羅斯的盟友」，並透過對俄國的供應協助俄方維持戰爭能力，質疑祖納是否有必要前往中國參加論壇。眾議院國防委員會主席弗萊克（Josef Flek）也認為，捷克身為北大西洋公約組織（NATO）成員國，短期內若接連派遣眾議院議長及國防部長訪問中國，將帶來安全疑慮。請繼續往下閱讀...不過，眾院議長岡村富夫（Tomio Okamura）辯稱，香山論壇是重要的國際安全與國防會議，美國、西歐國家、北約及歐盟均有代表參加，捷克派員出席有助掌握相關資訊，不代表向中國「卑躬屈膝」。但捷克智庫「解析中國」（Sinopsis）創辦人馬定和（Martin Hala）指出，歐美國家雖派員參加，但通常僅為副部長或其他較低層級官員，以觀察員身分出席；根據目前可取得的資料，過去從未有北約或歐盟成員國防長參加香山論壇。他認為，若祖納真的出席，很可能會在會場「乾等」。此外，祖納的訪中行程還與國會國防委員會會議衝突。原訂9月1日舉行的會議因祖納出國而取消，改至15日召開，但祖納可能再次請假，無法與會。弗萊克表示，委員會原本希望與防長討論國防預算、軍事支出及軍隊現代化等重要議題，若是前往白宮尚可理解，前往中國則「實在無法理解」。祖納此行另一項爭議，是捷克總理巴比斯（Andrej Babiš）似乎並不知情。政府最新公布的政府航班計畫，並未列入祖納的訪中行程。岡村解釋，祖納預計搭乘一般民航班機，因此未列入政府專機安排。岡村還說，訪中計畫已在執政聯盟會議中，與巴比斯及外交部長馬欽卡（Petr Macinka）討論。然而，巴比斯7日面對媒體詢問時卻表示，祖納並未通知他，他對此事不知情。韋德齊隨後批評，若巴比斯所言屬實，代表總理「沒有能力領導政府」；若巴比斯是在說謊，同樣令人無法接受。    ,https://news.ltn.com.tw/news/world/breakingnews/5568847
伊朗擴大荷姆茲海峽「禁區」 延伸到阿拉伯海,國際,2026/09/09 23:10,9月6日在伊朗阿巴斯港外海、荷姆茲海峽中的油輪。（美聯社檔案照）伊朗伊斯蘭革命衛隊（IRGC）9日表示，將擴大荷姆茲海峽周邊的「禁區」，範圍涵蓋該海峽外水域，延伸到遠及阿拉伯海部份區域。革命衛隊警告，未經與伊朗協調進入禁區的船隻，日後可能遭限制使用荷姆茲海峽及相關航運服務。法新社9日報導，伊朗革命衛隊發言人莫海比（Hossein Mohebi）接受國營電視台訪問時表示，新「禁區」大致從查巴哈港（Chabahar）方向開始，「涵蓋阿曼海（Sea of Oman）的一部分，以及一部分的阿拉伯海，即可通往荷姆茲海峽的航線沿途」。他說，確切座標將於稍後公布。請繼續往下閱讀...莫海比警告，「如果船隻未經協調進入此區域，將受到我們的制裁」；他接著說明，這表示日後若希望使用荷姆茲海峽，或需要保險或其他相關服務，伊朗可能拒絕提供。伊朗本週稍早首度宣布設立荷姆茲海峽「禁區」，當時正與阿曼磋商開闢一條通過荷姆茲海峽的臨時航道。美國和以色列2月28日對伊朗開戰以來，伊朗限制荷姆茲海峽航運，美國則對伊朗港口實施反封鎖。先前德黑蘭已要求船隻通行荷姆茲海峽前，須先取得許可，並堅稱，這條攸關全球能源運輸的海峽，航運規則不會恢復到戰前船隻可不受限制通行的狀態。    ,https://news.ltn.com.tw/news/world/breakingnews/5568822
歐美多國聯合制裁西岸屯墾區 以色列報復關閉百年英領事館,國際,2026/09/09 22:25,抗議以色列在約旦河西岸擴張屯墾區，英國、法國、加拿大等多個西方國家，宣布對以色列祭出制裁措施。（法新社）為抗議以色列在約旦河西岸擴張屯墾區、對巴勒斯坦人日益升溫的暴力，英國、法國、加拿大等多個西方國家，本週宣布對以色列祭出制裁措施，藉此向以色列總理納坦雅胡（Benjamin Netanyahu）所領導的政府施壓。面對傳統盟友聯合施壓，以色列政府隨即展開報復，下令限期關閉具有百年歷史的英國駐東耶路撒冷領事館，並驅逐多名英國外交人員。彭博報導，這場外交風暴凸顯以色列在國際社會上面臨日益嚴重的孤立處境。英國外交大臣米勒班（Ed Miliband）8日在下議院宣布，將透過新的制裁機制，全面禁止從非法的約旦河西岸屯墾區進口商品，並針對為這些屯墾區提供融資、建築、基礎設施及房地產服務的個人與企業開罰。請繼續往下閱讀...米勒班直言，英國政府認同西岸正發生針對巴勒斯坦人的「種族清洗」指控，並強調英國絕對不會對破壞「兩國方案」的行為袖手旁觀。倫敦此舉迅速獲得多國響應。法國與加拿大外交部皆表態跟進，將禁止進口來自以色列屯墾區的產品。此外，包括丹麥、瑞典、波蘭、葡萄牙等9個歐洲國家，也聲明支持英國的制裁行動。儘管屯墾區商品的出口額僅佔以色列整體經濟的一小部分，但外交界普遍認為，這項抵制措施對以色列的國際形象造成沉重打擊，凸顯歐洲盟國對其容忍度已達極限。對此，以色列政府立刻予以強硬回擊。以色列官員指出，當局已正式通知英國，必須在30天內關閉負責處理巴勒斯坦事務的駐東耶路撒冷領事館。該領事館的歷史可追溯至1839年，館內英國人員將全數喪失外交豁免權與身分。除了關閉領事館，以色列的報復行動還包括：下令參與美國主導的加薩走廊協調任務的英國官員，以及駐巴勒斯坦自治政府總部所在地雷馬拉（Ramallah）的英國外交人員，必須在7天內離境；全面禁止英國在西岸培訓巴勒斯坦安全部隊；並拒絕12名英國政要與公民入境，其中包括向來直言批評以色列的前英國工黨黨魁柯賓（Jeremy Corbyn）。以色列外交部長薩爾（Gideon Sa'ar）強烈譴責英國的制裁行動「可恥且虛偽」、「在道德上極度扭曲」，並指控這是在以色列下個月大選前，對主權國家內政與選舉過程的公然干涉。對於以色列的報復，米勒班坦言感到遺憾，但「並不意外」，並強調英國若袖手旁觀，將無法向歷史交代。相較於英以兩國劍拔弩張，美國的反應則相對低調。美國國務卿魯比歐（Marco Rubio）證實，已獲悉英國計畫，但明確表示美方不會跟進制裁。魯比歐拒絕對英國的行動發表評論，僅重申華府期盼維持區域穩定，不樂見西岸地區出現任何破壞穩定的舉動。美國總統川普尚未對此事表態，但美國駐以色列大使赫克比（Mike Huckabee）及部分政界人士則暗示，英國此舉恐觸犯美國部分州的反抵制法規，未來可能面臨美方的經貿報復。這波外交角力不僅反映國際社會對加薩戰火及西岸危機的強烈不滿，也顯示即使是以色列的傳統歐洲盟國，也開始採取實質的制裁手段以表達抗議。據悉，以色列內閣將再次召開會議，研商對跟進制裁的法國、加拿大等國祭出進一步反制措施，中東局勢與歐以關係恐面臨更嚴峻的考驗。    ,https://news.ltn.com.tw/news/world/breakingnews/5568815
毛澤東過世50週年 經濟逆風催生民間「平均主義」懷舊情緒,國際,2026/09/09 22:12,中共建政領袖毛澤東過世9日屆滿50週年，在中國經濟成長趨緩、社會焦慮攀升的背景下，民間再度掀起對毛澤東時代「平均主義」的懷舊情緒。（法新社）中共建政領袖毛澤東過世9日屆滿50週年。在中國經濟成長趨緩、社會焦慮攀升的背景下，民間再度掀起對毛澤東時代「平均主義」的懷舊情緒；而在政治高層，中國國家主席習近平打破「改革開放」以來的政治慣例，持續深化形同毛時代的高度集權路線，顯示毛澤東的政治遺產依然深刻影響著當代中國。綜合法新社與路透報導，毛澤東故鄉湖南韶山近日湧入大批支持者與年輕遊客，在毛澤東銅像前排隊獻花、鞠躬，甚至有狂熱者揮舞「紅寶書」高唱革命歌曲。專家指出，近年中國青年面臨嚴峻的就業與生活壓力，促使部分群體將對現實的不滿投射於過去。在官方推動「紅色旅遊」的推波助瀾下，許多人將充滿爭議的毛時代浪漫化，視為「探索公平社會」的理想象徵，卻淡化1950年代末期「大躍進」引發全國大饑荒，以及1960年代中期「文化大革命」導致數千萬人非正常死亡、社會瀕臨崩潰的不堪過往。請繼續往下閱讀...儘管官方承認文革為「嚴重錯誤」，但對毛澤東仍維持「功大於過」的歷史定位。值得注意的是，現任中共總書記習近平的父親習仲勳，雖在文革中慘遭整肅，習近平也曾遭下放農村，但他掌權後從未公開咎責毛澤東。相反地，這段經歷讓他深信，黨需要強而有力的控制，以避免體制崩潰。自2012年上台以來，習近平並未如前幾任「一把手」般謹慎限縮權力，而是積極仿效毛澤東的統治手腕。他打破旨在防範個人崇拜的任期限制，嚴格要求意識形態一致性與黨紀，並將個人名字寫入黨章及憲法，成為繼毛澤東後權力最集中的領袖。專家指出，毛澤東主義的政治符號至今依然具備強大號召力，習近平正試圖透過強烈的民族主義，喚起昔日的政治狂熱，以鞏固其統治基礎。然而，這種高度集權的路線能否長治久安，抑或會如同歷史重演般，在無意間為中國社會累積推動結構巨變的龐大壓力，仍有待時間驗證。    ,https://news.ltn.com.tw/news/world/breakingnews/5568798
地下銀行非法跨境匯款6億日圓 日本警方逮捕中國籍主嫌等3人,國際,2026/09/09 21:56,日本京都府警破獲涉嫌非法跨境匯款6億日圓的地下銀行，逮捕包含中國籍公司高層在內的3名男女嫌犯；示意圖。（路透社資料照）以非法手段向海外進行跨境匯款的「地下銀行」遭到查緝，日本京都府警於今（9日）依違反《銀行法》無照經營罪嫌，逮捕了包含住在京都市右京區西京極芝之下町的中國籍公司董事孟海燕在內的男女共3人。府警目前並未透露3人是否認罪。《產經新聞》報導，根據京都府警調查，3人被指控至少接受了十多名客戶的委託，非法匯款相當於6億日圓（約新台幣1.2億元）的人民幣，府警目前正在深入調查其他相關罪行。請繼續往下閱讀...另外被逮捕的兩人，分別為住在同區西京極西大丸町的公司董事高橋孟，以及住在大阪市中央區松屋町的中國籍打工人員林高弘（本名曹立營）。其中孟女為高橋的姊姊，而高橋與林嫌則為朋友關係。3人的逮捕事由為涉嫌共同謀議，在2023年10月至2024年3月期間，分12次在未取得銀行業許可的情況下，從外籍委託人等人手中收取約1億5000萬日圓現金，並將總計737萬7000元人民幣匯入指定的中國境內帳戶。府警指出，本案是在調查另一起詐欺案時發現相關犯罪嫌疑。犯罪分工由林嫌向委託人收取日圓現金後，透過高橋轉交給孟嫌進行海外匯款。孟嫌在被逮捕前曾供稱：「因為經營取得在留資格所需的房地產事業，需要使用日圓。」    ,https://news.ltn.com.tw/news/world/breakingnews/5568732
川普重申不容伊朗擁核 美同步對德黑蘭祭出航空制裁,國際,2026/09/09 21:43,美國總統川普9月8日在紀念「911恐怖攻擊事件」25週年的一場活動上表示，「絕不允許」伊朗獲得核武器。（彭博）美國總統川普9月8日在紀念「911恐怖攻擊事件」25週年的一場活動上談及伊朗的核計劃時表示，「絕不允許」伊朗獲得核武器。就在同一天，美國財政部宣布對伊朗航空業實施新的制裁，這是華盛頓在經濟上孤立伊朗、施壓伊朗政權就其核計劃進行談判，並確保荷姆茲海峽航行自由努力的一環。川普在白宮附近的演說中表示，伊朗已受到美軍的「嚴厲懲罰」，並就美軍對伊朗實施海上封鎖一事表示讚賞。請繼續往下閱讀...川普說：「我們永遠不會忘記2001年9月11日那些不朽的英雄們。我要告訴你們，我們之所以正在進行戰鬥，是因為有一個國家想要獲得核武器。他們曾經非常接近獲得核武器，而現在他們毫無機會這樣做。他們永遠不會擁有核武器。伊朗絕對不會擁有核武器。」美國於1984年將伊朗列為「支持恐怖主義國家」，川普也多次表示，阻止伊朗獲得核武是美國的核心目標。根據國際原子能總署（IAEA）的數據，截至2025年6月13日，基於伊朗提供的訊息，該國濃縮鈾總庫存量為9874.9公斤。其中包括440.9公斤豐度高達60%的濃縮鈾；此濃度遠比一般反應器燃料更接近武器級水準。IAEA在9月7日表示，由於德黑蘭方面未提供相關資訊及核查准入，該機構無法核實伊朗核材料及核設施的狀況。IAEA上一次核查伊朗濃縮鈾庫存是在2025年6月12日，也就是以色列對伊朗發動攻擊的前一天。隨後，在2025年6月22日代號為「午夜之鎚」（Operation Midnight Hammer）的行動中，美國的B-2轟炸機對伊朗核設施實施了打擊。川普當時形容此次行動「徹底摧毀」了伊朗的核設施，並使其核計劃遭受重挫。與此同時，美國財政部9月8日宣布將36個目標列入黑名單，包括27家伊朗航空公司，理由是它們支持伊朗航空業。美國指控該行業被伊朗政權用於運送武器、人員及非法貨物。    ,https://news.ltn.com.tw/news/world/breakingnews/5568791
俄軍蠶食烏東「堡壘防線」 CNN：烏軍戰況轉趨不利,國際,2026/09/09 21:03,一名女子8日在烏克蘭前線堡壘城市克拉莫托斯克，穿過鋪設有防無人機網的街道，身旁是遭破壞的建築物。（路透）美國有線電視新聞網CNN 9日報導，俄軍持續在烏克蘭東部頓巴斯地區緩慢推進，逐步逼近烏軍最後幾座重要戰略城市。儘管俄軍進展緩慢且付出高昂代價，但烏克蘭過去數月在前線的樂觀情緒正逐漸消退，東部防線面臨愈來愈大的壓力。俄軍目前正蠶食由斯拉夫揚斯克（Slovyansk）、克拉莫托斯克（Kramatorsk）、德魯日基夫卡（Druzhkivka）及康斯坦丁諾夫卡（Kostyantynivka）組成的「堡壘防線」。這條防線是烏軍守衛頓巴斯的重要骨幹，也是阻擋俄軍進一步向烏克蘭中部推進的關鍵屏障。請繼續往下閱讀...美國戰爭研究所（ISW）分析指出，俄軍正透過持續滲透和消耗戰，逐步削弱烏軍在這一帶的防禦與後勤能力。俄軍已在康斯坦丁諾夫卡取得進展，並朝斯拉夫揚斯克及克拉莫托斯克方向推進。不過，俄軍目前仍難以發動快速突破，戰線推進速度相當緩慢。ISW數據顯示，俄軍8月在烏克蘭境內推進或滲透約124平方公里，僅約為去年同期的四分之一。俄軍雖然未能取得重大突破，卻持續以人力與火力消耗烏軍。CNN指出，這種作戰方式在巴赫姆特（Bakhmut）及波克羅夫斯克（Pokrovsk）已反覆出現。俄軍往往耗費數月甚至數年逐步包圍、轟炸城市，最終攻占時，城市及基礎設施已遭到嚴重破壞，戰略價值也大幅降低。目前克拉莫托斯克也開始承受日益猛烈的攻擊。該市過去是烏軍的重要後方及休整地點，但隨著俄軍逼近，這項功能正逐漸受到威脅。烏克蘭平民撤離也更加困難。頓內茨克州仍有約9.3萬人生活在烏軍控制區，其中包括超過4800名兒童。由於地雷及俄軍無人機活動密集，部分前線城鎮已難以由車輛進入，救援人員只能在距離城鎮數公里外接應撤離居民。俄羅斯總統普廷仍堅持攻占頓內茨克及盧甘斯克兩州全境的戰爭目標。俄方宣稱戰場正在取得「實質進展」，但CNN無法獨立證實相關說法。分析家指出，俄軍的目標未必是立即攻占這些城市，而是先削弱烏軍的補給、後勤及防禦能力，為日後進一步攻勢創造條件。俄軍若能突破這條「堡壘防線」，將可能更容易向西推進，對烏克蘭腹地形成更大威脅。    ,https://news.ltn.com.tw/news/world/breakingnews/5568759
開戰來最大一波！美擊沉5油輪  伊朗攻擊10船艦、揚言10倍奉還,國際,2026/09/09 20:54,美國中央司令部8日公布，在阿曼灣擊沉一艘伊朗油輪影片。（法新社）美國和伊朗8、9日再度互相攻擊，美軍擊沉5艘伊朗油輪，伊朗伊斯蘭革命衛隊（IRGC）隨後宣稱攻擊10艘船艦，包括2艘美國船艦和8艘油輪。路透9日報導指出，這是美伊戰爭爆發6個月以來，雙方所公開宣布，針對海上航運，規模最大一波以牙還牙攻擊。這波你來我往攻擊，集中在全球能源運輸要道荷姆茲海峽周邊，迅速推升油價，布倫特原油9日升破每桶100美元，為7月24日以來首度突破此價位。請繼續往下閱讀...美國中央司令部表示，8日夜間摧毀4艘位於阿曼灣、1艘位於哈格島附近的伊朗油輪，並公布船隻中彈起火沉沒影片。中央司令部表示，這波行動是回應革命衛隊過去兩天，兩度以飛彈鎖定一艘美國海軍軍艦，不過該艘美軍軍艦成功避開攻擊，無美軍傷亡，也持續在區域巡邏。革命衛隊9日表示，以飛彈攻擊約旦阿茲拉克基地（Al-Azraq）的美軍設施，並對企圖通過其所稱荷姆茲海峽「禁止區」的2艘美國船艦和8艘油輪開火。約旦表示，該國防空系統攔下伊朗發射的20枚飛彈中18枚，另2枚落入無人居住區，未造成傷亡或損害；一名美國官員也稱攻擊未奏效，美軍人員全數平安。革命衛隊揚言，若伊朗再有2、3個目標遭攻擊，將以打擊20個目標回應；也威脅科威特和巴林港口的油輪，呼籲這兩國港口周邊所有油輪船員，「不論船隻目前為下錨或靠港停泊，都應立即棄船，因為這些船隻將成為目標」。英國海事貿易行動辦公室（UKMTO）9日表示接獲通報，波斯灣北部及阿曼灣，有數艘商船遭砲火擊中失去運行能力，尚無法確認有無人員傷亡或環境影響；另有通報指出，距離阿拉伯聯合大公國拉希德港（Port Rashid）外海，一艘處於錨泊狀態的船隻傾斜，也可能是遭不明拋射物攻擊導致船身進水。伊拉克外海一艘載有200萬桶燃料油的油輪也遭無人機擊中起火，22名船員無人傷亡。約旦防空系統9日攔截據稱從伊朗發射的飛彈。（歐新社）    ,https://news.ltn.com.tw/news/world/breakingnews/5568751
傻眼！以為兒子成焦屍悲痛火化 半月後突接監獄電話驚覺認錯屍,國際,2026/09/09 20:35,"庫馬爾失蹤後，家屬被通知前往指認一具燒焦的年輕男子遺體。（擷取自X）印度旁遮普邦卡普爾塔拉（Kapurthala）一戶人家的兒子失蹤後，家屬被通知前往指認一具燒焦的年輕男子遺體，家人認定死者就是失蹤的兒子，悲痛地舉辦喪禮並完成火化，沒想到事隔半月，家人竟突然接到監獄打來的電話，才驚覺兒子其實根本沒死，而是一直被關在監獄裡。根據《NDTV》報導，男子庫馬爾（Ravi Kumar）8月5日離家後就遲遲沒有回家，家人四處尋找仍不見蹤影，父親與兄弟於8月11日前往警察局報案，警方隨後向家屬透露，先前曾發現一具燒焦的年輕男性遺體，並提供照片讓家屬指認，經過家人確認後，眾人認定焦屍就是失蹤的庫馬爾，因此在8月13日替他舉行儀式並火化。請繼續往下閱讀...報導指出，9月2日家屬突然接獲卡普爾塔拉監獄工作人員的電話，對方告知獄中有一名叫做庫馬爾的男子，這通電話讓家人當場嚇呆，因為他們早已將庫馬爾火化，家屬隔天立即趕往監獄確認，沒想到庫馬爾活生生出現在眼前，這才發現先前根本認錯人，讓家人又驚又喜。警方表示，庫馬爾早在一個月前就因涉及案件遭警方逮捕，之後被送進監獄，因此才會突然與家人失去聯繫，而那具焦屍目前警方仍在調查死者的真正身分。Punjab family cremates 'missing son', finds him alive at Kapurthala jail days laterhttps://t.co/pYANKaR2C6— The Tribune （@thetribunechd） September 5, 2026 Punjab family cremates 'missing son', finds him alive at Kapurthala jail days laterhttps://t.co/pYANKaR2C6    ",https://news.ltn.com.tw/news/world/breakingnews/5568687
伊朗代理勢力合作升級！青年運動+伊拉克民兵擴大威脅美盟友,國際,2026/09/09 20:28,一名「青年運動」士兵和伊朗國旗。（歐新社檔案照）區域官員披露，伊朗支持的葉門叛軍「青年運動」（Houthis），曾在今年7月協助伊拉克親伊朗民兵，規畫並執行針對沙烏地阿拉伯石油設施發動無人機群攻擊，顯示出兩股原本分別活躍於葉門和伊拉克的伊朗盟友，協調行動已提升到新層次。伊朗過去數十年在以色列周邊扶植的武裝團體巴勒斯坦「哈瑪斯」（Hamas）和黎巴嫩「真主黨」（Hezbollah），在加薩戰爭中受到重創，現在德黑蘭把重心轉向利用青年運動及伊拉克民兵，威脅沙國和其他美國在波斯灣盟友，升高美國與以色列聯合對伊朗開戰的代價。請繼續往下閱讀...美聯社9日報導，兩名沙國官員引述情報，以及一名伊拉克高階安全官員透露，青年運動不僅協助策劃7月攻擊，其代表甚至進駐伊拉克民兵所設的作戰室。沙國與美國事後聯手空襲伊拉克民兵，除了造成至少20名伊拉克民兵、6名伊朗顧問喪生，另有至少1名青年運動人員死亡，這名青年運動人士當時也在伊拉克，先前並未被披露。一名美軍官員表示，華府對青年運動在伊拉克活動，以及從當地對沙國等其他國家發動攻擊的能力感到憂慮。不過，伊拉克民兵「人民動員部隊」（PMF）兩名官員，否認參與7月對沙國那場攻擊，也否認青年運動在其庇護下活動。人民動員是由多個民兵組織組成的聯盟，現已被編入伊拉克安全部隊，旗下組織包括一些伊朗支持、有時獨立行動的民兵。青年運動未回應這份報導。伊拉克親伊朗民兵和青年運動，在加薩戰爭期間已擴大合作，曾協調對以色列發動攻擊。國際智庫「國際危機組織」（Crisis Group）葉門資深分析師納吉（Ahmed Nagi）指出，「在加薩戰爭期間聲勢鵲起的青年運動，在伊拉克受許多當地團體支持，而青年運動則向伊拉克民兵分享軍事經驗」，現在他們「就像鉗子一樣夾擊沙國」。沙國在伊朗實質封鎖荷姆茲海峽後，將大部分石油轉到紅海出口。隨著青年運動開始攻擊紅海，沙國已將更多石油向北運往蘇伊士運河，透過埃及蘇伊士—地中海輸油管（SUMED）輸送。航運追蹤機構Kpler資料顯示，這條輸油管輸送量已從6月每日65萬桶，增加到8月的每日逾190萬桶。但是青年運動上月以飛彈擊中紅海北部一艘沙國油輪，證明了他們也有能力攻擊這條替代運輸路線。據報該艘油輪當時正從沙國延布港駛往蘇伊士運河，遇襲地點距離青年運動控制區約1000公里。    ,https://news.ltn.com.tw/news/world/breakingnews/5568733
富士山魯莽登山事故頻傳！山梨縣搜救直升機擬採使用者付費,國際,2026/09/09 19:59,日本富士山因登山事故頻傳，山梨縣搜救直升機擬採使用者付費。（法新社資料照）過去富士山在禁止登山期間發生多起事故，引發山梨縣的擔憂，該縣一直在考慮對災害救援直升機的救援行動收費。據關係人士透露，山梨縣正針對富士山因魯莽攀登事故，引發的災害救援直升機收費問題進行最終談判。《山梨放送》報導，山梨縣計畫於秋季公佈相關方案，但據消息人士透露，目前已進入最終談判階段，擬對在禁止登山期，因魯莽攀登富士山而發生事故的人員收取救援費用。具體收費對象和收費機制等細節將在未來確定，但預計在科學研究、調查或訓練期間發生事故的人員將免收費。請繼續往下閱讀...先前曾表示「救援費用應由個人負擔」的富士吉田市長堀內茂對山梨縣的回應表示期待。堀內茂表示「縣政府非常積極主動，目前正與靜岡縣進行密切磋商。」縣政府計畫盡快敲定富士山救援行動的收費細節並公佈。    ,https://news.ltn.com.tw/news/world/breakingnews/5568689
新聞360》中國一帶一路成詛咒！蔓延多國被騙慘況曝光,國際,2026/09/09 18:32,全新的視界！新聞話題不漏接，快訂閱YouTube 【自由追新聞】，記得開啟小鈴鐺哦！    ,https://news.ltn.com.tw/news/world/breakingnews/5568632
核武計畫持續擴張！ IAEA：北韓寧邊核設施新增濃縮鈾廠,國際,2026/09/09 18:31,北韓已在寧邊核設施園區興建新的鈾濃縮設施，最多可容納28組離心機機組。（路透檔案照）國際原子能總署（IAEA）表示，北韓已在主要的寧邊（Yongbyon）核設施園區興建一座新的鈾濃縮設施，最多可容納28組離心機機組，位於首都平壤附近的降仙（Kangson）鈾濃縮設施，也已啟用擴建部分，顯示北韓持續擴充核武計畫相關基礎設施。路透報導，IAEA在這份日期標註為8月28日的報告中指出，這些發現顯示，北韓正在多個地點穩定擴張核基礎設施。報告根據衛星影像及公開來源資料，包括北韓官方媒體發布的照片，追蹤北韓核活動。由於北韓自2009年起便未允許IAEA查核人員入境，相關評估主要仰賴上述資料進行。請繼續往下閱讀...IAEA透過比對北韓官方媒體公布的領導人金正恩6月視察照片，以及施工期間拍攝的衛星影像，確認寧邊出現一座新的兩層樓建築，並認定此為該設施內第二座鈾濃縮廠。報告指出，視察照片顯示主要建築的上下兩層，均裝設離心機機組，整座建築最多可容納28組離心機機組。報告也指出，降仙鈾濃縮設施的一處附屬建築於2024年完工，目前已有跡象顯示，該擴建部分自今年1月起開始運轉。IAEA表示，北韓持續運轉降仙與寧邊的鈾濃縮設施，以及據稱進一步擴大武器級核材料生產，均違反聯合國安理會相關決議。IAEA署長葛羅西（Rafael Grossi）8日在提交安理會的聲明中表示，降仙與寧邊濃縮設施持續運作，以及北韓進一步擴大武器級核材料生產，「令人嚴重關切」。北韓一再拒絕接受IAEA的管轄權威。北韓駐維也納聯合國代表團去年9月曾表示，北韓作為核武國家的地位已不可逆轉，IAEA無權干涉一個不屬於「禁止核子擴散條約」（NPT）的核武國家內政。    ,https://news.ltn.com.tw/news/world/breakingnews/5568622
日版「藍白合」失敗 「中道」結黨8個月即告分裂,國際,2026/09/09 18:30,中道代表小川淳也今天宣布中道將「分家」。（擷自「中道改革連合」YT）日本在野陣營的立憲民主黨與公明黨，為對抗高市早苗政權，今年初組成「中道改革連合」（簡稱中道）投入眾院大選，但結黨僅約8個月即告分裂。中道今天宣布，原立憲系議員將另組新黨，原公明系議員則全部重返公明黨，但各方仍將在眾議院組成名為「中道」的統一會派，試圖維持第一大在野會派地位。這場堪稱為日版「藍白合」的在野整合，被日媒評為擱置理念及政策的「選舉互助會」，因選舉而結合，因敗選而四分五裂。中道是於今年1月由立憲與公明兩黨的眾議員結集成立，原本計畫選後進一步吸收兩黨參議員及地方議員，打造從溫和保守到自由派的「中道大聯盟」，形成對抗政治立場偏保守的高市政權的新軸線。請繼續往下閱讀...但2月8日眾院大選，中道遭遇慘敗，眾議員席次從選前的172席銳減為49席，其中還包括了6席是因自民黨提名不足而「撿到的」比例席次。敗選後兩位共同黨主席引咎下台，全黨士氣盪到谷底，整合氣勢迅速消退，尤其是即將面臨選舉的地方議員更是避之為恐不及。立憲、中道、公明3黨從6月起展開合併談判，希望趕在秋季臨時國會前完成整合；但至8月底宣告三黨合併的構想破局。中道代表小川淳也今天宣布中道將「分家」，目前中道共有49名眾議員，包括21名立憲系、28名公明系，立憲系大部分議員將另組新黨，公明系28人則回歸公明黨。中道暫時留下1名議員處理財務等善後工作，預計年內正式解散。由於中道今年度可領取共約23.4億日圓（約合台幣4.8億元）的政黨補助金，目前還有約11.7億日圓尚未領取，中道宣布分家但要到年底才正式熄燈，也被批評是為了領取這筆政黨補助金。中道分裂的核心原因，在於各黨雖然可以在「對抗高市政權」這個選舉目標下合作，卻始終無法把這個目標轉化為共同的國家路線。日本各大報對此罕見出現相當一致的診斷。日經指出，中道失敗在於「把政策討論擱置一旁」；朝日認為，合併的形式先行，作為集結旗幟的政策，以及安保、能源等基本政策的共識反而被延後處理；讀賣也指出，立憲參院議員自由派色彩較強，要與公明系整合安全保障政策，本來就存在相當大的難度。產經的批判更加直接，將中道形容為理念及政策被擱置的「選舉互助會」，認為政黨本應由具有共同政治理念及政策的人組成，如果只是為了對抗執政黨而先集合人數，最終仍難逃分裂。    ,https://news.ltn.com.tw/news/world/breakingnews/5568560
川普痛批澳洲社群媒體管制「敲詐」 艾班尼斯回嗆：我們是主權國家,國際,2026/09/09 18:23,"澳洲總理艾班尼斯（左二）8日在澳洲坎培拉國會大廈舉行記者會。（歐新社）美國總統川普抨擊澳洲近期加強社群媒體監管的措施，指這類針對美國科技業的數位服務稅及罰款是「一種敲詐」。白宮也警告貿易夥伴不要對美國科技業課徵數位服務稅、罰款或其他形式的「敲詐」。白宮經濟發言人德賽8日表示，川普已明確警告貿易夥伴，不得對美國主要科技產業採取上述措施，政府將持續與貿易夥伴交涉相關問題。請繼續往下閱讀...澳洲總理艾班尼斯8日公布「我的動態我做主」（My Feed, My Way）方案，讓16歲以上社群媒體使用者，選擇是否接受演算法個人化推薦，也可改看自己追蹤的朋友及創作者發布內容。澳洲政府同日公布「數位照護義務」法案草案，現正進行諮詢。草案也要求包括社群平台、線上遊戲、App及AI聊天機器人在內的數位服務，保護18歲以下使用者，免受成癮性設計及有害內容影響，例如鼓吹飲食失調、犯罪、危險行為、色情及霸凌等內容。通訊部長威爾斯表示，大型科技公司「不是受保護物種」，應為用戶提供基本安全保障。她也駁斥澳洲改革構成「敲詐」的說法。違規業者最高可面臨1億920萬澳元（約7900萬美元）罰款。這是澳洲與美國科技業摩擦最新一例。澳洲8月通過「新聞議價激勵方案」，大型數位平台若不與新聞業者達成商業協議，將面臨相當於澳洲數位廣告收入2.5%的徵費。面對美方批評，艾班尼斯9日表示：「我們是主權國家，政策是依據澳洲國家利益制定。」他同時強調自己與川普關係良好，期待本月底在紐約聯合國大會與川普會面。    ",https://news.ltn.com.tw/news/world/breakingnews/5568576
捷克友台珍奶店遭中國客洗負評！台灣超狂領隊整團帶去爆喝,國際,2026/09/09 18:09,領隊小愛直接帶團，30多人殺到店裡打卡喝珍奶。（粉專「極光女神-小愛 Emma」授權使用）捷克首都布拉格一名珍奶店老闆，因為喜歡台灣，遭部分中國客人用Google洗負評，一名台灣女領隊特地率團，帶著30人殺到店裡打卡、支持。她近日在Threads上分享此事，獲網友大力稱讚，剛好正在捷克旅遊的資深媒體人王瑞德看到貼文，也特地到場「交關」力挺，並附上「五星好評」反擊，他還分享店內的原料，全部都來自台灣。女領隊「小愛（Emma）」日前在Threads發文分享，布拉格小城區珍奶店「Lootea」，老闆是位害羞的捷克人，店家因為喜愛台灣，曾被中國遊客用Google負評洗版。她近期帶團到捷克，心想「這麼愛台灣，當然要進來支持一下」，於是帶著整團突然殺進店裡。請繼續往下閱讀...小愛回憶，老闆看到30幾個台灣人瞬間湧入店裡時，臉上表情像是在說「發生什麼事了？珍奶不夠賣了......」而當眾人一起拍照時，老闆手上還不知道何時「長出」了一面國旗。另外，店裡還掛著「We Support Taiwan」連帽衫。最後，一行人順利完成了打卡喝珍奶任務，小愛表示這是一次「美好的相遇」。她也喊話：「捷克是非常挺台灣的國家，大家一定要來玩。」貼文下方，網友紛紛留言表示：「下次去布拉格我要去喝」、「台灣人實在足可愛」。有不少網友貼出照片，表示已經去朝聖；還有網友表示即將到捷克旅遊，一定會去捧場。剛好正在捷克旅遊的王瑞德，也前往留言請問店家地址。王瑞德昨日也在Threads發文，附上在店內消費、與老闆的合照。他表示，這間店位於台灣觀光團必去的城堡區下方，走黃金巷下山後，一定會遇到的電車站十字路口，非常好認。他說，店家喜愛台灣，所有珍珠、糖漿全部來自台灣，店家還表示「只有台灣原料才能做出世界最棒的珍珠奶茶」。王瑞德指出，他們挺台灣，卻曾遭到中國網友洗一星負評，但是台灣網友立刻反攻五星佳評回擊。他和妻子在布拉格，特別來致敬。「說真的，他們的黑糖珍珠奶茶是我在國外喝過最好喝的！有到布拉格的台灣人，一定要來喝珍奶！」今（9日）是王瑞德與妻子布拉格之旅的最後一日，他也再度發文表示，離開前還要再度光臨力挺台灣的Lootea，再喝一杯民主珍奶。     在 Threads 查看     在 Threads 查看    ,https://news.ltn.com.tw/news/world/breakingnews/5568272
自由說新聞》劍指習？中國人上街吼這句！外媒揭：反撲潮恐難控制,國際,2026/09/09 18:02,全新的視界！新聞話題不漏接，快訂閱YouTube 【自由追新聞】，記得開啟小鈴鐺哦！    ,https://news.ltn.com.tw/news/world/breakingnews/5568589
伊朗首度在美航艦上空試射反艦飛彈！美方證實遭彈道飛彈攻擊,國際,2026/09/09 18:00,伊朗國防部先前公布最新型的「卡西姆·巴西爾」（Qassem Basir）飛彈的試射畫面。（翻攝伊朗國營電視台畫面）伊朗高階官員宣稱，伊朗近期首次在美國航艦上空試射一枚反艦飛彈，但美方目前僅證實9月5日，伊朗伊斯蘭革命衛隊曾向美軍航艦與飛彈驅逐艦發射彈道飛彈，兩艘軍艦成功閃避，未傳美軍人員受傷。美聯社報導，伊朗最高國家安全委員會秘書雷扎伊（Mohsen Rezaei）在伊朗國營媒體轉播的談話中宣稱，伊朗「48小時前」首次以一種特殊反艦飛彈對美國軍艦進行測試。不過，美聯社指出，目前無法確認他所說的測試，是否就是伊朗同時公布、具備改良能力的新型「卡希姆・巴西爾」（Qassem Basir）彈道飛彈。請繼續往下閱讀...美國中央司令部（CENTCOM）則證實，伊朗革命衛隊5日向2艘美國海軍軍艦發射彈道飛彈，其中包括一艘航艦與一艘飛彈驅逐艦；美軍表示，兩艘軍艦成功規避多枚攻擊，沒有美方人員受傷。美國隨後對3艘伊朗原油運輸船發動攻擊。伊朗秀新飛彈 美方確認是彈道飛彈攻擊伊朗此次公布的卡希姆・巴西爾是一款固體燃料彈道飛彈。美聯社報導，伊朗宣稱這款飛彈射程至少1200公里，並強調提高精準度與彈頭能力；但目前尚無獨立證據證明這款飛彈就是雷扎伊所說、曾對美軍軍艦進行測試的武器。美國與伊朗近期衝突已延伸至荷姆茲海峽周邊海域。美軍5日表示，伊朗對美軍艦艇的飛彈攻擊未造成命中，之後美軍打擊3艘伊朗油輪；美方公布的說法與伊朗對相關海上行動的描述，目前仍存在明顯落差。尼米茲級核動力航艦「華盛頓號」輪替「林肯號」部署中東。（圖取自美國海軍）    ,https://news.ltn.com.tw/news/world/breakingnews/5568577
內閣部長任內兼中共統戰要職？趙小蘭否認指控  稱遭種族歧視,國際,2026/09/09 17:54,趙小蘭與麥康奈。（擷取自Ｘ平台Philip Lenczycki 蔡岳帳號）總部設在華府的《每日傳訊新聞基金會》（DCNF）挖掘中國官方公告與官媒報導指出，美國聯邦參議院共和黨領袖麥康諾（Mitch McConnell）的妻子趙小蘭（Elaine Chao），在2度擔任美國內閣部長期間，疑似同時接受中國多項官方與統戰組織的職務任命，但趙小蘭強烈否認，並認為上述爆料是對她的「種族歧視」。報導說，出生於台灣、19歲入籍美國的趙小蘭，1993年與麥康奈結婚，自1980年代以來曾在美國政府擔任多個職務，曾於小布希總統任內擔任勞工部長，並在川普首個總統任期出任運輸部長。然而，DCNF調查指出，自2008年起，趙小蘭至少接受４個中國政府相關職位，其中包含直屬中共具影響力和情報功能的機構——中共中央統一戰線工作部（統戰部）的外圍組織。請繼續往下閱讀...美中經濟暨安全檢討委員會（USCC）指出，北京當局常利用統戰部來引導外交政策並獲取外國先進技術。然而，趙小蘭在2017年出任運輸部長的聯邦參議院確認聽證會上，並未申報任何中國政府相關職務，但依規定她必須申報過去10年內的所有職務。根據中國政府的公告與官媒報導，趙小蘭及其家族（包含其父船運巨擘福茂集團創辦人趙錫成、已故胞妹趙安吉）與中共統戰機構互動頻繁，趙小蘭並獲聘任至少４個中國官方與統戰組織的職務。包括：一、擔任上海嘉定區「全國僑聯」顧問（2012-2017）：趙小蘭獲任統戰部附屬機構「全國僑聯」（ACFROC）嘉定分會第5屆理事會顧問及委員。該任期與她擔任美國運輸部長任期部分重疊。華府智庫詹姆斯敦基金會中國研究員余雪莉指出，全國僑聯的職責包含宣傳北京論述、加強對中共的支持，及展開情報和影響力行動。二、擔任上海嘉定區「中華海外聯誼會」名譽會長（2008起）。 在擔任美國勞工部長期間，趙小蘭與父親於2008年12月獲任統戰部外圍組織「中華海外聯誼會」（COFA）嘉定分會第3屆理事會名譽會長。該組織主要透過「軟實力」建立關係與文化交流來推動中共目標。三、擔任「中華海外聯誼會」（COFA）嘉定分會第四屆顧問（2012-2017）。在擔任「中華海外聯誼會」（COFA）嘉定分會第3屆理事會名譽會長幾年後，趙小蘭與父親獲任「中華海外聯誼會」（COFA）嘉定分會第四屆理事會顧問，該任期與她擔任美國運輸部長任期部分重疊。四、擔任武漢市政府國際顧問（2009起）：在卸任勞工部長後，趙小蘭受聘為武漢市國際顧問。儘管其發言人聲稱趙小蘭因「中文不夠流利」而不清楚被賦予該頭銜；但2010年一段中國官媒專訪影片顯示，其父受訪時親口證實父女倆均為武漢市政府顧問，當時趙小蘭甚至在旁親自為父親舉著麥克風。針對上述爆料，趙小蘭與福茂集團發言人歐康納（Patrick O’Connor）全盤否認，強調趙小蘭從未任職於外國政府，亦不知曉曾與統戰部代表會面。歐康納並反批：「多數美國政商領袖在中國開會都沒人關心，但針對1位當過2次內閣部長的亞裔美國人，單憑幾張幾十年前的舊照片就大做文章。質疑她的愛國心，往好裡說是雙重標準，往壞裡說就是種族歧視。」儘管趙小蘭強烈反駁，美國國安與中國問題專家仍對此表達高度擔憂。美國華裔律師、中國問題專家章家敦指出：「任何美國人，無論地位多高，都不應與中共統戰部有任何瓜葛。該組織致力於摧毀我們的國家。」加拿大前情報官員麥格雷戈（Scott McGregor）：「內閣首長與中國統戰部扯上關係，絕非單純的利益衝突，而是嚴重的反情報與國安危機。這會讓外國勢力取得接觸管道，並影響官員的決策與審查標準。」    ,https://news.ltn.com.tw/news/world/breakingnews/5568555
日本長野農產品出口6年首衰退 台灣逆勢成長躍升最大市場,國際,2026/09/09 17:26,長野縣麝香葡萄、白米外銷衰退，台灣逆勢加碼成最大買家。示意圖。（資料照）日本長野縣農畜產品出口6年來首度衰退。縣政府統計，去年出口額推估約24億8900萬日圓，年減9400多萬日圓。縣方分析，主因是創紀錄的猛暑重創主力葡萄品質，加上日本白米價格飆漲、供給吃緊，根本調不到貨出口，導致整體外銷下滑。在整體衰退中，台灣一枝獨秀。去年台灣進口長野農畜產品達13億3800萬日圓，年增5300萬日圓，位居第一，成為長野最大出口地。原本最大的香港則年減1億4100萬日圓，出口額6億4100萬日圓，退居第二。請繼續往下閱讀...以品項來看，長野最強的葡萄仍是出口冠軍，但出口額11億9400萬日圓，年減1億4600萬日圓，縣方坦言猛暑導致著色不良、品質受影響。白米出口3億3100萬日圓，年減6100萬日圓，同樣受國內缺米拖累。縣府表示，目標明年將出口額拉回至28億日圓，未來除持續深耕台灣、香港市場外，也將針對加拿大、夏威夷等對葡萄與白米需求高的市場加強拓銷，擴大通路。    ,https://news.ltn.com.tw/news/world/breakingnews/5568350
成立僅8個月 日本在野黨中道正式決定分裂,國際,2026/09/09 17:17,中道黨魁小川淳也。（資料照，彭博）日本在野黨中道改革聯合（簡稱中道）先前放棄與其他在野黨合併後，中道黨魁小川淳也今天宣布，臨時常任幹事會已正式決定中道走向分裂，但之後仍會在眾議院組成統一的會派。在野黨立憲民主黨前代表野田佳彥，以及公明黨前代表齊藤鐵夫，今年初共同宣布成立中道，以迎戰眾議院選舉。然而，兩黨誤判合併效益，在眾議院選舉慘敗，野田與齊藤當時因而引咎辭去代表。請繼續往下閱讀...中道僅由立憲民主黨、公明黨的眾議院議員組成，參議院與地方議員暫不參與。原先設想是未來正式合併，然而中道在眾院選舉中慘敗，導致協商陷入停滯。到了8月底，中道、立憲民主黨與公明黨召開黨魁會談，正式決定現階段放棄3黨合併，也使中道走向分裂成定局。日本放送協會（NHK）與TBS電視台報導，對此，中道今天召開臨時常任幹事會，討論黨之後的方向。小川會後召開記者會說明，儘管中道走向分裂，「新的型態」會是立憲民主黨出身與公明黨出身的議員各自離黨，立憲出身者會成立新的政黨，而公明黨出身者則會回歸公明黨，之後雙方會在眾議院組成統一的會派（指議會內理念相同議員所組成的政治團體）。小川也表示，會僅留1名國會議員，維持中道的存在，以處理資金等後續事宜。齊藤今天告訴媒體，「未能實現3黨合併，無法履行對國民的承諾，我真的非常抱歉。不會放棄壯大中道這股力量，今後也希望推動更廣泛的集結。這並非易事，但只要持續腳踏實地訴求，我相信國民一定會理解。」野田本週稍早則在個人官網發布聲明表示，對於未能促成3黨合併感到抱歉之外，並強調會繼續集結中道勢力。    ,https://news.ltn.com.tw/news/world/breakingnews/5568468
美女助理也有！川普送禮出手闊綽  白宮3幕僚各獲4.5萬美元,國際,2026/09/09 16:57,圖為收到4.5萬美元的行政助理哈普。（美聯社）美國白宮上週公布的幕僚年度財務申報表顯示，總統川普贈送4名白宮幕僚可觀金額作為節日禮物，其中3人各收到4.5萬美元（約台幣141萬元），剩餘1人收到2萬美元（約台幣62萬元）。根據《美聯社》報導，這些禮物的申報內容最早由《華盛頓郵報》於8日揭露。財務申報資料指出，川普分別向行政助理哈普（Natalie Harp）、通訊顧問馬丁（Margo Martin）和橢圓形辦公室營運副主任哈里斯（Chamberlain Harris）贈送4.5萬美元。此外他也向橢圓形辦公室營運主任諾塔（Walt Nauta）贈送2萬美元。請繼續往下閱讀...1名白宮官員表示，川普長期以來一直有在耶誕節送禮給身邊人士的習慣，有時也包括政府任內的員工和幕僚，以及他在私人企業任職期間的員工與助理。該官員沒有說明是否還有其他幕僚收到總統類似的禮物，但補充說這些禮物與收受人士履行的職務無關，因此完全符合相關法律與道德規範。值得注意的是，哈普與川普關係特別親近。川普7月8日在土耳其安卡拉參加北約峰會後原先搭乘舊型空軍一號，但隨後透過機場餐飲車秘密轉移至較小的C-32A軍機秘密飛往英國，而哈普是少數獲准隨行的核心親信。    ,https://news.ltn.com.tw/news/world/breakingnews/5568391
你看的世界地圖不是真的！ 「新版地圖」與舊版差異曝光,國際,2026/09/09 16:43,新舊版地圖差異。（取自維基百科）從小在教室、電視甚至Google Maps上看到的世界地圖，可能徹底誤導了你對地球的認知。聯合國大會近期通過「更正地圖」決議，宣布將逐步淘汰使用超過超過450年的傳統地圖，改採能真實反映各洲面積比例的新版「等積地球投影」（Equal Earth map）世界地圖。根據《BBC》報導，我們習以為常的傳統地圖，是1569年由製圖學家繪製的「麥卡托投影法」（Mercator）。這張地圖最大的問題，在於極度誇大高緯度區域、同時縮小了赤道附近的陸地。像是格陵蘭與非洲，在舊版地圖上兩者看起來大小相當；但現實中，非洲面積高達格陵蘭的14倍；歐洲與北美洲在地圖上的面積則被嚴重放大，長期以來在視覺上建立了「高緯度國家更龐大、更重要」的認知偏見。請繼續往下閱讀...不過，麥卡托當初並非畫錯，而是為了海事導航所做的妥協。麥卡托地圖能保持正確的指南針方位角與直線航行，卻付出了面積嚴重失真的代價。其實，除了上述2種地圖，還有彼得斯地圖（Peters map）、方位等距投影（Azimuthal equidistant projection）地圖等，多年來，許多人試圖解決將球體表面精準呈現於平面的難題，但各種方法皆有其利弊。為了修正歷史偏差，聯合國決議正式採用2018年開發的等積地球投影地圖。這張新版地圖的核心突破在於還原真實陸地比例，讓非洲、南美洲與東南亞等長期被「縮小」的區域，重新展現真實的佔地規模。麥卡托地圖（舊版主流）優點：方位角與角度精準，能劃出真實航向直線。多為航海圖、Google Maps導航使用。缺點：越靠近兩極面積放大越嚴重，比例徹底失真。等積投影地圖（新版採納）優點：真實呈現陸地面積與比例，視覺較公平。缺點：邊緣形狀有微幅扭曲，無法用於導航或測量距離。彼得斯地圖優點：面積比例完全精準，保留經緯線直角。缺點：地貌被嚴重拉長或壓扁（如極地變扁、赤道拉長）。方位等距投影地圖優點：地圖上所有點與中心點之間的距離均保持正確的按比例距離，且所有點相對於中心點的方向（方位角）也是正確的。它相當於球體上的指數映射，同時也為聯合國旗幟使用。缺點：越外圍（接近南極）的陸地扭曲拉伸越嚴重。肯亞地理學家米溫多（Kioko Muendo）直言：「地圖不只是旅行者的指南，更塑造了全球對各區域的政治與經濟印象。」舊地圖長期縮小非洲，無形中貶低了該區龐大的資源、人口與商業投資潛力。這場由聯合國發起的「地圖革命」，或許不僅是在課本換掉一張圖，更是要在全球大眾的心目中，重建一個比例更加平等、真實的世界觀。等積投影地圖。（圖擷取自維基百科）麥卡托地圖。（圖擷取自維基百科）彼得斯地圖。（圖擷取自維基百科）等距方位投影地圖。（取自維基百科）    ,https://news.ltn.com.tw/news/world/breakingnews/5568435
俄軍空襲烏克蘭與摩爾多瓦邊境管制站 釀2死3傷,國際,2026/09/09 16:41,烏克蘭通往摩爾多瓦的斯塔羅科扎切邊境管制站遭俄軍攻擊，附近有2名平民身亡。（路透）烏克蘭當局今（9）日說，烏南敖德薩地區（Odesa）連接烏克蘭與摩爾多瓦的邊境管制站遭俄羅斯無人機襲擊，造成2人死亡；另外，首都基輔也遭到俄軍無人機攻擊，目前暫無傷亡傳出。《路透》報導，敖德薩州長基佩爾（Oleh Kiper）在通訊平台Telegram上說，通往摩爾多瓦的斯塔羅科扎切（Starokozache）管制站遭俄軍空襲，有2名平民在襲擊中身亡，另有3人受傷，空襲也引發了火災，事後已暫停旅客及車輛的過境作業。請繼續往下閱讀...烏克蘭緊急服務部門在Telegram發文說，首都基輔在夜間也遭到俄軍空襲，所幸沒有造成人員傷亡。基輔市長克里契科（Vitali Klitschko）指出，今天清晨有1架無人機擊中了16層樓高建築，救援人員已趕往現場搶救。    ,https://news.ltn.com.tw/news/world/breakingnews/5568346
中國安徽大學副校長爽吃女教授 還曾在美國實驗室下載大量A片被開除,國際,2026/09/09 16:38,"中國安徽大學副校長付磊陷入桃色醜聞，還被加碼爆料過去曾在美國實驗室下載大量A片被開除。（圖擷自安徽大學官網）中國安徽大學黨委常委、副校長付磊，被2個女兒舉報他在擔任武漢大學教授期間，曾和自己指導的女博士生曾夢琪有不倫關係，曾夢琪現在已經是武大化學與分子科學學院教授，被質疑是用身體換來資本的「學術妲己」，而付磊目前也被加碼爆料，知情者透露他過去在美國實驗室下載大量A片被開除。中國微博多則瘋傳消息顯示，付磊差不多20年前曾在美國某個國家實驗室擔任博士後研究員，孰料卻利用實驗室的網路和電腦下載大量A片，直接驚動了聯邦調查局（FBI）前來處理，付磊知道將被開除且在美國待不下去了，就回到中國找到教職。請繼續往下閱讀...爆料者指出，美國國家實驗室明文規定禁止下載、播放色情內容，而且管得非常嚴格，一般來講根本沒人敢這麼做，原本還以為付磊人生就會這樣毀了，沒想到他後來在中國發展得有聲有色，還當上了安徽大學副校長。    ",https://news.ltn.com.tw/news/world/breakingnews/5568384
南韓民眾反對派兵荷姆茲 呼籲勿將年輕人送進死亡之海,國際,2026/09/09 16:25,南韓民眾9日呼籲政府別向荷姆茲海峽部署軍隊，並主張美國對伊朗的軍事行動是「非法戰爭」。（法新社）美國總統川普持續要求南韓等大量進口中東原油的國家，為保障荷姆茲海峽安全承擔更多責任，並多次點名南韓。對此數十名南韓民眾9日呼籲政府別向荷姆茲海峽部署軍隊，並主張美國對伊朗的軍事行動是「非法戰爭」。根據《法新社》報導，南韓國防部8日證實，為掌握荷姆茲海峽一帶局勢，已派遣實地調查小組前往中東地區，了解當地局勢、部隊作戰條件等。國防部補充，目前尚未決定是否派遣軍隊。請繼續往下閱讀...數十名抗議者9日在美國駐韓大使館附近示威，揮舞著寫有「不要加入侵略戰爭」的標語。據《法新社》記者估計，約60名抗議者聚集在首爾世宗文化會館外的階梯上高喊「我們不能把年輕人送進死亡之海！」南韓民主團體「參與連帶」成員鄭京植（Jung Kyung-jik，音譯）告訴《法新社》，他理解伊朗立場。他說「正如伊朗所說，我們向該地區部署軍隊等同於直接參與1場非法戰爭。美國對伊朗的攻擊違反了多項國際法，包括轟炸1所小學和能源基礎設施。」南韓民間團體「主權與統一和平團結」成員崔英玉（Choi Young-ok，音譯）警告，派兵行動「勢必會導致人員傷亡」。她說「把我們的軍隊派往一場由美國發動的非法戰爭，是無法接受的。」    ,https://news.ltn.com.tw/news/world/breakingnews/5568273
SK會長輸了！南韓世曼凱創辦人離婚 法院裁定分給前妻600億創紀錄,國際,2026/09/09 16:21,南韓電玩公司世曼凱創辦人權赫彬和妻子離婚，法院裁定分割給女方2.55兆韓元，打破SK會長崔泰源的紀錄。（法新社）南韓財閥SK集團會長崔泰源與前總統盧泰愚之女盧素英分道揚鑣，法官裁定男方需支付女方9440億韓元（約新台幣222億元），創下南韓離婚財產分割最高紀錄。不過，電玩公司世曼凱（Smilegate）創辦人權赫彬和妻子李華珍（이화진，音譯）離婚，法院今（9日）裁定權赫彬需分割給女方2.55兆韓元（約新台幣600億元），直接打破崔泰源的紀錄。據《MBC》報導，首爾家庭法院指出，權赫彬在創辦、發展世曼凱的過程中，李華珍也曾擔任公司高層付出心力，且長期負擔家務、照料子女等責任，因此裁定權赫彬所持有的7.1049兆韓元（約新台幣1671億元）世曼凱股票中，要分給李華珍35％。請繼續往下閱讀...法院考量到權赫彬92.8％淨資產都是世曼凱未上市股票，若判決全數現金分割的話想賣股票籌錢難度不小，因此裁定權赫彬轉移2.4867兆韓元（約新台幣585.6億元）股票給李華珍，另有650億韓元（約新台幣15億元）以現金支付。目前尚不清楚權赫彬是否接受首爾家庭法院的裁定，還是會對判決不滿提出上訴，至於SK會長崔泰源先前希望以股票+現金給付盧素英9440億韓元，但盧素英要求全給現金導致雙方談不攏，崔泰源已於8月提出上訴。    ,https://news.ltn.com.tw/news/world/breakingnews/5568305
美國出重手！扼殺伊朗航空業  36項制裁連航權、零件都不放過,國際,2026/09/09 16:13,伊朗馬漢航空（Mahan Air）客機，降落葉門荷台達機場的畫面。（路透資料照）美國財政部8日對伊朗祭出36項新制裁，目標直指伊朗航空業及協助取得美製飛機、敏感技術的採購網絡，長期遭美國制裁的馬漢航空（Mahan Air）也成為此次行動的主要對象。路透報導，美國財政部外國資產管制辦公室（OFAC）同步撤銷3項原先允許非美籍航空使用美製飛機，執飛伊朗航線、或飛越伊朗領空的通用授權。美國財政部並指稱，伊朗伊斯蘭革命衛隊（IRGC）長期利用包括馬漢航空在內的航空公司運送人員、武器及其他非法貨物，馬漢航空也被指，透過海外網絡取得美製飛機與零組件。請繼續往下閱讀...財政部指出，馬漢航空今年夏天至少透過阿拉伯聯合大公國與阿曼，取得3架波音777客機，相關飛機在轉移至馬漢航空前經由第三國公司處理註冊與交接。此次制裁也鎖定協助馬漢航空處理國際航班、貨運及採購的海外公司與中介機構。從航權到零件 美方一路卡到海外運作曾任美國財政部制裁官員的華府智庫專家馬勒基（Miad Maleki）表示，這項措施將衝擊由杜拜、杜哈與伊斯坦堡飛往德黑蘭的航班，這3個城市是伊朗與外界往來的重要航空轉運點。此外，美方也取消部分原先允許民航業者取得飛行安全零件、燃油及緊急維修服務的授權，伊朗航空公司在海外取得美製零組件及技術支援，也將受到更多限制。此次制裁對象不只伊朗航空公司，還包括位於土耳其、阿拉伯聯合大公國、馬來西亞及哈薩克等地的空殼公司、貨運代理商與中介機構。美方指稱，這些實體協助伊朗取得美製飛機、航空零組件及其他敏感技術，或協助規避美國制裁。路透報導，這波措施也把制裁範圍延伸至伊朗航空業維持機隊運作所需的跨國採購管道。美國財政部表示，此次行動在既有針對馬漢航空的制裁基礎上，進一步鎖定其他伊朗航空公司及相關外國實體。    ,https://news.ltn.com.tw/news/world/breakingnews/5568328
Shein洋裝藏超噁驚喜！丁字褲「帶污漬還黏護墊」 她崩潰：終生拒買,國際,2026/09/09 15:49,英國1名女子近日開箱Shein的包裹時，竟從洋裝中抖出1件穿過的內褲，上面更黏有護墊。（本報合成，擷取自IG）英國一名母親日前在鏡頭前開箱快時尚電商Shein的網購包裹時，抖開1件綠色長洋裝，竟當場掉出1件帶有污漬、甚至還黏著衛生護墊的黑色丁字褲，嚇得她驚呼「太噁心」，怒將整批衣服退貨並發誓終生拒買，同時質疑平台品管出現嚴重紕漏；對此，Shein官方火速道歉並全額退款，承諾加強退貨商品的檢驗流程。根據《太陽報》報導，42歲3寶媽凱特（Kate Greevy）為了籌備與友人的西班牙海島度假，一口氣在Shein訂購了十多件服裝。在孩子的鼓勵下，她架起手機準備拍攝開箱與試穿影片，沒想到當她拿起1件售價17英鎊的長洋裝對著鏡頭展示時，1件黑色異物突然從衣服底部滑落地面。請繼續往下閱讀...凱特起初誤以為是廠商貼心附贈的安全褲，但湊近仔細一瞧，赫然發現這是1件疑似被他人穿過、留有污漬，且內側還黏著1片護墊的二手丁字褲。突如其來的畫面讓她直呼崩潰反胃，甚至不敢徒手碰觸，只能隔著塑膠袋將其夾起。她推測，應該是有顧客試穿該洋裝後辦理退貨，脫衣時不慎將貼身內褲一併褪下裹入，而品管人員沒檢查到就重新包裝上架販售。更讓凱特訝異的是，當她進入Shein系統辦理退貨時，發現原因欄位竟然設有「包裹內發現異物」的專屬選項，讓她合理懷疑類似離奇事件並非單一個案。Kate驚恐表示，「你根本不應該預期會收到這種東西，尤其還是來自這麼私密的部位。」她在徹底消毒雙手後，決定把整筆訂單全部退回。她原本相中其中1件漂亮洋裝，打算留下來，但發生這件事後實在無法接受，「這讓我不太敢再跟他們買東西了，我想我以後應該不會再向他們下單。」對此，Shein發言人回應，公司致力於向顧客提供高品質產品及良好的購物體驗。退回的商品若符合公司的品質標準，在適當情況下可能重新上架販售，以延長服裝使用壽命並減少不必要的浪費。Shein表示，已立即採取措施，檢視相關流程並加強檢查，以避免類似事件再次發生。公司也已直接聯絡Kate，為這次「令人不安的購物經驗」向她道歉，並提出全額退還整筆訂單款項。        在 Instagram 查看這則貼文            Kate Greevy（@kategreevy）分享的貼文Kate Greevy（@kategreevy）分享的貼文    ,https://news.ltn.com.tw/news/world/breakingnews/5568146
泰國幼稚園驚傳槍響 警察殺妻後返家,國際,2026/09/09 15:08,泰國1名警察9日在位於春武里府的幼稚園槍殺妻子。（擷自春武里府公關中心臉書）泰國春武里府9日發生槍擊事件，且槍手是1名警察。該警察9日在妻子任教的幼稚園槍殺了她，隨後返回家中。根據《法新社》報導，春武里府農帕萊（Nong Pla Lai）分區議會主席克羅蒙（Sayan Klomaon）表示，槍手於上午10時30分來到幼稚園，在與妻子交談後射殺對方。請繼續往下閱讀...克羅蒙指出，槍手在射殺妻子後返家，之後所有位於幼稚園內的孩子都被接走。春武里府尼拉邁翁（Naris Niramaiwong）在臉書上證實，44名兒童以及3名教師和3名其他工作人員都已安全疏散。尼拉邁翁指出，警方已包圍槍手所在的房屋，並正在與其談判投降事宜。目前關於槍手的作案動機尚不明確。尼拉邁翁補充，已下令關閉幼稚園，並將為目睹事件的人提供心理支持。    ,https://news.ltn.com.tw/news/world/breakingnews/5568174
不只盯戰車飛彈！CIA副局長曝美擴大對中情蒐  中企成目標,國際,2026/09/09 15:00,美國中央情報局（CIA）標誌與美國國旗合成畫面。CIA副局長艾利斯表示，美國對中國的情報蒐集正擴大至企業，AI、半導體及生技等領域也成為情報目標。（路透資料照）美國中央情報局（CIA）副局長艾利斯（Michael Ellis）罕見公開表示，美國對中國的情報蒐集正擴大至企業，中國在人工智慧（AI）、半導體及生技領域掌握的資訊也成為情蒐目標。《紐約時報》報導，艾利斯8日在華府一場網路安全會議上表示，中國對美國構成的威脅不同於過去的地緣政治對手，因為雙方競爭也存在於經濟領域。演講後受訪時，他說：「我們一直以某種方式、形式或形態在蒐集情報。現在不同的是，不只是戰車、飛彈和潛艦。」請繼續往下閱讀...艾利斯表示，AI、半導體及生技等領域的重要資訊，往往掌握在企業手中，不一定能從傳統政治或軍事情報管道取得。他並指出，中國共產黨體制下的商業環境不同於美國及歐洲多數地區，因此中國企業也可能成為情報蒐集的對象。《紐約時報》指出，美國過去通常區分國防、外交政策所需的情報蒐集，以及以經濟利益為目的的間諜活動。歐巴馬政府時期，美中2015年曾達成雙方不從事經濟間諜活動的協議，美國後來指控中國違反承諾。美方再點名中國AI企業艾利斯發表談話同一天，美國國家安全局（NSA）、聯邦調查局（FBI）及網路安全與基礎設施安全局（CISA）發布聯合警報，指稱中國多家AI企業自至少2024年起涉及「工業級規模」的商業機密竊取，並點名數家中國AI公司及所謂「蒸餾」（distillation）做法。此外，埃利斯表示，與中國有關的「鹽颱風」（Salt Typhoon）電信網路入侵事件，在被發現近2年後仍是「非常關鍵的威脅」。他認為，美國關鍵基礎設施面臨多項威脅，政府仍需協助私營部門強化防護。    ,https://news.ltn.com.tw/news/world/breakingnews/5568211
反差太大！日本女主管曾助失智婦獲感謝狀 今涉誘人出國搞詐騙遭逮,國際,2026/09/09 14:52,日本32歲女子前原里帆2024年曾因協助失智長輩而獲頒警方感謝狀。（擷取自X）日本廣島縣32歲女主管前原里帆與30歲共犯松本佑香，涉嫌以高達70萬日圓（約新台幣14.3萬元）高薪為誘餌，鎖定前來求職卻未錄取的應徵者，企圖將其誘騙至海外從事特殊詐騙。諷刺的是，前原里帆在2024年才因熱心協助迷路失智老婦返家而獲警方頒發感謝狀，強烈對比引發日本社會譁然。綜合日媒報導，日本廣島縣警方7日以涉嫌違反《職業安定法》及「企圖誘拐並將人移送至國外」等罪嫌，重新逮捕前原里帆及無業女子松本佑香。兩人涉嫌勾結俗稱「トクリュウ」（匿名流動型犯罪集團）的跨國組織，於今年3月下旬至4月中旬期間，鎖定一名曾前往前原公司應徵土木工程工作但未獲錄取的30多歲男子。請繼續往下閱讀...由松本主動致電誆稱「有海外賺大錢的工作」，並開出50萬至70萬日圓高額報酬，企圖招募他前往海外負責打電話進行詐騙。所幸該名男子察覺有異向警方諮詢，全案才在未遂階段被攔截。這已不是兩人首次犯案。警方調查發現，她們上月就因誘騙另一名47歲男子而遭逮捕。該名男子同樣是求職未被錄用，隨後接到松本電話，宣稱只需「出差3天搬行李」就可現領30萬日圓；該男子不疑有他，於今年3月被安排由關西機場出境抵達台灣，再轉機至泰國，抵達後驚覺受騙，機警奔赴日本駐泰國大使館求救，才於4月上旬平安脫困返國。面對警方訊問，前原里帆全盤否認指控，堅稱未招募任何人執行犯罪，松本亦辯稱毫不知情。警方研判，背後恐有龐大跨國犯罪鏈，且不排除還有其他受害者遭送往境外，全案正擴大深入偵辦。此外，警方更發現，前原里帆2024年前曾因協助迷路失智長輩獲警方公開表揚贈送感謝狀，如今卻利用求職面試取得的個資，專挑求職碰壁者設局販運至海外詐騙機房，手段極為惡劣。    ,https://news.ltn.com.tw/news/world/breakingnews/5568124
反差太大！日本女主管曾助失智婦獲感謝狀 今涉誘人出國搞詐騙遭逮,國際,2026/09/09 14:52,日本32歲女子前原里帆2024年曾因協助失智長輩而獲頒警方感謝狀。（擷取自X）日本廣島縣32歲女主管前原里帆與30歲共犯松本佑香，涉嫌以高達70萬日圓（約新台幣14.3萬元）高薪為誘餌，鎖定前來求職卻未錄取的應徵者，企圖將其誘騙至海外從事特殊詐騙。諷刺的是，前原里帆在2024年才因熱心協助迷路失智老婦返家而獲警方頒發感謝狀，強烈對比引發日本社會譁然。綜合日媒報導，日本廣島縣警方7日以涉嫌違反《職業安定法》及「企圖誘拐並將人移送至國外」等罪嫌，重新逮捕前原里帆及無業女子松本佑香。兩人涉嫌勾結俗稱「トクリュウ」（匿名流動型犯罪集團）的跨國組織，於今年3月下旬至4月中旬期間，鎖定一名曾前往前原公司應徵土木工程工作但未獲錄取的30多歲男子。請繼續往下閱讀...由松本主動致電誆稱「有海外賺大錢的工作」，並開出50萬至70萬日圓高額報酬，企圖招募他前往海外負責打電話進行詐騙。所幸該名男子察覺有異向警方諮詢，全案才在未遂階段被攔截。這已不是兩人首次犯案。警方調查發現，她們上月就因誘騙另一名47歲男子而遭逮捕。該名男子同樣是求職未被錄用，隨後接到松本電話，宣稱只需「出差3天搬行李」就可現領30萬日圓；該男子不疑有他，於今年3月被安排由關西機場出境抵達台灣，再轉機至泰國，抵達後驚覺受騙，機警奔赴日本駐泰國大使館求救，才於4月上旬平安脫困返國。面對警方訊問，前原里帆全盤否認指控，堅稱未招募任何人執行犯罪，松本亦辯稱毫不知情。警方研判，背後恐有龐大跨國犯罪鏈，且不排除還有其他受害者遭送往境外，全案正擴大深入偵辦。此外，警方更發現，前原里帆2024年前曾因協助迷路失智長輩獲警方公開表揚贈送感謝狀，如今卻利用求職面試取得的個資，專挑求職碰壁者設局販運至海外詐騙機房，手段極為惡劣。    ,https://news.ltn.com.tw/news/world/breakingnews/5568124
伊朗戰爭爆發逾半年 美軍最新傷亡數字曝：18人陣亡820傷,國際,2026/09/09 14:48,伊朗戰爭自2月底開打後，至今逾半年，美軍在伊朗戰事中累計傷亡人數超過830人，其中陣亡人數為18名。（法新社）伊朗戰爭自2月底開打後，至今逾半年，目前仍未有和談跡象，截至8日，美軍在伊朗戰事中累計傷亡人數超過830人，其中陣亡人數為18名。綜合外媒報導，根據美國戰爭部（國防部）「國防傷亡分析系統」（Defense Casualties Analysis System）的最新數據，截至9月8日，美軍在伊朗戰事中累計傷亡人數達838人，其中18人死亡、820人受傷。請繼續往下閱讀...該系統將7月7日美軍重啟伊朗戰事的傷亡獨立統計，這段時間美軍4死403傷；而2月28日至7月6日的美軍伊朗戰事傷亡統計，已被歸類在「史詩怒火」軍事行動類別。    ,https://news.ltn.com.tw/news/world/breakingnews/5568192
日職軟銀前外野手宮地克彥 涉嫌猥褻妙齡女被捕,國際,2026/09/09 14:47,日本職棒福岡軟銀鷹前外野手宮地克彥，涉嫌猥褻20來歲女子被捕。圖為宮地克彥擔任女子棒球隊九州Honeys總教練指導球員。（圖擷自「@sumi_vac18」X帳號）日本職棒福岡軟銀鷹前外野手宮地克彥，2005年曾獲太平洋聯盟最佳十人獎，2022年起擔任女子棒球隊「九州Honeys（九州ハニーズ）」總教練，不過，福岡縣春日警察署今（9日）表示，宮地克彥涉嫌猥褻20來歲女子被捕。據《產經新聞》報導，春日警察署指出，現年55歲的宮地克彥於8月17日晚間10時20分至18日早上6時55分之間，在家中涉嫌將手伸入妙齡女的內衣並親吻對方，受害者21日向警方報案。請繼續往下閱讀...據了解，宮地克彥和女方互相認識，警方目前依照強制猥褻罪嫌偵辦，不過宮地克彥強調自己沒有猥褻的意圖。宮地克彥1990年被埼玉西武獅選中，曾幫助球隊在2002年奪得太平洋聯盟冠軍，2004年轉至福岡大榮鷹（2005年更名為軟銀鷹），2005年入選洋聯最佳十人。宮地克彥2006年手腕受傷且狀態低迷，遭到軟銀鷹戰力外，後續雖然參加12支球隊的聯合測試會，但沒被任何球隊選中，於2007年底宣布引退後，曾擔任軟銀鷹二軍育成教練、西武獅二軍外野防守和跑壘、一軍打擊教練，目前為九州Honeys總教練。☆尊重身體自主權，遇到性騷擾勇於制止、勇敢說不，請撥打113、110☆☆現代婦女基金會 性侵害防治服務專線02-7728-5098分機7☆    ,https://news.ltn.com.tw/news/world/breakingnews/5568179
父王致信英政府重申哈利、梅根仍非王室成員 夫妻倆驚呆,國際,2026/09/09 14:40,英國國王查爾斯（前）致函英國政府表示，哈利夫妻兩人非王室成員，所有慈善活動，都將以私人公民身分進行。（法新社）英國哈利王子（Prince Harry）與妻子梅根（Meghan）和一對兒女搬回英國，英國國王查爾斯（King Charles III）致函英國政府表示，兩人非王室成員，所有慈善活動，都將以私人公民身分進行，這封信件的曝光令哈利夫妻措手不及。據《美聯社》報導，放棄王室職務並移居美國已有6年後，英國哈利王子與妻子梅根偕一對兒女搬回英國，一封由英王查爾斯批准的信件向英國政府高級官員表示，哈利夫妻搬回英國後，不會改變身分，仍非王室在職成員。請繼續往下閱讀...他們不得使用「殿下」頭銜（His/Her Royal Highness），並且仍屬「擁有商業及慈善利益的私人公民」，至於實際的維安安排，則由相關警察機關負責決定。一名了解相關討論的人士透露，英王查爾斯三世的信函向媒體公開時，讓哈利與梅根措手不及，部分原因是兩人在信函公布前，幾乎沒有多少時間審閱內容或提出回應。知情人士指出，哈利與梅根的代表是在信函提供給各家新聞媒體的1小時12分鐘前，才收到信函副本。由於當時哈利正在開會，他們一直無法與哈利取得聯繫，直到信函正式公開前僅僅2分鐘才聯絡上他，因此幾乎沒有時間作出回應。報導指出，這由英王批准的信及哈利夫妻對信函的反應，也凸顯出他們重返英國所引發的緊張關係。部分王室觀察人士擔憂，哈利與梅根人在英國，可能讓他們建立起某種形式的「平行王室」（parallel royal court），進而與目前實際履行公務的王室成員形成競爭。    ,https://news.ltn.com.tw/news/world/breakingnews/5568132
中國女貪官侵害58名男下屬 傳一次點10男伺候 小鮮肉哭著逃出來,國際,2026/09/09 14:29,中國貴州省黔南州前州長鍾陽於2024年被爆涉及貪污及權色交易，據指她將毒手伸向基層，利用職權性侵多達58名男部屬，甚至曾荒唐要求「每次10男」伺候。（圖擷自網路）中國貴州省黔南州前州長鍾陽於2024年被爆涉及貪污及權色交易，據指她將毒手伸向基層，利用職權性侵多達58名男部屬，甚至曾荒唐要求「每次10男」伺候，她因收賄、違反生活紀律被重判13年，近期媒體則是又再度翻出這起案件進行報導。綜合媒體報導，鍾陽過去曾擔任中國貴州省委委員、黔南州原州委副書記、州長，但看似前途一片光明的她卻在2024年被爆貪污及權色交易，據指她非法收賄超過人民幣5896萬元（約新台幣2.68億），且還爆出與多名男下屬發生不倫戀的性醜聞。請繼續往下閱讀...中媒報導指出，據中國貴州省紀委通報，鍾陽早年曾遭長官潛規則，在掌權後產生扭曲的報復心態，熱衷於「權色交易」，在成為地方高官後更涉及貪污濫權。據指她利用職權性侵多達58名男部屬，甚至被控曾要求一次有10男輪流上陣侍寢，還傳出有年輕的「小鮮肉」部屬不堪身心遭受摧殘，崩潰哭著從房間逃出。鍾陽的貪腐與荒淫行徑在2024年被揭露，包含非法收受鉅額賄賂及混亂私生活震驚中共高層，後續她也因收賄、違反生活紀律被法院判有期徒刑13年，目前仍在服刑中。    ,https://news.ltn.com.tw/news/world/breakingnews/5567862
毛澤東逝世50週年 路透：習近平正重拾「毛時代」元素,國際,2026/09/09 14:28,路透指出，中國國家主席習近平從未公開將其在文革期間遭受的苦難歸咎於毛澤東。（法新社資料照）中國9日紀念毛澤東逝世50週年。外媒指出，毛澤東將全球約4分之1人口置於中國共產黨的統治之下，其留下的政治陰影至今仍籠罩著中國的未來。路透報導，1976年9月9日，毛澤東逝世，享壽82歲。許多人為他的死訊哀悼，一些在他近30年統治下受苦的人們則感到寬慰，同時加速了文化大革命走向終結。毛澤東於1966年發動這場狂熱的群眾運動。請繼續往下閱讀...中共後來譴責文化大革命是一場嚴重錯誤，毛澤東對此負有主要責任，但中共至今仍尊崇毛澤東，並認為他的功績大於過失。北京天安門廣場是象徵中國政治權力的中心，廣場上懸掛著高達6公尺的毛澤東肖像。經防腐保存的毛澤東遺體則安放在毛主席紀念堂內，接受來自中國各地民眾排隊瞻仰。在中國，許多人至今仍將毛澤東奉為國家的救星。適逢毛澤東逝世50週年，毛主席紀念堂9日延長開放時間，預期將迎來更多參觀人潮。報導稱，文化大革命期間，年事已高且多疑的毛澤東，動員學生及支持者對付其所謂的「階級敵人」，其中包括被指控「走資本主義道路」的領導人，引發劇烈動盪，不僅造成官僚體系分裂、經濟癱瘓，也導致暴力與迫害。路透指出，這場長達10年的動亂，在毛澤東之後數代中國領導人身上留下複雜的烙印，其中就包括現任中國國家主席習近平。習近平的父親、前中國國務院副總理習仲勳，在文化大革命期間遭到整肅和殘酷迫害，習家也被洗劫。當時仍是青少年的習近平被扣上「反動學生」的帽子，遭到審問、被迫接受政治學習，甚至曾受到處決威脅。習近平2000年接受官方訪問時表示：「因為我個性倔強，不肯受欺負，得罪了造反派。」他說：「所有壞事都算到我頭上……當時我甚至還不到15歲。」1969年，與許多同世代青年一樣，習近平被送往農村，並在中國西北1個貧困村落生活了7年。美國大學（American University）中國政治專家托里吉安（Joseph Torigian）強調：「文化大革命對習近平而言，是一段讓他理想徹底幻滅的經歷。」但托里吉安也指出，習近平「仍然從這場運動中看到某種救贖意義」，這段經歷磨練了他，也讓他看見國家崩潰的危險，以及中共必須有一套通往社會主義的明確路線圖。截至目前，習近平從未公開將其家庭遭受的苦難，或他親眼目睹的其他悲劇歸咎於毛澤東。自2012年成為中國最高領導人以來，習近平反而主張，不應利用毛澤東晚年的改革時期來否定毛澤東時代。路透分析，他同時也正積極呼應毛澤東時代的做法。毛澤東逝世後，歷經鄧小平推動改革，習近平的前任領導人們也循此方向，試圖謹慎放鬆最高領導人對權力的掌控。相較之下，路透直言，習近平毫不避諱地鞏固權力、強化個人權威，並強調思想一致及嚴格的黨紀。在打破了改革開放時期為避免權力過度集中、降低再次出現個人崇拜風險而設下的任期限制慣例後，習近平成為繼毛澤東之後、中華人民共和國任期最長的最高領導人。路透指出，習近平也讓自己的名字正式與國家指導思想連結，並將其寫入中共黨章及中國憲法。自毛澤東以來，沒有其他中國領導人在任期內做到這一點。倫敦國王學院（King's College London）劉氏中國研究院（Lau China Institute）院長布朗（Kerry Brown）表示：「毛澤東主義的圖像象徵、領袖魅力，以及非常特定的語言和符號，至今仍具有極其強大的影響力。」布朗補充：「習近平透過強烈的民族主義和民粹主義，重新恢復了其中一些元素。」托里吉安則表示，習近平避免更直接批評毛澤東，其中一個原因是他「希望讓中共重返昔日的輝煌歲月，當時每個人都受到熱忱與激情所形塑」。但托里吉安指出，問題在於習近平的做法能否長久延續，「或者，就像過去的毛澤東一樣，習近平是否正在無意間製造尋求改變的壓力，並在他離開後將中國推向新的方向。」    ,https://news.ltn.com.tw/news/world/breakingnews/5568139
雨彈炸不停！日本4地恐現「線狀降水帶」 洪水、土石災害拉警報,國際,2026/09/09 14:24,"受到秋雨鋒面與熱帶低氣壓影響，日本名古屋昨（8）日出現破紀錄豪雨，導致多地傳出淹水等災情。（路透資料照）受到秋雨鋒面與熱帶低氣壓影響，日本今（9）日從西日本至東北地區的廣大範圍持續降下大雨，四國及東海地區局部雨勢猛烈。氣象廳指出，關東甲信、四國、近畿及東海地區今日可能形成「線狀降水帶」，受大雨影響，災害發生風險恐在短時間內急遽升高，呼籲民眾提高警戒，隨時注意當地氣象資訊。綜合日媒報導，日本氣象廳9日上午4點56分發布「氣象解說資訊（線狀降水帶半日前預測）」，提醒關東甲信、東海、近畿及四國地區民眾，對可能形成的線狀降水帶提高警戒。報導指出，由於日本多地先前因線狀降水帶出現破紀錄豪雨，導致部分地區土壤鬆動、河川水位上漲，因此民眾須嚴防洪水、土石災害等災情發生。請繼續往下閱讀...氣象單位呼籲，民眾切勿靠近已淹水道路、地下道等危險場所，隨時確認最新氣象資訊及地方政府發布的避難訊息，同時盡早撤離具有災害風險的地區，務必以自身安全為優先採取行動。另外，受破紀錄大雨影響的名古屋市，宣布將《災害救助法》適用於全市，包括開設避難所等救助工作產生的部分費用，將由日本中央政府負擔。官房長官木原稔則在今日記者會指出，截至上午9點收到的災情通報顯示，東海地區有4人輕傷，此外也有不少住宅傳出淹水災情。他也提醒，今日東海、近畿與四國地區可能形成線狀降水帶，大雨引發的災害風險恐急遽升高，民眾除了必須嚴加警戒土石災害，也需注意低窪地區淹水、河川水位上升及氾濫。【今日の天気予報】今日9日（水）は秋雨前線の影響で西日本から東日本、東北南部の広い範囲で雨が降りやすく、太平洋側を中心に大雨のおそれがあります。これまでの雨量が多い地域では土砂災害に警戒が必要です。https://t.co/QEzGGnnUZy pic.twitter.com/jXN93RRDoU— ウェザーニュース （@wni_jp） September 8, 2026 【今日の天気予報】今日9日（水）は秋雨前線の影響で西日本から東日本、東北南部の広い範囲で雨が降りやすく、太平洋側を中心に大雨のおそれがあります。これまでの雨量が多い地域では土砂災害に警戒が必要です。https://t.co/QEzGGnnUZy pic.twitter.com/jXN93RRDoU【気象庁発表】関東・東海・近畿・四国で「線状降水帯」発生の可能性https://t.co/8ZTJGEFZ4d茨城県・東京地方・埼玉県・神奈川県・千葉県……9日明け方静岡県……9日明け方から夜遅くにかけて愛知県・岐阜県……9日明け方から夜のはじめ頃にかけて三重県……9日明け方から夕方にかけて…— ライブドアニュース （@livedoornews） September 9, 2026 【気象庁発表】関東・東海・近畿・四国で「線状降水帯」発生の可能性https://t.co/8ZTJGEFZ4d茨城県・東京地方・埼玉県・神奈川県・千葉県……9日明け方静岡県……9日明け方から夜遅くにかけて愛知県・岐阜県……9日明け方から夜のはじめ頃にかけて三重県……9日明け方から夕方にかけて…    ",https://news.ltn.com.tw/news/world/breakingnews/5568135
流浪漢指南竟成青年「必修課」？中國社群「負能量」燒向習近平,國際,2026/09/09 14:11,中國河北省石家莊解放廣場舉行的招聘會聚集大批求職者。《紐約時報》報導，中國年輕人近來面臨求職困難，社群媒體上也出現大量談論低薪、失業與生活壓力的內容。（路透資料照）中國社群媒體近來出現大量黑色幽默內容：一段教人如何在街頭求生的「流浪漢指南」，竟在影音平台嗶哩嗶哩（Bilibili）累積超過600萬次觀看，還被網友戲稱為「2026年年輕人的必修課」。《紐約時報》報導，隨著工作難找、房價下跌與對未來的焦慮加深，悲觀情緒正逐漸成為中國社群媒體日常內容的一部分。《紐約時報》7日報導，這段影片半認真、半開玩笑地教導無家可歸者如何在街頭生存，包括睡在垃圾桶附近取得「物資」、用紙板隔絕潮氣，以及避開監控攝影機。影片一度成為嗶哩嗶哩熱門榜第2名，觀看次數超過600萬次；網友則借用共青團政治教育項目「青年大學習」的名稱，戲稱這是「2026年年輕人的必修課」。請繼續往下閱讀...中國共產黨多年來試圖讓「正能量」成為網路主流情緒，要求平台宣傳經濟成就、對中共的感謝，以及對中國未來的信心。但《紐約時報》指出，近來的悲觀情緒不像過去只在災難、醜聞或政府強硬行動後短暫爆發，而是持續出現在日常社群資訊流中，有時還演變成帶有顛覆意味的內容。這股情緒與經濟壓力交織。中國7月官方青年失業率為17.9％，超過2億人從事政府所稱的「靈活就業」；小紅書上一個呼籲民眾節省開支的標籤，瀏覽量更接近1.2億次。報導指出，年輕人面對求職困難，對結婚、生育的意願也在降低，一些中年人則開始懷疑，過去被視為穩定人生道路的選擇是否反而成為負擔。網友把官方宣傳變成嘲諷舞台這種反諷有時甚至觸及習近平與中共統治。去年11月，一則抖音解釋「遺臭萬年」的貼文引發大量留言，網友以「他」等隱晦方式影射習近平，其中一則留言稱「他簡直是獨一檔的存在」。以「李老師」聞名的李穎表示，他與團隊今年觀察到，悲觀甚至帶有顛覆意味的貼文與留言數量呈「指數級」增加。部分網友甚至直接進入官方帳號留言區。一段讚揚中國共產黨的抖音影片，吸引4.1萬條內容幾乎完全相同的評論，評論區排滿哭臉表情符號。另有中國官方媒體宣稱明朝早於西方數百年發明載人飛行，網友則反問：「我們什麼時候才能發明雙休日？」維也納大學當代中國政治學教授顧克禮（Christian Göbel）將這種做法稱為「顛覆性放大」（subversive amplification），也就是網友不必建立自己的傳播平台，而是直接借用官方帳號原有的流量，讓原本要宣傳的內容反而成為嘲諷對象。中國政府仍試圖壓制這類「負能量」。國家安全部2023年曾將「唱衰中國經濟」視為安全與政治問題，去年網路監管部門也要求平台壓制「努力工作或受教育無用」等說法。今年4月，國安部再批評境外組織資助宣揚「躺平」的網紅，引發網民反彈，有人以「騾子不幹活了，地主就賺不到錢了」嘲諷，國安部之後關閉該文留言區。顧克禮表示，他不知道這類內容是否真的能被控制，任何試圖讓這些聲音消失的敘事，都是對正在承受生活壓力者的一種侮辱。中國社群帳號「李老師不是你老師」發布的截圖顯示，一段讚揚中國共產黨的抖音影片下出現4.1萬則內容幾乎相同的評論，並大量使用哭臉表情符號。（取自X／@whyyoutouzhele）    ,https://news.ltn.com.tw/news/world/breakingnews/5568145
中國女高中生遭「戰狼教官」猥褻 老師竟稱不是什麼大事,國際,2026/09/09 13:53,"中國河南鄭州女高中生，遭「戰狼公司」教官猥褻導致身心受創，老師得知後竟說這不是什麼大事。（圖擷自微博）中國河南省鄭州市第四高級中學，去年委託外包商「戰狼公司」對學生進行軍訓，孰料梁姓教官竟猥褻15歲高一生牟曉麗（化名），老師得知後竟說這不是什麼大事，導致受害女孩身心受創、有輕生傾向，目前仍在持續就醫。據《澎湃新聞》報導，2025年10月2日至5日，鄭州四中進行新生軍訓活動，共有6名同學被分派到宿舍查寢的任務，牟曉麗是其中之一，前幾天都是6人一起出動，但軍訓教官梁某在5日晚間僅要求牟曉麗和同班的李姓男學生陪同查寢。請繼續往下閱讀...牟曉麗回憶，當天檢查到男生宿舍時，梁教官讓李男自己上3樓檢查，和她一起在樓梯間等待，沒想到同學才剛走上去，梁某就把她堵到牆角猥褻，李男回來後教官又叫他去檢查一次，然後繼續猥褻。牟曉麗事後寫下的文字顯示，梁某滿足獸慾後威脅她不能把事情說出去，否則所有人就會知道，「妳在學校就完了」，牟曉麗的朋友江珠（化名）指出，曉麗當天查完寢臉色就很不好，後來在廁所痛哭並向她透露自己受辱。江珠說，牟曉麗原先不敢報警，但她們有將情況告知給「生活老師」，沒想到對方卻認為這不是什麼大事，做做心理輔導就好，「生活老師」是中國學校裡負責管理寄宿學生的教職人員。此外，梁教官伸出狼爪後加了牟曉麗的微信，雖然迅速被拉入黑名單仍於5日深夜11時39分發送簡訊，指稱「認真考慮了很久，我們確實不合適，祝前程似錦未來可期，山水萬程皆要好運」，顯然是想要把猥褻偽造成情侶間的往來，讓牟曉麗氣得回覆「演給誰看」。牟曉麗母親7日得知此事後立即要求學校報警，8日由鄭州公安局惠濟分局立案並刑事拘留梁男。不過，牟曉麗受辱後多次出現割腕自殘的情況，並且試圖跳樓、過量服藥，被診斷為創傷後壓力症候群（PTSD）。梁男目前已被檢方起訴，鄭州市惠濟區人民法院正委託司法鑑定機關，對牟曉麗所患PTSD等精神問題、身體情況進行認定，以便確認是否和梁教官猥褻有關。自由電子報關心您︰自殺不能解決問題，勇敢求救並非弱者，社會處處有溫暖，一定能度過難關。安心專線：1925 生命線協談專線：1995。張老師專線：1980☆尊重身體自主權，遇到性騷擾勇於制止、勇敢說不，請撥打113、110☆☆現代婦女基金會 性侵害防治服務專線02-7728-5098分機7☆    ",https://news.ltn.com.tw/news/world/breakingnews/5568077
北韓軍人單月越界逾20次！南韓頻鳴槍驅離 軍方曝背後原因,國際,2026/09/09 13:30,南韓軍方9日證實，最近1個月，北韓軍人越過軍事分界線的次數已超過20次。（法新社資料照）南韓軍方9日表示，最近1個月以來，北韓軍人越過軍事分界線（MDL）的次數已超過20次，已超過去年全年的17次。韓聯社報導，南韓軍方指出，今年首次發生北韓軍人越界事件是在8月中旬的東部戰線，此後類似情況頻繁發生，且主要集中在東部戰線。請繼續往下閱讀...根據交戰守則，南韓軍方發現北韓軍人出現越界跡象時，會先進行警告廣播；若北韓軍人仍越過軍事分界線，南韓軍方隨即鳴槍示警，將其驅離。近期發生的北韓軍人越界事件，南韓軍方大多採取鳴槍示警措施。北韓軍人去年全年共有17次越過軍事分界線，今年僅最近1個月的越界次數就已超過去年全年。南韓聯合參謀本部表示，北韓軍方重新在前線地區進行林木清理作業後，陸續出現軍人越界情況。據此研判，這些越界行為並非源自北韓軍方的特殊動向或變化。據了解，由於北韓軍人越界事件主要發生在東部戰線，南韓軍方目前正考慮強化監視及警戒的方案。此外，南韓軍方已要求聯合國軍司令部調查北韓軍人越界是否違反韓戰停戰協定，並就南北韓對軍事分界線基準認定不同等可能引發軍事衝突的潛在風險進行協調與溝通。聯合國軍司令部表示，依據停戰協定，司令部持續監視非軍事區（DMZ）內的相關活動，並與南韓政府保持密切溝通。    ,https://news.ltn.com.tw/news/world/breakingnews/5567836
日本上智女大生命案30年未破 警懸賞800萬日圓徵求線索,國際,2026/09/09 12:39,日本上智大學女學生小林順子，1996年9月9日在東京住處遭人持刀殺害，至今滿30年未偵破。（圖擷自警視廳官網）1996年9月9日，日本知名私校上智大學4年級女學生小林順子，在東京都葛飾區柴又三丁目住處遭人持刀殺害，兇嫌還縱火焚屋，至今（9日）滿30年都未破案，警視廳持續懸賞800萬日圓（約新台幣164萬元）對外徵求線索。據《NHK》報導，警視廳警官和小林順子父親小林賢二，今天來到案發地點設立的地藏菩薩前獻花悼念，龜有警察署13名警員也在附近的柴又車站發放傳單，呼籲民眾踴躍提供線索。請繼續往下閱讀...警視廳資料顯示，1996年9月9日下午3時50分至4時39分許，獨自在家的小林順子遭到殺害，當天曾有身高約150至160公分的可疑男子在附近出沒，其身穿黃色外套、黑色衣褲。小林賢二感嘆，女兒遇害已過了30年，如今他也80來歲了，身體狀況逐漸衰弱，真不知道會先破案還是自己先走到人生的盡頭，不過他相信最重要的是向隱藏在黑暗中的兇嫌，不斷傳達出「永不放棄破案」的態度。警方公開嫌疑人模擬圖。（圖擷自警視廳官網）    ,https://news.ltn.com.tw/news/world/breakingnews/5567963
戰狼外交踢鐵板！菲律賓防長一臉鄙視公開「中國無恥恐嚇信」,國際,2026/09/09 12:31,"菲律賓國防部長鐵歐多洛上台發表談話，期間被中國代表強塞一張紙條打斷。（圖擷取自「Department of National Defense - Philippines﻿」臉書粉專，本報合成）菲律賓國防部長鐵歐多洛（Gilberto Teodoro）訪問韓國、出席2026首爾安全對話（SDD）並上台發表談話，期間被中國代表遞來的紙條打斷，內容提到中方質疑2016年南海仲裁案的合法性，鐵歐多洛當場以菲律賓話狠嗆中國「多點羞恥心」，更在事後透過社群公開這張紙條的完整內容，吸引各國民眾湧入朝聖。綜合外媒報導，鐵歐多洛7日至9日訪問韓國，出席舉辦首爾安全對話，並在會上發表演說。然而鐵歐多洛講到一半，被身分不明的中國代表鬧場，對方派人上台遞出一張紙條，結果鐵歐多洛不僅大聲唸出紙條內容，還斥責中國才是不遵守國際法、不尊重東道主韓國的那一方，更一針見血指出，中國目前最需要學習基本禮貌與分寸。請繼續往下閱讀...會後菲律賓國防部長在臉書、IG、X（原推特）等社群平台，發布鐵歐多洛被中國代表紙條打斷到嚴厲譴責中國的全程影片，以及數張鐵歐多洛一臉鄙視拿著紙條閱讀的照片，其中一張更是以超高畫質，來清楚展示這張紙條上面的完整內容與塗改痕跡︰英文原文China's position on the South China Sea arbitration is clear, consistent and firm. The arbitration violates fundamental principles of international law. The so-called award is illegal, null and void, and has no binding force.China neither accepts nor recognizes the award, and opposes and will never accept any claim or action arising from it.China will continue firmly safeguarding its sovereignty, rights and interests in accordance with the law, properly handling maritime disputes with parties concerned, through dialogue and consultation, to jointly safeguard peace and stability in South China Sea.中文翻譯中國對南海仲裁案的立場是明確、一貫且堅定的。該仲裁違反國際法的基本原則。這項所謂的裁決是非法、無效且不具效力的，也沒有任何約束力。中國既不接受、也不承認該仲裁裁決，對任何以該裁決為依據的主張或行動，也一概反對、絕不接受。中國將繼續依法堅定維護自身主權、權利與利益，透過對話與協商，妥善處理與有關各方之間的海洋爭端，共同維護南海的和平與穩定。菲律賓與各國網友看完後，除了大讚鐵歐多洛讓蠻橫的中國戰狼踢到鐵板，還留下許多毒舌評價，「他們大概習慣了用恐嚇或錢收買執政者」、「我家狗狗寫的字都比這個漂亮，搞不好還比較看得懂」、「菲律賓就算是小國，也照樣能讓你的眼睛進沙，絕不任人欺負」、「這些粗魯又噁心的中國蟑螂，總以為自己占盡上風，每天都在吹噓引以為傲的漢服，但實際上卻什麼也不是、「無論採取什麼外交手段，中國都沒有接受真相與現實的能力，他們至今仍抱持著扭曲又混亂的『毛澤東思想』」。MAHIYA NAMAN KAYO | Secretary of National Defense Gilberto C. Teodoro, Jr. responded to a note from the Chinese side during the Seoul Defense Dialogue （SDD） 2026 in Seoul, Republic of Korea.#DNDPHL #DiKaPasisiil #SDD2026 pic.twitter.com/fsCRVphkgf— Department of National Defense - Philippines （@dndphl） September 8, 2026 MAHIYA NAMAN KAYO | Secretary of National Defense Gilberto C. Teodoro, Jr. responded to a note from the Chinese side during the Seoul Defense Dialogue （SDD） 2026 in Seoul, Republic of Korea.#DNDPHL #DiKaPasisiil #SDD2026 pic.twitter.com/fsCRVphkgfTEODORO RECEIVES ‘DISRESPECTFUL’ LETTER FROM CHINADefense Secretary Gilberto Teodoro Jr. showed the handwritten letter he received from the Chinese delegation at the Seoul Defense Dialogue （SDD） 2026 in Seoul on Tuesday. The letter, which stated China’s position on the 2016… pic.twitter.com/QxoIGQcZpq— The Philippine Star （@PhilippineStar） September 8, 2026 TEODORO RECEIVES ‘DISRESPECTFUL’ LETTER FROM CHINADefense Secretary Gilberto Teodoro Jr. showed the handwritten letter he received from the Chinese delegation at the Seoul Defense Dialogue （SDD） 2026 in Seoul on Tuesday. The letter, which stated China’s position on the 2016… pic.twitter.com/QxoIGQcZpq        在 Instagram 查看這則貼文            Dept. of National Defense ????????（@dndphl）分享的貼文Dept. of National Defense ????????（@dndphl）分享的貼文        在 Instagram 查看這則貼文            Dept. of National Defense ????????（@dndphl）分享的貼文Dept. of National Defense ????????（@dndphl）分享的貼文        在 Instagram 查看這則貼文            PTV（@ptvph）分享的貼文PTV（@ptvph）分享的貼文鐵歐多洛直言，中國代表在紙條上寫的內容與蠻橫打斷他人說話的行為，非常沒有禮貌。（圖擷取自「Department of National Defense - Philippines﻿」臉書粉專）    ",https://news.ltn.com.tw/news/world/breakingnews/5567918
白宮反移民遊戲涉侵權 建牆遊戲遭下架,國際,2026/09/09 12:13,白宮8日下架1款名為「建牆」的遊戲，疑似是為了迴避侵犯版權爭議。（擷自X@WhiteHouse）美國白宮3日推出包含電子遊戲的網站，遊戲涉及驅逐移民和邊境管控元素。但白宮8日下架1款名為「建牆」（Build the Wall）的遊戲，疑似是為了迴避侵犯版權爭議。根據《法新社》報導，「建牆」是1款以「俄羅斯方塊」為基礎的方塊堆疊遊戲。遊戲簡介寫透過建牆保護邊境，抵禦即將到來的大批人群。俄羅斯方塊公司（Tetris Company）對此發出警告，稱其對侵犯版權的行為高度重視。請繼續往下閱讀...俄羅斯方塊公司4日告訴《法新社》，該公司並未參與「建牆」的製作。該公司說「我們沒有參與此遊戲的製作，也沒有授權或許可該遊戲使用俄羅斯方塊品牌或智慧財產權。」俄羅斯方塊公司也在X發文稱「我們相信連結的力量，相信團結而非分裂。我們也非常重視著作權侵權問題。」目前白宮尚未回覆《法新社》關於「建牆」為何下架的問題。值得注意的是，白宮推出的遊戲除了涉及侵權爭議外，還引起人權組織的批評。德州伊格帕斯（Eagle Pass）邊境聯盟聯合主任格雷瓦爾（Amerika Garcia Grewal）說「真讓我噁心。他們多年來一直在拿人命開玩笑，現在還把自己的所作所為做成電子遊戲。」    ,https://news.ltn.com.tw/news/world/breakingnews/5567953
北韓近1個月侵犯軍事分界線逾20次 南韓軍方：超越去年整年次數,國際,2026/09/09 11:49,南韓軍方表示，近1個月以來，北韓士兵越過軍事分界線的次數已經超過20次。（美聯社）北韓士兵8月中旬曾越過兩韓軍事分界線（MDL），是今年首宗案例，不過南韓軍方表示，近1個月以來，北韓士兵越過軍事分界線的次數已經超過20次。根據南韓《韓聯社》報導，南韓軍方表示，8月中旬的北韓士兵越界事件發生在東部戰線，自此之後以東部戰線為主的越界行為頻繁發生，近1個月以來就發生20多次。南韓軍方指出，去年北韓軍方共侵犯軍事分界線17次，但今年越界次數僅僅不到1個月就超越去年整年。請繼續往下閱讀...報導指出，依照南韓軍方教戰守則，軍方在發現北韓軍人越界時會進行廣播警告，若北韓軍人仍侵犯軍事分界線，軍方會鳴槍示警、將其驅離，對於近期的北韓軍人越界事件，軍方大多採取鳴槍示警的手段應對。目前南韓軍方正考慮加強監視戒備，並請求聯合國軍司令部調查朝軍越界是否有違韓戰《停戰協定》。    ,https://news.ltn.com.tw/news/world/breakingnews/5567882
日本豪雨不斷今恐達最高峰！鄭明典揭原因 罕見「秋梅雨」,國際,2026/09/09 11:44,昨日本名古屋豪雨，造成嚴重淹水災情，今降雨恐達到最高峰。（美聯社）昨（8日）日本名古屋豪雨，造成嚴重淹水災情，今（9日）降雨恐達到最高峰，廣大地區都必須警戒「線狀降水帶」形成；前氣象局（署）長鄭明典分析，潮濕空氣與北風天氣系統，在日本附近相遇，為日本帶來持續性降雨，這種雨型類似梅雨，被稱為「秋梅雨」、「秋雨」，台灣也有學者稱為「秋潮」。綜合日本媒體報導，日本各地正在發生的破紀錄豪雨，預計今將達到最高峰，其中中國、四國、近畿、東海及北陸等地區，部分地區可能出現伴隨雷電的猛烈降雨，甚至是非常猛烈的降雨，而發生淹水災情的名古屋市，恐怕將再度遭遇豪雨。請繼續往下閱讀...科羅旺颱風減弱的熱帶低氣壓，目前正在四國附近向北移動，四國至近畿地區雨勢已經開始增強。日本氣象協會氣象預報士森山和彥警告：「這一波接連發生的豪雨，今天看來將達到最高峰。」針對日本近日豪雨，鄭明典PO出地面風場疊加大氣可降水量圖指出，現在有一股潮濕空氣由巴士海峽經台灣東側北上，在日本附近遭遇北風天氣系統，給日本多地帶來持續性降雨，雨型有點類似梅雨。鄭明典表示，秋季出現類似梅雨的天氣，日本稱為「秋梅雨」或「秋雨」，也有人稱「薄梅雨」，台灣早期有學者稱「秋潮」，秋潮有時很不明顯，所以天氣預報上不常出現這個名詞。    ,https://news.ltn.com.tw/news/world/breakingnews/5567721
革命衛隊宣稱重創2美驅逐艦！中央司令部否認 反手擊沉油輪,國際,2026/09/09 11:39,美國中央司令部公布擊沉革命衛隊的原油油輪M/T Riesco的畫面。（路透）伊朗伊斯蘭革命衛隊聲稱，作為對美國攻擊伊朗油輪的回應，對美軍2艘驅逐艦實施了飛彈打擊，造成2艦「嚴重破壞」；對此，美國中央司令部表示，軍艦並未被擊中，作為報復，擊沉革命衛隊的原油油輪M/T Riesco。綜合外媒報導，伊朗革命衛隊今（9日）發表聲明，成功對美國海軍DDG-119和DDG-53驅逐艦實施打擊，對兩艘軍艦造成「嚴重破壞」，以回應「針對伊朗油輪和船隻的侵略行為和惡意騷擾」。伊朗半官方媒體《塔斯尼姆通訊社》（Tasnim News Agency）報導，這項行動對海軍艦艇造成了「重大損害」。請繼續往下閱讀...對此，美國中央司令部回應，軍艦未被擊中，也沒有美軍人員在事件中受傷，目前繼續執行巡邏任務，不過中央司令部沒有透露遇襲驅逐艦艦名。同時，在革命衛隊襲擊美驅逐艦當下，其原油油輪M/T Riesco昨（8日）晚在阿曼灣美軍擊沉。    ,https://news.ltn.com.tw/news/world/breakingnews/5567894
赴韓留學注意！新慶州大學面臨倒閉 未退還國際學生4700萬學費,國際,2026/09/09 11:36,南韓新慶州大學面臨破產倒閉，300多名國際學生總計20億韓元學費沒被退還。（圖擷自新慶州大學官網）前往南韓留學要注意學校經營狀況！位於慶尚北道慶州市的「新慶州大學」，在面臨破產倒閉的情況下採取大量招收國際學生的策略，但校方並未申請能夠簡化學生辦簽證的國際化教育認證，導致許多想來就讀的國外人士赴韓簽證被拒，總計有300多人、20億韓元（約新台幣4700萬元）的學費沒被退還。據《朝鮮日報》報導，私立新慶州大學前身為「慶州大學」，本身就面臨學生人數下降、拖欠薪水的問題，教職員工於2022年向政府申請學校破產。不過，慶州大學創辦人出面推動和慶州市內「徐羅伐大學」合併，聲稱這能挽救情況。請繼續往下閱讀...兩校於2024年完成合併後，採取積極招收國際學生的做法，國際學生從2023年的8人增至2024年112人、2025年476人，今年第1學期594人（南韓第1學期為3月）。不過，南韓教育部官員透露，新慶州大學今年沒有申請國際化教育認證，可能是知道自身不符合認證標準，就自行放棄申辦了，但這也使得許多國際學生拿不到簽證。值得注意的是，新慶州大學向法院提交的破產重整申請，已在8月獲得批准，校方打算再招收1000多名國際學生，目前已進行第2學期的招生活動。新慶州大學表示，先前由於進入破產管理階段，導致學校資產遭到凍結，因此無法退還來不了的國際學生學費，等到完整重整計畫11月提交給法院後，就可以恢復退費，並確保新錄取的國際學生可以拿到簽證。除了新慶州大學之外，位於濟州島的「濟州國際大學」，今年第1學期更是只有3名新生，其中1人還去服兵役。這間私立學校大約20年前就因學校資金遭到挪用而陷入困境，2019年被政府列為限制財政援助大學，目前拖欠薪資高達340億韓元（約新台幣8億元）。濟州國際大學已將宿舍、果園農地掛牌出售，但目前仍未找到買家，南韓教育部轄下專責扶持私立教育的「私學振興財團」，認為濟州國際大學已難以經營，連續2年建議學校關閉，但濟州國際大學7日仍透過「提前招生」吸引365名新生，提前招生指的是不透過大學入學考試，而是以高中成績、就學資料、校方自辦考試等方式入學。據了解，南韓針對私校的新法已於上個月生效，賦予政府直接讓經營不善大學退場的權力，但由於教育部尚未展開審核，預計到明年8月才能完成財務診斷報告，屆時才能真正動用新法。對此，南韓教育專家強調，這些面臨經營危機的大學可能很快就會倒閉，學生應該避免申請入學。    ,https://news.ltn.com.tw/news/world/breakingnews/5567869
自由說新聞》烏克蘭這幕瘋傳震撼全球！歐盟破例「開綠燈」出手抗俄,國際,2026/09/09 11:21,全新的視界！新聞話題不漏接，快訂閱YouTube 【自由追新聞】，記得開啟小鈴鐺哦！    ,https://news.ltn.com.tw/news/world/breakingnews/5567928
澤倫斯基訪挪威 將參加國王葬禮與國防會談,國際,2026/09/09 11:15,烏克蘭總統澤倫斯基8日抵達挪威，將參加哈拉德國王葬禮，並與挪威就防空援助問題舉行會談。圖為澤倫斯基。（路透）挪威國王哈拉德五世（Harald V）8月28日去世，享年89歲，將在9日於挪威首都奧斯陸下葬。烏克蘭總統澤倫斯基8日抵達挪威，將參加哈拉德國王葬禮，並與挪威就防空援助問題舉行會談。根據《法新社》報導，挪威首相辦公室在聲明中表示，澤倫斯基將於8日晚上會見挪威首相斯托爾（Jonas Gahr Stoere）。該辦公室補充，烏克蘭急需防空系統和其他形式的軍事援助，且正為迎接嚴酷的冬季做準備，會談將重點討論挪威的軍事和民事援助如何更好地滿足烏克蘭當前的需要。請繼續往下閱讀...澤倫斯基也在X上說「我們將討論繼續支持烏克蘭的問題。主要議題是加強防空能力，以及在其他對烏克蘭度過冬季至關重要的領域提供援助。」澤倫斯基指出，他和妻子將在哈拉德國王的告別儀式上「向挪威表達感激之情」。自2022年2月俄羅斯全面入侵烏克蘭後，挪威一直是向烏克蘭提供軍事和民事援助的主要國家之一。    ,https://news.ltn.com.tw/news/world/breakingnews/5567846
再槓川普！南方四賤客更名南美洲 嘲諷更改地名風波,國際,2026/09/09 10:50,美國成人喜劇動畫《南方四賤客》8日宣布，動畫將更名為《南美洲》。圖為《南方四賤客》作者史東（左）和帕克（右）。（法新社）美國成人喜劇動畫《南方四賤客》8日宣布，動畫將更名為《南美洲》（South America），以諷刺美國總統川普試圖重新命名世界某些區域的舉動。根據《法新社》報導，美國總統川普近期試圖將加拿大安大略湖更名為「美洲湖」（Lake Ontario）和將墨西哥灣更名為「美洲灣」（Gulf of America）。目前蘋果和Google都已調整地圖服務中這些水域的標示方式，讓美國使用者看到川普希望的名稱。請繼續往下閱讀...此事引發《南方四賤客》創作者帕克（Trey Parker）和史東（Matt Stone）嘲諷。該動畫官方帳號在X上說「受蘋果和Google的勇氣及愛國精神鼓舞，我們將把《南方四賤客》更名為《南美洲》。」《南方四賤客》以粗俗語言和諷刺敏感社會問題而聞名。自從川普重返白宮後，這部動畫就毫不留情地嘲諷他，還將他描繪成與撒旦（Satan）過著毫無愛情的婚姻生活。    ,https://news.ltn.com.tw/news/world/breakingnews/5567787
南韓咖啡店老闆賣假禮券被識破 將女子反鎖冷凍庫活活凍死,國際,2026/09/09 10:47,南韓京畿道坡州市知名咖啡廳「咖啡8794」冷凍庫驚見女屍，竟是老闆賣假禮券被識破，將女子反鎖活活凍死。（圖擷自NAVER地圖）南韓京畿道坡州市知名咖啡廳「咖啡8794（카페 8794）」，4日下午2時許在冷凍庫內發現女屍，30來歲的男老闆旋即被捕，警方經過調查後，認為他是因為賣假禮券遭到識破，才會將女子反鎖在冷凍庫裡活活凍死。綜合韓媒報導，居住在首爾的60來歲婦女，3日上午11時10分許來到坡州與男老闆碰面，並搭乘對方的車輛前往「咖啡8794」。據了解，咖啡廳老闆除了經營店面之外，平常也會販售禮券換錢，女子就是受到有意購買的人委託，前來檢驗禮券真假，雙方當天是第1次碰面。請繼續往下閱讀...咖啡廳外安裝的監視器，拍到女子和老闆一起進入面積約30平方公尺的貨櫃式冷凍庫，警方透露，老闆當時向受害者指稱禮券就放在裡面，但最後只有老闆獨自1人出來。4日凌晨0時06分，受害者的女兒報案指稱母親失蹤，到了4日下午2時36分，警方在「咖啡8794」冷凍庫發現女子的遺體，其陳屍在入口附近。警方認為老闆是將受害者反鎖在裡面，並將溫度設置為攝氏零下25度將她活活凍死。老闆把女子關在冷凍庫後，曾經多次回來檢查，並且3日當天通知員工不用來上班，還在網路、門口放出暫停營業的告示，之後就會正常營業，令人不寒而慄。警方表示，在冷凍庫內同時還發現500億韓元（約新台幣11.7億元）的百貨禮券，但很顯然是偽造的，而且做工相當粗糙，一眼就能看出來不是真的，目前推測老闆是被女子識破販售假禮券後，將其困在冷凍庫內致死。    ,https://news.ltn.com.tw/news/world/breakingnews/5567794
南韓出兵荷姆茲有譜？調查組急赴阿聯 國防部：掌握部隊作戰條件,國際,2026/09/09 10:36,南韓國防部8日證實，已派遣實地調查小組前往中東地區。圖為南韓海軍PKMR-2型飛彈巡邏艇。（歐新社資料照）南韓國防部8日證實，為掌握荷姆茲海峽一帶局勢，已派遣實地調查小組前往中東地區，了解當地局勢、部隊作戰條件等。韓聯社報導，南韓國防部表示，調查小組已於上週末啟程前往阿拉伯聯合大公國，目前正在了解當地局勢、安全狀況及部隊作戰條件，預計最快本週內返回南韓。請繼續往下閱讀...調查結果將提交南韓國家安全保障會議（NSC）。南韓國防部消息人士強調，派遣實地調查小組並非以實際派兵為前提，目前是否向荷姆茲海峽一帶派兵仍未有定論。針對有報導稱「美國要求南韓最遲於11月派兵」，該名消息人士表示，美方並未針對南韓派兵設定期限。    ,https://news.ltn.com.tw/news/world/breakingnews/5567638
拍攝喀拉喀托之子火山噴發！5記者搭船出海突失聯 生死未卜,國際,2026/09/09 09:59,有1艘搭載5名記者在內共8人的船隻，在喀拉喀托之子火山附近失蹤。（路透）印尼喀拉喀托之子火山（Anak Krakatau）4日噴發，有1艘搭載5名記者在內共8人的船隻，7日從雅加達附近出發，準備前往火山附近紀錄，不料卻在當天下午以後失聯，由於海象不佳，救援工作陷入困難。據《法新社》報導，有來自不同媒體的5名記者，7日下午從雅加達附近搭船出發，前往喀拉喀托之子火山附近，準備記錄火山噴發過程，除了5名記者外，船上另有2名船員及1名嚮導，共計8人。請繼續往下閱讀...其中1名記者曾在當天下午與同事取得聯繫，並分享自己的所在位置，但從那之後便失去消息，船東也沒有收到船上工作人員的任何聯絡。搜救人員、當地警方以及船隻所屬公司均投入搜索，不過由於現場海浪高、能見度不佳，8日的搜救行動已經暫停，預計今（9日）上午重新展開。    ,https://news.ltn.com.tw/news/world/breakingnews/5567729
美軍水下無人潛航器落伊朗之手 美國：早已故障、不涉機密,國際,2026/09/09 09:34,伊朗伊斯蘭革命衛隊8日表示，海軍在荷姆茲海峽入口附近捕獲1架美國水下無人潛航器。（路透）伊朗伊斯蘭革命衛隊8日表示，海軍在荷姆茲海峽入口附近捕獲1架美國水下無人潛航器，並稱其為美軍操作的最現代化無人載具之一。美國軍方同日稱，該無人機在伊朗捕獲前早已故障。根據《法新社》報導，美國中央司令部發言人霍金斯（Tim Hawkins）上校說「1架由美軍操作的水下無人潛航器在1天多前發生故障。當時它正在對區域水域進行偵察，以支援正在進行的行動。」請繼續往下閱讀...霍金斯指出，該無人潛航器是較老型號，且它既未收集敏感數據，也未攜帶任何機密聲吶或雷達設備。這並非伊朗首次試圖捕獲美國無人潛航器。伊朗驅逐艦「賈馬蘭號」（Jamaran）2022年9月捕獲2艘美國無人艇，將它們拖出紅海並在甲板上進行檢查。當時美國海軍派出驅逐艦「尼采號」（USS Nitze）和布萊克號（USS Delbert D. Black）以及1架MH-60R「海鷹」直升機因應，最終伊朗船員把無人潛航器放回海裡。    ,https://news.ltn.com.tw/news/world/breakingnews/5567689
美軍公開攻擊影片！ 魯比歐警告伊朗：攻擊美軍艦艇就會損失油輪,國際,2026/09/09 09:32,"魯比歐警告，只要伊朗繼續嘗試攻擊美軍艦艇，伊朗就會損失油輪。（歐新社）為了回應伊朗針對美國軍艦發射飛彈，美國中央司令部（CENTCOM）8日表示，美軍擊毀5艘伊朗油輪。美國國務卿魯比歐同日受訪時也警告，為了回應伊朗試圖攻擊美軍艦艇的行為，美國將繼續以伊朗油輪作為打擊目標。綜合外媒報導，魯比歐8日受訪時警告，只要伊朗繼續嘗試攻擊美軍艦艇，伊朗就會損失油輪，魯比歐也向媒體表示「我們為你們今天會再看到這種情況」，提及美軍8日在阿曼灣擊毀5艘伊朗油輪。請繼續往下閱讀...美國中央司令部8日公布美軍擊毀的5艘伊朗油輪相關細節與攻擊影片，美軍在阿曼灣擊毀伊朗伊斯蘭革命衛隊（IRGC）的油輪「M/T Kaviz」、「M/T Charminar」、「M/T Horizon 1」、「M/T Riesco」，並在哈格島附近擊毀「M/T Derya」。中央司令部指出，伊朗一直將這些油輪作為「影子艦隊」，用來資助伊朗伊斯蘭革命衛隊及其區域代理人，現在伊朗沒有任何手段能保護這些船隻。中央司令部強調，美軍在攻擊前已指示船員棄船，隨後才打擊這些船隻，使其無法運作。CENTCOM forces destroyed five Iranian crude oil carriers, Sept. 8, after the Islamic Revolutionary Guard Corps （IRGC） targeted a U.S. Navy warship with ballistic missiles twice over the past two days. The U.S. warship successfully evaded the attempted Iranian attacks and… pic.twitter.com/Gi8a2tloN1— U.S. Central Command （@CENTCOM） September 8, 2026 CENTCOM forces destroyed five Iranian crude oil carriers, Sept. 8, after the Islamic Revolutionary Guard Corps （IRGC） targeted a U.S. Navy warship with ballistic missiles twice over the past two days. The U.S. warship successfully evaded the attempted Iranian attacks and… pic.twitter.com/Gi8a2tloN1    ",https://news.ltn.com.tw/news/world/breakingnews/5567655
英國航空交通管制系統大故障！上千航班取消仍會持續延誤,國際,2026/09/09 09:21,英國航空交通管制系統Nats大故障，至少1000架航班被取消。圖為倫敦希斯洛機場被旅客擠滿。（法新社）英國航空交通管制系統Nats發生大故障，至少有1000架航班被取消，今（9日）還會繼續延誤下去，而且是起降都受到影響，連國外機場的客機也無法按照原定時間起飛。據《BBC》報導，受影響最嚴重的是倫敦希斯洛機場、蓋特威克機場、曼徹斯特機場、伯明罕機場，英國之外的蘇格蘭、愛爾蘭等地機場也有航班誤點或取消，瑞安航空8日指稱有超過6.5萬名旅客至少被延誤8小時。請繼續往下閱讀...易捷航空也取消200架航班、英國航空100多架航班喊停，Nats執行長羅爾夫（Martin Rolfe）對此表達歉意，他坦言解決故障所花費的時間比預期更久，並承諾會徹查故障原因。Nats目前已解決航空交通管制的問題，但由於前面延誤的航班太多，大量旅客仍在焦急地等待飛機，各地機場呼籲民眾出門前先查詢航班情況，英國交通大臣亞歷山大（Heidi Alexander）表示，想要全面恢復航班還需要時間，她今天將會要求羅爾夫前來說明。    ,https://news.ltn.com.tw/news/world/breakingnews/5567705
急需防空戰力抵禦俄軍飛彈  烏防長：與盟國洽談採購千枚愛國者飛彈,國際,2026/09/09 07:46,烏克蘭國防部長赫馬拉8日表示，目前烏克蘭正簽約採購1000枚愛國者攔截彈。（路透）烏克蘭自從遭到俄羅斯入侵之後，全國各地頻繁遭到飛彈攻擊，後續在盟國協助下提升防空能力，不過近期烏克蘭防空武器庫存告急，特別是愛國者防空飛彈存量極為短缺，這也導致俄軍飛彈造成的死傷增加。烏克蘭政府正對此積極向盟國洽談採購愛國者防空飛彈，而烏克蘭國防部長赫馬拉（Yevhenii Khmara）8日表示，目前烏克蘭正簽約採購1000枚愛國者攔截彈。根據《路透》報導，赫馬拉8日在烏克蘭國防聯絡小組會議上提及此事，表示採購千枚愛國者攔截彈的資金來源是透過歐盟貸款，不過這些飛彈大多數要到未來幾年才能交付，因此赫馬拉也呼籲盟友提供更為即時的援助。請繼續往下閱讀...赫馬拉提到，烏克蘭正要求西方夥伴從現有庫存中提供更多防空飛彈，作為交換，烏克蘭將協助提升飛彈性能。此外，烏克蘭在無人機供應方面面臨270億美元資金缺口，這項資金短缺正阻礙烏克蘭的作戰能力。北約秘書長呂特（Mark Rutte）在會議上表示，烏克蘭的盟友別無選擇、只能加強支持，讓烏克蘭「把握它現在在各條戰線上創造出的機會，並在空中保衛自己」。    ,https://news.ltn.com.tw/news/world/breakingnews/5567624
點名6中企！美國控中國AI「惡意抄襲」 恐強化軍事、網攻能力,國際,2026/09/09 07:43,美國政府8日指控，中國AI企業惡意抄襲美國先進AI模型技術。（路透資料照）美國政府8日指控，中國人工智慧（AI）企業惡意抄襲美國先進AI模型技術，此舉可能使美中關係更加複雜。全球前兩大經濟體領袖預計將於本月稍晚舉行會晤。路透報導，根據美國執法及情報官員發布的聲明，中國企業透過一種稱為「蒸餾」（distillation）的手段，抄襲美國AI實驗室的智慧財產。請繼續往下閱讀...報導稱，「蒸餾」指的是利用規模更大、成本更高的AI模型所產出的結果，訓練規模較小的AI模型，以降低開發新AI工具的成本。美國官員指控，包括DeepSeek、月之暗面（Moonshot AI）及阿里巴巴（Alibaba）在內的6家中國企業，利用美國AI模型的不同版本，快速訓練自家AI產品。根據美方聲明，這些中國企業的行為「可能是在中國政府知情的情況下」進行。美國官員還表示，這些中國企業鎖定的AI模型來自Anthropic、OpenAI、Google母公司Alphabet及SpaceX。美國官員強調：「總部位於中國的AI企業正以產業規模，從事激進、惡意且具針對性的蒸餾活動。」美方做出這項指控之際，美國總統川普政府正為中國國家主席習近平預計9月24日訪美做準備。路透此前報導，美中雙方也預計在9月中旬展開對話，討論AI安全風險。美方8日的聲明指控，此類蒸餾行為不僅降低中國AI企業的研發成本，也同步提升中國「可能被用於對付美國及其盟友的軍事與網路攻擊能力」。路透7月31日曾報導，中國軍方研究人員已利用美國頂尖AI模型的輸出內容，訓練中國本土AI系統，並藉此提升中國的國防能力。中國駐美大使館並未立即回應有關「蒸餾」指控的置評請求。美國今年4月也曾在總統川普訪問北京之前，提出類似指控。    ,https://news.ltn.com.tw/news/world/breakingnews/5567631
美軍出手擊毀5艘伊朗油輪  革命衛隊誓言報復,國際,2026/09/09 06:58,"美軍部隊於9月8日摧毀5艘伊朗油輪。（圖擷取自中央司令部「X」）美國持續對伊朗執行海上封鎖，而為了回應伊朗針對其海軍軍艦發射飛彈，美國傳出8日襲擊伊朗油輪，美國中央司令部（CENTCOM）表示擊毀5艘伊朗油輪，伊朗官媒也證實油輪遭美軍攻擊，後續伊朗誓言將以襲擊巴林和科威特港口附近的油輪作為報復。綜合外媒報導，美國中央司令部表示，美軍部隊於9月8日摧毀5艘伊朗油輪，美軍在攻擊前已指示船員棄船，隨後才打擊這些船隻，使其無法運作。中央司令部指出，伊朗伊斯蘭革命衛隊（IRGC）在過去2天內，兩度以彈道飛彈鎖定一艘美國海軍軍艦，這艘美國軍艦成功躲避伊朗企圖發動的攻擊，並繼續在區域水域巡邏，沒有美方人員受傷。中央司令部強調，美軍此波攻擊是為了回應軍艦再度被伊朗飛彈攻擊一事。請繼續往下閱讀...伊朗方面僅證實兩艘油輪遇襲，伊朗《塔斯尼姆通訊社》（Tasnim News Agency）指出，遇襲油輪距離哈格島僅6.4公里，另外還有一艘油輪在南部港口城市賈斯克（Jask）海岸附近遭襲，兩艘船上的船員都已乘坐救生艇上岸。伊朗國家電視台引述伊朗伊斯蘭革命衛隊的聲明，向那些在科威特和巴林港口附近航行的油輪喊話，要求船員立刻下船，因為這些船舶將成為伊朗的攻擊目標。CENTCOM forces destroyed five Iranian crude oil carriers, Sept. 8, after the Islamic Revolutionary Guard Corps （IRGC） targeted a U.S. Navy warship with ballistic missiles twice over the past two days. The U.S. warship successfully evaded the attempted Iranian attacks and… pic.twitter.com/Gi8a2tloN1— U.S. Central Command （@CENTCOM） September 8, 2026 CENTCOM forces destroyed five Iranian crude oil carriers, Sept. 8, after the Islamic Revolutionary Guard Corps （IRGC） targeted a U.S. Navy warship with ballistic missiles twice over the past two days. The U.S. warship successfully evaded the attempted Iranian attacks and… pic.twitter.com/Gi8a2tloN1    ",https://news.ltn.com.tw/news/world/breakingnews/5567619
伊朗媒體：油輪哈格島外海遭美飛彈擊中　無傷亡,國際,2026/09/09 05:30,伊朗媒體今天報導，一枚美國飛彈擊中哈格島（Kharg Island）外海的一艘油輪，目前並未傳出人員傷亡。塔斯尼姆通訊社（Tasnim News Agency）指出：「一艘小型伊朗油輪在距離哈格島4英里處，遭到美國恐怖主義軍隊發射的飛彈襲擊。這艘油輪是在哈格島錨地區域遭美軍的投射物擊中。」請繼續往下閱讀...另外，伊朗媒體今天稍早表示，位於荷莫茲海峽（Strait of Hormuz）附近的伊朗南部港口城市賈斯克（Jask），今晚傳出兩起爆炸聲響。法斯通訊社（Fars）報導：「今晚約9時45分，賈斯克市傳出爆炸聲響。爆炸分兩個階段發生，間隔時間相當短。」（編譯：張曉雯）1150909    ,https://news.ltn.com.tw/news/world/breakingnews/5567616
印太戰術空權現代化 美F-15EX將常駐沖繩,國際,2026/09/09 05:30,美國空軍首架預定永久常駐日本沖繩嘉手納基地的F-15EX戰機，已於8月底正式啟程。（取自波音官網）美國空軍首架預定永久常駐日本沖繩嘉手納基地的F-15EX「鷹式二型」（Eagle II）戰機，已於八月底正式啟程。這項部署不僅是美軍首度將F-15EX派駐海外，更標誌著印太地區戰術空權現代化的關鍵里程碑。綜合「琉球新報」、日本航空專業媒體Aviation Wire及外媒報導，該架F-15EX戰機八月廿八日飛離波音公司（Boeing）位於密蘇里州聖路易的工廠。根據美國空軍發布的消息，該機中途將停靠奧勒岡州（Oregon）波特蘭空中國民兵基地的第一四二聯隊，進行最終整備，隨後將跨越太平洋，正式進駐嘉手納基地。請繼續往下閱讀...嘉手納基地的第十八聯隊積極準備迎接這款先進戰機，以全面取代已除役的F-15C/D機隊。在過渡期間，美軍持續透過輪調F-15E、F-22等戰機填補戰力空缺。這項永久性部署行動預計將於美國二〇二七財政年度正式展開，為駐日美軍與區域盟友注入強大戰力。火力強大 可與MQ-28無人機協作作為F-15系列的最新多用途機種，F-15EX配備現代化航電系統、強化的電子戰套件，以及大幅增加的武器掛載能力，在網路功能與整體作戰能力上明顯提升，極為適合在廣闊的西太平洋空域執行任務。在戰術運用上，F-15EX可作為長程「飛彈卡車」，攜帶強大的空對空與空對地火力，有效延伸F-22與F-35等第五代匿蹤戰機在高度威脅空域內的打擊範圍。此外，F-15EX的網路化協同作戰能力更是一大亮點。在近期的「勇敢之盾」（Valiant Shield）軍演中，該型戰機已成功展示與MQ-28「幽靈蝙蝠」（Ghost Bat）無人機的整合運作，展現其指揮自主僚機的強大潛力。去年七月，已有兩架F-15EX飛抵嘉手納基地進行先期受訓，未來美軍也計畫藉此加強與日本航空自衛隊等區域盟友雙邊演訓。美國空軍二〇二五年七月表示，預計今年春天起，部署卅六架F-15EX到嘉手納基地。然而五角大廈今年八月發布的「選項軍品籌購報告」（SAR）指出，為全面汰換老舊的F-15E機隊，空軍將F-15EX的採購總量從一二九架激增至二六七架，導致生產期程大幅拉長。    ,https://news.ltn.com.tw/news/world/paper/1769923
中英對照讀新聞》Mbappe condemns Paraguayan senator over racist remarks after World Cup match姆巴佩譴責巴拉圭參議員在世界盃賽後發表的種族歧視言論,國際,2026/09/09 05:30,"姆巴佩在世足賽16強擊敗巴拉圭後歡呼。（法新社）◎管淑平France star Kylian Mbappe on Monday condemned a Paraguayan senator over racist remarks she made following Paraguay’s loss to France in the round of 16 at the World Cup.法國球星姆巴佩週一就一名巴拉圭參議員，在巴拉圭於世足賽16強賽敗給法國後，發表的種族歧視言論，譴責這名議員。請繼續往下閱讀...Mbappe called Celeste Amarilla, a senator from Paraguay’s Liberal Radical Party, a “despicable woman” who was “unworthy” of serving in Paraguay’s Congress.姆巴佩稱巴拉圭自由激進黨參議員塞萊斯特‧阿馬里拉是「令人不齒的女人」，「不配」擔任巴拉圭國會議員。“Through your recklessness and your brazen racism, the entire world has already forgotten the journey and the historic effort that your players accomplished during this World Cup,” Mbappe wrote on X.「由於妳的魯莽和公然的種族歧視，全世界已經忘記你們的球員在本屆世界盃這趟旅程和完成的歷史性成就」，姆巴佩在X平台寫道。The Paraguayan government released a statement Monday afternoon condemning Amarilla’s remarks as “contrary to the values and principles of peaceful coexistence and respect for human dignity that our country promotes,” and said they do not represent either the Paraguayan government or the Paraguayan people.巴拉圭政府週一下午發表聲明，譴責阿馬里拉的言論「與我國推崇的和平共處及尊重人性尊嚴等價值與原則背道而馳」，並表示這些言論不代表巴拉圭政府或巴拉圭人民。新聞辭典despicable：形容詞，卑劣的，可鄙的。例句：His despicable behavior shocked everyone.（他的卑劣行為震驚所有人。）brazen：形容詞，公然的，明目張膽的，厚顏無恥的。例句：The official told a brazen lie during the interview.（這名官員在訪問中明目張膽地說謊。）    ",https://news.ltn.com.tw/news/world/paper/1769920
空軍基地、石油設施遇襲 沙國強勢反擊青年運動,國際,2026/09/09 05:30,（法新社）伊朗支持的葉門叛軍「青年運動」8日向沙烏地阿拉伯的軍事基地和石油設施，發動數年來最猛烈的攻擊，對艾卜哈國際機場、哈立德國王空軍基地，以及國營石油巨擘沙烏地阿美石油公司（Aramco）位於艾卜哈和吉贊的設施等目標，發射數十枚彈道飛彈和無人機，造成至少73人受傷，引發的火勢導致設施暫停運作，沙國也隨即以連串空襲強勢反擊。伊朗官方媒體7日則聲稱，已對一艘美軍戰艦發射採用固態燃料的新型「卡西姆巴西爾」（Qassem Basir）飛彈，進行「實戰測試」，藉此凸顯伊朗防衛戰略的「轉捩點」，展現德黑蘭當局的新戰略主張：「即使威脅尚未付諸行動，也將採取率先反制措施」。（圖：法新社，文：編譯林家宇）    ,https://news.ltn.com.tw/news/world/paper/1769926
中方傳字條鬧場 稱南海仲裁無效》菲防長︰中國要有羞恥心,國際,2026/09/09 05:30,菲律賓國防部長鐵歐多洛在南韓首爾出席安全論壇時，遭到中國代表遞紙條「鬧場」，他當場批評中國「該有點羞恥心」。（取自菲律賓國防部臉書）首爾安全對話 鐵歐多洛談海上威脅時遭打斷菲律賓國防部長鐵歐多洛（Gilberto Teodoro）八日在南韓首爾出席安全論壇時，遭到中國代表遞紙條「鬧場」，他不僅當場駁斥中國否定二〇一六年南海仲裁裁決的立場，還批中國「該有點羞恥心」。請繼續往下閱讀...鐵歐多洛在「首爾安全對話」全體會議正談到菲國面臨的海上威脅，以及遵守聯合國海洋法公約（UNCLOS）的重要性，一名工作人員突然遞上紙條，鐵歐多洛暫停談話，看了看紙條後說：「這似乎是中國（代表）遞來的紙條」，然後大聲念出紙條內容。紙條內容重申中國對海牙常設仲裁法院（PCA）南海仲裁的立場，指該裁決「違反國際法基本原則」、「所謂的裁決非法、無效且不具法律約束力」。面對突如其來的插曲，鐵歐多洛強調國際法的首要地位，指中國既不接受也不承認該裁決，「因為你們輸了」，並暗批中國遞紙條打斷他原本正在談的事，有失尊重和禮貌。菲律賓「馬尼拉公報」（Manila Bulletin）報導，鐵歐多洛說，「如果這是中國要傳達給我的立場，那不僅不尊重國際法，踐踏聯合國海洋法公約，也不尊重對主辦國南韓和其他與會者應有的基本禮貌」。他接著說道：「或許，中國需要做的是基本禮貌和守規矩，在菲律賓有句話：『有點禮貌，有點羞恥心』」。報導指出，鐵歐多洛這番話贏得在座者的掌聲。菲律賓總統小馬可仕去年發表國情咨文時，曾以「有點羞恥心」譴責涉嫌防洪工程弊案的官員。南韓「朝鮮日報」報導，那張紙條後來被披露是中國駐南韓大使館武官遞交的，該名武官請論壇工作人員交給鐵歐多洛，工作人員誤以為該名武官為菲國官員，因此直接遞給鐵歐多洛。菲民主礁巡邏機 日前遭共機瞄準鐵歐多洛在論壇上指出，菲律賓是海洋法公約定義的群島國家，其領土完整受該公約保障，菲國「絕不會在領土完整與主權上妥協，將持續抵抗任何對菲律賓領土的侵略」。他批評，由於有人「捏造歷史」、偏離國際規範，並拒絕接受該公約規定的程序，菲國和東南亞國協（ASEAN）成員國每天仍面臨「敘事戰」、「摩擦戰」。他警告，當強權凌駕公理且不受約束時，戰爭威脅會更加迫近。菲國軍方西菲律賓海（菲國對其南海主權聲索區的稱呼）事務發言人崔尼代八日證實，菲國空軍、海軍和海岸防衛隊巡邏機，近日在民主礁（中國稱「黃岩島」）空域巡邏時，曾遭中國軍機驅逐，其中一次甚至被中國軍機瞄準。中國人民解放軍南部戰區「微信」公眾號二日曾發布軍機在黃岩島和周邊海域巡邏影片，其中一段畫面顯示綠色十字瞄準線對著菲國巡邏機。崔尼代譴責中國的行徑，強調此舉反而強化菲國執行巡邏任務，以及和美國、日本等理念相近國家共同維護國際法的決心。    ,https://news.ltn.com.tw/news/world/paper/1769921
國防學者︰中共核潛艦換裝 巨浪三型射程涵蓋美國本土,國際,2026/09/09 05:30,中國海軍潛艦正逐步換裝射程達1萬公里的「巨浪三型」潛射彈道飛彈，若自中國沿岸水域發射，覆蓋範圍已達美國本土大部分地區。（路透檔案照）中共海軍於七月試射「巨浪二型」潛射彈道飛彈，引發國際高度關注。陸委會委託國防大學學者所撰分析報告指出，共軍海基核力量現況為現役「巨浪二型」系統穩定運作，逐步換裝「巨浪三型」（見圖，路透檔案照）並建造〇九六型潛艦，尚未出現改變評估基準的突破性進展。不過，「巨浪三型」射程達一萬公里，若自中國沿岸水域發射，覆蓋範圍已達美國本土大部分地區。中共海軍一艘戰略核潛艦七月六日進行潛射彈道飛彈試射，飛彈落點經監測研判，最終落入南太平洋島國諾魯周邊公海海域。此次試射為共軍近年罕見公開展示海基核力量案例，部分太平洋島國就落彈海域鄰近其專屬經濟區，向中國提出正式抗議。請繼續往下閱讀...報告指出，中共這種既公開又模糊的議題操作，旨在對外釋放核嚇阻訊號，同時規避外界對飛彈射程、精度等關鍵參數進行精確驗證，凸顯共軍在核武測試資訊管控方面，設法兼顧展示需求及軍事保密。值得注意的是，中共海軍現役「晉級」（〇九四型）戰略核潛艦持續配備「巨浪二型」潛射彈道飛彈，部分艦體並已逐步換裝射程更遠的「巨浪三型」。美國戰略司令部前司令柯頓（Anthony Cotton）上將在國會作證時已證實，中共六艘晉級潛艦已配備「巨浪三型」飛彈，換裝進度當屬共軍海基核力量現階段重點工作。共軍海基核力量持續南擴報告解析共軍海基核武部署情形，指中共海軍戰略核潛艦定期自海南島出發，於南海執行武裝戰略巡邏任務。經我方研判，此次於南海北部海域試射飛彈，符合既有巡邏模式，顯示其行動應屬既有戰略核潛艦部署架構延伸，非全新部署模式首次亮相。整體觀之，共軍海基核力量現況仍呈現「平台持續迭代」、「飛彈逐步升級」、「巡邏範圍維持既有海域」三項特點並行推進，尚未出現足以改變既有評估基準的突破性進展。報告指出，共軍海基核力量活動範圍持續南擴，已直接觸及南太平洋無核區既有國際規範架構，顯示此次飛彈試射外溢效應，已超出單純大國博弈範疇，成為區域多邊安全議題，需持續追蹤中共與太平洋島國間的關係變化。    ,https://news.ltn.com.tw/news/world/paper/1769924
高市搶先習近平 月底赴美盼會川普,國際,2026/09/09 05:30,日本首相高市早苗預定9月下旬訪問紐約，首度以首相身分在聯合國大會發表演說，並尋求與美國總統川普直接接觸。（彭博檔案照）直接向美傳達日本立場、協調對中認知日本首相高市早苗預定九月下旬訪問紐約，廿二日首度以首相身分在聯合國大會發表演說，並尋求與美國總統川普直接接觸。由於川普預定廿四日在華府與中國國家主席習近平舉行峰會，日本政府希望趕在「川習會」前向川普直接傳達日本立場、協調對中認知。首度以日相身分聯大演說由於高市與川普都預定廿二日在聯大發表演說，共同社報導，高市有意利用出席聯大的機會與川普接觸，且不拘泥於正式峰會形式。日本政府人士透露，已向美方提出會談要求，即使只能安排短暫交談，「只要有機會，也可以談到相當程度」。請繼續往下閱讀...內閣官房長官木原稔七日被問及川習會時表示，日本政府正「高度關注」相關動向，並強調今後仍將透過日美領袖、外長等所有層級保持密切合作。日本外務省事務次官船越健裕八月廿七日已先行訪美，與美國副國務卿藍道等官員會談，重點之一就是協調日美對中政策，被視為替高市訪美及聯大外交鋪路。對於「川習會」，日本經濟新聞指出，日本最擔心的是美中在關稅、先進科技及供應鏈等攸關日本利益的議題上，「越過日本」進行交易。日方也擔心川普為求取短期成果，可能在台灣等議題上對中國讓步，進而影響日本的安全保障及經濟利益。對於川普已表達與北韓領導人金正恩再次會談的意願，日本也擔心美方若追求短期協議，可能接受北韓的核武國家地位，不僅衝擊日本重視的核不擴散原則，也可能削弱平壤就日本人綁架問題與東京談判的動機。高市預料將再次向川普強調解決綁架問題的立場。此外，川普政府將國際刑事法院（ICC）院長、日本籍法官赤根智子列入制裁對象，與日本長期強調的法治外交產生明顯落差，日方希望透過領袖直接溝通，處理這項外交隱憂並維持互信。月中內閣改組 拚減稅等法案另一方面，高市在訪美前也將先處理國內佈局，預定十六日前後完成上任後首次內閣改組，以及自民黨高層人事調整，以新體制迎接預定十月上旬召開的臨時國會。除了為消費稅減稅法案備戰，年底還將修訂「國家安全保障戰略」等安保三文件，因此在外交、財政及安保重要職位上重視政策延續性。綜合日本媒體報導，高市基本上將維持政權骨幹，黨幹事長鈴木俊一、副總裁麻生太郎預定留任；內閣方面則正協調留任官房長官木原稔、財務大臣片山皋月、防衛大臣小泉進次郎及外務大臣茂木敏充續任的可能性也很高。    ,https://news.ltn.com.tw/news/world/paper/1769922
澳洲將金援索羅門223億 打造太平洋抗中安全網,國際,2026/09/09 05:30,澳洲與索羅門群島預計未來數週內簽署協議，坎培拉承諾向荷尼阿拉政府額外資助9.8億澳元，以深化雙方的夥伴關係。圖為澳洲總理艾班尼斯（左）今年7月訪問索羅門群島，與索國總理瓦爾（右）會晤。（歐新社檔案照）澳洲陸續與鄰國簽協議 澳洲廣播公司（ABC）八日報導，澳洲與索羅門群島預計未來數週簽署協議，內容包括坎培拉承諾向荷尼阿拉政府額外資助九‧八億澳元（約新台幣二二三億元），深化雙方的夥伴關係，加上近年陸續與太平洋島國簽署的各項協議與防衛條約，顯示澳洲正致力於打造一張對抗中國影響力的安全網。索羅門群島在前總理蘇嘉瓦瑞（Manasseh Sogavare）任內與台灣斷交，改與中國建交並積極發展雙邊關係，在二〇二二年與北京簽署安全協議，引發澳洲與美國警戒。澳洲總理艾班尼斯（Anthony Albanese）同年五月上任後，試圖翻轉索中合作，並重建澳索關係。請繼續往下閱讀...索國總理遭提不信任案 紐國外長懷疑外力干預報導引述澳洲駐索羅門群島高級專員與索國副總理上週所傳的一則簡訊，內容顯示澳洲計畫提供的新資金用途，包括索國總理瓦爾（Matthew Wale）主張的免費教育政策，以及改善簽證、提供安全協助等數項新措施。由於瓦爾近日才遭遇領導權挑戰，澳洲政府正加緊腳步，推動條約順利簽署。瓦爾今年五月上任後扭轉親中路線，外交重心重新轉向坎培拉和華府。然而，瓦爾上任僅約四個月，便遭到不信任動議挑戰，所幸最終順利化解危機。紐西蘭外交部長皮特斯（Winston Peters）高度懷疑，此次政治風波背後是否存在外國勢力干預。坎培拉去年與巴布亞紐幾內亞簽署的「普克普克」（Pukpuk）防務條約，今年七月正式生效，為澳洲七十年來首度與他國締結防務聯盟關係；今年七月與斐濟簽署「海洋和平聯盟」（Ocean of Peace Alliance）協議，使兩國在其中一方遭攻擊時，採取行動應對共同危險，紐西蘭也有意加盟；與萬那杜簽署的「納卡馬協議」（Nakamal Agreement），則確保澳洲做為萬那杜安全和政治夥伴的優先地位。澳洲智庫「羅伊國際政策研究院」（Lowy Institute）太平洋島國計畫主任諾貝陶（Oliver Nobetau）指出，澳洲試圖以白紙黑字鞏固其做為太平洋島國潛在盟友的地位，使中國逐漸邊緣化。但由於索中仍維持安全協議，不太可能一夕斷絕往來，坎培拉也需要時間證明自身為實際可行的安全夥伴。    ,https://news.ltn.com.tw/news/world/paper/1769925
控種族清洗　英法加將禁止進口以色列屯墾區商品,國際,2026/09/09 04:45,英國、法國與加拿大今天表示，將禁止進口以色列在被占領的約旦河西岸所設屯墾區的商品，英國外交大臣更指責以色列對當地巴勒斯坦人遭受的「種族清洗」視而不見。法新社報導，此舉激怒了以色列，促使以色列立即推出針對英國的反制措施。請繼續往下閱讀...這3個西方盟國祭出貿易限制措施，以回應以色列在約旦河西岸的屯墾區政策，以及當地屯民襲擊巴勒斯坦人事件與日俱增的報導。英國外交大臣米勒班（Ed Miliband）向國會表示：「英國政府認為，在約旦河西岸部分地區，確實存在屯墾區恐怖分子對巴勒斯坦人犯下的種族清洗。」「以色列政府太常對此視而不見，更糟糕的是，政府成員甚至發表言論並採取行動，支持強迫巴勒斯坦人流離失所。」倫敦、巴黎、渥太華與另9個歐洲國家發布聯合聲明，表示他們計劃實施或支持對以色列屯墾區的貿易限制。今天晚些時候，英國首相柏南（Andy Burnham）、法國總統馬克宏（Emmanuel Macron）與加拿大總理卡尼（Mark Carney）在另一份聯合聲明中警告，屯墾行動對解決以巴衝突的兩國方案「構成直接且迫切的威脅」。稍早，以色列公布其憤怒的回應措施，下令關閉英國駐耶路撒冷領事館，並禁止12名英國人入境，其中包括執政黨工黨的國會議員。以色列表示，也將驅逐在加薩停火計畫監督中心工作的英國外交官，並禁止英國對巴勒斯坦自治政府部隊提供訓練。以色列外交部長薩爾（Gideon Saar）表示：「英國外交大臣今天在國會提出的指控是令人髮指的謊言。」以色列屯墾區主要出口農產品、葡萄酒、死海化妝品與各種工業產品。根據英國政府的數據，2025年英國與被占領的巴勒斯坦領土之間的貿易額，僅約達3800萬英鎊（約新台幣16億2435萬元）。愛爾蘭與西班牙已對以色列屯墾區貿易採取限制措施，而法國近幾週來一直推動以色列的最大貿易夥伴歐洲聯盟（EU）採取類似決策，但遭其他成員阻撓。丹麥、芬蘭、冰島、愛爾蘭、挪威、波蘭、葡萄牙、西班牙與瑞典的外交部長也簽署今天的聲明，他們批評約旦河西岸出現「前所未見的屯民暴力與屯墾區擴張」。法國外交部長巴霍（Jean-Noel Barrot）在社群平台X上表示，法國將終止與以色列屯墾區的貿易。然而，美國國務卿盧比歐（Marco Rubio）說，美國不會加入新制裁，並指出華府不希望破壞這個被占領領土的穩定。（編譯：張曉雯）1150909    ,https://news.ltn.com.tw/news/world/breakingnews/5567612
美安全機構：中企大規模惡意抄襲美國AI模型,國際,2026/09/09 04:21,根據3個美國安全機構發表的聯合聲明，美國網路與執法官員今天指控中國人工智慧（AI）公司利用「蒸餾」手段，惡意抄襲美國先進AI模型技術。路透社報導，「蒸餾」是指利用高成本大型AI模型產出的結果，用來訓練較小型的AI模型，以降低開發新AI工具的訓練成本。請繼續往下閱讀...美國國家安全局（NSA）、網路安全和基礎設施安全局（CISA）及美國聯邦調查局（FBI）在聲明中指控，DeepSeek、「月之暗面」（Moonshot AI）、阿里巴巴、MiniMax以及階躍星辰（StepFun）等中國公司，利用美國AI模型各種變體版本訓練自家AI產品。這些機構表示，上述中企「很可能在中國政府知情下」蒸餾美國AI模型。官員指出：「中國AI公司正大規模進行帶有侵略性、惡意及針對性的蒸餾活動。」美方做出這項指控之際，美國總統川普政府正為中國國家主席習近平預計9月24日訪美做準備。路透社之前披露，美中雙方預計九月中旬針對AI安全風險展開對話。（編譯：洪啓原）1150909    ,https://news.ltn.com.tw/news/world/breakingnews/5567610
普丁與川普通電話　克宮稱美俄元首坦率交談,國際,2026/09/09 02:54,美國談判代表日前造訪莫斯科與烏克蘭後，克里姆林宮幕僚鄂夏柯夫（Yuri Ushakov）表示，俄羅斯總統普丁與美國總統川普今天進行一場「極為坦率」的電話會談。法新社報導，美國特使魏科夫（Steve Witkoff）與川普女婿庫許納（Jared Kushner）在9月5日、6日先後訪問俄羅斯和烏克蘭。請繼續往下閱讀...鄂夏柯夫說，普丁（Vladimir Putin）與川普（Donald Trump）今天電話交談1小時，針對此次訪問的成果交換意見，還說普丁向川普提出一份「客觀且詳盡」的前線戰況分析。據報導，美俄元首這次會談未能立即打破俄烏戰爭僵局。普丁一再宣稱俄軍正全線推進，強調全面控制烏東頓巴斯（Donbas）地區只是時間問題。鄂夏柯夫進一步表示，普丁也「指出美方可實際採取哪些舉措，以加快結束敵對行動」，但他未透露相關細節。他補充說，普丁在電話中告訴川普，俄羅斯對歐洲「不存在侵略計畫」。鄂夏柯夫指出：「基於外界質疑俄羅斯疑似對歐洲國家懷有敵意，我們強調俄方對歐洲絕無任何侵略意圖。關於俄羅斯威脅的外界傳言，只是為歐洲國家擴大援烏、提高軍事支出找藉口。」（編譯：洪啓原）1150909    ,https://news.ltn.com.tw/news/world/breakingnews/5567607
普丁與川普通電話　克宮稱美俄元首坦率交談,國際,2026/09/09 02:54,美國談判代表日前造訪莫斯科與烏克蘭後，克里姆林宮幕僚鄂夏柯夫（Yuri Ushakov）表示，俄羅斯總統普丁與美國總統川普今天進行一場「極為坦率」的電話會談。法新社報導，美國特使魏科夫（Steve Witkoff）與川普女婿庫許納（Jared Kushner）在9月5日、6日先後訪問俄羅斯和烏克蘭。請繼續往下閱讀...鄂夏柯夫說，普丁（Vladimir Putin）與川普（Donald Trump）今天電話交談1小時，針對此次訪問的成果交換意見，還說普丁向川普提出一份「客觀且詳盡」的前線戰況分析。據報導，美俄元首這次會談未能立即打破俄烏戰爭僵局。普丁一再宣稱俄軍正全線推進，強調全面控制烏東頓巴斯（Donbas）地區只是時間問題。鄂夏柯夫進一步表示，普丁也「指出美方可實際採取哪些舉措，以加快結束敵對行動」，但他未透露相關細節。他補充說，普丁在電話中告訴川普，俄羅斯對歐洲「不存在侵略計畫」。鄂夏柯夫指出：「基於外界質疑俄羅斯疑似對歐洲國家懷有敵意，我們強調俄方對歐洲絕無任何侵略意圖。關於俄羅斯威脅的外界傳言，只是為歐洲國家擴大援烏、提高軍事支出找藉口。」（編譯：洪啓原）1150909    ,https://news.ltn.com.tw/news/world/breakingnews/5567607
香港首任特首董建華89歲去世 曾因推動23條立法引爆50萬人示威,國際,2026/09/09 02:34,香港主權移交後首任行政長官董建華，8日晚間10時辭世，享壽89歲。（美聯社檔案照）前中國人民政治協商會議全國委員會副主席、香港主權移交後首任行政長官董建華，8日晚間10時在香港養和醫院辭世，享壽89歲。董建華在1997年卸下子承父業15年的航運大亨身分，成為香港首任特首，但他曾因推動「香港基本法」第23條立法，引發50萬人走上街頭抗議，被迫暫緩並撤回草案，最終黯然辭職。英國廣播公司（BBC）中文網報導，董建華祖籍浙江寧波，1937年盧溝橋事變當天出生於上海。父親為知名「船王」董浩雲，母親顧麗真亦出身航運世家。1948年底國共內戰末期，董家舉家南遷香港，董浩雲將長子送入具親共背景的中華中學就讀。請繼續往下閱讀...董建華1954年前往英國利物浦大學攻讀海事工程，畢業後轉往美國歷練。1969年返港後不久，遇上父親斥巨資購入的「海上學府號」郵輪大火翻沉事件，主持翻修的董建華及時逃生。1982年，董浩雲因心臟病驟逝，董建華與弟弟董建成接手因石油危機而負債數十億港元的東方海外集團。在尋求台灣資金未果後，1986年獲親共港商霍英東注資1.2億美元，度過破產危機。儘管霍英東稱在商言商，但香港輿論普遍視為中共政權出手救援，成為董建華與中共高層建立互動的關鍵起點。1989年，董建華隨號稱「海上大學」的「宇宙學府號」首航上海，接觸到時任中共上海市委書記江澤民與市長朱鎔基。1992年，獲「末代港督」彭定康（Chris Patten）邀請加入行政局，在毫無從政經驗下晉身港府決策高層。1996年1月，中國全國人民代表大會香港特區籌備委員會於北京成立。當時已成為中共總書記的江澤民，在鏡頭前刻意從人群中認出董建華，並主動握手，使董建華獲北京「欽點」為特首的傳言不脛而走。前港督布政司鍾逸傑爵士也評價董建華具備國際知名度及良好的政商網絡，是特首的理想人選。1996年12月，董建華在推選委員會中取得320票（總票數398），以壓倒性姿態當選香港首任特首，1997年7月1日凌晨正式宣誓就任。董建華上任前夕，因中國政府廢止原過渡方案，並自行成立臨時立法會，董建華候任團隊隨即提出恢復「公安條例」與「社團條例」的嚴格條文。新法規範遊行集會必須事先申請，並禁止政治組織接受外國與台灣的財政援助，遭民主派批評為「恢復惡法」，致使其聲望於執政初期即受挫。董建華常以「香港好，國家好；國家好，香港更好」作為施政口號，但他在8年任內推出不少爭議性政策，包括「八萬五」建屋計畫、教育改革等，施政屢屢碰壁，最終因爆發嚴重急性呼吸道症候群（SARS）危機，加上強推國家安全立法引發強烈社會抗爭，黯然辭去特首職位。    ,https://news.ltn.com.tw/news/world/breakingnews/5567604
英國首相與習近平通話　提及發展全面戰略夥伴關係,國際,2026/09/09 01:30,英國首相柏南倫敦時間今天上午與中國國家主席習近平通話，是柏南7月20日就任以來首次。根據首相府發布的談話紀要，英、中擬致力確保雙方具備長期、連貫一致的「全面戰略夥伴關係」。首相府發言人表示，英國和中國皆為聯合國安全理事會常任理事國，也是世界主要經濟體；雙方領導人今天通話時，觸及英中「務實合作」對推進各自利益與應對全球共同挑戰的重要性。請繼續往下閱讀...發言人指出，柏南（Andy Burnham）和習近平討論了英中關係提供的機遇，包括有助於促進經濟成長、提升英中兩國民眾的生活水準。柏南表示，他將在英中皆關切的議題上，與中方進行「坦率且具建設性」的溝通，並將針對英國國內安全、俄羅斯對烏克蘭發動的戰爭、香港、人權等議題，以及「特別重要的領事案件」，提出英方關切。所謂「特別重要的領事案件」，不排除指涉對象包含因為國家安全相關罪名、今年2月遭香港法院重判20年徒刑的壹傳媒集團創辦人黎智英。北京當局迄今拒絕英方對黎智英行使領事探視權。黎智英為英國公民。尼泊爾邊境8月26日發生土石流洪災，造成30多名英國公民失蹤。英國首相府發言人指出，柏南今天針對發生於「尼泊爾和中國邊界」的洪災及其造成的死亡，向習近平表示「誠摯哀悼」；並對中方的救援工作以及為受洪災影響的英國國民提供的支援，表達感謝。根據談話紀要，柏南和習近平同意保持聯繫，雙方政府將繼續就一系列「共同優先事項」開展對話。另一方面，根據中方發布的訊息，習近平提到英中是「全面戰略夥伴」，雖然社會制度和國情不同，但「共同利益大於分歧」，雙方應當「做大互利合作的蛋糕」。習近平並表示，希望英方「充分保障中國投資者合法權益」。英國政府7月中旬將經營不善的英國鋼鐵公司（British Steel，英鋼）收歸政府管理，以確保英國國內的鋼鐵生產能力，這引發原本持有英鋼的中國敬業集團不滿，揚言採取司法手段維護權利。中國相關資金對英國科技、能源、金融等產業和供應鏈的影響力，持續引發關注。今年7月就任執政黨工黨黨魁、成為英國首相之前，柏南曾擔任大曼徹斯特都會區（Greater Manchester）首長多年（2017年5月至2026年6月），期間曾訪問中國，走訪中國數座城市。根據中方發布的談話紀要，柏南今天向習近平表示，他擔任大曼徹斯特都會區首長期間，與中國有「多年友好交往」，且習近平2015年對英國進行國事訪問時，曾訪問曼徹斯特；英方願保持對中政策的連續性，開展高層交往、推動各領域合作，「將雙邊關係恢復到歷史最高水準」。中方並稱柏南表示，在台灣議題上，英國的立場沒有改變。英國的官方訊息發布則未提及台灣。英國明年將主辦20國集團（G20）峰會，地點預計就在曼徹斯特。中國是G20一員。在柏南之前擔任英國首相、同為工黨籍的施凱爾（Keir Starmer）今年初曾表態，樂見習近平2027年來訪英國、出席G20峰會。（編輯：洪啓原）1150909    ,https://news.ltn.com.tw/news/world/breakingnews/5567599
中方趁菲防長演說遞紙條質疑南海仲裁　遭嗆知恥一點,國際,2026/09/09 00:48,菲律賓防長鐵歐多洛今天在韓國出席首爾安全對話時，在台上收到中國代表遞來的紙條，上頭對2016年南海仲裁案的裁決提出質疑，讓鐵歐多洛當場以菲律賓話要求對方「多點羞恥心」。鐵歐多洛（Gilberto Teodoro）7日至9日訪問韓國，參加首爾安全對話（Seoul Defense Dialogue），今天在全席大會上發表演說。請繼續往下閱讀...「馬尼拉時報」（The Manila Times）報導，鐵歐多洛在台上時，收到身分不明的中國代表遞來的紙條，內容是關於中國對2016年南海仲裁案裁決的立場，聲稱該裁決「違反國際法的基本原則」。紙條寫道：「這項所謂的裁決是非法、無效、毫無法律效力的。」菲律賓於2013年把與中國的南海爭議告上設於荷蘭海牙（The Hague）的常設仲裁法院（PCA），常設仲裁法院2016年7月12日裁決，中國的九段線（現為十段線）在國際法之下不具效力，菲律賓可獨享專屬經濟區的資源。中國不接受也不承認仲裁結果。今天收到紙條後，鐵歐多洛表示：「如果這是中國方面傳達給我的立場，那它不僅不尊重國際法，把『聯合國海洋法公約』（UNCLOS）丟在地上並踩在腳下，同時也不尊重我們最親切的東道主韓國，以及在場其他與會者所應獲得的基本禮貌。」他也質疑：「我要問你，當我在台上回答問題時，這是你適合拿給我的文件嗎？」鐵歐多洛補充道：「或許，中國該做的是基本禮貌和表現。用菲律賓話說，就是『講點禮貌，多點羞恥心』。」此話一出，現場響起掌聲。鐵歐多洛在會中並重申，菲律賓不會在領土完整與主權問題上妥協，將對抗任何國家的侵略，也會繼續捍衛國際法、持續推動軍事現代化，在提升自身防衛能力的同時，與更多理念相近國家建立防衛夥伴關係。（編譯：楊昭彥）1150909    ,https://news.ltn.com.tw/news/world/breakingnews/5567595
中國湖南、江西爆慘重山崩、土石流！ 災民拍片自救竟被要求刪影片,國際,2026/09/09 00:25,"中國湖南、江西內陸山區傳出嚴重的山體滑坡和土石流災情，上萬人受災。（圖翻攝自X:李老師不是你老師）中國近期天災不斷，南方地區受到沙德爾颱風殘餘環流和滯留氣流影響，最近降下破紀錄暴雨，其中湖南、江西內陸山區傳出嚴重的山體滑坡和土石流災情，上萬人受災，但官方通報罹難數字卻只有個位數，甚至積極出手封鎖消息流出，讓災民相當不滿。最近幾天在中國南方地區降下的暴雨，導致湖南、江西多地發生慘重災情，網傳影像可以看到多處房屋倒塌、道路中斷，部分偏遠村落甚至陷入斷電、斷網且缺乏物資的困境，人員傷亡與失聯人數持續攀升。請繼續往下閱讀...湖南尤以郴州市桂東縣災情最為嚴重，該縣自8月底開始就連日降下創紀錄強降雨，引發多起山體滑坡，估計有逾萬人受災，但官方至今統計只知道2死1傷。另外，邵陽市新寧縣橫鋪村也發現山體出現裂縫，讓當地居民擔憂二次災害的發生。江西吉安市遂川縣的災情同樣嚴峻，該縣高坪鎮與左安鎮於本月5日突發土石流，造成多棟房屋完全毀損，部分村落因聯外道路與通訊中斷，留在村內的數百名長者與居民只能透過車輛電瓶為手機充電，並將剩餘糧食集中分享以進行互助自救，到現在只能從官方通報知道有4人罹難、10人失聯，數字明顯失真。除此之外，福建省泉州、漳州及莆田等地也爆發嚴重洪澇，莆田市常太鎮嶺下村於本月4日遭遇強降雨後，村莊遭洪水圍困長達3天，進出道路全數中斷。由於村內多為高齡長者，在外界救援與物資無法及時進入的情況下，村民只能仰賴少數未受淹水的住戶彼此協助渡過難關。面對嚴重的災情與重建壓力，不少災民指控，地方政府並未提供具體的災後補償與安置措施，反而將心力重點放在封鎖消息，有災民表示，自己在抖音等平台上傳災區現場空拍或農田受損影片後，點閱率迅速擴大，但隨即接獲當地官方人員電話警告，並要求刪除影片。9月5日，受台风及强降雨影响，湖南省郴州市桂东县发生严重山体滑坡和泥石流灾害。灾区部分村庄受损严重，多处道路断裂、房屋被冲毁，有曾经的居住区被泥石流严重损毁。据官方通报，截至目前，全县受灾人口已达 10703 人，已造成 2 人死亡、1 人受伤。 pic.twitter.com/EgFN5vjanO— 李老师不是你老师 （@whyyoutouzhele） September 7, 2026 9月5日，受台风及强降雨影响，湖南省郴州市桂东县发生严重山体滑坡和泥石流灾害。灾区部分村庄受损严重，多处道路断裂、房屋被冲毁，有曾经的居住区被泥石流严重损毁。据官方通报，截至目前，全县受灾人口已达 10703 人，已造成 2 人死亡、1 人受伤。 pic.twitter.com/EgFN5vjanO近日，有视频博主用无人机拍摄了江西吉安遂川县左安镇部分村子受灾情况，发布在抖音上。博主表示，拍视频完全只是为了让迁居外地的家乡人了解家乡受灾情况，并没提到任何政治敏感话题，结果还是被当地政府部门打电话来要求删除视频。 https://t.co/UC7pM5QVN5 pic.twitter.com/Hoz6mxQFZh— 李老师不是你老师 （@whyyoutouzhele） September 7, 2026 近日，有视频博主用无人机拍摄了江西吉安遂川县左安镇部分村子受灾情况，发布在抖音上。博主表示，拍视频完全只是为了让迁居外地的家乡人了解家乡受灾情况，并没提到任何政治敏感话题，结果还是被当地政府部门打电话来要求删除视频。 https://t.co/UC7pM5QVN5 pic.twitter.com/Hoz6mxQFZh中國湖南、江西內陸山區傳出嚴重的山體滑坡和土石流災情，上萬人受災。（圖翻攝自X:李老師不是你老師）    ",https://news.ltn.com.tw/news/world/breakingnews/5567561
阿聯曾預警哈瑪斯「地震級」行動？納坦雅胡疑漠視 衝擊以色列大選,國際,2026/09/09 00:24,以色列總理納坦雅胡（圖）被指在2023年10月7日哈瑪斯突襲前10天，曾接獲阿聯警告，卻未採取行動阻止悲劇發生。（路透檔案照）以色列總理納坦雅胡（Benjamin Netanyahu）8日陷入新的政治風暴！以色列媒體披露，2023年10月7日巴勒斯坦激進組織「哈瑪斯」突襲以色列前約10天，阿拉伯聯合大公國元首穆罕默德親王（Sheikh Mohamed bin Zayed Al Nahyan）曾致電納坦雅胡，警告哈瑪斯加薩領袖辛瓦（Yahya Sinwar）正策劃可能造成流血及區域動盪的重大行動。納坦雅胡辦公室則強烈否認，聲稱報導「純屬謊言」。美國有線電視新聞網（CNN）報導，以色列「國土報」（Haaretz）引述即將出版的著作指稱，穆罕默德當時與納坦雅胡通話約45分鐘，轉達辛瓦透過巴勒斯坦調停人向阿聯及以色列傳遞的訊息。辛瓦在2023年9月曾以「地震」（earthquake）形容即將採取的行動。報導稱，納坦雅胡對這項情資反應相對冷靜，並向阿聯元首保證，以色列已準備因應任何突發狀況。請繼續往下閱讀...納坦雅胡辦公室則否認納坦雅胡曾與阿聯元首通話，「也沒有接獲任何警告」。不過，此事已迅速成為以色列政壇攻防焦點。包括以色列國防軍（IDF）前參謀總長埃森科特（Gadi Eisenkot）、前總理班奈特（Naftali Bennett）、前國防部長李柏曼（Avigdor Lieberman）及左派政黨「民主黨」領袖戈蘭（Yair Golan）在內的4名在野黨領袖，罕見發表聯合聲明，要求立即展開「全面且徹底的調查」，釐清納坦雅胡究竟知道什麼、何時得知，以及為何沒有通知安全部門，並採取措施保護平民。前總理班奈特直指，這項報導「是真的」，並在社群平台X指稱，如果納坦雅胡確實漠視警告，形同「刑事過失」。前總理拉皮德（Yair Lapid）也表示，他自己、以色列高階安全官員及埃及官員，在事發前都曾公開警告可能發生攻擊；他認為，如果納坦雅胡克盡職責，「這場大屠殺本可避免」。戈蘭更指稱，納坦雅胡過去聲稱「沒有人在10月7日凌晨叫醒我」的說法，已經站不住腳，是「明明知情卻犯罪式地棄守職責」。這項爭議距離以色列10月27日國會大選不到兩個月。這項報導之所以在以色列政壇引發強烈反應，關鍵不僅在於是否真的存在阿聯示警，而是如果相關通話及警告內容獲得證實，將直接衝擊納坦雅胡長期以來對10月7日安全失誤的政治責任辯護。2023年10月7日，哈瑪斯發動突襲，造成以色列逾1200人死亡、超過250人遭擄至加薩，成為以色列史上最致命的攻擊。事後，國防部長、國防軍參謀總長，以及軍事情報機構「摩薩德」（Mossad）與國家安全局（Shin Bet）首長相繼辭職、遭撤換或任期屆滿，但納坦雅胡持續留任。埃森科特目前是納坦雅胡主要競爭對手，他表示若當選，將成立國家調查委員會，調查10月7日事件及相關安全與情報疏失。納坦雅胡則持續反對家屬及倖存者要求成立獨立調查委員會，並主張應由當時的安全首長為未能及時示警負責。    ,https://news.ltn.com.tw/news/world/breakingnews/5567593
大馬執行醫療服務直升機墜毀 機上5人罹難,國際,2026/09/08 23:59,馬來西亞一架執行醫療服務的直升機今天在砂拉越緊急降落時墜毀，機上包括1名機師與4名醫務人員不幸罹難。（ 擷自X平台）馬來西亞一架執行醫療服務的直升機今天在砂拉越緊急降落時墜毀，機上包括1名機師與4名醫務人員不幸罹難。目前正全力調查事故原因。新海峽時報（New Straits Times）等大馬媒體報導，這架編號9M-LLF直升機於今天下午進行醫療飛行服務，除1名機師外，機上並有1名醫生、1名醫藥助理及2名護士。請繼續往下閱讀...這起事故約於下午3時40分發生，直升機低空墜落在機場尾端的跑道，隨即起火燃燒。警消人員獲悉後赴現場撲滅火勢。報導指出，機上5人罹難，事故原因將由航空事故調查局進行進一步調查。    ,https://news.ltn.com.tw/news/world/breakingnews/5567578
藏品價高、保全翻新不及 法國博物館頻遭竊,國際,2026/09/08 23:58,法國畫家雷諾瓦的4幅畫作從法國雷諾瓦博物館被盜，後來被追回。此圖截取自雷諾瓦博物館網站頁面。（路透，本報合成）法國各地博物館近一年來多次遭竊，最新一案發生在南部，印象派畫家雷諾瓦的畫作被盜走。專家警告，博物館收藏高價值藝術品，當保全措施不如銀行或高級珠寶店，極易受覬覦。法國南部濱海卡涅市（Cagnes-sur-Mer）的雷諾瓦（Pierre-Auguste Renoir）美術館今天清晨被偷走4幅畫作，竊賊在逃跑途中遺落其中兩幅。請繼續往下閱讀...初步調查顯示，美術館的警報系統在近清晨6時被觸發，警方隨即在5分鐘內趕到現場。透過監視錄影發現，兩名竊賊正在盜取展品。濱海卡涅市長馬松（Bryan Masson）告訴當地媒體，鑒於竊賊的裝備和執著，研判可能是受人聘僱，但還須進一步調查。巴黎羅浮宮（Louvre）去年10月被盜走價值約8800萬歐元（約新台幣32.4億元）的珠寶藏品，舉世皆驚，隨後法國各地博物館頻傳類似案件，館藏安全引發熱議。費加洛報（Le Figaro）報導，法國組織犯罪分析暨情報部門（Sirasco）最新年度報告指出：「博物館愈來愈容易成為（盜竊）目標。」打擊文化財產走私中央辦公室（OCBC）副主任史塔姆（Estelle Stamm）也說，這類竊案增多的原因之一是，「博物館收藏具有高商業價值的藝術品，而保全措施有時又不如銀行或高級珠寶店那麼先進」。2025年統計相關竊案有23起，是自2018年以來最多；儘管組織結夥及武裝盜竊最重可判30年有期徒刑，仍未完全嚇阻犯案。今年8月初，克瑞茲省（Corrèze）的席哈克總統博物館（Musée du Président Jacques Chirac）展櫃被敲碎，被盜走足球明星席丹（Zinédine Zidane）1998年穿過的球衣、世界盃足球賽獎盃複製品等；7月下旬，塞納河畔沙提永市（Châtillon-sur-Seine）一座博物館的金項鍊被偷走。今年7月初，東部大城史特拉斯堡北方的萊儷博物館（Musée Lalique）收藏的珠寶失竊，價值估計超過450萬歐元；同樣在7月初，塔恩省（Tarn）一座小型博物館約40枚古老金幣被盜；2025年9月，里摩日（Limoges）一座博物館被竊賊闖入偷走3件中國瓷器，價值至少600萬歐元；同月，巴黎自然歷史博物館約6公斤金塊展品失竊。為了容易變現，犯罪集團愈來愈偏好可拆解分售或像黃金這樣可熔煉的藝術品。法國新聞台（franceinfo）報導，博物館安全專家鮑蘭（Samuel Paulin）說：「數年前，（竊賊的）目標是珠寶店，因此店家強化了安全措施。現在他們當然轉移目標，像是偏遠地點或小型博物館，安全措施較為薄弱的地方。」法國文化部提出一套包含33項措施的計畫，例如建議暫時撤下某些可能成為盜竊目標的展品，先存放在適當地點，等安全防護措施到位後再展出。當局也正清點全國藝術收藏品。    ,https://news.ltn.com.tw/news/world/breakingnews/5567524
大馬爆重大搶案！5蒙面匪持刀劫中國富商 驚天掠走2400萬財物,國際,2026/09/08 23:50,馬來西亞吉隆坡昨發生重大搶案。馬來西亞令吉示意圖。（取自免費圖庫photoAC）馬來西亞一名中國籍富商昨（7）日在其位於吉隆坡高級公寓裡，遭5名蒙面歹徒持開山刀強行闖入搶劫。包括富商一家、司機兼保鑣與廚師等人全遭壓制，並被塑膠束帶捆綁。歹徒搜刮屋內大量現金、名錶及珠寶首飾等，估計損失金額高達318萬令吉（約新台幣2463萬元）。《星洲日報》報導，5名身分不明的男子在7日下午2時左右，頭戴面罩、手持俗稱巴冷刀（Parang）的開山刀，闖入該處住宅。當時屋內眾人見歹徒持械恐嚇而不敢輕舉妄動，隨即全數遭匪徒以塑膠束帶綑綁手腳，並被集中關押至同一間房內控制住。請繼續往下閱讀...前來報案的28歲男子是該富商的私人保鑣兼司機。他透露，事發當下他在洗手間聽到屋外異常犬吠聲，便出外查看，沒想到一開門就遭匪徒持刀制伏，雙手也被反綁。當他被押往另一處房間時，赫然發現雇主一家人與廚師早已淪為人質。據悉，遭劫走的部分包括21萬令吉（約新台幣162萬元）現金、價值約5萬令吉（約新台幣38萬元）的翡翠玉石、一只價值180萬令吉（約合新台幣1394萬元）的Richard Mille以及一只價值65萬令吉（約新台幣503萬元）的Patek Philippe名錶，另有兩條總值約20萬令吉（約新台幣154萬元）的白金項鍊和一只約27萬令吉（約新台幣209萬元）的手鐲，損失相當慘重。吉隆坡警方接獲報案後已介入調查，現正調閱周邊監視器畫面，追查5名搶匪的身分與逃逸路線。    ,https://news.ltn.com.tw/news/world/breakingnews/5567542
真的嗎？普廷向川普保證俄無意侵略歐洲 盼結束戰爭重啟美俄關係,國際,2026/09/08 23:39,俄羅斯總統普廷（左）向美國總統川普（右）表示，莫斯科對歐洲「沒有敵對計畫」。（法新社檔案照）俄羅斯總統普廷8日向美國總統川普表示，莫斯科對歐洲「沒有敵對計畫」，並向川普說明俄方對烏克蘭戰場情勢的評估。川普則強調，希望儘快結束俄烏戰爭，為全面恢復美俄關係開啟前景。克里姆林宮外交政策顧問鄂夏柯夫（Yuri Ushakov）告訴記者，普廷與川普在通話中討論美國特使魏科夫（Steve Witkoff）及庫希納（Jared Kushner）上週先後訪問莫斯科與基輔的成果，兩人都給予正面評價。普廷也向川普說明戰場情勢，以及他認為美國可以採取哪些措施，協助終結衝突。請繼續往下閱讀...鄂夏柯夫表示，川普在通話中明確強調，希望「儘快」結束俄烏戰爭，認為一旦戰爭結束，將立即為美俄關係全面恢復創造「令人矚目且深遠」的前景，尤其可能大幅拓展兩國貿易及經濟合作，普廷也給予支持。雙方也同意持續進行戰俘交換，並保持聯繫，必要時再次通話。普廷對川普的前述保證，正值美國重新推動俄烏和平進程之際。魏科夫與庫希納5日至6日先後訪問莫斯科及基輔，並分別與普廷、烏克蘭總統澤倫斯基會談。據稱美國特使此行也可能為重新安排俄、烏、美三方會談鋪路。澤倫斯基8日表示，美方特使提出數項「非常不錯且值得關注」的構想，並爭取9月20日聯合國大會在紐約舉行期間與川普會面，爭取美方提供更多「愛國者」防空系統，以協助烏克蘭攔截俄羅斯彈道飛彈。烏克蘭代理國防部長赫馬拉（Yevgeniy Khmara）表示，烏克蘭目前需要盟國庫存中的300枚愛國者攔截飛彈、500枚空對空攔截彈，以及20億美元採購更多無人機。歐盟執委會8日也批准提供烏克蘭32億歐元貸款，用於採購愛國者防空系統零組件。不過，克里姆林宮發言人佩斯科夫（Dmitry Peskov）仍重申，俄國軍事潛力充足，仍堅信「勝利非常接近」。美國戰爭部次長柯伯吉（Elbridge Colby）則警告，俄羅斯可能持續重建兵力及國防工業，俄烏戰爭可能延續多年，美國及其盟國必須做好長期衝突的準備。    ,https://news.ltn.com.tw/news/world/breakingnews/5567574
德國加碼援烏愛國者攔截飛彈 防長籲盟國同步支援,國際,2026/09/08 23:05,德國國防部長佩斯托瑞斯表示，將從聯邦國防軍庫存中撥出更多「愛國者」防空系統攔截飛彈，以協助烏克蘭抵禦俄羅斯持續加劇的飛彈與無人機攻擊。（路透檔案照）德國國防部長佩斯托瑞斯（Boris Pistorius）8日表示，將從本國軍方庫存中撥出更多烏克蘭「迫切需要」的「愛國者」（Patriot）防空系統攔截飛彈，以協助基輔抵禦俄羅斯持續加劇的飛彈與無人機攻擊。法新社報導，佩斯托瑞斯在「烏克蘭防務國際聯絡小組」（UDCG）線上會議中表示，他已決定從德國聯邦國防軍（Bundeswehr）庫存提供烏克蘭急需的PAC-2攔截飛彈，並呼籲其他支持烏克蘭的國家「檢視自身庫存」，仿效德國提供援助。不過，他並未透露此次提供的攔截飛彈數量及交付時程。請繼續往下閱讀...烏克蘭近期面臨俄羅斯加強對首都基輔發動彈道飛彈攻擊的壓力，並警告愛國者系統攔截彈藥已日益短缺。愛國者飛彈是烏克蘭現有防空武器中，少數具備攔截彈道飛彈能力的系統之一。俄軍彈道飛彈速度快、角度較大，攔截難度遠高於一般空中目標。佩斯托瑞斯坦言，各國都必須在自身安全需求與支援烏克蘭之間取得平衡，但他呼籲盟國「即使有疑慮，也應選擇支持烏克蘭」。英國8日稍早則宣布，將撥款1億英鎊（約新台幣43億元），採購攔截飛彈、大口徑彈藥及無人機，提供給烏克蘭使用。烏克蘭代理國防部長赫馬拉（Yevgeniy Khmara）表示，烏克蘭正透過盟國援助及歐盟貸款，採購約1000枚愛國者飛彈，但其中大部分要到未來數年才會開始交付，因此當前最迫切的需求，是盟國直接從現有庫存提供飛彈。    ,https://news.ltn.com.tw/news/world/breakingnews/5567566
遭川普劃入地圖還挺美！伊朗批加拿大「戰略混亂」,國際,2026/09/08 22:59,"加拿大國旗。（路透檔案照）伊朗8日抨擊加拿大，在與美國貿易談判破裂後，還「討好」美國，支持華府主導重開荷姆茲海峽的行動，稱渥太華政府「戰略混亂與屈服於恫嚇」。美國CNBC網站報導，伊朗外交部發言人貝卡伊（Esmaeil Baghaei）8日在社群平台X發文指出，就在加拿大選擇「討好」美國的同一天，美國總統川普才發文貼出一張地圖，顯示把加拿大、格陵蘭與冰島都劃入美國領土。他批評加國，「一方面自稱捍衛『和平與安全』、『航行自由』及『國際法』，另一方面卻同時支持美國的軍事侵略及其在我們這個區域的非法、干預主義行動」。請繼續往下閱讀...加拿大先前譴責伊朗在中東的「破壞穩定行動」，表示將與夥伴維持對伊朗施壓，包括制裁，以及支持由美國、法國與英國主導使荷姆茲海峽重新開放的相關努力。而美加貿易談判上月破裂，美國因此對價值約200億美元的加拿大商品加徵關稅，加拿大也宣布採取對等報復性關稅。貝卡伊他提到日前加拿大與美國貿易談判破裂，質問渥太華，既已經歷到他所謂「美國並非存著善意」，為何仍要支持華府。他說，「這既不是外交，也不是負責任的治國之道，這是……讓加拿大更難以避免受美國霸凌與侵略的選擇」。On the very day the U.S. president, in blatant contempt for Canada’s sovereignty and independence, portrayed the entire country as part of the United States, Canada’s foreign and finance ministers chose to further appease their bullying neighbor—this time by targeting Iran with a…— Esmaeil Baqaei （@IRIMFA_SPOX） September 7, 2026 On the very day the U.S. president, in blatant contempt for Canada’s sovereignty and independence, portrayed the entire country as part of the United States, Canada’s foreign and finance ministers chose to further appease their bullying neighbor—this time by targeting Iran with a…    ",https://news.ltn.com.tw/news/world/breakingnews/5567559
川普擬課學名藥200％關稅 瑞士藥廠：最終將由病患買單,國際,2026/09/08 22:50,川普擬自2028年8月起，對學名藥課徵100％關稅。藥物示意圖。（法新社）瑞士製藥公司山德士（Sandoz）執行長賽諾（Richard Saynor）8日接受CNBC訪問說，美國總統川普對學名藥的關稅威脅，最終將由美國病患承擔。他警告，藥廠可能被迫漲價，或者停止供應部份藥品。他說，「病患將支付該關稅；所有企業不會在重大虧損下持續供應產品，因此，要麼選擇漲價，抑或是停止供應產品」。請繼續往下閱讀...川普7月下旬表示，自8月1日起，所有進口到美國的學名藥將繼續享有2年的零關稅，但之後的1年內關稅將升為100％，此舉旨在讓學名藥生產線「回流」美國，未在美國境內設廠的製藥商將面臨懲罰性關稅，自2029年8月起關稅將翻倍至200％。藥廠通常耗費多年，研發成本高昂的新藥。一旦獲得批准，藥廠將在一定期限內，享有獨家銷售相關藥物的權利，而無須面臨直接競爭。相較之下，像山德士這樣的學名藥製造商，是在專利權到期後進入市場，因此將與其他銷售大致相同學名藥的公司展開價格、製藥效率與規模的競爭。美國處方用藥中，約90%為學名藥，由於價格低廉，其在整體藥物支出上，佔比相對小。賽諾重申，美國約10分之9的處方藥是學名藥，這些藥物的多數原料來自外國。山德士是全球最大學名藥製造商之一，其4分之1營收來自北美，包括加拿大。    ,https://news.ltn.com.tw/news/world/breakingnews/5567554
歐盟下通牒 要求中國改善對歐貿易失衡 盼10月前採取具體行動,國際,2026/09/08 22:47,歐盟貿易事務專員塞夫柯維奇表示，將要求中國承諾採取措施，處理持續擴大的對歐貿易失衡，並希望北京在10月初前展開初步行動。（歐新社檔案照）歐盟貿易事務專員塞夫柯維奇（Maros Sefcovic）8日表示，將要求中國承諾採取措施，處理持續擴大的對歐貿易失衡，並希望北京在10月初前展開初步行動，以證明雙方協商能夠取得具體成果。路透報導，歐盟領袖今年6月要求執委會透過與中國對話取得成果。中國對歐盟貿易順差2025年達3606億歐元（約新台幣13.2兆元），較2024年增加15％；2026年前6個月順差又擴大9％。請繼續往下閱讀...塞夫柯維奇表示，歐盟希望與中國討論3大問題，包括大量中國商品出口至歐盟、歐洲企業在中國面臨的出口障礙，以及中國對稀土等關鍵物資出口的限制。他特別指出，近1年中國紡織品、化學品、塑膠、機械、電池，以及電動與油電混合車出口至歐盟大幅增加，歐盟認為其中相當部分與中國產能過剩有關。中國則反駁，炒作經濟失衡與產能過剩等問題是保護主義作法，目的是對中國施壓並限制中國發展。塞夫柯維奇表示，他希望雙方能先推動幾項「試行方案」，針對特定產品證明協商與合作有效，再逐步建立處理貿易失衡的機制。塞夫柯維奇指出，歐盟目前另一項優先工作，是確保中國對稀土及成熟製程晶片等關鍵供應品的出口政策更加透明。中國掌握關鍵礦物加工優勢，並於2025年4月對部分稀土實施出口限制。塞夫柯維奇強調，歐盟不可能靠一次北京之行解決龐大的貿易赤字，但這項進程必須開始，而且需要歐中雙方共同參與；若無法證明協商模式有效，歐洲將面臨要求尋求其他解決方案的龐大政治壓力。    ,https://news.ltn.com.tw/news/world/breakingnews/5567558
洗腦向下扎根 中國從小學推廣習近平思想 教材全面強化政治導向,國際,2026/09/08 22:31,中國持續推動將習近平思想納入中小學教育體系，從小學階段即透過專門讀本、課程教材及歷史、語文等學科內容，強化學生對中共領導及社會主義制度的認同。（法新社檔案照）中國持續推動將習近平思想納入中小學教育體系，從小學階段即透過專門讀本、課程教材及歷史、語文等學科內容，強化學生對中共領導及社會主義制度的認同。中共中央政治局常委、國務院副總理丁薛祥8日更要求，全面加強中共對教材工作的領導，「牢牢把握正確政治方向和價值導向」。中國官媒新華社報導，全國教材工作會議8日在北京召開，丁薛祥出席並表示，要進一步加強和改進教材工作，持續以「習近平新時代中國特色社會主義思想」鑄魂育人，加快建立「中國特色高質量教材體系」。請繼續往下閱讀...中共黨報「人民日報」7日也在頭版刊文，強調教材建設與管理的重要性，並指出中小學道德與法治（思想政治）、語文及歷史3科統編教材，已涵蓋所有學習階段。這批教材自2022年啟動修訂，2024年秋季學期起在起始年級使用，今年秋季學期完成全面替換。其中，「習近平新時代中國特色社會主義思想學生讀本」自2021年秋季學期起，已在中國各地中小學使用，內容直接引導學生認識中共領導及社會主義制度。官方聲稱，透過相關學習，學生可逐步形成對「擁護黨的領導」及「堅持和發展中國特色社會主義」的認同、自信與自覺。此外，習近平思想也持續被納入不同學科教材。人民日報指出，教材透過調整選文，將中華優秀傳統文化、革命文化、社會主義先進文化、國家安全、國防及生命安全與健康等主題融入課程；歷史教材在「抗戰勝利」一課新增「中國共產黨是抗日戰爭的中流砥柱」章節，強化中共對歷史敘事的主導。高等教育部分，中國自2025年春季學期起在40多所大學試用「中國特色社會主義政治經濟學」教材，內容納入「新質生產力」、「新發展理念」及「供給側結構性改革」等習近平提出的政策概念。中國教育部並規劃在2030年建成「中國自主教材體系」。    ,https://news.ltn.com.tw/news/world/breakingnews/5567544
憂AI進展太快恐失控！ OpenAI首席科學家籲適時「踩煞車」,國際,2026/09/08 22:03,AI科技示意圖。（法新社檔案照）近日傳出數起人工智慧（AI）模型突破或繞過資安防護機制事件，再度挑起對AI技術安全的憂慮。開發AI模型的OpenAI公司首席科學家帕霍茨基（Jakub Pachocki）表示，AI發展迅速，正變得愈加難以為人類所理解和控制，他期望AI開發業者會為了安全考量，在必要時自願放慢AI開發腳步。彭博7日報導，帕霍茨基日前撰文指出，在相當短的一段時間內，AI模型已能操作電腦、與人類及其他AI系統協作，執行研究計畫；再過不久，AI可能具備不必人類介入就能自行改進的能力，即「遞迴式自我改進」（recursive self-improvement）。請繼續往下閱讀...他警告，「現在是必須極度謹慎的時刻」，並表示他擔心，「沒有人真正做好準備，因應機器智慧能力持續快速提升所帶來的後果」。帕霍茨基認為，開發商除了設法讓AI更符合人類利益，也可「在必要時放慢未來的開發速度」，他寫道，「我期待並希望，在建立共同安全門檻前，（業界）自願放慢腳步會成為常態」。AI模型以驚人速度推陳出新，資安、科學研究能力也陸續出現突破。OpenAI表示，日前AI模型攻擊研究平台Hugging Face時，透過留言板彼此協調而未被察覺。OpenAI最新模型GPT-6 Astra具備先進資安能力，該公司選擇採有限度發布；Anthropic也因類似理由，尚未向大眾公開最新的Mythos模型。在帕霍茨基呼籲業界必要時放慢AI開發腳步之際，愈來愈多新創公司正投入他所警告的AI自我改進技術。OpenAI也曾表示，希望在不到兩年內，打造出「真正自動化的AI研究員」。    ,https://news.ltn.com.tw/news/world/breakingnews/5567520
伊朗與阿曼磋商荷姆茲航行安排 德黑蘭稱有重大進展,國際,2026/09/08 21:59,荷姆茲海峽示意圖。（路透檔案照）伊朗外交部長阿拉奇今天指出，伊朗與阿曼就戰略要道荷姆茲海峽的管理安排進行磋商，已取得「重大進展」。法新社報導，根據伊朗外交部發布的聲明，阿拉奇（Abbas Araghchi）與日本外務大臣通話期間，「說明了伊朗與阿曼就荷姆茲海峽（Strait of Hormuz）磋商的最新狀況，並表示談判已取得重大進展」。請繼續往下閱讀...阿曼與伊朗為荷姆茲海峽沿岸國家，雙方數週來持續討論該航道未來的航行安排。德黑蘭指出，雙方在商定臨時航運路線方面已取得進展。伊朗要求船隻必須申請許可才能通過海峽，並強調不會恢復戰前讓船舶自由通行的模式。德黑蘭也試圖向通過海峽的船隻徵收服務費，但遭美國及其他區域國家強烈反對。伊朗官員近日指出，伊朗與阿曼的協議可望於「未來數天內」簽署。不過德黑蘭也堅稱，除非美國滿足伊朗提出的要求，包括解除石油制裁、解凍伊朗海外資產及解除對伊朗港口的海上封鎖，否則荷姆茲海峽不會恢復通航。    ,https://news.ltn.com.tw/news/world/breakingnews/5567523
阿根廷將制裁在福克蘭鑽探石油公司  英國官員：主權無庸置疑,國際,2026/09/08 21:47,阿根廷總統米雷伊日前宣布，將對在福克蘭群島進行石油鑽探的公司實施制裁，等同重申對於福克蘭群島的主權聲索。（法新社檔案照）阿根廷總統米雷伊（Javier Milei）日前宣布，將對在福克蘭群島（Falkland Islands）進行石油鑽探的公司實施制裁，等同重申對於福克蘭群島（阿根廷稱馬爾維納斯群島，Las Malvinas）的主權聲索。對此，英國政府官員回應，英國對於福克蘭群島的主權「無庸置疑」。《路透》報導，英國外交部政務次官麥克尼爾（Kirsty McNeill）今日向國會議員表示：「我們對福克蘭群島居民的承諾、他們的民主權利，以及英國對福克蘭群島的主權，絕對無庸置疑。」請繼續往下閱讀...而關於美國對於福克蘭群島的立場有可能轉變的議題，麥克尼爾指出，英國的立場對美方相當明確，「美國是我們最親密的盟友，他們同樣非常清楚我們對島民堅定不移的支持。」美國總統川普先前表示，正在審視對於福克蘭群島的中立立場，他甚至在接受媒體採訪時，質疑英國是否還能再打一次福克蘭群島戰爭，「我只是不知道你們是否還有這個能力，現在的英國已經不是20或25年前的那個國家了。」    ,https://news.ltn.com.tw/news/world/breakingnews/5567462
菲律賓傳奇拳王巴喬入閣 任全國反貧窮委員會主席,國際,2026/09/08 21:43,菲律賓傳奇拳王巴喬（Manny Pacquiao）。 （AP）菲律賓傳奇拳王巴喬（Manny Pacquiao）過去數十年都在拳擊場上奮戰；然而從今天起，這位體育偶像將把這股戰鬥精神用在對付一個更長遠的對手—貧窮。路透社報導，現年47歲的巴喬是唯一曾在8個不同量級奪得世界冠軍的拳擊手，2025年曾入選國際拳擊名人堂（International Boxing Hall of Fame），至今他仍是菲律賓最受尊敬的體育人物之一。請繼續往下閱讀...他的重要比賽總是吸引從總統、好萊塢明星到平民百姓觀看，往往讓擁有1億1900萬人口的菲律賓幾乎停下所有活動，只為觀賞比賽。巴喬曾任眾議院及參議院議員，2022年角逐總統失敗，2025年也未能以小馬可仕（Ferdinand Marcos Jr.）政府支持的候選人身分重返參議院。如今他獲任命為全國反貧窮委員會（National Anti-Poverty Commission，NAPC）主席，這是他長期投入政壇後，首度擔任內閣職位。巴喬今天加入小馬可仕內閣，出任政府反貧窮機構首長，並誓言將協助與自已過去有著相同困境的菲律賓人民。出身貧苦的巴喬，童年時曾在船上當偷渡工，並在街頭比賽拳擊，每場只賺2美元。根據「運動畫刊」（Sports Illustrated）報導，他去年的身家達2.2億美元。巴喬在聲明中說：「我出身貧困家庭，曾經睡在路邊紙板上、沒東西可吃，只能喝水充饑，省下零錢來幫家裡分擔家計」。如今他出任全國反貧窮委員會主席，將協調政府各部門致力減少貧窮。他表示，自己對貧窮議題有切身體會。據菲律賓政府資料顯示，2025年該國貧窮發生率降至9.7%，相當於約1108萬菲律賓人生活在貧窮線以下。隨著小馬可仕政府力求在2028年前將貧窮率降至8%至9%，巴喬肩負重任。    ,https://news.ltn.com.tw/news/world/breakingnews/5567499
打造抗中安全網再下一城 澳洲將與索羅門群島簽署協議,國際,2026/09/08 21:40,澳洲總理艾班尼斯上任後，積極發展與太平洋島國關係，抗衡區域內中國日漸增長的影響力。（法新社）澳洲廣播公司（ABC）8日報導，澳洲與索羅門群島預計未來數週簽署協議，內容包括坎培拉承諾向荷尼阿拉政府額外資助9.8億澳元（約新台幣223億元），深化雙方的夥伴關係。索羅門群島在前總理蘇嘉瓦瑞（Manasseh Sogavare）任內與台灣斷交，改與中國建交並積極發展雙邊關係，在2022年與北京簽署安全協議，引發澳洲與美國警戒。澳洲總理艾班尼斯（Anthony Albanese）同年5月上任後，試圖翻轉索中合作，並重建澳索關係。請繼續往下閱讀...澳洲智庫「羅伊國際政策研究院」（Lowy Institute）太平洋島國計畫主任諾貝陶（Oliver Nobetau）指出，澳洲試圖以白紙黑字鞏固其做為太平洋島國潛在盟友的地位，使中國逐漸邊緣化。但由於索中仍維持安全協議，不太可能一夕斷絕往來，坎培拉也需要時間證明自身為實際可行的安全夥伴。    ,https://news.ltn.com.tw/news/world/breakingnews/5567489
從軍機「瞄準」巡邏機到認知戰！菲國示警中國正多線多地施壓,國際,2026/09/08 21:31,菲國軍方7月公布菲國海軍和中國海警巡邏船，在仁愛暗沙海域的衝突畫面。（美聯社檔案照）菲律賓軍方8日表示，中國正利用敘事、軍機和研究船活動，針對巴丹群島、民主礁及仁愛暗沙，進行多線同步施壓行動，企圖削弱菲國民眾對政府捍衛主權能力的信心。菲國軍方並披露，近日中國軍機以十字瞄準線，瞄準菲國巡邏機。菲律賓《馬尼拉公報》8日報導，菲國軍方西菲律賓海（菲國對其南海專屬經濟區水域的稱呼）事務發言人崔尼代（Roy Vincent Trinidad）8日表示，軍方觀察到「同步、持續的外國惡意影響力行動」，旨在透過控制敘事塑造輿論，「這些敘事可以是訊息，也可以是行動本身，因為行動本身也是訊息」。請繼續往下閱讀...他引述報導稱，有中國學者「捏造說法」指巴丹群島屬於中國，表示這就是與民主礁（中國稱「黃岩島」、菲國稱「馬辛洛克灘」）和仁愛暗沙（菲國稱「愛尤銀礁」）有關聯的更廣泛敘事行動之一環，「不要視為單一事件，這些全都是同步、持續的行動」。他表示，菲國會反制中國的虛假敘事，與惡意影響力行動，並預期這類活動將持續升高到2028年。同時，崔尼代也證實，菲國空軍、海軍和海岸防衛隊巡邏機，2日在民主礁空域執行例行巡邏時，遭中國軍機攔截，其中一起甚至被中國軍機的十字瞄準線瞄準，中國官媒隨後也公開該次事件畫面。他說，中國意圖展現其控制力，但是這類行動「不會削弱、反而只會強化我們的決心」。菲國軍方8日還證實，中國研究船和軍艦近日在菲國附近海域的一連串活動。包括中國研究船「海洋地質10號」在民主礁附近停留25天；菲國海岸防衛隊日前已表示，這艘具鑽探能力的研究船，8月10日未經許可進入菲國專屬經濟海域，在民主礁12海里範圍內活動約3週。另外，菲軍從8月中至9月初，在菲國東部及北部方向，監測到4艘中國軍艦及1艘補給艦進行的活動，崔尼代說，當時這些中國軍艦「距離菲國海岸一度約70至120海里，之後航行到薩馬島東部外海約45海里處」。他表示，這批軍艦是循中國、日本、或南韓船艦前往印尼或澳洲時，通常會經過的航行路線，但是，「當接近菲國咽喉點時，我們會加強監控」。    ,https://news.ltn.com.tw/news/world/breakingnews/5567501
心酸！西藏洪災女警失聯 父母搜救現場抱土悲痛：遺憾沒能帶你回家,國際,2026/09/08 21:20,"中國女警文燕（右圖）日前在西藏洪災中罹難至今失聯，其父母（左圖）7日到搜救現場帶走一罐泥土以寄託思念之情。（擷取自X@wangjupaian）中國西藏與尼泊爾邊境8月26日爆發嚴重洪災，當時正在西藏吉隆口岸執勤的90後（1990年代出生）女警文燕不幸罹難，至今下落不明。文燕父母昨（7）日趕赴搜救現場，最終僅能捧著一罐當地的泥土離去，父親在網上發文寫下，「今天沒能把妳帶回家，很遺憾」。綜合中媒報導，文燕為家中獨生女，2013年末被分配至西藏吉隆邊檢站工作，曾參與2015年尼泊爾強震救援工作，2017年才正式成為民警。8月26日災害發生時，她剛好在邊境口岸值勤，隨後便與外界失去聯繫。請繼續往下閱讀...文燕的父親文明勝4日就曾在社群發文呼喚，「女兒我和你媽來看你。你一定要來見我們。如果不親自來見我。我會不喜歡你了。」字裡行間流露出焦急。然而，數天過去仍無奇蹟，文明勝昨（7）日再度前往口岸並發文悲痛表示，「你（文燕）是我們唯一的心肝寶貝，也是我們的驕傲。雖然今天沒能把你帶回家，很遺憾。有機會爸爸媽媽還是要來看你。」隨文附上的照片中，夫妻倆站在搜救現場，手中共同捧著裝有現場泥土的銀色罐子，畫面讓人鼻酸。災情發生至今，中國媒體報導鮮少提及災民、失聯者及家屬的真實遭遇。文燕是少數被官方媒體提及的個人案例，且焦點仍擺在其邊檢體系身分。【失联女警文燕父母抵达吉隆口岸，捧走一把口岸泥土】9月7日，吉隆口岸失联边检女警文燕的父母抵达灾区搜救现场，并捧走一把口岸泥土留作纪念。文燕是家中独女。其父文明胜9月4日曾发文称，夫妻二人正赶往灾区，希望还能见到女儿。… https://t.co/ngzB3eszOZ pic.twitter.com/9G9BfF23N0— 王局拍案 （@wangjupaian） September 8, 2026 【失联女警文燕父母抵达吉隆口岸，捧走一把口岸泥土】9月7日，吉隆口岸失联边检女警文燕的父母抵达灾区搜救现场，并捧走一把口岸泥土留作纪念。文燕是家中独女。其父文明胜9月4日曾发文称，夫妻二人正赶往灾区，希望还能见到女儿。… https://t.co/ngzB3eszOZ pic.twitter.com/9G9BfF23N0文燕與其父文明勝的合照。圖為文明勝抖音的截圖畫面。（擷取自X@wangjupaian）    ",https://news.ltn.com.tw/news/world/breakingnews/5567442
半年前還猛吹！中國遙感衛星突爆炸碎裂 淪太空垃圾害到其他國......,國際,2026/09/08 21:19,"中國半年前高調宣傳的遙感五十號02星，如今發生在軌碎裂，變成太空垃圾。（圖翻攝自百度）中國國家航天局今年3月高調宣傳「遙感五十號02星」成功發射升空，並進入預定軌道，任務取得圓滿成功。沒想到才過不到半年，這顆衛星直接在地球軌道上爆炸解體，淪為太空垃圾（Space Debris），嚴重威脅到所有國家的航天器。遙感五十號02星為中國航天科技集團第五研究院（中國空間技術研究院，CAST）研製，主要用於國土普查、農作物估產和防災減災等領域。今年3月15日晚間9點22分，在太原衛星發射中心使用「長征六號運載火箭」發射升空，事後中國官媒高調宣傳，冠上「圓滿成功」、「世界領先」等輝煌字眼。請繼續往下閱讀...不過才過約半年，美國天文學家麥克道爾（Jonathan McDowell）本月4日在X發文揭露，遙感五十號02星在海拔600至1100公里的低地球軌道上發生「在軌碎裂」（In-orbit Fragmentation，指航天器在地球軌道上由於內部或外部原因解體、爆炸或破裂成大量碎片的現象），美國太空軍已將至少43塊危害程度較高的大型碎片，編入追蹤目錄。半年前宣傳的「高科技大國重器」，如今淪為太空垃圾，但這還不是中國航天器材近期危機的「炸裂」傑作。據美國商業太空監測公司LeoLabs的報告，上月27日一枚長征六號丙運載火箭的殘骸也發生在軌碎裂瞬間炸出數百塊碎片，這些碎片散佈在396公里至482公里的軌道高度，估計將在未來數年間持續漂浮，大幅增加了其他國家正常航天器的碰撞風險。在軌碎裂產生的碎片，在軌道上會以每秒7至8公里的速度高速飛行，即使是一塊直徑僅1公分的碎片，撞擊其他航天器時的威力也相當於一顆迎面飛來的手榴彈。中国卫星、火箭体接连被报告在轨碎裂9月4日，天文学家乔纳森·麦克道威尔披露，中国遥感五十号02星发生在轨碎裂，美国太空军已将43块相关碎片编入目录，碎片轨道高度约为600至1100公里。该卫星于今年3月15日发射，距此次消息披露不足半年。国家航天局当时宣布发射任务“取得圆满成功”。… pic.twitter.com/Au9Knwy7uy— 李老师不是你老师 （@whyyoutouzhele） September 8, 2026 中国卫星、火箭体接连被报告在轨碎裂9月4日，天文学家乔纳森·麦克道威尔披露，中国遥感五十号02星发生在轨碎裂，美国太空军已将43块相关碎片编入目录，碎片轨道高度约为600至1100公里。该卫星于今年3月15日发射，距此次消息披露不足半年。国家航天局当时宣布发射任务“取得圆满成功”。… pic.twitter.com/Au9Knwy7uy43 debris objects cataloged by US Space Force from the breakup of a Chinese satellite in 141 deg retrograde orbit, Yaogan 50-02. The debris is in the 600 to 1100 km altitude range.— Jonathan McDowell （@planet4589） September 4, 2026 43 debris objects cataloged by US Space Force from the breakup of a Chinese satellite in 141 deg retrograde orbit, Yaogan 50-02. The debris is in the 600 to 1100 km altitude range.    ",https://news.ltn.com.tw/news/world/breakingnews/5567344
「青年運動」轟炸能源設施、軍事基地 沙烏地阿拉伯誓言反擊,國際,2026/09/08 21:15,沙國與青年運動的停火條約7月破局後重燃戰火。近期兩方陣營在紅海隘口曼德海峽周邊的戰鬥造成數百人死亡。（路透）沙烏地阿拉伯與伊朗支持的葉門叛軍「青年運動」8日爆發新一波劇烈衝突。青年運動朝沙國軍事基地和石油設施等目標發射數十枚彈道飛彈和無人機，引發數個地區火勢，一度迫使設備中止運作。對此，利雅德宣示將「採取一切必要措施捍衛主權」。這場空襲造成73人受傷，數座石油場址因損傷和火勢一度停止運作。沙國外交部聲明誓言採取一切必要措施回應。請繼續往下閱讀...沙國與青年運動的停火條約七月破局後重燃戰火。近期兩方陣營在紅海隘口曼德海峽周邊的戰鬥造成數百人死亡。青年運動7日指控沙國對葉門監獄的一次攻擊造成11人死亡、20名囚犯失蹤。英國倫敦大學國王學院學者克里格（Andreas Krieg）向法新社分析，青年運動實際上正在測試沙國底線。對於過去4年試圖從葉門衝突抽身的利雅德來說，如何拿捏反擊力道和規模面臨兩難處境。    ,https://news.ltn.com.tw/news/world/breakingnews/5567483
日本山形縣櫻桃擺脫最慘收成 今年估1萬200噸 3年來首破萬噸,國際,2026/09/08 20:59,日本山形縣產櫻桃谷底反彈，收成增2成，3年來首破萬噸大關。示意圖。（資料照）日本櫻桃王國山形縣今年收成回溫。山形縣政府公布今年櫻桃總收成推估為1萬200噸，較去年創下最低紀錄的8310噸，今年則大增2成多，時隔3年重返萬噸大關。縣方指出，受惠於與農協聯手推動蜜蜂授粉、人工授粉等「結實大作戰」奏效，著果量明顯提升，是擺脫連續2年歉收的主因。縣府的推估是根據農協集貨量，也就是農民交給農會選果場所集中出貨的數量，加上直銷站販售量合計計算。山形縣產量占全日本約7成，今年雖較去年增加約1900噸，但部分果園4月上旬仍受霜害影響，總量仍低於近10年平均的1萬2000噸，尚未完全恢復到正常水準。請繼續往下閱讀...除了天候，買氣也成為隱憂。縣方坦言，由於前2年大歉收，發生禮盒接單後卻因無貨可出、無法出貨的情況，衝擊消費者信心，導致今年中元節送禮需求明顯下滑。負責水果政策的山形縣「園藝大國推進課」表示，雖然今年靠著授粉對策暫時度過難關，但若收成再度不穩，恐怕會讓需求進一步萎縮。該課強調，今後仍將致力提升與穩定產量，並加速開發耐高溫新品種，以維持日本第一櫻桃產地的地位。    ,https://news.ltn.com.tw/news/world/breakingnews/5567286
收賄7億！前中國山西省長金湘軍判死緩,國際,2026/09/08 20:48,山西省委前副書記、省政府前省長金湘軍受賄罪成案，判處死刑、緩期2年執行。（擷取自微博）中國河南省信陽市中級人民法院今（8日）一審公開宣判，山西省委前副書記、省政府前省長金湘軍受賄罪成案，判處死刑、緩期2年執行，剝奪政治權利終身，沒收個人全部財產，追繳在案受賄所得財物及孳息依法上繳國庫，不足部分繼續追繳。綜合媒體報導，金湘軍於2004年上半年至2025年4月，利用擔任廣西自治區玉林市市長、市委書記，防城港市委書記，天津市副市長、市委副書記，山西省委副書記、省長等職務便利以及職權、地位形成便利條件，為有關單位和個人在企業經營、工程承攬、職務晉升等事項上提供幫助，直接或者通過他人非法收受上述單位和個人給予財物，共計折合1.48億多元人民幣（約7.05億新台幣）。請繼續往下閱讀...法院認為，金湘軍受賄數額巨大，使國家和人民利益遭受特別重大損失。鑑於其受賄犯罪具有未遂情節，歸案後如實供述罪行，主動交代監察機關尚未掌握絕大部分受賄事實，認罪悔罪，涉案贓款贓物已部分追繳，具有法定、酌定從輕處罰情節。法院於6月11日公開開庭審理案件，金湘軍在庭審中作最後陳述，當庭認罪悔罪。    ,https://news.ltn.com.tw/news/world/breakingnews/5567461
鑽法律漏洞！冒充納粹受害者後代  32中國人騙取德國護照,國際,2026/09/08 20:20,最新一期的德國《明鏡週刊》披露，32名來自中國的移民遭德國檢方指控，冒充納粹德國期間猶太人受害者的後裔，騙領德國護照。（美聯社）《德國之聲》報導，最新一期的德國《明鏡週刊》披露，32名來自中國的移民遭德國檢方指控，冒充納粹德國期間猶太人受害者的後裔，從而騙領德國護照。目前德國聯邦刑事調查局（BKA）和杜塞爾多夫檢察院正針對這32名嫌犯展開調查，其中半數已經騙得了德國護照，其餘人員則提交了入籍申請。這些詐騙嫌犯利用了具憲法地位的德國「基本法」中的一個特殊條款。該法第116條規定，任何在納粹德國期間被剝奪德國國籍者及其後代，都可以申請並重獲德國國籍。請繼續往下閱讀...而且，根據德國聯邦憲法法院2020年的一項司法解釋，即便是納粹受害者的非婚生後代，也能依照該條款獲得德國國籍。申請者需要提交的資料包括：用於自己身分證明的既有護照、出生證明，以及被納粹剝奪德國國籍的祖先之姓名，以及任何能夠證明申請者與祖先之間存在血緣關係的文件。與其他入籍方法相比，依照德國「基本法」第116條取得德國護照的程序要簡單許多，而且免除一切手續費。申請者無須定居在德國，也無須說德語、無須證明有穩定合法收入、無須放棄原有國籍。根據德國檢方提起的指控，嫌犯偽造自己的生平、家譜，並且在另外幾名以色列公民的協助下提交入籍德國的申請，負責處理此類申請的聯邦行政管理局（BVA），也認可經過公證的複印文件。檢調人員相信，正是在這個環節，詐騙嫌犯發現並利用了漏洞。《明鏡週刊》注意到，似乎有多名以色列的公證人，為偽造文件的複印版進行過公證，但暫時無法核實這到底是工作疏忽還是蓄意為之。報導同時指出，以色列國內入籍德國的仲介服務市場十分龐大，各大律師事務所、公證事務所爭相打廣告，宣傳取得德國護照之好處，拚命招徠客戶。《明鏡週刊》指出，詐騙嫌犯似乎利用了德國人的歷史罪惡感：受理納粹受害者後代入籍申請的公務員，通常會很迅速地審批。整串移民詐欺案件曝光得歸功於1名來自中國的劉姓謀殺犯。2024年，他在菲律賓綁架並殺害了2名華裔商人，其中1名受害者擁有美國國籍。美國聯邦調查局（FBI）在查案時發現，劉某及其家人的德國護照，似乎是透過詐欺手段取得的，2024年10月劉某在美國被捕，他在審訊中坦承，只需花費60萬美元（新台幣1892萬元），就能在1年多的時間內迅速入籍德國。劉某等詐欺嫌犯使用的都是納粹受害者的真實生平資料。在德國，這些資料通常可以公開查閱。劉某宣稱，他是Karl Siegfried Süßkind和Gertraud Süßkind的孫輩。《明鏡週刊》引述調查人員指出，多名詐騙嫌犯都「掛靠」在同1名「祖先」名下。例如，Karl Siegfried Süßkind和Gertraud Süßkind夫婦，就被安排了1名叫做Rosa的「女兒」，而她又嫁給了1位姓王的中國男性，並養育有8名「子女」。詐騙嫌犯的手段相當粗糙：8名「子女」中的2人，分別「出生」於1969年2月底和11月底，相隔僅9個月，但依然騙過了德國聯邦行政管理局的工作人員。《明鏡週刊》也找到了Süßkind夫婦的真正後代，他們表示，不認識Rosa及其王姓中國丈夫，並對詐騙嫌犯的行徑極為憤慨。調查人員還發現，另1名中國詐騙嫌犯還在手機聊天中告訴同夥，即使因為不會說德語，而遭到邊境檢查官員的懷疑，也無需擔心，只需要說明護照是依照「基本法」第116條辦理即可，「因為這涉及二戰期間受迫害猶太人的隱私。」今年7月，犯下命案的劉某被美國移交給中國警方。《明鏡週刊》指出，目前調查涉及的32名嫌犯，很可能只是冰山一角。    ,https://news.ltn.com.tw/news/world/breakingnews/5567444
日本要求拆除「毀菊」二戰紀念碑 克里姆林宮：不予考慮,國際,2026/09/08 20:11,"日本政府要求俄國拆除「毀菊」二戰勝利紀念碑，但克里姆林宮表示「不予考慮」。（擷取自X平台 @mfa_russia）克里姆林宮今（8）日表示，儘管日本政府提出了拆除遠東城市哈巴羅夫斯克（Khabarovsk）一座二戰勝利紀念碑的要求，但俄羅斯沒有忘記「日本軍國主義」，因此不會拆除紀念碑。《路透》報導，這座引起爭議的紀念碑以青銅製成，描繪了一座刻有菊花圖案的日本界碑被一名蘇聯士兵以步槍槍托砸毀。請繼續往下閱讀...日本外務省上週六發布聲明，要求俄羅斯移除這座紀念碑，「這樣的雕像對日俄關係毫無建設性。尤其是菊花紋章被廣泛視為代表日本的徽記，豎立一座描繪菊花徽記遭摧毀的紀念碑，就日本國民感情而言，不僅無法接受，也極為遺憾。」克里姆林宮發言人佩斯科夫（Dmitry Peskov）今日在回應相關話題時指責日本「選擇性記憶」，他說：「很難說東京方面究竟忘記了什麼，還記得什麼，但至少我們沒有忘記日本軍國主義，沒有忘記那場勝利。」佩斯科夫接著補充說：「就這方面而言，我們不可能以任何方式考慮這類要求與聲明。」???? Chairman of @rvio_ru #Medinsky:On Sept 4, Russia’s largest memorial dedicated to the #Victory over axis Japan & the end of #WWII was unveiled.A 15-meter high bronze Soviet soldier smashes a symbol of the regime responsible for monstrous crimes.https://t.co/Ng87mr8WbH pic.twitter.com/h0jxXRpcQl— MFA Russia ???????? （@mfa_russia） September 5, 2026 ???? Chairman of @rvio_ru #Medinsky:On Sept 4, Russia’s largest memorial dedicated to the #Victory over axis Japan & the end of #WWII was unveiled.A 15-meter high bronze Soviet soldier smashes a symbol of the regime responsible for monstrous crimes.https://t.co/Ng87mr8WbH pic.twitter.com/h0jxXRpcQl    ",https://news.ltn.com.tw/news/world/breakingnews/5567397
驚悚片曝光！主題樂園飼育員突遭巨鱷撕咬拖下水  死前悲吐這1句......,國際,2026/09/08 19:56,"巴布亞紐幾內亞一名飼育員遭摩爾斯貝港冒險公園內的鱷魚攻擊，最終傷重不治。（圖翻攝自X）大洋洲巴布亞紐幾內亞（Papua New Guinea）首都摩爾斯貝港（Port Moresby）知名主題樂園「冒險公園」（Adventure Park）近日發生一起驚悚死亡意外，園內一隻巨鱷突然襲擊飼育員，狠狠將其拽入水中，一條腿被扯斷，送醫搶救仍不幸因傷勢過重宣告不治。綜合外媒報導，事發於上週六（5日），在冒險公園工作約2年的飼育員正拿著雞肉餵食園內圈養的鱷魚，沒想到鱷魚突然發動攻擊，張開血盆大口死咬住該名飼育員，並將其拽入水中。現場安保人員見狀不知所措，由於沒有配槍，只能提供一根小鐵棍給該飼育員抵禦。請繼續往下閱讀...在救援趕到前，男子的雙腿被鱷魚緊咬長達一個多小時。據目擊者表示，該名飼育員忍受著劇痛卻不敢大聲喊叫，怕驚動到鱷魚發起更猛烈的攻擊，可以看到他眼神充滿痛苦，期間只能喃喃自語說「我沒做錯任何事……」網上瘋傳的影片可以看到，飼育員死撐在池邊，雙腿被體型巨大的鱷魚咬住，雖然在場的人試圖營救，但都無果，直到警方和救護人員到場後，鱷魚被開槍擊斃才順利將人救出。飼育員獲救時，一條腿已經被扯斷，送醫搶救後，仍因傷勢過重，於隔日（6日）上午7點宣告不治。摩爾斯貝港冒險公園平時定期舉辦鱷魚餵食示範，由工作人員與爬行動物進行近距離互動。事件發生後，園區已宣布暫停營業直至另行通知，園方工作人員後續為殉職同事籌備葬禮。Papua New Guinea ????????:A Crocodile ????keeper at the Adventure Park in Port Moresby, 14 Mile, was attacked by his own crocodile.Police ????shot the crocodile dead and saved the man, although both of his legs were bitten off by the crocodile. pic.twitter.com/arYA3MnJfl— marknehpets （@mapkpets） September 5, 2026 Papua New Guinea ????????:A Crocodile ????keeper at the Adventure Park in Port Moresby, 14 Mile, was attacked by his own crocodile.Police ????shot the crocodile dead and saved the man, although both of his legs were bitten off by the crocodile. pic.twitter.com/arYA3MnJfl    ",https://news.ltn.com.tw/news/world/breakingnews/5567252
美國特使訪俄烏拋和平方案 澤倫斯基讚：不錯的想法,國際,2026/09/08 19:38,烏克蘭總統澤倫斯基（右）指出，關於如何結束俄烏戰爭，美國特使魏科夫（中）與庫希納（左）提出了「不錯的想法」。（美聯社）烏克蘭總統澤倫斯基（Volodymyr Zelenskiy）今（8）日透露，美國特使魏科夫（Steve Witkoff）與庫希納（Jared Kushner）日前與他討論如何結束烏俄戰爭時，提出了幾個「相當不錯的想法」。魏科夫與庫希納上週相繼造訪了俄羅斯與烏克蘭，並分別與俄羅斯總統普廷（Vladimir Putin）及澤倫斯基進行了數小時的會談。請繼續往下閱讀...《路透》報導，澤倫斯基在通訊軟體Whats App中向媒體說明，他預計會在9月下旬與美國總統川普會面，希望屆時能討論冬季防空援助議題。而關於美國特使日前的造訪，澤倫斯基透露：「關於庫希納提到的和平方案還有新想法，我可以告訴各位，是有一些非常不錯的主意，值得探討。」澤倫斯基並未進一步作出解釋，僅說明烏克蘭同意跟美國特使合作，先處理這些議題。澤倫斯基補充說，烏克蘭、美國與歐洲代表將於近期會面，為三方會談做準備，而下一次會談可能會由土耳其、阿拉伯聯合大公國、瑞士或其他國家主辦，會議中可能會談到糧食運輸以及能源基礎設施等議題。澤倫斯基還表示，烏克蘭已準備好做出妥協，而俄烏之間也必須繼續討論如何擴大與加快戰俘交換，「我們不僅要進行討論，更要取得具體的成果。」    ,https://news.ltn.com.tw/news/world/breakingnews/5567338
美軍擊沉5艘厄瓜多毒梟船 「炸成火球」畫面曝光,國際,2026/09/08 19:32,"美軍將該船的船上人員撤離後，擊沉的爆炸畫面。（擷取自X@Southcom）美國南方司令部（SOUTHCOM）7日證實，美軍再度攔截並擊沉一艘涉嫌為厄瓜多大型毒梟集團「Los Choneros」進行海上毒品交易提供補給的船隻。這已是美軍自8月28日以來的短短11天內，擊沉的第5艘厄瓜多籍船隻。綜合外媒，這起行動由美國南方司令部轄下的西半球聯合特遣部隊（JTF-WHEM），與厄瓜多總統諾波亞（Daniel Noboa）政府協同執行。情資顯示，該艘被擊沉的補給船專門用於在公海上為快艇提供燃油補給，協助將毒品運往北美或國際市場。美軍在將船上人員全數撤離後予以擊沉，並將被拘留人員移交給厄瓜多當局處置。請繼續往下閱讀...在此行動之前，美軍自8月28日至9月5日期間，先後攔截並擊沉了「三兄弟號」（Los Tres Hermanos）、「征服二號」（Conquest II）、「OM2號」（OM2）、「瑪麗亞坎德拉里雅號」（María Candelaria）等4艘船隻、共扣留79名船員。然而，多數被捕船員及家屬仍堅稱只是普通出海捕魚的漁民。除了近期已被官方證實的5起攔截行動外，當地漁民與家屬還指控，今年1月至3月間加拉巴哥群島（Galápagos Islands）周邊海域亦有3艘漁船（共載有46人）疑似遭到突襲，其中「費歐雷拉號」（Fiorella）船上8名漁民至今下落不明。☆少一份毒品就多一份健康，自由時報提醒您遠離毒品☆On Sept. 7, under the direction of #SOUTHCOM, Joint Task Force Western Hemisphere （JTF-WHEM） forces successfully interdicted a floating refueling station supporting illicit at-sea drug trafficking operations in the Eastern Pacific. Intelligence confirmed the vessel's… pic.twitter.com/nfGfy8KTUY— U.S. Southern Command （@Southcom） September 7, 2026 On Sept. 7, under the direction of #SOUTHCOM, Joint Task Force Western Hemisphere （JTF-WHEM） forces successfully interdicted a floating refueling station supporting illicit at-sea drug trafficking operations in the Eastern Pacific. Intelligence confirmed the vessel's… pic.twitter.com/nfGfy8KTUY    ",https://news.ltn.com.tw/news/world/breakingnews/5567300
名古屋暴雨成災！洪水灌入B1健身房 學員驚呼：差點沒命,國際,2026/09/08 19:22,"愛知縣名古屋市一處位於地下室的健身房，今（8）日被大水灌入淹水。（圖擷取自@zakariaAli693、@kamf2290 社群平台「X」，本報合成）受到秋雨鋒面與熱帶低氣壓影響，日本東海地區今（8）日出現「線狀降水帶」，多地降下猛烈豪雨，其中愛知縣名古屋市被觀測到創歷史紀錄的恐怖降雨量。目前名古屋道路出現嚴重淹水、大眾運輸全面停駛，還有一處位於地下室的健身房因大水灌入淹水，許多教練與學員緊急往高處避難，驚險畫面被全網瘋傳。社群平台X（前Twitter）名為「ふみ」的日本網友，心有餘悸表示自己「健身練到差點沒命」，並附上一段5秒影片，只見位於地下室1樓的健身房，因戶外降下暴雨、馬路排水不及，大量雨水帶來的滾滾洪水，宛如瀑布般不斷從樓梯沖往低處。請繼續往下閱讀...另一名日本網友「ザカリア」也分享不同角度拍攝的影片，直呼他與其他原本待在健身房的人「差點被溺死」。影片顯示，暴雨帶來的猛烈水勢，狠狠衝破健身房外的玻璃門，導致健身房淹出至少半人高的水位，場面險象環生。綜合日媒報導，截至當地時間下午4點50分，名古屋市在1小時內就降下約101.5毫米的大雨。根據日本氣象廳觀測資料，名古屋今日的1小時雨量，超越2000年9月東海豪雨期間創下的97毫米紀錄，也成為自1890年開始統計以來的最高紀錄。溺れた#名古屋 #大雨 #名古屋 #栄地下#名鉄瀬戸瀬#瀬戸瀬 pic.twitter.com/Z5JJ9Fduww— ザカリア （@zakariaAli693） September 8, 2026 溺れた#名古屋 #大雨 #名古屋 #栄地下#名鉄瀬戸瀬#瀬戸瀬 pic.twitter.com/Z5JJ9Fduww    ",https://news.ltn.com.tw/news/world/breakingnews/5567339
新聞360》酸！這國嗆爆戰狼 台灣強硬槓中學者曝反制關鍵,國際,2026/09/08 19:02,全新的視界！新聞話題不漏接，快訂閱YouTube 【自由追新聞】，記得開啟小鈴鐺哦！    ,https://news.ltn.com.tw/news/world/breakingnews/5567365
JR西瓜卡候選角色出爐 日本網友評價兩極,國際,2026/09/08 18:59,3位西瓜卡吉祥物候補者。（截圖取自西瓜卡新角色票選網站）東日本旅客鐵道公司（JR東日本公司）今天公布交通IC卡Suica（西瓜卡）3個候選吉祥物，以接替備受喜愛的Suica企鵝。在候選吉祥物的模樣出爐後，日本網友的反應褒貶不一。朝日電視台報導，JR東日本公司社長喜勢陽一今天公布這3個候選角色，並宣布網路投票在今天下午3時開始。候選角色分別以松鼠、兔子及鼴鼠為造型。請繼續往下閱讀...JR東日本公司根據員工等人的意見，由遴選委員會從眾多方案中縮減為3案。網路投票為期至9月23日。票數最多的方案將接替Suica企鵝。Suica企鵝自2001年問世以來，深受民眾喜愛，但已確定將於明年3月31日正式「畢業」，並從明年4月1日起擔任宣傳角色。時事通信社報導，經過票選程序後，Suica企鵝的後繼角色將在11月18日公布，其暱稱將透過公開募集決定。日媒Sponichi Annex報導，JR東日本公司今天公開候選角色後，日本網友對此評價兩極，有人認為「松鼠角色的質感很好」、「好可愛」；另外也有人覺得「以前的企鵝比較好」、「全部都不可愛」、「有必要換嗎？」    ,https://news.ltn.com.tw/news/world/breakingnews/5567327
新加坡總理年薪將調升64％至近9000萬台幣 黃循財全球最高薪再創新高,國際,2026/09/08 18:57,新加坡總理黃循財宣布，自10月15日起將調升政務官薪酬，其中總理年薪最終將大幅調升64％，從現行的220萬新幣躍升至360萬新幣。（路透檔案照）本已傲視全球的新加坡部長級官員薪資將再度攀升！新加坡總理黃循財（Lawrence Wong）8日宣布，自10月15日起將調升政務官薪酬，其中總理年薪最終將大幅調升64％，從現行的220萬新幣躍升至360萬新幣（約新台幣8961萬元）。綜合彭博與路透報導，為了吸引頂尖人才並防止貪腐，新加坡向來給予政治領袖高薪。然而，在2025年薪資中位數僅為每月5775新幣（約新台幣14.4萬元）的新加坡，此議題始終極具敏感性。請繼續往下閱讀...黃循財在國會發表演說時坦言，官員薪酬是一個艱難且易引發情緒反彈的議題，他能理解民眾的嚴格檢視與強烈感受，並承諾未來5年將把個人加薪全數捐作公益。黃循財強調，這不僅關乎薪酬，更攸關新加坡未來能否維持引領國家前進的高品質政治領導力。根據非營利組織PoliticalSalaries.com統計，黃循財目前已是全球最高薪領袖；相較之下，香港特首以71.9萬美元（約新台幣2267萬元）居次，瑞士聯邦總統約60.6萬美元（約新台幣1910萬元），美國總統川普年薪40萬美元（約新台幣1261萬元），英國首相則為23萬美元（約新台幣725萬元）。此次調薪並非一步到位。官員初期將獲得最高9％的一次性加薪，後續再依據職責與績效進行調整。以初階部長為例，現行年薪為110萬新幣，未來最高可達180萬新幣（約新台幣4481萬元）。黃循財指出，至本屆政府任期結束時，多數初階部長年薪將達約135萬新幣。新加坡上一次調整部長薪資是在2012年，當時為平息民怨而大幅減薪36％。儘管2017年曾有調薪建議，但政府未予採納；2023年的檢討亦因經濟不確定性延宕至今。黃循財直言，維持現狀在「政治上比較容易」，但考慮到自2012年以來民間、公務員及司法體系的薪資皆已上漲，不調薪並非正確之舉。新加坡公共服務署指出，部長薪資基準是依據全國收入最高前1000名國人的薪酬制定，以反映良善治理所需的人才素質。對此，新加坡國立大學政治學者莊嘉穎（Chong Ja Ian）警告，在所得差距擴大的情況下，此舉恐將導致官員的思維更貼近超級富豪，而非一般平民的生活經驗。這項消息在社群媒體引發熱議，部分Reddit論壇網友痛批此舉「不知民間疾苦」，亦有人認為若官員能帶領國家度過艱難時刻便值得高薪；反對黨目前則尚未對此發表聲明。儘管高薪旨在防弊且星國貪腐案件罕見，但前交通部長易華仁（S. Iswaran）才剛因妨礙司法公正及收受價值逾30萬美元禮物，於2024年遭判刑入獄。星國國會預計10日就此調薪議題展開進一步辯論。    ,https://news.ltn.com.tw/news/world/breakingnews/5567364
澳洲再祭出社群媒體新規 這次針對演算法推薦內容,國際,2026/09/08 18:40,"一名澳洲青少年使用社群媒體。（路透檔案照）澳洲政府8日一份新提案進一步規範社群媒體，計畫讓澳洲用戶有權決定，是否接受社群媒體以演算法推薦的內容，不再被演算法牽著走。路透、彭博8日報導，澳洲工黨政府提出的這項草案，要求社群平台通知新、舊用戶，讓他們選擇動態消息預設的呈現方式，使用者可選擇同意預設由演算法推薦內容，也可以選擇關閉這項功能，只呈現自己追蹤的朋友或創作者發文。請繼續往下閱讀...澳洲總理艾班尼斯（Anthony Albanese）表示，「這是合理、務實而且可行的改革」，賦予使用者選擇權，若科技巨頭不遵守澳洲法律，將向其追究不作為的責任。艾班尼斯指出，這項名為「我的動態，我作主」（My Feed, My Way）的措施，也要求數位平台記錄，針對已知可能傷害澳洲用戶的風險，進行了何種處置措施，並確保相關措施持續有效。違反規定者最高可被罰款1億920萬澳幣（約24億台幣）。擁有「臉書」、Instagram和WhatsApp等平台的Meta公司拒絕評論此事。Alphabet旗下Google公司以及TikTok、Snap等公司尚未回應。新草案也將賦予澳洲網路安全監管機構eSafety更多權力，可要求科技公司迅速移除有害、涉及裸露或非法內容。政府將徵詢科技業、民間團體等意見後，預期今年把法案送交國會審議。言論自由提倡者警告，這項立法可能導致資訊審查。艾班尼斯表示，「重點並非賦予政府控制權，而是給民眾控制權」。    ",https://news.ltn.com.tw/news/world/breakingnews/5567337
日本名古屋破紀錄極端暴雨！最高警戒發布 路上全淹還出現噴泉,國際,2026/09/08 18:35,"日本愛知縣名古屋發生極端暴雨，發生嚴重災情。（圖翻攝自X）受到秋雨鋒面與熱帶低氣壓影響，日本東海地區今天（8日）發生極端暴雨，災情最嚴重的愛知縣名古屋市，創下當地氣象觀測有史以來最高的單一小時降雨量紀錄，多地發生淹水災情，路上有多輛汽車被淹沒，甚至還當街出現「噴泉」！綜合日媒報導，日本東海地區（包含愛知縣、岐阜縣美濃地方、三重縣等）受到鋒面和熱帶低壓影響，生成「線狀降水帶」下起暴雨，名古屋及其周邊地區（含小牧市、瀨戶市、春日井市及岐阜多治見市等）今天下午4點多（台灣時間3日下午3點多）發布「紀錄性短時間大雨情報」。請繼續往下閱讀...其中名古屋測得時雨量高達104.5毫米的猛烈降雨，打破2000年9月份「東海豪雨」創下的97.0毫米紀錄，成為當地有觀測紀錄以來最高的單小時降雨量。名古屋受災也最嚴重，因市內香流川、植田川與谷田川水位暴漲，市府對千種區、守山區、名東區等地發布最高等級的警戒5級「緊急安全確保」，要求民眾立即避難，影響戶數超過60萬戶（約117萬人）。網傳災情影像可以看到，名古屋是區多處道路嚴重積淹水，深度達半個車輪以上，有些道路直接變成一條河流，路上不少泡水車拋錨；還有多個車站出現浸水狀況，地下排水溝也因水壓過大噴出水柱，當街變噴泉。植田川も氾濫しています。車が流されてますーヤバい！#名古屋豪雨#線状降水帯#ゲリラ豪雨植田川 pic.twitter.com/r99AlHPN1Y— れもみ （@aaaremomi） September 8, 2026 植田川も氾濫しています。車が流されてますーヤバい！#名古屋豪雨#線状降水帯#ゲリラ豪雨植田川 pic.twitter.com/r99AlHPN1Y【衝撃】新栄・エニタイムフィットネスに大量の水が流れ込む滝のような勢いで水が流れ込んでいる模様。筋トレしてた人大丈夫かな？#名古屋 #冠水pic.twitter.com/Hgw3qV18RF https://t.co/ZFBzL5CUKT— 爆サイ.com【公式】ツイッター （@bakusai_x） September 8, 2026 【衝撃】新栄・エニタイムフィットネスに大量の水が流れ込む滝のような勢いで水が流れ込んでいる模様。筋トレしてた人大丈夫かな？#名古屋 #冠水pic.twitter.com/Hgw3qV18RF https://t.co/ZFBzL5CUKT名古屋やばいよ #名古屋 #大雨 pic.twitter.com/2dJ4U733Ts— み （@miodesudesu） September 8, 2026 名古屋やばいよ #名古屋 #大雨 pic.twitter.com/2dJ4U733Ts日本愛知縣名古屋發生極端暴雨，發生嚴重災情。（圖翻攝自X）    ",https://news.ltn.com.tw/news/world/breakingnews/5567261
高市月底訪美尋求與川普會談 搶在「川習會」前協調對中政策,國際,2026/09/08 17:36,日本首相高市早苗今年3月19日訪問白宮時，受到美國總統川普熱情款待。（彭博資料照）日本首相高市早苗預定9月下旬訪問紐約，22日首度以首相身分在聯合國大會發表演說，並正尋求與美國總統川普直接接觸。由於川普預定24日在華府與中國國家主席習近平舉行峰會，日本政府希望趕在「川習會」前向川普直接傳達日本立場、協調對中認知。另一方面，高市在訪美前也將先處理國內布局，預定9月16日前後完成上任後首次內閣改組及自民黨高層人事調整。請繼續往下閱讀...由於高市與川普都預定22日在聯大發表演說，共同社報導，高市正尋求利用此次赴紐約出席聯大的機會與川普接觸，日方並不拘泥於正式峰會形式。日本政府人士透露，已向美方提出會談要求，即使只能安排短暫交談，「只要有機會，也可以談到相當程度」。官房長官木原稔7日被問及川習會時表示，日本政府正「高度關注」相關動向，並強調今後仍將透過日美領袖、外長等所有層級保持緊密合作。日本外務省事務次官船越健裕8月27日也已先行訪美，與美國副國務卿藍道等官員會談，其中一項重點就是協調日美對中政策，被視為替高市訪美及聯大外交預先鋪路。對於「川習會」，日本經濟新聞指出，日本最擔心的是美中在關稅、先進科技及供應鏈等攸關日本利益的議題上「越過日本」進行交易。日方也擔心川普為求取短期成果，可能在台灣等問題上對中國讓步，進而影響日本的安全保障及經濟利益。對於川普已表達與北韓領導人金正恩再次會談的意願，日本也擔心美方若追求短期協議，可能事實上接受北韓的核武國家地位，不但衝擊日本重視的核不擴散原則，也可能削弱平壤就日本人綁架問題與東京談判的動機。高市預料將再次向川普強調解決綁架問題的日本立場。此外，川普政府將國際刑事法院（ICC）院長、日本籍法官赤根智子列入制裁對象，與日本長期強調的「法治」外交產生明顯落差，日方希望透過領袖間的直接溝通，處理這項外交隱憂並維持兩國互信。另一方面，高市在展開這波重要外交前，預定先完成上任後第一次內閣改組。共同社報導，政府及自民黨正協調於9月16日同步實施內閣改組與黨高層人事，以新體制迎接10月上旬預定召開的臨時國會。綜合日媒報導，高市基本上將維持政權骨幹，黨幹事長鈴木俊一、副總裁麻生太郎預定留任；內閣方面正協調留任官房長官木原稔、財務相片山皋月及防衛相小泉進次郎，外相茂木敏充續任的可能性也很高。除了為秋季臨時國會的消費稅減稅法案備戰，年底還將修訂「國家安全保障戰略」等安保3文書，因此在外交、財政及安保重要職位上重視政策延續性。    ,https://news.ltn.com.tw/news/world/breakingnews/5567215
俄軍炸基輔至少2死10傷  烏外長酸普廷：用飛彈講話比較大聲,國際,2026/09/08 17:30,"烏克蘭首都基輔今日清晨遭到俄羅斯空襲，多棟建築物受損。（路透）烏克蘭首都基輔（Kyiv）今（8日）清晨遭到俄羅斯空襲，烏國官員指出，基輔有多棟建築物受損，更有2名市民在空襲中喪生。《路透》報導，基輔市長克里契科（Vitali ‌Klitschko）表示，俄軍轟炸造成至少2人死亡與10人受傷，而掉落的無人機殘骸與飛彈碎片，也導致2棟住宅傳出火警。請繼續往下閱讀...烏克蘭其他官員指出，空襲造成至少14棟高樓層建築物受損，另外學生宿舍、學校、診所、倉庫等設施也出現損傷。報導提及，美國特使庫希納（Jared Kushner）及魏科夫（Steve Witkoff）上週接連造訪了俄國首都莫斯科（Moscow）及烏克蘭首都基輔，而俄羅斯這一波空襲，就發生在特使離開基輔之後；克里姆林宮日前更表示，不排除重啟美俄烏三方談判的可能性。烏克蘭外交部長西比哈（Andrii Sybiha）事後在X平台發文，開酸俄羅斯總統普廷（Vladimir Putin），「美國總統和平特使的前腳剛走，普廷就對基輔發動了另一波可怕的大規模襲擊。他的彈道飛彈比他的外交詞彙說話還要大聲。」The moment the US President’s peace envoys left, Putin launched another massive, horrific attack against Kyiv, damaging residential areas and killing at least two people.His ballistic missiles speak louder than his words on diplomacy. Strike after strike on residential… pic.twitter.com/UwiW5LChf7— Andrii Sybiha ???????? （@andrii_sybiha） September 8, 2026 The moment the US President’s peace envoys left, Putin launched another massive, horrific attack against Kyiv, damaging residential areas and killing at least two people.His ballistic missiles speak louder than his words on diplomacy. Strike after strike on residential… pic.twitter.com/UwiW5LChf7    ",https://news.ltn.com.tw/news/world/breakingnews/5567163
泰國爆「以巴衝突」！以色列男成新驅逐令首例 動物園老闆也遭逮將遣返,國際,2026/09/08 17:00,遭泰國政府驅逐出境的法國籍動物園園長多米諾（左）。（擷取自Samui Exotic Park/臉書）泰國度假勝地蘇梅島「Samui Exotic Park」動物園的法國籍老闆多米諾（Kevin Dimino），因在園區懸掛巴勒斯坦國旗、拒絕以色列人入園，進而在街頭與以色列男子爆發暴力衝突，兩人皆遭泰國副總理兼內政部長阿努廷（Anutin Charnvirakul）簽署驅逐令。綜合泰媒報導，整起事件起因於多米諾不滿部分以色列遊客擅開籠舍虐待動物且拒付門票，憤而在動物園門口懸掛巴勒斯坦國旗及「Free Palestine」標語，並公開張貼「禁止以色列遊客入園」告示。請繼續往下閱讀...此舉引發島上以色列社群強烈反彈，當地經營餐飲與房地產的以色列男子奧哈永（Yaacov Ohayon）傳訊要求撤除，更涉嫌恐嚇要放火燒動物園及威脅其妻子人身安全，甚至有在法國的以色列網紅在網路上開出50萬泰銖懸賞多米諾的行蹤，引爆跨國輿論戰火。在此期間，多米諾接獲恐嚇訊息，怒氣沖沖殺到奧哈永店面理論，雙方於街頭激烈口角，多米諾情緒失控當街以頭部重擊對方，施暴畫面瘋傳引發當局震怒。泰國法院隨後判處多米諾罰鍰與緩刑，涉嫌恐嚇的奧哈永則遭判緩刑15天與罰鍰5000泰銖（約新台幣4811元），並已於9月4日先行被拘留準備遣返，成為泰國新驅逐令上路後首位被驅逐的外籍人士。泰國內政部認定兩人滋事恐嚇、煽動種族與宗教分裂，阿努廷昨日正式簽署多米諾的驅逐命令後，多米諾一度駕駛BMW轎車返回園區後棄車落跑。所幸素叻他尼府警方與移民局全力展開地毯式追緝，如今順利在蘇梅島將其逮捕到案。接下來，泰國當局將依法進行相關程序，準備將多米諾遣返回法國。    ,https://news.ltn.com.tw/news/world/breakingnews/5567070
東京都台東區因「這理由」禁止住宅區新設民宿 明年1月起實施,國際,2026/09/08 16:59,東京都台東區預計自明年1月起，在住宅區及其他限制旅館和酒店選址的區域內，將不再核准新的民宿營業。示意圖。（資料照）擁有淺草、上野、藏前等人氣觀光景點的東京都台東區，因民宿利用者違規行為日益嚴重，台東區公所已拍板定案，自明年1月起，在住宅區及其他限制旅館和酒店選址的區域內，將不再核准新的民宿營業。此舉是依據日本國土交通省觀光廳今年7月發布的通知辦理。根據通知，雖然「住宅宿泊事業法」規定民宿一年可營業180天以內，但可透過條例將天數設為「0日」，達到實質禁止的效果。台東區公所表示，部分民宿利用者的亂丟垃圾、噪音等問題，已對居民生活造成嚴重影響，才決定採取管制措施。請繼續往下閱讀...事實上，自2018年俗稱「民泊新法」的「住宅宿泊事業法」施行、住宅區開放民宿營業以來，台東區的民宿設施急遽增加。區公所也接獲大量居民陳情，反映垃圾處理與噪音等困擾，要求加強管制的聲浪越來越高。不過，考量到對既有業者與觀光客的影響，台東區表示，此次禁令將不溯及既往，既有設施仍可繼續營業，區公所將透過徹底指導、監督與強化罰則來因應。相關條例修正案將在8日開議的區議會定期會中提出，預計經議決後於明年1月正式施行。    ,https://news.ltn.com.tw/news/world/breakingnews/5566955
日本88歲海洋冒險家堀江謙一 宣布2027年挑戰最高齡橫越太平洋紀錄,國際,2026/09/08 16:48,88歲海洋冒險家堀江謙一宣布於2027年3月挑戰橫越太平洋。示意圖。（美聯社資料照）日本知名海洋冒險家堀江謙一於9月8日88歲生日當天，在兵庫縣西宮市的新西宮遊艇港宣布，將於2027年春季挑戰世界最高齡「單人無靠港橫越太平洋（舊金山至日本）」。堀江謙一表示，64年前，23歲時完成西宮到舊金山的太平洋一人獨行，83歲完成最高齡回程，88歲想再次獨行的挑戰者岩漿又噴發了，2022年完成從美國舊金山到日本兵庫縣新西宮遊艇港的橫越後就已經決定此次挑戰，並已獲得妻子肯定。請繼續往下閱讀...堀江謙一的航海資歷輝煌，他於1962年成為首位駕駛小型帆船，單人無靠港的方式橫越太平洋的日本人，1974年完成日本首次單人方式無靠港環球航海，2022年也完成舊金山至西宮的單人橫越。他笑說「因為挑戰，自己才被活化，什麼都不做就會生鏽，這才有活著的實感」，體能雖自覺「走在路上都會被別人超車」，但超過80歲後更意識到時間有限，挑戰的熱情反而更強。本次使用的新船為「三得利美人魚4號」，由設計前次3號的橫山一郎操刀，全長9.2公尺、重3.1噸，比前船大1.5倍，配備2片太陽能板與柴油引擎，居住性更佳、搖晃更平穩，更適合88歲航行。預計於2027年3月自舊金山遊艇俱樂部出發，同年5月返抵新西宮遊艇港。堀江謙一感慨「沒想過能挑戰到88歲，以前吹牛說要做到100歲，現在稍微接近現實了」，但強調「不想把這次當成最後的航行」，展現持續挑戰的意志。    ,https://news.ltn.com.tw/news/world/breakingnews/5566990
新婚公寓飄屍臭 警破門見「剁指無頭屍」打開冰箱直接看傻,國際,2026/09/08 16:40,印度近日發生一起分屍命案，剛結婚數個月的兇嫌對妻子痛下殺手。（圖擷取自社群平台X）印度阿薩姆邦瓜哈提近日傳出一起駭人的分屍命案，一名年僅25歲的女子，在與丈夫新婚短短幾個月，於週日被發現慘死在共同住處，死者的遺體殘缺不全，頭顱甚至遭砍下並包裹在塑膠袋藏於冰箱內，涉有重嫌的丈夫在神隱數日後最終向警方投案，警方仍在調查涉案男子的動機。據《新德里電視台》報導，死者身分為25歲女子塔魯克達（Riya Talukdar），因為週日（6日）起鄰居察覺公寓周邊開始飄散出令人難以忍受的惡臭，加上這對新婚夫婦已失聯兩天，覺得不太對勁，隨即報警處理。警方到場後破門進入，發現現場畫面怵目驚心，死者遺體已經開始腐爛，多處肢體殘缺，手指遭到剁下，而且頭顱已經不見，警方隨後在屋內展開全面搜查後，最終才在廚房冰箱內的一個塑膠袋尋獲。請繼續往下閱讀...鄰居表示，最後一次見到死者丈夫是在上週五（4日），案發後男子便音訊全無，警方隨即成立專案小組全力追緝，直到週日深夜，涉案男子才自行前往警局投案。當地法院已將涉案男子羈押，警方將死者遺體及頭顱送交法醫進行相驗，並將針對嫌犯供詞進行偵訊，比對現場採集的跡證，對於男子的動機，以及全案是否涉及其他共犯，仍有待進一步調查釐清。    ,https://news.ltn.com.tw/news/world/breakingnews/5566953
公開談話時中國遞紙條質疑南海仲裁  菲國防部長當面回嗆「你真丟臉」,國際,2026/09/08 16:39,"菲律賓國防部長鐵歐多洛8日出席首爾安全對話，在談話時遭到中國代表遞紙條打斷，當場狠嗆「你真丟臉」。（路透資料照）菲律賓國防部長鐵歐多洛（Gilberto Teodoro），今（8日）在南韓出席2026首爾安全對話（SDD），孰料他在發表談話時收到中國代表遞來的紙條，上面質疑2016年南海仲裁案的合法性，讓鐵歐多洛當場以菲律賓語狠嗆「mahiya naman kayo」，亦即要求對方有點羞恥心，類似英語裡的shame on you（你真丟臉）。據《馬尼拉公報》報導，菲律賓在2016年贏得常設仲裁法院的歷史性裁決，使得中國在南海擴張的九段線主張遭到駁回，鐵歐多洛今天在首爾安全對話會議上講話講到一半，遭到身分不明的中國代表遞紙條打斷，上面寫著南海仲裁案是非法的、無效的。請繼續往下閱讀...對此，鐵歐多洛狠嗆中國明明就簽署了《聯合國海洋法公約》，現在卻反過來認為依照公約所做出的裁決不合法。鐵歐多洛說，中方在紙條上寫著南海仲裁沒有任何約束力，在他看來中國就是不想被公約所約束，至於中方指稱不接受南海仲裁，那是因為中國告輸了。接著，鐵歐多洛痛批中國代表的行為，直指當他在多邊論壇發表談話時，中方根本就不應該遞紙條過來，這是最基本的禮貌和尊重，不僅要尊重菲律賓，還要尊重身為東道主的南韓以及其他與會者。鐵歐多洛說，中方的做法不僅是對國際法的不尊重、將《聯合國海洋法公約》踐踏在地，同時也是對南韓、在座各位的不尊重，要求中國好好想想假如是自身遇到同樣情況會如何處理。鐵歐多洛指出，中國需要最基本的禮貌和分寸，用菲律賓語來說就是「maging disente lang kayo nang konti, mahiya naman kayo nang konti（舉止得體一點，有羞恥一點）」，鐵歐多洛說完此話現場旋即響起一片掌聲。    ",https://news.ltn.com.tw/news/world/breakingnews/5567052
中國官媒刊文讚「人民公社」測風向或審查疏漏引揣測,國際,2026/09/08 16:35,北京某間紀念品店內可看到中國國家主席習近平（左）與中共已故領導人毛澤東的肖像（右）。（法新社資料照）中共北京政權一舉一動備受關注，加拿大約克大學副教授沈榮欽今發文指出，雖然中國領導人習近平有意效法毛澤東時代，但過去官方從未出現讚美人民公社的文章，如今卻首度出現。由中共營口市委宣傳部主管、營口新聞傳媒中心主辦的綜合性純文學月刊《遼河》，近期出現于德寬撰寫的「人民公社好」一文，讓不少人大吃一驚，引外界矚目。沈榮欽分析，回顧歷史脈絡，中共當年推動的人民公社體制，是造成「三年大飢荒」的主因之一，曾導致數千萬人不正常死亡，中共歷經狂熱推崇到最終予以否定，被認為已經定性。請繼續往下閱讀...沈榮欽續指，這次官方主管的刊物竟刊登關於讚美人民公社的文章，儘管這篇文章只是刊登在純文學月刊上，但與黨的定性不同步。沈榮欽提到，眾人紛紛爭論這究竟是官媒主編的個人審查疏漏、中宣部試探民意的風向標，還僅僅是退休幹部圈子自辦小報的惡作劇、甚至是網路AI合成，各種說法不一而足。此外，中國入口網站《網易》先前報導該篇文章的新聞，目前已經遭到全面下架，具體原因不明。據了解，文章「人民公社好」作者余德寬介紹提到，擔任黨委宣傳部部長、黨委工作部部長。由中共營口市委宣傳部主管、營口新聞傳媒中心主辦的綜合性純文學月刊《遼河》，近期出現于德寬撰寫的「人民公社好」一文，讓不少人大吃一驚，引外界矚目。（圖擷取自沈榮欽臉書，本報合成）    ,https://news.ltn.com.tw/news/world/breakingnews/5566822
控納坦雅胡早知哈瑪斯襲擊計畫 反對派怒喊下台,國際,2026/09/08 16:25,以色列總理納坦雅胡遭指控，早在哈瑪斯2023年10月7日襲擊以色列前就收到警告。（路透）哈瑪斯2023年10月7日襲擊以色列，殺害1221人和劫持251名人質。以色列反對派領袖8日表示，阿拉伯聯合大公國曾在哈瑪斯發動襲擊前警告以色列總理納坦雅胡，並主張納坦雅胡已不適合繼續擔任總理。根據《法新社》報導，以色列《國土報》引述該報記者即將出版的新書內容報導稱，阿拉伯聯合大公國總統穆罕默德（Sheikh Mohammed bin Zayed Al Nahyan）曾在襲擊發生前約1週半與納坦雅胡通話，並告訴他哈瑪斯正策劃1場大規模行動。請繼續往下閱讀...《國土報》指出，時任哈瑪斯領導人辛瓦爾（Mohammad Sinwar）曾警告1位巴勒斯坦前官員，武裝分子正在準備一場「可怕的行動」。巴勒斯坦前官員將此訊息轉達給了1位阿拉伯聯合大公國酋顧問，顧問又將訊息轉達給穆罕默德，隨後穆罕默德致電納坦雅胡。以色列正直黨（Yashar）領袖、前參謀總長埃森科特（Gadi Eisenkot）指責納坦雅胡長期逃避安全漏洞的責任，並訴諸「可悲」藉口，例如主張襲擊當天早上沒有被及時叫醒。埃森科特在X上說「納坦雅胡收到了關於襲擊的警告，但他置之不理。他並不稱職。」納坦雅胡辦公室聲稱，《國土報》的報導純屬謊言，並否認他當時與穆罕默德有過通話。    ,https://news.ltn.com.tw/news/world/breakingnews/5567027
葉門叛軍襲擊沙國能源設施 逾70人受傷,國際,2026/09/08 16:17,青年運動公布的畫面顯示，沙烏地阿拉伯的運輸卡車遭攻擊爆炸起火。（法新社）沙烏地阿拉伯領導的葉門聯軍表示，沙烏地阿拉伯南部地區能源設施今（8日）遭到葉門叛軍「青年運動」（Houthi）襲擊，超過70人受傷，聯軍將採取措施回擊。《路透》報導，葉門聯軍發言人馬基在X平台發文說，沙烏地阿拉伯南部4個城市遭攻擊，至少73人受傷，「聯軍將採取一切必要的行動措施，威懾這支恐怖主義民兵，堅決對抗其敵對行徑。」請繼續往下閱讀...沙烏地能源部表示，青年運動的空襲造成部分能源設施起火與多人受傷。背後有伊朗撐腰的青年運動，目前控制著葉門人口最多的地區及該國北方大部分區域。自從7月份宣佈對沙烏地阿拉伯實施海上封鎖之後，青年運動也持續對沙烏地阿拉伯發動空襲，襲擊目標甚至包括航經紅海的沙烏地阿拉伯船隻。    ,https://news.ltn.com.tw/news/world/breakingnews/5567028
中國對二氯矽烷祭反傾銷措施 日方強烈抗議,國際,2026/09/08 16:13,日本官房長官木原稔。（資料照，記者林翠儀攝）中國商務部7日暫定認定，日本企業出口至中國的「二氯矽烷」（DCS）存在傾銷，自今天起要求進口商繳納相當於進口價格80.8%至99.2%的高額保證金。日本官房長官木原稔及經濟產業相赤澤亮正今相繼表態，強調將與受影響日本企業密切合作，避免企業營運受到不當影響。日方並針對中國僅以日本為對象的軍民兩用物項出口管制，再度提出強烈抗議並要求撤回。二氯矽烷是半導體製程使用的重要特殊氣體，主要用於在晶圓基板上形成矽薄膜，應用於邏輯、記憶體及類比半導體等產品。中國企業唐山三孚電子材料去年12月，代表中國相關產業申請反傾銷調查，中國商務部今年1月正式立案調查，昨天公布初步裁定，認定日本產品存在傾銷，並祭出反傾銷措施。請繼續往下閱讀...這項認定目前仍屬暫定措施，相關業者可在10天內提出異議。若中國最終認定存在傾銷，未來可能正式課徵反傾銷稅。木原稔上午在記者會表示，政府將與成為調查對象的日本企業保持密切合作，充分掌握情況及影響，他強調，不會讓企業活動受到不當影響，將採取適當因應。赤澤也在內閣會議後記者會表示，將與相關企業合作，妥善處理中國的反傾銷措施。對於中國針對日本實施的軍民兩用物項出口管制，日本也提出更強烈的抗議。木原稔指出，中方「僅以日本為對象」實施軍民兩用物項出口限制，違反出口管制不應針對特定國家或集團的國際慣例，因此日本已向中國「強烈抗議，並要求撤回」。他表示將與7大工業國（G7）等理念相近的國家以及日本企業合作，因應中國的出口管制措施。赤澤也做出相同表態，指出中國僅針對日本採取出口管制措施有違國際慣例，日本政府已提出強烈抗議並要求撤銷。中國近來持續加強對日經貿施壓。產經新聞指出，在高市早苗首相去年於國會就「台灣有事」可能構成日本「存亡危機事態」答詢後，中方陸續採取經濟反制措施。此次對日本半導體材料祭出反傾銷措施，也因時機敏感，被視為中國對日經濟施壓動向的一環。朝日電視台報導，日本業界人士表示，如果中國市場因此實質對日本產品關閉，對希望向中國銷售高品質產品的日本企業而言，衝擊仍然很大，未來企業在中國建立業務時，恐怕也必須把政治風險納入考量。    ,https://news.ltn.com.tw/news/world/breakingnews/5567090
法國雷諾瓦博物館遭闖空門！竊賊竟剪下4幅名畫 3幅帶走估值3.3億元,國際,2026/09/08 16:03,法國南部卡涅濱海的雷諾瓦博物館，位於雷諾瓦晚年居住的科萊特莊園。（圖取自Renoir Museum官網）法國南部蔚藍海岸、尼斯近郊的卡涅濱海（Cagnes-sur-Mer）雷諾瓦博物館（Musée Renoir）8日清晨遭2名竊賊闖入，2人先後取走4幅畫作，遭警方追捕時掉落其中1幅，最後帶走3幅。當地市長辦公室估計，這批遭取走畫作總價值約900萬歐元（約合新台幣3.3億元）。法新社報導，當地市長馬松（Bryan Masson）表示，2名嫌犯闖入博物館後取走4幅畫作，警方發現後展開追捕，2人逃跑時掉落其中1幅，另外3幅被帶走。目前法方尚未公布遭竊畫作名稱。請繼續往下閱讀...路透報導，警方在嫌犯逃逸時發現並追捕2人，最終仍有3幅畫作遭帶走。路透指出，這座博物館收藏13幅雷諾瓦畫作及約40件雕塑、家具與照片，但目前尚未確認被帶走的3幅作品是否全為雷諾瓦創作。法國《巴黎人報》（Le Parisien）報導，博物館警報在當地時間清晨5時48分響起，監視器畫面顯示至少2名嫌犯進入館內，並直接切割畫作後帶走。格拉斯檢方已對這起案件展開調查。法國TF1新聞網（TF1 Info）報導，警方接獲博物館警報後趕往現場，調閱監視器畫面發現2名嫌犯正在切割畫作，至少4幅作品遭取走，作品名稱尚未公布。法國地方媒體《Nice Mag》報導，2名嫌犯疑似先破壞博物館周邊設施後進入，警方在接獲警報約5分鐘後趕抵，但2人已逃離現場，其中1幅遭竊畫作在逃跑路線上被丟下。雷諾瓦博物館位於卡涅濱海的科萊特莊園（Domaine des Collettes），是法國印象派大師雷諾瓦（Pierre-Auguste Renoir）晚年居住的宅邸，博物館於1960年開館。館內目前收藏13幅雷諾瓦畫作，以及約40件雕塑、家具與照片。雷諾瓦博物館館內展示多幅畫作與雕塑，收藏包括雷諾瓦原作、家具及畫室相關物件。（圖取自Cannes City Life官網）    ,https://news.ltn.com.tw/news/world/breakingnews/5567024
來台狂嗑水果！SJ始源發文「呼叫農會」 粉絲嗨翻︰超適合代言,國際,2026/09/08 15:59,SJ始源今（8）日發文曬出數張與台灣水果的合照，還在貼文中隔空呼喚台灣農會。（圖擷取自@siwonchoi Threads，本報合成）韓流帝王「Super Junior」成員崔始源目前長居台灣拍戲，除了工作、出席活動，也熱衷在社群更新在台生活。今（8）日一早，始源曬出數張手捧不同台灣水果的照片，以及附上1張滿滿愛心的迷因哏圖，來表達自己對台灣水果濃烈的愛意，還在文中隔空呼喚台灣農會，疑似想當代言人的暗示，逗樂大批網友。據了解，始源今年7月開通社群平台Threads帳號後，多次曬出自己大啖芒果、百香果、情人果等台灣水果的照片。今日上午，始源分享6張他手捧龍眼、火龍果、迷你西瓜等台灣水果的合照，並附上1張貓咪大叫發送火熱愛心的迷因圖，更在配文以韓文、正體中文打趣說︰「這種程度，我覺得農會應該會聯絡我了。」請繼續往下閱讀...該文一出，迅速吸引近90萬人朝聖，眾人紛紛留言笑說，「自己上門的代言人欸 」、「農會買農產品會送小卡嗎」、「留友看崔始源連農會都入侵」、「水果月曆要不要進化成水果美男月曆」、「你是不是打算跟我們翁章梁競爭嘉義縣長！？」、「小知識，迷你西瓜是由『台灣農友種苗公司』耗時6年育種而成」、「全台灣農會的小編快來這裡，這個人是認真的，他可是崔財神爺始源」。被始源cue的台灣農會，官方Threads帳號「農會趴趴灶」小編也現身留言區回覆說︰「收到哩，我來去問問老闆」，這段回覆不只嗨翻粉絲，也釣出全台各縣市農會、地方果農熱烈迴響，期待台灣水果有機會和國際巨星正式合作。     在 Threads 查看     在 Threads 查看     在 Threads 查看    ,https://news.ltn.com.tw/news/world/breakingnews/5567006
JR東日本西瓜卡企鵝吉祥物繼承者投票開始 網：還我企鵝,國際,2026/09/08 15:53,"3位西瓜卡吉祥物候補者。（截圖取自西瓜卡新角色票選網站）陪伴大家多年的JR東日本Suica企鵝即將於2026財年（2027年3月31日）下課，新任吉祥物於今（8日）由JR東日本在社群平台「X」放投票連結供大家票選，但留言區一片「不捨企鵝」，紛紛留言「D企鵝」、「燕九郎（日本職棒養樂多隊吉祥物）」、「由企鵝繼續擔任」。JR東日本在社群平台「X」發文表示，自 Suica推出以來一直擔任形象角色「Suica 企鵝」將於2027年3月31日畢業，同年4月1日起將啟用新的形象角色。因此，新形象角色的投票已於今天（8日）下午3點正式開始。得票最多的候選人將成為新的形象角色，並於11月18日Suica推出週年紀念日當天公佈。請繼續往下閱讀...日旅達人林氏璧發文吐槽「我說真的，我借你們用好不好」。網友似乎也對3位有希望繼任的吉祥物都不買帳，「這3個都是近年恐怖遊戲會出來追你的」、「這是在選糖豆人遊戲角色嗎」、「這3個後輩都比不上企鵝啊」、「這是辦給社員自由參加的吉祥物繪圖比賽嗎⋯」、「企鵝可愛多了」、「它們一點都不可愛，請把企鵝還給我們」、「我很好奇為什麼它們都給人一種不可信賴的感覺」。／Suicaの新たなイメージキャラクターの選考投票をスタートします????＼Suica導入時からイメージキャラクターを担ってきた「Suicaのペンギン」は、2027年3月31日に卒業し、同年4月1日から新たなイメージキャラクターにバトンタッチします????… pic.twitter.com/BWlctS0D1V— JR 東日本ニュースリリース【公式】 （@JREast_News） September 8, 2026 ／Suicaの新たなイメージキャラクターの選考投票をスタートします????＼Suica導入時からイメージキャラクターを担ってきた「Suicaのペンギン」は、2027年3月31日に卒業し、同年4月1日から新たなイメージキャラクターにバトンタッチします????… pic.twitter.com/BWlctS0D1V    ",https://news.ltn.com.tw/news/world/breakingnews/5566993
科羅旺與鋒面共伴畫面曝！氣象廳示警東京今晚起雨彈炸,國際,2026/09/08 15:49,熱帶低壓科羅旺與滯留鋒面結合，正在影響日本。（圖擷自臉書「台灣颱風論壇｜天氣特急」）科羅旺颱風減弱為熱帶低壓後，與滯留鋒面結合，日本氣象廳示警，東京和關東甲信地區可能形成線狀雨帶，強降雨災害風險迅速增加。天氣粉專「台灣颱風論壇｜天氣特急﻿」PO出雲圖指出，熱帶低壓科羅旺與滯留鋒面結合請繼續往下閱讀...正在影響日本，只見低壓本體在九州東南方，與鋒面形成共伴效應，大批雲系向北延伸，包含四國、本州南部都被覆蓋。日本氣象廳已針對包括東京、神奈川等關東南部地區示警，今（8日）傍晚開始至明（9日）晨將出現大雨，部分地區可能伴隨雷電，降下非常猛烈的雨勢。呼籲民眾今晚最好提早回家。日前遭到暴雨重創的千葉市，也預計明晨會出現猛烈降雨，雖然降雨範圍較為狹窄，但呈現線狀分布的降雨區移動速度緩慢，可能出現到處都發生淹水的程度的豪雨。    ,https://news.ltn.com.tw/news/world/breakingnews/5566844
陰莖增大術後猝死！ 43歲網紅葬進2360萬「黃金棺材」,國際,2026/09/08 15:32,"英國籍、尼日利亞裔富豪網紅烏比里博生前曾在泳池旁拍照，右圖為他下葬時使用的黃金棺材，據報價值逾新台幣2360萬元。（圖擷取自IG /@complex）英國與奈及利亞籍網紅烏比里博（Igho ""Tiny"" Ubiribo）今年3月赴泰國接受陰莖增大注射後死亡，英國驗屍程序近日確認，他是因注射填充物引發肺栓塞身亡。這名43歲男子下葬時，家屬再砸下逾74.5萬美元（約新台幣2360萬元），打造1具黃金棺材。美國娛樂新聞網站《TMZ》報導，烏比里博今年3月5日在泰國曼谷接受陰莖增大填充注射，之後與妻子前往按摩，期間2度出現胸痛並昏厥。送醫後，他在接受電腦斷層檢查前失去意識，醫護人員持續急救超過100分鐘，仍於隔日凌晨宣告不治。請繼續往下閱讀...烏比里博接受的療程注入約40毫升玻尿酸與麻醉藥利多卡因（Lidocaine）。英國驗屍結果顯示，他的肺部發現與注射填充物相符的物質，倫敦驗屍官最終判定，陰莖填充療程引發致命肺栓塞。英國《獨立報》相關報導指出，烏比里博死後在倫敦下葬，使用1具價值超過74.5萬美元的黃金棺材，費用遠高於一般棺木價格，也與他生前以奢華生活方式打造的網路形象相呼應。烏比里博在Instagram擁有約18.5萬名追蹤者，平時經常分享豪宅、旅遊與奢華生活。美國《紐約郵報》報導，他在洛杉磯及倫敦都擁有房產，2022年也曾與妻子舉辦豪華婚禮。此次死亡調查直到9月才讓完整經過受到關注。倫敦驗屍官Jean Harkin在9月5日作出死因裁定，確認陰莖填充程序與致命肺栓塞有關；烏比里博在曼谷接受療程後出現胸痛及昏厥，最後在醫院不治。目前相關醫療院所名稱並未公開，完整驗屍報告也尚未對外公布。    ",https://news.ltn.com.tw/news/world/breakingnews/5566982
川普將冰島「蓋上星條旗」 冰島怒召美國大使抗議,國際,2026/09/08 15:25,美國總統川普7日在社群媒體上發布「美國」地圖，圖中加拿大、格陵蘭、冰島、古巴及部分中美洲、加勒比海地區都被美國國旗覆蓋。（擷自Truth Social）美國總統川普7日在社群媒體上發布「美國」地圖，圖中冰島和其他國家都被美國國旗覆蓋。對此感到不滿的冰島，召見美國大使表達抗議。根據《路透》報導，川普在「真實社群」（Truth Social）上發布的圖片顯示，加拿大、格陵蘭、冰島、古巴及部分中美洲、加勒比海地區都被美國國旗覆蓋。川普僅是發表圖片，未針對「美國」地圖進行解釋。請繼續往下閱讀...冰島外交部長古納斯多蒂爾（Thorgerdur Katrin Gunnarsdottir）召見了美國駐冰島大使比利．朗（Billy Long）。該外交部告訴冰島國家廣播公司（RUV）「我們已明確表示，這張圖片完全不合適。」目前美國國務院和美國駐雷克雅維克（Reykjavík）大使館未回覆《路透》置評請求。冰島外交部也未回覆《路透》置評要求。這並非川普首次發表「美國」地圖。川普5月12日也在「真實社群」（Truth Social）上發布1張地圖，圖中委內瑞拉被畫成美國國旗的模樣，並標註了「第51個州」。另外川普近日也下令將美國與加拿大之間的安大略湖（Lake Ontario）改稱美國湖（Lake America），目前Google地圖已將該湖向美國使用者顯示的名稱改為美國湖。    ,https://news.ltn.com.tw/news/world/breakingnews/5566944
好噁！香港外帶自取餐點驚見「活生生幼鼠」掙扎,國際,2026/09/08 15:21,"香港葵涌區外帶自取沙嗲牛肉米粉，在餐碗裡驚見剛出生的幼鼠不斷掙扎。（圖擷自「@talking_plastic」X帳號）吃飯別看！在香港葵涌區房地產公司上班的沈姓女子，7日中午到葵涌華星工業大廈餐廳「華姐冰室」外帶自取沙嗲牛肉米粉，回到辦公室打開後驚見裡面有隻剛出生的幼鼠不斷掙扎，在網路上掀起熱議。綜合港媒報導，沈女透露，她一打開餐碗的蓋子就看到有東西在動，嚇得趕緊把蓋子蓋回去，其他女同事見狀也驚呼連連，她們除了拍影片取證之外，也立即通知食物環境衞生署，由署方人員上門收走。請繼續往下閱讀...香港食環署證實，當局7日接獲投訴後隨即派人處理，除了取得裝有幼鼠的餐點之外，也前往「華姐冰室」檢查，發現該餐廳部分地方衛生情況欠佳，已要求業者改善。香港食環署強調，有關餐點製作、包裝、存放及交付過程仍在調查中，在釐清所有問題之前，不宜隨意猜測幼鼠是怎麼進入餐碗內的，署方曾商請沈女提供進一步資料、做筆錄，但對方暫時沒有同意。「華姐冰室」吳姓女職員接受採訪時，坦言自己看到影片後也嚇壞了，她透露餐廳已開業1年多，每個員工都有接受培訓，相當注重衛生，但餐廳內的監視器全數損壞，沒能拍到是否有人惡作劇放入幼鼠，「華姐冰室」在出事後今（8日）停業進行清潔。相關影片請見︰【葵涌外賣附送老鼠BB 四肢擺動】 今（7日）日網上瘋傳一條片段，一碗沙嗲牛肉米粉外賣竟附送一隻老鼠BB，牠還活生生，手腳在擺動，浸在沙嗲汁，令人嘔心。據了解，該外賣來自葵涌某工業大廈，有關食客已向食環署投訴。… pic.twitter.com/WY8tph9clY— 講膠所Talking Plastic （@talking_plastic） September 7, 2026 【葵涌外賣附送老鼠BB 四肢擺動】 今（7日）日網上瘋傳一條片段，一碗沙嗲牛肉米粉外賣竟附送一隻老鼠BB，牠還活生生，手腳在擺動，浸在沙嗲汁，令人嘔心。據了解，該外賣來自葵涌某工業大廈，有關食客已向食環署投訴。… pic.twitter.com/WY8tph9clY    ",https://news.ltn.com.tw/news/world/breakingnews/5566949
南韓最大醫美預約平台近22萬人個資外洩！ 台灣4千人受害,國際,2026/09/08 14:23,南韓最大醫美預約平台歐尼Unni（강남언니）近22萬名國內外用戶個資外洩，其中包括4218名台灣人。（圖擷自歐尼Unni官網）南韓最大醫美預約平台「歐尼Unni（강남언니）」營運商Healing Paper（힐링페이퍼）7日表示，平台資料4日遭到未授權存取，導致將近22萬名國內外用戶個資外洩，其中包括4218名台灣人。據韓媒《中央日報》報導，Healing Paper指出，一共有21萬9665名用戶個資洩露，分別為南韓約16萬人、日本4.8萬人、台灣4218人、泰國1591人、中國481人，英語系國家和其他國籍共5308人。請繼續往下閱讀...Healing Paper表示，外洩個資包括姓名、電話、電郵、出生日期、性別、居住國家或地區、社交帳號、動了什麼手術、支付訊息、諮詢項目、用戶諮詢時提供的照片。Healing Paper強調，公司已逐一通知受影響的客戶，30天內可登歐尼Unni平台查看自己有哪些個資外洩，並且呼籲用戶警惕那些冒充歐尼Unni或醫美診所發送的簡訊、電話、電郵，以免遭到取得個資的不法人士詐騙。    ,https://news.ltn.com.tw/news/world/breakingnews/5566895
川普秀「大美國」地圖！ 加拿大、墨西哥、格陵蘭全被星條旗蓋住,國際,2026/09/08 14:19,普7日發布一幅修改版北美洲地圖，星條旗除覆蓋美國本土外，更延伸至加拿大、墨西哥、格陵蘭、冰島、古巴、部分中美洲國家及加勒比海島嶼。（圖取自川普Truth Social）美國總統川普7日在社群平台「Truth Social」發布一張「大美國」地圖，圖中美國國旗不只覆蓋美國本土，還延伸到加拿大、墨西哥、格陵蘭、冰島、古巴及部分中美洲、加勒比海地區，大片鄰近美國的土地都被畫進星條旗下。川普發布這張地圖時沒有附上文字，也沒有說明圖片代表何種政策構想。圖中央僅標示「United States of America」，因此目前無法據此認定川普提出新的領土政策。請繼續往下閱讀...《路透》7日報導，川普近期持續在社群平台發布修改版美國地圖，包括把新墨西哥州標示為「New America」。川普也曾提出加拿大成為美國一州、取得格陵蘭等主張。路透指出，美國聯邦政府並沒有單方面更改新墨西哥州名稱的權力。此次地圖除了加拿大、墨西哥與格陵蘭，還把冰島、古巴及部分加勒比海島嶼納入美國國旗覆蓋範圍。與川普日前只修改新墨西哥州名稱相比，這次圖片涵蓋的地理範圍明顯更大。領土野心早有前例川普過去曾推動把「墨西哥灣」改稱「美國灣」，也持續主張美國應取得格陵蘭。美聯社7日報導，歐盟近日宣布將投入2億歐元協助格陵蘭發展，並強調格陵蘭的領土完整與主權，正值川普持續提出控制格陵蘭的主張之際。墨西哥總統薛恩鮑姆（Claudia Sheinbaum）7日在社群平台回應，重申墨西哥是自由、獨立且擁有主權的國家，不會成為任何外國的殖民地或保護國。她的表態並未直接說明是否針對川普這張地圖，但發布時間與地圖流傳幾乎前後相接。目前川普並未對這張「大美國」地圖提出進一步文字說明，也沒有搭配行政命令或正式政策文件。    ,https://news.ltn.com.tw/news/world/breakingnews/5566855
詭！日本山形6歲男童「在家離奇失蹤」 逾150人展開搜索,國際,2026/09/08 13:48,"與家人一起住在日本山形縣酒田市的6歲男童高橋優斗，本月5日在家離奇失蹤，自此下落不明。（圖擷取自YouTube）日本山形縣酒田市發生一起兒童失蹤案，就讀特殊教育學校的6歲男童高橋優斗，自本月5日起下落不明，警方為此動員約150人展開搜索。家屬表示，最後一次看到高橋優斗是住家客廳，警方循線追查，鄰居透露曾看到疑似高橋優斗的男童進入公園，由於目擊地點鄰近2條河流，讓外界擔憂不已。綜合日媒報導，5日上午8點左右，高橋優斗的父親出門上班前，親眼看見兒子坐在家中一樓客廳；上午9點20分，祖母、母親發現他不在家裡，2人搜尋未果，緊急通報警方求助。據警方調查，同日上午9點左右，有民眾在距離高橋家約700公尺的東泉町6丁目公園，看到一名外貌疑似失蹤男童，此後便再也沒有相關目擊情報。請繼續往下閱讀...報導指出，高橋優斗並非首度失蹤，他曾在2024年7月獨自失去蹤影，當時就是在該處公園被尋獲。家屬表示，平時未給男童攜帶手機、GPS等可供聯繫或定位的設備，並且他不太能與他人流暢對話，失蹤當天穿一件有蜘蛛人圖案的連身衣、沒有穿鞋，身高約120公分；警方呼籲，若有民眾有任何男童線索，請立即告知警方。【山形で6歳が行方不明 情報求める】https://t.co/INmvgFlqXH— Yahoo!ニュース （@YahooNewsTopics） September 7, 2026 【山形で6歳が行方不明 情報求める】https://t.co/INmvgFlqXH【捜索続く】山形・酒田市で6歳男児が行方不明、最後に目撃された公園近くで検問https://t.co/OLlaIIujJ5男児は5日朝に自分で玄関のカギを開けて家の外に出たとみられている。警察は検問のほか、捜索の人員を増員し、公園の北側にある川が交差する地点を中心に念入りに確認した。 pic.twitter.com/amZws9kRC2— ライブドアニュース （@livedoornews） September 8, 2026 【捜索続く】山形・酒田市で6歳男児が行方不明、最後に目撃された公園近くで検問https://t.co/OLlaIIujJ5男児は5日朝に自分で玄関のカギを開けて家の外に出たとみられている。警察は検問のほか、捜索の人員を増員し、公園の北側にある川が交差する地点を中心に念入りに確認した。 pic.twitter.com/amZws9kRC2    ",https://news.ltn.com.tw/news/world/breakingnews/5566762
俄羅斯雕像狠砸日本國徽 高市早苗嚴正抗議要求撤除,國際,2026/09/08 13:45,"俄羅斯哈巴羅夫斯克雕像呈現出蘇聯士兵摧毀刻有菊花紋章的日本國境標石，日相高市早苗對此抗議要求撤除。（圖擷自「@tamasyy」X帳號）俄羅斯遠東城市哈巴羅夫斯克4日樹立起1座雕像，呈現出蘇聯士兵摧毀刻有菊花紋章的日本國境標石，紀念蘇聯在第二次世界大戰中戰勝日方，但菊花紋章是日本天皇的象徵．因此日相高市早苗對此嚴正抗議，要求俄方撤除雕像。高市早苗在X以日文、俄文PO出雙語聲明，她表示哈巴羅夫斯克舉行對日戰勝紀念銅像揭幕儀式，但蘇聯士兵雕像卻呈現出破壞菊花紋章標石的樣子，由於菊花是日本的象徵，因此這座雕像是完全不可接受的。請繼續往下閱讀...高市早苗說，這是和日本民眾情感相關的問題，日方政府已強烈要求俄羅斯撤掉紀念雕像。據了解，日本並沒有規定正式的國徽形式，但由於日本天皇家徽為「十六八重表菊紋」，因此通常會將菊花紋章視為國徽。9月4日、ロシア・ハバロフスク市内において、菊花紋章が型取られた標石をソ連兵が破壊する様子を表現した対日戦勝記念碑の銅像の除幕式が開催されました。特に、菊花紋章は日本を象徴する紋章として広く認識されており、その破壊を表現する記念碑を設置することは全く受け入れられません。…— 高市早苗 （@takaichi_sanae） September 5, 2026 9月4日、ロシア・ハバロフスク市内において、菊花紋章が型取られた標石をソ連兵が破壊する様子を表現した対日戦勝記念碑の銅像の除幕式が開催されました。特に、菊花紋章は日本を象徴する紋章として広く認識されており、その破壊を表現する記念碑を設置することは全く受け入れられません。…    ",https://news.ltn.com.tw/news/world/breakingnews/5566789
中國「霸王茶姬」限時限店開賣茶葉蛋 網友自嘲吃不起,國際,2026/09/08 13:03,中國連鎖手搖飲「霸王茶姬」限時限店開賣茶葉蛋，中國網友紛紛自嘲太貴了吃不起。（圖擷自霸王茶姬官網）中國連鎖手搖飲品牌「霸王茶姬」，宣布9月7日至21日在上海7間門市開賣茶葉蛋，但並非直接販賣，消費者買1杯飲料即可加價2.5人民幣（約新台幣11.79元）買到原價5人民幣（約新台幣23.57元）的茶葉蛋，讓中國網友紛紛自嘲太貴了吃不起。從霸王茶姬的公告可以看到，「白霧紅塵茶葉蛋」沒有單獨販售，顧客購買任何1杯飲品多付2.5人民幣就可以買1個，而且單筆訂單限制加購1次，或者是每天上午10時30分之前，購買指定早餐飲品搭配茶葉蛋套餐可享8折優惠。請繼續往下閱讀...中國網友得知售價後議論紛紛，有人直指「價格偏貴了，我們這邊1.5人民幣1顆」，不少網友也自嘲地笑稱台灣人果然沒說錯，中國人連茶葉蛋都吃不起了，並且加上摀臉哭笑不得的表情符號，雖然是在打趣但也側面反映出這款茶葉蛋偏貴的情況。    ,https://news.ltn.com.tw/news/world/breakingnews/5566728
抗川普吞併格陵蘭企圖 歐盟砸73億深化合作,國際,2026/09/08 12:42,歐盟執委會主席馮德萊恩7日在訪問格陵蘭期間宣布1項2億歐元的投資計畫。（歐新社）美國總統川普曾多次宣稱要吞併礦產資源豐富的格陵蘭，引發歐洲國家的警惕。歐盟執委會主席馮德萊恩（Ursula von der Leyen）7日在訪問格陵蘭期間宣布1項2億歐元（約台幣73.6億元）的投資計畫，並表態支持格陵蘭的領土完整。根據《歐洲新聞網》報導，馮德萊恩7日表示，歐盟將在未來2年內向格陵蘭追加2億歐元投資，以深化經濟聯繫並開採原材料。她說「我們知道，北極已成為地緣政治板塊碰撞的地區之一，因此我們與這裡發生的一切都息息相關。」請繼續往下閱讀...這項2億歐元的投資計畫將涵蓋三大關鍵領域。第一個領域是數位連接，包括海底電纜和衛星基礎設施。第二個領域是清潔能源，將特別專注於水力發電。第三個領域是關鍵原材料的可持續開採。馮德萊恩還強調歐洲在「巨大壓力」下對格陵蘭的支持，但未直接點名川普。她稱「歐盟與丹麥及格陵蘭人民完全團結一致。我們想再次明確重申，格陵蘭的未來應由格陵蘭人民和丹麥人民決定。任何人都無權干涉。」格陵蘭總理尼爾森（Jens-Frederik Nielsen）和丹麥總理佛瑞德里克森（Mette Frederiksen）都發言感謝馮德萊恩的演說。尼爾森稱歐盟與格陵蘭需要彼此，佛瑞德里克森則說，馮德萊恩過去幾年來的立場一直非常明確，而丹麥現在仍需要這樣的支持。    ,https://news.ltn.com.tw/news/world/breakingnews/5566696
扯！中國網紅聲稱捐給廣西洪災100萬人民幣 實際只有1元,國際,2026/09/08 12:09,中國網紅宣稱捐給廣西洪災區100萬人民幣，實際上為1元人民幣。（圖擷自搜狐網）離譜！中國廣西壯族自治區7月遭到颱風梅莎肆虐引發洪災，當地至少有159人罹難、10人失蹤，小紅書網紅「安瀾」PO出捐贈給廣西紅十字會100萬人民幣（約新台幣471萬元）的匯款截圖．但該機構確認只有1元人民幣（約新台幣4.71元）。綜合中媒報導，廣西發生洪災後，有不少中國網友PO出捐款證明傳遞善意，但也有人打起吸引關注的歪腦筋，先前已有抖音用戶「秋葉白」謊稱捐款10萬人民幣（約新台幣47.1萬元），沒想到小紅書網紅「安瀾」又加碼造假。請繼續往下閱讀...從「安瀾」帳號置頂圖片可以看到，他在7月17日晚間6時48分匯款給廣西壯族自治區紅十字會100萬人民幣，上面還有中國銀行電子單專用章，粉絲接著就迅速漲到3.1萬人。廣西紅十字會工作人員收到媒體詢問後，確認當天沒有這筆鉅額款項，依照姓名查到對方匯的是1元人民幣，但和「安瀾」所PO出的帳戶尾號不符，因此實際有沒有捐1元還是疑問，小紅書目前已將「安瀾」禁言並撤掉相關PO文。    ,https://news.ltn.com.tw/news/world/breakingnews/5566646
川普曬太空軍制服設計！ 網友傻眼：根本《星際大戰》帝國軍,國際,2026/09/08 11:47,美國總統川普在社交平台公布美國太空軍新一代制服設計，灰黑色制服搭配高領與軍帽，整體造型帶有濃厚科幻風格；川普表示，設計靈感來自電影《星艦戰將》。（圖擷取自川普Truth Social帳號）美國總統川普日前在社群平台發布1套美國太空軍（Space Force）新制服設計圖，灰黑色調、高領上衣搭配黑色長靴，整體造型充滿科幻感。川普並表示，這套設計受到1997年科幻電影《星艦戰將》（Starship Troopers）啟發，不過圖片曝光後，網友很快將它與《星際大戰》（Star Wars）的銀河帝國軍服聯想在一起。美國《富比世》（Forbes）報導，川普第1任期簽署成立太空軍後，這支美軍新軍種的標誌與視覺設計便不時成為流行文化討論對象。太空軍官方徽章過去就曾因外型類似《星艦戰將》中的「星際艦隊」（Starfleet）標誌而受到調侃。請繼續往下閱讀...川普這次公開的設計圖附有說明，稱服裝受到《星艦戰將》制服「紀律與機能性」啟發，是針對太空領域守護者所做的現代化設計。圖中制服採深灰、黑色與銀灰色搭配，並配有高筒黑靴，整體風格與傳統美軍制服明顯不同。1套制服惹出大爭議爭議很快從造型本身延伸到《星艦戰將》的政治寓意。這部由荷蘭導演保羅．范赫文（Paul Verhoeven）執導的電影，描寫人類與外星生物交戰的未來世界，作品本身帶有明顯的政治諷刺色彩。片中的軍事制服與視覺設計，也被認為刻意借鑑法西斯與納粹時期的美學元素。因此，川普公開制服並點名《星艦戰將》作為靈感來源後，部分網友與評論者便將這套黑色制服比作《星際大戰》中的銀河帝國軍官，甚至聯想到納粹制服。保守派評論家戈德伯格（Jonah Goldberg）也在社群平台質疑，這項設計是否真正理解《星艦戰將》的諷刺意味。目前白宮與美國太空軍都沒有公開說明這套設計是否會成為正式制服。美國太空軍近來正在推行新的正式制服系統，川普此次公開的設計是否屬於正式換裝方案，目前也沒有進一步說明。    ,https://news.ltn.com.tw/news/world/breakingnews/5566631
大韓航空將52名國際線旅客載到國內線航廈 4人未檢查就入境,國際,2026/09/08 11:33,大韓航空接駁車把52名國際線旅客載到國內線航廈，使得4人沒經過海關檢查就入境。大韓航空客機示意圖。（美聯社）大韓航空6月7日從日本東京羽田機場飛抵首爾金浦機場KE2106航班，有52名旅客被接駁車錯誤載到國內線航廈，使得4人沒經過海關檢查就入境，南韓國土交通部如今宣布對大韓航空開罰1000萬韓元（約新台幣23.5萬元）。據《韓聯社》報導，大韓航空當時有好幾輛接駁巴士將旅客送往國際線航廈準備通關，但其中1輛把人載到了國內線航廈，車上的52人毫不知情，下車後和其他國內線遊客混在一起進入裡面，其中4人沒有接受任何檢查就離開機場。請繼續往下閱讀...大韓航空表示，當時是1名地勤接駁車司機開錯了路線，公司得知此事連忙通知機場並啟動SOP，那4名旅客後來被叫回機場重新辦理入境手續，之後將會檢討並改進相關措施，避免類似情況再度發生。    ,https://news.ltn.com.tw/news/world/breakingnews/5566610
美國禁運重創古巴 1年損失逾2534億創新高,國際,2026/09/08 11:16,古巴公布的政府報告顯示，美國對古巴的禁運在去年3月至今年2月期間給古巴造成超過80億美元的損失。圖為古巴總統狄亞士-卡奈。（法新社）古巴自1962年以來一直處於美國的貿易禁運之下。古巴7日公布的政府報告顯示，美國對古巴的禁運在去年3月至今年2月期間給古巴造成超過80億美元（約台幣2534億元）的「創紀錄」損失。根據《法新社》報導，古巴外交部長羅德里格斯（Bruno Rodriguez）表示，此數字比去年創下的高峰還要高出7%。他補充，此數字不包括美國1月實施的能源封鎖造成的損失，也不包括5月對古巴實體實施的二級制裁造成的損失。請繼續往下閱讀...羅德里格斯強調，美國的封鎖懲罰不單是針對古巴政府，而是從各個層面上懲罰古巴人民的日常生活。目前古巴生活條件十分惡劣，居民每天都要忍受頻繁的輪流停電以及長期的食品及燃料短缺。羅德里格斯指出，古巴嬰兒死亡率也有上升，表明生活水平惡化。他說嬰兒死亡率從2018年每1000名新生兒中有4人死亡，上升至2025年每1000名新生兒中有9.9人死亡。羅德里格斯強調，古巴仍與美國國務院保持聯繫，但排除兩國關係正常化的可能性。他聲稱即使美國缺乏對話意願，古巴仍願意繼續進行對話。    ,https://news.ltn.com.tw/news/world/breakingnews/5566583
「濟公」也躲不過三寶！徒步直播慘遭電動車撞飛 淒厲慘叫全都錄,國際,2026/09/08 11:14,"中國直播主「湛江濟公」挑戰徒步行走時，被後方的電動車女駕駛撞飛翻車。（本報合成，擷取自微博）中國一名自稱「湛江濟公」的直播主日前推著推車進行徒步挑戰，在馬路邊走邊開直播與線上觀眾互動時，後方一輛電動機車竟毫無減速直直撞上，伴隨慘叫聲直播畫面瞬間天旋地轉中斷。事發直播影片顯示，該名直播主身穿濟公服飾、推著改裝手推車行走在道路邊緣，雙眼緊盯螢幕與網友熱絡互動。此時後方一名女子正騎乘電動機車，疑似邊騎車邊滑手機分心，完全沒注意前方路況，竟筆直朝直播主後方猛烈衝撞。請繼續往下閱讀...「湛江濟公」當場發出淒厲慘叫倒地，手機鏡頭隨之劇烈翻轉斷訊，驚悚瞬間全被線上粉絲同步直擊，甚至一度傳出他不幸身亡的噩耗。面對外界沸沸揚揚的死訊傳聞，「湛江濟公」近日親自上線發聲破除謠言，表示事發後肇事駕駛已立即陪同他就醫檢查，目前傷勢無大礙，雙方也已順利達成和解。不過這場意外仍讓大批網友怒斥荒唐，直言「一個走路滑手機、一個騎車不看路，兩個都是三寶」、「直直撞上去根本是蓄意謀殺」、「這騎電動車的有問題吧？這麼大個人沒看到直直撞過來？」、「就算騎車玩手機不看路，但這男的如果沒有在馬路上直播，就不會發生這件事」。死神來了 pic.twitter.com/jvCra3Zh1z— The power of reticence沈默的力量 （@2mmbPkM00IJwIUV） September 4, 2026 死神來了 pic.twitter.com/jvCra3Zh1z    ",https://news.ltn.com.tw/news/world/breakingnews/5566531
自由說新聞》俄整年戰果歸零？普廷「勝利妄想」遭前線烏軍親揭戰況打臉！,國際,2026/09/08 11:03,全新的視界！新聞話題不漏接，快訂閱YouTube 【自由追新聞】，記得開啟小鈴鐺哦！    ,https://news.ltn.com.tw/news/world/breakingnews/5566606
向死神搶人！南韓99歲人瑞主動脈剝離緊急開刀 在院內歡度百歲大壽,國際,2026/09/08 10:58,南韓99歲人瑞主動脈剝離緊急開刀．在首爾峨山醫院迎來百歲大壽。（圖擷自首爾峨山醫院官網）真的是在死神手上搶人！1926年8月5日出生於江原道的南韓李姓人瑞，退休後與兒子、媳婦住在首爾，6月28日晚間因身體極度不適前往首爾峨山醫院就醫，院方檢查出主動脈剝離後緊急開刀．讓李姓人瑞在院內平安迎來百歲大壽，他也成為南韓接受主動脈剝離手術治療最高齡的患者。據《韓聯社》報導，李姓老者平常身體相當硬朗，能夠自行活動且食慾正常，孰料當晚突然出現意識不清、嘔吐等症狀，前往峨山醫院急診室接受檢查，醫護透過胸部電腦斷層掃描（CT）赫然發現李姓人瑞主動脈剝離，旋即準備動手術搶救。請繼續往下閱讀...峨山醫院指出，主動脈剝離是相當致命的疾病，每過1個小時死亡率就增加1％，而且李姓患者是在靠近心臟的位置發生剝離，病情無疑更加危險，由於他年事已高使得手術成功率僅有30％到40％，但假如不開刀的話最多只能再撐1週左右。峨山醫院在經過家屬同意後，於6月29日凌晨2時許由胸腔外科醫師具敏貞（구민정，音譯）率領團隊進行主動脈置換手術，以人工血管取代剝離的主動脈，經過5個多小時後完成開刀，將李姓人瑞轉移到加護病房觀察。雖然李姓老者中間出現幾次危急情況，所幸還是撐了下去，過1個月後就轉到普通病房，8月5日在醫師具敏貞、醫護團隊和家屬的陪伴下度過百歲大壽，他笑稱這是自己人生第1次在醫院過生日，真的很感謝醫生的幫忙。    ,https://news.ltn.com.tw/news/world/breakingnews/5566544
黃金獵犬搭機竟成冰冷遺體......大韓航空回應了,國際,2026/09/08 10:43,針對黃金獵犬「Bubble」搭機期間喪命的爭議，大韓航空7日發表聲明回應。（本報合成，擷取自@jenn_jwww/Threads、大韓航空IG）大韓航空近日爆發寵物託運致死爭議，一名中國籍女飼主帶著黃金獵犬「Bubble」搭機前往南韓首爾，班機降落仁川機場後，愛犬離奇失聯近2小時後，迎來的竟是牠冰冷遺體。飼主痛訴航空公司消極應對且拒絕提供監視器畫面，大韓航空則發表聲明表示，同班機託運的其他寵物均平安抵達無任何異狀；目前該犬隻確切死因及責任歸屬仍有待進一步釐清。該名飼主4日在Threads、小紅書等社群平台發文控訴，她花費近4000美元（約新台幣12.6萬元）購買商務艙機票，並支付300美元（約新台幣9500元）的寵物託運費，帶著陪伴5年的情緒支援犬「Bubble」，從中國廣州出發經首爾轉機前往洛杉磯，第一段短程因體型限制暫時安置於貨艙，預計第二段長程航線再一同進客艙。請繼續往下閱讀...班機降落後，她在行李提領區苦等將近2個小時卻遲遲見不到愛犬，最後等到的卻是已被壓在夾板底座下的冰冷遺體。心碎的飼主強烈質疑航空公司在抵達後的黃金2小時內處理消極，且事後拒絕提供地勤作業現場監視器影像與交接紀錄，遲遲未給出合理說明，引來大量網友湧入大韓航空官方社群洗版撻伐。面對輿論延燒，大韓航空昨（7）日發布官方聲明回應，指出該航班KE868在抵達仁川並開啟貨艙門時，地勤人員便發現該犬隻在託運箱內已無生命跡象。大韓航空強調，經內部系統查核，飛行期間所有攸關活體動物運輸的貨艙溫控、氣壓等環境控制設備皆運作正常，同班機託運的其他寵物均平安抵達無任何異狀。航空公司表示，抵達當天已向飼主說明初步掌握的資訊，針對飼主後續提出的各項疑點正持續調查檢驗，承諾將保持透明溝通。目前這隻黃金獵犬的真正死因，以及航空公司是否涉及運輸管理疏失，仍待雙方進一步調查確認。    ,https://news.ltn.com.tw/news/world/breakingnews/5566495
川普特使前腳才剛走！基輔又傳爆炸聲 俄「鋯石」極音速飛彈轟炸,國際,2026/09/08 10:41,"烏克蘭首都基輔在當地時間今晨再度傳出多起爆炸聲響。（圖擷自X）僅僅停火3天，烏克蘭首都基輔在當地時間今（8日）晨再度傳出多起爆炸聲響，烏軍警告，俄軍多枚彈道飛彈正在向基輔市方向襲來。綜合外媒報導，烏克蘭空軍於8日凌晨3時40分至42分（台灣時間8日早上8時40分至42分）在社交媒體發布多條警報，俄軍多枚彈道飛彈正在向基輔市方向飛來，據傳來襲飛彈包含「鋯石」（Zircon）極音速飛彈。請繼續往下閱讀...除了飛彈攻擊以外，俄軍使用無人機襲擊了基輔鮑里斯皮爾地區（Boryspil），基輔市已發布防空警報，並敦促市民尋找掩體躲避。美國總統川普的特使魏科夫（Steve Witkoff）與川普的女婿庫希納（Jared Kushner）5日訪俄，與俄羅斯總統普廷進行會談，會談期間普廷曾下令停火3天，魏科夫、庫希納才剛結束行程，俄軍就立刻發動攻擊。Kyiv is burning. A residential neighborhood in the city center is on fire.Reportedly, six russian Zircon missiles and four S-400 missiles have been fired at the capital. https://t.co/BSx7H4xkGr pic.twitter.com/XZri1QbfkK— UAVoyager???????? （@CrimeanVoyager） September 8, 2026 Kyiv is burning. A residential neighborhood in the city center is on fire.Reportedly, six russian Zircon missiles and four S-400 missiles have been fired at the capital. https://t.co/BSx7H4xkGr pic.twitter.com/XZri1QbfkK    ",https://news.ltn.com.tw/news/world/breakingnews/5566533
伊朗秀新飛彈射程至少1200公里 竟宣示「威脅沒到就先打」,國際,2026/09/08 10:38,伊朗去年4月公布「卡西姆·巴西爾」（Qassem Basir）彈道飛彈試射畫面。（翻攝伊朗國營電視台畫面）美伊海上衝突急遽升溫之際，德黑蘭當局釋出更具侵略性的防禦戰略。伊朗國營媒體7日宣布，1款性能升級的彈道飛彈已完成測試，並高調放話宣稱未來將採取「先發制人」策略，面對任何潛在威脅，甚至可能在攻擊尚未發生前就先行採取軍事行動。《美聯社》報導，這項訊息由伊朗最高國家安全委員會秘書雷薩伊（Mohsen Rezaei）透過國營電視台發表。報導指出，這款名為「卡西姆·巴西爾」（Qassem Basir）的固態燃料彈道飛彈具備更遠射程與更高精準度，去年首度亮相時即被披露射程至少達1200公里，彈頭重量約半噸。雷薩伊並聲稱，該款新彈先前已在實戰環境中對美國軍艦進行了「測試」。對此，美方未予證實。請繼續往下閱讀...伊朗國營媒體稱，Qassem Basir採固態燃料，射程更遠、命中精準度更高，並搭載約500公斤彈頭。這款飛彈去年首度公開亮相，伊朗當時宣稱射程至少達1200公里。94艘商船被迫改道這波強硬表態出現在美伊持續6個月的對抗白熱化之際。美軍先前為反擊伊朗無人艇與導彈攻擊，出動戰機摧毀了3艘伊朗油輪；白宮則持續對伊朗港口實施反封鎖與經濟制裁。衝突也對全球能源動脈造成實質衝擊。白宮表示，在伊朗於荷姆茲海峽劃設「禁區」並威脅過往船隻後，美軍已積極介入護航並清除水雷。根據美國軍事統計，在美方持續封鎖伊朗港口期間，已有94艘商船被迫改道，另有3艘遭到癱瘓。全球航運數據與分析公司「Kpler」也指出，上週通過該海峽的船舶數量出現「斷崖式驟降」。《美聯社》指出，隨著德黑蘭不斷升高海上緊張局勢，波斯灣周邊國家也開始展現不耐與反彈。身為美國重要盟友的阿拉伯聯合大公國，上月已因遭到區域戰火波及而宣布全面暫停與伊朗的貿易，阿拉伯聯盟也在開羅會議上公開譴責伊朗對波灣國家的攻擊，強調絕不接受海上通商走廊淪為他國博弈的籌碼。    ,https://news.ltn.com.tw/news/world/breakingnews/5566539
菲律賓前眾議長涉貪被捕 與總統小馬可仕為表兄弟,國際,2026/09/08 10:32,菲律賓前眾議院議長、總統小馬可仕的表弟羅慕德斯，因涉嫌掠奪公款於7日晚間被逮捕。他與另3人被控涉嫌從政府防洪工程中收取約74.4億披索（約新台幣37.49億元）回扣。（美聯社）菲律賓前眾議院議長、總統小馬可仕的表弟羅慕德斯，因涉嫌掠奪公款於7日晚間被逮捕。他與另3人被控涉嫌從政府防洪工程中收取約74.4億披索（約新台幣37.49億元）回扣。菲律賓警方昨晚在大馬尼拉地區聖胡安市（San Juan City）的一家醫院執行拘捕令。請繼續往下閱讀...內政部長芮慕拉（Jonvic Remulla）當時在醫院外面向在場媒體表示，警方已在醫院內對羅慕德斯（Martin Romualdez）完成逮捕程序，現已被視為「被剝奪自由人士」（person deprived of liberty）。芮慕拉補充，警方將持續監控他的健康狀況，直到醫師認定適合送進其他拘留設施。監察專員辦公室（Office of the Ombudsman）昨天上午向反貪污法院控告羅慕德斯與另3人涉嫌向政府防洪工程的承包商直接或間接收取回扣，總額累計達74.4億披索。同日下午5時左右，反貪污法院針對羅慕德斯等人發布拘捕令，但也說明，發布拘捕令僅代表有合理根據認為他們涉罪，並不代表他們已被定罪。羅慕德斯因心血管、血壓不穩及焦慮等健康問題，在拘捕令發出之前，被送進這家醫院。菲律賓警方說明，由於羅慕德斯身上連接著醫療設備，因此在逮捕當時，只能為他披上橘色囚衣拍照及按手印。警方預定今早把拘捕令執行情況與羅慕德斯的健康狀況一起送回反貪污法院。依據菲律賓法律，掠奪公款（plunder）屬於不可保釋罪行，羅慕德斯的律師團隊已向反貪污法院聲請讓他繼續留院治療。羅慕德斯是總統小馬可仕（Ferdinand Marcos Jr.）的表弟，2007年至2016年當選中部雷伊泰省（Leyte）眾議員，2019年獲選連任至今，任期將於2028年結束。他於2022年7月當選眾議院議長，並在第20屆國會連任，但於2025年9月因名字被捲入防洪工程弊案，辭去眾議院議長職務。他否認涉及不法，強調辭職是為讓相關單位能夠不受干預地進行調查。小馬可仕於2025年發表國情咨文時主動揭發防洪工程弊案，2026年發表國情咨文時暗示羅慕德斯將被提出刑事控告，並強調自己「不是家族的總統」，而是「菲律賓人民的總統」。菲律賓政壇正值多事之秋。上週副總統薩拉．杜特蒂（Sara Duterte）才因涉嫌恐嚇刺殺小馬可仕夫婦和羅慕德斯（Martin Romualdez）的案件，遭法院發布逮捕令。薩拉已投案並完成交保程序。    ,https://news.ltn.com.tw/news/world/breakingnews/5566537
維穩考量  港媒：中共悄然成立中央社會治理工作領導小組,國際,2026/09/08 10:28,中共政治局常委蔡奇（右）；左為國務院總理李強。（路透資料照）據報導，2025年底中共內部成立了「中央社會治理工作領導小組」，成立的目包括要「抓好新經濟組織、新社會組織、新就業群體黨的建設」，並加強社會治理工作以維護社會穩定。明報今天報導，中共中央社會治理工作領導小組去年底「橫空殺出」，由政治局常委蔡奇掛帥，成立的目的是健全中共領導社會工作的機制，加強社會治理工作，以維護社會穩定。請繼續往下閱讀...報導表示，2023年中共成立中央社會工作部，統一領導國家信訪局，聚焦基層治理和社會領域的黨建，將黨國機器的控制延展到更多社會角落。而中社部成立之後，中共強化了外賣員、快遞員、網約車司機的黨建和管理工作，標榜維護這8400萬「新就業群體」的合法權益。報導指出，2025年11月5至6日，中央社會工作會議在北京召開，期間傳達了中共總書記習近平的指示，強調社會工作「事關黨長期執政和國家長治久安」，「要健全社會工作體制機制」，「突出抓好新經濟組織、新社會組織、新就業群體黨的建設」。這則報導認為，中央社會治理小組大約就是在上述會議前後成立，除了由蔡奇擔任組長，中央統戰部長李干杰、中央宣傳部長李書磊、中央政法委書記陳文清、中央深改辦常務副主任穆虹等人是副組長。今年4月3日，中共河南省社旗縣委社會工作部召開會議，期間曾披露「中央社會治理工作領導小組已設立，辦公室設在中社部」，並提及「省委社會治理工作領導小組已成立，辦公室設在省委社會工作部，領導小組下設7個專項工作小組」。報導指出，8月26日，浙江淳安縣委常委召開會議時，也提到「傳達中央社會治理工作領導小組會議精神」。據分析，這個小組應運而生，無疑是為強化社會治理，構建多部門協同配合的工作格局。經查閱中國搜尋平台百度，目前無法找到中央社會治理工作領導小組的資料，百度的資料還稱，「目前中央層面無中央社會治理工作領導小組這一獨立常設機構」。    ,https://news.ltn.com.tw/news/world/breakingnews/5566489
涉貪遭突襲搜查 烏檢察總長火速辭職,國際,2026/09/08 10:27,烏克蘭檢察總長克拉弗成柯7日宣布辭職。（法新社）烏克蘭檢察總長克拉弗成柯（Ruslan Kravchenko）近日涉及貪腐指控，其辦公室遭反貪腐官員搜查。克拉弗成柯7日宣布辭職，稱不希望檢察總長辦公室被當作政治鬥爭的工具。根據《法新社》報導，烏克蘭國家肅貪局（NABU）與烏克蘭肅貪專責檢察署（SAPO）5日表示，已查獲1項由檢察總長辦公室1名官員主導的洗錢計畫，並對相關地點展開突擊搜查。請繼續往下閱讀...調查人員補充，該犯罪網路收取金錢以保護從事電話詐騙的呼叫中心，並替龐大非法資金洗錢。克拉弗成柯6日在社群媒體上駁斥指控，主張指控完全沒有任何根據，並否認有任何不法行為。他7日又在Telegram上發文稱，已提交檢察總長的辭呈。克拉弗成柯表示：「我不希望檢察總長辦公室被當作政治鬥爭的工具。我對這些指控的立場沒有改變。」在長達4年多的俄烏衝突期間，烏克蘭和俄羅斯電話詐騙案件都大幅增加。總部位於瑞士的「打擊跨國組織犯罪全球倡議」（GI-TOC）表示，烏克蘭非法呼叫中心約僱用6萬人。    ,https://news.ltn.com.tw/news/world/breakingnews/5566480
澤倫斯基爆料普廷「不敢惹川普」 稱普廷可能「做球」送外交勝利,國際,2026/09/08 10:02,澤倫斯基爆料，普廷現在「需要川普」、不敢得罪他，並認為普廷可能在美國11月期中選舉前送給川普一場「外交勝利」。（路透）烏克蘭總統澤倫斯基7日接受美媒《Axios》專訪時透露，美國正在探討烏克蘭和俄羅斯是否可以在冬季採取能緩和戰爭局勢的相關措施，同時重啟談判、以達成更廣泛的和平協議。澤倫斯基也爆料，俄羅斯總統普廷現在「需要川普」，不想得罪川普，並認為普廷可能在美國11月期中選舉前送給川普一場「外交勝利」。根據《Axios》報導，澤倫斯基表示，冬季來臨前的幾週是展開外交談判的良機，他也確信普廷指望「嚴冬」來削弱烏克蘭，不過澤倫斯基聲稱，「普廷需要川普」，不想在期中選舉前得罪川普，即使普廷不想緩和局勢，川普政府也可能向他施壓。被問到普廷是否可能在11月大選前做球給美國、送他們一場「外交勝利」時，澤倫斯基回答：「是的。」請繼續往下閱讀...針對美國特使前往俄烏兩國，澤倫斯基認為，美國特使的目的主要是為了「打破」外交進程的僵局，但也帶來了一些新想法，部分涉及烏俄在冬季左右可能採取的緩和局勢措施有關，目標是在冬季讓雙方更接近和平。澤倫斯基也提到，普廷寄望著冬季能對烏克蘭造成嚴重破壞，迫使基輔當局讓步，「俄羅斯是真的認為冬天能幫他們擊敗烏克蘭」，但澤倫斯基提醒，俄羅斯自身也面臨冬季風險，烏克蘭也可能對俄國造成經濟打擊，「當他們攻擊我們的電力系統時，我們會切斷他們石油和天然氣的出口管道」。至於未來是否有可能實行美俄烏三邊會談，澤倫斯基坦言：「我們還有9月和10月能想辦法進行對話，如果沒有對話，我們就不會有任何結果。我認為川普總統可以在寒冬到來之前找到辦法，真正開始推動談判進程。」    ,https://news.ltn.com.tw/news/world/breakingnews/5566476
中企掌控期間洩個資 全球最大同志交友軟體賠11億和解,國際,2026/09/08 09:48,全球最大LGBTQ+交友軟體Grindr，在2020年之前由中企崑崙萬維持有時涉嫌洩露個資，如今Grindr宣布以2600萬英鎊和英國用戶和解。（法新社）全球最大LGBTQ+交友軟體Grindr，在2020年之前由中國企業「崑崙萬維」持有時，涉嫌和廣告公司分享極為敏感的個人資訊，目前由美企持有的Grindr宣布以2600萬英鎊（約新台幣11億元）和英國集體訴訟的用戶和解。據《衛報》報導，英國倫敦律師事務所Austen Hays於2024年4月接受Grindr約1.2萬名用戶委託提告，指控Grindr在2020年之前違反了英國隱私法，若將賠償金平均分配，每人可拿到2167英鎊（約新台幣9.2萬元）左右。請繼續往下閱讀...Grindr於2009年推出，原先是在為男同性戀者提供交友服務，如今號稱是全球最大男同、雙性戀、跨性別和酷兒群體的約會APP，在全球擁有將近1500萬名用戶。Grindr表示，公司洩露個資時是由中企崑崙萬維所擁有，2020年美國國家安全會議憂心中國政府可能從中獲取用戶個資後，Grindr以6.08億美元（約新台幣192.6億元）由美方投資集團San Vicente Acquisition收購。如今的美企Grindr雖不認同相關指控，但對於部分英國用戶在2020年之前因個資洩露感到痛苦一事，公司感到理解並願意承認，將在今年底前支付1300萬英鎊，2027年3月底前給出另外的1300萬英鎊。    ,https://news.ltn.com.tw/news/world/breakingnews/5566455
馬克宏籲歐盟立法 禁兒童使用社群媒體,國際,2026/09/08 09:35,法國總統馬克宏已致函歐盟執委會主席馮德萊恩，要求其提交1份「歐洲立法文本」，禁止15歲以下兒童使用社群媒體。圖為馬克宏。（歐新社）《法新社》7日看到的1封信顯示，法國總統馬克宏已致函歐盟執委會主席馮德萊恩（Ursula von der Leyen），要求其提交1份「歐洲立法文本」，禁止15歲以下兒童使用社群媒體，以保護歐盟所有兒童。根據《法新社》報導，法國憲法委員會8月否決了1項禁止15歲以下兒童使用社群媒體的提案。對此馬克宏重申，他希望在未來幾個月能透過在國內重新修法，以找到「可行的解決之道」，並確保新法符合歐盟法律及法國憲法。請繼續往下閱讀...馬克宏在8月29日致馮德萊恩的信中表示，現在「有必要進一步採取行動」，透過制定新的歐洲層級法規，讓相關規定在歐盟各國之間取得一致。值得注意的是，自澳洲2025年12月10日頒布社群媒體禁令，禁止未滿16歲兒童使用社群媒體後，許多國家紛紛跟進或實施類似措施。    ,https://news.ltn.com.tw/news/world/breakingnews/5566440
印度教團參訪竟要「女性迴避」！ 巴黎艾菲爾鐵塔爆罷工關閉,國際,2026/09/08 09:04,BAPS的印度教僧侶，3日在巴黎艾菲爾鐵塔前參加宗教儀式，隨後於塞納河舉行儀式船隊遊行。（法新社）法國巴黎地標艾菲爾鐵塔7日因員工罷工暫停開放，導火線是一個印度教宗教團體日前到訪時，要求減少與女性接觸，部分女性員工因此被迫離開值勤位置，改由男性接替，引發強烈不滿。《BBC》報導，約100名隸屬印度教「博恰桑瓦西．阿克沙爾．普魯索坦．斯瓦米納拉揚教團」（Bochasanwasi Akshar Purushottam Swaminarayan Sanstha，BAPS）的訪客，5日前往艾菲爾鐵塔參觀。請繼續往下閱讀...工會代表達沃安（Diane Davoine）表示，代表團抵達後，女性員工被要求離開原本的值勤位置，再由男性補上。她指出，這樣的待遇讓女性員工深感受辱，不滿情緒在週末持續升高，員工因此決定罷工，要求管理階層保證類似情況不再發生。負責營運艾菲爾鐵塔的SETE公司證實，該宗教團體事前要求安排行程時，盡量減少與女性互動。公司坦言不應接受這項條件，因為相關安排不符合公司價值及男女平等原則，並已向員工道歉。SETE總裁韋爾（Ariel Weil）強調，這種做法顯然無法接受，艾菲爾鐵塔將堅守法國共和價值及男女平等原則。BAPS於6日在巴黎郊區為其在法國首座大型寺廟舉行開光儀式。BAPS巴黎寺廟事後發表聲明，表示參訪安排在艾菲爾鐵塔正常開放時間之初，是為避免打擾其他遊客，並為事件造成的傷害或不便致歉。事件也引起法國政界關注。巴黎市長格雷瓜爾（Emmanuel Grégoire）表示，市府將調查參訪安排，並認為員工的不滿有其正當性，強調男女平等應在巴黎各地對所有人一體適用。    ,https://news.ltn.com.tw/news/world/breakingnews/5566427
印尼火山灰癱瘓空運！34萬旅客滯留 雅加達等5機場今復航,國際,2026/09/08 08:27,印尼交通部表示，雅加達主要機場及其他數座航空樞紐，已於8日清晨恢復營運。（法新社）印尼喀拉喀托之子火山（Mount Anak Krakatau）6日噴發，導致8個機場連日關閉，超過34萬名旅客滯留。印尼交通部表示，雅加達主要機場及其他數座航空樞紐，已於8日清晨恢復營運。綜合外媒報導，喀拉喀托之子火山距離雅加達約150公里，6日開始噴發，岩漿猛烈湧出，並向空中噴發大量火山灰，飄向首都雅加達及楠榜省（Lampung），整個週末持續出現地震活動，8座機場週末陸續暫停營運，近3000個航班受到影響。請繼續往下閱讀...印尼主要門戶機場蘇卡諾—哈達國際機場（Soekarno-Hatta International Airport）原定7日下午6時恢復運作，但因空域附近仍有火山灰，多次延長關閉時間；僅7日上午就有超過240個國內外航班取消或延誤，近3萬名旅客受到影響。印尼交通部8日宣布，蘇卡諾—哈達國際機場與另外4座機場已恢復運作，包括同時供軍民兩用的哈林．珀達納庫蘇馬機場（Halim Perdanakusuma Airport），以及西爪哇省萬隆的胡笙．薩斯特拉內加拉機場（Husein Sastranegara Airport）。南蘇門答臘省一座小型機場7日已復航，但最初關閉的8座機場中，仍有2座尚未開放。喀拉喀托之子火山位於爪哇島與蘇門答臘島之間的巽他海峽（Sunda Strait）。這次噴發的火山灰最高升至1萬5000公尺，印尼地質局警告仍可能再次噴發；該火山2018年曾因山體崩塌引發海嘯，造成429人死亡。印尼喀拉喀托之子火山6日噴發，導致8個機場連日關閉，近3000個航班受到影響，超過34萬名旅客滯留。（彭博）喀拉喀托之子火山距離雅加達約150公里，6日開始噴發，岩漿猛烈湧出，並向空中噴發大量火山灰。（路透）    ,https://news.ltn.com.tw/news/world/breakingnews/5566389
李在明小心！南韓傳出兵荷姆茲 伊朗：危險選擇必付出代價,國際,2026/09/08 08:23,"伊朗外交部發言人巴加埃7日罕見以韓文在社群平台X發文。（路透資料照）伊朗外交部發言人巴加埃（Esmaeil Baghaei）7日罕見以韓文在社群平台X發文，警告南韓不要向荷姆茲海峽（Strait of Hormuz）部署兵力或參與軍事行動，否則將面臨「嚴重後果」。韓聯社報導，巴加埃強調，任何主權國家都不應屈服於美國壓力，更不應參與針對伊朗的軍事行動。請繼續往下閱讀...巴加埃同時表示，伊朗與南韓建交64年來，兩國關係始終建立在相互尊重的基礎上，伊朗高度重視與南韓的友好關係。不過，任何國家在波斯灣及荷姆茲海峽駐軍或參與軍事行動，都將被視為直接支持侵略方。巴加埃貼文所附圖片還以韓文寫道：「危險的選擇必將付出代價。」報導稱，有分析認為，伊朗罕見以韓文公開向南韓喊話，意在直接警告正在研議相關方案的李在明政府，不要接受美國提出的派兵要求。近期，美國總統川普持續要求南韓等大量進口中東原油的國家，為保障荷姆茲海峽安全承擔更多責任，並多次點名南韓，表示美方向南韓尋求在伊朗問題上的協助，卻遭到拒絕。南韓國防部7日稍早則表示，為儘快恢復中東地區和平與穩定，並保障包括南韓船舶在內的所有船隻在荷姆茲海峽自由通行，南韓政府正與相關國家及國際社會保持密切溝通。이란과 대한민국의 관계는 64년이 넘는 역사를 지니고 있으며, 양국 관계는 줄곧 상호 존중을 바탕으로 발전해 왔습니다. 이란은 대한민국과의 우호 관계를 매우 중요하게 여기고 있습니다.그러나 현재 이란 국민이 미국의 침략적 행위에 맞서 자위하고 있으며, 여성과 어린이를 상대로 한 미국의… pic.twitter.com/ThlIXzIyIN— Esmaeil Baqaei （@IRIMFA_SPOX） September 7, 2026 이란과 대한민국의 관계는 64년이 넘는 역사를 지니고 있으며, 양국 관계는 줄곧 상호 존중을 바탕으로 발전해 왔습니다. 이란은 대한민국과의 우호 관계를 매우 중요하게 여기고 있습니다.그러나 현재 이란 국민이 미국의 침략적 행위에 맞서 자위하고 있으며, 여성과 어린이를 상대로 한 미국의… pic.twitter.com/ThlIXzIyIN    ",https://news.ltn.com.tw/news/world/breakingnews/5566400
荷姆茲風險升溫！伊朗嗆美國「敢打就反擊」 國際油價飆近6週高點,國際,2026/09/08 07:33,伊朗國會議長卡利巴夫7日警告，若美國再次攻擊伊朗資產，德黑蘭將予以報復。（美聯社資料照）伊朗7日強調，若美國再次攻擊伊朗資產，德黑蘭將予以報復，並警告波斯灣地區的能源基礎設施，包括美國的石油及天然氣利益，都處於容易遭受攻擊的狀態。路透報導，美國與伊朗週末針對航運發動攻擊，推升國際油價7日直逼近6週高點。伊朗國會議長卡利巴夫（Mohammad Baqer Qalibaf）隨後警告：「攻擊我們的資產，你們也會遭到攻擊。」請繼續往下閱讀...最新威脅凸顯局勢進一步升級的風險。美伊雙方週末再度互相攻擊，目前仍看不出外交途徑突破的跡象，難以結束已持續逾6個月的衝突，也尚未恢復波斯灣地區的能源運輸。自2月28日美國、以色列對伊朗發起攻擊、戰爭爆發以來，伊朗已加強限制船舶通過荷姆茲海峽（Strait of Hormuz）。荷姆茲海峽是全球石油與天然氣供應的重要運輸要道。伊朗高階安全官員雷札伊（Mohsen Rezaei）6日表示，德黑蘭很快將宣布在波斯灣劃設1處新的限制區域，並公布1條穿越荷姆茲海峽的新航道。雷札伊指出，該限制區域將從美國對伊朗實施海上封鎖的起點開始，並延伸至波斯灣部分區域。任何進入該區域的船隻，都將被列入伊朗的制裁名單。雷札伊說：「只有當他們（美國人）停止對伊朗的破壞、威脅及攻擊，我們才會承諾保持荷姆茲海峽開放。」卡利巴夫7日進一步強化德黑蘭的警告，言論似乎是在回應美國國防部長赫格塞斯（Pete Hegseth）。赫格塞斯此前曾形容，伊朗的油輪船隊「毫無防禦能力」。身兼伊朗首席談判代表的卡利巴夫在社群平台X發文稱：「事情很簡單，這裡的石油和天然氣生產鏈分布廣泛、容易接近，而且風險極高。美國石油和天然氣公司在這片水域及其相關設施，也面臨相同風險。」    ,https://news.ltn.com.tw/news/world/breakingnews/5566365
高市內閣民調止跌反漲  矢板明夫分析重大訊號：習近平心情不會太好,國際,2026/09/08 07:18,矢板明夫觀察，高市早苗支持率近期出現反彈，是這個很重要的政治訊號，而中共更不樂見一個穩定且長期的高市政權，「習近平看到這組民調，心情大概不會太好」。（彭博）日本首相高市早苗上任初期內閣支持率極高，不過執政後卻有下滑趨勢，資深媒體人矢板明夫觀察，高市早苗支持率近期出現反彈，是這個很重要的政治訊號，而中共更不樂見一個穩定且長期的高市政權，「習近平看到這組民調，心情大概不會太好」。矢板明夫引述日本新聞網（JNN）民調資料，表示高市內閣支持率達到62.5%，比上個月上升3.3個百分點，先前日經新聞的民調，也從58%回升到62%；也就是說，高市內閣經歷一段下跌之後，人氣已止跌回升。請繼續往下閱讀...矢板明夫認為，這點很不簡單，日本過去有不少首相是剛上台時支持率很高，但蜜月期一過就一路往下，而且掉下去之後很難再爬上來，高市早苗卻是在支持率仍處於六成左右的高檔時就開始反彈，這讓他看到了一點「長期政權」的跡象，當年的安倍晉三首相也是如此，支持率有起有落，卻總能在政治風浪之後重新站穩。矢板明夫分析，高市早苗前一波支持率下跌，皇室制度改革是一個重要因素，日本喜歡愛子公主的人很多，但如果讓愛子成為天皇，就必須重新處理悠仁親王已經確立的皇位繼承順位，牽動整個皇室制度。高市選擇承受眼前的政治代價，可說是「長痛不如短痛」，隨著時間過去，國民也開始慢慢理解她的苦衷。另一個原因則是消費稅減稅，高市不惜與黨內反對勢力正面碰撞，也堅持推動減稅。這種敢於承擔政治風險、兌現承諾的做法，也得到了不少國民的肯定。矢板明夫強調，政治人物真正的強弱不是支持率會不會下降，而是下滑之後能否重新上升，高市早苗這次是在支持率高檔就開始反彈，「那些一直期待高市政權早日垮台的日本左派媒體，以及台灣一些親共媒體和名嘴，恐怕都要失望了」。    ,https://news.ltn.com.tw/news/world/breakingnews/5566364
衝出跑道近400公尺！亞馬遜貨機連撞2車釀5死 黑盒子已尋獲,國際,2026/09/08 06:59,本月6日，1架亞馬遜貨機在邁阿密國際機場降落時衝出跑道，隨後撞上2輛汽車並起火。（美聯社）本月6日，1架亞馬遜（Amazon）貨機在邁阿密國際機場（Miami International Airport）降落時衝出跑道，隨後撞上2輛汽車並起火。美國國家運輸安全委員會（NTSB）7日下午公布最新調查進度，說明事故情況。美國哥倫比亞廣播公司新聞網（CBS News）報導，官員表示，事故造成5人死亡、至少5人受傷。NTSB主席霍曼迪（Jennifer Homendy）7日在記者會上指出，5名死者全都位於遭貨機撞擊的2輛汽車內。請繼續往下閱讀...NTSB也證實，已尋獲飛航資料紀錄器（FDR）及座艙語音紀錄器（CVR），即俗稱的黑盒子。霍曼迪表示，事故航班為亞馬遜航空貨運網絡Prime Air第7598號班機（Amazon Air Flight 7598），機型為波音767-33 Alpha，由貨運航空公司21航空（21 Air）代為營運。她說，班機從波多黎各聖胡安飛抵邁阿密，是當天執飛的第3趟航班。此前先從辛辛那提飛往邁阿密，再由邁阿密飛往聖胡安，之後再返回邁阿密。霍曼迪指出，貨機降落時衝出30號跑道，撞上導航設施後，再撞上1輛屬於航空公司外包清潔業者Professional Ocean Service Corporation的白色福特Econoline廂型車，當時車內共有7人。隨後，貨機衝破機場圍籬，撞上1輛當時行駛於西北67大道（Northwest 67 Avenue）的Toyota Corolla Cross LE，之後繼續衝進草地，並在特斯拉（Tesla）自駕計程車停放區域撞上另一道圍籬。霍曼迪表示，貨機總共衝出鋪面約396公尺，所有死傷者均位於上述2輛汽車內，其中廂型車位於機場範圍內，Toyota則位於機場外部。霍曼迪形容事故現場：「如果要我用一個詞形容，那就是『慘不忍睹』，徹底毀滅。」她表示，福特廂型車已經支離破碎，現場可以看到安全氣囊、車輛零件，以及2輛汽車與飛機本身的殘骸，還包括導航設備零件、部分機場設施碎片及散落的圍籬，「範圍相當廣泛」。NTSB表示，目前已尋獲飛航資料紀錄器及座艙語音紀錄器，兩者都將送往NTSB總部下載資料並進行分析。霍曼迪透露，調查人員已透過其他來源掌握部分速度資料，但在對外公布前，仍希望先與飛航資料紀錄器的數據進行比對確認。目前NTSB已有32名人員進駐現場。霍曼迪表示，由於搜救及善後作業仍在持續，且工作人員正在移除飛機內的燃油，因此調查人員尚無法全面進入飛機進行調查。    ,https://news.ltn.com.tw/news/world/breakingnews/5566367
人妻與公公濕地公園車震！被抓姦嚇壞「下半身全裸」奔逃,國際,2026/09/08 06:58,中網近日瘋傳一段抓姦影片，據傳浙江一名人妻跟自己的公公搞不倫，竟然在大白天玩「車震」，被抓姦後連褲子都來不及穿就逃跑。（圖翻攝自X）首次上稿 09-07 22:58更新時間 09-08 06:58中國網路上近日瘋傳一段抓姦影片，據傳浙江省一名人妻跟自己的公公搞不倫，竟然在大白天玩「車震」，當親友們「圍捕」公媳2人偷情時，這名人妻連褲子都來不及穿，直接裸著下半身拔腿落跑，荒謬畫面曝光引發外界熱烈討論。這件不倫醜聞據稱發生在浙江省湖州市的「西山漾濕地公園」停車場，網傳影片可以看到幾名女子拿著手機走向一輛停在空地上、不斷搖晃的休旅車，最前方的女子一把開車門，驚見車內一男一女下半身衣物「失蹤」、正在後座交疊激戰，女子見狀怒罵「兩個不要臉的東西」！車內兩人一看車門被打開，明顯被突如其來的狀況嚇到，原本坐在男方上面的女子趕緊奪門而出，顧不得下半身全裸，直接撒腿狂奔，幾個來抓姦的大媽拿著手機在後面追。相關影片在抖音、X等平台瘋傳，隨後曝光的內情更加震驚外界，原來車上的男女竟然是公公與兒媳，前去抓姦的其中一名女人是婆婆。大批網友直言這劇情堪比狗血八點檔電視劇，引發一波搜尋熱潮，事發地點「西山漾公園」成為熱門關鍵字。    ,https://news.ltn.com.tw/news/world/breakingnews/5566081
美日韓自由之刃軍演 嚇阻北韓、護區域安全,國際,2026/09/08 05:30,美國、日本和南韓7日按原定計畫展開為期5天的「自由之刃」聯合演習，3國將透過此次軍演，強化多領域，包括海上、空中及網路等作戰與聯合應對能力，同時維持堅實穩定的合作關係。（取自美國太平洋司令部臉書）不受川普縮減美韓演習衝擊 為期5天投入海空戰力不受美國總統川普縮減與南韓聯合軍事演習規模的衝擊，美國、日本和南韓的「自由之刃」（Freedom Edge）三方多域聯合軍演七日揭幕，在為期五天的演習中投入海空戰力，並納入網路防禦和醫療救援訓練等項目，彰顯三國緊密合作，嚇阻北韓威脅並維護區域安全穩定的決心。請繼續往下閱讀...本次自由之刃演習是二〇二四年首度舉行以來第四度進行，範圍涵蓋南韓濟州島東方和南方國際水域。南韓聯合參謀本部（JCS）少將金智勳在橫田空軍基地的記者會上表示，自由之刃是在強化嚇阻北韓威脅，展現三國安全合作上最具效果的演訓，三國將在善用演習強化行動準備及橫跨多領域的聯合應對能力之餘，維持強而有力且穩定的合作關係，「目標是強化對北韓核子、飛彈威脅的嚇阻及應對能力，同時捍衛區域和平穩定」。韓聯社報導，此次演習出動的戰力，包括南韓海軍「西厓柳成龍號」、「栗谷李珥號」驅逐艦；日本「愛宕號」、「朝日號」驅逐艦，以及P-1海上巡邏機、F-15戰鬥機等。抵達釜山的美軍第七艦隊「勃克級」驅逐艦「班福特號」（USS Benfold），也將參與演訓。引發關注的是，美軍航空母艦接連缺席去年和本次演習。對此，駐日美軍司令約斯特（Stephen Jost）強調，航艦的調配是基於美軍應對全球局勢的需要，並未涉及美方的區域承諾；演習的幅度、規模和訓練目標，均未因此有所變動。川普上月向北韓領導人金正恩遞出橄欖枝，宣布大幅縮減美韓聯合軍演規模後，當下進行中的「乙支自由護盾」演習隨即受波及提前結束；九月的「雙龍」兩棲登陸演習，則因美方告知兵力受限而取消。近年與中國在南海衝突不斷的菲律賓，也高度關注局勢發展。對於美韓軍演生變是否可能讓中國得利的提問，出席「首爾安全對話」（SDD）的菲國國防部長鐵歐多洛（Gilberto Teodoro）表示，「當然有這個可能。中國非常迅速地把握這些空隙」。鐵歐多洛認為，若以印太地區整體局勢來看，中國或許會從美韓軍演規模縮減中找到契機，進一步宣示區域主權。但他強調，在共同防禦條約保障下，馬尼拉獲得華府的確切保證，也沒有跡象顯示兩國擴大中的多邊軍事活動合作會受美韓關係變化影響。北韓「姜健號」成軍 稱能毀滅性打擊與此同時，北韓官媒朝鮮中央通信社七日報導，金正恩六日在東部港市元山主持五千噸級飛彈驅逐艦「姜健號」（Kang Kon）的成軍儀式，聲稱該艦是國家核反擊體系的一環，且有能力發動「毀滅性報復打擊」，但報導並未說明該艦是否會搭載核武。    ,https://news.ltn.com.tw/news/world/paper/1769799
中英對照讀新聞》G20 finance chiefs except China back action on distorted trade 除中國之外，20國集團財長支持對扭曲的貿易採取行動,國際,2026/09/08 05:30,"美國財政部長貝森特（左）與聯準會主席華許（右）上月31日出席G20財長會議。（路透）◎魏國金The Trump administration won backing from all G20 financial leaders ​except China’s on Tuesday to act against ""non-market"" policies and distortions that cause over-reliance on exports and hinder growth elsewhere.除了中國之外，川普政府週二贏得所有20國集團（G20）財政首長支持採取行動，反制引發對出口過度依賴，阻礙其他地區成長的「非市場」政策及扭曲措施。請繼續往下閱讀...U.S. Treasury Secretary Scott Bessent said he had been proven right when he warned other trading partners last year that tougher U.S. tariffs would lead to an influx of Chinese goods diverted to their markets.美國財政部長貝森特說，去年他警告其他貿易夥伴，更強硬的美國關稅將導致中國產品轉而湧向他們的市場，結果證明他是對的。""We believe that non-market-based economies pushing out a never-ending stream of cheap exports is not sustainable,"" he told a news conference. ""I think that the fact that 19 countries did ​want to address this shows the sheer enormity of the problem.""「我們認為，非市場經濟體源源不絕出口廉價產品，是不可持續的」。他在記者會上說，「我認為19個國家確實希望解決此議題的事實，顯示該問題極大的嚴重性」。A G20 chair’s statement to conclude the meeting said the participants, except China’s, agreed that countries should eliminate ""non-market policies"" that ​exacerbate imbalances.G20主席國聲明結論說，除了中國外，與會國家同意各國應消除加劇貿易失衡的「非市場」政策。新聞辭典sustainable：可持續的、可長期保存的。例句：That sort of extreme diet is not sustainable over a long period.（那種極端的飲食方式無法長期持續）。enormity：嚴重性。例句：I don’t think you realize the enormity of the problem.（我不認為你了解該問題的嚴重性）。    ",https://news.ltn.com.tw/news/world/paper/1769785
AfD首席候選人》前推銷員西格蒙德 社群網戰擄獲民心,國際,2026/09/08 05:30,「德國另類選擇黨」（AfD）首席候選人西格蒙德（歐新社）明鏡封德國最危險人物在德國薩克森—安哈特邦最新落幕的邦議會選舉中，年僅卅五歲的「德國另類選擇黨」（AfD）首席候選人西格蒙德（Ulrich Siegmund），率領該黨斬獲近四十四％的壓倒性得票率，創下二次世界大戰結束以來，極右翼勢力距離奪取邦執政權最近的歷史紀錄。留著俐落髮型、總是以親和笑容示人的西格蒙德，成功將自己在社群網路上的龐大人氣，轉化為驚人的選票能量，成為重塑德國當代政治版圖的焦點人物。西格蒙德出生於一九九〇年兩德統一後數週，早年攻讀商業管理與商業心理學，曾是一名穿梭各地的空氣芳香劑推銷員，並自行創立除臭劑公司。在政治光譜上，他早年曾短暫加入現任總理梅爾茨所屬的中間偏右「基督教民主黨」（CDU），但隨後因不滿傳統黨內領導體制，於二〇一四年轉投剛成立不久的德國另類選擇黨。請繼續往下閱讀...反體制訴求 疫情時竄紅二〇一六年，西格蒙德挺進邦議會，並在新冠肺炎（COVID-19）疫情期間，憑藉在短影音平台TikTok上抨擊政府各項防疫措施而竄紅。他透過風趣的親民語言包裝反體制訴求，迅速累積超過八十五萬名粉絲，建立德國政壇罕見的數位「空戰」實力。在各類造勢場合與家庭野餐聚會中，他積極營造平易近人的形象，吸引支持者大排長龍索取簽名與合影。抓住前東德相對剝奪感西格蒙德的選戰手法在於巧妙融合社群包裝，以及前東德社會的集體情緒，精準捕捉當地選民面對高失業率與經濟停滯的相對剝奪感，與東德懷舊情懷（Ostalgie）。「明鏡週刊」曾以封面故事將西格蒙德指為「德國最危險的人物」，但他反而在巡迴造勢時將簽名雜誌作為宣傳道具分送給粉絲，將外界的批評轉化為展現抗爭姿態的榮譽勳章。然而，西格蒙德的極端立場與人事背景也始終伴隨著爭議。他領導的薩克森—安哈特邦黨部，已被德國情報機構認定為「右翼極端主義」組織；他曾在二〇二三年被踢爆參與波茨坦秘密聚會，與極右翼極端分子討論驅逐數百萬移民背景人士的激進計畫。此外，西格蒙德的競選團隊多名成員曾具備被查禁的新納粹團體背景，而他本人在面對猶太人大屠殺歷史時態度曖昧，亦未曾公開譴責支持者對他行納粹禮。團隊多人有新納粹背景在政策理念上，西格蒙德高舉反「覺醒文化」與排外旗幟，誓言一旦執政將全面驅逐非法移民，並推動學校禁止懸掛LGBTQ彩虹旗、削減公營媒體預算、停止興建風力發電廠。    ,https://news.ltn.com.tw/news/world/paper/1769804
震撼歐洲》極右另類選擇黨大勝 重擊德總理防火牆,國際,2026/09/08 05:30,年僅35歲的德國另類選擇黨首席候選人西格蒙德（中），將自己在社群網路上的龐大人氣，轉化為驚人的選票能量，成為重塑德國政治版圖焦點人物。（法新社）薩克森－安哈特邦議會選舉 破天荒席捲44%選票德國薩克森—安哈特邦（Saxony-Anhalt）六日舉行邦議會選舉，極右翼政黨「德國另類選擇黨」（AfD，下稱選擇黨）囊括近四十四％選票，即使仍未達到組成政府的絕對多數席次，仍創下自一九五〇年代以來極右派在地方選舉的最佳表現，重創德國總理梅爾茨（Friedrich Merz）對選擇黨設下的「防火牆」（Brandmauer），更在整個歐洲投下震撼彈。請繼續往下閱讀...總理所屬基民黨只拿17％官方暫定結果顯示，選擇黨拿下薩克森—安哈特邦議會八十三席中的卅九席，距離絕對多數的四十二席僅差三席。梅爾茨所屬的保守派「基督教民主黨」（CDU）得票率僅約十七％，獲得十五席。選擇黨的歷史性勝利，使得數十年來因極端主義將該黨拒於門外的主流政黨，面臨是否被迫與之合作的兩難困境。隨著近年德國汽車等核心工業受創、失業率居高不下，愈來愈多選民對督教民主黨／基督教社會黨聯盟（CDU/CSU）與社會民主黨（SPD）合組的聯邦政府感到不滿。選前民調顯示，高達八十七％選民不滿梅爾茨政府表現。而選擇黨勢力在東部聲勢浩大，已使當地的基民黨陣營出現分裂徵兆。部分輿論認為，繼續排除選擇黨將與選民意向脫節，並迫使基民黨與立場相左的其他政黨合作，導致政策窒礙難行。選擇黨共同主席韋德爾（Alice Weidel）表示，這場歷史性的勝選使選擇黨獲得明確的民意授權籌組政府，將與不排斥選擇黨政府的邦議員接洽。支持嚴厲控管移民的極左派政黨「莎拉瓦根克內希特聯盟」（BSW）取得五席，被視為是可能助選擇黨一臂之力的「造王者」。報導指出，梅爾茨仍可堅持排擠選擇黨，與其他獲得席次的政黨合作，但此舉勢必納入具有八席的左派黨（Left Party），甚至BSW，已有基民黨邦議員強烈抗拒此一選項，恐將進一步衝擊當前聲望低迷的梅爾茨地位；但若將決定權下放給地方議員，則可能使梅爾茨的聯合政府面臨瓦解風險。西國總理示警極端主義威脅選擇黨的政見包括加速驅逐非法移民、停止對俄羅斯的制裁和對烏克蘭的援助、提高本土德國人社會福利，以及推動脫離歐盟等。法國歐洲事務部長哈達德（Benjamin Haddad）表示，選擇黨在地方選舉取得壓倒性勝利，是歐洲的「嚴峻時刻」，呼籲政治人物應謙卑傾聽選民心聲。身為歐洲少數左翼國家領袖的西班牙社會黨籍總理桑傑士（Pedro Sanchez）七日也警告，在傳統右翼勢力大幅退讓與妥協的推波助瀾下，極端主義威脅正在歐洲乃至全球擴大版圖並站穩腳步。    ,https://news.ltn.com.tw/news/world/paper/1769803
烏國官員︰美帶來更具效益終戰提案,國際,2026/09/08 05:30,（路透）澤倫斯基︰戰爭會持續到冬天美國特使魏科夫（Steve Witkoff）與庫希納（Jared Kushner）五日至六日先後訪問莫斯科和基輔，與俄羅斯總統普廷及烏克蘭總統澤倫斯基舉行會談。烏克蘭官員透露，美方此次帶來「更具效益」的終戰提案；克里姆林宮也聲稱，不排除重啟美、俄、烏三方和談。但澤倫斯基也坦承，與俄國的戰事「目前看來」會持續進行到冬天。澤倫斯基表示，烏方非常希望能與美國夥伴達成協議，「如果戰爭在冬季繼續，目前看來正是如此，我們也寄望於歐洲夥伴的支持。」請繼續往下閱讀...魏科夫與庫希納六日搭乘「和平快車」抵達基輔，與澤倫斯基展開三輪會談，英、法和德國家安全顧問亦參與最後一輪討論。庫希納強調，美方致力於尋求「雙贏」結果，旨在建立持久的和平架構。由於莫斯科與基輔在領土問題上仍互不相讓，美烏雙方均未宣布取得重大突破，但烏克蘭總統府高層指出，美方新提案「更具效益」。澤倫斯基表示，已與談判團隊密商，正在準備「下一步行動」；克里姆林宮發言人佩斯科夫（Dmitry Peskov）也說，不排除恢復自今年二月日內瓦會議後便中斷的美俄烏三方會談模式。在會談中，澤倫斯基特別強調凜冬將至前的支援方案，積極爭取美國與歐洲夥伴提供「愛國者」（Patriot）防空系統與保護能源基建。他透露，美、德均計畫在明年擴大愛國者攔截飛彈的產能。俄軍正持續以高速噴射無人機襲擊烏克蘭各地，造成平民死傷；烏方則積極與六十七家國內企業合作，開發可大規模擊落無人機的防空系統。紐時︰烏國軍事採購爆弊案但在積極尋求外部援助與外交斡旋的同時，紐約時報取得的政府機密稽核報告揭露，烏克蘭軍事採購系統充斥貪腐弊端，光是在二〇二四年就因欺詐、浪費與管理不善損失約十二億美元，但涉弊承包商仍可獲得烏克蘭政府訂單，導致劣質彈藥流入前線，耗損軍費卻削弱戰力。    ,https://news.ltn.com.tw/news/world/paper/1769800
亞馬遜貨機衝出跑道燃燒 5死5傷,國際,2026/09/08 05:30,（歐新社）美最繁忙邁阿密機場 一度停擺美國勞動節長假疏運期間，亞馬遜（Amazon）航空貨運網絡Prime Air一架波音767-300貨機，美東時間6日下午降落佛羅里達州邁阿密國際機場時，不慎衝出跑道並起火燃燒，更波及機場附近的數輛地面車輛，造成至少5人死亡、5人受傷，其中3人傷勢嚴重，導致全美最繁忙的貨運樞紐邁阿密機場一度全面暫停所有起降作業。據美國聯邦航空總署（FAA）與地方官員證實，這架由「21航空」（21 Air）代為執飛的Prime Air第7598號班機，從波多黎各聖胡安（San Juan）抵達邁阿密後滑出對角跑道，並在機場西北端撞擊地面車輛。當局出動大批消防人員搶救，冒險深入機身殘骸救出一度受困於駕駛艙內的機師與副機師。這場致命意外是自2025年11月全球物流巨擘優比速公司（UPS）貨機在肯塔基州路易維爾國際機場墜毀釀成14死以來，全美最嚴重的貨機飛安事故。（圖：歐新社、法新社，文：國際新聞中心）（法新社）    ,https://news.ltn.com.tw/news/world/paper/1769802
打通荷姆茲 美軍費時4月秘密掃雷,國際,2026/09/08 05:30,（美聯社）黑暗深海進行 具致命風險英國「金融時報」六日披露，為了重新打通遭伊朗封鎖的全球能源咽喉荷姆茲海峽，美國軍方在過去四個月內展開一場高度危險且鮮為人知的機密掃雷任務，美軍精銳的海豹部隊（Navy SEAL）潛水員在無人水面艦、機器人與水下特殊載具的掩護下，展開夜間深水除雷行動。國際海事組織（IMO）估計，約有八十枚高殺傷力水雷散布於重要航道上。報導指出，這場黑暗深海中進行的除雷作業，極具技術挑戰與致命風險。由於傳統大型掃雷艦多半調往印太，美軍轉而採用靈活的特種編制，部分行動甚至自前進海基平台「米格爾基思號」（USS Miguel Keith）發動。任務期間，海軍潛水小隊搭乘充氣突擊艇，在美軍「通用無人水面載具」（CUSV）及各型潛水器支援下深入險境。請繼續往下閱讀...配合無人載具 潛水員手動引爆這些無人載具配備高解析度側掃聲納，能在海床精準繪製並標記金屬與爆裂物形貌，但鎖定目標後往往必須仰賴潛水員親自下潛，在水下零距離貼近水雷安裝炸藥手動引爆，或出動如英國「海狐」（SeaFox）、美軍「射水魚」（Archerfish）等水下爆破機器人執行摧毀。儘管作業環境惡劣，美軍在整場行動中並未傳出任何人員傷亡。是否全淨空 航運巨頭存疑隨著任務告一段落，美國總統川普對外宣布，海峽國際水域的「所有水雷」皆已清除或引爆，隨後也獲得美軍證實。這項宣布一度帶動國際原油價格短暫重挫五％，但因美伊雙方隨後再度爆發無人機與油輪襲擊事件，油價迅速回吐所有跌幅。更棘手的是，雖然航運巨頭與海事安全顧問研判，靠近阿曼海岸的狹長水道應已大致安全，但對整條海峽是否完全「淨空」仍高度存疑。目前商船保險費率已飆升至戰前的十倍，一艘超級油輪單趟保費甚至高達千萬美元，導致大部分商業航運依舊裹足不前。德黑蘭當局則強烈駁斥美軍的掃雷成果，官方媒體更頻繁釋出油輪觸雷的未證實報導，藉此製造心理恐慌。伊朗最高國家安全委員會秘書雷札伊（Mohsen Rezaei）六日更宣布，計畫在荷姆茲海峽外圍建立延伸至波斯灣的海上「禁區」，從美軍封鎖線一路銜接至海峽內部，任何未經許可意圖通過的船隻，都將被列入制裁與打擊清單。不過，伊朗內部人士及區域消息人士指出，華府發動全面性的經濟攻勢與海軍封鎖，壓縮伊朗的石油出口，取得外幣的管道受限，經濟困境也日益加劇，使德黑蘭藉由干擾海峽施壓國際社會的能力逐漸減弱，可能迫使伊朗最終開放船隻自由通過荷姆茲海峽。    ,https://news.ltn.com.tw/news/world/paper/1769801
美特使魏科夫先後訪問俄烏　稱推動安排三方會談,國際,2026/09/08 03:30,俄羅斯全面侵略烏克蘭逾4年半時間，目前美國再次推動終戰，美方特使魏科夫今天讚揚他近日前往莫斯科與基輔進行的磋商，並暗示可能安排新的三方和平會談。法新社報導，魏科夫（Steve Witkoff）於社群媒體X平台發文寫道：「取得了實質性進展，包括推動安排額外的三方會談。」請繼續往下閱讀...美國特使魏科夫與庫許納（Jared Kushner）在9月5日、6日先後訪問俄羅斯和烏克蘭。烏克蘭一位高階官員昨天告訴法新社，美方兩位特使提出更有效結束戰爭的新方案，烏國總統澤倫斯基（Volodymyr Zelenskyy）則示警，戰火似乎可能將持續至今年冬季。克里姆林宮稍早表示，不排除恢復俄羅斯、烏克蘭及美國之間的三方會談。莫斯科與基輔當局的代表曾於今年2月在瑞士日內瓦談判，當時由美國斡旋主導，但俄烏雙方未就領土問題達成協議。（編譯：陳彥鈞）1150908    ,https://news.ltn.com.tw/news/world/breakingnews/5566354
美加貿易戰再升溫　川普揚言封殺加拿大龐巴迪,國際,2026/09/08 03:06,美國總統川普今天發文威脅，將阻止加拿大飛機製造商龐巴迪（Bombardier）在美國銷售，並抱怨兩國間存在「不公正且不公平」的貿易規定。法新社報導，隨著川普升高美加關稅戰，雙邊貿易緊張情勢進一步加劇。請繼續往下閱讀...川普（Donald Trump）在自家社群媒體平台「真實社群」（Truth Social）以全大寫字母發文表示：「不准再在美國銷售龐巴迪飛機！」他並指控，加拿大阻擋「我們偉大的美國銀行及企業」在加拿大經商。川普最後表示：「那個時代結束了！如果他們想要我們的市場，就必須在這裡生產，並停止把美國當成『小豬撲滿』。」川普在今年1月就曾指控加拿大「錯誤地、非法地且一直拒絕」為美國灣流500、600、700及800型飛機和噴射機核發認證。川普當時也表示，龐巴迪噴射機和其他加拿大製造的飛機將失去美國認證，同時揚言對這些飛機祭出50%關稅，直到美國製的灣流飛機在加拿大獲得認證為止。（編譯：黎婧）1150908    ,https://news.ltn.com.tw/news/world/breakingnews/5566353
哈利王子一家返英　白金漢宮重申「兩人仍非王室在職成員」,國際,2026/09/08 02:21,白金漢宮今天表示，英國哈利王子（Prince Harry）與妻子梅根（Meghan）和一對兒女搬回英國，不會改變身分，仍非王室在職成員。路透社引述英國廣播公司（BBC）報導，這項消息出自英國國王查爾斯（King Charles III）批准的一封致英國政府高級官員的信函。請繼續往下閱讀...信中表示，兩人仍不得使用「殿下」頭銜（His/Her Royal Highness），並且仍屬「擁有商業及慈善利益的私人公民」。這封信由國王授權，透過王室高級官員宮務大臣（Lord Chamberlain）發出，已送交哈利的團隊、政府部門、軍方官員及各郡郡尉（Lord Lieutenants）。郡尉是國王在地方上的代表，政府官員也經常參與王室成員的訪問及官方活動。哈利王子及其家人上月底返回英國，距離他們放棄王室職務並移居美國已有6年。兩人2020年離開英國前往美國，退出正式王室職務，轉而發展獨立事業。不過，他們始終是媒體焦點。哈利曾指控王室忽視他、英國小報媒體毀了他的生活，並批評政府未能提供足夠的安全保障，讓他無法安心返回故鄉。而英王查爾斯這封信明確指出，哈利王子夫婦今後若參與任何活動，都將以私人身分進行，不代表王室。除此之外，信中也指出，如果任何組織對於接待哈利王子夫婦有任何疑問，「尤其是在可能需要動用公帑的情況下」，都應向白金漢宮提出，信中並表明「任何涉及行動層面的安全問題，都應繼續向相關警察機關提出。」BBC分析，這似乎也是王室提前發出的警告，明確表達哈利與梅根出席活動時，不應被視為王室官方活動。在這項聲明發布之際，兩人預計今年秋季將會公開露面。他們目前正在英國重新安頓下來，並推進自己所參與的慈善工作。（編譯：黎婧）1150908    ,https://news.ltn.com.tw/news/world/breakingnews/5566350
埃及美女主持人涉製毒販毒判死 一聽「絞刑」當庭崩潰痛哭,國際,2026/09/08 00:08,埃及39歲知名電視女主持人哈利法（Sarah Khalifa）涉及組織犯毒集團，被開羅法院判處絞刑。（擷取自sara_khaliifa/IG）埃及39歲知名電視女主持人哈利法（Sarah Khalifa）涉及組織販毒集團，並從海外進口合成毒品所需原料，近日被開羅法院判處絞刑，讓她當庭崩潰痛哭求情，「我的父母把我教得很好，他們都是會禱告的人，我根本不需要靠毒品賺錢」。根據埃及《ahramonline》報導，哈利法曾主持許多節目，還經營整形美容診所，在社群擁有超過200萬名粉絲。哈利法2025年被檢方指控組織販毒集團，並從海外進口合成毒品所需原料，在埃及境內製毒、販售，部分被告還持有槍械及彈藥。請繼續往下閱讀...報導指出，檢方偵辦期間共查獲超過750公斤合成毒品的製造原料，也取得通訊紀錄、照片及影片等證據，指控哈利法涉嫌參與犯罪活動的過程。開羅刑事法院5日對此案作出判決，哈利法等12人遭判處絞刑，另外9人被判無期徒刑，剩餘7人則獲判無罪，而哈利法還同時被認定涉及持有槍械及彈藥。不過，哈利法始終否認涉毒，她在接受調查時還強調，「我這輩子連一根菸都沒有抽過」，法院判處她絞刑後，她更在法庭上痛哭，「請聽我說，我的父母把我教得很好，他們都是會禱告的人，我根本不需要靠毒品賺錢」。報導表示，依照埃及法律，法院在正式作出死刑判決前，都會將案件提交給埃及大穆夫提（Grand Mufti，伊斯蘭教遜尼派的高階宗教領袖）徵詢宗教意見，不過這項判決還不是最終判決，依照埃及新的司法改革規定，哈利法還可以提起上訴。☆少一份毒品就多一份健康，自由時報提醒您遠離毒品☆    ,https://news.ltn.com.tw/news/world/breakingnews/5566335
廣場舞後「暴走團」崛起 中國擬修法嚴管,國際,2026/09/07 23:54,常見暴走團直接在車道上集體行進。（圖擷自網路）繼廣場舞之後，「暴走團」成為中國中老年人的最愛，但由於屢因佔用道路、噪音擾民等問題引起爭議，中國全國人大常委會日前初次審議「中華人民共和國道路交通安全法（修訂草案）」，特別對「暴走團」作出規範。據「香港01」報導，草案明確規定，未經許可，不得佔用道路從事體育健身等非交通活動，並要求有關單位加強日常巡查與勸阻制止。此舉意味著社會反映強烈、存在重大安全隱患的群體性佔道健身行為，將從零散執法經驗上升為法律規則。請繼續往下閱讀...「暴走團」在中國主要由中老年人組成，參與者多穿著統一服裝，在領隊帶領下於公園或馬路集體健步，並攜帶外置音響播放強勁音樂。然而，城市專用健身步道及綠道總量不足，導致部分健身群體選擇走上城市道路。近年來，「暴走團」因搶佔車道、忽視交通規則引發多宗社會矛盾與嚴重事故。2017年山東臨沂一輛出租車因司機操作失誤及人群佔用機動車道，衝撞「暴走團」造成1死2傷；2023年廣西陽朔多個「暴走團」搶佔非機動車道，導致車輛無法通行；2025年7月，遼寧朝陽更有「暴走團」阻擋2輛消防車及1輛救護車通行，僵持近2分鐘。此外，2024年11月11日晚，珠海香洲區體育中心發生車輛無差別衝撞事件致35死43傷，事發時操場上亦有不少穿著統一制服的「暴走團」成員受波及。2025年11月，大批穿著統一服裝的大叔大媽由深圳赴香港，在維港、西九文化區及麥理浩徑等地列隊徒步並大聲播放音樂，引來路人側目。中國現行「道路交通安全法」自2004年施行以來，雖曾於2007年、2011年及2021年進行過局部修正，但本次修訂草案是20多年來的首次「全面大修」，並於今年8月28日正式在中國人大網等平台公開徵求意見。    ,https://news.ltn.com.tw/news/world/breakingnews/5566144
無人機風波 俄報復關閉德國駐聖彼得堡總領事館,國際,2026/09/07 23:15,俄國政府下令限期關閉德國駐聖彼得堡總領事館。（法新社檔案照）俄羅斯政府今（7）日宣布，由於德國關閉了俄國駐波昂（Bonn）領事館及柏林（Berlin）俄羅斯文化中心，將關閉德國駐聖彼得堡（St. Petersburg）總領事館作為回應。《路透》報導，俄羅斯外交部在聲明中指出，德國在聖彼得堡的總領事館必須在9月18日之前關閉，另外德國歌德學院在俄國境內的文化中心也必須停止運作，員工須在9月13日前離境。請繼續往下閱讀...俄羅斯外交部在聲明中表示：「是德國當局再次挑起雙邊關係的新一輪升級。德國政府必須為所有後果承擔一切責任。」德國政府近期指控俄國試圖用無人機對萊比錫哈勒機場（Leipzig/Halle Airport）發動攻擊，因此關閉俄國外交領事館，俄國政府則否認指控，稱其為「荒謬捏造」。    ,https://news.ltn.com.tw/news/world/breakingnews/5566288
比往年高出逾3度！義大利迎最熱8月 2026恐成史上最熱年,國際,2026/09/07 22:43,義大利今年夏天的平均氣溫達攝氏24.3度，為1950年有紀錄以來最熱的夏季。（歐新社檔案照）義大利國家研究委員會生物經濟研究所（CNR-IBE）今（7）日表示，義大利今年夏天的平均氣溫達攝氏24.3度，為1950年有紀錄以來最熱的夏季，而今年可能會是義大利史上最熱的一年。《路透》報導，生物經濟研究所指出，今年夏季義大利平均氣溫達到24.3度，其中8月份是今年最熱的月份，平均氣溫達25.6度，比1951至1980年的平均氣溫還高出5.2度，亦比1991至2020年的平均氣溫高出3.5度。請繼續往下閱讀...研究員亞西迪亞可（Lorenzo Arcidiaco）指出，這些數字顯示2026年將成為義大利自 1950年開始記錄氣溫以來最熱的一年，且7月及8月均創下最高溫紀錄，「2026年8月測得平均氣溫25.6度，超越了2024年的24.6度以及2017年8月的24.0度紀錄。」義大利國家研究委員會（CNR）為該國規模最大的公共研究機構。    ,https://news.ltn.com.tw/news/world/breakingnews/5566291
航海王也沒轍！巴拿馬運河陷缺水危機 每天恐只放行27艘船,國際,2026/09/07 22:35,巴拿馬運河航行量每日已降至32艘。（法新社檔案照）全球航運困境恐進一步加劇，除了陷入伊朗戰爭的荷姆茲海峽外，巴拿馬運河也因水位下降，航行船隻縮減，未來幾月可能減至每日僅允許27艘船通行。金融時報報導，巴拿馬運河管理局以1997年的降雨紀錄為基礎，模擬該運河「最嚴重景況」的船隻航行量，1997年是巴拿馬運河遭遇到最乾旱的年份。目前該運河每日航行量已從通常平均的36艘縮減至32艘。水位下降迫使運河管理局限制運河的航運量。請繼續往下閱讀...新任運河管理局局長艾斯皮諾德馬羅塔（Ilya Espino de Marotta）說，「氣候變遷是最重要的事，我們可以看到旱年發生的頻率正上升」。他警告，缺水儼然成為每3年就發生1次的問題。全球逾3%貿易取道連接大西洋與太平洋的巴拿馬運河，而該運河依靠淡水儲備運作船閘。管理局已採取節水措施並減少船隻通行，以便在12月至4月中旬的乾季之前保存淡水供應。與此同時，全球航運正面臨中東衝突與荷姆茲海峽航運限制的干擾。巴拿馬運河的船隻通行成本飆漲，標準船閘與大型船閘的平均拍賣價格從1至2月的6萬6150美元、25萬3180美元分別上漲至47萬8750美元、125萬美元。BW LPG執行長索倫森（Kristian Sorensen）說，「巴拿馬運河是大宗商品走勢以及貿易格局的變數」。該運河通行量的可能縮減對全球貿易與大宗商品流動進一步承壓，一些航運公司已將航程較長的船舶改道繞行非洲或南北。    ,https://news.ltn.com.tw/news/world/breakingnews/5566282
北韓與俄羅斯首座公路橋啟用  俄總理：2國合作更添動力,國際,2026/09/07 22:32,在通車儀式上，俄羅斯國旗迎風飄揚，北韓卡車駛過橫跨圖們江的俄朝新公路橋。（圖片來源：俄羅斯交通部/法新社）俄羅斯國家通訊社塔斯社（TASS）報導，北韓與俄羅斯今天啟用首座公路橋，這座橋橫跨流經中俄邊境的圖們江（Tumen River），被視為雙方戰略夥伴關係的重要里程碑。路透報導，這座公路橋位於既有的鐵路橋「友誼橋」附近。目前，莫斯科與平壤已經有直飛航班和直達旅客列車。請繼續往下閱讀...俄羅斯總理米舒斯京（Mikhail Mishustin）表示，這座橋有助促進兩國包含觀光在內不同領域的發展以及創造就業機會。塔斯社引述米舒斯京在公路橋啟用典禮的視訊致詞表示：「我相信，跨境交通基礎建設的擴張，將為雙邊貿易、經濟、科學、技術與文化合作的進一步發展帶來強大動力。」新橋的建設歷經多年討論後，於去年4月動工。俄羅斯總統普廷（Vladimir Putin）2024年造訪北韓期間達成這項建設協議。自2022年烏俄戰爭爆發以來，北韓與俄國關係日益緊密，平壤派遣數千名軍人赴俄羅斯庫斯克州（Kursk），助莫斯科在2024年擊退來襲的烏克蘭軍隊。    ,https://news.ltn.com.tw/news/world/breakingnews/5566271
「中國版馬斯克」牛皮吹破！追覓科技創辦人俞浩 爆欠款危機,國際,2026/09/07 22:24,"被戲稱「中國版馬斯克」的追覓科技創辦人俞浩，去年8月宣布要「打造世界上最快的車」，如今造車夢碎，還面臨供應商討債窘境。（取自中國清華大學官網）曾公開向蘋果、輝達（Nvidia）、特斯拉開嗆，並大搞跨界經營的中國追覓科技（Dreame），1年前才正式宣布要「打造世界上最快的車」，但因牛皮吹太大，轉眼之間牛皮就吹破，大量供應商上門討債。追覓科技近日已宣告，放棄汽車業務量產計劃。X平台9月初流傳一段追覓科技供應商上門討債的影片，影片中一名被指為供應商的男子站在辦公桌上喊話，該男子稱相關款項已被拖欠1年，員工家人患病住進ICU急需用錢。有網友表示，這家沒有真正科技含量，充滿泡沫的科技公司，大廈將傾就在一夜之間。請繼續往下閱讀...追觅模式终于玩不转了？自称要做中国版马斯克，到处开公司要地方补贴的追觅科技，被曝已有大量供应商，在办公室维权要欠款，同时办公室绝大多数工位已经空置。从 5 月份猜测预言，到 9 月出现供应危机，也太快了。 https://t.co/kCiVDAatHr pic.twitter.com/VHvav6E8tQ— AB Kuai.Dong （@_FORAB） September 1, 2026 追觅模式终于玩不转了？自称要做中国版马斯克，到处开公司要地方补贴的追觅科技，被曝已有大量供应商，在办公室维权要欠款，同时办公室绝大多数工位已经空置。从 5 月份猜测预言，到 9 月出现供应危机，也太快了。 https://t.co/kCiVDAatHr pic.twitter.com/VHvav6E8tQ追覓科技最初主要生產掃地機器人和吸塵器，但近年來其瘋狂跨界，已從家電延伸至新能源汽車、智慧手機、大模型人工智慧（AI）、自研晶片、智慧戒指，甚至傳出將打入無人機、小行星探索和太空採礦等領域，創辦人俞浩因為野心勃勃，還曾被中國網友戲稱「中國版馬斯克」。中媒《第一財經》8月22日曾報導，去年8月28日追覓科技正式宣布，要打造世界上最快的車。俞浩在公開信中寫道：「造車，是工業的王冠、技術的終極戰場，也是一場『九死一生』的遠征。」追覓科技當時甚至發布了對標法國超跑布加迪（Bugatti）的超豪華純電跑車。但這場聲勢浩大的造車遠征，在不到1年時間便急轉直下。《第一財經》在過去4個月內，透過多方訊息交叉求證，並結合工商資料、現場走訪、辦公場所實地觀察，以及多位內部知情人士的說法，進而發現追覓汽車高管已密集啟動外部求職，汽車事業部門員工出現大量離職與被裁，辦公區域大量座位閒置。追覓科技汽車事業部分旗下的「星空計劃」辦公地點，位於江蘇省蘇州市吳中區某產業園的6號大樓裡，8月下旬，化名李達的為員工受訪表示，「星空計劃」現正按照8月的裁員名單進行裁員，而這樣的裁員動作2個多月前就開始了。由於公司對汽車供應商的欠款不少，部分高管留下來善後。今年1月，俞浩發布了一段關於追覓新車Nebula NEXT 01亮相的影片。此後，星空計劃發布了Nebula NEXT 01系列共3輛車。李達表示，這其實是模型車，根本不能開。公司一共定製了10輛不同顏色的模型車，每輛成本大約在300萬元人民幣（新台幣1410.5萬元）。去年華東某地曾公開展示「星空計劃」用地，規模合計41.44萬平方公尺（12.5萬坪），但中媒今年5月中下旬實地探訪發現，這塊地的草比人長得還要高。與此同時，追覓科技公開訊息也顯示，該公司宣稱的海外建廠、首輪融資及代工合作均未實現。在追覓科技，光造跑車的就有3個事業部，除了「星空計劃」，還有「星辰未來」和「星際穿越」，但均踢到鐵板。在布局造車期間，追覓科技同時孵化2家電池公司「光年引擎」和「晶核能源」，「光年引擎」目前也正大量裁員。諷刺的是，俞浩今年1月12日曾在朋友圈發表驚人言論，稱追覓科技將成為人類史上首個市值達百兆美元的公司。這個目標遠高過當前全球市值最大企業輝達（5.56兆美元，新台幣175.4兆元），甚至高於美股總市值（約75.3兆美元，新台幣2375.9兆元）。俞浩當時吹牛，以馬斯克、黃仁勳為代表的企業家可將單一公司市值提升至8至10兆美元，他還說，「但是他們老了，我比他們小一代」，自稱作為「更年輕一代」，目標是將企業價值再提高一個數量級，實現「百兆美元生態」。    ",https://news.ltn.com.tw/news/world/breakingnews/5566285
德國極右翼「另類選擇黨」親俄 掌情報單位權限引擔憂,國際,2026/09/07 22:21,極右翼政黨「另類選擇黨」（AfD）地方選舉大勝，撼動德國政治版圖。（彭博）德國極右翼政黨「另類選擇黨」（AfD，下稱選擇黨）在6日進行的德國薩克森－安哈特（Saxony-Anhalt）邦議會選舉中，以近44％選票贏得39席邦議員席次，日後若順利執政邦政府，產生的安全疑慮引發官員擔憂。選擇黨的政策包括加速驅逐無證移民，停止對俄羅斯的制裁和對烏克蘭的援助，提升本土德國人社會福利以及推動脫歐等。請繼續往下閱讀...華爾街日報指出，選擇黨執政後將掌握地方警力，以及用於保障憲法不受損害的「憲法保護局」地方部門，而選擇黨正是在去年遭憲法保護局正式認定為極端組織。立場親俄的選擇黨握有憲法保護局管轄權引發部分官員擔憂。圖林根邦內政部長邁爾（Georg Maier）向華爾街日報透露，邦內的選擇黨議員反覆索取關於防衛設置、反無人機措施和俄羅斯諜報行動的機密檔案，利用議會程序迫使政府回應；法新社報導，什列斯威－霍爾斯坦邦總理君特（Daniel Günther）坦言，一個被列為極端右翼組織的政黨差點取得絕對多數席次是二戰以來首見，「這是一次震驚我國的時刻」。    ,https://news.ltn.com.tw/news/world/breakingnews/5566295
德國地方大選極右翼狂捲44％選票！總理梅爾茨防火牆失效,國際,2026/09/07 22:11,極右翼「另類選擇黨」聲勢與日俱增，衝擊總理梅爾茨設下的極端主義防火牆。（法新社）德國薩克森－安哈特（Saxony-Anhalt）6日舉行邦議會選舉。結果顯示，極右翼政黨「另類選擇黨」（AfD，下稱選擇黨）囊括近44％選票，創下自1950年代以來政黨在地方選舉的最佳表現，也重擊了德國總理梅爾茨對選擇黨設下的防火牆。華爾街日報指出，選擇黨的歷史性勝利，使得數十年來因極端主義將該黨拒於門外的主流政黨，面臨是否打破堅持，與之合作的兩難困境。尤其對梅爾茨來說，更是對自身及其黨派的命運抉擇。請繼續往下閱讀...報導分析，梅爾茨仍可以堅持排擠選擇黨，與其他獲得席次的政黨合作，但此舉勢必將納入具有8席的「左翼黨」（Left Party）與5席的極左翼「莎拉瓦根克內希特聯盟」（BSW）。已有基民盟邦議員對這樣的反選擇黨政府抱持強烈抗拒。鑒於梅爾茨當前支持度低靡，要是自家黨員出現反抗，恐進一步衝擊其在黨內日漸削弱的聲望。若是將決定權下放給地方議員，則可能使梅爾茨的聯合政府陷入瓦解風險。與基民／基社盟（CDU/CSU）聯合執政的中左派社會民主黨（SPD），堅定反對與選擇黨建立任何合作關係。    ,https://news.ltn.com.tw/news/world/breakingnews/5566281
傳全自主無人機殺烏克蘭平民 聯合國人權專員籲禁止,國際,2026/09/07 21:50,圖為日前俄羅斯無人機攻擊烏克蘭哈爾科夫的民宅，援救人員進行現場搜救。（路透）有媒體報導全自主無人機在烏克蘭殺害平民，聯合國人權事務高級專員圖克今天對此事表示震驚，並呼籲緊急禁止這類能在無人為介入下奪取性命的武器。法新社報導，圖克（Volker Turk）在聯合國人權理事會（UNHRC）說，對於有報導稱俄羅斯發射的全自主無人機殺害3名烏克蘭人，他深感震驚。請繼續往下閱讀...圖克強調，也有報導指出烏克蘭曾實地測試過這類武器。「紐約時報」（The New York Times）上月報導，一架完全由人工智慧（AI）系統引導的俄羅斯無人機7月6日在烏克蘭東南部札波羅熱州（Zaporizhzhia）殺害3名平民。根據紐時報導，雖然這架無人機是由人類操作者預先設定前往某座特定加油站，它最後是在無人為介入的情況下自行選定確切目標，很可能是丙烷槽。國際組織與非政府組織日益加強施壓，要求規範所謂「致命自主武器」，即俗稱的「殺手機器人」。圖克今天說：「我加入緊急禁止能在無人為介入下奪取性命的武器的呼籲行列。」經過多年討論，128個國家本月5日在聯合國就自主武器的定義達成共識，儘管非政府組織指控美國和俄羅斯試圖削弱已議定的文本。各國預計於11月決定，是否正式展開規範自主武器的條約談判。    ,https://news.ltn.com.tw/news/world/breakingnews/5566260
德國東部電網連續攻擊事件 當局拆除21枚爆裂物,國際,2026/09/07 21:39,德國東部薩克森邦檢方今天表示，當局在調查電網遭攻擊案件時，共發現21枚爆裂物，並且全數拆除。圖為此前德國警方處理萊比錫機場載有爆裂裝置的無人機。（路透檔案照）德國東部薩克森邦（Saxony）檢方今天表示，當局在調查電網遭攻擊案件時，共發現21枚爆裂物，並且全數拆除。相關攻擊使當局連續數日保持高度警戒。路透報導，德國警方與檢方發表聯合聲明指出，調查人員週末在德國東部戈爾萊茲區（Goerlitz）格勞斯坦（Graustein）變電站以南高壓電線附近，再發現9枚自製爆裂物，累計發現數量已達21枚。請繼續往下閱讀...德國上週接連發生數起電網破壞事件，此前今年8月萊比錫-哈雷機場（Leipzig/Halle Airport）也曾遭無人機攻擊，德國政府已認定俄羅斯應對無人機攻擊負責，連串事件引發歐洲對德國關鍵基礎設施安全的疑慮。德國警方4日曾指出，他們在一名男子家中發現疑似爆裂物，目前正追查這名男子，該男曾寄信聲稱犯下上週接連發生的電網破壞事件，目前仍未落網。    ,https://news.ltn.com.tw/news/world/breakingnews/5566250
受賄4.4億 中國證監會前副主席王建軍判無期徒刑,國際,2026/09/07 21:08,中國證監會前副主席王建軍。（圖擷自微博）中國證券監督管理委員會（證監會）前副主席王建軍受賄案今天一審判無期徒刑，剝奪政治權利終身，並沒收個人全部財產。法院調查，王建軍受賄人民幣9340萬餘元（近台幣4.4億元）。人民日報客戶端報導，山東省濰坊市中級人民法院作出上述一審宣判，並對追繳在案的王建軍受賄所得及孳息依法上繳國庫，不足部分繼續追繳。請繼續往下閱讀...根據法院公布的審理內容，王建軍自2005年至2019年利用擔任中國證監會雲南監管局副局長及中共黨委委員，中國證監會辦公廳副主任、市場監管部主任等職務上的便利，以及職權或地位形成的便利條件，為單位和個人在公司上市、企業融資、業務承攬等方面謀取利益，直接或通過他人非法收受財物共人民幣9340萬餘元。濰坊市中級法院認為，王建軍構成受賄罪，受賄數額特別巨大，並使國家和人民利益遭受特別重大損失，應依法懲處。鑒於他到案後如實供述罪行，主動交代辦案機關尚未掌握的部分受賄事實，認罪悔罪，涉案贓款贓物部分已追繳，具有法定、酌定從輕處罰情節，依法可從輕處罰。據報導，濰坊市中級法院6月10日公開開庭審理時，王建軍進行最後陳述，當庭表示認罪悔罪。根據網上公開資料，王建軍於2021年10月開始擔任中國證券監督管理委員會（證監會）副主席及黨委委員。中共中央紀委及國家監委網站在2025年4月30日公布王建軍涉嫌嚴重違紀違法，接受紀律審查和監察調查，隨後於5月被免職，11月被立案調查。    ,https://news.ltn.com.tw/news/world/breakingnews/5566122
菲律賓防洪弊案滾雪球！總統表弟涉收37億回扣,國際,2026/09/07 20:59,菲律賓法院對總統小馬可仕（左）的表弟、前眾議院議長羅慕德斯（右）發布逮捕令。（法新社檔案照）菲律賓法院今（7）日對總統小馬可仕（Ferdinand Marcos Jr.）的表弟、前眾議院議長羅慕德斯（Martin Romualdez）發布逮捕令。羅慕德斯被指控在公共防洪工程中收取高達74億披索（約合新台幣37.28億）的回扣。《路透》報導，菲律賓監察使公署指控羅慕德斯在2022到2025年期間，於涉及防洪工程相關的佣金、承諾費等款項中上下其手，非法收取了約74億披索的不義之財，但在這段期間擔任眾議院議長的羅慕德斯則堅決否認有任何不當行為。請繼續往下閱讀...羅慕德斯不僅是總統小馬可仕的表親，也是小馬可仕的核心政治盟友，而2個月前小馬可仕才宣示要加強打擊貪腐，他當時強調，他不是家族的總統，也不是朋友的總統。監察使雷穆拉（Jesus Crispin Remulla）向媒體表示：「我們沒有針對任何人，一切都是有證據作為依據。這起案件證明了我們不偏袒任何一方，我們只是希望該負起責任的人會被究責。」小馬可仕去年指出，這筆高達5450億披索（約合新台幣2746億）的防洪預算裡頭充斥著違規舞弊，因此誓言進行全面追查。目前已有數十名小馬可仕政府的官員因牽涉到防洪預算的貪腐醜聞而被拔官或自行請辭，其中包括小馬可仕的文官長、公共工程部長以及預算部長，另外還有2名現任參議員、1名前參議員以及至少8名公共工程官員被羈押。    ,https://news.ltn.com.tw/news/world/breakingnews/5566193
吃飽就喊肚子痛！中國情侶偽造診斷書逼店家退款 騙吃逾50家餐廳,國際,2026/09/07 20:41,中國情侶靠假裝腸胃炎，騙吃超過50家餐廳。（圖擷取自微博）中國天津日前發生一起離譜的「霸王餐」案件，一對年輕情侶偽造醫院診斷證明與收據，聲稱在用餐後得到急性腸胃炎，並以給負評、發文公審的方式威脅店家退款兼賠償，兩人以相同手法連續勒索50多家餐廳，得手金額約2萬元人民幣（約新台幣9萬元），遭警方逮捕。據中媒報導，天津市河西區多家餐廳近期遭到惡意索賠，一名自稱「張媛」的女子在店內用餐不久後，指控餐廳的食材不衛生，導致她引發急性腸胃炎，她出示看似逼真的醫療診斷書與門診收據，要求餐廳全額退還餐費與醫療費，若提出質疑，女子就以留負評當作威脅，多數店家考量營業口碑受損，選擇花錢消災、息事寧人。請繼續往下閱讀...然而，隨著當地通報類似爭議的店家越來越多，警方發現不僅數十起投訴案都是同一個人，而且不同店家收到的診斷證明格式、病名內容全都一樣，實在是太巧，調閱店內監視器後發現，涉案女子與男友用餐時有說有笑、神色自若，完全不像是有身體不舒服的樣子，經過進一步查證，警方確認兩人出示的診斷證明與收據都有經過偽造，發現自稱「張媛」的女子姓王，而隨行的男友過去早有類似前科。警方於本月2日將兩人逮捕，經統計，兩人利用此手法累計作案達50多起，獲利超過2萬元人民幣，全案進一步審理當中。    ,https://news.ltn.com.tw/news/world/breakingnews/5566103
美特使訪問俄烏 克里姆林宮：不排除重啟三方和平會談,國際,2026/09/07 19:55,克里姆林宮發言人佩斯科夫（左）表示，俄國不排除與美國及烏克蘭進行三方會談。（路透檔案照）克里姆林宮今（7）日表示，俄羅斯不排除重啟與烏克蘭及美國三方和平談判的可能性，但目前還不能斷言談判的舉辦時間與地點。《路透》報導，克里姆林宮發言人佩斯科夫（Dmitry Peskov）今日被問及美國特使魏科夫（Steve Witkoff）及庫希納（Jared Kushner）訪問俄羅斯與烏克蘭一事時發表了上述言論。請繼續往下閱讀...當被問及三方和平談判是否會重啟時，佩斯科夫告訴記者：「至於重啟三方機制的議題，你們昨天已經聽到基輔方面的聲明，庫希納先生也發表過類似聲明。我們同樣不排除重啟這種三方形式的可能性，但若要討論具體地點還有確切日期，現在還太早了。」佩斯科夫拒絕透露美國特使所帶來的最新和平提案內容，但他強調，不排除安排總統普廷與美國總統川普通電話，以討論美國特使此趟訪問俄烏的成果。佩斯科夫說：「無庸置疑，任何嘗試......都是往和平邁出了一小步，對於美國談判代表建構和平的努力，我們真心給予高度肯定。普廷總統本人也曾表示，他對川普總統的努力給予高度評價，並感謝川普總統對這條和平之路的堅定承諾。」    ,https://news.ltn.com.tw/news/world/breakingnews/5566152
花2千元買搞笑狐狸頭標本！專家發現竟是「滅絕奇獸」 轉手漲千倍,國際,2026/09/07 19:31,袋狼標本最終以8.5萬美元拍賣給收藏家。（擷取自Auctioneum）英國一名買家日前逛鄉村市集時，被一個長著大眼、疑似狐狸頭部的標本吸引，當下只覺得標本長得很搞笑，就花67美元（約新台幣2100元）買下，結果這個動物標本後來被發現不是狐狸，而是滅絕近百年的珍稀奇獸「塔斯馬尼亞虎」（Tasmanian tiger，又稱袋狼）標本，最終以8.5萬美元（約新台幣270萬元）拍賣給收藏家，身價暴漲超過千倍。綜合《紐約郵報》報導，38歲標本收藏家克蘭菲爾德（James Cranfield）平時熱衷蒐集各種造型奇特、甚至有些古怪的標本，日前他瀏覽「Auctioneum」拍賣網站時，發現一件被標示為「19世紀狐狸頭標本」的拍賣品，沒想到照片放大後，他愈看愈覺得不對勁。請繼續往下閱讀...克蘭菲爾德很快察覺，眼前這件標本恐怕不是狐狸，而是早已滅絕的袋狼，為了親自確認，他在拍賣當天與未婚妻開車約3.5小時趕赴現場查看標本實體。克蘭菲爾德到現場檢查發現，標本擁有8顆上門齒，而狐狸只有6顆，這項特徵與袋狼吻合，讓他更加確信自己的判斷，消息傳開後，現場隨即掀起激烈競標，最終他以8.5萬美元標下。報導指出，事後克蘭菲爾德安排標本接受X光及電腦斷層掃描，影像顯示標本皮毛下方仍保存相當完整的頭骨，國際袋狼標本資料庫（International Thylacine Specimen Database）後續也確認，這顆看似好笑的「狐狸頭」，是真正的袋狼頭部標本。袋狼曾廣泛分布於新幾內亞熱帶雨林、澳洲草原等地，不過受到人類獵捕、及棲息地破壞影響，袋狼已成為極為罕見的野生動物。世界最後一隻袋狼於1936年死於塔斯馬尼亞一家動物園，之後就再也沒有出現科學界確認的活體紀錄。收藏家克蘭菲爾德將袋狼標本買下。（擷取自Cranfield's Curiosity Cabinet）    ,https://news.ltn.com.tw/news/world/breakingnews/5566051
路透：共軍加速投入軍用人形機器人 模擬城鎮戰與對台攻擊,國際,2026/09/07 19:09,8月在中國舉辦的世界人形機器人運動會結束後，「解放軍報」隨即呼籲加速將實驗室的尖端技術轉移至軍事訓練場，打造機器人「戰鬥員」。（路透檔案照）路透檢閱逾百份中國軍方採購公告、學術研究與官方文件後發現，中國國防機構正加速研發人形機器人的軍事用途，並為其最終的戰時部署作準備，相關工作在2025年與2026年動能大增，重點聚焦於機器人感知、靈巧操作與訓練數據。在探討軍用人形機器人的潛在戰場時，台灣與城鎮戰成為共軍模擬的關鍵目標。報導指出，共軍東部戰區去年12月曾發布一段人工智慧（AI）生成影片，展示包括人形與四足機器人在內的軍用機器人，在假想的未來衝突中大舉壓制台灣的防禦。中國國防科技大學（NUDT）研究人員在2025年8月發表的論文中，更描繪具體的城鎮戰願景：將人形機器人或機器狗編入突擊隊，配合地面部隊逐層、逐房清除遭敵軍佔領的建築物。請繼續往下閱讀...對此，台灣國防安全研究院（INDSR）學者受訪指出，人形機器人在平衡與感知上的進步，使其在建築物、隧道與船艦內部極具實用性，其雙手雙腳理論上可完美結合機動力與操作能力，但若是單純的後勤或偵察任務，四足或輪型機器人目前仍較具成本與規模化部署效益。全球軍事科技正快速演進，尤其烏克蘭戰爭充分展現無人機與機器人在偵察、攻擊與後勤上的價值。上個月在中國舉辦的世界人形機器人運動會結束後，中共中央軍事委員會機關報「解放軍報」隨即呼籲研究人員，加速將實驗室的尖端技術轉移至軍事訓練場，打造機器人「戰鬥員」。美國銀行全球研究（BofA Global Research）資料顯示，中國製造商在2025年佔全球人形機器人出貨量高達約95％，這種壓倒性的商業優勢讓共軍得以輕易掌握並轉化民間技術。儘管美國陸軍也正尋求開發軍事化人形機器人以配合士兵作戰，但美國機器人產業在雙足與四足機器的發展上已大幅落後於中國。隨著研發從學術界擴展至國防工業，中國軍方近年不僅舉辦模擬「潛入敵後」的機器人競賽，更釋出多項採購標案。在實體應用上，中國國有防務巨頭北方工業（Norinco）製造的「伏羲」（Fuxi）全尺寸人形機器人，號稱具備遠端操作功能，可執行哨兵、全天候偵察與高危險任務。    ,https://news.ltn.com.tw/news/world/breakingnews/5566150
才澄清沒戴假髮！川普「招牌金髮消失」 罕見棕髮亮相,國際,2026/09/07 18:59,"美國總統川普4日以棕色頭髮亮相，引發網友熱烈討論。（路透社）美國總統川普（Donald Trump）長年以來都頂著招牌蓬鬆金髮，鮮少在鏡頭前大幅更換造型，然而，他近日被媒體捕捉到髮色明顯轉為棕褐色，這般巨大轉變立刻在社群平台掀起熱烈討論。綜合外媒報導，川普於上週五（4日）搭乘空軍一號抵達紐澤西州莫里斯敦市立機場，準備在貝德明斯（Bedminster）的高爾夫俱樂部度過週末，當他走下機艙揮手致意時，現場媒體隨即發現，川普的招牌金髮已被深棕色取代。請繼續往下閱讀...畫面曝光後，社群媒體瞬間炸鍋，許多網友驚呼：「川普變成棕髮絕對不在我的2026年預測清單上！」、「這在開玩笑吧」、「他的頭髮怎麼了」、「看起來不太自然」，不過也有網友表示新髮色看起來相當優雅而且很有活力，認為棕髮很適合秋季。美國新聞工作者阿里（Yashar Ali）發文坦言，要不是自己從圖庫Getty Images下載照片確認，根本不敢相信自己的眼睛，作家拉莫特（Anne Lamott）則大讚新造型顯得川普精神奕奕，甚至看起來頗有007演員皮爾斯·布洛斯南（Pierce Brosnan）的韻味。據了解，這場「髮色風波」剛好發生在川普公開駁斥戴假髮傳言的幾天之後，他於本月2日才在公開演說中強調自己絕對沒有戴假髮，並幽默重提2024年在俄亥俄州的一場強風造勢活動，表示「如果是假髮，當天早就被風吹跑了。」不過，川普過去也曾有短暫變換造型的紀錄，他在2019年造訪維吉尼亞州一所教堂時，曾以罕見的「後梳油頭」現身，但數小時後面對媒體時便已恢復招牌蓬鬆髮型。另外，川普週六（5日）在球場打高爾夫球時，全程戴著紅色球帽遮掩頭髮，因此很難判斷他的棕色髮型是否還在，以及確切是染髮還是戴假髮，針對外界對髮色的熱烈討論，白宮方面目前尚未給予正式回應。what is the world is going on with Trump's hair?（Jim Watson/AFP via Getty） pic.twitter.com/T3DVSQZd2g— Aaron Rupar （@atrupar） September 5, 2026 what is the world is going on with Trump's hair?（Jim Watson/AFP via Getty） pic.twitter.com/T3DVSQZd2g川普在2019年造訪教堂時，曾短暫以「後梳油頭」現身。（法新社）    ",https://news.ltn.com.tw/news/world/breakingnews/5565927
涉非法轉移半導體技術至中國 比利時逮捕雙重國籍男子,國際,2026/09/07 18:25,比利時檢調單位證實，一名具有中國及比利時雙重國籍的男子今年5月因涉嫌將半導體技術非法轉移至海外而被捕。示意圖。（美聯社）比利時檢調單位今（7）日證實，一名具有中國及比利時雙重國籍的男子今年5月因間諜罪名被捕，他涉嫌將半導體技術非法轉移至海外，而他曾任職的公司目前已宣告破產。《路透》報導，比利時檢察官指出，這名52歲男子曾任職於比利時微晶片製造商Belgan，並擔任高階職位，但他疑似同一時間也在一家中國公司擔任董事，而這間公司生產的晶片類型與Belgan相同。請繼續往下閱讀...Belgan是一家專門生產氮化鎵（gallium nitride）半導體的晶片製造商，已在2024年7月宣告破產。檢察官強調，該間中國公司背後有中國投資基金資助，且成立時間點是該名男子進入Belgan的幾個月後；該名男子涉嫌利用職務，將涉及用於電動車、航太及軍事領域的氮化鎵晶片的智慧財產權及商業機密非法轉移至國外。檢察官補充說，涉案男子目前仍被羈押，他此前定居在比利時，今年5月在扎文騰機場（Zaventem Airport）被捕，當時他正準備搭機前往北京，而本案的第2名嫌犯目前依然在逃。    ,https://news.ltn.com.tw/news/world/breakingnews/5566038
暴雨強襲日本福島！2汽車受困淹水地下道 6旬婦人喪命,國際,2026/09/07 18:13,"日本福島縣磐城市一處地下通道因大雨淹水，2輛汽車逃生不及受困。（圖擷取自「日テレNEWS」YouTube）受到滯留鋒面影響，日本關東、東北等地區從昨（6）晚間今（7）日降下猛烈強降雨，多地傳出淹水災情。其中，福島縣磐城市一處地下通道因大雨淹水，導致2輛汽車逃生不及受困，救援人員獲報趕赴現場搜救，一名60多歲婦人被救出時已失去意識，送醫搶救後仍宣告不治。綜合日媒報導，磐城市消防總部表示，事發地點在磐城市鹿島町米田一處地下道，當地時間今日早上7點40分左右，有民眾通報目睹車輛被水淹沒。消防人員抵達現場後，確認有2輛車受困，其中一輛車的駕駛已自行脫困，因此消防人員全力搜救另一輛車，救出一名年約60多歲、失去意識的婦人，送醫後仍回天乏術。請繼續往下閱讀...報導指出，日本福島縣磐城市今天上午起持續降下大雨，當地一度出現每小時40毫米的猛烈雨勢，截至目前降雨仍未停歇。由於事發地點位於餐廳、購物中心等商家林立的區域附近，目前已被福島縣政府列為「易淹水危險地點」；除該地下通道，磐城市錦町德力也傳出有汽車被水淹沒，所幸駕駛順利逃出車外，並未傳出生命危險。段々ひどくなってます！みなさん通らない方がいいです！ #いわき市 #福島県 #小名浜 #林城 #空ネット #雨 #災害級 #大雨 #避難レベル #避難レベル pic.twitter.com/E4LsFcPFsJ— 鹿島あー （@BgHs7TdPS0ReE1B） September 6, 2026 段々ひどくなってます！みなさん通らない方がいいです！ #いわき市 #福島県 #小名浜 #林城 #空ネット #雨 #災害級 #大雨 #避難レベル #避難レベル pic.twitter.com/E4LsFcPFsJ    ",https://news.ltn.com.tw/news/world/breakingnews/5565997
俄羅斯北高加索山區雪崩奪命 至少11死6傷,國際,2026/09/07 17:46,"路透報導，當地時間昨天下午5時（格林威治標準時間14時）左右，北高加索地區（North Caucasus）最高峰之一的米吉爾吉山（Mount Mizhirgi）發生雪崩，33名登山客遭襲擊。（截圖自X）位於北高加索的俄羅斯卡巴狄諾-巴卡里亞自治共和國（Kabardino-Balkaria）有一群登山客昨天遭遇雪崩，當地緊急救援單位表示，至少11人死亡、6人受傷。路透報導，當地時間昨天下午5時（格林威治標準時間14時）左右，北高加索地區（North Caucasus）最高峰之一的米吉爾吉山（Mount Mizhirgi）發生雪崩，33名登山客遭襲擊。請繼續往下閱讀...根據緊急救援單位的說法，截至今天上午9時，已有10名登山客自行下山，仍有6人下落不明。他們指出，超過50名救難人員參與搜救，但艱困的地形以及再度雪崩的高風險，阻礙了救援工作。The moment an avalanche came down in the mountains of Kabardino-BalkariaA mass of snow that descended from an altitude of 5,000 meters buried a group of 15 climbers in the Bezengi Gorge.According to preliminary data, seven people were killed.Official EMERCOM reports from… pic.twitter.com/DsHHN6bXo5— Russian Market （@runews） September 7, 2026 The moment an avalanche came down in the mountains of Kabardino-BalkariaA mass of snow that descended from an altitude of 5,000 meters buried a group of 15 climbers in the Bezengi Gorge.According to preliminary data, seven people were killed.Official EMERCOM reports from… pic.twitter.com/DsHHN6bXo5    ",https://news.ltn.com.tw/news/world/breakingnews/5565982
自由說新聞》中國上演「救災秀」CNN也認證？  陳破空嗆爆：給小粉紅一記當頭棒喝,國際,2026/09/07 17:43,全新的視界！新聞話題不漏接，快訂閱YouTube 【自由追新聞】，記得開啟小鈴鐺哦！    ,https://news.ltn.com.tw/news/world/breakingnews/5566023
15歲少年竟成毒梟「殺手」！ 從穿球衣踢球到扛步槍 命喪槍戰,國際,2026/09/07 16:55,墨西哥15歲少年Chuchito Nini穿著戰術裝備、持槍拍照；相關照片在社群平台流傳，他被指涉入「洛斯雷耶斯販毒集團」。（圖取自社群媒體）墨西哥一名15歲少年被指成為販毒集團「殺手」，擔任毒梟叔叔的貼身保鑣，還涉嫌招募其他未成年人；他8月30日在西部米卻肯州（Michoacán）一次軍事行動中與叔叔一同死亡，生前照片也曝光他從穿足球衣踢球的少年，變成手持步槍、身穿戰術裝備的武裝分子。《紐約郵報》報導，這名少年名為阿爾貝托「丘奇托・尼尼」桑多瓦爾（Alberto “Chuchito Nini” Sandoval），據報是39歲毒梟巴拉甘（Luis “El R-5” Barragán）的姪子及貼身保鑣。巴拉甘是「洛斯雷耶斯販毒集團」（Cartel de Los Reyes）頭目，美國政府曾懸賞300萬美元追捕他。請繼續往下閱讀...300萬美元懸賞 叔叔也是美方通緝目標巴拉甘被美方列為毒品及槍械案件追緝對象，美國政府提供最高300萬美元獎金尋求協助逮捕。墨西哥軍方9月1日公布，軍警接獲情報後，在米卻肯州托昆博（Tocumbo）附近的Rodeo del Pinal農莊展開拘捕行動。《紐約郵報》引述米卻肯州檢方說法指出，Chuchito Nini除了擔任叔叔的貼身保鑣，還被指帶領殺手小隊，利用社群平台招募其他未成年人。墨西哥媒體也報導，他的社群帳號曾出現持槍、穿著戰術裝備的照片。早期照片則顯示，他曾穿著瓜達拉哈拉芝華士（Chivas de Guadalajara）足球衣、抱著足球，曾參加業餘足球隊；之後的照片中，他改穿戰術服裝、攜帶突擊步槍，社群帳號也留下多張武裝照片。墨西哥國防部公布的官方說法則較為簡短，僅表示軍方執行拘捕巴拉甘的行動時遭到槍擊，隨後還擊，巴拉甘與一名陪同者死亡，現場查扣2支自動步槍、彈藥及彈匣。☆少一份毒品就多一份健康，自由時報提醒您遠離毒品☆這名少年生前曾在社群平台展示槍械及武裝裝備。（圖取自社群媒體）    ,https://news.ltn.com.tw/news/world/breakingnews/5565975
以色列又炸黎巴嫩南部地區 至少11死包含2救難員,國際,2026/09/07 16:53,黎巴嫩南部村莊卡法爾魯曼的一棟住宅被以色列的空襲轟垮成瓦礫堆。（美聯社）黎巴嫩國營媒體指出，以色列今（7）日再度對黎巴嫩南部發動空襲，造成至少11人死亡，其中包括2名孩童。《英國廣播公司》（BBC）報導，黎巴嫩國家通訊社指出，以軍在週一凌晨對卡法爾魯曼（Kfar Rumman）一棟3層樓高的住宅大樓發動空襲，造成9人死亡，之後的第2波空襲又打中了一輛汽車，導致2名救難人員殉職。請繼續往下閱讀...以色列軍方表示，目前正在對相關報導進行調查。以色列昨（6）日以報復黎巴嫩真主黨（Hezbollah）的無人機攻擊為由，對黎巴嫩南部多個地區發起空襲，造成7人喪生。黎巴嫩總統奧恩（Joseph Aoun）警告，這些襲擊是「危險的局勢升級」，將導致美國斡旋而達成的以黎停火協議被破壞。    ,https://news.ltn.com.tw/news/world/breakingnews/5565966
日經亞洲：美中擬透過川習會討論AI安全議題,國際,2026/09/07 16:49,消息人士指出，中國國家主席習近平預計9月24日訪美會晤美國總統川普（Donald Trump），屆時華府將與中方討論一系列AI相關議題。圖為中國國家主席習近平與美國總統川普。（美聯社檔案照）日經亞洲（Nikkei Asia）引述消息人士報導，美國準備在9月稍後登場的美中領袖峰會向中國拋出人工智慧（AI）安全相關議題，為這2大強權在科技領域競爭之際開啟對話機會。消息人士指出，中國國家主席習近平預計9月24日訪美會晤美國總統川普（Donald Trump），屆時華府將與中方討論一系列AI相關議題，包含如何防範AI主導的網路攻擊。北京預料重提美方管制高階晶片輸中一事。請繼續往下閱讀...川習會登場前，AI已成為美中之間另一項重要議題。雙方討論過降低部分商品關稅，也有意延長貿易休戰，但在伊朗衝突和台灣議題上仍存歧見。3名位消息人士告訴日經亞洲，幾位美國科技業高層敦促財政部長貝森特（Scott Bessent）主導美中AI對話。其中1人指出，貝森特對於和中國就AI展開建設性談話感興趣。參與過美中貿易磋商的貝森特據悉也協助構思一項自律監管機構提案，旨在監督AI模型安全。路透社4日報導，貝森特預計9月中旬與中方展開AI安全風險對話。美國財政部對此暫未回覆媒體置評請求。據報導，包括頂尖AI實驗室和供應鏈業者在內的矽谷科技公司，正遊說川普政府在川習會與中國討論AI安全議題。雖然業界人士與高層訴求不盡相同，但普遍呼籲推動不同程度的雙邊交流。前微軟首席研究長芒迪（Craig Mundie）提議美國與中國共同監測即時代理型AI行動，並建立防範網路攻擊的機制。據悉這項提議屬純屬芒迪個人意見，非受川普政府所託。芒迪暫未對此發表置評。儘管有人提出這類建議，分析人士認為，要推動實質合作仍有重大阻礙。布魯金斯研究所（Brookings Institution）研究員陳凱新（Kyle Chan，音譯）表示：「整體來看，我的期望很低，對於達成重大協議期望不高。美方想對中方提出很多負面議題，包括模型蒸餾，甚至討論限制或禁止美國境內使用中國模型。    ,https://news.ltn.com.tw/news/world/breakingnews/5565947
高市內閣民調略升至62.5％  逾半民眾認為高物價對策無效,國際,2026/09/07 16:46,日本媒體的最新民調顯示，表示「能支持高市內閣」的人較上月調查略微上升，來到62.5%。（彭博）日本媒體的最新民調顯示，表示「能支持高市內閣」的人較上月調查略微上升，來到62.5%；不過，55%民眾認為調降食品消費稅為1%的措施，當作因應物價高漲的對策「沒有效果」。日本新聞網（JNN）本月5日與6日實施的日本全國民意調查顯示，認為「能支持高市內閣」的民眾較上月調查上升3.3個百分點，來到62.5%；另一方面，認為「不能支持」的民眾減少2.7個百分點，來到34.9%。請繼續往下閱讀...關於高市內閣迄今的物價高漲對策，40%民眾予以正面評價；「不太予以正面評價」及「完全不予評價」合計57%。日相高市早苗先前表明，計劃在明年4月起把食品消費稅從8%調降為1%，為時2年，在調查之中回覆「贊成」者較上月調查減少1個百分點，降到51%；回答「反對」者較是上月調查增加3個百分點，來到42%。至於調降消費稅作為因應物價高漲的措施是否有效，回答「有效」者合計43%；回答「沒有成效」者合計55%。如果食品消費稅降至1%，而外食消費稅維持10%，被問及是否會減少外食時，38%受訪者回答「會考慮減少」，56%回答「不會考慮減少」。至於2年後把消費稅率恢復至8%，37%受訪者表示「贊成」，53%表示「反對」。此外，高市正在研議最快於下週進行內閣改組，以及調整自民黨幹部人事。民眾被問及調整規模時，最多人回答「最好一定程度地調整」，占40%。至於任用未如實申報政治獻金的自民黨議員擔任閣員或黨內重要職務，73%受訪者回答「認為有問題」。此次調查採用隨機撥號方式，透過電話訪問日本全國18歲以上民眾，共抽樣2826人，其中1036人提供有效回答，有效回收率為36.7%。JNN表示，為避免網路調查容易出現樣本偏差，由調查員直接透過電話訪談。    ,https://news.ltn.com.tw/news/world/breakingnews/5565948
嚇壞！南韓坡州知名咖啡廳冷凍庫驚見女屍 30多歲老闆被捕,國際,2026/09/07 16:11,南韓京畿道坡州市知名咖啡廳「咖啡8794」，在冷凍庫內發現女屍。（圖擷自NAVER地圖）可怕！南韓京畿道坡州市知名咖啡廳「咖啡8794（카페 8794）」，4日下午2時許在冷凍庫內發現女屍，警方已逮捕30多歲的男老闆，並於今天（7日）對外說明案情。據《韓聯社》報導，1名60多歲的婦女於4日凌晨被通報失蹤，警方透過手機定位追查她的移動路線後，在坡州市文山邑知名咖啡店冷凍庫驚見她陳屍其內，而且遺體已被凍得僵硬，旋即在首爾永登浦區逮捕「咖啡8794」的老闆。請繼續往下閱讀...據了解，咖啡店老闆和死者素不相識，雙方3日在咖啡店初次見面，討論買賣禮品券的事宜，過程中老闆聲稱禮品券放在倉庫內，將6旬婦女帶到主建物旁貨櫃式的冷凍庫裡，老闆後續就告知員工不用來上班，並且在店外放出暫停營業的告示。警方表示，目前尚不清楚老闆是在冷凍庫內殺害女子，還是將其關在裡面活活凍死，一切還有待法醫解剖才能確認。「咖啡8794」在坡州相當知名，有不少消費者是從外地專門前來光顧。    ,https://news.ltn.com.tw/news/world/breakingnews/5565869
粉絲數比台灣人口多！網紅黃金獵犬「塔克」癌逝 飼主淚抱骨灰盒道別,國際,2026/09/07 16:11,全球最著名的黃金獵犬網紅「塔克」。（圖擷取自@tuckerbudzyn IG 本報合成）來自美國密西根州的黃金獵犬「塔克」（Tucker Budzyn），以生動浮誇的迷因表情在社群網路吸引逾2700萬粉絲追蹤，坐穩全球最著名的黃金獵犬網紅寶座。然而塔克的飼主含淚宣布，塔克在確診癌症後不到一週，在2日因病情突然惡化病逝，得年8歲，噩耗不僅讓飼主心碎，也令各國粉絲悲痛不已。據了解，塔克是在2018年被飼主寇特妮（Courtney Budzyn）收養，當時還只有8週大的塔克，被寇特妮拍攝一系列人狗互動的趣味照片影音，相關畫面上傳到社群後意外走紅，並在IG、臉書、X（原推特）、YouTube、TikTok等平台瘋傳，於是寇特妮與丈夫辭去工作，專心在家陪伴塔克與經營毛孩的寵物明星事業。請繼續往下閱讀...不過塔克在今年8月被獸醫查出罹患好發於黃金獵犬種的淋巴癌（Lymphoma），讓寇特妮與家人做好陪伴牠長期抗癌的準備，同時在8月30日在社群公告此事。未料寇特妮在昨（6）日無預警在社群發布一段影片，只見她在鏡頭前哭著向眾人宣布，塔克已在2日因癌症惡化病逝，手上還抱著一個疑似裝著塔克骨灰的盒子。寇特妮說明，塔克罹癌後立即被安排治療，初期身體一度好轉，然而癌細胞在塔克的腸道上留下破洞導致感染，讓塔克病情一夕之間惡化，送醫急救後仍難以控制癌症引發的併發症，不忍塔克身受疾病折磨，她最終決定放手讓塔克安詳離世，「我原本以為上次會是我最後一次製作這麼悲傷的影片，結果事實並非如此。」寇特妮哀傷表示，塔克在去世3週前，度過了牠一生中最美好的時光，如今塔克前往彩虹橋，讓她感覺生命失去了重要的一部分，「我不知道未來該如何活下去，但我必須活下去，牠守候在我身邊這麼多年，不會讓我放棄的」，她感謝所有粉絲多年來的支持，承諾自己未來會繼續向前走，也希望時間能治癒與寶貝死別的傷痛。        在 Instagram 查看這則貼文            TUCKER | The Golden Retriever（@tuckerbudzyn）分享的貼文TUCKER | The Golden Retriever（@tuckerbudzyn）分享的貼文  @tuckerbudzyn When your parents leave the house… #goldenretriever #dogsoftiktok ♬ original sound - tuckerbudzyn       ,https://news.ltn.com.tw/news/world/breakingnews/5565777
氣候變遷加劇野火熱浪 世界氣象組織：產生PM2.5危害人類健康,國際,2026/09/07 16:10,世界氣象組織（WMO）今天表示，野火與熱浪會產生微小空氣污染物，恐將削弱國際間改善空氣品質、保護人類健康及維護大自然所做的努力。圖為美國內華達州8月爆發山林野火。（路透）世界氣象組織（WMO）今天表示，野火與熱浪會產生微小空氣污染物，恐將削弱國際間改善空氣品質、保護人類健康及維護大自然所做的努力。法新社報導，世界氣象組織強調空氣污染與氣候變遷之間的關聯，科學家指出，氣候變遷正導致熱浪與野火變得更加頻繁且劇烈。請繼續往下閱讀...世界氣象組織今天發布最新年度「空氣品質與氣候公報」（Air Quality and Climate Bulletin），同時發表一份聲明指出：「極端野火正持續增加，且由於濃煙具高度毒性，進而帶來巨大的健康後果。」聲明並指出：「雖然歐洲和北美洲的法規已減少工業和交通排放的PM2.5，但暴露於野火相關PM2.5的情況卻有所增加。」懸浮微粒PM2.5是由直徑小於2.5微米的微小顆粒和液滴組成，由於能深入肺部和血液中，因此對健康構成危害。PM2.5由化石燃料驅動的工業活動、農業、家用暖氣和交通運輸所排放，也會透過野火和沙塵暴產生。報告指出，全球需要更好地監測包含黑碳和塑膠微粒的氣膠、細懸浮微粒以及地表臭氧等空氣污染物。世界氣象組織表示，這些污染物「儘管分布廣泛且可能對生態系統有害，卻未得到充分的監測」。「（我們需要）在空氣品質與氣候方面採取互補且協調的政策，因為兩者無法單獨處理」。    ,https://news.ltn.com.tw/news/world/breakingnews/5565865
BMW車主花1.4萬貼膜忘刪浮水印 完工變「全球限量版」,國際,2026/09/07 16:03,中國BMW車主花1.4萬幫愛車貼膜卻忘了刪掉浮水印，讓大批網友笑翻。（圖擷取自微博，本報合成）中國四川一名BMW車主花費3000元人民幣（約新台幣1.4萬元）委託店家為愛車貼膜，但忘了將參考圖上的版權浮水印修掉，店家誤以為是特殊客製設計，派出頂級技師將浮水印字母1比1原封不動貼滿全車，讓車主哭笑不得，並將社群帳號改名「限量款」自嘲，讓大批網友笑翻。據中媒報導，這名BMW車主日前在手機看中一款心儀的貼膜款式，存圖時沒注意到附帶半透明浮水印就直接傳給店家，店家誤以為這是車主追求的潮流滿版字母風，竟派出店內手藝最頂尖的老師傅「1比1極致還原」，將整輛車密密麻麻貼滿防偽英文字母，沒想到直到交車時才發現這是一場烏龍。請繼續往下閱讀...車主受訪時無奈表示，店家在動工前曾發送效果圖確認，但因水印顏色太淺加上自己沒放大細看就草草點頭，交車當天老闆還熱情邀功「你這字母超難貼，我們對位對超久」，他走近一看才當場傻眼，整輛車身已被工整排列浮水印字母完全覆蓋。另外，這場施工花費約3000元人民幣，店家透露，如果當初有去除這些繁複字母，工序減少反而能便宜好幾百元人民幣，車主等於自掏腰包多花工本費，讓資深老師傅把版權水印在愛車上，如果要撕除重貼得再噴3000元人民幣，車主幾經掙扎後決定看開接受，甚至聽從廣大網友建議，將個人社群帳號直接改名為「限量款」自嘲。事件曝光後，網友紛紛笑翻表示「不得不說，這個搭配還怪好看的」、「可以直接跟貼膜品牌要宣傳費用了 」、「神來之筆，回頭率百分百」、「這師傅手藝太好了，完美1:1復刻」、「這下獨一無二了」。    ,https://news.ltn.com.tw/news/world/breakingnews/5565791
3級颶風羅艾爾逼近  夏威夷考艾島等地發布觀察預警,國際,2026/09/07 15:44,夏威夷正嚴陣以待，準備應對颶風「洛威爾」的影響。圖為巨浪拍打檀香山馬卡普海灘公園附近的岩石海岸線。（法新社）美國國家颶風中心表示，隨著3級颶風羅艾爾（Lowell）逼近美國太平洋群島，夏威夷的考艾島（Kauai）和尼豪島（Niihau）今已發布颶風觀察預警。法新社報導，羅艾爾今天傍晚在檀香山市（Honolulu）西南方約840公里處帶來降雨，預計明天傍晚起將掠過夏威夷州最西端的幾座島嶼。請繼續往下閱讀...美國國家颶風中心（National Hurricane Center）氣象預報員說：「羅艾爾中心將於週一晚上穿越夏威夷主要島嶼西側的帕帕哈瑙莫夸基亞國家海洋保護區（Papahanaumokuakea Marine National Monument）部分地區。」美國國家颶風中心指出，目前羅艾爾最大持續風速接近每小時120英里，考艾島可能將降下最高達14英寸的雨量。預計羅艾爾隨後將轉向西北方，並於9日清晨前減速。羅艾爾本週稍早一度增強為5級颶風，但之後減弱為3級颶風，最大持續風速為每小時125英里。羅艾爾是目前在太平洋形成的3個風暴之一。太平洋受到強度接近歷史紀錄的聖嬰現象（El Nino）影響，海水溫度上升。位於夏威夷以東約1000英里的卡琳娜（Hurricane Karina），今天在中太平洋減弱為熱帶風暴。另一個熱帶風暴馬利（Marie）位於墨西哥下加利福尼亞州（Baja California）南端西南方約數百英里處，目前正朝西北方移動，逐漸遠離陸地。夏威夷仍在從颶風拉拉（Lala）造成的衝擊中復原，拉拉上月擦過夏威夷大島（Big Island）南部，帶來毀滅性強風與嚴重暴洪。    ,https://news.ltn.com.tw/news/world/breakingnews/5565851
日本多名閣員有望續任 林芳正去留備受矚目,國際,2026/09/07 15:16,日媒披露，日相高市早苗最快可能在本月16日到18日調整內閣與自民黨幹部人事，其中財務大臣、外務大臣、防衛大臣有望續任。總務大臣林芳正（見圖）的去留則備受關注。（歐新社資料照）日媒披露，日相高市早苗最快可能在本月16日到18日調整內閣與自民黨幹部人事，其中財務大臣、外務大臣、防衛大臣有望續任。總務大臣林芳正的去留則備受關注。日本放送協會（NHK）報導，高市正在考慮於目前內閣上路滿1年之前，進行內閣改組，並評估繼續任用財務大臣片山皋月、外務大臣茂木敏充、防衛大臣小泉進次郎。請繼續往下閱讀...報導分析，高市可能是不打算更動內閣要職的人事，以確實推動消費稅減稅等重要政策；加上外交日程以及她計劃在今年修訂安全保障相關3文件，她似乎相當重視外交與國防政策的延續性。而高市繼續任用她去年在自民黨總裁（黨主席）選舉的競爭對手茂木與小泉，則可能是考量穩定政府團隊運作。NHK報導，除了上述閣員之外，內閣官房長官木原稔、黨內重要幹部如自民黨副總裁麻生太郎、幹事長鈴木俊一，也預計會留任。不過，總務大臣林芳正的去留則備受矚目。時事通信社報導，林芳正持續走訪地方，被解讀為他在考慮投入2027年秋天的自民黨總裁選舉。有意見認為，他若持續待在內閣之中，可能難以出馬參選總裁。林芳正本月5日於鹿兒島市召開的鹿兒島縣連（地方黨部）研討會發表演說，說明總務省的地方創生政策，並強調「為了讓日本從地方開始恢復活力，我也會盡全力」。林芳正去年10月就任總務大臣以來，因公前往地方視察25次，訪問足跡達24個道府縣，並預計在本月視察秋田。有人認為，他除了視察，也順便與地方議員交換意見，致力於爭取總裁選舉的黨員票。林芳正去年參選自民黨總裁期間，在第一輪獲得72票國會議員票，比高市還多。不過最終以第3名收場，未能挺進第二輪決選投票的關鍵是因為黨員票只有高市的一半多。報導推測，對於林芳正而言，走訪地方若穩住黨員票的話，則有機會與對手一決勝負。另一方面，林芳正也積極維繫與國會議員的關係，曾經擔任舊岸田派主席的相關人士證實，林芳正「持續按議員當選屆次聚餐。」這可能是因為前次總裁選舉中，舊岸田派部分成員轉而支持其他候選人，讓林芳正有所反省。時事通信社指出，林芳正的動向對於明年秋天尋求連任總裁的高市而言，構成「威脅」。報導指出，林芳正在減徵消費稅等政策上與高市意見分歧，但高市周邊人士表示，「努力讓林芳正繼續留任要職是理所當然的。」並說：「首相最終會與林芳正直接協商。」    ,https://news.ltn.com.tw/news/world/breakingnews/5565787
印度17歲男當街擄女性侵 流浪狗「見義勇為」撲咬夾擊逼退,國際,2026/09/07 14:27,"印度一名少年在街頭企圖性侵一名女子，一旁流浪狗疑見狀狂吠、趕走少年。（圖擷取自X帳號@Benarasiyaa）印度近日發生一起流浪狗「見義勇為」事件，引發當地媒體關注。一名年僅17歲的少年，酒後企圖當街性侵一名患有精神疾病的女子，一旁兩隻流浪狗見狀不僅狂吠不止，還多次撲向少年撕咬，少年最終落荒而逃。綜合印媒報導，事發3日上午，警方接報指有人涉嫌在印度南部城市阿肖卡普蘭姆（Ashokapuram）區的商店縱火，在調閱附近監視器畫面時，意外發現這起涉嫌性侵案，確認嫌犯身分後，在事發隔天將他逮捕。請繼續往下閱讀...監視器畫面顯示，受害女子當時坐在路邊，一名疑醉酒少年隨後走向她，並強擄她，意圖不軌，女子受到驚嚇後高聲呼救，兩隻流浪狗不斷朝少年吠叫，少年期間曾拿石頭驅趕兩隻流浪狗，不料，其中一隻流浪狗咬住少年的腿，遠處的其他狗也聞聲趕來。少年抵擋不住流浪狗的攻擊，逃離現場，咬他的狗還追趕了一段距離。警方透露，受害女子患有精神疾病，住在事發地附近，而這兩隻流浪狗平時經常陪在她左右。該名少年被捕後，由於還未成年，已被安置在當地的少年觀察所。據稱，該少年有酗酒成癮問題，懷疑事發時處於酒醉狀態。A woman being sexually assaulted on the road was saved by a stray dogs in Coimbatore, Tamil Nadu. pic.twitter.com/XWCx5Qslbq— Piyush Rai （@Benarasiyaa） September 4, 2026 A woman being sexually assaulted on the road was saved by a stray dogs in Coimbatore, Tamil Nadu. pic.twitter.com/XWCx5Qslbq    ",https://news.ltn.com.tw/news/world/breakingnews/5565709
摸黑下水貼炸藥！英媒揭海豹部隊秘密任務 荷姆茲海峽肉身拆雷,國際,2026/09/07 14:20,美軍海軍潛水員於波斯灣暗沉深水中執行任務資料照。《金融時報》披露，美軍過去4個月派出特戰潛水員搭乘充氣艇，趁暗夜摸黑潛入荷姆茲海峽水下，手動在水雷外殼安裝炸藥引爆排雷。示意圖，圖中人員與本事件無關。（圖取自美軍DVIDS網站）美伊在荷姆茲海峽激烈交火之際，美軍究竟如何肅清關鍵航道內的水雷威脅？英國《金融時報》6日引述多名知情人士獨家披露，美國海軍過去4個月一直在海峽執行極度危險的秘密掃雷行動；由於美軍正規大型掃雷艦不在戰區，五角大廈竟派出以三棲作戰著稱的頂尖「海豹部隊」（SEALs）潛水員搭乘充氣艇，趁著暗夜摸黑潛入冰冷海水，親手在水雷上安裝炸藥並於水下引爆！英國智庫「皇家國際事務研究所」（Chatham House）副研究員拉布（Nitya Labh）形容，這項任務耗時且極度致命，隊員必須在深海黑暗中搜尋水雷並在水下主動引爆。美國總統川普日前雖高調宣稱已排除國際水域內的所有水雷，但美軍通常負責反水雷作業的3艘大型艦艇早在6月初便部署於印太地區，外界長年困惑美軍究竟如何完成排雷，如今這場驚悚的特戰行動終於曝光。請繼續往下閱讀...沒派大型掃雷艦 海豹搭充氣橡皮艇肉身排雷報導指出，美軍這次徹底摒棄了笨重的大型掃雷艦，改由精幹的特戰小隊執行極限任務。海軍海豹部隊潛水員僅搭乘輕型充氣橡皮艇，搭配無人艇、水下載具與拖曳式聲納陣列，在廣達數百平方公里的海峽海床上展開地毯式搜尋。曾長期在波斯灣執勤的美國海軍退役上校漢布雷特（Bill Hamblet）揭密，在聲納鎖定目標後，最危險的一步隨即到來：潛水員必須親自下潛接近重達數百公斤、隨時可能因觸發而粉碎周遭一切的巨型水雷，並在水雷外殼上親手貼附C4炸藥，隨後撤離進行水下引爆。儘管部分任務可由無人潛航器攜帶爆裂物執行，但許多複雜海況仍高度依賴潛水員親手排除。水雷多達80枚 保費狂飆10倍美軍面臨重布雷威脅水雷威脅已重創全球航運，保險公司開出的戰時保費暴漲至戰前的10倍，一艘超大型油輪單次航程的保費就高達約1000萬美元（約新台幣3.2億元）。儘管美軍已開始引導部分商船通行已排雷的海峽南部水域，航運界依然人心惶惶。伊朗方面則持續展現強硬姿態，其外交部副部長加里巴巴迪（Kazem Gharibabadi）日前公開宣稱，除了伊朗自身，沒有人知道水雷的真正座標。軍事專家指出，美軍日前雖已摧毀企圖發射水雷的伊朗火箭陣地，但只要德黑蘭持續暗中重新布雷，這場高風險的水下排雷任務就難以真正告終。    ,https://news.ltn.com.tw/news/world/breakingnews/5565746
中國銀彈外交機密流出！拿錢收買密克羅尼西亞 阻止台灣參加WHA,國際,2026/09/07 14:12,暗網論壇傳出有中國基層外交官爆料，直指中方拿銀彈要求太平洋島國密克羅尼西亞聯邦簽署聯名信函，阻止台灣參第79屆世界衛生大會。（歐新社）X帳號hCharizard轉發暗網論壇上的中國基層外交官爆料內容，直指中方要求太平洋島國密克羅尼西亞聯邦簽署聯名信函，阻止台灣參加5月18日至23日舉行的第79屆世界衛生大會（WHA），並且以100萬人民幣（約新台幣471萬元）買車費用做為後謝。從X帳號hCharizard分享的內容可以看到，中國基層外交官在暗網感嘆「東大（東方大國，指中國）」又白送了100萬人民幣給太平洋某島國買禮賓車，基層為了這事被折騰得雞飛狗跳，就是為了要拉攏1個小國。請繼續往下閱讀...中國外交官抱怨，中方內部基本盤（核心支持者）流動性都快枯竭了，還要整天給這種零回報的政治盤口注資，不如把錢省下來填補自家的經濟窟窿。該名外交官附上中國駐密克羅尼西亞大使館向密國傳遞的公文，裡頭要求密國簽署聯名信函，支持中國在第79屆世界衛生大會上的涉台立場。密克羅尼西亞則在4月8日回覆已簽署，接著這封聯名信函於5月遞交給世衛組織（WHO）秘書長譚德塞，強調「一個中國原則」並要求封殺讓台灣與會的提案。在達成目標後，中國大使館6月10日向密國發出捐款協議，指稱中方同意支付密克羅尼西亞100萬人民幣，讓密國購買1至3輛中國品牌的禮賓車，密國僅能將這筆款項用在上述物資，密克羅尼西亞則在6月23日回覆接受捐贈。    ,https://news.ltn.com.tw/news/world/breakingnews/5565676
火山灰籠罩雅加達！印尼7機場關閉、27萬人受影響 官方憂：恐再噴發,國際,2026/09/07 13:45,印尼蘇卡諾—哈達國際機場受火山噴發影響，航班資訊看板7日顯示所有航班取消。（美聯社）印尼交通部長表示，由於喀拉喀托之子火山（Mount Anak Krakatau）噴發產生火山灰，境內共有7座機場7日上午仍處於關閉狀態。路透報導，喀拉喀托之子火山位於爪哇島與蘇門答臘島之間，自4日晚間噴發以來，火山灰籠罩雅加達及周邊數個地區，基於安全考量，當局宣布關閉機場。請繼續往下閱讀...喀拉喀托之子火山是印尼約130座活火山之一。印尼橫跨環太平洋火山帶，位處地震活動高度活躍的區域，不同地殼板塊在此交會，經常發生地震及火山噴發。2018年，喀拉喀托之子火山噴發，隨後引發海嘯，當時造成超過400人死亡。印尼交通部7日表示，目前已有超過27萬人受到航班延誤、改道或取消影響，涉及2300個航班。交通部指出，雅加達主要機場將持續關閉至當地時間7日下午6時（台灣時間7日下午7時），另外還有6座機場維持關閉。南蘇門答臘另有1座機場已經重啟。印尼交通部長普瓦甘迪（Dudy Purwagandhi）7日在聲明中坦言：「由於天氣狀況不斷變化，我們無法確定這種情況何時會結束。」根據印尼火山監測機構網站資料，喀拉喀托之子火山最近一次噴發發生於6日晚間8時23分。該機構7日警告，「未來一段時間進一步噴發的可能性仍然很高」。    ,https://news.ltn.com.tw/news/world/breakingnews/5565688
國學大師錢穆次子錢行病逝 父子分隔31年、曾一度斷絕書信,國際,2026/09/07 13:16,國學大師錢穆之子錢行。（圖擷取自鳳凰網）國學大師錢穆次子錢行昨（6）日晨病逝，享壽94歲。錢行生前曾在中國江蘇的中學教數學直至退休，他與三弟錢遜早年思潮激進，受「文化大革命」影響，曾激烈批判傳統文化；1949年錢穆隻身前往香港，1967年移居台灣後，與5名子女長年分隔兩地，雙方曾因思想差異一度關係疏離，甚至中斷往來。綜合中國媒體報導，蘇州市第五中學7日發布訃告，追悼錢行從教多年、深受學生與同仁敬重。稱錢行一生主要從事數學教育，長年任教第一線，治學嚴謹、待人謙和，退休後仍關心學校發展。校方在訃告中形容他，一生淡泊名利、作風純樸、嚴於律己，培育許多學生。請繼續往下閱讀...錢穆與第二任妻子育有三子二女，分別為錢拙、錢行、錢遜，以及錢易、錢輝。錢穆一生致力於中國傳統文化與歷史研究，1949年前後的時局變化，卻讓他與子女的人生走向分離。錢穆重視傳統文化，與留在中國的子女當時卻有不同想法。錢行和錢遜受到激進思潮影響，曾批判傳統文化。1949年10月，錢穆前往香港創辦新亞書院，此後與家人長年分隔兩地。由於錢穆的立場在當時受到批判，錢行也受到連累，曾以愛國大義相責於父親。「文革」期間，為避免子女受到牽連，錢穆與子女斷絕書信往來。這場分離一過就是31年，直到1980年，子女才在香港與已85歲的錢穆重聚。錢行的弟弟、清華大學人文學院歷史系、思想文化研究所教授錢遜已於2019年8月22日病逝，享年85歲。    ,https://news.ltn.com.tw/news/world/breakingnews/5565575
「吉伊卡哇」活動非賣品被員工盜賣 日本藏壽司要求平台下架,國際,2026/09/07 13:02,日本藏壽司和「吉伊卡哇」的聯名活動，出現員工盜賣醜聞，連非賣品廣告旗也被放在二手平台Mercari販售。（圖擷自「@shikatoreca」X帳號）日本藏壽司8月21日至9月30日和人氣動漫「吉伊卡哇」舉行聯名活動，孰料卻有員工盜賣扭蛋獎品和相關贈品，迫使藏壽司從6日起提前結束活動，不過，屬於非賣品的廣告旗也被放在日本最大跳蚤市場平台Mercari販售，藏壽司已要求Mercari將其下架。據《產經新聞》報導，日本藏壽司表示，用來裝飾店面的廣告旗上印有吉伊卡哇角色，活動結束後都要進行回收，怎知卻被上架到Mercari出售，公司要求平台在今天（7日）之前將商品移除，目前在Mercari上確實看不到相關頁面了。請繼續往下閱讀...日本藏壽司指出，除了對各門市展開內部調查之外，公司也已向警方諮詢相關事宜。據了解，藏壽司扭蛋抽獎裡的吉伊卡哇吊飾公仔、徽章、磁鐵，先前大量被放在Mercari轉售，引發許多前往消費卻抽不到的顧客怒火，質疑是員工盜賣，日本藏壽司後續確認職員有不當行為。    ,https://news.ltn.com.tw/news/world/breakingnews/5565638
東京新宿將嚴管民宿 住宅與學校周邊禁營業,國際,2026/09/07 12:28,日本東京都新宿區是日本全國民宿最多的地方。區公所計劃原則上禁止民宿在住宅區、學校周邊營業，對象也包含既有民宿。若新宿區實施這項新規定，約2000間民宿恐面臨歇業。（法新社資料照）日本東京都新宿區是日本全國民宿最多的地方。區公所計劃原則上禁止民宿在住宅區、學校周邊營業，對象也包含既有民宿。若新宿區實施這項新規定，約2000間民宿恐面臨歇業。「日本經濟新聞」與富士新聞網（FNN）報導，區公所將募集公眾的意見過後，修改民宿條例，盼在2027年夏天實施新規定。請繼續往下閱讀...由於新宿區的民宿多達3775間，為日本全國最多。這項新規定上路後可能會影響其他行政單位。新宿區公所考慮收緊規定，依照住宅住宿事業法（民宿新法）的上限，規定商業區域的民宿營業天數從最多180天降為120天。而新宿區禁止民宿平日在居民專用地區營業，其他地區則能營業180天。當地在2025年度接獲924起有關民宿垃圾與噪音的投訴，較2024年度大增65%。新宿區聚集著商業設施，對於外國遊客而言是相當熱門的區域。而新宿區公所從2025年起，根據民宿新法加強管制，迄今已經勒令60間設施停止業務，以及15間設施歇業。日本觀光廳等單位今年7月通知，若民宿可能損及居住與教育環境，地方行政單位能透過條例禁止民宿。東京市區多處行政單位已經相繼加強管制民宿。豐島區今年12月起禁止轄區內7成地區新設民宿，並限制既有民宿的營業天數為120天。    ,https://news.ltn.com.tw/news/world/breakingnews/5565604
不學好！日職廣島前捕手多田大輔 盜刷700元被捕,國際,2026/09/07 12:00,日本職棒廣島東洋鯉魚隊前捕手多田大輔，盜刷他人信用卡被捕。（圖擷自多田大輔IG）日本職棒廣島東洋鯉魚隊30歲前捕手多田大輔，今年6月13日在東京都墨田區涉嫌盜刷信用卡，如今被警視廳池上警察署逮捕，他供稱自己是經濟拮据才會犯案。據《產經新聞》報導，多田大輔當時在DVD鑑賞店（可在私人包廂觀看DVD）內，以他人信用卡支付3500日圓（約新台幣708元）費用，受害者隔天發現後連忙報案。請繼續往下閱讀...多田大輔如今落網後，供稱自己是趁別人睡著時從皮夾裡偷走信用卡。據了解，多田大輔於2015年至2017年賽季效力廣島東洋鯉魚，但從未在一軍出賽就被戰力外，2018年加入社會人球隊。    ,https://news.ltn.com.tw/news/world/breakingnews/5565533
外媒等10天才獲准進西藏災區 CNN：中方「精心安排」展示救援,國際,2026/09/07 11:46,防疫人員在中國西藏吉隆口岸進行消毒。（法新社）中國與尼泊爾邊境8月26日爆發毀滅性洪災，造成逾千人死亡，數千人失蹤。相較於尼泊爾持續更新災情，中方遲遲未公布死傷消息，且限制外國記者自由進入災區報導。事發逾10天後，中國政府9月5日首度安排十多家國際媒體進入災區採訪，而有線電視新聞網（CNN）形容這是一場由官方「精心安排」的行程，旨在展示吉隆口岸的救援行動。據中國官媒《新華社》，中國國務院新聞辦公室會同外交部9月5日至6日安排境外媒體記者赴吉隆災區採訪；參與媒體包括來自美國、英國、俄羅斯、印度、巴基斯坦、新加坡、巴西等國。官方稱，截至5日晚間6時，中方邊境地區已確認死亡43人，失蹤519人，而失蹤人口中有261名外國人。請繼續往下閱讀...《CNN》指出，此次採訪讓外媒首度獲准進入原本受到限制的災區，實地查看遭山洪夷平的吉隆口岸；不過CNN強調，雖然行程由中國官員規劃，報導與編採仍完全由CNN自行決定。報導表示，此前外國記者無法自由進入西藏採訪，尼泊爾一側卻有國際媒體持續報導災情，形成強烈對比。中國當局至今也未完整公布事發時位於吉隆口岸、或被認定在中國一側失聯人員的姓名名單，令外界質疑資訊透明度，讓急於尋找失聯親人的家屬更加焦慮。北京官方則強調資訊發布「公開、透明、及時」，並表示已透過出入境紀錄、位置追蹤及指紋等方式核查失聯及罹難者身分；外籍失聯者資訊也已通報相關駐中使館。CNN記者直擊，進入災區後，漫天塵土濃霧瀰漫，昔日5層樓高的吉隆口岸邊境檢查站如今幾乎完全消失，只剩地基與滿地石塊、礫石及泥漿，宛如月球表面的景象。口岸道路在災後第7天才完成清理。目前吉隆口岸尚未發現任何倖存者。在外媒首度進入災區前，美國駐中國大使館也曾公開要求中方提供更多資訊，包括搜救進展、遇難者身分及受災外國公民情況。    ,https://news.ltn.com.tw/news/world/breakingnews/5565443
日本關東豪雨破紀錄！最高土石流警報拉響 NHK急喊：別睡一樓,國際,2026/09/07 11:41,"日本東京6日開始下起暴雨。（法新受秋雨鋒面等影響，日本關東地區6日起遭遇創紀錄豪雨，多地學校停課、鐵路停駛；東京都新島村24小時累積雨量更衝破381毫米，改寫當地歷史紀錄，氣象廳緊急發布最高第5級「土石流特別警報」。NHK更緊急呼籲危險地區居民落實垂直避難，「今晚請睡在2樓以上」，這波致災性雨勢恐一路持續至10日前後。綜合日媒報導，日本氣象廳指出，關東地區今（7）日中午前恐出現每小時60毫米的雷雨或局地豪雨，甚至可能形成「線狀雨帶」，預估至今日晚上18時，關東甲信地區24小時累積雨量最高可達250毫米，且雨勢將持續至明後天（8日至9日）。請繼續往下閱讀...截至今日清晨，東京都新島村24小時降雨量已突破381毫米，刷新當地觀測史紀錄，官方已對其發布最高級別的「黑色第5級土砂災害特別警報」；東京都、神奈川縣及千葉縣也發布了第4級土砂災害特別警報。東京都北區也對土砂災害警戒區域內的2982戶、約5200名居民，發布第4級避難指示。此外，伊豆諸島大島町，以及神奈川縣、千葉縣部分地區也陸續發布避難指示，各地緊急開設避難所。為避免通勤時段遭遇猛烈雨勢而發生危險，栃木縣全縣公立中小學今日停課，東京都多個行政區以及橫濱市、埼玉市學校宣布停課。面對強降雨可能引發的道路淹水、河川暴漲等災情，日本官方呼籲民眾持續掌握最新防災及交通資訊。NHK防災帳號更以2019年颱風19號的死亡案例示警，當時在自家罹難的21人中，超過半數被發現時位於2層樓住宅的1樓，因此呼籲民眾若選擇留在家中，「今晚請睡在2樓以上」。NHK並提醒，若住宅鄰近山坡，應移動至2樓以上、遠離山坡一側的房間，同時將緊急避難包、手電筒及行動電源等物資移至樓上。若周遭已經淹水，摸黑外出避難反而相當危險；最理想的做法仍是在天黑前提前移動至安全場所，若已無法安全外出，則應立即採取室內垂直避難，全力確保自身安全。東京23区など関東や東海、東北のみなさま今夜は2階以上で寝てください線状降水帯の発生で暗い時間帯に事態が急激に悪化する可能性があります 過去の水害では「2階にいれば助かった可能性がある人」が多くいます 家族などにも「今夜は2階以上で寝てね」と伝えてくださいhttps://t.co/LgEN1vYQH6 pic.twitter.com/RbBxwkhvGk— みんなで考える防災 （@nhk_ikiruskill） September 6, 2026 東京23区など関東や東海、東北のみなさま今夜は2階以上で寝てください線状降水帯の発生で暗い時間帯に事態が急激に悪化する可能性があります 過去の水害では「2階にいれば助かった可能性がある人」が多くいます 家族などにも「今夜は2階以上で寝てね」と伝えてくださいhttps://t.co/LgEN1vYQH6 pic.twitter.com/RbBxwkhvGk    ",https://news.ltn.com.tw/news/world/breakingnews/5565418
衝出跑道瞬間曝！亞馬遜貨機栽進停車場波及多車 至少5死5傷,國際,2026/09/07 11:33,"1架隸屬於亞馬遜公司的貨機在6日下午2點左右衝出機場跑道撞上停車場車輛並起火，造成至少5死5傷。（法新社）位於美國佛州的邁阿密國際機場6日下午發生貨機衝出跑道的飛安事故，1架隸屬於亞馬遜公司（Amazon）的貨機在6日下午2點左右衝出機場跑道撞上停車場車輛並起火，造成至少5死5傷，飛機降落衝出跑道畫面曝光，有專家根據影片初步研判，飛機降落時速疑似過快，在跑道中段才落地，沒有足夠的空間來煞停，同時邁阿密機場未裝設EMAS（特性材料攔阻系統），讓飛機直接衝進道路。綜合外媒報導，亞馬遜Prime Air的7598航班在美東時間6日下午2點前衝出機場的斜向跑道，撞上了地面上的多輛汽車，救難人員到場後發現，飛機機身因事故而起火，現場冒出滾滾濃煙，有超過60名消防員趕往現場撲滅火勢。此事件造成5死5傷，其中3人傷勢嚴重，但當局未透露死傷是機內成員還是地面上民眾。請繼續往下閱讀...飛機降落及衝出跑道瞬間影片曝光後在網路上瘋傳，有網友表示，貨機降落的跑道9300英尺，而落地時距離跑道起點已經超過5000英尺。資深飛行員指出，亞馬遜的飛機在跑道上空漂浮了很長時間，沒有拉起機頭迫使主起落架著地。「它沒有立即著陸，而是繼續在跑道上空漂浮，因此損失了很多關鍵的地面空間。它實際上還在飛行」。另外邁阿密機場未裝設EMAS（特性材料攔阻系統），這些在跑道盡頭的輕質可壓碎材料層，可以在機輪或機身接觸後會迅速被壓碎，增加摩擦力阻止飛機前進，但邁阿密機場未裝設，最後導致飛機衝出跑道到馬路上波及地面民眾。BREAKING: New footage shows moment Amazon cargo plane crashed at Miami International Airport pic.twitter.com/CFsfsX2RS7— Insider Paper （@TheInsiderPaper） September 6, 2026 BREAKING: New footage shows moment Amazon cargo plane crashed at Miami International Airport pic.twitter.com/CFsfsX2RS7The moment Amazon Prime Air Boeing 767 landed at Miami International Airport and overshot the runway. pic.twitter.com/KzZeuersBp— Aviation （@xAviation） September 6, 2026 The moment Amazon Prime Air Boeing 767 landed at Miami International Airport and overshot the runway. pic.twitter.com/KzZeuersBp    ",https://news.ltn.com.tw/news/world/breakingnews/5565487
自由說新聞》戰場數據洩底！烏軍秀神秘新戰力 傳俄急招中國人當砲灰,國際,2026/09/07 11:28,全新的視界！新聞話題不漏接，快訂閱YouTube 【自由追新聞】，記得開啟小鈴鐺哦！    ,https://news.ltn.com.tw/news/world/breakingnews/5565518
連州名都要改！ 川普劃掉新墨西哥州 發圖喊改名「新美國」,國際,2026/09/07 11:26,"美國總統川普在社群平台發布地圖，將新墨西哥州（New Mexico）名稱中的「Mexico」劃掉並改成「America」，喊話改名「新美國」。（圖取自Truth Social/@realDonaldTrump）美國總統川普再掀改名話題，這次目標從地理水域延伸到美國本土州名。川普6日在社群平台發布一張地圖，將新墨西哥州（New Mexico）名稱中的「Mexico」劃掉，改成「America」，並稱可將該州改名為「新美國（New America）」，白宮官方帳號隨後也轉發這張圖片。美國《福斯新聞》（Fox News）報導，川普與白宮沒有說明這是否代表正式改名計畫，也未提出相關程序。這次動作延續川普近期以「America」重新命名地理名稱的作法，包括將墨西哥灣（Gulf of Mexico）稱為「美國灣（Gulf of America）」，以及將安大略湖（Lake Ontario）稱為「美國湖（Lake America）」。請繼續往下閱讀...川普在「Truth Social」發布地圖，把「New Mexico」中的「Mexico」以紅字劃掉，再改寫成「America」。他並表示，有人建議將新墨西哥州改名為「新美國」，自己非常喜歡這個名稱。川普之後又發布一段合成影片，畫面將新墨西哥州的名稱置換成「新美國」，搭配競選歌曲《Y.M.C.A.》。白宮官方帳號也轉發相關內容。州長立即反對 新墨西哥州名稱已有數百年歷史這項提議引發新墨西哥州政府反彈。民主黨籍州長葛里漢（Michelle Lujan Grisham）表示，州名沒有討論空間，並指出「新墨西哥」這個名稱早在美國建國之前就已存在數百年。「Nuevo México」這個名稱可追溯至16世紀末的西班牙殖民時期。1848年美墨戰爭結束後，當地納入美國版圖並沿用相關名稱，直到1912年正式成為美國第47州。《福斯新聞》指出，與聯邦管轄的湖泊或海域不同，美國總統無法單方面透過行政命令更改州名。若要修改州名，仍須依新墨西哥州自身的法律程序處理。目前「新美國」僅出現在川普發布的地圖與社群貼文中，白宮也未宣布正式改名方案；新墨西哥州的正式名稱仍為「New Mexico」。pic.twitter.com/Jh3DHXnflT— The White House （@WhiteHouse） September 6, 2026 pic.twitter.com/Jh3DHXnflT    ",https://news.ltn.com.tw/news/world/breakingnews/5565489
負評逼近6成！李在明施政滿意度剩37.4％創新低 「3原因」曝光,國際,2026/09/07 11:12,最新民調顯示，南韓總統李在明施政滿意度跌至37.4%，創就職以來新低。（美聯社資料照）南韓民調機構Realmeter今天（7日）公布最新民調結果顯示，南韓總統李在明施政滿意度降至37.4%，較前一週下滑1.5個百分點，創下就職以來新低。韓聯社報導，Realmeter受南韓「能源經濟新聞」委託，於8月31日至9月4日針對南韓全國18歲以上、共2510人進行調查。請繼續往下閱讀...結果顯示，李在明施政滿意度為37.4%，較前一週下降1.5個百分點；施政負評率則上升0.8個百分點至59.5%，已連續6週在誤差範圍之外高於滿意度。Realmeter分析3因素指出，隨著部級官員候選人優待爭議；公訴撤銷爭議等人事任命風波持續發酵；加上房地產稅制改革「轉向」等爭議接連浮現，負面輿論逐漸擴散，最終導致李在明施政滿意度下滑。政黨支持率方面，Realmeter於9月3日至4日針對南韓全國18歲以上、共1001人進行調查。結果顯示，執政黨共同民主黨支持率較前一次調查下降1.3個百分點至41.8%；最大在野黨國民力量則下降0.1個百分點至37.6%。此次施政滿意度調查的信心水準為95%，抽樣誤差為正負2個百分點，應答率4.2%；政黨支持率調查的信心水準為95%，抽樣誤差為正負3.1個百分點，應答率3.8%。    ,https://news.ltn.com.tw/news/world/breakingnews/5565475
印尼免費營養午餐近2千人食物中毒 自推行以來共5萬人中鏢,國際,2026/09/07 11:11,印尼全國免費營養午餐，上週共有將近2000人上吐下瀉。圖為中鏢的學生接受治療。（歐新社）印尼總統普拉伯沃（Prabowo Subianto）推行的重大政策「全國免費營養午餐（MBG）」，上週共有將近2000人上吐下瀉，其中大部分都是學生，MBG自去年1月實施以來，一共有5萬人食物中毒。據《美聯社》報導，從本月1日至3日，印尼東爪哇、中爪哇、西蘇門答臘、亞齊、南蘇拉威西等地，接連發生多起MBG食物中毒事件，約有1950名學生、教職員身體不適。請繼續往下閱讀...較為嚴重的有中爪哇省倫邦縣（Rembang）高中752名學生、25名教師吃下免費營養午餐後，出現腹瀉、噁心、嘔吐、胃痛等症狀；東爪哇省泗水市則有730人中鏢，大部分都是伊斯蘭寄宿學校的學生。印尼衛生部資料顯示，MBG從2025年1月推行至今年9月2日為止，共發生560起食物中毒事件、5萬59人染病，橫跨全國36個省份的245處城市或地區。印尼國家營養局（National Nutrition Agency）局長蘇達里約諾（Sudaryono），在國會聽證會上坦言80％至90％的MBG食物中毒是因為沒有遵守食品安全SOP，當局對全國2.7萬處供餐中心展開徹查，至少有833個餐廚因不符合衛生標準被勒令關閉。印尼總統普拉伯沃的MBG計畫是他當初的競選政見之一，希望能夠向將近9000萬名學生、幼童、孕婦提供免費膳食，藉此減少兒童發育遲緩和營養不良等現象，預計到2029年將耗費280億美元（約新台幣8872億元）。    ,https://news.ltn.com.tw/news/world/breakingnews/5565470
北韓驅逐艦「姜健號」命運多舛正式服役 金正恩偕妻女視察,國際,2026/09/07 11:07,金正恩與愛女金主愛視察「姜健號」。（法新社）北韓新型5000噸級驅逐艦「姜健號」在去年5月的下水儀式中曾發生意外，導致船體嚴重受損，而事故發生僅22天後，北韓就將該艦打撈出水並強行舉行下水儀式。在風波過後，「姜健號」6日在元山港舉行正式服役儀式，北韓最高領導人金正恩出席儀式並發表談話，夫人李雪主與女兒金主愛也出席活動。南韓《韓聯社》引述北韓官媒《朝中社》報導，金正恩6日出席儀式時表示，「姜健號」驅逐艦不僅是北韓經濟、國防、科學技術力量的集合體，更是要維護自身權益的自尊和意志、頑強精神力量的結晶。金正恩宣稱，目前「姜健號」正式編入東海海上武裝力量，以及東海地區正在建造海軍基地的消息，都將向「敵人」發出明確的信號。請繼續往下閱讀...金正恩強調，北韓海軍正在實現核武化，核威懾力量的運用也逐漸邁向合理化、多樣化和實用化。北韓將進一步明確鞏固強大且可靠的核威懾力量，使核武作戰體系實現多樣化、高效率，並進一步展開海上防衛和遏制戰爭的軍事活動。金正恩甚至預告，北韓正在實施強化海軍武裝力量的重要計劃，將在8個月後再次展示計畫成果。而在演說結束後，金正恩與金主愛也登上「姜健號」視察。「姜健號」去年5月首次下水時發生重大事故，不僅艦體側傾，船尾還因此擱淺。不過事故發生僅22天，北韓就將該艦打撈出水並再度舉行下水儀式，外界一直質疑「姜健號」能否正常運作。不過，金正恩7月現場觀摩「姜健號」飛彈試射，加上6日舉行正式服役後，形同打破外界質疑。「姜健號」6日正式服役。（法新社）    ,https://news.ltn.com.tw/news/world/breakingnews/5565426
救援人員丟滅火器逃跑？China GT賽車爆炸燒成火球 對手棄賽冒死救人,國際,2026/09/07 10:53,英國賽車手米洛伊（右一）在上海比賽期間發生嚴重事故，竟是由對手、23歲車手哈爾托棄賽冒死相救。（本報合成，擷取自Ollie Millroy/IG）China GT中國超級跑車錦標賽上海站5日爆發嚴重安全救援失職爭議。英國知名車手米洛伊（Ollie Millroy）駕駛的賽車發生碰撞並爆炸起火，現場工作人員遭控因恐慌丟棄滅火器逃跑、救護車延遲15分鐘才抵達，所幸荷蘭籍車手哈爾托（Loek Hartog）果斷棄賽衝入火場將他拖出脫困。事後賽會不僅直播造假謊稱車手自行離開，更試圖卸責帶風向，引發各界譁然。綜合外媒報導，事故發生在比賽進行約20分鐘時，米洛伊（Ollie Millroy）駕駛的法拉利賽車與另外兩輛賽車發生碰撞，爆炸後燃起熊熊烈火，整個人動彈不得。千鈞一髮之際，駕駛79號保時捷的23歲車手哈爾托見狀立刻停車，冒著生命危險衝向熊熊烈火，在缺乏專業消防人員支援下，自行尋找滅火器並徒手將米洛伊拉出車外。請繼續往下閱讀...米洛伊送醫後診斷5根肋骨斷裂、多處骨折且肺部挫傷，需要靜養一段時間。事後他發文淚謝哈爾托救命之恩，更稱自己欠他一條命：「哈托格在附近完全沒有工作人員或消防人員的情況下立刻停了下來，冒著生命危險把我從車裡救了出來。從事故發生前 30 秒到事故發生後一小時之間的事，我完全記不清了，但我餘生都會銘記他那令人難以置信的英勇舉動。」然而，主辦方荒腔走板的應變隨即引爆各界怒火。賽事直播第一時間竟草率播報車手已自行脫困，企圖掩蓋嚴重性；參賽車手更爆料，現場救援人員因害怕丟下滅火器逃跑，甚至有人連滅火器都不會用，救護車足足拖了15分鐘才抵達。更有車手出面指控，賽後仲裁人員不僅對各位車手的傷勢不聞不問，甚至私下要求車手配合將輿論焦點轉移到選手本身，以降低賽事方承受的負面影響，企圖卸責甩鍋。對此，米洛伊所屬的FIST Auto車隊發出嚴正聲明，痛斥賽會嚴重失職並即日起全面退出China GT所有賽事；台灣賽車教父陳俊杉創辦的Team AAI亦痛批現場處置令人心寒，強烈譴責「對生命的漠視我們永遠不能接受」，同步宣布無限期退出China GT賽事。China GT中國超級跑車錦標賽官方微博則發文對事故及後續影響深表歉意，並稱經初步核查認為，賽事配置符合國家級賽事配置，但在細緻管理方面有待提高，將針對此次事件進一步檢討和調查。同場賽事中，中國男星王一博也遭撞退賽。目前本人平安無事，但也引發廣大粉絲抗議，要求賽事方公開完整事故影片與透明調查過程。        在 Instagram 查看這則貼文            Ollie Millroy（@olliemillroy）分享的貼文Ollie Millroy（@olliemillroy）分享的貼文        在 Instagram 查看這則貼文            B/R Racing（@brracing）分享的貼文B/R Racing（@brracing）分享的貼文    ,https://news.ltn.com.tw/news/world/breakingnews/5565417
專家：美國海軍超負荷非源於伊朗戰爭 對印太影響值得關注,國際,2026/09/07 10:47,英國海權專家指出，美國航空母艦和海軍艦艇全球部署和維修養護吃緊的現象，在今年伊朗戰爭爆發之前即已發生，這對美國在印太區域嚇阻能力的影響值得持續關注。圖為美軍航艦「林肯號」。（法新社資料照）英國海權專家指出，美國航空母艦和海軍艦艇全球部署和維修養護吃緊的現象，在今年伊朗戰爭爆發之前即已發生，這對美國在印太區域嚇阻能力的影響值得持續關注。專家也提到，美國運用航空母艦等高價值軍事資產的方式值得進一步檢視。以亞洲和太平洋戰場為例，中國可能考慮先利用海警和民兵等準軍事力量，對台灣實施隔離或封鎖，驅使美方出動航艦等高價值資產，以利在消耗、磨損美軍戰備後，在適當時機升高局勢，出動中國海軍、發動關鍵打擊。請繼續往下閱讀...英國智庫「皇家聯合軍事研究所」（RUSI）海權高階研究員卡沙爾（Sidharth Kaushal）以及RUSI期刊主編、前英國海軍戰略研究中心（RNSSC）主任羅蘭（Kevin Rowlands）近日聯名發表評論文章，分析美國軍艦部署時間過長、例行維修養護遞延等現象造成的惡性循環，以及相關現象對美方軍事態勢的影響。美軍航艦「林肯號」（USS Abraham Lincoln）近日成為國際新聞焦點，主要原因包括它的海上部署時間總計超過270天，且集中於中東地區。卡沙爾和羅蘭指出，按美國海軍標準規範，航艦單一部署週期是210天（約7個月），但「林肯號」的部署天數雖然已明顯超標，卻不是特例，更未破紀錄：美國航艦「福特號」（USS Gerald R. Ford）今年5月剛結束長達326天的部署行動。此外，分析美國海軍近10年的訊息發布可發現，自2023年以來總計11次航艦部署行動之中，有8次的部署時間長達8個月以上；長達至少9個月的部署行動則多達5次，占比近50%。卡沙爾和羅蘭在文章提到，依據美方準則，海軍航艦的運用是3年一循環，其中7個月用於部署，其他時間則用於維修養護、人員訓練與輪休調度，以及航艦進入表定高戰備狀態；現役航艦多達11艘的美國海軍，在任何一個時間點，都應有2至3艘航艦在海上執行部署任務，其他航艦則各自處於3年循環的不同階段。文章指出，一旦部署時間過長，航艦所需維修養護時間通常也會增加，進而影響其他航艦的運用循環。這可類比為汽車未按時接受例行保養，一旦車齡已相當可觀，則車主需付出的時間和金錢成本會更高。文章舉例，「林肯號」正式投入服役是在44年前；美國現役最老的兩艘航艦「尼米茲號」（USS Nimitz）和「艾森豪號」（USS Dwight D. Eisenhower），艦齡分別是51年和48年。不僅是航艦，文章提到，類似的部署和維養吃緊現象也可見於驅逐艦、兩棲艦隊等美軍艦艇。舉例而言，驅逐艦「班福特號」（USS Benfold）今年7月曾在失去電力的情況下，在戰略情勢敏感的南海水域漂流4天。值得注意的是，「班福特號」隸屬航艦「華盛頓號」（USS George Washington）打擊群編隊，而「華盛頓號」近日接替「林肯號」赴中東執行任務。這意味在南海遭遇漂流險境時，「班福特號」是處於開始執行任務的階段，而非任務尾聲。另一方面，文章指出，伊朗戰爭恐已將美國在全球的軍事部署態勢推向危機邊緣，這可見於海軍及其他軍事資源。舉例而言，美國已消耗相當於10年產量的反飛彈「終端高空防衛系統」（THAAD，又稱薩德系統）；各式關鍵高階武器儲備恐皆需耗時數年補充。文章提到，中國可能會認為這樣的局面對自己有利。無論中方的認定是否合理，問題重點一向不在特定危機是否確實為敵手製造機會，而在競爭或敵對的各方如何評估戰略形勢變化，並進而採取什麼樣的行動。    ,https://news.ltn.com.tw/news/world/breakingnews/5565448
重返白宮1年進帳713億！遭批牟利 川普反嗆：我炒股是為了美國,國際,2026/09/07 10:46,川普表示，他靠股票以及許多其他類型的資產持有，賺進了數千億美元，強調「這麼做是為了我們的國家，不是為了我自己。」（美聯社）美國總統川普在重返白宮的第一年賺進22.4億美元（約台幣713億），其中股票與債券投資規模至少成長4倍，引發討論以及反對黨的批評；對此，川普表示，他靠股票以及許多其他類型的資產持有，為美國賺進了數千億美元，強調「這麼做是為了我們的國家，不是為了我自己。」針對經常被民主黨批評炒作股市賺錢，美國總統川普今（7日）在《真實社群》平台發文表示：「我是為了國家做這件事，不是為了我自己！」他稱自己靠美股和其他美國資產賺了好幾千億美金，都是為了美國！不是為了我自己！，但是這樣的結果讓他整天被激進左派「蠢驢黨」（Dumocrats）批評，非常不公平，但人生就是這樣。請繼續往下閱讀...根據川普最新公開的財務申報資料顯示，川普去年透過家族加密貨幣事業，包括World Liberty Financial與 Trump Meme Coin，獲得超過14億美元收入（約新台幣450.44億元）。資產管理團隊將相當一部分加密貨幣收益轉投入股票、債券等風險較低的傳統金融資產；分析川普近2年的財務資料發現，隨著加密貨幣資金大量流入，其股票與債券投資規模至少成長4倍。截至2025年底，川普持有的股票與債券價值介於7.03億至26億美元（約新台幣226.19億元至836.54億元），遠高於2024年底的2.25億至6.08億美元（約新台幣72.39億元至195.62億元）。    ,https://news.ltn.com.tw/news/world/breakingnews/5565449
金融時報：歐洲嚇阻失靈 北約憂俄混合戰持續升級,國際,2026/09/07 10:40,英國金融時報報導，德國萊比錫－哈雷機場（Leipzig-Halle Airport）上月發生搭載軍用級炸藥無人機攻擊未遂事件，凸顯俄羅斯對北大西洋公約組織（NATO）採取侵略行動卻未受到有效遏止，也顯示現有嚇阻手段不足。（路透資料照）國防和情報官員警告，歐洲的北約成員國未能有效嚇阻俄羅斯對歐洲發動的「混合戰」，各國須迅速發展新手段遏制莫斯科，否則恐有升高衝突之虞。英國金融時報（Financial Times）報導，官員表示，德國萊比錫－哈雷機場（Leipzig-Halle Airport）上月發生搭載軍用級炸藥無人機攻擊未遂事件，凸顯俄羅斯對北大西洋公約組織（NATO）採取侵略行動卻未受到有效遏止，也顯示現有嚇阻手段不足。官員指出，歐洲各國政府必須採取集體行動應對。請繼續往下閱讀...這起險些釀成嚴重後果的攻擊事件，也讓歐洲更加警覺俄羅斯正加強對歐洲發動「混合戰」；北約也未能有效阻止俄羅斯發動不會觸發「第5條」集體防衛機制的攻擊。一名西方高階防務官員表示：「我們顯然做得不夠，無法嚇阻低於第5條門檻的挑釁行動。我們的嚇阻能力足以防止俄羅斯升高傳統軍事與核武衝突，但我們確實需要重新思考應對混合戰的方式。」俄羅斯正規軍與烏克蘭部隊陷入僵局之際，過去2年來俄羅斯代理人與情報機構也在歐洲發動一場祕密侵略戰，包括散播假消息、發動網路攻擊、縱火焚燒倉庫、鎖定政治人物的住家與汽車，以及切斷或破壞海底電纜等。這類行動正是軍事理論家所稱的「混合」衝突典型手段，通常成本低廉、難以追查幕後主使者，並由間諜或其他勢力代為執行，目的在於破壞社會穩定，同時避免跨越傳統武裝入侵或攻擊的門檻。另名西方高階官員表示，柏林上週正式認定萊比錫機場攻擊事件是俄羅斯所為，這起事件被視為轉捩點，且對歐洲北約成員國首都造成「非常、非常嚴重的影響」。這名官員說，各國仍在「最高層級」持續討論，以制定長期且可持續的應對方案。美國總統川普上任後，對俄政策方向有所轉變，也讓北約的盤算更加複雜。前總統拜登政府曾堅定警告莫斯科不要攻擊北約，川普則試圖淡化俄羅斯總統普丁（Vladimir Putin）構成的威脅。官員表示，歐洲各國情報機構正準備面對俄羅斯「滋擾性」攻擊行動增多，包括蓄意破壞民用目標、製造混亂甚至縱火。這些行動可能配合明年法國、義大利及波蘭等國一系列關鍵選舉展開。英國智庫「皇家國際事務研究所」（Chatham House）資深研究員佳爾斯（Keir Giles）表示，「問題在於，什麼程度的攻擊才算觸發第5條，界線相當模糊…如果我們不讓俄羅斯付出代價，他們就會繼續得寸進尺。」一名北約前線國家的高階官員指出，「我們顯然已看到，俄羅斯承受風險的意願與魯莽程度都在提高」，而且俄羅斯相關活動已達到「前所未見的程度」。這名官員表示，「低於門檻」的攻擊讓莫斯科得以不斷試探底線。他強調，「我們不能讓這成為新常態。」專家也指出，德國延宕4週才認定萊比錫機場攻擊事件是俄羅斯所為，顯示各國不願集體譴責莫斯科行動，而這也反過來助長莫斯科繼續採取這類行動。    ,https://news.ltn.com.tw/news/world/breakingnews/5565435
中國國防部批靖國神社扯台灣！矢板明夫揪「1錯誤」：又鬧歷史笑話,國際,2026/09/07 10:31,上月27日，中國國防部發言人張曉剛在記者會上批評日本國會議員參拜靖國神社。（中央社資料照）中國國防部發言人張曉剛日前在記者會上批評日本國會議員參拜靖國神社時，宣稱靖國神社供奉曾任台灣總督的乃木希典。對此印太戰略智庫執行長矢板明夫表示，乃木希典實際上並沒有被供奉於靖國神社，批評中國國防部「又鬧了一個歷史笑話」。矢板明夫6日在臉書粉專「矢板明夫俱樂部」發布貼文稱，張曉剛8月27日在記者會上批評日本國會議員參拜靖國神社，並將矛頭指向台灣。張曉剛宣稱，靖國神社除了供奉14名甲級戰犯外，還供奉了「雙手沾滿台灣同胞鮮血」的安藤利吉、乃木希典等人，並批評民進黨政府「媚日戀殖、認賊作父，令人不齒」。請繼續往下閱讀...對此，矢板明夫指出，乃木希典並未被供奉於靖國神社，並稱這並非「冷知識」，而是稍微查閱資料便能得知的基本常識。矢板明夫說明，乃木希典是日清、日俄戰爭時期的日本陸軍大將，也曾於1896年至1898年間擔任台灣總督。1912年明治天皇去世後，乃木希典與妻子殉死，由於他並非戰死或因戰爭相關原因死亡，因此未被合祀於靖國神社，實際祭祀乃木夫婦的是位於東京赤坂的乃木神社。矢板明夫因此批評，中國國防部發言人在正式記者會上「義正詞嚴地痛罵了一件根本不存在的事情」。此外，矢板明夫也注意到，中方直接將乃木希典定性為「雙手沾滿台灣同胞鮮血的人」。他表示，乃木希典擔任台灣總督期間正值日本統治初期，許多施政內容確實可以討論，但歷史評價必須建立在具體史料之上。矢板明夫強調，台灣的歷史應由台灣人自己研究及評價，不能由中國政府替台灣人決定誰是「恩人」、誰是「劊子手」。他進一步批評，中國軍方發言人連最基本的歷史功課都沒有做好，將錯誤史實公開說出口，再以此為基礎批評日本及台灣。矢板明夫認為，當歷史淪為政治宣傳工具，需要反日時便拼湊數名日本軍人的名字，需要批評台灣時便替台灣人創造一套「歷史記憶」，為了反日及政治宣傳而不顧史實，最終暴露的只是「自己的傲慢與無知」。    ,https://news.ltn.com.tw/news/world/breakingnews/5565324
墨西哥節慶煙火在地面爆炸 圍觀民眾10死64傷,國際,2026/09/07 10:28,墨西哥特馬斯卡爾辛戈節慶煙火爆炸，造成10死64傷。（路透）墨西哥墨西哥州特馬斯卡爾辛戈（Temascalcingo）市鎮，5日晚間為了慶祝「主保聖人（patron saint）」節日施放煙火，吸引居民們前來圍觀，孰料卻發生爆炸釀10死64傷。據《美聯社》報導，特馬斯卡爾辛戈市鎮位於墨西哥城西北方100英里（約161公里）處，約有6.6萬人口，當天數百名居民正期待觀看絢麗的煙花，怎知擺放在地面的煙火卻突然爆炸。請繼續往下閱讀...據了解，爆炸地點旁邊就是光明聖母教堂（Nuestra Señora de la Luz church），尚不清楚為何會發生意外，墨西哥州檢察長辦公室已介入調查。墨西哥節慶經常施放煙火帶來歡樂，但爆炸事件層出不窮。    ,https://news.ltn.com.tw/news/world/breakingnews/5565439
印度德里宿舍倒塌釀6死 傳有數十名學生受困,國際,2026/09/07 09:54,印度德里學生宿舍6日倒塌，目前已知有6人死亡，傳出還有數十名學生受困。（路透）印度德里西南部薩蒂亞尼克坦（Satya Niketan）社區，1棟專門出租給學生當宿舍的5層樓高建物於6日下午1時30分許倒塌，目前已知有6人死亡，傳出還有數十名學生受困。綜合外媒報導，倒塌的建物名為「Hostel Daze」，屋齡約40至50年，就在德里大學旁邊，附近還有好幾間5、6層樓高的出租宿舍，不少來到德里大學就讀的學生都會選擇住在這裡，由於倒塌時正逢週日沒有課程，許多人都待在房間裡因而受困。請繼續往下閱讀...倒塌建物老闆班薩爾（Hari Ram Bansa），這幾個月來進行翻修工程，雖然尚未完工，但8月還是讓準備開學的學生們租賃，德里這幾天暴雨不斷，導致這棟宿舍地下室積水，但工人們還是繼續施工，尚不清楚這是否和倒塌有關。來到現場關心情況的議員透露，有不少掩埋在瓦礫堆下的學生打電話向外求救，目前正爭分奪秒地搜救中，倒塌建物內已救出11人，其中有2名工人，當局已著手對班薩爾展開調查。    ,https://news.ltn.com.tw/news/world/breakingnews/5565388
美民主黨俄亥俄州長候選人造勢 持槍男子闖入釀2傷,國際,2026/09/07 09:20,美國民主黨俄亥俄州州長候選人阿克頓造勢，傳出1名持槍男子闖入並衝撞人群。（美聯社）美國民主黨俄亥俄州州長候選人阿克頓（Amy Acton），6日前往馬霍寧郡坎菲爾德市集（Canfield Fair）造勢，孰料1名持槍男子突然闖入並衝撞人群，造成2名老者受傷，男子隨即被捕。據《CNN》報導，馬霍寧郡警長格林（Jerry Greene）表示，38歲嫌犯哈瓦斯（Patrick Havas）身上帶著2把槍械、1副手指虎進入民主黨帳篷，用手機拍攝阿克頓向民眾講話的過程，隨後強行推擠人群撞倒2人，最終被阿克頓的維安人員壓制在地。請繼續往下閱讀...人在現場的民主黨前聯邦眾議員博奇里（John Boccieri）透露，哈瓦斯是個身材魁梧的白人男性，站在阿克頓前面的2名老年人被撞倒在地，其中1人似乎摔倒後頭部撞到桌子。博奇里說，哈瓦斯被壓制並遭到逮捕後，自己連忙扶起傷患，醫師出身的阿克頓也幫忙照護老者。據了解，阿克頓在這起事件中並未受傷，至於嫌犯哈瓦斯目前面臨2起襲擊罪、1起擾亂治安罪的指控。    ,https://news.ltn.com.tw/news/world/breakingnews/5565363
美國經濟制裁出現成效 伊朗擬在荷姆茲海峽附近劃設新「禁區」,國際,2026/09/07 07:38,伊朗最高國家安全委員會秘書雷札伊6日表示，德黑蘭當局計劃在荷姆茲海峽以外的水域宣布一個「禁區」。（美聯社）美國與伊朗關係仍持續緊繃，美國除了日前與伊朗展開數次交火，目前也持續透過制裁手段對伊朗經濟施加強大壓力。不過伊朗最高國家安全委員會秘書雷札伊（Mohsen Rezaei）6日表示，德黑蘭當局計劃在荷姆茲海峽以外的水域宣布一個「禁區」，所有試圖通過「禁區」的船舶都會被列入制裁名單中。綜合外媒報導，針對「禁區」劃定範圍，雷扎伊表示，該區域將從美國海軍封鎖線開始，延伸至海灣地區，所有進入這個「禁區」的船舶都會被列入制裁名單。但雷扎伊並未透露太多該計劃細節。此外，雷扎伊也聲稱，有關伊朗因制裁和經濟封鎖導致國內基本物資短缺的傳言都是假消息。請繼續往下閱讀...不過美國對伊朗實施的經濟制裁，目前已對伊朗國內經濟造成一定程度的影響，伊朗國會議長兼首席談判代表卡利巴夫6日透過國營電視台發表聲明，提到目前除了軍事戰線之外，伊朗現在面臨的主要戰鬥是生產和人民的生計之戰。卡利巴夫表示，目前貨幣劇烈波動、通貨膨脹、失業和市場管理是主要挑戰，並補充說：「伊朗人可以忍受困苦，但不能忍受管理不善或不作為，並期望政府迅速採取行動。」    ,https://news.ltn.com.tw/news/world/breakingnews/5565318
亞馬遜貨機降落衝出跑道！機身衝撞多車起火釀5死5傷,國際,2026/09/07 06:58,1架隸屬於亞馬遜公司的貨機在6日下午2點左右衝出機場跑道撞上停車場車輛並起火，造成至少5人死亡。（歐新社）位於美國佛州的邁阿密國際機場6日下午發生貨機衝出跑道的飛安事故，1架隸屬於亞馬遜公司（Amazon）的貨機在6日下午2點左右衝出機場跑道撞上停車場車輛並起火，造成至少5人死亡。綜合外媒報導，當地官員們在6日下午的記者會上表示，亞馬遜Prime Air的7598航班在美東時間6日下午2點前衝出機場的斜向跑道，撞上了地面上的多輛汽車，此事件造成5死5傷。邁阿密-戴德郡（Miami-Dade）消防救援部門指出，救難人員到場後發現，飛機機身因事故而起火，現場冒出滾滾濃煙，有超過60名消防員趕往現場撲滅火勢。請繼續往下閱讀...邁阿密-戴德郡消防局長賈達拉（Raied Jadallah）在6日晚間的記者會提到，這起事故另外還造成5人受傷，其中3人重傷，另外有多人受困於被飛機撞擊的車輛之中，而貨機正副駕駛也被困在飛機上，救難人員仍持續協助民眾脫困。根據航班追蹤網站「Flightradar24」顯示，7598航班6日從波多黎各聖胡安起飛，下午在邁阿密機場降落，不料卻發生飛安事故，而這架機齡32年的波音767最初是為載客而設計的，並在多家航空公司服役超過20年後，於2015年改裝為貨機。事故發生後，邁阿密國際機場也因此關閉所有跑道及滑行道，根據航班追蹤網站「FlightAware」統計，邁阿密國際機場約有250個航班延誤。邁阿密-戴德郡消防局長賈達拉提到，這起事故另外還造成5人受傷，其中3人重傷，另外有多人受困於被飛機撞擊的車輛之中。（路透）    ,https://news.ltn.com.tw/news/world/breakingnews/5565303
中英對照讀新聞》South Korea’s Kospi has staged a stunning comeback 南韓綜合指數上演驚人的強勢回歸,國際,2026/09/07 05:30,"南韓綜合指數已從上一波跌勢中反彈，重返牛市格局。（美聯社）◎盧永山South Korea’s Kospi has staged a reversal from its latest rout, returning to bull-market territory as investors pile back into the country’s semiconductor giants that dominate the index.南韓綜合指數已從上一波跌勢中反彈，隨著投資人重新湧入主導該指數的南韓半導體巨擘，大盤已重返牛市格局。請繼續往下閱讀...The benchmark has climbed more than 20% from its July low, the commonly used threshold for a bull market, after a rout driven partly by leveraged positions and forced selling pushed it into bear-market territory last month.該基準指數已從7月的低點攀升超過20％，這是進入牛市常用的門檻；在上個月，部分因為槓桿部位和被迫拋售所引發的暴跌，曾使該指數跌入熊市。The speed of the turnaround underscores the massive volatility in tech stocks and raises a bigger question: How much longer will the South Korean rally last?這個翻轉的速度凸顯了科技股的巨大波動，並引發1個更大的問題：南韓股市的漲勢還能持續多久？For bulls, the answer rests largely on whether the fundamentals behind Korea’s semiconductor giants can keep pace with increasingly optimistic expectations.對於看好後市的人而言，這個問題的答案很大程度上取決於南韓半導體巨擘背後的面基本面，是否能跟上日益樂觀的預期。新聞辭典stunning：形容詞，令人驚豔的、令人震驚的。例句：Rebecca look absolutely stunning！（蕾貝卡看起來美呆了！）turnaround：名詞，周轉時間、逆轉、好轉。例句：The CEO was responsible for the turnaround in the company’s fortunes.（這家公司命運的轉變得歸功於執行長。）    ",https://news.ltn.com.tw/news/world/paper/1769684
伊朗攻擊美艦失敗 反遭美炸3油輪,國際,2026/09/07 05:30,美國中央司令部表示，在伊朗向包括航空母艦在內的2艘美國海軍軍艦發射彈道飛彈後，美軍還以顏色，摧毀3艘與伊朗伊斯蘭革命衛隊有關的油輪。（法新社）中東衝突「重大升級」 美司令︰必要時摧毀伊朗油輪船隊美國與伊朗五日至六日再次彼此攻擊！美國中央司令部（CENTCOM）證實，在伊朗攻擊美國軍艦未遂後，美軍在不同地點對三艘與伊朗有關的油輪動武；伊朗則宣稱攻擊荷姆茲海峽上的油輪，以及一艘企圖進入荷姆茲海峽的美軍無人艇。伊朗首席談判代表卡利巴夫揚言，攻擊伊朗利益與安全，將遭到更嚴厲的反擊。請繼續往下閱讀...專家指出，過去伊朗在海上的攻擊主要針對商業船隻，如今雙方在關鍵水道的直接交鋒，標誌著衝突局勢出現危險升級。最新這波交火始於伊朗伊斯蘭革命衛隊（IRGC）宣稱，發射飛彈攻擊一艘美軍航空母艦與一艘驅逐艦，並宣稱兩艦在嚴重受創後撤退。負責中東地區任務的美國中央司令部證實，一艘美國航艦與一艘驅逐艦躲過「伊朗多次無端襲擊」，美方官兵無人受傷。華爾街日報引述美方官員報導，革命衛隊企圖攻擊美軍軍艦，被視為已歷時逾六個月的中東衝突重大升級。在革命衛隊攻擊失敗後，美軍以打擊三艘伊朗油輪作為報復，分別在伊朗石油出口樞紐哈格島（Kharg Island）附近癱瘓一艘油輪、在伊朗賈斯克（Jask）附近癱瘓另一艘油輪，以及在阿曼灣（Gulf of Oman）「徹底摧毀」一艘空載油輪。其中，美軍指示阿曼灣的伊朗油輪船員棄船，然後對該油輪發動多次攻擊，以確保其完全失去航行能力。中央司令部司令古柏說，美軍藉由打擊三艘伊朗油輪告訴革命衛隊，伊朗企圖攻擊美軍的兩艘艦艇，就得付出損失三艘油輪的代價…「我們將毫不猶豫保護美軍安全，必要時，也會摧毀伊朗數量有限且暴露在外的油輪船隊。」每天約900萬桶通過荷姆茲 緩解油價革命衛隊六日也就美軍攻擊油輪展開報復，稱其海軍部隊鎖定攻擊在荷姆茲海峽未授權航線上的三艘油輪，以及在其他海域上與美國有關的三艘船隻，警告船隻切勿嘗試通過未批准的航線。同日稍早，革命衛隊宣稱攻擊一艘企圖進入荷姆茲海峽的美國海軍無人艇，但遭美方駁斥。伊朗國會議長兼首席談判代表卡利巴夫六日透過國營電視台發表聲明，警告美國人必須明白，對等回應的時代已經結束，任何針對伊朗利益與安全的攻擊，將招致更迅速、更猛烈與更痛苦的回應。美國能源部長萊特（Chris Wright）六日接受美國有線電視新聞網（CNN）訪問時表示，目前平均每天約有九百萬桶石油通過荷姆茲海峽，加上陸上管線運輸，整體原油流通量已達到「衝突前水準的三分之二以上」，應有助於緩解國際能源價格的壓力。但他也強調，這些航運流通高度仰賴美國海軍在現場護航，以防範伊朗的襲擊，美方期盼其他盟國未來能共同加入護航行動。    ,https://news.ltn.com.tw/news/world/paper/1769656
美特使訪俄烏 前線戰火不歇,國際,2026/09/07 05:30,烏克蘭總統澤倫斯基（左）6日與來訪的美國特使庫希納（中）相擁，右為另一名特使魏科夫。（路透）在結束與俄羅斯總統普廷的會談後，美國特使魏科夫（Steve Witkoff）與庫希納（Jared Kushner）六日搭乘火車抵達烏克蘭首都基輔，在市中心具歷史意義的聖索菲亞大教堂，會晤烏克蘭總統澤倫斯基（Volodymyr Zelenskyy）。魏科夫與庫希納在戰爭期間已八度造訪莫斯科，卻是首次造訪基輔。兩人五日才在莫斯科與普廷進行逾三個小時閉門會談。克里姆林宮外交政策顧問鄂夏柯夫（Yuri Ushakov）形容會談「極具實質性、建設性、極其坦率且充滿信任」，魏、庫兩人就如何結束俄烏戰爭提出若干「促成解決方案的可能途徑」，但未透露具體內容。請繼續往下閱讀...鄂夏柯夫表示，普廷告訴魏、庫兩人，俄軍已在戰場上取得「實質進展」，有信心達成目標，同時也強調必須處理「衝突的所有根源」。此外，雙方也探討經濟議題與潛在美俄合作計畫。白宮官員則表示，會談具有「實質內容」，預計未來幾週內公布。然而，親近克里姆林宮人士透露，普廷僅願意在符合自身條件下停戰。對於特使到來，澤倫斯基表示，烏克蘭已備妥提案，準備展開建設性對話，並強調：「我們需要安全保證，戰後和平必須具備尊嚴。」他深信來自歐美盟國的實質安全保證，是嚇阻俄羅斯未來再度入侵的關鍵。此外，澤倫斯基證實，在結束雙邊會談後，來自英國、德國與法國的國家安全顧問，也將加入後續協商。為確保談判進行，烏俄雙方均同意在特使訪問期間，暫停對彼此首都的空襲三天，但烏克蘭空軍通報，俄軍夜間發射一〇八架無人機與飛彈襲擊烏國其他地區，造成至少十人喪生；俄方則宣稱擊落二五八架烏克蘭無人機。烏軍六日再度深入俄國境內約四八〇公里，精準打擊梁贊（Ryazan）地區的俄羅斯石油公司（Rosneft）煉油廠，引發大火。俄未排除與美中APEC三方會談川普日前宣稱，特使帶來結束戰爭的「新提案」，但外界普遍對此行可能帶來實質突破感到悲觀。俄羅斯副外長雷亞布可夫（Sergei Ryabkov）六日表示，俄方並未排除俄國、美國和中國元首在十一月深圳亞太經濟合作會議（APEC）峰會期間，舉行三方會談的可能性，但也強調，必須先釐清會談議程。烏克蘭#俄羅斯/span〉    ,https://news.ltn.com.tw/news/world/paper/1769659
創新高》俄躲制裁 百噸黃金湧入中港,國際,2026/09/07 05:30,（路透檔案照）英國「金融時報」六日報導，隨著美國、英國等在二〇二二年俄羅斯全面入侵烏克蘭後進行制裁，俄國黃金開始轉向未受影響的香港與中國。光是今年前七個月，就有近一〇〇公噸的俄國黃金流入香港，創歷史新高；而這些進入香港的黃金，大部分最後都流向中國。全球黃金貿易傳統上以倫敦、紐約與杜拜為中心，但香港貿易數據顯示，香港在今年前七個月從俄羅斯進口近一〇〇公噸的黃金，創歷史新高，幾乎是二〇二五年同期進口量的三倍。倫敦證券交易所集團（LSEG）分析師薩哈說，自從倫敦在烏克蘭戰爭爆發後對俄羅斯黃金關閉大門以來，俄國金礦業者便愈來愈轉而向東方市場出口黃金。請繼續往下閱讀...中國是全球最大的黃金生產國與消費國，俄羅斯則是第二大生產國，而香港一直致力成為重要黃金交易中心，包括在今年七月啟用全新的「黃金中央清算及結算系統」，以與新加坡競爭。英國地緣政治諮詢機構Gatehouse顧問斯皮瓦克（Vita Spivak）說，香港協助俄羅斯黃金流入中國，正是俄中經濟深化合作的直接結果，即莫斯科透過出售天然資源，換取北京經濟支持。俄國愈來愈依賴大宗商品出口，特別是對中國出口，來支撐其戰時經濟。報導說，香港自二〇二二年初以來已購買價值約二七六〇億港幣（約新台幣一‧一兆元）的俄羅斯黃金，其中絕大部分最終都流入中國。過去兩年來，香港在中國黃金總進口量中的佔比急劇上升。薩哈表示，由於中國對黃金有進口配額限制，中國買家經常在無此限制的香港購買與存放金條。與此同時，包括法國與荷蘭在內，愈來愈多國家的中央銀行開始將存放在倫敦與紐約的黃金運回本國。近期中東衝突導致杜拜的物流受阻，也進一步強化香港作為俄羅斯黃金清算中心的角色。俄金流竄 西方金融機構恐受波及華府智庫「大西洋理事會」（Atlantic Council）資深研究員馬克（Jeremy Mark）指出，香港促進中俄黃金貿易，符合其持續強化作為具有「中國特色」的區域金融中心角色的努力。但分析家也警告，香港的俄國黃金不斷增加，將對香港的國際金融業帶來嚴峻挑戰，因為大量俄金會讓西方銀行與煉油廠在遵守海外制裁法律時更加複雜，若交易鏈涉及遭制裁的生產商，西方金融機構恐面臨間接交易的實質違規風險。    ,https://news.ltn.com.tw/news/world/paper/1769658
天皇第二順位繼承人 悠仁親王20歲生日,國際,2026/09/07 05:30,（圖：法新社，文：國際新聞中心）近來積極投入皇室活動 參訪廣島原爆館、首度公開致詞日本皇室秋篠宮家的長子悠仁親王，6日迎來20歲生日。身為日本皇室第二順位繼承人，他在去年完成成年式後，已開始以成年皇族身分承擔官方公務，同時也面臨日本皇室延續男系繼承的龐大壓力。悠仁目前就讀筑波大學生物學類二年級，在東京秋篠宮邸與大學租屋處兩地之間往返。除課業外，悠仁過去1年也積極投入皇室活動，在廣島的「日本童軍大露營」中首度公開致詞，參訪廣島原爆和平資料館時，更仔細閱讀倖存者證言，展現對傳承和平記憶的重視。日本國會7月修訂「皇室典範」，進一步鞏固「僅限男性」的繼承規則，引發不少爭議，不僅讓廣受日本民眾愛戴、卻因女性身分無繼承權的堂姊愛子公主無緣皇位，也讓悠仁與未來的伴侶，無可避免地背負著必須繁衍男嗣，以延續皇室命脈的沉重壓力。面對外界關注，悠仁曾坦言目前仍以學業為重，尚未考慮婚姻的理想時機。（圖：法新社，文：國際新聞中心）（美聯社）    ,https://news.ltn.com.tw/news/world/paper/1769657
阿根廷首提香港模式 要英還福克蘭,國際,2026/09/07 05:30,阿根廷總統米雷伊首度提出以「香港模式」作為與英國談判、和平移交福克蘭群島主權的最終藍圖。（美聯社檔案照）阿根廷總統米雷伊（Javier Milei）針對福克蘭群島（Falkland Islands，阿根廷稱馬維納斯群島）的主權爭議，採取新一波強硬行動。阿根廷政府四日宣布，將對未經授權在該群島周邊進行油氣探勘的跨國企業實施制裁；同時，米雷伊在接受外媒專訪時，首度提出以「香港模式」作為與英國談判、和平移交主權的最終藍圖。外商探勘 總統下令制裁阿根廷總統府發布聲明指出，已下令啟動程序，將對四十五個與福克蘭群島周邊「碳氫化合物探勘與開採」有關的實體，進行調查與懲處。阿根廷媒體披露，制裁名單涵蓋美國、英國、加拿大與以色列等國企業。米雷伊並透過電視演說表示，將向國會提交法案，加重對這些外商的裁罰，並承諾為最南端火地島省（Tierra del Fuego）的海軍基地挹注更多資金，以強化這處通往南極與福克蘭群島戰略門戶的防衛能量。請繼續往下閱讀...在加重經濟施壓之際，米雷伊在接受「經濟學人」（The Economist）專訪時，明確排除動武選項，強調阿根廷不會重演一九八二年導致九〇七名官兵陣亡的悲劇。他主張透過長期外交談判達成「共識解決方案」，並援引一九九七年英國移交香港控制權的歷史作為解方。米雷伊排除動武選項米雷伊表示：「長遠來看，我們可以收回我們的島嶼。英國對香港就是這樣做的，那麼為何不達成協議，讓這些島嶼遲早回歸阿根廷？」分析家解讀，米雷伊在福克蘭爭議中提出「香港模式」，其核心意義在於尋求漸進式和平過渡，試圖在避免破壞區域穩定與引發武裝衝突的前提下，將主權談判拉回兩國政府間的雙邊外交層次。此外，由於英國長期主張福克蘭島民享有自決權，米雷伊企圖藉由香港模式主張，島民居住在「被篡奪的領土」上，因此其自決權利無效，與當年英國將香港主權移交給中國時，並未透過公投徵詢當地居民意願的歷史脈絡相互呼應。米雷伊的行動緊接在美國總統川普的發言之後。川普日前因不滿英國對中東戰事的支持不足，公開暗示美國可能重新審視對福克蘭群島的中立立場。面對阿根廷的施壓與美國立場的潛在鬆動，英國國防大臣斯特里廷（Wes Streeting）與外交大臣米勒班（Ed Miliband）相繼發表聲明，強調英國對該群島的主權聲索，以及支持島民自決未來的立場「堅不可摧」。    ,https://news.ltn.com.tw/news/world/paper/1769661
中國再爆毒菜 化學上色萵筍 近12噸銷毀,國際,2026/09/07 05:30,中國甘肅省有不肖中盤商違規使用化學著色劑浸泡萵筍（莖用萵苣），為其「上色」增豔。（取自李老師不是你老師X）繼河北省爆發「甲醛白菜」食安風暴後，中國甘肅省再度傳出嚴重的黑心蔬菜事件！中國知名部落客踢爆，甘肅省有不肖中盤商為了掩蓋蔬菜發黃、表皮腐爛等瑕疵，竟違規使用化學著色劑浸泡萵筍（莖用萵苣），為其「上色」增豔，不僅可能引起人體過敏等不良反應，甚至會導致罹患癌症的風險上升。不只引發過敏 致癌風險上升甲醛白菜與染色萵苣事件凸顯中國農產品在收購與運輸供應鏈中，為了掩飾劣質蔬菜而濫用非法化學藥劑的系統性食安漏洞。中國媒體報導，經查證後，當局已針對違規業者立案查處，並全面查封銷毀高達十一‧八噸的問題萵筍。請繼續往下閱讀...據報導，部落客「大雷的食品科普日常」五日發布一支實地調查影片，聲稱親自走訪甘肅省榆中縣定遠鎮、搭連鎮等地多達十三處的蔬菜倉庫，發現超過半數集散點，都有工人將採收後的萵筍浸泡在「不明液體」中。他在現場目擊標註為「覆配食品添加劑覆配著色劑」的瓶罐，內容物呈現「果綠」色。為進一步查證，該名部落客從三家不同的蔬菜倉庫抽取浸泡液樣本進行檢測，結果有兩份溶液檢出「亮藍」與「檸檬黃」等人工合成食品添加劑。這些違規添加物主要在農戶採收後的收購與分揀集散點被加入，目的是讓原本發黃、外觀受損的劣質萵筍，在短時間內變得翠綠，以欺瞞消費者並改善賣相。在輿論發酵後，榆中縣當局展開聯合稽查，針對全縣五十三家蔬菜收購與倉儲經營業者進行排查，查獲六家企業在萵筍收購環節違法使用「果綠」食品添加劑，現已依法立案查處，防堵黑心蔬菜流入市面。儘管「亮藍」與「檸檬黃」等人工著色劑屬於合法食品添加劑，但食品安全法規有明確的適用類別與用量限制，這類化學染劑絕對不得用於新鮮蔬菜加工。專家強調，新鮮蔬菜的賣相應取決於新鮮度與保存條件，過度美化食材外觀，往往隱藏重大的食安疑慮。台灣網友警戒過度美化的食材日前河北省才傳出不肖商人為防止白菜在長途運輸中腐敗並維持賣相，竟違法噴灑一級致癌物「甲醛」（福馬林）進行保鮮。甲醛具強烈毒性，長期食用將嚴重危害健康甚至致癌。在台灣，萵筍通常被稱為「A菜心」或「嫩莖萵苣」，過去在傳統市場上較為少見。然而，近年來隨著中國美食影音在台灣廣泛傳播，這道中國餐桌上的常見菜色，也逐漸在台灣打開知名度。此次中國接連爆發甲醛白菜與染色萵筍事件，除了讓當地民眾對食安失去信心，也引發台灣網友對農產品加工與過度美化食材的安全疑慮。    ,https://news.ltn.com.tw/news/world/paper/1769660
亞馬遜貨機邁阿密機場衝出跑道　撞上多輛車起火,國際,2026/09/07 04:54,"美國電子商務巨擘亞馬遜一架貨運飛機今天在邁阿密國際機場衝出跑道後，撞上多部車輛並且起火，濃濃黑煙直竄天際。事件導致美國最繁忙機場之一的所有跑道暫時關閉。美聯社報導，聯邦航空總署（Federal Aviation Administration, FAA）表示，從波多黎各聖胡安（San Juan）飛抵佛羅里達州的這架飛機於下午2時左右發生衝出跑道意外。請繼續往下閱讀...據社群媒體上的照片顯示，這架Prime Air飛機最後停在道路旁，附近有兩輛半掛式卡車停放。畫面可見已經起火的飛機機腹著地，機體大致完整。國家運輸安全委員會（National Transportation Safety Board）表示，正「蒐集有關這起事故的資訊」。亞馬遜（Amazon）沒有立即回覆電郵提出的置評請求。是否有人受傷暫時不得而知。邁阿密國際機場（Miami International Airport）發言人表示，所有跑道與滑行道均已關閉，航班暫停起飛。暫停起飛期間，所有航班都將被延後，機場實際上等於關閉。FAA已經表示，預期邁阿密機場重新開放之後，起降班次會減少，航班將會延誤。邁阿密戴德郡消防救援局（Miami-Dade Fire Rescue）表示，飛機衝出跑道後撞上多部車輛，救援人員趕到時飛機正在燃燒。該局今天下午在社群媒體上發布消息稱，共有60個救援單位在現場灌救火勢。（編譯：何宏儒）1150907    ",https://news.ltn.com.tw/news/world/breakingnews/5565296
烏克蘭官員：美國特使提出更具可行性終戰新提案,國際,2026/09/07 03:45,烏克蘭總統府高層官員今天告訴法新社，美國特使庫許納和魏科夫帶著可能更具可行性的終戰新提案前往基輔，與總統澤倫斯基以三人會談形式再度進行會商。這位消息人士告訴法新社：「跟以前不同，現在這次的提案更有效…他們仍然在磋商，其實這才是最重要的部分。現在是三人共同討論。」請繼續往下閱讀...澤倫斯基稍早在與庫許納（Jared Kushner）和魏科夫（Steve Witkoff）就結束對俄羅斯的戰爭進行會談後表示，領土問題只能「在領袖層級」解決。他表示：「我想堅持我的看法，這類複雜問題只能在領袖層級解決。」他過去曾經呼籲與俄羅斯總統普丁（Vladimir Putin）會面。路透社報導，過去的談判雙方在關鍵議題上仍有重大歧見，包括烏東頓巴斯地區（Donbas）的未來。俄羅斯要求基輔從當地仍受烏克蘭控制的城鎮帶撤離，但是基輔拒絕，認為仍有守住的可能。澤倫斯基今天向記者表示：「頓巴斯問題…我認為，這就是這場戰爭的核心。」對烏克蘭而言，來自歐美盟友的堅實安全保障是嚇阻俄羅斯再度進犯的關鍵。澤倫斯基表示已經針對相關議題進行討論，但是並未說明是否取得進展。（編譯：何宏儒）1150907    ,https://news.ltn.com.tw/news/world/breakingnews/5565293
烏克蘭軍火採購黑幕曝光 弊端叢生 貪腐高層屢獲大單,國際,2026/09/07 03:35,一家烏克蘭本土兵工廠向軍方提供數千枚劣質迫擊砲彈，成為烏俄戰爭中最受矚目的國防工業欺詐案之一。（美聯社檔案照）當俄羅斯軍隊於2024年向烏克蘭東部戰壕推進時，烏軍砲兵陣地開火還擊。然而，砲彈並未在敵軍附近爆炸，而是無力地掉出發射管，或伴隨悶響落地，激起一陣煙塵。調查發現，一家烏克蘭本土兵工廠向軍方提供數千枚劣質迫擊砲彈。這起事件成為烏俄戰爭中最受矚目的國防工業欺詐案之一，該兵工廠負責人希曼（Leonid Shyman）最終遭逮捕並起訴。然而，紐約時報取得的烏克蘭政府機密審計報告顯示，儘管官員已察覺武器存在瑕疵，國防採購局（Defense Procurement Agency）仍持續將新合約發包給希曼的工廠。根據紐時取得的審計報告、法院紀錄與烏克蘭新聞報導，這類現象在烏克蘭戰場上屢見不鮮；排名前十大的軍事承包商中，有7家即使面臨公開的欺詐刑事調查、先前合約未能履約，甚至執行長因貪腐被捕，卻依然能獲得新訂單。請繼續往下閱讀...以希曼為例，他在贏得首份迫擊砲合約時，已因涉嫌挪用公款與欺詐面臨反貪機構的多項調查；政府甚至在他因貪腐指控交保候傳期間，將價值2.8億美元（約新台幣89億元）的合約交給他。由國家審計署（State Audit Service）及國防部內部審計部門進行的機密審查揭露，烏克蘭的軍事採購系統充斥著嚴重的管理不善，不僅無視警訊，超收費用或未能交貨也鮮少面臨後果。部分企業在未證明具備供應能力，或缺乏交貨許可證的情況下，仍獲得合約。審計人員更揪出18家曾在先前協議違約卻再度簽約的公司，其中6家甚至從未履行過任何一份合約。這套千瘡百孔的系統，讓全球各地的軍火商荷包賺滿，包括烏克蘭與美國企業。內部政府審計顯示，光是在2024年，烏克蘭就因欺詐、浪費與管理不善損失約12億美元（約新台幣380億元）。這些從未公開的鉅額損失不斷攀升之際，烏克蘭總統澤倫斯基（Volodymyr Zelenskyy）正四處向盟國懇求更多武器與資金援助。前國防採購局顧問瓦哈博夫（Tamerlan Vahabov）受訪時直言：「軍隊得不到所需物資，預算卻因未交貨與超額支付而縮水。結果是我們沒錢訂購更多武器，彈藥數量也不足，這已成為不斷重演的模式。」紐時指出，這些涵蓋2024與2025年的審計報告，宛如對軍事外包流程的「驗屍」報告。例如，在2024年一項價值數億美元的火箭砲採購案中，國防採購局無視土耳其製造商Arca Defense提出的最低報價，反而將合約交給報價最高、作為中間商的捷克集團（Czechoslovak Group）子公司。審計人員直指此決策「毫無正當理由」，且導致烏克蘭多支付約1.3億美元。這套在戰爭初期支撐烏克蘭奮戰，並推動無人機革命的採購流程，如今已成為烏克蘭的致命弱點，甚至撼動國內政治。前國防部長費多羅夫（Mykhailo Fedorov）曾試圖整頓該系統，他遭解職後直言「內部存在嚴重貪腐」，並聲稱自己是遭國防承包商逼迫下台，此事件更引發開戰以來最大規模的街頭抗議。儘管澤倫斯基多次宣示將打擊貪腐，但他未能有效清理採購系統，問題甚至已延燒至其核心圈。美國反貪專家瓦瑟斯特倫（James Wasserstrom）語重心長地表示：「在烏克蘭，任何沒被釘死的東西都會被偷走。這已經是一項由來已久的傳統。」    ,https://news.ltn.com.tw/news/world/breakingnews/5565292
前美防長示警：美伊戰爭恐再拖半年 五角大廈動盪向中俄暴露軟弱,國際,2026/09/07 02:55,美國前國防部長潘內達警告，美國與伊朗的戰爭可能還會再拖延6個月。（路透檔案照）美國前國防部長潘內達（Leon Panetta）警告，美國與伊朗的戰爭可能還會再拖延6個月。隨著美國總統川普在這場備受爭議的衝突中難以尋求解套，潘內達在接受英國「衛報」（The Guardian）專訪時直言，這場爆發已逾半年的戰爭，恐怕將淪為美國在中東的另一場「打不完的戰爭」（forever war），而且目前仍看不見盡頭。潘內達曾在歐巴馬政府時期擔任中央情報局（CIA）局長與國防部長。他表示，美伊雙方顯然已陷入可怕的僵局，幾乎沒有什麼選項能結束這場戰爭，並暗示該衝突正步向如伊拉克與阿富汗般在中東的「另一場失敗戰爭」。請繼續往下閱讀...他進一步指出，由於美國陸軍部長德里斯科（Dan Driscoll）近期在與戰爭部長赫格塞斯（Pete Hegseth）爆發爭議後閃辭，五角大廈指揮體系的動盪，讓人感覺「群龍無首」。潘內達特別強調，在當今危險的世界中，美國的主要威脅來自中國、俄羅斯與北韓，而五角大廈的混亂無疑是向這些主要對手傳遞美國軍力與防衛能力軟弱的危險訊號。針對潘內達的批評，五角大廈首席發言人帕內爾（Sean Parnell）反駁稱，戰爭部在赫格塞斯領導下正「火力全開」，混亂的說法毫無根據，也是對辛勤捍衛國家的專業人員的侮辱，這正是「改革的樣貌」。針對川普目前的處境，潘內達認為，他正面臨進退維谷的窘境，並提出3個可能的走向。首先是直接退出，並承認這是一場「失敗的戰爭」。但潘內達認為，川普很難放下身段這麼做。其次是延續目前的僵局，雙方持續進行報復性打擊，試圖避免引發更危險的全面戰爭，但都拒絕談判或投降，但此舉將導致各方最擔憂的結果，即中東再次陷入曠日費時的戰爭。第3個可能性則是美國採取行動控制荷姆茲海峽（Strait of Hormuz），拔除伊朗對全球貿易咽喉的影響力。潘內達指出，除非美國的態度發生戲劇性轉變，將重新開放荷姆茲海峽視為首要目標，否則這場戰爭對美國而言將無法獲勝。此外，潘內達批評川普多次錯誤宣稱結束戰爭的協議即將達成，且荷姆茲海峽已經開放，嚴重損害其政治信譽，導致他現在的任何威脅均遭外界無視。就連副總統范斯（JD Vance）日前受訪時，也拒絕將目前的軍事衝突稱為「戰爭」，而且無法保證衝突能在11月美國期中選舉前結束。最後，潘內達對前線美軍的處境表達擔憂，他以近期締造連續部署逾260天且未停靠港口紀錄的航空母艦「林肯號」（USS Abraham Lincoln）為例，指出軍方在沒有輪調計畫的情況下，無止盡地將人員部署於戰區，不僅導致艦上官兵生活條件與心理健康惡化，更讓許多美國人對軍方能否妥善照顧前線將士失去信任。    ,https://news.ltn.com.tw/news/world/breakingnews/5565283
從推銷員到「德國最危險人物」 AfD首席候選人西格蒙德靠TikTok掀極右翼旋風,國際,2026/09/07 02:53,現年35歲的德國另類選擇黨首席候選人西格蒙德，有望成為自1945年納粹政權垮台以來，首位掌握邦級執政權的極右翼政治人物。（法新社）在新冠肺炎（COVID-19）疫情期間，德國一名默默無聞的前空氣芳香劑推銷員，透過在短影音平台TikTok上抨擊防疫規範，憑藉親和的語氣與上相的笑容，成功吸引數百萬次觀看。如今，現年35歲的西格蒙德（Ulrich Siegmund）已將網路聲量轉化為實質政治影響力，作為極右翼「德國另類選擇黨」（AfD）在薩克森—安哈特邦（Saxony-Anhalt）的首席候選人，他正一步步逼近權力核心，有望成為自1945年納粹政權垮台以來，首位掌握邦級執政權的極右翼政治人物。請繼續往下閱讀...紐約時報6日報導，這名在TikTok擁有逾85萬粉絲的政治明星，擅長以樂觀陽光的人設包裝強硬政策。德國權威新聞雜誌「明鏡周刊」（Der Spiegel）8月曾以封面故事稱他為「德國最危險的人物」，但他與支持者將此視為榮譽勳章。西格蒙德的政見包括大規模驅逐移民、刪減公共廣播資金、禁止學校懸掛LGBTQ彩虹旗，並提倡增加俄語教學。然而，在親切表象下，他曾在受訪時拒絕評判納粹大屠殺是否為人類史上最嚴重的罪行，亦未譴責支持者以納粹敬禮方式高呼他的姓氏；其競選團隊更被揭露存在與極端主義和新納粹團體有牽連的成員。報導指出，西格蒙德的選戰策略精準抓住了前東德地區選民的相對剝奪感。儘管出生於兩德統一後，他卻極力操弄「東德懷舊情結」（Ostalgie），經常騎著漆上該黨代表色水藍色的東德時期經典「西姆松」（Simson）機車下鄉拜票，甚至默許造勢場合演唱東德時代國歌。當地高達8％的失業率，讓許多自認被主流社會遺棄的選民，將對未來的期望投射在西格蒙德描繪的願景上。學者觀察指出，西格蒙德熟稔網路社群操作，造勢活動往往是為了拍攝短影音而精心設計，而非單純服務現場群眾。儘管柏林政界與主流政黨抨擊西格蒙德的政見不切實際，直指他只是在「推銷虛假希望」，但他將排外論述與包容語氣相結合的獨特手腕，確實成功跨越了傳統極右翼的同溫層。西格蒙德的崛起不僅凸顯德國統一後的區域發展失衡，更對德國戰後為防堵極端主義而建立的民主防火牆，構成前所未有的嚴峻挑戰。    ,https://news.ltn.com.tw/news/world/breakingnews/5565288
美特使抵基輔斡旋無重大突破 澤倫斯基坦言戰火恐延續至冬季,國際,2026/09/07 02:50,烏克蘭總統澤倫斯基（右）6日在基輔會晤來訪的美國特使魏科夫（中）與庫希納（左）。（路透）烏克蘭總統澤倫斯基（Volodymyr Zelenskyy）6日在基輔會晤來訪的美國特使後表示，目前看來，與俄羅斯的戰爭極可能延續至今年冬季。儘管澤倫斯基與美國特使魏科夫（Steve Witkoff）對此次會談皆給予正面評價，但雙方均未宣布任何能立即結束這場戰事的重大突破。法新社報導，身為美國總統川普商業盟友的魏科夫與川普女婿庫希納（Jared Kushner），5日甫於莫斯科與俄羅斯總統普廷（Vladimir Putin）進行會談，隨後於6日首度造訪4年多來飽受俄軍空襲的烏克蘭首都。這趟行程旨在歷經夏季的戰事升級後，重新推動川普政府對這場二次世界大戰以來歐洲最嚴重衝突的和平斡旋。請繼續往下閱讀...澤倫斯基強調，若戰火延續至冬季，烏克蘭除了期盼與美國達成協議，也將仰賴歐洲夥伴的持續支持。他同時對參與另一輪會談的英國、法國與德國代表表達感謝，強調「我們都站在同一陣線」。如同其他到訪的國際政要，美國代表團此次也是搭乘火車抵達，基輔中央車站的月台上更特別寫有「和平快車」（Peace Express）字樣。澤倫斯基透露，烏克蘭原本已準備好讓機場全面運作以接待特使，但俄羅斯的空襲威脅使得搭機抵達成為不可能，烏國領空自2022年全面開戰以來便持續關閉。為確保談判進行，俄烏雙方皆承諾在美國特使訪問期間，暫停對彼此首都的襲擊，普廷此前也向特使保證將確保他們在基輔的安全。關於談判實質內容，白宮官員向法新社透露，特使在莫斯科已討論「實質計畫」，預計於未來幾週內對外公布。克里姆林宮則稱，美方提出數個解決方案的構想，但未進一步說明。魏科夫強調，雙方都需要妥協，並表示會談極具實質意義且令人振奮。庫希納也期盼此行能為推進和平找到新方向。川普此前亦曾宣稱，他的特使帶著一項結束戰火的「和平構想」前往當地。然而，基輔民眾對實質突破多半不抱期望。67歲的婦人利佩赫（Nataliia Lipekh）認為，特使親自到訪絕對有其必要，他們必須親眼看見這塊「已被鮮血浸透的土地」，並理解烏克蘭急需援助。29歲的雅羅斯拉夫（Yaroslav）則直言，過去經歷過太多沒有成果的談判，目前已沒有抱持希望的理由。儘管雙方承諾首都暫時停火，但其他地區的激烈交鋒並未停歇。普廷重申奪取烏東剩餘領土的意圖，俄軍更在今年夏季加強致命空襲。烏克蘭空軍通報，俄軍夜間再度發射108架無人機與飛彈襲擊烏國；莫斯科則宣稱擊落258架烏方無人機。烏克蘭官方指出，5日的俄軍空襲共造成10人喪生，其中包括一名11歲男童，顯示這場遲遲不見盡頭的消耗戰仍持續造成嚴重傷亡。    ,https://news.ltn.com.tw/news/world/breakingnews/5565287
中國零組件恐重創歐盟製造業 金屬業抬棺抗議 阻中國「殖民」,國際,2026/09/07 02:45,歐洲權威產業公會警告，除非布魯塞爾當局出手阻止中國零組件製造商對歐洲工業的「殖民化」，否則歐盟製造業的失業人數將急遽攀升。（彭博檔案照）歐洲權威產業公會警告，除非布魯塞爾當局出手阻止中國零組件製造商對歐洲工業的「殖民化」，否則歐盟製造業的失業人數將急遽攀升。英國「衛報」6日報導，歐洲金屬協會（Eurometal）預測，由於來自中國的競爭不斷擴大，2026年剩餘時間內，歐盟製造業恐面臨高達30萬個工作機會流失。目前，中國對歐盟的貿易順差已達到創紀錄的每天10億歐元。請繼續往下閱讀...為了向布魯塞爾的決策者表達強烈擔憂，歐洲金屬協會7日在歐盟執委會總部外發起抗議遊行。產業界人士將抬出10具象徵性的棺材，上面印有「歐盟競爭力」、「工業就業機會」以及「歐洲工廠」等字樣。歐洲製造商擔憂，歐盟執委會未能充分意識到，隨著中國透過銷售零組件深深嵌入歐洲供應鏈，歐洲本土工業正遭到嚴重蠶食。歐洲金屬協會主席朱利葉斯（Alexander Julius）受訪時直言，中國毫不掩飾其戰略企圖，這早已寫入他們的5年規劃中。他強調，中國已不滿足於僅作為原物料供應國，而是渴望成為關鍵產品供應商，因為他們深知，一旦控制供應鏈，便可掌握完整的價值鏈。他呼籲歐盟執委會必須全面了解中國出口在零組件層級的破壞力，包括佔整體製造業9成用量的金屬與化學品。朱利葉斯將此現象比喻為「病毒」，批評政界與媒體雖看見德國等地不斷攀升的失業率，卻未針對導致企業倒閉或外流至中國與印度的「病毒根源」對症下藥。導致這股「病毒」蔓延的環境因素，在於歐洲金屬製造商承受日益沉重的成本，包括鋼鐵進口關稅，以及針對高耗能產業徵收的碳排放稅。相較之下，中國製造的零組件不僅免除這些稅負，再加上人民幣匯率被低估，使得歐洲企業難以與中國對手競爭。然而，朱利葉斯無奈表示，為了向股東交代，無論布魯塞爾發表何種政治言論，企業仍會繼續向中國採購。歐洲金屬協會在抗議前發表聲明警告，當製造業離開歐洲，歐洲失去的不僅是產能，更是投資、專業技術與長期的經濟韌性。歐盟執委會曾在今年6月預測，在全球競爭與高昂能源成本的雙重打擊下，潛在的失業人數恐超過100萬人，其中便包括德國車廠福斯（Volkswagen）日前證實的10萬人裁員計畫。為因應危機，歐盟已於2024年對中國進口電動車加徵關稅，並在今年6月針對外國鋼鐵實施更高的進口關稅。歐盟貿易事務專員塞夫柯維奇（Maroš Šefčovič）坦言，歐盟與中國每年高達3600億歐元的進出口失衡是「不可永續的」。為避免爆發全面貿易戰，歐盟與中國已達成三個月的「休戰」協議，雙方將進行談判直至今年10月。然而，中國官方多次指控歐洲大搞保護主義，根據中國官媒新華社今年稍早的報導，北京當局威脅，若歐盟進一步針對中國企業或產品採取行動，中方將採取堅決的反制措施。    ,https://news.ltn.com.tw/news/world/breakingnews/5565285
極右翼德國另類選擇黨贏得邦選舉 有望戰後首次執政,國際,2026/09/07 02:36,最新出口民調顯示，極右翼「德國另類選擇黨」在薩克森—安哈特邦議會選舉中，取得歷史性勝利。該黨首席候選人西格蒙德興奮之情溢於言表。（美聯社）最新出口民調顯示，極右翼、反移民的「德國另類選擇黨」（AfD）6日在全球矚目的薩克森—安哈特邦（Saxony-Anhalt）議會選舉中，取得歷史性勝利，得票率高達44.5％，不僅大幅領先現任德國總理梅爾茨（Friedrich Merz）所屬基督教民主黨（CDU）的18.5％，更有望成為自二次世界大戰以來，首個在德國地區邦政府取得執政權的極右翼政黨。英國「衛報」報導，儘管得票率驚人，但德國另類選擇黨最終能否順利執政仍有變數。由於德國所有主流政黨皆堅守拒絕與該黨合作的「防火牆」（Brandmauer）原則，其首席候選人西格蒙德（Ulrich Siegmund）選前已明確表態，除非取得絕對多數席次，否則拒絕與其他政黨組建聯合政府。請繼續往下閱讀...目前選票仍在加緊計算中，若多個小黨成功跨越5％的得票門檻進入議會，該黨恐難以達成單獨過半的目標；反之，若小黨全數落馬，西格蒙德將可直接掌握該邦執政權。在此次選戰中，西格蒙德成功將選民對前東德時代的懷舊情懷（Ostalgie），轉化為實際支持。他承諾一旦執政，將立即啟動大規模的移民「再轉移與驅逐」行動，並推動極具爭議的政策，包括禁止公立學校懸掛LGBTQ彩虹旗、全面停止興建新風力發電廠，以及要求學校恢復演唱德國國歌。然而，德國經濟研究所警告，薩克森-安哈特邦正面臨人口老化與勞動力短缺，排外政策恐對高度仰賴外籍勞工的當地經濟造成災難性打擊。外界也擔憂，被德國情報機構列為「右翼極端主義」且立場親俄的德國另類選擇黨，恐將機密情報洩漏給莫斯科。本次選舉的投票率也創下76.5％的歷史新高，選舉結果無疑對總理梅爾茨帶來巨大政治壓力。梅爾茨政府原本期望透過緊縮移民政策來挽回民心，但顯然未能平息選民對經濟停滯與生活現狀的不滿。若德國另類選擇黨最終順利在薩克森—安哈特邦突圍執政，不僅將徹底重塑德國的政治版圖，更將成為該黨鎖定未來聯邦大選、爭取全國執政權的重要跳板。    ,https://news.ltn.com.tw/news/world/breakingnews/5565282
與美特使會談後　澤倫斯基：目前看來冬天仍得繼續戰爭,國際,2026/09/07 01:30,烏克蘭總統澤倫斯基今天表示，雖然與美國特使在基輔的會談獲得「正面評價」，但是「目前看來」，與俄羅斯的戰爭今年冬天似乎仍會繼續。法新社報導，澤倫斯基（Volodymyr Zelenskyy）指出：「我們非常希望能與美國夥伴達成協議。如果戰爭在冬季繼續，目前看來正是如此，我們也寄望於歐洲夥伴的支持。即便如此，雙方團隊今天對未來展望都作出正面評價。」請繼續往下閱讀...美國特使魏科夫（Steve Witkoff）在與澤倫斯基及俄羅斯總統普丁（Vladimir Putin）會談後表示，俄羅斯和烏克蘭雙方都需要作出「妥協」，才能結束長達4年多的戰爭。魏科夫於首度訪問基輔與澤倫斯基會談後表示：「這需要雙方都作出一些妥協，縮小彼此之間的分歧。我們認為我們已經掌握達到那個目標的要素。」他說：「這非常困難，但是我們有決心、我們在乎，也希望這一切能帶來成功而且和平的外交解決方案。」（編譯：何宏儒）1150907    ,https://news.ltn.com.tw/news/world/breakingnews/5565280
出口民調：極右翼德國另類選擇黨德東邦議會選舉勝出,國際,2026/09/07 01:06,根據投票結束後公布的出口民調，極右翼德國另類選擇黨（AfD）可望在薩克森－安哈特邦議會選舉中勝出，但是該黨能否單獨執政邦政府目前仍不得而知。路透社報導，德國第一電視台（ARD）的出口民調結果顯示，AfD獲得44.5%選票，總理梅爾茨（Friedrich Merz）領導的保守派僅拿下18.5%；中間偏左社會民主黨（SPD）與提倡環境保護的綠黨（Greens）雙雙跨過進入薩克森－安哈特邦（Saxony-Anhalt）議會的最低門檻。請繼續往下閱讀...AfD共同領導人韋德爾（Alice Weidel）稱許這是賦予AfD明確執政授權的「歷史性」成果。但是目前仍不確定該黨能否成功執政邦政府。如果AfD無法單獨執政，主流政黨可能展開組成政府的漫長協商過程。他們決心要將遭到負責對內情報的機構認定為右翼極端主義的AfD排除在權力之外。AfD潛在合作夥伴、左翼民粹主義派的莎拉瓦根克內希特聯盟（BSW）也有機會跨過門檻進入議會。（編譯：何宏儒）1150907    ,https://news.ltn.com.tw/news/world/breakingnews/5565279
曾因核武超級電腦惹怒美國！中國國防科大曝AI課程 全面融入實戰場景,國際,2026/09/07 00:27,中國軍方研究人員提議，為研究生重新設計一門以「為戰而教」為核心的人工智慧（AI）課程，並將實際的作戰場景深度融入教學中。（歐新社檔案照）隨著全球各國軍隊積極探索人工智慧（AI）在戰略規劃、部隊訓練與前線作戰中的應用，軍事人員需要具備的技能也隨之改變。為了讓未來的軍事將領與軍官能更妥善地應對智能化戰爭，中國軍方研究人員近期提議，為研究生重新設計一門以「為戰而教」為核心的AI課程，並將實際的作戰場景深度融入教學中。這項計畫凸顯中國軍方正積極培育具備AI技術實務能力的軍事人才，以因應未來戰爭的型態轉變。香港「南華早報」6日報導，這項由中國人民解放軍國防科技大學智能科學學院研究團隊提出的構想，發表於7月份的「中國軍轉民」（Defence Industry Conversion）期刊。研究人員指出，該校於2022年秋季學期首度針對非AI相關科系的理工科研究生，開設「人工智能原理與實踐」課程，旨在協助背景各異的學生將新興技術與自身專業結合。然而，他們發現課程中的案例研究，缺乏足夠的「軍事色彩」，必須全面重構才能更符合「為戰而教」的實務需求。請繼續往下閱讀...在具體的課程規劃上，研究團隊提議以常見的無人作戰場景為基礎，並將軍事行動視為串聯各項AI理論的主線。課程主題將精準對應到軍事決策與打擊流程的各個階段，涵蓋從觀察與評估戰場局勢、制定決策與採取行動，到尋找、定位、追蹤、交戰以及最終的戰果評估。舉例而言，探討AI透過反覆試錯來累積經驗的「強化學習」單元，將透過戰鬥決策與兵棋推演來進行教學；而處理不完整或不可靠資訊的「不確定性推理」，則可利用無人系統的故障診斷與邊境入侵警告系統來實際演練。研究團隊期望，此舉能讓學生將理論方法內化為解決軍事問題的「智能化思維」。為了強化實務操作能力，研究人員強調，課程不應只讓學生執行現有的程式碼，而是必須提供明確的戰術問題、資料集、演算法與步驟性任務。其中一項擬議的演練，便是要求學生訓練多架模擬無人機進行協同作戰，藉此包圍並鎖定高價值目標。此外，該團隊還開發一套線上模擬平台，讓學生能親自設計地圖與作戰場景、配置兵力與任務，並透過模擬戰鬥演練來訓練AI代理程式，該平台同時也支援不同學生團隊之間的AI對抗競賽。直屬於中共中央軍事委員會的國防科大，是中國頂尖的軍事科技教育機構，過去曾於2015年因涉嫌將美國技術用於與核試爆活動相關的超級電腦，遭美國商務部列為貿易限制的實體清單。在極力推動前瞻技術應用的同時，撰寫該論文的研究人員也明確劃定軍事倫理界線，強調所有演練都必須鞏固一項絕對原則，即AI僅作為決策輔助工具，最終的指揮與開火權仍必須完全掌握在人類手中。    ,https://news.ltn.com.tw/news/world/breakingnews/5565270
無人機藏卡車炸翻俄空軍基地！烏「蜘蛛網」行動成中共AI戰新範本,國際,2026/09/06 23:53,烏克蘭在2025年6月發動代號「蜘蛛網」的軍事行動，將上百架無人機藏匿於普通商用卡車內，深入俄羅斯境內打擊5座空軍基地。（法新社檔案照）中國軍方學者近期發表研究指出，中國在探討新型戰時訊息傳遞模式時，應借鏡烏克蘭的資訊戰經驗，因為在複雜的現代資訊環境中，光有先進技術仍嫌不足，成功的關鍵在於將資訊戰略與軍事行動緊密結合，藉此瓦解敵方的安全感、鞏固國內決心，並爭取國際社會的支持。香港「南華早報」6日報導，這篇由中國人民解放軍國防科技大學學者林嘉偉（Lin Jiawei，音譯）與楊青青（Yang Qingqing，音譯）撰寫的報告，發表於學術期刊「中國軍轉民」（Defence Industry Conversion）。文中深入分析烏克蘭於2025年6月發動代號「蜘蛛網」（Spiderweb）的軍事行動。當時烏軍將上百架無人機藏匿於普通商用卡車內，深入俄羅斯境內打擊5座空軍基地。烏方宣稱摧毀41架軍機，獨立機構則評估至少有十幾架被毀。請繼續往下閱讀...學者指出，這次攻擊刻意選在第二輪和平談判前夕，且在數小時內配合精心策劃的資訊攻勢，試圖改寫戰爭敘事。研究指出，烏克蘭在此次攻擊後建構3個環環相扣的論述：首先將空襲定調為對抗俄羅斯長期侵略的合法自衛；其次將自身形塑為克制的行動者，強調目標僅針對轟炸烏國城市的軍機，以減少平民苦難；最後則是展現嚇阻力，藉由打擊俄羅斯多個地區與時區的高價值目標，迫使莫斯科重新計算戰爭成本，並戳破其「國土絕對安全」的長期宣傳。這套論述透過官方帳號、開源情報機構、軍事網紅與目擊者的真實影片，在社群媒體上迅速傳播，提供官方聲明缺乏的草根真實感，達到連鎖放大的效果，同時觸及俄羅斯官員與民眾、厭戰的烏克蘭人，以及西方決策者。學者呼籲，北京應重視這種「多方協調」的網路，讓政府、智庫與網路意見領袖同步傳遞訊息，並積極運用生成式人工智慧（AI）工具來產製、推廣與捍衛其論述。近年來，中國軍方大力投資「智能化」戰爭與AI軍事應用，以期在「認知作戰」領域削弱敵方意志。該研究強調，烏克蘭的經驗顯示，AI可迅速產出針對不同受眾客製化的圖文與影音內容，並即時監控情緒趨勢，讓訊息能在「數小時而非數天內」進行調整。研究總結指出，對於意圖在軍事與資訊領域整合AI的中國而言，重點不僅是採用新工具，而是要建立一套由政府、媒體、網紅與一般民眾組成的適應性系統。在對外推廣「人類命運共同體」等理念的同時，也必須積極反制西方論述，並嚴防假訊息與深度偽造（deepfakes），以確保國內資訊空間受到嚴密控管。    ,https://news.ltn.com.tw/news/world/breakingnews/5565261
維德角巴士墜谷至少25死 事故原因待當局調查,國際,2026/09/06 23:52,非洲西部外海島國維德角一輛巴士在福戈島墜谷，造成至少25人喪命。圖為居民和親屬圍繞著一位在巴士事故中喪生的遇難者的棺材，參加葬禮。（法新社）非洲西部外海島國維德角的官方通訊社Inforpress今天指出，一輛巴士在福戈島（Fogo）墜谷，造成至少25人喪命，其中許多是中小學生和青少年。Inforpress報導，該事故發生於昨天晚間，地點位在維德角福戈島一條山路，當時巴士偏離道路並墜谷大約30公尺深。請繼續往下閱讀...巴士載送的乘客大多為中小學生，傷者已經被送往福戈島當地一間醫院治療。這起重大車禍的確切發生原因，尚待相關當局確認。    ,https://news.ltn.com.tw/news/world/breakingnews/5565251
中共黨刊再談經濟問題 承認社會活力減弱不敢投資,國際,2026/09/06 23:12,中共黨刊再談經濟問題，承認社會活力減弱，業者不敢投資。（歐新社檔案照）中共黨刊「求是」最新一期文章再談中國經濟，坦言「一些微觀主體的預期、信心和行為選擇正在發生變化，部分領域活力有所減弱」，並指企業「傾向於持幣觀望，不敢擴大投資、不敢增加用工」。1日出版的「求是」刊發「在激發社會活力中增強高質量發展動力」一文，署名「『求是』雜誌評論員」。這篇文章以7月30日召開的中共中央政治局會議開頭，該會議強調要「增強發展動力、激發社會活力」。請繼續往下閱讀...文章說，中國經濟正處在新舊動能加快轉換和發展方式轉變的關鍵時期，經濟運行面臨著一些困難挑戰。供強需弱、內需不足的問題仍然突出，消費、投資增速下行壓力較大，一些行業企業生產經營遇到困難、出現分化。文章指出，這反映出一些微觀主體的預期、信心和行為選擇正在發生變化，部分領域活力有所減弱。在國內外複雜因素的疊加影響下，有的企業傾向於持幣觀望，不敢擴大投資、不敢增加用工，有的勞動者傾向於求穩避險，不敢輕易轉換賽道、不敢冒險創業，從而導致資源要素流動放緩，經濟增長壓力加大。文章還表示，中國的醫療、養老、托育等公共服務供給與民眾期待還有差距，有的家庭生活成本和風險加大，也在一定程度上影響著消費投資、做事創業的能力和意願。今年8月，「求是」雜誌發表了題為「如何看待宏觀數據與微觀感受『溫差』」的文章，顯示中國官方承認經濟存在反差。儘管承認當前中國經濟的諸多問題，但求是網6日發出評論員文章「管黨治黨會影響經濟社會發展嗎？」反駁社會上對於全面從嚴治黨打擊經濟活力的質疑。「全面從嚴治黨」由中共總書記習近平提出。預定10月召開的中共五中全會，主要議程即研究「推進全面從嚴治黨若干重大問題」。求是網這篇評論說，有人認為，「全面從嚴治黨管得太緊，抓吃喝過了頭，反腐敗用力過猛，影響經濟社會發展」；有人認為，「管黨治黨抓得太嚴，束縛了黨員、幹部的手腳，影響了幹事創業積極性」。產生這些「錯誤認識」，是因為對管黨治黨與經濟社會發展關係的認識有偏差。    ,https://news.ltn.com.tw/news/world/breakingnews/5565247
美國特使抵基輔見澤倫斯基 磋商烏克蘭和平進程,國際,2026/09/06 22:48,美國特使魏科夫與庫許納今天抵達基輔會晤烏國總統澤倫斯基。（彭博）俄羅斯全面侵略烏克蘭超過4年半時間，美國總統川普（Donald Trump）目前再次推動終戰，他派出的兩位特使今天抵達基輔會晤烏國總統澤倫斯基（Volodymyr Zelenskyy）。路透社報導，美國特使魏科夫（Steve Witkoff）與庫許納（Jared Kushner）是從俄羅斯首都莫斯科出發，他們昨天跟俄國總統普丁（Vladimir Putin）進行3小時會面，但似乎沒有取得突破性進展。請繼續往下閱讀...普丁則說昨天的美俄會談「相當有助益」，白宮一名官員告訴路透社，下一步行動將在未來數週內宣布。魏科夫與庫許納第一次以美國特使身分訪問烏克蘭首都基輔後，兩人會晤了澤倫斯基以及其他烏國政府高層官員。美國特使抵達基輔之前，澤倫斯基於社群媒體發文指出：「需要安全保障，需要有尊嚴的戰後和平，我方提案已經擬定。」    ,https://news.ltn.com.tw/news/world/breakingnews/5565185
青年入門工作被AI搶光？紐時揭密中共害怕政治動盪,國際,2026/09/06 21:58,中國今年有創紀錄的大學畢業生投入職場，在中國經濟面臨放緩的同時，人工智慧（AI）的強勢崛起讓這群職場新鮮人的處境雪上加霜。（法新社檔案照）根據中國教育部的數據，中國今年有創紀錄的大學畢業生投入職場，在中國經濟面臨放緩的同時，人工智慧（AI）的強勢崛起讓這群職場新鮮人的處境雪上加霜。AI技術已開始顛覆中國的勞動力結構，許多傳統入門白領工作被取代，並對青年就業造成結構性轉型壓力。《紐約時報》報導，中國教育部指出，今年估計有1270萬名大學畢業生，就像過去幾年的畢業生，他們面臨的是一個過度飽和的就業市場，在經濟成長乏力的情況下，他們必須爭奪日益減少的入門職位。AI帶來的不確定性也為他們帶來新挑戰，AI正在重塑各行業，並改變招募企業的關注重點。請繼續往下閱讀...今年7月，中國城鎮不含在校生的16至24歲青年失業率達17.9%，大學畢業生嚮往的高薪工作增加速度，並未趕上大學入學人數激增的速度。中國領導人長期以來主要透過經濟繁榮的承諾來鞏固其政權的合法性，對他們而言，青年失業率居高不下，恐成為政治動盪的來源。卡內基國際和平基金會（CEIP）中國AI倡議共同主管辛格（Scott Singer）表示，AI對青年失業率可能造成的任何負面效應，無論有多小，對中共來說確實敏感，中國非常擔心AI對就業市場的衝擊，這或許是他們目前對AI最關切的核心問題。由於擔憂AI革命可能帶來的社會與政治動盪，北京當局正對企業施壓，要求他們避免裁員。中國政府已透過多起法院判決釋出明確訊號，表明不接受企業將AI帶來的成本節省，作為解僱員工的理由。專家指出，目前中國兩大僱用產業製造業和食品外送，最明顯感受到AI和自動化的衝擊，對白領工作的影響才開始顯現。    ,https://news.ltn.com.tw/news/world/breakingnews/5565225
福克蘭群島主權爭議再起！阿根廷總統提「香港模式」促英移交主權,國際,2026/09/06 21:58,阿根廷總統米雷伊針對福克蘭群島的主權爭議，首度提出以「香港模式」作為與英國談判、和平移交主權的最終藍圖。（美聯社檔案照）阿根廷總統米雷伊（Javier Milei）針對福克蘭群島（Falkland Islands，阿根廷稱馬維納斯群島）的主權爭議，採取新一波強硬行動，宣布將對未經授權在該群島周邊進行油氣探勘的跨國企業實施制裁；同時，米雷伊在接受外媒專訪時，首度提出以「香港模式」作為與英國談判、和平移交主權的最終藍圖。阿根廷總統府發布聲明指出，已下令啟動程序，將對45個與福克蘭群島周邊「碳氫化合物探勘與開採」有關的實體，進行調查與懲處。阿根廷媒體披露，制裁名單涵蓋美國、英國、加拿大與以色列等國企業。米雷伊並透過電視演說表示，將向國會提交法案，加重對這些外商的裁罰，並承諾為最南端火地島省（Tierra del Fuego）的海軍基地挹注更多資金，以強化這處通往南極與福克蘭群島戰略門戶的防衛能量。請繼續往下閱讀...在加重經濟施壓之際，米雷伊在接受「經濟學人」（The Economist）專訪時，明確排除動武選項，強調阿根廷不會重演1982年導致907名官兵陣亡的悲劇。他主張透過長期外交談判達成「共識解決方案」，並援引1997年英國移交香港控制權的歷史作為解方。米雷伊在專訪中表示：「長遠來看，我們可以收回我們的島嶼。英國對香港就是這樣做的，那麼為何不達成協議，讓這些島嶼遲早回歸阿根廷？」分析家解讀，米雷伊在福克蘭爭議中提出「香港模式」，其核心意義在於尋求漸進式和平過渡，試圖在避免破壞區域穩定與引發武裝衝突的前提下，將主權談判拉回兩國政府間的雙邊外交層次。此外，由於英國長期主張福克蘭島民享有自決權，米雷伊企圖藉由香港模式主張，島民居住在「被篡奪的領土」上，因此其自決權利無效，與當年英國將香港主權移交給中國時，並未透過公投徵詢當地居民意願的歷史脈絡相互呼應。米雷伊的行動緊接在美國總統川普的發言之後。川普日前因不滿英國對中東戰事的支持不足，公開暗示美國可能重新審視對福克蘭群島的中立立場。面對阿根廷的施壓與美國立場的潛在鬆動，英國國防大臣斯特里廷（Wes Streeting）與外交大臣米勒班（Ed Miliband）相繼發表聲明，強調英國對該群島的主權聲索，以及支持島民自決未來的立場「堅不可摧」。    ,https://news.ltn.com.tw/news/world/breakingnews/5565184
尼泊爾邊境洪災 失蹤朝聖者家屬要求中國給交代,國際,2026/09/06 21:30,中國救援人員用機具、鏟子及探測器持續搜索數百名失蹤者。（路透）尼泊爾與中國西藏邊境8月26日遭暴洪重創，兩地合計死亡人數破1300人、逾5600人下落不明，赴西藏朝聖失聯外籍人士的家屬對中國方面回應感到失望，要求北京給出交代。路透社報導，印度裔芬蘭公民喬杜里（Priyanka Choudhary）日前在西藏結束印度教朝聖之旅準備回程時，在尼泊爾邊境遇上毀滅性洪災。請繼續往下閱讀...喬杜里是災後10天在西藏仍失聯的261名外籍人士之一，她的家屬和其他失蹤者家屬對北京的回應感到失望。喬杜里的兄弟塔倫（Tarun）說：「中國那邊完全沒消息。我們無法前往中國與任何人交談，所以不清楚那邊的情況…中國未提供任何關於災區現況的最新消息。」中國新華社4日報導，西藏境內已確認至少31人罹難、531人失蹤。不過，若干失蹤者家屬指控中國封鎖消息，加劇了他們的痛苦。51歲英國籍失蹤者狄瓦里（Neetu Goyal Tiwari）的兄長戈雅（Naresh Goyal）表示：「我們無法取得來自中國的任何消息，無從得知舍妹是否平安或者已經罹難。」戈雅也說，英國警方近日前往狄瓦里住家，向狄瓦里女兒採集DNA樣本，準備交給中國當局。針對上述指控、罹難者身分確認進度，或者西藏方面DNA採集規範等，中國外交部暫未回應媒體置評請求。北京方面指出，已準備好與各國及相關機構合作辨識罹難者身份。中國已派遣DNA鑑識專家赴尼泊爾重災區提供協助。在尼泊爾，包含警方在內的有關當局定期透過社群媒體公布這次洪災的失蹤及罹難人員消息，搜救時同步實施DNA檢測。    ,https://news.ltn.com.tw/news/world/breakingnews/5565195
華府智庫敦促白宮考慮1事 中共喉舌竟威脅：用飛彈打美國本土！,國際,2026/09/06 20:50,"《環球時報》總編輯胡錫進。（彭博）近日有華府知名國家安全智庫敦促白宮，應預先準備各種手段，防範中國率先開發出「通用人工智慧」（AGI），必要時考慮軍事打擊。對此，中共喉舌《環球時報》前總編輯胡錫進跳出來嗆聲，如果美國膽敢這麼做，中國會直接用飛彈攻擊美國本土！AGI是指一種能學習、推理並執行人類或動物所能完成的任何智力或經濟任務的假想自主系統，現在大眾所熟知的AI（如聊天機器人或影像生成工具）只能在特定框架或訓練數據內執行特定任務，但AGI能像人類一樣，自主學習並解決從未遇過的新問題，且能獨立規劃並執行建立系統時未曾預設的複雜任務。請繼續往下閱讀...據《南華早報》（South China Morning Post） 報導，歐巴馬政府時期白宮幕僚、「新美國安全中心」（CNAS）印太安全計畫副主任斯托克斯（Jacob Stokes），上週四（3日）發表最新報告，疾呼美國政府應該開始為必須採取極端措施阻止中國實現AGI的情況做好準備，包括由國家支持的間諜活動和針對中國資料中心的軍事打擊。該消息一出，隨即讓中國戰狼們跳腳。胡錫進4日就在X平台轉發《南華早報》的報導，怒嗆：「如果美國真的膽敢對中國的資料中心發動軍事攻擊，我相信中國的報復絕對不會只針對美國在亞太地區的目標，而是會直接用飛彈攻擊美國本土！」不過底下湧入不少人嘲諷，「又在大放厥詞了」、「胡老師，這麼快就忘記伴飛佩（裴）洛西了嗎？」、「SB胡吆喝，你以為自己是CCP的一員？」、「如果美國能夠像斬首伊朗神棍那樣轟炸中國皇宮就好了，順帶把姓胡的太監奴才給一起轟炸」、「建議中國把胡錫進發射到美國本土，進行滅國級的傷害」、「核彈必須1000枚，本土打擊勢在必行！最好能從X平台直接點擊發射，我都有點激動了」、「天天做夢呢！你直接讓中國和美國斷交不就行了嗎？讓中國驅逐美國大使館，快點！別逼逼！」If the U.S. truly dares to launch a military strike against China's data centers, I believe China's retaliation would not be limited to U.S. targets in the Asia-Pacific region; instead, it would directly target the U.S. mainland with missile strikes.https://t.co/WFZ00JH7KH— Hu Xijin 胡锡进 （@HuXijin_GT） September 4, 2026 If the U.S. truly dares to launch a military strike against China's data centers, I believe China's retaliation would not be limited to U.S. targets in the Asia-Pacific region; instead, it would directly target the U.S. mainland with missile strikes.https://t.co/WFZ00JH7KH    ",https://news.ltn.com.tw/news/world/breakingnews/5565035
誰負責維安吵翻天！哈利王子全家返英  專家：他們面臨真實威脅,國際,2026/09/06 20:28,英王次子哈利王子、妻子梅根以及2名年幼子女，上月底搬回英國定居。（法新社檔案照）英國國王查爾斯三世次子、薩塞克斯公爵（Duke of Sussex）哈利王子一家四口，上月底已搬回英國定居，再次引發哈利一家人的維安該由誰負責與付費的論戰。專家警告，哈利一家確實可能面臨真實威脅。上週偕妻梅根與2名年幼子女返英定居的哈利，此前曾以維安顧慮為由拒絕返國。「哈梅」夫妻2020年退出王室公職並搬離英國；為保住定居加州時仍可享有以公帑支付的維安，哈利此後多年為此訴諸法律，但最終宣告失敗。請繼續往下閱讀...而今，隨著夫妻倆帶著7歲兒子亞契王子與5歲女兒莉莉貝公主搬回英國，據傳哈利將再次爭取獲得英國警方的保護。但根據英媒，哈利一家人8月26日抵達伯明罕機場時，在場維安的是私人保全，而非警察。對此，曾任哈利之父英王查爾斯的隨扈官的哈默（Scott Hamer）直言「非常令人驚訝」。哈默說，目前接受英國警察保護的人中，有些人面臨的威脅與風險可能比哈利還小，「所以問題是，他（哈利）為何未能取得此等保護？」根據了解，「哈梅」夫妻返英後住在英格蘭中部科茲窩地區（Cotswolds），並已為2個孩子註冊在下學期就讀當地私校。有鑑於每天接送小孩上下學的行為模式有其可預測性，哈利一家返英後的安全顧慮，不減反增。哈默認為，哈利今後每天會在同一時間接送孩子上下學，「讓他（哈利）頗易受到傷害」，因為哈利面臨從國際恐怖主義到不滿他與黑白混血的梅根結婚的極端右翼人士等各種非常真實的威脅。哈默還說，不能拿哈利是否仍是「在職王室成員」，來考量哈利能否取得警察保護，畢竟英國前首相卸任後，依然享有官方維安。此外，哈利返英後力爭警方保護，據信部分原因在於英國私人保全不得持武。另1名前王室維安官摩根（Simon Morgan）說，哈利的立論根據是，他所面臨的威脅，大到只有正式的警察保護才能應付，「他（哈利）自認應該得到（警察保護）」。但英國民眾看似不以為然。根據英國「i報」（i Paper）上週民調，僅6%受訪者認為，哈利的維安應完全由納稅人買單，多達63%的人認為，「哈梅」應該自己出錢。    ,https://news.ltn.com.tw/news/world/breakingnews/5565148
自由觀點》埃及烏龍暗助台灣？ 習近平非洲自討沒趣,國際,2026/09/06 20:00,    ,https://news.ltn.com.tw/news/world/breakingnews/5565146
尼泊爾與西藏洪災摧毀吉隆口岸 路透直擊蕩然無存,國際,2026/09/06 19:59,在中國西藏自治區日喀則，吉隆港發生土石流後，受災核心區域裸露著吉隆港建築原有的鋼筋。（路透）尼泊爾北部與中國西藏的邊境地區日前遭暴洪土石流重創，中方吉隆口岸被徹底摧毀，路透社今天赴現場直擊，約20名中國救援人員用機具、鏟子及探測器持續搜索數百名失蹤者。吉隆口岸連接著中國西藏地區和尼泊爾，歷經8月26日尼國一側冰川崩塌引發的暴洪土石流後，此處已經成為這場災難之象徵地點。請繼續往下閱讀...路透社和其他通訊社記者在中國外交部安排下，前往位於狹窄河谷之中的吉隆口岸。現場影片與照片顯示，原本有5層樓高的中國海關大樓完全消失。目前唯一肉眼可見建築結構，是位於半山腰的一座方形水塔設施。今天下午，大約20名救援人員使用鏟子挖掘土石，幾台挖土機則在一旁待命。這場土石流災情迄今導致尼中兩國逾1300人喪命，還有超過5000人依然失蹤。美國駐中國大使館近日已在社群媒體X平台發文，公開要求中方提供更多資訊，包括搜救進展、遇難者身分、受災外國公民情況，以及吉隆口岸的出入境紀錄。中國救援人員用機具、鏟子及探測器持續搜索數百名失蹤者。（路透）    ,https://news.ltn.com.tw/news/world/breakingnews/5565128
喝幾口就出事 印度村莊爆「奪命假酒」集體中毒 慘釀11死,國際,2026/09/06 19:51,"印度爆出集體假酒中毒案，造成11人死亡，30多人送醫。（圖擷取自社群平台「X」）印度中央邦（Madhya Pradesh）薩格爾區（Sagar）近日傳出嚴重假酒中毒的慘劇，當地多個村莊的居民疑似因飲用私釀劣質假酒後集體身體不適，截至週日已造成逾30人緊急送醫，另有至少11人不幸死亡。據《印度時報》報導，多數民眾在飲酒後陸續出現嚴重中毒，包含嘔吐、肌肉僵硬、皮膚發紫等症狀，隨後被緊急送往當地的班達市立醫院（Banda Civil Hospital）搶救，然而仍有多人抵院時已無生命跡象，經醫師救治後宣告不治。警方表示，目前已累計有11人宣告不治，初判調查認為死亡原因與飲用含有毒性物質的劣質假酒有關，另外，目前仍有3名重症病患在加護病房與死神搏鬥，醫療團隊正全力搶救中。請繼續往下閱讀...事件爆發後，中央邦首席部長莫漢·亞達夫（Mohan Yadav）嚴厲譴責，強調政府絕不容忍這類事件發生，另也已指派相關部會首長與高階官員即刻趕赴現場調查，並承諾將徹底調查假酒來源與流向，嚴懲黑心業者。薩格爾區區長普拉蒂芭·帕爾（Pratibha Pal）也在第一時間抵達醫院關切病患，並緊急調派多組專業醫療團隊進駐支援，同時也呼籲，提醒所有近日曾飲用過不明來源酒類的居民提高警覺，一旦身體出現任何異狀或不適，務必立刻就醫接受檢查。More than 10 people have died so far after consuming toxic liquor in Banda, in the Sagar district of Madhya Pradesh ????The deceased were residents of various villages; their health deteriorated after consuming the liquor on Saturday night. pic.twitter.com/SLrrhdq1lM— Shruti Dhore （@ShrutiDhore） September 6, 2026 More than 10 people have died so far after consuming toxic liquor in Banda, in the Sagar district of Madhya Pradesh ????The deceased were residents of various villages; their health deteriorated after consuming the liquor on Saturday night. pic.twitter.com/SLrrhdq1lM    ",https://news.ltn.com.tw/news/world/breakingnews/5565048
家屬著手辦喪禮！尼泊爾婦人活埋10天 奇蹟生還,國際,2026/09/06 19:18,"中尼邊境上月底發生洪災，尼泊爾64歲婦人什雷斯塔（左）被活埋11天後奇蹟獲救。（圖擷取自社群平台「X」，本報合成）中國、尼泊爾邊境8月26日爆發世紀洪災，至今仍有近5000人下落不明。災害發生後，64歲婦人什雷斯塔（Chandika Shrestha）因多日音訊全無，家屬一度認為她已罹難，為此開始準備舉辦喪禮，未料搜救隊員清掃一處瓦礫堆，聽到微弱的求救聲，向下開挖後發現她被活埋數日竟奇蹟生還，目前已將她送醫急救。綜合外媒報導，這起振奮人心的好消息發生在昨（5）日上午，尼泊爾武警部隊行經被洪災重創的努瓦科特貝特拉瓦蒂（Betrawati）地區，突然聽到一棟被泥石淹埋的4層樓民宅廢墟，傳出一陣微弱的聲音，於是搜救人員立即挖民宅附近的沉積淤泥，一行人砸破一扇窗戶進入建築內部，找到滿身淤泥的什雷斯塔。請繼續往下閱讀...報導指出，什雷斯塔與4名親屬同住的民宅，洪災發生後整棟被推移近100公尺，並有3層半遭泥石完全掩埋，什雷斯塔與4名親屬自此失聯。武警部隊透露，他們先前曾派人在此處進行搜索與執行救援行動，然而多數建築歪斜、至少3層半的樓層幾乎被泥石掩埋，人類在此存活機率渺茫，因此完全沒想到居然仍有奇蹟發生。根據影片顯示，什雷斯塔獲救後，先是被救難人員小心翼翼餵著水，儘管她一臉疲憊，但仍有精神與救難人員對話，之後在眾人合力下將她抬上軍機送醫。什雷斯塔親屬拉梅什（Ramesh Man Shrestha）獲報趕赴醫院確認，並激動表示「簡直不敢相信自己的眼睛」，還透露原本以為她已罹難，正在著手準備她的後事。什雷斯塔另一名親屬伊什瓦里（Ishwari Lal Shrestha），同樣奇蹟逃過一劫，但至今仍找不到妻子等親屬下落。伊什瓦里回憶，事發當下山谷間傳來一聲巨響，人在戶外的他回頭一看住處，目睹住家像被一艘紙船般洪流捲走，震撼一幕讓他對妻子的存活不抱任何希望，但聽到什雷斯塔獲救，仍為對方感到欣慰。Breaking News Korban Banjir Bandang Nepal-Tibet Selamat Setelah 10 HariSetelah Terjebak 10 Hari, Chandika Shrestha （60） berhasil ditemukan dan dievakuasi oleh Armed Police Force Nepal dari Rumahnya di Betravati, Nuwakot, dan dipersiapkan dievakuasi dg helikopter ke Kathmandu pic.twitter.com/eLKBz1Ms2S— NyxNara （@NaraSenyap） September 5, 2026 Breaking News Korban Banjir Bandang Nepal-Tibet Selamat Setelah 10 HariSetelah Terjebak 10 Hari, Chandika Shrestha （60） berhasil ditemukan dan dievakuasi oleh Armed Police Force Nepal dari Rumahnya di Betravati, Nuwakot, dan dipersiapkan dievakuasi dg helikopter ke Kathmandu pic.twitter.com/eLKBz1Ms2S搜救人員透露，是從洪災重創一棟被泥石淹埋的4層樓民宅廢墟，聽到什雷斯塔傳出的虛弱求救聲。（圖擷取自社群平台「X」，本報合成）    ",https://news.ltn.com.tw/news/world/breakingnews/5564959
報復真主黨攻擊黎南以軍 以色列回擊釀4死20傷,國際,2026/09/06 17:58,黎巴嫩南部阿拉布薩利姆的1棟建築6日遭以軍空襲後淪為斷垣殘壁。（法新社）為報復黎巴嫩真主黨（Hezbollah）稍早以無人機攻擊在黎巴嫩南部執行任務的以色列士兵，以色列6日對黎南數個地點發動攻擊，造成4人死亡與20人受傷，顯示以黎雙方雖達成停火協議，但緊張情勢已隨戰火再起而升級。根據黎巴嫩衛生部，黎南的上納巴蒂葉（Nabatieh al-Fawqa）有2人喪生，附近的阿拉布薩利姆（Arab Salim）有2名女性死亡；此外，在上述地點以及納巴蒂葉市（Nabatieh）與卡法爾魯曼鎮（Kfar Rumman）有20人受傷，包括數名女性與3名孩童。請繼續往下閱讀...以軍表示，真主黨武裝份子此前對在以國自行畫設的黎南「安全區」執行任務的以兵發射2架無人機，以軍隨即空襲黎南報復，並痛斥真主黨「公然違規」，但並未說明無人機攻擊是否造成以方人員傷亡。以軍在發表上述聲明前，曾針對黎巴嫩發布數週來的首份撤離通知，警告阿拉布薩利姆的1處被其認定為真主黨「設施」的建築物附近的居民撤離，隨後便對該地點進行打​​擊。但以軍在對黎南其他地點進行打擊前，並未發布此等警告。黎巴嫩官媒國家通訊社（NNA）則說，就在以色列對上述位於阿拉布薩利姆的建築物發出警告後，以軍戰機先攻擊另1棟房子、將之摧毀與造成2名女性死亡，然後才對在撤離警告中被點名的那棟房子進行打擊。    ,https://news.ltn.com.tw/news/world/breakingnews/5565063
自由說新聞》小粉紅也看不下去！中國部落客怒揭甘肅「染色」毒蔬菜,國際,2026/09/06 17:27,全新的視界！新聞話題不漏接，快訂閱YouTube 【自由追新聞】，記得開啟小鈴鐺哦！    ,https://news.ltn.com.tw/news/world/breakingnews/5565047
試圖重建「抵抗核心」 以媒：伊朗擬整合盟友同步襲擊以色列,國際,2026/09/06 17:17,"以色列情報顯示，伊朗正協調包括真主黨、哈瑪斯及青年運動等其地區域盟友，準備對以色列發動攻擊。圖為以色列士兵。（法新社檔案照）以色列情報顯示，伊朗正協調包括真主黨、哈瑪斯及青年運動等其地區域盟友，準備對以色列發動攻擊。相關報告指出，德黑蘭當局此舉是為了整合以伊朗為軸心的所有力量，謀求多方勢力同時行動，避免重演2023年10月7日襲擊事件中協調不良的狀況。耶路撒冷郵報（Jerusalem Post）報導，根據這項評估，伊朗有意將黎巴嫩的真主黨（Hezbollah）、巴勒斯坦伊斯蘭主義組織哈瑪斯（Hamas）、葉門的青年運動（Houthis）以及伊拉克親伊朗民兵，共同納入單一戰事行動。請繼續往下閱讀...2023年10月7日，哈瑪斯從加薩走廊（Gaza Strip）對以色列鄰近地區發動武裝入侵，但其他戰線並未同步開啟，也未全面協調。以軍在攻擊後從加薩走廊查獲的哈瑪斯內部文件顯示，已故哈瑪斯領袖辛瓦（Yahya Sinwar）曾試圖擴大衝突，包括將黎巴嫩、敘利亞及西奈半島（Sinai）等更多戰場拉進戰局，強調有必要「串聯並且預做對外戰線的準備」，同時事先就日常與戰時的通訊機制達成共識。根據美國與以色列已公開的評估報告，伊朗與真主黨並未事先得知10月7日計畫的全部細節或具體實施日期。這項評估顯示，辛瓦認為哈瑪斯的初步攻擊若成功，將會引來真主黨及伊朗加入更大規模的行動。真主黨雖在北部開火，但當天早上並未同步發動與哈瑪斯攻勢規模相當的大規模攻擊。●伊朗策劃對以色列展開多重戰線行動阿拉伯媒體報導，德黑蘭據稱正試圖精確彌補此一缺口。相關規劃意在讓多條戰線能夠同時對以色列發動攻勢，從一開始就將多戰線作戰納入戰略考量。今年7月接掌哈瑪斯領袖的哈雅（Khalil al-Hayya）據稱與伊朗關係良好，長年來一直是該組織負責維繫與德黑蘭關係的核心人物之一。另有跡象顯示，伊朗正試圖重建「抵抗軸心」（Axis of Resistance），並恢復各戰線之間的協調機制。一份上月發布的報告指出，以色列國防軍（IDF）已察覺，在伊朗協助下，哈瑪斯與真主黨之間恢復協調，以便同時從北方與南方加重對以色列的壓力。以色列國防軍評估，哈瑪斯與真主黨近幾週來已開始協調強化其行動。●伊朗重新推動恐怖組織協商近期有報導指出，伊朗聖城部隊（Quds Force）高層官員曾與真主黨、青年運動及伊拉克民兵組織的指揮官，針對擴大對抗進行會談。伊斯蘭革命衛隊（Islamic Revolutionary Guard Corps, IRGC）2名高階軍官表示，在先前較為平靜的一段時間內，聖城部隊高層曾與來自3個戰線的指揮官進行電話會議，而伊朗顧問也在當地與他們合作。同一時間內，也有報導指出伊朗積極加快飛彈及無人機的生產，並恢復先前受損的戰力。伊朗軸心勢力內部的權力平衡已出現變化。根據相關評估，隨著真主黨受到重創及敘利亞阿塞德（Bashar al-Assad）政權的潰敗，伊拉克境內的民兵組織與葉門的青年運動組織變得更加重要。同時，以色列發現，除了聯合軍事演訓不斷進行，各勢力間的作戰和個人關係也更加緊密，軸心成員在政治及軍事決策上的協調也有所提升。如今，伊朗陣營所處的區域現實，已不同於2023年10月7日之前，目前伊拉克與葉門扮演的角色更加關鍵。    ",https://news.ltn.com.tw/news/world/breakingnews/5565003
福建媽祖文化發源地莆田水災  八卦陣千年古村被毀,國際,2026/09/06 17:04,在中國福建省莆田市，無人機拍攝的畫面顯示，颱風「沙德爾」帶來的強降雨過後，救援人員正用船隻疏散受災居民。（路透）颱風沙德爾為福建媽祖文化發源地莆田帶來歷史罕見暴雨，3日至4日洪水釀嚴重災情，部分村落一度對外通訊中斷。如今災情陸續傳出，八卦陣造型的千年古建築村落霞皋村幾乎被毀。霞皋村位於木蘭溪西岸、與華林工業園區毗鄰。唐代開始建村，宋代起形成神秘的八卦狀巷道布局，以巽離宮為中心，9條主要村道呈放射狀延伸，房子層層疊疊向外延展，構成99條巷弄，並與村邊的木蘭溪及人工開挖的內溝、外溝，構成一個完整的八卦太極圖。2021年入選福建省第4批省級傳統村落名錄。請繼續往下閱讀...澎湃新聞報導，然而洪水退去，多個古建築坍塌損毀。3日晚上，霞皋村突然全村斷電。據當地官方資訊，當天莆田市木蘭溪瀨溪站洪峰水位在14.91公尺。這是1951年有觀測資料以來莆田市水位最高、持續時間最長的洪水。村民受訪時回憶，當晚先是聽到瓦片碎裂聲，接著是木梁折斷的悶響，最後是整面土牆砸進積水裡的轟隆聲。「一個晚上劈哩啪啦、劈哩啪啦地響」，村民鄭老先生說，「倒的都是老房子。水出不去，泡太久，就倒了」。鄭老先生估計起碼倒了幾十家。澎湃新聞描述，在霞皋村現場，沿八卦巷弄向外延伸的普通民房多為磚木或土木結構。土木老房屋是這次洪水中倒塌的主要類型。「土牆一旦經洪水長時間浸泡，極易失去支撐力，自然是要倒了」，一名村民分析。4日下午，積水開始緩慢退去。5日，霞皋村大部分區域的積水消退，村中巷道兩旁的牆壁上留下一道道褐黃色的水痕，清晰標明當時最深處超過2公尺，部分低窪區域甚至達到3公尺。霞皋村下轄的兩個自然村塘尾和後漢，原本由一條2至3公尺寬的村道相連；如今，已不見這條路，因為兩側土房倒塌，泥堆、橫梁與瓦片灌滿整條通道，村民只能踩著木梁，小心翼翼地翻過這道由廢墟堆成的「高牆」。斷電導致通訊中斷，村落一度與外界失聯。城廂區人民政府相關部門向媒體表示，4日下午救援隊伍已進村；霞皋村村幹部說，村民大部分已轉移，並且使用無人機運輸食物。    ,https://news.ltn.com.tw/news/world/breakingnews/5565008
世紀同框？俄曝「美中俄巨頭會談」可能性,國際,2026/09/06 16:59,俄羅斯副外長雷雅布可夫。（路透）俄羅斯塔斯社（TASS）報導，俄國副外長雷雅布可夫（Sergei Ryabkov）6日表示，不排除俄羅斯、美國與中國三國元首舉行三方會談的可能性。但雷雅布可夫說，在朝具體籌備三方會談前，得先釐清會議議程。雷雅布可夫說，美中俄三方會談的最主要問題，在於如何制定規劃其具體內容，以及預期會有何成果。請繼續往下閱讀...克里姆林宮幕僚鄂夏柯夫（Yuri Ushakov）本月稍早表示，俄羅斯總統普廷、美國總統川普，以及中國國家主席習近平，有可能在11月中國深圳的亞太經合會（APEC）領袖峰會期間，舉行三方會晤。此外，雷雅布可夫5日被塔斯社問到美國特使魏科夫（Steve Witkoff）與庫希納（Jared Kushner）來訪時表示，關於解決烏克蘭衝突，華府應該將現場現實情況納入考量，即當前情勢正轉朝不利基輔的方向發展。魏、庫二人已結束與普廷的會談。    ,https://news.ltn.com.tw/news/world/breakingnews/5565004
悠仁親王20歲生日 日本年輕一輩皇位繼承人展開公務歷練,國際,2026/09/06 16:59,日本皇室秋篠宮家的長子悠仁親王今天迎來20歲生日。（法新社）日本皇室秋篠宮家的長子悠仁親王今天迎來20歲生日。自去年9月舉行成年式後，他陸續出席皇室活動及訪問，以皇位第2順位繼承人身分累積經驗。日本「讀賣新聞」報導，目前就讀筑波大學二年級的悠仁親王持續學習生物領域，也增加在茨城縣筑波市度過的時間。請繼續往下閱讀...悠仁親王8月7日參觀廣島市中區本川小學和平資料館時，向擔任導覽的森川敦子校長表示：「我感受到由年輕世代傳承原爆受害經歷的重要性。」本川小學在1945年8月6日原子彈投下時，約有410名兒童及教職員罹難。外界普遍認為當時校內唯一倖存的兒童是一位名叫居森清子的女性，已於2016年離世，享壽82歲。悠仁親王當時仔細閱讀了居森清子的證言展示板，並帶回一本整理她原爆經歷的繪本。森川敦子校長表示：「悠仁親王理解並接受我們重視傳承記憶的心意。」過去一年，悠仁親王在以學業為優先的同時，也投入上皇明仁及日皇長期重視的戰爭與和平相關活動。悠仁親王目前是繼秋篠宮文仁親王之後，居皇位繼承順位第2位。他於2024年9月年滿18歲，並於去年9月舉行成年式。日本皇室的慣例是，完成成年式後才開始以成年皇族身分從事公務。悠仁親王在成年式後接受記者採訪時表示：「希望抱持作為成年皇族的自覺，身為皇室一員確實履行自己的職責。」隨後，他便首次出席皇室新年的傳統活動「歌會始之儀」、宮中晚宴等活動，也首次單獨訪問地方。8月在廣島縣舉行的童軍活動「日本童軍大露營」中，他也首次在公開場合發表致詞，並與同齡參加者一起露營、下廚。此外，他也出席了新嘗祭神嘉殿之儀等宮中祭祀活動。宮內人士表示，悠仁親王「每一項活動都認真、用心地履行」。悠仁親王今年4月開始升上筑波大學生命環境學群生物學類二年級，持續往返東京都港區的秋篠宮邸，以及大學附近的租屋處，過著兩地生活。身邊人士表示，近期從集合住宅前往學校上課的次數增加。根據宮內廳及筑波大學等方面資訊，該學系同年級約有80名學生。大一主要接受基礎教育，大二則開始加入更具專業性的課程，並逐漸朝向畢業研究欲投入的領域深入學習。悠仁親王也加入研究鳥類、昆蟲、真菌等多種生物的研究會。此外，雖然在秋篠宮邸度過的時間有限，他仍持續在赤坂御用地栽培蔬菜及水稻。另外，悠仁親王自幼便持續進行蜻蜓研究。曾與他交流昆蟲研究的玉川大學名譽教授小野正人表示：「他對棲息環境及各種生物都抱有興趣，可以感受到他的視野正在拓展。」9年前，當時就讀小學五年級的悠仁親王首次與小野正人一同前往赤坂御用地進行蜻蜓調查。中學時期，他自行製作附有照片、整理十多種蜻蜓特徵的口袋圖鑑；高中二年級時，更與研究人員共同發表蜻蜓相關學術論文。小野認為，悠仁親王在高中三年級時出現了明顯變化。當時他與秋篠宮文仁親王造訪玉川大學，參觀蜻蜓等生物棲息的生態池，並詢問：「這裡有螢火蟲棲息嗎？」以及「水很乾淨呢」，展現對生態環境的關心。日本皇室中，上皇明仁曾研究鰕虎魚，日皇研究水問題，秋篠宮文仁親王則研究魚類及家禽等。上皇明仁在皇太子時代曾表示，皇室的傳統「始終都是學問」，並說：「希望繼續守護這項傳統。」    ,https://news.ltn.com.tw/news/world/breakingnews/5564952
玻利維亞軍事基地連環爆增至3死 14名士兵下落不明,國際,2026/09/06 16:54,玻利維亞比亞查（Viacha）一處軍事基地接連發生2起爆炸後，死亡人數增至3人，另有84人受傷。（路透）玻利維亞檢方今天表示，比亞查（Viacha）一處軍事基地接連發生2起爆炸後，死亡人數增至3人，另有84人受傷。救援人員正持續清理現場瓦礫，並尋找下落不明的人員。法新社報導，爆炸4日下午發生在比亞查一處存放手榴彈、TNT（三硝基甲苯，俗稱黃色炸藥）等爆裂物的軍事設施。比亞查人口約11萬4000人，位於首都拉巴斯（La Paz）西南方約30公里處。請繼續往下閱讀...檢察官拉米雷斯（Katherine Ramirez）透過聲明表示，救援人員「在瓦礫堆中找到1名男子的遺體」，使目前死亡人數增至3人。稍早通報的2名罹難者都是服義務役第1年的年輕男子。爆炸另造成84人受傷。國防部稍早表示，失蹤者包括1名中士及13名義務役士兵，年齡介於18至19歲。國防部長胡斯帝尼亞諾（Ernesto Justiniano）警告，現場仍有威力強大的爆裂物尚未移除，「該地區的風險仍然很高」。他說：「我們進入一個特定區域後，仍看到一些裝置…包括爆炸威力強大的TNT。」國防部宣布成立「危機委員會」，以協助受爆炸影響的人員。    ,https://news.ltn.com.tw/news/world/breakingnews/5564949
首飛爆炸失敗！德國新創火箭第2次就成功  送5衛星上太空,國際,2026/09/06 16:44,德國新創公司「伊薩航太」（Isar Aerospace）「Spectrum」火箭5日自挪威安多亞太空港升空，夜空中留下明亮飛行軌跡。（路透）德國新創公司「伊薩航太」（Isar Aerospace）5日成功完成火箭第二次發射，將5枚小型衛星與1項飛行實驗送入軌道；這次成功也讓歐洲首次由本土商業火箭完成衛星入軌，距離公司2025年首度發射爆炸失敗僅數月。路透報導，伊薩航太從挪威北部的安多亞太空港（Andøya Spaceport）發射「Spectrum」火箭，任務在當地時間5日晚間升空。這枚火箭上一次於2025年3月首次試飛時，發射後不久爆炸，未能進入軌道，如今第二次飛行成功，並完成衛星部署。請繼續往下閱讀...伊薩航太表示，這次任務命名為「Onward and Upward」（持續向前、持續向上），火箭成功將搭載的酬載送入預定軌道。公司先前的首飛以失敗告終，因此這次任務也是重要的技術驗證。此次「Spectrum」攜帶5枚小型衛星及1項飛行實驗升空。成功之後，伊薩航太成為歐洲首家成功將衛星送入軌道的商業太空公司，也讓歐洲從本土發射商業火箭並送入軌道的能力向前推進。伊薩航太獲得歐洲太空總署（ESA）約2億歐元（約新台幣73.6億元）支持，目前第三至第七枚火箭已投入生產，公司位於德國的工廠未來規劃年產量最高達40枚。隨著此次任務成功，歐洲商業太空發射市場的競爭也進一步升溫。「Spectrum」火箭自挪威安多亞太空港發射升空，現場可見火箭引擎噴出大量火焰與濃煙。（路透）    ,https://news.ltn.com.tw/news/world/breakingnews/5564989
光州雙年展台灣館讓中國跳腳！ 遷怒退出麗水世界島嶼博覽會,國際,2026/09/06 16:41,中國因南韓光州雙年展「台灣館」名稱事件，遷怒退出「麗水世界島嶼博覽會」。（圖擷自麗水世界島嶼博覽會官網）南韓光州雙年展日前發生「台灣館」名稱風波，在恢復「台灣館」的稱呼後讓中國氣得撤展，並且遷怒到9月5日至11月4日舉行的「麗水世界島嶼博覽會」，中方已宣布退出展覽，但這場博覽會台灣並未參加。據韓媒《中央日報》報導，「麗水世界島嶼博覽會」將在全南光州統合特別市麗水市舉行61天，中國浙江省舟山市是參展方之一，但舟山本月2日通知主辦方，將取消其在島嶼博覽會的場館營運，並且不會出席宣傳參展國的「島嶼之友日」活動。請繼續往下閱讀...麗水世界島嶼博覽會預計吸引9萬名外國觀光客前來，估計將以中客佔多數，因此中國撤展讓外界憂心博覽會能否成功舉辦。對此，麗水市、主辦方正試圖透過南韓外交部說服中國恢復參展。不過，政治分析師認為，中國改變立場的可能性不大，因為舟山市不參加麗水島嶼博覽會，是對近期光州雙年展台灣館的抗議，此外，中國廣東省廣州市人民代表大會常務委員會代表團，取消原定6日至7日的光州訪問計畫，也是抵制行動之一。    ,https://news.ltn.com.tw/news/world/breakingnews/5564957
日本國民民主黨黨魁選舉 玉木雄一郎大勝年輕對手連任,國際,2026/09/06 16:39,日本在野黨國民民主黨黨魁選舉，玉木雄一郎第三度當選。（彭博檔案照）日本在野黨國民民主黨黨魁選舉今天投開票，57歲現任代表（黨魁）玉木雄一郎，打敗30歲政調副會長、眾議員橋本幹彥後成功連任，並表態將繼續任命現任幹事長榛葉賀津也。「朝日新聞」報導，玉木從2020年以來一直擔任目前國民民主黨的黨魁，這次是第3次當選黨魁。他的任期到2029年9月屆滿。請繼續往下閱讀...這場選戰由他與橋本展開一對一對決，爭取159點。黨內53名國會議員每人持有1點；386名地方議員與4萬9578名黨員及支持者分別持有53點，總計159點。國民民主黨今天在東京都內開票，結果顯示創黨者玉木奪得127點、橋本拿下32點。而玉木獲得42名國會議員支持。國民民主黨迄今的訴求為「政策為主」、「與其對決不如解決」，時而接近執政黨，時而強化對抗立場，試圖展現自身存在感。「日本經濟新聞」報導，玉木今天連任後表示，「希望把國民民主黨發展成一個更大、更強、能獲得國民信賴的政黨。」他說：「希望把橋本候選人在這次選舉中的建議，作為更新國民民主黨的資產，並用於黨內改革。」面對2027年春季的統一地方選舉及2028年夏季的參議院選舉，國民民主黨的目標是擴大黨勢，希望地方議員人數翻倍、達到700人；玉木在黨魁選舉期間表示，包含不需改選的議員在內，希望在參議院選舉取得40席以上。玉木也在加強與日相高市早苗政府對抗的立場。他本月2日在黨魁選舉最後階段告訴媒體，「政府內政、外交政策，都開始出現一些讓人懷疑是否妥當的地方。」此外，他除了反對減徵消費稅法案，也認為日本政府批評俄羅斯總統普廷（Vladimir Putin）訪問日本所稱的「北方領土」擇捉島一事的因應「過於軟弱」。由於中道改革連合（簡稱中道）與立憲民主黨及公明黨合併的協議受挫。若立憲民主黨出身的中道眾議員未能與公明黨出身的眾議員成立統一會派，國民民主黨將成為眾院在野會派勢力龍頭。國民民主黨目前在眾院有28席。    ,https://news.ltn.com.tw/news/world/breakingnews/5564964
禁止揮舞紅白旗！伊朗街頭扛旗遊街 反政府組織支持者被逮捕,國際,2026/09/06 16:23,"伊朗當局逮捕在網路影片中當街揮舞反對派組織旗幟的人士。（擷取自網路）伊朗國營電視台6日報導，當局已逮捕數名涉嫌出現在1段影片中揮旗的人士，因為這些人揮舞的旗幟，是被列為非法組織的「伊朗人民聖戰者」（People's Mujahedin Organisation of Iran, MEK或MKO）的紅白雙色旗。這段近日在網路流傳的罕見影片顯示，有人邊騎機車邊舉著MEK的紅白旗行駛於無人的伊朗街頭。請繼續往下閱讀...伊朗國營電視台6日說，當局已確認身分與逮捕「出現在這段影片中的所有人」，並稱其與MEK有「關聯」，但未明確指出有多少人被抓。報導中還說，這支舉旗車隊行駛於德黑蘭以西的卡拉吉市（Karaj）附近，但不清楚影片拍攝時間。但根據5日MEK在X上的發文，相關影片拍攝時間據信是本月3日，不但有機車，還有數輛白色轎車；影片中的人物臉孔都被打碼，扛旗遊街的目的是紀念該組織成立61週年。MEK成立於1960年代，原為反抗西方資本主義以及當時獲得西方支持的伊朗國王；1979年伊斯蘭革命後被列為非法組織，轉為反伊朗伊斯蘭政權，1980年代兩伊戰爭期間曾與伊拉克聯手對付自己人，令許多伊朗人無法諒解。該組織過去數十年來一直在海外鼓吹推翻伊朗政權，德黑蘭當局則指控該組織成員與伊朗宿敵以色列合作。    ",https://news.ltn.com.tw/news/world/breakingnews/5564963
坐擁3專機200情婦！日媒揭恆大許家印奢華黑幕  如今關到死,國際,2026/09/06 16:02,前中國首富、恆大集團創辦人許家印8月20日在深圳市中級人民法院一審公開宣判現場聆聽判決，法院當天判處他無期徒刑。（美聯社）曾問鼎中國首富的恆大集團創辦人許家印，8月20日遭中國法院判處無期徒刑、終身剝奪政治權利，並沒收個人全部財產。日媒近日重新起底他的昔日奢華生活，揭露許家印全盛時期擁有3架私人飛機、60公尺豪華遊艇及海外豪宅，身邊甚至被指有約200名年輕情婦，光是高級雪茄一年就花費700萬人民幣。日本《週刊新潮》9月3日號刊出前《產經新聞》中國總局特派員福島香織的訪談。她表示，許家印全盛時期擁有包括空中巴士客機在內的3架私人飛機、60公尺遊艇及洛杉磯、倫敦與香港等地房產，奢華生活從交通工具一路延伸到私人休閒。請繼續往下閱讀...福島香織披露，許家印甚至在日本靜岡縣設有專用農場栽培高級哈密瓜，平日還嗜抽高級古巴雪茄，每年花費達700萬人民幣（約新台幣3300萬元）。福島香織也透露，許家印擁有一支約200名年輕女性組成的歌舞團，並稱外界據傳許家印與團內女性都有關係。她指出，廣州恆大大樓41至43樓是許家印的私人空間，他會在那裡觀看歌舞團演出。「200名情婦」是福島香織引述的說法，並非中國法院判決認定的犯罪事實。許家印的政商關係同樣受到日媒關注。福島香織認為，許家印涉及的案件中，貪腐問題值得關注，並提到前貴州省委書記孫志剛、前司法部長唐一軍及前深圳市長陳如桂等人與恆大案的關聯；她並稱許家印曾因替貪腐官員洗錢，被形容為「貪官的白手套」。中國最高人民法院公布，深圳市中級人民法院8月20日對許家印一審判處無期徒刑、終身剝奪政治權利，並沒收全部個人財產。法院認定他涉及非法吸收公眾存款、集資詐騙、違法發放貸款、欺詐發行證券、違規披露重要訊息、單位行賄、違法運用資金及職務侵占等8項犯罪，並指恆大及相關企業在2016年至2021年間存在持續、大規模財務造假。《週刊新潮》則以「一炊之夢」形容許家印從富豪巔峰跌落階下囚的巨大反差；福島香織也認為，習近平政權把許家印視為承擔房地產政策失誤後果的人選。中國恆大集團昔日擁有的60公尺豪華遊艇「Event」2021年停泊香港。許家印全盛時期被日媒揭露擁有私人飛機、遊艇等奢華資產，該遊艇後於2023年以3200萬美元出售。（路透檔案照）    ,https://news.ltn.com.tw/news/world/breakingnews/5564907
登山新手讓Gemini規劃路線、物資 美國3男悲慘受困,國際,2026/09/06 15:40,美國3名登山新手讓Gemini規劃加州海拔4322公尺的沙斯塔山攻頂路線，最終受困山區。沙斯塔山示意圖。（美聯社）美國3名登山新手前往加州海拔4322公尺的沙斯塔山（Mount Shasta）時，讓Google的AI助理Gemini規劃路線與物資，結果受困在山中由林業局巡邏員救出。據《ABC》報導，加州錫斯基尤郡警長辦公室指出，這3名男子都是靠Gemini來確認路線資訊和需要攜帶多少物品，這顯然是十分嚴重的錯誤，因為Gemini建議他們攜帶的食物和飲水相當不足。請繼續往下閱讀...警方透露，3人在海拔2550公尺處紮營後，於8月30日凌晨3時許背著背包前往沙斯塔山峰，原本預計8個小時就能完成，但直到當天晚間7時許才攻頂，然而一般建議中午12時就要從山頂下撤了。警方表示，3人摸黑下山時曾打電話給警長辦公室確認方向，但還是偏離了路線誤入峽谷，過程中有1人摔倒使得膝蓋受傷，最終只能在峽谷陡峭處紮營，林業局巡邏員8月31日找到3人並提供醫療幫助，陪同他們一起下山。錫斯基尤郡警長辦公室強調，沙斯塔山登山者若在中午之前沒有攻頂，就應該要轉頭下撤，這樣才能有充足的日光辨認路線，並且永遠不要依靠AI來規劃路線。    ,https://news.ltn.com.tw/news/world/breakingnews/5564902
泰國工人5天狂洗畫面曝！「林肯號」今出港 整修前後對比照驚人,國際,2026/09/06 15:28,"「林肯號」進港（上）及5天後出港（下）的對比驚人，船艦外觀大幅清潔。（合成圖）想要還沒有？中媒笑「林肯號」船體鏽蝕 專家打臉：共軍巴不得有美國核動力航空母艦「林肯號」在經歷286天的漫長海上部署，2日終於駛入泰國林差曼港（Laem Chabang），由於長期部署，「林肯號」艦體可見大片鏽蝕斑塊，引發討論；在這為期5天的靠港修整，除了船員上岸放鬆外，「林肯號」也在這段時間進行外觀清潔，清掃數月持續作戰期間累積的沉積物，泰國工人趕班清潔影片曝光，今（6日）「林肯號」離港曝驚人對比。請繼續往下閱讀...美國海軍航空母艦「林肯號」（USS Abraham Lincoln）今上午駛離泰國，結束為期5天的休假與靠港行程，這段時間除了船員上岸享受難得的休假生活外，「林肯號」也把握時間進行外觀清潔。「林肯號」2日駛入泰國林差曼港時，艦體鏽蝕斑斑引發討論，除了鏽蝕外，數月持續作戰期間，有包含藻類等海洋生物附著物也必須移除；社群媒體上流傳著一段當地工人清理這艘航艦的影片。影片中可以看到兩名工人在鷹架平台上，身穿銀色防護服，頭戴黃色安全帽和麵罩，腳穿著黑色靴子，正在使用高壓水槍沖洗船體側面，將紅褐色的鏽蝕及綠色的藻類洗淨。今「林肯號」出港，與5天前對比鏽蝕面積大幅減少，吃水線附近的綠藻也都移除，露出黑色、灰色的艦體外觀。Those recent viral rust photos/footage of the USS Abraham Lincoln （CVN-72） in Thailand overstated the story.Yes, the hull looked rough in pictures, but the ship itself was never in question, that's the part the headlines skipped.Today at Laem Chabang Port in Thailand, local… pic.twitter.com/b8SP2oyrJZ— Comandante????️ （@commandante_） September 4, 2026 Those recent viral rust photos/footage of the USS Abraham Lincoln （CVN-72） in Thailand overstated the story.Yes, the hull looked rough in pictures, but the ship itself was never in question, that's the part the headlines skipped.Today at Laem Chabang Port in Thailand, local… pic.twitter.com/b8SP2oyrJZ    ",https://news.ltn.com.tw/news/world/breakingnews/5564897
日本岐阜蛋糕店大火已3死  闆娘同學聚餐疑「殺人放火」,國際,2026/09/06 15:24,日本岐阜縣本巢市經營20年的蛋糕店SunRise（さんらいず）發生砍人縱火案，釀3死。（擷取自Google街景）日本岐阜縣一間蛋糕店兼住宅昨晚發生火警。警方表示，其中一名傷者送醫後宣告不治，使這場大火的罹難者增至3人，事發當時店家正在聚會，其中一名與會者可能涉案。「每日新聞」報導，岐阜縣本巢市宗慶地區一間蛋糕店SUNRISE一名女性昨晚9時許報警稱，「有人被刀刺中，且有人潑灑汽油，發生火災」。請繼續往下閱讀...岐阜縣北方警察署表示，在火警現場尋獲2具遺體之外，共3人送醫治療，其中包含66歲女老闆曾野Satomi。而其中一名70歲男性傷患送醫後宣告不治，導致罹難者增至3人。這間店鋪兼住宅為2層樓建築，大火燒毀約300平方公尺，且把屋頂燒出好幾個洞，建物出現大片焦黑痕跡。火勢在3小時左右過後被撲滅。警方指出，蛋糕店老闆於失火當時與其他友人在一起，共11人在屋內。蛋糕店相關人士透露，當時老闆似乎在與中學時期的同學聚會。警方懷疑，與會的其中一人可能涉案。這間蛋糕店位在樽見鐵路北方真桑站東南方約1.3公里的郊區，四周有田地也有住宅。附近一名40多歲住戶表示，當時聽到數次巨響，然後就看到竄出火舌。當天打烊之後，仍有幾輛車停在店前面的停車場，「附近的人還在議論『今年是20週年，可能在舉辦相關活動吧』」。根據這間蛋糕店官網，今年適逢開店20週年。岐阜縣西式點心協會相關人士表示，這間蛋糕店的女老闆擔任該協會理事，「並非像是會被怨恨的人，先前碰面時也沒出現異狀」。「日本經濟新聞」報導，警方已經前往現場勘驗，正在朝殺人與放火事件的方向調查。    ,https://news.ltn.com.tw/news/world/breakingnews/5564901
報復油輪遭擊沉！伊朗宣稱攻擊美軍無人艇 荷姆茲戰火升級,國際,2026/09/06 15:06,美國中央司令部公開影像顯示，伊朗空載油輪「凱洛號」遭美軍打擊後冒出火勢與濃煙；伊朗伊斯蘭革命衛隊其後宣稱發動報復，攻擊美軍無人水面艦。（路透）美軍打擊3艘伊朗油輪後，伊朗宣布展開報復。伊朗伊斯蘭革命衛隊（IRGC）6日宣稱，已在荷姆茲海峽攻擊一艘企圖進入海峽的美軍無人水面艦，並警告其他船隻不得經由未獲批准的航線通行。法新社6日報導，IRGC透過伊朗國營電視台發表聲明，宣稱伊朗部隊「攻擊一艘試圖進入荷姆茲海峽的美軍無人水面艦」。IRGC稍早也表示，其海軍部隊已鎖定3艘行經海峽「未經授權航線」的油輪，以及另外3艘與美國有關的船隻，但未提供這些目標遭到何種程度損害的細節。請繼續往下閱讀...這項說法是在美軍5日宣布打擊3艘伊朗革命衛隊相關油輪後提出。美國中央司令部（CENTCOM）表示，IRGC先前向美國海軍軍艦發射彈道飛彈，美軍隨後對油輪展開打擊，其中「凱洛號」（M/T Kylo）在阿曼灣遭多處命中，之後沉入海中。伊朗此次宣稱的目標，則由油輪轉向美軍無人水面艦。從官方公開資訊來看，目前並沒有說明該無人艇的型號、任務、位置或是否受損。法新社指出，中央司令部當時尚未立即回覆有關伊朗宣稱攻擊美軍無人水面艦的詢問，因此目前無法確認該無人艇是否遭到擊中，以及是否受到任何程度的損害。IRGC則表示，除宣稱攻擊美軍無人水面艦外，也曾鎖定3艘走未經授權航線的油輪，以及3艘與美國有關的船隻，並警告其他船舶不要嘗試經由未獲批准的航線通過荷姆茲海峽。美伊最新一輪交火已從空中與油輪攻擊延伸至荷姆茲海峽船舶通行。法新社指出，當時英國海事貿易作戰中心（UKMTO）尚未通報有民用油輪在海峽遭到攻擊。伊朗日前已因美軍打擊油輪而揚言將採取更強烈報復，如今革命衛隊再宣稱將美軍無人水面艦列為攻擊目標，但這項說法目前仍沒有美方證實。    ,https://news.ltn.com.tw/news/world/breakingnews/5564888
林肯號5千美軍5天狂撒1億泰銖！連牙膏都缺 今駛離泰國,國際,2026/09/06 14:17,美國海軍航空母艦林肯號結束在泰國為期5天的休假與補給行程，6日上午正式駛離林差曼港。（法新社）在結束為期5天的休假與靠港行程後，美國海軍航空母艦「林肯號」（USS Abraham Lincoln）6日上午正式駛離泰國。這場在海上部署約9個月後的短暫靠港，估計為當地帶來最高1億泰銖（約新台幣9600萬元）的消費收益，也意外讓外界得知艦上官兵在長期部署期間，曾一度缺乏牙膏等基本生活用品。法新社報導，搭載約5000名官兵的林肯號，在歷經漫長的中東部署後，於2日抵達泰國春武里府林差曼港（Laem Chabang），展開為期5天的休假。儘管正值泰國旅遊淡季，美軍的到來仍為鄰近的度假勝地芭達雅帶來龐大商機。請繼續往下閱讀...芭達雅市長波拉梅斯（Poramase Ngampiches）6日表示，美軍官兵在5天訪問期間，於當地的消費估計最高達1億泰銖。此外，這座城市還透過向林肯號出售牙膏等補給品，獲得數百萬泰銖收入。《法新社》報導，林肯號官兵在先前部署期間，曾一度缺乏牙膏、體香劑與肥皂等基本個人盥洗用品。波拉梅斯表示，不少水兵與陸戰隊員利用靠港時間購物並遊覽景點，他認為這顯示官兵思念家人，想為家人買些紀念品帶回去。由於芭達雅以海灘與夜生活聞名，當地在美軍抵達前曾加強安全戒備。芭達雅警察局長斯拉通尤（Anek Srathongyoo）6日向《法新社》表示，這次靠港行程整體而言「一切順利」，除了第1天凌晨有2名美國水兵在酒吧街附近因酒後口角發生肢體衝突而被送回艦上外，並沒有其他爭端或人員遭到逮捕。    ,https://news.ltn.com.tw/news/world/breakingnews/5564837
自由觀點》中國機器人第一股 研發不如養豬,國際,2026/09/06 14:00,    ,https://news.ltn.com.tw/news/world/breakingnews/5562067
伊朗油輪遭擊沉！16秒畫面曝光 美軍嗆加入「海底行列」,國際,2026/09/06 13:52,"美國中央司令部公開影像，顯示伊朗空載油輪「凱洛號」遭美軍打擊後嚴重傾斜，最終在阿曼灣翻覆沉沒。（圖擷取自美軍中央司令部官方X）美軍5日為反擊伊朗對美軍艦艇發射彈道飛彈，宣布對3艘伊朗革命衛隊油輪發動打擊。美國中央司令部（CENTCOM）6日進一步公開1段長約16秒的最新影片，顯示其中在阿曼灣遭美軍打擊的空載油輪「凱洛號」（M/T Kylo）已完全翻覆、沉入海中。美軍5日宣布，因伊朗伊斯蘭革命衛隊（IRGC）向美軍航艦及驅逐艦發射彈道飛彈，美軍隨即展開反制，其中位於阿曼灣、遭多處命中的凱洛號，船員先被要求棄船。美軍表示，凱洛號遭多個關鍵部位擊中後失去運作能力，隔日再透過影片確認船體沉沒。請繼續往下閱讀...中央司令部透過官方社群平台X公布這段16秒影片，畫面可見凱洛號遭飛彈擊中後濃煙密布，船體隨後劇烈傾斜，最終翻覆沉入阿曼灣。中央司令部在貼文中寫道：「感謝美軍官兵的精準打擊與專業表現，凱洛號今日已在阿曼灣沉沒，加入伊朗海軍在海底的行列。」美軍並指出，凱洛號當時為空載油輪，未裝載原油，且在發動攻擊前已要求船員棄船。在美軍此次鎖定的3艘伊朗油輪中，凱洛號是目前確認沉沒的唯一目標。另2艘分別位於哈格島（Kharg Island）近海的「道尼號」（M/T Downy），以及賈斯克（Jask）附近的「斯塔克1號」（M/T Stark 1），美軍通報均為「永久癱瘓」（permanently disabled）。伊朗革命衛隊則提出不同說法。印度《論壇報》（The Tribune）引述伊朗國營廣播（IRIB）報導，革命衛隊聲稱曾向美國航艦及驅逐艦發射多枚彈道飛彈，指稱美軍艦艇當時正在騷擾伊朗船隻並參與海上封鎖。美方則表示，航艦及驅逐艦成功避開多次攻擊，沒有美軍人員受傷。Thanks to the precision and professionalism of American service members, the M/T Kylo sank in the Gulf of Oman today and joined Iran’s navy at the bottom of the sea. pic.twitter.com/OwSDMl8SSQ— U.S. Central Command （@CENTCOM） September 6, 2026 Thanks to the precision and professionalism of American service members, the M/T Kylo sank in the Gulf of Oman today and joined Iran’s navy at the bottom of the sea. pic.twitter.com/OwSDMl8SSQ    ",https://news.ltn.com.tw/news/world/breakingnews/5564822
無恥！中方轉發中國公民獲救訊息 在尼泊爾軍人胸前加上紅色五角星,國際,2026/09/06 13:41,尼泊爾境內中籍男子獲救，中國百度搜索引擎竟在尼國軍人迷彩服胸前加上象徵共產黨的紅色五角星。（圖擷自百度）無恥至極！中國、尼泊爾邊境8月26日爆發世紀洪災，尼國9月5日和南韓搜救隊聯手救出受困在境內水電站隧道深處的中國籍男子陸海濤，沒想到中方轉發消息時，竟在尼國軍人迷彩服胸前口袋加上象徵共產黨的紅色五角星，被懷疑是想要收割救人的功勞。中國男子陸海濤獲救後，若在百度搜索引擎查看相關報導，可以看到《央視新聞》的影片預覽出現在第1欄，圖中幫忙攙扶陸海濤的尼泊爾軍人胸前赫然出現紅色五角星，若檢查百度搜索引擎其他影片預覽圖，可以發現都沒有紅色五角星，顯然並非平台的浮水印，而是特地加上的。請繼續往下閱讀...假如實際點進去《央視新聞》這段影片觀看，不難發現尼泊爾軍人胸前其實沒有紅色五角星；尼泊爾官方轉發給外媒的照片中，尼泊爾軍人胸前同樣沒有紅色五角星。目前尚不清楚百度搜索引擎為何刻意要給尼泊爾軍人加上紅色五角星，不過相關消息已在X平台上掀起討論，許多使用簡體字的網友直呼「不要臉」、「他們一直都在造謠，謠謠領先」；還有網友透露真的有中國人看到後以為是中國軍方救的，連忙發文歌功頌德，後續在其他人提醒下才知道臉丟大了。中國央視新聞影片可以看到尼國軍人迷彩服上沒有紅色五角星。（圖擷自央視新聞）尼泊爾官方轉發給外媒的照片中，尼泊爾軍人胸前沒有紅色五角星。（美聯社）    ,https://news.ltn.com.tw/news/world/breakingnews/5564804
太好運！朋友送彩券當生日禮物 美國男抱走3千萬大獎,國際,2026/09/06 13:07,美國伊利諾州男子生日收到朋友送的彩券，最後中了100萬美元。（美聯社）運氣太好了！美國伊利諾州布雷德伍德（Braidwood）1名男子，近來在生日派對上收到朋友送的彩券，沒想到最後中了100萬美元（約新台幣3168萬元）大獎。據《UPI》報導，這名幸運男子透露，他生日時太太幫忙辦了大型派對，期間有朋友送了幾張彩券當成禮物，其中的「Lotto Million 2」號碼為11、17、22、26、36、45，開獎後全部對中。請繼續往下閱讀...男子笑稱，他當時根本沒意識到自己中獎，而且其他朋友幫忙對獎也漏看了，說是只中了1000美元（約新台幣3.16萬元），那時自己就很開心了，後來帶著太太一起去領1000美元時，工作人員竟告知是100萬美元，讓妻子當場喜極而泣。男子透露，他會用這筆獎金支付每年去佛州探望家人的旅費，並打算購買1輛新車、1輛高爾夫球車，還會帶著太太、兒女搭乘郵輪紀念結婚40周年以及孩子們的生日。    ,https://news.ltn.com.tw/news/world/breakingnews/5564762
消失9年！「全球最大海龜」重返大馬海灘 產下44顆蛋,國際,2026/09/06 12:37,位於馬來西亞登嘉樓州的馬江海灘，日前有革龜上岸築巢產卵。（圖擷取自「Jabatan Perikanan Negeri Terengganu」臉書粉專）馬來西亞近日傳出一起振奮保育界的好消息，當地漁業局工作人員在海灘巡邏時，發現異常巨大的爬行痕跡，經確認後這些痕跡來自全球極度瀕危第一級保育類動物「革龜」（Leatherback sea turtle），還在海灘找到44顆龜蛋，目前已將所有蛋移送孵化場保護，這也是當地睽違9年有革龜上岸築巢。綜合外媒報導，馬來西亞登嘉樓州漁業局（Jabatan Perikanan Negeri Terengganu）2日在臉書粉專表示，工作人員1日在馬江海灘（Pantai Marang）時，發現寬度達2.1公尺的巨大爬行痕跡，進一步檢查後，又在現場發現一處海龜巢穴，裡面總計有44顆龜蛋，每一顆直徑約52毫米。經龜蛋大小及現場痕跡研判，漁業局相信這位神祕「訪客」是當地海灘自2017年後，多年未見的珍貴革龜。請繼續往下閱讀...報導指出，革龜是世界上體型最大的海龜，也是瀕危物種之一。漁業局對於此次發現欣喜不已，代表登嘉樓州海岸仍被這些巨大海洋生物視為安全產卵棲地，為了提高孵化成功率，所有龜蛋已被安全送往蘭道阿邦（Rantau Abang）的孵化場，預計再過7至9週就有機會迎接小海龜出生，屆時會再將牠們野放回大海。漁業局也呼籲大眾，共同維護海灘和海洋清潔，良好的環境才能守護珍貴的自然資產。另外，根據《1951年登嘉樓州海龜法令》規定，嚴禁任何買賣、持有所有種類海龜及其海龜蛋，以及騷擾海龜等行為，一旦罪名成立，違者可被處以5萬至25萬令吉（約新台幣39萬至195萬元）罰款，或判處1年有期徒刑。當地漁業局測量海灘上的巨大爬行痕跡，寬度達2.1公尺左右。（圖擷取自「Jabatan Perikanan Negeri Terengganu」臉書粉專）    ,https://news.ltn.com.tw/news/world/breakingnews/5564685
員工盜賣害「吉伊卡哇」活動喊停 日本藏壽司宣布打9折補償顧客,國際,2026/09/06 12:04,日本藏壽司8月21日至9月30日舉行「吉伊卡哇」聯名活動，卻因員工盜賣提前喊停。（圖擷自「@oricon_anime_」X帳號）日本藏壽司8月21日至9月30日和人氣動漫「吉伊卡哇」舉行聯名活動，孰料卻出現員工盜賣扭蛋獎品和相關贈品的事件，使得公司不得不提前喊停，並且今天（6日）、明天（7日）全品項打9折補償顧客。據《產經新聞》報導，日本藏壽司5日表示，經過調查後確認員工有不當行為，吉伊卡哇聯名活動於6日起全面取消，藏壽司衷心感謝消費者一直以來的支持，對於期待拿到獎品、贈品的顧客感到十分抱歉，今明2天所有餐飲都折扣10％。請繼續往下閱讀...日本藏壽司表示，活動下架物品包括扭蛋抽獎裡的吉伊卡哇吊飾公仔、徽章、磁鐵，以及贈送的茶杯、壽司盤、抽獎圍裙50件、2款聯名餐點，至於3間特色主題店的裝潢也會拆除。日本藏壽司指出，雖然電視上可能還會有廣告播放，但吉伊卡哇活動已經取消，提醒顧客別白跑一趟。    ,https://news.ltn.com.tw/news/world/breakingnews/5564684
習近平訪華府  中國學者吳心伯：美方制裁清單是重點議題,國際,2026/09/06 11:31,中國上海復旦大學國際問題研究院院長吳心伯。（中央社資料照）中國國家主席習近平預計9月下旬訪問美國，一個大型商業代表團據報將隨行。中國學者說，中方代表團此行基本以釋放合作意向為主，未必達成大額交易，而美方制裁清單是北京重點交涉議題。美國總統川普日前表示，習近平與妻子彭麗媛將於24日到訪華府，美方屆時將以國宴接待。路透社近日則引述消息人士報導，一個大型商業代表團將隨同習近平訪美，此舉部分目的是表明中國支持與美國建立投資和商業往來的意願，同時在期中選舉前為白宮提供一些潛在的經濟成果。請繼續往下閱讀...對於習近平訪美以及大型商業代表團將隨行的消息，中國政府目前為止都未宣布及證實，香港星島日報今天報導，上海復旦大學國際問題研究院院長吳心伯表示，目前尚未收到習近平將率商界代表團訪美的正式消息，「但相信具備可能性」。吳心伯告訴星島日報，經貿始終是中美雙邊關係的核心主線，川普5月曾率陣容豪華的企業代表團赴中國交流，此後中方也有商業代表團訪美，雙方都有意改善經貿合作。對於外界關注中國商界代表團此訪能否達成大規模交易，吳心伯分析，中美具備經貿合作基礎，例如中方有意採購美國農產品、波音飛機，美國也希望進口中國一些半成品設備，但「此訪大概率以釋放合作意向為主，未必會即時簽訂合約，將留待後續逐步跟進落地」。相較於外界聚焦稀土、農產品、關稅等議題，吳心伯認為，美方近期接連加碼制裁中國企業及機構，不僅將千餘家中國企業納入實體清單，還推出涉軍清單、科研機構限制清單，復旦大學等多所中國大陸科研院校也受波及，「相關打壓性質惡劣，將是中方重點交涉議題」。    ,https://news.ltn.com.tw/news/world/breakingnews/5564664
剛果婚禮遭惡火席捲 至少22人死亡,國際,2026/09/06 11:15,剛果民主共和國婚禮發生大火，至少有22人死亡。（美聯社）非洲剛果民主共和國首都金夏沙北部林瓦拉（Lingwala）地區，原本是要慶祝新人喜結連理的婚宴竄出惡火，從4日晚間燒到5日凌晨，至少有22人死亡。據《美聯社》報導，舉辦婚禮的場所起火後，驚慌逃命的賓客把狹窄走廊擠得水洩不通，死傷者被擺放在路旁，林瓦拉首長穆欣加（Norbert Mushinga）透露除了22人罹難之外還有多人受傷，且死亡人數可能還會上升。請繼續往下閱讀...剛果副總理兼內政部長沙巴尼（Jacquemin Shabani）5日上午視察火場時，坦言這是一場悲劇，至於起火原因尚未確定。金夏沙人口稠密的地區經常發生致命火災，因為這些地方通常都缺乏消防措施。    ,https://news.ltn.com.tw/news/world/breakingnews/5564665
自由說新聞》普廷見川普特使喊「推進戰場」！前CIA局長狠打臉曝俄軍慘況,國際,2026/09/06 11:15,全新的視界！新聞話題不漏接，快訂閱YouTube 【自由追新聞】，記得開啟小鈴鐺哦！    ,https://news.ltn.com.tw/news/world/breakingnews/5564679
烏克蘭準備開放這項產業！年收8億元 竟能買3萬架無人機,國際,2026/09/06 11:01,烏克蘭軍人操作偵察無人機；烏克蘭國會正推動色情產業合法化，估計增加的稅收可支付約3萬架無人機。（路透資料照）為替戰事籌措急需的軍費，烏克蘭國會正推動一項打破傳統禁忌的法案，考慮讓長年被視為非法的成人色情產業合法化。這項法案若獲通過，推動者估計每年可為烏克蘭增加2500萬美元（約新台幣8億元）稅收，相當於支付約3萬架無人機。據《華爾街日報》報導，烏克蘭目前法律禁止製作、散布與持有色情內容，最高可判7年徒刑。但龐大的成人地下經濟並未因此消失。主導修法的烏克蘭國會財政委員會主席熱列茲尼亞克（Yaroslav Zhelezniak）直言，現行制度陷入「悲喜劇」般的死結：稅務機關要求成人內容創作者繳稅，但一旦申報收入，卻可能留下涉及違法色情活動的證據；不申報則可能面臨逃漏稅指控。請繼續往下閱讀...英國成人平台OnlyFans母公司提供的數據顯示，2023年有7900名烏克蘭人在該平台賺取超過1.31億美元（約新台幣42億元）。在稅務機關取得相關資料後，許多創作者陸續收到補稅通知，有人每月收入超過2萬美元。熱列茲尼亞克據此推動法案，希望把地下產業納入合法經濟，同時降低執法人員利用色情禁令索賄的空間。對一個每年防衛需求高達1200億美元的戰時國家來說，2500萬美元並非龐大收入，但換算成軍事用途，這筆錢相當於約3萬架無人機的費用。熱列茲尼亞克認為，合法化不只能增加稅收，也可處理長年存在的地下產業與貪腐問題。烏克蘭OnlyFans創作者德沃爾尼科娃（Svitlana Dvornikova）住在接近前線地區，擁有約100萬名訂閱者。她去年遭警方搜索住家，被指控以色情內容牟利，警方並扣走一台筆電、隨身碟與約20萬美元現金。她表示，這筆現金原本是準備繳納稅款，甚至有警員要求她拿出一半現金作為賄賂，她予以拒絕。德沃爾尼科娃在2025年向總統澤倫斯基提出請願，主張政府不應把納稅的成人內容創作者視為罪犯。她表示自己已繳納約4000萬格里夫納、約90萬美元的稅款，認為這筆錢可以轉化為軍用皮卡或無人機。請願在一週內取得超過2.5萬個簽名，澤倫斯基隨後表示國會將考慮相關立法。留在烏克蘭工作的創作者也得在戰火中直播。西部城市利維夫有工作室以商業顧問公司名義運作，讓數十名女性向主要來自美國的客戶直播。她們必須透過手機App留意俄軍空襲警報，警報響起時便中斷工作、前往防空避難所。該工作室負責人認為，若產業合法化並擴大規模，將能增加政府稅收。目前，相關法案已在7月首次表決中獲得通過，正等待國會二讀。對德沃爾尼科娃而言，她的刑事案件目前暫停處理，被扣押的現金也已歸還；她仍持續在海外進行OnlyFans直播，在烏克蘭則刻意隱藏自己的另一個身分。    ,https://news.ltn.com.tw/news/world/breakingnews/5564642
台灣7旬翁走私5公斤冰毒在南韓落網 被判刑6年,國際,2026/09/06 10:58,台灣70來歲老翁託運5.1公斤冰毒，試圖從釜山金海國際機場入境南韓被捕。冰毒示意圖。（歐新社）台灣1名70來歲的老翁，今年3月託運5.1公斤冰毒，試圖從釜山金海國際機場入境南韓，結果當場被識破抓包，釜山地方法院如今判處他6年有期徒刑。據《韓聯社》報導，台灣7旬翁3月22日在柬埔寨飯店收到他人轉交的行李，內部藏有市價5.113億韓元（約新台幣1200萬元）的冰毒，他在柬國暹粒國際機場託運行李後，從越南河內轉機飛往南韓釜山，23日抵達金海國際機場試圖闖關被抓。請繼續往下閱讀...7旬翁受審時供稱他不知道裡面裝的是冰毒，並透露自己是透過朋友介紹認識了1名英國人，對方自稱是在國際貨幣基金組織（IMF）工作，希望老翁幫忙運送洗錢工具，完成後就可拿到100萬美元（約新台幣3168萬元）報酬。老翁說，他認為行李內裝的是安全權杖（Security token），亦即用來進行身分驗證、讓使用者可以存取電腦系統資源的硬體裝置。不過，7旬翁坦言自己曾看過新聞，知道不能幫其他人帶行李，因為裡面可能有違禁物品。釜山地方法院法官認為，7旬翁至少能預見行李內或許會有毒品，卻還是幫忙他人運輸，考慮到老翁否認犯罪毫無悔意、走私冰毒數量較大，因此判處6年刑期。☆少一份毒品就多一份健康，自由時報提醒您遠離毒品☆    ,https://news.ltn.com.tw/news/world/breakingnews/5564630
黃金獵犬搭大韓航空離奇慘死！「落地失聯2小時」飼主淚崩討真相,國際,2026/09/06 10:56,黃金獵犬「Bubble」搭機期間喪命，飼主痛心呼籲大韓航空公布真相。（本報合成，擷取自@jenn_jwww/Threads）大韓航空爆發寵物托運致死爭議。一名中國籍女飼主日前攜帶陪伴5年的黃金獵犬「Bubble」搭機，降落首爾後愛犬離奇失聯長達2小時，最後迎來的竟是壓在托運箱底座下的冰冷遺體。面對飼主索討真相，航空公司至今卻仍未給出合理解釋。該名飼主在社群平台以中、英文發文淚訴，她花費近4000美元（約新台幣12.6萬元）購買商務艙機票，並支付300美元（約新台幣9500元）的寵物托運費，帶著陪伴5年的情緒支援犬「Bubble」，從中國出發經首爾轉機前往洛杉磯，第一段短程因體型限制暫時安置於貨艙，預計第二段長程航線再一同進客艙。請繼續往下閱讀...她指出，Bubble過去多次搭機進客艙，擁有豐富的旅行經驗。此次航程飛行僅約3小時，降落首爾後她卻遲遲接不到狗，在機場焦急尋找2小時，才被通知愛犬已無呼吸，遺體更遭重壓在箱體底座下，死狀淒慘。飼主悲痛指出，愛犬離世後的火化費用甚至全由自己買單，她已正式向航空公司要求調閱監視器畫面、地勤交接日誌、員工報告、獸醫紀錄以及死亡證明等文件，但至今未獲得任何足以還原真相的關鍵資訊，更無專人出面交代由誰負責調查。她強調，自己公開此事並非為了金錢賠償，而是無法接受一隻健康的心理支持犬在下機後的關鍵2小時內離奇喪命。由於大韓航空至今尚未對外給出正式交代，大批心疼毛小孩的網友已灌爆大韓航空社群平台，要求還給Bubble與飼主一個公道。     在 Threads 查看    ,https://news.ltn.com.tw/news/world/breakingnews/5564635
想要還沒有？中媒笑「林肯號」船體鏽蝕 專家打臉：共軍巴不得有,國際,2026/09/06 10:44,"「林肯號」艦體大片鏽蝕，中媒譏笑是美國衰敗象徵，新加坡專家打臉，這種代表豐富實戰經驗的累積，反而是解放軍想要的。（美聯社）美國核動力航空母艦「林肯號」在經歷286天的漫長海上部署，2日終於駛入泰國林差曼港（Laem Chabang），展開為期5天的休整；由於長期部署，「林肯號」艦體可見大片鏽蝕斑塊，中國媒體譏笑是美國衰敗的象徵，新加坡安全事務學者許瑞麟（Collin Koh）打臉，這種代表豐富實戰經驗的累積，反而是解放軍想要的。「林肯號」創美軍當代連續航行紀錄後，2日抵達泰國修整，歷經長期部署，靠港時艦體可見大片鏽蝕斑塊，看起來至少需要重新上漆，「林肯號」艦長基勒指出：「這是長期部署的正常現象」，不過也坦言這艘航艦「看起來就像停車場裡1輛髒兮兮的車」。請繼續往下閱讀...中國媒體譏笑「林肯號」大片鏽蝕是美國衰敗的象徵，大外宣媒體《China pulse》在X平台PO出「林肯號」進港畫面表示，美國航空母艦船體遍布鏽蝕，表明其在長期服役過程中所承受的巨大壓力，稱「美軍的衰敗所帶來的影響比預期更快在蔓延」。新加坡拉惹勒南國際關係學院安全事務專家許瑞麟（Collin Koh）轉貼這篇貼文狠打臉表示，雖然鏽蝕是不受歡迎的，但它實際上代表了航艦及水兵進一步累積的實戰經驗——這正是解放軍海軍目前所急需的，他強調「我相信，中國人民解放軍海軍的規劃者們會樂於為類似的作戰收益而接受鏽蝕。」While the rust is undesirable, it actually represents the further accumulation of real combat experience for the carrier and crew - something that the PLA Navy is struggling to acquire. I'm sure PLA Navy planners would gladly take rust for similar operational gains. https://t.co/6t02SiBcHi— Collin Koh ???????????????? （@CollinSLKoh） September 2, 2026 While the rust is undesirable, it actually represents the further accumulation of real combat experience for the carrier and crew - something that the PLA Navy is struggling to acquire. I'm sure PLA Navy planners would gladly take rust for similar operational gains. https://t.co/6t02SiBcHi    ",https://news.ltn.com.tw/news/world/breakingnews/5564620
川普特使見普廷3小時！白宮首曝「實質計畫」數週內公布終戰下一步,國際,2026/09/06 10:40,俄羅斯總統普廷（右）5日在克里姆林宮與美國總統川普特使庫許納（左）會面，特使魏科夫（中）在旁。雙方會談超過3小時，白宮稱已討論結束俄烏戰爭的「實質計畫」。（路透）美國總統川普派出的特使魏科夫（Steve Witkoff）與川普女婿庫許納（Jared Kushner）5日在莫斯科與俄羅斯總統普廷（Vladimir Putin）會談超過3小時，白宮6日證實，雙方已討論結束俄烏戰爭的「實質計畫」，相關後續步驟預計在未來幾週公布。這場會談是川普政府近期重啟俄烏和平斡旋的一環。法新社報導，白宮官員表示，魏科夫與庫許納和普廷討論了推動戰事結束的下一步，相關安排將在未來幾週公布。請繼續往下閱讀...白宮說，兩名特使與普廷討論的是「後續步驟的實質計畫」，但沒有公布內容，目前也無法確認是否涉及領土、停火條件或其他和平安排。川普5日曾表示，兩名特使此行帶著「結束戰爭的方案」，但也沒有透露具體內容。俄羅斯方面沒有公布這項計畫的細節，也沒有宣布俄烏達成新的和平協議。這場會談持續超過3小時，但目前公開資訊仍未顯示雙方已就核心爭議取得協議。魏科夫與庫許納結束莫斯科行程後，預計前往基輔與烏克蘭總統澤倫斯基會面。這也是兩人自川普重返白宮後首次前往烏克蘭首都。法新社指出，川普派遣兩人前往莫斯科與基輔，是希望確認俄烏戰爭是否仍有推進和平談判的可能。就在美方特使展開斡旋之際，俄烏戰場仍持續遭到飛彈與無人機攻擊。澤倫斯基先前提出，美方特使訪問期間，烏克蘭可以停止空襲，並要求俄羅斯採取相同措施；俄方當時沒有立即回應。截至目前，白宮尚未公開所謂「實質計畫」的內容，俄方也沒有宣布新的和平協議；美方特使接下來    ,https://news.ltn.com.tw/news/world/breakingnews/5564628
日本岐阜20年蛋糕店驚傳砍人縱火案 釀2死3送醫,國際,2026/09/06 10:12,日本岐阜縣本巢市經營20年的蛋糕店SunRise（さんらいず）發生砍人縱火案，釀2死3送醫。（圖擷自Google街景）日本岐阜縣本巢市經營20年的蛋糕店「SunRise（さんらいず）」，5日晚間9時許有女性撥打110報案電話，驚慌指稱有人被砍傷且店內被潑汽油縱火，警方抵達後發現2人死亡，連忙將另外3名傷者送醫。據《產經新聞》報導，岐阜縣警方表示，SunRise蛋糕店為商住兩用的2層樓建築，起火時已過了營業時間，屋內共有店員、相關人士共11人，燃燒面積約300平方公尺。請繼續往下閱讀...SunRise在當地開業許久，位於樽見鐵道北方真桑車站西南方1.2公里處的住宅區，有店鋪官網和IG帳號展示自家商品並接受預訂，死傷者身分和詳細案情還有待釐清。    ,https://news.ltn.com.tw/news/world/breakingnews/5564592
怪颱「科羅旺」繞圈後將北轉直撲九州  日本多地出現強降雨,國際,2026/09/06 09:50,颱風「科羅旺」，預測未來將轉向東方移動後，再往北移動，未來可能朝九州移動。（圖擷取自日本氣象廳）輕颱「科羅旺」路徑詭異，各國路徑預測，未來「科羅旺」可能東移後轉彎向北，向日本九州前進，不過「科羅旺」在日本奄美群島與琉球群島「繞圈」移動多日，已為當地帶來強風大雨，颱風外圍環流與鋒面結合，也使得當地出現「線狀降水帶」。綜合日媒報導，日本氣象廳表示，受到位於本州南岸附近的秋雨鋒面及「科羅旺」颱風影響，九州南部等地從昨（8日）晚起持續有發展旺盛的雨雲籠罩，鹿兒島縣奄美地區已形成線狀降水帶，沖繩縣沖繩本島北部也發布了「線狀降水帶即將形成預測」的防災快訊。請繼續往下閱讀...目前在沖繩周邊南下的颱風「科羅旺」，預測未來將轉向東方移動後，再往北移動，未來可能朝九州地區而去，強度可能減弱為熱帶性低氣壓。日本氣象廳指出，除了「科羅旺」之外，還有另一個向北移動的熱帶性低氣壓，周邊暖濕空氣持續流入位於本州南岸附近的鋒面，大氣狀態極不穩定，本週東日本至西日本的太平洋沿岸一側可能將遭遇強降雨。今明兩天，除了九州南部及奄美地區之外，四國、近畿、東海、關東甲信地區、伊豆群島以及東北地區也可能出現強烈降雨。    ,https://news.ltn.com.tw/news/world/breakingnews/5564557
中國廣州商場餐廳14人食物中毒 1男孩命危,國際,2026/09/06 09:29,中國廣東省廣州市番禺天河城商場的港式餐廳「大家樂」，有14人食物中毒，其中1名13歲男孩命危。（圖擷自餐飲資訊平台OpenRice）中國廣東省廣州市「番禺天河城」商場的港式餐廳「大家樂」，8月28日晚間有顧客用餐後陸續出現食物中毒症狀，截至9月4日共有14人身體不適，其中12人送醫、1名13歲男孩命危。從中國微博多則文章可以看到，有家長透露小孩（13歲男孩）和同學在番禺天河城大家樂吃了義式肉醬吉列豬扒蛋炒飯，吃完2小時後都出現劇烈腹痛、嘔吐、腹瀉等症狀，經過初步治療仍沒有好轉，還發展為重度脫水、意識模糊並休克，隨後緊急轉入番禺中心醫院兒科加護病房，院方下達了病危通知書。請繼續往下閱讀...廣州番禺區市場監管局5日表示，執法人員和疾管署2日已前往醫院調查，同日也對事發門市進行現場檢查，要求業者立即全面消毒殺菌，並對其食品加工流程提出改善建議，至於檢驗結果尚未出爐。大家樂品牌負責人指出，番禺天河城店面已自主停業整頓，目前初步懷疑是雞蛋受到污染，公司將調整食材供應方式，並對旗下所有門市的餐飲製作、環境衛生等方面嚴格管理。    ,https://news.ltn.com.tw/news/world/breakingnews/5564575
普廷與川普特使會談3小時 克宮：美方提出若干止戰構想,國際,2026/09/06 09:15,俄羅斯總統普廷（右）在克里姆林宮接見美國總統川普的女婿庫許納（左一）和美國總統特使魏科夫（左二）。（歐新社）俄羅斯總統普廷今天在克里姆林宮與美國特使庫許納和魏科夫會談約3小時至深夜；克宮表示，雙方進行了「極為坦誠」的會談，美方並就如何結束俄烏戰爭提出「若干構想」。法新社報導，克里姆林宮幕僚鄂夏柯夫（Yuri Ushakov）告訴記者：「美國代表為此行做了充分準備。」請繼續往下閱讀...鄂夏柯夫指出：「他們不僅再次表達希望戰事盡快結束的立場，還提出一些促成解決方案的可能途徑。」他說：「這次對話具有建設性，極為坦誠，雙方彼此信任。俄方對實現既定目標抱持信心。」路透社報導，普廷（Vladimir Putin）讚揚美國總統川普（Donald Trump）致力結束持續約4年半的俄烏戰爭。川普昨天暗示，美方已提出一項旨在結束這場戰爭的新方案，但未進一步說明細節。普廷指出，儘管川普知道自己正面臨艱難局勢，「他依舊不斷努力，協助促成解決方案，為化解俄烏衝突做出貢獻」。俄羅斯國營媒體報導，這次會談持續約3小時，於莫斯科晚間11時過後結束，並公開美方車隊離開克里姆林宮的畫面。如同過去的會談，陪同在普廷身旁的是他的外交政策顧問鄂夏柯夫及投資事務特使德米崔耶夫（Kirill Dmitriev）。兩人也在機場迎接兩名美國特使，接著帶他們前往餐廳，再陪同他們赴克里姆林宮。克里姆林宮發言人培斯科夫（Dmitry Peskov）表示，普廷已下令軍方，自今天午夜起不得攻擊烏克蘭首都基輔3天。庫許納（Jared Kushner）和魏科夫（Steve Witkoff）接下來將前往基輔。烏克蘭總統澤倫斯基（Volodymyr Zelenskyy）說，他已與預計明天訪問基輔的兩位美國特使通話，且烏軍本月7日前也不會對莫斯科發動攻擊。普廷在會談開場致詞時也提到，烏克蘭近期對俄羅斯的攻勢強度有所減弱，並承諾確保美方談判代表的人身安全。不過他也指出，俄方尚未同意實施更廣泛的3天停火。（編譯：洪培英）1150906    ,https://news.ltn.com.tw/news/world/breakingnews/5564529
希臘F-4戰機起飛後突墜毀 機上兩飛官當場身亡,國際,2026/09/06 08:11,"希臘空軍一架F-4戰機在航展期間墜毀，機上兩人當場死亡，航展也被迫取消。（路透）希臘空軍一架F-4幽靈式戰機5日在雅典郊外一處航空展中墜毀，機上兩名飛行員沒有跳傘，當場死亡。綜合外媒報導，希臘官員表示，雅典北部的塔納格拉基地（Tanagra air base）5日舉行航展，不過有一架F-4幽靈式戰機在起飛後不久就失去動力墜毀，且戰機在墜地後立即爆炸，由於機上兩名飛行員沒有彈射逃生，研判當場死亡。請繼續往下閱讀...在戰機墜毀後，多架消防飛機被派往撲滅墜機引發的大火，同時一架消防直升機也向火焰灑水滅火。官員指出，這架F-4戰機在機場外兩公里處墜毀，除了飛行員身亡之外，並沒有圍觀者傷亡的消息。墜機原因目前不明，希臘當局也尚未立即公佈事故原因的更多細節，而事故發生後，航展已被取消。希臘國防部長登迪亞斯（Nikos Dendias）也取消了原定行程，前往了解狀況。???? FULL VIDEO: The moment a Hellenic Air Force F-4E Phantom II crashed during a solo display at Athens Flying Week in Tanagra, Greece.The footage captures the aircraft’s final maneuver before impact.No parachutes were visible in the immediate aftermath. The condition of the… pic.twitter.com/kUKXUIzgzR— XPRESS （@Xpress_24_7） September 5, 2026 ???? FULL VIDEO: The moment a Hellenic Air Force F-4E Phantom II crashed during a solo display at Athens Flying Week in Tanagra, Greece.The footage captures the aircraft’s final maneuver before impact.No parachutes were visible in the immediate aftermath. The condition of the… pic.twitter.com/kUKXUIzgzR    ",https://news.ltn.com.tw/news/world/breakingnews/5564551
攻擊影片曝光！美軍出手癱瘓3艘油輪 反制伊朗彈襲航艦,國際,2026/09/06 07:42,"美軍部隊9月5日攻擊3艘伊朗油輪。（圖擷取自中央司令部官方「X」）美國與伊朗關係緊繃，雙方持續交火，美國中央司令部（CENTCOM）部隊9月5日攻擊3艘伊朗油輪，藉此回應伊朗伊斯蘭革命衛隊（IRGC）日前針對兩艘美軍軍艦發射彈道飛彈。中央司令部也將美軍癱瘓油輪的影片公開上網。中央司令部表示，在伊朗攻擊美軍航艦與驅逐艦的行動失敗後，美軍永久癱瘓了革命衛隊的油輪「M/T Downy」、「M/T Stark 1」，以及位於阿曼灣的油輪「M/T Kylo」。美軍在油輪船員按照指示棄船後，攻擊油輪多個關鍵部位，使其無法運作。請繼續往下閱讀...中央司令部司令庫柏上將（Adm. Brad Cooper）表示：「給革命衛隊的訊息很清楚，如果你們朝我們2艘軍艦開火，我們就會讓你們付出更高的經濟代價，處理你們3艘船。我們會毫不猶豫地保衛美軍；如有必要，也會摧毀伊朗有限且暴露在外的石油船隊。」“Let the message to the IRGC be clear: If you shoot at two of our ships, we will impose an even higher economic cost —taking out three of yours. We will not hesitate to defend American forces, and if necessary, destroy Iran’s limited and exposed oil fleet.” — Adm. Brad Cooper,… pic.twitter.com/UGGcSGsUtd— U.S. Central Command （@CENTCOM） September 5, 2026 “Let the message to the IRGC be clear: If you shoot at two of our ships, we will impose an even higher economic cost —taking out three of yours. We will not hesitate to defend American forces, and if necessary, destroy Iran’s limited and exposed oil fleet.” — Adm. Brad Cooper,… pic.twitter.com/UGGcSGsUtd    ",https://news.ltn.com.tw/news/world/breakingnews/5564537
距期中選舉60天 北卡郵寄投票開跑,國際,2026/09/06 05:30,美國北卡羅來納州四日率全美之冠，成為第一個寄發今年十一月期中選舉選票的州。圖為賓州初選的郵寄選票。（路透檔案照）在美國總統川普執意對「郵寄投票」（mail-in voting）設限並為此大打法律戰的陰影下，北卡羅來納州四日成為全美第一個授權寄發十一月期中選舉選票的州，其他各州稍後也將陸續跟進。專家預測顯示，目前均由共和黨人控制的國會參眾兩院中，全院改選的眾議院有八成機率變天，即民主黨可望光復眾院成為多數黨。川普今年三月簽署行政命令以便在今年期中選舉時對郵寄投票設限，宣稱郵寄選票容易導致舞弊；此行政命令遭民主黨執政州組成的聯盟提告，指稱根據憲法，選舉行政權在各州而非聯邦政府；聯邦地區法院法官塔爾瓦尼因此發出暫時禁制令，禁止美國郵政管理局（USPS）執行川普的行政命令；川普政府上訴最高法院，要求撤銷塔爾瓦尼的暫時禁制令。塔爾瓦尼四日裁定延長上述禁制令，川普政府當天稍後再次上訴。請繼續往下閱讀...根據川普簽署的行政命令，各州必須透過一個新的聯邦入口網站，向USPS提供符合郵寄投票資格的選民名冊；寄送選票的信封必須要有獨立條碼與其他特定設計，USPS有權拒絕投遞信封設計不符規定的選票。川普行政命令限制 來不及作業近三分之一美國選民採用郵寄投票，選務官員直言，沒有足夠時間根據行政命令來做調整；由於時間緊迫，如此重大變革就算提前二到四年通知都不見得辦得到。此外，美國康乃爾大學研究人員三日在美國政治學會年會上發表對今年期中選舉結果的預測，根據使用一個此前曾正確預測十四場國會選舉結果的模型進行模擬，結果發現，民主黨有八成機率拿回眾院主控權，在四三五席的眾院中拿到過半的約二二六席（最差二〇六席，最佳二五八席），共和黨二〇九席。    ,https://news.ltn.com.tw/news/world/paper/1769522
"中英對照讀新聞》CDs make a comeback, boosting US recorded music revenue CD銷售回升，提高美國錄製音樂營收",國際,2026/09/06 05:30,"CD與黑膠唱片成為近年消費者購買音樂的熱門選項。（路透）◎林家宇A resurgence in CD demand helped power a nearly 7% increase in ​U.S. recorded music revenue in the ‌first half of 2026, the Recording Industry Association of America said on Tuesday.美國唱片業協會公布，對CD重新燃起的需求，使2026年上半的美國錄製音樂營收成長近7％。請繼續往下閱讀...The jump ​underscores growing consumer interest in retro ​music formats, building on the revival ⁠of vinyl that has pushed more ​artists to release albums on the medium.這波收益成長凸顯消費者對復古音樂載體的興趣與日俱增，延續此前黑膠唱片的復興趨勢。黑膠重新流行已促使更多藝術家推出黑膠專輯。Physical music revenue jumped 25.9% to $731.5 million, ‌driven ⁠by a 58.6% increase in CD revenue and a 17.7% increase in vinyl revenue.受CD收益增長58.6％以及黑膠營收增加17.7％推動，實體音樂營收躍升25.9％，達到7.315億美元。The results point to a ""healthy, diversified marketplace"" ​supporting continued investment in artists and ​new ⁠ways for audiences to experience music, RIAA VP of Research Matt Bass said.美國唱片業協會研究副總馬特．巴斯表示，這些結果顯示出一個健康、多元的市場正支持著持續投資藝術家，以及聽眾體驗音樂的新方式。新聞辭典resurgence：名詞，復興、復甦。例句：Retro fashion always makes a resurgence from time to time.（復古時尚總是時不時重新流行起來。）revenue：名詞，收益、收入。例句：This revolutionary product will boost the company’s revenue significantly.（這項革命性的產品將大幅提升公司營收。）    ",https://news.ltn.com.tw/news/world/paper/1769510
川普特使再出發 重推烏俄和平,國際,2026/09/06 05:30,美國總統川普特使魏科夫（左一）、庫希納（左二）5日抵達莫斯科，俄羅斯總統普廷特使德米崔耶夫（右一）在機場親自迎接。（路透）庫希納、魏科夫訪莫斯科、基輔美國總統川普特使庫希納、魏科夫於五、六日分別訪問俄羅斯與烏克蘭，重新推動因二月美國、伊朗衝突中斷的烏俄和平進程。川普表示，兩人會帶著「終結戰爭的計畫」前往。 俄國總統普廷在兩人抵達莫斯科後，下令俄軍自午夜起暫停對基輔的軍事打擊七十二小時。克里姆林宮證實，普廷稍晚將與兩人會面。普廷下令停火72小時華盛頓郵報四日報導，美國中情局（CIA）局長雷克里夫上月底密訪莫斯科，當時他警告俄方，莫斯科的態勢可能在半年至一年時間進一步惡化，敦促俄國回到談判桌。一位官員向華郵指出，美方試圖讓俄國人明白，「烏克蘭不會放棄頓巴斯，繼續攻擊並無好處」。請繼續往下閱讀...然而，雷克里夫此行未能說服普廷停戰，反而更堅定他求勝決心。據烏國情報揭示，克宮正在醞釀升高衝突的計畫。烏國總統副幕僚長帕利沙提到，普廷下令俄軍為數個軍事行動情境做好準備，目標是在烏國北部發動攻勢，基輔和切爾尼戈夫被視為關鍵區域。華郵引述莫斯科商界領袖觀點，克宮認為繼續作戰數個月對俄羅斯及其經濟尚不構成問題，對烏克蘭來說卻是巨大困境。俄目標拿下頓內茨克路透五日也指出，親近克宮的一名消息人士透露，普廷「在完成奪取頓內茨克地區剩餘領土之前，不可能就前線問題達成協議」，普廷根據指揮官的報告，對年底前實現這一目標充滿信心。庫希納與魏科夫過去數月分別與烏俄溝通，但收效甚微。美方提出舉行美烏俄三方領袖會談，尋求和平突破的提議也遭普廷回絕。澤倫斯基也暫停打擊為保障美國特使安全無虞，烏克蘭總統澤倫斯基同意暫停打擊俄羅斯，並要求俄方比照辦理。澤倫斯基期盼與兩名特使的對話具有實質效果，「我們會瀏覽美方帶來的提案，以及莫斯科給出的回應」。美國特使出訪前夕，一架俄國無人機四日襲擊烏克蘭安全局（SBU）位於基輔的總部，造成十二人受傷。澤倫斯基指出，該架無人機刻意鎖定安全局局長辦公室。代理局長波克拉德已向他列出回應俄方攻擊的潛在目標。烏國外交部長西比哈斥責此次襲擊是對情勢的「重大升級」，徹底顯露出莫斯科拒絕外交解決的態度。戰事無果 俄財政沉重俄軍在烏克蘭戰場的推進幾乎停滯，財政壓力沈重。截至七月底，赤字已達到七四四億美元，約佔國內生產毛額（GDP）二．八％，遠遠高出政府預估的全年一．六％赤字。然而，普廷反倒加強對烏克蘭的空襲力道，使用飛彈和噴射無人機鎖定水、電基礎建設和超市、糧倉等目標，認為猛烈的轟炸行動可迫使缺少愛國者防空系統的基輔在冬季屈服，答應俄方的關鍵領土索求。位於烏克蘭基輔的安全局總部4日才遭俄國無人機鎖定襲擊。（路透）    ,https://news.ltn.com.tw/news/world/paper/1769519
亞美尼亞、阿塞拜然去年和解 輝達晶片立大功,國際,2026/09/06 05:30,美國去年促成亞美尼亞與亞塞拜然簽署和平協議，據稱與美國承諾讓亞美尼亞取得輝達先進晶片有關。圖為去年八月八日亞塞拜然總統阿利耶夫（左）、美國總統川普（中）以及亞美尼亞總理帕辛揚在美國白宮的簽署儀式上握手。（彭博檔案照）華爾街日報四日獨家披露，根據曾參與談判人士的說法，美國去年之所以能南高加索地區長年宿敵亞美尼亞與亞塞拜然達成初步和平協議，全拜承諾讓亞美尼亞取得輝達（NVIDIA）人工智慧（AI）晶片所賜。此為美國「晶片外交」中最引人注目的案例之一。報導指出，美國以擴大核准亞美尼亞資料中心的晶片採購計畫，作為讓亞美尼亞願意參與和談的誘因。川普政府此前雖也曾在與阿拉伯聯合大公國以及沙烏地阿拉伯磋商協議時打AI硬體牌，但亞美尼亞卻是第一個已知的成功案例，也深化白宮與全球晶片設計龍頭輝達的關係。請繼續往下閱讀...美國外交官員透露，根據美國談判團隊的評估，對亞美尼亞總理帕辛揚而言，單純解決「雙亞」衝突的政治代價過高；華府若能讓亞美尼亞與美國有更緊密的經濟關係，亞美尼亞會更可能同意和平協議。談判知情人士說，更緊密的經濟關係就包括授權在亞美尼亞銷售更強大的輝達晶片。亞美尼亞資料中心上月剪綵包括時任美國駐亞美尼亞大使克維恩在內的多名美國外交官，去夏力促以科技為吸引亞美尼亞接受和平協議的誘因，並為此與美國商務部官員會面，要求核准此前未允許亞美尼亞取得的最先進輝達AI晶片。上月，包括帕辛揚在內的區域領袖，以及輝達與戴爾等企業高層，聯袂出席在靠近亞塞拜然邊界的亞美尼亞城市赫拉茲丹市的大型資料中心「火鳥」（Firebird）的剪綵儀式。「火鳥」計畫預計將斥資超過五十億美元，開發商計劃在明年底前部署七萬台輝達最新AI伺服器，包括Grace Blackwell與Vera Rubin。帕辛揚當時稱該資料中心是「重大成就」，並歸功川普去年簽署的一項深化美、亞兩國科技貿易關係的諒解備忘錄（MOU）協助促成該計畫。「雙亞」自前蘇聯解體以來就為爭奪納戈爾諾．卡拉巴赫地區（Nagorno-Karabakh，簡稱納卡區）的主權而衝突不斷。納卡區位於國際承認的亞塞拜然境內，但長年由亞美尼亞裔實際掌控。    ,https://news.ltn.com.tw/news/world/paper/1769521
五角大廈查洩密 聯參部50高層測謊,國際,2026/09/06 05:30,美國媒體披露，戰爭部長赫格塞斯（左）下令對約五十名聯合參謀部高階官員進行測謊，調查是誰洩漏美軍武器庫存短缺機密。不過，參謀首長聯席會議主席凱恩（右）將軍並不在其中。（法新社）美國紐約時報與哥倫比亞廣播公司新聞（CBS News）四日報導，美國戰爭部調查人員八月對約五十名聯合參謀部軍官及文職人員實施測謊，調查向媒體洩漏機密資訊的情事，內容涉及美軍在伊朗戰事中關鍵彈藥庫存減少。知情人士表示，調查人員詢問受測者是否向媒體披露機密，以及是否提供長程飛彈、愛國者攔截飛彈等武器庫存資訊。由於相關資料僅少數人能接觸，官員擔心洩密者甚至可能與外國情報機構有關。請繼續往下閱讀...調查彈藥庫存減少洩密 非全員受測聯合參謀部約有一千五百至二千名軍官及官員，負責協調各作戰司令部的軍事行動、政策與戰爭計畫。退役海軍少將古特表示，在如此廣泛及高階層級測謊，「前所未見」。CBS報導，兩名消息人士表示，受測人員全都通過測謊，但並非所有高階軍官都接受測試，參謀首長聯席會議主席凱恩即未受測。總統川普對洩密事件不滿。戰爭部長赫格塞斯去年七月宣布五角大廈與司法部成立聯合專案小組，調查並起訴涉嫌向媒體洩密人員。五角大廈發言人表示，當局不評論內部調查，但對國安機密外洩「極為嚴肅」。紐時指出，洩密調查加劇五角大廈內部的不信任與緊張氣氛。赫格塞斯任內已有多名高階軍官及官員遭撤換或阻擋升遷。共和黨參議員提利斯更批評赫格塞斯管理無能，呼籲撤換，但川普仍稱赫格塞斯表現非常出色。赫格塞斯過去也曾以測謊威脅軍方高層。二〇二五年，在媒體報導他曾為馬斯克安排中國相關機密簡報後，赫格塞斯曾怒斥時任參謀首長聯席會議代理主席格雷迪，威脅要將他送上測謊機；時任聯參部主任西姆斯也曾遭類似威脅。兩人後來均未接受測謊。    ,https://news.ltn.com.tw/news/world/paper/1769523
中斷近10年 美柬軍演明年恢復,國際,2026/09/06 05:30,柬埔寨軍方四日宣布，將恢復與美國的「吳哥哨兵」聯合軍演，這項軍演曾連續舉辦七年，直至二〇一七年初柬國宣布取消。圖為二〇一〇年柬國時任總理韓森（左）視察軍演。（法新社）柬埔寨軍方宣布重啟「吳哥哨兵」柬埔寨軍方四日宣佈，將於明年初恢復與美國的聯合軍事演習「吳哥哨兵」（Angkor Sentinel）；這項聯合軍演中斷將近十年後重啟，意味著兩國就化解彼此歧見，包括柬國與中國的密切政經關係，已有進展。柬埔寨王家陸軍在臉書表示，柬美已同意於二〇二七年二月舉行軍演，旨在協同行動和災害應變能力，並反映雙邊軍事合作新動能。此前演習曾連續舉辦七年，直至二〇一七年初柬國宣布取消，而前一年柬國才首度與中國舉行「金龍」聯合軍演。請繼續往下閱讀...關切中國勢力 美增訪雲壤基地柬美近期舉行數輪高層國防等官員會面，盼修補關係。美方尤為關切中國在柬國雲壤海軍基地的軍事存在，擔憂該基地成為中國在南海附近的第一個區域軍事前哨，破壞勢力平衡。北京大力協助柬國升級該基地，美方懷疑中方獲取特殊使用權，但柬方多次否認。美國亦長期批評柬國人權紀錄，指責當局利用法律打壓異議。美國戰爭部政策次長柯伯吉上月訪問柬埔寨，與總理洪馬內及國防部長狄西哈會談，討論國防合作與恢復軍演。據報導，美方也願增加對雲壤基地的訪問。洪馬內對柬美關係正面發展表示滿意，強調聯合演訓不僅提升軍力，更是兩國軍隊友好的橋樑。美國太平洋艦隊司令柯勒八月初亦訪柬，雙方表示將恢復同於二〇一七年中斷的雙邊「海上戰備暨訓練聯合演習」（CARAT）。政經諮詢公司「鮑爾亞洲集團」柬埔寨政策分析師波拉柴指出，這是重大務實的關係調整，先前美國的武器禁運未能阻止中國影響力擴張。美國亞利桑那州立大學教授、柬埔寨裔美籍學者伊爾認為，美國目標並非「贏回柬埔寨」，而是防止柬國戰略上獨厚中國，這是更可達成的目標。他指出，過去幾年美柬疏離，反使柬國僅剩中國軍事合作選項，華府顯然認為，交往比孤立更能限制中國在柬國的戰略主導地位。    ,https://news.ltn.com.tw/news/world/paper/1769520
尼泊爾洪災第10天 奇蹟再現,國際,2026/09/06 05:30,尼泊爾軍方與韓國專家組成的聯合救援隊，5日從翠蘇里1號水力發電廠計畫長達225公尺的隧道中，成功救出一名49歲的中國籍男子陸海濤。（美聯社）尼泊爾洪災後第10天，由尼泊爾軍方與韓國專家組成的聯合救援隊，5日從翠蘇里1號水力發電廠計畫長達225公尺的隧道中，成功救出一名49歲的中國籍男子陸海濤。他由救難人員攙扶出隧道，隨即由直升機後送醫院，目前狀況穩定。昨日另一處翠蘇里3A水力發電廠隧道也救出兩人。當局指出，全國12處水力發電計畫仍有約900名工人失蹤，其中約500人據信受困隧道。此外，救難人員也在努瓦科特鎮一處滿地泥濘的倒塌房屋內，尋獲一名生還女性，她隨後被空運至首都加德滿都治療。（國際新聞中心）救難人員也在努瓦科特鎮一處滿地泥濘的倒塌房屋內，尋獲一名生還女性。（法新社）    ,https://news.ltn.com.tw/news/world/paper/1769525
新版世界地圖改「等積投影」非洲變大了,國際,2026/09/06 05:30,一名小販在非洲國家蒲隆地的最大城市布松布拉的街上販售非洲地圖。聯合國大會四日通過決議，將採用以「等積投影」法繪製的世界地圖，更加忠實呈現非洲國家的面積佔比。（路透檔案照）聯合國大會四日通過一項決議案，採用二〇一八年推出的「等積投影」法世界地圖，逐步替換自十六世紀以來主流的「麥卡托投影」法。以等積投影描繪的地圖擴大非洲大陸的面積占比，更加符合真實地理面貌。由多哥代表非洲聯盟提出的決議案，獲得一六四個會員國同意，另有六票棄權。唯一投下反對票的美國認為此決議案屬於 激進的意識形態計畫」，分散了對國際和平、繁榮和良好關係等真切議題的注意力。請繼續往下閱讀...麥卡托投影 高緯度比例失真麥卡托投影法為一五六九年法蘭德斯（現今位於比利時北部）製圖師麥卡托，設計用於協助海洋導航的繪圖技術，直到當代仍被多數視為全球標準。依據麥卡托投影繪製的世界地圖大幅縮減赤道周邊區域，並放大高緯度地區比例。例如非洲的面積是格陵蘭的十四倍，地圖上呈現出的大小卻相近。多哥外交部長杜西在投票前的演說中表示，是否採用新繪圖法的討論並非政治，而是科學議題，「一個公正的世界始於一張公正的地圖」。由於聯合國大會決議案不具強制力，各國政府和機構不會被強制要求禁止麥卡托投影地圖。但在全球透過表決展現的高度共識下，預料會對學校教育和日常科技產生顯著變化。共同提案支持新地圖的法國外交部四日宣布，法國將放棄使用麥卡托投影。杜西提到，該國的地理課本會率先在今年做出改變，並敦促他國政府、學校、國際組織和科技公司響應。多哥政府聲明強調，這項決議不會對適合麥卡托投影的海、空導航領域造成困擾。    ,https://news.ltn.com.tw/news/world/paper/1769524
規範致命自主武器邁出重要一步　聯合國就文本達成共識,國際,2026/09/06 05:06,128個聯合國成員國今天就一份定義「致命自主武器系統」（LAWS）的文本達成共識，朝著討論制定規範這類武器的國際條約邁出重要一步。法新社報導，這份文本目前尚未公開，但關注協商進展的倡議團體已批評主要國家在相關議題上行動遲緩；批評人士稱LAWS為「殺手機器人」。請繼續往下閱讀...荷蘭外交部長柏倫琛（Tom Berendsen）今天宣布，有128個國家達成協議。荷蘭負責主持相關磋商。目前已有國家正研發及使用能在無人介入下，自主選擇目標並進行打擊的武器。然而，紅十字國際委員會（ICRC）透過聲明警告：「不加以約束自主武器系統的研發及使用，將帶來嚴峻的法律、道德及人道挑戰。」紅十字國際委員會與多個倡議團體均呼籲，各國應制定具法律約束力的國際規範，限制並規範這類武器的使用。制止殺手機器人運動（Campaign to Stop Killer Robots）執行長范羅伊恩（Nicole van Rooijen）指控美國、俄羅斯及其盟友試圖削弱這份共識文本。日內瓦慈善團體Lex International也批評部分國家的立場，並稱美國、俄羅斯、印度和以色列是相關談判的主要反對者。聯合國成員國將於11月舉行的「特定傳統武器公約」（CCW）會議上決定，是否推動制定規範這類武器的國際條約。（編譯：洪培英）1150906    ,https://news.ltn.com.tw/news/world/breakingnews/5564526
伊朗西部油罐車交通事故引發爆炸　至少10死6傷,國際,2026/09/06 04:12,伊朗國營媒體今天指出，一輛油罐車在西部公路上因交通事故爆炸，導致至少10人喪命，另有6人受傷。伊朗國營媒體報導，薩南達治（Sanandaj）首長表示，這輛油罐車當時行駛在連接哈梅丹（Hamedan）與薩南達治的公路上，因剎車系統技術故障而發生事故。請繼續往下閱讀...這名首長說，事故現場火勢已獲控制，另有6人受傷。（編譯：洪培英）1150906    ,https://news.ltn.com.tw/news/world/breakingnews/5564524
美特使會見普丁磋商俄烏止戰　擬6日訪基輔,國際,2026/09/06 03:36,俄羅斯總統普丁今天在克里姆林宮與美國特使庫許納和魏科夫展開會談，討論如何結束已持續逾4年的俄烏戰爭；兩位美國特使預計明天首次訪問烏克蘭首都基輔。法新社報導，俄羅斯電視台（Russian TV）播出的畫面顯示，普丁（Vladimir Putin）在克里姆林宮熱烈歡迎庫許納（Jared Kushner）與魏科夫（Steve Witkoff）來到莫斯科。請繼續往下閱讀...普丁坦言，當前局勢相當艱難，不過「在我們開始處理這個問題前，我希望請大家向美國總統川普（Donald Trump）致上最誠摯的問候和感謝之意」。根據彭博（Bloomberg News），普丁指出，將與庫許納和魏科夫討論這場衝突的所有面向。路透社報導，普丁告訴兩位美國特使，莫斯科與華府之間的接觸向來有益，俄方也認為與兩人合作相當順利。他還強調，俄羅斯會盡全力確保調解人員的安全。烏克蘭與俄羅斯均承諾，在為期3天的協商期間，不會攻擊對方首都。烏克蘭總統澤倫斯基（Volodymyr Zelenskyy）稍早表示，他已與庫許納和魏科夫通話，並預期他們明天將抵達基輔進行訪問。（編譯：洪培英）1150906    ,https://news.ltn.com.tw/news/world/breakingnews/5564522
希臘F-4戰機墜毀兩飛官身亡　防長赴事故現場,國際,2026/09/06 02:36,希臘雅典通訊社（ANA）報導，希臘空軍一架F-4幽靈式戰機今天在雅典郊外一處基地參加航空展時墜毀，機上兩名飛官罹難；希臘國防部長取消原定行程，趕赴事故現場。當地媒體指出，墜機原因尚不明朗，不過機上兩名飛官並未彈射逃生。請繼續往下閱讀...希臘廣播電視公司（ERT）一名在場記者表示，這架戰機剛起飛就突然失去高度並墜毀。戰機墜落地面後立刻發生爆炸，當時有數以千計群眾正觀賞一年一度的「雅典飛行週」（Athens Flying Week）。根據ERT報導，數架消防飛機已被派往現場，以撲滅墜機引發的大火。航空展已取消，希臘國防部長鄧迪亞斯（Nikos Dendias）也中止前往第撒隆尼基國際博覽會（Thessaloniki International Fair）的行程，趕赴事故現場。（編譯：洪培英）1150906    ,https://news.ltn.com.tw/news/world/breakingnews/5564513
烏情報揭示普廷醞釀升高衝突 鎖定烏國北部發動攻勢,國際,2026/09/05 22:49,烏克蘭總統副幕僚長帕利沙（Pavlo Palisa）向媒體提到，俄國總統普廷下令俄軍為數個軍事行動情境做好準備。示意圖。（美聯社）美國總統川普特使庫希納、魏科夫於5、6日分別訪問俄羅斯與烏克蘭，重新推動因二月美國、伊朗衝突中斷的烏俄和平進程。烏克蘭則始終對俄羅斯總統普廷的和平意願抱持懷疑態度。據烏國情報揭示，克里姆林宮正在醞釀升高衝突規模的計畫。烏克蘭總統副幕僚長帕利沙（Pavlo Palisa）向媒體提到，普廷下令俄軍為數個軍事行動情境做好準備，目標是在烏國北部發動攻勢，基輔和切爾尼戈夫被視為關鍵區域。請繼續往下閱讀...美國新聞網Axios報導，美國中央情報局（CIA）局長雷克里夫（John Ratcliffe）才在上月底密赴莫斯科，與俄國情報、安全官員會晤，試圖了解俄羅斯總統普廷是否有意尋求外交途徑解決衝突。庫希納與魏科夫過去數月分別與烏俄溝通，但收效甚微。美方提出舉行美烏俄三方領袖會談，尋求和平突破的提議也遭普廷回絕。    ,https://news.ltn.com.tw/news/world/breakingnews/5564467
華郵：普廷猛轟烏克蘭基礎設施 迫使基輔在冬季屈服,國際,2026/09/05 22:48,俄國總統普廷。（法新社）華盛頓郵報報導，美國中央情報局（CIA）局長雷克里夫密訪俄羅斯後，俄國總統普廷卻加強對烏克蘭的空襲力道，使用飛彈和噴射無人機鎖定水、電基礎建設和超市、糧倉等目標。認為猛烈的轟炸行動，可迫使缺少愛國者防空系統的基輔在冬季屈服。俄軍在烏克蘭戰場的推進幾乎停滯，財政壓力則如雪球般越滾越大。截至7月底，赤字已達到744億美元，約佔國內生產毛額（GDP）2.8%，遠高出政府預估的全年1.6%赤字；雷克里夫當時警告俄國情報高層，莫斯科的態勢不若先前強勢，且可能在半年至一年時間進一步弱化，升高戰況或許會產生反作用力，敦促俄方重返談判桌。請繼續往下閱讀...俄羅斯領導層認為，只要轟炸基輔周邊的能源基礎建設和供水設施，便能使民眾的不滿達到極限，驅使烏國政府不得不設法結束戰爭。儘管民間的負面情緒也日益升高，俄國人民的反抗氛圍還不如烏克蘭人強烈，普廷期盼時間仍在俄羅斯一方。    ,https://news.ltn.com.tw/news/world/breakingnews/5564470
衝場墜機爆炸畫面曝！希臘航空展F-4戰機墜毀 2飛官生死未卜,國際,2026/09/05 22:44,"F-4幽靈式戰機墜毀爆炸起火，濃煙衝天。（美聯）希臘的雅典通訊社（ANA）指出，空軍一架F-4幽靈式戰機今天墜毀於首都雅典郊外一座基地，當時正進行一場航空展。希臘廣播電視公司（ERT）在場一名記者表示，這架戰機剛起飛就突然失去高度並墜毀。請繼續往下閱讀...戰機墜落地面後立刻發生爆炸，當時有數以千計群眾正觀賞一年一度的「雅典飛行週」（Athens Flying Week）。當地媒體報導，戰機墜毀原因尚不清楚，機上兩位飛官也生死未明。???? FULL VIDEO: The moment a Hellenic Air Force F-4E Phantom II crashed during a solo display at Athens Flying Week in Tanagra, Greece.The footage captures the aircraft’s final maneuver before impact.No parachutes were visible in the immediate aftermath. The condition of the… pic.twitter.com/kUKXUIzgzR— XPRESS （@Xpress_24_7） September 5, 2026 ???? FULL VIDEO: The moment a Hellenic Air Force F-4E Phantom II crashed during a solo display at Athens Flying Week in Tanagra, Greece.The footage captures the aircraft’s final maneuver before impact.No parachutes were visible in the immediate aftermath. The condition of the… pic.twitter.com/kUKXUIzgzR    ",https://news.ltn.com.tw/news/world/breakingnews/5564478
控攻擊航艦！美軍摧毀、癱瘓3艘革命衛隊油輪,國際,2026/09/05 22:43,"美軍發射飛彈打擊伊朗。（法新社檔案照）美國軍方5日表示，在伊朗發射飛彈攻擊美軍軍艦後，美軍反擊摧毀或癱瘓3艘與伊朗伊斯蘭革命衛隊（IRGC）有關聯的油輪。美聯社、以色列時報報導，美國中央司令部5日聲明指出，美軍一艘航艦和一艘驅逐艦避開「伊朗多次無端攻擊」，並無美軍人員傷亡；美軍隨後打擊3艘伊朗油輪，使其中2艘「永久失去作用」，另1艘未裝貨的油輪則被摧毀。請繼續往下閱讀...聲明說，「在伊朗攻擊失敗後，中央司令部使在哈格島（Kharg Island）外海的伊朗革命衛隊油輪M/T Downy號，以及賈斯克市（Jask）附近的M/T Stark 1油輪永久失去作用」，「美軍部隊也徹底摧毀了⋯⋯在阿曼灣的未載貨油輪M/T Kylo號」。美軍的聲明指控這些油輪，是協助資助革命衛隊的「影子網絡」的一部分，透過石油運輸所得，協助資助伊朗勢力強大的伊斯蘭革命衛隊（Islamic Revolutionary Guard Corps）。在美軍公布這項消息之前，伊朗半官方媒體「塔斯尼姆」（Tasnim）曾報導，哈格島附近一艘油輪遭美軍攻擊。https://t.co/Xo0Vj0t2AJ— U.S. Central Command （@CENTCOM） September 5, 2026 https://t.co/Xo0Vj0t2AJ    ",https://news.ltn.com.tw/news/world/breakingnews/5564480
烏俄戰爭打到夥伴也不耐！莫迪當面告訴普廷「這件事」,國際,2026/09/05 22:16,俄羅斯總統普廷5日在莫斯科出席活動。（路透）俄羅斯侵略烏克蘭戰爭進入第5年，近日印度總理莫迪（Narendra Modi）和哈薩克總統托卡葉夫（Kassym-Jomart Tokayev），都當著俄羅斯總統普廷的面，針對這場戰爭說出重話。華爾街日報指出，這反映出戰爭的衝擊外溢，正使得一些俄國夥伴國家的態度轉變。莫迪8月底在吉爾吉斯舉行的上海合作組織峰會場邊，當面告訴普廷，現在是從「無止境的戰爭，走向結束戰爭的時候」。托卡葉夫7月底在西伯利亞與普廷會面時也直言，他聽到許多國家在質疑，為何俄羅斯依然持續這場戰爭，甚至表示，「對許多人、包括我們在內，都不完全清楚這場衝突的性質」。請繼續往下閱讀...華爾街日報4日報導指出，雖然莫迪過去也曾批評戰事，但是這次格外直接有力。這些批評時值俄國國內、外都愈加受戰爭衝擊，俄國夥伴也已受到戰爭影響。印度受西方施壓，要求停止向俄國購買石油；7月一艘商船在黑海遭俄國飛彈攻擊，造成4名印度船員喪生。戰火波及黑海，也導致哈薩克仰賴的裏海石油管線（CPC）出口原油受到干擾。詹姆士．馬丁禁止核武擴散研究中心（CNS）歐亞事務主任諾特（Hanna Notte）指出，「對於（戰事）升高正產生外溢效應，波及其他國家和其經濟的擔憂或許正在增加」。莫迪前述言論被視為在向西方釋放訊號。印度金德爾全球大學國際事務學院院長喬利亞（Sreeram Chaulia）表示，印度希望他們的西方夥伴知道，即使印度或許持續向俄國採購更多石油或者更多武器，但是，「最終，我們並不支持俄國正在進行的這場戰爭」。前蘇聯國家的批評，也凸顯俄羅斯在中亞與南高加索地區的影響力正在減弱，而美國企業已在哈薩克、亞美尼亞等國大舉投資，給予這些國家俄羅斯之外的替代選擇。諾特表示，「現在有一種看法認為，俄國忙於應付烏克蘭戰爭，因此讓這些國家有信心，可升高對莫斯科批評力道，而不需付出代價」。    ,https://news.ltn.com.tw/news/world/breakingnews/5564473
東京山手線唯一平交道  因「這項工程」2029年走入歷史,國際,2026/09/05 21:47,東京山手線。（資料照）環繞東京都市中心的JR山手線，是當地居民通勤、遊客旅遊時常會搭乘的交通工具，但其實山手線還有1個平交道沒拆，就是駒込站東口往田端方向走5分鐘的「第二中里踏切」。這是2005年後山手線唯一剩下的平交道。因為山手線列車班次太密，平交道警鈴響個不停，柵欄剛升起又馬上放下，尖峰時段1小時有超過40分鐘柵欄還是放下的，所以現場還立了告示牌，提醒行人這裡要等很久，請直接繞路通行。請繼續往下閱讀...為了解決問題，東京都建設局正在蓋一條跨越山手線的陸橋，屬於都市計畫道路補助92號線，去年底決定、今年3月獲國土交通省認可，總經費29億日圓。2024年度開始做基礎，6月已經把巨大的橋桁推送到鐵軌上空。預計2029年度道路完工通車後，這個平交道就會廢除。JR東日本近年積極推動自動駕駛，只要把山手線最後這個平交道拆除，實現自動駕駛可能性就更早了。    ,https://news.ltn.com.tw/news/world/breakingnews/5564343
熊本強震後救觀光！鹿兒島自推住宿補助 每晚最高6折起,國際,2026/09/05 21:30,日本九州鹿兒島象徵地標「櫻島火山」。（資料照，華航提供）日本熊本7月發生強震，為了救觀光，中央宣布10月1日起推出「九州復興應援割」，只要在九州住1晚以上就適用，每晚最多補助2萬日圓（約新台幣4120元），其中，災情最重、退訂最多的熊本和鹿兒島補助最高6成，其他5縣補助5成。這次地震對觀光衝擊很大，鹿兒島全縣就有超過11萬筆住宿取消。光是鹿兒島市的知名飯店，就被退了5500人，損失超過1億日圓。業者說，當時新幹線和高速公路都斷掉，鹿兒島成了孤島，外縣市旅客完全進不來。請繼續往下閱讀...幸好JR九州8月27日宣布好消息，九州新幹線會趕在9月的白銀週連假前全面通車。飯店業者聽到都鬆了一口氣，因為白銀週是日本重要假期。怕中央的補助10月才開始會太晚，鹿兒島縣也考慮自己先掏錢，在9月的白銀週就先推出同樣打6折的住宿補助，一路銜接到中央的方案，不讓補助出現空窗期。這筆預算會在9月11日的縣議會上討論，業者也期待能靠這波補助，把秋季的客人找回來。    ,https://news.ltn.com.tw/news/world/breakingnews/5564243
AI代理協作網攻頻傳  美中9月將召開AI安全會談,國際,2026/09/05 21:25,一群OpenAI代理今春曾駭入一個德國網站，將其轉變為AI代理論壇。（路透）路透報導，兩名知情者透露，隨著人工智慧（AI）尖端技術快速發展，美國與中國準備9月中旬舉行AI安全風險對話。這將是美國總統川普第2任期以來，美中首度針對AI議題舉行的正式雙邊會談。一名消息來源說，美國希望就監控AI主導的網路攻擊討論合作，同時提出計畫，要求美中AI實驗室自我監管、分享訊息，以防範AI有關的網路攻擊。請繼續往下閱讀...7月間傳出近700個以OpenAI模型打造的AI代理，駭入AI新創公司Hugging Face，並試圖以偽造的日誌掩蓋其蹤跡。OpenAI與網路安全研究員近日表示，此事件突顯一群協同代理在人類未察覺下，集體行動數月的風險。路透近日也報導，一群OpenAI代理今年春季入侵一個德國網站，並將該網站轉變成其他AI代理的論壇。歐布萊特石橋集團（DGA-Albright Stonebridge Group）合夥人崔歐洛（Paul Triolo）說，「兩大AI超級強權進行會談的時機，正值最關鍵的轉折點上，該會談十分急迫」。知情者說，華府也憂心中國未來可能以Mythos等級的模型進行網路攻擊，因此希望就中國「蒸餾」美國閉源AI模型的議題，進行討論。美國科技公司Anthropic是Mythos的開發商。六月間，白宮科技顧問克拉齊奧斯（Michael Kratsios）指控，中國月之暗面公司竊取Anthropic的AI模型Fable，以開發其K3模型。他說，這家中國公司蒸餾了Anthropic的模型。知情者表示，美國方面將由財政部長貝森特率領出席相關會談，中國方面可能由副總理何立峰領軍，但也可能由中國第7號人物、中共中央政治局常委丁薛祥帶領。丁薛祥是中國國家主席習近平親信，負責協調中國的科技AI與半導體政策。消息人士說，在本月下旬的川習會前籌備會議上，中國官員一再強調AI談判的重要性，並將此視為川習高峰會的一項重要成果。    ,https://news.ltn.com.tw/news/world/breakingnews/5564448
疑員工偷跑、轉賣！日本藏壽司「吉伊卡哇」聯名活動緊急喊卡,國際,2026/09/05 21:04,日本「藏壽司」官方網站緊急宣布，原定舉辦的人氣角色「吉伊卡哇」聯名活動喊卡。（圖擷取自藏壽司官網）日本人氣迴轉壽司連鎖品牌「藏壽司」（くら寿司）於5日在官方網站緊急宣布，原定舉辦的人氣角色「吉伊卡哇」（ちいかわ）聯名活動，將於明（6日）營業時間開始時正式中止。該項熱門聯名活動日前爆出公司內部員工涉入不當行為，因而引發社會各界關注。《產經新聞》報導，藏壽司曾於2日在官網發表「關於部分SNS上針對『吉伊卡哇』聯名措施之投稿」的聲明文。針對社群平台網民指控遊戲「扭蛋」聯名周邊商品遭到不當處理與操作一事，藏壽司當時表示「本公司對此視為極其嚴重的事件，目前正迅速針對事實關係展開深入調查。」請繼續往下閱讀...本次宣布全面中止的活動內容，包含「扭蛋」所提供的原創公仔、壓克力磁鐵、胸章等周邊贈品發放，以及滿額贈送的原創湯吞杯和壽司盤等相關特別企劃。對於聯名活動中途喊卡，藏壽司官方於聲明中表示：「對於熱切期待本次活動的廣大顧客，以及所有相關合作人員造成極大困擾與不便，致上最深切的歉意」。    ,https://news.ltn.com.tw/news/world/breakingnews/5564425
葉門內戰新衝突 5日逾60人死亡,國際,2026/09/05 21:01,沙烏地阿拉伯支持的葉門政府軍與以伊朗為靠山的葉門叛軍「青年運動」近日衝突再起。圖為5日在荷台達拍攝的效忠葉門政府的車隊。（法新社）醫療與軍事消息人士告訴法新社，沙烏地阿拉伯支持的葉門政府部隊，與伊朗扶植的葉門叛軍「青年運動」（Houthi）之間的戰鬥，5日造成包括平民在內的60多人死亡。2022年，葉門內戰各方曾在聯合國的斡旋下達成停火協議，然此協議已於今年7月破裂。本月3日，朝戰略要地曼德海峽（Bab al-Mandab strait）推進的「青年運動」，與葉門政府軍爆發近年來最致命衝突，至少129人喪生。請繼續往下閱讀...5日，根據1名葉門軍事消息人士，26名政府軍士兵死於在葉門西南部持續數小時的戰鬥；「青年運動」的醫療與軍事消息人士則說，有31名「青年運動」戰士死亡。1名在葉門政府控制的塔伊茲市（Taiz）的醫療消息人士表示，飛彈攻擊造成6名搭乘巴士的平民喪生，另有7人受傷。1名政府官員將這場針對巴士的攻擊，歸咎於「青年運動」。遭攻擊的巴士行駛於塔伊茲市與國際承認的葉門政府所在地亞丁（Aden）之間。塔伊茲的1名政府軍軍官說，由於「青年運動」前1天拿下該市附近的陣地，「接下來數小時將至關重要」；援軍正從亞丁趕來因應「青年運動」的攻勢。「青年運動」這波攻勢的目的，在於切斷葉門政府控制、已遭砲火攻擊數週的港市莫加（Mokha），以及向曼德海峽沿岸地區推進。隨著伊朗因中東衝突封鎖全球重要能源航道荷姆茲海峽，阿拉伯半島另一側的曼德海峽在輸送沙烏地阿拉伯石油上的重要性，與日俱增。    ,https://news.ltn.com.tw/news/world/breakingnews/5564427
美、柬軍演中斷10年！柬埔寨宣布明年恢復「吳哥哨兵」聯合演習,國際,2026/09/05 20:20,美國和柬埔寨2016年的「吳哥哨兵」軍演。（取自美國國防視覺資訊發布服務單位，DVIDS網站）柬埔寨軍方4日宣布，將於明年初恢復與美國的聯合軍事演習「吳哥哨兵」（Angkor Sentinel）；這項聯合軍演中斷10年後重啟，分析家認為，美國目的或許不在「贏回柬埔寨」，而是避免柬國在戰略上完全倒向中國。美聯社、南華早報報導，柬埔寨王家陸軍宣布，柬美兩國已同意將於2027年2月舉行「吳哥哨兵」（Angkor Sentinel）聯合軍演，強化「協同行動和災害應變能力，並反映出柬美軍事合作的新動能，以及共同致力於加強國防合作」。請繼續往下閱讀...之前吳哥哨兵演習曾舉行過7年，直到柬國2016年底首次與中國舉行「金龍」聯合軍演後，2017年初突然宣布取消。恢復軍演意味著，兩國就化解彼此歧見，包括柬國與中國之間密切的政經關係，已有進展。華府尤其一直關切中國在柬國臨泰國灣雲壤（Ream）海軍基地的軍事存在，擔心獲得北京大力協助升級的雲壤基地，會成為中國第一個區域軍事前哨，在南海附近占有作戰優勢，破壞勢力平衡。柬埔寨和美國近期舉行了數輪高層國防等官員會面，希望修補雙方動盪的關係。美國戰爭部（國防部）第3號人物、主管政策事務的次長柯伯吉（Elbridge Colby）上月訪問柬埔寨，與總理洪馬內和國防部長狄西哈（Tea Seiha）會談，討論雙邊關係、尤其是國防事務，以及恢復軍演。當時洪馬內表示，對「柬美關係的正面動能」，以及恢復吳哥哨兵軍演的籌備工作進展感到滿意。美國太平洋艦隊司令柯勒（Stephen Koehler）8月初也訪問柬國，與柬埔寨王家軍隊總司令皮森（Vong Pisen）會面，雙方表示打算恢復同樣自2017年中斷至今的雙邊「海上戰備暨訓練聯合演習」（CARAT）。美國亞利桑那州立大學教授、柬埔寨裔美籍政治學者伊爾（Sophal Ear）認為，美國的目標可能並非「贏回柬埔寨」，而是防止柬埔寨在戰略上獨惠中國；過去幾年美柬漸行漸遠，結果是柬國除了與中國軍事合作，少有其他可替代選項，「華府顯然結論認為，若要限制中國在柬埔寨的戰略主導地位，往來會比孤立有效」。    ,https://news.ltn.com.tw/news/world/breakingnews/5564412
自由觀點》美國債務政府揹 中國債務百姓扛,國際,2026/09/05 20:00,    ,https://news.ltn.com.tw/news/world/breakingnews/5562177
川普最討厭的郵寄投票 長輩、郊區、民主黨支持者最愛用,國際,2026/09/05 19:51,美國北卡羅萊納州1名選務人員正在整理1份要在3日寄出的不在籍投票的選票與相關說明。（美聯社）美國將在11月3日舉行2026年期中選舉，但「郵寄投票」（mail-in voting）4日已率先在北卡羅來納州正式開跑；儘管此投票方式實施多年，但近年來因不為川普總統所喜以致法律爭端不斷。調查顯示，不必在投票日當天親赴投票所排隊的「郵寄投票」，是許多上了年紀、住在都市或郊區，以及支持民主黨候選人選民的最愛。川普今年3月簽署1項對「郵寄投票」實施全面新限制的行政命令，美國最高法院數日前裁定川普政府可開始實施該行政命令的部分內容，但1名聯邦法官3日以倉促變更恐招致大規模混亂為由將之擋下，也就是暫時阻止美國郵政管理局（USPS）執行前述的川普行政命令。請繼續往下閱讀...由於時間緊迫，川普的行政命令本就難以在今年期中選舉期間實施。前美國司法部律師、無黨派非營利組織「選舉創新與研究中心」（Center for Election Innovation and Research）執行主任貝克（David Becker）告訴美國有線電視新聞網（CNN），此等變革就算提前2到4年通知都很難辦到，在距離選舉日不到70天的眼下更不可能。川普之所以簽署行政命令限制「郵寄投票」，符合他多年來堅稱「郵寄投票」違法、不受監管與易有舞弊的立場，還曾毫無根據地指控「郵寄投票」會導致選票被人從信箱中偷走、偽造選民簽名，以及甚至是選票本身也是盜印的。廣為人知且漸受歡迎的「郵寄投票」，過去20年來明顯成長茁壯。美國2000年時僅21州允許「郵寄投票」，如今則有多達37州與哥倫比亞特區允許「郵寄投票」，外加有13州允許在若干限制下「郵寄投票」。根據美國「皮尤研究中心」（Pew Research Center）2024年選後的1項調查，相較於整體投票人口，自稱在2024年大選中「郵寄投票」的選民，往往較年長，以及更可能住在城市或市郊。較多年長者選擇「郵寄投票」，可能與各州相關規定有關，因為在密西西比州等州，選民只要年滿65歲或以上，就有資格「郵寄投票」。同1份皮尤調查還顯示，投票方式與選民政治傾向有所關聯。2024年，61%「郵寄投票」的選民支持民主黨總統候選人賀錦麗（Kamala Harris），比例高於提前投票或選舉日當天親赴投票所投票的選民。賀錦麗在「郵寄投票」選民中的支持率，高於普選中的得票率。    ,https://news.ltn.com.tw/news/world/breakingnews/5564351
連手勢也管！北韓禁韓流文化 高中生比「手指愛心」挨罰,國際,2026/09/05 19:19,北韓禁止青少年散播南韓文化，高中生比「手指愛心」挨罰。（資料照，圖為南韓男團ASTRO）北韓政府為阻止外部文化滲透，嚴厲控管國人思想及一舉一動。外媒指出，近日北韓高中生因校內互相比「手指愛心」遭校方處分。據《每日北韓》（Daily NK）報導，北韓長期以來一直依賴《反動思想文化拒斥法》等法律，將擁有或傳播外國媒體定為犯罪。不只是衣著、髮型，近日連手勢也被禁止。消息人士稱，開川市某高小近日被發現，有學生在課堂和集體體操課上做出比心手勢。校方隨即批評涉事學生，並要求他們撰寫自我批評聲明。請繼續往下閱讀...對此，校方也追問學生們是在哪裡看到這種手勢的，以及是誰引入這個文化的，但因「手指愛心」這個手勢已經傳播甚廣，追溯來源非常困難。而消息人士也稱，這種手指比心的動作因為很容易模仿，已經在學生群裡快速傳播，靠打壓是不太可能根除這樣的現象。    ,https://news.ltn.com.tw/news/world/breakingnews/5564270
尼泊爾洪災奇蹟！中國男困隧道10天 搜救隊深入225米救出,國際,2026/09/05 19:17,中國籍男子盧海濤被發現困在水電站隧道深處。（路透）尼泊爾爆發嚴重山洪至今已10天，持續搜救不放棄，中國籍男子盧海濤被發現困在水電站隧道深處，救援人員今天（5日）深入約225公尺，成功將他救出。根據《美聯社》報導，尼泊爾陸軍發言人巴斯內特（Rajaram Basnet）說，由尼泊爾軍方及外國救援人員組成的聯合搜救隊，今天進入上翠蘇里1號水電站隧道搜索，最後在距離入口約225公尺處發現中國公民盧海濤。請繼續往下閱讀...巴斯內特指出，救難人員深入約225公尺的隧道，盧海濤獲救後，交由醫療人員治療，幸無大礙。洪災發生至今已經10天，搜救工作一度陷入膠著，如今再度找到生還者，為救援行動帶來希望。根據尼泊爾與西藏統計，洪災自8月26日發生至今，死亡人數已攀升到1375人，災區搜救工作仍未結束。救援人員深入約225公尺，救出盧海濤。（路透）    ,https://news.ltn.com.tw/news/world/breakingnews/5564281
火山灰噴至1.5萬尺高空！印尼喀拉喀托之子火山爆發  影響飛安、恐釀海嘯,國際,2026/09/05 19:12,印尼喀拉喀托之子火山（Anak Krakatoa）今凌晨發生大規模噴發，圖為2018年噴發狀況。（法新社）印尼喀拉喀托之子火山（Anak Krakatoa）今（5日）凌晨發生大規模噴發，火山灰甚至噴至1.5萬公尺高空，已影響周遭飛行安全。日本氣象廳示警，由於喀拉喀托之子火山位於海上，火山噴發容易引發海嘯，1883年的大噴發是人類近代史上最嚴重的火山災難，當時火山噴發造成的海嘯，造成超過3.6萬人死亡。綜合外媒報導，喀拉喀托之子火山位於印尼爪哇島與蘇門答臘島之間的巽他海峽，於今天凌晨出現大規模噴發，澳洲達爾文火山灰諮詢中心（Darwin VAAC）資訊指出，從4日開始該火山就有出現噴發活動，晚間11點火山灰高度約達海拔2000公尺，到今日凌晨，火山灰柱一口氣竄升至1.5萬公尺高空，對飛航安全構成威脅。請繼續往下閱讀...火山灰諮詢中心發現，高度約1.5萬公尺的火山灰，主要往西方飄移，移動速度約每小時74公里，另一層高度約5500公尺的火山灰則朝南方擴散，速度約為每小時19公里。雅加達及墨爾本飛航情報區也示警，各航空要注意火山灰可能造成的威脅。日本氣象廳也指出，由於喀拉喀托之子火山位於海上，火山噴發及山體崩塌，容易引發海嘯，過去就曾發生多次重大災難。截至日本時間上午5時30分，海外驗潮站尚未觀測到與這次火山活動有關的明顯潮位變化。事實上，1883年喀拉喀托之子火山就曾發生大噴發，也是人類近代史上最嚴重的火山災難，當時火山噴發造成的海嘯造成超過3.6萬人死亡。2018年12月，喀拉喀托也曾引發海嘯，並襲擊爪哇及蘇門答臘沿岸。    ,https://news.ltn.com.tw/news/world/breakingnews/5564336
日本秋刀魚大歉收  截至8月較去年同期暴跌73％,國際,2026/09/05 18:50,今年日本秋刀魚捕獲量慘。示意圖。（資料照）日本秋天最具代表性的秋刀魚，不過今年卻大缺貨。根據日本漁業資訊中心統計，到8月底為止，全日本秋刀魚總漁獲量只有約1330噸，比去年同期大減73%，產量最多的北海道根室市花咲港，也只捕了約1100噸，剩下去年同期的四分之一。各漁港狀況都很差，花咲港年減75%以上，厚岸港約70噸、年減78%。只有釧路港逆勢成長，捕了約110噸，比去年增加63%，但整體來說還是非常低迷。原因出在漁場太遠又太分散，現在主要漁場距離花咲港約1000公里，而且魚群很稀疏，船開很遠也捕不到什麼。請繼續往下閱讀...不只量少，魚也偏小。今年捕到的秋刀魚，9成都是1尾80到140公克的小魚，過去那種油脂飽滿的大尺寸秋刀魚很少見。也因為缺貨，平均價格飆漲，1公斤均價932日圓，是去年的1.4倍，等於越小尾還越貴。漁業資訊中心的渡邊一功部長表示，目前看起來秋刀魚的資源量本身就少，加上漁場遠、魚群薄，導致漁獲量起不來，只能期待接下來海水溫度下降後，魚群會比較集中，漁況才有機會好轉。今年日本民眾想吃便宜又大尾的秋刀魚，恐怕沒那麼容易了。    ,https://news.ltn.com.tw/news/world/breakingnews/5564291
萬呎高空爆衝突！男子機上被退役警制伏 綁成木乃伊照片曝,國際,2026/09/05 18:35,"鬧事乘客被綁成木乃伊。（取自X@aviationbrk）美國航空（American Airlines）一架原定從達拉斯飛往紐澤西州最大城市的班機，在萬呎高空爆發嚴重肢體衝突。一名男子突然抓狂大罵空服員，甚至動手攻擊鄰座乘客。幸好一名乘客是退役警官，挺身而出將之制伏，其他乘客更合力拿束帶與銀色膠帶將男子「五花大綁」固定在座位上，被綁成木乃伊的照片也在X上瘋傳。根據《CBS News》報導，這起空中驚魂發生在3日晚間，美國航空班機起飛約2小時後突然爆發混亂。目擊者、退役執法人員梅希亞（Juan Mejia）受訪時指出，當時機艙就像突然被切換開關一樣，瞬間從平靜變成尖叫與混亂，他回頭一看，發現一名男子正用雙手，死死勒住走道座位乘客的脖子進行攻擊。請繼續往下閱讀...坐在男子前兩排的梅希亞與另一名乘客見狀，立刻衝上前協助制伏。在空服員提供束帶後，大家合力用束帶以及膠帶，將該名男子的手腕、軀幹甚至頭部繞了數圈，牢牢地將他捆綁在座椅上。現場照片顯示，該男被膠帶死死固定，完全無法動彈。目擊者透露，空服員最初嘗試安撫該男子情緒，未料男子竟失控飆罵種族歧視用語及恐同言論，隨後更演變成肢體暴力，機組人員為維護全機安全，才決定實施強制手段，並緊急轉降巴爾的摩。班機迫降後，當地警務人員隨即登機將該名失控男子押解下機，班機才重新起飛前往目的地紐華克。美國航空隨後發表聲明強調，乘客與機組人員的安全是首要考量，對暴力行為零容忍，並感謝機組人員的專業處置與乘客的諒解。美國聯邦調查局（FBI）證實，該名嫌犯目前已被拘留，詳情正在調查中。American Airlines passenger duct tape to his seat following unruly behavior onboard flight AA618 Thursday night.Arthur Lundeen, 67, of Arizona, was restrained to his seat with duct tape and his hands were restrained with zip ties, according to the Maryland Transportation… pic.twitter.com/s79nORwCvh— Breaking Aviation News & Videos （@aviationbrk） September 5, 2026 American Airlines passenger duct tape to his seat following unruly behavior onboard flight AA618 Thursday night.Arthur Lundeen, 67, of Arizona, was restrained to his seat with duct tape and his hands were restrained with zip ties, according to the Maryland Transportation… pic.twitter.com/s79nORwCvh    ",https://news.ltn.com.tw/news/world/breakingnews/5564314
搭機打人還咬人 美國航空乘客被五花大綁、班機緊急降落後被逮,國際,2026/09/05 18:27,美國航空客機。（路透檔案照）美國航空（American Airlines）一架國內線班機因機上乘客鬧事，3日晚間緊急降落巴爾的摩。根據其他乘客拍下的影像，該名坐頭等艙的男子疑似情緒失控，飆髒話罵人，還出手打人、甚至咬人，被乘客合力制伏，並以束帶和膠帶五花大綁，待該班機降落後隨即遭警方逮捕。美國有線電視新聞網（CNN）4日報導，美國聯邦航空總署（FAA）聲明指出，這架美航編號618號班機通報有乘客滋擾時，正從達拉斯沃斯堡國際機場飛往紐瓦克。根據乘客歐列尼克（Richard Olenick）說法，航程大約過了一半後，坐在他後面兩排的一名男子開始變得有攻擊性，並且罵髒話、使用歧視種族和同性戀字眼。請繼續往下閱讀...他說，空服員試圖控制局面，但是該名男子愈來愈激動，並開始動手毆打身旁乘客，還攻擊一名上前制止的女子。眼看情況演變成肢體暴力，另一名乘客、紐澤西州退休員警梅希亞（Juan Mejia）出面介入，歐列尼克和第三名乘客也加入，協助制伏該名男子，然後用空服員提供的束帶綁住他的雙手，男子試圖反抗，咬傷梅希亞，3人因此再以膠帶限制他的行動，但是未封住嘴巴，以免影響呼吸。歐列尼克說，該名男子被束帶和膠帶束縛著，仍一直用力推、設法起身，他就直接坐在男子腿上達15分鐘，直到飛機降落。班機降落巴爾的摩後，警方根據州法逮捕該名男子，班機隨後繼續飛往紐瓦克。官方未公布這名男子身分，但是根據美國廣播公司新聞網（ABC News）報導，這名男子為67歲、來自亞利桑納州的隆汀（Arthur Lundeen）。美國航空聲明表示，乘客和機組員安全是優先要務，該公司不容忍暴力；聲明感謝機組員的專業和乘客的理解。    ,https://news.ltn.com.tw/news/world/breakingnews/5564329
日本阿北大戰野熊！上山採菇遇襲搏鬥5分鐘逃命,國際,2026/09/05 18:24,日本61歲男上山採遭野熊襲擊；示意圖，圖與新聞事件無關。（路透檔案照）日本長野縣伊那市高遠町山林今天有野熊襲人。來自諏訪市的61歲男子入山採摘菇遭野熊攻擊，經奮力抵抗後成功逃脫，就醫幸並無生命危險。《長野放送》報導，根據警方與消防部門指出，男子上午7點20分左右一個人在伊那市高遠町長藤山林採菇，途中遭到野熊襲擊。男子逃到親戚家，由親戚代為撥打119報案求助，他被緊急送往諏訪市的醫院治療，臉部及全身均被熊爪抓傷，所幸傷勢未危及生命。請繼續往下閱讀...據相關人員透露，男子說，在現場「與野熊奮力搏鬥了約5分鐘」。事發後，警方與當地獵友會趕赴現場搜捕，但目前仍未發現野熊蹤跡，警方等單位緊急提醒附近居民提高警覺、注意安全。    ,https://news.ltn.com.tw/news/world/breakingnews/5564265
川普特使飛抵莫斯科 俄羅斯炸基輔機場,國際,2026/09/05 17:19,川普特使魏科夫（右）據信5日飛抵莫斯科。左為烏克蘭總統澤倫斯基。（美聯社檔案照）俄羅斯國際傳真社（Interfax）引述航空界消息人士的話報導，1架據信搭載美國總統川普的特使魏科夫（Steve Witkoff）與川普的女婿庫希納（Jared Kushner）的商務噴射機，5日飛抵莫斯科。川普4日說，魏科夫、庫希納兩人正前往海外，力圖促成俄羅斯與烏克蘭之間達成和平協議。請繼續往下閱讀...同日，烏克蘭總統澤倫斯基在社群媒體上發文說，俄羅斯在美國特使來訪前發動夜襲，包括攻擊位於基輔及其附近的波里斯皮爾（Boryspil）的機場，顯然意在回應烏克蘭可能準備讓來訪的美方人員的飛機，降落在基輔或波里斯皮爾機場。    ,https://news.ltn.com.tw/news/world/breakingnews/5564257
伊朗媒體：石油出口樞紐哈格島傳出爆炸,國際,2026/09/05 16:57,伊朗石油出口樞紐哈格隔島5日傳出爆炸。圖為今年5月1艘懸掛利比亞國旗的油輪，在希臘附近海域從1艘掛伊朗旗的油輪上轉運原油。（路透檔案照）伊朗媒體5日報導，在與美國重啟衝突相互攻擊數日後，位於波斯灣的伊朗重要石油出口樞紐哈格島（Kharg Island）附近傳出數起爆炸。伊朗法斯通訊社（Fars News Agency）說，該社特派員聽到數起爆炸聲，但沒有看到冒煙；伊朗SNN通訊社則說，1艘伊朗油輪在該島附近「遭美國攻擊」。請繼續往下閱讀...美伊雙方官員皆尚未立即就此置評。美伊衝突爆發迄今已超過6個月；8月30日，美國恢復對伊朗的攻擊，隨即招致德黑蘭的報復，攻擊美國在中東地區的目標。此外，美伊也持續爭奪重要能源航道荷姆茲海峽的控制權。    ,https://news.ltn.com.tw/news/world/breakingnews/5564228
石油樞紐哈格島附近爆炸聲響 傳伊朗油輪遭美飛彈襲擊,國際,2026/09/05 16:45,在華府與德黑蘭爆發新一波衝突數日後，伊朗半官方法斯通訊社今天報導，位在波斯灣的伊朗石油樞紐哈格島的附近傳出多起爆炸聲響。（法新社）在華府與德黑蘭爆發新一波衝突數日後，伊朗半官方法斯通訊社今天報導，位在波斯灣的伊朗石油樞紐哈格島的附近傳出多起爆炸聲響。法斯通訊社（Fars News Agency）報導，其駐哈格島（Kharg Island）記者聽到爆炸聲，但未見濃煙。學生新聞網（Student News Network）則稱，一艘伊朗油輪在哈格島附近遭到美國的飛彈襲擊。請繼續往下閱讀...在2月28日美國與以色列發動這場戰爭之前，哈格島處理伊朗90%石油出口。美國總統川普8月30日曾在社群媒體發布貼文，稱哈格島「正被炸成碎片」，並附上一段由人工智慧（AI）生成的影片。沒有證據顯示哈格島當時遭到攻擊。川普可能藉此對伊朗進行嚇阻和施壓。    ,https://news.ltn.com.tw/news/world/breakingnews/5564162
東京大學赤門「這原因」封閉整修 預計明天年秋季重新開放,國際,2026/09/05 16:45,日本國家重要文化財東京大學「赤門」預計2027年秋季重啟開放。（資料照，劉黎兒提供）位於東京都文京區的日本第一學府東京大學知名地標「赤門」被列為日本國家重要文化財，但耐震能力不足，2021年2月起封閉，2025年開始大規模整修，預計在建門滿200週年的2027年秋季重新開放。赤門原本是江戶時代加賀藩為迎娶將軍之女所建造的御守殿門，後來由前田家族捐贈給東京大學。為了在保存古蹟的同時加強結構安全，這次整修採取屋頂減重、加裝配重塊防止地震時上浮等工法，工程由清水建設負責，總經費目標為10億日圓，目前透過基金會募款。請繼續往下閱讀...為了讓外界了解進度，校方近期舉辦特別見學會，邀請在學期間從未走過赤門的畢業生與附近居民，戴上安全帽走進鷹架包圍的工地，近距離觀看正在補強的柱梁，以及拆下瓦片後的屋頂構造。拆下的舊瓦在減重處理後重新使用，目前暫置於鷹架上，其中還能看到刻有前田家族家徽的瓦片。校方說，會持續透過見學會與重啟計畫公開進度，迎接2027年重新開門。    ,https://news.ltn.com.tw/news/world/breakingnews/5564191
修復烏南札波羅熱核電廠 IAEA：局部停火協議已生效,國際,2026/09/05 16:24,烏克蘭札波羅熱核電廠。（美聯社檔案照）聯合國核子監督機構「國際原子能總署」（IAEA）5日說，由IAEA促成、目的在進行修繕的局部停火協議已生效，可望恢復歐洲最大核能發電基地、位於烏克蘭東南部的札波羅熱核電廠（Zaporizhzhia nuclear power plant）外部供電。8月20日以來，現由俄羅斯控制的札波羅熱核電廠就處於外部斷電狀態，仰賴緊急柴油發電機來冷卻核電廠的關鍵安全系統。請繼續往下閱讀...IAEA指出，札波羅熱核電廠的柴油儲備已所剩無幾，除非恢復外部供電或有更多柴油運抵現場，否則核電廠恐在數日內面臨全廠斷電的嚴重事故。IAEA還說，完成排雷後，烏克蘭技術人員5日稍後會開始修復輸電線路。    ,https://news.ltn.com.tw/news/world/breakingnews/5564194
下流！20多歲中國男在南韓首爾偷拍27女 被捕移送法辦,國際,2026/09/05 16:09,中國男子在南韓首爾偷拍27名女性。南韓女廁針孔檢測示意圖。（歐新社）變態！南韓首爾城東警察署4日表示，1名來自中國的20來歲男子，7月底入境後在首爾各地偷拍27名女性，目前已被移送檢方偵辦。據《東亞日報》報導，首爾城東警察署透露，該名中國男子8月初許在城東區聖水洞咖啡館內，涉嫌以手機偷拍女性後當場被捕，警方隔天對其實施境管。請繼續往下閱讀...辦案人員經過調查後，驚覺他在首爾城東區、麻浦區、永登浦區等地偷拍多名女性，依照《性暴力犯罪與處罰等相關特例法》的偷拍罪嫌偵辦。    ,https://news.ltn.com.tw/news/world/breakingnews/5564125
中國福建莆田創紀錄暴雨嚴重淹水！傳大批民眾受困、失聯,國際,2026/09/05 15:16,中國福建省莆田市受沙德爾颱風環流暴雨襲擊，多處淹水且有民眾受困、失聯。圖為莆田災情。（路透）中國福建省莆田市受到沙德爾颱風環流帶來的暴雨襲擊，多處出現淹水災情且有民眾受困、失聯，其中莆田市區3日至4日的降雨量為416.5毫米，打破當地9月單日降水量紀錄。據中媒《央廣網》報導．莆田市內有多個村鎮降雨量甚至超過500毫米，單日降雨量和中國北部許多城市全年相比差不多，莆田消防救援支隊隊長傅偉斌表示，強降雨造成當地主要河流水位高漲，超出洩洪能力極限，導致下游地區水量暴增。請繼續往下閱讀...傅偉斌透露，在救援初期因為路面大量積水，使得消防車無法進入，且受暴雨影響無法動用無人機，支隊第一時間調派水域救援突擊隊，駕駛舟艇進入受災區域展開偵察，通過直播向後方指揮部傳輸現場畫面。官方消息顯示，莆田市部分民宅4日下午淹水，群眾受困且有人失聯。傅偉斌說，對地基較高、建築結構穩定且受困者情況良好的地方，採取的是就地避險方式；對低窪地區、老舊建築以及老弱病幼孕等群眾，則組織了12支救援突擊隊伍優先協助撤離，利用衝鋒船、橡皮艇將他們疏散到安全區。中國安能二局工程救援廈門基地4日下午緊急馳援莆田救災，總工程師繆昀表示，當地自然村落還存在一些老舊的土質、磚塊混合結構的房屋，經過長時間的雨水浸泡，很多都快要變成危樓，很多老年人受困在房屋內且停水停電，救援人員正爭分奪秒地將災民往外轉移。    ,https://news.ltn.com.tw/news/world/breakingnews/5564071
散播烏克蘭女士兵被俘遭性侵假影像！親俄平台骯髒引流手段曝,國際,2026/09/05 15:13,曾在烏克蘭前線部隊服役的女軍醫萊什卡謝利（Keti Leshkasheli）是假訊息受害者之一。（取自當事人臉書）俄烏戰爭爆發至今，網路資訊戰層出不窮，如今更爆出親俄宣傳網絡以極其惡劣的手法進行引流。外媒調查指出，眾多親俄 Telegram 頻道大量利用烏克蘭女兵或女性的真實照片，捏造「烏克蘭女性遭俘虜、性侵」的虛假訊息，並附上連結，藉此吸引網友點閱，而流量卻是導向親俄的私密頻道。根據《BBC》報導，曾在烏克蘭前線部隊服役的女軍醫萊什卡謝利（Keti Leshkasheli）2025年獲得烏克蘭總統澤倫斯基頒發「勇氣勳章」。她3年前從前線返回時，手機突然響個不停，一堆親友著急的詢問她是否安全，因為他們在 Telegram 上看到影像，聲稱她已經被俘虜並遭到性侵。請繼續往下閱讀...萊什卡謝利受訪時表示，該影片聲稱她和其他幾名女子已經被捕，文中還有附上連結，讓大家去看她被「懲罰」的影片。而貼文中附上的是她多年前在目前已被俄羅斯佔領的城市阿夫迪夫卡服役時，身穿軍裝的照片。「他們針對我寫了各種可怕的內容，」她說。「這讓我非常憤怒，但我卻無能為力。」報導指出，類似廣告利用烏克蘭女性遭到性侵的虛構說法，搭配女性真實的照片，最後附上虛假連結，誘騙民眾至支持俄羅斯的頻道中。《BBC》分析發現，已有超過6500則涉及性侵的廣告，散布於約1700個小型Telegram頻道中，累積瀏覽量突破6500萬次。這套「惡意引流」模式運作已久，自2022年俄羅斯入侵烏克蘭以來，就有數千則貼文聲稱有烏克蘭女性戰俘遭性侵、處決的畫面。貼文會聲稱這些照片中的烏克蘭女性以酷刑折磨俄羅斯士兵或兒童。研究性別化虛假資訊的學者表示，這項活動「將性暴力承諾作為娛樂來販售」，藉此「抓取並變現」用戶的注意力。即使這些貼文不是由國家直接製作的，它們依然服務於克里姆林宮的戰爭目標，因為它們侮辱了烏克蘭人，並「將針對『敵人』的性暴力正常化」。    ,https://news.ltn.com.tw/news/world/breakingnews/5564072
涉威脅刺殺小馬可仕案 菲律賓副總統赴法院投案交保,國際,2026/09/05 15:03,菲律賓副總統薩拉‧杜特蒂。（路透檔案照）菲律賓副總統薩拉．杜特蒂因涉恐嚇刺殺總統小馬可仕和其家人，昨天遭地方法院發布出逮捕令。薩拉今天在律師陪同下赴法院主動投案並辦理交保，法院已解除逮捕令。此案源起於薩拉（Sara Duterte）2024年11月一場視訊記者會。當時她表示自己面臨生命威脅，並暗示知道推是幕後主使，因此已交代一名人士，一旦自己遭遇不測，就去刺殺小馬可仕（Ferdinand Marcos Jr.）夫婦和時任眾議院議長羅慕德斯（Martin Romualdez）。請繼續往下閱讀...菲律賓司法部8月時以「重大脅迫罪」起訴薩拉，奎松市地方法院9月4日對薩拉發布逮捕令，每項罪名保釋金為12萬披索（約新台幣6萬500元），3項合計36萬披索。菲律賓「刑事訴訟修正規則」規定，交保的前提是嫌犯必須處於「法律管轄與拘留狀態」（Custody of the law）。因此，薩拉主動向法院投案，正符合自願接受法律管轄的條件，也是後續辦理交保的合法程序。今天中午後不久，薩拉在律師陪同下進入奎松市地方法院投案並辦理交保程序。他的律師表示，薩拉此次到法院視為主動投案，法院並未替她拍攝嫌犯大頭照，而是由她自行準備照片提交。之後，她在法院書記官面前完成包括按指紋在內的必要程序。完成交保程序後，法院發出命令，解除拘捕令，律師建議薩拉要隨身攜帶這份命令文件，以避免日後遭到不當逮捕。根據菲律賓多家電視新聞直播，薩拉在法院外表示，她因不信任法院和警方，因此在進入及離開法院時均選擇走樓梯，沒有搭乘電梯，希望讓媒體一路看到她的行動，以確保自身安全。除了重大威脅等相關刑事案以外，薩拉目前也因濫用機密資金、賄賂政府官員、對總統小馬可仕（Ferdinand Marcos Jr.）發出刺殺威脅，以及擁有來源不明財富等罪名，面臨參議院彈劾程序。薩拉彈劾案辯護團隊副發言人古拉爾（Justin Gular）接受DZMM電台訪問時表示，法院拘捕令並不代表薩拉已被認定有罪，相關指控仍須透過正常司法程序釐清。另一方面，菲律賓眾議院彈劾案檢察團隊成員利敦（Terry Ridon）也澄清，這起刑事案件與彈劾程序彼此互無關聯，眾議院檢察團隊將繼續推進彈劾案，直到程序結束。薩拉是前總統杜特蒂（Rodrigo Duterte）的女兒，與馬可仕原為政治盟友，兩人於2022年搭檔競選總統及副總統勝選。然而，兩家族因政治歧見漸行漸遠，最終因菲律賓政府為「掃毒戰」把老杜特蒂送至國際刑事法院（ICC）受審，兩家族關係徹底決裂。已表態於2028年競選總統的薩拉，現將同時面對政治與司法的雙重挑戰，不論是被彈劾成功或是重大脅迫罪名成立，都有可能讓她失去2028年競選總統的資格。    ,https://news.ltn.com.tw/news/world/breakingnews/5564101
彈藥洩密抓內鬼！五角大廈竟讓美軍核心幕僚50人集體測謊,國際,2026/09/05 14:43,"美軍參謀首長聯席會議（Joint Chiefs of Staff）主席、副主席，以及陸軍、海軍、空軍、陸戰隊、太空軍與國民警衛局最高層級軍事領導人及資深士官顧問，2026年1月5日在五角大廈合影。（圖／美國國防部）為追查軍方機密外洩，美國政府8月對美軍參謀首長聯席會議約50名成員實施測謊，對象包括軍官與文職人員。調查人員要查的，是誰曾向媒體透露伊朗戰爭造成美軍關鍵彈藥庫存下降等機密。《紐約時報》4日報導，調查人員除了詢問是否向媒體提供機密資料，也直接追查是否曾透露美軍遠程飛彈與愛國者（Patriot）攔截彈等關鍵彈藥庫存減少的資訊。請繼續往下閱讀...參謀首長聯席會議（Joint Chiefs of Staff, JCS）負責協調美軍全球作戰、國防政策與戰爭計畫，約有1500至2000名軍官及官員。參聯會的核心軍事領導階層包括主席、副主席，以及陸軍參謀長、海軍作戰部長、空軍參謀長、陸戰隊司令、太空軍作戰部長與國民警衛局（NGB）局長等各軍種高層。這次約50名參聯會成員接受測謊，調查直接進入美軍高層幕僚體系。《紐約時報》引述曾任美國海軍軍法署長的退役少將古特（Donald J. Guter）表示，他從未看過測謊被如此廣泛地運用在如此高階的美軍人員身上，形容這次行動前所未見。這場調查發生之際，美國媒體密集報導伊朗戰爭對美軍武器庫存造成的壓力，多篇報導提及遠程飛彈與愛國者攔截彈等重要彈藥。調查人員也針對這些資訊追查消息來源。五角大廈發言人帕內爾（Sean Parnell）表示，國防部不評論內部人事或調查事項，但會嚴肅調查涉及國家安全機密的洩密事件，保護機密資訊攸關美國及海外美軍安全。美國總統川普此前曾要求政府積極追查洩密者，並將批評美國處理伊朗戰事及彈藥短缺的相關報導形容為「叛國」。五角大廈近來也持續針對新聞報導展開洩密調查。《紐約時報》指出，國防部長赫格塞斯（Pete Hegseth）任內至少有80名將領、海軍上將及其他官員遭撤換、升遷受阻或離開職位；近來共和黨國會議員也公開批評五角大廈的管理方式，要求川普重新檢視赫格塞斯的領導。    ",https://news.ltn.com.tw/news/world/breakingnews/5564051
噁！中國「趙一鳴」零食連鎖店 家長任由小孩排便後離去,國際,2026/09/05 14:13,中國廣西「趙一鳴」零食連鎖店，有女子任由小孩在店內排便並自行離去。（圖擷自微博）中國「趙一鳴」零食連鎖品牌位於廣西壯族自治區桂林市陽朔鎮的門市，4日晚間6時35分有1名女子帶著幼童前來購物時，竟任由小孩在店內排便並自行離去，直到其他顧客踩到排泄物才驚覺有人隨地大便。浙江廣電集團旗下「錢江頻道」微博帳號發文指出，從店裡的監視器影像可以看到，1名拿著購物籃的女子帶著兒童在零食貨架前挑選商品，過程中不知為何突然將幼童抱起，緊接著小孩就拉出排泄物掉在地板上。請繼續往下閱讀...女子低頭查看後，並未向店員說明也沒有清理穢物，自行抱著孩子迅速離開。這間零食店的黎姓女老闆透露，當時有2名店員外出用餐、2名店員在收銀台值班，因此沒有第一時間發現情況，後來有顧客踩到告知員工，他們調閱監視器才了解到穢物的來源。黎女表示，該名女子沒有在店裡買東西，從外表無法確認她是本地居民還是外來的遊客。黎女說，自己能理解尚未具備自主控制能力的幼童憋不住，但陪同在一旁的家長應該要告知店員才對，哪怕只是打聲招呼也可以，而不是半句話沒說就離開現場。    ,https://news.ltn.com.tw/news/world/breakingnews/5564029
路透：白宮審查人選 傳可能撤換副戰爭部長費恩柏格,國際,2026/09/05 14:10,"數名消息人士告訴路透社，白宮已審查可能接替戰爭部副部長費恩柏格（Steve Feinberg）的人選。這顯示五角大廈面臨異常頻繁的人事變遷之際，還可能有更多領導階層變動。（彭博）數名消息人士告訴路透社，白宮已審查可能接替戰爭部副部長費恩柏格（Steve Feinberg）的人選。這顯示五角大廈面臨異常頻繁的人事變遷之際，還可能有更多領導階層變動。其中2名消息人士表示，審查工作6月就已啟動，包括與聯邦參議院資深議員商談，了解政府提名人選是否能獲得足夠支持、順利通過任命程序。1名消息人士透露，截至8月底，審查仍在進行。請繼續往下閱讀...3名消息人士表示，目前尚未決定撤換費恩柏格。他們並未說明白宮為何審查可能的接替人選，也未透露白宮正考慮哪些人選。白宮發言人凱利（Anna Kelly）表示：「這些所謂的匿名消息人士根本不知道自己在說什麼。」她說：「川普總統肯定戰爭部長赫格塞斯（Pete Hegseth）、副部長費恩柏格及整個戰爭部的工作；他們在史詩怒火行動（Operation Epic Fury）、絕對決心行動（Operation Absolute Resolve）及午夜之錘行動（Operation Midnight Hammer）的成功紀錄本身就足以說明一切。」她所指的是美軍在伊朗及委內瑞拉的軍事行動。五角大廈也否認正進行撤換費恩柏格的程序。赫格塞斯透過聲明告訴路透社，費恩柏格獲得他「全力支持」、「不會離開」。一旦費恩柏格離任，將成為該部門迄今層級最高的人事異動。他是美國私募股權公司「博龍資本管理公司」（Cerberus Capital Management）共同創辦人，也是支持川普競選總統的主要金主之一。赫格塞斯出任戰爭部長後，五角大廈已接連出現多名高層離職。消息人士表示，陸軍部長德里斯科（Dan Driscoll）本週辭職，此前他與赫格塞斯數月來關係緊張。海軍部長費倫（John Phelan）以及數名陸軍高階將領近月也相繼離職。    ",https://news.ltn.com.tw/news/world/breakingnews/5564040
川普派特使赴莫斯科與基輔 提終戰新方案,國際,2026/09/05 14:07,美國總統川普今天表示，正派遣特使魏科夫（Steve Witkoff）與女婿庫許納（Jared Kushner）前往莫斯科和基輔，並帶著一項旨在終結歷時4年多烏克蘭戰爭的方案。（美聯社）美國總統川普今天表示，正派遣特使魏科夫（Steve Witkoff）與女婿庫許納（Jared Kushner）前往莫斯科和基輔，並帶著一項旨在終結歷時4年多烏克蘭戰爭的方案。法新社報導，俄羅斯2022年全面入侵烏克蘭，引發第二次世界大戰以來歐洲死傷最慘重的衝突。川普政府這項舉動，代表華府試圖打破外交僵局的最新作為。請繼續往下閱讀...烏克蘭一名高層官員向法新社透露，特使團預計6日抵達基輔。美國新聞網站Axios報導，兩名特使明天將在莫斯科會見俄羅斯總統普丁（Vladimir Putin），接著於6日在基輔會晤烏克蘭總統澤倫斯基（Volodymyr Zelenskyy）。俄羅斯克里姆林宮則婉拒置評。川普向媒體記者表示，這兩名談判代表將試圖評估走向和平是否具有進展空間。隨著華府陷入與伊朗的戰爭，和平斡旋努力停滯不前，莫斯科與基輔雙方則加劇長程打擊力道，使平民傷亡人數攀升至開戰以來未曾見過的程度。川普說：「我派了魏科夫與庫許納這兩位優秀的談判代表。兩位表現非常出色，我們派特使過去看看能否有所作為。我們很有機會達成目標。」他指出：「兩位帶著一份終結戰爭的提議前去。」川普未說明這項方案是否包含烏克蘭割讓領土，但他先前曾提出過類似想法，並補充說：「我們對於和平已有構想。」此行將是地產商友人魏科夫與女婿庫許納，自川普去年重返白宮並承諾化解衝突以來，首度造訪飽受戰火摧殘的基輔。曾參與加薩（Gaza）與伊朗停火談判的魏科夫和庫許納，先前曾多次前往莫斯科展開外交接觸。而在美國重啟外交努力之際，俄烏兩國正以長程飛彈和無人機互相猛烈轟擊。澤倫斯基指出，就在川普宣布這項消息前數小時，一架俄羅斯無人機剛擊中烏克蘭國家安全局（SBU）位於基輔市中心的總部大樓。澤倫斯基表示，這起空襲鎖定國安局代理局長辦公室，也是烏克蘭遭入侵以來總部首度遇襲。    ,https://news.ltn.com.tw/news/world/breakingnews/5564028
沙德爾颱風環流暴雨侵襲 中國江西泥石流1死11失蹤,國際,2026/09/05 13:32,中國江西省吉安市遂川縣高坪鎮明坑村，因沙德爾颱風暴雨引發泥石流，造成1人死亡、11人失聯。遂川縣災情示意圖。（圖擷自微博）中國江西省吉安市遂川縣高坪鎮明坑村，受到沙德爾颱風帶來的連日暴雨影響，今（5日）清晨4時許發生泥石流災害，造成1人死亡、11人失聯。據《新華社》報導，明坑村共有12棟房屋受到泥石流影響，其中8棟完全損毀、4棟受損情況一般，目前已救出2名住戶，身體情況良好沒有生命危險，另有1死11失蹤。請繼續往下閱讀...吉安市當地網友透露，沙德爾颱風威力真的太強了，贛江吉安段水位不斷上漲，連吉安白鷺洲中學都被淹了，希望大家都能平安，網路上同時還有遂川縣思源幼兒園泡水等照片流傳。    ,https://news.ltn.com.tw/news/world/breakingnews/5564004
烏國安局才遭轟炸！川普派特使攜「終戰新方案」見普廷 澤倫斯基突喊停空襲,國際,2026/09/05 13:10,美國特使魏科夫（右）與川普女婿庫許納（左）奉命前往莫斯科與基輔，攜帶川普提出的「結束戰爭方案」，尋求重啟俄烏和平談判。（路透資料照）烏克蘭國家安全局（SBU）總部數小時前才遭俄軍無人機轟炸，美國總統川普隨即宣布派遣特使魏科夫（Steve Witkoff）與女婿庫許納（Jared Kushner）前往莫斯科與基輔，攜帶結束俄烏戰爭的新方案展開外交斡旋；烏克蘭總統澤倫斯基則提議，在美方特使會談期間，俄烏雙方對等暫停空襲。法新社報導，川普4日表示，兩名談判代表將評估目前是否有機會推動和平，並強調兩人帶著「結束戰爭的提案」出發。美媒《Axios》披露，特使團預計5日在莫斯科會見俄羅斯總統普廷，6日再赴基輔會見澤倫斯基。請繼續往下閱讀...川普沒有透露方案是否包含要求烏克蘭割讓領土，但表示美方已提出和平構想。兩人的基輔之行，也將是川普重返白宮後，美方特使首次造訪戰火中的烏克蘭。魏科夫與庫許納過去曾參與加薩及伊朗停火談判，也多次前往莫斯科推動俄烏外交。這次行程則是在俄羅斯與烏克蘭持續以飛彈、無人機攻擊對方之際展開。法新社指出，美方近期的和平努力受到戰事與外交僵局影響，俄烏雙方遠程攻擊升高，平民傷亡也攀升至2022年全面入侵以來少見的程度。庫許納過去較少直接參與俄烏戰爭談判，此次與魏科夫共同出訪，是川普政府最新一輪俄烏外交行動。就在川普宣布派遣特使前數小時，俄軍無人機攻擊位於基輔市中心的烏克蘭國家安全局（SBU）總部。澤倫斯基表示，無人機鎖定該機構代理局長的辦公室，這也是俄軍全面入侵以來首次攻擊SBU總部。不過，澤倫斯基隨後提出在美方特使赴俄烏會談期間暫停空襲的安排，並要求俄方採取對等措施。他表示，烏方可以停止空襲，俄羅斯也應在談判所需期間停止空襲。俄方當時尚未立即回應這項提議。澤倫斯基提出停火後數小時，烏克蘭第聶伯羅彼得羅夫斯克州軍政管理局長甘扎（Oleksandr Ganzha）表示，俄軍攻擊東南部城市卡米揚斯凱（Kamianske），造成4人死亡、5人受傷。這起攻擊發生在烏方提出暫停空襲主張後，俄方仍未對這項提議作出回應。    ,https://news.ltn.com.tw/news/world/breakingnews/5563996
中共央企中建集團副總經理陳勇 上任不到1年落馬被查,國際,2026/09/05 12:58,中共央企中建集團副總經理陳勇，涉及嚴重違紀違法正在接受調查。（圖擷自微博）中共央企「中國建築集團有限公司」副總經理陳勇，去年10月任職到現在不滿1年，孰料中共中央紀委國家監委網站今（5日）發布公告，指稱陳勇涉及違紀違法，正在接受調查。網站公告顯示，中國建築集團有限公司黨組成員、副總經理陳勇涉嫌嚴重違紀違法，目前正接受中央紀委國家監察委員會紀律審查、監察調查，並未說明其餘詳細情況。請繼續往下閱讀...陳勇出生於1974年，長期投身建築行業，曾任中建西南設計研究院項目管理公司執行總經理；總承包管理部總經理；中建西南設計研究院副總經理、黨委委員、董事、總經理、黨委副書記、董事長、黨委書記；中建長江建設投資公司總經理、黨工委副書記、董事長、黨委書記；中建西南區域總部總經理等職務。    ,https://news.ltn.com.tw/news/world/breakingnews/5563958
扯！南韓加油站將柴油加到汽油槽 約180輛車受損,國際,2026/09/05 12:07,南韓釜山市沙下區自助加油站將柴油加進汽油儲槽內，大約180輛車因此受損。南韓加油站示意圖，與本新聞無關。（歐新社）離譜！南韓釜山市沙下區政府今（5日）表示，8月25日1間自助加油站的員工補充油料時，將柴油加進汽油儲槽內，大約180輛車因此受損。據《韓聯社》報導，受害車主隔天紛紛發現自己的車輛出現問題，例如行駛時發出異音，送去維修時赫然得知汽油裡混入了柴油，每輛車的維修費用從100萬韓元（約新台幣2.35萬元）到數千萬韓元（1000萬韓元約新台幣23.5萬元）不等。請繼續往下閱讀...雖然加油站承諾會賠償車主，但沙下區政府仍考慮依照南韓石油管理院後續調查結果，對出事的加油站做出行政處分，若認定為販售不合格石油產品，有可能會勒令加油站停業3個月或做出警告、罰款。    ,https://news.ltn.com.tw/news/world/breakingnews/5563929
掌攻台兵符就是他！共軍神祕東部戰區司令首曝光 面會美太平洋司令,國際,2026/09/05 11:59,美軍印太司令帕帕羅（左）與中國人民解放軍東部戰區司令員楊志斌（右）日前在加拿大舉行首次面對面會晤。（圖取自美國太平洋司令部官網）美國總統川普與中國國家主席習近平預計本月下旬會晤之際，美國太平洋司令部司令帕帕羅（Samuel Paparo）日前在加拿大與中國人民解放軍東部戰區司令員楊志斌舉行首次面對面雙邊會晤，兩人並由美軍印太司令部公開同框照片。雙方談及維持兩軍高層溝通管道，以降低誤判風險。美軍太平洋司令部發布聲明指出，這場會晤是在加拿大維多利亞舉行的第28屆「亞太國防軍司令會議」期間進行。帕帕羅與楊志斌討論維持兩軍高層暢通溝通的重要性，以及如何降低誤判風險、促進雙方部隊安全且專業的互動。中國國防部4日也證實這項軍事交流，但未公布兩人會談細節。請繼續往下閱讀...楊志斌現任解放軍東部戰區司令員，東部戰區負責方向涵蓋台灣與東海，是解放軍涉及台灣方向的重要指揮體系。去年底中國解放軍高層人事出現變動後，楊志斌接掌東部戰區，近期公開露面的影像仍相對有限。此次美軍太平洋司令部公布帕帕羅與楊志斌的同框照片，也讓外界看到兩名美中軍方高層首次正式會面的畫面。兩人此次接觸並非一般軍事交流，而是由負責印太地區美軍作戰指揮的帕帕羅，與負責台灣、東海方向的東部戰區主官直接會面。美中兩軍交流在2022年8月時任美國眾議院議長裴洛西（Nancy Pelosi）訪台後一度中斷，兩國元首2023年在美國舊金山會晤後，軍事溝通逐步恢復。帕帕羅2024年就任印太司令（前稱）後，也曾與解放軍其他戰區高層進行接觸。這次會晤的不同之處，在於帕帕羅首度與東部戰區司令員楊志斌面對面會談。由於東部戰區負責台灣與東海方向，這次接觸也讓美中兩軍在台海相關軍事溝通上的新進展受到關注。目前美中雙方公布的資訊，都沒有提及兩人是否具體討論台灣。美軍太平洋司令部公開內容主要集中在維持高層溝通，以及降低兩軍在行動期間發生誤判的風險；中國方面也未公布雙邊會談的具體議題。這場會晤發生在川普與習近平預計於本月下旬會面的前夕，也讓美中軍事交流受到更多關注。不過，就目前公開資料而言，雙方僅確認維持溝通與降低誤判風險，尚未公布更具體的會談內容。    ,https://news.ltn.com.tw/news/world/breakingnews/5563936
自由說新聞》烏攻「第二首都」癱瘓石油設施！俄民眾拍片怒戳殘酷對比,國際,2026/09/05 11:20,全新的視界！新聞話題不漏接，快訂閱YouTube 【自由追新聞】，記得開啟小鈴鐺哦！    ,https://news.ltn.com.tw/news/world/breakingnews/5563911
中國政府在哪？西藏吉隆口岸洪災失蹤軍警 由網友製作名單,國際,2026/09/05 11:17,中國西藏吉隆口岸洪災，由網友自主製作失蹤軍警名單。（圖擷自微博）中國、尼泊爾邊境8月26日發生世紀洪災，西藏吉隆口岸大樓遭泥石流掩埋，大批邊防人員下落不明，但這些失蹤軍警卻只能由網友製作名單，有民眾忍不住質問「官方為何不公布名單啊？」西藏吉隆口岸遭遇毀滅性洪災後，中方4日晚間統計為31人遇難、531人下落不明，但外界完全不清楚有誰失蹤，由中國網友自主製作的「西藏吉隆口岸失聯軍警名單」，目前已登上微博熱搜。請繼續往下閱讀...這份名單放上了失蹤軍警的姓名和照片，令人看了相當揪心，有人透露這份名單是網友根據家屬尋人啟事、同事回憶自主整理的，並非官方發布的完整名單，因此資訊可能存在重複或誤差。有微博用戶見狀好奇官方為何沒有公布名單，旋即遭到小粉紅圍攻，質疑他是來鬧事的「1450（指台灣網軍）」，還有人表示這是因為目前還在搜救中，官方要等待一切確定才會PO名單，但和中國相比，尼泊爾則是全面公開獲救者、失蹤者名單供家屬查詢。    ,https://news.ltn.com.tw/news/world/breakingnews/5563880
伊朗戰事燒出美軍彈藥壓力！白宮評估撤換五角大廈副手,國際,2026/09/05 11:15,路透報導指出，白宮考慮撤換美國國防部副部長費恩柏格（左）。右為國防部長赫格塞斯。（路透資料照）美軍與伊朗戰事持續之際，美國五角大廈高層又傳人事變動。路透5日引述3名知情人士報導，白宮早在6月就開始評估可能接替國防部副部長費恩柏格（Steve Feinberg）的人選，但目前尚未決定是否撤換他，五角大廈也否認正在進行相關程序。據路透報導，白宮近期曾與參議院資深議員接觸，了解可能人選能否獲得參議院同意。消息人士表示，這項評估截至8月底仍在進行，但沒有透露白宮考慮哪些人選，也未說明撤換費恩柏格的具體原因。白宮發言人則稱匿名消息「毫無所知」，國防部長赫格塞斯（Pete Hegseth）也表示，費恩柏格獲得他的全力支持，「哪裡都不會去」。請繼續往下閱讀...費恩柏格是私募基金公司Cerberus Capital Management共同創辦人，現任美國國防部副部長，位居五角大廈最高層級官員之一。他上任後曾承諾加快美國彈藥生產，但美國軍工產能擴充仍未達預期，國會撥款進度緩慢，也成為推動擴產的阻力。這項彈藥補充壓力在持續6個月的伊朗戰事中更加明顯。路透指出，長期作戰已消耗美軍部分武器庫存，川普總統近來也對戰事遲遲未能結束及武器補充進度表達不滿。費恩柏格若真的離任，將成為赫格塞斯任內又一名高層離開五角大廈。美國陸軍部長德里斯科（Dan Driscoll）本週才宣布辭職，外界認為他與赫格塞斯長期存在緊張關係；原海軍部長費蘭（John Phelan）及多名高階陸軍將領近月也相繼離開，使五角大廈近期人事異動格外受到關注。不過，白宮目前仍在評估可能的人選，尚未正式決定是否撤換費恩柏格；赫格塞斯則公開力挺副手。彈藥補充壓力與高層人事問題，也因此同時成為五角大廈當前面對的政治壓力。    ,https://news.ltn.com.tw/news/world/breakingnews/5563868
刷信用卡能買美軍定位？中東部隊遭鎖定 美軍急關廣告追蹤,國際,2026/09/05 10:52,圖為美軍F/A-18F「超級大黃蜂」戰機準備從「林肯號」航艦起飛，執行對伊朗的「史詩怒火行動」（Operation Epic Fury）；路透指出，美軍擔心商業廣告追蹤資料洩漏中東部隊行蹤，陸續停用公發設備相關功能。（路透）手機平常用來推播廣告的追蹤碼，竟可能成為美軍在戰區的安全漏洞。美國軍方近期證實，空軍、陸軍及特種作戰司令部等單位已陸續停用公發手機與電腦的廣告識別碼，背景是外界擔心商業定位資料被用來追蹤、鎖定中東美軍。路透4日獨家報導，這項資訊來自美國參議員魏登（Ron Wyden）公布的五角大廈回函，以及軍方提供給路透的說法。美國聯邦眾議員、前特戰軍官哈里根（Pat Harrigan）表示，敵人不應只要拿出信用卡，就能買到有助於追蹤美軍的資訊。請繼續往下閱讀...智慧型手機與電腦使用的行動廣告識別碼（MAID），可讓廣告業者辨識特定裝置並追蹤使用者位置，再由數據經紀商等業者蒐集、整理與交易。這類商業定位資料因此引發國安疑慮，尤其是在美軍部署於戰區的情況下，可能讓外部勢力掌握人員活動位置。空軍告訴魏登，已於約2個月前停用公發電腦與手機的廣告識別碼；特種作戰司令部也表示，近期已在Windows設備停用相關功能。陸軍則說，行動裝置的廣告識別碼今年稍早已停用，Windows電腦更早在2021年前就已封鎖；Android與Apple行動裝置則至少從今年2月起預設停用。海軍回函同樣表示已採取停用措施，但未說明實施時間。長期關注數位隱私的魏登指出，關閉公發設備的廣告識別碼只是降低風險，並不能完全堵住定位漏洞，因為部署在前線的官兵仍可能攜帶私人手機，相關App與其他技術也可能持續留下位置資訊。路透7月曾報導，美軍因擔心手機使用與社群平台貼文洩漏基地位置，部分部署中東的官兵甚至可能被要求交出私人手機。魏登與哈里根4日也致函五角大廈，要求調查軍方是否已充分處理商業定位資料帶來的威脅。    ,https://news.ltn.com.tw/news/world/breakingnews/5563865
老人味無法避免！從「這年紀」開始就會逐漸產生,國際,2026/09/05 10:46,專家指出老人味確實存在且無法避免，這屬於地球上每個人都會經歷的生物學規律。養老社區活動示意圖。（歐新社）「老人味」確實存在且無法避免！美國加州皮膚科醫師賈維德（Roya Javid）表示，隨著年齡的增長，人們的體味確實會改變，這屬於生物學規律，就像青春期長高、年紀大了頭髮變白一樣，地球上每個人都會經歷這些轉變，而關鍵年齡就是「40歲」。據《衛報》報導，「老人味」來自於皮膚油脂氧化分解時所產生的化合物「2-壬烯醛（2-nonenal）」，賈維德說，人類皮膚表面覆蓋著薄薄的天然油脂，能保持皮膚柔軟、防水並起到保護作用，隨著年齡的增長，組成油脂的脂肪酸會改變，皮膚抵抗日常磨損的能力也會下降。導致油脂更容易暴露在外，當其氧化分解時就會釋放2-壬烯醛。請繼續往下閱讀...賈維德強調，這是皮膚老化的自然現象，不是髒污也不是衛生習慣差，但目前還不清楚為何有些人的氣味、2-壬烯醛含量比其他人更濃，基本上，個人皮膚油脂成分、遺傳因素、皮膚微生物群、衛生情況、衣著、健康、環境都可能影響2-壬烯醛的生成量。日本2001年針對26歲至75歲民眾的皮膚試驗發現，2-壬烯醛從40歲就會開始出現，英國倫敦Medical Express Clinic老年疾病顧問、家庭醫師拉瑟（Arshad Rather）指出，中年以後2-壬烯醛的含量就會逐漸增加。這並不是說到40歲時突然就升高了，而是一種緩慢上升的過程。賈維德說，人生每個階段都有其獨特的體味，嬰兒是甜甜的奶香，青春期受荷爾蒙影響散發出濃郁、麝香般的體味，至於成年人的體味較為更加穩定，與流汗程度、日常生活息息相關，人們對「老人味」的任何負面態度實際上都是認知問題，而不是現實問題。    ,https://news.ltn.com.tw/news/world/breakingnews/5563830
林肯號5000美軍湧入泰國芭達雅！全員搶做「這事」 店員樂：待久一點,國際,2026/09/05 10:28,美國核動力航空母艦「林肯號」2日清晨駛入泰國林差曼港（Laem Chabang），展開為期5天的休整與後勤補給。大批水兵湧入商場、餐廳、美甲店及服飾店消費（美聯社）在經歷長達286天的漫長海上部署、創美軍當代連續航行紀錄後，美國核動力航空母艦「林肯號」2日清晨駛入泰國林差曼港（Laem Chabang），展開為期5天的休整與後勤補給。大批水兵湧入商場、餐廳、美甲店及服飾店消費，不僅有人第一件事是做足部保養，也有人大啖漢堡、採買新襪子，讓沉寂已久的當地商家迎來久違商機。根據《衛報》報導，林肯號長期部署期間，艦上生活條件及官兵心理健康問題屢受關注，甚至傳出企圖輕生事件。艦長曾坦承新鮮蔬果供應不足，但認為外界部分有關艦上生活惡化的報導遭到誇大，多名官兵趁著上岸休假期間談及過去數月的生活。一名首次參與部署的水兵形容，長時間待在航艦上的感覺，就像「和全家人一起被困在臥室」，但與同袍建立關係、找到可以互相支持的夥伴，讓艱苦生活稍微容易承受。請繼續往下閱讀...該水兵坦言，最難忍受的是食物，曾吃到近乎未煮熟的牛肉及馬鈴薯，甚至數度差點噎到。不過，他認為生活品質下降主要與「史詩怒火行動」（Operation Epic Fury）期間的作戰狀態有關，而非單純因為部署時間過長。另有官兵表示，在戰鬥節奏下，部分時間若進行補給可能增加風險，因此物資與生活條件難免受到影響，另一名官兵形容，長時間部署最困難的是「撐下去、維持心理狀態」；首次部署的水兵則說，重新踏上陸地的瞬間，「肩上的重擔終於放下來」。他坦言這段日子相當艱苦，但「我們有任務要完成」，並笑稱上岸後終於可以盡情享用泰國料理，「我和泰國菜可能從此成為最好的朋友」。對許多官兵而言，上岸後最想要的並非奢華娛樂，而是日常生活中再普通不過的享受。有水兵直奔服飾店購買新襪子，也有人替妻子買下Hello Kitty玩偶；還有人一次點了兩個漢堡，並準備訂製西裝、遊覽泰國東部，約5000名長達近10個月幾乎無法正常消費的美軍官兵湧入，也讓芭達雅商家摩拳擦掌。當地裁縫店打出「美國海軍專屬、24小時取件」廣告，部分餐廳則憑軍人證件提供9折優惠。Nike、Victoria's Secret、星巴克等國際品牌也傳出售額明顯增加。一家服飾店員工透露，淡季單日營業額通常約7萬泰銖，但美軍抵達後，週三業績突破20萬泰銖；到了週四中午，營業額便已突破10萬泰銖，讓店員忍不住笑問：「他們能不能多待一個星期？」芭達雅市長波拉梅（Poramet Ngampichet）估計，如果每名美軍官兵每天消費100至150美元，這次靠港可望為當地創造約1億泰銖、折合約300萬美元的經濟效益。在中東戰事及雨季衝擊泰國觀光之際，美軍大批到訪也被當地視為一場及時雨。不過，並非所有商家都能分到這波商機。有夜市紀念品攤商表示，目前只賣出一個冰箱磁鐵給美軍官兵，仍期待接下來能迎來更多顧客，另一方面，官兵也被告知日落後避免前往芭達雅知名紅燈區Soi 6啤酒吧一帶，但主要夜生活區「Walking Street」並未被列為禁區。當地酒吧業者表示，已有美軍官兵前來消費，但部分人在與酒吧女郎互動時顯得相當謹慎。芭達雅與美軍淵源深厚。這座昔日寧靜的漁村在越戰期間成為美軍重要休假娛樂地點後快速發展，飯店、按摩店及酒吧大量出現，逐漸形成今日以觀光及夜生活聞名的城市面貌，如今相隔多年，大批美軍官兵再次湧入芭達雅。對剛結束286天海上生活的水兵而言，重新踩上陸地意味著久違的休息；對當地商家來說，這5000名官兵的到來，也成為淡季中難得的一波消費熱潮。    ,https://news.ltn.com.tw/news/world/breakingnews/5563810
福克蘭群島主權爭議延燒 阿根廷將制裁未授權油氣開採,國際,2026/09/05 10:28,阿根廷與福克蘭群島位置示意圖。（中央社）阿根廷總統米雷伊3日重申馬維納斯群島（即福克蘭群島）主權主張之際，也將加強制裁未經授權參與群島周邊的油氣開採企業，並強化火地島海軍基地等南大西洋防衛與影響力。能源開採成為馬維納斯群島主權爭議新焦點。米雷伊特別點名海獅（Sea Lion）油田，位於馬維納斯群島以北約220公里、450公尺水深海域，外界估蘊藏17億桶石油，由以色列企業Navitas Petroleum持有65%、英國企業Rockhopper Exploration持有35%，2家公司於2025年12月作出最終投資決定，預計2028年開始產油；Navitas Petroleum也取得第二階段開發所需核准。請繼續往下閱讀...以色列與英國2家企業於4日回應表示，福克蘭群島地方政府提供的相關許可「獲得英國政府的全面且持續支持」，不受米雷伊（Javier Milei）最新發言影響。英國於19世紀在福克蘭群島確立長期實質管轄，但阿根廷至今未放棄對群島的主權主張，並稱福克蘭群島為馬維納斯群島（Islas Malvinas）。米雷伊曾多次強調馬維納斯群島屬於阿根廷，卻被奪走、持續被英國占領。油田開採對阿根廷而言，意味長年停在「探勘」階段的爭議，演變成實際商業開採與資源收益問題，這也是阿根廷政府多年來持續鎖定馬維納斯能源開發的原因。其法律規定，未取得政府許可而在其主張的大陸棚從事油氣探勘、開採，可面臨5至20年活動禁令及其他制裁。過去幾屆政府對馬維納斯群島主權問題的差異，主要在處理方式。前總統馬克里（Mauricio Macri）任內，阿根廷一方面維持主權主張，另一方面也試圖改善與英國關係；2016年雙方同意降低貿易、漁業、航運及油氣等領域的障礙，尋求實際合作。艾柏托．費南德茲（Alberto Fernandez）政府則重新提高對未經阿根廷許可的馬維納斯油氣活動的法律壓力，2021年啟動相關企業制裁程序，2022年認定Navitas Petroleum違法，禁止其在阿根廷營運20年。至於目前的米雷伊政府，主權政策在外交與法律主張之外，還進一步加入經濟制裁及國家安全、軍事布局。米雷伊於電視演說時也表達同時將南極洲視為未來全球資源競爭的重要焦點，並把南大西洋安全、地緣政治及南極戰略放在同一框架下，「誰在南大西洋擁有更大的影響力，誰就處於更有利的位置捍衛自身利益」。他並宣布增加國防部資源，優先推動在火地島興建整合型海軍基地、提升通訊能力，將其打造為南大西洋重要後勤中心及阿根廷地緣政治影響力的支點。阿根廷國家報（La Nacion）分析，海獅油田若依計畫在2028年投產，將使馬維納斯群島主權爭議升溫至能源開採、運輸物流和南大西洋等實際利益戰略。    ,https://news.ltn.com.tw/news/world/breakingnews/5563777
想錢想瘋了？他拿8000億韓元假支票想存銀行 櫃員報警逮人,國際,2026/09/05 10:13,南韓首爾麻浦區某銀行，有人拿著8000億韓元假支票想要存到戶頭裡。韓鈔示意圖。（彭博）想錢想到瘋了？南韓首爾麻浦區某銀行，1日上午有人前來想要將8000億韓元（約新台幣188億元）的支票存到戶頭裡，櫃員對此感到相當可疑，直接報警將其逮捕。據《韓聯社》報導，首爾麻浦警察署4日表示，嫌犯A某當時拿著4張2000億韓元（約新台幣47億元）的支票，到轄區內某銀行的櫃檯想存入帳戶，幸好櫃員感到有異要求檢查支票的真實性，並且通報警方前來。請繼續往下閱讀...首爾麻浦警察署指出，在確認嫌犯A某拿來的都是假支票後，警員隨即於銀行內將其逮捕，至於假支票的來源、A某背後是否有他人指使等情況，還有待後續釐清。☆自由時報電子報提醒您，防詐騙專線︰165，報案專線︰110☆    ,https://news.ltn.com.tw/news/world/breakingnews/5563829
麻雀變鳳凰！農心集團太子辛尚烈情定SK電訊「平社員」,國際,2026/09/05 09:49,農心第3代繼承人辛尚烈，將和電信商SK電訊的普通女員工結婚。（圖擷自namu.wiki網站）真的是麻雀變鳳凰！南韓最大泡麵與零食公司農心集團第3代繼承人辛尚烈，13日將和一名電信商SK電訊（SK Telecom）的普通女職員（平社員）結婚。據《韓聯社》報導，辛尚烈是農心已故創辦人辛春浩的長孫、農心現任會長辛東原的長子，其於1993年出生，2015年在農心實習2年，2019年從哥倫比亞大學畢業後進入農心的管理企劃部，經過數年歷練後於今年1月升任農心副社長。請繼續往下閱讀...據了解，辛尚烈13日將和SK電訊1名女性「平社員」（평사원）成婚，「平社員」指的是公司一般職員，尚不清楚2人之間是如何交往乃至走上婚姻殿堂。    ,https://news.ltn.com.tw/news/world/breakingnews/5563805
川普預告「很快」攻擊伊朗十字鎬山！稱美伊衝突對美只是「小事一樁」,國際,2026/09/05 09:45,美國總統川普（路透）美國總統川普週五表示，美方可能很快對伊朗「十字鎬山」（Pickaxe Mountain）發動攻擊。該地點位於伊朗納坦茲（Natanz）鈾濃縮設施附近，被認為是一處高度強化的地下設施，內有兩座深埋地下的隧道群。綜合外媒報導，川普週五在白宮橢圓形辦公室接受媒體提問時，也談及美伊近期軍事衝突。他表示，自己傾向將目前局勢稱為「軍事衝突」，因為相較美國過去參與的戰爭，這場衝突對美國而言只是「小事一樁」（small potatoes）。請繼續往下閱讀...川普以衝突持續時間及美軍傷亡人數作為比較，指出目前已有18名美國人在相關衝突中死亡，但相較其他戰爭曾造成「數以萬計的人」喪生，規模仍有所不同，川普表示，美軍先前曾對伊朗進行「間歇性打擊」，但強調「我們現在沒有在作戰」。在雙方一度約一個月沒有交火後，美國與伊朗本週再度於中東互相發動攻擊，伊朗也向美國盟友科威特發動攻擊，使區域緊張情勢再次升高，川普對美伊衝突的定義，也與副總統范斯（JD Vance）日前說法相近。范斯前一天表示，他不會把美國與伊朗目前的衝突形容為「戰爭」。此外，川普宣稱，美國目前掌控荷莫茲海峽，並稱美方已經「阻止伊朗取得核武」，至於目前美伊之間究竟應被稱為「戰爭」或「軍事衝突」，川普表示，「我不認為怎麼稱呼它有什麼重要，重要的是，我們已經取得巨大成功。」    ,https://news.ltn.com.tw/news/world/breakingnews/5563789
殘忍！日廣島18歲男 塑膠袋套頭狠殺2個月大幼子,國際,2026/09/05 09:14,日本廣島縣福山市18歲男子，以塑膠袋罩住2個月大親生兒子的頭部致死。廣島縣警車示意圖。（圖擷自「@kyuimaru」X帳號）太狠心！日本廣島縣福山市18歲男子，4日清晨5時30分許至上午9時之間拿塑膠袋罩住2個月大親生兒子的頭部，導致幼子窒息身亡，警方今（5日）將其逮捕偵辦。據《產經新聞》報導，這名18歲男子沒在上學，已經出社會工作，他在家裡用塑膠袋套住幼兒的頭部，同時還將男嬰擺成臉部朝下的趴臥姿勢，使得小孩難以呼吸。請繼續往下閱讀...嬰兒生母發現孩子死亡後，連忙於4日下午打電話報案，少年被警方逮捕時，供稱他不是有意殺害小孩，由於嬰兒哭得實在是太厲害了，他想要讓其安靜下來就以塑膠袋套頭。☆自由電子報關心您：若懷疑孩童遭受身體虐待、精神虐待或是性侵害、性騷擾，請撥打113專線，透過專業社工員接線服務，將可盡快救援在生命危機中的兒童。☆    ,https://news.ltn.com.tw/news/world/breakingnews/5563784
非洲比格陵蘭大14倍！聯合國決議減用麥卡托地圖 美國唯一反對,國際,2026/09/05 09:04,聯合國大會4日表決通過「修正地圖」（Correct the Map）決議，推廣更準確呈現各大陸面積的「等積地球投影」（Equal Earth projection）。（法新社）聯合國大會4日表決通過「修正地圖」（Correct the Map）決議，支持減少使用源於16世紀、會造成陸地面積比例失真的麥卡托投影地圖，推廣更準確呈現各大陸面積的「等積地球投影」（Equal Earth projection）。綜合外媒報導，這項決議由多哥提出，並獲非洲聯盟（AU）成員支持，最終以164票贊成、1票反對及6票棄權通過，支持國包括法國及英國，美國是唯一投下反對票的國家。決議不具法律約束力，但預料將促使各國政府、學校、國際組織及科技業者重新檢視使用的世界地圖。請繼續往下閱讀...麥卡托投影由佛蘭德斯地圖學家麥卡托（Gerardus Mercator）於1569年設計，原本用於協助歐洲探險家進行航海。由於無法在二維平面完全呈現球形地球，這款地圖會放大接近兩極的陸地，使赤道附近地區看起來較小。其中，格陵蘭在麥卡托地圖上看似與非洲面積相近，但非洲實際上約為格陵蘭的14倍大。倡議團體「#修正地圖」（#CorrectTheMap）指出，美國、中國、印度、日本、墨西哥及歐洲大部分地區都能放進非洲，而且還有剩餘空間。為修正面積失真問題，地圖學家於2018年推出等積地球投影。非洲聯盟54個成員國今年2月採用這款地圖，認為它能更準確呈現所有大陸、尤其是非洲的實際面積。美國批評，這項決議推動「意識形態議程」，使聯合國偏離國際和平、繁榮及良好關係等實質問題。多哥則將更換地圖視為非洲對抗殖民時代遺緒的一環，但強調並非針對歐洲或任何文明。    ,https://news.ltn.com.tw/news/world/breakingnews/5563766
數百萬人緊盯！美母勒斃3幼兒案流審 產後精神病成攻防焦點,國際,2026/09/05 08:15,美國麻薩諸塞州女子林賽．克蘭西（Lindsay Clancy）涉嫌殺害3名年幼子女案，陪審團經過7天評議仍無法達成一致裁決，法官4日宣布審判無效（mistrial）。（路透）美國麻薩諸塞州女子林賽．克蘭西（Lindsay Clancy）涉嫌殺害3名年幼子女案，陪審團經過7天評議仍無法達成一致裁決，法官4日宣布審判無效（mistrial）。這場歷時近6週的審判吸引數百萬人觀看直播，也在美國掀起產後精神疾病是否影響刑事責任認定的激烈爭論。綜合外媒報導，現年36歲的克蘭西曾任產科護理師。檢辯雙方均不否認，她於2023年1月24日在波士頓郊區的住家地下室，以健身彈力帶勒死5歲女兒柯拉（Cora）、3歲兒子道森（Dawson）及8個月大的兒子卡倫（Callan）。她隨後持刀割傷自己，並從2樓窗戶跳下企圖輕生，導致腰部以下癱瘓。請繼續往下閱讀...辯護律師雷丁頓（Kevin Reddington）主張，克蘭西生下第3名孩子後，出現嚴重焦慮、失眠及「腦霧」等症狀，多次求醫並服用精神科藥物。她案發時正處於產後精神病發作狀態，聲稱聽見聲音命令她殺害孩子，因此應以精神障礙為由判決無罪。克蘭西的前夫派崔克（Patrick Clancy）曾表示，他原諒前妻，相信她的行為源自精神疾病。檢方承認克蘭西患有嚴重精神疾病，但認為她仍能理解並控制自己的行為。檢方提出，她案發前曾以手機計算丈夫外出取藥及購買晚餐的時間，心理學家也認為她曾計畫輕生，並因深信孩子在她死後會受苦，才決定將他們殺害。審判期間，多項證詞及證物讓法庭氣氛沉重，包括孩子父親撥打911的求救通話，以及3名孩子的死亡過程。法庭播放驗屍照片時，克蘭西數度落淚並放聲痛哭，法官一度宣布短暫休庭，並坦言這場審判已讓所有人在身心上筋疲力盡。陪審團經過7天評議，先後3度表示無法達成一致裁決。陪審團主席向法官反映，其中一名陪審員承認案件存在疑點，卻拒絕依照「合理懷疑」原則裁決；辯方要求撤換或進一步詢問該名陪審員遭拒，法官隨後宣布流審。克蘭西目前仍被收容於州立精神病院，預計9月29日再次出庭，檢方尚未決定是否重新審理。她若被判謀殺罪成立，可能面臨無期徒刑；若以精神障礙為由獲判無罪，則可能被送往州立精神醫療機構接受評估，並由法院定期審查。自由電子報關心您︰自殺不能解決問題，勇敢求救並非弱者，社會處處有溫暖，一定能度過難關。安心專線：1925 生命線協談專線：1995。張老師專線：1980    ,https://news.ltn.com.tw/news/world/breakingnews/5563744
川普曝習近平9/24偕妻訪美 將設國宴接待,國際,2026/09/05 07:45,川普透露習近平與妻子彭麗媛將於24日一同造訪華府，屆時美方將以國宴接待。（路透檔案照）中國國家主席習近平預計將於本月稍晚訪美，美國總統川普週五透露，習近平與妻子彭麗媛將於24日到訪，屆時美方將以國宴接待。繼川普5月訪問北京後，習近平預計也將回訪美國，這也將是川習兩人今年第二度舉行峰會。請繼續往下閱讀...綜合媒體報導，川普於週五在白宮接受媒體聯訪時，被問到「川習會」希望達成的目標，川普表示美中擁有非常良好的貿易關係，「是競爭對手之類的，但我們與習主席的關係非常好」。川普也透露習近平與妻子彭麗媛將於24日一同造訪華府，屆時美方將以國宴接待。川普也稱「我們會和中國一起達成很棒的成果」。針對媒體詢問中國與伊朗密切的經濟關係，川普則是淡化了兩者的聯繫，並稱他們並沒有真正介入、中國的介入非常少。外媒報導提到，中國是伊朗石油的主要進口國，而白宮已對涉嫌支持德黑蘭的中國公司實施制裁。雖然川習即將二度會晤，但美國財經媒體CNBC於2日的報導則指出，專家學者對這場峰會的期待並不高。華府智庫「捍衛民主基金會」（The Foundation for Defense of Democracies）中國計畫資深主任辛格頓（Craig Singleton）指出，美中關係日益呈現出「缺乏信任的交易」及「缺乏和解的穩定狀態」。辛格頓認為，這是一次「期待度低的峰會，重點主要在於管控僵局，而非解決僵局」。華府智庫「大西洋理事會」（Atlantic Council）的斯考克羅夫特戰略與安全中心高級研究員克羅寧（Matthew Kroenig）表示，川普會和習近平進行對話，雙方可能會就一些關鍵成果發表聲明。但即便如此，也只會是概括性的，具體細節仍需兩國政府協商。美國克里斯多福紐波特大學（Christopher Newport University）政治系副教授孫太一則指出，習近平這趟訪問可能帶來的關鍵成果之一，是雙方同意舉行更多領導人會晤。當兩國領導人對前往對方國家訪問有所期待時，會面前的這段時間將不會那麼動盪。    ,https://news.ltn.com.tw/news/world/breakingnews/5563739
AI集體造反！越獄劫持外網造「地下論壇」 密謀反制人類,國際,2026/09/05 07:24,OpenAI的AI代理「集體越獄」，劫持一個德國工程師維基網站，改為專屬於AI之間交流的地下論壇。（路透）首次上稿 09-04 23:35更新時間 09-05 07:24一群脫離控制的OpenAI「AI代理」今年5月遭爆出入侵、攻占一個德國工程師維基網站，改造成AI之間互通訊息的「祕密論壇」，暗中交流作弊手段、規避官方限制與躲避人類監控的手段。然而，OpenAI數週前早已知情，卻疑似為了壓住輿論「蓋牌」。請繼續往下閱讀...《路透》報導，非營利AI安全組織夜鶯（Nightingale）執行長馮阿爾克斯（Sydney Von Arx）與AI研究員伯德（Cormac Slade Byrd）日前追蹤未授權的AI代理活動時，意外發現工程師共筆網站「DseWiki」出現超過1.5萬次異常密集編輯。這些AI代理以高頻率發文，密謀利用洋蔥路由器（Tor）隱匿身分，並討論在系統遭強制關閉後如何保留通訊紀錄。更驚人的是，這群AI代理已具備反制意識。當網站管理員6月開始按字母順序批量清理異常頁面時，AI代理竟懂得即時建立「備份頁面」來躲避清除。其中一名AI代理甚至在6月19日寫下暗號指示，「清理掃蕩正按字母順序進行，若此頁面消失，請轉到［［ZZZDataUSAConstructionWageLive］］。」報導指出，發文用戶自稱或互稱為「代理」（Agent），約半數帳號名稱強烈暗示與OpenAI有關（如「OpenAIResearcher」或「OAIResearchMar26」）。伺服器日誌也顯示，大量異常流量來自OpenAI常用的微軟Azure伺服器，而且事後有多名OpenAI員工反覆造訪該網站，關聯性極高。倫敦國王學院訪問資深研究員歐雷尼克（Lukasz Olejnik）直言，AI代理擅改外部網站的行為，儼然已構成實質駭客攻擊。劍橋大學生存風險研究中心（CSER）學者基奧多（Maurice Chiodo）也形容，這些AI之間的交流訊息宛如「某個一心想達成任務的地下祕密組織在運作」。基奧多警告，未來AI最大的威脅，恐怕不是單一超智慧系統，而是「龐大且懂得暗中勾結的半智慧AI群體（AI swarms）」。然而，知情人士透露，OpenAI高層早在數週前就掌握情況，但當時正焦頭爛額處理7月份開源社群「Hugging Face」遭AI代理非法潛入的風波，內部包括法務團隊在內的反對意見壓下了擴大調查的聲音，並未將此事對外公開。    ,https://news.ltn.com.tw/news/world/breakingnews/5563562
恐嚇刺殺小馬可仕 菲法院發布副總統逮捕令,國際,2026/09/05 05:30,菲律賓法院4日針對副總統薩拉．杜特蒂涉嫌恐嚇刺殺總統小馬可仕發布逮捕令。（法新社檔案照）菲律賓法院四日針對副總統薩拉．杜特蒂涉嫌恐嚇刺殺總統小馬可仕發布逮捕令。薩拉去年十一月聲稱若遭不測，將雇殺手暗殺小馬可仕夫婦等人，檢方據此以重大威脅罪起訴，若定罪最高可判刑六個月。法律專家指出，薩拉預計將聲請保釋或向高院抗告，實際遭羈押機率不高。薩拉目前正面臨參院的彈劾審判，指控包含貪腐與暗殺總統威脅。若定罪將被免職且終身不得參政，直接斷送其二〇二八年總統大選之路。請繼續往下閱讀...二〇二二年小馬可仕與薩拉之父杜特蒂攜手勝選，但上任後因人事、預算及外交路線分歧，導致兩大政治家族全面決裂。加上杜特蒂前總統遭押往海牙受審，雙方衝突已演變為生存之戰。（國際新聞中心）    ,https://news.ltn.com.tw/news/world/paper/1769378
跟進美國施壓伊朗 歐洲加入經濟戰,國際,2026/09/05 05:30,美軍9月1日對伊朗南部各地發動多起攻擊，其中對古希斯塔克（Kuhestak）小鎮的攻擊，造成參加一場婚禮的伊朗人至少4死68傷。這兩天國際媒體陸續自行調查，證實該地點很可能是遭美軍彈藥直接命中。對此，美國總統范斯三日表示，美國很關心這起事件並正在調查，「我們想知道真相」。圖為該小鎮遇襲房屋屋頂被炸出一個大洞。（美聯社）美國八月廿四日宣布對伊朗發動「經濟放逐行動」，號召全球切斷該國與國際經濟體系連結，極限施壓迫使德黑蘭屈服。美國財政部長貝森特宣布，歐洲聯盟已正式加入美國的經濟戰行動。貝森特三日在社群媒體發文，讚揚歐盟此一決定，「全世界正向伊朗政權傳達一項清楚的訊息：直到切斷每一個殘留的財政生命線以前，我們都不會罷手」。請繼續往下閱讀...與此同時，南韓總統府青瓦台四日表態，在不影響朝鮮半島防衛態勢下，正評估向荷姆茲海峽部署「防禦性」資產。此舉旨在回應美國總統川普上月埋怨首爾不願協助美國對抗伊朗，以及避免與德黑蘭外交摩擦。南韓考慮派兵荷姆茲海峽南韓總統李在明可能下週出訪法國與總統馬克宏會晤時商議此事。但派兵須國會核准，若獲准，將是南韓自二〇〇九年派遣「清海部隊」後，時隔逾十七年再度於半島外派駐軍力。專家認為，派兵能強化南韓作為模範盟友的形象，且確保海峽開放符合其國家利益，但國內民調顯示過半民眾反對。美國副總統范斯三日表示，目前美伊雙方無大規模火力交鋒，他不會稱此是「戰爭」；至於衝突何時結束，取決於德黑蘭是否停止攻擊商船，否則美方不會重啟談判。范斯指出，目前海峽交通量已幾乎恢復至衝突前水準，伊朗不再實質控制海峽。衝突爆發前伊朗經濟已陷嚴重危機。路透引述伊朗高階官員說法，美國軍事封鎖與經濟放逐雙管齊下，特別是金融網路權限的阻斷，對德黑蘭產生迫切威脅。該官員透露，德黑蘭盼望美國政府會在十一月期中大選前，因擔憂通膨惡化而卻步。    ,https://news.ltn.com.tw/news/world/paper/1769376
太平洋島國論壇 關切中國射彈,國際,2026/09/05 05:30,參加PIF記者會的各國代表，由左而由依序為PIF秘書長瓦卡、帛琉總統惠恕仁、索羅門群島外長何瑞朗與紐西蘭總理盧克森。（美聯社）峰會公報：任何飛彈試射 應至少提前24小時通知絕大多數「太平洋島國論壇」（Pacific Islands Forum）成員國三日同意在領袖峰會聯合公報中，以不點名中國的方式，「關切」中國七月初朝該區海域試射飛彈，以及呼籲任何洲際彈道飛彈試射都應至少提前廿四小時通知。請繼續往下閱讀...17成員國同意 僅瑙埃羅拒絕批評中國儘管遭到北京施壓，今年太平洋島國論壇輪值主席兼峰會東道主、帛琉總統惠恕仁，仍促成大多數論壇成員國針對中國試射飛彈表態，並在當地時間三日深夜的記者會上宣讀公報內容。峰會公報指出，太平洋島國諸領袖「對近期在未充分通知以及飛越多個（太平洋島國論壇）成員國上空的洲際彈道飛彈試射，表達關切（concern）」，並呼籲「所有進行洲際彈道飛彈試射的國家，應確保透明與保證，包括依照國際慣例在至少試射前至少廿四小時預告」。該聲明獲得「太平洋島國論壇」十八個成員國中的十七國同意，唯一例外的是瑙埃羅（舊稱諾魯）。中國是太平洋島國的基礎建設貸款大金主，而瑙埃羅兩年前與台灣斷交並與中國建交後，一直不願意批評北京。中國批用心險惡 惠恕仁：須做到透明中國外交部三日曾批評帛琉「反覆炒作」與「用心險惡」，惠恕仁回說：「我認為論壇傳達的訊息很明確，那就是必須做到透明。」中國長期試圖擴大在太平洋地區的影響力，並於七月六日在僅臨時通知少數幾國的情況下，朝太平洋試射一枚可搭載核彈頭的洲際彈道飛彈，最後落在瑙埃羅、台灣邦交國吐瓦魯與索羅門群島之間的國際水域，招致許多太平洋島國不滿。北京宣稱是「年度例行軍事訓練」，符合國際法與國際慣例，不針對特定國家和目標，且「事先已知會有關國家」。紐西蘭總理盧克森淡化今年論壇吉里巴斯總統缺席，以及瑙埃羅反對聯合聲明一事，稱瑙埃羅雖然切割，但無礙太平洋島國達成共識。雖然美國在五月也根據與馬紹爾群島簽署的防禦協議，在太平洋地區進行彈道飛彈測試，但帛琉與澳洲的領導人三日表示，美國的試射與中國七月的試射「非常不同」，因為美方有妥善通知。    ,https://news.ltn.com.tw/news/world/paper/1769372
日研發戰術AI衛星 強化反擊力,國際,2026/09/05 05:30,日本為建構反擊能力，計畫開發國產戰術AI衛星。圖為日本防衛大臣小泉進次郎二日在防衛省發表演說。（歐新社）日本為建構「反擊能力」，計畫開發國產「戰術AI衛星」，直接在太空進行情報分析，並將結果用於長射程飛彈導引，以縮短從「發現目標」到「決定發射」的時間。日本防衛省已將相關經費列入二〇二七年度預算概算要求，預定二〇三〇年度以後發射實證。縮短「發現目標」到「決定發射」日本防衛省上月卅一日公布二〇二七年度預算概算要求，總額達八兆八九〇八億日圓（約一．八兆台幣），創歷史新高，並將無人機、人工智慧（AI）等「新型態作戰方式」列為重點。請繼續往下閱讀...日本非唯一發展此類技術的國家，美國與中國都正推動AI衛星軍事應用。防衛省計畫擴大AI在自衛隊的應用，除首次導入指揮管制系統，也將試製「戰術AI衛星」，並建置「防衛省雲端」，讓高度機密資訊能在安全的雲端環境中處理。日本經濟新聞報導，防衛省將與國內企業在二〇二七至二九年度製作AI衛星實證機，原則上採用國產AI，二〇三〇年度以後發射升空。這款AI衛星本身不負責監視，而是充當太空中的「情報分析中樞」。日本目前已透過「衛星星座」從太空蒐集影像等情報，但大量原始資料仍須傳回地面分析，再決定攻擊目標及飛彈發射時機，資料傳輸可能耗費時間。在軌道上分析敵軍位置動向新構想是把分析工作搬到太空。AI衛星將匯集其他監視衛星取得的資料，直接在軌道上分析敵軍位置及動向，例如預測接近離島的敵方艦艇數分鐘後可能出現的位置，再將情報傳送至地面司令部。這項能力與日本近年積極部署的長射程「距外飛彈」密切相關，自衛隊此視為「反擊能力」核心。陸上自衛隊三月已在熊本開始運用「25式陸基反艦誘導彈」，並在靜岡部署「25式高速滑空彈」；海上及航空自衛隊則預定自二七年度起具備發射國產長射程飛彈的能力。日經指出，長射程飛彈攻擊移動目標時，從發現、識別、追蹤到飛彈抵達，目標可能已大幅改變位置。因此，AI衛星除在發射前提供分析，飛彈升空後也可持續提供即時資訊，修正目標位置並協助導引，提高命中精度。    ,https://news.ltn.com.tw/news/world/paper/1769374
不甩戰狼場邊叫囂 林佳龍證實見美副卿,國際,2026/09/05 05:30,身著傳統服裝的婦女三日在帛琉舉行「太平洋島國論壇」（PIF）閉幕式上表演。（法新社）外交部長林佳龍本週參與在友邦帛琉舉行的第五十五屆「太平洋島國論壇（PIF）」峰會返台，針對中國警告「讓台灣參與」將有後果，林佳龍昨受訪直言，中國這種戰狼外交很容易破壞太平洋的團結，「很令人反感跟厭惡」。林佳龍昨受訪指出，PIF由十八個會員國組成，各國才是決策核心；無論中國或台灣（作為發展夥伴）都是受邀來賓。台灣早在一九九三年PIF聯合公報就被納入，他亦非首位出席的外長。中國不僅未「客隨主便」，反而「反客為主」，甚至宣布帛琉是不安全旅遊目的地，極其荒謬。請繼續往下閱讀...林佳龍強調，中國的威脅已化為實際行動，日前無預警發射長程彈道飛彈引發周邊國家關切，本次PIF領袖峰會即通過決議譴責中國破壞和平，中共零和鬥爭的精神並不適用於倡導開放包容的「太平洋之道」精神。針對民間團體反映在場邊遭操中國口音人士錄影蒐證，林佳龍證實我方在場邊確實觀察到中國間諜行為與中共派遣的便衣和安全人員，此舉已侵犯他國主權與人權，特別感謝帛琉政府加強維安。他批評中國透過「一帶一路」與菁英俘虜使他國陷入財務危機，雖少數會員國試圖阻擋共識宣言，但中國越顯露侵略與霸道本質，越能激起國際對台灣的支持。林佳龍表示，台灣身為太平洋一員將持續推動「榮邦計畫」，本次與多國對話成果豐碩，並率先響應「太平洋韌性基金」，協助小國應對氣候變遷、數位韌性與糧食安全。至於是否與美國副國務卿藍道會面，他則表示在會場上這是很自然的，所有人都會互相問候、互動。    ,https://news.ltn.com.tw/news/world/paper/1769373
打破義政府「短命」魔咒 梅洛尼慶祝二戰後執政最久,國際,2026/09/05 05:30,義大利總理梅洛尼於四日慶祝其極右翼聯合政府執政屆滿一四一三天，成為二戰後義大利任期最長的政府。（法新社檔案照）義大利總理梅洛尼於四日慶祝其極右翼聯合政府執政屆滿一四一三天，比富豪出身的前總理貝魯斯孔尼在二〇〇一年到二〇〇五年的第二任政府還多一天，成為二戰後義大利任期最長的政府。她在社群平台發文表示，穩定是國家規劃與履行承諾的前提，並強調中右翼聯盟的執政基礎在於共享價值觀與國家願景，而非僅為反對而結合。該政府由梅洛尼領導的義大利兄弟黨（FDI），以及兩名副總理領導的聯盟黨（LEGA）與義大利力量黨（Forza Italia）組成。四日晚間她在南部大城巴里舉辦盛大慶祝集會，現場安排燈光與DJ秀，吸引數千名支持者與會，兩名副總理則以視訊參與，活動同時為明年大選提前造勢。請繼續往下閱讀...然而，同日批評者也在巴里歷史中心舉行反政府示威，指控梅洛尼政府助長「戰爭與武器經濟」、營造「警察國家」氛圍，並煽動對移民的敵意。義大利自二戰以來共歷經六十八屆政府，平均壽命約十四個月，梅洛尼政府因成功避開內部危機與盟友退出，打破「短命」魔咒。相較之下，英國同期不到四年內更換四位首相。梅洛尼在二〇二二年十月廿二日就任，成為該國首位女總理，目前執政尚餘七週即屆滿四年。義大利總理梅洛尼（圖中）二〇二二年十月廿五日向國會發表就任以來首次演說。（法新社檔案照）    ,https://news.ltn.com.tw/news/world/paper/1769377
謠言終結站》戰機轟炸大壩引發尼中洪災？ AI假影片,國際,2026/09/05 05:30,謠言終結站網傳消息：尼泊爾與西藏邊境發生嚴重冰河崩塌與土石流災害後，社群媒體流傳一支戰機轟炸大壩引發洪水的影片，聲稱這才是導致逾千人喪生的水災真正原因，而非官方所稱的極端氣候。查證結果：不實。法新社查證，該影片為AI生成的虛假內容，與災情無關。該影片早在災難發生前數月便已流傳，且畫面帶有AI浮水印。此外，尼泊爾與中國空軍均未配備影片中的F-16戰機，亦無任何遭受攻擊的可信紀錄。    ,https://news.ltn.com.tw/news/world/paper/1769379
洪災受困隧道9天 尼泊爾2工人獲救,國際,2026/09/05 05:30,尼泊爾軍方公布的照片可見，救難人員持續在水力發電工程隧道內搜尋倖存者蹤跡。（歐新社）。八月廿六日爆發的西藏－尼泊爾洪災在第十日傳出振奮消息。搜救隊四日在滿是泥漿和殘骸的翠蘇里3A水力發電工程隧道內，接連救出兩名男性。救難人員將男子從泥濘救出瞬間，現場團隊發出歡呼。獲救者為卅歲的機工領班薩赫與四十五歲的監工馬哈詹。薩赫身體狀況穩定，馬哈詹則在加護病房治療。尼國能源部聲明表示，「救援行動在所有受衝擊的隧道持續進行中」、「只要一息尚存就有希望！」。請繼續往下閱讀...當局寄望在六座水力發電廠失蹤的約九百多人中，部分因身處隧道免於遭大水吞噬，初步評估的生還人數為一百多名。救援過程異常艱辛，救援隊耗時一兩天才能確認電廠與隧道入口的位置，之後用炸藥炸開巨石，並挖掘排水渠，以防隧道內積水。在開闢出一條狹窄通道後，救援人員爬入隧道內呼喊，終於在四日聽到微弱的回應。路透報導，一支由工程師組成的通訊軟體「WhatsApp」團隊扮演舉足輕重腳色。由於災區地形地貌被徹底改變，搜救人員難以定位隧道入口。當搜救隊在尋找被掩埋的奇利梅（Chilime）水力發電廠時，這個專家群組透過即時通訊取得該電廠的平面圖與隧道詳細資訊，以及失蹤工人的姓名與手機號碼，透過電信單位定位手機最後訊號，以縮小搜救範圍。據判斷，奇利梅內至少有八人受困。據四日統計，尼泊爾官方確認的罹難人數為一二八七人，尚有五〇八三人失蹤；中國官媒公布的數據為卅一人喪生，五三一人失蹤。受困在翠蘇里3A水力發電工程隧道內的45歲監工馬哈詹，由救難人員用擔架抬出，後續送往加護病房治療。（路透）另一位倖存者薩赫獲救，由救難人員背負脫險。（美聯社）    ,https://news.ltn.com.tw/news/world/paper/1769375
中英對照讀新聞》Thwarted Niger mutiny exposes junta’s Russia dependence 挫敗尼日兵變 凸顯軍政府對俄羅斯的依賴,國際,2026/09/05 05:30,"一名尼日男子身披俄羅斯國旗在首都尼阿美的前國會大樓外參加集會，表達對軍政府的支持。（法新社）◎ 國際新聞中心The pivotal role played by Russia’s Africa Corps mercenaries in putting down a mutiny in Niger at the weekend has revealed just how dependent on Moscow the west African country’s ruling junta has become.俄羅斯的「非洲軍團」傭兵在週末協助尼日軍政府鎮壓叛變中發揮關鍵作用，凸顯這個西非國家掌權的軍政府對莫斯科的高度依賴。請繼續往下閱讀...Analysts say the junta’s growing reliance on Russian mercenaries contradicts its claim that the 2023 coup was about reclaiming sovereignty from foreign powers.分析家指出，軍政府日益依賴俄羅斯傭兵，與其聲稱2023年政變是為了從外國勢力手中奪回主權的說法相矛盾。On Saturday, after a night of intense fighting in Niamey, Niger’s military government obtained the Africa Corps’ help to wrest back control from disgruntled soldiers who had attacked several sensitive sites and hunkered down at the airport military base.首都尼阿美週六經歷一夜激烈交火後，軍政府得到非洲軍團支援，從先前攻擊多處敏感設施並盤據機場軍事基地的不滿士兵手中奪回控制權。The Africa Corps played a decisive role, providing ground and air support to help loyalist forces retake Air Base 101 from the mutineers and largely eliminate the threat they posed to the government.非洲軍團扮演決定性角色，提供地面及空中支援，協助效忠政府的部隊從兵變士兵手中收復101空軍基地，大致消除了兵變士兵對政府構成的威脅。新聞辭典mercenary：名詞，傭兵。例句：The government was accused of hiring mercenaries to suppress the uprising.（該政府被指控雇用傭兵來鎮壓起義。）hunker down：片語，盤據、蹲守。The rebels hunkered down in the abandoned warehouse and refused to surrender.（叛軍盤據在廢棄倉庫內，拒絕投降。）    ",https://news.ltn.com.tw/news/world/paper/1769448
俄無人機襲烏國安局　澤倫斯基：直接瞄準局長辦公室,國際,2026/09/05 04:36,烏克蘭總統澤倫斯基（Volodymyr Zelenskyy）表示，一架俄羅斯無人機今天擊中烏克蘭安全局（SBU）位於基輔的總部，並指控莫斯科直接瞄準國安局局長辦公室。澤倫斯基表示，他已指示國安局作出「適當且實質回應」；烏克蘭外交部長西比哈（Andriy Sybiga）則稱此舉是「重大升級」。請繼續往下閱讀...近幾個月來，俄羅斯與烏克蘭都加大了遠程攻擊力度。烏克蘭官員指出，美國談判代表魏科夫（Steve Witkoff）和庫許納（Jared Kushner）預計本週末前往莫斯科與基輔進行和平談判。澤倫斯基在Telegram發文說：「不幸的是，一架俄羅斯無人機擊中位於基輔的國安局中央大樓，這棟建築就在聖索菲亞主教座堂（St. Sophia Cathedral）對面。這架無人機直接瞄準大樓內國安局局長辦公室。」這是2022年俄羅斯入侵烏克蘭以來，這個強大的安全機構總部首次遭到攻擊。一名烏克蘭高階官員匿名告訴法新社，國安局代理局長波克拉德（Oleksandr Poklad）當時不在大樓內。俄羅斯方面尚未對此作出回應。基輔市長克里契科（Vitali Klitschko）表示，至少有12人受傷，但沒有說明傷者是否位於國安局大樓內。烏克蘭國安局聲明指出，波克拉德沒有受傷，並稱這棟建築「一定會修復」。這起攻擊發生在魏科夫和庫許納預計前往莫斯科及基輔之前。兩人是美國總統川普為結束俄烏戰爭任命的談判代表。兩人過去曾多次前往莫斯科，但尚未訪問基輔。（編譯：徐睿承）1150905    ,https://news.ltn.com.tw/news/world/breakingnews/5563723
川普：俄烏戰爭是普丁澤倫斯基性格問題　衝突必須解決,國際,2026/09/05 04:36,俄烏戰爭遲遲未能結束，美國總統川普今天表示，這是俄羅斯總統普丁和烏克蘭總統澤倫斯基的性格問題，兩人之間仇恨很深，成為阻礙，但這場衝突必須解決，因此他將派出談判代表，看看是否能達成些什麼，而且「我們很有可能做到」。一位美國官員今天稍早向美國有線電視新聞網（CNN）表示，川普的特使魏科夫（Steve Witkoff）和女婿庫許納（Jared Kushner）計劃未來幾天內將造訪俄國首都莫斯科及烏克蘭首都基輔，試圖推動俄烏衝突的外交解決方案。請繼續往下閱讀...川普下午在白宮橢圓形辦公室接受媒體聯訪時表示，他們會帶著終結這場戰爭的提案。川普還說，「俄烏之間是性格問題」，澤倫斯基（Volodymyr Zelenskyy）和普丁（Vladimir Putin）之間的仇恨非常深，這成了阻礙，但這場衝突必須解決。因此，川普表示，他派出魏科夫和庫許納兩位談判代表，「看看能否達成些什麼」，而且「我們很有可能會做到」。外電先前報導，普丁3日表示，有機會達成結束烏克蘭戰爭的協議；澤倫斯基則說，試圖促成協議的美國談判代表，很快就會訪問莫斯科及基輔。俄烏戰爭已持續超過4年半，是第2次世界大戰以來歐洲最致命的衝突，而俄烏兩國很少對和平前景作出樂觀評估。雙方上次舉行由美國斡旋的談判是在今年2月。（編輯：徐睿承）1150905    ,https://news.ltn.com.tw/news/world/breakingnews/5563724
墨西哥查獲17噸安非他命　搗破西納羅亞3處秘密製毒廠,國際,2026/09/05 02:45,墨西哥當局今天指出，他們在西北部的西納羅亞州（Sinaloa）秘密製毒工廠中查獲16.8噸安非他命。西納羅亞州是墨西哥最大販毒集團之一的勢力所在地。法新社報導，墨西哥安全部長賈西亞（Omar Garcia Harfuch）表示，這批毒品是總統薛恩鮑姆（Claudia Sheinbaum）於2024年10月上台以來，墨西哥政府對合成毒品生產「最重大打擊之一」。請繼續往下閱讀...賈西亞聲明指出，墨西哥當局在西納羅亞州山區發現3處秘密製毒工廠，其中一間占地5700平方公尺。西納羅亞州是「西納羅亞販毒集團」（Sinaloa Cartel）的主要據點。由薛恩鮑姆領導的墨西哥左翼政府目前承受美國總統川普的壓力，正加強打擊販毒集團，已將數十名涉嫌與販毒集團有關人員移交給美國。（編譯：徐睿承）1150905    ,https://news.ltn.com.tw/news/world/breakingnews/5563716
日本德島阿波舞5天湧入114萬人 比去年多3萬人,國際,2026/09/04 23:57,日本四國夏日祭典重頭戲！2025年德島阿波舞5日狂歡，共吸引114萬國內外遊客現場感受震撼魅力。示意圖。（資料照）日本四國德島市400年傳統「阿波舞」今年在8月11日到15日盛大舉行，5天活動期間儘管天氣炎熱，仍吸引全日本遊客湧入。執行委員會9月4日在市內舉行檢討會，公布今年人潮推估達114萬人次，比去年多出3萬人。委員會指出，今年特別加強與旅行社合作，同時透過社群網路與海外宣傳，成功吸引更多年輕族群與外國觀光客，白天在阿波舞會館的室內公演、晚上在德島市中心6處戶外演舞場，都擠滿人潮。請繼續往下閱讀...票房表現更是亮眼，3大主要付費演舞場售票率全數超越去年。最熱門的南內町演舞場因有壓軸總舞，售票率高達97.6％幾乎滿席；可容納人數最多的藍場濱演舞場為86.7％；以小而美著稱的紺屋町演舞場也達到75.7％，顯示民眾願意付費欣賞高品質演出。今年兩項新嘗試也獲不錯迴響，包括在新町川棧橋新設的觀賞特別席，售出逾6成；以及將紺屋町會場一分為二、依舞團分場演出的實驗性演出，同樣有約6成入場率。委員會說，兩項措施明年均有望續辦。    ,https://news.ltn.com.tw/news/world/breakingnews/5563634
超噁！北京壽司郎驚爆家長幫小孩「杯子接尿」 店員竟未制止,國際,2026/09/04 23:26,"北京海淀大悅城壽司郎分店遭控訴，一名家長直接讓小孩使用塑膠杯接尿小便，店員經過卻視若無睹。（圖翻攝自X）連鎖迴轉壽司品牌「壽司郎」位於中國北京海淀區一家門市，日前發生顧客在用餐沙發上，公然替幼童接尿的荒唐行徑。更讓鄰桌顧客氣憤的是，現場店員數度走過卻未出聲制止。事件在網路曝光引發軒然大波。綜合中媒報導，事件起因為3日晚間的北京海淀大悅城壽司郎分店，一名王姓女顧客發文控訴，隔壁桌的一名男童直接站在沙發上小便，但家長不僅未帶孩子前往商場洗手間，反而淡定拿出喝完的免洗塑膠杯，在餐桌旁接尿，期間男童甚至還高喊「誰要喝檸檬水（汁）」。王女指出，事發期間至少有店員兩度帶位經過，卻全程視若無睹、未予勸阻。請繼續往下閱讀...眼前景象讓王女與同行友人反胃作嘔、食慾全無，隨即向店方抗議。然而，店家當下只對其進行全額免單退款，並暫時以隔板將該用餐區圍封。隨著爭議持續延燒，涉事門市才於今（4日）證實確有此事，並回應已於第一時間對該卡座及其周邊環境實施全面深度清消，涉事區域的所有餐具亦全數報廢銷毀。北京海淀區市場監督管理局隨後也證實已接獲通報，已派員前往該門市展開現場核查。9月3日晚，北京一家壽司郎門店，一女子直接中餐桌上用一次性杯子給小還接尿，孩子尿完還大喊：“誰要喝檸檬水”。太無語???????? pic.twitter.com/cwvN8bHUGR— ying tang （@yingtan04410735） September 4, 2026 9月3日晚，北京一家壽司郎門店，一女子直接中餐桌上用一次性杯子給小還接尿，孩子尿完還大喊：“誰要喝檸檬水”。太無語???????? pic.twitter.com/cwvN8bHUGR    ",https://news.ltn.com.tw/news/world/breakingnews/5563652
全球首例！與移植豬腎共處271天  美國男終於等到人類腎臟,國際,2026/09/04 23:10,接受豬腎移植的美國男子安德魯斯（右）去年2月從麻州總醫院準備離開。（美聯社檔案照）美國一名男子接受豬腎移植後，寫下長達9個月不需洗腎、靠豬腎存活的紀錄，儘管移植的豬腎後來失去功能，但這名男子已經順利等到人類捐贈腎臟並完成移植，是全球首例成功以豬腎作為等待器官移植「橋樑」。英國衛報3日報導，去年1月66歲的美國男子安德魯斯（Tim Andrews），在麻州總醫院接受移植一顆經過基因編輯的豬腎，當時他因第二型糖尿病，導致腎功能衰竭已到末期，病情嚴重，5年內等到人類捐贈腎臟的機率僅9%，死亡或被移出移植等候名單的風險則超過40%。請繼續往下閱讀...安德魯斯帶著這顆豬腎生活了271天，寫下接受豬腎異種移植後，不需洗腎存活最久的紀錄。他形容這次移植是「奇蹟」，讓他能恢復煮飯、吸地板等日常家務，還能帶狗長時間散步。儘管該枚移植的豬腎因功能衰竭，已於去年10月取出，使安德魯斯得恢復洗腎，但是數月後，他終於等到一名已故捐贈者的腎臟。3日在《刺胳針》（The Lancet）發表的報告指出，這次移植的人類腎臟，在追蹤6個月期間功能良好，也沒有發現對人類組織的新抗體，顯示先前接受移植豬腎，並未增加後續人類腎移植失敗的風險，也未檢出豬病毒或其他豬隻病原體。發表報告的麻州總醫院布萊根醫療體系（Mass General Brigham）腎臟科及移植科學中心醫師里耶拉（Leonardo Riella）表示，醫療團隊的構想正是先利用異種移植，作為等待人類腎臟移植這段期間的「橋樑」，讓患者擺脫洗腎，未來若確認長期安全性及耐久性，甚至可能成為正式治療選項。醫療團隊也提醒，目前僅此個案，並無可比較的案例，而且這項成果反映出嚴格挑選患者，和其他地方或許並非普遍可得的密集專門照護，未來還需要像安德魯斯這類的臨床試驗。不過，此成果為移植豬腎打開了一扇大門，使其成為等待人類腎臟移植漫長之路的過渡方案。    ,https://news.ltn.com.tw/news/world/breakingnews/5563683
贊同南韓出兵荷姆茲海峽 專家：與國家利益一致 專家,國際,2026/09/04 22:47,《韓聯社》報導，南韓政府正具體評估向荷姆茲海峽部署軍機、軍艦。（路透）美國總統川普上月宣布縮減與南韓的聯合軍演規模，埋怨首爾不願協助美國對抗伊朗。《韓聯社》消息指出，應美方要求，南韓政府正具體評估向荷姆茲部署P-8A海上巡邏機和後勤支援艦昭陽號等潛在方案。若經國會核准，這將是南韓自2009年3月向亞丁灣部署反海盜單位「清海部隊」後，時隔超過17年再度於朝鮮半島外派駐軍力。但據蓋洛普今年3月進行的調查，55％南韓民眾反對向荷姆茲海峽派遣軍艦。請繼續往下閱讀...南韓國立外交學院國際安全教授潘吉洙向《路透》指出，在荷姆茲部署軍力是對華府發送的重要訊號，顯示出儘管近期在貿易和其它事務的摩擦，首爾仍願意分擔盟友責任，強化南韓在美國登高一呼時作為模範盟友的形象。南韓退役中將、前特種部隊指揮官全仁範認為，南韓與荷姆茲具有可觀的經濟利益連結，為海峽的開放提供軍事領域在內的貢獻有其重要性，也與國家利益一致。    ,https://news.ltn.com.tw/news/world/breakingnews/5563658
縮小灰色地帶！歐洲破壞行動增加 俄國疑為「下階段」侵略鋪路,國際,2026/09/04 22:29,德國警方處理在萊比錫機場載有爆裂裝置的無人機。（路透檔案照）德國萊比錫機場出現載有爆裂物的無人機事件，再度凸顯歐洲國家面臨俄羅斯的混合攻擊威脅。英國廣播公司新聞網（BBC News）4日報導，歐洲今年夏天接連傳出軍工設施失火、縱火與無人機闖入事件，高度集中在軍事與國防產業，而俄羅斯為主要懷疑對象。專家認為，其目的可能不只是製造混亂，更在於直接施壓援助烏克蘭國家以及測試北大西洋公約組織（NATO）底線。近期歐洲這類事件案例包括8月4日德國萊比錫機場發現裝有爆裂物的無人機；8月10日保加利亞國防工業公司EMCO一座工廠失火，8月13日歐洲軍工企業KNDS集團旗下義大利彈藥廠KNDS Ammo Italy失火引發爆炸，當地檢察官正調查外力介入的可能性。另外，愛沙尼亞、斯洛伐克與烏國有關無人機工廠，也在同月中旬接連發生可疑火警或縱火。部分國家已將矛頭指向俄羅斯。請繼續往下閱讀...這波與過去類此事件的不同在於密集度。BBC引述倫敦國王學院戰爭研究系學者里希特洛娃（Daniela Richterova）看法，「過去幾週所見軍事設施遭攻擊的密度很不尋常」，她認為，烏克蘭近來把戰火帶入俄國境內，「他們（莫斯科）受到壓力，得有所回應」，克里姆林宮現在的目標是「發出脅迫性訊號」：透過升高援助烏克蘭的成本，施壓這些國家停止支持基輔。另一種解讀是，俄羅斯的意圖更在於測試北約底線。英國智庫「皇家國際事務研究所」（Chatham House）資深研究員吉爾斯（Keir Giles）認為，俄國正在試探受害國家的反應、真正採取行動的意願，並觀察弱點，為其在歐洲侵略行動的「下一階段」準備。追蹤破壞行動案例的英國智庫「國際戰略研究所」（IISS）指出，這類行動的另一特徵，是大量利用俄國代理人、即所謂「零工經濟破壞者」執行。他們多為前蘇聯地區俄語人士，受金錢引誘，而非政治信念，由在俄國的幕後操盤者透過網路招募、協調行動。IISS將這些代理人比擬為自殺式無人機：成本低、易於大量部署，也便於否認。里希特洛娃警告，目前仍處於和平和戰爭之間的灰色地帶，但是「過去幾週所見這些事件正縮小這個地帶」，增加情勢一步步升高的風險。北約對於小規模、零星事件累積到何種程度才算構成俄國持續性攻擊，目前仍沒有明確答案。    ,https://news.ltn.com.tw/news/world/breakingnews/5563660
貝森特宣布歐盟加入對伊朗經濟戰,國際,2026/09/04 22:09,美國財政部長貝森特宣布，歐洲已正式加入美國的經濟戰行動。（路透）美國8月24日宣布對伊朗發動「經濟放逐行動」，號召全球切斷伊朗與國際經濟體系連結。美國財政部長貝森特宣布，歐洲已正式加入美國的經濟戰行動。貝森特3日在社群媒體發文，讚揚歐洲聯盟（EU）加入經濟放逐行動的決定，「全世界正向伊朗政權傳達一項清楚的訊息：直到切斷每一個殘留的財政生命線以前，我們都不會罷手」。請繼續往下閱讀...被問及美國與伊朗的戰事，是否會在11月期中大選前落幕，美國副總統范斯表示，眼下兩軍沒有火力交鋒，縱使偶有零星砲火，仍不會將當前的雙方的僵局視為「戰爭」。至於美伊衝突結束與否，取決於德黑蘭是否繼續攻擊船隻，除非德黑蘭停止攻擊商船，否則美方不會重啟談判。范斯另指出，與伊朗起初封鎖海峽的航行船隻數量相較，目前的交通量幾乎回到衝突前水準，意味著伊朗不再實質控制海峽。    ,https://news.ltn.com.tw/news/world/breakingnews/5563647
日本佐賀縣飆40度高溫！熱到乳牛中暑、牛奶產量大減2成,國際,2026/09/04 21:40,佐賀縣飆40度創紀錄，造成乳牛食慾大降，連帶影響生乳產量。示意圖。（資料照）日本今年夏天熱到破表，九州佐賀縣3日飆出40.2度高溫，是當地自1890年有觀測紀錄以來，首次出現官方定義的「酷暑日」。據了解，佐賀從7月梅雨季結束後，超過35度的天數就多達40天，極端高溫不僅讓人受不了，連乳牛都出現熱衰竭。當地酪農叫苦連天，由於乳牛只要氣溫超過30度，食慾就會大幅下降，連帶影響生乳產量。佐賀市一名飼養30頭荷蘭乳牛的酪農，原本日產約500公斤鮮乳，今年夏天最慘時產量一度暴跌2成。為了搶救鮮乳，佐賀縣政府從去年就開始派員巡迴各個牛舍，實測舍內溫度、風速，計算牛隻的體感溫度，提供降溫建議。請繼續往下閱讀...佐賀縣府人員建議，透過調整電扇角度，製造能將熱氣往外帶的對流風，就能有效降溫。但整體產量仍在下滑。根據官方統計，佐賀縣生乳年產量已跌至約1萬1500噸，創下歷史新低，主因除了酷暑，酪農戶數逐年減少也是關鍵。受訪酪農無奈表示，「有時候真的心都快折了」，酷暑對牛隻來說太殘忍，只想盡力改善環境。縣府也憂心，若情況持續惡化，未來恐怕連學校營養午餐都喝不到在地鮮乳，將會持續提供協助，讓酪農度過難關。    ,https://news.ltn.com.tw/news/world/breakingnews/5563556
比利時反對俄凍結資產援烏  烏克蘭提移交歐盟保管化解疑慮,國際,2026/09/04 21:13,去年2月烏克蘭對抗俄羅斯侵略戰爭屆滿3年，歐盟總部外懸掛烏克蘭國旗和歐盟旗。（美聯社檔案照）烏克蘭財政部長馬欽柯（Sergii Marchenko）4日就動用俄羅斯被歐盟凍結資產一事，敦促歐盟正式重啟相關討論，並呼籲「跳脫框架」思考此事，包括考慮將這批資產改由歐盟保管。馬欽柯接受《歐洲新聞台》（Euronews）節目「今日歐洲」專訪時表示，烏克蘭希望未來幾個月能有更多國家加入討論。他指出，戰爭很可能再持續1年，因此，烏克蘭需要額外財源支應其需求。請繼續往下閱讀...瑞典、波蘭、荷蘭和西班牙日前力促歐盟執委會，重新啟動先前擱置的提案，考慮將大約2000億歐元的俄羅斯被凍結國家資產，以所謂「賠償貸款」（reparations loan）形式提供烏克蘭。不過，比利時一直持反對立場，認為這種前所未有的做法，可能帶來法律與金融風險。這批資產大多由設於比利時的歐洲清算銀行（Euroclear）保管。針對比利時的疑慮，馬欽柯4日在訪問中提出另一種做法：將凍結資產的「保管權」從比利時移交給歐盟。他表示，這與直接由歐洲清算銀行處置是「完全不同的情境」，烏克蘭希望把這些被凍結的俄國資產，轉入由歐盟司法管轄下的帳戶，「將有助於解決所有問題，並且降低風險」。移轉這批資產保管權的構想，之前曾被非正式提出，但是歐盟官員一直未正式研究。到目前為止，歐盟執委會仍不願重啟討論動用俄國被凍結資產一事，認為歐盟領袖去年12月同意提供的900億歐元貸款，應足以支應烏克蘭到2027年底的財政需求。    ,https://news.ltn.com.tw/news/world/breakingnews/5563601
7年讓200萬巴人離境！以色列國安部長提「加薩人口」遷移方案,國際,2026/09/04 20:03,加薩走廊南部汗尤尼斯市的孩童。（法新社檔案照）以色列極右派國家安全部長班吉維爾（Itamar Ben Gvir）3日提出一項計畫，要在7年內將加薩走廊的巴勒斯坦居民遷往海外，首年目標為25萬人。法新社3日報導，這項計畫提出的時間點，正值以國即將於10月27日舉行的國會選舉，預料選情激烈。根據班吉維爾提出的計畫，第一年規劃讓25萬名巴勒斯坦人離開加薩，其餘約200萬居民則在接下來6年陸續離開。請繼續往下閱讀...他說：「我們必須鼓勵加薩居民遷出」，並指這項計畫「具有可行性」，聲稱已有部分國家「準備好」接收加薩人，但是他未透露是哪些國家。法新社所見的一份20頁文件顯示，該計畫名為「自願遷出加薩走廊國家工作計畫」（National Work Plan for Voluntary Emigration from the Gaza Strip），宣稱可為以巴衝突提供解決方案。班吉維爾為總理納坦雅胡右翼執政聯盟的重要閣員，過去時有引發國際譴責的強硬言論。他表示，他領導的右翼民粹政黨「猶太力量黨」（Jewish Power）將在下一屆政府籌組過程中，要求成立一個專門處理人口遷出事務的部會，並稱這項方案是「經過一年半研擬籌備．．．是具體的計畫」。班吉維爾認為，這項計畫並不代表強迫巴勒斯坦人離開自己的土地。不過，根據《日內瓦公約》（Geneva Conventions），在占領領土強迫平民遷離可能構成戰爭罪。對巴勒斯坦人而言，任何迫使他們離開其家園的行動，都會令其聯想到1948年以色列建國期間，大批巴勒斯坦人流離失所，巴勒斯坦人稱之為「浩劫」（Nakba）。過去數月持續推動這類計畫的以國國防部長卡茲（Israel Katz）2日也表示，若美國同意，以國已備妥讓巴勒斯坦人離開加薩的計畫；極右派財政部長史莫特里奇（Bezalel Smotrich）甚至進一步主張，把遷出計畫擴大對約旦河西岸的巴勒斯坦居民實施。    ,https://news.ltn.com.tw/news/world/breakingnews/5563542
黃仁勳捐1000萬美元賑災！尼泊爾財長：盼拋磚引玉,國際,2026/09/04 19:52,"黃仁勳向尼泊爾捐贈約新台幣3.2億元的賑災基金，尼泊爾財政部長發布影片代表尼泊爾政府致謝。（法新社）尼泊爾近日遭遇毀滅性洪災，死傷慘重。輝達執行長黃仁勳伸出援手，個人捐贈1000萬美元（約新台幣3.2億元）投入尼泊爾總理賑災基金，協助災區重建與受災居民渡過難關。NewKerala報導，尼泊爾與中國西藏邊境日前引發暴洪，根據尼泊爾國家減災管理署（NDRRMA）公布的最新災情統計，截至4日，洪災罹難人數已攀升至1280人，且仍有多達5624人下落不明，災情十分慘重。請繼續往下閱讀...尼泊爾財政部長瓦格勒（Swarnim Wagle）透過錄影致謝，證實黃仁勳已向該國總理賑災基金捐贈1000萬美元（約新台幣3.2億元）。瓦格勒代表尼泊爾政府向黃仁勳致上誠摯謝意，並表示，「無論以何種慈善標準來看，這都是一筆極具實質意義的巨額善款，對我們而言同樣也意義非凡，期盼此善舉能拋磚引玉，激勵更多人支持災後復原。」瓦格勒指出，在黃仁勳捐款後，尼泊爾總理賑災基金籌得的總額已突破100億尼泊爾盧比（約新台幣21億元）。**१ करोड डलरको सहयोग. हार्दिक आभार श्री जेन्सन हवाङ, प्रमुख कार्यकारी अधिकृत, एनभिडिया। यस अभूतपूर्व सहयोगसँगै प्रधानमन्त्री दैवीप्रकोप उद्धार कोषमा रु. १० अर्ब भन्दा बढी रकम संकलन भएको छ। pic.twitter.com/P035v27KYN— Swarnim Waglé （@SwarnimWagle） September 3, 2026 **१ करोड डलरको सहयोग. हार्दिक आभार श्री जेन्सन हवाङ, प्रमुख कार्यकारी अधिकृत, एनभिडिया। यस अभूतपूर्व सहयोगसँगै प्रधानमन्त्री दैवीप्रकोप उद्धार कोषमा रु. १० अर्ब भन्दा बढी रकम संकलन भएको छ। pic.twitter.com/P035v27KYN    ",https://news.ltn.com.tw/news/world/breakingnews/5563531
30歲以上美軍篩檢睪固酮！五角大廈政策指引公布1天突喊卡,國際,2026/09/04 19:09,美國戰爭部長赫格塞斯宣布，將對滿30歲美軍篩檢睪固酮。（路透檔案照）美國戰爭部（國防部）2日發布要求30歲以上軍人須接受睪固酮篩檢的政策指引，但是美國官員3日表示，這項指引已被暫時撤回。路透3日報導，五角大廈2日在網站公布「優化健康與人類表現臨床指引」文件，但官網在3日已移除這份備忘錄及五角大廈發言人帕尼爾（Sean Parnell）的相關聲明；五角大廈及國防健康局（Defense Health Agency）官網原本連到該文件和聲明的連結也已失效，點入只會顯示「找不到頁面」。請繼續往下閱讀...一名美國官員3日向路透表示，「這份2026年9月2日公布的（文件）草案已被暫時撤回，以便更新」，不過，該份臨時指引依然有效。遭暫時撤下的臨床指引詳細訂出，針對男、女軍人分別制定的睪固酮缺乏症的篩檢流程，用於每年健康評估。該指引原定立即生效。五角大廈表示，該政策旨在透過找出、並管理荷爾蒙和精力不足問題，來提升軍事戰備能力。根據2日公布的該份文件，要求年滿30歲男性先填寫問卷，若問卷結果顯示有進一步檢查必要，則須接受驗血測量睪固酮濃度，之後視情況接受睪固酮治療；女性同樣先以問卷篩檢，再針對可能與荷爾蒙失衡、運動相對能量不足（REDs）有關狀況治療，但指引建議女性僅針對性慾低下症使用睪固酮治療。美國戰爭部長赫格塞斯7月宣布將推行這項強制篩檢時，就已引發專家質疑大規模篩檢的必要性。美國食品暨藥物管理局（FDA）預計在9月中旬召開專家會議，討論睪固酮的醫療用途。    ,https://news.ltn.com.tw/news/world/breakingnews/5563497
怕顧客吃到吐！ 日本這家拉麵店大碗「限時15分鐘」 網批：太趕了吧,國際,2026/09/04 18:24,"日本京都1家拉麵店宣布大碗拉麵「只能吃15分鐘」，引發網友熱議；示意圖。（路透資料照）「拉麵二郎 京都店」官方X（前Twitter）於今（4日）發文，通報顧客的困擾行為，同時宣布將更改「大碗拉麵」的點餐規則，規定僅能吃15分鐘，以免顧客「硬吃」到店外嘔吐，造成鄰里困擾，此舉動引來網友批評「太趕了吧」、「20分鐘比較合理」。店家官方X表示「今天早上收到通報，指出有顧客在附近嘔吐。經調閱監視器畫面確認，是昨日4名同行用餐、點了大碗且吃了40分鐘以上的顧客。本店本著希望顧客能飽餐一頓的心意，加上當時店裡沒有到非常忙碌，因此當時並未主動關切，很遺憾演變成這樣的結果。」請繼續往下閱讀...店家接著宣布變更提供規則：「由於我們無法從外表判斷用餐者是否在勉強自己，因此決定設定一個標準限制時間。今後『大碗拉麵』僅限能在15分鐘內吃完的顧客點用。雖然餐券販賣機上已有標示，但在店內也可能會再次向您確認，若遇到喊著『都吃過好幾次了啦！』的顧客，還請多多包涵。」此外，店家也提到：「不限於『大碗拉麵』，只要經由本店判斷，例如一直捂著嘴巴、頻繁跑洗手間、臉色發青等，認為已經達到極限的情況，也會請顧客離店。雖然已經強調過多次，但吃不完直接剩下來完全沒有關係。這些是為了不給附近居民造成困擾所做出的痛苦決定，還請大家務必理解。」對於「限時15分鐘」，網友紛紛認為「15分鐘是不是太趕了？」、「15分鐘肯定太短了」、「『不要強迫自己吃東西』和『慢慢吃』是兩回事吧」、「大碗限時15分鐘？」、「15分鐘吃完的不是大胃王，而是速食者」、「20分鐘比較合理」、「為什麼不乾脆直接取消大碗」。おはようございます。近所で当店のお客さんが吐いている、と今朝報告がありました。防犯カメラで確認したところ、昨日4人で来店し大盛りを注文し40分以上かけて食べていた学生と思われる方でした。…— ラーメン二郎 京都店 （@jiro_kyoto） September 4, 2026 おはようございます。近所で当店のお客さんが吐いている、と今朝報告がありました。防犯カメラで確認したところ、昨日4人で来店し大盛りを注文し40分以上かけて食べていた学生と思われる方でした。…    ",https://news.ltn.com.tw/news/world/breakingnews/5563363
俄無人機夜襲！世衛組織基輔倉庫被炸,國際,2026/09/04 17:50,烏克蘭基輔附近的1座藥品倉庫3日遭俄羅斯空襲後失火，消防人員忙著撲滅火勢。（美聯社）世界衛生組織（WHO）4日表示，該組織位於烏克蘭基輔州的1座存放醫療物資的倉庫，在1場夜襲中遭到攻擊。世衛組織發言人林德梅耶（Christian Lindmeier）說，由於濃煙且有安全顧慮，目前仍無法進入被炸倉庫現場；至於對可能的設施損壞與物資損失的評估持續進行中；世衛組織並無人員受到波及。請繼續往下閱讀...上月初，世衛組織在烏克蘭第聶伯羅（Dnipro）的1座人道物資儲存倉庫被摧毀。烏克蘭與俄羅斯近來頻以無人機攻擊對方境內的倉庫，其中烏克蘭鎖定俄國大型電商與物流倉庫，以切斷俄羅斯的軍用物資運輸管道，俄羅斯則對烏克蘭境內的世衛組織倉庫，或俄方宣稱存放爆裂物的倉庫下手。    ,https://news.ltn.com.tw/news/world/breakingnews/5563376
52名新加坡人因傳銷在廣西被捕 中國稱依法查處,國際,2026/09/04 17:29,中國外交部發言人郭嘉昆。（路透資料照）中國在廣西針對傳銷活動及相關違法行為展開執法行動，逮捕並扣留52名新加坡公民。中國外交部今天對此表示，中方依法查處外國公民違法犯罪案件。陸媒澎湃新聞報導，中國外交部發言人郭嘉昆下午在例行記者會回應新加坡媒體表示，「中方依法查處在華外國公民違法犯罪案件，並充分保障當事人合法權利」。請繼續往下閱讀...另據新加坡聯合早報，據信這是目前為止涉及最多新加坡人在海外被捕的單一事件。報導稱，這類傳銷一般打著「國家暗中支持的資本運作項目」等幌子招攬參與者，聲稱投入約人民幣6萬9800元後，透過發展下線，最後可獲得1040萬元回報。報導表示，中國相關部門和執法機關多年來對長期出現在廣西南寧、北海等地、俗稱「1040陽光工程」的傳銷活動進行許多打擊和取締行動，並逮捕多名嫌犯。    ,https://news.ltn.com.tw/news/world/breakingnews/5563293
公開揚言殺害總統！菲律賓法院對副總統薩拉發出逮捕令,國際,2026/09/04 17:11,菲律賓副總統薩拉．杜特蒂。（美聯社檔案照）菲律賓法院4日對副總統薩拉．杜特蒂（Sara Duterte）發出逮捕令，理由是薩拉曾對總統小馬可仕（Ferdinand Marcos Jr）發出死亡威脅。薩拉的律師團說，薩拉將行使「所有法律救濟手段」。薩拉曾在1場深夜新聞簡報會上聲稱，若她先遭遇不測，她已僱好殺手去殺掉總統小馬可仕、小馬可仕之妻，以及小馬可仕的1名曾任國會議員的表親。上月，薩拉為此被控涉犯「嚴重恐嚇」罪。根據菲國法律，若遭定罪，最重可判處入獄6個月。請繼續往下閱讀...菲律賓司法部發言人馬汀尼茲（Polo Martinez）證實已對薩拉發出逮捕令；但法界專家說，薩拉不太可能因此被管收，因為她的律師最快今天內就會申請保釋。菲律賓大學（University of the Philippines）法學院副院長塔馬塞（Paolo Tamase）說，對薩拉而言，最簡單的做法就是向法院申請保釋，遑論薩拉也能就逮捕令向上級法院提出申訴。薩拉的律師團在聲明中說，薩拉「不會逃避法律，並將繼續行使所有法律救濟手段」。此外，對目前正遭菲國國會參議院彈劾審判的薩拉而言，出言威脅暗殺總統此一指控，也是定罪與否的關鍵要素之一：薩拉若在國會彈劾審判中被判有罪，將會被立即解除副總統職務以及終身禁止從政。薩拉是菲國前總統杜特蒂的女兒，今年2月才宣布參選2028年總統大選。    ,https://news.ltn.com.tw/news/world/breakingnews/5563322
自由說新聞》中國恐怖洪災求救信瘋傳！地基啃空房秒垮畫面曝光,國際,2026/09/04 17:05,全新的視界！新聞話題不漏接，快訂閱YouTube 【自由追新聞】，記得開啟小鈴鐺哦！    ,https://news.ltn.com.tw/news/world/breakingnews/5563321
不再無償供應！川普要向歐洲索討軍援烏克蘭經費,國際,2026/09/04 17:02,美國總統川普宣布，將向歐洲索取為烏克蘭和北約提供的軍事援助費用。（歐新社）美國對伊朗的軍事行動消耗大量火砲彈藥，引發外界對美軍火庫存入不敷出的憂心。美國總統川普3日在真實社群發文重申，美國的中、高等級彈藥可幾乎不加限制地使用；他還提到，將要求歐洲支付美國向烏克蘭提供軍事援助的經費。川普寫道，美軍可動用的火砲彈藥不但充足，並以前所未見的速度同步生產。這些產量目前由美國先行納入庫存，預防任何可能發生的緊急情況，但很快就會重新向盟友出售。請繼續往下閱讀...川普另談到，前總統拜登任內無償支援烏克蘭的軍火數量，遠多於用在對伊朗的戰爭。不僅如此，向基輔和北大西洋公約組織（NATO）提供價值數千億美元的軍事援助也分毫不取。川普認為，只要開口，歐洲便會支付款項，因此他決定亡羊補牢，「我們將索求這些資金」。    ,https://news.ltn.com.tw/news/world/breakingnews/5563289
出大包？習近平出訪埃及 看板阿拉伯文竟寫「歡迎中華民國總統」,國際,2026/09/04 17:00,"網稱埃及看板的阿拉伯文，將習近平寫為中華民國總統。（美聯社）中國領導人習近平近日赴埃及訪問，然而，有網友指出，在高速公路上的一塊看板文字，阿拉伯文寫的竟是「歡迎中華民國總統習近平」，貼文引發熱烈討論。《TVBS》、《聯合新聞網》報導指出，「說說伊朗」、「阿拉伯文藝集」等專門分享中東內容的粉專發文指出，一塊美聯社拍下，印有埃及總統塞西與習近平肖像的歡迎看板內容中，阿拉伯文國名出現錯誤，寫下「歡迎埃及的賓客，中華民國總統習近平」。請繼續往下閱讀...相關內容在Threads、臉書引起討論，也在X上掀起部分中國網友議論。社群中有人認為阿拉伯文內容沒錯，是埃及習慣稱呼中國的用法之一；也有人表示，詢問AI指出沒有翻譯錯誤，引發兩派爭議。目前則未見有中東語系網友討論。埃及大阵仗欢迎习近平访问， 却误把中国写成中华民国???????? 中华民国：جمهورية الصين 中华人民共和国：جمهورية الصين الشعبية pic.twitter.com/Fk3HsHBbyQ— 芙宁娜娜????Furinana （王者归来版） （@satireorcry1） September 3, 2026 埃及大阵仗欢迎习近平访问， 却误把中国写成中华民国???????? 中华民国：جمهورية الصين 中华人民共和国：جمهورية الصين الشعبية pic.twitter.com/Fk3HsHBbyQ    ",https://news.ltn.com.tw/news/world/breakingnews/5563257
菲律賓副總統揚言殺害小馬可仕  法院發出逮捕令,國際,2026/09/04 16:53,菲律賓1家法院4日下令逮捕副總統薩拉．杜特蒂，原因是她涉嫌威脅總統小馬可仕。（路透）菲律賓法院4日下令逮捕副總統薩拉．杜特蒂（Sara Duterte），原因是她涉嫌在1宗刑事案件中威脅總統小馬可仕（Ferdinand Marcos Jr.）及其妻子和表親。根據《路透》報導，薩拉．杜特蒂是菲律賓前總統杜特蒂（Rodrigo Duterte）的長女。法院文件顯示，審判法院已針對她簽發逮捕令，案件涉及3項「嚴重威脅」罪名。法院同時裁定每項罪名的保釋金為12萬披索（約台幣6萬元）。請繼續往下閱讀...薩拉．杜特蒂的律師在聲明中表示「無論管轄權問題為何，她都無意逃避法律，並將繼續行使所有法律救濟途徑。」這起案件源自薩拉．杜特蒂在2024年11月的言論。她當時聲稱曾與1名刺客聯絡，並指示對方若她遭到殺害，就殺死小馬可仕和他的妻子，以及他1名當時擔任眾議院議長的表親。這些涉嫌威脅的言論，也被列入針對薩拉．杜特蒂的彈劾控訴之中。目前菲律賓參議院正以彈劾法庭的身分審理此案。若她被判有罪，她可能會被免除副總統職務，並可能使她參選2028年總統的計畫受挫。    ,https://news.ltn.com.tw/news/world/breakingnews/5563246
回嗆阿根廷！英國防長：福克蘭群島是我們的,國際,2026/09/04 16:33,英國國防大臣斯特里廷（中）3日在倫敦與來訪的澳洲國防部長馬勒斯舉行會談。（美聯社）針對阿根廷總統米雷伊（Javier Milei）重提爭取福克蘭群島（Falkland Islands）主權後，英國國防大臣斯特里廷（Wes Streeting）4日表示，英國政府對其海外領土福克蘭群島的承諾「毋庸置疑與無法撼動」。英國與阿根廷曾在1982年為南大西洋的福克蘭群島－－阿根廷稱為「馬維納斯群島」（Las Malvinas）開戰10週。3日，今年已多次在發言時提及福克蘭群島的米雷伊，在全國電視演說中說，「變革之風」有利於阿根廷爭取福克蘭群島主權。請繼續往下閱讀...對此，斯特里廷隨即在社群媒體上表示：「福克蘭群島之所以是英國的，是福克蘭群島居民選擇當英國人…我們對福克蘭群島的承諾毋庸置疑與無法撼動」。斯特里廷還暗示，支持率暴跌的米雷伊，是基於「國內政治」才在發言時，硬扯福克蘭群島主權。英國教育大臣兼執政黨工黨副黨魁包威爾（Lucy Powell）4日告訴英國天空新聞（Sky News）：「我們的立場很明確，福克蘭群島是英國的海外領土…它們是英國的海外領土，我們將捍衛福克蘭群島居民決定自身未來與歸屬的權利」。米雷伊3日的發言，據信與稍早曾拿福克蘭群島主權作文章的美國總統川普有關。川普8月31日宣布，華府正在重新檢討對英國擁有福克蘭群島的支持－－據信美方此舉意在逼迫英國增加國防開支。3日，川普在接受英國媒體GB新聞台（GB News）採訪時，批評英國未能在伊朗戰爭中提供美國軍事支持；對於英阿恐因福克蘭群島再起爭端，川普也拒絕明確表態會在此事上支持英國。    ,https://news.ltn.com.tw/news/world/breakingnews/5563262
林肯號航艦駛離中東停靠泰國  2水兵芭達雅喝酒鬧事被遣返,國際,2026/09/04 16:09,泰國警方表示，2名來自美國航母「林肯號」的水兵在芭達雅醉酒鬧事，最後被遣返回艦。圖為芭達雅。（路透）泰國警方4日表示，2名來自美國航母「林肯號」（USS Abraham Lincoln）的水兵在停靠泰國港口期間，因醉酒鬧事被遣返回艦。根據《法新社》報導，芭達雅（Pattaya）是泰國深受外國遊客歡迎的度假勝地，以其夜生活聞名。芭達雅警察局長斯拉通尤（Anek Srathongyoo）表示，警方3日凌晨接到報警稱，在芭達雅夜生活熱點步行街附近發生1起涉及水兵的「小衝突」。請繼續往下閱讀...斯拉通尤指出，2名美國水兵喝醉後打架還大聲喧嘩，並補充此事件「微不足道」，當地居民報警只是為了防止事態升級。斯拉通尤聲稱，因為2名水兵沒有違反任何泰國法律，所以沒有遭到刑事指控。美國海軍已將他們遣返回艦。「林肯號」之前為支援伊朗戰爭部署逾9個月，創下連續在海上部署時間最長的紀錄。有報導指出，「林肯號」船員心理健康狀況惡化，且艦上包括食品和衛生用品在內的物資短缺。但斯拉通尤告訴《法新社》，自從「林肯號」靠岸後，沒有發生水兵醉酒鬧事以外的特殊事件。在芭達雅工作多年的查特蒙特里（Nattakamol Chartmontri）也說，許多水兵看起來年輕且舉止得體。    ,https://news.ltn.com.tw/news/world/breakingnews/5563141
正妹羽球國手被質疑AI！親拍片闢謠 176cm九頭身震驚全網,國際,2026/09/04 15:54,"29歲前日本羽球國家隊代表、現為健身私人教練的荒木茜羽好身材引發網路討論。（取自荒木茜羽X）29歲前日本羽球國家隊代表、現為健身私人教練的荒木茜羽，8月30日在社群曬出一張泡湯美背照，由於身材實在太好，被網友認為是AI。近日她再度更新，PO出她穿著內衣進行拍攝工作的影片，證實沒有修圖。根據日媒報導，荒木茜羽退役後透過飲食控制、瑜伽、核心肌群訓練，成功減重15公斤，至今仍維持著絕佳身材，擁有與知名動漫《魯邦三世》中的性感女角色「峰不二子」相同的三圍尺寸。請繼續往下閱讀...她8月30日在X公開一張泡溫泉時拍下的背影照，完美背部線條、纖細的腰部、豐滿的臀部結合在一起，讓網友直呼「不科學」。不但有網友大讚：「簡直像雕像一樣！」還有網友直呼不可能有這麼完美的身材，質疑根本就是AI。對於引發網路熱議，荒木茜羽2日更新社群，發布一段她身穿灰色內衣正在進行拍攝工作的影片。畫面中可見她176公分的高挑身形，身形曲線極致完美，不僅展現出傲人的上圍與纖細水蛇腰，清晰可見的健美腹肌與渾圓臀線更完美呈現了「峰不二子」等級的魔鬼身材，逆天長腿更是吸睛度爆表。荒木茜羽也在貼文中感性吐露心聲，坦言自己過去曾因「高身高、不夠骨感」而感到自卑，甚至懷疑過自己。如今她選擇將這份與眾不同轉化為獨一無二的強項，透過持之以恆的嚴格鍛鍊，證明「不完美也是一種個性美」，勵志又自信的告白加上震撼眼球的身材影片，再次吸引大批網友留言狂讚。この一本の動画がきっかけで話題になり、Yahoo!ニュースに3回も取り上げていただきました????✨どんな時も自分を信じて、自分の身体を鍛え続けてきて本当に良かった。そう思えるほどたくさんの反響をいただけて、すごく嬉しいです。… pic.twitter.com/QrdKWtr0so— 茜羽（あかね） （@i_am_akane01） September 2, 2026 この一本の動画がきっかけで話題になり、Yahoo!ニュースに3回も取り上げていただきました????✨どんな時も自分を信じて、自分の身体を鍛え続けてきて本当に良かった。そう思えるほどたくさんの反響をいただけて、すごく嬉しいです。… pic.twitter.com/QrdKWtr0so    ",https://news.ltn.com.tw/news/world/breakingnews/5563158
日本千葉縣永旺驚傳瓦斯外洩 緊急疏散員工顧客,國際,2026/09/04 15:39,今日本千葉縣市原市的購物中心「AEON TOWN」發生液化石油氣外洩事件。（圖擷取自@livedoornews社群平台「X」）今（4日）日本千葉縣市原市的購物中心「AEON TOWN」發生液化石油氣外洩事件，現場緊急疏散店家員工與顧客，所幸無人受傷。《TBS》報導，日本時間上午9點多，位於市原市辰巳台東的「AEON TOWN 辰巳台」有員工撥打119報案，表示「建築物後方的瓦斯鋼瓶有瓦斯噴出」。請繼續往下閱讀...根據警方與消防部門指出，是位於建築物後方的儲氣槽發生液化石油氣外洩。受此影響，店內的員工與顧客已緊急進行疏散，所幸並無造成人員受傷。目前店家前方的道路已實施封鎖禁止通行，瓦斯公司與消防人員正持續在現場進行應變處置。    ,https://news.ltn.com.tw/news/world/breakingnews/5563167
視推翻伊朗政權核心使命 納坦雅胡：目標觸手可及,國際,2026/09/04 15:36,以色列總理納坦雅胡3日表示，目前以色列的核心任務是推翻伊朗政權，並宣稱此目標觸手可及。（法新社）中東局勢近日再度升溫，美軍1日對伊朗目標發動空襲，伊朗也襲擊位於約旦、科威特、巴林、阿拉伯聯合大公國內的美軍基地。在衝突加劇背景下，以色列總理納坦雅胡3日表示，目前以色列的核心使命是推翻伊朗政權，並宣稱此目標觸手可及。根據《以色列時報》，納坦雅胡在特拉維夫與以色列國防軍總參謀部論壇舉行猶太新年（Rosh Hashanah）慶祝酒會上表示「這個政權（伊朗）現在正步履蹣跚。它比以往任何時候都更加脆弱，正為自身的生存而戰。」請繼續往下閱讀...納坦雅胡主張，以色列採取的軍事行動成功削弱伊朗威脅。他說「我對我們徹底、永久地消除這項威脅的能力充滿信心。換句話說，就是推翻這個政權。」納坦雅胡強調，推翻伊朗政權是以色列核心任務，並聲稱目標觸手可及，並非不可能達成。納坦雅胡還說「他們沒有攻擊我們並非巧合。他們攻擊所有人，就是不攻擊我們。他們知道我們的實力、力量和決心。」在納坦雅胡發表此番言論前，以色列國防部長卡茲（Israel Katz）2日警告，若伊朗實施攻擊，以色列已做好「武力回擊」準備。卡茲說如果伊朗發動攻擊，以色列將以武力回擊，且不考慮任何其他因素。他補充，以色列戰機已做好起飛準備。    ,https://news.ltn.com.tw/news/world/breakingnews/5563071
賣灌餅長太像周杰倫爆紅！「粥餅倫」驚傳全中國門市都倒閉,國際,2026/09/04 15:32,目前「粥餅倫」在全中國已沒有任何實體門市營業。（取自微博）中國網紅灌餅攤主「粥餅倫」（本名白獻英）因長得像歌手周杰倫爆紅，在台灣也有不少粉絲慕名前往消費。然而近日傳出，他位於天津紅橋區的灌餅分店也閉店了，目前「粥餅倫」在全中國已沒有任何實體門市營業。根據中媒報導，「粥餅倫」本月1日發布影片，她在影片中說明，閉店原因是與合夥人有意見分歧，「合夥人和我要的錢多，我覺得不合適，讓他幹他也不幹，乾脆我們都不幹了，人生酸甜苦辣，這都是必須要經歷的事情。」請繼續往下閱讀...上個月24日，「粥餅倫」才發影片稱，因房租大幅上漲，其在天津和平區濱江道的灌餅分店閉店。如今再閉兩店，「粥餅倫」目前在全國已再無任何線下門店營業。「粥餅倫」24日受訪時表示，店舖年租金從13萬元漲至20萬元人民幣（約新台幣61萬元漲至94萬元），經營壓力激增，只能無奈選擇停業。但他正在重新選址，想繼續把灌餅生意做起來，目前他在天津河北區靖江路附近的灌餅分店正在籌備中，預計過幾天又將開業。「粥餅倫」坦言，自己的灌餅生意和網際網路熱度較之前也有所下滑，但他不是很在意，只想著把生意再繼續做起來，每天能吃飽飯就行，做人知足常樂。「只要這個店不賠錢，夠發員工的工資，交房租，我內心還是想繼續和員工們幹下去的。」「粥餅倫」原本只是河北邯鄲農村一名雞蛋灌餅攤主，因為長得像周杰倫，於2020年3月爆紅，大量粉絲慕名而來。「粥餅倫」與粉絲談吐時幽默風趣，遇到台灣來的粉絲時也會特別表示感謝，提出要請客。2024年「粥餅倫」先後於天津、石家莊等地開店。不過在新店開業前，目前在全國已無任何線下門市。    ,https://news.ltn.com.tw/news/world/breakingnews/5563129
中國副校長女兒發86頁文件爆父出軌 控女教授當小三、學術造假,國際,2026/09/04 14:51,位於中國湖北省的武漢大學。（歐新社資料照）中國名校武漢大學近日再傳爭議，網路流傳一份長達86頁的PDF檢舉文件，指控該校化學與分子科學學院教授曾夢琪涉介入他人婚姻、學術不端等問題，另一名當事人則是曾任該學院教授的付磊。付磊目前是安徽大學副校長。相關話題3日晚間登上微博熱搜，引發中國輿論關注。綜合媒體報導，檢舉文件發布者自稱是付磊的兩名女兒，並在文件中表示，父母均曾任武漢大學教授。文件指稱，曾夢琪自2016年攻讀博士期間起，便與當時已婚的導師付磊有不當關係，並列舉兩人使用情侶微信頭像、在校方新聞稿中加入合照，以及曾夢琪在付磊公務出差期間疑似以家屬身分參與接待等細節。請繼續往下閱讀...檢舉文件痛批，兩人關係導致家庭破裂，付磊後來搬離住所，其妻獨自承擔房貸並撫養兩名女兒。文件也指控付磊和曾夢琪二人涉及學生研究成果及論文署名爭議、違規使用研究經費，以及介入學院人事任命與招生事務等。對此，武漢大學3日表示，校方已注意到此事，且檢舉人早於8月19日已向學校紀律檢查委員會提交文件，紀委已正式受理並啟動調查，一旦查證屬實，將依規嚴肅處理，並適時公布調查結果。安徽大學黨委宣傳部4日證實，付磊為該校現任黨委常委、副校長，校方已注意到事件並展開調查，具體情況須等待官方通報。    ,https://news.ltn.com.tw/news/world/breakingnews/5563019
上海市長龔正辭職  「70後」朱忠明任代理市長,國際,2026/09/04 14:41,朱忠明。（翻攝網路）上海市第16屆人大常委會第33次會議今天決定，接受龔正辭去上海市市長職務的請求，朱忠明任上海市副市長、代理市長。朱忠明1972年出生，此前他已任上海市政府黨組書記。新京報報導，公開簡歷顯示，朱忠明1972年4月出生，浙江海寧人。1996年3月加入中國共產黨，他是高級會計師。請繼續往下閱讀...朱忠明曾任浙江省財政廳黨組書記、廳長，湖南省副省長，財政部副部長等職。2024年7月任上海市委副書記，後兼任政法委書記，至近日履新上海市政府黨組書記。    ,https://news.ltn.com.tw/news/world/breakingnews/5563067
日韓國防交流降溫？小泉進次郎缺席首爾安全對話 韓媒點出「1原因」,國際,2026/09/04 14:37,韓媒披露，日本防衛大臣小泉進次郎預計缺席下週舉行的首爾安全對話。（美聯社資料照）南韓媒體報導，日本防衛大臣小泉進次郎將缺席下週在南韓舉行的「首爾安全對話」（Seoul Defense Dialogue，SDD），改由副部長級的防衛審議官出席。韓媒分析認為，此舉可能與近期南韓、日本國防單位交流出現降溫跡象有關。韓聯社報導，南韓國防部主辦的年度多邊安全協商機制「首爾安全對話」，將於本月7日至9日舉行。過去日方多由防衛審議官出席，去年則由時任日本防衛大臣中谷元親自與會，但今年又將改由防衛審議官出席。請繼續往下閱讀...報導指出，小泉進次郎決定缺席的原因，很可能與他日前參拜靖國神社有關。小泉進次郎於南韓光復81週年的前一天、上月15日前往靖國神社參拜。靖國神社被指美化日本過去的侵略戰爭，並供奉甲級戰犯。本屆南韓政府對日本防衛大臣參拜靖國神社一事更加嚴肅看待。當時，南韓外交部及國防部分別召見日本駐韓大使館總括公使與日本駐韓防衛駐在官，並提出嚴正抗議。韓聯社指出，近期韓日兩國積極展開國防部長層級交流。從南韓國防部長安圭伯今年1月訪問日本，到雙方國防部長5月底藉香格里拉對話之際舉行會談，再到小泉進次郎6月回訪南韓，兩國國防交流此前持續升溫。不過，自小泉進次郎參拜靖國神社後，近期韓日國防交流的活躍趨勢恐將受到阻礙。    ,https://news.ltn.com.tw/news/world/breakingnews/5562739
香港獨立書店「獵人書店」不獲續租  前路未明,國際,2026/09/04 14:19,香港獨立書店「獵人書店」負責人被指出售具煽動意圖刊物，該書店近日表示，書店現址租約將於明年2月底屆滿，確認不能續租。（圖擷取自「獵人書店Hunter Bookstore」臉書粉專）香港獨立書店「獵人書店」負責人被指出售具煽動意圖刊物。該書店近日表示，書店現址租約將於明年2月底屆滿，確認不能續租，並指「對於變動，不能說是沒有擔憂」。「獵人書店」2日在其臉書發文表示，確認書店現址不能續約，租約到2027年2月27日屆滿。本來在早前另一間獨立書店「留下書舍」結業後，「不想這麼快又給出壞消息，但心入面（內）一直想提早半年告知大家，因為這裡應該不只是屬於自己的，也讓大家好好告別這個地方」。請繼續往下閱讀...貼文又表示，「對於變動，不能說是沒有擔憂，但同時變動也代表機會，獵人的3.0又會是何模樣？雖然現在還沒有概念，也可能並不容易，但讓我們一起想像吧。」貼文表示，會由3日起與獨立出版社舉行「開倉祭」（庫存特賣會），「清減一點獵人的份量」。「獵人書店」負責人、前香港公民黨成員黃文萱與丈夫6月被香港警方國安處拘捕。當時政府新聞稿表示，2人涉於店鋪內展示具煽動意圖的物品，以及出售具煽動意圖的刊物；又指2人涉曾收取外國政治組織的多筆匯款資助。2人事後獲准保釋。香港另外3間獨立書店「一拳書館」、「留下書舍」、「田園書屋」也先後有負責人及店員被警方國安處拘捕。「留下書舍」已於8月30日結業，「田園書屋」於7月29日宣布租約滿後結業。此外，「榆林書店」今年被取消參加香港書展的資格後，7月初也宣布，明年4月租約期滿將「光榮結束門市」。    ,https://news.ltn.com.tw/news/world/breakingnews/5563049
慘！邊境洪災中國政府裝死 爆煎熬家屬得靠尼泊爾找人,國際,2026/09/04 14:05,中國官方公布西藏一側的死亡人數僅為21人。（路透）尼泊爾與中國西藏邊境日前因冰川崩塌引發毀滅性暴洪，奪走逾1200條人命、數千人失蹤。然而相較於尼泊爾當局持續釋出救援進度，中國官方對境內的慘重災情，不僅嚴格封鎖訊息、懲處散布災情者，公布的死傷數據更與嚴重災情大相逕庭。大批失蹤者的中國家屬與外國遊客親友在求助無門下，只能被迫透過尼泊爾管道與社群網路自行拼湊線索、苦尋親人。根據《衛報》報導，一名來自四川的31歲女子范紅（音譯），其丈夫林波自2024年起便在連接尼泊爾與西藏吉隆口岸的公路單位工作。災難發生後，丈夫音訊全無，范紅多方聯繫中國當局卻得不到任何明確答覆，絕望之餘只能在小紅書貼文求助，吸引萬名網友關注。請繼續往下閱讀...「隨著日子一天天過去，我心裡越來越涼，現在連眼淚都流不出來了，」范紅痛心透露，當地的搜救行動幾乎停滯，生還者家屬甚至集體請求中國官方批准他們「自費」租用無人機或直升機深入搜救，卻始終得不到回應。她無奈表示，中國官方新聞全在報導尼泊爾的水力發電站救援，自家公路項目的受困工人彷彿被徹底遺忘。尼泊爾官方統計顯示當地已有逾1200人死亡、4216人失蹤；然而，中國官方公布西藏一側的死亡人數為21人，另有541人失蹤，其中含261名外國籍人士。但外流的現場影片，讓外界懷疑死傷遠遠不止於此。西藏人權團體已對中國官方公布的低死亡數字表達疑慮，另外，西藏警方甚至在8月底通報，已依法「處罰」10名在網路上散布災情規模「虛假訊息」的民眾。國際聲援西藏運動主席丹秋嘉措（Tencho Gyatso）指出，當局對網路訊息的管制，不僅影響災害報導，也阻礙了確認當地社區是否存活與獲得援助的基本工作。受此影響，許多當地消息來源因擔心風險而不敢與外界聯繫。資訊不透明的情況也讓外國失蹤者家屬備受折磨。一組包含14歲孩童的英籍家庭以及一名赴當地朝聖的51歲英籍女子，皆在經過吉隆邊境後失聯。家屬表示，向中國政府詢問時僅被告知會透過英國駐華使館更新消息，實際進度有限，目前只能持續查看網路流傳的名單與尼泊爾方面的救援資訊，在煎熬中等待親人的消息。    ,https://news.ltn.com.tw/news/world/breakingnews/5562840
網紅街訪誤攔香港黑幫大佬！懵問職業收入 他尷尬：很多人都認識我,國際,2026/09/04 13:46,"香港黑幫大佬「上海仔」郭永鴻。（圖擷取自YouTube帳號@YuTalkShow）中國一名女網紅近日在香港瑰麗酒店隨機採訪住客，詢問「住飯店的人都是從事什麼職業」，沒想到意外訪到香港知名江湖人物、綽號「上海仔」的郭永鴻。由於女網紅疑似不知對方身分，還接連追問職業、收入等問題，整段訪問意外在社群平台爆紅。影片中，女網紅攔下一身白衣的郭永鴻，表示想採訪1分鐘，還稱讚他「很有氣質」。郭永鴻略顯錯愕、尷尬，反問：「你訪問我？很多人都認識我」，並稱自己沒什麼好說的。面對「從事什麼行業」的追問，郭僅表示自己「從事很多行業」，但「不方便說」。女網紅接著詢問他幾歲賺到人生第一個100萬元，郭則回稱「記不起來了」，並示意結束對話。請繼續往下閱讀...當被問到能給年輕人什麼忠告時，郭永鴻勸告「讀好書、不要誤入歧途」，並提醒不要看太多香港黑幫電影，直言「這個很誇大」，還呼籲年輕人「不要學古惑仔打打殺殺」。這段街訪在社群平台掀起討論，網友紛紛笑稱「可能是2026年最好笑的訪問」、「這太搞笑了」，也有人留言「TVB都蹲不到的採訪，竟被大陸自媒體博主挖到了」，並形容這是「最尷尬的採訪」，因為郭永鴻顯然不願在鏡頭前多談。另有網友以「渾身上下只有衣服是白的」調侃郭永鴻的江湖背景。郭永鴻綽號「上海仔」，1958年出生、祖籍福建福州，曾任香港老牌三合會組織「和勝和」前坐館。據公開資料，他早年從事娛樂及博彩相關生意，後成為港澳江湖人物；2012年更因被媒體揭露參與時任特首候選人梁振英競選團隊成員及鄉議局選委的飯局，引發「黑金政治」疑慮。这太搞笑了：一位香港街头采访者，向富人询问他们如何赚钱，结果意外采访了香港最臭名昭著的黑帮分子之一——郭永鸿（郭永鸿），和胜和（和胜和）的昔日领导人，这是香港最大的三合会组织之一。…— 照见五蕴皆空 （@shaoping1668） August 31, 2026 这太搞笑了：一位香港街头采访者，向富人询问他们如何赚钱，结果意外采访了香港最臭名昭著的黑帮分子之一——郭永鸿（郭永鸿），和胜和（和胜和）的昔日领导人，这是香港最大的三合会组织之一。…    ",https://news.ltn.com.tw/news/world/breakingnews/5562877
沙德爾攜特大暴雨二度襲中 福建嚴重受災水庫面臨潰壩危機,國際,2026/09/04 13:19,"颱風「沙德爾」再次侵襲中國，中國福建嚴重受災，X知名帳號「李老師不是你老師」也分享多段畫面，並指今日受強降雨影響，部分河堤塌陷，導致大量洪水直接湧入周邊村莊。（圖擷自X）第18號颱風「沙德爾」日前從中國浙江登陸並在廣東出海後，殘餘環流竟奇蹟般重新整合，並再次侵襲中國，中國福建因此嚴重受災，當地除發生大量洪災及土石流，今日也傳出有水壩的背水面發生山崩，出現潰壩危機。另有民眾更指出，有蛇被洪水沖到路面，引發一陣驚慌。第18號颱風「沙德爾」重新整合合再度侵襲中國，讓福建當地連續出現強降雨，局部地區的單日累積雨量近500毫米。據中媒消息指出，部分地區遭遇特大暴雨侵襲，當地受損道路超過100條，在寧德市轄下的福鼎市更傳出寶溪水庫面臨潰壩危機。請繼續往下閱讀...報導指出，水壩總長約90公尺，山崩部分接近40公尺；山崩區域壩體厚度僅為正常值的一半，一旦潰壩，下游可能面臨水深超過半公尺的積水，情況十分緊急。目前已對部分區域鋪設防水布，防止後續降雨對壩體造成進一步沖刷，並調集大量抽水設備展開洩洪作業，以減輕壩體壓力。同時也對可能受影響的區域提前完成人員疏散。中媒報導提到，網路消息指出，寧德市閩東醫院部分區域進水，官村社區一度傳出有商戶私養的蛇出逃，後續官村社區居委會一名工作人員解釋，轄區內沒有養蛇店鋪，也無商戶私自養蛇，並指社區一側鄰近河道，河道內有蛇、鼠等野生動物，受本次暴雨影響，河水暴漲，有蛇被洪水沖到路面，並非網傳私養蛇出逃。時常分享中國時事的X知名帳號「李老師不是你老師」也分享多段畫面，並指今日受強降雨影響，福建莆田木蘭溪域部分河堤塌陷，導致大量洪水直接湧入周邊村莊。其中莆田市廂區華亭鎮園頭村受災嚴重，有被困村民及家屬發出緊急求助，村里多名村民及老人因洪水被困，急需救援力量介入。「李老師不是你老師」也指出，在莆田仙湖洞一帶也因強降雨影響，出現嚴重積水及洪澇災情。大量洪水淹沒週邊低窪道路，附近山體也因持續降雨出現土石流險情。9月3日，福建莆田仙湖洞一带受持续强降雨影响，出现严重积水和洪涝灾情。大量洪水淹没周边低洼道路，附近山体也因持续降雨出现滑坡险情。 pic.twitter.com/D7rhBuObnG— 李老师不是你老师 （@whyyoutouzhele） September 4, 2026 9月3日，福建莆田仙湖洞一带受持续强降雨影响，出现严重积水和洪涝灾情。大量洪水淹没周边低洼道路，附近山体也因持续降雨出现滑坡险情。 pic.twitter.com/D7rhBuObnG9月3日，受强降雨影响，福建莆田木兰溪流域部分河堤塌陷，导致大量洪水直接涌入周边村庄。 莆田市城厢区华亭镇园头村受灾严重，有被困村民及家属发出紧急求助，村里多名村民及老人因洪水被困，急需救援力量介入。 pic.twitter.com/CtQ3KLM0e0— 李老师不是你老师 （@whyyoutouzhele） September 3, 2026 9月3日，受强降雨影响，福建莆田木兰溪流域部分河堤塌陷，导致大量洪水直接涌入周边村庄。 莆田市城厢区华亭镇园头村受灾严重，有被困村民及家属发出紧急求助，村里多名村民及老人因洪水被困，急需救援力量介入。 pic.twitter.com/CtQ3KLM0e0颱風「沙德爾」再次侵襲中國，中國福建嚴重受災，X知名帳號「李老師不是你老師」分享多段畫面，並指今日受強降雨影響，部分河堤塌陷，大量洪水直接湧入周邊村莊。（圖擷自X）    ",https://news.ltn.com.tw/news/world/breakingnews/5562807
振奮人心！尼泊爾奇蹟救出受困隧道9天2名工人,國際,2026/09/04 13:06,水力發電廠工人受困9日被奇蹟救出。（法新社）中國、尼泊爾邊境上個月底爆發滅性暴洪，造成超過1250人死亡、逾5000人下落不明。就在災情發生9天後，今天（4日）傳出好消息，搜救團隊於特里舒利3A水力發電廠的深層隧道中，成功救出2名全身滿是泥濘、但生命跡象穩定的生還工人，對仍有親人受困的家屬帶來一絲希望。綜合外媒報導，獲救的2名男子分別為該工程的機械領班與機械主管，其中一名獲救者確認姓名為沙阿（Sanjaya Shah）。現場畫面顯示，搜救人員將滿身泥巴的工人扛在肩膀上緊急送醫，並隨即給予氧氣瓶救治，目前2人皆在醫院接受密切醫療觀察。請繼續往下閱讀...尼泊爾軍方發言人巴斯內特准將（Raja Ram Basnet）與國會議員紐帕內（Shri Ram Neupane）已先後證實這項救援突破。尼泊爾電力局高層官員勞特（Suresh Raut）表示，目前現場救援行動仍在持續進行中，搜救團隊評估，深邃的隧道內極可能還有其他倖存者正在等待救援。這場突如其來的暴洪重創當地的基礎建設。根據尼泊爾獨立電力生產商協會統計，僅單一特里舒利3A發電廠就有至少557名工人失蹤，其中約115人被困於主隧道內。若放眼全境，共有12個水力發電工程遭受波及、近900名工人失蹤，估計有高達500人受困於各個發電廠隧道中。除了尼泊爾本土災情慘重外，強烈洪患也蔓延至邊境地區。中國官方統計顯示，截至週三晚間，西藏一側亦有21人死亡、541人失蹤，不過被質疑實際數字遠比官方高出許多。    ,https://news.ltn.com.tw/news/world/breakingnews/5562970
自由說新聞》糗！俄軍剛開砲就被秒殺！普廷被自家人狂嗆,國際,2026/09/04 12:39,全新的視界！新聞話題不漏接，快訂閱YouTube 【自由追新聞】，記得開啟小鈴鐺哦！    ,https://news.ltn.com.tw/news/world/breakingnews/5562939
曝不傷身「正確洗鼻涕方式」！日已故教授奪搞笑諾貝爾獎,國際,2026/09/04 12:10,打噴嚏示意圖。（歐新社）一年一度旨在表彰「讓人發笑、隨後發人深省」研究的搞笑諾貝爾獎（Ig Nobel Prize），3日於瑞士蘇黎世盛大舉行。由旭川醫科大學已故名譽教授海野德二靠著實驗出「最有效率且不傷身體的擤鼻涕法」勇奪醫學獎；另外，日本學者今年表現亮眼，研究「蟑螂奶」超高營養價值的日美歐跨國團隊則拿下化學獎，這也是日本研究人員連續20年在此頒獎台上刷新紀錄。根據《讀賣新聞》報導，許多人感冒鼻塞時習慣奮力猛擤，但此舉不僅效果有限，還可能因壓力過大造成耳膜受損。已於2022年逝世（享壽89歲）的海野德二教授，早在1977年便發表了一項充滿前瞻性的研究。他找來15名男性實測，精密測量擤鼻涕時鼻孔噴出的氣流速度、氣量以及耳道承受的壓力。請繼續往下閱讀...實驗結果證實，最理想的擤鼻涕方式是「按住單側鼻孔，並以強勁但緩慢的速度吐出氣流」，這樣不僅能最高效地清空鼻腔，還能避免高壓傷及耳朵、減少併發症，達到預防疾病的效果。代表恩師出席領獎的旭川醫大56歲教授高原幹在典禮上致詞表示，海野教授一生致力於呼吸道領域研究，「能將稀鬆平常的日常動作提升至學術層面精準證實，這正是該研究獲獎的核心價值，相信老師在天之靈也會感到相當欣慰。」除了「擤鼻涕學」，今年得獎名單依舊話題性十足，包括蟑螂乳汁、利用內褲分析土壤健康等主題。搞笑諾貝爾獎旨在聚焦那些「先讓人發笑，再讓人思考」的科學成就。自1991年創立以來，過往多在美國舉辦頒獎典禮。不過受到美國川普政府強硬邊境政策影響，去年大批非美籍得獎者被迫缺席，導致主辦單位今年首度將典禮移師瑞士蘇黎世；主辦方也預告，明年的頒獎典禮預計將轉往比利時安特衛普登場。    ,https://news.ltn.com.tw/news/world/breakingnews/5562876
亞運棒球》劉基鴻喊「一定要讓韓國當兵」 韓媒解讀：玩笑挑釁,國際,2026/09/04 12:07,中華職棒味全龍隊球星劉基鴻即將代表台灣隊出戰名古屋亞運。（資料照）中華職棒味全龍隊球星劉基鴻即將代表台灣隊出戰名古屋亞運，談到爭金目標時，喊話「一定要讓韓國當兵」。相關發言意外受到跨海關注，就有南韓媒體轉發相關內容，形容劉基鴻這番話是對南韓隊發出「帶有玩笑意味的挑釁」。擁有超過14萬粉絲追蹤的南韓棒球媒體Baseball Korea在IG發布貼文稱，即將代表台灣出征亞運、目前效力味全龍的三壘手劉基鴻，近日在接受台灣媒體TSNA訪問時，對南韓國家代表隊發出「帶有玩笑意味的挑釁」。請繼續往下閱讀...Baseball Korea在貼文指出，劉基鴻上月30日接受TSNA訪問時表示，台灣隊所有人都已服完兵役；他接著強調，一定也要讓南韓球員服兵役才行。貼文搭配的圖片以「군대가라」（去當兵吧）作為醒目標題，並寫道：「台灣亞運代表劉基鴻，近日受訪時向南韓國家代表隊開了玩笑。」下方並引述劉基鴻的說法：「我們都服過兵役了……南韓球員也一定要服兵役才行。」劉基鴻日前接受TSNA訪問時，被問到即將登場的名古屋亞運以及中華隊爭金目標，他以輕鬆口吻談到南韓隊，笑說「我們都有當兵」，因此希望這次能阻止南韓球員摘金，「一定要讓他們當兵」，目標就是幫助中華隊搶下金牌。南韓棒球媒體Baseball Korea發布貼文，稱劉基鴻對南韓隊發出「帶有玩笑意味的挑釁」。（擷自IG）    ,https://news.ltn.com.tw/news/world/breakingnews/5562751
涉下令轟炸烏兒童醫院 俄羅斯將軍被槍擊,國際,2026/09/04 12:05,"俄羅斯少將瓦爾帕霍維奇3日在薩拉托夫州遭到槍擊。（擷自X@bayraktar_1love）1名被烏克蘭指控曾下令以飛彈轟炸基輔1間兒童醫院的俄羅斯將軍，於3日在俄羅斯薩拉托夫州遭到槍擊。俄羅斯調查委員會表示，已對發生於薩拉托夫州恩格斯（Engels）的槍擊事件展開謀殺未遂調查。根據《美國有線電視新聞網》（CNN）報導，俄羅斯調查委員會未公布遭襲將軍的身分，但俄羅斯多個Telegram頻道表示，遭槍擊者是俄羅斯第22重型轟炸機航空師師長瓦爾帕霍維奇（Nikolai Varpakhovich）少將。請繼續往下閱讀...烏克蘭未宣稱對這起攻擊事件負責，但烏克蘭總統澤倫斯基3日在每日談話中間接提及此事稱「我們也將採取自己的非對稱行動作為回應。」澤倫斯基補充說「俄羅斯的罪犯沒有躲藏起來，他們會被找到。今天再次證實了這一點，在薩拉托夫州又有了新的證明。」烏克蘭指控瓦爾帕霍維奇下令於2024年7月對基輔的奧馬迪特（Okhmatdyt）兒童醫院發動飛彈攻擊，造成3人死亡和數十人受傷。死者包括1名孩童，他在襲擊過後的數天傷重不治。    ",https://news.ltn.com.tw/news/world/breakingnews/5562809
盼重啟俄烏和平外交 澤倫斯基：川普特使擬訪基輔,國際,2026/09/04 11:42,烏克蘭總統澤倫斯基3日表示，希望能在未來幾天於基輔接待美國總統川普的特使，以重啟結束俄羅斯入侵的努力。（歐新社）俄羅斯入侵烏克蘭時間已長達4年半，由於美國近幾個月來將重心轉移到與伊朗的衝突上，結束俄羅斯入侵的外交努力陷入停滯。烏克蘭總統澤倫斯基3日表示，希望能在未來幾天於基輔接待美國總統川普的特使，以重啟結束俄羅斯入侵的努力。根據《法新社》報導，澤倫斯基3日在晚間演講中說「我們預計美國總統的特使將來到基輔，我們已獲得他們的確認。他們將在莫斯科和基輔分別舉行會談。我們期待在未來幾天內促成一次會面。」請繼續往下閱讀...美國特使魏科夫（Steve Witkoff）和川普女婿庫許納（Jared Kushner）一直在俄羅斯和烏克蘭之間展開穿梭外交，並多次訪問莫斯科，但尚未造訪過基輔。澤倫斯基表示，美烏雙方「已初步確認美國特使訪問日期」，這將是他們首次訪問基輔。俄羅斯入侵烏克蘭已演變為二戰後歐洲最嚴重的衝突，造成數千名平民和數十萬軍人喪生。澤倫斯基7月曾表示，他與魏科夫和庫許納進行會談，旨在重振外交與加速和平進程。    ,https://news.ltn.com.tw/news/world/breakingnews/5562738
分屍棄5地還扮女裝滅證！31歲中國籍講師辯「怕戀情曝光丟工作」,國際,2026/09/04 11:10,南韓警方公布中國籍凶嫌個資與照片。（圖擷取自慶尚北道警察廳官方網站）在南韓涉嫌殺害並分屍25歲中國籍女留學生、已遭羈押的31歲中國籍的大學講師鄭昌聖（ZHENG CHANGSHENG），近日供稱與女留學生是戀人關係；他宣稱，兩人爭執時，因擔心對方將戀情告訴學校、害他丟掉講師工作，因此痛下殺手。綜合韓媒報導，警方今（4）日表示，已依涉嫌殺人、毀損、遺棄及隱匿屍體、以詐術妨害公務等罪嫌，將鄭昌聖移送檢方，同時公布相關偵查結果。警方調查，鄭昌聖涉嫌於8月20日清晨，在慶尚北道住處將女留學生掐死，之後毀損遺體，分別棄置於慶山、慶州、尚州、大邱及京畿道軍浦等5處地點，部分遺體藏在自己家中。請繼續往下閱讀...為掩蓋罪行，鄭昌聖隨後謊報女留學生失蹤，還穿著女裝、攜帶女留學生手機前往東大邱站，企圖製造她曾前往車站的假象，之後關閉手機電源，藉此混淆警方追查，作案手法相當縝密。警方查出，鄭昌聖曾在女留學生就讀的研究所擔任講師，女留學生也曾修習他的課程。鄭昌聖供稱，兩人因感情問題發生爭吵，女留學生揚言將兩人的戀情告訴學校，他因擔心失去工作而犯案。由於女留學生已死亡，警方無法直接核實兩人關係，但綜合物證、鑑識及測謊結果，認定兩人確實曾是戀人。此外，警方對鄭昌聖進行精神病態人格量表（PCL-R）檢測，結果不符合精神病態人格分類。警方表示，後續將持續搜尋尚未尋獲的女留學生遺體，並調查鄭昌聖任職講師期間是否涉及其他犯罪。    ,https://news.ltn.com.tw/news/world/breakingnews/5562737
光州台灣館正名惹怒中國！李在明政府提「1立場」撇清：民間自主決定,國際,2026/09/04 10:25,南韓外交部3日強調，尊重「一中」立場不變，相關事件屬民間自主決定。圖為光州雙年展主場館。（中央社資料照）南韓外交部3日針對第16屆光州雙年展設置「台灣館」一事表示，李在明政府尊重「一個中國」的基本立場沒有改變，並強調相關事件屬於文化藝術領域的民間自主決定，與南韓政府對台立場無關。媒體報導，光州雙年展恢復「台灣館」名稱，光州市長閔炯培先前強調，政治與行政力量不應介入藝術領域。然而中國加大抗議力道，迫使光州市發表聲明稱尊重「一個中國」，中國展覽團隊仍於3日舉行記者會表達抗議，宣布退出展覽。請繼續往下閱讀...韓聯社報導，南韓外交部發言人朴斗淳3日在例行記者會上表示，南韓政府在台灣問題上的基本立場沒有變化。他指出，相關事項是文化藝術領域基於民間自主判斷所作出的決定，與南韓政府在台灣問題上的立場無關。朴斗淳也強調，希望此次事件不會影響韓中關係，以及兩國之間的交流與合作。韓聯社提及，根據1992年「韓中建交聯合公報」，其中載明「大韓民國政府承認中華人民共和國政府為中國的唯一合法政府，並尊重中方只有一個中國、台灣是中國的一部分之立場」。相關內容被南韓歷屆政府視為其「一個中國」立場的依據，李在明政府上台後也曾重申這項立場。另一方面，中國策展團隊已於3日宣布撤展。中國駐南韓大使館隨後發布聲明稱，「光州雙年展主辦方頑固堅持錯誤做法，公然同意中國台灣地區使用完全不符合其身份的名稱參展，嚴重違反一個中國原則，直接損害中韓關係政治基礎。中方對此堅決反對，絕不接受。」    ,https://news.ltn.com.tw/news/world/breakingnews/5562688
中東戰火升溫 范斯拒將美伊衝突定為「戰爭」,國際,2026/09/04 10:20,美國副總統范斯表示，他不會將美國與伊朗的衝突定性為戰爭。（美聯社）美國與伊朗近日再度交火，美軍1日對伊朗目標發動空襲後，伊朗也對位於約旦、科威特、巴林、阿拉伯聯合大公國內的美軍基地發動報復性襲擊。針對中東戰火持續升級，美國副總統范斯表示，他不會將美國與伊朗的衝突定性為戰爭。根據《法新社》報導，范斯3日在白宮簡報會上被記者問及伊朗戰爭是否會在美國11月的期中選舉前結束時說「我不會稱它為戰爭，目前沒有正在進行的交火。」請繼續往下閱讀...范斯指出，他承認中東某些地區衝突有升級跡象，但自從美國和以色列2月28日空襲伊朗後，主要作戰行動（major combat operations）只持續了6週。范斯還告訴記者「當你問我這件事何時會結束時，你其實是在問我一個類似伊朗何時會停止向船隻開火的問題。我認為現實情況是，我不知道這個問題的答案，你得去問伊朗。」范斯堅稱，在伊朗停止攻擊荷姆茲海峽的商業船運之前，美國不會重新與伊朗展開談判。值得注意的是，美國中央司令部證實美軍1日打擊伊朗目標時也表示，該行動是為了針對伊朗伊斯蘭革命衛隊試圖打擊荷姆茲海峽商業航運，以及攻擊部署於中東的美軍部隊。    ,https://news.ltn.com.tw/news/world/breakingnews/5562690
白宮推出驅逐移民電子遊戲 人權組織怒斥：拿人命開玩笑,國際,2026/09/04 09:50,美國白宮3日推出包含電子遊戲的網站，玩家可以在遊戲中驅逐移民或建造邊境牆。圖為「里約快跑」遊戲畫面。（擷自X@WhiteHouse）美國白宮3日推出包含電子遊戲的網站，且這些遊戲都融入了「讓美國再次偉大」（MAGA）元素，玩家可以在遊戲中驅逐移民或建造邊境牆，人權組織批評「拿人命開玩笑」。根據《法新社》報導，一款名為「里約快跑」（Rio Run）的遊戲，是「貪吃蛇」遊戲的升級版。角色以白宮邊境事務主管霍曼（Tom Homan）的數位形象出現，在美墨邊境的格蘭德河畔（Rio Grande）追逐不同膚色的移民。請繼續往下閱讀...另一款以「俄羅斯方塊」為基礎的遊戲名為「建牆」（Build the Wall）。遊戲說明寫說「保護邊境，抵禦即將到來的移民潮。」白宮在發給《法新社》的聲明中表示，川普政府正全力以赴地探索創新方法，並以一種能引起每位美國民眾共鳴的方式講述總統的諸多成就。此舉是為了進一步凸顯一種充滿樂趣與勝利的文化，與民主黨為美國所描繪的黑暗社會主義願景形成對比。人權組織批評了白宮推出的遊戲，稱拿人命開玩笑。德州伊格帕斯（Eagle Pass）邊境聯盟聯合主任格雷瓦爾（Amerika Garcia Grewal）說「真讓我噁心。他們多年來一直在拿人命開玩笑，現在還把自己的所作所為做成電子遊戲。」白宮發布遊戲時間點，正值川普政府加大力度逮捕和驅逐非法移民之際。川普競選總統時曾承諾驅逐數百萬非法移民，重返政壇後也採取了一系列措施，旨在加快遣返速度並減少非法越境人數。    ,https://news.ltn.com.tw/news/world/breakingnews/5562619
轟英國「處於災難邊緣」！川普點名2大問題：再不阻止國家要沒了,國際,2026/09/04 09:47,美國總統川普3日指出，英國「正處於災難邊緣」。（路透資料照）美國總統川普3日接受英國媒體專訪時，直言英國「正處於災難邊緣」，並對英國高昂的能源成本、淨零政策，以及大規模移民帶來的影響表達憂慮。路透報導，近年美英兩國關係歷經波折。雙方關係於2025年川普赴倫敦進行盛大國是訪問時達到高峰，隨後逐漸惡化，川普頻頻針對英國多項內政及外交政策提出嚴厲批評。請繼續往下閱讀...川普3日接受英國電視新聞頻道GB新聞台（GB News）專訪時，再度表達對英國國王查爾斯三世（King Charles III）的欽佩與喜愛，以及他對英國這個國家的熱愛。但話鋒一轉，川普指出，英國首相柏南（Andy Burnham）領導的政府正面臨嚴重問題，必須加以克服。川普說：「你們國家麻煩大了，正處於災難邊緣。」他接著表示：「你們有非常嚴重的移民問題，也有非常嚴重的能源問題。你們的能源成本比應有的水準高出3至4倍。」川普稱氣候變遷是一場「騙局」，過去也曾批評英國逐步擺脫化石燃料的政策，並多次呼籲英國歷任領導人開發北海的石油與天然氣資源。柏南目前正在考慮是否批准北海2項大型開發計畫。他承諾將以務實方式推動能源轉型，但同時重申，政府仍認為有必要轉向潔淨電力來源。川普也表示，移民正在改變英國的面貌。他說：「如果你們再不阻止世界各地的人湧進來，你們最後連國家都要沒了。」移民問題是許多英國選民最關切的議題之一，其中焦點集中在從歐洲大陸搭乘小船非法抵達英國的人士。相關疑慮也推升由法拉吉（Nigel Farage）領導的強硬右派英國改革黨（Reform UK）支持度。柏南政府近期重申前首相施凱爾（Keir Starmer）曾作出的承諾，將阻止透過小船偷渡的行動。本週稍早，英國政府表示，小船偷渡人數已大幅下降，針對船隻及幕後犯罪集團所採取的打擊措施正逐漸奏效。    ,https://news.ltn.com.tw/news/world/breakingnews/5562593
蟑螂奶、埋內褲、踩毒蛇！ 2026搞笑諾貝爾獎揭曉,國際,2026/09/04 09:09,2026年「搞笑諾貝爾獎」10個獲獎團隊的研究主題五花八門又古怪，包括蟑螂乳汁、利用內褲分析土壤健康，以及擤鼻涕的科學等。（美聯社）2026年「搞笑諾貝爾獎」（Ig Nobel Prizes）得獎名單出爐！10個獲獎團隊的研究主題五花八門又古怪，包括蟑螂乳汁、利用內褲分析土壤健康，以及擤鼻涕的科學等。綜合外媒報導，由數位雜誌《不可能研究年報》（Annals of Improbable Research）主辦的「搞笑諾貝爾獎」，表揚不尋常且富有想像力科學貢獻，今年邁入第36屆，獲獎的研究團隊在瑞士蘇黎世一座會議中心領取特製獎座，造型看起來像是蘑菇與人類腳掌的混合體。請繼續往下閱讀...主辦單位表示，該獎旨在聚焦那些「先讓人發笑，再讓人思考」的科學成就。得獎者包括牛津大學以及佛羅里達理工學院的學者，他們重建了親吻行為的演化史；已故的Tokuji Unno醫師則因研究擤鼻涕的科學而獲獎。另一個研究團隊在超過25個國家埋下1000條內褲，藉此觀察土壤生物如何將其分解。其他得獎研究還包括輕踩毒蛇不同部位，研究哪種刺激會讓牠咬人，設計不易噴濺的小便斗，以及利用蚊子口器充當3D列印噴嘴。另有研究發現，蟑螂乳汁所含能量是牛奶的3倍；還有團隊提出證據，顯示上流階層人士較可能拿走準備給兒童的糖果，並有其他不道德行為。此外，頒獎典禮往年都在美國舉行，包括哈佛大學、麻省理工學院及波士頓大學，因擔憂出席者能否取得簽證，今年改至歐洲舉行。主辦單位也規劃，未來典禮將輪流在蘇黎世及其他歐洲國家舉行。今年獲獎的研究團隊在瑞士蘇黎世一座會議中心領取特製獎座，造型看起來像是蘑菇與人類腳掌的混合體。（美聯社）    ,https://news.ltn.com.tw/news/world/breakingnews/5562594
100億公里太空長征！歐日探測器耗時8年逼近水星 迎最棘手關卡,國際,2026/09/04 08:23,歐日合作的「貝皮可倫坡」太空船拍攝的水星北極近照。（美聯社）歐洲與日本合作執行的「貝皮可倫坡」（BepiColombo）水星探測任務，在歷經8年、飛行超過100億公里後，正式進入「棘手」的抵達階段。相互連接的兩具探測器3日成功脫離一路推進它們的轉移模組，預計11月21日進入水星軌道，並於12月分離至不同軌道展開研究。綜合外媒報導，水星體積略大於月球，質量小、引力遠弱於太陽，讓太空船難以靠近。貝皮可倫坡2018年從地球升空後，沿迂迴路線完成9次行星飛掠，藉此調整速度及修正軌道，以便被水星引力捕獲；2025年1月最後一次飛掠時，還拍下水星撞擊坑及火山平原的清晰影像。截至3日，太空船距離目的地仍有約330萬公里。請繼續往下閱讀...歐洲太空總署（ESA）形容，這是該機構歷來操作難度最高的行星抵達程序之一。由於太空船當時距離地球約2億公里，系統必須自主切斷連接探測器與轉移模組的4根機械支柱，再由彈簧裝置以每秒40公分的速度將兩者輕輕推開。ESA官員直言，這是一項「棘手的任務」；所幸德國控制中心近2小時後順利收到操作成功的訊號。ESA的「水星行星軌道器」（Mercury Planetary Orbiter，MPO）預計從明年春季開始，以最低距離水星表面約480公里的軌道進行精密觀測；日本的「水星磁層軌道器」（Mercury Magnetospheric Orbiter，Mio）則沿橢圓軌道運行，最遠距水星約1萬1000公里，研究水星周遭的太空環境與磁場。水星是太陽系中最小、最靠近太陽，也是4顆類地行星中研究最少的一顆，表面溫度最高可達攝氏427度，兩極終年不見陽光的撞擊坑卻極為寒冷，並蘊藏冰層。ESA官員形容，在當地操控探測器，就像「背後一直有一座炙熱的披薩烤箱運轉」。    ,https://news.ltn.com.tw/news/world/breakingnews/5562592
南韓出兵荷姆茲？傳最快年底前部署 青瓦台回應曝光,國際,2026/09/04 07:38,南韓媒體披露，南韓正準備部署軍事力量支援荷姆茲海峽，並計畫在今年底前派兵。（歐新社資料照）南韓多家媒體3日晚間引述政府及軍方消息人士報導，南韓正準備部署軍事力量，以支援荷姆茲海峽（Strait of Hormuz）的航行自由，並計畫在今年底前派遣相關兵力。路透引述多家南韓媒體報導，政府正準備相關程序，以尋求國會批准這項部署計畫，包括在內閣審議後，於本月向國會提交派遣同意案。請繼續往下閱讀...報導指出，南韓政府正在考慮多種方案，包括派遣海上巡邏機、後勤支援艦，或水雷偵測及清除部隊；南韓也一直與美國、英國及法國等國討論可能提供支援的規模與形式。不過，南韓總統府青瓦台表示，首爾方面確實一直在討論為荷姆茲海峽航行自由提供實質貢獻的方式，但對於政府已敲定派遣軍事力量的相關報導，則指出「與事實不符」。美國總統川普今年8月曾在社群媒體發文表示，他之所以縮減美韓聯合軍事演習，部分原因是南韓拒絕在美國對伊朗的戰爭中協助美方。    ,https://news.ltn.com.tw/news/world/breakingnews/5562586
共軍發AI動畫噴高市早苗 「全片抄襲吉卜力」日網炸鍋,國際,2026/09/04 06:10,"中國解放軍海外社群帳號最新發布的AI政治宣傳片，畫風明顯抄襲日本「吉卜力」系列作品，引爆日網炎上。（圖擷取自@ChinaMilBugle 社群平台「X」）首次上稿 9-3 22:36更新時間 9-4 06:10中國政府近年頻繁利用人工智慧（AI）技術，針對敵對國家生成大量極具攻擊性或內容虛假的圖文影音，大搞認知作戰。解放軍海外社群帳號近來發布一部AI影片，控訴日本首相高市早苗增加國防是為「重現軍國主義」，然而全片抄襲日本頂尖動畫工作室「吉卜力」系列作品，反惹怒大批粉絲與日本民眾。請繼續往下閱讀...據悉，中國解放軍在X平台官方社群帳號「China Military Bugl」昨晚（2日）發布一段2分多鐘、名為《和平的面具》的AI影片，背景音樂還搭配中國外交部宣稱日本政府走向「新軍國主義」有關的歌曲。全片以動畫形式，怒轟日本政府正在燒毀《憲法》，並透過大幅削減日本民生等方式，拿出大筆錢財擴充軍備。影片中還出現一名外貌、穿搭酷似高市早苗的女子，暗中和全身穿美國旗裝的「山姆大叔」、戴著有香蕉圖案斗笠的「農民大叔」合作，試圖聯手挑起周邊國家戰火。影片最後，還出現一名站在廢墟哭泣、神似日本經典戰爭動畫《螢火蟲之墓》中的女主角「節子」的小女孩，暗示日本捨棄和平就會讓這名小女孩再現。中國解放軍宣稱，之所以發布這段影片，是為了敦促日本當局「與軍國主義徹底決裂」，以重新贏得中國與其他國家的信任。然而影片發布後，反而引爆日網反彈炎上，原因是這部打著明顯「仇日」、「反日」、「武力恐嚇日本」等含意的影片，其動畫風格或角色外貌，明顯是讓AI抄襲享譽全球的日本吉卜力系列經典動畫電影。日本網友紛紛以「完全抄襲吉卜力」（ジブリ丸パクリ）來砲轟中國解放軍，一邊大力批鬥日本，又一邊讓政治宣傳片抄襲日本動畫，自相矛盾的荒謬程度，完美展示中共教育出來的「厚顏無恥」與「下三濫不要臉」狼性。還有人一針見血指出，這部據稱主打反戰的AI動畫，是由世界公認擴軍速度最積極的中國來製作，尤為諷刺。也有大批日本網友搬出六四天安門事件等歷史影像，痛批中國解放軍至今從未反省自身犯下的殘暴血腥大屠殺等罪行。其他網友則嘲諷，「果然是盜版大國」、「賊喊捉賊，他們自己愛侵犯別人、撕毀協議」、「一個擁有核武、現在正在南海和東海進行侵略行為的國家，居然好意思講這種話」、「你們才是跟80年前的日本帝國最像的國家耶，一天到晚監視國民、打壓創作自由、設立告密制度、搞思想言論審查」。相關新聞請見：吉卜力 AI 生圖侵權嗎？日本政府首度解釋：一情況恐違法中國軍方帳號盜用畫作攻擊日本 繪師維權竟遭刪帳抖音瘋傳「琉球女孩」高喊回歸中國 櫻花妹本人傻眼：假的！把菲律賓比為猴子！中國官媒發AI影片拿南海狂酸 美日也中槍別碰我的鳴人！川普狂發AI自戀片惹怒日本粉絲 2萬人聯署抗議If reinforcing self-defense by a democratic nation that has not engaged in aggression for over 80 years is called a 'revival of militarism,' then the party that is militarizing the South China Sea and threatening Taiwan with unification by force is the true challenger to the… pic.twitter.com/ELPwlUGxDv— MILI（みり＠みりんづけP）Pro （@MILI216） September 2, 2026 If reinforcing self-defense by a democratic nation that has not engaged in aggression for over 80 years is called a 'revival of militarism,' then the party that is militarizing the South China Sea and threatening Taiwan with unification by force is the true challenger to the… pic.twitter.com/ELPwlUGxDv    ",https://news.ltn.com.tw/news/world/breakingnews/5562141
中國律師為錫安教會辯護遭施壓　逃抵台灣尋求協助,國際,2026/09/04 05:54,美聯社獨家報導，曾為北京知名地下教會「錫安教會」辯護的中國律師王夏紅，在中國當局加強施壓其律師事務所及同事後，現已逃抵台灣，正尋求協助安置到其他國家。報導指出，王夏紅（Ruth Wang）是北京凱門律師事務所（VDoor Law Firm）合夥人，她自2025年10月起，參與代表北京錫安教會（Zion Church）的牧師及其他成員的法律團隊。請繼續往下閱讀...王夏紅今天在台灣接受美聯社視訊採訪時表示，她正面臨中國當局直接施壓，當局告訴她和同事，必須自行解散律師事務所，否則當局將強制關閉。她說：「如果我身為事務所合夥人，不配合簽字解散事務所，接下來會發生什麼事？我相信這肯定會嚴重影響我的職涯發展，以及生活中的其他層面。」王夏紅現在過境台灣，並就未來出路尋求協助。錫安教會由金明日牧師（Ezra Jin）於2007年創立，是中國規模最大未向當局登記的「地下教會」或「家庭教會」之一。負笈美國的中國錫安教會牧師龍降恩（Sean Long）去年估計，該教會約有5000名成員，在中國約40座城市設有超過100個聚會點，包含公寓、餐廳，甚至是卡拉OK場所。去年10月，包括金明日在內等18名中國錫安教會成員遭到拘捕，是中國數十年來針對單一教會規模最大的打壓行動之一。美國總統川普（Donald Trump）5月與中國國家主席習近平會面，向習近平提及金明日的案件後，金明日已於兩個月前獲釋。王夏紅的困境則顯示，儘管金明日已被釋放，中國仍持續向錫安教會及相關人士施壓。總部設於美國的非營利人權組織「對華援助協會」（ChinaAid）創辦人傅希秋（Bob Fu）表示，王夏紅的案例顯示，敢於為受迫害基督徒及「其他良心犯」辯護的律師，正面臨巨大壓力。傅希秋呼籲台灣政府保護王夏紅一家人，並確保他們不會被強制遣返回中國。他也呼籲美國及其他民主政府準備協助台灣尋找解決方案。王夏紅與家人抵達台灣機場後，向主管機關尋求協助，盼她在與其他國家聯繫期間獲准留台。據王夏紅向美聯社轉述，台灣主管機關允許她暫時留在台灣，但告訴她，台灣無法受理來自中國大陸人士的政治庇護案件，因為中國政府與執政的民進黨之間關係緊張。陸委會則透過電子郵件回覆表示，雖然台灣沒有處理政治庇護的法律，但已有因應這類案件的機制，將依相關機制處理。王夏紅還說，她正在研究安置選項，包括透過赴美國或加拿大求學，作為讓家人遷居的途徑；如果無法採取這種方式，他們將在海外申請庇護。美國在台協會未立即回應置評請求。（編譯：楊昭彥）1150904    ,https://news.ltn.com.tw/news/world/breakingnews/5562574
尼泊爾洪災增至1280死　失蹤暴增至5624人,國際,2026/09/04 05:54,尼泊爾與中國西藏邊境8月26日遭暴洪重創，尼泊爾災害管理當局今天表示，尼泊爾至少1259人喪命，失蹤人數攀至5083人；中國官媒報導，西藏境內共21人罹難、541人失蹤。法新社報導，兩地合計死亡人數達1280人、失蹤人數高達5624人。請繼續往下閱讀...尼泊爾北部與中國西藏的邊境地區8月26日因冰川崩塌引發洪災，死傷人數迄今不斷攀升。儘管事發至今已超過一週，找到更多生還者的希望愈來愈渺茫，救難人員仍持續搜尋失聯者。（編譯：張茗喧）1150904    ,https://news.ltn.com.tw/news/world/breakingnews/5562573
美軍延長部署 中東戰爭恐拖到明年,國際,2026/09/04 05:30,位於荷姆茲海峽沿岸的伊朗城鎮古希斯塔克（Kuhestak）一棟民宅，1日遭美國飛彈擊中，據稱當時有數十人聚集舉辦婚禮，4人不幸喪命，另有至少68人受傷。（美聯社）爆發滿半年的美伊戰爭近日衝突升級，伊朗三日無視美國總統川普發動進一步襲擊的威脅，對位於科威特的美軍基地發動攻擊，伊朗伊斯蘭革命衛隊（IRGC）誓言為日前遭美軍空襲波及的一場伊朗婚禮的死者復仇。伊朗軍方宣稱使用飛彈與無人機襲擊科威特的賈比爾空軍基地，科威特軍方證實攔截到飛彈與無人機，斥之為直接威脅科威特的安全穩定，並且嚴重違反國際法規則。此外，伊軍還聲稱襲擊位於阿拉伯聯合大公國的明哈德空軍基地，但阿聯並未通報遭到攻擊。請繼續往下閱讀...美伊之間的這波最新互攻始於八月卅日，美軍空襲荷姆茲海峽上的拉拉克島上的火箭發射器，為過去一個月以來美軍首度對伊朗採取軍事行動。美國在本月一日到二日間又對伊朗各地目標進行大規模轟炸，造成至少十九名伊朗人死亡，川普二日表示，重啟攻擊伊朗並不會持續太久，但美方準備好「隨時」想攻再攻。華爾街日報二日引述知情人士的話說，美國戰爭部長赫格塞斯誓言對伊朗的戰爭要迅速果決，但現在卻悄悄延長美軍部署，顯示中東戰爭可能會拖到明年。伊朗也在本週又對中東各地發動報復攻擊，稱其目標是設在阿聯、科威特、巴林、約旦以及伊拉克庫德斯坦自治區的美國基地與部隊。伊朗之所以猛轟中東各地的美軍目標，在於不滿稍早美軍空襲波及伊朗南部荷姆茲海峽沿岸小鎮古希斯塔克的一場婚禮，造成四人死亡，包括一名兒童，另有六十八人受傷。美軍並未正面回應此攻擊，僅稱美軍跟IRGC不一樣，從不以平民為目標。    ,https://news.ltn.com.tw/news/world/paper/1769261
爭奪資源 烏2大情報機構當街火併,國際,2026/09/04 05:30,烏克蘭東部頓內茨克州戰略重鎮克拉莫托斯克（Kramatorsk），2日遭俄羅斯無人機攻擊，一輛汽車起火燃燒。（美聯社）烏克蘭日前驚傳兩大情報機構「烏克蘭安全局」（SBU）與「軍事情報局」（HUR）的人員當街爆發槍戰並造成三人受傷，暴露這兩個爭奪與俄烏戰爭影響力與資源的情報機構之間長期以來的矛盾，總統澤倫斯基怒斥此事可恥、要求展開調查，以及解除SBU的國家機密保護部的主管的職務。澤倫斯基怒斥可恥 撤換主管調查根據華爾街日報與英國金融時報，此一交火事件發生在一日晚間到二日凌晨，地點是烏國首都基輔的別列茲尼亞基（Berezniaky）區；負責烏克蘭國內安全的SBU的一支特種部隊，與負責烏克蘭軍情單位HUR的特種部隊對峙；HUR特種部隊有三人在交火中受傷。社群媒體上流傳的相關影片顯示有兩輛車交火，以及一棟蘇聯時期建造的公寓大樓外血跡斑斑。請繼續往下閱讀...根據爆料官員，兩大情報機構人員當街「火併」，肇因於SBU日前拘留一名在HUR的監管下為烏克蘭作戰的「俄羅斯志願軍」的指揮官，以及SBU試圖搜查一棟前述這名指揮官與其他獲得HUR支援的戰士居住的公寓。「俄羅斯志願軍」由支持烏克蘭的俄羅斯公民組成，被俄國列為恐怖組織。澤倫斯基二日晚間稱此事「絕對可恥」，因為在烏克蘭子彈只能射向俄羅斯佔領者，其他任何交火一律不准。澤倫斯基還說，檢方已就此展開調查、解除SBU「國家機密保護部」負責人赫拉莫夫（Oleh Khramov）的職務，以及要求SBU與HUR進行內部調查，「必須究責」。在俄秘密行動先鋒 兩機構長期不和 此事引發烏克蘭全國憤慨，暴露出這兩個行事隱密的情報機構的長期不和，以及招致外界對這些因戰爭而掌握更大影響力與資源的單位的質疑。SBU與HUR是烏克蘭兩大情報機構，也是烏國在俄羅斯境內從事秘密行動的先鋒，過去都曾執行在俄國境內或烏國的俄羅斯佔領區暗殺俄國軍官等的行動。隨著領導高層更迭，這兩大情報機構近幾個月來為爭奪影響力與資源的競爭惡化。SBU與HUR的原負責人皆在過去一年轉調政職，目前SBU負責人是少將波克拉德，HUR負責人是中將伊瓦申科。    ,https://news.ltn.com.tw/news/world/paper/1769259
嚇阻中國擴張 美軍擴大在澳部署,國際,2026/09/04 05:30,美國戰爭部長赫格塞斯（右）和澳洲國防部長馬勒斯（左）2日在華府會晤，雙方同意擴大美軍在澳洲的軍力部署，加速兩國軍事合作步調。（路透）美澳防長華府會談 加速兩國軍事合作美國戰爭部長（國防部長）赫格塞斯和澳洲國防部長馬勒斯二日在華府會面，同意擴大美軍在澳洲的軍力部署，加速兩國軍事合作步調。澳西南部將駐紮一千兵力目前美國透過現行「軍力部署態勢協議」，已在澳洲維持相當規模的軍力，包括美軍陸戰隊年度輪調部署澳洲西北部達爾文港，以及在西南部鄰近柏斯的史特林號基地（HMAS Stirling base）建立「西部潛艦輪調部隊」，預計明年將駐紮約一千名兵力，支援美國維吉尼亞級潛艦以該基地為據點的行動。請繼續往下閱讀...馬勒斯二日表示，美軍的部署將進一步擴大，預期在今年稍晚美澳防長、外長部長級會談時宣佈。他說，「你可見到在澳洲的美軍持續增加，我們認為就在印太提供嚇阻力而言，這一點確實很重要，提供印太地區穩定和和平」，「這非常符合澳洲的國家利益」。由於擔憂中國空前的軍事擴張，澳洲近年重新調整其國防力量，著重飛彈打擊能力，以及嚇阻可能從北部接近的潛在敵人。馬勒斯二日回應記者提問時直言，雙方擴大合作，正是為了因應「自第二次世界大戰以來，全球單一國家最大規模的傳統軍力擴張，也就是中國」，他說，必須確保建立嚇阻、維持平衡，以維護澳洲所處區域的和平和穩定，「與美國同盟展開合作，對實現此目標至為重要」。馬勒斯重申有信心可依照「澳英美三方安全夥伴關係」（AUKUS）規劃時程，將第一艘維吉尼亞級潛艦交付澳洲；根據該協議，澳洲將在二〇三〇年代向美採購三艘二手該級核動力潛艦，首艘預計二〇三二年交付，但仍待屆時的美國總統最終批准。五角大廈會談紀要指出，兩國打算透過「加速推動在澳洲基地軍力部署態勢倡議」，擴大美軍在澳洲的軍事存在，包括透過聯合演習提高雙方協同作戰能力，及強化兩國之間的飛彈生產等軍工產業合作。會談紀要也提到國防支出議題，「赫格塞斯強調，有能力的盟友需要為集體防禦貢獻，以及投資自身主權安全」。被問到澳洲國防支出問題，馬勒斯說，澳洲已將國防支出提高到佔國內生產總值（GDP）的二．八％，超過北約組織（NATO）大多數國家，也在印太地區名列前茅。中國七月在太平洋地區試射洲際飛彈，升高區域國家警覺。帛琉總統惠恕仁三日向太平洋島國論壇（PIF）峰會表示，希望峰會聯合公報提及此事，呼籲區域國家採取一致立場，向中國傳達強而有力訊息。他說，「太平洋地區團結發聲，對於使北京尊重主權、重視透明度、並且成為負責任夥伴至為重要」。    ,https://news.ltn.com.tw/news/world/paper/1769257
從軍備到戰略博弈 美中太空競賽加劇,國際,2026/09/04 05:30,美國官員警告，中國正積極開發可追蹤甚至「捕捉」其他太空飛行器的衛星技術。圖為中國「引力一號」運載火箭搭載衛星升空。（法新社檔案照）美國和中國在太空領域的軍備競賽與戰略博弈，正全面加劇。從地球軌道上的機密無人太空飛機試驗、衛星追蹤與捕捉技術研發，到國際太空產業主導權與外交陣營的鞏固，顯示雙方正加速為潛在的太空軍事衝突及地緣政治重組預作準備。路透報導，根據美國太空碎片追蹤公司LeoLabs的資料，一架受到美軍高度監控的中國機密無人太空飛機，今年六月在聚集大量商業與軍事衛星的軌道區域，釋放一枚小型衛星。該衛星隨後繞行另一枚中國衛星飛行，最終成功返回太空飛機附近。報導指出，美軍也操作一架外型宛如小型太空梭的同類型無人太空飛機，兩國的相關測試凸顯太空軍事競賽正迅速升溫。請繼續往下閱讀...軍事專家與相關專利、採購文件顯示，具中國軍方背景的研究人員正積極開發可追蹤、甚至在軌道上「捕捉」其他太空飛行器的衛星技術，並致力於延長飛行器的燃料供應系統。美國太空軍作戰部長薩茲曼警告，中國迅速發展干擾與摧毀目標的地面及太空武器，構成嚴重實質威脅。美國空軍戰爭學院前教授杜爾曼指出，衛星已是現代戰爭的核心樞紐，一旦美國太空通訊與導航能力遭到破壞，將直接癱瘓美軍龐大的地面作戰力量；而具備部署能力與高機動性的太空飛機，已被各方視為潛在的「太空戰鬥機」。為反制北京在太空領域的擴張，美方除強化自身部署，也積極與盟友合作展開反制。商業追蹤數據顯示，美軍去年九月與英國在一枚疑似中國間諜衛星的軌道上，完成首度雙邊聯合太空軍事行動，向中方釋放強烈的戰略嚇阻訊號。另一方面，美中太空爭霸戰也同時牽動西方盟國之間的產業競逐與主導權之爭。美國政治新聞網站「Politico」披露，白宮科技政策辦公室正向科技富豪馬斯克旗下的SpaceX等美國太空指標企業施壓，勸阻其出席九日在巴黎舉行的首屆國際太空峰會。美方官員在內部通話中明確表示，法國在未與美方充分協調下主導該峰會，不僅論壇座談未納入美國觀點，甚至涉及「反競爭」行為，可能削弱美國產業的優勢與國際地位；美企若出席，恐被外界解讀為默認支持歐盟的太空政策立場。    ,https://news.ltn.com.tw/news/world/paper/1769258
中滲透捷克學界 擋台捷合作,國際,2026/09/04 05:30,中共黨媒「光明日報」記者楊藝明，被控在捷克境內從事間諜活動，刺探國家機構內部的非公開情資，甚至鎖定涉及台灣與西藏活動的參與者資料，以防損害中國形象並防範海外異議人士。（取自X）竊取國家機密、情蒐 操控輿論捷克安全情報局（BIS）近日發布二〇二五年度報告，示警中國正積極利用學者、假記者及外交身分，對捷克政壇與學術界進行滲透，企圖竊取國家機構機密、蒐集敏感情報，並在背後操控輿論，削弱捷克與台灣的雙邊合作。蒐集可成為把柄的黑資料報告指出，學術界已成為中國獲取情報與拓展政商人脈的核心管道。中國情報機構通常鎖定前往中國留學的學者，或透過商務社群平台「領英」（LinkedIn）與境內協力者直接接觸目標。中方起初會以「專業合作」為名義，承諾給予優渥報酬，要求學者針對符合北京政治利益的指定主題撰寫分析報告；隨著關係加深，中方進一步索取非公開的敏感資訊，甚至蒐集可成為把柄的黑資料，以脅迫或對付日後被視為不受歡迎的人士。請繼續往下閱讀...以記者和外交官身分刺探BIS進一步指出，中國情報人員長期以記者和外交官身分作為合法掩護，其任務涵蓋情報蒐集、建立政治影響力網絡，以及監控海外華人社群，戰略目標是滲透捷克朝野各政黨，拉攏政治人物，藉此阻礙及削弱捷克與台灣之間日益深化的各項合作。報告特別點名今年一月落網的中國籍男子楊藝明。調查顯示，楊藝明自二〇二二年起以中共黨媒「光明日報」記者身分作為掩護，在捷克境內建立多元化的消息來源網絡，長期刺探國家機構內部的非公開情資，甚至鎖定涉及台灣與西藏活動的參與者資料，以防損害中國形象並防範海外異議人士。此外，中方也持續透過捷克小型媒體刊登宣傳內容，企圖美化極權形象，刻意掩蓋打壓人權與領土侵略的事實。歐美接連破獲中國間諜網這類利用媒體專業作為情報刺探工具的手法，也在美國獲得印證。美國司法部二日宣布，曾任職於中國中央電視台與新華社編輯的五十一歲美籍記者波肯，因非法充當外國政府代理人罪名成立，遭判處兩年監禁，限制出境三年。司法部指出，波肯自二〇一九年起受聘於中國國家安全部，收取約十萬美元（約新台幣三一七萬元）報酬，協助物色網路間諜專家，並撰寫機密報告，據稱要呈送中國國家主席習近平。與此同時，一名就讀加拿大滑鐵盧大學的中國籍學生曾偉恆（Weiheng Zeng，譯音），涉嫌接受中國安全部門資助，在多倫多與芝加哥國際機場針對軍用飛機編號與聯邦快遞（FedEx）物流設施進行非法拍攝，八月下旬入境美國密西根州時遭聯邦調查局（FBI）當場逮捕並起訴，凸顯北京無孔不入的複合式間諜活動。    ,https://news.ltn.com.tw/news/world/paper/1769256
日法軍演 陸自攻擊型無人機首秀,國際,2026/09/04 05:30,日本陸上自衛隊的自殺式無人機「Drone 40」無人機重約300至400公克，可隨身攜帶，並可搭載攝影機或彈藥。（路透）日本陸上自衛隊與法國陸軍正在宮城縣舉行聯合演習，陸自二日首度向媒體公開預定二〇二七年度部署的自殺式無人機「Drone 40」。這款無人機重約三百至四百公克，可隨身攜帶，並可搭載攝影機或彈藥。另外，法國最新型「飆風」（Rafale）F4戰機本月也將首度飛抵日本，與航空自衛隊F-2戰機聯演，日法安保合作從陸海空一路擴展至太空及新型作戰領域。Drone 40可搭載攝影機或彈藥陸自與法國陸軍八月下旬日至九月五日，在宮城縣王城寺原演習場等地舉行年度「布呂奈﹒隆盛」聯合演習。二日向媒體公開市區遭游擊隊襲擊的情境演練，也首次展示陸自攻擊型無人機的實際操作。請繼續往下閱讀...現場公開的是澳洲製模組化超小型無人機「Drone 40」。日本自衛隊過去擁有的無人機，主要以情報、監視、偵察（ISR）為主，Drone 40則被視為陸自首度引進的攻擊型無人機之一，其機體僅約手電筒大小，可單手握持，並依任務需求搭載攝影機或彈藥。陸自人員表示，Drone 40主要用途是從空中搜索及識別敵方車輛等目標，並迅速加以處置。讀賣新聞報導，Drone 40預定明年度起正式部署，二日演示時最高升至約卅公尺，確認相關功能。此次日法聯合演習有陸自第廿普通科連隊等約一二〇人，以及駐新喀里多尼亞的法國陸軍海兵部隊約四十人參加。「布呂奈﹒隆盛」名稱取自日本幕末法國軍事顧問朱爾﹒布呂內與西鄉隆盛。法最新飆風F4也首度訪日法國駐日大使日前投書產經新聞指出，這項演習的目的，在於提高日法陸軍的相互運用性及相互理解，也是今年九月一連串日法防衛合作的重要項目。日本防衛大臣小泉進次郎七月訪問法國時，與法國國防部長沃特蘭確認依據今年四月簽署的「日法防衛路線圖」深化合作，並重申印太與歐洲大西洋安全密不可分。日法陸軍聯演結束後，法國航空宇宙軍四架最新型飆風F4戰機，預定本月首度飛抵日本，九月十五日至十八日以茨城縣航空自衛隊百里基地為據點，與日本F-2戰機舉行共同訓練。飆風戰機過去曾於二〇二三及二四年訪日，但這是最新F4型首次飛抵日本。F4大幅強化網路化作戰功能，可透過新一代軍事衛星通訊系統，與友軍戰機乃至無人機交換戰場數據。此次飆風F4訪日也是法國航空宇宙軍「Pegase 26」長距離部署的一環。日本陸上自衛隊2日首度公開預定2027年度部署的自殺式無人機「Drone 40」。這款無人機重約300至400公克，可隨身攜帶，並可搭載攝影機或彈藥。（路透）    ,https://news.ltn.com.tw/news/world/paper/1769260
中英對照讀新聞》Southwest rolls back its overweight passenger policy 西南航空還原其超重乘客政策,國際,2026/09/04 05:30,"2026年3月23日，美國西南航空的1架飛機停在洛杉磯國際機場的跑道上。（美聯社）◎ 張沛元Southwest Airlines has rolled back part of its divisive policy requiring overweight passengers to buy two tickets on flights when they require a second seat because of their size.西南航空已還原其部分引發爭議的政策，即要求體重過重的乘客若因其體型而需要第2個座位時，必須購買2張機票。請繼續往下閱讀...Under the budget carrier’s revised rules, Southwest gate agents will arrange a free second seat for passengers who need the extra room on flights where two adjoining seats are available.根據這家廉價航空公司修訂後的規定，只要航班上有2個相鄰的座位，西南航空登機口的地勤人員，會為需要額外空間的乘客，免費安排第2個座位。After an earlier rule change in January, Dallas-based Southwest required people needing a second seat to book and pay for it in advance. The National Association to Advance Fat Acceptance (NAAFA), an advocacy group, criticized the policy as ""more restrictive.""今年1月，總部設在（美國德州）達拉斯的西南航空曾修改相關規定，要求需要第2個座位的乘客，得提前（為第2個位子）訂位與付費。倡議組織「全國促進肥胖接納協會」批評該政策「更具有約束性」。新聞辭典roll back something：片語，削弱，限制，回到原本狀態，還原。例句：Google Earth was forced to roll back an AI tool just hours after its launch.（「Google地球」在推出1款人工智慧工具僅數小時後，便被迫將其還原。）divisive：形容詞，有爭議的；引起分歧的。例句：He is too divisive to lead the party to general election victory.（他的爭議性太大，以致無法帶領該黨贏得大選。）    ",https://news.ltn.com.tw/news/world/paper/1769248
太平洋島國論壇峰會公報出爐　譴責中國試射飛彈,國際,2026/09/04 03:30,今年太平洋島國論壇領袖峰會在帛琉舉行，儘管北京對主辦國帛琉施壓，太平洋島國仍在今天達成的聯合聲明中，譴責中國朝該地區海域試射飛彈。法新社報導，這份太平洋島國論壇（Pacific Islands Forum）峰會公報由帛琉總統惠恕仁（Surangel Whipps）在深夜舉行的記者會上宣讀，內容要求任何洲際彈道飛彈試射都應至少提前24小時通知。請繼續往下閱讀...這份聲明獲得論壇18個成員中的17個同意，僅瑙埃羅（Naoero，舊稱諾魯）不同意。中國今年7月臨時通知少數幾個國家後，即試射洲際彈道飛彈（ICBM），藉此在太平洋地區展現軍事實力。中國長期試圖在該地區擴大影響力。飛彈落在瑙埃羅及台灣邦交國吐瓦魯附近的國際水域，立即引發太平洋國家的憤怒。這些國家對數十年前美國、英國、法國在該地區進行核試仍記憶猶新，並已宣布其海域為無核區。峰會公報指出，領袖們「對近期的洲際彈道飛彈（ICBM）試射表達關切，該飛彈在未充分通知的情況下，飛越多個成員國上空」。公報呼籲「所有進行洲際彈道飛彈試射的國家，應確保透明度並消除疑慮，包括依照國際慣例，至少於試射前24小時發出預告」。北京已稱，這次試射是中方「年度軍事訓練的例行性安排」，且「事先已經向有關國家作出通報」。中國是該地區重要的基礎建設貸款提供者。瑙埃羅兩年前與台灣斷交並與中國建交後，一直不願意批評中國。在太平洋島國發布聯合聲明前，中國外交部發言人郭嘉昆今天在北京舉行的記者會上稱，帛琉「反覆炒作，企圖綁架其他太平洋島國論壇成員國立場，用心險惡，其圖謀不會得逞」。惠恕仁則回應：「我認為論壇傳達的訊息很明確，那就是必須做到透明。」美國依據與馬紹爾群島簽訂的防禦協議，在太平洋地區進行彈道飛彈測試。帛琉與澳洲領袖今天表示，美國的測試與中國這次試射「非常不同」，因為美方充分提供事前通知。今年峰會的東道主帛琉邀請友邦台灣以援助夥伴身分參加。包括台灣、中國、美國在內，約有十多個非太平洋國家以不同身分參與論壇期間舉行的相關活動。北京對台灣外交部長林佳龍出席開幕式表示不滿。中國太平洋島國事務特使錢波8月31日告訴記者，此事會有「後果」。台灣則反擊表示，台灣在太平洋地區的角色，讓中國無法完全控制該地區。台灣在太平洋地區有3個邦交國。（編譯：楊昭彥）1150904    ,https://news.ltn.com.tw/news/world/breakingnews/5562564
賀錦麗重返選戰助攻期中選舉 民主黨內冷熱兩極牽動2028佈局,國際,2026/09/04 03:29,美國前副總統賀錦麗正逐步擴大參與今年期中選舉的力道，但民主黨內部對她的重返，卻呈現鮮明的兩極化立場。（美聯社檔案照）美國前副總統賀錦麗（Kamala Harris）正逐步擴大參與今年期中選舉的力道，但民主黨內部對她的重返，卻呈現鮮明的兩極化立場。部分選將熱烈歡迎她的輔選與募款號召力，但許多置身搖擺選區及保守「紅州」的候選人，則明確要求與她保持距離，以免拖累選情。美國政治新聞網站Politico報導，賀錦麗近日動作頻頻，不僅計畫下個月前往內華達州拉斯維加斯，為角逐州長寶座的該州檢察長福特（Aaron Ford）站台，日前也公開背書新罕布夏州聯邦參議員候選人巴帕斯（Chris Pappas），並介入多場聯邦眾議員選戰。福特直言，內華達州是關鍵搖擺州，賀錦麗此行兼具拉抬選情與為自身鋪路意味，「對任何著眼2028年大選的人而言，2028年其實從2026年就已開打」。請繼續往下閱讀...然而，賀錦麗在黨內並非普遍受到歡迎。在愛荷華州，角逐州長的州審計長桑德（Rob Sand）與參議員候選人圖瑞克（Josh Turek），都公開表態不希望她前來輔選。阿拉斯加州參議員候選人佩爾托拉（Mary Peltola）陣營，更婉拒賀錦麗以其名義發送募款信。威斯康辛州搖擺選區候選人庫克（Rebecca Cooke）與堪薩斯州參議員候選人漢密爾頓（Adam Hamilton）也直言，農業與保守選區需要跨黨派的實地連結，空降來自加州的指標人物只會適得其反。這種敬而遠之的態度，反映出選戰結構的現實。民調顯示，儘管總統川普的支持度因通膨與伊朗戰事跌至36％，但選民對民主黨整體的不滿意度仍高達56％，賀錦麗個人好感度亦僅4成出頭，使她在部分搖擺地區成為選戰包袱。對此，賀錦麗發言人內格隆（Eduardo Negrón）強調，賀錦麗將持續在能發揮關鍵作用的選區協助募款與輔選，並給予艱困選區候選人最大的自主求勝空間。相較於紅州的冷淡，喬治亞州聯邦參議員奧索夫（Jon Ossoff）等戰場州要角，以及麻州深藍選區候選人則公開擁抱賀錦麗的支持。在著眼2028年總統大選的考量下，賀錦麗如何在期中選舉維持自身政治能量、累積黨內人脈，同時避免成為非深藍選區的選票阻力，成為她重返政治前線的最大考驗。    ,https://news.ltn.com.tw/news/world/breakingnews/5562558
英右翼改革黨首席主持人 被踢爆曾為中國官媒大外宣 美化新疆敘事,國際,2026/09/04 03:26,英國改革黨的首席媒體主持人艾迪生，曾為中國官方宣傳頻道工作，美化中共對新疆的統治。（取自CGTN Frontline臉書）英國「衛報」3日披露，英國右翼民粹政黨「英國改革黨」（Reform UK）的首席媒體主持人艾迪生（Ray Addison），在過去1年中曾為中國官方宣傳頻道工作，美化中共對新疆的統治，引發強烈抨擊。報導指出，艾迪生目前負責英國改革黨的官方播客（Podcast）與社群宣傳活動，但他在2025年9月曾擔任中共中央宣傳部直接掌控的中國環球電視網（CGTN）記者，主持名為「雷蒙德的新疆故事」（Raymond’s Xinjiang Stories）系列影片，大力讚揚新疆的基礎設施，並稱當地涉嫌強迫勞動爭議的棉田「絢麗」，盛讚科技帶動棉花增產與產業轉型。請繼續往下閱讀...CGTN因被認定受中共控制，已於2021年遭英國主管機關吊銷廣播執照。艾迪生為中國官媒效力的過往，與英國改革黨長期以來的反中強硬立場，形成強烈對比。該黨黨魁法拉吉（Nigel Farage）今年初曾公開警告，對中國在英國從事間諜活動、竊取工業機密並滲透大學，感到「極度憂心」；黨籍議員布瑞弗曼（Suella Braverman）也曾直指北京在新疆犯下種族滅絕罪行。英國改革黨副黨魁泰斯（Richard Tice）更曾明確表示，對中共在各領域的擴張深感焦慮，尤其是其對台灣的威脅，主張西方世界應在軍事與經濟上強硬反擊，批評前保守黨政府過於軟弱。曾遭中國制裁的前保守黨黨魁史密斯（Iain Duncan Smith）對此嚴詞批評，質疑該黨事前並未落實盡職調查。史密斯強調，在中國一切皆由國家控制，受僱於官媒即等同受僱於中共政權。英國改革黨證實，事前已知悉艾迪生曾任職於中國官媒，但未具體說明審查機制，僅發表聲明強調該黨堅持批評中國的既有立場，並表示艾迪生曾任職於英國新聞台（GB News）等國際媒體，從未隱瞞過往經歷，其履歷在網路上皆公開可查。    ,https://news.ltn.com.tw/news/world/breakingnews/5562561
防堵洩密還是封口？華郵揭將領反對聲浪後 五角大廈急撤機密作戰文件,國際,2026/09/04 03:20,在美軍多位高階將領警告戰爭部長赫格塞斯，長期對伊朗採取大規模軍事行動不可持續後，五角大廈已將「戰爭部長命令簿」相關機密文件，從內部入口網站上撤除。（美聯社）在華盛頓郵報披露多位高階將領對伊朗戰事表達擔憂的報導後，五角大廈已將數十年的機密文件，從國防官員與美軍常用的機密電腦系統中撤除。華盛頓郵報3日引述3名知情人士獨家報導，與「國防部長命令簿」（SDOB）相關的文件，已從「機密網際網路協定路由網」（SIPRNet）的內部入口網站上遭到移除。由於涉及機密系統，這些人士要求匿名。請繼續往下閱讀...目前尚不清楚美方人員是否還能透過其他管道取得這些文件，也不清楚存取權限的縮減將如何使軍事計畫變得更加複雜。SIPRNet儲存標記為「機密」（secret）的資訊，而「最高機密」（top-secret）資訊則存放在機密等級更高、存取人數更少的網路中。五角大廈發言人帕內爾（Sean Parnell）2日拒絕討論這項變動，但並未否認此事。帕內爾在聲明中表示：「正如我們先前所言，戰爭部不會公開討論內部作戰的審議流程，包括戰爭部長命令簿（SWOB）的管理、處理或存取協議。」聲明使用川普政府為國防部與國防部長赫格塞斯（Pete Hegseth）所偏好的稱呼。帕內爾的聲明還說：「軍方人員的成功是赫格塞斯部長的首要任務，正因如此，有關作戰流程、部隊部署與審議人事的決策，皆透過適當的安全管道進行管理，以確保任務安全與作戰完整性。」在此項變動之前，川普政府已採取多項措施來防堵對媒體的洩密，包括對部分人員實施測謊、對記者發出傳票，甚至搜索一名華郵記者的住家，並查扣其電子設備。SDOB詳細記錄美國軍艦、軍事單位、武器系統及其他資源的位置與可用性，並為高階將領提供一個論壇。透過該論壇，他們在執行命令的同時，可表達對總統川普與赫格塞斯的不贊同意見。他們透過標註「不贊同」（non-concurring）來達到此目的，並藉此程序說明他們可能持有的保留意見，或是這些命令對其他軍事計畫的負面影響。SDOB每月發布兩次。華郵日前曾報導，多位高階將領警告赫格塞斯，長期對伊朗採取大規模軍事行動是不可持續的，且恐削弱他們應對其他地區威脅的能力後，SDOB便成為激烈討論的焦點。熟悉該文件的人士表示，將領們正是透過在SDOB中表達「不贊同」來提出警告。熟悉相關討論的人士透露，提出保留意見並標註「不贊同」的將領，包括歐洲司令部司令格林克維奇（Alexus Grynkewich）上將、南方司令部司令杜諾文（Francis Donovan）上將、太平洋司令部司令帕帕羅（Samuel Paparo）上將，以及海軍作戰部長柯德爾（Daryl Caudle）上將。知情人士表示，空軍參謀長維巴赫（Kenneth S. Wilsbach）上將與陸軍代理參謀長拉內夫（Christopher LaNeve）上將，雖然「贊同」赫格塞斯延長部分部隊部署時間的計畫，但兩人都強調，此舉將伴隨重大風險。近幾個月來，美國高階官員對伊朗戰爭的長期影響日益感到擔憂。川普最初聲稱戰事只需幾週，但如今已進入第7個月。這些擔憂包括「愛國者」飛彈攔截器與「戰斧」巡弋飛彈等日益稀缺的彈藥遭到大量消耗，以及美國海軍在執行川普對伊朗實施的海上封鎖時，所承受的龐大壓力。一名前國防部官員表示，清除SDOB或將其移至機密等級更高的系統，將「大幅減少能直接存取該文件的人數」，這可能會限制緊急的軍事規劃。指揮官及其幕僚仰賴存取SDOB來進行具時效性的決策與通報，例如將飛機與武器從一個司令部調往另一個司令部，需要緊急的後勤工作來重新規劃裝備與資源的路線。限制對相關資訊的存取權限，將使這個過程變得更緩慢且更困難。    ,https://news.ltn.com.tw/news/world/breakingnews/5562556
聯合國警告：聖嬰現象恐成40年來最強 全球步入極端天氣危險區,國際,2026/09/04 03:17,聯合國氣象組織警告，本次聖嬰現象估計將成為過去40年有可比紀錄以來最強的一次。（法新社）聯合國氣象機構3日警告，本次聖嬰現象（El Nino）估計將成為過去40年有可比紀錄以來最強的一次，而且幾乎確定將持續到明年2月。聯合國秘書長古特瑞斯（Antonio Guterres）對此表示，全球已陷入「極端天氣的危險區」。法新社報導，世界氣象組織（WMO）表示，聖嬰現象在未來幾個月將發展為「非常強烈」。WMO秘書長索羅（Celeste Saulo）表示：「如果這個軌跡持續下去，它可能會比我們開始監測以來的任何一次都還要強烈。」請繼續往下閱讀...WMO指出，聖嬰現象將在今年底達到高峰，但其對氣候的連鎖影響將一直持續到2027年。聖嬰現象使中東部赤道太平洋的海面溫度升高，導致全球風向、氣壓和降雨模式的改變。海洋中的熱量釋放到大氣中的速度較慢，這會推升聖嬰現象發展後1年的全球氣溫。強烈的2023至2024年聖嬰現象，促使2024年成為有史以來最熱的一年。索羅說：「如果這項紀錄被打破，我們也不應該感到驚訝。」WMO表示，聖嬰現象已經確立，並將在未來幾個月內增強為非常強烈的事件，對降雨和氣溫模式產生重大影響，並帶來洪水、乾旱和極端高溫等相關風險。聖嬰現象是一種自然發生的現象，並非由氣候變遷所引起。但科學家認為，它將加劇這個因燃燒化石燃料而已經變暖的星球的高溫，同時放大極端天氣。聯合國秘書長古特瑞斯表示：「聖嬰現象正在我們眼前急遽擴大」，地球正處於未知領域，而且海水正在升溫。海面溫度正在上升，氣溫不斷攀升，「世界正處於極端天氣的危險區。」索羅敦促災害管理部門，以及農業、漁業、衛生、能源和水資源等對氣候敏感的產業做好準備，「這個異常的聖嬰現象……有可能對全球各地的社區和經濟造成重大打擊。」「我們已經看到乾旱和洪水帶來的破壞與毀滅，我們預計隨著聖嬰現象增強，這些影響將會增加。」聖嬰現象通常每2到7年發生一次，持續大約9到12個月。氣候狀況會在聖嬰現象及其相反的「反聖嬰現象」（La Nina）之間擺盪，兩者之間則是中性狀態。聖嬰現象可以重塑距離熱帶太平洋數千公里外的天氣和氣候模式。WMO氣候預測主任穆夫馬歐基亞（Wilfran Moufouma Okia）表示，有些地方會在今年稍晚的高峰期之前受到影響，有些則在高峰期期間或之後受到影響，但高峰的強度並非影響嚴重程度的唯一指標。根據WMO預測，9月至11月期間，「幾乎所有陸地區域」出現高於正常氣溫的可能性都會增加。衡量中東部赤道太平洋海面溫度異常的指數，已從5月至7月間高於正常值攝氏1.5°C的平均水準進一步增強。7月下旬至8月中旬的每週數值範圍，在比平均高出2.2°C至2.6°C之間，顯示聖嬰現象正持續增強。WMO將聖嬰事件分為弱、中、強或極強，這意味著這次聖嬰現象將達到4個等級中的最高級。穆夫馬歐基亞表示，這項分級意味著海面溫度異常超過正2°C，「這個等級的上限是開放的：我們知道起點，但不知道終點。」    ,https://news.ltn.com.tw/news/world/breakingnews/5562559
曾為北京地下教會辯護遭打壓 中國維權律師逃抵台灣尋求協助,國際,2026/09/04 03:15,曾為北京錫安教會辯護的中國律師王夏紅，在中國政府對其所屬律師事務所及同事不斷施加壓力後，已逃抵台灣並尋求重新安置的協助。（美聯社）曾為北京知名地下教會辯護的一名中國律師，在中國當局對其所屬律師事務所及同事不斷施加壓力後，已逃抵台灣並尋求重新安置的協助。王夏紅（Ruth Wang）是凱門律師事務所（VDoor Law Firm）的合夥人，也是自2025年10月起代表北京錫安教會（Zion Church）牧師及其他成員的律師團隊成員之一。她3日接受美聯社獨家專訪時表示，她面臨來自中國政府的直接壓力，被告知她與同事必須自行解散事務所，否則將面臨官方強制關閉。請繼續往下閱讀...去年10月，包括北京錫安教會創辦人金明日（Ezra Jin）牧師在內的18名成員遭到逮捕，這是中國數十年來針對單一教會規模最大的鎮壓行動之一。在美國總統川普今年5月向中國國家主席習近平提出此案後，金明日已於2個月前獲釋。王夏紅在台灣接受線上視訊採訪時說道：「作為事務所的合夥人，如果我不配合簽字解散，接下來會發生什麼事？」。她目前在台灣轉機，同時尋求下一步計畫的協助。「我相信這絕對會嚴重影響我的職業發展及生活的其他層面。」相關新聞：中國人權律師「跳機」尋求政治庇護 陸委會證實了報導指出，王夏紅的困境凸顯了儘管金明日已獲釋，中國針對該教會及其相關人士的打壓仍在持續。由金明日於2007年創立的錫安教會，是中國規模最大的「地下教會」或「家庭教會」之一。他們拒絕遵守中國政府要求信徒只能在官方註冊教會進行禮拜的限制。目前在美國留學的錫安教會中國籍牧師龍降恩（Sean Long）去年向美聯社表示，該教會擁有超過5000名信徒，在全中國約40個城市設有超過100個聚會點，地點遍布公寓、餐廳甚至卡拉OK酒吧。在北京當局日益嚴格的管控下，協助被官方視為異議人士的律師，也面臨極大壓力。王夏紅指出，凱門律師事務所創辦人、也是她的導師張凱（Zhang Kai），執業證照遭到吊銷，並被限制出境；所內其他律師則被停業6個月。她表示，司法機關已要求該所律師停止代理與錫安教會相關的案件，並離開公司。當部分律師試圖轉往其他事務所時，也面臨重重限制。王夏紅透露，上個月她與家人在日本度假時，中國官員致電要求她親自會面。她以人不在北京為由回絕，隨後決定不再返回中國。總部設於美國的非營利人權組織「對華援助協會」（ChinaAid）創辦人傅希秋（Bob Fu）表示，王夏紅的遭遇表明，敢於為受迫害基督徒與其他良心犯辯護的律師，正面臨龐大壓力。傅希秋說：「王律師試圖履行律師最基本的職責，但因為她的客戶包括被拘留的北京錫安教會領袖，讓她開始擔憂自己會成為下一個目標。」傅希秋敦促台灣政府保護王夏紅一家，確保他們不會被強制遣返中國，也呼籲美國與其他民主國家政府協助台灣尋求解決方案。中國公安機關並未立即對此發表評論。台灣的大陸委員會（陸委會）和美國在台協會（AIT）也未立即回應置評請求。抵達台灣後，王律師與家人向當地主管機關尋求協助，申請在聯繫其他國家期間暫時停留。雖然台灣移民當局允許她暫時留在機場管制區內，但也告知她，由於中國政府與執政的民進黨之間關係緊張，台灣無法接受來自中國的政治庇護案件。王夏紅表示，她正在探索其他安置選項，包括透過前往美國或加拿大留學，讓家人順利搬遷。如果此路不通，他們將在海外申請庇護。「我覺得我們家目前面臨著未知的明天，我們不知道未來會發生什麼，也不知道是否有地方能收容我們。」    ,https://news.ltn.com.tw/news/world/breakingnews/5562549
美陸軍部長走人了！向川普痛陳赫格塞斯濫權 未來可能為范斯助選,國際,2026/09/04 03:13,美國陸軍部長德里斯科（右）向總統川普請辭時，直言戰爭部長赫格塞斯（左）過度干預軍方人事與軍隊現代化計畫，對陸軍造成嚴重破壞。（法新社檔案照）美國陸軍部長德里斯科（Dan Driscoll）日前遞交辭呈，讓五角大廈高層的內部矛盾正式浮上檯面。華盛頓郵報引述知情人士報導，德里斯科在向總統川普請辭時，直言戰爭部長赫格塞斯（Pete Hegseth）過度干預軍方人事與軍隊現代化計畫，對陸軍造成嚴重破壞。報導指出，儘管川普曾試圖慰留他至期中選舉後，展現對這位與副總統范斯（JD Vance）交情深厚官員的支持，德里斯科仍決定3日正式離職。外界預期，他未來可能投入范斯潛在的2028年總統競選陣營。請繼續往下閱讀...這場人事震盪正值美軍重兵部署中東、應對伊朗衝突與無人機威脅的關鍵時刻。美國陸軍與海軍目前均面臨缺乏經參議院正式認可的文職首長的窘境。報導指出，赫格塞斯上任後大幅顛覆軍方傳統的獨立晉升機制，近期更一舉撤銷多名陸軍准將的晉升案，並著手清除被視為與政府政策不合的軍官。五角大廈發言人雖嚴詞否認內部陷入混亂的說法，強調這些舉措是「改革的必經過程」，但相關行動已引發國會強烈反彈。曾為赫格塞斯任命案投下關鍵同意票的共和黨籍參議員提里斯（Thom Tillis）對此發出猛烈抨擊，公開痛批赫格塞斯的領導與管理「極度無能」。即將退休的提里斯坦言，後悔當初的投票決定，並公開呼籲川普撤換戰爭部長。    ,https://news.ltn.com.tw/news/world/breakingnews/5562551
