Title,News_Type,date,content,url
國3通霄段2車碰撞翻覆  南下車流回堵至少1公里,社會,2026/08/18 18:27,國道3號南下通霄段車禍，車輛回堵至少1公里。（民眾提供）國道3號南下約145公里處、苗栗縣通霄鎮路段，一輛大貨車跟一輛小貨車今天傍晚5點多發生碰撞翻車事故，其中大貨車失控直接衝向路肩側翻，小貨車則在內側車道「倒頭栽」翻覆，2輛車駕駛已脫困並送醫，國道警方正在排除事故、釐清事發原因。國道警方指出，事故發生地點約為國道3號南下145公里處，獲報趕至現場一輛大貨車已失控衝向路肩，駕駛自行脫困，至於小貨車則翻覆倒在內側車道上，救護人員將駕駛救出，目前送醫，剛好遇到下班車流，目前有回堵狀況，至少1公里，民眾務必注意，警方正釐清事故原因中。國道3號南下通霄段車禍，車輛回堵至少1公里。（民眾提供）    ,https://news.ltn.com.tw/news/society/breakingnews/5544223
中國伏季休漁結束  海巡驅離越界中國漁船8艘,社會,2026/08/18 18:07,海巡署因應中國伏季休漁期結束，提前部署威力掃蕩。（澎湖海巡隊提供）中國伏季休漁期16日中午12時結束，海巡署金馬澎分署為防範中國漁船，大舉越界侵擾我國管轄海域，金、馬、澎3離島各巡防區，16日至18日期間執行「岸海聯合、異地同步」威力掃蕩專案勤務，共驅離越界中國漁船8艘，查獲國籍漁船違規作業1艘。此次專案勤務由各巡防區統整海、岸巡及查緝單位量能，共動員巡防艇35艘次、執法人力727人次、巡邏車200車次及偵搜犬6隻。海巡雷達偵蒐依過往越界熱區研判趨勢，超前部署艦艇兵力，特別針對澎湖七美西方周邊海域強化偵蒐密度，將勤務能量前推至限制水域外界線巡弋；同時持續拜會各轄區漁會，以即時掌握國籍漁船作業區域及海況動態，機動調整勤務部署。請繼續往下閱讀...金馬澎分署表示，自今年1月以來，其中澎湖海域已驅離越界中國漁船102艘，並帶案扣留2艘，依法裁罰新台幣240萬元，將持續提升偵蒐能量及強化情資研判，針對中國三無漁船、驅離無效或抗拒檢查者強力執行取締，絕不姑息。同時籲請漁民朋友，海上作業期間如發現中國漁船越界作業、破壞網具等不法情事，請立即撥打海巡報案專線118，或透過無線電及作業海域漁業電臺通報，提供具體事證，海巡單位將立即派遣線上艦艇前往應處，全力守護我國漁民作業權益與財產安全。海巡隊員針對疑似可疑船隻，登船進行臨檢。（澎湖海巡隊提供）    ,https://news.ltn.com.tw/news/society/breakingnews/5544179
獨家》防疫單車變公所財產？溪州卸任鄰長遭追討 縣府打臉：當初就是贈送,社會,2026/08/18 17:57,彰化縣溪州鄉三圳村前鄰長顏秋絨，在疫情期間獲縣府與公所致贈2輛腳踏車代步。（記者陳冠備攝）彰化縣溪州鄉三圳村鄰長顏秋絨，在疫情期間協助政府宣導防疫、催打疫苗，獲縣府與公所致贈2輛腳踏車代步。不料她卸任後，公所竟以「公有財產」為由要求繳回單車。顏女不滿表示，當時明明公開「贈送」，如今疫情過了竟變成公家財產，讓她感覺辛苦被漠視，遭到背叛。對此，彰化縣政府民政處否認追討，強調縣府當初定位就是「致贈」，全縣其他鄉鎮市均無要求繳回狀況；溪州鄉公所則表示，已暫緩收回，待釐清規定後再議。請繼續往下閱讀...「最辛苦的那3年被漠視了！」顏秋絨沉痛表示，疫情最嚴峻時，她每天冒著染疫風險挨家挨戶宣導政令、鼓勵鄉親接種疫苗，為此，公所與縣府於2022與2023年間致贈腳踏車表達感謝，當時從未告知卸任須歸還。「怎麼疫情過了，腳踏車就變成公家的？」顏秋絨強調，若有明確規定要將單車交給新任鄰長使用，她也願意配合，但公所至今提不出財產規範，且今年1月卸任、8月才通知，不符常理，她質疑近期曾替其他鄉長參選人站台，與現任鄉長支持的人選打對台，而遭政治針對。對此，彰化縣政府民政處指出，縣府2023年舉辦「感謝有鄰」活動，致贈全縣9215名鄰長腳踏車，當初定位就是「致贈」，目前其他鄉鎮市均無收回狀況。民政處表示，「致贈活動」委由各公所辦理，若公所要列為公有財產，贈送前理應完成財產申報登記並訂立使用規範。溪州鄉公所回應，公所當初編列82萬元預算購買237輛腳踏車給鄰長，隔年再配合縣府發放。依縣府函文相關規定，離職鄰長的管理與使用由公所自行決定，因此才會要回腳踏車給新鄰長使用，另外，點交名冊即為財產名冊，絕無政治針對。鄉長江淑芬表示，目前縣府規定與公所認定有所出入，已向上級反映，在取得明確規範前，將暫緩收回腳踏車。彰化縣政府2023年舉辦「感謝有鄰」活動，致贈全縣9215名鄰長腳踏車，當初定位就是「致贈」。（資料照）溪州鄉公所於2022年舉辦贈送防疫單車儀式，當時未向鄰長說明，卸任須歸還規定。（資歷照）溪州鄉公所編列82萬元預算購買237輛腳踏車給鄰長，後方都貼有「溪州鄉公所鄰長公務車」貼紙。（記者陳冠備攝）    ,https://news.ltn.com.tw/news/society/breakingnews/5544140
地方選舉防境外介選！徐錫祥示警深偽假訊息侵擾 嚴查不法金流,社會,2026/08/18 17:38,查賄工作會議由北檢檢察長王俊力主持，各選舉查察責任區主任檢察官及檢察官與會，執行秘書、主任檢察官李仲仁報告查賄整備及反賄選宣導情形。（記者劉詠韻翻攝）今年地方選舉將屆，最高檢代理檢察總長徐錫祥、高等檢察署檢察長張斗輝昨赴台北地檢署視察查賄整備。徐錫祥示警，本屆選舉將面臨嚴峻的境外勢力介選及深偽假訊息侵擾；張斗輝則指出，將統合查察機關追查不法金流，從源頭阻斷境外勢力介選。北檢表示，目前已前往雙北轄區10個警察分局、2個調查處及移民署北區事務大隊舉行選舉查察座談，檢視各機關整備狀況，以及對轄區高風險對象、地區的掌握程度，並針對當前查賄困難及挑戰研議因應作為，整合查賄量能。請繼續往下閱讀...徐錫祥聽取報告後指出，今年地方選舉勢必面臨嚴峻的境外勢力介選及深偽假訊息侵擾，主任檢察官應帶領檢察官深入追查，發揮團隊辦案精神，嚴辦妨害選舉不法；第一線檢察官若遇法律爭議，最高檢也將即時研析並提供協助。張斗輝表示，查賄「地雷」布置應持續滾動檢視，落實情資查證及研析，才能達成精準打擊，高檢已指派專責檢察官，與各地檢署建立聯繫管道，並將統合各查察機關規劃查緝不法金流專案，從資金源頭阻斷、防範境外勢力介選。北檢檢察長王俊力表示，北檢將落實各項查賄整備，貫徹「有聞必查、有據必辦」，並呼籲民眾踴躍檢舉賄選，可撥打0800-024-099轉4，或北檢專線02-2311-1816，檢舉獎金最高2000萬元，檢舉人身分將絕對保密。會議由王俊力主持，各選舉查察責任區主任檢察官及檢察官與會，執行秘書、主任檢察官李仲仁報告查賄整備及反賄選宣導情形。最高檢代理檢察總長徐錫祥赴台北地檢署視察查賄整備。（記者劉詠韻翻攝）    ,https://news.ltn.com.tw/news/society/breakingnews/5544124
台中警又爆「白單轉紅單」貪污圖利醜聞   1人收押、9人交保,社會,2026/08/18 17:34,台中市警局又爆「白單轉紅單」貪汙圖利案件。（記者陳建志攝）首次上稿 11:53更新時間 17:34台中市第六分局西屯派出所前年9月爆發「白單轉紅單」貪污圖利，共有31名官警涉案仍在審理中，不料第四分局大墩派出所也傳出同樣的圖利弊案，台中地檢署昨天大動作，前往相關員警的辦公室和住處進行搜索，並約談陳姓警員等被告和1名證人到案，其中陳姓警員羈押禁見，餘9員則以5萬元至8萬元不等金額交保候傳。請繼續往下閱讀...台中市警局第四分局大墩派出所陳姓員警等11人，被警政署政風室查出，2019年到2021年任職大墩派出所期間，因人情請託，將違規車輛檢舉罰單進行不實記載，疑似將罰金較高的「白單」轉為罰金較低的「紅單」，涉嫌圖利。台中地檢署昨天指揮內政部警政署政風室等單位，前往陳姓員警等人辦公處及住處共10處執行搜索，並約談被告陳員等11人被告、1名證人到案說明。經檢察官偵訊後，認陳男涉犯貪污治罪條例第6條第1項第4款之公務員對主管監督事務圖利及偽造文書等罪嫌重大，因所犯為最輕本刑5年以上有期徒刑，且有串證之虞，向法院聲請羈押禁見。另黃姓員警等10人涉犯偽造文書等罪嫌重大，因無羈押必要，分別諭知請回、新台幣5萬元至8萬元具保候傳。台中市警局則表示，將秉持「不掩飾、不庇縱、不護短」的原則，配合台中地檢署後續偵辦，並持續強化風紀管理及法紀教育宣導，展現維護警察形象與提升團隊紀律的決心。    ,https://news.ltn.com.tw/news/society/breakingnews/5543595
中聯油脂食安風暴起訴15人 中聯、福壽反應曝,社會,2026/08/18 17:32,中聯公司針對高層遭起訴事件，不予回應。（記者張軒哲攝）中聯油脂大豆沙拉油驗出一級致癌物「苯駢芘」超標，引爆重大食安風暴，台中地檢署今偵結依違反食安法，起訴中聯董事長蔡清松、總經理余凌冲、福壽董事長洪堯昆、福懋油總經理張志賓、泰山董事長劉偉龍等15人與中聯、福壽、福懋油與泰山等4家公司法人；中聯油脂和福壽實業針對起訴一事，皆不便回應。中聯油脂蔣姓襄理今日表示，對檢方起訴內容不便表示意見；福壽實業公司徐姓協理說，公司暫不表示意見。    ,https://news.ltn.com.tw/news/society/breakingnews/5544118
椰子殼是垃圾非廚餘 醉男丟菜葉遭拒持刀嗆清潔隊員 被判6月,社會,2026/08/18 17:04,為了椰子殼是廚餘還是垃圾？彰縣北斗鎮一名醉男持刀與清潔隊員理論，被判6月徒刑。（示意圖，資料照）椰子殼是垃圾還是廚餘？家住彰化縣北斗鎮黃男，不滿清潔隊員只收其他民眾的椰子，卻未收他的菜葉，竟持菜刀攔下垃圾車，到駕駛座旁以刀敲擊車窗並大聲叫囂，被移送法辦。該案經過法院審理，判處黃男6月徒刑。黃男今年5月21日下午，酒後拿家中的菜葉殘渣傾倒，他見垃圾車只收取其他民眾丟棄的椰子殼，竟不收他的的菜葉，竟拿一把菜刀上前攔下垃圾車，走到駕駛座旁以菜刀敲擊車窗並大聲叫囂，垃圾車隊員報警，被迫中止垃圾清運任務。警方以現行犯逮捕黃男，並扣得菜刀一把。黃男酒測呼氣酒精濃度達每公升1.23毫克。請繼續往下閱讀...黃男說，他只是「提醒」清潔隊員不要收椰子殼進垃圾車，他不解「為何椰子殼被認定為垃圾？為何不收他的菜葉？法官表示，被告酒後僅因細故，持刀將執行公務之告訴人車輛攔下，並大聲對告訴人叫囂，使告訴人心生畏懼，且藐視國家公務員公權力之正當行使，有害公務員對國家公權力之執行，觸犯《妨害公務執行罪》，依其動機和犯後態度，判處6月徒刑。彰化縣環保局表示，彰化縣的生、廚餘都有認定標準，椰子殼跟魚刺、魚骨、貝殼、蝦蟹殼、榴槤殼、竹筍殼、玉米芯、粽葉、生肉等一樣，為不屬於廚餘的「垃圾類」。    ,https://news.ltn.com.tw/news/society/breakingnews/5544068
酒駕肇逃返家喝鹿茸酒 無法客觀取得酒測值不起訴,社會,2026/08/18 16:55,由於酒駕駕駛在警方酒測前又喝酒，罪證疑有利被告，檢察官不起訴處分。（記者劉人瑋攝）台東發生一起酒駕肇事車禍卻不起訴案件，酒測值還高達0.61，原來是宋姓男子酒後與人擦撞，警方追到他家酒測前，宋男已喝了瓶鹿茸酒，無法客觀測得其肇事後酒測值，檢察官才對其做出不起訴處分。處分書載明，今年1月10日9時起至同日9時50分許止，在台東市志航路1段某處工地飲用含酒精成分之保力達飲料後，當天11時30分許，駕駛自用小客車上路，12時許在東河鄉台11線與案外人林姓駕駛之自用小客車擦撞後即駕車離去。請繼續往下閱讀...但警方下午2時48分許才追到宋某家中進行酒測，測得吐氣酒精濃度值為每公升0.61毫克，並以酒駕、違反公共危險移送。宋某供稱，即使酒後上路自己並無違法，車禍當下，由於不想與對方發生爭執，因此直接開車回家，到家後還喝了一瓶鹿茸酒，警方才到家酒測。檢察官在處分書中表示，由於採證時間在宋某又喝酒後，罪證有疑、有利被告，因為對其做出不起訴處分。    ,https://news.ltn.com.tw/news/society/breakingnews/5544030
暑期戲水慎選安全場域 違規最高開罰15萬元,社會,2026/08/18 16:38,三峽大豹溪為熱門戲水景點，開放期間現場有合格救生員駐守。（新北市觀旅局提供）暑假期間天氣炎熱，海邊、溪流及河岸等水域成為民眾消暑熱門去處，然而開放性水域易受水流、地形、潮汐及天候等自然因素影響，潛藏不可預測風險。新北市觀光旅遊局提醒，民眾應優先選擇有人管理、設有救生員及救生設備的場域，從事水域遊憩活動，如違反公告禁止或限制事項，最高可處15萬元罰鍰。觀光旅遊局指出，新北市擁有豐富海岸及溪流資源，包括石門白沙灣、三芝淺水灣、金山中角灣、福隆海水浴場及三峽大豹溪指定戲水區等熱門場域，開放期間均配置救生員，提供民眾較安全的親水環境。民眾抵達水域後，應先確認開放範圍及相關警示，遵守現場管理規定及救生人員指示，切勿擅自進入公告禁止或限制活動的水域。請繼續往下閱讀...觀旅局表示，海域可能因潮汐、浪況及天候快速變化，民眾可利用海洋委員會國家海洋研究院建置的「Go Ocean」海洋遊憩風險資訊平台或APP，事先掌握海域風險資訊，避開高風險時段及區域；溪流及河川可能因上游降雨造成溪水暴漲，即使下游天氣晴朗，也可能瞬間發生危險，應避免進入攔砂壩、攔河堰及水庫蓄水範圍等危險水域，家長帶孩童戲水時，須全程陪同照護，避免發生意外。觀光局表示，從事水域遊憩活動如違反公告禁止或限制事項，最高可處15萬元罰鍰；如遇颱風警報、海嘯警報、大雨特報、長浪警戒或其他公告禁止情形，違者最高可處20萬元罰鍰。    ,https://news.ltn.com.tw/news/society/breakingnews/5544043
竹聯幫明仁會勾結旅行社仲介赴柬詐騙機手 20人遭逮,社會,2026/08/18 16:33,警方在主嫌張仁豪住處搜索。（記者邱俊福翻攝）竹聯幫明仁會幹部張仁豪，涉嫌協助隱身柬埔寨的「假中國公安」詐騙集團機房，自國內招攬機房機手，並勾結在泰國有開設分店的旅行社，使用員工泰國信用卡支付這些赴柬機手的機票錢，再製作虛假的回程行程單、住宿資料，以規避出境的關懷提問與避免引起檢警單位注意；刑事警察局偵七大隊第三隊經長期蒐證，自今年2月起展開3波查緝行動，逮捕張男、旅行社林姓負責人，以及幹部、機手等20人到案，分依組織犯罪、加重詐欺、詐欺犯罪危害防制條例等罪嫌，移送雲林地檢署偵辦。檢方複訊後將張男，以及沈姓、徐姓幹部與旅行社林姓負責人等4人向法院聲請羈押，法院裁定沈姓、旅行社林姓負責人聲押獲准；張男、徐男諭令20萬元交保後，張男目前因另涉槍砲案件判刑確定，已入獄服刑。請繼續往下閱讀...警方去年間偵破新竹地區「風飛砂」風北會幫派份子陳冠希，涉嫌於柬國成立詐騙機房，以假公安詐騙中國民眾，同時在台吸收車手到中國取款，造成46人受害、財損2億多元，共逮捕陳等25人送辦後，經擴大追查，且於泰國、中國警方情資共享下，鎖定28歲張男所屬不法集團，專門在台提供該機房機手的人力仲介，分潤詐騙所得的百分之5至10。警方表示，該集團透過刊登境外招募人力廣告，以高薪、中文打字、包吃住等噱頭，引誘急需工作的民眾上門，而為避免購買機票時，航空公司關懷詢問住處與回程日期等資料與引起檢警的注意，勾結雲林縣斗六市一家旅行社，透過該旅行社在泰國的旅行社，協助辦理這些機手出境到金邊與泰國的手續，並製作虛假的回程行程單與住宿資料等。去年至今年4月間，至少有百餘人被仲介前往柬國擔任詐團機房機手，這些機手有人留在柬國從事詐騙，不適應則返國，另有部分遭柬國、中國警方查獲逮捕，在中國服刑期滿返國。今年2月至4月，警方發動3波搜索查緝，逮捕張男與旗下沈姓、徐姓幹部，以及旅行社林姓負責人、林姓金主、返台的機手等20人到案，查扣現金306萬餘元、虛擬貨幣泰達幣1萬多與犯案手機、銀行存摺、金融卡、點鈔機等贓證物，依法送辦。警方於沈姓幹部住處搜索。（記者邱俊福翻攝）    ,https://news.ltn.com.tw/news/society/breakingnews/5544002
越南「火辣女醫」匯來5萬美金？ 台中4旬男暈船險寄金融卡,社會,2026/08/18 16:17,謝男（中）結識自稱在「越南開整形醫院」單身女，趕到超商要寄金融卡。（讀者提供）台中40歲謝男在臉書結識自稱在「越南開整形醫院」單身女醫，短短5天被灌迷湯互稱老公、老婆，這名「37歲單身女醫」稱要來台中會面，要先轉5萬美金到台灣帳戶，由於海關限制十萬台幣入境，要求謝男到超商寄金融卡到越南以利轉帳。烏日警分局說，深夜獲報趕往轄區超商，店員稱謝男疑遭詐騙，「老婆」自稱在越南經營整形醫院，規劃下週23日到台中定居並開瑜伽教室，要與謝男同居共度餘生，超商店員立即透過警方建置「QR Code快速報案」機制通報。請繼續往下閱讀...烏日派出所長楊明勳表示，「單身女醫」誆稱來台團聚，入境海關攜帶現金僅限新台幣10萬元，因在台帳戶遭註銷，想要先匯入美金5萬元至謝男帳戶作為日後共同生活基金，要求謝男將金融卡寄到越南以利作業。「單身女醫」告知謝男，5萬美金等回台再一起領出來，「老公」要是有用到可以先用錢，剛好也是瑜伽教室要用到很多錢，可以多陪在老公身邊，「辛苦親愛的，把帳戶戶主姓名，拍照傳給老婆」好嗎？警方強調，這是典型「假交友真詐騙」手法，謝男仍深信對方真情，經員警層層抽絲剝繭分析，驚覺跨國熱戀全是一場空，在超商停止寄出存摺，頻向員警及店員致謝，避免淪為詐欺集團替死鬼。    ,https://news.ltn.com.tw/news/society/breakingnews/5543953
雲云董座狠殺技術長判無期提上訴  主張量刑過重盼減刑,社會,2026/08/18 16:09,曾志新今開庭承認犯罪事實，但其辯護律師主張量刑過重，認為原審量刑有誤，違反重複評價禁止原則，且未充分審酌對其有利的量刑因素。（記者楊心慧攝）雲云科技前董事長曾志新與梁姓技術長因工作發生摩擦，曾男去年3月7日預藏主廚刀，在梁男的離職交接會議上刺死梁男。台北地檢署去年6月依殺人罪起訴曾男，台北地院國民法庭判處無期徒刑，褫奪公權終身。曾男針對量刑提起上訴，高院今開準備程序庭，曾志新承認犯罪事實，但其辯護律師主張量刑過重，認為原審量刑有誤，違反重複評價禁止原則，且未充分審酌對其有利的量刑因素。雲云科技推出的智慧寶寶攝影機，主要用於監控嬰兒睡眠安全，在嬰兒照護市場中相當知名，但曾男和梁男在工作上產生嫌隙，曾男於去年2月26日購買主廚刀後放在公司櫃子。梁男同年3月6日於公司內部群組刊登道別長文，內容談及梁男在雲云科技的種種經歷以及他和曾男的各種摩擦。請繼續往下閱讀...隔天曾男將主廚刀藏在自己的背心左胸口袋，前往會議室參與梁男的離職交接會議，並在成功要求梁男撤下道別長文後，假借離開會議室，卻在行經梁男背後時，取出主廚刀朝對方頭、背、頸部猛刺至少9刀，梁男送醫不治。曾男一審開庭時主張當時社群上有許多帳號批評公司，影響團隊士氣和投資人意願，致使他身心俱疲，才會衝動犯案，建請判處10年刑期。雖然曾志新與被害人家屬達成調解，但被害人家屬僅是為避免訴訟糾纏，心理上並未原諒，一審認定無法視為量刑的有利依據，因此最終判處曾志新無期徒刑、褫奪公權終身。案經上訴，高院今開準備程序庭，曾志新的辯護律師主張，對於犯罪事實不爭執，僅針對量刑部分上訴，認為原審量刑有誤，違反重複評價禁止原則，且未充分審酌對其有利的量刑因素。曾志新則表示，承認犯罪事實，對證據皆不爭執。梁姓技術長家屬表示，上訴理由不符合國民法官法第92條及最高法院台上字第1855號判決意旨，以及同法第91條規定，對原審量刑判斷應給予高度尊重；本件原審就足以影響科刑結果的各項情狀均已充分審酌，量刑並無明顯不當或違法之處，盼維持原判。法官諭知，下次開庭時間為9月22日上午10時。    ,https://news.ltn.com.tw/news/society/breakingnews/5543948
苗栗男毒駕逆向撞死騎士肇逃被起訴 最高恐判無期徒刑,社會,2026/08/18 16:07,苗栗縣林姓男子，涉嫌毒駕逆向撞死騎士肇逃，遭苗栗檢方起訴，圖為苗栗地檢署外觀。（資料照）苗栗縣竹南鎮7月1日傍晚發生林姓男子駕車偏駛至對向車道，撞擊對向車道騎士，該名騎士雖經送醫救治，仍於當晚不治死亡；而林男於肇事後，竟棄車逃逸後被逮，苗栗地檢署向苗栗地方法院聲請羈押獲准迄今；林男涉嫌毒駕，苗栗檢方今（17）日依過失致死等罪嫌提起公訴，因林男有毒品及公共危險罪等前科，為累犯，依法可量處5年以上至無期徒刑。檢警調查，1名47歲林姓男子7月1日傍晚駕駛休旅車行經苗栗縣竹南鎮龍山路3段時，突逆向撞擊對向1名唐姓機車騎士，導致唐男送醫後不治身亡，林男車禍後隨後棄車逃逸。竹南警分局接獲報案後成立專案小組，並報請苗栗地檢署檢察官指揮偵辦，於案發後5小時內在造橋鄉將林嫌逮捕到案，並在肇事車內搜出「喪屍煙彈」依托咪酯，並發現林男吸安非他命後開車上路，全案依肇事逃逸、過失致死、持有及施用毒品等罪嫌移送苗栗檢方偵辦。請繼續往下閱讀...苗栗檢方偵辦後，抽血檢驗林男有海洛因甲基安非他命及酒精反應，無依托咪酯反應。全案檢察官偵查終結，以林男涉犯刑法第185條之3第3項前段之曾犯同法第185條之3之罪，經有罪判決確定，於10年內再犯同法第185條之3第1項第1款、第3款之罪，因而致人於死、同法第185條之4第1項後段之駕駛動力交通工具發生交通事故致人於死而逃逸等罪嫌，提起公訴。苗栗地檢署指出，將持續結合警察機關強力查緝毒駕，對於漠視公共安全之毒駕行為，從嚴追訴，絕不寬貸，以彰顯對毒駕犯罪零容忍決心，守護全體國人生命身體安全。又曾犯毒（酒）駕案件，經有罪判決確定或經緩起訴處分確定，於10年內再犯毒（酒）駕，因而致人於死者，最高可處無期徒刑，呼籲民眾切勿以身試法。    ,https://news.ltn.com.tw/news/society/breakingnews/5543956
疑電動自行車釀禍！三代5口透天厝起火  母子2樓嗆傷獲救,社會,2026/08/18 16:06,南投草屯鎮透天厝發生火警，消防員進入屋內將2樓嗆傷母子救出。（民眾提供）南投縣草屯鎮一間住有3代5口的透天厝，今上午突然起火竄出黑煙，南投縣消防局派出多個分隊灌救，當時2樓還有女屋主與11歲男童，所幸消防員及時救出，2人僅有輕微嗆傷，由於起火點在屋內微型電動二輪車附近，是否因充電引發火災仍要進一步釐清。消防局表示，該透天民宅住有奶奶、父母，以及男女幼童，消防人員獲報到場時，阿嬤、父親、女童都已逃出，只剩媽媽、男童還在2樓，當下消防員立即進入火場將2人救出，所幸僅有嗆傷，送醫後已無大礙。請繼續往下閱讀...消防局說，該起火警也動員鄰近草屯、中興、碧興、鳳鳴、南投等5個分隊人車投入灌救，事後在1樓疑似起火點發現停有2輛微型電動二輪車，是否因鋰電池充電引發火警仍待火場鑑識調查。    ,https://news.ltn.com.tw/news/society/breakingnews/5543991
拿中國貨混充「國造無人機」 航見科技梧棲空殼據點曝光,社會,2026/08/18 16:06,航見科技公司地址登記在台中市梧棲區一間大型複材科技公司。（記者張軒哲攝）航見科技股份有限公司去年得標陸軍第八軍團無人機採購案，負責人張東琳及技術主管羅翊祥竟涉嫌採購中國無人機晶片、飛行控制板等組裝無人機，向軍方交付無人機企圖矇混過關，記者今日下午前往航見公司登記於梧棲區地址，卻是一間複材科技公司，公司員工指稱，航見只是租用一處場地辦公，員工近期都未出現，對於涉案一事，並不了解。高雄橋頭地檢署指揮高雄市調處今年8月前往航見公司執行搜索，並傳喚登記負責人張東琳到庭，經法院裁定被告張東琳羈押禁見，法官諭知羅翊祥請回。請繼續往下閱讀...記者今日下午前往航見公司登記位於台中市梧棲區梧南路地址，此區有近十家傳統產業工廠，卻不見航見公司招牌，地址是一間大型複材科技公司，鄰居都說沒聽過航見這家公司，鄰居指出，這家複材公司前身是機械工廠，這兩年易主，變成複材科技公司。    ,https://news.ltn.com.tw/news/society/breakingnews/5543957
人夫遠端操控掃地機器人拍妻外遇證據 告贏民事卻犯刑事罪,社會,2026/08/18 16:04,桃園人夫遠端操控掃的機器人內建錄影功能拍攝妻子隱私，即使是蒐證外遇影像，法官認為亦非正當理由，人夫被判處5月徒刑，圖為示意圖。（記者鄭淑婷攝）桃園市一名人夫發現妻子疑似有「小王」，還帶回名下度假屋幽會，遂以掃地機器人內鍵錄影功能蒐證，果然拍到兩人的親密證據，人夫提告求償獲賠50萬元，不過，妻子反控丈夫無故攝錄他人影像，桃園地院近日判處人夫5月有期徒刑。夫妻倆於2021年結婚，平時與公婆同住，假日才會到度假屋，原本兩人相處和睦，2023年9月起人夫發現妻子行為有異，度假屋還有不明男子的牙刷等物品，查看停車場監視器，赫見曾有陌生男子搭載妻子入內，還在度假屋內過夜。請繼續往下閱讀...人夫懷疑妻子有「小王」，去年12月間，以掃地機器人內建錄影功能蒐證，果然拍到人妻與男子幽會畫面，兩人不僅親密擁抱、在對方面前更衣，妻子甚至全裸在男子面前走動，男子則宛如男主人隨意躺臥沙發，人夫怒持影像證據控告妻子及「小王」侵害配偶權並求償200萬元，桃園地院判賠50萬元。妻子不甘示弱反控丈夫偷拍，人夫否認有何無故攝錄他人性影像犯行，是因配偶權遭妻子及「小王」侵害，而以這些影像作為證據，對兩人提出民事告訴，民事一、二審判決也都認為他取得影像是有必要性，並非無故取得影像，而是行使法律上的權利。不過，判決指出，所謂「無故」是指欠缺法律上正當理由者而言，至於理由正當與否須綜合考量行為的目的、行為當時的人事時地物、侵害程度等等的因素，若只要懷疑或有調查配偶外遇的必要，就恣意窺探、取得他方非公開活動、言論、談話等隱私領域，仍難認具有法律上的正當理由，且家庭生活可能較一般限縮隱私權範圍，但並非全無隱私可言，配偶雙方仍應尊重其隱私不受侵害。另，隱私權是人格法益及人格發展的核心範疇，配偶權則屬身分法益，配偶雙方人格各自獨立，因此，隱私權的位階本應優於配偶權的保障，婚姻關係並不代表必須放棄隱私或接受對方全盤監控，當一方行使訴訟權舉證與他方隱私權發生衝突時，仍須受比例原則約束，不能僅憑調查外遇或動機良善」即認定有正當性，因此，人夫辯稱為維護配偶權，才透過APP遠端開啟掃地機器人錄影功能，拍攝妻子私密性影像並非無故，並不足採。此外，人夫辯稱拍攝地點在客廳、設備非他所私設，且設備啟動時有語音或燈光提示，妻子在住宅內仍享有合理的隱私期待，但該提示也無法推論妻子同意被拍攝，且民事判決並不影響刑事違法性的認定，人夫行為仍構成刑法無故攝錄他人性影像罪。    ,https://news.ltn.com.tw/news/society/breakingnews/5543937
北捷女子車廂斜放長傘擋路遭勸阻  情緒失控大聲咆哮,社會,2026/08/18 15:59,女子車廂斜放長傘擋路，遭客勸阻情緒失控，警陪同離站（記者劉慶侯翻攝）49歲林姓女子17日晚間7時許搭乘台北捷運時，在車廂內將長傘斜放，影響到其他乘客行動，有旅客見狀善意勸導改善，但林女突然情緒失控，大聲咆哮，驚擾到列車內所有旅客。捷運警察隊據報到場，為防對方情緒持續波動，陪同對方在士林站離開。警方表示，昨日晚間7時許，林女在捷運車廂內因手持長傘斜放的方式影響到其他旅客，由於當時正值捷運載客高峰期，她的行為造成多名旅客行經該處的旅客不便，有人出面勸阻，林女突然情緒激動、大聲吼叫。請繼續往下閱讀...有旅客見狀為防林女有自傷或傷人情況，立刻按下緊急服務鈴，站務人員以及捷運警察隊據報，立刻通知北市警局士林分局警員，在士林站處上車確認林女狀況。警方見到林女情緒持續激動，立刻要求對方下車，捷運公司則依照相關旅客運送契約等規定拒載，因林女沒有傷人、自傷疑慮，所以並無符合強制送醫的要件，員警陪同林女離開捷運站，確認其搭車離去。捷運警察隊表示，旅客搭乘捷運期間，如發現可疑人士或異常行為，可立即按壓車廂內緊急通話鈕，或就近向站務人員求助，亦可撥打110報案，捷警獲報後將立即派員到場處理，全力維護旅客搭乘捷運之安全。    ,https://news.ltn.com.tw/news/society/breakingnews/5543941
望安民眾上消化道出血 澎湖海巡接力後送就醫,社會,2026/08/18 15:56,澎湖海巡隊前往望安，以小船接駁病患上船。（澎湖海巡隊提供）海巡署金馬澎分署第十三巡防區今（18）日，上午8時25分接獲望安鄉衛生所通報，1名47年次男性民眾因上消化道出血，急需後送馬公就醫，澎湖海巡隊派遣線上PP-10091巡防艇前往協助後送，並同步通報金馬澎分署第七岸巡隊馬公安檢所及澎湖縣政府消防局，在馬公隊部等待配合協處，旋即開啟海上救護船模式，火速馳援望安，展開海路救護行程。10091艇獲報後趕赴望安，艇長考量潭門漁港水深不足，巡防艇進港恐有碰撞航安疑慮，立即回報巡防區協調民間船舶協助載送病患至港外接駁。上午9時8分10091艇抵達潭門漁港外望將水道，順利將病患、家屬及醫護人員共3人接駁上艇，並於上午9時58分抵達馬公港後，交由消防局救護車送往三軍總醫院澎湖分院就醫。請繼續往下閱讀...金馬澎分署表示，離島醫療後送攸關民眾生命安全，海巡人員全天候執勤，對於離島居民生命安全及醫療權益均高度重視，秉持「時間即生命，速度即希望」精神，呼籲民眾如有需要協助之情事，皆可撥打海巡署服務專線「118」或透過當地衛生所評估後通報，海巡署將立即派員前往應處。    ,https://news.ltn.com.tw/news/society/breakingnews/5543974
竹科女工程師騎機車撞卸貨大貨車 送醫不治,社會,2026/08/18 15:52,竹科工程師蕭女騎機車行經新竹縣竹東鎮公道路，自撞停在道路上卸貨的大貨車送醫不治。（民眾提供）新竹科學園區工程師44歲蕭姓女子，昨晚騎機車行經新竹縣竹東鎮公道路，自撞停在道路上卸貨的大貨車，經救護人員送醫搶救後仍宣告不治，全案已報檢警相驗確認死因。新竹縣政府警察局竹東分局表示，昨（17日）晚6點56分獲報這起車禍，蕭女騎乘機車自竹東鎮公道路直行往芎林方向，自撞前方停駛卸貨的大貨車。蕭女經救護人員送往新竹馬偕醫院急救，經醫療團隊搶救後仍宣告不治。請繼續往下閱讀...由於撞擊力道猛烈，蕭女騎乘的機車撞上貨車後方，幾乎整輛嵌進大貨車車斗下方，車身嚴重毀損，機車碎片散落路面。警方調查，大貨車駕駛59歲楊姓男子自稱，案發當時準備要將車上的木板卸下。警方表示，除針對大貨車確認違規事實後依規開罰，全案將待檢察官和法醫相驗釐清死因；若確認蕭女身亡與違停有關，全案將依過失致死罪嫌移送偵辦。    ,https://news.ltn.com.tw/news/society/breakingnews/5543952
台東疑車輛暴衝  先撞破圍牆再卡邊坡父亡子傷,社會,2026/08/18 15:50,駕駛兒子被救出。（民眾提供）卑南鄉富源村今天中午發生一起汽車墜落邊坡意外，一名70歲歲林姓駕駛早上開車載兒子到馬偕醫院回診，中午返家開進住家道路時汽車突然暴衝先撞破浴室圍牆，再衝往屋旁邊坡卡住，駕駛當場被拋出車外失去生命跡象，送醫不治。在小貨車失控、撞到民宅廁所後，駕駛方向盤右轉，直接衝入庭院前的邊坡還往前滑行約30公尺，林姓駕駛被拋出車外，頭部重創命危，卡在副駕駛座動彈不得的兒子自行用手機報案。請繼續往下閱讀...警消獲報後，消防隊員到場以鋼索固定車輛，協助將受困的兒子拉出車外，駕駛則由救護車送往醫院急救，詳細肇事原因有待釐清。自小貨撞壞磚造廁所後還繼續前行。（民眾提供）    ,https://news.ltn.com.tw/news/society/breakingnews/5543863
揭弊恐先背責！康友案判賠、京華城案遭起訴 獨董求生全靠「留痕」,社會,2026/08/18 14:57,士林地檢署主任檢察官葉耀群指出，獨董責任持續加重，私部門揭弊保障卻未同步到位，恐使獨董只能「留痕自保」，不敢真正吹哨。（記者劉詠韻翻攝）獨立董事被要求替公司治理把關，卻可能因監督不周賠償千萬元，甚至面臨刑事追訴。士林地檢署主任檢察官葉耀群以康友案、京華城案及福懋油案為例指出，主管機關持續加重獨董調查、揭弊責任，私部門揭弊保障卻未跟上，恐使獨董只敢「留痕自保」，不敢真正吹哨。葉耀群昨於中國文化大學以「孤獨的守門人」為題，談董事盡職治理責任與法律風險控管，指出康友案3名獨董因未能證明已督促改善內控、監督財報及關係人交易，被法院認定未盡善良管理人注意義務，各須賠償約1011萬元；京華城案中，中石化獨董陳瑞隆、朱雲鵬也因鼎越開發購地案，遭檢方依違反證券交易法起訴，顯示獨董若被認定監督失職，可能同時面臨民、刑事責任。請繼續往下閱讀...相較之下，樂陞案3名前獨董因遭經營者刻意隱瞞，且完整保留會議討論、資料蒐集及表達意見等履職紀錄，最終獲免責。投保中心統計，截至今年第1季，已針對10案、35名獨董啟動盡責審議，其中7人因完整保留履職紀錄而未被訴追。葉耀群認為，現行實務因此形成「留痕自保」的免責邏輯，卻未真正建立「揭弊保護」。福懋油獨董連仁隆等人去年曾公開拒絕為財報背書，質疑公司內部存在未揭露利害關係，行為已接近揭弊，但現行制度下，留下反對紀錄主要只能協助日後自保。另金管會今年2月公布「獨董協助或調查事項作業程序」，已將吹哨者事件列為獨董調查事項，但公益揭弊者保護法目前主要適用公部門，私部門揭弊保障迄未完成立法，負責調查、受理揭弊的獨董，也未必屬受保護對象。葉耀群指出，當獨董調查發現不法涉及控制股東或高階經營者，向上呈報或對外揭露時，角色實質上已從調查者轉為揭弊者，但現行法制並未明確保障其職位及法律責任。葉耀群表示，獨董即使負有調查義務，也未必能取得完整資訊，以泰山案為例，獨董當時僅取得一頁「處分有價證券明細」，缺乏交易背景、評估依據及法律意見；即使提出反對，在董事會也只有一票，未必能阻止議案通過。葉耀群認為，證券交易法目前僅規定已盡相當注意義務者得免責，並無明文「吹哨者抗辯」，司法實務又常要求獨董採取辭職、停止職務或具體揭露等更積極行動，才能主張免責，未來應完成私部門揭弊者保護法制，並明文化吹哨者抗辯、強化調閱文件及聘請專家等權限，讓保護密度追上責任擴張速度，避免獨董只求自保、不敢揭弊。    ,https://news.ltn.com.tw/news/society/breakingnews/5543878
挖土機曳引車漏油污染路面  高雄警將開罰最高1萬8千元,社會,2026/08/18 14:54,挖土機曳引車漏油污染路面，高雄警將開罰最高1萬8千元。（民眾提供）高市1輛裝載挖土機之營業貨運曳引車，昨（17）日深夜行經三民區建國三路、澄清路口，疑滲漏大片油漬至路面，險些造成經過的機車滑倒，警方獲報通知環保局清潔人員清理，今釐清後將依違反道路交通管理處罰條例，開罰駕駛3000元以上、1萬8000元。警方今（18）日表示，昨夜20時10分許接獲報案稱，三民區建國路三段與澄清路口路面有油漬影響車輛通行，警方獲報後迅速到場疏導交通並通知環保局清潔人員到場清理，經過40分鐘後排除路面油漬。請繼續往下閱讀...經調閱監視器，發現路面油漬為一部裝載挖土機之營業貨運曳引車行經路口處時所滲漏，違反道路交通管理處罰條例第30條第1項第2款規定，處3000元以上1萬8000元以下罰鍰，並責令改正或禁止通行，警方將依相關事證進行舉發。警方呼籲，車輛外出載運貨物應確實檢查封存與固定狀況，避免貨物掉落或液體滲漏危害其他用路人安全。    ,https://news.ltn.com.tw/news/society/breakingnews/5543883
夏莉絲虐童案延燒 簡舒培曝：家長憂心不敢生第三胎 把小孩轉到新北,社會,2026/08/18 14:26,台北市虐童案件頻傳，台北市社會局今日至市議會民政委員會進行夏莉絲托嬰中心不當對待專案報告。（記者蔡愷恆攝）台北市虐童案件頻傳，社會局今日至市議會民政委員會進行夏莉絲托嬰中心不當對待專案報告。議員簡舒培表示，她日前在市場遇到一位很年輕的爸爸，他目前育有2個小孩，本來打算生3個，但看到夏莉絲案後就不敢生了，甚至直接將孩子從台北市轉到新北市。簡舒培問，「補助再多誰敢生？難道生一個孩子出來是給托嬰中心虐待的嗎？」簡舒培進一步披露，夏莉絲托嬰中心核定收托32個孩子，當初配置8個老師，其中就有3個老師被抓到不當對待。更誇張的是，在調查過程中發現竟然有4天的監視器影像消失了，她痛批，這簡直「超惡質！現在夏莉絲集團的家長每天都在懊悔，晚上都睡不著。」請繼續往下閱讀...簡舒培也指出，有家長反應，社會局主動打電話給家長，對家長說：「我們看過監視器之後，你的孩子沒有被虐待、沒有不當被對待，所以你放心。」質疑這種說法對家長而言就像是由社會局出面替托嬰中心「掛保證」。簡舒培問：「監視器影像都有4天不見了，你們怎麼敢保證？」。她要求社會局必須深入研究這種電話的談話內容與打電話的方式，不能只是隨口說「沒有看到、沒有問題」就想了事，應請科長回去了解同仁到底是如何與家長溝通的。    ,https://news.ltn.com.tw/news/society/breakingnews/5543837
中和社區15歲少女高處墜樓 多處重創不治排除外力介入,社會,2026/08/18 14:08,新北市一名15歲少女從自家社區大樓高處墜落，當場失去呼吸心跳，緊急送醫搶救仍不治，經警方勘驗採證後，以排除有外力介入，詳細原因仍有待釐清。（記者陸運鋒翻攝）新北市中和區中山路三段一處大型社區，今天（18日）上午11時許，發生一起墜樓事件，一名15歲少女從大樓高處墜落，造成全身多處重創、當場失去呼吸心跳，警消獲報趕抵，隨即將其送往醫院搶救，但仍宣告不治，經警方勘驗採證後，未發現有外力介入，至於墜樓原因仍有待釐清。中和警分局初步調查，15歲翁姓少女今早從自家社區大樓墜落至1樓，鄰居發現後連忙報案，警消趕抵後，發現少女全身多處骨折，且已經沒有呼吸心跳，隨即實施CPR心肺復甦術，並送往雙和醫院搶救，但仍無力回天。請繼續往下閱讀...據知，警方鑑識人員在少女墜落的大樓頂樓，發現遺留的背包，但未發現遺書，經勘驗現場後，並未發現有打鬥跡象，初步排除有外力介入或意外，已通知少女母親以進一步了解，至於少女墜樓原因，仍有待進一步調查。    ,https://news.ltn.com.tw/news/society/breakingnews/5543817
色情內容上傳X合法嗎？ 律師：少一動作恐吃罪,社會,2026/08/18 13:58,在社群軟體X上放色情影片到底合不合法？律師楊貴智解釋，若影像內容屬於軟蕊性質，那麼觸法與否的關鍵在是否有相應的「隔絕措施」。（彭博）在社群軟體X上放色情影片到底合不合法？近來有兩起案件，被告均將錄製的性愛影片上傳至X，但卻一人無罪，一人遭判刑，民眾也好奇，究竟在X上發布色情內容的界線在哪裡？對此，律師楊貴智解釋，若影像內容屬於軟蕊性質，那麼觸法與否的關鍵在是否有相應的「隔絕措施」。社群平台X（原Twitter）因對成人內容採取相對開放的管理政策，允許使用者發布色情影像及影片，因此逐漸成為成人內容創作者（俗稱網黃）的重要聚集地。不少「網黃」會在X上發布色情影片預告、照片或片段，再導流至OnlyFans等付費平台販售完整內容。然而，近來2起在X上發布成人色情內容的案件卻有不同結果。請繼續往下閱讀...其一為，擁有15萬粉絲的網黃「萬萬」，因在X張貼含有性影像的內容，遭到檢方起訴，但法院卻判其無罪定讞。另案則為新北某警員與網友相約在母某高中校園內發生性行為，並拍攝性愛影片後上傳至X多達57次，被法院依公然猥褻罪及散布猥褻影像罪判處3月徒刑，得易科罰金。這也讓民眾好奇，究竟在X上發布成人色情內容的界線究竟在哪裡。針對2起案件，法律白話文運動網站的創辦人兼站長楊貴智解釋，2案放在一起看，容易被誤讀成法院對成人內容忽寬忽嚴。實際上，2案罪名、事實與訴訟過程都不同，結果落差可以解釋。楊貴智解釋，依釋字第 617 號，刑法第 235 條所稱猥褻資訊可分2類：暴力、性虐待或人獸性交等「硬蕊」內容，本身即可能受罰；其他足以刺激或滿足性慾的「軟蕊」內容，則須未採適當安全隔絕措施，使一般人得以見聞，才進入刑罰範圍，而這次的2起案都屬軟蕊內容，因此審理的關鍵會在「隔絕措施」。在萬萬案中，被告在個人頁面標示成人限定、啟用 X 的敏感內容設定，影片也須再次點選「查看」才能觀看。但警方卻未查明帳號實際設定，只以影片遭大量觀看、轉發認定犯罪。法院因此認為檢方未盡舉證責任，並指出他人轉發後若失去隔絕措施，也非原發布者所能控制。新北警案不同的地方在於，其帳號公開，且57次貼文均未做成人內容標註，而且影片是在高中活動中心及樓梯間拍攝，因此另成立刑法第 234 條公然猥褻罪。這個罪在公開場所為猥褻行為時就可能成立，事後加不加年齡牆都無法補救。加上被告於準備程序自白認罪並接受簡易判決，本案沒有真正進入隔絕措施的攻防。楊貴智說明，對創作者而言，真正要注意的是帳號層級的成人內容設定、平台規則與設定畫面的留存，以及拍攝場所本身的法律風險。更值得討論的是：當法律沒有定義何謂「適當隔絕措施」，實務卻大量依賴平台規則，刑事責任的邊界也就可能隨平台政策一起移動。    ,https://news.ltn.com.tw/news/society/breakingnews/5543783
前鎮警首創移師物流業辦大型車安全座談,社會,2026/08/18 13:56,前鎮警分局將大型車交通安全座談會移師到新竹物流。（前鎮警分局提供）高雄前鎮警分局跳脫傳統由警方邀請業者至分局聽取法令宣導的模式，17日辦理大型車交通安全座談會，首度將座談及講習場域移師至轄內大型運輸業者「新竹物流」，邀請轄內其他大型車運輸業者共同參與，期能透過「標竿學習」方式，讓業者彼此交流，共同提升大型車交通安全管理成效。前鎮警分局分局長黃元民帶隊宣導，高市府交通局、前鎮區公所均派員參加。黃元民說，交通安全工作不能只停留在「出了事故再處理」，更重要的是從企業管理端提前預防。請繼續往下閱讀...活動最大的特色，在於不再只是由警方單方面進行法規宣導，而是邀請具有完整車隊管理及安全制度的新竹物流，從運輸業者的實務角度，分享大型車駕駛管理經驗，包含駕駛人教育訓練、每日出車前及結束工作後酒測、駕駛休息環境、車隊管理、違規處理及獎勵制度等，讓與會業者能從實際營運角度思考如何將安全管理落實於日常工作。前鎮警分局統計，今年1月至7月，前鎮分局共舉發大型車全般違規3413件，較去年同期2960件增加453件；同期大型車全般交通事故則由去年207件下降至183件，減少24件。前鎮警分局將大型車交通安全座談會移師到新竹物流，藉由標竿學習提升成效。（前鎮警分局提供）    ,https://news.ltn.com.tw/news/society/breakingnews/5543799
民間慈善團體贈石門分隊災情勘查車 強化新北偏鄉救援能力,社會,2026/08/18 13:51,民間慈善團體「永旭希望工程慈善協會」昨日捐贈輛配備完善通訊設備的災情勘查車給石門分隊，保護北海岸居民。（新北市消防局提供）地處北海岸的新北市石門區地處偏僻，且包含山、海區域且地形狹長，萬一發生災害，必須要配備車輛方能迅速救援。但石門分隊救災車輛長期停放於海風侵蝕處，經常需要保養、維修。民間慈善團體「永旭希望工程慈善協會」得知後，昨日捐贈輛配備完善通訊設備的全新災情勘查車給新北市消防局石門分隊，保護北海岸居民。新北市政府消防局主任秘書陳勝照指出，石門地區地形狹長且兼具海岸與山區救援需求，面對多元災害挑戰，高效且靈敏的救災裝備尤為關鍵，所幸在前局長李清安的牽線下，結識永旭希望工程慈善協會，在其幫助下，獲捐贈災情勘查車；去年該協會也捐贈一輛災情勘查車給位於東北角地處偏僻的貢寮分隊。請繼續往下閱讀...第六救災救護大隊大隊長林登港表示，非常感謝民間團體的支持，此次獲贈的災情勘查車具備優異的機動性與車輛性能，車內更特別配置專業的通訊設備。當災害發生時，救災人員可於第一時間迅速趕赴現場，精確掌握災情資訊，有效發揮即時指揮、情資傳輸及物資調配之功能，大幅提升整體防災與搶險救援效能。    ,https://news.ltn.com.tw/news/society/breakingnews/5543758
一言不合榔頭砸臉！苗栗男害鄰居男友顏面骨折 判2年10月,社會,2026/08/18 13:47,吵架竟拿榔頭砸鄰居女友男友臉，苗栗男遭判刑。（資料照）苗栗縣廖姓男子去年凌晨因細故與鄰居鍾姓女子的陳姓男友發生口角，竟持榔頭以尖端處猛砸陳男臉部，導致陳男顏面骨骨折併撕裂傷。苗栗地方法院審理後，認定廖男明知頭臉脆弱仍以鈍器尖端攻擊，基於重傷之不確定故意犯案，依重傷未遂罪判處廖男有期徒刑2年10個月，扣案榔頭沒收。判決書指出，廖男為鍾姓女子的鄰居，廖男於去年6月30日凌晨3點多因故與鍾女的陳姓男友爆發爭執，廖男心生不滿，明知榔頭質地堅硬，頭臉部及眼睛若受創極可能導致失明或重傷，竟持榔頭並以尖端處朝陳男臉部猛砸，造成陳男受有顏面骨骨折併撕裂傷，所幸送醫救治後未達重傷程度。請繼續往下閱讀...法官審理時，廖男坦承犯行。法官審酌廖男僅因口角爭執，即持榔頭尖端攻擊他人臉部，手段具危險性，且廖男曾有加重詐欺前科，入獄執行完畢後又犯案；加上案發至今仍未與陳男達成和解或賠償損害，漠視他人身體健康法益。法官考量，廖男基於重傷之間接故意（不確定故意）犯案，罪責較直接故意輕，且陳男傷勢未達重傷，依法按未遂犯規定減輕其刑，兼衡其自述平時擔任粗工維生等生活狀況，量處有期徒刑2年10個月。    ,https://news.ltn.com.tw/news/society/breakingnews/5543765
竹北「豐采520」又出事！工人墜落4米不治 縣府勒令停工,社會,2026/08/18 13:42,新竹縣竹北市豐采520工地昨天下午傳出工安事件。（記者廖雪茹攝）首次上稿 11:20更新時間 13:42（新增縣府開罰、勒令停工）竹北「豐采520」建案「天坑」事件引發全國矚目，工地昨（17）日下午傳出工安事件，縣府消防局獲報救援，初步了解為年約50歲工人徐姓男子施工時疑似從4米高墜落，當場失去呼吸和心跳，經送醫後搶救仍不幸回天乏術。新竹縣政府表示，將依相關規定，對豐邑建設及頌揚營造各處以1萬8000元罰鍰，並立即勒令該工項停止施工，要求限期改善。請繼續往下閱讀...消防局表示，昨天下午4點24分獲報，派遣光明救護車，2車4人前往搶救。現場傷者為1名徐姓工人徐男到院前心臟停止，119執勤人員線上教導CPR，傷者由光明救護車送東元醫院，但經醫療團隊搶救仍宣告不治。針對竹北豐采520工地意外，豐邑建設表示，針對昨日竹北大學段工地發生人員墜落意外，該公司深表遺憾。事件發生後，已於第一時間全力協助傷者送醫救治。事發原因尚待與承包商進行了解並釐清。公司將再加強督導各承包廠商確實落實相關安全規範及人員防護，以強化工地安全管理，避免類似事件再次發生。新竹縣政府表示，針對這起工安事件，縣府將依據違反《建築法》第63條「建築物施工場所，應有維護安全、防範危險及預防火災之適當設備或措施」規定，爰依「新竹縣違反建築法事件統一裁罰基準」，對起造人（豐邑建設股份有限公司）及承造人（頌揚營造股份有限公司）各處以1萬8000元罰鍰，並立即勒令該工項停止施工，要求限期改善。縣府強調，已要求該工地相關負責人員即刻加強現場安全管理與防護措施，並須於收到公文後一週內函復縣府具體改善情形。同時，本案也同步副知勞動部職業安全衛生署北區職業安全衛生中心，就施工管理不當及是否違反職業安全衛生相關法令部分，由該署逕依權責釐清辦理，以維護勞工作業安全。新竹縣竹北市豐采520工地昨天下午發生徐姓工人自4米高墜落，消防人員搶救送醫。（新竹縣消防局提供）    ,https://news.ltn.com.tw/news/society/breakingnews/5543520
台南近期2起光電場火警  南消三大搶救演練強化防災應變,社會,2026/08/18 13:34,南消三大在北門區太陽能光電儲能站進行火災搶救演練，強化電力防災能力。（南消三大提供）台南七股及將軍近期接連發生魚電共生相關場址火警，因太陽能光電儲能系統大多利用鋰鐵電池儲存電能，一旦發生火災，災害特性與一般火災不同，為了強化電力防災，台南市消防局第三大隊今（18）日舉行太陽能光電儲能廠火災搶救演練，以強化救災安全及搶救效能。演練於北門區的光電儲能站進行，先由施工廠商講解案場儲能系統設備及原理、事故發生後系統滅火機制及消防人員到達現場的處置作為，隨後北門、學甲、將軍消防分隊人員實際佈線搶救演練。請繼續往下閱讀...第三救災救護大隊長吳獻宗表示，綠能發電結合儲能是目前國內日漸發展的趨勢，每個案場設備不盡相同，希望透過相關訓練及搶救演練，使第一線救災人員掌握搶救重點。業者應建立裝設消防系統的儲能站，以提高電力系統的安全性，當地消防機關平時也應加強建立電池儲能站四周道路狀況、建築物構造、使用情況、水源狀況和現場管理等資訊，做好火災預防管理作業，才能在發生災情時，由現場指揮官做出準確的救災行動方案。    ,https://news.ltn.com.tw/news/society/breakingnews/5543769
新北外送員路口左轉未停讓行人 撞傷闖紅燈老婦雙雙挨罰,社會,2026/08/18 13:21,外送員陳男行經新北中和興南路一段、仁愛街左轉時，撞上走在斑馬線的鍾姓老婦人。（記者陸運鋒翻攝）新北市陳姓外送員昨天晚間9時許，騎機車行經中和區興南路一段、仁愛街口左轉時，撞上走在斑馬線的鍾姓老婦人，造成鍾女全身多處受傷，儘管當時行人燈號是紅燈，警方仍對雙方製單舉發，至於詳細肇事原因仍有待釐清。中和警分局調查，43歲陳男當時騎機車外送，沿中和區仁愛街往南勢角方向行駛，但他左轉興南路一段時，撞上走在行人穿越道的78歲鍾姓婦人，事故造成鍾女全身有多處擦挫傷，經救護車到場檢查包紮後並未送醫，至於陳男酒測值為0毫克，已調閱相關影像還原事發經過。請繼續往下閱讀...警方指出，初步研判陳男行經行人穿越道時，不暫停讓行人先行通過因而肇事致人受傷，可處1萬8千元以上3萬6千元以下罰鍰，並吊扣駕駛執照1年至2年，已依法製單舉發，而行人鍾女闖紅燈將補開罰單，可處500元罰鍰，至於詳細肇事責任歸屬，仍有待進一步釐清。    ,https://news.ltn.com.tw/news/society/breakingnews/5543730
羅東鬧區轎車駛入對向連撞2車 駕駛語無倫次被查出毒駕,社會,2026/08/18 13:05,羅東中華路轎車越過雙黃線撞上小貨車事故，轎車駕駛被查出涉及毒駕。（圖由警方提供）宜蘭縣48歲蔡姓男子開車行經羅東鎮中華路鬧區時，越過雙黃線撞上對向小貨車，再波及路旁另一輛轎車，目擊者見狀後研判，不是酒駕就是毒駕。警方到場對蔡男實施唾液快篩檢測，呈現依託咪酯類（喪屍煙彈）陽性反應，依公共危險罪逮捕偵辦。羅東警分局今天（18日）指出，蔡姓男子昨天下午3點駕駛銀色轎車，沿著羅東鎮中華路由北往南行駛，經過羅東鎮公所後方路段時發生交通事故，警方獲報後派員處置，發現蔡男語無倫次，對他施以唾液快篩檢測，查出是起毒駕。請繼續往下閱讀...路口監視畫面顯示，事發當下，蔡男駕駛的銀色轎車車速緩慢，突然間駛入對向車道，撞上一輛小貨車，再波及另一輛停放路旁轎車，造成3輛車車體受損，所幸無人受傷。目擊者上社群網站發文說，「車子撞成這樣，好像是毒駕吧？還是酒駕」，網友留言回應，「這麼早就撞了」、「一個男生被上手銬了」。蔡男涉嫌毒駕，警方詢問後依公共危險罪移送法辦。蔡姓男子駕駛的轎車撞上對向貨車後車體受損。（圖由警方提供）警方對肇事駕駛蔡男（右）實施唾液快篩檢測，呈現毒品陽性反應，將他逮捕偵辦。（圖由警方提供）    ,https://news.ltn.com.tw/news/society/breakingnews/5543693
台中明星中學生技董座家長違停被勸竟打教官    判拘役再賠3萬元,社會,2026/08/18 12:55,台中某明星私立中學擔任生技公司負責人的家長，載女兒上學在校門口違停遭教官勸導不爽，毆打教官左肩，除依傷害判拘役20日，還要賠教官3萬元。（記者陳建志攝）台中某私立明星中學一名擔任生技公司負責人的家長，2024年早上開車載女兒上學，因停在校門口網狀線違停遭教官勸導，沒想到該名家長認為教官舉動嚇到女兒，下車毆打教官左肩，教官不堪受辱提告，刑事部分該名家長被依傷害罪判拘役20日，教官另提1萬元醫藥費和29萬元精神慰撫金民事告訴，台中地院判決家長要賠3萬元精神慰撫金，全案確定。台中某私立明星中學一名學生家長，2024年12月10日上午7點多，開車違停在學校校門口的網狀線上，教官發現後上前勸導，該名家長不滿竟徒手毆打教官左肩，造成左肩近鎖骨部位挫傷併肌肉痛的傷害。請繼續往下閱讀...因教官當時是在維護校門口的交通秩序，該名家長在眾目睽睽下損及教官的名譽，並造成精神上承受來自學校主管、同仁關切的壓力，造成精神上痛苦萬分，提告求償醫藥費1萬元、精神慰撫金29萬元，共求償30萬元。台中地院審理時，該名家長坦承有打教官左肩，但辯稱因當時接送女兒上學，女兒下車後遭教官嚴厲斥責，造成女兒出現畏懼反應，是基於保護女兒立場，才下車與教官溝通，因一時情緒激動推打左肩一下，不知會造成他受傷，強調教官並無提出相關醫療單據，且受傷輕微不會影響身心狀態，認求償金額太高，希望駁回。因刑事部分，家長已依傷害罪被判拘役20日，法官認為傷害屬實，不過教官雖稱已支出醫療費用1萬元，卻無提出任何證據資料，法官認請求賠償沒有根據。台中地院認為，教官基於職責勸導違停卻被打，除肩膀受傷，精神亦承受相當苦痛，審酌家長為生技醫藥公司負責人等情狀，判決應賠償3萬元精神慰撫金，全案確定，不得上訴。    ,https://news.ltn.com.tw/news/society/breakingnews/5543688
沒買東西收「先買後付」帳單 警方及時阻：先別點！,社會,2026/08/18 12:37,朱姓男子昨天收到「先買後付」釣魚信，急加假客服險遭騙匯1萬6868元。所幸及時求助，警方識破保住積蓄。（民眾提供）收到「先買後付」訂單通知別急著點開，這可能是詐騙陷阱。朱姓民眾昨天傍晚驚見莫名帳單，為解決款項，依詐團指示加入假客服，險將1萬6868元匯給歹徒，所幸及時察覺有異向警方求助，成功保住積蓄。朱男向警方表示，收到購物平台的信，標題為「先買後付訂單通知」的信件時一頭霧水，因近期並未網購，為釐清狀況，心急地點擊連結，並依指示加入自稱平台客服的通訊軟體帳號。請繼續往下閱讀...雙方聯繫後，假客服以話術引導，聲稱若要取消訂單，必須先進行帳戶與身分驗證，對方要求朱男立刻打開網路銀行，輸入特定的代碼與金額，企圖誘騙匯出1萬6868元。就在準備按下匯款鍵瞬間，朱男心生懷疑，決定暫停動作，趕往安中派出所求助，值班所長沈昱騰與警員吳佳柔了解情況後，馬上請他停止操作手機，警方檢視對話紀錄與信件內容，立刻識破這是典型的釣魚惡意連結詐騙，經過員警詳細拆解詐騙套路，他才恍然大悟，慶幸自己有先來查證。    ,https://news.ltn.com.tw/news/society/breakingnews/5543659
郵局帳戶遭凍結無法提領現金 他暴怒拿鐵椅砸毀櫃台玻璃送辦,社會,2026/08/18 12:23,段男前往郵局臨櫃提款時，行員告知帳戶遭到凍結，他竟暴怒拿鐵椅砸毀櫃台玻璃。（記者陸運鋒翻攝）新北市段姓男子昨天上午11時許，前往永和秀朗郵局臨櫃提款時，郵局行員告知他帳戶遭到凍結，因此無法順利提領，段男竟暴怒拿起一旁的鐵椅，直接砸向櫃台玻璃，導致玻璃裂開，警方獲報趕抵，隨即將段男帶回派出所，詢後依毀損罪嫌送辦。據了解，目前打零工的60歲段男曾因為亂丟垃圾，被環保局依廢棄物清理法開罰，由於他已累計3000多元未繳納，遭移送法務部行政執行署強制執行。請繼續往下閱讀...永和警分局調查，段男昨上午在永和永亨路秀朗郵局，臨櫃提款帳戶900多元時，經郵局行員查詢他帳戶遭到凍結，便告知無法順利提領，豈料，段男竟情緒失控，拿起擺放一旁的鐵椅砸向櫃台玻璃，導致玻璃裂開受損，郵局人員見狀隨即報案。警方指出，轄區秀朗派出所員警趕抵後，隨即介入了解事發情況，並依法將段男帶回偵辦，警詢後依毀損罪嫌移送新北地檢署偵辦。    ,https://news.ltn.com.tw/news/society/breakingnews/5543641
移工在捷運站撿到零錢包洗劫4千元 栽在休假警專實習生手上,社會,2026/08/18 12:16,警方領著移工去撿回他棄置的零錢包。（記者王冠仁翻攝）20歲邱姓女子在台北捷運士林站外休息滑手機，離去時忘記拿走零錢包，路過該處的1名印尼籍移工趁機拿走，事後洗劫包內4千多元現金再隨意棄置。警方調閱監視器畫面發現被人拿走，其中1名警專實習生牢記侵占者外貌特徵，近期休假時在街頭認出對方，通報警網前來逮人，也成功找回側背包。警方調查，邱姓女子在上月底搭乘台北捷運，她在士林站1號出口外坐下休息滑手機，離去時忘記拿走隨身的零錢包，包內有4千多元現金。她離去後不久發現忘記，返回原處尋找，但已不見零錢包蹤影，只好報警。請繼續往下閱讀...轄區士林分局文林派出所受理後，員警黃柏諺與實習生楊富翔協助調閱周邊相關監視器畫面，確認零錢包被1名陌生男子拿走。其中114年警專特考班實習生楊富翔，因為調閱監視器畫面時，牢記侵占者的外貌特徵，他近期休假外出在文林路附近時，在路上眼尖發現侵占者，他隨即通報派出所警力，同時悄悄尾隨對方，並即時通報對方的行蹤與去向。待線上警力趕到文林路421巷口，員警隨即上前盤查，這才確認對方是合法來台工作的31歲印尼籍移工。據了解，這名印尼籍移工平時在工地工作，他當天搭捷運來士林站找朋友，恰好發現邱女忘記零錢包，他為了掩人耳目，還假裝過去坐在該處滑手機休息，實則趁機拿走零錢包。他事後洗劫包內的4千多元現金後，隨意將零錢包棄置在捷運站附近草叢。據悉，邱女遺忘的零錢包是精品LV，正品要價1萬多元，印尼籍移工只拿走4千多元現金，卻將上萬元零錢包棄置草叢，可說是相當「不識貨」。警方事後領著印尼籍移工前往尋回零錢包，將其發還給邱女，同時也將他依侵占罪嫌送辦。士林分局呼籲，民眾在路上或公共場所撿到錢財與物品，應儘速送交警察機關或相關單位招領，借用或代管他人的物品，於期限屆滿或權利人請求時應立即返還，切莫私自霸占。以免觸法，悔不當初。警方領著移工去撿回他棄置的零錢包。（記者王冠仁翻攝）    ,https://news.ltn.com.tw/news/society/breakingnews/5543628
台積電寶山F20廠工安出事 22歲工人遭500公斤配電盤壓死,社會,2026/08/18 12:02,台積電新竹縣寶山鄉F20廠工區發生工安意外。（資料照）台積電廠區驚傳工安事件！昨天下午位於新竹縣寶山鄉的台積電F20廠工區，據悉1名22歲劉姓工人在搬運配電盤過程，重逾500公斤的設備突然傾斜滑動，劉男疑似閃避不及遭壓住，消防局救護人員獲報到場，確認劉男已明顯死亡，意外發生原因尚待相關單位進一步調查、釐清。新竹縣政府消防局表示，昨天下午獲報後救護人員約2點20分抵達，現場檢視劉男已明顯死亡，因此未送醫。請繼續往下閱讀...位於竹科寶山二期擴建計畫的台積電寶山F20廠，為台積電規劃量產2奈米與先進製程的重要基地。據了解，這起工安事故發生於昨天下午1時28分，劉男在台積電F20廠工地內從事配電盤搬運作業，不料搬運過程中，重達500多公斤的配電盤突然傾斜並滑動，隨後壓住劉男，現場人員發現後，立即通知廠區救護人員急救，同時撥打119報案。對於配電盤設備在搬運過程中發生工安意外，現場作業及安全防護措施是否符合規定，事故確切原因仍待相關單位進一步調查釐清。台積電寶山F20廠在上月19日也曾發生另起工安事件，下包商1名工人步行前往交管哨途中，遭正在倒車的工程車碰撞輾壓，當場明顯死亡。    ,https://news.ltn.com.tw/news/society/breakingnews/5543613
驚！國3彰化轎車突噴火狂燒成廢鐵  駕駛跳車逃命,社會,2026/08/18 12:01,1輛轎車行經國3彰化路段突竄火濃煙竄天，消防人員搶救。（翻攝高速公路1968）驚！國道3號彰化路段今天（18日）驚傳火燒車，1輛轎車行經彰化市北上路段時突然竄火燃燒，且火勢燃燒相當猛烈，駕駛將車駛往路肩後趕緊跳車逃命，消防局據報派員趕往現場搶救，現場一段濃煙竄天，所幸未釀人員傷亡也未造成後方塞車，火勢於30分鐘後撲滅，起火原因仍待釐清。這起火燒車發生在今天上午11點多，該輛轎車行經國3北上202彰化市快官路段時突然竄火燃燒，駕駛奮力將車駛往路肩後跳車逃命，火勢一度相當猛烈，消防局據報派出東區、芬園分隊多名消防員與5輛消防車趕往灌救。1輛轎車行經國3彰化路段突竄火濃煙竄天，駕駛跳車逃命。（翻攝高速公路1968）    ,https://news.ltn.com.tw/news/society/breakingnews/5543598
新北6連霸特優里長 盜賣老婦近千萬房產判刑4年8月,社會,2026/08/18 11:53,曾獲新北市特優里長楷模殊榮的新北市三重區五順里「六連霸」前里長洪嘉仁。（資料照）曾獲特優里長楷模殊榮的三重區五順里「六連霸」前里長洪嘉仁，得知里內一名龔姓老婦遺失房地所有權狀，竟假借協助申請補發之名，與兼任大學教授的男子周育賢合作，以「夾單」手法在資料中夾帶房屋出售同意書，偽造老婦以房抵債假象，將老婦名下市值近千萬元的房地過戶，再轉賣給買家吳水木變現。新北地院依共同犯行使偽造私文書罪，判處洪嘉仁4年8月徒刑，周育賢判刑3年，知情仍「撿便宜」買房的吳水木則依故買贓物罪判刑1年4月，並沒收扣案房地。檢警調查，本案被害者長期洗腎、身心狀況不佳，2022年間，因遺失房地所有權狀，找上洪嘉仁幫忙協助申請補發權狀；怎料，洪男取得老婦的印鑑章、印鑑證明及身分證影本後，竟暗中與周育賢謀議，偽造老婦因積欠周男917萬元債務、同意以房抵債的虛偽假象。請繼續往下閱讀...檢警調查，洪男隨後利用交付補發文件等名義，佯稱「申請權狀需要簽名」，騙取老婦在偽造的房屋出售同意書、使用協議書及存證信函等文件上簽字，並盜蓋其印章。周男接手後，持這些偽造文件找代書辦理土地登記申請，於2022年10月將老婦名下的房地移轉登記至自己名下。檢方調查，洪男得手後尋找買家，與吳水木談妥以930萬元買下該房地，並指定登記在吳男的子女名下。去年間，吳男以租期屆至要求被害人遷讓房地，才發現受騙報案，檢察官前年11月指揮警方發動搜索，將洪男聲押禁見獲准。合議庭認為，洪嘉仁身為里長，本應用心服務里民，卻濫用里民信任，利用年邁老婦行動不便、請託協助機會行騙；周育賢身為大學兼任教授，智識程度甚高，卻為一己私利共犯本案，2人所為使年逾古稀、本應安享晚年的被害者，喪失居住多年的房地所有權，而面臨流離失所，失去安身立命處所重大風險，所生危害重大，犯行惡性甚鉅。不僅如此，2人在面臨檢警訊問前，還共同商討如何編造謊言、營造是老婦積欠債務才過戶的假象；周男甚至在得知老婦因洗腎感染住院後，私下傳訊給律師討論拖延偵查進度，提及「龔婦生前未能提出對我不利證詞，我還是有機會的」等語，且至今均未與老婦達成和解或賠償，量處上述徒刑。吳男雖否認犯行，但因他買房前從未入內看過格局或屋況，亦未與實際居住在內的被害者洽談、協商，且本案房地在過戶前幾天才突然轉登記到周育賢名下，洪男事後又私下退還現金150萬，實際成交價遠低於契約金額，過程也與一般正常不動產買賣交易有別。合議庭認定吳男明知交易顯有異常，房地可能是他人犯罪所得財物，仍執意購入，主觀上具有故買贓物的不確定故意。    ,https://news.ltn.com.tw/news/society/breakingnews/5543592
天雨路滑釀禍！宜蘭曳引車失控插水溝 巨大招牌慘遭撞毀,社會,2026/08/18 11:49,天雨路滑釀禍！宜蘭曳引車失控插水溝，巨大招牌慘遭撞毀。（民眾提供）宜蘭今天晨間大雨狂下，礁溪鄉濱海路二段爆發驚悚車禍！一輛重型曳引車行經該處時，不明原因突然偏離車道，整輛車失控衝破護欄，車頭直接「插」進橋邊排水溝內，不僅嚴重毀損道路設施，連路旁大型招牌也遭連根拔起。直擊事故現場，曳引車因強大撞擊力，白色車頭嚴重傾斜並深陷於水溝與路面交界，後方車斗則硬生生卡在路肩，原本高聳招牌慘遭擊落溝中，所幸龐大車體並未全面翻覆墜落深溝，否則搶救難度與傷亡後果恐不堪設想。請繼續往下閱讀...警方調查，早上7點獲報後，隨即調派警力趕赴現場實施交管，肇事司機為26歲林姓男子，當時他駕駛營業用曳引車沿濱海路二段由北往南行駛，卻在路口處意外自撞，林男受傷後已被緊急送醫救治。因車禍當下正值降雨，路面相當濕滑，林男究竟是天候不佳導致打滑，或有其他肇因，仍待警方釐清。警方呼籲，雨天行車視線不佳，駕駛務必放慢車速並拉大安全距離，時刻緊盯車前動態，才能避免突發狀況釀災。    ,https://news.ltn.com.tw/news/society/breakingnews/5543575
水龍頭開了不關被罵   不肖子發狂拿「塑膠臉盆」狠砸八旬老母,社會,2026/08/18 11:42,余姓男子因用水過久遭八旬老母勸阻，竟狂飆三字經並拿塑膠臉盆猛砸母親致傷，連勇敢上前保護阿嬤的姪女也遭毆打。示意圖（資料照）余姓男子因用水過久遭八旬老母勸阻，竟狂飆三字經並拿塑膠臉盆猛砸母親致傷，連勇敢上前保護阿嬤的姪女也遭毆打，法官依傷害直系血親尊親屬及傷害罪各判余男徒刑3月及拘役50日。判決指出，余姓男子因家暴行為被法院核發通常保護令，禁止對老母實施任何不法侵害，今年4月15日深夜，余男在家裡打開水龍頭後不關，水一直流不停，八旬母親提醒他關水，余男竟當場失控狂飆「幹你娘」，並嗆聲「敢關水就拿棍子打妳」。請繼續往下閱讀...余母捨不得自來水被浪費，偷偷將水關閉後，余男竟隨手拿起身旁的塑膠臉盆硬生生朝母親砸去，力道之大導致老母左前臂挫傷受傷；同住的姪女見狀連忙衝上前擋在兩人中間護衛阿嬤，不料也遭余男揮拳痛打頭部與手部，造成雙臂多處擦挫傷。高雄地方法院審理時，余男否認犯行，辯稱「沒有罵媽媽，拿臉盆是要砸姪女」，但法官審酌余母與姪女指證歷歷，並有破裂的臉盆照片、診斷證明書及家暴通報表佐證，認定余男辯詞純屬卸責。法官認定余男無視保護令，對直系血親尊親屬施暴，依《傷害直系血親尊親屬罪》判徒刑3個月，另依《傷害罪》判處拘役50日，得易科罰金，可上訴。    ,https://news.ltn.com.tw/news/society/breakingnews/5543543
嘉義酒駕男拒測罰18萬未繳 執行人員查訪揭背後困境助戒癮,社會,2026/08/18 11:31,行政執行署嘉義分署人員協助范男戒酒癮。（行政執行署嘉義分署提供）嘉義市43歲范姓男子於2022年間，因無照且酒醉駕車拒絕接受酒精濃度測試，遭裁罰18萬元，但他未繳，行政執行署嘉義分署執行人員到現場執行時，發現范男為中低收入戶，因嚴重的蜂窩性組織炎無法外出工作；為幫助范男回歸正軌，執行人員協助范男自願參加衛福部「酒癮治療費用補助方案」，透過專業讓范男擺脫酒精控制，待其戒除酒癮，找到工作後再通知繳納。行政執行署嘉義分署表示，配合行政院「五打七安」政策，推動「交通（加強執行車輛相關稅費罰鍰）專案」，然而嚴格執法同時，同步推動柔性關懷，針對酒駕案件導入戒癮治療轉介服務，期盼從根本解決酒駕問題。請繼續往下閱讀...嘉義分署表示，范男名下沒有任何可供執行的財產，執行人員前往范男的住居所現場執行，發現他經濟與生活陷入低潮，執行人員耐心與范男溝通，請其填寫飲酒問題篩檢問卷，評估酒精依賴程度。在獲得范男的同意後，執行人員協助范男透過專業機構「台灣戒酒暨酒癮防治中心」的資源與協助，早日擺脫酒精的控制，回復正常的社會生活。嘉義分署呼籲民眾，應切實遵守交通規則，嚴禁酒後駕車，以維護自身與他人的生命財產安全，分署執法之餘並扮演社會安全網一環，對於有飲酒問題且有志進行戒癮治療的義務人，將提供聯繫管道，協助其從根本上解決酒癮問題。行政執行署嘉義分署進行「交通（加強執行車輛相關稅費罰鍰）專案」。（行政執行署嘉義分署提供）    ,https://news.ltn.com.tw/news/society/breakingnews/5543495
北市一夜連抓2起毒駕！ 小黃騎上分隔島驚險畫面曝,社會,2026/08/18 11:30,計程車運將劉男毒駕自撞騎上建國北路匝道分隔島。（記者姚岳宏翻攝）台北市中山區一夜查獲2起毒駕案！中山警分局從昨晚至今天凌晨，連續查獲2名男子吸毒後開車上路，其中1起還是計程車運將劉姓男子，用毒後精神恍惚自撞建國北路匝道分隔島，路口監視器拍下車輛直接騎上分隔島的驚險瞬間；另1起則是42歲蕭姓男子違規迴轉遭攔查，車內搜出海洛因及安非他命，2人均依公共危險罪送辦。中山分局長安東路派出所員警昨晚8時許接獲報案，建國北路一段與長安東路二段上匝道口，有計程車發生自撞事故，警方趕抵現場，發現運將48歲劉姓男子受困車內，警方察覺他神情有異，經其同意進行毒品唾液快篩，結果呈現愷他命與安非他命陽性反應，警方隨即帶回偵詢並採集尿液送驗。請繼續往下閱讀...圓山派出所員警則在今凌晨3時許，巡邏行經林森北路時，發現1輛自小客車違規迴轉而上前攔停，警方發現駕駛蕭男精神萎靡且態度拒不配合，立刻強制要求他下車受檢，員警隨後在蕭男身上及車內查獲海洛因、安非他命數包以及吸食器，其毒品唾液快篩也呈現安非他命及鴉片類陽性反應。針對一夜兩起毒駕，警方重申毒品影響駕駛人判斷力及反應能力，極易造成交通事故，切勿心存僥倖毒後駕車，警方將持續加強查緝，民眾切勿以身試法。    ,https://news.ltn.com.tw/news/society/breakingnews/5543515
店家屋簷突坍塌砸毀5輛機車  桃警迅速封鎖現場管制,社會,2026/08/18 11:25,桃園區三民路二段某店家，17日晚間屋簷突然坍塌，砸毀附近5輛機車。（記者鄭淑婷翻攝）桃園市桃園警察分局青溪派出所警員林益仲昨（17）日晚間6點多，在桃園區春日路與三民路口執行交通崗勤務時，突然聽聞附近傳出巨大聲響，趕往查看發現三民路二段某店家屋簷不明原因坍塌，大量木板掉落至人行道，波及停放於現場的5輛機車，造成不同程度的毀損，所幸未造成人員傷亡。警方表示，經確認現場無人受傷後，員警迅速封鎖管制周邊區域，避免民眾靠近發生危險，同時協助排除障礙物及疏導人車通行，維護民眾安全。請繼續往下閱讀...桃園警分局提醒，建築物所有權人及管理單位應定期檢視建物外牆、招牌、屋簷等附屬設施結構安全，如發現老舊、鬆動或有掉落風險情形，應儘速修繕或改善，以防意外發生。桃園區三民路二段某店家，17日晚間屋簷突然坍塌，砸毀附近5輛機車。（記者鄭淑婷翻攝）桃園區三民路二段某店家，17日晚間屋簷突然坍塌，砸毀附近5輛機車。（記者鄭淑婷翻攝）    ,https://news.ltn.com.tw/news/society/breakingnews/5543525
浪貓「小橘」遭鐵鎚攻擊重傷 三重男到案辯臨時起意,社會,2026/08/18 11:15,小橘是街坊鄰居都很喜歡的一隻流浪貓，不時會有人餵食。（記者徐聖倫翻攝自Facebook）新北市三重區傳冷血虐貓案，有民眾於16日報案並在網路發文，指稱三和路四段巷弄內竟有男子持鐵鎚殘忍攻擊路邊流浪貓「小橘」。三重警分局慈福派出所獲報立即派員趕赴現場，同時會同新北市動保處展開追查，於當晚迅速鎖定涉案的39歲謝姓男子並通知到案，全案依法送辦並重罰。​警方調查，動保處人員於17日晚間尋獲遭虐受傷的流浪貓，緊急送往動物醫院檢傷。經獸醫師診斷，受虐貓隻雖外觀尚無殘缺，但有氣胸、右側臉部嚴重挫傷及雙後肢指甲斷裂等傷勢，令人心疼。請繼續往下閱讀...​警方專案小組透過擴大調閱周遭監視器畫面，精準鎖定涉案男子特徵與動向，於16日晚10時許順利通知謝男到案說明。謝男自稱當晚出門運動，看到「小橘」睡在路邊臨時起意攻擊，但警方對此感到懷疑，因謝男攜帶鐵鎚出門運動非常不合理，懷疑他早有預謀。經洽詢動保處，謝男故意傷害動物行為，將依「動物保護法」第30條第1項第1款，函移動保處進行後續行政裁罰，最高可處75000元罰鍰。​三重警分局強調，警方對虐待動物案件極為重視，呼籲民眾應尊重並愛護生命，絕不容許任何傷害動物的暴力行為。若民眾發現任何虐待動物情事，請立即撥打110報案或通知動保機關，共同守護動物權益。監視器畫面拍下謝男犯案過程，網友將畫面發上社群引發眾怒。（記者徐聖倫翻攝自Facebook）警方扣回謝男犯案使用的鐵鎚。（記者徐聖倫翻攝）    ,https://news.ltn.com.tw/news/society/breakingnews/5543487
疑閃避綠鬣蜥 台南七股休旅車急煞遭追撞,社會,2026/08/18 11:13,台17線台南七股路段17日發生休旅車疑閃避綠鬣蜥緊急煞車而被後方大貨車追撞事故，綠鬣蜥也被撞飛陣亡。（讀者提供）台南面臨外來種綠鬣蜥威脅生態環境，近來也頻傳綠鬣蜥現身住宅區活動。1輛休旅車昨（17）日行經台17線台南七股路段時，疑因閃避車道上的綠鬣蜥，緊急煞車，後方大貨車煞車不及追撞，綠鬣蜥也被撞飛，幸無人員受傷。昨天下午2時24分，1輛休旅車行駛於台南七股區台17線161.5公里處北向內側車道時，發現車道上有1隻疑似綠鬣蜥的爬蟲動物，緊急煞車閃避，後方大貨車來不及煞車追撞，休旅車被推撞至中央分隔島上的燈桿後停下，綠鬣蜥在追撞事故發生的瞬間，也被撞飛，休旅車的車頭及車尾嚴重毀損，所幸雙方均無受傷，酒測值均為0，詳細肇事原因由警方釐清中。台17線台南七股路段，17日發生一起休旅車疑因閃避車道上的綠鬣蜥，緊急煞車，遭後方大貨車煞車不及追撞。（讀者提供）台17線台南七股路段，17日發生一起休旅車疑因閃避車道上的綠鬣蜥，緊急煞車，遭後方大貨車煞車不及追撞。（讀者提供）    ,https://news.ltn.com.tw/news/society/breakingnews/5543522
酒店妹控恩客摩鐵續攤性侵   二審逆轉判無罪,社會,2026/08/18 11:09,徐姓男子被控性侵酒店妹，二審逆轉改判無罪。示意圖（資料照）徐姓男子到屏東某酒店消費後，「外匡」小姐到摩鐵續攤後被控性侵，一審遭重判4年6月，徐不服上訴，二審法官發現，女方指控與監視器畫面嚴重不符，無法排除合意可能，撤銷原判改判徐男無罪。判決指出，2023年8月，徐男與友人前往KTV歡唱並點酒店妹小愛（化名）與小妮（化名）坐檯，隨後轉往汽車旅館續攤。小愛控訴，徐男合謀吳姓友人將小妮「硬扛走」去另間房，而徐男隨後在房內將小愛強壓在床、撕破短褲指侵得逞，一審屏東地院認定徐男犯行明確，重判徒刑4年6月，徐男不服提起上訴，堅稱雙方是合意性交。請繼續往下閱讀...高雄高分院審理時，法官調閱摩鐵走廊監視器畫面進行勘驗，發現小愛與小妮的證詞存在多處致命矛盾。小愛與小妮聲稱，小妮遭吳姓男子「強行抱走、扛走」，但監視器畫面顯示，吳男與小妮自行走出房間，且吳男還牽著小妮的手，過程互動和平，完全沒有拉扯或強扛動作。此外，小愛宣稱遭徐男強壓指侵僅數分鐘、小妮約20分鐘後即衝入救人，但監視器還原，兩人在房內獨處時間長達49分鐘，期間無人出入，且小愛在此之前曾兩度自由走出房間，與她聲稱「被壓住無法逃跑」的說法不符。法官認定，小愛指控的被害經過與客觀監視器光碟有諸多重大不符，補強證據不足，依「罪疑唯輕」與無罪推定原則，原審判決有所違誤，最終撤銷原判，改判徐男無罪，全案仍可上訴。    ,https://news.ltn.com.tw/news/society/breakingnews/5543511
電子煙恐成毒品媒介 台北關前7月查獲近8公斤依托咪酯,社會,2026/08/18 11:07,關務署臺北關查獲的電子煙主機、煙油及零組件。（記者朱沛雄翻攝）電子煙除涉及違法輸入，部分煙油更可能摻入依托咪酯等新興毒品，成為毒品吸食媒介，對社會治安及校園安全造成危害。關務署臺北關持續加強邊境查緝，今年截至7月底已查獲電子煙主機760台、煙油（彈）7780瓶、相關零組件約21萬7080件，以及依托咪酯7.99公斤，阻絕非法電子煙及新興毒品流入國內。台北關表示，電子煙結合「依托咪酯」等新興毒品製成俗稱「喪屍煙彈」， 進而成為毒品吸食媒介，對社會治安與校園安全造成嚴重危害，海關配合行政院「全面落實源頭嚇阻，阻絕違法供應鏈」政策，加強查緝力度，阻絕該類違法物品於境外。請繼續往下閱讀...台北關指出，為防堵電子煙及新興毒品危害國人健康，衛福部正研議修正《菸害防制法》，加重電子煙相關罰則。未來製造、輸入、販賣、供應及展示電子煙，最高可處7年有期徒刑，得併科500萬元以下罰金；一般民眾持有、使用電子煙，最高也可處10萬元罰鍰，呼籲民眾及業者切勿以身試法。台北關也呼籲各界踴躍檢舉走私及提供相關情資，檢舉專線為0800-038265，非上班時段可撥03-3982308，共同維護邊境及社會安全。關務署臺北關查獲的電子煙零組件。（記者朱沛雄翻攝）關務署臺北關查獲的電子煙煙油。（記者朱沛雄翻攝）關務署臺北關查獲的電子煙零組件。（記者朱沛雄翻攝）    ,https://news.ltn.com.tw/news/society/breakingnews/5543485
2個麵包引爆殺機！房客一刀刺死房東 二審維持15年,社會,2026/08/18 10:59,在押的蔡男今親自到場聽庭，結束後還押，面對媒體詢問是否有沒有後悔、要不要與家屬賠償等皆未回應。（記者楊心慧攝）32歲蔡姓男子去年4月9日深夜酒後返回租屋處，發現麵包不見，由於陳姓房東有隨意偷吃房客食品紀錄，蔡質疑又是陳姓房東偷吃，但陳矢口否認，2人起口角，蔡事後持水果刀刺穿陳的左後背，致陳當場倒於血泊中，經送醫急救後仍傷重不治，檢方依殺人罪起訴，全案經國民法庭審理，判處有期徒刑15年。案經上訴，高等法院今駁回上訴，維持15年判決。檢警調查，蔡男以打臨工為業，蔡男與陳姓房東曾為同事關係，蔡男前年7月中旬開始住進陳位於桃園市楊梅區永美路住所，在客廳搭上床鋪，每月付租金2000元，蔡男去年4月9日晚間喝了2瓶啤酒及保力達返回住處，發現2個麵包不見，懷疑陳姓房東偷吃，但陳否認，當晚11時，蔡持水果刀質問陳是否偷吃麵包，但陳依舊否認，蔡暴怒下竟持水果刀朝陳男左後背猛刺一刀。請繼續往下閱讀...由於傷口深入陳姓房東左肩胛骨刺穿左側胸腔，傷及左肺葉導致大量出血，倒於血泊中，在場另一楊姓租客察覺有異，打電話報案處理，陳姓房東送醫急救，仍因出血過多不治。一審國民法官認為，蔡姓男子對犯罪事實坦承不諱，佐以檢察官提出的各項事證，其所為足以構成刑法殺人罪；另蔡男僅因懷疑被害人未經其同意食用其所購買的麵包，且在被害人持續否認下，即不思理性溝通處理，而持刀殺害被害人，其思考模式偏執，主觀惡性及可責性確實重大。考量蔡男持刀刺穿被害人左肩胛骨，穿入左側胸腔，傷及肺葉導致大量出血死亡，行為時下手甚重，造成被害人家屬頓失至親，天人永隔，成為永難彌平的傷痛，蔡男犯後雖坦承犯行，迄今未與被害人家屬達成和解，獲取宥恕諒解，判處有期徒刑15年。被告針對量刑提起上訴，高院認為，被告主張犯案時並非基於殺人的直接故意，但審酌扣案刀械長達19.5公分，以此刺砍人體，足以傷及重要臟器並造成死亡結果，且被告也坦承，知道持刀插入人體可能導致死亡，因此未採信其辯解，認原審量刑並無不當，駁回上訴。在押的蔡男今親自到場聽庭，結束後還押，面對媒體詢問是否有沒有後悔、要不要與家屬賠償等皆未回應。    ,https://news.ltn.com.tw/news/society/breakingnews/5543474
高雄彩券行頂樓傳墜樓意外  58歲男子送醫不治,社會,2026/08/18 10:53,高雄彩券行頂樓傳墜樓意外，58歲男子送醫不治。（資料照）高市苓雅區某彩券行頂樓昨（17日）晚傳墜樓意外，58歲張姓男子疑似在頂樓進行物品吊掛時失足墜落，附近居民聽聞聲響，跑出來查看，發現張男已倒臥地上，通知警、消，救護車到場後迅速將人送醫，急救後仍告不治，警方今天持續調查中。據了解，昨晚間20時許，張男於自宅5樓頂樓疑進行吊掛作業，過程中墜樓，警消人員抵達後，立刻將他送往醫院，最後仍傷重不治。    ,https://news.ltn.com.tw/news/society/breakingnews/5543476
台北文山景美河堤男子倒臥亡 頸部有刀傷,社會,2026/08/18 10:52,轄區文山第二分局景美派出所今日清晨6時許接到民眾電話報案，指出景美河堤附近有人倒地不起。（資料照）台北市文山區景美河堤一帶今日清晨6時許發生一起死亡案。一名五十歲宋姓男子被民眾發現倒臥在河堤旁，頸部帶有明顯刀傷且周邊留有血跡。警消接獲通報趕抵現場時，確認宋男已經明顯死亡，警方隨即封鎖現場展開調查。轄區文山第二分局景美派出所今日清晨6時許接到民眾電話報案，指出景美河堤附近有人倒地不起。派出所員警不敢大意，火速會同救護人員前往查看。搜救人員抵達後檢視宋男狀況，發現他已經沒有呼吸心跳，現場判定死亡多時，未再送醫急救。請繼續往下閱讀...鑑識人員獲報前往現場進行採證與微物採樣，並由警方聯繫宋男家屬趕來協助處理後續事宜。警方初步檢視周邊環境與相關跡證，目前暫時沒有發現外力介入或他殺的狀況。後續將報請台北地檢署檢察官進行司法相驗，以進一步釐清詳細事發過程。    ,https://news.ltn.com.tw/news/society/breakingnews/5543467
刑事局破獲越籍夫妻檔賣「宇舶、勞力士」假錶   侵權市值達6千萬,社會,2026/08/18 10:49,刑事局智慧財產權偵查大隊去年破獲外籍仿錶集團，在桃園中壢店面，查獲仿冒精品手錶149支，侵權市值達6千萬元。（記者陳建志翻攝）刑事局智慧財產權偵查大隊去年獲報有民眾在臉書販賣仿冒的精品名錶，還以越南文字招攬同鄉，經暗中蒐證後，去年8月前往桃園中壢由越南籍阮姓男子（36歲）和越南籍陳姓太太（32歲）經營的錶店，逮捕2人和泰國籍潘姓員工（34歲），並查扣仿冒宇舶、勞力士、百達翡麗、萬寶龍等精品手錶149支，侵權市值達6千萬元，桃園地檢署近日偵結，依違反商標法罪嫌將3人起訴。刑事局智慧財產權偵查大隊去年獲報，有民眾在臉書陳列、販售大量仿冒宇舶錶（HUBLOT）等商標商品，還以越南文字「專營正品手錶批發與零售」招攬越南同鄉，經採證後送交在台商標權利代理人辨識確定為仿冒商品，與移民署北區事務大隊機動隊成立專案小組偵查，並報請桃園地檢署指揮偵辦。請繼續往下閱讀...經蒐證完成，去年8月7日持搜索票前往犯嫌在桃園中壢經營的錶店搜索，當場逮捕越南籍阮姓主嫌（36歲）和越南籍陳姓太太（32歲），以及協助販售的泰國籍潘姓員工（34歲）。現場並查扣仿冒宇舶、勞力士、百達翡麗、萬寶龍、萬國等精品手錶共149支，真品販售價格約30萬到100萬，阮嫌等人僅以數千到1萬元售出，侵權達6千萬，其中一支售價最貴的百達翡麗錶，市價約100萬，阮嫌僅以低價1萬元售出，價差達百倍，訊後將3人依違反商標法移送法辦。警方調查發現，該集團由阮姓主嫌自越南進口高仿精品手錶成品後，由陳姓妻子透過抖音及臉書等平台直播與貼文吸引同鄉至開設的實體店面選購，並由潘姓共犯於店面協助進行交易，桃園地檢署近日偵結，依違反商標法將3人起訴。刑事局智慧財產權偵查大隊去年破獲外籍仿錶集團，在桃園中壢店面查獲眾多宇舶、勞力士、百達翡麗、萬寶龍仿冒手錶。（記者陳建志翻攝）刑事局智慧財產權偵查大隊去年破獲外籍仿錶集團，查扣眾多宇舶、勞力士、百達翡麗、萬寶龍仿冒手錶。（記者陳建志翻攝）    ,https://news.ltn.com.tw/news/society/breakingnews/5543470
獨家》新北警約8網友母校打野砲 拍下性愛片上傳57次被判刑,社會,2026/08/18 10:48,新北市一名員警約了8名網友到其母校高中野戰，並將過程拍下以後上傳至X。（記者翁靖祐攝）新北市某員警透過社群媒體「X」與多名網友相約在台北市某高中性交以後，拍下性愛影片，上傳至「X」，共計發布57次。台北地院日前開庭，該名員警全數認罪，日前被傳出可能升任審判長的法官郭建鈺也當庭勸他「好好珍惜公職的機會」，全案於近日審結，該名員警被判依公然猥褻罪處2月徒刑，得易科罰金；依散布猥褻影像罪處2月徒刑，得易科罰金，應執行3月徒刑，得易科罰金。該名員警自2025年4月至11月之間，透過X相約8名網友到該名員警的母校，位於台北市大安區的某高中發生性行為。該名員警作為校友，深諳校園的地形，於是帶領著這群網友在學校的活動中心等地野戰，並將過程拍下。請繼續往下閱讀...後續該名員警於2025年7月13日起至11月17日間，將影片上傳至社群媒體X，共計57次，警方獲報以後，於2025年11月18日持搜索票前往其住處進行搜索，並查獲其手機2支、電腦主機1台、行動硬碟2個，該名員警移送北檢後以10萬元進行交保，檢方於今年2月9日向法院聲請簡易判決。本案於8月10日開庭，該名員警全數認罪，並當庭懇求法官，盼可以給他機會，強調其沒有利用警察身分去強迫別人發生性行為，也沒有販賣性愛影片。本案的承審法官郭建鈺見其態度良好，便當庭說其所犯下的2罪，都會給予6月以下且得易科罰金的量刑，並語重心長的向他說「這樣的行為不要再有，應該好好珍惜公職的機會」。郭建鈺過去是曾經辦理過台北市長柯文哲涉貪案的檢察官後續轉任為法官，日前有消息指出，轉任1年法官的郭建鈺在今年審判長職缺的競爭中脫穎而出。    ,https://news.ltn.com.tw/news/society/breakingnews/5543452
「偽台電工程車」雙北趴趴走惹眾怒 警攔查擅改車身祭重罰,社會,2026/08/18 10:43,警方攔下「偽台電工程車」並開出重罰。（記者徐聖倫翻攝）社群平台Threads近日有網友發文警告，指稱雙北地區出現一部疑似改裝的「偽台電工程車」，引發外界關注與疑慮。新北市三峽警分局指出，該車早在今年3月就因危險駕駛等違規遭警方函送法辦，昨警方再次掌握其行蹤，當場攔獲該車並依法開單舉發，同時要求監理機關強制驗車。​警方表示，該輛車先前即為警方列管對象，今年3月27日已通知車主到案說明。車主因涉及危險駕駛等違規，公共危險罪嫌部分已依法函送法辦；交通違規部分，警方當時也依「道路交通管理處罰條例」闖紅燈、危險駕駛等相關規定製單告發，並函請監理機關通知召回檢驗。請繼續往下閱讀...​針對近日網路貼文再度引發熱議，三峽警分局北大派出所員警於昨下午3時許，巡邏行經三峽區介壽路一段時，再度發現該車蹤跡並當場攔獲。經現場檢視，發現該車仍有任意變更車身且未依規定申請臨時檢驗的情形，員警隨即依「道路交通管理處罰條例」第18條第1項告發，並再度函請監理機關強制該車驗車。​警方強調，對於任意改裝車輛及危險駕駛等行為絕不寬貸，將持續會同監理機關嚴格查處。警方同時呼籲，車輛變更車體或設備應依法辦理檢驗登記，民眾若發現疑似違規車輛，可提供詳細車號與時間地點向警方檢舉，共同維護用路安全。偽台電工程車違規爭議不斷，還四處趴趴走惹眾怒。（記者徐聖倫翻攝）    ,https://news.ltn.com.tw/news/society/breakingnews/5543453
首例國防無人機採用中國零件被抓包  八軍團回應了,社會,2026/08/18 10:43,八軍團採購國防無人機，不肖廠商竟用中國零件組裝被抓包。示意圖（資料照）陸軍第八軍團採購百餘台無人機，得標廠商竟涉嫌採購中國封裝的無人機晶片、中國製飛行控制板等零組件組裝無人機，並以遮蔽產品標示及提出不實產地證明，軍方發現後主動函送檢方偵辦，張姓負責人遭羈押禁見；八軍團表示，履約及驗收過程中發現廠商疑似使用中國製零組件，除未支付採購價金，並蒐整相關事證函送檢調機關偵辦，依政府採購法及契約規範，辦理廠商停權、解除契約及追究違約責任。八軍團強調，國防採購涉及國家安全及國軍戰力，廠商履約時應確遵契約及相關法令規範；對於明知標案禁止使用特定來源產品，仍以不實文件或其他方式規避驗收，發現異常後，第一時間即主動查處、依法函送究責。請繼續往下閱讀...八軍團說明，本案已由檢調機關偵辦中，全力配合司法調查，並將持續與檢調及相關單位密切協調合作，積極配合偵辦不法，以落實國軍裝備品質管控，確保建軍備戰及國家安全。    ,https://news.ltn.com.tw/news/society/breakingnews/5543472
退伍又回任續當共諜！現役中士拍效忠影片、洩60件國軍作戰教範,社會,2026/08/18 10:24,憲兵及後備旅現役中士江文豪拍效忠影片、洩60件國軍作戰教範遭訴。示意圖（資料照）國軍再爆重大共諜案！宜蘭後備旅現役中士江文豪，因積欠龐大債務，在網路上遭中共實質控制的共諜組織「臥龍會」吸收，江男不僅拍下「戰時消極不抵抗、盼早日回歸祖國」等效忠影片，更登錄國軍內部系統大量翻拍下載「衡山戰情系統」、「愛國者飛彈戰術手冊」等重大國軍作戰教範，雄檢依《貪污治罪條例》違背職務收受賄賂罪及《國家安全法》等重罪將江男提起公訴。檢方指出，江文豪（34歲）原為憲兵東澳嶺分隊中士，2022年間因債務問題在Telegram結識綽號「三哥」、「Gucci」的中共情報人員。江男拿到20萬元對價，並得到中國共諜組織承諾協助清償百萬債務，竟錄製宣誓支持兩岸統一、反對台獨、承諾「戰時消極不抵抗」的效忠影片，正式加入「臥龍會」共諜組織。請繼續往下閱讀...江男加入後，自2024年5月起利用權限登錄國軍準則系統，大量下載並以手機翻拍國軍聯合作戰、衡山戰情系統、愛國者飛彈保養手冊及空軍作戰情報等60件重大機密電磁紀錄傳給對岸。更離譜的是，江男於2025年1月退伍後，因缺錢花用，竟遵照對岸共諜組織成員「書書」指示「申請回任軍職」，於同年6月順利回任宜蘭後備旅中士，不但從中國情報人員手中拿到近60萬元籌勞，並埋伏伺機蒐集機密情報。雄檢偵結後認定，江男違背職務收受對價對國家安全造成重大危害，犯行明確，依《貪污治罪條例》「違背職務收賄罪」（最重可處無期徒刑）及《國家安全法》傳遞公務秘密罪嫌提起公訴，並依法請求從重量刑。    ,https://news.ltn.com.tw/news/society/breakingnews/5543427
詐貸11億判12年 基隆營造大亨又欠518萬勞保費被管收,社會,2026/08/18 10:21,執行官將羅律煌帶回詢問。（記者吳昇儒翻攝）欣偉傑建設創辦人羅律煌上個月因建造台北市中山區豪宅「中山隱」期間詐貸11億元，被判處12年徒刑。近日又因其掛名負責人的大元營造公司，積欠518萬元勞保費未繳，被移送至執行署宜蘭分署執行。執行官員發現羅男得知積欠保費後，公司名下仍有4千多萬現金流，卻不願拿出來繳納，擺明不想還款，昨日向法院聲請管收獲准。執行官調查，現年71歲的羅律煌原為基隆羅傑建設的創辦人，後又創立欣偉傑建設，建造基隆普羅旺世大型社區及台北市豪宅中山隱、長安雋及閱讀春樹，資產難以估算。近年卻多次因欠稅、詐貸案登上媒體版面。請繼續往下閱讀...經查，大元營造公司資本額高達2.3億元，卻積欠518萬餘元的勞保費用，勞工保險局多次通知負責人羅律煌，對方卻置之不理，僅提出每月繳納數萬元方案，無還款誠意；宜蘭分署接獲案件後，清查公司名下僅餘一輛油電混合車，且羅得知積欠勞保費時，公司內尚有4千多萬元資金，卻陸續將錢轉出，並稱是償還欠款。宜蘭分署要求羅男先將車輛交出，對方竟稱「車子還要用」當場拒絕，僅稱可以先還1、200萬，之後每個月再還數萬元。宜蘭分署執行官認為，羅男明明有支付欠款能力，卻故不履行且隱匿動產，訊問後決定向宜蘭地方法院聲請管收。宜蘭地院則於昨日下午3時許開庭，當庭裁定管收羅男。據了解，羅男目前已安置於管收所中，執行官近期將前往探視，詢問是否願提出新的還款計畫。宜蘭分署表示，針對有履行能力卻處分財產情事的義務人，將嚴格執法、絕不寬貸；必要時，並將施以限制出境，甚至向法院聲請拘提、管收等強制手段。呼籲民眾應誠實面對公法債務，以免損及自身權益。執行官將羅律煌帶回詢問。（記者吳昇儒翻攝）    ,https://news.ltn.com.tw/news/society/breakingnews/5543418
航見科技張東琳低價標得國防無人機採購案 竟以中國晶片組無人機交貨收押,社會,2026/08/18 10:21,橋頭地檢署。（資料照）橋頭地檢署偵辦首例國防無人機採購涉犯國安法等案件，查出航見科技股份有限公司去年得標陸軍第八軍團無人機採購案，負責人張東琳及技術主管羅翊祥竟涉嫌採購中國無人機晶片、飛行控制板等組裝無人機，並遮蔽產品標示及提出不實產地證明等方式，向軍方交付無人機企圖蒙混過關，經軍方驗收發現無人機使用中國製零組件，未付採購金主動移送檢方偵辦，橋頭地檢署今認定2人涉犯違反國家安全法、詐欺取財未遂罪嫌，向法院聲請羈押禁見，經法院裁定張東琳羈押禁見、羅翊祥請回。橋頭地檢署日前接獲陸軍第八軍團指揮部主動函送無人機採購案承攬廠商使用中國、香港及澳門製元件情事，檢察長郭景東指示主任檢察官陳竹君、檢察官嚴維德分案，並指揮高雄市調查處深入調查，發現航見科技股份有限公司去年得標陸軍第八軍團無人機採購案，以295萬元低價搶標順利得標。請繼續往下閱讀...檢方調查，航見科技股份有限公司負責人張東琳及技術主管羅翊祥，涉嫌採購中國封裝無人機晶片、中國製飛行控制板等零組件組裝無人機，並以遮蔽產品標示及提出不實產地證明等方式，向陸軍八軍團交付無人機，企圖使驗收人員誤認所使用零組件均符合標案規定。陸軍第八軍團於驗收過程，發現相關無人機疑有使用中國製零組件情形，而未支付採購價金，並主動函送檢方偵辦，主任檢察官陳竹君及檢察官嚴維德指揮調查局高雄市調查處等專案小組人員，今年8月前往航見科技股份有限公司、睿揚創新科技有限公司等處執行搜索，並傳喚張東琳、羅翊祥等人及證人到庭。檢方查出張東琳為航見科技股份有限公司登記負責人，羅翊祥任職睿揚創新科技有限公司技術主管，2人為合作夥伴關係，經檢察官訊問後，認定張東琳、羅翊祥等2人涉犯違反國家安全法第11條第1項第1款、第12條第1項交付提供大陸地區產製品罪嫌、刑法第339條第1項、第3項詐欺取財未遂罪嫌，向法院聲請羈押禁見，經法院裁定被告張東琳羈押禁見，法官諭知羅翊祥請回。橋頭地檢署檢察長郭景東表示，國防採購涉及國家安全及國軍戰力，廠商履約時應確實遵守契約及相關法令規範，對於明知標案禁止使用特定來源產品，仍以不實文件或其他方式規避驗收行為，將依法嚴查，以維護國防採購品質及建軍備戰需求。    ,https://news.ltn.com.tw/news/society/breakingnews/5543422
泰拳女教練腹內藏72顆膠囊  耗費10天排出檢測結果曝,社會,2026/08/18 10:12,海巡署法辦泰拳女教練（中）。（海巡署高雄查緝隊提供）35歲泰拳女教練從泰國入境高雄，被海巡署攔查，帶到醫院檢測，赫見肚子內滿滿72顆海洛因膠囊，耗費10天才排出，總重289.1公克，依毒品危害防制條例移送法辦，高雄地檢署7月起訴，目前仍收押中。海巡署偵防分署高雄查緝隊接獲情資，指今年4月6日這名泰國籍的泰拳女教練，將從泰國直飛高雄機場「人體運毒」，當天在她下機後逮捕，帶到醫院檢查，並透過藥物「自然排泄」。請繼續往下閱讀...高雄查緝隊表示，專案小組在連續10天陪伴過程，不僅要強忍惡臭清洗排泄的毒品，更要兼顧嫌犯的健康，所幸因為她是泰拳教練，長期接受高強度搏擊訓練，爆發力及健康遠超常人。不過，正因泰女有高超的搏擊技能，為防她脫逃，專案小組24小時保持高度警戒，嚴密監管戒護，總計排出72顆膠囊，總重289.1公克，市價約360萬元，依毒品危害防制條例移送法辦，高雄地檢署7月起訴，目前仍收押中。高雄查緝隊強調，這類橢圓形球狀的海洛因膠囊，以保險套及熱縮膜層層包裹，容易口服吞入，規避檢查，但如果毒品外膜遭人體胃酸等物質溶解，將面臨死亡風險。泰拳女教練腹內滿滿的海洛因膠囊。（海巡署高雄查緝隊提供）    ,https://news.ltn.com.tw/news/society/breakingnews/5543415
新竹外送員搶手機拉傷同行 苦吞代價5萬5000元,社會,2026/08/18 10:07,古姓外送員因工作嫌隙在街頭攔截同行張男，衝突過程導致張男受傷，法官依傷害罪判處古男拘役55天，得易科罰金。（記者廖雪茹攝）外送員送餐竟上演街頭衝突！新竹地方法院針對一起外送員傷害案件作出判決，一名古姓外送員因工作嫌隙攔截同行張姓外送員爭論，張男拿出手機錄影，雙方在拉扯中導致張男受傷，法官依傷害罪判處古男拘役55天，得易科罰金。判決書指出，這起事件發生在2025年12月28日晚間，正值外送尖峰時刻。古姓外送員騎乘機車行經新竹市中山路與西大路口時，巧遇素有工作嫌隙的同行張姓男子。古男一時氣憤，直接在路邊攔截騎乘自行車的張男，意圖與之爭論。請繼續往下閱讀...面對突如其來的攔車，張男立即拿起手機錄影蒐證，此舉點燃古男怒火。古男為了阻止對方拍攝，出手爭搶手機，在激烈的衝突拉扯間，造成張男左手挫傷疼痛。法官認為，古男作為智慮成熟的成年人，應能預見在爭搶錄影中的手機時，極大機率會造成對方受傷，卻仍基於傷害他人身體的單一不確定故意，在衝突之間拉扯張男左手，導致張男左手受有挫傷疼痛的傷害。古男雖自始坦承犯行並表達和解意願，但因先前工作嫌隙與應對方式欠佳，導致告訴人張男無意協商，迄今未能達成賠償。法官審酌古男學歷、經濟及一切生活狀況，最終裁定古男犯傷害罪，處拘役55天，可易科罰金5萬5000元。    ,https://news.ltn.com.tw/news/society/breakingnews/5543401
台東計程車自撞翻車 59歲駕駛受困獲救,社會,2026/08/18 10:04,計程車自撞後滑行十數公尺，在地上留下長長的刮地痕。（消防局提供）台東縣成功鎮比西里岸部落今早7時許發生一起自撞車禍案件，一輛計程車行經白蓮路時，疑因道路狹窄自撞翻車，蔡姓駕駛受困在車內，救難隊員花了近20分鐘才將其救出，所幸並無大礙。事故發生在三仙橋通往台11線的舊省道路段，自撞的59歲蔡姓駕駛受困車中，消防人員7時16分抵達現場後，蔡男於7時37分順利脫困並後送台東醫院成功分院，所幸駕駛僅有輕傷，且意識清楚生命徵象穩定。請繼續往下閱讀...警方表示，該地區由於道路較狹窄，加上司機又是外地人、不熟悉路況，疑似因此才自撞翻車，車禍原因仍在進一步釐清中。安全氣囊爆開，所幸駕駛僅輕傷，在警消協助下順利脫困。（消防局提供）安全氣囊爆開，所幸駕駛僅輕傷，在警消協助下順利脫困。（消防局提供）    ,https://news.ltn.com.tw/news/society/breakingnews/5543385
又是毒駕！高雄男逆向撞車  警搜出146包毒咖啡包,社會,2026/08/18 09:50,孫男毒駕逆向撞車，警方查獲146包「小小兵」毒咖啡包。（民眾提供）高雄市孫姓男子毒駕途經楠梓區清豐三路，逆向擦撞路邊車輛，所幸無人受傷，警方見他神情恍惚，檢測出新興二、三級毒品陽性反應，車上查獲146包「小小兵」咖啡包，換算市值7萬多元，警訊後將他依毒品及公共危險罪嫌移送法辦。警方今表示，孫姓男子（26歲）前天凌晨駕駛轎車，行經楠梓區清豐三路之際，逆向擦撞路邊車輛，民眾發現報警；楠梓警方據報到場，發現孫男精神不佳、神情恍惚，經檢測呈現新興二級毒品甲基卡西酮、三級毒品K他命陽性反應。請繼續往下閱讀...警方隨即實施附帶搜索，於孫男車內查獲146包印有「小小兵」圖案的新興卡西酮毒品咖啡包，所幸車禍無人傷亡，否則後果不堪設想，警訊後將他依毒品危害防制條例及公共危險罪移送橋頭地檢署偵辦。楠梓警分局呼籲民眾，不法分子常以可愛圖案包裝毒品以降低戒心，提醒民眾留意，如發現可疑情事，請立即撥打110，警方將持續嚴加查緝毒品，全力守護社會治安。    ,https://news.ltn.com.tw/news/society/breakingnews/5543377
假幣商面交5次吸血1600萬 男辯「只是跑腿」遭重判,社會,2026/08/18 09:37,假幣商面交5次吸血1600萬，男辯「只是跑腿」。（資料照）苗栗縣一名黃姓男子加入詐騙集團充當假虛擬貨幣幣商，先後5度與遭假投資話術洗腦的被害人面交，取走高達1600萬元現金，黃男則從中抽取23萬餘元傭金。苗栗地方法院審理後，依加重詐欺取財罪重判黃男有期徒刑5年6個月，併科罰金6萬元，犯罪所得23萬37元宣告沒收。判決書指出，黃男於前年9月間加入詐騙集團擔任面交車手，該詐團佯稱可在「ENTG」平台投資泰達幣獲利，並指定被害人向幣商購買虛擬貨幣。請繼續往下閱讀...黃男接獲指示後，於前年10月至11月間，5度前往苗栗市星巴克及賣場外，點收被害人交付的現金，總金額高達1600萬元。每當黃男收取現金後，「H」即轉入等值泰達幣至被害人電子錢包營造交易假象，被害人隨後將泰達幣轉入詐團掌控的假平台，黃男則依每顆泰達幣抽成0.3至0.5元，共獲利23萬37元。黃男於地院審理時矢口否認犯行，稱自己只是幫朋友「跑腿」做虛擬貨幣買賣，自以為是合法幣商。法官審理指出，黃男親自面收鉅額現金，與合法幣商透過平台轉帳的運作常態大相逕庭；且黃男曾2度因出售帳戶遭判刑確定，對於詐團手法應有相當警惕，卻仍貪圖高額報酬配合，顯有共同詐欺與洗錢之不確定故意。法官考量其構成累犯、造成被害人鉅額損失且未和解賠償，依法量處有期徒刑5年6月。    ,https://news.ltn.com.tw/news/society/breakingnews/5543350
示愛碰壁狂傳訊騷擾直播主 女酸「頭貼像遺照」判拘役30日,社會,2026/08/18 09:33,嫌直播主頭貼像遺照，彰化女被判拘役30天。（資料照，記者顏宏駿攝）彰化A女因購買包包而結識一名直播主，多次釋出愛意，但直播主回應冷淡，引發A女不悅，用傳簡訊的方式對直播主本人及其家人「狂轟濫炸」，還嫌對方頭貼像遺照，最後被直播主提告，法官認為A女因違反跟蹤騷擾防制法判處拘役30日，可易科罰金。判決書指出，A女在直播平台購買包包而結識一名直播主，期間曾向A女表達好感。後因購買事宜發生爭執，A女聯絡被封鎖， A女對直播主提出詐欺告訴，導致直播主帳戶遭凍結。直播主懇請和解，雙方簽署和解書。請繼續往下閱讀...A女原本期待和解後能繼續維持良好關係，卻因事後發展不如預期，便用簡訊的方式對直播主一陣狂轟濫炸，使直播主心生畏怖，足以影響日常生活與社會活動。這些簡訊語詞包括「你頭貼很醜像遺照一樣、我又來擾擾了」等內容。法院認定，本案確實基於與性或性別關係而生的騷擾行為。A女雖辯稱只是為了索討財物才持續聯繫，但從警詢自承雙方曾互表好感、對話紀錄頻繁關切病情，以及和解後仍密集侵擾等情節，顯示其因渴望維持親密互動關係落空，才轉為非理性情感報復與騷擾，並非單純債務糾紛。考量A女反覆持續的侵擾行為已逾越社會通念所能容忍的界限，客觀上使告訴人感受到嚴重不安與恐懼，主觀上也具有騷擾故意，量處拘役30日。    ,https://news.ltn.com.tw/news/society/breakingnews/5543351
假女網友稱包裹卡關  高雄男子超商購點數險受騙,社會,2026/08/18 09:05,又見臉書戀愛陷阱！高雄男險買萬元蘋果點數，鹽埕警方及時阻詐。（民眾提供）高雄李姓男子（61歲）於臉書結識暱稱「Kim lee」的「女」網友，誤入詐騙圈套，對方以協助代收國際包裹發生卡關，需支付相關費用為由，騙他前往超商購買1萬餘元的蘋果點數救援，鹽埕分局獲報前往成功阻詐。鹽埕警分局今（18）日表示，五福四路派出所警員黃彥文、黃柏融於昨日接獲報案，稱鹽埕區大仁路超商有男子欲購買大額點數卡，疑似遭詐騙，警方立即到場了解，民眾李姓男子（61歲）當時欲購買價值1萬2千6百元的蘋果點數。請繼續往下閱讀...過程中超商店員察覺李男神情異樣，對於購買用途支吾其詞，立刻通報警方協助。經了解，李男表示為幫支付代收包裹費用才購買點數，經取得其同意檢視通訊軟體對話內容，發現暱稱「High way」不明人士持續催促其購買點數，並要求回傳照片。經員警進一步關切後，李男才透露日前於臉書結識暱稱「Kim lee」的女網友，對方便以協助代收國際包裹發生卡關、需支付相關費用為由，要求李民前往超商購買點數救援，警方向他表示此為典型的「愛情詐騙」套路，經員警分析說明後才驚覺受騙，隨即放棄購買。鹽埕警分局呼籲，網路交友務必提高警覺，凡是未曾謀面之網友以「愛情交往」、「代付包裹」等理由要求購買點數卡、翻拍傳送卡號或匯款者，均為詐騙集團慣用手法。愛情詐騙對話記錄。（民眾提供）    ,https://news.ltn.com.tw/news/society/breakingnews/5543337
昔日河粉店變毒窟  南市警破獲假修車真販毒據點,社會,2026/08/18 09:05,台南市刑大偵辦毒品案向上溯源，拘捕涉嫌販毒的黃嫌。（記者劉婉君翻攝）綽號「越南阿棋」的黃姓男子，以歇業的越南美食店為據點，並以修理機車為名義，涉嫌「掛羊頭賣狗肉」販售毒品，台南市警察局刑事警察大隊4月偵破莊、林姓情侶檔販毒案後，向上溯源，經長期跟監蒐證，將黃嫌拘捕到案，全案依違反毒品危害防制條例移送台南地檢署偵辦。警方調查發現，黃嫌原本從事機車修理工作，婚後與妻子共同經營越南美食店，2年前餐館歇業後，重操修車舊業之際，卻誤入歧途接觸毒品，在重利誘惑下涉入毒品交易，以仍高掛越南餐館招牌的處所為販毒據點，買家佯裝修理機車，前往購買毒品，企圖以多重偽裝掩飾非法。請繼續往下閱讀...參與查緝的陳姓員警，5年前就讀高中時，曾多次到該店用餐，當時對老闆親切的態度與手藝印象深刻，沒想到相隔多年再次登門，竟是為了執行緝毒任務，眼見昔日熱情端上美味河粉的老闆淪為毒犯，不勝唏噓。警方偵破黃、莊、林等3人為核心的毒品供應網絡，全案並查緝下游5名藥腳到案，共計查獲第一級毒品海洛因3包（毛重2.96公克）、依托咪酯菸油7罐（毛重324.76公克）；第二級毒品安非他命47包（毛重688.44公克）、第三級毒品FM2藥丸39顆、空氣槍1枝、新台幣30萬元及各式毒品分裝、吸食器具等證物，毒品估算市價約358萬元，及時阻斷大量毒品流入市面。台南市刑大偵破黃、莊、林等3人為核心的毒品供應網絡，查扣大量毒品等證物。（警方提供）    ,https://news.ltn.com.tw/news/society/breakingnews/5543336
詐團發「交大」錄取通知 網笑：交通大隊附專業寫真比較省,社會,2026/08/18 08:53,大學考試分發入學放榜，隨即成了詐騙集團行騙伎倆。（記者蔡宗勳翻攝）大學考試分發入學昨日正式放榜，本該是莘莘學子幾家歡喜幾家愁的時刻，竟也迅速被詐騙集團盯上，躍升為最新行騙手段。不少早已脫離學生身分的非考生，近日接連收到各大名校的「錄取通知」簡訊或信件時，啼笑皆非。其中，一位早已畢業多年的網友分享，自己突然收到一張來自「陽明交通大學」的錄取通知。他幽默打趣表示：「看到陽明交大的通知其實覺得特別親切，因為我平時也蠻常收到『交大』的通知，而且人家警察局還會附上專業攝影師拍的超高畫質追焦照！算一算，交通大隊發的通知可比這便宜太多了。」請繼續往下閱讀...該名網友將「交通大學」與「交通大隊」巧妙聯結，令人莞爾，貼文引發大批網友熱烈討論，紛紛留言笑稱「交通大隊的高畫質追焦照確實很有誠意」、「這張大學錄取通知繳下去，學費真的比罰單貴太多」、「詐團真的無所不在，太可惡了」。    ,https://news.ltn.com.tw/news/society/breakingnews/5543318
傳送釣魚簡訊供詐團盜刷被害人信用卡 詐團釣手判刑4年2月,社會,2026/08/18 08:51,柯男傳送釣魚簡訊供詐團盜刷被害人信用卡，被法院判刑4年2個月。（資料照）柯姓男子與詐團聯手隨機向不特定民眾發送佯稱ETC費、停車費、信用卡費等未繳費釣魚簡訊，經取得被害人信用卡資料後，供詐團盜刷，導致近30名被盜刷數百萬元，柯男還向詐團低價購買詐騙得來的電子禮券消費，經警方查獲送辦，屏東地院依詐欺取財等罪併處柯男4年2個月徒刑，並沒收或追繳不法所得，可上訴。柯男2年多前與詐騙集團聯手，隨機向不特定民眾發送佯稱信用卡費、水費、電信費等未繳、點數到期等詐欺釣魚簡訊，讓接到簡訊民眾陷於錯誤，登入釣魚網址後，依網頁指示步驟輸入個人信用卡資訊，結果遭到詐騙集團盜刷，導致近30人受害，被盜刷金額達數百萬元，柯男為此獲得4萬元報酬，並向詐團低價購買詐騙得來面額共26萬元的電子禮券消費。請繼續往下閱讀...警方據報後循線逮到詐騙釣手柯男，他在應訊時卻否認犯案，直到法院審理期間才坦承犯行，但始終未賠償被害人損失，屏東地院依觸犯電子通訊對公眾散布詐欺取財罪，判刑2年10個月，又犯故買贓物罪，判刑1年10個月，合併應執行4年2個月徒刑，並沒收或追繳不法所得4萬元及26萬元禮券價金。    ,https://news.ltn.com.tw/news/society/breakingnews/5543314
彰化不二坊蛋黃酥驚傳遭冒名網售 店家氣向警方報案,社會,2026/08/18 08:43,不二坊蛋黃酥驚傳被冒用店名在網路詐騙，店家氣向警方報案。（記者湯世名攝）每年中秋節前夕彰化市蛋黃酥排隊名店不二坊電話預購早早售罄，網路代購價水漲船高，繼2022年有歹徒假造不二坊盒子混裝來路不明的蛋黃酥販售詐騙後，今天（18日）又傳出有不肖人士假冒不二坊店家網路販售蛋黃酥，疑收到款項後未出貨，已有民眾受騙，店家氣得向彰化警分局報案，已由警方追查中。最近在網路上有自稱是不二坊店家在販售蛋黃酥，內容約略為2026年中秋節人氣蛋黃酥正式開放預訂，且還註明「僅此一家別無分店，避免買到仿冒品」，1顆蛋黃酥50元；每年中秋節檔期訂單爆量，產能有限，很容易額滿結單，建議大家提早預約，避免臨時到店撲空。請繼續往下閱讀...由於不二坊向來只有現場門市排隊購買與中秋節檔期開放電話訂購，從無網路預購，因此前天有民眾在網路看到此廣告後納悶「不二坊怎麼會有網路販售？」立即透過管道向不二坊店家詢問，結果店家氣得說「剛剛才向警方報案」，他們也是在網路上看到有不肖人士假冒店家的名義網路預購，且發現已有民眾下訂受騙，因此向警方報案，提告對方違反商標法、妨害農工商之商標案，希望警方將不肖人士揪出，避免再有更多民眾受害。警方指出，不二坊並未授權任何網路平台或社群販售，該帳號並非不二坊所設置的官方帳號，店家也未授權商標給他人使用；網路上常見的「一頁式廣告」或非官方粉專多為假冒山寨或詐騙，詐騙手法包含以假包裝魚目混珠賣來源不明的蛋黃酥、收錢不出貨，或透過釣魚網頁竊取個資，呼籲民眾不要受騙上當。不二坊只有現場排隊與電話訂購，並未以網路販售方式行銷。（記者湯世名攝）曾有不肖人士用不二坊的包裝，混入來路不明的蛋黃酥進行詐騙牟利。（記者湯世名攝）    ,https://news.ltn.com.tw/news/society/breakingnews/5543308
渣男長期辱妻是婊子妓女  法官：家暴情節嚴重准她休夫,社會,2026/08/18 08:34,渣男長期辱妻是婊子妓女，法官判准她休夫。（情境照）新竹張姓渣夫長期辱罵枕邊人婊子、妓女，還揚言要殺了她，妻子不堪長期精神虐待與言語暴力而分居，並提告休夫，新竹地院認為張男家暴嚴重，令妻身心俱疲，判准離婚。97年結婚育有2子女的陳女說，丈夫張男情緒不穩定，每每貶低她人格、辱罵她還丟東西，造成她持續焦慮、失眠及憂鬱，她不堪長期受虐，113年8月分居至今，並提告休夫。請繼續往下閱讀...法官根據先前通常保護令裁定內容，得知張男曾辱罵妻子「幹死妳、死婊子」、「跟妳媽一起去賣」、「下流死了，去當妓女」、「媽的，當我什麼、回去殺了妳，想整死我」，足認婚姻期間張男曾對妻子有諸多言語及精神暴力行為，且不斷貶抑其人格尊嚴。事後張男又辱罵「這個家就是被你搞爛的、我一輩子不會原諒你」、「要去兼什麼職…服務男人的」、「跟你結婚真的是很倒楣」、「在家擺爛，小孩丟著，有夠爛，搬出去搞東搞西搞男人…不知道在外面搞多少病」，可見張男在保護令事件核發後，仍未檢討自身言行，持續以不堪言語辱罵妻子。法官認為，張男因懷疑妻子對婚姻的忠誠，經常辱罵、施以言語暴力行為，其家庭暴力行為情節重大，令妻子身心俱疲，已有礙其人格尊嚴與人身安全，最後判准陳女休夫。    ,https://news.ltn.com.tw/news/society/breakingnews/5543306
酒駕家暴犯違反保護令  掙脫戒具逃出派出所判8月,社會,2026/08/18 08:11,張姓酒駕家暴犯違反保護令被逮，竟掙脫戒具逃出北門派出所。（資料照）新竹張姓男子對女友施暴，經新竹地院核發緊急保護令後，隨即酒後駕車到女友住處狂按電鈴敲門，警方到場將他依違反保護令現行犯逮捕，沒想到他竟趁派出所人力不足之際，掙脫戒具脫逃，新竹地院依違反保護令罪、酒駕公共危險罪與脫逃罪將他判刑。法官調查，新竹地方法院3月26日核發緊急保護令，裁定張男不得對同居女友實施身體或精神上騷擾、脅迫或其他不法侵害，且不得騷擾，應遠離女方住居所整棟建築物大門口至少80公尺。請繼續往下閱讀...沒想到張男一收到保護令，就接續按門鈴、敲門及撥打電話等方式騷擾該女，警方到場後依現行犯逮捕張男，事後警方發現他酒精濃度達每公升1.25毫克還酒駕。28日清晨5點多，張男趁員警因公處理聚眾鬥毆案件而外出，看守人力不足之際，趁隙掙脫戒具並自北門派出所脫逃。當天早上警方就在桃園市將張男逮捕回籠。法官審酌張男不思以合法途徑主張權利，於接獲法院核發緊急保護令後，亦不知深切警惕，戒慎言行，反無視保護令內容，騷擾女方並接近住處，顯然漠視法令，致被害人無端承受身心壓力，顯見其自我情緒管理能力及尊重他人之法治觀念均待加強。此外張男酒後仍騎機車上路，危及道路交通安全，無視酒後禁止駕車觀念；為警查獲後，竟於留置派出所期間趁隙逃逸，對我國治安實存有潛藏性危險，亦損及國家公權力行使。最後法官依違反保護令罪、酒駕公共危險罪與脫逃罪，將張男判刑8月。    ,https://news.ltn.com.tw/news/society/breakingnews/5543286
高雄男騎士半夜闖紅燈 後方警車當場攔查,社會,2026/08/18 07:51,高雄男騎士載女友人半夜闖紅燈以為無人知，警車就在後方當場攔查。（民眾提供）高雄20歲王姓男子今（18）日凌晨1時許騎乘機車，行經鼓山一路、五福四路口時，以為四下無人便闖紅燈，不知巡邏警車就在後面，警方追上攔查、開單。鼓山分局指出，鼓山派出所員警於今（18）日凌晨1時許執勤，巡經鼓山一路與五福四路口，發現王姓男子（20歲）騎乘機車搭載女乘客闖紅燈，員警予以攔查，並依道路交通管理處罰條例第53條第1項規定予以舉發，處新臺幣1800元以上5400元以下罰鍰。請繼續往下閱讀...鼓山分局呼籲，駕駛人行經路口應遵守交通號誌，切勿因一時方便而闖越紅燈，危及其他用路人。    ,https://news.ltn.com.tw/news/society/breakingnews/5543276
台中男酒駕拒檢逃逸！狂飆闖紅燈撞3機車 慘釀1重傷3輕傷,社會,2026/08/18 07:44,台中北區太原路、崇德路口，今晚發生重大車禍，一名蔡姓男子酒駕闖紅燈，撞傷2男1女停等紅燈的騎士。（記者陳建志翻攝）首次上稿 08-17 20:56更新時間 08-18 07:44（更新：受傷人數和傷勢）台中一名蔡姓男子（56歲），昨天晚上（17日）7點多駕駛自小客車酒駕違規，遭警方攔查不停，行經北區太原路、崇德路口時又闖紅燈，撞上在路口停等的3名騎士和一名女行人，4人經送醫後都意識清楚，沒有生命危險，蔡男被隨後趕來的員警逮捕，酒測後酒測值高達每公升0.83毫克，目前依公共危險等罪嫌偵辦。請繼續往下閱讀...台中市消防局昨晚7點35分接獲報案，指稱北區崇德路1段和太原路2段路口發生車禍，到場時發現1輛自小客車撞上3輛機車，現場有3人受傷，其中一名女子後腦撕裂傷、意識不清，送往中國附醫急救。另有2名男性，1人臉部擦傷；另一人則無明顯外傷，2人皆意識清楚送醫治療。警方初步調查，這名蔡姓男子（56歲）昨晚7點多先駕車在北區進化北路、榮華街口違規迴轉，員警發現想攔查，蔡男卻駕車逃逸，沒多久行經崇德路1段和太原路2段路口，蔡男又闖紅燈，撞上在路口停等的3名騎士和1名行人，現場機車四散倒地、一片凌亂。其中紀姓女行人（55歲），被撞送醫後意識清楚，沒有生命危險，另3名被撞的騎士賴男（36歲）、周男（63歲）、吳男（34歲）則都是擦挫傷。警方到場後將蔡男逮捕，並帶回警局偵辦，經酒測酒測值高達每公升0.83毫克，已明顯超標，目前依公共危險等罪嫌偵辦。台中北區太原路、崇德路口，今晚發生重大車禍，一名蔡姓男子酒駕闖紅燈，撞傷2男1女停等紅燈的騎士。（記者陳建志翻攝）台中市第二分局轄區太原路、崇德路口，今晚發生酒駕肇事意外，造成3名騎士送醫，肇事男子已被警方逮捕，帶返派出所偵辦中。（記者陳建志攝）    ,https://news.ltn.com.tw/news/society/breakingnews/5543119
醉男誤闖警車友人偷側錄惡搞 高雄警方追查送辦,社會,2026/08/18 07:38,醉男（右）誤闖警車友人偷側錄惡搞，高雄警方追查送辦。（民眾提供）高雄市有民眾疑上錯車，擅自開巡停路旁的警車坐了進去，員警立刻嚴正斥責，並將該名男子喝令下車驅離，男子稱酒醉開錯車門，警方未立即將該他帶回，原來該男子的友人在一旁側錄，不排除2人惡作劇，警方調閱路口監視器，將追查嚴辦2人。新興分局今（18）日表示，中山所員警於昨日清晨5時45分許，在新興區大同一路段執行守望勤務，勤務期間，一名年約30歲男子趁執勤員警不注意之際，擅自開啟巡邏車車門進入車內，並疑與其他友人將此舉側錄惡搞，意圖滋擾警方執行公務。請繼續往下閱讀...現場員警發覺後，當場嚴正斥責並將該名男子喝令下車驅離，因當下該男子表示因酒醉開錯車門，警方並未立即將他帶回，但過程被路人拍下PO網，才發現可能的真相，後續​主動調閱監視器，追查到案依法嚴辦。警方呼籲警用車輛為執行公務之重要裝備，絕非民眾娛樂或惡搞之道具，該名男子乘隙侵入警車並拍攝側錄，行為已涉嫌干擾警方勤務執行，全案將依《社會秩序維護法》「於公務員依法執行職務時，以顯然不當之言詞或行動相加」予以查處送辦，絕不寬貸。    ,https://news.ltn.com.tw/news/society/breakingnews/5543267
自由日日Shoot》保險公司依約先理賠火險4億 惡作劇燒毀賣場 面臨終身追償,社會,2026/08/18 05:30,"郭男以打火機引燃殺蟲劑，釀賣場大火，保險公司理賠近4億元後提起代位求償。 （資料照）郭姓男子惡作劇以打火機引燃噴霧殺蟲劑，導致大賣場遭燒毀停業近半年，承保商業火災保險的保險公司合計理賠近四億元，並向闖禍的郭男提起代位求償，法界指出，代位求償為權利移轉，保險公司給付理賠金後，依法取得債權向肇事者追討，郭男即便無力支付天價賠償，也將面臨終身遭追償的後果。代位求償是保險公司先理賠給受害的被保險人後，再向肇事的加害人追討賠償金，尤其在交通事故上十分常見。律師陳志峯表示，此案家樂福為賣場投保商業火災險，火災發生後保險公司依約給付理賠金，並依民法侵權行為與保險法規定，依法取得原本屬於家樂福對肇事者的損害賠償請求權。請繼續往下閱讀...他指出，這在法律上等同債權移轉，由保險公司接替家樂福的位置向肇事者追討，通常保險公司在實務與法律層面，會提出代位求償，且被保險人也不能私下自行跟加害人和解。據悉，郭男當時高中肄業，朋友找他去買東西，沒想到闖了大禍，三．九億元天價賠償金恐賠不起，網友更嘆，即使年薪百萬也難清償。不過，不是一句賠不起就沒事，陳志峯表示，保險公司告贏取得債權是法律程序，郭男有沒有錢賠是事實問題，保險公司代位求償確保債權，後續可申請強制執行，即使郭男目前沒有財產可供執行，也會面臨終身被追償的法律後果。    ",https://news.ltn.com.tw/news/society/paper/1767062
免費領史努比吊飾當餌 詐婦300萬,社會,2026/08/18 05:30,林婦遭詐三百萬元，再匯二百萬元時獲警銀聯手阻詐。（民眾提供）詐騙集團以「免費領取史努比吊飾」為幌子，誘騙林姓婦人匯款四十元運費並藉此獲取個資後，再以各種理由連環行騙。林婦連吊飾都沒拿到，卻多次匯款，遭騙三百萬元。詐騙集團食髓知味，要求林婦再匯款二百萬元，所幸警方與行員聯手阻詐，林婦才驚覺受騙，保住二百萬元積蓄。六十八歲林姓婦人為家庭主婦，在網路上看到「免費領取史努比吊飾」廣告，一時心動點擊廣告與對方聯繫。詐騙集團先以「吊飾免費，只需支付四十元運費」為誘餌，再傳送假冒「黑貓宅急便」的釣魚網頁連結，要求林婦填寫訂單及收貨資料。獲取林婦個人資料後，又以「買家未完成實名認證」、「交易訂單遭鎖定」、「未處理恐遭平台罰款」等話術，要求林婦加入假客服帳號，依照指示操作匯款。林婦竟信以為真，陸續匯出多筆款項至不同帳號，累計達三百萬元。請繼續往下閱讀...詐騙集團食髓知味，要求林婦至銀行臨櫃匯款二百萬元，並依照詐團話術，謊稱款項為「室內裝修工程款」。行員察覺有異後報案，警方查證發現，這竟是詐團教導林婦的說詞。警方告訴林婦，她已落入詐騙圈套，但林婦不認為自己受騙，仍深信詐團說法。警方為戳破騙局，接聽對方來電，在林婦面前與詐團交鋒。詐團持續以話術取信林婦，警方當場表明「我是警察啦！」，詐團立刻掛斷電話。警方檢視林婦手機對話等資料，確認詐團提供的網頁並非正常官方交易流程，且林婦匯款的帳戶也涉及詐騙警示資訊，她才驚覺受騙。所幸警方聯手行員保住二百萬元積蓄。行員盤點林婦先前匯出的多筆款項，累計高達三百萬元，並請求將先前匯款帳戶列為警示帳戶，希望能追回已匯出的三百萬元。☆自由時報電子報提醒您，防詐騙專線︰165，報案專線︰110☆    ,https://news.ltn.com.tw/news/society/paper/1767064
打火機引燃噴霧殺蟲劑釀禍 22歲男玩火燒毀大賣場 要賠4億,社會,2026/08/18 05:30,桃園市22歲郭姓男子兩年前與友人到家樂福中原店購物，玩火燒毀大賣場，桃園地院近日判決郭男共應給付3.98億元。（資料照）桃園市廿二歲郭姓男子兩年前與友人到家樂福中原店購物，卻在清潔用品區以打火機引燃噴霧殺蟲劑引發大火，不只燒毀賣場也波及商店街店家，事發後大賣場停業近半年，包括受波及的商店街咖啡店，總理賠金額近四億元，八家保險公司聯合向郭男代位求償，桃園地院近日判決郭男共應給付三．九八億元。餘火未熄滅 殺蟲劑爆炸延燒郭男於二〇二三年十月三日凌晨與黃姓、周姓友人到家樂福中原店購物，郭男竟在地下一樓清潔用品區拿出打火機引燃噴霧殺蟲劑，隨後若無其事放回架上，三人繼續購物，豈料，殺蟲劑餘火未熄滅，引燃貨架其他殺蟲劑甚至爆炸，火勢瞬間延燒其他商品，導致店內物品燒毀、煙燻，受到嚴重損害，須委由結構技師進行修復鑑定，並依鑑定結果修復及補強才能重新營業，保險公司總計理賠三億九八二七萬〇八七八元，八家公司聯合向郭男提出代位求償。請繼續往下閱讀...賣場停業近半年 波及商店街法院審理過程中，郭男未於言詞辯論期日到場，也未提出書狀聲明或陳述，法官綜合相關證據調查結果，認為保險公司主張為真實，依侵權行為及保險代位求償的法律關係請求郭男賠償有據，判決郭男共應給付三億九八二七萬〇八七八元。另外，連帶被火勢波及的商店街咖啡店，保險公司同樣向郭男代位求償，法院日前判決郭男須給付九十七萬九三二六元，總計郭男因這把火背負近四億元賠償；刑事部分，郭男被判處六月徒刑。    ,https://news.ltn.com.tw/news/society/paper/1767034
辦拳擊賽打死人 現場無醫護 國家級教練裁判 逆轉有罪定讞,社會,2026/08/18 05:30,拳擊友誼賽釀選手死亡，教練丁晧峯遭判6月徒刑定讞。（取自丁晧峯臉書）廿六歲胡姓男子二〇二二年參加新北市新店拳擊俱樂部舉辦的「大拳頭拳擊友誼賽」時，因頭部遭對手重擊，造成顱內大量出血、大腦位移，送醫不治。台北地檢署依過失致死罪嫌起訴俱樂部負責人、身兼國際一星拳擊教練、A級國家級拳擊教練及裁判的丁晧峯。台北地院一審判丁男無罪。案經上訴後，高等法院改依過失致死罪判丁男六月徒刑，得易科罰金，最高法院駁回上訴，全案定讞。新店拳擊俱樂部負責人為丁晧峯，丁男同時兼任拳館教練，二〇二二年七月卅十日在該拳館舉辦「第十一屆全國大拳頭拳擊友誼賽」，胡姓男拳手報名參賽，與廿九歲徐姓男子對戰。比賽開打期間，胡男在第二回合遭對手擊中右側頭部跌坐在地，起身後頭部又遭連擊，最終裁判判定徐男勝利。請繼續往下閱讀...胡男下場後，持續感到頭暈目眩，甚至意識模糊差點癱倒在地，胡男的女友見狀旋即聯繫救護車，待胡男被抬上救護車時已陷入昏迷，經搶救仍宣告不治，死因為顱內大量出血、大腦位移導致腦死。北檢偵辦後認為，比賽負責人丁男明知依國際拳擊總會技術和競賽規則，比賽應配置醫護人員在場，由醫師依國際拳擊規則附錄之「體檢合格證書」表列事項，評估選手適合參賽後，選手才能參賽，且賽後應由醫護檢查拳擊手狀態，隨時採取必要的救護，依過失致死罪起訴丁男。台北地院一審認為丁男罪嫌不足，判處無罪。案經檢方上訴後，高等法院認為，丁男未依照國際拳擊規則配置拳台醫師全程在場，而以選手自行出具健康聲明書方式便宜行事，致使胡男在比賽前，未能獲得醫師檢查及專業意見，也無法在拳賽過程獲得必要協助，讓胡男枉送寶貴性命，最終撤銷一審判決，改依過失致死罪判丁男六月徒刑，得易科罰金。全案上訴至三審，最高法院駁回上訴，全案定讞。    ,https://news.ltn.com.tw/news/society/paper/1767065
涉洗錢80億 國聲科技老闆等19人收押偵辦,社會,2026/08/18 05:30,國聲科技涉洗錢80億元，19人遭羈押。（資料照）第三方支付業者「國聲科技公司」涉嫌以合法登記業者為掩護，提供虛擬帳號代收代付詐欺贓款及賭資，不到兩年間經手不法金流至少八十億元，不法獲利上看三千萬元，負責人謝睿宸等十九人去年已遭羈押禁見，目前全案由台北地檢署持續偵辦。本案源於刑事局電信偵查大隊偵辦一起假檢警詐欺案，分析被害人的金流時，發現第三方支付業者疑與詐團、博弈業者合作，利用平台申請的虛擬帳號代收詐欺贓款及賭資，循線追出國聲科技。請繼續往下閱讀...檢警調查，國聲與鄧姓男子成立的科技公司簽訂金流服務契約，由鄧男的公司成為國聲特約商店，再透過國聲取得銀行及超商代碼業者派發的虛擬帳號、繳費代碼，提供詐團被害人及賭客入金，並將款項偽裝成遊戲點數等商品交易所得，藉此製造金流斷點、隱匿犯罪所得。檢警追查，金流自二〇二三年至二〇二四年累計至少八十億元，國聲並按筆收取〇．三％至〇．五％手續費，專案小組陸續在雙北、桃園及台中等地發動多波搜索，查獲謝男等十九人，並查扣一八七二萬餘元現金等證物。檢方訊後，認為謝睿宸及鄧姓負責人涉案重大、有串滅證之虞，兩人被依涉犯洗錢防制法等罪嫌聲押獲准，全案目前仍由北檢持續清查涉案人及犯罪所得，尚未偵結。☆自由時報電子報提醒您，防詐騙專線︰165，報案專線︰110☆    ,https://news.ltn.com.tw/news/society/paper/1767061
洩密給洗錢集團 遠銀女經理被訴,社會,2026/08/18 05:30,遠銀女經理涉洩漏檢舉人個資給國聲科技負責人，遭北檢依個資法起訴。（資料照）金管會函查 內鬼承辦人翻拍檢舉人個資遠東銀行經理黃秋宜承辦金管會函查案時，涉嫌翻拍陳情函，將檢舉人的姓名、電話及銀行回覆內容，傳給遭檢舉的國聲科技負責人謝睿宸；國聲事後遭查出涉嫌洗錢至少八十億元，謝男也遭羈押禁見。台北地檢署偵結，依違反個人資料保護法等罪起訴黃女。黃負責審查風控 涉違保密義務起訴指出，黃女於二〇二二年至二〇二三年間，在遠東銀行企金部擔任資深副理，二〇二四年起轉任該銀行板橋文化分行經理，工作內容包括審核第三方支付客戶帳戶及交易風險，並負有洗錢防制、金融監理及客戶資料保密等義務。請繼續往下閱讀...金管會二〇二三年接獲民眾陳情，指稱多間第三方支付公司疑協助詐欺、博弈集團代收代付，其中包括與遠東銀行有業務往來的國聲科技；金管會同年函請遠東銀行查復，由黃女負責調查以及審核回覆公文。洩密給國聲科技負責人謝睿宸檢方查出黃女因承辦金管會函查，取得陳情資料，明知陳情人身分、陳情內容及金管會函文均非公開資訊，且姓名、聯絡電話涉及個人隱私，仍翻拍載有陳情人姓名、聯絡電話的陳情函，以LINE傳給遭檢舉的國聲科技負責人謝睿宸。黃女隨後又將遠東銀行回覆金管會的函文內容擷圖後，以LINE傳送給謝男。警方去年十一月前往黃任職的遠東銀行板橋文化分行搜索，查扣客戶資料查詢單、陳情公文系統資料、銀行回函，以及黃持有的手機、筆記本及日曆等物。檢方偵查認為，黃涉犯非公務員洩漏國防以外秘密罪，以及非法利用個資罪，因屬一行為觸犯數罪的想像競合犯，依法從一重的個資法罪處斷。☆自由時報電子報提醒您，防詐騙專線︰165，報案專線︰110☆    ,https://news.ltn.com.tw/news/society/paper/1767060
假公安詐團誘騙中國人植入木馬竊卡／台首腦勾結銀樓盜刷1.1億2主謀求刑14年,社會,2026/08/18 05:30,勾結銀樓盜刷示意鑫膳公司實際負責人王順興涉組跨境盜刷詐欺集團，由境外詐欺機房利用「假公安」等手法，誘騙中國被害人在手機植入木馬程式，竊取銀聯卡資訊後，交由台灣刷手至配合的不肖銀樓刷卡，盜刷金額高達一‧一億元；新北地檢署依違反詐欺犯罪防制條例、洗錢防制法及組織犯罪等罪嫌起訴王男等十人，並對王順興及抽取廿％手續費作為報酬的新北中和「鎮鋐金銀珠寶店」負責人黃仁哲求刑各十四年。新北檢起訴10人檢警調查，本案犯罪模式為境外詐欺機房在Telegram等通訊軟體上，假冒「公安、檢察官」或「平台客服（稱要幫忙取消自動扣款）」，聯絡中國被害者，誘騙他們在手機裡安裝遠端控制（木馬）軟體，再透過木馬程式暗中攔截被害人的銀聯卡卡號、密碼及簡訊驗證碼。請繼續往下閱讀...王順興統籌盜刷 銀樓招募刷手檢方查出，綽號「大飛」的王順興負責在台統籌指揮，當舖業者林士豪負責招募刷手及尋找配合的采穎珠寶店負責人黃建豪加入，黃再依指示招募其他業者。待刷手取得遠端攔截到的銀聯卡卡號與驗證碼後，即前往鎮鋐、北市中山區安毅珠寶（招牌為采穎珠寶店）、台北市內湖區豪霖珠寶（招牌為東福金品店）及北市大安區星光精品等店家刷卡。檢方查出，黃仁哲、東福金品負責人蘇俊榮等業者，配合虛構黃金或精品交易假象，並從中抽取手續費作為報酬，等拿到金融機構撥款後，再將現金交由車手等人駕駛專用車輛遞送，以此設下斷點，掩飾犯罪所得來源。檢方統計已查明身分的十八名中國被害人，遭盜刷金額即達一四三九萬餘元；若從涉案銀樓的刷卡金額計算更高達一．一億元。專案小組先前發動多波搜索，已扣押約兩千一百萬元犯罪所得。集團對其餘被害者的詐欺部分，另案偵辦中。檢察官審酌，王男等人所為侵害我國金融支付制度安全，惡性重大，對王、黃求刑各十四年；其餘被告部分，林士豪、黃建豪求刑各七年、車手葉博文求刑六年。☆自由時報電子報提醒您，防詐騙專線︰165，報案專線︰110☆    ,https://news.ltn.com.tw/news/society/paper/1767063
高雄義享天地爆口角衝突  警到場意外逮獲通緝犯,社會,2026/08/18 00:41,高雄男子百貨內與店員爭執，查身分竟是一名通緝犯，被警方解送歸案。（民眾提供）高雄市義享天地百貨公司17日晚間20時發生民眾口角糾紛，警方獲報迅速派人到場排解，查證身分時意外查獲涉案黃姓男子（35歲）竟是通緝犯，當場依法將他逮捕歸案。鼓山分局於昨（17日）晚20時許獲報，轄內義享天地百貨公司內，發生1件民眾口角糾紛，警方迅速派員到場排解，於查證身分時意外查獲涉案男子為通緝犯，當場依法將其逮捕歸案。請繼續往下閱讀...經了解，黃姓男子（35歲）疑因對店家告示內容認知，失控與店員產生歧異，進而引發口角衝突，警方獲報到場了解狀況並控制現場秩序，現場店家表示不願提出告訴。員警依規定進一步查證黃男身分時，發現其為高雄地檢署所發布之通緝身分，遂當場依法逮捕，全案移送高雄地檢署偵辦。鼓山分局呼籲，民眾遇有消費糾紛應保持理性溝通，切勿意氣用事引發衝突；同時提醒民眾若有涉及訴訟案件，應留意司法機關之文書通知，如期到案說明，以免遭發布通緝。如遇突發狀況，請立即撥打110報案，警方將迅速到場提供協助。高雄黃姓男子百貨內與店員爭執，查身分竟是一名通緝犯。（民眾提供）    ,https://news.ltn.com.tw/news/society/breakingnews/5543226
實體資產代幣化、穩定幣進金融機構  專家：制度與信任是關鍵,社會,2026/08/17 23:27,鄭旭高現任萬旭控股集團董事長，具台灣、美國會計師及國際公認反洗錢師資格，長期投入數位資產、金融科技及反洗錢實務。此次受台灣金融研訓院與銀行公會邀請，以「台灣虛擬資產與反洗錢實務」為題演說。（記者劉詠韻翻攝）實體資產代幣化（RWA）、穩定幣等數位資產逐步走向金融機構，但「代幣化」只是第一步。台北數位資產商業同業協會理事長、台美會計師鄭旭高今指出，台灣虛擬資產監理正朝許可制發展，法律、會計、內控、洗防、保管及市場基礎設施均須到位，「技術可以創造代幣，信任才能讓它真正規模化」。鄭旭高指出，台灣虛擬資產市場近年從反洗錢法遵要求出發，監理架構正逐步朝許可制及制度化市場發展，未來金融機構若要進一步布局數位資產，監理重點也將不只是業者是否完成登記。請繼續往下閱讀...鄭旭高提到，RWA（現實世界資產代幣化）若要真正進入金融體系，背後必須同時處理資產法律權利、會計認列、內部控制、反洗錢機制、資產保管及市場基礎設施等問題；若缺乏完整制度支撐，即使技術上能完成資產代幣化，也難以形成具規模且可信賴的金融市場。在反洗錢實務方面，鄭旭高也談及KYC（認識你的客戶）、KYT（認識你的交易）及Travel Rule等制度整合。他認為，隨虛擬資產交易跨境程度升高，金融機構及數位資產業者除確認客戶身分，也須進一步掌握資金流向及交易風險。論壇另提及數位債券及穩定幣會計等議題，鄭旭高說，台灣若持續完善數位資產監理、反洗錢及市場基礎設施，有機會成為亞洲受監理數位金融的重要連結點；數位資產能否真正被金融機構大規模採用，關鍵終究不只在技術，而在制度能否建立足夠信任。本次論壇邀集克羅埃西亞、以色列、英國及台灣等地講者與專業人士，領域涵蓋金融科技策略、銀行、資本市場、數位資產、金融監理及國際資產管理，並與主管機關、金融業高階主管及產業人士交流。    ,https://news.ltn.com.tw/news/society/breakingnews/5543205
8/17 今彩539頭獎開6注！400萬獎落高雄、新北、台北,社會,2026/08/17 22:25,今日開獎的今彩539開出6注，威力彩頭獎則摃龜。（擷取自台彩官網、本報合成）8月17日開獎的第115000199期今彩539開出6注，由高雄市左營區榮佑路67號「享確幸彩券行」開出4注、新北市中和區連勝街17號「連勝彩券行」及台北市士林區德行東路188號1樓「珠珠彩券行」各開出1注。第115000066期威力彩頭獎則摃龜。第115000066期威力彩中獎號碼為「第一區：05、11、18、19、35、38，第二區：08」。頭獎摃龜；貳獎摃龜；參獎共6注中獎，每注可得15萬元；肆獎共38注中獎，每注可得2萬元；伍獎共269注中獎，每注可得4000元；陸獎共1502注中獎，每注可得800元；柒獎共3586注中獎，每注可得400元；捌獎共1萬9087注中獎，每注可得200元；玖獎共2萬1121注中獎，每注可得100元；普獎共3萬9791注中獎，每注可得100元。請繼續往下閱讀...第115000199期今彩539中獎號碼為「19、22、27、28、38」。頭獎共6注中獎，每注可得400萬元；貳獎共194注中獎，每注可得2萬元；參獎共7932注中獎，每注可得300元；肆獎共8萬4172注中獎，每注可得50元。第115000199期39樂合彩中獎號碼為「19、22、27、28、38」。四合開出4注，可得21萬2500元；三合共497注中獎，每注可得1萬1250元；二合共1萬7459注中獎，每注可得1125元。第115000199期3星彩中獎號碼為「354」。壹獎共48注中獎，每注可得5000元。第115000199期4星彩中獎號碼為「6753」。壹獎共8注中獎，每注可得5萬元。確切中獎號碼以台彩網站公告為主，請見「台灣彩券網站」。威力彩、今彩539、39樂合彩、3星彩、4星彩中獎號碼。（擷取自台彩官網）    ,https://news.ltn.com.tw/news/society/breakingnews/5543173
只差15公尺！休旅車闖平交道黃網線列車逼近 後車駕駛緊急按鈕煞停,社會,2026/08/17 22:10,休旅車一度停在平交道遮斷器內。（翻攝自____6o7@Threads）屏東縣南州鄉的台鐵平交道傳出有車輛要行經平交道時，竟停在範圍內，好在後車駕駛機警前去按警示鈴這才沒有造成傷害，不過，未讓平交道淨空還險被火車撞的過程，也被後車全都錄，鐵路警察局現正調閱沿線監視器，若確認有闖入黃網線，將開罰1.5萬至9萬不等的高額罰金。這起驚悚事件前天遭到後車駕駛披露，所PO出的影片顯見1輛黑色休旅車竟然已停在平交道遮斷器內，且當時就有一輛列車停在鐵軌上，若未即時停下，恐將形成可怕的車禍場面。據PO文者敘述，當時是事發車輛後方的車輛駕駛見狀，趕緊下車按下平交道旁的緊急按鈕通知火車這才煞住，眼見火車無法通過，事發車輛的副駕駛才下車指揮讓黑色休旅車往後退出平交道範圍。請繼續往下閱讀...對此，鐵路警察局高雄分局回應，該案據判斷是發生在南州勝利路的平交道，未接獲後方車輛的檢舉，台鐵公司亦未通報，因此無法了解實際發生的日期及時間，但發現有這樣的事故後，已向台鐵公司申請平交道監視器的影像，若確認有在黃網線上臨停的情事，可依《道路交通管理處罰條例》開罰1.5萬元至9萬元不等罰鍰，並且吊扣駕照1年。該分局強調，黃網線的設置就是要提醒用路人要保持平交道淨空，警方舉例，若因前方塞車而正好行駛到平交道上，列車恐攔腰撞上，後果不堪設想，因此不要跟在車龍後方，所有車輛應在停止線前保持平交道淨空，直到平交道可確定通過時再通行，才不會釀成道安危機。    ,https://news.ltn.com.tw/news/society/breakingnews/5543145
婦人西門町點1800元肉蟹煲吃「霸王餐」 店家：她很冷靜應是慣犯,社會,2026/08/17 21:54,警方將林婦逮回派出所。（記者王冠仁翻攝）林姓婦人今天下午前往台北市西門町一家新開幕的餐廳，在店內大啖招牌肉蟹煲，總共消費1800多元，但她吃完後雙手一攤，告訴店家自己沒有帶錢，店家無奈之餘只好報警。轄區警到場後她仍表明自己沒有帶錢、無法付費，警方只好將她逮捕帶回派出所，將她依詐欺罪嫌送辦。被害店家今天下午在社群上發文表示，今天店裡有人吃霸王餐，感覺對方是慣犯因為她很冷靜，希望所有西門町店家都別遇到她。請繼續往下閱讀...北市警萬華分局西門町派出所今天下午3時許接獲報案，被害店家聲稱店內有人吃飯不付錢，需要警方到場協助。轄區員警到場後，發現原來當時林姓婦人自行進入店內消費，她大啖肉蟹煲等美食後，卻告訴店家無力負擔1800元餐費，讓店員相當傻眼，只好報警。據悉，林婦聲稱自己因為肚子太餓，才會進入店內消費，但因為沒帶錢沒辦法付帳。她過去有多起詐欺前科，但近期是首次在西門町地區吃霸王餐，警方不排除她是吃霸王餐的慣犯，過去可能都在其他地方以相同手法犯案。    ,https://news.ltn.com.tw/news/society/breakingnews/5543153
國二赴日移訓遭知名滑冰教練猥褻 女提告被反控「誹謗」一封信成鐵證,社會,2026/08/17 21:38,施男長年活躍國內花式滑冰圈，本身為退役花滑選手，曾任滑冰協會理事，並長期從事選手培訓、帶隊參賽及海外移訓，在圈內具高知名度。示意圖。（資料照）長年活躍國內花式滑冰圈、曾帶選手赴海外訓練的施姓教練，2013年帶2名國二女學生赴日移地訓練，涉嫌趁夜同房時伸手撫摸其中1人胸部及下半身。被害人多年後在社群平台揭露往事，並拿出施男當年道歉郵件提告；施男反控誹謗，台北地檢署偵結後依強制猥褻罪起訴施男，被害人妨害名譽部分則獲不起訴。據了解，施男長年活躍國內花式滑冰圈，本身為退役花滑選手，曾任滑冰協會理事，並長期從事選手培訓、帶隊參賽及海外移訓，在圈內具高知名度。被害人案發時仍就讀國二，因當時國內花式滑冰訓練資源有限，2013年暑假與另名女同學跟隨施男赴日本訓練；返台前兩天，施男以另一房間需晾衣為由，提議與2名國二女學生3人同房，當晚更拿出一瓶紅酒，邀2名未成年學生「試試味道」。請繼續往下閱讀...被害人指控，當晚入睡後突然察覺有人從背後將手伸進衣服內撫摸胸部，隨後一路往下觸碰下半身。她當下不敢反抗，只能背對施男低聲啜泣，直到施男發現她醒著後離開房間，她才立即叫醒睡在一旁的同學，哭著說出遭遇。2名少女當時年紀尚小，不知如何處理，事件也未立即曝光。返台後，施男曾以酒後誤認被害人為前女友為由致歉；被害人則獨自承受數月後才向家人說明，之後退出滑冰圈，回歸一般學生生活。這段往事沉寂逾10年，直到2025年底，被害人才在社群平台上公開當年遭遇。她表示，後來聽聞自己可能並非唯一受害者，加上希望下一代能有「沒有騷擾的滑冰夢想」，因此決定不再沉默，並將施男當年親自寄出的道歉郵件等資料交給檢方，正式提出告訴。施男在貼文曝光後隨即於臉書發文澄清，否認相關指控，甚至反控被害人涉嫌誹謗。不過，檢方調查當年同行女學生等證人說詞、雙方陳述及施男留下的道歉郵件後，認定施男涉有對未成年女學生強制猥褻犯嫌，依法提起公訴；至於施男反告被害人妨害名譽部分，則予以不起訴處分。    ,https://news.ltn.com.tw/news/society/breakingnews/5543140
8/17 威力彩頭獎2.8億 今彩539獎號也出爐,社會,2026/08/17 21:09,威力彩開獎號碼。（擷取自三立iNEWS《全民i彩券》）今天（8月17日）台彩各項開獎獎項及獎號。威力彩：05、11、18、19、35、38，第二區：08。請繼續往下閱讀...今彩539：19、22、27、28、38。39樂合彩：19、22、27、28、38。3星彩：354。4星彩：6753。確切中獎號碼以台彩網站公告為主，請見「台灣彩券網站」。今彩539、39樂合彩開獎號碼。（擷取自三立iNEWS《全民i彩券》）3星彩開獎號碼。（擷取自三立iNEWS《全民i彩券》）4星彩開獎號碼。（擷取自三立iNEWS《全民i彩券》）    ,https://news.ltn.com.tw/news/society/breakingnews/5543120
大巨蛋百貨爆全武行！取貨等太久起口角 女拍落手機釀2男互毆,社會,2026/08/17 21:04,百貨員工友人與顧客衝突，警方到場了解。（記者姚岳宏翻攝）台北市大巨蛋遠東百貨昨天下午4時許爆發肢體衝突，1對夫妻前往某專櫃取貨時，因等候問題與店員的友人發生口角，過程中，對方持手機拍攝引發女方不滿，直接動手拍落手機，隨即引爆兩名男子推擠互毆，雙方事後互不提告，但警方仍將涉案二男依違反社會秩序維護法送辦。轄區信義警分局三張犁派出所於昨天下午4時32分獲報，忠孝東路四段的百貨公司內有民眾打架，警方到場了解，發現是45歲的陳姓女子與46歲的梁姓丈夫，為取貨問題與專櫃店員的31歲譚姓友人發生爭執，譚男拿出手機對著陳女錄影，陳女氣憤下將手機拍落，護妻心切的梁男立刻上前與譚男推擠打鬥，2人皆受到輕微擦挫傷。請繼續往下閱讀...當時有目擊民眾錄下衝突過程上傳網路，表示感覺陳女疑似被激怒，才引發後續衝突，讓目擊者直呼大熱天大家都情緒起伏很大。警方表示，由於雙方冷靜後，皆表明不願提出傷害告訴，警方釐清案發經過後，依社會秩序維護法第87條互相鬥毆將梁男與譚男移請裁處，警方也呼籲，遇有消費糾紛應保持理性溝通，切勿因一時情緒失控而觸法。    ,https://news.ltn.com.tw/news/society/breakingnews/5543113
狠母將新生兒從11樓推落慘死 檢證實男嬰足月活產是「殺人」,社會,2026/08/17 20:41,台中市夏姓女子（左）前年11月剛產下男嬰，和男嬰生父吵架後，竟將他從11樓推下慘死，台中地院國民法庭開庭，夏女辯護人主張觸犯刑度較輕的「生母殺嬰罪」。（資料照）台中夏姓女子（24歲）前年11月28日凌晨3點多，在房間產下一名足月男嬰，因和男嬰的生父爭吵，一氣之下竟將剛出生，有呼吸、生命跡象的兒子，以毛毯包裹放置在11樓房間窗框，再將男嬰向外推落，墜落社區花圃，直到當天9點才將全身多處骨折出血死亡的男嬰送醫，檢方依成年人故意對兒童為殺人罪起訴。台中地院國民法庭今天開庭，檢方依法醫解剖證據，證實男嬰足月、肺泡已擴張是活產；夏女辯護人則主張，是因「不得已的事由」才犯案，觸犯的是刑度較低的「生母殺嬰既遂罪」而非「殺人罪」。台中太平新吉路一處社區，前年11月28日凌晨3點多，一名剛出生的男嬰遭夏姓生母（23歲）從11樓窗戶（約35公尺高）推落社區花圃，夏女的乾爸、乾媽因不知她懷孕，一度相信房間滿地鮮血是月經血崩，直到後來察覺有異，才在當天上午9點左右，由乾媽陪同夏女到花圃將已經死亡的男嬰撿起放進袋子裡。請繼續往下閱讀...送醫後發現男嬰全身多處骨折出血、臟器損傷明顯死亡，原以為是單純意外，不過醫護人員認為傷勢不單純通報市府社會局，經深入追查才發現竟是一樁狠心的生母殺兒案。檢警調查，夏女和莊姓男子交往，先在2023年9月生下長女，2人後來在2024年3月分手，不過當時夏女已經懷有身孕，並在前年11月28日凌晨3點多，在太平區住處11樓的房間內，順利產下足月的男嬰，不料卻和莊男爭吵，一氣之下，以毛毯包裹有生命跡象的男嬰，先放置在11樓房間窗框，再將男嬰向外推落，墜落社區花圃不治，台中地檢署偵辦後，依成年人故意對兒童為殺人罪起訴。台中地院國民法庭今天開庭審理，進行證據調查，檢方提示法醫採證鑑識報告，顯示男嬰身高50公分、體重2590公克是足月產，且解剖肺部、胃部再放入水中，器官會上浮，代表肺泡已經擴張，是活產，認為夏女是觸犯成年人故意對兒童為殺人罪。夏女辯護人則強調，夏女確實做錯了，不過是因長期、多方壓力而出現「不得已的事由」，主張觸犯的是刑法274條第1項的生母殺嬰既遂罪，希望為她爭取緩刑的機會。    ,https://news.ltn.com.tw/news/society/breakingnews/5543096
東海大學前汽機車相撞 女騎士傷重送醫搶救中,社會,2026/08/17 20:16,台中黃姓男子今天中午駕駛休旅車行經台灣大道、東大路一段路口時，撞上賴姓女子機車，賴女一度沒有呼吸心跳，送醫搶救後恢復心跳。（記者陳建志翻攝）台中市黃姓男子今天接近中午時，駕駛休旅車沿台灣大道快車道至東大路一段路口時，要變換車道至慢車道，卻與沿慢車道直行，由魏姓女子騎乘的機車相撞，魏女當場沒有呼吸心跳，所幸送醫搶救後恢復心跳，目前仍在醫院搶救中。詳細肇事責任和原因，警方將進一步釐清。這起車禍發生在今天上午11點49分左右，當時黃姓男子（69歲）駕駛休旅車沿台灣大道快車道至東大路一段路口時，要變換到慢車道往國際街行駛，此時行駛在台灣大道慢車道往國際街方向直行的魏姓女騎士（26歲），剛好騎乘機車行經該路口，撞上黃男的右前車頭倒地。請繼續往下閱讀...魏女被撞後傷勢嚴重，當場沒有呼吸心跳，黃男則沒有受傷，救護人員立刻將她送醫急救，所幸在搶救後恢復心跳，目前仍在醫院搶救觀察中。黃男經酒測並無酒精反應，魏女則報請檢察官抽血檢測，詳細肇事原因和責任，將由警方相關單位鑑定後釐清。    ,https://news.ltn.com.tw/news/society/breakingnews/5543061
澎湖機場「猴子」出沒 機車直接騎上風雨走廊已觸法,社會,2026/08/17 19:37,澎湖機場風雨走廊，是行人步行專用道。（記者劉禹慶攝）澎湖主要出入門戶-澎湖機場，今（17）日竟傳出「猴子」出沒，直接將機車騎上風雨走廊，目測有5部機車，拍攝者以「進化」為題，暗諷猴子已進化到直接騎車進機場，由於攸關澎湖門面，不僅有礙觀瞻，更已明顯觸法，馬公航警所表示，將調閱監視錄影畫面，依照道路交通管理條例，判定是臨時停車還是違規停車，依法進行開罰。根據了解，澎湖機場設有機車收費停車場，採車牌辨識系統進出，提供24小時開放停車服務。收費標準為停放30分鐘內免費，超過30分鐘者每日每次收費20元（逾日另計），機車停放數達1812輛，非連續假期不會飽和，同時30分鐘內免費停車，為何還要騎上風雨走廊？令人相當質疑。請繼續往下閱讀...依照照片判讀，疑似觀光客租用機車，直接騎上風雨走廊，其中1輛機車上還有1名女子坐在車上，另有2男1女散立在車旁，狀似在等人，初步判斷首次抵澎，不太熟悉路況，因此未妥善利用機車停車場，反而直接騎上風雨走廊，但正常應停在路旁，不用直接在風雨走廊上等人。針對「猴子」出沒機場風走廊，馬公航警所表示，要依實際狀況判定是臨時停車還是違規停車，道路交通管理處罰條例第55條規範汽機車駕駛人違規臨時停車行為，處新臺幣300元以上、600元以下罰鍰。道路交通管理處罰條例第56條主要規範汽車與機車的違規停車行為。一般違停處新臺幣600至1200元罰鍰，民眾直接將機車騎上去澎湖機場風雨走廊，馬公航警所將調閱監視器畫面開罰。（CreativeElk6240 提供）    ,https://news.ltn.com.tw/news/society/breakingnews/5542756
擅拆醫療約束、暴吼護理師「他是林姿妙秘書」 莽男探病下場曝,社會,2026/08/17 19:26,宜蘭莊男到羅東博愛醫院（見圖）病房探視友人，妨害護理師執行醫療業務，被法官判處有期徒刑2月。（記者江志雄攝）宜蘭莊姓男子到羅東博愛醫院病房探視陳姓友人，見陳男被施以醫療約束而心生不滿，向藍姓護理師大聲咆哮說，「知道病人是誰嗎？他是林姿妙縣長的秘書」等語，並擅自拆除醫療約束，妨害護理師執行醫療業務。法官認定他違反醫療法，處有期徒刑2月，得易科6萬元罰金。檢方調查指出，2024年10月25日下午1點多，莊姓男子前往羅東博愛醫院住院大樓11樓病房探視陳姓友人，見陳男遭院方施以醫療約束心生不滿，明知在場的藍姓護理師正在執行醫療業務，竟基於妨害執行醫療業務犯意，向藍女大聲咆哮「知道病人是誰嗎？他是林姿妙縣長的秘書」等語。請繼續往下閱讀...接著，莊男未經許可，擅自協助陳男拆除醫療約束，藍姓護理師雖然心生畏懼，仍上前制止其拆除約束行為，莊男又大叫說，「不要碰病患」等語，妨害藍女執行醫療業務。警方接獲報案後介入偵辦，莊男接受偵訊時坦承不諱，檢察官將他起訴，聲請簡易判決處刑。宜蘭地院法官認為，莊男對於醫事人員以非法之方法，妨害其執行醫療業務，處有期徒刑2月，得易科罰金。可上訴。    ,https://news.ltn.com.tw/news/society/breakingnews/5543038
赴港出席政治活動被砍月俸！臧幼俠提告抗罰遭打臉 法院：確有其事,社會,2026/08/17 19:12,國民黨前黃復興黨部主委、退役少將臧幼俠。（資料照）國民黨前黃復興黨部主委、退役少將臧幼俠前年參加中國和平統一促進會在香港舉辦的全球華僑華人促進中國和平統一大會，甚至在活動中起立聆聽中國國歌，經國防部決議，裁罰其停止領受5年月退給與75%。臧幼俠不服，提起行政訴訟，台北高等行政法院勘驗影像後，確定臧參與該活動，期間也有起立聆聽中國國歌，認定國防部作成原處分合法有據，判決臧幼俠敗訴。可上訴。判決指出，臧幼俠於民國93年7月16日退伍後領有退休俸等，然而，他卻於民國113年8月20日參加中國和平統一促進會在香港舉辦之全球華僑華人促進中國和平統一大會，並於活動中起立聆聽中國國歌。請繼續往下閱讀...國防部審議後，認為臧幼俠已違反台灣地區與大陸地區人民關係條例，處以5年停止領受月退休給與75%，並自113年8月20日生效。也就是說，自當日起，臧幼俠本高達9萬多元的月退俸將剩下2萬多元。並通知國防部國軍退除役官兵輔導委員會所屬退除給付處、公務人員退休撫卹基金管理局、臺灣銀行，爰請各支給機關依陸海空軍軍官士官服役條例規定，辦理停止發放及追繳作業。113年10月間，退輔會及基金管理局相繼發函臧幼俠，通知其將113年8月20日到10月31日這段期間匯入他帳戶的退休金共8萬7308元；於台灣銀行帳戶中，從113年8月20日到9月30日這段期間，因為優本金233萬6000元而得之優存利息3萬7991元；期間溢領之新制退除給與3萬7410元，3項共計16萬餘元繳回。當時，臧幼俠曾透過律師發聲明指出，並無所謂「起立聆聽中國國歌等行為」的事實，且他手上也有錄音及錄影可資為憑，認為國防部未能究明事實，在毫無具體事證的情形下對其處分，實在難能苟同，並表示將依法提起救濟。後續，臧幼俠分別向行政院、銓敘部提出訴願，但均被駁回，於是提起本件行政訴訟。法院認為，臧幼俠為陸軍少將，退伍後支領退休俸等退除給與，為兩岸條例規定之少將以上人員，有原告基本資料附卷可參。臧幼俠自承曾於系爭活動會場簽到，並進入場內等語。且勘驗國安局蒐證照片後，確認臧幼俠確實於113年8月20日出席參加經大陸委員會公告屬大陸地區大眾傳播體系組織、具有準官方性質之社會團體，為具政治性之機關、團體之中國和平統一促進會在香港舉辦之活動。法院指出，在現場播放大陸地區國歌期間，臧幼俠有起立聆聽致敬之妨害國家尊嚴行為，並有違反兩岸條例規定之行為，國防部等作成原處分，辦理停止發放部分退休給與及追繳溢領優存、註銷獎章及執照作業，應屬合法有據，訴願決定遞予維持，亦無不合，因此判處臧幼俠敗訴。全案仍可上訴。    ,https://news.ltn.com.tw/news/society/breakingnews/5543031
疑投資失利！彰化地院員工陳屍辦公室  院方啟動心理諮商,社會,2026/08/17 19:10,彰化地院員工陳屍辦公室，院方已啟動心理諮商。（記者陳冠備攝）彰化地方法院昨（16日）下午發生男員工陳屍辦公室憾事，今（17日）上午檢察官會同法醫相驗，初步排除外力介入。院方表示，依據現場情況及檢警蒐集的相關遺留資訊，研判事件疑與死者個人投資因素有關。院方強調，此事件與工作壓力、職場環境、同事相處或職場霸凌無關，家屬對相驗結果沒有異議。據了解，死者為彰化地院辦公技術類員工，昨日下午被同仁發現時已無生命跡象，院方獲報後立即通知家屬到場，同時配合檢警進行現場調查及相關採證。請繼續往下閱讀...彰化地院表示，檢方今日完成相驗，排除死者因其他外力死亡；綜合現場情狀及檢警蒐集的遺留資訊，初步研判其選擇結束生命的原因，應與個人投資因素有關。事件發生後，彰化地院已啟動院內關懷支持機制，委由諮商心理師為事發時在場、受到衝擊的同仁提供心理諮商，今日下午已完成首波個別諮商。後續將視諮商情況持續提供協助，並啟動團體諮商程序，為受影響同仁進行心理輔導。彰化地院強調，院長及同仁對此憾事均深感不捨與難過，院方將持續關懷並提供家屬必要協助。    ,https://news.ltn.com.tw/news/society/breakingnews/5543030
當街砍死妻子、小姨子！土城家暴男開庭泣不成聲 家屬斥：鱷魚的眼淚,社會,2026/08/17 18:50,去年在新北市土城區當街殺死妻子、小姨子的謝姓男子。（資料照）​​46歲謝姓男子去年在新北市土城區當街砍死妻子、小姨子，震驚社會，檢方依刑法殺人等罪起訴謝男，新北地院國民法官庭從今日下午一連5天審理，謝男坦承犯行，跟之前開庭一樣，開庭時幾乎整庭都在哭泣，家屬今日庭訊時看完謝男完整行兇畫面傷心不已，庭訊後受訪時直呼殘忍，希望法院判他死刑，並批評謝的哭泣是「鱷魚的眼淚」。檢警調查，去年5月17日晚間11時許，謝男曾對張姓妻子施暴，被害者向新北地院聲請民事保護令獲准，怎料，7月6日下午1時許，謝男前往張女住處打算搬走私人物品時，又與張女口角，這次他在住處外怒摔存錢筒，張女嚇傻報警，警方依違反保護令將謝男送辦，檢方訊後無保請回。請繼續往下閱讀...檢警調查，謝男當晚就購買凶器，隔日即7日開車前往妻位於土城住處附近停留，約上午11時許，見妻及小姨子騎機車雙載，竟直接開車衝撞並持廚刀、小鋁棒攻擊2人致死，他犯案後隨即逃離現場並沿途丟棄凶刀、鋁棒，因發現被警方尾隨，奔往彰化分局伸港派出所投案，聲稱自己有精神疾病。檢方將他聲押禁見獲准，並於同年8月間依殺人罪嫌起訴；移審時，謝男嚎啕大哭說自己很後悔，每天都有念經迴向給死者，還對法官說：「我願意面對，願意死刑，我欠她們的，我是罪人，只能用我的命才能夠賠她們。」但今日庭訊真正面對國民法官時，他則隻字未提判他死刑。今日庭訊時，謝男認罪，其辯護人主張謝並無攻擊路人，還攻擊檢方以大螢幕呈現等方式，讓國民法官看相關行兇細節；檢方反擊，若不透過血腥畫面，真相無法被還原；針對謝未攻擊路人，檢察官直接回應：「難道路人要感謝不殺之恩嗎？」    ,https://news.ltn.com.tw/news/society/breakingnews/5543008
非女大生？趙建銘新女友「沒有那麼嫩」,社會,2026/08/17 18:38,傳趙建銘離婚揪友開單身趴，疑「女大生」新女友真實身分曝光。（民眾提供）前總統陳水扁女兒陳幸妤開撕前夫趙建銘，痛斥趙對妻兒無情無義，更驚爆趙建銘在結婚期間就喜歡「多線發展」感情，甚至與診所女助理許芊芊糾纏不清，大搞男女關係；如今外界盛傳趙交新女友，引起大家好奇傳聞中「女大生」是誰？據《壹蘋新聞網》報導，一名自稱丈夫是趙建銘好哥們的女性友人爆料，趙去年離婚曾與好友在台南舉辦單身趴，丈夫也受邀參加，並坦言曾看過趙建銘新歡的照片，認為對方「沒有那麼嫩」，並透露從外觀及談吐判斷，「對方應該已經出社會，未必是在學大學生」，表示2人目前比較接近「男追女」的狀態，目前為曖昧階段，並非已經正式確認交往的情侶關係，而趙建銘手機裡有不少與這名女性的合照。    ,https://news.ltn.com.tw/news/society/breakingnews/5542993
提議趙建銘診所旁封街演《鍘美案》網友喊：封路順便辦桌 ,社會,2026/08/17 18:19,網友發文詢問封路上演《鍘美案》引起熱烈討論。（擷取自threads）陳幸妤近日爆料前夫趙建銘婚姻期間涉及男女關係爭議，話題持續延燒，有網友突發奇想，喊話「封五妃街」邀請劇團演出《鍘美案》，讓婚變話題意外歪樓成「封街看戲」。警方表示，截至目前未接獲相關路權申請，現階段無封街活動。隨著陳幸妤爆料婚變話題持續發酵，網友也展現無限創意提議，請明華園在趙建銘診所附近封路演《鍘美案》，引發討論，有人考量預算建議可以找其他戲團合作，甚至有人直接秀出已私訊知名劇團詢價的截圖，讓網友直呼：「同溫層開始集資了，這種精神跟行動力真的讓我愛到皮皮挫、」「封路順便辦桌」、「要集資的話我出5000」。相關轄區警方回應表示，截至目前尚未接獲五妃街申請路權或辦理相關活動。    ,https://news.ltn.com.tw/news/society/breakingnews/5542970
還好記性差！屏東71歲嬤網購水果遭詐騙  ATM操作忘記密碼,社會,2026/08/17 18:13,員警苦勸阿嬤不要受騙。（屏東警分局提供）屏東71歲陳姓阿嬤在網路看到販售便宜新鮮水果的廣告，與賣家聯繫後，依指示點選對方提供的「賣貨便」連結購買，卻發現網頁不斷顯示操作錯誤，要求聯繫客服，阿嬤與客服聯繫後，對方竟要求她前往ATM，依照指示進行操作。幸好阿嬤一時想不起密碼，到銀行詢問被行員察覺情況有異，通報警方讓阿嬤沒被詐騙。屏東警分局民族派出所接獲通報，合作金庫銀行屏東分行有阿嬤遭詐騙，警方到場了解，研判阿嬤遭遇的情況極可能是詐騙集團利用假網頁、假客服誘騙操作ATM的手法，除當場向阿嬤說明相關詐騙手法，也協助其封鎖、刪除可疑賣家，避免後續受騙，成功阻止阿嬤進一步遭詐。請繼續往下閱讀...屏東分局呼籲，勿任意點擊陌生連結，也不要依照陌生「客服」指示操作ATM、網路銀行或提供帳戶、密碼及驗證碼，若遇到「操作錯誤」、「帳戶異常」等情況，要求透過ATM解除設定或繳費，都是常見詐騙話術，務必提高警覺；如有疑問，可撥打165反詐騙專線查證，以免一時疏忽讓辛苦積蓄落入詐騙集團手中。    ,https://news.ltn.com.tw/news/society/breakingnews/5542960
簽證過期硬要登機遭拒失控 越女襲警奪槍不成被壓制上銬,社會,2026/08/17 18:05,警方壓制逮捕襲警的越南女子。（記者洪定宏翻攝）43歲阮姓越南女子因簽證過期，在高雄機場硬要登機遭拒，竟情緒失控攻擊員警、更試圖搶奪警槍，警方當場壓制逮捕上銬，依妨害公務罪嫌法辦。航警局高雄分局表示，今天上午10點多，阮女欲搭乘班機前往越南胡志明市，在高雄機場國際線出境大廳櫃台辦理登機手續過程，航空公司票務人員發現她的簽證逾期無法辦理登機。請繼續往下閱讀...阮女突然情緒失控，搗亂櫃檯物品，員警趨前制止，但阮女毫不理會，不僅攻擊員警臉部及腰部，還抓扯衣物，更試圖搶奪警槍，員警將她壓制上銬逮捕，依妨害公務罪嫌法辦。    ,https://news.ltn.com.tw/news/society/breakingnews/5542932
警察也中招！eTag莫名儲值驚覺車牌被偽造  他教3步驟自救,社會,2026/08/17 17:32,屏東員警「芋圓爸」教大家，遇到車牌被盜用時一定要先報警。（記者葉永騫攝）屏東員警「芋圓爸」在警察局上班，汽車停在家中，信用卡帳單卻莫名自動eTag儲值800元，一查才發現有多筆不是「芋圓爸」使用的通行紀錄，報案後經警方調閱監視器確認，真的有一台同款、同色的車，掛著偽造「芋圓爸」的車牌在外面趴趴走，也就是俗稱的A、B車，「芋圓爸」PO文教大家處理方法。屏東縣監理站表示，已將使用偽造車牌的車輛列管，對於被害人盡量給予協助。「芋圓爸」表示，發現車牌遭他人偽造、變造或冒用時，一定要先報警，警方會協助受害人完成刑事報案，開立刑事案件報案證明（三聯單）；接著就要到監理站說明車牌被盜用，凍結罰鍰、免予先行繳納並順利撤銷錯誤罰單，並且換發新車牌，阻斷違規及刑事責任；後續也要注意有沒有罰單、扣款及刑事相關的通知。請繼續往下閱讀...屏東監理站說明，民眾只要報案車牌被盜用，監理站都會全力協助，換牌照今年免費，也會向偽造車牌之車輛納入警方的查緝網絡，橫向通報全國各轄管之交通執法單位加強取締；而警方的M-police系統將與監理機關同步，該車牌一旦出沒在道路上，能第一時間觸發系統警示，通報線上警力進行攔截圍捕。屏東縣警局交通隊表示，統計去年屏東取締偽變、造號牌及懸掛他車號牌等相關違規，計有230件；今年到7月已取締112件。發現車牌被盜用後一定要去換牌。（取自Threads/Oyuandd芋圓弟弟）    ,https://news.ltn.com.tw/news/society/breakingnews/5542885
彰化男毒駕違停撞警車逃逸 警開7槍抓人 驗尿毒品濃度高,社會,2026/08/17 17:21,林男於6月底毒駕違停遇警盤查，竟衝撞警車，還倒車撞擊一旁貨車，經警方連開7槍才被制服。（警方提供）彰化縣林姓男子今年6月吸食海洛因、安非他命等毒品後開車上路，因違規停在紅線遭警方盤查，竟猛踩油門，衝撞警車企圖脫逃，員警在緊急下，連開7槍並擊破副駕駛座車窗逮捕林男，採尿化驗的毒品濃度很高。彰化地方法院依毒駕、駕車妨害公務執行罪，分別判處有期徒刑5月及1年2月。判決書指出，林男於今年6月30日下午施用安非他命，翌日凌晨3時又將海洛因摻入香菸吸食，林男明知吸食毒品，仍駕駛懸掛其他車輛車牌的轎車上路，7月1日凌晨3時5分，林男將車違規停在員林市大饒路659巷口紅線，因形跡可疑，遭巡邏員警發現並上前盤查。請繼續往下閱讀...林男擔心毒駕曝光，竟駕車衝撞停在前方的警車，造成車頭、車牌受損，接著又倒車衝撞後方轎車、機車及一面告示牌。員警見情勢危急，立即朝車輛射擊7槍示警，擊破副駕駛座車窗後，才將林男及車內胡姓乘客制伏。警方在車內查獲海洛因2包、安非他命1包、摻有海洛因的香菸等毒品。警方也對林男進行毒駕，尿液驗出安非他命、甲基安非他命及嗎啡陽性反應，濃度分別達每毫升1980奈克（ng/mL）、22280奈克與17600奈克，均遠超過法定標準。法官審理，林男雖無毒駕前科，但曾有多次施用毒品紀錄，明知毒駕有害交通安全，且為逃避查緝又駕車衝撞警車及其他車輛，嚴重妨礙員警執行勤務；考量林男坦承犯行，並自述已賠償損失，依不能安全駕駛動力交通工具罪判處有期徒刑5月（得易科罰金），另依駕駛動力交通工具妨害公務執行罪判處有期徒刑1年2月。    ,https://news.ltn.com.tw/news/society/breakingnews/5542825
許芊芊被爆與趙建銘爽遊北海道稱「員旅」 律師分享2出軌案例渣夫皆敗訴,社會,2026/08/17 17:04,前總統陳水扁女兒陳幸妤自曝得知當時趙建銘帶許姓女護理師出國時，難道不會想氣到拿刀砍老公嗎？（記者王俊忠攝）前總統女兒陳幸妤與前夫趙建銘的離婚紛爭引發關注，有媒體報導，陳幸妤曾多次期盼全家出國旅遊，但未能如願，趙建銘卻曾與護理師許芊芊去日本北海道旅遊。許女事後向陳幸妤說，北海道的旅遊和另次的歐洲行程都是員工旅遊。律師房彥輝表示，如明知交往對象為他人配偶，或配偶行為不誠實而破壞婚姻，受侵害者將可依法請求賠償，並分享2起荒唐的出軌案例。名綸法律事務所主持律師房彥輝指出，配偶權，是指配偶間因婚姻關係互負保持共同生活圓滿安全幸福之忠實義務為內容之權利。婚姻是以夫妻之共同生活為其目的，配偶應互相協力保持其共同生活之圓滿安全及幸福，而夫妻互守誠實，是為確保其共同生活之圓滿安全及幸福之必要條件，故應理解為配偶因婚姻契約而互負誠實之義務。請繼續往下閱讀...房彥輝提醒，如明知交往對象為他人之配偶，或配偶之一方行為不誠實，互動方式已逾社會一般通念所能容忍之範圍，而達破壞婚姻共同生活圓滿安全及幸福之程度，即屬違反上開忠實義務或婚姻契約義務之侵害配偶權行為，受侵害之一方因此所受精神上痛苦，自得依法請求賠償。房彥輝也分享2起相關案例。其一為一名妻子指控，丈夫經常不接電話，報備行蹤也與信用卡消費地點對不上。甚至還有名女子多次深夜來電丈夫。之後，妻子更陸續發現丈夫與該女子多次投宿飯店、旅館及民宿，家中甚至出現旅館標籤的沐浴用品。妻子提告主張，丈夫不僅與女子在外同居，還曾被目擊在購物商場親密挽手同行，已嚴重侵害她的配偶權。丈夫則強調，女子是自己的學生，雙方僅是師生情誼，並指對方因行動不便且罹患多種疾病，需要他協助攙扶；住宿部分，丈夫否認與女子同房，稱自己皆睡在車上，沒有任何婚外情或侵害配偶權情事。不過，法院審理後並未採信其說法，判決妻子勝訴。另起案件，當事人指控配偶與一名女子發展婚外情，但配偶辯稱，該女子其實是友人安排的「商業伴遊」雙方互不相識，且同行出遊時現場還有另外兩名友人。其配偶主張，徵信社拍攝畫面刻意避開其他同行者，營造單獨約會的假象，且即使兩人有牽手、摟腰、餵食等互動，也只是商業伴遊過程中的正常行為，並未同房過夜、無侵害配偶權。女子也表示，只是提供商業伴遊服務，不知對方已婚，無刻意介入婚姻。法院審理時雖認定，原告在分居後於配偶住處外裝設監視器，長期拍攝出入狀況，已侵害隱私，證物不具證據能力，但仍從其他證據發現，兩人出遊期間不僅牽手、挽手逛街、親密餵食，還有搭肩、摟腰甚至觸碰臀部等行為，一審認定配偶須負損害賠償責任，但因無法證明女子知悉對方已婚判其免賠；全案目前仍由二審審理中。    ,https://news.ltn.com.tw/news/society/breakingnews/5542819
騎代步車上福和橋被機車追撞 男下車撿東西「2撞」3人輕傷,社會,2026/08/17 17:04,陳男騎乘四輪電動代步車，行經新北市永和福和橋時遭追撞，陳男隨後下車撿取散落物，又遭到疾駛而來的黃姓騎士撞上，造成3人受傷。（記者陸運鋒翻攝）陳姓男子昨天騎乘四輪電動代步車，行經新北市永和區福和橋機車道時，遭到後方王姓騎士追撞，但陳男在事故發生後，下車撿取散落物時，又遭到疾駛而來的黃姓騎士撞上，造成3人受傷，所幸自行就醫後已無大礙，詳細事故原因仍有待釐清。永和警分局調查，48歲陳男昨早騎四輪電動代步車外出，沿福和橋機車道往台北市方向行駛，途中遭27歲王姓騎士從後方追撞。由於事故現場殘留車體零件，陳男下車走向後方撿取時，又遭到26歲黃姓騎士撞上，路過民眾見狀紛紛報案。請繼續往下閱讀...據知，警消趕抵時，發現3名騎士肢體有擦挫傷、無需送醫，隨後均自行前往醫院就醫，而3人皆無酒駕的情況，至於確切事故原因及肇事責任歸屬，仍有待進一步調查。    ,https://news.ltn.com.tw/news/society/breakingnews/5542863
花蓮警交通隊前翹孤輪耍帥 15歲少年送辦,社會,2026/08/17 16:59,花蓮市一名少年騎乘微型電動二輪車翹孤輪耍帥，地點竟就選在花蓮縣警察局交通隊門前。（警方提供）花蓮市一名少年騎乘微型電動二輪車翹孤輪耍帥，地點竟就選在花蓮縣警察局交通隊門前，完全無視公權力及其他用路人安全，警方獲報後迅速鎖定身分，短短半天內就約談到案，訊後依公共危險罪嫌移送偵辦，另涉多項道路交通違規一併舉發。花蓮警分局今指出，接獲民眾檢舉，指有騎士深夜在花蓮市府前路紅燈起步後刻意翹孤輪，地點就在縣警局交通隊前，員警調閱周邊監視器畫面，確認案發時間為17日凌晨0點28分，並依前後監視器影像鎖定騎士身分，隨即於同日上午11點多約談3輛機車、共3人到案說明，其中翹孤輪的騎士為年僅15歲的少年，過程由同行友人在旁協助拍攝影片。請繼續往下閱讀...警方調查，少年初步供稱，事發當下並未察覺該路段就在交通隊門前，僅表示「純粹好玩」才做出翹孤輪動作。警方指出，少年此舉已涉刑法第185條公共危險罪嫌，將依法移請少年法庭偵辦。道路交通違規部分，警方指出，因微型電動二輪車另涉遮蔽車牌，將依道路交通管理處罰條例第71條之2規定，對車主開罰900元至1800元罰鍰，並責令申請換領牌照或改正；少年翹孤輪的危險駕駛行為，則依同條例第73條第1項第4款規定舉發，可處300元至1200元罰鍰，其餘涉及改裝部分，將另移由監理站裁處。警方呼籲，微型電動二輪車雖操作便利，但駕駛人上路仍應遵守交通規則，切勿心存僥倖從事危險駕駛行為，尤其青少年血氣方剛，容易因逞一時之快而觸法，籲請家長在暑假期間多加留意子女用車安全觀念，共同維護道路交通安全。    ,https://news.ltn.com.tw/news/society/breakingnews/5542773
非法傳銷吸金詐貸4881萬 嘉檢起訴2女1男,社會,2026/08/17 16:47,嘉檢今天起訴傳銷公司負責人陳女與帳務管理人謝女及嘉義地區代表吳男。（資料照）嘉義地檢署今天起訴一起違反多層次傳銷且非法吸金詐貸案，傳銷公司負責人陳姓女子與帳務管理人謝姓女子及嘉義地區代表吳姓男子涉嫌以「雷火安家專案」、「智富3.0方案」名義非法傳銷及詐貸，至少吸引425位會員加入，不法所得達4881萬餘元。起訴書指出，陳女（62歲）經營傳銷公司自2024年5月起推動「雷火安家專案」，宣稱只要繳納5萬7600元即可成為最高等級會員，推薦他人加入可獲1500元推薦獎金，且於期限內推薦2人入會，尚可得9000元旅遊補助金及連續12個月每月1萬1000元達標獎金。請繼續往下閱讀...不過，該傳銷公司推動此項專案主要收入來源，並非合理以市價銷售商品，而是靠介紹他人參加為收入來源，涉及非法多層次傳銷。謝女（64歲）為該傳銷公司帳務管理人，也是財務會計，陳女與吳男（60歲）明知該傳銷公司未實際販賣保健食品，仍由吳男的公司出具不實「物品收受確認書」給入會會員，並指使會員接到融資公司電詢時佯稱「貸款資金用以購買扶手和益生菌酵素，都有拿到貨」。檢調查出有3家融資公司因而陷於錯誤核發貸款，並撥款至吳男公司名下帳戶後再投入專案的多層次傳銷事業。吳男從中獲取至少78萬餘元不法所得，而3家融資公司遭詐金額達765萬元。檢調說，後來陳女接續推出新方案「智富3.0方案」，吸引民眾將資金轉移至該新方案，但傳銷公司去年5月間，因資金週轉不靈，有會員因未能領得每月達標獎金而報警。陳女、謝女及吳男均坦承犯行，檢方偵結後，依涉及多層次傳銷管理法的非法多層次傳銷罪嫌、詐欺取財罪嫌及偽造文書罪嫌起訴3人。    ,https://news.ltn.com.tw/news/society/breakingnews/5542737
嘉縣消防局民雄分隊新廳舍年底完工 未來還有社區關懷據點功能,社會,2026/08/17 16:46,嘉義縣消防局民雄分隊新廳舍預計今年底完工。（記者王善嬿攝）嘉義縣消防局辦理第二大隊民雄分隊新建工程，總經費7751萬3704元，規劃在民雄鄉民溪南路另新建地上5層鋼筋混凝土建築物，預計今年底完工。該分隊為全縣唯一結合社區活動中心分隊，完工後除了提供消防隊更好的辦公場所，還兼顧在地長輩照顧、社區服務功能。嘉義縣長翁章梁、民雄鄉長林于玲、嘉縣消防局長蔡建安等人今上午視察工程進度。翁章梁表示，景觀設計委員會多次來回修改設計圖面，讓建物與周邊景觀相互結合，讓內部空間配置更完善；廳舍1樓設置活動中心，未來將朝社區照顧關懷據點方向規劃，以更完善樣貌服務鄉親。請繼續往下閱讀...縣消防局說，民雄鄉是全縣人口最多鄉鎮，既有消防廳舍老舊，加上未來中科院民雄航太園區進駐發展，民雄分隊設有專責高級救護隊，消防救災及緊急救護需求日益增加。縣府2022年獲內政部補助推動民雄分隊新建工程，工程基地面積1476平方公尺，總樓地板面積約1622平方公尺，總經費7751萬3704元。新建廳舍設置有1樓大廳、消防車庫、社區活動中心，活動中心提供居民集會及活動使用外，未來將擴充在地長者照顧及社區服務功能；2樓規劃辦公空間、餐廳及廚房，3至4樓設置住宿、會議及體健空間。縣消防局說，民雄分隊新廳舍建築設計導入深窗、遮陽格柵及屋頂隔熱等方式降低日曬影響，並設置太陽能光電、雨水回收、節能設備及綠化空間，兼顧消防勤務、社區使用需求與建築節能。嘉義縣長翁章梁（左二）今天視察民雄分隊新建工程進度。（記者王善嬿攝）嘉義縣長翁章梁（左三）聽取工程簡報。（記者王善嬿攝）    ,https://news.ltn.com.tw/news/society/breakingnews/5542733
白色包臀裙醉女躺加油站 熊抱男警還嬌喊「我要脫光」,社會,2026/08/17 16:39,林男無法阻止女友燕女大鬧。（記者徐聖倫翻攝）新北市42歲燕姓女子昨晚喝得爛醉，電話中與前夫大吵一架後心情跌落谷底，竟在五股區新五路二段一間加油站前，與57歲林姓現任男友爆發激烈口角。燕女隨後發酒瘋直接躺在加油站車道口大鬧，嚴重阻礙車輛進出，民眾見狀嚇得連忙報警處置。​蘆洲警分局獲報派員趕抵，上前關切詢問「妳還好嗎？」不料早已醉得不知東南西北的燕女，竟突如其來從後方伸出雙臂「熊抱」員警，還嬌喊：「我不好！」脫序舉動讓現場執勤員警當場傻眼。請繼續往下閱讀...​當員警嚴詞警告要求她放手並保持距離時，燕女竟進一步發酒瘋狂言「我要脫光」，嚇得現場員警連聲直呼「拜託不要」，深怕她真的當街脫衣，遂緊急通報女警趕赴現場支援。警方考量燕女泥醉且行為失控，為防範公共安全風險與維護其自身安全，當場依規定對她施以保護管束。​後續救護車趕抵現場，經衛生局人員會同評估後，認定燕女狀況已符合「精神衛生法」第32條強制送醫要件，隨後在警方及救護人員戒護下，將她強制送往淡水馬偕醫院治療，這才順利結束這起街頭鬧劇。民眾報警後，警方趕抵竟遭燕女熊抱。（記者徐聖倫翻攝）    ,https://news.ltn.com.tw/news/society/breakingnews/5542789
多輛警車追捕毒駕受損  基隆議長牽線在地宮廟捐百萬級警車,社會,2026/08/17 16:33,慶安宮主委童德裕今天將百萬級警車交給第一分局長温基興。（記者吳昇儒攝）台灣近年毒駕案件暴增，警方也強勢執法，光是去年就移送高達8659件毒駕案件。基隆警方今年為了取締毒駕，造成多輛警車受損，基層同仁執行勤務上非常不便。基隆市議長童子瑋得知後與慶安宮溝通，廟方人員決定捐贈一輛百萬警車，送給基隆市警察局使用，並於今日上午完成交車儀式，該車也是基隆第一輛民間捐贈的警車。基隆市審計室提出去年度決算審計報告中指出，基隆市警局應配賦警車數量不足，且超過一半的警車超過最低使用年限；加上近年來為了攔阻毒駕肇事，已有不少警車受損。請繼續往下閱讀...基隆市警察局長林信雄表示，警政署以往每年會補助1千萬經費，但今年因總預算改變，所以沒有這筆經費；加上市政府的經費緊縮，因此只爭取到400餘萬元，只能汰換4輛警車。預計明年有機會增加到1700萬元，再汰換15輛警車及部分警用機。基市警一分局長温基興則說，除了本身的警車數量不足外，為了保護人民安全，同仁在逮捕毒駕犯嫌時，非常容易造成車輛毀損；毒駕犯嫌開車本身就非常不穩定，加上毒品藥效一上來，根本不計後果。近一年來已經造成分局多輛警車受損，礙於經費有限，難以補足，總不能要同仁騎乘警用機車，追捕駕車的毒蟲。非常感謝慶安宮的幫忙，捐贈百萬級的警車給同仁使用。慶安宮主委童德裕說，以前常捐救護車和消防設備，這次是他的兒子、議長童子瑋牽線，首次捐贈警車。希望捐贈這輛全新警車，協助員警工作順利，出勤平安。此次牽線的議長童子瑋則說，聽聞隨扈告知忠二所的警車損壞，剛好在餐敘現場遇到擔任慶安宮主委的父親及局長林信雄，商談捐贈事宜後，獲得慶安宮委員會的支持才「完成任務」。童子瑋也說，自己與局長林信雄在行政院、人事總處和警政署間奔波，最終獲得賴清德總統和行政院長卓榮泰支持，建立非六都勤務加給制度，也謝謝市政府願意編列預算，讓基隆的警察同仁增加薪水。局長林信雄與議長童子瑋一起開箱百萬級警車。（記者吳昇儒攝）    ,https://news.ltn.com.tw/news/society/breakingnews/5542788
屏東縣新購警用車輛32輛 逾齡警車降到30％,社會,2026/08/17 16:27,屏東縣新購警用車輛32輛，縣長周春米前往視察。（記者葉永騫攝）屏東縣政府警察局今年度新購警用車輛裝備授車典禮今天由縣長周春米主持，今年編列2765萬元汰換老舊警車，添購巡邏車11輛、偵防車12輛、勤務車2輛及巡邏機車7輛，總計新購達32輛，將逾齡警車降到30%。這次新購警用汽車後，屏東縣的警車老舊問題將獲得改善，全縣巡邏汽車的逾齡比率將由原本的39.89％顯著降至32.16％；偵防汽車的逾齡比率則大幅由39.84％驟降至27.41％；而在警用機車方面，逾齡比率也由原本的5.57％進一步降至4.9％，讓基層員警在執行巡邏、追緝犯罪及各項勤務時，能有更安全、更可靠的鋼鐵後盾。請繼續往下閱讀...縣長周春米表示，雖然補助款少了30億，但是在編列警政、消防預算，仍是全數支持，不能有任何打折，工欲善其事，必先利其器，優良的裝備是警察打擊犯罪的利刃，更是維護同仁執勤安全的關鍵，期勉警方善用這批新購置的車輛裝備，持續加強維護地方治安，精進各項為民服務工作，讓屏東縣民不論在何時何地，都能感受到警察同仁無所不在的守護。警察局長甘炎民說，警方將會妥善規劃與運用這批新式警用車輛，將其投入治安熱點與交通執法要道，全面提升巡邏見警率與機動報案反應速度，也希望將逾齡警車降到30%以下。屏東縣新購警用車輛32輛。（記者葉永騫攝）    ,https://news.ltn.com.tw/news/society/breakingnews/5542729
北市包租代管求助無門？ 許淑華曝：房客被性騷、1個月不敢回家,社會,2026/08/17 16:24,台北市議員許淑華今在議會工務部門質詢，批評現行租屋制度對租金、押金、修繕及契約履約等事項，已有相關規範，然缺入住後人身安全保障與性騷擾事件處理機制，形成制度漏洞。（記者董冠怡攝）台北市某社區租客7月在網路發文表示，7至8月數度遇到社區管理員性騷，甚至當面自摸性器官，告知包租代管業者、管委會但求助無門，並指社區總幹事稱判決結果出爐再考慮是否將人調職，令人感到無力。市議員許淑華今於市議會工務部門質疑，現行制度對租金、押金、修繕及契約履約等事項，已有相關規範，然缺入住後人身安全保障與性騷擾事件處理機制，形成制度漏洞。許淑華指出，北市府認證完成登記、且執業中的租服業，總共核定478家包租代管業者，業者對外也以「政府認證專業包租代管」等方式標榜其專業與合法性，取得民眾信任。有社區租客反映，7月16日起陸續遭社區管理員性騷，求助包租代管業者、管委會、社區總幹事未果，8月8日已報案並申訴，事發至今已滿1個月，該名管理員仍在原崗位執勤，租客則因擔心再度碰面，不敢回去租屋處，但2萬餘元房租含管理費照繳。請繼續往下閱讀...許淑華提到，市府應思考，政府認證的「專業」到底包含什麼？是否只有租金、契約、修繕，卻不包括住戶的人身安全？當住戶遭遇疑似性騷事件，業者是否有明確申訴管道、有無處理SOP、管委會應做什麼？若被申訴者就是社區管理員，住戶又該向誰求助？她說，此案雖屬一般民間包租代管範疇，而非社會住宅包租代管，由民間業者與房東、房客之間形成契約關係，然這不代表民間包租代管就是市府的三不管地帶，不是說民間業者發生任何事情，市府都要代替業者處理，而是既然建立了包租代管制度，也應設立最基本的安全管理標準。她呼籲，市府應跨局處合作，要求管委會先行風險隔離，調查期間將申訴人、被申訴人適度隔離，並將性騷及住戶人身安全事件處理，納入包租代管業者評鑑指標、政府認證或相關政策合作、續約條件，明訂業者接獲申訴後的通報時限和協處義務，避免出現「租屋版夏莉絲案」替業者背書（指市長蔣萬安的感謝信被當招牌）。市府允諾處理，給予管委會行政指導並建議，如果租客有任何申訴或糾紛，會要求包租代管業者處理並列入評鑑，評鑑不合格將不再續約。    ,https://news.ltn.com.tw/news/society/breakingnews/5542796
爬玉山當心高山症！10歲女童隨家人走5.5K頭暈無力 警消揹下山送醫,社會,2026/08/17 16:23,一名10歲女童在玉山登山步道突然頭暈、虛弱無力。（警方提供）一名10歲女童日前與家人前往玉山登山步道時，當天因有雨、天氣濕冷，在步道5.5公里處疑有高山症，突然頭暈、身體虛弱無力，嘉義縣警察局竹崎分局阿里山十字聯合所獲報，會同嘉義縣消防局等人員組搜救隊趕往馳援，揹女童約3.7公里到登山口，所幸送醫急診檢查無大礙，已出院。嘉義縣警、消8月16日下午2點58分獲報緊急山域救援案件，傍晚5點21分，女童家屬帶著女童往下移動至步道3.7公里處，與上山救援的搜救人員接觸，因女童頭暈、身體無力，搜救人員安撫女童情緒後，再輪流揹女童到玉山步道登山口，以救護車載送到嘉義市聖馬爾定醫院檢查治療。請繼續往下閱讀...據了解，女童與家人原預計16日晚間住宿排雲山莊，隔天登玉山，不料在登山步道5.5公里處，女童就出現疑似高山症狀，家人連忙報警求助，並帶著女童往回走，於步道3.7公里處與搜救隊碰頭。聖馬爾定醫院表示，女童下山後經急診檢查並無大礙，8月16日已出院。竹崎警分局呼籲，民眾登山若帶有未成年子女，應衡量天氣、登山路線是否適合兒童行走，並考量孩子身體狀況、體力能否負擔高海拔，若身體不適應立即下山，勿勉強攀爬、以免憾事發生。嘉義縣警、消輪流揹女童到玉山登山口送醫。（警方提供）嘉縣警、消組搜救隊到登山口完成救援任務。（警方提供）    ,https://news.ltn.com.tw/news/society/breakingnews/5542700
江熊一楓打「照顧獨居夫」親情牌求交保 法院駁回：有人脈、海外可接應,社會,2026/08/17 16:22,民進黨議員江熊一楓，因涉詐助理費從去年底延押至今，近日以年事已高、需照顧高齡配偶等理由，聲請具保停止羈押，仍遭地院裁定駁回。（翻攝江熊一楓臉書）民進黨籍彰化縣議員江熊一楓涉嫌以人頭詐領公費助理補助款487萬餘元，去年12月24日遭羈押，檢方偵結後依《貪污治罪條例》等罪起訴，並具體求刑9年6月。江熊一楓近日以年事已高、需照顧高齡配偶等理由，聲請具保停止羈押；彰化地院認為她曾任縣議員，具有相當人脈與資源，且有家人居住海外，仍有逃亡之虞，裁定駁回。74歲的江熊一楓被檢調查出，於議員任內以不實名義申報公費助理補助款，甚至將出國期間的丈夫江昭儀列為人頭助理，合計詐領487萬元。全案移審後，法院裁定自今年3月25日起羈押，並於6月裁定延長羈押2個月。請繼續往下閱讀...江熊一楓日前透過辯護人向地院聲請交保，主張自己返台定居多年，雖有親人在海外，但目前機場、港口及海關管理嚴密，只要限制出境、出海，便不可能逃亡，且心繫高齡獨居配偶的健康狀況，希望能回家相伴到老，並提出具保、限制住居或定期向派出所報到等替代方案。她也表示，逃亡不僅會遭社會唾棄，還會連累親友遭受非議。法官審理指出，江熊一楓涉犯最輕本刑5年以上重罪，「趨吉避凶」是人性，且其曾任縣議員、具一定人脈資源，加上有家人居住國外，具備長期滯留海外能力，有相當理由認定其有逃亡之虞。法官認為，被告即使採取交保、限制住居、限制出境出海、定期報到或科技監控，仍不足以確保後續審判及刑罰執行，因此認定羈押原因及必要性仍存在，駁回交保聲請。    ,https://news.ltn.com.tw/news/society/breakingnews/5542726
罰單542張欠繳32萬神隱中國 台東男被限制出境分期清償,社會,2026/08/17 16:04,法務部行政執行署花蓮分署近日執行「加強執行車輛相關稅費罰鍰專案」，針對符合法定要件且滯欠金額較高的交通違規大戶祭出限制出境、出海處分。（記者王錦義攝）法務部行政執行署花蓮分署近日執行「加強執行車輛相關稅費罰鍰專案」，針對符合法定要件且滯欠金額較高的交通違規大戶祭出限制出境、出海處分。一名年約36歲、設籍台東的張姓男子，欠繳交通違規案件多達542件、滯欠金額約32萬元，且經常居住在中國、屢傳不到，經花蓮分署祭出限制出境（海）後，終於現身辦理分期繳納。花蓮分署指出，張姓男子行駛國道公路未繳通行費、在路邊停車格停車不繳停車費，衍生上百筆罰單，另有在國（省）道超速、違規停車、在道路堆積妨礙交通之物等諸多違規行為。自2024年起，交通部公路局高雄區監理所台東監理站陸續移送共391筆裁罰案件至花蓮分署執行，交通部高速公路局南區養護工程分局也移送151筆ETC通行費案件，合計欠繳金額達32萬元。請繼續往下閱讀...花蓮分署執行人員調查發現，張男入出境十分頻繁，卻長期規避傳喚、行蹤成謎，分署依法對其限制出境（海）後，張男終於出面表示因工作有赴中國需求，主動申請分期繳納，逐步清償國家債權。花蓮分署分署長蔡英俊表示，分署將持續執行交通專案，無論滯欠金額多寡，均會依法積極執行，籲請義務人切勿心存僥倖規避繳納義務。他也說明，如義務人因失業或經濟困難無力一次清償，務必主動和分署聯繫協商案件繳納方式，分署亦提供就業及酒癮戒治轉介服務，展現公義與關懷核心價值。法務部行政執行署花蓮分署針對長期往來中國的張姓男子積欠大量罰單，祭出限制出境的手段。（花蓮分署提供）    ,https://news.ltn.com.tw/news/society/breakingnews/5542694
拒絕走私集團誘惑  海巡署推「海豚弟」防貪動畫,社會,2026/08/17 16:04,海巡署邀請南部、東南沙及艦隊分署同仁共同觀影。（記者姚岳宏翻攝）海巡署為強化基層人員法紀觀念，今日在南部分署興達港基地舉辦《神鬼當鋪-執法倫理篇》動畫首映會，邀請南部、東南沙及艦隊分署同仁共同觀影，本次活動透過活潑的影音宣導，期盼將法遵意識融入日常勤務，建立海巡人員清廉公正的執法文化，防堵任何貪瀆風險。為讓法紀宣導更生動，動畫特別以海洋生物為主角，刻畫基層人員在執勤時可能面臨的真實誘惑。劇中主角「海豚弟」在查獲走私案件後，意外成為不法集團企圖行賄的對象，在金錢誘惑與廉潔操守之間陷入內心抉擇，影片透過輕鬆詼諧的敘事手法，向同仁解說公務員廉政倫理規範，以及違背與不違背職務收賄罪的法律界線，藉由海豚弟的經歷，傳達嚴正執法與拒絕貪腐的核心價值。請繼續往下閱讀...海巡署肩負海域執法及查緝走私等重責大任，第一線人員時常面臨複雜的工作環境，為協助基層同仁正確掌握適法性判斷，政風室主任張友寧親自率隊展開為期2天的巡迴宣導，前往南部多個基層單位播放這部動畫。藉由實際走訪與教育訓練，期盼降低違失發生的機率，營造守法自律的工作環境。海巡署進一步指出，今年度將持續開發多元化的數位教材，包含動畫繪本電子書、LINE貼圖及廉政短影音等，透過生動且貼近大眾的呈現方式，讓同仁與民眾都能輕鬆理解廉政法規，確保每一位人員在執行任務時，皆能維持客觀公正的立場，進而鞏固社會大眾對機關執法的信任與支持。https://www.youtube.com/watch?v=pRn3NwN8H10海巡署推「海豚弟」防貪動畫。（記者姚岳宏翻攝）海巡署推「海豚弟」防貪動畫。（記者姚岳宏翻攝）    ,https://news.ltn.com.tw/news/society/breakingnews/5542767
鐵捲門拉一半變「免費暢貨中心」？台中大膽女賊3分鐘狂掃12件古物,社會,2026/08/17 15:58,台中市中區自由路一家古物店，15日晚上一名女竊賊進入搜刮12件物品，損失6千元，店家公開監視器抓賊。（擷取自threads）台中市中區一家古物店，15日晚上準備關店打烊時，一名女子突然闖進店內，大方到處逛了近3分鐘，並順手偷走了12件飾品等物品後離去，店家事後發現損失約6千元報警，並將監視器上網公布，警方獲報認出女竊賊是一名外籍的林姓女子（44歲），目前已積極查緝依法偵辦。這家位於中區自由路2段巷內的古物店，15日晚上接近9點準備關店打烊，將鐵捲門拉下一半，沒想到一名女子突然走進店內，見店內1樓沒人，仍獨自逛了近3分鐘，還偷走多樣物品沒付錢就離開。請繼續往下閱讀...店家事後發現失竊，調閱監視器發現是女竊賊所為，因已經累積太多件，忍無可忍將監視器影像上網公開，也提醒其他店家小心。轄區第一分局表示，16日下午4點多接獲店家報案，一眼認出該名女竊賊是之前曾管束的越籍林姓女子（44歲），清查後發現共竊取12件商品，店家損失約新台幣6000元，目前已受理並成立專案小組，將全力追緝竊嫌到案。第一分局呼籲，建議商家加強防盜措施，貴重物品切勿置於易遭竊取處，將主動協助「治安風水師」檢測服務以提升防護量能；警方亦將持續加強轄區巡邏密度，全力維護民眾財產安全。    ,https://news.ltn.com.tw/news/society/breakingnews/5542748
「假公安」誘騙植木馬！竊銀聯卡跨境盜刷1.1億 10人起訴主謀求刑14年,社會,2026/08/17 15:55,跨境盜刷詐欺集團誘騙中國被害人在手機植入木馬程式，竊取銀聯卡資訊後盜刷，總金額高達1.1億元，新北地檢署將王男等10人起訴。（資料照）桃園龍潭鑫膳公司實際負責人王順興涉組建跨境盜刷詐欺集團，由境外詐欺機房利用「假公安」等手法，誘騙中國被害人在手機植入木馬程式，竊取銀聯卡資訊後，交由台灣刷手至配合的不肖銀樓感應過卡變現，盜刷總金額高達1.1億元；新北地檢署依詐欺犯罪危害防制條例、洗錢防制法及組織犯罪等罪嫌將王男等10人起訴，並對王順興及抽取20%手續費作為報酬的新北中和「鎮鋐金銀珠寶店」負責人黃仁哲求刑各14年。檢警調查，本案犯罪模式為，境外詐欺機房在Telegram等通訊軟體上，假冒「公安、檢察官」或「平台客服（稱要幫忙取消自動扣款）」，聯絡中國被害者，誘騙他們在手機裡安裝遠端控制（木馬）軟體，再透過木馬程式暗中攔截被害人的銀聯卡卡號、密碼及簡訊驗證碼。請繼續往下閱讀...檢方查出，綽號「大飛」的王順興負責在台統籌指揮，當舖業者林士豪負責招募刷手及尋找配合的采穎珠寶店負責人黃建豪加入，黃再依指示招募其他業者。檢警調查，待刷手取得遠端攔截到的銀聯卡卡號與驗證碼後，即前往合作的鎮鋐金銀珠寶店、北市中山區安毅珠寶（招牌懸掛采穎珠寶店）、北市內湖區豪霖珠寶（招牌懸掛東福金品店）及北市大安區星光精品（負責人為黃仁哲之妻）等店家刷卡。檢方查出，黃仁哲、東福金品負責人蘇俊榮等業者，配合虛構黃金或精品交易假象、偽造簽單請款，並從中抽取手續費作為報酬；銀樓取得金融機構撥款後，再將現金交由車手等人駕駛專用車輛遞送，以此建立多層次資金斷點，掩飾犯罪所得來源。檢方統計，本案光是目前已查明身分的18名中國被害人，遭盜刷金額即達1439萬餘元；若從涉案銀樓的刷卡金額計算更衝破1.1億元。專案小組先前發動多波搜索，已扣押數千萬元犯罪所得。集團對其餘被害者的詐欺部分，另案偵辦中。檢察官審酌，王男等人侵害我國金融支付制度安全及收單機制的安全與公信力，損及我國打擊洗錢形象，惡性重大，因而對王、黃求刑各14年；其餘被告部分，林士豪、黃建豪求刑各7年、車手葉博文求刑6年。    ,https://news.ltn.com.tw/news/society/breakingnews/5542679
全國首創！竹市消防局 將智慧生理監測導入火場安全管制,社會,2026/08/17 15:49,竹市消防局全面於所屬各大隊、分隊及24小時輪班待命的勤務派遣科導入生理監測設備，建立日常健康管理機制。（圖由消防局提供）為強化消防人員職業安全與健康管理，新竹市消防局於所屬各大隊、分隊及24小時輪班待命的勤務派遣科導入生理監測設備，透過科技即時掌握消防人員血壓、血氧及體溫等生理數值，建立日常健康管理機制；更進一步全國首創將智慧生理監測設備帶進火場救災現場，於消防人員進入火場前進行生理狀況評估，並將客觀生理數據納入安全管制及人員輪替參考，從「入室前評估、救災中管制到出室後恢復」建立更完整的安全防護機制。市長高虹安表示，過去火場安全管制多著重於人員進出時間、空氣瓶氣量及任務編組等管理，此次竹市消防局進一步將「生理數值」納入火場安全管制的重要評估依據，由各消防大隊於重大火災發生時攜帶生理監測設備前往現場，建立更完整的消防人員安全管理機制。請繼續往下閱讀...救災人員於進入火場執行任務前，可先量測血壓、血氧及體溫等生理徵象，由安全管制人員掌握其當下身體狀況；如發現數值異常或身體狀況不適合執行高強度救災任務，將立即管制暫緩進入火場，並要求人員至休息區進行休息、補充水分及降溫，視後續生理狀況重新評估，必要時進一步接受醫療評估或照護，避免消防人員在身體已超出負荷的情況下持續執行高風險任務。此外，生理監測設備亦可運用於消防人員完成火場任務後的生理狀態評估，搭配現場輪替、休息及復原機制，從「入室前評估、救災中管制到出室後恢復」建立完整安全管理流程，使現場指揮及安全管制人員能有更客觀的數據作為勤務調度及人員輪替參考。    ,https://news.ltn.com.tw/news/society/breakingnews/5542615
聯結車後載鋼管直插小貨車擋風玻璃 高雄警方曝肇事原因,社會,2026/08/17 15:48,肇事的聯結車。（記者洪定宏翻攝）8月17日上午將近10點，52歲鄂姓男子駕駛聯結車停紅燈過程，疑似未踩緊煞車，導致車輛往後滑行，後載的鋼管隨之滑落，直插後方的小貨車擋風玻璃，嚇得21歲廖姓司機趕緊下車閃躲，所幸無人受傷。據了解，聯結車後載數十根鋼管，每根長達約7公尺，雖然滑落的鋼管將小貨車擋風玻璃撞破1個小洞，但隨即如蜘蛛網般裂開；高雄警方指出，案發在大寮區華中路與興業路口，已依規定測繪、拍照，確切肇事原因有待交通大隊分析研判。小貨車擋風玻璃毀損。（記者洪定宏翻攝）    ,https://news.ltn.com.tw/news/society/breakingnews/5542612
無照男騎車違規遭攔竟「頭猛撞地」  警一查竟是毒駕,社會,2026/08/17 15:35,警方強勢阻止曾男自殘。（記者徐聖倫翻攝）48歲曾姓男子騎乘機車行經新北市三重，於路口轉彎時未打方向燈，且夜晚未開頭燈、安全帽未繫扣環，遭巡邏員警攔下盤查。沒想到無照上路的曾男因心虛，竟突然當街用頭部猛烈撞擊地面自殘，員警隨即保護管束壓制，經實施毒品唾液快篩，證實其吸食安非他命毒駕，依法將曾男送辦。​三重警分局表示，轄區員警於昨日傍晚6時許執行巡邏勤務，行經龍門路一帶時，發現曾男騎車極度不穩且多項違規，遂上前進行盤查。請繼續往下閱讀...​盤查過程中，員警查出曾男為無照駕駛，且發現他身體不斷異常抖動、神情極度緊張，合理懷疑有毒駕行為，遂依法要求進行唾液快篩檢驗。不料，曾男因深知難逃法網，竟突然抓狂用頭部猛撞地面自殘，員警為預防危害發生，立即施以保護管束並將其帶回派出所。​警方對曾男進行唾液篩檢後，結果呈現安非他命陽性反應，曾男也承認吸食。警詢後，依公共危險罪將曾男移送法辦，並依規定開單舉發及查扣車輛；另針對其無照、未打方向燈、夜晚未開燈等交通違規行為，亦均依法開單告發。曾男被警方攔下後情緒非常不穩。（記者徐聖倫翻攝）    ,https://news.ltn.com.tw/news/society/breakingnews/5542682
喜傑獅筆電「1個讚折1元」不出貨挨告  二審逆轉勝消費者,社會,2026/08/17 15:33,台灣本土筆電品牌「CJSCOPE喜傑獅」推出「1個讚折1元」優惠，卻因消費爭議未出貨挨告，二審認定網站早已關閉正常連線，判劉姓顧客敗訴。（資料照）台灣本土筆電品牌「CJSCOPE喜傑獅」2024年為了慶祝中華隊奪下世界冠軍12強冠軍，推出「1個讚折1元」的優惠活動，最後累積1.7萬個讚。劉姓顧客因為官網無法正常連線，透過自行修改hosts檔繞過Cloudflare後成功下單購買。一審認為業者應該交付筆電，判業者敗訴。案經上訴後出現逆轉，二審認定網站早已關閉正常連線，判劉姓顧客敗訴。為了慶祝中華隊奪冠，「CJSCOPE喜傑獅」於2024年11月24日晚間在臉書粉專推出促銷活動，以「1個讚折1元」折抵筆電價金，隔日貼文便累積至1萬7000個讚，因此前往網站下單的顧客理應得以原價扣除1萬7000元折價購買電腦。請繼續往下閱讀...劉姓顧客隔日晚間9時57分許下單訂購1台筆電，並收到網站系統發出的「訂購通知函」之回覆而確認收單，劉姓顧客主張買賣契約成立，要求業者交付筆電。業者認為，因為網站於11月25日晚間8時開始出現大量異常，產生DDoS警告，因此於晚間9時許通知委託代管此網站的公司關閉網站，代管公司後續使用Cloudflare的DNS服務封鎖訪問請求，讓一般人無法前往網站。然而，劉卻以修改電腦hosts檔案方式，繞過網站所設定的Cloudflare服務之防護機制，而連線至該網站填寫訂購單，也因此觸發系統自動寄出確認通知。一審認為雙方買賣契約成立，判業者應交付筆電，並依職權宣告假執行，業者提出上訴。二審指出，業者已經切斷一般使用者透過Cloudflare進入官網的方式，就已表明當時沒有繼續透過網站交易的意思。此外，法官認為，網站不必真的將伺服器關機才算停止服務，劉男在正常連線已被關閉後，以特殊方式登入並下單，即使系統接受訂單並寄出確認函，也只是程式自動運作，不能視為有效承諾。法官認為，劉男曾於下單前以私訊方式詢問業者有關網站無法進入，後續業者也公開回應網站被攻擊，讓有意購買的消費者先私訊，待官網恢復後再補單，認定劉已知網站無法正常交易，仍繞過防護機制下單，買賣契約並未成立，最後改判劉敗訴。    ,https://news.ltn.com.tw/news/society/breakingnews/5542704
退休男領1400萬買3公斤黃金  警銀戳破詐團陷阱保住老本,社會,2026/08/17 15:23,永和分局警方頒發感謝狀及紀念品予有功人員，同時呼籲，金融機構及民眾如發現疑似詐騙情形，可立即撥打110或165反詐騙專線查證。（記者陸運鋒翻攝）新北市永和區李姓男子打算從銀行提領1400萬元購買黃金，行員察覺有異，通報警方前來關懷查證，經員警查看李男手機對話後，確認他落入投資詐騙陷阱，所幸經員警不斷耐心勸說，最終阻止李男受騙，成功保住退休金。永和警分局調查，已退休的李男上週前往台灣銀行，欲提領1400萬元購買黃金3公斤，但他對於資金用途說明含糊，行員察覺情況有異，立即啟動警銀聯防機制通知轄區派出所員警到場。請繼續往下閱讀...警方指出，員警經徵得同意查看李男手機內容，發現通訊軟體中出現「投資顧問」、「小編」等可疑訊息，進一步了解後得知，李男是透過網路認識自稱「JCQ投資顧問」的人士，對方以投資獲利為由，要求其購買黃金交付投資。經警方進一步查證發現，李男於7月底看到網路投資訊息，誤信詐騙集團投資陷阱及指示下，準備提領1400萬元購買黃金交付投資，所幸在銀行行員機警察覺並即時通報下，成功阻止其受騙，保住其辛苦退休金。警方表示，為感謝金融機構積極攔阻詐騙案件，已表揚機警行員義行，並頒發感謝狀及紀念品予有功人員，同時呼籲，金融機構及民眾如發現疑似詐騙情形，可立即撥打110或165反詐騙專線查證，透過警銀聯防機制，共同守護民眾財產安全。李男打算從銀行提領1400萬元購買黃金時，行員察覺有異通報警方前來，經員警查證後，確認他落入投資詐騙陷阱，最終阻止李男保住退休金。（記者陸運鋒翻攝）    ,https://news.ltn.com.tw/news/society/breakingnews/5542672
離奇！房卡未遺失卻遭陌生人開門  韓籍女客凌晨驚嚇報警,社會,2026/08/17 15:17,警方獲報到場處理（記者姚岳宏翻攝）1名來台參展的韓國籍女子，投宿北市松山區八德路四段一間旅館，昨天清晨5時許，旅館房門突然被打開，竟有名陌生的香港籍周姓男子無故闖入，當時尚未入睡的被害人飽受驚嚇，由於房客與飯店的萬能卡皆未短少遺失，周男究竟如何順利開門引發諸多疑點，警方介入調查，先依無故侵入他人住宅罪嫌將周男送辦，並持續釐清旅館維安有無疏失。據了解，28歲香港籍周姓男子與該韓籍女子投宿於同間飯店樓層，根據走廊監視器畫面，周男清晨經過韓籍女子的房間外時，疑似從地上撿起1張房卡，隨後直接感應房門並進入，周男發現房內有人後立刻退出，並小跑步返回自己的房間。飯店直到當日晚間9時許接獲反映後，才通報松山分局警方到場處理。請繼續往下閱讀...警方循線今通知周男到案說明，他辯稱當天凌晨曾到夜店狂歡，因為飲酒過量導致對當時行為記憶模糊，不清楚自己為何會去開啟別人的房門，雖然周男事後當面向被害人致歉，但整起事件已經讓來台出差的韓籍女子留下極大陰影。她心有餘悸地表示，當下腦袋一片空白，尤其同行者的房卡都在自己身上且房門確實有上鎖，對於陌生人能輕易闖入感到不可思議，對接下來3天的住宿感到恐懼。為釐清真相，被害人已要求飯店保全清晨5時20分至6時間的客房電子鎖進出紀錄與走廊監視器畫面，並要求業者針對安全疑慮給出明確交代。儘管周男稱是撿到房卡，且報案人表示暫不提告，警方仍依法查處；警方提醒，民眾飲酒後應注意自身行為與安全，避免酒後失控造成他人困擾甚至觸法；如遇可疑情形，應立即通知飯店櫃檯或警方協助處理。    ,https://news.ltn.com.tw/news/society/breakingnews/5542649
「神探祐祐」查個資行賄北市刑大科偵隊長 前妻是「警界范冰冰」,社會,2026/08/17 15:15,曾在刑事局有「神探祐祐」封號、現任房仲吳政祐，因涉嫌賄賂台北市刑警大隊科偵隊長陳冠良，雙雙遭到收押，而吳政祐前妻是有「警界范冰冰」之稱的信義分局丁姓女偵查佐（見圖）。（記者陸運鋒翻攝）曾獲模範公務員的台北市警局刑警大隊科偵隊長陳冠良，涉嫌利用檢察官辦案發函名義查詢與案件無關個資，提供給昔日刑事局師父、現任房仲吳政祐，從中收賄百萬元，台北地檢署昨依貪污等罪嫌向法院聲請羈押禁見2人獲准。據了解，吳男前妻是日前捲入浮報功獎、有「警界范冰冰」之稱的信義分局丁姓女偵查佐，該案同樣正由檢方分案調查。據透露，吳政祐口才好，身段靈活，在警界服務時相當活躍，他在刑事局因偵辦毒品案件出色，因此有了「神探祐祐」綽號，而吳男偵破案件後也很大方，經常請協助的同仁吃飯，對於女性花錢也不手軟，後來因某次帶學弟出入聲色場所飲酒遭到檢舉，又因行事作風引發爭議，因而萌生退意轉任房仲。請繼續往下閱讀...據悉，淡江法文系畢業的丁員畢業後考上警職，起初在基隆服務，因外型亮眼、身材姣好，被封為「警界范冰冰」。吳政佑結識丁員後展開熱烈追求，儘管雙方年齡差距不小，但仍打動丁女的心共結連理，但雙方婚後疑有其他追求者介入，因而感情生變協議離婚。丁員之後轉調台北市信義分局負責毒品業務，不久前考取警大，但因遭檢舉「未實際參與搜索卻爽領500支嘉獎」，經信義分局內部清查後，認定部分簽報程序有瑕疵，決定撤銷百餘支獎勵，而替丁女代簽功獎的鍾姓員警，也依偽造文書罪嫌送辦，丁女因此放棄就讀警大。    ,https://news.ltn.com.tw/news/society/breakingnews/5542609
拿公家垃圾車幫母清運4噸椰子殼 樹林清潔隊班長圖利7245元被起訴,社會,2026/08/17 14:43,新北地檢署。（資料照）新北市樹林區清潔隊循線資收收運班陳姓班長，涉嫌利用管理資源回收場及操作裝載機（俗稱山貓）、垃圾車等職權，將母親在攤位販售椰子水所產生的椰子殼與家戶垃圾，私自運回資收場並傾倒至垃圾車內，以此方式圖利免繳專用垃圾袋費用，總計非法清運4025公斤垃圾、獲得7245元不法利益。新北地檢署依貪污治罪條例「對於主管事務圖利罪」將陳男起訴。檢方調查，陳男自2015年1月起擔任新北市環保局樹林區清潔隊正式隊員，並於2020年至2025年間擔任循線資收收運班班長，負責管理資收場、駕駛山貓及垃圾車等業務。請繼續往下閱讀...檢廉查出，陳男明知一般廢棄物應使用新北市或台北市製作的專用垃圾袋包裝，且其母親在重新橋下販售椰子水所產生的椰子殼屬一般廢棄物，竟將椰子殼載回家中累積至一定數量後，連同部分家戶垃圾以自家小貨車載運至樹林資收場。檢方統計，自2024年1月20日至同年10月5日止，陳男前後多次，由本人或指示不知情的林姓隊員，駕駛山貓將小貨車上的椰子殼直接裝載至垃圾車內，或由陳男駕駛垃圾車以倒車對接方式將椰子殼丟入車內，最後運往樹林垃圾焚化廠處理，總計載運4025公斤，免付專用垃圾袋清理費計7245元。檢方偵查時，陳男對犯行坦承不諱，檢方認為陳男所為涉犯貪污治罪條例「對於主管事務圖利罪」，念及陳男於偵查中自白、主動繳交全部犯罪所得，且圖利金額在5萬元以下，請法院依規定減輕其刑，並斟酌其情節給予緩刑機會，以利自新。    ,https://news.ltn.com.tw/news/society/breakingnews/5542568
吊車在路上發生「意外中的意外」 讓警方逮到家暴通緝犯,社會,2026/08/17 14:33,警方到場處理吊車事故。（記者王冠仁翻攝）35歲邱姓男子因為涉及一起家庭暴力案件，被檢方通緝成為通緝犯，他跑路期間跑到一家工程行打工，某次工程行出動吊車外出作業要停車時，邱下車指揮不當，害吊車司機開車撞到路旁消防栓。警方獲報到場前，邱嚇得落跑，但警方透過吊車司機勸說他出面，他因這起「意外中的意外」而落網。北市警萬華分局青年路派出所在日前下午5時接獲報案，報案民眾聲稱在水源路上有一輛吊車撞到路旁消防栓，需要警方到場協助。請繼續往下閱讀...轄區員警趕到後，吊車司機聲稱當時正要準備停車，同事下車幫忙指揮，但因指揮不當，吊車這才不慎撞到路旁消防栓。員警追問司機指揮者下落，但司機也說事故發生後這名邱姓同事就逃離現場。員警察覺事有蹊蹺，要這名司機幫忙打電話給邱，同時對邱勸說，他這才返回現場；員警一查他身分，發現他因為涉及一起家暴案被通緝，他最終被警方逮捕並解送歸案。    ,https://news.ltn.com.tw/news/society/breakingnews/5542563
中壢老翁深夜躺公園地上 員警關心…原來是散步跌倒爬不起來,社會,2026/08/17 14:33,中壢陳姓老翁深夜躺公園地上，員警關心且即刻救援。（警方提供）桃園市中壢警分局中壢派出所員警日前晚間10時許執行巡邏勤務時，接獲熱心民眾通報指稱，在中原路公園內散步時，遠遠看到一名年邁老翁躺在地上，員警到場處理得知老翁散步不小心摔倒無法自行起身，隨即通知消防隊到場送醫治療。中壢派出所巡佐林志達、警員李宜軒、許育豪及實習生張可柔當天晚上到場，發現75歲陳姓老翁身旁還散落一支拐杖。立刻上前關心，好在他意識清楚，表示散步時不慎跌倒，但因為年紀大了，身體實在痛得受不了，也無法自行起身，只好躺在地上等待救援。請繼續往下閱讀...員警立即通報消防局調派救護車到場，並在旁陪伴、安撫老翁，另依老翁所說的地址前往博愛路上的住處通知其同居人。其同居人獲悉後隨即趕抵現場並說，老翁上午就出門了，正想說怎麼還沒回家，正著急要出門找人警察就來了，對員警及時伸出援手深表感謝，隨即陪同陳伯伯搭乘救護車送醫治療。中壢警分局長林鼎泰表示，年長者外出務必隨身攜帶手機或聯絡資訊；家屬也應隨時留意長者動向，如遇緊急急迫狀況，可立即撥打110或119，警方必定秉持視民如親的精神提供必要協助。中壢陳姓老翁深夜躺公園地上，員警關心且即刻救援。（警方提供）    ,https://news.ltn.com.tw/news/society/breakingnews/5542604
國1台南下營段  油罐車翻覆衝至對向液體外洩1死,社會,2026/08/17 14:25,國1南下296公里台南下營路段，17日下午1時許，1輛載運危險物品過氧化氫的油罐車，不明原因衝過中央分隔島，翻覆在對向車道，造成1死，液體外洩。（讀者提供）國1南下台南下營路段，今（17）日下午1時許發生1輛油罐車翻覆衝至對向的事故，油罐車載運的危險物品過氧化氫洩漏，1人死亡，目前現場仍在處理中，附近路段行車受到影響，提醒用路人提早因應。今天下午1時11分左右，1輛油罐車行經國1南下296公里台南下營路段時，疑因左前輪爆胎，造成車輛失控，撞擊內側護欄後，翻覆在對向北上車道，車頭卡在中央分隔島護欄，嚴重變形，整排的防眩柱也被撞毀，駕駛當場死亡，詳細肇事原因仍待調查釐清。請繼續往下閱讀...國道警方獲報立即趕至現場，該起事故占用北上內、中車道，及南下內線車道，雙向後方車輛回堵。警方封閉北向內、中、外車道處理，開放外側路肩通行，於北向下營系統前引導車流改道至台84線；南向則封閉內側車道及中線車道，開放外側車道及外側路肩通行。因槽車載運的過氧化氫液體洩漏，消防人員也在現場灑水戒備。國道警方呼籲用路人，車輛平時應定期保養維護，行車上路前務必做好車輛車況檢查（油、水、煞車、輪胎、燈光等） ，避免發生類似事件，危害自身及其他用路人之安全。油罐車從國1南下台南下營路段翻覆到北上內側車道，中央分隔島上的綠色防眩柱整排被撞毀。（讀者提供）國1南下296公里台南下營路段，17日下午1時許，1輛載運危險物品過氧化氫的油罐車，不明原因衝過中央分隔島，翻覆在對向車道，造成1死，液體外洩。（讀者提供）國1台南新營路段，1輛油罐車從南下衝到北向車道翻覆，現場處理中。（截取自「國道路況即時通」）    ,https://news.ltn.com.tw/news/society/breakingnews/5542623
男騎士追撞前方車輛「犁田」噴飛 警方到場一驗毒駕,社會,2026/08/17 13:55,吳男發現前車變換車道時，剎車不及打滑。（記者吳昇儒翻攝）40歲吳姓男子昨日晚間6時許，騎車行經仁一路時，未注意前方車輛變換車道，煞車不及直接追撞車尾「犁田」。警方獲報到場，對吳男進行唾液毒品快篩檢測，結果呈陽性反應，警方立即依法逮捕，並依道路交通管理處罰條例規定舉發，全案依公共危險等罪嫌移送基隆地方檢察署偵辦。警方初步調查，吳男騎乘機車行經該路段時，前方的鄭姓女子剛好變換車道，而吳男疑因騎乘機車速度過快，當場追撞車尾，連人帶車摔出去。請繼續往下閱讀...警方到場採證時，發現吳男還有疑似蛇行狀況，懷疑他有施用毒品，對其進行唾液快篩，結果呈現安非他命及嗎啡呈現陽性反應。員警當場扣車，並依規定開罰，並依涉犯公共危險等罪嫌將吳男移送地檢署法辦；事故原因，則待進一步調查釐清雙方肇責。吳男追撞鄭女的車尾，連人帶車噴飛出去。（記者吳昇儒翻攝）吳男追撞後，噴飛到路旁。（記者吳昇儒翻攝）吳男車輛受損嚴重。（記者吳昇儒翻攝）    ,https://news.ltn.com.tw/news/society/breakingnews/5542541
律師滿街跑！全律會嗆考選部放任考訓失衡 恐損害司法健全,社會,2026/08/17 13:52,法務部（資料照）近年律師錄取不斷高升，全國律師聯合會認為，律師考試規則有修正必要，並多次拜會考試院、考選部、法務部提出具體建議。全律會今日發出聲明指出，法務部今年4月召開相關會議，然而迄今考選部仍未具體回覆，對此感到深表遺憾，並表示若繼續未正視相關議題，考訓制度落差將會持續擴大，終將損及我國法律服務品質及司法健全。全律會聲明指出，自2025年起，全律會便多次拜會考試院、考選部、法務部等相關機關，明確表明專門職業及技術人員高等考試律師考試規則有修正之必要，並已提出具體建議，包含應考資格應限制具法律學位者、下修錄取比率及提高及格門檻等。請繼續往下閱讀...今年4月間，法務部就相關議題召集會議，會中法務部亦表明與全律會相同立場，顯示制度失衡問題已獲目的事業主管機關正視。然而，全律會表示，自今年4月會議迄今，考選部尚無任何具體回覆或進展，並強調對此深表遺憾。全律會說明，律師考試錄取人數持續超過合理訓練容量，已對我國律師執業環境造成嚴重衝擊，若考試機關繼續拖延未予正視，考訓制度落差將持續擴大，終將損及我國法律服務品質及司法健全。全律會指出，自明年起，律師基礎訓練將由全律會辦理。全律會綜合考量現有訓練容訓量、律師訓練品質及整體訓練運作狀況，評估明年度律師基礎訓練員額宜為780人以內。全律會辦理律師訓練，責任重大，使命在於培育具備相當執業能力之律師，以維護司法品質，保障人民受高品質法律服務之權利。訓練員額之設定，為全律會審慎評估師資、訓練設施及訓練成效等各項因素後，於現有條件下所能維持訓練品質之合理上限。    ,https://news.ltn.com.tw/news/society/breakingnews/5542511
不滿老婆餵「鳥寶」太多飼料 老公竟拿保溫瓶砸中頭部,社會,2026/08/17 13:05,警方到場逮捕陳男。（記者王冠仁翻攝）55歲陳姓男子飼養一隻鳳頭鸚鵡多年，平時細心照料、疼愛有加，但他昨天下午發現，朱姓妻子居然餵放過量飼料給鸚鵡，他對此不滿，與妻子發生爭吵，妻子也不甘示弱，雙方吵得不可開交。混亂中，陳拿著保溫瓶揮動雙手，不慎打中朱妻頭部，當時陳男外甥女在場目擊一切，姪女隨即報警；警方到場後確認朱妻頭部受傷，隨即將陳男依家暴現行犯逮捕。北市警士林分局社子派出所在昨天下午5時許接獲報案，陳男外甥女報案聲稱，家中有人發生爭吵，姑丈拿起保溫瓶攻擊姑姑，導致姑姑頭部受傷。請繼續往下閱讀...轄區警方趕往陳男位於社子街的住處，這才發現原來陳男飼養一隻鳳頭鸚鵡，平時疼愛有加、細心照料，也擔心投放太多飼料會導致鸚鵡營養失衡、體重過重，曾為此事多次跟朱姓妻子交代。當天下午，陳男發現朱姓妻子餵放太多飼料，他氣得跟朱理論，朱自認是好心幫忙放飼料，也不甘示弱回嗆，雙方在住處內大吵。陳越吵越氣，混亂中揮動雙手，沒料到手中拿著的保溫瓶不慎敲擊到朱妻右側頭部，朱痛得大聲哀號。當時也在場的陳男姪女見狀，認為狀況失控，嚇得報警。警方事後確認朱妻頭部雖無外傷，但她表示疼痛難耐、相當不適，警方隨即通知救護人員將她送醫檢傷；警方同時認定陳男涉嫌違反家庭暴力防治法，當場將他逮捕。士林分局呼籲，民眾遇有家庭或親屬間糾紛，應保持心平氣和、理性溝通，切勿因一時衝動而訴諸暴力解決問題。若自身或家人遭遇家庭暴力等不法侵害，請保持冷靜並立即撥打110報案專線求助，或撥打113保護專線尋求專業諮詢與庇護。警方對於任何暴力行為均秉持「零容忍」態度，絕對依法嚴辦，以維護社會安寧與民眾人身安全。陳男飼養的鳳頭鸚鵡。（記者王冠仁翻攝）    ,https://news.ltn.com.tw/news/society/breakingnews/5542491
開車前往高雄機場這招省時間？ 黑車失控打滑驟停 高雄警方追查,社會,2026/08/17 12:22,警方追查違規的黑車（中）及白車（左）。（記者洪定宏翻攝）2輛汽車前往高雄機場途中，疑似為了節省時間，在路口快速迴轉，其中的黑車失控打滑、驟停，險象環生；高雄警方表示，沒有接獲報案，但過濾監視器畫面，2輛汽車違規，將通知駕駛到案說明。警方指出，2輛汽車均由前鎮區中山路南下右轉專用車道，依號誌指示右轉進入金福路，續行至翠亨南路口迴轉，但未依規定在內側車道轉彎，可處600元至1800元罰金。請繼續往下閱讀...另依民眾提供的影像畫面顯示，黑車行駛過程疑因車速過快打滑，並驟停在中山路車道，違反「在道路上蛇行，或以其他危險方式駕車」規定，將開罰6000元至3萬6000元。警方強調，為防止駕駛人貪圖方便，不願停等中山四路與金福路口（北往南）紅燈，恣意在金福路（東往西）迴轉後，再順著燈號右轉中山四路南下，將函請交通局會勘，針對金福路與翠亨南路口（東向西）研擬改為禁止迴轉。    ,https://news.ltn.com.tw/news/society/breakingnews/5542460
桃園復興山區2天午後溪水暴漲18人受困 消防急流橫渡救援,社會,2026/08/17 12:08,桃園市復興區霞雲溪烤肉區溪水暴漲有17名民眾受困對岸，消防人員急流橫渡救援。（桃園市消防局提供）桃園市復興區山區近日受午後降雨影響，接連發生溪水暴漲阻斷民眾去路事件。桃園市消防局第四大隊8月15日、16日連續兩日在霞雲溪及宇內溪執行水域救援，共協助18名民眾脫困。消防局提醒，復興山區溪流水位變化快速，上游降雨後，下游可能短時間暴漲，從事溪流活動務必提高警覺。8月15日下午4時29分，消防局接獲報案，復興區霞雲溪烤肉區有17名民眾因溪水暴漲受困對岸，立即出動5車10名消防人員及4名義消救援。救援人員抵達後先以喊話安撫受困民眾，要求留在安全處所，同時架設繩索橫渡系統及使用拋繩槍建立救援通道。待雨勢趨緩後，經評估水位、流速及河道狀況，救援人員利用繩索往返兩岸，逐一協助17人脫困，歷時近3小時，所有人均平安無傷。請繼續往下閱讀...隔天8月16日下午2時10分，宇內溪上游露營區再傳受困案件，1名民眾因溪水暴漲、通行路線遭阻斷，受困對岸。消防局立即派遣4車10名消防人員前往，經評估現場水勢與地形後，採取過溪救援方式，並以繩索建立安全撤離路線，順利協助民眾通過急流返回安全岸側。第四大隊長陳莉婷表示，復興區溪流受山區地形與天候影響，水位變化迅速，即使活動時水勢平穩，上游降雨後仍可能在短時間內形成暴漲，民眾露營、戲水、垂釣前，應留意中央氣象署天氣資訊及警報、特報，並觀察上游天候與溪流水位變化。陳莉婷提醒，若發現天色轉暗、聽見雷聲或開始降雨，應立即提高警覺並儘早撤離溪床，切勿等到溪水已經暴漲才試圖離開；若不慎遭溪水阻隔，應優先移動至穩固且較高的位置，立即撥打119，並清楚告知所在位置、人數及現場狀況，等待救援。切勿自行游泳、涉水或強行渡溪，以免遭急流沖走而發生危險。桃園市復興區霞雲溪烤肉區溪水暴漲有17名民眾受困對岸，消防人員急流橫渡救援。（桃園市消防局提供）桃園市復興區霞雲溪烤肉區溪水暴漲有17名民眾受困對岸，消防人員急流橫渡救援。（桃園市消防局提供）桃園市復興區霞雲溪烤肉區溪水暴漲有17名民眾受困對岸，消防人員急流橫渡救援。（桃園市消防局提供）桃園市復興區霞雲溪烤肉區溪水暴漲有17名民眾受困對岸，消防人員急流橫渡救援。（桃園市消防局提供）桃園市復興區宇內溪上游露營區也傳受困案件，1名民眾因溪水暴漲受困對岸，消防人員急流橫渡救援。（桃園市消防局提供）桃園市復興區宇內溪上游露營區也傳受困案件，1名民眾因溪水暴漲受困對岸，消防人員急流橫渡救援。（桃園市消防局提供）    ,https://news.ltn.com.tw/news/society/breakingnews/5542432
公園倒臥男「喪屍」附身！ 秒變暴走毒蟲   警噴辣椒水制伏,社會,2026/08/17 11:44,警深夜接獲報，楠梓公園內有人倒臥在地，員警趕赴現場，發現孫姓男子正處於吸食「依托咪酯」後的精神恍惚狀態。（讀者提供）高雄市楠梓警分局昨深夜接獲報，楠梓廣昌街一處公園內有男子倒臥在地，員警火速趕赴現場，原本打算發揮大愛協助其就醫，不料上前關懷時，眼尖員警卻在男子身旁發現散落的電子煙具，而該名48歲孫姓男子正處於吸食新興毒品「依托咪酯」後的精神恍惚狀態。原本需要被救助的孫男，在面對員警制止與依法盤查時，因毒效發作竟當場情緒斷線、失控，對員警展開劇烈反抗，警方為防範現場危害擴大、確保周遭民眾與孫男自身安全，現場員警果斷掏出辣椒水實施預防性壓制，一陣辛辣攻勢瞬間瓦解孫男氣焰，順利將其上銬逮捕。請繼續往下閱讀...經警方現場初步檢驗，孫男身旁的煙彈確實呈現「依托咪酯」陽性反應。全案訊後依違反毒品危害防制條例，移送橋頭地檢署偵辦。警方呼籲，「依托咪酯」已於今年6月正式改列為「第一級毒品」，吸食後極易引發肌肉抽搐、意識混亂及無法自控的狂暴行為，嚴重危害人體健康與社會治安，絕不容許毒品挑戰公權力。員警果斷掏出辣椒水實施預防性壓制。（讀者提供）    ,https://news.ltn.com.tw/news/society/breakingnews/5542412
香港媽媽蹲坐馬路上大哭 嘉縣警伸援手安撫一家,社會,2026/08/17 11:27,香港籍韓姓女子疑因語言不通、在台灣難以適應，蹲坐馬路上大哭。（警方提供）香港籍韓姓女遊客日前偕同丈夫、未成年孩子到嘉義縣旅遊，不料疑因語言不通無法順利溝通，一時惶恐，竟蹲坐在高鐵嘉義站外馬路上大哭，孩子見狀也哭得一把鼻涕、一把眼淚，丈夫在旁手足無措，連忙向巡邏警方求助；警方見夜色昏暗，馬路上車來攘往、有安全疑慮，先將一家人載到派出所歇息，協助聯繫計程車送到下榻旅社，對員警伸援手解除危機，韓女的丈夫連聲向員警道謝。嘉義縣警察局水上分局太保聯合所員警日前晚間巡邏，接獲報案有民眾在高鐵嘉義站疑似情緒失控，蹲坐在保鐵十二路的馬路上大哭，連忙趕往現場，到場後發現39歲韓女不停哽咽哭泣，身旁年約12歲的孩子因擔心媽媽，也在旁哭得一把鼻涕、一把眼淚。請繼續往下閱讀...韓女丈夫透露，趁孩子放假特地到台灣旅遊，不料妻子初次來到陌生環境，加上語言不通、無法順利與在地人溝通，難以適應，內心很惶恐而情緒崩潰，無助蹲坐在路邊大哭。到場員警除了耐心解釋、安撫，待韓女情緒緩和，由於晚間夜色昏暗、光線不足，馬路上又有車流、行人往來，險象環生，基於安全考量，先將韓女一家載到派出所歇息，後續協助聯絡計程車，將一家人送到下榻旅社，韓女丈夫對員警在關鍵時刻伸出援手，感激不已。到場員警耐心安撫香港籍媽媽跟小孩，將一家人載回派出所歇息、緩和情緒。（警方提供）    ,https://news.ltn.com.tw/news/society/breakingnews/5542378
毒駕電動輔助自行車 女子逆向違規遭查獲安非他命,社會,2026/08/17 11:24,毒駕電動輔助自行車，李姓女子逆向違規遭查獲安非他命。（民眾提供）高雄42歲李姓女子騎電動輔助自行車，因逆向行駛險與警車發生事故，員警將她攔下警告，意外認出曾被他逮過的有毒品前科的通緝犯，依法對她實施毒測，結果呈毒品陽性反應，更進一步在身上查獲藏匿的毒品安非他命，當場將其逮捕送辦。鼓山分局今（17）日指出，龍華所員警前日巡邏行經鼓山區篤敬路與文忠路口時，發現李女（42歲）騎乘電動輔助自行車沿路逆向行駛，險些與警車發生事故，警方立即告誡並要求其注意行車安全，未料李女仍持續違規跨越車道行駛，立刻將她攔停。請繼續往下閱讀...盤查過程中，員警發現李女神情緊張、注意力渙散，並認出李女在數年前曾因通緝案件遭警查獲，現場頻頻表示自己已戒毒，苦苦哀求警方放過她，隨後經對其實施唾液毒品檢驗，檢測結果呈毒品陽性反應，更進一步在身上查獲藏匿之毒品安非他命，當場將其逮捕送辦。經了解，李女當日駕車逆向行駛險與員警發生交通事故，經告誡後仍持續有違規行為，遭攔查後雖不斷強調自己已經戒毒、不再碰毒，更主動出示自己的戒毒證明，然而在面對盤問時卻異常緊張，見員警查緝立場堅定又轉而開始求饒。巧合的是，警方進一步查證發現，李女在數年前便曾被自己查獲通緝案件，時隔多年再次遇上同一名員警，先因交通違規遭攔查，最終意外被查獲毒駕及持有毒品等犯罪，實在得不償失。全案警詢後依違反毒品危害防制條例及公共危險等罪嫌移送偵辦。警方表示，李女已違反《道路交通管理處罰條例》第73條2項規定：吸食毒品後駕車，可處新臺幣2400元、第73條1項規定：不依規定轉彎（逆向）、夜間行車未使用燈光，最高均可處新臺幣1200元，共計4800元罰鍰，警方將依法製單舉發。鼓山分局呼籲，毒品嚴重影響駕駛人的注意力、判斷力及反應能力，無論騎乘機車或電動輔助自行車，只要受到毒品影響上路都可能危及用路人安全。警方在李女身上查獲毒品。（民眾提供）    ,https://news.ltn.com.tw/news/society/breakingnews/5542371
斯里蘭卡男子花1萬美元買假加拿大護照 桃機轉機偷渡遭識破,社會,2026/08/17 11:16,斯里蘭卡籍男子花費1萬美元購買假護照企圖偷渡，遭移民官攔截識破依法遣返。（國境事務大隊提供）一名斯里蘭卡籍男子花1萬美元向人蛇集團購買偽造加拿大護照，企圖從新加坡經桃園機場轉機前往加拿大多倫多工作，卻因長榮航空地勤發現證件及行程異常通報移民署，經移民官專業鑑識確認護照造假，男子身分當場曝光，國境事務大隊經調查後依國際慣例遣返前一站新加坡。移民署國境事務大隊表示，本月中旬接獲長榮航空通報，指一名持加拿大護照的男子從新加坡抵達桃園機場，準備轉機前往多倫多，但訂位行程及旅行證件疑有異常。移民官到場查驗，發現護照防偽特徵及資料均有多項偽造跡象。請繼續往下閱讀...國境事務大隊說，男子起初態度強硬，面對移民官詢問不斷反問「發生什麼事？我的證件有什麼問題？不要耽誤我的行程！」企圖持用偽造護照情事。不過，移民官進一步詢問加拿大首都、住址等基本資料，男子均無法回答，甚至無法唱出加拿大國歌，最終坦承自己是斯里蘭卡籍，並從行李中取出真正的斯里蘭卡護照。男子供稱，花費1萬美元向人蛇集團購買偽造加拿大護照，由對方安排機票及旅行路線，企圖利用國際轉機掩飾真實身分偷渡加拿大工作。遭識破後，他不斷請求移民官放行，稱偷渡費用都是向親友借來，急著赴加拿大工作還債。國境事務大隊調查後，因男子持用偽造護照企圖偷渡，依國際慣例遣返前一站新加坡。斯里蘭卡籍男子花費1萬美元購買假護照企圖偷渡，遭移民官攔截識破依法遣返。（國境事務大隊提供）斯里蘭卡籍男子持用偽造加拿大護照來臺企圖轉機至加拿大遭移民官識破。（國境事務大隊提供）斯里蘭卡籍男子持用偽造加拿大護照來臺企圖轉機至加拿大遭移民官識破。（國境事務大隊提供）斯里蘭卡籍男子自己的護照。（國境事務大隊提供）    ,https://news.ltn.com.tw/news/society/breakingnews/5542352
男子打拳賽「大腦位移」慘死！現場未配醫師 主辦人無罪改判6月定讞,社會,2026/08/17 11:06,拳館內部擂台。（取自臉書）26歲胡姓男子2022年參加新北市新店拳擊俱樂部舉辦的「大拳頭拳擊友誼賽」時，因頭部遭重擊送醫不治。台北地檢署依照過失致死罪起訴俱樂部負責人、同時也是國際一星拳擊教練、A級國家級拳擊教練及裁判的丁晧峯。台北地院審理後認定丁男罪嫌不足判處無罪。案經上訴以後，高等法院改依過失致死罪處丁男6月徒刑，得易科罰金。案件上訴，最高法院駁回上訴，全案定讞。新店拳擊俱樂負責人為丁晧峯，丁男同時兼任拳館教練，2022年7月30日該拳館舉辦「第11屆全國大拳頭拳擊友誼賽」，胡姓男拳手報名75至80公斤級賽事，與29歲的徐姓男子對戰。請繼續往下閱讀...比賽開打期間，胡男的頭部及下巴接連被對方揮拳重擊，待第一回合結束以後，胡男回到場邊休息時，突然全身發軟、噁心想吐；最後比賽第二回合，胡男再遭擊中右側頭部跌坐在地，起身後頭部又遭連擊，最終比賽以裁判判定徐男勝利告終。然而，胡男在下場後持續感到頭暈目眩，甚至意識模糊差點癱倒在地，胡男女友見狀旋即聯繫救護車，待胡男被抬上救護車時已陷入昏迷，最終搶救後仍宣告不治，死因為顱內大量出血、大腦位移導致腦死等。北檢偵辦後認為，比賽負責人丁男明知國際拳擊總會技術和競賽規則，比賽應配置醫護人員在場，應由醫師依國際拳擊規則附錄之「體檢合格證書」表列事項，評估選手適合參賽後，選手才能參賽，且賽後應由醫護檢查拳擊手狀態，隨時採取必要的救護，依照過失致死罪起訴丁男。台北地院一審認為丁男並無應注意而未注意的過失，罪嫌不足判處無罪。案經檢方上訴以後，高等法院認為，丁男未依照國際拳擊規則配置拳台醫師全程在場，而以選手自行出具健康聲明書方式便宜行事，致使胡男在比賽前，未能獲得醫師檢查及專業意見，也無法在拳賽過程獲得必要協助，讓胡男枉送寶貴性命，最終撤銷一審判決，改依過失致死罪處丁男6月徒刑，得易科罰金。案上訴至三審以後，被最高法院駁回，全案定讞。    ,https://news.ltn.com.tw/news/society/breakingnews/5542353
桃園2男童斑馬線奔跑險遭撞 警方將查訪家長開罰,社會,2026/08/17 10:59,桃園區民光路、正康二街口，本月15日有車主目擊2名男童任意在行人穿越道上奔跑，險遭綠燈直行的車輛撞上。（記者鄭淑婷翻攝）桃園市桃園區民光路、正康二街口，本月15日有車主目擊兩名男童任意在行人穿越道上奔跑，險遭綠燈直行的車輛撞上，網友怒批「誰家屁孩連過馬路都教不好」；警方表示，當天未接到民眾報案，將主動查訪家長了解情況並依法舉發。桃園警分局景福派出所表示，經審視影片內容，兩名男童在道路上奔跑嬉戲，已經違反道路交通管理處罰條例第78條第1項第4款規定，可處新臺幣500元罰鍰。請繼續往下閱讀...桃園警分局也提醒，家長應加強宣導交通安全觀念，切勿讓孩童在道路上追逐、奔跑或嬉戲，以免影響車輛通行並危及自身安全，共同維護良好交通秩序。    ,https://news.ltn.com.tw/news/society/breakingnews/5542339
少年在北捷車廂亮刀嚇壞乘客！警方到場發現是塑膠玩具刀,社會,2026/08/17 10:51,警方查扣少年把玩的塑膠折疊刀。（記者王冠仁翻攝）一名15歲少年昨天前往新北市觀看2026「淡水漁人碼頭仲夏繽紛樂」首場煙火秀後，搭乘台北捷運要返家，但他在列車座位上閒來無聊，居然拿出一把折疊刀把玩，有眼尖乘客發現，嚇得通報站務人員。站務人員在列車抵達明德站時將他帶下車，警方到場後這才發現他把玩的是一把塑膠玩具刀，他也沒有傷人或恐嚇他人，但警方認為少年仍觸犯社會秩序維護法，仍將他依法裁處。北市警北投分局在昨天深夜10時51分接獲報案，民眾聲稱在北捷淡水線一列從淡水開往象山的列車上，有人持刀。請繼續往下閱讀...警方不敢大意，立刻聯繫北捷人員，得知持刀者已經被站務人員於明德站帶下車，警方隨即派遣大量警力趕往明德站。警方調查，原來這名持刀者是一名15歲少年，他昨晚前往參加2026「淡水漁人碼頭仲夏繽紛樂」首場煙火秀後搭捷運返家，期間在車廂內閒來無聊，居然拿出一把隨身攜帶的折疊刀把玩。警方檢視該刀，發現是一把塑膠折疊刀。警方事後調閱車廂內監視器畫面，發現這名少年當時並無傷人或恐嚇維安情事。不過，他的行為已經違反社會秩序維護法第63條第1項第1款「無正當理由攜帶具有殺傷力之器械」，警方仍將他依法裁處。北投分局呼籲，無故攜帶具有殺傷力之器械或危險物品可能觸犯社會秩序維護法，民眾切勿輕忽，以免觸法。    ,https://news.ltn.com.tw/news/society/breakingnews/5542337
8家保險公司代位求償！桃園男手賤引火燒毀大賣場 22歲背近4億天價賠償,社會,2026/08/17 10:42,郭男2年前與2名友人到家樂福中原店購物，卻在清潔用品區以打火機引燃噴霧殺蟲劑引發大火。（資料照，記者李容萍攝）桃園市22歲郭姓男子2年前與2名友人到家樂福中原店購物，卻在清潔用品區以打火機引燃噴霧殺蟲劑引發大火，不只燒毀賣場也波及到商店街店家，事發後停業將近半年，總理賠金額近4億元，8家保險公司向郭男代位求償，桃園地院近日判決郭男共應給付3.98億元。另，連帶被火勢波及的商店街咖啡店，保險公司也向郭男代位求償，法院日前已判決郭男須給付97萬9326元；刑事部分，郭男被依涉犯失火燒燬現有人所在之建築物罪，判處有期徒刑6月，網友大嘆，一把火的代價，即使年收百萬也難賠。請繼續往下閱讀...郭男於2023年12月3日凌晨與黃姓、周姓友人到家樂福中原店購物，郭男竟在地下1樓清潔用品區拿出打火機引燃噴霧殺蟲劑，隨後若無其事放回架上，3人又繼續往其他區域購物，豈料，殺蟲劑上殘留餘火未熄滅，引燃貨架其他殺蟲劑甚至爆炸，火勢瞬間延燒其他商品，導致店內物品燒燬、煙燻，1樓及地下1樓牆壁及天花板也受到嚴重損害，須委由結構技師進行修復鑑定，並依鑑定結果修復及補強才能重新營業，8家保險公司總計理賠3億9827萬0878元，並聯合向郭男提出代位求償。郭男未於言詞辯論期日到場，也未提出書狀聲明陳述，法官綜合證據調查結果，認為保險公司主張為真實，依侵權行為及保險代位求償的法律關係，請求郭男賠償即屬有據，判決郭男共應給付保險公司3億9827萬878元，可上訴；另，遭受波及的商店街咖啡店，保險公司也已向郭男代位求償獲賠97萬9326元。郭男當時在清潔用品區以打火機引燃噴霧殺蟲劑引發大火。（資料照）郭男「手賤」不只燒毀賣場也波及商店街店家。（資料照）    ,https://news.ltn.com.tw/news/society/breakingnews/5542323
檢舉第三方支付涉詐博！遠東銀經理當內鬼 翻拍陳情函傳洗錢案主嫌遭起訴,社會,2026/08/17 10:33,民眾向金管會檢舉與遠東銀行往來的第三方支付業者「國聲科技」，疑協助詐欺、博弈集團代收代付，身分卻遭銀行內部人員「反向曝光」。（記者劉詠韻攝）民眾向金管會檢舉與遠東銀行往來的第三方支付業者「國聲科技」涉詐欺、博弈集團代收代付，身分卻反遭銀行內部人員曝光。台北地檢署查出，遠東銀行經理黃秋宜承辦金管會函查時，涉嫌翻拍陳情函，將檢舉人個資及銀行回覆內容傳給國聲負責人、洗錢案主嫌謝睿宸，偵結後依違反個人資料保護法等罪起訴。起訴指出，現年57歲的黃秋宜於2022年至2023年間，在遠東銀行企金部擔任資深副理，2024年起轉任該銀行板橋文化分行經理，工作內容包括審核第三方支付客戶帳戶及交易風險，並負有洗錢防制、金融監理及客戶資料保密等義務。請繼續往下閱讀...金管會2023年接獲林姓民眾陳情，指稱多間第三方支付公司疑協助詐欺、博弈集團代收代付，其中包括與遠東銀行有業務往來的國聲科技；金管會同年函請遠東銀行查復，由黃女負責調查及審核回覆公文。國聲科技為合法登記的第三方支付業者，刑事局查出該公司涉嫌提供虛擬帳號代收代付詐欺贓款及賭資，協助跨國詐騙集團、博弈網站洗錢，並收取0.3％至0.5％手續費，不到兩年經手金額至少80億元，不法獲利上看3000萬元；警方陸續查獲謝睿宸等19人，謝男及合作科技公司的鄧姓負責人去年均遭法院裁定羈押禁見。但早在案件曝光前，檢方查出黃女因承辦金管會函查，取得林男陳情資料，明知陳情人身分、陳情內容及金管會函文均非公開資訊，且姓名、聯絡電話涉及個人隱私，仍涉嫌於2023年8月2日近中午時分，翻拍載有林男姓名、電話的陳情函，以LINE傳給遭檢舉的國聲科技負責人謝睿宸。黃女隨後又將遠東銀行回覆金管會的函文內容擷取後，以LINE傳送給謝男。警方去年11月前往黃任職的遠東銀行板橋文化分行搜索，查扣客戶資料查詢單、陳情公文系統資料、銀行回函，以及黃持有的手機、筆記本及日曆等物。檢方偵查認為，黃涉犯非公務員洩漏國防以外秘密罪，以及非法利用個資罪，因屬一行為觸犯數罪的想像競合，依法從一重的個資法罪嫌處斷；另檢方也曾調查黃是否涉及「銀行法」銀行職員背信罪，但該罪須造成銀行財產或其他利益受損，目前尚無證據證明遠東銀行因此受到實際損害，難認成立，因此不另為不起訴處分。    ,https://news.ltn.com.tw/news/society/breakingnews/5542315
虎頭蜂狂螫釀2死1傷！ 死者傷口集中頭部 專家：直接影響神經系統,社會,2026/08/17 10:28,黃腰虎頭蜂巢。（陳文華提供）墾丁國家公園未開放區域日前爆發有山友遭虎頭蜂群攻擊，造成2死1重傷慘劇，昨天檢警法醫進行相驗，確認兩名死者因虎頭蜂螫咬導致過敏性休克而死亡，由於被叮的傷口都集中在頭部，學者也指出，若頭部被螫咬將直接影響人體的神經系統，會造成嚴重的致命威脅。死者顏、張兩人皆為資深山友，亦曾參與山難救助，雖經驗豐富卻仍難敵蜂群以致死於山中，且傷口集中在頭、手，顯見當時是為保護頭部，但仍遭大量蜂群緊追不捨螫咬而死亡。國立屏東科技大學植物醫學教學醫院院長陳文華說，虎頭蜂屬社會性動物，為保護蜂巢，會派遣「警戒蜂」或「巡邏蜂」在外巡邏，其中較為常見的黃腰虎頭蜂不僅低海拔山區會出沒，在民居聚落的郊外也時會出現，但警戒範圍較小，約在5公尺左右。請繼續往下閱讀...他指出，另一種較常見的「黑腹虎頭蜂」攻擊性最強，警戒範圍長達30公尺以上，巡邏蜂見到入侵者若未離去有入侵之嫌，就會散發費洛蒙呼朋引伴並開始攻擊，聞到費洛蒙訊號的其它蜂，此時也會蜂擁而出，朝入侵者攻擊，若多隻蜂同時進行攻擊，將增加毒液量以致救治更加困難。陳文華表示，由於虎頭蜂的振翅聲較大，不論是目視或聽聞，就應儘速遠離現場，避免費洛蒙吸引更多蜂群集體攻擊，由於黑色、深色會成為虎頭蜂攻擊目標，登山或到郊外應著淺色衣物，因虎頭蜂毒液會影響神經系統，因此若是頭部被螫咬，可能引發更為嚴重的全身性反應，應立即尋求醫療協助，切勿自行塗抹未經證實的藥物。黑腹虎頭蜂巢。（陳文華提供）    ,https://news.ltn.com.tw/news/society/breakingnews/5542297
老翁到農會領500萬要買台積電股票 驚動警方到場,社會,2026/08/17 10:27,老翁提領500萬元想買台積電股票，警方到場關懷，排除詐騙。（屏縣里港警分局提供）屏東縣一名77歲老翁，到農會欲臨櫃提領500萬元表示要投資股票，行員因擔心老翁遭詐騙而通報，里港警分局員警立即到場關懷，經深入了解，原來是老翁見孫子女都有投資股票，於是想領500萬元交由外孫協助投資台積電股票，不是詐騙，虛驚一場。屏東縣政府警察局里港分局表示，大平派出所近日接獲里港農會通報，一名77歲老翁欲臨櫃提領新台幣500萬元，表示將作為投資股票之用。由於金額龐大，且為老翁首次提領如此高額現金，行員察覺有異，擔心民眾遭遇投資詐騙，立即依關懷提問機制通報警方到場協助。請繼續往下閱讀...大平派出所警員陳冠銘、張文健獲報後立即趕赴現場了解。原來，老翁是因身邊恰巧有一筆閒錢，見孫子女都有投資股票，於是提領500萬元準備交由外孫協助投資台積電股票，而其女兒、兒子也都在場證實。警方進一步查證相關身分、投資流程及帳戶資料，確認均屬正常，並無遭詐騙或假投資情形。雖確認本案並非詐騙，員警仍把握機會向老翁及家屬宣導常見假投資詐騙手法，提醒提高警覺，民眾也對警方及農會行員的熱心關懷表達感謝。里港警分局長邱逸樵表示，近年假投資詐騙案件層出不窮，詐騙集團常以股票、虛擬貨幣或投資名義誘騙民眾投入大筆資金。警方提醒，民眾切勿輕信來路不明的投資訊息，遇有可疑投資邀約或要求提領、匯款時，應提高警覺，可先向165反詐騙專線或鄰近警察機關查證，多一分求證、少一分損失。    ,https://news.ltn.com.tw/news/society/breakingnews/5542309
沒拿到史努比吊飾被騙300萬 再匯200萬幸警阻詐,社會,2026/08/17 10:20,林婦因史努比吊飾被騙走300萬元，上銀行再匯200萬元，警方與行員聯手阻詐。（民眾提供）詐騙集團以「免費領取史努比吊飾」為幌子，誘騙林姓婦人轉帳匯款40元運費獲取個資後，再以各種詐騙理由要求林婦匯款，林婦被騙連吊飾都沒拿到，已多次匯款累計300萬元，詐騙集團食髓知味欲，要求林婦臨櫃匯款200萬元，鳳山警方與行員聯手阻詐，林婦才驚覺受騙上當，保住200萬元積蓄。警方今表示，林姓婦人（68歲）為家庭主婦，她於網路看到「免費領取史努比吊飾」廣告，一時心動點擊廣告與對方聯繫，詐騙集團先以「吊飾免費，只需支付40元運費」為誘餌，再傳送假冒「黑貓宅急便」賣貨便釣魚連結網頁，要求林婦填寫訂單及收貨資料，獲取林婦個人資料後，又以「買家未完成實名認證」、「交易訂單遭鎖定」、「未處理恐遭平台罰款」等話術，要求林婦加入假客服帳號，依照指示操作匯款，林婦竟信以為真，陸續匯出多筆小額款項到不同帳號，累計達300萬元。請繼續往下閱讀...詐騙集團食髓知味，要求林婦至銀行臨櫃匯款200萬元，林婦8月12日到彰化銀行鳳山分行匯款200萬元，依照詐騙集團話術稱款項用途為「室內裝修工程款」，仍被行員察覺林婦說詞及匯款情形有異，疑似遭遇詐騙報警協助；鳳山警方到場向林婦查證，竟是對方教導林女規避銀行提問說詞，研判林婦已落入詐騙圈套，警方告訴林婦遇到詐騙集團，林婦仍深信對方說法，不認為自己遭到詐騙，警方為戳破騙局，直接接聽對方來電，當著林婦面前與對方交鋒，對方持續以話術取信林婦，警方當場表明「我是警察啦！」，對方驚覺詐團曝光，立即掛斷電話。警方再檢視林婦手機內對話及相關資料，確認對方提供網頁並非正常官方交易流程，且林婦匯入帳戶也涉及詐騙警示資訊，她才驚覺受騙上當，所幸行員機警通報、警方及時到場勸阻，成功保住200萬元積蓄，行員也盤點她之前匯出多筆小額匯款，累積金額高達300萬元，請求警示之前匯款帳戶，希望能追回已匯300萬元。林婦因史努比吊飾免費被騙走三百萬元，上銀行再匯二百萬元，所幸警方與行員阻詐。（民眾提供）    ,https://news.ltn.com.tw/news/society/breakingnews/5542283
獨家》私傳訊息給人妻 莽夫持刀殺了好友,社會,2026/08/17 10:18,身受重傷的戴姓男子最後倒在大馬路邊。（民眾提供）29歲李姓男子疑似不滿36歲戴姓好友一直傳訊息給準備復合的前妻，內容多在講他的是非，16日氣得持西瓜刀上門理論，手刃對方；嫌犯事後坐車逃往海線，玉井警分局3小時內逮獲，依殺人罪移送，檢方聲押。兇殺案發生在南化區，昨天近午，李男搭乘前妻開的轎車要回老家，經過死者住處，他又想到私傳訊息的事情，2人為此起爭執，大吵一架，妻子想趕緊開走，已在氣頭上的李嫌，手持西瓜刀逕自下車，衝往戴男的住處，將睡覺中的他叫醒，一言不合後，直接砍殺，李男行兇後，回到車上迅速離開現場。請繼續往下閱讀...戴姓男子左腋下處被刺入，血流如注。監視器畫面顯示，戴男負傷逃出住處，沿途踉蹌，跌跤又爬起，跑了約200米，最後不支倒在南化國小對面路旁，雖然報案處理，消防隊趕來急救，仍宣告不治。玉井分局獲報，隨即展開偵辦，並進行攔截圍捕，3小時內將李姓嫌犯逮住，他坦承持刀行兇，原本只是想嚇唬、教訓對方，並非故意殺人，但警方認為說詞避重就輕，正深入釐清案情，並依法移送。據了解，嫌犯及其前妻與死者都熟識，李男對於戴男持續傳訊息，且內容多在數落他的舉動，相當不滿，即使是玩笑話，也開得過火，曾向對方告知，也因此心生芥蒂。李男認為戴姓友人私傳訊息，有的內容並非事實，等於在破壞他們2人的感情，昨天一時氣不過，憤而行兇。戴姓死者負傷逃離住家，來到台20乙線路上倒臥。（記者吳俊鋒攝）戴姓死者負傷逃離住家，沿途路面上留下血漬。（記者吳俊鋒攝）身受重傷的戴姓男子最後倒在大馬路邊，現場仍遺留明顯的血跡。（記者吳俊鋒攝）玉井警分局轄內發生兇殺案，1人死亡，3小時內火速逮獲嫌犯，移送法辦，檢方聲押。（記者吳俊鋒攝）    ,https://news.ltn.com.tw/news/society/breakingnews/5542296
川湖起家厝爆朝聖人潮 湖內警加強巡邏,社會,2026/08/17 10:10,川湖科技起家厝連日來湧現朝聖人潮，警方加強周邊巡邏。（記者蘇福男攝）伺服器滑軌大廠川湖科技股票上週衝上萬元，創辦人兼董事長林聰吉身家暴漲，晉身為台灣新首富，其位於高雄市湖內區的起家厝瞬間爆紅，連日來人潮聚集在門口探頭探腦、甚至拍照打卡，湖內警分局主動設置巡邏站加強巡邏。川湖工廠1977年創辦初期設在林聰吉的大湖住家，後來隨著生意蒸蒸日上，1986年才搬遷至路竹後鄉工業區設廠，之後2007年子公司川益科技進駐南科高雄園區，川湖7層樓高的起家厝，數十年來仍是大湖街的醒目地標。請繼續往下閱讀...上週川湖科技股票衝上萬元，林董身家暴漲至新台幣5380億元，晉身為台灣新首富，原本靜謐的大湖民權路，連日來突然湧現大批向首富朝聖人潮，有好奇民眾開車、甚至騎YouBike專程前來探望起家厝，對著磁磚斑駁的起家厝外觀拍照打卡，附近居民對於人車進出及居住安寧向警方表達關切，林家也自行裝設保全確保安全。湖內分局表示，接獲民眾反映後，已加強該處周邊巡邏勤務，並視現場狀況適時予以勸導，以維護社區秩序及居民生活安寧，警方呼籲民眾應尊重住戶居住安寧及個人隱私，避免影響居民生活。警方加強巡邏川湖科技起家厝，林家也自行裝設保全確保安全。（記者蘇福男攝）    ,https://news.ltn.com.tw/news/society/breakingnews/5542288
苗栗頭份死亡車禍 騎士猛撞熄火曳引車頭部受創送醫不治,社會,2026/08/17 09:31,苗栗頭份死亡車禍，騎士猛撞熄火曳引車 臉變形耳鼻出血奪命。（民眾提供）一名22歲盧姓男子，昨日中午12點多騎乘機車行經苗栗縣頭份市正興路與水源路182巷口時，因不明原因猛烈撞擊停放於路旁的營業貨櫃曳引車車尾，盧男當場頭部重創、臉部嚴重變形且大量出血，現場受困於車斗後方，經消防人員救出送醫搶救後仍宣告不治。警方調查，事發當時，50歲詹姓男子將營業貨櫃曳引車熄火停放於頭份市水源路182巷附近路邊；盧男則騎機車由尖山地區往頭份市區方向行駛，行經事故地點時偏離外側車道突然撞上停放於路肩的曳引車車尾。請繼續往下閱讀...消防救援人員獲報趕抵現場，發現盧男卡在聯結車後斗，經派員協助脫困後，評估盧男已無呼吸心跳（OHCA），且臉部嚴重變形並有耳漏、鼻漏等重創狀況，緊急送往醫院救治，可惜最終仍因傷勢過重宣告不治。據了解，詹男為專職營業貨櫃曳引車駕駛，因車輛近期準備維修，見該處有空位便暫時停放；詹男與盧男均持有合格駕照，現場未發現酒駕或毒駕徵候。詳細肇事原因及相關責任歸屬，正由頭份警分局進一步調查釐清。苗栗頭份死亡車禍，騎士猛撞熄火曳引車 臉變形耳鼻出血奪命。（民眾提供）    ,https://news.ltn.com.tw/news/society/breakingnews/5542239
越南妻來台僅住6天落跑！苗栗男苦等無果訴離判准,社會,2026/08/17 09:21,娶越南妻來台僅住6天秒落跑！苗栗男苦等無果。（資料照）苗栗縣一名男子與越南籍阮氏女子結婚，未料阮女於前年底首度來台後，僅住了短短6天就突然離家失聯，之後杳無音訊，丈夫懷疑妻子藉由假結婚詐取不法利益，心灰意冷之下向法院聲請離婚。苗栗地院法官審理後，認定兩人婚姻已生破綻且無回復希望，判准兩人離婚。判決書指出，兩人於前年7月15日結婚，阮女隨後於同年11月30日入境台灣。沒想到阮女才剛踏入家門不滿一週，竟於同年12月6日無預警離家走避、不知去向。丈夫趕緊辦理協尋，但歷經多時依然渺無音訊，質疑阮女係利用婚姻關係遂行不法利益。面對這場名存實亡的異國婚姻，丈夫認為彼此互信基礎全毀，依民法第1052條第2項規定訴請離婚。請繼續往下閱讀...苗栗地院審理期間，阮女經合法通知未到庭，亦未提出任何書狀陳述。法官審酌，兩人在台灣同住時間極為短暫，感情基礎並未穩固，且分居多時、音訊中斷，婚姻實質上已無夫妻共同生活可言，情愛基礎徹底喪失。法官認為，客觀上任何人處於相同境況均難以繼續維持婚姻，顯見婚姻已有重大破綻且無回復可能，加上離婚事由不可歸責於丈夫，因此認定丈夫請求離婚有理由，依法判准離婚。全案仍可上訴。    ,https://news.ltn.com.tw/news/society/breakingnews/5542230
妻遭通緝又未顧家 男受刑人提離婚因逾期遭駁回,社會,2026/08/17 09:04,妻遭通緝又未顧家，屏東男提離婚因逾期遭駁回。（記者葉永騫攝）屏東縣于姓男子因為毒品案件被判刑20年入獄服刑，服刑期間王姓女友時常探望，于男深受感動與王女結婚，囑咐照顧其母親及子女，沒想到王女卻染上毒癮被判刑7年8個月徒刑，還因為通緝棄家落跑，沒有照顧家庭，于男憤而提出離婚訴訟，屏東地方法院判准，但高雄高分院認為，王女判刑已超過5年，改判不准。屏東于姓男子因為毒品案件判刑20年確定，103年入監執行，刑期至123年期滿，因為王姓女友時時探望，于男深受感動，在105年服刑期間與王女結婚，希望王女照顧他的母親與未成年子女，王女卻也因為毒品案件判刑7年8月並勒戒戒治，111年入監服刑，刑期至120年期滿，兩人都在監獄服刑，無法履行夫妻同居義務，不能共同生活或互相扶持照顧。請繼續往下閱讀...于男認為，王女從104年就被通緝未住在家中，日常生活所需、吸食毒品等費用均向他的母親索討，未照顧母親及子女，因此讓他相當失望，與王女已無感情，加上兩人刑期都很長，將來出獄也無法共同生活，難以繼續維持婚姻，聲請離婚。屏東地方法院審理認為，雙方之婚姻非但已生重大破綻且無回復之希望，判准離婚。但女方上訴高雄高分院，指民法規定，男方自知悉後已逾1年，或情事發生後已逾5年者，不得請求離婚，男方明顯已超過期限，所以法官駁回男方離婚聲請。    ,https://news.ltn.com.tw/news/society/breakingnews/5542218
吸一口毒煙副駕冒僵屍 高雄警拍鬼月反毒駕影片爆紅,社會,2026/08/17 07:44,高雄警拍鬼月反毒駕影片爆紅，吸一口毒煙副駕冒僵屍，創34.2萬流量。（取自高市警局粉專）高雄市警察局宣導毒駕危害性，並結合中元節「鬼門」開，製作1支「見鬼」宣傳影片，只要抽一口毒煙，副駕座位立刻出現僵屍，應景且主題鮮明，高達34.2萬流量，吸引7.8千名網友按讚、留言。影片中駕駛吸了一口毒煙，隨著升煙裊裊慢慢散去，副駕座位浮現僵屍，自然讓閱聽人知道駕駛毒駕，也連結吸一口「喪屍菸彈」馬上去見「好兄弟」了，傳達電影是「暫時停止呼吸」，可毒駕是「永久停止呼吸」，許多網友留言大讚「超有創意」、「很有感」。請繼續往下閱讀...根據高雄市政府最新統計資料，高雄今年1至7月毒駕事故發生87件，造成4人死亡、76人受傷，比去年同期增加44件、死亡增加2人、受傷增加33人。相較於去年一整年毒駕事故發生88件、3人死亡、76人受傷，凸顯毒駕事故持續攀升，近7月已經逼近去年一整年毒駕事故，且毒駕致死4人已超越去年一整年3人，成為警訊；據了解，警方疑減少取締毒駕訊息發布，避免外界以為毒駕很多，卻忽略取締、破案也是最有效的犯罪宣導。只要抽一口毒煙，副駕座位立刻出現僵屍。（取自高市警局粉專）高雄警拍鬼月反毒駕影片，喪屍現身嚇阻毒駕。（取自高市警局粉專）    ,https://news.ltn.com.tw/news/society/breakingnews/5542173
不甩保護令 要不到錢咬傷母 母撤告 逆子仍被判9月,社會,2026/08/17 05:30,逆子咬母示意圖 （ 美編組製圖）基隆一名楊姓男子因為對母親施暴，法院今年三月十三日核發保護令，要求楊男必須搬離住所，且不得騷擾母親。楊男收到後，非但不搬家，還對母親動粗，同年六月五日，更因討不到錢，狠咬母親手背，警方依違反保護令，涉犯傷害等罪移送法辦。基隆地院審理認為，楊母雖撤回傷害告訴，但楊男共違反三次保護令，合計判處九月徒刑。檢警調查，楊男因涉犯家暴案件，法院為保護其母親，於今年三月十三日核發通常保護令，要求楊男於當月底搬離住所，並裁定其不得對母親實施身體、精神上之騷擾等不法侵害行為。請繼續往下閱讀...未料，楊男收到保護令一星期後，因懷疑母親拿走他的身分證，開始對母親咆哮，並大罵髒話、大力拍桌；同年四月五日，楊男非但未依規定搬出住所，還持續對母親大呼小叫。今年六月五日，楊男因向母親要錢不成，竟扣住母親雙手，雙方發生扭打，楊男更用牙齒狠咬母親手背，造成其左、右手均有挫傷、瘀傷情形。楊母報警後，警方認定楊男涉嫌違反保護令及犯傷害罪，依法送辦。法官審理時認為，楊男三次違反保護令，分別判處有期徒刑二、四、六月，應併執行九月徒刑，得易科罰金二十七萬元；另涉犯傷害罪部分，因楊母於審理期間已撤回告訴，故該部分不受理。☆民眾如遇同居關係暴力情形，可撥打113保護專線，或向各地方政府家庭暴力防治中心求助。☆    ,https://news.ltn.com.tw/news/society/paper/1766934
明星級中刑大代理隊長 酒駕拔官重懲,社會,2026/08/17 05:30,台中市刑大王姓副隊長，酒駕拒測，台中市警局得知火速拔官，並將從重懲處。（記者陳建志攝）台中市警察局刑警大隊一名年僅卅三歲王姓副隊長，前天晚上休假北上新竹訪友餐敘，席間喝酒後卻酒駕，昨天凌晨遭新竹縣警察局新埔分局員警查獲，因拒絕酒測遭舉發並代保管車輛，台中市刑大得知火速祭出懲處，除調整為非主管職務，後續也將從重懲處，至少會記一大過以上處分。這名王姓副隊長因隊長休假目前暫代隊長職務，不料前天晚上休假北上新竹訪友，並和朋友餐敘喝酒後，王員竟知法犯法酒後開車，昨天凌晨二點五十五分，遭新竹縣警察局新埔分局員警攔查，並要求酒測，王員因拒測遭舉發並代保管車輛。請繼續往下閱讀...據了解，警大八十期畢業的王員，因為工作積極認真，年紀輕輕就接任副隊長，原本是警界明日之星、前途看好，沒想到觸犯警界天條，不但被拔官，今年考績將淪為丙等，未來警界生涯也將因酒駕大受影響。台中市刑大表示，已先行調整王員為非主管職務及服務單位，後續調查將依警察人員駕車安全考核實施要點從重嚴懲，絕不護短，以展現維護警察風紀的決心。☆飲酒過量 有害健康 禁止酒駕☆    ,https://news.ltn.com.tw/news/society/paper/1766932
IG假好友騙手機驗證碼 近2百名學生 淪「遊戲提款機」,社會,2026/08/17 05:30,刑事局呼籲，驗證碼等同於「付款授權」，絕對不可以提供給他人。（記者姚岳宏翻攝）僅因在IG上借出一組驗證碼，帳單竟莫名暴增四〇七八元！南部一名國中生誤信IG「假好友」求援，交出手機驗證碼，隨即慘遭盜刷，刑事警察局清查，近三個月爆發一八八件類似的電信小額付款詐騙，被害人清一色是學生，詐團誆稱手機被鎖，騙取驗證碼後全拿去買PlayStation高價遊戲會員。小額付款詐騙 金額都是四〇七八元刑事局分析，被害人以國中生占卅五％最多，高中生卅％居次，大學生及小學生分別占廿五％與十％，詐團刻意創立與被害人真實好友僅差一個字元的假帳號，誆稱遇到緊急狀況，急需借用手機號碼接收簡訊，學生們未察覺異狀，依指示提供門號及驗證碼，隨即收到四〇七八元的小額付款通知。請繼續往下閱讀...詐團拿去買PS遊戲會員 再跨國銷贓警方比對交易明細，找出扣款總是「四〇七八元」的原因，這些錢全數流向Sony旗下的遊戲平台PlayStation，金額正好是PS Plus高級會員十二個月方案的價格，這組虛擬數字序號一旦開通，就能供全球用戶使用，跨國銷贓極為容易，導致被害人幾乎求償無門。刑事局呼籲，驗證碼等同於「付款授權」，絕對不可以提供給他人；家長務必定期檢視孩子手機的消費額度，必要時可直接向電信業者申請關閉小額付款功能；若收到不明扣款通知，應立即報警並聯繫電信公司，警方也要求電信業者盡速研擬防制對策，共同降低被害風險；若遇可疑狀況，請隨時撥打一六五反詐騙專線求證。    ,https://news.ltn.com.tw/news/society/paper/1766905
師父警酒駕改當房仲 害模範警洩個資收押,社會,2026/08/17 05:30,北市刑大科偵隊長陳冠良涉嫌洩密給昔日警界師父。（資料照）八年前獲頒模範公務員的台北市警局刑警大隊科偵隊長陳冠良，涉嫌查閱與案件無關資料，提供給昔日警界的師父、現任房仲吳政祐，兩人前晚被拘提到案，台北地檢署昨依貪污等罪嫌向法院聲請羈押禁見兩人獲准，據了解，全案疑為吳要處理產權複雜都更案，想找到相關房產所有人，因此找陳幫忙；陳從今年三月起共協查上百筆個資給吳，並涉嫌收取逾一百萬元不法酬勞。警界指出，陳冠良是警大七十六期畢業，在刑事局任職時辦案認真、頭腦靈活，深受肯定。陳也在當時認識擔任偵九大隊第三隊副隊長的吳政祐，吳多次帶陳辦案，兩人情同師徒。請繼續往下閱讀...警界同仁說，吳辦案厲害，但一喝酒就狀況連連。他廿五年前去台中辦案，醉倒沒上鎖的車內，遭歹徒洗劫還偷走警槍，他擔任刑事局副隊長時也曾在台北市酒駕被逮。據了解，吳疑自知在警界已無前途，五年前退休轉行當房仲。今年三月，他疑為了要處理都更案，想取得房產所有人資料，找上陳幫忙。陳熟知警方會進行「資安稽核」避免亂查資料，轉而利用過去因辦案認識、信任他的檢察官；他把要查詢的特定對象，夾藏在發給檢察官、調閱刑案資料的公文中，透過檢察官代查取得個資，再洩漏給吳。據悉，有檢察官近來發現有多筆個資與案件無關，發現陳「搞鬼」，陳見紙包不住火，主動向上級報告。陳聲稱只與吳「對接」，違法調閱個資只給吳，並有收取不法酬勞。督察人員懷疑，陳半年多來查詢上百筆資料，也疑獲得一百多萬元酬勞，研判吳以「一筆一萬元」的方式提供不法利益。至於吳取得資料後如何使用牟利、有無轉賣或外洩，幕後是否有不法炒房集團或其他共犯，警方將進一步深入追查。☆飲酒過量 有害健康 禁止酒駕☆    ,https://news.ltn.com.tw/news/society/paper/1766933
賣安毒送喪屍煙彈成鐵證 女藥頭10罪 判17年9月,社會,2026/08/17 05:30,王女賣安非他命，竟免費送1顆「喪屍煙彈」，成為販毒證據。圖為示意圖。 （資料照）近來俗稱「喪屍煙彈」的依托咪酯氾濫，衍生毒駕致人死傷等嚴重社會治安問題，彰化縣王姓女子去年涉嫌販毒，且交易手法五花八門，毒癮者幫忙修沙發、當司機，只為討好王女，以購得毒品，王女甚至以買安非他命送「喪屍煙彈」促銷，賺得七三〇〇元，彰化地方法院依販賣第一、二級毒品等十罪，判處王女七十一年九月徒刑，應執行十七年九月。判決書指出，王女去年一月至九月，頻繁以彰化住處為據點交易毒品，交易過程五花八門，一名毒友想討好王女或換得毒品，特地動手幫王女修補家中破掉的沙發，幫忙申辦手機續約，宛如王女的「工具人」。請繼續往下閱讀...沒錢還債 王女掏毒抵債 另外，王女在外欠下債務，債主上門討債時，王女沒錢還債，竟突發奇想掏出一包安非他命塞給債主，當作「折抵欠款」與拖延還債的道歉禮物；甚至有購毒者為了買海洛因，深夜兼任司機，騎機車載王女見上游毒販。判決書顯示，去年一月王女以六千元價格賣二包安非他命給一名男子，對方先付一千元，其餘賒欠，王女免費送一顆「喪屍煙彈」；這名男子以六五〇〇元轉賣賺價差，不料，買家竟是員警，警方向上溯源時，王女遲遲等不到尾款，還傳訊「用好了嗎？有比較久喔」催錢，意外成為販毒證據。法官指出，王女共販售第一級毒品海洛因一次，金額四千元，販售第二級毒品甲基安非他命四次，共賺得七三〇〇元，並多次無償轉讓安非他命、「喪屍煙彈」給他人。法官強調，王女之前才因他案獲交保，竟不知悔改隨即再犯，販賣第一、二級毒品部分，每罪量刑十年六月至十年九月，轉讓偽藥每罪量刑六至十一月，宣告刑長達七十一年九月，應執行十七年九月。☆少一份毒品就多一份健康，自由時報提醒您遠離毒品☆    ,https://news.ltn.com.tw/news/society/paper/1766931
有安全帽沒給她戴 灌6瓶啤酒騎車接送／ 酒駕害死女兒 國民法官重判10年8月,社會,2026/08/17 05:30,騎機車載兒童 注意事項曾多次酒駕遭判刑、甚至被吊銷駕照的男子陳證閎，騎機車接女兒放學前，竟狂飲六瓶啤酒，接了女兒後撞上汽車，女兒因未戴安全帽傷重不治，陳男酒測值高達〇．九八毫克，高雄地方法院國民法官依酒駕致死罪，重判陳男十年八月，為國民法官制度上路以來，針對酒駕致死單一罪行量刑最重一例。6歲女童站前踏板 拋飛不治 判決指出，二〇二四年十一月二十日下午，陳男要去學校接女兒放學，卻在家灌下六瓶五百毫升啤酒，載女兒時，機車明明有準備安全帽，陳男卻未給女兒戴上，而且讓她站在前踏板上，結果機車行經高雄市苓雅區成功一路、海邊路口時，與對向準備左轉的轎車以六十公里時速相撞，六歲女童當場被拋飛重摔，急救後不治。請繼續往下閱讀...警方酒測陳男吐氣酒精濃度高達每公升〇．九八毫克，幾乎達爛醉程度，陳男雖留在現場，但檢察官認為他因受傷才留在現場，並不是真心懊悔，依酒駕致死罪嫌提起公訴，並交由國民法庭審理。高雄地院國民法庭開庭時，陳男在庭上聲淚俱下，自承「害死女兒，我也很捨不得，真的很愛女兒，無法原諒自己，希望能再給我機會。」但陳妻當庭開撕陳男面具，稱當初與陳男簽下調解書，只是因為「反正他也賠不出錢」，實質上根本沒有原諒，「我心裡是恨他的！」國民法官認為，陳男身為人父，非但未盡保護責任，明知要接孩子卻執意大量飲酒，更是將親生骨肉推向極度險境，主觀惡性極重，認為他僅符合自首減刑規定，不適用「情堪憫恕」二次減刑。酒駕重判 創國民法庭最重紀錄國民法庭考量陳男有多次酒駕前科且有入監紀錄，另有擔任詐騙集團車手、販毒等前科紀錄，素行顯然不佳，身為人父，毫不在意親生骨肉安全，主觀惡性極重，依酒駕致死罪重判十年八月，國民法庭二〇二三年實施以來，酒駕致死部分國民法官共做出三十三件判決，其中陳男判刑十年八月，為國民法庭針對酒駕致死單一罪行量刑最重一例。☆飲酒過量 有害健康 禁止酒駕☆    ,https://news.ltn.com.tw/news/society/paper/1766929
利用網路賣場幫詐團、博弈網洗錢／洗錢17億 齊昇集團假代購19人起訴,社會,2026/08/17 05:30,"南投警方破獲詐團水房，起出現金六百餘萬元。（警方提供）南投縣警方在台中市破獲大型洗錢集團，該集團涉嫌透過蝦皮網路賣場與第三方支付平台掩飾從事地下匯兌，替詐騙集團與線上博弈集團洗錢，兩年多經手洗錢贓款逾十七億元，逮捕主謀林庭升、金主及收水手等嫌犯共廿八人，其中林嫌等十九人已遭南投地檢署依違反洗錢防制法、銀行法、加重詐欺罪及賭博等罪嫌起訴。主謀林庭升、金主等28人落網南投縣警察局刑警大隊科技偵查隊，去年查獲一起詐欺案後深入追查，發現以三十六歲男子林庭升為首的不法集團，組成齊昇集團，下設齊昇娛樂城、齊昇BANK、好玩娛樂城等網路社群組織，招募徐姓男子等人經營管理，涉嫌替詐騙集團與線上博弈集團架設網頁，並協助洗錢，製造不法集團金流斷點，規避警方查緝。請繼續往下閱讀...警方從去年起至今年四月陸續發動數波搜索行動，破獲該集團位於台中市環中路的大本營，查扣不法所得六百餘萬元及帳冊，並於台中及高雄等地，陸續逮捕林姓主嫌、金主、車手及收水手等共犯計廿八人，查出該集團自二〇二三年迄查獲為止，經手洗錢贓款約新台幣十七．一億元。警方查出，該集團除透過買賣虛擬貨幣洗錢，也在蝦皮開設網路賣場，並以第三方支付平台神速支付綁定人頭銀行帳戶，表面上以提供代購、支付寶儲值等服務掩飾，實際上是藉此從事地下匯兌，即由熟知門道的中國台商或博弈集團等客戶在蝦皮賣場或支付寶群組下單，匯款新台幣至神速支付人頭戶，該集團扣除約五％費用後，再將等值人民幣或支付寶點數匯入下單客戶帳戶中，藉此達到洗錢目的。☆自由時報電子報提醒您，防詐騙專線︰165，報案專線︰110☆南投警方在台中市破獲詐團水房，逮捕二十八名嫌犯，查出涉嫌洗錢金額高達十七億元。（警方提供）南投警方在台中市破獲詐團水房，逮捕二十八名嫌犯，查出涉嫌洗錢金額高達十七億元。（警方提供）    ",https://news.ltn.com.tw/news/society/paper/1766930
叭錯人！酒駕男等紅燈手癢叭警察 自投羅網,社會,2026/08/17 00:34,張男酒駕，等紅燈時竟手癢叭警察，引起警方盤查。示意圖。（資料照）真是自投羅網！彰化縣張姓男子飲酒後駕車上路，停等紅燈時，竟無故朝一旁警方按鳴喇叭，引起員警注意並將他攔下，結果發現張男渾身酒味，經酒測每公升高達1.18毫克，超過法定標準逾4倍。彰化地院依不能安全駕駛動力交通工具罪，判處有期徒刑3月，可易科罰金9萬元。判決書指出，今年7月22日下午，張男於在工廠內飲酒，事後卻帶著酒意駕駛自用小客貨車上路，下午5時許，他行經員林地區一處路口停等紅燈時，不知何故，突然朝前方一起等紅燈的警方按喇叭，員警察覺有異，隨即將車輛攔停盤查。請繼續往下閱讀...員警靠近張男後，聞到他身上散發濃厚酒味，立刻進行酒測，測得吐氣酒精濃度每公升1.18毫克，嚴重超出法定標準每公升0.25毫克4倍多。全案移送彰化地檢署偵辦。法官審理認為，張男明知酒精成分對意識能力及反應能力均有不良影響，仍於酒後駕駛動力交通工具上路，危害公眾往來安全，考量其坦承犯行，依不能安全駕駛動力交通工具罪，判處有期徒刑3個月，如易科罰金，以每日1000元折算。全案仍可上訴。    ,https://news.ltn.com.tw/news/society/breakingnews/5542115
彰化地院辦公室 驚見男員工倒臥身亡,社會,2026/08/16 23:53,彰化地院驚傳員工倒臥辦公室內身亡，院方已啟動關懷機制。（記者陳冠備攝）彰化地方法院今（16日）下午驚傳憾事，一名中年男性員工被發現倒臥辦公室內，當時已無生命跡象，經緊急處置仍宣告不治。彰化地院晚間發布聲明證實，院方已啟動關懷機制，全力協助家屬並配合司法調查；確切死因仍待明日檢察官會同法醫相驗釐清。據了解，死者為彰化地院技術類員工，今日下午不明原因倒臥辦公室，同仁發現時已無生命跡象。院方事發後立即通知並協助家屬到場，同時配合檢警進行必要調查。請繼續往下閱讀...彰化地院表示，基於尊重死者家屬隱私及司法偵辦程序，目前不便進一步說明案情。院方除將持續提供家屬所需協助，也會為受到事件衝擊的同仁安排心理諮商與支持，協助度過難關。    ,https://news.ltn.com.tw/news/society/breakingnews/5542101
虎頭蜂群攻擊2死相驗出爐 「雙手護頭」滿是蜂螫、過敏性休克亡,社會,2026/08/16 23:19,今天屏東義警消巡搜救人員與空勤，將2名死者遺體運送出山區。（屏東縣消防局提供）某登山協會3名幹部13日深入墾丁國家公園的山區管制區進行探勘，途中遭虎頭蜂群襲擊，55歲張女昨天被救出，因血液指標不理想轉送台中榮總急救，顏姓、張姓男子則難逃蜂毒橫死山區。今天大體經過檢警、法醫相驗，初步確認為過敏性休克死亡，2人遺體滿是蜂螫痕跡，其中又集中在頭、手，據傳張女至少被螫了30次以上，初估2人應比張女被螫處還要更多。屏東縣消防局的義警消巡搜救人員昨天根據張女提供的定位資訊，先找到69歲的領隊張男遺體，接著在下午尋獲64歲副領隊顏男，但因山區天候驟變，大雨無法由空勤總隊執行吊掛，直到今天抓緊放晴空檔，空勤直升機將遺體吊掛下山進入滿州國中，並交由警方及家屬處理。請繼續往下閱讀...下午檢警法醫進行相驗，初步判定顏、張2男因為被虎頭蜂螫過多，以致劇烈過敏反應引起休克而死亡，且傷口多集中在頭、手，顯見2人在逃跑過程中雖以手護住頭部，仍遭大量虎頭蜂螫，由於接近神經中樞，更快速且直接影響到人體的神經系統，至於軀幹亦有傷口，但數量明顯少於頭、手。義警消巡在克難的山路將張女送出。（屏東縣消防局提供）    ,https://news.ltn.com.tw/news/society/breakingnews/5542090
搜救虎頭蜂螫2死1傷 屏東特搜曝「任務艱難」：走進一片沒有路的山,社會,2026/08/16 22:57,在悶熱險峻的環境中，屏東特搜穿上捕蜂衣進行搜救任務。（取自屏東縣消防局特搜大隊臉書）登山協會幹部深入恆春半島未開放山林探勘，遭虎頭蜂圍攻造成2死1重傷，搜救行動今（16）日完成最終遺體吊掛任務；屏東縣政府消防局特搜大隊今晚在臉書粉專寫下任務的艱難之處，透露「穿著捕蜂衣，走進一片沒有路的山」。屏東縣政府消防局特搜大隊指出，3名登山協會成員進入恆春半島山域探勘，途中遭虎頭蜂群攻擊，造成1人受傷獲救、2人不幸罹難。屏東特搜隨即進入山區，展開搜索與搬運任務。爬過山的人都知道，山路的累，是一步一步疊上來的。但如果身上還穿著厚重、悶熱的捕蜂衣呢？請繼續往下閱讀...特搜大隊表示，這次進入的是未開放山域，沒有明確路徑，也缺乏精準座標。「我們一邊判讀地形，一邊留意蜂群；因為沒有人知道，前方是否還有第二個、第三個蜂巢。抵達受困熱區、完成換裝後，我們在茂密植被中擴大搜索，直到尋獲兩名罹難者。」但找到人，只是第一步。從現場搬到原定起降場，至少還要5至6小時以上。面對有限人力、複雜地形，還要同時搬運2人，原方案已不可行。特搜大隊指出，只能重新勘查地形，另找較近的吊掛點，並避開蜂巢與蜂群活動範圍，規劃風險較低的搬運路線。完成包覆固定後，「我們輪流接手，將兩名罹難者一段一段往外搬運，最後抵達新吊掛點，交由空勤直升機完成任務。」。特搜大隊也提醒民眾，請勿進入未開放山域。遇到蜂群不要揮打，應保護頭頸、迅速離開；遭蜂螫或身體不適，立即撥打119求援。另外，曾有嚴重蜂螫過敏反應或過敏性休克病史的山友，若經醫師評估適合使用腎上腺素自動注射器（如 EpiPen），登山時應依醫囑隨身攜帶，並確認藥品效期及正確使用方式。屏東特搜走進沒有路的山展開搜救任務。（取自屏東縣消防局特搜大隊臉書）屏東特搜成員輪流接手，將2名罹難者一段一段往外搬運。（取自屏東縣消防局特搜大隊臉書）屏東特搜在陡峭地形進行搜尋、搬運。（取自屏東縣消防局特搜大隊臉書）屏東特搜完成此次艱難任務。（取自屏東縣消防局特搜大隊臉書）    ,https://news.ltn.com.tw/news/society/breakingnews/5542080
特斯拉五楊高架被撞肇事者跑了 警調監視器攔查3人「身分曝光」,社會,2026/08/16 22:20,特斯拉於五楊高架南向64.2公里、中壢路段遭後車追撞，對方駕駛與乘客3人由路肩離去。（警方提供）國道1號中壢路段五楊高架上今（16）日傍晚發生追撞車禍，有民眾報案，特斯拉休旅車與一輛豐田轎車發生擦撞，對方駕駛竟與2名乘客直接從路肩離開現場。國道警方調閱監視器，3名男子被另一輛白色轎車接走，經攔查將人車帶往分隊，初步研判，36歲越南籍阮姓男子駕車追撞特斯拉，疑與2名乘客皆為失聯移工，後續移送移民署專勤隊偵辦。國道公路警察局第一大隊公路警察指出，今日傍晚5點42分許，特斯拉47歲鄭姓男駕駛向警方報案，於五楊高架南向64.2公里、中壢路段遭後車追撞，對方駕駛與乘客3人由路肩離去。請繼續往下閱讀...警方立即派遣線上巡邏車前往查看，經調閱監視器，發現該3名男子由一輛白色轎車接駁駛離，巡邏車立即趕赴現場攔查該部小客車，並將人車帶往五楊分隊查處。警方初步研判，36歲越南籍阮姓男子駕駛豐田轎車因未保持安全距離，碰撞前方鄭男駕駛的特斯拉肇事，雙方駕駛酒測值均為0；另查阮男及2名乘客皆為越籍失聯移工，接人的白車駕駛39歲武姓女子為阮男友人，經查身分正常。事故部分依規定處理，阮男及乘客3名失聯移工後續移送移民署專勤隊收容。36歲越南籍阮姓男子駕駛豐田轎車因未保持安全距離，碰撞前方特斯拉。（警方提供）    ,https://news.ltn.com.tw/news/society/breakingnews/5542043
案情大逆轉！宜蘭4月大男嬰腦傷出血 法官「1理由」判保母無罪,社會,2026/08/16 21:22,宜蘭陳姓保母涉虐嬰案獲判無罪，圖為去年5月男嬰家屬控訴保母虐嬰畫面。（資料照，記者王峻祺攝）宜蘭縣陳姓保母遭控對4個月大男嬰施虐，造成男嬰嚴重腦傷，去年4月被檢方依妨害幼童發育罪起訴，但宜蘭地院審理後案情大逆轉，根據傷勢研判報告，推估男嬰腦部出血時間在案發前3天內，當時大部分時間由父母照顧，且檢察官提出的證據無法證明保母虐嬰，全案最近審結判無罪。此案起訴後移送宜蘭地院審理，院方去年5月初首度開庭，男嬰家屬到宜院控訴陳姓保母虐嬰，痛斥她「太夭壽」，要求還原真相，陳女則否認犯行，雙方各執一詞。請繼續往下閱讀...判決指出，陳姓保母領有托育人員技術士證，2013年開始從事托育工作，去年元旦起接受委託照顧蔡姓男嬰，托育時間週一到週五上午7點半到晚間6點半，同年1月13日當天，男嬰父母10點58分才把小朋友送到陳女住處，到了下午4、5點，男嬰身體出現異狀，晚間6點送抵國立陽明交大醫院掛急診，因傷勢嚴重，轉診台北榮總開刀救治。男嬰被診斷出兒虐性腦傷合併左側硬腦膜下出血及左視網膜出血，雙側大腦及腦幹缺氧性腦損傷，導致語言、認知、肢體功能受到嚴重損傷，其急性腦出血傷勢，經過台大兒童醫院兒少保護醫療中心研判，出血時間為去年1月13日之前3天內，無法判斷在送交保母之前還是之後發生。宜蘭地院合議庭認為，依照傷勢研判報告，男嬰腦出血時間在去年1月13日之前3天內，1月11日（週六）、12日（週日）到13日（週一）上午10時58分，均由父母照顧，這段期間小朋友受傷導致腦出血情況無法排除，陳姓保母照顧男嬰時間僅6小時，檢察官提出的證據無法證明陳女大力搖晃，使男嬰受到外力撞擊事實，也沒有其他證據證明被告犯罪，判決陳姓保母無罪。可上訴。☆自由電子報關心您：若懷疑孩童遭受身體虐待、精神虐待或是性侵害、性騷擾，請撥打113專線，透過專業社工員接線服務，將可盡快救援在生命危機中的兒童。☆    ,https://news.ltn.com.tw/news/society/breakingnews/5542035
跟太近釀禍！國3大溪埔頂1號隧道4車追撞  3人受傷、零件散一地,社會,2026/08/16 21:10,國道3號大溪路段、埔頂1號隧道內4車連環撞。（警方提供）國道3號北向60公里大溪路段、埔頂1號隧道內，今（16）日下午1點33分發生4車追撞事故。張姓男子駕駛福特轎車未保持行車安全距離撞擊前車，並連環追撞前方其他車輛，造成現場3人受傷送醫。現場於下午2點26分排除，詳細肇事原因仍待警方調查釐清。國道公路警察局第六公路警察大隊表示，勤務指揮中心16日下午1點33分接獲通報，指國道3號北向60公里處發生交通事故。初步調查，42歲張姓男子駕駛福特轎車行駛內側車道時，疑因未保持安全距離，追撞31歲葉姓男子駕駛的福斯轎車，導致葉男車輛向前推撞43歲張姓男子與30歲康姓男子駕駛的Honda、賓士轎車。請繼續往下閱讀...此追撞事故造成現場3人受傷，均送往三峽恩主公醫院檢傷治療，各車駕駛經檢測均無酒駕情形，並於2點26分順利排除現場。國道警察呼籲，高速公路最常見的肇事因素即為未保持安全距離，依法可處3000元至6000元罰鍰，若因而肇事致人重傷或死亡，更將面臨吊扣或吊銷駕照處分。警方提醒用路人行車時務必隨時注意前方動態、加大安全距離，以預留充足反應時間，確保行車安全。張姓男子駕駛福特轎車未保持行車安全距離撞擊前車，並連環追撞前方其他車輛。（警方提供）張姓男子追撞31歲葉姓男子駕駛的福斯轎車，導致葉男車輛向前推撞43歲張姓男子駕駛的Honda、30歲康姓男子的賓士轎車，零件殘骸散一地。（警方提供）    ,https://news.ltn.com.tw/news/society/breakingnews/5542032
高雄男毒駕如「打撞球」4車連環撞 1男1女、3歲女童受傷送醫,社會,2026/08/16 20:59,黃男涉嫌毒駕肇禍。（民眾提供）高雄市左營區自由二路與新庄仔路口今（16）日下午4時發生4輛轎車連環撞車禍，3人受傷送醫。警方調查，肇事的36歲黃姓駕駛涉嫌毒駕，起出愷他命毒品，依法送辦。據了解，黃男駕駛紅色裕隆轎車沿新庄仔路由西往東直行時闖紅燈，先擦撞50歲何男所駕駛、沿自由三路由北往南直行的白色裕隆轎車，再擦撞於自由二路南往北方向、39歲周男駕駛的鐵灰色本田轎車，黃男隨後倒車停於左轉車道；另何男車輛遭撞後，再波及同向停等42歲林男駕駛的黑色賓士轎車。事故造成白色駕駛何男及王姓女乘客、3歲女童受傷，何男腰部拉傷，乘客王女頭部撕裂傷、肋骨斷裂，女童連同送醫治療。請繼續往下閱讀...警方對現場駕駛人實施酒測，酒測值均為零；另警方詢問黃男有無施用毒品，其當場主動交付一包愷他命（毛重5.19公克），警方立即實施毒品唾液檢驗，結果呈二級毒品安非他命、三級毒品K他命及四級毒品苯二氮平類陽性反應。黃男從事服務業，警方將其逮捕並帶返所偵辦，全案依公共危險罪移送橋頭地方檢察署偵辦；詳細交通事故肇事原因及責任歸屬，將送交通警察大隊分析研判。警方依「道路交通管理處罰條例」對黃男開罰，最高可罰12萬5400元。黃男衝撞停等紅燈的何男轎車。（民眾提供）何男轎車被撞，波及同向停等的黑色賓士轎車，何男及車上2名乘客受傷。（民眾提供）周男轎車也遭撞。（民眾提供）    ,https://news.ltn.com.tw/news/society/breakingnews/5542016
台中深夜車禍！黑車闖紅燈撞上白車「烏龜翻」 3人受傷,社會,2026/08/16 20:03,台中市西屯區青海路與惠來路口，今天凌晨疑因黑色轎車駕駛闖紅燈，撞上白色轎車後翻覆，3人受傷。（記者陳建志翻攝）台中一名黃姓男子今天凌晨近4點駕駛黑色自小客車，行經青海路與惠來路口時，疑因闖紅燈撞上由賴姓男子駕駛的白色自小客車，黃男的車子撞擊後瞬間翻覆、四輪朝天，造成黃男手部受傷，車上的乘客則是頭部受傷，被撞的賴男沒有受傷，不過車上的乘客則是頭部受傷自行就醫。雙方駕駛均無酒駕、毒駕，詳細肇事原因和責任將由警方調閱監視器後釐清。台中市警局第六分局今天凌晨3點57分接獲報案，指稱西屯區青海路二段、惠來路三段路口發生兩車相撞，立刻派員警到場，抵達時發現一輛黑色自小客車翻覆，白色轎車則是車頭受損停在路口。請繼續往下閱讀...警方調查後發現，當時黃姓男子（46歲）駕駛黑色自小客車，沿青海路外側車道往惠中路方向行駛，賴姓男子（40歲）則是駕駛白色自小客車，沿惠來路往西屯路方向行駛，雙方行經青海路二段、惠來路三段路口，黃男疑因闖紅燈撞上賴男的車子，並因此翻覆、四輪朝天。警方到場時，發現黃男左手受傷，由救護車送至中港澄清就醫、車上乘客則是頭部受傷由友人協助就醫；賴姓駕駛無受傷，車上乘客則因頭部受傷，事後自行就醫。雙方駕駛經酒測均未飲酒，也無毒駕情形，詳細肇事原因將交由鑑定單位調查釐清。白色轎車車頭明顯毀損。（記者陳建志翻攝）    ,https://news.ltn.com.tw/news/society/breakingnews/5541972
邊聊天開車！苗栗女自撞路燈 小女兒右手腳骨折,社會,2026/08/16 19:39,母開車自撞路燈，小女兒右肢骨折送醫。（民眾提供）苗栗縣苑裡鎮今（16）日下午發生一起驚險車禍！一名32歲媽媽駕駛轎車載著兩名幼女，行經苑裡鎮中山路時，疑似邊開車邊與女兒聊天一時恍神，車子失控不慎撞上路邊路燈燈桿，導致車上母女3人受傷送醫，其中年僅8歲的小女兒右手右腳骨折，所幸均無生命危險，詳細肇事原因仍待警方釐清。警方調查，該名媽媽於今日下午3點多駕駛轎車載著9歲的大女兒與8歲的小女兒，沿苑裡鎮中山路由北往南方向直行，行經苑裡國小附近時，該名媽媽因與坐在副駕駛座的大女兒及後座的小女兒聊天導致分心恍神，車輛瞬間偏離車道，猛烈撞擊路旁的金屬路燈燈桿。請繼續往下閱讀...撞擊造成該名媽媽下巴及右膝蓋撕裂傷；前座的大女兒右手肘、右小腿擦挫傷；後座的小女兒傷勢較重，右手及右腳骨折、額頭擦挫傷，3人隨後由救護車送往醫院救治。警方現場實施檢測，確認黃女並無酒駕或毒駕情事，詳細肇事原因及相關責任歸屬，仍待進一步調查釐清。警方也呼籲，駕駛人切勿於行車時分心聊天或做其他影響注意力之行為，以維護自身及他人行車安全。    ,https://news.ltn.com.tw/news/society/breakingnews/5541944
北市刑大科偵隊長涉洩個資免職 北院裁定羈押禁見,社會,2026/08/16 19:34,台北市刑大科偵隊長陳冠良涉嫌多次查閱與案件無關的機密資料，並提供給吳姓退職警員、房仲業者，疑有對價關係，被法官裁定羈押禁見。（圖擷自Google地圖）台北市刑大科偵隊長陳冠良遭查出，涉嫌多次查閱與案件無關的機密資料，並提供給吳姓退職警員、房仲業者，疑有對價關係。台北地檢署15日指揮北市警局政風室、督察室及刑大等單位搜索，拘提陳員及吳男到案。台北地院今下午召開羈押庭，從下午16時30分開始，18時多才結束，法官諭知被告陳冠良、吳政祐兩名羈押禁見。此案源於北市警察局查察因案受調查人資料時，意外發現刑事警察大隊科偵隊長陳冠良，有多達數十筆的查閱資料中，疑與調查案件無關，經深入追查，查出資料都外流向吳姓房仲業者。請繼續往下閱讀...警方調查，由於涉嫌外洩職務上取得的個資，並再被查出有對價關係，市警局案經報請台北地方檢察署指揮偵辦；陳員涉嫌貪污治罪條例、洩密罪及個資法等罪，刑大召開考績會，決議一次記二大過，陳報警察局免職汰除。北檢昨指揮北市警局政風室、督察室及刑事警察大隊等單位執行搜索，並拘提陳員及吳姓共犯到案，晚間移送台北地檢署偵辦。陳員及吳男經檢察官複訊後，均遭聲請羈押禁見。據悉，過去陳冠良在刑事局任職，吳則是他的「師傅」，而吳在酒駕事件後，自認在警職工作上將無前途可言，不多久後便離職。目前年約60歲的他，近年疑似從事房仲等業務。警方研判，吳男就是因為曾帶領過陳員，所以私下請對方調查他人人身資料，陳員囿於昔日情面，不忍拒絕，結果讓自己觸犯法網。    ,https://news.ltn.com.tw/news/society/breakingnews/5541965
帶看「會走路的樹」遊客遭蜂螫亡  業者、無照領隊連帶賠548萬,社會,2026/08/16 19:21,因有「會走路的樹」而知名的台東景點「森林博物館」，2023年發生遊客遭虎頭蜂螫死意外，台東地方法院判處業者與領隊須連帶賠償548萬餘元。示意圖。（資料照）因有「會走路的樹」而知名的台東景點「森林博物館」，2023年發生遊客遭虎頭蜂螫死意外，台東地方法院日前做出判決，認定業者未盡安全與急救責任，依《民法》侵權行為規定判處業者與領隊須連帶賠償2名家屬各212萬餘元，另依《消費者保護法》裁處業者62萬餘元懲罰性賠償金，合計賠償548萬餘元，可上訴。事故發生於2023年11月，參加該館「會走路的樹」收費導覽的成員中，有11人遭蜂螫受傷，其中王男因遭中華大虎頭蜂引發嚴重過敏休克送醫，搶救1個月仍因多重器官衰竭死亡。請繼續往下閱讀...王男配偶與兒子向台東地院提起侵權行為損害賠償訴訟，並依消費者保護法請求懲罰性賠償。被告業者與受僱領隊辯稱，中華大虎頭蜂巢穴隱蔽且位於園區外公有道路，非其管理範圍，屬不可抗力，而且蜂窩都在地下，開口僅50元硬幣大小根本難以發現。但判決書指出，事故蜂巢距離導覽入口僅50公尺，附近還有虎頭蜂出沒，就算不知蜂巢具體位置，也可知當地有虎頭蜂出沒。法官認為，無論是否知道蜂巢所在，亦能清楚得知有虎頭蜂危害。法官援用勞動部「從事戶外工作虎頭蜂螫危害預防指引」要求易遭遇虎頭蜂攻擊之人員，其雇主應使工作者接受蜂螫危害預防與藥劑教育訓練，並應隨時注意周遭環境，及置備急救設備與解毒藥品。法官認定，業者在導覽前怠為確認導覽路線安全性、也未備解毒藥物，自係執行職務之過失行為，且領隊還無證照顯有過失，因此判決業者與領隊負連帶賠償責任，裁處從急救到喪葬等過程支付的金額212萬餘元，並依《消費者保護法》懲罰性賠償62萬餘元，合計548萬餘元。全案仍可上訴。台東地院日前針對在「森林博物館」因蜂螫致死做出裁決。（記者劉人瑋攝）    ,https://news.ltn.com.tw/news/society/breakingnews/5541922
高雄男酒駕載友趕聚餐 爬上坡滑落翻車害掛彩,社會,2026/08/16 18:59,黃男酒駕車子倒滑撞斷路旁回復式導桿後翻覆。（警方提供）54歲黃男今（16）日下午酒駕，搭載另2名友人趕往聚餐途中，行經杉林區大愛路上坡路段，疑因操作失控，車輛倒滑撞斷路旁回復式導桿後翻覆，車身90度橫躺在坡地上，造成2名友人受傷。警方初步調查，這起意外發生在下午1點16分，當時黃男搭載另2名友人趕往聚餐，車子沿大愛路由北往南方向上坡行駛，疑因操作失控，車輛倒滑撞斷路旁回復式導桿後翻覆，車身90度橫躺在坡地上，2名乘客分別肢體外傷、頸部挫傷，由救護人員處置後送往旗山醫院治療，黃男未受傷。請繼續往下閱讀...警方到場後對黃男實施酒精濃度檢測，檢測結果超過法定標準，警方依公共危險罪嫌依法處理，詳細肇事原因及相關責任仍待警方進一步調查釐清。車子倒滑撞斷路旁回復式導桿後翻覆，車身90度橫躺在坡地上，警消協助2名受傷乘客脫困送醫。（警方提供）    ,https://news.ltn.com.tw/news/society/breakingnews/5541943
灌6瓶啤酒出車禍！6歲女兒沒戴安全帽拋飛亡 無照父重判10年8月,社會,2026/08/16 18:43,曾因酒駕多次遭判刑、甚至被吊銷駕照的陳男，狂飲6瓶啤酒後騎車撞上汽車，6歲女兒因未戴安全帽傷重不治，高雄地院國民法官重判10年8月。（資料照）曾因酒駕多次遭判刑、甚至被吊銷駕照的陳男，明知要騎機車接女兒放學，仍狂飲6瓶啤酒，結果酒駕撞上汽車，女兒因未戴安全帽傷重不治，高雄地院國民法官依酒駕致死罪，重判陳男10年8月，為國民法官制度上路以來針對酒駕致死單一罪行量刑最重一例。判決指出，2024年11月20日下午，陳男明知要去學校接女兒放學，卻仍在家灌下6瓶500毫升啤酒，載女兒時，機車明明有準備安全帽，陳男卻未給女兒戴上，結果機車行經苓雅區成功一路、海邊路口時，與對向準備左轉轎車以時速60公里相撞，6歲女童當場被拋飛重摔，急救後不治。請繼續往下閱讀...警方酒測陳男吐氣酒精濃度高達每公升0.98毫克，幾乎達爛醉程度，陳男雖留在現場，但檢察官認為他是受傷，不是真心懊悔，依酒駕致死罪嫌提起公訴，並交由國民法庭審理。高雄地院國民法庭開庭時，陳男在庭上聲淚俱下，自承「害死女兒也很捨不得，真的很愛女兒，無法原諒自己，希望能再給機會」，但陳妻當庭開撕陳男面具，稱當初與陳男簽下調解書，只是因為「反正他也賠不出錢」，實質上根本沒有原諒，「我心裡是恨他的！」國民法官認為，陳男身為人父，非但未盡保護責任，明知要接孩子卻執意大量飲酒，更是將親生骨肉推向極度險境，主觀惡性極重，認為他僅符合自首減刑規定，不適用「情堪憫恕」二次減刑。國民法庭考量陳男有多次酒駕前科且有入監紀錄，另有擔任詐騙集團車手、販毒等前科紀錄，素行顯然不佳；身為人父，毫不在意親生骨肉安全，主觀惡性極重，依酒駕致死罪重判10年8月。國民法庭2023年上路實施以來，酒駕致死部分國民法官共做出33件判決，其中陳男判刑10年8月，為國民法庭針對酒駕致死單一罪行量刑最重一例。    ,https://news.ltn.com.tw/news/society/breakingnews/5541923
知法犯法！台中刑大33歲「明日之星」 新竹酒駕拒測火速拔官,社會,2026/08/16 17:47,台中市刑大王姓副隊長，今天凌晨在新竹縣酒駕拒測，台中市警局得知火速拔官，並將從重懲處。（記者陳建志攝）台中市警察局刑警大隊一名王姓副隊長（33歲），昨天晚上休假北上新竹訪友餐敘，席間喝酒後卻開車，遭新竹縣警察局新埔分局員警攔查，因拒絕酒測遭舉發並代保管車輛，台中市刑大得知火速祭出懲處，除調整為非主管職務，後續也將從重懲處，至少會記一大過以上處分。這名台中市刑大王姓副隊長，因隊長休假目前暫代隊長職務，不料昨天晚上休假北上新竹訪友，並和朋友餐敘喝酒後，王員竟知法犯法酒後開車，今天凌晨2點55分，遭新竹縣警察局新埔分局員警攔查，因拒測遭舉發並代保管車輛。請繼續往下閱讀...據了解，警大80期畢業的王員，因工作積極認真，年紀輕輕就接任副隊長，原本前途看好，沒想到觸犯警界天條，不但被拔官，今年考績將淪丙等，未來警界生涯也將因酒駕大受影響。台中市刑大表示，已先行調整王員為非主管職務及服務單位，後續調查將依警察人員駕車安全考核實施要點從重嚴懲，絕不護短，以維護警察風紀決心。    ,https://news.ltn.com.tw/news/society/breakingnews/5541882
半夜逆向被攔查！桃園男酒駕拒測 副駕女發酒瘋潑他冰水衝車道,社會,2026/08/16 17:45,警方依法向劉男說明酒駕拒測相關處置。（警方提供）桃園市一名40歲劉姓男子今（16）日凌晨4時許駕車經中壢區中央西路一段與延平路口時，因行駛於對向車道且未與前車保持安全距離，遭巡邏員警當場攔停盤查。盤查期間劉男散發濃厚酒氣並坦承曾在KTV飲酒，但明確拒絕接受酒測，同車也喝茫的副駕駛劉姓女子突然情緒失控，向劉男潑灑冰水並衝向路中央企圖尋短，員警見狀立即上前實施保護管束，通報快打警力支援將2人隔離。警方於攔查過程，聞到駕駛劉男身上散發濃厚酒氣，劉男坦承稍早於KTV飲酒，警方依規定告知其酒測權利及法律效果，並要求檢測，但劉男明確表示拒絕接受酒精濃度測試，警方依法進行酒駕拒測相關處置。執行期間，同車副駕駛劉姓女子突然情緒失控向劉男潑灑冰水，並衝向路中央企圖尋短，員警為防止危害立即上前實施保護管束，並呼叫快打優勢警力到場支援控制現場、將兩人隔離安撫。請繼續往下閱讀...後續經到場救護人員檢視，發現劉女頸部及身體有自傷傷口，立即由救護車送往中壢天晟醫院救治，劉男經友人及警方安撫後情緒回穩，警方依法對其開立酒駕拒測罰單並當場查扣該車輛，全案依相關法規嚴正處置。中壢警分局長林鼎泰呼籲，酒後駕車嚴重危害自身及其他用路人生命財產安全，切勿心存僥倖以身試法；依道路交通管理處罰條例規定，拒絕接受酒測者將處18萬元罰鍰、當場移置保管該汽車、吊銷駕駛執照並施以道路交通安全講習，警方將持續嚴正執法，絕不寬貸。同車副駕駛劉姓女子在攔查過程中突然情緒失控，並向劉男潑灑冰水。（警方提供）劉女衝向路中央企圖尋短，員警見狀立即上前實施保護管束。（警方提供）    ,https://news.ltn.com.tw/news/society/breakingnews/5541870
買安非他命免費送「喪屍煙彈」！彰化女毒販10罪判17年9月,社會,2026/08/16 17:34,王女賣毒安非他命，竟免費送1顆「喪屍煙彈」依托咪酯，成為販毒證據。（示意圖，資料照）近來俗稱「喪屍煙彈」的依托咪酯毒駕案件頻傳，嚴重危害社會治安。彰化縣一名王姓女子明知海洛因、安非他命及依托咪酯均屬列管毒品，竟多次販賣與無償轉讓毒品給多名毒友。彰化地方法院審結，依販賣第一、二級毒品及轉讓偽藥等10罪，判處王女應執行有期徒刑17年9月。判決書指出，王女於去年1月至9月期間，頻繁以彰化住處為據點進行毒品交易，其交易過程五花八門，其中一名毒友為了吸食毒品，不僅常跑王女住處，甚至為了討好王女或換取毒品，還特地動手幫王女修補家中破掉的沙發，甚至幫忙申辦手機續約拿現金，宛如王女的「免費工具人」。請繼續往下閱讀...不僅如此，王女因在外欠下債務，面對毒友上門討債時，因手頭緊沒錢還，竟突發奇想掏出一包安非他命塞給對方當作「折抵欠款」與道歉禮物；甚至有其他購毒者為了買海洛因，深夜還得兼任司機，騎機車載著王女前往與毒品上游會合。去年1月，王女以6000元價格販售2包安非他命給一名男子，對方先付1000元、其餘賒欠，王女竟免費送1顆「依托咪酯煙彈」。隨後男子準備以6500元轉賣賺價差，未料買家竟是網路巡邏員警，當場遭逮。王女因遲遲等不到尾款，還傳訊「用好了嗎？有比較久喔」催錢，意外成為販毒證據。法官統計，王女共販售第一級毒品海洛因1次（金額4000元）、第二級毒品甲基安非他命4次（金額分別為6000元、1000元、300元、500元），並多次無償轉讓安非他命與1個依托咪酯煙彈給他人。法官審酌，依托咪酯等毒品濫用嚴重危害社會治安與民眾健康，且王女先前才因他案獲交保，竟不知悔改隨即再犯，顯見欠缺法治觀念，遂將其所犯10罪併罰，判處應執行有期徒刑17年9月。全案仍可上訴。彰化地院審理，王女販賣第一、二級毒品及轉讓偽藥等10罪，應執行有期徒刑17年9月。（資料照）    ,https://news.ltn.com.tw/news/society/breakingnews/5541866
太猖狂！無視騎樓監視器 台中賊夜潛車內「悠哉數錢5分鐘」,社會,2026/08/16 16:54,台中市西區明禮街一戶民宅停放在騎樓的汽車，昨天凌晨3點遭竊嫌打開車門偷走1萬1000多元現金，失主公布影像希望民眾幫忙指認。（擷取自Threads）台中市西區明禮街一戶民宅停在騎樓的汽車，昨天凌晨3點多，一名男子靠近汽車後，打開副駕駛座的車門潛入車內，打開裡面的皮包，拿走1萬1000元現金，車主隔天上午開車時發現錢不見，調閱監視器才知被竊賊偷走，對於騎樓裝滿監視器，竊賊完全沒在怕照偷，而且還在車上悠哉數錢5分鐘，直呼「太扯」，公布影片希望大家幫忙指認；警方表示已組成專案小組，全力追緝竊嫌到案。一位民眾在Threads貼文表示，昨天一早起床就發現一件令人不開心的事，雖然家裡樓下裝滿攝影機，但還是被人開車門偷錢，直言從攝影機眼睜睜看著他從錢包把錢拿走，還在車上數錢，真的「太扯、太扯、太扯」，希望大家幫忙分享，能把這名囂張的小偷肉搜出來，不要再有下一個受害者。請繼續往下閱讀...台中市警局第一分局表示，昨天晚間7點多接獲報案，民眾表示停放在西區明禮街騎樓的自小客車，被人偷走約1萬1000元的現金，經調閱監視器，發現1名男竊嫌於凌晨3點多得手後徒步離去，獲報後已立即成立專案小組，鎖定犯嫌特徵全力查緝。第一分局呼籲，民眾停放車輛時務必確認門窗上鎖，貴重物品切勿留置車內，以防宵小覬覦，共同降低遭竊風險。    ,https://news.ltn.com.tw/news/society/breakingnews/5541822
昔日「警界師父」為搞定都更案 北市科偵隊長半年洩上百筆資料,社會,2026/08/16 16:50,北市刑大科偵隊長陳冠良涉嫌洩密給昔日警界師傅。（資料照）昨天爆發出台北市刑警大隊科偵隊長陳冠良，涉嫌洩漏個資一案，震驚警界；陳員洩漏個資的對象，是他昔日警界師傅、現已退職轉行當房仲的吳政祐。據了解，吳近來疑似為了處理產權複雜的都更案，想找到相關房產所有人，委託陳幫忙查個資；陳從今年3月以來，先後查了上百筆個資再洩漏給吳，並涉嫌收取超過100萬元的不法酬勞。警界指出，陳冠良是警大76期畢業，過去在刑事局任職時，因辦案認真、頭腦靈活，先後破獲多起毒品案與重大刑案，深受上級肯定，堪稱警界明日之星。不過，陳在刑事局任職時，也因此認識當時在刑事局偵9大隊第3隊擔任副隊長的吳政祐，吳當時多次帶領陳辦案，認為陳是可造之材，兩人情同師徒。請繼續往下閱讀...熟識吳的警界同仁說，吳雖然辦案厲害，但只要沾酒就狀況連連。他20多年前曾在中正一分局任職，後轉調刑事局，他在偵9大隊第3隊擔任副隊長時期，曾在台北市酒駕被逮；他有次去台中偵辦槍毒案，因醉倒車內，車門未上鎖，遭歹徒侵入「乾洗」，連警槍都被偷走。據了解，吳疑自知在警界沒有前途，5年前提早退休，轉行改當房仲。今年3月，他為了處理都更案，費盡心力都無法取得相關房產所有人的資料，他於是將歪腦筋動到「昔日徒弟」身上，找上陳冠良幫忙調閱個資。陳冠良知道警方內部會進行「資安稽核」，避免有人亂查資料，他轉而利用過去因為辦案認識、信任他的檢察官來幫忙查個資。他將要查詢的都更戶名單，夾藏在給檢察官的發函調閱刑案資料公文中，透過檢察官代查來取得個資，隨後再洩漏給吳。據悉，有檢察官近來發現有多筆個資與案件無關，發現是陳「搞鬼」，陳見紙包不住火，主動向北市刑大大隊長丁靖報告。陳聲稱自己只有與吳「對接」，違法調閱的個資只有給吳，並有向吳收取不法酬勞。督察人員研判，陳半年多來查詢100多筆資料，也疑似獲得100多萬元酬勞，不排除吳以「1筆1萬元」的方式，提供不法利益給陳。至於吳取得資料後如何使用牟利、有無轉賣或外洩，以及幕後是否有不法炒房集團或其他共犯，警方將進一步深入追查釐清當中。    ,https://news.ltn.com.tw/news/society/breakingnews/5541819
雪隧小貨車蛇行民眾緊急通報 警方攔查...是毒駕,社會,2026/08/16 16:25,小貨車行駛過程中差點撞上路旁護欄。（圖取自Threads上的paulchang0120）國道5號雪山隧道北向路段，今天（16日）傳出一輛小貨車行駛時左右搖擺，差點撞上其他車輛及雪隧緊急通道，畫面被PO上網後引起熱議。國道公路警察局第9公路警察大隊派員盤查，對李姓駕駛施以唾液快篩檢測為陽性反應，涉嫌毒駕，將依公共危險罪移送法辦。目擊者在社群網站PO文指出，「現在雪隧，前面貨車超級危險！剛剛還開到緊急通道，然後整路一直壓到線，真的是好險，一路上兩三台都差一點撞到，警察盤查他了」。請繼續往下閱讀...網友留言，「他睡著了？」、「前方的危險駕駛是後方的精神良藥」、「不是喝了就是累了，最慘的就是吸了」、「現在毒駕太多，各位路上小心，看到立即報警以策安全」。國9隊指出，今天上午10點31分至48分，陸續接獲多位民眾通報國5北向雪山隧道路段，有輛白色小貨車輛行車不穩，巡邏車10點55分發現該車後，即引導下石碇出口至國9隊石碇駐地盤查，對57歲李姓駕駛施行唾液快篩檢，結果呈現陽性反應，涉犯公共危險罪嫌。國9隊表示，毒駕已是道路上隱形殺手，依據刑法第185條之3，可處3年以下有期徒刑，得併科30萬元以下罰金，致人重傷者處1年以上7年以下有期徒刑，致人於死者，處3年以上10年以下有期徒刑。另依照道路交通管理處罰條例35條規定，汽車駕駛人處3萬元以上12萬元以下罰鍰，當場移置保管車輛並吊扣駕照1年至2年，致人重傷或死亡直接吊銷駕照，且終身不得再考領。雪隧北向車道今天有輛小貨車蛇行險釀禍。（圖取自Threads上的paulchang0120）    ,https://news.ltn.com.tw/news/society/breakingnews/5541790
高雄三民26歲獨居女暗夜墜樓亡  家屬難接受質疑「不單純」,社會,2026/08/16 16:24,高雄三民區鼎中路某社區大樓今天凌晨發生女子墜樓命案，警方將進一步調查確切死因。示意圖。（記者許麗娟攝）高雄市三民區鼎中路一棟社區大樓，今（16）日凌晨3點多發生墜樓命案，民眾在睡夢中突然聽到一聲巨響，往外查看驚見有人倒臥在路面，警消獲報到場確認已明顯死亡，死者為黃女（26歲），警方初步調查無外力介入，但家屬無法接受，質疑黃女死因不單純。據了解，死者黃女獨居於該大樓，今天凌晨不明原因墜樓身亡，今日進行遺體相驗，家屬認為黃女不可能輕生，質疑死因並不單純。警方調閱相關監視器，目前未發現有可疑人物曾進入其住處，初步了解亦未發現有外力介入跡象，將進一步查明黃女死因。    ,https://news.ltn.com.tw/news/society/breakingnews/5541799
警緝毒破分裝場 竟搜出「軍規水雷」,社會,2026/08/16 16:15,警方驚見劉男竟持有水雷。（記者徐聖倫翻攝）新北市板橋警分局接獲情報，指稱55歲劉姓男子涉嫌販賣毒品並進行分裝。警方經長期蒐證後，於前日清晨拂曉出擊，前往板橋區和平路某公寓執行搜索，當場破獲這處毒品分裝廠，逮捕劉男並查扣大批毒品、分裝工具，甚至還搜出12顆「軍規水雷」。​板橋分局偵查隊與信義派出所掌握劉男販賣依托咪酯、安非他命事證，持搜索票於前日清晨派員查緝，前往劉男位於板橋和平路安樂巷的公寓住處，順利將他逮捕，讓這處隱匿於巷弄內的毒品製造分裝據點一舉瓦解。請繼續往下閱讀...​警方在現場查扣依托咪酯煙彈3顆、粉末3包、煙油1瓶、安非他命2包及液體2瓶，並起獲封膜機、電子磅秤、分裝鏟、注入器等全套分裝器具，另查扣犯罪所得136500元與2支手機。令警員驚訝的是，現場竟還赫見12顆水雷，相關爆裂物及毒品已緊急送往鑑識單位進一步檢驗。​劉男不承認販毒也不願交代毒品來源，水雷則辯稱是在網上購買，用途亦不肯交代。警詢後，警方依毒品、槍砲等罪嫌，將劉嫌移送法辦。警方強調，毒品與非法彈藥對社會治安危害極大，後續將持續向上溯源追查毒品來源與幕後共犯，絕不放過。警方將劉男控制並開始搜索屋內。（記者徐聖倫翻攝）    ,https://news.ltn.com.tw/news/society/breakingnews/5541769
男子吸食喪屍煙彈逆向騎車肇禍 碰撞路邊2輛轎車,社會,2026/08/16 15:59,男子吸食喪屍煙彈，逆向騎機車肇禍。（民眾提供）今天上午8點左右，王姓男子騎機車逆向行駛台中市大甲區雁門路，並撞到停在路邊的2輛轎車，大甲警分局獲報到場，在王男身上發現電子菸及菸油一罐，經毒品唾液快篩測試呈現依托咪酯陽性反應，即吸食俗稱的「喪屍煙彈」，警方訊後依違反毒品防制條例及不能安全駕駛（公共危險罪嫌），移請台中地檢署偵辦。今天上午8時6分，大甲警分局獲報指稱，在大甲區雁門路199號前有交通事故發生，立即派員前往處理，員警到場發現王男（55歲）騎機車沿雁門路由南往北逆向行駛，在雁門路199號前時碰撞順向停在路邊的2輛轎車，機車並卡在2車之間，王男雙腳受傷，由救護車送往光田醫院救治。請繼續往下閱讀...警方在王男身上發現電子菸及菸油一罐，經王男同意接受毒品唾液快篩測試後呈依托咪酯陽性反應，全案依違反毒品防制條例及不能安全駕駛（公共危險罪嫌），移請台中地檢署偵辦。大甲分局呼籲，毒品會嚴重影響判斷力及反應能力，施用毒品後駕車，不僅危害自身安全，更可能造成無辜用路人傷亡，警方對毒駕行為絕不輕縱，持續加強攔查、檢測及查緝作為，全力守護市民交通安全。男子吸食喪屍煙彈，逆向騎機車撞到停在路邊的2輛轎車。（民眾提供）    ,https://news.ltn.com.tw/news/society/breakingnews/5541715
婦長期服用管制安眠藥 女兒眼尖發現助警揪出黑市藥販,社會,2026/08/16 15:59,王男販售的安眠藥「贊安諾」。（記者王冠仁翻攝）台北市1名老婦人長期受失眠所苦，她向朋友訴苦，朋友介紹62歲王姓男子給她認識，聲稱王有管道拿安眠藥。她從今年初開始，先後3次向王大量買進第4級管制藥品「贊安諾」，直到上月底，老婦女兒在打掃房間時這才發現，女兒追問母親安眠藥來源她不願交代，女兒隨即向警方報案；警方確認老婦並沒有處方箋後，循線前往新北市三重區逮到王男，現正深入追查其藥品來源。警方調查，住在台北市士林區的1名老婦人，長期受失眠所苦，她疑似貪圖方便不想三天兩頭去看診透過處方箋拿安眠藥，反而四處向朋友訴苦。有朋友輾轉介紹她認識62歲王姓男子，聲稱王男有管道可以取得安眠藥。請繼續往下閱讀...老婦經朋友介紹，在今年初第1次與王碰面，王賣給她第4級管制藥物「贊安諾」；老婦吃了覺得有效，又在今年上半年期間，先後再與王購買2次。不過，老婦女兒在上月底幫忙打掃母親房間時，赫然發現有大量「贊安諾」，女兒轉而追問母親安眠藥來源，母親擔心惹上麻煩，不願多說。女兒再問家中外傭，外傭這才告訴女兒，近半年來老婦長期在睡前服用安眠藥，外傭還說並不知道該安眠藥是管制藥品，女兒不久後就向轄區士林分局芝山岩派出所報案。警方詢問老婦相關細節，但老婦只說近半年3次向王男購買安眠藥都是拿現金與對方當面交易，自己記不清楚每次購買的安眠藥數量與單價。警方說，由於「贊安諾」含有第4級毒品阿普唑他（Alprazolam）成分，若沒有處方箋就販售涉犯毒品罪嫌，警方於是循線前往新北市三重區逮捕王男。王男落網後拒不配合，對於販賣給老婦安眠藥的相關情節不願說明，也不交代如何取得大量安眠藥，有無販賣給其他人。警方最後將王男依毒品罪嫌送辦，同時正深入追查。    ,https://news.ltn.com.tw/news/society/breakingnews/5541768
違停拒檢逃逸 警鷹眼跨區抓毒蟲查獲西瓜刀,社會,2026/08/16 15:45,鐘男面對警方攔檢神情詭異，隨後趁隙逃逸。（記者徐聖倫翻攝）鐘姓男子今凌晨3時許將轎車違規停放在新北市板橋區三民路行人穿越道上，海山警分局獲報派員到場盤查時，發現鐘男神情緊張、身體不斷顫抖。員警懷疑其無法安全駕駛要求下車，鐘男竟心虛踩油門加速逃逸。警方調閱監視器追查，於6小時內跨區至三重將他逮捕，並查獲安非他命、喪屍煙彈及西瓜刀。​警方表示，埔墘派出所於今日凌晨3時許接獲民眾報案，指稱三民路二段有車輛違停。員警抵達盤查時，鐘男因持毒心虛，趁隙駛離現場。警方隨即展開追查，發揮鷹眼功力鎖定車輛軌跡，於上午9時許循線追至三重區慈愛街一帶，趁鐘男下車之際一舉上前攔查，當場查扣毒品及1支西瓜刀。請繼續往下閱讀...​由於鐘男拒絕接受毒品快篩，警方依「道路交通管理處罰條例」開罰外，並將他逮捕。鐘男拒絕交代毒品來源，警詢後依公共危險罪、毒品等罪嫌，將鐘男移送法辦，並將向上溯源；至於無故攜帶刀械部分，則另依違反「社會秩序維護法」裁處。警方調閱監視器，循線來到三重將鐘男逮捕。（記者徐聖倫翻攝）    ,https://news.ltn.com.tw/news/society/breakingnews/5541751
小貨車雪隧內狂搖晃 國道警攔查駕駛竟是「吸毒上路」,社會,2026/08/16 15:33,貨車明顯搖晃被後方車輛拍下。（記者徐聖倫翻攝自threads）57歲李姓男子駕駛白色小貨車，今上午行經國道5號雪山隧道北向路段時，車輛一路忽左忽右、行車相當不穩定，嚇壞不少後方駕駛。國道公路警察局第九大隊接獲多名獲報後迅速出動，攔截該車引導至駐地盤查，經對李男實施毒品唾液快篩呈陽性反應，並將李男依法送辦。​警方表示，今日上午10時許，陸續收到多名民眾檢舉，稱國5北向雪隧路段有1輛白色小貨車蛇行晃動。巡邏車於10時55分許發現該車，立即一路引導其下石碇交流道，進入石碇駐地進行盤查。請繼續往下閱讀...​警方對李男進行毒品唾液快篩，結果呈現陽性反應，李男無從辯解，只能承認吸食安毒後上路，警詢後將其依公共危險、毒品等罪嫌送辦。國道警方呼籲，毒駕是道路上的「隱形殺手」，依刑法最高可處3年有期徒刑、併科30萬元罰金；另依道交條例重罰最高12萬元，並扣車及吊扣駕照，切勿拿自己與他人生命開玩笑。網友在threads上發文提醒民眾注意這輛毒駕的貨車。（記者徐聖倫翻攝）    ,https://news.ltn.com.tw/news/society/breakingnews/5541737
北宜公路嚴防改裝車競速滋擾 連2日聯合稽查開出25張罰單,社會,2026/08/16 15:23,新北市新店分局、監理及環保單位昨日及今日在北宜公路實施聯合稽查，共取締超速、改裝車、無照駕駛、交通違規等25件，圖非違規當事人。（記者陸運鋒翻攝）暑假已接近尾聲，新北市警新店分局為防範青少年山道競速與改裝噪音車滋擾，持續會同監理及環保單位，於昨、今日在北宜公路坪林路段展開聯合稽查，共取締超速、改裝車、無照駕駛、交通違規等25件，罰單總金額粗估逾10萬元，將持續維護用路人安全。新店警分局表示，每年暑假因青少年駕駛經驗不足、易受同儕影響，在山路彎道常有超速、跨越雙黃線及改裝排氣管等行為，威脅交通安全，為此將北宜公路列為重點防制路段，透過「監、環、警」三方合作，針對擅自改裝車體及排氣管進行嚴格執法；同時在易肇事路段加強移動式測速勤務，針對無照駕駛、壓車違規及未戴安全帽等重點項目強力取締。請繼續往下閱讀...警方指出，昨（15日）及今（16日）上午，針對北宜公路坪林段26公里、32公里財茂灣及34公里鬍鬚灣，實施聯合稽查及防飆勤務，總計攔查汽機車107輛，其中舉發超速15件、跨越雙黃線2件、違規變更車體設備6件、擅自改裝LED頭燈1件及無照駕駛1件，估計開罰總金額逾10萬元；另攔查因反光標示不全責令車主驗車2件，並通報8件噪音車。警方呼籲，北宜公路彎道多、坡度大，車速過快極易發生危險，民眾上路務必遵守速限、建立防禦駕駛觀念，將持續規劃各項勤務，嚴格取締超速與違規改裝，守護大眾行車平安。新北市新店分局、監理及環保單位昨日及今日在北宜公路實施聯合稽查。（記者陸運鋒翻攝）    ,https://news.ltn.com.tw/news/society/breakingnews/5541714
近百名學生淪「遊戲提款機」！IG假好友騙密碼 狂刷PS高級會員,社會,2026/08/16 15:03,警方提醒千萬不要交出驗證碼。（記者姚岳宏翻攝）近期頻傳學生在Instagram遭遇假好友詐騙，僅因借出手機接收1組驗證碼，帳單竟莫名多出4078元的欠款，刑事局指出，近3個月內的電信小額付款詐騙案，高達4分之3的被害人為學生族群，詐騙集團專門冒充親友，誆稱手機遭鎖定或急需借用門號，誘使被害人交出密碼，立刻盜刷購買高價的遊戲會員。刑事局分析這波密集、近百件的詐騙案件，發現扣款金額幾乎都是4078元，許多被害人直到收到電信帳單，才驚覺自己成了詐騙集團的提款機，以南部1名國中生為例，他在7月初收到IG私訊，對方帳號與他真正的好友僅差1個字元，這名假好友誆稱遇到緊急狀況，急需借用手機號碼接收簡訊；國中生未察覺異狀，依指示給予門號及驗證碼，隨即就收到4078元的小額付款通知。請繼續往下閱讀...無獨有偶，北部1名小學生也在7月底落入相同陷阱，他誤信陌生假帳號，連續交出2組驗證碼，導致短短幾分鐘內接連遭扣款3488元及4078元，總計損失7566元。警方比對近百件交易明細後發現，這些扣款均流向Sony旗下的遊戲品牌PlayStation。進一步追查確認，4078元正好是PlayStation Plus高級會員12個月方案的價格，詐騙集團顯然是利用騙來的驗證碼，讓被害人替他們的會員服務買單。刑事局呼籲，驗證碼就等同於付款授權，絕對不可以提供給他人，民眾若收到不明扣款通知，應立即聯繫電信業者並向警方報案，此外，家長平時也應多加檢視孩子手機的小額付款功能及消費額度，並提醒孩子保護個人資訊。警方同時期盼電信業者能針對此類詐騙樣態研擬防制對策，共同降低民眾被害風險。若遇任何可疑訊息，民眾皆可隨時撥打165反詐騙專線諮詢。PlayStation Plus高級會員交易通知。（記者姚岳宏翻攝）警方公布詐騙訊息。（記者姚岳宏翻攝）    ,https://news.ltn.com.tw/news/society/breakingnews/5541675
台中男當車手沒領半毛錢   關1年4月還要吐出50萬,社會,2026/08/16 14:57,台中古姓男子加入詐騙集團擔任車手拿走廖姓女子50萬元，除依詐欺罪判處1年4月徒刑，台中地院還判決要賠償廖女50萬元。（記者陳建志攝）台中古姓男子，2024年6、7月間加入暱稱「美金」等人所組成的詐欺集團擔任車手，廖姓女子誤信該集團股票投資廣告，加入群組後依指示，在同年7月2日相約面交50萬元現金，古男依指示出面取款後交給上手製造斷點，廖女事後發現被騙報警查獲古男，台中地院審理時古男坦承犯行，並稱未拿到報酬，依三人以上共同詐欺取財罪，判1年4月徒刑，民事部分也判決要賠50萬元，可上訴。判決指出，古姓男子2024年6、7月間加入暱稱「鈔帆國際修羅」、「美金」等人所組成的詐欺集團，擔任車手賺取報酬，該集團在網路張貼投資廣告，吸引廖姓女子聯繫並加入LINE「一飛沖天」群組，佯稱是「台大財經系教授張森林」，謊稱聯繫彭姓助理可集資買股票投資。請繼續往下閱讀...廖女誤信連繫後，相約2024年7月2日上午9點時面交50萬元，古男依「美金」指示，持偽造工作證及「東富投資股份有限公司收納款項收據」，出面取走50萬元，再以丟包方式放置於鄰近公園交給上手，廖女事後發現被騙，向台中第三分局報案查獲古男。台中地院審理時，古男坦承犯行，但強調尚未拿到報酬，法官認為古男不思依循正途獲取經濟收入，竟擔任詐欺車手，騙取詐騙款項，再層轉給上手製造金流斷點，法治觀念明顯偏差，審酌尚未與廖女達成調解並賠償損害，依三人以上共同詐欺取財罪，處1年4月徒刑。廖女並提起刑事附帶民事訴訟請求損害賠償，古男未於言詞辯論期日到場，亦未提出書狀作出聲明或陳述，形同自認，判決古男應賠償50萬元，可上訴。    ,https://news.ltn.com.tw/news/society/breakingnews/5541663
竹聯幫成員擁衝鋒槍販毒 北市刑大攻堅查扣槍毒,社會,2026/08/16 14:23,警方查扣槍毒。（記者王冠仁翻攝）竹聯幫信堂成員42歲袁姓男子，夥同另名35歲吳姓成員組成販毒集團，長期在桃園中壢地區將毒品批發給中下游毒販，他們為了避免毒品交易時遇上黑吃黑，袁都會攜帶一把改造衝鋒槍防身。台北市刑警大隊根據一宗毒品案溯源追查，經布線跟監鎖定他們行蹤後攻堅逮人，查獲大量毒品以及一把改造衝鋒槍；他們近期被檢方起訴，警方也在今天公布相關查緝影像。台北市刑警大隊在今年初破獲一宗毒品案，警方進行溯源追查，輾轉查出毒品來自桃園中壢地區。警方深入追查，根據毒品流動網絡，發現上游毒販是在中壢地區出沒的竹聯幫信堂袁姓成員。請繼續往下閱讀...警方調查，袁男與吳男都是信堂成員，他們見近來新興毒品深受年輕毒蟲喜愛，認為有利可圖，於是專門在桃園地區販毒。他們為了降低查緝風險，因此不直接將毒品賣給毒蟲，而是將各式毒品批發給中下游毒販；由於每次交易的毒品量不小，為了防範交易時被人黑吃黑，袁出門交易時都會攜帶一把改造衝鋒槍防身。案經警方耗費3個月布線跟監，警方掌握袁、吳的行蹤與據點後，今年3月底前往桃園中壢地區攻堅逮人，警方在2人的住處與據點內查扣具殺傷力的改造衝鋒槍1支、子彈20發、毒咖啡包248包、搖頭丸53.92克、依託咪酯粉末31.36克。據了解，袁、吳見到警方掌握明確事證，坦承從事販毒，但袁對於衝鋒槍的來源避重就輕，胡扯是某位過世的友人寄放。警方說，袁、吳兩人被警方依毒品、槍砲罪嫌送辦，他們近期也被檢方起訴。警方強調，因應槍枝、毒品等危害人民生命安全甚鉅，警方將持續強力取締掃蕩，以穩定社會治安與保護人民生命財產安全。警方查扣毒品。（記者王冠仁翻攝）警方查扣毒品。（記者王冠仁翻攝）    ,https://news.ltn.com.tw/news/society/breakingnews/5541636
拉拉山溪水暴漲2釣客受困 義消常訓無縫轉實戰架繩救人,社會,2026/08/16 14:18,巴陵消防分隊隊員、義消架好繩索後，強渡到對岸救出釣客。（巴陵分隊提供）桃園市復興區山區近日午後雷陣雨頻繁，2名男釣客13日於三光溪垂釣遇午後驟降大雨，溪水迅速暴漲，兩人回程動線遭水勢阻斷受困溪岸。消防局巴陵分隊晚上6時49分獲報，碰巧巴陵義消分隊正在該山區辦理義消常年訓練，巴陵義消分隊長江俊宏獲悉災情後，立即率領義消整裝出動協助，將平日精實訓練無縫化為救援實戰，即時協助兩名釣客脫困。巴陵消防分隊長許翔智今（16）日表示，此次救援任務共出動消防人員5名、義消8名及各式車輛3輛，面對夜間視線不佳、溪谷地形陡峭及水勢湍急等多重挑戰，搜救人員冒險下切溪谷，合力架設繩索系統渡溪搶救，歷經約3個半小時，順利協助2名釣客平安脫困。請繼續往下閱讀...搜救人員於晚上7時43分下切抵達三光溪岸，現場天色已暗，面對湍急水勢及複雜地形，立即進行環境評估，並架設繩索回收系統，建立安全渡溪動線。確認救援條件及繩索系統穩固後，搜救人員小心橫渡至對岸，順利接觸2名受困釣客，並於晚上9時14分成功協助2人渡溪脫困。經現場初步評估，2名釣客生命徵象穩定且無明顯外傷，確認無送醫需求後，搜救人員於9時32分整裝護送2人返程，並於10時22分全員安全抵達起點，順利圓滿完成救援任務。許翔智表示，山域救援環境瞬息萬變，尤其溪谷地形受天候影響甚鉅，救援人員除須具備專業搜救技能，更需要透過平時訓練熟悉救援裝備及團隊協作方式，才能在突發事故發生時迅速投入救援。本次義消常年訓練期間恰逢實際救援案件，義消同仁立即將平日所學投入現場，展現平時訓練與實戰救援緊密結合的成果。針對山區天候瞬息萬變，午後強降雨極易引發溪水瞬間暴漲。消防局呼籲民眾從事登山、溯溪或垂釣等戶外活動前，務必隨時留意氣象資訊及水情變化，並審慎評估活動風險；若遇溪水暴漲受困，切勿冒險強行渡河，應儘速往高處避難，並撥打119求援，等待專業搜救人員協助，以確保自身安全。巴陵消防分隊隊員、義消架好繩索後，強渡到對岸救出釣客。（巴陵分隊提供）巴陵消防分隊隊員、義消架好繩索後，強渡到對岸救出釣客。（巴陵分隊提供）    ,https://news.ltn.com.tw/news/society/breakingnews/5541634
中和熱炒店爆衝突！女酒醉嘔吐遭碎念 2男化身護花使者毆人,社會,2026/08/16 14:10,許男遭到2名吳男毆傷，救護人員到場替他包紮傷口，並送往醫院治療。（記者陸運鋒翻攝）新北市中和莒光路1家熱炒店發生1起鬥毆事件，2名吳姓男子因不滿女性友人酒醉嘔吐時，遭不認識的許姓男子碎念，2男瞬間化身護花使者嗆聲，許男爆粗口後遭到2男痛毆一頓，警方獲報到場，先協助許男送醫，並循線將2男通知到案，詢後將吳、許等3人送辦。中和警分局調查，49歲及48歲2名吳姓男子，前天凌晨與友人在中和莒光路吃熱炒，酒過三巡後，其中1名女性友人因喝醉酒，跑到店外騎樓嘔吐，期間不同桌的44歲許男吃完飯在騎樓休息看見後，不斷碎嘴要求女子小聲點。請繼續往下閱讀...據知，2名吳男見狀後化身護花使者，上前與許男嗆聲理論，但疑遭到辱罵三字經，2男瞬間暴怒對許男出拳痛毆一頓，隨後搭計程車揚長而去，而許男因頭部挫傷，由救護車送往亞東醫院治療，幸無生命危險。警方指出，獲報後立專案小組調閱沿線監視器循線查緝，於當天下午將2名吳男通知到案，由於許及2名吳男互告，全案詢後分別依傷害、恐嚇及公然侮辱罪嫌將3人函送新北地檢署偵辦。    ,https://news.ltn.com.tw/news/society/breakingnews/5541615
大寮舞廳藏毒無人認帳 警方帶回200人全面採證送驗,社會,2026/08/16 14:03,林園警分局執行跨機關聯合擴大臨檢，突襲大寮區某舞廳，大有斬獲。（民眾提供）高雄市林園警分局今（16）日凌晨突襲大寮區一處舞廳，大有斬獲，查獲毒品咖啡包、愷他命香煙等毒品，並查獲逾期居留失聯移工21人及詐欺通緝1人，由於沒人承認持有毒品，警方將現場200餘人全部帶回分局採尿檢驗。為強化轄內治安及毒品防制工作，林園警分局針對外籍移工易聚集處所及曾查獲毒品場所，聯合高市府毒品防制局、消防局及內政部移民署等單位，今凌晨0時執行擴大臨檢及聯合稽查勤務，前往大寮區大寮路某舞廳進行擴大臨檢勤務。請繼續往下閱讀...警方針對現場人員身分查驗及檢查場所，於舞池及現場角落查獲毒品咖啡包1包、愷他命香煙9支、不明藥錠7顆及K盤1組等證物，其中逾期居留失聯移工21人及詐欺通緝1人。警方完成採證後，無人坦承持有上述毒品，遂將現場200餘人帶回分局進行身分查證、製作筆錄及採集尿液送驗，其中21名逃逸移工完成相關程序後，移請移民署依法續處，詐欺通緝部分移送高雄地檢署歸案。警方控制現場後，逐一查驗身分。（民眾提供）    ,https://news.ltn.com.tw/news/society/breakingnews/5541612
11年沒回戶籍地！ 送達程序出大包 無照男逆轉免罰3萬,社會,2026/08/16 13:51,男子開車上國道3號，遇警方路檢發現他的駕駛執照「早就被註銷」被開單。示意圖（資料照）高姓男子日前開車行經國道3號時，遭遇警方路檢，員警一查發現他的駕駛執照「早就被註銷」，被依無照駕駛開出3萬元罰單。男子不服提出上訴，強調自己因工作關係長達11年沒住戶籍地，根本沒收到通知；行政法院審理後，赫然發現監理機關裁罰程序出現「重大瑕疵」，認定當初的註銷處分根本無效，逆轉撤銷罰單。判決書指出，高男去年9月8日傍晚，開車行經國道3號南向340.4公里處時，碰上員警執行路檢，警方發現他的駕照已被監理機關註銷，屬於無照駕駛，隨即開單舉發，高雄市交通事件裁決所隨後依《道路交通管理處罰條例》，對他開出新台幣3萬元罰鍰並扣繳駕照。請繼續往下閱讀...男子收到裁決後提起行政訴訟，他主張，自己因為工作關係，已經長達11年沒有居住在戶籍地，且戶籍地早已空無一人。監理機關當時雖然有郵寄掛號信件，但全部寄往戶籍地，導致他根本無從得知自己的駕照已經被註銷。高雄高等行政法院深入審理後發現，監理機關在註銷駕照的程序上，圖方便抄捷徑，違反了法律規定。法院指出，監理機關在原處分中，僅因男子「未依限期繳送駕駛執照」，就直接啟動易處處分（逕行註銷駕照），卻沒有重新將這個「易處處分」的內容再次送達給當事人。法官在判決書中直言，這種「未送達就生效」的瑕疵屬於「重大明顯瑕疵」。依據《行政程序法》第111條第7款規定，該易處處分應屬「無效」。既然最初註銷駕照的處分從頭到尾都無效，男子開車上路就不算無照駕駛，因此法院判決撤銷這張3萬元的罰單。可上訴。    ,https://news.ltn.com.tw/news/society/breakingnews/5541605
桃警雷霆除暴專案查獲143件刑案 越南籍男子涉毒駕、藏毒被逮,社會,2026/08/16 13:20,桃園警分局15日執行「雷霆除暴專案」，針對治安顧慮場所、易滋事據點及重要聯外道路加強臨檢、路檢與查緝作為。（記者鄭淑婷翻攝）桃園警分局昨（15）日執行「雷霆除暴專案」，針對治安顧慮場所、易滋事據點及重要聯外道路加強臨檢、路檢與查緝作為，專案期間總計查獲刑案143件、涉案人139人。警方表示，此次專案由警察局副局長鄭榮崑主持勤前教育，特別叮囑同仁善用各項執勤裝備，隨時提高警覺，妥善應對各類突發狀況，並強調執勤安全為首要原則，務必確保勤務順利完成。請繼續往下閱讀...此次專案勤務共規劃路檢點8處、臨檢點19處，出動警力102人，並結合刑事警察大隊、交通警察大隊及保安警察大隊支援執行，全力掃蕩不法犯罪活動，專案期間查獲刑案21件23人，其中竊盜11件11人、毒品23件21人、通緝31件27人、詐欺29件29人及公共危險28件28人，合計查獲刑案143件、涉案人139人。其中，埔子派出所員警於執行勤務期間，發現27歲越南籍阮姓男子駕駛轎車有搖擺不定及急踩煞車等異常情形，員警立即上前攔查，並於車內查獲毒品咖啡包、K盤等違禁物品，當場將阮男及車上2名友人帶回派出所釐清案情，全案依法移請偵辦。桃園警分局15日執行「雷霆除暴專案」，針對治安顧慮場所、易滋事據點及重要聯外道路加強臨檢、路檢與查緝作為。（記者鄭淑婷翻攝）桃園警分局15日執行「雷霆除暴專案」，針對治安顧慮場所、易滋事據點及重要聯外道路加強臨檢、路檢與查緝作為。（記者鄭淑婷翻攝）埔子派出所員警查獲27歲越南籍阮姓男子涉嫌毒駕，並在車內查獲毒品。（記者鄭淑婷翻攝）    ,https://news.ltn.com.tw/news/society/breakingnews/5541594
毒駕追出依托咪酯分裝場藏民宅 北市警1日抄2毒窟逮藥頭,社會,2026/08/16 13:04,警方專案小組前往新北市三峽攻堅，逮捕熟睡中的林姓藥頭，並起獲相關證物。（記者陸運鋒翻攝）暑假期間為保護年輕學子，台北市警大安分局透過轄內2起毒駕案件溯源，追查出供貨的依托咪酯分裝場，並鎖定陳姓及林姓藥頭，見時機成熟後，大批警力12日前往新北市淡水、三峽區攻堅逮人，並搜出依托咪酯原油、海洛因及分裝器具等證物，詢後移送偵辦。大安警分局調查，此案為日前轄內2起毒駕案件向上溯源追查，發現55歲陳姓及50歲林姓藥頭，他們各自在新北淡水及三峽住家，當作依托咪酯分裝場據點，並涉嫌販售毒品給下游藥腳，專案小組掌握相關情資後，隨即展開蒐證及跨區合作。請繼續往下閱讀...據知，警方專案小組於本月12日見時機成熟後，會同刑警大隊特勤中隊持拘票、搜索票，前往新北市淡水區1處民宅查緝，逮捕陳姓藥頭及羅姓藥腳，起獲依托咪酯原油3罐、依托咪酯粉末、安非他命10包、煙彈及分裝器具等證物。此外，專案小組同日亦前往新北三峽區民宅攻堅，將林姓藥頭逮捕到案，起獲托咪酯原油2罐、依托咪酯粉末、海洛因、煙彈、分裝器具、針筒等分裝工具。警方指出，這2起案件全案詢後依毒品危害防制條例罪嫌，分別移送士林及新北地檢署偵辦，並持續擴大追查其他共犯。警方表示，毒品犯罪不僅危害個人健康，更可能衍生公共安全及其他犯罪問題，將持續透過毒駕攔查、毒品溯源及跨轄區合作，從末端施用者一路向上追查，阻斷毒品危害。警方專案小組前往新北市淡水，逮捕陳姓藥頭。（記者陸運鋒翻攝）    ,https://news.ltn.com.tw/news/society/breakingnews/5541588
中壢警週查獲刑案115件79人雷霆除暴 毒駕男見臨檢心虛停車露餡,社會,2026/08/16 12:57,桃園市警察局中壢警分局15日晚間動員79名警力執行「雷霆除暴擴大臨檢暨全市取締酒後駕車、施用毒品後駕車、防制危險駕車及噪音車輛勤務」。（警方提供）桃園市警察局中壢警分局昨（15）日晚間動員79名警力執行「雷霆除暴擴大臨檢暨全市取締酒後駕車、施用毒品後駕車、防制危險駕車及噪音車輛勤務」，除規劃4處路檢點，並針對轄內KTV、酒吧、電子遊戲場、汽車旅館等14處治安重點場所實施臨檢，勤務期間包括查獲21歲潘姓男子毒駕上路，後續依法偵辦。員警於昨日晚間11時許，在中壢區環西路二段路檢點執勤時，發現21歲潘男駕駛轎車行經該處，見前方設有路檢點便突然靠邊停車，形跡可疑，員警立即上前。潘男面對詢問時神色緊張，員警進一步盤查，當場查獲依托咪酯煙彈1顆及愷他命1小包。經實施唾液毒品快篩呈陽性反應，員警當場將潘男逮捕，全案依毒品危害防制條例及公共危險（毒駕）罪嫌移送偵辦。請繼續往下閱讀...中壢警分局統計，自本月9日至15日持續強化各項查緝作為，期間共查獲刑案115件101人，其中毒駕6件、酒駕11、詐欺29件、竊盜8件、毒品24件，另查獲各類通緝案件26件19人，全案均依法移送偵辦，展現警方主動出擊、強勢執法及打擊犯罪的決心。市警局督察長許頌嘉於勤前教育時，首先慰勉員警平日執勤辛勞，並提醒執勤期間務必落實「三安」要求，持續精進執法技巧及法令素養，執法過程應注意適法性及比例原則，以保障民眾權益及執勤安全。亦指示各級幹部應主動關懷、體恤同仁，最後感謝全體同仁堅守崗位、戮力執勤，並叮囑大家注意身體健康，平安完成勤務。中壢警分局長林鼎泰表示，警方將持續分析轄內治安狀況及犯罪趨勢，針對治安熱點、易滋事場所與重要道路，機動部署臨檢、路檢及巡邏攔查勤務，強力查緝暴力、毒品、詐欺、酒駕及毒駕等不法行為，以精準執法與優勢警力展現維護治安的決心，全面淨化轄區治安環境，守護市民生命財產安全。桃園市警察局中壢警分局15日晚間動員79名警力執行「雷霆除暴擴大臨檢暨全市取締酒後駕車、施用毒品後駕車、防制危險駕車及噪音車輛勤務」。（警方提供）桃園市警察局中壢警分局15日晚間動員79名警力執行「雷霆除暴擴大臨檢暨全市取締酒後駕車、施用毒品後駕車、防制危險駕車及噪音車輛勤務」。（警方提供）    ,https://news.ltn.com.tw/news/society/breakingnews/5541558
無牌改裝機車深夜狂飆呼嘯 騎士見警靠近心虛自摔,社會,2026/08/16 12:55,蔡男見警方靠近，心虛加速逃逸不慎自摔。（記者鄭淑婷翻攝）桃園市25歲蔡姓男子今（16）日凌晨2點多騎乘未懸掛車牌的改裝機車，沿桃園區永安路一路呼嘯，見巡邏警車靠近心虛加速不慎失控自摔，他也因無照及騎乘報廢車輛等違規被告發。桃園警分局埔子派出所員警當時正在執行巡邏勤務，在桃園區永安路發現蔡男騎乘未懸掛號牌的改裝機車沿路行駛，車輛發出轟鳴噪音，員警立即上前攔查，蔡男一見到警車靠近，因心虛突然加速逃逸不慎失控自摔。請繼續往下閱讀...員警隨即上前盤查，發現蔡男不但沒有駕照，騎乘的機車也已報廢，警方遂依道路交通管理處罰條例相關規定予以舉發，並依法查扣車輛。桃園警分局呼籲，民眾切勿駕駛報廢車輛或無照上路，遇警方攔查時應立即停車並配合執行勤務，切勿加速逃逸，以免危及自身及其他用路人安全。    ,https://news.ltn.com.tw/news/society/breakingnews/5541582
外木山老船長固定纜繩不慎落海 岸巡人員跳港救援保命,社會,2026/08/16 12:34,岸巡人員跳下港區，將老船長救起。（第二岸巡隊提供）基隆市外木山漁港一名船長今日上午9時許，固定漁船纜繩時，一時操作不慎，失足掉落海中。岸巡人員巡查發現，趕緊通報備勤人員，攜帶救生圈等裝備到場，並跳入港區將人救起，所幸及時發現緊急救援，保住船長一命。海巡署第二岸巡隊外木山安檢所海巡人員執行巡查勤務時，在港區發現一名老船長不慎掉落海中，第一時間通報備勤人員帶上裝備，趕赴現場，另一方面則通報119請消防局派遣救護車到場協助。請繼續往下閱讀...岸巡人員將救生圈拋下海中後，兩人跳進港區將慌張的老船長抓牢，慢慢地將人拉近岸邊，順利將人救上岸。岸巡人員安撫老船長情緒，並將他拉近岸邊，順利將人救起。（第二岸巡隊提供）    ,https://news.ltn.com.tw/news/society/breakingnews/5541556
草屯車禍驚見「喪屍煙彈」與大量爆竹 駕駛棄車逃逸,社會,2026/08/16 12:27,1名婦人駕車在草屯虎山路自撞電線桿棄車逃逸。（圖由警方提供）南投縣草屯鎮虎山路昨（15日）下午發生1起轎車自撞電線桿事故，警方獲報趕抵現場時，肇事駕駛已棄車逃逸，並搭乘接應車輛離去，警方搜查肇事車輛後，除發現大量爆竹煙火外，更於駕駛座起出俗稱「喪屍煙彈」的依托咪酯與安非他命毒品，已鎖定涉案婦人查緝。草屯分局昨下午4時30分許，獲報轄區虎山路發生1起白色BMW轎車自撞電線桿事故，草屯派出所員警前往處理，發現肇事者不見蹤影，但車內竟有大量爆竹煙火，進一步搜查發現駕駛座遺留「喪屍煙彈」毒品及1包結晶粉末，經帶回篩驗確認為依托咪酯及安非他命。請繼續往下閱讀...警方事後調閱路口監視器發現肇事者是1名婦人，肇事後棄車並由另1部車輛接送離開，懷疑毒駕肇事，目前已鎖定對象，全案將依涉嫌違反毒品危害防制條例及公共危險罪積極偵辦。警方在肇事車輛內起出大量煙火爆竹。（圖由警方提供）    ,https://news.ltn.com.tw/news/society/breakingnews/5541557
幫詐團印假收據騙走190萬 冷氣技師「留指紋」露餡,社會,2026/08/16 12:24,幫詐團印假收據騙走190萬，冷氣技師「留指紋」露餡。（資料照）苗栗縣1名擔任空調技師的林姓男子，加入詐欺集團負責替面交車手至超商列印假的「投資公司收款收據」，致使被害人誤信虛假投資網站，遭詐騙190萬元。警方在扣案收據上採集到林男指紋成為鐵證，苗栗地院法官審理後，依三人以上共同詐欺取財罪，判處林男有期徒刑1年8個月。判決書指出，林男於2023年底加入以「順泰投資」名義行騙的詐欺集團，該詐團成員透過LINE群組「昇財儷喜佈局計畫47」等帳號，向戴姓男子佯稱可儲值下單投資，誘騙1名被害人於同年12月22日晚間前往苗栗市1處停車場面交190萬元。請繼續往下閱讀...期間，林男依詐團指示前往超商列印偽造的「順泰投資股份有限公司」收款收據，再轉交給不詳面交車手向被害人行使並取走巨款，被害人事後察覺受騙報警，警方將扣案收據送交刑事警察局鑑驗，成功比對出林男指紋而破案。苗栗地院審理時，林男坦承犯行。法官審酌林男不思正途，竟參與詐團分工協助印製假收據，嚴重侵害被害人財產安全，惟考量其於法院審理時坦承犯行，且無證據顯示其分得犯罪所得，兼衡其自述擔任空調技師等生活狀況，判處有期徒刑1年8個月。    ,https://news.ltn.com.tw/news/society/breakingnews/5541551
旅宿隨機敲門鎖定女子！醉男闖房壓地性侵 幼子護母也遭殃,社會,2026/08/16 11:51,桃園1名吳姓男子酒後在旅宿隨機敲門，趁女子應門時強闖房內，將人壓倒在地，撕扯衣物、襲胸及強吻，企圖強制性交。女子未滿12歲兒子上前護母，也遭推倒撞牆受傷，直到女子丈夫返回制止。（示意圖）桃園1名吳姓男子酒後在旅宿隨機敲門，趁女子應門時強闖房內，將人壓倒在地，撕扯衣物、襲胸及強吻，企圖強制性交。女子未滿12歲兒子上前護母，也遭推倒撞牆受傷，直到女子丈夫返回制止。桃園地院依侵入住宅強制性交未遂罪判吳男6年，另依成年人故意對兒童犯傷害罪判3月；高等法院駁回上訴，維持原判。判決指出，吳男去年10月5日凌晨4時許，前往桃園區1處旅宿，隨機敲擊不特定房間房門。當時女子與兒子正在房內休息，丈夫則外出買東西，女子聽見敲門聲後起身查看，未料吳男竟以不詳方式開啟房門，不顧女子抵抗，強行推門闖入。請繼續往下閱讀...女子指控，吳男進門後將她不斷往屋內推，接著拉扯頭髮、壓倒在地，以全身壓制她，過程中不斷說著「幫我、幫我」，還撕扯、掀起她的衣物，撫摸胸部並親吻頸部；她大聲呼救時，吳男甚至一度摀住她的嘴巴。女子的兒子被哭喊聲驚醒，見母親遭陌生男子壓制，試圖拿手機並上前阻止。吳男卻要男童「不要理她」，還動手將男童推開，導致男童跌倒撞上牆壁，右膝挫傷。女子丈夫約20分鐘後返回，一出電梯就聽見妻兒哭喊、呼救，衝進房間後發現吳男正壓在妻子身上，女子衣服遭掀起、雙腳被打開，吳男褲頭也已鬆脫，下體朝女子身體動作，丈夫隨即上前將吳男拉開、壓制在地並報警，才及時阻止性侵得逞。吳男到案後否認犯行，辯稱當時喝醉，只是想敲門找人幫忙打119，女子也同意讓他進房；他還稱自己喝酒又服用安眠藥，進入房間後便失去意識，不可能性侵女子。警方事後酒測，測得吳男吐氣酒精濃度達每公升0.98毫克。但桃園地院不採信說法，到場員警證稱，吳男雖滿身酒味，但意識仍算清楚，可以正常對話，並非完全酒醉；法院也發現，吳男對案發前在哪裡喝酒、有沒有服用安眠藥等說法前後不一，加上女子臉部、四肢均有抓傷、擦傷，足以證明雙方曾激烈拉扯，認定吳男並未醉到失去控制行為能力。桃園地院審酌，吳男為滿足一己私慾，無視女子性自主權及居住安寧，不僅侵入房間企圖強制性交，還傷害上前保護母親的男童，對母子身心造成深遠傷害，且犯後始終否認犯行，依侵入住宅強制性交未遂罪判處有期徒刑6年；另依成年人故意對兒童犯傷害罪判刑3月。案經上訴，高等法院駁回上訴，維持原判，仍判侵入住宅強制性交未遂罪6年，另依成年人故意對兒童犯傷害罪判3月。    ,https://news.ltn.com.tw/news/society/breakingnews/5541497
台北東區熱炒店午休遭竊賊闖入搜刮 損失2萬5鎖定身分追查,社會,2026/08/16 11:50,竊賊闖入店家進入櫃台後，搜刮收銀機現金約2萬5千元。（店家提供）台北市大安區東區商圈大安路一段一家素食熱炒店，昨天午休時間遭到竊賊闖入，大肆搜刮收銀機現金逃逸，店家開店時驚覺損失25000元，隨後由張姓負責人報案，大安分局警方立即到場採證，已調閱相關影像並掌握竊賊身分，正持續追緝中。熱炒店在社群threads貼文附上影片，經過店家看完監視器得知，該名竊賊下手前已經在店外徘徊一陣子，趁著他們下午員工休息時，躡手躡腳走進櫃檯內搜刮財物，店家也提醒同業，空班時間要鎖門，且不要將收銀機鑰匙插在上面，以及大鈔不要累積盡量放入金庫。請繼續往下閱讀...大安警分局調查，竊賊趁熱炒店員工午休且大門未鎖，15分鐘內進入店家3次，第1次假意詢問是否營業，第2次潛入後才得手，第3次又進去翻錢箱並擦拭指紋，而負責人38歲張女開店時，驚覺收銀機內現金被搜刮，損失約2萬5000元，隨即報案。警方指出，獲報後立即通知鑑識小隊到場採證，張女於同日至派出所完成報案，經調閱監視器畫面及蒐集相關事證，目前已掌握涉案男子是名慣竊，將持續擴大調閱影像追查，依法究辦。警方呼籲，店家應妥善保管營業現金，非營業時間應加強門禁及店內巡查，若發現可疑人車或發生財物遭竊情事，應立即報警求助。    ,https://news.ltn.com.tw/news/society/breakingnews/5541520
獨家》吊掛亡者後遇雷雨！ 空勤直升機返航高雄受阻 迫降恆春機場加油,社會,2026/08/16 11:25,空勤直升機返航高雄受阻迫降恆春機場緊急加油。（記者蔡宗憲攝）登山協會幹部深入恆春半島探勘遭虎頭蜂圍攻釀2死慘案，空勤總隊直升機NA-104今（16）日清晨圓滿完成滿州山區2具罹難者遺體的吊掛任務後，原訂直接返航高雄駐地，不料途中天候驟變，高雄地區出現劇烈雷雨，直升機最終被迫轉降恆春機場進行緊急加油，意外上演一段空中險象環生的救援插曲。據了解，空勤104直升機順利將遺體送抵滿州國中後，隨即起飛返航高雄。不料沿途天候急轉直下，高雄機場周邊能見度由目視飛行一路驟降為特種目視，隨後更惡化為嚴格的儀器天氣；就在直升機準備降落前夕，高雄機場甚至發布雷雨警報，天候條件極度惡劣，無法安全落地。請繼續往下閱讀...考量飛行安全與油量消耗，機組人員果斷決定改道，緊急轉降屏東恆春機場。為確保後續飛行安全，軍方航特部火速支援油車前來進行空中加油，恆春機場也全力協助清理廢棄物與機務整備。在順利補足油料與完成安檢後，空勤直升機已重新起飛，安全返抵高雄駐地，順利為這場極度艱辛的搜救任務畫下句點。空勤直升機返航高雄受阻迫降恆春機場緊急加油。（記者蔡宗憲攝）    ,https://news.ltn.com.tw/news/society/breakingnews/5541487
花蓮東大門夜市驚見攤位遭砸 雙方各執一詞,社會,2026/08/16 11:12,花蓮東大門夜市原住民一條街昨晚發生毀損事件，1間魷魚攤位遭人用球棒砸毀。（圖由民眾提供）花蓮東大門夜市原住民一條街昨晚發生毀損事件！41歲林姓男子持球棒衝入1間炸魷魚攤位猛砸，警方獲報到場時林男已離開現場，經調閱監視器鎖定身分後，林男當晚9時40分主動到案說明，初步了解為雙方疑似有經營以及金錢糾紛，全案依毀損及傷害罪嫌函送花蓮地檢署偵辦，詳細案發原因仍待警方進一步釐清。警方調查，15日晚間8點半左右，東大門夜市原住民一條街1處炸魷魚攤位遭人持球棒破壞，現場引起大批民眾圍觀，攤位架子、食材及油鍋等生財工具遭破壞，導致攤商無法繼續營業，離開前林男還持球棒朝黃姓老闆腹部揮擊一棒，過程中攤位玻璃遭砸破噴飛，黃男左手及左額頭也因玻璃割傷。請繼續往下閱讀...花蓮警方獲報後出動大批警力趕抵現場，惟犯案的林姓男子已先行離開，警方隨即調閱周邊監視器畫面，鎖定林男身分，林男晚間9點40分主動到警局說明案發經過。據警方調查，林姓男子為港天宮夜市創辦人，同時也是該夜市執行長，平時負責攤商安排及夜市整體規劃。林男供稱，黃姓老闆先前因攤商資格不符，無法到港天宮夜市擺攤，雙方因此產生嫌隙。林男供稱，案發當晚飲酒後一時情緒失控，認為長期遭到對方挑釁恐嚇忍無可忍，才持球棒前往東大門夜市尋仇砸店。不過，黃姓老闆對此有不同說法，他認為林男所述並非事實，強調是自己員工與林男女兒走得較近，2人之間存在金錢糾紛，與他本人無關，質疑自己無緣無故遭到砸店，與林男所稱的實際情況不符。事件曝光後也在網路社群上引發熱議，多名網友留言指稱這起衝突源於勞資糾紛，林男的孩子曾在黃男攤位工作，因薪資及工時問題產生摩擦；另有網路流傳說法提及雙方另涉其他糾紛，由於雙方對事件起因各執一詞，詳細案發原因及是否涉及其他糾紛，仍有待警方進一步調查釐清。花蓮東大門夜市原住民一條街昨晚發生毀損事件，1間魷魚攤位遭人用球棒砸毀。（圖由民眾提供）花蓮東大門夜市原住民一條街昨晚發生毀損事件，1間魷魚攤位遭人用球棒砸毀，警方把涉案林姓男子移送法辦。（圖由警方提供）    ,https://news.ltn.com.tw/news/society/breakingnews/5541476
把營區當砲房！陸軍已婚連長偷吃女中士 「好硬好喜歡」IG動態成鐵證,社會,2026/08/16 11:02,曾在宜蘭縣陸軍某營區服役的已婚蔡姓上尉連長，被控把營區當砲房偷吃女中士。（資料照）宜蘭縣陸軍某營區已婚的蔡姓上尉連長，被控偷吃女下屬李姓中士，還把營區寢室當「砲房」，蔡男林姓妻子整理家務，發現李女寫給蔡男的3封情書，驚覺丈夫出軌，憤而提告求償。宜蘭地院最近判處蔡男及李女應連帶給付林女60萬元。年約30歲蔡姓連長服役將近10年，不倫戀對象李姓中士的前男友也在同個營區擔任士官，直到李女結交蔡姓連長後才分手，前男友曾為此案到庭作證爆料，李女IG限時動態出現她跟蔡男互動時「好硬好喜歡而且吻技超好」鹹濕內容。軍方調查認定蔡男及李女違反國軍人際關係行為規範，據了解，2人在案發後已被汰除。請繼續往下閱讀...判決指出，蔡姓連長與林姓妻子在2022年底結婚，婚後育有2名子女，林女去年11月整理家務時，發現他人寫給丈夫的3封情書，隔天打電話怒嗆蔡男，「我覺得你很帶種，把證據帶回家」，蔡男坦承與李姓中士上床，去年4月起分別在服役的營區寢室、宜蘭縣飯店、汽車旅館等地同宿並發生性行為。宜蘭地院審理期間，李姓中士的士官前男友到庭證稱，寫給蔡姓連長的3封情書，從筆跡看出是李女寫的，事發期間李女常到蔡男營區寢室，李女IG小帳限時動態曾PO出「在營區一起睡覺……不安分手手摸進來我的衣服，好白好硬好喜歡而且吻技超好，又很會前戲，讓我爽一個咪咪冒冒……30歲男人魅力怎麼那麼大」等語，依照訊息內容來看是有做愛。李姓中士辯稱，蔡姓連長收到的3封情書，書寫者以綽號「哞」自稱，身分不詳，並非她所撰寫，2人沒有逾越友誼界線，蔡姓連長也否認偷吃。承審法官審酌3封情書內容、IG截圖、證人證述、調查報告、飯店旅客資料，未採信蔡姓連長及李姓中士說詞，認為蔡男妻子向2人求償60萬元應屬適當。可上訴。    ,https://news.ltn.com.tw/news/society/breakingnews/5541468
高雄大中路高架橋驚見行人 熱心駕駛開故障燈護送,社會,2026/08/16 10:38,陳姓婦人獨自行走在大中高架橋上，熱心民眾緊跟身後保護。（民眾提供）陳姓婦人15日夜間獨自行走在高雄市左營區大中路高架橋路段，險象環生，110瞬間湧入報案電話，警方獲報趕往處理，有熱心民眾打故障燈緊跟陳婦身後保護。據了解，陳婦因不熟路況，誤行至高架橋上，警方依規定開罰。左營警分局15日夜間8時許接獲報案，指稱左營區大中路高架橋路段（西向東）有一女子徒步行走。經了解，43歲陳婦為雲林人，前來高雄訪友，疑因未注意路況且路線不熟，一時不慎誤行至高架道路，本欲徒步走下匝道，後由民眾通報警方，警方順利於高架路段上將其攔截，載同返所後提供飲水，並依道路交通管理處罰條例開出500元罰單。    ,https://news.ltn.com.tw/news/society/breakingnews/5541444
你中招了嗎？台中南屯詐騙熱區是這5里   警長親出馬防詐,社會,2026/08/16 10:35,台中市警局第四分局分析南屯區詐騙件數、財損金額最高5個里，加強宣導精準防詐。（警方提供）台中男子阿銘（化名），認識自稱「雨潔」的網友，以為遇到真愛，卻被慫恿面交、匯款，被騙近500萬元，讓他懊悔不已，有鑑於詐騙手法不斷翻新，轄區台中市警局第四分局經大數據分析後，從「詐騙件數」及「財損金額」兩大面向盤點，發現轄內南屯區文山、豐樂、春社等5個里是「詐騙熱區」，製作防詐傳單、摺扇，由分局長蔡慶星親自到這些里宣導，實施精準防詐。第四分局表示，有鑑於詐騙手法推陳出新，針對今年1至7月轄內南屯區詐欺案件進行數據分析，從「詐騙件數」及「財損金額」兩大面向盤點，發現「詐騙件數」前5名分別是文山、豐樂、春社、三厝、田心等5里；「財損金額」前5名則是大業、豐樂、春社、三義、文山等5里，其中文山、豐樂、春社3個里，不論詐騙件數和金額都上榜。請繼續往下閱讀...第四分局表示，為了讓防詐宣導發揮最好的效果，透過「數據分析、熱點鎖定、社區協力、精準投放」的方式，讓防詐不再只是廣泛宣導，而是直接走進高風險里別及社區大樓，針對前5名高發里別，進一步製作防詐宣導圖卡，並設計具有地方意象的犯罪預防摺扇，將有限的宣導資源投入高風險區域，實施精準防詐。分局長蔡慶星更親自率隊深入高發里別及社區大樓，將防詐宣導圖卡送到里民手中，不少里民得知都主動關注「我們里有沒有上榜？」，甚至彼此提醒親友提高警覺避免被騙。第四分局呼籲，詐騙集團善於利用感情、投資及各種生活情境降低民眾戒心，尤其「先交友、後談錢」更是常見詐騙套路，民眾遇到陌生網友要求匯款、面交或提供帳戶等情形，務必提高警覺，如有任何疑問，可撥打110或165反詐騙諮詢專線查證。台中市警局第四分局分析南屯區詐騙件數、財損金額最高5個里，製作傳單宣導、提醒。（警方提供）台中市警局第四分局分析南屯區詐騙件數、財損金額最高5個里，分局長蔡慶星親自率隊進行精準防詐宣導。（警方提供）    ,https://news.ltn.com.tw/news/society/breakingnews/5541440
馬祖海巡隊傳佳音 兄妹檔同榜水上警察三等特考,社會,2026/08/16 10:25,馬祖海巡隊員張育誠（圖右）、張茹鈺（圖左）兄妹雙雙錄取「115年水上警察三等特考」。（馬祖海巡隊提供）海巡署艦隊分署馬祖海巡隊再傳捷報！馬祖海巡隊兄妹檔隊員張育誠、張茹鈺雙雙錄取「115年水上警察三等特考」，展現馬祖海巡隊重視人才培育、鼓勵同仁持續進修的優良風氣，也彰顯海巡同仁在堅守崗位，仍不忘精進專業、追求卓越的決心。馬祖海巡隊隊長曾明羲表示，張育誠、張茹鈺兄妹來自彰化，哥哥張育誠畢業於彰化高中，考取警察專科學校第40期；妹妹張茹鈺則畢業於彰化女中，考取警專第42期。兄妹倆從求學、從警到備考一路相互扶持，今年更一同通過水上警察三等特考，朝更高階的警察專業邁進。請繼續往下閱讀...值得一提的是，兄妹倆的父親同樣是一名警察，目前服務於鹿港分局福興分駐所。自幼耳濡目染，警察工作早已在兄妹心中埋下種子，也成為兩人投身警界的重要力量，如今更將這份警察志業延續至下一代。然而，備考之路並不容易。海巡勤務繁重，除須面對日常執勤壓力，還得利用下班及休假時間準備考試。即使身心疲憊，兄妹倆仍彼此鼓勵「再撐一下」，在工作、生活與讀書之間尋求平衡，最終成功突破自我。曾明羲指出，馬祖海巡隊平時透過勤教及案例分享，向同仁說明案件法律適用與相關應處作為，協助同仁累積實務經驗、強化法治觀念，將理論與勤務實務相互結合，營造良好的學習與成長環境。張育誠、張茹鈺表示，這次能夠雙雙錄取，除了自身努力，也要感謝父母及馬祖海巡隊長官、同仁的支持與鼓勵。「也許我們不是最聰明的人，但只要不放棄，總能走到自己想去的地方。」從彰化到馬祖，從警專校園走上海巡第一線，兄妹倆用堅持寫下屬於自己的從警故事，也為馬祖海巡隊人才培育再添一樁佳話。兩人表示，未來將不忘初心、持續精進專業，為守護國境安全貢獻心力。    ,https://news.ltn.com.tw/news/society/breakingnews/5541413
警察當男公關3-3》警職身分成男模會館賣點？ 酒店經紀人：恐玩火上身,社會,2026/08/16 10:24,有經紀人表示通常都會過濾掉具公職、警職身分的小姐或男公關。圖為警方過去上酒店臨檢。（資料照）這次爆發前台北市文山一分局莊姓警員在留職停薪期間跑去當男公關一事，不免也讓外界好奇，莊男的警職身分，是否曾經是男模會館的「賣點」？有酒店經紀人對此表示，不論是男公關或酒店小姐，店家在乎的往往是身形外貌，鮮少會以「職業」來當宣傳噱頭，尤其如果傳出有警職、公職者在店內工作的話，絕對不是好事，若還拿此來宣傳恐怕會玩火上身。這名經紀人說，以酒店生態而言，店家比較在乎小姐的類型跟數量，畢竟「青菜蘿蔔，各有所好」，店家會希望經紀人能夠提供環肥燕瘦各類小姐，因此店家往往比較在乎小姐的外貌、體態，並不會用職場經驗當作篩選條件。請繼續往下閱讀...不過，為了確保小姐能夠正常出勤、上班，經紀人大多會稍加留意小姐的交友、生活、債務情況，設法過濾掉交往複雜、狀況不穩定的小姐，避免衍生糾紛或狀況。此外，不論是酒店小姐或男公關，許多人平時白天仍有正職工作，也有人是瞞著家人跑來兼職，仍會想保有隱私，通常不會主動透露自己太多訊息。另名經紀人也分析，男模會館跟酒店畢竟是會被警方臨檢的場所，如果有類似莊姓員警這類具警務身分者來上班，絕大多數正常的店家都會「拒收」。因為這類風聲如果傳出去，一定會招來警方強力臨檢、大力掃蕩，屆時恐怕得不償失。2024年5月，新竹縣竹北分局1名女警被造謠在1家養生館兼差賣淫，警方內部調查後確認並無此事，還女警清白；但這家養生館也因此被警方盯上，經警方大力臨檢、密集站崗，不久後店家就選擇關門歇業。警察當男公關3-1》警當男公關被免職 警界認為主官考核停職人員不合理警察當男公關3-2》警務人員留職停薪仍是公務員 不能囂張上酒店    ,https://news.ltn.com.tw/news/society/breakingnews/5541408
警察當男公關3-2》警務人員留職停薪仍是公務員 不能囂張上酒店,社會,2026/08/16 10:21,台北市警局近3年每年平均都有80位同仁申請留職停薪。（資料照）前台北市文山一分局莊姓警員在留職停薪期間異想天開跑去當男公關，還鬧出一堆風波，引起各界議論紛紛。對此，就有督察人員指出，警務人員就算在留職停薪期間，仍具備公務員身分，別以為就能「光明正大」出入聲色場所、上酒店，更遑論去兼差當男公關，否則將付出慘痛代價。根據現行公務人員留職停薪辦法，公務員只要育有3足歲以下子女、本人或配偶的直系血親尊親屬年滿65歲以上或重大傷病，且須侍奉，就能申請留職停薪，其中育嬰、育孫留職停薪等事由機關不得拒絕，但需檢附相關證明文件；留職停薪以2年為限，必要時得延長1年。請繼續往下閱讀...1名督察組長指出，警務人員在留職停薪期間仍具公務員身分，且並非完全不能兼差工作，但必須符合公務員服務法相關規定，不能從事有損害公務員名譽、政府信譽或經營商業等違反公務員服務法的工作。如果以照顧剛出生的小孩為由申請留職停薪，當事人能利用照顧小孩空檔去超商打工、跑外送，或在家做網拍、寫程式，但不能另外去做全職或是工時太長的工作導致無法照顧小孩，或從事有損公務員形象的相關工作，像是賭場、酒店或電玩店等。以台北市警局統計，近3年每年平均都有80位同仁申請留職停薪，事由以育嬰留職停薪居多，侍親留職停薪次之。北市警指出，針對同仁留職停薪期間，將持續落實關懷與生活考核，如有違法違紀行為，即秉持「不掩飾、不庇縱、不護短」態度，除依警察人員獎懲標準及公務員懲戒法等規定即時懲處外，另視情節輕重檢討免職汰除等處分，以維護警察機關形象。警察當男公關3-1》警當男公關被免職 警界認為主官考核停職人員不合理警察當男公關3-3》警職身分成男模會館賣點？ 酒店經紀人：恐玩火上身    ,https://news.ltn.com.tw/news/society/breakingnews/5541407
警察當男公關3-1》警當男公關被免職 警界認為主官考核停職人員不合理,社會,2026/08/16 10:14,莊姓員警在職期間與同事相處融洽，還曾因為協助搭公車迷途的獨居長者安全返家，以「暖警」身分上過新聞。（記者鄭景議翻攝）前台北市警局文山一分局莊姓警員，留職停薪期間到男模會館當男公關，涉嫌詐騙女客100萬元，回任後還將警政資料洩漏給其他女客，他不僅因此被法辦、起訴，也被記2大過免職。然而警界現行規定，單位主官要對這類留職停薪人員進行考核，不少警界幹部就直言，在職人員都不一定管得完，更何況長期留職停薪者？直呼相關規定不合理。依據現行「端正警察風紀實施規定」，各級主官對現職、停職及留職停薪人員應負考核責任，對其平時工作、生活、言行，深入瞭解，實施考核。請繼續往下閱讀...警界幹部直言，對於停職及留職停薪者，主官頂多只能打電話詢問情況，當事人如果隨便敷衍，不從實交代，根本無從掌握，再加上各項勤務繁雜，若要求主官還要去「家庭訪問」，無疑是增加工作量且不一定看得到成效。以這次出事的莊姓員警為例，如果主官打電話關心、去家訪，他有可能會說「我在當男公關」嗎？1名派出所所長也說，過去就有同仁下班後在外喝酒，酒後與人發生糾紛、鬥毆而鬧上新聞版面；主官不是保母，不可能24小時跟著同仁防範出事，主官連在職同仁都不一定管得完，更遑論停職或留職停薪者？另名督察組長指出，通常警務人員如果「出包」被懲處，主官要負連帶考核監督責任。但「警察人員獎懲標準」也規定，「訓練、進修、請假、停職或留職停薪等期間1個月以上，客觀事實上無法考核監督」，主官可免除懲處。這次莊姓警員當男公關一事，其單位主官因為這項規定沒有被懲處，但事件曝光後，全台各警局許多長官，都要求轄下各單位主官，要設法針對留職停薪者落實關懷與生活考核，然而這無異是「不可能的任務」，許多主官都認為根本辦不到而且沒有實質意義。警界認為，早期因為「軍警一家」，因此警界不少規定沿襲軍方的「連坐法」並沿用至今；但隨著時代進步，如今警界同仁也相當重視自身權益，呼籲相關規定應該與時俱進修改，設法廢除不合理的部分。警察當男公關3-2》警務人員留職停薪仍是公務員 不能囂張上酒店警察當男公關3-3》警職身分成男模會館賣點？ 酒店經紀人：恐玩火上身    ,https://news.ltn.com.tw/news/society/breakingnews/5541406
金門毒駕男子逆向撞路邊車  警問話嚇到全身抖動露餡,社會,2026/08/16 10:09,金門1名男子騎車沿金湖鎮太湖路往新市圓環行駛，逆向衝撞停放路旁汽車。（金湖分局提供）金門1名男子騎車沿金湖鎮太湖路往新市圓環行駛，竟逆向衝撞停放路旁汽車，警方到場問話，男子精神渙散，「嚇得」全身抖動，員警判斷毒駕，施以毒品快篩檢測，果然呈陽性反應，全案依刑法公共危險罪毒駕偵辦並移送金門地方檢察署，向法院聲請羈押獲准。金門縣警局金湖分局表示，40多歲李姓男子14日騎機車沿金湖鎮太湖路1段往新市圓環方向行駛，經過赤東路口時忽然逆向行駛至對向車道路肩，擦撞停放在某便利超商前的2輛汽車，不僅造成車損，李男手腳也擦挫傷。請繼續往下閱讀...金湖分局警備隊隊長王祺民說，當員警獲報趕往處理並對李男實施酒測，酒測值為零，但處理過程員警發現李男答話時精神渙散，全身抖動，疑似有毒駕情形，立即施以毒品唾液快篩檢測，呈陽性反應。李男接受偵訊已被金門地方法院裁定羈押。金湖分局長黃智銘說，毒駕是道路安全隱形殺手，不僅危害自身安全，也嚴重威脅到其他用路人，警方會持續加強查緝毒駕及酒駕力度。金門1名男子騎車沿金湖鎮太湖路往新市圓環行駛，逆向衝撞停放路旁汽車後，機車被人扶起暫停路旁。（金湖分局提供）    ,https://news.ltn.com.tw/news/society/breakingnews/5541403
借宿性侵遠房親戚2次 花蓮男認罪150萬和解判緩刑,社會,2026/08/16 10:07,花蓮地方法院。（記者王錦義攝）花蓮縣劉姓男子涉嫌兩度性侵借住家中的遠房女親戚，花蓮地方法院近日依強制性交罪判處劉男有期徒刑1年10月，共2罪，應執行有期徒刑2年，法院審酌劉男犯後坦承犯行，並與被害人達成150萬元調解，加上被害人同意給予機會，依法酌減其刑並宣告緩刑5年，緩刑期間付保護管束，須完成法治教育課程且不得騷擾被害人，全案仍可上訴。判決指出，劉男與A女（化名）為遠房親戚，去年10月A女前往花蓮探訪，借住劉男位於吉安鄉的住處，當晚兩人一同外出聚餐飲酒。判決書認定，劉男分別於當晚聚餐結束搭車返家途中，以及隔日上午，兩度違反A女意願，以強暴方式性侵得逞。A女事後告知親友並報警處理，全案因而查獲，由花蓮警方移送花蓮地檢署偵辦後起訴。請繼續往下閱讀...法院審理時，劉男坦承犯行，並與A女於去年12月透過法院調解成立，同意賠償150萬元，以分期方式按月給付，截至言詞辯論終結前已累計給付69萬元，A女也在調解筆錄中表明體諒劉男悔意，同意給予從輕量刑及緩刑機會，法官依刑法第59條規定酌量減輕其刑。判決書指出，考量劉男犯後始終坦承犯行、與被害人達成調解並持續依約履行賠償，堪認確有悔意及積極彌補過錯之誠意，加上其為國中畢業智識程度、目前從事模板工程、需扶養2名在學子女，且近5年並無其他犯罪紀錄，綜合上述情狀認暫不執行刑罰為適當，宣告緩刑5年，須於判決確定後2年內完成4場次法治教育課程，緩刑期間並付保護管束。    ,https://news.ltn.com.tw/news/society/breakingnews/5541388
距虎頭蜂巢5公尺！特搜勇士穿防蜂衣搬遺體 空勤完成吊掛,社會,2026/08/16 10:07,搜救環境非常困難，義警消人員必須冒雨在山區及石礫海岸搜索、運送。（消防局提供）登山協會幹部深入恆春半島未開放山林探勘遭虎頭蜂圍攻重大慘案，搜救行動今日（16日）進行最終的遺體吊掛與相驗程序。屏東縣消防局特搜大隊透露昨日移運遺體的驚險過程，最後尋獲的顏姓副領隊倒臥地點，竟然距離虎頭蜂巢僅短短5公尺！特搜人員頂著龐大蜂群環繞飛行的生死威脅，冒險穿上防蜂衣深入險境，以接力方式將2名罹難者遺體順利移至吊掛點，今日清晨由空勤直升機一舉吊掛載回，全案移交屏東地檢署相驗。搜救人員指出，昨日中午在懸崖下尋獲64歲顏姓副領隊時，現場狀況極度危險。研判顏男當下遭到蜂群猛烈叮咬後，選擇就地掩蔽倒臥，不料該處旁邊不到5公尺就是巨型虎頭蜂巢。搜救安全官見狀不敢大意，緊急調派2名特搜隊員穿上厚重防蜂衣深入死角搬離遺體。移運期間，成群狂暴的虎頭蜂一直在隊員身旁盤旋警戒、不斷發出嗡嗡巨響，場面令人捏一把冷汗。請繼續往下閱讀...隊員憑藉專業與沉著，將顏男遺體搬離至安全距離後，再由另外4名特搜隊員接力，長途抬運至直升機吊掛點；而先前尋獲的67歲張姓領隊，倒臥地點則距離顏男約700公尺遠，顯見當時兩人奔逃與避難過程相當混亂慘烈。今日（16日）清晨山區天候好轉，消防局立即協請空勤總隊派遣直升機執行吊掛任務。空勤直升機順利抵達山區吊掛點後，採一次吊掛載運2具遺體方式，快速飛往滿州國中操場降落。隨後由等待在現場的救護車與殯葬人員接手，將張男與顏男的遺體送往屏東殯儀館，由檢警會同法醫進行相驗，釐清確定死因。特搜勇士「穿蜂衣踩蜂巢區」搬遺體 空勤完成吊掛。（民眾提供）特搜勇士「穿蜂衣踩蜂巢區」搬遺體 空勤完成吊掛。（民眾提供）義警消人員必須冒雨在山區及石礫海岸搜索、運送。（消防局提供）    ,https://news.ltn.com.tw/news/society/breakingnews/5541393
賊2度上捷運工地偷電纜線 警巡邏鷹眼逮人,社會,2026/08/16 10:05,警方逮到張男。（記者王冠仁翻攝）32歲張姓男子因為缺錢花用，竟異想天開把歪腦筋動到台北捷運的捷運工地中電纜線，他近來2度到台北市中正區南海路與湖口街附近的捷運工地，趁著凌晨夜色掩護，拿工具潛入竊取電纜線。不過，他第2次犯案完要離去時，恰好被巡邏員警眼尖盯上，員警上前攔查，當場人贓俱獲逮到他。北市警中正二分局南昌路派出所警員在日前凌晨4時許，巡邏經過中正區南海路與湖口街口附近的捷運工地時，眼尖發現有1名男子拿著1綑電纜線徒步經過，形跡可疑，員警立刻上前盤查。沒想到，這名男子見到員警，手忙腳亂想丟掉手上的電纜線。請繼續往下閱讀...員警攔下這名男子，一查發現他是32歲張姓男子，而且4天前也曾跑來捷運工地偷走電纜線。警方說，張男首度來捷運工地偷走電纜線被工程人員事後發現報警，警方當時調閱監視器畫面追查，發現他得手後還搭乘計程車落跑、製造斷點，但警方仍循線鎖定他身分。正當警方準備要前往他住處抓捕之際，沒想到他2度犯案，當場被警方逮個正著。警方除了查扣張男偷來、價值約6千元的電纜線，也在他身上查扣犯案用的老虎鉗等工具，最後將他依竊盜罪嫌送辦。中正二分局強調，打擊治安犯罪絕無假期，捷運工程及各類重大公共建設為城市發展之基石，不容許不法之徒趁機牟利或破壞。警方除持續落實轄區各重要工地、公共設施的巡邏與深夜維安力道外，也呼籲各工程單位應加強工地門禁管制，增設監視器與照明設備，並強化物料保管防護措施。警方查扣張男偷來的電纜線。（記者王冠仁翻攝）警方查扣張男的犯案工具。（記者王冠仁翻攝）警方查扣張男的犯案工具。（記者王冠仁翻攝）    ,https://news.ltn.com.tw/news/society/breakingnews/5541396
冒用他人通行證闖基隆港管制區 法官裁罰貨運司機5千元,社會,2026/08/16 09:53,基隆地院審理後認為，蘇男冒用他人身分使用進出港區證明文件，已違反社會秩序維護法，依法裁罰5千元。（記者吳昇儒攝）基隆一名蘇姓貨運司機今年8月1日上午，持周姓男子的商港通行證，闖進基隆港管制區，被管制人員攔下查證，發現他冒名使用，警方將他移送法辦。基隆地院審理後認為，蘇男冒用他人身分使用進出港區證明文件，已違反社會秩序維護法，依法裁罰5千元。基隆港務警察總隊新碼頭中隊於案發時發現，蘇男持周姓男子的定期通行證，想要進入管制的港區中，被管制站人員發現異狀，經盤查後，確認蘇男冒用他人證件，已違反社會秩序維護法，依法將他移送法辦，並將港區通行證代為回收。請繼續往下閱讀...法官審理時，蘇男坦承貪圖一時之便，冒用他人證件進入港區，且周男本人並不知情。法官考量其犯案動機僅為便宜行事，且影響社會秩序非鉅，故依違反社會秩序維護法，裁罰5千元。    ,https://news.ltn.com.tw/news/society/breakingnews/5541368
當著妻面炫耀開法拉利載妹兜風  他慘遭休夫,社會,2026/08/16 09:51,當妻面炫耀開法拉利載妹兜風，他慘遭休夫。（情境照）結婚37年的新竹陳姓男子，在友人聚會時當著妻子的面，說要開法拉利載女子去兜風，引發妻子震怒分房冷戰，事後陳男還被逮到拿房子去貸鉅款卻不說用途，妻子憤而提告休夫，新竹地院認為陳男完全不尊重妻子，判准離婚。78年結婚的陳女說，107年丈夫張男某次與友人聚會時，當著她的面與女性友人有曖昧語言，說要開法拉利載對方出去玩，她因認未受尊重而與張男吵架並冷戰，且開始分房，事後她想溝通破冰，張男卻認為她只是使性子、沒什麼好溝通的而拒絕，完全不關心她的心情；後來遭逢疫情，她失業無收入，丈夫不願支付生活費或關心她有沒有錢生活，更讓她心寒。請繼續往下閱讀...前年她無意中發現丈夫以夫妻住所貸款500萬元且不願說出用途，甚至說房子是他的，她無權過問，及其為預防她提離婚而特意增加負債等語，令她更加失望，夫妻雖分房多年，她仍持續照顧婆婆至百年歸天，沒想到丈夫隱瞞鉅額借貸，憤而訴請休夫。法官認為，張男隱瞞房地向銀行貸款數百萬元，且不願意透露用途，未尊重配偶地位，且分居後亦未採取任何具體措施以挽救瀕臨破裂之婚姻生活，已無相互扶持共同建立和諧美滿家庭真意，夫妻共營家庭生活之誠摯情感及互信基礎已失，婚姻關係名存實亡，因此判准離婚。    ,https://news.ltn.com.tw/news/society/breakingnews/5541389
持有大量毒咖啡包與愷他命 判4年6個月,社會,2026/08/16 09:47,苗栗男持有大量毒咖啡包與愷他命被逮。（資料照）苗栗縣黃姓男子涉嫌販賣第三級毒品彩虹菸，並大量持有含「喵喵」成分的瑪利歐與黃明志包裝毒品咖啡包、愷他命等，遭警方持搜索票查獲。苗栗地院法官審理後，考量黃男於偵審期間均坦承犯行，依販賣第三級毒品罪及持有第三級毒品純質淨重5公克以上罪，數罪併罰判處黃男應執行有期徒刑4年6個月。判決書指出，黃男於今年2月間，分別透過通訊軟體Telegram、LINE等與買家聯繫，在苗栗市玉清路與經國路口、超商等處，3度販售含有第三級毒品成分的彩虹菸給黃姓、涂姓及葉姓男子，每次交易18支彩虹菸，收取2000元至3000元不等費用。請繼續往下閱讀...此外，黃男另於今年3月中旬，在後龍河濱公園向暱稱「黑哥」的男子，購入「喵喵」毒咖啡包105包、愷他命9包及彩虹菸311支。警方於3月底前往其住處執行搜索，當場扣得大批毒品與聯繫用手機。苗栗地院法官審酌，黃男明知毒品危害甚鉅仍販賣及持有，漠視法律規範；惟考量其偵審中均自白，符合減刑規定，兼衡其犯罪動機、持有毒品數量等情狀，各量處8個月至3年10個月不等刑期，定應執行有期徒刑4年6月；扣案手機及販毒所得均依法沒收。全案可上訴。    ,https://news.ltn.com.tw/news/society/breakingnews/5541370
男子持辣椒水到廟口夜市前左右開噴 嚇壞路人 法官裁罰2千元,社會,2026/08/16 09:15,羅男站在廟口夜市路口噴灑辣椒水。（資料照）25歲羅姓男子今年5月30日深夜與友人喝酒喝到隔天，但卻因與友人間有摩擦，一時心生不滿，持兩瓶辣椒水到廟口夜市亂噴，嚇得路人四處躲避。羅男闖禍後，搭計程車返家，呼呼大睡。警方獲報後，前往羅男家中逮人，並依涉犯社會秩序維護法送辦。基隆地院審理後，裁罰羅男2千元。基隆市警一分局忠二路派出所獲報後，派員趕往現場，但抵達時羅男已經搭車離開，隨即調閱周邊監視器，追查其行蹤。結果看見羅男像雙槍俠一樣，拿出兩瓶辣椒水，在馬路上亂噴；等藥水噴完後，羅男隨手攔下計程車，搭車離開現場。請繼續往下閱讀...警方以車追人，一路調閱沿線監視器，成功追查到羅男住所，並將他帶回派出所偵訊。羅男看到警方敲門，神態恍惚，配合到派出所製作筆錄；警方詢問時，羅男承認有在廟口夜市入口，噴掉兩瓶辣椒水，但沒有針對特定路人攻擊。警詢後，認為羅男雖然朝馬路噴灑辣椒水，但未造成人員受傷，也未針對特定人士攻擊，故依違反社會秩序維護法，將其移送基隆地方法院進行裁罰。法官審理後認為，羅男僅因與友人不睦，就在鬧區路口即隨意噴灑辣椒水，可能危害其他用路人，已違反社會秩序維護法，依法裁罰2千元，兩瓶辣椒水沒入。    ,https://news.ltn.com.tw/news/society/breakingnews/5541340
網路賣場淪地下匯兌工具  南投警破17億洗錢水房,社會,2026/08/16 09:09,南投警方在台中市破獲詐團水房，涉嫌洗錢17億元。（警方提供）南投縣警方在台中市破獲大型水房，涉嫌透過蝦皮網路賣場與第三方支付平台掩飾進行地下匯兌，替詐騙集團與線上博弈集團洗錢，2年多經手洗錢贓款達17.1億元，逮捕36歲林姓主嫌、金主及收水手等嫌犯共28人，其中林嫌等19人已遭南投地檢署依違法洗錢防制法、銀行法、加重詐欺罪及賭博等罪嫌起訴。南投縣警察局刑警大隊科技偵查隊，去年查獲一起詐欺案後深入追查，發現以林姓男子（曾涉犯詐欺、賭博、洗錢防制法案件）為首的不法集團，招募徐姓、張姓、謝姓及黃姓男子等人負責經營管理，涉嫌替詐騙集團與線上博弈集團架設網頁與洗錢，製造不法集團金流斷點，規避警方查緝。請繼續往下閱讀...警方從去年起至今年4月陸續發動數波搜索行動，破獲該集團位於台中市環中路大本營，查扣不法所得600餘萬元及帳冊，並於台中及高雄等地，陸續逮捕林姓主嫌、金主、車手及收水手等共犯計28人，查出該集團自2023年迄查獲為止，經手洗錢贓款逾3億人民幣，換算台幣約17.1億元。警方查出，該集團除透過買賣虛擬貨幣洗錢，也在蝦皮開設網路賣場，並以第三方支付平台神速支付綁定人頭銀行帳戶，表面上以提供代購、支付寶儲值等服務掩飾，實際上是藉此從事地下匯兌，即由熟知門道的中國台商或博弈集團等客戶在蝦皮賣場或支付寶群組下單，匯款新台幣至神速支付人頭戶，該集團扣除約5%費用後，再將等值人民幣或支付寶點數匯入下單客戶帳戶中，藉此達到替詐團與博弈集團洗錢目的。南投警方破獲詐團水房，逮捕28名嫌犯。（警方提供）南投警方市破獲詐團水房，起出現金600餘萬元。（警方提供）    ,https://news.ltn.com.tw/news/society/breakingnews/5541357
收到保護令仍不怕 逆子討不到錢竟動口咬母 法官判刑9月,社會,2026/08/16 09:05,基隆地院近日審結，認定楊男共違反3次保護令，合計判處9月徒刑。（記者吳昇儒攝）基隆一名楊姓男子因為對母親施暴，去年3月13日法院核發保護令，要求他必須搬離住所，且不得母親實施身體、精神上騷擾。楊男收到後，非但不搬離家，更無故對母親動怒，同年6月5日，更因索討不到金錢，狠咬母親手背，嚴重違反保護令，被移送法辦。基隆地院近日審結，認定楊男共違反3次保護令，合計判處9月徒刑。檢警調查，楊男因涉犯家暴案件，法院為保護其母親，於今年3月13日核發通常保護令，要求楊男於同年月31日晚間，搬離住所，並裁定不得對其母親實施身體、精神上騷擾等不法侵害行為。請繼續往下閱讀...未料，楊男收到保護令一週後，因懷疑母親拿走他的身分證，開始對其咆哮，並大罵髒話，還大力拍桌；同年4月5日，未依規定搬出住所，還持續對母親大呼小叫。今年6月5日晚間，因向母親要錢不成，竟扣住母親雙手，兩人發生扭打，更用牙齒狠咬母親手背，造成其左、右手均有挫傷、瘀傷情形。楊母報警後，警方認定楊男違反保護令及傷害罪，依法送辦。法官審理時認為，楊男3次違犯保護令，分別判處有期徒刑2、4、6月，應併執行有9月徒刑，得易科罰金27萬元；另涉犯傷害罪部分，楊母於審理期間已撤回告訴，故該部分不受理。    ,https://news.ltn.com.tw/news/society/breakingnews/5541355
殺害債主棄屍山野 涉案3男要賠償死者家屬851萬元,社會,2026/08/16 08:35,周男被殺害後棄屍山野，涉案的尤男等3人要賠償死者家屬851萬元。（資料照）男子尤皇智與經營「娛樂城」的周姓業者有債務問題，委託友人宋旻諺出面邀周男協商，周男隻身赴約，卻遭尤男和姪子尤信予聯手殺害，棄屍山野；尤姓叔姪被國民法官依殺人罪各處16年6個月及11年2個月徒刑，宋男則被依限制他人行動自由等罪，判處2年6個月不等徒刑；經死者家屬提告求償，屏東地院判決尤姓叔姪及宋男3人應連帶賠償851萬多元，可上訴。檢警調查，尤皇智因遭周男催討賭債，請託友人宋旻諺出面邀約周男協商，並向姪子尤信予稱周男將對祖母不利，要求尤信予共同限制周男行動，2024年8月14日晚間，周男隻身前往恆春某包場精靈屋入口處空地等候宋男，尤皇智、尤信予則在旁埋伏，尤信予趁機以繩索套住周男控制行動，尤皇智則上前壓制，並持刀朝周男左胸刺1刀、右胸刺3刀，再以膠帶纏綑周男眼、鼻、口，周男因傷重不治。請繼續往下閱讀...尤皇智命宋旻諺打開周男開的車，與尤信予將周男屍體抬上車，尤信予開車載尤皇智棄屍滿州鄉里德山區，取走周男勞力士手表、身上及車上現金24萬多元；周男徹夜未歸，家屬發覺有異，報警協尋，才在滿州鄉山區尋獲周男遺體，並循線查獲涉案3嫌；屏東地院國民法官法庭去年12月間以殺人等罪判處尤男等3人16年半不等徒刑。死者家屬並提起刑事附帶民事訴訟，認為尤男等3人行凶手段殘忍，要求賠償精神撫慰金、扶養費等共1652萬多元；尤皇智與尤信予對於家屬的求償金額都表示沒意見，但2人都說沒有錢；宋男則說，金額太高，希望能分期付款；屏東地院審酌全案情狀及原、被告經濟狀況後，認為尤姓叔姪及宋男3人應連帶賠償死者的妻子及3名女子共851萬多元。殺害債主棄屍山野，涉案3男要賠償死者家屬851萬元。（資料照）    ,https://news.ltn.com.tw/news/society/breakingnews/5541342
直擊夜間防災！南投衛生局動員10醫院演練震後火警撤離,社會,2026/08/16 07:24,南投10間醫院模擬震後火災演練，迅速疏散病患。（南投縣衛生局提供）全球各地最近地震頻仍，南投縣衛生局近日辦理10間醫院的「醫院緊急災害應變實兵演練」，模擬地震發生後引發火災的緊急狀況，針對大小夜班人力較少的時間點進行災害應變及住院民眾疏散實地演練，提升夜間災害發生時第一線人員的危機處理能力與協調應變效率。日本熊本7月28日發生大地震，1家醫院醫護人員在地震發生時全力守護手術中病患畫面令人印象深刻。為強化醫療院所面對突發災害的應變處置能力，保障工作人員、看診及住院民眾的人身安全，南投縣衛生局因而舉辦這項演練，邀請中華民國醫療保健服務業職業安全衛生學會陳英正講師擔任專業指導講評，針對災害發生的應變處置、逃生路線規劃、住院民眾撤離流程、人員分工等面向，提供詳盡的專業意見與後續改善建議。請繼續往下閱讀...演練過程中，各家醫院依照事前規劃的應變計畫迅速啟動應變機制，由值班人員通報火警並啟動警報系統，同步疏散各樓層住院民眾至安全地點，並進行人員點名與狀況回報，透過不同防火區塊劃分，快速完成人員的撤離。衛生局局長陳南松表示，住院民眾大多行動速度緩慢或是身上裝有醫療儀器，若在災害發生時缺乏妥善應變措施，將可能導致重大危害。透過本次實地演練，不僅能讓醫療院所檢視自身災害應變計畫是否周全，亦能強化人員間的橫向聯繫與應變默契，確保在第一時間內能迅速且有序地進行通報、避難及協助住院民眾撤離，降低災害損害風險。南投縣衛生局舉辦醫院緊急災害應變實兵演練，守護病患安全（南投縣衛生局提供）。    ,https://news.ltn.com.tw/news/society/breakingnews/5541320
來台境外車手遽增 與國人到境外作案車手有差異,社會,2026/08/16 06:50,刑事警察局。（資料照）近年境外車手大量增加，尤其去年開始大幅遽增，主要原因是境內車手招募困難，國人已普遍有基本的法律概念，不願意再擔任車手。至於國人甘願到海外擔任車手，泰半是有幫派在幕後支撐，或是曾有詐欺紀錄，前往美、日、加等國短期作案，認為對方不易發現和查緝的僥倖心理。警方也認為，來台境外車手和國人到境外擔任車手，最大的差異點在於，來台境外車手大都是以通曉華語的東南亞人為主，能「單兵作戰」。國人到美、日、加作案，因受限語言的隔閡，所以都是「抱團取暖」，採三到五人的小部隊模式。請繼續往下閱讀...防詐專責警官指出，目前境外詐欺車手如東南亞、港澳籍，主要是透過地下社團、通訊軟體、同鄉介紹，以高薪、短期工作或是招待旅遊被招募來台。在警方實際的查辦中，他們都沒有特別的行前教育，亦無和詐團上游接觸。他們泰半使用telegram通訊軟體，落地之後還再加入國內新的派遣群組。以北市今年度查獲的外籍車手，通常食宿交通都自己負責，會被要求到特定的區域住宿，並每天更換旅館，減少被查獲的機率。現今警方沒有發現有團進團出的境外車手，有少數是互相認識，最多二、三個人一起來。但發現詐團在境外招募時，會針對有能力講中文的對象，不排除是國內詐團到國外去召募車手，所以大部分語言都沒有問題。每天收入大約在數千到一萬元不等。與來台的境外車手相比，國人前往國外擔任車手，兩者間最大不同點在於，他們主要「獵場」被設定在旅居美、日、加的台灣人，但又因當地語言問題，所以都是「抱團取暖」，以每次三人為一組，彼此間有一定的熟識度，待滿一個月後立即返台。境外車手甘於冒險最大原因是欠債或缺錢，和不會被抓的僥倖心理，對法令判的輕重，不在他們的評估範圍，主要是認為不會被抓到。這點和國人前往國外擔任車手的心態大致一致。尤其國外的警察不似台灣警方積極，更加便利他們利用「離境即斷點」的最大優勢。竹聯背景台灣車手團 赴美詐婦9千萬 破首宗台美跨境詐欺案 逮20餘人詐團改攻美日加台僑 跨國派車手 1年得手逾50億    ,https://news.ltn.com.tw/news/society/breakingnews/5541188
竹聯背景台灣車手團 赴美詐婦9千萬 破首宗台美跨境詐欺案 逮20餘人,社會,2026/08/16 05:30,返台報案的徐婦提供假投資憑證，用「寧海德林法」篩檢出關鍵指紋，逮捕20餘名車手。（記者劉慶侯翻攝）旅居美國加州數十年的徐姓老婦遭台灣詐欺集團騙走三百萬美金案，警方專案小組從徐婦提供的十七份假投資憑證中，篩出多名車手關鍵指紋，已陸續逮捕二十餘名具有竹聯幫背景與詐欺前科的車手，掌握這組車手團以三人一組，專程至徐婦住處附近租屋，每天觀察徐婦生活起居，一旦徐婦受騙上當，便迅速出面取款，是警方首次破獲首支有組織性赴美犯案的台灣車手團，全案擴大偵辦中。假投資憑證 篩檢出10餘枚指紋由台北市警局和刑事局組成的專案小組，此次使用超過半世紀的「寧海德林（Ninhydrin，又稱紫色奇蹟）」試劑，將試劑噴灑或浸泡在紙張上，經過約二十四小時烘箱加熱，從返台報案徐婦提供的十七份假投資憑證中，採擷篩檢出十餘枚指紋，比對後順利檢出多名具有竹聯幫身份，與詐欺前科的犯嫌。請繼續往下閱讀...詐團去年9月到加州 取款17次專案小組在六月首波查緝中，逮獲三名犯嫌，再依相關通信紀錄，七月下旬在台北和中部地區，逮到另十餘名涉案成員。專案小組追查出這一支詐騙集團自去年九月起至今年一月，至少派出約三到四組車手至徐婦住處附近租屋，每天觀察其生活起居，每組車手滯美一個月，共計十七次取款，取得近三百萬美元和黃金（折合約八九二六萬台幣）；不過，每名車手在取得贓款後，在加州便立即轉換成虛擬貨幣，分批匯往台灣、中國、柬埔寨等國家，車手身上未存留任何多餘贓款，致贓款流向不明。    ,https://news.ltn.com.tw/news/society/paper/1766770
「我不行了」同伴接連倒下 倖存女絕境求生／墾丁探勘山路 未見蜂窩突遭虎頭蜂群猛攻,社會,2026/08/16 05:30,屏東消防搜救人員克服地形及雨勢，連夜將遭蜂螫的張姓女子安全送抵醫院。（屏東消防提供）登山協會三名幹部十三日深入恆春半島未開放山林探勘，遭虎頭蜂襲擊，釀二死一傷，獲救的五十五歲張姓女子回憶起事發經過，仍心有餘悸。根據消防搜救人員轉述，三人當時在完全未見到蜂窩的情況下突遭大量虎頭蜂猛烈攻擊，隨後展開一場生離死別的絕望逃生，同行張男在臨終前更痛苦吐出一句「我不行了」，隨即失去意識，場面極為悲慘。兩人遺體都已尋獲，待今日吊掛下山。女全身遭螫 幾體無完膚張女昨天凌晨被屏縣消防局救出，緊急送往恆春旅遊醫院救治。醫院檢視發現，張女四肢、背部及臉部均有密密麻麻的蜂螫痕跡，全身幾乎體無完膚，因血液檢驗數據均不理想，清晨緊急轉往台中榮總治療。請繼續往下閱讀...一男就地躲 不久無回應張女向搜救人員透露，十三日下午三人在出風谷一帶進行探勘，不料突然遭到蜂群狂暴圍攻。危機時刻，六十四歲的顏男選擇就地尋找掩護躲避，她與六十九歲的張男則一路奮力奔跑逃命，但身上仍被猛烈蜂螫。逃離蜂群核心後，張女第一次撥通電話聯繫顏男，當時顏男尚能虛弱回應；然而當她第二次撥打時，電話已無人接聽。兩人狂奔 領隊也陷昏迷令人心碎的是，一路與她奔逃的張男最終也抵擋不住身上密集的蜂毒，走沒多久便因嚴重蜂螫而傷勢惡化，在虛弱說出「我不行了」之後便陷入昏迷失去意識。面對兩名夥伴接連倒下，孤立無援的張女只能憑藉最後一口氣，獨自不斷朝海邊出風鼻方向拚命逃離，並持續透過電話發出求救訊號，才終於在搜救隊連夜搶救下保住一命。搜救隊連夜搶救保住女命屏東縣消防局第四大隊指出，搜救人員根據張女提供的定位資訊，找到領隊張男遺體，下午也尋獲副領隊顏男，但昨山區天候驟變，下起大雨，無法執行吊掛，搜救人員已暫時撤離至安全處，預計今日清晨再次申請空勤直升機，將遺體吊掛下山。    ,https://news.ltn.com.tw/news/society/paper/1766802
金屬廢水排農田 桃園紘鼎海撈45億,社會,2026/08/16 05:30,陳姓男子收置廢棄物並將部分廢棄物倒入污泥池，再透過私設管線直接排放到鄰近田地。（資料照，記者鄭淑婷翻攝）桃園市蘆竹區紘鼎開發工程公司負責人陳姓男子率同員工私設管線，將含有重金屬的廢污水，長期排放到鄰近的台61線道旁田地，桃園地檢署指揮偵辦後，起訴陳男等人與紘鼎公司等，估計其犯罪所得約四十五億餘元，桃園地方法院審結依違反水污染防治法等，判處陳男有期徒刑五年二月，其餘被告分別判處有期徒刑三年十月到一年不等。負責人判5年二月陳男在蘆竹區偏僻的海湖地區經營地下工廠，收置廢棄物後，除會將部分廢棄物倒入污泥池中，甚至私設管線，將廢污水排放到鄰近田地，桃檢掌握陳男犯罪事實後，由檢察官指揮調查局桃園市調查處、環保署北區督察大隊、桃園市政府環保局、蘆竹警分局等單位組成專案小組追查。請繼續往下閱讀...檢方起訴指出，經檢警環團隊研析、科技蒐證，二〇二二年八月廿四日晚間，由檢察官帶隊執行搜索，查獲紘鼎違法事證並進一步鑑驗發現，陳男早從二〇二一年十一月起就將含有害人體健康的物質、超出水污染防治法放流水標準值的污泥與廢污水，利用私設管線排放到鄰近田地。檢方偵結後，依水污染防治法、廢棄物清理法、刑法等，起訴紘鼎公司及陳男等九人，檢方指出，陳男等人犯罪所得約四十五億元，其中應支出而未支出的清除處理費屬「消極利益」，依扣案地磅報表計算超過四十三億元；至於收受土方、廢土或廢污泥所取得的「積極利益」，以載運的總量乘以收受費用為每立方公尺六百元，超過一億七千萬元。桃院審結後，判處陳男有期徒刑五年二月，併科三百萬元罰金，法官指出，陳男貪圖不法利益，完全無視可能造成下游農地、水文環境的污染與破壞，已侵害環境法秩序與公共利益；其餘被告分別被判處有期徒刑三年十月到一年不等，紘鼎公司科兩百萬元罰金，另，與紘鼎公司合作的路達交通有限公司，科一百萬元罰金。紘鼎開發工程公司私設管線長期排放含有重金屬的廢污水到鄰近田地。（資料照，記者鄭淑婷翻攝）    ,https://news.ltn.com.tw/news/society/paper/1766803
詐團改攻美日加台僑 跨國派車手 1年得手逾50億,社會,2026/08/16 05:30,專案小組根據詐團車手以虛擬貨幣匯出到藏身中國、台灣的幕後集團流水，近一年內居然高達逾五十億元新台幣以上。（示意圖，資料照）旅居美國加州的徐姓老婦面交台灣車手近三百萬美元案，警方專案小組過濾被逮台籍車手的通信資料，意外發現這一支詐欺集團，不只鎖定移民美國的國人進行詐騙，連移民日本、加拿大的台灣人和中國人也不放過，一旦被詐團鎖定，則立即派遣假扮成投資身分的車手團前往取款。更令警方震驚的，專案小組根據車手以虛擬貨幣匯出到藏身中國、台灣的幕後集團流水，近一年內居然高達逾五十億元新台幣以上，顯示國人即使已定居海外，仍受猖獗的詐騙集團侵害，損失金額也令人咋舌。請繼續往下閱讀...在美國加州定居已二十年的八旬徐婦，因家屬多在台灣，平日多利用網路平台關注國內和親友情況。不料被「假投資」詐欺集團盯上。由台北地檢署指揮台北市警察局、刑事警察局二大隊、刑事鑑識中心、北市刑警大隊、萬華分局、大安分局等單位共同聯合組成的專案小組，追查徐姓老婦被詐騙案，自六月間以剝絲抽繭方式逐步進行清剿，至八月上旬，陸續逮獲涉案廿餘名犯嫌。警方根據被逮捕的每一名嫌犯手機及電腦通聯資料和匯款訊息過濾後，發現旅居美國加州的徐婦被詐騙案並不是單一案例，還有移民美國、日本、加拿大等地區的台灣人和中國人受騙，且都是動輒千萬元以上的鉅額款項。贓款多半匯往中國疑台、中犯罪集團聯手警方根據蒐證的近一年資金流向，發現贓款泰半是匯往中國為主，台灣、柬埔寨為次，金額總數經匯兌換算逾五十億元新台幣左右。同時，警方根據車手通話紀錄：「錢都已匯往四二六（諢語意指死大陸人）了」，顯示這一支詐騙集團極有可能是「中台不法份子聯合犯罪模式」。意即被害人是台灣人，便由台灣派出車手。若是中國人即由中國車手前往。    ,https://news.ltn.com.tw/news/society/paper/1766800
通緝犯捷運三鶯線亮刀 勇男護家人 徒手壓制,社會,2026/08/16 05:30,新北市警三峽分局逮獲在三鶯線捷運上掏刀企圖傷人的陳嫌；圖為警方查扣兇刀。（記者吳仁捷翻攝）陳姓通緝犯昨天搭乘試乘中的新北捷運三鶯線時，僅因魯姓小妹妹踢到他的隨身背包，與魯小妹妹的父親理論起口角後，竟手持一把美工刀意圖攻擊魯男，反遭使出擒拿術的魯男，一把擰住陳的手腕，將陳男壓制在車廂地板上。警方獲報趕抵，將陳嫌上銬逮捕，化解三鶯線通車來首宗亮刀傷人案。新北市三峽警分局逮捕四十六歲的陳姓嫌犯後，確認無人受傷，詢問陳男行兇動機。陳稱，他因不滿隨身背包被女童踢到，與魯理論後起口角，他認為對方態度強硬，恐對他不利，從後口袋掏出美工刀，但還沒推出刀刃，就被對方抓住手腕，他與對方僵持廿餘秒後，被甩到車廂地板上；卅二歲魯男則說，他為了幼女跟陳男理論時，見到對方掏刀相向，為保護母親、妻子及兩名幼女，死命緊抓住歹徒手腕，使出擒拿術小纏絲手技法，將他甩到車廂地板上後壓制。請繼續往下閱讀...警方查證陳男身分發現，陳男年初因涉及傷害案，今年六月十二日遭台北地檢署通緝。據悉，從事物流工作的陳嫌落網後，認為錯不在己，帶刀只為防身，並無悔意。由於陳男才因與人衝突挨告傷害罪，昨再持刀攻擊魯男；警方詢後，將陳男依恐嚇危害安全罪嫌移送新北地檢偵辦，陳男通緝部分將解送北檢歸案。此外，昨適逢暑假周末，案發時車廂上坐滿出遊人潮，幸因魯男應變得宜，未造成乘客受傷，警方將擇期表揚魯男英勇事蹟。新北捷運三鶯線昨天上午傳出亮刀驚魂，報案人（黑背心、見圖）護家人，死擰住亮刀嫌犯的右手腕，將他壓制在地，三峽警方趕抵將陳嫌逮捕歸案。（記者吳仁捷翻攝）    ,https://news.ltn.com.tw/news/society/paper/1766805
離境即斷點？ 赴海外當車手返台仍落網,社會,2026/08/16 05:30,詐騙多樣化，時刻要注意。（記者劉慶侯翻攝）近年境外車手大量增加，尤其去年開始大幅增加，主因是境內車手召募困難，國人已普遍有基本的法律概念。至於國人甘願到海外擔任車手，泰半有幫派在幕後支撐，或是有詐欺前科慣犯，認為至美、日、加等國短期作案，不易被台灣警方發現的僥倖心理。警方指出，目前境外詐欺車手如東南亞、港澳籍，主要是透過地下社團、通訊軟體、同鄉介紹，以高薪、短期工作或是招待旅遊被招募來台。這些境外詐欺車手都沒有特別的行前教育，亦無和詐團上游接觸，泰半使用telegram通訊軟體。請繼續往下閱讀...此外，警方發現，境外車手大多是團進團出，少數是互相認識；詐團在境外召募時，會針對有能力講中文的對象，語言溝通沒有問題，並以每日收入一萬元利誘，但食宿交通都須自行負責，由詐團安排至特定區域住宿，每天更換旅館，減少被查獲的機率。相較於境外車手，國人前往國外擔任車手，兩者間最大不同點在於，他們主要「獵場」被設定在旅居美、日、加的台灣人，但又因當地語言問題，所以都是「抱團取暖」，三人為一組，彼此有一定的熟識度。國人之所以願意前往國外當車手，最主要的原因是國外的警察不似台灣警方積極，以利他們以「離境即斷點」，躲避警方追緝。    ,https://news.ltn.com.tw/news/society/paper/1766801
彰基前院長、前副院長全收押／致力西進中國 涉洗錢背信等罪,社會,2026/08/16 05:30,彰化基督教醫院前院長郭守仁（右圖，資料照）、前副院長賴健文（左圖，中央社資料照）涉洗錢背信等罪，被收押。彰化基督教醫院前院長郭守仁、前副院長賴健文，被檢舉任內與劉姓醫療業者簽訂損及醫院利益的合約，彰化地檢署指揮多個司法調查單位，十二日搜索彰化基督教醫院等三十處所，帶走郭、賴、劉三人，檢方認定三人涉犯背信、業務侵占與洗錢等罪嫌重大，且有串證滅證之虞，向法院聲請羈押獲准，震驚醫界。檢30路大搜索對此，彰基表示，配合檢方偵辦，三名被羈押被告，都已經不是該醫院的現職員工。請繼續往下閱讀...檢方指出，郭守仁於二〇〇八年至二〇一七年間擔任彰基醫院院長，二〇一八至二〇一九年間轉任彰基醫院協同總院長期間；賴健文則於同時期擔任副院長。二人任內涉嫌與劉姓醫療器材設備商勾結，利用職務之便，簽訂不利於彰基的合約，導致醫院權益受損，依《刑法》背信、業務侵占及修正前《洗錢防制法》洗錢等罪名偵辦，三人犯罪嫌疑重大，且有湮滅證據及勾串共犯證人之虞，十三日向彰化地方法院聲請羈押，法官裁定獲准並禁止接見通信。郭守仁是國內乳癌權威醫師之一，但他當院長時作風充滿爭議，他雖自稱「深綠」，但任內積極與中國的醫院合作，是「西進中國」的提倡者，想要以醫療技術與中國醫院合作，讓彰基賺人民幣，依當時媒體轉述，中國醫界與官方大為歡迎，中國官方甚至告訴彰基，「你們（台灣）的智慧進我們的腦袋，我們（中國）的人民幣進你們的口袋」，但實際卻事與願違，彰基當年營利不但沒增加，反而大幅衰退，直到現任院長陳穆寬接手，改變上述政策，獲利才大幅改善，今年年終獎金創下一三〇年來新高。    ,https://news.ltn.com.tw/news/society/paper/1766804
高雄玉竹商圈深夜轟然巨響！店面遮雨棚崩落 2樓牆面傾斜,社會,2026/08/16 00:55,玉竹商圈1間店面遮雨棚深夜崩塌。（民眾提供）高雄市連日降雨，新興區玉竹商圈1間店面昨晚（15日）10點多有店家遮雨棚崩塌，整座鐵皮雨棚及上面的冷氣壓縮機掉落地面，幸好當時無人經過。據了解，店面遮雨棚已傾斜至少1週，附近居民及店家人心惶惶，擔心崩塌恐砸傷人，因此先在周邊拉起封鎖線。不過，當地里長一直聯絡不到屋主前來處理，未料，遮雨棚昨晚10點多整座崩塌，雖未造成人員受傷，但2樓牆面傾斜，仍有崩落風險，相關單位已著手處理。遮雨棚傾斜近1週，幸好四周早拉起封鎖線，崩塌時未造成人員受傷。（民眾提供）    ,https://news.ltn.com.tw/news/society/breakingnews/5541295
酒醉男推倒73歲婦人  一泡尿的代價恐被罰1.8萬元,社會,2026/08/16 00:18,洪姓男子被警方押解上警車。（記者劉慶侯翻攝）33歲洪姓男子，15日凌晨酒後在台北市中山區八條通內隨地小便遭勸，73歲賴姓婦人出言制止，洪男羞憤中將對方推倒在地。致使賴姓頸部有擦挫傷。警方據報將洪男帶回派出所，訊後依社維法「加暴行於人者」，最高可開罰1.8萬元究辦。警方調查，洪姓男子與34歲劉姓妻子、35歲曾男以及34歲許女等4人，15日凌晨4時許，酒後走在俗稱（八條通）的北市中山區林森北路133巷。請繼續往下閱讀...當時醉意濃重的洪男因尿急，就在路邊隨意小便，引起路過的賴姓婦人注意和出言制止，洪男惱怒下將對方推倒在地。劉妻以及兩名友人立刻將洪男拉開勸離。轄管中山分局中山一派出所據報抵達現場，先將頸部有挫傷的賴婦送往馬偕醫院治療，並將滯留的洪男帶回派出所，訊後依社維法87條，「加暴行於人者」，最高可開罰1.8萬元。    ,https://news.ltn.com.tw/news/society/breakingnews/5541291
北市刑大科偵隊長涉洩個資被拘提 昔日師傅成關鍵人物,社會,2026/08/15 23:59,台北市刑警大隊。（資料照）台北市刑警大隊科偵隊長陳冠良，涉提供給退職警員吳政祐（房仲業者）他人機密資料，今晚兩人被北檢拘提到案。警方調查發現，陳員是因昔日在刑事局偵九大隊第三隊二線三星副隊長的「師傅」吳政祐要求，才以身觸法，犯下無可挽回的憾事。警方表示，吳政祐20多年前曾在北市中正一分局任職，後轉調刑事局，曾發生佩槍掉槍後，被改調內勤性質的紀錄槍科，數年後才重回外勤偵查隊，並升任副隊長，期間還曾偵破「低價賣高檔車」假網拍詐騙逾1700萬元的案件。請繼續往下閱讀...不過，在刑事局偵九大隊第三隊擔任二線三星副隊長的吳政祐，又發生因酒駕行經台北市中山區，被中山分局交通分隊攔查，酒測值高達0.56，被依公共危險罪嫌移送法辦。據指出，吳政祐喜好飲酒，他發生的掉槍事件，就是他赴台中偵辦槍毒案，因醉倒車內，車門未上鎖，遭歹徒侵入「乾洗」，連他的警槍都偷走，吳被記過調職，刑事局同事費了好一番工夫，才逮到5嫌、取回警槍。吳的同僚談及此事，搖頭說吳政祐：「辦案活骨認真，是佈線辦案的好手，就是愛喝兩杯，都是酒害了他！」據警方表示，當時陳冠良就在刑事局任職，吳則是他的「師傅」。而吳在酒駕事件後，自認在警職工作上將無前途可言，不多久後便離職。目前年約60歲的他，近年疑似從事房仲等業務。警方研判，吳男就是因為曾帶領過陳員，所以私下請對方調查他人人身資料，陳員囿於昔日情面，不忍拒絕，結果讓自己觸犯法網。    ,https://news.ltn.com.tw/news/society/breakingnews/5541289
新堀江玉竹街遮雨棚突崩塌 深夜狂歡嚇很大,社會,2026/08/15 23:52,高雄知名新堀江玉竹街商圈深夜傳出轟然「巨響」，一間店面屋簷鐵皮遮雨棚倒塌，冷氣室外機搖搖欲墜。（民眾提供），在高雄知名新堀江玉竹街商圈附近深夜11點多，許多人正在周邊夜店狂歡，忽然被一陣轟然巨響嚇壞，玉竹二街店面屋簷鐵皮遮雨棚倒塌，上方還有冷氣室外機垂掛在上面搖搖欲墜，所幸店家深夜未營業，所幸無人傷亡。現場有店家緊急拉起封鎖線，防止有靠近發生危險。至於為何鐵皮屋簷會忽然倒塌，仍待調查釐清。    ,https://news.ltn.com.tw/news/society/breakingnews/5541284
北市刑大科偵隊長涉洩個資免職   北檢聲押禁見,社會,2026/08/15 23:42,台北市刑警大隊。（資料照）台北市刑警大隊科偵隊長陳冠良，今年7月間被發現，涉提供給吳姓退職警員（房仲業者）他人機密資料，警方經蒐證確認後，陳員與吳男今天被台北地檢署拘提到案。由於科偵隊長是警方重點勤務單位，局長林炎田至為震怒，依法從嚴查處，記兩大過免職，即予汰除。台北市刑大科偵隊是負責網路偵查犯罪，及利用最新科技追蹤犯罪行為人行蹤的重點外勤單位，市警局為培養這支專業隊伍，成員擴展到近30人。因此，歷任隊長都需經台北市刑大層層篩選。請繼續往下閱讀...北市警察局查察因案受調查人資料時，意外發現刑事警察大隊科偵隊長陳冠良，有多達數十筆的查閱資料中，疑與調查案件無關，經深入追查，查出資料都外流向吳姓房仲業者。由於陳員涉嫌外洩職務上取得的個資，並再被查出有對價關係，市警局案經報請台北地方檢察署指揮偵辦，今日指揮北市警局政風室、督察室及刑事警察大隊等單位執行搜索，並拘提陳員及吳姓共犯到案，晚間移送台北地檢署偵辦。因陳員涉嫌貪污治罪條例、洩密罪、個資法等案，刑警大隊隨即召開考績會，決議予以一次記二大過，陳報警察局逕予免職，斷然汰除。陳員及吳姓共犯經地檢署檢察官複訊後，聲請羈押禁見。台北市政府警察局指出，針對員警違法違紀案件，主動調查、依法嚴處，秉持「自清自檢」、「警紀警辦」及「毋枉毋縱」之立場。全案後續將配合檢察官指揮從嚴查辦，持續深入釐清個資流向，及疑涉有對價關係等案情，以維警譽。    ,https://news.ltn.com.tw/news/society/breakingnews/5541283
再接再厲！8/15 今彩539頭獎摃龜,社會,2026/08/15 22:17,8月15日開獎的第115000198期今彩539頭獎摃龜。（本報合成）8月15日開獎的第115000198期今彩539頭獎摃龜。第115000198期今彩539中獎號碼為「12、14、21、35、37」。頭獎摃龜；貳獎共227注中獎，每注可得2萬元；參獎共7319注中獎，每注可得300元；肆獎共7萬5924注中獎，每注可得50元。請繼續往下閱讀...第115000198期39樂合彩中獎號碼為「12、14、21、35、37」。四合開出9注，可得21萬2500元；三合共303注中獎，每注可得1萬1250元；二合共1萬3741注中獎，每注可得1125元。第115000198期3星彩中獎號碼為「195」。壹獎共65注中獎，每注可得5000元。第115000198期4星彩中獎號碼為「2395」。壹獎共16注中獎，每注可得5萬元。確切中獎號碼以台彩網站公告為主，請見「台灣彩券網站」。今彩539、39樂合彩、3星彩、4星彩中獎號碼。（擷取自台彩官網）    ,https://news.ltn.com.tw/news/society/breakingnews/5541245
涉與醫療器材商勾結  彰基前院長郭守仁「洗錢背信」收押,社會,2026/08/15 21:21,前彰化基督教醫院院長郭守仁。（資料照，記者簡榮豐攝）彰化基督教醫院前院長郭守仁、前副院長賴健文任內，與劉姓醫療業者簽訂損及醫院利益合約，彰化地檢署指揮多個司法調查單位搜索彰化基督教醫院等30處所，帶走郭、賴、劉三人，檢方認定三人涉犯背信、業務侵占及洗錢等罪嫌重大，且有串證滅證之虞，日前向法院聲請羈押獲准，三人均裁定收押禁見，震驚醫界。檢方指出，郭守仁於2008年至2017年間擔任彰基醫院院長，2018至2019年間轉任協同總院長；賴健文則於同時期擔任副院長。二人任內涉嫌與劉姓醫療器材設備商勾結，利用職務之便簽訂不利於彰基的合約，導致醫院權益受損，涉及《刑法》背信、業務侵占及修正前《洗錢防制法》洗錢等罪嫌。經檢察官漏夜訊問後，認三人犯罪嫌疑重大，且有湮滅證據及勾串共犯證人之虞，13日向彰化地方法院聲請羈押，法官裁定獲准並禁止接見通信。請繼續往下閱讀...本案由主任檢察官李秀玲與檢察官廖偉志共同指揮，於本月12日動員法務部調查局中部地區機動工作站、彰化縣調查站、南投縣調查站、刑事警察局第六大隊、彰化縣警察局刑警大隊，並會同財政部中區國稅局，針對彰基醫院及相關公司、住所等30處所發動同步搜索，查扣大批合約文件、帳冊與電磁紀錄，同時帶回郭守仁、賴健文及劉姓男子等多人進行查證。    ,https://news.ltn.com.tw/news/society/breakingnews/5541212
前彰基院長郭守仁涉背信 彰檢搜索約談3人聲押獲准,社會,2026/08/15 21:07,前彰基院長郭守仁。（資料照，記者張聰秋攝）彰化地檢今天指出，前彰基醫院院長郭守仁及前副院長賴健文涉犯背信罪，檢方12日前往彰基醫院等30處所搜索，並約談郭守仁、賴健文及劉姓業者，3人訊後遭聲押獲准。彰化地方檢察署發布新聞稿說明，自民國97年至108年，擔任醫院院長的郭守仁及副院長賴健文，與劉姓業者勾結，地檢署檢察官12日指揮彰化縣警察局刑事警察大隊等單位，前往彰基醫院等30處所進行搜索。請繼續往下閱讀...檢方指出，檢察官另約談郭守仁等3人，訊後認為3名被告涉犯刑法背信、業務侵占及洗錢等罪，且有湮滅、偽造、變造證據、勾串共犯及證人之虞，向彰化地方法院聲請羈押，地院13日裁定羈押禁見。至於郭守仁等3人涉案內容，檢方表示，不便透露案情細節；中央社記者詢問彰基醫院遭搜索等情形，院方無人回應。    ,https://news.ltn.com.tw/news/society/breakingnews/5541204
手刀對獎！8/15 今彩539、3星彩、4星彩獎號出爐,社會,2026/08/15 20:42,今彩539、39樂合彩開獎號碼。（擷取自三立iNEWS《全民i彩券》）今天（8月15日）台彩各項開獎獎項及獎號。今彩539：12、14、21、35、37。請繼續往下閱讀...39樂合彩：12、14、21、35、37。3星彩：195。4星彩：2395。確切中獎號碼以台彩網站公告為主，請見「台灣彩券網站」。3星彩開獎號碼。（擷取自三立iNEWS《全民i彩券》）4星彩開獎號碼。（擷取自三立iNEWS《全民i彩券》）    ,https://news.ltn.com.tw/news/society/breakingnews/5541198
拋棄繼承遭駁回 阿公遺產明顯高於債務 法院認定不符未成年孫子女利益,社會,2026/08/15 20:28,新竹地方法院檢視遺產狀況後發現，死者留下的財產明顯高於債務，認為拋棄繼承恐讓未成年孫子女平白失去可繼承的財產，因此裁定駁回。（記者廖雪茹攝）想「一刀切斷」繼承，卻被法院擋下！新竹地方法院近日審理一起拋棄繼承事件，兩名未成年孫子女在祖父過世後，經法定代理人同意聲請拋棄繼承，沒想到法院檢視遺產狀況後發現，死者留下的財產明顯高於債務，認為拋棄繼承恐讓孩子平白失去可繼承的財產，因此裁定駁回。民事裁定指出，張男在今年3月4日死亡，家屬陸續向法院聲請拋棄繼承。其中兩名未成年孫子女為第一順位繼承人。依照民法規定，繼承人可以在知悉得繼承之日起3個月內，以書面向法院聲明拋棄繼承。不過，法院指出，未成年子女的繼承權涉及其特有財產，父母或法定代理人不能僅憑自身判斷，任意讓孩子放棄可能有利於孩子的繼承利益。請繼續往下閱讀...法院調查後發現，張男留下的遺產，有約6萬4457元存款、1316元投資、債務0元，另有房屋四分之一持分、金融控股公司投資及兩部汽車。法院認為，現行制度下，繼承人對被繼承人生前債務原則上僅以所繼承的遺產為限負責。換句話說，即使日後發現還有未知債務，繼承人最多也是以遺產清償，並不會因此讓孩子拿自己的財產去填補遺債。因此，在「遺產價值高於債務」的情況下，若讓兩名未成年人拋棄繼承，反而會使他們失去原本可以取得的財產。法院認定，法定代理人同意孩子拋棄繼承，並非符合未成年人利益，兩人的聲請遭駁回。這份裁定也提醒，拋棄繼承並非提出切結書等文件「簽名就算數」。尤其涉及未成年人時，法院不只看程序是否完備，也會從保護未成年子女利益的角度檢視。    ,https://news.ltn.com.tw/news/society/breakingnews/5541157
卡片餘額不足！鳳山少年竟猛踹YouBike出氣  業者提告了,社會,2026/08/15 20:10,疑因卡片餘額不足無法解鎖，少年竟對著租借柱上的單車猛踹。（讀者提供）卡片餘額不足竟拿公物出氣！社群平台Threads近日瘋傳一段影片，一名少年在高雄鳳山文德國小前準備租借YouBike時，疑似因卡片餘額不足無法解鎖。該名少年竟對著租借柱上的單車瘋狂猛踹，導致車輛受損，畫面曝光後引發網民撻伐，痛批「太沒公德心」。高雄市警局鳳山分局文山派出所於今（15日）下午14時50分許接獲110報案，立即派員趕赴現場，並調閱周邊監視器釐清案情。警方調查證實，涉案青少年因租車卡關，竟將怒氣宣洩在公共單車上，粗暴踹踢過程全被錄下。警方發現車輛確有毀損，實際損失金額仍待業者進一步估算。請繼續往下閱讀...警方第一時間通知微笑單車委託人到場，業者代表公司態度堅決，正式提出毀損告訴，警方已依法受理。目前警方正擴大過濾監視器並請業者提供租借資料，待確認該名青少年身分後，將通知到案說明，將依毀損罪嫌移送法辦。鳳山分局嚴正呼籲，公共自行車為大眾通勤工具，若遇設備異常或扣款問題，應循正常管道向營運單位反映，切勿因一時情緒踹踢、摔打車輛，任意毀損財物不僅要負擔修繕賠償，更須承擔刑事責任，民眾切勿衝動觸法。    ,https://news.ltn.com.tw/news/society/breakingnews/5541163
民眾領百元鈔見詛咒員警文字 三峽警支持嚴正執法 意外曝遭申訴15件,社會,2026/08/15 19:55,新北市民近來在三峽ATM領款，其中7張百元鈔被人寫「周OO亂開紅單不得好死」等詛咒字句。（記者吳仁捷翻攝）新北市民眾在三峽ATM領款時，發現其中領取的多張百元鈔中，竟寫有「周XX亂開紅單不得好死」，無奈的民眾將鈔票拍照上網發文，疑是民眾不滿遭三峽警分局交通分隊周姓警員開單取締有關。三峽警分局交通分隊長林姿均表示，周姓警員執勤認真，今年3月至今執法錯誤率為零，近3個月舉發763件違規，支持基層嚴正執法，但警方公佈數據時，意外曝光周員開罰案接獲15件申訴，顯見受罰者對警方執勤也有不滿。警方透露，該案發生於新北市三峽一處具存款功能的ATM，因周姓員警嚴格執法，引發部分民眾不滿，衍生出特殊的宣洩行徑；警方證實，周姓員警因平時執法嚴格、認真取締違規，短短3個月內開出高達700多張交通罰單，高開單數也衍生民怨，部分民眾遭舉發後心生不滿，竟在流通的百元紙鈔上寫下「詛咒三峽分局周姓員警不得好死」等字眼，藉此發洩情緒，後有其他民眾收到這幾張紙鈔，拍照上傳網路，全案因而曝光。請繼續往下閱讀...三峽警分局交通分隊長林姿均對此公開說明，強調周員工作態度認真、個性低調，面對繁重交通勤務積極執行，分局肯定並支持同仁依法行政、嚴正執法，對因執法遭受不理性言行，亦將持續關心同仁。依法執法、維護交通安全與秩序並無不當，且3月至今開單錯誤率為零，分局全力支持同仁正當執法，同時也呼籲民眾，若對罰單有異議，應循正當管道（如申訴或行政訴訟）救濟，切勿在紙鈔上毀損或亂寫字，以免觸犯法規（如故意毀損幣券等相關規定），期許民眾多給予基層員警體諒與配合。警方透露，在鈔票上寫字不致涉犯毀損國幣罪，但若撕碎、燒毀或導致無法辨識則可能觸法；至於在國幣上書寫辱罵員警字句，可能涉及公然侮辱罪嫌，但當事人表示暫不追究，只是對領到這幾張鈔票的民眾可能會感到困擾。警方公布，交通分隊警員周員執勤認真，依法落實交通疏導、違規取締及事故處理等勤務。統計今年3月1日迄今，周員舉發各類交通違規案件，查無誤開、誤植或撤單情形，執法錯誤率為0；另統計近3個月（5月14日至8月14日）計舉發763件（逕舉565件、攔舉198件），其中受理申訴15件，亦均無違失。新北市民近來在三峽ATM領款，其中7張百元鈔被人寫「周OO亂開紅單不得好死」等詛咒字句，三峽警分局交通分隊長林姿均出面說明強調，周員執法認真、無違失，支持基層正當執法，將給予關心。（記者吳仁捷翻攝）    ,https://news.ltn.com.tw/news/society/breakingnews/5541102
墾丁山區探勘遭虎頭蜂圍攻   2失聯者尋獲確定罹難,社會,2026/08/15 18:24,午後山區大雨無法吊掛，預計16日一早進行遺體吊掛作業。（民眾提供）登山協會幹部深入恆春半島未開放山林探勘，遭虎頭蜂圍攻，屏東縣消防局搜救大隊，今日凌晨救出唯一倖存的張女後，隨後在山區接連尋獲失聯的67歲張姓領隊與64歲顏姓副領隊，遺憾的是2人確定罹難。因午後山區大雨無法進行空中吊掛，預計明（16日）一早再次申請直升機進行遺體吊掛。警方與搜救隊調查，這起悲劇發生於12日，3名擁有數十年野外經驗的資深搜救人員，為了探勘滿州鄉欖仁溪至出風鼻路段的縱走生態路線而入山，不料途中突遭凶猛虎頭蜂群狂暴襲擊。因事故地點極度偏遠且缺乏手機訊號，大幅增加救援難度。搜救隊克服地勢與天候，於15日凌晨4時12分，先將身上留有30多處蜂螫孔、情況危急的張女救出，並於清晨5時8分緊急送抵恆春旅遊醫院，隨後因血液狀況不佳，於上午8時許轉送台中榮總進行急救洗腎。請繼續往下閱讀...完成張女救援後，特搜大隊於清晨6時許申請直升機，展開空中與地面同步搜救。上午7時30分發現張姓領隊蹤跡，特搜人員由直升機垂降至大草原後，徒步穿過險峻山路與地面部隊會合，於10時15分接觸張男，並於11時42分將其護送至吊掛點。隨後搜救人員緊接著展開對顏姓副領隊的搜尋，並於中午12時52分在距離張男約80公尺處的懸崖底下尋獲顏男，於下午3時19分順利將顏男遺體移送至吊掛點。警消指出，2名資深山友均已不幸身亡，今日午後因山區天候驟變下起大雨無法執行吊掛，搜救人員已暫時撤離至安全處，預計16日清晨再次申請空勤直升機，將2人遺體吊掛下山。    ,https://news.ltn.com.tw/news/society/breakingnews/5541085
「檢舉達人」出手！頭份中山路200公尺一晚開近50張違停罰單 議員這麼說,社會,2026/08/15 18:10,騎樓停放機車情形。（資料照）苗栗縣頭份市區人口密集，停車需求量高，常見民眾在自家騎樓停放機車，頭份市中山路被「檢舉達人」盯上，一晚檢舉了近50張罰單。縣議員陳永賢為此在議會反映，建議縣府為騎樓停車問題訂定自治條例，在不影響輪椅、行人通行的情況下，開放騎樓停放汽機車，避免造成困擾及民怨。陳永賢指出，8月4日晚間10點左右，他服務處到市公所間的中山路約200公尺路段沿途，停在騎樓的機車全吃上罰單、近50張，鄉親紛紛找他陳情，經他了解，是被「檢舉達人」盯上。請繼續往下閱讀...陳永賢表示，機車違規停放開罰600元，員警接獲檢舉如不處理，還有瀆職的風險，處理檢舉案可說「勞民傷財」，建議縣府比照部分縣市訂定的條例，只要騎樓能預留1.5公尺空間、且不影響輪椅及行人通行，應該開放鄉親停放汽機車。因此事權責單位包括縣警局、交通工務處及工商發展處，陳永賢希望3個單位盡速協調，研擬提出自治條例。交通工務處長古明弘則表示，現有法規就有解決方案，鄉鎮市公所如有需求可實地現勘並取得住戶同意，並在「不妨害行人通行」的前提下，即可辦理公告開放停放機車。    ,https://news.ltn.com.tw/news/society/breakingnews/5541079
試槍?  彰化這處反光鏡「彈痕累累」  警揭真相,社會,2026/08/15 18:06,民眾在花壇大嶺巷健行突見反光鏡「彈痕累累」。（民眾提供）彰化縣花壇鄉大嶺巷路旁1支反光鏡，今天（15日）被登山民眾發現，鏡面上竟出現至少6個貫穿孔，由於孔狀近似圓形，懷疑是不肖分子利用夜間前來試槍，導致鏡面「彈痕累累」，憂心連登山健行都不安全，彰化警分局指出，該區有許多大型車輛往來，應是輪胎輾壓路面石塊反彈擊中反光鏡打穿，造成如「彈孔」的誤解。民眾指出，今天他們在虎山巖大嶺巷山路健走，看到路旁這支反光鏡竟有好幾個洞孔，大家都在猜是不是彈孔？莫非有人偷偷去山上練槍？若是真的話就太恐怖了；由於有許多縣市曾傳出反光鏡成不肖人士試槍標靶，不是改造槍就是BB槍打到彈痕累累。由於大嶺巷位於山區，憂心有不肖人士趁著無人之際大膽試槍。請繼續往下閱讀...彰化警分局則表示，這支反光鏡經過大型車輛長時間輾壓石頭彈飛破壞，因此出現好幾處孔洞，並非被子彈打穿。反光鏡「彈痕累累」民眾憂有人試槍。（民眾提供）    ,https://news.ltn.com.tw/news/society/breakingnews/5541077
神鬼敗家女租跑車裝闊！對親爸動歪腦筋 「演很大」1年騙1761萬,社會,2026/08/15 17:46,台中地院判童女3年4月。（資料照）台中市童姓女子為填補租賃多輛跑車欠下的高額債務，假冒律師、代書甚至法院人員，謊稱涉及家暴、不動產買賣等案件，必須繳交律師費、法院保證金及罰款，還不惜P圖製作假司法公文取信父親，1年多來騙走1761萬元，台中地院審理後，認定童女犯行使偽造公文書罪，判3年4月。判決指出，童女因在外租賃多輛跑車積欠大筆債務，從2023年8月18日起透過LINE變換身分，以「辯護人」、「法扶律師」等暱稱聯繫父親，佯稱自己正處理與配偶間家暴訴訟，以及不動產買賣、汽車貸款、恐嚇取財等案件，接連向父親索取各種名目費用。請繼續往下閱讀...童父原本深信不疑，第一筆就匯出200萬元，沒想到女兒變本加厲，要求父親陸續支付律師費、代書費、法院保證金及罰款等，童父在不知情下持續匯款、轉帳到女兒支配的多個帳戶，金額累計高達1761萬2182元。童女甚至使出電腦P圖伎倆，偽造多個機關的司法公文共13份，還擅自製作、蓋上假冒檢察官、檢事官及書記官的印文，再透過通訊軟體傳給父親，營造真的「官司纏身」假象，直到童父驚覺不對勁報案，警方去年7月前往童女高雄住處搜索，查扣相關證物，並依偽造公文書、詐欺取財等罪嫌偵辦，法院審理認為，童女利用父女親情與信任關係行騙，不僅造成父親鉅額財產損失，也嚴重損害司法公信力，考量童女無前科、雙方始終未能達成和解判3年4月，並宣告犯罪所得沒收，可上訴。    ,https://news.ltn.com.tw/news/society/breakingnews/5541060
國道驚魂！休旅車「逆向開內線」還閃大燈  警方要辦了,社會,2026/08/15 17:12,網友行駛在國道1號西螺路段內側車道，行車記錄器顯示，前方竟有一輛休旅車迎面駛來（逆向）。（圖由Threads帳號Ispsss97017授權提供）夜間國道開車要格外小心。有網友在社群平台Threads發文，今天凌晨開車行經國道1號西螺路段的內側車時，前方竟有一輛休旅車迎面駛來（逆向），讓他趕緊閃躲車輛。此文一出，網友大罵逆向行駛司機「簡直是神風特攻隊」、「可能趕去吃普度」。Threads帳號Ispsss97017的網友，發出文章「Ｘ怎麼有人在國道逆向還開內側車道啦．．．」，文章還附上行車記錄器，畫面可看到民眾正駕駛車輛往南行駛開在內側車道，就當他經過西螺休息站路段時，想不到眼前卻有一台休旅車閃大燈，民眾嚇得閃躲至中間車道，驚嚇之餘還罵了髒話，緩過神後趕緊說要報警。請繼續往下閱讀...驚險畫面一發出後，引來大批網友議論。有人大罵逆向司機「還閃大燈 是三小」、「還有臉閃大燈 可能趕去吃普度」，更有網友比喻「根本就是神風特攻隊」。國道警察局第三公路警察大隊表示，經查民眾張貼影像發現，國道1號南向230公里1輛車輛逆向行駛，接獲報案後，派遣線上警力前往查看，惟未發現逆向車輛，後續將調閱相關影像，通知車主到案說明，於查證後依規定舉發，另如涉及刑案將依法偵辦。警方強調，該車輛駕駛已違反道路交通管理處罰條例第43條規定，可處駕駛人6000至3萬6000元以下罰鍰，呼籲若逆向誤上國道，應將車輛立即停靠路肩勿再行駛，人員則應到護欄外等安全地點等候，並撥打110報案或1968通報國道相關單位前往協助。    ,https://news.ltn.com.tw/news/society/breakingnews/5541019
桃園小小警察體驗營登場 親子闖關學婦幼安全,社會,2026/08/15 16:41,"桃園市長張善政（右2）出席「小小警察體驗營」與民眾同歡。（記者周敏鴻攝）桃園市政府警察局今天舉辦「小小警察體驗營」，邀來80組親子參與結合婦幼安全、防暴觀念的親子闖關遊戲，小朋友們全數化身為小小警察，完成闖關任務，一一取得象徵守護力量的「簽證貼紙」，成功領回電子書QR Code貼紙，讓市府跨局處合作編纂的「性別暴力防治友善多國語言電子書」，延伸到民眾的家庭日常。闖關任務包括斗笠護衛、跳島護衛船、吉普尼紅綠燈、大象長鼻護愛心、網路雷射防護網、夜市防詐平衡迷宮等，豐富有趣，讓每一位小朋友玩得開心，也能學會辨識危險、勇敢拒絕、尋求協助等正確觀念。請繼續往下閱讀...桃園市長張善政也出席同歡，他說，婦幼安全教育必須從小扎根，應教導小朋友學習尊重身體自主權，任何肢體接觸都應先取得對方同意，希望每一位小朋友穿上小小警察制服後，能真正學習成為守護者，將「保護好人、守護婦幼」的自我保護意識，落實於日常生活中。桃園市長張善政（中）出席「小小警察體驗營」與民眾同歡。（記者周敏鴻攝）    ",https://news.ltn.com.tw/news/society/breakingnews/5540964
霧峰機車、廂型車猛烈碰撞 騎士88歲翁噴飛送醫不治,社會,2026/08/15 16:31,李翁機車受損嚴重。（民眾提供）台中市霧峰區今（15）日上午發生死亡車禍，88歲李姓老翁騎機車行經路口，與88年次李姓女子駕駛的廂型車猛烈碰撞，李翁噴飛，緊急送醫搶救，不幸傷重不治。警方初步調查，雙方均無酒毒駕；至於老翁是否涉及闖紅燈，仍待交通警察大隊分析研判。事故發生在上午8點13分左右，地點在霧峰區中投東路二段與五福西路口，88歲李翁騎機沿五福西路由西往東方向直行；27歲李女開廂型車沿中投西路往北方向行駛，雙方行經路口時碰撞。請繼續往下閱讀...李翁連人帶車噴飛，機車車殼及零件四散，現場一片狼藉。救護人員趕抵，立即將李翁送中山附醫急救，經醫療團隊搶救約1個半小時，仍回天乏術。經查，李女當時準備去大學上課，車禍讓她飽受驚嚇。面對警方詢問，李女說，並不清楚機車當時為何會突然出現在行車路線上。車禍詳細原因仍待警方鑑定釐清。車禍現場霧峰中投東路二段、五福西路口。（民眾提供）    ,https://news.ltn.com.tw/news/society/breakingnews/5540882
水面有「漂流物」 台南北門打撈起1具男浮屍,社會,2026/08/15 16:23,消防救生艇沿急水溪往上游大排搜索「漂流物」。（民眾提供）台南市北門區新圍段，今天（15日）下午2點有民眾通報發現大排水中有「漂流物」載浮載沉，消防人員駕駛救生艇前往查看，竟是具男性浮屍，約下午3點將大體打撈上岸；死者身分、確切死因由學甲警分局調查釐清。台南市消防局第三救災救護大隊獲報後出動北門消防分隊3車1艇6名隊員前往現場，發現地點在急水溪和新田寮大排交會處的大排上游河段，救生艇從急水溪下船後，再往大排上游搜尋，後在北門新圍段發現年約60多歲的浮屍後打撈上岸。請繼續往下閱讀...男性浮屍身上有證件，未有通報協尋紀錄，身體未有明顯外傷，疑從更上游處漂來，全案由學甲警分局調查。北門消防分隊出動救生艇打撈起浮屍。（民眾提供）北門消防分隊出動救生艇打撈起浮屍，交由警方處理。（民眾提供）    ,https://news.ltn.com.tw/news/society/breakingnews/5540978
員林300萬露營車  電池冒煙車庫內燒成火球,社會,2026/08/15 15:54,露營車燒成一團火球，幸無人傷亡。（民眾提供）彰化縣員林市昨（14）日傳出一部價值300萬元的露營車火燒車意外，它停在住宅前的車庫內，不明原因起火燃燒，火勢猛烈延燒民宅，消防人員迅速到場撲救，整輛車燒成鐵架，未造成人員傷亡。這起事故發生於14日晚間7時30分許，地點位於員林市員水路二段巷弄內，起火的不是房子，而是一部露營車，火勢相當猛烈，還有民眾聽到爆炸聲響，消防隊迅速趕到，以水柱灌救，7時43分獲得控制火，7時44分順利撲滅。至於詳細起火原因待調查。請繼續往下閱讀...據了解，車主4年前花300多萬購買這部露營車，車輛平時停房在住家車庫內，起火前疑似從車內電池位置先開始冒煙，隨後迅速燃燒，並伴隨多次爆炸聲響。屋主見狀嚇得立即報案並緊急逃生，所幸反應迅速，未釀成傷亡悲劇。    ,https://news.ltn.com.tw/news/society/breakingnews/5540944
托嬰中心3月嬰死亡案19日審議 屏東縣府：最重撤銷立案許可,社會,2026/08/15 15:08,男嬰家屬在律師龔書翩（左）陪同下發表聲明，要求真相。（記者羅欣貞攝）針對屏縣私立托嬰中心8月5日的受托幼嬰死亡事件，屏縣府今（15）日表示，社會處第一時間已保全證據，與警政、衛政同步啟動調查，並報請檢方偵辦，已訂於19日召開審議委員會議，只要違法、違規明確，一定從重究責，最重撤銷立案許可。痛失愛子的父母心痛不已，今（15）日在律師陪同下發出聲明指出，至今仍無法調閱托嬰中心案發當日前半段監視器畫面，請求縣府協助並秉公處理，盡速依法對該托嬰中心及相關失職人員做出行政裁處。請繼續往下閱讀...屏縣府則回應表示，幼嬰的意外離世事件，令人十分遺憾與不捨，同時也能夠理解父母的傷痛，縣府一定會釐清真相，還給家屬公道。社會處指出，縣府接獲通報第一時間就進入托嬰中心保全證據，同步啟動社政、警政、衛政的調查保護，並報請檢方偵辦。過程中，社工也陪伴父母提供包含律師的法律諮詢協助等，當父母提到網路社群出現不實傳聞時，社工也從專業角度，請父母面對巨大傷痛，儘量不要回應網路，以免心情受到影響。其次，針對事發當下的監視影片，依規定家屬不能拷貝及持有，縣府會協助父母調閱當天下午2點05分以前的事發當下監視影片。社會處表示，目前所有的行政調查資料都已經完備，經協調幾位具有法律背景委員時間後，將提前於本月19日召開行政裁罰審議會議，只要討論確認違法、違規事項後，一定依法從重究責，最重可撤銷立案許可。    ,https://news.ltn.com.tw/news/society/breakingnews/5540851
「這一竿有故事」疑似AI圖片破壞澎湖釣具店聲譽  業者出面駁斥,社會,2026/08/15 14:41,"澎湖釣具行表示，現在沒有業者出租釣竿。（記者劉禹慶攝）近日臉書粉絲專頁「這一竿有故事」，出現澎湖花800元租借釣竿，因釣線斷裂，還竿時老闆開口要求賠償16000元，還配上「照片」說明，引發外界撻伐。但澎湖釣具行都沒有在出租釣竿，懷疑是AI合成照片，由於嚴重影響澎湖聲譽，業者發聲駁斥，希望相關單位介入調查。「這一竿有故事」文章中指出，去澎湖玩之前，完全沒想過自己會因為1支釣請繼續往下閱讀...竿，差點把整趟旅行心情弄沒。那次是跟朋友去玩，行程排得很鬆。看到港邊有人坐著釣魚，突然覺得很有趣，想說都來海島了，不然也來試試看。但因沒有帶任何裝備，只好臨時找了一間可以租釣具的店。老闆拿了1組竿子、捲線器跟一些基本配件，收了八百元租金，再押證件。老闆提醒，「不要硬拉,卡住就慢慢處理。」結果下午真的遇到了。因此照旁邊釣友教的方法慢慢放線、拉竿，結果不知道是不是角度不對，釣組卡在礁石附近。拉了幾次拉不動，最後只好放掉，斷線收場。當下也沒多想，想說就是少1組線而已。回去還竿時，老闆拿起竿子看了很久突然說：「這支竿節有傷，要賠「1萬6」，遊客當場傻住。澎湖釣具業者看到此文，認為內容造假，嚴重影響澎湖釣具店聲譽，釣具店出面澄清表示，圖片中穿著冬天衣服與現在季節明顯不符 ，內容中的監視器畫面過於單一，應該是用AI生成，同時澎湖目前已經沒有釣具店做租借釣竿業務，因此極可能是用AI偽造的合成圖文。業者質疑圖片是冬衣，與夏季季節不符，疑似AI圖片。（臉書「這一竿有故事」圖片）    ",https://news.ltn.com.tw/news/society/breakingnews/5540853
吃冰沒付錢被阻！2男竟回家拿「工地神器」 全聯內囂張狂釘矽酸鈣板,社會,2026/08/15 14:31,兩名男子跑到全聯賣場內，持釘槍對著矽酸鈣板連續擊發。（示意圖，資料照）台中市兩名男子14日跑進北屯區一間全聯賣場，還沒付錢就把冰棒打開吃，被店員勸阻後心生不滿，竟回家拿釘槍及矽酸鈣板，再折返賣場內製造「啪啪」聲響恫嚇，甚至嗆聲「不想中槍的現在就離開」，嚇得顧客紛紛閃避，警方獲報後火速偵辦，今天已將其中涉案一男查緝到案，將依恐嚇罪嫌究辦。經查，44歲王男與35歲林男平時分別從事車輛大燈改裝及材料供應工作，14日下午1時許一同前往該家全聯賣場。2人選購冰品後，疑尚未完成結帳就直接拆封食用，遭店員當場勸阻，雙方因此發生爭執，沒想到一般消費爭執竟急轉直下，2人離開賣場後越想越氣，竟返回住處拿取工地使用的釘槍及矽酸鈣板折返。請繼續往下閱讀...其中王男進入賣場後，持釘槍對著矽酸鈣板連續擊發，現場不斷傳出「啪啪」聲響，店內顧客及員工受到驚嚇；林男則在賣場外持指揮棒阻止民眾靠近，甚至大喊「不想中槍的現在就離開」等語，導致許多民眾受到驚嚇，店家也趕緊報案，相關畫面也被民眾拍下並上傳網路，引發討論。第五分局獲報不敢大意，立即成立專案小組追查涉案男子身分，今天已先將王男查緝到案，另已掌握共犯林男身分及動向，將持續追查並依法究辦；警方嚴正強調，絕不容許任何人挑戰公權力或破壞社會秩序。對於各類違法脫序行為，必將依法嚴查速辦、絕不寬貸。    ,https://news.ltn.com.tw/news/society/breakingnews/5540848
吳秀華助理一問三不知？ 網友翻紀錄：曾代表吳家廠商出席環評,社會,2026/08/15 14:28,邱嘉平日前偵訊後遭聲押禁見獲准。（資料照，記者劉人瑋攝）台東縣議長吳秀華家族參與的「東映渡假村」農地開發弊案持續延燒，多人捲入調查，先前被檢調認定為議長秘書的邱嘉平，面對檢方訊問「一問三不知」，已遭羈押禁見。近日有網友翻出政府公開資訊發現，邱嘉平過去曾以吳家「東利開發有限公司」廠商代表身分出席開發案環評會議，職稱同樣登記為「秘書」。有知情人士形容，邱在此案中扮演對外聯繫窗口，是相當關鍵的人物。網友找到公開資訊「1130011O 東映國際休閒渡假村環境影響說明書」，在相關文件的與會名單中，邱嘉平名列其中，當時她與董事長鍾嘉村等人共同與會，簽名欄職稱則記載為「秘書」。請繼續往下閱讀...就不同的知情人士、參與者所言，邱嘉平是個「很客氣，也相對沉默的人」，其實吳家，乃至於吳秀華已被許多人當成「下屆縣長」，不少人還打著吳家旗幟對縣府人員頤指氣使，甚至交辦業務「要好好辦，這是下屆縣長的案子」甚至連「下屆副縣長」都出現，不少公務員敢怒不敢言，直稱這些「根本在幫吳家倒忙」，但邱嘉平反而還是最客氣的一位，只是「抓她也不意外，她就是窗口，就是keyman」。據不同知情人士及相關參與者說法，邱嘉平是個「很客氣，也相對沉默的人」。由於吳秀華已被許多人當成「下屆縣長」，不少人打著吳家旗幟對縣府人員頤指氣使，甚至甚至以「下屆縣長的案子」等說法向縣府人員交辦業務，讓不少公務員敢怒不敢言。不過，知情人士表示，邱嘉平反而是其中較為客氣的一人，但也直言，「抓她也不意外，她就是窗口，就是keyman」。知情人士指出，邱嘉平在環評會中以吳家開發公司代表身分與會，但整場多由鍾嘉村與其他廠商主導發言，邱本人多保持沉默。不過，與部落聯繫、對外窗口，以及與縣府相關單位聯絡、追蹤進度等工作，據稱多由邱負責。知情人士形容，邱嘉平「就是吳家的代表」，「傳聞她被找去偵訊時，吳俊立『臉色大變』？的確是該大變，因為她就是keyman」，邱嘉平就是上連通吳俊立、吳秀華，下連通各縣府機關與部落，「她怎麼可能不知道案件？」至於邱嘉平究竟是吳俊立、吳秀華或東利開發的助理，知情人士分析，外界雖稱她為吳秀華助理，但即使邱是由議會支薪、配給吳秀華擔任助理，只要相關人員間沒有異議，也沒有太大的違法問題，「只是傳出來不大好而已」。知情人士也坦言，「其實大可以用『議長代表』與會，但可能問題會更大」。環評書記載，「東映國際休閒渡假村」規劃設置308間客房，包括休閒會館299間、Villa 9間，並結合台東、知本及卑南地區條件，發展有機慢活休閒渡假，區內整體設計則以推廣有機飲食理念為方向，搭配多元休閒活動及渡假環境。邱嘉平參與環評時簽名。（擷取自環境部網站）邱嘉平參與環評時簽名。（擷取自環境部網站）    ,https://news.ltn.com.tw/news/society/breakingnews/5540822
台南快速道路5大小車連環撞 10傷送醫,社會,2026/08/15 14:05,台84線玉井、大內交會路段發生連環車禍，10人受傷送醫。（民眾提供）台南台84線東西向快速道路大內、玉井交會路段今天下午發生5部大小車輛連環撞的意外，消防隊全力救援，有10人受傷，緊急送醫，意識都清楚；現場初步了解，4部轎車正依序停等紅燈，剛出走馬瀨隧道口的大貨車剎車不及，滑行追撞導致，確切肇事原因調查中。事件發生在下午1點左右，位於走馬瀨農場出入口往玉井方向的十字路口，約38公里處附近，現場肇事車輛包含1部大貨車與4部轎車，由於是週休假期，有的全家出遊，造成10人受傷。請繼續往下閱讀...南市消防局獲報，立刻調派10車、19人趕往救援，大內、官田、玉井、六甲、楠西、麻豆等分隊救護車陸續將10名傷患送往麻豆新樓、柳營奇美等醫院，目前都意識清楚，不過一些傷者年紀較大，以擔架上救護車，肇事原因正由警方進一步釐清。台84線玉井、大內交會路段發生連環車禍，消防隊全力搶救。（民眾提供）台84線走馬瀨隧道口附近的玉井、大內交會路段發生連環車禍，消防隊全力搶救。（民眾提供）台84線玉井、大內交會路段發生連環車禍，消防隊全力搶救，緊急將傷者送醫。（民眾提供）    ,https://news.ltn.com.tw/news/society/breakingnews/5540837
屏東3月嬰午睡突昏迷送醫搶救3天不治 托嬰中心3名托育人員列被告,社會,2026/08/15 13:53,托嬰中心工作人員至靈堂致歉。（民眾提供）屏東縣某托嬰中心本月5日發生3個月大男嬰午睡無心跳，搶救3天於父親節宣告不治，男嬰告別式將於明（16）日舉行，家屬傷心表示「明天本來是孩子滿4個月要收涎日子，沒有想到卻發生不幸」；托嬰中心的工作人員今（15）日前往靈堂致歉。屏檢也指出，3名相關托育人員已以過失致死罪嫌列被告，全案偵辦中。屏東縣政府社會處本月5日下午4時許，接獲托嬰中心通報指一名3個月大的新入托幼童於午睡後出現肢體發紺、無心跳等現象，送醫時呈現到院前心肺功能停止（OHCA），經醫療團隊緊急處置後，仍於8月8日搶救無效不幸過世。請繼續往下閱讀...男嬰家屬今（15）日在律師陪同下發出聲明表示，案發當下於屏縣及高市的醫院，涉案老師均未道歉，也未向家長說明孩子在托嬰中心的情況，甚至家屬也無法看到前半段監視器，導致家長需為釐清確切死因時程，不得不忍痛同意進行「司法解剖」，此舉對遭逢失子巨慟的家屬而言，實在是難以承受的二次傷害，痛心疾首。就在家屬發表聲明前，托嬰中心多位工作人員現身靈堂，向家屬鞠躬致歉，家屬相當傷心，希望他們明天公祭也要到場。家屬也透露，因為只有看到後半段監視器，因此不知男嬰喝完奶後的狀況，比如是否有拍嗝？是否有趴睡？側睡？棉被蓋住口鼻？但是事發後，曾經有托育人員向他們坦承，因為孩子在哭，所以有把孩子翻過來趴睡，希望司法能調查清楚，讓真相大白。    ,https://news.ltn.com.tw/news/society/breakingnews/5540816
冷倉龍頭「裕國」前董座病逝 「每月5萬」照顧費喊停！前妻告遺孀討2076萬,社會,2026/08/15 13:43,裕國冷凍是國內最大低溫倉儲業者。（民眾提供）裕國冷凍是國內最大低溫倉儲業者，前董事長楊連發2023年病逝後，生前與林姓前妻約定每月5萬元「生活照顧費」也中斷，林女為此提告楊的黃姓遺孀與3名子女，台中地院審理認定，這筆照顧費並非一般離婚贍養費，而是林女放棄夫妻剩餘財產請求權代價，判決黃女等人應在繼承楊遺產範圍內，連帶給付林女1215萬元生活照顧費及861萬1616元藝術品價金，全案仍可上訴。判決指出，楊連發與林姓前妻於2014年1月13日簽署離婚協議，約定楊自隔月起至2044年1月止，每月5日前匯款5萬元給林女作為生活照顧費，總計360期、1800萬元，並簽發本票作為擔保。請繼續往下閱讀...林女表示，離婚後楊連發生前都按月履約，直到2023年8月病逝，9、10月仍分別收到楊名下公司及楊的黃姓遺孀匯來的5萬元，此後再也沒有收到款項，她認為既然協議約定給付30年，即使楊死亡，仍應由繼承人在遺產範圍內負責，因此要求給付2023年11月至2044年1月剩餘243期、共1215萬元。黃女等人則抗辯，這筆錢實質上是離婚後扶養、贍養費，屬於楊個人義務，應隨死亡消滅，本票債權也一併失效；至於藝術品交易，也否認存在相關契約，法官認為，從協議內容及證人證詞可知，雙方約定1800萬元分360期支付，實質是補償林女放棄夫妻剩餘財產請求權代價，並非一般離婚贍養費，因此楊死亡後尚未給付部分仍屬債務，繼承人應在遺產範圍內負責。另，林女主張楊連發2018年以1500萬元買回石川欽一郎油畫「九九峰」，約定2021年起分期支付，但楊僅付450萬元，尚欠1050萬元，法院認定雙方成立債務承認契約，一審判黃女等人應在繼承楊遺產範圍內，連帶給付林女1215萬元生活照顧費及861萬1616元藝術品價金，仍可上訴。    ,https://news.ltn.com.tw/news/society/breakingnews/5540750
陳幸妤台中七期房產「聯聚方庭」抱12年賠賣 實賠恐逾800萬元,社會,2026/08/15 13:40,陳幸妤去年將2012年以8750萬元買進的台中七期豪宅，以8500萬元轉手，持有12年帳面小賠250萬元，實際恐損逾800萬。（記者蔡淑媛攝）前總統陳水扁女兒陳幸妤，去年將2012年以8750萬元買進的台中七期豪宅，以8500萬元轉手，持有12年帳面小賠250萬元，但房仲業分析，陳幸妤在12年的持有期間還得負擔地價稅、房屋稅、管理費等成本，她實際損失恐超過800萬元。陳幸妤2012年砸8750萬元買下台中豪宅「聯聚方庭」，高樓層37樓特殊戶，該大樓總高39樓、基地1177坪，她購入的戶別坪數167.29坪，屬次頂樓景觀戶，房屋一直維持毛胚屋狀態，外界認為當初購入主要是投資考量。請繼續往下閱讀...買進隔年就掛網出售，開價一路從9800萬元上下調整，2021年一度喊價最高達1.18億元，卻始終未能成交，前後一賣就是12年，最後卻以低於原始購入價的8500萬元出售，投資12年認賠出場。2025年6月，該戶終於找到買家，以8500萬元成交，換算每坪約50.8萬元，以帳面價差計算，陳幸妤當年8750萬元購入，如今8500萬元出售，表面上賠250萬元；以七期豪宅次頂樓、167坪的條件來看，每坪50.8萬元的成交價相對實惠，買方算是撿到便宜，但新買家今年6月底再轉手，卻是加價2000萬，以1.05億元出脫。對照陳幸妤貸款購入後贈與前夫趙建銘做為診所，根據地籍異動資料顯示，該筆當初由她扛下的千萬房貸已於2025年7月份全數清償完畢，目前該處房產已無任何負債設定，外界懷疑陳幸妤賠售七期豪宅來清償貸款，離婚時間也可能在那時候。陳幸妤2012年砸8750萬元買下台中豪宅「聯聚方庭」，高樓層37樓特殊戶。（記者蔡淑媛攝）    ,https://news.ltn.com.tw/news/society/breakingnews/5540787
蘆洲警查獲暗營賭場棋牌社 會同公安小組強斷水電,社會,2026/08/15 13:26,新北市政府公安稽查小組，今天會同市警局蘆洲分局等單位，查獲經營賭場的棋牌社，強力斷水斷電，展現政府公權力及淨化治安決心。（記者吳仁捷翻攝）新北市蘆洲區一處休閒會館，對外以棋牌社當掩護，暗中經營賭場，被警方查獲後仍死灰復燃，警方起動第三方警政，通報新北市公安稽查小組，今天假日不打烊，會同警察局、消防局、經發局、工務局及台灣水公司、台電等單位，到這處違法場所強制斷水斷電，展現公權力、淨化社區治安決心。警方調查，蘆洲區中山一路這處休閒會館對外宣稱提供麻將等休閒娛樂服務，掛羊頭賣狗肉，暗中招攬不特定賭客大開地下賭場，牟取可觀不法利益；蘆洲警分局長期蒐證後，今年5月7日到該址查獲非法賭博行為及相關賭資，現場涉案人員均依法送辦、裁罰，所有權人違規部分，移送新北市經發局等主管機關依權責裁處。請繼續往下閱讀...警方表示，為免該場所成為治安死角，杜絕業者假借休閒娛樂，變相賭博，蘆洲分局啟動第三方警政，報請新北市政府公安小組，依法對建物供水、供電行政處分。今天行動時，店內仍有多名顧客，業者被查獲後仍違規經營，市政府強勢執法作為，維護轄區治安、遏止不法場所衍生犯罪。蘆洲警分局長王耀輝說，警方將持續檢討，掃蕩轄內易衍生治安、經營不法場所，高密度臨檢、情蒐，主動出擊、強力執法；警方強調，對違法情事依法究辦外，更結合市政府「第三方警政」，徹底斷絕不法營業空間，呼籲不法業者勿心存僥倖。新北市政府公安稽查小組，今天會同市警局蘆洲分局等單位，查獲經營賭場的棋牌社，強力斷水斷電，展現政府公權力及淨化治安決心。（記者吳仁捷翻攝）新北市政府公安稽查小組，今天會同市警局蘆洲分局等單位，到蘆洲這處查獲賭場的棋牌社，強力斷水斷電，展現政府公權力及淨化治安決心。（記者吳仁捷翻攝）警方提供新北市政府公安稽查小組，今天會同市警局蘆洲分局等單位，查獲經營賭場的棋牌社，強力斷水斷電，展現政府公權力及淨化治安決心。（記者吳仁捷翻攝）新北市政府公安稽查小組，今天會同市警局蘆洲分局等單位，查獲經營賭場的棋牌社，強力斷水斷電，展現政府公權力及淨化治安決心。（記者吳仁捷翻攝）新北市政府公安稽查小組，今天會同市警局蘆洲分局等單位，查獲經營賭場的棋牌社，強力斷水斷電，展現政府公權力及淨化治安決心。（記者吳仁捷翻攝）    ,https://news.ltn.com.tw/news/society/breakingnews/5540783
北市信義區小客車右轉開入對向車道  撞上等紅燈公車,社會,2026/08/15 13:24,謝姓男子駕駛轎車行經信義區忠孝東路5段，在右轉22巷時，不慎開入對向車道，車頭直接撞上正在巷口停等紅燈的公車。（記者鄭景議翻攝）40歲謝姓男子今日上午9時28分許駕駛轎車行經信義區忠孝東路5段，在右轉22巷時，不慎開入對向車道，車頭直接撞上正在巷口停等紅燈的公車。強烈撞擊造成謝男手腳擦挫傷，所幸公車司機與車上10多名乘客全數平安無事，確切事故原因仍待警方釐清。警方調查，謝男今日上午開著轎車，沿著忠孝東路5段由西往東方向行駛，當車輛行經忠孝東路5段22巷口準備向右轉彎時，疑似未注意車前狀況且轉彎幅度偏離車道，車頭當場猛烈撞擊停放在22巷口、由49歲蕭姓男子駕駛正等待綠燈的公車。兩車車頭相撞發出聲響，也引起路過民眾側目拍攝上傳網路，一度被誤傳為兩輛公車相撞。請繼續往下閱讀...轄區信義分局交通隊員警接獲報案迅速趕抵現場，除了協助手腳受到輕微擦挫傷的謝男進行包紮處置，也立即在現場拉起警戒並進行交通疏導。經員警現場檢測，兩名駕駛的駕籍資料都完全正常，現場進行酒測及毒篩，排除了酒駕與毒駕的情形。警方表示，本起事故詳細的肇事原因以及責任歸屬，目前已經交由交通警察大隊進行進一步的分析採證。警方特別呼籲，駕駛人開車上路時應時刻保持專注，隨時注意車前路況，在轉彎或駛入巷弄時，切勿未依規定開入對向來車道，以避免發生碰撞意外，保障自身與別的用路人的生命財產安全。    ,https://news.ltn.com.tw/news/society/breakingnews/5540779
台鐵列車乘客飆罵三字經 解除運送契約送法辦,社會,2026/08/15 13:07,涉嫌滋擾男子被警方帶離南港站（記者劉慶侯翻攝）臺鐵1131次列車，今日上午發生有名男性乘客莫名情緒激動，在列車上不時口出穢語，引起其他旅客緊張，即使女列車長出面制止，對方依然以粗暴態度應對。最終列車長依法解除運送契約，警方則將被依違反鐵路法函送地檢署究辦。鐵警局表示，今（15）日上午7時47分許，鐵路警察局南港所獲報，臺鐵1131次列車上有男性旅客行為異常、不時自言自語，並對其他乘客和出面制止的列車長有粗俗三字經辱罵行為。女性列車長並不時警告要解除運送契約，但反遭更多次污言穢語。請繼續往下閱讀...警方抵達現場發現該男言語失序，情緒激動，為預防其本人及他人生命、身體及公共安全之危害，故先行對其施以保護管束。並在南港車站由警方戒護下車。鐵警局隨後檢視網路社群媒體目擊民眾攝錄影片，發現這男子有辱罵列車長行為，已涉嫌違反鐵路法68-4條，以強暴脅迫恐嚇方法妨害鐵路從業人員執行業務，全案調查後函移士林地檢署偵辦。    ,https://news.ltn.com.tw/news/society/breakingnews/5540764
北市大安區通安街攤販清晨起火 蔓延波及超商,社會,2026/08/15 13:01,台北市大安區通安街一處民宅一樓旁邊的攤販，於上午6時52分許冒出火煙。（記者鄭景議翻攝）台北市大安區通安街一處民宅一樓旁邊的攤販，於上午6時52分許冒出火煙，火勢隨後蔓延波及旁邊的便利超商。台北市消防局接獲報案後，火速出動大批消防車輛與救災人員趕赴現場灌救，順利於27分鐘內將火勢完全撲滅，現場沒有造成人員受傷。消防局指出，今日上午6時52分接獲民眾通報，指稱通安街一棟五層樓建築物一樓旁邊的攤販發生火災，火速指派指揮車7輛、消防車17輛、救護車2輛及救災人員65人馳赴現場搶救。救災同仁抵達現場後，發現攤販已經冒出濃煙與火舌，並且一路延伸燒到隔壁超商，隨即拉起水線全力部署灌救，順利於上午7時19分控制並撲滅火勢。請繼續往下閱讀...經過消防人員逐層搜索與確認，現場並沒有任何人員受困或傷亡。這起火災造成攤販部分爐具與桌椅遭燒毀，隔壁超商的屋外招牌與室內貨架也受到波及被燒壞，整體燃燒面積總計約4平方公尺。詳細的起火原因以及確切起火點，仍待火災調查科進一步採證與鑑定釐清。    ,https://news.ltn.com.tw/news/society/breakingnews/5540760
三鶯線亮刀驚魂畫面曝！男不滿背包遭踢 勇父護女當場壓制,社會,2026/08/15 12:55,新北捷運三鶯線今天上午傳出亮刀驚魂，報案人（黑背心、見圖）護女，死擰住亮刀嫌犯的右手腕，將他壓制在地，三峽警方趕抵將陳嫌逮捕歸案。（記者吳仁捷翻攝）捷運三鶯線臺北大學站今日上午驚傳持刀糾紛，陳姓嫌犯只因不滿隨身包包遭四歲女童踢到，與女童父親發生口角，陳男疑認對方將對自己不利，從褲子右後方口袋取出一把美工刀，但報案人為保護四歲幼女、家人，見狀立即上前死命擰住嫌犯右手腕，當場壓制，並要旁人報警；警方到場當場逮捕，更查出陳嫌另涉及傷害案件通緝，當場依法逮捕，所幸整起事件無人受傷。警方表示，今日上午10時38分許接獲報案，指稱三鶯線臺北大學站內有民眾持刀發生糾紛，且現場人員已將持刀男子壓制，三峽派出所副所長王士豪隨即率員趕赴現場處理。請繼續往下閱讀...警方初步調查，報案人帶4歲女兒等家人出遊，幼女疑不慎踢到陳男隨身攜帶的包包，雙方發生口角爭執；過程中，陳男疑認報案人疑要對其不利，遂從褲子右後方口袋取出一把美工刀，報案人見狀立即上前將陳男壓制，並通知警方到場。警方進一步向報案人了解並初步查證，陳男當時雖已將美工刀取出，但刀刃尚未推出即遭報案人制伏，因此現場並未造成人員受傷，逮捕嫌犯查扣美工刀，帶回派出所進一步調查。警方查證身分後發現，陳男另涉及臺北地方檢察署於今年6月12日發布之傷害案件通緝，警方當場依法逮捕，並將其帶返派出所偵辦，進一步鑑定精神狀況。三峽分局表示，本案陳男涉嫌持刀恐嚇行為，將依恐嚇危害安全罪嫌移送新北地方檢察署偵辦，至於雙方衝突經過及相關法律責任，仍待警方進一步調查釐清。新北捷運三鶯線今天上午傳出亮刀驚魂，三峽警方趕抵將陳嫌逮捕歸案。（記者吳仁捷翻攝）新北捷運三鶯線今天上午傳出亮刀驚魂，三峽警方趕抵將陳嫌逮捕歸案。（記者吳仁捷翻攝）新北捷運三鶯線今天上午傳出亮刀驚魂，三峽警方趕抵將陳嫌逮捕歸案。（記者吳仁捷翻攝）新北捷運三鶯線今天上午傳出亮刀驚魂，三峽警方趕抵將陳嫌逮捕歸案。（記者吳仁捷翻攝）三鶯線中陳嫌掏出美工刀（見圖），被勇父制伏。（記者吳仁捷翻攝）    ,https://news.ltn.com.tw/news/society/breakingnews/5540755
屏東3月嬰入托3天送醫不治 家長心碎：請縣府助查閱完整監視器畫面,社會,2026/08/15 12:53,從監視器畫面顯示男嬰（中間嬰兒床）踢腳似在掙扎，托育人員們在旁疑未發現。（民眾提供）3個月大男嬰本（8）月3日入托評鑑優等的屏東市某家托嬰中心，卻在第3天午睡時失去心跳，送醫搶救後在8日父親節當天宣告不治，父母心痛不已，今（15）日在律師陪同下發出聲明指出，至今仍無法調閱托嬰中心案發當日前半段監視器畫面，請求縣府協助。男嬰家屬聲明指出，目前只有看到托嬰中心案發當日後半段監視器畫面，至今仍無法調閱前半段監視器畫面，因此仍不知孩子喝完奶後的狀況，比如是否有拍嗝？是否有趴睡？側睡？棉被蓋住口鼻？從後半監視器畫面看出「為什麼男嬰腳踢掙扎、有老師從旁經過，都無法發現異狀？」托嬰中心的優等評鑑如何取得？應全面檢討托嬰中心，別讓下一個孩子受害。請繼續往下閱讀...聲明指出，因家長至今都不知道死因，網路上有諸多推測，如男嬰感冒仍送至托嬰中心等不實謠言，許多人多次對家長表示要低調處理較好，否則恐有違法之虞，因此家長先前都未發聲，但家長仍要真相，也懇請社會各界持續監督、關注該案進展，讓社會不要再有下一個心碎家庭。受家屬委託的律師龔書翩表示，依托嬰中心監視錄影設備設置及資訊管理利用辦法第八條規定，托嬰中心因托育照顧爭議事件應提供監視器畫面，又偵查不公開指的是「檢警調及涉案人」不得洩漏偵查秘密給第三人。但縣政府社會處依照《兒少法》進行的是「行政調查」，家屬更是案件的法定被害人與利害關係人，社會處本來就必須依法協助家屬查閱影像。此外，該案審議會要等到9月才會進行，速度過慢，請縣府給「裁處時程表」，不是空泛表示會裁處而已，讓家長能夠安心。男嬰家屬在律師龔書翩（左）陪同下，發出聲明要求真相。（記者羅欣貞攝）    ,https://news.ltn.com.tw/news/society/breakingnews/5540752
SUP、橡皮艇3玩家鼻頭角遇強流漂外海 海巡艇火速馳援,社會,2026/08/15 12:40,3名分別操作2艘SUP立式划槳及1艘橡皮艇的遊客，今天上午受困鼻頭角海域。海巡署艦隊分署澳底海巡隊巡防艇，將3人與載具接載上艇後，載送至平穩海域。（海巡署提供）3名分別操作2艘SUP立式划槳及1艘橡皮艇的遊客，今天（15日）上午在新北市鼻頭角海域戲水時遇強勁海流，無法自行划回岸上，受困在距岸約0.5浬處。海巡署艦隊分署澳底海巡隊獲報出動35噸巡防艇馳援，將3人接載上艇後，均無大礙，並順利引導至平穩水域平安脫困。海巡署第二巡防區指揮部表示，今天上午9時許接獲民眾撥打「118」專線求助，有3人在鼻頭角海域遇強勁海流，無法自行返岸後，立即指派艦隊分署澳底海巡隊線上巡防艇趕赴現場，同時通報北部分署第二岸巡隊鼻頭安檢所協助搜尋。請繼續往下閱讀...鼻頭安檢所執勤人員接獲通報後，運用「紅外線熱影像系統」掃描海面，迅速在鼻頭角外海約0.5浬處，發現3名待援民眾後予以定位後，通報線上PP-3591巡防艇前往救援。澳底海巡隊巡防艇抵達現場後，海巡人員合力將3人及2艘SUP、1艘橡皮艇接載上艇；經初步檢查，3名民眾身體狀況良好，均未受傷，考量現場海流仍強，將3人及載具載往海流較平穩的龍洞岸際附近，再讓3人自行操縱載具划回岸上。澳底海巡隊呼籲，暑假期間從事SUP、橡皮艇或游泳等水域活動極為熱門，民眾下水前應審慎評估自身體能，並密切關注風浪及海流等天氣海象資訊，建議民眾出發前可善用「GoOcean海洋遊憩風險資訊平台」查詢，且活動時務必穿著救生衣並攜帶必要安全裝備。若在海上遭遇強流，或突發狀況無法自行返岸，切勿冒險，應立即撥打海巡「118」報案專線求助。3名分別操作2艘SUP立式划槳及1艘橡皮艇的遊客，今天上午受困鼻頭角海域。海巡署艦隊分署澳底海巡隊巡防艇，將3人與載具接載上艇後，載送至平穩海域。（海巡署提供）3名分別操作2艘SUP立式划槳及1艘橡皮艇的遊客，今天上午受困鼻頭角海域。海巡署艦隊分署澳底海巡隊巡防艇，將3人與載具接載上艇後，載送至平穩海域。（海巡署提供）3名分別操作2艘SUP立式划槳及1艘橡皮艇的遊客，今天上午受困鼻頭角海域。海巡署艦隊分署澳底海巡隊巡防艇，將3人與載具接載上艇後，載送至平穩海域。（海巡署提供）3名分別操作2艘SUP立式划槳及1艘橡皮艇的遊客，今天上午受困鼻頭角海域。海巡署艦隊分署澳底海巡隊巡防艇，將3人與SUP與橡皮艇接載上艇後，載送至平穩海域。（海巡署提供）    ,https://news.ltn.com.tw/news/society/breakingnews/5540741
捷運三鶯線持刀對峙一度停駛 警壓制男子竟是通緝犯,社會,2026/08/15 12:27,試乘中的新北捷運三鶯線今天驚傳民眾掏刀糾紛。（資料照）首次上稿 11:21更新時間 12:27（新增案情、通緝犯）試乘中的新北捷運三鶯線今（15）日驚傳亮刀案，一度僵持，警方獲報趕抵壓制持刀嫌犯，安全起見，將乘客都疏散下車，新北捷運一度停駛台北大學站往頂埔的列車，所幸無人受傷；三峽警分局表示，現場為旅客搭車糾紛，兩人激烈口角後，其中一人掏出美工刀，雙方對峙，警方趕抵扣刀、壓制嫌犯，查出嫌犯為傷害通緝犯，將進一步釐清犯案動機。請繼續往下閱讀...據了解，新北市110及消防局於今天上午10時36分獲報，三鶯線捷運列車上傳出乘客間糾紛，一名嫌犯掏出美工刀揮舞，與一名被害人僵持對峙，由於適逢暑假，不少親子及遊客搭乘三鶯線捷運出遊，乘客目睹這一幕都嚇得逃出車廂走避，男子仍持續持刀揮舞，三峽警方獲報趕抵壓制。據了解，嫌犯為傷害通緝犯，之前也因傷害案未到案被通緝，疑似身上習慣帶刀，警方仍待偵訊，釐清動機，將依傷害罪嫌送辦，解送新北地檢署歸案。    ,https://news.ltn.com.tw/news/society/breakingnews/5540669
從信件到鈔票 破解紙本潛伏指紋祕密,社會,2026/08/15 12:19,"寧海德林法（Ninhydrin）—— 紫色奇蹟此法針對紙張增顯指紋的主要方法之一。其藥劑與汗液中的胺基酸反應生成紫紅色的 Ruhemann’s Purple，在自然光下即可用肉眼辨識。（記者劉慶侯翻攝）想從信件、鈔票或合約書這類紙張上採到關鍵指紋，無法像電視劇那樣拿毛刷刷一刷就浮現。由於紙張纖維會吸附汗水與油脂，刑事鑑識人員則是循跡證需要，選擇5種化學反應「滲透顯影」技術，才能讓潛伏指紋無所遁形。「寧海德林（Ninhydrin，又稱紫色奇蹟）」是目前最廣泛使用的試劑。鑑識人員將試劑噴灑或浸泡在紙張上，寧海德林會與指紋殘留的胺基酸反應，經過約24小時常溫放置或烘箱加熱，指紋便會呈現紫紅色。此法問世超過半世紀，至今仍是信件、牛皮紙袋等滲透性表面的首選，微小指紋也能清楚顯現。請繼續往下閱讀...為了對付更微量或陳年的指紋，鑑識單位導入DFO（1,8-二氮-9-芴酮）與茚二酮。這類試劑同樣與胺基酸作用，但產物需透過藍綠雷射或特定波長光源激發，才會發出強烈螢光。所以這技術又被稱為「螢光捕手」。優點是能避開紙張本身印刷油墨的干擾，靈敏度比寧海德林更高，在彩色雜誌頁或偽造文件上特別管用。「硝酸銀法」是早期常用的技術，也算是歷史級老將。原理是銀離子與汗液中的氯離子結合，經紫外線或強光照射後還原成黑色金屬銀，使指紋呈黑褐色。不過硝酸銀具腐蝕性，且可能干擾後續DNA鑑驗，加上文件容易泛黃受損，目前僅列為輔助選項，較少單獨使用。當指紋遺留的主要是皮脂油脂而非胺基酸時，前述化學法容易失靈，此時改用「物理顯影法」。這是一種含銀微粒的液態試劑，銀粒子會選擇性吸附在指紋的不溶油脂上，讓指紋形成深灰色影像。此法特別適合處理遭水浸濕、揉搓或殘留大量油脂的紙張，甚至是流通已久的舊鈔票。所以也被稱為「油污剋星」。「碘燻法」是最古老的非破壞性顯現技術。鑑識員將碘晶體加熱昇華，碘蒸氣會暫時附著在指紋油脂上，形成黃褐色圖案。由於碘會迅速揮發，指紋在數分鐘內便會消失，因此必須立即拍照，或以澱粉等材料固定。碘燻法常被當作現場快篩，先確認指紋位置，且不會永久改變文件原貌，是對紙張等證物最「無損快篩」的手法。鑑識人員表示，目前實務上重大案件會採「序列處理」流程：依序進行DFO、寧海德林，最後才用物理顯影，可大幅提高陳舊紙本證據的指紋採獲率。凡走過必留下痕跡，靠著這套科學流程，紙張上的隱形指紋已難逃法眼。獨家》老婦在美遭詐近9千萬！10餘枚指紋讓「台灣車手集團」現形    ",https://news.ltn.com.tw/news/society/breakingnews/5540650
交出網銀密碼慘背495萬巨債  高雄「神隱女」非故意也得全賠,社會,2026/08/15 12:10,女子被詐495萬元。款項一匯入帳戶，隨即被詐騙集團領走。示意圖（資料照）一念之差交出網銀密碼，竟背上近500萬元巨債！高雄胡姓女子因輕信網路不詳男子「林雙祿」，不僅依指示設定網銀約定轉帳，還將合作金庫的網銀代號與密碼用LINE傳給對方。詐騙集團隨即利用該帳戶作為吸金工具，誘騙另一名張姓女子下載偽造的「瑞源行動APP」投資股票，短短半個月內瘋狂吸金495萬元並轉匯一空。橋頭地院審理後，判決胡女必須全額賠償原告495萬元。判決指出，張女誤信投資謊言，於前年5月24日至6月11日期間，先後發動5次密集匯款，金額分別為100萬、60萬、75萬、160萬、及100萬，總計495萬元。款項一匯入胡女帳戶，隨即被詐騙集團洗錢轉走。請繼續往下閱讀...張女驚覺受騙後向警方報案，胡女成為唯一曝光的詐團共犯，被張女提告求償所有損失，胡女經法院合法通知，卻採取鴕鳥心態，始終未到場主張說明，亦未提出書狀陳述。橋頭地院法官認定，胡女身為成年人，可預見交付網銀密碼會成為洗錢工具，卻仍容任其發生，具備「幫助詐欺之不確定故意」。法官強調，縱使胡女未參與後續詐騙，也沒分到任何贓款，仍須與詐騙集團連帶負擔賠償責任。本案可上訴。    ,https://news.ltn.com.tw/news/society/breakingnews/5540723
新竹香山女騎士遭撞輾頭身亡 駕駛肇逃棄車三姓橋火車站,社會,2026/08/15 12:10,新竹市香山元培街女騎士頭部遭汽車碰撞及輾過送醫不治，而汽車駕駛肇逃，警方已鎖定特定人士追緝中。（記者洪美秀翻攝）新竹市香山區元培街與元培街22巷路口，昨晚（14日）晚間7時42分許，發生機車與欲左轉汽車碰撞車禍，48歲楊姓女騎士遭撞後頭部被汽車輾過，頭部嚴重受創，經送醫急救仍不治。而汽車駕駛則肇事後逃逸，警方也發布汽車肇逃的影片，並已鎖定特定人士，籲汽車駕駛出面釐清車禍發生原因。新竹市第三警分局與消防局獲報有重大交通事故，救護車抵達現場時，48歲楊女所騎乘的普通機車已被撞得稀爛，而楊女雖有戴安全帽，但頭部遭碰撞的汽車輾過，頭部嚴重受創，經送醫仍不治。警方也調閱路口監視器發現，楊女所騎機車直行元培街，但在22巷路口，與欲左轉的汽車發生碰撞，結果汽車駕駛將楊女輾過往火車站方向肇事逃逸。請繼續往下閱讀...警方表示，楊女頭部遭輾過，當場OHCA，經送醫仍不治。而肇事的汽車在逃逸後將車停放在三姓橋火車站前，但車上無駕駛。警方已調閱監視器，並鎖定特定人士，展開追緝，並呼籲肇逃的轎車駕駛出面釐清車禍發生原因。新竹市香山元培街女騎士頭部遭汽車碰撞及輾過送醫不治，而汽車駕駛肇逃，警方已鎖定特定人士追緝中。（記者洪美秀翻攝）新竹市香山元培街女騎士頭部遭汽車碰撞及輾過送醫不治，而汽車駕駛肇逃，警方已鎖定特定人士追緝中。（記者洪美秀翻攝）    ,https://news.ltn.com.tw/news/society/breakingnews/5540717
2個女人被同個詐團毀了！她網戀被騙660萬 驚見面交車手也是「為愛犯罪」,社會,2026/08/15 12:08,警方逮捕詐騙女車手。（記者洪定宏翻攝）47歲林姓女子認識不曾謀面的「網路男友」，被對方以「共創未來」為由，誘騙投資虛擬貨幣660萬元。警方逮捕收取林女款項的43歲呂姓女車手，她也是為了愛情，寧願當男友的詐騙車手。高雄警方指出，前鎮分局草衙派出所8月7日接獲林女報案，指她透過網路交友認識男子，對方每天噓寒問暖、甜言蜜語，取得信任後，再以「一起投資、共創未來」為由，誘騙她投資虛擬貨幣，並傳送獲利假象，導致她已多次面交及轉帳共660萬元。請繼續往下閱讀...由於「假男友」的詐騙集團持續聯繫林女，要求她8月13日晚間再面交220萬元「加碼投資」。警方事先在鳳山區部署埋伏，逮捕到場收款的呂女，她竟否認是詐騙車手，辯稱「我只是幫男朋友工作」。原來呂女也是透過網路認識男友，對方推薦她從事「外務工作」，再依指示收款；警方依洗錢防制法與詐欺罪嫌法辦呂女。    ,https://news.ltn.com.tw/news/society/breakingnews/5540720
吸毒男便利商店鬧事 消費者制止爆衝突而挨刀,社會,2026/08/15 12:06,警方逮回莊姓男子依殺人未遂等罪嫌送辦。（圖由警方提供）桃園市23歲莊姓男子今天凌晨0點多，涉嫌吸食毒品後，在蘆竹區1處便利商店鬧事，當時在店內消費的林姓男子見狀出言制止，與他爆發口角，之後莊男離開，見林男等人尾隨著他，竟拿刀刺傷林男腹部，幸林男傷勢不重，迅速與友人聯手壓制莊男，警方趕來逮人，已依殺人未遂等罪嫌將莊男送辦。警方調查得知，莊男在南崁路1處便利商店與林男爆發口角後，先行離開，林男與友人憂心莊男後續可能返回便利商店找碴，尾隨在後，莊男發現後，雙方再度爆發衝突，拉扯過程中，莊男拿出預藏尖刀刺向林男腹部，幸林男傷勢不重，迅速壓制莊男並報警。請繼續往下閱讀...警方趕抵後，除逮回莊男偵訊，也通報消防隊員趕來將林男送醫治療，警方說，採集莊男尿液送驗後，結果呈現依托咪酯、安非他命、K他命等毒品陽性反應，訊後已依殺人未遂、傷害、毒品危害防制條例等罪嫌，將他移送桃園地方檢察署偵辦。    ,https://news.ltn.com.tw/news/society/breakingnews/5540725
詐騙金流1年逾50億台幣！台美日加僑民成目標 詐團假投資派車手取款,社會,2026/08/15 11:59,刑事警察局。（資料照）旅居美國徐姓老婦遭台灣車手前往美國詐騙近300萬美金案，台北市警局與刑事局組成專案小組追查，經過濾逮獲的台籍車手通信資料，意外發現這一支詐欺集團，是專門針對旅居或定居美、日、加的台灣人和中國人進行詐欺，一旦被鎖定，則立即派遺假扮成投資專員前往取款。更令警方震驚的是，專案小組根據車手以虛擬貨幣匯出到藏身中國、台灣的幕後集團金流循線追查，近一年內居然高達逾50億元新台幣以上，顯示國人即使已定居海外，仍受猖獗的詐騙集團侵害，損失金額也令人咋舌。請繼續往下閱讀...由台北地檢署指揮台北市警察局、刑事警察局二大隊、刑事鑑識中心、北市刑警大隊、萬華分局、大安分局等單位共同聯合組成的專案小組，是根據在假投資憑證上鑑驗取得的歹徒指紋，自6月間以剝絲抽繭方式逐步進行清剿，至8月上旬，陸續逮獲涉案約20餘名犯嫌。警方過濾逮獲的每一名嫌犯手機及電腦通聯資料和匯款訊息，發現旅居美國加州的徐婦被訛騙案並非單一案例，還有移民美國、日本、加拿大等地區的的台灣人和中國人受騙，且都是金額動輒千萬元以上的鉅額款項。警方根據蒐證的近一年資金流向，發現贓款泰半是匯往中國為主，台灣、柬埔寨為次，總數額經匯兌換算逾已50億元新台幣左右。同時，警方根據車手通話紀錄：「錢都已匯往426（諢語意指死大陸人）了」，顯示這一支詐騙集團極有可能是「中台不法份子聯合犯罪模式」。意即被害人是台灣人，便由台灣派出車手。若是中國人即由中國車手前往。獨家》老婦在美遭詐近9千萬！10餘枚指紋讓「台灣車手集團」現形高獲利都是詐騙。（記者劉慶侯翻攝）    ,https://news.ltn.com.tw/news/society/breakingnews/5540649
獨家》老婦在美遭詐近9千萬！10餘枚指紋讓「台灣車手集團」現形,社會,2026/08/15 11:54,警方專案小組根據返台報案的徐婦所提供的17份假投資憑證，以專業科學鑑驗在紙張憑證上篩出歹徒指紋，確認是由多名台灣籍車手赴美作案。（記者劉慶侯翻攝）旅居美國的徐姓老婦在加州疑遭台灣詐欺集團騙走300萬美金案，警方專案小組根據返台報案的徐婦所提供的17份假投資憑證，以專業科學鑑驗在紙張憑證上篩出歹徒指紋，確認是由多名台灣籍車手赴美作案。警方近日陸續抓獲約20餘名具有竹聯幫或詐欺背景的車手。全案仍在持續擴大查緝偵辦中。這是我國警方首次破獲有組織性由台灣車手遠赴美國取款案件。警方表示，這一支由台籍車手組成的車手集團，去年間鎖定徐婦為對象後，即以每三人為一組和梯次，專程前往徐婦定居的加州住處周邊租屋，每天都前往觀察和記錄對方的生活起居，一旦幕後集團訛騙徐婦成功要求面交現金或黃金時，便指揮監控她的車手出面取款。請繼續往下閱讀...警方調查，這一支詐欺集團自去年9月起至今年1月8日止，至少派出約3、4組車手前往加州，每一組車手滯美約1個月左右，共計17次面交取款，順利取得總額近300萬美元和黃金（折合損失約8926萬新台幣）。由台北市警局和刑事局組成的專案小組，是以專業科學鑑證手法，從返台報案的徐婦提供的17分完整封存的假投資憑證中，採擷篩檢出10餘枚指紋，經以指紋鑑識系統比對，順利檢出多名具有竹聯幫身分，或是有詐欺前科紀錄的犯嫌，確認這宗在美國犯罪的案件為台籍人士所為。警方專案人員在6月份進行第一波查緝，先突襲逮獲3名涉案犯嫌；隨後根據對方通信紀錄再次清查，逐步濾出車手集團其他份子，繼而利用7月下旬的一次大型掃蕩，在台北和中部地區，再清剿出20餘名涉案成員。專案小組調查，車手在取得贓款後，在當地便立即轉換成虛擬貨幣，分批匯往台灣、中國、柬埔寨等國家，車手身上幾乎沒有存留任何多餘贓款，以致贓物金流不易追蹤追查。在美國加州定居已近30年的8旬徐婦，因家屬多在台灣，所以平日利用網路平台關注國內和親友情況。不料近期因晶片大佬黃仁勳旋風，和股市接連大漲訊息，她因此被「假投資」詐欺集團盯上。徐婦因登門取款的男子都是操台語口音，且提供的是繁體中文書寫的收據及授權書，徐婦於是5月間在親屬建議下，返回台向警方報案，並提供17份封存好的收據及授權書，供警方進行指紋採擷取證比對，結果查出確實為我國籍犯嫌。詐騙金流1年逾50億台幣！台美日加僑民成目標 詐團假投資派車手取款從信件到鈔票 破解紙本潛伏指紋祕密    ,https://news.ltn.com.tw/news/society/breakingnews/5540648
連吃8罰單！魚販雙手甩髒水潑警 法官引憲判認定無罪,社會,2026/08/15 11:51,潘姓魚販違規擺攤賣魚，一連被開了8張罰單後，將雙手髒水潑灑至警員臉部，被檢方依妨害公務、侮辱公務員及公然侮辱罪嫌起訴。基隆地院認為僅屬一時情緒宣洩，未達「強暴」程度，判決潘男無罪。（記者林嘉東攝）基隆市潘姓男子今年4月間違規擺攤賣魚，一連被警員開了8張罰單後，一時氣憤，將雙手髒水潑灑至警員臉部，並伸手推開員警，被檢方依妨害公務、侮辱公務員及公然侮辱罪嫌起訴。基隆地院審理後，認為潘男行為屬一時情緒宣洩，未達「強暴」或「足以干擾公務執行」程度，且未逾越一般人合理忍受範圍，判決潘男無罪。檢方起訴指出，潘男今年4月24日上午6時許在基隆市成功一路、光一路口違規擺攤，基隆市警一分局忠二路派出所警員到場勸導不聽後，對潘男連續開出8張罰單。潘男明知員警依法執行職務，竟基於妨害公務與侮辱犯意，將雙手髒水潑甩至員警臉部，並伸手推員警。請繼續往下閱讀...法院審理時，潘男指出，他當時要跟警員拿罰單，沒有用手推警員，因為生氣，才會將手上的水彈向警員，沒有侮辱的意思；法官勘驗警方身上的密錄器影像，與詰問開單警員，發現潘男當時並無伸手推員警的動作，警員亦證稱，潘男僅是碰到他的雨衣。判決指出，刑法妨害公務罪的「施強暴」需有積極攻擊或反制對抗行為，潘男伸手拿罰單時，觸碰員警及甩水，僅屬於消極抗拒與情緒宣洩，並未妨礙員警後續執行公務，不構成妨害公務罪。至於，侮辱公務員與公然侮辱部分，依憲法法庭113年憲判字第3號及第5號判決意旨說明，人民因被取締處罰發生的負面言行，國家應適度容忍。潘男因短時間內連續被開了8張罰單，基於氣憤而做出甩水的行為，時間極為短暫，未達到明顯干擾警方指揮或執行公務的程度，亦未實質貶損員警的社會名譽或人格尊嚴。法官認為，檢方提出的證據不足以證明潘男有施加強暴或嚴重貶損名譽之犯罪事實，基於無罪推定原則，依法判處潘男無罪。可上訴。    ,https://news.ltn.com.tw/news/society/breakingnews/5540697
兒子一週只給千元零用錢 8旬老母「上訴失敗」離家出走,社會,2026/08/15 11:42,蔣姓老婦爭取零用錢失敗離家出走，頂著烈日步行四小時被員警尋獲。（民眾提供）8旬蔣姓婦人的兒子每個禮拜給老母一千元當零用錢，老母覺得太少不夠花，「上訴」多要錢被拒後，竟負氣離家出走，頂著高溫烈日下徒步長達4小時，差點中暑，幸員警即時尋獲，助老母平安返家。警方指出，家住橋頭的蔣姓老婦，丈夫過世後，家裡經濟大權由兒子執掌；日前兒子打算每個禮拜給老母一千元當零用錢，三餐仍由兒子支付，但老母覺得菜市場一件衣服最便宜都要200元，1千元根本不夠花，她向兒子爭取多要一點零用錢，沒想到被拒絕。請繼續往下閱讀...老母愈想愈氣，直接離家出走抗議，家人發現老母失蹤，焦急前往橋頭分駐所報案，橋頭與甲圍兩所獲報後，立即頂著烈日兵分多路展開協尋。員警沿街搜尋，在橋頭新市鎮的新東三街口路邊發現蔣姓老婦蹤影，當時蔣姓老婦因長時間曝曬已體力不支、險些中暑，見到員警時更忍不住不斷訴說受氣過程；員警耐心傾聽並溫柔安慰，隨即遞上飲用水消暑，並以巡邏車先將老婦接返派出所休息。焦急趕抵的兒子見母親平安無事，激動地連連向辛苦的員警致謝，也讓這場家庭紛爭暫告一段落。    ,https://news.ltn.com.tw/news/society/breakingnews/5540680
「老婆睡旁邊」他被控硬上前女友 法官列關鍵疑點判無罪,社會,2026/08/15 11:32,陳姓男子被控在妻子面前，性侵未成年前女友小曼。基隆地院以無積極證據佐證陳性侵小曼，判他無罪。示意圖，與本案無關。（資料照）基隆市陳姓男子被控在妻子面前，無視躺在地板上的前女友小曼（化名）拒絕及用腳反抗，仍強行撫摸後，性侵得逞。基隆地院審理後，認為案發當時陳男妻子也在房內床上，小曼若遭陳男性侵，可以求助陳妻或聯繫男友自救，且陳妻也證稱，未聽到陳性侵小曼，依「罪證有疑、利於被告」原則，判決陳男無罪。檢方起訴指出，小曼前年9月間與男友吵架，當晚凌晨1時許，跑去找前男友陳男時，陳與陳妻已同床就寢；小曼進入陳與陳妻房間後，獨自躺在屋內地板涼蓆上滑手機，陳下床後，詢問妻子「我可不可以和她發生性行為」，妻回稱：「沒差，我已經習慣了」；接著，陳被控無視未滿18歲的小曼，口頭拒絕及用腳反抗，以棉被蓋住小曼的頭阻止她反抗後，撫摸小曼胸部、下體後，性侵得逞。請繼續往下閱讀...事後，小曼打電話向男友求救離開陳住處後提告。檢方調查認定，陳男涉犯兒童及少年福利與權益保障法及強制性交罪等罪，將他起訴。法院審理時，陳雖坦承當晚有與小曼發生性行為，但堅稱雙方是合意性交。陳的辯護人則主張，小曼事後未驗傷報警，且案發時陳男妻子同在房間內，若有強暴脅迫情事不可能毫無察覺，本案僅有小曼單一指控，缺乏其他陳涉犯強制性交罪的積極證據。合議庭審理後認為，案發時陳妻在屋內床上，小曼從未向黃女求助，且小曼當時自願進入陳男夫妻房間，在房內地板上滑手機時，有暢通管道可聯絡男友，加上陳妻也證稱，未聽到先生性侵小曼；陳男是否施以強制力控制小曼的行動及意願，顯有疑義。判決指出，雖然小曼男友證稱，小曼被他接走時情緒激動，以及群組對話紀錄顯示陳男曾向小曼道歉，但無法證明陳男當晚有違反小曼意願發生性行為，認定檢方所提證據無法達到使一般人均確信有罪的程度，基於「罪證有疑、利於被告」原則，依法判決陳男無罪。可上訴。    ,https://news.ltn.com.tw/news/society/breakingnews/5540660
反應時間只剩1.66秒？砂石車撞死89歲阿嬤 法院判駕駛無罪,社會,2026/08/15 11:29,砂石車輾斃闖紅燈婦人，法官判無罪。（民眾提供）彰化縣鹿港鎮鹿和路發生一起死亡車禍，一名89歲阿嬤步行穿越馬路時，遭砂石車當場輾斃，該案經彰化地院審理後，法官認定砂石車駕駛在綠燈亮起時起步，阿嬤卻違規闖紅燈，突進入砂石車前方，讓駕駛無法預料與防範，因此判決被告無罪，全案仍可上訴。車禍發生於2023年12月19日上午10時30分，砂石車張姓駕駛開到鹿和路三段與鹿和路620巷口停等紅燈，他等到號誌轉為綠燈時起步，撞上當時未行走行人穿越道、逕行左轉穿越馬路的蔡姓阿嬤，造成頭顱破裂、胸廓粉碎性骨折，當場因創傷性休克死亡。請繼續往下閱讀...檢方依據被告供述、道路監視器與行車紀錄器畫面、車輛行車事故鑑定報告等證據，認定被告未於起步前確實查看右照地鏡與右側照鏡，涉有刑法過失致死罪嫌。駕駛人自綠燈亮起至車輛開始移動約2.142秒，自移動至碰撞約0.51秒，合計約2.65秒；被害人踏入快車道至碰撞約2.176秒，倒推被害人約於綠燈後0.48秒踏入可由右前照地鏡或右側凸面鏡觀察之範圍，故認為被害人在車輛起駛前約有1.66秒處於可見範圍，被告觀察時間偏短，為肇事次因。砂石車駕駛需查看正前方、左右照後鏡、右前照地鏡、車側及車後輔助影像等多個視野，不可能同時觀察，視線離開某鏡面後即無法察覺其後出現之人車。法官表示，該案經公路局車鑑會鑑定及覆議會覆議，均一致認定被告無肇事因素。理由在於被害人未依規定穿越道路，且於綠燈起步時突然變向進入車道，此為被告難以預料及防範的突發狀況。因此判處被告無罪。    ,https://news.ltn.com.tw/news/society/breakingnews/5540672
摔落5層樓高邊坡 埔里虎頭山27歲單車女騎士幸運保命,社會,2026/08/15 11:27,女騎土摔落虎頭山15公尺深道路邊坡，消防人員進行檢傷。（消防局提供）南投縣埔里鎮知名登山健行步道虎頭山，今天清晨7時許傳出1名27歲女子騎自行車不慎摔落15公尺約5層樓高的道路邊坡，消防局派員前往救援，女子幸運僅臉部有明顯外傷、左膝蓋受傷疼痛，送醫救治後無生命危險。消防人員表示，山路部分路段陡升，發生事故路段是一處陡坡且為彎道，民眾在山區騎自行車應注意安全，避免分心或太累發生意外。請繼續往下閱讀...南投縣消防局今天清晨7時許，獲報埔里鎮虎頭山有民眾騎自行車不慎摔落15公尺深道路邊坡，立即派遣中心碑分隊、埔里分隊出動救助器材車、救護車及消防人員6名，攜帶繩索、鈎環、SKED等裝備趕赴現場救援。消防人員到場時，發現摔落邊坡的27歲女騎士意識清醒，坐在山坡樹林間可清楚對話，但無法自行脫困，遂啟動救助器材車的油壓吊臂下放救護人員，在接觸女騎士後初步檢傷，其臉部有明顯外傷、左膝蓋多處挫傷疼痛，經吊掛回路面並做必要包紮處置後送往台中榮民總醫院埔里分院救治已無大礙。受傷女騎士在消防人員協助下，吊掛上路面。（消防局提供）消防局救助器材車油壓吊臂下放救護人員，救援摔落坡女騎士。（消防局提供）女騎士摔落15公尺深邊坡，左膝受傷。（消防局提供）    ,https://news.ltn.com.tw/news/society/breakingnews/5540656
騷擾54天！變態人夫拿裸胸照威脅PO網 法院判賠10萬,社會,2026/08/15 11:26,高雄變態男取得被害人裸露胸部的私密照片後，開始瘋狂追求跟蹤騷擾。（情境照）高雄市蔡姓已婚人夫前年3月間，以不詳方式取得一名成年女子裸露胸部的私密照片後，開始瘋狂追求跟蹤騷擾，自同年3月30日至5月23日間，展開長達54天的瘋狂轟炸。他反覆利用FaceTime及兩支行動電話，傳送該私密照，並狂言「每天看著你的照片DIY」、「是要玩3P嗎？」等粗鄙且帶有性騷擾意味的文字。眼見女子不從，蔡男更使出外流手段恫嚇，連環傳訊「我先傳給你看，等我全部Po FB」、「你叫我Po的，所以序文要寫什麼？」，甚至按表操課瘋狂撥打電話，強行干擾並要求聯絡，導致女子每日活在私密照隨時被公諸於世的極度恐懼中，日常生活與社會活動遭到嚴重破壞。請繼續往下閱讀...受害女子因身心受創，依法提起訴訟，向蔡男索賠精神慰撫金60萬元。法院審理期間，蔡男經合法通知未到場辯論，亦未提出任何書狀作聲明或陳述，法院傳訊被告配偶證述及相關事證，認定被告犯行。橋頭地院法官審酌，蔡男為一己私利，違反被害人意願進行干擾與強迫追求，其加害手段惡劣、動機卑劣，且騷擾時間長達近兩個月，已對被害人造成巨大的精神痛苦。在權衡兩造年齡、社會地位及資力等一切情狀後，認原告精神損害賠償以10萬元為適當，全案仍可上訴。    ,https://news.ltn.com.tw/news/society/breakingnews/5540642
桃園通緝犯拒盤查持刀揮舞還割頸 警方合力制伏,社會,2026/08/15 11:22,警方查獲王姓男子（右）因案通緝。（圖由警方提供）因案被通緝的桃園市42歲王姓男子，昨天（14日）下午近2點，因行跡詭異，在桃園區民生路巷內被員警攔下盤查，他不配合且想跑，過程中先拿出水果刀與辣椒水噴霧劑作勢攻擊員警，再用刀割劃自己頸部，還好員警聯手制伏他，才結束一場虛驚。桃園警察分局武陵派出所員警巡邏時，發現王男與友人在巷內聊天，看到警方時顯得緊張，便趨前盤查2人，豈料王男不配合，藉故要去找老婆，就想離開，員警見狀，通報支援警力，王男聽到後，突然拔腿狂奔，一度還企圖搭友人的機車逃離。請繼續往下閱讀...警方說，王男被拉下車後，竟拿出水果刀揮舞，作勢攻擊員警後，再持刀割劃自己頸部，噴灑辣椒水要脅員警不得靠近，還好支援警力趕抵後，員警聯手將王男制伏，奪下水果刀與辣椒水噴劑；王男經消防隊員檢查無大礙後，已被警方依法究責。王姓男子持水果刀作勢攻擊員警還割劃自己頸部。（圖由警方提供）    ,https://news.ltn.com.tw/news/society/breakingnews/5540668
獨家》探勘遭虎頭蜂圍攻！生還女「體無完膚」急轉送中榮,社會,2026/08/15 11:09,蜂毒相當可怕。（資料照，取自北市動保處）登山協會幹部深入墾丁國家公園未開放山林探勘遭虎頭蜂猛烈圍攻，造成2死1傷。今日（15日）凌晨4時12分，搜救人員冒雨徹夜搬運搶救下山的55歲張姓女子，被緊急送往衛生福利部恆春旅遊醫院救治。醫院檢視發現，張女四肢、背部及臉部均有密密麻麻的多處嚴重蜂螫痕跡，全身幾乎體無完膚，醫療團隊隨即展開全力救治。恆春旅遊醫院緊急為張女進行各項醫療檢查與抽血分析，報告結果卻令人怵目驚心。由於遭大量蜂毒入侵，張女出現嚴重的急性毒性反應與腎臟功能受損，血液數值極度異常，評估可能需要洗腎治療。請繼續往下閱讀...考量到地方醫院醫療資源有限，醫療團隊經評估後不敢大意，於今日上午8時許安排救護車，將傷勢嚴重的張女緊急轉送至醫療設備完善的台中榮民總醫院，如需要可能進行洗腎與後續專科救治。醫療人員也提醒，山區虎頭蜂毒性強勁，若遭大量蜂螫易引發過敏性休克或急性腎衰竭，後續病情變化仍需持續密切觀察。    ,https://news.ltn.com.tw/news/society/breakingnews/5540651
女控網友性侵喊「不要」60次  錄音揭情趣還提醒戴套,社會,2026/08/15 11:03,女網友控黃姓男子約會強暴，卻被法官發現她提醒黃男戴套。示意圖（資料照）女網友小雨（化名）指控黃姓網友約會強暴，並拿出錄音檔，聲稱她喊「不要」60多次仍被硬上，提告求償120萬，法官勘驗錄音發現，女方語氣親暱撒嬌、主動要求戴套，認定屬合意調情非性侵，判小雨敗訴；小雨不服上訴並加碼求償金額至150萬元，仍被二審法官駁回。判決指出，2021年間，小雨玩手機遊戲時結識黃姓男子，2023年4月，兩人相約在高雄見面並前往黃男住處。小雨控訴，黃男不斷勸酒並強行壓制脫褲，過程中她明確喊出「不要」、「不行」、「不可以」高達60多次，但仍被性侵得逞，事後因創傷後壓力症候群就醫。請繼續往下閱讀...小雨提告刑事性侵獲不起訴後，再向黃男提起民事侵權訴訟，求償醫療費與慰撫金共120萬餘元。橋頭地方法院審理時，法官勘驗錄音檔，發現兩人從咖啡廳回到住處調酒、搶棉被打鬧，氣氛一直十分親暱。前戲長達30多分鐘的過程，小雨雖口頭喊「不要」，但語氣均帶有笑意與撒嬌口吻，甚至主動要求黃男「戴保險套」、「快點去戴」，完事後，黃男還載她前往高鐵站搭車、陪同購票，全程互動如一般情侶。法官還發現，小雨女事發後隨即傳訊息給當時交往的男友，坦承「我拿到被強迫發生關係的證據，可以怎麼毀他」，顯示她早有預謀搜證報復的心態。法官認定，一般性侵被害人多處於恐懼與抵抗狀態，但本案錄音呈現的是男女情感糾葛下的半推半就與情趣拉扯，口頭「不要」並非實質拒絕，小雨無法證明黃男有違背意願的強制行為，判她敗訴。小雨不服上訴二審，並將求償金額從120萬餘元拉高至150萬元，高雄高分院審理時，二審法官一樣認定兩人行為呈現正常情感互動，小雨主張無理由，駁回小雨之訴，全案仍可上訴。    ,https://news.ltn.com.tw/news/society/breakingnews/5540615
紘鼎開發違法排放廢污水 犯罪所得逾45億元,社會,2026/08/15 10:41,紘鼎開發工程公司私設管線長期排放含有重金屬的廢污水到鄰近田地。（資料照，記者鄭淑婷翻攝）桃園市蘆竹區紘鼎開發工程公司負責人陳姓男子率同員工私設管線，將含有重金屬的廢污水，長期排放到鄰近的台61線道旁田地，桃園地檢署2022年8月間指揮偵辦後，起訴陳男等9人，估計犯罪所得超過45億餘元，桃園地方法院已依違反水污染防治法等，判處陳男有期徒刑5年2月，其餘被告分別判處有期徒刑3年10月到1年不等。桃檢起訴指出，陳男經營地下工廠收置廢棄物後，會將部分廢棄物倒入污泥池，再私設管線，將廢污水排放到鄰近田地，經檢警環團隊科技蒐證，2022年8月24日晚間前往搜索，確認工廠從2021年11月起，就開始將含有害健康物質、超出水污染防治法放流水標準值的污泥與廢污水，排放到田地。請繼續往下閱讀...桃檢偵結後，依水污染防治法、廢棄物清理法、刑法等，起訴紘鼎公司及陳男等9人，檢方指出，陳男等人犯罪所得超過45億元，其中，應支出而未支出的清除處理費、即「消極利益」約43億餘元，收受土方、廢土或廢污泥所取得的「積極利益」部分則超過1億7000萬元。桃院判處陳男有期徒刑5年2月，併科300萬元罰金，法官指出，陳男貪圖不法利益，完全無視可能造成下游農地與水文環境的污染與破壞，已侵害環境法秩序與公共利益；其餘被告分別判處有期徒刑3年10月到1年不等，紘鼎與合作的運輸公司則共科300萬元罰金。陳姓男子收置廢棄物並將部分廢棄物倒入污泥池，再透過私設管線直接排放到鄰近田地。（資料照，記者鄭淑婷翻攝）檢警環團隊查獲紘鼎開發工程公司私設管線長期排放含有重金屬的廢污水到鄰近田地。（資料照，記者鄭淑婷翻攝）    ,https://news.ltn.com.tw/news/society/breakingnews/5540623
獨家》出風谷遭蜂群圍攻！她悲痛還原現場：友人吐一句「我不行了」倒地,社會,2026/08/15 10:37,遭蜂群攻擊三人都是登山救難老將。（小花雨來菇提供）登山協會幹部深入恆春半島未開放山林探勘遭虎頭蜂襲擊，釀成傷亡，獲救的55歲張姓女子回憶起13日發生的慘劇，仍心有餘悸。根據消防搜救人員轉述張女證言，3人當時在完全未見到蜂窩的情況下突遭大量虎頭蜂猛烈狂襲，隨後展開一場生離死別的絕望逃生，同行張男在臨終前更痛苦吐出一句「我不行了」，隨即失去意識，場面極為悲慘。張女向搜救人員透露，13日下午3人在出風谷一帶進行探勘，不料突然遭到蜂群狂暴圍攻。危機時刻，64歲的顏男選擇就地尋找掩護躲避，她與69歲的張男則一路奮力奔跑逃命，但身上仍被猛烈蜂螫。逃離蜂群核心後，張女第一次撥通電話聯繫顏男，當時顏男尚能虛弱回應；然而當她第二次再撥打時，電話已再無人接聽。請繼續往下閱讀...令人心碎的是，一路與她奔逃的張男最終也抵擋不住身上密集的毒針，走沒多久便因嚴重蜂螫而傷勢惡化，在虛弱說出「我不行了」之後便陷入昏迷失去意識。面對兩名夥伴接連倒下，孤立無援的張女只能憑藉最後一口氣，獨自不斷朝海邊出風鼻方向拚命逃離，並持續透過電話發出求救訊號，才終於在搜救隊連夜搶救下保住一命。屏東縣消防局第四大隊指出，目前搜救人員正根據張女提供的定位資訊，全力搜尋張男的下落，但截至目前為止尚未有人員接觸到張男；至於顏男受困的地點因蜂群威脅極大，搜救隊必須等待人員全副武裝穿著完整補蜂裝備後，才能深入該山區進行搜尋，警消與搜救力量正與時間賽跑，全力推進搜救進度。空勤支援找尋吊掛死傷者。（民眾提供）    ,https://news.ltn.com.tw/news/society/breakingnews/5540600
台中暗夜驚魂！保時捷自撞四輪朝天突冒火 火煙狂竄嚇壞民眾 ,社會,2026/08/15 10:26,保時捷休旅車自撞翻覆後突起火燃燒。（民眾提供）台中市西屯區14日深夜驚傳火燒車！一輛保時捷休旅車行經路口時，不明原因突然偏移，先撞上路旁停放轎車，猛烈撞擊後整輛車四輪朝天翻覆，隨即竄出熊熊火煙，遭撞轎車還波及3部機車及另1輛轎車，所幸駕駛自行脫困，無人受傷。事故發生在深夜近12點，撞擊巨響劃破寧靜街區，翻覆的黑色保時捷休旅車橫躺在雙黃線上，四輪朝天，周邊零件散落，更不斷自底冒出火焰與濃煙，消防人員趕抵後拉水線灌救，第六分局西屯派出所獲報也立即派員到場，同步進行交通疏導及現場管制，直到今天凌晨1時40分才完成排除，恢復道路通行。請繼續往下閱讀...經查，30歲賴男當時駕駛保時捷休旅車行經上石路與智惠街口時，突然偏移撞上路旁停放轎車，遭撞轎車再往前推撞，波及停放在路旁三部機車及另1輛轎車，保時捷則因撞擊翻覆隨即起火燃燒，所幸賴男自行脫困，未受傷。警方對賴男實施酒測值為0，現場也未發現違禁物品，後續將進一步調查行車狀況、撞擊原因及相關責任，六分局提醒駕駛人上路前應確認人車狀況，行駛時務必專心注意路況，避免因一時疏忽釀成事故。消防人員趕抵灌救。（民眾提供）保時捷休旅車碰撞路旁轎車後翻覆瞬間。（民眾提供）    ,https://news.ltn.com.tw/news/society/breakingnews/5540535
深夜開罰21件！豐原警祭出新神器 引導車輛「進分局停車場」檢驗,社會,2026/08/15 10:24,豐原分局添購執法利器「酒毒駕LED攔檢指示牌」，透過醒目文字及燈號結合路檢攔查勤務。（警方提供）台中市警局豐原分局為強化取締酒駕與毒駕，於日前添購執法利器「酒毒駕LED攔檢指示牌」，透過醒目文字及燈號結合路檢攔查勤務，提醒各駕駛人切勿以身試法，以提升執法效能及嚇阻效果。昨（14）夜查獲失聯外籍移工1名，並查獲酒駕3件（拒測2件、公共危險1件）及舉發交通違規4件、重大違規無照駕駛2件，展現科技輔助成效。豐原分局昨夜結合環保及監理單位專業人力，攔查中山路沿線疑似改裝、噪音擾民及排氣異常車輛，除由員警進行交通檢查外，並同步實施噪音及排氣檢驗，此次勤務將攔查地點設置於中山路豐原警分局駐地停車場內，利用駐地作為安全檢測場域，讓攔查車輛進入後接受完整檢測，避免違規車輛藉由道路車流或周邊路口脫離查察範圍。請繼續往下閱讀...環保局對於檢驗不合格之車輛，依「噪音管制法」裁處7200元罰鍰，計取締2件，對於排氣檢驗不合格計取締4件，依「空氣污染防制法」予以裁處3000元罰鍰；監理站則針對改裝排氣管、設備損壞不予修復，依「道路交通管理處罰條例」第16條規定，處900元以上1800元以下罰鍰，計取締4件，另改裝頭燈依同條例第18條規定處2400元以上9600元以下罰鍰，計取締2件，共計取締違規車輛21件。豐原分局分局長謝建國呼籲，請民眾聚餐飲酒後應選擇以代駕、計程車或大眾運輸工具，切勿心存僥倖酒後上路，更嚴禁吸毒駕車觸犯刑法。☆飲酒過量 有害健康 禁止酒駕☆豐原分局攔查中山路沿線疑似改裝、噪音擾民及排氣異常車輛，引導進入豐原警分局停車場內，接受完整檢測。（警方提供）    ,https://news.ltn.com.tw/news/society/breakingnews/5540533
《新楓之谷》轉蛋Bug狂刷1010次 女玩家62萬帳號遭鎖求償敗訴,社會,2026/08/15 10:12,吳姓女玩家卡遊戲Bug刷虛寶遭封號，怒告網友卻敗訴。（資料照）吳姓女玩家利用《新楓之谷》推出的轉蛋機漏洞獲取虛寶，並將儲值逾62萬元帳號借給柯姓網友協助卡Bug，導致帳號遭永久封鎖，吳女提告求償62萬，但法官查出吳女借出帳號前，就已自行違規88次，判吳女敗訴。判決指出，《新楓之谷》於2023年11月舉辦「幸運糖果」活動時出現漏洞，玩家每日限抽3次，但登出再登入即可重複抽獎。吳女發現後，將帳號密碼交給柯男幫忙操作。事後該帳號累計異常轉蛋高達1010次，遭遊戲橘子判定屬惡意濫用漏洞「情節重大」，依法終止合約並永久鎖定。請繼續往下閱讀...吳女不滿提告柯男，要求他賠償62萬餘元，高雄地方法院審理時，柯男辯稱，是吳女主動提供帳密，且吳女自己在交出帳號前就已違規操作，帳號被鎖與他後續的操作無關。法官向遊戲橘子函調紀錄，遊戲公司回覆，該活動7天正常上限僅能抽21次，超過即認定違規；而紀錄顯示，吳女在將帳密告知柯男前，其角色就已單日操作轉蛋機達88次，已逾正常上限4倍之多。法官認定，即使柯男後續未協助操作，單憑吳女先前的違規行為就足以導致帳號被永久封鎖，柯男的行為與帳號遭鎖的損害結果間缺乏「相當因果關係」，因此駁回吳女請求，可上訴。    ,https://news.ltn.com.tw/news/society/breakingnews/5540567
音樂人偷吃女大生！老婆生日陪小三開房 全家遊日約北海道私會,社會,2026/08/15 10:09,音樂工作者山姆（化名）偷吃女大生，被老婆抓包生日當天竟還出軌。示意圖。（資料照）馬來西亞籍人妻發現音樂人丈夫偷吃女大生，不僅把小三帶回婚床拍性愛片，全家赴日旅遊時還私會小三，人妻翻拍家中iPad性愛影片提告，法官認定翻拍證據有效，判丈夫與小三連帶賠償20萬元。判決指出，音樂工作者山姆（化名）與妻子結婚後生下一子，2024年間，山姆透過交友軟體結識踢踢（化名），兩人迅速墜入愛河並多次發生性關係。交往期間，山姆不但帶踢踢回家在床上拍攝口交及性愛影片，連妻子生日當天，山姆拋下妻子與踢踢開房，甚至趁全家去日本玩時，偷偷安排踢踢飛往北海道接力甜蜜同遊。請繼續往下閱讀...去年5月，妻子翻看丈夫的iPad，赫然發現大量出遊與裸露性愛影像，氣得提告求償100萬元。高雄地方法院審理時，踢踢辯稱通姦已除罪，配偶權不受民法保障；山姆則辯稱 ，妻子未經授權登入iPad翻拍影像屬於違法取得證據，應予排除。法官認為，通姦除罪化不代表婚姻誠實義務消失，配偶權仍受法律保障，且侵害配偶權行為極具隱密性，被害人舉證困難，妻子登入家中iPad翻拍，未採用強暴脅迫等侵害人格權手段，符合比例原則，認定具備證據能力。考量雙方社經地位與侵害情節，判決山姆與踢踢應連帶賠償20萬元，可上訴。    ,https://news.ltn.com.tw/news/society/breakingnews/5540583
單親媽兼差拉客介紹「吹不戴」 拉到警察這下慘了,社會,2026/08/15 10:07,基隆市黃姓女子為了扶養2個孩子，兼職媒介男客從事性交易，遭喬裝男客的警察查獲。（資料照）基隆市黃姓女子平日從事餐飲業，為了扶養2名未成年子女，兼職拉男客媒介從事色情交易；未料拉客時，拉到喬裝成男客的員警，當場遭警方逮捕送辦。基隆地院審理後，考量黃女坦承犯行，且須扶養2名小孩，依黃女犯圖利媒介性交罪判處2月徒刑，得易科6萬元罰金。判決指出，黃女今年3月11日晚間8時46分許，在基隆市仁愛區某巷弄間，向喬裝成顧客的警員媒介性交易，推銷民宅內有3名女子可供選擇，並說明「全套」性交易收費方式為每人每次台幣1200元至1300元不等。請繼續往下閱讀...警員蒐證後，當場表明身分將黃女逮捕，並扣得屋內未使用的21個保險套、計時器及潤滑液等物品。黃女在警詢及偵訊時否認犯行，辯稱自己當天只是休息、「帶小孩去整理房間」，隨口回答警員問題而已，並非媒介男客從事性交易。但檢察官檢視，警員蒐證的錄音譯文，發現黃女熟練地介紹「吹不戴，做戴」、「要廁所嗎？」、「三個啦，你要哪一個」等語，因此不採信其說詞，依法提起公訴。法院審理時，黃女坦承犯行，法官審酌法官黃女平常任職餐飲業，為了扶養2名未成年子女，兼職媒介男客從事性交易，依圖利媒介性交罪判處黃女2個月，得易科罰金3萬元。可上訴。    ,https://news.ltn.com.tw/news/society/breakingnews/5540580
IKEA新莊店前驚傳砍人！醉男嫌排氣管太吵 撞倒騎士再揮刀,社會,2026/08/15 09:57,新北市新莊IKEA前，14日晚間傳出黃姓嫌犯僅因不滿前方騎士機車改裝太吵，憤而騎車撞倒，並掏刀砍傷金姓年輕騎士，警方當場查扣鋒利水果刀，查獲黃嫌酒駕與殺人未遂等罪嫌，依法送辦。（記者吳仁捷翻攝）IKEA新北市新莊店驚傳衝撞砍人案，就在一旁的新莊派出所員警獲報行車糾紛趕抵，發現一名機車騎士受傷，員警連忙制止持刀砍人的嫌犯黃男，起出一把水果刀；警方調查，黃嫌辯稱不滿金男的機車排氣管太大聲，騎車衝撞後再掏出水果刀砍傷金姓男子受傷，路人見狀報案，將傷者送醫幸無大礙，警方逮補後依殺人未遂現行犯送辦黃嫌，並建請檢方羈押。據了解，警方於14日晚間8時40分獲報，路人指稱IKEA前機車待轉區，歹徒持刀攻擊騎士，新莊分局立即派遣一旁新莊所員警趕抵，當場奪刀壓制行兇的黃男，先將遭砍傷的20歲金姓男子送醫，所幸到院並無大礙。請繼續往下閱讀...40歲黃嫌落網後情緒乖張、整身酒味，他辯稱騎乘機車途經該處，聽見前方騎士機車排氣管改裝太吵，憤而衝撞撞倒金男，黃嫌更從機車置物箱掏出一把水果刀，攻擊刺向金男，造成金男左手及左背撕裂傷，所幸到院檢傷後，未傷及要害，沒有生命危險。黃嫌落網後，辯稱不滿騎士改裝排氣管太大聲，但被害人金男說，根本不認識黃嫌，無故遭撞砍傷，還說機車排氣管為正常改裝；警方對黃男酒測，酒測值達0.15mg/L，偵訊後依公共危險、未遂、傷害、妨害自由、毀損等罪嫌，移送新北地檢偵辦，避免黃嫌再度危害民眾。    ,https://news.ltn.com.tw/news/society/breakingnews/5540579
陳幸妤轟爆趙建銘！ 網狂敲碗：想看五妃街封路演「鍘美案」,社會,2026/08/15 09:45,陳幸妤（左）與前夫趙建銘。（本報資料照）前總統陳水扁愛女、牙醫師陳幸妤近期在前夫趙建銘診所Google留下一星評論，自爆25年婚姻畫下句點，並控訴對方對家人醫療敷衍，還在診所與護理師糾纏不清，引發外界熱議。昨日大量網友針對趙建銘的診所負評被消失，但網路上有網友提議，是否能請明華園在診所附近封路演「鍘美案」，引發大批網友討論，有人考量到預算，建議可以找其他戲團合作，甚至有人直接秀出已經私訊知名劇團詢價的截圖，讓網友直呼「可惡好想看戲」、「要集資的話我出5000」。鍘美案又稱《秦香蓮》或《明公斷》，為傳統戲曲的一個經典劇目。內容講述窮苦書生陳世美為求取功名日夜苦讀，妻子秦香蓮為了丈夫前程，一肩扛起家計。不料陳世美高中狀元後，竟瞞著已婚的事實成為駙馬，秦香蓮帶著一雙子女入京尋夫，陳世美竟不認糟糠妻與子女反將她們轟出去，甚至派手下進行追殺。之後秦香蓮找到包青天告狀，包青天不顧太后和公主阻攔，請出尚方寶劍，以龍頭鍘（火龍鍘）處斬陳世美。請繼續往下閱讀...昨日在threads上有網友就發文詢問「如果我要請明華園在台南五妃街封路演鍘美案有機會嗎？」該文發出後引發大量討論，不僅有超過17萬次瀏覽，留言也超過500則。只見網友紛紛建議「陳世美不可以穿古裝，要穿醫師袍」、「直接申請五妃廟？ 她們幾位應該很久沒看戲了」、「應該先找好，等他回來直接開演，來個無縫接軌」、「若需要集資請大力放送，台南人肯定踴躍贊助」、「來個＜鍘美藝術節＞，舞台打好，讓各團輪番上陣，覺得很不錯耶」、「封五妃街比較不現實，個人是建議申請封府連路靠法華寺香客大樓那段比較有機會」。也有網友敲碗「如果公堂上秦香蓮把Google一星評論印出來扔在陳世美臉上的話我出8000元」、「要集資的話我出5000」、「春美歌劇團不只能演陳世美劇碼，連所有大家集結的梗，都能演出來，他們胡撇戲超厲害的！」，還有網友直接貼出已經私訊「春美歌劇團」詢問價位的留言截圖，讓網友直呼「太棒了！希望能辦成！」也有網友大讚「擺戲台嘴人，台灣京都名不虛傳XD」、「台南遍地樂子人」、「可惡好想看戲，我是說看戲」、「臺南人果然是臺灣的京都人，損人不開口罵人，直接請一台歌仔戲去你家街路演戲。對了！可以參與集資嗎？」其中一名網友也提出專業務實的建議「明華園總團沒有這齣戲，請總團來演等於還要新編老戲，戲金可能爆預算」、「建議可以請南部在地大團，春美、秀琴或是明華園天字，都是長期外台民戲訓練，區區鍘美案那是信手拈來，俗擱大碗的同時人氣也不輸總團，絕對可以吸引北中南眾多鄉民戲迷圍觀」、「追求精緻一點的公演那就請薪傳，這幾年薪傳內台售票的鍘美案有口皆碑，酸人又兼顧藝術性才更媠氣」，該則留言引發大批網友按讚，也被原PO置頂。在threads上有網友就發文詢問「如果我要請明華園在台南五妃街封路演鍘美案有機會嗎？」該文發出後引發大量討論，有網友直接貼出已經私訊「春美歌劇團」詢問價位的留言截圖，讓網友直呼「太棒了！希望能辦成！」（圖擷自threads）    ,https://news.ltn.com.tw/news/society/breakingnews/5540529
印度一家四口遊台遇驚魂 女童走散平安尋回,社會,2026/08/15 09:36,印度籍女童台北車站走失，捷警迅速協尋助團圓。（記者劉慶侯翻攝）印度籍一家四口來台自由行，搭乘捷運行經台北車站時，4歲女兒不慎與家人走散，捷運警察隊員警主動發現旅客神情徬徨，立即上前關懷並提供協助，順利讓一家人平安團聚。警方表示，捷運警察隊一分隊警員陳政源、丘博元，是前日在台北車站執行守望勤務，發現外籍旅客神情徬徨，經主動上前關懷，才知是印度籍男子與妻子帶著兒子、女兒來台旅遊，行經臺北車站時，4歲女兒不慎與家人走散。請繼續往下閱讀...捷警立即通報捷運公司各站協尋，並依家屬描述女童可能行經的路線，分別前往台北車站及中山地下街等處尋找，不久後，捷警接獲捷運公司通知，女童已由熱心民眾帶往台北車站詢問處，便立即陪同前往現場確認。當父母看見女兒平安無恙的那一刻，立即上前將女兒緊緊抱入懷中，一家人平安團聚。印度籍旅客對於台灣警方在發現異狀後主動關懷、迅速啟動協尋，對於捷警親切、積極的服務態度更是頻頻表達感謝。捷運警察隊表示，捷運系統尖峰時段人潮眾多，外籍旅客帶孩童出遊時，應隨時留意動向，可事先約定走散時的集合地點及聯絡方式；若不慎發生走失情形，也可立即向捷運站務人員或警方求助，捷運警察可立即提供協助。    ,https://news.ltn.com.tw/news/society/breakingnews/5540563
百歲嬤獨自外出看診迷途    北市警暖心護送返安養中心,社會,2026/08/15 09:32,119救護人員到場協助檢測李阿嬤的血壓與身體狀況（記者劉慶侯翻攝）人瑞級的百歲李姓阿嬤，前日居然自安養院自行搭車要到台大醫院看診，但準備返回安養中心時無法說明地址而慌張，最後由計程車司機報警救助，並且重新確認李阿嬤健康後，以專車將她安全送返。但安養中心恐難免有疏忽之責。北市警局中正一分局博愛路派出所前日接獲計程車司機報案，聲稱車上一名高齡老太太無法清楚表達目的地，急需警方協助。員警獲報後立即趕赴現場接手處置，意外發現該名李姓老太太竟是高齡100歲的人瑞長者。請繼續往下閱讀...博愛所員警黃柔恩、黛莉芸接手後展現極大耐心與細心，先溫柔安撫阿嬤焦慮不安的情緒，隨後在她的隨身物品中尋獲「老人安養中心」名片，經電話聯繫後才順利確認身分。據警方調查，李阿嬤當天獨自從士林區安養中心搭車至台大醫院回診，看完診準備返回安養中心時，因迷失方向且表達不清，運將無奈之下才求助警方。員警考量阿嬤已百歲高齡且折騰多時，貼心聯繫119救護人員到場協助檢測血壓與身體狀況。確認阿嬤身體並無大礙後，黃員、戴員化身「專屬司機」，親自開警車將阿嬤平安護送回安養中心，交由照護人員接手，順利化解這場百歲人瑞的迷途驚魂記。不過，警方對於李阿嬤居然獨自外出到台大醫院看診，安養中心居然都不知道，恐有疏忽責任，不排除通報社會局等單位介入調查。警方表示，家中若有高齡長者外出，平時應多加關懷其動向或由家屬陪同。建議可於長者隨身衣物、背包內放置寫有聯絡方式的卡片，或向社政單位申請配戴「預防走失手鍊」，以便熱心民眾或警方能於第一時間伸出援手，協助長輩平安找到回家的路。員警黃柔恩、黛莉芸。（記者劉慶侯翻攝）    ,https://news.ltn.com.tw/news/society/breakingnews/5540558
姑姑姑丈膝下無子 姪子成年後「改叫爸媽」法官准了,社會,2026/08/15 09:27,陳姓男子從小因姑姑與姑丈膝下無子嗣，經家族討論後，至陳成年後由姑姑及姑丈收養為養子。法官考量雙方收養關係動機良善正當，依法裁定准許收養。（記者林嘉東攝）基隆市陳姓男子自小因姑姑與姑丈膝下無子，經家族討論後，在陳男成年後聲請由姑姑、姑丈共同收養為養子。基隆地院審理時，陳男到庭溫馨表示，願意照顧姑姑、姑丈，且陳男的親生父母也到庭表示同意；法官考量，雙方收養關係動機良善正當，依法裁定准許收養。楊姓夫婦因婚後無子女，向姪子陳姓男子提議收養，並約定等陳男成年、能獨立思考後，尊重其個人意願，再與陳男的生父、生母共同討論。直到今年5月陳男滿20歲成年後，楊姓夫妻與陳男正式簽訂書面收養契約與同意書，約定由楊女與吳男共同收養陳男為養子，並備妥收養契約、同意書、良民證等文件，向法院聲請認可收養。請繼續往下閱讀...法院審理時，陳男出庭表示，他了解收養後家族親屬關係與法律權利的變動，當庭表態願意照顧姑姑、姑丈；陳男的生父母也到庭，對此收養案表達支持與同意。法官審酌，民法針對成年人被收養的規定，主要在於審查是否意圖以收養免除法定義務、是否對生父母顯有不利，或有其他重大事由違反收養目的。法官認為，本案收養人與被收養人本就有親戚關係，動機良善正當，且被收養人意願明確、生父母也同意，並無任何違法或顯失公平之處，綜合考量後認定符合雙方利益，裁定認可收養。    ,https://news.ltn.com.tw/news/society/breakingnews/5540546
高雄機車騎士疑暈眩偏移車道 連環撞釀4傷,社會,2026/08/15 09:23,高雄連環撞車禍釀4傷。（記者洪定宏翻攝）8月14日上午約10點半，林姓男子騎機車後載張姓婦女，疑似暈眩偏左，碰撞同向的江姓女子及謝姓女子，4人都受傷，但無人酒駕，初步肇事原因疑為林男未注意車前狀況，確切肇事原因及責任歸屬有待調查。高雄警方指出，林姓男子（58歲）騎機車搭載張女（51歲），沿前鎮區中山四路北往南方向外側慢車道行駛，林男疑似暈眩向左偏行，碰撞同向內側慢車道停等的江姓女子（45歲）及謝姓女子（19歲）機車。請繼續往下閱讀...警方表示，林男多處受傷、張女手部受傷，送醫治療均無大礙；江女及謝女也有多處受傷，後續自行就醫。3名機車騎士均無酒駕，初步肇事原因疑為林男未注意車前狀況，但詳細肇事責任，仍待交通大隊分析研判。    ,https://news.ltn.com.tw/news/society/breakingnews/5540554
彰化鹿港深夜汽機車猛烈撞擊  騎士噴飛手腳撞斷命危,社會,2026/08/15 09:16,鹿港深夜汽機車碰撞騎士噴飛，消防員搶救。（彰化縣消防局提供）彰化縣鹿港鎮13日深夜發生重大車禍，1輛轎車與1輛機車發生猛烈碰撞，機車騎士噴飛倒地，當場昏迷不醒，機車被撞得幾乎解體，消防局據報派員趕往現場，立即對機車騎士緊急搶救，發現其右手、右腿遭撞斷，臉部還畫出一道長達25公分的撕裂傷，火速送醫搶救，截至今天（15日）仍有生命危險；事故發生原因與肇事責任由警方釐清。彰化縣消防局13日深夜11點多接獲報案指鹿港鎮南勢巷有轎車與機車碰撞事故，消防員趕往現場，發現1名機車騎士倒地，現場滿是油漬與車體零件，機車撞得幾乎解體，轎車車頭也嚴重毀損。請繼續往下閱讀...消防員檢視患者臉部撕裂傷25公分，右手腕開放性骨折、右小腿開放性骨折，左大腿封閉性骨折，左手肘撕裂傷，瞳孔不等大，性命垂危，立即給予頸圈、長背板、包紮止血、骨折固定後，在救護車上給予抽吸、非再呼吸型面罩，火速送往彰濱秀傳醫院漏夜急救，截至今天仍有生命危險。鹿港深夜汽機車激烈碰撞，機車幾乎解體，轎車車頭嚴重毀損。（警方提供）鹿港深夜汽機車碰撞騎士噴飛，兩車都嚴重受損。（警方提供）    ,https://news.ltn.com.tw/news/society/breakingnews/5540552
屏東男拖欠稅費罰鍰44萬擺爛不繳 土地遭查封1週內全清,社會,2026/08/15 09:00,書記官執行案件示意圖。（行政執行署屏東分署提供）屏東縣一名不到30歲男子，因長期積欠多筆使用牌照稅、國道通行費、交通違規罰鍰、全民健康保險費等欠款，多達近300件累計金額約44萬餘元，卻多年置之不理，直到案件移送強制執行，位於竹田鄉的土地遭查封，才急著籌錢繳清所有款項。法務部行政執行署屏東分署指出，該名男子前幾年起，車輛未繳使用牌照稅及強制責任保險，仍多次開車行駛國道卻拒繳國道通行費及罰款，累計案件近300件；同時他也長期滯納全民健康保險費，經財政稅務局、監理站、衛生福利部中央健康保險署等機關多次催繳，男子均消極避不見面，案件陸續移送行政執行署強制執行，累計欠款金額達44萬餘元。請繼續往下閱讀...案件移送後，屏東分署立刻清查男子財產，雖曾嘗試核發扣押命令凍結其銀行存款，但因帳戶餘額不足而執行未果，再經擴大清查，發現男子名下擁有一處不動產，即迅速發文向地政機關辦理不動產查封登記，男子得知自己的名下土地遭到查封、無法進行買賣，甚至即將被送入法拍程序，才終於驚覺事態嚴重。為了保住名下財產，男子一改過去消極擺爛態度，在不動產遭查封後的一週內，抱著現金到屏東分署臨櫃繳清全部欠款。分署在確認款項全數入帳後，第一時間發文塗銷不動產查封登記。屏東分署呼籲，目前法務部行政執行署為改善交通安全、維護用路人權益，依法強力實行「交通（加強執行車輛相關稅費罰鍰）專案」，如不繳各項公法規費與罰鍰，不但會面臨執行費用的增加，各地行政執行分署針對惡意拖延的欠款義務人，更將持續配合專案採取鐵腕手段，全面清查並強力查封名下的存款、動產及不動產，義務人切勿抱持僥倖心理。民眾如收到行政執行署的傳繳通知書，應自動在期限內繳納；若確實有經濟困難，也應主動聯繫執行分署說明並申請辦理分期清償。    ,https://news.ltn.com.tw/news/society/breakingnews/5540530
養父過世48年她想改回本姓 法院准了：不影響香火,社會,2026/08/15 08:49,陳姓女子早年過繼給堂舅收養，在養父過世48年後，希望認祖歸宗。基隆地院依法裁准終止收養關係。（記者林嘉東攝）基隆市陳姓女子早年因生母的堂哥家中無子嗣，生母考量其過世後有人可以祭祀香火，將她過繼給堂舅收養；陳女在養父過世48年，已近半世紀之久後，希望能回復本姓「楊」，向法院聲請終止收養關係。基隆地院審理後，認定終止收養不致影響祭祀問題，且已獲原生家庭姊妹同意，依法裁准終止收養。陳女起訴主張，當初會過繼給養父，主要生母考量養父無子女，希望養父身故後有人可祭拜他；養父已於1978年6月24日過世，她希望能重新回歸本姓「楊」，遂向法院聲請終止與養父之間的收養關係。請繼續往下閱讀...法院審理時，特別針對終止收養後是否會造成「無人祭祀」等問題進行調查。陳女到庭說明相關情況，法院認定本案終止收養後，並不致產生養父無人香火祭祀的困境。此外，法官調查陳女原生家庭的意願。陳女的原生家庭胞妹楊女親自到庭表示，同意終止收養；另名胞姊雖然未到庭，但也簽署了同意終止收養的書面文件。判決指出，依民法規定，養父母死亡後，除終止收養有顯失公平的情形外，養子女得聲請法院許可終止收養。陳女聲請的動機正當，且獲得原生家庭親屬的支持，並無任何違反公序良俗或顯失公平之情事，裁定許可終止陳女與養父之間的收養關係。    ,https://news.ltn.com.tw/news/society/breakingnews/5540528
新詐術！「AI定存」變肥羊   熟女面交3次293萬蒸發,社會,2026/08/15 08:43,50歲李姓車手現身取款，得意清點贓款時當場被警方擒獲。（讀者提供）科技話術淪為吸金陷阱！高雄市48歲莊姓女子因誤信臉書網友「AI定存賺錢」話術，落入虛擬貨幣詐騙圈套，前後面交3次痛失293萬元。詐團食髓知味企圖再索款，楠梓警分局獲報成立專案小組，13日在楠梓區後勁東路佈線埋伏，趁50歲李姓車手現身取款、得意清點贓款時當場擒獲，依法移送橋頭地檢署偵辦。據了解，莊女在臉書結識陌生網友，對方以「AI定存」、「高額獲利」等新穎名詞洗腦，並誘騙她透過專人面交購買虛擬貨幣。莊女防線失守，先後3次交付大筆現金給「假幣商」，直到發覺有異才向警方求證，驚覺已成肥羊。請繼續往下閱讀...詐團得手近300萬仍不滿足，再度相約面交。警方獲報部署誘捕計畫，於後勁東路埋伏逮獲李嫌，當場查扣犯案手機。經查，50歲的李嫌近期涉嫌在台南、高雄多處面交黃金與大筆現金，全案依刑法詐欺及洗錢防制法移送法辦。楠梓分局呼籲，虛擬貨幣投資風險高，詐團常以科技包裝「假幣商」、「專人面交」話術，有疑慮請撥165或110查證。警方在楠梓區後勁東路佈線埋伏。（讀者提供）    ,https://news.ltn.com.tw/news/society/breakingnews/5540518
墾丁山區探勘遭虎頭蜂襲2死1傷！搜救人員徹夜抬出受傷女,社會,2026/08/15 08:09,屏東消防搜救人員連夜將遭蜂螫的張姓女子安全送抵醫院。（屏東消防提供）登山協會幹部深入墾丁國家公園未開放山林探勘，卻遭虎頭蜂圍攻，屏東縣消防局搜救人員克服山區大雷雨與陡峭地形，14日耗費整夜艱辛搬運，終於在今日（15日）凌晨4時12分成功將遭蜂螫的張姓女子安全送抵指揮站並轉送醫院；而針對同行已疑似OHCA（心肺功能停止）的2名男性夥伴，今日清晨搜救隊已會同海巡與民間搜救力量再次集結挺進，並同步申請空勤直升機支援。屏東縣消防局表示，13日晚間9時40分接獲轉報，指張男（69歲）、顏男（64歲）及張女（49歲）等3人，於12日前往墾丁國家公園出風谷路線探勘後失聯。獲報後隨即會同中華民國山難救助協會高雄支會共22人，由第四大隊副大隊長林玨伶帶隊入山展開地毯式搜尋。請繼續往下閱讀...救援過程中，張女於14日上午9時許曾打電話求救，表示同行2人遭虎頭蜂圍攻已無生命跡象。然而現場地形崎嶇陡峭、林木密布，午後滿州山區更下起劇烈大雷雨，導致山路極度濕滑，搜救人員好不容易接觸到張女，發現她意識清醒但相當虛弱且有遭蜂螫傷情形，救護人員立即給予腎上腺素注射。由於山路搬運極為艱難，搜救隊一路徹夜合力抬人，歷經數小時折騰，終於在15日凌晨4時許將張女搬出山區後送恆春旅遊醫院。屏東縣消防局強調，今日（15日）清晨6時起已再次集結警消、義消、海巡及山難救助協會等單位，把握時間挺進事故地點搜尋另2名失聯男子，並已同步申請空勤總隊直升機，若天候許可將立即執行空中吊掛後送作業。屏東消防搜救人員克服地形及雨勢，連夜將遭蜂螫的張姓女子安全送抵醫院。（屏東消防提供）    ,https://news.ltn.com.tw/news/society/breakingnews/5540507
拿私密照威脅前女友「拿身體來還」 台中渣男下場曝,社會,2026/08/15 07:49,台中地院判謝男8月，仍可上訴。（資料照）台中謝姓男子不甘與前女友分手，竟拿兩人交往期間拍攝的私密影像當籌碼傳訊威脅，逼女方前來「獻身」，還嗆聲「拿身體來還」，女方驚恐之下未赴約直接報警，台中地院審理後，依強制未遂罪判謝男8月，全案仍可上訴。經查，謝男與女方過去曾是同居情侶，去年2月底分手後，謝男心生不滿竟將報復念頭付諸行動，同年3月3日晚間在台中市北屯區居所內，利用通訊軟體Telegram聯繫前女友。請繼續往下閱讀...由於謝男手中握有兩人交往期間拍攝、且當時女方同意拍攝的私密影像，卻在分手後將這些影像變成威脅工具，他接連傳送多段私密影像給女方，更傳送口氣極其惡劣恐嚇訊息，寫下「叫妳今天下了來給我幹」、「你要這樣對我做這些爛事、就是拿身體來還」等語，企圖以毀掉女方名譽為要挾，逼迫對方赴約獻身。突如其來威脅讓女方陷入恐懼，但她沒有依照謝男要求前往選擇報警求助，檢方認為，謝男以持有被害人私密影像作為威脅手段，要求女方從事原本沒有義務做的性行為，使女方心生畏懼，依強制性交未遂罪提起公訴。台中地院審理後認為，謝男雖透過通訊軟體傳送威脅訊息，但從傳訊要求女方前往，到實際對被害人實行強制性交行為，兩者間仍存在相當的時間、空間距離，尚不足以認定已著手實行強制性交，並不構成強制性交未遂罪，改依強制未遂罪論處，審酌謝男坦承犯行，最終未造成進一步實害，且雙方未能成立調解，判8月，全案仍可上訴。    ,https://news.ltn.com.tw/news/society/breakingnews/5540502
舊法性侵追訴權時效違憲 11受害人可重審 伸張司法正義,社會,2026/08/15 05:30,憲法法庭昨天作成115年憲判字第6號判決，認定舊法性侵追訴權時效違憲，裁定將11名聲請釋憲被害人的13件終局案件全數廢棄，發回重審。（記者楊心慧攝）針對兒少時期遭性侵、提告時卻逾舊刑法廿年追訴期而無法追訴的終結案件，憲法法庭昨天作成一一五年憲判字第六號判決，認定舊刑法第八十條追訴權時效規定違憲，裁定將十一名聲請釋憲被害人的十三件終局案件全數廢棄，發回法院重新審理，也就是本案十一名聲請人的個案可獲得司法救濟；本次判決不溯及其他案件。新法追訴時效 被害人20歲起算立法院今年七月七日三讀通過刑法修正案，對未成年人遭受性侵害案件，追訴權時效改自被害人年滿廿歲起算；新法施行前，追訴權時效已開始進行、但尚未完成的案件也適用修正後規定。但新法不適用修法前已逾時效的受害者，這些受害人只能透過釋憲，為自己爭取法律正義。請繼續往下閱讀...憲法法庭認定，舊刑法第八十條第一項第一、二款及第二項追訴權時效規定，對於兒童、少年遭受強制性交、強制猥褻等性犯罪案件，一律從犯罪成立或行為終了時起算追訴期，對兒少被害人的訴訟權造成過度限制，違反憲法訴訟權保障及比例原則，不符憲法保障兒少身心健康及人格健全成長的意旨。憲法法庭：判決不溯及其他案件不過對其他已進入司法程序的案件，憲法法庭也劃下界線，表示判決前已繫屬檢察機關或法院的未終結案件，但依舊法計算追訴權時效已經完成者，考量法律變更原則上不得溯及既往，避免事後惡化行為人的法律地位，國家對於已經「終局不得追訴」的狀態，原則上不應再予動搖。    ,https://news.ltn.com.tw/news/society/paper/1766692
改路線進非核准區探勘 3登山高手遭蜂攻2死1傷,社會,2026/08/15 05:30,路線圖登山協會辦活動 三人先行社團法人中華健行登山會高雄市協會與中華民國山難救助協會，預計八月十六日辦理四十二人的出風谷、出風鼻及佳樂水海岸線生態保育教育活動，已獲墾丁國家公園管理處核准，其中高市協會五十五歲張姓女隊員、六十九歲張姓及六十四歲顏姓男隊員三人，十二日先行從滿州鄉里德村欖仁溪進入山區踏勘路線失聯，未料三人是遭遇虎頭蜂襲擊，兩名男隊員死亡，張女昨天上午逃到有訊號處求救，外界才知三人出事。車輛長時間沒動 發覺失聯搜尋人員昨冒險往深山推進，已接觸到張女，因恆春半島雨勢滂沱，搜尋困難，將待今天天亮再進行；張女傷勢不嚴重，尚能自行移動，已由搜尋人員帶回安置，搜救隊已確定其中一男位置，是張男或是顏男須再確認。請繼續往下閱讀...墾管處指出，十三日下午七時許，滿州鄉里德村長發現該協會踏勘人員車輛長時間停在原處，察覺有異，向南仁山管理站通報，管理站人員隨後依車牌號碼聯繫上家屬，並向警方通報失聯案件。昨天上午八時五十分，高雄市救難協會十二人與滿州消防隊，由欖仁溪進入展開搜救。女受傷逃出 通報2男已亡上午九時四十分左右，搜救隊接獲失聯的張女電話，她表示遭遇虎頭蜂攻擊，同行的兩名男子已無生命跡象，她因受傷退至出風鼻附近；搜尋人員聞訊隨即撤回，改由溪仔口出發，前往出風鼻，與張女會合進行後續作業。墾管處指文宣路線未核准有民眾發現，該協會公開招攬活動的文宣路線，與向墾管處報備申請「佳樂水、出風鼻及出風谷海岸線」路線有出入，活動文宣中含「欖仁溪登山口↓出風谷大草原」等未開放山區禁地。對此，墾管處指出，該協會原先向官方申請的項目為「出風谷、出風鼻、佳樂水海岸線生態保育教育活動」，核准路線應全程沿海岸線進行，該協會文宣上規劃的「欖仁溪」等山區路線，不在許可範圍，顯有「改路線」情形。協會則稱 依申請路線前往中華健行登山會高雄市協會則表示，張姓領隊三人事先探勘，是依申請核准的路線前往，確切細節須詢問受傷的張姓女隊員。協會說，三人有數十年登山及山難搜救經驗，本次是第一次發生意外死亡案件；至於原定十六日的活動，已確定取消。墾管處表示，山林區域環境原始、野生動物多，擅自偏離核准路線危險性極高，針對此次重大意外，未來將嚴格審查各團體申請，並要求所有入園活動務必「完全依申請核准路線行進」，違者將依國家公園法罰款三千元。搜救單位在溪仔口集結。（記者蔡宗憲攝）登山協會申請的是溪仔口至出風鼻海岸區域。（墾管處提供）遭虎頭蜂攻擊三人都是資深登山高手。（小花雨來菇提供）    ,https://news.ltn.com.tw/news/society/paper/1766732
母與同居人疑虐死女嬰押不成 檢擬抗告,社會,2026/08/15 05:30,彰化驚傳虐嬰致死案，生母及同居男友被限制住居。（資料照，記者顏宏駿攝）彰化縣一名十月大的女嬰，本月十一日因意識不清送醫不治，女嬰身上有瘀青痕跡，醫院緊急通報，警方懷疑女嬰遭柯姓生母及林姓同居男友虐待致死，將二人移送彰化地檢署偵辦，檢方偵查後認定二人有虐待行徑，向彰化地方法院聲請羈押二人，法院以被告坦承犯行等理由，裁定限制住居後請回。身上有瘀青 昏迷送醫不治女嬰是在檢方聲押期間死亡，檢方已解剖複驗，變更罪名為「妨害幼童發育致死罪」偵辦中；對於聲押未成，彰檢不排除抗告。請繼續往下閱讀...檢警追查，女嬰是柯姓生母（二十六歲）與前夫所生，由柯女與同居男友林男（二十六歲）共同照顧。十一日晚間，柯女與林男在彰化市租處發現女嬰疑似昏迷，送醫救治，醫院察覺不對勁通報警方和彰化縣政府社會處，檢方認定二人涉嫌虐嬰重大，前晚聲請羈押，法官裁定二人限制住居。彰化地院表示，被告柯女與林男涉犯五年以上有期徒刑之重罪，雖然法律上重罪常伴隨較高的逃亡風險，被告已坦承相關犯行、犯罪嫌疑重大，但檢視卷內資料，未發現被告二人有具體逃亡事實或逃亡之虞，當時是被告自行將女嬰送醫，案發後對事發過程供述與事證吻合，因此將二人諭知免具保，但須限制住居，要求每日至警察局報到，以確保後續偵審程序進行。女嬰送醫不治後，檢方相驗發現女嬰身上有瘀青，但無明顯外傷，確切死因有待解剖報告出爐釐清。彰化地檢署表示，全案偵查中，對法院駁回聲押部分，研擬是否提出抗告。彰化縣政府社會處表示，接獲通報後即指派社工到場了解，後續配合司法及提供必要協助。    ,https://news.ltn.com.tw/news/society/paper/1766737
雨後蜂群擠巢內暴躁 攻擊性更高,社會,2026/08/15 05:30,虎頭蜂的類別。（北市動保處提供）高雄市登山協會人員在屏東滿州欖仁溪至出風谷踏勘路線時，不幸遭虎頭蜂攻擊釀成二死一傷慘劇。墾丁國家公園管理處特別發布防蜂指引，呼籲民眾入山務必提高警覺，掌握正確防護觀念，避免類似遺憾再度發生。此外，由於近期全台各地經常下雨，墾管處因此強調，剛下過雨後的山林環境，虎頭蜂大多擠在巢穴內，蜂巢空間變得狹窄擁擠，此時虎頭蜂的性情會更加暴躁，攻擊性極高，民眾入山時更需格外留心周遭環境變化，確保安全。請繼續往下閱讀...遇警戒蜂不可拍打墾管處提醒，民眾進入山區活動時，應盡量穿著長袖衣物並配戴帽子，身上切勿噴灑香水，以免特殊氣味吸引蜂類接近；若在山林間發現有二至三隻「警戒蜂」在身邊徘徊巡視，務必提高警覺，此時「千萬不可拍打揮擊」，因為揮動產生的氣流擾動反而會激怒蜂群，引來更多虎頭蜂圍攻。墾管處指出，正確應變方式為迅速以衣物包覆住頭部、降低身形蹲低，並保持冷靜「慢慢離開現場」。    ,https://news.ltn.com.tw/news/society/paper/1766733
民團籲民事追訴期、犯保法也檢討,社會,2026/08/15 05:30,「刑法」追訴權時效，讓兒少性侵害被害者在長大後想提告因超過時效，導致案件不受理，憲法法庭宣判此規定違憲；民間團體樂見並肯定該釋憲案有助提升被害人權益。（圖：取自婦女救援基金會臉書）過往刑法的追訴權時效規定，使得不少兒少性侵害被害者在小時候不知道或遭禁聲，長大後鼓起勇氣想提告卻超過時效，案件不受理，有十一人、十三案提出釋憲，憲法法庭昨宣布該規定違憲。民團聞訊紛紛表達肯定，樂見未來保障更多被害人提告的權利，但提醒民事賠償及犯保法的請求權期限，也應一併檢討跟進。針對釋憲結果，婦女救援基金會執行長杜瑛秋表示，這對很多被害人是非常好的結果，過去常常接獲兒少性侵被害人的求助電話，詢問案件有沒有過追訴期，一旦過期（超過廿年）就很遺憾，對如今宣告相關規定違憲表示肯定；但她提醒與被害人相關的民事賠償，以及犯罪被害人權益保障法，亦有相關請求權時效，未來也應一併檢討。請繼續往下閱讀...現代婦女基金會資深研究員王秋嵐說，樂見這次憲法法庭的宣判，讓許多被害人有機會提起訴訟，因過去不少兒少被害人是在家內受害，其本身仍被家人照顧、被家族要求禁聲等原因，等到長大要追究，時效已來不及，或是師長、教練等權勢性侵案，也難以當下報案，甚至有的兒少在事發時不知自己是否真的被性侵；至於未來，建議兒少性影像的犯罪追訴權也要檢討。重審後仍面臨舊案證據力不足問題勵馨基金會執行長王玥好說，今年七月立法院也三讀通過刑法修正案，代表過去國家制度不完善，如今想辦法彌補，但實務上雖第一關可提告，第二關仍面臨陳舊案件的證據力不足問題，畢竟性侵類案件多發生在密室，缺乏第三人見證，物證也可能年久無保存，目前勵馨著手與司法專家討論，針對性侵害案件的證據法則，認為要與一般刑事案件有所不同。    ,https://news.ltn.com.tw/news/society/paper/1766736
4種態樣有兩類人未能救濟／不少受害人是被親近者傷害,社會,2026/08/15 05:30,憲法法庭今年3月2日召開兒少性侵害追訴權釋憲案不公開說明會，台灣光寰協會與釋憲案律師團、受害者等在兒少性侵害追訴權釋憲案不公開說明會結束後，於司法院門口開記者會說明。圖為被害者的訴訟代理人、律師蔡尚謙（左）與邱顯智（右）。（記者楊心慧攝）憲法法庭昨宣告舊刑法第八十條追訴權時效違憲，十一名兒少性侵被害人的終局裁定獲發回重審。其中一名訴訟代理人律師邱顯智對此表達欣慰，但也對判決不溯及其他案件感到遺憾。他呼籲立法院推動修法，讓更多因時效受阻的受害者能獲得司法救濟，同時鼓勵從未提告的被害人勇敢站出來討回公道。這次聲請釋憲的被害人皆有一段辛酸過去。有人二十多年前屢遭堂哥利用過年、寒暑假期間，在住處對她性侵猥褻；也有受害者三十多年前遭姨丈多次侵犯；還有被害人指控，她的父親如同禽獸，當年在她十六歲時伸出魔爪。她們都是被親近的人傷害，好不容易成年後鼓起勇氣提告，卻面臨追訴權時效已過的困境，從不起訴、再議到聲請自訴，接連遭到司法機關駁回。請繼續往下閱讀...邱顯智說，許多人在兒童時期受創，受限於年幼與創傷等心理因素，無法及時對外說出遭遇。憲法法庭雖看見這層困境而宣告相關規定違憲，讓他的當事人終能撤銷原裁判重獲救濟，但判決效力未能讓其他具有相同處境的被害人全面獲得救濟。邱顯智將被害人分為四種樣態，第一種是聲請釋憲的十一人，可依判決意旨獲得救濟；二是過去曾提告，案件因追訴權時效完成而確定遭駁回者；三是已提告、案件目前仍在訴訟中的被害人；四是曾遭性侵但從未提告者。從未提告者未明確認定是否適用邱表示，依本次判決，第二、第三類被害人無法獲得救濟，建議未來立法院修法，增訂溯及既往規定解決問題。此外，憲法法庭此次未明確處理「第四種從沒告過」的被害人，這類被害人仍有機會依新的規定提出告訴，因此這次判決也應視為對過去曾在兒少時期遭受性侵者的一項正面鼓勵，鼓勵他們站出來為自己討公道。    ,https://news.ltn.com.tw/news/society/paper/1766735
憲法法庭促再修兒少性影像犯罪補漏,社會,2026/08/15 05:30,憲法法庭昨天針對兒少性犯罪追訴權時效作成判決，認定舊刑法第八十條部分規定違憲，但未參與評議的三名大法官蔡宗珍、楊惠欽、朱富美提出不同意法律意見書。（資料照）3名大法官未參與評議 主張舊法合憲憲法法庭昨對兒少性犯罪追訴權時效，認定舊刑法規定違反比例原則及訴訟權保障，將聲請釋憲的十一名被害人終局裁定全數廢棄，發回重審。憲法法庭指出，現行刑法第八〇條第三項未涵蓋拍攝兒童、少年性影像等性剝削犯罪，建議儘速通盤檢討修正相關規定。憲法法庭檢視二００五年修正公布前的刑法第八〇條，第一項第一款、第二款及第二項規定「性侵犯罪追訴期」是否違憲，認為對許多遭受兒少性侵的倖存者而言，需歷經多年心理重建才有能力發聲，卻早已逾越短暫的法律時效。請繼續往下閱讀...憲法法庭指出，性犯罪具隱密性，兒少更可能因身心尚未成熟、重大創傷或受家庭、學校等權威關係阻礙，無法及時揭露受害經驗，形成「非自願遲延揭露」；舊法未考量兒少性犯罪被害人的特殊處境，一律自犯罪成立或行為終了時起算追訴時效，過度限制兒少尋求刑事救濟的權利，違反比例原則及訴訟權保障。關於妨害性自主罪部分，立法院已增訂刑法第八〇條第三項規定，明定在被害人滿廿歲前，不計入同條第一項之追訴權時效期間；但修法未及於拍攝兒童、少年性影像之性剝削犯罪的追訴權時效期間，憲法法庭促相關機關依本判決意旨妥速通盤檢討修正。本件判決由五名大法官謝銘洋、呂太郎、蔡彩貞、陳忠五、尤伯祥評議，未參與評議的三名大法官蔡宗珍、楊惠欽、朱富美，則提出不同意法律意見書，主張舊法未違憲，強調追訴權時效一旦完成，無論透過修法、司法解釋或違憲宣告，均不得恢復已消滅的追訴權。    ,https://news.ltn.com.tw/news/society/paper/1766734
國3柳營段休旅車火燒車 駕駛及時逃生,社會,2026/08/14 22:29,休旅車停靠路肩，旋即從引擎室冒出火煙。（民眾提供）國道3號北向323公里台南市柳營路段，今天（14日）晚上6點多發生火燒車，駕駛下車逃生，幸無人受傷。這輛休旅車在行駛途中發生異常，司機趕緊停靠路肩，旋即從引擎室冒出火煙，眼睜睜看著車頭火燒車，赤手空拳難以救援，台南市消防局六甲、官田消防分隊獲報火燒車後，派遣消防車趕往撲救，出水後很快滅火。請繼續往下閱讀...幸好，駕駛下車逃生快速，未傳受傷；國道第八警察大隊呼籲用路人行車前要檢查車輛狀況，平時做好保養。休旅車火燒車，消防隊到場撲滅。（民眾提供）休旅車車頭引擎室出火。（民眾提供）    ,https://news.ltn.com.tw/news/society/breakingnews/5540421
高雄小黃衝人行道 撞母女、4車與繳費亭,社會,2026/08/14 22:27,計程車擦撞1對母女、4車及繳費亭。（記者洪定宏翻攝）8月14日晚間7點多，50歲粘姓男子駕駛計程車，疑似身體不適及不熟路況，竟衝上人行道，擦撞1對母女導致擦挫傷，再波及4輛轎車與停車場繳費亭，粘男胸部挫傷，3人均送醫治療。高雄警方指出，案發在左營區華夏路與重平路口，粘男先擦撞當時站立人行道的蔡女（49歲）及石姓女兒（18歲），然後衝進停車場，撞上4輛轎車及繳費亭。粘男無酒駕或毒駕，將調閱周邊監視器畫面，釐清事故發生經過，確切肇事原因由交通大隊分析研判。    ,https://news.ltn.com.tw/news/society/breakingnews/5540416
8/14今彩539頭獎開2注！800萬獎落高雄、台中,社會,2026/08/14 22:07,8/14今彩539頭獎開2注，800萬獎落高雄、台中。（本報合成）8月14日開獎的第115000197期今彩539頭獎開出2注，由高雄市苓雅區武廟路128之1號「大福星彩券行」、台中市大甲區庄美里光明路232號1樓「連盈彩券行」開出；第115000079期大樂透頭獎則摃龜。第115000097期大樂透中獎號碼「05、12、25、33、34、35，特別號：27」。頭獎摃龜；貳獎1注中獎，可得149萬2256元；參獎共33注中獎，每注可得4萬8698元；肆獎共104注中獎，每注可得9933元；伍獎共1761注中獎，每注可得2000元；陸獎共2674注中獎，每注可得1000元；柒獎共2萬6038注中獎，每注可得400元；普獎共3萬2577注中獎，每注可得400元。請繼續往下閱讀...第115000097期49樂合彩中獎號碼為「05、12、25、33、34、35」。四合共2注中獎，每注可得20萬元；三合共103注中獎，每注可得1萬2500元；二合共3816注中獎，每注可得1250元。第115000197期今彩539中獎號碼為「07、19、21、25、34」。頭獎2注中獎，每注可得800萬元；貳獎共210注中獎，每注可得2萬元；參獎共6892注中獎，每注可得300元；肆獎共7萬5510注中獎，每注可得50元。第115000197期39樂合彩中獎號碼為「07、19、21、25、34」。四合共14注中獎，每注可得21萬2500元；三合共304注中獎，每注可得1萬1250元；二合共1萬2401注中獎，每注可得1125元。第115000197期3星彩中獎號碼為「177」。壹獎共105注中獎，每注可得5000元。第115000197期4星彩中獎號碼為「5415」。壹獎共7注中獎，每注可得5萬元。確切中獎號碼以台彩網站公告為主，請見「台灣彩券網站」。大樂透、49樂合彩中獎號碼。（擷取自台彩官網）今彩539、39樂合彩、3星彩、4星彩中獎號碼。（擷取自台彩官網）    ,https://news.ltn.com.tw/news/society/breakingnews/5540403
11被害人揭血淚！未滿14歲被父兄性侵「母是幫凶」 她20年後提告屢受挫,社會,2026/08/14 20:58,受害者多在兒少時期遭受性侵害，成年多年後才提起勇氣走進司法程序，但皆因已逾追訴權時效，遭檢方不起訴，再議屢遭駁回，最終陸續向憲法法庭聲請救濟。（示意圖）憲法法庭今宣告，舊刑法第80條兒少性犯罪追訴權時效規定，未考量兒少被害人難以及時揭露受害事實，過度限制訴訟權，宣告違憲。多名性侵害被害人在兒少時期遭親屬、熟人或具權勢關係者性侵，直到成年多年後才鼓起勇氣提告，卻因舊法追訴權時效已完成，無法追究加害者刑責，也因此成為此次憲法法庭審理「兒少性犯罪追訴權時效案」的聲請個案。憲法法庭今對兒少性犯罪追訴權時效作成115年憲判字第六號判決，認定舊刑法規定，違反比例原則及訴訟權保障，聲請釋憲的11名被害人終局裁定全數廢棄，發回法院重新審理。請繼續往下閱讀...一名女童指控，1996年至1999年間，堂哥利用過年、寒暑假等期間，在住處對她強制性交、猥褻4至6次，直到2021年才提告；另有女子指控，1991年至1998年間遭姨丈在住處多次強制性交、猥褻，2024年才提告。另名女子指控，1997年至1998年間，她滿16歲時遭父親在住處強制性交，直到2025年1月才提告；還有被害人未滿14歲時，於2000年間認識一名男子後遭違反意願性交，2001或2002年間又遭拍攝袒露胸部照片，2003或2004年間再遭猥褻，直到2023年才提告。還有一名未滿18歲少女，2004至2005年間在便利商店打工時，遭副店長強制猥褻、強制性交未遂，2024年才提告；另有女童指控，1996年間在住處遭堂兄強制性交，直到2025年才提告。其他案件也不乏親屬犯案，包括有被害人指控，1999年至2002年間未滿14歲時，遭表哥強制猥褻、性交；另有被害人指控，1998年至2003年間遭父親強制猥褻、性交；還有人指控，1996年至1998年間未滿14歲時，遭表哥多次強制性交、猥褻。其中一名聲請人的遭遇更涉及多名家人，她指控1995年至2003年間，未滿14歲時遭哥哥及父親強制性交、猥褻，母親則涉嫌幫助2人犯案，直到2025年才陸續對家人提告。此外，也有聲請人指控2002年至2004年間遭利用權勢性交；另名被害人則指控，1994年至1995年間未滿14歲時，放學前往國小附近書局，遭書局老闆強制性交、猥褻，直到2025年才提告。這些受害者多在兒少時期遭受性侵害，成年多年後才提起勇氣走進司法程序，但皆因已逾追訴權時效，遭檢方不起訴，再議遭駁回，聲請交付審判或准許提起自訴後，也遭法院以追訴權時效完成為由駁回，最終陸續向憲法法庭聲請救濟。憲法法庭判兒少性侵追訴權時效舊法違憲！11名受害性侵案發回重審    ,https://news.ltn.com.tw/news/society/breakingnews/5540334
手刀對獎！8/14 大樂透、今彩539獎號出爐,社會,2026/08/14 20:53,大樂透、49樂合彩開獎號碼。（擷取自三立iNEWS《全民i彩券》）今天（8月14日）台彩各項開獎獎項及獎號。大樂透：05、12、25、33、34、35，特別號：27。請繼續往下閱讀...49樂合彩：05、12、25、33、34、35。今彩539：07、19、21、25、34。39樂合彩：07、19、21、25、34。3星彩：177。4星彩：5415。確切中獎號碼以台彩網站公告為主，請見「台灣彩券網站」。今彩539、39樂合彩開獎號碼。（擷取自三立iNEWS《全民i彩券》）3星彩開獎號碼。（擷取自三立iNEWS《全民i彩券》）4星彩開獎號碼。（擷取自三立iNEWS《全民i彩券》）    ,https://news.ltn.com.tw/news/society/breakingnews/5540346
驚險！國道驚見黃金獵犬車流間狂奔  網友開罵：主人在幹嘛,社會,2026/08/14 20:42,"黃金獵犬在國道1號狂奔。（Threads@heaterhotchi授權使用）今日下午國道1號赫見一隻黃金獵犬拔腿狂奔，無數車輛從牠身邊飛速駛過，情況危急。有網友將影片PO在Threads上，引發大量網友關注，擔憂狗狗的安全。幸好在熱心民眾幫助下，狗狗已經被安全接下高速公路。一名網友今日下午4時許在Threads上PO出影片，表示在國1北上147公里處，看到一隻黃金獵犬正在車陣中發足狂奔，直呼「嚇死人了」。影片中可見，狗狗在車陣中找不到安全之處，只能不斷向前並在車道中穿梭狂奔，好在原PO刻意放慢車速護在狗狗身後，才避免牠遭後方車輛撞上。請繼續往下閱讀...影片一出，看得網友著急大喊：「天啊」、「我快哭出來了」、「我瘋掉拜託狗狗沒事」、「主人到底在幹啊啊」、「狗主人要檢討一下」、「天啊神能幫幫他」。幸好，根據警廣即時路況網站顯示，馬上就有熱心民眾將狗接上車，並將車開到146.2K避車灣等候相關單位處理。也有網友回報，在幾位民眾熱心幫助下，狗狗被抓住帶上車，後來也已被主人接走。原PO表示，自己陪了阿金一段路，過程超怕被後車追撞，後來因為出差有事在身，只好開走，非常感謝幫忙救狗的大家。目前詳細情況有待相關單位調查。有網友推測，可能主人打開車窗，沒想到狗狗跳下車，提醒各位主人務必注意。     在 Threads 查看    ",https://news.ltn.com.tw/news/society/breakingnews/5540150
女駕駛紅燈右轉被開單PO文造謠  高雄警公開畫面「秒關帳號」,社會,2026/08/14 20:39,劉女駕車違規紅燈右轉。（民眾提供）高雄市一名劉姓女子駕車行經鳳山區中山路與王生明路口，違規紅燈右轉被警方攔下開單，竟於網路社群質疑警方追車近半小時，還嫌她簽名字醜，但警方查出與事實不符，公開密錄器以正視聽，劉女下架貼文關閉帳號，不過600元罰單還是要繳。網路社群今天流傳一則貼文，劉姓女子稱「被警察騎機車追了快半個小時，終於發現他追的是我，哄了好久，賠盡不是，啪啦啪啦罵了一大串，開完單很生氣叫簽名，才簽好看一眼還嫌我的字醜，然後氣呼呼騎走，還好沒開槍」，引發網友熱議。請繼續往下閱讀...警方獲悉立即調閱執勤警員密錄器影像查證，發現貼文內容與警方執法過程不符。警方調查，成功所警員前天下午15時44分發現劉女（58歲）駕駛轎車，行經鳳山區中山路與王生明路口未減速，直接違規紅燈右轉，警方騎車上前攔查劉女，開出違規紅燈右轉罰單600至1800元後，15時46分騎車離去。警方檢視警員密錄器影像，從發現劉女違規、攔查至開單離去，整個過程2分鐘，並無警方追車近半小時情形；執法過程警員並未評論民眾簽名字體美醜，也無劉女網路貼文描述內容，整篇文章明顯與事實不符。鳳山警分局表示，警員執勤依法處理，面對網路貼文或民眾質疑，也會主動調閱影像，以釐清事實事情真相。警方呼籲民眾於社群平台發文時，應以實際發生情形為基礎，避免誇大、與事實不符描述，造成社會誤解；駕駛人行經路口應確實遵守號誌及交通規則，共同維護行車安全。    ,https://news.ltn.com.tw/news/society/breakingnews/5540327
圖利中華電信設基地台、60萬電費進私帳 台中和平前現任里長起訴,社會,2026/08/14 20:17,台中地檢署近日依貪污圖利罪起訴和平區2名前現任里長。（資料照）台中市和平區2名現前任里長涉嫌未經區公所同意，擅將公所管理的社區活動中心頂樓提供架設基地台，還分別以個人帳戶收取每月電費分攤款，各獲40萬元、20萬元，另讓中華電信省下應付場地租借費，台中地檢署認定2人涉犯貪污圖利罪，近日偵結起訴。檢調查出，該社區活動中心與里辦公處同在一棟建物，管理權屬和平區公所，里長並無權決定頂樓出租或提供他人架設設備，張男擔任里長期間，因當地舊基地台拆除造成收訊不佳，在議員反映後，中華電信建議重新架設基地台，他竟未經區公所同意，擅自以里辦公室代表人名義，與中華電信簽訂用電協議、架設同意書及切結書，提供頂樓約9平方公尺架設行動通信設備及管線。請繼續往下閱讀...而中華電信每月分攤的電費並未匯入公所公務帳戶，而是直接匯入張男個人農會帳戶，直到卸任前共收取40萬2000元，張男卸任後由林男接任，原本基地台並未撤除，林男也延續相同模式，至2024年7月5日止，共取得20萬元。檢方調查，張、林2人都知道活動中心屬區公所管理，相關租借應由區公所出面，電費補助也應進入公務帳戶，卻仍利用里長身分及辦公處設於該建物機會取得利益，也讓中華電信免付租借費；至於中華電信部分，檢方認業者並非遭2人施用詐術欺騙，因此不構成2人利用職務機會詐取財物罪，近日偵結改依貪污對於非主管事務利用職務機會圖利罪嫌，起訴張、林，考量2人犯後坦承、繳回全部不法所得，建請法院依法減刑。    ,https://news.ltn.com.tw/news/society/breakingnews/5540276
澎湖西嶼二崁站水釣客昏厥落海 搶救後轉進加護病房,社會,2026/08/14 19:53,竹灣安檢所人員為溺水林姓釣客CPR搶救。（民眾提供）農曆7月鬼門開，傳統習俗嚴禁近水。澎湖海域今（14）日傳釣客落水意外，雖然由旁邊民眾協助救上岸，隨後趕抵安檢人員實施CPR搶救，但救起時已無生命跡象，家屬緊急要求送醫持續搶救，情況相當不樂觀，送醫後恢復心跳，轉入加護病房觀察，至於溺水原因仍有待進一步調查釐清。澎湖第七岸巡隊調查指出，今日下午5時5分，竹灣安檢所接獲民眾通報，西嶼二崁箱網養殖區岸際有釣客不慎溺水，立即啟動救援應變。下午5時09分，竹灣安檢所弟兄率先抵達現場，發現溺者已由現場民眾協助救上岸並實施CPR，立即接手持續急救，不斷對林姓釣客進行心臟按壓搶救。請繼續往下閱讀...下午5時13分，西嶼消防隊及救護車到場接手救援，並持續實施CPR及相關急救處置，並緊急送往醫院搶救，因釣客救起時已無生命跡象，情況並不樂觀，但家屬還是期盼奇蹟降臨，能救回親人一命，因此堅持送醫，現場留下林姓釣客使用的釣具。據了解，西嶼林姓釣客趁著今日農曆7月初2下午大退潮之際，前往西嶼二崁箱網養殖區旁邊的潮間帶站水釣魚，疑似出現身體不適昏厥落水，一旁的釣客發現時，林男已經漂浮在海面上，連忙打電話通知竹灣岸巡隊前往救起，並現場實施CPR，由救護車送往衛生福利部澎湖醫院急救。眾人合力搶救，將林姓釣客送醫。（民眾提供）    ,https://news.ltn.com.tw/news/society/breakingnews/5540283
下藥捂死2幼子全認罪 31歲狠母求交保打悲情牌：要賺錢養姑姑,社會,2026/08/14 19:45,警、消當時對陳女實施保護管束。（資料照）台中31歲陳姓女子餵8歲、3歲兒子藥物，他們陷入昏迷，再以手捂壓口鼻造成窒息死亡。台中地院今天開庭，陳女當庭認罪，辯護人以相關證據已調查完畢、無串證之虞聲請交保，陳女還打悲情牌說，想先出去工作賺錢，照顧年邁姑姑；法官最終諭知全案候核辦，陳女還押。這起人倫悲劇發生在1月31日凌晨，警方獲報2名幼童失去生命跡象，警消趕抵時，8歲、3歲小兄弟倒臥床上，雙雙失去呼吸心跳，送醫搶救仍不幸不治，陳姓母親則因情緒激動被戒護送醫。請繼續往下閱讀...經查，案發前，陳女曾打電話向友人透露輕生念頭，甚至提到「想帶孩子一起走」，友人苦勸一個多小時仍不放心，一邊報警，一邊趕到陳女家，開門赫見2個小孩口吐白沫、嘴唇發紫，已無生命跡象。檢警相驗並採集檢體送驗，發現2名幼童曾遭餵食藥物，陷入昏睡失去反抗能力，再遭捂壓口鼻窒息死亡，檢方認定陳女先以藥物使孩子失去防備，再接續殺害，上月偵結起訴並移審。台中地院今天召開延押庭，陳女當庭認罪，但公訴檢察官認後續仍涉及精神鑑定及量刑前社會調查，為避免與親友串證，仍有羈押必要，辯方則認為證據已調查完畢，鑑定也非針對案情認定，沒有繼續羈押必要。陳女也向法官聲稱，家中還有年邁姑姑需要照顧，希望能交保出去工作，提供姑姑生活費，等到刑期確定再回來服刑，但最終未獲准許，審判長諭知全案候核辦，陳女還押。    ,https://news.ltn.com.tw/news/society/breakingnews/5540199
中和物流男剛下班竟毒駕逆向 衝撞騎士遭送辦,社會,2026/08/14 19:32,25歲物流業廖姓男子，昨日下班後騎機車行經新北市中和區中山路三段一帶時，不僅違規逆向行駛，還失控撞向對向33歲徐姓機車騎士。（記者鄭景議翻攝）25歲物流業廖姓男子，昨日下班後騎機車行經新北市中和區中山路三段一帶時，不僅違規逆向行駛，還失控撞向對向33歲徐姓機車騎士，徐男當場被撞飛摔倒在地。警消人員獲報趕抵現場，緊急將受傷的兩人送往亞東醫院救治。警方對廖男實施毒品唾液快篩，檢測結果呈毒品依托咪酯陽性反應，證實為毒駕，全案依法函送新北地檢署偵辦。警方調查，有多項毒品前科的廖男，昨日上午7時許剛從物流公司下班，隨後騎機車準備返回住處，車輛行經中和區中山路三段與漢生東路口停等紅燈時，廖男因不耐煩而超越停止線。不料燈號剛轉換為綠燈，廖男竟直接催油門逆向衝入對向車道，在連續閃避多部自小客車與機車後，正面猛烈撞上騎車準備上班的徐男。強大撞擊力造成徐男連人帶車翻覆重摔，廖男的機車車體當場冒出陣陣白煙，現場一片狼藉。請繼續往下閱讀...救護人員趕抵現場，發現廖男左腳小腿骨折，隨後送往亞東醫院進行手術診治；遭撞的徐男左腿、左手有多處擦挫傷，送醫救治後無生命危險。轄區中和分局警方對雙方實施酒測，檢測結果數值都為零，排除酒後駕車的可能性。不過員警憑藉經驗對廖男進行毒品唾液快篩，結果驗出依托咪酯陽性反應。中和分局警方詢後將廖男依涉嫌刑法公共危險罪及毒品危害防制條例移送新北地檢署偵辦。另外，對於廖男毒駕、逆向行駛等嚴重違規行為，警方也當場依道路交通管理處罰條例相關規定依法掣單告發，並開單扣留車輛與吊扣車牌。25歲物流業廖姓男子，昨日下班後騎機車行經新北市中和區中山路三段一帶時，不僅違規逆向行駛，還失控撞向對向33歲徐姓機車騎士。（記者鄭景議翻攝）    ,https://news.ltn.com.tw/news/society/breakingnews/5540264
中和物流男剛下班竟毒駕逆向 衝撞騎士遭送辦,社會,2026/08/14 19:32,25歲物流業廖姓男子，昨日下班後騎機車行經新北市中和區中山路三段一帶時，不僅違規逆向行駛，還失控撞向對向33歲徐姓機車騎士。（記者鄭景議翻攝）25歲物流業廖姓男子，昨日下班後騎機車行經新北市中和區中山路三段一帶時，不僅違規逆向行駛，還失控撞向對向33歲徐姓機車騎士，徐男當場被撞飛摔倒在地。警消人員獲報趕抵現場，緊急將受傷的兩人送往亞東醫院救治。警方對廖男實施毒品唾液快篩，檢測結果呈毒品依托咪酯陽性反應，證實為毒駕，全案依法函送新北地檢署偵辦。警方調查，有多項毒品前科的廖男，昨日上午7時許剛從物流公司下班，隨後騎機車準備返回住處，車輛行經中和區中山路三段與漢生東路口停等紅燈時，廖男因不耐煩而超越停止線。不料燈號剛轉換為綠燈，廖男竟直接催油門逆向衝入對向車道，在連續閃避多部自小客車與機車後，正面猛烈撞上騎車準備上班的徐男。強大撞擊力造成徐男連人帶車翻覆重摔，廖男的機車車體當場冒出陣陣白煙，現場一片狼藉。請繼續往下閱讀...救護人員趕抵現場，發現廖男左腳小腿骨折，隨後送往亞東醫院進行手術診治；遭撞的徐男左腿、左手有多處擦挫傷，送醫救治後無生命危險。轄區中和分局警方對雙方實施酒測，檢測結果數值都為零，排除酒後駕車的可能性。不過員警憑藉經驗對廖男進行毒品唾液快篩，結果驗出依托咪酯陽性反應。中和分局警方詢後將廖男依涉嫌刑法公共危險罪及毒品危害防制條例移送新北地檢署偵辦。另外，對於廖男毒駕、逆向行駛等嚴重違規行為，警方也當場依道路交通管理處罰條例相關規定依法掣單告發，並開單扣留車輛與吊扣車牌。25歲物流業廖姓男子，昨日下班後騎機車行經新北市中和區中山路三段一帶時，不僅違規逆向行駛，還失控撞向對向33歲徐姓機車騎士。（記者鄭景議翻攝）    ,https://news.ltn.com.tw/news/society/breakingnews/5540264
兒少性侵追訴期規定違憲 民團樂見並籲民事及犯保法跟進,社會,2026/08/14 19:21,「刑法」追訴權時效，讓兒少性侵害被害者在長大後想提告因超過時效，導致案件不受理，憲法法庭今宣判此規定違憲。民間團體樂見並肯定該釋憲案有助提升被害人權益。（擷取自婦女救援基金會臉書）過往「刑法」有追訴權時效，卻有不少兒少性侵害被害者在小時候不知或遭禁聲，長大後鼓起勇氣想提告卻超過時效，案件不受理，有11人、13案提出釋憲；憲法法庭今（14日）宣布該規定違憲。民團聞訊紛紛表達肯定憲法法庭，樂見未來保障更多被害人提告權利，但提醒民事賠償及犯保法的請求權期限也要一併檢討跟進。憲法法庭今針對「被害人為兒少之性犯罪追訴權時效案」，認定修正前「刑法」第80條未考量兒少遭受強制性交、強制猥褻、權勢性交、乘機猥褻及拍攝性影像等犯罪，常有「難以在當下及時揭露」的創傷現實，導致追訴時效起算過早，過度剝奪受害者尋求司法的權利，已侵害「憲法」保障的訴訟權與兒少健全成長意旨，判定違憲，自今日起失效。請繼續往下閱讀...針對今日釋憲結果，婦女救援基金會執行長杜瑛秋表示，這對很多被害人是非常好的結果，過去常接獲兒少性侵被害人的求助電話，詢問案件有沒有過追訴期，一旦過期（犯行發生後超過20年）就很遺憾，如今釋憲判該規定違憲，但與被害人相關的民事賠償，以及犯罪被害人權益保障法，亦有相關請求權時效，未來也應一併檢討。現代婦女基金會資深研究員王秋嵐說，基金會也有針對該釋憲案提出意見書，樂見這次憲法法庭宣判，讓許多被害人有機會提起訴訟，因為過去不少兒少被害人是在家內受害，其本身仍被家人照顧、被家族要求禁聲等，長大要追究加害者已來不及，或是師長、教練等權勢性侵案，也難以當下報案，甚至有的兒少在事發當下不知道自己是否真的被性侵；未來則建議兒少性影像的犯罪追訴權也要一併檢討。勵馨基金會執行長王玥好也說，很高興這次憲法法庭釋憲結果，過去「刑法」未修改前，被害人往往成年後已過20年追訴期，今年7月立法院三讀通過刑法修正案，將兒少性侵案的追訴期從被害人成年起開始計算，代表過去國家制度不完善，犧牲兒少被害人權益，如今想辦法彌補，但實務上雖然第一關可提告，第二關仍面臨陳舊案件的證據力不足問題，畢竟性侵類案件多發生在密室，缺乏第三人見證，物證也可能年久無保存，目前勵馨著手與司法專家討論，針對性侵害案件的證據法則，要與一般刑事案件有一些不同。    ,https://news.ltn.com.tw/news/society/breakingnews/5540254
騎士跨越雙黃線遭小貨車撞死 駕駛「4天前拉K」判3年6月,社會,2026/08/14 19:09,羅姓男子被控毒駕小貨車上路，撞死正騎機車跨越雙黃線的蕭姓男子，嘉義地方法院國民法官法庭依不能安全駕駛動力交通工具致人於死罪，判羅3年6月。（資料照）羅姓男子被控毒駕小貨車上路，在嘉義縣中埔鄉台18線內側車道直行，撞上正騎機車跨越雙黃線的蕭姓男子，蕭男人車倒地，送醫急救不治。嘉義地方法院國民法官法庭本週開庭審理，認為蕭男跨越雙黃線、橫越車道雖是肇事主因，然而羅男車禍前4天施用第三級毒品愷他命，且有超速等肇事次因，與蕭男車禍死亡仍有相當因果關係，依不能安全駕駛動力交通工具致人於死罪判刑3年6月。國民法官法庭審理，羅男在2025年1月30日下午6點多，沿中埔台18線由西向東直行內側車道，此時蕭男騎機車跨越雙黃線，2車發生碰撞，蕭男倒地受傷，送醫急救於晚間7點許不治，警方徵得羅男同意，當晚8點許採集尿液送驗，檢驗結果呈現愷他命陽性反應，回溯得知，蕭男在車禍採尿前96小時、4天前曾吸食愷他命。請繼續往下閱讀...國民法官法庭審理，蕭男跨越雙黃線且未開車燈及戴安全帽等過失，是車禍肇事主因，然而羅男施用毒品後開車，未注意車前狀況、超速等肇事次因導致車禍發生，對於車禍事故發生無法免責。國民法官法庭審酌羅男雖肇事後留在現場，並向員警坦承是肇事駕駛，依照自首規定可減刑，然而在此案中沒有值得同情、憐憫情狀，不應再依據刑法第59條減刑，且以230萬元與蕭男家屬和解等因素，今天依不能安全駕駛動力交通工具致人於死罪，宣判處以有期徒刑3年6月，全案可上訴。    ,https://news.ltn.com.tw/news/society/breakingnews/5540216
前男友劈腿、前夫外遇  陳幸妤情史坎坷全網心疼,社會,2026/08/14 19:08,前總統陳水扁女兒陳幸妤近日因在前夫趙建銘診所留下1星Google負評引發熱議，也讓她過往的情史再度受到外界好奇。（資料照）前總統陳水扁女兒陳幸妤近日因在前夫趙建銘診所留下1星Google負評引發熱議，也讓她坎坷情史再度受到外界好奇。陳水扁曾在著作《關不住的聲音─阿扁坐監ㄟ五0張批》中爆料，陳幸妤當年是遭到前男友林子欽劈腿。請繼續往下閱讀...林子欽的大伯受訪時曾表示，當時根本不知道林子欽還有別的女朋友。縱然劈腿一說從未獲得證實，坊間另有傳言指出吳淑珍曾邀林家人到官邸作客，餐會中吳淑珍氣勢凌人，嫌棄林子欽身高太矮、體格不好又不會說話等，最終導致戀情告終，不過林家對此則澄清「沒有被嫌這件事」。2000年10月，經台大醫學院教授韓毅雄安排介紹，陳幸妤轉與台大醫學系畢業、身高180公分且深得扁家青睞的趙建銘交往，兩人隨後於2001年、陳水扁擔任總統的第一年步入禮堂。婚禮過後，陳幸妤與趙建銘初期生活幸福、子女陸續誕生。然而自2004年起，因趙建銘父子涉台開公司內線交易案等爭議，面對媒體追逐的龐大壓力，陳幸妤陷入情緒低潮。陳幸妤近日重回媒體版面時，態度已顯得從容不迫、游刃有餘，甚至能笑著主動向記者爆料趙建銘的行蹤與診所地下室出口，展現出與過往截然不同的神態，其弟弟陳致中也對姊姊祝福「回首向來蕭瑟處，歸去，也無風雨也無晴」。對此，網友紛紛表達力挺與心疼，留言表示「全台灣最信陳幸妤」、「她是阿扁家我唯一認為無負評的好人，唯一的不幸就是嫁給那個姓趙的」，並祝福她在斷開過去後，能過上更好的日子。    ,https://news.ltn.com.tw/news/society/breakingnews/5540083
中和女派出所旁20層大樓墜樓 砸中警用機車當場無呼吸心跳送醫搶救,社會,2026/08/14 19:03,49歲廖姓女子因不明原因突然從中和派出所旁20層大樓墜落，重摔在路邊，墜落過程中更砸中正下方派出所門前2輛警用機車。（記者鄭景議翻攝）新北市中和區中和路今日傍晚17時48分許驚傳墜樓意外。一名49歲廖姓女子因不明原因突然從中和派出所旁20層大樓墜落，重摔在路邊，墜落過程更砸中正下方派出所門前2輛警用機車，當場失去生命跡象。值班員警聽到外面傳出劇烈巨響，急忙跑出查看、立刻通報119派遣救護車將廖女送醫搶救，目前仍在急救中，詳細墜樓原因正由警方深入釐清中。警方調查，事發當時為傍晚下班通勤時段，中和路街頭人車往來頻繁。廖女自高處墜落時發出轟然巨響，龐大衝擊力導致停在派出所前方2輛警用機車車身受損、倒臥在地。值班員警聽聞異常聲響衝出查看，赫然發現廖女倒臥在機車旁已無呼吸心跳，隨即展開緊急救護處置，並通報消防局派員支援。請繼續往下閱讀...救護人員獲報火速趕抵現場，並將廖女緊急送往醫院搶救。轄區警方已在現場拉起黃色警戒線進行封鎖採證，並積極聯繫廖女的家屬前往醫院，調閱監視器釐清確切墜樓原因。    ,https://news.ltn.com.tw/news/society/breakingnews/5540237
柯文哲赴執行署做筆錄！陳佩琪臉書痛批「法律畸形」 台北分署回應了,社會,2026/08/14 18:57,民眾黨創黨主席柯文哲（右二）與妻子陳佩琪（左二）。（資料照）前台北市長柯文哲妻子陳佩琪今日於臉書發文講述兩人前往法務部執行署做筆錄時，目的為陳述應把過去退休金可退回部分當作生活費。但分署人員告知未入帳的退休金不能扣押，已入帳可以扣押，陳佩琪痛批「我們中華民國怎麼有這麼畸形的法條」。法務部執行署台北分署回應，一切強制執行作為均嚴格遵守相關法規。陳佩琪的貼文指出，今她和柯文哲做筆錄時，說應該要把柯過去的退休金部分退回給他們當作生活費，但分署人員卻說「未入帳」的退休金才是退休金、才不能扣押， 但「已入帳」的退休金就變成存款了，就可以執行扣押了，令她感到不滿，並痛批「我們中華民國怎麼有這麼畸形、不盡人情的法條呢」。請繼續往下閱讀...另，陳佩琪也提到，執行署人員問先生柯文哲有什麼清償計畫？付不出來怎麼辦？自己是去跳樓一了百了啦，先生他算是較理性的，他跟自己說「柯文哲欠柯文哲政治獻金5588萬，以關一天抵債一千塊計算， 抓他去關200多年，就可以清償他『柯文哲』侵占『柯文哲』5800多萬的政治獻金了」。針對陳佩琪的控訴，台北分署說明，按扣得存款是否屬不得扣押退休金債權，因將領取之退休金撥入銀行已不是相關法條所稱請領退休金之權利，除有其他不得扣押之情形外，否則難謂不得執行。台北分署指出，義務人尚未領取之「未入帳」退休金請領權利，依法確實受保障而不得作為強制執行之標的，然而若退休金已撥入義務人之個人金融機構帳戶，其法律性質便轉換為對金融機構之存款債權，依法得為強制執行之標的。另執行機關於扣押義務人存款時，針對維持義務人及其共同生活親屬生活所必需之費用，均會依法進行調查與處理，以取得公權力執行與基本人權保障的平衡。又本案屬公法上金錢給付義務之強制執行，與民事執行採當事人進行主義不同，本分署將恪遵正當法律程序，依法執行。此外，台北分署指出，外界關注是否已對柯先生核發禁奢命令部分，本分署尚未對柯先生核發禁奢命令，嗣如查得柯先生之生活有逾越一般人通常程度時，本分署將依法審酌是否核發禁奢命令。    ,https://news.ltn.com.tw/news/society/breakingnews/5540218
屏東踏勘遇虎頭蜂奪命！失聯3人為資深搜救員 1女獲救明續挺進,社會,2026/08/14 18:54,遭虎頭蜂攻擊3人都是資深登山高手。（小花雨來菇提供）社團法人中華健行登山會高雄市協會及中華民國山難救助協會等一行3人，深入未開放山林探勘遭虎頭蜂圍攻慘案，搜救行動進入關鍵階段！警方與搜救隊調查，遭襲擊的張女（55歲）、張男（69歲）及顏男（64歲）3人，全具備資深搜救員背景，平時為合作無間的登山夥伴，不料仍於惡劣山林環境中不幸遭遇蜂群襲擊。經過搜救人員冒險深入推進，今日已順利接觸到張姓女子。幸運的是，張女傷勢並不嚴重，且尚能自行移動，已由搜救人員安全帶回並安排治療與休息。此外，搜救隊也已成功確認到其中1名男子的位置，不過究竟是張男還是顏男，目前身分仍有待進一步釐清。請繼續往下閱讀...然而，山區入夜後天候狀況急遽惡化，礙於天候與視線不良，搜救隊考量人員安全，暫時無法繼續向前挺進，只能無奈先撤回基地。搜救隊表示，明日（15日）一早將把握黃金救援時間，全面展開第二波挺進搜救，全力將剩餘受困人員搶救出險境。墾管處重申，本次事故發生地點位於國家公園生態保護區內，經查該隊伍原申請8月16日前往出風谷、出風鼻及佳樂水海岸辦理生態保育教育活動，3人12日提前從欖仁溪進入踏勘，當天並未另外提出申請，因此不在原本核准的許可範圍內。國家公園生態保護區除已開放之指定步道外，多屬未開發之原始環境，潛藏地形與野生動物危險。民眾如欲進入生態保護區，必須依法事先提出申請，並嚴格遵循核准路線行進，切勿擅自偏離或進入未開發區域，以確保自身生命安全。獨家》踩國家公園未開放禁地！出風鼻探勘遭虎頭蜂圍攻釀2死1重傷登山協會申請的是溪仔口至出風鼻海岸區域。（墾管處提供）搜救單位在溪仔口集結。（記者蔡宗憲攝）    ,https://news.ltn.com.tw/news/society/breakingnews/5540145
休旅車自撞護欄橫停國道  遭半聯結車撞上釀3傷,社會,2026/08/14 18:42,休旅車自撞外側護欄，橫停在外側車道上，被後方1輛半聯結車撞上。（警方提供）1輛休旅車今天（14日）凌晨3點多，行經國道1號新營路段，自撞外側護欄後，橫停在外側車道上，後方1輛營業半聯結車閃避不及，迎頭撞上，造成休旅車上3名乘客輕傷送醫；車禍原因由國道第四警察大隊調查釐清。25歲林姓男子駕駛休旅車，行駛國1南向289.2公里（台南新營路段）的外側車道，疑因操作不當，車子撞擊外側護欄後橫停在外側車道上，再遭後方行駛在外側車道由47歲葉男駕駛的營業半聯結車撞擊而肇事，休旅車受撞擊，車體受損，車內安全氣囊全爆開，幸好林男和車上2名乘客僅受輕傷，送醫治療。請繼續往下閱讀...警方調查林男、葉男都無酒駕，事故確切原因有待釐清，警方呼籲用路人，開車務必要注意前方動態並保持安全距離，以免一時疏忽或分心，造成自身及其他用路人之危害。半聯結車閃避不及撞上休旅車。（警方提供）休旅車（右）自撞外側護欄，橫停在外側車道上，後方1輛營業半聯結車（遠處）撞上，造成休旅車上3乘客輕傷。（警方提供）    ,https://news.ltn.com.tw/news/society/breakingnews/5540182
兒少性侵追訴時效違憲 3大法官反對：不得恢復已消滅追訴權,社會,2026/08/14 18:38,憲法法庭今天針對兒少性犯罪追訴權時效作成判決，認定舊《刑法》第80條部分規定違憲，未參與評議的3名大法官蔡宗珍、楊惠欽、朱富美提出不同意法律意見書。（資料照）憲法法庭今天針對兒少性犯罪追訴權時效作成判決，認定舊《刑法》第80條部分規定違憲。但未參與評議的3名大法官蔡宗珍、楊惠欽、朱富美提出不同意法律意見書，主張舊法並未違憲，強調追訴權時效一旦完成，無論透過修法、司法解釋或違憲宣告，均不得恢復已消滅的追訴權。憲法法庭針對對兒少性犯罪追訴權時效作成115年憲判字第6號判決，認定舊《刑法》規定，違反比例原則及訴訟權保障，聲請釋憲的11名被害人終局裁定全數廢棄，發回法院重新審理。請繼續往下閱讀...此判決由5名大法官謝銘洋、呂太郎、蔡彩貞、陳忠五、尤伯祥評議，未參與評議的3名大法官為蔡宗珍、楊惠欽、朱富美。蔡宗珍、楊惠欽、朱富美三名大法官之意見書指出，今年修正《刑法》第80條第3項，規定特定性犯罪在被害人滿20歲前不計入追訴權時效，確實是兒少被害人特殊處境的重要制度改革，但立法政策改革與過去已發生的犯罪能否重新追訴，是不同層次的問題。意見書認為，追訴權時效涉及犯罪追訴、被害人保護、被告防禦權、裁判正確性及法安定性等多重利益，原則上屬立法形成事項，不能因為後來制定更完善的制度，就反過來認定舊制度違憲。意見書指出，無論立法者事後修法，或司法機關透過解釋、法律續造，甚至憲法法庭透過違憲宣告，都不能溯及否定已發生的時效完成效果，再恢復國家已經消滅的追訴權，否則將牴觸禁止不利法律溯及既往、法安定性及罪刑法定原則。意見書強調，今年修法讓特定性犯罪在被害人滿20歲前不計入追訴權時效，確實具有重要制度意義，但立法者仍明確以新法施行時追訴權時效是否完成，作為新制得否適用於既往犯罪的界限。意見書指出，本案爭議核心，在於國家為實現此一重大公益，是否得於追訴權時效依法完成後，事後否定既已發生的法律效果，而恢復對該犯罪的追訴；依禁止不利法律溯及既往、法安定性、罪刑法定及權力分立等原則，答案應是否定，「無論立法者或憲法審查者，均不得恢復依有效法律已消滅之追訴權」。此外，提出意見的大法官也再次質疑憲法法庭組成合法性，認為本案應待法定足額大法官合法組成憲法法庭後，才能進行實體評議及判決；5名大法官以憲法法庭名義作成的判決，依其一貫見解，自始不生判決效力。    ,https://news.ltn.com.tw/news/society/breakingnews/5540191
「代議員收尾款」賺3千？彰化女被警包圍才知淪車手,社會,2026/08/14 18:33,馬姓女子「代議員收取尾款」，直到面交完被逮才知淪車手。（民眾提供）彰化縣一名馬姓女子透過抖音結識網友，對方以「代議員收取尾款」為由，請她協助面交收款，並承諾每次可獲得3000元報酬。馬女依指示前往收款，不料取款後當場被埋伏警方逮捕，直到進了警局，才驚覺自己淪為詐騙車手。警方指出，全案源於另一名黃姓男子，他日前在抖音上誤信投資直播，遭詐騙集團以「翡翠原石投資」及「免費贈品」等話術引誘，謊稱可透過買賣原石賺取價差。黃男信以為真，多次依指示與對方進行面交，前後共損失7萬元。請繼續往下閱讀...警方表示，8日接獲面交車手情資，立即組成專案小組，前往北斗鎮某便利超商埋伏查緝。待馬女完成取款、準備離去之際，員警立即上前盤查，當場查扣不法所得，成功破獲這起假投資面交詐騙案。警方調查發現，馬女係透過抖音結識網友，該網友以「代議員收取尾款」為由，告知每次面交可獲得3000元報酬。馬女誤以為此工作合法，遂依對方指示前往收款，直到遭警方查獲後，才驚覺自己已成為詐騙集團車手，沒想到首次前往收款就被警方逮個正著。全案訊後依詐欺、洗錢等罪嫌，移送彰化地檢署偵辦。北斗分局長楊志源提醒，詐騙集團常以「高獲利、低風險」等話術誘騙民眾投資，亦可能假借高薪、簡單工作等名義吸收車手。民眾面對網路投資或求職資訊，務必提高警覺，切勿輕信陌生網友或網路廣告，更不要依指示代收、轉交款項，以免受騙或誤觸法網。黃姓男子遭詐騙集團以「翡翠原石投資」手法，詐騙7萬元（民眾提供）    ,https://news.ltn.com.tw/news/society/breakingnews/5540193
「倒砂糖」加料莊家班麻油雞7分店 2男各判刑2年、10月,社會,2026/08/14 18:30,莊家班麻油雞連鎖店遭倒「砂糖」破壞湯頭。（翻攝資料照）知名連鎖店家「萬華莊家班麻油雞」去年跨年夜接連遭惡搞！江姓、謝姓男子等人分別騎機車，攜帶大量砂糖突襲新北市及台北市共10家分店，將砂糖倒入麻油雞大湯鍋內，導致整鍋湯品毀損無法販售。新北地院審理後，依毀損他人物品罪，判處涉入5次毀損罪行的江男2年徒刑、2次毀損罪行的謝姓男子10月徒刑，同案被告卓姓男子無罪、涉入3次毀損犯行的李姓男子在逃中。檢警調查，去年12月31日下午4點到6點左右，江男騎機車攜帶袋裝砂糖，接連赴莊家班麻油雞的淡水竹圍店、北投店、北投石牌店、天母店及士林店等5家分店，將砂糖大量倒入大湯鍋中，隨即離去；另一名謝男也受通訊軟體Telegram暱稱「SHI」不詳人士指示，於同日下午到蘆洲長榮店與蘆洲中原店，以完全相同的「倒砂」手法毀損湯鍋。請繼續往下閱讀...江男辯稱，數月前到莊家班消費點了1份豬肝，認為有品質問題要求重做，店家態度不佳，才萌生報復之心；謝男則稱是接獲「SHI」指示幫忙出氣才照辦。法官認為，2人所為造成麻油雞湯損壞而無法販售，並衍生其他營業損失，行為非常值得加以譴責，雖然坦承犯行，但對犯罪細節及動機交代不清並有所隱瞞，耗費國家大量資源進行調查，且至今尚未與被害店家和解或賠償等因素量處上述徒刑。此外，2人被訴恐嚇危害安全部分，法官認為2人倒入的物質均為常見食用調味料「砂糖」，並非來源不明或有毒物質，且作案時間僅數秒，過程未說出任何加害生命、身體或財產的威脅言語，店家雖感害怕但僅屬個人事後揣測，客觀上難認構成恐嚇罪。此外，本案另有一名被告卓姓男子被控受「SHI」指示，將內含毀損備忘錄的iPhone 13手機交付給謝男而涉共同犯毀損及恐嚇罪，法官審理後以證據不足判決他無罪；另名李姓男子被控以相同手法毀損景安店、中和信義店及興隆店，他在審理期間屢次未到庭，保金已被沒收，他涉案部分尚未判決。    ,https://news.ltn.com.tw/news/society/breakingnews/5540057
板橋重劃區住宅火警飄「毒」氣  警查獲分裝場、2毒蟲恍神被逮  ,社會,2026/08/14 18:26,新北市板橋重劃區一處住宅今天上午驚傳火警，警方逮獲林姓、章姓毒蟲，朝公共危險、毒品罪嫌送辦。（警方提供）新北市板橋江翠北側重劃區一處社區大樓今天上午竄出火煙，消防、警方到場，發現屋內傳出毒品氣味，消防人員滅火後，警方在屋內發現疑似毒品殘渣袋、分裝工具，詢問在場的林姓、章姓兩人為何起火，2人都恍神，吞吞吐吐無法回答，警方清查身分，赫見林男、章男2嫌都是毒品人口，檢測現場毒品殘渣袋，呈現安非他命陽性反應，當場逮捕2嫌法辦，不排除2人吸毒後恍神釀災，更將毒品沖入馬桶、水槽，適逢暑假，將溯源毒品來源、流向。新北市119今天上午獲報，板橋區華江一路1處社區住戶傳出火警，消防、警方到場，衝上樓撲滅火勢，發現現場燃燒客廳約1平方公尺，詢問2人都說不清楚，警方進一步發現毒品殘渣袋，分裝工具，懷疑該處為分裝場，當場查扣證物，並依毒品條例、公共危險罪嫌逮捕2名男子，訊後移送新北地檢署偵辦，進一步釐清毒品來源及起火原因，尚待調查釐清。    ,https://news.ltn.com.tw/news/society/breakingnews/5540099
全國近31萬新住民具投票權！北檢防堵境外介選 鎖定異常資金,社會,2026/08/14 18:19,北檢檢察長王俊力率選舉查察執行秘書、主任檢察官李仲仁，簡任檢察事務官何其非及觀護人栗嘉真出席移民署北區事務大隊「地方公職人員選舉查察座談」。（台北地檢署提供）今年地方選舉將屆，全國逾60萬名新住民中，近31萬人具有投票權。台北地檢署檢察長王俊力今率查賄團隊前往移民署北區事務大隊，要求強化新住民反賄選宣導及情資蒐報，全面掌握境外勢力介選與異常資金線索，從國境第一線阻斷滲透。北檢指出，移民機關是選舉查察團隊重要成員，歷次選舉均在新住民反賄選宣導及情資蒐報工作扮演重要角色。根據統計，全國新住民已超過60萬人，其中近31萬人具有投票權，本次地方選舉除應加強反賄選宣導，也須落實情資布建與蒐報，嚴防境外勢力介選。請繼續往下閱讀...會中由台北市、新北市專勤隊分別報告轄區反賄選宣導及情資蒐報情形，主任檢察官李仲仁則簡報本次選舉查察重點，並與第一線人員交流可能出現的介選態樣及查察策略，強化跨機關合作。北檢盤點2018年、2022年地方選舉，以及2020年、2024年中央公職人員選舉移送案件，北區事務大隊過去曾與其他查察機關共同偵辦多起賄選案。王俊力表示，打擊境外勢力介選是維護國家安全的總體戰，移民機關應堅守國境前線，並與其他查察機關落實情資共享及共同研判。王俊力表示，今年地方選舉種類及參選人數眾多，預料各類介選手法及力道也將加劇，第一線查察人員應發揮勤務觸角，積極發掘境外勢力介選及異常資金線索，落實早發現、早通報，從源頭阻斷境外勢力介入，維護公平公正的選舉環境。北檢今前往移民署北區事務大隊舉辦地方公職人員選舉查察座談，由王俊力率選舉查察執行秘書、主任檢察官李仲仁，簡任檢察事務官何其非及觀護人栗嘉真出席；北區事務大隊長吳嘉宏則率台北市、新北市專勤隊及選舉查察人員與會，共同研商查察策略。    ,https://news.ltn.com.tw/news/society/breakingnews/5540091
立院修法後仍有漏洞！憲法法庭促再修法補「兒少性影像犯罪」法規,社會,2026/08/14 18:10,憲法法庭書記廳廳長許碧惠（左）、司法院新聞及法治宣導處處長兼發言人吳定亞（右）開記者會說明「115年憲判字第6號判決」。（記者楊心慧攝）憲法法庭今天對兒少性犯罪追訴權時效作成115年憲判字第6號判決，認定舊《刑法》規定，違反比例原則及訴訟權保障，聲請釋憲的11名被害人終局裁定全數廢棄，發回法院重新審理，但其餘案件卻不涵蓋在內。同時憲法法庭也指出，現行《刑法》第80條第3項未涵蓋拍攝兒童、少年性影像等性剝削犯罪，建議儘速通盤檢討修正相關規定。小時候遭性侵，長大後鼓起勇氣提告，卻因超過刑法舊法20年追訴權時效，加害者獲不起訴處分，本次受害者聲請釋憲有11人、共13件聲請案。請繼續往下閱讀...憲法法庭今天認定舊刑法第80條追訴權時效規定，未考量兒少被害人通常無法及時揭露受害事實，過度限制被害人尋求刑事司法救濟的權利，宣告修法前的規定違憲並失效，涉及的11名被害者終局裁定全部廢棄，發回原管轄法院重新審理。立法院今年7月7日三讀通過《刑法》第80條修正案，針對未成年人遭受性侵害案件，追訴權時效改自被害人年滿20歲起算；新法施行前，追訴權時效已開始進行、但尚未完成的案件，也適用修正後規定。不過新法並不適用修法前已逾時效的這些受害者，因此受害者們僅能透過釋憲救濟。憲法法庭書記廳廳長許碧惠說明，關於妨害性自主罪部分，立法院已增訂刑法第80條第3項規定，明定在被害人滿20歲前，不計入同條第1項之追訴權時效期間；但此次修法並未及於關於拍攝兒童、少年性影像之性剝削犯罪的追訴權時效期間，相關機關仍應依本判決意旨妥速通盤檢討修正相關規定。    ,https://news.ltn.com.tw/news/society/breakingnews/5540133
兒少性侵追訴時效違憲卻非人人能翻案！憲法法庭劃救濟紅線,社會,2026/08/14 17:44,憲法法庭今天對兒少性犯罪追訴權時效作成115年憲判字第6號判決，認定舊《刑法》規定過度限制被害人尋求司法救濟，違反比例原則及訴訟權保障。（記者楊心慧攝）憲法法庭今天對兒少性犯罪追訴權時效作成115年憲判字第6號判決，認定舊《刑法》規定過度限制被害人尋求司法救濟，違反比例原則及訴訟權保障。不過憲法法庭也劃出救濟界線，判決前已繫屬檢察機關或法院、尚未終結的案件，若依舊法計算追訴權時效已屆滿，基於法律不得溯及既往、惡化行為人法律地位，除本次聲請釋憲獲發回的案件外，原則上仍依舊法計算追訴權時效。少女時期遭性侵，長大後鼓起勇氣提告，卻因超過刑法舊法20年追訴權時效，加害者獲不起訴處分。本次受害者聲請釋憲有11人、共13件聲請案，憲法法庭今天宣告本案涉及的11名被害者終局裁定全部廢棄，發回原管轄法院重新審理。請繼續往下閱讀...立法院今年7月7日三讀通過《刑法》第80條修正案，針對未成年人遭受性侵害案件，追訴權時效改自被害人年滿20歲起算；新法施行前，追訴權時效已開始進行、但尚未完成的案件，也適用修正後規定。不過新法並不適用修法前已逾時效的這些受害者，因此受害者們僅能透過釋憲救濟。憲法法庭指出，兒少免於性犯罪侵害具有重大公益，國家有義務採取有效保護措施；性犯罪具有隱密性，兒少更可能因身心尚未成熟、重大創傷或受家庭、學校等權威關係阻礙，無法及時揭露受害經驗，形成「非自願遲延揭露」。憲法法庭認定，舊法未考量兒少性犯罪被害人的特殊處境，一律自犯罪成立或行為終了時起算追訴時效，過度限制兒少尋求刑事救濟的權利，違反比例原則及訴訟權保障。不過針對其他已進入司法程序的案件，憲法法庭也明確劃下界線；憲法法庭表示，判決前已繫屬檢察機關或法院、案件尚未終結，但依舊法計算追訴權時效已經完成者，考量處罰法律變更原則上不得溯及既往，避免事後惡化行為人的法律地位，國家對於已經「終局不得追訴」的狀態原則上不應再予動搖。換句話說，除了本次11名聲請人經憲法法庭廢棄原確定終局裁定、發回法院的原因案件外，其他已繫屬但依舊法追訴權時效已屆滿的案件，憲法法庭仍認為應依舊法計算，無法直接援引此次違憲判決重新計算時效。    ,https://news.ltn.com.tw/news/society/breakingnews/5540063
兒少性侵追訴時效違憲「僅11人獲救濟」被害人律師遺憾喊話修法,社會,2026/08/14 17:38,憲法法庭今年3月2日召開兒少性侵害追訴權釋憲案不公開說明會，台灣光寰協會與釋憲案律師團、受害者等在兒少性侵害追訴權釋憲案不公開說明會結束後，在司法院門口開記者會說明。圖為被害者的訴訟代理人、律師蔡尚謙（左）與邱顯智（右）（記者楊心慧攝）憲法法庭今天針對兒少性犯罪追訴權時效作成判決，認定舊《刑法》規定違憲，聲請釋憲的11名被害人終局裁定全數廢棄，發回法院重新審理，其餘案件原則上仍依舊法計算時效。其中一名被害者的訴訟代理人、律師邱顯智表示，欣慰當事人能重新獲得救濟，不過對其他受害者無法適用感到遺憾，呼籲立法院應對此修法。邱顯智表示，他的當事人原本因追訴權時效完成、無法獲得救濟，如今有機會撤銷原裁判、重新獲得救濟，「當然非常欣慰」；許多被害人在兒童時期遭到性侵，長大後好不容易鼓起勇氣提告，卻因追訴權時效已過而無法追究加害人責任，對被害人而言相當心酸。請繼續往下閱讀...邱顯智認為，這次判決仍有令人遺憾之處，憲法法庭既然認定舊法沒有充分考量兒少遭性侵後，可能因年幼、創傷等因素無法及時說出遭遇的困境，因此認定相關追訴權時效規定違憲，卻未讓其他具有相同處境的被害人全面獲得救濟。邱顯智進一步將被害人分成4種情況，包含第一種是本次聲請釋憲的11名被害人，案件可以依照判決意旨獲得救濟；第二種是過去曾提告，但案件已因追訴權時效完成而確定遭駁回者；第三種是已提告、案件目前仍在訴訟中的被害人；第四種則是過去遭受性侵，但至今從未提出告訴者。邱顯智指出，依照這次判決，第二、第三類被害人恐怕無法直接獲得救濟，這部分相當遺憾，建議未來立法院應考慮透過修法，增訂溯及既往規定，解決這些案件的救濟問題。至於第四類、也就是「從來沒有提告過」的被害人，邱顯智說明，憲法法庭此次並未明確處理，這類被害人仍有機會依照新的規定提出告訴，因此這次判決也應視為對過去曾在兒少時期遭受性侵者的一項正面鼓勵，「應該鼓勵這些人勇敢站出來，為自己、也為社會討一個公道。」    ,https://news.ltn.com.tw/news/society/breakingnews/5540092
更生少年關懷協會連12年辦「騎士試煉營」  引導少年重生蛻變,社會,2026/08/14 17:29,更生少年關懷協會暑假期間在台北少年觀護所辦理「騎士試煉營」。（更生少年關懷協會提供）暑假期間青少年少了學校約束，易成為青少年犯罪的高峰期，台北少年觀護所今年暑假收容超過150位少年，為陪伴少年發掘潛能、建立自信與正向價值，更生少年關懷協會辦理「115年暑期更新轉化營－騎士試煉、榮耀進化」，聚集50位社工和志工及少年觀護所少年共同參與，透過闖關挑戰、五感小劇場及團隊展演等多元課程，引導少年在體驗中學習、合作中成長，勇敢踏上屬於自己的蛻變旅程。更生少年關懷協會指出，本次營隊8月11日到8月14日舉辦為期4天以「成長、進化」為核心理念，將每位少年比喻為踏上試煉旅程的騎士。活動設計勇氣、智慧、合作與創意等挑戰任務，讓少年在一次次突破中累積成功經驗，從完成任務的過程中建立自我效能感，體會只要願意跨出一步，每個人都能成為更好的自己。活動中的團隊闖關課程，透過合作解謎、策略思考及互助挑戰，鼓勵少年彼此溝通、分工合作，培養團隊默契與問題解決能力。請繼續往下閱讀...更生少年關懷協會表示，除了豐富的體驗課程，營隊也與果陀文創黃彥慈老師合作設計舞台展演，透過五感小劇場則運用沉浸式體驗，引導少年透過視覺、聽覺、觸覺等感官探索不同情境，學習感受他人、理解自己，在互動與反思中提升同理心及情緒覺察能力。更生少年關懷協會社工組長李佳怡表示：「青春時期的跌倒，不該成為一輩子的標籤。我們想讓社會知道，少年是會『進化』的！只要有人願意相信他們、給予機會，每一個孩子都值得被看見、被好好接住」。更生少年關懷協會主任陳彥君表示：「少年改變的關鍵，就是在矯正機關裡是否有機會遇到能接住他的人。這些孩子往往因為過往的創傷或被排拒而建立起厚重的防衛心；營隊只是個起點，我們希望透過沉浸式的體驗與真誠的陪伴，讓他們知道自己值得被尊重、被愛，並在挑戰中重新看見自己的價值與可能性」。    ,https://news.ltn.com.tw/news/society/breakingnews/5540084
陳幸妤懊悔給趙建銘6千萬診所 雷丘律師說明夫妻贈與3狀況,社會,2026/08/14 17:10,趙建銘開設的兆福脊椎骨科診所。（資料照）前總統陳水扁女兒陳幸妤離婚風波延燒，她在前夫趙建銘診所Google評論留下1星負評，昨（13日）再爆料，位於台南的診所是她透過夫妻贈與給趙建銘的，貸款仍留在自己名下，懊悔直呼「錯到想殺死自己」。對此，網紅雷丘律師朱立偉在社群平台Threads發文說，這邊「其他無償取得之財產」，一般就是指贈與。可是這個贈與是「只限他人的贈與」還是「所有的贈與都算」，以往是有爭議的。●肯定說（戴東雄）：認為夫妻間贈與應視為有償取得而應列入分配，其目的在於保障債權人，以免夫妻之一方利用夫妻間贈與逃避債權人對剩餘財產強制執行。請繼續往下閱讀...●否定說（林秀雄、實務多數）：認為夫妻間贈與應視為無償取得而不應列入分配，較能保障受贈一方（多為經濟弱勢方）的權利。●實質說（實務少數）：認為應先推定為有償取得而納入分配，但可透過舉證贈與時排除未來分配之合意而不列入分配，以免制度遭濫用。朱立偉皿金，目前實務上的確如陳醫師所說採否定說，也就是不納入分配。但是否定說本意是為了保障經濟弱勢方（受贈方）啊，但是趙醫師根本就不是什麼經濟弱勢方，所以陳醫師才會捶心肝吧。     在 Threads 查看    ,https://news.ltn.com.tw/news/society/breakingnews/5540003
台北宜蘭一日遊變驚魂記！載42人遊覽車撞遮雨棚 竟直接落跑,社會,2026/08/14 17:06,遊覽車擦撞遮雨棚肇逃，宜蘭警以車追人42人無恙。（民眾提供）台北宜蘭一日遊驚魂！宜蘭縣三星鄉三星路、農義路口今日下午2點多發生遊覽車撞民宅遮雨棚與號誌桿事故，一度駛離現場，警方獲報立即調閱周邊路口監視器以車追人，周姓駕駛已到案說明，所幸車內42人無礙。警方調查，周姓駕駛開遊覽車沿三星路往羅東方向直行，行經農義路口右轉準備加油時，擦撞路邊遮雨棚及路燈，但周男隨即駛離。警方掌握線索通知，周男已將肇事遊覽車開到大隱派出所製作筆錄說明案情。請繼續往下閱讀...據了解，遊覽車行程為台北宜蘭一日遊。車上遊客受訪指稱，當時車內並沒有感覺到明顯搖晃，而且認為司機駕駛安全，不清楚為何會撞上，所幸車內共計41名遊客，連同駕駛42人都未受傷。    ,https://news.ltn.com.tw/news/society/breakingnews/5540049
驚悚！台中北區驚傳墜樓 男住戶11樓墜落爆頭慘死,社會,2026/08/14 16:55,消防救護車趕抵時，男子已明顯死亡未送醫。（資料照）台中市北區中清路一棟大樓今天（14日）中午驚傳墜樓意外！一名42歲男子不明原因從11樓住家墜落，重摔地面發出巨大聲響，驚動大樓管理員，緊急報警並通知119，救護人員趕抵現場時，男子因頭部重創已明顯死亡，未送醫，警方初步排除外力介入。警方今天上午11時51分接獲該起墜樓報案，立即派員前往現場處理，消防救護人員到場查看，確認男子已無生命跡象，警方鑑識人員隨後進行現場採證，發現死者除頭部受到重創外，身上並無其他明顯外傷，現場也未發現打鬥或拉扯痕跡，目前已報請台中地檢署檢察官相驗，後續將透過相關事證及鑑驗結果查明確切死因。    ,https://news.ltn.com.tw/news/society/breakingnews/5539995
只為1根香腸！宜蘭香腸攤老闆連甩3耳光 幫工「顱內出血」家屬炸鍋,社會,2026/08/14 16:47,香腸攤老闆登門理論，驚動警方出面協調。（民眾提供）宜蘭縣1名身世坎坷的40歲陳姓男子，平時會固定至冬山1家香腸攤幫忙，但因短少1根香腸，遭攤商老闆連甩3個巴掌，陳男返家後臉頰紅腫並伴隨不適，送醫檢查竟赫然發現硬腦膜下出血，家屬炸鍋上門討公道卻遭嗆，事件曝光後，引發網友熱議；不過老闆也表達歉意，坦承太過衝動，目前暫時歇業靜待警方調查。8月11日事發當天傍晚，廟方人員向攤位買2根香腸。老闆因忙於招呼其他客人，便委託陳男協助跑腿代送。未料對方收到時僅剩1根，陳男矢口否認偷吃，強調有給2根香腸，但老闆認定陳男說謊欺騙，一時情緒失控便動手。請繼續往下閱讀...陳男哥哥心痛表示，弟弟頂著紅腫右臉哭泣回家，追問才知被打；家屬氣憤指出，當晚老闆竟還登門理論，無視員警在場仍大聲叫囂，甚至脫口嗆說「頂多就是傷害罪」；弟弟住院觀察數日出院，但後續半個月仍需專人全天照護。家屬進一步控訴，老闆跑到家門口後，不斷指責弟弟多年來白吃白喝，還批評長輩不懂得教導小孩，字句猶如在傷口上撒鹽。哥哥無奈嘆息，母親早逝，父親上個月又逢車禍行動不便，如今弟弟受傷害，讓全家人處境更艱難。面對家屬指控，老闆澄清雙方已認識近10年，陳男常來攤位幫忙倒垃圾與送餐，自己則提供免費食物犒賞。他坦承當日忘記先提醒客人餐點不可食用，因短少引發懷疑，加上被對方態度惹怒才失控打人，不過深知「動手就是最大錯誤。」老闆受訪時表達悔意，承認當晚衝動前往陳家想解釋，卻因激動口角說出重話，如今對過激言行感到抱歉，認為當初應該直接交由警方協調處理，目前他決定暫停營業並休息一段時間，詳細法律責任靜待警方調查釐清。因為1根香腸，宜蘭男子遭香腸攤老闆掌摑，家屬炸鍋討公道。（資料照）    ,https://news.ltn.com.tw/news/society/breakingnews/5539996
大夜班悲劇！ 台中麗寶樂園駐衛警猝逝,社會,2026/08/14 16:41,麗寶樂園度假區傳出夜班駐衛警猝死事件。（記者張軒哲攝）台中市麗寶樂園度假區一名編制內的駐衛警，前天（12）日凌晨4時值班時猝死，消息傳開後，引起同事議論，麗寶樂園今日證實，這名駐衛警因突發性心因性疾病不幸離世。麗寶樂園表示，駐衛警於值班期間因突發性心因性疾病不幸離世，深感遺憾，並於第一時間依規定程序通報台中市府勞工局，因涉及個人隱私，不便透露過多員工個人健康狀況等細節。    ,https://news.ltn.com.tw/news/society/breakingnews/5540020
憲法法庭判兒少性侵追訴權時效舊法違憲！11名受害性侵案發回重審,社會,2026/08/14 16:17,憲法法庭書記廳廳長許碧惠、司法院新聞及法治宣導處處長兼發言人吳定亞開記者會說明「115年憲判字第6號判決」。（記者楊心慧攝）少女時期遭性侵，長大後鼓起勇氣提告，卻因超過刑法舊法20年追訴權時效，加害者獲不起訴處分，受害者聲請釋憲有11人、共13件聲請案，憲法法庭認定舊刑法第80條追訴權時效規定，未考量兒少被害人通常無法及時揭露受害事實，過度限制被害人尋求刑事司法救濟的權利，宣告修法前的規定違憲並失效，本案涉及的11名被害人終局裁定全部廢棄，發回原管轄法院重新審理。立法院今年7月7日三讀通過《刑法》第80條修正案，針對未成年人遭受性侵害案件，追訴權時效改自被害人年滿20歲起算；新法施行前，追訴權時效已開始進行、但尚未完成的案件，也適用修正後規定。不過新法並不適用修法前已逾時效的這些受害者，因此受害者們僅能透過釋憲救濟。請繼續往下閱讀...憲法法庭今天作成115年憲判字第6號判決，認定舊刑法第80條第1項第1、2款及第2項等追訴權時效規定，對於兒童、少年遭受強制性交、強制猥褻等性犯罪案件，一律從犯罪成立或行為終了時起算追訴期，對兒少被害人的訴訟權造成過度限制，違反憲法訴訟權保障及比例原則、不符憲法保障兒少身心健康及人格健全成長的意旨。憲法法庭表示，為確保被害人獲得有效權利救濟，權衡後認為，貫徹違憲判斷應優先於被告依違憲規定取得的時效利益；相關案件發回後，法院計算追訴權時效時，應參照今年7月22日修正公布的《刑法》第80條第3項，於被害人滿20歲前不計入追訴時效。    ,https://news.ltn.com.tw/news/society/breakingnews/5539968
迴轉險釀車禍！高雄黑白2車駕駛爆口角 從路中央打到路邊,社會,2026/08/14 16:08,2輛休旅車為了迴轉問題險釀車禍，2名駕駛下車理論爆發全武行，從路中一路打到路邊，皆被警方以違反社維法送辦。（民眾提供）台中日前才發生行車糾紛爆發肢體衝突釀1死的事件，今（14）日中午，高雄市三民區正忠路與春陽街口也發生2輛休旅車為了迴轉問題險釀車禍，2名駕駛下車理論爆發全武行，從路中一路打到路邊，皆被警方以違反社維法送辦。據了解，發生糾紛的是一黑、一白的2輛休旅車，當時黑色駕駛薛男（26歲）於正忠路至春陽街口欲迴轉時，差點與鄭男（26歲）駕駛的白色休旅車發生碰撞，鄭男不滿黑色迴轉未禮讓直行車先行險釀車禍，下車找薛男理論，2人當場爆口角及肢體衝突，從路中邊打邊推打到路邊，幸皆僅受皮肉傷。請繼續往下閱讀...三民二分局鼎山所指出，員警12時20分許獲報並火速抵達現場，雙方當事人已無爭執情事。雙方駕駛雖互不提出傷害告訴，仍將鄭、薛2人依社會秩序維護法第87條第1項第2款裁處，最高可罰1萬8000元。    ,https://news.ltn.com.tw/news/society/breakingnews/5539957
陳幸妤趙建銘離婚風波延燒 診所「報案」警分局長、副分局長也到場坐鎮,社會,2026/08/14 16:02,南市第二警分局分局長施衣峯（左）、副分局長陳勇志（右）到場了解趙建銘診所現場狀況。（記者洪瑞琴攝）陳幸妤、趙建銘離婚風波持續延燒，趙建銘位於台南的骨科診所成為媒體關注焦點。今天（14日）診所下午看診期間，因現場大批媒體守候，診所報案後，警方隨即派員到場，協助維持現場秩序。南市第二警分局分局長施衣峯、副分局長陳勇志也親自到場，了解現場狀況。請繼續往下閱讀...由於近日陳幸妤公開談及與趙建銘的婚姻狀況及過往就醫經驗，引發外界高度關注，媒體持續守候診所，現場也不時有民眾、病患前來，引起外界注意。警方表示，主要以維護現場秩序及避免影響診所正常運作為主，診所方面則持續維持門診服務。部分前來看診的病患受訪時表示，今天有看到趙建銘醫師，對醫療服務仍持肯定態度。至於近期外界熱議的趙、陳兩人感情風波，病患則多表示並不清楚相關情況，仍是以看診、治療為主。趙建銘診所現場照常看診，未受風波影響。（記者洪瑞琴攝）    ,https://news.ltn.com.tw/news/society/breakingnews/5539960
調查官公務車私用肇事還扯謊！ 聯合主管偽造文書 檢起訴求刑1年2月,社會,2026/08/14 15:52,花蓮調查官公務車私用肇事還扯謊，聯合主管偽造文書，宜檢起訴求刑1年2月。（資料照）法務部調查局花蓮縣調查站李姓調查官，去年4月駕駛公務車北上歸還器材，竟私自繞道新北三峽與地方人士聚餐，未料公務車遭追撞。李員為掩飾違規行徑，竟聯合許姓女副主任捏造「赴桃園勘查」的不實行程。案經調查局北機站移送宜蘭地檢署偵辦，檢方憑藉對話紀錄等鐵證，認定兩人知法犯法且犯後態度不佳，依偽造文書罪嫌將李、許2人起訴，並具體求刑1年2個月。起訴書指出，李男與同僚蔡男於去年4月30日，共乘公務車前往法務部新店辦公室借還蒐證器材。任務結束後，2人並未依規定驅車返回花蓮，反而將公務車開往三峽大學路停放，並與一名身分不詳、綽號「龍哥」的特定人士在當地餐廳聚餐。請繼續往下閱讀...當天下午1點多，2人飽餐一頓返回停車處，驚覺公務車遭民眾追撞。李男深怕偏離返程路線及私下結交特定人士的行徑東窗事發，恐遭長官嚴懲，竟心生歹念，透過通訊軟體向負責車管的陳姓秘書謊稱「下午另有桃園場勘任務」。為求把謊圓好，李男急向宋姓代理組長索取桃園假地址，隨後在「公務車交通事故通報表」的處置經過欄位上，白紙黑字填寫下午前往桃園勘查地點等不實內容，並以電子郵件寄給不知情的車管員。離譜的是，許姓女副主任明知2人根本沒有桃園公務行程，通報表內容純屬捏造，竟仍涉嫌包庇護航，配合蓋下職章，將此偽造的公文書，層層上呈至調查局總務處備查，企圖粉飾太平。宜蘭地檢署痛斥，李、許2人身為國家調查官，本應恪遵職守、奉公守法，卻僅為規避行政懲處，聯手犯下公務員登載不實罪。此舉不僅嚴重損害調查局對車輛管理及事故審查的正確性，且2人到案後雙雙矢口否認，毫無悔意，建請法院從重量刑，依行使公務員登載不實文書罪嫌提起公訴。至於同車蔡男與李男涉背信罪、宋男涉偽造文書罪部分，均獲不起訴處分。檢方認為，調查官前往三峽與該人士聚餐屬拓展人脈，難以排除與據點情報工作有關，無法認定有背信犯意；而宋男雖提供假地址，但無積極證據顯示其知悉李男用途為造假，故不予起訴。    ,https://news.ltn.com.tw/news/society/breakingnews/5539918
警員疏忽遺留酒測器  民眾撿到驚呼：撿到酒測器的機率有多少？,社會,2026/08/14 15:42,熱心民眾將酒測器送到觀音分駐所。（圖由警方提供）桃園市觀音分駐所1名警員13日中午處理交通事故後，疏忽將酒測器遺留在現場，他事後發現，緊急返回尋找未果，還好熱心民眾早已撿起並送到分駐所歸還；民眾還拍下影片確認盒內的酒測器等設備齊全，PO文寫道：「在路上撿到酒測器的機率有多少？」大園警分局觀音分駐所該警員13日中午12點多，處理交通事故並疏導現場的車流後，因急於返回分駐所執行北部地區2026城鎮韌性防空演習，竟疏忽將酒測器遺留在現場；還好熱心民眾撿到後，送到分駐所歸還。請繼續往下閱讀...警方說，針對該警員將酒測器遺留在現場一事，大園警分局將深切檢討，並依規定調查議處，未來持續加強督導，提醒員警應妥善攜行、保管裝備。被遺留在事故現場的酒測器，已由熱心民眾送還警方。（圖由警方提供）    ,https://news.ltn.com.tw/news/society/breakingnews/5539896
彰化10月大女嬰瘀青送醫不治 生母、同居男友遭限制住居,社會,2026/08/14 15:33,彰化驚傳虐嬰致死案，生母及同居男友被限制住居。（資料照，記者顏宏駿攝）彰化驚傳虐嬰案！一名10月大的女嬰本月11日因意識不清，被警急送醫不治，由於女嬰身上有瘀青痕跡，醫院緊急通報相關單位，警方懷疑女嬰遭柯姓生母及林姓同居男友虐待，將2人移送彰化地檢署偵辦。檢方調查後認定二人有虐待行為，依妨害幼童發育等罪嫌，向法院聲請羈押，最終二人被裁定限制住居。而在聲押期間，女嬰不幸離世，檢方已完成相驗及解剖複驗，詳細死因仍有待調查釐清，彰檢正在研究是否提出抗告。死亡的女嬰是由柯姓生母（26歲）與前夫所生，目前由柯女與同居男友林男（26歲）共同照顧。11日晚間，柯女與林男在彰化市租屋處內發現女嬰疑似昏迷，立即將孩子送往醫院救治，醫院察覺不對勁通報警方、社會處。檢方調查後認定二人涉嫌重大，昨晚（13日）訊後依妨害幼童發育等罪嫌向法院聲請羈押；法院裁定二人限制住居。請繼續往下閱讀...聲押過程中，女嬰不幸離世，由於女嬰身上無明顯外傷，僅有輕微瘀青，檢察官已對女嬰進行相驗、解剖複驗，確切死因仍有待解剖報告出爐釐清。彰化地檢署表示，目前全案仍在偵查中，針對法院駁回聲押部分，將研擬是否提出抗告。    ,https://news.ltn.com.tw/news/society/breakingnews/5539922
吃醋設局抓情敵！男遭銬樹、搶錢 情侶各判7年2月,社會,2026/08/14 15:10,嘉義地方法院。（資料照）陳姓男子與安姓女子為情侶，因懷疑謝姓男子與安女聯絡欲追求，指示安女約出謝男，接著開車載謝男到嘉義縣中埔鄉赤蘭溪堤防旁，持西瓜刀恫嚇謝男、將其用手銬銬在樹上，搶走手機、3100元現金等物。嘉義地檢署依強盜罪嫌起訴陳男、安女，嘉義地方法院日前審結，依攜帶兇器強盜罪，分別判處陳男、安女有期徒刑7年2月，全案可上訴。案發於2024年12月17日，安女邀約謝男到嘉義市後庄速食店碰面，接著由安女開車，載著陳男、謝男於12月18日凌晨到嘉義縣中埔鄉赤蘭溪堤防。陳男為了教訓謝男，自車內取出手銬將謝男雙手上銬，接著把他拉下車、銬在堤防旁樹上，指示安女取西瓜刀並拿走謝男的隨身包及手機、2100元現金。請繼續往下閱讀...期間，陳男還說「不告知手機密碼，將拿東西傷害你」等語，逼謝男說出手機密碼；陳男查看完謝男與安女的對話紀錄，解開謝男手銬、要謝男趴在地上，隨後撿走謝男的金融卡、1000元，開車載安女離開。案發後謝男向嘉義縣警察局水上分局報警，警方查獲陳男、安女到案，2人坦承不諱，然而否認為了強盜而拿取謝男的3100元。法官審酌，陳男、安女用手銬將謝男銬住，讓謝男不能抗拒、交付財物，認為已構成強盜罪要件；陳男有槍砲、毒品前科，已經服刑完畢，與此案罪質不同，不加重其刑。陳男、安女用強盜脅迫方式迫使謝男交出財物、造成財產損害及身心莫大恐懼，危及人身安全，犯後未能與謝男達成調解或賠償損失，還威脅其不要報警，依共同犯攜帶兇器強盜罪，分別判陳男、安女有期徒刑7年2月，可上訴。    ,https://news.ltn.com.tw/news/society/breakingnews/5539826
幫光電業者搭時光機！  台南約僱員改光電公文獲緩刑,社會,2026/08/14 14:36,台南經發局高姓約僱員倒填公文日期，助光電業者賺取較高費率。法院考量她自首且未獲利，依圖利罪判刑2年、緩刑4年，須繳公庫15萬元。（與本案無關。資料照）為了讓光電業者適用較高的收購電價，公務員竟送出「時光機」公文。台南市經發局高姓約僱人員將同意備案公文倒填日期，讓業者獲取較高費率。台南地方法院依圖利等罪，判處高女有期徒刑2年，緩刑4年。高女自2021年底至2024年5月間，在台南市經發局能源科負責太陽光電系統設備同意備案等業務。她明知得禾能源等5家公司及黃姓民眾申請的設備，公文決行日期實際落在2024年初，卻為讓業者適用2023年度較高的躉購費率，將發文日期不實登載為2023年12月29日。請繼續往下閱讀...高女完成不實公文後，交由不知情的人員用印並寄送給業者。台電台南區營業處依據假造日期，與黃男及5家公司簽署契約。經發局察覺有異後發函要求更正，台電雖隨即調整費率，但已溢付給得禾能源、鴻榮光電及黃男共計1萬3452元，後續已自次期電費扣減追回。​在犯罪未被發覺前，高女主動前往法務部廉政署南部地區調查組自首並坦承犯行。法院審理時，法官考量她並未獲取任何私人所得，圖利總金額未達2萬元，加上其供述讓檢調單位順利偵辦，犯後態度良好，依法減輕其刑。台南地院依對主管事務圖利等罪，合併判處高女有期徒刑2年，褫奪公權1年。考量她無前科且深表悔意，法官宣告緩刑4年，並要求於判決確定後1年內，需向公庫支付15萬元，為自己行為付出代價。全案可上訴。    ,https://news.ltn.com.tw/news/society/breakingnews/5539815
聘金談不攏撕破臉！ 「公公」打傷「岳父」 挨告判刑,社會,2026/08/14 14:26,男方父親張男徒手架住「親家公」的脖子，更將對方推向玻璃屏風，造成對方全身多處挫傷。法院依傷害罪判處張男拘役20天。（記者林嘉東攝）本該歡喜談論兒女婚事，未料兩方父親竟為聘金多寡與婚禮補辦流程要如何進行撕破臉，甚至動粗演變成「全武行」；男方父親張男不僅徒手架住親家公的脖子，更將對方推向玻璃屏風，造成對方全身多處挫傷。基隆地院近日審結，依傷害罪判處張男拘役20日，得易科台幣2萬元罰金。判決指出，張姓男子與女友交往後，決定共度餘生，雙方到戶政事務所登記結婚後，前年12月8日晚間6時許，邀雙方家長到住所討論補辦婚禮事宜，兩方父親在討論聘金多寡與婚禮補辦流程時意見不合，進而爆發口角，現場氣氛降至冰點。請繼續往下閱讀...雙方你一言我一句，過程中，張男情緒失控，起身徒手架住親家公脖子，雙方隨即爆發肢體拉扯，張男順勢將對方推向旁邊的玻璃屏風，致對方受有頸部、左肩、右上臂及右後背等多處挫傷。雙方家長因此不歡而散，挨打受傷的親家公憤而到醫院驗傷後，向警方報案提告傷害罪。張男挨告後，也報警提告親家公傷害罪，不過檢方調查後，處分親家公不起訴。將張男依傷害罪嫌起訴。法院審理時，張男坦承有以手架住對方脖子與拉扯等行為，與在場張男的兒子、太太與媳婦與親家母的指述及診斷證明書相符；法官審酌張男僅因聘金多寡等婚事瑣事，對親家公暴力相向，且案發迄今未能與對方達成和解，依傷害罪判處張男拘役20天，得易科2萬元罰金；可上訴。    ,https://news.ltn.com.tw/news/society/breakingnews/5539825
板橋江翠北豪宅失火飄K味！ 警發現2毒蟲、殘渣袋,社會,2026/08/14 14:16,新北市板橋一處重劃區今天上午傳出火災，消防、警方到場發現兩名毒蟲在屋內，疑似留有殘渣袋，警方、消防採證，釐清起火原因及是否具毒品反應。（記者吳仁捷翻攝）新北市板橋江翠北側重劃區一處豪宅今天上午傳出火警，消防、警方到場，發現屋內有疑似燒塑膠的K味，也在屋內發現毒品殘渣袋，清查屋內林姓、章姓男子身分，都有毒品前科，火調人員除採證化驗，釐清起火原因，警方也採集現場跡證化驗毒品成分，不排除嫌犯在該處分裝毒品，疑吸毒引燃火勢後，倉皇間將毒品沖入馬桶、水槽，案情仍待溯源、過濾兩人交往釐清。新北市119於今天上午10時許獲報，板橋區華江一路一處社區12樓傳出火災，現場竄出火煙，由於現場為集合住宅，且是高樓層，消防人員不敢大意，佈水線攻入起火戶，撲滅火勢，燃燒面積約客廳一平方公尺，屋內35歲林姓男及51歲章姓男子都未受傷，但警方、消防檢傷及詢問案發過程時，言語吞吐、眼神閃爍，交由警方處理。請繼續往下閱讀...江翠所員警到場，發現現場留有疑似違禁品殘渣袋，加上在場兩人都有毒品前科，鑑識人員到場採證，釐清殘渣袋毒品成分，火調人員將釐清起火原因是否與違禁品有關。警方調查，林男、章男兩人都有毒品前科，承租該處約兩個月，現場僅剩疑似毒品殘渣，仍在釐清毒品種類與起火原因。新北市板橋一處重劃區今天上午傳出火災，消防、警方到場發現兩名毒蟲在屋內，疑似留有殘渣袋，警方、消防採證，釐清起火原因及是否具毒品反應。（記者吳仁捷翻攝）    ,https://news.ltn.com.tw/news/society/breakingnews/5539793
八旬翁獨登仙跡岩迷途 警消廟宇尋獲護送下山,社會,2026/08/14 14:16,消防人員聯手展開地毯式搜救，最後在山區一處廟宇內找到正在休息的許翁，順利協助他平安下山與家人團聚。（記者鄭景議翻攝）八十五歲許姓老翁日前清晨獨自前往台北市文山區仙跡岩登山，不料途中與家人失去聯繫且遲遲未歸。家屬焦急萬分向警方報案求助，轄區文山第二分局警方與消防人員聯手展開地毯式搜救，最後在山區一處廟宇內找到正在休息的許翁，順利協助他平安下山與家人團聚。警方指出，景美派出所巡佐曾俊哲、警員陳冠旭日前接獲家屬焦急通報，表示老翁清晨獨自出門爬山後便失去蹤影。警方不敢大意，第一時間聯繫消防單位組成搜救小組，沿著仙跡岩登山步道及周邊蜿蜒山徑分頭展開地毯式搜尋。經過搜救人員不懈尋找，終於在山區一座宮廟內找到正停下休息的老翁。請繼續往下閱讀...警消人員現場檢視老翁身體狀況，確定老翁生命徵象穩定且沒有任何外傷。考量老翁年事已高且在山區受困停留多時，警消人員一路上小心翼翼地護送並陪伴他步行下山。老翁與在山下等候的家屬順利會合，家屬隨後陪同老翁前往台北市立萬芳醫院檢查，確定身體毫無大礙後平安返回家中，家屬對警消人員的及時救援感激不已。文山第二分局呼籲，民眾前往山區健行時應盡量結伴同行，並隨身攜帶手機等通訊設備與足夠水糧；家中如果有人想單獨登山，也應該事先告知家人詳細行程與預預計返家時間。一旦在登山途中感到體力不支或不慎迷途，可以先前往附近的宮廟或涼亭等明顯地點避難休息，並立即撥打110或119求助，警方與消防人員將在第一時間救援。    ,https://news.ltn.com.tw/news/society/breakingnews/5539811
屏東登山場勘爆蜂螫2死1傷！墾管處釐清：文宣與核准路線不符,社會,2026/08/14 14:08,協會公開招攬活動的文宣路線，與向墾丁國家公園管理處報備申請的路線有出入。（擷取自協會網頁）南部登山協會幹部於未開放之「欖仁溪至出風鼻」探勘遭虎頭蜂圍攻釀2死1重傷悲劇，事件引發社會高度關注。有民眾發現，該協會公開招攬活動的文宣路線，與向墾丁國家公園管理處報備申請的路線有出入！文宣中竟包含「欖仁溪登山口→出風谷大草原」等未開放山區禁地。對此，墾管處明確指出，該協會原先向官方申請的項目，為「出風谷出風鼻佳樂水海岸線生態保育教育活動」，核准路線應全程沿海岸線進行。然而協會文宣上規劃的「欖仁溪」山區路線，未在許可範圍內，明顯出現「改路線」的情形。請繼續往下閱讀...墾管處強調，山林區域環境原始且野生動物多，擅自偏離核准路線危險性極高。針對此次重大意外，未來將嚴格審查各團體申請，並要求所有入園活動務必「完全依申請核准路線行進」。墾管處明確指出，該協會原先向官方申請的項目，為「出風谷出風鼻佳樂水海岸線生態保育教育活動」，核准路線應全程沿海岸線進行。（墾管處提供）    ,https://news.ltn.com.tw/news/society/breakingnews/5539801
莽男闖紅燈不滿提醒一路飆罵 還掏大鎖作勢揮打遭逮,社會,2026/08/14 14:07,新北市游姓男子凌晨騎車途經五股越堤道，險些遭一名疑闖紅燈男子撞上，游姓騎士提醒一句，未料對方沿路辱罵，追到蘆洲停等紅燈時還逃出大鎖，警方獲報逮人法辦。（記者吳仁捷翻攝）新北市游姓男子今天凌晨騎乘機車途經二重疏洪道五股路段，一名男子騎機車闖紅燈差點撞上，游男提醒對方，未料對方先是一路辱罵三字經，一路跟到蘆洲中山一路停等紅燈，再發生口角，對方竟然掏出大鎖作勢打人，嚇得游姓騎士連忙騎走，心生恐懼報案；警方獲報，掌握嫌犯身分，七小時內查獲林姓嫌犯到案，他雖否認打人、辱罵，警方根據被害人提告，依恐嚇、妨害名譽方向偵辦，針對危險駕駛違規，最高開罰3萬6000元。蘆洲警方今天凌晨3時許獲報，蘆洲區中山一路傳出行車糾紛，20歲游姓男子凌晨騎機車途經五股區六號越堤道，當時他綠燈下越堤道，要右轉五股區四維路時，對方騎機車B車疑闖紅燈，從水漾路直行右轉四維路，雙方車行交會之際，險些發生碰撞，游男好意提醒，未料對方反嗆三字經，雙方發生口角。請繼續往下閱讀...後續游男與B車同路段行駛，B車騎士沿路辱罵三字經，雙方在蘆洲區中山一路上址於停等紅燈時，雙方再度激烈口角，期間B車駕駛憤而從置物箱拿出機車大鎖靠近揮打，游男及時閃開，心生恐懼報警。警方到場，B車嫌犯已離開現場，游男提出恐嚇、妨害名譽告訴，蘆洲所依規定受理、調閱監視器，鎖定51歲林嫌，7小時內循線將犯嫌查緝到案移請新北地檢署偵辦。警方針對林嫌在車道中暫停，將依道路交通管理處罰條例第43條第1項第4款開罰，最高處以3萬6千元以下罰鍰。    ,https://news.ltn.com.tw/news/society/breakingnews/5539762
墾丁出風鼻探勘遭虎頭蜂攻擊釀2死1傷  主辦協會回應了,社會,2026/08/14 13:59,社團法人中華健行登山會高雄市協會預計的主辦活動，事先的行程探勘發生意外。（記者洪定宏翻攝）社團法人中華健行登山會高雄市協會預計8月16日主辦墾丁國家公園「出風谷大草原、出風鼻」生態保育教育活動，張姓領隊等3人今天在探勘過程，慘遭虎頭蜂圍攻，造成2死1重傷悲劇。協會說，3人都有數十年登山及山難搜救經驗，更是中華民國山難救助協會成員，所以純屬意外，正全力協助罹難者家屬及傷者，且8月16日的活動已獲墾丁國家公園管理處核准並公告，並非淨灘，而是「縱走」的生態保育教育活動，不曾變更，但案發後已確定取消；至於3人探勘，也是依照原申請核准的路線前往，但確切細節必須詢問受傷的張姓女隊員。請繼續往下閱讀...協會指出，從立案至今已28年，辦過無數登山健行活動，第一次遇到意外死亡案件，協會主要成員均依規定接受各項專業訓練，60多歲的張姓領隊與顏姓副領隊更是中華民國山難救助協會南區搜救委員會成員，50多歲的張姓女隊員則隸屬中區搜救委員會，都是經驗豐富的人才。依協會公告的行程，預計8月16日清晨5點從高市楠梓區出發，以屏東縣滿州鄉欖仁溪登山口為起點，經出風谷大草原、出風鼻海灘、海巡班哨，抵達終點佳樂水，強調這是滿洲山海大縱走，全程約6至8小時屬中高難度的探險。    ,https://news.ltn.com.tw/news/society/breakingnews/5539753
台東水泥槽車撞入賣場 保時捷休旅車受波及被撞爛,社會,2026/08/14 13:30,水泥槽車撞入一家寢具賣場一樓，保時捷休旅車被撞爛。（ 民眾提供）台東縣成功鎮今天中午發生一起驚險車禍。一輛載運水泥粉的槽車在行經台11線與中山路、光復路、瀋陽街的三叉路口時，因不明原因突然失控，整輛車直接衝入路口的一家寢具賣場一樓。所幸事發當時店門口和騎樓並無行人，未造成無辜民眾傷亡。槽車駕駛一度受困車內，但在警消人員趕抵現場前已自行下車。駕駛身體有部分擦傷，但意識清醒，隨即被送往部東醫院成功分院接受急救。​雖然沒有人員受傷，但事故現場一片狼藉。槽車巨大的車頭直接撞進騎樓，造成嚴重的財物損失。停放在路旁的一輛白色保時捷休旅車首當其衝，左側車身幾乎被槽車撞爛，損毀相當嚴重。另一輛休旅車則是被巨大的衝擊力擠壓到騎樓內，最後卡在柱子前，車體幾乎全毀。目前警方正進一步調查事故發生的具體原因。水泥槽車撞入成功鎮一家寢具賣場一樓。（ 民眾提供）水泥槽車撞入成功鎮一家寢具賣場一樓。（ 民眾提供）    ,https://news.ltn.com.tw/news/society/breakingnews/5539756
兒少性侵案「超過20年」無法究責？ 憲法法庭今公布釋憲結果,社會,2026/08/14 13:24,遭性侵卻因「超過20年」無法究責，憲法法庭今將判追訴期是否違憲。（資料照）少女時期遭性侵，長大後鼓起勇氣提告，卻因超過《刑法》舊法20年追訴權時效，加害者獲不起訴處分。憲法法庭受理共10件類似性侵案件聲請釋憲，今年3月2日召開不公開說明會，找性侵受害人及代理人參與，現有8名大法官全數出席；今下午將公布評議結果，將由憲法法庭書記廳廳長許碧惠、司法院新聞及法治宣導處處長兼發言人吳定亞開記者會說明。兒少性侵害追訴權釋憲案檢視民國94年2月2日修正公布前之刑法第80條第1項第1款、第2款及第2項規定「性侵犯罪追訴期」是否違憲，尤其對許多遭受兒少性侵的倖存者而言，需歷經多年心理重建才有能力發聲，卻早已逾越短暫的法律時效。請繼續往下閱讀...立法院今年7月7日三讀通過《刑法》第80條修正案，針對未成年人遭受性侵害案件，追訴權時效改自被害人年滿20歲起算；新法施行前，追訴權時效已開始進行、但尚未完成的案件，也適用修正後規定。釋憲案共有主案1件、併案9件，其中1名被害人少女時期遭堂兄長期性侵，但因提告時已超過舊法20年追訴期，檢方最終對加害者不起訴；另有1名被害人受害時年僅13歲，因遭受性侵後無法積極、有效尋求司法協助，直到追訴權時效完成，仍無法追究加害者刑責。新法並不適用修法前已逾時效的這些受害者，因此受害者們僅能透過釋憲救濟。被害人分別委由律師聲請釋憲，主張未成年性侵被害人可能因年齡、身心創傷、與加害者間權力關係等因素，難以在法定期限內提告，舊制卻未考量未成年被害人的特殊處境，導致日後即使願意站出來，也可能因追訴權時效已完成，無法追究加害者刑責，違反《憲法》平等權、訴訟權及正當法律程序原則。憲法法庭今年3月2日召開兒少性侵害追訴權釋憲案不公開說明會，檢視民國94年前性侵犯罪追訴期規定是否違憲，說明會卻將性侵受害人、倖存者帶到另外的房間「只能聽、不能發言」，僅讓代理人出席說明會進行問答及討論，甚至只讓所有代理人發言10分鐘，引起受害者及其代理律師、民間團體抨擊。    ,https://news.ltn.com.tw/news/society/breakingnews/5539727
北市中山交通分隊警員頭部中彈亡 生前涉車牌吊銷案遭約談,社會,2026/08/14 13:04,台北市中山分局。（資料照）台北市中山分局交通分隊驚傳槍響，14日清晨6時許，王姓警員執行取締酒駕勤務結束後，先行返回駐地休息，卻被發現不明原因倒臥樓梯間；案發當時值班警員聽到槍響前往查看，以為是微波爐聲響，後續才被其他警員發現，但已無力回天。警方初步調查，王警疑似涉入「車牌吊扣變吊銷」案件，月前遭警政署政風室約談情事，以致情緒糾結發生憾事。目前全案仍在釐清中。警方表示，36歲的王姓警員原本從事一般類型工作，參加特考班105期結業，原本在北市警局大安分局羅斯福路派出所、安和路派出所服務，主要對於交通業務相當有熱忱，並且在派出所內擔任交通相關業務承辦人。直到2025年9月因為6年條款緣故，調任北市警局中山分局交通分隊。請繼續往下閱讀...警方調查，王姓警員14日凌晨6時許結束取締酒駕勤務後返回駐地走到樓梯間，接著沒多久就聽見槍響，當時值班警員查看誤以為是微波爐的聲響，事後才被值日幹部發現倒臥血泊中，通知救護人員處理已經明顯死亡。據了解，王員平常積極認真，上班態度也都相當正常，與同事相處融洽，平時更熱愛重訓，但有同僚透露，對方曾經涉入替查扣車輛開立車牌吊銷罰單，可以讓已經吊扣的車子重新領牌。王姓警員曾經因為「車牌吊扣變吊銷」案件在上個月遭到警政署政風室約談，事後前往地檢署複訊，裁定無保請回，但相關單位目前無法證實王姓警員死因與此事有關，目前也將持續釐清王姓警員確切死因。    ,https://news.ltn.com.tw/news/society/breakingnews/5539710
潛艦國造錄音掀4案互告！徐巧芯、吳子嘉獲不起訴 聲紋鑑定揭真相,社會,2026/08/14 12:54,我國首艘國造潛艦「海鯤號」2023年9月28日首度亮相。（資料照）潛艦國造錄音戰延燒司法，前海軍顧問郭璽、前參謀總長黃曙光針對錄音取得、公開內容及貪污指控，控告美麗島電子報董事長吳子嘉、記者張禹宣、藍委徐巧芯及韓籍顧問。台北地檢署調查音檔經聲紋及完整性鑑定，未發現剪接、合成或變造，發言亦屬國防公共議題，另有一案逾告訴期，將4案均不起訴。本案源於2023年首艘國造潛艦「海鯤艦」下水前後，黃曙光指控有軍火商及立委阻撓潛艦國造，郭璽隨後點名國民黨立委馬文君，指她將潛艦資料交給外國單位。馬文君、徐巧芯及吳子嘉等人則接連公布郭璽與韓籍顧問等人的錄音，反控潛艦國造疑有不法，引爆連串告發與互告。請繼續往下閱讀...吳子嘉、張禹宣於2023年11月召開記者會，由徐巧芯陪同，指郭璽在潛艦案發標前即掌握特定型號、設備等資料，並要求韓籍顧問脫離原公司，另組公司承接合約。3人據此告發郭璽、黃曙光等人，郭則反控錄音遭剪接變造，3人涉嫌誣告及加重誹謗。北檢追查音檔來源，曾任韓商SI公司翻譯的王姓證人證稱，記者會播放的多數談話由他錄製，原為製作會議紀錄，並未剪接；郭璽偵查時也承認，音檔中部分談話確由他所說。音檔長逾100分鐘，且在記者會前1、2年便已在軍事網站及媒體間流傳，並非吳等人自行製作。檢方另將音檔交由專業機構進行聲紋及數位鑑定，結果強烈支持發言者為郭璽等人；檔案聲譜特徵連續，未發現混合不同音訊位元深度、人工合成、剪接斷點或其他變造跡象，足以排除音檔遭吳、張及徐加工製作的可能。北檢認為，吳、張及徐取得具一定可信基礎的音檔後，再依內容提出告發，是將事證交由檢方調查，無法證明3人明知內容虛假，仍意圖使郭璽受刑事處分。記者會雖節錄部分談話，但也播放音檔供外界檢視，尚難認定3人故意扭曲原意。檢方並非據此認定錄音內所有指控均屬事實，而是認為被告已有音檔來源、證人說法及專業鑑定作為查證基礎。相關談話涉及潛艦型號、聲納、引擎、燃料電池及政府採購，屬國防自主重大公共議題，難認相關評論出於真實惡意。另黃曙光不滿吳子嘉在「董事長開講」及「關鍵時刻」指稱他是「貪污犯」、「帶著一群人在貪污」，控告吳加重誹謗。北檢認為，吳公開前曾委請專業機構鑑定聲紋，音檔也確實談及黃曙光與潛艦案，足使吳主觀上相信評論有所依據；黃另提民事求償，也遭法院認定未逾合理評論界線而駁回。郭璽另控告徐巧芯於2023年10月公布3段錄音，內容涉及籌組公司投標及承諾先給韓籍顧問「3億」等語。檢方認定，徐公開前已自費鑑定音檔，報告未發現剪接或合成，郭也不否認部分談話出自本人，相關發言又屬對國防政策的檢視，因此不起訴。至於音檔來源，郭璽指控池姓韓籍顧問等人偷錄潛艦合約談話，再交給馬文君。北檢查出，音檔早於2022年1月即遭媒體披露，郭卻至2023年10月才提告，已超過6個月告訴期間，程序上不起訴。    ,https://news.ltn.com.tw/news/society/breakingnews/5539704
女友託接未滿14歲女兒 惡男恐嚇「幫我弄不然硬上」判4年3月,社會,2026/08/14 12:45,陳男對女友的未成年女兒伸出魔爪。（資料照）新北市一名陳姓男子與女友交往期間，竟趁受託開車接送女友未滿14歲的女兒時，竟獸性大發，恐嚇「一個是你用手幫我用出來，第二個就是我硬上」，隨後跨坐少女腿上，撫摸其胸部、下體，直到少女哭喊「媽媽很信任你，你為什麼要這樣對我」並數度推開，陳男才停手，一審新北地院判處陳男4年3月徒刑。案經上訴，高等法院駁回上訴，維持4年3月判決。判決指出，陳男是少女母親的男友，明知案發時尚未滿14歲，2024年8月17日上午，陳男受女友委託，開車接少女，途中卻將車停下。陳男先問少女是否交過男朋友、有沒有與男友發生性行為，又突然問「我可以跟你做嗎」，見少女沒有回應，竟恐嚇：「一個是你用手幫我用出來，第二個就是我硬上」。請繼續往下閱讀...少女聽完後害怕哭泣，陳男仍未停手，從駕駛座將副駕駛座椅背調成平躺，接著跨坐在少女大腿上方，撫摸其大腿、胸部，並將手伸進內褲內撫摸下體外面；少女數度將陳男推開，邊哭邊質問「媽媽很信任你，你為什麼要這樣對我」，陳男才停止犯行。少女事後透過LINE告訴母親：「他跨過來副駕駛座，手摸我下面」，也曾在Threads發文描述遭遇。少女母親後在廁所透過LINE與女兒聯繫，才得知事情經過，隨即質問陳男，母親證稱，陳男當時曾稱「我有煞車」，意思在發生性行為前已停下。陳男審理時否認碰觸少女，僅坦承曾詢問私密問題，並說過「我可以跟你做嗎」、「一個是你幫我弄，一個是我硬上」等語，辯稱並未對少女做出任何肢體行為。新北地院認為，少女從警詢、偵訊至案發後描述，均一致；少女事後情緒反應、返家後拒絕與陳男說話，以及異常拉長的接送時間，也可作為補強證據。此外，陳男歷次說法反覆，一開始甚至否認曾說過相關言語；加上他事後簽署的和解書提及自己有「不當言行與舉止」，以及面對女友質問時表示「我有煞車」，法院認為均足以佐證其確實有對少女進行肢體碰觸。新北地院指出，陳男先表示想與少女發生性行為，又以「你幫我弄或我硬上」恫嚇，隨即跨坐少女並撫摸胸部、下體等私密部位，已足認主觀上具有強制性交犯意，且客觀上已著手實行，只因少女反抗而未遂。新北地院審酌，陳男嚴重侵害未成年少女性自主及身心健全成長，犯後又未坦承犯行；考量犯行未遂，且已與少女及其父母達成和解，並依約負擔賠償及補習費等，最終依對未滿14歲女子犯強制性交未遂罪，判處有期徒刑4年3月。案經上訴，高等法院駁回上訴，維持4年3月判決。    ,https://news.ltn.com.tw/news/society/breakingnews/5539695
漢光演習軍車禮讓行人  下秒遭貨櫃車拖撞行人島,社會,2026/08/14 12:41,新北市淡水今天上午一輛軍用吉普車與貨櫃車車禍事故，造成軍車遭防捲入裝置捲入，並拖撞行人島，嚇壞車上官兵。（記者吳仁捷翻攝）新北市淡水區今天上午發生一起軍用吉普車遭貨櫃車拖行意外，民眾見狀報案，警方到場發現一輛軍車與貨櫃車車禍，初步了解，為盧姓士兵駕駛軍用吉普車與陳男駕駛的貨櫃車並排禮讓行人，但起步後因大貨車轉彎內輪差，導致防捲入器卡住軍車前保險桿，軍車遭拖行3公尺，拖撞行人庇護島，嚇壞車上押車軍官與駕駛兵，所幸僅輕微車損無人受傷，至於車禍肇因及責任歸屬，仍待進一步調查釐清。淡水警分局今天上午10時30分獲報，新北市淡水區淡金路一段與北新路口傳出軍車與貨櫃車車禍，警方到場，發現67歲陳姓男子駕駛貨車與29歲盧姓男子駕駛軍用吉普車車禍，詢問兩車駕駛及過濾監視器還原現場，發現兩車原本都沿北新路同向往淡金路方向行駛，案發前，因行人穿越路口，兩車都停車禮讓，盧姓駕駛兵駕車停在陳男貨櫃車左側，行人通過後，陳男起步左轉，因大貨車內輪差，車身防捲入裝置不慎卡住盧男所駕吉普車前保險桿，硬將吉普車拖行至行人庇護島，造成吉普車輕微受損，所幸無人受傷。請繼續往下閱讀...據透露，這輛軍車正參加進行中的漢光演習，未料途中發生車禍；警方對雙方駕駛酒測均為0，也沒有無毒駕情事，全案依規定完成現場測繪及紀錄，詳細肇事原因仍待進一步調查釐清。新北市淡水今天上午一輛軍用吉普車與貨櫃車車禍事故，造成軍車遭防捲入裝置捲入，並拖撞行人島，嚇壞車上官兵。（記者吳仁捷翻攝）新北市淡水今天上午一輛軍用吉普車與貨櫃車車禍事故，造成軍車遭防捲入裝置捲入。（記者吳仁捷翻攝）    ,https://news.ltn.com.tw/news/society/breakingnews/5539664
「39樂合彩」萬元中獎彩券掉路邊 新店警跨區追查幫婦人領回,社會,2026/08/14 12:33,新店區一名民眾日前拾獲一張「39樂合彩」彩券並交給永安里里長林清一，里長幫忙核對開獎結果，赫然發現這張彩券中了新台幣1萬2000多元。（記者鄭景議翻攝）新店區一名民眾日前拾獲一張「39樂合彩」彩券並交給永安里里長林清一，里長幫忙核對開獎結果，赫然發現這張彩券中了新台幣1萬2000多元。由於彩券兌獎有3個月期限，里長隨即送到新店警分局安和派出所，警方為了不讓中獎幸運彩券變成廢紙，跨區展開地毯式追查，最後透過監視器調閱，本月5日找到中獎的張姓婦人，張婦失而復得，驚喜萬分。安和派出所所長劉伊荏與警員黃敬堯受理後，考量一般拾得物招領程序繁瑣且耗時，擔心周邊監視器畫面會因為時間久遠遭到覆蓋，當機立斷展開主動追查。員警聯繫中國信託銀行查詢彩券經銷商資料，確認這張彩券是在7月17日於新北市中和區景新街一家彩券行售出，隨即前往現場進行訪查。彩券行老闆仔細回想後，表示購買人是一名習慣到南勢角市場買菜後順道買彩券的婦人。請繼續往下閱讀...員警掌握關鍵線索後，調閱彩券行周邊與沿線路口的監視器畫面，逐一比對婦人的穿著特徵與行走路線，發現她買完菜後搭乘公車往新店方向離開。由於茫茫人海中憑單一影像找人極度困難，員警除了持續調閱監視器，也請彩券行老闆幫忙留意。日前張姓婦人再次前往南勢角市場買菜並走進彩券行，老闆一眼認出她就是警方苦尋多日的失主，連忙打電話通知警方到場。警方確認張婦身分並核對購買紀錄無誤後，於本月5日下午通知她前往安和派出所辦理發還手續。張婦接獲通知時，完全不知道自己遺失的彩券居然中了上萬元大獎，直到聽完警方說明自己為了找她還跨區調閱數十支監視器，讓她驚喜萬分，現場對警方、里長以及熱心民眾的積極幫忙連連表達感謝。員警掌握關鍵線索後，調閱彩券行周邊與沿線路口的監視器畫面，逐一比對婦人的穿著特徵與行走路線。（記者鄭景議翻攝）張婦接獲通知時，完全不知道自己遺失的彩券居然中了上萬元大獎。（記者鄭景議翻攝）    ,https://news.ltn.com.tw/news/society/breakingnews/5539689
調查官為挖掘情資深夜赴會 衰捲綠能高層性侵疑雲,社會,2026/08/14 12:21,調查局一名吳姓調查官為為挖掘綠能弊案情資深夜參加聚會，衰捲性侵疑雲。（記者吳昇儒攝）調查局新北市調處重新站吳姓調查官2021年12月16日深夜，為挖掘綠能弊案情資，獲一名綠能公司高層邀請，前往台北市某類似酒吧的場所聚會。酒後同行友人找來女性來帶動氣氛，其中一名王姓男子事後被控性侵，並被要求千萬和解金。王男為自證清白找調查官作證，意外讓其身分曝光。而王男被控性侵部分，台北地院已於今年3月判無罪。據悉，案發當晚該名綠能高層與同為綠能圈的王男相約晚間餐敘後，到台北松山警分局附近一家類酒吧續攤，該名高層想到可邀約吳姓調查官與綠能圈友人認識，互相交流，便打電話聯繫調查官到場小聚。請繼續往下閱讀...調查官查詢相關地址後，確定場地並非聲色或有女陪侍場所，前往赴會。一行人酒酣耳熱之際，同行友人為熱炒了氣氛，找來經紀人約了幾個傳播小姐到場，但現場其他人包含吳姓調查官在內，當下都不知其身分，誤以為是朋友的朋友。其中一名女子與王男酒後在廁所發生性關係，但女子事後卻對王男提出性侵告訴。而王男則稱雙方合意性行為，並無強迫。偵查過程中，王男更表示當時現場仍有一名調查官在場，不可能做犯法的事；檢察官便傳喚吳姓調查官出庭作證。吳男則表示，事前不知道發生甚麼事，但廁所的木板隔間很差，若真有發生性侵情形或動靜大一點外面的人一定都會知道，過程中未曾與女子互動，不知道對方身分，當晚前往該地點純粹是想經營據點關係，蒐集情資。檢方調查後認為，告訴人說詞有重大瑕疵，處分不起訴，該名女子不服向高檢署提出再議，經發回續查仍處分不起訴，女子不甘心，向法院提自訴救濟，王男也獲無罪判決。但出庭作證的吳姓調查官卻因此登上媒體版面，不少外勤調查官為他叫屈，認為調查人員為了取得不法犯罪訊息，必須在各種行業中遊走，包含黑幫、毒販及高智慧罪犯、民意代表，藉此獲得相關情資；沒想到卻捲入性侵案件，且非當事人，也未違法，僅出庭當證人卻被放大檢視，似乎有失公允。    ,https://news.ltn.com.tw/news/society/breakingnews/5539610
毒駕男拒檢亡命狂飆！連撞3機車再撞女騎士 栽在孔廟牌樓前,社會,2026/08/14 11:59,毒駕張男逃竄過程中，接連撞上3輛機車。（民眾提供）又是毒駕！台中市北區13日晚間上演驚險警匪追逐，張姓男子遇攔查不配合，反突然倒車逆向加速逃逸，接連撞上3輛機車又撞上一名女騎士，自撞人行道停下，張男與黃姓乘客雙雙棄車逃跑，警方在熱心民眾協助下迅速追捕，最後在孔廟前牌樓逮捕2人，依公危等罪嫌移送法辦。第二分局今天說明案情指出，永興所員警昨晚執行酒、毒駕查緝勤務，發現一輛臨停轎車疑有車籍異常情形攔查，此時61歲張姓駕駛因心虛未配合查證身分，突然倒車逆向逃逸，警方立即尾隨監控，該車瘋狂逃竄約1公里後駛入巷內，期間因操作不當撞擊路旁停放3部機車，隨後又與1名李姓機車女騎士發生碰撞，最後自撞人行道後停下，請繼續往下閱讀...事故發生後，張男與車內50歲黃男立即棄車拔腿逃跑，警方隨即展開追捕，並在現場熱心民眾協助下，迅速將2人查緝到案，過程中李姓女騎士及張男均受傷，其中李女四肢擦挫傷，送往中國醫藥大學附設醫院急診治療後幸無大礙。警方並在涉案車輛內查扣安非他命及相關物品，且張男經毒品唾液快篩呈陽性反應，詢後全案依公共危險及毒品等罪嫌，移送台中地檢署偵辦。☆少一份毒品就多一份健康，自由時報提醒您遠離毒品☆警方當街逮捕毒駕張男。（民眾提供）第二分局永興所副所長陳彥霖說明案情。（警方提供）    ,https://news.ltn.com.tw/news/society/breakingnews/5539624
登山踏勘驚爆蜂螫悲劇！墾管處急籲：遇到「警戒蜂」千萬別揮打,社會,2026/08/14 11:59,虎頭蜂的類別。（北市動保處提供）針對登山協會人員於屏東滿州欖仁溪至出風谷踏勘時不幸遭虎頭蜂攻擊釀成2死慘劇，墾丁國家公園管理處今日特別發布防蜂指引，呼籲民眾入山務必提高警覺，掌握正確防護觀念，避免類似遺憾再度發生。墾管處提醒，民眾進入山區活動時，應盡量穿著長袖衣物並配戴帽子，且身上切勿噴灑香水，以免特殊氣味吸引蜂類接近。若在山林間發現有2至3隻「警戒蜂」在身邊徘徊巡視，務必提高警覺，此時「千萬不可拍打揮擊」，因為揮動產生的氣流擾動反而會激怒蜂群，引來更多虎頭蜂圍攻。請繼續往下閱讀...管處強調，正確的應變方式為迅速以衣物包覆住頭部、降低身形蹲低，並保持冷靜「慢慢離開現場」。此外，特別是剛下過雨後的山林環境，虎頭蜂大多擠在巢穴內，蜂巢空間變得狹窄擁擠，此時虎頭蜂的性情會更加暴躁，攻擊性極高，民眾入山時更需格外留心周遭環境變化，確保安全。獨家》踩國家公園未開放禁地！出風鼻探勘遭虎頭蜂圍攻釀2死1重傷    ,https://news.ltn.com.tw/news/society/breakingnews/5539639
重病翁欠費遭凍結帳戶  「救濟金」遭扣押國家急還錢,社會,2026/08/14 11:53,陳姓老翁「救濟金」因欠費遭扣押，高雄分署核查屬實後把錢還他。（資料照）年近70歲重病獨居的陳姓男子，因積欠交通違規罰款與機車公路養管費數千元，遭法務部行政執行署高雄分署扣押郵局存款，陳男急忙聯繫，表示遭扣款項是慈善團體的救濟金，執行官查證屬實後，不僅火速撤銷扣押，更主動伸出援手。高雄分署指出，陳男目前獨居台南、重病無法工作，且因租屋處房東不許設籍，導致戶籍落在戶政事務所，無法申請中低收入戶補助，頓失生活依靠。請繼續往下閱讀...由於陳翁名下有兩部機車，多年未繳違規罰款與公路養管費遭移送執行，執行官扣押郵局存款後，陳翁忙去電告知，被扣押到的款項是民間慈善團體發給的救濟金，執行人員收到他提供的佐證資料並審核屬實後，立即發文撤銷扣押命令。得知陳翁情況後，執行官也把案件轉介分署同仁自發成立的愛心社，並捐助陳翁3000元，希望以此微薄心意協助其暫度難關，同時發現陳翁名下有2台不再使用的老舊機車，若不處理將持續產生養管費與罰款，更主動協助陳男向監理所辦理「報廢切結」，避免產生新費用，讓執法過程不只有法度，更有社會關懷的溫度。    ,https://news.ltn.com.tw/news/society/breakingnews/5539600
屏東滿州出風谷「蜂螫」2死1傷 登山會3幹部探路竟釀悲劇,社會,2026/08/14 11:40,出風鼻風景優美。（墾管處提供）社團法人中華健行登山會高雄市協會與中華民國山難救助協會，預計於8月16日辦理42人的出風谷、出風鼻及佳樂水海岸線生態保育教育活動，並已獲墾丁國家公園管理處核准。不料，協會3名人員（2男分別46、51年次，1女69年次）於12日先行由滿州鄉里德村欖仁溪進入踏勘後失聯，今日上午傳出遭虎頭蜂襲擊，墾管處也還原整起事件通報與搜救過程。墾管處表示，13日下午7時28分，里德村長發現踏勘人員車輛仍停在原處，警覺有異，隨即向南仁山管理站通報。管理站人員隨後依車牌號碼聯繫上家屬，並向警方通報失聯案件。請繼續往下閱讀...今日（14日）上午8時50分，高雄市救難協會12人與滿州消防隊1人由欖仁溪進入展開搜救。上午9時40分左右，搜救隊接獲失聯的張姓女子電話聯繫，表示遭遇虎頭蜂攻擊，同行2名男子已OHCA，她本人受傷退至出風鼻附近。搜救人員隨即撤回，改由溪仔口前往出風鼻，希望能儘快與張女會合進行下一步救援行動。獨家》踩國家公園未開放禁地！出風鼻探勘遭虎頭蜂圍攻釀2死1重傷搜救單位集結準備救援。（民眾提供）    ,https://news.ltn.com.tw/news/society/breakingnews/5539599
犀利前妻！陳幸妤怒揭婚變之時，也是趙建銘生肖正沖日,社會,2026/08/14 11:26,陳幸妤在網路怒揭婚變之時，卻也是趙建銘生肖、年紀正沖日，民俗巧合引人矚目。（記者吳俊鋒翻攝）前總統陳水扁的女兒陳幸妤選在生日前夕，透過網路評論，怒揭與骨科醫師趙建銘的婚變，輿論幾乎一面倒力挺女方，嚴詞抨擊「前駙馬」；民眾有驚人發現，當天農曆6月30日，農民曆上，55歲生肖屬鼠者犯沖，也正好是趙建銘的年紀，不論無心或有意，民俗巧合引起熱烈討論，直呼「難怪後座力這麼強」。民俗專家廖大乙表示，除了6月30日沖到55歲屬鼠者之外，輿論隔天開始引爆，也正好鬼門開，該生肖今年原本就犯太歲，農曆7月更容易招惹是非，事件應會持續延燒一陣子。請繼續往下閱讀...民眾也笑稱，趙建銘今年可能沒安太歲，有網友更提到「安太歲之前、要先安太座」，前太座沒處理好，然後就出事了。廖大乙解釋，趙建銘屬鼠、陳幸妤屬龍，2生肖原本天作之合，卻走到離異的地步，家務事旁人都不要去置喙，但俗話說「太歲當頭坐、無喜必有禍」，男方對婚變事件若處理不慎，未來事業恐將一併受傷。廖大乙指出，今年屬馬、雞、鼠、兔者，都有犯太歲，農曆鬼月得防口舌之非，務必謹言盛行，開車出門也要注意安全。陳幸妤的牙醫診所仍正常開業。（記者吳俊鋒攝）    ,https://news.ltn.com.tw/news/society/breakingnews/5539564
撿到社區磁扣竟成偷竊工具 桃園男兩度潛入住家行竊,社會,2026/08/14 11:23,邱姓男子犯案時戴著頭套想掩護身分。（圖由警方提供）桃園市31歲邱姓男子撿到桃園區1處社區門禁感應磁扣後，涉嫌2度侵入社區，再潛入民宅竊取屋內財物，警方說，邱男犯案時為了遮掩身分，甚至會戴上頭套，其中1次得手3萬元，他到案後已坦承行竊，警方已依竊盜罪嫌將他送辦。7月17日該社區住戶發現民宅被人入侵，損失財物約3萬元，24日又有住戶發現民宅被人入侵，還好沒有財物損失，桃園警分局青溪派出所獲報後追查，鎖定杜男涉有重嫌。請繼續往下閱讀...警方循線逮回杜男後，他已坦承犯案，警方說，邱男撿到該社區的門禁感應磁釦後，就大方進出社區，再從開著的氣窗潛入民宅偷竊，雖他犯案時戴上頭套，但他進出社區時早已留下影像，訊後已依竊盜罪嫌將他送辦，後續還要釐清他是否涉及其他案件。邱姓男子供稱，社區門禁感應磁扣是撿到的。（圖由警方提供）    ,https://news.ltn.com.tw/news/society/breakingnews/5539575
網路聲浪幾乎一面倒 病患今早逆風挺趙建銘：感情私事不影響就醫,社會,2026/08/14 11:21,婚變風波不影響就診，患者分享趙建銘看診經驗。（記者洪瑞琴攝）前總統陳水扁女兒陳幸妤與骨科醫師趙建銘婚姻生變消息持續延燒，讓趙建銘位於台南的診所成為輿論焦點。面對網路聲浪幾乎一面倒，今天一早仍有病患前往診所想就醫，有人甚至特別來看看，擔心外界風波影響診所是否正常看診。有病患表示，以往診所看診日上午很早就會出現排隊人潮，但可能受到近期網路事件影響，8月17日休診公告，讓人感受氣氛不同。請繼續往下閱讀...1名病患表示，約3年前因車禍受傷，手術後曾一度腳無力、行走困難，後來到其他診所復健，狀況卻沒有明顯改善，甚至還出現積水問題。經朋友介紹後，她轉往趙建銘診所就診。經趙醫師診斷後，處理積水後狀況逐漸改善，接受玻尿酸注射，總共施打2支，並未打PRP治療，至今沒有再出現相同問題，這次因為前幾天又不慎跌倒，才決定再次回診檢查。針對近期網路討論PRP等自費治療，她認為，每項治療都有不同考量，自費療程費用較高，患者本來就可以依自身經濟狀況及醫療需求決定是否接受，且每個人的身體狀況不同，治療效果與維持時間也不能一概而論。這名病患也說，自己因為就醫經驗不錯，過去曾介紹親友前往看診，親友的評價也都不錯；甚至有親友經濟條件較有限，診所在自費項目上提供折價，並協助分期付款，讓她對診所留下較正面的印象。另1名在科技廠工作需長時間站立、走動的患者，他表示自己有就醫需求，並不會因為醫師的感情私事而改變就診意願。她認為，感情問題屬於個人私領域，與自己看病、選擇醫師是兩回事。趙建銘診所門診表今日下午與晚上有例行看診。（記者洪瑞琴攝）    ,https://news.ltn.com.tw/news/society/breakingnews/5539553
販毒也搞宅配！台中藥頭專送中高齡藥腳 警這招讓他「插翅難飛」,社會,2026/08/14 11:14,警方趁葉男（左）要開車之際包夾逮人。（警方提供）販毒也搞「宅配到家」！台中市葉姓藥頭專挑中高齡藥腳，把毒品送到指定地點交易，市刑大掌握葉男再度「出貨」時間點精準埋伏，將偵防車貼近葉男座車趁他準備開車時，打開副駕座前、後車門，瞬間夾住葉男讓他當場「插翅難飛」，查扣海洛因等毒品及販毒所得，而該案也在近日偵結起訴。台中市刑大偵二隊長陳宗凱今天說明案情指出，該隊去年中旬偵辦販毒案，向上溯源鎖定60歲葉姓藥頭涉有重嫌，經長期蒐證發現，葉男為牟取不法利益，鎖定年長及行動、交通較不便利藥腳提供「到府送貨」，主動送毒至指定社區，並於車內或電梯、地下室等隱密處進行毒品交易，規避查緝。請繼續往下閱讀...警方說，葉男儼然把販毒生意做成「宅配服務」，滿足中高齡藥腳出門購毒不便需求，經掌握其販毒模式及行蹤後，成立專案小組並報請台中地檢署指揮偵辦，埋伏在葉男東區住處停車場，並將偵防車貼停在葉男轎車旁。就在葉男準備發動車輛要外出送毒之際，抓準時機迅速打開副駕駛座前、後車門，左右夾擊讓他根本無處逃竄，當場逮捕。警方在現場及其租住處查獲海洛因2包（5.21公克）、安非他命4包（12.5公克）、大麻煙彈1支、磅秤、夾鏈袋、手機及販毒所得3萬3400元，詢後將全案依毒品罪嫌移送台中地檢署偵辦，檢方也在近日偵結起訴；台中市刑大大隊長紀延熹說，警方對毒品犯罪絕對「零容忍」，呼籲民眾遠離毒害、珍惜生命，拒絕毒品。☆少一份毒品就多一份健康，自由時報提醒您遠離毒品☆警方查扣海洛因等毒品。（警方提供）警方在葉男租住處搜索。（警方提供）    ,https://news.ltn.com.tw/news/society/breakingnews/5539532
海關課員洩班表放行IQOS電子菸草走私 判刑8年褫奪公權,社會,2026/08/14 11:12,桃園地方法院依貪污治罪條例判處黃姓男子8年有期徒刑，褫奪公權2年。（記者周敏鴻攝）財政部台北關竹圍分關的課員黃英哲（43歲），去年9、10月間洩漏排班時段給貨運、報關行人員，放行約9萬5000條IQOS電子菸草走私入境，圖利業者近1億元，桃園地方法院依貪污治罪條例等罪，判處他有期徒刑8年，褫奪公權2年。桃園檢方調查，黃英哲負責竹圍分關遠雄快遞專區X光儀器檢查區進口貨物的分估、查驗通關業務，因竹圍分關機動組發現從去年10月13日起，大批走私IQOS電子菸草成功通關，回溯執法檢查的影像，比對出電子菸草通過X光機檢查的日期，剛好都是黃英哲執勤的時段，因為X光機判讀電子菸草並不困難，懷疑他涉及縱放，竹圍分關機動組報請桃檢指揮偵辦。請繼續往下閱讀...檢方查出，黃英哲涉嫌洩漏值班表給多家貨運、報關行人員，再由業者安排班機抵台時間，以不實的貨品名稱登載上傳申報，黃男則在上班執勤期間掩護放行，從10月13日後，縱放2萬1000多條的電子菸草，回溯從去年9、10月，黃男執檢時X光機圖檔點算，再查出至少縱放7萬4600條電子菸草，估計圖利業者近1億元。桃檢偵結後，依貪污治罪條例、菸酒管理法、偽造文書等罪嫌，起訴黃英哲與13名業者，桃園地院判處黃男有期徒刑8年、褫奪公權2年。法官指出，黃男身為執法人員本應奉公守法，為國家邊境與進口貨物嚴格把關，竟罔顧國家法紀與職務所託，圖一己私利或私人交情，嚴重破壞國家海關查緝的嚴密性、正確性與稅收公平，損及公務機關廉潔形象，且犯後矢口否認，毫無悔意。至於其他被告所犯罪行，桃園地院分別被判處有期徒刑3月到6月不等。    ,https://news.ltn.com.tw/news/society/breakingnews/5539531
花蓮砂石車墜80米懸崖司機身亡 救難人員救援遭落石K頭逃過一劫,社會,2026/08/14 10:53,和平林道事故地點道路下方是幾乎垂直懸崖，救難人員冒險拉繩垂降。（消防局提供）花蓮縣秀林鄉和平林道一輛砂石車翻落邊坡，整台車滾落陡峭、深達80公尺下邊坡，65歲張姓司機當場遭拋飛！救難人員冒險垂降到砂石車處找不到司機，經人員地毯式搜尋終於找到人，但司機已失去呼吸心跳；而救援過程中還發生石塊滾落K到義消的頭部，幸好有安全頭盔保命！花蓮秀林鄉和平林道2K昨晨6點多發生砂石車翻落意外，消防局特搜大隊長簡弘丞說，接獲報案後警義消總動員，包括特搜大隊4車6人及和平分隊2車3人、和仁3車4人、新秀1車2人、義消11人，共10車26人趕往救援。請繼續往下閱讀...由於砂石車翻落處下方為懸崖，地形破碎，救難人員架設主繩、人員確保後往下垂降，並兩邊擴大搜索，還同步操作空拍機尋找司機，但因樹叢過於茂密，空拍機難以建功，人員搜索途中發現疑似司機的安全帽。特搜人員及義消垂降到80公尺深谷底後，找到翻覆的砂石車，但車子四周都沒有發現司機蹤影。簡弘丞說，最後是在距離道路約20公尺處找到司機，上午9點將司機吊掛至林道上。但過程中也發生義消在作業時，突然上方使用同一條主繩的同仁踩到鬆軟石塊，立即大喊「有落石」提醒下方人員注意，一名義消遭石塊敲中頭部，幸好有安全頭盔保命，人員沒有受傷！新城警分局調查，受傷者是65歲張姓駕駛，上午8點多在下邊坡20公尺被找到時，已經沒有呼吸心跳，據了解張姓駕駛在秀林鄉和平村的礦場上班，當天早上6點多開著空車上坡要往礦場載石頭，不明原因車輛翻落，後續將報請檢方相驗、並釐清事故原因。砂石車墜谷意外，消防局出動空拍機搜索，但樹叢太密造成空拍機搜索困難。（消防局提供）花蓮和平林道砂石車墜落懸崖，特搜人員垂降到80公尺深谷底，發現砂石車已經摔得支離破碎，駕駛座及四周都沒有發現人。（消防局提供）花蓮和平林道砂石車墜落懸崖，特搜人員垂降到80公尺深谷底，發現砂石車已經摔得支離破碎，駕駛座及四周都沒有發現人。（消防局提供）消防局救難人員在道路下方20公尺找到墜谷罹難的張姓司機。（消防局提供）消防局救難人員在道路下方20公尺找到墜谷罹難的張姓司機，將司機以SKED捲式擔架拉回道路。（消防局提供）消防局救難人員在道路下方20公尺找到墜谷罹難的張姓司機，將司機以SKED捲式擔架拉回道路。（消防局提供）花蓮和平林道砂石車墜谷，警消出動10車26人擴大搜索。（消防局提供）    ,https://news.ltn.com.tw/news/society/breakingnews/5539521
揪妹子出遊同床偷摸奶  願受「賞巴掌處罰」獲輕判,社會,2026/08/14 10:52,劉姓男子揪妹子出遊竟伸狼爪，事後願以「巴掌」換對方原諒。示意圖。（資料照）劉姓男子與一群友人到台東旅遊，深夜在飯店同床就寢時，竟趁小美（化名）熟睡伸入衣服撫摸其胸部及下體，小美驚醒反抗並側身擋開，劉男同意「被賞巴掌」認錯處罰，仍被檢方起訴，法官考量他坦承犯行並已賠償和解，依強制猥褻罪判徒刑7月，另宣告緩刑2年。判決指出，去年1月間，劉男一行人投宿台東某飯店聊天喝啤酒，清晨4、5時許，小美與劉男及另一名男性友人同睡一張大床。劉男見小美熟睡有機可趁，將手伸入其衣服內撫摸胸部及陰部外側。請繼續往下閱讀...小美驚醒後往牆壁側身並以手推擋，劉男卻變本加厲，將小美強行環抱拉回身旁，持續猥褻得逞。事後，小美報警提告，劉男同意「被賞巴掌」認錯處罰，仍被檢方起訴。高雄地方法院審理時，法官認為，劉男一時失慮觸法，審理期間已坦承犯行，並與小美達成調解、給付賠償完畢，取得小美原諒請求從輕量刑，因此依強制猥褻罪判徒刑7月，另宣告緩刑2年，可上訴。    ,https://news.ltn.com.tw/news/society/breakingnews/5539503
心情差放煙火「舒壓」燒到民宅 高雄男遭警埋伏逮捕,社會,2026/08/14 10:46,高雄男心情差放煙火釀火警，警方漏夜逮回黃姓男子調查。（民眾提供）高雄市鼓山區哨船街民宅外火警，雖未發生傷亡，但消防局火調人員發現牆面有燻黑痕跡，且附近停車場空間有遺留燃後炮竹，警消研判有人為之嫌，漏夜逮捕黃姓男子。據了解，黃男（48歲）坦承心情不好，才會到停車場附近燃放煙火舒壓，不料煙火疑波及民宅旁的雜物，造成房屋後方非主體的外推牆面，留有燻黑痕跡。請繼續往下閱讀...案發後，鼓山分局隨即擴大調閱周邊監視器影像進行釐清，並迅速鎖定特定涉案對象，警方徹夜於犯嫌住處外埋伏守候，順利於今（14）日上午7時許，將涉案之黃姓男子（48歲）拘提到案，全案依公共危險罪嫌，移送高雄地方檢察署偵辦。鼓山分局呼籲，民眾切勿任意燃放爆竹煙火或因一時好玩而有危害公共安全之行為，以免不慎引發火災，危及他人生命財產安全。    ,https://news.ltn.com.tw/news/society/breakingnews/5539494
小傷硬要縫1針領保險 婦被罵「騙保」反告醫師求償遭打臉,社會,2026/08/14 10:37,高雄婦人頻繁因微小傷口衝急診，狂盧醫護「幫我縫一針」，坦言為了申請保險理賠。醫師直斥：「騙保險」婦人提告求償被打臉。示意圖。（資料照）高雄謝姓婦人頻繁因微小傷口衝急診，甚至狂盧醫護「不打麻醉、幫我縫一針」，坦言是為了申請保險理賠。醫師忍無可忍，當眾直斥：「阿姨妳已經騙保險3次了！」婦人自認名譽受損，憤而提告求償10萬元精神慰撫金。橋頭地方法院審理後，認定醫師是基於專業的「合理評論」，判決婦人敗訴。判決指出，該婦人前年3月5日因腳微傷前往國軍左營總醫院岡山分院急診，當時傷口極小、擦藥即可，她卻執意要求：「幫我縫1針，不然沒辦法申請保險。」未料短短9天後，她再度因腳底擦傷衝進急診，醫師評估只需剪掉死皮，婦人竟故技重施，再度要求縫合以利理賠。請繼續往下閱讀...當班醫師忍無可忍，當場怒斥：「學長讓你、我也讓你，妳一直一而再、再而三來騙保險，不可以這樣！」甚至直言其就醫頻率高到「懷疑是自己弄的」。婦人當場惱羞成怒，撂下「退掛、投訴」後憤而提告。法官審理認為，婦人屢次因表淺傷口要求不必要的醫療處置，且明確表明為領保險，醫師本於專業與社會公益對異常就醫行為提出評論，並非惡意攻訐，據此判處醫師免賠，全案仍可上訴。    ,https://news.ltn.com.tw/news/society/breakingnews/5539478
工程師勾結共諜李能謙！3674筆情報員個資「喊價10萬人民幣」 中共嫌貴不買,社會,2026/08/14 10:36,網路工程師洪嘉培提供大量國人個資資料庫，並與李能謙搜尋情報機關現、退役人員等3674筆個資，供李向中方兜售並喊價人民幣10萬元，最終因價格談不攏而未成交。圖為李能謙移送畫面。（讀者提供）台北地檢署追查製片人李能謙共諜案，查出網路工程師洪嘉培明知李已遭中方軍情人員吸收，仍與李搜尋情報機關現、退役人員3674筆個資，供李向中方展示、兜售，整套資料庫喊價人民幣10萬元，最終因價格談不攏而未成交；承辦主任檢察官曾揚嶺偵結後追加起訴洪等3人，並對洪求處7年6月以上有期徒刑。起訴指出，本職為網路工程師的洪男於2025年3月前某時，從綽號「一哥」的不詳男子手中取得一套資料庫，內容含大量國人姓名、出生年月、身分證字號、任職單位及聯絡電話等個資。請繼續往下閱讀...同年4月12日，洪男在高雄市大寮區工作室與李能謙碰面。當時李能謙已被中方軍情人員吸收，負責刺探、蒐集及交付我國軍情資訊；李並向洪透露，準備將該套資料庫轉賣給中國官方、軍方人士。檢方查出，洪明知用途後，仍與李共同以「外交部」、「國防部」、「陸軍」、「海軍」、「空軍」、「後備」等重要政府機關及國軍單位名稱為關鍵字，在資料庫內搜尋個資，並以「Bandicam」螢幕錄影程式記錄搜尋過程。兩人因此取得包含情報機關現、退役情報人員等在內，共3674筆姓名、身分證字號、聯絡電話及任職單位等個資，製作成9個影片檔案。李能謙同月14日再將其中6個檔案，透過Telegram私密聊天傳送給位於中國福州地區的軍情人員「福州溫泉」，藉此展示資料庫內容。檢方追查發現，李能謙並試圖以人民幣10萬元向「福州溫泉」兜售整套資料庫，但雙方最終因價格未能達成共識，交易沒有成功；李事後也將中國方面對資料庫「不感興趣」的結果轉告洪男。除洪男外，檢方另追出另一路軍職個資來源，陳韋碩於2024年4月間，受李能謙及另名已遭起訴的彭永聰請託，協助蒐集國軍人員個資，隨後找上從事民間貸款代辦的鄭姓男子。鄭男原稱可找軍職友人協助，實際上卻從過去經手的貸款客戶名單中，挑選具有軍人身分者，整理姓名、身分證字號及手機號碼等資料製成PDF檔，同年5月22日透過LINE傳給陳男，再由陳轉交彭男，並換取5000元報酬。北檢黑金組主任檢察官曾揚嶺偵查後，依違反國家情報工作法、國家安全法個人資料保護法等罪起訴洪男，並指其對犯行矢口否認、飾詞狡辯，建請法院量處應執行有期徒刑7年6月以上，以示懲戒；陳、鄭2人則依違反個人資料保護法起訴。    ,https://news.ltn.com.tw/news/society/breakingnews/5539486
前妻聲請保護令 踏出派出所遭「滅火器+鐵畚箕狂」砸頭,社會,2026/08/14 10:26,黃姓女子剛聲請完保護令就被前夫埋伏攻擊。（民眾提供）洪姓男子和前妻黃女合夥開公司，洪男挖角前公司廠長，給出一天3千元的日薪，黃女卻認為薪水給太高，雙方發生衝突，黃婦跑去派出所聲請保護令，剛離開派出所，就被洪男用滅火器及鐵製畚箕攻擊頭部，造成黃女重傷送醫，一審依家暴傷害罪判洪男徒刑3年2月，檢方和洪男不服上訴，二審維持一審原判。判決指出，去年10月29日傍晚5點多，大寮區河堤路發生糾紛，員警到場處理時，得知59歲洪姓男子與54歲黃姓女子已離婚，但兩人因一起開公司，黃女不滿洪男給前廠長日薪3千元太高不合理，要辭退前廠長，但洪男不同意，認為前廠長才來工作兩天就要辭退對方太不講情面，雙方因此發生拉扯衝突。請繼續往下閱讀...員警到場排解後，黃女也到派出所提出傷害告訴並聲請保護令，期間，員警訊問她是否需警方提供協助，但黃女說不用，員警告知她，若有安全需求，可隨時致電派出所派員保護。沒想到黃女前腳剛離開派出所，回家途中就被洪男埋伏堵人，洪男拿滅火器及鐵製畚箕攻擊她的頭部8下，造成黃女頭部撕裂傷送醫搶救；洪男行凶後落跑，15分鐘後自知難逃法網，跑去派出所投案。高雄地方法院審理時，洪男坦承犯行，法官認為他不符合自首要件，但考量到犯後主動投案，犯後態度可納入量刑參考，因此依涉犯家庭暴力之傷害罪判徒刑3年2月。檢方不服上訴，主張頭部為人體致命要害，洪男滅火器脫手後竟未收手，還換拿具殺傷力的鐵畚箕接續鎚擊，顯有殺人不確定故意。不過高雄高分院勘驗監視器與診斷書指出，洪男體型具優勢且高舉工具下打，黃女當時呈蹲坐弱勢，若真有殺意，力道足以造成顱骨骨折或嚴重顱內出血；黃女受傷部位雖達5公分、3公分撕裂傷，均僅及於皮下組織，骨頭與腦部毫無損傷，顯見洪男出手有所控制，主觀上僅為「教訓」動機而非奪命，因此認定不構成殺人未遂，維持原判確定，全案仍可上訴。    ,https://news.ltn.com.tw/news/society/breakingnews/5539469
獨家》踩國家公園未開放禁地！出風鼻探勘遭虎頭蜂圍攻釀2死1重傷,社會,2026/08/14 10:18,溪仔口風光原始是墾丁國家公園近年開放的景點。（資料照）南部多個協會原訂16日前往墾丁國家公園溪仔口舉辦淨灘活動，不料今天上午8時50分許，傳出2男一女等3名成員竟偏離申請區域，闖入未開放的「欖仁溪至出風鼻」海岸路段探勘，途中意外慘遭兇猛的虎頭蜂群瘋狂圍攻！由於蜂群數量龐大且攻擊性極強，3名登山探勘人員避之不及，造成2死1重傷的悲慘悲劇，目前警消與警大搜救人員已趕抵現場全力搶救。當地居民痛心指出，欖仁溪至出風鼻路段屬於早期古道，早已沒有當地居民或獵人通行，更非墾丁國家公園管理處合法開放的生態保護區道路或淨灘申請區域。該區因為長年無人到訪，人煙罕至，林木茂密，早已成為野蜂、野牛等野生動物肆意棲息的區域，地形極具險要與高度危險性。請繼續往下閱讀...據了解，該團體雖有向墾管處報備溪仔口的合法活動，但3人不知何故於今日上午先行前往該條未開放禁地探勘，結果踩爆蜂窩引來死劫。屏東縣消防局獲報後已派出多個分隊前往救援，墾管處也呼籲民眾，入山一定要遵守國家公園法規與劃定區域，切勿心存僥倖闖入危險未開放山林，以免發生不可挽回的憾事。屏東滿州出風谷「蜂螫」2死1傷 登山會3幹部探路竟釀悲劇登山踏勘驚爆蜂螫悲劇！墾管處急籲：遇到「警戒蜂」千萬別揮打溪仔口風光原始是墾丁國家公園近年開放的景點，但欖仁溪至出風鼻未開放。（取自google地圖）    ,https://news.ltn.com.tw/news/society/breakingnews/5539477
鄭亦麟稱「父母都在台」盼解限境 北院認不顧親人逃亡案例多、延長8月,社會,2026/08/14 10:14,北院裁定鄭亦麟8月26日起延長境管8月。（資料照）人稱「小英男孩」的鄭亦麟被檢方指控，過去在擔任經濟部綠能科技產業推動中心副執行長時，涉嫌收受東煒建設198萬元後向台電施壓，檢依貪污罪起訴鄭男並求刑14年。7日為鄭亦麟被起訴後首次出庭，由於其處於境管狀態，他表示父母都在台灣，不可能逃亡，盼解除限境。對此，台北地院裁定自8月26日起，延長鄭亦麟的限制出境、出海8月。可抗告。鄭亦麟在移審北院後，便以300萬元的金額交保，並限制出境及出海，施以科技監控。而本月7日為鄭亦麟被起訴以後首次開庭，由於他的限境期限將屆，法官也當庭詢問檢辯雙方意見，公訴檢察官認為有必要延長，而鄭亦麟則透過律師表示，父母都在台灣，不可能逃亡，希望解除限制出境出海。請繼續往下閱讀...北院考量，鄭亦麟僅坦承本案起訴客觀事實，但否認主觀犯意，並對本案犯罪事實有前後說詞不一、避重就輕的情形，考量其具有海外求學經歷、經濟能力、生活經歷等，具有長期出國滯留海外能力，因此認為仍有相當理由認為其為規避、影響後續審判程序進行而逃亡海外的可能性。北院認為，縱使鄭亦麟主張家人及財產均在台灣，也無海外資產等，但根據我國司法實務經驗，被告不顧國內親人、財產而潛逃出境的狀況並不少，因此實在難以憑此主張，就認為鄭亦麟沒有逃亡之虞，因此裁定自8月26日起，延長其限制出境、出海8月。可抗告。起訴指出，陳氏父子4年前計畫在北市設「網路資料數據中心暨儲能設備」申請供電，台電考量松湖地區為供電瓶頸區域，無法核准。鄭受託向不知情的台電蕭姓副總經理稱，此案是經濟部關心案件，為雲端資料中心、國家重要政策，希望優先核准供電。蕭勝任誤認確為國家政策，克服困難核准給東煒32MW電力，隔年鄭再次說項，最終取得42MW電力。事後鄭向東煒邀功，陳家以顧問費名義匯198萬元到鄭弟帳戶，鄭再與家人透過簽立假顧問契約、分次提領現金等方式掩飾金流。鄭亦麟帳戶另有601萬元，無法提出合理說明。檢方認為，鄭亦麟利用其實質影響力，讓東煒拿到饋電容量，對電力申請的公平競爭及台電合理經營破壞甚鉅，且犯後態度不佳，求刑14年；鄭的父母、胞弟涉洗錢各求刑2年，陳氏父子審理時若認罪，各求刑1年6月，否認則求刑3年6月。    ,https://news.ltn.com.tw/news/society/breakingnews/5539457
左營警首推VR影片體驗大車駕駛視野 民眾驚喊4個字,社會,2026/08/14 10:13,左營分局員警拍攝VR影片宣導交通安全。（左營分局提供）為提升民眾對大型車內輪差、視野死角及車輛通行時產生氣流（船吸效應）等三大隱形殺手危險的認知，高市左營分局首次以360度環景攝影結合VR（虛擬實境）器材，自行製作拍攝沉浸式交通安全宣導影片，讓民眾戴上VR眼鏡，以第一人稱視角親身體驗大型車駕駛視野、機車及行人危險情境後，驚喊：「阿彌陀佛！」警方表示，左營分局成立宣導小組，在大型車駕駛座、車輛周邊、機車騎士及行人視角架設360度攝影機，呈現大型車轉彎時的內輪差、視野死角以及船吸效應影響，讓體驗者透過VR設備身歷其境，逼真感受大型車周遭潛藏的危險。請繼續往下閱讀...警方強調，為求畫面真實並顧及安全性，宣導小組不懼烈日，多次進行場勘、測試及排練，反覆調整攝影機架設位置及拍攝角度，希望透過科技應用，讓交通安全意識更加深植人心。許多民眾體驗完後，震懾畫面餘悸猶存，因為不僅能清楚了解大型車駕駛看不到的區域，更能感受到大車的「三大隱形殺手」帶來的危險，直呼「真的像在馬路上」、「以前不知道離大車這麼近有多麼危險」、「啊…撞到了」、「真的好恐怖」、「大車死角多，一不小心就會登出人生」。因結合科技創新的宣導方式獲得好評，左營分局將持續運用VR設備深入校園、社區及各項大型活動，推廣大型車安全觀念，提醒用路人務必要遠離大車，確保安全。左營分局透過VR影片宣導交通安全。（左營分局提供）    ,https://news.ltn.com.tw/news/society/breakingnews/5539453
藥企處長洩醫院進藥機密遭開除 二審再爆2失職判賠122萬,社會,2026/08/14 10:12,某藥企洪姓主管洩露藥品底價給離職同事，遭公司開除並判賠122萬元。（資料照）某藥企前洪姓行銷處長將國軍高雄總醫院左營分院的「新藥進用評估表」及未公開價格私寄給離職員工，一審被判賠20萬元。公司上訴二審，加碼揭露洪男任內還因延誤送件害公司丟失藥品經銷權，甚至放任價值72萬元的藥劑過期報廢，高雄高分院審結，認定洪男屢次失職且誠信低落，將違約金調高並加計損害賠償，改判洪男須賠償122萬元。判決指出，洪男於2021年起擔任某藥企行銷處長，月薪6.5萬元，並簽有保密切結書。2023年6月，公司發現洪男使用辦公室電腦及信箱，將尚未開標、具高度商業價值的國軍高雄總醫院「新藥進用申請評估表」寄給離職的李姓員工，隨後將其解僱並提告求償228萬元。請繼續往下閱讀...橋頭地方法院審理時，洪男否認，辯稱當日下午人在嘉義大林慈濟醫院出差，不可能在台北辦公室寄信，且辦公室未鎖、開機密碼曾告訴他人，懷疑遭人陷害，並主張藥品價格在網路都能查到，不具秘密性。法官根據發票與LINE對話分析，洪男下午3點多結束嘉義行程後，走國道1號車程僅約1小時24分，就能在下午5點17分寄信前返回辦公室，且當天他有親自打卡下班；此外，洪男先前早已變更過電腦密碼，防護警覺高，遭冒用說法難採信，判他應賠公司20萬元。公司不服上訴，並追加兩大控訴，指稱洪男曾因未依限向台中榮總提出某款藥品資料，導致公司遭原廠撤銷經銷權；此外，他還因未盡職責，導致公司價值72萬元的藥品過期報廢。高雄高分院審理時，法官一樣認定洪男有機會從嘉義趕回台北洩露公司機密，且他簽 下切結書後不久，即接連發生洩密與嚴重失職，履約誠信程度極低，因此除了將洩密與丟失經銷權的懲罰性違約金應提高至50萬元外，藥品報廢的72萬元損害也必須由洪男全額承擔，改判洪男應賠償122萬元，全案定讞。    ,https://news.ltn.com.tw/news/society/breakingnews/5539456
老婦險遭詐解約160萬元保單 還謊稱要替兒還債,社會,2026/08/14 10:11,警方勸阻謝姓老婦（右）解約外幣保單。（圖由警方提供）桃園市70歲謝姓老婦日前遭到詐騙集團以投資話術騙信，竟前往觀音區1處金融機構，要解除價值約160萬元的外幣保單，大園警方獲報趕往勸阻時，老婦還編出「我是要幫兒子還債」等理由，還好警方聯繫老婦家人後，聯手阻止她解約保單，沒讓詐騙集團得逞。大園警分局新坡派出所接獲金融機構人員通報後，由副所長吳而立、警員陳奕愷、警專實習生黃上齊趕赴現場；警方說，詢問謝姓老婦為何要解除外幣保單時，老婦說詞矛盾、神情緊張，原來是老婦誤信投資陷阱，想要領錢交給透過網路認識的陌生人。請繼續往下閱讀...謝姓老婦一度還佯稱是要幫她兒子還債，警方聯繫家人確認她兒子並沒有欠債狀況後，不斷以各種案例說明老婦可能遭詐，她才同意不解約定存保單。    ,https://news.ltn.com.tw/news/society/breakingnews/5539440
高雄婦變換車道未打方向燈 警攔查發現酒駕又無照,社會,2026/08/14 09:59,潘婦無照駕駛又違規，還涉嫌酒駕，恐吃下16萬餘元罰鍰。（民眾提供）高市仁武警分局員警12日上午7時許攔查違規潘姓女騎士，聞到她身上渾身酒氣，潘女說前一天晚上喝了保力達，酒測值卻達0.24mg/L，潘女還無照駕駛，最高可處16萬5千餘元。仁武警分局員警巡經仁武區京吉二路與京吉六路口，發現54歲潘婦騎機車變換車道未依規定使用方向燈，員警上前盤查發現潘女未領有駕照，且渾身酒氣，經實施酒測值為0.24mg/L，員警依規定掣單舉發。請繼續往下閱讀...潘婦無照駕駛、變換車道未依規定使用方向燈以及酒後駕車等違規，違反道路交通管理處罰條例，最高可處新臺幣16萬5600元。    ,https://news.ltn.com.tw/news/society/breakingnews/5539447
不滿逆向！男持球棒敲後照鏡狂飆國罵 女駕駛道歉仍遭推擠,社會,2026/08/14 09:52,林男下車持鋁棒揮舞。（Threads@wxh.oct28授權）台中市北區13日晚間發生一起行車糾紛，翁姓女子因不熟路況誤闖單行道逆向，林姓男子不滿未獲禮讓當街化身「路怒男」，持鋁製球棒敲打翁女車輛後照鏡，還狂飆五字經國罵，翁女下車致歉後，林男怒氣仍未消，竟持球棒作勢攻擊並推擠，火爆場景引發網路熱議。台中市第二分局文正派出所13日晚間許接獲報案，指中山路391號附近發生行車糾紛，員警到場時，雙方已分開站在各自車輛旁，現場沒有進一步衝突。請繼續往下閱讀...經查，58歲翁女因不熟悉當地路況，誤駛進單行道逆向行駛，22歲林男疑因不滿她未禮讓瞬間爆氣，過程中，林男情緒愈來愈激動，不僅持鋁製球棒敲打翁女車輛後照鏡，還以五字經連番辱罵，甚至嗆「不會開車不要出來害人」。翁女見狀下車致歉，沒想到林男仍未罷手，持球棒朝翁女作勢攻擊，並出現推擠行為。警方隨即將雙方帶返派出所調查，確認均無酒、毒駕情形，翁女表示不願追究，也不提出告訴，但警方指出，林男持球棒對人施以暴力，相關行為仍涉及妨害自由等罪嫌，將函請台中地檢署偵辦。第二分局呼籲，行車途中遇到路權爭議或駕駛糾紛，應保持冷靜，切勿因一時氣憤下車理論，更不可持棍棒等物品對人作勢攻擊或施暴；若遇類似情況，應記下車號、保留行車紀錄器影像並立即報警，交由警方依法處理。林男持球棒敲打翁女車輛後照鏡（Threads@wxh.oct28授權）    ,https://news.ltn.com.tw/news/society/breakingnews/5539444
高雄男騎機車搖晃又壓線 女警攔查檢測抓到毒駕,社會,2026/08/14 09:49,警方逮捕毒駕男。（記者洪定宏翻攝）52歲謝姓男子騎機車後載49歲劉姓女性友人，因行駛不穩搖晃且壓線，被女警攔查，進行唾液檢驗，確認他毒駕，高雄警方當場逮捕法辦。高雄警方指出，8月13日下午4點多，左營分局新莊派出所員警巡邏行經左營區南屏路，發現謝男行駛過程車身搖晃，一度向左壓到車道線，又偏向右側，趨前攔查。請繼續往下閱讀...員警對謝男進行唾液檢驗，結果呈二級毒品安非他命陽性反應，開罰1萬5千元至9萬元，車輛移置保管、吊扣駕駛執照1年至2年，並依公共危險及違反毒品危害防制條例法辦。警方呼籲，施用毒品後駕車將影響駕駛人的判斷力及反應能力，嚴重危害自身及其他用路人安全，將持續加強取締重大交通違規，維護道路交通安全。    ,https://news.ltn.com.tw/news/society/breakingnews/5539426
女車手取款被逮還裝傻 被害人一句話戳破謊言,社會,2026/08/14 09:47,警方出示證件，陳女仍否認是車手。（民眾提供）高雄市蔡姓男子誤信虛擬貨幣投資話術，陸續被詐騙300萬元，詐團食髓知味要求加碼，雙方約定12日面交，陳姓女車手現身取款，埋伏員警一擁而上，陳女裝傻說「我哪有詐欺？」且當員警面前跟上手通風報信，蔡男當場說她已經來3次，戳破她的謊言。據了解，蔡男多次依詐團指示面交現金及轉帳，累計損失約300萬元，詐團再度誘騙蔡男加碼20萬元，並約定12日面交。前鎮警分局偵查隊掌握情資後介入，提前於前鎮區崗山中街一帶埋伏守候。請繼續往下閱讀...12日傍晚6時35分許，49歲陳女依約現身，正準備向蔡男收取20萬元時，員警上前將人控制，陳女先是一臉錯愕，隨即裝傻反問「蛤？我哪有詐欺？」；當時她掛著耳機，趁隙向詐團上手通風報信，遭員警喝止，警方追問為何前來取款時，她又辯稱「這些錢是我要自己拿去花的」，後來在警方追問下最後才坦承收取款項後，仍須將錢交給詐團上游「組長」，員警當場查扣智慧型手機1支及現金8300元。警方訊後依詐欺罪及違反洗錢防制法等罪嫌，將陳女移送高雄地方檢察署偵辦，並追查幕後詐騙集團成員及相關金流。員警上前逮捕陳姓女車手。（民眾提供）警方起出犯罪贓款及證物。（民眾提供）    ,https://news.ltn.com.tw/news/society/breakingnews/5539428
假冒營養師輕食詐騙頻傳 高市警揭假客服連環陷阱,社會,2026/08/14 09:43,假冒營養師輕食詐騙頻傳，高市警揭假客服連環陷阱。（警方提供）民眾越來越重視飲食健康，常會上網或電話訂購保健食品，詐團認為有機可乘，廣發詐騙電子郵件給民眾，誆稱帳號重複訂購，再以「假客服、假金流、假金融人員」連環套路行詐，高市刑大近期受理不少案件，今天緊急提醒民眾。刑大指出，有民眾報案表示收到訂單「消費異常」郵件，多為假冒知名保健品牌「營養師輕食」的電子郵件，內容稱其帳號重複訂購，若非本人操作請聯繫客服處理，被害人誤信以為真，點擊郵件連結反應後，竟一步步落入詐騙集團精心設計的「假客服、假金流、假金融人員」連環套路，最終透過網路銀行陸續轉帳至指定帳戶，直到傳訊息給朋友時才驚覺上當受騙。請繼續往下閱讀...警方清查此類假冒「營養師輕食」品牌的釣魚郵件詐騙案件，自今（115）年7月間至今全台灣已有近百起報案諮詢紀錄，案情均是被害民眾收到「重複訂購、定期扣款訂單」的電子郵件，經點擊郵件內的客服連結後，暱稱「營養師輕食」的 LINE 客服卻宣稱系統異常導致訂單出現問題，表示目前異常消費均交由「藍新金流」協助處理並提供另一連結，引導被害人填寫完「藍新金流－異常訂單取消申請」後加入「金融客服」的LINE帳號。假金融客服在通話中以「個人資料外洩」、「需透過網路銀行轉帳以呈現金流給金管會驗證」等專業術語降低被害人防備心，並在電話中全程指引操作網路銀行或至ATM操作轉帳，造成被害人財損。警方特別提醒，網路購物應認明官方網站及網址，藍新科技等第三方支付業者並不會主動與民眾聯繫要求執行ATM轉帳、解除分期付款或提供個人資料；近期有許多詐騙集團透過LINE傳送篡改的「藍新金流」釣魚連結，誘騙民眾點擊並填寫個人資料。警方強調切勿輕信金流驗證、實名認證等話術，並慎防假冒「藍新金流」釣魚網站，務必確認網址是否為「newebpay.com」，勿在非官方頁面輸入任何個資或帳號資訊，亦勿輕易提供信用卡號、授權碼或簡訊OTP驗證碼等重要金融資料。    ,https://news.ltn.com.tw/news/society/breakingnews/5539423
馬路三寶又出沒！69歲婦突開車門 騎士反應不及慘撞上受傷,社會,2026/08/14 09:42,LEXUS轎車（第二輛車）突開車門，造成騎士反應不及撞上倒地。（記者姚岳宏翻攝）開車門前要回頭看一下！台北市松山區前天下午3時許發生驚險車禍，69歲陳姓女乘客在南京東路五段66巷前，趁著車輛停等紅燈時，未注意後方有無來車，就直接打開右後車門要下車，導致後方42歲邱姓機車騎士閃避不及，當場撞上車門連人帶車倒地，造成邱男多處擦挫傷，誇張行徑被放上網路，引來網友批評。交通事故的行車紀錄器影片被網友PO上網，畫面中可見，右後座乘客完全沒有查看後方有無人車，車門說開就開，讓直行的機車騎士根本來不及煞車，直接撞上車門重摔倒地，網友看了氣憤留言，直呼「車門老娘說開就開」。請繼續往下閱讀...松山警分局指出，當時陳男駕駛小客車，沿著南京東路5段66巷由南往北行駛，並在路口停等紅燈，車上的69歲陳姓婦人貪圖方便，利用停等紅燈的時間直接開啟右後車門準備下車，與沿同路段直行的機車發生碰撞。這起意外造成小客車右後車門撞損，機車左右兩側車身皆有刮痕，邱姓騎士左、右膝蓋擦傷，左手掌也有挫傷，警方針對雙方駕駛進行觀察，確認無酒駕與毒駕，目前松山交通分隊依規定成案處理，並完成現場測繪，將進一步釐清相關肇事責任。    ,https://news.ltn.com.tw/news/society/breakingnews/5539427
王爺顯靈？ 78歲翁失足墜2米大排 「電話自動接通」功能讓他順利獲救,社會,2026/08/14 09:18,警消妥善固定老翁及繫上確保繩索。順利將老翁從深溝中安全拉回地面。（車城分隊提供）屏東縣車城鄉日前發生一起令人稱奇的驚險救援事件！一名78歲張姓長者7日下午前往鎮安宮往海口方向查看排水工程時，因腳步不穩失足墜落約2公尺深的大排施工處。老翁當場手腳重創、身陷尖銳鋼筋堆中動彈不得，在烈日曝曬下隨時有脫水危險。豈料在孤立無援之際，竟發生「手機自動接通」的難以解釋奇蹟，讓老翁順利向朋友求救，於警消高效率的「低所救援」下幸運撿回一命，直呼「感謝王爺保佑！」據了解，張姓長者當時為了拍攝施工進度，不慎失足滑落坡坎，整個人被卡在排水溝底，手腳更被周遭鋼筋死死卡住。當下劇痛難耐且完全無法移動，連隨身手機掉落何處都不知道，周邊又空無一人，情況萬分危急。就在絕望之際，友人正好打電話尋找長者，在他根本無法伸手拿取手機的情況下，手機竟詭異地「自動接通並開啟擴音」，得以大聲呼救，友人聞訊後隨即向119報案。請繼續往下閱讀...屏東縣消防局119接獲報案後，立即指派車城分隊協請義消共2車5人趕赴現場。警消抵達後評估現場屬狹窄低所環境，老翁頭部有撕裂傷、手腳挫傷且右手右腳劇痛無力，救援人員隨即架梯下溝進行生命徵象評估，並妥善固定老翁及繫上確保繩索。溝上下同仁發揮高度默契「上拉下推」，順利將老翁從深溝中安全拉回地面，並送往衛福部恆春旅遊醫院治療。張姓長者事後餘悸猶存地表示，慶幸沒被尖銳鋼筋刺穿身軀，冥冥之中可能有長期服務的池王爺靈感相助，否則若長時間困於酷熱溝底，後果不堪設想，更感謝警消專業低所救援讓他性命無虞。警消順利將老翁從深溝中安全拉回地面送醫。（車城分隊提供）    ,https://news.ltn.com.tw/news/society/breakingnews/5539377
租客控訴門鎖被灌三秒膠 房東獲不起訴後反控誣告,社會,2026/08/14 09:09,蘇姓租客控告陳姓房東在門鎖灌三秒膠，房東獲不起訴後反控租客誣告。示意照。（記者李立法攝）蘇姓男子與陳姓房東發生租屋糾紛，蘇男提告控訴房東在門鎖內灌三秒膠涉及毀損，檢方查無實證以不起訴處分簽結，陳姓房東反控蘇男誣告罪，檢方認定犯行成立提起公訴，屏東地院卻認為蘇男屬合理懷疑，檢察官對誣告罪構成要件有誤解，判蘇男無罪，可上訴。蘇男父親生前向陳男租屋，蘇父過世後，蘇男未與陳男重新簽約，因拖欠租金，雙方因而產生糾紛，蘇男1年多前發現門鎖連續2次被灌入三秒膠，他認為是陳姓房東所為，於是提告毀損，但檢方調查後，認為事證不足，予以陳男不起訴；陳男憤而對蘇男提起誣告罪，檢方認為蘇男犯行成立而提起公訴。請繼續往下閱讀...屏東地院認為，陳男與蘇男有租屋糾紛，陳男多次於通訊軟體LINE傳送「沒錢滾去找你爸，帶你跑路」、「趕快去找你爸吧！沒錢活著很痛苦，找你爸比較輕鬆自在」、「厚臉皮，趕快摔斷腿吧」等不堪文字，要求蘇男給付房租，蘇男會懷疑門鎖被灌三秒膠為房東所為，非屬無據，但檢方以該毀損案已不起訴處分確定，即認蘇男該當誣告罪，卻未積極舉證，顯屬對誣告罪構成要件有誤解，應予蘇男無罪諭知。    ,https://news.ltn.com.tw/news/society/breakingnews/5539367
高雄彩券行女員工「螞蟻搬家」36張刮刮樂 1原因獲輕放,社會,2026/08/14 09:07,彩券行員工「螞蟻搬家」連續行竊8次，摸走36張面額不同的刮刮樂。示意圖。（資料照）高雄市知名「天天來彩券行」爆出內鬼案！ 一名羅姓女員工利用保管財物之便，在短短10天內「螞蟻搬家」連續行竊8次。她不僅大膽摸走36張面額不同的刮刮樂，連店內5000元營業現金也據為己有，總計侵占新臺幣2萬1000元。案經法官審理，考量她已全額賠償老闆，罕見引用《刑法》「過苛條款」裁定不予沒收犯罪所得。檢警調查，羅女受僱擔任銷售員，負責保管每日營收與彩券。不料她因一時貪念，竟把櫃檯當成免費遊樂場。羅女作案手法極其頻繁，曾單日連續出手2次、1小時內連偷現金與千元彩券。總計共吞下25張200元刮刮樂、11張1000元刮刮樂與現金。請繼續往下閱讀...老闆察覺帳目不對憤而報警，羅女隨即被依業務侵占罪起訴。不過案件在法院審理時出現轉折，羅女犯後坦承罪行、深具悔意，並在判決前全額賠償被害老闆的所有損失。橋頭地院依業務侵占罪判她徒刑半年，緩刑2年，法官認為，羅女既已賠償完畢，若再依常規沒收其犯罪所得，在法律上顯有「過苛之虞」。因此最終援引《刑法》第38條之2第2項規定，裁定不予宣告沒收或追徵，給了她一次改過自新的機會。可上訴。    ,https://news.ltn.com.tw/news/society/breakingnews/5539381
台北市中山交通分隊清晨槍響！36歲警員倒臥樓梯間中彈亡,社會,2026/08/14 09:00,中山分局交通分隊員警在駐地頭部中彈身亡。（記者姚岳宏攝）台北市中山警分局交通分隊今（14）日清晨驚傳槍響，36歲王姓員警結束取締酒駕勤務後，因不明原因在駐地樓梯間頭部中彈，警消人員獲報趕抵現場時，王員已無生命跡象，確切的槍擊原因與事件經過，仍待警方進一步調查釐清。據悉，36歲王姓員警未婚，去年9月才從大安分局交通分隊調任至中山分局，平時在隊上表現正常，同仁事前未察覺異狀；案發地點在長安西路中山市場3樓的中山交通分隊駐地，警方初步調閱駐地監視器畫面發現，王員在清晨5時左右獨自走進樓梯間，他原訂於上午7時下班，卻在下班前發生憾事。請繼續往下閱讀...據了解，事發當下值班員警曾聽見「砰」的巨大聲響，隨即前往後方查看，但因現場鄰近廚房，該員誤以為是其他人使用微波爐發出的聲音而未多加留意，直到上午7時許，有同仁行經樓梯間時，才赫然發現王男倒臥在地，右側太陽穴附近有明顯槍傷，立刻通報119協助。目前鑑識中心人員已在現場進行採證，釐清槍傷的真正成因。    ,https://news.ltn.com.tw/news/society/breakingnews/5539389
彰市工廠洗床機疑過熱起火燃燒 1員工臉燒傷送醫,社會,2026/08/14 08:57,彰化市一家工廠洗床機過熱起火燃燒，1名員工臉燒傷送醫幸無礙。（警方提供）彰化市三村路一家工廠昨天（13日）深夜突然冒煙竄火，消防局據報派員趕往現場搶救，火勢迅速被撲滅，不過有1名員工在搶救過程中臉部輕微燒傷，所幸意識清楚，自行前往秀傳醫院治療，經消防勘查發現為洗床機疑似機台老舊，運作中過熱燃燒而冒出較多濃煙觸發警報器，不過確實起火原因仍由消防局釐清。這起工廠火災發生在昨天深夜10點半左右，疑似因機器操作過熱起火，消防局據報出動第一大隊、彰化分隊與東區分隊等單位人員趕往現場，臉部輕微燒傷的員工自行就醫治療，現場火勢迅速撲滅。彰化市昨晚一家工廠洗床機過熱起火燃燒，所幸迅速撲滅。（警方提供）    ,https://news.ltn.com.tw/news/society/breakingnews/5539375
女律師詐10億！謝金河畫重點：體制越不透明 黃金空間越大,社會,2026/08/14 08:35,前彰化律師公會理事長陳昱瑄，利用慈濟當年要購買BNT疫苗，誆稱握有疫苗採購管道，詐取慈濟基金會10.6億元。（擷自陳昱瑄臉書、中檢提供，本報合成）曾任彰化律師公會理事長的律師陳昱瑄，2021年間以能取得BNT疫苗特殊管道為由，向慈濟詐得10.6億元，並涉嫌洗錢、將贓款化整為零購買黃金藏匿於台中豪宅。財信傳媒董事長謝金河發文指出，越是不透明的地方，黃金的角色更加彰顯。他也提到，大家討論很多慈濟，但沒有人談到慈濟的治理問題！謝金河在臉書以「貪婪無上限，黃金狂想起！」為題發文指出，涉嫌詐騙慈濟的女律師，因洗錢遭到查緝，最後引出案外案，慈濟遭詐騙，才終於攤在陽光下。請繼續往下閱讀...謝金河強調，這涉及治理問題，國家有國家治理，企業有公司治理，每一季的董事會，除了看財務報表，最重要的是內稽內控，惟獨宗教團體能夠豁免。當宗教團體的財富越積越多，眼皮底下不能見光的問題也會越來越多。謝金河表示，越是不透明的體制，黃金的空間也越來越大！今年元月美國三角洲特種部隊把委內瑞拉總統馬杜洛抓到美國受審，追查馬杜洛在瑞士銀行帳戶，發現在他的帳戶內藏有127公噸黃金，6到7萬枚比特幣。這個富可敵國的財富很可能是委內瑞拉售油的收入流到馬杜洛個人帳戶。謝金河說明，委內瑞拉土地面積91.6萬平方公里，比台灣大幾十倍，人口3150萬人，但經濟總產值只有1112億美元，只有台灣的9分之1。理論上，委內瑞拉是全球石油醖藏量最大的國家，但馬杜洛控制的委內瑞拉經濟卻山窮水盡，主要原因是委內瑞拉賣石油的錢跑到馬杜洛口袋去了。謝金河指出，這次詐騙慈濟的陳姓女律師，把騙到的錢拿去買158公斤的黃金，2021年黃金的均價大約1700美元，如今跑到4448美元，這個差價不小。158公斤的黃金約5573盎司，如今的市值約8億元台幣左右，換句話說，陳姓女律師涉嫌詐騙的得款又增值不少。謝金河表示，從另一個角度看，越是不透明的地方，黃金的角色更加彰顯。他也直言自己在看美國抓了馬杜洛之後，委內瑞拉經濟是不是有翻轉的機會？同時也強調，「大家討論很多慈濟，但沒有人談到慈濟的治理問題！」    ,https://news.ltn.com.tw/news/society/breakingnews/5539338
2車擦撞下車查看......雙方慘遭大貨車輾斃 肇事駕駛被判刑,社會,2026/08/14 07:18,新竹小客車擦撞下車查看，雙方慘遭大貨車輾斃。（記者蔡彰盛攝）新竹縣湖口鄉高速公路連絡道去年4月發生2小客車擦撞後，雙方下車查看處理，卻因雨天夜裡，路過的大貨車未注意而撞上二人，送醫均不治，司機姚男被新竹地院依過失致死罪判刑6月，緩刑3年。法官調查，去年4月13日零時15分許，游男開小客車搭載陳男沿新竹縣湖口鄉從高速公路連絡道南下外側車道邊停車後，明知應注意讓左方車道上行進中車輛先行，竟疏未注意，於雨夜由路邊起駛左偏斜穿車道線，再左迴轉跨越分向限制線。請繼續往下閱讀...當時戴男小客車往游男左後方駛來，因措手不及而衝撞游男車身。事故發生後，戴男與陳男下車站在戴男車旁對向車道。這時姚男開營業用大貨車行經該處，明知該路段時速為50公里，且雨夜行經有照明上坡路段，應注意車前狀況，竟疏未注意，以時速54公里速度衝撞二人。戴男送仁慈醫院急救，因受有頭胸部鈍力損傷、出血性休克、神經性休克等傷害不治；陳男經送東元醫院，因受有頭胸腹部鈍挫傷併胸腹腔內出血、創傷性休克等傷害不治。法官審酌姚男未能遵守相關道路交通安全規則，致肇生本件事故，除導致被害人2人傷重死亡外，同時造成家屬痛失至親，承受無法抹滅之傷痛，念其犯罪後坦承犯行，並與被害人2人家屬調解成立，均已賠償完畢，最後依過失致人於死罪判刑6月，緩刑3年。    ,https://news.ltn.com.tw/news/society/breakingnews/5539315
被控偷剪高壓電線害同夥遭電死 「這一原因」獲判無罪,社會,2026/08/14 06:58,新竹地院審理發現，台電無法確認電線是何時、何人所剪，在無法排除可能是另有其人犯案情況下，判戴男無罪。（資料照）新竹檢警調查，竹縣戴男與劉男偷剪高壓電線，戴男沒叫劉男注意防範，以致劉男遭電死，事後依過失致死罪嫌起訴，新竹地院審理發現，台電也無法確認電線是何時、何人所剪，在無法排除可能是另有其人犯案情況下，判戴男無罪。檢方起訴指控，戴男與劉男前年3月，到竹縣某土地公廟後方廢棄鐵皮屋旁，偷剪高壓電線，戴男明知高壓導線仍在通電中，應告知劉男於接觸時應使用絕緣防護器具，竟未告知，以致劉男在撿線時當場被電死。請繼續往下閱讀...戴男嚇得回到土地公廟旁，看到正在參拜的路人，要求對方打電話叫救護車，再騎機車到劉男家裡，告訴劉妻此事然後就躲起來。直到警方打電話要他現身，戴男才搭計程車回到現場，檢方依攜帶兇器竊盜未遂、過失致死等罪嫌將他起訴。戴男辯稱當天是劉男找他出去逛逛，看案發地點附近有無他人丟棄的廢棄家電，劉男帶他到附近山上繞一圈，他走比較慢，聽到劉男在前面「啊」一聲已經觸電，他就趕快跑到附近土地公廟請人幫忙報警叫救護車，然後騎車去劉家通知他太太。法官開庭時，台電人員表示無法判斷電線何時被剪斷，且依現場跡證，二人應無從爬上高處去剪線，因此法官認為，無法確認高壓電線是否為戴男或劉男甚至其他人所剪斷，在證據不足的情況下，諭知戴男無罪。    ,https://news.ltn.com.tw/news/society/breakingnews/5539311
台東縣府放煙火後森林公園2處大火 凌晨撲滅共毀7600平方公尺,社會,2026/08/14 06:42,台東縣府昨晚放煙火後，鄰側森林公園大火。（記者黃明堂翻攝）台東縣府昨晚在海濱公園舉辦熱氣球光雕音樂會，施放高空煙火後，緊鄰的森林公園冒出火煙，強風助燃琵琶湖雜草火勢迅速蔓延，台東消防局出動11部消防車、57名警義消，並動用科技救災，耗時5個多小時才在凌晨1點11分成功撲滅兩處火點。台東消防局表示，昨晚7點59分接獲台東市琵琶湖附近發生雜草火警，立即派遣台東分隊、科技救災分隊及無人機前往搶救，抵達後發現，其中一處位於海濱公園綠水橋附近，因火場範圍大且進入不易，消防人員迅速部署2條長距離水線灌救，另一處近沙灘雜草火點則同步展開滅火行動，現場火勢有擴大延燒之虞，救災救護指揮中心陸續增派特搜分隊、大豐分隊及安檢隊107支援；同時於9時24分通知火災調查科人員到場，掌握起火原因及相關跡證。科技救災分隊也運用署配發SKYDIO X10無人機掌握火場狀況，協助地面人員判斷火勢及熱點位置。請繼續往下閱讀...兩處火點分別是海濱公園綠水橋附近及近沙灘雜草，燃燒面積分別約6400及1200平方公尺，第一線消防人員面對夜間、大面積雜草燃燒及不易進入的火場環境，仍持續投入灌救及殘火處理，因範圍過大，加派人力攜帶鏟具進場協助，共計出動11車26消防人員及31名義消，展現消防團隊「火不滅、人不撤」的專業與責任，直到今天凌晨才完成滅火任務。消防局表示，從第一時間受理、迅速派遣，到依火場情勢機動增援，再結合科技救災掌握火場資訊，均是為了在最短時間內控制火勢，避免延燒至周邊區域，守護民眾及環境安全。透過此次救災證實科技救災已成為提升救援效率的重要利器，透過無人機從空中掌握火場全貌、快速辨識燃燒範圍及潛在熱點，可協助指揮官即時掌握現場情勢，提供第一線消防人員更精準的救災資訊。此次救災即善用無人機科技與傳統消防戰術相互搭配，展現台東消防「科技結合專業」的救災能力。台東縣府昨晚放煙火後，鄰側森林公園大火。（記者黃明堂翻攝）    ,https://news.ltn.com.tw/news/society/breakingnews/5539309
政院拍板 修法打擊虛幣與第三方支付黑數／業者洗錢破億 可判10年罰1億,社會,2026/08/14 05:30,詐團虛幣、第三方支付洗錢示意圖打擊虛幣與第三方支付黑數！行政院會昨天通過「洗錢防制法部分條文修正草案」，針對未經許可經營虛擬資產、第三方支付事業或人員，若涉洗錢金額達一億元以上，處三年以上、十年以下徒刑，併科一億元以下罰金；洗錢金額未達一億元，刑度為六月以上、五年以下徒刑。法務部強調，草案將未完成洗錢防制、服務能量登記或登錄的虛擬資產或第三方支付業者服務犯罪，增列為洗錢罪的「特定犯罪」。請繼續往下閱讀...另為配合「虛擬資產服務法」制定公布，將該法第四十八條第一項之罪一併納入，包括未經許可經營虛擬資產業務及發行穩定幣等，使相關犯罪後續如有洗錢行為，均可用洗錢罪處罰。法務部表示，修法增訂相關公務機關得於必要範圍內，調取或查詢金融機構及指定的非金融事業或人員受處罰鍰之相關資訊；各目的事業主管機關亦得基於防制洗錢及打擊資恐目的，向相關公務機關調取或查詢必要資料，以提升風險評估、行政監理及執法效能。法務部說明，考量洗錢或資恐不法金流經常涉及法定貨幣與虛擬資產間轉換，修法明定金融機構及虛擬資產服務業者，得基於防制洗錢及打擊資恐目的，相互照會相關資訊，使金融機構與虛擬資產業者得進行同業及異業間即時查證，及早辨識異常交易並採取必要風險控管措施，強化不法金流攔阻能力。☆自由時報電子報提醒您，防詐騙專線︰165，報案專線︰110☆    ,https://news.ltn.com.tw/news/society/paper/1766536
冬奧前國手臥床遙控運毒 3首腦求無期刑,社會,2026/08/14 05:30,"販毒集團成員把海洛因包裝成小包裝塞在肛門等私密處或吞食方式運回台灣。（圖由雲林地檢署提供）跨國毒品集團招「鴿子」 多次人體吞毒來台 14人落網雲林檢警及海巡署偵防分署雲林查緝隊，聯手破獲跨海走私海洛因案，逮捕七十歲主嫌吳仲洲等十四人。檢警追查，吳嫌曾是冬季奧運雪車國手，因病氣切長期住院，無法說話，竟在病床上靠著手機遙控走私及販毒；檢方偵結認定，集團十四人涉嫌組織犯罪、毒品罪，對全部被告起訴及具體求刑，其中首腦吳嫌及兩名集團要角遭求處無期徒刑。請繼續往下閱讀...吳仲洲氣切長期住院檢警巡接獲情資，指有販毒集團在國內招募吸毒及欠錢人員擔任「鴿子」，前往到柬埔寨、緬甸等地，透過吞食、塞入肛門或下體等「人體運毒」方式運進台灣，經專案小組長時間追查偵辦，今年一月初成功在機場查獲陳男、林男、賴女等三人。檢方表示，三人在柬埔寨把海洛因以吞服等方式藏匿後帶回台灣，其中陳男一個人就夾帶六十六包，包括吞入六十三包、肛門塞三顆，共四八三公克；賴女在陰道及肛門塞五大顆共二一五公克。陳男還坦承，去年十二月底也曾以同樣方式從柬埔寨夾帶二七〇公克海洛因入境。還將海洛因偽裝腰果郵寄回台檢警追查，人體運毒被逮後，吳仲洲不但未收手，竟變招把海洛因壓製成腰果模樣，分別於今年三月、五月以食品魚目混珠方式郵寄回台灣；三月間的五六〇公克到貨後分裝販售，五月的七一〇公克被檢警在機場查扣。總計走私四次、數量超過二三〇〇公克，被查扣逾一六〇〇公克。雲林地檢署偵查認定，吳仲洲多次跨國運毒，另二名要角楊嫌與其中國籍杜姓女友，犯後態度不佳，否認犯罪，對三人具體求處無期徒刑；李嫌協助吳嫌運毒及販賣超過十次，胡嫌、陳嫌協助領取包裹且在集團內也擔任重要工作，三人求處有期徒刑十五年；林嫌等七人參與犯案求處有期徒刑八年；李嫌雖犯案但否認運毒，求處五年有期徒刑。☆少一份毒品就多一份健康，自由時報提醒您遠離毒品☆雲林檢警、海巡聯手破獲跨海人體運毒及郵寄海洛因集團。 （雲林地檢署提供）    ",https://news.ltn.com.tw/news/society/paper/1766539
夫數百萬詐款 進屏縣議員宋麗華帳戶 檢方查扣千萬 夫妻1押1交保,社會,2026/08/14 05:30,屏東縣議員宋麗華（左）與第二任丈夫鄭任祐。（資料照）屏東縣國民黨籍議員宋麗華的第二任丈夫鄭任祐，犯下詐欺罪遭判刑四年已入獄，高雄橋頭地檢署擴大溯源發現，至少有數百萬元相關詐欺款項疑流入宋麗華帳戶，前天搜索宋麗華位於高雄的住處，查扣現金、黃金、珠寶等逾千萬元財產；檢方認定宋、鄭二人涉嫌詐欺、洗錢及逃漏稅等罪，聲請羈押禁見，法官裁定鄭男羈押、宋女三百萬元交保。美冷氣壓縮機專利投資詐欺案 騙款逾5億 夫鄭任祐判刑4年宋麗華遭前夫、前立委蔡豪家暴後離婚，之後另嫁鄭任祐，未料鄭男捲入美國冷氣壓縮機專利投資詐欺案，被判四年徒刑及沒收犯罪所得二二四二萬元確定。請繼續往下閱讀...鄭任祐目前在高雄第二監獄服刑，全案移至橋頭地檢署擴大偵辦，檢方陸續掌握還有多人受害，初估被騙金額總計高達五至六億元，其中一名蔡姓男子被騙四億元，也有人被騙八百多萬元。檢方深入追查詐欺金流，初步認定有數百萬元流向宋女帳戶，前天展開搜索、約談行動，宋女除被帶回偵訊，檢方也提訊鄭任祐對質。檢察官昨天複訊宋、鄭二人後，認定二人共同涉犯詐欺、洗錢、逃漏稅等罪嫌疑重大，向橋頭地院聲押禁見，法官將鄭、宋分別裁押和交保。對於鄭男犯行，判決書記載他以開發冷氣壓縮機要引進美國基金及透過AIT經辦，並以銀行即將撥款等話術，使人誤信投資能獲利，其中一名彭姓被害人持續匯款長達二十多年，遭詐二二四二萬元，陷入困頓才驚覺被騙。    ,https://news.ltn.com.tw/news/society/paper/1766525
吳仲洲靠呼吸器維生 仍躺病床測毒,社會,2026/08/14 05:30,"販毒集團還將海洛因壓成偽腰果以食品魚目混珠郵寄回台。（雲林地檢署提供）雲林檢警及海巡署雲林查緝隊破獲「人體運毒」模式跨海走私海洛因入境及販毒集團，七十歲主嫌吳仲洲曾是我國冬季奧運國手，販毒約四十年，多次被查獲，現因重病氣切躺在病床仍在販毒；他辯稱是為籌措龐大醫藥費，檢警對照他當年成為奧運選手時的照片英姿煥發，與現在躺在病床上羸弱的狀況，不禁搖頭嘆「毒害一生」。吳家境不差 染毒癮淪毒販吳仲洲是新竹縣人，曾是我國一九八四年在塞拉耶佛冬季奧運雪車代表隊成員，家境不差，卻因交友不慎染上毒癮，從此人生走樣，還從吸毒變販毒，甚至進一步成為跨國販毒集團首腦，多次運毒被檢警查獲，走私海洛因數量相當大。請繼續往下閱讀...檢警追查，吳嫌因重病氣切仰賴呼吸器，長時間住院無法下床及說話，他在病床上靠手機打字傳訊息，遙控指揮調度及安排海外運毒回台，也指揮國內販毒，甚至還在病床上用加熱器鑑定海洛因純度，雖有人聞到病房有異味，但誰都沒想到竟會有重症病患在病房內「測毒」。檢警說，吳嫌無法說話、下床，集團成員楊嫌、李嫌為其助理，協助處理國內運輸、販售事宜，楊嫌的中國籍杜姓女友是看護，有時候會到醫院協助處理吳的生活瑣事及其交代事情。檢方表示，吳嫌因住院要靠呼吸器維生，無法羈押，不過因他發起跨國運販毒品集團，從國外走私一級毒品海洛因多達四次，數量達二三〇〇公克，嚴重戕害國人健康，具體求處無期徒刑。☆少一份毒品就多一份健康，自由時報提醒您遠離毒品☆    ",https://news.ltn.com.tw/news/society/paper/1766540
防漏洞 虛幣、第三方支付無照營業 構成特定犯罪,社會,2026/08/14 05:30,政院通過洗防法修正草案，打擊虛幣、第三方支付及地下期貨洗錢漏洞。（資料照）為了有效斬斷詐騙金流，行政院會昨通過洗錢防制法修正草案，主要針對新興犯罪及資金移轉態樣進行修法，如虛擬貨幣、第三方支付及地下期貨等洗錢漏洞，並與防制洗錢金融行動工作組織（FATF）國際標準接軌，完善實質受益人透明度、跨機關資訊共享及公私部門協力機制。以往構成洗錢罪必須要符合特定犯罪條件，例如詐欺、販毒、資恐、人口販運或最輕本刑六月以上犯行得來的不法金流，協助其隱匿或轉移才會認定構成洗錢；此次修法重點在打擊虛擬貨幣、第三方支付的無照業者，未來業者若未完成洗錢防制登記，就擅自提供虛擬資產或第三方支付服務，將直接認定符合特定犯罪要件，可以洗錢罪論處。請繼續往下閱讀...實質受益人定義入法 洗防法接軌FATF此外，也參考FATF國際標準，明定實質受益人的法律定義，規範範圍涵蓋對客戶具有最終所有權、掌控權，或背後代為交易的自然人；針對信託及公司服務提供業，監理焦點也從現行的「實質持股股東」改為「名義持股股東」，讓藏匿在複雜股權與人頭背後的幕後黑手無所遁形。法務部指出，洗錢犯罪手法日趨多元，將持續完備法制，會同有關部會完善授權子法及配套措施。☆自由時報電子報提醒您，防詐騙專線︰165，報案專線︰110☆    ,https://news.ltn.com.tw/news/society/paper/1766537
自由日日Shoot》夫詐案 屏縣議員宋麗華涉牽線／蘇清泉夫婦損失7千多萬 提告,社會,2026/08/14 05:30,屏東縣議員宋麗華與老公鄭任祐。（ 資料照）屏東縣議員宋麗華遭前夫蔡豪家暴離婚後，再嫁第二任丈夫鄭任祐，結果鄭男犯下詐欺案被判刑四年入監服刑，宋麗華隨即對外宣稱與鄭男離婚，沒想到鄭男的部分不法款項疑進入宋麗華帳戶，使宋女成為同涉洗錢等罪的共犯。據了解，本案不僅有多位民眾遭詐，還傳出國民黨屏東縣長參選人蘇清泉夫婦，也在宋麗華的牽線下損失了數千萬元，憤而提告追討。空姐出身的宋麗華，因前夫是前立委蔡豪而踏入政壇，曾創下夫妻兩人同屆選上不同選區縣議員的罕見紀錄，後因蔡豪家暴且犯案入獄，兩人離婚。五年前宋麗華結識鄭任祐，鄭任祐砸了三百多萬元，包下整棟婚宴會館宴客，當時婚禮轟動一時，沒想到後來爆出欠餐廳二百多萬元尾款沒付，雖然事後付清，但已引起地方議論不已。請繼續往下閱讀...沒想到鄭任祐果然大有問題，因犯下美國冷氣壓縮機專利投資詐欺案，被新竹地方法院依詐欺罪判處四年徒刑確定，去年發監入獄，宋麗華因此對外宣稱已與鄭任祐離婚。橋頭地檢署追查鄭任祐涉犯的詐騙案時，發現有款項流入宋麗華帳戶，且宋女疑似擔任穿針引線角色，包括國民黨屏東縣長參選人、現任立委蘇清泉夫婦也在宋麗華的牽線下，中了鄭任祐的話術圈套，對鄭深信不疑而投資美國鋰電池等相關產業，結果損失七千多萬元，蘇妻已向法院提起訴訟。檢方認為鄭任祐所犯詐欺案的資金流入宋麗華帳戶，涉嫌洗錢犯罪，十二日將宋帶回偵訊，宋將犯行全推給鄭任祐，辯稱不知情，但橋檢認定她在案件中的角色不單純，向法院聲請羈押後獲裁定交保。宋麗華為屏東縣第二選區屏北地區縣議員，已獲國民黨提名爭取連任，由於該區目前只有宋麗華及以無黨籍參選的何春美二名女性表態參選，有機會靠婦女保障名額當選，沒想到捲入詐欺案，為該區選情帶來重大變數，該案後續發展備受地方政壇關注。地方人士指出，鄭任祐口才好，表面上住豪宅、花錢不手軟，卻到處負債，欠了不少錢，常以投資等各種名義向外借貸。☆自由時報電子報提醒您，防詐騙專線︰165，報案專線︰110☆    ,https://news.ltn.com.tw/news/society/paper/1766538
假珠寶投資詐2600萬 還誘12軍警觸個資法,社會,2026/08/14 05:30,黃姓女子成立富玉公司，吸收成員組詐團，詐得逾2600萬元。（金山警分局提供）新北市黃姓女子與招募的黃姓女業務，看準軍警人員信用良好易貸款、且遭詐後顧及身分不敢報案的心理弱點，向軍警佯稱投資珠寶、手鐲增值空間大，還可協助送至蘇富比公司拍賣，再誘使其中十二名急於獲利的軍警洩露同袍及民眾個資，替黃女「拉下線」，共詐騙廿九名被害人逾二千六百萬元。基隆地檢署昨依黃女等二人涉犯加重詐欺罪起訴，求處重刑；另對十二名涉案的軍警依違反個資法與洩密罪起訴。檢警追查，卅四歲黃女與四十二歲阮姓男子成立富玉公司，招募廿五歲黃姓女業務員與多名未落網業務員，專挑軍警人員，佯稱投資珠寶、手鐲有增值空間，還能協助送蘇富比拍賣會拍賣獲利，誘騙軍警向銀行辦理高額貸款購買；為免引發懷疑，另銷售較低價、每組三至五萬元的「翡翠套組」，假稱已代銷獲利及交付小額報酬，取信受害人。請繼續往下閱讀...此外，黃女二人對想盡快獲利的軍警佯稱，若能提供新客戶，可以加速銷售速度，吸引十二名軍警利用職權查詢或職務機會，提供同袍與民眾個資，幫黃女等二人「拉下線」，全案有二十九人遭詐逾二千六百萬元。基檢認定，黃女與黃姓女業務利用軍警信用良好、顧及身分不敢報案等弱點進行坑殺，還誘使軍警違法洩密，依二人涉犯二十九次加重詐欺罪起訴，分別求刑四年八月、二年六月，阮男另犯他案被新北檢起訴；十二名違反個資法及洩露國防以外秘密罪的軍警同遭起訴。☆自由時報電子報提醒您，防詐騙專線︰165，報案專線︰110☆    ,https://news.ltn.com.tw/news/society/paper/1766541
差1號碼中1億頭獎！大樂透貳獎剩129萬 彰化人：悲情幸運兒是誰,社會,2026/08/13 23:20,8月11日開出的第115000078期大樂透，1億頭獎摃龜，貳獎1注中獎，獎金129萬9820元，獎落彰化市彰南路一段「金滿溢彩券行」。（擷取自Google地圖）第115000078期大樂透11日開出中獎號碼「08、12、16、24、29、46，特別號10」，頭獎摃龜，貳獎則1注中獎，獎金129萬9820元，獎落彰化市彰南路一段「金滿溢彩券行」，幸運兒差1個號碼就能抱走1億元頭獎，連日來成為地方話題。有人笑說，得獎者是「最悲情的幸運兒」，差點就能財富自由；也有人認為，能得到貳獎就已夠幸運了；更多人則狂猜測，「到底是誰獲得貳獎？」貳獎幸運得主只差1個號碼中頭獎，雖然幸運抱回129萬9820元獎金，但與1億元頭獎「擦身而過」，這幾天成為地方熱門話題。有人認為，能夠獲得貳獎上百萬元，已經很幸運了，不要欲求不滿；還有人說，只差1個號碼就能財富自由，堪稱最悲情的幸運兒；也有不少人談論，彰南路車水馬龍，是彰化往來台中、南投的重要幹道，貳獎幸運兒很可能是過路客，但也可能是附近居民去購買彩券試手氣中獎。8月11日開出的第115000078期大樂透開獎號碼。（擷取自三立iNEWS《全民i彩券》）    ,https://news.ltn.com.tw/news/society/breakingnews/5539225
彰化民宅深夜火警！火勢撲滅後驚見年約7旬男屍臟器外露,社會,2026/08/13 22:59,彰市晚間驚傳民宅大火，消防員搶進火場。（消防局提供）彰化市延平路一棟磚造民宅今天（13日）晚間驚傳火災，消防局據報派出大批消防員趕往搶救，由於現場堆積大量易燃物，火勢一度相當猛烈，濃煙竄天，經過搶救數十分鐘後終於將火勢撲滅，不過消防員在勘查火場時，赫然發現1具年約70歲的男性死者，臟器外露，彰化警分局與消防局已針對起火原因與死者死因進行釐清。消防局今晚7點半接獲民眾報案指出，彰化市延平路一棟磚造民宅發生大火，消防局立即出動消防車11輛、救護車2輛，消防人員30人趕往搶救；現場初期由彰化分隊長楊師融指揮搶救，不過由於火勢相當猛烈，由第一大隊長蔡佳洲坐鎮指揮搶救，現場一度因堆積大量易燃物濃煙竄天，所幸在消防員全力灌救下火勢並未蔓延，數十分鐘後撲滅。請繼續往下閱讀...不過在消防員進入火場勘查時卻發現建築物地面躺著1具男屍，年約70歲，有臟器外露情形，明顯死亡。經現場相關人員了解，死者為一名獨居長者。彰化市晚間驚傳民宅大火，消防員發現一具男屍。（消防局提供）彰市晚間驚傳民宅大火濃煙四竄，消防員全力搶救。（消防局提供）    ,https://news.ltn.com.tw/news/society/breakingnews/5539242
高雄鼓山暗夜火警疑「放鞭炮釀禍」 警方鎖定涉案嫌疑人,社會,2026/08/13 22:50,高雄深夜火警10車23人灌救，警疑鞭炮釀禍鎖定涉案人。（民眾提供）高雄市鼓山區哨船街停車場附近空地，今（13日）晚21時28分許傳出火警，消防局出動10車、23人前往搶救，火勢於21時43分撲滅，所幸無人受傷或受困，警、消發現有鞭炮、煙火盒，不排除疑似有人施放鞭炮引發火警，警方表示已鎖定特定涉案人清查中。哨船街火警一開始傳有人受困，情況一度危急，鄰居誤以為屋主還沒逃出，要求警消人員儘速搶救，不久後經確認屋主外出不在家，至於詳細起火原因，仍有待釐清。請繼續往下閱讀...警消進行火調、勘驗時，發現疑似有人施放鞭炮，導致民宅外堆放的雜物悶燒，並有外牆燻黑之情形，現場無人受傷、受困，警方已鎖定特定涉案人調查中。高雄深夜火警10車23人灌救，警疑鞭炮釀禍鎖定可疑人士。（民眾提供）    ,https://news.ltn.com.tw/news/society/breakingnews/5539231
台東熱氣球光雕秀傳意外！施放煙火引燃森林公園 警消灌救,社會,2026/08/13 22:35,台東熱氣球光雕放煙火卻釀森林公園火警，消防人員拉水線深入林內滅火。（民眾提供）台東縣政府今天晚間於台東市海濱公園國際地標舉行「台灣國際熱氣球嘉年華」光雕音樂會。在活動後半段進行眾所期待的無人機與高空煙火秀展演後，卻意外引發鄰近台東森林公園的火警，消防人員拉水線進入森林找到起火點，侷限燃燒範圍，正進行滅火。據了解，煙火施放過程中疑因火星隨風飄散，落入森林公園內部植被區域從而引燃火勢。由於起火點位於森林公園較為深處的區域，大型消防車輛無法直接駛入，增加救援難度。請繼續往下閱讀...台東縣消防局接獲報案後迅速派員趕赴現場，警消人員隨即評估地勢，決定從公園內的水池架設抽水設備並拉設長距離水線進入深處打火。在消防人員極力灌救下，成功侷限火勢蔓延範圍，避免災情擴大，詳細起火原因與財物損失仍待進一步調查釐清。今晚活動自晚間7時登場，現場除了展出媽祖球、Hello Kitty球、曙光球、飛行員雅拉及藍鸚鵡等造型熱氣球外，更邀請到零捌玖團隊與馬蘭國小、歌手郭靜以及壓軸嘉賓范逸臣等強大卡司輪番獻藝。    ,https://news.ltn.com.tw/news/society/breakingnews/5539221
再接再厲！8/13威力彩、今彩539頭獎雙雙摃龜,社會,2026/08/13 22:19,今日開獎的第115000065期威力彩、第115000196期今彩539，頭獎均摃龜。（擷取自台彩官網、本報合成）8月13日開獎的第115000065期威力彩、第115000196期今彩539，頭獎均摃龜。第115000065期威力彩中獎號碼為「第一區：01、03、04、07、10、19，第二區：06」。頭獎摃龜；貳獎摃龜；參獎共5注中獎，每注可得15萬元；肆獎共48注中獎，每注可得2萬元；伍獎共217注中獎，每注可得4000元；陸獎共1774注中獎，每注可得800元；柒獎共2657注中獎，每注可得400元；捌獎共1萬4372注中獎，每注可得200元；玖獎共2萬1429注中獎，每注可得100元；普獎共3萬2506注中獎，每注可得100元。請繼續往下閱讀...第115000196期今彩539中獎號碼為「05、11、12、17、18」。頭獎摃龜；貳獎共211注中獎，每注可得2萬元；參獎共7470注中獎，每注可得300元；肆獎共7萬5958注中獎，每注可得50元。第115000196期39樂合彩中獎號碼為「05、11、12、17、18」。四合開出6注，每注可得21萬2500元；三合共269注中獎，每注可得1萬1250元；二合共1萬1129注中獎，每注可得1125元。第115000196期3星彩中獎號碼為「257」。壹獎共135注中獎，每注可得5000元。第115000196期4星彩中獎號碼為「5770」。壹獎共14注中獎，每注可得5萬元。確切中獎號碼以台彩網站公告為主，請見「台灣彩券網站」。威力彩、今彩539、39樂合彩、3星彩、4星彩中獎號碼。（擷取自台彩官網）    ,https://news.ltn.com.tw/news/society/breakingnews/5539206
陳幸妤離婚「坎坷人生」再掀關注 全網心疼：願妳未來自由順遂,社會,2026/08/13 21:39,前總統陳水扁女兒、醫師陳幸妤。（資料照）前總統陳水扁女兒、醫師陳幸妤今（13）日證實，已和前夫結束25年婚姻關係，不少台灣網友回顧她的大風大浪人生經歷，發現儘管她遭受諸多惡意攻擊，但從未改變自我，始終保持堅強獨立的真性情，堪稱所有女性榜樣，同時紛紛祝福她離婚後一切順利、擁抱自由。不少年紀較長的網友回憶，跟蔣家人、馬英九等政治人物的子女相比，陳幸妤從小就被迫獨自面對「天崩開局」，包含目睹父母持續遭到中國國民黨的政治迫害、被受到黨國教育影響的老師當眾羞辱、母親吳淑珍遭逢拼裝車撞傷導致下半身癱瘓、父親陳水扁因《蓬萊島雜誌》入獄，9歲的她被迫早熟打理家中各種事情，以及照顧年紀僅相差3歲的弟弟陳致中，也因為這段童年經歷，讓她相當反感政治。請繼續往下閱讀...高中求學期間，陳幸妤受童年的不愉快經驗影響，開始出現失眠症狀，且這個症狀困擾她十幾年；大學從陽明大學牙醫系畢業那一年，恰逢父親陳水扁選上總統，自此嗜血媒體「緊迫盯人」的獵殺式追訪、霸凌醜化，成為她揮之不去的夢魘。不僅如此，陳幸妤與母親認定的好女婿趙建銘結婚不久，就迎來對方入獄、外遇等風波，迫使她四處兼差增加收入、獨自照顧3個孩子，壓力大到因此罹患憂鬱症。許多心疼陳幸妤的網友，她絕對是台灣近代「最苦命的第一千金」，「老天爺真的對她不公平」、「坦白說，如果她是我女兒，我會很心疼她」、「別人都覺得她歇斯底里，殊不知她人間清醒」、「還被范琪斐這種瘋子跟騷報導過，真的辛苦她了」、「高中、大學時期被媒體霸凌，現在想想很心疼陳醫師」、「她真的很強大欸！我光想像自己若遭遇到她當年百分之一程度的媒體霸凌，我都覺得我一定會精神崩潰」。不少女性網友則表示，獨立堅強的陳幸妤是她們心目中的榜樣，「她是從頭到尾保持自我的女性，沒有因父親關係而改變」、「她這一生童年、原生家庭和婚姻，有很多的不幸和不容易，但為人個性有韌性和強大復原力，造就了她現在的自己」、「小時候覺得她很瘋癲，長大了才懂身為女人的不平等，還有整個社會跟媒體是怎麼壓迫女性、魔化她，現在覺得她是多麼的獨立、勇敢與堅強，還有人間清醒」。對於陳幸妤在生日當天公開離婚一事，眾人紛紛留言力挺與送上祝福，「恭喜自由了」、「祝往後人生幸福」、「很替她開心斷開了渣男爛婚姻」、「希望接下來她的人生都是她自己的」、「他家人如何不好說，她本人真的從小遭受迫害，希望未來都能順利，堅強的女性！」、「祝福陳幸妤小姐順遂平安，小時無知沒有意識您被媒體霸凌，有時還看著節目訕笑，在此道歉」、「她是阿扁家我唯一認為無負評的好人，唯一的不幸就是嫁給那個姓趙的，希望她斷開那個爛人以後，能過更好的日子」。前第一千金陳幸妤紐約受訪崩潰 「她」搶獨家被轟殘范琪斐在美國堵訪讓陳幸妤當場崩潰 認了「其實非常蠢」全台熱搜第一！陳幸妤開轟趙建銘「超兇留言」一度消失有夠直！診所熟客笑曝陳幸妤「冷箭式嗆人金句」 網友被圈粉    ,https://news.ltn.com.tw/news/society/breakingnews/5538660
太糾纏！寫情書求愛中醫女院長被拒 痴男診所前潑柴油判6月,社會,2026/08/13 21:36,台中魏姓男子愛慕女院長求愛不成，竟到中醫診所潑灑汽油。（資料照）台中市魏姓男子迷戀中醫診所女院長，從寄情書到跑進診所「靜坐」求愛，女院長拒絕報警後，他竟變本加厲，留言嗆「小心汽油潑灑」，甚至真的帶柴油到診所前潑灑，所幸沒有點燃。台中地院審理後，依攜帶危險物品實行跟蹤騷擾罪判6月，可易科罰金。經查，魏男約4年前因看診對女院長產生單方面愛慕，明知雙方僅是醫病關係，仍不斷寄送信件、情書、情詩，甚至以邀約看演唱會等方式接近，女院長多次拒絕後，魏男仍不肯罷休，甚至跑到診所內「靜坐」，讓院長及診所人員不堪其擾。請繼續往下閱讀...去年7月，女院長明確表達困擾並報警，警方也依法對魏男核發書面告誡，要求他停止騷擾行為，沒想到警方介入仍未讓魏男收手，他竟在診所臉書粉專留言恐嚇：「叫你們院長給我注意一點」，言詞間敵意逐漸升高。今年4月21日晚間，魏男更將威脅付諸行動，開車帶著柴油及打火機，在診所前人行道潑灑柴油後離去，消防人員獲報趕抵，發現地面、牆面殘留揮發性油料，立即戒備並通報環保單位處理，由於診所位於集合式住宅大樓，若柴油遭點燃，後果恐不堪設想。警方調閱監視器後鎖定魏男，將他拘提到案，查扣油桶、打火機等證物遭收押，台中地院審理認為，魏男不思維持醫病關係應有的分際，單方面愛慕遭拒後仍持續騷擾，甚至以潑柴油方式恐嚇，已讓女院長身心俱疲，考量他坦承犯行並表達悔悟，雖有調解意願，但女院長並無意願，近日判處6月徒刑，得易科罰金。    ,https://news.ltn.com.tw/news/society/breakingnews/5539172
罕見奇牌！8/13威力彩開出「5個個位數」 今彩539獎號也出爐,社會,2026/08/13 21:18,威力彩開獎號碼。（擷取自三立iNEWS《全民i彩券》）今天（8月13日）台彩各項開獎獎項及獎號。威力彩：01、03、04、07、10、19，第二區：06。請繼續往下閱讀...今彩539：05、11、12、17、18。39樂合彩：05、11、12、17、18。3星彩：257。4星彩：5770。確切中獎號碼以台彩網站公告為主，請見「台灣彩券網站」。今彩539、39樂合彩開獎號碼。（擷取自三立iNEWS《全民i彩券》）3星彩開獎號碼。（擷取自三立iNEWS《全民i彩券》）4星彩開獎號碼。（擷取自三立iNEWS《全民i彩券》）    ,https://news.ltn.com.tw/news/society/breakingnews/5539139
陳幸妤爆離婚！怨偶分財產訴諸法院 律師：淨值差額對半分,社會,2026/08/13 21:13,陳幸妤與趙建銘離婚引起社會關注。林育弘律師說，夫妻離婚若財產談不攏，法院會清算扣債淨值，由少者拿走差額的２分之1；若無貢獻可依法減免。（記者王捷攝）昔日第一家庭陳幸妤與趙建銘離婚引發社會關注。林育弘律師表示，若夫妻對財產談不攏，交由地方法院審理，法院會依民法規定，讓財產較少的一方，拿走淨值差額的一半。林育弘律師說，夫妻雙方準備結束婚姻關係時，事前如果沒特別約定財產怎分，後續處理分為兩種方式。第一種是雙方私下協議好財產分配比例。只要雙方同意，即可在協議中約定互相拋棄對方的剩餘財產分配請求權，讓雙方快速釐清財務。請繼續往下閱讀...要是雙方無法透過私下協調達成共識，必須透過法院裁判，法律保障財產淨值較少的一方，可向淨值較多的一方行使剩餘財產分配請求權，分到財產較多的一方淨值差額的一半。什麼是「淨值差額的一半」？依據民法第1030條之1規定，法院會清算雙方婚後名下的財產，計算出雙方各自的婚後財產淨值。白話來說，法院會把夫妻2人扣除負債後剩下的錢相減，要求錢較多的一方，把相差金額的2分之1，分給錢較少的另一方。舉例來說，假設男方扣除負債後剩下100萬元，女方剩下40萬元，2人相差60萬元。法院就會要求男方拿出差額的一半，也就是30萬元分給女方。這樣分完之後，雙方最終都會剛好各拿70萬元，達到婚後財產平分的目的。為避免執行上出現不公平狀況，法律也設有例外規定。林育弘律師指出，若證明對方在婚姻生活期間無貢獻或未提供協力，法院評估後，可以依法減少或免除可請求的金額。這項規範讓各方在法庭上的說法能被充分審酌，保障最終結果符合公平。    ,https://news.ltn.com.tw/news/society/breakingnews/5539094
國父紀念館站車廂內亮刀！男掏刀剪線頭 女乘客嚇爆報警,社會,2026/08/13 20:07,台北捷運國父紀念館站。（資料照）台北捷運國父紀念館站今天傍晚有乘客在車廂內「持摺疊刀裁背包線頭」，引發乘客驚恐報警。捷運警察據報到場，當事人已下車，也未無揮舞刀子，沒影響到捷運營運。警方仍將調查對方身分，傳喚約談到案說明。捷警隊說，今晚6時28分接獲通報，捷運國父紀念站列車上有男子疑似持刀，捷警立即會同轄區信義分局和派出所警力到場查處，但男子已離開現場。請繼續往下閱讀...警方調閱監視器影像發現，這名男子從背包內取出摺疊刀，裁剪線頭後隨即收起，並無揮舞或其他危險行為，亦未造成現場驚擾，捷運系統營運正常；但是行為驚嚇到鄰近女性乘客，暗中報警。捷警隊說，警方已初步掌握男子下車地點和行動軌跡，查明身分後會傳喚到案釐清，積極偵辦中。捷警隊提醒，民眾如無正當理由攜帶具有危險性之器械，恐涉犯刑法或違反社會秩序維護法相關規定；另依北捷運系統旅客須知規定，未經許可不得攜帶危險品進入捷運範圍；如因工作或其他正當理由需攜帶刀具等尖銳物品，應妥善包覆收納，避免物品外露，以維護大眾運輸安全。    ,https://news.ltn.com.tw/news/society/breakingnews/5539109
一次吞塞483公克海洛因 高大成揭「毒球破裂」致命危機,社會,2026/08/13 19:59,高大成表示，運毒者將保險套層層包裏吞毒、塞毒，一旦破裂、滲漏，高濃度毒品瞬間就會被胃腸吸收，造成急性中毒，會快速死亡。（記者蔡淑媛攝）雲林檢警破獲跨國運輸販賣海洛因集團，將海洛因以吞毒、塞入肛門甚至陰道，搭機運毒，還有嫌犯一次吞塞483公克體內，令承辦檢警直呼簡直不要命！法醫高大成直言，運毒者將保險套層層包裏吞毒、塞毒，一旦破裂、滲漏，高濃度毒品瞬間就會被胃腸吸收，造成急性中毒，會快速死亡。高大成指出，曾經驗屍有死者吞毒30顆海洛因球，以保險套包裏海洛因吞進肚子，一顆毒球大約重6、70公克，搭飛機運毒，只要有一顆毒球破裂，就會急性中毒死亡。請繼續往下閱讀...高大成說，這名死者就是其中一顆毒球破裂，造成死亡，事後驗屍找死因，以X光檢查發現胃裡有大量球狀異物，解剖果然發現有30顆海洛因毒球。胃酸當然會腐蝕海洛因毒球！高大成說，運毒者大多會將會以保險套將毒品層層包裏，再吞油方便入喉，不但有胃酸腐蝕的風險，而且要在24小時內排出，否則有會破裂滲漏，大多是再喝油幫助排出。至於將毒品塞入肛門、陰道，除了有毒球破裂風險，一樣會快速被人體吸收中毒，而且塞入量不夠多、或是容易掉出，容易被發現走路姿勢等異狀，都容易被查獲。高大成拿出過去解剖畫面，有運毒者吞進30顆海洛因毒球，一顆破裂就死亡。（記者蔡淑媛攝）販毒集團成員把海洛因包裝成小包裝塞在肛門等私密處或吞食方式運回台灣。（雲林地檢署提供）販毒集團成員把海洛因包裝成小包裝塞在肛門等私密處或吞食方式運回台灣。（雲林地檢署提供）    ,https://news.ltn.com.tw/news/society/breakingnews/5539086
國民黨屏東美女議員宋麗華涉詐欺  300萬交保,社會,2026/08/13 19:45,屏東縣議員宋麗華（左）與老公鄭任祐。（資料照，記者葉永騫攝）首次上稿 11:28更新時間 19:45 新增300萬交保國民黨籍屏東縣美女議員宋麗華第二任丈夫鄭任祐涉嫌詐欺，遭判刑4年，高雄橋頭地檢署擴大偵辦，查出金流流向宋麗華帳，昨天搜索宋麗華高雄住處，查扣千萬現金等物，檢方將她與鄭男依詐欺、洗錢防制法等罪嫌聲押，橋頭地院今晚裁定鄭任祐羈押2個月、禁止接見通信，宋麗華諭知300萬元交保、限制住居。請繼續往下閱讀...國民黨籍屏東縣議員宋麗華曾遭前夫蔡豪家暴離婚，再嫁鄭任祐，沒想到鄭任祐涉及一起美國冷氣壓縮機專利投資案，被依詐欺罪判處4年有期徒刑定讞，犯罪所得2242萬元沒收。鄭任祐目前關在高雄二監執行，整起案件移轉至高雄橋頭地檢署偵辦，查出鄭任祐涉嫌詐欺案件金流流向宋麗華帳戶，檢警昨天搜索宋麗華的高雄住處，查扣千萬現金、珠寶、黃金等物，將她帶回偵辦，並提訊鄭任祐。檢方認定宋麗華、鄭任祐2人涉嫌詐欺、洗錢防制法等罪嫌，並涉嫌逃漏稅，且情節重大有串供之虞，上午向法院聲請羈押。橋頭地方法院今晚訊問後，認定鄭任祐有勾串共犯或證人之虞，有羈押原因及必要性，自即日起羈押2個月，並禁止接見通信，原本在監執行另案有期徒刑4年，自橋頭地院裁定羈押時起，原執行有期徒刑中斷，改為羈押；另宋麗華部分，考量案情及現有證據，經法官諭知具保300萬元、禁止接觸本案共犯，並限制住居。全案可抗告。    ,https://news.ltn.com.tw/news/society/breakingnews/5538320
畫面曝光！大貨車國2桃園段側翻 橫躺兩車道,社會,2026/08/13 19:28,林姓女子駕駛的大貨車側翻在車道上。（圖由警方提供）31歲林姓女子今天下午近1點，駕駛大貨車行駛國道2號西向10.8公里桃園市路段時，疑因閃避車輛，失控側翻並波及45歲謝姓男子駕駛的小貨車，林女輕傷送醫，詳細肇事原因待警方進一步釐清。警方說，林女駕車於該路段側翻並波及小貨車，國道交通一度受阻；警方獲報立刻派遣巡邏車並通知交控中心、緩撞車、救護車前往；林女因碰撞事故受傷，被送往林口長庚紀念醫院治療。請繼續往下閱讀...林女與謝男酒測值都為0，警方初步排除酒駕毒駕情事，將進一步釐清肇事原因。林姓女子駕駛的大貨車側翻在車道上。（圖由警方提供）    ,https://news.ltn.com.tw/news/society/breakingnews/5539074
女女口角飛車追逐！護花男趴引擎蓋摔落遭來車輾斃 追車女判7年4月,社會,2026/08/13 19:24,黃女的彭姓男友人為阻止彭女追車，整個人趴在引擎蓋上，彭女無視仍持續疾駛，導致彭男摔落遭來車輾斃，國民法庭判彭女7年4月徒刑。（資料照）桃園市彭姓、黃姓女子為情侶，2022年8月22日發生口角爭執後開車追逐，黃女的彭姓男友人為阻止彭女追車，整個人趴在引擎蓋上，彭女無視仍持續疾駛，導致彭男摔落遭來車輾斃，桃園地檢署依傷害致死罪起訴彭女，全案由桃園地院國民法官庭審理，昨（12）日依傷害致死罪判處彭女7年4月有期徒刑。43歲彭女與黃女當天在楊梅區富豐北路邊大吵，黃女的友人彭男看不下去、加入幫腔，黃女趁2人爭執時駕車離去，彭女隨後也駕車追逐，彭男為了阻止彭女，情急之下趴在彭女車輛引擎蓋上，一手緊抓雨刷，彭女見狀並未停車，在車輛行駛105公尺後摔落、倒地不起，約2分鐘後遭來車輾壓不治。請繼續往下閱讀...檢方以彭女主觀上雖無致人於死的直接故意，致命輾壓也非她所為，但她明知有人趴附車前仍駕車前行，並與彭男遭來車輾壓有相當因果關係，桃檢依傷害致死罪起訴彭女，全案由桃園地院國民法官庭審理。彭女審理時坦承不諱，國民法官法庭審酌檢察官提出的各項證據後，認被害人彭男死亡結果與彭女傷害行為間，確實具因果關係，其傷害致人於死之犯行堪以認定，審酌彭女與彭男間尚無仇恨，行為並非針對彭男，主是為追回黃女，但仍在彭男趴在引擎蓋的情形下持續駕車，導致彭男喪失寶貴生命，造成家屬難以抹滅的傷痛，也有害於通勤時間車輛往來的交通安全。考量彭女自述其職業為白牌車司機、教育程度為國中肄業，過去有多起前科但均非暴力型犯罪，且自幼父母離異，與家人無聯絡、也無朋友，人際關係薄弱，與其關係較密切者僅有黃女，抒發情緒的管道受限。另，彭女犯後隨即撥打電話報警、請警方叫救護車並至派出所通知員警，對案件偵辦仍有所助益，但至今未對被害人家屬有任何損害填補，家屬也表明無調解意願等理由，依傷害致死罪判處有期徒刑7年4月，可上訴。    ,https://news.ltn.com.tw/news/society/breakingnews/5539045
趙建銘診所房產是「配偶贈與」 陳幸妤6000萬元恐已很難拿回,社會,2026/08/13 19:05,趙建銘診所。（記者洪瑞琴攝）陳幸妤豪擲6000萬元贈與診所房產給趙建銘，面對採訪時她間接證實「網路都查得到」。房仲鄭鈺龍調閱最新謄本指出，該房產登記「配偶贈與」且完成5年，無任何貸款。就實務而言，這項贈與、沒有特殊約定的前提下，確定無法單方面撤銷。針對陳幸妤與趙建銘的案件，鄭鈺龍分析最新謄本資料顯示，這間診所目前產權清晰，沒有設定任何貸款。這筆過戶登記原因標示為配偶贈與，辦理完成至今已經滿5年，代表產權移轉具備完整效力。在這樣的情況下，贈與人無法憑個人意願單方面要求撤回產權。請繼續往下閱讀...​鄭鈺龍說，實務上要撤銷贈與，通常必須有特殊約定。例如父親擔心兒子不孝，提前過戶房產時，會明訂孩子必須負擔扶養責任等附帶條件。若沒履行義務，長輩就能透過訴訟要求撤銷。然而，就目前這間診所的案件來看，並未見到特殊約定，確定無法單方面反悔。​若夫妻未來離婚，贈與的不動產如何處理？鄭鈺龍說，一旦完成配偶贈與，實務上難以撤銷。如果陳女未來想拿回房子，在沒有夫妻身分的情況下，雙方通常會透過一般買賣程序辦理。以目前高房價計算，改以買賣移轉將衍生高昂稅金。就本案而言，已無法單方面撤銷。​鄭鈺龍說，夫妻間的財產移轉，優勢在於沒有金額上限且可申請不課稅，只要贈與人有意願，備妥對方證件與印章即可過戶。相較之下，父母贈與兒女的上限僅有每年244萬元。因此，許多父母會在生前將部分財產移轉給孩子，這些提前贈與的財產不列入遺產分配。陳幸妤將診所贈與趙建銘已滿5年。房仲鄭鈺龍說，在無特殊約定下無法單方面撤銷贈與；若離婚想討回房產，只能改走買賣程序，將面臨高額稅金。（記者王捷攝）    ,https://news.ltn.com.tw/news/society/breakingnews/5539049
陳幸妤控趙建銘感情花 1判決見緋聞女在趙診所有相當分量,社會,2026/08/13 18:48,趙建銘趙建銘骨科診所。（記者洪瑞琴攝）前總統陳水扁女兒、牙醫師陳幸妤12日在前夫趙建銘開設的骨科診所PO文、留下1星負評，直指前夫趙建銘和診所內許姓女護理師糾纏不清。而據今年6月台南地院刑事判決，許女獲趙委任為告訴代理人提告涉詐患者，反映出許女在趙診所有相當大分量。判決指出，2025年4月28日上午，趙姓男子（原姓陳）偕祖母（檢方不起訴）到台南中西區趙建銘骨科診所就醫。趙男佯稱與趙醫師住同棟大樓、在海外開公司，透過立委陳亭妃介紹來給趙看診，因剛回國沒帶錢包，身上現金不足，看診後會請公司秘書匯款。請繼續往下閱讀...趙建銘信以為真為趙男看診，之後，診所人員提供銀行帳號給趙男，當天下午診所許女就以LINE催促趙男快匯款，趙男隨後謊稱已匯款並傳送不詳的電子匯款單。實際上，骨科診所沒有收到趙男的匯款，許女多次催討，因趙男仍拖延沒付醫藥費，趙建銘即委請許女為告訴代理人，向南市警二分局報案提告。南院法官調查，趙男積欠趙建銘診所4萬4200元醫藥費，一直拖延沒有給付，許女從向警方提告、檢方訊問到法院開庭，她都代表趙建銘出面說明案情。法官並依詐欺得利罪判趙男5月徒刑，得易科罰金；其詐取的4萬4200元沒收，如無法沒收，則追徵其價額。    ,https://news.ltn.com.tw/news/society/breakingnews/5539029
二期稻作急灌溉！彰化埔鹽馬達大盜落網 「7台賣5000」農民氣炸,社會,2026/08/13 18:27,彰化埔鹽出現「馬達大盜」，經常赤裸上半身到農田行竊，短短9天犯下7案。（民眾提供）每年8月是二期稻作插秧、灌溉用水之際，彰化縣埔鹽鄉近日接連發生農田抽水馬達失竊案，警方追查，發現43歲賴姓男子經常赤裸上半身，大白天就到農田行竊，9天內狂偷7具馬達，而且僅以5000元賤價銷贓。賴男12日落網，法院裁定羈押，農民得知贓物價格後氣得痛罵「有夠夭壽」！埔鹽鄉代會副主席徐志訓說，近日接獲不少農民反映抽水馬達遭竊，因目前是二期稻作插秧期，農田亟需引水灌溉，馬達一旦被偷，秧苗極可能因缺水乾枯，嚴重影響稻作生長，通報警方加強巡邏及調閱監視器追查，並提醒農友提高警覺。請繼續往下閱讀...溪湖警分局表示，獲報後成立專案小組，調閱案發地點及周邊監視器，鎖定有多項竊盜、詐欺前科的賴男。12日清晨5時許，警方在溪湖鎮員鹿路三段將他拘提到案，並前往相關資源回收場查扣部分已被變賣的抽水馬達。賴男坦承犯案，供稱部分贓物已銷贓。警方調查，他在9天內涉嫌犯下7起竊案，偷走7具抽水馬達，共賣得5000元。全案訊後移送彰化地檢署偵辦，檢方鑑於其犯罪手段，聲請預防性羈押獲准。「真是肖賊仔脯！」被害農民表示，種稻已經很難賺了，還來偷馬達，這些農業用抽水馬達1具至少要5000元以上，好一點的要1至2萬元，小偷偷了7具總共才賣5000元，覺得根本賤賣，有夠離譜、真夭壽。二期稻作急灌溉，抽水馬達被竊，讓不少農民氣炸。（民眾提供）    ,https://news.ltn.com.tw/news/society/breakingnews/5538959
萬大線加蚋站地主拒200坪土地被徵收 最高行政法院逆轉判敗訴確定,社會,2026/08/13 18:19,捷運萬大線加蚋站。（資料照，台北市捷運局提供）爭議許久的台北捷運「萬大線LG04站捷七」（加蚋站）開發案，地主勝方公司不願市值超過5億元的200多坪土地被徵收納進開發計畫案內，作為加蚋站緊急出口、通風口、轉乘設施之用，興訟請求撤銷台北市政府的細部變更計畫與內政部的核定處分。一審台北行政法院2023年認定裁量上有瑕疵，判地主勝訴，撤銷2項計畫案；內政部與北市府上訴，最高行政法院今天逆轉認定，市府規劃時已充分考量各種替代方案的利弊得失，沒有裁量瑕疵，故廢棄一審判決，並自為判決駁回地主之訴，全案確定。台北市政府為配合北捷運推動萬大線整體計畫，2015年公告實施「變更沿線土地為捷運開發區主要計畫案」，2016年再公告核定「捷運開發區細部計畫案」。請繼續往下閱讀...後來由地主成立的英屬維京群島商「勝方投資」有限公司發現，計劃案將其693平方公尺土地納入開發區，作為加蚋站南側緊急出口、通風口、轉乘設施等用途，但地主已將該地出租給加油站使用，不願被徵收納入計畫，也無法與北市府達成聯合開發、或協議價購土地的合意。北市府遂報請內政部核准徵收土地。內政部請北市府改以最小限度範圍劃設，再續辦取得用地，北市府於是將南側面積260平方公尺由「捷運開發區」變更為「捷運系統用地」，其餘433平方公尺由「捷運開發區」變更為「住宅區」，獲內政部核定。地主不服，打行政訴訟，請求撤銷北市府的2個計畫案及內政部的核定處分。一審北高行認為，都市計畫的形成並非毫無限制，計畫形成是否有利益衡量上的瑕疵應受司法審查，行政機關在調查、彙整階段，即須將與計畫有關的利益納入衡量；而依變更後的計畫，站體通風口、緊急出口等捷運設施所需的土地，面積由已原本693平方公尺縮減至260平方公尺，代表範圍已變小，選地的彈性相對增加，即應列入周邊其他土地能否利用的可能性，重新考量是否一定要用到勝方公司的土地。且北市府並未評估能否維持該地既有的加油站營運，僅以土地筆數、面積及地主人數等簡略因素，即直接決定徵收施作捷運設施，衡量不足，2023年7月19日判決撤銷2個計畫案。內政部及北市府不服上訴。最高行政法院今評議後認為，原都市計畫的實體內容，是為了興建捷運萬大線車站的合理需求，規劃過程中已對於諸多避免使用勝方公司私有土地的其他替代方案的利弊得失，進行相關的調查、認識及評估，並妥適衡量相關公益、私益客觀上的合理性、衡平性，才作成規劃內容，符合利益衡量原則，沒有裁量上的瑕疵，法院應予以適度尊重。最高行指出，該計畫既沒有裁量上的瑕疵，也沒有程序、實體上的瑕疵，即屬合法，一審誤認原都市計畫規劃過程有利益衡量不足的計畫裁量瑕疵，而直接宣告原都市計畫無效，有所違誤，因此廢棄一審判決，自為判決駁回勝方公司之訴，全案確定。    ,https://news.ltn.com.tw/news/society/breakingnews/5538928
國1彰化遊覽車火燒車 34人跳車逃命,社會,2026/08/13 17:57,遊覽車火燒車火勢相當猛烈。（彰化縣消防局提供）國道1號彰化路段今天（13日）下午遊覽車起火燃燒，火勢猛烈，濃煙竄天，車上越南籍旅遊團31名乘客與台籍司機、導遊共34人跳車逃命。彰化縣消防局據報派員灌救，所幸未釀人員傷亡，但造成後方大塞車，傍晚5點半撲滅。遊覽車火燒車發生下午5點左右，行經國道1號北上191公里彰化系統交流道路段時突然冒出濃煙，司機趕緊停放路肩，打開車門與乘客共34人跳車逃命。火勢相當猛烈，國道上滿是濃煙，後方車輛紛紛放慢車速，險象環生。請繼續往下閱讀...34人在國道待援。消防局據報後派出多名消防員趕往現場灌救，所幸未釀人員傷亡，5點半左右火勢撲滅，乘客將由接駁車接駁離開。起火原因仍待釐清中。消防員到場救援。（彰化縣消防局提供）34名乘客跳車逃命。（彰化縣消防局提供）    ,https://news.ltn.com.tw/news/society/breakingnews/5538910
台中大雅鐵皮工廠陷火海1人傷  濃煙竄天急發空污警報,社會,2026/08/13 17:54,大雅鐵皮廠房大火，台中市環保局發出空污警報。（環保局提供）台中市大雅區中山三路一處工廠今天下午發生火警，火勢相當猛烈，消防局派遣9車、20多人前往，現場全面燃燒，有多輛機車已燒成鐵架，台中環保局也發出火警空污警報，提醒目前環境風場為西南西風，該址下風處及附近區域皆可能有異味。這一棟存放運動器材的鐵皮倉儲廠房，外部棚架及停放的機車因故起火，火勢迅速蔓延並波及廠房建物，現場濃煙密佈，台中市消防局獲報後不敢大意，消防人員趕赴現場搶救，發現廠內一名員工右前臂與臉部遭受二度5%燒燙傷，已由救護車送往台中榮總救治，燃燒面積與起火原因 火調人員採證釐清中。請繼續往下閱讀...環保局提醒，位處事故發生附近地區的民眾請關閉門窗，環保局將持續監控空氣品質，並掌握附近空氣品質測站及空氣盒子監測數據，請民眾不必恐慌。大雅運動器材倉庫大火，多輛機車燒成鐵架，現場濃煙密佈。（消防局提供）    ,https://news.ltn.com.tw/news/society/breakingnews/5538946
竹市2026城鎮韌性防空演習  無人機吊掛指示避難布條,社會,2026/08/13 17:51,新竹市進行2026城鎮韌性防空演習，實施人車管制，並首度啟用無人機吊掛指示避難布條。（新竹市府提供）全國北部7縣市2026城鎮韌性防空演習今天下午2點半到3點實施，新竹市今天也進行各項防空演習，更首度啟用無人機指示避難布條，進行人員疏散避難，演習過程順利，未傳出違規事件。由於此次防空演習也包括網路降速的實境演練，市府也透過新竹通App等資料開放平台，公告相關防空避難措施，同時因應行動網路降速演練期間民眾無法上網查詢避難點，也首度運用無人機吊掛防空避難指示布條，引導民眾迅速前往避難場所自救。請繼續往下閱讀...市府表示，此次防空演習在強化全民危機意識，藉由演習平時與戰時轉換，強化國防教育意識與緊急避難應變能力，並提供全民防空、防護的最佳教育機會，打造具韌性的城市環境。新竹市進行2026城鎮韌性防空演習，實施人車管制，並首度啟用無人機吊掛指示避難布條。圖為人員疏散避難演習情形。（新竹市府提供）新竹市進行2026城鎮韌性防空演習，實施人車淨空管制。（新竹市府提供）    ,https://news.ltn.com.tw/news/society/breakingnews/5538866
不滿公車靠站「逼車」 機車騎士當街攔車理論引糾紛,社會,2026/08/13 17:30,北市公車進站爆行車糾紛，騎士認為遭逼車，氣憤當街擋車理論。（記者劉慶侯翻攝）騎機車的44歲邱姓騎士，今日上午行經北市中華路時，認為前方慢慢向右靠近站牌的公車司機「逼」他，涉嫌騎到前方攔阻公車前行，引發糾紛。由於當時車流量巨大，台北市警中正二分局獲報到場，將兩人登錄資料後，將調閱街頭監視畫面，以便釐清責任追究刑責。警方表示，今日上午10時許，中正二分局獲報中華路與廣州街口有行車糾紛情形，經員警迅速到場查處，發現是公車為靠站上客與同向機車騎士爭道，進而發生糾紛情形，機車駕駛不滿，停於公車前攔阻公車行進理論，因現場車流量大，所以警方先抄登雙方資料後，排除現場，迅速恢復車流順暢。請繼續往下閱讀...警方初步調閱街頭監視畫面，發現當時駕駛公車的41歲吳姓司機，是行經中華路、廣州街口時，需要進站停靠上客，所以向右切入停靠站區域，以致跟在後方行進的邱姓機車騎士一度受阻，即使想再向右方鑽過去，沒有足夠縫隙，不得不暫停。警方表示，後續將主動調閱公車行車紀錄器及路口監視器影像，釐清事實真相後，如有違反刑法強制罪及道路交通管理處罰條例等規定，將依職權舉發及偵處，以維行車秩序。    ,https://news.ltn.com.tw/news/society/breakingnews/5538844
才判7年！核二前廠長曾文煌另涉5採購弊案 北院裁定2人續押禁見,社會,2026/08/13 17:09,檢調發現曾文煌任副廠長期間另涉「第二熱沉採購案」等5起採購弊案，於今日依法起訴，北院裁定曾文煌等2人續押禁見。（資料照）台電核二廠前廠長曾文煌日前才因收賄被台北地方法院判處7年有期徒刑，如今檢調又發現其任副廠長期間另涉「第二熱沉採購案」等5起採購弊案，台北地檢署今日依貪污治罪條例等罪，起訴曾文煌等6人。由於曾以及前機械組經理陳聰德均處在押狀態，北院於今日稍早召開接押庭，並裁定2人續押禁見。檢廉查出，廣承公司負責人郝致衡2018年某日，向時任副廠長的曾文煌表示，「我有賺錢都有你好處」相約，郝若能成功拿到採購案時，會拿出特定金額致謝，藉此行賄，並請其驗收時放水。請繼續往下閱讀...郝男行賄人員分別為時任副廠長（後升為廠長）曾文煌、前機械組經理（現為副廠長）陳聰德、修配組經理劉水苔（現為機械組經理）、修配組課長（現為該組經理）宋俞、修配組課長朱景宏。從副廠長、下至經理及課長相關審核人員通通都有。廣承公司則從2018年至2022年間陸續取得「第二熱沉」、「電動閥馬達」、「波紋管」、「主汽機等備品及管閥備品」、「濾袋」等5件採購案。總金額高達1億2599萬，共拿出1010萬250元賄款給曾男等6人。曾文煌等人則將錢帶回家或存入帳戶，檢廉在偵辦2024年廠區3個標案時，揪出曾男等早於2018年就與郝致衡勾結。檢察官調查後，認定曾文煌等6人涉犯貪污治罪條例，今依法提起公訴，並移請台北地方法院審理。曾文煌另涉「減容中心焚化爐控制系統更新」、「SCADA主機」、「自動化濕式噴砂除汙設備」標案收賄220萬部分，上個月被台北地方法院依違反貪污治罪條例中的不違背職務收賄罪，判處7年徒刑，褫奪公權4年；郝男則被依行賄罪，判處1年6月，褫奪公權2年，緩刑4年，須支付公庫200萬元，全案目前由高院審理中。    ,https://news.ltn.com.tw/news/society/breakingnews/5538832
領藥未到號爆衝突！ 「正義婦」控男子插隊錄影被告,社會,2026/08/13 17:07,​等領藥沒到號硬要排隊，蔡姓男子與護理師窗口爆爭執，旁觀婦人拿出手機錄影指控他插隊，蔡男認為沒有，提告妨害名譽。（民眾提供）醫院領藥等太久，竟演變成妨害名譽官司！蔡姓男子昨天下午在醫院等候領藥，因還沒叫到號就上前排隊，與護理師爆發口角。一旁婦人看不下去，出聲指控插隊並拿手機錄影，蔡男氣炸今直奔警局對婦人提告。​這起糾紛發生在醫院領藥櫃檯，現場等候病患眾多。蔡男抽取號碼牌後，原本應在等候區等待燈號亮起。但他疑似不耐久候，在尚未叫到號碼的情況下，就直接走到前方排隊，要求立刻領取藥物。由於醫院發藥有嚴格順序，人員無法跳過系統為他提前服務。請繼續往下閱讀...​蔡男在櫃檯前頻頻要求給藥，護理師隨即明確告知，系統尚未顯示號碼，請他先退回座位區等待。但蔡男認為自己已經排了隊，堅持不願離開，雙方就在領藥窗口爆發激烈爭執。蔡男情緒激動表達不滿，護理師則堅守發藥規定，強調必須按順序給藥，兩人僵持不下，也影響了後方排隊領藥的民眾。​雙方爭論不休時，一名在一旁等候的婦人看不下去，認為蔡男嚴重影響他人權益，主動上前制止。婦人當場大聲指控蔡男企圖插隊，干擾醫院正常運作。為了留下證據，婦人隨即拿出手機開啟錄影功能對著蔡男拍攝，記錄整個爭執過程，此舉也讓現場氣氛瞬間變得更加火爆。​面對婦人的指控與錄影，蔡男感到非常不滿，認為對方言行已嚴重損害他的個人名譽。蔡男氣憤之下前往轄區警局報案，向警方表示婦人在大眾面前指責他插隊，已貶損其社會評價，正式提出妨害名譽告訴。警方目前已受理此案，將通知錄影的婦人到案說明，進一步釐清事發經過與責任。    ,https://news.ltn.com.tw/news/society/breakingnews/5538767
人蔘遭查扣要罰近93萬？彰化男陷跨國網戀籌錢相助 警急阻詐,社會,2026/08/13 16:56,彰化男陷跨國網戀籌錢相助，所幸員警阻詐。（警方提供）彰化市1名男子網路結識一名自稱是馬來西亞的女網友，對方表示攜帶10盒人蔘入境台灣時被關務署查扣，須繳納92萬9200元罰鍰，因無力支付請求協助，林男為助「女友」脫困，到銀行辦理基金解約籌措款項，行員驚覺有異向彰化警分局通報，員警據報到場，向關務署查證後確認男子遭到詐騙，男子始恍然大悟，當場放棄解除基金，成功保住積蓄。彰化警分局今天（13日）指出，民族路派出所警員陳政佑、謝佶晁日前執行巡邏勤務時，接獲彰化市某銀行通報，一名男子欲解除基金，其用途疑似遭詐騙。請繼續往下閱讀...警方火速到場了解，男子向警方表示，他透過網路認識一名自稱馬來西亞籍的女網友，雙方相談甚歡；對方後來表示從事中藥材買賣，並聲稱攜帶10盒人蔘入境台灣時遭關務署查扣，須繳納92萬9200元罰鍰，希望男子伸出援手，他才到銀行解除基金籌措款項。警方致電關務署確認，經關務署明確表示此類情節為「代繳罰款」、「包裹遭扣押」常見詐騙手法，絕無要求民眾代繳罰款情形。經警方及銀行勸說下，男子始驚覺受騙，當場放棄解除基金。    ,https://news.ltn.com.tw/news/society/breakingnews/5538752
超幸運！台南北門這家彩券行10天狂開2次今彩539頭獎,社會,2026/08/13 16:47,台南市北門區「錢來爺彩券行」在今年8月1日、8月10日都開出今彩539頭獎。（記者楊金城攝）財神大駕光臨，超幸運！台南市北門區「錢來爺彩券行」在今年8月1日、8月10日都開出今彩539頭獎，中獎人只買單注50元就中獎，本月還未過一半，同家彩券行在同月就開出2次今彩539頭獎，在彩券史上罕見。北門地區鄉親對「錢來爺彩券行」8月開了2次今彩539頭獎，嘖嘖稱奇，李姓店家經營彩券行有20多年了，他說，店內擺放1尊手持金元寶的彌勒佛木雕像，約有1人高，許多客人來買彩券最喜愛和彌勒佛求財，摸摸元寶和彌勒佛，有可能因此帶來好運，讓彩券行幸運在本月開出2次今彩539頭獎。請繼續往下閱讀...在8月1日開出的今彩539頭獎，有位客人在「錢來爺彩券行」花了300元連買6天單注同組號碼，幸運在最後一天的8月1日中了今彩539的頭獎，當期有5注中獎，單注分得480萬元；接著8月10日開出的今彩539頭獎，有位客人在「錢來爺彩券行」只花50元買單注，由電腦選號，就中了頭獎800萬元，真是幸運爆表。台南北門「錢來爺彩券行」店內擺放1尊手持金元寶的彌勒佛木雕像，約有1人高，為客人帶來好運。（記者楊金城攝）    ,https://news.ltn.com.tw/news/society/breakingnews/5538803
砍殺河智媛老闆！凶嫌認「傷害致死」 家屬怒控：根本是殺人,社會,2026/08/13 16:43,男子黃相元（中）去年8月砍死河智媛老闆詹智能。（資料照）曾簽下韓國啦啦隊女神河智媛的「無限夢想公司」負責人詹智能，去年8月在台中豐原一家超商遭男子黃相元持刀砍殺身亡，台中地院今開庭，黃男當庭坦承犯行、對檢方起訴傷害致死罪沒有意見，但死者家屬怒控應是殺人罪，合議庭表示將與國民法官評議，若認有理由可變更起訴法條。檢警調查，詹智能去年8月4日上午10點多，駕駛保時捷休旅車前往豐原一家超商，當時42歲黃男早已從台北萬華開車南下埋伏，待詹走出店外突然上前推擠，並持辣椒水朝詹臉部噴灑，詹驚覺不對立即躲回超商，黃男竟持預藏西瓜刀追進店內朝詹連砍多刀，導致詹大動脈斷裂，大量失血，緊急送醫搶救，仍於當日上午11時30分宣告不治。請繼續往下閱讀...黃男犯案後駕車離開，約1小時後前往台中市第二分局投案，供稱因不滿詹男性騷擾其前女友，才決定持刀教訓詹。但檢警對這項說法始終存疑，調查發現黃男始終未說明「前女友」究竟是誰，也沒有提出兩人之間聯繫、對話或通信紀錄，相關說法與證人證述也存在落差。此外，他案發後曾刪除相關LINE對話，甚至稱手機遺失，加上相關證據疑有遭湮滅、勾串共犯或證人可能，遭裁定延押並禁止接見通信。台中地院今天開庭，黃男對檢方以傷害致死罪起訴表示沒有意見，但被害人家屬及訴訟參與人認為，黃男持刀連續砍殺致死，主觀犯意已達殺人程度，要求以殺人罪追究。對此，審判長表示將與國民法官評議後決定是否變更起訴法條。    ,https://news.ltn.com.tw/news/society/breakingnews/5538781
台64線男遭丟包被4車輾過慘死  4駕駛過失致死、肇逃不起訴,社會,2026/08/13 16:34,温姓替代役男被司機林宇濬丟包台64快速道路，遭4車輾過爆頭慘死，檢方日前已將林起訴，4名駕駛今日獲得不起訴。（資料照）擁有國立政治大學新聞系、企管系雙學士的温姓替代役男，今年1月25日搭乘多元計程車行經台64線快速道路西向（往板橋方向）27.5公里時，被司機林宇濬丟包後，遭4輛轎車輾過慘死，檢方2月依遺棄致死罪起訴林宇濬，全案尚在審理中；至於4名駕駛被控過失致死或肇事逃逸部分，新北地檢署調查後認為罪嫌不足，今日將4人處分不起訴。檢警調查，25歲温男去年10月於鐵路警察局服替代役，案發當日到台北市文山區興隆路二段訪友後，透過Bolt平台叫車。請繼續往下閱讀...檢警調查，林男於凌晨2時7分承接訂單後，開車載温返回板橋住處，途經中和台64線往板橋匝道時，温男突倒臥於後座，竟於凌晨2時19分，在台64線西向27.5公里處道路線與隔音牆處停下，打開駕駛座車門，命温下車，見温下車倒臥在車尾道路上，即駕車離去；凌晨2時22分至31分，倒臥在快速道路上的温男，連遭4輛汽車輾過，頭顱破裂、全身多處骨折慘死。檢方今年2月已依遺棄致死罪嫌起訴林宇濬，將由國民法官審理，且預計11月4日下午2時40分至案發現場路肩履勘。至於4名轎車駕駛人，有2人被控過失致死、有2人被控過失致死及肇事逃逸；4人均否認相關指控。不過，本案送新北市政府交通事件裁決處進行事故鑑定，鑑定委員會認為無法鑑定；檢方認為案發時為深夜、路燈明暗交錯，死者身穿深色衣服且倒臥於快速道路內側車道，導致第一輛陳姓駕駛難以辨識倒臥在地之物為人體進而閃避，且依後方行車紀錄器畫面顯示，車輛可辨識死者倒臥的時間與距離極為短暫，駕駛人難以預見路面有人並及時煞停或閃避。雖法醫解剖報告顯示，死者是因「第一輛車輛壓過頭部」造成致命傷死亡，但檢方認為，後續車輛行車紀錄器無法確切證明陳姓駕駛輾壓的位置是否為頭部，無法認定被4人中何人的車輛為導致致命傷的第一台車。至於魏姓及簡姓駕駛被控肇事逃逸，並辯稱未察覺輾壓死者，檢方認為這並非無稽之談，將4人處分不起訴。    ,https://news.ltn.com.tw/news/society/breakingnews/5538765
照片曝光！轎車國道被撞四輪朝天 他繫安全帶幸運保命,社會,2026/08/13 16:32,中山高北上五股路段發生客運大客車、轎車車禍，轎車被撞得四輪朝天。（記者吳仁捷翻攝）中山高北上五股路段傳出客運大客車與轎車車禍，造成轎車撞擊護欄後再回撞肇事大客車後翻覆，宛如國道上演碰碰車；所幸遭撞的李姓駕駛繫安全帶，幸運僅受輕傷；國道一隊員警到場，釐清肇事的大客車駕駛變換車道不慎肇事，至於車禍原因及責任歸屬，仍待進一步調查釐清。國道一隊12日晚間9時許獲報，中山高北向34.5公里，五股路段發生2車事故，其中一車輛翻覆，巡邏車趕往處理，同步通知高公局交控中心、119消防車、救護車，警、消到場檢傷，將翻覆轎車中，受傷的42歲李姓駕駛送醫，幸無生命危險。請繼續往下閱讀...警方調查，57歲彭姓男子駕駛客運大客車，行駛事發路段，疑變換車道不當，撞擊當時行駛中線車道、李男駕駛的轎車，李男車輛撞擊內側護欄，再度撞擊彭男車輛後，翻覆於中線車道上，所幸李男有依規定繫上安全帶僅受到輕傷，送林口長庚醫院診治，2車駕駛人酒測值皆為零，事故現場於21時40分完全排除恢復通車，詳細的肇事原因有待警方進一步釐清。呼籲駕駛人應遵守交通規則，變換車道應保持安全間隔，先看照後鏡，再撥打方向燈，並轉頭再確認，不要一打方向燈馬上變換車道，不論駕駛或是前後座乘客均應繫妥安全帶，乘車繫上安全帶絕不是為了免於受罰，它在危急時是救命的工具。肇事的客運大客車。（記者吳仁捷翻攝）    ,https://news.ltn.com.tw/news/society/breakingnews/5538749
油罐車右轉撞擊 7旬腳踏車老翁遭輾斃,社會,2026/08/13 16:30,油罐車右轉靠近腳踏車隨即碰撞。（埔里警方提供）埔里鎮中午發生死亡車禍！1部行經隆生路與南安路口的油罐車，右轉時沒有注意在路口騎腳踏車過馬路的74歲宋姓老翁，宋姓老翁遭輾壓並拖行，卡在車輪下，被拉出時骨盆嚴重碎裂，送醫急救仍不治，54歲陳姓油罐車駕駛沒有酒駕，肇事原因仍有待警方調查釐清。該起死亡車禍發生在中午近11時，當時1部油罐車沿隆生路南向行駛，行經路口右轉南安路，與同向騎腳踏車的宋姓老翁發生碰撞，老翁遭油罐車右前輪輾壓並拖行。消防人員獲報後趕至，將卡在車輪底下的老翁拉出，老翁當時傷勢嚴重，救護車送醫急救，但仍宣告傷重死亡。請繼續往下閱讀...車禍發生的瞬間，有一部汽車正好在油罐車和腳踏車的對向，駕駛和坐副駕駛座的女乘客目擊，當場驚聲尖叫，而駕駛後來將行車紀錄器影像PO到臉書社團，以自己目擊車禍過程，提醒大車視線有死角，也請民眾若行經該路段不要逗留。有網友回應，腳踏車早就在路口，在過馬路時，同向右轉的油罐車沒有注意；但也有人認為，大車有視線死角，真的要小心大車內輪差的問題。埔里警方表示，油罐車駕駛經酒測並沒有飲酒，事故原因有待調查釐清。不過仍要呼籲用路人，行經路口一定要減速慢行，注意前後左右車況，千萬不要搶快。據了解，車輛在轉彎時，內側前輪與內側後輪的迴轉半徑不同，產生的軌跡差距稱「內輪差」，大型車的車身軸距長，轉彎時的內輪差範圍極大。腳踏車被拉出，老翁傷重不治。（埔里警方提供）    ,https://news.ltn.com.tw/news/society/breakingnews/5538792
設局假購屋詐1175萬還拿「病危通知」拖延訴訟 陳林建中判4年2月,社會,2026/08/13 16:22,新北地院。（資料照）愛尚富康醫旅投資控股等公司實際負責人陳林建中，被控於2021年間誘騙一家顧問公司邱姓負責人共同出資購買辦公室，期間不僅虛構「苗栗縣副議長介紹要包88萬元紅包」索款未遂，更以支付代書費、稅費及第一期自備款為由，騙走邱男1175萬元。陳林被起訴後，以各種理由拖延訴訟，甚至謊稱「亞東醫院發布病危通知」，新北地院合議庭斥責他耗費司法資源，依詐欺取財罪判刑4年2月。合議庭罕見在判決書中以附表方式羅列出陳林各種拖延手法，包含住院觀察等待手術治療、燒燙傷手術等，甚至向法院謊稱「亞東醫院發布病危通知」，合議庭斥責他藉故身體病況，推諉醫囑排定手術治療、建議長期休養、不宜接洽人事等託詞，一再以各種不同的理由延宕訴訟程序進行，無端耗費司法資源，犯後態度不佳，且自本案發生時起，至言詞辯論終結為止將近5年期間，從未與被害者達成和解或賠償分毫，加上他有詐欺記錄等，量處上述徒刑。請繼續往下閱讀...檢警調查，陳林是愛尚富康醫旅投資公司及建中投資公司實際負責人，2021年3月間，經友人介紹結識邱男後，遊說共同購買台北市一處1.2億元的房屋作為共同辦公室。同年9月，雙方以邱男及其公司名義簽立買賣契約與價金信託履約保證。簽約後，陳林開始施展一系列詐術，先是向邱男謊稱該案是由苗栗縣副議長居間介紹，要求包88萬8800元紅包，請邱匯款一半即44萬餘元到建中公司帳戶，因邱男察覺有異推辭而未遂。檢警調查，陳林之後以「需給付稅費及代書費」詐得25萬元，接著以支付房屋第一期款為由，並假稱「由資本額較大的建中公司協調可取得較好條件」為由，要求邱男支付自備款1150萬元，總計從邱男手中騙走1175萬元。更誇張的是，陳男為了掩飾罪行，先以「國稅局查核需要」騙邱男簽下「終止履約保證協議書」，並私下向屋主辦理解約。隔年1月間，陳男竟持續向邱男討論銀行貸款評估，營造買賣契約仍存續的假象。直到邱男察覺有異催促返還款項，陳林開立的1150萬元支票提示後遭退票，邱男才驚覺掉入詐騙陷阱，憤而提告。審理時，陳林否認犯行。    ,https://news.ltn.com.tw/news/society/breakingnews/5538713
南港公車驚魂！拖板車右轉機械手臂橫掃 窗框變形、大片玻璃爆裂,社會,2026/08/13 16:10,南港曳引拖板車機械手臂，不慎與同向直行的客運公車發生碰撞，造成公車車側大面積玻璃碎裂。（記者鄭景議翻攝）台北市南港區今天上午發生一起驚險車禍。50歲蔣姓男子駕駛載有大型機械的曳引拖板車，行經研究院路一段與南港路一段路口準備右轉時，車上附載的機械手臂不慎與同向直行的客運公車發生碰撞，造成公車車側大面積玻璃碎裂，所幸現場沒有造成任何人員受傷，雙方駕駛檢測後也都沒有飲酒情況。警方調查，今日上午9時49分許，蔣男開著曳引車載運挖掘機等重型機械，沿著研究院路一段由南往北方向的外側車道行駛。當車輛行經南港路一段路口準備向右轉彎時，疑似沒有注意車體與周邊車輛的安全間隔，車上高聳伸出的機械懸臂直接硬生生刮過由56歲鄧男駕駛的客運公車車身。請繼續往下閱讀...強大的拉扯與撞擊導致公車右側車窗框瞬間變形，大面積的玻璃爆裂，大量的碎片散落於車內座椅與地板上，現場景象相當驚悚，所幸當時車內沒有乘客受傷，兩車駕駛與乘客隨後都下車配合處理。轄區台北市警局南港分局警方接獲通報後迅速趕赴現場，經員警現場觀測與檢測，2名駕駛都沒有飲酒酒駕情事。由於現場無人受傷且狀況明確，後續賠償事宜由雙方當事人自行協調處理。南港分局特別呼籲，大型車輛以及附載大型機具的車輛，在進行轉彎或變換車道時應隨時注意行車動態與周圍環境，保持兩車安全間隔，以降低事故發生機率。50歲蔣姓男子駕駛載有大型機械的曳引拖板車，行經研究院路一段與南港路一段路口準備右轉時，車上附載的機械手臂不慎與同向直行的客運公車發生碰撞。（記者鄭景議翻攝）    ,https://news.ltn.com.tw/news/society/breakingnews/5538717
夜間視線差釀禍！樹林通學巷貨車追撞左轉車 車頭半毀、玻璃碎滿地,社會,2026/08/13 15:54,新北市樹林高中附近通學巷，昨晚1輛貨車與等待左轉的客貨車發生車禍。（警方提供）新北市樹林區中華路與忠孝街口昨晚發生交通事故，警方到場，發現為一輛貨車與等待左轉的客貨車車禍，由於現場為樹林高中通學巷，當時不少學生補習下課，但因車禍玻璃等零件碎裂一地，警方除管制交通，避免二次事故，也連忙通知清潔隊移除，雙方皆未酒、毒駕，至於車禍肇因及責任歸屬，仍待進一步調查釐清。據了解，12日晚間9時許，中華路與忠孝街口發生車禍，警方到場時，發現30歲張男駕駛的貨車車頭半毀，玻璃碎裂一地，他也因車禍撞擊及遭玻璃噴濺受傷，警方見狀對雙方駕駛酒測、毒測，都沒有反應，先安排受傷張男送醫。請繼續往下閱讀...警方查出，事發之際，30張姓男子駕駛小貨車沿樹林區中華路內側車道往山佳方向直行時，前方40歲唐姓男子駕駛的客貨車要左轉忠孝街，張男向右變換車道要繞過該車加速直行，疑因晚間視線不佳，不慎追撞唐男車輛右後車尾，經救護人員送醫治療，後方駕駛腿部輕微擦挫傷，意識清楚無生命危險。樹林警分局呼籲，駕駛人行經路口或變換車道時，應注意車前狀況與周邊車輛動態，並保持安全距離與間距，切勿強行超車或急迫變換車道，以確保行車與用路人安全。警方到場協進行交管，協助受傷駕駛送醫、移除地面碎裂玻璃，車禍肇因仍待調查釐清。（警方提供）    ,https://news.ltn.com.tw/news/society/breakingnews/5538703
嗆派殺手處理！恐嚇周思齊男子抓到了 今公開PO文道歉承諾捐15萬,社會,2026/08/13 15:30,中職中信兄弟退役球星周思齊，先前稱看好中國城市棒球聯賽（CPB），遭網友辱罵，甚至留言派殺手處理。（資料照）中職中信兄弟退役球星周思齊，先前稱看好中國城市棒球聯賽（CPB），遭網友辱罵，甚至留言「派殺手處理掉這個姓周的都無妨」。周思齊去年12月委任律師提告，檢方調查後，揪出一名留言的林姓男子，林男坦言當時發表相關言論只是為了「跟風」，如今則公開為自己的行為致歉。綜合媒體報導，被指控揚言派殺手處理周思齊的林姓男子，家住南部，並非球迷，也不看球賽，平日多在家玩股票，被傳喚到案後坦承犯行，說自己只是跟風罵人而已，想要和解，但周思齊不願意。請繼續往下閱讀...現這名林姓男子今（13日）在threads發表公開聲明道歉，全文如下：本人林O佑，於民國114年（即去年）11月初，在threads 看到ㄧ些關於周思齊先生的文章與留言，在沒先查證原始新聞之下，就在threads 跟風發表感想，寫出內容不妥的言詞，誣衊周思齊先生，現在本人在instagram發表公開道歉聲明如下：本人曾以叛國等言詞抹黑、污辱周思齊先生，甚至發表要找殺手殺害他的恐嚇言論。這些毀謗言論毫無根據，已嚴重傷害周思齊先生的名譽與人格，也使他及家人承受不必要的恐懼與壓力。言論自由是理性表達的權利，但絕不是抹黑、誹謗他人的藉口，更不包括恐嚇他人生命安全的自由。我必須為自己的言行負起全部責任，並向周思齊先生及其家人鄭重道歉。本人已認知上述行為的嚴重性，承諾立即刪除相關不當言論，今後不再以任何形式散布、轉述或發表相同或類似內容，也不再對周思齊先生及其家人從事任何侮辱、誹謗、恐嚇、騷擾或其他侵害其名譽、人格與安全的行為。本人另承諾捐款新台幣15萬元予社團法人台灣球芽棒球發展協會（球芽基金），以實際行動反省過錯並回饋社會。針對這封道歉聲明，網友仍不領情，紛紛留言：「全篇道歉文，但是沒有任何『對不起』這三個字」、「我還是喜歡你桀驁不馴的樣子」、「您不是真認錯了，您只是沒想到真的被告怕了」、「噴完道歉喔，當初幹嘛嘴秋」、「這只是有被告才會道歉，沒被告還是繼續罵的啦」。     在 Threads 查看    ,https://news.ltn.com.tw/news/society/breakingnews/5538607
最高檢籲村里長帶頭抵制賄選 嘉檢：檢舉最高獎金2000萬,社會,2026/08/13 15:25,代理檢察總長徐錫祥（右）與嘉檢檢察長蔡宗熙（左）參加「守護家鄉的一票－檢察長給鄉親的一封信」活動。（記者丁偉杰攝）年底基層選舉將至，為加強全民反賄選意識，最高檢察署代理檢察總長徐錫祥今天到嘉義地檢署參加「守護家鄉的一票－檢察長給鄉親的一封信」活動記者會，並將信寄發給嘉義縣市村里長與鄉親。徐錫祥表示，村里長為在地民意樞紐與基層治理基石，最瞭解地方生態，期盼村里長發揮領頭羊作用，帶領鄉親共同抵制賄選。記者會在嘉檢舉行，包含嘉義縣市警、調、廉、移民署及犯罪被害人保護協會嘉義分會、更生保護協會嘉義分會、嘉義榮譽觀護人協會等單位團體代表，共聚一堂表達強烈反賄選、查緝賄選的決心。請繼續往下閱讀...徐錫祥表示，乾淨的選風是民主政治穩固的基石，基層村里長與鄉親是第一線守護地方民主的關鍵力量，檢察機關必須主動走入基層、深化法治宣導，並發揮精準打擊犯罪的決心，堅決阻絕不法資金、境外勢力及賭盤影響選舉，確保每位公民都能在不受干擾的環境下行使神聖投票權。嘉檢檢察長蔡宗熙以流利台語，現場宣讀給鄉親的一封信，說明虛偽遷徙戶籍、暴力、選舉賭盤、假訊息及境外勢力介選等行為均為不法，期盼大家共同維護公平、公正的選舉。嘉檢指出，基層選舉將於11月28日投開票，中央選舉委員會將於8月20日依法發布選舉公告。嘉檢目前受理檢舉情資有選他47件、選偵5件、選察9件，民眾發現任何不法情事，可撥打0800-024-099檢舉專線，身分絕對保密，且檢舉最高獎金2000萬元。嘉義縣市警、調、廉、移民署等機關團體代表今天齊聚一堂共同表達反賄選。（記者丁偉杰攝）代理檢察總長徐錫祥呼籲村里長發揮領頭羊作用，帶領鄉親共同抵制賄選。（記者丁偉杰攝）    ,https://news.ltn.com.tw/news/society/breakingnews/5538662
中山高圓山匝道7車連環撞  建國高架匝道入口一度回堵,社會,2026/08/13 15:16,中山高圓山交流道南下入口今天下午兩時許傳出七車連環車禍，一度造成回堵，但因僅為輕微車損，事故車移除後，道路恢復順暢。（記者吳仁捷翻攝）中山高圓山南下匝道路段，今天下午驚傳7車連環車禍，除造成國道後方路段回堵，更導致建國高架匝道，一路回堵到長安東路路段，高速公路北區交控中心等單位，一度呼籲用路人及早改道，但目前事故已排除，車流恢復順暢，目前車禍肇因及責任歸屬，仍待進一步調查釐清。國道北區交控中心今天下午2時許獲報，中山高圓山交流道南下入口路段，傳出7車連環車禍，由於瞬間大雨，釀成後方回堵；國道警方到場，發現僅為車損，讓7名駕駛先移除，返回分隊製作筆錄，進行後續理賠。    ,https://news.ltn.com.tw/news/society/breakingnews/5538651
高捷美麗島站旁汽車開上人行道  7月迄今已開罰121件,社會,2026/08/13 14:58,美麗島站旁汽車開上人行道，警方7月迄今已開罰121件。（警方提供）高雄市中山路等主要道路常規劃寬闊的人行道，除美化市容、市民散步，也提供行人更多安全空間，常有人貪圖便利，將機車違規騎上人行道，更誇張的是連汽車都開上去，不僅破壞鋪面，更危及行人安全，不少網友拍下PO網抱怨，警方強調會加強開單取締。新興分局對民眾反映交通問題，相當重視並回應，統計自今（115）年7月迄今，於中山路、中正路等路段，已舉發「駕車行駛人行道」違規共計121件，人行道係供行人通行之專屬空間，警方將持續針對人行道違規行為嚴正執法，絕不寬貸。請繼續往下閱讀...有民眾於社群平台貼文控訴，有汽車疑似自七賢路口開始，沿著人行道一路往南行駛；停留一段時間後，又再次沿人行道往南，直到六合路口才離開人行道，可惜因距離較遠，影像無法清楚辨識車牌。網友質疑在捷運美麗島站附近、六合夜市旁的市中心街區，為什麼在高雄最重要的觀光與公共運輸節點之一，汽車可以如此理所當然地進入人行空間？據了解，該區偌大的人行道有整排商店，本應禁止車輛進入，但有店家圖一時方便，或因卸貨不易，違規開上人行道至商店門口裝卸，甚至就停店門口人行道上，警方多次取締，民眾不服轉陳情民代。不過，警方仍不定時受理檢舉、取締，新興警方表示，人行道是專供行人通行的騎樓、走廊，以及劃設供行人行走之地面道路，依法駕駛人不得駕駛車輛於人行道上行駛，如違反《道路交通管理處罰條例》規定，可處600元以上、1800元以下罰鍰，未來將會加強取締力道，維護行人友善、安全的步行空間。    ,https://news.ltn.com.tw/news/society/breakingnews/5538626
台南深夜住宅火警  行動不便民眾成功獲救有一關鍵,社會,2026/08/13 14:56,台南善化深夜住宅火警，行動不便的屋主弟弟果斷關閉房門，阻隔煙熱，關鍵動作成功為自己爭取到時間，順利獲救。（記者劉婉君翻攝）台南市善化區小新里1棟民宅1樓昨（12）日深夜11時許發生火警，住戶在睡夢中驚醒，年約50歲的屋主弟弟行動不便，催促哥哥先逃出火場，自己退回房間並果斷「關閉房門」，冷靜等待救援，關鍵動作讓自己在消防人員迅速撲滅火勢後，成功獲救。該起火警疑似因電線起火引發，台南市消防局接獲報案後，立即調派善化、山上、大內、南科、新市、官田及新化等分隊，共13車、30人趕赴現場，救援人員抵達後迅速佈設水線入室搶救，迅速撲滅火勢並逐房搜索，在廁所內發現屋主弟弟，救出送醫。請繼續往下閱讀...消防人員發現，事故發生時該住宅內多數空間佈滿濃煙，受困廁所的屋主弟弟，因及時關門，房內未遭濃煙侵入，冷靜反應，讓自己得以在火場中獲救。消防局第四大隊大隊長鄭誌峰呼籲，火警發生時如果發現逃生路線遭濃煙阻斷，千萬不要冒險衝入煙霧中，應「關閉門窗」阻絕煙熱，並退至有對外窗的安全區域等待救援。    ,https://news.ltn.com.tw/news/society/breakingnews/5538613
鋁棒打到變形！田尾KTV退股談判變調喋血 檢解剖追死因,社會,2026/08/13 14:34,彰化田尾某小吃部曾因經營不善，上月重新整合股東後恢復營業。（記者陳冠備攝）彰化縣田尾鄉10日發生KTV小吃店命案，掛名負責人的38歲許姓男子，疑因店內經營權及退股問題，與林姓兄弟等3人爆發衝突，遭酒瓶、鋁棒等物圍毆，直到6個多小時後才被發現送醫，最終傷重不治。彰化地檢署今（13日）會同法醫解剖遺體，警方也攜帶疑似犯案用的鋁棒等證物到場比對，釐清死因及3人涉案程度。據了解，該小吃店因經營不善，上月重新整合股東後恢復營業，其中1名犯嫌的家屬疑與店家發生股權糾紛，因而找來27歲、35歲林姓兄弟及29歲葉姓男子，與許男商談退股事宜。請繼續往下閱讀...雙方從9日晚間談到10日凌晨2時許，許男表示準備打烊休息，未料談判破裂，雙方爆發口角及肢體衝突。許男頭部、身體多處遭酒瓶、鋁棒重擊，現場1支鋁棒甚至被打到凹陷。目睹過程的服務生嚇得逃離現場，許男則渾身是血倒臥沙發。林姓兄弟及葉男犯案後逃往距離現場不到1公里的汽車旅館。當天上午8時許，服務生返回店內查看，發現許男已無生命跡象，立即報警。警方隨後循線在汽車旅館逮捕3人。全案依殺人、傷害致死、毀損及妨害秩序等罪嫌移送。檢方複訊後認為3人涉犯殺人罪嫌重大，且有逃亡、串供之虞，聲請羈押禁見，彰化地院11日裁准。檢方表示，許男確切死因及致命傷勢，仍待正式解剖鑑定報告出爐。彰化縣田尾鄉某KTV小吃店許姓負責人，與林男等人談判退股時爆發衝突，許男遭酒瓶、鋁棒重擊，現場一片狼藉。（記者陳冠備攝）彰化地檢署會同法醫解剖遺體，警方也攜帶疑似犯案用的鋁棒（紅圈處）等證物到場比對，釐清死因及3人涉案程度。（圖由民眾提供）    ,https://news.ltn.com.tw/news/society/breakingnews/5538587
執法者變門神！涉包庇業者農地亂倒廢土 桃市員警、環保稽查員集體貪污判刑,社會,2026/08/13 14:26,檢廉偵辦吳長烜集團廢土回填農地案，發現有3名員警及環保稽查雇員，長期收受公關費並包庇業者。（資料照）檢廉偵辦吳長烜集團廢土回填農地案，發現有3名員警及環保稽查雇員，長期收受公關費並包庇業者，稽查雇員離職後還進公司坐領高額顧問費等情事，另查出有員警製作假筆錄、偽造檢舉，騙取工作獎金，桃園地院今（13）日依貪污治罪條例等罪，判處時任桃園市警局新屋分駐所巡佐黃國文14年徒刑、褫奪公權7年；時任桃市刑大偵七隊小隊長陳鎮勳13年徒刑、褫奪公權4年；時任楊梅警分局永安派出所警員朱忠強11年徒刑、褫奪公權3年。另，時任桃園市環境保護局稽查科約僱助理張志豪，分依貪污判刑4年2月徒刑、褫奪公權3年，又犯公務員服務法違法任職罪處6月徒刑；另3名涉案人，包括陳姓男子涉犯公務員登載不實罪判刑1年4月、陳姓男子涉犯公務員登載不實文書罪判刑1年、陳姓男子獲判無罪。請繼續往下閱讀...時任巡佐的黃男得知吳長烜集團亂倒廢土違反廢棄物清理法，刻意多次前往土地周邊對載運營建廢棄物、營建剩餘土石方的砂石車隊開罰，試圖引起業者自行與他聯繫，業者後來透過時任刑大小隊長的陳男牽線、轉交賄款，自2024年起先後向黃男繳交每月12萬元公關費，若僅車輛通行則繳6萬元，清查黃男自2024年7月至2025年2月間共收取42萬元賄款，陳男則收取2萬元謝金，黃男帳戶另被查出有不明現金流。另，吳長烜為規避查緝，2024年7月間與時任楊梅警分局永安派出所警員朱忠強達成協議，若吳男發現有可疑車輛出現在回填土地周圍，即由朱員利用職務違法查詢車籍資料，洩漏是否屬警察或環保單位車輛，供吳男避開調查或稽查，吳男每月又支付2萬元，換取朱的不取締開罰，半年內共收賄12萬元。而自2019年5月3日至2024年8月8日，擔任桃園市環境保護局稽查科約僱助理的張志豪，也被查出向業者以小型車每輛300元、大型車每輛600元索賄，吳長烜於2024年2月與8月分別交付共14萬3400元，張離職後隨即到吳的公司擔任環保顧問並收取高額顧問費，違反公務員離職後3年內不得擔任與離職前5年內職務直接相關的營利事業顧問的旋轉門條款。    ,https://news.ltn.com.tw/news/society/breakingnews/5538546
躺病床、戴呼吸器也不罷手！ 前國手成跨國毒梟被求處無期徒刑,社會,2026/08/13 14:22,雲林檢警及海巡署查緝隊查獲吳姓主嫌為首的跨國運毒集團，把一級毒品海洛因分裝成小包裝吞食及塞在肛門等私密處運進台灣。（圖由雲林地檢署提供）雲林檢警及海巡署雲林查緝隊偵破跨海走私海洛因及販毒集團，其中70歲主嫌吳仲洲曾是1984年冬季奧運的雪車國手，因交友不慎染上毒品，毒癮越來越大鋌而走險販毒，至今約40年，多次被查獲，現因重病氣切躺在病床仍在販毒，他辯稱是為籌龐大醫藥費。檢警對照他當年選手時照片英姿煥發與現在躺在病床上羸弱狀況，不禁搖頭嘆「毒害一生」。國手變毒梟！ 重病氣切仍遙控體內藏毒運送請繼續往下閱讀...據指出，吳姓主嫌為新竹縣人，家境不錯，染上毒癮後人生走樣，從吸毒變販毒，且成為跨國販毒集團首腦，多次運毒被檢警查獲，走私海洛因的數量相當大。雲林檢警調查，吳嫌因重病氣切仰賴呼吸器，長時間住院，無法下床及說話，他在病床上靠手機遙控指揮調度及安排海外運毒回台及國內販毒，甚至還在病床上用加熱器鑑定海洛因純度，雖有人聞到病房有異味，但誰都想不到竟會有重病患者在病房內測毒。檢警說，吳嫌無法說話、下床，集團成員楊嫌、李嫌為其助理，協助處理國內運輸、販售事宜，楊嫌的中國籍杜姓女友從事看護，有時候會到醫院協助處理吳的生活瑣事及其交待事情。檢方表示，吳嫌因住院要靠呼吸器維生，無法羈押，不過因他發起跨國運販毒品集團，從國外走私一級毒品海洛因多達4次，數量達2300公克，嚴重戕害國人健康，具體求處無期徒刑。吳姓主嫌為首的跨海運毒及販毒集團還把海洛因壓成偽腰果，以食品魚目混珠郵寄回台灣。（圖由雲林地檢署提供）    ,https://news.ltn.com.tw/news/society/breakingnews/5538567
立委邱議瑩服務處接連遭竊   竊賊專偷這一瓶,社會,2026/08/13 14:22,大樹區農會將鳳梨皮廢物利用，自製鳳梨酵素洗潔精成熱賣商品。（記者洪臣宏攝）民進黨立委邱議瑩高雄市大樹區服務處接連發生竊案，令人不解的是，每次都只偷大樹區農會生產的鳳梨酵素洗潔精，服務處基於謹慎調閱監視器報案，警方約談涉案的李姓男子，他竟說，家裡缺洗潔精，只會拿這牌子。經查李男為低收入戶，服務處將致贈洗潔精，希望他不要再誤觸法網。邱議瑩大樹區服務處2個月前第一次遭竊，服務處主任祁貴花表示，被偷的是服務處前洗手台的洗潔精，當時不以為意，沒想到又陸續發生，本月第3次被偷，驚覺3次失竊的都是大樹區農會的鳳梨酵素洗潔精，調閱監視器發現1名男子大白天走到服務處，大剌剌拿走洗潔精，甚至自備塑膠袋來裝。請繼續往下閱讀...祁貴花說，洗手台還有其他品牌洗潔精，但失竊的都是特定品牌，她特地將該品牌洗潔精藏起來，仍被找到拿走，令人好奇，為了服務處安全，才會向仁武警分局報案，希望由員警告誡該男子不要再來拿了。不過竊盜為公訴罪，警方找到了李姓男子將他函送。大樹區農會總幹事歐幸娟表示，大樹區為高雄鳳梨生產重鎮，農會自製鳳梨冰棒、果乾、蔭鳳梨販售，生產過程的大量鳳梨皮成為農廢，2年前開始廢物利用生產鳳梨酵素洗潔精，以鳳梨皮、黑糖、水等比例發酵，因為天然且散發鳳梨果香，所產生的蛋白酶去污力強，回購率非常高，上架以來已銷售2萬餘瓶，成了熱銷產品李姓男子自備塑膠袋裝偷來的洗潔精。（民眾提供）    ,https://news.ltn.com.tw/news/society/breakingnews/5538572
台中七期豪宅區驚悚對決！ 300萬賓士車頭全毀 小貨車四輪朝天畫面曝,社會,2026/08/13 14:00,賓士車車頭嚴重毀損。（民眾提供）台中市西屯區七期豪宅區今天上午發生驚悚車禍，一輛價值約300萬元的賓士車與小貨車在路口猛烈碰撞，小貨車當場翻覆四輪朝天，賓士車頭也撞得面目全非，所幸蘇姓貨車駕駛僅多處擦挫傷，送醫後無生命危險，雙方酒測均為零，肇因及責任歸屬仍需進一步鑑定釐清。這起車禍發生於今天上午9時56分，57歲馮姓女子當時駕駛黑色賓士車，沿惠民路往市政北一路方向直行，36歲蘇男則駕駛小貨車沿市政北二路往惠來路方向行駛，兩車行經惠民路與市政北二路路口時發生猛烈碰撞。請繼續往下閱讀...現場只見賓士車頭嚴重毀損，前保險桿脫落，引擎蓋明顯隆起，內部零件甚至裸露在外，車前並擺放三角錐警示。另一側小貨車則更為慘烈，整輛車直接翻覆，車底朝天、4個輪胎懸空，駕駛座車窗破裂，車內雜物散落一地，地面還可見藍色布料，事故現場一片狼藉。消防局獲報後趕抵現場，蘇男雖意識清楚，仍因身體多處擦挫傷被送往中港澄清醫院救治，馮女則未受傷，警方同步進行交通管制及事故處置，並對雙方駕駛實施酒測，結果均為0，至於相關肇因及責任歸屬，仍需進一步調查釐清。小貨車則是當場翻覆四輪朝天。（民眾提供）    ,https://news.ltn.com.tw/news/society/breakingnews/5538524
東映渡假村案核心幕僚遭收押 吳秀華：尊重司法、配合調查,社會,2026/08/13 13:58,台東縣議長吳秀華。（記者黃明堂攝）台東縣議長吳秀華家族投資的「東映渡假村」開發案持續延燒，台東縣政府農業處日前遭疑涉嫌圖利協助拓寬農路。名列吳秀華服務處助理、實則長期為前縣長吳俊立辦事的邱嘉平遭收押禁見。對此，吳秀華表示尊重司法，並強調將全力配合檢方調查。據了解，邱嘉平長期擔任吳俊立核心幕僚，平時不僅扮演秘書角色隨侍在側，也經常代表吳俊立出席各類公開場合。在東映渡假村農路開發案中，邱女被視為連結吳家與縣府內部的重要人物，檢方認為案情仍有諸多疑點待釐清，且有勾串證人之虞，因此聲請羈押獲准。隨著核心幕僚遭收押，外界也高度關注檢調後續是否會進一步傳訊吳秀華與吳俊立兄妹。請繼續往下閱讀...對此，吳秀華今天回應表示，尊重司法依法偵辦，相信司法會秉持中立、公正原則釐清事實，她也會全力配合檢方調查、釐清案情。    ,https://news.ltn.com.tw/news/society/breakingnews/5538522
國道1號台南永康路段事故占用全線車道 已恢復通車,社會,2026/08/13 13:48,國道1號南下317.7公里台南永康路段2大車2小車事故，全線封閉處理中。（截取自國道路況即時通）國道1號南下317.7公里台南永康路段，今（13）日下午1時許發生2輛大貨車與2輛小型車追撞事故，占用全線車道，目前現場處理中，後方車輛完全無法通行，國道宛如大型停車場，直到下午2時13分排除，恢復通車，後方長達約6公里的回堵車流，逐漸消化。該起事故初步了解為2大車2小車事故，1人輕傷送醫，意識清楚，目前封閉車道進行排除中，詳細事故原因仍待調查釐清。請繼續往下閱讀...事故也造成南下路段一度回堵6公里左右，國道8號也受到影響。國道1號南下317.7公里台南永康路段2大車2小車事故，全線封閉處理中，後方嚴重回堵，國道宛如大型停車場。（截取自國道路況即時通）    ,https://news.ltn.com.tw/news/society/breakingnews/5538521
「4.092元」貪污案！清潔隊員帶廢鍋具回家 自首後檢方求免刑,社會,2026/08/13 13:40,台中地檢署依貪污罪起訴張姓清潔隊員。（資料照）台中市環保局張姓清潔隊員利用職務之便，將民眾丟棄的鍋具、鐵盤等回收物帶回家，經計算竟只值「4.092元」，卻因涉貪污罪近日遭起訴，檢方考量他自首、繳回所得且情節輕微，罕見替他向法院求免刑，也請求從輕量刑或宣告緩刑。經查，張男自2019年起擔任台中市環保局清潔隊臨時人員，負責駕駛資源回收車沿街收運民眾丟棄的資源回收物，2024年3月至11月間，多次趁職務之便，將其中較有價值的鍋具、鐵盤、鍋鏟等挑出，裝袋放在回收車左側下方置物空間，累積一定數量後再帶回住處，「戰利品」包括12支鍋子、1個鐵架、1支鍋鏟、1支勺子及1個鐵盤，總重量12.4公斤。請繼續往下閱讀...而張男並非拿去變賣，而是拿來自家烹飪，甚至將部分廚具重新組裝，製作成自己眼中「創意作品」，但清潔隊沿街收運的資源回收物，必須依規定分類，再送往契約廠商過磅，相關變賣所得也須繳回市府專戶，不能私自占為己有。檢方依環保局統計資源性垃圾標售單價，每公斤0.33元計算，張男侵占12.4公斤，犯罪所得約4.092元，認為張男雖構成貪污治罪條例「侵占職務上持有之非公用私有財物」，但犯罪所得遠低於5萬元，且已自首繳回所得，犯罪動機並非惡劣，財產損害極微，對社會秩序影響有限，加上他素行尚可，應已知所警惕，雖依法起訴，卻也罕見「幫他求情」，請求法院免除其刑，若認僅能減刑，也能從輕量刑並宣告緩刑。    ,https://news.ltn.com.tw/news/society/breakingnews/5538489
東映農路拓寬弊案 吳俊立助手邱嘉平收押禁見,社會,2026/08/13 13:12,吳俊立重要助手邱嘉平昨晚步入台東地檢署畫面。今天中午遭台東地院遭裁定羈押禁見。（記者劉人瑋攝）台東縣議長吳秀華家族投資的「東映渡假村」開發案風暴持續擴大，台東縣政府農業處日前遭疑涉嫌圖利協助拓寬農路弊案。名列吳秀華服務處助理、實則長期為前縣長吳俊立辦事的女子邱嘉平，昨日遭檢方以證人身分傳訊後，因說明避重就輕而被當庭轉列被告並逮捕聲押。台東地方法院今日上午11點半迅速召開羈押庭審理，將近1點，法官採信檢方主張，認定邱女有勾串證人之虞，正式裁准羈押禁見。據檢調掌握的線索，邱嘉平為吳俊立的核心幕僚，平時不僅扮演秘書角色隨侍在側，更經常代表吳俊立出席各類公開場合。在東映渡假村農路開發案中，邱女被視為連結吳家與縣府內部的靈魂人物，但她面對檢方訊問時全程以「一問三不知」回應，並拒絕夜間偵訊。請繼續往下閱讀...檢方考量案情仍有諸多疑點待釐清，且邱女態度極不配合、確有串證之虞，遂當庭將她逮捕並向法院聲請羈押獲准。隨著吳家靈魂幕僚遭收押禁見，後續檢調是否會進一步傳訊吳秀華與吳俊立兄妹到案說明，已成為地方政壇與法界高度關注的焦點。    ,https://news.ltn.com.tw/news/society/breakingnews/5538466
錢櫃員工踩塑膠籃關逃生窗墜樓亡 練台生出庭否認犯罪,社會,2026/08/13 13:05,練台生今出庭否認犯罪。（記者翁靖祐攝）錢櫃台北中華新館吳姓女員工於2023年11月13日晚間輪值時，發現8樓逃生窗未關，從包廂拿出2塑膠籃墊腳欲關窗，但塑膠籃當場破裂，吳女也從8樓墜落身亡，台北地檢署依過失致死罪起訴練台生。台北地院今召開審查庭，練台生出庭否認犯罪，認為本案不符職安法、過失致死構成要件。練台生庭畢受訪僅簡短回應「事實勝於雄辯」、「這是一件小事」。練台生今日開庭，表示「基本上，我沒有犯罪」，後續的答辯全交由委任律師代為回答。練台生的委任律師高奕驤主張，事發當下，被害人拿著2個塑膠籃以「ㄇ」、「ㄈ」的方式堆疊，試圖將8樓陽台的逃生窗關上，最後因此不慎墜樓。請繼續往下閱讀...高奕驤表示，當下並無人指示該名員工關窗，平時也不會有員工去做這樣的事情。他主張，據職安法，高度2公尺以上的作業場所，雇主須設置防護設施，但本案的8樓地面並未超過職安法所規定的離地2公尺，因此不符合構成要件。此外，塑膠籃破裂是無人所預計的情況，屬於意外而非應注意而未注意的過失。責任主體部分，高奕驤指出，錢櫃全台共有18家門市，2000多名員工，採取分層管理，雖然練台生是代表人，但實質上只是登記代表人，門市仍由店長或經理進行實權管理，因此練台生也不符合本案的雇主要件，不能施以刑責相繩。本案告訴人委任律師葉恕宏表示，錢櫃公司能成為全台最大的KTV，基層員工功不可沒，但被告卻在本案偵查期間，指被害人上班時間摸魚，才會去後陽台抽菸等。此外，被告所提出的和解方案，也是精打細算後才提出。葉恕宏指出，大家都知道練台生是成功的企業家，但本件的和解並非談生意，因此希望對方可以再提出更好的和解方案。庭畢以後，練台生接受媒體訪問，他簡短回應「事實勝於雄辯」、「這是一件小事」，由於練台生否認犯罪，因此本案將重新分案，採通常審理程序，全案候核辦。    ,https://news.ltn.com.tw/news/society/breakingnews/5538442
小六女童當街追車「差點摔倒」！ 書包遭丟路旁警追家暴 母喊冤,社會,2026/08/13 12:44,台中1對母女當街拉扯被路人通報家暴。（民眾提供）台中市北區昨（12）日上午一對母女在街頭拉扯，女童甚至數度試圖開車門，疑似阻止母親駕車離去，驚險畫面引發路人報案，警方追查今天聯繫母親後，她坦承因女兒準備升學、課業壓力大，雙方情緒失控曾「出手管教」，但否認毆打，警方確認女童無明顯傷勢，已通報社政單位介入評估。有網友在社群平台發文表示，12日上午行經台體大棒球場門口時，目擊一名婦人不斷拉扯並責罵女童，過程中還將疑似屬於女童的書包丟棄在路旁，隨後準備駕車離去，女童為阻止車輛離開，多次試圖開啟車門差點跌倒，所幸後續有熱心民眾上前關心協助，但「真的很擔心如果回家之後會不會被家暴得更慘」。請繼續往下閱讀...相關影片曝光後，不少網友擔心女童安全，也質疑家長管教方式是否已經逾越合理範圍，轄區第二分局今天說，警方獲報到場時，現場已經無相關人員在場。經調閱現場監視器與行車紀錄器畫面，以車牌聯繫家屬，要求孩童母親到案說明。該名媽媽說，女童目前升六年級準備要考國中，因近來學習功課較為消極，課業壓力較大，身為家長她也感受到蠻大的壓力，情緒較為緊繃，坦承有出手管教，但未毆打小孩，經警方清查，該孩童均無家暴通報紀錄，同時與孩童班導師聯繫，檢視小孩身體外觀，並無任何傷勢。警方表示，全案已通報學校協助關懷，同時依兒少保護機制通報社政單位，由社政單位進一步評估兒少安全及家庭照顧情形，警方亦將配合後續處置。    ,https://news.ltn.com.tw/news/society/breakingnews/5538374
國手變毒梟！ 重病氣切仍遙控體內藏毒運送,社會,2026/08/13 12:44,販毒集團成員把海洛因包裝成小包裝塞在肛門等私密處或吞食方式運回台灣。（雲林地檢署提供）雲林檢警、海巡署偵防分署雲林查緝隊查獲跨海走私海洛因案，查獲曾是冬奧雪車國手的70歲主嫌吳仲洲等14名嫌犯，多次以吞食、塞肛門等人體夾帶及郵寄方式，從柬埔寨、緬甸等地走私高純度海洛因到台灣販售，更令檢警驚訝是吳嫌重病住院仰賴呼吸器維生且無法說話，指揮運毒、銷售等作業都躺在病床靠手機操作，還有嫌犯一次吞塞483公克體內，令承辦檢警直呼簡直不要命！全案偵結起訴具體求刑5年以上至無期徒刑不等。躺病床、戴呼吸器也不罷手！前國手成跨國毒梟被求處無期徒刑請繼續往下閱讀...雲林檢警、雲林查緝隊接獲情資，指有販毒集團在國內招募吸毒及欠錢人員擔任「鴿子」，到柬埔寨、緬甸等地協助運毒回台，經專案小組長時間追查偵辦，在今年1月初成功在機場查獲陳男、林男、賴女等3人，在柬埔寨把海洛因以吞服或塞入肛門、陰道內的方式運回台灣，總計扣得815公克，其中陳嫌一個人就夾帶66小包共483公克。檢方表示，其中陳嫌去年12月底也曾以同樣方式成功走私270公克海洛因回台。檢警調查，集團吳姓主嫌有鑑人體運輸方式被逮，不但沒有收手，竟變招把海洛因壓製偽裝成堅果，在今年3月、5月以食品魚目混珠方式郵寄回台灣，再由其他犯嫌領取後，分裝販售。總計從國外走私4次數量超過2300公克，市值約2300萬元。檢警調查，吳姓主嫌重病，氣切仰賴呼吸器維生，且無法言語，長時間住院，指揮從海外運毒及國內販毒等工作都在醫院病床，透過手機傳訊息方式處理，甚至連要試海洛因的純度也在醫院。全案雲林地檢署偵查終結，依組織犯罪、販毒及走私等罪嫌起訴，其中吳姓主嫌因多次跨國運毒、販毒，楊嫌及其中國籍杜姓女友犯後態度不佳，否認犯罪，3人具體求刑無期徒刑；李嫌協助吳嫌運毒及販賣超過10次、胡嫌、陳嫌協助領取包裹且集團擔任要角，3人求處有期徒刑15年；林嫌7人參與犯案求處有期徒刑8年；李嫌雖犯案但否認運毒，求處5年有期徒刑。販毒集團成員把海洛因包裝成小包裝塞在肛門等私密處或吞食方式運回台灣。（雲林地檢署提供）販毒集團還將海洛因壓成偽腰果以食品魚目混珠郵寄回台。（雲林地檢署提供）雲林檢警及海巡署雲林查緝隊聯手偵破跨海以人體運毒、郵寄海洛因及販毒集團。（雲林地檢署提供）    ,https://news.ltn.com.tw/news/society/breakingnews/5538426
高雄女騎士失控自撞燈桿 連人帶車摔4米深溝搶救不治,社會,2026/08/13 12:18,機車女騎士不明原因失控，擦撞路旁燈桿及護欄後，連人帶車摔落近4公尺深溝，送醫搶救仍宣告不治。（警方提供）高雄市旗山區旗文路昨（12）日發生自撞奪命車禍，一名機車女騎士不明原因失控，擦撞路旁燈桿及護欄後，連人帶車摔落近4公尺深溝，警消將她救起送醫，仍因傷重宣告不治。旗山警分局初步調查，事故發生在12日下午3點多，當時女騎士沿著旗文路行駛，至永和186號燈桿前，疑因不明原因先擦撞路邊燈桿及護欄後倒地，並摔落約4公尺深溝，物品散落一地。請繼續往下閱讀...警消獲報立即出動人車前往救援，將受困深溝女騎士救起後送醫搶救，但仍因傷重宣告不治，家屬接獲噩耗後趕往醫院處理後續事宜。旗山分局表示，目前初步研判為女騎士不明原因自撞，詳細事故原因及責任歸屬仍待警方進一步調查釐清。    ,https://news.ltn.com.tw/news/society/breakingnews/5538392
貨物上國道沒捆牢 最高罰1.8萬元「處理費另算」,社會,2026/08/13 12:16,高公局提醒，載運貨物貨車行駛國道要注意貨物固定。（高公局提供）近幾個月國道陸續發生載貨貨車上的貨物散落路上的事件，造成嚴重車禍、塞車回堵。交通部高速公路局今天（13日）指出，貨物散落最高可處1.8萬元罰鍰，若散落物由高公局協助處理，處理費以封閉車道數及處理時間計算，由駕駛人或汽車所有人負擔。5月6日晚間，國道3號北向194公里處，1輛半拖車因不明原因爆胎，胎皮散落於中線及外側車道，致後方21輛車閃避不及發生碰撞事故；7月25日上午，國道3號北向154公里處，一輛裝載植物大貨車駕駛疑似操作不當，撞擊內側護欄後翻覆，導致車上貨品散落。請繼續往下閱讀...還有在今年7月28日上午，國道1號南向144.6公里處，一輛小貨車因不明原因起火燃燒，歷時1小時9分鐘完成車輛拖吊及清掃工作，車輛回堵約1公里。依據「高速公路及快速公路交通管制規則」第21條第1項第1款規定，貨車行駛高速公路，裝載貨物應嚴密覆蓋、捆紮牢固，違者可依「道路交通管理處罰條例」第33條第1項第11款，處駕駛人3000元到6000元罰鍰。若所載貨物滲漏、飛散、脫落或掉落，更可依同條例第30條第1項第2款，處駕駛人3000元到1萬8000元罰鍰。另依「國道散落物處理收費要點」，散落物由高公局協助處理者，處理費以封閉車道數及處理時間予以計算，且由駕駛人或汽車所有人負擔。高公局呼籲，國道散落物對高速公路行車安全威脅甚鉅，極易引發二次事故，貨運業者及駕駛人於中元節運輸需求旺季，車輛出發前應落實車輛「五油三水」檢查，確認貨物已依規定平均放置，並使用足夠強度的綑綁帶、防護網或帆布等設備加以固定，避免貨物因煞車、轉彎或行駛震動而移動或掉落。高公局提醒，載運貨物貨車行駛國道要注意貨物固定。（高公局提供）    ,https://news.ltn.com.tw/news/society/breakingnews/5538375
北市松山區禮服酒店 50歲男倒臥現場呈屍僵,社會,2026/08/13 12:09,台北市松山區復興北路一間禮服酒店「金荷會館」，今日上午傳出一起死亡案件。53歲的李姓男子被發現倒臥在店家5樓房間內，救護人員獲報趕抵檢視時，發現男子身體已經全身僵硬、明顯死亡多時，因此未再送醫搶救。轄區警方隨即封鎖現場採證，詳細死因以及事發經過仍有待檢警進一步相驗釐清。據了解，李男昨日和朋友前往該酒店消費，李男喝得醉醺醺，最後倒在包廂熟睡，友人先行離開後，酒店幹部讓李男在包廂繼續休息，未料一直到上午發現李男都沒有動靜，查看下才驚覺李男已經身亡，通報警消，目前檢警持續調查釐清死因。    ,https://news.ltn.com.tw/news/society/breakingnews/5538369
驚悚畫面曝！台中婦騎YouBike路口「直接左切」 遭貨車猛撞噴飛亡,社會,2026/08/13 11:53,婦人騎YouBike行經路口時，突然從慢車道往左切。（民眾提供）台中市南區今天清晨發生死亡車禍，現場監視器畫面曝光，一名82歲張姓婦人騎乘YouBike行經路口時，疑似未依規定進入待轉區，突然從慢車道往左切，橫跨車道之際，遭同向直行貨車迎面撞上，整個人瞬間被撞飛重摔路面，傷勢嚴重，送醫搶救仍宣告不治。事故發生在今天（13日）清晨6時11分許，地點為復興路與民生路口，從曝光畫面可見，張婦原本騎在復興路慢車道，接近路口後逐漸偏移準備左轉，此時同向一輛由50歲謝姓男子駕駛的小貨車，正行駛在復興路內側快車道，雙方瞬間發生碰撞，張婦連人帶車遭強大撞擊力道拋飛，重重摔落路面。請繼續往下閱讀...警消獲報趕抵時，張婦已失去呼吸、心跳，立即施以急救並送往台中醫院搶救，仍因傷重不治，謝男則未受傷，經警方檢測無酒駕、毒駕情事，經查，該路口設有兩段式左轉標誌及待轉區，張婦疑直接由慢車道左轉，未依規定進行兩段式左轉，詳細肇事原因仍須進一步進行事故分析鑑定釐清。警方指出，依道路交通管理處罰條例第73條第3項規定，慢車駕駛人不依規定轉彎、超車、停車或通過交岔路口，可處300元以上、1200元以下罰鍰。婦人橫跨車道之際，遭同向直行貨車迎面撞上。（民眾提供）雙方碰撞瞬間。（民眾提供）發生死亡車禍現場。（民眾提供）    ,https://news.ltn.com.tw/news/society/breakingnews/5538343
高雄港14小時內連兩起車禍  聯結車擦撞隧道又輾傷婦人,社會,2026/08/13 11:45,高雄港驚傳車禍，1人受傷送醫。（讀者提供）高雄港從昨天晚間到今天上午，在14個小時內發生2起車禍。先是1輛聯結車故障失速擦撞過港隧道牆壁，無人受傷；然後另輛聯結車在71號碼頭輾過李姓婦女腳部，導致疑似骨折，所幸無生命危險。昨（12）日晚間7點多，1輛聯結車在高雄港過港隧道旗津往前鎮方向，疑因故障失去動力倒車滑行，刮損隧道牆壁磁磚，警方獲報到場，聯結車已離開，已調閱監視器畫面追查，待確認車籍與駕駛人資料後，依規定舉發。請繼續往下閱讀...今（13）日上午9點多，薛姓男子駕駛聯結車在高雄港71號碼頭左轉過程，未注意李姓婦女正在打掃地面，將她撞倒後輾過腳部，疑似骨折，高雄港消防隊出動1車3人到場搶救，所幸李婦意識清醒，將她送醫治療；確切肇事原因及責任歸屬有待警方調查。聯結車在高雄港過港隧道故障失速擦撞牆壁。（讀者提供）    ,https://news.ltn.com.tw/news/society/breakingnews/5538327
「救命錢不見了！」台東阿公急報案 警尋寶挖出逾10萬私房錢,社會,2026/08/13 11:31,警方協助翻箱倒櫃找錢。（記者黃明堂翻攝）「警察先生，我的救命錢不見了啦！」台東一名獨居阿公日前神色慌張地跑向派出所報案，聲稱家裡遭了小偷，放在房間裡的積蓄一夜之間不翼而飛。豐里派出所警員周晉毅與許汶慈接獲報案後不敢大意，火速趕往現場，調閱周邊所有監視器，卻找不出賊影，於是協助他在家中翻箱倒櫃，結果在多處找出10多萬元鈔票，原來是私房錢藏太好，自己都忘了。警方查案看現場門窗絲毫沒有被破壞的痕跡，門口監視器更是靜悄悄，別說賊影，連隻貓都沒溜進去。兩位員警對視一眼，經驗豐富的他們頓時心領神會——這恐怕不是遭遇了狡猾的神偷，而是阿公自創的「極限藏錢術」連自己都攻不破！請繼續往下閱讀...為了化解這場驚魂記，員警瞬間切換模式，從緝兇嚴肅的偵探變成了溫柔的「家中考古隊」。兩人一邊輕聲細語撫平阿公緊張的心情，一邊化身助手陪阿公開展「尋寶大作戰」。從衣櫃最深處的舊夾克口袋、藏在角落的餅乾盒，到抽屜縫隙與雜物堆，員警們發揮地毯式搜索的功力，不放過任何一個可疑角落。隨著員警手起燈落，先是傳來一聲驚呼：「找到了！」接著就像打開藏寶箱一樣，陸續從屋內各個「神祕基地」挖掘出一疊疊厚厚的鈔票。清點下來，總金額竟然高達10多萬元！阿公看著桌上擺得滿滿的鈔票，這才猛然想起這是自己平時陸續藏起來的「私房錢」，只是年紀大了，藏得太隱密連自己都給忘得一乾二淨。看著辛苦攢下的生活費一分不少、原封不動地重見天日，阿公終於破涕為笑，不好意思地直拉著警察的手道謝，直呼這場「烏龍失竊案」幸好有這群細心又耐心的「尋寶警察」相助，才沒讓自己嚇白了頭。老翁終於找到私房錢，拿在手上真開心。（記者黃明堂翻攝）    ,https://news.ltn.com.tw/news/society/breakingnews/5538292
往死裡打！小吃部店員遭3男客圍毆爆頭慘死 檢警今相驗,社會,2026/08/13 11:28,檢警今天相驗所拿的證物球棒呈現彎曲、凹陷。（民眾提供）彰化縣田尾鄉一處小吃部10日發生命案，1名店員慘遭3名男子爆頭慘死，3男被警方循線逮獲後裁定羈押；檢警今天（13日）會同死者家屬在彰化市立殯儀館相驗，警方帶同當天嫌犯涉嫌行兇的證物到場，球棒已變形，懷疑嫌犯等人持酒瓶、球棒往死裡打，造成店員送醫不治；檢方相驗後指出已解剖完畢，將待正式的解剖報告出爐後才能釐清死因。10日凌晨有3名男子到田尾鄉小吃部歡唱，席間疑似與店員發生口角，店員慘遭3人持酒瓶、球棒圍毆，當場血流不止陷入昏迷，送醫不治。警方獲報循線在附近汽車旅館將3人查獲到案，檢方訊後依殺人等罪聲押禁見，彰化地院裁定羈押。請繼續往下閱讀...檢警今天在彰化市立殯儀館相驗，店員的親屬也都到場，並未受訪發表意見，僅透過禮儀社表示將於今天下午招魂；警方則帶著3嫌涉嫌行兇的酒瓶、球棒等證物到場協助釐清案情，球棒疑似打到彎曲、凹陷；檢方在長達1個多小時的相驗後指出，死者已解剖完畢，將待正式的解剖報告出爐後才能釐清死因。彰化地檢署檢察官表示解剖報告出爐才能釐清死因。（民眾提供）警方持球棒、酒瓶等證物到場協助相驗。（民眾提供）發生命案的小吃部。（資料照）小吃部店員送醫急救仍告不治。（資料照）    ,https://news.ltn.com.tw/news/society/breakingnews/5538308
「珠寶老鼠會」詐29名軍警2600萬 12受害人涉洩密慘遭起訴,社會,2026/08/13 11:18,黃姓女子成立「富玉有限公司」，招募另名黃姓女子等多人組成詐騙集團，引誘29名軍官士兵與警員投資投資，詐得犯罪所得逾台幣2600萬元。（金山警分局提供）基隆地檢署今天（13日）宣布破獲一起專騙軍、警的女詐騙集團案，查出黃姓女子夥同阮姓男子成立「富玉有限公司」，招募另名黃姓女子等多人組成詐騙集團，專門挑選男軍士官、與警員為目標，並以「投資珠寶手鐲可送蘇富比拍賣獲利」為誘餌，佯稱高額回報，藉此詐騙全台各地29名軍士官、與警員，犯罪所得逾台幣2600萬元；其中，竟有12名被騙軍士官、與基層警員為求快速回本，不惜洩露職務上取得的個資給詐團「拉下線」。檢警調查，30歲黃女招募黃女與多名未落網共犯擔任業務，利用軍警人員「信用好易貸款」、「遭詐後因身分顧忌不敢報案」以及「容易信賴同儕」等心理弱點，藉故邀約被害人見面後，以虛構的珠寶增值與國際拍賣獲利話術，誘騙被害人向金融機構辦理高額信用貸款購買昂貴手鐲，甚至私下傳授如何規避銀行貸放審查的規避話術。請繼續往下閱讀...黃女等人為了拖延被害人發現受騙的時間，還搭配銷售每組3萬至5萬元的廉價「翡翠套組」，佯稱可協助代銷轉售，並定期的發放小額款項給被害人，製造獲利假象，使被害人不疑有他。隨著投資客詢問拍賣進度，黃女等人便以「老鼠會」詐騙手法，騙稱「若能提供新客戶聯繫方式，可獲得優先加速銷售」，多名受騙軍士官、警員為求盡快還款獲利，濫用職權查詢或利用職務機會取得同袍及民眾個資提供給詐團，讓詐團得以精準鎖定下一波目標。全案共計29人受害，總詐騙金額逾2600萬元，部分被害人至今仍背負龐大信貸無法清償。案經檢察官吳季侖指揮金山分局偵辦，在黃女的手機內發現大量軍警個人資訊後，後擴大追查，再指揮新北市警局督察室、嘉義市警局督察室及調查局國安站溯源追查，才將這起詐團一網打盡。檢方認定，黃女等2人利用「信用好易貸款」、「遭詐後因身分顧忌不敢報案」心理弱點坑殺軍警，甚至誘使被騙軍、警違法洩密，惡行極為重大，針對黃女等2人共涉犯29次加重詐欺犯行，分別求刑4年8月、與2年6月徒刑。至於，阮男則另案起訴。此外，12名涉案軍士官與警員，則因提供他人個資給詐團，則依涉違反個人資料保護法「公務員假借職務上機會非法利用個人資料罪」，及刑法「公務員洩漏國防以外秘密罪」等罪起訴。基隆地檢署主任檢察官黃聖呼籲，標榜「保證獲利」、「穩賺不賠」的方案必有詐，民眾切勿輕信；公職人員更應恪遵法令與保密義務，切莫因一時利慾昏心而觸犯法網。黃姓女子成立「富玉有限公司」，招募另名黃姓女子等多人組成詐騙集團，引誘29名軍官士兵與警員投資投資，詐得犯罪所得逾台幣2600萬元。（金山警分局提供）黃姓女子成立「富玉有限公司」，招募另名黃姓女子等多人組成詐騙集團，引誘29名軍官士兵與警員投資投資，詐得犯罪所得逾台幣2600萬元。（金山警分局提供）基隆地檢署宣布偵破偵結，專騙男軍、警的女子詐騙集團案，將黃女等2人依共涉犯29次加重詐欺犯行，分別求刑4年8月、與2年6月徒刑。（記者林嘉東攝）    ,https://news.ltn.com.tw/news/society/breakingnews/5538282
雨天打滑自撞護欄……下車查看再被追尾！台74線「二次車禍」釀2傷,社會,2026/08/13 11:13,白色轎車車尾被撞爛。（民眾提供）台中市今天清晨突下大雨，林姓男子駕駛白色轎車行經台74線西屯路段時，疑因雨天路滑自撞護欄，停在匝道槽化線後下車查看車損，沒想到下一秒又遭後方黑色轎車猛烈追撞，2車嚴重毀損，林男被撞倒、劉男一度受困車內，雙雙送醫救治，所幸均無生命危險。這起事故發生在今天（13日）清晨6時4分許，地點位於西屯區台74線快速道路14.3K處，當時台中降下大雨，44歲林男駕駛白色轎車行駛外側車道，疑因路面濕滑，車輛失控偏移，先撞上路旁護欄。請繼續往下閱讀...林男事故後將車輛停在匝道槽化線上，隨即下車走到車頭查看車損，未料才剛下車，後方60歲劉姓男子駕駛的黑色轎車直接撞上白車車尾，猛烈撞擊不僅造成2車嚴重受損，林男也遭自己的車輛撞倒，現場險象環生。消防局獲報後，立即派出5車11人趕往救援，林男左側頭部、左膝、右手肘及左側臀部等處受傷，意識清楚；劉男則一度受困駕駛座，消防人員使用器材協助脫困後，發現他有左肩疼痛、鎖骨骨折情形，所幸意識仍清楚。兩人隨後均被送醫救治。警方初步調查，林男酒測值為0，劉男因受傷狀況當下無法完成酒測，警方已報請檢察官核發鑑定許可書，警方將調閱行車紀錄器及沿線監視器，進一步釐清肇事原因及責任歸屬。黑色轎車也受損嚴重。（民眾提供）    ,https://news.ltn.com.tw/news/society/breakingnews/5538285
前核二廠長曾文煌涉貪判7年 再爆5採購案收賄逾千萬遭起訴,社會,2026/08/13 11:10,"檢調發現曾文煌任副廠長期間另涉「第二熱沉採購案」等5起採購弊案，並與時任機械組經理陳聰德等5人，收受廠商郝致衡1010萬250元賄款。台北地檢署今日偵結，依違反貪污治罪條例等罪，將曾文煌等6人起訴。（資料照）台電核二廠前廠長曾文煌日前才因收賄被台北地方法院判處7年有期徒刑，但檢調在追查時，發現曾文煌任副廠長期間另涉「第二熱沉採購案」等5起採購弊案，並與時任機械組經理陳聰德等5人，收受廠商郝致衡1010萬250元賄款。台北地檢署今日偵結，依違反貪污治罪條例等罪，將曾文煌等6人起訴。檢廉查出，廣承公司負責人郝致衡2018年某日，與時任副廠長的曾文煌抽菸時向對方表示，「我有賺錢都有你好處」相約，郝若能成功拿到採購案時，會拿出特定金額致謝，藉此行賄，並請其驗收時放水。請繼續往下閱讀...郝男行賄人員分別為時任副廠長（後升為廠長）曾文煌、前機械組經理（現為副廠長）陳聰德、修配組經理劉水苔（現為機械組經理）、修配組課長（現為該組經理）宋俞、修配組課長朱景宏。從副廠長、下至經理及課長相關審核人員通通都有。廣承公司則從2018年至2022年間陸續取得「第二熱沉」、「電動閥馬達」、「波紋管」、「主汽機等備品及管閥備品」、「濾袋」等5件採購案。總金額高達1億2599萬，共拿出1010萬250元賄款給曾男等6人。曾文煌等人則將錢帶回家或存入帳戶，檢廉在偵辦2024年廠區3個標案時，揪出曾男等早於2018年就與郝致衡勾結。檢察官調查後，認定曾文煌等6人，涉犯貪污治罪條例，今依法提起公訴，並移請台北地方法院審理。曾文煌另涉「減容中心焚化爐控制系統更新」、「SCADA主機」、「自動化濕式噴砂除汙設備」標案收賄220萬部分，上個月被台北地方法院依違反貪污治罪條例中的不違背職務收賄罪，判處7年徒刑，褫奪公權4年；郝男則被依行賄罪，判處1年6月，褫奪公權2年，緩刑4年，須支付公庫200萬元，全案目前由高院審理中。    ",https://news.ltn.com.tw/news/society/breakingnews/5538275
​點帳單網址先填個資？ 警提醒「可疑帳單」特徵,社會,2026/08/13 11:08,台南男收先買後付假帳單催繳，點連結竟要信用卡號。他急奔警局求助，警方秒識破釣魚網站，成功攔阻。（圖由民眾提供）收到「先買後付」郵件小心有詐！陳姓男子前天接獲不明信件，對方以訂單為由要求支付1萬6194元。他點開連結發現要填寫信用卡等個資，嚇得急奔警局求助。警方提醒類似的詐騙釣魚郵件，最大特徵都是利用民眾的恐慌感，切記保持冷靜，向警方求證。​陳男向警方指出，電子郵件自稱由Bork日渡公司寄出，排版幾可亂真。信件主旨為「先買後付訂單通知」，要求儘速結清1萬6194元。陳男起初以為是遺忘的網購帳單，便直接點擊附帶的連結。然而，跳出的網頁不只要求確認金額，還進一步要求填寫通訊地址、銀行帳號、身分證字號，甚至必須輸入信用卡號等敏感資料。面對這些要求，他才驚覺事態有異。請繼續往下閱讀...​陳男擔心落入詐騙圈套，立刻停止輸入資料，火速趕往台南警三分局安中派出所報案。值班的林姓與吳姓員警查看陳男手機裡的電子郵件及網頁畫面後，確認這就是用來騙取個資與金錢的釣魚網站。員警向陳男分析詐騙集團的慣用手法，並明確告知絕對不能再點擊該網站，也千萬別送出任何資料。經過警方的詳細解釋與及時攔阻，陳男才徹底放下心來，沒有讓詐騙集團得逞。​警方說明，釣魚信件常利用民眾害怕帳單逾期的心理，刻意製造緊張感誘使人上當。一旦詐騙集團取得銀行帳號或信用卡資訊，就會立刻盜刷，或將被害人帳戶變成洗錢人頭戶。三分局強調，民眾若收到付款、帳務異常或訂單通知等訊息，務必保持冷靜。只要遇到點擊陌生連結或要求填寫金融資料的情況，都應先向官方查證，或撥打165反詐騙專線確認，切勿輕易上當。    ,https://news.ltn.com.tw/news/society/breakingnews/5538273
桃園KTV酒後互毆 男子不滿友人調戲女友爆衝突,社會,2026/08/13 11:05,消防隊員為鬥毆受傷的唐姓男子包紮傷口。（圖由警方提供）桃園市李姓男子12日凌晨3點多，與唐姓男子等友人前往桃園區一處KTV唱歌喝酒，過程中李男不滿唐男調戲他的女友，爆發肢體衝突，唐男甚至被打得頭部撕裂傷，還好警方獲報迅速趕抵制止雙方，才避免衝突擴大，事後已依傷害、恐嚇罪嫌追究雙方刑責。警方說，26歲李男、唐男與友人相約前往KTV唱歌喝酒，酒後發生衝突，甚至不顧其他友人還在一旁，就激烈互毆，KTV員工發現後，趕忙通報桃園警分局武陵派出所，警方隨即啟動快打部隊，10名警力3分鐘抵達KTV，迅速壓制鬥毆的李男、唐男，同時約束在場所有人，避免衝突擴大。請繼續往下閱讀...李男供稱，唱歌喝酒的過程中，唐男調戲他的女友，他不滿才爆發衝突；警方說，互毆的2人分別受傷，其中唐男傷勢較嚴重、頭部有撕裂傷，2人現場就逮後，先送醫治療，警方後續再依傷害、恐嚇等罪嫌將2人送辦。    ,https://news.ltn.com.tw/news/society/breakingnews/5538270
所長遭拖撞致死 女毒蟲陳嘉瑩同意延押,社會,2026/08/13 10:58,女嫌陳嘉瑩。（記者楊心慧攝）新北市土城警分局清水派出所前所長劉宗鑫，2024年9月遭女毒蟲陳嘉瑩冷血開車拖撞護欄殉職，一審新北地院國民法官庭依殺人罪嫌判其死刑。案經上訴，由於陳女的羈押期將於9月1日期滿，高等法院今開訊問庭，陳女同意繼續延押。時任清水所長劉宗鑫2024年9月30日帶隊巡邏，發現陳女駕駛權利車違停在新北地檢署偵查大樓外的紅線，劉上前盤查，陳女假意配合，隨後踩油門逃跑，劉抓住方向盤阻止，陳女不管他的手仍在車內，竟直接拖行狠撞路中的捷運工程護欄，劉員重傷倒地失去生命徵象，送醫不治。請繼續往下閱讀...判決書提到，陳女經司法精神鑑定時，曾對被害人死亡一事表示：「不是我的家人，所以我不難過」等語，新北地院國民法官庭認為，陳女犯後態度難認有悔意；合議庭判定，無期徒刑不足以反映本案犯罪惡性，與對社會秩序的衝擊，因此判處死刑。陳女不服判決，提起上訴，陳女對於殺人罪不認，主張是傷害致死。由於陳女羈押期限將於9月1日屆滿，高院今開訊問庭，陳女同意延押。檢察官主張陳女羈押原因未消滅，建請續押。法官諭知待合議庭評議後裁定是否延押。    ,https://news.ltn.com.tw/news/society/breakingnews/5538261
兩瓶水曝光連環竊案！保全壓制鴨舌帽男、滿包贓物露餡,社會,2026/08/13 10:44,胡男昨天在台南百貨偷兩瓶礦泉水遭逮，警方清查背包驚見大批行動電源與飾品，意外曝光他連犯三起竊案，全案依竊盜罪嫌送辦。（民眾提供）偷兩瓶水意外曝光連環竊案！戴著鴨舌帽的30多歲胡姓男子，昨傍晚在台南某百貨偷礦泉水遭保全攔下，五分局員警到場清查隨身物品，赫然發現包包裝滿來歷不明的行動電源與飾品，查出胡男連犯三起竊案，全案依竊盜罪嫌送辦。​警方調查，8月10日下午1時許，胡男先在北區育德路上一家3C用品店犯下首案，趁店員未注意之際，順手牽羊竊走4個行動電源及1個隨身音箱，將贓物藏匿於隨身包包內，從容離開現場，店家當下並未察覺異狀，胡男成功得手。請繼續往下閱讀...​胡男得手後食髓知味，不到兩小時內，同日下午3時許再度轉戰附近連鎖百貨公司，他進入一間服飾配件專櫃，鎖定小巧商品下手，接連竊取3組耳環、1枚戒指及2個短夾，將贓物全數帶在身上，連續犯下兩案均未被識破，便帶著滿包贓物繼續閒逛。​胡男犯案後未銷贓，而是將失竊物品隨身攜帶，直到昨天下午4時許，前往同一家連鎖百貨公司，為竊取2瓶礦泉水露出馬腳，遭賣場保全發現並控制行動。​胡男坦承身上的物品全是這幾天在不同店家竊取而來，員警在現場完成贓物清點與指認程序，並將贓證物全數查扣。    ,https://news.ltn.com.tw/news/society/breakingnews/5538246
東隆宮廟埕母子互飆罵 警帶回警局「冷靜」,社會,2026/08/13 10:38,東港東隆宮的黃金牌樓。（資料照）家家有本難念的經！屏東東港東隆宮的「祭改」將暫停長達1個月，昨天疑似有1對母子在晚間前來參拜、祭改，卻因前已有嫌隙，媽媽在東隆宮前大飆罵兒子，路人見到婦人已接近歇斯底里趕緊報警，警方到場是阻止媽媽靠近小孩，隨後將小孩帶回家，並請媽媽駕車到派出所，分隔兩造「冷靜」後，再由其它家屬領回家。今天農曆七月初一，在傳統上有民俗月「鬼門開」習俗，東港東隆宮的「祭改」也將暫停整個農曆七月，因此，許多的信徒在這幾天趕在「鬼門開」前，特地到東隆宮「祭改」、「淨車」，就為祈求平安，希望順遂渡過民俗月，由於最晚是到晚上10點，因此昨天直到深夜都還不斷有民眾前來祭改，可說是越夜越熱鬧。請繼續往下閱讀...不過，這對母子卻在東隆宮廟埕上演管教戲碼，據目擊民眾說法，該名女子和其子在廟埕不知為何開始大吵，由於媽媽的已接近歇斯底里是不斷大罵，引來熱心路人報警，接著警方多名警力到場，1名男警維護男童，另外2名男警則是前去阻擋媽媽暫時與小孩分隔，媽媽依舊直說「我又沒有怎樣」，警方則是回應她「不要讓事情變得更複雜」。警方強調，該案為42歲的張姓女子，管教其10歲的兒子時一時情緒失控，經警方將母子帶返所安撫情緒，待女子情緒恢復平靜後，通知家屬將母子帶回，警方到場時，現場媽媽並未動手進行管教，但仍依法通報社政單位了解。原本網路風向一面倒向兒子，且因當時張女的女兒也在場旁觀，認為這是最不好的示範，甚至有人大酸「不會教就不要生」，不過，隨著有網友發現，同樣的這對母子早在鎮內另間藥局買藥時，媽媽就已有不斷斥責兒子「不要再玩了」，甚至出現互相推打情事，而兒子也以單字的國罵飆罵母親。對此，屏東縣政府社會處指出，有關民眾舉報於東港東隆宮發現親子嚴重爭執，涉及不當管教案件，縣府相當重視，已於今天上午派東港社福中心社工訪視調查，介入關懷。    ,https://news.ltn.com.tw/news/society/breakingnews/5538239
高雄12樓建築凌晨失火 1男子疑吸入濃煙送醫,社會,2026/08/13 10:31,高雄12樓建築凌晨失火，1男子疑吸入濃煙送醫。（民眾提供）高雄市新興區尚義街一棟12層樓建築，今（13）日凌晨1時52分突然發生火警，消防局出動10車25人前往搶救，因1樓餐廳燃燒廚具及雜物，濃煙嚇壞住戶，紛紛疏散，所幸工作人員自行撲滅火勢，現場1名男子（約50歲）疑被濃煙嗆傷，但無外傷且意識清醒，由救護車送醫檢查，起火原因仍待調查、釐清。    ,https://news.ltn.com.tw/news/society/breakingnews/5538229
恐怖女婿狂掌摑岳母、禁錮還放火 二審維持8年8月徒刑,社會,2026/08/13 10:25,桃園市蘆竹區61歲鄭姓男子與高齡岳母長期不睦，去年7月間掌摑岳母20多下，更持鐵鎚及釘子將她臥室房門釘死，隨後朝室內縱火企圖索命。（本報製圖）桃園市蘆竹區61歲鄭姓男子與高齡岳母長期不睦，去年7月間掌摑岳母20多下，更持鐵鎚及釘子將她臥室房門釘死，隨後朝室內縱火企圖索命，所幸妻子及時發現要求滅火，未釀成悲劇。桃園地方法院審理後，認定鄭男行徑惡劣且具有明確殺人意圖，依殺人未遂罪判處8年徒刑，另犯傷害等罪判處8月徒刑、得易科罰金。案經上訴，高等法院今駁回上訴，維持8年徒刑及8月徒刑判決。判決指出，鄭男於去年7月21日晚間因故與岳母爭吵，而動手掌摑岳母臉頰20多下導致受傷，隔日中午趁岳母在房內休息時，持鐵鎚、釘子將其臥室房門釘死，剝奪其行動自由，同日下午，鄭男見岳母試圖持螺絲起子鑿孔脫困後，竟用汽油沾濕紙張點火塞入洞口，導致臥室火勢延燒，所幸妻子見狀哭求，鄭男才持滅火器撲滅火勢。請繼續往下閱讀...蘆竹警分局南崁派出所接獲報案逮捕鄭男帶回派出所留置時，鄭男還在拘留室內徒手破壞監視器，經警方訊後移送桃園地檢署偵辦，檢察官調查時，從鄭男手機通訊軟體發現他曾傳送「沒有把人燒死在裡面我還是不甘心」、「想把她幹掉了」等訊息，足見其主觀上具有殺人犯意，偵結依殺人未遂、傷害、毀損公物等罪嫌起訴。桃園地院審理認為，鄭男身為受害人女婿，只因故對岳母心生不滿，而為掌摑傷害及縱火殺人未遂行為，無視他人生命安全，也對公共危險影響非輕，另被捕後還破壞派出所監視器，所為應予非難，近日審結依殺人未遂罪將他判處8年徒刑，傷害及毀損公物部分應處8月徒刑、得易科罰金。案經上訴，高等法院今駁回上訴，維持殺人未遂罪8年徒刑、傷害罪8月徒刑。    ,https://news.ltn.com.tw/news/society/breakingnews/5538210
協尋人口深夜現身高雄街頭  警員與實習生助返家,社會,2026/08/13 10:16,員警及實習生協助迷途蔡男返家。（民眾提供）高雄市鳥松區前天深夜11時許，一名男子在道路上赤腳徘徊，精神恍惚，員警與實習生上前關懷，確認他是45歲蔡姓協尋人口，隨即將他帶返派出所，協助聯繫家人，蔡男家屬對員警稱謝不已。仁武警分局大華派出所員警林奕辰、吳秉勳，與實習生吳奕緯巡經鳥松區球場路與山腳路口時，看蔡姓男子精神狀態不佳，蔡男於當日下午4時許遭家屬通報一般協尋人口，原來蔡男下午獨自出門散步，惟路況不熟不慎迷途。請繼續往下閱讀...員警為確保其安全，先將蔡男帶返派出所休息，並聯繫家屬確認身分，同時協助辦理撤尋相關程序，順利協助蔡男平安返家。    ,https://news.ltn.com.tw/news/society/breakingnews/5538203
身障兒猝逝...86歲老父「不知要報警」棄屍埔心溪 檢查明原委建請法院從輕量刑,社會,2026/08/13 10:07,86歲老翁被移送法辦後，檢方諭知3萬元交保。（資料照） 與60歲罹患小兒麻痺及智能障礙兒子同住的桃園市86歲黃姓老翁，今年2月間發現躺在床上的兒子全身冰冷僵硬已死亡，因不知如何處理，竟以手推車將兒子遺體載往溪邊丟棄，直到家人發現人無故失蹤報案才曝光。桃園地檢署檢察官偵結，認老翁涉犯家庭暴力之遺棄屍體罪嫌，向法院聲請簡易判決，並建請從輕量刑並予以緩刑機會。老翁有3個兒子，平時他跟60歲身心障礙兒子同住桃園市蘆竹區，就近照顧孩子生活起居，今年2月20日晚間，老翁發現躺在床上的兒子已無呼吸心跳、身體冰冷僵硬，不知如何是好，竟於隔天晚間7點多，將兒子遺體放入手推車，從自家巷口一路推到附近橋邊，奮力將兒子遺體抱出後，從橋面欄杆縫隙推入溪中。請繼續往下閱讀...直到22日家人發現黃男無故失蹤，詢問老翁，老翁語出驚人說「人死了丟到溪邊」，家人連忙向轄區警方報案，警方隨後在埔心溪發現黃男遺體，經檢視衣著完好且無外傷，老翁被移送法辦後，檢察官諭知3萬元交保。老翁在警訊及偵訊時均坦承不諱，並有監視器畫面、相驗證明書、檢驗報告、法醫解剖報告等事證，檢方認老翁涉犯家庭暴力之遺棄屍體罪嫌，近日偵結向法院聲請簡易判決。審酌老翁於行為時已逾80歲，且無前科紀錄，偵訊時稱「因沒有與其他兩個兒子同住，我也不知道要通知警察」等，建請法院從輕量刑，並給予緩刑機會。86歲老翁將驟逝的兒子棄屍埔心溪。（記者鄭淑婷翻攝）    ,https://news.ltn.com.tw/news/society/breakingnews/5538160
設局私刑凌虐「小蜜蜂」逼簽本票 毒販收押禁見,社會,2026/08/13 10:06,暴力販毒集團成員（左）拿鋁棒打被害人（右）臀部。（警方提供）嘉義市警察局破獲暴力販毒集團，拘提主嫌陳姓男子等7人到案，該集團平日於嘉義縣市販毒牟利，以暴力、毒癮控制旗下毒品小蜜蜂，並涉嫌私刑拘禁及凌虐被害人逼迫簽立本票，陳嫌等人被依組織犯罪防制條例、加重私行拘禁及恐嚇取財等罪嫌移送嘉義地檢署，陳嫌遭法院收押禁見。嘉義市警局刑警大隊副大隊長黃舜祥表示，綽號「豪ㄟ」的25歲陳嫌擔任販毒集團高層俗稱「養蜂人」，以暴力、恐嚇及毒癮控制旗下「小蜜蜂」蔡男，日前因心疑蔡男擅自施用欲販賣毒品，於是率眾將蔡男押回公司後持鋁棒毆打。請繼續往下閱讀...此外，陳嫌因毒品交易涉及多起暴力犯罪，更以栽贓藥腳搶奪其毒品名目，聚眾強押被害人至KTV，持棍棒及老虎鉗痛毆，強脫其衣物再以香菸灼燙胸口及四肢等手法凌虐，甚至強押被害人至山區凌虐，以「現場活埋」等語恐嚇，迫使被害人簽立本票及借據後始予釋放。本月3日，市警局刑警大隊偵三隊在嘉檢檢察官黃天儀指揮偵辦下，偕同市警局第一分局偵查隊等單位，兵分多路，將陳嫌等7名集團成員全數拘提到案，並起出毒品依托咪酯煙彈、鋁棒、開山刀及手指虎等犯罪工具。警方將全案依組織犯罪防制條例、加重私行拘禁及恐嚇取財等罪嫌移送嘉檢偵辦，陳嫌經法院裁定羈押禁見。警方強調將持續掃蕩暴力犯罪及幫派勢力，秉持「向上溯源、向下刨根」原則，全力維護社會治安，並呼籲民眾如遭暴力脅迫或發現不法情事，應立即向警方報案，共同打擊犯罪維護社會治安。嘉市警局破獲暴力販毒集團，拘提主嫌陳姓男子等7人到案。（警方提供）警方起出毒品依托咪酯煙彈、鋁棒、開山刀及手指虎等犯罪工具。（警方提供）    ,https://news.ltn.com.tw/news/society/breakingnews/5538194
女教師攻讀博士請公假！偷休學假仍繼續請…被記過提告抗罰吃敗訴,社會,2026/08/13 09:58,台北高等行政法院外觀。（資料照）宜蘭某女中的蔡姓教師為攻讀博士班，向校方簽請公假獲准，然而校方事後卻查出蔡姓教師其實已經辦理休學，卻仍以進修名義請公假，最終認定其曠職57日4小時，不僅記過1次還追回薪資等。蔡姓教師不服，提出行政訴訟，主張休學期間仍積極進行學術研究，但台北高等行政法院認為，休學本質上就是暫停學業，不應計入修業年限，無核准公假的空間，故判蔡姓教師敗訴。可上訴。判決指出，蔡姓教師從103年間就獲得校方同意攻讀博士學位，並陸續批准其公假。然而，校方在112學年度審查其公假申請時，卻發現蔡姓教師早於107年就已經辦理休學，卻仍繼續申請公假。校方因而撤銷其相關公假，並認定其曠職共57小時，同時調降其年度考績以及薪點，並記過1次。請繼續往下閱讀...蔡姓教師不服，提出行政訴訟主張，自己雖然已經辦理休學，但仍保有學籍，期間也積極進行論文研究，屬於實質的進修。蔡姓教師認為，歷次公假申請都經過學校的層層審核，若認為不符合規定，應在審查時就要求補件，不應多年後再追溯撤銷公假。校方主張，教育部函釋明確指出，教師若辦理休學就屬於暫時中止進修，不得再以進修名義申請公假，且蔡姓教師也未主動揭露相關資訊，仍以進修名義請假，已經屬於虛偽請假。法院認為，休學本質上就是暫停學業，期間也不計入修業年限，屬於中斷進修，自動無繼續核准進修公假的空間，教師若已休學，卻未主動告知學校，仍以進修名義請假，使學校基於錯誤資訊核准公假，就屬於虛偽情事請假，依法應屬曠職。法院指出，蔡姓教師過去曾因為懷孕休學，並主動撤回公假申請，顯然知曉休學與進修公假的資格相關，且教育部已經公告相關函釋多年，若有疑義本可向相關單位進行查證，卻仍隱瞞休學事實持續請公假，難認無主觀可歸責性。法院認定，校方將蔡姓教師列為曠職、調整考績及記過處分均無違法，故判處蔡姓教師敗訴，全案仍可上訴。    ,https://news.ltn.com.tw/news/society/breakingnews/5538182
連砍外甥30多刀致死 惡舅罵死者「頭殼裝屎」二審維持無期徒刑,社會,2026/08/13 09:53,新竹市曾姓男子因與劉姓外甥兩人發生口角，曾男盛怒下竟持刀砍外甥，高齡8旬的曾母上前阻止也遭砍傷，最後外甥重傷不治。（資料照）新竹市曾姓男子因與劉姓外甥兩人發生口角，曾男盛怒下竟持刀砍外甥，高齡8旬的曾母上前阻止也遭砍傷，最後外甥重傷不治，一審新竹地院依殺人罪判處曾男無期徒刑、褫奪公權終身。案經上訴，高等法院今駁回上訴，維持無期徒刑判決。判決指出，曾男與母親及劉姓外甥同住在新竹市，但曾男與外甥長期不合，屢屢為生活瑣事爭吵，2024年11月9日晚間9時許，曾男與外甥再度爆發口角，情緒失控下持廚師刀攻擊對方，劉男雖一度躲入浴室試圖避難，仍遭追砍，傷勢嚴重，衝突過程中，曾母見狀上前阻止，卻也遭波及，手指受傷。請繼續往下閱讀...曾男連續揮刀30多下，導致劉男當場倒臥血泊中，失去呼吸、心跳，經送醫搶救仍宣告不治。案發後，警方迅速趕抵現場逮捕曾男，並依殺人罪嫌移送法辦。新竹地檢署檢察官審酌曾男犯行重大，且手段兇殘，依法提起公訴並建請從重量刑。新竹地院國民法庭審理期間，綜合被告犯後態度、犯案動機及手段等情節，認定其行為已嚴重侵害他人生命法益，判處無期徒刑、褫奪公權終身，犯案刀具沒收。案經上訴，高院審理時，曾男主張平時沒收入，靠身心障礙補助金和年邁母親的老人津貼生活，因受害家屬要求賠償1300多萬元，因此未達成和解；外甥先前住姊姊家，但因姊姊與姊夫常吵架，才會搬去他家住；被檢察官問不滿外甥什麼？曾男還回答「腦袋」「因為他『頭殼裝屎』！」高等法院今駁回上訴，維持無期徒刑判決。    ,https://news.ltn.com.tw/news/society/breakingnews/5538175
太白目！翁偷車竟悠哉騎過派出所  女警好眼力人贓俱獲,社會,2026/08/13 09:53,女警方怡靜好眼力。（民眾提供）高雄潘姓老翁於鳳山區一間超商外偷竊一輛紅色折疊腳踏車，竟白目悠哉騎過鳳山警分局鳳崗派出所，正巧女警方怡靜下班一眼認出，當場將潘翁人贓俱獲，檢方考量潘翁高齡未隨案移送，警方今將他依竊盜罪嫌函送法辦。警方今表示，陳姓男子（64歲）8月6日晚間前往鳳山區五甲一路一間超商購物，發現停放店外、價值2萬元紅色折疊腳踏車遭人騎走，警方獲報調閱周邊監視器畫面追查，惟受限拍攝角度不清楚，僅掌握竊嫌為一名身穿白色上衣、頭髮稀疏的年長男子，犯案後騎乘失竊腳踏車離去，也無車牌可供追查，偵辦一度陷入膠著。請繼續往下閱讀...正當警方苦思追查方向之際，案情突然出現戲劇性轉折，女警方怡靜隔天一早下班，才剛踏出鳳崗派出所大門，眼尖發現一名男子騎乘紅色折疊腳踏車，悠哉從派出所前經過，穿著及外貌特徵與偷車賊極為相似，立即轉身跑回派出所通報。警方隨即騎車追上，攔下潘姓男子（83歲）盤查，比對陳男失竊紅色折疊腳踏車特徵，確認為同一輛車，當場查扣贓車，將潘男帶回警局偵辦；潘男到案一度矢口否認犯案，辯稱腳踏車是「從路邊牽來的」，經警方出示監視器畫面後，他才坦承竊取腳踏車代步，順利替陳男尋回愛車。由於潘男年紀已大，警方請示檢方後，今天依竊盜罪嫌函送高雄地檢署偵辦。警方提醒民眾自行車等交通工具應養成「離車上鎖」習慣，切勿因離開時間短暫而疏忽防竊措施；並避免貴重物品留置車上，以免成為歹徒覬覦目標。警方幫陳男尋回紅色折疊腳踏車。（民眾提供）    ,https://news.ltn.com.tw/news/society/breakingnews/5538167
情侶販售喪屍煙彈 3次交易判刑合計31年,社會,2026/08/13 09:34,喪屍煙彈毒品危害社會巨大，情侶販售為業，被查獲的有3次，ㄧ罪一罰，2人各被南投地院判15年6個月有期徒刑，應執行5年8個月。（記者陳鳳麗攝）喪屍煙彈（依托迷酯）對社會危害巨大，南投縣陳姓男子、鐘姓女子販賣該毒品為業，鐘女負責電話聯絡，陳男則面交毒品，1個多月被查到交易3次，南投地院以「共同犯販賣第二級毒品」罪名，將兩人各判刑5年2個月，2人總刑期合計31年，各合併執刑5年8個月。俗稱喪屍煙彈的「依托迷酯」，因駕駛使用該毒品後開車釀成多起死傷車禍，社會譁然，政府今年6月27日已將該毒品從二級毒品改列為第一級毒品。南投縣陳姓男子和女友鐘姓女子販售毒品賺錢，警方由南投地檢署檢察官指揮，進行監聽、搜索，明確掌握兩人在3、4月間，各賣3次喪屍煙彈，3次買家都有林姓男子，第3次除林男還加上張姓男子。請繼續往下閱讀...判決書指出，鐘女負責用手機跟買毒品的人聯絡，其中林男反映第1次買的喪屍煙彈效果沒有效，鐘女要他升級多花1000元，對方嫌貴時，她說：「如果你要沒有效的，1500給你沒關係，如果你要有效的，我去拿貨就拿2萬8了，虧都我在虧，錢拿來就好..」，並要對方匯款。鐘女所言，可證明她與陳男尚非單純轉讓毒品，顯然是藉本案販賣毒品行為牟取利益。南投地院法官將陳男、鐘女，各以「共同犯販賣第二級毒品」罪名判刑，兩人共同販賣毒品3次，一罪一罰下，一罪各判刑5年2個月，2人3罪各自總刑期均為15年6個月，各應執行5年8個月。    ,https://news.ltn.com.tw/news/society/breakingnews/5538150
屏東高樹小轎車追撞水果貨車2傷 駕駛棄車溜了,社會,2026/08/13 09:26,紅色小轎車追撞水果貨車後 駕駛棄車逃逸。（里港警分局提供）屏東縣高樹鄉世一路12日下午15時9分發生一部紅色小轎車追撞載運水果的小貨車，造成小貨車被撞後再撞到路邊民宅，小貨車駕駛及乘客2人輕傷送醫，現場水果掉滿地，而肇事的紅色小轎車駕駛則棄車逃逸，里港警分局正追緝肇逃的男子到案說明。警方調查，駕駛自小貨車載運水果的為67歲王姓男子，車上有張姓女乘客，小貨車沿世一路由北往南行駛，突然被後方的紅色小轎車追撞，由於撞擊力道相當大，造成王男失控小貨車偏離車道後撞及路旁民宅的鐵門，造成載運的水果掉滿地，事故發生後自小客車的男性駕駛人棄車逃離現場，造成王男及自小客車內張姓女乘客輕傷送醫；王男經酒測無飲酒情事。請繼續往下閱讀...里港警分局已積極調閱周邊監視器影像及查證實際駕駛人身分，並將進一步釐清事故發生經過及駕駛人離開現場原因，查明是否有酒駕、毒駕情事，警方強調，發生交通事故應立即停車並依規定處置，不得擅自離開現場；行車時亦應保持專注及適當安全距離，隨時注意前方車況。高樹鄉世一路一部紅色小轎車追撞水果貨車後 小貨車撞進路旁民宅。（里港警分局提供）民宅鐵門被水果貨車撞壞。（里港警分局提供）    ,https://news.ltn.com.tw/news/society/breakingnews/5538139
台中清晨死亡車禍！單車老婦遭貨車撞飛送醫不治,社會,2026/08/13 09:20,發生死亡車禍路口。（民眾提供）台中市南區今天清晨驚傳死亡車禍！82歲張姓婦人騎腳踏車行經路口時，疑未依規定兩段式左轉，與一輛同向行駛的小貨車發生碰撞，張婦當場噴飛倒地、失去呼吸心跳，送醫搶救仍宣告不治，貨車駕駛無酒、毒駕情形，詳細事故原因及肇事責任仍待鑑定。這起事故發生在今天（13日）清晨6時11分許，地點位在南區復興路與民生路口，經查，82歲張姓婦人當時騎乘腳踏車，沿復興路慢車道行駛，準備左轉民生路、往建國路方向前進；50歲謝姓男子則駕駛小貨車，沿復興路快車道往民意街方向行駛，雙方在路口發生猛烈碰撞。請繼續往下閱讀...撞擊瞬間力道猛烈，張婦遭撞飛後重摔倒地，現場無呼吸心跳，救護人員立即實施急救並緊急送醫搶救，但傷勢過重，最終仍回天乏術，從現場畫面可見，小貨車擋風玻璃受到撞擊後，呈現大片「蜘蛛網狀」裂痕，顯示撞擊力道相當猛烈，謝男表示，當時號誌為綠燈，他行經路口時，突然發現張婦騎車穿越，雖立即反應仍閃避不及；至於確切肇事原因仍待事故分析鑑定釐清。小貨車擋風玻璃呈現大片「蜘蛛網狀」裂痕。（民眾提供）    ,https://news.ltn.com.tw/news/society/breakingnews/5538135
把AI當律師2-2》AI文湧入法院……法官不怪ChatGPT嘆「老問題被放大」,社會,2026/08/13 09:00,孫健智受訪表示，AI書狀反映的其實是民眾對「法律陌生」的老問題，因AI降低寫狀成本，問題才被放大。（資料照）全台院檢收到「AI作文」的現象日益普及！桃園地院法官孫健智在判決書寫下「找個活生生、有血有肉有執照的律師」；基隆范姓男子因偷拍女子的裙底風光挨告後，指示AI寫悔過書皆引發熱議。對此，孫健智受訪表示，AI書狀反映的其實是民眾對「法律陌生」的老問題，因AI降低寫狀成本，問題才被放大。桃園黎姓地主因不滿祖厝的共有土地遭他人變賣，以認買賣關係不存在為由，提起民事訴訟，主張買賣契約涉及通謀虛偽、違反土地法優先承買權規定、提存程序有瑕疵，並指控賣方為履行契約，涉嫌以毀損、侵入住居等方式拆除祖厝，同時請求法院禁止辦理土地所有權移轉登記，同時要求撤回提存，但最終吞敗。請繼續往下閱讀...法官孫健智於判決書中，寫下給當事人的建議，收到判決後，應找「活生生、有血有肉、有執照的律師」詢問，不要問AI，不要用AI寫上訴狀，更不要以為別人看不出來是AI寫的；既然原告重視祖厝，就更應該用正規方式處理。無獨有偶，范姓男子去年7月22日上午，拿著iPhone手機朝被害女子的裙底下偷拍，但因女子大腿正在移動而未能如願，最後索性刪除。但女子早被嚇壞，最終決定報警提告。范男被應訊時，坦承犯行，並提交精神疾病診斷書與悔過書，希望能獲得輕判。不過，檢警卻在范男被查扣的手機中，發現其悔過書竟是透過AI撰寫，甚至指示AI「幫我寫的悔過一點」等語。最後，基隆地院發現其有多次偷拍他人影像行為，且多次上網查詢「精神鑑定報告是否容易申請」等相關資訊，並使用AI工具撰寫悔過書等情，依無故攝錄他人性影像未遂罪判其6月徒刑，得易科罰金。法官孫健智受訪表示，自己大約在半年前，陸續看到有律師抱怨，不懂法律的民眾開始在用AI寫書狀，隔沒多久以後就是自己的同事開始也有相同的抱怨，接下來就是自己也開始收到越來越多的「AI書狀」。對於民眾透過AI寫書狀的現象，孫健智建議，在欠缺法律專業的狀況下，在官司上應尋求律師協助，「就像不能因為會用AI查詢病情，就覺得自己可以當醫生，所以也不能因為自己會用AI寫狀，就覺得自己能當律師」。不過，孫健智認為AI書狀的問題，其實反映的是民眾對「訴訟制度的陌生」這樣的古老問題，只是AI降低了寫狀的成本，所以才會把既有的現象放大。孫健智畢業於政治大學法律系碩士班，過去曾任澎湖地院法官，現於桃園地院民事法庭任職，2016年間經法官學院選送出國，在荷蘭拉德堡大學進行人權公約國內法效力的研究，並著有《我走之後，請你們要好好相處 一位家事法官寫給家人的身後事叮嚀》。相關新聞：把AI當律師2-1》別以為法官看不出來！AI書狀特徵曝 別為省錢反吃敗訴    ,https://news.ltn.com.tw/news/society/breakingnews/5538106
把AI當律師2-1》別以為法官看不出來！AI書狀特徵曝 別為省錢反吃敗訴,社會,2026/08/13 09:00,針對民眾把AI當律師，孫健智認為，對法官和民眾來說皆有弊處。謝祐綸提出，AI還是有一定的作用，前提是要透過專業的法律諮詢。（資料照）桃園地院法官孫健智在判決中提醒當事人「找個活生生、有血有肉有執照的律師」引發法界熱議。孫健智表示，AI書狀常過於冗贅甚至會出現「幻覺」，有時也會忽略案件中的關鍵，對法官和民眾來說皆有弊處。德欣法律事務所律師謝祐綸認為，AI仍有協助整理資料、製作時間軸及歸納案情等優勢，對法律資源較不足的民眾仍有一定幫助，但還是建議透過專業諮詢，確認內容正確性。孫健智表示，AI書狀最明顯的特徵就是容易出現「幻覺」，會引用不存在的法條或實務見解。他坦言，剛開始看到這類主張時，以為只是當事人在「硬拗」，經查詢確認不存在相關的實務見解或判例，才開始懷疑可能是AI編造出來的。請繼續往下閱讀...首次確信收到AI書狀，孫健智回憶，是經過同事的提醒才發現，不然當時，他以為只是又收到一份「看不懂的書狀」。該同事提及，那位當事人在另案中，曾承認用AI寫書狀，他才恍然大悟。孫健智說「那份書狀篇幅很長，文筆繁複、冗贅，抓不到重點」他也驚覺，自己恐怕早就收了許多AI書狀而不自知。說到AI書狀的特性，孫健智歸納出3點，首先，內容像對法律一知半解的人所撰寫，僅掌握零碎概念，就試圖不斷朝對自己有利的方向解釋。其次，內容繁複、冗贅，又無法精準指出重點。其三，表面上文句流暢，內容卻常前後矛盾。孫健智說，AI書狀最大的問題，就是增加審理負擔「當事人引用A法條，我們會期待他接下來陳述有關的事實，但AI書狀往往下一段就會跳到B法條的內容」，而這樣的內容，是無法記載於判決書上的，為此，法官往往須替當事人重新整理主張。另外，AI書狀對民眾來說，也未必完美無瑕，孫健智指出，民眾可能會把自認重要的點寫進去或把自認不重要的點忽略，但有時反而跳過最關鍵的部份，甚至影響官司結果。德欣法律事務所律師謝祐綸表示，AI的優勢在於降低資料整理的時間成本，例如協助整理資料、製作時間軸、歸納事情經過，讓民眾可以更有條理地說明自己的案件，對於資源比較不足的民眾仍然有一定幫助。謝祐綸指出，但如果真的迫不得已需要利用AI處理法律問題，還是建議至少透過免費法律諮詢或法律扶助，確認AI提供的內容是否正確。相關新聞：把AI當律師2-2》AI文湧入法院…法官不怪ChatGPT嘆「老問題被放大」    ,https://news.ltn.com.tw/news/society/breakingnews/5538105
天雨路滑？高雄男自撞分隔島翻車影片曝光  後方混凝土車險撞上,社會,2026/08/13 08:45,蕭男自撞分隔島翻車橫躺快車道影響交通。（民眾提供）高雄市今天下起陣雨，蕭姓男子一大早駕車行經高楠公路、水管路口，突然自撞分隔島後，翻車橫躺快車道，蕭男爬出車外自行就醫，所幸後方預拌混凝土車緊急剎車，否則後果不堪設想。車禍造成現場交通壅塞，警方冒雨疏導車流。警方調查，蕭姓男子（60歲）今天上午駕駛轎車，沿著高楠公路南往北方向行經水管路口，不慎自撞分隔島後翻覆，整輛車橫躺過半快車道，所幸蕭男命大，自行爬出車外，無明顯傷勢，選擇自行就醫。請繼續往下閱讀...警方據報趕赴現場處理，對蕭男實施酒測，確認沒有酒駕，詳細肇事原因仍待調查，由交通大隊進一步鑑定。經警方調閱監視器，蕭男車禍畫面曝光，可見蕭男駕車自撞分隔島後，整輛車滑行橫躺快車道，後方預拌混凝土車緊急剎車，才未從後撞上，過程十分驚險。由於高楠公路交通流量大，正值上班時間，造成現場交通壅塞，警方冒雨疏導車流，交通才恢復順暢。楠梓警分局呼籲，高楠公路車流量大，雨天路面濕滑易影響視線，民眾駕車行經路口，應減速慢行，注意前方路況，以避免交通事故發生。蕭男自撞分隔島翻車橫躺快車道，警方冒雨指疏導交通。（民眾提供）    ,https://news.ltn.com.tw/news/society/breakingnews/5538092
懷疑賭客詐賭  賭場負責人率眾施暴還逼迫簽本票,社會,2026/08/13 08:42,因懷疑賭客詐賭，游姓賭場負責人與負責圍事的柯男對賭客施暴還逼迫簽本票，遭法院重判。示意照，非本案賭金。（記者李立法攝）游姓男子開設賭場，由柯姓男子擔任賭場圍事，洪男等人則輪流作莊供賭客下注，因胡姓賭客身上發現針孔攝影機又配戴耳機，游男等人認為胡男與2名同夥陳男及鄞男詐賭，要求須為賭場日前輸掉的400多萬元負責，除將3人暴打一頓，還限制3人行動並逼迫簽下450萬元的本票，3人事後負傷報警將涉案的游男、柯男及洪男等人送辦，屏東地院依恐嚇取財及妨害自由等罪判處柯男等8人3年8個月不等徒刑，可上訴。游男3年前在屏東市開設賭場，以俗稱「九仔升」的方式聚眾賭博，由洪男等人輪流作莊，柯男擔任賭場圍事，負責維持現場秩序及處理賭客糾紛，胡姓賭客因身上被發現針孔攝影機還配戴耳機，柯、游、洪等人認為胡男與同夥陳男及鄞男3人詐賭，要求胡男等3人要為該賭場日前輸掉的400多萬元負責，但胡男等人否認詐賭，柯、游等眾人除將胡男等3人暴打一頓，還逼迫簽下450萬元的本票，並押往雞寮限制行動及施暴，導致胡男等人傷痕累累；警方事後據報將涉案的游男等人送辦。請繼續往下閱讀...屏東地院認為，無客觀證據足以認定胡男等3人有共同詐賭行為，也無法證明賭場的損失為3人所致，柯、游、洪等追討損失，無非是以3人涉嫌詐賭為由，作為索取財物及簽下本票的依據，並非基於確實存在的合法債權，依恐嚇取財罪判處柯男3年8月徒刑，判處游男2年8個月徒刑，判處洪男2年徒刑，其他涉案的辜男等5人分別依恐嚇取財及妨害自由等罪判處3個月至1年8個月不等徒刑，其中3人得易科罰金。    ,https://news.ltn.com.tw/news/society/breakingnews/5538095
台南善化深夜民宅火警  1男躲廁所救出送醫,社會,2026/08/13 08:42,台南善化小新里12日深夜1棟8層樓住宅的1樓起火，消防人員趕赴灌救，並救出1人送醫。（讀者提供）台南市善化區小新里1棟民宅昨（12）日深夜11時許發生火警，火勢迅速撲滅，屋主弟弟躲在廁所，經消防人員救出後送醫。昨天深夜11時20分左右，台南市消防局接獲報案，善化小新里1棟8層樓住宅的1樓起火，立即出動14車、34名消防人員前往救援，11時34分控制火勢、11時35分撲滅，隨後在1樓廁所救出年約50歲的屋主弟弟，意識清醒、無外傷、鼻孔內有碳粒，送永康奇美醫院治療。請繼續往下閱讀...該起火警燃燒1樓房間衣櫃，燃燒面積4平方公尺，起火原因仍待調查釐清。台南善化小新里12日深夜住宅火警，消防人員從1樓廁所救出屋主弟弟並送醫。（讀者提供）    ,https://news.ltn.com.tw/news/society/breakingnews/5538096
國3後龍段聯結車撞分隔島！駕駛送醫 貨物散落雙向車道,社會,2026/08/13 08:38,國道3號南向127K苗栗後龍路段，今（13）日凌晨3點多，發生一輛全聯結車撞擊中央分隔島的事故，造成全聯結車頭卡在中央分隔道上，貨物也散落南北雙向車道。（圖由民眾提供）首次上稿 07:58更新時間 08:38國道3號南向127K苗栗後龍路段，今（13）日凌晨3點多，發生一輛全聯結車撞擊中央分隔島的事故，造成全聯結車頭卡在中央分隔道上，貨物也散落南北雙向車道，並波及多輛車輛，聯結車駕駛一度受困，由消防救出送醫，事故現場尚未完全排除，事故原因有待警方進一步調查釐清。請繼續往下閱讀...國道2隊警方表示，全聯結車駕駛為53歲劉姓男子，沒有酒駕，載運麵粉南下，於今天凌晨3點18分行經國道3號南向127公里事故地點時，疑因精神不濟自撞內側護欄肇事。全聯結車側翻於中央分隔島橫跨至北向車道，貨物也散落在北向車道，經高速公路局大甲工務段清掃，現場於上午7點38分排除，全線恢復正常通車國道2隊警方表示，劉男一度受困於車內，經消防救出，四肢擦挫傷、意識清楚，送衛福部苗栗醫院診治，其他遭波及的車輛人員均無受傷，各車駕駛人酒測值均為0，後續由後龍分隊依規定處置。國道2隊呼籲用路人開車務必遵守行車安全規定，注意車前狀況，切勿分心或疲勞駕駛，並應保持良好精神及專注力，以確保他人與自身用路安全，疲勞時應下交流道或至服務區休息，避免事故發生。國道3號南向127K苗栗後龍路段，今（13）日凌晨3點多，發生一輛全聯結車撞擊中央分隔島的事故，造成全聯結車頭卡在中央分隔道上，貨物也散落南北雙向車道。（圖由民眾提供）國道3號南向127K苗栗後龍路段，今（13）日凌晨3點多，發生一輛全聯結車撞擊中央分隔島的事故，造成全聯結車頭卡在中央分隔道上，貨物也散落南北雙向車道。（圖由民眾提供）    ,https://news.ltn.com.tw/news/society/breakingnews/5538059
輕熟女遭「師傅」2度詐騙溜出門匯款 警驚「怎麼又是妳」,社會,2026/08/13 08:23,輕熟女（左2）遭「師傅」2度詐騙到超商匯款，所幸又被攔阻。（警方提供）講不聽！1名輕熟女6月底才被詐騙集團以自稱香港道教師傅的網友，聲稱可透過道教課程獲得智慧，但須花10萬元領取「密符」包裹，所幸被警方攔阻；不料日前女子又遭詐團以同樣話術行騙，女子甚至向詐團稱「爸媽管很緊，不讓我隨意出門」，卻仍趁隙溜出門到超商欲匯款5萬7千元，又被同樣的員警攔阻，員警發現她在短短1個多月2度遭相同話術詐騙，驚呼「怎麼又是妳」，儘管請其家屬加緊看管，但仍憂心恐怕還有下一次。彰化警分局泰和派出所警員郭庭豪、洪郁勝日前執行巡邏勤務時，接獲便利商店店員通報，店內有民眾欲領取不明包裹，疑似遭詐騙。請繼續往下閱讀...36歲未婚的女子向警方表示，她在瀏覽Threads社群平台時，接觸到一名自稱香港道教師傅的網友，對方宣稱可透過道教課程協助學員獲得幸福與和平的智慧，並要求加入LINE聯繫。其後，對方表示欲參與課程，須先到超商付款領取3件內含「密符」的包裹，每件1萬9千元，共計5萬7千元。員警卻在清查後發現，女子已是第2度遭詐騙，與第1次6月底遭詐騙手法一樣，都是詐騙集團向她聲稱購買所謂「開運」、「祈福」、「改運」等商品或課程，需先付款再取貨以騙取金錢。且這2次詐騙當中都遇到其中1名員警，員警驚呼「怎麼又是妳」；透過檢視手機發現，女子疑先前險些遭詐後被父母嚴加看管，因此向「師傅」稱「爸媽管很緊，不讓我隨意出門」，不過仍趁隙溜出門匯款，所幸仍被員警攔阻。輕熟女遭「師傅」2度詐騙，還稱「爸媽管很緊」，讓員警傻眼。（警方提供）    ,https://news.ltn.com.tw/news/society/breakingnews/5538081
吳秀華助理移送地檢署複訊 吳俊立聞訊「臉色驟變」,社會,2026/08/13 06:44,吳俊立在餐會前還神采奕奕，見到一眾老朋友表情愉悅。（記者劉人瑋攝）首次上稿 08-12 23:40更新時間 08-13 06:44台東縣議會議長吳秀華家族參與的「東映渡假村」農路開發案，正式燒向吳秀華身邊，胞兄吳俊立昨天（12日）傍晚出席餐會，親信突近身說話後，他臉色驟變，隨即傳出邱姓女助理遭調查站約談消息。邱女在深夜10點左右，以證人身分被帶往地檢複訊。請繼續往下閱讀...邱女傍晚5點時以證人身分被帶往調查站偵訊，晚上10左右，她隨調查站人員步入地檢署，目前檢方仍在拘留室一側開偵查庭。傳聞邱女傍晚偵訊時表現出一問三不知態度，如今又拒絕夜間偵訊，依其重要性，檢方可能向法院提出聲押。傍晚時分，曾任縣長、縣議會議長的吳俊立在餐會中大談自己蒙受委曲，說自己是帶來台東發展的生意人，以自身人脈帶來大財團開發東海岸與台東山林，「沒有開發、把路建好，大財團哪敢進來台東？如此台東人哪能賺錢？」他還舉例，以往新加坡集團也因林參天反對而投資縮手，「今天也一樣，財團代表本要今晚逛台東又取消」。吳俊立談投資正當性與對台東益處時，親信從門外進入，湊身私語後，他臉色大變，但隨即繼續與賓客交談。而同時間，調查站已動手，將邱姓助理請到站內偵訊。吳俊立說，邱女是吳秀華服務處助理，「外傳她是議長的祕書或助理，都對，但都是外界喊出來的頭銜，就是工作人員，實無明確編制」。吳俊立指稱邱女是吳秀華助理，但檢調看法保留，反而認為她和吳俊立關係更密切。在檢調認定中，邱女可說是「吳俊立對政府機關的化身」。就檢調掌握內容，邱女在對許多部會機關在詢問或交辦土地等案件都常參與，供詞卻多推稱一無所知，又不配合夜間偵訊。外界研判，檢方可能將邱女證人身分改為被告，聲請羈押。台東縣議長吳秀華助理邱女（右）被帶往台東地檢署複訊。（記者劉人瑋攝）    ,https://news.ltn.com.tw/news/society/breakingnews/5537971
詐慈濟10.6億》陳昱瑄札記 現神秘代號 少東9百萬美金、TC黃百萬⋯待釐清,社會,2026/08/13 05:30,"陳昱瑄手寫札記出現「少東」、「TC黃」、「DPP」等代號，所指何人或單位待釐清。（圖擷自陳女臉書）曾任彰化律師公會理事長的律師陳昱瑄，涉與疫苗掮客李易儒於二〇二一年新冠肺炎疫情期間，趁慈濟基金會急欲採購五百萬劑BNT疫苗，誆稱握有採購管道，詐取高達三千萬美元佣金，全案於上週起訴。檢方偵辦時，在陳昱瑄手寫札記發現有「少東」、「TC黃」、「DPP」等代號，以DPP來說，陳女供稱是一名李姓男子，不過清查發現該男子已死亡；檢方認為這些代號是何人或單位？有待進一步釐清。紀錄相關數字均以美金為單位在陳昱瑄的手寫札記中，有記錄「TC案」資金分配表，內部相關數字均以美金為單位，內容包括「TC案實收三八五〇萬USD」，還有「少東九〇〇萬USD」、「TC黃 一〇〇萬」、「DPP 一〇〇萬」及「TW 一．五ETWD相當於五三五．七萬USD」等代號與金額。請繼續往下閱讀...代號所列金額 約台幣5.2億檢方認為，陳昱瑄負責的鈺達公司收受慈濟基金會折合台幣高達約十億六千萬元的款項後，疑有不少贓款流向「TC黃」、「少東」、「DPP」等對象；這三個代號，加上也待解答的「TW 一．五ETWD相當於五三五．七萬USD」，換算台幣約為五點二六億元。據了解，代號中的「少東」不排除是李易儒，但DPP是否為陳女口中的李男，檢方持疑。檢方指出，陳女指DPP是男子李國凱，但該男已於前年去世，且審視陳的札記和通訊紀錄，未發現與該男子相關的紀錄，還有李國凱英文簡稱應是「LKK」或「LGK」才是。相關代號到底是誰，須再釐清。陳女指稱的「DPP」 檢清查已死亡中檢起訴指出，陳女和李易儒趁慈濟基金會急需採購五百萬劑BNT疫苗，謊稱有管道可買，慈濟誤信委託陳女的鈺達公司採購，支付委任報酬美金三千萬元，折合台幣約十億六千萬元。陳女拿到錢，為隱匿此筆款項，夥同李世宗等人將金流層層轉匯後，提領其中五億二千萬元現金，交李世宗等人保管、支用，並透過九家公司開立內容不實的統一發票，逃漏稅五三七四萬元，還利用部分款項買二三二公斤黃金。曾宣導防詐 陳昱瑄涉詐更顯諷刺此外，陳昱瑄二〇二三年三月曾受邀參與防詐宣導活動，宣導時以「痴人」、「愚痴的人」形容缺乏法律知識者，提醒民眾勿因貪念受騙；對照她的犯行，堪稱「最諷刺的一堂反詐課」。☆自由時報電子報提醒您，防詐騙專線︰165，報案專線︰110☆    ",https://news.ltn.com.tw/news/society/paper/1766424
13家保險公司被騙 替身住院詐保 10年得手2663萬,社會,2026/08/13 05:30,女子李欣薏與丈夫林大強等人，涉嫌利用替身裝病住院詐領理賠金，圖為調查官搜索查扣保險資料等事證。（調查局提供）女子李欣薏與丈夫林大強等人，涉嫌在二〇一六年至二〇二六年間，向十三家保險公司投保醫療與意外等險種，並利用替身假冒病患，以腦震盪、急性腸胃炎等症狀住院，持相關醫療證明詐領理賠金；全案在林男夫妻順利領得保險金後，再傳授給其他親友，「一個教一個」下犯罪規模不斷擴大，最後共有十五人犯案，不法所得高達二六六三萬餘元。台北地檢署昨依詐欺罪嫌起訴十五名被告。跨多縣市裝病住院 詐領理賠金檢調追查，二〇一六年間李女在網路結識綽號「小魚」、「社長」等人，找來替身幫其丈夫林男裝病，前往苗栗、台中、台南等地醫院就診後住院，並以假造醫療紀錄向保險公司申請理賠，成功得手三二三萬餘元；二〇一七年李欣薏本人也效法詐得卅四萬餘元，手法同樣是找替身住院，本人只處理其他詐保事宜。請繼續往下閱讀...家族親友一個教一個 15人起訴該詐保模式在其親友圈流傳，李女將手法傳授給姪子、姪子的好友等人，持續聯手詐領超過七一九萬元。李女親友又將該方法教給其他親朋好友，以及好友再拉上親友們，使用同一模式犯案，再詐領保險金近九百萬元、七十八萬餘元、十八萬餘元、十九萬餘元不等。檢調指出，詐保成員大多選定中南部某些較容易獲得安排住院的醫院求診，以意外跌倒，頭部受創，頭很暈等話術，希望醫師給予留院觀察，達到住院目的。偵辦人員曾鎖定數名特定醫師釐清是否協助詐保，調查後未發現涉案事證。    ,https://news.ltn.com.tw/news/society/paper/1766375
育兒網紅毒駕 載3歲女撞進店 有違父母養護責任 檢重求刑,社會,2026/08/13 05:30,"育兒網紅毒駕載三歲女兒肇事，檢方起訴並建請從重量刑。（資料照）卅六歲林姓女子是育兒網紅，今年六月廿二日搭載三歲女兒在桃園市桃園區肇事，還撞進安全帽店，離譜的是，她被查出涉嫌毒駕且車內還被搜出毒品，桃園地檢署近日偵結將林女提起公訴，考量她施用毒品後竟駕車上路且搭載幼女，漠視用路人安全及有違父母養護子女之責，建請法院從重量刑。林女當天駕駛Lexus轎車到龜山區接女兒，返家途中要去買東西，晚間七點十三分行經桃園區春日路與中山東路口，接連撞上保時捷、TOYOTA轎車後，撞破一旁安全帽店玻璃櫥窗才停下，所幸女兒有乘坐安全座椅無傷，現場也未造成人員受傷，林女肇事後被目擊身體不斷搖晃，經警方實施檢測後呈現毒品陽性反應，並於車內查獲依托咪酯煙彈等證物。請繼續往下閱讀...檢方查出，林女於案發前一天，即六月廿一日下午五點多，曾在錢櫃KTV中壢中央店將摻有第二級毒品3,4-亞甲基雙氧安非他命（即MDA）成分的煙油，放進電子煙主機吸食煙霧，翌日下午仍駕車搭載女兒。林女被移送桃檢調查後向桃園地院聲押獲准，並被起底是育兒網紅，曾分享求子六年、懷孕十次才得女的經驗，離譜行徑引發外界撻伐。檢方近日偵結，以林女涉犯刑法第一八五條之三第一項第三款尿液所含毒品達行政院公告之品項及濃度值以上而駕駛動力交通工具罪嫌提起公訴，並以她涉嫌毒駕，漠視用路人安全及有違父母養護子女之責，建請法院從重量刑。☆少一份毒品就多一份健康，自由時報提醒您遠離毒品☆    ",https://news.ltn.com.tw/news/society/paper/1766427
拿住民當人頭詐租補 康復之家2人起訴,社會,2026/08/13 05:30,康復之家人員拿住民當人頭，詐領逾25萬元租金補貼遭起訴。（資料照）桃園市某私立康復之家六十五歲劉姓專案管理師，涉嫌夥同另一康復之家四十五歲吳姓負責人，由吳男提供住民作為「人頭」，供劉男作為龍潭房子的租客，向內政部國土管理署詐領逾廿五萬元租金補貼，有住民發現後告發，兩人近日被桃園地檢署依行使偽造文書、詐欺取財等罪嫌起訴。起訴指出，劉男在妻子擔任負責人的康復之家任職，二〇二三年十二月間他先擬妥房屋租賃契約，再交由吳男請其陳姓等四位住民簽名，同時未經同意冒用四人印章，製造四人向劉男承租龍潭房屋的假象；劉男備妥資料後，委託工讀生幫忙至國土署三百億元中央擴大租金補貼專案線上專區申請補貼，其中三人獲得核准，自二〇二四年一月至二〇二五年十二月，總計詐得廿五萬三六〇〇元租金補貼。請繼續往下閱讀...有住民發現被當成人頭而告發，劉男、吳男坦承犯行，並將其中十五萬多元返還國土署，桃檢近日分依行使偽造文書、詐欺取財及詐欺取財未遂罪嫌起訴，為一行為觸犯三罪，屬想像競合犯，請法院依法從一重論之，另對尚未返還的十萬多元宣告沒收，或於不能沒收或不宜執行沒收時，追徵其價額。☆自由時報電子報提醒您，防詐騙專線︰165，報案專線︰110☆    ,https://news.ltn.com.tw/news/society/paper/1766428
涉關說市府營建標案》新北藍營議員王威元 200萬交保,社會,2026/08/13 05:30,曾任新北市議會國民黨團書記長的市議員王威元（右），涉關說行賄，兩百萬元交保。 （讀者提供）曾任新北市議會國民黨團書記長的市議員王威元，今年涉關說一件新北市府某局處與營建工程有關的標案，希望讓特定廠商取得這件標案，並涉以高價酒類禮品與數十萬元現金企圖行賄承辦人被拒。新北地檢署獲報，前天指揮調查局新北市調查處兵分八路搜索王威元及柯姓男助理、廠商辦公處所及住處等，帶回王男、助理、廠商等五名被告到案，昨晨訊後以涉犯貪污治罪條例的行賄罪嫌，諭知王威元兩百萬元交保、柯男五十萬元交保，其他被告請回。檢調獲報，王威元於今年疑似介入關說一件政府公共建設標案，涉以高價酒類禮品與現金企圖行賄承辦人。新北市政府承辦人員將此事陳報政風處，政風處蒐證後，向檢方提出檢舉，新北檢黑金專組檢察官遂指揮新北市調查處進行偵辦，前天展開搜索，訊後分別諭知交保或請回，目前無市府公務員被列為被告。請繼續往下閱讀...王威元於二〇一八年當選新北市議員，目前為第四屆議員，選區涵蓋三重、蘆洲，他也曾擔任中國國民黨議會黨團書記長、台灣地方議員聯盟理事長，今年繼續尋求連任。王威元曾於二〇二四年立委選舉期間，指控參選立委的李坤城，趁新北市水利局廠商施工造成污水回流至服務處時，要求高額賠償，新北地檢署依違反公職人員選舉罷免法將他起訴，新北地院審理後認為，欠缺積極證據證明王有意使候選人不當選而散布不實事項或誹謗犯意，今年二月判王無罪。    ,https://news.ltn.com.tw/news/society/paper/1766426
超車糾紛揮刀男被打 送醫不治,社會,2026/08/13 05:30,因行車糾紛，李男被打趴在地，葉男則情緒激動，李男前天傷重不治。 （民眾提供）葉男出拳反擊 檢列傷害致死等罪偵辦台中市本月六日發生疑因超車引發的追逐糾紛，李姓男子怒氣沖沖下車，持刀攻擊坐在駕駛座的葉姓男子，葉男疑被激怒，負傷下車衝向李男將他撞倒並出拳反擊，造成李男口、耳滲血送醫，未料李男住院五天後病情惡化，前天不治，家屬委請律師提告殺人等罪，台中地檢署偵辦中。六十八歲的李男和卅五歲葉男，六日上午疑因超車起糾紛，追逐至台中市中清路二段與同榮路口後，李男下車走向葉男的駕駛座旁，拍打車身、隔著車窗叫囂及試圖拉開車門，並出拳往車內打。請繼續往下閱讀...隨後李男持刀攻擊葉男，造成葉男右前臂受傷，葉疑被激怒，在李男回頭走向自己車子時，打開車門下車後狂奔向李男將他撞倒，進而出拳反擊；李男被打得倒在路中央無反應，疑陷入昏迷，後來李男送醫住院。兩人原本互告傷害，但李男住院五天後不治，台中地檢署前天相驗及昨天進行解剖。中檢表示，解剖後將送法醫研究所鑑定釐清死因和相關因果關係，事發當天，葉男已被依傷害罪現行犯以五萬元交保，前天李男過世，再傳葉男說明，當場諭知改列傷害致死或殺人罪被告後請回。本案中的葉男先被攻擊，隨後的反擊行為是否屬正當防衛？曾任檢察官的律師林依成表示，關鍵在於反擊當下是否正受「不法侵害行為」傷害，若不法行為已經結束仍攻擊，無法構成「正當防衛」。林依成和林世民律師都認為，從相關影片看來，李男當時已停止攻擊葉男，轉頭離開朝自己車子走去，葉男下車跑向李男將他撲倒，並有出拳攻擊動作，如解剖認定死亡為頭部受重擊，可能是倒地時頭部撞擊地面或頭部受拳頭攻擊出血等，葉男恐涉傷害致死罪。    ,https://news.ltn.com.tw/news/society/paper/1766429
查扣市值7.5億158.8公斤黃金 重兵押送入庫,社會,2026/08/13 05:30,"檢調查扣158.8公斤黃金，現值約7.51億元，昨重兵押送進台中地檢署贓物庫。 （台中地檢署提供）律師陳昱瑄與疫苗掮客李易儒，二〇二一年趁慈濟基金會欲採購五百萬劑BNT疫苗，向該基金會詐取三千萬美元（台幣十億六千萬元），檢調偵辦時，搜索查扣超過十億元的現金、黃金、不動產和名車等，其中起獲的黃金重達一五八．八公斤，昨天派出重兵將昨日牌價市值約七點五一億元的這批黃金，押送進入台中地檢署贓物庫。這批黃金是在昨天上午八點多，由調查局北部機動站押送抵達台中地檢署，除檢察官、政風人員，還出動台中市刑事警察大隊、保四總隊員警全程戒護協助入庫；經逐一清點、秤重，核對保證書無誤後，放置於中檢貴重物品贓物庫妥善保管。請繼續往下閱讀...台中地檢署強調，該贓物庫全面引進無線射頻辨識技術（RFID），建構自動化與智慧化的證物與贓證物保管管理系統。透過於扣押物外包裝或標籤上植入微型 RFID 晶片，結合感應天線與行動盤點設備，實現贓證物入庫登記、調閱流向、庫房盤點及出庫銷毀的全流程數位化追蹤，確保贓物保管完整無虞。☆自由時報電子報提醒您，防詐騙專線︰165，報案專線︰110☆    ",https://news.ltn.com.tw/news/society/paper/1766425
夏莉絲托嬰家長列「7頁報告」控稽查流於形式 市府回應了,社會,2026/08/12 23:50,115年2月，家長反映嬰兒床置於逃生出口前，附上照片佐證，社會局當時公文清楚記錄「嬰兒床長期置於逃生出口前」，專案報告卻說現場無放置嬰兒床，僅現場責令保持淨空。（台北市議員簡舒培提供）首次上稿 06:12更新時間 23:50 新增社會局回應台北市社會局11日至議會民政委員會進行「夏莉絲托嬰中心不當對待案個案說明、北市托嬰中心稽查作為」專案報告。台北市議員簡舒培說，受害兒童家長10日看到報告內容，整理7頁「家長版專案報告」請議員代為轉達，並提出五大訴求：將長期違規問題視為管理疏失，而非單次疏忽；調閱出勤打卡紀錄，查明管理階層跨場所支援及代班狀況；社會局與教育局應共同檢視該集團的人事與影像，以免各自結案；對於重複出現之環境缺失，要從責令改善提高為實質裁處。請繼續往下閱讀...根據市府專案報告以及家長提供資料綜合比較，113年4月家長憂托育行為不當陳情，市府認定是因兒童鑽到桌下怕受傷，老師才將孩子帶離地墊，未達不當對待裁處要件；不過家長原本陳情內容提到老師把小孩「叫到一邊罰站」、「關進遊戲屋不讓回班級」，當年市府公文認定管教方式「恐易讓兒童害怕或難過，嚴重則影響情緒」。115年2月，家長反映嬰兒床置於逃生出口前，並附上照片佐證，且社會局當時公文清楚記錄「嬰兒床長期置於逃生出口前」，然專案報告時說現場無放置嬰兒床，僅現場責令保持淨空。至於監視器調閱問題，社會局說接獲陳情3日內會實地檢視影像，家長指出在多起陳情案中，社會局雖接獲調閱要求，但回覆公文常未提及調閱情形，或僅抽看極少天數。此外，市府因中心提供影像少4個工作天，於7月28日裁處6萬元罰鍰，可是家長仍質疑市府未查明短少原因是設備故障、自動覆寫還是人為刪除。同時指出該集團旗下四個場所的監視器影像無一保存完整，市府應跨局處合併檢視是否存在系統性滅證行為。家長也提及市府處分只針對第一線人員，主任、執行長、負責人等管理階層並無個別裁罰，且該集團管理階級有跨場所運作，如幼稚園長處理托嬰中心勞資爭議等。再者，老師跨場所代班支援可能影響師生比，市府查核卻僅確認行為人是否有在托嬰中心任職，沒有觸及出勤或是打卡紀錄。社會局於專案報告中提到，針對環境缺失多採無預警稽查，並現場責令改善。家長憂此舉流於形式，許多缺失為長期現象，定期查核或評鑑從未主動發現問題，所有缺失都是家長陳情或員工檢舉才查獲，如該中心113年評鑑原為甲等，因腸病毒通報降為乙等；狀況是由員工檢舉，非政府主動發現。另，平時陳情案件量也不會納入評鑑指標，無法了解機構真實管理狀況。有關115年2月陳情人反映嬰兒床置於逃生出口前，社會局回覆陳情人之公文並非說「嬰兒床長期置於逃生出口前」，而是現場提醒，該出口雖不是法定設置之逃生門，但可移動的嬰兒床放置於出入口前，亦可能已影響出入口動線，應該避免，預先提醒防患於未然。社會局依法行政，所有案件均須依據查證事實及相關法令規定辦理。對於民眾陳情案件，社會局皆會立即受理、查證並依法處理；如查有違法事證，將依法裁處，絕不寬貸；惟如經查證未發現違反法令之具體事證，依法即無裁處依據，仍會視個案情形要求機構改善、加強督導及持續追蹤，以維護幼兒照顧品質與權益。    ,https://news.ltn.com.tw/news/society/breakingnews/5536605
國軍高雄總醫院候診區天花板砸落 院方證實曝原因,社會,2026/08/12 22:52,國軍高雄總醫院候診區天花板掉落，冷氣排風管積水釀禍。（民眾提供）國軍高雄總醫院（原802醫院）候診區被爆料，昨（11日）晚天花板設備掉落，院方今天證實因冷氣排風管積水過重掉落，所幸並沒有任何人受傷，只是一場虛驚。國軍高雄總醫院說，事發於昨晚間21時10分許，因冷氣排風管積水，導致輕鋼架受力增加，承重不及而掉落，現場無人員受傷。請繼續往下閱讀...院方說，經專業技師檢修，已於今日上午修復完畢；另已要求全面普查空調管線及設備，確保醫院環境及人員安全。    ,https://news.ltn.com.tw/news/society/breakingnews/5537949
財神爺沒下凡！8/12 今彩539頭獎摃龜,社會,2026/08/12 22:15,8月12日開獎的今彩539頭獎摃龜。（本報合成）8月12日開獎的第115000195期今彩539頭獎摃龜。第115000195期今彩539中獎號碼為「07、12、17、20、32」。頭獎摃龜；貳獎共187注中獎，每注可得2萬元；參獎共6924注中獎，每注可得300元；肆獎共7萬8305注中獎，每注可得50元。請繼續往下閱讀...第115000195期39樂合彩中獎號碼為「07、12、17、20、32」。四合共7注中獎，每注可得21萬2500元；三合共213注中獎，每注可得1萬1250元；二合共1萬0759注中獎，每注可得1125元。第115000195期3星彩中獎號碼為「910」。壹獎共66注中獎，每注可得5000元。第115000195期4星彩中獎號碼為「9131」。壹獎共16注中獎，每注可得5萬元。確切中獎號碼以台彩網站公告為主，請見「台灣彩券網站」。今彩539、39樂合彩、3星彩、4星彩中獎號碼。（擷取自台彩官網）    ,https://news.ltn.com.tw/news/society/breakingnews/5537927
