Title,News_Type,date,content,url
李四川五股五福市場掃街 鄉親送好彩頭喊：一定凍蒜,政治,2026/07/31 19:35,國民黨新北市長參選人李四川（左）赴五股五福市場掃街，與攤商熱情互動。（李四川競辦提供）國民黨新北市長參選人李四川今天（31日）到五股五福黃昏市場掃街，受到攤商與鄉親熱烈歡迎，許多人主動握手，高喊「一定凍蒜」，攤商們也致贈菜頭、蒜頭等吉祥物，象徵「凍蒜」、「好彩頭」。在地民義里長陳添福、成德里長陳次芬全程陪同，新北市議員參選人蔡佩呈、鄭丞宏也一同掃街。李四川說，隨著輝達進駐北台灣，當選後他將推動蘆社大橋，串聯北士科、南軟、內科等AI高科技產業到蘆洲、五股，結合軌道運輸及台64線、台65線快速道路，一路延伸到土城、板橋、新店等地，打造兼具交通與產業機能的雙北「AI科技產業廊帶」，帶動更多高科技產業進駐新北，為新北青年創造更多優質就業機會。請繼續往下閱讀...李四川說，未來會持續前進第一線，傾聽基層聲音、回應市民需求，積極推動各項地方建設，不分顏色一起努力，打造更加便利、宜居的新北市。國民黨新北市長參選人李四川（右）赴五股五福市場掃街，向民眾爭取支持。（記者翁聿煌攝）    ,https://news.ltn.com.tw/news/politics/breakingnews/5524605
被台灣民代選民服務「震碎世界觀」！中國網友震驚留言吵翻天,政治,2026/07/31 19:17,"議員在Threads上直接處理市民問題，引發中國網友熱議。（取自陳世軒Threads）不少政治人物會透過Threads平台，與民眾第一線接觸，民眾反映市政貼文下方，選區民代也會出面關切、協助。不過，這件台灣人習以為常的事，近日吸引部分中國網友注意，並震驚表示：「世界觀重塑中。」新北市新莊區一位網友，本月22日在Threads上發文，標註該選區議員陳世軒，反映當地有一塊水溝孔蓋，只要下雨天，大人小孩經過都差點滑倒很危險。結果被標註的陳世軒在2分鐘後立刻現身留言表示「我處理」，幾天後就PO出照片表示「已改善完成」。貼文下方不少網友留言稱讚「效率真好」、「新莊土地公」。請繼續往下閱讀...有趣的是，下方還出現不少簡體字留言表示：「不是應該發到網上，然後上面把號封了，就算處理完了麼」、「我世界觀重塑了友友們」、「不太對吧，不是應該上報，然後等三個月過申訴期嗎」、「好羨慕你們的政府處理民生相關的小事的速度」。不少台灣網友也驚呼：「這篇一堆中國人留友看是怎麼回事？」、「留友看底下中國人反應」。不過，據查核，其中部分留言網友是來自新加坡或馬來西亞。知名旅義華裔作家李穎也在X上分享此事，引發大量中國網友討論。貼文下方網友紛紛留言：「求你離開脆好嘛李老師」、「這要是在朝鮮，你要提問題，先尋釁滋事了你」、「應該打電話刪影片刪評論，不聽話就上門服務」、「台灣人，一等公民；中國人，六等公民」、「老蔣要是不自私......我們也是這樣」、「這效率看得人有點愣」、「此生生於華夏，願來世成為台灣人」、「說了一些不利於團結的話」。不過，還是有一票中國網友氣噗噗表示：「打12345（政務服務便民熱線）就解決了」、「中國處理這種事情也很快的」。但也有網友回嗆：「自由世界裡，一個普通市民發個帖，議員兩天就修好了井蓋。你們那邊呢？寫申訴信、打12345、等幾個工作日，最後還被刪帖封號。你們心裡清楚得很——自由有多好，只是不敢說出口。所謂『世界觀重塑』，不過是被現實狠狠扇了一巴掌。」“世界观重塑中”7月22日，台湾新北市新庄区一名网友发帖，向当地议员反映一块水沟盖雨天湿滑，大人小孩经过时容易摔倒，希望协助改善。问题随后很快得到当地议员回应并处理，引来大量简体中文网友围观。评论区中，不少大陆网友留言称“世界观重塑中”“中国人进大观园”… pic.twitter.com/qpK8ZmM590— 李老师不是你老师 （@whyyoutouzhele） July 31, 2026 “世界观重塑中”7月22日，台湾新北市新庄区一名网友发帖，向当地议员反映一块水沟盖雨天湿滑，大人小孩经过时容易摔倒，希望协助改善。问题随后很快得到当地议员回应并处理，引来大量简体中文网友围观。评论区中，不少大陆网友留言称“世界观重塑中”“中国人进大观园”… pic.twitter.com/qpK8ZmM590    ",https://news.ltn.com.tw/news/politics/breakingnews/5524517
殺出程咬金！黃玉芬參選彰化市長？ 其父證實「應該會登記」,政治,2026/07/31 19:08,前彰化縣議員黃玉芬有意捲土重來參選彰化市長。（資料照）下屆彰化市長選戰將有重量級參選人？彰化市長選戰原本由民進黨彰化縣議員黃柏瑜，對決國民黨彰化市民代表會主席陳文賓，不過地方最近盛傳，曾代表國民黨參選上屆彰化市長的前縣議員黃玉芬，有意捲土重來，其父黃傳灝今（31日）證實「應該會登記參選」，他並估黃玉芬有4萬票基本盤，局面呈現三腳督，有一搏的實力。2018年彰化市長選舉中，參選人有民進黨林世賢、國民黨張東正與無黨籍黃玉芬，結果由林世賢當選，黃玉芬雖落居第3，但得票數高達3萬7006票；2022年彰化市長選舉中，林世賢面對5人大戰，最終順利連任，代表國民黨出征的黃玉芬斬獲3萬9755票，獲次高票。請繼續往下閱讀...黃玉芬的父親黃傳灝今天受訪時指出，他們經過評估後，認為黃玉芬這兩次市長選舉中得票數有增無減，下屆市長選戰評估有4萬票實力，讓下屆市長選舉呈現三腳督，以這兩次選舉投票數多在11、12萬票來看，頗有一搏的實力，「應該會去登記參選」。但由於上回黃玉芬是以國民黨身分參選市長，因此這次若確定參選，會先脫黨後再登記。民進黨參選人黃柏瑜強調，他仍舊按照自己的節奏來走，大家都有參選的權利，也是想要為彰化市好，祝福每一位參選人；國民黨參選人陳文賓則表示，大家都有參選的權利，他仍是按照自己步調來走，不會受他人影響。民進黨彰化市長參選人黃柏瑜與選民熱烈互動。（黃柏瑜提供）國民黨彰化市長參選人陳文賓實力堅強。（陳文賓提供）    ,https://news.ltn.com.tw/news/politics/breakingnews/5524617
第6屆監委卸任！白委立熄燈碑喊廢監院 藍委：嚴審拒絕政治酬庸,政治,2026/07/31 18:44,民眾黨立委與市議員參選人到監察院外召開「監察失靈、包庇權貴、監委失格記者會」，立「監察院熄燈日紀念碑」喊廢除監察院。（記者田裕華攝）第六屆監察委員今天任期屆滿，立法院民眾黨團於監察院前召開記者會，痛批監院運作失能、包庇權貴，並設置「熄燈紀念碑」表達堅決廢除訴求。白委說，主張推動修憲廢除考監兩院、回歸三權分立，全數不同意第七屆監委提名人選與刪除非必要預算。藍委則說，未來監委提名審查，不能再次淪為政治分配或酬庸，國民黨會嚴格檢驗每位被提名人。總統府6月11日公布第7屆監察院監察委員提名名單，監察院長由前台灣人權促進會會長陳永興擔任、現任監察委員王榮璋為副院長，而張菊芳、林惠芳等人則擔任監委。為爭取下屆監委被提名人在立院順利過關，總統府秘書長潘孟安於7月23日陪同29位監委被提名人拜會立法院長韓國瑜。請繼續往下閱讀...然而，現任監察委員任期今天屆滿，依規定，新任監察委員應於8月1日就職。不過應藍白主張廢監院，韓國瑜日前召集朝野協商「第七屆監察院人事同意權」，朝野同意於8月6日舉行公聽會，11日起展開實質審查。韓國瑜今天召集朝野協商，確定下會期9月29日開議，當天邀請行政院長施政報告，結束後立即進行人事同意權記名投票表決。國民黨立委羅廷瑋指出，這屆監委6年任期今天畫下句點，民眾對監院最深的印象，恐怕仍是「小事一直辦，大事沒人辦」。面對在野黨窮追猛打，遇到執政黨重大爭議卻時常高高舉起、輕輕放下，甚至連監委自身遭質疑濫用公務車，最後也僅以道歉收場。當監督者無法用同一套標準要求自己，又如何讓民眾相信監院能夠公正監督政府？甚至綠營過去在野時高喊廢考監，執政後卻遲遲未推動，反而繼續掌握監委提名權，把原本應該超越黨派、監督執政者的憲政機關，變成充滿政治色彩與雙重標準的機關。羅廷瑋說，未來監委提名審查，不能再次淪為政治分配或酬庸，國民黨會嚴格檢驗每位被提名人能否超越黨派、是否具備獨立調查及專業判斷能力，過去面對藍綠不同政黨時有無雙重標準；尤其要看他們面對提名自己的執政者時，究竟敢不敢查、能不能查到底。至於監察院的存廢，羅廷瑋也說，現階段立院仍會依照憲政職責，嚴格審查每位監委被提名人；未來若要推動制度改革，也必須完整處理彈劾、糾正、審計及人權保障等職權的承接，建立真正獨立、公正，並向民眾負責的監督制度。民眾黨立委許忠信指出，第六屆監委任內共受理約8萬2000件案件，實際提出糾正、調查等處理案件僅1336件，平均每位監委6年僅處理約2％，換算結果，29名監委績效，平均每人每個月成案不到1案，質疑監察院效率低落，部長級卻享有配車等資源，形同浪費公帑。許忠信說，黨團主張廢考監並推動修憲，將考試院併入行政院改制為考選部，監察院則併入立法院，形成行政、立法、司法三權分立體制，以有效監督行政、審理行政與立法間的法律爭議。另外，針對今年預算審查，除了會堅持刪除監院預算，對於此次監委提名名單，將全數不同意。民眾黨立委許忠信說，堅持刪除監院預算，監委提名名單也將全數不同意。（記者羅國嘉攝）國民黨立委羅廷瑋說，未來若要推動制度改革，也必須完整處理彈劾、糾正、審計及人權保障等職權的承接，建立真正獨立、公正，並向民眾負責的監督制度。（記者陳逸寬攝）    ,https://news.ltn.com.tw/news/politics/breakingnews/5524516
台南推動亞洲資產管理中心 聚焦金融創新與國際接軌,政治,2026/07/31 18:41,產官學齊聚台南座談，探討留才引資與資產管理新藍圖。（台南市政府提供）台南市府今於福爾摩沙遊艇酒店舉行籌設亞洲資產管理中心台南專區第二場產業座談交流會，透過主題演講、學者座談，探討現代資產管理專區特色、願景、專業管財、金融創新及推動地方留才引資之政策目標。本場產業座談交流，由成功大學交通管理科學系教授鄭永祥開場主講「台南亞資前瞻展望：智慧交通與ESG永續工程推動台南交通工程從『地方生活型路網』跨足『國際商務型路網』」，下半場政治大學會計系教授兼商學院副院長戚務君以「從在地製造到全球資本：台南亞資中心如何驅動亞洲資產管理新浪潮」主題交流金融資本，帶動大台南朝向資產管理趨勢。請繼續往下閱讀...接續登場的專家座談會，以「迎向科技都心與人本永續：亞洲資產管理中心引領台南留財、引才、育才的新藍圖」為題，由亞洲資產管理中心台南金融專區計畫暨產業跨域創新計畫協同主持人吳明和博士擔任引言人，並由安侯企業管理股份有限公司顧問部副總經理張惠欣擔任主持人，邀鄭永祥教授、戚務君教授，以及富蘭克林證券投資顧問總經理陳詩舜共同與談，從學術研究、產業實務與金融服務等多元面向，深究金融資本累積、專業人才招攬、人才訓練培育等議題。經發局長張婷媛指出，台南專區除持續與金管會協調外，也同步研擬進駐誘因及相關配套措施，廣泛蒐集各方意見，作為後續推動的重要依據。未來專區將聚焦企業財富管理、家族企業傳承、跨境投資及資產配置等多元服務，吸引金融機構業者進駐，逐步完善台南金融服務量能，協助在地企業鏈結國際市場，打造兼具產業特色與國際競爭力的資產管理中心。座談交流會匯聚產官學界，分享台南產業特色與競爭力的資產管理模式。（台南市政府提供）    ,https://news.ltn.com.tw/news/politics/breakingnews/5524562
第6屆監委卸任》鍾佳濱曝下屆被提名人審查標準：需認同未來廢除監院,政治,2026/07/31 18:41,民進黨立委鍾佳濱。（資料照）第6屆監察委員任期屆滿，於今（31日）正式卸任，立法院將在8月召開1場公聽會、5天全院委員會審查第7屆監察院人事同意權案，預計於下會期表決。對此，民進黨立委鍾佳濱談及審查標準時表示，被提名人需認同廢監院的主張。不過，他也說，若藍白不先降低修憲門檻，只主張廢監察院，就是在打假球。今天是監委任職的最後一天，鍾佳濱接受本報訪問指出，過去兩年立法院封殺監察院業務費，把監察院的運作經費都砍掉，缺乏公平的基礎，所以他無法評價這屆監委的表現。請繼續往下閱讀...針對立法院下月將開始審查第7屆監察院人事同意權，鍾佳濱提出，對於下屆監委被提名人的審查標準，他有兩個條件。第一，被提名人必須認同未來要廢除監察院的主張；第二，被提名人在修憲廢除監察院前，他必須有能力承擔現在憲政結構下，部分國會權的行使能力。至於藍白多次主張廢除監察院，鍾佳濱表示，三權分立向來是民進黨對憲政體制的主張，過去在野期間就曾透過修憲程序提案，卻未能獲得當時多數黨國民黨的支持。2006年後修憲門檻拉高到要透過公民投票才能定案，但門檻實在太高，像上次18歲公民權，儘管朝野都支持，最後在公民投票仍未通過。鍾佳濱認為，知其不可為而為之就是現在藍白的寫照，他們知道廢除監察院的修憲無法通過，所以才做出政治假球的主張。如果在野黨真的希望廢除監察院，就應該先從降低修憲門檻開始，朝野可以坐下來談，否則任何修憲提案都不會通過。如果不討論修憲門檻，就直接主張廢監察院，就是在欺騙社會。    ,https://news.ltn.com.tw/news/politics/breakingnews/5524573
基隆安樂區議員 民進黨提名童子瑋秘書劉韋巡,政治,2026/07/31 18:16,民進黨基隆市黨部今天公告第三波提名，安樂區提名劉韋巡參選。（劉韋巡提供）首次上稿 12:54更新時間 18:16 新增黃永翔回應2026年11月28日舉行的基隆市第21屆議員選舉生變！民進黨基隆市黨部日前已經公開宣布的安樂區市議員提名作業，共提名現任議員的張之豪、吳驊珈與民調勝出的新人黃永翔，由於民進黨中央評議委員會6月30日討論，依據民進黨紀律評議裁決條例規定，黨員同志黃永翔因涉及公務員登載不實文書罪，給予除名處分。民進黨基隆市黨部臨時執行委員會昨天（30日）通過提名民調第2順位的劉韋巡，民進黨基隆市黨部今天公告。請繼續往下閱讀...對此，黃永翔說，他現在是民進黨黨友，並非民進黨員，對於民進黨基隆市黨部的決定，不便多做回應；黃永翔會爭取廣大市民的認同與支持，當選後以市民的福祉做問政考量，做好議員的角色。民進黨基隆市黨部公告後，2026年基隆市議員選舉，民進黨基隆市議員選舉目前已提名13人，包括中正區（第一選區） 江清容、黃紀仁、信義區（第二選區）陳宜、陳軍佐；仁愛區（第三選區）鄭文婷；中山區（第四選區）施偉政、吳巧瀅；暖暖區（第六選區）朱書昕；七堵區（第七選區）曾怡芳；安樂區（第五選區）張之豪、劉韋巡、吳驊珈。另外，山地原住民議員選舉徵召高願孝（保羅·都樹）全部各選區將提名13人參選。劉韋巡今天說，他懷著感恩與謙卑的心，正式接受民主進步黨提名，參選基隆市安樂區議員。這份提名，對他而言，不只是榮耀，更是一份沉甸甸的責任，也是鄉親對他的一份期待。這一路走來，他始終沒有離開基隆，沒有離開安樂，更沒有停止服務。在基隆市議長童子瑋身邊擔任秘書的這段日子，他跟著議長深入地方、傾聽民意、推動市政，也更加體會，一位真正的民意代表，不只是提出問題，更要有能力解決問題；不只是說得漂亮，更要做得踏實。他也向大家鄭重承諾，未來無論身處任何職位，他都將一生秉持「清廉、勤政、愛鄉土」的信念。他會用最嚴格的標準要求自己，不利用職務謀取私利，不接受任何不法利益，不讓任何人懷疑操守，更不辜負每一位支持的鄉親以及黨內同志們所託付的信任。距離投票，只剩下最後4個月，但我已在安樂服務超過7年，每天都不敢懈怠，他早已準備好，為更多鄉親服務。請給他一次機會，讓他進入議會，延續服務地方的初心；讓他繼續和童子瑋攜手努力，拿下2026的勝利！翻轉基隆！民進黨基隆市黨部今天（31日）公告第三波提名，安樂區提名劉韋巡。（民進黨基隆市黨部提供）    ,https://news.ltn.com.tw/news/politics/breakingnews/5524048
美跨黨派議員來台力挺！賴清德：盼台美攜手無人機「非紅供應鏈」,政治,2026/07/31 18:02,總統賴清德今（31日）在總統府接見美國聯邦眾議院外交委員會亞太小組主席金映玉（Young Kim）訪問團。（圖由總統府提供）總統賴清德今（31日）在總統府接見美國聯邦眾議院外交委員會亞太小組主席金映玉（Young Kim）訪問團。賴清德強調，無人載具已成為現代防衛不可或缺的戰力，台灣具備半導體、資通訊、精密製造等優勢，盼台美合作打造安全可信賴的「非紅供應鏈」，提升民主夥伴的研發及量產能力，更迅速回應國防與國際市場的需求。賴清德致詞時特別回顧，他上次與金映玉見面，是他2024年就任總統後接待的第一個美國國會議員訪問團，很高興再度見到金映玉率團來訪，展現美國國會對台灣一貫的支持，他要代表全體台灣人民表達誠摯歡迎和感謝。請繼續往下閱讀...賴清德說，今年美國慶祝建國250週年，台灣也迎來總統直選30週年。兩段民主歷程都提醒，台灣與全球的民主得來不易，需要一代又一代的人民共同守護。他感謝訪團跨黨派議員以實際行動支持台灣，展現民主夥伴彼此扶持，也特別感謝金映玉長期在國會推動各項友台法案，持續深化台美夥伴關係，為雙邊合作拓展更大的空間。談及區域局勢，賴清德指出，當前中國持續升高對台軍事壓力，加劇灰色地帶侵擾。台灣的立場始終明確，不挑釁、不冒進，也不屈服、不退讓，堅定維護台海和平穩定的現狀。他強調，和平靠實力，台灣會持續增加國防預算，強化全社會防衛韌性，也會深化與民主夥伴的合作，展現共同嚇阻侵略、因應威脅的決心與能力。賴清德說，無人載具已經成為現代防衛不可或缺的戰力，各國都在尋找安全可靠的供應來源。台灣具備半導體、資通訊、精密製造的優勢，正迎來無人機產業發展的重要機會。政府除了提出採購無人載具特別預算，也已依據國防需求，推動無人機從研發測試走向量產。國家中山科學研究院近期也通過美國國防供應鏈嚴格的資安評鑑，展現台灣接軌國際規範、保護關鍵技術的能力。賴清德強調，期待台灣和美國攜手合作，打造安全可信賴的「非紅供應鏈」，全力發展無人機產業，提升民主夥伴的研發及量產能力，更迅速回應國防與國際市場的需求。從民主價值、區域安全到科技合作，非常感謝長期得到美國國會與政府的支持，台灣才有辦法一路走到今天，期待雙方一起努力，為印太和平、穩定及繁榮做出更多貢獻。總統賴清德今（31日）在總統府接見美國聯邦眾議院外交委員會亞太小組主席金映玉（Young Kim）訪問團。（圖由總統府提供）    ,https://news.ltn.com.tw/news/politics/breakingnews/5524533
自由說新聞》揭癌油被帶風向！中國人「地獄梗」神邏輯嗆爆藍白,政治,2026/07/31 17:50,全新的視界！新聞話題不漏接，快訂閱YouTube 【自由追新聞】，記得開啟小鈴鐺哦！    ,https://news.ltn.com.tw/news/politics/breakingnews/5524519
台灣時間緊迫！金映玉提2戰爭示警：須擴大無人機採購製造,政治,2026/07/31 17:50,總統賴清德今（31日）在總統府接見美國聯邦眾議院外交委員會亞太小組主席金映玉（Young Kim）訪問團。（總統府提供）總統賴清德今（31日）在總統府接見美國聯邦眾議院外交委員會亞太小組主席金映玉（Young Kim）訪問團。金映玉以烏俄與中東戰事為鑑，強調台灣必須大規模採購並製造無人機，時間緊迫，完善的無人載具條例必須儘早通過。金映玉致詞時指出，本次跨黨派訪問團成員來自加州、維吉尼亞州、愛荷華州及德州，這些州與台灣的經濟文化連結日益強健，來到台灣的目的，是希望展現美國國會對台灣堅實深厚的跨黨派支持，相信安全、自由的台灣，對於美國及印太地區的安全都至關重要。請繼續往下閱讀...金映玉說，此行正面迎擊來自中國共產黨的威脅，這條路固然艱鉅，但只要通力合作，一定可以克服挑戰。台灣採取越多具體作為，美國就能給予更多支持，嚇阻是無法獨自達成的，必須要相互配合，以利提供所需的協助。據此，金映玉表示，維護和平需要靠實力，她祝賀並肯定台灣目前朝此方向採取的行動，感謝台灣承諾將國防預算提升至國內生產毛額（GDP）的5%，今年稍早通過的新台幣7800億元國防特別預算也是一項了不起的成就，很高興看到台灣正在擬定新的無人載具採購相關條例。金映玉提醒，從烏克蘭及伊朗的戰事可見，台灣必須大規模採購並製造無人機，時間緊迫，完善的無人載具條例必須儘早通過。然而，通過無人載具條例並非台灣努力的終點，台灣在國防上邁出的每一步，包括強化後備戰力等措施，都將使世界各地的自由人民更加堅定，抵抗中國共產黨的惡意企圖。金映玉說，美國國會也扮演重要角色，包括加速台灣軍購交付、呼籲國際組織納入台灣、支持台灣的邦交國、準備好危機發生時的經濟對策，以及促進雙邊觀光交流等。美國國會採取這些行動，都是為了展現對台灣的持續支持。美國聯邦眾議院外交委員會亞太小組主席金映玉（Young Kim）。（總統府提供）    ,https://news.ltn.com.tw/news/politics/breakingnews/5524497
傳陳見賢允為邱臣遠站台 徐欣瑩：對藍白合仍樂觀期待,政治,2026/07/31 17:50,國民黨新竹縣長參選人徐欣瑩今天受訪時強調，「藍白合的部分，我們還是非常地樂觀以及期待」。（記者廖雪茹攝）針對日前傳出新竹縣副縣長陳見賢與民眾黨竹北市長參選人邱臣遠會晤後，允諾未來將替邱站台，且不會輔選被視為國民黨新竹縣長參選人徐欣瑩子弟兵的吳旭智，讓外界質疑竹北藍白合作恐添變數。對此，徐欣瑩今天受訪強調，「藍白合的部分，我們還是非常地樂觀以及期待」。國民黨與民眾黨擬合作共推竹北市長參選人。不過，日前傳出欲參選竹北市長的前竹市副市長邱臣遠，與新竹縣副縣長陳見賢會晤，陳並允諾未來將替邱站台，且不會輔選國民黨提名的新竹縣議員吳旭智，引發地方政壇高度關注。請繼續往下閱讀...對此，徐欣瑩今天受訪時表示，若只是「傳說」，希望外界不要刻意擴大解讀。她指出，陳見賢擔任副縣長多年，在地方深耕已久，各界有意參選者前往拜會、交換意見都屬正常情況，不宜過度政治化解讀。針對外界關注的藍白合作議題，徐欣瑩表示，她對藍白合作仍抱持樂觀與期待的態度。她認為，國民黨與民眾黨高層一直都有合作共識，相信兩黨主席之間存在良好的協調機制，朝共同目標努力，也希望透過理性溝通，尋求最有利於非綠陣營整合的方式。地方政壇人士分析，竹北市長選舉牽動新竹縣整體選情。陳見賢與徐欣瑩在國民黨新竹縣長初選期間所造成的裂痕迄今未修補，在民眾黨推出邱臣遠、國民黨提名吳旭智後，藍白如何協調參選布局，將成為影響年底選戰的重要觀察指標。    ,https://news.ltn.com.tw/news/politics/breakingnews/5524475
台北律師公會理事改選！張益贍曝黃國昌「超慘得票」：笑死,政治,2026/07/31 17:36,民眾黨主席黃國昌。（資料照）全台最大的律師公會「台北律師公會」第31屆理事選舉正式候補名單於昨（30）日出爐，民眾黨主席黃國昌也位列其中，不過僅得3票，還輸給網紅律師「蕭告」。前民眾黨中央委員張益贍今日在臉書分享該名單表示：「哈哈哈哈哈。笑死。」台北律師公會近日公布第31屆理事、監事選舉當選名單。理事當選者部分，得票最高者為林俊宏律師，奪下2031票；而在備取名單中，第一名為斬獲240票的知名網紅律師「蕭告」，黃國昌則以3票上榜。請繼續往下閱讀...另外，前民眾黨立委黃珊珊、前台北市長柯文哲京華城案的辯護律師鄭深元也各得1票。在社群平台相當活躍的律師林智群、呂秋遠則皆獲2票。張益贍今日在臉書發文分享該名單表示：「哈哈哈哈哈。笑死。律師公會理事改選，超速仔只得3票。」吸引超過300則留言討論。網友紛紛表示：「蕭告X打超速仔」、「蕭告律師240票，瘋狗立委3票」、「還有3個87投他耶」。多位網路知名律師也上榜。（取自台北律師公會網站）    ,https://news.ltn.com.tw/news/politics/breakingnews/5524217
中國海警船侵擾東部海域  陸委會：持續密注監控,政治,2026/07/31 17:29,中國海警船侵擾我東部海域，海巡署派「台北艦」等艦艇監控中。（記者邱俊福翻攝）美國在台協會28日在臉書公布台美海巡艦艇同框照片後，中國海警局發言人姜略表示，7月31日其海警秀山艦編隊在台灣東部海域「常態化執法巡查」。對此，陸委會今（31）日表示，針對中共海警妄稱在我東部海域「執法巡查」一節，海巡署已運用聯合情監偵手段持續密注監控，未來也將持續堅定在台灣周邊海域妥適執法，捍衛國家主權與海洋權利，請國人放心。海巡署表示，透過運用聯合情監偵手段，嚴密掌握中國海警2305「秀山艦」、1401「崇明艦」動態，今日8時許，這2艘中國海警船分別位於蘭嶼東方約151浬，以及蘭嶼東北方約43浬滯留漂航，目前由「台北艦」等艦艇監控，全程掌握中。請繼續往下閱讀...海巡署並指出，中華民國臺灣是主權獨立的國家，與中華人民共和國互不隸屬，中國惡意以政治操作的方式，宣稱「中國台灣島」及「執法巡查」等虛假訊息，除嚴正譴責中方悖離現實，也將持續採取一切必要手段，堅定捍衛國家主權，確保我國海域安全。    ,https://news.ltn.com.tw/news/politics/breakingnews/5524443
蘆竹「廣川漾」農地違規使用  桃市府要求8月15日前恢復農用,政治,2026/07/31 17:26,桃園市政府農業局、地政局、蘆竹區公所與蘆竹地政事務所等相關單位，30日派員前往「廣川漾」建案現場現勘，確認現況仍為農地非農用。（記者周敏鴻翻攝）因立委萬美玲家族連串新聞事件，而受到注目的桃園市蘆竹區廣川建設「廣川漾」建案，其中蘆竹區新福段209地號涉及違反「農業發展條例」，使用農地設置停車位，桃園市政府官員表示，廣川建設雖已聲明將恢復農業使用，但市府仍將要求業者最遲須於8月15日前完成恢復農用。市府官員強調，廣川建設明知法令規範，仍違法將農地作為停車使用，並衍生消費爭議，市府嚴正譴責；廣川建設若逾期仍未改善，市府將依法廢止相關許可，並啟動強制拆除程序，執行費用也會依法向廣川建設追償；至於有關農地違反農業使用部分，則將依區域計畫法裁處到恢復改善為止。請繼續往下閱讀...市府官員指出，廣川建設表示願意買回已出售農地，市府已正式發文要求建商於8月底前完成與消費者的協商與處理方案；若雙方屆時未達成共識，市府會協助消費者進入調解程序，必要時也將協助消費者集體訴訟，確保消費者的合法權益。至於廣川建設另有1預售建案也傳出銷售違法停車位一事，市府官員說明，預售屋銷售須誠實揭露告知，不得違法將農地作為停車使用銷售，市府已要求建商提供契約並儘速說明，違法也將依法裁處；特定人士未提出任何具體事證，僅憑臆測即影射市府公務人員涉入相關爭議，「市府嚴正澄清，相關指控毫無事實基礎」。    ,https://news.ltn.com.tw/news/politics/breakingnews/5524461
要儘快去做！美眾議員金映玉促立院盡可能多造、多買無人機,政治,2026/07/31 17:11,美國聯邦眾院外交委員會亞太小組主席金映玉訪問團一行今日拜會總統賴清德，左起國安會秘書長吳釗燮、美國聯邦眾議員克勞德（Michael?Cloud）、金映玉（Young Kim）、蘇布拉馬尼亞姆（Suhas?Subramanyam）、芬斯特拉（Randy?Feenstra）及美國在台協會處長谷立言。（記者叢昌瑾攝）美國聯邦眾議院外交委員會東亞暨太平洋小組委員會主席金映玉（Young Kim）率領跨黨派訪問團訪台，訪團今（31日）下午晉見總統賴清德後對媒體發表談話。金映玉表示，21世紀無人機是戰爭的核心，「我們希望立法院能夠發出強烈的需求訊號，盡可能多地製造與採購無人機，而且要儘快去做」。金映玉指出，訪團是在「非常重要的時刻」來到台灣，中國、俄羅斯、伊朗與北韓之間的「邪惡同盟」一天比一天更大膽、更強大，中俄剛結束一場旨在恫嚇印太自由人民的聯合海上巡航，「我們的對手所構成的威脅是真實存在的」；訪團此行就是要找出國會可以如何提升台海穩定、維護自由開放印太的作法。請繼續往下閱讀...她說，要恭喜台灣已經跨出重要一步，強化自身以因應中國共產黨所造成的威脅，美國國會也在盡本分，包括致力加速對台軍售交付；國會對台支持依然強勁且非常跨黨派，「但我們都必須做得更多，而且要更快，我們的對手沒有休息，所以我們也不能」。金映玉並引述前美國總統雷根名言指出，通往和平最好的道路就是實力，雙方必須一起以實力打造和平。金映玉也提到，美台夥伴關係持續深化，台積電在亞利桑那州的指標性晶圓廠已投產運轉、近期又宣布更多投資，美方對此表示歡迎；雙方在教育、文化與商業交流上的人民對人民連結也空前蓬勃，美方並支持提升台灣參與國際組織的努力。她形容台灣是印太地區「民主、韌性與創新的燈塔」，美國以與台灣站在一起為榮，「不只是作為夥伴，更是作為堅定的朋友」。國安會秘書長吳釗燮介紹訪團時表示，金映玉持續不懈推動通過支持台灣的法案，包括「台灣不歧視法案」、「台灣團結法案」、「軍售交付解決方案法案」等。同行的維吉尼亞州眾議員蘇布拉曼亞姆（Suhas Subramanyam）為國會台灣連線成員，曾連署反制中國對聯合國大會第2758號決議錯誤詮釋的決議案；德州眾議員克勞德（Michael Cloud）長期與我駐美代表處合作，力挺台灣參與世界衛生組織（WHO）；愛荷華州眾議員芬斯特拉（Randy Feenstra）則參與多項支持台灣在國際組織正當角色、反制2758號決議錯誤詮釋及「六項保證法案」的倡議。蘇布拉曼亞姆表示，他是眾院監督委員會軍事與外交事務的首席議員，此行要重申美台堅強關係，並明確表達支持這項關係是跨黨派的努力；台美目前透過強健的經濟連結與防衛連結緊密相連，「我們要再次感謝立法院通過強化國防所需的250億美元（指7800億元國防特別預算）」，也鼓勵通過更多用於無人機等國防武器的預算。克勞德指出，威權主義的侵略者「不會因為我們的善意祝福而退縮，也不會被我們的美好期望所嚇阻，他們只聽得懂一種國際語言，那就是實力」；自由人民共同期盼區域和平，但和平唯有透過實力才會到來。他表示，美方支持台灣所提出的國防預算，並鼓勵持續增加，並引述曾面對威權主義並取得勝利的美國總統（雷根）的警語，「自由不會自動在血脈中傳遞」，必須為它奮戰、加以保護，並交棒給下一代。芬斯特拉則聚焦經貿指出，台灣過去一年經濟成長超過10%、GDP成長10%、失業率僅3%，所得與債務比為各國稱羨；台美雙方現在則以朋友身分，透過2500億美元投資的備忘錄共同壯大彼此經濟。圖為美國聯邦眾議員金映玉（Young Kim）。（記者叢昌瑾攝）    ,https://news.ltn.com.tw/news/politics/breakingnews/5524392
接見美國印太安全研究所訪團 林佳龍期待美國持續展現對台政策一致性,政治,2026/07/31 17:11,"外交部長林佳龍30日接見由美國「印太安全研究所」（Institute for Indo-Pacific Security, IIPS）主席薛瑞福（Randall Schriver）所率訪團。（外交部提供）外交部長林佳龍昨（30）日接見由美國「印太安全研究所」（Institute for Indo-Pacific Security, IIPS）主席薛瑞福（Randall Schriver）率領的訪團。林佳龍表示，昨日上午陪同總統賴清德接見訪團後，下午雙方再於外交部持續深入交流，雙方就台海情勢、台美關係、經濟安全、供應鏈韌性及人工智慧（AI）發展等議題廣泛交換意見，也激盪出許多新的想法。林佳龍表示，他在會中也藉此機會分享台灣的立場，盼讓訪團學者掌握第一手訊息，並將台灣的觀點帶回華府。他指出，「台灣不是中華人民共和國的一部分」，台灣人民珍惜民主自由的生活方式，也希望下一代能夠繼續擁有決定自己未來的權利，「這些都是台灣社會十分堅定的共識」。請繼續往下閱讀...林佳龍表示，真正企圖改變現狀的，是中國持續擴張軍事力量、升高灰色地帶施壓，並運用法律戰、認知作戰與經濟脅迫，不斷壓縮台灣的國際空間，甚至挑動社會對立與仇恨。因此，「台灣不是區域不穩定的因素，更不是大國競爭中的談判籌碼。」相反地，台灣只是中國合理化軍事擴張的藉口，而這樣的壓力，日本、菲律賓、澳洲等印太國家都能深刻感受到。林佳龍表示，大國之間的互動，不應忽視盟友與夥伴。台灣不是談判籌碼，更不是妨礙美中關係的第三方因素。他期待美國持續展現對台政策的一致性，向外界傳達正確而清楚的訊息，這也有助於台美企業持續深化合作、共創繁榮。展望未來，林佳龍最後表示，「台美合作關係應進一步邁向『共生夥伴關係』」，在經濟上推動避免雙重課稅；在國防合作上，從採購邁向共同研發、共同生產，成為共同分擔第一島鏈安全責任的夥伴，為印太和平與繁榮作出貢獻。    ",https://news.ltn.com.tw/news/politics/breakingnews/5524355
攜手志工編織碧潭堰「襄蟹道」 李四川：打造新北為大河之都,政治,2026/07/31 17:07,國民黨新北市長參選人李四川（右二）與志工一同彩繪和拼接麻布袋，協力打造碧潭偃毛蟹返家的「襄蟹道」。（記者翁聿煌攝）國民黨新北市長參選人李四川今天（31日）到新店參加毛蟹「越堰」人工協力設施實作活動，在若施恩㤫坊執行長游進裕帶領下，與志工一起彩繪、拼接麻布袋，協力打造碧潭堰毛蟹返家的「襄蟹道」。李四川在麻布袋上寫下「川流暢四海、蟹訊傳萬代」，承諾若擔任市長會攜手各界持續推動河川生態復育，讓河川成為新北最美麗的風景之一，打造新北為大河之都。碧潭堰環境近年持續優化，毛蟹已連續多年出現越堰行為，若施恩㤫坊進一步打造專屬「襄蟹道」，透過人工輔助協助小毛蟹安全翻越堰體、重返上游溪流，李四川今前往頂城活動中心，與志工共同編織「襄蟹道」，並了解毛蟹洄游現況，見證這條守護毛蟹返家的道路，新北市議員黃心華、陳儀君、劉哲彰、市議員參選人游皓麟也到場共襄盛舉。請繼續往下閱讀...李四川說，自己做了40年工程，大多在鋪路架橋，但今天的「襄蟹道」不只是一條路，而是融合道路、生態與記憶的一條路。他也分享兒時親水回憶，承諾未來擔任市長，將攜手各界力量讓新北的河川繼續發揮生命力，全力支持各項生態復育工作、參與擔任志工，讓河川生態成為新北最美麗的風景之一。李四川說，新北市擁有淡水河、新店溪、大漢溪、基隆河4條河流，是台灣少見坐擁豐沛水岸資源的城市。一座大都市必有一條代表性的河流，河流是新北市重要城市資產，也是市民共同記憶的載體，未來將延續侯友宜市長的建設基礎，持續打造新北成為生態與生活共好的「大河之都」，讓河流不只是城市風景，更成為市民生活、文化與記憶的一部分。李四川參加毛蟹「越堰」人工協力設施實作活動，協力打造碧潭偃毛蟹返家的「襄蟹道」。（記者翁聿煌攝）    ,https://news.ltn.com.tw/news/politics/breakingnews/5524353
民眾黨質疑績效喊廢院 監院駁斥錯誤統計：勿粗暴刪預算癱瘓職權,政治,2026/07/31 17:02,民眾黨立委與市議員參選人到監察院前召開「監察失靈、包庇權貴、監委失格記者會」，秀出「監察院熄燈日紀念碑」海報表達廢除監察院訴求。（記者田裕華攝）台灣民眾黨立法院黨團今（31）日召開記者會，質疑監察院監察職權行使情形，就調查案件數及廢除監察院等議題提出批評。監察院回應，監院均依法獨立行使職權，實質發揮監督效能；嚴正呼籲，制度存廢應依憲法程序審慎處理，而非以片面粗暴刪除預算方式癱瘓職權行使，籲請各界客觀理性討論。民眾黨指稱，監察委員平均每人處理之調查案件數低落，監察院說，該說法係以片面且失真的統計方式推斷監察成效，未正確反映辦理案件之數量、程序、複雜程度及實際工作內容。監察案件自立案後，須經履勘、約詢、調卷、蒐證及委員會審議追蹤等嚴謹慎重的法定程序，外界以錯誤統計基礎批評指謫，明顯有失客觀，並誤導民眾造成社會大眾誤解，殊非妥適。請繼續往下閱讀...監察院強調，前開案件不論屬調查、糾正或彈劾，均秉持公正及獨立行使職權原則辦理。各項調查成果均依法公開於網站，接受社會各界檢視；至於尚在調查中或涉及個案內容者，依法仍須遵守「監察法」第26條保密規定。監委向來主動就重大公共議題立案調查，積極行使陽光四法各項廉政業務，展現積極有為之實效，絕非所稱毫無作為。關於民眾黨記者會所提廢除監察院議題，監察院重申，對於修憲議題及各界討論均予尊重。惟監察權作為行政權之外部監督機制，同時肩負人民權益救濟的重要功能，制度存廢應在充分理性討論及社會共識基礎上審慎處理。監察院警告，若以片面粗暴刪除監察院預算方式，癱瘓監察院職權行使，勢將影響調查、巡察、人權、廉政及人民陳情等法定職權之執行，亦將衝擊院區設施維護、資訊安全等基本行政運作及權利保障。監察院最後呼籲，公共評論應以客觀事實為基礎，而非流於情緒性批評或政治攻防，更不宜因個別案件處理結果未符特定期待，即全盤否定監察院依法行使職權及多年監察成果，以免誤導社會大眾。    ,https://news.ltn.com.tw/news/politics/breakingnews/5524345
日網友提醒漏了賴清德！高市早苗再發文感謝各國慰問這次有提台灣,政治,2026/07/31 17:00,"日本首相高市早苗。（法新社）日本熊本28日發生芮氏規模7.1強震並導致嚴重災情。事發後，各國政府紛紛發聲慰問，日本首相高市早苗也在昨（30）日發文感謝，不過第一時間就公開發文慰問的總統賴清德卻遭遺漏，不少日本網友看不過去，在高市貼文下方留言「提醒」甚至批評她失禮。今日下午，高市再度發文，感謝各國與國際組織的慰問，這次也提到了台灣。高市早苗30日在X發文，對這幾天發聲關心地震的各國元首表示感謝。她說：「各位的鼓勵，給予了日本國民莫大的勇氣。此外，對於至今許多國家及國際組織等主動提出援助的意願，我也深表謝意。」貼文中她還點名感謝了南韓總統李在明、義大利總理梅洛尼、法國總統馬克宏等多位元首，但卻漏了第一時間就發文致意，並指示內政部消防署特種搜救隊整裝待命的賴清德。請繼續往下閱讀...對此，不少日本網友留言提醒甚至質疑：「別忘了台灣的賴清德總統也獻上了慰問之意喔」、「為什麼要無視來自台灣的關心？」、「真是失禮至極呢」、「難道對台灣就什麼都不說嗎？」、「希望您不是因為中國共產黨才不提台灣，不然對當初讓您勝選的日本人也太不值得了」。高市早苗今日再度發文表示：「針對令和8年熊本地震，截至今日，我們收到了來自許多國家、地區以及國際組織的溫馨慰問訊息與具體支援提議，在此再次表達最深切的感謝。」貼文之中，高市早苗列出56個國家，以及7個國際組織/機構，其中就包含了台灣。令和８年熊本地震に対し、今日現在で多くの国・地域、国際機関の皆様から、温かいお見舞いのメッセージや具体的な支援の申し出をいただいており、改めて深く感謝申し上げます。…— 高市早苗 （@takaichi_sanae） July 31, 2026 令和８年熊本地震に対し、今日現在で多くの国・地域、国際機関の皆様から、温かいお見舞いのメッセージや具体的な支援の申し出をいただいており、改めて深く感謝申し上げます。…    ",https://news.ltn.com.tw/news/politics/breakingnews/5524366
很多區域立委支持倒閣 賴士葆：關鍵在鄭麗文點頭做這件事,政治,2026/07/31 16:55,國民黨立委賴士葆。（資料照）台北市長蔣萬安近日拋出倒閣議題，更傳出國民黨研議禮讓5席不分區立委席次給民眾黨，以換取後續合作。國民黨立院黨團總召傅崐萁今日表示，目前這個議題在國民黨團內部沒有太多討論的聲音。不過，支持倒閣的國民黨立委賴士葆指出，相當多的區域立委都支持，他直言，若黨主席鄭麗文願意點頭，與民眾黨協調不分區立委席次的合作方式及選舉佈局，就有推動倒閣的可能。蔣萬安日前就中聯毒油案提出倒閣議題，蔣萬安表示，此舉不僅讓行政院長卓榮泰下台負責、落實責任政治，也可以化解政治僵局，並點名高雄市長陳其邁是很好的閣揆人選。不過，傅崐萁今日表示，目前這個議題在國民黨團內部沒有太多討論的聲音。在民主討論的過程中，任何想法都是尊重，最後一定會凝聚共識，做出何種結論都充分尊重。請繼續往下閱讀...賴士葆表示，目前國民黨內有不少立委支持倒閣，相當多的區域立委都支持，他同意能否發動倒閣，黨團還需要凝聚共識。關鍵仍在於主席鄭麗文的態度，鄭麗文若點頭，就有能力協調民眾黨主席黃國昌，討論不分區立委席次的合作方式及選舉佈局，若能妥善處理，就有推動倒閣的可能。賴士葆說明，倒閣後有兩種可能，一種是更換行政院長，另一種是解散國會重新改選。目前整體政治情勢對在野陣營相對有利，只要整合成功，即使重新改選，也未必對在野黨不利。而解散國會依法須在2個月內完成改選，時間上若能與11月的縣市長選舉時程搭配，會是一個好的方案。賴士葆指出，過去也曾有縣市長和立委一起選舉的前例，若能藉此建立新的政治慣例，讓行政權更加尊重國會，也未必是壞事，民主制度本來就是在一次又一次的政治實踐中持續前進。    ,https://news.ltn.com.tw/news/politics/breakingnews/5524416
中和公公殺媳案新北市府未接獲家暴通報 江怡臻籲從法律諮詢窗口等方面補強,政治,2026/07/31 16:54,新北市中和區近期發生狠公公多刀砍殺媳婦命案受矚，新北市議員江怡臻質詢要求加強社安網。（記者黃子暘攝）新北市中和區近期發生狠翁多刀砍殺媳婦命案，引發全國關注。新北市議員江怡臻今（31）日質詢表示，此案在事前並未有家暴、脆弱家庭通報紀錄，但「零通報不代表零風險」，要求市府從區公所、戶政、婦女中心、法律諮詢窗口等加強辨識轉介流程。社會局長李美珍指出，未有特別統計未通報卻發生重大家暴事件致死案數量，但此案發生後瀏覽去年度統計有4案，市府將加強相關第一線敏感度。江怡臻說，中和案事發前未有家暴案件或脆弱家庭通報紀錄，建議社會局會同警政、教育、衛生及民政等單位，回溯案家過去是否曾因婚姻、經濟、子女照顧或法律問題接觸服務窗口，檢視是否曾出現警訊，她也建議盤點近年有多少家暴致死、重傷或嚴重影響兒少案事發前未通報，並去識別化分析，找出沒有被事前察覺、當事人未求助的原因，讓安全網更健全。請繼續往下閱讀...江怡臻指出，許多家暴受害者第一時間可能是先到區公所、戶政、婦女中心或法律諮詢窗口詢問離婚、經濟及子女照顧問題，市府應對此建立簡明辨識與轉介流程，適度了解是否存在威脅、騷擾、跟蹤或經濟控制等情形，也應該加強宣導家暴包括生理與精神傷害、經濟控制，且即使尚未發生明顯暴力，也可先向113專線諮詢。李美珍回應，過去未有特別統計未通報卻發生重大家暴事件致死案件數量，不過近期瀏覽，去年未通報卻發生致死重大家暴案共有4件，確實如議員所言，家暴防治需要政府、社會協力，會加強第一線的教育訓練，提升敏感度；針對中和案，社會局、警察局等各局處都有進入了解、關懷個案。江怡臻也詢問，中和案受害者留下未成年子女，市府是否已經介入照顧？李美珍回應，政府、民間單位已經進入家戶協助。    ,https://news.ltn.com.tw/news/politics/breakingnews/5524299
小貓熊北市府取名「樂樂、甜甜」 秦慧珠：不敢讓台灣人票選？,政治,2026/07/31 16:52,上海小貓熊「樂樂」。（記者田裕華攝）台北市政府與上海市政府在2024年於雙城論壇簽署小貓熊物種交流合作備忘錄（MOU），小貓熊「樂樂、甜甜」在今年6月6日凌晨抵達台北市立動物園，7月29日對外亮相。對此，國民黨籍北市議員秦慧珠質疑，為何過去話題動物像是大貓熊圓仔等，皆舉辦大規模的全民參與命名活動，為何此次「樂樂、甜甜」是由市府「關起門來決定」，未透過網路票選或邀請全台灣民眾參與？對此，台北市立動物園園長朱孝芬回應，原本有想過要辦命名投票，但日本送來小貓熊時，動物園也沒有特別命名，因此北市府決定不對外進行投票。秦慧珠指出，上海來的小貓熊已經在7月29日亮相了，命名為「樂樂、甜甜」，因為之前有討論說希望可以叫「平平、安安」，現在的名字是由誰命名的？是否有經過網路票選？請繼續往下閱讀...秦慧珠也質疑，要送給上海的黑腳企鵝，現在北市府要改送白手長臂猿，為何要改送呢？現在小貓熊都已經入住動物園了，北市府竟然到現在還沒決定要送什麼給上海，還臨時變卦，本來要送黑腳企鵝不送了，改送白手長臂猿。秦慧珠說，上海在6月就將小貓熊送到台北，7月29日已經亮相，北市府到現在都還找不到要送什麼給上海，「這樣不是很丟臉、很失禮嗎？」台北市立動物園園長朱孝芬回應，「樂樂、甜甜」是依據動物個性、行為來命名，牠們原來的名字比較拗口。秦慧珠追問，之前大熊貓「圓仔」都是大規模、全民參與的命名運動，為何「樂樂、甜甜」是關起門來，由幾個人決定就命名完成，為何不來個全台北市，或者是全台灣人的命名的運動呢？朱孝芬表示，也有思考過全民來命名運動，「最後市府這邊決定用這個名字」。秦慧珠立即質疑，為什麼，你們不敢嗎？不敢讓全台北市、全台灣人來參與命名？大家可以藉著命名運動共同參與，來迎接小貓熊，「是很有趣的過程」，被市府關起門來就決定叫「樂樂、甜甜」，以前都有可愛的命名活動，為何現在就沒有。朱孝芬說，市府也考量，日本送來小貓熊時，動物園也沒有特別命名。秦慧珠強調，「可以啊，可以日本也取一個、上海也取一個。」至於為何不送黑腳企鵝，要改成白手長臂猿？朱孝芬也回應，因為上海黑腳企鵝的繁殖成效有成，因此上海園方反映希望可以改。秦慧珠再批，市立動物園的行政效率太慢，應及早把動物送至上海。國民黨籍北市議員秦慧珠質疑，過去話題動物，像是大貓熊圓仔等皆舉辦大規模的全民參與命名活動，為何此次「樂樂、甜甜」是由市府「關起門來決定」，未透過網路票選或邀請全台灣民眾參與？（翻攝北市議會直播）    ,https://news.ltn.com.tw/news/politics/breakingnews/5524338
新北議員要求重陽敬老金加碼  看齊基隆「長樂六五專案」,政治,2026/07/31 16:51,陳偉杰要求社會局於一個月內提出「新北市重陽敬老禮金調整可行性評估報告」。（記者黃子暘攝）針對新北市重陽敬老金，新北市議員陳偉杰今（31）日質詢表示，桃園市65歲以上長者一律發放2500元，台中市65至89歲長者發放2000元，而新北市65至79歲則發放1500元，呼籲市府通盤檢討敬老金制度。社會局長李美珍表示，雖重陽敬老金起始金額與六都其他縣市差不多，不過新北長者最多可領到2萬元，市府將針對金額調高、資格放寬一個月內進行可行性評估。陳偉杰說，敬老禮金是政府對長者的心意，更是實質的福利照顧，新北市身為全國人口最多的直轄市，應持續提升福利水準，除了要求敬老金通盤檢討，他也表示，基隆市近期推出「基隆長樂六五專案」，放寬設籍門檻，受惠人數由2萬8千人提升至8萬7千人，更將禮金金額大幅加碼，希望新北也享同等福利，尤其八里、三芝、石門等行政區長輩多，敬老禮金對偏鄉生活開銷吃緊的長輩是一筆實質、溫暖的支持，要求市府認真進行經費試算與整體評估。請繼續往下閱讀...李美珍表示，局處正思考研議放寬領取條件，不過事涉新北整體財政，需要通盤考量。陳偉杰要求社會局於一個月內提出「新北市重陽敬老禮金調整可行性評估報告」，他指出，重陽節為10月29日，希望市府把握時間規劃，在重陽節前對外說明禮金調整規劃與明確時程，積極改善發放基準與受惠人數。    ,https://news.ltn.com.tw/news/politics/breakingnews/5524315
蔣萬安稱註明AI影片不構成犯罪 黃偉哲痛批：法律人說假話誤導民眾,政治,2026/07/31 16:48,台南市長黃偉哲今（31日）偕民進黨立委王定宇、台北市議員參選人陳又新在立法院召開記者會，公布一段深偽台北市長蔣萬安的語音音檔。（記者陳逸寬攝）首次上稿：11:27更新時間：16:48（更新內文）725反毒油宣傳片製作人韋淳祐涉嫌用AI深偽技術合成總統賴清德聲音，遭刑事局調查。不過，承認委託製作的台北市長蔣萬安卻稱，影片有註明AI，不構成犯罪。對此，台南市長黃偉哲今（31）日特地北上赴立法院召開記者會，痛批蔣萬安身為法律人，卻故意說假話誤導民眾，實在讓人難以接受。他也在現場公布三段AI深偽合成蔣萬安聲音的音檔，反擊蔣萬安。請繼續往下閱讀...民進黨立委王定宇今早偕黃偉哲、律師陳又新召開「如果這樣不叫犯法，那什麼才叫犯法？」記者會。黃偉哲表示，縣市首長之間會儘量不去批評彼此，但用AI深偽技術偽造他人的聲音，並製造當事人完全沒講過的話，明顯就是犯罪行為，蔣市長身為法律人、美國名校畢業，也取得美國律師資格，怎會力挺這種遂行政治目的行為，還把它當作言論自由的範疇？如果不是對法律知識有所欠缺，就是故意說假話，他無法接受。黃偉哲提到，如果詐騙集團用AI深偽別人的聲音，並打電話給長輩謊稱孫子被綁架，蔣市長認為屬言論自由的範疇、無罪，政府未來要如何打詐？呼籲蔣市長懸崖勒馬，作為一個影音科技的教父，不要再力挺這些很明顯的犯罪行為。他也說，很高興回到立法院，但很不高興來講一些簡單、淺顯易懂的道理，怎麼會還有人意圖誤導。王定宇質疑，往後詐騙集團偽造股市名嘴教人投資理財，下面加註AI就可以嗎？現在未經當事人同意使用照片，運用在詐騙網站都會被查辦、下架，何況是用AI偷對方的聲音？想批評賴清德總統、民進黨執政有很多方法，不需要違法。律師陳又新表示，蔣萬安犯最嚴重的錯誤就是不該替違法行為背書，「刑法」第210條是偽造文書罪，第216條就是行使偽造文書罪。法律是道德的底線，蔣市長如果連法律都不遵守，那就已經越界到難以接受的程度。此外，黃偉哲也在記者會上播放3段用AI深偽合成蔣萬安聲音製作的音檔，內容包括「我的祖父跟曾祖父曾經說過，其實我也不確定他們到底是不是我的祖輩。不過呢，沒有關係，只要有人相信我姓蔣就可以。至於他們說過什麼也不重要。」、「蔣介石丟掉了中國，在國共內戰中殺害中國人無數。228事件的發生，他也是殺害台灣人的元兇，蔣家幾代都是台灣民主的障礙」。另一段音檔內容則是模仿蔣萬安聲音大喊「鄉親們！我們受夠了228與白色恐怖的血淚，台灣人永遠記得蔣家殺人魔的行為，獨裁暴行必遭歷史嚴懲，享受家族紅利的後代更絕不會有好下場，我們要真相、要正義！讓威權徹底接受人民審判！」    ,https://news.ltn.com.tw/news/politics/breakingnews/5523936
細數10年並肩作戰點滴 奧運拳后林郁婷力挺蘇巧慧「奪金」,政治,2026/07/31 16:45,民進黨立委、新北市長參選人蘇巧慧（右）在社群平台發布影片，由台灣奧運拳擊金牌得主林郁婷（左）講述兩人相識10年的情誼。（蘇巧慧競辦提供）民進黨立委、新北市長參選人蘇巧慧於社群平台發布影片，由台灣奧運拳擊金牌得主林郁婷講述兩人相識10年的情誼。林郁婷感謝蘇巧慧為鶯歌工商爭取改善訓練場地經費，也在她人生低潮時關心，祝福蘇巧慧「拿下金牌」。蘇巧慧說，發展體育要從基層扎根，她已為40多所學校爭取近200項、總經費逾8億元的軟硬體改善，以及多項專業運動訓練場地，她也在立院持續支持政府推動「黃金計畫」及各項培訓預算，未來她會持續爭取資源、改善環境。回想起2023年世錦賽因性別生化檢測異常，撤銷銅牌風波，林郁婷指出，那是她人生中的低潮，「當時大家看到可能都閃很遠」，但是蘇巧慧第一時間就主動致電關心，甚至公開為她發聲，給予整個團隊很大的支持，讓她非常感謝；林郁婷以好姐妹的心情祝福蘇巧慧順利奪金，在各自的主場大放異彩。請繼續往下閱讀...蘇巧慧表示，10年前她剛上任立委，便認識還是學生的林郁婷，當時她向教育部體育署爭取上百萬經費改善鶯歌工商訓練環境，並與林郁婷、教練曾自強一路並肩作戰至今，「我們真的就是一起長大的夥伴」，10年過去了，林郁婷與曾自強已站上世界舞台，成為「台灣之光」，真的是非常令人感動的歷程。蘇巧慧說，針對專業運動訓練場地，她已陸續為多所校園爭取興建天幕球場、室內投打練習場、紅土棒球場、拳擊基訓站及網球場等設施，想做選手最堅實的後盾。    ,https://news.ltn.com.tw/news/politics/breakingnews/5524327
美跨黨派眾議員拜會國防部  顧立雄：台灣將持續與美並肩同行,政治,2026/07/31 16:44,美國聯邦眾議員金映玉所率跨黨派訪團31日拜會國防部，國防部長顧立雄親自接見，雙方就台美合作及印太安全情勢等議題交換意見。（國防部提供）國防部長顧立雄今（31日）接見美國聯邦眾議院外交委員會亞太小組主席金映玉（Young Kim）訪團一行，感謝訪團以實際行動，展現美國國會跨黨派眾議員對我國的長期支持。國防部今天發布新聞稿表示，美國聯邦眾院外交委員會亞太小組金映玉主席、蘇柏曼揚（Suhas Subramanyam）眾議員、克勞德（Michael Cloud）眾議員及芬斯特拉（Randy Feenstra）眾議員等人上午拜會國防部，由顧立雄親自接見，雙方就台美合作及印太安全情勢等議題交換意見。請繼續往下閱讀...顧立雄表示，國防部深切感受到金映玉主席在美國國會中展現的支持力量，包括軍售議題、「國防授權法案」協商及多項友台條款在內，都是穩定台海和平、強化我國安韌性的實質助力；面對當前印太區域安全局勢的灰色地帶威脅及軍事行動嚴峻挑戰，台灣將持續與美國及民主夥伴並肩同行，堅定捍衛自由民主，維護區域和平穩定。會晤期間，金映玉主席相當關注台海安全，她強調，美國國會對台灣的支持為跨黨派的最大共識，深信台美關係將持續穩健深化，未來亦會持續交流合作，支持台灣強化自我防衛能力。    ,https://news.ltn.com.tw/news/politics/breakingnews/5524399
舉翁曉玲大刪媒宣費 綠議員喊砍市府媒宣費、轟花錢為盧秀燕擦脂抹粉,政治,2026/07/31 16:38,民進黨台中市議員陳淑華（右）套用國民黨立委翁曉玲到處刪部會媒體宣傳費的邏輯，指市府媒宣費也應全部砍掉，以市長盧秀燕聲量在個人臉書等社群平台宣傳，不需再編列。（記者蔡淑媛攝）台中購物節、鍋烤節今年分別邁入第8屆及第4屆，綠營議員質疑活動業務費全砸在市長盧秀燕個人宣傳包裝，無助提升庶民經濟，議員陳淑華更直指套用國民黨立委翁曉玲到處刪媒體宣傳費的邏輯，市府媒宣費也應全部砍掉，以盧秀燕聲量，在個人臉書等社群平台宣傳不需再編列，要求活動應停止只為市長擦脂抹粉的作法。陳淑華指出，市府花了很多力氣宣傳鍋烤節，但從這次中聯致癌油事件，民眾最關心的食安竟排在盧市長施政後段班，要求盧市府應多把關油品安全才是正道。請繼續往下閱讀...陳淑華再指，市府在專案報告中完全不提及購物節、鍋烤節的業務費用流向，「是花到哪裡不敢講嗎？」不敢把預算支用明細攤開，這是在逃避議會監督，隱藏預算不敢報，就怕超過議會通過費用；連市府一樓大廳大幅盧秀燕宣傳購物節海報也花上數十萬，用公帑在包裝個人，有錢為盧秀燕擦脂抹粉，卻不照顧市民。議員謝家宜也說，台中經濟發展、不是只有購物節，台中市經發局也不是抽獎局，但每年台中購物節的預算卻超過經發局總預算的1/5，到底排擠那些攸關經濟發展的預算，經發局從未說明。謝家宜進一步指出，經發局長自豪台中購物節登錄金額全台第一，卻不敢說預算將近4億，也是全台第一，是其他縣市的10倍之多，說會促進國際觀光，但外國人消費金額也僅佔總登錄金額的0.14%，且大部分是在台中生活的外國人，又說促進地方經濟，其實只增加盧市長的曝光度，她強調，購物節不是不能辦，而是要有合理的預算規模。經發局長張峯源回應，購物節每年的業務經費差不多，才未列入專案報告書，另外購物節的經費一半是用於抽獎。    ,https://news.ltn.com.tw/news/politics/breakingnews/5524375
基隆公車虧損逾20億  審計曝路線重疊高、載客率低,政治,2026/07/31 16:36,審計部報告指出基隆市公車營運虧損累計逾20億，基隆市長謝國樑說，「審計部最近助攻頻頻，他們辛苦了。」（記者俞肇福攝）審計部報告指出，112至114年度基隆市公車處虧損計7億6796萬餘元，補貼金額5億9206萬餘元，營運虧損加劇，累計已逾20億元，認為部分公車行駛路線重疊比率高及客座利用率較低，公車處未配合研議路線調整原則，發函請市府研謀妥處，確保有限補貼資源運用效率，讓市區公車永續經營。對此基隆市長謝國樑今（31日）表示，「審計部最近助攻頻頻，他們辛苦了。」民進黨基隆市長參選人、基隆市議長童子瑋則表示，基隆市公車使用率非常高，全面汰換老舊公車是市民最關心的問題，市長的施政未把公車改善放在最優先順序，讓人遺憾，雙層巴士的預算應先用來解決市公車品質的改善，施政滿意度會好一點。請繼續往下閱讀...審計年度檢討指出，市府運價補貼配套機制、電動公車汰換時程、駕駛人力及公告班次資訊等均有未盡妥善情事，要求檢討改善，以維護運輸服務品質及強化資源配置效率。市府公車處經營57條路線，170輛營業大客車，年度行車總班32萬1740次，駕駛員人數249人。公車處營運虧損，112年至114年度虧損7億餘元，補貼金額5億餘元，有1億7591萬餘元缺口由公車處自行負擔，114年底止，累積虧損已達20億5306萬餘元，為資本額的2．23倍。權益呈負值，僅能透過舉債維持營運周轉所需資金，財務負擔日趨加劇。交通處為配合2030年市區公車全面電動化政策，規劃114至115年度全數汰換現有164輛燃油公車及設置8處充電場站，總經費需求18億元，審計指推動進程大幅落後。基隆審計室說，部分公車行駛路線重疊比率高及客座利用率較低，其中平均每公里載客數未達5人者占8.77%有5條路線；逾5人但未達10人者占36.84%有21條線，共26條路線載客情形不佳。公車處未配合研議路線調整原則，發函請市政府研謀妥處，確保有限補貼資源運用效率，讓市區公車永續經營。審計部報告指出基隆市公車營運虧損累計逾20億，有26條路線載客率低。（記者俞肇福攝）    ,https://news.ltn.com.tw/news/politics/breakingnews/5524342
冷笑俾倪照瘋傳！羅廷瑋竟還喊「李洋由我來守護」 發文被灌爆,政治,2026/07/31 16:32,羅廷瑋掛著冷笑，神態倨傲看像陳培瑜。江肇國分享照片痛批：「囂張沒落魄的久。」（取自江肇國臉書）立院昨日發生「李洋罰站」爭議。運動部長李洋到立院報告，對於他該上台，還是坐下發言，立委陳培瑜與主席羅廷瑋引爆爭議，讓李洋只能尷尬在場「罰站」。事後，一張羅廷瑋冷笑看著陳培瑜，與李洋低頭不語呈現巨大反差畫面的照片在網路上瘋傳，引發網友不滿。羅廷瑋今日上午在社群發文喊：「李洋由我來守護！」再次強調他當時「請部長坐下」，是綠委堅持李洋要站著發言。不過文章一出，立刻被網友灌爆。立法院教育及文化委員會昨日續審「電子競技運動發展基本法草案」等案，民進黨立委與羅廷瑋，雙雙指控對方害李洋「罰站」。當時羅廷瑋要李洋與其他立委坐在一起，不斷請李洋坐下；陳培瑜等綠營立委，則不滿主席羅廷瑋不讓李洋上台報告，堅持要讓李洋上台，結果雙方僵持不下，讓李洋罰站超過10分鐘。請繼續往下閱讀...對此，立委吳沛憶也在Threads上發言「科普」規則，並質疑「李洋身為中華民國運動部長，難道不配站上備詢台？」在此同時，網路上一張截圖瘋傳，只見羅廷瑋掛著冷笑，神態倨傲看像陳培瑜，與站著低頭不語的李洋形成強烈對比，引發討論。台中市議員江肇國就在臉書分享該照，表示「這張照片越看越不滿！」他還嗆：「敬告羅大立委，囂張沒有落魄的久！請你善待官員，只耍官威不做事，人民都在看！」對此，羅廷瑋今日上午也在Threads上發文，痛批是陳培瑜硬要讓部長「罰站」，他明明已經宣示請部長坐下，不懂綠委為何堅持要李洋站著發言。他還喊出：「李洋由我來守護！」貼文下方超過千則留言灌爆，網友紛紛表示：「他是要去上台報告的，你讓他坐在那邊幹嘛？」、「當作沒人看全程錄音哦？李洋不要專法，你在硬要什麼？」、「是你不尊重部長，讓他在台上備詢在先喔」、「守護？？？臉皮一如既往的厚」、「你讓他上台不就好了？」、「你根本不讓上質詢台，降低部長格調，憑什麼要被你唬爛」。     在 Threads 查看完整影片約從1小時0分59秒處開始：立法院教育及文化委員會昨天續審「電子競技運動發展基本法草案」，民進黨立委陳培瑜與主席羅廷瑋就程序問題發言爭鋒相對，讓運動部長李洋一臉無奈。 （資料照，記者田裕華攝）    ,https://news.ltn.com.tw/news/politics/breakingnews/5524240
黃偉哲記者會播蔣萬安深偽聲音檔 殷瑋酸：刑事局何時去敲門？,政治,2026/07/31 16:28,研考會主委殷瑋。（記者甘孟霖攝）反毒油宣傳片製作人韋淳祐涉嫌用AI深偽技術合成總統賴清德聲音，被刑事局調查。承認委託製作的台北市長蔣萬安力挺稱不構成犯罪。台南市長黃偉哲今（31日）早在立法院開記者會，公布一段深偽蔣萬安的語音檔回擊，呼籲蔣「不要作為一個深偽科技的佛地魔」挺違法。北市府研考會主委殷瑋回擊，從邏輯角度就可看出民進黨是雙標政黨，不知道刑事局什麼時候要敲黃偉哲的門。殷瑋今受訪表示，黃偉哲來回4小時只為批評蔣萬安，也是滿辛苦，之前民進黨批評蔣萬安應專心市政，黃偉哲今天記者會看起來也跟台南市政一點關係都沒有，包括立委李坤城、內政部長劉世芳、民進黨秘書長徐國勇等人才說不該使用深偽，結果黃偉哲今天就公然播放深偽音檔，意圖很明顯就是要冒用蔣萬安聲音。請繼續往下閱讀...他說，要就事論事，被分案的是「偽造文書」，這有過程要件，首先要證明是冒用，第二是要證明足生損害私人或公眾法益，韋淳祐的影片在社群中有標注使用AI，內容則說「我是苯騈芘」，通篇是科普，每句都是事實；反觀黃偉哲播放的是進一步的政治評論，明確牽涉立場，如果韋淳祐的案子值得刑事局敲門，看起來更像偽造文書的黃偉哲，不知道刑事局什麼時候會去敲門？殷瑋也指出，記者會中指出如果國家元首聲音被冒用宣布投降等，這樣當然就有構成要件，但這根本明顯滑坡太遠了，關鍵就是民進黨政府府、院、黨看到20萬人上街頭，覺得不舒服，才想動用國家暴力製造寒蟬效應，這才是核心。媒體也問，市府是否針對黃偉哲提告？殷瑋說，目前沒有聽說，並重申核心因素是民進黨想透過國家暴力製造寒蟬效應，這件事情不會得逞，只要從邏輯的角度想就可以非常清楚的知道，民進黨就是個雙標的政黨。    ,https://news.ltn.com.tw/news/politics/breakingnews/5524376
黃偉哲公布深偽蔣萬安音檔  邱鎮軍：刑事局要不要辦？,政治,2026/07/31 16:25,台南市長黃偉哲（右）北上赴立法院召開記者會，並公布一段深偽蔣萬安語音的音檔。（記者陳逸寬攝）725反毒油宣傳片製作人韋淳祐，涉嫌用AI深偽技術合成總統賴清德聲音，被刑事局調查。台北市長蔣萬安稱是他委託韋淳祐製作，台南市長黃偉哲今（31日）特地北上赴立法院召開記者會，並公布一段深偽蔣萬安語音的音檔，批蔣萬安身為法律人，卻故意說假話誤導民眾。對此，國民黨立委邱鎮軍說，台南市長帶頭製作、播放未經他人同意的合成音檔，刑事局要不要辦黃偉哲？黃偉哲表示，用AI深偽技術偽造他人的聲音，並製造當事人完全沒講過的話，明顯就是犯罪行為，蔣市長身為法律人、美國名校畢業，也取得美國律師資格，怎會力挺這種遂行政治目的行為，還把它當作言論自由的範疇？如果不是對法律知識有所欠缺，就是故意說假話，他無法接受。請繼續往下閱讀...對此，邱鎮軍質疑，黃偉哲大老遠跑來台北開記者會，在現場直接播放變造的「蔣萬安深偽音檔」，大肆展現民進黨或他本人擁有「高超的 AI 深偽能力」。韋淳祐標註AI的科普創作叫犯罪，綠營市長當眾深偽他人煽動紛亂叫宣導？民進黨的標準天天在變，合法違法都讓民進黨自己編。邱鎮軍強調，如果黃偉哲可以，那抓韋淳祐就是違法。如果抓韋淳祐是打擊深偽，那刑事局就要用同樣標準去抓黃偉哲。刑事局不是要抓深偽嗎？台南市長帶頭製作、播放未經他人同意的合成音檔，要不要辦黃偉哲？    ,https://news.ltn.com.tw/news/politics/breakingnews/5524352
羅廷瑋不讓李洋上台？翁達瑞指藍營圖卡扭曲真相,政治,2026/07/31 16:14,運動部長李洋昨被迫站立旁觀「罰站」近10分鐘。（翻攝自吳思瑤Threads）立法院教育及文化委員會30日續審「電子競技運動發展基本法草案」，但朝野對是否制定基本法意見分歧。國民黨召委羅廷瑋宣布進入程序發言後，卻演變成1小時程序攻防，朝野爆發激烈口角，會議一度癱瘓停擺，運動部長李洋甚至被迫站立旁觀「罰站」近10分鐘。針對這起紛爭，旅美教授陳時奮（筆名翁達瑞）今日發文釐清真相，痛批藍營事後抹黑。翁達瑞今日於Threads發文指出，李洋前往立院備詢時，準備上台報告卻遭主席羅廷瑋阻擋，羅要求李洋與其他立委一同坐著發言。「官員到立法院報告，本來就應該上台站著報告，而非與所有立委一起坐著說」。請繼續往下閱讀...翁達瑞直指，羅廷瑋的安排完全不符合憲政體制，更是刻意矮化李洋的部長身分，進而引發後續的對立與僵局。翁達瑞坦言，為維護李洋的官員尊嚴，民進黨立委現場堅持要求讓李洋上台站著報告，然而羅廷瑋始終不同意，但佯裝笑臉請李洋坐下。在雙方立場僵持不下情況下，李洋最終在現場站了長達10分鐘。翁達瑞說，這才是事件的真正爭議所在：「羅廷瑋要李洋和所有的立委一起坐著說，但民進黨立委堅持讓李洋上台站著報告」，「若是羅廷瑋當初沒有阻擋李洋上台報告，根本就不會引發這場立院紛爭」。翁達瑞痛批國民黨事後製作的圖卡與剪接影片都在扭曲真相，謊稱是羅廷瑋好心要李洋坐下，反而指控是民進黨立委逼李洋罰站。同時要求羅廷瑋必須向社會大眾說清楚講明白，究竟是為什麼原因不讓運動部長李洋上台報告。     在 Threads 查看     在 Threads 查看委員會「放鳥」全場百位官員 吳思瑤轟國民黨召委演鬧劇體壇》電競是否該訂定基本法朝野吵翻天 李洋「罰站」重申運動部不支持    ,https://news.ltn.com.tw/news/politics/breakingnews/5524169
胡錦濤一家食物中毒是真的？爆料者秦楓親回應,政治,2026/07/31 15:35,中共前總書記胡錦濤由他人攙扶離場畫面。（歐新社）中國社群平台近來傳出一則訊息，鳳凰衛視總監秦楓披露，前領導人胡錦濤、其妻子劉永清、兒子胡海峰因食物中毒逝世，目前北京當局尚未回應。對此，秦楓向友人表示，有人冒用自己的帳號製造假訊息。此爆料指出，中國前領導人胡錦濤和夫人劉永清、兒子胡海峰三人食物中毒，搶救無效，均在醫院過世，該消息迅速引發中國各大論壇熱議，許多網友懷疑真實性，因為炳無官方與可信的來源證實，且截圖存有許多疑點。請繼續往下閱讀...當秦楓被詢問消息的真偽，他回應「對啊，因為我影響力大，所以造謠的人就用我的社群帳號造假，才會有這種傳播力，當然是假的。」強調是有人利用自己在社群的影響力，冒用帳號製造假消息。相關新聞：網傳秦楓爆「胡錦濤一家食物中毒走了」沈榮欽：若屬實恐掀政治風暴    網傳秦楓爆「胡錦濤一家食物中毒走了」沈榮欽：若屬實恐掀政治風暴    ,https://news.ltn.com.tw/news/politics/breakingnews/5524265
網傳胡錦濤全家食物中毒亡 蔡依澄：若為真只有一人能下手,政治,2026/07/31 15:12,2022年10月22日，胡錦濤在中共二十大閉幕會議上被架離會場。（法新社資料照）中國社群平台近日流傳消息，宣稱中國前領導人胡錦濤、妻子劉永清及兒子胡海峰因食物中毒身亡，並指消息由鳳凰衛視總監秦楓披露。目前相關說法尚未獲得官方或可信來源證實。針對該網傳消息，醫師作家蔡依澄對此表示，「如果為真，只有一個人能做這種政治暗沙」。針對網路流傳的胡錦濤一家死訊，蔡依澄今日發文表示，「沒想到，中國就這樣進入了大黑暗時代。」他並提到，中共制度保障的二把手、中國國務院前總理李克強，說個「人在幹，天在看」，沒多久就往生。請繼續往下閱讀...蔡依澄嘆說，前朝元老曾在中共二十大閉幕會上被帶離會場，如今又傳出全家因食物中毒身亡。「如果為真，只有一個人能做這種政治暗沙。人如螻蟻，爬再高，消失也就是1秒鐘的事」相關傳言在網路流傳後，也引發部分網友討論，有人說「不意外啊，中共只不過是，回到毛澤東一人體制的時代，習近平沒說錯，不忘初心就是這個意思，如果出現文革土改饑荒，別覺得意外」、「一堆覺得被中共統一之後自己就會變成紅色權貴的台灣人，到底是笨還是壞？」、「全家團滅！這是誅九族的概念嗎」。網傳秦楓爆「胡錦濤一家食物中毒走了」沈榮欽：若屬實恐掀政治風暴胡錦濤在二十大被架走 英媒：妨礙習近平唯一領袖野心中國國務院前總理李克強「突發心臟病」過世 享壽68歲說給習聽？李克強︰人在幹，天在看    ,https://news.ltn.com.tw/news/politics/breakingnews/5524003
蔡易餘發表首波教育政策願景 投入百億教育預算培育人才,政治,2026/07/31 14:54,民進黨立委、嘉義縣長參選人蔡易餘提出教育政策政見。（立委蔡易餘辦公室提供）嘉義六師聯誼會昨晚邀請民進黨立委、嘉義縣長參選人蔡易餘出席發表專題演講，律師、醫師、建築師、牙醫師、中醫師及會計師齊聚關心；演講時蔡易餘提出首波教育、社福政策願景，若當選縣長，將以4年投入100億元校園教育預算，並推廣雙語教育提升競爭力、本土語言傳承及成立矽光子學院等，目標在台積電進駐嘉義的關鍵時刻，為下一代打造完善的人才培育體系環境。蔡易餘表示，台積電進駐開啟嘉義從傳統農業縣邁向科技城市的轉型之路，他主張將嘉義縣每年校園預算提高至4年合計投入100億元，全面強化教育品質與校園建設，為嘉義的科技轉型奠定人才基礎。請繼續往下閱讀...在雙語教育方面，嘉義孩子必須及早具備外語能力，蔡易餘提出編列預算協助各校建置雙語教室空間，導入智慧型黑板與AI英語對話系統，未來應將雙語教育擴展至每一所學校，讓學生能享有平等的學習資源，「外語能力強，孩子就有自信去面對國際的挑戰」。蔡易餘說，重視本土語言傳承應從小扎根，鼓勵在日常交流中使用台語，願意推動的學校可向中央爭取補助，同時尊重原住民鄒族語等各族群語言的發展需求，落實《國家語言發展法》的精神。蔡易餘指出，在高等教育布局上，已與中正大學合作推動成立全台首座「矽光子學院」，呼應行政院矽光子國家隊的政策方向。台積電先進封裝CoWoS技術的核心在於光傳導，涵蓋材料學、光學、電學及半導體等領域，由中正大學整合既有理工學科資源來承接。學院選址規劃在高鐵嘉義站旁約13公頃的用地，目前土地取得已有進展，教育部已同意增開教師員額，未來學院將採業師教學模式，由企業出題、學校解題，規劃微學程與學位課程，建構產學合作平台，讓嘉義子弟有機會直接銜接台積電及周邊供應鏈的就業需求。    ,https://news.ltn.com.tw/news/politics/breakingnews/5524230
找藍營合作爭取副議長？彰化議會綠黨團總召4字打臉謝典霖,政治,2026/07/31 14:39,彰化議長謝典霖本屆蟬聯5屆，今年底挑戰6連霸，選情充滿變數。（記者張聰秋攝）年底彰化縣議長龍頭之爭戰火升溫，爭取6連霸的彰化議長謝典霖接受節目專訪談及自己的選情，自曝民進黨想跟他合作、爭取副議長寶座；對此，民進黨彰化縣議會黨團總召李俊諭今天（31）嚴正駁斥「子虛烏有」。李俊諭強調，黨團無論過去、現在或未來，立場一貫就是「提自家人、投自家人」，絕無藍綠合作選項，現階段當務之急是先選上議員，談龍頭選舉言之過早。請繼續往下閱讀...謝典霖7月30日接受節目專訪被問及個人求連任的選情，他直指面臨挑戰者來勢洶洶並說自己的選情勝算還有，但不能百分之百。他進一步解釋，他們既圍剿又想跟他合作，目前他的副議長現在沒有人，不過，民進黨其實那時候選舉也透過這個想跟他合作，爭取副議長的位置卻還是圍剿他，又打又硬。謝典霖說，政治不應只用藍綠二分，未來仍要看登記及選舉結果，「合作也是一個方向」。李俊諭則反駁，謝典霖的說法毫無根據，「我擔任總召，就我所知道，包含我與民進黨縣議員，沒有任何人跟謝典霖接觸過。」他強調，議長、副議長選舉，藍綠合作沒有選項，民進黨團從過去到現在的作法一貫都是提名自家人，也投票給自家人，即使席次不足以當選，仍維持相同立場。年底縣議員改選還沒撕榜，彰化議會龍頭大位之爭，藍營已打得火熱。（記者張聰秋攝）    ,https://news.ltn.com.tw/news/politics/breakingnews/5524155
賴清德兌現承諾重返永義宮 盼下次再來市長是沈伯洋 ,政治,2026/07/31 14:30,總統賴清德偕同民進黨台北市長參選人沈伯洋等人，今（31）日前往台北崁頂永義宮參加創廟202周年繞境活動。（記者叢昌瑾攝）今（31）日適逢池府王爺聖誕，崁頂永義宮也規劃創廟202周年繞境活動，總統賴清德兌現2023年來參香時的承諾，今重返永義宮並獻匾，更喊話下次再來，希望到時候台北市長就是他一旁的民進黨籍台北市長參選人沈伯洋。永義宮副主委黃文堂代表致詞，感謝賴清德有情有義，說到做到，沒有忘記三年前的諾言，今以總統身份重返永義宮，也相信王爺、眾神，會保佑國家風調雨順、國泰民安，賴清德連任成功；現場廟方還掛上紅布條「感謝總統，有情有義，說到做到，幸福台灣」。請繼續往下閱讀...賴清德致詞表示，今天是好日子，感謝王爺保佑讓他有機會為國家承擔、服務人民，今獻匾一面，他也承諾之後還要再來，不過希望到時候台北市長就能換成沈伯洋，盼民眾支持。要打拚幸福台灣，光靠總統不夠，要縣市長打拚來湊，沈伯洋說要學習池府王爺的精神，這也是每個首長都應該學習，走入巷口、門口，了解人民的辛苦並擔負起來，沈伯洋有見識、有反省能力。絕對能夠實踐池府王爺服務鄉里的精神，成為好的台北市長，認真照顧市民。賴清德並向鄉親進行國政報告，任內延續前總統蔡英文施政，厚植國防，提出8年1.25兆國防預算，可惜並未全數通過，行政院無人機條例仍卡在立院，拜託民眾不分黨派來支持國防；此外，也發展經濟，成長率連年攀升，今年預估超過10%，也規劃1年250億元照顧中小企業；社會投資方面，補助高中職學費全免、私立大學學雜費補助等，另外提出0到18歲成長津貼，每月5000元，總共可領108萬元，讓孩子不管要唸書或學一技之長都有本錢，讓弱勢孩子能夠翻轉階級，個人生活好，社會就會好。沈伯洋指出，池府王爺代天巡狩，照顧社區裡的每位居民，是政治人物應該學習的精神，且池府王爺為保護人民吞下瘟毒而導致黑面，也提醒他作為政治人物不僅要聆聽人民的聲音，更要把民眾的痛苦扛在肩上，他將持續走進每條巷弄，和台北隊一起傾聽市民的意見，並提出改善措施，讓城市更加進步，守護好城市及國家。總統賴清德偕同民進黨台北市長參選人沈伯洋等人，今（31）日前往台北崁頂永義宮參加創廟202周年繞境活動。（記者叢昌瑾攝）總統賴清德偕同民進黨台北市長參選人沈伯洋等人，今（31）日前往台北崁頂永義宮參加創廟202周年繞境活動。（記者叢昌瑾攝）    ,https://news.ltn.com.tw/news/politics/breakingnews/5524164
新竹縣長選戰 徐欣瑩：當選推幼教行政減量,政治,2026/07/31 14:24,國民黨新竹縣長參選人徐欣瑩（中）允諾，只要當選，將祭出5策略讓幼教行政減量，把老師的時間還給孩子。（徐欣瑩競選辦公室提供）國民黨新竹縣長參選人、立委徐欣瑩今天允諾，只要她順利當選縣長，將針對幼教第一線人員日益繁重的行政壓力提出5大改革減量，這5大策略就是：簡化幼兒園評鑑制度，減少不必要的文書作業，推動行政E化，減少重複紙本，以及強化教師助理員制度與幼兒特教支持，好把更多資源投入3至5歲的關鍵成長期。徐欣瑩今天透過臉書表示，每次和幼教老師、園長交流，她都感受：大家最在意的，不是評鑑本身，而是越來越沉重的行政負擔。當孩子放學後，老師卻還要整理評鑑資料、準備行政文件、反覆繳交相同資料，加班幾乎成了日常。請繼續往下閱讀...她認為老師最重要的工作，應該是陪伴孩子，而不是困在文書裡。因此，提出 上述「幼教行政減量5大改革」，希望真正減輕第一線幼教老師的負擔。包含簡化幼兒園評鑑制度，減少不必要的文書作業。推動行政E化，減少重複紙本、重複送件。公安、訪視、評鑑回歸各自專業，不再重複要求相同資料。另也將檢討非教育行政工作，以使幼兒園回歸教育本業，並強化教師助理員制度與幼兒特教支持，把更多資源投入3至5歲的關鍵成長期。國民黨新竹縣長參選人徐欣瑩（中）允諾，只要當選，將祭出5策略讓幼教行政減量，把老師的時間還給孩子。（徐欣瑩競選辦公室提供）    ,https://news.ltn.com.tw/news/politics/breakingnews/5524176
張嘉郡提AI智慧雲林白皮書 10大計畫主打科技治理,政治,2026/07/31 14:17,國民黨雲林縣長參選人、立委張嘉郡在立委葛如鈞、廖偉翔陪同，透過直播發表「智慧城市政策白皮書」，提出AI智慧雲林10大旗艦計畫。（張嘉郡服務處提供）2026九合一選舉投票日剩不到4個月，地方選情升溫，國民黨提名雲林縣長參選人、立委張嘉郡今（31）日在立委葛如鈞、廖偉翔陪同透過直播發表「智慧城市政策白皮書」，提出AI智慧雲林10大旗艦計畫，包括智慧治理、公共服務、農業發展及公共安全等面向。張嘉郡指出，她將以人工智慧、雲端運算、大數據及跨域整合為核心，打造智慧治理、智慧服務、智慧產業與智慧生活兼備的新世代雲林，要把科技真正用在雲林、用在縣政，也用在鄉親的生活上，做到精準治理、服務有感。請繼續往下閱讀...張嘉郡說，AI智慧雲林10大旗艦計畫涵蓋智慧治理、公共服務、農業發展、健康照護、公共安全及城市管理等面向，包括AI城市大腦、AI智慧政府、雲林Super APP、AI全民防詐、AI智慧農業、智慧健康雲、AI城市感知、智慧決策儀表板、跨域數據治理及「雲端藍圖2030」等。張嘉郡表示，雲林這幾年在縣長張麗善的帶領下，在智慧城市發展已累積一定基礎，未來將進一步運用AI技術整合各項公共服務，把農業、觀光、社福、防詐及各項公共服務整合在同一個入口，民眾透過單一平台即可取得政府資訊與服務。    ,https://news.ltn.com.tw/news/politics/breakingnews/5524181
陳明澤疑涉綠電回扣案 柯志恩批綠能政策淪為「綠友友」牟利工具,政治,2026/07/31 14:17,柯志恩痛批綠能政策淪為少數「綠友友」牟利的工具。（記者葛祐豪翻攝）針對民進黨高雄市議員陳明澤疑涉入太陽能光電場回扣案，國民黨高雄市長參選人柯志恩今（31）日說，陳明澤長期大力推動綠能產業發展，如今卻因疑涉回扣弊案遭檢調搜索，她痛批民進黨打著「非核家園」大旗，口口聲聲說要推動能源轉型，實際上卻讓綠能政策淪為少數「綠友友」牟利的工具。柯志恩指出，民進黨從推動綠能政策以來，各種違法破壞事件與綠電弊案層出不窮。從美濃大峽谷案遭盜採砂石、破壞大片國土；和山光電案中，業者涉嫌違法濫墾、破壞水土保持；大樹統嶺段山坡地遭大量違法棄置廢棄物；以及田寮月世界遭前民進黨籍里長涉嫌違法棄置超過200公噸廢棄物等。更離譜的是，前高雄市副市長、台鹽綠能前董事長陳啟昱更涉嫌與土地開發商勾結，利用光電案場土地開發機會，掏空台鹽綠能公司4億，遭司法調查。請繼續往下閱讀...柯志恩批評，民進黨的綠能政策根本是「不清廉、不勤政、更不愛鄉土！」民進黨執政10年，從中央到地方，多少人涉及綠電弊案、土地開發爭議及環境破壞案件？綠能本應是國家能源轉型的重要方向，如今卻淪為少數人牟利的工具，重創國人對綠能政策的信任。柯強調，人民反對的從來不是綠能，而是披著綠能外衣的利益輸送；人民支持能源轉型，但絕不接受能源轉型淪為特定人士發財、特定派系分贓的工具。民進黨放任綠電利益集團坐大，讓綠能變成「綠金」，卻把山林、農地與高雄市民的生活品質當成代價，「綠電政策對高雄造成的傷害，早已遠遠超過為高雄帶來的好處!」    ,https://news.ltn.com.tw/news/politics/breakingnews/5524188
經濟部商圈預算改凍結20％ 立院國民黨團要求提專案報告,政治,2026/07/31 14:07,立法院國民黨團今表示，此說法完全扭曲事實。針對經濟部「活絡市場商圈經濟獎補助」1.5億元總預算，黨團為免外界擔憂影響夜市商圈發展，且為具體回應民意，已將原先「刪減1500萬元並凍結1500萬元」提案，主動修正為「凍結20％（即3000萬元），待經濟部向立法院提出專案報告始得動支」。（記者羅國嘉攝）外界批評國民黨刪減商圈補助是「把刀砍向基層」，立法院國民黨團今（31）日回應，相關說法扭曲事實。針對經濟部編列1.5億元的「活絡市場商圈經濟獎補助」預算，國民黨團表示，為免外界擔憂影響夜市商圈發展，且為具體回應民意，已將原先刪減1500萬元、凍結1500萬元的提案，修正為凍結20％、共3000萬元，待經濟部向立法院提出專案報告後始得動支。國民黨團主張，現行審查制度淪為「有申請就過」，部分「空殼商圈」僅為拿補助舉辦一次性煙火活動，根本無助於提升長期競爭力；另以基隆廟口等夜市為例，主張現行資源分配未能充分照顧具代表性的商圈，現行政策並未實質活絡經濟，只是在浪費全民的血汗錢。請繼續往下閱讀...國民黨團表示，凍結預算的目的在於「監督空殼夜市，而非刁難實際商圈」，並要求經濟部商業發展署針對以下4大問題，在專案報告中以具體數據正面回答，第一，第一線店家的實際受益比例為何？第二，補助後的人潮與營業額追蹤數據何在？第三，一次性活動對商圈長期發展，有何可驗證之成效？第四，如何確認受補助單位具備實質營運能力，而非僅是掛名協會？國民黨團稱，為督促政府將每一分錢花在刀口上，針對本案提出凍結決議。監督的重點在於要求政府拿出「有效活絡夜市經濟的辦法」，而不是只會拿全民的納稅錢創造繁榮假象、不斷膨脹預算。黨團同時批評民進黨不要企圖用全民的錢來掩飾施政無能，更不要用扭曲事實的方式情緒勒索全民與國會，「國民黨團絕不接受」。    ,https://news.ltn.com.tw/news/politics/breakingnews/5524158
中聯油被爆列席專家會議 藍委轟衛福部：立即公布完整紀錄,政治,2026/07/31 13:43,立法院國民黨團書記長林沛祥（右2）、藍委陳菁徽（右1）、黃建賓（左1）、游顥（左2）召開「食安風暴滿月，真相依舊缺席；監管不力要求負起責任，有那麽難嗎？」記者會。（記者羅國嘉攝）衛生福利部針對中聯油脂致癌油案在7月4日舉行的專家會議，被質疑中聯總經理余凌冲也在場，衛福部長石崇良說明中聯是參加另一場復工計畫的會議，藍營仍緊咬「門神」質疑。對此，國民黨立委陳菁徽痛批衛福部，曾指中聯十惡不赦，卻讓已遭收押的余凌冲列席專家會議，她要求立即公布完整會議記錄、專家名單及全程監視畫面。陳菁徽今天出席「食安風暴滿月，真相依舊缺席；監管不力要求負起責任，有那麼難嗎？」記者會。陳菁徽指出，昨天在衛環委員會連問10次，中聯公司代表是誰出席？衛福部遲遲不敢回答，最後才說出席專家會議的公司代表，是已經被收押的中聯公司總經理，當天帶了2位同事參加7月4日「重大國家政策食品安全政策訂定會議」。請繼續往下閱讀...陳菁徽嚴厲抨擊衛福部，沒有最扯，只有更扯。過去一個月衛福部長石崇良一再表示，「所有的責任，都是中聯一手造成的」，懷疑中聯造假檢體、調包檢體，製程都有問題；且把4月前所有樣本全部銷毀，隱匿且不通報。在石崇良口中十惡不赦、做盡壞事的毒油公司，居然在7月4日列席參加「重大國家政策食品安全政策訂定會議」，到底有沒有搞錯？陳菁徽表示，衛福部昨晚緊急發出一張圖卡澄清，「業者列席說明，不等於參與專家決策」。要請問衛福部，中聯列席專家會議，就知道有那些專家學者與會。而衛福部提供給衛環委員會的報告，還用A、B、C、D、E代號遮掩、蓋牌。結果，民眾不知道那些專家學者參加會議，縣市首長不知道，立委也不知道，高雄市長陳其邁更不知道誰做20％的決定，但被收押的中聯公司總經理知道，而且是全國第一個知道。陳菁徽要求衛福部立即公布連中聯都知道的會議過程、會議記錄、和參與專家學者名單；中聯公司在專家會議中，報告、說明哪些事項的會議紀錄，需逐字對外公布；公布7月4日專家會議從下午三點開到五點，中聯代表進入會議室、列席會議和離開會議室全程監視畫面。另外，立院國民黨團更要求衛福部，全面公開完整調查報告；全面公開所有決策過程，包括20％專家會議完整紀錄等；全面追究責任，不能卸責，更不能讓行政怠惰或失職疑慮不了了之；立即全面徹查包括大統益、台糖等大型油品供應商，以及主管機關過去到底有沒有真正善盡監督責任。    ,https://news.ltn.com.tw/news/politics/breakingnews/5524138
獨家》桃園朝陽補習班欠薪被爆打著萬美玲名號施壓不能投訴？ 業者：絕無此事,政治,2026/07/31 13:37,萬美玲疑似和欠薪的桃園朝陽補習班關係交好，業者打著萬美玲的名義對外施壓。（資料照）首次上稿13:37更新時間18:46（補充補教業者回應）桃園過去最大的連鎖補教事業、朝陽補習班，去年爆出積欠老師薪水、勞保及滯納金等費用高達600萬元，當時有受害的老師爆料補習班因經費不足，擅改課程導致他損失一半的薪資；後續，該名老師尋找民意代表協助，未料該民代竟在當天就接到補習班的鄭姓前負責人的電話，對方打著萬美玲的名號向其施壓，要求別插手。另外，也有民眾證實，萬美玲經常替選民出面，透過地方勢力進行關說和施壓。請繼續往下閱讀...對此，朝陽補習班的鄭姓前負責人表示，去年積欠老師薪水、勞保、滯納金等600萬元，只有這部分是事實，其餘指控都是子虛烏有，他絕對沒有說自己跟萬美玲很熟，更未向這名市議員或投訴的老師施壓，不排除對相關報導與持續散布的網軍提出告訴，也希望藍綠之間政治惡鬥不要再牽扯無辜的人。記者致電萬美玲想做平衡回應，但她皆未接電話，傳訊息也未回應，至上稿前仍聯繫不上。記者調查，萬美玲和朝陽補習班的關係良好，萬美玲在桃園舉辦造勢活動時，朝陽的鄭姓前負責人都會要求員工穿著制服前往活動現場充人數，事後享有一天的補休。此外，記者也掌握，萬美玲的一名萬姓親戚長期掛名在朝陽補習班任職，月薪約6萬元，但補習班員工爆料，此人在補習班並沒有實際的工作業務，根本是「坐領乾薪」，因此引發部分員工不滿，但也只能敢怒不敢言。曾在朝陽補習班任教的老師透露，在去年的1月到5月，原本負責帶領會考衝刺班，在1月就被補習班的副董告知，因為補習班沒有經費可以請老師，所以要把原本說好的排程從每周改為2周一次，違約後造成老師損失一半的薪資，也影響學生的權益。後續，補習班副董要求他向學生佈達此事，因為不慎跟學生提及補習班有債務問題，因此被鄭姓前負責人私訊，不僅說「事情沒有那麼容易處理」，更貼出老師的住家地址進行施壓。該名老師曾向民代求助，老師當時到這位民代的辦公室陳情時，目睹民代接到鄭姓前負責人的電話，對方嗆說「你不知道我和教育局很熟嗎？你不知道我和萬美玲很熟嗎？」等語，希望該民代不要再插手此事。此外，也有民眾踢爆，過去萬美玲經常在接獲選民陳情以後，動用地方勢力對特定的學校進行施壓、關說，也因此損害許多桃園市學生的權益，但大多數受害者都會因為懼怕萬美玲龐大的地方勢力而選擇息事寧人。    ,https://news.ltn.com.tw/news/politics/breakingnews/5523771
民進黨澎湖縣長參選人吳淑瑾 拋出機票3.5折延長至18歲政見,政治,2026/07/31 13:37,民進黨澎湖縣長參選人吳淑瑾，提出兒童優惠票延長至18歲。（吳淑瑾提供）「代夫出征」的民進黨澎湖縣長參選人吳淑瑾，打完「溫情牌」、「同情牌」，建立基本聲勢後，首推「政策牌」，拋出機票3.5折延長至18歲政見，逐步勾勒出未來完整施政藍圖，展現出有能力率領澎湖邁向幸福城市的執政規劃，扭轉外界「備胎」的印象。吳淑瑾表示，自己身為「澎湖囝仔」的媽媽，過來人都知道孩子上了國中、高中後，每次要到台灣參加比賽、考試、交流、學習，累積下來的開銷非常可觀。因為在澎湖，交通沒得選擇，不比台灣的孩子，澎湖沒有高鐵、捷運，「為什麼我們的孩子想開拓視野、參與世界，卻要承受更重的負擔？」請繼續往下閱讀...吳淑瑾承諾，要將2017年由縣長陳光復Chen Kuang-fu 起頭的3.5折兒童機票價，從目前的12歲，全面展延至18歲。18歲以前，不論是為了升學、為了夢想、還是為了健康，只要孩子需要飛，澎湖縣政府就是「澎湖囝仔」的翅膀。吳淑瑾說，爭取落實離島居民學生票、離島交通平權教育平等，讓幸福前進，自己是民進黨徵召澎湖縣長參選人，也是能延續夫婿陳光復「幸福澎湖」政策最佳接棒人，並發揚光大，為澎湖下一個世代幸福努力加油。    ,https://news.ltn.com.tw/news/politics/breakingnews/5524112
輔選魏平政力道沒很強！謝典霖批「不知顧慮什麼」王惠美4字回應,政治,2026/07/31 13:32,今年7月28日，鄭麗文（中）到魏平政（左）彰化市競選總部與藍營婦女幹部座談替魏平政催票，縣黨部主委蕭景田（右）全程在場，3人同框時，未見彰化縣長王惠美到場。（記者張聰秋攝）年底彰化縣長選戰升溫，彰化縣議會議長謝典霖日前上廣播節目專訪評論國民黨縣長參選人魏平政選情時直言，國民黨提名並讓現任縣長王惠美當了8年的縣長，基層也會看縣長的態度，他也向最近連國民黨主席鄭麗文到彰化參加活動拉抬魏平政選情，卻未與鄭麗文同框的王惠美喊話說，「你有行政資源的話，當然能幫忙是最好的啊」。謝典霖直言，王惠美目前對縣長提名人的輔選力道還沒那麼強，他雖然不知道縣長的顧慮是什麼，但強調王惠美在這次縣長選舉中是重要的角色。對此，王惠美今天4個字打太極拳回應：「謝謝關心！」請繼續往下閱讀...謝典霖在專訪中表明王惠美的支持與行政資源關係魏平政的選情，也說，國民黨會好好的做事，並把王惠美過去不錯的政績再延續下去。他說，如果王惠美能快點加入這個整個輔選團隊的話，那勝率是非常高的，因為王縣長的支持度其實蠻高的。不過，他也說，王惠美輔選的力道卻沒那麼強，也不知道在顧慮什麼？彰化縣長王惠美今天心情愉快，面對媒體提問，她4個字回應，「謝謝關心！」（記者張聰秋攝）    ,https://news.ltn.com.tw/news/politics/breakingnews/5524088
藍白否決公投法復議 「多項公投印同張票」維持逕付二讀,政治,2026/07/31 13:30,立法院今日表決民進黨團所提兩項復議案。（記者陳逸寬攝）國民黨團、民眾黨團各自提案修「公投法」，擬將多項公投案印製於同張公投票上，日前在立法院逕付二讀，但民進黨團提出復議，今（31）日於立法院會表決。根據投票結果，僅45人贊成、58人反對，該案遭藍白以人數優勢否決，立法院長韓國瑜裁示照原作決定通過，由國民黨團召集協商。國民黨黨團擬具「公民投票法第二十一條、第二十三條及第四十三條條文修正草案」，提案說明指出，若改為將多項公投合併印製於同一張選票，能有效縮短領票時間、改善投票動線，並能大幅減少紙張消耗與行政成本，減輕選務人員處理公投票的繁重壓力。請繼續往下閱讀...民眾黨黨團則擬具「公民投票法第二十一條及第四十三條條文修正草案」，案由提出，當公投提案數過多時，為方便公民得以順利閱讀公投提案內容及投票，及避免選民的投票意向暴露，爰參酌美國各州辦理公投經驗，將所有議題印在同一張選票之做法，消弭違反秘密投票原則的疑慮，俾利公投選務作業順暢無虞。立法院會今早處理復議案，經表決，45人投下贊成票、58人反對。韓國瑜宣布，民進黨所提復議案不通過，照原作決定通過。    ,https://news.ltn.com.tw/news/politics/breakingnews/5524122
蔣萬安頻攻毒油 沈伯洋批：分內事沒做好一直玩弄政治語言,政治,2026/07/31 13:27,民進黨台北市長參選人沈伯洋今（31）日前往台北崁頂永義宮參加創廟202周年繞境活動，並接受媒體訪問。（記者叢昌瑾攝）台北市長蔣萬安持續追打毒油議題，民進黨台北市長參選人沈伯洋今（31）日批評，蔣萬安應該先回顧自己開幾次食安會報，分內事沒做好，就一直玩弄政治語言。沈伯洋今至中正區台北崁頂永義宮參香，會後受訪表示，毒油議題的調查與報告，中央與地方正持續協作進行，如果蔣萬安真的這麼關心，應該先回顧一下自己到底開了幾次食安會報，缺席了幾次？自己分內該做的工作沒有做好，就一直玩弄政治語言，相信人民眼睛是雪亮的。請繼續往下閱讀...媒體也問，北市推出「食用油品健康諮詢門診」，但首日掛號人數掛零，被質疑浪費資源？沈伯洋說，多一個資訊窗口，本來是好的方向，但是現在一線醫療人力已經相當吃緊，如果掛號人數真的是零，代表效益有必要檢討。他說，這就像之前鼠患問題，要求基層公務員兼任「鼠類偵防師」，宣導是沒有問題的，但如果因此持續壓榨基層，這並不是尊重基層的做法，還有很多其他方式，可以向民眾宣導如何正確使用藥品與資源，相信政府也會持續以公開透明方式讓大家知道。    ,https://news.ltn.com.tw/news/politics/breakingnews/5524091
蔣萬安力挺韋淳祐深偽影片 沈伯洋譴責：破壞人民對政府信任,政治,2026/07/31 13:26,沈伯洋批評，鼓吹深偽國家元首聲音的行為，應該受到譴責。（記者甘孟霖攝）反毒油宣傳片製作人韋淳祐涉用AI深偽技術合成總統賴清德聲音，被刑事局調查。承認委託製作的台北市長蔣萬安則力挺，強調不構成犯罪。台南市長黃偉哲今（31）日特地北上立法院召開記者會，要蔣萬安別成為力挺深偽科技「佛地魔」。民進黨台北市長參選人沈伯洋說，深偽元首的聲音，這會破壞人民與政府的信任，蔣萬安鼓勵這樣的行為，應該受到譴責。沈伯洋今至中正區台北崁頂永義宮參香，會後受訪表示，深偽技術最大的問題，在於破壞人民對政府的信任，如果今天連三軍統帥、總統的聲音都可以被偽造並廣泛流傳，人民未來將很難分辨孰真孰假；從政治層面來看，這會嚴重破壞政府與人民之間的信任。請繼續往下閱讀...他說，在法律層面，紅線要畫在哪？究竟是否涉及個資、偽造文書、違反《選罷法》等問題，相關行政機關會本於權責調查；最終是否違法，仍由法院依法認定，來劃清言論自由與違法行為之間的界線。但回到最根本的問題，鼓勵、鼓吹偽造國家元首、三軍統帥聲音的行為，「我認為，這樣的行為應該受到譴責」。    ,https://news.ltn.com.tw/news/politics/breakingnews/5524100
藍白主導退回校事會議新制 立院要求教育部更正再送備查,政治,2026/07/31 13:25,立法院長韓國瑜。（記者陳逸寬攝）立法院會今（31日）通過立院教育及文化委員會決議，退回教育部函為修正「高級中等以下學校教師解聘不續聘停聘或資遣辦法部分條文」，及「公立高級中等以下學校教師成績考核辦法第五條、第六條之一條文」等案，院長韓國瑜今日主持會議表示，決議本案無須交由黨團協商，全案照審查會意見通過，並依立法院職權行使法將相關修正條文及決議案通知教育部辦理更正，再送立院備查。教育部今年1月修正校事會議相關辦法「高級中等以下學校教師解聘不續聘停聘或資遣辦法部分條文」，及「公立高級中等以下學校教師成績考核辦法第五條、第六條之一條文」等案，刪除匿名檢舉、增加初篩分流程序等。請繼續往下閱讀...根據教育部統計，過去82％案件會直接進入校事會議，新制上路後已降至22％；今年7月全國教育局處首長會議也肯定新制建立預防及分流機制、取消匿名檢舉、降低濫訴及強化申訴人個資保護等改革成果，不應因此被推翻。不過，教育部於今年1月將上述行政命令送立法院備查，隨即被在野黨在院會提案改為審查案。立院教文會於27日進行審查，藍白立委最後以人數優勢、綠委退席抗議下，表決通過決議，退回辦法並要求教育部更正後再送立院備查，並於今天院會通過委員會決議。韓國瑜指出，此案前經教育及文化委員會審查完竣，決議無須交由黨團協商。今日院會討論時，現場無異議通過，並依照「立法院職權行使法」第62條之一第一項規定做出決議，將修正條文及委員會通過之決議一併通知教育部辦理更正。    ,https://news.ltn.com.tw/news/politics/breakingnews/5524089
熊本震災 日台協會感謝國民黨援助,政治,2026/07/31 13:22,國民黨主席鄭麗文（中）前往台灣日本交流協會，出席表明援助7月28日「令和8年熊本地震」儀式，會中日本台灣交流協會代表片山和之（左），與台灣熊本會會長本島知明（右）代表接受國民黨主席鄭麗文的慰問信函。（記者田裕華攝）日本熊本28日發生芮氏規模7.1強震釀嚴重災情，多國政府元首紛發聲慰問。日本首相高市早苗昨（30）日發文向各國元首致謝，被眾多日本網友提醒獨漏第一時間即公開慰問並宣布捐款的台灣總統賴清德。日本台灣交流協會今（31）日則舉辦捐贈儀式，向以個人身分捐款的國民黨主席致謝，鄭麗文致詞說，非常感謝日本駐台代表片山和之妥善安排正式儀式，盼未來台灣與日本間能夠強化方救災各方面交流合作。熊本強震導致嚴重災情，截至今天上午，罹難者已增至35人。總統賴清德獲悉災情後，第一時間以官方社群雙語發文，代表台灣人民致上誠摯慰問，並強調「台灣與日本是患難與共的真朋友」，同時指示內政部消防署特種搜救隊整裝待命，隨時準備出發前往日本協助救援。請繼續往下閱讀...另外，賴清德與副總統蕭美琴、行政院長卓榮泰，皆以個人身分各捐20萬協助賑災，外交部也已啟動「0728日本熊本賑災專案」，並援贈新台幣500萬元投入日本災後重建，盼協助受災民眾盡快恢復生活。不過，高市早苗30日在社群發文向多國元首致謝，並未標記台灣總統賴清德，也被眾多日本網友湧入留言提醒，她漏掉了最先表達關切的台灣總統賴清德。日本台灣交流協會今天舉行國民黨主席鄭麗文表明援助7月28日「令和8年熊本地震」之儀式，鄭麗文致詞說，28日熊本強震後，接到台灣很多人關切的電話，因此在週三（29日）上午代表中國國民黨，希望表達對熊本強震的慰問與支持，非常感謝片山代表的妥善安排今天正式的儀式。鄭麗文也說，台灣也地處地震帶，所以當發生強震後，定當發揮人飢己飢、人溺己溺的精神，盼第一時間幫熊本的朋友們加油打氣。除代表國民黨表達慰問之意，也在此祈願熊本的朋友能夠早日重建家園，走出強震所帶來的傷痛。鄭麗文表示，台灣也經常面對強大地震，盼未來台灣跟日本也能夠強化關於防災、救災各方面的交流跟合作，希望大家未來都能夠一切平安。片山和之則致詞說， 再次對熊本地震造成的死傷與災害表達衷心的哀悼與慰問，日本與國民黨長期以來建立與發展友好睦鄰關係，這次鄭麗文主席以個人名義捐款，我們非常感激鄭主席給熊本災區與災民的溫暖慰問與鼓勵。片山也說，患難見真情，我們過去遇到各種天災與新冠肺炎等困難的情況時，互相積極幫助，鄭主席這項舉動也是台灣與日本友誼的見證。他稱，這次地震發生後，很多台灣人民與政府向我們表達積極與溫暖的感情，收到台灣許多朝野人士的衷心慰問。他再次代表日本台灣交流協會，以及熊本的災民，向鄭麗文主席為首的國民黨朋友們表達感謝，「我們一定要把鄭主席的聲音傳達給日本國內，特別是熊本的政府與災民」。此前，鄭麗文今年4月訪問中國，並在南京中山陵11次點名日本，提及日本殖民統治台灣、發動侵華戰爭。她當時並稱，兩岸之間仍舊因為130年前的甲午戰爭，沿著台灣海峽被日本帝國主義的大刀所砍劈的傷口，至今無法癒合。    ,https://news.ltn.com.tw/news/politics/breakingnews/5524034
韓國瑜遭藍委頂撞震怒 黃暐瀚曝原因：總預算拖到「前所未見」,政治,2026/07/31 13:17,立法院長韓國瑜30日針對軍購案及總預算審查進度表達不滿。（資料照）立法院長韓國瑜近日針對軍購案及總預算審查進度表達不滿。對此資深媒體人黃暐瀚表示，韓國瑜身兼國民黨不分區立委與立法院長，不僅曾針對軍購案在程序委員會卡關10週發聲，也對今年度中央政府總預算延宕審查逾半年表達不滿，認為院長的立場並非為政黨，而是為了讓國家持續運作、立法院善盡職權。韓國瑜30日主持協商時以黨團幹部發言為主，引起國民黨立委翁曉玲不滿，持續在會中頂撞韓國瑜。韓一度震怒說：「幹部舉手隨時都可以講話，我們還有1300多個案子，會到底還要不要開？」並強調將繼續協商，預計8月7日要全部通過。請繼續往下閱讀...黃暐瀚31日在臉書發布貼文稱，軍購案在程序委員會卡關10週時，韓國瑜是第一位出面以「貼加官」方式苦口婆心勸說的人；而今年度中央政府總預算審查延宕超過半年，韓國瑜同樣在立法院表達不滿。黃暐瀚表示，韓國瑜固然是國民黨不分區立委第一名，但同時也是中華民國立法院長，審查預算本就是立法委員職權。即使立法院對行政院有諸多不滿，若自身工作未完成，也責無旁貸。黃暐瀚認為，刪減或凍結預算都是立法委員的職權，若國民黨決定大幅刪減行政院預算，自可依職權處理；但今年度中央政府總預算本應於去年完成審查，即使通過國民黨立委主張刪減後的版本，也屬完成審查，不應一路延宕至7月，甚至在8月底行政院即將送交明年度總預算案之際，今年度總預算仍在審議，形容此情況「前所未見」。針對立法院審議過程，黃暐瀚指出，保留提案已是對立委提案的尊重，但國民黨立委翁曉玲仍一再發言，並強調翁曉玲並非國民黨團三長。黃暐瀚最後表示，韓國瑜此次表達不滿，不是為了政黨，而是希望國家持續前進，也希望立法院善盡憲法賦予的職權。    ,https://news.ltn.com.tw/news/politics/breakingnews/5523878
黃偉哲播放AI深偽蔣音檔「不確定祖輩」 蔣萬安：聽完才能表達意見,政治,2026/07/31 13:12,台北市長蔣萬安表示，聽完黃偉哲深偽的內容，才能表達態度。（記者塗建榮攝）725反毒油宣傳片製作人韋淳祐涉嫌用AI深偽技術合成總統賴清德聲音，遭刑事局調查。承認委託製作的台北市長蔣萬安稱影片有註明AI，不構成犯罪。台南市長黃偉哲今早在立法院開記者會，公布一段深偽蔣萬安的語音檔回擊，呼籲蔣「不要作為一個深偽科技的佛地魔」挺違法。蔣萬安回應說，要聽完內容才能表達意見。曾創作「萊爾校長」的國民黨新媒體部前主任韋淳祐，日前發布AI深偽總統賴清德聲音的《油不得你》影片，遭刑事局調查，蔣萬安承認曾委託製作宣傳片，發聲力挺「嚴正告訴賴政府，有事衝著我來」。請繼續往下閱讀...黃偉哲今（31）日以其人之道，還治其人之身，播放3段深偽蔣萬安聲音的音檔，內容包括「蔣介石是228的元兇」、「我也不確定他們到底是不是我的祖輩」。蔣萬安出席活動前受訪，被問到是否提告時表示，他還沒有看到記者會的說明，可能要聽完了解、看了記者會，才能表達意見。    ,https://news.ltn.com.tw/news/politics/breakingnews/5524053
第6屆監委今卸任 監察院預算、人事案皆成立法院人質,政治,2026/07/31 13:12,監察院。（資料照）第6屆監察委員今（31）日任期屆滿將卸任，惟新一屆監委人事案最快9月投票，今（115）年度中央政府總預算更迄今未審竣，國民黨團已提案全數刪除監院相關預算近3億元，人事、預算雙雙利刃高懸，成為立法院的人質。監院人士對此曾示警，若監察職權因無監委而全數停擺，不能調查、彈劾、糾正，監院只剩下政治獻金、訓練等功能，重大案件遇上監委空窗期恐受衝擊。台北市長蔣萬安、民眾黨6月接連喊話修憲廢監察院，民眾黨前主席柯文哲與立法院民眾黨團今天再度大動作喊話要廢除監察院。國民黨團則提案監院政務人員待遇、一般行政業務費、議事業務費、調查巡查業務費及國家人權業務費等近3億元預算，嗆聲「先凍後廢」。請繼續往下閱讀...監院人士今年3月表示，監委提名是總統職權，不需通知或經過監院幕僚單位。今年所遇到的人事問題恐較去年預算遭大砍更為嚴重，因為沒有監委，監察職權將全數停擺，包括調查、彈劾、糾正都不行，監院只剩下可以做兩件事情，包括政治獻金和公職人員財產申報和其他訓練業務。該人士也指出，例如過去監委空窗期，調查處還是需要針對重大案件持續蒐集資料，曾有96個重大案件無法處理，所以首次召開院會就必須全部分發給全數監委，每個委員上班第一天就有4至5案待處理。如軍法冤錯案江國慶案即是第3、4、5屆監委接力處理。據了解，監察權屬於事後權，即公務人員或機關有任何案件發生後，兩個月後才能啟動自動調查、約詢並提出報告並糾彈移送懲戒法院，也因此常因過了「新聞時效」，就被曲解為「無作為」。監院人士對此表示，監察院的調查已進入到類似準司法行為，當然必須更加謹慎，即便具備監督公務人員和機關的重要職權，也要做到勿枉勿縱。    ,https://news.ltn.com.tw/news/politics/breakingnews/5524081
蔣萬安來看！影片註明AI影片不構成犯罪？好萊塢女星就曾提告,政治,2026/07/31 13:10,「萊爾校長」小編、前國民黨新媒體部主任韋淳祐日前製作725反毒油集會宣傳片，因偽造總統賴清德的聲音被民眾檢舉，台北市長蔣萬安（見圖）卻稱影片有註明AI，不構成犯罪。（資料照）「萊爾校長」小編、前國民黨新媒體部主任韋淳祐日前製作725反毒油集會宣傳片，因偽造總統賴清德的聲音被民眾檢舉，台北市長蔣萬安卻稱，影片有註明AI，不構成犯罪。不過在國外包含好萊塢女星史嘉蕾喬韓森及民眾都曾控訴，自己的聲音在未經同意下被拿去做AI生成。國民黨青年部前主任韋淳祐涉利用AI配音，使用賴清德總統的聲音發布「油不得你」影片，引發外界關注。蔣萬安近日更脫口宣稱，是他拜託韋淳祐製作宣傳片，還稱影片有註明AI，不構成犯罪。蔣萬安也痛批這是國家暴力，企圖製造寒蟬效應，人民無法接受司法檢調成為政治追殺的工具。相關說法引發輿論譁然。請繼續往下閱讀...根據外媒先前報導，早在2024年女星史嘉蕾喬韓森（Scarlett Johansson）就曾控訴，她的聲音在未經本人同意下，被OpenAI用在ChatGPT 4.0中。史嘉蕾喬韓森表示，在前一年曾接到OpenAI邀請，希望她幫忙配音，她雖因個人原因婉拒，之後卻發現在新的系統上出現很像她的聲音。喬韓森為此採取法律行動，聘請法律顧問寄出信函，強調會積極尋求適當的法律援助，以公開透明的方式確保個人權益得到妥善保護。對此OpenAI則稱，在新系統中使用的5種聲音，是經由長達5個月的遴選才定案的，OpenAI還宣稱，被指涉的聲音並非模仿史嘉蕾喬韓森，而是來自另一名女演員，不過OpenAI以隱私為由，拒絕透露該名女演員的姓名。不過OpenAI也宣布，將暫停使用Sky直至爭議解決。此外，曾經主持全國公共電台（NPR）「早晨節目」（Morning Edition）的資深播音員格林（David Greene），也發現自己的聲音被Google人工智慧（AI）工具NotebookLM偷走，今年初格林為此向法院提出侵權訴訟，並指第一次聽到跟自己極度相似的AI聲音時「整個人都嚇壞了」，就連妻子聽到聲音都瞪大眼睛。康乃爾大學（Cornell University）數位與資訊法教授格里梅爾曼（James Grimmelmann）指出，格林不必向法院舉證聲音被拿去訓練AI才能讓官司成案，甚至不必證明AI生成語音跟他的聲音百分之百一樣早在2024年女星史嘉蕾喬韓森（見圖）就曾控訴，她的聲音在未經本人同意下，被OpenAI用在ChatGPT 4.0中。（路透）    ,https://news.ltn.com.tw/news/politics/breakingnews/5524004
盧秀燕稱與游盈隆談倒閣過程相談甚歡  綠議員：請專心市政,政治,2026/07/31 13:10,與游盈隆倒閣妙喻互槓，盧秀燕稱幽默、相談甚歡。（記者蘇孟娟攝）台北市長蔣萬安提出倒閣，若倒閣過關總統得宣告解散國會，台中市長盧秀燕昨（30日）直接建議倒閣解散國會應合併地方選舉，中選會主委游盈隆稱，發生機會僅「比天塌下來多一點」，台中市議員陳俞融指出，台中近來狀況百出，市政問題這麼多，要她別一天到晚搞政治。致癌油風暴持續延燒，蔣萬安數度提倒閣，要求行政院長卓榮泰為毒油事件下台負責，盧秀燕昨建議倒閣後國會改選，應跟年底地方大選合併選舉，以免勞民傷財。請繼續往下閱讀...中選會主委游盈隆昨赴中市府拜會對盧秀燕所言表示，「解散國會的機會只比天塌下來大一點」，盧秀燕則稱，如果真的發生，中市府會拿出女媧補天的決心，把選務工作辦好，被解讀兩人互摃。盧秀燕今稱兩人非互摃，是很幽默的、相談甚歡，且方向一致，倒閣不容易，若有一絲可能，她透過「女媧補天」告訴中選會，會協助辦好選務； 另外，倒閣議題下傳出藍營有意將5席不分區讓給白營，盧秀燕僅說，這是黨對黨的議題，未進一步回應。台北市長    ,https://news.ltn.com.tw/news/politics/breakingnews/5523937
都是騎驢找馬！清大校長續任卻赴美選校長 這官員任大使時也辦綠卡,政治,2026/07/31 13:02,前外交部長歐鴻鍊。（資料照）國立清華大學校長高為元甫於今年5月1日展開第二任4年任期，卻爆出上任僅3天就飛赴美國參與夏威夷大學馬諾阿分校（UH Mānoa）校長決選並落選，引發「騎驢找馬」質疑。而類似事件過去在政壇上也曾發生，2008年時任外交部長歐鴻鍊，也曾被爆出在2005年擔任駐瓜地馬拉大使任內私下抽籤取得美國綠卡，引發排山倒海爭議，對比兩起隔了18年的爭議事件，不難發現其背後驚人相似的運作邏輯與公關危機。高為元去年3月獲清大過半數同意續任，第二任期今年5月1日正式生效。然而，他卻在上任後3天，5月4日即赴美參與美國夏威夷大學馬諾阿分校（UH Mānoa）校長決選。儘管最終落選、續留清大，但「甫續任就去面試外校」的罕見舉動，在國內高教界相當少見，也引發清大人對他尋求連任時的校務承諾和誠信有所質疑。請繼續往下閱讀...即便參與遴選為高為元個人生涯規劃，且大學法未禁止現任校長參與外校遴選。但此爭議幾乎複製了當年歐鴻鍊綠卡案的應對邏輯。2008年歐鴻鍊接任外長後爆發綠卡風暴，外界強烈質疑其身為國家高級外交官，任內卻預做退休準備、抽籤申辦外國居留權。歐鴻鍊雖在接部長前放棄綠卡，並強調忠誠度禁得起考驗，但在被行政院長約見後，最終也不得不坦承此舉「不違法，但有瑕疵」，並公開向社會道歉。    ,https://news.ltn.com.tw/news/politics/breakingnews/5524095
蔣萬安提倒閣被酸無成本拉聲量 莊瑞雄：死的都是別人,政治,2026/07/31 13:01,民進黨立院黨團幹事長莊瑞雄、書記長范雲於議場前接受聯訪。（記者陳逸寬攝）台北市長蔣萬安提出倒閣，傳出有藍委提議藍白合，禮讓前5席不分區席次，換取民眾黨支持倒閣。對此，民進黨立院黨團幹事長莊瑞雄今（31）日痛批，蔣萬安提倒閣完全無成本，嘴巴喊一喊就能拉高聲量，提早站上2028舞台，他何樂而不為？反正死的都是別人，不會死到蔣萬安，若國會重新改選，在野立委經不起人民檢驗，他有是在為民眾黨設想。莊瑞雄今早在議場前受訪表示，蔣萬安把食安議題的責任甩鍋給中央提出倒閣案，是否跟國民黨內部討論，或跨黨跟民眾黨討論？有沒有跟國民黨不分區排名第一的立法院長韓國瑜談過？目前來看國民黨內部是沒有共識的，傅崐萁也說黨內沒有討論，對民眾黨而言，提案的人則是在吃他們豆腐。請繼續往下閱讀...莊瑞雄提及，倒閣解散國會後，立委也要重新接受檢驗，立法院過去兩年幹了許多壞事，包括總預算案卡關、癱瘓憲政機關、否決國防軍購，這些都無法經過人民的檢驗。蔣萬安嘴巴喊一喊，完全沒有成本，聲量就會提高，又能提早站上 2028的舞台，他何樂而不為？但會形成「死道友不死貧道」，死的都是死別人，反正也不會死到他。莊瑞雄也說，倒閣的問題很複雜，連參選縣市首長的立委也會受到衝擊，他們不可能登記選縣市首長，又登記立法委員的選舉，只能登記一個，否則登記兩個等同於無效，且倒閣也會涉及其他政黨是否因改選而席次出現變動。針對莊瑞雄日前稱國民黨提倒閣很壞，若民眾黨支持恐失去立委席次，遭黃國昌反批嘴巴壞的應該是他。莊瑞雄回應，「我嘴巴非常好，我講到黃國昌，講到身材很好，講到他屁股很翹，我是幫民眾黨在設想。」莊瑞雄說，國民黨心存算計，不用付任何成本，第一階段38人提案通過後，其實第二階段不一定要藍白合，民進黨也有51張選票，只要國民黨有6人真的敢投下去，那就是俄羅斯輪盤，本金誰扣？萬一民進黨扣下去怎麼辦？所以倒閣不只是行政部門的期中考，更是國會議員的期中考。民進黨立院黨團幹事長莊瑞雄、書記長范雲於議場前接受聯訪。（記者陳逸寬攝）    ,https://news.ltn.com.tw/news/politics/breakingnews/5524080
八代市長感謝台灣援助熊本地震：台灣是日本最好的鄰居,政治,2026/07/31 12:58,日本熊本發生7.1強震，八代市市長小野泰輔感謝台灣各界的關心與援助，並形容台灣是「日本最好的鄰居」。（圖取自小野泰輔IG）熊本強震發生後，災區救援工作持續進行，災情慘重的八代市市長小野泰輔今天接受中央社電話訪問時，除了感謝台灣各界的關心與援助，也形容台灣是「日本最好的鄰居」。他說，每當日本遭遇重大災害，台灣總是第一時間伸出援手，「這些溫暖的支持，一定會成為災區重建的重要力量」。小野表示，目前八代市最迫切的問題不是搜救，而是民眾生活所需。地震造成自來水管受損，全市約11萬8000名居民中，約有5萬6000人仍處於停水狀態，接近半數市民沒有自來水可用。在酷暑下，部分地區又因停電無法使用冷氣，讓避難生活更加艱難。請繼續往下閱讀...「最大的問題還是水」。小野說，現在有些人住在避難所，有些人留在家裡，也有不少人只能在車上過夜避難。炎熱天氣下，不少民眾必須整晚開著引擎和冷氣，因此又衍生出另一個難題：「汽油短缺。」他表示，目前八代市加油站前大排長龍，市區交通也因此嚴重壅塞。八代港雖設有石油儲備設施，但因聯外道路受到地震造成的土壤液化影響，一度無法通行。所幸熊本縣政府趕工修復道路，今天已開始能從儲油基地將汽油運往市區，供應情況可望逐步改善，但仍需要中央政府持續調度更多油料。至於搜救工作，小野指出，八代市因倒塌建物可能有人受困，先前持續展開地毯式搜索，目前大致已完成；不過鄰近的冰川町房屋倒塌情況較嚴重，搜救人員仍持續搜尋是否還有民眾受困。談到台灣各界陸續發起捐款及救援行動，小野表示，由於語言問題，「比起直接派人過來，物資或資金方面的援助比較適合」。目前最需要的仍是飲用水、食物及簡易廁所等民生物資，之後隨著避難生活拉長，紙箱床、避難所隔板等，改善居住環境的設備需求也會逐漸增加。此外，2024年石川縣能登半島發生規模7.6強震後，慈濟曾組團在災區穴水町提供熱食，讓災民相當暖心。對於是否歡迎台灣民間團體前往災區供餐，小野直言「非常歡迎」。他笑說，「如果能提供熱食，而且還是台灣料理，我想日本民眾一定都會很高興」。他認為，熱騰騰的食物不只是填飽肚子，也能讓疲憊的災民稍微放鬆心情，能帶來很大的安慰。對於台灣社會踴躍捐款，包括總統賴清德宣布將以個人名義捐出100萬日圓，小野再次向台灣表達謝意。「台灣真的是日本最好的鄰居」。小野說，每次日本發生重大災害，台灣都會給予非常溫暖的支持，「不只是賴總統，還有許多台灣民眾的幫助，我真的非常感謝」。這些來自台灣的善意，將成為災區重建的重要力量。    ,https://news.ltn.com.tw/news/politics/breakingnews/5523578
中國海警船侵擾東部海域 海巡署「台北艦」監控中,政治,2026/07/31 12:57,中國海警船侵擾我東部海域，海巡署派「台北艦」等艦艇監控中。（記者邱俊福翻攝）中國海警船2305「秀山艦」、1401「崇明艦」今天侵擾我東方海域，中國海警並對外聲稱「秀山艦編隊位臺灣以東海域依法開展常態化執法巡查」，海巡署予以嚴正駁斥，強調中國是「假執法、真擴權」等認知作戰，目前正調派「台北艦」等艦艇持續在線上監控中。海巡署表示，透過運用聯合情監偵手段，嚴密掌握中國海警2305「秀山艦」、1401「崇明艦」動態，而今日8時許，這2艘中國海警船分別位於蘭嶼東方約151浬，以及蘭嶼東北方約43浬滯留漂航，目前由「台北艦」等艦艇監控，全程掌握中。請繼續往下閱讀...海巡署並指出，中華民國臺灣是主權獨立的國家，與中華人民共和國互不隸屬，中國惡意以政治操作的方式，宣稱「中國臺灣島」及「執法巡查」等虛假訊息，除嚴正譴責中方悖離現實，也將持續採取一切必要手段，堅定捍衛國家主權，確保我國海域安全。    ,https://news.ltn.com.tw/news/politics/breakingnews/5524064
獨家》萬美玲施壓？兒子佀廣洋頻被爆黑料  傳要求數發部下架相關文章,政治,2026/07/31 12:56,傳萬美玲竟在6月中旬要求數位發展部部長林宜敬協助下架網路對兒子不利的相關貼文、文章，不希望兒子的網路負評持續發酵。（資料照）國民黨立委萬美玲之子、桃園市議員參選人佀廣洋，參選以來接連爆出許多黑料，包含霸凌、高中時期涉及球版簽賭、大學轉學開後門，萬美玲也被爆常為了兒子施壓，如今本報掌握，由於佀廣洋自宣布參選後，於網路上陸續出現零星爆料，萬美玲竟在6月中旬向數位發展部要求協助下架網路對兒子不利的相關貼文、文章，不希望兒子的網路負評持續發酵。記者致電萬美玲但聯繫不上，都未接電話、傳訊息也未獲得回應，至上稿前尚無回應。請繼續往下閱讀...佀廣洋霸凌事件近期在網路持續發酵，包含現今為網紅的昔日同學控訴，與佀廣洋就讀同校期間，被他以外貌取了難聽的綽號，甚至當眾辱罵、嘲笑，讓她長期承受心理壓力；另有昔日老師說，佀廣洋只要晚下課，前來接送的萬美玲就會打電話質問老師。另外，還有幼兒園時將白膠塗在同學頭髮、偷吃補習班同學雞排、全校學生陪他重考、警衛不會念名字被罰寫，以及高中時期涉及球版簽賭、大學轉學開後門、開小帳辱罵前立委高嘉瑜等。不過佀廣洋則回應，做過的事一定會承認並反省，但沒有做過的也希望能澄清。佀廣洋否認偷吃同學雞排、讓全校陪他重考、要求警衛罰寫名字等指控，強調大學考試沒有舞弊或特權，網路上辱罵高嘉瑜的帳號也不是他的。至於高中時期涉及球版簽賭，他坦言後悔，稱當時因輕忽、誤判且缺乏防備心參與網路簽賭，最後由母親報警交由司法處理，對家人感到抱歉。據了解，佀廣洋自參選開始，網路上便陸續出現零星爆料，內容多涉及其過往校園生活與人際爭議，隨著相關討論逐漸擴散，負面聲量不斷升高，身為母親的萬美玲疑似擔心事件持續延燒，竟在6月中旬要求數位發展部協助處理、下架網路上對她兒子不利的貼文與文章，避免負評擴大發酵。未料，佀廣洋後續爆料越來越多，紙包不住火，引起媒體及外界關注，萬美玲也被爆為了兒子施壓是「常態」，更有是否不當動用公部門資源介入私人家務，甚至試圖影響網路言論流通的疑慮。針對傳出萬美玲要求數發部，協助下架網路對兒子不利的相關貼文一事，數發部態度低調地回應說，有關社會各界提供或檢舉平台上疑似不實貼文的相關資訊予數發部，因數發部非屬網路訊息真偽的認定機關，沒有權限逕自判斷內容真實性，相關內容如涉及違反平台社群守則，由平台依其規範處理。數發部指出，如涉有違法情事，則由該作用法主管機關依法認定，本部職權係依詐防條例授權處理平台有關詐欺廣告防治相關事項。    ,https://news.ltn.com.tw/news/politics/breakingnews/5523770
僑民讚徐佳青表現！周偉航爆美方因這件事不爽黃國昌,政治,2026/07/31 12:56,名嘴李正皓今日披露，不僅僅在法國，是整個立法院長韓國瑜率團參訪英、法的旅程，邱慧洳都在徐佳青旁邊。（翻攝自李正皓臉書）民眾黨近期質疑陸委會副主委沈有忠、僑委會委員長徐佳青出國考察是「假考察、真觀光」，民眾黨立委邱慧洳續指徐佳青都去「吃甜點」，名嘴李正皓看不過去今日披露，不僅僅在法國，是整個立法院長韓國瑜率團參訪英、法的旅程，邱慧洳都在徐佳青旁邊。政治評論員周偉航透露，他在7月初訪美期間2度巧遇徐佳青，目睹其行程極為緊湊，甚至連找她聊天的空檔都沒有。當時觀察到徐佳青仍把握時間，邊走邊與認出她的在地僑民互動，且僑界對其表現多給予正面評價。周偉航今日於臉書發文提及，除了他7月親眼目睹徐佳青在美國行程忙碌，接續爆料指出，有人向他透露，民眾黨黨主席黃國昌在美國在台協會（AIT）總部會面時，美方曾明確要求特定內容不能說，然而黃國昌一出去就講了。請繼續往下閱讀...周偉航直言，「美方對此行為感到相當不滿」、「請多保重」。網友看到貼文後相繼留言，有人說「26天100出頭萬，叫他們藍營的來試試看。1.它們基本上沒有認真在工作2.它們費用我猜會超過3倍以上」、「自家帳務都不清了，去搞徐佳青？這會是鐵板一塊喔，民眾黨何時要公開自己的帳？」、「不滿能怎樣，對他又不會痛，如果把它小孩美國籍去掉他才會痛啦」。李正皓秀照爆料英法行邱慧洳一路跟徐佳青 酸：那妳不就團員白委痛批徐佳青出國「假考察真觀光」 四叉貓貼1張照揭她雙面人白委質疑僑委會百萬考察「吃甜點」也列機密 徐佳青：未曾說是機密預算白營批花百萬考察「吃甜點」列機密 嗆徐佳青：說謊還敢教人當立委？    ,https://news.ltn.com.tw/news/politics/breakingnews/5523941
謝典霖「讀大學有用嗎？」言論遭炎上！郭台銘躺著也中槍,政治,2026/07/31 12:54,謝典霖接受廣播專訪，再提自己問高中生「少子化，讀大學有用嗎?」（翻攝自網路）彰化縣議長謝典霖日前在「青年議事營」問高中生「少子化，讀大學有用嗎?」影片PO上網路，謝典霖慘遭炎上。30日謝典霖接受資深媒體人王淺秋廣播專訪時強調，拋出此議題的目的是希望學子們在大學能學會「解決問題的能力」，對於被譏「請議長教大家如何投胎」，謝典霖幽默回應：「郭台銘投胎比我好」。謝典霖受訪時再次提到，自己是民國68次，跟他同年出生的共有40萬人，現在台灣年出生嬰兒才8萬人，從40萬到8萬，短短40年少了這樣多新生兒，所以新生兒未來都會面臨學校過多、學生人數少的問題。他從這裡破題，讓學子們去思考「大學要學什麼？」他強調，自己的初衷是希望學生能了解「學會解決問題的能力很重要」，每一年議事營都問同樣的問題。請繼續往下閱讀...主持人王淺秋補充，網友或側翼網軍的目的是要營造「仇富」，你謝典霖被出征的原因就是「投胎好」，謝典霖打斷主持人說道「郭台銘比我投胎好！」對於謝的回答，主持突然不知如何接話。謝典霖隨即說道，重點是要學子思考「大學要學什麼」，呈現學生的想法，比他問的問題更重要。    ,https://news.ltn.com.tw/news/politics/breakingnews/5524035
年底大選原民秘密投票上路  竹縣預估將有18名原民、8鄉鎮受影響,政治,2026/07/31 12:46,新竹縣選委會初步盤點，因應原民秘密投票保障措施，縣內年底大選將有8鄉鎮、16個村里受影響，必須指定原民投開票所。（記者黃美珠攝）年底大選，原住民秘密投票保障措施將首度上路！新竹縣選委會初步盤點縣內至少有8個鄉鎮、18名原住民鄉親，因此必須分別到2地（村里）投票，全縣會有至少12個投開票所被指定為原民的投開票所。但因選舉人名冊要到11月8日才底定，預估在名冊出爐前，因國民的遷徙自由，可能還會再有5個以上的投開票所受影響。前述原民秘密投票保障措施，源自原民長久以來選舉投票面臨「1人原住民投票所」，如同被迫亮票的問題而來。請繼續往下閱讀...中央相關單位因此修正做法，當1個村里僅有1個投開票所時，這個投開票所是當然的「原住民投票所」；若1村里有2個以上投票所，就由各公所指定其一或更多為這個村里的原民投票所。可是，當1個村里內的平地原住民或山地原住民僅有1人時，這時的原住民選民就須跨村里、2地投票。新竹縣年底進行的是縣長、縣議員、鄉鎮長、鄉鎮市民代表以及村里長的5合1選舉，過去會讓原民有前述「被迫亮票」爭議的，就在平原和山原的縣議員選舉投開票作業。目前全縣山原2萬66人，平原3799人。而1村里內僅1名原民的鄉鎮有8個，分布在12村里，其中平原12人、山原6人。所以年底將有至少12個投開票所會被指定為平原或山原的投開票所；而這18名原民鄉親投議員票時，就得跨村里分跑2地。但因距離選舉人名冊底定還有一段時間，考慮遷徙自由，研判實際可能還會再增加5個以上的投開票所要被作前述指定，以保障原民秘密投票。    ,https://news.ltn.com.tw/news/politics/breakingnews/5524033
麥當勞工讀生性侵案北市府遭糾正 蔣萬安：中央也被點名,政治,2026/07/31 12:41,北市處理麥當勞工讀生案被監察院糾正，台北市長蔣萬安表示，已是最重裁處。（記者塗建榮攝）台北市一名麥當勞未成年工讀生疑遭前主管職權性侵後輕生，監察院認定北市府行政怠失並提出糾正。民進黨立委林月琴今（31）日偕同民進黨立委沈伯洋、吳思瑤召開記者會，要求蔣萬安負起政治責任、不要推卸責任。蔣萬安受訪回應說，北市對此案處以最重裁處，監察院報告也有提到希望中央能夠完善各項的制度。林月琴說明，監察院調查報告明確認定，台北市勞動局未依兒童最佳利益原則優先處理案件、未依法完成責任通報、未積極協助被害人取得資源，亦未啟動跨局處合作機制。蔣應站出來負起政治責任，而非「萬事蔣中央」、讓基層公務員成為擋箭牌。請繼續往下閱讀...蔣萬安早上出席台北市立附屬大理高中揭牌儀式前受訪，對監察院糾正案表示，勞動局有做說明，北市是裁以最重的裁處。他說，監察報告也指出，希望中央能夠完善各項的制度，一起共同來把社會安全防護網把它完善建構起來。    ,https://news.ltn.com.tw/news/politics/breakingnews/5524032
接受法媒專訪  蔡英文：美國對台支持對國際秩序意義重大,政治,2026/07/31 12:37,前總統蔡英文近期接受了《亞洲雜誌》（Asia Magazine）主編、法新社前總編輯Pierre-Antoine Donnet的專訪。（資料照）前總統蔡英文近期接受了《亞洲雜誌》（Asia Magazine）主編、法新社前總編輯Pierre-Antoine Donnet的專訪。針對台美關係，蔡英文說，美國長期以來一直是台灣的重要夥伴。這種支持不僅對台灣至關重要，對國際秩序也意義重大。美台關係在經濟、戰略和政治層面都十分重要；這種關係釋放出強烈的訊號，彰顯民主陣營的團結，以及維護印太地區和平與穩定的共同利益。她認為，美國將繼續在維護國際秩序方面發揮主導作用。這種領導力對台灣乃至整個國際社會至關重要。台灣的安全與區域穩定、經濟安全以及民主合作的未來日益緊密地連結在一起。因此，對台灣的支持不僅關乎台灣自身，更關乎維護一個造福所有人的、基於規則的國際秩序。請繼續往下閱讀...這是蔡前總統自2018年以來首次接受法語媒體採訪，法文原版刊載於《亞洲雜誌》（Asia Magazine）第8期（7月25日）。「想想論壇」並公布訪談的英文版本。回顧擔任台灣總統，蔡英文回答，她與台灣人民攜手克服困難。她舉COVID-19 為例說，台灣不僅戰勝疫情，更在疫情期間持續蓬勃發展。她說，除了疫情，我們也面臨一系列挑戰，這些決策絕非易事。最艱難的抉擇往往在於：我們深知其必要性，但其成效卻要多年後才能顯現。因此，領導力需要一種耐心：即便可能面臨短期的政治代價，也要堅持既定方針，著眼於社會的長遠利益。對於因應台海情勢，蔡英文說，一旦出現危機跡象，我們的首要任務將是與國際社會合作，以防止事態升級。如果儘管我們努力，封鎖等危機仍發生，台灣將具備應對能力與韌性。多年來，我們致力於增強抵禦各種形式強制手段的能力，包括儲備必要物資、實現能源來源多元化、強化通訊網路、保護關鍵基礎設施、確保基本服務的持續運作。蔡英文說，現任政府繼續推動這些工作，並將其視為國家首要任務。台灣如今的準備工作都更為充分。然而，韌性同樣取決於台灣人民的決心與適應能力，必須建立在有效的威懾力之上。準備越充分，威懾力就越強大。準備工作彰顯決心，而決心則能增強威懾力。談到烏俄戰事，蔡英文說，俄羅斯希望以相對低廉的代價迅速征服烏克蘭，事實證明這是一個嚴重的誤判。這場戰爭證明，當國際社會意識到共同挑戰的嚴峻性時，便能動員起巨大且持久的支持。毫無疑問，中國正在密切關注這一切。此外，鑑於中國經濟與全球經濟的融合程度遠超俄羅斯，一旦發生衝突，後果對中國乃至全世界都將更為嚴重。針對中國，蔡英文認為，關鍵問題不僅在於中國實力的成長，更在於它選擇如何行使這種實力。對於那些與台灣保持聯繫或僅表達對台支持的國家、實體及個人，中國毫不猶豫地施加經濟壓力並採取其他強制手段。中國在南海和台海的所作所為，正如其經濟脅迫行為一樣，旨在孤立台灣。她說，中國不僅利用其實力向其他方施壓，也試圖改變既定規範並挑戰基於規則的國際秩序。北京的策略是在不引發公開戰爭的前​​提下實現對他方的控制與屈服。透過軍事威脅、經濟脅迫以及假訊息攻勢，削弱並分化其目標社會。然而，這種做法往往適得其反，因為它加劇了人們對威脅的警覺，侵蝕了對中國的信任，並增強了目標群體內部的團結。    ,https://news.ltn.com.tw/news/politics/breakingnews/5524050
基隆市長激戰  民進黨童子瑋民調僅落後謝國樑2．5％,政治,2026/07/31 12:35,民進黨基隆市長參選人童子瑋在最新民調顯示，他的支持度驟升至36．0％，距離市長謝國樑的38．5％，僅差2．5個百分點。（記者俞肇福攝）距離11月28日投票的九合一選舉已不到4個月，在基隆市長選戰，鏡新聞政論節目昨天揭露綠營的內參民調，指基隆市7月歷經幼兒園虐童案、國民黨市議員遭羈押等爭議後，民進黨基隆市長參選人童子瑋的民調已上升至36％，距離現任市長謝國樑的38．5％，僅差2．5％。對此，謝國樑回應說，「感覺不太像」；童子瑋則表示，每天都會持續努力，讓市民相信基隆市可以變得更好。請繼續往下閱讀...這份綠營內參民調是7月24日至27日在基隆市電話訪問，抽訪設籍基隆市、年滿20歲，有效樣本共1075人，在95％信心水準下，抽樣誤差約正負2．98％；調查結果顯示，童子瑋的支持度是36％，謝國樑為38．5％，無明確意見者為25．5％，雙方支持度差距僅2．5％，在誤差範圍內。在表態會投票的受訪者中，童子瑋的支持度為40．7％，謝國樑為45．9％；在候選人欣賞度，童子瑋的整體欣賞度為46．1％、不欣賞度是17．1％；在聽過童子瑋的受訪者中，欣賞度達53．3％，淨欣賞度為72．9％。謝國樑整體欣賞度較高、有50．5％，但不欣賞度也高達32．4％，淨欣賞度為60．9％，顯示受訪者對於謝國樑的欣賞好惡，評價兩極化。政黨傾向方面，童子瑋獲得87．4％的民進黨支持者支持，謝國樑則獲得79．7％的國民黨支持者支持；在不偏任何政黨的中間選民，童子瑋以20．9％的支持度小贏謝國樑的19．4％，但仍有59．7％尚未表態。童子瑋表示，民調數據是重要的參考，會持續努力，讓市民相信基隆可以變更好；他認為，交通問題是基隆市發展的重中之重，會提出更好的政見，中央地方攜手合作，解決基隆人的生活及交通問題。針對電視媒體政論節目揭露綠營內參民調顯示，基隆市長謝國樑與綠營市長參選人童子瑋差距縮小不到3%。（記者俞肇福攝）    ,https://news.ltn.com.tw/news/politics/breakingnews/5523920
謝典霖批對手許原龍「地方黑道」 被反嗆：那你不就是「黑道頭」？,政治,2026/07/31 12:33,今年底議會龍頭之爭，在許原龍（左）表態挑戰議長，原本合作多年的正副議長搭檔轉為競爭關係。（資料照，記者張聰秋攝）年底挑戰議長6連霸的國民黨籍彰化縣議長謝典霖，面對副議長許原龍有意更上一層樓，爭取議長寶座，他上節目談選情時，稱許原龍「本來是一個地方的黑道」，還爆擬與許原龍搭檔、爭取副議長的縣議員黃正盛，其父、前國代黃上揚曾打過總統賴清德。許原龍今天反擊，質疑謝典霖與他搭檔連選3屆，如今卻稱副手是黑道，「那他不是『黑道頭』嗎？」議長選戰未正式開打，藍營雙方已隔空交鋒。年底議會龍頭之爭，在許原龍表態挑戰議長，原本合作多年的正副議長搭檔轉為競爭關係，謝典霖「黑道說」與「打賴說」掀熱議，也讓彰化議長選戰提前升溫。請繼續往下閱讀...謝典霖昨晚接受媒體人王淺秋節目訪問，被問到縣議員選舉及議長寶座是否感到壓力，受到挑戰時，他直言挑戰者許原龍「背後就是一個地方黑道嘛」；談及黃正盛時，他還說，黃正盛的爸爸、黃上揚過去打過賴清德，他形容「挑戰者來勢洶洶，一個爸爸打過總統」。謝典霖也坦言連任有壓力。對此，許原龍今天也很不客氣的回擊並說，他（指謝典霖）說我是黑道，那他不是「黑道頭」嗎？我做4屆副議長了（第1次由於白閔傑因案被解職，許原龍補選接任副議長），「他跟我搭配連選3屆了，他來拜託我做副手，現在回過頭說副手是黑道，自己不就是黑道頭了」，他不予置評，繼續爭取議長龍頭，不受影響。許原龍替搭檔黃正盛抱不平並說，黃上揚只做2屆國代，賴清德第3屆才擔任，兩個人沒有同時做國代，「怎麼打起來？」謝典霖話亂講，黃正盛可以告他。許原龍反批謝典霖胡言亂語並說，「瘋了！」被問及爸爸打賴清德一事，黃正盛今天受訪表示，他的爸爸國代任期與賴清德不同屆，爸爸熟識謝家長輩，彼此是好朋友，謝典霖亂槍打鳥，公開講出非事實的話，行為越來越脫序，他不知道爸爸的想法，尚未跟爸爸討論，目前他不會告謝典霖，照擬參選副議長的規劃，繼續努力。彰化議長謝典霖年底挑戰議長6連霸，面對藍營競爭者有備而來，他動作頻頻。（記者張聰秋攝）彰化縣議員黃正盛挑戰連任，年底有意與問鼎議長寶座的副議長許原龍搭檔競，爭取副議長。（資料照，記者張聰秋攝）    ,https://news.ltn.com.tw/news/politics/breakingnews/5524028
立法院下會期9/29開議 同一天表決第7屆監察院人事案,政治,2026/07/31 12:32,立法院長韓國瑜今（31日）召集朝野協商，確定下會期將於9月29日開議。（記者塗建榮攝）立法院長韓國瑜今（31日）召集朝野協商，確定下會期將於9月29日開議，當天邀請行政院長進行施政報告，結束後立即進行第7屆監察院人事同意權記名投票表決。監察院第6屆監委任期將於7月31日屆滿，韓國瑜日前召集朝野協商「第7屆監察院人事同意權」，朝野同意於8月6日舉行公聽會，並自11日起展開實質審查，預計下會期進行監察院人事同意權案記名投票表決。請繼續往下閱讀...朝野黨團今天經協商後達成共識，同意下會期開議日為9月29日，當天邀請行政院長率同各部會首長列席進行施政報告，但不進行詢答。同天上午10時進行第7屆監察院人事同意權案記名投票表決。    ,https://news.ltn.com.tw/news/politics/breakingnews/5524026
主持任內最後校長園長交接 侯友宜叮囑：全力以赴、「不要批評前任」,政治,2026/07/31 12:29,退休代表校長池旭臺（左）將象徵教育精神與辦學使命的信物交予新任代表校長陳雯宜（右）。（記者黃子暘攝）新學年度即將到來，新北市今（31）日舉行115學年度市立高中職暨國民中小學及幼兒園新卸任校（園）長交接典禮。市長侯友宜說，共有97位學校校長及4位幼兒園園長完成教育使命傳承，他感謝退休校長、園長的長年奉獻，也期勉新任、調任及連任校長、園長以品德教育為根基、善用AI科技，陪伴孩子適性成長；侯友宜也強調，「不要批評前任」，新任者未必有前任做得好，要全力以赴，是否「超越」前任，這是由他人來評斷的。侯友宜第二任市長任期將在年底屆滿，最後一次主持校長、園長交接典禮，致詞時語重心長地叮囑新任校長、園長們，不要批評前任，他十幾年來，只講前任市長們的好，「你未必會贏過別人」，首要之務是先做好本分，要根據學校特色去思考，哪些可以做到超越前任，而是否達到「超越」的程度，這也不是繼任者說的，這得交由他人評斷，也要記得，「你（校長、園長）是最小的」，要把親師生、行政團隊擺在前面，勉勵繼任者全力以赴、做出成果，會受到肯定。請繼續往下閱讀...侯友宜也鼓勵新任校長、園長多陪學生運動、活動，他打趣分享，自己在中央警察大學校長任內常陪學生練體技、運動，他50歲的人也想與20多歲的年輕人比個高下，但是一摔就變成兩段了。分享內容引發笑聲。教育局長張明文指出，今年交接典禮共有退休校長、園長21位、連任校長、園長37位、調任校長、園長21位及新任校長、園長22位；典禮中，侯友宜頒贈孔子像，感謝退休校長、園長多年付出，教育理念傳承儀式由退休代表校長池旭臺將象徵教育精神與辦學使命的信物交予新任代表校長陳雯宜。教育局補充，115學年度，新北將推動導師授課節數減量、國中小午餐指導費、增補教師員額、調降國小班級人數、教師心理諮商支持及行政激勵制度等措施，也將持續攜手各校推動AI融入教學、發展特色課程、落實品德教育、適性發展及國際教育。新北市今（31）日舉行115學年度市立高中職暨國民中小學及幼兒園新卸任校（園）長交接典禮，由市長侯友宜主持。（記者黃子暘攝）    ,https://news.ltn.com.tw/news/politics/breakingnews/5524041
雲林縣長選戰「1打7」 劉建國：家族政治對決縣民政治,政治,2026/07/31 12:27,民進黨雲林縣長參選人劉建國受訪指出，年底選戰他是1人打7人。（記者黃淑莉攝）民進黨雲林縣長參選人、立委劉建國今（31）日接受主持人周玉蔻專訪，指出自己的對手不只是國民黨參選人張嘉郡1人，他是1人打7人，也說這場選戰是家族政治VS縣民政治，相信雲林縣民應該會有睿智選擇。周玉蔻開門見山就說，2026九合一選舉雲林是艱困選區，張家已是雲林共和國的王朝，每個人講到雲林選戰連牙齒都痛，但劉建國像「小姑娘」在立法院沒有堅強派系奧援，面對張麗善執政8年及張家在地方宛如鋼鐵般城牆打，一人要打張榮味、張麗善、張嘉郡，為什麼要接受徵召？請繼續往下閱讀...劉建國表示，民進黨徵召就是覺得他還有可以奮力一搏的機會，但不只1打3，還有4位立委，國民黨籍的丁學忠、許宇甄及民眾黨蔡春綢及立法院長韓國瑜，他是1打7。劉建國進一步說，他是基層上來，每次選戰的張力、壓力都不同，從斗六市民代表、縣議員到立委，一路走來他都是第一（落選是最高票、當選最高票），過程篳路藍縷無法一語道盡，但這幾年對於雲林努力打拚、爭取政績，有行動力及執行力，可以讓雲林縣民有所期待。劉建國指出，他與對手最大的差異在於，他的使命來自人民對他的期待，他必須承擔，張嘉郡的使命應該來自她的政治家族政治生命延續，其次在擔任立委期間，在公民監督國會聯盟的評比，自己年年都得到優秀立委評比。這場選戰是家族政治VS縣民政治，相信雲林縣民應該都會有睿智選擇。劉建國強調，目前競選團隊正陸續成立青年軍及地方後援組織，持續強化陸戰布局，空戰、陸戰也將同步推進，他坦言，相較於對手，自己的空戰還是比較弱項，就連前幾天前總統蔡英文南下時也特別提醒他，要加強空戰。劉建國笑說，他也向蔡前總統表示，對手是有龐大資源投入網路與媒體宣傳，雙方資源存在明顯落差，怎麼比還是會有落差。周玉蔻詢問是否希望民進黨中央及府院團隊提供更多協助，對此，劉建國指出，該講的都有講、該建議的也都有建議，他還是呼籲，雲林縣民可以勇敢一次，才有辦法轉型。    ,https://news.ltn.com.tw/news/politics/breakingnews/5524007
赴中風險飆升！苦苓揭查手機真相：下一個恐就是你,政治,2026/07/31 12:07,中國北京。（路透）陸委會昨表示，一名內政部轄下3級機關公務人員，今年6月前往中國福建，竟遭中共國安單位先後帶走盤問3次，留置盤查時間長達6至7小時。對此，作家苦苓指出，如今中國海關、公安甚至城管皆有權隨機抽查民眾手機，若拒絕提供密碼恐遭直接拘留。手機內若存有敏感照片、討論言論或按讚紀錄，極可能陷入「被消失」危機。所謂「問題」範疇已非僅限台獨，連支持中華民國、主張維持現狀或贊成對美軍購，全都被定義為反對統一。苦苓今日於臉書發文指出，在中國法律體系下，涉案者無法獲得公平審判，遭到關押者往往被囚禁於無人知曉地點，且沒有親人探視、無法聘請律師，甚至辯護律師自身都可能遭殃。經過數月或數年關押後步上法庭，當事人唯一能做的僅有認罪懺悔。以李明哲、富察案子，「大家都已經一目了然、心知肚明」。即便政治立場親藍、親白或毫無立場，包括學者、民眾黨前黨工、基層軍警乃至一貫道教友，都曾遭關押，人人皆有風險。請繼續往下閱讀...苦苓引用「危邦不入、亂邦不居」呼籲民眾切勿冒險，並指出在中國「離奇失蹤」的機率極高。他直言，如果你鐵了心非去中國不可，那最好把手機上有可能的「問題」資料、圖片、群組和聯絡人全部刪除，或者乾脆帶一隻王八機。但這也不能保證絕對安全：有一位台灣人就是在拍照時不小心拍到旁邊的軍車，到現在還沒有回來台灣。苦苓坦言，「或許有人會說我是酸葡萄心理，自己不能去中國、就勸大家不要去中國」，他透露自身曾有3本自然生態書籍在中國合法出版，出版社甚至還想請我去演講。苦苓最後打趣地說，若國台辦能確保他的人身安全，他非常樂意赴中國大學演講，向對岸說明台灣人不想統一的原因，並帶領中國學生來台自由行參訪，這才是對促進兩岸和平有實質幫助的交流。內政部公務員上月赴中 遭3度盤查 留置6~7小時    ,https://news.ltn.com.tw/news/politics/breakingnews/5523876
拋倒閣傳是幕僚進言  蔣萬安：去年也提過,政治,2026/07/31 12:04,台北市長蔣萬安說，倒閣要立法院國民黨團與民眾黨團有一致的立場，才能思考下一步。（記者塗建榮攝）台北市長蔣萬安認為行政院長卓榮泰應為中聯致癌油承擔政治責任，拋出倒閣議題後，國民黨內部也有雜音，政治工作者周軒指倒閣是「幕僚進言」為爭取位置，蔣萬安今（31）表示，去年也提過，前提是大家要有共識。蔣萬安的倒閣說，藍營有不少雜音；蔣萬安今天早上出席台北市立大學附屬大理高中揭牌典禮前受訪，被問到藍營內部認為短多長空，中共海峽報導也認為不合時宜，是自我消耗讓國民黨主席鄭麗文面臨兩難等問題？甚至被指是幕僚進言要來幫蔣爭位置？請繼續往下閱讀...蔣萬安回應說，上星期有幾位國民黨立委提出倒閣建議，去年他也提出倒閣，對於相關規定很清楚，大家要有共識，國民黨團內部必須要充分討論且必須要有共識，同時也必須要有民眾黨團同意支持，要一致的立場，缺一不可，才能思考下一步。    ,https://news.ltn.com.tw/news/politics/breakingnews/5523974
台中東勢7連霸績優里長驟逝 客家鄉親不捨,政治,2026/07/31 12:02,台中市東勢區下新里長劉發現病逝。（擷取自內政部網頁）台中市東勢區下新里連任7屆里長劉發現昨（30）夜間驟逝，78歲劉發現熱心公益，替里民跟果農爭取福利，爭取興建三里聯合活動中心，曾獲選東勢區績優里長，病逝消息傳出，鄉親頗感不捨。東勢區公所今日指出，劉發現之前就身體不佳，昨日突然病逝，也讓大家措手不及，里民頗為不捨，因任期過一半，按規定由里幹事代理。    ,https://news.ltn.com.tw/news/politics/breakingnews/5523970
內政部聲請解散統促黨  藍營：勿踩言論、結社自由紅線,政治,2026/07/31 12:00,身兼國民黨發言人的立委牛煦庭表示，若任何兩岸交流的判斷依據，是由政府片面來決定是否合適，難免會踩到言論自由或結社自由的紅線。（資料照）內政部昨日宣布，將向憲法法庭聲請解散統促黨。身兼國民黨發言人的立委牛煦庭今日表示，若任何兩岸交流的判斷依據，是由政府片面來決定是否合適，難免會踩到言論自由或結社自由的紅線。多少罪惡假國安之名以為之，如果這樣的一個標準任由執政黨來片面決定的話，那到最後破壞的就是民主進步黨黨名裡面，所強調的民主進步的價值。「白狼」張安樂領導的中華統一促進黨涉犯多項「國家安全法」及殺人未遂等罪行，嚴重危害國家安全，內政部長劉世芳昨開記者會預告，8月初將正式向憲法法庭聲請解散統促黨。她並公布統促黨三大罪狀：一、配合中共在台發展組織，協助中共認知作戰、滲透基層，引入中資介入選舉；二、跨境鎮壓、噤聲台灣民主；三、披著政黨外衣，實為犯罪組織。請繼續往下閱讀...牛煦庭表示，當然大家必須提防中國大陸的步步進逼，但是若任何兩岸交流的判斷依據，是由政府片面來決定是否合適，難免會踩到言論自由或結社自由的紅線。多少罪惡假國安之名以為之，如果這樣的一個標準任由執政黨來片面決定的話，那到最後破壞的就是民主進步黨黨名裡面所強調的民主進步的價值。牛煦庭說，這個界線要如何拿捏、如何來做公正、如何的不要雙標、如何的讓我們的政治體制有充分的公信力，這個才是政府應該要首先面對的課題。牛煦庭指出，如果政府永遠只會拿兩岸議題進行政治操作，甚至拿來當作打擊政敵、獲得選票的工具，政府體制的公信力就永遠沒有辦法建立，也很難在此議題畫出明確的界線，呼籲執政黨少搞點政治，認真面對人民的問題。    ,https://news.ltn.com.tw/news/politics/breakingnews/5523958
第六屆監委今卸任 民眾黨設「熄燈碑」喊刪所有預算、拒新提名人,政治,2026/07/31 11:59,民眾黨立委與市議員參選人一同前往監察院門前，召開「監察失靈、包庇權貴、監委失格記者會」，現場並秀出「監察院熄燈日紀念碑」的海報表達廢除監察院的訴求。（記者田裕華攝）第六屆監察委員今（31日）任期屆滿，立法院民眾黨團於監察院前召開記者會，痛批監院運作失能、包庇權貴，並設置熄燈紀念碑表達堅決廢除訴求。民眾黨主張推動修憲廢除考監兩院、回歸三權分立，並表態全數不同意第七屆監委提名人選與刪除非必要預算；同時引述數據質疑第六屆監委效率低落，已淪為替執政者護航的「廢物院」。現任監察委員任期將於今天7月31日屆滿，依規定，新任監察委員應於8月1日就職。總統府6月11日公布第七屆監察院監察委員提名名單，監察院長由前台灣人權促進會會長陳永興擔任、現任監察委員王榮璋為副院長，而張菊芳、林惠芳等人則擔任監委。為爭取下屆監委被提名人在立院順利過關，總統府秘書長潘孟安於23日陪同監委被提名人拜會立法院長韓國瑜。請繼續往下閱讀...民眾黨團今天在監院大門外召開「監察失靈、包庇權貴、監委失格記者會」，高舉「利益迴避、肅貪抓小放大、廢物雙標」等標語，更準備監察院熄燈紀念碑，也高喊「監院謝幕，改革上路」。記者會結束，疑發現第六屆監委在門口拍畢業照。民眾黨新北市板橋區議員參選人林子宇指出，今天是第六屆監委正式卸任，也是監院「熄燈日」，對台灣憲政史具有重大意義。民眾黨自創黨以來始終主張廢除監院，認為監察院長期運作失能、缺乏民意基礎，將全力啟動修憲委員會來廢除監院；在修憲完成前，除法定必要支出外，其餘預算全數刪除，並不同意此次監委人事名單。民眾黨立委許忠信指出，黨團主張廢考監並推動修憲，將考試院併入行政院改制為考選部，監察院則併入立法院，形成行政、立法、司法三權分立體制，以有效監督行政、審理行政與立法間的法律爭議。此舉不僅制度設計更合理，也可節省國家經費，將資源投入照顧長者、培育下一代，是對國家長治久安。許忠信也說，第六屆監委任內共受理約8萬2千件案件，實際提出糾正、調查等處理案件僅1300多件，平均每位監委6年僅處理約0.6件，質疑監察院效率低落，部長級卻享有配車等資源，形同浪費公帑。他更點名獲總統再次提名的監察院副院長王榮璋，稱其任內僅處理28件案件，認為效率偏低、難以令人接受。民眾黨台北市議員參選人許甫批評，監院早已失去功能，淪為替執政者護航、只打蒼蠅不打老虎的機關。他舉例，超思雞蛋案最終僅彈劾基層官員，前農業部長陳吉仲等人未負政治責任；前行政院發言人陳宗彥涉性招待案，監察院也未予彈劾；此外，新竹棒球場案調查停滯，卻介入林智堅論文案。民眾黨立委與市議員參選人一同前往監察院門前，召開「監察失靈、包庇權貴、監委失格記者會」，現場並秀出「監察院熄燈日紀念碑」的海報表達廢除監察院的訴求。（記者田裕華攝）民眾黨團今天在監院大門外召開「監察失靈、包庇權貴、監委失格記者會」。（記者羅國嘉攝）民眾黨團今天在監院大門外召開「監察失靈、包庇權貴、監委失格記者會」，更設立監察院熄燈紀念碑。（記者羅國嘉攝）    ,https://news.ltn.com.tw/news/politics/breakingnews/5523888
游盈隆稱倒閣機率「比天塌高一點」 蔣萬安：尊重藍白黨團決定,政治,2026/07/31 11:54,台北市長蔣萬安表示，倒閣推動完全尊重立法院藍白黨團決定。（記者塗建榮攝）台北市長蔣萬安認為行政院長卓榮泰應為中聯致癌油承擔政治責任，拋出倒閣，中央選舉委員會主委游盈隆認為國會改選機會比天塌下來多一點，蔣萬安回應說「完全尊重立法院國民黨團以及民眾黨團的決定」；並認為所有刻意分化或製造矛盾的事情，都是在轉移食安的焦點。蔣萬安今（31）天早上出席台北市立大學附屬高中揭牌儀式前受訪，對於游盈隆認為倒閣要成功、國會改選的機會比天塌下來多一點，亦即機會很小的意思，蔣萬安重申，關於倒閣，他完全尊重立法院國民黨團及民眾黨團的決定，前提是要充分討論，國民黨團有形成共識，也必須要民眾黨團支持跟同意，缺一不可。請繼續往下閱讀...盧秀燕回應游盈隆時說，她是6都唯一的女市長，有女媧補天的決心跟能力；相較於盧秀燕對自己「女媧補天」的形容，蔣萬安對記者追問他的角色未回應，重提毒油食安事件，每一位民眾都非常的關心，大家都不願意自己還有下一代的孩子吃到有問題的油品，所以725每一位站在凱道的民眾，都是為了自己、為了下一代、所有的國人的食安與健康站在街頭，他們都是非常勇敢的台灣人。不過，新北市長侯友宜對倒閣則認為「立法院的工作交給立委們來做就好」，以及黃國昌也不支持倒閣，甚至綠委林俊憲認為蔣頻對國政層次發表評論，是不是在劍指國民黨主席的位置或者是2032的佈局？面對記者追問，蔣萬安說，所有這些刻意要來分化或者製造矛盾的事情，都是在轉移食安的焦點。    ,https://news.ltn.com.tw/news/politics/breakingnews/5523961
網傳「佀廣洋考試作弊案不處理」台北大學回應了,政治,2026/07/31 11:52,國立台北大學三峽校區。（記者翁聿煌攝）國民黨立委萬美玲之子佀廣洋宣布參選桃園市議員後，過去多段黑歷史陸續被爆出，包括就讀台北大學期間涉及考試舞弊遭人向校方提出檢舉，台北大學校方也證實收到檢舉處理中，但網傳「校長以事證不足決定不處理了」，校方31日澄清，已依法啟動查證程序，目前尚未作成任何最終處理決定。佀廣洋目前還是勤跑選舉行程，日前還於臉書po文，強調參選以來，社會各界對他學生時期有許多質疑與批評，甚至把過去描述成無惡不赦的壞孩子，即便其中有諸多內容與事實不符，他仍以負責的態度致歉、澄清，但很遺憾相關攻擊並未停歇。佀廣洋也透露，為了不讓個人的事件造成黨內同志、長官的困擾，更避免影響選戰布局，決定放棄國民黨提名，繼續勤走基層，傾聽民意，謙卑反省檢討。請繼續往下閱讀...台北大學指出，有關日前新聞報導佀廣洋於台北大學就讀期間作弊一事，部份媒體報導引述網友留言「台北大學校長以事證不足決定不處理了」之內容，與校方實際處理情形顯有出入，易使外界誤認本校已就本案作成「不處理」之決定。事實上，台北大學接獲相關檢舉後已依法啟動查證程序，目前尚未作成任何最終處理決定，特此提出澄清，避免社會大眾誤解校方立場及處理情形。    ,https://news.ltn.com.tw/news/politics/breakingnews/5523901
侯友宜出席國黨團餐會喊三次「四川當市長」 李四川：全力以赴,政治,2026/07/31 11:47,國民黨新北市長參選人李四川感謝市長侯友宜支持，會全力以赴。（記者翁聿煌攝）國民黨新北市長參選人李四川31日參加新店毛蟹「越堰」人工協力設施實作活動，有媒體報導市長侯友宜昨天跟他一起出席新北市議會國民黨團餐會，侯友宜在台上高喊3次「四川當市長」。李四川對此回應，侯友宜近8年來讓市政蓬勃發展，但是，要再做的工作還是相當多，所以侯希望他能夠接棒，他也會全力以赴。李四川指出，昨天是侯友宜最後一次在議會的施政報告，晚上是國民黨團聚餐，他謝謝侯友宜大力支持，在這7年多將近8年，新北市在侯友宜領導下，不管交通、文化、觀光，所有的市政建設都蓬勃發展，但是，要再做的工作還是相當多，所以侯友宜希望能夠由他接這一棒，他會全力以赴。請繼續往下閱讀...李四川說，昨天侯友宜也告訴他，「做，總比說來得好」，所以他會繼承這一棒，會好好的把侯友宜還沒有完成的部分完成，更精進地把新北帶到國際化，讓所有的市民都能夠幸福美滿。    ,https://news.ltn.com.tw/news/politics/breakingnews/5523939
駁藍白談倒閣交換席次 民眾黨團總召陳清龍：完全沒接觸、沒談論,政治,2026/07/31 11:46,媒體報導國民黨曾與民眾黨接觸，討論倒閣後禮讓不分區席次等內容，民眾黨立院黨團總召陳清龍鄭重否認，強調雙方「完全沒有接觸、完全沒有談論」，黨團的目標、工作與責任，就是在立法院善盡監督職責、為國家服務。（記者羅國嘉攝）台北市長蔣萬安近日拋出倒閣議題，並傳出國民黨研議禮讓5席不分區立委席次給民眾黨，以換取後續合作。對此，立法院民眾黨團總召陳清龍表示，包括前主席柯文哲、主席黃國昌都有明確表達，重點不在倒閣，而是「倒賴清德」。至於媒體報導國民黨曾與民眾黨接觸，討論倒閣後禮讓不分區席次等內容，他鄭重否認，強調雙方「完全沒有接觸、完全沒有談論」，黨團的目標、工作與責任，就是在立法院善盡監督職責、為國家服務。    ,https://news.ltn.com.tw/news/politics/breakingnews/5523930
李正皓秀照爆料英法行邱慧洳一路跟徐佳青 酸：那妳不就團員,政治,2026/07/31 11:44,名嘴李正皓加碼爆料，其實不是只有在法國，是整個韓國瑜率團參訪英法的旅程邱慧洳都在徐佳青旁邊，按邱慧洳的邏輯徐佳青是領隊，那你們不就團員，笑死人。（圖擷自 臉書）民眾黨立院黨團近日公開質疑陸委會副主委沈有忠、僑委會委員長徐佳青出國都是「假考察真觀光」，白委邱慧洳還批徐佳青都去「吃甜點」。網紅「四叉貓」劉宇看不下去，週四（30日）深夜PO出邱慧洳和徐佳青今年5月一起去法國考察的合照，爆料邱慧洳當時還誇徐佳青很認真在考察，現在卻回頭咬徐佳青，「真是人前人後不一樣！」對此，名嘴李正皓加碼爆料，其實不是只有在法國，是整個韓國瑜率團參訪英法的旅程邱慧洳都在徐佳青旁邊，按邱慧洳的邏輯徐佳青是領隊，那你們不就團員，笑死人。李正皓在臉書PO出照片，可以看到在不同的行程，邱慧洳幾乎都會出現在徐佳青附近，李正皓在貼文中表示，四叉貓剛剛爆料，民眾黨邱慧洳立委今年五月在法國的時候，還硬要蹭在徐佳青的身邊合照，那時她稱讚徐佳青很認真出國考察，回國就改口說徐佳青像是環遊世界的旅行社領隊，真是人前人後不一樣。請繼續往下閱讀...李正皓直言，他加碼爆料，其實不是只有在法國，是整個韓國瑜率團參訪英法的旅程邱慧洳都在徐佳青旁邊，徐佳青是去玩的嗎？不就是去伺候這群立委，然後回國後邱慧洳轉頭說徐佳青是奢華旅行、環遊世界的旅行社領隊，噁不噁心？按邱慧洳的邏輯徐佳青是領隊，那你們不就團員，笑死人。    ,https://news.ltn.com.tw/news/politics/breakingnews/5523862
台師大女足案 監院：教育部迄未通盤查處、前體育署查核不實,政治,2026/07/31 11:40,監察院。（資料照）台師大體育系執行國科會補助之「建構新世代精準女性足球運動生心理、傷害及表現的智慧感測與衡鑑平台」計畫，於2024年11月間爆發研究團隊嚴重違反「人體研究法」規定；經擴大清查台師大教師陳忠慶及周台英歷年來相關研究計畫，發現尚有其他同涉執行程序違反「人體研究法」相關規範之計畫案。監察院教育及文化委員會於24日通過監察委員蔡崇義、賴鼎銘提出之調查報告，並於今（31）日公告，要求行政院督飭所屬檢討改進，並督促相關主管機關本其權責議處，及收回不當請領款項見復。監委表示，本案經教育部邀集相關部會組成專案小組，擴大清查陳師歷年約31件研究案，查悉自2012年起，除前案違規情事外，陳忠慶另有6件主持或共同參與之補助研究計畫（含國科會5件及教育部已撤稿1件），同涉執行程序違反「人體研究法」相關規範等缺失。惟教育部迄未本於目的事業主管機關之權責依法完成通盤查處，且對於台師大2023年函報之博士生執行相關人體研究計畫等違法個案，亦怠未積極查處，也未研擬通案妥適作為。請繼續往下閱讀...調查報告指出，前體育署運用教育部運動發展基金補助辦理之運科支援計畫及運科輔助計畫，執行過程核有計畫經費未按規定編列及審核、對於各計畫所涉之關係對象未踐行知情同意程序、部分已涉及人體研究之計畫案卻未送審查會審查，以及計畫報支之受試者費用嗣後又回繳、而未實際由受試者支領等諸多違失，足徵前體育署於該等計畫辦理之初未審慎周詳謀度，其委託專案管理之國立體育大學專業團隊，對於相關計畫之行政管理與實地查核程序亦有未盡落實之處。監委認為，允應由運動部儘速依法釐明事實，移送權責主管機關核處，並針對未來運科相關計畫之辦理方式進行健全周延之籌劃，以助益競技運動之初始目標，並兼顧對於運動員權益之維護。監委強調，非以成年人為對象之人體研究，是屬例外狀況下始得進行之研究，並應格外重視該等研究對象之權益保障。惟調查過程中發現，無論是國科會補助之研究計畫，或各大專校院向前體育署申請辦理之運科支援計畫及運科輔助計畫，均涉及以未成年人作為研究對象，卻未依法踐行合規的知情同意要件，嚴重忽略對未成年人相關權益保障；除應由相關經費補助機關注意加強宣導外，並應由教育部及衛福部分別督導所轄之審查會，對於受理之相關審查案件加強把關及查核工作之落實。調查報告並指出，「人體研究法」第5條第3項規定，研究計畫內容變更時，應經原審查通過之審查會同意後，始得實施；然現行法規對於違反該條項規定之行為未設有任何罰則，致實務上存有經審查會審查通過之案件，於後續執行階段逕由計畫主持人變更研究計畫內容卻未再報經審查，審查會亦疏未查悉此情之案例，相關研究人員及其所屬機構卻無相應罰則，恐損及規範之遵循度，衛福部允宜藉此詳予通盤檢視「人體研究法」有無研修之必要。此外，調查報告亦提及，國科會前於媒體透露未經證實之訊息，且對本案凸顯之「掛名研究」等制度問題尚未通盤清查，相關作為難謂妥適，均待積極會同檢討。    ,https://news.ltn.com.tw/news/politics/breakingnews/5523938
蔣萬安拋倒閣掀外部效應？學者酸爆：消滅自家議題,政治,2026/07/31 11:34,蔣萬安。（資料照）台北市長蔣萬安近日主張倒閣議題，並傳出國民黨研議禮讓5席不分區立委席次給民眾黨，以換取後續合作。對此，美國聖湯瑪斯大學國際研究講座教授葉耀元直言，這場倒閣論似乎產生了不少外部效應。不論倒閣最終是否成形，國民黨上週在凱達格蘭大道舉辦的抗議活動，以及先前備受關注的「接力絕食」行動，似乎瞬間失去媒體版面與聲量。葉耀元今日於臉書粉專「葉教授的國際事務學院」今日發文指出，蔣萬安提出的「倒閣論」似乎也是有一些外部效應的。不論這件事到底有沒有譜，不過上週國民黨搞的那個「搞笑的凱道抗議」，以及先前的「接力絕食」，似乎就沒有版面了。請繼續往下閱讀...葉耀元大酸，「蔣萬安不愧是議題製造者，他同時間還是消滅議題的佼佼者呢」。消息曝光後，許多網友紛紛留言，有人說「傳說中的被他蹭到會倒楣八輩子！」、「下禮拜就沒人記得這話題了」、「在學柯文哲，不過又學的不像」。藍白談條件推動倒閣？ 沈伯洋：蔣萬安目標是國會改選作秀滿分！藍營小雞坐輪椅「準時送醫」詹凌瑀酸：苦肉計演成喜劇    ,https://news.ltn.com.tw/news/politics/breakingnews/5523808
蘿蔔糕成分沒蘿蔔？監院促食藥署改進,政治,2026/07/31 11:32,部分市售蘿蔔糕被質疑成分未包含蘿蔔，僅以玉米澱粉、修飾澱粉等製成。監委田秋堇今天說，衛福部食藥署未研議訂定蘿蔔含量標示規範，且稽查時僅「文字核對」品名與成分標示，確有欠當，也沒有建立部分修飾澱粉的檢驗方法等，監察院日前已通過報告，促請食藥署改善。示意圖。（資料照）部分市售蘿蔔糕被質疑成分未包含蘿蔔，僅以玉米澱粉、修飾澱粉等製成。監委田秋堇今天說，衛福部食藥署未研議訂定蘿蔔含量標示規範，且稽查時僅「文字核對」品名與成分標示，確有欠當，也沒有建立部分修飾澱粉的檢驗方法等，監察院日前已通過報告，促請食藥署改善。田秋堇5月時指出，有媒體報導，部分市售蘿蔔糕廠商為節省成本及製作時間，以化學澱粉製作，甚至未添加蘿蔔卻稱「蘿蔔糕」，因此介入調查。監察院社會福利及衛生環境委員會22日通過調查報告，要求食藥署等檢討改進。請繼續往下閱讀...田秋堇今天透過新聞稿表示，衛福部針對米粉、果汁及乳品等都有訂定「含量」標示規範，但經調查發現，食藥署對於市售蘿蔔糕產品，有以玉米澱粉、修飾澱粉及添加物製成，甚至未含蘿蔔一事，卻未研議訂定蘿蔔含量標示的規範，長期僅文字核對品名與成分標示，就稱稽查結果均符合規定，流於形式，難以確保食品內容物與標示相符。對於蘿蔔糕未含蘿蔔的查核方式，食藥署回覆監委調查指出，目前尚無檢驗方法可檢驗食品中蘿蔔含量，如查獲產品有標示不實疑慮需進一步查證，得視個案情形移請製造業者所轄衛生局查察。田秋堇說，此案專家學者認為，並非完全無法檢驗蘿蔔糕的蘿蔔含量，因為一般而言，蘿蔔絲在炒煮後會釋出約占重量約15%至20%的水分，接著進入粉漿成為「總液體」的一部分，因此若品名為「蘿蔔糕」，其蘿蔔含量理應超過50%，倘蘿蔔糕一片以80公克計，其濕重約94公克，膳食纖維含量約為0.5公克，並非完全無法檢驗其含量。修飾澱粉部分，田秋堇表示，衛福部雖針對部分修飾澱粉訂有使用限量，但是食藥署至今沒有建立檢驗方法，更遑論抽驗相關修飾澱粉的含量情形，導致修飾澱粉的限量規範形同虛設。此外，田秋堇表示，專家學者提醒，冷凍麵食、冷凍湯圓、水晶餃、冰淇淋、冷凍肉製品、乳酸飲料、烘焙食品等普遍使用磷酸澱粉以及醋酸澱粉等添加物，雖然兩者並無規範限量使用，但磷酸澱粉對慢性腎臟病患者具健康危害風險，醋酸澱粉則容易誘發糖尿病，食藥署宜加強教育宣導或採取其他因應措施，避免消費者於毫無警覺情況下過度攝取，造成食安隱憂。    ,https://news.ltn.com.tw/news/politics/breakingnews/5523902
林國漳走訪宜蘭東澳冷泉 推原民社福與原鄉建設,政治,2026/07/31 11:22,林國漳行腳南澳，地方民代合體力挺。（林國漳競辦提供）民進黨宜蘭縣長參選人林國漳前進南澳鄉行腳，首站選在消暑勝地東澳冷泉，與地方民代、參選人合體，展現南澳團結氣勢，並力推原鄉長者「健保費全額補助」及「帶狀皰疹（皮蛇）疫苗全額補助」2大醫療保障，表示未來也將會在尊重原民文化基礎上，大力擘劃原鄉建設。林國漳在前鄉長江明順、縣議員參選人曹天民、鄉長參選人江子文、代表會主席李元亮、代表胡勝己、代表江茜亞以及後援會會長古春玉等人陪同下走訪基層，表示過去在擔任法扶基金會會長期間，經常來到南澳提供法律服務與宣導，對部落鄉親有著深厚情感。請繼續往下閱讀...他說，未來為給予原鄉長輩最實質照顧，將針對55歲以上原住民長輩推出「健保費全額補助」以及「帶狀皰疹疫苗全額補助」2大醫療保障，另有「智慧敬老卡」，每年將發1萬2000點，點數不僅可用於搭車、就醫，還能用在日常購物，當月未用完點數更可累積至年底，給予長輩最大的使用彈性與尊重。林國漳說，未來所有建設都必須建立在尊重原民文化基礎上推動，針對鄉親最關心的交通命脈，也會強力監督即將動工的「蘇花安」東澳至南澳段，承諾未來會強力監督並協助推動，期盼工程能盡速完工。林國漳南澳行腳，從東岳村出發，沿路拜訪金洋村、武塔村、澳花村等，展現照顧部落族人決心，前鄉長江明順也表達對林國漳的堅定支持，縣議員參選人曹天民、鄉長參選人江子文等人，也齊聲呼應林國漳的施政願景。林國漳走入南澳部落拜訪族人。（林國漳競辦提供）林國漳前進南澳鄉行腳，首站選在消暑勝地東澳冷泉，與地方民代、參選人合體，展現南澳團結氣勢，並力推原鄉長者「健保費全額補助」及「帶狀皰疹（皮蛇）疫苗全額補助」2大醫療保障。（林國漳競辦提供）    ,https://news.ltn.com.tw/news/politics/breakingnews/5523908
打臉？蔣萬安拋倒閣議題 傅崐萁：國民黨團內部沒有太多討論,政治,2026/07/31 11:13,台北市長蔣萬安近日主張倒閣議題，並傳出國民黨研議禮讓5席不分區立委席次給民眾黨，以換取後續合作。（資料照）台北市長蔣萬安近日主張倒閣議題，並傳出國民黨研議禮讓5席不分區立委席次給民眾黨，以換取後續合作。國民黨團總召傅崐萁今日表示，國民黨是民主政黨，對於現在執政者不滿的各種聲音，大家都聽到了。在民主討論的過程中，任何想法都是尊重，最後一定會凝聚共識，做出何種結論都充分尊重，不過目前這個議題在國民黨團內部沒有太多討論的聲音。身兼國民黨發言人的立委牛煦庭則表示，倒閣到最後還是國會的事情，最後會經過黨內的討論、在野彼此的溝通也好，終究會做出決定，也會向社會說明相關的緣由。過程中難免戳到民進黨心裡最害怕的那一塊，用盡各種不具名的方式，意圖見縫插針、挑撥離間，這種操作也是大可不必。大家都很關心725上街頭之後，如何進一步強化監督的力量，在這件事情上面，在野黨會通力合作，給國人清楚的交代。請繼續往下閱讀...國民黨立委王鴻薇昨指出，倒閣能不能成功，有一個最重要的關鍵，就是民眾黨一定要支持，如果最後沒辦法通過，對支持者也是很大的挫折，如果要提倒閣，必須是國眾兩黨的共識，但禮讓共提的構想並不成熟，要民眾黨的支持者小草投國民黨不分區，「像麵糰揉在一起」，在這麼短的時間之內，票能不能順利移轉，這個是解決方案之一，但好像有點過於單純，另外，如果真要談，也要得到黨主席的授權。對此，牛煦庭表示，核心的概念、立委在立法院的工作還是把監督制衡做好，這是立委的本分，是否倒閣、強度如何，應該是圍繞這件事的正當性來做決定，後面其他的政治考量及盤算，不應該是倒閣的重點，去多談論這些事情比較容易模糊焦點，回到能不能有效的制衡政府，是用預算、質詢或呼喚大眾更多注意，及倒閣等方式，都是監督制衡的手段，回到事件的本質，把立法院的工作做好，才是最重要的。    ,https://news.ltn.com.tw/news/politics/breakingnews/5523865
回顧「尹清楓命案」內幕 陳水扁認從政最大遺憾：不是不敢是辦不出來,政治,2026/07/31 11:07,前總統陳水扁。（資料照）台積電共諜案爆發後，涉案核心人物丁小琥、張志煒、何聖影接連病逝，也讓人回想起至今懸而未決的海軍前上校「尹清楓命案」。前總統陳水扁昨發文回顧這段往事，坦言該案至今仍未破案是他「從政最大的遺憾」，並強調「不是阿扁不敢辦，而是最高檢的特調組辦不出來」。前海軍武獲室執行長尹清楓上校於1993年12月遇害，浮屍蘇澳外海，爆發台灣有史以來最大、最複雜的軍購弊案，尹清楓老父尹鐸拖著老邁身軀，四處奔走，拚著老命為兒伸冤，希望抓出幕後主使者，但事與願違，命案與軍購弊案至今未破，尹鐸也因此含恨而終。請繼續往下閱讀...有網友早先就曾在社群發文，表示尹清楓命案已過去超過30年，至今仍未獲得正義與真相，昨日陳水扁突在社群發文直言，有關尹清楓命案，不是阿扁不敢辦，而是最高檢的特調組辦不出來。陳水扁也進行3點說明，其一、「有關尹清楓命案及其衍生軍購弊案，阿扁在競選台北市長前還爭取擔任立法院國防委員會召集人，主導召開8次專案報告，礙於立法委員沒有司法調查權，只知道涉案層級很高，而且不只一人，但關鍵錄音帶都被滅證消磁了」。其二、「2000年7月31日，阿扁在總統府責由最高檢檢察長盧仁發成立『特別調查小組』並親任召集人，由軍警檢調聯合偵辦，政府全力提供必要人力物力，要人有人要錢有錢。2000年8月14日阿扁出訪邦交國多明尼加，公開宣示尹清楓命案『即使動搖國本，也要偵辦到底』。阿扁從未放棄或反對或不敢偵辦該案，期間李前總統、郝伯村前總長等高層都曾被約談，只因阿扁是總統，不是檢察總長也不是檢察官，無權介入或指揮刑案的偵辦，最後的發展是辦不出來」。其三、「誰是尹清楓之死的兇手？又跟哪件軍購弊案有關？海測艦？獵雷艦？拉法葉艦？如今仍成為『隱案』，也是阿扁從政的最大遺憾。後來阿扁指示國防部從法方及軍火商違反拉法葉艦軍購合約排佣條款的民事追償著手，下令軍方花大錢聘請國際大律師大打國際仲裁官司，纏訟10年，最後為國家要回來11億+253億元，總算無愧於心！」該文發出後也引發網友議論，紛紛留言表示「留友看，這是我小時候至今震驚全台司法史上的重大超謎懸案」、「所有的涉案關係人，台灣跟法國的死了40幾個...實際上不是不查是查不下去」、「國民黨滅證手段何其多，當時的氛圍阿扁總統能做到這樣已經很好惹」、「就像林義雄家滅門血案、陳文成案，阿扁沒有要查個水落石出嗎？有，但台灣現在不只是民主自由的國家，同時也是法治的國家，一切要講求證據」，也有網友反諷「說個笑話，從前國民黨執政時治安最好」。    ,https://news.ltn.com.tw/news/politics/breakingnews/5523748
幫助日本地震早日脫離難關！賴總統：鼓勵各界捐款,政治,2026/07/31 10:59,總統賴清德出席「2026年台灣美食展開幕典禮」。（記者方賓照攝）日本九州熊本縣28日下午發生規模7.1強震，造成嚴重災情；總統賴清德今出席活動前表示，過去台灣地震都承蒙日本給予台灣多方協助跟關心，「除了我本人、副總統、卓院長、鄭副院長，都已經捐款以外，縣市長也已經表達他們的善意。」外交部已成立捐款帳戶，鼓勵產業界、企業界或國人同胞多多捐款，幫助日本地震能夠早日脫離難關。總統賴清德今天參加「2026台灣美食展」，會前受訪時表示，日本熊本大地震釀災情，過去台灣地震都承蒙日本給予台灣多方協助跟關心，當然過去日本地震，台灣也給予支持，台日遭遇天災地變，都會互相幫忙。請繼續往下閱讀...賴清德說，這一次熊本地震，台灣也不例外，「除了我本人、副總統、卓院長、鄭副院長，也都已經捐款以外，縣市長也已經表達他們的善意。」外交部已成立捐款帳戶，因此也鼓勵產業界、企業界或國人同胞多多捐款，幫助日本地震能夠早日脫離難關；內政部也已經跟各縣市政府完成整備工作，只要日本有需要，台灣搜救隊就可馬上出發，展現台灣對日本強烈支持的態度。    ,https://news.ltn.com.tw/news/politics/breakingnews/5523896
再勝藍委！張惇涵批陳玉珍、林思銘刪凍中小企業預算挨告 北檢不起訴,政治,2026/07/31 10:56,藍委陳玉珍對張惇涵提告選罷法案，強調國民黨刪預算或凍結預算均可查證，指控完全與事實不符。（資料照）總統府前副秘書長、現任行政院秘書長張惇涵於罷免連署期間，指國民黨立委陳玉珍、林思銘曾提案刪凍中小企業預算，遭2人控告誹謗及散布罷免謠言。台北地檢署偵查認為，陳、林確曾提出相關預算案，雖於表決前撤回，但張的發言仍有提案資料可循，難認有明知不實的犯意，依法不起訴。不起訴書指出，陳玉珍、林思銘均為第11屆立法委員，各地公民團體於今年2月1日至4月30日間發動罷免連署。陳、林告訴主張，2人雖曾提出刪除、凍結經濟部中小及新創企業署相關預算的提案，但已於1月20日、立法院表決前撤回，未經院會實質討論或表決。請繼續往下閱讀...同年4月9日，當時正值美國總統川普對等關稅衝擊，國民黨主張在野黨刪減的總預算1439億元可作為振興經濟基礎，張惇涵接受Yahoo TV《齊有此理》節目訪問時表示，若支持中小企業，「當初為什麼要刪中小企業的預算」，並稱陳、林曾提案刪減「中小及新創企業科技應用」2億元、「中小企業發展」8.1億元，另凍結多項補助經費。陳玉珍、林思銘認為，提案早已撤回，張惇涵卻在罷免連署期間對外宣稱2人刪凍預算，足以使外界誤認提案已經通過，不僅損害名譽，也可能影響罷免投票，因此控告張涉犯刑法誹謗罪，以及公職人員選舉罷免法意圖使罷免案通過而散布謠言等罪。檢方勘驗節目內容並調閱立法院預算資料後發現，陳、林確實曾提出刪凍經濟部中小及新創企業署114年度預算的提案，包括刪減「媒體政策及業務宣導費」53萬3000元、「中小及新創企業科技應用」2億元及「中小及新創企業發展」81萬4774元，另凍結多項計畫的業務費、獎補助費等預算。不過，檢方亦指，言論涉及公共利益時，是否構成誹謗或散布不實訊息，應審酌發言者有無合理查證，以及是否有相當理由相信內容為真，張惇涵的發言是以陳、林確曾提出刪凍預算案為基礎，進一步評論相關提案可能影響中小企業發展，核心內容並非毫無依據。檢方認為，提案雖於表決前撤回，但張惇涵的發言主要在批評陳、林「曾提出」刪凍預算案，並未明確宣稱提案已經表決通過，其對刪凍規模及政策影響的說法，則屬政治及公共政策領域的意見表達，尚未逾越合理評論範圍，依法不起訴。    ,https://news.ltn.com.tw/news/politics/breakingnews/5523886
外交部啟動熊本賑災專案 林佳龍：台灣始終與日本朋友站在一起,政治,2026/07/31 10:50,日本熊本縣大地震釀災，外交部啟動「0728日本熊本賑災專案」。（外交部提供）日本熊本縣於7月28日發生強震，造成多人傷亡，住宅、道路及公共設施也有多處受損，災區至今仍持續面臨餘震威脅。面對此次震災，在總統賴清德指示下，外交部正式啟動「0728日本熊本賑災專案」，並將自8月1日起辦理公開勸募，募集款項將用於協助熊本災區救援及災後重建。林佳龍表示，台灣與日本每一次在彼此最需要的時候，都不曾缺席，這一次也一樣。「只要有需要，台灣願意伸出援手，與日本患難與共，攜手走過賑災與重建的道路。」請繼續往下閱讀...為協助日本賑災工作，林佳龍誠摯邀請國人共同響應此次賑災專案，以實際行動傳遞台灣的溫暖，陪伴熊本災區走過艱難時刻。他並感謝每一位願意伸出援手的國人朋友，表示「相信每一份善意，都會成為災區重建的重要力量。」◎捐款資訊戶名｜財團法人國際合作發展基金會國際重大災害勸募專戶銀行｜兆豐銀行天母分行帳號｜021-09-01774-1​◎其他捐款管道信用卡、虛擬帳戶轉帳等方式，請至國合會捐款統一入口網 https://39buy.co/efbe84 。（各項捐款管道於8月1日起開放）​◎捐款諮詢1988專線（自8月1日起，每日09:00–21:00），提供捐款諮詢服務。    ,https://news.ltn.com.tw/news/politics/breakingnews/5523884
甲醛炊粉重挫竹市府形象！ 高虹安向楊文科借將 楊郡慈任市府發言人,政治,2026/07/31 10:50,昔楊文科愛將，新竹市長高虹安聘新竹縣前教育局長楊郡慈任市府發言人，8月3日生效。（新竹市府提供）新竹市長高虹安向新竹縣長楊文科借將，聘竹縣前教育局長楊郡慈擔任市府發言人，人事令8月3日生效。楊郡慈將負責市府對外發言、媒體溝通及政策說明等工作。楊郡慈具博士學歷，曾在企業任職副理與業務經理職務，且曾擔任學校家長會長、全國家長會長聯盟理事長及新竹縣政府教育局局長。市府表示，楊郡慈過去在新竹縣教育局長任內投入教育行政與公共治理，熟悉政府運作模式，期待其加入能進一步強化市府與市民、媒體間的良性互動。楊郡慈表示，發言人是市府與市民之間重要的信任橋樑。未來接任發言人，會在第一時間向社會大眾完整說明政策與重大議題；也會持續精進新聞發布的品質與效率。請繼續往下閱讀...楊郡慈是楊文科任內倚重的政務官，擔任教育局長期間也推動多項重要的設校工作，原外傳楊文科有意交棒給楊郡慈代表國民黨參選新竹縣長，但黨內有異聲，而楊郡慈去年12月中旬請辭竹縣教育局長職務，有一說是因校安問題離開，又外傳將投入選舉，如今轉任竹市府發言人，疑因近期竹市爆出甲醛炊粉食安風暴及高虹安市府官員爆出甲醛與陽光同一類等言論，重挫高虹安及市府形象，高虹安才緊急向楊文科借將。    ,https://news.ltn.com.tw/news/politics/breakingnews/5523877
網傳秦楓爆「胡錦濤一家食物中毒走了」沈榮欽：若屬實恐掀政治風暴,政治,2026/07/31 10:49,中共二十大由總書記習近平主持閉幕，前總書記胡錦濤突然中途被人架走。（美聯社）中國近日一則關於前領導人胡錦濤、妻子劉永清、兒子胡海峰3人死於食物中毒的爆料引發熱議。對此，加拿大約克大學副教授沈榮欽表示，這則爆料為何令人震驚？因為中共高幹都是用特供食物，不太可能食物中毒，「團滅」的機率更低，因此引發包括習在內的中共高層政治鬥爭的聯想，如果爆料屬實，可能會掀起政治風暴。根據網傳訊息，鳳凰衛視總監秦楓7月31日爆料：「前領導人，包括夫人LYQ，HHF晚餐時，食物中毒，盡力搶救，4點的時候走了......」請繼續往下閱讀...沈榮欽在臉書PO文表示，秦楓爆料在中國與海外引發極大的關注，秦楓是官三代，家中長輩很多都在中國外交部工作，祖父是前外交部領事司司長、劉少奇秘書秦力真，外公為前外交部總務司司長楊琪良；姑父為前中國外交部長李肇星。父親則為曾任《中國財經報》社長兼總編輯的秦曉鷹，秦楓高中畢業後就出國留學，回中國後一開始也是在中國外交部的外館工作，後來轉到鳳凰衛視當記者，因為獲得當時總理溫家寶點名而聲名大噪，被選為鳳凰衛視最佳記者，然後一路高升到鳳凰衛視台長。沈榮欽指出，秦楓爆料為何引起重視？她曾經在中共黨中央公開承認江澤民死訊前半個月，就在微博暗示江澤民已經死亡的消息，直到半個月後，中共才正式對外發布這個消息，證實其爆料為真，秦楓爆料有錯過嗎？有。今年4月她公開爆料王石被抓，後來王石出面闢謠，秦楓刪文。沈榮欽直言，秦楓本次引發轟動的爆料內容為何？中國前領導人胡錦濤和夫人劉永清、兒子胡海峰三人食物中毒，搶救無效，均在醫院過世，這則爆料為何令人震驚？中共高幹都是用特供食物，不太可能食物中毒，「團滅」的機率更低，因此引發包括習在內的中共高層政治鬥爭的聯想，如果爆料屬實，可能會掀起政治風暴。    ,https://news.ltn.com.tw/news/politics/breakingnews/5523861
提第三漁港魚市場升級 無黨澎湖縣長參選人許智富盼打造台灣最美觀光魚市,政治,2026/07/31 10:31,無黨澎湖縣長參選人許智富，提出打造澎湖最美漁港政見。（許智富提供）海鮮是澎湖最重要的品牌，但第三漁港魚市場仍以傳統交易為主，市場環境、公共設施及觀光機能仍有提升空間。無黨澎湖縣長參選人許智富提出，依《漁港法》及相關法令，與澎湖區漁會、漁民及地方居民充分溝通，在不影響魚市場正常運作及漁民權益的前提下，分階段推動第三漁港魚市場升級計畫。許智富表示，將規劃於喜來登飯店前漁業休閒專用區打造現代化觀光魚市場，1樓作為漁獲交易及展售空間，魚市場收攤後活化為文創及特色市集、青年創業及農漁產品展售空間；2樓規劃海鮮餐廳，讓遊客體驗「現買、現煮、現吃」的澎湖海鮮文化。請繼續往下閱讀...戶外廣場則規劃海景休憩空間，引進特色咖啡廳、輕食餐飲及街頭藝人表演，營造兼具美食、藝文與港灣景觀的觀光新亮點。同時推動魚市場及周邊污水處理與污水下水道接管工程，完善排水、油脂截流及污水處理設施，改善環境衛生，降低異味與污染，守護海洋環境，打造乾淨、安全、永續的現代化魚市場。另外，許智富表示，也將參考沖繩牧志公設市場及澳洲雪梨魚市場的成功經驗，打造兼具漁業、觀光、美食、文化及環境永續的新魚市場，讓第三漁港成為澎湖海鮮的新門戶，帶動漁民增收、青年創業及地方觀光發展。讓海鮮更新鮮、環境更乾淨、觀光更精彩，打造台灣最美的觀光魚市場。    ,https://news.ltn.com.tw/news/politics/breakingnews/5523841
高雄綠營老將陳明澤曾涉賭  今年交棒女兒,政治,2026/07/31 10:30,高雄市議員陳明澤（左）將交棒給女兒。（資料照）民進黨籍高雄市議員曾因319槍擊案知名度大增，又發生服務處涉賭醜聞，年底大選已決定交棒女兒，如今疑涉廢土弊案又遭搜索約談並聲押。63歲陳明澤早年以投資證券發跡，並投入地方公共事務、參選高雄縣議員，2004年總統大選的319槍擊案，意外讓陳明澤成為全國知名人物，當時總統陳水扁拜票車隊抵達高雄湖內，中午在陳明澤住處及服務處午餐並休息，下午轉往台南繼續掃街，結果車隊行經台南市金華路遭到槍擊即為「319槍擊事件」，引發政壇動盪，陳水扁在陳明澤住處的一舉一動，成為藍營追查槍擊案真相的焦點。請繼續往下閱讀...2016年9月，高雄地檢署在陳明澤湖內區服務處後方鐵皮屋發現大型天九牌職業賭場，陳明澤連同蔡姓賭場負責人與84名賭客被移送法辦；陳明澤案發後經民進黨中評會決議停權一年，並主動請辭黨內中評委及高市議會保安小組召集人等職務。該案陳明澤遭判刑4個月、緩刑2年，並應向公庫支付10萬元。陳明澤曾任高縣兩屆議員、民進黨高雄縣黨部主委，縣市合併後又連任四屆高雄市議員，見證從政治戒嚴到解嚴的發展，各項選舉無役不與，有感於政治香火需要年輕人傳承，今年3月宣布由女兒陳琳潔接棒。    ,https://news.ltn.com.tw/news/politics/breakingnews/5523863
批監察院成酬庸肥貓 柯文哲推台灣三權分立,政治,2026/07/31 10:23,前民眾黨主席柯文哲（中）前往桃園市平鎮區三崇宮參拜。（記者周敏鴻攝）前民眾黨主席柯文哲上午陪同黨籍桃園市議員參選人吳正吉、徐千晴、周曉芸、林晏良，前往平鎮區三崇宮參拜，被媒體詢及廢除監察院問題，柯文哲強調，三權分立是他的政見，也是民眾黨的政治方向，目前監察院的社會觀感不佳，或酬庸、或肥貓，沒有積極的建樹，他主張台灣應朝三權分立的方向前進。柯文哲批評，監察院長陳菊請假1年，若她1整年都沒上班，表示什麼？另外還有濫用公務車等爭議，他主張廢除監察院；至於審計部則可保留預算、獨立作業，其餘預算不編列，就能實質朝三權分立前進。    ,https://news.ltn.com.tw/news/politics/breakingnews/5523852
爆粗口致總預算協商散會惹議 傅崐萁反嗆：賴總統是立法院國罵鼻祖,政治,2026/07/31 10:23,國民黨團總召傅崐萁受訪。（記者陳逸寬攝）立法院朝野黨團日前協商今年度中央政府總預算案，國民黨團總召傅崐萁突然大罵「他X的」，導致散會。傅崐萁今日主動召開記者會，當場播放賴清德總統擔任立委時講「王X蛋」、「他X的」，高雄市長陳其邁稱「我你爸爸」等畫面，傅崐萁說，誠如民進黨團幹事長莊瑞雄所說，民進黨就是這樣的水準，賴總統在立法院講了多少國罵，請民進黨不要雙標，立法院的國罵鼻祖賴總統，趕快出來向全民道歉，也協尋陳其邁，儘快出來向國人道歉。傅崐萁批評，民進黨政府對人民的健康完全漠不關心，毒油事件爆發滿1個月，都未看到賴總統道歉、行政院長卓榮泰下台，這個政府完全不在乎人民，死不悔改，到了立法院還誇誇其談，態度傲慢，心中完全沒有人民，這就是台灣人民的憤怒。請繼續往下閱讀...傅崐萁說，連台灣人民最基本卑微、吃得安全、安心，讓孩子平安在台灣這塊土地上成長的訴求，民進黨都沒有辦法做到，這樣子的執政者，到了立法院還誇誇其談，以傲慢的態度來攻擊立法委員，這是過去70年台灣民主史上完全沒有看到的。傅崐萁表示，他針對弄到全民天怒人怨的毒油案，已經20萬人上街頭、民怨沸騰，民進黨視人民如草芥，權力在我手上，你奈我何，這些民進黨的封建高官還誇誇其談。他要嚴正聲明及表達，沒有辦法除惡務盡，有些言論也引起台灣善良百姓的議論，深表歉意。傅崐萁說，但是誠如莊瑞雄所說，民進黨的總統、民進黨就是這樣的水準，賴總統在立院講了多少國罵，請民進黨不要雙標，立法院的國罵鼻祖賴總統，趕快出來向全民道歉，也協尋陳其邁，儘快出來向國人道歉。    ,https://news.ltn.com.tw/news/politics/breakingnews/5523849
萬事蔣中央？北市連爆8起重大兒虐 林月琴3問轟蔣萬安卸責,政治,2026/07/31 10:18,民進黨立委林月琴盤點，台北市自2022年至今已發生8起重大兒虐事件、115名幼兒受害，不當管教累計達618次，兒少保護機制全面失靈。（圖由林月琴辦公室提供）台北市一名麥當勞未成年工讀生疑遭前主管職權性侵後輕生，監察院認定北市府行政怠失並提出糾正。民進黨立委林月琴今（31日）提出3道問題，指出北市自2022年至今已發生8起重大兒虐事件、115名幼兒受害，不當管教累計達618次，兒少保護機制全面失靈；台北市長蔣萬安應負起政治責任，而非「萬事蔣中央」、讓基層公務員成為卸責的擋箭牌。林月琴今偕同民進黨立委沈伯洋、吳思瑤召開「萬事蔣中央，北市有萬安？孩子需要的是保護，不是甩鍋！」記者會。林說明，監察院調查報告已明確認定，台北市勞動局未依兒童最佳利益原則優先處理案件、未依法完成責任通報、未積極協助被害人取得資源，亦未啟動跨局處合作機制。現行「性侵害犯罪防治法」與「性別平等工作法」早已明確規範地方責任，系統也清楚標示被害人未滿18歲且涉及性侵害，顯示問題在於地方政府未落實執行。請繼續往下閱讀...據此，林月琴向蔣萬安拋出三問，為何未依兒童最佳利益原則優先處理未成年性侵案？知悉疑似性侵後為何未依法完成責任通報？為何僅停留在行政流程確認而未啟動跨局處保護機制？林進一步指出，蔣萬安曾承諾檢討制度三年，重大悲劇仍一再發生，「將帥無能，累死三軍」，蔣應站出來負起政治責任，而非「萬事蔣中央」、讓基層公務員成為擋箭牌。沈伯洋表示，麥當勞案並非單一事件，而是北市府兒少保護體系長期失靈的縮影。市府明知被害人未成年，卻未立即聯繫教育局、社會局共同介入；同樣的行政失靈也出現在剴剴案與夏莉絲幼兒園案，前者訪視流於形式、專案報告會議曾流會，後者面對十多次通報未能有效處理，多次稽查未查出問題且評鑑結果未如實反映。接連三起重大兒少案件出現相似失靈，顯示整個治理體系出了問題。吳思瑤也批評，勞動局將雇主防治責任窄化為有無完成通報，忽略女學生兼具勞工與兒少雙重身分，最終釀成分離悲劇。她舉例，夏莉絲幼兒園兒虐案中，警方6天完成搜索移送，教育局卻拖延23天才三度移送地檢署；該集團旗下機構自2024年起遭檢舉13件，評鑑等第卻由「乙」變成公開資料上的「甲」，市府至今說不清楚。監察院去年也曾就剴剴案糾正市府，吳要求市府正面回應糾正內容，公布改進期程與究責結果。台灣光寰協會理事、律師丁巧欣表示，麥當勞雖迅速解雇涉案主管，卻未向被害人及家屬正式道歉，亦未提出防範權勢性騷擾的改善措施。針對司法程序，本案兩度不起訴、兩度發回續查，反映檢調未充分理解權勢關係下的性侵樣態，不應以雙方曾交往即認定缺乏犯罪嫌疑；家屬追求的不是報復，而是制度真正回應被害人的傷痛。    ,https://news.ltn.com.tw/news/politics/breakingnews/5523829
柯文哲批蔣萬安提倒閣缺乏規劃 在野黨應先提清楚論述,政治,2026/07/31 10:16,前民眾黨主席柯文哲（右）前往桃園市平鎮區三崇宮參拜。（記者周敏鴻攝）前民眾黨主席柯文哲上午陪同黨籍桃園市議員參選人吳正吉、徐千晴、周曉芸、林晏良，前往平鎮區三崇宮參拜，被媒體詢及台北市長蔣萬安提出「倒閣」主張，柯文哲強調，這個社會禁不起太多折騰，若要倒閣，應謀定而後動，民進黨執政幹得亂七八糟，賴清德總統也很想換掉行政院長卓榮泰，倒閣只是幫賴順手換了卓，替賴解套。針對桃園市議員選情，柯文哲說，「選舉就是盡全力拚到最後一秒」，複數選區選舉的特性，就是你認為穩當選的就會最危險，所以每一位參選人都要盡全力去拚；民眾黨平鎮區提名一度出現紛亂，但民眾黨要從一人政黨轉型成有制度的政黨，仍應依制度處理事情，而遵照制度走了，就該願賭服輸。請繼續往下閱讀...柯文哲說，包括倒閣等行動，在野黨都應該要有論述，要有清楚的主張，第1、2、3、4步該怎麼走，否則倒閣只是幫賴清德換一個行政院長，幫他解套，若要國會全面改選，難道大罷免才忙過，又要搞一次？另如725上凱道，行動前就應先想好，上凱道的訴求該是什麼，後續的步驟要怎麼走，否則就是大家罵一罵，就結束了。前民眾黨主席柯文哲（中）前往桃園市平鎮區三崇宮參拜。（記者周敏鴻攝）    ,https://news.ltn.com.tw/news/politics/breakingnews/5523835
日本感謝各國對熊本強震慰問獨漏賴清德   陳其邁表示尊重,政治,2026/07/31 10:08,陳其邁強調要給予日方尊重。（記者葛祐豪攝）日本熊本於28日發生規模7.1強震，造成重大災情，日本首相高市早苗於30日在社群平台X以日文及英文發文感謝國際社會關懷，卻在標註名單中獨漏中華民國總統賴清德；對此，高雄市長陳其邁今（31）日受訪時表示尊重。陳其邁強調，現在日本，尤其是熊本縣與熊本市，正忙著救災，非常忙碌，不管是救災或重建工作，都還會有非常長的一段時間，「我們應該還是要給予日方尊重」。請繼續往下閱讀...陳其邁認為，人家正在忙於救災，我們現在卻在說「感謝名單有沒有我」，朋友互相幫忙的道理，應該不是這樣，「我們能做的，就盡量去做，台灣作為國際社會的一員，尤其面對天災，彼此協助、救援，本來就是我們應該做的事情」。針對熊本強震，高市府受理震災捐款，市府捐出1500萬日圓，陳其邁個人也捐出50萬日圓，陳其邁今天表示，高雄81氣爆的時候，熊本也給予大力幫忙，「熊本縣、熊本市都是高雄的姊妹城市，兄弟姊妹有難，當然一定要互相幫忙，這也代表高雄市民的心意」。他透露，昨天也接到熊本市大西市長的回信，非常感謝高雄市這次給予協助。但因為日本現在都忙於救災，他也特別告訴大西市長，如果有任何需要都不用客氣，不管是搜救隊，或其他能夠做到的地方，都請他不要客氣。大西市長則說「如果有需要，也會再通知我們」。陳其邁強調，除了熊本相關的募款，後續不管是救災後的搶修、搶險，或者必要的重建，只要是高雄市能夠做的，都會盡最大的力量協助我們的朋友。    ,https://news.ltn.com.tw/news/politics/breakingnews/5523830
體育班不再只會打球？教育部次長張廖萬堅「體壇改革」栽培全能職棒新星【官我什麼事】,政治,2026/07/31 09:59,全新的視界！新聞話題不漏接，快訂閱YouTube 【自由追新聞】，記得開啟小鈴鐺哦！    ,https://news.ltn.com.tw/news/politics/breakingnews/5523826
李鴻源發言被國民黨「強行墮胎」 張景森：沒看到他哀嚎仍心生不忍,政治,2026/07/31 09:50,行政院前政委張景森昨在臉書表示，國民黨智庫負責人李鴻源教授日前以工程專業對宜蘭高鐵提出嚴厲批評，但國民黨擔心影響宜蘭選情，隨後由陳以信代表黨中央出面，把李鴻源的發言「強行墮胎」。（資料照）行政院前政委張景森昨（30日）在臉書表示，國民黨智庫負責人李鴻源教授日前對宜蘭高鐵提出嚴厲批評，但國民黨擔心影響宜蘭選情，隨後由陳以信代表黨中央出面，把李鴻源的發言「強行墮胎」，改稱李鴻源並非反對宜蘭高鐵，而是反對「民進黨版宜蘭高鐵」，並強調國民黨仍然支持宜蘭高鐵。他是沒有看到李鴻源躲在牆角哀嚎的悲慘景象，但還是心生不忍！「國民黨該把自己的宜蘭高鐵版本講清楚了」，張景森說，李鴻源日前接受黃光芹專訪，以工程專業對宜蘭高鐵提出嚴厲批評，李質疑目前方案造價高達4000億元並不合理，也無法有效解決雪山隧道壅塞，對環境衝擊過大，並對整體效益提出疑問。甚至表示，如果2028年國民黨重新執政，應該考慮撤銷目前的宜蘭高鐵計畫。請繼續往下閱讀...張景森表示，國民黨擔心這番談話影響宜蘭選情，隨後由陳以信代表黨中央出面，把李鴻源的發言「強行墮胎」，改稱李鴻源並非反對宜蘭高鐵，而是反對「民進黨版宜蘭高鐵」，並強調國民黨仍然支持宜蘭高鐵。「請問國民黨，你們和李鴻源究竟反對民進黨版宜蘭高鐵的哪一點？」張景森問，到底是經濟效益不高？還是4000億元的工程造價不合理？還是民進黨版宜蘭高鐵無法解決雪山隧道壅塞？還是運量預估過於樂觀、財務不可行？還是環境衝擊太大？請把具體理由一項一項講清楚，而不是只用「錢坑」兩個字概括一切。張景森說，更重要的是，如果民進黨版不好，那國民黨版的宜蘭高鐵到底是什麼？你們的版本能解決自己所提出的那些問題嗎？路線怎麼走？站址設在哪裡？合理的造價是多少？如何兼顧交通效益與環境保護？如何真正改善雪山隧道的壅塞？這個版本是現在就提出，還是等到2028年執政後才會提出？如果要等到執政後才推出，那未來兩年，對民進黨版本的宜蘭高鐵到底採取什麼態度？這才是真正的關鍵。張景森強調，立法院很快就要面對相關預算與計畫審查。國民黨立委究竟是支持、反對、凍結，還是刪除民進黨版宜蘭高鐵的相關預算，等到國民黨執政後，再依自己的版本重新規劃、重新編列？張景森說，如果國民黨認為民進黨版是「史上最大的錢坑」，依據李鴻源的批評，從頭到尾把民進黨罵了一遍，最後卻還是讓民進黨版本的預算通過。那只是拿李鴻源的專業去批評民進黨，自己卻沒有提出任何版本；民進黨版本的宜蘭高鐵預算照過、政策照推，最後支持的還是民進黨的高鐵計畫。「這不是吃李鴻源豆腐是什麼？」張景森表示，如果國民黨連自己的宜蘭高鐵版本都講不出來，那宜蘭高鐵顯然就是民進黨的政績。國民黨宜蘭縣長候選人到底要拿什麼跟民進黨競爭？既然國民黨政策都是支持民進黨，那選民票投民進黨就好了！不是嗎？    ,https://news.ltn.com.tw/news/politics/breakingnews/5523813
抓幽靈人口出重拳！中檢鎖定「一址三戶、一戶三人」 異常遷籍全面清查,政治,2026/07/31 09:34,台中地檢署召開「115年地方公職人員選舉防制幽靈人口查察會議」。（中檢提供）地方選舉將至，為防堵以虛偽遷徙戶籍影響選舉結果，台中地檢署近日召集戶政、民政及警方啟動跨機關防制幽靈人口查察機制，將清查115年7月28日前6個月內「一址三戶」及「一戶三人以上」等異常遷籍資料列為重點，異常名單將交警方實地訪查，若查無實際居住事實且拒不改正，最遲10月15日前報請檢方偵辦。台中地檢署召開「115年地方公職人員選舉防制幽靈人口查察會議」，由主任檢察官李俊毅、黃嘉生共同主持，邀集台中市政府民政局、各區戶政事務所，以及警察局刑警大隊與各分局代表共同研商，希望透過戶政、警政及檢察機關建立完整查察網絡，在選前即時攔阻利用假遷戶籍取得投票權的不法行為。請繼續往下閱讀...檢方指出，地方選舉尤其里長等小選區，勝負票數差距可能甚微，一旦有人藉由虛偽遷徙戶籍灌票，不僅足以改變選舉結果，更可能牽涉候選人、樁腳或地方勢力有計畫動員，甚至與賄選案件相互交織，因此查察幽靈人口不只是查戶籍，更是追查選舉犯罪的重要突破口，是否涉及虛偽遷籍，須綜合認定是否實際居住、有無合理遷籍原因，以及是否與候選人、樁腳或代辦人具有關聯。依會議決議，民政局及各戶政事務所將先完成異常遷籍資料清查，並於9月15日前將名單送交轄區警分局，進一步勾稽分析及向上溯源，秉持「勸導先行」原則實地訪查，使不諳法律規定民眾有主動導正並將戶籍遷出之機會，兼顧查察效能及避免擾民。惟經勸導後仍拒不遷出，且經查證確無實際居住事實者，警察機關將彙整相關具體事證，於同年10月15日前陳報地檢署，由專責檢察官依法發動偵辦，以強勢執法作為，斷絕任何僥倖心理。    ,https://news.ltn.com.tw/news/politics/breakingnews/5523775
獨家》才捲聖石特見案！林思銘再被揭替太子集團「喬」18名中籍人士來台,政治,2026/07/31 09:26,國民黨立委林思銘。（資料照）國民黨立委林思銘頻爆爭議，捲入百億聖石吸金案，近日被爆替聖石金業老董邱薡宬「喬」在獄中多次與親妹邱嬿妤特見，本報去年獨家報導，太子集團核心幹部曾多次來台，並找上現任立委林思銘等協助入境，但林思銘當時否認此事，更稱其幹部來台期間，他尚未擔任立委，以此卸責，但其實林思銘「關心」時間在2020年、2022年，甚至還幫忙太子集團幹部邀請18位中籍人士順利來台，並還要求移民署回覆審查結果。對此，林思銘辦公室回應，辦公室僅協助陳情人了解法規，相關申請也並非單一單位就能審核通過，涉及多個單位，如國安局也會進行調查才會通過，並沒有干涉相關審查的情事。請繼續往下閱讀...林思銘當時在案件爆發時，主張太子集團幹部是2015、2017、2018年來台，當時他尚未當立委，還在新竹縣擔任議員，並無權責關說，但其實林思銘是在當立委後的2020年、2022年協助太子集團成員入境。據了解，太子集團幹部之一的李丞丞擁有多重身份、持多國護照，以不同護照、名字規避調查，其中一個名字叫做「李添」，甚至還以公司的名義找立委幫助，藉此讓審查順利。據本報掌握，相關調查單位追查發現，天旭科技公司經理李丞丞（李添）以該公司的經理身分向外交部申請應聘居留證，並找林思銘辦公室協助，其辦公室在2020年8月向外交部了解狀況。另在2022年3月又曾邀移民署赴辦公室，關心天旭科技邀請18名中國人士的來台審查進度，最終這18名中國人士成功順利來台。移民署回應，林思銘委員國會辦公室曾於2022年3月22日召開說明會，由其辦公室主任主持，邀請移民署派員說明中國人士以商務履約方式申請來台線上審查程序，並瞭解「天旭國際科技有限公司」邀請18名中國人士申辦來台進行商務履約活動情形，並請移民署將審查結果回覆委員國會辦公室。    ,https://news.ltn.com.tw/news/politics/breakingnews/5523788
蔣萬安大動作賴總統靜悄悄？趙曉慧揭背後策略：鷹派硬漢怎麼可能挨打？,政治,2026/07/31 09:08,台北市長蔣萬安近日接連拋出全國性議題，引發外界熱議。作家趙曉慧表示，雖然很多台派基層看得很急，覺得賴總統一直靜悄悄、「以不變應萬變」，不過趙曉慧認為，賴總統是典型的鷹派硬漢，怎麼可能挨打？（資料照）從號召725凱道遊行到提出倒閣，台北市長蔣萬安近日接連拋出全國性議題，引發外界熱議。作家趙曉慧表示，雖然很多台派基層看得很急，覺得賴總統一直靜悄悄、「以不變應萬變」，不過趙曉慧認為，賴總統是典型的鷹派硬漢，怎麼可能挨打？趙曉慧除了分析賴總統的策略，強調其抓的是預算、司法跟執政資源的主導權，同時也分析其連任勝選公式，以及可能遭遇的黑天鵝。趙曉慧在臉書發文指出，蔣萬安最近一記記組合拳打得凶猛，很多台派基層看得很急，想說賴總統怎麼一直在「以不變應萬變」，幹嘛不「狼起來戰鬥」？對此趙曉慧表示，賴總統是什麼人？他是典型的鷹派硬漢，怎麼可能挨打？他是在下一盤更大的棋。請繼續往下閱讀...趙曉慧直言，身為堂堂國家元首跟執政黨黨主席，如果親自撩落去跟蔣萬安打泥巴戰，那才真的中了國民黨的詭計，自降身價，順便免費幫蔣萬安抬轎。所以他的戰略很簡單：不理會、不接招，把戰場丟給發言人跟立院黨團去咬。趙曉慧分析，蔣萬安變身「戰鬥藍」，頂多是把國民黨內的地位鞏固好，但中間選民其實在被他嚇跑。賴總統的不回應，是在冷靜地坐等對方引火自焚。趙曉慧表示，台派焦慮的是「沒在口水戰上贏得爽快感」，但賴總統抓的是預算、司法跟執政資源的主導權。他的風格一直都是「內斂的鷹派」，極度堅持原則、平時不輕易表態，但只要一出手，就是連根拔起。他現在的「不動」，不是缺乏戰鬥力，是在等法律定調與時機成熟。趙曉慧指出，你可能會問，這種「低調沉潛」的戰略真的有用？你看他上任這兩年多，歷經國會被藍白癱瘓、大罷免的拉鋸跟地方攻防，滿意度確實曾經進入膠著低潮。但到了 2026 初，信任度跟滿意度直接回升到45%至48%，再次出現「黃金交叉」。民進黨支持度穩定壓在35%以上，基本盤被激得更緊密。蔣萬安等激進派把聲量頂再高，沒外溢到中間選民也是白搭。趙曉慧說明，賴總統這兩年多默默在做什麼？國防、外交、權力結構的深層布局，台股站上四萬多點、台美貿易談判拿下實質成果，他確保的是「國家元首的格局」不被削弱。那2026期中考跟2028連任，這盤棋要怎麼贏？趙曉慧對此分析，2026藍營在地方派系有先天優勢，賴總統的策略絕不是追求大勝，而是守住南部本命區（台南、高雄），然後精準刺穿北部邊界。只要民進黨拿下新北、彰化或宜蘭其中一塊，破壞藍營「北藍南融」的氣勢，藍營內部立刻會為了「誰該負責」殺成一團。更別提藍白在國會看似合作，到地方選縣市長跟議員，利益衝突大到不行。只要藍白無法整合、出現三腳督，民進黨靠38%至42%的基本盤就能穩穩漁翁得利。平穩過關2026期中考，到了2028，戰局就會從「地方賽局」切換回「國家級賽局」。趙曉慧直言，賴總統的連任勝選公式非常清晰：（1）穩固 40% 綠營鐵票（2）綁定美台國防與經濟（3）坐收藍白分裂的紅利。趙曉慧提到，賴總統唯一的黑天鵝，只有「台灣經濟K型化」，也就是通膨、高房價與缺電危機。趙曉慧也強調，「他根本不需要每個人都愛他，只要把總統的本份做滿，尤其是繁榮經濟，剩下交給藍白的分裂與激進去嚇跑中間選民，這局棋，他就贏了」。    ,https://news.ltn.com.tw/news/politics/breakingnews/5523723
蔣萬安拋倒閣傳是幕僚進言？周軒：這麼聽他的話,政治,2026/07/31 08:51,台北市長蔣萬安、北市府研考會主委殷瑋。（資料照）台北市長蔣萬安近日拋出倒閣議題，引發外界議論。對此，政治工作者周軒引述報導，指出原來蔣萬安最近拋出倒閣是「幕僚進言」，想要早點分位子？這「幕僚」是誰啊？蔣萬安這麼聽他的話？周軒在臉書PO文引述報導「另有曾和蔣萬安共事人士指出，蔣萬安本身並不是主導議題的人，此事是幕僚『進言』，似乎急著想讓蔣萬安成為藍營新共主，想早點分位子，讓他直呼『有點2018年後的韓國瑜味道』。」請繼續往下閱讀...周軒直言，原來蔣萬安最近拋出倒閣是「幕僚進言」，想要早點分位子？這「幕僚」是誰啊？蔣萬安這麼聽他的話？處理兒虐事件都沒那麼積極，還想要「分位子」？有夠噁心。周軒臉書發文。（擷取自臉書）    ,https://news.ltn.com.tw/news/politics/breakingnews/5523747
曾選嘉義市長 「小歐盟」黨召集人林詩涵投入嘉市西區議員選舉,政治,2026/07/31 08:48,小歐盟召集人林詩涵將投入嘉義市西區議員選舉，臉書已換上競選照片。（翻攝林詩涵臉書）嘉義市西區議員選舉再添選將，小民參政歐巴桑聯盟（簡稱小歐盟）黨召集人林詩涵30日在臉書宣布投入今年底嘉義市西區議員選舉，獲時代力量、小民參政歐巴桑聯盟、台灣基進及台灣綠黨共同組成的「台灣前進陣線」支持，8月3日上午10點「台灣前進陣線」將開記者會推薦相挺。「台灣前進陣線」已推薦國中理化老師陳玥妗參選嘉市東區議員，再支持林詩涵參選西區議員，完成嘉義市東、西區布局。請繼續往下閱讀...林詩涵畢業於暨南國際大學社會政策與社會工作學系，與夥伴以友善耕作結合關注環保、性別、新住民、城市等議題創立「翻轉嘉義工作隊」、「島呼冊店」，共同發起嘉義人民民主論壇、嘉義書式生活、嘉義彩虹生活節等活動，2014年曾競選市長，得票2747票。林詩涵昨透過臉書表示，2014年帶著青年參政理念投入嘉義市長選舉，選後持續投入親子教育、兒童人權、閱讀文化、女性參政與政黨工作，12年後再次以青年參政理想投入選舉，「帶著在嘉義參與公共事務所累積的經驗，再一次站出來。這一次，我想和更多嘉義人一起，凝聚我們對家的期待，從人的需求出發，為嘉義市議會帶入新的聲音。」    ,https://news.ltn.com.tw/news/politics/breakingnews/5523742
傅崐萁為何爆粗口？李正皓：是因司法包圍網焦慮,政治,2026/07/31 08:41,國民黨立院總照傅崐萁。（資料照）國民黨立委翁曉玲提案刪除行政院長卓榮泰9至12月薪水約148萬元，行政院秘書長張惇涵昨表態無法接受，國民黨團總召傅崐萁突然大罵「他X的」。對此，名嘴李正皓表示，昨天傅崐萁在立法院協商時為何爆粗口？不是囂張，而是傅崐萁發現司法已經對他的傅氏王朝發起了包圍網，他是焦慮。李正皓在臉書PO文表示，2025/2/27 戰天下遭搜索、2025/3/14 傅崐萁花蓮住家管家房遭搜索、2025/3/25花蓮縣政府民政處遭搜索、2025/5/27花蓮縣文化局遭搜索、2026/5/12花蓮縣教育處遭搜索、2026/6/11花蓮縣副縣長辦公室遭搜索、2026/7/30花蓮縣社會處遭搜索。請繼續往下閱讀...李正皓指出，而且根據媒體報導，此次搜索花蓮縣社會處是由主任檢察官唐仲慶偵指揮法務部調查局花蓮縣調查站、東部地區機動工作站、臺北市調查處、宜蘭縣調查站，持法院核發之搜索票，至花蓮縣政府社會處等7處執行搜索，案由是0206震災善款案遭挪用。李正皓續指，唐仲慶是誰？偵辦柯文哲政治獻金案的前北檢黑金組檢察官。你如果是傅崐萁，聽到這個消息會不會罵髒話？而且根據媒體獨家，檢調盯震災善款案已超過1年時間，已經初步掌握專戶帳目不清總金額高達千萬，且多筆民間善款以迂迴轉手方式匯入及匯出，涉嫌洗錢。李正皓直言，現在傅崐萁周遭人士遭列被告的高達幾十人，傅崐萁有把握這幾十人都會守口如瓶？都不會咬出傅崐萁？傅氏王朝的最終章即將上映。    ,https://news.ltn.com.tw/news/politics/breakingnews/5523731
內政部聲請解散統促黨！杜奕瑾再揭張安樂涉江南案、運毒指控,政治,2026/07/31 08:37,統促黨總裁張安樂。（資料照）內政部將向憲法法庭聲請解散中華統一促進黨，直指統促黨長期涉及系統性、組織性犯罪等。對此，台灣人工智慧實驗室創辦人杜奕瑾表示，統促黨張安樂在江南案中的核心角色是「保王者」，案發後他負責保護竹聯幫幫主陳啟禮公布錄音帶，避免陳啟禮等人被國民黨秘密處決，之後張安樂在2024至2025年間協助中國芬太尼運輸、與走私軍火。杜奕瑾在臉書PO文表示，竹聯黑道扮政黨，奉命殺人、走私毒品軍火，統促黨張安樂在江南案中的核心角色是「保王者」。案發後他負責保護竹聯幫幫主陳啟禮，在美國公開關鍵錄音帶，將一場單純的黑幫謀殺案，定調為台灣政府主導的政治暗殺，進而保住陳啟禮與吳敦的性命。案發前張安樂當時在美國經營餐廳並在史丹佛大學讀書，暗殺行動「鋤奸計畫」時保管關鍵錄音，陳啟禮與吳敦在執行任務後，前往張安樂住處落腳，陳啟禮因擔心回台灣後遭過河拆橋，錄製了一捲「自保錄音帶」交由張安樂保管，內含國防部情報局長汪希苓指派暗殺的證據。請繼續往下閱讀...杜奕瑾指出，陳啟禮、吳敦回台後，台灣政府發動「一清專案」將兩人逮捕，張安樂驚覺政府企圖殺人滅口。美國國會作證，張安樂營救陳啟禮，接受美國FBI與國會調查，並在美國公開該關鍵錄音帶，證實這是一起政治暗殺。錄音帶曝光引發台美外交風暴，台灣政府被迫承認情報局涉案。在美方高度關注與政治壓力下，陳啟禮與吳敦免於被秘密處決，最終被判處無期徒刑（後獲減刑出獄）。張安樂付出的代價遭到美方起訴，張安樂高調與美方談判並在媒體曝光，引起美國政府不滿，隨後被美國警方以違反《反流氓勒索法》（RICO）及販毒罪名起訴。杜奕瑾續指，白狼在2024至2025年間協助中國芬太尼運輸、與走私軍火，美國智庫「政府問責研究所」總裁、保守派作家施威澤（Peter Schweizer）在其著作《血錢》（Blood Money）中，公開指控張安樂與竹聯幫在國際毒品貿易中扮演關鍵角色，指導墨西哥黑幫，書中指控，張安樂及竹聯幫為墨西哥「索諾拉販毒集團」（Sonora Cartel）提供指導，教導他們如何製造強效毒品「芬太尼」（Fentanyl）、封裝成膠囊、提供躲避美國查緝的通訊工具，並協助洗錢，助其成為美國境內的「芬太尼之王」。該指控引述美國政府報告指出，竹聯幫在美國芝加哥、休士頓、加州等各大城市設有複雜網絡，數十年來持續涉入海洛因與槍枝販售。    ,https://news.ltn.com.tw/news/politics/breakingnews/5523728
夏莉絲幼兒園、托嬰中心接連被爆虐童 周軒：蔣市府還在輕輕放下,政治,2026/07/31 07:45,夏莉絲幼兒園爆出虐童，家長昨至幼兒園門口拉白布條抗議。（資料照）台北市私立夏莉絲國際幼兒園虐童案擴大，昨再被爆出相關托嬰中心有3名教保員也有兒虐。周軒質疑，台北市政府對夏莉絲實在是有夠好，目前僅進行行政裁罰或局部停業而已，但先前大安分校已被揭發問題照片，如今托嬰中心又爆發3名托育員涉案，問題早已跨越單一校區，蔣萬安市府還在輕輕放下。周軒在臉書發文引用媒體報導，指北市社會局昨表示，幼兒園案後即主動啟動預防性比對托育人員，兩週內完成約2千多小時影像監看，發現部分托育人員涉有強迫餵食、疏忽照顧幼兒。請繼續往下閱讀...周軒直言，「注意喔，是社會局喔。不是台北市教育局喔。」上一次是「幼兒園」，這一次是「托嬰中心」。為什麼社會局會去看錄影？因為7月8日徐立信議員協調會要求社會局調閱托嬰中心監視畫面。結果一看就發現涉及強迫餵食的是3個人，不是家長得知的1個人。周軒強調，重點來了，台北市政府對夏莉絲實在是有夠好，目前僅進行行政裁罰（如知情不報處罰款6萬元）或局部停業而已，而這個體系旗下涵蓋2家幼兒園、1家托嬰中心及1家補習班共4個機構喔！周軒質疑，明明大安分校已被揭發問題照片，如今托嬰中心又爆發3名托育員涉案，問題早已跨越單一校區，蔣萬安市府還在輕輕放下，這真的太奇怪了！    ,https://news.ltn.com.tw/news/politics/breakingnews/5523712
蔣萬安提倒閣藍白立委不挺？葉耀元：把資源跟權力看得比未來更重要,政治,2026/07/31 07:23,台北市長蔣萬安近日拋出倒閣議題，引發外界議論。（資料照）台北市長蔣萬安近日拋出倒閣議題，引發外界議論。美國聖湯瑪斯大學國際研究講座教授葉耀元提出2點分析，包含不少藍營支持者覺得，再繼續讓鄭麗文亂搞會影響大選，蔣萬安現在表現出企圖心當然會支持。不過藍白立委對此不領情，因為再選一次不僅得花一堆資源、還不一定選得上，尤其白營的8席不分區也可能會團滅。葉耀元在臉書發文指出，廣播節目主持人王淺秋昨公開力挺倒閣，還點名國民黨立委王鴻薇表態；不過王鴻薇坦言，倒閣涉及諸多政治現實，尤其立法院若遭解散，將出現60天空窗期，甚至部分不分區立委可能因此失去立委資格。請繼續往下閱讀...葉耀元對此提出2點分析。其一，為什麼現在蔣萬安提的倒閣這個議題，好像真的燒起來了？因為國民黨內部的中華民國派還有不少藍營支持者覺得，再繼續讓鄭麗文亂搞，國民黨不要說期中選舉會選不好，2028可能也無法重返政權。現在蔣萬安有企圖心願意出來，所以當然好好的給他挺下去。其二，但藍白的立委似乎都不領情？這是廢話，因為他們再選一次又不一定選得上，還得花一堆資源，尤其是白營的8席不分區可能會團滅，所以現任藍白立委基本上根本就不大可能倒閣。葉耀元直言，「我不認為這些把資源跟權力看得比國民黨未來更為重要的國民黨立委，會真的支持倒閣，就這麼簡單而已」。    ,https://news.ltn.com.tw/news/politics/breakingnews/5523709
蔣萬安為何提倒閣？黃暐瀚提3理由：無本生意、有賺無賠,政治,2026/07/31 07:04,從號召725凱道遊行到提出倒閣，台北市長蔣萬安近日接連拋出全國性議題，引發外界熱議。（資料照）從號召725凱道遊行到提出倒閣，台北市長蔣萬安近日接連拋出全國性議題，針對外界熱議蔣萬安為何此時提倒閣，資深媒體人黃暐瀚提出3點理由分析，若是倒閣成功，卓榮泰算是被他拉下來的；若不成案也只能怪白營不敢拚，且若國會真的解散，綠營的選將安排也很麻煩，但對蔣萬安來說這些可說是無本生意，還有賺無賠。黃暐瀚在臉書以「蔣萬安，為什麼提倒閣？」為題發文提出3點理由，包含：1.部分藍委感覺能贏。（大罷免結果與725遊行氣勢，如果倒閣重選，可以和蔣萬安一起選）2.與總統選舉脫鉤。（一對一選舉，總統勝敗與立院結果成正比，脫鉤就不擔心雙輸）3.改制後，縣市長、立委、縣市議員只能「三選一」，往後藍營議員挑戰現任立委，難度更高。請繼續往下閱讀...黃暐瀚表示，蔣萬安第一個說上凱道，也第一個說要倒閣，甚至連倒閣之後誰來接，都幫賴清德選好了陳其邁。狹路相逢勇者勝，掛Turbo的蔣萬安，先拋倒閣，有贏無輸。黃暐瀚分析，若是倒閣成功，卓榮泰算是被他拉下來的；若不成案也只能怪白營不敢拚。第二階段賴總統如果不敢解散國會，那就嘲笑民進黨不敢面對新民意；一旦真的解散，綠營的選將安排，會比藍營更麻煩。（多位現任區域綠委，都要角逐縣市長）黃暐瀚為此形容，無本生意，還有賺無賠，蔣萬安當然衝第一！    ,https://news.ltn.com.tw/news/politics/breakingnews/5523700
內政部聲請解散統促黨 張安樂反嗆：將聲請解散民進黨,政治,2026/07/31 05:30,統促黨總裁「白狼」張安樂昨聲稱，將蒐集資料聲請解散民進黨。（記者陸運鋒攝）內政部長劉世芳昨舉行記者會宣布，統促黨已危害國家安全、社會穩定及選舉公正性，將在八月初向憲法法庭聲請解散統促黨。對此，統促黨總裁「白狼」張安樂受訪時聲稱不擔心，因為這已經是內政部第三次說要解散了，他也要蒐集資料聲請解散民進黨。「內政部第三次說要解散」張安樂表示，內政部要聲請解散統促黨就坦然面對，但統促黨也要提出訴訟，準備蒐集民進黨的資料聲請解散。第一個理由是，民進黨取得人民的信任，拿到政權後還犯罪，不可原諒；第二、政府應該要保護台灣人民生命財產安全，但民進黨把台灣人民推上戰場。請繼續往下閱讀...張安樂指稱，上次內政部說要解散統促黨時，他到內政部去列了民進黨歷年犯罪的名單。他說，統促黨犯罪的比例，跟社會上的比例一樣，但民進黨利用人民的信任取得政權，拿到權力卻犯罪，這是不一樣的，他們才更應該要檢討。張安樂宣稱，最近可能會登廣告，把民進黨犯了什麼罪，該負的責任列出來，包含反滲透法、國安法、共諜案等，打算要「以彼之矛攻彼之盾」，用相同方式要解散民進黨。    ,https://news.ltn.com.tw/news/politics/paper/1764798
林國漳發表交通願景 打造宜蘭黃金十年,政治,2026/07/31 05:30,"迎接宜蘭交通變革關鍵期，民進黨宜蘭縣長參選人林國漳（中）與宜蘭市長參選人韓瑩（右）、羅東鎮長參選人黃適超，共同發表全域交通願景。（記者王峻祺攝）民進黨宜蘭縣長參選人林國漳昨與同黨籍宜蘭市長參選人韓瑩、羅東鎮長參選人黃適超，共同發表「一高二快，東西貫通，南北串聯」交通願景，擘劃黃金十年藍圖。林國漳說，一高即高鐵延伸宜蘭，縣府應嚴謹評估環境影響降低衝擊，在高鐵特定區規劃產業專區，爭取中央研究院進駐宜蘭；二快為台六十二線延伸與蘇花快速道路，國道五號無法通行大貨車，台六十二線若從瑞芳延伸至頭城、礁溪，甚至到蘇澳鎮的龍德與利澤工業區，可有效分流車潮，同步降低企業物流成本。請繼續往下閱讀...接駁系統方面，林國漳盼以五轉、三接補足最後一哩路，烏石港、礁溪、宜蘭、羅東與蘇澳轉運站等五轉，作為交通樞紐，再整合YouBike共享單車、小黃公車及彈性公車等三種接駁，建構順暢公共運輸環境。韓瑩、黃適超也提出「羅東—宜蘭」免費接駁巴士，結合智慧敬老卡推動一卡通行。吳宗憲提打通宜蘭任督二脈交通計畫此外，國民黨宜蘭縣長參選人吳宗憲提出「打通宜蘭任督二脈交通計畫」，力促台六十二線延伸宜蘭，爭取南延到蘇澳（含龍德與利澤工業區），推動宜蘭鐵路高架化、蘭陽溪堤岸共構興建東西向快速道路、台二庚延伸線、冬山交流道，另成立智慧交通治理中心，促使馬路平整、人行道平順。    ",https://news.ltn.com.tw/news/politics/paper/1764769
童子賢︰有地方政府把善款 移到災民看了會搖頭的地方,政治,2026/07/31 05:30,和碩董事長童子賢（記者方韋傑攝）曾遭質疑沒捐款 已公開收據花蓮縣政府社會處前天被檢調搜索，傳與二〇一八年〇二〇六花蓮地震的善款遭檢舉帳目不清有關。曾公開質疑花蓮地震善款運用的和碩董事長童子賢（見圖，記者方韋傑攝）昨回應媒體詢問時表示，「就是會有地方政府把善款移到自己認為講起來很OK，但是從災民來看的話，實在是會搖頭嘆息的地方。」檢調搜索再度引發外界熱議花蓮縣府疑似挪用善款。童子賢說，去年他參與花蓮「精準罷免」行動時所闡述的都是實情，當時曾有人質疑他根本沒有捐款，因此後續也公開捐款收據，那幾年累計捐款超過一億元，其中短時間內就捐出七〇〇〇多萬元。請繼續往下閱讀...童子賢強調，所有捐款人的心聲都一樣，希望善款能夠真正用在受災、受困的民眾身上。去年水災發生後，全國各界再次展現台灣社會的團結與溫暖，踴躍投入救災與捐助，但若有地方政府將善款移作自認合理、卻未符合災民期待的用途，「從災民來看的話，實在是會搖頭嘆息的地方。」童子賢表示，自去年之後，他便沒有再接觸或公開談論相關案件，自己也是前天晚間看到新聞、昨天早上看到更多報導後，才知道縣府遭搜索的消息，「除此之外，我並不知道司法單位在偵辦的事情，我一無所知。」至於先前遭國民黨團總召傅崐萁提告誹謗一事，童子賢表示，司法單位曾找他與律師說明，對造雙方也都如實應訊。    ,https://news.ltn.com.tw/news/politics/paper/1764728
陳其邁暗批蔣萬安： 民眾不期待市長整天講政治題,政治,2026/07/31 05:30,台北市長蔣萬安點名陳其邁接閣揆，陳其邁昨天暗批蔣萬安說，民眾「不期待市長整天講政治題」，而是要把市政做好。（記者葛祐豪攝）台北市長蔣萬安點名陳其邁接閣揆，陳其邁昨天表示，每天「講一些有空無榫的」(台語)，並暗批蔣萬安說，民眾「不期待市長整天講政治題」，而是要把市政做好。桌榮泰酸蔣：盼多向陳學習行政院長卓榮泰昨受訪時表示，倒閣是立法院工作，解散國會為總統職權，台北市長應有其該做的事。卓也說，他要謝謝蔣萬安，在國人面前公開讚揚高雄市長陳其邁，如果說地方首長能在地方把食安工作做好、把關的工作做好，那更值得其他地方的首長來學習，「所以也希望蔣萬安能夠多學習」。請繼續往下閱讀...陳其邁昨表示，市長最重要工作，就是把市政做好，大家最關心食安問題，中央跟地方能共同合作， 一些制度性改革都需要即刻來進行。他也對外界一些傳言表示，「講一些有空無榫的」（台語俗諺，意指不著邊際或注定沒結果的事），不是市民樂見的。他強調，市長就是做市長的功課，「民眾期待市長是在講這些，不期待市長整天講政治題」、「如果在高雄發生這種事情，國民黨市議員像邱于軒他們會放過我嗎？」做實事腳踏實地，把市政做好，「這是我對自己的要求！」    ,https://news.ltn.com.tw/news/politics/paper/1764761
涉犯國安法 嚴重危害國安 統促黨違憲 內政部將聲請解散,政治,2026/07/31 05:30,「白狼」張安樂領導的統促黨涉犯多項「國家安全法」及殺人未遂等罪行，嚴重危害國家安全，內政部將向憲法法庭聲請解散。（資料照）「白狼」張安樂領導的中華統一促進黨涉犯多項「國家安全法」及殺人未遂等罪行，嚴重危害國家安全，內政部長劉世芳昨開記者會預告，八月初將正式向憲法法庭聲請解散統促黨。她並公布統促黨三大罪狀：一、配合中共在台發展組織，協助中共認知作戰、滲透基層，引入中資介入選舉；二、跨境鎮壓、噤聲台灣民主；三、披著政黨外衣，實為犯罪組織。配合中共 劉世芳：統促黨有三大罪狀劉世芳指出，統促黨多名核心成員涉有違反「國家安全法」、「反滲透法」、「台灣地區與大陸地區人民關係條例」、「總統副總統選舉罷免法」、「公職人員選舉罷免法」、「組織犯罪防制條例」及「刑法」等情形，已危害國家安全、社會穩定及選舉公正性，將向憲法法庭聲請解散中華統一促進黨。請繼續往下閱讀...「創黨以來 以消滅中華民國為目標」「統促黨創黨以來，就是以消滅中華民國為目標！」內政部次長馬士元直言，當前中國對台壓力急遽升高，解散統促黨是一個重要指標，若政黨主管機關能處理統促黨，未來面對中國對台各項壓迫，政府也有能力因應處理。「中華民國憲法增修條文」規定，政黨的目的或其行為，不得危害中華民國之存在或自由民主之憲政秩序，有違反者，即屬違憲。內政部根據「政黨法」規定，廣泛蒐集事證後，政黨審議會也已於去年一月二日決議通過，認為該黨之目的及行為，已危害中華民國之存在或對自由民主之憲政秩序。    ,https://news.ltn.com.tw/news/politics/paper/1764709
傅崐萁協商噴髒話「他Ｘ的」 林楚茵籲一人一通電話 打爆傅辦,政治,2026/07/31 05:30,民進黨發言人林楚茵抨擊，國民黨團總召傅崐萁前天協商時爆粗口、辱罵行政團隊，其惡形惡狀就是「國會流氓」，呼籲一人一通電話打爆傅辦和國民黨中央。（資料照）立法院朝野黨團持續協商今年度中央政府總預算案，現場氣氛一度火爆。民進黨發言人林楚茵抨擊，國民黨團總召傅崐萁前天協商時爆粗口、辱罵行政團隊，其惡形惡狀就是「國會流氓」，呼籲一人一通電話打爆傅辦和國民黨中央，「讓國民黨徒正視自己只是膨風的虛假民意、真正的中共小弟。」批傅惡形惡狀就是「國會流氓」立法院朝野黨團廿九日協商總預算案，討論行政院約用人員酬金刪減案時，傅崐萁當場飆罵髒話「他Ｘ的」，並拍桌嗆民進黨立委李柏毅是「臭俗仔」，藍綠雙方爆發激烈口角，導致協商喊卡。請繼續往下閱讀...關於事發經過，林楚茵表示，國民黨立委翁曉玲提案凍結行政院長卓榮泰及相關人員法定薪資，行政院秘書長張惇涵當時對此提出說明，傅崐萁卻爆粗口、持續辱罵，將朝野協商變成叫罵現場。國會是人民監督政府的重要殿堂，不是傅逞兇鬥狠的地方，身為最大在野黨總召出口成髒、毫無高度，更玷汙國會殿堂。林楚茵說，行政院院本部預算，扣除法定支出、人事費及設備投資後，真正可運用的業務費僅約三．六億元，國民黨立委提出的刪減及凍結金額卻高達七．六億元，連可運用的業務費都超額刪凍，擺明是要刪到負數，讓行政院完全不能做事。林楚茵進一步指出，國民黨團還修改提案，將「無人載具產業發展統籌型計畫」的年度預算，由凍結改為全數刪除，不分軍用、民用無人載具一律砍光，擺明不支持台灣的無人機產業。藍白兩黨的所作所為根本與監督無關，無非是藉由預算審查之名，行癱瘓政府、打擊產業之實。張惇涵昨受訪表示，無論是哪一政黨的政治人物，都應受到社會民意的監督與公評，社會自有公論。自己是代表行政團隊來立法院備詢，中央政府總預算比較重要，他不便就立法院的議場或議事的運作發言，尊重院長韓國瑜。針對行政院預算問題，張惇涵說，朝野政黨對行政院本部預算共提出一〇二案，其中刪除加總為四．三億元、凍結加總為三．三億元，合計刪凍七．六億元。但行政院今年度業務費預算只有三．四億元，確實會影響行政院的基本運作。無論朝野立場與政治攻防為何，各部會基本運作以及基層員工應有待遇，大家都應該理性討論。    ,https://news.ltn.com.tw/news/politics/paper/1764762
內政部公務員上月赴中 遭3度盤查 留置6~7小時,政治,2026/07/31 05:30,陸委會發言人梁文傑昨表示，一名內政部基層人員六月前往福建，被中共國安單位盤問三次，時間加總長達六至七小時。（記者陳鈺馥攝）今年已402人赴中失聯國人赴中失聯、遭留置盤查或關押案件，自二〇二四年至今年七月廿二日為止，累計共四〇二人。陸委會昨日公布一起最新案例，一名內政部轄下三級機關公務人員，今年六月前往中國福建，竟遭中共國安單位先後帶走盤問三次，留置盤查時間長達六至七小時。陸委會發言人梁文傑在例行記者會表示，今年六月一名內政部下屬機關的基層人員前往福建，被中共國安單位盤問三次，從住處被帶到第三地，盤查時間加總六至七小時，中方有查看手機、詢問工作狀況，打聽機關同仁和內部流程等。請繼續往下閱讀...梁文傑指出，該名公務員所屬單位是內政部下的三級機關，會被盤問三次，乃因第一次盤問後，中方覺得不滿意、盤問不夠，到住處把人帶走，後來又帶走一次，此事顯示中方確實對我公務人員有一定掌握和了解。每一件都是公務員親身經歷回報的，不要以為是基層公務員赴中就沒事。另外，有關國民黨立委謝龍介披露，民進黨中央高級幹部的親屬赴中後失蹤。梁文傑說，此案家屬沒有向海基會或陸委會陳情，陸委會尊重家屬意願並持續關注。謝龍介前兩天曾發公函詢問有無此案，但陸委會從未接受非家屬詢問個案，不會向任何人透露，謝龍介指控陸委會「蓋牌」，與事實不符。台南坊間盛傳民進黨中執委謝舒凡的姊姊赴中後失蹤，目前被關進深圳羅湖監獄。梁文傑對此表示，沒辦法透露個資，只能說陸委會大概瞭解該案，很多家屬想用自己的方式處理，陸委會尊重家屬意願。有媒體質疑陸委會「僅關注不介入」，梁文傑回應，很多被中國拘留的案子，家屬會心生恐懼，覺得透過台灣政府處理，反而會讓對岸加重迫害，這沒有辦法強求，不能說政府或陸委會想幫助，卻讓家屬產生抱怨，政府不會做這樣的事。梁文傑強調，中共要台灣承認九二共識，要求承認台灣是中國一部分、北京是中國唯一的合法政府，我方是不可能承認的。因為這些前提，中共就不執行很多兩岸既有協議，這不是我方的問題，問題的根源還是對岸堅持政治前提。    ,https://news.ltn.com.tw/news/politics/paper/1764731
台美城市產業媒合 蔣萬安、谷立言同台,政治,2026/07/31 05:30,"台北市長蔣萬安（中）昨出席「台美城市產業商機媒合會」，與美國在台協會（AIT）處長谷立言（左）同台。（記者羅沛德攝）民進黨台北市長參選人沈伯洋訪美回國，昨舉辦記者會分享成果，台北市長蔣萬安則安排市政行程出席「台美城市產業商機媒合會」，與美國在台協會（AIT）處長谷立言同台，兩人互動頻繁。（記者甘孟霖）    ",https://news.ltn.com.tw/news/politics/paper/1764764
聲請解散統促黨 學者：防禦性民主,政治,2026/07/31 05:30,內政部聲請解散統促黨三大理由及罪狀綠委支持切除國安毒瘤 藍委質疑挑起統獨議題內政部昨日宣布，將向憲法法庭聲請解散統促黨。對此，學者指出，內政部此次啟動「防禦性民主」，直接切斷中國在台協力者的執行體系，防止中國持續透過在地組織介入台灣民主運作，下一步應藉此機會建立境外勢力代理人的管理制度，完善法律工具與跨機關合作機制。請繼續往下閱讀...台北海洋科技大學助理教授吳瑟致表示，當有政黨配合中共進行統戰、要消滅中華民國、摧毀憲政體制時，內政部聲請解散統促黨，是從動用「防禦性民主」的邏輯出發。切斷中國在台協力者執行體系吳瑟致指出，中共後續必然會為民進黨政府貼上「威權專制」、「阻撓政黨發展」等標籤，但專制體制的中國抨擊台灣的防禦性民主作為，顯然會令人啼笑皆非，台灣應當藉此逐步凸顯台灣的民主韌性，提高中共對台統戰成本。東海大學陸研中心副執行長洪浦釗則說，統促黨涉及發展組織、介入選舉、跨境鎮壓及組織犯罪，內政部此次出手，直接切斷中國在台協力者的執行體系，防止中國持續透過在地組織介入台灣民主運作。應建立境外勢力代理人管理制度洪浦釗強調，解散統促黨只是第一步，政府應藉此機會建立境外勢力代理人的管理制度，強化資金流向、組織運作、境外聯繫及人員往來等風險監管，完善法律工具與跨機關合作機制。從制度面壓縮中國在台協力網絡的生存空間，才能降低中國介入台灣民主運作的風險。對於內政部聲請解散統促黨，民進黨立委郭昱晴表示贊同。她表示，期待憲法法庭能依據具體事證，做出公正裁決；只有果斷切除國安毒瘤，才能真正保護台灣兩千三百萬人的生活方式。國民黨立委廖先翔則表示，一切尊重法律，同時也請執政黨執法一致標準，任何意圖消滅中華民國的政黨也請一併聲請解散，不要雙標。他質疑，每次民進黨聲勢下滑就會開始挑起統獨議題或者執行死刑，企圖轉移執政不力的社會焦點。內政部昨日宣布，將向憲法法庭聲請解散統促黨。對此，學者指出，內政部此次啟動「防禦性民主」，直接切斷中國在台協力者的執行體系。圖為統促黨高舉五星旗遊行。（資料照）    ,https://news.ltn.com.tw/news/politics/paper/1764797
地震善款帳目不清 花蓮社會處長40萬交保,政治,2026/07/31 05:30,花蓮地檢署偵辦0206善款侵占案，花蓮縣社會處長陳加富訊後以40萬元交保。（記者王錦義攝）莊姓公務員5萬7千元交保花蓮地檢署偵辦花蓮縣政府社會處〇二〇六善款涉嫌侵占、洗錢案，前天搜索花蓮縣政府社會處，並帶回處長陳加富等六人。陳加富偵訊後昨天凌晨以四十萬元交保、限制住居，莊姓公務員以五萬七千元交保，其餘四人請回。花縣府質疑舊案新 檢方︰證據到哪裡辦到哪 無政治考量請繼續往下閱讀...為此花蓮縣政府昨天半夜還發聲明質疑「舊案新辦」是政治鬥爭。檢方強調，辦案都是依據證據到哪裡就辦到哪裡，沒有政治考量。花蓮縣政府社會處處理善款遭檢舉帳目不清，檢調人員以《貪污治罪條例》中的侵占罪及洗錢防制法進行偵辦。據了解，檢調人員懷疑當年〇二〇六及〇九一八善款中，有少數部份金額被先行支用，事後才補作帳，帳目混亂不清，檢調人員依帳目進行金流追蹤及交叉比對，也傳喚當時相關承辦人員釐清金錢流向。據了解，〇二〇六地震後花蓮接到廿七億各界捐款，檢調懷疑在善款委員會尚未成立前，社會處長被「高層」要求，疑在未取得善款委員會同意下先挪用一百萬元、發放急難救助金給災民，事後再作帳回去；另外，檢方也發現專戶帳目不清金額高達千萬，且多筆民間善款以迂迴轉手方式匯入及匯出，意圖製造金流斷點，涉嫌洗錢。檢調多次向縣府調閱資料遭拒據悉，檢調偵辦〇二〇六震災善款案一年多來，多次向縣府調閱資料被拒，前天認為證據與時機已成熟，持搜索票前往縣府社會處搜索，同步向財政處、民政處調閱震災善款相關公文，並帶回陳加富、莊姓公務員，以及一名約用社工員、一名前約用人員及二名民間人士。和碩董事長童子賢去年「罷傅」時曾爆料，〇二〇六震災時曾捐給花蓮縣府五千多萬元，質疑花蓮縣府沒有合理分配應用善款，遭立法院國民黨團總召傅崐萁駁斥「無這筆款項」，並按鈴控告對方加重誹謗，檢方也因此剪報分案偵辦。〇二〇六地震收到的二十七億元，到二〇二二年仍有近十億未用完。據了解，當時就請縣內各公務單位擬定計畫向善款委員會申請進行公共建設修繕工程，意圖用完善款，遭媒體踢爆後，各單位紛紛收回計畫。花縣議會民進黨團揭露，善款至少有七．二億遭縣府用於公共建設，而非直接用在協助受災戶上，但縣府當時強調一切經過善款委員會同意，合法使用。前議員莊枝財曾踢爆當年縣府舉辦「地震後感恩餐會」，用遊覽車動員全縣村里民參加，席開三百桌，質疑傅崐萁想用善款幫當時參選縣長的徐榛蔚造勢；遭曝光後縣府改用公務預算辦理，徐榛蔚也未出席。結果事後遭監察院查出，震災感恩餐會及震災紀實文宣裝封及寄送等多項採購案近一千萬元，竟以身心障礙福利、廢棄物處理及防疫業務費支出，違反採購程序及預算流用遭糾正。    ,https://news.ltn.com.tw/news/politics/paper/1764727
游盈隆笑回：機會只比天塌下大一點,政治,2026/07/31 05:30,中選會主委游盈龍（前排左）認為國會改選只比天塌下來機會多一點，台中市長盧秀燕（前排右）則說要女媧補天。（記者歐素美攝）中央選委會主委游盈隆昨天下午到台中市選委會巡視，媒體詢問他對台中市盧秀燕提出若倒閣成功、國會改選，應與年底地方選舉合併舉行的看法。游盈隆表示，這是一個想像力非常豐富的狀況，倒閣就像經常擔心天會塌下來，但天塌下來的機會很小，解散國會這件事情大概比天塌下來的機會大一點，若真發生，「蠻恐怖的」，他會全力以赴。游盈隆昨天下午到台中市選委會，訪視地方選舉籌備工作。他隨後也轉往台中市府拜會盧秀燕，感謝市府大力支持選務人員的招募工作。盧秀燕則表示，年底選舉也許會有公投，甚至國會改選三合一，選務複雜前所未見，希望向主委請教要做哪些準備。請繼續往下閱讀...盧秀燕隨後話鋒一轉，針對游盈隆稍早表示「國會改選機會比天塌下來多一點」回應說，她是六都唯一的女市長，有女媧補天的決心跟能力，如果真的國會改選，台中市府會拿出女媧補天的決心跟能力，全力以赴，把選務工作辦好。游盈隆隨即指出，他是開玩笑，或是不改讀書人的毛病「實話實說」，完全沒有不好的意思。但他要補充一點，如果國會投不信任票，同時成功的通過門檻、倒閣成功，然後總統解散國會，就必須在六十天內重新改選，這是從來沒發生過的事情，盧說若國會改選要與地方選舉合併舉行，這是了不起的洞見，因為只有這個選擇，沒有其他選擇，但比較辛苦的就是選委會，選務單位依法行政，如果有任務交給選委會，選委會也會全力以赴。    ,https://news.ltn.com.tw/news/politics/paper/1764759
倒閣若成功 盧秀燕拋年底合併選舉,政治,2026/07/31 05:30,中選會主委游盈龍（前排左）認為國會改選只比天塌下來機會多一點，台中市長盧秀燕（前排右）則說要女媧補天。（記者歐素美攝）史上首次中央跟地方選舉合併 「這樣比較妥當」台北市長蔣萬安拋支持在野黨立委提案「倒閣」，日前才表示可以討論的台中市長盧秀燕昨進一步表態，如果倒閣成功也解散國會的話，勢必要舉行國會大選，「我希望到時候合併選舉」，以免勞民傷財，到時候可能出現史上第一次中央選舉跟地方選舉合併辦理。請繼續往下閱讀...中聯致癌油風暴後，蔣萬安喊不排斥透過「倒閣」，要求行政院長卓榮泰為毒油案遲未給出真相承擔政治責任，盧秀燕日前說，雖然倒閣是國會議員的職權，「不過我覺得可以討論」。中選會主委游盈隆昨下午到台中市選委會訪視，並排定拜訪盧秀燕。盧秀燕表示，因為年底有大選，可能是為了選務以及公投的事宜來訪，因為台中市選票超過全國十分之一，是大城市，選務非常的重要，也是游盈隆來訪的原因。被問及若倒閣成功、國會改選的話，會希望與年底選舉合併嗎？盧秀燕直接表態說，若倒閣成功也解散國會，按照憲法的期程年底勢必要舉行國會大選，屆時就不只是地方選舉，因為今年底本來要舉辦九合一地方選舉，「我希望到時候是合併選舉」，如果分散選舉，時間這麼近，分兩次投票的話，勞民傷財，非民眾希望，屆時可能發生史上第一次中央選舉跟地方選舉合併，「這樣比較妥當」。蔣：國會若改選 將成總統期中考對於盧秀燕的說法，蔣萬安昨重申，必須國民黨團討論凝聚共識，加上民眾黨團支持，才有可能討論下一步；而不信任案如通過，後續立委選舉也就會成為總統任期當中的「期中選舉」，可以加大國會對總統的監督力量。    ,https://news.ltn.com.tw/news/politics/paper/1764758
李四川提青創貸款額度提高至500萬 蘇巧慧：應建立微創一條龍加速器,政治,2026/07/31 05:30,"國民黨新北市長參選人李四川（右三）昨提青年政策。（記者翁聿煌攝）國民黨新北市長參選人李四川昨天前往新莊參訪青年創業店家，並發表青年政策，將提高現行青年創業貸款最高額度，由兩百萬元提高至五百萬元。民進黨市長參選人蘇巧慧則說，他四月就提出了青年政見，就包括提供創業資金，一般青農的免息額度由二百萬提高至五百萬，專業青農調升至一千萬，並建立「微型創業一條龍加速器」，她的政策面面俱到。李四川昨天提出的青年政策，除了提高貸款額度外，還包括放寬申請資格，負責人或團隊任一成員符合設籍新北及已成年，就可提出申請。請繼續往下閱讀...同時強化信用保證，降低貸款門檻，建立更完善的政府信用保證與風險分攤制度；創業導師全程陪跑，提高創業成功率，導入創業顧問與導師制度，提高青年創業成功率。蘇巧慧則說，她四月就已提出「青年政見」，除了提供創業資金額度提高外，並建立「微型創業一條龍加速器」，針對熱門行業提供品牌定位、成本管理、社群行銷的套裝式課程，引進「職涯導師制」；補助微型企業引進智慧物流、定位系統等數位工具；將利用閒置空間與公辦都更回饋空間，補助修繕並增設數位設施，轉化為青創空間或「數位游牧基地」。此外，在軟實力方面，她持續與作家、ACGN、潛水員等各領域青年朋友見面，討論新北的文化產業發展，也與漁村青年等討論漁業和觀光的永續發展，她的政見更為周全。民進黨新北市長參選人蘇巧慧（左二）說，她四月就提出青年政見。（蘇巧慧競辦提供）    ",https://news.ltn.com.tw/news/politics/paper/1764771
141黨員涉殺人未遂、毒品近百案 刑事局：統促黨實為犯罪組織,政治,2026/07/31 05:30,內政部聲請解散統促黨三大理由及罪狀配合中共滲透三大理由 聲請解散內政部長劉世芳昨召開記者會宣布，八月初將向憲法法庭聲請解散中華統一促進黨。內政部及刑事警察局羅列統促黨多項罪證，包括賄選、跨境鎮壓、配合中共統戰等，自二〇一〇年迄今有一四一名統促黨員涉犯殺人未遂、毒品等共九十八起組織犯罪案件，直指統促黨實為「披著政黨外衣的犯罪組織」。內政部聲請解散統促黨的三大理由包括：一、在台發展組織，吸收中配，引介現、退役軍人赴中發展間諜網絡，引入中資介選，至少滲透七個縣市共十五間宮廟；二、跨境鎮壓、噤聲台灣民主；三，多名黨員長期從事組織犯罪。請繼續往下閱讀...高喊兩岸統一 公開宣傳陣前起義內政部民政司長鄭英弘說明，統促黨二〇二一年宣稱要在台建立「紅色隊伍」，揚言兩岸開戰前「陣前起義」；隔年受中共指示結合青幫、洪門及退伍軍人拓展基層；二〇一七、二〇一九年十月一日統促黨分別在台北車站跟國父紀念館廣場，慶祝中共國慶，高喊「兩岸統一」。鄭英弘續指，統促黨幹部也涉及多項賄選案，包含買票、招待選民金廈旅遊、收受中共七四〇〇萬元資助利用廣播影響選情、副主席以每份三百元收購總統連署書被判刑兩年等。執行多起跨境鎮壓 破壞台灣民主在跨境鎮壓方面，鄭英弘補充，統促黨成員曾犯下七項案件，包含機場包圍黃之鋒案、二二八紀念日對獨派團體施暴、毆打警員案、砍斷八田與一塑像頭部、台大「中國新歌聲」濺血事件、對香港藝人何韻詩潑紅漆、接受中國指示收集法輪功的幹部名單、原中國籍統促黨員以結婚為由來台監控民團等。陸委會發言人梁文傑昨日也補充，香港銅鑼灣書店老闆林榮基被跨境鎮壓也和統促黨有關。就組織犯罪上，刑事局長邱紹洲透露，自二〇一〇年起迄今有一四一名統促黨員涉犯殺人未遂、恐嚇取財、妨害自由、傷害、毒品等共九十八起組織犯罪案件。核心幹部犯案總共卅二人，重複犯案兩次以上者有十人，比例高達三成。若變形重生 劉世芳：人團法處理若統促黨被憲法法庭宣判解散又另起爐灶，該如何防範？鄭英弘表示，依「政黨法」規定，自判決生效日起停止一切活動，並不得成立目的相同的代替組織，也不得以同一政黨名稱或簡稱，設立政黨或從事活動；劉世芳補充，如果統促黨「變形」成另一團體或組織，將回歸「人民團體法」處理。實際參與內政部政黨審議委員會運作的人士昨向本報透露，統促黨三番兩次打人，帶有政治目的，已經踩到國安紅線，上一屆委員會就有意處理，不過有些委員較保守；到了這一屆，去年一月就動用表決方式通過。內政部長劉世芳昨主持「聲請中華統一促進黨違憲解散」記者會，並提出聲請解散統促黨的三大理由。 圖左起內政部次長馬士元、劉世芳、警政署長張榮興。（記者劉信德攝）統促黨曾公開慶祝中共國慶，高喊「兩岸統一」。圖為統促黨高舉五星旗遊行。（資料照）統促黨宣稱要在台建立「紅色隊伍」，揚言兩岸開戰前「陣前起義」。圖為統促黨總裁「白狼」張安樂。（資料照）    ,https://news.ltn.com.tw/news/politics/paper/1764796
總統接見 薛瑞福：協助台灣 因應中國施壓,政治,2026/07/31 05:30,印太安全研究所主席薛瑞福昨會見賴總統時表示，此行希望了解如何成為台灣更好的夥伴，協助因應中國持續對台施壓等挑戰。（總統府提供）總統賴清德昨接見「印太安全研究所」（IIPS）主席薛瑞福所率訪團時表示，面對中國日益頻繁的脅迫與侵擾，台灣正強化不對稱戰力，推動特別預算建立無人機攻防體系；薛瑞福則回應，此行希望了解如何成為台灣更好的夥伴，協助因應中國持續對台施壓等相關挑戰，並持續深化台灣國防安全等各項合作。賴︰與美國防合作 共同研發生產賴清德表示，中國在這個月實施「跨國鎮壓」專法，以及試射洲際飛彈，嚴重影響國際人權及區域的和平穩定；面對中國日益頻繁的脅迫與侵擾，台灣深知「和平必須靠實力」，大力推動國防改革、強化不對稱戰力，並提升全社會防衛韌性。為持續提升自我防衛能力，政府積極提出國防特別預算，也繼續推動採購無人載具的特別預算，要建立無人機攻防體系，感謝薛瑞福抵台即接受媒體採訪，向台灣社會說明建立自主無人機體系的必要性。請繼續往下閱讀...賴清德說，台灣十分期待與美國持續強化國防合作，從軍事採購邁向共同研發、共同生產的夥伴關係，為國際的和平穩定貢獻更大力量。台美今年初簽署「台美投資備忘錄」、「台美對等貿易協定」和「矽盛世宣言及台美經濟安全合作聯合聲明」，更加提升經貿夥伴關係，雙方將在互惠、對等的基礎上，降低貿易障礙，確保高科技供應鏈的韌性。薛瑞福表示，此行見證台灣經濟更加強勁、美台貿易關係更加穩固且更具韌性，台灣的國防及海巡力量也持續提升，更足以因應當前所面臨的挑戰，薛瑞福接著說，儘管如此，中國仍然持續對台施加壓力，包括軍事恫嚇、脅迫及日益加劇的法律戰，企圖持續壓縮台灣空間，訪團此行希望了解如何成為台灣更好的夥伴，協助因應相關挑戰，並持續深化台灣經濟、台美貿易關係及台灣國防安全等各項合作。副總統蕭美琴和立法院長韓國瑜昨也分別接見薛瑞福訪團。    ,https://news.ltn.com.tw/news/politics/paper/1764730
俏麗女軍官為爸爸掛階 新科中將邱之峯 全場「嬌」點,政治,2026/07/31 05:30,特戰軍官邱之峯晉任為陸軍中將，由女兒丶現任國軍台中總醫院中尉護理官邱子芊為其授階。（陸軍提供）特戰軍官邱之峯升任為陸軍花東防衛指揮部指揮官，同時晉任為陸軍中將，晉任典禮是由他的女兒丶現任國軍台中總醫院中尉護理官邱子芊為其授階，成了全場「嬌」點。邱子芊外形青春俏麗，為老爸掛階時，邱之峯臉上滿滿的自豪與喜悅。邱子芊還在個人社群上寫著：「恭喜我的超人老爸榮升中將！你負責保衛國家，我負責守護邱媽」。    ,https://news.ltn.com.tw/news/politics/paper/1764710
外交部反制摩洛哥 暫停受理來台簽證申請,政治,2026/07/31 05:30,（資料照）摩洛哥駐日本大使館七月廿三日通知我國旅行業者，暫停受理我國人申請赴摩國的「簽證確認函」（Visa Confirmation Letter，VCL）。外交部昨宣布，經查證確認摩洛哥政府已訓令其全球使領館暫停受理相關申請作業，基於對等原則，除經專案核准，自七月三十日起暫停受理摩洛哥籍人士來台的簽證申請。外交部表示，摩洛哥政府雖然已經暫停受理國人申請簽證確認函，但七月二十日前已獲發摩國簽證確認函的國人，依規定仍可於有效期限內，持憑入境從事商旅活動。請繼續往下閱讀...外交部指出，目前國人無法申請摩洛哥電子簽證，預計前往當地短期商旅僅能向摩洛哥大使館申請「簽證確認函」，摩國政府驟然採取停發措施，已對國人赴該國商旅造成障礙，並影響兩國雙邊交流。外交部表示，基於雙邊交流的對等原則，外交部宣布自七月三十日起，除經專案核准外，暫停受理摩洛哥籍人士來台的簽證申請；同時呼籲摩洛哥政府，應正視及維持兩國人民商旅互訪便利，早日恢復雙邊正常民間交流。外交部表示，將密切關注摩洛哥政府對我國簽證措施的後續發展，並相應滾動調整摩洛哥籍人士來台簽證措施。    ,https://news.ltn.com.tw/news/politics/paper/1764732
藍白談條件推動倒閣？ 沈伯洋：蔣萬安目標是國會改選,政治,2026/07/31 05:30,民進黨台北市長參選人沈伯洋昨天直指，蔣萬安提倒閣根本是虛晃一招，關鍵目的在於解散國會與重新選舉。（記者張嘉明攝）台北市長蔣萬安近日主張倒閣議題，並傳出國民黨研議禮讓五席不分區立委席次給民眾黨，以換取後續合作。民進黨台北市長參選人沈伯洋昨天直指，最近台北市政問題頻傳，蔣萬安提倒閣根本是虛晃一招，關鍵目的在於解散國會與重新選舉，難道是承認藍白多數亂搞的立法院運作糟糕。等於承認藍白多數亂搞國會針對蔣萬安近期頻將議題上升至中央國政、喊出倒閣一事，沈伯洋受訪回應，倒閣戰場雖在全國，但台北市政的考卷畢竟還是在台北，若要競選台北市長應先關心台北市政，尤其近期包含淹水、兒虐、狼師，以及預算浪費與樹木遭濫砍等市政問題繁多。請繼續往下閱讀...對於被批評忙著「越級考試」，蔣萬安昨受訪回應說，食安是所有市民都關心的議題，食安就是市政，沈身為立委，也該好好關心食安議題，在立院好好質詢監督衛福部、食藥署，為人民健康跟食安發聲。沈伯洋昨對蔣萬安主張倒閣分析說，「倒閣其實是虛晃一招！」倒閣最終結果為解散國會與立委改選，由於解散國會無法主動發起，必須透過倒閣程序，蔣萬安頻繁測試此議題，重點在於推動國會重新選舉。沈伯洋說，有民調顯示民眾對立法院不滿意度高達六成，立委改選本應在二〇二八年，為何一定要在今年發動倒閣與解散國會？難道是承認藍白多數的立法院做得很爛？呼籲蔣萬安應好好與自家立委溝通、把工作做好，而非喊著要重新選舉。與會的民進黨政策會執行長吳思瑤批評，蔣萬安不談市政卻砲轟中央，背後具有四個目的，首先是轉移市政不利的焦點；第二是操作藍綠對立，企圖藉由台北市國民黨結構優勢「躺著選」；第三是搶奪政治話語權，與韓國瑜、盧秀燕、鄭麗文等人進行黨內權力競逐；最後則是為了二〇二八年大位，持續墊高自己。吳思瑤並質疑，蔣萬安近期不斷消費高雄市長陳其邁，無論是捧、是罵都是在「蹭」，因為蔣沒有權力代表總統任命閣揆，也沒有資格指定閣揆繼任人選。她評估，國民黨內部對倒閣意見分歧，遊說藍白合發動倒閣純屬政治動作，完全沒有正當性。有關藍營對倒閣的態度，國民黨立委王鴻薇昨受訪時表示，中部以北的區域立委，大多數會支持倒閣，不過黨團意見還不一致，尤其有些不分區投身縣市長選戰，不能再被提名為立委，其他的現任不分區也不一定會被提名，因為換了黨主席，所以還有變數。她強調，倒閣成功關鍵在於民眾黨必須支持，若提倒閣須為國眾兩黨共識。    ,https://news.ltn.com.tw/news/politics/paper/1764760
基隆青年電動機車補助喊停 審計室要求檢討,政治,2026/07/31 05:30,基隆公益青年就業電動機車補助今年起喊停，審計室指基隆市電動機車財務未妥善規劃，要求檢討。（資料照，記者盧賢秀攝）原規劃4年補助5萬輛 但僅核發2.1萬輛 不到原規劃的一半基隆市長謝國樑重要政見「公益青年就業電動機車補助案」，今年起喊停。審計報告指原規劃四年補助五萬輛、總經費廿七．五億元，僅核發二萬一千餘輛，還不到原規劃的一半就喊停，基隆市審計室已請基隆市政府檢討未衡酌財政狀況妥善規劃預算、換電站不足的問題。市長謝國樑則表示，他尊重審計部的看法，但是他覺得審計部沒有理解真正問題的源頭。請繼續往下閱讀...指市府未衡酌未來的財政狀況基隆市政府自二〇二三年開始推動青年電動機車補助案，當時規劃分四年編列預算補助五萬輛電動機車。這項「公益青年就業電動機車」補助，有補助四萬元及電資費（限三款）、補助六萬元（不限款），曾遭外界質疑「大撒幣」。但累計核銷補助電動機車的數量只有二萬一千多輛，基隆審計室認為，市府規劃這項補助計畫時，就沒有衡酌未來的財政狀況，並籌謀所需的預算，此外還存在換電站嚴重不足的問題。謝國樑指中央該給70幾億 還沒到帳謝國樑則表示，中央財政劃分法修正案通過後，基隆市政府該有的七十幾億元根本沒有到帳，基隆市政府每年兩百億元預算，少了七十幾億元，影響多少公共建設跟社會福利，他尊重審計部的看法，但是他覺得審計部並沒有理解，真正問題的源頭，中央該給的錢不給，原先地方補助款中央又減少。議員批謝國樑政見跳票 卻賴給中央民進黨基隆市議員鄭文婷批評說，謝國樑根本就是政見跳票，卻賴給中央，逃避自己施政無能。根據審計室所做的審計報告二〇二五年度決算，當時市府舉債四十億還債五十億元，可見市政府還有多餘的資金可以還債，這跟財政收支劃分法的七十億元，根本應該毫無關係。    ,https://news.ltn.com.tw/news/politics/paper/1764770
美眾議員金映玉率團訪台 AIT：美致力強化對台夥伴關係,政治,2026/07/31 05:30,美國聯邦眾議員金映玉（取自AIT臉書）美國在台協會（AIT）昨指出，美國聯邦眾議員金映玉（Young Kim）自七月三十日至八月一日率團訪問台灣，代表團將與台灣高層領袖會談討論美台關係、區域安全等議題，此行凸顯美國正致力強化與台灣的夥伴關係，並再次確認了美台對強化自由開放的印太地區的共同承諾。AIT說，金映玉此訪問行程為眾議員出訪印太地區的一環。代表團同行眾議員包括蘇布拉馬尼亞姆（Suhas Subramanyam）、克勞德（Michael Cloud）及芬斯特拉（Randy Feenstra）。請繼續往下閱讀...將與我高層討論區域安全、貿易投資AIT表示，代表團將與台灣高層領袖進行一系列會談，討論美台關係、區域安全、貿易與投資，以及其他與雙方利益相關的重要議題。代表團此行凸顯美國正致力強化與台灣的夥伴關係，並再次確認了美台對強化自由開放的印太地區的共同承諾。外交部也表示，訪團在台期間將晉見總統賴清德及我國政府高層，並由外交部長林佳龍設宴款待，就台美經貿關係與區域安全情勢等議題交換意見。外交部︰金映玉積極推動友台法案外交部指出，金映玉長期關注印太安全及促進台美夥伴關係，更在美國國會積極推動各項友台法案，包括「不歧視台灣法案」，以及領銜提出「嚇阻中國侵略台灣法案」與「反制中國錯誤詮釋聯大第二七五八號決議案」等，是我國在美國國會最堅定的友人之一。外交部將持續強化美國國會對台灣的支持，並深化台美在各領域的合作。    ,https://news.ltn.com.tw/news/politics/paper/1764729
委員會「放鳥」全場百位官員 吳思瑤轟國民黨召委演鬧劇,政治,2026/07/31 05:30,立院教育及文化委員會昨審查「電子競技運動發展基本法草案」，但朝野爆發激烈口角，國民黨召委羅廷瑋宣布休息後就神隱逾二小時。民進黨立委吳思瑤等人在主席台前舉牌，抗議羅放鳥十三個部會官員與民進黨七位委員。（圖：取自吳思瑤臉書）立法院教育及文化委員會昨續審「電子競技運動發展基本法草案」，但朝野對是否制定基本法意見分歧。國民黨召委羅廷瑋宣布進入程序發言後，卻演變成一小時程序攻防，朝野爆發激烈口角，會議一度癱瘓停擺，運動部長李洋甚至被迫站立旁觀近十分鐘，神情尷尬。民進黨立委吳思瑤怒批，羅「放鳥」全場百位官員，不讓李洋發言，執意強推自己版本，自顧自講五十三分鐘。電競基本法審查 朝野爆激烈口角教文會審查「電子競技運動發展基本法草案」，民進黨立委陳培瑜與羅廷瑋就程序問題發言爭鋒相對，讓李洋只能一臉尷尬無奈，無法上台報告，持續站在旁邊近十分鐘。請繼續往下閱讀...議事從上午九點十五分吵到十點五十分，羅廷瑋宣布休息後一度消失逾二小時，到下午一點卅分左右才開始繼續審查。吳思瑤怒批，羅廷瑋為了強推他的「電競基本法」，自顧自講了五十三分鐘，「主席跋扈」，不讓李洋和全場十二個部會列席官員發言。「羅廷瑋也不讓民進黨立委發言，我要求程序發言及議案的廣泛討論，羅廷瑋都不准」。吳思瑤也說，然後羅就落跑神隱。從十點五十分宣布休息就不見人，放全場上百位官員在會議室乾等，民進黨委員也都在場等開會，而國民黨立委沒半人在場。她直言，只要民進黨在場人多，羅廷瑋就不進場主持，讓綠營綁架在這裡？沒看過這種惡質召委。對於被晾在旁邊，李洋受訪回應，在委員意見還沒明確時，他先選擇站著等待委員們確定。談及法案立場，李洋表示，基本法位階較高，建議變成發展法，運動部不支持任何基本法或是專法。針對民進黨指控讓李洋罰站，羅廷瑋回應，現場影像證明是民進黨立委反對其坐下，更持續以程序發言干擾議事，最後也提出散會動議，阻止法案進入實質逐條審查。他批民進黨顛倒黑白、轉移焦點，呼籲綠營停止造謠以及程序杯葛。    ,https://news.ltn.com.tw/news/politics/paper/1764763
政黨解散判決 須大法官三分之二以上同意,政治,2026/07/31 05:30,內政部將向憲法法庭聲請解散統促黨。法界人士指出，政黨是自由民主制度中重要的政治運作團體，因此憲法訴訟法對政黨違憲解散案設下較嚴格的程序及舉證要求。圖為統促黨高舉五星旗遊行。（資料照）內政部將向憲法法庭聲請解散統促黨。法界人士指出，政黨是自由民主制度中重要的政治運作團體，因此憲法訴訟法對政黨違憲解散案設下較嚴格的程序及舉證要求，若舉證顯有不足，經大法官命補正後仍未補正，可能直接裁定不受理；若案件獲受理，依法則必須進行言詞辯論。憲法法庭書記廳表示，本件收案後，後續將由憲法法庭處理。憲法法庭若受理 須開辯論庭按照憲法法庭的程序，內政部提出聲請後，大法官會先決定是否受理，至於實體上會具體審查哪些事項，仍需看大法官的意見。較特別的是總統、副總統彈劾案件，以及政黨違憲解散案件依法屬「強制言詞辯論」的案件，其他案件原則上屬任意言詞辯論。請繼續往下閱讀...根據憲法訴訟法第七十九條規定，聲請時必須檢附證據。法界人士表示，針對統促黨系統性、組織性為中國在台發展組織、接受中國資助介入選舉等指控，皆須證據支持，若舉證不足，憲法法庭可以命聲請人補正，若沒有依限補正，就可裁定不受理。法界人士解釋，政黨在自由民主制度中是重要的政治運作團體，所以憲法訴訟法在制度設計上，賦予聲請人比較重的舉證責任。另名憲法學者受訪表示，憲法訴訟法第八〇條規定，政黨解散的判決須經現有大法官三分之二以上同意，未達門檻則判決不予解散，按照目前的狀況也無法評決。內政部過去從未向憲法法庭聲請解散政黨的案例，不過曾有民眾認為民主進步黨違憲，請求法庭作出解散政黨的判決，但依據憲法訴訟法規定，聲請政黨違憲解散的主管機關為內政部，一般民眾並無權直接向憲法法庭聲請宣告政黨解散。由於聲請人不備法定要件，憲法法庭於二〇二二年四月六日依一致決裁定不受理。    ,https://news.ltn.com.tw/news/politics/paper/1764799
謠言終結站》國軍用BB槍抗敵？ 事實查核中心：非國軍正規訓練,政治,2026/07/31 05:30,謠言終結站網傳內容：社群平台流傳影片，質疑「國軍用BB槍抗敵？」影片內容指出國軍近年有許多沒有意義的演習，還舉辦射擊比賽讓老兵使用空氣軟槍訓練。查證結果：台灣事實查核中心指出，網傳影片所指事件是國防部7月25日舉辦的「全國空氣軟槍競技射擊比賽」，只開放後備軍人報名，目的是提升戰場抗壓能力並深化全民國防教育，並非國軍正規訓練，傳言說法引人誤解。    ,https://news.ltn.com.tw/news/politics/paper/1764765
白委痛批徐佳青出國「假考察真觀光」 四叉貓貼1張照揭她雙面人,政治,2026/07/31 00:40,四叉貓PO出邱慧洳和徐佳青今年5月一起去法國考察的合照。（圖翻攝自四叉貓臉書）今年已經過掉一半，立法院到現在還在審今年度的總預算，民眾黨立院黨團近日公開質疑陸委會副主委沈有忠、僑委會委員長徐佳青出國都是「假考察真觀光」，白委邱慧洳還批徐佳青都去「吃甜點」。網紅「四叉貓」劉宇看不下去，週四（30日）深夜PO出邱慧洳和徐佳青今年5月一起去法國考察的合照，爆料邱慧洳當時還誇徐佳青很認真在考察，現在卻回頭咬徐佳青，「真是人前人後不一樣！」立院民眾黨團這幾天痛批沈有忠和徐佳青的出國考察報告「爛到爆」，根本是在花民脂民膏出國觀光。民眾黨團幹事長邱慧洳更直接點名徐佳青，今年4月22日至5月18日「出國爽玩26天」，感覺很像是在環遊世界、周遊列國，別人不說還以為是旅行社領隊，不知道是僑委會委員長的身分，如果對僑務推動沒有實質幫助，這筆錢完全就像是丟到水池裡。請繼續往下閱讀...對此，四叉貓在臉書丟出邱慧洳口中說徐佳青「出國爽玩26天」那段期間，邱慧洳其實也有跟去，還和徐佳青開心合影的照片，揶揄：「路邊聽到的小八卦……民眾黨邱慧洳立委今年5月在法國的時候，還硬要蹭在徐佳青的身邊合照，那時她稱讚徐佳青很認真出國考察，回國就改口說徐佳青像是環遊世界的旅行社領隊，真是人前人後不一樣！」這張照片一出隨即掀起熱議，「明蹭暗貶，十足的雙面刀鬼」、「果然草堂的人，不只草根還會裝蒜和背刺！」、「這才是民眾黨本色」、「人前手牽手，背後下毒手，民眾堂不都是這樣」、「這個人也太噁心了」、「民眾黨都是這種尿性」、「人前人後不一樣一直都是民眾黨的人設，沒毛病的」、「人心隔肚皮」、「有夠雙面人欸」。    ,https://news.ltn.com.tw/news/politics/breakingnews/5523664
亞運競技龍舟金牌教練參選彰化福興鄉長 竟因此躲過熊本強震,政治,2026/07/31 00:35,民進黨徵召行政院顧問上雨下延）參選福興鄉長；左為彰化縣黨部主委謝翠屏。（資料照，民進黨彰化縣黨部提供）日本熊本縣28日發生規模7.1強震，造成嚴重災情，而亞運競技龍舟金牌教練、行政院顧問黃椿（上雨下延，音同「燕」）因為決定參選彰化縣福興鄉長，而逃過一劫。他說，機票都買好了，本來要去看鰻魚分養事宜，因為選舉臨時無法成行，但他的鰻魚吊水場半毀，活鰻也暫停營運！黃椿（上雨下延）以前的名字是黃世州，認識的人還是習慣叫他舊名字。他說，原本7月25日要搭機去日本，8月3日回台灣，機票老早就買好了。他在熊本有活鰻吊水場，要去看看情況，順便到鹿兒島看看台灣田徑小將，但臨時被徵召參選，起步較慢，他放下出國行程，全心衝選情。請繼續往下閱讀...他說，原本覺得人生的計畫趕不上變化，沒想到傳來熊本強震的消息，他看到員工拍的災情照，看到吊水場房舍受損，桶子也歪七扭八。這次強震比上次更嚴重，上次他還是帶著員工一起修屋頂，這次損失難以計算，還好員工都沒事，就是最大的福氣。他說，他在台灣與人合夥或是契作養鰻魚，外銷到日本，日本人喜歡吃活鰻料理，必須把台灣活鰻運到日本，鰻魚吊水場就像是集散地，大約貨到3、5天就會全數銷往餐廳，近年來受到中國活鰻瓜分訂單，還好靠著台灣人誠信養殖，不會胡亂投藥用藥，獲得日本餐廳與消費者的認同，台灣活鰻靠著品質，價格比中國活鰻高出許多。他說，因為參選而躲過強震，命運的安排真的很神奇，也祈禱熊本能夠走過災難傷痛，早日重建家園。黃椿（上雨下延）在日本熊本活鰻吊水場在強震中受損。（黃椿（上雨下延）提供）亞運競技龍舟金牌教練、行政院顧問黃椿（上雨下延）參選彰化縣福興鄉長。（黃椿（上雨下延）提供）    ,https://news.ltn.com.tw/news/politics/breakingnews/5523666
有張嘴就可以！翁曉玲喊刪媒宣費嗆梁文傑  張育萌點名台中也比照辦理,政治,2026/07/30 23:26,國民黨立委翁曉玲。（資料照）國民黨立委翁曉玲近日提案大砍各部會媒宣費，更要刪除陸委會所提的1295萬元媒宣費，大嗆梁文傑「有一張嘴就可以了」。對此，台灣青年民主協會理事張育萌痛批，照翁曉玲的邏輯，台中市也該把預算歸零，反正靠盧秀燕那張嘴就好。張育萌在臉書發文表示，翁曉玲到處砍媒宣費，今天輪到陸委會被提案砍1295萬，他質疑，請翁曉玲看看藍營縣市自己編多少，光是台中市去年就燒掉3857萬媒宣費，台中怎麼燒錢的呢？根本就是個笑話。請繼續往下閱讀...張育萌指出，盧秀燕號稱要推廣梨山水蜜桃，於是在台北包下200多輛計程車，在車身上印水蜜桃廣告。荒謬的是，盧秀燕的臉比水蜜桃還大，「說好的行銷水蜜桃呢？請問到底是要推廣誰？」張育萌再指，台中鍋烤節加上購物節，預算超過7311萬，讓盧秀燕親自抽獎送汽車，再親自打給中獎者做人情；台中巨蛋動土典禮，讓盧秀燕來拿金鏟子作秀，找數千人來觀禮，再搞線上直播，宣傳費高達720萬，根本已經是對盧秀燕造神式的偶像崇拜。張育萌說，台中市府花公帑，到處鋪天蓋地放上盧秀燕的臉，去年在議會被罵的時候，盧秀燕只說「謝謝大家看得起我」。反觀翁曉玲嗆梁文傑「有一張嘴就可以了」，媒宣費可以通通砍光，照翁曉玲的邏輯，台中市也該把預算歸零，反正靠盧秀燕那張嘴就好。    ,https://news.ltn.com.tw/news/politics/breakingnews/5523629
盧秀燕任期剩5個月！台中捷運藍線未動工 最新通車期程曝光了,政治,2026/07/30 23:14,陳淑華（右）質疑盧秀燕讓藍線延宕，預算現千億缺口，通車期程更延2年。（記者蘇孟娟攝）台中市長盧秀燕8年任期卸任在即，台中捷運藍線迄今尚未進入主線土建工程實質開工，除爆藍線核定預算1615億已不夠用，須增1千億，多名議員今追問下，捷工局長蘇瑞文坦言通車期程會延後2到2年半，讓眾人嘩然；盧秀燕則說，台中捷運命運多舛，公文在中央來來回回耽誤了2年才核定，導致2兩年完工，她雖年底卸任，勉相關單位「把時間趕回來，趕多少算多少」。盧秀燕任期倒數不到5個月，全長24.78公里的藍線雖在去年辦機電標動工，但軌道實際土建工程迄今未實質開工，更爆預算1615億扣除土地費用、機電標及高架段8個車站土建工程招標後，已不夠興建地下段十二個車站工程，恐需再增千億。請繼續往下閱讀...今市府赴議會專案報告，市議員黃守達不滿，專案報告隻字未提藍線千億預算缺口，他問蘇瑞文是否影響藍線完工期程，蘇瑞文再爆，藍線時程會「delay（延遲）2年到2年半」，黃守達怒指，送來的專案報告中寫2034年通車還算數嗎，蘇瑞文坦言，「可能不會」，讓黃守達大怒報喜不報憂。蘇瑞文說，未來會採分段施工、分段通車，高架段先完成預計2034年前先通車，地下段延後2年通車。議員陳淑華痛批，台中捷運藍線早在2017年前市長林佳龍任內時獲行政院核定可行性研究，盧秀燕上任變更路線，讓捷運藍線的期程至少延宕4年，使得捷運藍線預算暴增再暴增，盧秀燕在任8年大延宕造成藍線增難以承受的龐大負擔，甚至藍線工程落後延了又延，明知已無法如期通車，又用話術欺騙市民，意圖以2034年部分通車的話術來呼嚨，擺爛，甩鍋下任市長。    ,https://news.ltn.com.tw/news/politics/breakingnews/5523621
質疑台北新生運動館電梯「無照」 陳怡君另揭觀光導覽牌設置不妥,政治,2026/07/30 23:05,台北市議員陳怡君指出，市長蔣萬安27日搭乘新生運動館的電梯，未依法張貼「建築物昇降設備使用許可證」。（陳怡君提供）台北市長蔣萬安27日「風光開箱」北市首座新生特色運動館，但議員陳怡君今說，蔣萬安當天搭乘「無照」電梯、場館外放置過期滅火器，以及性別友善身障廁所輔助扶手不連貫，批評公共安全做半套；體育局說，電梯已獲使用許可並張貼公示，過期滅火器也已清除，會再評估增設扶手可行性。她另揭露大龍峒孔廟等地多面觀光導覽牌設在自行車道前、停車格前易被車撞，或需使出「縮肚功」鑽入圍牆縫隙才能閱讀背面資訊，令人匪夷所思。觀光傳播局回應，會去現勘評估調整以符觀光客使用習慣。陳怡君在市議會教育部門質詢指出，27日走訪試營運期間的新生運動館後發現，蔣萬安搭乘的電梯未依法張貼「建築物昇降設備使用許可證」，質疑台北市政府貿然讓市長與市民搶先搭乘，還看到場館外擺放備註某國小且過期的滅火器、性別友善身障廁所扶手不連貫，暴露出公共工程趕工上線，而且管理鬆散。請繼續往下閱讀...體育局說，館內電梯升降設備皆依法通過檢驗並取得使用許可，目前已於電梯內公示，並無未取得使用許可即啟用情形。至於現場發現的滅火器標示及效期疑慮，是過去新生游泳池營運廠商所留下的物品，已請目前營運單位清除。無障礙設施採以優於法規方式設置，啟用前均已通過無障礙設施檢查在案，有關增設扶手部分，會評估再優化可行性。陳怡君也提到，北市府設置的觀光導覽地圖牌，部分地點因設置位置錯誤而潛藏危機，例如遊客若想閱讀大龍峒孔廟旁的導覽牌，必須走向車道、險象環生；涼州街與延平北路口的導覽牌，鄰近國際觀光熱點迪化街，背面地圖資訊竟被包圍在學校欄杆圍牆，宛如在玩躲貓貓；其他地點甚至得「用力縮小腹」擠進縫隙才能看，公共設施的貼心美意大打折扣。觀傳局長余祥回應，觀光導覽地圖牌主要資訊跟地圖頁面位於靠人行道側，靠近馬路側目前則是當成大型宣傳看板，宣傳北北基好玩卡，未來會去議員所指地點現勘，評估如何調整會更符合觀光客的使用習慣。北市部分觀光導覽牌需鑽入與圍牆間的縫隙，才能閱讀背面資訊。（陳怡君提供）孔廟旁導覽牌距離車道很近。（陳怡君提供）    ,https://news.ltn.com.tw/news/politics/breakingnews/5523643
拜票也有搖滾區！彰化彰水路分隔島長滿草  楊子賢照站不誤 ,政治,2026/07/30 22:08,彰化縣議員楊子賢與彰化市西區代表參選人黃唯軒從家鄉出發，站在莿桐腳的分隔島拜票。（楊子賢提供）不只演唱會有搖滾區，連拜票也有搖滾區！爭取連任的彰化縣議員楊子賢，以及首次投入彰化市西區代表參選人黃唯軒，就直接前進中山高速公路彰化交流道周邊道路，站在彰鹿路與彰水路的小小分隔島，雖然長滿了草，還是照站不誤！楊子賢表示，黃唯軒是他的議員服務處主任，2人都是出身彰化交流道旁的莿桐腳，當然要從自己的出生地開始拜票，首選就是舊莿桐派出所對面的分隔島，剛好是省道台19線彰水路與縣道彰鹿路之間的分隔島，車流量非常大，希望民眾在路過停等紅燈的片刻，可以增加印象。請繼續往下閱讀...由於黃唯軒是首次參選，楊子賢特別帶著他一起拜票，楊子賢除了西區推出黃唯軒參選代表，在東區也推出曾任牛埔里長的魏文彬來選代表，3人組成「新世代行動派」競選團隊，魏文彬則是前進台1線中山路、台14線彰南路的路口拜票。楊子賢說，民進黨要擴大版圖，就要從基層開始，希望從代表爭取更多的席次，能為家做更多的事。彰化市東區代表參選人魏文彬前進中山路、彰南路口拜票。（楊子賢提供）    ,https://news.ltn.com.tw/news/politics/breakingnews/5523605
3相關局長一問三不知  盧秀燕要蓋「大甲國兒運」挨批騙選票,政治,2026/07/30 21:53,台中市長盧秀燕宣布蓋大甲國兒運，市議員施志昌問3相關局處首長，卻一問三不知，斥騙選票。（施志昌提供）台中市甲安埔地區長期缺乏大型室內運動場館，台中市長盧秀燕今在議會突宣布規劃在舊大甲分局改建「道卡斯園區」設置大甲國民暨兒童運動中心，且「規劃已接近尾聲」；市議員施志昌在議場連問運動局、建設局長對此案進度，2人含糊其詞，市警局長吳敬田稱「沒接到這個訊息」，施志昌痛斥盧秀燕8年都不動，任期倒數剩不到5個月，選前才來畫大餅、欺騙海線鄉親。台中市政府表示，經整體評估土地條件、區位及使用效益後，已將道卡斯園區列為國民暨兒童運動中心優先選址方案。請繼續往下閱讀...市府今在議會進行甲安埔地區推動大型運動場館專案報告，議員李文傑詢問相關規劃時，盧秀燕稱要在改建大甲分局的「道卡斯園區」中規劃大甲國兒運，「計畫案走得差不多了，最近會收尾」。不過，施志昌指出，過去爭取在大甲、大安與外埔地區設標準的國民運動中心或全民運動館，盧秀燕沒回應，今突宣布一項聲稱計畫已近尾聲的大甲國兒運計畫，他當場問主管運動場館的運動局長游志祥，若真有此事，為何專案報告完全沒寫到，確有規劃嗎？游志祥回應幕僚單位會提時程，施志昌批，明明沒規劃還在「吹牛」。他另問主責大甲分局的市警局長吳敬田，吳卻回說「我這邊沒有接到這個訊息」、「我不知道不表示沒有」；施志昌再問建設局長陳大田，陳大田表示，舊警局前有腹地，未來留作廣場或有機會做運動中心，初步有在做規劃檢討、有在研議。施志昌痛批，根本是盧秀燕8年芭樂票騙完了，再開票繼續騙，用話術拖過任期，打算把海線鄉親的期待直接打包甩鍋給下一任市長。    ,https://news.ltn.com.tw/news/politics/breakingnews/5523593
談致癌油「倒閣」 黃國昌：應該說是「倒賴」,政治,2026/07/30 21:28,民眾黨主席黃國昌（左）今晚在新竹說，他要嚴肅追究失職官員的責任。（記者黃美珠攝）民眾黨主席黃國昌今晚出席新竹地區的「黨員小草座談會」前，針對近日國內掀起因致癌油的倒閣議題受訪說，要倒的，其實是賴清德，這才是重點！今天大家才發現行政院長卓榮泰口中的「無良業者」中聯油脂後來被收押的總經理竟然有參與關鍵會議，難怪事發迄今民進黨政府始終遮遮掩掩，他要嚴肅地追究失職官員。黃國昌也質疑北檢說，目前台北地檢署好像現在的重點是放在追查這些業者的責任，但是從開始到現在，相關的官員瀆職的責任，開始追查了沒有？找這種無良業者的總經理進去衛福部開會，難怪整整隔了3個禮拜，才想到要成立調查小組，趕快進場去稽查，如今又稽查了什麼？請繼續往下閱讀...黃國昌要大家回想一下整個事件發生迄今，非常多關鍵問題，民進黨政府說不清楚、講不明白；當執政黨立委擺爛的時候，責任就在在野黨立委的身上，大家必須要求行政院說清楚講明白，給民眾真正的交代，這才是目前最重要事情。黃國昌抨擊，這波食安風暴從7月3日發生迄今，民進黨政府都還沒有給全體國人一個清楚的交代。到今天大家才知道，原來衛福部7月4日在開這些關鍵會議的時候，卓榮泰口中的「無良業者」中聯，後來被收押的那一位總經理，竟然有與會！參與這個關鍵的會議、做這樣關鍵的決策，難怪後來到立法院報告的時候遮遮掩掩，衛福部閃閃躲躲、扭扭捏捏，話就是不願意講清楚。黃國昌指出，一個隱匿這麼重要的資訊，搞到食安風暴的無良業者、現在被收押的總經理，參與這麼關鍵的會議。他問，「卓榮泰，你還要躲到什麼時候？」黃國昌說，要倒的，其實是賴清德。（記者黃美珠攝）    ,https://news.ltn.com.tw/news/politics/breakingnews/5523577
中捷藍線預算缺口又變！捷工局長先吐實「差1300億」 突改口千億,政治,2026/07/30 21:22,台中市捷工局長蘇瑞文今被問捷運藍線預算缺口數，說法一日數變挨批。（記者蘇孟娟攝）台中市長盧秀燕8年任期卸任在即，台中捷運藍線迄今尚未進入主線土建工程實質開工，日前爆藍線核定預算1615億不夠蓋，須增1000億，多名議員今追問實際預算缺口，捷工局長蘇瑞文一度吐實，「應再增1300億」且通車期程會延後2年到2年半，因總經費暴增到2915億，讓眾人譁然；但經過議會中午休息後，下午再被問，他改口稱缺口1000億，挨批都快卸任了、連預算缺口都說不清楚。蘇瑞文會後再解釋說，藍線預算缺口「原則上是1000億」，因考量後續物料變動可能，才預先估算1300億。請繼續往下閱讀...盧秀燕任期倒數不到5個月，全長24.78公里的藍線預算1615億扣除土地費用、機電標及高架段8個車站土建工程招標後，已不夠興建地下段12個車站工程，日前傳出恐需再增千億。市府今日赴議會專案報告，市議員黃守達問蘇瑞文，地下段工程預算1000億真的夠嗎？不料，蘇瑞文吐實「應該要1300億」，比之前爆出的千億缺口還再多出300億，等於藍線總預算將自1615億暴增到2915億，讓眾人譁然。到下午議事中，包括議員蔡耀頡、黃佳恬、江肇國、林德宇、李天生等再關切預算缺口，蘇瑞文卻改口稱缺1000億，蔡耀頡怒問到底幾個版本、夠蓋嗎？坐在蘇瑞文前方的盧秀燕頻頻轉頭看向蘇瑞文，蘇瑞文稱「初估」缺1000億，但要完成工程「應不太可能」。蔡耀頡怒批，就是1000億不夠用，還在說謊；林德宇痛斥，「待會市長唸你兩句，不會先講個幾百億、後面再編就好，誰要你說1000億」，要他別胡說八道，卸任在即預算缺口還無法講清楚，根本騙票。江肇國說，若再增1000億、共2615億打造，藍線每公里造價已破百億，比高鐵還貴；陳淑華痛批，盧秀燕延宕8年造成難以承受的龐大負擔，擺爛、甩鍋下任市長。台中市議員黃守達（見圖）質詢捷運藍線預算缺口，蘇瑞文一度吐實「差1300億」。（記者蘇孟娟攝）    ,https://news.ltn.com.tw/news/politics/breakingnews/5523559
台中免費午餐傳「4菜1湯」縮水  盧秀燕責成教育局了解,政治,2026/07/30 21:06,台中市新學年度起學校免費營養午餐上路。（記者廖耀東攝）台中市新學年起將推出國中小學營養午餐免費，學校近日積極辦理午餐招標，不少學校午餐原供應4菜1湯，但招標乏人問津，紛被迫調降為3菜1湯招標，今引起議員關切。台中市長盧秀燕指出，台中市已另外編午餐廚餘清運費，學校午餐品質沒理由變化，下個月開學在即，責成教育局儘速了解少數學校4菜1湯變3菜1湯狀況與原因並協助輔導。教育局指出，全市原有144校供應4菜1湯（居仁僅4菜無湯），3菜1湯有187校，教育局長蔣偉民指出，4菜與3菜差異在數量並非品質，學校午餐由各校自行招標。請繼續往下閱讀...台中市新學年起公私立國中小學營養午餐將上路，近日學校陸續辦理午餐招標，但已有多所學校原供應4菜1湯，因無廠商投標下流標被迫調成3菜1湯重新標。議員周永鴻、張芬郁、謝家宜、蔡耀頡、李天生等均關切午餐4菜1湯「縮水」成3菜1湯情況，質疑市府分明已另補助午餐廚餘處理費，防供餐業者將處理成本轉嫁到午餐，影響午餐品質，卻仍出現學校午餐在免費午餐政策上路後，菜色恐將「打折」效應。教育局長蔣偉民指出，教育局有訂學校午餐至少3菜1湯基本規範，3菜跟4菜是數量問題無關品質，由各校午餐委員會自行招標評選。盧秀燕則強調，台中已將午餐及廚餘處理費分開補助，學校午餐沒有理由辦不好，過去多數學校午餐均是供應3菜1湯，部分學校供應4菜1湯，因學校開學在即，責成教育局了解，為何學校在相同經費下會出現4菜變3菜的情況，可能因各校承辦能力不同，在轉換過程中跟原來不一樣，教育局須提供輔導。    ,https://news.ltn.com.tw/news/politics/breakingnews/5523497
提拒絕輔選藍竹北市長人選？邱臣遠喊「敵人要少」 避談拉攏陳見賢,政治,2026/07/30 20:59,邱臣遠（前中）承認有拜訪過國民黨新竹縣副縣長陳見賢。（記者黃美珠攝）針對有媒體獨家報導稱，國民黨新竹縣副縣長陳見賢在跟民眾黨竹北市長參選人邱臣遠會面時允諾幫邱站台，拒絕輔選跟國民黨新竹縣長提名人徐欣瑩系出同門、參選竹北市長的吳旭智。邱臣遠雖然爽快承認在週一（28日）主動到新竹縣政府拜訪陳見賢，但那是基於陳見賢深耕地方，身為竹北市長參選人例行交流跟拜會，避談陳見賢是否明確表示將替他站台、拒絕輔選吳旭智。邱臣遠受訪說，他週一拜訪陳見賢是不公開的行程。他認為選舉期間就是朋友要多、敵人要少。他說，陳見賢擔任國民黨地方黨部主委長達9年，也當了8年的副縣長，還曾經當過竹北市代會主席，新竹縣議會議長、副議長，足見他對地方生態的熟悉，對縣政和大新竹的發展非常了解。請繼續往下閱讀...邱臣遠表示，身為竹北市長參選人，他就縣政和大新竹以及竹北的發展，跟陳見賢做交流跟拜會，這是非常正常的事情，他也期望未來能推動聯合政府，跟概念相同的政黨合作，所以未來會就這個部分跟各方有力人士持續請益，不管對方是各級民代，或是長期深耕地方的有力人士，都是他滿懷誠意積極爭取支持的對象。對於媒體追問邱臣遠，會晤期間是否有當面懇請陳見賢未來幫他站台？陳有答應且表示不輔選吳旭智嗎？邱臣遠顧左右而言他說，他們是針對整個竹北市跟大新竹的發展，還有相關的歷史脈絡來去做一個深度的溝通。他只是希望能夠爭取到更多的支持，也就朋友要多、敵人要少，這是他一貫的原則。    ,https://news.ltn.com.tw/news/politics/breakingnews/5523558
彰化縣長王惠美動起來！這次換拿桌球拍,政治,2026/07/30 20:59,彰化縣長王惠美（左1）為縣長盃公務人員桌球賽開球。（記者劉曉欣攝）雖然距離卸任只剩下不到5個月，彰化縣長王惠美的行程照樣滿滿滿，今天（30日）親自主持彰化縣115年度縣長盃公務人員桌球賽，還拿桌球拍開球，架勢有模有樣，還不忘跟準備退休的或是仍在職的公務人員強調，「要活就要動」！王惠美表示，桌球是非常好的運動，因為在室內進行，不受天候影響，加上兩人一組就可以練習對打，場地也不需要很大。因此，縣府每年都會辦縣長盃桌球比賽，希望公務人員能夠在工作之餘，也能照顧自己的健康，運動是對健康最好的投資。請繼續往下閱讀...王惠美為了今天在縣立體育館的桌球賽開球，完全是有備而來，穿上球鞋，拿起桌球拍，超級有架勢的開球與小小對打，她強調，今年共有46支隊伍、共600多人參賽，其中也有退休的公務員報名，無論是仍在公務服務或是退休，以球會友，就是最好的交流與最大的快樂。    ,https://news.ltn.com.tw/news/politics/breakingnews/5523498
劣跡斑斑！統促黨涉中共滲透 國安專家：相關單位已掌握充足事證,政治,2026/07/30 20:58,白狼張安樂之子張瑋赴大安分局，就中國新歌聲台大場地毆傷學生一案，接受警方偵訊。（記者張嘉明攝）中華統一促進黨過去爭議不斷，包括台大學生遭黨員毆打、中央委員張孟崇夫婦涉收受中國7400萬元資助，以及副秘書長温瓏拉攏退役軍官替中共發展組織被判刑等。政黨違憲解散案須提出證據，國安專家指出，相關單位近年已蒐集統促黨涉為中國發展組織、接受中方資助介選及侵害集會權利等充足證據，能證明有危害自由民主憲政秩序情形。台灣大學2017年舉辦「中國新歌聲」活動期間，因學生抗議活動場地使用問題爆發衝突，多名統促黨成員與學生發生肢體衝突，其中有人持甩棍攻擊台大學生，造成學生受傷。本案統促黨總裁「白狼」張安樂之子張瑋，被台北地院判拘役40天，可易科罰金4萬元。請繼續往下閱讀...統促黨中央委員張孟崇與妻子洪女，被控自2011年至2023年間，接受中國國台辦等單位指示、委託及資助，金額折合新台幣逾7400萬元，並透過廣播節目及網路平台進行宣傳，涉嫌介入台灣選舉、公投及罷免等政治活動。此外，統促黨副秘書長温瓏赴中國經商期間遭中方吸收，返台後依指示接觸現、退役軍人，並拉攏統促黨世忠黨部主委、退役海軍上尉朱新瑜，以及統促黨員、退役空軍少校江瓊麟加入，替中共在台發展組織，其中江男更進入空軍松山基地接觸現役軍官。全案經最高法院駁回上訴定讞，温瓏、朱新瑜及江瓊麟分別依國安法判處温男有期徒刑10月、朱男6月、江男1年。國安專家指出，相關單位近年已蒐集許多統促黨證據，證實統促黨系統性、組織性為中國在台發展組織、接受中國資助介入選舉、破壞治安、侵害人民集會權利，有危害自由民主憲政秩序情形，目前近10年統促黨成員違反國安法及相關暴力犯罪約有數十件案例。    ,https://news.ltn.com.tw/news/politics/breakingnews/5523502
葉竹林廟口開講回到家鄉重光里 吸引爆滿人潮,政治,2026/07/30 20:47,無黨澎湖縣長參選人葉竹林，回到家鄉馬公重光里開講。（記者劉禹慶攝）無黨澎湖縣長候選人葉竹林7月13日起啟動全縣5鄉1市《竹林下鄉開講 咱們廟口見》廟口巡迴演講，由馬公市出發，深入各鄉鎮社區與廟口，向鄉親報告參選理念、說明縣政願景，面對面傾聽民意，與澎湖民眾共同討論家鄉的未來，今（30）日回到家鄉馬公重光里，吸引大批人潮。葉竹林指出，自己一路從基層出身，曾擔任立委助理、里長、澎湖縣議員及馬公市長，累積完整的中央與地方歷練。尤其擔任馬公市長期間，始終秉持行政效率、公開透明、務實執行的施政精神，重視與市民溝通，讓市政建設穩健推動，也建立起市民對市政團隊的信任。請繼續往下閱讀...他說，這次縣長選舉，不應再陷入藍綠對立的框架，而是澎湖人民重新選擇未來的重要時刻。這場選舉不是政黨之爭，而是治理能力之爭；不是誰代表哪一個政黨，而是誰真正能帶領澎湖迎向下一個10年。唯有跳脫政黨框架，才能真正整合中央、地方及各界資源，把澎湖放在第1位，讓縣政回歸人民、回歸專業、回歸地方需求。葉竹林說，執政第1年為經濟年，包括6大治理工程、5大升級工程及5大幸福福利計畫，包括改善望安、七美交通運輸品質，積極爭取推動離島小三通，提升海空交通便利性；推動振興澎湖經濟方案，主張普發符合資格縣民每人10000元；提高長者中秋敬老禮金5000元；並持續推動交通、醫療、觀光、漁業、青年創業、長照及教育等重要建設，打造更幸福、更繁榮、更有競爭力的澎湖。葉竹林大票倉馬公重公里，湧入大批支持者。（記者劉禹慶攝）    ,https://news.ltn.com.tw/news/politics/breakingnews/5523473
蔣萬安狂拋議題聲量大增 林俊憲揭：意在2028藍營閣揆,政治,2026/07/30 20:47,民進黨立委林俊憲。（資料照）從號召725凱道遊行到提出倒閣，台北市長蔣萬安近日接連拋出全國性議題，讓他討論度大增。對此，民進黨立委林俊憲指出，蔣萬安目的是為了讓自己政治能量與聲量噴發，意在2028後當藍營的閣揆。林俊憲在臉書發文表示，這幾年，蔣萬安為何從謹小慎微、不求有功但求無過的追求「不出錯政治性格」，劇烈轉變為言詞激進的藍營神學士、屢屢對國政層次發表評論，甚至透過塑造輿論，意圖動員、綁架藍營支持者與政治人物上街頭為己所用？請繼續往下閱讀...林俊憲揭，蔣萬安當然是為了台北市長後的更上層樓，蔣萬安一邊政治八卦著陳其邁市長未來可能接閣揆，其實正是為了讓自己政治能量與聲量噴發，意在2028後當藍營的閣揆。林俊憲指出，有韓國瑜、侯友宜兩個市長任內，參選總統挑戰失敗的前車之鑑，蔣萬安並不會在2028就參選總統，他屢屢把自己從地方拉高到國政的政治層級，圖的是如果2028盧秀燕若能挑戰高位成功，則已被自己強拉政治層次成功，可能順理成章的出任藍營閣揆，如此未來才能持續保有高強度的政治能量，可以挨到盧結束後，接手盧參選高位。林俊憲說，相反的，盧如果挑戰高位失敗，則自己不能在北市長之後就失去明星級的政治曝光度，所以勢必得現在開始拉高層次，製造未來奪取國民黨主席的藍營聲望，拿到主席，才有2032總統參選門票。林俊憲直呼，所以當蔣萬安講著陳其邁閣揆議題，心裡盤算著的卻是自己能否擔任藍營未來閣揆，當蔣萬安情勒、綁架藍營上街頭時，內心想著的卻是2028如果藍營失敗後自己的國民黨主席大位。往後幾百年，司馬昭之心路人皆知這個成語，司馬昭之名可能會被蔣萬安三字給取代吧。    ,https://news.ltn.com.tw/news/politics/breakingnews/5523517
民眾黨竹北小草座談 柯文哲鼓勵辦「客廳會」擴散力量,政治,2026/07/30 20:47,柯文哲號召小草協助舉辦客廳會、掛小型招牌，在大新竹擴散支持力量。（記者黃美珠攝）民眾黨今晚在新竹縣竹北市舉辦閉門謝客的「黨員小草座談會」，創黨主席柯文哲、黨主席黃國昌將攜手該黨竹北市長參選人邱臣遠和大新竹參選團隊共同出席，以凝聚大新竹地區的支持者。黃國昌和柯文哲都對在場支持者闡述民政政治和城市治理的願景，也傾聽在地民意，說明他們要啟動地方志工招募，號召支持者把期盼化作實質行動力量。柯文哲致詞時說，民眾黨要從網路走向街頭、深入基層，讓政黨不僅是獲得生存，還要茁壯發展，進一步改變台灣政治生態。他號召小草們協助舉辦客廳會、掛小型招牌，在大新竹地區擴散支持力量。請繼續往下閱讀...柯文哲表示，「客廳會」就是傾聽民意最好的管道，也可逐步推動地方組織運作。民眾黨沒錢，所以期待志工幫忙用此建立聯絡網，而小型看板就是提升民眾黨參選人知名度最有效方式，只是成本高昂，所以請小草們幫忙提供店家門口、室內空間等場地，透過小型招牌、客廳會累積聲量。黃國昌說，新竹是民眾黨重要發展基地，這次提名的候選人都很優秀，他不希望因為競選欠缺資金、看板或地方組織動員，而讓好的竹北市長、民代人選無法勝選。至於外界近來一直關注的藍白合議題，黃國昌說，民眾黨追求聯合政府與聯合治理，秉持最大誠意要跟國民黨合作，也推出最好人選要帶來最佳的地方治理。他不會隨政治算計或外界議題起舞，但是會堅持說到做到，他告訴小草們，面對複雜環境更需要團結，「讓外界看見民眾黨是一個重視團隊、回應民意的政黨。」關於藍白合，黃國昌說，民眾黨秉持最大誠意要跟國民黨合作。（記者黃美珠攝）柯文哲號召小草協助舉辦客廳會。（記者黃美珠攝）    ,https://news.ltn.com.tw/news/politics/breakingnews/5523546
蘇巧慧承認缺席立院卻有表決 李四川競辦：明知故犯的作弊,政治,2026/07/30 20:35,李四川競選辦公室說，蘇巧慧承認缺席法案表決，且知情表決卡未抽走，是明知故犯的作弊行為。（資料照）立法院院會日前表決《台灣兒少成長及未來帳戶條例》，對於民進黨立委蘇巧慧被踢爆缺席院會卻找同黨立委沈發惠「代按」表決，蘇競辦30日稱「可能表決卡沒有抽走」，李四川競選辦公室發言人潘才鉉說，蘇巧慧已公開承認缺席該法案表決，且知情表決卡未抽走，代表蘇巧慧就是明知故犯的作弊行為，請蘇巧慧誠實回應，「究竟是你教唆沈發惠代按，還是沈發惠自己偷按？」潘才鉉說，關於未出席表決卻被隔空投票，民進黨政府時任法務部次長蔡碧仲曾說過，此舉恐涉及《刑法》偽造文書罪，民進黨立委更曾因此集體砲轟，如今這件事情發生在蘇巧慧身上，請問蘇巧慧，這算不算蔡碧仲口中的「偽造文書」？    ,https://news.ltn.com.tw/news/politics/breakingnews/5523451
自由爆新聞》國會荒唐一幕全網怒！蔣家人驚爆蔣萬安「這件事」,政治,2026/07/30 20:30,全新的視界！新聞話題不漏接，快訂閱YouTube 【自由追新聞】，記得開啟小鈴鐺哦！    ,https://news.ltn.com.tw/news/politics/breakingnews/5523542
竹北市長初選決裂？傳陳見賢挺白不挺藍 徐欣瑩說話了,政治,2026/07/30 19:59,國民黨新竹縣長參選人徐欣瑩。（記者黃美珠攝）國民黨新竹縣副縣長陳見賢，日前跟民眾黨竹北市長參選人邱臣遠會晤後，傳出他允諾替邱臣遠站台卻不輔選藍營提名其「師弟」、竹北市長參選人吳旭智；國民黨立委、新竹縣長提名人徐欣瑩今晚透過幕僚表示，陳見賢是地方政壇重要的前輩，各候選人想要了解地方一定會向他請益，她也不斷、且會持續用最大誠意和善意，積極整合地方。徐欣瑩辦公室發言人徐維遠表示，新竹縣長徐欣瑩認為，副縣長陳見賢是地方上重要的前輩，各個候選人想要了解地方需求與建設發展，都會向陳副縣長請益。請繼續往下閱讀...徐欣瑩贏得縣長初選這段時間以來，不斷用最大的誠意和善意，積極整合地方，且13鄉鎮市跑透透，就是希望在面對民進黨政府跟「傳統家族勢力」的攻勢下，可以順利凝聚藍白共識，延續縣長楊文科的治理成果，守護新竹縣的藍天。    ,https://news.ltn.com.tw/news/politics/breakingnews/5523504
今年已過一半預算還沒過 賴清德無奈：過去立院從未這樣,政治,2026/07/30 19:53,總統賴清德今接見「社團法人中華民國全國中小企業總會第16屆理監事及關懷中小企業基金會第7屆董事」。（總統府提供）總統賴清德今天表示，今年已經過了一半，相關預算仍未通過，過去立法院從未發生，政黨競爭在所難免，但人民及國家利益不能被破壞；他提到，政府要協助台灣中小微企業發展無人機產業，卻有提案全數凍結經濟部未來6年442億元預算，令人無奈。總統賴清德今接見「社團法人中華民國全國中小企業總會第16屆理監事及關懷中小企業基金會第7屆董事」時指出，今年已過了一半，相關預算仍未通過，過去立法院從未出現這樣的情況。民主政治就是政黨政治，政治及政黨之間的競爭在所難免，但有些事情不能被破壞，尤其是人民及國家的利益。請繼續往下閱讀...賴清德提到，之前國防特別預算有關無人機相關預算遭全數刪除，但政府並未放棄，因為無人機產業對台灣而言非常重要。政府再次提出規模2100億元的「國防自主無人載具採購特別條例」，在野黨也提出無人機產業發展條例。賴清德說，但兩者有所不同，行政院提出的版本是以國防部為主管機關，因為無人機主要需求機關是國防部，經濟部則是產業扶助機關，主要任務是協助產業發展。賴清德進一步說明，政府上任後，已規劃由經濟部投入442億元，扶植中小微企業及發展無人機產業。其中，為協助台灣中小微企業發展無人機產業，政府已投入相關資源，現在又有提案要將經濟部未來6年的442億元預算全數凍結，令人感到無奈。賴清德強調，政府的責任就是為大家鋪平道路、排除障礙，讓所有企業，無論是大企業或小企業、科技產業或傳統產業，都能夠大展身手，國家經濟發展才能永續，也才能均衡發展。    ,https://news.ltn.com.tw/news/politics/breakingnews/5523481
小英中興新村趴趴走  與温世政、沈夙崢一起「省府日常散策」,政治,2026/07/30 19:47,蔡英文（中）參觀中興新村地方創生育成市集，聽取設點年輕人的意見。（沈夙崢提供）前總統蔡英文今天下午到南投，民進黨南投縣長參選人温世政、南投市長參選人沈夙崢等人全程陪同，蔡英文今天四處關心地方產業，不僅走訪國發會輔導的中興新村與地方創生育成市集，也到首批中興新村活化的「省府日常散策」店家，聽取業者心聲，有店家強調「開店就是希望與中興新村共好」，讓蔡英文大表讚許。蔡英文下午先到南投縣級古蹟藍田書院參拜文昌帝君，在南投市土生土長的沈夙崢擔任導覽解說員，強調南投市是兼具歷史風華與產業實力的縣轄市，她在縣議會已多次向縣府爭取，將南投市深厚的文化歷史，納入南投縣整體的觀光規劃。請繼續往下閱讀...蔡英文在總統任內全力支持中興新村活化，並催生中興大學南投校區，曾數度到中興新村，不只關心地方創生，也親自為中興大學南投校區啟用揭牌，今天下午是她卸任後首次回到中興新村，地方人士笑稱「小英是回來驗收中興新村活化成果！」。蔡英文先到最早進駐中興新村的「省府日常散策」的店家，分別到「55號烘焙室」、「e92依舊愛咖啡」及「丘山茶」品嘗店家準備的咖啡、茶等飲品，並聽聽店家的甘苦談。後來也到中興新村地方創生育成市集，及國發會首批活化出租的「省主席官邸」，對在地方創生市集設點的年輕人十分關心，也對「省主席官邸」改造為特色餐廳很感興趣。愛狗的蔡英文被沈夙崢帶來的愛犬吸引，兩人小聊了一下「狗經」。（沈夙崢提供）蔡英文（前排左3）在立委羅美玲（前排左5）、南投縣長參選人温世政（前排左4）、南投市長參選人沈夙崢（前排左6）等人陪同，到藍田書院參拜。（沈夙崢提供）蔡英文（前排左3）在「e92依舊愛」咖啡店前，與業者及多位參選人合照。（沈夙崢提供）蔡英文（前排左）與温世政（前排中）、沈夙崢（前排右）等人品嘗茶與茶點。（沈夙崢提供）    ,https://news.ltn.com.tw/news/politics/breakingnews/5523470
內政部聲請解散統促黨 學者：切斷中國在台協力者執行體系,政治,2026/07/30 19:46,內政部長劉世芳主持「聲請中華統一促進黨違憲解散」記者會，並提出聲請解散統促黨的三大理由。（記者劉信德攝）內政部今（30）日指出，統促黨核心成員涉嫌違反「國家安全法」、「反滲透法」、「兩岸人民關係條例」，將向憲法法庭聲請解散統促黨。對此，學者指出，內政部此次啟動「防禦性民主」，直接切斷中國在台協力者的執行體系，防止中國持續透過在地組織介入台灣民主運作，下一步應藉此機會建立境外勢力代理人的管理制度，完善法律工具與跨機關合作機制。台北海洋科技大學助理教授吳瑟致說，內政部聲請解散統促黨，是由動用「防禦性民主」的邏輯出發。當有政黨配合中共進行統戰、要消滅中華民國、摧毀憲政體制時，就要啟動防禦性民主措施。請繼續往下閱讀...吳瑟致指出，統促黨遭聲請解散，也體現中共透過統促黨進行統戰作為的失敗案例。中共有可能藉由此案，進行更多認知作戰，後續必然會為民進黨政府貼上「威權專制」、「阻撓政黨發展」等標籤；但事實上，台灣民主政治更凸顯了中共的專制體制，專制體制的中國抨擊台灣的防禦性民主作為，顯然會令人啼笑皆非。吳瑟致指出，中共拉攏台灣的作為不會停止，因此，台灣在實施防禦性民主措施時，不需太在意中共反應，反而應當藉此逐步凸顯台灣的民主韌性，提高中共對台統戰成本。如何預防統戰作為，恐怕是未來面對中共對台統戰或對台滲透時，必須要有的思維。東海大學陸研中心副執行長洪浦釗則指出，內政部此次出手，直接切斷中國在台協力者的執行體系，防止中國持續透過在地組織介入台灣民主運作。洪浦釗說，中國對台政治工作採取高度分工，不同類型的組織承擔不同任務。政黨負責發展組織與政治動員；民間團體擴大社會影響；黑道勢力提供暴力威嚇與地下網絡，各自承接中國交付的工作。統促黨涉及發展組織、介入選舉、跨境鎮壓及組織犯罪，在中國對台政治工作中扮演重要角色。洪浦釗指出，統促黨這類政黨化的黑道組織長期遊走法律邊緣，較容易承接具有法律風險與政治目的的任務。中國即使失去一個合作對象，仍可扶植新的組織接手相同工作，維持在台政治工作的運作能力。洪浦釗認為，解散統促黨只是第一步，政府應藉此機會建立境外勢力代理人的管理制度，強化資金流向、組織運作、境外聯繫及人員往來等風險監管，完善法律工具與跨機關合作機制。從制度面壓縮中國在台協力網絡的生存空間，才能降低中國透過在地組織介入台灣民主運作的風險。    ,https://news.ltn.com.tw/news/politics/breakingnews/5523474
基隆》謝國樑：中秋節將發6500元敬老金,政治,2026/07/30 19:46,基隆市政府舉辦信義區公所模範父親表揚。前左2為市長謝國樑。（基隆市政府提供）基隆市政府今天（30日）舉辦信義區公所22里推薦的模範父親表揚，感謝他們長年無私奉獻家庭、關懷社會；基隆市長謝國樑致詞時表示，面對高齡化社會，市府將推動各項長者照顧與社會福利政策，包括中秋節前發放6500元敬老禮金，給65歲以上設籍基隆市長者，完善長照服務，打造幸福宜居的基隆。今年客家模範父親代表徐正泰，早年辛勤工作養育子女，退休後長期投入社區志工服務，關懷身邊需要幫助的人，將對家庭的愛延伸到整個社區，展現奉獻精神、回饋地方。請繼續往下閱讀...面對高齡化社會，謝國樑指出，市府打造「有愛城市」為重要願景，推動老幼共好、跨代共融及友善全齡等政策，持續完善育兒支持、長者照顧、公共安全與友善步行環境，並推動「長樂65」等長者照顧措施，希望讓長輩健康樂活、子女照顧得安心。今年中秋節率先實施「長樂65專案」，市府將透過追加預算辦理，預計投入約 5．46億元經費，針對基隆長者普發6500元敬老禮金，凡設籍基隆市滿三年、65歲（原住民55歲）以上的長輩，今年中秋節前皆可領到6500元的敬老禮金。基隆市政府舉辦信義區公所模範父親表揚。（基隆市政府提供）    ,https://news.ltn.com.tw/news/politics/breakingnews/5523416
國小暴力生管控失靈！校安通報109次 蔣萬安：跨局處介入,政治,2026/07/30 19:34,蔣萬安受訪。（記者田裕華攝）台北市議員鍾沛君今指出，北市一名將升上五年級的學生從一年級起就有脫序行為，除攻擊老師、同學外，也破壞公物，通報校安事件高達109次。台北市長蔣萬安今回應，已經跨局處應變介入，會持續追蹤，希望照顧老師與同學的權益。蔣萬安今受訪表示，針對此案已經成立跨局處的應變介入，包含社會局提供支持，衛生局、聯醫提供醫療資源協助，他也指示要全面持續追蹤，希望照顧老師與同學的權益。請繼續往下閱讀...媒體追問是否要強制分班？蔣萬安說，他了解跨局處有跟家長、學校、特教老師等都有討論，也都有專案陪伴與照顧，這部分後續會依據專業評估，看怎樣能照顧整體學校學習環境，以及老師與其他同學的權益。    ,https://news.ltn.com.tw/news/politics/breakingnews/5523456
內政部聲請解散統促黨 憲法法庭恐遇兩大關卡,政治,2026/07/30 19:33,內政部將向憲法法庭聲請解散中華統一促進黨，但憲法法庭可能要面對舉證問題及大法官人數不足等兩大關卡。（記者楊心慧攝）內政部將向憲法法庭聲請解散中華統一促進黨，法界人士指出，政黨是自由民主制度中重要的政治運作團體，因此憲法訴訟法對政黨違憲解散案設下較嚴格的程序及舉證要求，若舉證顯有不足，經大法官命補正後仍未補正，甚至可能直接裁定不受理；再來就是政黨解散的判決須經現有大法官三分之二以上同意，現有大法官人數不足等兩大關卡。按照憲法法庭的程序，內政部提出聲請後，大法官會先決定是否受理，至於實體上會具體審查哪些事項，仍需看大法官的意見。另外，較特別的是總統、副總統彈劾案件，以及政黨違憲解散案件依法屬「強制言詞辯論」的案件，其他案件原則上屬任意言詞辯論。請繼續往下閱讀...根據憲法訴訟法第79條規定，政黨違憲解散案件聲請時必須檢附證據。法界人士表示，針對統促黨系統性、組織性為中國在台發展組織、接受中國資助介入選舉等指控，皆須證據支持，若舉證不足，憲法法庭可以命聲請人補正，如果沒有依限補正，就可裁定不受理。法界人士指出，一般可能會認為，舉證不足應屬「無理由」問題，但政黨違憲解散案件較特別，若憲法法庭認為舉證顯有不足，命聲請人補正後仍未補正，就可直接裁定不受理。該人士解釋，政黨在自由民主制度中，重要的政治運作團體，所以憲法訴訟法在制度設計上，賦予聲請人比較重的舉證責任，也就是說提出聲請時就必須檢附相關證據，且舉證不能有「顯有不足」的情形。不過另名憲法專家學者受訪表示，憲法訴訟法第80條規定，政黨解散的判決須經現有大法官三分之二以上同意，未達門檻則判決不予解散，按照目前大法官的人數問題，恐無法評決。（大法官總額為15人，但因立法院修改「憲法訴訟法」提高評議門檻 與人事同意權僵局，現有8名大法官面臨開會人數不足、判決效力等重大憲政困境。）針對內政部將提出聲請解散統促黨，憲法法庭書記廳僅表示，本件收案後，後續將由憲法法庭處理。    ,https://news.ltn.com.tw/news/politics/breakingnews/5523489
蔣萬安狂打食安、拋倒閣  沈伯洋最新網路民調曝光,政治,2026/07/30 19:33,《壹蘋新聞網》以「蔣萬安與沈伯洋都積極爭取聲量，你支持誰當台北市長？」為題發起民調。（擷取自《壹蘋新聞網》網站）年底地方選舉，台北市長選戰受關注，國民黨籍市長蔣萬安拚連任，近期猛攻食安、拋出倒閣。而民進黨台北市長參選人沈伯洋，持續對市政問題提出質疑。根據《壹蘋新聞網》進行網路投票調查「你支持誰當台北市長？」截至30日晚間7時，沈伯洋支持度逾67%居冠。台北市長選情火熱，《壹蘋新聞網》以「蔣萬安與沈伯洋都積極爭取聲量，你支持誰當台北市長？」為題發起民調，投票時間至8月6日下午3時截止。請繼續往下閱讀...截至今（30日）晚間7時，最新結果顯示沈伯洋獲得高達67.1%，蔣萬安則為28.7%，還有4.1%尚未決定。對此民調，沈伯洋競選辦公室表示，感謝市民朋友的肯定，也代表越來越多市民期待台北有不同的治理思維、以及更積極解決問題的態度，將會持續提出政策，爭取更多市民的認同。蔣萬安陣營則沒有評論。    ,https://news.ltn.com.tw/news/politics/breakingnews/5523488
根本是中共在台分支！揭統促黨4大黑幕：披著政黨外衣黑道幫派,政治,2026/07/30 19:27,何韻詩2019年來台參加港台大遊行，卻被統促黨潑灑紅漆。（資料照，記者塗建榮攝）內政部將向憲法法庭聲請解散中華統一促進黨，直指統促黨長期涉及系統性、組織性犯罪等。知情人士透露，該黨根本是中共在台分支，犯下多起跨國鎮壓案，歷年涉犯刑事案件更是罄竹難書、被查獲141人犯案，此案經跨政黨組成的「政黨審議委員會」審議通過，並由內政部完整蒐整相關事證，「絕不能縱容這個披著政黨外衣的黑道幫派」。知情人士表示，統促黨由竹聯幫大老張安樂創立，創黨初期以竹聯幫等黑道成員為基底。警方近年查獲黨員涉犯刑事案件罄竹難書，包括傷害、恐嚇取財、妨害自由、電信詐欺及跨國人口販運等罪，且多次動員幫派成員危害社會秩序、為中國在台發展組織。檢警歷年查獲核心幹部及黨員超過141人，犯下近百起案件，甚至有10名核心幹部持續重複犯案。請繼續往下閱讀...該人士直言，統促黨根本是中共在台的「分支機構」，曾犯下多起跨國鎮壓案，包括香港民主人士何韻詩遭潑紅漆、台大「中國新歌聲」濺血事件，機場暴力對待黃之鋒等。多名黨員因涉犯「兩岸人民關係條例」、「國家安全法」及「反滲透法」被起訴或判刑確定。知情人士透露，張安樂1996年起在中國經商並接受中共統戰部門金援，透過統促黨在台發展組織，情節與台劇「零日攻擊」雷同。張安樂還曾在「環球時報」公開宣稱「中華民國是統一的絆腳石、台獨的護身符」、「一定要舉紅旗，把中華民國放一邊，回歸中國」；甚至在中國「十一國慶」時，率領近千名黨員將中國五星旗穿在身上，在台北街頭高調遊行慶祝。知情人士表示，統促黨副秘書長溫瓏曾刻意結識多位台灣退役軍官，以免費招待赴中旅遊為由，安排與中共統戰人員碰面協助蒐集情資；黨部主委劉萬禮也協助吸收、拉攏國軍退役將領，替中共發展組織。該人士接著說，統促黨更試圖介入台灣選舉，例如副主席李宗奎於2024年總統大選期間，協助收購總統副總統參選人連署書，涉犯「總統副總統選舉罷免法」被起訴；發言人張孟崇則接受福建省台辦及官媒資助，在抖音等平台散佈政治評論影片，協助中共操作國內政策爭議、引導輿論走向，破壞台灣民主體制甚深。此外，「宮廟統治」也是中共與統促黨合作重點。張安樂去年接受專訪透露，已與南部某些宮廟洽談，若兩岸開戰廟方願意打開廟門建立「和平區」。統促黨多名成員同時兼任新北、苗栗、彰化、嘉義、台南等地的宮廟或宗教團體幹部，且多數人具有組織犯罪、恐嚇、槍砲等犯罪前科。統促黨由竹聯幫大老張安樂創立，知情人士透露，該黨根本是中共在台分支，犯下多起跨國鎮壓案，歷年涉犯刑事案件更是罄竹難書、被查獲141人犯案。（記者陸運鋒攝）    ,https://news.ltn.com.tw/news/politics/breakingnews/5523460
陳見賢不輔選藍營提名人？吳旭智：放話者「見縫插針」破壞藍白合,政治,2026/07/30 19:20,國民黨新竹縣竹北市長提名人吳旭智質疑放話者，是見縫插針，破壞藍白團結。（記者黃美珠攝）外傳國民黨新竹縣副縣長陳見賢日前在跟台灣民眾黨竹北市長參選人邱臣遠會晤時，明確說出陳見賢將替邱臣遠站台，且不替藍營提名、其初選對手徐欣瑩「師弟」的竹北市長參選吳旭智輔選，吳旭智傍晚受訪說，陳見賢一直是他所敬重的長輩，他和陳見賢的互動一直沒有中斷過，他認為前述謠言發布者就是國民黨主席鄭麗文所言的「見縫插針」，意在破壞藍白團結，居心叵測。吳旭智說，年初的國民黨內初選確實造成黨內的撕裂，他也曾當面跟陳見賢澄清，在初選期間他從未在外說過任何詆毀陳見賢的話語。請繼續往下閱讀...吳旭智表示，對於邱臣遠拜訪陳見賢，他認為這是正常的行程，畢竟陳見賢為人受敬重，他自己在初選之後，也常向陳見賢請益，特別是陳見賢出身竹北西區，他也就竹北西區未來的建設方向跟陳見賢暢談。他指出，前述所謂挺邱臣遠、不挺吳旭智的說法，他認為這是有心人蓄意斷章取義的發布，就像黨主席鄭麗文所說的，這是見縫插針的作法，他不臆測是誰做這種破壞藍白合的事情，但是確實對藍白年底合作只有傷害。    ,https://news.ltn.com.tw/news/politics/breakingnews/5523428
踩國際紅線！蔣萬安自爆教唆深偽賴清德 黃帝穎揭涉犯這2罪刑責,政治,2026/07/30 19:17,台北市長蔣萬安。（記者田裕華攝）「萊爾校長」小編、前國民黨新媒體部主任韋淳祐日前製作725反毒油集會宣傳片，因偽造總統賴清德的聲音被民眾檢舉，警方獲報到其住處查證，藍營怒控查水表。沒想到台北市長蔣萬安近日脫口自爆，是他拜託韋淳祐製作宣傳片，引發輿論譁然。對此，律師黃帝穎指出，蔣萬安教唆深偽三軍統帥，以涉犯《刑法》及《個資法》。蔣萬安日前號召群眾725上凱道反毒油，國民黨的網路媒體團隊「風向株式會社」發布前導片「油不得你」以新聞畫面結合AI影像，搭配人聲旁白自稱「我是苯駢芘」，介紹自己對人體帶來的危害性。由於該影片疑利用AI深度偽造技術合成賴清德的聲音，民眾提出檢舉，警方為釐清事實並保全相關證據，25日曾前往製作者韋淳祐住處敲門，結果被藍營說成是查水表。請繼續往下閱讀...蔣萬安得知此事後跳出來護航韋淳祐，28日受訪時更痛批這是國家暴力，企圖製造寒蟬效應，人民無法接受司法檢調成為政治追殺的工具。引發熱議的是，他還自爆上週拜會前主席朱立倫時，有拜託韋淳祐的團隊協助製作宣傳影片，「今天我要嚴正告訴賴政府，有事衝著我來！不要針對小編查水表。」對此，黃帝穎今天（30日）在臉書發文表示，美國聯邦調查局（FBI）過去多次警示深偽（deepfake）政府高層造成國家及社會危害，例如2025年4月起開始有美國高官遭深偽，當年5月底白宮幕僚長遭偽冒；2023年6月FBI警告深偽影音被利用於投資詐騙案件中，利用深度偽造進行「性勒索詐騙」的受害者，也有增加趨勢。再來，烏俄戰爭爆發初期，2022年3月俄羅斯深偽，假造烏克蘭總統澤倫斯基勸烏軍向俄羅斯投降的影片，遭國際刑事法院調查並發布逮捕令。黃帝穎直言，從這些國際案例就能清楚看到，蔣萬安教唆小編韋淳祐深偽我國三軍統帥的影片，已經大踩國際紅線！黃帝穎指出，深偽三軍統帥或任何人，涉犯刑法偽變造文書罪（電磁紀錄）處5年以下徒刑，及個資法處5年以下徒刑。教唆犯罪責相同。    ,https://news.ltn.com.tw/news/politics/breakingnews/5523369
議員籲設置苯駢芘檢驗室 黃偉哲允諾評估,政治,2026/07/30 19:16,台南市長黃偉哲允諾評估建置苯駢芘檢驗量能，強化食用油食安把關。（擷自南市議會直播畫面）中聯油脂苯駢芘超標事件引發各界關注食用油安全，台南市議會今（30）日針對「致癌油（苯駢芘）」食安事件進行專案報告，多位議員要求市府建立自主檢驗能力。對此，台南市長黃偉哲表示，將責請衛生局依實際需求及成本效益，審慎規劃相關檢驗設備與量能。衛生局指出，目前地方政府都委託具認證能力的專業實驗室辦理苯駢芘檢驗，以確保結果一致性與公信力。若由市府自行建置檢驗設備，初估需投入逾千萬元購置高階精密儀器，每年維護費約300萬元，另須完成檢驗方法建立、能力認證及人員培訓等程序，才能提供符合食藥署規範的檢驗服務。請繼續往下閱讀...衛生局長李翠鳳表示，苯駢芘屬高難度微量化學分析項目，除設備外，更重要的是建立具高度再現性及準確性的檢驗方法，完成方法確效及品質管理，才能確保檢驗結果具公信力。在完成建置前，市府仍將持續委託合格實驗室辦理檢驗，確保食品安全監測不中斷。黃偉哲表示，食品安全必須從源頭把關，第一道防線仍是業者落實自主管理。市府將同步強化大型油品業者稽查，擴大油品抽驗項目，持續充實食品檢驗設備與人力，提升檢驗量能及稽查效率，守護市民與校園食品安全。議會專案報告也提出多項建議，包括要求市府建立自主檢驗苯駢芘能力、編列設備及人力預算；要求製油廠每批油品完成檢驗並公開結果，增加抽驗頻率並列為常態稽查；建議中央建置食品安全資訊平台，整合產品來源、物流及QR Code追溯機制；另要求學校團膳不得使用中聯油品，建立校園用油採購篩選制度，其中3所市立國中團膳將改由中央廚房供餐，進一步強化校園食安防護。    ,https://news.ltn.com.tw/news/politics/breakingnews/5523422
協助日本賑災 外交部國合會8月開設捐款專戶,政治,2026/07/30 19:14,外交部今日宣布，為協助日本賑災，外交部啟動勸募，由募款專責機構「財團法人國際合作發展基金會」（TaiwanICDF）開設民間捐款賑災專戶，接受民眾捐款。（資料照）日本熊本地區28日下午發生芮氏規模7.1強震，造成多處道路斷裂、房屋倒塌及人員傷亡。外交部今日宣布，為協助日本賑災，外交部啟動勸募，由募款專責機構「財團法人國際合作發展基金會」（TaiwanICDF）開設民間捐款賑災專戶，自2026年8月1日至8月31日止，接受民眾捐款。外交部指出，總統賴清德、副總統蕭美琴及行政院長卓榮泰均高度關切熊本災情，將以個人身分各捐贈新台幣20萬元。此外，為協助日本賑災工作，外交部啟動勸募，由募款專責機構「財團法人國際合作發展基金會」開設民間捐款賑災專戶，自2026年8月1日至8月31日止，接受民眾捐款，盼以實際行動協助日本災區重建及災民生活。請繼續往下閱讀...外交部表示，此次日本熊本發生地震災情，台灣各界展現人道關懷精神，政府將結合民間力量募集善款，並委由日方轉交災區賑濟災民及復原重建工作。我國也期盼在台日深厚密切的友誼下，盡力協助當地受災民眾早日重建家園，恢復正常生活。外交部捐款賑災專戶資訊如下：（一）專案名稱：0728日本熊本賑災專案（二）專戶名稱：財團法人國際合作發展基金會國際重大災害勸募專戶（三）銀行帳號：兆豐銀行天母分行；帳號：021-09-01-7741（四）詢問專線：1988（8月1日啟動）    ,https://news.ltn.com.tw/news/politics/breakingnews/5523434
尷尬了！張安樂囂張嗆「蒐證解散民進黨」 憲法法庭早打臉：沒資格,政治,2026/07/30 19:08,依「憲法訴訟法」及「政黨法」規定，政黨違憲解散案須由主管機關內政部提出；過去即有民眾聲請解散民進黨，因不具聲請資格遭裁定不受理。（資料照）內政部長劉世芳今宣布，統促黨已危害國家安全、社會穩定及選舉公正性，將於8月初向憲法法庭聲請解散；統促黨總裁「白狼」張安樂則嗆聲要蒐證聲請解散民進黨。不過依「憲法訴訟法」及「政黨法」規定，政黨違憲解散案須由主管機關內政部提出；過去即有民眾聲請解散民進黨，因不具聲請資格遭裁定不受理。張安樂表示，內政部要聲請解散統促黨就坦然面對，但我們也提出訴訟，準備蒐集民進黨的資料聲請解散，第一個理由是，民進黨取得人民的信任，拿到政權後還犯罪，不可原諒；第二、政府應該要保護台灣人民生命財產安全，但民進黨把台灣人民推上戰場。請繼續往下閱讀...張安樂宣稱，最近可能會登個廣告，把民進黨該負的責任列出來，這些人犯了甚麼罪，包含反滲透法、國安法等，他們犯了更多，甚至還有共諜案，打算要「以彼之矛攻彼之盾」，用相同方式要解散民進黨。過去曾有民眾主張民進黨違憲，向憲法法庭聲請宣告政黨解散的判決。憲法法庭作出裁定「111年黨裁字第1號」，並指出按聲請不備憲法訴訟法要件者，審查庭得以一致決裁定不受理。憲法法庭當時表示，依「憲法訴訟法」第77條規定，政黨目的或行為若危害中華民國存在或自由民主憲政秩序，應由主管機關聲請解散；由於該名聲請人並非「政黨法」所定主管機關，不符法定要件，因此於2022年4月6日裁定不受理。    ,https://news.ltn.com.tw/news/politics/breakingnews/5523450
新聞360》蔣「狂戰消風」川還上車！學者酸：病急亂投醫變迴力鏢,政治,2026/07/30 19:05,全新的視界！新聞話題不漏接，快訂閱YouTube 【自由追新聞】，記得開啟小鈴鐺哦！    ,https://news.ltn.com.tw/news/politics/breakingnews/5523457
獨家》陳見賢：我就是個沒有用的人 所以只能樂觀其成藍白合,政治,2026/07/30 19:03,國民黨籍新竹縣副縣長、前縣黨部主委陳見賢否認竹北市長選舉會替邱臣遠站台說，強調他挺的是「藍白合」。（記者黃美珠攝）國民黨籍新竹縣副縣長、前縣黨部主委陳見賢今天傍晚受訪表示，外傳他因為黨內初選恩怨，將拒絕輔選國民黨提名的竹北市長參選人吳旭智，改替台灣民眾黨參選人邱臣遠站台，這是片面斷章取義的說法。他說，近日先後跟邱臣遠、民眾黨創黨主席柯文哲見過面，也各自暢聊1、2個小時有關新竹縣年底大選的選情走向、藍白合在新竹縣該如何推動才能互蒙其利，但他並沒有說挺誰或不挺誰，反而強調自己挺的是目前還沒有進展的「藍白合」，只是自己現在已經沒有黨職，「我就是個沒有用的人！」所以只能樂觀其成藍白合，無權置喙。陳見賢受訪時強調，無論是跟邱臣遠或是柯文哲的會晤中，他都沒有說出自己不挺國民黨提名竹北市長參選人吳旭智的說法。請繼續往下閱讀...所謂幫邱臣遠站台的說法，這是邱臣遠詢問如果未來有機會將請他站台協助時，他回應自己挺藍白合，而自己已經是個無用的人，沒有黨職在身，雖然樂見藍白合，但是一切都要看黨中央未來和白營的協調方向而定，「如果有機會，自然不無可能」。陳見賢直言，年初國民黨內的縣長提名黨內初選，他被抹黑、家人遭到汙衊，被砍殺得刀刀入骨，這個心結確實還在，但是他也是忠貞的國民黨員，吳旭智更是當初他愛才，把吳旭智介紹引入國民黨新竹縣黨部的，只要藍白合的共主協商出來，國民黨有需要，他就會盡自己的能力給予必要的協助。陳見賢說，邱臣遠是在週一（27日）下午1點半左右拜訪他的，2人暢聊1個多小時；至於柯文哲則是在次日晚上10點多，結束竹東輔選行程以後來竹北跟他見面，2人暢聊了近2個小時。竹北市長初選決裂？傳陳見賢挺白不挺藍 徐欣瑩說話了提拒絕輔選藍竹北市長人選？邱臣遠喊「敵人要少」 避談拉攏陳見賢陳見賢不輔選藍提名人？吳旭智：放話者「見縫插針」破壞藍白合    ,https://news.ltn.com.tw/news/politics/breakingnews/5523408
統促黨為何該解散？西班牙、南韓有前例：危害國安不是言論自由,政治,2026/07/30 19:03,華盛頓郵報去年發表長篇調查報導，披露有幫派背景的中華統一促進黨（統促黨），在台灣為北京宣傳、招募中國間諜，而且擁有大批槍械。（資料照）內政部將向憲法法庭聲請解散中華統一促進黨（統促黨），國安人士表示，政黨因暴力犯罪被判決違憲解散並非台灣首創，全球多個民主國家都曾透過司法途徑解散威脅憲政秩序的政黨，統促黨長年破壞我國民主法治、協助中共滲透並危害國安，聲請解散才能讓國人安心。調查局2024年查獲統促黨發言人涉嫌接受中共官方資金，利用廣播電台主持人身分對台遂行認知作戰，損及國家安全事證明確；台灣高等法院高雄高分院2025年判決指出，該黨副秘書長配合中國情治人員指示，接觸現退役軍官助長中共情蒐。此外，該黨幹部具竹聯幫背景比例極高，2010年至2024年間查獲黨員涉殺人、強盜、跨國人口販運等罪更高達134人。請繼續往下閱讀...國安人士表示，全球多個民主國家都曾透過司法途徑，解散威脅憲政秩序的政黨，對照國際前例就會發現，解散統促黨實為必然處置。例如西班牙的巴塔蘇納黨，被視為巴斯克恐怖組織「埃塔」（ETA）的政治側翼，頻繁製造治安事件與社會恐慌，甚至謀害憲警、部隊軍官與政府官員，最終經最高法院裁定解散，並於2013年全面終止活動。該人士另舉南韓統合進步黨為例，該黨推崇北韓、破壞民主制度。2014年該黨幹部李石基及黨員，試圖襲擊南韓通信設備與儲油等核心設施，甚至謀劃在戰爭爆發時與北韓合作，對南韓採取武力行動。南韓憲法法院最終認定，該黨意圖顛覆南韓自由民主體制，甚至試圖修改南韓憲法，與北韓戰略一致，嚴重違反民主國家政黨的基本秩序，因而勒令解散。國安人士分析，各國法院裁定政黨解散的核心依據都是「對國家安全產生實質危害」及「破壞民主體制」，而非單純的政治立場或言論與政府相左。南韓統合黨一案有秘密集會錄音，及具體破壞基礎設施的謀劃證據；西班牙巴塔蘇納案則有長期與恐怖組織資金及人事重疊證據。該人士強調，統促黨長年破壞台灣民主、法治，協助中共吸收退役軍官、滲透宮廟，危害國家安全，從幹部到幫眾，多人、多案件都已宣判定讞，此次內政部聲請該黨憲法法庭解散，是必須途徑，才能讓國人安心。    ,https://news.ltn.com.tw/news/politics/breakingnews/5523437
林雪峰案判決確定！梁文傑：最高法院肯認中共是境外敵對勢力,政治,2026/07/30 18:49,中國國民黨員林雪峰涉犯「反滲透法」等罪判刑4年定讞。（資料照）曾代表國民黨參選嘉義市議員落敗的林雪峰，接受中國資助、招攬村里長赴中旅遊，介入總統大選，最高法院昨維持二審判決，依違反「反滲透法」等罪判刑4年定讞。林女拒收嘉檢執行傳票，被拘提到案。陸委會發言人梁文傑今天強調，中共政府是境外敵對勢力，這個受到最高法院的肯認，它對未來相關法院在處理類似的案件，都會有重大影響。根據判決書，56歲林雪峰為了爭取選民支持國民黨總統候選人侯友宜，2023年8月到11月間，接受中國浙江省台州市台辦林姓處長委託、指示及資助，招攬嘉義縣村里長、民眾赴中國6天5夜旅遊。請繼續往下閱讀...據描述，此案涉及「落地招待」，參加團員僅需支付新台幣1萬6000元團費，其餘費用均由台州市台辦資助，中方並利用餐敘機會，向團員宣揚「希望支持某特定政黨候選人當選」等理念。最高法院昨天維持二審判決，依「反滲透法」、「總統副總統選舉罷免法」等罪，判林雪峰4年徒刑、褫奪公權3年，並追徵沒收犯罪所得9600元定讞。梁文傑在陸委會記者會表示，這個案子其實也拖兩三年了，但從這個案子的判決，其實是有一些很有意義的地方。跟大家報告一下，這件是用「反滲透法」判刑，「反滲透法」規定是，要受境外敵對勢力所派遣之人或組織，接受指示做一些行為。梁文傑舉例，法院過去在判定什麼叫境外敵對勢力時，常常會非常混淆。譬如這一次被告林雪峰，她辯稱中共是我國的友好勢力，不是境外敵對勢力云云，所以不應該是「反滲透法」之罪，但是這次從一審的地方法院判決就很清楚。梁文傑指出，判決書提到「眾所周知，兩岸自38年分治以來，其間曾經歷八二三砲戰，嗣兩岸局面一度穩定，台海和平，然敵對關係始終並未解除，中共官方一直宣稱不放棄對台灣使用武力等語，近年來更頻繁出動軍機、軍艦擾台，甚至在台灣周遭進行軍事演習，以武力恫嚇台灣」。梁文傑接續說，「依以上開說明，中共政府顯屬主張採取非和平手段危害我國主權並與我國武力對峙之國家、政治實體或團體，構成反滲透法第二條第一款所規定是境外敵對勢力，至台州市台辦為該境外敵對勢力之所屬組織，當然都是滲透來源」。「這部分定義一旦清楚，之後其它的相關法律爭議就比較好解決！」梁文傑直指，所以這個案子從一審判決有罪，二審判決有罪到最高法院定讞。近年來，一直有人說中共不是境外敵對勢力，一直有這樣說法，但法院現在很明確有這樣的判決，而且受到最高法院的肯認，「我想它對未來相關法院在處理類似的案件，都會有重大影響。」林雪峰案判決確定，陸委會發言人梁文傑強調，中共政府是境外敵對勢力，這個受到最高法院的肯認，它對未來相關法院在處理類似的案件，都會有重大影響。（記者陳鈺馥攝）    ,https://news.ltn.com.tw/news/politics/breakingnews/5523425
佀廣洋神隱多日終於現身 面對媒體提問只回這2字,政治,2026/07/30 18:43,放棄國民黨提名的桃園市議員參選人佀廣洋（左2），出席桃園區模範父親代表表揚大會。（擷取自桃園區公所臉書）放棄國民黨提名的桃園市議員參選人佀廣洋，今天上午穿著國民黨立法委員萬美玲服務團隊背心，出席桃園區模範父親代表表揚大會，面對媒體提問，他尷尬回應「謝謝」後離去。民進黨桃園市議員黃瓊慧說，佀廣洋道歉後過3週，今天終於出來面對社會大眾，「對自己過去的爭議，他選擇輕輕放下」，但市民心中都有一把尺，面對爭議，他不好好交代清楚，霸凌的疑雲就會一直存在。請繼續往下閱讀...佀廣洋宣布參選桃園市議員後，被爆出許多黑歷史，決定放棄國民黨提名，「未來，我會以更加謙卑的態度、更加踏實的行動，繼續努力，不讓支持我的人失望」；爭議事件不斷爆出之後，佀廣洋神隱多日，今天首度現身公開活動，僅以「謝謝」回應媒體提問。    ,https://news.ltn.com.tw/news/politics/breakingnews/5523327
酸蔣萬安狂蹭陳其邁 張以理：問過柯志恩感受嗎？,政治,2026/07/30 18:40,張以理（中）酸蔣萬安想選2028，卻狂蹭陳其邁。（張以理提供）台北市長蔣萬安繼拋出「倒閣」主張後，29日接受廣播專訪時，更進一步點名高雄市長陳其邁是「新任閣揆」的適合人選。對此，曾任陳其邁競選總部發言人、高市青年局長的左楠區議員參選人張以理笑稱，「蔣萬安想選2028狂蹭陳其邁，怎麼不多花點力氣幫幫柯志恩，有問過柯志恩的感受嗎？」張以理表示，如果蔣萬安市長對加入陳其邁市府發言團隊這麼有興趣，頻頻代為發言，作為「發言人前輩」，他自己很願意傾囊相授親自擔任蔣萬安的「蔣師」，傳授如何成為一名合格且稱職的發言人。請繼續往下閱讀...張以理說，玩笑歸玩笑，陳其邁市長已清楚說明，目前最核心的工作就是「把食安工作做好，替市民健康把關，並認真建設高雄市政到任期的最後一天」。針對蔣萬安的發言，陳其邁今天受訪時更直言政治最不缺的就是「講一些有坑無筍的」（台語俗諺，比喻不著邊際或沒有結果的事）。他強調人民的期待、不分黨派的期待，就是務實地把本分做好，民眾「不期待市長整天講些政治題」、「難道同樣的事情發生在高雄，國民黨籍的市議員會放過我嗎」。就連新北市長侯友宜近日也直言「把工作做好，卡實在」。張以理呼籲，台北市民期待的是一位腳踏實地、對市政有承諾的市長，希望蔣萬安市長能夠謙卑地傾聽陳其邁的建言，專心回到市政正軌，不要再把這些無謂的政治動作，當成自己攻取2028大位的練習場域。    ,https://news.ltn.com.tw/news/politics/breakingnews/5523287
被控開路「集體圖利」渡假村開發案 台東7議員怒駁：圖個「鳥」,政治,2026/07/30 18:36,台東建和農路拓寬衍生弊案。（記者黃明堂攝）針對台東縣議員林參天質疑建和農路改善工程涉及7名縣議員聯合撥用380萬元建議款、涉嫌「集體圖利」議長吳秀華家族投資的東映渡假村，被點名的縣議員鄭崗山嚴正駁斥，強調提列50萬元建議款完全是基於在地民眾的實際陳情與需求，絕非受議長吳秀華拜託，更無所謂圖利情事。林參天今天指出，這項工程除了縣府的2800萬元預算，還有7位議員以自己的小型工程建議款配合，總共380萬元，呼籲檢調單位深入追釐清是否涉有集合式圖利或共謀情事。7議員包括副議長林琮翰100萬元、翁麗吟、尤忠正、古志成、鄭崗山、楊招信各50萬元、黃碧妹30萬元。請繼續往下閱讀...鄭崗山表示，該區段農路的改善工程早在多年前就已推動並完成了第一階段，但因當時未全線貫通完工，地方民眾希望能將剩餘路段補齊、提升整體交通與農運便利性。他強調，民意代表接獲鄉親陳情後提列建議案，最終仍須送交台東縣政府進行專業審查，審核通過後才撥款推動，「我們願意幫忙就幫忙，純粹是服務民眾，哪來的圖利？」古志成表示，該案時間久遠，自己對當時具體的補助金額早已不清楚，當時是出於同僚合作與支持地方建設的考量，才配合簽署建請補助，相關審查與核銷依然是由縣政府全權核定辦理，根本沒有能力去圖利特定業者，外界無須過度聯想。楊招信直指林參天的說法完全是「胡說八道」、根本是用屁股想的指控。他強調，該農路改善工程讓當地卑南鄉溫泉村等地的居民通行與產業運輸更加便利，做起來後當地選民都非常高興與支持，且現場改善路段僅8米多寬，主要是在頂端三叉路口與迴轉處進行小範圍拓寬與補強，根本不像外界抹黑的誇張規格。林參天完全是「小政治打手」，故意配合特定政黨發動政治炒作與抹黑，真實目的只是為了要將議長吳秀華「弄臭」。    ,https://news.ltn.com.tw/news/politics/breakingnews/5523323
陸委會拒中共統戰官員來台 梁文傑曝北市府不爽申請,政治,2026/07/30 18:34,陸委會發言人梁文傑。（記者陳鈺馥攝）上海市台辦主任金梅、台辦副主任李驍東等中共官員，無法來台北市參加小貓熊見面會，引發關注。陸委會發言人梁文傑今天揭露，台北市政府原本說對岸有18人要來，但陸委會只同意13人，不讓負責統戰工作的台辦主任來，北市府顯然不太滿意，後來就沒有申請來台。據了解，台北市政府原本擬邀請中共官員一同見證雙城論壇的成果，預定7月來台出席小貓熊見面會。不過，陸委會日前已知會北市府，告知不會同意讓上海市台辦主任金梅、副主任李驍東、上海市政府副秘書長張玉鑫及隨團中共官媒來台。請繼續往下閱讀...關於2026雙城論壇將在台北舉行，之後是否會讓上海市官員來台參加？梁文傑在陸委會例行記者會回應，現在講雙城論壇還早，因為才7月而已，台北市政府也沒有跟我們提過這件事，還是要看兩岸氣氛及對岸的作為。針對小貓熊見面會一事，梁文傑進一步說明，台北市政府原本是說對岸有18人要來，其中有台辦主任、副主任、上海的官方媒體、上海市政府副秘書長，還有上海市政府其他各局處，例如水務局、交通委員會、綠化管理局、動物園等。梁文傑談及，對我方來說，如果是純粹動物園之間的交流，比較像是專業交流，水務局、綠化管理局等單位，這些都可以來。但是台辦主任、副主任和上海官媒部分，我方認為，基於現在中國對台種種打壓的手法，我們認為不宜，也有跟北市府溝通，亦即18人只會同意13人來，但是北市府後來就沒有申請了。梁文傑強調，純粹動物園交流的話，相關負責業務的局處來台，然後就小貓熊的事宜雙方做一些交換意見和經驗就夠了，根本不需要負責做統戰工作的人來，但台北市政府顯然不太滿意，他們後來就沒有申請，這是整個狀況。    ,https://news.ltn.com.tw/news/politics/breakingnews/5523392
媒體採訪國土署都審會議遭拒門外 記協：涉及公共利益須開放監督,政治,2026/07/30 18:20,台灣新聞記者協會發表聲明，譴責國土署限縮新聞採訪自由。（台灣新聞記者協會提供）公共電視台「我們的島」節目專題記者到內政部國土署都市計畫委員會採訪「高雄新市鎮第三期開發案」審議會議時，遭禁止進入會議室拍攝及旁聽事件，國土署提出「內政部國土空間計畫審議會議及會場管理要點」規定，拒絕記者採訪；對此，台灣新聞記者協會譴責，國土署限縮新聞採訪自由，必須開放監督。台灣新聞記者協會今天發布聲明說明，國土署掌管「國土計畫」政策，須將國土功能分區，涉及環境保護、都市更新、營造發展、經濟建設乃至民宅遷拆等重要議題，尤其「都市計畫委員會」是關於各地方重要的都市計畫發展，內涵土地使用、公共設施，住宅、商用、工業、道路、學校、公園以及環境規劃，皆與民眾公共利益息息相關，也因此媒體有必要且有職責進行監督。請繼續往下閱讀...記協指出，憲法保障言論自由，經大法官釋字第689號解釋涵蓋新聞自由，如對採訪自由限制，必須有法律授權且符合比例原則。而依「政府資訊公開法」保障人民「知的權利」，第7條第1項第10款也明定「合議制機關之會議紀錄」屬於應主動公開之資訊。其他同樣涉及重大公共利益的合議制審議會，如「環境影響評估法」與「環境部環境影響評估審查旁聽要點」，也都明文保障媒體記者可申請進入會議場所旁聽。記協說，但國土署多年來僅透過內政部「管理要點」，直接禁止媒體記者採訪都市計畫審查會議，認為此舉明顯涉及限縮媒體採訪權，有逾越權限的違憲問題；都市計畫委員會可決定一個城市的更新、建設、投資等重大公共利益，動輒牽涉到數十億到上千億元的都更案或重大交通建設，也可能衝擊不會說話的野生動植物與山林，難道國土署可憑沒有法律位階的要點，就規避媒體監督嗎？記協強調，據了解，過去都市計畫審查會議，也曾開放媒體參與民眾發言與簡報環節，但相較於環境部環評審查會上，媒體可全程在場，僅在環評委員閉門討論階段時不得攝影與錄音；政府部門不同單位，面對媒體採訪權的作法，不盡相同，但媒體立場始終不變，就是站在人民及公共利益與環保等角度，多方平衡報導，以發揮第四權價值。記協呼籲，內政部應儘速修改「內政部國土空間計畫審議會議及會場管理要點」，將媒體採訪權納入定稿規章，保障新聞採訪自由，以落實民主社會下的資訊開放，將關乎重大公共利益的審查會議攤在陽光底下，接受人民及媒體監督。台灣新聞記者協會發表聲明。（台灣新聞記者協會提供）    ,https://news.ltn.com.tw/news/politics/breakingnews/5523319
馬公市普發振興經濟禮金有望？ 行文澎湖縣政府爭取財政支持,政治,2026/07/30 18:17,"馬公市公所行文澎湖縣政府，爭取補助發放每人5000振興經濟禮金。（記者劉禹慶攝）年底5合1選舉將屆，澎湖縣5鄉1市除馬公市外，都已發放5000至1萬5000元不等振興經濟禮金，在國民黨馬公市長參選人洪棟霖提出普發5000元政見後，更形成尋求連任市長的黃健忠壓力，馬公市公所發文澎湖縣政府尋求財務支援，規劃發放每人5000元，但緣起是吳仁祥代表提出每人發放1萬元，依照會議決議辦理。馬公市公所表示，依據地方制度法，有關地方自治事項社會福利、地方經濟發展及居民生活照顧等事項，地方自治團體得視財政能力辦理之自治事項。另依財政收支劃分法精神，地方政府應兼顧財政衡平及地方建設，以維持地方施政與民生需求。請繼續往下閱讀...由於馬公市代會多位代表，會議期間建議馬公市公所參照其他鄉市辦理振興經濟禮金發放措施，但馬公市公所受限整體財政條件，近年歲入成長有限，且須優先支應各項法定支出、人事經費、基礎建設、道路排水改善、社會福利、環境清潔及公共設施維護等經常性需求，整體財政調度壓力沉重。依公共債務法第12條規定，馬公市公所新增舉借額度為1億2355萬9000元,如全面發放振禮金，經費相當龐大，以6月底6萬2726人每人發5000元估算，即需編列3億1363萬元，市庫財政無法負擔，敬請澎湖縣政府同意協同補助發放，每人由市公所1500元、澎湖縣政府補助3500元辦理發放。馬公市長黃健忠表示，發放振興禮金依據馬公市代會決議辦理。（記者劉禹慶攝）    ",https://news.ltn.com.tw/news/politics/breakingnews/5523371
駁讓運動部長李洋罰站 羅廷瑋：民進黨顛倒黑白阻法案,政治,2026/07/30 18:14,立法院教育及文化委員會審查「電子競技運動發展基本法草案」等案，民進黨立委陳培瑜與主席羅廷瑋就程序問題發言針鋒相對，運動部長李洋一臉尷尬，無奈無法上台報告。（記者田裕華攝）立法院教育及文化委員會今天審查「電子競技運動發展基本法草案」等案，民進黨立委陳培瑜與委員會召委羅廷瑋就程序問題發言針鋒相對，運動部長李洋只能一臉尷尬，無奈無法上台報告，站在旁邊近十分鐘；綠委吳思瑤批羅廷瑋放鳥全場百位官員、上演鬧劇。對於民進黨指控讓運動部長李洋罰站，羅廷瑋回應，現場影像證明是綠委反對其坐下，民進黨顛倒黑白、轉移焦點，呼籲綠營停止造謠及程序杯葛。羅廷瑋指出，綠委持續以程序發言干擾議事，最後更提出散會動議，阻止法案進入實質逐條審查。民進黨一方面聲稱重視電競發展，另一方面卻拒絕進入條文審查，甚至再次以散會動議阻擋討論。真正沒收電競選手、電競產業工作者及年輕世代發聲機會的，正是民進黨。請繼續往下閱讀...對於民進黨立委指控「羅廷瑋讓運動部長李洋罰站」，羅廷瑋說，現場影像已經清楚還原事實。他多次示意李洋可以坐下，反而是陳培瑜出聲反對。畫面中，李洋準備坐下時還特別看向陳培瑜、吳思瑤，最後仍未坐下，究竟是誰請李洋坐、誰不讓李洋坐，社會大眾一看便知，後續李洋發言時，吳思瑤還作勢要求李洋要講10分鐘。另外，林宜瑾委員還對李洋拍桌子講話，也被羅廷瑋召委阻止指正，大家都可以看直播，民進黨卻反過來造謠羅廷瑋讓李洋罰站，完全是顛倒黑白、轉移焦點。羅廷瑋說，此次並非只審查個人版本，而是併案審查多位立委及黨團提出的5個版本。委員會先前已召開公聽會，運動部也早在5月25日進行內部討論，並研擬自己的運動部政策版本，既然已有具體方案，為何遲遲不願公開提出，甚至不敢支持自己研擬的方向，究竟是政策尚未準備完成，還是受到政治壓力，才選擇配合反對、迴避實質討論，難免引發外界聯想。羅廷瑋嚴正呼籲民進黨停止造謠、停止轉移焦點，更不要再以程序杯葛及散會動議阻擋各項法案。若民進黨真正重視電競，就應提出具體版本，接受公開討論與檢驗。電競選手與產業已經等待多年，民進黨不能一邊高喊支持電競，一邊用散會動議讓電競發展停留在原地。運動部長李洋終於得以發言後，立法院教育及文化委員會舉手表決通過散會動議。（記者叢昌瑾攝）    ,https://news.ltn.com.tw/news/politics/breakingnews/5523288
蔣萬安聲量狂漲劍指總統大位？黃益中曝最大「致命傷」,政治,2026/07/30 18:11,圖為台北市長蔣萬安出席2026台美城市產業商機媒合會。（記者羅沛德攝）從號召725凱道遊行到提出倒閣，台北市長蔣萬安近日接連拋出全國性議題，讓他討論度大增，外界認為代表他有意競逐2028總統大位。對此，政治評論員黃益中指出，當蔣萬安聲量不斷衝高，甚至可能變成藍營唯一能與總統賴清德一戰的人選，這時就會面臨最大的考驗，也是他的致命傷「落跑市長」。黃益中昨日在政論節目《新聞面對面》表示，目前藍營2028總統的「上選」還是台中市長盧秀燕，但蔣萬安一路狂衝的結果，可能反而最後在民調中，成為能追上賴清德的人選，屆時蔣萬安將迎來最大考驗。請繼續往下閱讀...黃益中指出，日前一份民調中顯示，有55%的民眾支持蔣萬安當台北市長，但在同一份民調中，高達6成台北市民反對他「落跑選總統」，這將成為一個「緊箍咒」。黃益中大膽建議，蔣萬安乾脆今年就別選了，讓藍營自家人乾脆都死心，免得到時候「落跑市長」扣在自己身上，反而受傷更重。黃益中表示，不清楚蔣萬安是否現在會開始盤算，因為這個議題實在牽涉太大。主持人謝震武也直呼：「今天連任不選，哪有這種道理。」黃益中表示，但如果不這樣做，到時候大家等著看，蔣萬安明年若選上台北市長又去選總統，扣上「落跑市長」的時候，還有沒有辦法保持現在的政治聲量，「大家走著瞧」。    ,https://news.ltn.com.tw/news/politics/breakingnews/5523370
柯志恩指台苯關廠恐有其他未爆彈  高市石化產業總工會邀8/6開會,政治,2026/07/30 18:06,台苯高雄林園廠關廠，柯志恩提出四大訴求與行動計畫。（柯志恩競辦提供）台苯宣布高雄林園廠將自10月1日停產，恐影響160多位勞工權益，國民黨高雄市長參選人柯志恩日前表達關切，提出「四大訴求與行動計畫」，承諾將與石化產業勞工面對面對談；已獲得高雄市石化產業總工會肯定，邀請她於8月6日召開石化產業研討會議，共商政府如何支援勞工並傾聽勞工心聲。柯志恩表示，半年前信昌化工林園廠傳出大規模裁員時，她即察覺石化廠關廠、停產恐陸續發生，當時就曾與多個石化產業工會進行擴大座談，即提出勞動部列入僱用安定措施的9個行業類別裡，並沒有石化業，應將石化業也納入僱用安定措施中，如今近半年過去，勞動部還是沒有動作。請繼續往下閱讀...柯志恩進一步說，就她了解，當前石化產業經營情況相當險峻，繼台苯之後，可能還有其他未爆彈，現在石化業勞工人人自危，即便想轉入其他石化企業，也沒工作機會。台苯透過處分資產已順利回收約19億元現金，具備充足的資本進行半導體特化與綠能轉型，希望勞工局督促事業單位善盡雇主責任。針對如何照顧石化業勞工與推動傳統產業轉型，柯志恩已提出「四大訴求與行動計畫」，包括呼籲台苯安置方案盡可能加碼中高齡員工保障；推動廠區轉型內部留用；提供跨企業職涯媒合，成立林園石化轉型人才媒合專區；爭取中央碳費挹注勞工權益基金。柯志恩承諾，未來若擔任高雄市長，將依據《氣候變遷因應法》的公正轉型精神，向環境部爭取「溫室氣體管理基金」專案補助高雄，並將爭取的經費部分撥入高雄市勞工權益基金，成立「石化及高碳排產業公正轉型專戶」，專款用於因石化及高碳排產業關廠受衝擊勞工的過渡期生活補助、子女教育補助等。    ,https://news.ltn.com.tw/news/politics/breakingnews/5523318
挺內政部聲請解散統促黨 綠委：盼憲法法庭切除國安毒瘤,政治,2026/07/30 17:55,民進黨立委郭昱晴。（資料照）內政部今（30）日指出，統促黨核心成員涉嫌違反「國家安全法」、「反滲透法」、「兩岸人民關係條例」，已危害國家安全、社會穩定及選舉公正性，將向憲法法庭聲請解散統促黨。對此，民進黨立委郭昱晴贊同說，政黨運作不能危害自由民主，期待憲法法庭能依據具體事證，做出公正裁決。內政部指出，統促黨涉有接受中共指示，在台發展組織，吸收中配參與相關活動，引介現役、退役軍人赴中，發展間諜網路；並引入中資介入選舉，協助候選人造勢與賄選，招待選民赴大陸旅遊賄選，發動陳抗妨害候選人選情。及協助中共經營電台傳播認知作戰訊息，並滲透民間社團、宮廟等活動呼應統戰。請繼續往下閱讀...第二，跨境鎮壓製造臺灣民主噤聲氛圍，包括何韻詩遭潑紅漆案、台大「中國新歌聲」濺血事件與機場暴力對待黃之鋒案。第三，有多名黨員長期從事組織犯罪，並涉及「臺灣地區與大陸地區人民關係條例」、「國家安全法」、「反滲透法」案件遭起訴。此外，創始人張安樂為該黨章明定的精神象徵及總裁，曾公開自稱為「中共同路人」，宣稱組建「紅色隊伍」以宣傳中共意識形態。「我完全認同、也高度支持內政部的做法。」郭昱晴說，台灣最珍貴的是民主與自由，但自由不能成為破壞自由的工具，民主更不能沒有自我防衛的能力；雖然憲法保障人民留組織政黨的自由，但是政黨的運作不能危害自由民主憲政秩序。郭昱晴指出，統促黨長期以來的所作所為，已經遠遠超越了正常政黨的紅線。他們有組織地配合境外勢力、介入選舉，核心成員更屢次涉入「國家安全法」和「反滲透法」。這不是在做政治競爭，而是利用台灣的自由，在危害台灣的國家安全。郭昱晴說，內政部依法向憲法法庭聲請解散，這絕非政治打壓，而是最基本的依法行政，也是守護台灣民主最正確的一步。期待憲法法庭能依據具體事證，做出公正裁決。只有果斷切除國安毒瘤，才能真正保護台灣2300萬人的生活方式。    ,https://news.ltn.com.tw/news/politics/breakingnews/5523296
民進黨中央級幹部親屬赴中失聯 梁文傑：沒有蓋牌,政治,2026/07/30 17:55,陸委會發言人梁文傑。（記者陳鈺馥攝）有關立委披露，傳民進黨中央高級幹部的親屬赴中後失蹤。陸委會發言人梁文傑今日進一步說明，這個案子家屬並沒有向海基會或陸委會陳情，陸委會是尊重家屬意願，我們會關注。立委謝龍介前兩天有發公函來問陸委會，我們從來沒有接受過不是家屬情況下來問案情，該案我們是不會向任何人透露的。國民黨立委謝龍介昨在立法院內政委員會質詢時披露，傳出有一位民進黨中央高級幹部的親屬赴中國後失蹤，陸委會主委邱垂正答詢時證實，28日下午接獲該案件通報，將積極協助處理。請繼續往下閱讀...至於台南坊間盛傳，民進黨中央高級幹部親屬赴中失蹤一事，當事人是民進黨中執委謝舒凡的姊姊，目前是被關進深圳羅浮監獄。梁文傑對此表示，我們沒辦法透露個資，只能說我們大概瞭解該案，還是尊重家屬意願。根據陸委會統計，國人赴中失聯、遭留置盤查或遭限制人身自由案件，自2024年至今年7月22日為止，累計共402人。據了解，雖然家屬並未向陸委會通報，而是謝龍介主動發文詢問，陸委會也會將此案列入案件紀錄。梁文傑在陸委會例行記者會指出，這個案子大概是7月初知道情況，也透過管道知道案情，但家屬並沒有來向海基會或陸委會陳情。陸委會就是尊重家屬意願，我們會持續關注。梁文傑提及，謝龍介前兩天有發公函問陸委會有沒有這個案子，我們從來沒有接受過不是家屬、而是立委的情況下來問案子，我們是不會把家屬不願意說的事或個人隱私向任何人透露的，所以謝龍介說我們「蓋牌」，這個與事實不符。陸委會就是尊重家屬意願，很多家屬覺得案子想用自己的方式處理，我們都尊重。有媒體質疑，陸委會僅關注卻不介入。梁文傑回應，很多被中國拘留的案子，家屬會心生恐懼，對岸司法制度與台灣不一樣，很多家屬覺得透過台灣政府來處理，反而會讓對岸加重迫害，所以實務上碰到很多家屬不願意，這個我們沒有辦法強求。不能夠政府或陸委會想幫助，最後害到家屬或家屬產生抱怨，政府不會去做這樣的事。也有媒體質疑，陸委會是否只會呼籲國人沒事不要去大陸，到底有無更積極作為？梁文傑說，「我們沒有叫國人沒事不要去大陸」，每一次開記者會都是呼籲、提醒公務人員沒事不要去，因為有檢察官、法官、移民署的警察、軍人等等，很多案例在中國受到國安盤查，除非你是因公。梁文傑說明，國人的部分我們是提出橙色警戒，相關警戒跟外交部對其他國家的警戒是一樣，譬如外交部對柬埔寨也是橘色警戒，但沒有說國人不要去柬埔寨，要不要去是由國人來做決定。梁文傑強調，中共要台灣承認九二共識，要求承認台灣是中國一部分、北京是中國唯一的合法政府，我們是不可能承認的。因為這些前提，他們就對很多兩岸既有協議就不執行，這個不是我方的問題。梁文傑說，當然國人赴中發生事情，政府還是會積極協助，但畢竟也要對岸政府配合才行，很多人認為要找台灣這邊有辦法的人或跟中國交情好的政治人物，已經很多人被騙，所以對於陸委會、海基會來講，會盡量來做協助，但問題的根源還是對岸堅持政治前提，不履行過去的協議。    ,https://news.ltn.com.tw/news/politics/breakingnews/5523334
民進黨中央級幹部親屬赴中失聯 梁文傑：沒有蓋牌,政治,2026/07/30 17:55,陸委會發言人梁文傑。（記者陳鈺馥攝）有關立委披露，傳民進黨中央高級幹部的親屬赴中後失蹤。陸委會發言人梁文傑今日進一步說明，這個案子家屬並沒有向海基會或陸委會陳情，陸委會是尊重家屬意願，我們會關注。立委謝龍介前兩天有發公函來問陸委會，我們從來沒有接受過不是家屬情況下來問案情，該案我們是不會向任何人透露的。國民黨立委謝龍介昨在立法院內政委員會質詢時披露，傳出有一位民進黨中央高級幹部的親屬赴中國後失蹤，陸委會主委邱垂正答詢時證實，28日下午接獲該案件通報，將積極協助處理。請繼續往下閱讀...至於台南坊間盛傳，民進黨中央高級幹部親屬赴中失蹤一事，當事人是民進黨中執委謝舒凡的姊姊，目前是被關進深圳羅浮監獄。梁文傑對此表示，我們沒辦法透露個資，只能說我們大概瞭解該案，還是尊重家屬意願。根據陸委會統計，國人赴中失聯、遭留置盤查或遭限制人身自由案件，自2024年至今年7月22日為止，累計共402人。據了解，雖然家屬並未向陸委會通報，而是謝龍介主動發文詢問，陸委會也會將此案列入案件紀錄。梁文傑在陸委會例行記者會指出，這個案子大概是7月初知道情況，也透過管道知道案情，但家屬並沒有來向海基會或陸委會陳情。陸委會就是尊重家屬意願，我們會持續關注。梁文傑提及，謝龍介前兩天有發公函問陸委會有沒有這個案子，我們從來沒有接受過不是家屬、而是立委的情況下來問案子，我們是不會把家屬不願意說的事或個人隱私向任何人透露的，所以謝龍介說我們「蓋牌」，這個與事實不符。陸委會就是尊重家屬意願，很多家屬覺得案子想用自己的方式處理，我們都尊重。有媒體質疑，陸委會僅關注卻不介入。梁文傑回應，很多被中國拘留的案子，家屬會心生恐懼，對岸司法制度與台灣不一樣，很多家屬覺得透過台灣政府來處理，反而會讓對岸加重迫害，所以實務上碰到很多家屬不願意，這個我們沒有辦法強求。不能夠政府或陸委會想幫助，最後害到家屬或家屬產生抱怨，政府不會去做這樣的事。也有媒體質疑，陸委會是否只會呼籲國人沒事不要去大陸，到底有無更積極作為？梁文傑說，「我們沒有叫國人沒事不要去大陸」，每一次開記者會都是呼籲、提醒公務人員沒事不要去，因為有檢察官、法官、移民署的警察、軍人等等，很多案例在中國受到國安盤查，除非你是因公。梁文傑說明，國人的部分我們是提出橙色警戒，相關警戒跟外交部對其他國家的警戒是一樣，譬如外交部對柬埔寨也是橘色警戒，但沒有說國人不要去柬埔寨，要不要去是由國人來做決定。梁文傑強調，中共要台灣承認九二共識，要求承認台灣是中國一部分、北京是中國唯一的合法政府，我們是不可能承認的。因為這些前提，他們就對很多兩岸既有協議就不執行，這個不是我方的問題。梁文傑說，當然國人赴中發生事情，政府還是會積極協助，但畢竟也要對岸政府配合才行，很多人認為要找台灣這邊有辦法的人或跟中國交情好的政治人物，已經很多人被騙，所以對於陸委會、海基會來講，會盡量來做協助，但問題的根源還是對岸堅持政治前提，不履行過去的協議。    ,https://news.ltn.com.tw/news/politics/breakingnews/5523334
竹北天坑案爆「藏寶圖」藏賄款  監院彈劾前竹縣工務處長江良淵,政治,2026/07/30 17:34,前新竹縣政府工務處長江良淵。（資料照，記者黃美珠攝）新竹縣政府工務處前處長江良淵，於主責竹北「豐采520」建案期間，藏匿鉅額來源不明財產現金1483萬餘元，並長期收受建商餽贈，復罔顧公共安全，圖利默許建商於停工期間違法施工，致周邊道路屢生嚴重坍塌（天坑）之重大公安事件。監察院認定嚴重敗壞官箴通過彈劾，全案移送懲戒法院審理，並於今（30日）公告彈劾案文及審查決定書。本彈劾案監委施錦芳、紀惠容所提，根據審查決定書，表決結果為成立13票、不成立0票，江良淵彈劾成立。江良淵為簡任第11職等，現調任新竹縣政府簡任秘書。請繼續往下閱讀...彈劾案文指出，被彈劾人身為地方建管最高主管，本應廉潔自持，竟將高達1483萬5000元之不明現金藏匿於排水溝、防潮箱等隱密處所，其中竹北住處陽台排水溝內竟藏放139萬6000元之不明現金，且因沾滿汙泥而毀損，甚至以「寶藏圖」以標記藏錢位置，更無法說明鉅款之合法來源；復長期收受其監督建商之餐券及住宿券等餽贈，嚴重戕害公務人員清廉形象與政府公信力。案文並指出，依新竹縣政府建築爭議事件處理辦法等相關規定，建築工程發生公安疑慮勒令停工後，必須經嚴謹審查方得繼續施工，被彈劾人竟徇私枉法，明知建商於停工期間仍違法施工，卻未予制止並予以默許，圖利建商獲取近4000萬元之違法施工利益，終致建案周邊道路發生多次嚴重坍塌，陷民眾於巨大公安風險之中，顯已嚴重違反公務員服務法相關規定。案文續指，上開犯行經台灣新竹地方法院一審審理終結，認定犯貪污治罪條例「公務員財產來源不明罪」及「圖利罪」罪證明確，應執行有期徒刑6年6月，褫奪公權4年。監察院表示，被彈劾人所為已違反公務員服務法、公務員廉政倫理規範等相關規定，且觸犯貪污治罪條例等刑事罪責，事證明確，情節重大，核有公務員懲戒法第2條第1款規定之事由，爰提案彈劾，並移送懲戒法院審理，依法懲戒，以肅官箴。    ,https://news.ltn.com.tw/news/politics/breakingnews/5523286
自由說新聞》解散倒數！統促黨「黑歷史」全曝光 ！網轟「叛國公敵」下一步回娘家？,政治,2026/07/30 17:32,全新的視界！新聞話題不漏接，快訂閱YouTube 【自由追新聞】，記得開啟小鈴鐺哦！    ,https://news.ltn.com.tw/news/politics/breakingnews/5523306
內政部聲請解散統促黨  張安樂囂張回嗆「蒐集資料解散民進黨」,政治,2026/07/30 17:26,統促黨總裁「白狼」張安樂聲稱，將蒐集資料聲請解散民進黨。（記者陸運鋒攝）內政部長劉世芳今在「聲請中華統一促進黨違憲解散」記者會上宣布，統促黨已危害國家安全、社會穩定及選舉公正性，將在8月初向憲法法庭聲請解散統促黨。對此，統促黨總裁「白狼」張安樂受訪時聲稱，對於內政部要聲請解散統促黨並不擔心，因為這已經是他們第三次說要解散了；他更稱，民進黨拿到政權後還犯罪，不可原諒，而且把台灣帶上戰爭邊緣，簡直草菅人命，另外也要蒐集資料聲請解散民進黨。張安樂表示，內政部要聲請解散統促黨就坦然面對，但我們也要提出訴訟，準備蒐集民進黨的資料聲請解散，第一個理由是，民進黨取得人民的信任，拿到政權後還犯罪，不可原諒；第二、政府應該要保護台灣人民生命財產安全，但民進黨把台灣人民推上戰場。請繼續往下閱讀...張安樂指稱，上次內政部說要解散統促黨時，我們到內政部去列了民進黨歷年犯罪的名單，而統促黨犯罪的比例，跟社會上比例一樣的，但民進黨利用人民的信任取得政權，拿到權力來犯罪是不一樣的，他們才更應該要檢討。張安樂宣稱，最近可能會登個廣告，把民進黨該負的責任列出來，這些人犯了甚麼罪，包含反滲透法、國安法等，他們犯了更多，甚至還有共諜案，打算要「以彼之矛攻彼之盾」，用相同方式要解散民進黨。最後張安樂則稱，因為知道內政部要開記者會的時候已經太晚了，早知道就拿標語去了，用同樣的標準，要先解散民進黨。張安樂指稱，民進黨拿到政權後還犯罪，不可原諒，而且把台灣帶上戰爭邊緣，簡直草菅人命，另外也要蒐集資料聲請解散民進黨。（記者陸運鋒攝）    ,https://news.ltn.com.tw/news/politics/breakingnews/5523290
白委質疑僑委會百萬考察「吃甜點」也列機密 徐佳青：未曾說是機密預算,政治,2026/07/30 17:24,僑委會公布近3日僑務委員會回應國會索資進度表。（僑委會提供）立院民眾黨團今（30）日再度召開記者會質疑，僑委會委員長徐佳青出差獨旅近1月花逾百萬，更將吃「法國總統級甜點」、看電影大濛也列機密，痛批徐「說謊」應自行辭職。對此，徐佳青今日下午回應澄清，她未曾說相關預算屬於機密預算，僅強調需隱蔽海外僑胞個資，立委可藉由索資了解。僑委會即日起將固定提供立院索資內容，及資料提供與回覆進度，以受公評。徐佳青下午透過僑委會發布新聞稿回應指出，她未曾表示相關預算屬於機密預算、回國報告為機密，僅強調回國差旅報告上網需做隱蔽型的處理，因涉及海外僑胞個資，但立委皆可以索資方式，了解完整行程。請繼續往下閱讀...徐佳青強調，僑委會近年差旅預算增加，是因應國際油價上漲及全球通膨達 10％至15％導致，她出差時多無隨行同仁，且自行拉行李跑行程。徐佳青指出，中央政府總預算所編列的派員出國計畫預算編列方式，中央政府總預算編列的差旅類別，共有8項，包括「考察」、「視察」、「訪問」、「開會」、「談判」、「進修」、「研究」與「實習」，而在《中央政府總預算案僑務委員會主管（單位）預算書第1冊》第149頁至第 155頁，僑委會編列的差旅類別，僅有「視察」、「訪問」、「開會」3類，民眾黨立委所稱之「考察、進修、研究」等公務活動，皆非為僑委會差旅預算編列範圍。徐佳青表示，僑委會的服務對象為海外僑民，業務內容也以服務海外僑民、海外僑校及僑台商與僑生為主，若不進行出國差旅、不與海外僑團僑社僑民接觸，才是尸位素餐。徐佳青強調，僑委會服務的對象雖在海外，但自己在立院或國內重要會議，皆事必躬親，至今皆無缺席。為昭公信，僑委會即日起將固定提供立院索資內容，及僑委會資料提供和回覆進度，供各界參考與公評。僑委會也公布近3日僑務委員會回應國會索資進度表。徐佳青說，最近一次民眾黨記者會，有針對僑委會相關業務，透過索資方式，掌握行程和預算等資訊，僑委會深表敬意。    ,https://news.ltn.com.tw/news/politics/breakingnews/5523274
「給阿嬤的情書」將在台首映  梁文傑酸：國台辦一講就成統戰片,政治,2026/07/30 17:23,電影《給阿嬤的情書》，將於桃園電影節「超級場」舉行台灣首映。（桃園電影節提供）中國電影「給阿嬤的情書」8月將於「2026桃園電影節」舉行台灣首映。中國國台辦昨聲稱，希望台灣觀眾能從「給阿嬤的情書」，體認到兩岸同胞有著共同的文化、相同的情感；陸委會發言人梁文傑今日大酸說，相關題材不足為奇，但國台辦一講就成了統戰片，一講就染上政治色彩，「電影歸電影，國台辦最好少說點話」。中國潮汕方言電影「給阿嬤的情書」講述中國南方潮汕地區的阿嬤守候海外未歸的丈夫，孫子遠赴泰國尋找阿公、揭開海外華僑寄回的家書兼匯款「僑批」故事。請繼續往下閱讀...中國外交部日前已邀請70多國駐中使節與外交官觀賞「給阿嬤的情書」，並宣稱希望各國透過電影「讀懂中國」。陳斌華在國台辦記者會聲稱，「華僑下南洋」和「唐山過台灣」，都是閩粵沿海居民遠離故鄉、不畏艱險、跨海謀生創業的歷史，是兩岸同胞的共同記憶。希望台灣觀眾能從「給阿嬤的情書」中看到自己阿公阿嬤、阿祖祖嬤的身影，理解他們對唐山故土的眷戀、對親友、故人的牽掛，體認到兩岸同胞有著共同的文化、相同的情感。對此，梁文傑在陸委會記者會表示，他沒看過這部片，相關的題材不足為奇，但國台辦一講就成了統戰片，國台辦一講就染上政治色彩，「電影歸電影，國台辦最好少說點話」。    ,https://news.ltn.com.tw/news/politics/breakingnews/5523277
科技執法近3成案件未舉發 桃園市警察局：宣導期間測試才未舉發,政治,2026/07/30 17:23,桃園市區有越來越多路口實施科技執法。（記者謝武雄攝）桃園市街頭最近增加不少科技執法設備，多位市議員今天質詢要求以勸導代替處罰，不要讓民眾認為政府「搶錢」。此外，科技執法設備會先自動偵測疑似違規，再由員警審核影像，確認符合要件才製單舉發，然而，去年未舉發率高達28.6％，雖較前年46.6％有所改進，但仍遭審計部桃園市審計處決算報告檢討要求減少可能產生的風險；警察局長廖恆裕則說明，這是宣導期間測試未開單所致。市議員彭俊豪說，科技執法最大優點就是可以24小時連續執法、降低員警負擔，但也有民眾陳情，科技執法的目地不是為了交通安全，而是政府要搶錢；另審計處去年度決算報告出爐，對於科技執法未舉發率高達3成提出檢討，認為這很可能會產生認定標準不一致糾紛。請繼續往下閱讀...議員許家睿也認為，要設置科技執法一定要有完善作業流程，包含設置、下架的要件，事先充分宣導，定期檢討成效；議員王珮毓提到，設置科技執法設備，員警開單量、民眾陳情量大增，事實上，科技執法是最後一步，如何改善各項設施讓民眾養成守法習慣才是要務。廖恆裕解釋，科技執法啟用前均有2至3個月的宣導期，宣導期間透過官網公告、運用媒體露出，也會在科技執法路口的四面行向皆設置告示牌，隨時提醒民眾遵守交通規則，但宣導期間科技執法還是會測試精準度，但不會舉發才會造成有未舉發案件問題；此外科技執法達到事故降低目標會下架移除。他說，另統計今年1到6月，科技執法舉發交通違規件數較去年同期減少5千餘件、下降2.71％，交通事故也減少259件，事故發生率降低約8％，顯示科技執法已經達到一定成效。    ,https://news.ltn.com.tw/news/politics/breakingnews/5523235
基層公務員赴福建遭中共國安盤查！梁文傑曝先後被帶走3次,政治,2026/07/30 17:16,陸委會發言人梁文傑。（記者陳鈺馥攝）國人赴中失聯、遭留置盤查或遭關押案件，自2024年至今年7月22日為止，累計共402人。陸委會今日公布一起最新案例，有一名內政部轄下三級機關公務人員，今年6月前往中國福建，先後竟遭中共國安單位帶走盤問，留置盤查時間高達6至7小時。陸委會發言人梁文傑在例行記者會表示，今年6月期間，有一名內政部下屬機關的基層人員去到福建，被中共國安單位盤問三次，都從住處帶到第三地，盤查時間加總6至7小時，中方有查看手機、詢問工作狀況，打聽機關同仁和內部流程等。請繼續往下閱讀...梁文傑指出，該名公務員所屬單位是內政部下面三級機關，被盤問三次，乃因第一次盤問後，中方覺得不滿意，覺得盤問不夠，又到住處把人帶走，後來又帶走一次，此事顯示中方確實對我公務人員有一定掌握和了解。每一件案件都是公務員經歷後回報的，不要以為你是基層公務員赴中就沒事。此外，中國國台辦日前公布數據，根據中國國家出入境管理局統計，今年1月至6月，台灣民眾赴中國有285萬人次，較去年同期成長24.9%。梁文傑分析，今年1到6月是國人出國大爆發，前往國家第一名是日本、第二名是中國，這是整體的狀況，國人去日本、中國、韓國、越南都爆發性成長，這是反映台幣匯率及股市榮景，而且去中國參團旅遊也比日韓便宜，陸委會立場是告訴大家風險存在，但對於公務員赴中前必須先經機關核准。    ,https://news.ltn.com.tw/news/politics/breakingnews/5523248
立法院討論安樂死法草案 石崇良：不適合公投決定,政治,2026/07/30 17:13,衛福部長石崇良出席立法院社會福利及衛生環境委員會，強調安樂死是非常嚴肅的生命議題，需要充分的社會溝通，不該用倉促的方式處理，也不是可以用公投尋求「yes or no」這麼簡單。（記者田裕華攝）安樂死合法化議題討論多年，卻始終無法取得結論，近期民眾黨將提安樂死公投，立法院衛環委員會則於今日審議安樂死相關草案，衛福部長石崇良強調，安樂死是非常嚴肅的生命議題，需要充分的社會溝通，不該用倉促的方式處理，也不是可以用公投尋求「yes or no」這麼簡單。民眾黨立委邱慧洳今日於立法院衛環委員會中多次詢問石崇良「是否支持安樂死」，對此石崇良表示，以他作為醫師的態度是「我不會執行積極安樂死」，但安樂死能否正式立法不是個人能夠決定，從政策角度來說，為了達成病人尊嚴善終，衛福部會不斷討論並審慎評估。請繼續往下閱讀...此外，石崇良表示，安樂死涉及議題非常廣，需社會充分溝通，不是yes or no這麼簡單，並不是適合用公投處理的題目，且眾多安樂死規範中都提及「無法忍受的痛苦」，如何定義此類情況也需要評估；對於邱慧洳要求衛福部提出安樂死可行性的評估報告，石崇良表示，預計1年的時間可給出報告內容。民進黨立委林淑芬說，求好死、善終都是長者口中的「福報」，社會上很多人支持安樂死，不是不珍惜生命，而是害怕癌症末期無法控制的疼痛、失智帶給家人的負擔、中風後完全失能與倚賴他人等，這樣的恐懼不是憑空想像，而是看得到、接觸得到，也發生過的事。林淑芬強調，過去衛福部總是以不能害怕老去、失能、長照來回應患者的恐懼，並以道德勸說支持安樂死者，她也深知生命一旦結束就無法補救，因此立法討論過程中需要更多的對話，且一定要開啟對話，好好評估醫療、長照、社會支持、法律制度是否已經準備好承受這項無法挽回的決定。此外，民進黨立委劉建國認為，安樂死相關法案是需要非常嚴謹、審慎面對的法案，且立法院並不是沒有相關草案等待討論，按理應進入委員會進行實質討論才是正道，沒想到在野黨竟試圖藉由人數優勢，將安樂死這樣嚴肅、複雜、慎重的議題付諸公投、草率處置，實在有愧全民對立委的托付與期待。劉建國指出，目前國會已經建置「公共政策參與平台」，民眾可提出意見，若達5000個附議就能成案，相關單位要做出回應，自2016年平台啟用迄今，已有40餘項安樂死相關提案，其中僅2案達到附議門檻，顯示民間也用非常審慎的態度討論此類議題，絕不能急就章的處理。此外，劉建國強調，過去推動「病人自主權利法」，經歷無數次委員會討論，就每個環節、範疇、層次多次溝通，對於安樂死也應該用仔細、慎重、嚴肅的態度討論，不能為了政治操作、年底選舉，或是某些目的，導致議題失焦，讓攸關生命的法案輕率通過。    ,https://news.ltn.com.tw/news/politics/breakingnews/5523247
菸害防制法朝野協商 出口免健康風險評估、添加物不受規範未達共識,政治,2026/07/30 17:12,立法院朝野今（30）日協商「菸害防制法」部分條文修正草案。（記者許詠晴攝）立法院朝野今（30）日協商「菸害防制法」部分條文修正草案，其中，國民黨立委陳超明等31人提案，專供出口的指定菸品，免申請健康風險評估審查，以及添加物不受中央規範，只要符合輸入國法規即可。最終朝野未達共識，因此，除第七條、第十條保留送院會協商，其餘照審查會審查結果通過。「菸害防制法」第七條規定，業者在製造及輸入中央公告的指定菸品前，應先申請健康風險評估審查；第十條規定，菸品不得使用中央禁止的添加物。藍委提案兩者都增訂「專供出口者，不在此限，但應符合輸入國法規」，因朝野無法達成共識，保留送院會協商。請繼續往下閱讀...此外，攸關入境旅客攜帶類菸品及其組合元件相關罰則部分，第二十五條之一通過修正為，違者處1年以上、7年以下有期徒刑，得併科新臺幣500萬元以下罰金；其查獲物件數1000件以下，且總淨重未逾10公斤者，處3年以下有期徒刑，得併科新臺幣300萬元以下罰金。今天通過修正條文包括，第十五條之一、第十五條之一、第十五條之二、第二十五條之二、第二十五條之二、第三十條、第三十五條之一、第四十四條、第四十七條。立法院朝野協商「菸害防制法」部分條文修正草案。（記者許詠晴攝）    ,https://news.ltn.com.tw/news/politics/breakingnews/5523227
「油不得你」AI深偽李四川要政府有雅量 戴瑋姍質詢侯友宜,政治,2026/07/30 17:07,新北市長侯友宜今日赴新北市議會接受質詢。（記者黃子暘攝）國民黨青年部前主任韋淳祐涉嫌利用AI配音使用總統賴清德的聲音，發布「油不得你」影片，引發各界關注，台北市長蔣萬安要求究責「衝著他來」，國民黨新北市長參選人李四川則要求政府要有雅量。新北市議員戴瑋姍今（30）日質詢新北市長侯友宜詢問看法，侯友宜說，司法案件就應回歸司法程序辦理，他尊重司法調查、不要干預司法。戴瑋姍表示，全國去年有23件與性相關的深偽造假案件，關於個資法的案件可能更多，每個人都可能受害，這等新興技術鑑定不易，試問曾任警政署長的侯友宜是否認同李四川對此案的態度？她批評，韋淳祐是李四川團隊的一份子，而李四川對此案的回應是毫無法治觀念，侯友宜支持這樣的人當新北市長嗎？司法案件應該依照刑事、民事規定辦理。請繼續往下閱讀...侯友宜指出，司法案件辦理要有憑有據，且應回歸司法程序辦理，依照證據、法定程序來走，不要干預司法，他尊重司法調查，且他認為每個人都有法治觀念，新北市如果有相關報案，也都會依法積極查處。警察局長方仰寧也補充，如有被害人提告，新北警會依法受理、進行深偽影音鑑定。    ,https://news.ltn.com.tw/news/politics/breakingnews/5523225
為國會改選議題互槓！ 盧秀燕自認女媧補天 游盈隆：只是實話實說,政治,2026/07/30 17:02,游盈龍說國會改選只比天塌下來機會多一點，台中市長盧秀燕則說要女媧補天。（記者歐素美攝）中央選舉委員會主委游盈隆今天下午到台中市政府拜會市長盧秀燕，針對游隆稍早接受媒體訪問指出，國會改選的機會只比天塌下來大一點，盧秀燕回擊指出，「中華民國的事情很難講」，她是六都唯一女市長，有女媧補天的決心跟能力；游盈隆則表示，只是開玩笑，或不改讀書人的毛病「實話實說」，完全沒有不好的意思。游盈隆表示，因距離年底選舉不到4個月，今天專程到台中市拜會盧市長，雖然地方選委會隸屬於中選會，但是實際運作上，地方選委會需要市府大力支持，許多選務工作若無市府及市長的大力支持，選務人員的招募等等就會很困難，今天除與第一線工作人員交換選務的意見，一定要來跟市長打個招呼，很謝謝盧市長百忙之中撥空接見中選會選務團隊。請繼續往下閱讀...盧秀燕說，非常歡迎游主委一行來拜訪，台中市非常重要，因為我們是大城市，人口286萬，投票人數超過全國的10分1以上，請主委放心，台中市選務非常龐大，但我們有決心及經驗，一定全力以赴，辦好選務。盧秀燕表示，今年選舉說不定會很複雜，原來只是地方大選，可是今年也許會有公投，甚至國會改選也說不定，三合一加起來的話，選務工作既複雜、難度又高，且前所未見，所以她很希望跟主委團隊請教，要做哪些準備。盧秀燕隨後話鋒一轉，針對游盈隆稍早表示「國會改選機會比天塌下來多一點」，強調她是六都唯一的女市長，有女媧補天的決心跟能力，如果萬一，中華民國的事情很難講，包括大罷的事情怎麼會發生，也因此，如果真的國會改選，台中市府會拿出女媧補天的決心跟能力，務必全力以赴，把選務工作辦好。游盈隆為此回應指出，因沒想到有那麼多記者採訪，他是開玩笑，或是不改讀書人的毛病，「實話實說」，完全沒有不好的意思，但他要補充一點，如果國會投不信任票，同時成功的通過門檻、倒閣成功，然後總統解散國會，就必需在60天內重新改選，這是從來沒發生過的事情，盧市長說若國會改選要與地方選舉合併舉行，這是了不起的洞見，因為只有這個選擇，沒有其他選擇，但比辛苦的就是選委會，選務單位依法行政，如果有任務交給選委會，選委會也會全力以赴。中央選舉委員會主委游盈隆率選務團隊拜會台中市長盧秀燕。（記者歐素美攝）    ,https://news.ltn.com.tw/news/politics/breakingnews/5523219
蔣萬安最熟悉的角色？ 溫朗東酸：用政治口水罵民進黨的人形立牌,政治,2026/07/30 17:00,溫朗東表示，近日蔣萬安（見圖）如魚得水，只需要扮演他最熟悉的角色：一個用政治口水罵民進黨的人形立牌。（記者田裕華攝）毒油案延燒，725凱道怒吼，台北市長蔣萬安拋出倒閣，名嘴溫朗東表示，蔣萬安最近如魚得水，他找到了可以迴避所有市政攻防的契機，不再需要假裝自己對政策有了解，只需要扮演他最熟悉的角色「一個用政治口水罵民進黨的人形立牌。」溫朗東在臉書PO文指出，這個角色是蔣萬安選市長以來的本命牌。他選立委的時候，可以靠家世，可以靠形象，吸引到一些淺藍跟搖擺的票。等到他選市長的時候，他民調一度被陳時中咬住，等到他火力全開用政治語言漫罵綠營，支持者的熱情被點燃，才帶動了他的選情。請繼續往下閱讀...溫朗東指出，政治語言的攻防本也是民主選舉的必然。複雜的政策攻防太難懂，還是得要化成幾句簡單的口號。雖然蔣萬安的口號既非自己想的，也念的不太順，背稿背到讓人「凍未條」。但政治是相對比較，一樣是罵綠營，蔣萬安罵綠營，總比傅崐萁罵得好看。溫朗東說，蔣萬安是一個「政治演員」，有一組長年經過特化的表演技術。起因可能來自於，他從小就必須「扮演比實質的自己更優秀的人」所發展出的自我保護機制。這組技術有點像馬英九，特別注重表情跟聲線管理，但巔峰的馬英九還是比蔣萬安有料，也比蔣萬安有情緒。溫朗東強調，蔣萬安的技術是他了解如何在各種狀況下，擺出一副嚴肅而不失慈愛的表情，講一些他自己也沒搞懂的台詞來穩住場面。很少人注意到，他的最大優點是他幾乎沒有情緒失控與爆言，永遠忠實的進行自己的表演任務，這很大一部份得利於他真的懂得很少，他的眼界看不到任何具體的市政後果，自然也就沒有情緒。    ,https://news.ltn.com.tw/news/politics/breakingnews/5523205
《澎湖海戰》突撤檔！范世平曝7大原因：拍習近平馬屁拍到馬腿,政治,2026/07/30 16:58,由王學圻、胡軍、易烊千璽、趙麗穎等人出演的中國統戰電影《澎湖海戰》，本月25日上映前驚傳撤檔。（本報合成，擷取自微博）斥資23億新台幣的中國戰爭電影《澎湖海戰》，原定於7月25日上映，突在上映前6天傳出撤檔，引發外界議論。台師大教授范世平今（30日）分析指出，這部片表面上是歌頌康熙統一台灣、大拍習近平馬屁的統戰作品，實際上卻存在七大致命問題，不僅陷入「高級黑」與「低級紅」的窘境，更是在諷刺習近平對台工作上的一籌莫展。范世平今天以「為何中國禁播「澎湖海戰」？」為題在臉書發文表示，這部電影完全是一部針對台灣的「統戰大片」，描述1683年（康熙22年）清國水師提督施琅率福建水師進攻澎湖，大敗明鄭水師，最終實現康熙皇帝統一台灣的宏願。這部戲從2021年8月正式立案、歷經3年的籌備，2024年8月開鏡、12月殺青。請繼續往下閱讀...范世平指出，該片不僅請來香港名導鄭保瑞執導，由資深影帝王學圻、胡軍等一線演員主演，更請到台灣歌手周興哲共同主唱主題曲「光復」，甚至在去年10月25日台灣光復80週年時，發布首支「統一臺灣，勢不可擋」預告片，同時在致敬曲「澎湖」MV中結合解放軍畫面以古喻今。范世平續指，製片商是「長影集團」，前身是中共在1949年建政後的第一個電影公司「長春電影製片廠」。該片從規劃、卡斯、經費到道具，都是「史詩級」的巨片；能與其類比的是2009年上映的「建國大業」，為慶祝中華人民共和國建國60週年，以及2011年上映的「建黨偉業」，為慶祝中國共產黨成立90週年。范世平補充，今年3月20日「長影集團」董事長莊嚴率製作團隊與演員公開亮相，全員佩戴象徵「應當歸來」之當歸胸花。5月21日該片在廈門舉辦介紹會，邀請全中國的院線公司與影管公司代表300餘人觀賞；隔天發布「天下大勢，乘風而來」的125秒預告片，意指兩岸統一是大勢所趨。范世平強調，由此可見這部片的政治意味極為濃厚，而且完全針對統一；但也在拍習近平的馬屁，因為他在1985至2002年在福建工作了17年，「說好福建故事」與凸顯福建的重要性，也等於變相歌頌他對福建的貢獻，讓他更有正當性的在明年中共21大續任第四屆總書記，掌權長達20年。然而，馬屁卻可能拍在馬腿上，造成上映前3天忽然傳出下架。范世平分析，首先施琅是個叛將，原本是鄭成功的大將，卻投靠清朝而消滅鄭的後代，根本是「以怨報德」，施琅不應塑造成偉人的形象。其次，習近平上台後最恐懼的就是叛將，所以大肆整肅高階將領，目前7位中央軍委會委員只剩下2位（其中一位是習），卻迄今未補齊。第三，這部片是相當的「高級黑」，表面上是歌頌康熙出兵澎湖與統一台灣，實際上卻是諷刺習近平不敢打台灣，遠遠不及康熙，甚至不像康熙是民族英雄，而是民族敗類。第四則是「低級紅」，該片表面上讚揚習近平在福建的貢獻，實際上卻是諷刺他在對台工作上的一籌莫展，讓民進黨在中央執政了12年，甚至是16年。眼看2049年即將到來，將是兩岸分治達100年，但兩岸統一的可能性卻是越來越低。第五，是擔心掀起民族主義與愛國主義，如果「戰狼」被吹起，則「武統台灣」的壓力就會落在他的肩上。第六，施琅攻台是侵略戰爭，並非台灣人希望他率軍來台平亂，因此不是「簞食壺漿以迎王師」，這也讓外界覺得若日後中國武力犯台，也是侵略，這是國際無法接受的，所以此片是「哪壺不開提那壺」。第七，即便清朝在1683年收復了台灣，1895年又因「甲午戰爭」失敗，而把台灣割給日本，即便日本在1945年戰敗，但在1951年的「舊金山和約」中卻凸顯「台灣主權未定論」，所以此片看似一錘定音的強調台灣勢必被中國統一，反而顯示台灣問題的複雜性。最後，范世平認為，此事件凸顯中國體制的極大問題，這部電影經過層層審批與政治檢查，長達三年的慎密規劃，竟沒有發現這七個致命的問題，顯示監督與查核機制完全失靈，或是這麼龐大的組織根本是官官相護與一味蒙蔽；另一方面，製作單位花了這麼多錢與精力，就在習近平的一句話下就全成了泡影，這些損失要向誰要求賠償？就像當初「新冠肺炎」時上海說封城就封城，這讓很多外商擔心這種難以預測的政治風險，真是天威難測，實在太可怕了。    ,https://news.ltn.com.tw/news/politics/breakingnews/5523038
從725到倒閣！于北辰驚吐蔣萬安目的：2028不讓藍營重返執政,政治,2026/07/30 16:51,台北市長蔣萬安號召下，國民黨25日在凱道舉行「我是人，我反毒台」集會。（資料照）從號召725凱道遊行到喊出倒閣，台北市長蔣萬安近日討論聲量暴衝。不過，桃園市議員于北辰分析，這是因為蔣萬安自己評估2028總統大選贏不了，因此他並不想選，這一系列的操作，就是怕藍營2028由別人參選最後贏了。于北辰昨日在政論節目中表示，自己本來以為蔣萬安2028選定了，現在卻覺得他不會選。「以蔣萬安的膽識，他不敢選，他要做保險的事」。于北辰認為，蔣萬安不選2028，卻也不願讓國民黨選上。國民黨2028選情本來就很困難，現在只要讓立法院長韓國瑜沒辦法選上，做一個倒閣，讓韓國瑜當不了院長，連舞台都沒了，「那怎麼選？」請繼續往下閱讀...于北辰說，蔣萬安現在的「最高指導原則」，「就是2028他可以不選，但是2028不能讓藍營重返執政，這樣他2032才有希望」。    ,https://news.ltn.com.tw/news/politics/breakingnews/5523202
花蓮地震善款遭調查 綠營批：傅崐萁永遠躲在後面,政治,2026/07/30 16:49,花蓮縣政府在2018年舉行震災感恩餐會昔開300桌遭前議員莊枝財質疑是為了幫徐榛蔚造勢。（資料照）花蓮地檢署29日指揮調查站人員搜索花蓮縣政府社會處，帶回處長陳加富、莊姓公務員等6人，調查0206、0918地震善款遭檢舉帳目不清等問題。民進黨花蓮市民代表莊依婕說，當年她父親、前縣議員莊枝財不斷追查善款，發現很多不當使用，最後也被監察院揪出，現在尊重司法調查，但她質疑，為什麼花蓮每次都是這些基層出來背責任，當年的主事者傅崐萁都永遠躲在後面？莊依婕在臉書發文說說，2018年，前花蓮縣議員莊枝財，就曾在議會一再追問善款的流向，質疑感恩餐會、感恩大禮包，還有幫傅崐萁、徐榛蔚2人造神的文宣印製等支出到底花了多少錢？而後來善款剩餘十幾億，為什麼全國民眾捐給花蓮災民的善款，會被縣府拿去做公共工程？那災民真正得到什麼？為什麼這種支出，會需要動用到善款？請繼續往下閱讀...莊依婕說，全國人民捐這筆錢，是希望災民能重新站起來，不是希望善款被拿去做讓大家充滿疑問的支出，但她更想問的是，為什麼每次花蓮縣府出事，都是局處首長在第一線被約談、被追究？真正做決策的人是誰？真正拍板的人又是誰？真正的主事者傅崐萁應該出來，把事情說清楚、講明白，給大家一個交代。縣議員張美慧則說，對於善款也追蹤很多年，多次在議會中質詢，但縣府總是推給善款委員會閃避，像是至少有7.2億遭花蓮縣政府用於縣內公共建設用途上，而非直接用在協助受災戶上，然後昨天處長等基層公務員被調查，縣府第一時間就用臉書等公器，帶風向攻擊司法是政治辦案，但傅崐萁任內善款的運用早就被外界質疑很久，這些問題，不只是災民想知道，全國曾經捐款幫助花蓮的人，也都有權利知道。前花蓮縣議員莊枝財2018年5月曾踢爆縣府舉辦「地震後感恩餐會」，用遊覽車動員全縣村里民參加，席開300桌，宴請3000賓客，質疑傅崐萁想要用善款幫參選縣長的徐榛蔚造勢；遭議員踢爆後，縣府用公務預算東拼西湊籌錢近1000萬辦理，徐榛蔚也未出席。結果遭監察院查出，震災感恩餐會及震災紀實文宣裝封及寄送等多項採購案，竟以身心障礙福利、廢棄物處理及防疫業務費支出，違反採購程序及預算流用遭糾正。花蓮縣政府在2018年發行震災紀實文宣，內容都是針對傅崐萁、徐榛蔚救災的畫面進行紀錄，被議員莊枝財質疑是為了選舉造勢。（資料照）    ,https://news.ltn.com.tw/news/politics/breakingnews/5523207
台東這條農路的前世今生！昔是隱沒草叢小徑  今是柏油大道,政治,2026/07/30 16:37,台東市青海路338巷農路現況是康莊大道。（記者黃明堂攝）1條原本隱沒在台東市建和山區、寬度僅約3公尺的水泥小徑，如今已由台東縣政府拓寬為寬達15公尺的柏油、水泥的寬敞道路，在清除了原本的草叢林木之後，卻也掀開了盤根錯節的政商關係，如今演變成震撼台東政壇的圖利疑雲。翻閱過去的街景舊照，這條青海路3段338巷的舊貌猶如秘境般，兩旁被密集的野生樹木與雜草包圍，如今現況卻是切開山林景觀、築起混凝土擋土牆的嶄新柏油道路，寬度大多為8公尺，最寬的轉彎處有15公尺。請繼續往下閱讀...農路所在地位於卑南族建和部落，當地的族人說，這條農路平時很少人使用，只有部落舉辦鞦韆祭時，族人會走到山上砍竹子，不知為何要拓寬到這麼好？更好笑的是，此處山坡地容易在豪雨時發生洪水，縣府拓寬了只做擋土牆，卻沒有一併做排水溝，萬一發生洪水將無處渲洩。這項農路拓寬工程引發爭議，主因是道路通往的山坡地，正是台東縣議長吳秀華家族與財團合資開發的「東映渡假村」預定地，無黨籍縣議員林參天質疑是吳秀華運用政治影響力，指使縣府為她的家族投資的渡假村量身打造聯外道路，公器私用涉嫌圖利。在地居民說，對當地人而言，道路變寬並未增加通行需求，一樣是很少人會走，但可以確定的是，就算未來渡假村不蓋了，道路兩旁的地價都會上漲，昔日寧靜的山林小徑，如今因政治與財團利益的交織而褪去綠意，這條被硬生生鑿寬的大路，不但改寫了山坡地原貌，也讓縣府公共工程背後的行政中立原則與政商關係，受到社會大眾檢視。GOOGLE街景仍可見台東市青海路338巷農路昔日風貌，狹窄小徑兩旁是草木叢。（取自GOOGLE）    ,https://news.ltn.com.tw/news/politics/breakingnews/5523156
黃世杰敬老卡政見年花72億 桃市府酸打假球：財源從哪來？,政治,2026/07/30 16:36,桃市府反擊黃世杰所提一年花費超過72億元的敬老愛心卡政見，質疑財源到底從哪來？（記者李容萍攝）民進黨桃園市長參選人黃世杰持續對敬老愛心卡對桃園市政府提出批評，市府新聞處長羅楚東（30）日說，黃世杰只要回答一個核心問題，就是他提出一年花費超過72億元的敬老愛心卡政見，財源到底從哪來？若只會透過沒有實質內容的叫陣叫囂刷存在感，這些行為對市民來說是沒有意義的。羅楚東指出，既然黃世杰不知道自己能做什麼，市府也很樂意給予實質建議，黃世杰應該趕快要求中央改革目前藉非法定社福支出而扣減一般性補助款的不合理制度，幫桃園市民要回屬於市民的預算，否則一邊開支票、一邊默許中央抽銀根，包裝再漂亮的政見也只是打假球。請繼續往下閱讀...羅楚東提醒，早在前市長鄭文燦首任市長期間，即有議員提出敬老愛心卡擴大使用範圍等相關建議，但鄭市府始終未予推動。令人不解的是，當時黃世杰擔任市政參議、顧問的高官，身處決策體系，為何當年沒有據理力爭？對照黃世杰過去的冷漠和現在的高調，更凸顯他的投機。羅楚東說，張善政市府推動任何政策，都是依據長輩實際使用需求、政策目的、財政負擔及執行可行性進行完整評估，而不是一句口號就拍板定案。敬老愛心卡新方案歷經長時間研議，就是希望兼顧鼓勵長輩外出、促進社會參與及制度可行，與臨時抱佛腳的黃世杰有本質上的不同。    ,https://news.ltn.com.tw/news/politics/breakingnews/5523128
白狼統促黨危害國安！內政部8月初聲請解散  3大理由曝光,政治,2026/07/30 16:28,內政部長劉世芳（中）主持「聲請中華統一促進黨違憲解散」記者會，提出聲請解散統促黨三大理由。（記者劉信德攝）內政部長劉世芳今（30日）在「聲請中華統一促進黨違憲解散」記者會宣布，統促黨多名核心成員因涉有違反「國家安全法」、「反滲透法」、「台灣地區與大陸地區人民關係條例」、「總統副總統選舉罷免法」、「公職人員選舉罷免法」、「組織犯罪防制條例」及「刑法」等情形，已危害國家安全、社會穩定及選舉公正性，內政部將在8月初向憲法法庭聲請解散中華統一促進黨。內政部指出，「中華民國憲法增修條文」第5條明確規定，政黨的目的或其行為，不得危害中華民國之存在或自由民主之憲政秩序，有違反者，即屬違憲，依「政黨法」第26條規定，對於違憲的政黨應由主管機關內政部檢具相關事證，聲請司法院憲法法庭解散之。請繼續往下閱讀...內政部次長馬士元說明，中華統一促進黨違憲解散案，政黨審議會已於去年1月2日決議通過，並指示後續廣泛蒐集事證。經蒐整相關事證，本部認為該黨之目的及行為，已危害中華民國之存在或對自由民主之憲政秩序。第一，該黨涉有接受中共指示，在台發展組織，吸收中配參與相關活動，引介現役、退役軍人赴中，發展間諜網路；並引入中資介入選舉，協助候選人造勢與賄選，招待選民赴大陸旅遊賄選，發動陳抗妨害候選人選情。及協助中共經營電台傳播認知作戰訊息，並滲透民間社團、宮廟等活動呼應統戰。第二，跨境鎮壓製造台灣民主噤聲氛圍，包括何韻詩遭潑紅漆案、台大「中國新歌聲」濺血事件與機場暴力對待黃之鋒案。第三，有多名黨員長期從事組織犯罪，並涉及「台灣地區與大陸地區人民關係條例」、「國家安全法」、「反滲透法」案件遭起訴。此外，創始人張安樂為該黨章明定的精神象徵及總裁，曾公開自稱為「中共同路人」，宣稱組建「紅色隊伍」以宣傳中共意識形態。內政部強調，憲法保障人民有組織政黨的自由，但政黨的組織及運作應以恪遵憲法規範，維護自由民主憲政秩序為要旨。內政部作為政黨主管機關，對於危害自由民主憲政秩序的政黨，須採取必要的民主防衛機制，以守護中華民國存在。內政部呼籲，政黨從事政治活動，應確實遵守憲法、政黨法及相關法律規定，不得接受境外敵對勢力指示、委託或資助，從事發展組織行為，危害中華民國，以共同維護我國自由民主，健全政黨政治發展。    ,https://news.ltn.com.tw/news/politics/breakingnews/5523167
鄭麗文喊守住雲林翻轉南台灣  力拚2028國民黨重返執政,政治,2026/07/30 16:27,國民黨主席鄭麗文出席雲林縣黨部提名同志懇託會，批民進黨執政把台灣搞得烏煙瘴氣，呼籲大家團結守住雲林、翻轉南台灣，迎向2028國民黨全面執政。（記者黃淑莉攝）國民黨主席鄭麗文今（30）日南下雲林參加雲林縣婦女菁英領袖成長營及、國民黨提名同志懇託會，鄭麗文批民進黨執政一個比一個傲慢，出事就甩鍋給地方，「空嘴薄舌」把台灣搞到烏煙瘴氣，呼籲國民黨黨工及支持者要團結，支持黨提名雲林縣長參選人張嘉郡，守住雲林，翻轉南台灣，迎向2028年國民黨的全面執政。鄭麗文上午由縣長張麗善及張嘉郡陪同，出席婦女菁英領袖成長營，下午又到斗六市公所斗六廳參加由雲林縣黨部主辦的基層小組長授證暨五合一選舉提名同志懇託會。請繼續往下閱讀...鄭麗文致詞指出，民進黨執政一個比一個傲慢，總統賴清德執政2年感受不到端出什麼牛肉政策，每天造謠、抹黑國民黨，最近致癌油是無法處理還是在袒護？遇事情中央不處理甩鍋給地方，把台灣搞得烏煙瘴氣。鄭麗文說，還好在民進黨中央執政，國民黨在地方執政的縣市長認真、負責任在做事，且每一位表現都是五星級、鑽石級。雲林縣長張麗善像裝了鹼性電池，1天24小時永遠精力充沛，做了快8年比誰都認真。鄭麗文打趣說，張嘉郡雖然沒有「長高」但「長大」了，擔任2屆立委，成熟、穩健、專業、認真，希望一棒接一棒，棒棒是強棒，讓好的政策、施政延續，讓世界看見雲林。鄭麗文表示，時代不一樣，現在是新媒體時代、網路時代、社群時代，只要有手機就是媒體，她呼籲國民黨全台各地小組長、幹部團結起來，加倍努力，打一場全新選戰，守住雲林，攻下南台灣，迎向2028年國民黨全面執政。國民黨主席鄭麗文出席雲林縣黨部提名同志懇託會，呼籲大家團結守住雲林、翻轉南台灣，迎向2028國民黨全面執政。（記者黃淑莉攝）    ,https://news.ltn.com.tw/news/politics/breakingnews/5523141
白營批花百萬考察「吃甜點」列機密 嗆徐佳青：說謊還敢教人當立委？,政治,2026/07/30 16:23,民眾黨團今（30日）召開記者會，總召陳清龍（右）、幹事長邱慧洳（左）對僑委會委員長徐佳青出國考察報告爭議提出質疑。（記者陳治程攝）民眾黨日前公開質疑陸委會副主委沈有忠、僑委會委員長徐佳青分別考察越南、歐洲，是「假考察、真觀光」，引發當事人嚴正回應；徐更強調她獨自赴歐行程正當，反嗆白委不索資就噴口水，若不會當立委她能教。對此，民眾黨團今揭露完整報告質疑，徐獨旅近1月花逾百萬，更將吃甜點、看電影也列機密，痛批她「說謊」應自行辭職。民眾黨黨團今（30日）召開「吃甜點 看大濛 列機密?? 徐佳青『謊言』脫光光」記者會，總召陳清龍、幹事長邱慧洳出席，對僑委會委員長徐佳青出國考察報告爭議提出質疑。請繼續往下閱讀...民眾黨立法院黨團總召、立委陳清龍表示，徐佳青今年4月底至5月中旬、長達26天的歐洲「獨旅」，總花費高達新台幣115萬，但出國考察報告內容空洞、缺乏具體成效，品質「比小學生的報告都還不如」，質疑公費私用，由人民納稅錢支應她旅行開銷，要求向人民公開說明下榻飯店、餐費等旅宿細節，不該一味用「涉及機密」的理由來規避監督。邱慧洳進一步抨擊，徐佳青5月13日公開行程為「拜會僑務團體」，但比對中央社事後報導，發現實際上是去品嚐「法國總統級甜點」，痛批她「是怕太刺激台灣人民才列機密嗎？」此外，許還將欣賞國片《大濛》寫入行程中，但這部曾被前總統蔡英文公開分享的作品，卻被她列為機密不合理；更指前主席柯文哲曾公開造訪中華公所，徐卻選擇遮掩，心態可議。陳清龍指出，依據《行政院及所屬各機關出國報告綜合處理要點》，若報告經首長核定為「機密」，相關內容本就不需上傳至公開資訊網；但徐佳青一邊宣稱行程機敏、不該「脫光光」給中共看，卻又將近乎完整的22頁考察報告上傳，質疑報告內容只要遮蔽個資即不構成密件，反問若真是機密報告，就拿出首長核定公文證明，否則就是公然說謊「自打臉」。對於徐佳青放話要教「怎麼做立委」，邱則回嗆「你這種立委資歷是0天的人，好意思說要來教導我們有6個月資歷的民眾黨立委？」強調民眾黨立委扎實履職、依法索資監督，直言她沒有這資格。陳清龍重申，徐委員長赴歐獨旅考26天、一人就花115萬，而在索資後取得完整報告才發現根本就不是機密，竟連看電影、吃甜點也算機密，痛批許「謊話連篇」，公開呼籲卓榮泰撤換這種「說謊」的官員，甚至要徐知所進退、自己辭職，酸她應好好滿足自身環遊世界的興趣。    ,https://news.ltn.com.tw/news/politics/breakingnews/5523137
基市光華地下道改善8月動工  童子瑋：爭取多時終於開花結果,政治,2026/07/30 16:23,民進黨基隆市長參選人、基隆市議長童子瑋（左一）今天（30日）表示，曲水里民活動中心終於改建，讓他開心不已。（童子瑋進步基隆辦公室提供）基隆地方建設陸續開始動工修繕，民進黨基隆市長參選人、基隆市議長童子瑋今天（30日）表示，光華地下道改善工程與曲水里民活動中心，是地方鄉親等待多年的基礎建設，近期終於陸續開花結果。童子瑋指出，民眾每天使用的通道、活動空間與生活場域是否安全便利，才是最真實的市政成果；他未來也會持續爭取資源，讓基隆的改變從日常生活中被市民感受到。童子瑋表示，成功市場旁的光華地下道，每天都有許多里民、學生與菜籃族通行，多年來存在照明昏暗、牆面斑駁漏水、樓梯坡度過陡等安全問題，偶爾也會有遊民露宿。過去10年來，里長鍥而不捨反映，他也多次協助爭取、安排會勘，改善工程預計在8月開始動工修繕。請繼續往下閱讀...童子瑋指出，光華地下道是鄉親前往成功市場採買的重要通道，成功市場上方又是停車場，因此工程規劃必須仔細評估周邊車輛迴轉路幅、民眾用路安全與市場出入動線。雖然原本期待能一次納入完整無障礙設施，但考量現場條件與工程限制，這一波會先以提升樓梯安全性、整潔度與明亮度為主。童子瑋說，後續他也會繼續追蹤光華地下道周邊人行動線改善，爭取進一步增加無障礙設施的可能性。他強調，地下道改善看似只是小工程，但對每天買菜、上學、通勤的市民來說，就是最直接的安全與便利，市府與民意代表都應該把這些基礎建設當成優先工作。童子瑋表示，曲水里過去也一直沒有正式、獨立的里民活動空間，每次里內舉辦活動，都只能借用土地公廟前廣場，夏天悶熱，遇到下雨更不方便。從他擔任市議員以來，就持續協助地方爭取活動空間，前陣子終於找到合適地點，成立新的曲水里民活動中心。童子瑋指出，曲水里民活動中心啟用後，未來不論是節日活動、里民宣導、社區課程，或是鄉親平時坐下來聊天、交流感情，都多了一個安全、舒適，也不受天氣影響的地方可以使用。他說，里民活動中心不只是空間，更是社區凝聚感情、照顧彼此的重要據點。童子瑋強調，光華地下道改善工程與曲水里民活動中心，看起來都是很基本的建設，卻深深影響市民生活，也都花了很多年時間爭取。能夠在他擔任議長任內，完成這2項任務，他感到非常開心，也很滿足。他說，未來若有機會成為基隆的「生活市長」，也會繼續為基隆爭取更多資源，讓城市進步成為市民每天出門都能感受到的真實改變。民進黨基隆市長參選人、基隆市議長童子瑋（圖右）今天（30日）表示，光華地下道改善工程8月終於要動工。（童子瑋進步基隆辦公室提供）    ,https://news.ltn.com.tw/news/politics/breakingnews/5523106
韓國瑜會見華府智庫訪團 薛瑞福讚立院：歡慶台灣民主最佳場所,政治,2026/07/30 16:09,立法院長韓國瑜今（30日）會見華府智庫「印太安全研究所（IIPS）」主席薛瑞福（左2）一行。（記者叢昌瑾攝）立法院長韓國瑜今（30日）會見華府智庫「印太安全研究所（IIPS）」主席薛瑞福一行。韓國瑜表示，印太安全已成全球關注顯學，非常感謝美方數十年來長期支持台灣安全、經濟及維繫穩定雙邊關係。薛瑞福則恭喜台灣歡慶總統直選30週年，大讚立法院是歡慶台灣民主最適合的場所。韓國瑜指出，印太安全已成為顯學，全世界都在關切印太安全問題，尤其俄羅斯外長拉夫羅夫這兩天在菲律賓發表相關談話，對整個東亞局勢帶來震撼性影響。在這個時間點，美國印太安全協會蒞臨台灣，可以說正值全球最關注印太安全的時刻。請繼續往下閱讀...韓國瑜表示，非常感謝美國長期以來在台灣安全，以及經濟、貿易、文教等多層次、多方位的長期服務、數十年來維持穩定的雙邊關係。對於美方長期支持台灣，立法院三黨立法委員都代表整個台灣民眾表達感謝。韓國瑜說，印太安全研究者可能是第一次來台灣，也可能多次來台灣。目前為止中華民國立法院為單一國會，共有113位立委，負責決定政府法案、預算及重大政策監督，以2300萬人口來說，113位立委非常少，每位委員的含金量都非常高。目前立法院3個政黨席次比例約為54比51比8，從這樣的結構可看出，立法院內部攻防非常激烈。薛瑞福表示，恭喜台灣今年歡慶總統直選30週年，美國今年是建國250週年，台灣還有220年就可以達到250年，請加油；所以在立法院來歡慶台灣的民主是最適合不過。    ,https://news.ltn.com.tw/news/politics/breakingnews/5523110
仙台市議長率團訪台南 締盟20週年深化台日交流,政治,2026/07/30 15:55,台南市副市長姜淋煌（右）贈送紀念品給仙台市議長野田讓（左），表達情誼。（台南市府提供）適逢台南市與日本仙台市締結友誼市20週年，仙台市議會議長野田讓今（30）日率團拜會台南市政府，由副市長姜淋煌代表市長黃偉哲接待，雙方就城市交流、觀光、教育及社福合作等議題交換意見。姜淋煌歡迎甫獲頒台南市榮譽市民的野田讓再度回到「第2故鄉」。他指出，台南與仙台因七夕文化結緣，台南有「做16歲」傳統，仙台則以七夕祭聞名，深厚的文化淵源成為兩市交流的重要基礎。仙台素有「森林之都」美譽，在環境保育及城市治理方面經驗豐富，值得台南借鏡。期待兩市在締盟20週年的重要時刻，持續拓展觀光、教育、文化及環境等領域合作，讓友誼更加深厚。請繼續往下閱讀...野田讓表示，今年是兩市締盟20週年，去年曾與仙台市長郡和子一同訪問台南，見證雙方友好情誼。他回憶，15年前東日本311大地震時，深刻感受到來自台南的溫暖支持；即使疫情期間，兩市仍透過線上交流維繫互動，展現堅定情誼。他也邀請台南市民造訪仙台，參與青葉祭、七夕祭及仙台國際半程馬拉松等活動，體驗當地文化特色。今日訪團由南市身心障礙體育運動總會理事長蔡有仁陪同，成員包括仙台市議員高橋卓誠、千葉洋裕及株式會社協榮興產代表取締役長田泰郎等人。市府表示，仙台是日本東北地區最大城市，兩市於2006年締結友誼市，仙台更是台南在日本的第1個友誼城市。野田讓長期擔任仙台市障害者福祉協會顧問，積極推動社福與深化台日民間交流貢獻良多，今年獲頒台南市榮譽市民。仙台市議會及台南市身心障礙體育運動總會拜會台南市府。（台南市府提供）    ,https://news.ltn.com.tw/news/politics/breakingnews/5523088
教文委員會鬧空城？ 吳思瑤轟召委羅廷瑋放鳥全場百位官員,政治,2026/07/30 15:46,民進黨立委吳思瑤怒批，教育委員會上演鬧劇，羅放鳥全場百位官員，不讓李洋發言，執意強推自己版本，自顧自講53分鐘。（圖截取自吳思瑤臉書粉專）立法院教育及文化委員會今天續審「電子競技運動發展基本法草案」等案，但朝野對是否制定基本法意見分歧，召委羅廷瑋宣布進入程序發言後，卻演變成1小時程序攻防，朝野爆發激烈口角，會議一度癱瘓停擺，運動部長李洋甚至被迫站立旁觀近10分鐘，神情尷尬。民進黨立委吳思瑤怒批，教育委員會上演鬧劇，羅廷瑋放鳥全場百位官員，不讓李洋發言，執意強推自己版本，自顧自講53分鐘。教文會今天繼續審查「電子競技運動發展基本法草案」等案，民進黨立委陳培瑜與羅廷瑋就程序問題發言爭鋒相對，讓李洋只能一臉尷尬無奈無法上台報告，持續站在旁邊近十分鐘。議事一路從上午9點15分吵到10點50分，羅廷瑋宣布休息，主席一度消失近2小時，到下午1點30分左右才開始繼續審查。請繼續往下閱讀...「教育委員會又上演鬧劇。」民進黨立委吳思瑤怒批，為了羅廷瑋強推他的「電競基本法」，自顧自講了53分鐘，全場聽他一人魔音穿耳、胡言亂語了一上午。「主席跋扈，主席特權」，不讓李洋和全場12個部會列席官員發言。運動、教育、文化、國科會、經濟、數發、勞動、衛福、外交、內政、法務、財政部官員上百人都被曬在一旁，只能乾等。「羅廷瑋也不讓民進黨立委發言，我要求程序發言及議案的廣泛討論，羅廷瑋都不準」。吳思瑤說，然後羅就落跑神隱。從10點50宣布休息就不見人，放全場上百位官員在會議室乾等，民進黨的委員也都在場等開會，而國民黨立委沒半人在場，都跟著跑光。她直言，只要民進黨在場人多，羅廷瑋就不進場主持，讓綠營消耗綁架在這裡？沒看過這種惡質召委。吳思瑤表示，沒有任何一個單項運動成立單一專法，何況是憲法層級的「基本法」， 羅廷瑋要電競基本法，棒球、羽球、足球呢？「我們支持電競發展，但不該造成資源排擠，造成運動項目大小眼」。    ,https://news.ltn.com.tw/news/politics/breakingnews/5523066
考試院通過司法人力改革草案 強化書記官留才機制,政治,2026/07/30 15:42,考試院院會今日通過，同意會銜司法院函送之法院組織法等5部修正草案，以完善法院人力結構與職務配置，強化攬才與留才效果。（考試院提供）考試院院會今（30）日通過，司法院函送的「法院組織法」等5部修正草案，將送立法院審議。修法重點包括提高一、二等書記官員額比例、調升三等書記官職務列等上限，並調整法警人力配置，盼改善司法機關長期面臨的書記官流失問題，強化攬才與留才。考試院表示，近年持續關注法院及檢察署書記官人力發展，銓敘部自2025年起即針對書記官流失情形進行研究，今年4月也曾向考試院院會提出專案報告，分析司法機關書記官人力現況及職涯發展問題，並建議透過調整職務列等及員額配置，提升職務吸引力及陞遷機會。請繼續往下閱讀...考試院指出，司法院及法務部今年5月拜會銓敘部，就法院人力制度改革交換意見，提出「法院組織法」、「行政法院組織法」、「智慧財產及商業法院組織法」、「少年及家事法院組織法」及「懲戒法院組織法」等5部修正草案，獲銓敘部支持，經行政院同意會銜後，再送考試院審議。修法內容包括，將一、二等書記官員額比例由現行2分之1提高至3分之2，提高三等書記官職務列等上限至薦任第6職等，同時調整法警人力結構及職務列等，希望增加高階職缺及職涯發展空間，提升司法輔助人員留任意願。考試院表示，修法除完善法院人力結構及職務配置，也展現政府重視司法輔助人員專業發展的決心，未來將持續配合司法改革方向，精進人事制度設計，打造更具吸引力的職涯環境，充實司法人力，提升司法服務效能。    ,https://news.ltn.com.tw/news/politics/breakingnews/5523075
佀萬風波》桃園「廣川漾」農地變停車場遭查 未改善將移送法辦,政治,2026/07/30 15:42,桃園市政府農業局、地政局、蘆竹區公所與蘆竹地政事務所等相關單位，派員前往「廣川漾」建案現場現勘，確認現況仍為農地非農用。（記者周敏鴻翻攝）桃園市蘆竹區「廣川漾」建案被爆違法使用農地作為停車位後，因建案所在農地原為蘆竹區公所核准農業資材室，7月28日現勘後，確認有違規情形未符合原計畫使用，今天市府農業局、地政局、區公所與蘆竹地政事務所等單位，前往實勘確認現況仍為農地非農用，將依規定連續辦理裁處到恢復農地使用為止。「廣川漾」建案由廣川建設股份有限公司負責起造，外界質疑與國民黨立法委員萬美玲家族有關，但萬美玲28日已回應媒體，應該去問該公司，公開資料顯示廣川建設是張姓負責人，自己與這家公司沒有任何關係，也從未參與家人事業。請繼續往下閱讀...農業局指出，「廣川漾」建案使用農地，經查原為蘆竹區公所核准農業資材室，7月28日現場勘查，確認有違規情形未符合原計劃使用，將廢止原核准容許使用同意，並函知市府建管處依法辦理使用執照廢止與違建拆除事宜。針對農地違規鋪設植草磚作為停車場使用部分，農業局表示，經蘆竹區公所查報、農業局審認已違反農地農用規定，將由地政局依程序裁處，並要求限期恢復原狀；若經3次裁罰仍未改善，將依法移送桃園地檢署偵辦。    ,https://news.ltn.com.tw/news/politics/breakingnews/5523077
最後一次施政報告被問如何建議新市長 侯友宜吐「這句話」,政治,2026/07/30 15:22,新北市長侯友宜第二任期進入尾聲，今（30）日赴新北市議會進行任內最後一次施政報告。（記者黃子暘攝）新北市長侯友宜第二任期進入尾聲，今（30）日赴新北市議會進行任內最後一次施政報告。市議員黃心華質詢表示，新北市人口最多，面臨人均預算偏低的先天侷限性，侯友宜施政仍獲得許多評比肯定，將如何建議下一任市長？是否將出書傳承施政經驗？侯友宜回應，「每個城市的偉大絕非一人建構的」，而是一群人在市民的鞭策、鼓勵下前進，勉勵新市長「侯侯啊做代誌」，要用做的，不要只用說的，他會努力到最後一刻，未來的事後續再報告。侯友宜指出，每個城市的偉大，絕非靠一人建構，而是一群人在新北市民的鞭策、鼓勵之下一起建構的，希望下一任市長能在前幾任市長的基礎上，不但要一棒接一棒接好，更要發揚光大，他對下一任市長的期待很簡單，希望努力做事、打拚，把事情做出來，「用做的，不要用說的，做出來才是你的」，要「侯侯啊做代誌」。請繼續往下閱讀...黃心華進一步詢問，黨團智庫委託新民調顯示，侯友宜施政滿意度高達68％，滿意度跨越各族群與行政區，就連支持民進黨的族群對侯的施政滿意度也是不滿意度的2倍，是否規劃出書傳承施政經驗？侯友宜則謙虛回應，謝謝市民朋友鼓勵，新北的進步要歸功於市民朋友給的機會，更要謝謝第一線打拚的區公所、里長、市議員與他的市府團隊，而他就是把握當下，全力以赴做到最後一刻，才會去想未來規劃，一定做到最後一刻，把事情做好。    ,https://news.ltn.com.tw/news/politics/breakingnews/5523050
提倒閣遭卓榮泰酸心不在市政 蔣萬安反嗆：他也說20％含量以下毒油免下架,政治,2026/07/30 15:20,蔣萬安受訪。（記者田裕華攝）毒油案延燒，台北市長蔣萬安拋出倒閣，行政院長卓榮泰說，台北市長有台北市長該做的事情，如果專門在想其他的事情，那他身為台北市民，也會認為民進黨台北市長參選人沈伯洋是優秀的台北市長的人選。蔣萬安對此不以為然，反酸道，院長也說過20％含量以下的毒油不用下架。卓榮泰今受訪強調，「倒閣」是立法院的工作，「解散國會」是總統的職權，「台北市長有台北市長該做的事情，如果台北市長專門在想其他的事情，那我身為一個台北市的市民，我也會認為，沈伯洋是優秀的台北市長的人選」。請繼續往下閱讀...蔣萬安今中午被媒體堵訪對此不以為然，僅回應：「卓院長也說過，20%（含量）以下的毒油不用下架。」北市府副發言人魏汶萱回應，卓榮泰有把行政院長的工作做好嗎？有替人民把關好食安嗎？有把毒油案真相交代清楚了嗎？20%專家會議過程說清楚了嗎？如果卓院長願意負起政治責任，還需要討論倒閣嗎？另台中市長盧秀燕說，如倒閣成功、解散國會，建議將立法委員選舉和年底的地方大選合併，以免分兩次投票勞民傷財。蔣萬安重申，必須要國民黨團有討論凝聚共識，加上民眾黨團的支持才有可能討論下一步，而這次不信任案如通過，後續立委選舉也就會成為總統任期當中的「期中選舉」，可以加大國會對總統的監督力量。另媒體也問，北市今起開「食用油品健康諮詢門診」，但截至上午沒有人去看，會不會擔心浪費資源？蔣萬安說，之前跟家長座談，有家長提到非常擔憂，所以市府就提供這樣的門診，讓有焦慮、擔憂的家長能尋求專業管道協助。    ,https://news.ltn.com.tw/news/politics/breakingnews/5523056
館長直播怒喊 「又被開罰」狂罵民進黨！他認了是檢舉人,政治,2026/07/30 15:14,館長直播抱怨又遭檢舉開罰。（取自館長YT）網紅「館長」陳之漢日前直播時，透露自己公司又被檢舉、開罰，他不滿表示「反正我覺得民進黨的人都會一直檢舉我」，並暗指一個「賣襪子的人」整天說自己被他攻擊、在賣慘，其實是對方一直在攻擊他。對此，目前販售自創品牌襪子的前桃園市議員王浩宇則在臉書發文「對號入座」，並表示自己當初差點被館長一個直播搞到倒閉，他也認了確實檢舉了館長，「現在檢舉他，也只是保護自己的品牌，避免他又攻擊，希望大家能體諒。」館長28日在直播時表示，一開場就提到，希望台灣人民不要這麼對立，大家都生活在台灣這塊土地上，他從沒叫自己粉絲去抵制誰，但青鳥卻會呼籲大家去抵制別人。雖然他自己被抵制的很慘，但希望自己的粉絲不要做一樣的事情。請繼續往下閱讀...館長接著提到，自己最近再度遭到檢舉，「反正我覺得民進黨的人都會一直檢舉我的店、檢舉我的電商、我的直播」。館長說，當天他去公司，得知又被檢舉、又要被開罰了。有時候心裡會有一點怨恨，想一想又真可悲，他也爆粗口表示「真的很過分」。館長接著暗指王浩宇，表示有個賣襪子、衣服的人，整天說被館長攻擊，還強調被藍白粉罵，在賣慘的人，整天在喊愛台灣、買他的東西才是賣台灣，然後不斷攻擊館長的營業額，說已經賣不動了。「我真的不喜歡當那一類的人」。對此，王浩宇昨日也在臉書發文表示，館長被開罰的原因，他之後會告訴大家。至於很多人認為自己針對館長，王浩宇說，其實當初自己的店，差點被他一個直播搞到倒閉。有一年館長也賣除臭襪，一直攻擊他們是暴利，殊不知他投入很多資源做除臭處理，且是真正在支持台灣襪業，成本非常高，「現在檢舉他，也只是保護自己的品牌，避免他又攻擊，希望大家能體諒。」    ,https://news.ltn.com.tw/news/politics/breakingnews/5522923
傅崐萁爆粗口「他X的」是否提告？  行政院：社會自有公論,政治,2026/07/30 15:06,國民黨團總召傅崐萁昨在朝野協商時突然大罵「他X的」，行政院秘書長張惇涵是否覺得人格與精神受損，是否要對傅崐萁提告？行政院發言人李慧芝今（30）日在院會後記者會僅表示，社會自有公論。（記者鍾麗華攝）國民黨立委翁曉玲提案刪除行政院長卓榮泰9至12月薪水約148萬元，行政院秘書長張惇涵昨表態無法接受，國民黨團總召傅崐萁突然大罵「他X的」，對於張惇涵是否覺得人格與精神受損，要對傅崐萁提告？行政院發言人李慧芝今（30）日在院會後記者會僅表示，社會自有公論。李慧芝表示，昨天在朝野協商時，翁曉玲不只政治操作、針對卓揆，她還要刪除基層約聘人員的酬金，所以對此張惇涵無法接受。請繼續往下閱讀...對於傅崐萁突然大罵「他X的」，李慧芝說，張惇涵稍早在立法院受訪表示，他是代表行政團隊來立法院備詢，所以現在最重要的是中央政府總預算，至於立法院議場或議事運作，應該要尊重立法院長韓國瑜，無論是哪個政黨的政治人物，都應受到社會民意的監督與社會公評。李慧芝指出，今年度總預算送到立法院審議已第336天，這已是史上最久沒有審完的紀錄，這兩天才開始協商，但1000多個刪除與凍結案，甚至連行政院基層人員的約聘人員酬金都要被刪除，這非常不合理的，希望立法院可以理性討論，儘速完成總預算審議，讓國家財政可以儘速回到正軌。    ,https://news.ltn.com.tw/news/politics/breakingnews/5523007
美眾議員金映玉率團訪台 AIT：凸顯美國致力強化與台夥伴關係,政治,2026/07/30 14:57,美國聯邦眾議員金映玉（Young Kim）自今日至8月1日率團訪問台灣，代表團將與台灣高層領袖會談討論美台關係、區域安全等議題。（資料照，法新社）美國在台協會（AIT）今（30）日指出，美國聯邦眾議員金映玉（Young Kim）自今日至8月1日率團訪問台灣，代表團將與台灣高層領袖會談討論美台關係、區域安全等議題，此行凸顯美國正致力強化與台灣的夥伴關係，並再次確認了美台對強化自由開放的印太地區的共同承諾。AIT說明，金映玉此訪問行程為眾議員出訪印太地區的一環。代表團同行眾議員包括蘇哈斯．蘇布拉馬尼亞姆（Suhas Subramanyam）、麥克．克勞德（Michael Cloud ），以及蘭迪．芬斯特拉（Randy Feenstra）。請繼續往下閱讀...AIT表示，代表團將與台灣高層領袖進行一系列會談，討論美台關係、區域安全、貿易與投資，以及其他與雙方利益相關的重要議題。代表團此行也凸顯美國正致力強化與台灣的夥伴關係，並再次確認了美台對強化自由開放的印太地區的共同承諾。外交部也說明，訪團在台期間將晉見總統賴清德及我國政府高層，並由外交部長林佳龍設宴款待，就台美經貿關係與區域安全情勢等議題交換意見。外交部表示，金映玉長期關注印太安全及促進台美夥伴關係，更在美國國會積極推動各項友台法案，包括「不歧視台灣法案」（Taiwan Non-Discrimination Act），以及領銜提出「嚇阻中國侵略台灣法案」（Deter PRC Aggression Against Taiwan Act）與「反制中國錯誤詮釋聯大第2758號決議案」等，是我國在美國國會最堅定的友人之一。對金映玉率跨黨派眾議員團來訪，外交部長林佳龍表達誠摯歡迎，外交部也將在既有良好基礎上，持續強化美國國會對台灣的支持，並深化台美在各領域的合作。    ,https://news.ltn.com.tw/news/politics/breakingnews/5523005
片山和之追思李登輝逝世6週年 強調將持續深化台日羈絆,政治,2026/07/30 14:54,今（30）日為前總統李登輝逝世6週年，日本台灣交流協會台北事務所代表片山和之今日特別於社群媒體為李登輝致上最誠摯的追思與哀悼。（圖擷取自日本台灣交流協會臉書）今（30）日為前總統李登輝逝世6週年，日本台灣交流協會台北事務所代表片山和之特別於社群媒體為李登輝致上最誠摯的追思與哀悼，並強調日台交協將持續努力，進一步深化台日羈絆。片山和之表示，李登輝生前不僅致力於台灣社會的發展，也為無數人帶來希望與勇氣，其溫暖的為人與真誠的風範，至今仍深深烙印在人們心中。李登輝作為母校的資深前輩，他也非常敬重。請繼續往下閱讀...片山和之說，對前總統李登輝的卓越功績致上最深的敬意，並衷心祈願故人安息。日本台灣交流協會今後也將持續努力，進一步深化並鞏固日台之間的羈絆。    ,https://news.ltn.com.tw/news/politics/breakingnews/5523021
陳宥丞憂被藍營護主貼標籤 蔣萬安：樂見理性監督、廣納建言,政治,2026/07/30 14:49,蔣萬安向民眾黨團說明重大議法案並受訪。（記者田裕華攝）台北市長蔣萬安今（30）日前往民眾黨團報告重大議法案。民眾黨籍議員陳宥丞直言，每當民眾黨提出理性建議，常遭綠營側翼炒作，甚至有藍營人士為「護主」給民眾黨貼標籤、放謠言；他提醒蔣萬安「決策圈過小」恐怕影響包容度。面對黨團喊話，蔣萬安正面肯定民眾黨理性監督，強調市府將廣納建言，樂見民眾黨理性監督。蔣萬安今中午至向民眾黨團報告重大議法案，陳宥丞指出，肯定蔣萬安對市政越來越熟稔，但近期、尤其今年，當民眾黨只要對市政提出理性的建議，就會被綠營、側翼誇大解釋，而藍營部分人士也會為了「護主」，把民眾黨貼上標籤，甚至是透過放出謠言的方式。請繼續往下閱讀...他贊成藍白在2028有共同目標，要讓百姓過上更好的生活，但每個民眾黨議員與市長，都承載民意，蔣萬安對於民眾黨理性點出問題的方式，是否有想法？這應該要告訴不同的支持者。另外，也有人要他轉達，蔣萬安身邊也許決策圈比較小，才會有包容度不夠問題。蔣萬安正面回應，對於民眾黨團的監督都給予肯定，特別幾位議員，都長期關注具體的市政議題，張志豪關注公安、消防；林珍羽對長者居住、無菸城市多有建言；黃瀞瑩關注居住正義，尤其年輕族群，對社宅進程也有很多建議；陳宥丞則對交通、運動場館等市政議題都有具體想法。站在市府立場，對市政提出具體建議，市府都廣納參考，樂見這樣的方式，也希望繼續維持，受惠的會是市民。陳宥丞也提醒，面對極端氣候，治水不只是單一局處責任，希望蔣萬安具體承諾能跨局處專案討論。民眾黨團總召林珍羽點出，明年歲出2389億餘元，較今年成長逾11％，另追加減預算達16億元，希望市府多說明，此外在重大議案中，未見高齡居住政策，無菸城市政策對醫院、校園周邊沒有特別規劃，這些比較可惜。張志豪說，近期地方反應無菸城市，公園內還是有吸菸區，這讓人感到不解，公園大部分都是老人、小孩，希望參考日本經驗，補助密閉空間做排煙設施，或是流動吸菸車等，兼顧吸菸者與不吸菸者權益。黃瀞瑩則點出，有家長陳情兒虐案，孩子被一名老師壓制在地面上，持續哭喊五分鐘竟無人聞問，家長打了1999無反應，只好直接報警，看監視器才看到這心碎一幕，教育局已經調查完畢，但針對負責人、園方開罰不到十萬元，質疑罰太輕。她也當面轉交家長的陳情書，並提醒蔣萬安不是局外人，請好好解決。蔣萬安回應，身為家長同理也心痛，教育局有回報，該師已經被處終身不得再任用，也對負責人進行裁處，家長對調查還有異議的部分，他也會要求教育局持續了解，有必要的話會重新召開認定委員會。蔣萬安向民眾黨團說明重大議法案並受訪。（記者田裕華攝）    ,https://news.ltn.com.tw/news/politics/breakingnews/5522989
陳素月發表「教育白皮書」 第一槍恢復「校校有保全」,政治,2026/07/30 14:47,民進黨彰化縣長參選人陳素月發布教育白皮書，第一槍就是恢復校校有保全。（記者劉曉欣攝）民進黨彰化縣長參選人、立委陳素月今天（30日）發表《教育政策白皮書》，第一槍就是恢復「校校有保全」，因為師生安全不能等，校園安全就能讓全民安心。陳素月強調，她當選後將推動「一校一保全」，並透過科技產品來建置電子安全網絡，在少子化時代，生生都是寶，保障校園安全就是辦好教育第一步！彰化縣曾在2017年9月推出「校校有保全」，但魏明谷推出才一年多，就因為連任失利，王惠美在2018年底就任縣長後，「校校有保全」政策就在2019年1月底走入歷史，由工友、技工來兼任保全，或是由家長會、企業來認養學校的保全人力。請繼續往下閱讀...陳素月強調，她所提《教育白皮書》的優先要做的事，就是再度恢復「校校有保全」，這是基層一再反應與請求的心聲，當家長送小孩到學校，當師生在學校上課，讓校園成為安全的求學環境，讓校園保全加上智慧科技建構安全防護網，可以在危機處理發揮最關鍵的力量。另外，陳素月也提出「延托券」政見，只要家有孩童就讀縣內的公托或是準公托的園所，就可以獲得每年60個小時的「延托券」，弱勢家庭或是身心障礙兒的「延托券」則延長到100個小時。讓家有幼兒的家長可以放心上班，或是面對就醫加班等突發事情，都可安心使用「延托券」。最後，陳素月強調，彰化縣面對人口與學生外流、全國最低薪等考驗，最重要的就是讓科技大廠進駐彰化縣，只要有高薪工作機會就可以吸引年輕人留下來或移居彰化。因此，她提出「國際雙語」的教育目標，讓彰化縣不只一所公辦雙語的鹿江中小學，複製「鹿江經驗」在縣內其它地區，可以朝著新校設立，或是舊校整併轉型，推出第二所、第三所的國際雙語學校。彰化市長參選人、縣議員黃柏瑜表示，他從國中開始就在國外念書，沉浸式學習是學外語的最佳捷徑，希望彰化縣在爭取科技大廠的同時，讓雙語教育深入校園，提升學子未來的競爭力。民進黨彰化縣長參選人陳素月發布教育白皮書，強調要恢復校校有保全，還要發放延托券，並複製「鹿江經驗」增設國際雙語學校。（記者劉曉欣攝）    ,https://news.ltn.com.tw/news/politics/breakingnews/5522999
轟蔣萬安只想倒閣、搞遊行 洪婉臻建議：辭職去爭取當國民黨主席,政治,2026/07/30 14:46,台灣北社、台灣之盾民主大聯盟召開「街頭運動結束、回到市政崗位」記者會，並由台灣北社社長羅浚晅（中）主持說明。（記者田裕華攝）台北市夏莉絲國際幼兒園發生集體虐童，台灣北社今（30）早在立法院召開記者會，痛批台北市長蔣萬安市政擺爛，人民受苦，兒虐不斷，人民心寒，呼籲蔣萬安號召上凱道已經結束，趕快回市府正常上班。民進黨台北市議員洪婉臻則批評，如果蔣一心只想倒閣、上凱道，做一些政黨之事，就請辭去台北市長職務，去爭取國民黨主席的大位。台灣北社社長羅浚晅表示，蔣萬安725號召3萬多名群眾上凱道，同天的大稻埕煙火卻有12萬人，可見市民做出了正確的選擇，不隨政治人物起舞，並認為市長的崗位就是回到市政，因為台北市有太多事情需要處理，包括夏莉絲幼兒園集體虐童案、過度砍樹爭議、水溝長山蘇、鼠患等，但蔣萬安還提倒閣，管到立法院，如果他再繼續混下去，真正會凍未條的是市民。請繼續往下閱讀...洪婉臻提出，蔣萬安永遠在狀況外、慢半拍，剴剴被虐死的第79天才知情，第81天台北市社會局才公布幼兒園名、廢證。此外，相關局處曾對夏莉絲幼兒園做很多裁處，但蔣萬安卻頒發過感謝狀給他們，整個蔣市府荒腔走板，完全不把孩子放在心上。蔣在選舉時曾說要讓孩童的啼哭聲變成台北市的交響樂，但現在不是啼哭聲，而是哀號聲。洪婉臻痛批，蔣萬安最常講「即刻」，問題是他沒有任何一件事是即刻，只有上凱道、到立法院與藍委連線時才是即刻，台北市選出這樣的市長有多可悲，倒閣、遊行是政黨行為，是國民黨主席要做的事，如果蔣萬安只想做這些事，就應該把市長辭掉，去爭取當立委或國民黨主席，不要佔著茅坑不拉屎。「蔣萬安主打自己是三寶爸，看起來好像很愛小孩，但他只愛自己的小孩，並沒有愛台北市的小孩。」民進黨台北市議員顏若芳直言，蔣萬安為了AI深偽犯罪，非常有擔當的叫政府衝著他來，但夏莉絲幼兒園教師的不當虐待，讓孩童哭啼了20幾分鐘，卻沒看到蔣萬安說要徹查到底，對小朋友身心理受傷不聞不問，連面對家長的勇氣都沒有。顏若芳批評，過去三年台北市政漏洞百出、進步停滯，如果蔣萬安只把市政當口號，那就趕快去別的位子，追尋他遠大的抱負，台北市民不是他口中的爛命一條每一條生命都非常寶貴，每一張選票都非常有價值。台灣北社理事、律師戴家旭說，夏莉絲幼兒園虐童案家長求救時，蔣市長根本沒親自出席，只找一個市政府的科員代表他，但翻開他近期的行事曆，他7月20日去看絕食的藍營小雞、21日聯合台中市長盧秀燕宣布要上凱道。他要鄭重呼籲蔣萬安，台北市民不想要一個每天只想搞政治的市長，請蔣市長趕快回市政府正常上班。台灣北社、台灣之盾民主大聯盟召開「街頭運動結束、回到市政崗位」記者會，並由台灣北社社長羅浚晅（中）主持說明。（記者田裕華攝）    ,https://news.ltn.com.tw/news/politics/breakingnews/5522977
盧秀燕稱倒閣國會與地方選舉合併 游盈隆：比天塌下來機會大一點,政治,2026/07/30 14:44,中央選委會主委游盈隆表示，國會解散重新改選比天塌下來的機會大一點。（記者歐素美攝）針對台中市長盧秀燕今天表示，若倒閣成功，希望屆時國會改選與2026地方選舉合併；中央選舉委員會主委游盈隆今天回應表示，這是想像力非常豐富的狀況，比天塌下來的機會大一點。台中市長盧秀燕今天表示，若倒閣成功，也解散國會，勢必要舉辦國會大選，希望屆時跟2026地方選舉合併，可能會出現史上第一次中央選舉跟地方選舉合併辦理。請繼續往下閱讀...中央選委會主委游盈隆今天到台中市選委會勉勵第一線的工作人員，媒體詢問他對盧秀燕提出國會改選與年底地方選舉合併的看法。游盈隆笑了一下表示，這是一個想像力非常豐富的狀況，中選會是選務機關，倒閣是政治的事，中選會不評論，這是由立法院去處理，跟中選會無關，等到國會確定倒閣，總統確定解散國會，才有中選會的事情。游盈隆說，倒閣就像經常擔心天會塌下來，但是天一直沒有塌下來，天塌下來的機會很小，解散國會這件事情大概比天塌下來的機會大一點，到時候如果真的有這件事情，他會全力以赴。記者再問「國會改選與2026地方選舉合併，時間上來得及嗎」？游盈隆表示這是從來沒有發生過的事，如果有那樣的事情，真的是蠻恐怖的。若真的發生，憲法有相關的規定，到時將由中央選委會的委員會來決定。基本上這個事件我們關注，但我們不介入。    ,https://news.ltn.com.tw/news/politics/breakingnews/5522988
北市迎上海小貓熊惹議 吳欣岱批蔣萬安：別拿動物當政治操作工具,政治,2026/07/30 14:41,台北市長蔣萬安昨（29）日迎接，因為雙城論壇合作備忘錄來台的小貓熊「樂樂」與「甜甜」。（記者田裕華攝）台北市長蔣萬安昨（29）日迎接，因為雙城論壇合作備忘錄來台的小貓熊「樂樂」與「甜甜」。對此，台北市第二選區（內湖、南港）台灣基進市議員參選人吳欣岱痛批，蔣萬安不應躲在小貓熊背後掩飾中國官方藉機來台進行統戰業績的企圖，「真正有問題的不是動物，而是中國拿動物當作政治操作的工具」，呼籲蔣萬安別把台北市民當作一樣天真。吳欣岱指出，日本今年同樣贈送過小貓熊給台北市立動物園，但當時蔣萬安並未提議要幫日本辦「見面會」，反觀此次上海贈送小貓熊，卻夾帶了一整團高達18名的中國官員，包含台辦主任、副主任、副秘書長以及一群中國媒體。請繼續往下閱讀...吳欣岱直言，所謂的「見面會」根本不是重點，真正的目的是要讓這團中國官員名正言順來台做統戰業績。不論是為了研商2026雙城論壇，還是接見上海台辦，小貓熊都已淪為政治工具，為的就是讓台北市府與中國官方搭橋。「國台辦今天的態度，就說明一切都是設計好的劇本。」吳欣岱批評，小貓熊來台灣自然會被動物園好好照顧，但當中國官員無法順利來台時，國台辦立刻跳腳指控台灣，甚至痛罵民進黨「無理刁難」、「暴露台獨本性」，若僅是單純的動物保育，國台辦何須如此氣急敗壞？這恰好證明這根本不是單純的小動物交流。吳欣岱也強調，中共近期不斷在台灣周邊海域「執法巡航」、宣稱具備管轄權，並在每一個國際場合打壓台灣。面對中國一手拿棒子、一手餵胡蘿蔔的軟硬兼施，蔣市府卻選在中國頻繁施壓之際，硬要舉辦營造親中形象的活動，無疑是不經思考便配合走入中共的圈套。擁有兩個孩子的吳欣岱感嘆，孩子們喜歡小貓熊，卻看不見可愛動物的背後，是一群如狼似虎的中國官員想來台灣，更看不見中國正利用各種手段侵蝕台灣主權。她強調，一個負責任的家長會替孩子將外部風險擋在門外，絕不會讓「髒東西」藉著孩子的笑容偷渡進來。    ,https://news.ltn.com.tw/news/politics/breakingnews/5522974
「油不得你」仿聲賴清德 石崇良斥：非常惡劣,政治,2026/07/30 14:33,國民黨青年部前主任韋淳祐涉利用AI配音，使用賴清德總統的聲音發布「油不得你」影片，引發外界關注。衛福部長石崇良強調，這段影片意圖讓觀看者誤以為是總統賴清德的聲音，目的「非常惡劣」。（記者田裕華攝）國民黨青年部前主任韋淳祐涉利用AI配音，使用賴清德總統的聲音發布「油不得你」影片，引發外界關注。衛福部長石崇良強調，這段影片意圖讓觀看者誤以為是總統賴清德的聲音，目的「非常惡劣」，且這段影片製造程序完全違法、應該被譴責，不值得討論其內容。立法院衛環委員會今日審查安樂死相關法案，並要求衛福部、教育部對「近期幼兒園及托育兒虐頻傳：責任通報、兒少保護及跨部會合作機制檢討」進行專題報告，國民黨立委邱鎮軍今日於會中播放「油不得你」影片，並詢問石崇良是否曾經看過這段內容。請繼續往下閱讀...石崇良回應，他沒有看過，但媒體有報導，他也直言，在法律上都要先講程序正義，接著才是討論實質正義，如果程序完全是錯誤的，不論內容對錯，都應該被譴責，這段影片製造程序完全違法、應該被譴責，不值得討論其內容。此外，石崇良說，這段影片乍聽之下讓他以為是賴清德總統在說話，顯然這段影片也有意讓大家誤認旁白的聲音是賴清德總統的聲音，目的本身就是錯誤的，且可說是「非常惡劣」的行為。    ,https://news.ltn.com.tw/news/politics/breakingnews/5522929
甲醛炊粉業者僅罰12萬 楊玲宜：難怪高友友的明好企業肆無忌憚,政治,2026/07/30 14:21,新竹市爆甲醛炊粉，結果明好企業僅遭市府罰12萬，市議員楊玲宜轟根本不痛不癢，難怪高友友的明好企業肆無忌憚。（記者洪美秀攝）新竹市爆發明好企業的農耕牌炊粉含甲醛食安風暴，市府目前僅針對明好企業開罰12萬元，挨批開罰過輕。市議員楊玲宜表示，甲醛炊粉食安事件發展近2個月，竹市衛生局至今仍無法釐清甲醛炊粉的污染來源、污染成因以及問題產品的流向、批次，甚至有悖常理拒絕提供檢驗報告，造成米粉業者人人自危，更重創米粉產業的形象。如今更傳出市府僅對業者開罰12萬元，理由竟是初犯，根本是不痛不癢，把食安當兒戲，也難怪身為高友友的明好企業肆無忌憚！竹市衛生局表示，市府依《食品安全衛生管理法》第15條並依《食品安全衛生管理法行政罰行為數認定標準》裁罰，已開罰12萬元（共7件，第1件6萬，每加1件再加1萬，總共裁罰12萬）並勒令停止供應販售並封存，停止製造生產，另違反第8條，將再裁處6萬元（裁處書尚未開出），後續會依限期改善情況進行複查。請繼續往下閱讀...楊玲宜痛批，衛生局裁罰明好企業社12萬元罰鍰，理由竟是初犯，根本是不痛不癢，且輕輕放下，高虹安市府把市民的食安當兒戲，難怪身為高友友的明好企業會如此肆無忌憚。業者生產甲醛炊粉4740包，僅下架回收867包，近8成恐被市民及大眾吃下肚，而業者僅被罰12萬，這樣市民能接受嗎？    ,https://news.ltn.com.tw/news/politics/breakingnews/5522942
獨家》陳儀深將離任國史館館長 預計9月中旬交接,政治,2026/07/30 14:17,國史館館長陳儀深確定將於9月離任。（資料照）國史館館長陳儀深確定將於9月離任，陳並已獲賴清德總統親自告知。據了解，高層主要考量政務官在任時間不宜過長而做出調整，這是否進一步擴及其他重要人事，也受到關注。陳儀深於2019年7月接任國史館館長一職至今7年多，橫跨蔡英文與賴清德政府。據確知，總統是於6月親日告知將由新人接任館長。賴總統並肯定陳任內的各項表現。國史館預計於9月中旬辦理新舊館長交接。    ,https://news.ltn.com.tw/news/politics/breakingnews/5522936
藍傳「禮讓5席」換白挺倒閣！ 四叉貓：柯文哲一定反對到底,政治,2026/07/30 14:10,前民眾黨主席柯文哲。（資料照）台北市長蔣萬安近期再度放話推動倒閣，傳出藍營內部正討論藍白合，由藍禮讓白不分區立委5席名額，換取民眾黨支持倒閣。對此，網紅四叉貓表示，暫且不論執行上的技術性問題，光是牽涉到數億元的「政黨補助款」，柯文哲就絕對會反對到底！四叉貓今（30）日在臉書發文表示，倒閣後立委重選，民眾黨立委席次絕對減少。針對媒體報導國民黨願意禮讓5席不分區給民眾黨的構想，他直言，「我們先忽略執行上的技術性問題，柯文哲一定會反對到底！」請繼續往下閱讀...四叉貓指出，政黨票每得一票，每年可獲得50元補助，一任4年累積下來高達200元。以目前民眾黨的政黨得票計算，每年可領取約1億5000多萬元，4年任期下來總計高達7億1883萬元。他分析，如果為了藍白合作倒閣，讓支持民眾黨的「小草」們把政黨票轉投給國民黨，民眾黨將會失去這筆數億元的政黨補助款。他狠酸「將來國民黨每年領完補助款後，怎麼可能分給柯文哲？笑死。」    ,https://news.ltn.com.tw/news/politics/breakingnews/5522878
中聯致癌油延燒 藍議員喊「別讓市民買單」 要求市府協助團體訴訟,政治,2026/07/30 14:04,台中市國民黨議員提出3個呼籲及訴求，要求市府主動協助受害者團體訴訟、代位求償，並主動串連各縣市政府長期協助受害者，成立消費者保護服務專案。（記者蔡淑媛攝）中聯致癌油仍持續延燒！台中市多名國民黨議員對中央及市府提出3點呼籲及作為，要求行政院做實事，同時要求台中市政府應主動協助受害者團體訴訟、代位求償，並主動串連各縣市政府長期協助受害者，成立消費者保護服務專案，強調負責任的政府不要只會喊口號，大廠無良不能讓市民買單，使受害市民面對損失求告無門，要求市府提升協助強度。台中市議員楊大鋐、賴順仁、邱愛珊、黃佳恬和陳文政對中央及地方政府提出3點呼籲、作為，要求政府應該立即採取行動保護廣大的受害者，並讓無良的廠商負起所有的責任，才是這次致癌油事件的最佳處理方式。請繼續往下閱讀...議員要求一、台中市政府主動協助團體訴訟提告，因為各地方政府依法要求使用該批號油品的下游業者以及團膳廠商銷毀產品，但是使用這批油品投入生產的下游業者與團膳廠商是無辜的。陳文政說，台中市政府應主動承擔，聯繫受害廠商協助提出團體訴訟，法制局主動提供法律支持，組織法律、檢驗等專業團隊，幫助團體訴訟提告。另民政局應開設專案窗口，方便受害市民參與團體訴訟；衛生局應完成應銷毀商品的檢驗與樣品留存，以利後續訴訟提證。二、編列緊急預算協助受害市民辦理假扣押，議員指這是一場小蝦米對抗大鯨魚的戰爭，建請市府站在人民這邊，主動承擔，法制局與財政局應協助團體訴訟受害者統計求償金額後，計算假扣押所需擔保金，列入團體訴訟所需費用後並編列緊急預算，將全力支持，讓市民看見負責任的政府應當怎麼做。三、嚴格落實回收與銷毀避免二次傷害，黃佳恬說，下游業者收到衛生局指令要在8月底將致癌油品全部銷毀，衛生局負責要求下游業者下架問題商品，不應只是一紙公文，過程中應主動存證，杜絕問題商品回流風險；環保局做為銷毀商品的權責單位，應對這批回收物專案處理，杜絕銷毀過程產生二次汙染。讓市民朋友看見負責任的政府應當怎麼做。    ,https://news.ltn.com.tw/news/politics/breakingnews/5522903
台東建和農路爭議延燒 林參天爆7議員建議款集合圖利吳秀華家族渡假村,政治,2026/07/30 14:02,圖為台東縣議長吳秀華家族與財團一起在建和山區的東映渡假村開發案，原本僅是3米寬的農路，如今拓寬為15米寬的柏油路面。（記者黃明堂攝、拮取GOOGLE舊照）台東縣府施作建和農路改善工程被檢舉圖利議長吳秀華家族投資的東映渡假村，檢方依圖利罪偵辦；縣議員林參天再爆料，這項工程除了縣府的2800萬元預算，還有7位議員以自己的小型工程建議款配合，總共380萬元，呼籲檢調單位深入追釐清是否涉有集合式圖利或共謀情事。林參天指出，一般縣議員提列工程建議款，多半是因應農民申請興建水塔或修築農路等實際需求，經陳情後陳報縣府民政處等相關單位審查核銷，單一議員對單一案子的補助額度通常相當有限，也罕見有一案多位議員建議的情況。然而，此次建和農路工程卻出現7名縣議員聯合開出合計高達380萬元的建議款，極為罕見。他質疑這筆鉅款根本不是開給一般農民，而是變相開給吳秀華家族及其相關合作對象，一般農民根本不可能有此本事爭取到如此高額的聯合建議補助。請繼續往下閱讀...林參天進一步說明，吳秀華議長在該路段上游擁有廣達18公頃的土地，並曾親自申請變更地目作為遊憩用途。縣府先前已動用高達2800萬元的公帑辦理農路改善工程，若再加上這筆380萬元的議員建議款，等於前後砸下超過3100萬元公帑，實質上全是用於為吳家投資的「東映渡假村」開闢聯外道路與周邊設施。他認為，議員本身雖享有一定額度的建議款，但吳秀華並未將自己的額度用於此案，反而是由其他7名議員聯合提列，這種模式擺明是透過行政資源進行直接圖利。林參天表示，為防止未來出現假借名義、圖利特定家族與財團的現象，檢調單位絕不能只查表面，應針對這7名縣議員為何會同步將建議款挹注在同一條農路上進行全面追查，同時要求吳秀華公開說明該案土地交易、資金流向及背後運作過程，以昭公信。台東縣議員林參天。（台東縣議會提供）    ,https://news.ltn.com.tw/news/politics/breakingnews/5522902
媒體三度追問石崇良、姜至剛是否請辭？  行政院回應了,政治,2026/07/30 13:56,外界關注致癌油事件政治責任歸屬，有媒體今（30）日在行政院會後記者會三度追問衛福部長石崇良與食藥署長姜至剛是否提出辭呈？行政院發言人李慧芝僅表示，她沒有聽到相關消息。（記者鍾麗華攝）外界關注致癌油事件政治責任歸屬，有媒體今（30）日在行政院會後記者會三度追問衛福部長石崇良與食藥署長姜至剛是否提出辭呈？行政院發言人李慧芝僅表示，她沒有聽到相關消息，兩人的工作是努力完善食安機制，給國人更安全的環境。「震傳媒」近日調查高雄市民對毒油案的責任歸屬，竟有多達40.1%認為中央要負責、30.6%認為責任在地方？是否是因為中央對20%油品下架標準沒說清楚？衛福部長和食藥署長提出辭呈了嗎？請繼續往下閱讀...李慧芝表示，食安議題是科學驗證，應本於科學管理，也應用制度守護，專家會議建議的標準，後來在實際操作下，政府已擴大執行全面預防性下架，檢驗不合格就會銷毀，這都是依據科學和制度，對於問題油品也有查廠、有流向有下架。李慧芝強調，6月30日接獲中聯問題油品通報後不到24小時內、7月1日衛福部就協同台中市府到中聯查核，並要求業者停工、下架，檢調單位咎責部分從9日開始發動三波搜索，持續偵辦中。李慧芝說，政院也提出「食安法」修法，衛福部和食藥署最重要的工作是努力完善機制，食安沒有藍綠、朝野之分，不應該為了政治利益操作，也要中央地方配合讓國人有更安全環境。媒體再追問，衛福部長、食藥署長有請辭嗎？李慧芝重申，衛福部、食藥署目前最重要的工作，是完成現在的食安機制。媒體第三度詢問，兩人都沒提過辭呈、或是口頭請辭嗎？李慧芝回應，不論是他們有無提出辭呈或口頭請辭，「我都沒有聽到相關的消息」，他們的狀況就是要把工作處理好，給國人完善的食安機制，咎責部分除了檢調發動搜索，從業者、地方政府、中央當然都要檢討。    ,https://news.ltn.com.tw/news/politics/breakingnews/5522893
援助熊本震災！徐國勇捐1個月薪水：台日互相扶持不缺席,政治,2026/07/30 13:50,民進黨秘書長徐國勇。（資料照）日本熊本強震造成的嚴重災情，國際紛紛馳援。民進黨秘書長徐國勇今（30日）宣布捐出個人一個月薪水投入賑災與重建，盼能藉此拋磚引玉，號召社會各界共同伸出援手，陪伴災民度過難關，為災區復原盡一份心力。徐國勇指出，台日兩國情誼深厚，長久以來每逢重大困境，雙方總是第一時間互相扶持。這次面對天災挑戰，台灣同樣不會缺席，期盼透過這份善意與實質援助，為熊本注入溫暖力量，祝福災區順利推進重建，受災民眾早日恢復平靜生活與城市活力。    ,https://news.ltn.com.tw/news/politics/breakingnews/5522879
藍再號召8/1凱道  行政院會秀出反毒駕成績,政治,2026/07/30 13:47,行政院長卓榮泰今（30）日在院會中表示，六大緝毒機關及全國司法警察同仁從6月起啟動毒品及毒駕防制作為至今，毒駕肇事案件已下降33%，國內外的緝毒也有一定的成果。（記者鍾麗華攝）台北市長蔣萬安號召725上凱道反毒油後，立院國民黨團表態，將響應民間團體號召人民8月1日再上凱道反毒。行政院長卓榮泰今（30）日在院會中表示，六大緝毒機關及全國司法警察同仁從6月起啟動毒品及毒駕防制作為至今，毒駕肇事案件已下降33%，國內外的緝毒也有一定的成果。法務部今天在行政院會報告「毒品及毒駕防制執行概況與策進」，卓揆聽取報告後表示，行政院從6月起連續召開多次會議，從「源頭嚇阻、強化查緝、重懲毒駕」3大面向，提出14項作為，並分別通過「刑法」、「陸海空軍刑法」、「毒品危害防制條例」、「道路交通管理處罰條例」、「菸害防制法」等修法。立法院已於本週二完成「道路交通管理處罰條例」修正草案的三讀程序，在此表達感謝，也請立法院能儘速完成其他法案的審議程序，完善毒品及毒駕防制的法制。請繼續往下閱讀...法務部指出，台高檢署建置「重大毒品案件情資通報E化系統」，截至6月底，累計通報重大毒品案件582件，其中115年上半年即通報257件，已超越前兩年度全年件數，顯示跨機關即時共享情資及共同打擊毒品犯罪已具相當成效。在國際合作方面，持續推動跨境執法合作，結合各國執法夥伴共同查緝跨境毒品犯罪，114年國際合作查獲毒品達10527.1公斤，較前一年大幅提升，展現我國推動「截毒於境外」策略之成果。針對國內毒品犯罪，於115年執行第14波安居緝毒專案，查獲2255人，查扣各級毒品1744公斤，其中依托咪酯類毒品240公斤，持續加強查緝製毒工廠、販毒集團及新興毒品犯罪，有效瓦解毒品供應鏈。另配合行政院政策，內政部警政署自115年5月下旬推動「全國同步強化查緝毒駕及打擊喪屍煙毒專案」，截至7月22日止，全國共查獲毒駕案件6730件，毒駕肇事案件較前一個月下降33%，顯示跨部會推動強化執法、唾液毒品快篩及同步斷源查緝措施，已逐步發揮預防及嚇阻效果。同時，督導各檢察機關持續推動「斷源緝毒」工作，專案期間破獲毒品工廠及分裝場所188處，查扣依托咪酯類煙油1564瓶及煙彈6678顆，並查扣犯罪所得逾1366萬元，積極由源頭打擊毒品供應鏈，降低毒品流入市面風險。    ,https://news.ltn.com.tw/news/politics/breakingnews/5522877
內幕》黑道披政黨外衣「紅色滲透」 內政部表決通過聲請解散統促黨,政治,2026/07/30 13:46,2017年中國選秀節目《中國新歌聲》在台大舉辦音樂節活動，統促黨成員持甩棍攻擊台大學生、「白狼」張安樂之子張瑋（右2）在台大側門追打學生。（資料照）內政部將向憲法法庭聲請解散中華統一促進黨，參與內政部政黨審議會運作的人士今日向本報透露，該案是經委員表決通過，認為應該解散統促黨。統促黨是黑道披著政黨外衣，在台灣做政治性暴力攻擊及統戰滲透工作，嚴重破壞自由民主憲政秩序。統促黨長期系統性、組織性犯罪，重要核心成員屢有涉犯「國家安全法」、「反滲透法」、兩岸人民關係條例、「總統副總統選舉罷免法」、「公職人員選舉罷免法」、「組織犯罪防制條例」及「刑法」等情形，嚴重危害國家安全、社會穩定及選舉公正性，內政部蒐整相關事證完成，將聲請解散統促黨。請繼續往下閱讀...知情人士指出，內政部政黨審議委員會的委員是由政府機關、各黨派推舉的，裡面有國民黨、民眾黨推薦的委員，去年一月開會大家就用表決方式通過，同意將統促黨送憲法法庭聲請解散，當然國安和警政單位有提供一些未公開資料，供政黨審議委員會內部參考。據了解，統促黨總裁是「白狼」張安樂，統促黨與竹聯幫等黑道組織緊密結合，外省幫派在中國亦有經營八大行業，與中國關係千絲萬縷。統促黨下面許多「阿弟仔」、「小嘍囉」，審視其犯罪歷程，幾乎清一色在做「政治性攻擊」，且行為樣態不是一次性，而是多次性的。知情人士表示，統促黨是黑道披著政黨外衣，幫境外勢力做政治性暴力攻擊、統戰滲透工作，根本不是一般政黨，所涉案件並不是單純的恐嚇罪、傷害罪。根據分析，從法律來看，統促黨這個組織是在破壞我國自由民主憲政秩序，相關暴力案件層出不窮。譬如2017年中國選秀節目《中國新歌聲》在台大舉辦音樂節活動，統促黨成員持甩棍攻擊台大學生、「白狼」張安樂之子還對學生揮拳。另外，2019年9月香港民主派歌手何韻詩來台參加「929台港大遊行」，遭到統促黨自忠黨部成員潑紅漆；統促黨更深入台灣南部、地方宮廟、山地部落進行統戰滲透工作，吸收年輕人「由綠轉紅」。他指出，統促黨三番兩次打人，並不是一般幫派為了求利，而是有政治目的，已經踩到國安紅線。其實上一屆委員就有意處理統促黨了，不過有些委員較保守，到了這一屆就動用表決方式，通過聲請憲法法庭解散統促黨。不過，統促黨主席張馥堂曾對外回應，上百人犯罪就該去抓那些人，「個人造業應個人擔」、「內政部憑什麼註銷我們？」揚言提訴願抗爭到底。    ,https://news.ltn.com.tw/news/politics/breakingnews/5522833
西拉雅族正名成第17族 賴瑞隆走訪內門：原住民族多元文化是高雄珍貴寶藏,政治,2026/07/30 13:46,賴瑞隆（中）強調，原住民族的多元文化是高雄珍貴的寶藏。（賴瑞隆提供）行政院今（30）日宣布西拉雅族正名，正式獲認定為台灣原住民族第17族。對此，民進黨高雄市長參選人賴瑞隆表示，這是族人長年奔走、堅定爭取的成果，更是台灣落實基本族群正義的重要里程碑，他向所有投入正名運動的前輩表達最高敬意，並強調原住民族的多元文化是高雄珍貴的寶藏，未來將以文化持續點亮高雄。賴瑞隆今天也發布日前與立委伍麗華走訪內門木柵地區的影片，在西拉雅族文化工作者李蕙琪引領下，他戴上以Tarau（散穗高粱）編製的傳統花環，以族語「Mariyang wagi」表達問候。李蕙琪說明，這句話帶有「今天很美好」之意，賴瑞隆跟著族人一句句練習發音，感受語言與生活緊密相連的生命力。請繼續往下閱讀...李蕙琪感謝高雄市政府長期支持部落；賴瑞隆指出，正名是遲來但重要的肯定，更是文化復振的新起點。族群身分獲得正式承認後，政府更應持續支持族語、祭儀及聚落保存，使傳統融入日常生活之中。自己過去擔任高雄市觀光局主秘、新聞局長期間，便深刻體會「包容共榮」是城市的核心價值，未來要結合族語教育、社區走讀及地方創生，鼓勵更多年輕世代走入部落、親身學習，讓語言與傳統薪火相傳。賴瑞隆強調，每一個族群的歷史，都是城市共同的記憶；原住民族的多元文化更是高雄珍貴的寶藏，他也將與部落夥伴攜手，為高雄開創更多精彩。    ,https://news.ltn.com.tw/news/politics/breakingnews/5522884
吳宗憲提幼托安全四方針 透過AI預警防護網守護宜蘭孩童,政治,2026/07/30 13:36,國民黨宜蘭縣長參選人吳宗憲（中），提出幼托安全四方針 ，守護孩童安全。（圖由吳宗憲競辦提供）國內幼兒園及托嬰機構虐童事件頻傳，國民黨宜蘭縣長參選人吳宗憲今天（30日）提出「幼托安全四方針」，透過AI預警防護網、幼托安全紅綠燈、教保人員喘息支援機制、第三方吹哨保護制度，打造安心托育環境，守護宜蘭孩子安全。吳宗憲發布新聞稿指出，他身為兩個孩子的爸爸，看到虐童新聞感到非常心痛，家長的心願很簡單，希望孩子每天開開心心上學、平平安安回家。請繼續往下閱讀...吳宗憲說，立法院今年4月三讀通過兒童托育服務法，把托嬰中心、居家托育、準公共托育納入同一套法律，明訂設置監視錄影設備、影像保存、上傳機制，另教育部也將不當對待責任通報納入幼兒園評鑑，建立裁罰機制，中央已設立制度基礎，宜蘭必須積極接軌、做好配套。吳宗憲認為，宜蘭目前有兒童保護通報辦法，但預防機制仍有精進空間，他若能當選縣長，要推動「幼托安全四方針」。第一是設置AI預警防護網，在托嬰中心、幼兒園導入AI辨識技術，當系統偵測到異常情形，便會即時警示，以利及早介入處置。第二建立幼托安全紅綠燈，整合相關稽查結果、違規紀錄，建置公開透明的幼托安全地圖，以紅、黃、綠燈方式呈現，綠燈代表安全紀錄，黃燈待改善、有疑慮，紅燈是屢次違規、不願改善。第三推動教保人員喘息支援機制，當園方面臨人力吃緊，由專業團隊即時協助，讓第一線人員喘口氣。第四設置第三方吹哨保護制度，藉由保密的吹哨守護管道，明訂實質保護與獎勵，保障善意通報者不受報復。    ,https://news.ltn.com.tw/news/politics/breakingnews/5522855
戴錫欽酸訪美未見大咖？沈伯洋：眾議院前後任議長都見到了,政治,2026/07/30 13:35,民進黨台北市長參選人沈伯洋30日舉行訪美返國成果記者會，報告此行收穫。（記者張嘉明攝）台北市議會議長戴錫欽質疑，民進黨台北市長參選人沈伯洋以為「去美國看一些不是很重要的人」就可以選市長。沈伯洋今（30）日分享訪美成果並強調，此行會見美國聯邦眾議院議長強生（Mike Johnson）與前議長裴洛西（Nancy Pelosi），戴錫欽也是議長，「他在說自己不重要嗎？這有點尷尬」。沈伯洋今天與競選團隊總幹事吳思瑤、政策小組召集人陳培瑜舉行訪美成果記者會，公開為期8天的訪美考察心得。沈伯洋強調，台北做為國際城市，提出「無限城」概念，應具備直接與國際大都市對接的能力，本次訪美除深化國會外交與僑界連結，也與美東多個千萬人口級縣郡及城市首長座談。請繼續往下閱讀...沈伯洋指出，針對台北市近年面臨的都市林濫砍、交通安全、都更房價飆漲及人口流失等四大治理痛點，他引進國際經驗，為「無限城」首都藍圖擘劃。吳思瑤則表示，本次出行具有四項重要成果，包含國會外交、城市外交、棒球外交以及海外後援會的串聯。在都市林與交通治理方面，沈伯洋表示，洛杉磯、華府等地推行長達20年以上的「樹蔭計畫」，採「3-30-300」原則，即窗外可見3棵樹、30%樹蔭覆蓋率、300公尺內有綠地；評估移除樹木時，由市長、都市計畫委員會、樹木專家、當地住戶及保險公司五方共同評估風險。沈伯洋強調，引入保險公司的商業風險評估機制能提供民眾實質保障，台北市目前缺乏客觀科學的評估SOP與保險機制，未來都市林計畫應補齊。沈伯洋並分享考察紐約旁Hoboken市的經驗指出，該市透過11年計畫，已連續7年達成交通零死亡，並設定2030年前達成「零死亡、零重傷」目標；其成功關鍵在於精算駕駛視角死角、透過街道重構引導減速，並邀集居民與專家共同設計路口。沈伯洋表示，台北市過去4年針對150多所小學改善通學路與避車彎僅完成4所，進度嚴重滯後，應以小學通學路為核心，優先推動「交通零死亡」體驗示範。在都更與人口流失議題上，沈伯洋舉紐約Hudson Yards為例，該案因初期未規劃可負擔住宅，導致周邊房價暴漲、原住戶被迫搬離；相反地，紐約艾塞克斯街區與華府第十一區在都更初期即強制將容積獎勵與可負擔住宅綁定，留住在地人口與商圈活力。沈伯洋強調，台北市推動捷運TOD開發卻將聯開宅「直接賣掉變現」，近四年社會住宅進度更近乎停擺，市府應記取國際教訓。沈伯洋分析，台北市10年內流失27萬人口、平均每月流失一個里，根本原因在於就業市場缺乏厚度、研究院與科研基地付之缺如，且缺乏雙語教育銜接等友善配套措施。台北不應僅搬出半導體等「台灣的強項」，必須建立專屬台北的「防災與韌性城市」品牌，未來將持續推動北士科轉型、設置研究機構與招商引資，讓人才願意留在台北發展。媒體詢及，戴錫欽稱沈伯洋訪美見的都是不重要的人，還稱懂音樂、動漫就可以當市長是對台北市民的污辱？沈伯洋回應說，他本次拜會田納西州參議員Bill Hagerty，當地推動音樂生態系計劃已逾50年，才能培養出泰勒絲（Taylor Swift）這樣的國際巨星，提出這樣質疑的人，顯然對國際事務與市政缺乏理解與關心。台北市長參選人沈伯洋今天召開返國成果記者會，與吳思瑤、陳培瑜不約而同選擇6、16與66號球衣。（記者張嘉明攝）    ,https://news.ltn.com.tw/news/politics/breakingnews/5522871
遭民眾黨批訪越考察是觀光 沈有忠深夜吐心聲：我沒愧對國人,政治,2026/07/30 13:34,"陸委會副主委沈有忠。（資料照）立法院民眾黨團質疑，陸委會今年5月赴越南考察是「假考察、真觀光」，聲稱報告只有3頁，越南行是「豪擲千萬」。對此，陸委會副主委沈有忠昨日駁斥指，完整報告共33頁、逾1萬3000字；晚間他也在臉書發文表示，自認自己已經盡責，「我沒有愧對國人，沒有愧對我的工作，也沒有愧對我的國家」。沈有忠昨日受訪表示，陸委會出國報告都有精簡版和完整版，完全按照立法院要求上網公開。涉及機密部分，就是提交精簡版，這是配合立法院的要求。針對民眾黨團指控行程是「豪擲千萬」，他強調，此行共花費14萬4700多元，連去shopping的機會都沒有，無論行程、目的、成效或經費，「都禁得起考驗」。請繼續往下閱讀...沈有忠昨晚繼續在臉書發文表示，他知道，陸委會今年的國際溝通費應該是會被大刪了，媒宣費甚至可能被刪到一毛不留。他認為，政黨競爭是常態，立法監督行政也是應該。但用刪除預算、不通過人事來癱瘓政府；為了刪預算找理由硬凹罵人來刪的做法，這不是符合民主憲政精神的監督。討厭民進黨，想要贏得選舉，請用理念和政策主張贏得支持，這才是健康的政黨競爭。用癱瘓和羞辱政府，這樣的競爭手段，傷害的不是民進黨，傷害的是台灣、傷害的是全體國人的利益。沈有忠再次強調，這次出訪越南，有外交上、地緣政治上、戰略上、甚至經貿上的必要性。他們三人，四天三夜花費僅14.4萬，推動台越相關議題的意見交換與合作，「我自認已經盡責了。」沈有忠表示，說他不如小學生，說他爛，都可以忍。但質疑訪越是浪費錢，是去觀光，開罵只是為了藉機砍國際溝通的預算，因而傷害國家利益，他有責任把事情說明白。「我沒有愧對國人，沒有愧對我的工作，也沒有愧對我的國家！」    ",https://news.ltn.com.tw/news/politics/breakingnews/5522690
李四川要求說明立院表決疑雲 蘇巧慧競辦：依規請假,政治,2026/07/30 13:29,蘇競辦發言人吳思萱表示，蘇巧慧有出席立法院當天會議，但後來因行程關係必須先行離開，所以按照黨團規定請假。（蘇巧慧競辦提供）立法院日前表決「台灣兒少成長及未來帳戶條例」，民進黨立委、新北市長參選人蘇巧慧被控由立委沈發惠代為表決，國民黨新北市長參選人李四川要求蘇巧慧說清楚是否違反文書規定，蘇競辦發言人吳思萱表示，蘇巧慧有出席立法院當天會議，並參與投票表決相當長的時間，也有簽名可查，但後來因行程關係必須先行離開，所以按照黨團規定請假，可能表決卡沒有抽走，讓大家誤會。吳思萱強調，執政團隊現行所提出的成長津貼每月5000元，是為了實質照顧每個孩子，但國民黨的版本去除父母存款的上限，讓有錢家庭更有能力透過政府存錢，違背法案初衷和公平正義，所以蘇巧慧反對這種「富者越富」的版本。    ,https://news.ltn.com.tw/news/politics/breakingnews/5522840
蔣萬安提倒閣是虛招？沈伯洋揭目的：承認藍白亂搞國會須重選,政治,2026/07/30 13:28,民進黨台北市長參選人沈伯洋批評，最近台北市政問題頻傳，蔣萬安提倒閣根本是「虛晃一招」，關鍵在於想要解散國會與重新選舉。（記者張嘉明攝）台北市長蔣萬安近日拋出倒閣議題，並傳出藍白研擬共推不分區立委、國民黨禮讓前5席。民進黨台北市長參選人沈伯洋今（30）日批評，最近台北市政問題頻傳，蔣萬安提倒閣根本是「虛晃一招」，關鍵在於想要解散國會與重新選舉，難道是要承認藍白亂搞的立法院運作糟糕。沈伯洋今天召開「返國成果記者會」，媒體提問蔣萬安拋出倒閣議題。沈伯洋回應，倒閣戰場在全國，若要競選台北市長應先關心台北市政，尤其近期包含淹水、兒虐、狼師，以及預算浪費與樹木遭濫砍等市政問題繁多。請繼續往下閱讀...沈伯洋分析，倒閣最終結果為解散國會與立委改選，由於解散國會無法主動發起，必須透過倒閣程序，蔣萬安頻繁測試此議題，重點在於推動國會重新選舉。沈伯洋提到，有民調顯示民眾對立法院不滿意度達6成，立委改選本在2028年，為何今年就要發動倒閣並解散國會，直言「倒閣這兩個字其實就是虛晃一招」，質疑蔣萬安是否承認現行立法院在藍白運作下表現極差。與會的競選總幹事吳思瑤批評，蔣萬安不談市政卻砲轟中央，背後具有4個目的，包含轉移市政不利焦點、炒作藍綠對立、搶奪政治話語權，以及與立法院長韓國瑜、台中市長盧秀燕、國民黨主席鄭麗文競爭國民黨內權力，試圖為2028年爭取上位墊高自身聲勢。吳思瑤進一步強調，執政團隊在經貿與外交展現成果，對美貿易關稅談判已取得10%優惠；反觀國會總預算案審查延宕333天，國民黨黨鞭更在朝野協商上演失序行為。她評估國民黨內部對倒閣意見尚存分歧，遊說藍白合作發動倒閣純屬政治動作，缺乏正當性。民進黨台北市長參選人沈伯洋（右）30日在立委吳思瑤（左）陪同下，舉行訪美返國成果記者會。（記者張嘉明攝）    ,https://news.ltn.com.tw/news/politics/breakingnews/5522856
快評》農路拓寬圖利疑雲  恐成吳秀華邁向縣長之路絆腳石,政治,2026/07/30 13:21,台東議長、國民黨台東縣長參選人吳秀華。（資料照）台東檢調偵辦台東縣政府農業處，涉嫌在議長吳秀華家族投資的東映渡假村農路拓寬案的圖利疑雲，恐牽動今年底的台東縣長選情，國民黨籍的縣長參選人吳秀華，她在基本盤藍大於綠的台東原占優勢，一條山區農路的拓寬，原本可能是家族事業的一大助攻，如今卻演變成衝擊選情的未爆彈，後續對地方政局的影響值得觀察。吳秀華家族長期在台東政商兩得利，哥哥吳俊立、嫂嫂鄺麗貞都曾任縣長，家族在台東投資飯店、渡假村等，目前她是家族中唯一的從政者，擔任議長、國民黨縣黨部主委的要職，掌握藍營的地方勢力，下屆縣長選情也被看好，如今被質疑捲入「圖利自家家族企業」的司法與政治暴風眼，選情增添變數。請繼續往下閱讀...這件引發矚目的農路拓寬案，表面看似地方建設常見的「選民服務」或「道路改善工程」，但背後折射出的卻是地方政治家族、議會監督權與行政資源配置之間，長期模糊不清的灰色地帶，此案對吳秀華最嚴峻的考驗，在於「角色衝突」與「實質影響力」的雙重疑慮，她身為掌管地方民意最高機關、握有縣府預算審查大權的議長，家族企業在申請龐大開發案時，應恪守最高標準的利益衝突迴避。對選民而言，不論吳秀華是否曾親向縣府官員「交辦或關心」，家族企業與縣府政策之間的高度默契「巧合」，都難逃「公權力私有化」的社會批判；再從選舉角度觀察，貪腐與圖利常是毀滅政治人物正當性的最致命武器，這無疑提供對手陣營威力巨大的政治砲彈。在選戰進入倒數階段的關鍵時刻，檢調這記重拳不僅掀開了縣府與議會之間的微妙互動，也讓原本看似底定的台東縣長選局，籠罩在極大的變數與不確定性之中。    ,https://news.ltn.com.tw/news/politics/breakingnews/5522815
因應中國施壓加劇 薛瑞福會賴總統：盼成台灣更好的夥伴,政治,2026/07/30 13:17,「印太安全研究所」（IIPS）主席薛瑞福率團會見賴總統時表示，希望了解如何成為台灣更好的夥伴，協助因應相關挑戰。（總統府提供）總統賴清德今接見「印太安全研究所」（IIPS）主席薛瑞福所率訪團時表示，面對中國日益頻繁的脅迫與侵擾，台灣正強化不對稱戰力，推動特別預算建立無人機攻防體系；薛瑞福則回應，此行希望了解如何成為台灣更好的夥伴，協助因應中國持續對台施壓等相關挑戰。賴清德表示，今年恰逢美國建國250週年、台灣總統直選30週年，台美共同紀念自由與民主的珍貴，也宣揚人權和法治的重要性。然而，中國卻在這個月實施「跨國鎮壓」專法，以及試射洲際飛彈，嚴重影響國際人權及區域的和平穩定。請繼續往下閱讀...賴清德表示，面對中國日益頻繁的脅迫與侵擾，台灣深知「和平必須靠實力」，因此大力推動國防改革、強化不對稱戰力，並提升全社會防衛韌性，堅定維護國家安全及印太和平穩定。為持續提升自我防衛能力，政府先前積極提出國防特別預算，目前也持續推動採特別預算，要建立無人機攻防體系。賴清德特別感謝薛瑞福抵達台灣即接受媒體採訪，向台灣社會說明建立自主無人機體系的必要性，台灣十分期待與美國持續強化國防合作，從軍事採購邁向共同研發、共同生產的夥伴關係，為國際的和平穩定貢獻更大力量。賴清德提到，台美不僅在安全議題關係密切，在繁榮發展更是密不可分。美國已是台灣第一大貿易夥伴，台灣則為美國第四大貿易夥伴；美國已有25州及關島在台設立辦事處，台灣第14個駐美辦事處也將在亞利桑那州鳳凰城設立。賴清德指出，台美今年初簽署「台美投資備忘錄」、「台美對等貿易協定」和「矽盛世宣言及台美經濟安全合作聯合聲明」，更加提升經貿夥伴關係，雙方將在互惠、對等的基礎上，降低貿易障礙，確保高科技供應鏈的韌性。薛瑞福致詞時感謝賴總統提及美國建國250週年，並回顧美國在1776年7月4日發表《獨立宣言》後，曾面臨英國企圖打壓其民主制度；台灣則在1996年3月首次總統直選時遭遇中國飛彈威脅，兩國都曾為了民主而奮鬥。薛瑞福表示，每年率團訪問台灣，不僅能夠了解當前情勢，也能觀察台灣一年來的發展與進步。此行見證台灣經濟更加強勁、美台貿易關係更加穩固且更具韌性，台灣的國防及海巡力量也持續提升，更足以因應當前所面臨的挑戰。薛瑞福進一步表示，中國持續對台施加壓力，包括軍事恫嚇、脅迫及日益加劇的法律戰，企圖持續壓縮台灣空間，訪團此行希望了解如何成為台灣更好的夥伴，協助因應相關挑戰，並持續深化台灣經濟、台美貿易關係及台灣國防安全等各項合作。    ,https://news.ltn.com.tw/news/politics/breakingnews/5522837
蔣萬安來了？台中市議員選舉出現「蔣萬安推薦」看板引注目,政治,2026/07/30 13:10,台中南屯街頭首見「台北市長蔣萬安」推薦看板。（選民提供）市長、議員等地方公職九合一選舉11月28日舉行，只剩121天，台中市南屯選區首見國民黨參選人推出「台北市長蔣萬安」推薦看板；國民黨助選員說，國民黨市長參選人江啟臣等藍白參選人幾乎都是掛出「盧秀燕推薦」合體看板，第一次看到蔣萬安「南征」，可能是政治風向已經轉向。「蔣萬安看板耶？」南屯區張姓居民29日開車經過向上南路、精誠路口，驚見台中市議員朱暖英掛上「蔣萬安推薦選最好的」看板，由於藍白議員參選人多掛盧秀燕，北屯區民眾黨議員參選人邱于珊甚至於27日告發與盧秀燕合體布條「臉部被燒一個洞」，台中首次出現蔣萬安推薦引發關注。請繼續往下閱讀...民進黨南屯區議員何文海表示，蔣萬安罵總統賴清德、動員抗爭動作頻頻，跟盧秀燕在搶國民黨共主地位，藍營陷入內亂，而南屯人都知道，朱暖英議員丈夫王秋冬目前擔任台北市勞動局局長，「順便巴結一下」有很多意義。民進黨南屯區議員參選人張耀中說，蔣萬安可能會參選總統，最近一連串發言例如建議閣揆換成高雄市長陳其邁、廢監察院相當不妥，連台北市衛生局稽查「苯駢芘」（BaP）次數都遭質疑，他建議蔣萬安「不在其位，不謀其政」。中市府對於中聯油脂致癌油「苯駢芘」超標，抽驗此數是否僅1次，說詞數度閃躲，盧秀燕聲望受挫，台中首見「蔣萬安推薦」看板引發關注。朱暖英說，她打算掛合體看板，蔣萬安同意，還簽名支持，蔣萬安施政穩健、重視民生深獲各界肯定，良好施政形象也獲得跨縣市認同，邀請推薦是希望將信任延伸到台中，爭取南屯鄉親支持，持續提供更優質用心服務。國民黨在南屯區有朱暖英及劉士州兩位議員，目前仍與江啟臣合體看板為多數，朱暖英的「蔣萬安推薦」看板僅出現在精誠路、向上路及環中路等少數路口。好市多台中店（南屯）出現民進黨台中市長參選人何欣純、議員參選人張耀中看板。（選民提供）    ,https://news.ltn.com.tw/news/politics/breakingnews/5522823
電動機車補助喊停 審計部批財務規畫失當 謝國樑：中央欠基隆70億,政治,2026/07/30 13:00,針對審計部報告指基隆市電動機車財務未妥善規劃，基隆市長謝國樑稱，尊重看法，也請審計部務實考量。（記者俞肇福攝）基隆市長謝國樑在2022年基隆市長選舉前喊出「公益青年就業電動機車補助案」，從2023年來逾2萬人申請，2026年1月因財政吃緊暫停。審計部報告指原規劃4年補助5萬輛、總經費 27．5億元，僅編12億元核銷數2萬4千餘輛，還不到計畫目標5萬輛的一半，就以財政困難喊停，發函市政府檢討未衡酌財政狀況妥善規畫預算、換電站不足。對此，基隆市長謝國樑表示，他尊重審計部的看法，但是他覺得審計部沒有理解真正問題的源頭，還請審計部務實的考量。謝國樑指出，中央財政劃分法修正案通過後，基隆市政府該有的70幾億元根本沒有到帳，基隆市政府200億左右的市政府，假如少了70幾億元，基隆市政府少了多少公共建設跟社會福利，對基隆市民的照顧全面受到影響；謝國樑說，他尊重審計部的看法，但是他覺得審計部並沒有理解，真正問題的源頭在於基隆市政府每年來回短差了將近90億元，修法後，中央該給的70幾億元沒有給基隆市政府，整個稅務卻少了10幾億元，關於這一點，還請審計部可以務實的考量一下基隆市的情況。中央該給的錢不給，原先地方補助款中央又減少，基隆市政府會等財政條件改善後，將重新評估重啟補助。請繼續往下閱讀...青年免費電動機車補助方案，有兩種不同專案選擇，「專案車款」限定4廠牌共6種不同車型，每款車全額補助車體，各廠牌的月資費也提供0元選項，後來調整「新購車款」專案則不限廠牌可自選Gogoro等廠牌，一次性車體補助6萬元。基隆審計室指出，環保局編列青年電動機車補助計畫經費補助環保基金，規劃4年補助5萬輛、總經費 27．5億元，屬跨年期延續性重要施政計畫，未衡酌未來財政狀況，妥為規畫籌謀所需預算，逕以財政困難為由暫停執行，致補助數量未達計畫目標半數。經查至去年底累計核銷補助機車數（含專案及新購車款）約2萬4000輛。審計室發函請市政府檢討改善，辦理跨年期延續性重要施政計畫，應衡酌未來整體財政狀況及可用資源概況，妥為規劃計畫所需預算。截至2025年9月底，基隆市電動機車登記數為2萬4392輛，占機車總登記數19 萬9783輛的比率為12．21％，較113年同期間之9．44％，增加2.77%，普及率已躍居全國第一，主要因推動青年電動機車補助計畫所致。    ,https://news.ltn.com.tw/news/politics/breakingnews/5522803
外交部熊本7.1強震賑災專戶開設 賴清德、蕭美琴、卓榮泰各捐20萬,政治,2026/07/30 12:59,熊本縣災害對策本部於30日上午宣布，此次震災死亡人數已增至17人。（歐新社）日本熊本縣28日發生規模7.1強震，造成當地嚴重災情，總統府發言人郭雅慧今天表示，總統賴清德、副總統蕭美琴及行政院長卓榮泰高度關切災情，將以個人身分各捐贈新台幣20萬元賑災。此外，外交部已宣布開設賑災專戶，8月1日起開放國人捐款。郭雅慧表示，台日長年相互扶持、患難與共，政府將持續掌握災情並提供必要協助，盼各界共同為災區送暖，祈願傷者早日康復、受災民眾平安，熊本早日恢復正常生活。請繼續往下閱讀...捐款賑災專戶資訊如下：（一）專案名稱：0728日本熊本賑災專案（二）專戶名稱：財團法人國際合作發展基金會國際重大災害勸募專戶（三）銀行帳號：兆豐銀行天母分行；帳號：021-09-01-7741（四）詢問專線：1988（8月1日啟動）相關資訊可至「財團法人國際合作發展基金會」官網（https://www.icdf.org.tw/wSite/np?ctNode=31941∓=1）查詢。熊本強震》台灣3大超商、全支付平台啟動「熊本愛心捐款」    ,https://news.ltn.com.tw/news/politics/breakingnews/5522826
立院審電競基本法爆程序戰、朝野口角僵持1小時 李洋成「最尷尬旁觀者」,政治,2026/07/30 12:53,立法院教育及文化委員會繼續審查「電子競技運動發展基本法草案」等案，民進黨立委陳培瑜與主席羅廷瑋就程序問題發言爭鋒相對，讓運動部長李洋只能一臉尷尬無奈無法上台報告。 （記者田裕華攝）立法院教育及文化委員會今續審「電子競技運動發展基本法草案」等案，但朝野對是否制定基本法意見分歧。召委羅廷瑋宣布進入程序發言後，卻演變成1小時程序攻防，朝野爆發激烈口角，會議一度癱瘓停擺，運動部長李洋甚至被迫站立旁觀近10分鐘，神情尷尬。民進黨立委陳培瑜質疑專法恐影響部會運作，國民黨則反批勿政治化。李洋在受訪時則重申運動部不支持設立電競專法的態度。立法院教文會今天繼續審查「電子競技運動發展基本法草案」等案，因綠委林宜瑾受傷，主席羅廷瑋提議所有人統一坐在座位上發言。經過一輪程序發言後，主席宣布進行逐條審查，陳培瑜當場質疑「剛剛不是要讓部長先說明嗎？如果國民黨不要背負破壞憲政體制的法律，就讓部長說明。」羅則反嗆，「我是會議主席，麻煩尊重主席安排，大家好好坐著說。」雙方因程序問題發言爭鋒相對，讓李洋一臉尷尬無奈無法上台發言，從上午9點58分持續站著，直到10點04分才坐下。請繼續往下閱讀...吳沛憶接著重砲表示，此次會造成這樣場面，就是運動部多次跟召委表達「認為立專法並不恰當」，即便運動部已經提出要支持運動產業、建立產業的具體措施，但召委還是堅持今天為了要刷自己，所以才在那邊立，「從頭到尾都是羅廷瑋欺負運動部不是嗎？你現在在演哪一齣？很噁心耶你。」議事一路從上午9點15分吵到10點50分，羅廷瑋宣布休息，直到中午12點會議仍未開始，主席一度消失。李洋在休息期間接受媒體受訪，被問及上午質詢時為什麼選擇站著不坐下來？李洋回應，「我想那時候，不管是羅廷瑋，還是其他委員，可能對於上台還是坐下發言，有一些意見。我想在委員們的意見還沒有明確的時候，我先選擇站著等待委員們確定之後。我想身為行政機關的部分，我們在立法院等待他們的決議。」談及法案立場，李洋表示，法位階確實較高，建議變成發展法，運動部將不支持任何基本法或是專法，「至於召委提到目前發展條例無法來處理的部分，我想要表達依目前國體法以及發展條例，運動部在明年是能夠編列3000萬來去進行的。」李洋強調，不論是運動部還是立委對於電競的支持是可以肯定的，但要針對單一運動設立專法將可能造成問題，「不管是棒球、籃球還是羽球，還有很多的運動，我想不太可能一一立專法來進行，所以我必須再次強調運動部是不支持專法的部分。」李洋重申，電子競技運動跟電子競技運動產業其實是不太一樣的，所以我們運動部應該是在電子競技運動這部分來發展，產業部分由其他部會處理。    ,https://news.ltn.com.tw/news/politics/breakingnews/5522791
揭密蔣萬安身世？ 蔣家第四代︰沒驗過DNA、操控媒體改名字,政治,2026/07/30 12:52,「蔣家第四代」成員蔣友青近期受邀談話節目，期間無情吐槽「自稱蔣家人」的台北市長蔣萬安。（圖擷取自IG，本報合成）備受各界關注的「蔣家第四代」成員蔣友青，時事評論YouTuber「惡搜Assault」近期分享他2年前受訪影片，談到自己因「殺人魔曾祖父」蔣中正改變宗教信仰、抱怨爺爺蔣經國日記內容，還在鏡頭前無情吐槽「自稱蔣家人」的台北市長蔣萬安，並未與其他蔣家第四代一起驗過DNA，直白言論迅速引發全網熱議。根據受訪影片顯示，蔣友青坦言自己放棄信仰基督教的原因，是他在國外上基督教相關的課程時，聽到如果家中先祖曾犯下過殺人、偷竊等罪刑，神會對每一個罪刑處以3倍懲戒，而他的曾祖父蔣中正是惡名昭彰、殺人無數的代表，若按照3倍懲戒論來看，蔣家後人恐怕至少要承受幾千代的懲戒，於是讓他決定改變信仰。請繼續往下閱讀...後來主持人提到現任台北市長蔣萬安，與蔣友青或其他公開亮相過的蔣家第四代「長得完全不像」。蔣友青則指出，比起外貌長相差異很大等問題，他個人覺得蔣萬安最大的問題，是對方並沒有跟他們一起驗過DNA，並提到蔣萬安「透過媒體操控改名字」的這個行為，讓他更加懷疑對方是否真的算得上蔣家人的一分子。事後主持人科普蔣萬安對外公開的血統，是蔣經國還在中國時的情婦章亞若所生的私生子蔣孝嚴後代；根據歷史學家調查，章亞若在認識蔣經國前，曾是黃埔一期師長級將領郭禮伯的小妾。對於這段往事，蔣友青吐槽曾看過爺爺蔣經國在日記寫下「我在幫我朋友包養他的兒子」，狗血內容讓他當場傻眼，不解為何要記錄這種事。影片曝光後，迅速吸引大批網友朝聖，「真是活的很清楚明白」、「果然是正統蔣家後代」、「平靜地講出可怕的事情XD」、「同樣是阿斗，至少人家誠實」、「後代都知道祖先幹了什麼罪行」、「他很像在講別人家的八卦，笑死」、「地獄梗還是得自家人來開才有意義」、「幹瘋掉，蔣友青你真的不要這麼平靜開油罐車」。另有不少人調侃，「正牌姓蔣的出來電爆姓郭的」、「還偷臭改姓萬安，笑到噴淚」、「直接坐實萬安身世，替他默哀」、「原廠跟盜版副廠還是有差別的」、「全世界都知道郭萬安是假貨，但從真貨口中說出來就是不一樣」、「所以蔣經國日記被撕的一頁裡有這段！他幫（郭）朋友包養（雙胞胎）小孩！」、「蔣家信徒才不管這些！他們就是要崇拜兩蔣那種神話般的形象！真正蔣家公子那種正常人或負面的樣子，他們根本視而不見！人們就愛章萬安這種冒牌貨裝模作樣的鬼形象！」。廖筱君挖出蔣家族譜 爆蔣萬安身世驚人內情揭雙胞胎身世之謎？黃清龍：郭禮伯小妾章亞若蔣家人首被判刑！蔣友青恐嚇美國學校 判6月定讞蔣方智怡強調蔣公反共 汪浩：打臉國民黨、蔣萬安蔣孝嚴早知DNA結果？周玉蔻：否則當年何不「認祖歸宗」？蔣友青回奉化狂言「賴清德不是總統」 網友熱議：兩蔣看到會氣瘋        在 Instagram 查看這則貼文            惡搜Assault（@assaulttaiwan）分享的貼文惡搜Assault（@assaulttaiwan）分享的貼文     在 Threads 查看    ,https://news.ltn.com.tw/news/politics/breakingnews/5522696
高虹安一紙公文要中正市場攤商全撤 劉康彥批與晶品城案87％相似,政治,2026/07/30 12:49,新竹市長高虹安一紙公文就要中正市場攤商全撤走，市議員劉康彥批與晶品城營運廠商把店家趕走87%相似。（取自劉康彥臉書粉專）新竹市議員劉康彥今天指出，先前市府產發處要求中正市場零售攤商11月底前要全部撤走，原本只是產發處口頭說說，沒想到昨天市長高虹安來了一紙正式公文，公告「中正市場」1樓零售攤商，只能營業到今年11月底。劉康彥狠批市府的處置作為，沒有具體理由和原因，只有7個字「經本府整體評估」。就像3年前晶品城營運廠商把店家趕走，有87%相似，只是這次是代表具公權力的市政府。請繼續往下閱讀...劉康彥也提出疑問，要求市府提出之前編進預算書，用來研究市場空間如何再利用，才符合市場區位、市民需求的調查研究報告到底在哪裡？再者市府公文上「經本府整體評估」，「本府」指的是誰的意見？又是以什麼方法、標準、條件來做評估？他認為，市府蠻橫要求攤商撤走的過程與模式，與3年前新竹站前晶品城營運廠商把店家趕走，有87%像嗎？更可惡的是，晶品城是民間業者，但這次把中正市場攤商趕走的是代表公權力的市政府。劉康彥提到，市府對中正市場的整體規劃草案目前議會保留，認為市府不尊重議會，也漠視攤商的經營權利。新竹市長高虹安一紙公文就要中正市場攤商全撤走，市議員劉康彥批與晶品城營運廠商把店家趕走87%相似。（取自劉康彥臉書粉專）    ,https://news.ltn.com.tw/news/politics/breakingnews/5522749
藍營深偽賴清德短片被查 李四川：政府要有雅量聽市民聲音,政治,2026/07/30 12:37,國民黨新北市長參選人李四川針對韋淳佑「油不得你」深偽影片案，呼籲政府應聽進民眾的聲音。（記者翁聿煌攝）前國民黨新媒體部主任韋淳祐針對毒油案製作「油不得你」影片，涉及深偽總統賴清德的聲音恐被追究法律責任，台北市長蔣萬安還表示「有事衝著我來」被立委提告；國民黨新北市長參選人李四川30日赴新莊參訪青創業者，被問到此事表示，韋淳佑製作的影片說出全國市民的心聲，他呼籲政府，應該聽進所有市民的聲音，不要因為一個影片說出市民的聲音，就要去追殺。韋淳佑據傳目前也協助李四川競選，針對「油不得你」一案，蔣萬安昨天坦言當初拜會國民黨前主席朱立倫時請託讓韋淳佑團隊幫忙製作影片，還說「有事衝著我來」，立委李坤城昨天直接向刑事局告發蔣萬安涉嫌教唆；李四川今天被問到此事時強調，他講得很清楚，台灣是一個民主自由的國家，這影片本身只是代市民表達對毒油的意見，政府應該要有這個雅量，聽進去市民的聲音。    ,https://news.ltn.com.tw/news/politics/breakingnews/5522725
行政院核定西拉雅族為原住民族 8月中起可登記,政治,2026/07/30 12:28,行政院於今（30）日正式核定西拉雅族為原住民族。（記者鍾麗華攝）8月1日是「原住民族日」，行政院會今（30）日正式核定西拉雅族為原住民族，這是核定通過的第1個平埔族，也是法定第17個原住民族。原民會說明，符合認定要件的族人預計於8月中旬後，可向縣市政府申辦西拉雅族成員名冊登記，再至戶政事務所完成平埔原住民身分登記，預估第1年預估會有5萬人登記。行政院長卓榮泰說，平埔原住民族群自90年代起，陸續投入文化復振工作，開始推動正名運動。在縣市方面，由台南市政府、高雄市政府及屏東縣政府率先受理「熟、平」登記，肯認西拉雅族及其他南島語族在台灣歷史定位。請繼續往下閱讀...卓揆指出，中央方面，司法院憲法法庭於2022年判決宣告，除現行山地原住民及平地原住民以外，其他同屬南島語系民族之台灣原住民族身分認同權亦應受保障，此判決促成「平埔原住民族群身分法」完成立法，為西拉雅族核定為原住民族奠定法制基礎。卓揆說，除西拉雅族外，尚有噶哈巫族、巴宰族、道卡斯族、大武壠族、拍瀑拉族、馬卡道族、巴布薩族及凱達格蘭族等8族已向原民會提出民族核定申請。明年原住民族相關預算，在公共預算以及基金都會增加，讓原民會能提出更多政策，在生活、就業、就學、家庭等面向照顧所有原住民族。原民會綜合規劃處長曾興中說，平埔原住民取得身分後，不會立即適用現行法律有關原住民族的規定，而必須依憲法判決及平埔原住民族群身分法規定，由政府於3年內制定更完善法制。因此原民會目前正與各部會協調、盤點資源，預計今年9月前盤點完成，今年底提出初步規劃方案。針對西拉雅族的人數，原民會主秘王美蘋Akiku．Haisum表示，經專家學者評估，第1年預估會有5萬人登記，不過，還是要按照個人意願回復身分。此外，包括政治參與、社會福利、健康與教育等面向，目前已知包含憲法在內共涉及118種法律，會再依據盤點結果判斷要修法還是另立專法處理。    ,https://news.ltn.com.tw/news/politics/breakingnews/5522781
李四川拋青年政見 蘇巧慧：4月已提創業、諮商等青年政見,政治,2026/07/30 12:24,國民黨新北市長參選人李四川提出青年政見，民進黨立委、新北市長參選人蘇巧慧今（30）日對此回應。（蘇巧慧競辦提供）國民黨新北市長參選人李四川提出青年政見，民進黨立委、新北市長參選人蘇巧慧今（30）日回應，4月她已提出青年政見，從就業專業輔導、提供創業資金，將市有閒置空間轉化為休閒空間，提供3次青年心理諮商，以及規劃青年社會住宅，面面俱到來照顧青年；此外，在軟實力方面，她持續與作家、ACGN、潛水員等各領域青年朋友見面，討論新北的文化產業發展，也與漁村青年等討論漁業和觀光的永續發展。蘇巧慧說，她是最了解青年需求的市長，未來會搭建舞台，讓每一位青年朋友都可以在新北表現精彩。請繼續往下閱讀...至於新北市議會國民黨團昨日提出最新選戰民調，蘇巧慧指出，各項民調她都會參考，尊重對手的民調，大家可見這近800天來她的民調數字是不斷地上升，起初可能是大家覺得她很親切、有趣，後續大家陸續看到她的政見願景，也看見她過去的政績，進一步了解蘇巧慧不只是親切、年輕，還已經有10年的新北政績，包括交流道、車站、學校建設等等，她都投注了非常多心力在協調、在爭取資源，所以大家越來越清楚，新時代來臨，新北市需要一個能夠和國際競爭的新市長，她就是這個人選。另外，針對國民黨提出倒閣議題，蘇巧慧說，油品安全檢驗把關，第一線是地方政府，而中央負責改善制度，油品安全要中央、地方通力合作，各司其職，才能真正守護國人健康，期盼中央和地方一起盡本分，為食品安全努力。    ,https://news.ltn.com.tw/news/politics/breakingnews/5522738
徐巧芯要國民黨快開除丁瑀、蕭敬嚴  反被嗆靠「假摔」換立委,政治,2026/07/30 12:15,國民黨立委徐巧芯。（資料照）國民黨黨代表日前在全代會提出臨時提案，要求開除砲口對內的蕭敬嚴和丁瑀，全案送中央委員會處置；而國民黨立委徐巧芯也批評這兩人利用國民黨的名號去抹黑，既然有人提案就盡快去做。對此，丁瑀反嗆徐巧芯靠「假摔」換來立委職權，還囂張阻擋1.25兆國防軍購預算、協力中共摧毀中華民國台灣與民主自由。丁瑀表示，如果「假國民黨」真的敢倒閣，2024年僥倖選上立委、2025年差一點被罷免的葉元之，怎麼可能敢支持倒閣？假立委葉元之就是口是心非，跟著台北市長蔣萬安、徐巧芯為非作歹，配合中共削弱中華民國台灣。請繼續往下閱讀...丁瑀強調，自己一直以來都在貫徹孫中山、蔣中正、蔣經國前總統們捍衛中華民國、守護台灣、推廣民主自由等國民黨人應該完成的使命，開除他就是承認目前在台灣的國民黨，正式成為了「中國共產黨台灣分部」。丁瑀表示，鄭麗文為首的「假國民黨」過去不斷在國民黨的群組裡，用忍者的方式抹黑、造謠他，卻不敢正大光明的面對真正的國民黨，這就如同當年越戰的越共，白天躲在地道、夜晚才敢出來偷襲美軍。丁瑀更指出，徐巧芯身為外交及國防委員會的委員，卻囂張阻擋完整1.25兆國防軍購預算、協力中共摧毀中華民國台灣與民主自由，請問所有熱愛中華民國台灣、珍惜民主自由體制的朋友們，我們還要繼續養這種立委嗎？他奉勸徐巧芯好好把握靠「假摔」換來的職權，為中華民國台灣努力做事，不要一天到晚造謠、顛倒是非、做賊喊抓賊。徐巧芯在擔任民意代表期間，完全沒有做出任何對國家有貢獻的事，他真的不知道人民賦予徐巧芯權力的意義何在？丁瑀建議徐巧芯多吃一點紅蘿蔔對視力會有幫助，因為他24日發出的採訪邀請，清楚寫著要用和諧、理性的方式和那四位絕食者溝通、聊理念，絕食者之一的賴苡任也歡迎他去現場，但後來居然公然爽約。在此還是要奉勸這幾位絕食者，出來從政要言而有信。他建議徐巧芯沒有必要一直用一種瞧不起人的「高傲芯態度」面對民意。最後，丁瑀奉勸蔣萬安、徐巧芯、葉元之多多學習新北市長侯友宜，把工作做好比較實在。他也邀請蔣萬安、徐巧芯一起出來討論如何提升中華民國台灣的實力，全程直播用英文探討外交及國防、全程直播用中文探究「食衣住行育樂」等等包羅萬象的議題，一起讓我們的國家變得更強盛。    ,https://news.ltn.com.tw/news/politics/breakingnews/5522739
蘇巧慧立院請假由他人代表決 李四川盼說清楚有無違反規定,政治,2026/07/30 12:13,國民黨新北市長參選人李四川。（記者翁聿煌攝）國民黨新北市長參選人李四川30日赴新莊青創業者參訪，並發表青年政策，被問到對手蘇巧慧在前幾天立法院表決《台灣兒少成長及未來帳戶條例》中，她沒有表決並說是請假，結果被抓包由同黨立委沈發惠代為表決，李四川表示，國會殿堂法案表決是很嚴肅的問題，委員人不在，有人代她按表決器，以他公務人員的經驗，說實在表決也是一種文書的處理，有沒有違反文書的相關規定？可能要請蘇巧慧委員好好地說清楚。對於最新TVBS民調，李四川43.7%，領先蘇巧慧6.9個百分點，跟上個月對比起來還多贏了0.7個百分點，媒體問李四川領先的關鍵何？是否與最近的毒油案有關，李四川回應，所有的民調他都會做參考，就民調裡面不足的部分，他會來努力，也會持續勤跑29區，讓所有的市民知道他的政見，持續聆聽29區所有市民的聲音。請繼續往下閱讀...媒體問李四川，民調裡民眾黨支持者將近八成都是支持他，是不是代表藍白合政策非常成功，李四川感謝民眾黨的支持者支持，藍白合到現在為止，大家本身各自努力，也結合兩黨的政策來對市民發表。    ,https://news.ltn.com.tw/news/politics/breakingnews/5522736
驚！台中捷運藍線遲未動工 捷工局吐實：預算恐「差1300億」,政治,2026/07/30 12:04,黃守達追問捷運藍線預算缺口，不滿市府報喜不報憂。（記者蘇孟娟攝）台中捷運藍線在台中市長盧秀燕任內近8年迄今尚未進入主線土建工程實質開工，日前爆出核定預算1615億元已不夠用，須增近千億才可望完成，台中市議員黃守達今質詢問預算缺口的洞實際有多大？千億夠用嗎？台中市捷工局長蘇瑞文驚吐，「應需再增1300億」，總經費上升到2915億，甚至藍線完工期程會延後2到2年半，讓眾人譁然。盧秀燕稱，台中捷運命運多舛、「特別被關注」，核定公文在中央來來回回，導致耽誤了兩年，晚了1、2年才核定，導致可能會晚兩年完工，她雖年底卸任，還是勉勵相關單位透過追趕進度方式把時間趕回來，趕多少就算多少。請繼續往下閱讀...盧秀燕8年任期倒數不到4個月，捷運藍線主線工程尚未動工，藍線總預算1615億扣除土地費用、機電標及土建標高架段8個車站招標後，已不夠興建地下段12個車站工程，恐需再增千億，今市府在市議會進行專案報告。黃守達問，藍線千億預算缺口這麼重要的事，專案報告竟隻字未提，他問蘇瑞文後續地下段工程預算「1千億夠嗎」？不料，蘇瑞文吐實「認為應該要1300億」，等於藍線總預算將自1615億元再暴增到2915億元，從讓眾人傻眼。包括議員陳淑華、陳俞融及黃守達關切相關預算缺口如何補， 蘇瑞文指出，8月會跟中央提修正計畫，台中需自籌40%。黃守達再問是否影響藍線完工期程，蘇瑞文再爆，藍線時程會「delay（延遲）2年到2年半」；黃守達說，今日送來的專案報告寫2034年通車還算數嗎，蘇瑞文坦言，「可能不會」，讓黃守達大怒，相關細節報告中均未交代，只報喜不報憂，市府根本開始放大假，打算擺爛到底。蘇瑞文吐實捷運藍線預算缺口差1300億。（記者蘇孟娟攝）盧秀燕稱透過追趕進度方式把時間趕回來。（記者蘇孟娟攝）    ,https://news.ltn.com.tw/news/politics/breakingnews/5522720
批文化部出國補助少 當代傳奇諷因為不唱台語？朱宥勳：帽子扣很大,政治,2026/07/30 11:49,《凱撒大帝》是當代傳奇第6度改編莎士比亞的劇作。（資料照）當代傳奇劇場行政總監林秀偉昨發文批評文化部文化交流司司長拒見當代傳奇創辦人、國家文藝獎得主吳興國，並質疑當代傳奇以「凱撒」參加世界莎士比亞大會五十年慶典「只願給3張經濟艙機票」。作家朱宥勳質疑，林秀偉的說法讓人感覺「這頂帽子扣得很大，也很明顯完全不尊重其他語種的文化工作者」。他也提到，過去「當代傳奇」承包的「板橋放送所」，在對作家進行邀約時也曾「非常不尊重人、做事也亂七八糟」。針對林秀偉發文批評，文化部強調各項計畫補助皆依相關要點規定，並經專業委員進行審查，過程專業、公正，亦可受公評。在林秀偉的發文底下網友也紛紛留言直呼「115年文化部補助當代傳奇640萬，講台語的明華園只補助200萬。妳還說因為不唱台語？做人真的別這樣！」、「你知道我們的國家年度總預算藍白立委還在刪減甚至還沒過審嗎」、「國家預算被立院擋住，嗷嗷待哺的豈止您？」、「當代這個單位，一直以來拿的補助不算少，真的要摸著良心說話」、「只要不順你心就政治迫害！」請繼續往下閱讀...朱宥勳在臉書發文指出，「當代傳奇」的劇團製作人，發文控訴文化部給他們的補助太少，只給「3張機票」去羅馬演出。他表示關於這點，網路上討論已經很多。比如他們已是「Taiwan Top」系列獲得最多補助的團體等等。朱宥勳直言，補助的額度與合理性、預算該如何爭取如何使用，可以討論。但他感覺文章散發出一種非常熟悉的「其他文化工作者都沒有我重要」的氣息。比如林秀偉說：「難道當代傳奇劇場已經不值得代表台灣文化，因為不唱台語？」這頂帽子扣得很大，也很明顯完全不尊重其他語種的文化工作者。朱宥勳表示，「為什麼我會有種熟悉的感覺呢？啊，因為我遇過很類似的『小事』嘛」。朱宥勳分享一張截圖，並表示該圖已珍藏兩年，「也許不少朋友還記得，2024年時，我曾經發過一篇文章，說『某藝文團體承包的某藝文場地』，曾經發信給我，問我可不可以當『備案』」。回顧2024年10月間，朱宥勳當時曾發文表示，某「委託文化團體經營的古蹟場域」，要舉辦系列的文學講座，當時曾先後邀請其他兩位作家以及他，但邀請講題明顯不是他們的專長領域，且還先後邀請不同作家，讓朱宥勳直呼「因為邀不到講師而換人，這是常有的事，但懶到把適合一人的講題按在另一人身上，真的就滿了不起的了」、「他們完全沒想過，萬一兩名作家都答應了，那要怎麼辦？」當時朱宥勳也直呼，「『備案人選』，這話不只不能對任何一名作家講出口，你根本就不可以跟任何合作對象說，無分地位尊卑」、「他們甚至不知道我和謝宜安的關係。我收到這封信真是啼笑皆非」。朱宥勳直言，如今藉此機會，公告周知給同行吧。這個非常不尊重人、做事也亂七八糟的藝文單位，就是「當代傳奇」承包的「板橋放送所」。請大家往後接到邀約、參加活動時，可以參考是否避雷。朱宥勳強調，「這真的只是一件小事。只是現在看起來，他們也不是很尊重他人，那我也沒什麼為他們保留顏面的必要了」。朱宥勳質疑，過去「當代傳奇」承包的「板橋放送所」，在對作家進行邀約時也曾「非常不尊重人、做事也亂七八糟」。（圖擷自臉書）    ,https://news.ltn.com.tw/news/politics/breakingnews/5522611
韓國瑜路過比了一個讚  莊瑞雄諷傅崐萁：在國會稱王要有風度,政治,2026/07/30 11:49,立法院長韓國瑜今（30）日召集朝野黨團協商今年度中央政府總預算案，民進黨團幹事長莊瑞雄（右）、書記長范雲出席。（記者叢昌瑾攝）立法院朝野黨團昨日協商今年度中央政府總預算案，討論到行政院約用人員酬金遭刪時，國民黨立院黨團總召傅崐萁不但在現場罵髒話，更拍桌嗆在場綠委臭俗仔，場面一度火爆。對此，民進黨立院黨團幹事長莊瑞雄今（30）日表示，傅崐萁的表現恐讓外界誤解花蓮人的水準，想在國會稱王還是要有一定風度，像立法院長韓國瑜路過就向他比了一個讚。民進黨立院黨團書記長范雲今早在立法院受訪表示，傅崐萁總召真的是稱王了，花蓮人說他是「花蓮王」，他在立法院也想要稱王，只是這個王的水準，讓花蓮人蠻難過的，因為花蓮人的水準應該高出不少。請繼續往下閱讀...范雲指出，行政院秘書長張惇涵昨天懇求藍白立委，不要為了對行政院長卓榮泰政治報復，也刪減基層約聘雇人員的經費，依照去年的案例，刪減基層三、四萬元的薪水，行政院長還要想辦法補救，傷害基層的基本權益。范雲續指，昨天講到這裡時，傅崐萁總召就生氣了，不知道為何要對幫助基層生氣？拜託傅崐萁做為花蓮人選出來的立委，不要讓花蓮人覺得非常汗顏。此外，莊瑞雄也說，剛剛韓國瑜院長走過來的時候，看到他和范雲站在這邊受訪，韓國瑜就朝他們比了一個讚，顯然在國會裡要稱王的人，其實要保持一定的風度，國會應該是理性問政的地方，用拍桌、國罵的方式展現王的氣勢，會讓外界誤解花蓮人整體的水準，連韓國瑜也看不下去。    ,https://news.ltn.com.tw/news/politics/breakingnews/5522691
沈伯洋喊話「心要在台北」 蔣萬安：身為立委也該好好關心食安,政治,2026/07/30 11:48,蔣萬安出席台美城市產業商機媒合會。（記者甘孟霖攝）台北市長蔣萬安近期攻食安、拋倒閣議題劍指中央，民進黨台北市長參選人沈伯洋說，位子在台北，心就要在台北，批評蔣忙著「越級考試」。蔣萬安今（30）日回應，食安就是市政，沈身為立委也該好好關心，在立院監督衛福部、食藥署。蔣萬安今出席台美城市產業商機媒合會，會前受訪說，食安是所有市民都關心的議題，食安就是市政，沈伯洋身為立委，也該好好關心食安議題，應該在立院好好質詢監督衛福部、食藥署，為人民健康跟食安發聲。請繼續往下閱讀...另外，媒體也問，毒油風波一個月，為何北市選在今起開設食用油健康諮詢門診？蔣萬安再批，一個月了，民眾還是得不到政府一個清楚答案，為何會有毒油？影響層面多大？上週他跟家長代表見面，家長有反應擔憂自己與孩子吃下不少問題油品。他說，「中央不做，我們來做」，今天台北市就規劃門診這樣的諮詢窗口，讓有疑慮的家長、孩子，所有的市民都可以接受到這樣安心專業的諮詢。另有媒體問，行政院政務委員陳時中受訪指出，當初20%下架標準是專家建議，但坦言沒考慮到是否可執行？蔣萬安說，這件事不分藍綠都有討論，地方政府對20%標準提出質疑並反對，北市第一時間就是全面預防性下架，且不只台北，包括高雄市長陳其邁也對此提出質疑，反對這標準。    ,https://news.ltn.com.tw/news/politics/breakingnews/5522659
李四川提青年政策「創業第一桶金計畫」 貸款額度提高至500萬,政治,2026/07/30 11:42,國民黨新北市長參選人李四川（中）提青年政策，要將青年創業貸款額度提高至5百萬元。（記者翁聿煌攝）國民黨新北市長參選人李四川30日赴新莊參訪青年創業店家，並發表青年政策，李四川提出要將現行青年創業貸款最高額度，由200萬元提高至500萬元，提供青年更充足的創業啟動資金，協助投入產品研發、市場拓展及營運發展。第二、放寬申請資格，青年團隊也能申請，將原本申請條件之一為負責人符合設籍新北及已成年才可申請，現在放寬為負責人或團隊任一成員符合設籍新北及已成年，即可提出申請，讓更多青年團隊都有機會取得創業資源。請繼續往下閱讀...三、強化信用保證，降低貸款門檻，建立更完善的政府信用保證與風險分攤制度，不再只看擔保品與財務報表，更重視創業計畫、市場潛力及商業模式，降低青年創業融資門檻。四、創業導師全程陪跑，提高創業成功率，導入創業顧問與導師制度，提供創業課程、商業模式診斷、財務規劃及經營輔導，打造「先輔導、後融資、再陪伴」的一站式創業支持體系，提高青年創業成功率。國民黨新北市長參選人李四川（中）提青年政策，要將青年創業貸款額度提高至5百萬元。（記者翁聿煌攝）    ,https://news.ltn.com.tw/news/politics/breakingnews/5522658
翁曉玲質疑赴中失聯統計失準 羅文嘉反嗆：妳信國台辦不信我們？,政治,2026/07/30 11:35,羅文嘉與翁曉玲昨在內政委員會激烈交鋒。（圖擷取自立法院ivod影音直播系統）陸委會最新統計，自2024年截至今年7月22日止，國人赴中失聯、遭留置盤查或被關押案件，累計高達402人。國民黨立委翁曉玲29日在立法院質詢時，追問陸委會與海基會統計的數據依據，認為台灣方面處理方式有問題。海基會祕書長羅文嘉與翁曉玲辯論時講到激動處，直言「妳相信他們（國台辦），不相信我們」，讓翁曉玲一時語塞。翁曉玲昨日在內政委員會質詢時，詢問台灣民眾赴中國後失聯、遭留置或盤查的統計依據，質疑是否有「重複計算」的可能性，並批評「兩岸共同打擊犯罪及司法互助機制」目前形同失效。海基會祕書長羅文嘉對此反駁，依照「兩岸共打協議」第12條規定，只要雙方人員在對方地區遭限制人身自由，不論涉及詐欺、販毒或其他刑事案件，都應立即進行通報。請繼續往下閱讀...羅文嘉強調，問題不在於當事人涉及何種罪名，而是中國片面未依協議履行通報義務。隨後翁曉玲指稱，兩岸交流要互相，台灣的做法也有檢討空間。羅文嘉對此馬上回擊：「是他們要執行協議的問題，你不能這樣解讀好像是我們錯，是對岸錯才對。」後續羅文嘉進一步說明統計數據，表示海基會與陸委會每天都會核對案件，過去18個月共接獲225件家屬陳請協助，翁曉玲又問「這225件是否扣除後來獲釋或返台者」，羅文嘉說明，225件案件中，目前仍有91件持續失聯，另有134件已經找到人，但在確認下落的個案中，有102人被關押在中國監獄，僅22人返台。後續翁曉玲又批評羅文嘉「什麼都說是中國的錯」，並聲稱中國方面也會認為所有問題都是台灣造成，羅文嘉當場提醒：「委員你是中華民國立委，在這邊要站在中華民國的立場說話，是中國國台辦的錯，你不能說是台灣的錯。」翁曉玲則回說：「你們現在都只能透過在電視上不斷喊話，都是大陸好可惡喔，而且我們甚至都懷疑你們數字的正確性」聽到翁曉玲的質疑，羅文嘉馬上反擊，強調剛剛已經說得很清楚，「沒有一件是錯的」，並直言：「國台辦說我們數字錯，你也在這邊說我們數字錯，我已經解釋我們的數字非常清楚，有根有據，我不清楚我要怎麼解釋你才會知道，妳相信他們，不相信我們？」讓也讓翁曉玲一度語塞，僅回應：「我……」隨後又與羅文嘉繼續爭辯，要求羅文嘉將相關文件以密件的方式提供給她看。    ,https://news.ltn.com.tw/news/politics/breakingnews/5522636
蔣萬安喊倒閣 王鴻薇坦言「黨內意見尚未一致」,政治,2026/07/30 11:34,國民黨立委王鴻薇接受中廣新聞網《千秋萬事》主持人王淺秋專訪。（「千秋萬事」提供）台北市長蔣萬安近日持續放話推動「倒閣」，國民黨立委王鴻薇今接受媒體專訪表示，中部以北區域立委大多支持，但黨團內部意見尚未一致，且不分區重新提名變數仍多，不過，倒閣成功關鍵在於民眾黨必須支持，若提倒閣須為國眾兩黨共識；對於藍白共推不分區禮讓名額的傳聞，她直言該構想並不成熟，且需取得黨主席授權。王鴻薇今天接受中廣新聞網《千秋萬事》主持人王淺秋專訪，被詢問有關倒閣問題，王指出，國民黨籍中部以北的區域立委，大多數會支持倒閣，不過黨團意見還不一致，尤其不分區要重新提名，有些還投身縣市長選戰，一旦選縣市長，不能再被提名為不分區立委，現任的不分區也不一定會被提名，因為換了黨主席，所以還有變數。請繼續往下閱讀...王鴻薇表示，倒閣能不能成功，有一個最重要的關鍵，就是民眾黨一定要支持，如果最後沒辦法通過，對支持者也是很大的挫折，如果要提倒閣，必須是國眾兩黨的共識。對於有媒體報導指稱，已有國民黨立委研議與民眾黨合作，更提出藍白共推不分區立委，將前5個安全名額禮讓民眾黨方案，換取白營支持倒閣。王鴻薇回應，禮讓共提的構想並不成熟，要民眾黨的支持者小草投國民黨不分區，「像麵糰揉在一起」，在這麼短的時間之內，票能不能順利移轉，這個是解決方案之一，但好像有點過於單純，另外，如果真要談，也要得到黨主席的授權。    ,https://news.ltn.com.tw/news/politics/breakingnews/5522669
雙氧水漂白豬腸躲貨櫃屋 監院揭屠宰場旁「三不管」食安漏洞,政治,2026/07/30 11:29,監察院。（資料照）屏東百威食品有限公司以工業級雙氧水清洗豬腸並販售，作業地點藏匿於貨櫃屋內、進出管制嚴格，衛福部食品藥物管理署及屏東縣政府衛生局自接獲相關情事後，卻延遲近4個月才進行稽查並回收問題產品。監察院社會福利及衛生環境委員會近日通過監委張菊芳、田秋堇、蔡崇義所提調查報告今（30）日公布，認定此有違食品安全衛生管理法第41條規定，促請前述相關機關檢討改進。調查報告指出，依食安法第41條第1項第4款及第2項規定，縣（市）主管機關對於有違反同法第15條第1項之虞者，得命食品業者暫停作業及停止販賣，並封存該產品，中央主管機關於必要時亦得為該管理措施；食安法第15條第1項則規定，食品使用未經中央主管機關許可的添加物，不得製造、加工、調配、運送、貯存及販售。食藥署及屏東衛生局對於有使用工業級雙氧水進行食品加工行為之虞者，本於預防性原則，應採行限制加工、封存、下架等必要管理措施。請繼續往下閱讀...報告認為，2機關基於保全證據請檢調協助的考量，最終得以破案查獲不法，固非無由，然該期間任由業者持續進行違法加工並販售，對消費者食用安全造成威脅。食藥署已因本案針對行政稽查介入點檢討並修正相關規定，仍有賴食藥署與檢察機關建立緊密的協調合作機制，避免問題食品流入市面。調查報告並指出，百威公司2013年11月8日即取得公司登記，衛福部早於2014年10月16日公告具工廠、商業、公司、稅籍登記的食品製造、加工業、販售業者等，屬應辦理食品業者登錄的對象，但食藥署及屏東衛生局直到2025年10月1日聯合查緝，發現該業者以工業級雙氧水清洗豬腸的違法情事時，才進一步查獲該公司未依法辦理食品業者登錄。食藥署雖稱每年均有辦理食品專案稽查，然各項專案是以產業（品）類別為對象，業者倘未依規定辦理登錄，自不在稽核名單中，難以發掘相關違法情事，肇生食安管理漏洞。另外，百威公司違法進行豬腸清洗作業的場所是以貨櫃改裝，位於欣樂公司廠區圍牆內，卻在該公司附設的屠宰場之外，農業部及食藥署均認為非屬法定轄管範圍。農業部甚於獲悉本案檢舉後，仍於2025年9月16日核定通過該屠宰場衛生安全管制系統驗證證明書，該部例行年度實地稽查及同年8月4日的現場驗證查驗，均未曾警覺該屠宰場旁設置貨櫃的原因及用途；屏東縣政府農業處及該府衛生局亦未能主動察覺，行事均有欠積極。報告直指，屠宰作業範圍及食品加工場域的模糊界線處，衍生「三不管地帶」的食安漏洞，有待行政院正視並建立管理機制。至於工業級雙氧水來源，調查報告指出是購自「個人」，即某化工公司離職員工自化工公司購買後，再轉售予百威公司，但目前對於「個人」購買過氧化氫的行為，並無相關登記管理制度。食藥署及環境部化學物質管理署雖已因應本案將過氧化氫定位為風險疑慮化學物質，但藉由第三方個人名義購買後、再轉售予食品業者的方式，仍難藉由食品雲及化學雲篩選發掘，此食安管理鏈斷點有待該2機關研謀共同解決之道。    ,https://news.ltn.com.tw/news/politics/breakingnews/5522654
蔣萬安拋「倒閣」 卓榮泰說話了,政治,2026/07/30 11:22,行政院長卓榮泰30日出席「西拉雅族民族核定暨正名宣告典禮」受訪。（記者張嘉明攝）台北市長蔣萬安繼日前拋出「倒閣」議題後，昨天又點名高雄市長陳其邁任閣揆，行政院長卓榮泰今（30）日受訪表示，台北市長有台北市長該做的事情，如果台北市長專門在想其他的事情，那他身為一個台北市的市民，也會認為沈伯洋是優秀的台北市長的人選。卓榮泰今天出席「西拉雅族民族核定暨正名宣告典禮」前受訪表示，首先要謝謝蔣萬安在國人面前公開地讚揚高雄市長陳其邁。如果說地方的首長能在地方把食安工作做好、把關的工作做好，值得其他地方的首長學習，所以也希望蔣萬安能多學習。請繼續往下閱讀...卓榮泰強調，「倒閣」是立法院的工作，「解散國會」是總統的職權，「台北市長有台北市長該做的事情，如果台北市長專門在想其他的事情，那我身為一個台北市的市民，我也會認為，沈伯洋是優秀的台北市長的人選」。事實上，卓揆去年1月就總預算覆議案，被問倒閣議題表示，「他們不敢，但是，我希望他們敢」，在去年12月不副署「財劃法」時也表示，如果被一個違憲亂政的國會跟政黨提出倒閣不信任案，將會是他畢生的民主勳章。對於卓揆態度是否轉變？行政院發言人李慧芝表示，卓揆已經說明清楚了，蔣萬安的工作是市政，倒閣是立法院的工作。行政院政務委員陳時中今（30）日接受廣播專訪也表示，政治歸政治，專業歸專業，蔣萬安應該要回歸市政；至於他身為閣員的職責，就是把事情做好，不要陷於這樣的政治的口水裡面，其他事情就留待公評。    ,https://news.ltn.com.tw/news/politics/breakingnews/5522671
總預算協商》翁曉玲屢頂撞 韓國瑜震怒：還要不要開？ 8/7要全通過,政治,2026/07/30 11:15,立法院長韓國瑜今（30）日召集朝野黨團就「115年度中央政府總預算案有關公務預算部分」繼續協商，會前與民進黨團總召蔡其昌（左）交換意見。（記者叢昌瑾攝）立法院長韓國瑜今日繼續針對今年度總預算召開朝野協商，鑑於國民黨團總召傅崐萁昨在協商中爆粗口導致散會。韓今主持協商時以黨團幹部發言為主，引起國民黨立委翁曉玲不滿，持續在會中頂撞韓國瑜。韓一度震怒說：「幹部舉手隨時都可以講話，我們還有1300多個案子，會到底還要不要開？」並強調，明天下午、下週二、下週三、下週四都要繼續協商，預計8月7日要全部通過。協商過程中，針對翁曉玲提案全刪行政院施政及法制業務1437萬預算，韓國瑜聽完張惇涵說明後，裁示保留；在討論到行政院所屬第三目機要費預算時，國民黨立委翁曉玲舉手打斷韓國瑜主持，她表示，不好意思院長，問題是她要對自己的提案說明；韓國瑜說：「我已將相關提案全數保留了，不再發言，第二輪協商時再說好嗎？」請繼續往下閱讀...翁曉玲不滿地表示，今天這樣的情況，那是不是行政院秘書長也不用說明了？國民黨立委陳玉珍則補充，如果只有政院說明，這樣會讓他們下去剪影片變成單方意見。韓國瑜重申，不是這個意思，第二輪的時候再說好嗎？目前有1300多個案子，今天是黨團幹部會議為主，有意見委會召委當然可以說明，昨天太多非黨團幹部發言，造成協商氣氛大家都明瞭；若提案委員還有減少刪減預算的可能當然可以發言，但若堅持就將案子保留，繼續往下，畢竟還有1300多個案子。翁曉玲繼續抱怨，這樣變成只有張秘書長的說明，沒有她的說法；坐在一旁的國民黨立委王鴻薇緊急拉住翁曉玲，示意讓她別再講。韓國瑜再次強調「我們還有二輪！」民眾黨團總召陳清龍則說，提案委員是否能給予精簡的表達、發言，對預算彼此做討論，若只有單方面行政部門說明，黨團都不講話，等於單方面的發表。緊接著，韓國瑜語帶不滿地直言：「陳總召你現在不就在講話嗎？團幹部舉手隨時都可以講話，我已經裁示保留了大家還有什麼意見？我們還有1300多個案子，到底還有什麼意見，會到底還要不要開？接續還有二輪大家屆時還可以表達意見。」韓國瑜強調，現在已經把所有時間省下來，明天下午、下週二、下週三、下週四都要繼續協商，預計8月7日要全部通過。    ,https://news.ltn.com.tw/news/politics/breakingnews/5522651
傳藍擬拿5席不分區換白支持倒閣 民進黨團：民眾不會接受密室交易,政治,2026/07/30 11:09,立法院長韓國瑜今（30）日召集朝野黨團就「115年度中央政府總預算案有關公務預算部分」繼續協商，民進黨團幹事長莊瑞雄（右）、書記長范雲出席。（記者叢昌瑾攝）台北市長蔣萬安提出倒閣，傳出藍營內部正討論藍白合，由藍禮讓白不分區立委席次，換取民眾黨支持倒閣。對此，民進黨立院黨團幹事長莊瑞雄今（30）日表示，若倒閣變成權力的交換，這種密室交易經不起檢驗，民眾也無法接受。媒體報導，有藍委認為藍綠對決下，國民黨至少能拿下15席不分區立委，或許可藉由藍白合，共提不分區立委名單，並禮讓民眾黨前5席名額，讓白營不必擔心政治聲量削減，換取對倒閣的支持。請繼續往下閱讀...莊瑞雄今早在立法院受訪表示，憲政設計倒閣是一種責任政治，倒閣是立法院的期中考，也是針對在野黨立委這兩年幹了很多壞事，包括總預算案卡關至今、擋軍購、癱瘓憲法法庭等。莊瑞雄說，無論是行政部門或立法院，都要接受人民的檢驗，如果倒閣變成國會議員席次的交換，就不叫倒閣，而是過度的權力交換，相信民眾也無法接受。尤其在野黨之間先喬好要給另政黨幾席，這種密室交易是經不起檢驗的，若傳聞屬實將失去倒閣的意義。    ,https://news.ltn.com.tw/news/politics/breakingnews/5522635
附和柯文哲！蔣萬安稱同意「倒賴」,政治,2026/07/30 11:08,蔣萬安今出席台美城市産業商機媒合會。（記者甘孟霖攝）中聯油脂毒油案延燒，台北市長蔣萬安再拋倒閣議題，前民眾黨主席柯文哲則表示「倒賴」才是重點，總統不換，閣揆換誰都一樣。蔣萬安今（30）日說：「我同意柯市長他所講的『倒賴』。」如果今天總統賴清德有肩膀，行政院長卓榮泰負起政治責任，今天大家不會提出倒閣想法。蔣萬安今出席台美城市產業商機媒合會，會前媒體問他，怎麼看柯文哲說「倒賴」才是重點，另民進黨秘書長徐國勇說倒閣第一個傷到立法院長韓國瑜「放馬過來」？蔣萬安批，如果有這樣的氣魄來面對毒油風暴，人民還會站上凱道？他同意柯文哲說的「倒賴」，如果今天賴清德有肩膀，卓榮泰負起政治責任，大家就不會提出倒閣想法。請繼續往下閱讀...此外，民眾黨主席黃國昌爆料不少國民黨立委反對倒閣，還傳出不具名藍委透露，有構思與民眾黨共推不分區立委，並禮讓5席？蔣萬安說，有幾位藍委跟他提到倒閣的建議，他認為國民黨內部一定要充分討論有共識，再加上要有民眾黨的支持才能思考下一步，去年他也提出倒閣，對相關規定非常清楚，一定尊重藍白黨團的決定，且要有一致的立場，缺一不可。    ,https://news.ltn.com.tw/news/politics/breakingnews/5522634
迎接宜蘭高鐵新時代 宜蘭市韓瑩、羅東鎮黃適超合推雙城免費接駁,政治,2026/07/30 11:01,宜蘭市長參選人韓瑩（右）提出除擴增市區停車空間與建置YouBike運具外，更將推動「智慧敬老卡」一卡通行便利系統。（記者王峻祺攝）為迎接高鐵延伸與鐵路高架化，羅東鎮長參選人黃適超與宜蘭市長參選人韓瑩，今天與縣長參選人林國漳合體，並拋出具體交通願景，韓、黃共同宣示，未來將大幅擴充羅東及宜蘭市的停車量能，並導入YouBike系統，同時規劃途經高鐵站的「羅東—宜蘭」免費接駁巴士，結合「智慧敬老卡」推動一卡通行便利，以綠色運具聯手打造便利新生活。針對羅東鎮地狹人稠特性，黃適超提出「外圍停車、接駁入鎮」構想，表示未來假日及寒暑假，將利用免費接駁公車將外地遊客自外圍引入，減輕市區交通負荷。同時，配合高鐵系統，建置免費接駁巴士，串聯宜蘭高鐵站與羅東商業中心，並改善鎮內免費公車路網，讓鄉親與旅客都能無縫接軌，打造人本交通環境。請繼續往下閱讀...面對宜蘭市的重大轉型期，韓瑩表示，除擴增市區停車空間與建置YouBike運具外，更將推動「智慧敬老卡」一卡通行的便利系統，透過智慧卡整合，不僅讓縣內長者與鄉親移動更加順暢，也能大幅造福通勤族，為未來整體城市擴張做好最完善的配套準備。另外，解決停車問題與市區壅塞是兩人共識，承諾未來會推動捷運化路網與友善人行步道時，施工前必將強化與地方居民的溝通與配套，以負責任的態度避免民怨，也會全力爭取聯絡道A與聯絡道B的人本環境規劃，讓羅東與宜蘭市相輔相成，透過提升大眾運輸與智慧設施，讓遊客能快速抵達宜蘭，並享受低碳慢活環境。羅東鎮長參選人黃適超（左）拋出「外圍停車、接駁入鎮」構想。（記者王峻祺攝）    ,https://news.ltn.com.tw/news/politics/breakingnews/5522633
蔣萬安喊話倒閣要卓榮泰為毒油下台 陳時中冷回,政治,2026/07/30 10:58,台北市長蔣萬安日前拋出倒閣要行政院長卓榮泰為毒油事件下台負責，對此，行政院政務委員陳時中今（30）日接受廣播專訪表示，政治歸政治，專業歸專業，蔣萬安應該要回歸市政。（圖由《POP撞新聞》提供）台北市長蔣萬安日前拋出倒閣要行政院長卓榮泰為毒油事件下台負責，對此，行政院政務委員陳時中今（30）日接受廣播專訪表示，政治歸政治，專業歸專業，蔣萬安應該要回歸市政；至於他身為閣員的職責，就是把事情做好，不要陷於這樣的政治的口水裡面，其他事情就留待公評。至於台中市長盧秀燕直指中央決策有問題，並稱「中央有門神、有內鬼」，矛頭直指日前行政院研商食安法修法時提出的「二成混合比例免下架」標準，質疑該政策背離食安原則。對此，陳時中表示，不管是政治人物或一般人民，在指控別人的時候要有證據，他也很負責任講，至少到現在，他沒有看到任何這樣的一個所謂的「包庇」。另外，中央也有相對的強硬措施，所以不會有「門神」這樣的一個可能性。請繼續往下閱讀...對於遭批中央「蓋牌」，陳時中指出，政府從6月30日得到訊息，7月1日雷厲風行、宣布停工、停止販售；7月2日宣布第一層的下架；7月3日、7月4日就開始第二層預防性下架；7月5日、6日公佈名單；7月7日對中聯油脂廠就處分1億6520萬元，這是有史以來最高的；然後7月10日全面預防性下架，所以每一天都在做事情。陳時中說，「若說包庇？包庇會罰中聯1億多嗎？」法院也查扣了1億2000多萬元，對他們的廠房價值估有2億5千萬元，然後就把他依照一定的計算公式，再扣了1億2000多萬元，絕對沒有包庇。陳時中表示，法務部現在積極的在偵調中，把所有的證據、要求相關的證據，在司法的這樣一個嚴明的查辦下，有一天一定會還大家一個公道。這樣的一個處理的行政程序，顯見了中央的一個相對的一個強硬的措施，所以不會有「門神」這樣的一個可能性。    ,https://news.ltn.com.tw/news/politics/breakingnews/5522618
盧秀燕表態！倒閣解散國會年底合併選舉 「這樣比較妥當」,政治,2026/07/30 10:55,盧秀燕今天表示，若倒閣成功、解散國會，建議年底「合併選舉」，「這樣比較妥當」。（記者蘇孟娟攝）台北市長蔣萬安拋支持在野黨立委提案「倒閣」，日前才表示可以討論的台中市長盧秀燕今進一步表態，如果倒閣成功也解散國會的話，勢必要舉行國會大選，「我希望到時候合併選舉」，以免勞民傷財，到時候可能出現史上第一次中央選舉跟地方選舉合併辦理。中聯致癌油風暴後，蔣萬安喊不排斥透過「倒閣」，要求行政院長卓榮泰為毒油案遲未給出真相承擔政治責任，盧秀燕日前說，雖然倒閣是國會議員的職權，「不過我覺得可以討論」。請繼續往下閱讀...中選會主委游盈隆今日下午將到台中市選委會訪視，並排定拜訪盧秀燕，盧秀燕今證實游盈隆將到訪，她說，游盈隆未提拜訪原因，但她猜是因為年底有大選，可能是為了選務以及公投的事宜來訪，因為台中市選票超過全國1/10，是大城市，選務非常的重要，也是游盈隆來訪的因。被問及若倒閣成功的話，年底會希望選舉合併嗎？盧秀燕直接表態，若倒閣成功也解散國會，按照憲法的期程年底勢必要舉行國會大選，屆時就不只是地方選舉，因為今年底本來要舉辦9合1地方選舉，「我希望到時候是合併選舉」，如果分散選舉，時間這麼近，分兩次投票的話，勞民傷財，非民眾希望。盧秀燕說，屆時可能發生史上第一次中央選舉跟地方選舉合併，「這樣比較妥當」。盧秀燕稱倒閣國會與地方選舉合併 游盈隆：比天塌下來機會大一點    ,https://news.ltn.com.tw/news/politics/breakingnews/5522613
高鐵延伸搭配產業升級 林國漳拚打造宜蘭黃金十年,政治,2026/07/30 10:52,迎接宜蘭交通變革關鍵期，民進黨宜蘭縣長參選人林國漳（中）與宜蘭市長參選人韓瑩（右）、羅東鎮長參選人黃適超，共同發表全域交通願景。（記者王峻祺攝）迎接宜蘭交通變革關鍵期，民進黨宜蘭縣長參選人林國漳今天與宜蘭市長參選人韓瑩、羅東鎮長參選人黃適超，共同發表全域交通願景並拚產業升級，強調面對未來的高鐵與鐵路高架化，宜蘭須做足準備，並提出「一高、二快、三接、四縱、五轉、六橫」架構，期盼擘劃黃金十年藍圖。林國漳說，針對一高的高鐵延伸，未來縣府將嚴謹評估環境影響，將衝擊降至最低，同時於特區規劃產業專區，並主動爭取中央研究院進駐宜蘭，化重大交通建設為在地產業升級契機，不單只是單純的交通工具。請繼續往下閱讀...他指出，二快為台62線延伸與蘇花快速道路，國道5號無法通行大貨車，台62線若從瑞芳延伸至頭城及礁溪，甚至到龍德及利澤工業區，將有效分流車潮並降低企業物流成本。蘇花快則可建構東部安全廊道，深化宜花東的觀光業。林國漳說，縣內路網則採人本交通整體配置；四縱由國5側車道191線、台9、台2及台2庚延伸線組成，承擔南北過境車流；六橫則是搭配宜6線、宜蘭聯絡道Ａ與Ｂ、二結、羅東及冬山聯絡道，可全面打通東西聯繫，紓解市區車潮。林國漳強調，接駁系統方面，以五轉與三接無縫補足最後一哩路。五大轉運站涵蓋烏石港、礁溪、宜蘭、羅東與蘇澳為重要樞紐。同時整合YouBike共享單車、小黃公車及彈性公車等三種接駁，建構順暢公共運輸環境，完善溪北溪南交通雙核心發展。    ,https://news.ltn.com.tw/news/politics/breakingnews/5522584
王淺秋爆卸任後「哈佛學人」 陳其邁︰「有空無榫」非市民樂見,政治,2026/07/30 10:47,陳其邁暗批蔣萬安整天講政治題。（記者葛祐豪攝）台北市長蔣萬安點名陳其邁接閣揆，媒體人王淺秋更爆料傳聞陳其邁卸任後可能出國當「哈佛學人」；對此，陳其邁今（30）日受訪時反擊說，政壇最不缺的就是謠言，每天「講一些有坑無筍的」（台語），並暗批蔣萬安說，民眾「不期待市長整天講些政治題」，而是要把市政做好。台北市長蔣萬安日前提出倒閣議題，29日又稱此舉可化解政治僵局，點名高雄市長陳其邁是很好的閣揆人選；媒體人王淺秋更爆料，但陳其邁不得聖上歡心，可能拿不到好位置，有傳聞稱卸任後可能出國當「哈佛學人」。請繼續往下閱讀...對此，陳其邁今天受訪時表示，市長最重要的工作，就是把市政做好，大家最關心的食安問題，中央跟地方能共同合作，一些制度性改革都需要即刻來進行。陳其邁怒批，政壇最不缺的就是謠言，與其每天在那邊一會兒要接閣揆、一會兒又要去哪裡，「講一些有坑無筍的」（台語俗諺「有空無榫」的口語諧音，意指只有凹洞而沒有榫頭，比喻不著邊際或沒有結果的事），這不是市民樂見的。他強調，做市長就是做市長的功課，食安問題在執行上是不是有把工作落實，對於相關法規是不是有那些不足的，「民眾期待市長是在講這些，不期待市長整天講些政治題」、「如果在高雄發生這種事情，高雄市議員像邱于軒他們會放過我嗎？」陳其邁說，所以這是人民的期待、不分黨派的期待，每天都在做一些政治性的發言，這對台灣食安一點幫助都沒有，「做實事腳踏實地，把市政做好，做在當下，這是我對自己的要求!」    ,https://news.ltn.com.tw/news/politics/breakingnews/5522602
楊珍妮涉職場霸凌遭監院彈劾 行政院：尊重調查結果,政治,2026/07/30 10:41,行政院秘書長張惇涵。（記者林哲遠攝）前行政院政務委員楊珍妮兼任行政院經貿談判辦公室總談判代表期間涉職場霸凌，監察院審查會17日以13票成立、零票不成立，通過彈劾，移送懲戒法院審理。對此，行政院長張惇涵今在立院受訪時說，行政院接受且尊重監察院調查的結果。張惇涵表示，行政院之前對行政院經貿談判辦公室案子啟動的調查，是由外部的專家委員為主，來啟動調查。他們所做的調查報告也經過行政院的防護委員會委員們討論通過，行政院尊重且接受專家小組的調查報告。請繼續往下閱讀...至於監察院，張惇涵說，他之前在立法院備詢的時候，也有講過監察院也很快就啟動調查了，監察院跟行政院是平行的憲政機關，行政院當然接受而且尊重監察院調查的結果。監察院的調查結果要移送懲戒法院做判決，接下來也是尊重懲戒法院的判決。    ,https://news.ltn.com.tw/news/politics/breakingnews/5522587
沈伯洋首要任務是把蔣萬安鎖回台北 詹凌瑀：蔣的好日子結束了,政治,2026/07/30 10:36,詹凌瑀點名民進黨台北市長參選人沈伯洋，表示沈結束出訪行程回台灣，「蔣萬安的好日子結束了」。（記者張嘉明攝）台北市長蔣萬安近日動作頻頻，先是藉致癌油風波舉行「725反毒油」，日前又拋出倒閣議題，昨（29日）上午接受專訪時更指名高雄市長陳其邁是「不錯的閣揆人選」。媒體人詹凌瑀對此批評蔣萬安：「連台北考卷都不想寫的人，沒資格對全國指手畫腳。」並點名民進黨台北市長參選人沈伯洋，表示沈結束出訪行程回台灣，「蔣萬安的好日子結束了」。詹凌瑀表示，過去8天，一個在美國替台北找答案，一個在台北替自己找舞台，對比就是這麼殘酷。詹凌瑀列舉，沈伯洋帶回可負擔住宅、都市降溫、交通零死亡的城市治理經驗，但蔣萬安端出什麼？監察院糾正超過7件的成績單，萬芳高中案被認定失職、兒虐案一再發生、寶林茶室之後連食安會議都懶得去、天價遮陽傘到現在講不清楚。請繼續往下閱讀...詹凌瑀質疑：「台北的考卷空白一片，市長卻天天忙著當名嘴、忙著倒閣、忙著替別人組閣，越級考試考得不亦樂乎。」詹凌瑀提到，為什麼蔣萬安這麼熱衷全國性議題？因為市政攤開來就是不及格，只好用咆哮掩飾心虛，用政治操作轉移焦點，這招用了3年，也該收了。詹凌瑀認為，接下來沈伯洋要做的事很簡單，就是「把蔣萬安鎖回台北，」虐童案給交代、食安抽驗缺多少、砍掉的樹怎麼辦，一題一題逼他答，答不出來就讓全台北看清楚。詹凌瑀強調：「位子在台北，心就要在台北，連台北考卷都不想寫的人，沒資格對全國指手畫腳。台北市民等一個專心做事的市長，已經等太久了。」    ,https://news.ltn.com.tw/news/politics/breakingnews/5522518
北市11筆「蛋黃區」不當黨產 經民連促優先改作社宅可蓋2550戶,政治,2026/07/30 10:32,台灣經濟民主連合今（30）日舉行記者會，主張儘速且全面收回不當黨產，並將座落都市「五大蛋黃區」、「三大願景」優先改作社會住宅。 （記者田裕華攝）2026年地方公職人員九合一大選年底將舉行，民眾期待參選人端出政見牛肉，居住權政策更是選民重點觀察指標。台灣經濟民主連合今（30）日舉行記者會，主張儘速且全面收回不當黨產，並將座落都市「五大蛋黃區」、「三大願景」優先改作社會住宅。經民連智庫並公布首波盤點結果，台北市至少有11筆不當黨產適合作社宅使用，保守估計可提供2270戶至2550戶。經民連智庫召集人賴中強表示，第一波僅就最小範圍盤點，以台北市、且黨產會已作出收歸國有行政處分者為限，另加計救國團已承諾歸還國有的劍潭青年活動中心，以及近日媒體大量報導的松山油漆廠，共11筆。他強調，台北市仍有大量黨產會列管、但尚未作成處分的不當黨產未納入。請繼續往下閱讀...研究員涂景亮指出，2017年立法院三讀通過的「促進轉型正義條例」第7條明定，不當黨產應作為推動轉型正義、人權教育、長期照顧、社會福利政策及相關文化事務之用，立法理由亦指明黨產取自社會，本應用於社會。11筆中，7筆現有建物共4791坪，另4筆土地共2萬3640坪可新建大樓。涂景亮並點名5筆位於精華區、可作住商混合社宅的「5顆蛋黃」，包括婦聯會所有、緊鄰捷運善導寺站的林森南路美齡樓（120至140戶）；救總所有、位於捷運中正紀念堂站出口旁的羅斯福路裕民大樓2樓（25至30戶）；鄰近古亭站的力麒大樓6、11、12樓（25至30戶）；婦聯會所有、近西門站的延平南路城中大樓7、8樓（30至35戶）；以及緊鄰港墘站的內湖達爾文科技大樓9、10樓（50至60戶）。研究員鄒韻函說明「3大願景」，包括腹地達6.5公頃的劍潭青年活動中心，可拆除1988年既有建物、參考廣慈博愛園區打造公園式社宅，提供1500至1600戶；閒置荒廢的松山油漆廠可規劃400至450戶，並設置幼兒園等社福空間。婦聯會士林區至誠路一段台北市分會基地2227平方公尺，也適合拆除重建，可規劃120至150戶。另有3筆「彈性」基地，包括救總的天玉、同德老人長照中心與中廣文山區福興路土地，可作社宅或維持長照功能。經民連並比照建商命名方式，將3大願景取名「松山北漂油漆」、「劍潭青活」、「婦聯台北」，提醒政府居住政策除新婚育兒家庭外，也應重視青年、北漂族與單身族的居住權益。賴中強呼籲朝野政黨及台北市長、議員候選人共同支持，未來將進行第二波盤點並擴及其他縣市。經民連智庫研究員鄒韻函說明「3大願景」，包括腹地達6.5公頃的劍潭青年活動中心（見圖），可拆除1988年既有建物、參考廣慈博愛園區打造公園式社宅，提供1500至1600戶。（資料照）台灣經濟民主連合今（30）日舉行記者會，主張儘速且全面收回不當黨產，並將座落都市「五大蛋黃區」、「三大願景」優先改作社會住宅。圖為經民連智庫召集人賴中強（左）主持說明。（記者田裕華攝）    ,https://news.ltn.com.tw/news/politics/breakingnews/5522571
傅崐萁昨協商噴髒話「他X的」張惇涵：社會自有公論,政治,2026/07/30 10:30,行政院秘書長張惇涵。（記者林哲遠攝）立法院長韓國瑜今日繼續針對今年度總預算召開朝野協商。針對國民黨團總召傅崐萁在昨日協商時爆粗口「他X的」、拍桌大罵等行徑導致散會，行政院秘書長張惇涵今在會前受訪時說，無論是哪一個政黨的政治人物，都應該受到社會民意的監督跟公評，社會自有公論。張淳涵表示，謝謝韓國瑜院長今天一大早就再次邀集朝野協商，關於昨天的協商狀況，就他個人的部分，個人並不重要，因為他是代表行政團隊來立法院備詢，所以中央政府總預算比較重要；再者，就立法院的議場或議事的運作，他的身分也不便發言，尊重韓國瑜院長；第三，無論是哪一個政黨的政治人物，都應該受到社會民意的監督跟公評，社會自有公論。請繼續往下閱讀...針對翁曉玲提案凍結卓揆的薪資，後續要怎麼跟在野溝通？張惇涵說，昨天在預算協商時，他有說明，這一次朝野政黨對行政院院本部的預算總共有102個提案，其中刪除的加總是4.3億、凍結的加總是3.3億，總共刪加凍是7.6億。他強調，行政院今年度業務費的預算只有3.4億，確實會或多或少影響行政院的基本運作。無論朝野之間如何政治的攻防、立場的不同，各個部會行政部門基本的運作，或者是基層員工應該有的待遇，大家都應該來合理的理性討論。    ,https://news.ltn.com.tw/news/politics/breakingnews/5522570
藍送5席不分區求合作倒閣？ 白委反對：「換賴」比較重要,政治,2026/07/30 10:17,民眾黨立委洪毓祥。（記者林哲遠攝）台北市長蔣萬安近日持續放話要推動「倒閣」，有媒體報導指稱，已有國民黨立委研議與民眾黨合作，更提出藍白共推不分區立委，將前5個安全名額禮讓民眾黨方案，換取白營支持倒閣。對此，民眾黨立委洪毓祥今受訪時直言，換掉總統比較有用，換掉一個閣揆，還有千千萬萬個閣揆，這樣子來講的話，就不是解決問題，反而甚至是製造更多更多的問題。洪毓祥表示，換掉總統比較有用，換掉一個閣揆，還有千千萬萬個閣揆對不對？他覺得重點是在於說，政府施政無能包含，食安、預算亂編等問題。因此，不是只有換掉閣揆、倒閣，才可以解決，以工程問題的角度來看，源頭處理比較重要，所以關鍵問題還是要找賴清德。請繼續往下閱讀...他強調，是否贊成倒閣，其重點就搞錯方向了，重點是「倒賴」比較重要。換掉閣揆，還有千千萬萬個閣揆，這一點換湯不換藥，沒有什麼作用，這樣子來講的話，就不是解決問題，反而甚至是製造更多更多的問題。    ,https://news.ltn.com.tw/news/politics/breakingnews/5522557
基於對等原則 外交部宣布今起暫停受理摩洛哥來台簽證申請,政治,2026/07/30 10:13,外交部今（30）日宣布，經查證確認摩洛哥政府已訓令其全球使領館暫停受理相關申請作業，基於對等原則，今日起除經專案核准外，暫停受理摩洛哥籍人士來台的簽證申請。（資料照）摩洛哥駐日本大使館於7月23日通知我國旅行業者，暫停受理我國人申請赴摩國的「簽證確認函」（Visa Confirmation Letter，VCL）。外交部今（30）日宣布，經查證確認摩洛哥政府已訓令其全球使領館暫停受理相關申請作業，基於對等原則，今日起除經專案核准外，暫停受理摩洛哥籍人士來台的簽證申請。外交部表示，摩洛哥政府雖已暫停受理國人申請簽證確認函，但於7月20日前已獲發摩國簽證確認函的國人，依規定仍可於有效期限內持憑入境從事商旅活動。請繼續往下閱讀...外交部指出，鑒於目前國人無法申請摩洛哥電子簽證，預計前往當地短期商旅僅能向摩洛哥大使館申請「簽證確認函」，摩國政府驟然採取停發措施，已對國人赴該國商旅造成障礙，並影響兩國雙邊交流。外交部表示，基於雙邊交流的對等原則，外交部宣布自7月30日起，除經專案核准外，暫停受理摩洛哥籍人士來台的簽證申請；同時呼籲摩洛哥政府，應正視及維持兩國人民商旅互訪便利，早日恢復雙邊正常民間交流。外交部表示，將密切關注摩洛哥政府對我國簽證措施的後續發展，並相應滾動調整摩洛哥籍人士來台簽證措施。    ,https://news.ltn.com.tw/news/politics/breakingnews/5522554
熊本強震釀災 監委調查台灣防震斷層情境模擬不足、減災成效流於形式,政治,2026/07/30 10:12,監察院。（資料照）日本熊本縣28日下午4時27分發生規模7.1強震釀災，研判為日奈久斷層帶部分區段活動所致。我國地質條件與日本同為斷層密布且地震頻仍，監察院今（30）日公布調查報告指出，國科會就台灣活動斷層災害之情境模擬量能不足，內政部就災害模擬結果欠缺減災成效評估，均促請行政院加強督導。日本政府於2025年12月間發布「首都直下型地震」災損報告，監察委員田秋堇、蔡崇義就我國類似地震災害評估機制成效如何啟動調查，並於今年4月約詢行政院災害防救辦公室（災防辦）、國家科學及技術委員會（國科會）暨國家災害防救科技中心、財團法人國家實驗研究院國家地震工程研究中心、內政部國土管理署及消防署、交通部暨氣象署地震測報中心、經濟部暨地質調查及礦業管理中心等單位，並諮詢專家學者，完成調查報告。本案函請國科會、內政部、行政院災防辦檢討改善。請繼續往下閱讀...調查報告指出，據2018年11月28日中央災害防救會報第39次會議決定，請國科會研發對台灣「重要斷層」錯動造成地震之情境模擬與災損推估等辦理事項。然經查，國科會自2018年迄今辦理7次大規模地震情境模擬，僅完成山腳斷層（模擬規模6.6）、新城斷層（模擬規模6.9）、大甲斷層（模擬規模6.5）加彰化斷層（模擬規模6.5）合計4條斷層之情境模擬，但我國都會人口密集地區轄內19條斷層，加上鄰近6條斷層合計共25條活動斷層，以國科會每年僅於國家防災日時方「配合」內政部辦理1次地震災害情境模擬之速度觀之，比例太低，尚須10餘年方能完成人口密集地區、科學園區或產業園區災害模擬，量能顯有不足。調查亦發現，國科會情境模擬經費極其有限，山腳斷層僅以南段模擬發生規模6.6地震1組數據，模擬總長度僅1/2且非最大規模情境，相較於日本首都地震模擬30組情境（且有極限模擬），國科會有美化數據之嫌，恐誤導相關單位防災準備，無法充分保障國人安全，行政院災防辦允應加強督導。其次，內政部於2017年12月7日中央災害防救會報第37次會議中，設定該部10年內擬將「山腳斷層」地震傷亡人數減少一半（由4100人降為2050人）等目標，然查內政部迄今已過8年餘，針對上開目標仍難以提出具體數據；該部對於國科會送交的7次大規模地震情境模擬結果，雖有相關研議作為，仍欠缺減災具體評估成效，模擬結果流於形式。調查報告指出，相較於日本東京直下地震2013年已設定10年後之減災目標，並於2025年檢驗其降低之達成率，如「推估死亡人口數」由2.3萬人降為1.8萬人、「房屋毀損」由61萬棟降為40萬棟、「避難人數」由720萬人降為480萬人等。此外，日本政府亦提出多項減災對策，如提升住宅與建築物的耐震化率，及救災沿街建築之耐震化，特別針對「特定緊急輸送道路」兩旁的建築，強制或鼓勵進行耐震補強，以防止倒塌後阻礙救災車輛通行等，均值得借鏡。行政院災防辦亦應強化督導內政部，落實中央災害防救會報之目標，仍有可精進之處。此外，據監院諮詢專家學者指出，地震乃是台灣歷年單一災害事件傷亡人數最多之災害，超過水災、旱災、火災、交通事故，「地震災害之預防」理應受到應有之重視。然相較於日本2025年12月公開首都（東京）直下型地震模擬結果並提醒日本國民做好防災，我國地震防災體系不但分散於各機關，且每年國家防災日偏重「救災」任務演練，對於災害模擬經費及各種資源投入量能不足，研議結果多欠缺具體數據（如建物耐震改善成效），對於交通、維生管線等基礎設施提升耐震性能之評估數據，亦欠長期追蹤。調查報告並提到，日本於2026年3月6日內閣會議通過「防災廳」相關設置法案，設立專責防災機關，監察院諮詢之專家學者均建議行政院宜參考設立「防災」專責單位，系統累積並整合各種防救災資訊，以面對各種災害風險之挑戰。    ,https://news.ltn.com.tw/news/politics/breakingnews/5522543
王鴻薇稱林佳龍、吳志中「情緒勒索」 提案刪外交部媒宣費預算近8千萬,政治,2026/07/30 10:06,國民黨立委王鴻薇在第二輪提案中，以遭外交部長林佳龍、外交部次長吳志中「情緒勒索」，以及強化預算執行情形、撙節公帑等理由，提案減列外交部媒宣費預算7817萬元。（記者黃靖媗翻攝）立法院持續審議「中華民國115年度中央政府總預算案」。除了先前國民黨立委翁曉玲提案將外交部媒宣費預算減列1億421萬9千元，國民黨立委王鴻薇在第二輪提案中，也以遭外交部長林佳龍、外交部次長吳志中「情緒勒索」，以及強化預算執行情形、撙節公帑等理由，提案減列外交部媒宣費預算7817萬元。王鴻薇的提案說明指出，今年度外交部共編列媒體政策及業務宣導費預算1億3181萬9千元，較去年度預算數2760萬元增加1億421萬9千元，較113年度決算數5364萬9千元增加7817萬元。請繼續往下閱讀...提案說明也指出，據外交部提供的115年度「媒體政策及業務宣導費」明細，總計27項，其中辦理國家軟實力數位推廣計畫之設定目標值為數百萬人次，未臻明確，難以作為績效評估準據，另以多元媒體管道辦理公眾溝通業務、駐外館處辦理相關媒體宣導製作、託播及刊登、補助駐地媒體等辦理媒體宣導、宣介全球合作暨訓練架構辦理成效等4項業務未設定目標值，難以客觀評量執行成果優劣或作為來年預算編列合理性參考基礎。此外，針對外交部次長吳志中曾於去年度媒宣費預算減列後，於社群媒體指出，由於該項預算被全數刪除，「101跨年煙火秀的全球曝光度必定會受到影響」；外交部長林佳龍更說「台灣將逐漸被世界遺忘」。提案內文批評，兩人不僅以情緒勒索國會預算審查權利，該言論更難以被大眾所接受。為撙節公帑、強化預算執行情形，因此減列外交部媒宣費預算7817萬元。    ,https://news.ltn.com.tw/news/politics/breakingnews/5522542
熊本強震釀傷亡 林國漳表達哀悼與關切,政治,2026/07/30 10:00,熊本強震釀死傷，行政院政務顧問林國漳（中）今天表達深切哀悼。（記者王峻祺攝）日本熊本發生規模7.1強震，最大震度達7，已知10多喪命、多人受傷。行政院政務顧問林國漳今天受訪時，表達對日本災情的深切關心與哀悼，強調，面對此次震災「感同身受」，台日關係向來交好，若日方有援助需求，台灣政府與民間必定會給予大力協助。林國漳說，面對熊本強震，他與台灣人民都感同身受，「為亡者哀悼，為傷者則希望趕快的來復原。」期盼受災城市能在大家協助下，迅速啟動重建步伐，趕快恢復到以前的榮景與樣貌。請繼續往下閱讀...談及台日雙方深厚情誼，林國漳指出，台灣與日本間一直維持著非常好的關係，無論是日本以前發生的大地震，還是台灣經歷的921強震，雙方國民在面對災難時，總是非常關心對方，也希望透過長期建立的情誼，向日本災民確實傳達台灣的關心及支持。林國漳說，基於台日友好關係，「如果日本方面有需要什麼援助，我想我們台灣的政府跟民間都會做很大力的協助。」    ,https://news.ltn.com.tw/news/politics/breakingnews/5522537
謝典霖對學子談「唸大學無用」 網酸：應教學生如何投胎,政治,2026/07/30 09:48,謝典霖問學子們讀大學有用嗎？賺多少錢才夠用？（翻攝自謝典霖臉書）彰化縣議會日前舉辦「青年議事營」，營隊結束後，議長謝典霖透過臉書PO一支「唸大學有用嗎？」短影片，片中謝典霖問高中生：「以後要唸什麼系？要賺多少錢才夠用？」還對青年學子大談「少子化，未來不用考試就能唸公立大學」，還這支影片近日在校園間廣泛流傳，褒眨不一，不少網友認為，感覺看到一個「紈褲子弟」在虧「有理想的青年」不用唸書了，也有人吐嘈謝典霖「你應該教青年學子們如何『投胎』到政治世家」。影片一開頭謝典霖就告訴大家「以後大學都不用考試了」，現由是台灣少子化，民國68年次出生40萬人，但現在一年才8萬人，將來人數少、學校多，以後公立大學都不用考就可以上。請繼續往下閱讀...他反問學子「唸大學有用嗎？」學生們說，工作就要看學歷，但也有學生說，學歷無用，所以大學多打工，賺社會經驗。謝典霖再次強調「少子化，以後上公立大學都不用考」。有網友認為，議長似乎暗諷這些「學霸們」，不用浪費時間了唸書了，以後不用讀書就可以上國立大學。接著謝典霖問學子們未來薪水多少才夠用？有學子說「夠用就好」，有學子說「5萬以上」，想當女警官的學生說「至少要6、7萬」，謝典霖回當「警察」可以嗎？女學生說「警官」，謝典霖還虧她「妳很適合當警官」。這支影片近在校園間廣為流傳，臉書留言大都在罵謝典霖，網友說，像你這樣像一名「紈褲子弟」談教育，好像在虧「有理想的青年」不用讀書了；也有人說，議長是有錢子弟，天生不缺錢，也不用看別人臉色賺錢，只因出身政治世家，唸爛學校也能當議長，請議長教大家如何投胎。一名老師大罵說，這根本是「敗票」影片，議長把教育當作交換工作、薪水的「工具」，觀念十分狹隘；教育或唸大學，是不僅練就本職學能，更能開拓人生視野，培養人格；但也有網友感謝議長，拍這支影片讓大家知道年青人的想法。網友留言大罵謝典霖是紈褲子弟教壞學子。（播攝謝典霖臉書）    ,https://news.ltn.com.tw/news/politics/breakingnews/5522477
中聯油案盧秀燕「門神說」稱有內鬼 石崇良：問心無愧,政治,2026/07/30 09:32,衛福部長石崇良。（記者田裕華攝）油品苯駢芘超標事件引起外界關注，繼大豆油後，再出現多件苦茶油苯駢芘超標，台中市長盧秀燕更提出「門神」質疑。衛福部長石崇良強調，事件處理過程都依據科學證據、調查結果、風險評估判斷，沒有門神問題，他也問心無愧，另對於台北市開設油品諮詢門診一事，中央予以尊重。近期油品一級致癌物苯駢芘超標案件不斷，衛福部才剛公開中聯油脂案調查報告，並公布台糖、長輝、大統益等其他3家國內大型煉油廠30件檢體經檢驗全數合格，大豆油相關問題看似告一段落，但同日晚間台北市再接獲業者自主通報苦茶油苯駢芘超標。請繼續往下閱讀...事件爆發以來，藍營持續質疑中央政府決策過程，盧秀燕更用「消去法」稱要找中聯油脂案中做出第一層下架原型油品含量20%以上等決策的關鍵「門神」，並首先排除食藥署長姜至剛、行政院政委陳時中，外界質疑是否影射石崇良就是「門神」。對此石崇良強調，衛福部對於油品的處理方式與疫情相同，都是依據調查情況修正相關處理作為，事件最初的第一層下架作為是依據「食品違規案件-產品下架、回收、封存、銷毀階層之處理原則」辦理，後經專家會議，決定擴大下架，並由專家會議討論出原型油20%以上的下架標準。石崇良說，隨著後續的調查推進，衛福部認為中聯油留存樣品不可信，因此擴大下架中聯油4至6月生產的原料油與其下游產品，全程都是依據科學證據、調查結果、風險評估做出的決定，沒有門神問題，他問心無愧，且目前檢調已經介入調查，屆時對於廠商、行政單位責任，都會有清楚的調查結果。此外，對於台北市於北市聯醫開設「食用油品健康諮詢門診」一事，石崇良表示，食安是科學問題，一切按照科學證據、風險評估結果做各項政策擬定，以BaP為例，屬於長期累積的影響，並非急性中毒現象，民眾不用恐慌，北市府開設這樣的門診應有其考量，予以尊重。    ,https://news.ltn.com.tw/news/politics/breakingnews/5522490
竹市衛生局長稱甲醛炊粉煮一煮就可吃 錢康明：荒謬至極,政治,2026/07/30 09:25,新竹市長高虹安昨首開食安記者會，但衛生局長陳厚全竟稱甲醛炊粉煮一煮蒸發就可食用，市議員參選人錢康明批簡直荒謬至極。（取自錢康明臉書粉專）新竹市爆出明好企業農耕牌炊粉含不得添加及檢出的甲醛食安風暴，新竹市衛生局長陳厚全竟把甲醛類比陽光，還提到若擔憂炊粉可能含甲醛，只要蒸一蒸揮發掉就可食用。前文化局長錢康明批簡直荒謬至極、本末倒置。市長高虹安昨天（29日）親上火線召開記者會，原希望化解外界疑慮及擔憂，沒想到市民大眾沒得到為何炊粉會含甲醛及孩子的營養午餐是否吃到有毒炊粉，並稱衛生局要承諾守護的是保證新竹炊粉不含甲醛，而不是教大家如何去除炊粉中的甲醛。請繼續往下閱讀...市議員參選人錢康明提到，衛生局官員及食品藥物管理科的腦袋到底裝什麼？市民及大眾都已恐慌擔憂吃到有毒炊粉，高虹安市府還提什麼風險降低措施，真是開了大家的眼界，衛生局官員提到一般水果也含甲醛，所以衛生局長的意思是炊粉有甲醛不用在意嗎？難道是市民大驚小怪嗎？但依照規定炊粉是不得檢出甲醛，市民希望衛生局說明的是食品中的炊粉為何會檢出甲醛？而不是教大家如何去除炊粉中的甲醛，市府的說明簡直荒謬至極加本末倒置。    ,https://news.ltn.com.tw/news/politics/breakingnews/5522467
台東縣府爆為吳秀華家族渡假村開15米路 吳靜怡：國民黨選情恐添變數,政治,2026/07/30 08:55,圖為農業處長許家豪面露倦容步入地檢。（資料照）台東縣議會議長吳秀華家族與財團合資在建和山區開發「東映渡假村」，台東縣府被爆料為渡假村開大路，將原本3米寬農路拓為15米，台東縣調站昨天搜索農業處，帶回處長許家豪等5人。媒體人吳靜怡指出，這條「五星級農路」，恐讓國民黨台東縣長選情添變數。吳靜怡也細數，前台東縣議長吳俊立、前台東縣長鄺麗貞到如今的吳秀華，吳家3名成員先後投入台東縣長選舉，選民當然有權檢驗：這究竟是公共服務的傳承，還是地方家族政治的權力接班？吳靜怡在臉書發文指出，國民黨台東縣長選情添變數！吳家政治王朝再陷工程風暴，吳秀華家族渡假村遭控獲公帑開「五星級農路」，賣地逾億遭疑「煉金」、全案5人列貪污被告！請繼續往下閱讀...吳靜怡表示，在台東偏僻山區，一條原本大約只有3公尺寬的農路，卻被拓寬至局部最寬約15公尺，寬到足以讓大型車輛通行。無黨籍議員林參天質疑，這條被形容為「五星級農路」的道路，通往的正是國民黨台東縣長參選人、縣議會議長吳秀華家族曾參與投資的東映渡假村預定地。7月29日，台東縣調查站持搜索票進入縣政府農業處，帶回農業處長、副處長、當時承辦科長及相關人員；7月30日凌晨陸續移送地檢署複訊，台東地檢署證實全案朝貪污罪偵辦，共有5人列為被告。縣政府對此反駁，這條道路並非只服務一戶住家，稱道路兩側有多戶居民，並有逾60戶農民及上百公頃耕地的通行需求，工程是基於農業運輸與公共安全考量。吳靜怡直言，爭議的關鍵從來不只是「有沒有人使用」，而是為何需要拓寬到局部15公尺？預算如何提出、由誰核定？是否完成會勘、國有土地使用、工程驗收等必要程序？吳靜怡也質疑，縣府又是否知道，這條路同時也是渡假村開發基地的重要聯外道路？當公共工程與政治人物相關的私人開發利益重疊，政府就有義務用完整資料，而不是一句「依法行政」回應社會。吳靜怡指出，根據媒體查閱監察院財產申報資料，吳秀華曾與三地集團相關人士共同持有渡假村預定地，原本受到使用限制的山坡地，後來變更為可供特定事業開發的土地。吳秀華於2025年7月出售相關持分，申報交易總價達新台幣1億670萬元，後續財產申報中的夫妻存款增至約1億1104萬元。吳靜怡表示，土地出售、存款增加本身當然不能直接推論犯罪，但當土地變更、私人開發、公共工程與地方政治權力全部重疊在同一張地圖上，這究竟只是正常的土地交易，還是公共建設間接提高了私人資產及開發案價值，檢調必須查清楚，吳秀華也應公開說明是否曾經協調、關切或參與相關工程及預算安排。吳靜怡分析，這場工程風暴也讓吳家的台東政治歷史重新受到檢驗。吳秀華的哥哥、前台東縣議長吳俊立，2005年當選縣長後，因議長任內小型工程款案當時已有罪判決，就職後立即遭到停職並於一個月後請辭，這起小型工程款案後來改判無罪定讞，其妻鄺麗貞隨後「代夫出征」贏得補選，成為台東首位女性縣長。2018年鄺麗貞又因違反國民黨提名、自行參選台東縣長而遭開除黨籍。從吳俊立、鄺麗貞到如今的吳秀華，吳家3名成員先後投入台東縣長選舉，選民當然有權檢驗：這究竟是公共服務的傳承，還是地方家族政治的權力接班？吳靜怡表示，國民黨原本將台東視為穩定選區，吳秀華在先前民調中也保持領先，如今提名人面臨土地、渡假村與公共工程的利益衝突質疑，縣府農業處又遭檢調搜索，全案已有5人列為貪污案被告，原本領先的選情勢必出現重大變數。這條「五星級農路」最後通往的，可能不只是一座尚未完工的渡假村，更可能直接改變國民黨通往台東縣政府的選舉道路。台東縣議員林參天多次前往吳秀華家族渡假村的農路，控訴農業處圖利。（擷取自林參天臉書）    ,https://news.ltn.com.tw/news/politics/breakingnews/5522409
諷蔣萬安刷存在感搶話語權 詹凌瑀：市政不做整天演政治秀,政治,2026/07/30 08:04,台北市長蔣萬安近日動作頻頻，先是藉致癌油風波舉行725凱道遊行，近日又拋出倒閣議題，昨日更點名高雄市長陳其邁是「不錯的閣揆人選」，引發外界關注。（資料照）台北市長蔣萬安近日動作頻頻，先是藉致癌油風波舉行725凱道遊行，近日又拋出倒閣議題，昨日更點名高雄市長陳其邁是「不錯的閣揆人選」，引發外界關注。媒體人詹凌瑀質疑，蔣萬安喊倒閣連自家人都不挺，因為蔣表面劍指中央，實際砲口對準的是自己的黨，她質疑蔣急著刷存在感、搶黨內話語權，並強調，對付這種不可理喻、市政不做、整天演政治秀的對手，客氣是沒有用的。詹凌瑀在臉書發文指出，蔣萬安喊倒閣，喊到現在最尷尬的是什麼？是連自家人都不挺。請繼續往下閱讀...詹凌瑀表示，黃國昌都直接爆料了，國民黨立委跟他聯絡的，大概都反對。行政院秘書長張惇涵講得更直白，倒閣是立法院的權力，任命閣揆是總統的職權，這兩件事跟台北市長的工作一點關係都沒有。那蔣萬安到底在喊什麼？詹凌瑀直言，說穿了，大家都看得懂。表面劍指中央，實際砲口對準的是自己的黨。鄭麗文、韓國瑜、盧秀燕，藍營接班梯隊排得滿滿的，蔣萬安急著刷存在感、搶黨內話語權，就拿倒閣當提款機，順便「推薦」陳其邁組閣，想把水攪渾。連陳其邁都懶得陪他演，一句市長的工作是把食安做好，台北市長也應該如此，直接把球丟回去。詹凌瑀對此諷刺「全台灣只有蔣萬安自己以為，別人都是傻子」。詹凌瑀強調，倒閣要三分之一立委連署，國民黨團自己都高度分歧，韓國瑜身為立法院長更不可能點頭。蔣萬安一個台北市長，虐童案一再發生、校園狼師、內湖淹水沒清淤，市政擺爛不管，整天對中央指手畫腳，去拜會議會民進黨團還被下逐客令，不到20分鐘就請回，臉都被打腫了。詹凌瑀也提到，徐國勇這波，戰力滿點。「要倒閣就放馬過來，第一個倒下的就是韓國瑜」。一句話直接點破蔣萬安的把戲：「你到底是在跟賴政府嗆聲，還是在跟鄭麗文、韓國瑜嗆聲？」連AI偽造影片的事都一起算，蔣萬安說有免責聲明就不構成犯罪，徐國勇回他法律讀到背後去了，「我替蔣萬安、律師界感到悲哀」。詹凌瑀直言，這才是民進黨該有的樣子！對付這種不可理喻、市政不做、整天演政治秀的對手，客氣是沒有用的，就是要硬起來，一拳一拳打回去。人民要的不是溫良恭儉讓，是有人替他們把話講清楚。    ,https://news.ltn.com.tw/news/politics/breakingnews/5522397
宜蘭蓋高鐵 林國漳、韓瑩允設溝通平台,政治,2026/07/30 05:30,民進黨宜蘭縣長參選人林國漳（前排左三）、宜蘭市長參選人韓瑩（左二）拜會高鐵特定區權益促進協會。（林國漳競辦提供）高鐵延伸宜蘭計畫拍板核定，後續將啟動高鐵特定區都市計畫與區段徵收，民進黨宜蘭縣長參選人林國漳及宜蘭市長參選人韓瑩，前晚拜會宜蘭縣高鐵特定區權益促進協會，允諾建立透明溝通平台，在開發過程中兼顧地方發展與居民福祉。特定區都計、區段徵收 將啟動林國漳、韓瑩連袂到宜蘭市壯二鎮安廟與居民座談，廟方主委兼高鐵特定區權益促進協會常務監事謝國興，感謝林國漳團隊第一時間傾聽民意，展現誠意；促進協會理事長游景聰坦言，目前外界訊息紛雜、人心惶惶，盼設立資訊平台，即時發布正確訊息。請繼續往下閱讀...公開資訊 兼顧發展與鄉親福祉林國漳強調，高鐵是宜蘭重大建設，勢必也會帶來衝擊，但不能讓公眾利益蒙受損失，推動過程必須優先保障民眾權益，事前做好充分溝通並取得同意，確保地主、居民獲得合理的分配及補償。林國漳說，他與韓瑩若能當選，未來將妥善規劃高鐵特定區徵收後的公共設施、活動空間，使建設成果符合居民利益，並成立專屬資訊溝通平台，秉持公開、公平、公正三大原則，消除資訊落差，捍衛在地鄉親知的權利。韓瑩表示，高鐵建設攸關宜蘭市凱旋地區發展，針對鄉親關切的廟宇拆遷及活動中心預定地，要有妥善處理，她會發揮媒體人專業，與林國漳充分合作，作為中央與地方的溝通橋梁。此外，前行政院政務委員張景森昨天在臉書發文，點名國民黨宜蘭縣長參選人吳宗憲施壓，造成行政院倉促核定高鐵延伸宜蘭計畫。吳宗憲競辦回應，不該毫無根據亂扣帽子，行政院若因選舉壓力急著拍板，應是民進黨在宜蘭選情告急，才拿高鐵當救命稻草。    ,https://news.ltn.com.tw/news/politics/paper/1764640
總統大選前 找村里長赴中受招待 助中國介選 國民黨林雪峰判刑4年定讞,政治,2026/07/30 05:30,曾代表國民黨參選嘉義市議員的黨員林雪峰，總統大選前，招攬村里長、地方人士赴中旅遊，接受落地招待，助中國介選，判刑4年定讞。（資料照）曾代表國民黨參選兩屆嘉義市議員的五十六歲黨員林雪峰，三年前總統、立委大選前，由中國浙江省台州市台辦資助，招攬三組村里長、地方人士赴中旅遊，接受落地招待，藉機宣傳支持國民黨提名總統候選人侯友宜；最高法院昨維持二審判決，依違反反滲透法、總統副總統選舉罷免法判處四年有期徒刑、褫奪公權三年，追徵沒收犯罪所得九六〇〇元定讞。食宿交通中方買單 宣講政治林女拒收傳票 拘提發監執行嘉市員警昨送達傳票給林女時，林女拒收傳票，也未依約到派出所領取，嘉義地檢署認為有逃亡之虞，晚間將她拘提到案，訊問後將發監執行。請繼續往下閱讀...判決指出，林雪峰為爭取選民支持侯友宜，於二〇二三年八月至十一月間，三度招募村里長與地方人士同赴中國浙江旅遊六天五夜，每人僅須繳團費一萬六千元或一萬八千元機票，其餘在中國的食宿、交通、門票由台州市台辦人士「林堅」包辦，全程由中國官員接待，餐敘時多次宣揚「支持侯友宜當選才能促進兩岸交流」。多名團員應訊時供稱，出發前或抵達中國後，就知道是落地招待，餐敘中確實聽到支持侯友宜的話語；林雪峰辯稱只是一般交流，否認行賄，但法官依證據不採信辯詞。二審台南高分院認定，此低價位、長天數的旅遊由中國官方單位全程接待，並穿插政治宣講內容，已非一般觀光，而是以不正利益影響投票意向，三次出團時間緊鄰總統大選，團費結構顯失常理，顯具有對價性，構成投票行賄罪，因此判林女四年徒刑。最高法院昨認為二審判決沒有違誤法令，駁回林女上訴，全案定讞。    ,https://news.ltn.com.tw/news/politics/paper/1764579
國人赴中因宗教被拘留 3個月激增5成,政治,2026/07/30 05:30,陸委會主委邱垂正（右）與海基會副董事長羅文嘉（左）昨赴立院備詢。 （記者劉信德攝）陸委會最新統計，自二〇二四年截至今年七月廿二日止，國人赴中失聯、遭留置盤查或被關押案件，累計高達四〇二人。海基會秘書長羅文嘉昨揭露，有在中國長期教書的也被抓，因宗教信仰被拘留的宗教案件十九件，這三個月激增百分之五十，連七十幾歲老人去廣西旅遊也被逮捕，雖然陸委會提出赴中警示燈號是橙色，但在他看來已是「紅色警戒」，一貫道道親絕對不要去。羅文嘉：一貫道道親不要去立法院內政委員會昨邀請陸委會、海基會就「國人赴中失聯情況及政府因應作為」進行專題報告。據陸委會統計，經通報國人赴中失聯、遭留置盤查及遭限制人身自由，共計四〇二人。二〇二四年是五十五人，二〇二五年大幅攀升至二二一人，今年一月至七月廿二日已達一二六人。請繼續往下閱讀...赴中失聯、被關押達402人陸委會主委邱垂正指出，通報案件顯示，二〇二四年平均每月約四人，去年平均每月約十八人，今年一月起至六月底止，平均每月已達約十六人，顯示國人赴中遇到人身安全風險確實呈現大幅攀升，政府有義務向國人提出風險警示，並加強各種協處措施。據統計，上述四〇二人當中，通報失聯一五四人、遭留置盤查卅二人、遭中方關押二一六人。其中涉詐騙案件一三四人，涉其他刑事案件五十八人，涉宗教案件廿三人，涉國安案件一人。羅文嘉表示，過去一年半海基會接獲通報赴中失蹤案件有二二五件，其中有九十一件、四十％，目前仍是失聯狀態。其餘經追蹤有些已回台灣，有些被拘禁，每個案件不一。羅文嘉透露，這三個月以來，因宗教信仰被拘留的案件有十九件、激增五成，包括長期在中國經營事業的商人被抓，也有旅行時被抓，做文化交流的被抓，甚至有家屬沒通知、不在十九個案件中，例如我方有掌握到長期在中國教書的也被抓。國民黨立委廖先翔質疑，多是詐騙案件，僅一件國安案件，沒看到家屬求助，陸委會只是民進黨政府「抗中保台」傳聲筒；邱垂正反駁說，陸委會有責任提醒國人赴中風險，那件國安案件基於家屬要求，無法公開說明。    ,https://news.ltn.com.tw/news/politics/paper/1764643
（新北）國民黨民調李四川領先6.9％ 蘇巧慧競辦︰做參考,政治,2026/07/30 05:30,新北市議會國民黨團昨發布新北市長選戰新民調，國民黨李四川以四十三．七％支持度領先民進黨蘇巧慧的卅六．八％，領先幅度六．九％。蘇巧慧競選辦公室回應，雖然國民黨新北市議員七月中旬就預告藍營做了一份領先的民調，團隊仍會將每份民調數據做為參考。國民黨團政策智庫總召黃心華指出，此份民調調查區間為七月廿至廿三日，採全市話隨機抽樣，調查對象為廿歲以上新北市民眾，共一三〇三份有效樣本；支持度方面，李四川領先蘇巧慧六．九％。請繼續往下閱讀...藍軍稱婦女支持度「超車」黨團書記長陳儀君、市議員陳偉杰表示，李四川的婦女支持度以四十一．七％「超車」蘇巧慧的卅六．六％，除受食安風暴影響，李四川近期提出女性、親子、動保、全齡護牙、地方創生政見等，獲得女性選民認同。綠︰具體政見照顧兒童、家庭蘇巧慧競辦發言人劉芳宇說，蘇巧慧從參選以來一直維持正面、陽光的選戰節奏，提出具體政見照顧兒童、家庭、青年，以及不分年齡、性別、族群的市民。蘇巧慧將持續提出帶動城市發展、增加市民福利的願景，爭取市民支持。李四川競辦發言人吳亮賢表示，民調會作為參考，做事的人不分顏色，李四川將秉持民生優先，繼續深入廿九區，聆聽基層民意，並以專業角度出發、以實際經驗為基礎，透過具體有感的政見，爭取市民支持。    ,https://news.ltn.com.tw/news/politics/paper/1764641
楊珍妮高壓威嚇涉職場霸凌 監院彈劾移送懲戒,政治,2026/07/30 05:30,前行政院政務委員楊珍妮兼任政院經貿辦總談判代表。（資料照）前行政院政務委員楊珍妮兼任行政院經貿談判辦公室（經貿辦）總談判代表期間涉職場霸凌，監察院審查會十七日以十三票成立、零票不成立，通過彈劾，移送懲戒法院審理。根據昨天公告的彈劾案文，提案監委葉大華、王麗珍指出，楊阻撓及弱化副總談判代表顏慧欣參與相關業務，並於攸關國家重大利益的重要經貿談判場合、接待重要訪團時，限縮重要團隊成員出席會議提供輔助的空間，且對部分同仁態度專橫、高壓威嚇、孤立排擠，違失事證明確且情節重大。楊珍妮對此聲明表示，本案已移送懲戒法院審理，她將會全力配合司法調查，提出客觀完整之證據與陳述，期盼司法能秉公釐清事實全貌，還原真相。請繼續往下閱讀...楊珍妮：嚴格管理致同事不適非本意楊珍妮強調，她投身國家涉外經貿談判數十年，始終以全力爭取國家最大利益為己任。若在講求極高效率與成果的高壓環境裡，因嚴格管理而導致同仁感受到不適，絕非本意，深感遺憾。監院彈劾案文指出，楊珍妮自顏慧欣就任副總談判代表起，多次以冒犯性言語公然否定顏所提意見或想法，於經貿辦多項業務中蓄意弱化顏的角色及參與程度，或刻意不提供其完成主責業務所必要的協助人力，形塑不友善的職場環境。顏初到任即遭不友善對待，建言甚至遭嚴厲斥責。台美就對等關稅等經貿議題赴華府與美方實體磋商期間，楊有意排除隨團前往的顏慧欣等團隊成員進入談判現場實質參與，且不願與談判團隊分享談判核心資料。監委認定，楊慣採高壓威嚇的管理模式，不允許同仁質疑、挑戰其領導權威，遇不同意見即以公開否定、大聲斥責壓抑異見，在單位形成噤聲效應，已違反公務員服務法相關規定，有公務員懲戒法第二條第一款應受懲戒事由。行政院發言人李慧芝則表示，尊重監察院依法行使職權，也尊重後續依法進行的審理程序，對於本案涉及的相關憲政程序及最終結果，行政院均予以尊重。    ,https://news.ltn.com.tw/news/politics/paper/1764646
民進黨幹部親屬赴中失聯 陸委會證實,政治,2026/07/30 05:30,陸委會主委邱垂正（右）與海基會副董事長羅文嘉（左）昨赴立院備詢。 （記者劉信德攝）國民黨立委謝龍介昨在立法院內政委員會質詢時披露，傳出有一位民進黨中央高級幹部的親屬赴中國後失蹤。陸委會主委邱垂正答詢時證實，廿八日下午接獲該案件通報，將積極協助處理；陸委會昨晚進一步指出，本會於今年七月初雖已知悉，惟當事人家屬並未向本會陳請協助。家屬未陳請協助 立法院內政委員會昨日邀陸委會、海基會等單位，就「國人赴中失聯情況及政府因應作為」進行專題報告，並備質詢。請繼續往下閱讀...謝龍介質詢提及，台南民間傳言，一位民進黨高級幹部的親屬去了中國後失蹤。現在網路上流傳多種版本，包括涉及刑事犯罪、統戰後被收押、旅遊後失聯，甚至傳言當事人被關在深圳羅湖監獄。邱垂正對此表示，若謝與當事人熟識，可以讓陸委會同仁前往家庭關懷訪視，以提供協助。謝龍介隨即反諷說，「你們比我更認識他」，「貴黨的高級幹部，你聽不懂喔？」經幕僚說明之後，邱垂正隨即表示，陸委會是在廿八日下午接獲該案件，將積極協助處理此案。謝龍介則說，陸委會應釐清該案是否涉及刑事犯罪，或只是失蹤。陸委會晚間表示，此案本會於今年七月初雖已知悉，惟當事人家屬未向本會陳請協助，若家屬有需要，本會將積極協助處理。    ,https://news.ltn.com.tw/news/politics/paper/1764644
蔣萬安嗆「小貓熊交流和統戰有何關係？」邱垂正：日本也有送怎沒見面會,政治,2026/07/30 05:30,陸委會主委邱垂正昨在立法院表示，日本也有送小貓熊給台北市立動物園，為何日本都沒有見面會，和對岸就要有一個統戰見面會？（記者劉信德攝）台北上海雙城論壇促成小貓熊來台，台北市政府擬邀上海市訪團來台，傳出遭陸委會拒絕。台北市長蔣萬安昨日出席小貓熊見面會時開嗆，「這次上海方代表團沒有辦法來，小動物的交流和統戰有什麼關係？」陸委會主委邱垂正在立法院答詢反批，日本也有送小貓熊給台北市立動物園，為何日本都沒有見面會，和對岸就要有一個統戰見面會？國台辦藉機又扯「台獨」 陸委會：無權置喙內政請繼續往下閱讀...上海市台辦主任金梅、台辦副主任李驍東、上海市政府副秘書長張玉鑫等中共官員，無法來台北市參加小貓熊見面會。中國國台辦發言人陳斌華昨日批評，民進黨當局竟對上海贈送方派員參加見面儀式無理刁難、無禮拒絕，充分暴露其「台獨」本性和對抗思維；陸委會回應，對於中國人士來台交流之准駁係我內政事務，中共無權置喙。蔣萬安二〇二三年到上海進行雙城論壇，主動提出希望上海小貓熊來台北動物園，增加基因多樣性，歷經兩年多後，昨日台北動物園舉辦上海小貓熊「樂樂」（雄）、「甜甜」（雌）亮相記者會。副市長林奕華昨受訪說，市府有送公文去陸委會，但被口頭回覆上海台辦主任、副主任跟上海市副秘書長「都不會讓他們進到台灣來」，因為陸委會可能把小貓熊進來視為「統戰」的一部分，後來北市才沒有向移民署進一步申請。蔣萬安昨在記者會受訪表示，小動物的交流，能夠對於瀕危動物的保育盡一份心力，這跟統戰有什麼關係？民進黨立委黃捷昨日在立法院內政委員會質詢此案。邱垂正說明，中共在國際社會打壓台灣或在台灣周邊海域「執法巡航」宣稱有管轄權，北市卻還配合相關的活動。邱質疑，日本也有送小貓熊給台北市立動物園，為何日本都沒有見面會，然後與對岸就要有一個統戰的見面會，而且還是台辦主任要來？陸委會只是表達想法，後來北市就沒有送案申請。邱垂正強調，上海市台商是最多的，但上海台商每次都不敢來參加海基會的活動，就是上海台辦在背後阻撓。黃捷痛批，有統戰疑慮是很清楚的，這件事問題是「一方面拿刀子威脅你，一方面又要交流」，我們不接受壓迫式的交流。    ,https://news.ltn.com.tw/news/politics/paper/1764607
朝野協商 傅崐萁爆粗口「他X的」,政治,2026/07/30 05:30,立法院昨朝野協商，國民黨團總召傅崐萁突爆粗口「他X的」，引發民進黨立委不滿。（記者劉信德攝）立法院昨朝野協商「中華民國一一五年度中央政府總預算案」（公務預算部分），朝野立委激烈舌戰，氣氛火爆，討論到國民黨立委翁曉玲凍結行政院長卓榮泰今年九到十二月薪水的提案時，國民黨團總召傅崐萁突爆粗口「他X的」，引發綠委不滿，彼此針鋒相對，傅又氣得拍桌大罵。立法院長韓國瑜見勸架無效，宣布散會，並訂今日繼續協商。綠委抗議 韓勸架無效宣布散會朝野立委昨就一一五年度中央政府總預算案二輪協商進行首次審查，朝野立委一開始就爆發言語爭執，傅崐萁強硬表達，再做人身攻擊就退出協商，韓國瑜也數度宣布休息，緩和氣氛。請繼續往下閱讀...當討論到翁曉玲凍結卓榮泰今年九到十二月薪水的提案時，傅崐萁突爆粗口「他X的」，民進黨團副幹事長陳培瑜當場表達抗議，數度要求韓國瑜主持公道，民進黨團書記長范雲也要求傅道歉；韓國瑜起身宣布時間暫停時，傅崐萁更與民進黨立委李柏毅拍桌互嗆，陳培瑜再次向韓國瑜喊話，但韓見場面混亂，宣布散會，並訂今日繼續協商。行政院秘書長張惇涵直言，翁曉玲的提案是政治動作，並不是理性在處理預算。翁可以針對卓榮泰，卻也提案刪減約用人員酬金，這是他們的薪水，翁去年也是這樣刪，逼迫行政院要先解雇、再增聘，用人事費去付約用人員的薪水，他們的月薪三、四萬元，翁也要刪，「妳今天刪院長，明天刪基層，這個我沒有辦法接受」。張惇涵指出，行政院預算十六．四億元，扣除十一．四億元人事費、設備投資一．三億元、獎補助費及第一預備金各三百多萬元等，業務費僅剩三．六億元，但此次立法院對行政院各項刪除加上凍結提案加總達七．六億元，盼韓國瑜將心比心，朝野立委能理性討論，讓行政院有足夠的預算。    ,https://news.ltn.com.tw/news/politics/paper/1764608
迎上海小貓熊 蔣萬安︰雙城論壇具體成果,政治,2026/07/30 05:30,市長蔣萬安（右）、林奕華（左）出席小貓熊亮相記者會。（記者田裕華攝）台北市與中國上海市政府於雙城論壇簽訂物種交流合作備忘錄，台北動物園昨舉辦記者會，兩隻上海小貓熊「樂樂」（雄）、「甜甜」（雌）正式亮相。台北市長蔣萬安說，很開心見證重要時刻，不只是雙城論壇具體合作成果，也象徵雙方共同承擔瀕危動物保育、物種多樣性與永續發展的責任。去年12月簽署動物交流備忘錄蔣萬安表示，今年適逢台北動物園遷園四十週年，動物園長期參與國際保育工作，不只是亞洲最大的動物園，也讓世界見證北市在瀕危物種保育上的具體成就，感謝台北動物園與上海動物園長期的交流與合作，去年十二月雙方簽署動物交流合作備忘錄以來，歷經多次專業訪視與技術對接，去年九月台北派專業團隊赴上海了解餵養管理與醫療照護；去年十二月再訪以觀察小貓熊的行為模式與訓練；今年六月則進行保育員與獸醫的醫療照護交流。請繼續往下閱讀...樂樂、甜甜亮相 玩玩具取食超萌園方也分享，針對小貓熊展場也做更新改造，昨記者會亮相的是個性較為活潑的「樂樂」，保育員都透過正向訓練，餵食小蘋果，讓小貓熊願意親近保育員，才能順利進入箱籠之中，但也不能讓小貓熊吃太多精料，還是要以竹葉為主食，對消化比較好；園方也說，「樂樂」的個性不只外放，對雌性也很溫柔，反而「甜甜」就比較害羞。現場，保育員也準備手作的行為豐富化玩具，由竹子製成，裡頭會有食物讓小貓熊自行翻找，有助於延長動物的進食時間，看著「樂樂」把玩著玩具取食的可愛萌樣，讓人不禁莞爾一笑。藍議員批 小貓熊要怎麼「統戰」？由於上海官員未能來台，藍營群起抨擊中央政府，國民黨籍市議員秦慧珠指出，大貓熊二〇〇八年風光來台，媒體爭相報導，蔚為兩岸交流佳話，迄今大貓熊仍是人氣明星動物，大貓熊「團團」過世後也被做成標本，大貓熊「統戰」十八年來有改變嗎？這次小貓熊可以來，送牠們來的上海市官員卻不能來，民進黨政府官員是得了「統戰恐慌症」嗎？國民黨籍市議員林杏兒說，民進黨再次用意識形態破壞歡樂氣氛，萌翻天的小貓熊到底是要怎麼「統戰」台灣人？民進黨逢中必反，得了被害妄想症，面對城市交流，永遠只會用同一套「抹紅、蓋牌、恐嚇」的政治冷戰思維，這種「萬事皆政治、無處不統戰」的泛政治化操作，不僅極度缺乏自信，更是對台灣民主與市民智慧的最大侮辱。台北動物園昨舉行上海小貓熊亮相記者會，圖為「樂樂」。（記者田裕華攝）    ,https://news.ltn.com.tw/news/politics/paper/1764627
蔣萬安點名接閣揆 陳其邁嗆：先把台北市長做好,政治,2026/07/30 05:30,台北市長蔣萬安（右）繼日前拋出倒閣後，昨天又點名高雄市長陳其邁（左）任閣揆。陳其邁強勢回應，「每個人都把工作做好卡實在」。（記者田裕華、王榮祥攝）黃捷︰蔣萬安若想應徵陳其邁的發言人 我可以代送履歷台北市長蔣萬安繼日前拋出「倒閣」議題後，昨天又點名高雄市長陳其邁任閣揆；陳則搬出新北市長侯友宜講的話回應，「每個人都把工作做好卡實在」，強調目前最重要工作就是把食安做好，「高雄市長如此、台北市長也該如此」。立法院民進黨團直言，蔣一直對國政指指點點，卻忘了自己該做的事情，若想應徵陳其邁的發言人，就投履歷給高雄市政府。請繼續往下閱讀...民進黨團：蔣忘了自己該做的事蔣萬安日前拋出倒閣議題，還聲稱，陳其邁在食安會議發言「口氣很硬」、發飆問「廿％下架標準誰定的」；蔣並在昨受訪表示，毒油事件爆發至今，行政院長卓榮泰應該要為整起事件負起政治責任。陳其邁有很高施政滿意度，在毒油案中也願意為高雄市民發聲，以市民健康為優先，他很佩服，「是不錯的閣揆人選。」對於蔣萬安點名擔任閣揆，陳其邁昨重申自己對市民的承諾，必須把高雄市的工作、建設以及招商等工作做好，做好做滿到任期最後一天。對近日的食安問題，陳其邁提醒，如果大家都做政治處理，不管是倒閣或其他類型的政治處理，食安工作誰管？所以日前在行政院開會時，高雄市政府只有一個想法，就是依據專業意見，把修法的工作做好，地方政府的工作應負責包括查廠、查驗，中央就負責政策規劃制定與協調。「大家不處理修法，不提出制度上的改革，而做政治處理，這不是人民所樂意見到的」。民進黨團書記長范雲指出，蔣萬安現似乎對市長職位比較沒有興趣，只要是市政問題，不是要研考會主委殷瑋，就是要市府局處回答；反觀國政問題，蔣侃侃而談，不斷接受專訪。范雲呼籲蔣萬安趕快回去上班，切勿一直對國政指指點點，卻忘了自己該做的事情，包含台北市虐童議題、以及市府食安會議缺席率高達七成。黨團副書記長黃捷表示，陳其邁第一時間就出來回應：「我講的話，不需蔣市長代為轉述。」若蔣萬安那麼想應徵陳其邁的發言人，可以把履歷準備好，她可以幫忙代送；她也奉勸蔣萬安做好市政工作，不要再把台北市當作政治跳板了。民進黨秘書長徐國勇昨批評，北市虐童案、寶林茶室中毒案、狼師案、水患問題不斷，蔣萬安卻逾越職權、不務正業，倒閣第一個倒下來的就是立法院長韓國瑜，「要倒閣就放馬過來！」蔣萬安喊倒閣 柯文哲：各界慎思民眾黨前主席柯文哲昨質疑蔣萬安邏輯不清，提倒閣看似換掉卓揆，「其實是順便幫賴清德解決問題」，重點「是倒賴」不是倒閣；而且若這次倒閣後全面改選立委，那未來除了總統，「從立委到地方九合一選舉，全都集合在一起」，籲各界慎思。    ,https://news.ltn.com.tw/news/politics/paper/1764605
賴瑞隆捐月薪助熊本 多位立委響應,政治,2026/07/30 05:30,"民進黨籍高雄市長參選人賴瑞隆，發起捐一月薪援助熊本救災。（記者王榮祥攝）日本熊本發生規模七．一強震，造成人員傷亡及災情；民進黨籍高雄市長參選人賴瑞隆宣布，將捐出一個月薪水援助高雄姊妹市，表達最深切關懷與慰問，同時號召各界共同響應賑災，李昆澤、許智傑、邱議瑩、邱志偉等立委第一時間表態支持。賴瑞隆表示，高雄是一座與世界緊密連結的城市，面對國際友人遭逢災難，更應以實際行動展現跨越國界的情誼與責任，發揮「高雄Can Help」的精神；發生災情後，第一時間與高雄市長陳其邁聯繫，了解高雄市搜救隊已完成整備，將視日方需求及中央調度，隨時準備投入救援工作。請繼續往下閱讀...他說，高雄與熊本擁有深厚的姐妹城市情誼，這次捐出一個月薪水只是拋磚引玉，希望集結更多力量，協助熊本早日完成重建。高雄市長陳其邁昨表示，前天才跟熊本縣木村知事、熊本市大西市長視訊電話，了解雙方的交流情況，前天大地震後第一時間，高雄市政府立刻跟木村知事跟大西市長取得連絡，並迅速收集到初步災情，但因為地震會有延遲性災害，高市府除向知事跟市長表達慰問，也表態如果有任何需要，高雄市不管是特搜隊或是其他相關的救援能量，一定會迅速地配合救災跟重建。    ",https://news.ltn.com.tw/news/politics/paper/1764623
空官前處長張銘哲淪共諜刺探軍機 更一審改判,政治,2026/07/30 05:30,曾任空軍官校學員生事務處長的前上校張銘哲共諜案，11年徒刑已於今年初確定。（資料照）曾任空軍官校學員生事務處長的前上校張銘哲，遭控被台商吸收淪為共諜，案件歷經二審、最高法院撤銷發回後，台中高分院更一審昨日宣判，依刺探軍事機密罪判處三年、收集軍事機密罪判處四年徒刑，尚未定應執行刑，仍可上訴，至於違反國家安全法替境外敵對勢力發展組織部分，十一年徒刑已於今年初確定。刺探軍機罪判3年、收集軍機罪4年 另11年徒刑定讞請繼續往下閱讀...檢調查出，四十六歲張銘哲二〇一九年仍在軍中任職期間，與台商鍾順和一同前往印尼峇里島，與具有中國解放軍身分的人士接觸，對方當場提供一萬美元作為「見面禮」，並要求張返台後協助發展組織，同時刺探包括「台美聯合工作任務及定位」、「空軍演習簡報」等軍事機密，並承諾每月透過鍾順和支付人民幣一萬五千元工作費。沒收犯罪所得134萬元檢方指出，張銘哲返台後持續配合對岸交辦事項，還涉嫌於二〇二三年間吸收空軍第三聯隊中校葉冠祁加入共諜組織，企圖擴大滲透國軍體系，全案由國防部會同國安局、調查局蒐證，報請台中高分檢指揮偵辦，去年依違反國家安全法及陸海空軍刑法等罪起訴。面對指控，張銘哲始終否認犯罪，辯稱鍾順和與他情同「亦師亦父」，檢方所指一三四萬餘元只是購屋資金缺口向鍾借貸所得，並非收受對岸工作費，但法院認為相關金流、通聯及事證足以認定犯行，未採信其說法，葉冠祁部分因罪證不足獲判無罪。本案二審原依違反國家安全法、刺探軍事機密及收集軍事機密等三罪，分別判刑十一年、四年及三年，合併應執行十六年，並宣告沒收犯罪所得一三四萬一千元，最高法院今年初審理後，駁回替境外敵對勢力發展組織罪部分，十一年徒刑定讞；至於刺探、收集軍事機密兩罪則認有再審酌空間，撤銷發回更一審。而更一審台中高分院昨改判刺探軍事機密三年、收集軍事機密四年，尚未定應執行刑，全案仍未確定。    ,https://news.ltn.com.tw/news/politics/paper/1764645
《彰化縣長選戰》魏平政提免學雜費 陳素月打臉︰中央早實施,政治,2026/07/30 05:30,國民黨彰化縣長參選人魏平政昨天拋出「幼兒園到國中學雜費全額補助」政見，他強調要減輕年輕人養兒負擔。但隨即遭民進黨彰化縣長參選人、立委陳素月質疑，中央早已實施「國中小學雜費全免」，魏卻把既有政策當政見，顯然只是想透過撒錢來作為政見牛肉；無黨籍縣長參選人邱建富也痛批魏平政不了解彰化，這項政見令人錯愕。拋出幼兒園到國中學雜費全額補助魏平政團隊遭打臉後回應，國中小免學雜費是指全面補助家長現行繳交的「代收代辦費」，也就是教科書費、家長會費與團保費。請繼續往下閱讀...魏平政昨天提出「幼兒園到國中學雜費全額補助」政見，他強調，可以幫父母減輕經濟壓力，給彰化下一代更公平發展機會。魏團隊︰指教科書、家長會費與團保費魏平政上述政見，立即被陳素月打臉質疑，全國的國中小免學雜費，中央早就實施上路，魏平政還拿來當政見，這代表魏平政對於縣政，完全缺乏願景擘畫。陳素月強調，教育要走穩健的路，各級學校缺教師、流動率高，影響孩子受教權，才更值得關心，她當選縣長後，將積極提升教師權益，讓學子擁有更好受教權。邱建富批不了解現況 政見令人錯愕邱建富則質疑，魏平政連現況都搞不清楚就提出政見，不能把既有政策包裝，就當成新的政見。針對政見遭質疑，魏平政團隊回應，「教育零負擔」的「國中小免學雜費」政見，是指家長現行繳交的「代收代辦費」，也就是教科書費、家長會費與團保費，統統由縣府補助，全縣幼兒園到國中小學生約十一萬、十二萬人，扣除中央補助，每年還需約九億到十二億元，在盤點自主財源，爭取中央補助與活化閒置校舍，財政上不成問題。    ,https://news.ltn.com.tw/news/politics/paper/1764617
沈伯洋籲蔣萬安：位子在台北 心就要在台北,政治,2026/07/30 05:30,民進黨台北市長參選人沈伯洋昨在桃園機場表示，台北市長蔣萬安對於全國性的議題不斷做政治操作，對於市政的議題不聞不問，相信台北市民不能夠接受。（記者朱沛雄攝）民進黨籍台北市長參選人沈伯洋七月廿日起訪美，昨天返台。他受訪表示，過去八天，自己努力在美國替台北找答案，台北市長蔣萬安卻在北市尋找表演舞台。市民一直在等夏莉絲虐童案給孩子完整交代、等市長清楚食安抽驗缺了多少、等著釐清為何遮陽傘如此天價、等著想知道砍那麼多樹怎麼辦；然而「蔣市長」卻忙著當名嘴、搞政治與倒閣及誰組閣，「台北的考卷還空著，市長就忙著越級考試、參加全國大考。位子在台北，心就要在台北啦！」批蔣丟下台北的考卷 忙著越級考試針對台北市府因萬芳高中案遭監察院認定失職，且累計遭糾正案件已逾七件，沈伯洋說，市政就像一張考卷，寫考卷的市長卻不斷被記過、被扣分，而且不只這七件，最近還有一次是跟麥當勞有關案件也遭監院糾正。請繼續往下閱讀...沈伯洋指出，沒說市府一定要是完美的，問題在於糾正後兒虐案仍一再發生；寶林茶室中毒案後，蔣萬安也不太去參加食安會議。蔣市長的回應都是提及一些中央層級相關的事情。市民看到市政這張成績單繳了白卷，心裡應該會很希望市長能夠針對市政多出來說明。沈伯洋點出蔣執政下的北市府有三大問題，首先是「很會拖」，都要拖到輿論燒起來了才趕快被動應對，就像油該驗的沒驗，事發後才說現在有驗；第二「很會推」，遇到問題就推給中央或基層。第三是面對批評視而不見、閃避不答甚至轉移話題，「我想這也是他現在一直在尋求別的政治舞台的原因。因為他可能不想討論這些事情，所以用咆哮掩飾心虛、用憤怒蓋過質疑」，絕非市民所樂見。沈伯洋認為，台北市民值得一位會保護大家、有肩膀的市長，而不是一名「被保護得很好的市長」。相較之下，沈伯洋指出，「我八天來跑遍美國多座城市」，帶回通學安全、住宅、交通、城市韌性等問題的答案，讓台北少走十年冤枉路，市民現在需要的不是忙著替總統組閣的市長，而是願意專心處理台北市政的市長，「位子在台北，心就要在台北啦！」沈伯洋昨也在桃園機場分享訪美成果表示，此行除建立與美國中央、地方政府、智庫、企業及僑界的聯繫網絡，更帶回可負擔住宅、都市降溫、人才培育及交通零死亡等城市治理經驗，他將提出台北市未來廿年的治理藍圖。    ,https://news.ltn.com.tw/news/politics/paper/1764606
謠言終結站》用大蒜檢測油品是否含黃麴毒素？不符科學邏輯,政治,2026/07/30 05:30,謠言終結站網傳內容： 社群平台文章指出，「炒菜時在油裡放一顆剝皮的蒜頭，如果大蒜變紅色，就代表油含有大量黃麴毒素」？查證結果：台灣事實查核中心指出，食品工業發展研究所檢驗技術研發及服務中心表示，實驗室檢測黃麴毒素是依食藥署規定的「高效液相層析儀」；臺北榮總職業醫學及臨床毒物部主任楊振昌則指出，不曾聽過網傳的做法，理論上也不可能用大蒜是否變色檢測黃麴毒素。    ,https://news.ltn.com.tw/news/politics/paper/1764647
致癌油、豬瘟 何欣純嗆江啟臣「逢盧就神隱」,政治,2026/07/30 05:30,"民進黨台中市長參選人、立委何欣純批對手江啟臣「逢盧就神隱」！（記者廖耀東攝）民進黨台中市長參選人何欣純昨天質疑對手，國民黨台中市長參選人江啟臣，在中聯致癌油以及非洲豬瘟等重大市政食安議題，一再追隨盧秀燕腳步，爭議議題需表態則是「逢盧就神隱」，對此，江啟臣笑稱「我都在這裡」。何︰遇重大議題只會閃避 江︰我都在這裡民進黨台中市議員參選人陳信秀、陳怡潔、陳映辰、詹智翔、蔡怡萱及簡嘉佑，由台中市議員李天生陪同，昨天在綠營台中市長參選人何欣純市政辦公室，齊轟「江啟臣神隱，只要牽扯到盧秀燕就會消失」。請繼續往下閱讀...江啟臣昨日邀集林業及自然保育署會勘豐原林務局宿舍，面對綠營質疑，江啟臣笑稱「我都在這裡」，還詢問一旁的里長「我有那麼難找嗎？」何欣純指出，近期大家都質疑立法院副院長江啟臣在台中市發生重大議題只會閃避或神隱，從去年的非洲豬瘟到今年的食安問題，只要碰到盧秀燕市長有關的，江啟臣就完全沒聲音，「逢盧就神隱」。江啟臣辦公室回應，多數市民期待的是徹底解決食安問題，而非將食安當成政治議題操作。另外，「台中市無人機科技教育學習中心」昨日在大甲高工揭牌啟用，何欣純呼籲，希望在野黨「手下留情」，讓教育部在技職體系的無人機相關預算能順利通過。江啟臣提出未來建設豐原藍圖，舊台中縣政府，目前的衛生局，規劃改建為健康大樓；舊台中縣議會則適合作新創基地。國民黨台中市長參選人江啟臣（右）被質疑，台中市發生重大議題只會閃避或神隱，江啟臣笑稱「我都在這裡」。（記者歐素美攝）    ",https://news.ltn.com.tw/news/politics/paper/1764616
監院調查：台生赴中交流 漏報黑數多,政治,2026/07/30 05:30,中國吉林大學2024年曾舉辦第21屆「台灣學生北國風情冬令營」。（圖擷取自吉林大學官網）近4年國中生赴中交流 由0人增至1021人中國近年持續以科研、才藝競賽等手法吸引台灣學子赴中交流，形成單向不對等現象。監察院內政及族群、教育及文化委員會聯席會議廿一日通過調查報告，監委林文程、田秋堇昨指出，兩岸教育交流失衡、學校漏報學生赴中資訊及政府管理出現漏洞，促請陸委會及教育部檢討改善。請繼續往下閱讀...中共統戰台青 延伸至中小學生監委表示，中共長期將台灣青年視為統戰重點，對象從大專生延伸到中小學。二〇二二年至二〇二五年，大專校院赴中學生由二一九六人增至五七四五人，高中職由六七六人增至一一六一人，國中、國小更分別由零人、三十八人暴增至一〇二一人、一〇四五人；反觀來台參與陸委會活動的中生由七十六人降至十六人，且多具共青團背景，中方自二〇二〇年四月起片面停止中生來台就讀學位，六年來新生掛零。要求2部會檢討落實掌控教育部雖於二〇一九年建置「赴陸教育交流活動登錄平台」要求各級學校填報，但平台僅屬備查，二〇一九年至二〇二五年共卅二校次因漏報或違規被處置，東海大學一校即達五次；學校常以「行政疏漏」或「僅協助公告」為由未落實填報。教育部要求返台後一個月內回報的「事後登錄」亦無核實機制，行程與內容填報多屬虛應故事。教育部：視缺失扣招生名額或獎補助款報告並指出，前述卅二校次全屬大專校院，高級中等以下學校迄今無任何違常紀錄，恐凸顯中小學抽檢查處存在疏漏。高雄市一所私立高中經民間學會提供「上海復旦大學科學探索營」訊息後，經校內教師群組轉傳予家長及學生，遲至教育部函請查明才補登平台；台北市一所市立高中亦有教師協助公告陸方訊息卻未填報，兩案主管教育局均未列入考核紀錄。教育部國際及兩岸教育司司長李毓娟昨對此回應表示，已多次通函要求各校進行學生與對岸教育交流活動時，均應至「赴陸教育交流活動登錄平台」填報。今年七月七日就常見違失樣態，再次通函重申。目前也積極查處疑涉及統戰的交流活動，如主動發現或接獲檢舉會立即函請機關與學校說明，並視缺失輕重請校方加強內控、列入行政考核紀錄或列計行政缺失，並作為扣減招生名額或相關獎補助款參考。陸委會：跨部會研商精進改善陸委會昨回應，收到調查報告後，將會同教育部精進改善。至於人民團體招攬學生赴中參與活動，可能涉及違規情形，本會獲悉後均先蒐集資訊，確認有無違反相關規定之虞，並送請權責主管機關處理，或視情會同相關機關跨部會研商。    ,https://news.ltn.com.tw/news/politics/paper/1764642
深偽賴聲音 李坤城告發蔣萬安涉教唆,政治,2026/07/30 05:30,「萊爾校長」小編韋淳祐製作影片偽造總統賴清德的聲音，台北市長蔣萬安廿八日承認是自己委託。民進黨立委李坤城昨日在立院內政委員會質詢刑事局長邱紹洲時當場檢舉、告發蔣萬安，「因蔣已承認教唆」。（資料照）製作深偽影片的「萊爾校長」小編韋淳祐因偽造總統賴清德聲音被檢舉，警方獲報後登門查證；台北市長蔣萬安前天承認是自己委託韋，「有事衝著我來」。民進黨立委李坤城昨日在立院內政委員會質詢刑事局長邱紹洲時當場檢舉、告發蔣，「因蔣已承認教唆」；邱回應，配合檢察官指示辦理。刑事局長：配合檢察官指示辦理內政委員會昨日邀內政部就「『萊爾校長』小編遭警突襲查水表事件，檢視警察執法標準與行政中立」進行專題報告。內政部報告指出，利用AI技術高度模擬他人聲音或影像，可能涉及違反「刑法」第二一〇條、第二一六條「偽造私文書罪」，「刑法」第三〇九條、第三一〇條「妨害名譽罪」及「個人資料保護法」第十九條「非公務機關對個人資料之蒐集或處理」等相關法規。請繼續往下閱讀...警政署長張榮興指出，本案係警方於七月廿五日接獲檢舉後，因影片疑似深度偽造總統聲音，先依既有機制通報社群由平台依其社群守則進行審查，同時交由轄區警察協助釐清該帳號是否遭冒用，以及確認影片來源。張榮興說明，轄區員警前往查訪時，因當事人不在現場，僅向家屬留下聯絡方式，未入內搜索、未限制人身自由，也未強制要求到案。其後當事人主動與警方電話聯繫，警方確認帳號及影片均為本人與其團隊製作後，即完成初步身分確認，因此並未要求當事人立即到案製作筆錄。整體過程中，警方未採取強制處分、未強制要求影片下架，亦未限制當事人表達意見。內政部長劉世芳受訪表示，無論是什麼樣的政黨或個人，只要觸法，全力支持警政單位依法偵辦。台灣絕對保障言論自由，但是偽造別人的聲音，「我想全體的台灣人民都不能夠接受」。針對此一個案，刑事局已經以「刑事訴訟法」第二三〇條及第二三一條報請北檢來偵辦。    ,https://news.ltn.com.tw/news/politics/paper/1764609
民進黨團洗臉蔣萬安 20分鐘結束拜會,政治,2026/07/30 05:30,不滿爆氣回應議員質詢、修路樹及索資爭議 蔣︰會持續溝通台北市長蔣萬安昨率領各局處首長至市議會，向民進黨團說明重大法議案及預算，民進黨團不滿陸續發生內湖淹水、捷運車站洗拖地致天花板坍塌漏水、索資、大規模兒虐事件等市政問題與爭議，加上蔣萬安爆氣回應議員質詢、局處新聞聯絡人上班時間筆戰網友，以及府會聯絡人咆哮議員助理等脫序行徑，原訂規劃一個半小時的會議，最後僅開廿分鐘，總召王閔生便禮貌性下逐客令。吃軟釘子的蔣受訪說，尊重民進黨團，仍會持續溝通。請繼續往下閱讀...被下逐客令 蔣︰尊重民進黨團昨天會議準時開始，民進黨團出席議員包括王閔生、幹事長林亮君、副召李建昌與洪健益、簡舒培、顏若芳、許淑華、王孝維、洪婉臻、陳賢蔚、陳慈慧、林延鳳、張文潔、何孟樺、鍾佩玲與林世宗等人。市府局處首長則是坐在會議桌對面，蔣萬安進入會議室後，原欲跟議員一一致意，但被以浪費時間為由拒絕。王閔生︰希望市長回歸專心市政王閔生致詞「先禮後兵」表示，只要是為了市政建設、民生發展，重大法議案和預算都會支持，不過近期台北市「相當不平靜」，接連出現天價遮陽傘、天坑、淹水、颱風整備假、修路樹及索資爭議，連捷運站洗地也會造成天花板坍塌大量漏水，甚至爆發幼兒園大規模的兒虐事件，當面要蔣有肩膀能擔起責任，希望市長回歸且專心市政；蔣萬安全程低頭不發一語。蔣︰敬老卡擴大、特色運動館 盼支持蔣萬安說，包括敬老卡擴大使用、特色運動館建設、捷運特別預算及營養午餐政策擴大至國中等相關預算，期盼獲得議會支持，也尊重民進黨團依議程安排進行後續討論，並由社會局、財政局、勞動局、警察局、主計處和交通局報告發言，包括《台北市娛樂稅徵收自治條例》、《台北市促進國民就業補助辦法》修正等案。確認沒有局處要再說明後，王閔生指出，針對最近議員在議場質詢時，市長爆氣回應，工務局公園處的新聞聯絡人，上班時間在網路上發表有關政治的言論並且跟網友互嗆，教育局府會聯絡人對議員助理大聲咆哮，在在顯示市府以負面的方式面對問題，局處報告內容「自然會各本權責做好監督工作」，便突然宣布散會。蔣萬安會後受訪僅說尊重，持續跟各黨團溝通。    ,https://news.ltn.com.tw/news/politics/paper/1764629
提無限城網絡 沈伯洋︰訪美帶回城市治理經驗,政治,2026/07/30 05:30,沈伯洋拜會爾灣市長艾格倫（Larry Agran）、與爾灣市首位台裔市議員劉令淳（Melinda Liu）。（沈伯洋競辦提供）透過樹蔭進行降溫、強化人才培育民進黨台北市長參選人沈伯洋從宣布參選前，就主張台北市應走向世界，舉辦「無限城論壇」跟美國紐約等國際大城市交流，不一定只能跟中國上海舉行「雙城論壇」。沈訪美八天昨返抵國門，他說，此行走訪洛杉 磯、紐約、華盛頓及相關周邊城市，拜會白宮官員、眾議院議長、千萬人口的地方首長，探討可負擔住宅、都市降溫、交通零死亡願景與強化人才培育等議題，建立「無限城」網絡，深度交流實踐「無限城論壇」的理念，也兌現行前「把世界的答案帶回來」的承諾。沈伯洋表示，八天訪美行程接連拜會多名政治要角，包含聯邦眾議院榮譽議長裴洛西（Nancy Pelosi）、聯邦眾議院議長強生（Mike Johnson）、聯邦眾議院外委會主席馬斯特（Brian Mast）、眾議員拉蒂默（George Latimer）等人，以及近千萬人口的州、郡、市等地方層級的首長與議員，建立「無限城」網絡，拜會的許多參、眾議員過去也曾擔任郡長或市長，兼具地方治理與中央立法經驗，收穫多項融合市政及憲政的建議，並替台北帶回透過樹蔭進行都市降溫、強化人才培育及交通零死亡願景等許多城市治理的答案。請繼續往下閱讀...與紐澤西州長討論可負擔住宅如與紐澤西州長薛瑞爾（Mikie Sherrill）討論人才互換、產業投資、可負擔住宅；洛杉磯第一區郡政委員會主席索莉絲（Hilda Solis）、洛杉磯第五區郡政委員巴格（Kathryn Barger）分別就樹蔭覆蓋和火災保險制度交換意見。與爾灣市長艾格倫（Larry Agran）及爾灣市首位台裔市議員劉令淳（Melinda Liu）交流治安議題；民間部分則和智庫、企業與僑界交流各地經驗，讓台北成為厚植各項產業發展的城市，讓市民更容易就業、安居，並創造更多合作機會。沈︰不是一次性交流 每年要更新沈伯洋進一步說明，「無限城」真正的精髓是產業如何能夠增加工作機會、吸引其他國家的人才，台灣人才要怎麼去他國學習經驗，這不是一次性的交流，因為每年都會更新狀況，持續互相切磋學習，而且畢竟美國「並不是要併吞我們的國家」，所以這些資料交換比較不會有國安風險。沈伯洋強調，拓展姊妹市合作夥伴時，不能只是簽署單純的備忘錄，還要有實質交流，經由商業投資、智庫、企業與人才流動，面對交通、住宅、防災挑戰時就能彼此支援，「這才叫真正的無限城」，讓台北與世界接軌。    ,https://news.ltn.com.tw/news/politics/paper/1764628
六月喊抓深偽、七月護航 林楚茵轟蔣萬安：官賊都是你,政治,2026/07/30 05:30,民進黨立委林楚茵。（資料照）「萊爾校長」小編韋淳祐製作影片偽造總統賴清德的聲音，台北市長蔣萬安廿八日承認是自己委託。立法院民進黨團昨質疑，若影片製作團隊是因蔣的指使而製作，使用賴總統聲音造成混淆是否也是他的指示？蔣六月稱要引入最新技術辨識抓深偽，七月又為深偽護航，「官、賊都是蔣萬安」，偽造三軍統帥聲音，通常是敵人在做的事，蔣是不是和敵人站在一起？蔣萬安舉美英為例 稱言論自由範疇民進黨團書記長范雲表示，言論自由可以諷刺總統、大罵總統，但絕不包含假冒他人姓名及聲音的自由，先前罷免連署若冒用他人簽名就是違法的行為，相信蔣萬安也不會希望別人冒用他的名字或聲音，說出他無法忍受的話。請繼續往下閱讀...黨團副幹事長陳培瑜質疑，蔣萬安既然承認影片是自己拜託製作，究竟授權到什麼程度？使用賴清德總統聲音造成混淆是否也是他的指示？民進黨立委林楚茵提及，六月八日AI深偽詐騙猖獗，蔣萬安說北市府要引入最新技術辨識；七月廿八日AI深偽賴總統影片，蔣萬安說：「影片是我拜託製作的，有事衝我來。」官賊都是蔣，根本自打臉。她痛批，偽造三軍統帥聲音，通常是敵人在做的事，蔣是不是和敵人站在一起？民進黨籍市議員簡舒培則痛批，蔣萬安都自己承認是AI深偽影片的委託者，北市刑大還不動起來偵辦？蔣萬安昨日在廣播專訪及小熊貓亮相記者會受訪表示，美國節目Sassy Justice就是用AI模擬川普，針對時事做一些嘲諷；英國Channel4也有模擬女王影像聲音發表聖誕節談話，屬於言論自由範疇。韋淳祐影片有清楚標示AI技術所製成影片跟聲音，一般人看到影片，不會認為是賴清德總統所說，民進黨公開要求檢調介入，「整件事情就是國家暴力。」對於林楚茵批評，蔣萬安能接受他的影音被深偽去幫北市兒虐幼兒園打廣告？蔣回應「這完全是不一樣的事情」。民進黨秘書長徐國勇昨受訪指出，蔣萬安將民代告發稱為指揮警察，根本是笑話一通。他說，蔣是美國律師，在台灣沒有律師資格，可能不懂台灣法律，「我替蔣萬安、律師界感到悲哀」。    ,https://news.ltn.com.tw/news/politics/paper/1764610
地震善款 被檢舉帳目不明 檢搜索花蓮縣府 偵訊社會處長,政治,2026/07/30 05:30,檢調昨搜索花蓮縣政府，社會處長陳加富（左）與五位相關人被帶回調查站釐清案情，據了解，與地震善款有關。（記者王錦義攝）花蓮縣政府昨遭檢調搜索，社會處長陳加富與五位相關人被帶回調查站釐清案情，晚間九時許，陳加富等人陸續移至地檢署複訊。據了解，案情與二〇一八年〇二〇六花蓮地震善款遭檢舉有關，花蓮地檢署表示，基於偵查不公開原則，暫無法對外界說明。童子賢曾說捐7千萬 傅崐萁：沒這筆去年罷免立委傅崐萁期間，出身花蓮瑞穗鄉的和碩董事長童子賢表示，二〇一八年曾捐贈花蓮縣府共七千多萬元，但傅崐萁駁斥「根本無這筆款項」，稱當年善款委員會召集人是張善政，善款運用都要經委員會，童子賢所言完全非事實，揚言提告。請繼續往下閱讀...據了解，花蓮地檢署向法院聲請搜索票，昨天上午八點前往縣府社會處搜索，並同步向財政處、民政處調閱公文資料，中午前後將陳加富等人帶回釐清案情。傅稱委員會主導善款 張善政是召集人童子賢去年表態支持罷免傅崐萁後，指當年公司和他個人共捐了新台幣七千多萬元，花蓮縣府不但沒有把捐款正常分配，還跟災民說「這些錢是縣長提供」。傅崐萁則駁斥說，善款都是善款委員會決定，縣府完全不會經手，所有帳目都公開透明。〇二〇六地震各界捐款共廿五億元，卻傳出匡列八億元用於補貼受災石材業與觀光業，引發退款風波。同年四月卅日縣府辦理「震災感恩餐會」，再辦理「震災捐款收據、感謝函印製暨震災紀實文宣裝封及寄送」等多項採購案，共花費一千多萬元，被質疑是用善款，後來查出是使用公務預算，因違反採購程序，遭監察院提案糾正。    ,https://news.ltn.com.tw/news/politics/paper/1764580
盧秀燕消去法找致癌油門神 江肇國：8年沒去驗會不會當你是門神,政治,2026/07/29 22:54,盧秀燕在議會用消去法找「門神」。（記者蘇孟娟攝）中聯致癌油風暴燒不停，「誰是門神」成政治攻防，台中市長盧秀燕今天在議會被追問誰是門神，用「消去法」指稱食藥署長姜至剛不是，「他署長位置還沒坐熱」，行政院政務委員陳時中也不是，因為他過去領導防疫及處理食安均未曾如此決策。民進黨台中市議員江肇國回擊，中聯這麼大的食品業者應加強稽查密度及頻率，「結果你8年沒去驗，這樣人家會不會當你是門神」。盧秀燕725上凱道喊「誰在包庇、誰是門神」，但她也被掀出任內近8年只主動抽驗中聯油一次，綠營質疑她才是門神。盧秀燕在議會被國民黨議員張廖乃綸問到「覺得誰是門神」？她回應，過去食安事件從未有20％以下免下架的決策，中央決策太不尋常，的確啟人疑竇。請繼續往下閱讀...盧秀燕用「消去法」說，署長位子還未坐熱的姜至剛不是，「他沒本事決定這個」；陳時中過去領導防疫或食安事件從未這樣決策，「應該不會是陳政委」，還意有所指說，她參加行政院食安法修法會議時，「我感覺他不是主導者」；至於其他人，大家可以再了解一下，還有媒體可以追蹤、民意代表也可以去追查。江肇國質詢時先質疑，好市多A肝莓果逾期上訴導致重罰200萬被撤銷案，衛生局長自請處分就跟教育局長棒球狼教練案自請處分後一樣，市長又輕輕放下，大家不是想看官員下台，但想讓官員知道有政治責任。他說，盧秀燕擔任立委時國會主導修法食品三級制，最後一關須靠地方政府稽查把關，而非廠商自主，油品事件發生迄今中央未甩鍋，也未曾罵過盧秀燕，反是盧秀燕一再叫囂中央、罵中央卸責，面對這麼大的食品業者就應加強稽查密度及頻率，「結果你8年沒去驗，這樣人家會不會當你是門神」，這也是民眾疑慮所在。    ,https://news.ltn.com.tw/news/politics/breakingnews/5522311
爸爸一句話撐她走公職路 謝雪君獲桃園市表揚模範公務員,政治,2026/07/29 22:53,桃園市模範公務人員表揚大會，圖中為市圖秘書謝雪君。（記者李容萍攝）近年高普考報考人數持續下滑，公部門攬才留才成為關注焦點。桃園市長張善政今（29）日下午出席「115年桃園市模範公務人員表揚大會」表示，今年獲獎的18位模範公務人員，不僅是各機關的傑出代表，更展現市府在交通、環保、文化、教育等各項市政領域持續精進、追求卓越的精神。張善政強調，模範公務人員的榮耀不僅屬於個人，更屬於一路支持他們的家人及並肩努力的工作團隊，透過今日的表揚活動除了肯定獲獎同仁的付出與奉獻，也希望激勵更多市府同仁見賢思齊、追求卓越，持續提升施政品質與服務效能。請繼續往下閱讀...本次模範公務人員選拔是由各機關首長推薦，並由市府組成審議小組進行審慎評選，最終遴選出18位模範公務人員，分別為社會局科長陳資穎、經濟發展局專門委員林彥良、農業局科長林珮如、地政局科長林燕秀、工務局科長陳相熹、水務局科長葛其民、交通局科長黃貴正、觀光旅遊局科長王修怡、環境保護局科長謝宏松、消防局隊員張金煜、文化局專門委員王啟仲、客家事務局專員吳彥儒、捷運工程局科長温詠仁、人事處科長鄭喬中、桃園市立圖書館秘書謝雪君、勞動檢查處科長郭翼維、養護工程處主任秘書姜志男、車輛行車事故鑑定會組員張儒斌。其中，市圖秘書謝雪君分享，當年，她因爸爸病重，辭去幼稚園老師的工作返家照顧。爸爸離開後，一度迷失方向，同學怕她太難過，拉著她去陪考公務員。沒想到，就在爸爸頭七那天，她收到錄取通知，也開啟了我的公職人生。爸爸生前常對她說：「不要怕不會，認真做就對了。」這句話，成了她一路走來最大的力量。「認真付出，終會被看見」，謝雪君從一位只會帶孩子、不會寫公文的老師，到今天能規劃活動、推動專案，甚至參與工程業務，她感謝教育局長劉仲成、館長施照輝一路給她機會與信任，還有每一位同事、夥伴攜手同行的成果，也將這份模範公務員的榮耀，獻給她在天上的爸爸媽媽。市府人事處長林妙貞說明，18位獲獎同仁除獲頒專屬客製化公仔獎座及5萬元獎金外，亦享有5日公假，以表彰其長期投入市政工作的辛勞與奉獻。桃園市模範公務人員表揚現場，局處同仁、親友團上台分享喜悅。（記者李容萍攝）桃園市長張善政（中）頒獎表揚桃園市模範公務人員共18人。（桃園市政府提供）    ,https://news.ltn.com.tw/news/politics/breakingnews/5522312
國華徵信涉收紅錢！張育萌：中國正用低成本獲得高價值情報,政治,2026/07/29 22:45,一統及國華徵信創辦人趙維君（中）遭檢調約談。（記者王定傳攝）新北檢警偵辦一起非法裝設GPS追蹤器案件時，發現「國華徵信社」經理趙彥豪涉案，更疑似收受中國資金有國安疑慮。對此，台灣青年世代共好協會理事長張育萌直呼，中國正在用低成本、低風險的方式，獲得高價值的情報，包括你我的行蹤、家庭關係和人際網絡。張育萌晚間在臉書發文表示，去年10月有一位陳姓女子懷疑丈夫外遇，於是花14萬私下委託台灣徵信社龍頭「國華徵信」的經理趙彥豪蒐集證據，趙彥豪派調查員偷偷裝兩顆GPS定位追蹤器在丈夫的機車上，開始跟監這位丈夫，把拍下的影像用LINE傳到陳姓女子的群組回報。請繼續往下閱讀...張育萌指出，丈夫把機車送修時，維修人員當場發現追蹤器，讓他氣的向警察報案。警察準備要起訴趙彥豪時，調查過程中查看他的手機紀錄，竟意外發現在他的微信裡，有一位暱稱叫「圖圖圖」的中國人。按照對話紀錄，趙彥豪收了8519元人民幣（約4萬740元新台幣），非法查詢台灣手機門號使用者的名字、婚姻狀況和公司地址，再把這些私密資料賣給這位「圖圖圖」。張育萌再指，案情隨後向上延燒，檢調昨日大規模搜索「國華徵信」創辦人趙維君，拘提總共10位被告，趙維君訊後300萬交保，他的兒子也在國華徵信當總經理，也以150萬交保。張育萌直呼，可怕的是台灣另一徵信社龍頭「一統徵信」也是國華徵信的關係企業，負責中國事務的開發，事情爆發後，一統徵信的歐姓執行董事也以100萬交保。張育萌表示，檢調追查發現，被非法查私密資料的名單，疑似有「特定國安和政經要員」的資料，最初的線頭，這位「趙經理」被以妨害秘密和個資法起訴，但不排除上升到國安層級。張育萌說，這幾年他幾次聽過「台灣徵信被對岸滲透」的說法，畢竟比起派間諜潛伏台灣，還不如買下台灣的徵信系統，如果這是真的，對岸正在用低成本、低風險的方式，獲得高價值的情報，包括你我的行蹤、家庭關係和人際網絡，光用想的就毛骨悚然。    ,https://news.ltn.com.tw/news/politics/breakingnews/5522278
認同蔣萬安提倒閣  林濁水拋2大結局：為民主注入實質制衡力量,政治,2026/07/29 22:15,蔣萬安近日又拋出倒閣，引發討論。（資料照）台北市長蔣萬安近日又拋出倒閣議題，引發朝野討論。前立委林濁水認為其實可以試試，倒閣成功與否固然充滿政黨算計，但更關鍵的是背後的憲政意義；面對當前朝野極端對立的政治僵局，動用這項已經「冷凍」近30年的憲政工具，不但能讓社會看清楚修憲必要性，還可能因為解散改選，促成總統和立委任期交錯，為台灣民主注入實質的制衡力量。台灣的倒閣（不信任案）與國會解散機制主要參考法國的雙首長制，作為解決行政與立法權力僵局的「終極武器」，於1997年李登輝在任期間修憲時被納入《中華民國憲法增修條文》，但在這之後的近30年間，立法院從未成功實施過倒閣。請繼續往下閱讀...林濁水昨天（28日）在臉書發文表示，蔣萬安提出倒閣，先不論政治情勢有沒有空間，背後的憲政意義確實重大。當前朝野極端對立，用議場衝突、罷免等方式已經都失敗，如果能夠動用倒閣並解散國會，無論動機是否純粹，都是在賦予這套憲政機制「生命力」，讓國家權力運作回歸憲法預設的救濟軌道，「儘管有人認為倒了也沒用，但是那不可以好歹操作一下。」他接著說，如果證明「沒用」，最後發現改選出來的國會結構，依然是藍綠白僵持，行政院依然無法順暢運作，等同證明李登輝當年的憲改糟透，讓大家覺悟非再修憲不可；如果「有用」，那就謝天謝地，選民透過選票給予某個政黨明確的過半多數，僵局便能一舉解開。另外，台灣自2012年起，總統和立委選舉就合併在同一天舉行，極易產生「總統盤帶動立委盤」的盲從效應。林濁水表示，如果因倒閣解散國會進行改選，立委的4年任期將重新計算，總統、立委選舉從此錯開，這能讓台灣獲得類似美國「期中選舉」的制衡作用，選民可以在總統任期過半時，利用立委選舉來給執政黨「打分」。    ,https://news.ltn.com.tw/news/politics/breakingnews/5522204
綠質疑 盧秀燕近年出國占考察經費四分之一,政治,2026/07/29 21:59,民進黨議員張家銨，質疑市長出國佔考察經費四分之一，會排擠基層公務人員考察。（張家銨提供）台中市長盧秀燕近年頻頻出國進行城市外交，針對台中市政府近4年出國考察經費運用，民進黨台中市議員張家銨今天在市議會質詢時指出，2023年至2026年間，台中市政府共辦理103個出國考察案，總經費達3300多萬元，但光是市長盧秀燕出訪的5案，總花費卻高達880餘萬元，占整體總經費四分之一，質疑這樣的資源分配模式是否已排擠基層公務員出國考察。台中市政府秘書處表示，市長率團出訪係依城市外交及市政交流需求辦理，經費包含隨行同仁及交通等支出，均依《國外出差旅費報支要點》核實編列。請繼續往下閱讀...議員張家銨指出，「市長出國花百萬，基層出國給5千」，同樣是到日本考察，去年市長率團赴日進行市政交流，實支經費146萬6千元；但2023年觀光旅遊局赴日本山梨縣北杜市考察「八岳自行車挑戰賽」，實支經費僅5483元，兩者相差200多倍。 議員認為，同樣名為出國考察，卻出現一邊是百萬規格、一邊是零頭預算的極端落差，市民當然會質疑，這些錢到底是花在市政需要，還是花在政治聲量包裝。張家銨強調，國際交流不是不能做，但花了大錢，就要講得清楚、說得明白、經得起檢驗。 對於市長5次出訪即占去全體出國考察經費26.47%的情況，台中市民都想知道，這883萬多元到底為台中帶回了什麼。    ,https://news.ltn.com.tw/news/politics/breakingnews/5522282
中國對台灰色地帶脅迫加劇 學者：美應改採「結構性模糊」,政治,2026/07/29 21:58,學者認為北京日益利用「灰色地帶」戰術脅迫台灣。（路透資料照）有美國學者建議，美國對台政策應從「戰略模糊」轉為「結構性模糊」，讓中國為試圖改變現狀付出相應代價，並對中國經濟採取「雪崩式脫鉤」，以加強嚇阻北京日益利用「灰色地帶」戰術脅迫台灣。華府智庫「戰略暨國際研究中心」（CSIS）中國實力計畫（China Power Project）主任林洋（Bonny Lin）在「外交事務」（Foreign Affairs）期刊撰文，介紹研究美中競爭的學者傅立門（Eyck Freymann）的著作「保衛台灣：避免與中國開戰的策略」（In Defending Taiwan: A Strategy to Prevent War With China，暫譯）。請繼續往下閱讀...林洋寫道，從現在到2028年台灣舉行下次總統大選之間，北京很可能會進一步加強對台施壓，採取更多海空侵擾、資訊戰等「灰色地帶」（gray zone）戰術，以影響選舉結果。然而，美國與台灣迄今尚未削弱中國從事灰色地帶行動的能力與意願。傅立門在書中指出，談到灰色地帶戰術，如何嚇阻中國成為最棘手難題。比起封鎖或侵台等更明顯且有重大後果的行動，外界通常較不願意回應軍演或經濟制裁等逐漸升高的壓力。然而，不回應的結果相當危險，恐讓北京無需付出高昂代價就能逐步改變現狀，甚至僅憑脅迫舉措就能奪取台灣。傅立門表示，北京可用於施壓台灣的手段日益增加，除全面入侵外，中國還能實施海上檢疫措施，以海關執法為藉口控制台灣的國際貿易；動員部隊展現武力，讓台灣懷疑共軍是否即將進攻；藉由封鎖讓台灣斷糧，逼迫台灣屈服。對美國決策者而言，關鍵問題在於如何有效嚇阻中國採取上述行動。軍事嚇阻是美國遏阻中國侵台的根本基石，必須展現美國及其盟友有能力在海空作戰擊敗共軍，並阻止中國對台進行兩棲登陸。美國長期仰賴「戰略模糊」（strategic ambiguity）政策，讓中國無法確知美國對台承諾達到什麼程度，因此假設美方會全面介入。然而，這項政策日益難以為繼。傅立門指出，「隨著軍事平衡愈往北京傾斜，北京愈有可能忍不住逼美國攤牌」，試探華府是否真的願意保衛台灣。林洋提到，傅立門最令人矚目的提議是在政治與經濟嚇阻領域。他建議美國從「戰略模糊」轉向他所謂的「結構性模糊」（structured ambiguity），即當北京採取灰色地帶戰術時，美國應調整政策積極反制。「結構性模糊」與「戰略模糊」相似，也以維持美國「一中政策」（one-China policy）、避免對台灣做出明確安全承諾為核心，但前者還強調回應中國脅迫手段：每當中國試圖改變現狀，美國應讓北京付出相應代價。例如，若中國打算舉行大規模軍演，華府則可強化與台灣的軍事合作或外交關係。這呼應了美國總統川普（Donald Trump）第一次任期間許多中國事務專家的看法，他們認為華府應向北京表明，改變現狀將付出代價。不過美國決策者普遍對強硬回應有所保留，擔心這可能進一步升高緊張。美國也擁有一系列強而有力的經濟工具可用於嚇阻中國，包括制裁、出口管制、投資審查、供應鏈多元化及關稅。不過相較於伊朗、北韓與俄羅斯等對手，鑒於中國在全球經濟的規模和核心地位，試圖制裁中國將更為艱鉅，傅立門稱之為「史上最大規模的經濟脅迫行動」。傅立門和歷史學家布隆萊（Hugo Bromley）共同撰寫「保衛台灣」一書其中兩章。他們解釋，經濟嚇阻不太可能對中國發揮作用。包括美國盟友在內的許多國家可能因為經濟與政治代價過高，不願意支持對中國實施制裁。任何強行推動快速脫鉤的嘗試也可能削弱美國自身經濟，因為美國在許多進口項目上仰賴中國。取而代之，傅立門和布隆萊提議就他們所謂「雪崩式脫鉤」（avalanche decoupling）進行規劃，先從諸如先進半導體與機械工具等少數關鍵供應鏈項目開始脫鉤，再逐步擴大到其他領域。為了防止有國家暗中與中國交易而削弱這些努力，他們呼籲盟友新成立一個政府間協調機構，監控貨物流向、提供緊急援助，並且確保參與國家的市場准入。傅立門和布隆萊坦言，讓中國經濟孤立絕非易事，雪崩式脫鉤「僅可能在極端政治與地緣政治情勢下」才有可行性。同時，對中國建立相互依存度較低的新經濟關係，其調整也將需由美國承擔大部分成本，這絕非易事。然而若未提前做好規劃，一旦美國被迫迅速脫鉤，帶來的代價恐將更加慘重。儘管中國下一步動向尚不明朗，美國決策者仍需認清，中國正對華府及其盟友、夥伴的行動日益指手畫腳，只要北京認為有任何言論或行動損及中國利益，都會對該國施以懲罰。林洋認為，相較於諸如將台灣明確納入美國安全保障範疇內的「戰略清晰」（strategic clarity）等其他選項，傅立門提出的「結構性模糊」概念能為美國保留更多彈性。「結構性模糊」還意在嚇阻中國進行灰色地帶脅迫，這是「戰略模糊」難以達成的，因為「戰略模糊」所傳達的隱含威脅，其重點在於阻止中國大規模動用軍事力量，例如發動侵略。林洋也提醒，如同任何嚇阻方式，「結構性模糊」絕非一勞永逸的舉措。正如傅立門所指出，政治與經濟嚇阻必須有可信且能長期維持的懲罰措施當後盾。如果美國出手反制中國的灰色地帶戰術，中國勢必會採取報復行動；讓北京付出代價，很容易引發事態急遽升級。然而，要讓「結構性模糊」策略發揮效用，美國必須展現出即便中國在每一步都以對等力量抗衡美方壓力，華府也絕不會輕易退讓。    ,https://news.ltn.com.tw/news/politics/breakingnews/5522270
中聯致癌油報告未列歷年稽查紀錄 議員痛批中市府避重就輕,政治,2026/07/29 21:52,林德宇斥致癌油中市專案報告完全看不到事發前檢驗紀錄，避重就輕。（記者蘇孟娟攝）中聯致癌油風暴延燒全國，台中市長盧秀燕被衛福部認證任內近8年只主動驗中聯1次，今市府在議會針對事件進行專案報告，市議員林德宇質疑專案報告書刻意從6月30日事件通報後開始寫，未提出歷年對中聯油的稽查、檢驗紀錄，避重就輕，無心悔改，不敢面對自己稽查不力的事實；衛生局長曾梓展則說，從2022年起到今年6月事件發生前，有稽查中聯油脂6次。林德宇指出，中聯油所在地在台中，台中市政府衛生局及食安處就是中聯油的主管機關，但致癌油風暴燒這麼多天，衛生局送到議會的專案報告，針對外界關注的稽查紀錄卻只列出事件發生後、今年6月30日以後的紀錄，事件發生前的相關稽查紀錄以及稽查品項付之闕如，避重就輕，更不敢面對稽查不力的事實。請繼續往下閱讀...曾梓展稱，從2022年起到今年6月這次事件發生前，有去查中聯油脂6次、福懋7次、福壽8次，過去就是把重點放在那些不必自主檢驗的單位，還有後端市場，「這個邏輯很單純，絕未刻意隱瞞」。但包括林德宇與議員謝家宜、江肇國均質疑，中聯全國市佔率約1/3，面對這麼大的廠商，市府卻不加強稽查。江肇國另質疑好市多A肝莓果逾期上訴導致重罰200萬被撤銷案，衛生局長自請處分就跟教育局長棒球狼教練案自請處分後一樣，市長又輕輕放下，他強調，大家不是想看官員下台，但想讓官員知道有政治責任，尤其盧秀燕擔任立委時國會主導修法食品三級制，最後一關靠地方政府稽查把關不是廠商自主，面對這麼大的食品業者就應加強稽查密度及頻率，「結果你8年沒去驗，這樣人家會不會當你是門神」，這也是民眾疑慮所在。    ,https://news.ltn.com.tw/news/politics/breakingnews/5522260
自由爆新聞》蔣萬安違法縮了還甩鍋「他」！民調打臉國民黨,政治,2026/07/29 21:28,全新的視界！新聞話題不漏接，快訂閱YouTube 【自由追新聞】，記得開啟小鈴鐺哦！    ,https://news.ltn.com.tw/news/politics/breakingnews/5522215
國民黨要砍夜市、商圈攤商千萬補助！吳沛憶痛批：為何不放過基層？,政治,2026/07/29 21:23,民進黨立委吳沛憶。（資料照）今年度總預算審查持續延宕，國民黨立委林沛祥提案大砍經濟部編列給夜市、市場、商圈等基層攤商行銷補助，其中一案減列1500萬並凍結10％、另一案減列997萬2千元並凍結10％。民進黨立委吳沛憶晚間痛批，幫商圈做行銷的錢，國民黨也提案要砍，這些都跟政治攻防無關，到底為什麼國民黨也不放過。吳沛憶指出，她看到國民黨團二輪刪預算提案，把刀子砍向經濟部給夜市、市場、商圈等基層攤商、店家的補助。長期看著選區萬華在地市場、夜市、商圈，努力爭取補助從傳統走向轉型，隨著消費型態轉變，努力提升設備拚振興。中正區南門市場，這些年更是經濟部頒發的五星市集。請繼續往下閱讀...​「我看過他們辛苦，更看到他們的進步，帶給消費者體驗及飲食衛生品質的提升。」吳沛憶說，所以，她每次遇到經濟部，都是抱怨給商圈、夜市的補助實在不夠，自己不能理解，預算已經夠少了，國民黨為什麼還要砍政府給基層的補助？​吳沛憶痛批，國民黨團刪減理由竟然是寫：「電商崛起、消費型態改變、房租很貴、人流轉移」，這到底跟基層多脫節？她與團隊常常和商圈、夜市跟市場的夥伴，一起討論發想怎麼活絡人潮、找到特色、拚觀光，最近討論怎麼結合AI，找資源都來不及了，國民黨對政府的要求竟然是補助給攤商少一點。​「幫商圈做行銷的錢，國民黨也提案要砍！」吳沛憶表示，不管西門或龍山寺，現在就有非常多觀光客，正需要行銷預算投入、加強發展特色，她一直想把中正萬華的美食小吃、文化景觀，推廣給全世界，所以努力跟經濟部爭取經費。​吳沛憶強調，這些都跟政治攻防無關，到底為什麼國民黨也不放過，再說一次，立法委員請把本分做好，國民黨要嘛不審預算，要嘛亂砍預算。可不可以好好當立委，不要整天在亂。    ,https://news.ltn.com.tw/news/politics/breakingnews/5522248
李四川出席三峽宮廟祝壽福宴 再喊推動「大漢溪捷運縱貫線」,政治,2026/07/29 20:57,國民黨新北市長參選人李四川（中）出席三峽無極三清宮豁落靈官王天君聖誕千秋祝壽福宴，與鄉親互動熱烈。（李四川競辦提供）國民黨新北市長參選人李四川今晚（29日）到三峽，出席無極三清宮豁落靈官王天君聖誕千秋祝壽福宴，他致詞時重申強化三峽醫療資源及大漢溪捷運縱貫線等政見，獲得鄉親好評。李四川說，首先感謝神明長年護佑三峽鄉親平安順遂，感謝無極三清宮長期投入地方公益、扶助弱勢，成為三峽地區重要的信仰及安定力量。李四川逐桌致意時，許多鄉親高喊「凍蒜」。請繼續往下閱讀...李四川說，先前已提出五大醫療政見，以「BOT加速興建、分區補足量能」為核心，其中，三峽、鶯歌及樹林地區近年人口持續增加，加上北大特區發展成熟，醫療服務需求逐年提升，未來當選後，將積極協助恩主公醫院擴建，強化土城醫療園區、建構高齡醫療照護中心，建立溪南地區更完整的區域醫療網，讓在地鄉親享有更便利、更完善的醫療照護服務。李四川說，交通建設部分，他已提出「延伸民生汐止線，推動大漢溪捷運縱貫線」政見，未來當選後將與逐步推動，串聯大稻埕、三重、新北第二行政中心、新莊、塭仔圳、樹林巨蛋城及土城產業園區等地，甚至可望延伸銜接桃園、基隆。李四川說，這條路線具有三大特色：第一，分流台鐵、板南線、新莊線等既有運輸系統，提升整體運輸效率。第二，串聯基隆、汐止、內科、新北、桃園等科技聚落，形成北北基桃科技黃金廊帶。第三，以TOD理念打造15分鐘生活圈、30分鐘雙北生活圈，讓工作、居住、醫療、教育及公共服務更加便利。李四川說，未來的大漢溪不只是河流，而是新北最重要的城市發展軸，他將以具體建設藍圖，帶動土樹三鶯溪南地區及整體新北市持續向上發展。    ,https://news.ltn.com.tw/news/politics/breakingnews/5522224
耗資17億中流完工6年仍未開館 議員指從盧秀燕施政報告「被消失」,政治,2026/07/29 20:51,黃守達揪台中流行影音中心閒置6年更從盧秀燕最後一次施政報告被消失。（記者蘇孟娟攝）斥資17億打造的台中流行影音中心2020年早已完工，在台中市長盧秀燕任內已閒置6年，盧秀燕任期倒數不到5個月，地方盼不到開館，市議員黃守達今質詢揪出，盧秀燕任內最後一次施政報告中流直接「被消失」隻字未提，他追問新聞局長欒治誼何時能開館，欒治誼打高空稱「進度在期待範圍內」，黃守達痛批，連何時開放都說不出來，核心定位也都說不清楚；盧秀燕則稱，中心具當代流行因素，定位清楚。黃守達指出，台中流行影音中心2020年底竣工，原名「中台灣電影中心」，歷經兩次招商失敗後，市府調整定位更名，2023年第3次招商才成功，2024年簽約、同年10月完成點交，市府過去宣稱2026年底前營運，如今2026年已經過半，開館卻無消無息。請繼續往下閱讀...黃守達指出，新聞局近4年花逾59萬出國考察4次，行程皆與動漫、影視及流行音樂高度相關，但最應展現考察成果的台中流行影音中心迄今裝修、招商及開館時程仍交代不清，連盧秀燕最後一次施政報告，更直接讓中流「被消失」隻字未提，反在「形成戶外音樂祭與室內場館並行的完整演出體系」只提到尚未完工的巨蛋，以及尚未動工的超巨蛋，17億打造的中流甚至只淪為高價外牆投影幕，徹底被盧市府遺忘。他問欒治誼何時能開館，欒治誼稱委外營運廠商持續試裝及招商中，「期程在期待範圍內」、「期待在年底或儘快開館」，黃守達再問確定期程時，她又說，因為量體非常大，「會儘快督促、支持他」；黃守達痛斥竟連何時開放都說不出來；另缺乏核心定位，「說穿了就是不知道要做什麼」，如何吸引企業投資、人才進駐，更無助建立台中流行文化品牌。    ,https://news.ltn.com.tw/news/politics/breakingnews/5522222
真的螺絲鬆了！台南市議長邱莉莉說重話  要市府團隊拿出精神,政治,2026/07/29 20:46,南市議會第4屆第8次定期會今天開議首日，議長邱莉莉指市府團隊「真的螺絲鬆了」。（記者洪瑞琴攝）台南市議會第4屆第8次定期會今（29日）開幕，也是台南市長黃偉哲任內最後1次在議會進行施政總報告。不過，首日議程結束後，議長邱莉莉罕見留下市長黃偉哲及市府各局處首長，當場喊話約5分鐘，要求備詢時拿出精神、展現效率，直言首日答詢讓她「很傷心」，更重話表示「真的螺絲鬆了」，一席話引發議場熱議。適逢市府近期有4名局處首長異動，包括原農業局長李芳林接任民政局長，市府顧問、國立聯合大學教授馮祥勇接掌農業局；原研考會主委王效文轉任體育局長，前水利局長韓榮華代理研考會主委，新團隊首度列席議會備詢，也格外受到議員關注。請繼續往下閱讀...邱莉莉在散會後表示，本屆議會已進入最後1次定期會，議員累積許多地方建設、民眾陳情及建議案亟待反映，尤其年底選舉將近，更應保障議員充分質詢，讓市民關心的議題獲得完整回應。她指出，不少案件議員已多次追蹤，卻始終未獲具體答覆，有些局處甚至答非所問，無法清楚交代辦理進度。她要求各局處首長務必做好準備，針對議員質詢據實、完整回應，而非避重就輕或敷衍帶過。邱莉莉也提醒，多數局處首長都有多年備詢經驗，更應尊重議會監督職權及議事規則，以積極態度回應議員質詢，不要讓人感覺準備不足或精神不濟。她語重心長表示，聽完首日答詢後感到「很傷心」，認為部分局處「真的螺絲鬆了」、「你們是公務人員，領人民俸祿，就要把事情做好」，希望市府團隊拿出應有的態度與責任感。這次定期會自今日至10月6日會期70天，將依序進行各局處業務報告、市政總質詢及審查116年度台南市總預算等重要議程。    ,https://news.ltn.com.tw/news/politics/breakingnews/5522229
淡江大橋通車八里改隸淡水警分局？議員憂：警力不足恐釀出走潮,政治,2026/07/29 20:41,新北市警察局研擬將八里區改隸淡水警分局，引發地方警力反彈，新北市議員鄭宇恩表示，市警局應補足人力後，再討論調整的問題。圖為淡江大橋通車首日。（記者吳仁捷攝）淡江大橋通車後，交通流量大增，傳出新北市警察局基於統一治安與交通管理事權，打算將八里區從原本蘆洲分局管轄，改隸淡水分局；市議員鄭宇恩等民代接獲基層員警陳情，表示淡水分局上個月歷經淡江大橋、淡水大拜拜，員警加班時數逼近每月80小時上限，她要求市警局務必補足人力後，再討論八里警勤區移撥，否則恐釀警員出走潮，影響淡水北海岸治安。鄭宇恩指出，將八里劃為淡水分局轄管，要凝聚地方共識最關鍵因素，在於「確保警力充足」，畢竟淡水警分局納入八里區後，轄區人口將遽增達5萬人外，還要負責台61及64等快速道路，基層員警勤務將更加繁複。請繼續往下閱讀...鄭宇恩表示，市警局在未補足員額下，貿然將八里移撥入淡水分局，到時候包括交通、行政、刑事等體系都將面臨相同問題，她已聽到基層恐因勤業務暴增，引發出走潮，屆時恐嚴重影響淡水、八里、三芝等區的治安及警政相關業務。新北市警察局吐露，淡江大橋通車後，貫通北台海岸交通，隨著大批觀光人潮湧入，衍生許多交通問題，加上原本分屬淡水河口兩岸活動，在維安及交通維護勤務，亟待事權統一，加上八里、淡水同為新北市第一選舉區及士林地檢署轄區，考量區域聯防，評估將八里區調整為淡水分局管轄，發揮最大效益，但全案仍須取得地方共識，簽報市政府核准，報請警政署核定，並經市議會審議通過後；本案仍待內部評估，目前讓蘆洲、淡水分局向地方及同仁溝通中。    ,https://news.ltn.com.tw/news/politics/breakingnews/5522223
台美商會完成年度「叩門之旅」 林佳龍：台灣是美國不可或缺夥伴,政治,2026/07/29 19:55,外交部長林佳龍昨（28）日於外交部接見台灣美國商會代表團，感謝商會長期為深化台美關係奔走。（圖擷取自林佳龍臉書）外交部長林佳龍昨（28）日於外交部接見台灣美國商會代表團，感謝商會長期為深化台美關係奔走。林佳龍表示，台灣美國商會一年一度的「叩門之旅」已於6月底順利完成，代表團於短短一週內在華府進行約50場會議，密集拜會美國行政部門、國會及政策界人士，不僅將台灣的聲音帶到華府，也將第一手觀察帶回台灣。林佳龍表示，會晤中，商會製作的一頁式簡報令他印象深刻，清楚回答了「為什麼台灣是美國不可或缺的夥伴」的重要問題。他指出，台美不僅共享民主價值，也是經貿、科技及供應鏈上彼此信賴的夥伴，而台海和平穩定更攸關印太地區的安全與繁榮。請繼續往下閱讀...林佳龍指出，這次商會也向美方提出多項具體倡議，包括強化無人機及防衛產業合作，並期待美國參議院儘速通過「美台快速減免雙重課稅法案」，進一步深化台美經貿合作。林佳龍轉述，台灣美國商會理事長陳幼臻分享，代表團此次從行政部門走到國會山莊，明確感受到美國跨黨派對台灣的支持依然堅定，也期待台美進一步強化經濟及安全領域合作。林佳龍表示，目前台灣正積極落實與美國簽署的「矽盛世宣言及台美經濟安全合作聯合聲明」，持續推進人工智慧供應鏈、數位基礎建設、關鍵礦物、無人機及高科技人才等領域合作，並期待將合作範圍擴及第三國，攜手提升全球供應鏈韌性。林佳龍最後表示，台灣將持續透過總合外交，讓台灣的產業實力、民主價值與國際合作能力，與美國的印太戰略形成更緊密的連結，為全球供應鏈韌性與印太繁榮創造更大的正面力量。他強調，每一次「叩門之旅」，都在為台美合作打開一扇新的機會之窗，也讓更多美國朋友看見，「台灣是值得信賴、能與美國並肩前行，共同創造安全與繁榮的重要夥伴」。    ,https://news.ltn.com.tw/news/politics/breakingnews/5522138
監院報告：赴中交流大專32校次有疏失 東海漏報5次最多,政治,2026/07/29 19:44,監察院內政及族群、教育及文化委員會聯席會議近日通過監委林文程、田秋堇所提「學生赴陸教育交流案」調查報告，內容今（29）日公告上網。（資料照）監察院內政及族群、教育及文化委員會聯席會議近日通過監委林文程、田秋堇所提「學生赴陸教育交流案」調查報告，內容今（29）日公告上網。監委除點出兩岸青年交流單向失衡，報告附表也完整揭露2019年至2025年教育部查處的違失名單：共32校次、19項活動遭處置，全數為大專校院，22所學校累計被列行政考核紀錄25次、行政缺失7次，其中東海大學一校即達5次，為漏報情形最嚴重者。依據報告附表，東海大學被列行政考核紀錄3次、行政缺失2次；文藻外語大學紀錄2次、缺失1次；台灣大學、逢甲大學、淡江大學、銘傳大學各為紀錄與缺失各1次。另外，台灣師範大學、中山大學、台北醫學大學、政治大學、清華大學、成功大學、屏東科技大學、元智大學、聯合大學、真理大學、中原大學、中國文化大學、東吳大學、實踐大學、慈濟大學、南華大學等16校，則各被列行政考核紀錄1次。請繼續往下閱讀...違失態樣主要為兩類，其一是「學生赴中交流但學校未至平台登錄」，計13校次、6項活動；其二是「協助公告陸方活動訊息但學校未至平台登錄」，計22校次、12項活動，多因「行政疏漏或不熟悉規定」所致。案件來源則為新聞輿情、民眾檢舉及陸委會告知等3類，並非教育部主動抽檢發現。報告點名，屏東科技大學迄2025年仍未建立完整內控機制，公告前未充分確認、辨識活動涉及中國黨政機構，事後始進行內部檢討。成功大學、慈濟大學、銘傳大學則誤認「僅分享活動訊息，未參與或協辦」、「僅公告無規劃參與」、「交流對象無涉及官方與政治宣傳」即無須填報，認知明顯與規定不符；監委並直指，成大在查處函文中僅說明「下架活動訊息」，未見確實檢討造成漏報的疏失環節。報告指出，校外管道則是另一破口，如真理大學學生2024年9月參加中國舉辦的第14屆海峽兩岸（濱州）青年學生孫子兵法友誼辯論賽，校方以「法律系學生自行報名參加，非屬學校層級交流活動」為由未登錄平台，凸顯學生透過校外管道赴中，學校難以全面即時掌握。教師個人招攬部分，報告彙整2024、2025年共4校、4項活動屬「教師自行招攬但學校未填報」，其中2校、2項活動確有學生成行，均發生於大專校院。具體樣態包括：校內領導培育中心主管以個人社群媒體招募學生赴中、教師以學校師長職務在班級群組招募學生參加參訪團、教師在大學社群粉絲專頁招募、教師透過通訊軟體群組宣傳赴中實習，以及教師選拔課程學生赴中參加研習營。監委指出，部分活動的目的、辦理單位、行程與文宣資料無法從群組訊息中判讀，學生難以評估安全與風險。相對於大專校院屢遭處置，高級中等以下學校2019年迄今「零違（異）常紀錄」，監委認為恐是抽檢查處存在疏漏的警訊，並點出兩起中小學案例。一是高雄市一所私立高中，2025年由中華公共事務管理學會副秘書長提供「上海復旦大學科學探索營」訊息，校方教育推廣處將訊息公告於校內教師LINE群組，再由導師轉傳班級家長及學生LINE群組；該校主張僅提供資訊，未鼓勵參加、也未收取費用或接受中方補助，但遲至教育部同年6月20日函請查明後，7月1日才補登平台，高雄市教育局並未將該校列入行政考核紀錄，僅函文要求日後依規辦理。第二例為台北市一所市立高中，2025年5至8月間發生教師協助公告陸方活動訊息，校方表示從未公告該活動任何訊息、教師也未通報學校，學校因而未登錄平台；教育部曾建議主管機關列入行政考核紀錄，但台北市教育局最終僅發函向所屬學校重申規定，同樣未將該校列管。監委在報告中要求陸委會會同教育部督同各地方政府落實查處。對此，教育部在監院約詢時則表示「本部會究責學校；會強力要求對學校的究責」，並稱將提醒學校，民間團體若要在校內張貼活動訊息，學校應先過濾該團體是否有能力負責、一旦出事是否有能力救援。另，教育部也規劃於下半年開辦「兩岸教育交流事務人才研習班」，內容包含常見違失樣態分析、強化校內事前審核、掌握社群媒體資訊及建立缺失改善追蹤機制。    ,https://news.ltn.com.tw/news/politics/breakingnews/5522175
涉犯國安法與反滲透法 內政部聲請統促黨違憲解散 劉世芳明開記者會,政治,2026/07/29 19:37,華盛頓郵報九月廿九日發表長篇調查報導，披露有幫派背景的中華統一促進黨（統促黨），在台灣為北京宣傳、招募中國間諜，而且擁有大批槍械。（資料照）去年外媒調查報導，直指「白狼」張安樂所領導的中華統一促進黨，與竹聯幫等黑道組織緊密結合，對我國家安全構成威脅。對於統促黨成員有涉犯國安法、反滲透法而有危害國家安全、自由民主憲政秩序情事，內政部去年1月已向憲法法庭聲請該黨違憲解散。內政部今晚發布通知，內政部長劉世芳將於明日召開「聲請中華統一促進黨違憲解散」記者會。內政部去年9月表示，統促黨長期系統性、組織性為中國在台發展組織、介入選舉，相關成員持續涉犯國安法、反滲透法及組織犯罪防制條例等，嚴重危害國家安全及自由民主憲政秩序，故1月2日政黨審議會已決議，由本部向憲法法庭聲請該黨違憲解散。不過，因「憲法訴訟法」刻正釋憲中，且憲法法庭之組成時間亦未確定，將視憲法法庭組成期程及後續發展，依法辦理。請繼續往下閱讀...內政部強調，憲法雖保障人民有組織政黨的自由，但政黨的組織及運作應符合民主原則，並以維護自由民主憲政秩序為要旨。政黨從事政治活動，應確實遵守政黨法及相關法律，不得有接受境外勢力指示、委託或資助，從事發展組織之行為，避免觸犯國安法規定而遭受處罰及解散，以共同維護我國自由民主，健全政黨政治發展。    ,https://news.ltn.com.tw/news/politics/breakingnews/5522169
鄭麗文主持國民黨中評會 網眼尖發現「孫文遺像」偷偷被撤掉了！,政治,2026/07/29 19:32,國民黨27日召開中評會，眼尖網友發現孫文肖像不見了。（資料照）國民黨主席鄭麗文本月27日召開並主持黨內中評會議，除了當天有中評委提案要求黨中央研議「和平統一」引發輿論熱議，有眼尖網友還發現，這次藍營中評會竟然撤掉孫文遺像，網上掀起群嘲。國民黨尊稱孫中山為「總理」、「國父」，其遺像等同於政黨的精神象徵與正統傳承。國民黨過往舉辦全代會、中評會、中常會等正式會議，會場佈置都必須在主席台正中央懸掛中華民國國旗與孫中山遺像。請繼續往下閱讀...不過有眼尖網友發現，鄭麗文27日主持召開的中評會議，主席台後方卻不見國父遺像，翻出去年她上任黨主席首次主持中評會，孫文還好好地被掛在主席台後盯著黨員，但這次卻不見其蹤影，引發熱烈討論。網友紛紛嘲諷，「現在連神主牌都不要了」、「明年可能換成習包子的照片了」、「連孫文都不要了！看來要放維尼熊照片了」、「就說中國國民黨現在已經背叛中華民國了」、「鄭麗文好大的膽子，竟敢撤掉中國國民黨的總理，中華民國國父，孫文遺像！」、「選完如果他們沒有掉太多席次就換成毛主席了」、「連創黨國父都不要了，還會要中華民國及憲法嗎」、「中國國民黨要消滅中華民國囉」、「KMT的支持者看清楚了」。鄭麗文去年11月首次主持中評會，孫文肖像仍好好地掛著。（圖翻攝自Threads）鄭麗文的前一任主席朱立倫，召開中評會也都沿襲過往傳統掛上孫文肖像。（資料照）再上一任主席江啟程召開中評會也都有好好掛著孫文肖像。（資料照）    ,https://news.ltn.com.tw/news/politics/breakingnews/5521920
蔣萬安稱深偽影片有標明沒觸法  張雅琳批：註明AI製作性影像可免責？,政治,2026/07/29 19:29,民進黨立委張雅琳。（資料照）「萊爾校長」製作人韋淳祐涉嫌以AI深偽方式，生成總統賴清德的聲音，並製作成725反毒油前導片「油不得你」，被刑事局調查。不過，台北市長蔣萬安卻稱影片有標明是AI製作，不構成偽造文書罪。民進黨立委張雅琳今（29日）痛批，嚴厲譴責蔣萬安市長，不要為了政治攻擊，淡化深偽技術的傷害性。張雅琳透過臉書表示，AI深偽技術，早已成為兒少性影像、網路霸凌、詐騙的新型工具。她跟民團努力修補法律、政策，結果，台北市長蔣萬安卻把這個議題拿來做政治攻防，甚至主張AI影片只要標示是AI，就不構成犯罪。請繼續往下閱讀...張雅琳質疑蔣萬安，難道有人用AI製作同學的深偽性影像，只要註明「這是AI」，就可以免責嗎？難道利用AI合成影像羞辱、性霸凌同學，只要加一句免責聲明，就沒有問題嗎？張雅琳喊話，蔣萬安市長要刷全國議題、爭取政治聲量，有很多方式，但不要為了政治，模糊AI侵犯人格權、犧牲社會對AI深偽零容忍的底線。「當市長都開始模糊這條界線，兒少受害者要如何相信法律會保護他們？」    ,https://news.ltn.com.tw/news/politics/breakingnews/5522157
傅崐萁質疑經濟部無人機預算狸貓換太子 龔明鑫不忍了回嗆這句,政治,2026/07/29 19:21,立法院今（29）日協商115年度中央政府總預算案公務預算部分，國民黨提案稱「無人載具產業發展統籌型計畫」未核定情況下，經濟部已於115年預算案中編列相關預算，疑似違反「預算法」，國民黨立院黨團總召傅崐萁更當場嘲諷，經濟部長龔明鑫以前就不奉公守法，換位子後更花樣百出，意圖狸貓換太子。龔明鑫不忍回應，「我以前就奉公守法！」朝野研商115年度中央政府總預算案公務預算部分，通案協商階段，國民黨提出第一案「各機關上網公告預決算與會計報告資料，需提供至少六種檔案格式」、第二案「 重大議題應由行政院層級召集相關部會統一政策與執行步驟 」、第三案「 行政院立即改組行政院經貿談判辦公室」，經朝野及行政部門協商迅速達成共識通過。請繼續往下閱讀...不過，由國民黨提出的第四案，質疑行政院核定6年期「無人載具產業發展統籌型計畫」，於公務預算匡列442億元，但相關部會已分別於115年預算案中編列相關預算，而統籌計畫遲至114年10月19日才正式核定，疑似計畫未經核定就先行編列預算，違反「預算法」。龔明鑫說，統籌計畫其中包含延續性計畫，像亞洲無人機創新中心發展計畫從113年開始執行、112年就核定，並在之後一併彙整到統籌計畫，所以預算屬延續性，並非後來核定才開始做。不過，國民黨立院黨團總召傅崐萁依舊質疑，經濟部就是狸貓換太子，部長以前奉公守法換位子後就花樣百出，還是他看錯人，部長以前就不奉公守法？龔明鑫當場忍不住抗議，「我以前就奉公守法！」民進黨立院黨團幹事長莊瑞雄則痛批，從去年國防特別條例，國民黨一再提出新版本，到今年通過時全數刪除發展無人載具預算，國民黨從頭都是反對，怎敢說贊成國家發展國防？傅崐萁氣憤回應，如果綠營再做人生攻擊，國民黨就要退出協商。經過近20分鐘的爭執，最後韓國瑜無奈宣布，第四案保留，先休息十分鐘。由民眾黨提出的第五案，通案刪減各部會的大陸地區旅費、國外旅費及出國教育訓練費、國內旅費、媒宣費等，引起民進黨立委陳培瑜痛批，不知道民眾黨是哪來的靈感，認為媒體政策及業務宣導費能統刪60％，或許是向國民黨某一位不分區立委學習，把這個方法統刪非常多媒宣費。陳培瑜也批評，台北市光是媒宣費就花了1.28億、新北市1.62億、桃園市8700萬，至於花蓮縣則花2.2億，果然是非常了不起的縣市，反觀文化部在立法院積極說明媒宣費的用處，該立委卻執意不聽、要刪，甚至放話威脅各部會首二輪提案見，這就是藍白立委的素質，共同霸凌各部會首長。國民黨立委翁曉玲聽後立馬反駁，去年他們也通刪媒宣費60％，但文化部有因此沒做任何業務宣導？部長不是也很認真在宣傳？甚至回覆可透過在臉書發文、召開記者會，可見媒宣費本來就不是必要費用，更何況民進黨政府部會首長個個能言善道，像陸委會副主委梁文傑也說，他各人就能用他那張嘴對抗中共的文宣，實在令人欽佩，不需要浪費民脂民膏，錢要用在刀口上，建議也把教育部長、中研院長的特別費全數刪除。針對國內旅費中研院、國科會與審計部統刪 15％，其餘部會統刪20％。行政院秘書長張惇涵說，他必須幫所有公務員說一句公道話，國內旅費並非在國內旅遊，是公務員到各地出差的費用，去年立法院折騰這麼久，最後國內旅費只刪了 5.7％，此時又要刪這麼多，是不是現在協商又白忙一場？有必要這樣對待辛苦的公務員？眼見第五案一時半刻也無法達成共識，韓國瑜宣布，由於後面還有1300案待討論，請各黨團持續溝通，等第二輪再處理。立法院國民黨團總召傅崐萁。（記者劉信德攝）    ,https://news.ltn.com.tw/news/politics/breakingnews/5522072
明年食品管理經費不到購物節1/10  陳淑華質疑盧秀燕重視食安只是說說,政治,2026/07/29 19:17,台中市議員陳淑華要求市府增加食安人力。（記者蘇金鳳攝）中聯致癌油風波未息，民進黨市議員陳淑華今天在市議會質疑，市長盧秀燕口說重視食安，但明年度台中市預算已經編列，食品管理的業務預算僅僅3777萬元，不到購物節3.95億元的1/10，凸顯盧秀燕重視食安只是口頭說說。食安處表示，該項經費減少是因中央關鍵食安管理計畫獎勵金減少，以及食安基金計畫補助款尚未核定所致，食安處除運用現有人力與資源，跨局處強化查核、抽驗、流向追查及風險管理，也將提升高風險食品源頭管理與抽驗策略，並爭取中央補助款盡速核定，為市民食安與健康把關。請繼續往下閱讀...陳淑華表示，台中市不斷宣稱如何重視食安，但業務預算3700多萬元少得可憐，食安人員也嚴重不足，她要求增加食安人員、增加食安預算，落實食安查驗工作的深度與廣度。陳淑華也指出，現行食安法在2014年修訂，三級品管制度，地方政府是最重要的把關環節，有責任查廠、抽驗，在此次中聯油事件，盧秀燕把所有源頭管理全推給大廠自主查驗，根本是2026年的盧市長，打臉2014年盧立委的食安法修法。陳淑華抨擊，盧秀燕一直稱讚陳其邁，與其蹭他不如學習主動稽查精神，在高雄市政府針對高雄的台糖油廠。主動稽查18次，台南在過去五年，也針對大統益油廠主動查驗3次，但是台中市政府呢？    ,https://news.ltn.com.tw/news/politics/breakingnews/5522161
中國海警船4艘編隊亂入金門 海巡強勢驅離,政治,2026/07/29 19:01,海巡署金馬澎分署再度偵獲中國海警船闖入金門限制水域，經海巡全力應對後予以驅離。（金門海巡隊提供）海巡署金馬澎分署說，今天下午再度偵獲4艘中國海警船闖入金門限制水域，經我方海巡艇趨前「1對1」併航監控，透過中、英文無線電廣播要求立即轉向，海巡全力應對驅離，中國海警船下午5點左右駛離金門限制水域。金馬澎分署指出，第12巡防區下午2點偵獲中國海警船於金門周邊海域異常活動，當時海警船於金門南方水域外分兩處集結，海巡立即調派巡防艇前推到限制水域對應。請繼續往下閱讀...下午3點左右，中國編號「14606」、「14607」、「14532」、「14533」4艘海警船，以兩兩一組編隊，分別自金門料羅東方及大帽山西南方闖入金門限制水域，海巡署立即以預置巡防艇趨前採「1對1」併航監控，拒止其持續深入我方水域，並透過中、英文無線電廣播，嚴正告知行為已嚴重影響海域秩序，要求立即轉向，在海巡全力應對驅離下，中國海警船於5點多航出金門限制水域。海巡署說，中華民國台灣與中華人民共和國互不隸屬，中國企圖以經常性灰色地帶衝突手段，營造管轄金門海域的錯假訊息，嚴重背離現實，破壞區域和平穩定；海巡已建構高強度的監偵及部署能量，捍衛國家主權，確保海域安全。    ,https://news.ltn.com.tw/news/politics/breakingnews/5522133
民進黨中央級幹部親屬赴中失聯  邱垂正證實接獲通報,政治,2026/07/29 18:59,陸委會主委邱垂正。（記者劉信德攝）國民黨立委謝龍介今日在立法院內政委員會質詢時披露，傳出有一位民進黨中央高級幹部的親屬赴中國後失蹤。陸委會主委邱垂正答詢時證實，昨天下午接獲該案件通報，將積極協助處理；對此，陸委會今晚進一步指出，今年7月初雖已知悉，惟當事人家屬並未向本會陳請協助。立法院內政委員會今日邀陸委會、海基會等單位，就「國人赴中失聯情況及政府因應作為」進行專題報告，並備質詢。請繼續往下閱讀...謝龍介以台語質詢提及，在台南民間紛紛傳言，有一位民進黨高級幹部親屬，去了中國後失蹤。現在網路上流傳多種版本的說法，包括涉及刑事犯罪、統戰後被收押、旅遊後失聯，甚至有傳言稱當事人被關在深圳羅湖監獄。謝龍介詢問警政署長張榮興是否掌握狀況，張榮興回應，「不清楚」，並指如果沒有透過警方報案，就無法掌握相關資訊。邱垂正則說，若謝龍介與當事人熟識，可以讓陸委會同仁前往家庭關懷訪視，以掌握更多資訊進而提供協助。謝龍介隨即反諷說，「你們比我更認識他，你現在說要去家庭訪視，貴黨的高級幹部，你聽不懂喔？」經陸委會幕僚向邱垂正進行說明後，邱隨即表示，陸委會是昨天下午才接獲該案件，將積極協助處理此案。謝龍介則說，陸委會應釐清該案件是否涉及刑事犯罪，或只是失蹤案件。邱回應，若是昨天通報，本週四就會列入案件通報中，重點在於實質幫助家屬。對此，陸委會表示，有關今日質詢本會主委回應謝龍介委員所詢，對於謝龍介委員所指案件，本會於今年7月初雖已知悉，惟當事人家屬並未向本會陳請協助，若家屬有需政府協助之處，本會將積極協助處理。    ,https://news.ltn.com.tw/news/politics/breakingnews/5522139
林內普發現金爭議！雲檢要查是否違「選罷法」 公所阻撓媒體採訪,政治,2026/07/29 18:57,多家媒體下午前往採訪林內鄉普發現金，卻遭疑似公所人員企圖阻撓拍攝。（圖由民眾提供）雲林縣林內鄉公所普發鄉民生活慰助金每人3600元，卻因民眾反映領款時須與鄉長劉姿言合照，且發放現場出現印有劉姿言競選連任字樣的宣傳口罩，引發爭議。今下午多家媒體前往發放現場採訪時，又一度遭疑似公所人員阻擋，場面僵持；雲林地檢署表示，已接獲情資，並指揮雲林縣調查站蒐證，釐清是否涉及違反公職人員選舉罷免法。鄉公所今天持續在林中國小發放生活慰助金，場外聚集多名參選人向民眾拜票、發送文宣，場內則由鄉長劉姿言逐一發放慰助金，並與領款民眾合照留存。上午有民眾反映，場內一度有人發送印有劉姿言競選連任字樣的口罩宣傳品，遭質疑後，發送人員隨即退至場外繼續發放。請繼續往下閱讀...針對外界質疑，劉姿言表示，過去發放重陽敬老禮金時，曾發生家屬代領後，長輩不知情或忘記已領，因此此次要求合照存證，作為發放紀錄，並非出於其他目的。至於競選宣傳品，她強調，並未刻意在發放現場發送，應是候選人於場外拜票時，因同仁腳部受傷、行動不便，暫時將物品放置室內，進出拿取時造成民眾誤解，整個發放過程均有錄影，希望外界不要過度解讀。不過，下午多家媒體再度前往現場採訪時，卻在入口遭工作人員攔阻，一度傳出有人要求「關門」，場面僵持。期間，一名身穿黃色上衣男子自稱公所人員，站在門口高舉雙手阻擋媒體進入，記者出示記者證後，對方仍質疑身分，表示「我怎麼知道是不是你」。多名記者當場表明依法有採訪權，並對阻撓採訪表達不滿，詢問對方身分後，男子自稱蔡沐和。據了解，蔡目前擔任公所機要專員。雙方僵持一段時間後，工作人員才同意媒體入內拍攝；不過拍攝期間，又有一名身穿紅衣女子站在門口，刻意面向鏡頭比出「YA」手勢，疑似干擾拍攝畫面。對於上午發放現場的爭議，劉姿言下午再度強調，要求與民眾合照僅為留存領取紀錄，避免衍生代領爭議，外界所稱口罩，重申未在現場發放競選宣傳品。雲林地檢署表示，針對林內鄉發放生活慰助金期間，現場有人發送印有現任鄉長競選連任字樣的口罩文宣，引發外界質疑恐影響選舉公平，檢方接獲情資後，已指揮雲林縣調查站蒐集相關事證，將儘速釐清是否違反「公職人員選舉罷免法」等不法情事。媒體進場採訪時，1名身穿紅衣女子站在門口，刻意面向鏡頭比出「YA」手勢，疑似干擾拍攝。（民眾提供）    ,https://news.ltn.com.tw/news/politics/breakingnews/5522023
台日友好 屏東縣與愛媛縣跨海視訊簽署MOU締結姐妹縣,政治,2026/07/29 18:56,屏東縣政府與日本愛媛縣簽署促進交流備忘錄，屏東縣長周春米（右）與愛媛縣知事中村時廣（左）透過跨海視訊完成簽署後，隔著螢幕同步擊掌。（記者羅欣貞攝）屏東縣政府與日本愛媛縣今（29）日舉行「促進交流備忘錄」簽署儀式，由屏東縣長周春米與愛媛縣知事中村時廣透過跨海視訊共同完成簽署，雙方雖相隔千里，仍隔著螢幕同步擊掌，展現深厚情誼。愛媛縣高度重視此次締盟，副知事菅規行更率團蒞臨屏東見證。屏東縣長周春米首先向視訊另一端的中村時廣知事，及率團到屏東的愛媛縣副知事菅規行與宇和島市、西予市、松野町、鬼北町以及愛南町等南予地區五個市町首長，表達誠摯歡迎與感謝；同時也對日本熊本縣昨日發生地震造成的人員傷亡與災損，表達誠摯慰問，並祝福災區早日復原。請繼續往下閱讀...周春米表示，屏東縣與愛媛縣同樣依山傍海，擁有豐富農漁產資源及優美自然環境，近年雙方分別致力推動高附加價值農業、智慧農業、科技產業及永續發展，在許多理念上不謀而合，兩地緣分始於墾丁國家公園候鳥生態交流，此次正式締結姐妹縣，不僅是對過去交流成果的肯定，更象徵未來將在農業、觀光、教育、文化等領域開啟更緊密的夥伴關係。透過跨海視訊連線，愛媛縣知事中村時廣也表達簽署交流備忘錄的喜悅，並感謝日本台灣交流協會高雄事務所協助牽線。中村時廣表示，愛媛縣南予地區擁有溫暖氣候、豐富的自然資源，與屏東縣有許多相似之處，相信未來雙方將持續深化教育、文化、觀光及產業等領域，讓兩地情誼更加深厚。愛媛縣副知事菅規行表示，屏東熱情與活力令人深刻印象，期待透過建立合作關係，吸引更多台灣旅客造訪愛媛縣，並從青年交流開始，促進更多年輕世代相互認識，持續擴大台日地方交流成果。傳播暨國際事務處表示，屏縣與愛媛縣長期交流密切，在青年教育領域，愛媛縣宇和島水產高校將與屏東縣東港高中及來義高中校際交流，不僅共同探討水產商品開發，更讓兩地青年拓展國際視野。愛媛縣預計10月「世界在屏東」活動設專屬展區，向台灣民眾介紹觀光資源與城市魅力。傳播處指出，屏縣府預計9月組團回訪愛媛縣拜會知事中村時廣，雙方將針對農漁業、觀光、教育及文化等議題深入交流，推動各項合作計畫，深化雙方夥伴關係。屏東縣長周春米（中）與愛媛縣知事中村時廣透過視訊簽署MOU，愛媛縣副知事菅規行（右）、日本台灣交流協會高雄事務所所長奧正史（左）在場見證。（記者羅欣貞攝）屏東縣政府與日本愛媛縣29日舉行MOU簽署儀式。（記者羅欣貞攝）屏東縣政府與日本愛媛縣簽署促進交流備忘錄，愛媛縣知事中村時廣透過視訊和屏縣府簽署儀式現場連線。（記者羅欣貞攝）屏東縣長周春米（右）、日本愛媛縣副知事菅規行（左）互贈紀念品。（記者羅欣貞攝）    ,https://news.ltn.com.tw/news/politics/breakingnews/5522114
中聯問題油風暴 桃市府要求學校供餐業者須提供SGS檢驗報告,政治,2026/07/29 18:53,中聯油脂問題油事件引發全台恐慌，由於目前正值暑假期間，桃園市議員張碩芳質詢時關心，開學後各校如何因應。（記者謝武雄翻攝）中聯油脂問題油事件引發全台恐慌，由於目前正值暑假期間，桃園市議員黃敬平、張碩芳今於議會質詢時都很關心開學後各校如何因應；教育局長劉仲成表示，教育局已啟動開學前校園食安整備工作，要求各供餐業者須提供新油品進貨證明、SGS檢驗報告及切結文件後始得供餐，各校透過食材登錄平台加強查核食材來源、落實廚房衛生管理。張碩芳表示，問題油回收進度緩慢，讓家長無法得知學校的團膳、營養午餐到底有沒有使用有問題的油品，距離開學只剩一個月，如何讓家長安心也成為教育局首要工作。請繼續往下閱讀...劉仲成說，中央公告後依公布問題油相關資訊，教育局立刻進行清查，查核廠商供應之進貨及批號，確認學校油品使用情形，全面停用問題油品，後續若中央公告問題批號產品，會立即重新比對清查停用，確認校園油品已無疑慮；至於新學期則啟動請學校建立開學前食材檢核機制、廠商提供產品合格聲明書等把關措施，並請各校落實「校園食材登錄平台」食材登錄，並持續注意食藥署最新公告資訊，採取滾動式盤點及相關預防性措施，避免問題油品流入校園。    ,https://news.ltn.com.tw/news/politics/breakingnews/5522115
監院揭赴中交流「黑數漏報」 陸委會：會同教育部精進改善,政治,2026/07/29 18:50,陸委會表示，本會持續會同教育部，透過精進「赴中教育交流活動登錄平台」的功能，完善相關機制。（資料照）中共誘拉台灣年輕人赴中，監察委員發布調查報告直指，教育部雖已建置「赴中教育交流活動登錄平台」，但仍存在黑數漏報嚴重、事後登錄流於形式、教師私人招攬等諸多漏洞，促請陸委會、教育部檢討改善。陸委會昨日回應，本會感謝監察院相關提醒事項，也會在收到調查報告後，會同教育部精進改善。監察委員林文程、田秋堇指出，教育部雖然已建置「赴陸教育交流活動登錄平台」，但仍存在黑數漏報嚴重等諸多漏洞。這不僅讓政府難以掌握行程是否涉及統戰或隨意變更，更直接影響學生人身安全與突發狀況時的救援責任歸屬，因此促請陸委會及教育部深切檢討。請繼續往下閱讀...監委提到，人民團體透過網路或校園廣告招攬學生赴中，極易規避登錄機制。針對人民團體違反兩岸條例的裁罰權責，陸委會、內政部與教育部意見分歧，教育部甚至表示「尚無裁罰非該部主管人民團體的前例」，導致法規落實出現明顯漏洞。陸委會表示，本會持續會同教育部，透過精進「赴中教育交流活動登錄平台」的功能，完善相關機制，輔導各級學校，利用新聞稿、通函、官網專區、社群平台等各種管道，以及記者會、學生營隊活動、政策宣講等場合，提醒赴中風險及兩岸學術教育交流應注意事項，以保障我師生人身安全。陸委會指出，至於人民團體招攬學生赴中參與活動，可能涉及違規違常情形，本會獲悉後均先蒐集進一步資訊，確認有無違反相關規定之虞，並送請權責主管機關處理，或視情會同相關機關跨部會共同研商。陸委會強調，為因應中共對台青少年統戰不斷向下延伸之作法，本會已會同教育部等相關機關，結合國內各大學通識中心及民間學術專業資源，協助學校舉辦專家座談、學生營隊、教師增能、國際學術研討會、專題論壇、參訪與競賽等活動，積極協助學校師生強化中國大陸識讀教育，增進對中共統戰作為之心防，以維護兩岸健康有序的文教交流。    ,https://news.ltn.com.tw/news/politics/breakingnews/5522122
謝國樑支持「倒閣」 童子瑋：搞政治不顧市政,政治,2026/07/29 18:48,民進黨基隆市長參選人童子瑋。（資料照）基隆市長謝國樑今天表態支持「倒閣」，還說高雄市長陳其邁是不錯人選。民進黨基隆市長參選人童子瑋指出，基隆陸續爆發虐童案與工程弊案等重大問題，謝國樑卻利用上班時間召開國民黨選務會議，現在又忙著附和倒閣主張，批謝國樑什麼時候才要專心做好市政，而不是整天忙著搞政治？市府副發言人吳禹辰表示「尊重童議長觀點」童子瑋說，光是7月，基隆陸續發生幼兒園虐童案件，家長群情激憤，痛批市府處理失當；市府公共工程又爆發弊案，與謝國樑關係密切的國民黨籍議員遭到羈押禁見。請繼續往下閱讀...但謝國樑卻利用上班時間召開國民黨選務會議，現在又忙著對中央內閣評頭論足、附和倒閣主張。他質問謝國樑，底什麼時候才要回來處理市政？什麼時候才願意把心思放回基隆，而不是整天忙著搞政治？童子瑋指出，根據最新民調顯示，56%的民眾對政府的施政表現滿意，不滿意者為42%；民眾對立法院的滿意度只有35%，不滿意度卻高達61%。顯見多數民眾不滿的是立法院長期的政黨對立、政治衝突與議事僵局。如果謝國樑真的認為立法院代表多數民意，就更應該正視這份民調。台灣人民與基隆市民的期待其實很簡單：政治人物，尤其是縣市首長，不要再捲入無止境的政治鬥爭，而是回到自己的工作崗位，把城市照顧好。童子瑋表示，倒閣不是基隆市長的工作，照顧長輩與孩子、改善交通、推動建設、守護市民安全，才是一位市長真正的責任，基隆需要的是把市政做好的市長，不是整天忙著搞政治的市長。    ,https://news.ltn.com.tw/news/politics/breakingnews/5521981
觀光署人事異動  湯文琦接任主秘、旅行業組長劉士銘,政治,2026/07/29 18:41,交通部觀光署今天舉行新任高階主管暨國家風景區管理處處長聯合布達暨交接典禮。（觀光署提供）觀光署今天迎來高階主管及國家風景區處長異動！交通部觀光署宣布，新任主任秘書由原旅行業組組長湯文琦接任，旅行業組組長則由原旅遊服務中心主任劉士銘陞任，至於北海岸及觀音山國家風景區管理處處長，是由副處長吳建志陞任。觀光署今天上午舉行高階主管宣誓及國家風景區管理處處長交接暨宣誓典禮，由署長陳玉秀親自主持。本次人事異動涵蓋署內重要幕僚長、單位主管及國家風景區管理處首長，且3位新任主管資歷完整、學經歷俱豐。請繼續往下閱讀...觀光署指出，新任主任秘書湯文琦原任旅行業組組長，督導業務龐雜且多元，處事富有原則，並具良好協調能力；新任旅行業組組長由旅遊服務中心主任劉士銘陞任，行政歷練多元，具豐富的溝通協調經驗；新任北海岸及觀音山國家風景區管理處處長吳建志由該處副處長陞任，歷經多項職務歷練，具備豐富的行政及觀光業務實務經驗。陳玉秀致詞時說，職務陞遷不只是個人階段性的展現，更是慎重的責任交託。面對快速變化的觀光環境，主管除須以身作則，更應重視傾聽與溝通，帶領團隊在合法的範圍內積極尋求創新突破，並以「有商有量」、相互補位與信任的精神，凝聚團隊力量、穩健推動各項業務。期許3位新任主管秉持「溝通合作、創新領航、自我超越」的使命，發揮豐富經驗，帶領團隊克服挑戰，落實觀光署智慧與永續的發展願景。    ,https://news.ltn.com.tw/news/politics/breakingnews/5522025
綠徵召原民6帥搶攻四都議會 賴清德：讓族人聲音被聽見,政治,2026/07/29 18:40,民進黨主席賴清德29日主持「2026民主進步黨直轄市原住民議員徵召台北、新北、桃園、高雄」記者會，宣布徵召林家豪、蘇錦雄、布落．馬信、謝卓儒、巫振興等人參選縣市議員。（記者張嘉明攝）民進黨布局九合一選戰，今（29日）由黨主席賴清德公布6名原住民市議員參選人提名名單，包括台北市山地原住民林家豪、新北市平地原住民蘇錦雄、新北市山地原住民布落馬信、桃園市平地原住民林志強、桃園市山地原住民謝卓儒，以及高雄市平地原住民巫振興。賴強調，舉薦優秀原住民族人才投入公共事務，能讓原住民族聲音真正被聽見，也讓地方建設更貼近族人期待。民進黨今天舉行直轄市原住民議員徵召記者會，賴清德盛讚，6位被提名人都是深耕地方服務族人，且具專業能力的「原民好人才」。林家豪是泰雅族青年代表，曾任行政院青年諮詢委員，具備豐富的政策參與及地方服務經驗，具有專業與熱忱，定能成為族人最堅實的代言人，增加議會多元聲音。請繼續往下閱讀...賴清德續指，蘇錦雄長年關心都會原住民族社群，在議會為原住民族爭取教育、文化、社會福利及族群權益，若能順利連任，將持續為新北市原住民族發聲，爭取更多福祉。布落馬信深耕烏來地方，投入部落服務、文化傳承與公共事務，深受族人信賴，未來進入議會定能為族人發聲；林志強深耕地方，從鎮民代表到市議員，累積豐富的問政與服務經驗，將持續為桃園市原住民族爭取更多福祉。賴清德說，謝卓儒曾任立委伍麗華及桃園市議員林志強特助，積極串聯原鄉與都會族人，深具跨族群、跨世代整合能力，憑藉其豐富的公共服務經驗，一定能成為桃園山地原住民族最值得信賴的代言人。巫振興長年深耕高雄基層，投入公共事務超過20年，也曾擔任議員及立委助理，憑藉扎實的服務口碑與基層經營，一定能成功進入議會，為高雄原住民族爭取更多權益與福祉。針對原民選區被視為「藍大於綠」的版圖，民進黨台東縣長參選人、立委陳瑩受訪表示，關鍵在於勤跑基層與長期陪伴，台東縣民相當有智慧且「選人不選黨」，雖然檯面上國民黨具優勢，但「水很深」，可感受到對方內部的焦慮，團隊對選情仍很有機會。長期投入原權運動的台灣基督長老教會牧師歐蜜・偉浪回顧，自2000年政黨輪替至今，包含「原住民族基本法」、「原住民族教育法」、「原住民族工作權保障法」及「國家語言發展法」等法案均由民進黨推動立法。他認為，原住民長年最糟的就是單一藍色治理，必須有良性競爭，本次徵召6位參選人是台灣進入多元民主化的重要指標。伍麗華則指出，民進黨過去在原民政治版圖被視為沙漠，本次在六都徵召6位原住民議員參選人是劃時代里程碑，期許未來在原鄉能達成「藍綠各半」目標，也盼陳瑩能繼承其父親過去擔任原民縣長的基礎，由女性接棒出頭。民進黨主席賴清德29日主持「2026民主進步黨直轄市原住民議員徵召台北、新北、桃園、高雄」記者會。（記者張嘉明攝）    ,https://news.ltn.com.tw/news/politics/breakingnews/5522081
黃偉哲任內最後施政報告 聚焦台南科技與永續發展,政治,2026/07/29 18:25,台南市長黃偉哲任內最後1次在議會施政總報告，細數招商、治水與建設成果。（台南市府提供）台南市議會第4屆第8次定期會今（29）日開幕，這也是台南市長黃偉哲任內最後一次在議會進行施政總報告。黃偉哲回顧近8年施政成果，包括招商引資、科技產業等面向，打造永續且具競爭力的台南。黃偉哲表示，積極推動產業升級與招商，累計促成2069件投資案，帶動超過6.7萬個就業機會，其中完成140件投資額2億元以上重大投資案，總投資金額達4248億元。他指出，市府持續布局南科、沙崙及柳科科技廊帶，推動南科四期、AI產業專區、智慧機器人產業鏈及台積電擴廠等重大計畫，發展半導體、人工智慧及智慧製造等重點產業，進一步鞏固台南科技重鎮地位。同時，也協助農漁產品拓展海外市場，累計創造逾57億元商機。請繼續往下閱讀...此外，市府投入919億元推動289件道路及橋梁工程，持續完善公共運輸及YouBike路網，並規劃逾1.2萬戶社會住宅；建構完整育兒與長照支持體系，長照服務涵蓋率達95%。面對氣候變遷帶來的挑戰，黃偉哲指出，市府投入415億元推動治水工程，已完成60座滯洪池及67座抽水站建置，持續提升防洪韌性；同時推動空氣品質改善、再生水利用及循環經濟等永續政策，兼顧環境保護與城市發展。定期會由議長邱莉莉主持，黃偉哲率市府各局處首長列席。第4屆第8次定期會會期自7月29日至10月6日，預計審議市府提出47案，包括總預算案、市法規案及墊付款案等。其中，7月30日將安排「致癌油（苯駢芘）食安事件查緝、稽查及後續追蹤機制」專案報告，7月31日則針對台南海岸嚴重流失議題，要求市府提出因應對策及改善方案。    ,https://news.ltn.com.tw/news/politics/breakingnews/5522005
國台辦譴責不讓上海官員來台 陸委會：中共無權置喙,政治,2026/07/29 18:21,陸委會說，中國人士來台交流之准駁係我內政事務，中共無權置喙。（資料照）上海台辦主任金梅等人無法來台參加小貓熊見面會，中國國台辦發言人陳斌華今天批評，民進黨當局竟對上海贈送方派員參加見面儀式無理刁難、無禮拒絕，充分暴露其「台獨」本性和對抗思維。陸委會反批，對於中國人士來台交流之准駁係我內政事務，中共無權置喙。陳斌華在國台辦記者會聲稱，「上海台北城市論壇」做為上海與台北兩市區重要的機制化交流平台，為促進兩市各領域交流合作發揮了積極作用，成果有目共睹。請繼續往下閱讀...陳斌華提到，小熊貓赴台，受到台灣同胞的廣泛歡迎。民進黨當局竟對上海贈送方派員參加見面儀式無理刁難、無禮拒絕，充分暴露其「台獨」本性和對抗思維，「我們對此予以譴責」。陳斌華更說，民進黨當局動輒阻撓限制兩岸正常交流合作、破壞兩岸關係的做法，完全違背島內主流民意，必遭台灣民眾反對與唾棄。對此，陸委會批評，中共一方面不斷對台施壓，在台灣周遭海域宣示有主權與管轄權，透過執法巡航對台步步進逼；另一方面又透過軟性的動物保育交流，使民眾對於中共威脅感到鬆懈，相關考量本會已向北市府溝通說明。對於中國人士來台交流之准駁係我內政事務，中共無權置喙。    ,https://news.ltn.com.tw/news/politics/breakingnews/5522077
國台辦捧「給阿嬤的情書」在台上映  陸委會：逢片談政治令人厭煩,政治,2026/07/29 18:21,電影《給阿嬤的情書》，將於桃園電影節「超級場」舉行台灣首映。（桃園電影節提供）被新加坡媒體《聯合早報》評為統戰片的中國電影「給阿嬤的情書」，今年8月將於「2026桃園電影節」舉行台灣首映。中國國台辦今聲稱，希望台灣觀眾能從中體認到兩岸同胞有著共同的文化、相同的情感；對此，陸委會痛批，中共無須逢片就談政治，令人厭煩。中國潮汕方言電影「給阿嬤的情書」講述中國南方潮汕地區的阿嬤，守候海外未歸的丈夫，孫子遠赴泰國尋找阿公、揭開海外華僑寄回的家書兼匯款「僑批」故事。請繼續往下閱讀...中國外交部日前已邀請70多國駐中使節與外交官觀賞「給阿嬤的情書」，並宣稱希望各國透過電影「讀懂中國」。陳斌華今天則在國台辦記者會稱，「華僑下南洋」和「唐山過台灣」，都是閩粵沿海居民遠離故鄉、不畏艱險、跨海謀生創業的歷史，是兩岸同胞的共同記憶。希望台灣觀眾能從「給阿嬤的情書」中看到自己阿公阿嬤、阿祖祖嬤的身影，理解他們對唐山故土的眷戀、對親友、故人的牽掛，體認到兩岸同胞有著共同的文化、相同的情感。對此，陸委會表示，兩岸最根本的差異是民主與專制制度間的互不相容，不是文化或血緣的問題。中共無須逢片就談政治，令人厭煩。    ,https://news.ltn.com.tw/news/politics/breakingnews/5522089
翁曉玲發文嗆媒宣費全刪！梁文傑親自轉發回「這句」嗆爆,政治,2026/07/29 18:13,翁曉玲（左）、梁文傑（右）。（本報合成）國民黨立委翁曉玲近日發文嗆聲，她要全數刪除陸委會所提的1295萬元媒宣費，並狠酸「梁文傑一張嘴即可勝過千萬委外媒宣」。對此，陸委會副主委梁文傑親自在Threads上，轉發翁曉玲該篇貼文表示：「要幫老共刪我們的預算隨便你。」他也拜託網友：「希望大家都成為我的嘴。」梁文傑日前感嘆，中國共產黨對台灣的預算多到算不出來，陸委會預算非常少，「就算只剩我一張嘴，我們還是要一直戰鬥下去，也希望大家和我們一起戰鬥」。對此，翁曉玲27日在社群發文狠酸梁文傑，表示她十分讚賞梁文傑這番豪氣干雲的談話，她樂觀其成，全數刪除陸委會媒宣費約1295萬元的提案。請繼續往下閱讀...她還酸溜溜地表示：「曉玲在此亦期許賴政府各部會首長們都應向梁文傑副主委學習，趕緊練就一番好口才，不僅把業務做好，還要宣導講好，才能為國家每年省下數十億的媒宣費，相信台灣民眾會感謝你們的。」梁文傑昨晚在Threads上，直接轉發翁曉玲該篇貼文表示，翁曉玲想刪除陸委會的媒體宣傳費預算，其實早人盡皆知。對於她的理由是，陸委會只要梁文傑開記者會，用一張嘴就很厲害了，其他什麼宣傳都不用做。梁文傑說：「我的回應還是一樣，要幫老共刪我們的預算隨便你，我還有一張嘴，希望大家都成為我的嘴。」翁曉玲Threads發文下方，則遭上千則留言灌爆，網友紛紛狠嗆：「可以刪掉你們這群米蟲立委的薪水嗎」、「什麼時候要刪你自己的薪水？不是很愛刪？」、「妳才厲害，覺得自己一張嘴代表2300萬人」、「愛台灣這片土地 好像要妳命一樣」、「米蟲立委」、「你這種素質，根本沒資格當立委」。     在 Threads 查看    ,https://news.ltn.com.tw/news/politics/breakingnews/5521776
轟徐國勇發言如「鸚鵡學舌」 周榆修：名嘴思維令人嘆為觀止,政治,2026/07/29 18:10,民眾黨祕書長周榆修。（資料照）中聯致癌油爭議延燒，台北市長蔣萬安拋出倒閣議題，更點名高雄市長陳其邁適合接閣揆；民進黨祕書長徐國勇痛批「逾越職權、不務正業」，建議他應和國民黨主席鄭麗文、國民黨團商量，更放話「要倒閣就放馬過來」。對此，民眾黨秘書長周榆修暗諷徐國勇，作為執政黨秘書長，發言格局卻如「鸚鵡學舌」，名嘴思維令人嘆為觀止。民眾黨秘書長周榆修今（29）說，民進黨執政失能，永遠不是檢討自己，而是傾全黨之力甩鍋給在野黨，面對毒油危機處理失能，怪在野黨煽動、人民憤怒上街抗議，怪在野黨製造對立、如今警方登門「關切」批評政府的影音創作者、引發社會對警察國家的憂慮，徐國勇一樣牽拖在野黨，急著護航替失政卸責，更無限延伸牽拖台灣民眾黨、牽拖柯文哲！請繼續往下閱讀...他還反問，若沒有柯文哲、黃國昌，沒有台灣民眾黨，民進黨「是不是就不會執政了？」周榆修指出，徐國勇當過內政部長，也曾是執業律師，卻始終不敢回答警方登門究竟有無必要性與符合比例原則，只會一句「犯罪就依法偵辦」反覆跳針，刻意把依法辦案與公權力濫用混為一談。人民真正質疑的是，為什麼批評政府的人，警方總是特別積極；面對深偽影片、惡意抹黑、側翼造謠，賴清德政府卻總是特別安靜？這不是依法行政，而是選擇性執法；不是維護法治，而是在消耗人民對法治的信任。周榆修說，徐國勇與其忙著嚼舌根譏諷別人懂不懂法律，不如發揮自身法律專長，先回答人民最關心的問題：警方是憑著哪條法律登門查訪批評政府的影音創作者？有符合所謂的偽造私文書罪嗎？賴清德政府一次又一次指揮檢調辦案、追殺政敵企圖製造寒蟬效應，真正傷害的不是在野黨，而是人民。    ,https://news.ltn.com.tw/news/politics/breakingnews/5522028
熊本7.1強震！賴瑞隆號召「高雄隊」挺姊妹市  6綠委捐薪救災,政治,2026/07/29 18:01,日本熊本發生規模7.1強震，造成人員傷亡及多處災情。民進黨高雄市長參選人、立委賴瑞隆與同黨的高雄立委李柏毅、邱志偉、邱議瑩、許智傑及李昆澤宣布各自捐出一個月薪資，以實際行動表達高雄對熊本的關懷與支持。（賴瑞隆辦公室提供）日本熊本發生規模7.1強震，造成人員傷亡及多處災情。民進黨高雄市長參選人、立委賴瑞隆今（29）日率先宣布捐出1個月薪資，投入震災救援及後續重建；同黨的高雄立委李柏毅、邱志偉、邱議瑩、許智傑及李昆澤也共同響應，各自捐出1個月薪資，以實際行動表達高雄對熊本的關懷與支持。正在訪日的邱志偉指出，他今天上午在日本眾議院議員、自民黨選舉對策委員長西村康稔出席賑災會議前與其會面，並於會中表達對熊本震災的深切關懷，代表台灣國會向日本致上誠摯慰問。請繼續往下閱讀...邱志偉表示，這次賴瑞隆委員第一時間號召社會各界伸出援手，他也決定立即響應，以實際捐款支持受災民眾，並向投入救援工作的第一線人員表達敬意。希望日幣100萬元捐款能為災區提供實質協助，也期待帶動更多民間力量共同響應。他並向罹難者家屬致上慰問，祝福傷者早日康復，熊本能夠儘速完成救援並重建家園。人也在日本的許智傑提及，日本熊本發生震災後，賴瑞隆第一時間發起捐出1個月薪資行動，希望凝聚更多力量協助災區重建，高雄是熊本的姊妹市，而他身為高雄隊的一員，當然響應並加入這項行動來幫助朋友。他強調，面對重大災害，關心不應只是言語上的慰問，更應化為實際行動，讓災區民眾感受到來自台灣、來自高雄最真誠的支持與陪伴。李柏毅也說，他今年初也往返2000多公里前往熊本，出席太普高集團與泰嘉建設投資案動土儀式，親眼看見台灣企業落腳熊本，感受到兩地情誼與產業連結持續深化。沒想到發生強震災情，令人相當不捨，因此決定響應捐薪，希望為救援及重建工作盡一份心力。    ,https://news.ltn.com.tw/news/politics/breakingnews/5522038
日媒關注台灣馳援 日政府：將依需求再作判斷,政治,2026/07/29 17:57,日本官房長官木原稔表示，包括台灣在內，已有多個國家和地區向日本表達慰問並提出援助意願，目前日本政府正全力投入救災，至於是否接受各國援助，將視後續情況再作判斷。（法新社）熊本縣發生規模7.1強震後，台灣已完成搜救隊整備，內政部長劉世芳今天表示，只要接獲日本政府正式請求，搜救隊可在4小時內出發前往熊本支援。日本官房長官木原稔表示，包括台灣在內，已有多個國家和地區向日本表達慰問並提出援助意願，目前日本政府正全力投入救災，至於是否接受各國援助，將視後續情況再作判斷。對於台灣總是在第一時間表態馳援，今天也受到日本各媒體的重視，日本放送協會（NHK），以「熊本地震 台灣：若接獲請求，可於4小時內派遣救援隊」為題報導台灣對地震的關注。報導中指出，熊本強震發生後，台灣總統賴清德28日以日文及中文在社群平台發文表示，代表台灣人民向日本表達誠摯慰問。賴總統表示，台灣與日本是共同度過艱難時刻的真正朋友，台灣正密切關注災區情況，若有任何需要，已做好隨時提供必要協助的準備，並衷心祈願所有災區民眾平安。請繼續往下閱讀...報導中特別強調，台灣內政部長劉世芳今天宣布，主管消防工作的內政部已完成派遣搜救隊的各項準備，若日本提出請求，救援隊可在4小時內啟程前往熊本協助救災。木原稔下午在記者會表示，包括台灣在內，世界各地已向日本政府傳達溫暖慰問，也有多個國家及地區表示，若有需要願意提供支援。目前日本政府正傾全力進行人命搜救及災區救援，至於是否接受各國及地區提出的援助，將根據災情發展及救災需求作出判斷。報導指出，除台灣外，聯合國也表示已做好必要時提供支援的準備。多國領袖也陸續表達慰問。義大利總理梅洛尼在社群平台向高市早苗首相及日本人民表達團結支持，並慰問所有受災民眾及救援人員；巴西總統魯拉則表示，對熊本地震深感悲痛，代表巴西人民向日本人民、受災家庭及高市首相表達誠摯慰問與聲援。    ,https://news.ltn.com.tw/news/politics/breakingnews/5521996
蔣萬安提倒閣遭批不務正業 北市府轟徐國勇：怎不對毒油蓋牌發聲？,政治,2026/07/29 17:55,台北市政府副發言人魏汶萱。（北市府提供）台北市長蔣萬安就「中聯油案」提議倒閣，並點名高雄市長陳其邁是合適的閣揆人選。對此，民進黨祕書長徐國勇今（29日）批評蔣萬安逾越職權、不務正業，倒閣第一個倒下來的就是立法院長韓國瑜，「要倒閣就放馬過來」！台北市政府副發言人魏汶萱反擊，質疑卓榮泰內閣對毒油案蓋牌傲慢，徐國勇不敢向中央叫陣，反而對發言監督的縣市長進行政治攻擊，呼籲執政黨應盡速向全國人民說清楚毒油案真相。魏汶萱表示，毒油案發生至今一個月還沒真相，卓榮泰內閣對毒油案蓋牌、包庇與傲慢，徐國勇怎麼不敢說一句「放馬過來」？難道因為自己誤食台毒，就認為全台人民吃毒油也可以當作沒事？請繼續往下閱讀...魏汶萱指出，任何台灣人都有言論自由、都能討論「倒閣」與任何中央政策；按照徐的標準，高雄市長陳其邁砲打中央20%毒油下架標準，難道也被民進黨視為「不務正業」？至於徐指的每個案件，蔣萬安親自出面回應、釐清事實，徐怎麼不敢用同樣標準，要求至今不開會、不道歉的賴清德總統？魏汶萱也說，警察無預警上門，在沒有告知涉犯法條、沒有敘明原因的情況下，就威脅民眾把影片下架，難道這符合刑事訴訟法的程序嗎？請問徐秘書長讀的是哪一國的刑事訴訟法？徐秘書長與其繼續噴政治口水、做不必要的人身攻擊，不如要求執政黨盡速向全國人民說清楚毒油案的真相，別再蓋牌。    ,https://news.ltn.com.tw/news/politics/breakingnews/5522026
中國片「給阿嬤的情書」桃影首映 學者：莫讓文化交流成統戰管道,政治,2026/07/29 17:55,被新加坡媒體《聯合早報》評為統戰片的中國電影「給阿嬤的情書」，今年8月將於「2026桃園電影節」舉行台灣首映。（擷取自桃園電影節官網）被新加坡媒體《聯合早報》評為統戰片的中國電影「給阿嬤的情書」，今年8月將於桃園市政府文化局主辦的「2026桃園電影節」舉行台灣首映。中國國台辦今日宣稱，希望台灣觀眾能從「給阿嬤的情書」，體認到兩岸同胞有著共同的文化、相同的情感。學者批評，中國推廣「給阿嬤的情書」，是要透過血緣、文化與歷史記憶，將海外華人納入「中華民族共同體」的敘事。中國潮汕方言電影「給阿嬤的情書」講述中國南方潮汕地區的阿嬤守候海外未歸的丈夫，孫子遠赴泰國尋找阿公、揭開海外華僑寄回的家書兼匯款「僑批」故事。請繼續往下閱讀...陳斌華在國台辦記者會聲稱，「給阿嬤的情書」以僑批為載體，用克制內斂的鏡頭語言，講述了跨越山海、跨越歲月的親情守望故事。影片憑藉著細膩的情感刻劃與真摯的故事內核，上映以來迅速「破圈」，引發海內外中華兒女的廣泛共鳴。陳斌華指出，華僑下南洋和「唐山過台灣」，都是閩粵沿海居民遠離故鄉、不畏艱險、跨海謀生創業的歷史，是兩岸同胞的共同記憶。希望台灣觀眾能從「給阿嬤的情書」中看到自己阿公阿嬤、阿祖祖嬤的身影，理解他們對唐山故土的眷戀、對親友、故人的牽掛，體認到兩岸同胞有著共同的文化、相同的情感。我們積極支持兩岸影視文化領域交流合作，希望更多中國優秀電影能在島上上映。對此，東海大學陸研中心副執行長洪浦釗今日受訪表示，中國推廣「給阿嬤的情書」，是要透過血緣、文化與歷史記憶，將海外華人納入「中華民族共同體」的敘事。電影中的家族離散、祖籍與鄉愁，也被中國官方用來連結海外華人與中國。洪浦釗指出，對南洋華僑，中國把家書、鄉愁、祖籍與親情納入僑務宣傳，藉此召喚海外華人的祖籍記憶。外交部負責對外宣傳，宣傳部門配合僑務動員，各部門用不同身分講述同一套民族故事。洪浦釗分析，國台辦則把這套說法用在台灣。它刻意使用阿公、阿嬤、阿祖等台灣民眾熟悉的稱呼，將家族記憶連結到兩岸同根同源，再服務兩岸同屬一個中國的政治主張。親情與鄉愁降低了政治說教的戒心，也讓統戰內容更容易進入日常生活。洪浦釗提及，電影在台灣上映，應接受公共討論。中國外交部、宣傳部門與國台辦先後替這部電影加入外交、僑務與兩岸論述，官方用途已經十分清楚。中國借用親情、鄉愁與祖籍記憶，把民族認同帶進文化消費，再將文化上的親近轉化為政治上的認同。他強調，兩岸文化交流應建立在平等與尊重的基礎上。中國將民族敘事融入文化交流，目的在於影響認同。台灣社會更應提高警覺，避免文化交流成為統戰工作的管道。    ,https://news.ltn.com.tw/news/politics/breakingnews/5521980
蔣萬安算口才差的！陳揮文無情揭凱道「一句話喊2次」原因,政治,2026/07/29 17:42,台北市長蔣萬安上凱道反毒油，在台上慷慨激昂怒吼。（資料照，記者王藝菘攝）致癌油風波持續延燒，台北市長蔣萬安號召725凱道遊行，活動當日更在台上慷慨激昂地怒吼。對此，媒體人陳揮文卻不留情面地表示，蔣萬安算是口才比較差的政治人物。他還指出，蔣萬安當天一句話問了兩次，是因為「他在想他下一句要講什麼」。號召民眾上凱道反毒油的蔣萬安，25日晚間7點左右現身會場，他發言時痛批「這個政府難道不用道歉？不用下台？」並數度激動到數次破音，致詞時他還怒吼：「這個政府要負責，要下台，對不對？」並連續喊了兩次。請繼續往下閱讀...對此，陳揮文今日在個人YouTube頻道直播時表示，蔣萬安算是口才比較差的政治人物。他指出，蔣萬安在活動中「為什麼要訂安全標準」、「這個政府要負責，要下台」，這兩句話都重複講了兩遍。陳揮文表示，之所以重複講，是因為蔣萬安在想下一句話要說什麼，「你去看黃國昌講話，也經常這樣，自己跳針自己CUE自己，他就在想說我下一句要講什麼。」    ,https://news.ltn.com.tw/news/politics/breakingnews/5522010
民眾黨中評委「騙砲」女小草？黃國昌：支持他法庭捍衛權利,政治,2026/07/29 17:40,民眾黨中評委簡幸甫（圖左）過去在臉書分享與柯文哲的合照，目前其臉書已關閉個人檔案。（取自簡幸甫臉書）民眾黨中央再爆私德爭議！繼月前遭爆上酒店「外框」意圖賴帳、最終無緣參選桃園市議員的黨中央委員林昭印，有媒體再爆有黨中評委身分的簡幸甫利用職務追求黨員、並「騙砲」發生性關係，遭簡提告揚言追究到底。對此，黃國昌今表示「黨內沒收到檢舉」，並稱自己黨員若被外界抹黑，支持他在法庭上捍衛自身清白。《鏡週刊》昨（28日）報導引述自稱民眾黨人士爆料寫道，在黨內十分活躍的簡幸甫，去年暑假在某場活動隊一名外型亮眼的女小草展開追求「攻勢」，女方被打動後答應約會，今年初簡幸甫將女方載到摩鐵發生性關係，豈料事後態度冷淡，女方雖失落但安慰自己「男友」工作忙，不敢主動要求見面約會，直到最近黨內有人看不下去提醒她，女方才知被騙砲。請繼續往下閱讀...民眾黨今（29）召開「台灣民眾黨7週年黨慶」記者會，前主席柯文哲、現任主席黃國昌共同出席說明週末黨慶活動細節，並於會後接受媒體時事聯訪。媒體提問，《鏡週刊》昨爆料簡幸甫有感情糾紛，詢問黨中央是否有接獲內部檢舉？另外，因簡目前有中評委身分，若後續調查確定，黨中央是否會要求他做釐清？「就我所知，沒有收到任何的檢舉」，黃國昌回應。他說，當事人昨天已經發了聲明，關於媒體寫的風花雪月，請他們自己在司法程序上面說清楚、講明白；就中央黨部立場而言，當自己黨員因為這樣被胡亂抹黑，他在司法上面捍衛自身權利，我們就當然是支持。遭爆騙砲正妹小草 「柯文哲的帶刀侍衛」嗆告了！    ,https://news.ltn.com.tw/news/politics/breakingnews/5521993
高壓威嚇涉職場霸凌遭監院彈劾  楊珍妮回應了,政治,2026/07/29 17:40,行政院前政委兼經貿辦總談判代表楊珍妮涉職場霸凌，監察院今天通過彈劾案。（資料照）行政院前政委兼經貿辦總談判代表楊珍妮涉職場霸凌，監察院今（29）日通過彈劾案，對此，楊珍妮發出聲明表示，本案已移送懲戒法院審理，本人將會全力配合司法調查，提出客觀完整之證據與陳述，期盼司法能秉公釐清事實全貌，還原真相。前經貿辦副總談判顏慧欣生前遭遇職場排擠，行政院6月26日公布外部委員調查結果指出，楊珍妮構成職場霸凌行為；楊珍妮2度聲明否認霸凌，監察院4月啟動調查。請繼續往下閱讀...監察院今公布彈劾案文指出，楊珍妮弱化時任副總談判代表顏慧欣角色，有意排除顏慧欣等團隊成員進入台美關稅談判現場，且楊珍妮也對部分人員高壓威嚇，涉職場霸凌，因此通過彈劾，移送懲戒法院審理。對此，楊珍妮強調，本人投身國家涉外經貿及談判數十年，始終以全力爭取國家最大利益為己任，並由衷感謝同仁長期肩負繁重的涉外談判重任，齊心協力、不分晝夜為國家利益所付出的辛勞與努力。然而，若在講求極高效率與成果的高壓環境裡，因嚴格管理而導致同仁感受到不適，絕非本意，本人深感遺憾。楊珍妮指出，本案已移送懲戒法院審理，本人將會全力配合司法調查，提出客觀完整之證據與陳述，期盼司法能秉公釐清事實全貌，還原真相。行政院發言人李慧芝則表示，尊重監察院依法行使職權，也尊重後續依法進行的審理程序，對於本案涉及的相關憲政程序及最終結果，行政院均予以尊重。李慧芝說，行政院持續強化職場友善環境，建立更具支持性與心理安全感的工作場域。此外在經貿談判過程中，也確實檢視到經貿辦在組織編制、跨部會協調及人力配置等方面，仍有持續精進的空間。李慧芝強調，行政院長卓榮泰已於去年核定增設6名常設文官，強化談判與政策協調量能，後續也將持續檢視整體組織運作及人力配置，參考各界建議，持續精進制度設計，提升政府推動國際經貿談判及跨部會協調的整體效能。    ,https://news.ltn.com.tw/news/politics/breakingnews/5522022
對陳情結果不滿砸議員服務處玻璃 邱昭勝：盼民眾理解法令限制,政治,2026/07/29 17:31,南市三分局警方將涉砸毀市議員邱昭勝服務處玻璃門的涉案人帶回查辦。（記者王俊忠翻攝）台南市議員邱昭勝安南區服務處大門玻璃28日晚間遭人毀損，對此，他今（29）日表示，非常無奈，並說明是民眾投訴檢舉有宮廟活動造成噪音與污染問題，市府相關單位也介入處理，他接獲陳情了解，也想辦法要解決，卻礙於法令規範無法圓滿該案，導致有民眾酒後情緒失控，做出不理性行為，他選擇原諒不追究，也希望大家能體諒，民代並不是萬事通，在法令之前，還是要遵守規範。市議員邱昭勝安南區長和路的服務處，28日晚間遭人酒後持球棒毀損，警方獲報後，立即派員趕赴現場處理，發現現場大門玻璃遭砸毀，涉案人員已離去。第3分局隨即成立專案小組積極追查，迅速鎖定涉案車輛及相關人員，2小時內將4名涉案人全數查緝到案，全案依法偵辦。請繼續往下閱讀...邱昭勝強調，他對選民服務一直都是盡心盡力，希望事事都能圓滿解決。但是若服務案件涉及法規問題，即使是民代，也要遵守法令規章，他希望大家能體諒。據了解，涉案男子疑因日前家人與鄰居發生糾紛，尋求民代協助，處理結果未符合該民眾期待，故案發當日酒後情緒失控，涉嫌持球棒毀損玻璃門，其餘人員涉案情節已由警方調查釐清。全案將依涉嫌刑法聚眾強暴脅迫罪及毀損罪等罪嫌，移請臺灣臺南地方檢察署偵辦。☆飲酒過量  有害健康  禁止酒駕☆    ,https://news.ltn.com.tw/news/politics/breakingnews/5521922
歡迎友邦史瓦帝尼國防軍司令訪台 陳明祺：持續推動交流合作,政治,2026/07/29 17:29,外交部次長陳明祺（右）與史瓦帝尼王國國防軍司令法古德上將（左）會談。（外交部提供）外交部次長陳明祺昨（28）日接待史瓦帝尼王國國防軍司令法古德上將（Mashikilisana Moses Fakudze）與公共服務部長馬瑟寇（Mabulala Maseko）一行。陳明祺表示，台史深厚情誼將轉化為推動兩國合作動力，未來台灣將在既有堅實的邦誼基礎上，持續推動多元領域的交流與合作。陳明祺表示，歡迎法古德與馬瑟寇再次訪台，並感謝史王與史國政府大力促成總統賴清德今年前往史國進行國是訪問。我國高度重視台史雙邊合作並將持續協助史國進行各項發展，例如「台灣產業創新園區」（TIIP）便是重要計畫之一。陳明祺也促請史國政府增派駐台武官，以利深化兩國軍事交流。請繼續往下閱讀...法古德與馬瑟寇則對總統賴清德日前成功訪問史國表達誠摯祝賀，並感謝我國此行的熱情接待。兩人均表示史瓦帝尼擬研議遴派曾在台受訓的優秀人選擔任駐台武官，並將儘速推動辦理。外交部表示，台史建交58年以來，兩國關係密切友好，並奠定堅實的合作基礎，外交部將持續秉持總合外交政策理念，積極推動榮邦計畫各項工作，深化與史國在各領域的合作，增進兩國情誼與人民福祉，共同促進永續發展及區域穩定繁榮。外交部次長陳明祺歡迎史瓦帝尼王國國防軍司令法古德上將（右二）與公共服務部長馬瑟寇（左一）訪團。（外交部提供）    ,https://news.ltn.com.tw/news/politics/breakingnews/5521960
上海台辦訪台遭拒 林杏兒酸民進黨得了「被害妄想症」,政治,2026/07/29 17:23,北市議員林杏兒。（資料照）台北動物園與上海動物園進行物種交流，今（29）日舉行小貓熊亮相記者會，但台北市副市長林奕華透露，上海市台辦主任等官員原訂今出席，但被陸委會拒絕。國民黨籍市議員林杏兒批評，民進黨連小貓熊都扯「統戰」，是有多自卑、恐慌？林杏兒表示，小貓熊亮相本該是一件讓全台北市民、特別是小朋友們感到無比歡喜的城市交流盛事，結果民進黨又再次用令人傻眼的政治意識形態，把歡樂的氣氛破壞殆盡，她要問民進黨政府，兩隻動物園裡萌翻天的小貓熊，到底是要怎麼「統戰」台灣人？難道台北市民帶小朋友去動物園看個小貓熊，心防就會被「統戰」了嗎？請繼續往下閱讀...她批，民進黨逢中必反，得了被害妄想症，將政治黑手伸進動物園，民進黨執政至今，面對城市間正常的保育、文化與基層交流，永遠只會用同一套「抹紅、蓋牌、恐嚇」的政治冷戰思維來處理。雙城論壇行之有年，透過城市與城市之間的實質互動，為台北市爭取動物保育成果、推動綠色生態與文化合作，這本來就是「務實市政」的一環，但民進黨從上到下，只要聽到「上海」、看到「中國」，就立刻神經緊繃、草木皆兵，簡直是得了重度的「被害妄想症」。林杏兒說，把保育交流當成政治攻防，把可愛小貓熊當成敵情威脅，這種「萬事皆政治、無處不統戰」的泛政治化操作，不僅極度缺乏自信，更是對台灣民主與市民智慧的最大侮辱！請民進黨收起傲慢又自卑的政治算計，不要連小朋友想看小貓熊的純真喜悅，都要強行插上政黨私利的政治鐵絲網，台北市不需要無謂的口水與意識形態對立。    ,https://news.ltn.com.tw/news/politics/breakingnews/5521954
翁曉玲提案砍卓揆薪水 張惇涵轟：今天刪院長 明天刪基層,政治,2026/07/29 17:13,行政院秘書長張惇涵。（資料照，記者叢昌瑾攝）立法院今午繼續研商「中華民國115年度中央政府總預算案」（公務預算部分），當討論到國民黨立委翁曉玲凍結行政院長卓榮泰今年9到12月薪水的提案時，行政院秘書長張惇涵直言，這是一個政治動作，並不是理性在處理預算。翁曉玲委員可以針對卓榮泰院長，卻也提案刪減約用人員酬金，「妳今天刪院長，明天刪基層，這個我沒有辦法接受」。張惇涵表示，人事費用都是法定支出不得刪凍，如果翁曉玲委員想要針對卓榮泰院長，這是一個政治動作，並不是理性在處理預算。請繼續往下閱讀...張惇涵說，翁曉玲可以針對卓榮泰，卻也提案要刪減約用人員酬金，這是他們的薪水，翁去年也是這樣刪，逼迫行政院要先解雇、再增聘，用人事費去付約用人員的薪水，「他們的月薪3、4萬元，妳也要刪，妳今天刪院長，明天刪基層，這個我沒有辦法接受」。翁曉玲反駁，為什麼要凍結行政院長9到12月薪水，薪資也是法定預算，此時國民黨團總召傅崐萁突然爆粗口「他X的」；民進黨團副幹事長陳培瑜當場表達抗議，國民黨團首席副書記長許宇甄也加入戰局，稱要尊重發言中的翁曉玲，雙方爭論得不可開交。陳培瑜數度要求立法院長韓國瑜主持公道，韓國瑜起身宣布時間暫停時，傅崐萁氣得拍桌大罵「超速仔」；陳培瑜再次喊話韓國瑜主持公道；但韓國瑜隨即宣布，朝野協商到此為止，擇期再審。    ,https://news.ltn.com.tw/news/politics/breakingnews/5521965
憲法逾20年未修！ 賴士葆主張恢復閣揆同意權 白委與學者喊廢監院,政治,2026/07/29 17:12,立法院修憲委員會29日召開公聽會，並由民眾黨立委王安祥（上右二）擔任主席，邀請多位學者專家出席參與討論。（記者劉信德攝）立法院修憲委員會今日舉行公聽會，召集人王安祥指出，我國憲政體制逾20年未調整，盼探討五權或改採三四權之利弊。國民黨立委賴士葆主張「恢復閣揆同意權」是修憲重中之重，以制衡超級大總統；民眾黨立委劉書彬與中研院研究員林建志則皆主張廢除監察院，將監察權與審計權回歸國會及三權體制，建構權責相符的憲政結構。立法院修憲委員會今召開公聽會，由民眾黨立委王安祥擔任召集人。王安祥說明，憲法是國家根本大法，面對社會快速變遷，如何兼顧憲政穩定並回應國家發展及民主深化，是當前重要課題。自2005年第七次修憲後，我國憲政體制已逾20年未調整，五權分立也面臨實務困境，盼藉公聽會蒐集各界意見，探討五權、四權及三權分立制度的利弊，作為未來修憲參考。請繼續往下閱讀...國民黨立委賴士葆指出，自1997年修憲刪除行政院長同意權後，現行憲政體制表面上是雙首長制，實際卻偏向總統制，因此他每次談修憲都主張恢復閣揆同意權。現行制度下總統權力過大、監督不足，形同「選一個總統就變成皇帝」，行政院長還可對立法院三讀通過的法案選擇性執行，因此恢復閣揆同意權是修憲重中之重，可讓行政院長具民意基礎，也讓立法院能制衡、監督「有權無責」的超級大總統。民眾黨立委劉書彬指出，權力分立的核心在於相互制衡，當年五權憲法設計是希望凸顯監察權的獨立性，但縱觀成熟民主國家，幾乎沒有獨立於立法、司法之外，卻缺乏實質執行力的監察機關。監察院如今已陷入結構性失能，不僅秘書長拒絕赴立法院備詢，還混淆機關首長與行政幕僚的界線，以五院平行為由規避國會監督，自行解釋憲法、迴避責任，已破壞憲政運作。劉書彬表示，廢除監察院不是放棄監督，而是讓監督回歸正軌。她主張將監察權回歸三權體制，由立法院行使完整的國會調查權、聽證權與審計權，彈劾及懲戒權回歸司法權，財產申報、利益衝突迴避等業務則交由獨立機關承接，國家人權委員會也應依法轉型為獨立機關。現行監院已無法有效監督他人，也無法接受監督，民眾黨因此主張廢除監察院，建立權責相符、高效透明的民主憲政體制。中央研究院法律學研究所研究員林建志表示，考試院可廢除，相關職權改由行政院承接，若擔心中立性，可透過人事任命及國會同意權等制度設計加以保障。至於監察院，他認為審計權可移至立法院，糾正、糾舉、彈劾等權力則可考慮直接廢除；若保留部分職權並移交立法院，則須透過跨黨派及人事制度設計，確保調查權的行使不受政黨影響。人權委員會仍有存在必要，建議改設為獨立機關，無須維持院級組織。    ,https://news.ltn.com.tw/news/politics/breakingnews/5521917
蔣萬安跨界喊倒閣！陳揮文開砲：非立委又非總統憑什麼指指點點,政治,2026/07/29 17:12,台北市長蔣萬安。（資料照）台北市長蔣萬安近期不僅號召民眾上凱道遊行，近日更再度拋出「倒閣」主張，要求行政院長卓榮泰下台，甚至點名高雄市長陳其邁是合適的閣揆人選。對此，資深媒體人陳揮文痛批，蔣萬安是台北市長不是立委，相關發言非但沒有尊重國民黨內同志，更僭越總統職權，「不要一直瞎掰，好嗎？」陳揮文今天在臉書發文表示，蔣萬安2025年就曾喊出倒閣，今年又舊事重提，「你不是立委，你是台北市長」，立法院要通過倒閣案，必須獲得過半數（57席）立委同意，他狠酸：「可不可以請蔣安安公布國民黨找你談倒閣的立委名單，讓大家『聞香』一下？」並直言其完全沒有尊重國民黨歷任黨主席朱立倫、鄭麗文，以及立法院黨團的其他同志。請繼續往下閱讀...針對蔣萬安跨界點名陳其邁組閣一事，陳揮文更是火力全開，質疑「蔣市長變成蔣總統？」他指出，任命閣揆是總統的職權，這個台北市長明顯是僭越了。台北市長不是名嘴，請不要來搶通告，蔣萬安恣意發言，對賴清德總統、對陳其邁市長，顯然不夠尊重。陳揮文提到，2014年的毒油風暴跟今年的毒油風暴，從食安的角度來看，本質上迥然不同。蔣萬安想要政治操作不是不行，但時任行政院長江宜樺不是只因為毒油風暴下台，而是2014年九合一選舉開票結果出爐後才請辭，「我沒有蔣安安的LINE，有人可以轉發，跟他說一下嗎？不要一直瞎掰，好嗎？」最後，陳揮文分析，今年11月28日九合一選舉開票後，民進黨若丟了高雄或台南之一，卓院長可能會比照2014年的江院長請辭，賴清德亦可能依慣例辭去民進黨主席，如同2018、2022的小英主席。換言之，卓榮泰去留首看賴清德決定，其次是九合一選舉結果，「退一萬步，也輪不到蔣安安來指指點點」。貼文曝光後迅速引發熱議，許多網友紛紛留言回應：「他為了要選台北市長，現在都在亂講蹭流量」、「他搞不好是在轉移焦點」、「蔣萬安知道藍營選民不在乎」、「人家已經準備好要當總統了」、「撿到槍以為大尾了，市政無能亂七八糟只是在轉移無能的標籤，他沒有總統命啦」、「國民黨無能罵民進黨就好」。    ,https://news.ltn.com.tw/news/politics/breakingnews/5521866
要繳7千萬交保金、監院罰金3950萬  柯文哲：三餐在外縣市「化緣」,政治,2026/07/29 17:07,民眾黨前主席柯文哲（左）今出席「台灣民眾黨7週年黨慶」記者會，並接受媒體聯訪。（記者田裕華攝）民眾黨前主席柯文哲身涉京華城弊案，遭查扣名下財產及「禁奢令」，柯文哲今表示，他雖賣了新竹一塊地及商辦，但他不只要繳交保金、律師費，還有總統大選保證金，今早還收到監院罰金通知，直言剩多少錢他不清楚，但同時也說他現在花不了多少錢，出門用敬老卡、高鐵票黨中央出，連三餐都能在外縣市「化緣」。民眾黨今（29）召開「台灣民眾黨7週年黨慶」記者會，前主席柯文哲、現任主席黃國昌共同出席說明週末黨慶活動細節，並於會後接受媒體時事聯訪。請繼續往下閱讀...媒體提問，柯文哲因涉入京華城弊案遭檢方凍結名下資產，不過數月前已將中正區商辦脫手變現，詢問這筆資金目前是否能自由運用？或是同樣受帳戶凍結而有所影響？柯文哲回應，這些帳務要問陳佩琪、都是她在管，新竹賣一塊地2200萬元、然後賣掉商辦；不過，這些錢要先去付7千萬元的交保金及律師費、坦言律師費雖然沒被算特別貴，「但這兩年來實在花太多了」，更透露他今早收到監察院通知他15天內繳交3950萬元罰金，透露還要付前年選總統的1500萬元報名費，不清楚剩多少錢，還喊話賴清德「我不會投降也不會屈服」。他坦言，現在平常生活不太需要用錢、就是出門用敬老卡騎Ubike、坐公車、坐捷運都夠用了；三餐的話，則是到處「化緣」、在外縣市都會被別人請吃飯，高鐵票是中央黨部給，還稱這樣叫「奉旨乞討」。    ,https://news.ltn.com.tw/news/politics/breakingnews/5521943
深偽賴清德語音要出事了！ 周軒爆蔣萬安回應洩「爆炸性資訊」,政治,2026/07/29 17:05,台北市長蔣萬安。圖為蔣萬安出席台北市立動物園小貓熊亮相記者會。（記者田裕華攝）「萊爾校長」製作團隊製作人韋淳祐，因涉製作深偽總統賴清德語音宣傳725凱道遊行影片，遭警方登門關切。台北市長蔣萬安昨日對此表示，有委託韋淳祐團隊協助製作宣傳影片，「有事衝著我來！」今日受訪時再透露上週拜會國民黨前主席朱立倫，有特別請韋淳祐團隊幫忙宣傳。對此，政治工作者周軒表示，這真的是爆炸性的資訊，意思是「韋淳祐是朱立倫的人，不是我的」，根本是甩鍋給朱立倫，「蔣萬安真的太壞了」。蔣萬安今午率領市府局處首長拜會市議會民進黨團，報告年度重大議法案和預算，會後媒體詢問，昨天所言「有拜託韋淳祐的團隊協助製作宣傳影片」，委託內容為何、以及是否就是「油不得你」這部影片？蔣說，當時拜會前主席朱立倫時，特別請朱是不是讓阿祐（韋淳祐）團隊幫忙宣傳，所以這件事情的核心，是國家透過國家暴力箝制言論自由，針對小編查水表；人民無法接受藉由司法手段，進行政治追殺。請繼續往下閱讀...周軒今日在社群發文表示，蔣萬安的意思是，韋淳祐是朱立倫的人，不是我的。「蔣萬安的意思是，我是拜託朱立倫讓韋淳祐的團隊『宣傳一下』，但是後面交代阿祐影片要怎麼做，就不是我蔣萬安的事情。」周軒得出結論，蔣萬安昨天話講太快發現要出事了，趕快甩鍋給朱立倫。周軒批，這種「死道友不死貧道」的人，國民黨還想要把他當中興少主，真的是不知道死活，檢察官可能現在也要準備調查朱立倫了。     在 Threads 查看    ,https://news.ltn.com.tw/news/politics/breakingnews/5521908
張景森點名施壓高鐵延伸宜蘭 吳宗憲競辦：代表綠營選情告急,政治,2026/07/29 17:02,國民黨宜蘭縣長參選人吳宗憲（見圖）競辦針對張景森發文，反酸民進黨選情告急。（吳宗憲競辦提供）前行政院政務委員張景森今天（29日）點名國民黨宜蘭縣長參選人吳宗憲施壓，造成行政院倉促核定高鐵延伸宜蘭計畫。吳宗憲競辦回應，不該毫無根據亂扣帽子，行政院若因選舉壓力急著拍板，應是民進黨在宜蘭選情告急，才拿高鐵當救命稻草。張景森今在個人臉書發文指出，吳宗憲起先是反對北宜高鐵，為了選舉，反過頭來施壓行政院加速核定計畫，就是他造成的選舉壓力，讓原本還在審慎評估的行政院，為了跟他競爭宜蘭選票就倉促核定。請繼續往下閱讀...吳宗憲競辦發言人鄭皓文表示，推動高鐵延伸宜蘭是吳宗憲始終如一的堅定立場，張不該毫無根據亂扣帽子，再者，面對傲慢到連國會三讀法案都拒絕執行，面對毒油事件不肯道歉負責的中央政府，在野黨何德何能可以「逼迫」？鄭皓文說，行政院若因這股壓力急著拍板，那唯一的答案，只能是民進黨在宜蘭選情告急，中央政府急了，才拿高鐵當救命稻草，張政委的說法，是否親口認證民進黨宜蘭縣長參選人林國漳的選情落後？鄭皓文重申，張景森仍是民進黨籍，當前中央執政者正是民進黨，林國漳更是現任行政院政務顧問，如果真的要反對高鐵延伸宜蘭，最應該做的，就是請林國漳直接向行政院提出建議與反對。    ,https://news.ltn.com.tw/news/politics/breakingnews/5521946
蔡易餘提農業政策 嘉義優鮮2.0打造山海農產品牌,政治,2026/07/29 16:59,嘉義縣長參選人、立委蔡易餘（右）在節目提出農業政策。（立委蔡易餘辦公室提供）民進黨立委、嘉義縣長參選人蔡易餘提出嘉義農業發展完整政策藍圖，若接任縣長，將在現任縣長翁章梁推動的「嘉義優鮮」品牌基礎上，升級為「嘉義優鮮2.0」，透過農特產品跨品項結盟、擴大通路及分級分眾策略，搭配冷鏈物流中心與現代化肉品市場兩大基礎建設，全面穩定農漁民收入。蔡易餘今受邀參加立法委員林楚茵主持的「午青LIVE」直播節目時談及農業政策，他以六腳鄉三款特色瓜果為例，說明品牌組合行銷的具體做法，「迷你球」小西瓜、「嘉玉」美濃瓜及可連皮食用的「翠妞」香瓜三種瓜類產季相近，單一品項消費者未必有購買動機，組成六顆一組的禮盒後，購買意願明顯提升。請繼續往下閱讀...蔡易餘也以阿里山山葵搭配義竹白蝦為例，提出「山海結盟」構想，嘉義有山有海，縣府應主動媒合，串接山海農漁產品，開創更大的品牌效益。嘉義優鮮2.0的核心目標是擴大通路、強化品牌形象，並落實產品分級與分眾行銷。在茶與咖啡產業方面，蔡易餘表示，阿里山高山茶是嘉義的招牌，必須推動年輕化，嘗試冷泡茶或新風味商品，讓年輕族群也能在日常中品味高山茶。而阿里山地理條件適合種植咖啡，曾有咖啡莊園在評比中獲得97分的高分，許多鄒族人及青農用心經營品牌，從水洗、蜜處理到日曬，都有獨特故事，未來咖啡產業可搭配在地糖品與酪農鮮奶，透過品牌串聯壯大整體產業鏈。談及農業基礎建設，蔡易餘指出，已爭取到中央預算補助的兩項關鍵工程目前均已動土，朴子肉品市場改建為符合HACCP標準的肉品分切屠宰場，未來將進行肉品分切處理與分級包裝，建立嘉義豬肉品牌並強化外銷能力，未來將規劃讓在地養豬農以入股方式參與肉品市場營運，讓農民實質受益。談及獲中央補助3.4億元的冷鏈物流中心，蔡易餘認為冷鏈中心未來雖以OT方式營運，但縣府必須強化自身角色，在契約中明訂OT廠商於農產品滯銷時有義務協助產銷調節，透過冷鏈延長保存、分期銷售，維持農產品價格穩定。農漁產品怕盛產期量大價跌，冷鏈是關鍵的調節設施，「大出的時候適度透過冷鏈調節，分期銷售，價格才能維持在好的收益狀況」。蔡易餘表示，從品牌升級到基礎建設，他的農業政策核心是讓農民有穩定收入，同時讓消費者以合理價格買到優質農產品，這才是農業施政應該追求的目標。    ,https://news.ltn.com.tw/news/politics/breakingnews/5521945
政院業務費3.6億 立院提案刪凍7.6億 張惇涵：盼韓國瑜將心比心,政治,2026/07/29 16:56,行政院秘書長張惇涵。（資料照）立法院今日下午繼續研商「中華民國115年度中央政府總預算案」（公務預算部分），行政院秘書長張惇涵指出，行政院預算16.4億元，扣除11.4億元人事費、353萬元獎補助費、設備投資1.3億、第一預備金380萬元等，實際上業務費僅3.6億，但此次立法院對行政院各項刪除加上凍結提案的加總達7.6億元，盼立法院長韓國瑜將心比心，朝野立委能理性討論，讓政院有足夠的預算。張惇涵進一步指出，去年行政院施政計畫、新聞傳播兩項計畫，全數遭到刪除，行政院今年做出一些回編的動作，依照預算法，由於今年總預算到現在還未三讀，政院3.6億的業務費中，依法能動支的僅2.2億元，因為去年被刪除的行政院施政計畫、新聞傳播兩項計畫，雖然有回編，但還不能動。請繼續往下閱讀...張惇涵表示，今年過了一半，已經花超過1億，若照立委提案刪除預算，已經花的1億多誰可以負責，這些是已經付出去的錢，「我想我們都沒有辦法負責，請委員們三思，行政院依法執行預算，如果沒有花，才是怠惰，已經花的又怎麼追得回來？」張惇涵說明，業務費包括水電、網路、員工健檢、心理諮商等，下個月新會期又要開始，行政院長赴立院施政報告，報告的影印難道不用錢嗎？人民依照憲法有訴願的權利，難道訴願委員會的錢也要被刪除嗎？張惇涵指出，行政院消保處受理愛爾麗案的團體訴訟、中聯油脂案的團體訴訟，下半年都在進行中，難道這些業務費也應該被刪除嗎？這不是人民所樂見的，人民更不樂見行政院員工領薪水，但是業務費一塊錢都沒有。張惇涵喊話韓國瑜將心比心，朝野立委能理性討論，讓政院有足夠的預算。    ,https://news.ltn.com.tw/news/politics/breakingnews/5521902
蔣萬安認了委託做深偽影片 胡采蘋：要不分黨派一致譴責,政治,2026/07/29 16:50,台北市長蔣萬安說是自己委託韋淳佑團隊製作影片，嗆聲「有事衝著我來」。（資料照）「萊爾校長」的小編韋淳祐因偽造賴清德的聲音製作發布深偽影片而被檢舉，台北市長蔣萬安昨（28日）表示是自己委託，嗆聲「有事衝著我來」。對此，財經網紅胡采蘋怒批，用AI偽造別人的聲音發出離譜內容的文宣，這絕對不是該被保護的言論自由，應該要不分黨派一致譴責。胡采蘋在臉書粉專「Emmy追劇時間」發文指出，即使是對毒油事件的處理再不滿意，她認為偽造別人的聲音就是不可以，如果今天有人偽造了她的聲音去詐騙網友，偽造了每一個人的聲音去打電話給他的家人，謊稱自己被綁架了，這都會造成很糟糕的後果。請繼續往下閱讀...胡采蘋指出，你可以對毒油案不滿，你可以討厭賴清德，討厭卓榮泰，但是AI偽造別人的聲音，發出一些會被誤認是他本人講了一些離譜語言的文宣，這絕對不是應該被保護的言論自由。胡采蘋說，她非常譴責深偽賴清德聲音影片的製作團隊，他們今天可以這樣對賴清德，明天也可以這樣對蔣萬安、盧秀燕、李四川，畢竟背後疑似徐巧芯的側翼粉專前陣子就暴打過同黨的議員秦慧珠不是嗎？她批評，這些人今天可以這樣整人，明天也可以這樣整你，我們都不希望自己成為受害者，所以應該要不分黨派一致譴責。    ,https://news.ltn.com.tw/news/politics/breakingnews/5521803
中國吸台青交流涉統戰 教育部：視缺失扣學校招生名額或獎補助款,政治,2026/07/29 16:47,中國利用多元管道吸引台灣青年學子前往交流，恐涉及統戰活動，教育部指出，將視學校缺失，列為扣減招生名額或獎補助款依據。（資料照）中國近年透過多元手法，吸引台灣青年學子赴中交流，涉統戰且不對等交流，監察院要求陸委會及教育部檢討。教育部今天（29日）下午回應，已多次通函提醒各級學校相關交流應注意事項，並設有活動登錄平台要求落實填報，也將積極查處涉統戰交流的活動，視情節輕重，列入行政缺失，作為扣減招生名額或獎補助款參考。針對台灣學子受邀赴對岸活動，教育部說，已多次通函要求各校進行學生與對岸教育交流活動，及公告相關活動訊息時，均應至「赴陸教育交流活動登錄平臺」填報，並應遵循兩岸條例等法規及政策，加強校內自我檢覈與內控機制。今年7月7日也就常見違失樣態，再次通函重申。請繼續往下閱讀...教育部指出，目前也積極查處疑涉及統戰的交流活動，如主動發現或接獲檢舉學生赴對岸交流涉及統戰，即函請機關與學校說明，並視缺失輕重請學校加強內控、列入行政考核紀錄或列計行政缺失，並作為扣減招生名額或相關獎補助款的參考依據。教育部還說，已會同陸委會推動各級學校辦理中國的識讀課程或活動，以加強學生對兩岸關係與政府兩岸政策的正確認知。教育部最後說，預計9月及10月將辦理2場次「兩岸教育交流事務人員研習班」，邀請各大專校院督導兩岸教育交流業務主管人員及承辦人員參訓，研習內容有：常常見違失樣態分析、輔導各校強化校內事前審核機制、掌握社群媒體資訊、加強行前宣導及風險提醒、優化登錄及稽核管理，建立缺失改善追蹤機制，提升學校兩岸教育交流事務相關人員之專業性、認知性與警覺性。    ,https://news.ltn.com.tw/news/politics/breakingnews/5521867
國合會建立「國際人道救援專案勸募機制」 可發起公眾勸募、賑災專戶,政治,2026/07/29 16:42,外交部今年起委託國合會辦理「因應重大災害提供外國援助辦理勸募作業」。（資料照）為強化國際重大災害發生時，我國政府結合民間力量，及時回應國際人道需求的應變量能，外交部今年起委託財團法人國際合作發展基金會（國合會）辦理「因應重大災害提供外國援助辦理勸募作業」，日後，外交部啟動的國際人道救援專案勸募活動資訊將於國合會官網公告。國合會今（29）日說明，未來若國際間發生重大災害，且外交部決定啟動勸募活動，國合會將依據「國際人道救援專案勸募機制」，在外交部指示下依法發起公眾勸募，包括成立賑災專戶、辦理捐款管理、公開徵信及相關行政作業，讓社會各界的支持與關懷，透過完善機制，轉化為對國際人道援助工作的實際行動請繼續往下閱讀...國合會專注前端勸募活動，募得的善款將依法結算後全數移交外交部，並由政府統籌規劃及專責執行後續各項海外緊急救難與災後重建計畫。國合會秘書長黃玉霖表示，國合會長期深耕國際發展合作，與各國建立穩固的夥伴關係，並多次參與國際人道援助工作。此次受外交部委託建立勸募機制，將秉持公開、透明及高效率的原則，妥善辦理各項勸募與行政作業，確保社會各界的每一份愛心都能迅速、安全且有效地投入國際人道救援，展現台灣與世界站在一起的溫暖力量。國合會表示，未來，國合會將在外交部政策指導下，依實際需求與分工機制辦理勸募活動，協助匯聚台灣社會各界的善意與資源，讓愛心及時跨越國界，展現台灣參與國際社會及提供人道援助的堅定承諾。    ,https://news.ltn.com.tw/news/politics/breakingnews/5521844
被酸民眾黨民調低恐難挺倒閣 黃國昌回嗆莊瑞雄：不勞你操心,政治,2026/07/29 16:39,民眾黨黨主席黃國昌敬告綠委，不必操心民眾黨黨務。（記者田裕華攝）台北市長蔣萬安突拋「倒閣」引朝野爭論，綠委莊瑞雄昨批評國民黨談這事「很壞」、更暗諷蔣萬安繼續喊下去，恐被民調不高的民眾黨訐譙。對此，柯文哲今坦言，即便倒閣換掉卓榮泰也可能白忙一場，更點出若倒閣成立恐衝擊往後基層選舉，呼籲各界慎思；黃國昌則嗆莊瑞雄嘴巴才壞、要政府先處理食安，並敬告民眾黨務「不勞他操心」。民眾黨今（29）召開「台灣民眾黨7週年黨慶」記者會，前主席柯文哲、現任主席黃國昌共同出席說明週末黨慶活動細節，並於會後接受媒體時事聯訪。請繼續往下閱讀...媒體提問，台北市長蔣萬安拋出支持撤換行政院長卓榮泰的倒閣案，指出因倒閣需過半數立委同意，在野黨方面需國民黨、民眾黨一致支持才會通過，相比國民黨團尚待討論，詢問民眾黨立場為何？以及如何看待蔣點名高雄市長陳其邁適任行政院長？對此，柯文哲表示，倒閣看似是換掉卓榮泰，「其實是順便幫賴清德解決問題」，這是第一個重點；再來，倒閣後即便讓總統換人當行政院長，仍有可能「換湯不換藥」，認為台灣民主發展30年，若這次倒閣成立、新選立委上任，那未來除了總統大選，「從立委一直到地方的九合一選舉，全部都集合在一起」，牽動台灣政治運作底層結構甚鉅，呼籲各界審慎評估。黃國昌則直言「不要讓民進黨政府順利移轉問題焦點」。他質疑，現任政務委員陳時中日前於行政院上，不僅沒回應政府拖延三個多月才成立調查小組、更不提本月初關於業者名單、20%預防性下架標準的決策過程，強調各界對倒閣議題至今仍意見分歧，比起這個，政府更該回應人民關注的中聯致癌油爭議，並要卓揆用民進黨12年前標準要求自己，勇敢負起政治責任。被問及民進黨立委莊瑞雄批國民黨談倒閣「很壞」，更反諷民眾黨若支持此舉，恐因最新民調不高而失去立委席次，未必有利藍白合，黃國昌回批「嘴巴壞的應該是他」，還要莊回頭問問自家黨主席賴清德「要不要負起政治責任？」；更問他若國會真通過倒閣，「你們民進黨真的敢解散國會、跟今年的縣市長合併選舉嗎？」，敬告民眾黨的黨內事務「不勞他操心」。    ,https://news.ltn.com.tw/news/politics/breakingnews/5521831
漏網鏡頭》憲法法庭曾掀熱議 律師李荃和新造型現身立院公聽會,政治,2026/07/29 16:39,李荃和向各黨推薦的代表揮手致意。（記者劉信德攝）曾在憲法法庭國會改革釋憲案中代表行政院出庭的律師李荃和，論述條理分明、法律觀點清晰，受到關注，相關發言片段也在網路廣泛流傳。而一張穿上律師袍的帥氣照片，讓他的專業形象與高顏值兼具引發不少討論。今天，李荃和以紅棕色新髮色現身立法院，受邀以學者專家代表身分出席修憲委員會公聽會。一踏入會場，他禮貌向各黨推薦的代表揮手致意，入座後隨即打開電腦，專注整理發言資料。請繼續往下閱讀...昔日因憲法法庭攻防受到矚目的李荃和，這次換上新造型再度現身公開場合，也讓現場採訪記者鏡頭鎖定多拍幾張。李荃和律師在憲法法庭穿律師袍的畫面曾在網路瘋傳熱議。（資料照，記者劉信德攝）李荃和向各黨推薦的代表揮手致意。（記者劉信德攝）李荃和專注整理發言資料。（記者劉信德攝）在介紹出席代表時，李荃和起身禮貌致意。（記者劉信德攝）    ,https://news.ltn.com.tw/news/politics/breakingnews/5521848
嗆蔣萬安無視市政 沈伯洋：我努力替台北找答案 你忙找表演舞台,政治,2026/07/29 16:37,台北市長蔣萬安與台北市長參選人沈伯洋。（本報合成，擷取自IG）民進黨台北市長參選人、立委沈伯洋今（29）日清晨結束訪美行程返台，隨即針對台北市長蔣萬安頻開槓中央甚至喊出「倒閣」等動作大聲開砲，並以「我努力為台北找答案，蔣萬安在找表演舞台」為題，直指蔣萬安無視市民關心的夏莉絲案、食安抽驗與樹木砍伐等市政問題，反而跨區「越級考試」忙於全國政治攻防，引發熱烈討論。沈伯洋今天在臉書發文表示，「台北市民在等什麼？等夏莉絲案，給孩子一個完整的交代。等市府說清楚，食安抽驗，缺了多少？等著搞清楚，為何陽傘如此天價？等著知道，砍那麼多樹怎麼辦？」請繼續往下閱讀...⠀「蔣市長在忙什麼？」他砲轟蔣萬安，忙著當名嘴，忙著搞政治、倒閣。倒了之後誰組閣，他還先排好。一個台北市長，台北的考卷還空著，就忙著越級考試寫參加全國大考。倒閣的舞台在全國，市政的考卷在台北，考卷上每一題，市民都還在等。沈伯洋也提到，高雄市長陳其邁說：「每個人都把自己的工作做好」，強調高雄市長顧好高雄，台北市長顧好台北，而不是把所有事情都變成政治攻防。台北市民現在需要的，不是一位忙著替總統組閣的市長，而是一位願意專心處理台北市政的市長。⠀沈伯洋指出，自己的工作很清楚，8天跑遍美國N個城市，帶回通學安全、住宅、交通、城市韌性等等的答案，「我只想讓台北少走十年冤枉路，位子在台北，心就要在台北。」貼文曝光後引發熱議，不少網友留言直呼「繼續做對的事，給自己最好的機會，也給台北市民最好的選擇。Puma加油加油」、「身為台北市民的我唯一支持沈伯洋！加油」、「台北市需要沈伯洋當市長」。更有網友狠酸蔣萬安，「答非所問，完全黃國昌化耶」、「市長無心市政 可悲」、「如果心沒有在市政，何必在那邊煽動民粹。台北真的值得更好的」、「說的好，分區經理想管董事長的事，可笑」、「蔣萬安還是要好好做代誌，不要吃碗內看碗外會呷緊弄破碗」。    ,https://news.ltn.com.tw/news/politics/breakingnews/5521812
與楊双子等知名作家聚會  蘇巧慧盼繼續為創作者搭建舞台,政治,2026/07/29 16:32,民進黨立委、新北市長參選人蘇巧慧日前與國際布克獎得主楊双子等知名作家、文化工作者等人在永和書店聚會、享用多元料理。（蘇巧慧競辦提供）民進黨立委、新北市長參選人蘇巧慧日前與國際布克獎得主楊双子等知名作家、文化工作者等人在永和書店聚會、享用多元料理。蘇巧慧說，她眼中的永和就如同眼前這張餐桌，雖然擺滿來自不同文化背景的飲食，卻能和諧地共融一處，互相襯托，永和居民跨越族群標籤，既呈現出共融和諧的樣貌，又能共同經營未來，這份包容的精神正是台灣社會最理想的答案。蘇巧慧說，從作家楊三郎到楊双子，許多文人都選在此落腳，永和對文化人的吸引力可見一斑，進入軟實力、硬實力並重的新時代，文字創作依然是讓世界認識台灣最好的媒介之一，未來她會繼續為創作者搭建舞台，期待新北的豐富精彩能夠透過文字被更多人看見，她也期盼能帶著更多孩子透過文學、田野調查，認識新北29區故事。請繼續往下閱讀...現場與會人士包括作家朱宥勳、謝宜安、文字工作者與台漫推手陳怡靜、「現流冊店」創辦人洪沛澤、林潔珊與「楫文社」店長陳泓名。蘇競辦說，談及大家熟知的永和藝文底蘊，在場作家們指出，若以四號公園為中心，方圓三公里內便有20多位現役的作家居住於此。楊双子說，永和雖常被視為特定政治認同凸顯的地方，但生活中，先後移入者的關係其實極度包容，各族群的食物自然交織，每一道都是永和餐桌上的日常。同樣居住於永和的朱宥勳也分享他在永和麵店的趣聞說，他曾見客人在享用台式「黑白切」時，毫不猶豫地加上一匙福州風味的「辣渣」，這種跨越脈絡的「自然混搭」，正是永和獨特文化所在。    ,https://news.ltn.com.tw/news/politics/breakingnews/5521813
魏平政提「學雜費全額補助」政見  陳素月打臉：中央早已實施,政治,2026/07/29 16:26,彰化縣國中小學生的學雜費一覽表。（取自彰化縣政府官網）國民黨彰化縣長參選人魏平政今天（29日）拋出「幼兒園到國中學雜費全額補助」政見，但隨即遭民進黨彰化縣長參選人、立委陳素月反擊，強調「國中小學雜費全免」中央早已實施，把既有政策當政見，顯然只是想要撒錢來作為政見牛肉。無黨籍縣長參選人邱建富也痛批，魏平政不了解彰化，年輕人真正的痛是買不起房。魏平政團隊遭打臉後回應，全額教育補助是指「代收代辦費」部分，也就是現今家長仍需負擔的教科書費、家長會費與團保費。請繼續往下閱讀...魏平政今天強調，他在走訪基層過程，最常聽到物價上漲與育兒開支，成為年輕夫妻的沉重負擔。因此，他提出「幼兒園到國中學雜費全額補助」政見，可以幫助家有國中小與幼稚園學童的家庭減輕經濟壓力，也可以給彰化下一代更公平發展的機會。但魏平政一提出的教育政見，就馬上被陳素月打臉，因為全國的國中小免費學雜費，中央早就實施上路，結果魏平政還拿來當政見，這代表魏平政對於縣政，完全缺乏願景擘劃。陳素月強調，她認為教育要走穩健的路，目前各級學校現況是缺教師，以及流動率高，這對孩子的受教權才更值得關心，她當選縣長後，將會積極提升教師的權益，讓彰化學子擁有更好的受教權。邱建富指出，國中小的學雜費早就由中央負責補助，全國的家長都不必繳，公幼、非營利與準公共化幼兒園的收費自付額約為一千到三千元。所以，對於年輕人來說，真正的痛是高昂的房價，魏平政連現況都搞不清楚就提出政見，不能把既有政策包裝就當成新的政見。針對所提的「幼兒園到國中學雜費全額補助」政見遭打臉，魏平政團隊回應，「教育零負擔」是就目前國中、小家長仍要支付「代收代辦費」部分，也就是教科書費、家長會費與團保費，在魏平政當選後，通通由縣府來補助。而全縣幼兒園到國中小的學生約有11、12萬人，每年扣除中央補助約需9億元到12億元，在盤點自主財源，爭取中央補助，以及活化閒置校舍，財政上不成問題，當選後將分三階段上路，最快在2027年8月，也就是116學年度實施第一階段，逐步來落實政見。彰化縣國中小學生的學雜費與代辦費收費表。（取自彰化縣政府官網）民進黨彰化縣長參選人陳素月。（陳素月提供）國民黨彰化縣長參選人魏平政。（取自魏平政臉書）無黨籍彰化縣長參選人邱建富。（邱建富提供）    ,https://news.ltn.com.tw/news/politics/breakingnews/5521877
監察院人事審查時程出爐 下月辦1場公聽會、5天全院委員會,政治,2026/07/29 16:20,監察院。（資料照）立法院今（29）日協商第7屆監察院人事同意權案審查時程，朝野達成共識在8月份召開1場公聽會，以及5天全院委員會，審查完畢將在下會期進行同意權案記名表決。第6屆監察委員的任期預計於今年7月31日屆滿，總統府6月11日公布監察院第7屆正、副院長及監察委員被提名人，前台灣人權促進會會長陳永興擔任下屆監察院長，並兼任國家人權委員會主委；現任監察委員王榮璋提名為監察院副院長。請繼續往下閱讀...此外，前台灣基督長老教會總會助理總幹事Eleng Tjaljimaraw（高天惠）牧師、台灣社會福利總盟秘書長孫一信、台灣展翅協會副理事長李麗芬等27人提名為監察委員。立法院今日下午召開朝野協商，決定8月6日舉行人事同意權案公聽會，各黨團推薦學者專家代表7位參加，國民黨團推派3位、民進黨團推派3位、民眾黨團推派1位，各黨團審查小組委員依上述比例推派組成。另外，8月11日、18日、24日改開全院委員會，並與8月13日、20日合併為一次會議。8月11日上午，分別審查監察院院長、監察院副院長被提名人，並由7位委員進行詢答。國民黨團推派3位、民進黨團推派3位、台灣民眾黨團推派1位代表進行。8月11日下午、13日、18日、20日、24日分別審查監察委員被提名人。每位被提名人由五位委員進行詢答。國民黨團推派2位、民進黨團推派2位、民眾黨團推派1位代表進行。詢答順序依例授權議事處進行處理。    ,https://news.ltn.com.tw/news/politics/breakingnews/5521758
推動台南成台語首都 南市議會成立「族語復振連線」,政治,2026/07/29 16:18,台南跨黨派成立族語復振連線，推動台語成通行語（記者洪瑞琴攝）台南市議會今（29）日跨黨派議員共同宣布成立「族語復振連線」，並提出「台南市成做台灣ê台語首都」市政計畫，依據《國家語言發展法》第12條，由台南市政府與市議會共同推動將台語定位為台南市通行語，打造台南成為全台台語生活示範城市。台南市長黃偉哲親自到場力挺，現場集結超過30位跨黨派議員，以及多位學者、文化界人士共同響應，被視為近年國內規模最大的本土語言政策倡議之一。成功大學台灣文學系主任陳麗君教授與民間團體「台灣官方語言制定會議」共同擬訂倡議，前國立台灣文學館館長鄭邦鎮、台文筆會等本土團體及多位校長均出席聲援。請繼續往下閱讀...「台灣官方語言制定會議」發起人、也是市議會「族語復振連線」發起人賴一心表示，今年初英國BBC曾製作專題報導，提及台語已被列為聯合國定義的瀕危語言，引發團隊對母語保存的危機意識。過去兩個多月積極奔走南部，串連各界力量，看到跨黨派議員共同支持，也對台語復振充滿信心。擔任「族語復振連線」召集人的安平區議員林依婷表示，自己身為母親，看著孩子學習語言，更深刻感受到母語傳承的重要，未來希望無論在議會質詢或市政推動，都能落實母語友善環境，逐步打造台南成為真正的「台語首都」。提案人陳麗君指出，依行政院人口普查資料，南市以台語作為主要或次要使用語言的人口高達86%，可說是名副其實的台語通行城市，計畫核心成立「台語通行語推動辦公室」，由專責單位統籌跨局處資源，推動政策方向，包括建立公部門台語服務制度、推動幼兒園與國小台語沉浸式教育、提升公共空間及社區生活中的台語使用與可見度，以及建構台語文化、數位應用與文化經濟生態系。    ,https://news.ltn.com.tw/news/politics/breakingnews/5521871
蔣萬安搜尋趨勢曝！ 粉專曝他像極「兩個人」：整天在那咆哮,政治,2026/07/29 16:16,台北市長蔣萬安。（記者田裕華攝）台北市長蔣萬安近期聲量爆表，不但先提出725凱道遊行，日前再拋出倒閣，黨內各大咖都被迫要接球回應。對此，粉專「聲量看政治」指出，他像極民眾黨前後主席柯文哲、黃國昌，「整天在那裡咆哮」。他也曬出蔣萬安在Google上的搜尋趨勢，「連我這種天天看分析的人都乏了」。聲量看政治今日發文指出，只能說蔣萬安「又」是一個急著想被看見、急著想用民生議題權力鬥爭、急著當老大，還在2026就在想2028的死中二中年屁孩。請繼續往下閱讀...粉專指出，以目前狀態，再怎麼分析，都是那些心理狀態，「你愈急就愈被人看破手腳」。而一直分析同樣的心理狀態，實在沒有意義。最後，粉專曬出一張蔣萬安的搜尋熱度（Google Trends），只見蔣萬安儘管聲量暴衝猛烈，但下跌速度也同樣驚人。「我跟你講，連我這種天天看分析的人都乏了，一般人也一樣啦，你要嗆你就繼續。」    ,https://news.ltn.com.tw/news/politics/breakingnews/5521748
楊珍妮涉職場霸凌情節重大  監院全票通過彈劾移送懲戒,政治,2026/07/29 16:11,前行政院政務委員楊珍妮兼任行政院經貿談判辦公室（經貿辦）總談判代表期間，涉職場霸凌副總談判代表顏慧欣，監察院今（29）日公告彈劾案文及審查決定書。（資料照）前行政院政務委員楊珍妮兼任行政院經貿談判辦公室（經貿辦）總談判代表期間涉職場霸凌，監察院今（29）日公告彈劾案文及審查決定書。監委葉大華、王麗珍提案指出，楊員阻撓及弱化副總談判代表顏慧欣參與相關業務，並於攸關國家重大利益的重要經貿談判場合、接待重要訪團時，限縮重要團隊成員出席會議提供輔助的空間，且對部分同仁態度專橫、高壓威嚇、孤立排擠，違失事證明確且情節重大。全案本月17日經監院審查會以13票成立、0票不成立通過彈劾，移送懲戒法院審理。彈劾案文指出，楊珍妮自顏慧欣就任副總談判代表起，多次以冒犯性言語公然否定顏所提意見或想法，於經貿辦多項業務中蓄意弱化顏慧欣角色及參與程度，或刻意不提供其完成主責業務所必要的協助人力，形塑不友善的職場環境。顏初到任即遭不友善對待，數度於公開場合遭否定意見，甚至對其建言嚴厲斥責；楊並指派共用秘書協助顏長達近1年，該名秘書又兼辦其他業務，致顏實質上無專任秘書。請繼續往下閱讀...案文並指出，台美就對等關稅等經貿議題赴華府與美方實體磋商期間，楊珍妮有意排除隨團前往的顏慧欣等團隊成員進入談判現場實質參與，且不願與談判團隊分享談判核心資料。經貿辦接待「印太/新南向記者團」時，楊員先以未被告知該行程發怒，經同仁出示簽呈後改口斥責事前與談擬答資料未讓其過目，嗣又臨時藉故抽離原訂共同出席的同仁，未同步與主要接見人員顏慧欣溝通，任令其獨自面對記者團的提問壓力。監委認定，楊珍妮慣採高壓威嚇的管理模式，不允許同仁質疑、挑戰其領導權威，遇有不同意見即以公開否定、大聲斥責方式壓抑異見，久之在單位內造成緊張、退避氛圍並形成噤聲效應，所為已違反公務員服務法相關規定，有公務員懲戒法第2條第1款應受懲戒事由。監院財政及經濟委員會本月23日亦通過相關調查報告。監委表示，因楊珍妮為政務人員、職位屬特別任命，行政調查未定案前難在現行體制內找到對等職務進行過渡性調整，致其仍持續擔任總談判代表，恐影響證人作證意願並造成心理壓力；政務人員收受霸凌成立決定書後，也缺乏體制內明確的救濟與答辯途徑，行政院6月26日公布調查結果後，楊員當晚即對外發表聲明答辯，所述內容進一步公開顏員生病請假等情，易流於對被害者家屬的二次傷害，建請行政院會同考試院研議政務人員行為指引。報告並指出，經貿辦於2016年改隸行政院後業務不斷膨脹，人力由29人增至52人，逾7成由經濟部借調、支援或聘僱，公務預算亦由經濟部編列，2025年已達6700餘萬元，難謂符合人事法規立意，籲請行政院通盤檢視經貿辦長期定位、人力運用及任務編組常態化現象。    ,https://news.ltn.com.tw/news/politics/breakingnews/5521829
批民進黨官員患「統戰恐慌症」 秦慧珠：大貓熊來台18年有改變嗎？,政治,2026/07/29 16:10,台北市議員秦慧珠。（資料照）台北動物園與上海動物園進行物種交流，今（29日）舉行小貓熊亮相記者會，但台北市副市長林奕華透露，上海市台辦主任等官員原訂今出席，被陸委會拒絕。國民黨籍台北市議員秦慧珠今批評，大貓熊2008年來台已經18年，有什麼改變嗎？民進黨政府官員患上「統戰恐慌症」。秦慧珠指出，2008年12月23日，在前台北市長郝龍斌任內，兩隻大貓熊「團團」、「圓圓」風風光光地來到台北動物園，當時國內外媒體均大篇幅報導，媒體還做現場連線直播，認為是兩岸交流的一段佳話。請繼續往下閱讀...團團、圓圓在2013年7月6日生下了大女兒「圓仔」，2020年6月28日生下了二女兒「圓寶」，一家四口其樂融融，給臺灣的大人和孩子帶來許多有趣的記憶。迄今，大貓熊仍是動物園中的人氣明星動物。到2022年11月19日，團團不幸因腦病變過世，享年18歲，很多粉絲不捨哀悼，寫下許多感人的話語；團團離世近一年後，動物園方將牠製作成的標本照片公布，讓團團永遠存在於臺北市立動物園中。現在，團團的擬真立姿標本展示在動物園教育中心地下1樓的「瀕危動物故事館」內，牠永遠成為了台北市的一份子。她說，團團、圓圓來台灣之後，2011年4月16日，台北動物園也選了一對長鬃山羊和一對梅花鹿，送到山東威海的劉公島國家森林公園，當年她還是「陪嫁」，跟著台北動物園的園長和工作人員，一起送牠們去山東威海生活。幾年之後，還帶過幾位台北市的里長和市民朋友，專程去威海劉公島，看這些台灣的「動物親人」，牠們也已經繁衍出兒孫輩好幾代了。秦慧珠表示，小貓熊的交流與亮相，是一樁美事佳話，台北市原擬邀請上海市府官員及台辦人員來台見證，但陸委會認為有統戰疑慮，台北市政府也就不再送件申請，以免又一次碰釘子，讓中方人員難堪，還被扣上統戰的帽子。這件事情真的讓人覺得陸委會官員腦子有問題，如果2008年大貓熊來台叫統戰，那麼台灣被大貓熊統戰了18年，有什麼改變嗎？如果小貓熊來台北叫統戰，那就不要讓小貓熊來呀！小貓熊可以來，但送小貓熊來台北的上海市官員不能來，因為他們來了就叫「統戰」。民進黨政府官員是得了「統戰恐慌症」嗎？這種「恐慌症」把他們的腦子都弄壞了、扭曲了。而這種恐慌症如果不能治好，我們官員的腦子是不是永遠這樣扭曲下去呢？    ,https://news.ltn.com.tw/news/politics/breakingnews/5521799
蔣萬安要求卓榮泰下台 張惇涵：倒閣、任命閣揆都與台北市長無關,政治,2026/07/29 16:06,行政院秘書長張惇涵今（29）日直言，倒閣是立法院的權益，任命閣揆是總統的職權，兩件事都與台北市長無關。（資料照）中聯油脂驗出致癌物質苯駢芘超標，台北市長蔣萬安提議倒閣，要求行政院長卓榮泰下台負責，同時化解政治僵局。不過，行政院秘書長張惇涵今（29）日直言，倒閣是立法院的權益，任命閣揆是總統的職權，兩件事都與台北市長無關。朝野今日下午繼續研商「中華民國115年度中央政府總預算案」（公務預算部分）。張惇涵會前受訪表示，憲法增修條文第三條規定，倒閣是立法院的權益，同樣憲法增修條文第三條也有規定，任命閣揆是總統的職權，這兩件事情都跟台北市長的工作無關。請繼續往下閱讀...此外，張惇涵提及，依照憲法的規定，立法院必須審議預算；依照憲法的規定，行政院必須向立法院負責，所以他今天到立法院來爭取預算。大家也知道從去年8月底行政院把中央政府總預算送到立法院之後，到今天已經是第335天，終於進入到最後朝野協商的程序。張惇涵說，很遺憾，在野黨不只凍結卓榮泰院長4個月的薪水、刪除行政院所有的特別費，甚至提案刪除最基層的約用人員的薪水；攸關人民訴願權的計畫全數被刪除；新聞傳播媒宣預算全數被刪除；攸關轉型正義，人權處的預算全數被刪除。張惇涵表示，再過幾天就是8月，希望能用最後朝野協商的時間，努力爭取預算，也希望朝野黨團、委員能夠理性討論，這才是對人民有幫助的事情。    ,https://news.ltn.com.tw/news/politics/breakingnews/5521767
無人機專法立院初審全保留 賴清德示警：國家安全不能等,政治,2026/07/29 15:38,兼任民進黨主席的總統賴清德。（資料照）立法院經濟、外交國防、財政聯席會27日初審「國防自主無人載具採購特別條例草案」，13個草案版本全保留送交協商。對此，兼任民進黨主席的總統賴清德今（29日）強調，台灣無人載具產業以「非紅供應鏈」及「軍民兩用」為核心，呼籲立法院朝野黨團共同支持行政院版本，加快建構台灣不對稱作戰能力，「國家安全不能等待，建軍備戰更不能延宕。」民進黨今天下午召開中常會。據轉述，賴清德表示，關於本週一立法院針對行政院提出的「國防自主無人載具採購特別條例草案」，以及在野黨提出的相關版本，進行委員會初審。結果由於朝野立委無法達成共識，全案保留送黨團協商。請繼續往下閱讀...賴清德說，行政院提出無人載具特別條例，不只是採購國防無人載具，更是著眼於台灣未來整體防衛能力的建構。從近幾年的國際區域戰事來看，無人載具在軍事上的運用，已經從輔助工具躍升為「不對稱戰力」的核心裝備，徹底改變現在戰爭面貌。另方面，賴清德指出，台灣無人載具產業，以「非紅供應鏈」及「軍民兩用」為核心，不僅擁有世界級製造能力，整體產值也正邁入快速成長階段。美國在2026年「國防授權法案」中，正式納入台美無人系統聯合計畫，支持台美合作推動無人機研發、生產，建立「非紅」乾淨供應鏈。因此，賴清德說明，行政院提出透過特別預算，加速國軍建軍備戰，厚植國防自主能量，提升整體防衛韌性，同時帶動國內無人載具產業發展，讓國防安全與產業發展相互帶動，這才是符合國家長遠利益的做法。賴清德說，面對地緣政治局勢變化與現代戰爭型態演進，國家安全不能等待，建軍備戰更不能延宕。因為唯有國家安全，才有人民安心；唯有和平穩定，才有台灣的永續發展。賴清德進一步呼籲，立法院朝野黨團回到維護國家安全的立場，共同支持行政院提出的版本，加快建構台灣不對稱作戰能力，持續厚植國防自主能量，讓國家更安全，人民更安心。    ,https://news.ltn.com.tw/news/politics/breakingnews/5521772
質疑僑委會出國考察挨轟  陳清龍回嗆徐佳青：當自己是「徐禁評」？,政治,2026/07/29 15:37,立院民眾黨團總召陳清龍（中）昨召開「假考察、真觀光？出國報告爛到爆！」，點名陸委會、僑委會出國考察報告貧乏，直言是「假考察真觀光」。（資料照）立法院續審今年度中央總預算案，立法院民眾黨團昨召開記者會，抨擊陸委會、僑委會「假考察真觀光」，點名陸委會副主委沈有忠、僑委會委員長徐佳青的考察報告內容毫無貢獻，連小學生作文都不如，引來徐反擊白委不索資「只會噴口水」，對此，民眾黨團今再嗆徐是「徐禁評」，出國考察交報告還不准人民質疑，要她回去搞懂法律規範。民眾黨團昨召開記者會點名徐佳青，抨擊她出國考察報告內容貧乏、是「假考察真觀光」；徐佳青回應稱，她今年4、5月獨自赴歐考察期間走訪7國，陸續拜訪僑校、台商團體及多位當地國會議員、政要，反嗆白委只會叫助理上網下載報告，不索資反而亂噴口水，「如果這幾位委員不知道怎麼當立委，我今天可以教他們！」，引發討論。請繼續往下閱讀...針對徐佳青回應，民眾黨團總召、立委陳清龍直言，徐果然沒當過立委才「逞口舌之快」，並引述「行政院及所屬各機關出國報告綜合處理要點」規定指出，政府人員出國從事考察、進修、研究等公務活動，除機密行程均應提交報告，反問徐說法若為真，為何僑委會要上傳機密報告？還嗆他上傳報告又不准人民提出質疑，酸她自認是「徐禁評」，先回去搞懂規範。陳清龍強調，他已正式行文僑委會進行索資，並要求僑委會說明「哪一位機關首長核定屬於機密」，「核定為機密的法律授權為何」？重申相關行程不應企圖迴避公眾監督，要求僑委會明（30）日下班前提供，並敬告徐佳青「會怕就要做好工作」。    ,https://news.ltn.com.tw/news/politics/breakingnews/5521738
2026擂戰鼓！ 賴清德宣布行動中常會 8/5首站台中舉行,政治,2026/07/29 15:35,民進黨全國黨員代表大會日前在台北國際會議中心登場，兼任黨主席的總統賴清德與19位民進黨提名的縣市長參選人同台造勢。（資料照）年底九合一選舉倒數122天，兼任民進黨主席的總統賴清德宣布，年底縣市長選舉為現階段最重要任務，中央黨部將啟動「行動中常會」，首場將於下週三（8月5日）在台中市舉行，整合地方需求、凝聚政策共識，建立更緊密的合作機制，並安排縣市長參選人提出治理願景專題報告。據轉述，賴清德今天下午在民進黨中常會表示，除了持續推動國家安全之外，年底縣市長選舉，也是民進黨現階段最重要的任務。針對今年底縣市長大選，民進黨已完成19位縣市長候選人的提名，並提出「台灣好生活」共同政見，作為中央與地方施政的重要主軸，透過具體政策推動台灣邁向福利國家，讓人民過更好的生活。請繼續往下閱讀...賴清德指出，為了讓地方更充分掌握中央的施政成果，中央黨部已陸續在各縣市舉辦「台灣好生活」系列座談會，並獲得許多正面迴響。接下來，中央黨部將啟動「行動中常會」，下週三在台中市舉行第一場。每場行動中常會，都將安排縣市長候選人提出治理願景專題報告，說明未來施政藍圖，展現推動地方建設、回應人民需求的能力與決心。賴清德進一步預告，行動中常會也將邀請縣市議員及鄉鎮市長候選人共同與會，透過中央與地方面對面的交流，整合地方需求、凝聚政策共識，建立更緊密的合作機制。更重要的是，藉由行動中常會的舉辦，也能讓國人看見，民進黨舉薦的新世代治理人才，具備將願景落實為政策、把政策化為建設的治理能力。賴清德強調，民進黨面對年底縣市選舉，不只是希望贏得人民的支持，更希望未來中央與地方能夠齊心合作，把好的政策落實在每一座城市、照顧每一個家庭，共同實現「台灣好生活」的願景。    ,https://news.ltn.com.tw/news/politics/breakingnews/5521745
雲林林內普發3600惹議！領錢要和鄉長合照 現場發競選文宣品,政治,2026/07/29 15:31,雲林縣林內鄉公所從7月27日起至各社區，普發每人3600元鄉民生活慰助金。（記者李文德攝）雲林縣林內鄉公所27日起到各社區普發每人3600元鄉民生活慰助金。有鄉民反應，領取現金時需要和鄉長劉姿言合照留存，現場更有人發送貼有鄉長競選連任文宣品。由於年底選舉逼近，讓人覺得「怪怪的」、「不太適合」。劉姿言表示，發放現場全程錄影，要求合照存證，作為發放紀錄，盼外界「別過度解讀」。劉姿言4月以國際情勢影響民生、鄉親生活壓力增加為由，提出普發鄉民生活慰助金，原訂每人3000元，經鄉民代表會審議加碼至3600元，7月27日開始採分3階段發放，首波至8月9日在10處指定地點發放現金，第二階段8月10日至9月9日在公所發放，9月14日至12月31日則開放申請匯款或領取支票，預計約1.6萬鄉民受惠。請繼續往下閱讀...公所今日在林中國小辦理發放現金作業，由劉姿言發放慰助金，並與領取民眾拍照留存，現場一度發現有人在場內發送印有鄉長競選連任字樣的口罩宣傳品。地方鄉民認為，領取慰助金還得與鄉長合照，加上現場出現競選宣傳品，因接近年底選舉期間，容易引發聯想，觀感並不恰當。劉姿言表示，過去曾發生過發送重陽敬老禮金時，曾發生家屬代領後，長輩卻不知情，或者長輩領取後卻忘記已領，因此衍生爭議，所以此次要求合照存證，作為發放紀錄，並沒有針對特定對象。劉姿言強調，並沒有刻意在發放現場進行競選宣傳，目前各候選人都會在發放地點外拜票，可能是同仁因腳部受傷、行動不便，將物品暫放室內，進出拿取時造成民眾誤會，整個發放過程都有錄影，外界不要過度解讀或聯想。有鄉民反應，領取現金時需要和鄉長劉姿言合照留存，現場更有人發送貼有鄉長競選連任文宣品。由於年底選舉逼近，讓人覺得「怪怪的」、「不太適合」。（記者李文德攝）雲林縣林內鄉公所從7月27日起至各社區，普發每人3600元鄉民生活慰助金。（記者李文德攝）    ,https://news.ltn.com.tw/news/politics/breakingnews/5521734
委託製作「油不得你」深偽宣傳片？ 蔣萬安回應了,政治,2026/07/29 15:21,台北市長蔣萬安昨（28日）挺「萊爾校長」製作人韋淳祐，並說「有事衝著我來！」媒體今（29日）續追問委託內容，蔣簡短說明。（記者田裕華攝）台北市長蔣萬安昨（28日）以「有拜託韋淳祐團隊協助製作宣傳影片」，回應警方登門關切「萊爾校長」製作人韋淳祐發布「油不得你」深偽影片，並說「有事衝著我來！」論述脈絡引發外界無限聯想，直指蔣坦承就是他所委託製作。但因蔣過往發言有時會過於簡化，媒體今（29日）續追問委託內容、指的是否就是「油不得你」這部片？對此，蔣簡短說明上週拜會前主席朱立倫的過程但未言明委託內容，強調事件核心是國家暴力箝制言論自由，人民無法接受。蔣萬安今午率領市府局處首長拜會市議會民進黨團，報告年度重大議法案和預算，會後媒體詢問，昨天所言「有拜託韋淳祐的團隊協助製作宣傳影片」，委託內容為何、以及是否就是「油不得你」這部影片？蔣說，當時拜會前主席朱立倫時，特別請朱是不是讓阿祐（韋淳祐）團隊幫忙宣傳，所以這件事情的核心，是國家透過國家暴力箝制言論自由，針對小編查水表；人民無法接受藉由司法手段，進行政治追殺。請繼續往下閱讀...蔣萬安昨天出席市政活動回應韋淳祐被查水表的議題，提及上週拜會前主席朱立倫時，有拜託韋淳祐的團隊協助製作宣傳影片，「今天我要嚴正告訴賴政府，有事衝著我來！不要針對小編查水表。」    ,https://news.ltn.com.tw/news/politics/breakingnews/5521713
自由觀點》民眾黨先告訴大家 為何「七年之癢」,政治,2026/07/29 15:20,    ,https://news.ltn.com.tw/news/politics/breakingnews/5521760
網酸高虹安搞不定毒炊粉就操作棒球場 工務處回應了,政治,2026/07/29 15:04,高虹安一失分棒球場就上場救援！有網友發文稱高虹安深陷新竹毒炊粉食安事件，結果網路就出現棒球場鋪好人工草皮的照片，遭疑藉此轉移毒炊粉事件焦點。（取自網路貼文）新竹市爆出明好企業農耕牌含甲醛毒炊粉食安風暴，家長擔憂孩子的營養午餐是否吃到毒炊粉，更質疑高虹安市府蓋牌7週。有網友發文酸高虹安一失分，棒球場就會上場。果然這兩天網路又傳出棒球場已鋪好人工草皮的照片，被質疑又拿棒球場轉移高虹安施政無能焦點。網友發文稱，只要網路出現新竹棒球場內容的時候，大概又是高虹安有負面新聞跟傷害選舉事情了！這次救駕就是毒炊粉蓋牌然後裝死，然後流入校園了，沒事啦棒球場好棒完工了。請繼續往下閱讀...有網友稱只要高虹安一失分，棒球場就會上場救援，這次是毒炊粉食安事件，結果棒球場就出現已鋪好人工草皮的照片，遭疑藉此轉移焦點。但網友也稱人工草皮鋪好後，塑化感很重，可能甲醛含量不少吧。但也希望市府不要再拖延棒球場的啟用，更希望職棒能回歸，而不是把1.33億的人工草皮經費拿來做為三級棒球練習之用。市府工務處指出，針對近日網路流傳「新竹棒球場將進行為期2至3年壓力測試」的說法，市府澄清並未規劃長達2至3年的壓力測試，棒球場改善工程預計8月底申報竣工。工程完工後，將啟動驗收程序，規劃9月辦理實際測試及反饋，針對場地細節進行必要調整與優化，目標是開放辦理對外公開賽事及各項活動。    ,https://news.ltn.com.tw/news/politics/breakingnews/5521675
新北黨部民調領先 李四川競辦：做事的人不分顏色 以政見爭取支持,政治,2026/07/29 14:51,李四川競辦發言人吳亮賢表示，民調會作為參考，做事的人不分顏色，會持續以具體政見，爭取市民支持。（李四川競辦提供）國民黨新北市黨部29日宣布最新民調，國民黨新北市長參選人李四川領先民進黨新北市長參選人蘇巧慧7%。對此，李四川競選辦公室發言人吳亮賢表示，民調會作為參考，做事的人不分顏色，李四川將秉持民生優先精神，繼續深入29區，聆聽基層民意，並以專業角度出發、以實際經驗為基礎，透過具體有感的政見，爭取全體市民朋友支持。新北市黨部宣布最新民調，李四川支持率43.7%、民進黨新北市長參選人蘇巧慧支持率36.8%，其中李四川的女性和中間選民支持度更大幅增加，吳亮賢表示，目前李四川提出的親子、育兒、好孕、長者、全齡護牙、醫療、交通、產業等政見，獲得許多市民朋友好評，李四川會持續前進第一線、深入各界基層，將鄉親的意見與需求，納入政見重要參考。請繼續往下閱讀...吳亮賢也補充，李四川提出各項政見中，除了呼應各族群需求，李四川更接棒侯友宜市長的建設基礎，規劃具體城市藍圖，例如：李四川近期提出五大醫療政見，補強蘆洲、土城、三峽、板橋、淡水等分區醫療量能；推動大漢溪捷運縱貫線、淡北快線等重大交通建設，形成「南有巨蛋城、北有科學城」的新北雙城戰略，布局未來30年的城市發展。吳亮賢表示，李四川會持續堅持專業務實態度、以具體政見論述的選舉方式，並在當選後一一落實為未來新北市的施政方向，接棒推動各大建設穩健前進，讓新北市民朋友的生活，繼續往好的方向前進。    ,https://news.ltn.com.tw/news/politics/breakingnews/5521663
蔣萬安拋「陳其邁適合組閣」遭綠酸  藍委：先正視卓內閣失能,政治,2026/07/29 14:49,國民黨立委廖偉翔。（資料照）台北市長蔣萬安近日拋出「倒閣說」後，今再點名高雄市長陳其邁是不錯的閣揆人選。對此，國民黨立委柯志恩辦公室強調，人民最關心的是行政院長卓榮泰是否為毒油案負起政治責任；立委廖偉翔則直言民進黨謊話連篇，換閣揆討論源於卓內閣施政無方，呼籲綠營正視內閣失能問題。蔣萬安近日拋出「倒閣說」後，今再點名陳其邁是不錯的閣揆人選，市政滿意度很高，是一個適合組閣的人選。民進黨立委則諷蔣萬安似乎對市長職位比較沒有興趣，一直對國政指指點點，卻忘了自己該做的事情，若想應徵陳其邁市長的發言人，可代投履歷給高雄市政府。請繼續往下閱讀...國民黨立委、高雄市長參選人柯志恩國會辦公室回應，對於閣揆接任人選沒有評論。但委員身為民意代表，人民目前最關心的，不是要不要倒閣，更不是誰適合接任院長，而是卓榮泰院長是否願意為毒油事件負起政治責任，以及政府什麼時候才能把真相查清楚、補起制度漏洞？這才是目前最重要的事。國民黨立委廖偉翔表示，現在民進黨就是謊話連篇、鬼話滿天、政策跳票、責任甩鍋，所以陳其邁還願意質疑20％的標準，的確是比卓榮泰不斷蓋牌好一點。廖偉翔指出，朝野之所以會出現換閣揆的討論，根源就在於卓榮泰內閣施政無方、朝野對立加劇，地方首長站在第一線面對民意，關心中央政策與閣揆適任與否，也是代表市民表達對中央施政的不滿，請民進黨團先正視內閣失能的事實。廖偉翔強調，人民不需要一個只會和立法院對立、無法解決國政問題的行政院院長，民進黨與其花時間進行政治攻防，不如好好檢討現任內閣的施政問題，把心思放在解決國政要事上。    ,https://news.ltn.com.tw/news/politics/breakingnews/5521690
陳其邁酸「工作做好卡實在」回應接閣揆 蔣萬安：重新組閣化解朝野僵局,政治,2026/07/29 14:47,台北市長蔣萬安率領市府一級局處同仁，前往市議會民進黨黨團說明重大議法案，會後接受媒體聯訪（記者田裕華攝）台北市長蔣萬安繼提出「倒閣」說後，今於廣播節目專訪進一步點名高雄市長陳其邁是不錯的閣揆人選。陳回應，現在最重要的工作就是把工作做好，台北市長也該是如此，人民不樂見政治處理。對此，蔣萬安拜會市議會民進黨團後受訪還原自身原意，是要中央政府聆聽民意負起政治責任，落實責任政治，重新組閣化解目前朝野僵局。蔣萬安還原今天上午發言內容指出，自己說的是針對這次毒油事件，如果賴清德總統能夠好好聆聽民意，讓卓榮泰院長為毒油事件負起政治責任，這是落實責任政治，同時換一個新的閣揆，重新組閣，也是化解目前朝野僵局。請繼續往下閱讀...蔣萬安說，因此他認為陳其邁市長是一位非常好的人選，陳的施政滿意度很高，也做過行政院副院長，而且陳在食安事件上，捍衛人民的健康與食安，故而提出這樣的建議。    ,https://news.ltn.com.tw/news/politics/breakingnews/5521660
蔣萬安自打臉！林楚茵轟「官賊都是你」：6月喊抓深偽、7月護航,政治,2026/07/29 14:44,民進黨立委林楚茵。（資料照）製作深偽影片的「萊爾校長」小編韋淳祐因偽造總統賴清德聲音被檢舉，警方獲報後登門查證。台北市長蔣萬安昨承認是自己委託，「有事衝著我來」。民進黨立委林楚茵今痛批，官也是蔣萬安、賊也是蔣萬安，蔣萬安6月8日稱要引入最新技術辨識抓深偽，本月28日為深偽護航，偽造三軍統帥聲音，通常是敵人在做的事，蔣萬安是不是和敵人站在一起。林楚茵指出，6月8日AI深偽詐騙猖獗，蔣萬安說北市府要引入最新技術辨識；7月28日AI深偽賴總統影片，蔣萬安說：「影片是我拜託製作的，有事衝我來。」抓深偽的是蔣萬安，替深偽護航的也是蔣萬安，根本自打臉。請繼續往下閱讀...林楚茵諷刺，蔣萬安還叫別人「對法律要有所了解」，蔣萬安果然是美國律師，對台灣法律不太熟，不知道偽造別人聲音會涉及偽造文書。如果有人深偽蔣萬安的聲音，去幫北市虐童幼兒園拍廣告可以嗎？蔣萬安不敢說可以，只急著說「這完全不一樣」。「哪裡不一樣？」林楚茵痛斥，國民黨深偽總統聲音，就是創意和言論自由。別人深偽蔣萬安聲音，他就會怕？更嚴重的是，偽造三軍統帥聲音，通常是敵人在做的事，蔣萬安不管好台北市政，反而跳出來替深偽護航，蔣萬安是不是跟敵人站在一起？    ,https://news.ltn.com.tw/news/politics/breakingnews/5521681
敬老卡升級引藍綠交鋒 黃世杰陣營批張善政傲慢,政治,2026/07/29 14:41,民進黨桃園市長參選人黃世杰發布六大政見。（資料照，記者鄭淑婷攝）民進黨桃園市長參選人黃世杰提出敬老卡升級每月將增加至1200點等政見後，在桃園市議會引發熱議，黃世杰競選辦公室新聞部主任黃宣尹說，民進黨議員王珮毓當面向市長張善政進一步爭取時，被張傲慢嗆聲、不理睬相關訴求；如果張不願意做市政、搞到國民黨內訌，那就讓黃帶領民進黨團隊來為桃園人擘劃更多福利。黃宣尹說，黃世杰提出敬老卡升級政見，因每月將增加至1200點，預算當然會增加，而對市民的照顧也會增加；讓市民能夠提升使用率，在更多地方消費、年底結算，才是真正的福利政策，而非張善政市府的「動動嘴皮」假福利。請繼續往下閱讀...「諷刺的是，在黃世杰提出敬老卡政見後，張善政突然跟進一小部分」，黃宣尹說，王珮毓當面向張爭取時，遭張傲慢嗆聲還不理睬相關訴求；敬老卡議題在議會被討論時，甚至連藍營議員也支持黃的政見，卻再遭市府抹黑亂花錢。    ,https://news.ltn.com.tw/news/politics/breakingnews/5521646
與家人常逛興國市場 黃世杰：看市場轉型升級感到開心,政治,2026/07/29 14:36,民進黨桃園市長參選人黃世杰（右4）等人前往中壢區興國市場掃街，現場氣氛熱絡。（記者李容萍攝）民進黨桃園市長參選人黃世杰今（29）日前往中壢區興國市場掃街，他表示，興國市場是中壢很有代表性的市場之一，也是他很熟悉的市場之一，很常跟家人一起到興國市場採買，對這裡格外有親切感，看市場轉型升級也感到開心。中壢現在持續發展中，市府更應做好配套措施，讓中壢在眾多大型工程中也能井然有序。黃世杰上午由競選總部主委范振修、桃園市議員徐景文、魏筠、張曉昀、彭俊豪、黃崇真及興國市場自治會總幹事魯力維等人陪同，先於在地信仰中心美豐福德祠參拜祈福，再一同前往興國市場掃街，沿途還有攤商送上蒜苗，替黃世杰加油打氣、預祝他「凍蒜」。請繼續往下閱讀...黃世杰表示，興國市場是桃園傳統市場轉型升級的成功典範，舒適的室內採買環境、完善的停車空間及現代化設施，不僅提升市民購物品質，也帶動市場發展。希望未來桃園更多傳統市場都能朝這個方向持續改善，讓市場不只是買菜的地方，更成為兼具便利、舒適與人情味的生活空間。黃世杰提到，中壢正處於城市建設的重要階段，包括鐵路地下化、污水下水道建設及多項道路改善工程都持續推動中，未來還有桃園市立美術館、中壢體育園區等重大建設，城市發展潛力相當可觀。這些很多都是前市長鄭文燦任內規劃推動的重要建設，為中壢未來奠定良好基礎，但工程推進期間也衍生交通衝擊與生活不便，市府更應做好施工管理、動線規劃及配套措施，讓市民在施工期間也能安全、舒適生活。黃世杰表示，中壢人口持續成長，城市治理不能只有大型建設，更要兼顧市民每天的生活品質。這次提出六大政見，從交通改革、公車全面升級、智慧治理、育兒支持、長者照顧到城市安全，全方位回應不同世代的需求。他也會持續深入桃園各地，傾聽市民聲音，攜手打造一座更有溫度、讓人心動的桃園。民進黨桃園市長參選人黃世杰（左3）等人前往中壢區興國市場掃街，現場氣氛熱絡。（記者李容萍攝）民進黨桃園市長參選人黃世杰（右）等人前往中壢區興國市場掃街，現場氣氛熱絡。（記者李容萍攝）民進黨桃園市長參選人黃世杰（左）等人前往中壢區興國市場掃街，與民眾高喊「凍蒜」。（記者李容萍攝）    ,https://news.ltn.com.tw/news/politics/breakingnews/5521643
強化食安預防、應對  新北議員參選人李昆穎拋4項制度改革政見,政治,2026/07/29 14:31,新北市議員參選人李昆穎（右2）今（29）日提出4項油品安全策略。（記者黃子暘攝，資料照）食用油品安全全民關注，新北市議員參選人李昆穎今（29）日提出4項油品安全策略。他說，這四項做法涵蓋制度改革，以及增加專業設備與人力，並且補助油品業者自主檢測，包含將衛生局檢驗科升等為「檢驗中心」等。李昆穎表示，未來若進入議會，他將落實這4項監督，讓新北在食安應變上更快速、稽查檢驗更專業、校園午餐更安心。李昆穎指出，當中央啟動食安指揮中心時，新北應同步啟動跨局處「食安應變中心」，由衛生局、教育局、市場處及相關單位即刻投入掌握資訊、追查流向，迅速下架問題食品，應變中心應整合跨局處資料，建立高風險食品與業者資料庫，結合AI走向事前預防。請繼續往下閱讀...李昆穎表示，新北市應提升食安稽查與檢驗量能，衛生局檢驗科升為檢驗中心，擴充人力與檢驗設備，他將爭取設置「氣相層析質譜儀」，提升油品及各類食品的自主檢驗能力，且應增加對油品業者的送測補助，尤其是資本額3000萬元以下的製油廠與售油業者，市府每年應該補助油品送交第三方公正單位檢測，協助農會、自營業者及小型油品分裝加工廠，提升主動檢測的意願與次數。在師生食安部分，李昆穎說，教育局應建立專責食安督察制度，推動校校都有營養師，從食材採購、菜單設計到廚房管理，全程專業把關，也建議師生午餐食材成本調升，避免物價上漲壓縮品質，同步提高營養午餐成品及食材抽驗頻率。    ,https://news.ltn.com.tw/news/politics/breakingnews/5521642
鄭麗文解千萬定存救725？ 四叉貓翻財產申報：看不到這筆錢,政治,2026/07/29 14:30,網紅四叉貓。（資料照）致癌油風波持續延燒，國民黨25日號召群眾上凱道抗議民進黨政府處理毒油不力，隻字未提地方政府疏忽第一線監管職責，也不怪罪問題廠商製造毒油、延遲通報。先前有媒體報導國民黨中央經費不足，國民黨主席鄭麗文更解除個人定存，拿出千萬經費來，才讓活動順利舉辦。對此，網紅「四叉貓」表示，手上的鄭麗文財產申報檔案是2024年，看不到哪一筆是千萬定存耶，全部都是活期存款，或者是去年才放進去的定存呢？四叉貓在臉書PO出鄭麗文在2024年的財產申報，可以看到照片中不同銀行的每一筆申報的存款都是活期存款，四叉貓在貼文中表示，725凱道活動，鄭麗文「解千萬定存」救援。請繼續往下閱讀...四叉貓質疑，他手上的鄭麗文財產申報檔案是2024年，看不到哪一筆是千萬定存耶，全部都是活期存款，或者是去年才放進去的定存呢？真好奇。    ,https://news.ltn.com.tw/news/politics/breakingnews/5521587
產假天數、育嬰留停喬不攏 性工法、就保法多數條文保留送協商,政治,2026/07/29 14:15,勞動部長洪申翰29日出席立法院社會福利及衛生環境委員會繼續審查「性別平等工作法部分條文修正草案」等案。（記者塗建榮攝）各界關注政府國內人口少子女化、高齡化照育對策，為此，立法院社福委員會今續審性工法、就保法部分條文修正草案。性工法前輪討論取消65歲就保限制，提高提早再就業獎勵，此輪討論僅通過企業提供托兒設施、措施減稅誘因；就保法則僅通過提錢失業給付、縮短就業媒合及職訓時間條文，其餘條文均未達共識，裁定保留送院會協商。立法院社福及衛環委員會今（29）繼續審查「性別平等工作法部分條文修正草案」、「就業保險法部分條文修正草案」，針對前次議會審查後裁定保留條文繼續進行討論。請繼續往下閱讀...「性別工作平等法」方面，攸關婦女產假、產檢假及產檢假的第十五條，政院版主張產假自現行8週延長至12週、期間雇主全薪給付，同時併計陪產假、產檢假達14天，強調我國5人以下中小企業眾多，大幅延長產假恐衝擊人力調度。朝野立委則主張產假14週、產檢假7天過少、陪產假及產檢假併計亦不利性別分工，主張增為至少10天，甚至18天，該條最終裁定保留。第十六、十六之一及十六之二條有關育嬰留職停薪規定，政院版主張將適用子女年齡範圍自3歲放寬至未滿7歲、並更名「育兒假」；與朝野立委放寬至8歲的主張有異，另有立委提案延長育嬰留職停薪為3年，亦有人拋出監護人祖父母、特殊需求兒童家庭及單親照顧等特殊照護考量。至於第十九條、第二十條涉及減少工時和家庭照顧假條文，也在無共識保留送協商。僅通過政院版第二十三條之一文字，規定企業雇主提供托兒設施、措施者，得根據其支出金額之2%自當年度所得額中扣除，達成實質減稅效果，並自明（2027）年起施行。「就業保險法」部分，除前次討論確定取消65歲加保年齡上限、領取老年津貼者不得參與就業保險，以及就保金額、費率與勞保脫鉤，提升就促經費支出比率外，針對「育兒留職停薪」請領條件規定的第十條、第十一條、第十九條之二及第十九條之三內容仍無共識，維持保留送協商；僅通過第二十條、第二十五條縮短辦理求職登記後第8日起失業給付、公立就業服務機構登記起7日內推介就業或安排職訓。立法院社福衛環委員會今繼續審查「性別工作平等法」、「就業保險法」部分條文修正草案。（擷自國會頻道直播）    ,https://news.ltn.com.tw/news/politics/breakingnews/5521618
民進黨團洗臉蔣萬安！ 細數爆氣答詢等脫序行徑 拜會20分鐘就結束,政治,2026/07/29 14:09,台北市長蔣萬安率領市府一級局處同仁，前往市議會民進黨黨團說明重大議法案。（記者田裕華攝）台北市長蔣萬安今（29）天中午率領各局處首長至市議會，向民進黨團說明重大議法案及預算，會議準時12點半開始，原訂至下午2點結束，由於民進黨團不滿近期市長爆氣回應議員質詢、局處新聞聯絡人上班時間筆戰網友及府會聯絡人咆哮議員助理等行徑，總召王閔生於12點52分宣布「會議就此結束」。今天會議準時12點半開始，民進黨團出席者包含總召王閔生、幹事長林亮君、副召李建昌、議員洪健益、簡舒培、顏若芳、許淑華、王孝維、洪婉臻、陳賢蔚、陳慈慧、林延鳳、張文潔、何孟樺與鍾佩玲。會議桌對面則是市府局處首長排排坐，蔣萬安約在12點29分進入會議室，並坐在王閔生旁邊，蔣原欲跟議員一一致意但被拒。請繼續往下閱讀...王閔生開場致詞先禮後兵提到，歡迎市長來到民進黨團，重大法議案和預算只要是為了市政建設、民生的發展都會支持，也歡迎再一次前來說明。不過，近期台北市「相當不平靜」，除了天價遮陽傘、天坑、淹水、颱風整備假、修路樹及索資爭議，連捷運站洗拖地也會造成天花板坍塌致大量漏水，甚至爆發令人心痛的幼兒園大規模兒虐事件，市長真的很辛苦，但有肩膀擔起責任，這是市長最重要的工作。」市長任期剩下不到半年，面對這段期間以來發生的事情，希望市長回歸市政、專心市政；一旁的蔣萬安全程低頭不發一語。蔣萬安致詞說，這個會期是預算會期，由局處報告總預算案之外，今天報告的重大法議案包括社會、勞動、產業局及市場處等幾個案子，議員若有垂詢，會請局處一一詳細說明。議員關心的案子例如敬老卡擴大使用、特色運動館、捷運特別預算、營養午餐擴大預算，希望黨團能夠給予支持，並尊重黨團議程安排進行後續會議。待社會局、財政局、勞動局和警察局報告完重大法案，以及主計處報告明年度總預算、交通局補充說明自駕車輛三年計畫，確認沒有局處要進一步說明後，王閔生表示，針對最近議員在議場質詢時，市長用爆氣的方式回應，工務局公園路燈工程管理處的新聞聯絡人，上班時間在網路上發表有關政治的言論並跟網友互嗆，教育局府會聯絡人對議員助理大聲咆哮，在在顯示市府面對問題，都是用這種負面的方式，今天市府局處報告的內容，「我們自然會各本權責，做好監督的工作，所以今天市長帶領市府團隊來黨團拜會的會議，就此結束。」市府團隊也陸續離席。蔣萬安會後步出民進黨團會議室受訪時，被問到今天的會議罕見很快就結束，議員也完全沒有任何意見，這樣的氛圍，會否擔心本會期重大法議案及預算可能無法獲得支持？會再想辦法溝通嗎？蔣回應，「尊重市議會民進黨團」，但也會持續針對總預算、各項重大法議案跟各黨團溝通。    ,https://news.ltn.com.tw/news/politics/breakingnews/5521606
KMT青年涉AI深偽賴清德聲音  綠委當面向刑事局「告發蔣萬安」,政治,2026/07/29 14:05,台北市長蔣萬安。（資料照）國民黨新媒體部前主任、創造「萊爾校長」的小編韋淳祐，以AI深偽方式生成賴總統聲音並發布影片，遭警方上門調查。台北市長蔣萬安嗆聲說，他特別拜託韋淳祐團隊協助製作宣傳影片，「有事衝著我來」。對此，民進黨立委李坤城今日在立法院質詢刑事局長邱紹洲時表示，他現在就要檢舉、告發蔣萬安，希望警方約談蔣萬安，因蔣已承認教唆。邱紹洲表示，配合檢察官指示辦理。立法院內政委員會今日邀請內政部就「『萊爾校長』小編遭警突襲查水表事件，檢視警察執法標準與行政中立」進行專題報告。請繼續往下閱讀...李坤城表示，本次專案報告是先射箭再畫靶，報告題目是認為警方執法不公、不中立，因為有寫了「查水表」，非常不公平。內政部長劉世芳則說，題目是兩天前才被告知，但尊重立法院處理專案報告，警察是人民保母，對於非法案件都依法處理，SOP在警察養成過程中交代非常清楚，支持警方辦案。李坤城追問，該案目前是否由北檢偵辦中？警政署長張榮興表示，目前在偵辦中，「裡面都不會涉及到這個內容」。李續問，今天報告講偵辦中的案件，是想干預司法？他隨即向邱紹洲表示，蔣萬安坦承自己找前國民黨主席朱立倫，拜託韋淳祐的團隊協助宣傳，「蔣萬安已經承認自己去教唆人家犯罪了」。李坤城進一步說，他要在這舉發，希望警方去調查約談蔣萬安，因為蔣萬安已經承認教唆，「我現在就要檢舉啊，我現在就告發、你們就要去查，好不好？」邱紹洲回應，本案已經報請北檢指揮，會配合檢方指示辦理。內政部長劉世芳（右）、警政署長張榮興（中）針對小編遭警突襲查水表事件赴立院報告並備詢，劉世芳表示，全力支持警政單位依法偵辦。（記者劉信德攝）    ,https://news.ltn.com.tw/news/politics/breakingnews/5521603
北市油品3年未驗苯駢芘 吳欣岱批食安風險評估失靈,政治,2026/07/29 14:03,對此，台北市第二選區（內湖、南港）市議員參選人吳欣岱指出，台北市長蔣萬安面對食安問題，第一時間是號召市民大熱天上街要求行政院長下台，回頭看自家衛生局卻漏掉關鍵檢驗，顯見台北市府風險評估出現嚴重問題。（資料照）台北市議會昨（28）日在警政衛生委員會中，衛生局長黃建華坦言，近3年油品部分未驗苯駢芘。對此，台北市第二選區（內湖、南港）市議員參選人吳欣岱指出，台北市長蔣萬安面對食安問題，第一時間是號召市民大熱天上街要求行政院長下台，回頭看自家衛生局卻漏掉關鍵檢驗，顯見台北市府風險評估出現嚴重問題，北市府摒棄政治口水，應比照醫院「病安會議」模式找出系統性錯誤。吳欣岱指出，北市衛生局近三年針對通路商抽驗了 90 件油品，基層確實有做事，只是檢驗項目集中在重金屬與反式脂肪酸。然而，這 90 件抽驗中，從頭到尾未將「苯駢芘」列入清單。對於衛生局解釋「台北市是消費型城市，故工廠端油品抽驗為0件」，吳欣岱直言此理由恰好被現實打臉。此次中聯案的問題油品，正是透過通路一路流進台北市的餐廳與便當店；也正因為台北市是消費型城市，才更需要盯緊末端流通的食品安全，市府的風險評估明顯出了狀況，才會讓一級致癌物長期不在檢驗清單上。請繼續往下閱讀...「我不覺得這件事應該用『誰要下台』來處理。」吳欣岱指出，在醫院若有病人因系統性問題受傷，院方會召開「病安會議」，將時序重建，一路往回追溯每個決策節點並探討原因，最終產出具體可追蹤的改善措施。吳欣岱強調，病安會議最大的共識就是「不究責」，目的變成要誰下台，討論就會充滿卸責與模糊焦點的政治口水，每個人都在自我保護，真正的問題將永遠無法浮現。食安必須仰賴中央與地方各自把關，目前卻鮮少有人提出系統性的解決辦法來防止危機重演。為此，吳欣岱也針對對台北市政府提出三項具體建議與要求。首先，是比照病安會議規格，公開做一次根本原因分析，釐清為何在中聯案爆發前，苯駢芘未列入北市抽驗清單？是由誰決定？又是依據何種資料？其次，應把「抽驗項目怎麼決定」的機制講清楚，包含由誰決定、多久檢討一次，以及有沒有納入國際最新的風險資訊與其他縣市的檢出經驗。最後，必須將改善措施與時程公開，中聯案後補驗的30件及8月將出爐的 20 件僅是「救火」，市府真正該做的是提出治本的改善措施，讓下一個新出現的風險物質，不需等到全國爆發後台北市才想到要驗。吳欣岱說，上街頭喊誰下台是最容易的，但食安不會因為誰下台就變安全，只有當主事者願意坐下來，將清單、流程與決策機制一項項重新檢視，食安才能獲得真正的保障。    ,https://news.ltn.com.tw/news/politics/breakingnews/5521593
顏蔚慈批「預告李四川領先民調」 林金結澄清：節目所提為7/6~11民調,政治,2026/07/29 14:03,新北市議會國民黨團今（29）日發布黨團智庫委託媒體於7月20至23日調查新北市長選戰民調。（記者黃子暘攝）新北市議會國民黨團今（29）日發布黨團智庫委託媒體於7月20至23日調查新北市長選戰民調，結果顯示國民黨參選人李四川以43.7％支持度領先民進黨參選人蘇巧慧36.8%。民進黨市議員顏蔚慈質疑，國民黨市議員林金結早在16日就預告20日會有一波民調，李領先6到8%，結果預言成真，李四川連民調都可以「蓋出來」。林金結澄清，他在節目上提及的為另一媒體在6日至11日所做的民調，與今日黨團公布的媒體民調是不同民調。顏蔚慈說，林金結在2週前就在政論節目公開預告「我們國民黨下禮拜一（7月20日）會有一波民調，李四川領先6到8%」，結果竟然時間點、民調結果都預言成真，「川伯真不愧是工程專家，民調都可以『蓋』出來」。請繼續往下閱讀...林金結受訪回應，他日前看到鉅聞天下與皮爾森數據7月6日到11日做的民調結果，剛好上政論節目就提及此事，沒有所謂神預測，「我們一定有所本才敢講」。林金結也分享看法表示，最後衝刺仍要等各黨派參選人完成登記，目前民調僅供參選人參考，真正決定勝負的其實是未表態的約3成選民；今年以新北整個大盤來看，預估可能與朱立倫2010年第一次選新北市長，對上前總統蔡英文時的選舉模式差不多，「就是大家回歸基本盤」、不犯大錯，預估結果可能相近，「蘇巧慧也是來勢洶洶」、不容小覷，國民黨不會因為幾份民調顯示領先6％多就放鬆。至於中聯致癌油風暴對民調可能造成多長遠的影響？林金結認為，選舉受複雜因素影響，2014年頂新油事件還有太陽花事件、馬王政爭、油電雙漲影響，中聯案影響是否延續至年底，不敢言之過早，中間仍可能有其他事件發生，包括黨內如今正在醞釀討論的倒閣、總統立委選舉脫鉤，若成真勢必形成新的政治風暴。李四川是否能吃到泛綠選票？林金結分析，李四川與市長侯友宜近似，政黨色彩沒有那麼重，要保持目前的狀態、穩扎穩打取得民眾肯定，「我覺得我們的基本盤還算是蠻穩定的」，有信心守下新北，「侯友宜還沒有真正出手啦」。    ,https://news.ltn.com.tw/news/politics/breakingnews/5521605
《跟風來竹縣》Podcast第2季全新上線 ,政治,2026/07/29 13:56,《跟風來竹縣》Podcast第2季全新上線，今天由新竹縣副縣長陳見賢（中）宣布開播。（記者黃美珠攝）新竹縣Podcast節目《跟風來竹縣》第2季全新上線，每2週更新1次內容，總共7集，包含在新竹縣政府YouTube（https://reurl.cc/894nq4）頻道在內，有多個平台可以收聽或收看。副縣長陳見賢今天宣布開播，並由節目主持人Eddie、藝人香蕉（王俊傑）對談分享節目亮點，號召大家一起透過聲音，認識新竹縣的在地文化、人文故事以及縣政脈動。陳見賢說，去年《跟風來竹縣》第1季開播後，累積收聽數突破20萬次，線上網友的回饋很不錯。全新一季的內容，以民眾最關心的議題為主，規劃3C科技教育、反詐騙、防災知識、觀光文化、健康衛生以及原民藝術扎根多樣主題，並邀請各領域專家與在地代表對談，用生活化內容，拉近政策與民眾間的距離。希望《跟風來竹縣》讓大家在通勤、運動或休憩時能輕鬆了解縣政，認識日常視角外的新竹縣，或接觸最新的打詐絕招、眾所矚目的公共議題等。請繼續往下閱讀...縣府傳播行銷處長蔡宜綾說，下週二、8月4日即將推出的節目跟即將來到的一年一度義民祭典有關，將由「喜劇貴公子」黃豪平跟「打幫你樂團」劉阿昌分享、暢聊他們眼中今年的祭典活動。8月18日則由新竹縣警局推薦的犯罪心理學專家戴伸峰，搭檔新竹縣刑警大隊大隊長張詔雄，共同從喪屍菸彈聊起，跟民眾分享如何破解毒品迷思與成癮的真相。新竹縣全新一季的《跟風來竹縣》Podcast節目，共有7集，從3C科技教育、反詐、防災、義民祭典、反毒等，要跟大家一路暢聊一暑假。（記者黃美珠攝）新竹縣全新一季的《跟風來竹縣》Podcast節目，共有7集，從3C科技教育、反詐、防災、義民祭典、反毒等，要跟大家一路暢聊一暑假。（記者黃美珠攝）    ,https://news.ltn.com.tw/news/politics/breakingnews/5521590
沈榮欽示警！ 中國切香腸「灰色地帶」策略步步進逼 《保衛台灣》揭危機,政治,2026/07/29 13:51,北京已經逐漸進化，改用「灰色地帶」策略，用切香腸的方式，逐步緊縮台灣的空間。（美聯社）前國民黨新媒體主任韋淳祐涉嫌偽造總統賴清德聲音遭檢舉，台北市長蔣萬安聲稱是自己委託製作影片，還指控民進黨議員要求警察偵辦是「指揮辦案」。對此，加拿大約克大學副教授沈榮欽表示，長久以來，美國對一中政策採取「戰略性模糊」，目的在嚇阻北京武力犯台。但是多年來北京已經逐漸進化，改用「灰色地帶」策略，用切香腸的方式，逐步緊縮台灣的空間。沈榮欽在臉書PO文表示，多年來北京已經逐漸進化，改用「灰色地帶」策略，當中間地帶消失後，北京距離武力犯台就越來越近，只剩下一步之遙，圍島演習可以隨時弄假成真。北京甚至希望最終能夠以此不戰而屈人之兵，不動用武力就讓台灣投降，當「戰略性模糊」不足以回應中國灰色地帶策略時，美國該怎麼做？請繼續往下閱讀...沈榮欽說，Bonny Lin在《外交事務》評論了Eyck Freymann的重要新書《保衛台灣》（Defending Taiwan），雖然這本書出版時已經在台灣掀起討論，但是如今能夠在《外交事務》上刊登書評，無疑讓《保衛台灣》獲得更多美國政治人物關注。《外交事務》編輯給本文的標題是：〈全世界最孤獨的島嶼〉。Bonny Lin說：「上個月，中國艦艇檢查了近200艘途經台灣東海岸的船隻——北京方面聲稱此舉是特別執法和交通管制行動的一部分，但外界觀察人士認為這是一種準隔離措施，旨在演練中國控制台灣週邊海域的能力。」、「從現在到2028年台灣舉行下屆總統大選期間，北京很可能會進一步加大對台灣的施壓。中國可能會更多地使用「灰色地帶」策略影響選舉結果，或削弱賴清德領導的民進黨。」沈榮欽指出，灰色地帶策略給華盛頓和台北帶來了棘手的挑戰。如果北京封鎖台灣，缺少能源與食物的台灣，可能很快就會陷入困境，《保衛台灣》建議此時美國應該對中國施加升級壓力：「美國可以向台灣空運先進武器，這將迫使北京冒著攔截或擊落美國飛機的風險。但北京也可以迫使華盛頓採取行動：由於向台灣這樣面積廣闊的島嶼運送物資需要通過海運，中國可以利用其龐大的海上民兵和漁船隊來封鎖美國船隻。屆時，美國將面臨這樣的選擇：要麼強行通過中國船隻（可能造成中國公民傷亡），要麼放棄向該島提供補給。」沈榮欽續指，《保衛台灣》書中最重要的建議在於美國目前實施的「戰略性模糊」無法應付中國切香腸式的灰色地帶攻擊，因此Freymann建議美國應該從「戰略性模糊」調整為「結構性模糊」，美國也擁有一系列強大的經濟手段來遏制中國，包括制裁、出口管制、投資審查、供應鏈多元化和關稅。過去，華盛頓曾對能源、金融和武器實施制裁，以孤立伊朗、北韓和俄羅斯等對手。但中國在全球經濟中的體量和核心地位，使得任何制裁北京的嘗試都面臨著更加艱鉅的挑戰，Freymann稱之為「世界歷史上最膽大妄為的經濟脅迫行為」。沈榮欽分析，Bonny Lin表示，無論美國選擇何種嚇阻戰略，北京在反擊和實施懲罰方面都愈發大膽。中國領導人在2025年就已明確表達了這一點。今年4月，在美國總統川普加徵懲罰性關稅後，北京採取了對等措施，並威脅限制對美國的稀土出口，迫使華盛頓讓步，同意降低關稅稅率。11月，在日本首相高市早苗表示，如果中國入侵或封鎖台灣，日本可能會採取軍事行動後，北京發起了一場旨在向東京施加政治、經濟和軍事代價的運動，試圖迫使高市早苗收回其言論，這兩個例子都代表著事態升級，如今中國已經比過去更具信心，也更具威脅性，將對任何北京當局認為有損中國利益的言論或行為進行懲罰。沈榮欽強調《保衛台灣》清楚地認識到，政治和經濟威懾必須輔以可信且可持續的懲罰措施。如果美國對中國的灰色地帶策略反擊，中國必然會報復。對北京施加代價很容易導致局勢螺旋式升級。為了使這種策略有效，美國需要表明，即使中國在每一步都施加與美國相同的壓力，美國也不會讓步，這樣才能使得「結構性模糊」政策奏效。沈榮欽補充，問題在於美國政府是否有這樣的決心，Bonny Lin說：「目前尚不清楚美國是否願意這麼做。中國沒有表現出美國施壓會使其讓步，而美國也沒有表現出持續升級緊張局勢的意願。當北京威脅切斷稀土和關鍵礦產供應時，美國決定在關稅問題上讓步，顯示華盛頓不願，或許尚未準備好承擔大規模升級的代價。相反，川普第二屆政府認為，美國的盟友和夥伴應該承擔更多責任，以應對中國對台灣的灰色地帶脅迫。少數美國專家和政策制定者——包括川普政府內部的一些人士——認為，美國應該放棄外交政策學者Jennifer Kavanagh和Stephen Wertheim在《外交事務》撰文所稱對中國『無法取勝的台灣戰爭』。」沈榮欽直言，這就是美國對台政策中令人不安的部分，Bonny Lin這樣說。她認為如果美國想要保衛台灣，就不能忽視中國可能利用灰色地帶策略不戰而勝的可能性，必須要擬定相應的策略回應，Eyck Freymann的《保衛台灣》是一本對台灣與美國都十分重要的新書，希望國內有出版社能夠購買版權，儘快在台灣出版中文版。    ,https://news.ltn.com.tw/news/politics/breakingnews/5521506
何欣純嗆江啟臣「逢盧就神隱」！曝民調大幅追趕：剩個位數,政治,2026/07/29 13:49,立委何欣純嗆江啟臣「逢盧就神隱」。（記者廖耀東攝）民進黨台中市長參選人、立委何欣純今日受訪指出，近期大家都質疑立法院副院長江啟臣在台中市發生重大議題只會閃避或神隱，從去年的非洲豬瘟到今年的食安問題，只要碰到盧秀燕市長有關的，江啟臣就完全沒聲音，對食安問題，對去年的非洲豬瘟所遺留下來的垃圾處理的問題，他也隻字不提，「逢盧就神隱」！何欣純上午召開「市議員參選人協尋江啟臣候選人記者會」，她隨後於大甲參加活動，媒體詢問江啟臣回應說，「他都有去立法院的會議，蠻好找的。」請繼續往下閱讀...對此何欣純表示，這次的油品食安破口就是在台中，江啟臣對盧市長 8 年來都沒有主動稽查過，中聯油品抽驗油品的動作，唯一的一次是中央專案要求地方政府做，事實上台中市政府 8 年來沒有抽驗過中聯油品，江啟臣針對此事也隻字不提，當作沒看到，也完全沒有為食安問題來發聲。何欣純說，江啟臣他的民調沒有大幅領先，在她自己做的民調，已經縮短到個位數字了，大幅地追趕上，相信江啟臣可能是在轉移焦點。市議員們或者是民眾、市民在找的是，真正能夠有擔當、負責任、幫市民解決問題的市長，而不是一個只會神隱、只會閃躲、默默不做聲的那一個人。    ,https://news.ltn.com.tw/news/politics/breakingnews/5521553
民眾黨團批徐佳青出國報告僅5頁 四叉貓曬黃國昌考察心得秒打臉,政治,2026/07/29 13:42,四叉貓今日在臉書發文曬出黃國昌的考察報告。（取自四叉貓臉書）立法院民眾黨團昨日點名陸委會與僑委會「假考察真觀光」，批評僑委會委員長徐佳青繳回的考察報告只有5頁，不知情的還以為是旅行社廣告。對此，網紅「四叉貓」翻出民眾黨主席黃國昌在中研院擔任研究員時，前往美國出差9天後繳交的報告書表示「心得只有305字喔」。民眾黨團幹事長邱慧洳昨日批評，僑委會出國考察預算從2022年約1632萬元，逐年增加到超過2090萬元；僑委會委員長徐佳青在今年4月22日至5月18日「出國爽玩26天」，感覺很像是在環遊世界、周遊列國，別人不說還以為是旅行社領隊，不知道是僑委會委員長的身分，如果對僑務推動沒有實質幫助，這筆錢完全就像是丟到水池裡。請繼續往下閱讀...邱慧洳還批，徐佳青繳回的考察報告只有5頁，不知情的還以為是旅行社廣告，前有飯局後有電影欣賞，完全沒有看到經驗分享。對此，四叉貓今日在臉書發文指出，黃國昌15年前在中研院上班時，申請到政大的經費，去美國史丹佛大學出差了9天，結果回來的報告書也是寫行程介紹，「心得只有305字喔」。網友紛紛留言表示：「雙標」、「掌到自己人的臉」、「約300字9天心得，平均一天約33字，老師好棒」、「雙標黨」。    ,https://news.ltn.com.tw/news/politics/breakingnews/5521523
立院初審通過農業三法 違反水保法釀災致死最重罰1億,政治,2026/07/29 13:39,美濃大峽谷盜採案後，立法院三讀修正《土石採取法》，提高罰鍰上限並增訂刑責。圖為檢警偵辦美濃大峽谷盜採案現場。 （資料照）立法院經濟委員會今日初審通過農業發展條例、水土保持法、山坡地保育利用條例部分條文修正草案，初審通過條文規定，違反水土保持法、山坡地保育利用條例，未經同意擅自墾殖、占用等情事，致釀成災害者，因而致人於死者，得併科1億元以下罰金；致重傷者，得併科8000萬元以下罰金。美濃大峽谷去年發生盜採案，為遏止不肖商人違法行徑，立法院院會7月21日三讀通過「土石採取法部分條文修正案」，明定未經許可採取土石者，罰鍰最高可處2500萬元；致人於死者，得併科1億元以下罰金；致重傷者，得併科8000萬元以下罰金。請繼續往下閱讀...立法院經濟委員會今日初審通過的水土保持法修正草案，對標土石採取法，明定未經同意擅自墾殖、占用等情事，致生水土流失或毀損水土保持之處理與維護設施者，罰鍰最高可處2500萬元。致釀成災害者，加重其刑至二分之一；因而致人於死者，得併科1億元以下罰金；致重傷者，得併科8000萬元以下罰金。初審條文也規定，過失犯罰金從60萬元，提高至100萬元以下罰金。而除了大幅提升違反水土保持法的裁罰金額，修法也將「未經同意」之限期整復相關費用，納入由違規行為人負擔。山坡地保育利用條例修正草案部分，第10條原條文「不得擅自墾殖、占用」，初審條文修正為「未經同意不得墾殖、占用」。第34條罰則部分，同樣對標土石採取法、水土保持法，罰鍰最高可處2500萬元。致釀成災害者，加重其刑至二分之一；因而致人於死者，得併科1億元以下罰金；致重傷者，得併科8000萬元以下罰金。國民黨立委羅智強、民進黨立委徐富癸均提出「山坡地保育利用條例第15條條文修正草案」，增列對人身安全之保障，明確規範山坡地濫墾可能導致人身安全危害之責任，確保受害者獲得相應賠償，以及賦予主管機關緊急處理之權限。初審時照案通過。今日也一併修正農業發展條例、水土保持法、山坡地保育利用條例第2條條文修正草案，有鑑於組織改造，配合行政院農委會已於112年8月1日成為農業部，一併修正主管機關名稱。農業發展條例部分條文修正草案部分，國民黨立委楊瓊瓔、呂玉玲、陳超明、邱鎮軍，民進黨立委邱志偉劉建國等朝野立委，均提出修法版本，將野生動物、氣候異常致病蟲害等納入天然災害範疇，經2小時討論仍無共識，召委洪毓祥裁示，相關提案保留送院會處理，須交由黨團協商。    ,https://news.ltn.com.tw/news/politics/breakingnews/5521572
助聖石金業181億吸金案老董獄中特見？ 徐富癸：未參與討論案情,政治,2026/07/29 13:27,民進黨立委徐富癸。（資料照）有媒體披露，民進黨立委徐富癸曾協助涉吸金案的聖石金業集團實際負責人邱薡宬，在獄中辦理特別接見。對此，徐富癸今（29日）回應說，自己不認識邱薡宬，邱當時陳情希望由律師提出再審，過程僅讓律師與當事人見面後旋即離開，並未參與案情討論。聖石金業集團爆出非法吸金達新台幣181億餘元，至少559人受害，邱薡宬被台北地檢署起訴求刑18年。「鏡週刊」今報導披露，邱薡宬入獄後為遙控公司營運並爭取轉往外役監，尋求藍綠立委安排特別接見，徐富癸曾親自陪同律師前往台北監獄特見邱薡宬。請繼續往下閱讀...對此，徐富癸透過文字聲明表示，他和特見當事人（邱薡宬）並不認識，特見理由主要是邱陳情，前案公司的訴訟程序希望由律師提出再審，故協助辦理特見，讓邱薡宬與委任律師討論與前公司的糾紛案件。徐富癸進一步說明，特見時間點是在聖石吸金案件發生前，他過程中僅讓律師與當事人見面，旋即離開現場，並未參與案情討論。    ,https://news.ltn.com.tw/news/politics/breakingnews/5521560
因應高鐵新時代 宜蘭民代爭取土地活化推青年社宅,政治,2026/07/29 13:07,宜蘭縣議員黃惠慈（中）與參選人游國連（左2）等人，擘劃青年社宅藍圖，未來將爭取土地活化，助年輕人成家。（宜蘭縣議員黃惠慈提供）民進黨宜蘭縣長參選人林國漳提「青年宜蘭．四箭齊發」政策，盼助青年安居，但面對高鐵延伸宜蘭定案，有民眾擔憂會引發房價高漲，縣議員黃惠慈與參選人游國連等人，今天擘劃青年社宅藍圖，未來將爭取土地活化，助年輕人成家。議員黃惠慈說，因應高鐵核定，首要任務是穩定房地價格，避免惡意炒作，保障青年「租得起、買得起」權利，將督促縣府全面通盤檢討縣內閒置或低度使用的土地，具體說明未來活化方向，以超前部署龐大居住需求。請繼續往下閱讀...針對土地規劃，黃惠慈強調，少子化使人口結構改變，過去都市計畫留設的「學校預定地」已不符現況，政府應調整土地分區，將閒置學校用地轉型為青年社宅、社福或長照機構，不僅照顧在地縣民，更為高鐵新時代預作準備。參選人游國連指出，宜蘭今年新生兒跌破2千人，受少子化衝擊，多處學校預定地已無建校需求，未來將全力支持林國漳「4百戶青年宅與婚育宅」政見，督促縣府加速腳步，將閒置學校用地轉型為青年住宅基地，助年輕人成家。除居住問題，游國連也提及，宜蘭市東區發展迅速，導致停車空間不足，建議緊鄰的公園預定地，應效仿雙北模式採立體化開發，地上維持公園休閒、地下闢建停車場，才能解決青年安居與停車痛點。黃惠慈今天偕同游國連、宜蘭市民代表游國良、唐正忠，以及市民代表參選人呂柏凱、林緗庭等人，召開「啟動都市計畫通盤檢討，打造宜蘭青年社宅藍圖」說明會，表示未來將攜手林國漳，增加宜蘭青年及家庭可負擔的居住選擇。    ,https://news.ltn.com.tw/news/politics/breakingnews/5521531
小貓熊統戰見面會告吹 國台辦跳腳嗆民進黨「無理刁難」,政治,2026/07/29 13:01,國台辦發言人陳斌華。（翻攝直播）上海市台辦主任金梅等中共官員，無法來台北市參加小貓熊見面會。中國國台辦發言人陳斌華今日嗆聲，民進黨當局竟對上海贈送方派員參加見面儀式無理刁難、無禮拒絕，充分暴露其「台獨」本性和對抗思維。陳斌華在國台辦例行記者會指出，「上海台北城市論壇」做為上海與台北兩市區重要的機制化交流平台，為促進兩市各領域交流合作發揮了積極作用，成果有目共睹。請繼續往下閱讀...陳斌華聲稱，小貓熊赴台，受到台灣同胞的廣泛歡迎。民進黨當局竟對上海贈送方派員參加見面儀式無理刁難、無禮拒絕，充分暴露其「台獨」本性和對抗思維，對此予以譴責。陳斌華嗆聲，民進黨當局動輒阻撓限制兩岸正常交流合作、破壞兩岸關係的做法，完全違背島內主流民意，必遭台灣民眾反對與唾棄。針對中共官員無法來台參加小熊貓見面會一事，陸委會主委邱垂正稍早在立法院內政委員會表示，北市府原本希望請台辦主任、副主任率一個團來台，聲稱要研商2026雙城論壇在台北舉辦，是以小貓熊見面會的名義。但我們看到中共對台灣的施壓，無論是在國際社會的打壓或在台灣周邊海域「執法巡航」宣稱有管轄權，在中共步步進逼、極限施壓之際，北市府還配合相關活動。邱垂正質疑，日本也有送小貓熊給台北市立動物園，為何日本都沒有見面會，然後跟對岸就要有一個統戰的見面會，而且還是台辦主任要來，我們認為這些都不適合。所謂見面會難道沒有統戰嫌疑嗎？邱垂正批評，「為何你跟其他國家交換小貓熊不用見面會，為何要特地為了中國辦見面？中國一直在國際打壓我們，正對著台灣步步進逼，另一方面又要來這邊『用軟的』，這是要鬆懈台灣對中國的認知，這個有統戰嫌疑，陸委會只是表達我們的想法，後來它就沒有送案申請。」    ,https://news.ltn.com.tw/news/politics/breakingnews/5521525
蔣萬安動作頻頻扯東扯西 周軒：突顯台北市政乏善可陳,政治,2026/07/29 12:56,蔣萬安近期動作頻頻，周軒認為，蔣萬安這些「三腳貓功夫」，無疑是突顯蔣的台北市政乏善可陳。（記者田裕華攝）台北市長蔣萬安近日動作頻頻，先是藉致癌油風波舉行「725反毒油」，日前又拋出倒閣議題，今日上午接受專訪時更指名高雄市長陳其邁是「不錯的閣揆人選」。政治工作者周軒認為，蔣萬安這些「三腳貓功夫」，無疑是突顯蔣萬安的台北市市政乏善可陳。周軒提到，蔣萬安自以為這樣可以挑起民進黨內部的矛盾，但真的是三腳貓功夫，陳其邁市長的高雄市政治理成績不在話下，他過去擔任副閣揆的經歷也是有目共睹，不分藍綠大家都知道，不需要蔣萬安再朗讀一次。請繼續往下閱讀...周軒表示，蔣萬安目標2028的企圖心已經藏不住了，這沒問題，但是他應該要探討的是，如果他要選2028，誰願意成為他的孫運璿？難道是殷瑋嗎？周軒續指，過去幾天藉著食安議題，蔣萬安搶著當陳其邁市長的發言人，結果被陳其邁市長本人打臉再打臉，原來蔣萬安居然在散布假訊息，還沒跟陳其邁市長道歉，現在又提陳其邁市長很適合當閣揆，這麼喜歡消費陳其邁，是不是發現高雄真的比台北好？周軒認為，當大家開始討論上述幾點時，其實也證明蔣萬安的台北市政，乏善可陳。周軒強調：「正常要連任的市長現在只有心思討論自己的市政成績，蔣萬安卻幾乎不提，這什麼意思，不言可喻。」    ,https://news.ltn.com.tw/news/politics/breakingnews/5521441
經民連示警八大機關瀕癱瘓 點名許忠信、黃健豪、翁曉玲指數最高,政治,2026/07/29 12:53,台灣經濟民主連合今召開「八機關面臨癱瘓，經民連公布立委惡意癱瘓政府指數」記者會。（台灣經濟民主連合提供）台灣經濟民主連合今召開記者會，發布「政府癱瘓警示鐘」網站，盤點憲法法庭、國家通訊傳播委員會（NCC）、監察院等八大國家機關瀕臨癱瘓，並發布「立委惡意癱瘓政府指數」，稱藍白立委全數跨過40分門檻，前三名為民眾黨立委許忠信、國民黨立委黃健豪及翁曉玲。另，年底將參選縣市長的立委中，以蘇清泉80.4分最高，其次為謝龍介、陳玉珍，經民連呼籲藍白停止封殺人事同意權，切勿讓國人承擔國家失能的代價。對此，許忠信、翁曉玲、蘇清泉等人僅稱，尊重言論自由，未有進一步回應。請繼續往下閱讀...經民連今召開「八機關面臨癱瘓，經民連公布立委惡意癱瘓政府指數」記者會，公布「政府癱瘓警示鐘」網站，盤點憲法法庭、監察院、檢察總長、中選會、NCC、公平會、公共電視及個人資料保護委員會等八個國家機關或機構即將瀕臨癱瘓的情形。經民連智庫研究員陳思妤示警，藍白黨人幾近全面封殺的人事同意權表決紀錄，已超出民主國家在野黨合理監督的範圍，其目的就是要癱瘓重要國家機關運作，就是傅崐萁親口說的「要讓民進黨政府找不到人當官」。而目前遭癱瘓風險最為危急的機關，就是NCC及監察院。陳思妤指出，NCC目前僅餘3位委員，已無法召開委員會，若7月31日後任期屆滿再遭杯葛，將徹底癱瘓；另這屆監委也於31日屆滿，藍白揚言全面否決被提名人，監察院癱瘓就在眼前。此外，公平會、中選會、憲法法庭、檢察總長、公共電視及個人資料保護委員會等單位，也分別因藍白封殺人事案、修法限制代理或拖延法案協商，正面臨嚴重運作危機。研究員黃亭偉表示，現正面臨癱瘓風險的八個單位，若立院持續惡意封殺人事案，許多領域的國家任務都將面臨停擺，人民權益將受到重大侵害。包括人民的憲法基本權保障、提起刑事非常上訴之權利、公正選舉、市場競爭秩序、公共電視、個資保護，以及通訊傳播秩序及違法官員彈劾糾舉等國家重要法制都將遭受嚴重衝擊。呼籲立委停止惡意封殺被提名人、停止盲從黨意，讓國家能夠繼續向前走。研究員黃承瀚說明，此次公布的「立委惡意癱瘓政府指數」，以人事同意權非同意票比例為基本指數，並設定40分為合理監督與惡意癱瘓的界線，另加計「特殊癱瘓指數」。從政黨表現來看，國民黨52名立委平均得分68分，民眾黨16名立委平均65.5分，兩黨納入統計者全數超過40分門檻；民進黨51名立委平均則為5.0分，無人超過40分。黃承瀚也說，個別委員惡意癱瘓政府指數排名前十名者，依次為白委許忠信102分、藍委黃健豪92.7分、藍委翁曉玲91.4分、白委劉書彬86.3分、藍委林倩綺85.4分、藍委謝衣鳯82.7分、藍委牛煦庭82.4分、藍委王鴻薇與黃仁同為81.4分及邱若華80.8分。除此之外，將參選年底縣市長的立委中，「惡意癱瘓政府指數」，蘇清泉80.4分，謝龍介78.4分，陳玉珍76.4分，吳宗憲73.4分，張嘉郡和柯志恩同為73.4分，徐欣瑩72.4分，江啟臣作為本應保持議事中立的副院長，竟也有68.4的高分。這項結果顯示，藍白對人事同意權案的處理，已不是針對個別被提名人的專業、操守與適任性進行審查，而是幾乎無差別的全面封殺。    ,https://news.ltn.com.tw/news/politics/breakingnews/5521507
陳俞融被男議員肘擊盧秀燕卻說也被陳暴力？ 陳要求盧秀燕爲造謠道歉,政治,2026/07/29 12:51,民進黨市議員陳俞融（左）與陳淑華指陳俞融開議時未對盧秀燕肢體暴力，批盧抹黑。（記者蘇金鳳攝）中聯致癌油造成藍綠嚴重對立，台中市議會27日開議，藍綠之間劍拔弩張，民進黨及國民黨衝到市長盧秀燕議場的備詢位置，並產生推擠，民進黨議員陳俞融今天表示，已要求當天被國民黨及無黨籍2位男議員肘擊送紀律委員會，並與議員陳淑華痛批市長盧秀燕昨天「我也遭受你的暴力」的回應，根本是抹黑栽贓，要求盧秀燕道歉，更質疑有議員說議會有衝撞區，要求議會說清楚。台中市議會表示，「衝撞區」是議員所言，議會並無衝撞區；至於要盧秀燕道歉一事，目前市府暫無回應。請繼續往下閱讀...台中市議會27日開議首日，朝野因中聯致癌油，在議場市長盧秀燕備詢的位置發生推擠，民進黨中市議員陳俞融在昨天議會控訴遭二位男議員肘擊及推擊，要求盧表態及也要求將二人移送議會紀律委員會，由於盧秀燕回應「我跟副市長黃國榮也遭受妳的暴力，性別平等、兩性都要平等」 ，今天陳俞融再批盧抹黑，強調自己從未碰到盧。她強調，自己根本沒有碰到盧秀燕，是國民黨市議員賴義鍠圍著盧秀燕，痛批盧秀燕造謠令人不齒。陳俞融指出，她已要求將對她肘擊的國民黨議員賴義鍠及無黨籍市議員林昊佑送紀律委員會，並要求市長盧秀燕道歉。陳俞融更指出，昨天還有議員竟說市長的位置有衝撞區，她感到不可思議，議事堂裡，什麼時候多了一個「衝撞區」？把肢體衝撞比喻成籃球場上的合法碰撞，是不是變相默許議會可以發生暴力？陳淑華也痛批市長在公開扭曲造謠，從影片任何角度，陳俞融並未對盧秀燕暴力，造謠說謊，抹黑栽贓，這不是藍綠、不是性別，影片看得很清楚。她也質疑，有議員說議會衝撞區，究竟在哪裡？她位在議場第一排，「海景第一排」，是否要劃出一條線來衝撞，議場就是議場，不能積非成是。    ,https://news.ltn.com.tw/news/politics/breakingnews/5521471
蔣萬安批綠指揮辦深偽片 徐國勇反擊：改姓就忘了法律？,政治,2026/07/29 12:51,民進黨秘書長徐國勇。（記者張嘉明攝）前國民黨新媒體主任韋淳祐涉嫌偽造總統賴清德聲音遭檢舉，台北市長蔣萬安聲稱是自己委託製作影片，還指控民進黨議員要求警察偵辦是「指揮辦案」。民進黨秘書長徐國勇今（25日）反批，根據「刑事訴訟法」相關規範，任何民眾發現有犯罪行為均可告發，並質疑蔣萬安在台灣沒有律師資格，「改個姓就忘了很多事情嗎？不要把法律給忘記了！」韋淳祐先前因製作反毒油影片，涉嫌偽造總統賴清德聲音遭檢舉。蔣萬安昨表示是由其委託，並質疑民進黨議員要求警察偵辦是「指揮辦案」。民進黨今天上午召開「蕉傲台灣，信賴挺農業」記者會，徐國勇會後接受媒體聯訪，被問及蔣萬安的說法。請繼續往下閱讀...徐國勇指出，對於深偽造假議題，前中廣董事長趙少康曾說涉及國安要嚴格偵辦，但蔣萬安卻是這樣的說法，請問法律讀到哪裡去了？蔣萬安是美國律師，在台灣沒有律師資格、可能不懂台灣法律，但這是違反司法、犯罪行為，「我替蔣萬安、律師界感到悲哀」。對於蔣萬安質疑民進黨指揮辦案一說，徐國勇回應，「刑事訴訟法」明定任何人知有犯罪行為都可以告發，甚至檢察官看到新聞報導也可主動立案偵辦，民意代表告發是合乎法律及憲法規定的行為，蔣萬安的法律是怎麼讀的？將民代告發稱為指揮警察，根本是笑話一通。媒體追問，在野黨認為此案偵辦屬於政治迫害。徐國勇反駁說，台灣已邁向民主自由人權的國家，不要犯了罪，在偵辦時就說是政治迫害，政治迫害是最爛、最便宜也最沒有意義的辯詞。    ,https://news.ltn.com.tw/news/politics/breakingnews/5521512
前綠營官員赴中經商  國台辦宣稱「不搞分裂都歡迎」,政治,2026/07/29 12:42,國台辦發言人陳斌華。（中央社）有綠營背景的前官員赴中國大陸參與商界活動近來引發話題，中國大陸國台辦發言人陳斌華今天宣稱，只要「不搞分裂活動」，陸方對台灣民眾來大陸觀光交流、學習、生活、就業方面都歡迎。鏡週刊日前報導，民進黨籍前農委會副主委李退之近年多次前往中國大陸洽商，期間與國台辦相關人員出席活動。李退之則回應，他今年確實為了咖啡攤位參展的事赴中國大陸，但並沒有帶什麼商界人士前去交流，也完全沒有打著賴清德總統、陸委會副主委梁文傑等名號要解決什麼疑難雜症。請繼續往下閱讀...除了李退之，民進黨創黨元老、前海基會董事長洪奇昌近年來也曾數度以民間身分赴中國大陸參訪、交流。中國大陸國台辦上午舉行例行記者會，被問到如何看待兼具政黨人脈跟商界身分的綠營民間人士到大陸交流，以及他們是否也具有一定的訊息傳遞角色時，陳斌華宣稱，兩岸民眾「是家人」，常來常往、走近走親是「大勢所趨、人心所向」。他又宣稱，台灣民眾只要願意參與兩岸交流合作，不搞分裂活動，陸方對他們來大陸觀光交流、學習、生活、就業方面都歡迎。    ,https://news.ltn.com.tw/news/politics/breakingnews/5521455
蔣萬安稱委託製作深偽影片 陳培瑜：假冒賴總統聲音是你下令？,政治,2026/07/29 12:38,民進黨團副書記長黃捷（左起）、黨團書記長范雲、副幹事長陳培瑜。（記者劉信德攝）製作深偽影片的「萊爾校長」小編韋淳祐因偽造總統賴清德聲音被檢舉，警方獲報後登門查證。台北市長蔣萬安昨承認是自己委託，「有事衝著我來」。對此，民進黨團副幹事長陳培瑜今日要求蔣萬安公開說明，若影片製作團隊是因他的指使而製作，AI變造是否也是他的下令？使用賴清德總統聲音造成混淆是否也是他的指示？身為律師的蔣萬安，應向市民清楚交代。黨團書記長范雲表示，蔣萬安昨天的發言真的是唯恐天下不亂，身為台北市長竟宣稱「叫賴總統去找他」，完全誤解言論自由的定義。言論自由可以諷刺總統、大罵總統，但絕不包含假冒他人姓名及聲音的自由，先前罷免連署若冒用他人簽名就是違法的行為，不會因為簽名像不像就不是偽造或假冒。請繼續往下閱讀...「重點不是聲音像不像，而是假冒他人姓名與聲音！」范雲強調，這不僅傷害民主社會秩序，更傷害民主最核心的信任，相信蔣萬安也不會希望別人冒用他的名字或聲音，說出他無法忍受的話。黨團副幹事長陳培瑜質疑，蔣萬安果然沒有讓人失望，既然承認影片是自己拜託製作，蔣萬安究竟授權到什麼程度？是否授權使用AI？是否授權相關內容？還是整支影片都完全授權，這才是蔣萬安現在應該向社會說清楚的。「蔣萬安遇到市政問題只會躲貓貓，躲進自己的安全世界。」陳培瑜直言，怎麼沒看到蔣萬安針對市政問題大聲向市民喊出「衝著我來」。身為台北市民，希望看到的是一位面對市政問題敢對市民做出承諾的市長，而非只有中央議題時才敢「衝著我來」。    ,https://news.ltn.com.tw/news/politics/breakingnews/5521487
蔣萬安稱委託製作深偽影片 陳培瑜：假冒賴總統聲音是你下令？,政治,2026/07/29 12:38,民進黨團副書記長黃捷（左起）、黨團書記長范雲、副幹事長陳培瑜。（記者劉信德攝）製作深偽影片的「萊爾校長」小編韋淳祐因偽造總統賴清德聲音被檢舉，警方獲報後登門查證。台北市長蔣萬安昨承認是自己委託，「有事衝著我來」。對此，民進黨團副幹事長陳培瑜今日要求蔣萬安公開說明，若影片製作團隊是因他的指使而製作，AI變造是否也是他的下令？使用賴清德總統聲音造成混淆是否也是他的指示？身為律師的蔣萬安，應向市民清楚交代。黨團書記長范雲表示，蔣萬安昨天的發言真的是唯恐天下不亂，身為台北市長竟宣稱「叫賴總統去找他」，完全誤解言論自由的定義。言論自由可以諷刺總統、大罵總統，但絕不包含假冒他人姓名及聲音的自由，先前罷免連署若冒用他人簽名就是違法的行為，不會因為簽名像不像就不是偽造或假冒。請繼續往下閱讀...「重點不是聲音像不像，而是假冒他人姓名與聲音！」范雲強調，這不僅傷害民主社會秩序，更傷害民主最核心的信任，相信蔣萬安也不會希望別人冒用他的名字或聲音，說出他無法忍受的話。黨團副幹事長陳培瑜質疑，蔣萬安果然沒有讓人失望，既然承認影片是自己拜託製作，蔣萬安究竟授權到什麼程度？是否授權使用AI？是否授權相關內容？還是整支影片都完全授權，這才是蔣萬安現在應該向社會說清楚的。「蔣萬安遇到市政問題只會躲貓貓，躲進自己的安全世界。」陳培瑜直言，怎麼沒看到蔣萬安針對市政問題大聲向市民喊出「衝著我來」。身為台北市民，希望看到的是一位面對市政問題敢對市民做出承諾的市長，而非只有中央議題時才敢「衝著我來」。    ,https://news.ltn.com.tw/news/politics/breakingnews/5521487
高鐵延伸宜蘭要花3521億 台灣前進批：全世界最貴塞車解方,政治,2026/07/29 12:34,行政院核定「高鐵延伸宜蘭計畫」，時代力量、小民參政歐巴桑聯盟、台灣基進、台灣綠黨成員組成的「台灣前進陣線」今（29）日上午於行政院大門前召開記者會，要求行政院「把文件攤開」。（台灣前進陣線提供）行政院核定「高鐵延伸宜蘭計畫」，時代力量、小民參政歐巴桑聯盟、台灣基進、台灣綠黨成員組成的「台灣前進陣線」今（29）日上午於行政院大門前召開記者會，要求行政院「把文件攤開」。他們指出，根據環評報告，只能舒緩國道5號平日3.1％、假日6.8％的交通量，無法完全解決交通瓶頸問題，換算改善比率與經費，堪稱全世界最貴的塞車解決方案，反對閉著眼睛就這樣花3521億元。時代力量黨主席王婉諭表示，今天站在行政院門口，不是反對宜蘭交通建設，而是核定6天以來，沒有人知道行政院到底核定了什麼。「行政院發了兩份新聞稿，兩份都沒有寫總經費。全台灣人民查得到『核定』兩個字，但核定了多少錢、要怎麼做，一片空白。」請繼續往下閱讀...王婉諭指出，這是同一條走廊歷來最貴的版本：2011年政府自己的可行性研究，北宜直鐵約668億元，報告認定「值得政府投資」；如今高鐵版本已達3521.75億元，監察院調查報告並註記，這個數字「尚不含基地及購車費用899億元」。王婉諭說，若以同一年度的環評定稿本比較，直鐵1321億元、高鐵3158億元，同一批顧問估算，高鐵貴一倍以上，監察院對成本估算留下「疑脫離現實」的質疑。她追問，建設費暴增5倍，是否創造5倍效益？「這究竟是負責任的交通建設，還是為了選舉做出的爆衝決策？」台灣前進陣線向行政院提出三項要求：1、7日內公開核定函、7月23日院會資料、國發會兩份審議意見、可行性研究修正報告、綜合規劃報告，以及高鐵、直鐵、臺鐵提速等替代方案比較與完整運量、國道五號減量、經濟效益及財務評估。2、依「行政院所屬各機關中長程個案計畫編審要點」第14點，立即登載完整核定計畫，至少包含核定日期、總經費、計畫期程、分年經費、財源及附帶條件。3、公開本案是否已依「預算法」第34條完成選擇及替代方案成本效益分析與財源說明；已完成應立即公開，尚未完成則不得在報告完成並送立法院備查前編列建設經費。    ,https://news.ltn.com.tw/news/politics/breakingnews/5521494
蔣萬安嗆「小貓熊交流和統戰有何關係？」陸委會轟：日本送的怎沒見面會,政治,2026/07/29 12:17,陸委會主委邱垂正今天（29日）在立法院內政委員會專案報告並備詢。（記者劉信德攝）台北上海雙城論壇促成小貓熊來台，台北市政府擬邀上海市訪團來台，傳出遭陸委會拒絕。台北市長蔣萬安今天被問及此事時說，「這一次上海方代表團沒有辦法來，小動物的交流能對瀕危動物的保育盡一份心力，這跟統戰有什麼關係？」陸委會主委邱垂正今日反批，日本也有送小貓熊給台北市立動物園，為何日本都沒有見面會，和對岸就要有一個統戰見面會，而且是上海台辦主任要來。據了解，台北市政府原本擬邀請中共官員一同見證雙城論壇的成果，預定7月來台出席小貓熊見面會。不過，陸委會已知會北市府，不會讓上海市政府副秘書長張玉鑫、上海市台辦主任金梅、副主任李驍東及隨團中國媒體來台。請繼續往下閱讀...蔣萬安今日出席小貓熊亮相記者會時說，今天很高興，能讓兩隻小貓熊來台今天亮相，這不只代表台北上海雙城論壇具體的成果，同時也是肩負起物種多樣性、及為動物保育環境永續發展非常重要的責任。很可惜，這一次上海方的代表團沒有辦法來，小動物的交流，能夠對於瀕危動物的保育盡一份心力，這跟統戰有什麼關係？民進黨立委黃捷今日在立法院內政委員會質詢問及，蔣萬安質疑這和統戰有什麼關係，陸委會要不要說明整個來龍去脈。邱垂正回應，他們原本是希望請台辦主任、副主任率一個團來台，聲稱要研商2026雙城論壇在台北舉辦，然後是以小貓熊見面會的名義。但是我們看到中共對於台灣的施壓，無論是在國際社會的打壓，或在台灣周邊海域「執法巡航」宣稱有管轄權，在中共步步進逼、極限施壓之際，北市府還配合相關的活動。邱垂正質疑，日本也有送小貓熊給台北市立動物園，為何日本都沒有見面會，然後和對岸就要有一個統戰的見面會，而且還是台辦主任要來，我們認為這些都不適合。所謂見面會難道沒有統戰嫌疑嗎？邱垂正批評，為何你與其他國家交換小貓熊不用見面會，為何要特地為了中國辦見面？中國一直在國際打壓我們，正對著台灣步步進逼，另一方面又要來這邊「用軟的」，這是要鬆懈台灣對中國的認知，這個有統戰嫌疑，陸委會只是表達我們的想法，後來它就沒有送案申請。邱垂正強調，這些台辦官員過去限制上海台商回台參加海基會的活動，上海市台商是最多的，每次上海市台商都不來參加，實際就是上海台辦在背後阻撓，我們已經多次反映，再來是我們為何要同意讓它來這邊統戰，該案我們並沒有對它進行否准，這是整個案情。黃捷痛批，所以根本就沒有提出申請，就是單方面在自導自演。這個有統戰疑慮是很清楚的，這件問題是「一方面拿刀子威脅你，一方面又要交流」，我們是不接受壓迫式的交流。    ,https://news.ltn.com.tw/news/politics/breakingnews/5521458
日本熊本強震 謝國樑：基隆市搜救隊已準備好協助救災,政治,2026/07/29 12:15,基隆市長謝國樑表示，如果有需要，基隆市搜救隊可在四小時內出發前往日本協助搜救。（記者盧賢秀攝）日本九州熊本縣昨發生規模7.1強震，基隆市締盟友好城市八代市災情嚴重，基隆市長謝國樑表示，昨天第一時間就與八代市的夥伴聯繫上，確認八代市的需求，如果有必要基隆市搜救隊在4小時內可以出發，同時還有醫護團隊隨行協助。基隆市2018年與熊本縣八代市締結友好城市，熊本縣也多次來隆舉辦隆舉辦物產展，進行文化、觀光交流，關係密切，昨天熊本縣發生大地震，八代市災情嚴重。請繼續往下閱讀...謝國樑今天受訪時表示，昨天在第一時間就透過民政系統來表達市府的關心，並了解他們的需求，基隆市的搜救隊也在整中，如果有需要基隆市搜救隊可以在4小時內出發前往協助搜救，同時也會有醫護團隊隨行。至於311大地震時，台灣也捐助不少物資，協助日本重建，謝國樑說，目前重要的是救災，未來重建可能需要更多的經濟資源、款項等等，基隆市也會編棉薄之力。派特搜隊赴熊本救災？劉世芳：若有需求4小時內可出發基市長任內與八代市締結友好城市  林右昌發文為日本強震祈福基隆市2018年與日本熊本縣八代市締盟友好城市。（取自林右昌臉書）    ,https://news.ltn.com.tw/news/politics/breakingnews/5521450
獨家》受惠人口紅利 竹北市代1選區、竹東鎮代3選區、新埔鎮代3選區各增1席,政治,2026/07/29 12:15,新竹縣選委會表示，年底大選，新竹縣選區不變，但是因為人口紅利，有3鄉鎮市選區席次有所消長，峨眉鄉的選區範圍則有調整。（記者黃美珠攝）受惠人口紅利，新竹縣年底大選，各鄉鎮市民代表選區中，竹北1選區、竹東和新埔的3選區都將各增1席，但僅竹北市代會總席次從20席變成21席，竹東、新埔「大餅」不變，以致2鎮的2選區都得各少1席。新豐鄉受惠人口紅利的表現則在村長選舉中，因為松柏村1分為2，多了個明新村，所以全縣年底大選後將多1個全新的村長。新竹縣選委會表示，新竹縣年底的5合1大選，選舉區依舊是47個，但13鄉鎮市代的當選人數，將從原來的142人變成143人。全縣村里長人數則因新豐明新村長出現，也將從過去的192名村里長，變成193名。請繼續往下閱讀...另外，峨眉鄉為均衡地方發展，罕見地把鄉代1選區原來的七星村跟2選區原來的石井村對調，等於七星村從今年開始改劃在2選區，石井村則列入1選區。前述變化都肇因於人口紅利，竹北1選區位於人口成長最快速的東區，歷屆代表席次9席，其中2席是婦女保障名額，今年底應選席次增長變成10席，婦女保障名額不變。已知老將新秀將至少有16、7人要在此逐鹿，競爭激烈是全竹北之最。至於竹東3選區落在「中興路頭」，緊鄰人口激增的「外5里」第4選區，受「外5里」人口外溢影響席次變成5席。這讓處於竹東最繁華心臟區的第2選區，因發展已經飽和、人口趨於穩定，席次將因此少1席。新埔鎮第3選區中的文山里則是緊鄰著竹北縣治3期，也因縣3的人口外溢紅利，讓3選區應選席次變成3席，令偏遠的第2選區只剩1席。新竹縣新豐鄉因為松柏村分村，使得年底大選後，全縣村里長將新增 1人。（資料照，記者黃美珠攝）    ,https://news.ltn.com.tw/news/politics/breakingnews/5521452
新北藍營民調李四川領先 蘇巧慧競辦：「預告領先民調」仍會納參考,政治,2026/07/29 12:09,蘇巧慧競辦發言人劉芳宇回應新北市議會國民黨團委託製作的最新民調。（蘇巧慧競辦提供）新北市議會國民黨團今（29）日發布黨團智庫委託媒體製作的新北市長選戰新民調，該民調調查區間為7月20至23日，顯示李四川以43.7％支持度領先民進黨立委、新北市長參選人蘇巧慧36.8%。蘇巧慧競辦發言人劉芳宇表示稍早前回應，儘管國民黨新北市議員在7月中就已經預告，國民黨自己做了一份領先的民調，蘇巧慧團隊仍會將每一份民調數據做為參考。劉芳宇表示，蘇巧慧從參選以來，一直維持正面、陽光的選戰節奏，提出具體政見照顧兒童、家庭、青年，不分年齡、不分性別、不分族群的市民朋友，蘇巧慧會持續提出帶動城市發展、增加市民福利的願景，爭取市民支持，讓大家知道，蘇巧慧就是新時代、新北市，最好的新市長。    ,https://news.ltn.com.tw/news/politics/breakingnews/5521440
蔣萬安提倒閣「韓國瑜第一個倒」？ 徐國勇：放馬過來,政治,2026/07/29 12:00,民進黨秘書長徐國勇29日批評台北市長蔣萬安最近政治動作頻頻是「不務正業」。（記者張嘉明攝）台北市長蔣萬安就「中聯油案」提議倒閣，並點名高雄市長陳其邁是合適的閣揆人選。對此，民進黨祕書長徐國勇今（29日）以其父蔣孝嚴（原名章孝嚴）曾主張「呷緊弄破碗」為例，批評蔣萬安逾越職權、不務正業，倒閣第一個倒下來的就是立法院長韓國瑜，並呼籲蔣應與國民黨主席鄭麗文和立法院國民黨團商量，「要倒閣就放馬過來！」民進黨今天上午召開「蕉傲台灣 信賴挺農業」記者會，徐國勇會後接受媒體聯訪，被問及蔣萬安頻對中央指點江山，不只提議倒閣，甚至點名陳其邁適合接任行政院長。請繼續往下閱讀...徐國勇回應，蔣萬安的本職是台北市長，但台北市政近期爭議不斷，不僅虐童事件一再發生、寶林茶室中毒案造成死亡，近日又因狼師案遭監察院約談。徐國勇特別以自己曾任內湖區的市議員、立委及在地居民的經驗指出，自從員山子分洪道通水後，內湖與汐止已多年未見嚴重淹水，以往都是汐止先淹到半條腿高，內湖才會有狀況。然而，這次淹水竟發生在不該淹的地方，蔣萬安根本是怠忽職守、未清理溝渠與清淤。針對蔣萬安提議倒閣，徐國勇質疑，倒閣是蔣的工作和職權嗎？那是立法院國民黨團的職權，若蔣萬安真的敢講，就應該叫國民黨團把馬放過來、趕快倒閣；但依據相關機制，倒閣第一個倒下來的就是韓國瑜，「蔣萬安是在跟韓國瑜嗆聲嗎？」徐國勇更搬出蔣孝嚴過去與謝長廷辯論時的名言，「呷緊弄破碗」、「呷碗內看碗外」，而「憲法」明定閣揆任命權屬於總統，輪不到蔣萬安講話。徐呼籲，蔣萬安應好好注意市政，不要不務正業，若敢講倒閣，就去跟鄭麗文、國民黨團及韓國瑜好好商量，「要倒閣就放馬過來！」    ,https://news.ltn.com.tw/news/politics/breakingnews/5521430
批竹市府食安慢半拍推給中央 議員劉彥伶對比南市做法,政治,2026/07/29 11:43,新竹市議員劉彥伶比對台南市與新竹市的做法，籲新竹市政府不要總是慢半拍。（劉彥伶提供）面對中聯問題油品食安事件，各縣市政府都以市民健康為首要，主動抽查及公告，新竹市議員劉彥伶批新竹市府卻是慢半拍，中央7月16日就公布問題油品，但市府卻在昨天（28日）才調查學校營養午餐油品使用狀況，先前教育處保證未使用到致癌油，沒想到不到幾星期就破功，反觀台南市即刻抽查，並進行預防性的措施，但高虹安市府卻是慢半拍，等中央公布才有動作。她舉，台南市除配合中央公布資訊，持續公布查核進度、產品流向、受影響業者、受影響學校及下架回收數量；中央每新增問題批號，市府就持續追查、更新資訊，後續更擴大抽驗品項、召開油品安全管理座談會。請繼續往下閱讀...反觀新竹市強調的是「接獲中央公布後立即查核」「配合中央公告持續查核」，其中食藥署7月16日已更新強制性下架產品清單；然市府直到7月28日才公布，經比對後共有16所學校於5月曾使用中央公告問題批次油品，共41桶。為何7月16日已可查詢相關批號，直到7月28日才對外公布16所學校、41桶的使用情形？7月16日至7月28日這段期間，衛生局與教育處分別完成哪些查核、通知及應變措施？且市府是否已要求業者提出完整產品流向、供貨及回收證明？市府是否主動協助學校及家長向相關業者求償，發揮代位求償作用，保障學生及家長權益？她認為，市民期待的是，每次食安事件，地方政府能積極追查，而不是推給中央慢半拍。    ,https://news.ltn.com.tw/news/politics/breakingnews/5521390
美國中大西洋州議會訪台 維吉尼亞州眾議長：續推各領域交流,政治,2026/07/29 11:41,外交部次長陳明祺（右）致贈禮品予團長美國維吉尼亞州眾議會議長史考特（左）。（外交部提供）美國中大西洋州議會領袖訪問團於今（2026）年7月26日至31日訪台，外交部次長陳明祺昨（28）日款宴訪團一行。維吉尼亞州眾議長史考特（Don Scott）表示，未來將持續推動與台灣在各領域的交流，以增進雙邊夥伴關係。陳明祺表示，近年台美經貿、教育及人才培育合作持續深化，雙方企業相互投資日益熱絡，展現互利共榮的夥伴關係。另感謝中大西洋各州州議會對台灣的支持，期盼持續透過各州在台辦事處提升合作。請繼續往下閱讀...訪團團長、維吉尼亞州眾議長史考特表示，此行有助團員提升對台灣民主發展、科技實力及民主韌性的認識，未來將持續推動與台灣在各領域的交流，以增進雙邊夥伴關係。訪團由維吉尼亞州、德拉瓦州、馬里蘭州及西維吉尼亞州等美國中大西洋地區州參、眾議會的領導階層議員組成。席間雙方就台美經貿合作、高科技人才培育、AI資料中心建設、對抗假訊息及我國國際參與等議題交換意見。外交部次長陳明祺向與宴的美國中大西洋州議會領袖訪團成員致意。（外交部提供）    ,https://news.ltn.com.tw/news/politics/breakingnews/5521391
鄭麗文不排除選總統 張亞中：將提案讓總統兼任黨主席,政治,2026/07/29 11:37,國民黨主席鄭麗文。（資料照）國民黨主席鄭麗文日前表示，2028年國民黨總統候選人的可能人選，除了台中市長盧秀燕、立法院長韓國瑜、台北市長蔣萬安之外，也包括她自己。孫文學校總校長張亞中表示，明年全代會，他將親自提案，修正新任總統兼任黨主席或自選黨主席，並讓黨主席與總統任期一致。張亞中表示，雖然鄭麗文在黨主席選舉時，曾公開表示她要做「造王者」、「造后者」，但近日這番談話，其實已經十分清楚地表達，她有意「捨我其誰」，角逐2028年國民黨總統候選人。對此，他完全給予尊重，也樂見其成。請繼續往下閱讀...張亞中表示，如果黨主席與總統候選人之間權責不清就容易形成「兩個司令、兩套人馬、兩條路線」的局面。國民黨應建立「黨政同步機制」，讓新的黨主席的任期與新的總統時程任期一致；執政時，由總統兼任黨主席，或由總統指定黨主席。為建立這個制度，這屆的黨主席任期至下屆新總統誕生的前一天，即2028年5月19日。張亞中強調，這並不是針對任何一位主席，也不是針對任何一位候選人，而是一個制度問題。今年黨代表大會，也有黨代表基於同樣理念提出兩項制度改革提案；遺憾的是，據黨代表反映，在黨中央的壓力之下，相關提案最終撤回，失去了公開討論的機會。張亞中表示，明年黨代表大會，他將親自站到第一線，再次提出這兩項制度改革提案，為的是黨的團結、黨的勝選。在未來一年，我也會向各地黨代表，詳細說明提案內容，希望大家不是從人出發，而是從制度出發，共同思考，這兩項制度，究竟對國民黨有沒有幫助？如果答案是肯定的，就應該勇敢支持。張亞中說，這兩項制度對任何人都適用，當然也包括鄭麗文。第一，如果她贏得總統候選人提名，黨權與選戰指揮權自然應該統一於她，全黨全力支持她贏得大選；第二，如果她沒有獲得提名，也應該依照制度，把黨的選戰指揮權完全交給總統候選人，讓全黨形成一個指揮體系，而不是彼此干擾。第三，如果國民黨贏得總統大選，新任總統可以兼任黨主席，也可以任命適當人選擔任黨主席。若鄭主席因協助勝選而深獲信任，當然仍有機會續任黨主席；第四，如果國民黨未能勝選，則在2028年5月19日前重新改選黨主席，由新的領導團隊承擔責任、重新出發。鄭麗文仍可以參加下一屆的黨主席選舉。張亞中強調，這項制度既不是針對任何人，也不會損害任何人的權益。它真正維護的，是國民黨的整體利益，維護國民黨的團結。孫中山先生最重視的四個字，就是「天下為公」，應該把制度放在個人之前，把黨的未來放在個人的權力之前，把國家的利益放在自己的盤算之前。    ,https://news.ltn.com.tw/news/politics/breakingnews/5521415
警上門關切「油不得你」影片 吳宗憲批濫權查水表、威嚇言論自由,政治,2026/07/29 11:37,國民黨立委吳宗憲。（資料照）致癌油延燒，「萊爾校長製作團隊」製作人韋淳祐日前發布「油不得你」影片，遭刑事局派員上門關切。對此，國民黨立委吳宗憲今重砲質疑，警方無票證登門並向家屬施壓，嚴重侵害言論自由與程序正義。警政署報告雖澄清「未強制下架」，但吳宗憲痛批警方以平台檢舉及實質威嚇進行言論審查，怒轟警察應是全民保母而非政府管家。吳宗憲指出，如果真有犯罪、真該偵辦，怎麼會因為被披露就縮手？答案只有一個，當初根本就沒有足夠的理由登門查水表。他強調特別講「對家屬施壓」，這完全逾越程序正當性的紅線。現場曾說出「要把人帶回去」，讓老人家驚慌；且員警登門時，沒有搜索票、沒有拘票、連一張通知書都沒有。但真正可怕的是那份恐懼留在人民心裡，當人民開始自我審查，言論自由就已經死了一半。請繼續往下閱讀...吳宗憲說，此次內政部警政署就查水表爭議向內政委員會提交報告，但內容處處為濫權擦脂抹粉，並提出5大質疑，包含第一，有沒有要求下架成羅生門：報告澄清「沒有『強制』下架」，但用「沒有強制」來掩飾「實質威嚇」，完全是在玩文字遊戲；第二，借社群平台的手行言論審查之實：警方主動通報社群平台要求審查，搶先去按平台的檢舉鈕，就是政府借企業的手去審查批評自己的言論。第三，報告一口氣列了五個條文：登門時警方講不清楚案由，事後報告卻能湊出五條法條，是先把人辦了再回頭找法條；況且其中列的誹謗罪是告訴乃論，沒有當事人提告，警察怎麼主動辦；第四，AI配音本身不等於犯罪：報告指出影片具有「疑似AI生成特性」，但用AI配音不當然違法，關鍵在於是否使人誤信、有冒用故意及具體損害，不能因AI創作且批評政府就直接當犯罪嫌疑人；第五，「疑似AI生成」不能直接推導出「深偽犯罪」：報告承認是否成立犯罪仍須由司法機關認定，既然是否成立犯罪仍有高度爭議，警方為什麼選擇侵門踏戶，而不是先以正式通知本人說明？吳宗憲強調，警察是全民的保母，不是總統的管家。當警察開始把矛頭對準批評政府的人民，那一刻手裡抱的就不是法律而是權力。接獲檢舉不等於可以隨便登門帶人，當警察的手伸向人民對政府的批評，這一步一旦跨過去，離戒嚴就不遠了。    ,https://news.ltn.com.tw/news/politics/breakingnews/5521382
甲醛炊粉「煮一煮能吃」？ 莊競程批竹市府荒腔走板：高虹安下台,政治,2026/07/29 11:36,民進黨新竹市長參選人莊競程、民進黨立委陳培瑜、新竹市東區市議員候選人曾翰揚召開「甲醛炊粉流入校園，高虹安市府到底在隱瞞什麼？」記者會。（記者塗建榮攝）竹市明好企業生產的農耕牌炊粉驗出甲醛，民進黨質疑新竹市長高虹安蓋牌7週，遲未提出完整檢驗報告，為何預防性下架後仍有18校持續使用到該牌炊粉？民進黨新竹市長參選人莊競程今（29）日再度揭露，甲醛在食品應該是零檢出，竹市府衛生局長卻在昨天會議上，公開稱「煮一煮就可以吃了」，應與高虹安一同下台負責。新竹市東區市議員候選人曾翰揚質疑，竹市府宣稱6月3日檢驗、6月8日預防性下架，為何6月10至30日間仍有18校在使用明好企業社生產的產品，像建功國小就曾使用有效日期2029年4月1日的炊粉，而根據竹市府檢驗報告，含甲醛批次的有效日期也是2029年4月1號，家長很擔心孩子吃下的炊粉是否安全？請繼續往下閱讀...曾翰揚痛批，竹市府至今都未提出完整檢驗報告，僅公開明好企業自己檢驗6月18日製造炊粉的報告，無法得知先前製造的是否含甲醛，且樣本製造日期、有效日期、批號都是空白，要家長跟市民如何吃得安心？此外，竹市府已蓋牌七週，未能主動公開真相，多少市民吃下肚，及炊粉的流向，請高虹安出面說清楚。莊競程表示，明好企業自己檢驗6月18日製造炊粉的報告，完全未註明檢驗批號，竹市府怎敢拿該報告對外宣稱孩童吃的沒問題？另外，竹市府也稱學校使用2029年4月1號到期的炊粉，成分與含甲醛的不同，但實際上兩者的成分都是在來米粉、玉米澱粉、水，連添加物都一模一樣，讓他們強烈懷疑學校使用到的炊粉非常有問題。莊競程也揭露，甲醛屬一級致癌物，不得添加在食品裡，新竹市政府衛生局昨天找來米粉業者召開一個會議，局長卻在會議中稱「炊粉含甲醛沒關係，煮一煮就可以吃了」，難怪整個竹市府處理甲醛炊粉如此荒腔走板，對食安完全不在意，高虹安應要求衛生局長下台，也應該要求自己下台。民進黨立委陳培瑜表示，孩子過度食用甲醛恐引發氣喘反應，也會增加肝腎代謝的負擔，甚至影響細胞跟生長發育，希望高虹安能在開學前給出完整報告，因爲無法得知含甲醛的炊粉來源，也將波及廠商、團膳業者等，若高虹安標榜來自民眾黨，就請發揮「理性、務實、科學」的精神，查到哪裡、公開到哪裡。民進黨新竹市長參選人莊競程、民進黨立委陳培瑜、新竹市東區市議員候選人曾翰揚召開「甲醛炊粉流入校園，高虹安市府到底在隱瞞什麼？」記者會。（記者塗建榮攝）民進黨新竹市長參選人莊競程、民進黨立委陳培瑜、新竹市東區市議員候選人曾翰揚召開「甲醛炊粉流入校園，高虹安市府到底在隱瞞什麼？」記者會。（記者塗建榮攝）    ,https://news.ltn.com.tw/news/politics/breakingnews/5521386
宗教案件3個月暴增5成！ 海基會曝赴中是「紅色警戒」,政治,2026/07/29 11:27,海基會祕書長羅文嘉今日揭露，有在中國長期教書也被抓，因宗教信仰被拘留的宗教案件有19件，3個月激增百分之50，雖然陸委會提出的赴中警示燈號是橙色，但在他看來是「紅色警戒」。（資料照）陸委會最新統計，自2024年截至今年7月22日止，國人赴中失聯、遭留置盤查或被關押案件，累計高達402人。海基會祕書長羅文嘉今日揭露，有在中國長期教書也被抓，因宗教信仰被拘留的宗教案件有19件，3個月激增百分之50，雖然陸委會提出的赴中警示燈號是橙色，但在他看來是「紅色警戒」，一貫道道親絕對不要去。立法院內政委員會今日邀陸委會、海基會等單位，就「國人赴中失聯情況及政府因應作為」進行專題報告，並備質詢。請繼續往下閱讀...民進黨立委王美惠質疑，有在中國當幹部的民眾被抓，她幾個月前向陸委會反映，到現在都未獲得解決，只會回兩岸官方沒有通，家屬到現在連人被關在哪都不知。對此，陸委會主委邱垂正回應，對於相關個案一定會來協處，不會讓家屬投訴無門；羅文嘉表示，過去一年半以來，海基會接獲通報的赴中失蹤案件有225件，225件當中有91件、40%，目前仍是失聯狀態。後來追蹤到有些已經回到台灣，有些是被拘禁，每個案件情況都不一樣。羅文嘉透露，這3個月以來，因為宗教信仰被拘留的宗教案件有19件，3個月激增百分之50，很危險！包括長期在中國經營事業的商人被抓，也去旅行的被抓，也有做文化交流的被抓，甚至還有不在這19個案件中，家屬沒有來陳情的、海基會自行得知的，例如有在那邊長期教書的也被抓。羅文嘉強調，雖然陸委會提出的赴中警示燈號是橙色，但在他看來是「紅色警戒」，這兩年來海基會不斷提醒一貫道道親不要去，但是今年以來激增百分之50，去中國很危險可能因為各種理由被捕。羅文嘉說，按照1990年兩岸兩會共同打擊犯罪協議，應該立即通報，但2024以來中國都是選擇性通報，這造成家屬非常緊張，希望對岸依照共打協議第12條規定落實通報，也呼籲國人盡量不要去，尤其是一貫道道親。民進黨立委張宏陸問及，到底有多少台灣人被關押在中國？邱垂正回應，最近兩年遭中方關押有216人，每個月增加16至18件，這些都有家屬來報案的。如果中方沒有相應機制可以向我方通報，家屬會非常緊張。國民黨立委廖先翔質疑，這裡面很多都是詐騙案件，只有一件國安案件，都沒有看到家屬出來求助，陸委會只是民進黨政府「抗中保台」的傳聲筒。邱垂正反駁說，陸委會不是傳聲筒，有責任提醒國人赴中風險，那一件國安案件基於家屬要求，無法公開說明。廖追問，外界都說去中國會被活摘器官，陸委會有無收過民眾被活摘器官的通報？ 邱回應，「沒有收到過」。    ,https://news.ltn.com.tw/news/politics/breakingnews/5521376
上海官員未出席小貓熊亮相 林奕華：陸委會可能認為是「統戰」,政治,2026/07/29 11:27,林奕華受訪。（記者田裕華攝）台北市長蔣萬安2023年到中國上海出席雙城論壇，主動提出希望交換小貓熊來台北動物園，今（29）日市立動物園舉辦亮相記者會，原先上海台辦主任也要出席，卻被陸委會以有統戰疑慮。副市長林奕華今證實，市府「有送公文」去陸委會，被口頭回覆上海台辦主任、副主任跟上海市副秘書長「都不會讓他們進到台灣來」，陸委會可能把小貓熊進來視為「統戰」的一部分、視為「比較政治化」的議題。陸委會主委邱垂正今日早上在立法院受訪也證實，是有統戰疑慮，市政府「有來詢問」，但也是有統戰疑慮，「後來台北市政府就沒有再申請了」。請繼續往下閱讀...蔣萬安今在記者會上受訪表示，很高興能夠讓兩隻可愛的小貓熊向大家亮相，這不只代表台北、上海雙城論壇具體的成果，同時也是肩負起物種多樣性以及瀕危動物保育、環境永續發展非常重要的責任，很可惜「上海方的代表團沒有辦法來」，「小動物的交流，能夠對於瀕危動物的保育盡一份心力，這跟統戰有什麼關係」？林奕華說明，2023年雙城論壇就談到這次物種交換，原來市府有提出跟陸委會的申請，包括台辦的主任、副主任以及上海市政府的副秘書長一行，除了出席記者會外，還要另外談今年雙城的事情，但後來陸委會是直接口頭回覆說，就說台辦的主任、副主任以及上海市政府的副秘書長，「都不會同意進到台灣來」；另外，有三位處級的處長跟副處長，三位也只能進來兩位，「因為陸委會等於在第一個關卡，就把北市擋住了，重要的代表人都進不來，所以後來北市才沒有提出到移民署的部分」。林奕華說，理由據聞是陸委會可能把小貓熊進來視為「統戰」的一部分，但其實上海動物園跟台北動物園，在好早之前就簽訂了有關於動物交換，彼此對於動保、基因多樣化，都有動物園的責任，這次也不只是上海的小貓熊要來，台北市的白手長臂猿也會過去上海動物園，其實就是動物之間的一個交流。但是，可能陸委會是把它視為比較政治化的議題。林奕華還原，台北市在6月17日提出申請，且有正式的公文到陸委會，所以陸委會說北市沒有提出申請，應該還是可以檢查一下，因為市府是有送公文到陸委會的。陸委會拒絕上海市官員來台？邱垂正：有統戰疑慮、北市未申請上海小貓熊「樂樂」。（記者田裕華攝）蔣萬安（右）、林奕華（左）出席小貓熊亮相記者會。（記者田裕華攝）    ,https://news.ltn.com.tw/news/politics/breakingnews/5521354
致癌油風暴後 新北藍營民調：李四川穩定領先 婦女支持度勝蘇巧慧,政治,2026/07/29 11:23,新北市議會國民黨團今（29）日發布針對新北市長選戰的新民調。（記者黃子暘攝）新北市議會國民黨團今（29）日發布針對新北市長選戰的新民調，書記長陳儀君、黨團政策智庫總召黃心華、市議員陳偉杰指出，比對6月份的智庫委託民調，李四川以43.7％支持度領先蘇巧慧36.8%，領先幅度6.9％，較6月的6.2％顯示領先幅度穩定微幅擴大，婦女支持度也領先；此外，李四川的支持結構已發生改變，在婦女、中間選民區塊支持幅度更趨穩健，現任市長侯友宜施政超高滿意度67.6％，已穿透各黨派、年齡層、地區、教育程度，相信侯將發揮關鍵助選力道。國民黨團指出，此份民調調查區間為7月20至23日，避開725凱道遊行，未受重大群眾事件影響，採全市話隨機抽樣，調查對象為20歲以上新北市民眾，共1303份有效樣本，95%信心水準下，抽樣誤差為正負2.7個百分點以內，依照內政部去年底新北市人口資料進行性別、年齡、地區、教育程度等結構進行加權處理。國民黨團6、7月民調均委託TVBS執行。請繼續往下閱讀...黃心華說，最新民調顯示有81％民眾傾向去投票，尤其中間選民願意程度增加9％，應是受到食安事件影響；支持度方面，李四川以43.7％支持度領先蘇巧慧36.8%，領先幅度6.9％，差距穩定且微幅擴大。陳儀君表示，李四川的婦女支持度以41.7％領先蘇巧慧36.6％，除食安風暴影響，李四川近期也提出較受女性選民青睞的女性、親子、動保、全齡護牙、地方創生、文化政策，顯然獲得女性選民認同；此外，在「從0到10分，請問您喜歡OOO的程度是幾分」中，李四川平均值為6，蘇巧慧5.1，顯示李四川在整體社會評價中受到選民肯定。在政策落實方面，陳偉杰指出，最新民調顯示有34.2％民眾認為李四川較能落實政見（蘇巧慧為29.3％），從政黨支持度來看這一項，目前藍綠各自歸隊，民眾黨有55％認為李四川能落實政見，蘇僅15.4％，中間選民23.5%認為李較能落實政見，蘇巧慧僅15.9％；顯見李四川務實可行、蘇巧慧天馬行空，李團隊已爭取到白營、中間選民認同。國民黨團也說，侯友宜施政滿意度67.6％，在民進黨支持者族群、蘇巧慧本命區也滿意度不俗，這種具穿透性的滿意度將會在選戰中為李四川帶來關鍵助力。    ,https://news.ltn.com.tw/news/politics/breakingnews/5521340
無人載具是不對稱作戰核心！賴總統籲請朝野「以國家優先」,政治,2026/07/29 11:19,總統賴清德今主持「中華民國115年8月份將官晉任授階典禮」時表示，無人載具已成為不對稱作戰的重要戰力。（圖擷取自總統府YouTube）總統賴清德今主持「中華民國115年8月份將官晉任授階典禮」時表示，無人載具已成為不對稱作戰的重要戰力，籲請立法院朝野各黨團以國家優先，支持行政院依國軍需求提出的「國防自主無人載具採購特別條例」，讓國軍儘快取得所需裝備；以長期、穩定的採購帶動國內產能，打造安全、可信賴的產業鏈。賴清德表示，恭喜兼具外離島防務與特戰專業經驗的邱之峯將軍晉任中將，此次調任花防部指揮官，期許他帶領官兵持續強化東部地區的整體防衛韌性。請繼續往下閱讀...賴清德說，恭喜魏宗志、朱佳明、陳延直、方士源4位晉任少將。魏宗志長期深耕裝甲兵部隊，此次調任234旅旅長，希望他能發揮專業，繼續精進聯合兵種作戰能力；朱佳明兼具飛行作戰與飛安管理專業，期許他在飛訓部指揮官職位上，為國家培育更多優秀的飛行人才。賴接著說，陳延直長年服務第七聯隊，希望他接任聯隊長後，持續帶領官兵勤訓精練，守護空防安全；方士源是國軍資通電專業人才，此次調任資通電軍指揮部參謀長，期許能強化網路作戰及資安防護能量。賴清德提醒晉任將官，職位越高，所做的判斷越重要，越能直接影響部隊整備、任務執行及官兵安全，期許大家善用過去累積的經驗，審慎決策、勇於承擔，帶領部隊完成國家交付的任務。賴清德接著表示，今年6月以來，國軍接續執行「立即備戰操演」、「聯合防禦操演」，並將展開「漢光42號實兵演習」。這些演訓都在驗證平時的訓練成果、檢視部隊面對危機時如何應處，他要感謝全體官兵的努力與付出。賴清德指出，當前戰爭型態快速改變，無人載具已成為不對稱作戰的重要戰力。因此，行政院依據國軍需求，提出了「國防自主無人載具採購特別條例」，規劃籌購濱海監偵型、濱海攻擊型無人機及小型自殺無人艇。賴清德說，無人載具在戰時消耗快、技術更新也快，採購既要確保數量，也要兼顧交付速度、系統整合及後續補充，讓國軍儘快取得所需裝備；並以長期、穩定的採購帶動國內產能，打造安全、可信賴的產業鏈。賴清德再次呼籲立法院朝野各黨團，以國家安全為優先，支持行政院所提版本，由國防部統合軍事需求、負責採購執行；經濟部協助產業發展、中科院投入科研與技術驗證。透過明確的權責分工，兼顧國防自主與產業發展，讓國家資源有效轉化為國軍所需戰力。賴清德說，新興科技與相應的戰術仍會持續演進，國軍務必加強應用，期許晉任將官在新職位上，繼續提升不對稱戰力，讓國軍更具實力與韌性。    ,https://news.ltn.com.tw/news/politics/breakingnews/5521353
謝國樑呼應蔣萬安  稱陳其邁是組閣「不錯的人選」,政治,2026/07/29 11:16,基隆市長謝國樑支持倒閣，他認為陳奇邁是組閣不錯人選。（記者盧賢秀攝）台北市長蔣萬安拋出「倒閣」說，基隆市長謝國樑今天表示，他支持蔣萬安提倒閣理念，來解現在的憲政僵局。他也認為高雄市長陳其邁組閣是不錯的人選，對現有的僵局會有所幫助。謝國樑今天上午受訪時表示，他支持蔣萬安倒閣理念，如果有需要的話，他跟蔣萬安共同來促成這個憲政改革的里程碑。請繼續往下閱讀...謝國樑說，光就《財政收支劃分法》來說，修法之後，行政院完全沒有按照修法的精神給基隆市更多的預算，基隆明年的歲入又比前一年來得更少，就基隆市的角度來說是這個憲政衝突中，第一線深受其害的一個縣市。其次，行政院對立法院通過的法案「不副署」、「不執行」，如果所有的法案只要行政單位都覺得不適合，他們就不副署、不執行的時候，那請問未來還需要立法院嗎？還需要選立法委員嗎？因此，謝國樑認為，碰到憲政僵局的時候，大都不願意退讓，倒閣甚至重新改選，是可以解決憲政僵局的一個方向，所以他覺得蔣萬安市長提出這樣子的論述。蔣萬安拋出「倒閣說」，今天再點名陳其邁是不錯的閣揆人選，謝國樑也認為，陳其邁擔任過行政院副院長，看他在這幾次行政院院會開會的時候，他的論述、他的見地，覺得他也是了解台灣的問題出在什麼地方，假如陳其邁來組閣的話，或許也會對現在的僵局是有一些幫助。    ,https://news.ltn.com.tw/news/politics/breakingnews/5521365
民進黨中市議員參選人轟「食安徹底神隱」 江啟臣竟回「應向陳其邁學習」,政治,2026/07/29 11:15,民進黨台中市議員參選人轟江啟臣「食安徹底神隱」。（記者黃旭磊攝）國民黨台中市長參選人江啟臣，在中聯致癌油事件持續掩護市長盧秀燕稽查措施引發綠營不滿，民進黨台中市議員參選人陳信秀、陳怡潔、陳映辰、詹智翔、蔡怡萱及簡嘉佑，由台中市議員李天生陪同，上午在綠營台中市長參選人何欣純市政辦公室，齊轟「江啟臣神隱，只要牽扯到盧秀燕就會消失」，近乎變身隨行人員。江啟臣25日參與凱道國民黨「我是人，我反毒台」遊行，引發台中綠營不滿，何欣純發言人林俊裕說，江啟臣只要有舞台光環就會出現，牽扯到盧秀燕就會「完全消失」，在食安事件神隱到變成「盧秀燕隨行人員。」請繼續往下閱讀...江啟臣辦公室下午表示，多數市民期待徹底解決食安問題，讓市民無需擔憂吃到致癌油品，而非將食安當成政治議題操作，「政治人物應向陳其邁市長學習，積極向中央發聲，以蒼生為念。」台中沙鹿、清水、梧棲市議員參選人陳怡潔，潭雅神市議員參選人陳映辰，北屯區市議員參選人陳信秀，山城市議員參選人詹智翔及北區市議員參選人簡嘉佑，眾人高喊「出事人神隱，協尋江啟臣」。陳信秀指出，依食品安全衛生管理法規定，盧市府在地方行政權需負稽職責，中聯油脂致癌油事件，依市府公布資料竟有7次是自主抽驗，只有1次是中央率同市府抽驗，陳映辰痛批，食安主管機關是中市府，市府失職無能怠惰，「毒油延燒一個月、江啟臣就神隱一個月。」    ,https://news.ltn.com.tw/news/politics/breakingnews/5521255
蔣萬安拋倒閣、點名陳其邁！黃暐瀚：已是藍營共主,政治,2026/07/29 11:15,台北市長蔣萬安出席台北市立動物園小貓熊亮相記者會，會前並先接受媒體聯訪 （記者田裕華攝）台北市長蔣萬安近日提出倒閣議題，29日上午接受專訪時更進一步點名，稱現在行政、立法陷入僵局，「高雄市長陳其邁是不錯的閣揆人選」。對此，資深媒體人黃暐瀚表示，此刻的蔣萬安，滿意度、支持度、2028期待度，都超越其他藍營所有選將，是實質「意見領袖」，是「藍營共主」，是「藍營話事人」。黃暐瀚在臉書PO文表示，藍營話事人，蔣萬安！第一個宣布要上凱道，第一個提出要倒閣，今天上節目連倒閣之後的接任閣揆都幫賴總統選好了，叫「陳其邁」，過去一個月，蔣萬安聲量爆表，不但所有「行動」、「話題」都由他先發動，在他提出之後，各大咖與黨中央都不再或說不敢直接表達反對意見，去年提倒閣、今年廢監院，黨主席都婉轉表達不宜，但現在不同了，蔣萬安說什麼，就是什麼，倒閣之議盧秀燕說「可以討論」，黨中央說「無特定立場」，連民眾黨團都回應「審慎評估」。請繼續往下閱讀...黃暐瀚直言，唯獨只有侯友宜講「把工作做好比較實在」，雖未支持，也不算反對，此刻的蔣萬安，滿意度、支持度、2028期待度，都超越其他藍營所有選將，是實質「意見領袖」，是「藍營共主」，是「藍營話事人」。    ,https://news.ltn.com.tw/news/politics/breakingnews/5521313
新北市長任期剩148天 侯友宜：把事情做到最後一刻,政治,2026/07/29 11:13,新北市長侯友宜今天出席新北市政府第800次市政會議，有感而發表示，任期剩下148天，要把事情做到最後一刻。（記者賴筱桐攝）新北市長侯友宜8年任期到今年12月25日屆滿，距離卸任剩下148天，他今天出席新北市政府第800次市政會議，有感而發表示，在任期最後市府團隊要繼續衝刺，包含第二行政中心搬遷、銀新未來城、板橋醫療園區等案，必須全力以赴，把事情做到最後一刻。侯友宜表示，新北市政府升格近16年來，每週召開1次市政會議，今天是第800次，在座市府官員中，他和副市長劉和然參與的時間最久，即便中間有幾個月投入選舉，市政工作也從未中斷。請繼續往下閱讀...侯友宜談到，市長任期剩下148天，仍要全力衝刺市政，包括三重區第二行政中心搬遷，未來由警察局、衛生局、交通局等單位進駐，設置新北災害應變中心、警察局戰情中心、食安智慧監控中心等。此外，塭仔圳重劃區預計明年底完工，瑞三選煤廠即將落成，板橋醫療園區、銀新未來城開發案也要全力推動。侯友宜提醒說，議會即將進入新的會期，也要開始總質詢，各局處面對議員提出的問題，都要立即、有效回應，距離任期結束還有148天，「還可以做很多事」，希望大家持續努力，把事情做到最後一刻。    ,https://news.ltn.com.tw/news/politics/breakingnews/5521330
沈伯洋喊「別把北市當跳板」 蔣萬安回應了,政治,2026/07/29 11:11,蔣萬安受訪。（記者田裕華攝）台北市近日發生私立夏莉絲幼兒園兒虐案，昨（28）日監察院更因市立萬芳高級中學教師涉犯對學生進行數位性剝削處理不當，糾正學校。民進黨台北市長參選人沈伯洋批評，台北市長蔣萬安對全國性的議題不斷做政治操作，卻對市政的議題不聞不問，相信台北市民不能接受，希望蔣不只是把台北市當作跳板。蔣萬安回應，有要求教育局加強督導。蔣萬安今出席上海小貓熊亮相記者會，針對夏莉絲兒虐案回應，第一時間對於行為的教保員停職，對於各項的違規樣態一一逐步的來進行裁處，而且最快時間完成了調查。針對兩位教保員終身不得任教，也立刻撤銷了營業許可，同時也最重裁處超過235萬元的罰鍰，一切就是從速、從重來進行裁處。請繼續往下閱讀...針對萬芳高中狼師性剝削案，蔣萬安說，教育局有清楚的說明，他也要求教育局加強督導，並且要求學校全面檢視對於性平事件處理的機制。教育局長湯志民說，夏莉絲案相關不適任人員已經公告到官網；針對夏莉絲大安森林幼兒園，目前還有再續審，但因事證還不是很充足，家長也有提告，會等待新事證以及將來檢調調查再做後續處理。針對萬芳狼師案，第一個時間就做了對學校的懲處，這一位老師現在也已經離職了，對於學校有狼師事件，教育局都一向都採取不容忍的態度。北市教育局長湯志民受訪。（記者田裕華攝）    ,https://news.ltn.com.tw/news/politics/breakingnews/5521327
熊本強震造成傷亡   賴瑞隆發起捐一個月薪水援助高雄的姊妹市,政治,2026/07/29 11:05,熊本強震造成傷亡，賴瑞隆率先捐出一個月薪水援助高雄的姊妹市。（記者王榮祥攝）日本熊本昨發生規模7.1強震，造成人員傷亡及諸多災情；民進黨高雄市長參選人賴瑞隆今宣布，將率先捐出一個月薪水援助高雄姊妹市，向受災民眾表達最深切的關懷與慰問，也號召各界共同響應賑災，立委李昆澤、許智傑、邱議瑩第一時間紛紛表態支持。賴瑞隆表示，高雄是一座與世界緊密連結的城市，面對國際友人遭逢災難，更應以實際行動展現跨越國界的情誼與責任，也發揮「高雄 Can Help」的精神。請繼續往下閱讀...他提到，發生災情後，第一時間與高雄市長陳其邁保持聯繫，了解高市府搜救隊已完成整備待命，將視日方需求及中央統一調度，隨時準備投入救援工作，以具體行動落實「高雄Can Help」的精神；同時，他也即時向外事單位了解，目前並無台灣人傷亡。賴瑞隆指出，看到熊本強震造成傷亡與災損，令人十分不捨，誠摯向罹難者致上最深哀悼，也祝福傷者早日康復。他說，高雄與熊本擁有深厚的姐妹城市情誼，2013年高雄市與熊本簽署友好交流協定以來，雙方交流互動密切，建立長久而穩固的友誼，今年5月率團拜會熊本縣政府時，親身感受到熊本各界對台灣、對高雄的熱情與友誼；天災無情，台日有愛，這次捐出一個月薪水只是拋磚引玉，希望集結更多善意與力量，協助熊本早日完成重建。    ,https://news.ltn.com.tw/news/politics/breakingnews/5521345
力挺韋淳祐深偽影片 蔣萬安批綠指揮辦案：要對法律有所了解,政治,2026/07/29 10:55,蔣萬安今出席小貓熊亮相記者會受訪。（記者田裕華攝）製作深偽影片的「萊爾校長」小編韋淳祐因偽造賴清德的聲音而被檢舉，警方獲報後登門查證。台北市長蔣萬安昨（28）日表示是自己委託，「有事衝著我來」。民進黨籍議員簡舒培表示，市長都自己承認，北市刑大還不動起來偵辦？蔣萬安今表示，這不能構成偽造文書要件，評論的人要對法律有所了解。簡舒培表示，蔣萬安不是單純護航，而是親口承認自己就是AI深偽影片的委託者，既然如此，市刑大就應立即主動偵辦，儘速通知蔣萬安到案說明，釐清蔣在影片規劃、委託製作、內容確認及散布過程中究竟扮演什麼角色，是否涉及相關法律責任。如果本案涉嫌《刑法》偽造私文書等非告訴乃論犯罪，檢警依法本來就有主動偵辦的義務，不需要等待任何人提告。如今蔣已親口承認自己是影片委託者，更沒有不立即展開調查的理由，請蔣依法接受調查，讓司法查明真相。請繼續往下閱讀...蔣萬安今受訪說，民進黨昨天公開要求檢調介入，民進黨議員公開的要求警察來辦案，這難道不是指揮辦案嗎？針對深偽影片，立委林楚茵反批，蔣萬安能接受被深偽聲音做兒虐幼兒園的廣告？蔣萬安回，這完全是不一樣的事情，韋淳祐所製作的影片有清楚標示這是AI技術所製作的影音，而且一開始也說明「本人是苯駢芘」，在說明油品對人體的危害，所以對於偽造文書的構成要件這不會該當使人誤信，所以評論的人要對法律有所了解。    ,https://news.ltn.com.tw/news/politics/breakingnews/5521289
彰化縣議員參選人王信筌與「縣長姑姑」同框 王惠美「換邊」理由曝光,政治,2026/07/29 10:53,彰化縣議員參選人王信筌的選舉看板，最新一波把縣長姑姑王惠美改到看板的左邊。（民眾提供）選舉看板的學問大！彰化縣「政三代」縣議員參選人、縣政顧問王信筌，看板直接掛上與「縣長姑姑」王惠美的同框照，但原本「縣長姑姑」是在看板右邊，最新一批卻換到左邊，讓許多人覺得不解。王信筌表示，因為姑姑是長輩，傳統上認為左邊為大，才會調整！政治新人王信筌首度參選就話題不斷，也是鹿港選區最強的「政三代」，阿公則是當過鹿港鎮長的王福入，父親王聯豐曾任鹿港鎮代表，阿伯王順昌也當過鹿港鎮代表，姑姑更是「不敗女神」王惠美，王惠美曾任縣議員、鹿港鎮長、立委到縣長，也讓王信筌的文宣就是主打與「姑姑同框」的推薦。請繼續往下閱讀...不過，王信筌的選舉看板卻被民眾發現有兩個版本，雖然文字與大頭照都一樣，但卻左右不一樣，最早掛上去的看板，「姑姑縣長」的大頭照在看板右邊，最新一批的「姑姑縣長」大頭照則是「左邊」，有人還以為自己看錯了。王信筌表示，因為第一面看板掛上去後，自己覺得好像不太對，因為「縣長姑姑」是長輩，傳統上認為左邊為大，所以才會第二批看板全部都改，把「縣長姑姑」大頭照放在左邊，這樣才符合輩份。未來看板或是文宣，只要是與「姑姑縣長」同框，都會採取這個原則來做。彰化縣政府的縣政顧問王信筌要參選縣議員，選舉看板與縣長姑姑王惠美同框，原本王惠美大頭照是在看板的右邊。（資料照，記者劉曉欣攝）    ,https://news.ltn.com.tw/news/politics/breakingnews/5521273
國民黨吳旭智拋健康政見 提竹北「智活健康城」,政治,2026/07/29 10:52,呼應衛福部「健康幣」政策，國民黨新竹縣竹北市長參選人吳旭智提出將竹北市打造成全國首座的「Smart-living 智活健康城」。（記者廖雪茹攝）衛福部宣布最快9月推出「健康幣」政策，鼓勵民眾透過健檢、疫苗接種及癌症篩檢累積健康點數，從「生病才治療」轉向「平常就預防」。對此，國民黨新竹縣竹北市長參選人吳旭智今天提出「Smart-living 智活健康城」藍圖，參考新加坡推動Health365的成功經驗，希望結合在地經濟與智慧科技，將健康紅利極大化。吳旭智表示，中央建立制度，地方能把制度做深、做廣、做出特色。過去他在議會質詢時，就曾大力主張政府應善用科技與點數獎勵機制，將醫療資源前置到「預防醫學」，透過實質誘因鼓勵鄉親養成自主健康管理習慣。他舉最近很紅的皮克敏做例子，走路可以換取虛擬的種花獎勵，透過中央的政策，虛擬的獎勵可以變換成實質的獎勵，民眾更有感！請繼續往下閱讀...「真正的健康城市，不是醫院越蓋越多，而是生病的人越來越少。」吳旭智表示，竹北擁有全台最完整的科技人才、智慧城市基礎及年輕人口結構，非常適合作為台灣健康科技示範城市。吳旭智提出3項升級方案。第一是擴大在地兌換，創造「健康 × 經濟」雙贏，他說明，未來竹北將不限於超商兌換，更將擴大串連在地優質店家、小農市集、竹北國民運動中心及民間健身房。市民累積的健康點數可折抵運動場館門票、購買在地農特產品，讓健康紅利留在竹北，帶動地方經濟循環。其次是結合智慧科技與銀髮共學，運動學習皆能集點。吳旭智認為，可發揮竹北科技城優勢，串接智慧手錶與手機計步器。市民不論是在頭前溪畔夜跑、公園健走，或是長輩參與社區「銀銀共學」課程，如果能即時換算為實質獎勵，落實全齡健康與活躍老化。他說，第三是推出專屬健康市政平台，打造遊戲化健康城市。整合竹北市政與健康數據，升級專屬市民 APP。透過遊戲化任務設計，降低運動與體重管理門檻，讓市民在日常生活中輕鬆賺健康、享優惠。吳旭智表示，從過去在議會的質詢與前瞻提案，到如今擘劃竹北市政藍圖，他已經做足準備。未來將持續透過科技賦能市政，讓健康變成竹北人的新財富。    ,https://news.ltn.com.tw/news/politics/breakingnews/5521310
對手質疑「神隱」    江啟臣：我都在這裡啊,政治,2026/07/29 10:51,江啟臣邀集林業者等單位，了解會勘「豐原林務局宿舍群（北、南側）」管理維護情形。（記者歐素美攝）民進黨台中市長參選人、立委何欣純，今天召開「市議員參選人協尋江啟臣參選人」記者會，國民黨台中市長參選人、立法院副院長江啟臣今天剛好有公開行程，出席會勘豐原林務局宿舍群，面對「神隱」質疑，江啟臣即笑稱「我都在這裡阿」，同黨市議員陳本添並聲援表示，江都在立法院，電視都有，質疑莫非何欣純沒去開會？台中市長選舉，外傳江啟臣因民調領先「躺贏」，幾乎鮮少公開行程，對於致癌油等議題，對手何欣純一再提出質問，江啟臣也多保持「不回應」。請繼續往下閱讀...何欣純今天召開「市議員參選人協尋江啟臣參選人」記者會；向來低調的江啟臣，今天恰巧也有公開行程，邀集林業及自然保育署台中分署及國有財產署台中分署與地方人士等會勘豐原林務局宿舍群。記者詢問江啟臣，對手召開「協尋江啟臣」記者會，針對神隱議題，江啟臣笑稱「我都在這裡阿」，還詢問一旁的里長「我有那麼難找嗎？」；里長則笑稱「才見面而已」；國民黨台中市議員陳本添更表示，「（江啟臣副院長）都在立法院阿，電視都有，她（何欣純 ）有沒有去開會？」江啟臣則笑「ㄟ~那要去問她（何欣純）」。對此、何欣純總部發言人林俊裕說協尋江啟臣是針對重大議題的失蹤，而非是有沒有開會°    ,https://news.ltn.com.tw/news/politics/breakingnews/5521266
蔣萬安點名接閣揆   陳其邁：把工作做好卡實在、台北市長也該如此,政治,2026/07/29 10:48,被蔣萬安點名接閣揆，陳其邁強調把工作做好卡實在、台北市長也該如此。（記者王榮祥攝）台北市長蔣萬安先喊倒閣，又點名高雄市長陳其邁是很好的閣揆人選；陳其邁今引用新北市長侯友宜的話「 每個人都要把工作做好卡實在」，強調高雄市長現在最重要工作就是把食安做好、為市民把關，「高雄市長如此，台北市長也該是如此」， 都做政治處理，人民不會樂見。陳其邁說，每個人都該把工作做好，身為市長現在工作就是顧好食安，地方政府的工作包括查察查驗，中央負責政策規劃制定與協調，中央、地方合作，才能把（食安）工作做好。請繼續往下閱讀...他再次提醒，如果這些都做成如倒閣的政治處理，食安工作誰管？這才是大家該努力的，不管中央、地方、朝野須共同關心。陳其邁也提及在政院開會時，高市府只有一個想法，就是依據專業意見把修法工作做好，例如這次事件後 ，才理解到可以透過食安委員會負責風險評估，行政管理工作也是要跟地方政府合作，大家共同協調合作，把權責分得更清楚，這樣才能為以後的食安工作把關，結果大家不處理修法，不提出制度上改革，都做政治處理，不是人民樂意見到。    ,https://news.ltn.com.tw/news/politics/breakingnews/5521311
綠營需提防的不是鄭麗文 吳靜怡：蔣萬安民調好感度高於賴清德、盧秀燕,政治,2026/07/29 10:45,國民黨主席鄭麗文、台北市長蔣萬安。（資料照，翻攝自鄭麗文臉書）台北市長蔣萬安近期政治動作頻繁，繼發動藍營上凱道後，27日再提出倒閣議題。媒體人吳靜怡分享民調指出，相較於國民黨主席鄭麗文，綠營真正需要提防的是蔣萬安，她表示蔣萬安民調好感度不但高於賴清德與盧秀燕，蔣更具有鄭麗文所缺乏的跨藍、跨白與中間選民吸引力。吳靜怡質疑蔣萬安企圖成為盜版馬英九，並指蔣萬安若成功替李四川注入年輕與媒體形象，將大幅提高綠營翻盤難度。吳靜怡在臉書發文指出，台灣勵志協會的最新政治人物好感度民調，表面上是個人人氣排名，實際上反映的是藍綠兩黨的路線競爭。其中賴清德整體好感度44.9%，鄭麗文只有17.6%，差距高達27.3個百分點；即使在20至29歲選民中，賴清德仍有28.0%，鄭麗文僅5.9%。鄭麗文在國民黨支持者中的好感度雖達43.8%，但在民眾黨支持者中只有18.4%、無政黨傾向者更僅8.0%，顯示其強硬深藍與親中路線可以凝聚部分黨內支持者，卻難以跨出同溫層。請繼續往下閱讀...吳靜怡表示，相較之下，賴清德代表的本土執政路線，即使面臨施政包袱，仍具有較廣泛的社會基礎；這場民調不是賴清德與鄭麗文兩個人的勝負，而是民進黨主流路線對國民黨紅統路線的明顯領先。吳靜怡強調，最值得注意的戰場卻是台中！盧秀燕在自己的執政主場，好感度為46.3%，賴清德則有42.4%，兩人只差3.9個百分點；雖然縣市交叉樣本較小，不能直接視為市長選舉支持度，但至少證明台中絕非綠營無法進入的鐵板。更重要的是，盧秀燕的個人好感並不必然能完整移轉給江啟臣；市民可能肯定盧秀燕，卻不代表願意接受同一政治團隊繼續執政，豬瘟、食安與問題油等事件即使在新聞公關上被迅速止血，地方不滿仍可能透過社群、社區與人際網絡持續悶燒；江啟臣身為立法院副院長，如果在無人機、產業政策與地方重大議題上缺乏存在感，便容易被塑造成「位置很高、距離台中很遠」的候選人。吳靜怡分析，台中能否出現綠營黑馬，關鍵就在年輕選民，賴清德在20至29歲的好感度為28.0%，雖不算高，卻明顯高於盧秀燕的17.6%；而過去候選人民調也曾顯示，何欣純在20至39歲族群具有競爭力，這代表年輕人未必已經支持民進黨，但也沒有自然歸隊國民黨。只要何欣純能把選戰從傳統藍綠對抗，轉化為「新世代治理對指定接班」、「產業升級對政治延續」，再把住宅、交通、托育、薪資及科技產業納入核心論述，就有機會承接白營鬆動票與中間選民。雖然台中目前仍是江啟臣領先，但盧票能否過戶、青年票是否轉向，以及地方民怨會不會在投票前集中爆發，已讓這場選舉具備黑馬結構。吳靜怡直言，綠營真正需要提防的，並不是鄭麗文，而是蔣萬安企圖成為盜版馬英九！蔣萬安整體好感度48.6%，不但高於賴清德與盧秀燕，在國民黨支持者中達86.5%、民眾黨支持者62.5%、無政黨傾向者也有49.2%，顯示他具有鄭麗文所缺乏的跨藍、跨白與中間選民吸引力。蔣萬安正在打的如意算盤，是讓市府局處負責處理市政與技術問題，自己則把食安、治安、交通與民生爭議全部升高成中央責任，每天直接向賴清德、卓榮泰叫陣，再把地方事件轉製成全國選戰素材，他接著想透過跨縣市輔選，取代韓國瑜的媒體聲量、超越盧秀燕的接班順位，並以自己的年輕都會形象替李四川等年長候選人補足世代弱點。表面上是替國民黨輔選，實際上則是在提前建立2028年全國在野領袖的位置。吳靜怡提到，從目前結構判斷，藍營執政縣市中，宜蘭縣、嘉義市與彰化縣是較明顯的藍翻綠警戒區；新竹縣則取決於鄭朝方能否把竹北治理、科技族群與年輕選票向全縣外溢。台中是目前最容易被低估的綠營黑馬，新北則可能成為決定全國政治氣勢的最大戰場，但蔣萬安若成功替李四川注入年輕與媒體形象，將大幅提高綠營翻盤難度。綠營執政區中，澎湖最可能出現綠翻藍。吳靜怡指出，整體來看，2026不只是縣市長席次消長，而是賴清德能否以本土執政路線擴張中間票、鄭麗文是否將國民黨推向深藍化，以及蔣萬安能否趁地方選舉重新組裝國民黨、提前奪取2028主導權的三線角力。吳靜怡在文末強調，綠營有民進黨賴清德清楚的國家路線為優勢，執政團隊如何突破立法院藍營牽制，展現各縣市施政成果對抗盜版馬英九的蔣萬安，這場選舉藍綠勢必要熱戰！而民眾黨注定被蔣萬安邊緣化、泡沫化，空軍全面潰散！    ,https://news.ltn.com.tw/news/politics/breakingnews/5521222
誰讓政院倉促核定北宜高鐵？  張景森點名「他」,政治,2026/07/29 10:38,行政院前政委張景森公開反對行政院核定高鐵東延宜蘭，他今（29）日在臉書表示，國民黨的宜蘭候選人吳宗憲，他起先是反對北宜高鐵，為了選舉，反過頭來施壓行政院加速核定計劃。（資料照）行政院前政委張景森公開反對行政院核定高鐵東延宜蘭，他今（29）日在臉書表示，國民黨的宜蘭候選人吳宗憲，他起先是反對北宜高鐵，為了選舉，反過頭來施壓行政院加速核定計劃。就是他造成的選舉壓力，讓原本還在審慎評估的行政院，為了跟他競爭宜蘭選票，就倉促核定計劃。張景森說，國民黨跟民進黨面臨同樣的問題，那些要搞選舉的人都拼命開宜蘭高鐵的支票，其他人雖然不以為然，但卻默不作聲，不敢說話。請繼續往下閱讀...張景森認為，台灣政治最大的問題是不是哪一個政黨執政，長期以來只有黨派、沒有是非；只有選票、沒有專業。每逢選舉，重大公共建設就成為肉桶政治的籌碼，各黨政客競相加碼，專業跟良知被擺在一旁。張景森指出，最近看得出來，這種灑錢買票的政治文化有擴大跟惡化的趨勢，支票越開越大！這樣的政治文化不改變，今天是北宜高鐵，明天還會有更多因政治需要而推動的重大建設和買票政見。相信台灣的政治要走向健全的民主，知識應該超越黨派，專業應該超越意識形態，良心責任更應該高於選票計算。對於國民黨智庫負責人李鴻源昨公開反對北宜高鐵，張景森說，他由衷表示肯定。如果李鴻源真心認為北宜高鐵是一項效益不足、財務風險龐大的建設，就不必聲稱如果在2028年政黨輪替之後，取消北宜高鐵計畫，而是現在就可以採取行動。建議李鴻源最近就召開國民黨智庫的會議，然後發佈正式聲明。張景森說，他在這裡公開邀請李鴻源和所有反對北宜高鐵的專家學者、公民團體攜手合作，一起去敲開每一位立法委員的研究室，喚醒他們對國家財政、交通政策與世代責任的良知。我們應該要求立法院各個黨團，對於宜蘭高鐵的預算必須開放投票，讓立委可以用良心來投票，而不是用黨派立場來投票。    ,https://news.ltn.com.tw/news/politics/breakingnews/5521298
蔣萬安點名陳其邁組閣 黃捷酸：想當發言人就投履歷 我可幫忙送,政治,2026/07/29 10:34,民進黨立委黃捷。（資料照）台北市長蔣萬安近日拋出「倒閣說」後，今再點名高雄市長陳其邁是不錯的閣揆人選，市政滿意度很高，是一個適合組閣的人選。民進黨團今直言，蔣萬安現在似乎對市長職位比較沒有興趣，一直對國政指指點點，卻忘了自己該做的事情，若想應徵陳其邁市長的發言人，就投履歷給高雄市政府。除點名陳其邁擔任閣揆外，蔣萬安日前先聲稱，陳其邁在食安會議發言「口氣很硬」、還發飆問「20％下架標準誰定的」，今又再次提及陳其邁在會議中表示，中央該負起中聯油脂相關查證責任。請繼續往下閱讀...民進黨團書記長范雲指出，蔣萬安現在似乎對市長職位比較沒有興趣，只要是市政問題，不是要研考會主委殷瑋，就是要局處回答；反觀，對於國政問題，蔣萬安侃侃而談，不斷接受專訪。蔣萬安似乎很想要應徵陳其邁市長的發言人，但又做得不好，明明陳不是這樣講的，又不斷代為詮釋。「蔣萬安不要再當別人的發言人了！」范雲說，蔣萬安切勿一直對國政指指點點，卻忘了自己該做的事情，包含台北市虐童議題、市府食安會議缺席率高達7成等，呼籲蔣萬安趕快回去上班。黨團副書記長黃捷表示，陳其邁第一時間就出來回應：「我講的話，不需蔣市長代為轉述。」此外，高雄市府也都有發言人。若蔣萬安那麼想應徵陳其邁的發言人，就投履歷給高雄市政府，不要忘記自己是台北市長的身分。黃捷也直言，若蔣萬安想轉換職位，可以把履歷準備好，她可以幫忙代送。奉勸身為台北市長的蔣萬安做好市政工作，昨天新北市長侯友宜也說「市政工作做好比較實在」。    ,https://news.ltn.com.tw/news/politics/breakingnews/5521285
兩岸學子交流極度單向不對等 監院促陸委會、教育部改善赴中登錄機制,政治,2026/07/29 10:27,監察院。（資料照）中國近年持續透過各項科研、才藝競賽等多元手法，吸引台灣青年學子赴中交流，兩岸青年學子交流形成單向不對等現象。監察委員林文程、田秋堇啟動調查，監察院內政及族群委員會、教育及文化委員會聯席會議21日通過調查報告，針對兩岸教育交流失衡、學校漏報學生赴中資訊及政府管理措施漏洞等節，促請陸委會及教育部檢討改善。監委表示，中共長期將台灣青年視為統戰重點，統戰對象並從大專學生延伸到中小學。2023年疫情緩和後，台灣學生赴中交流人數大幅增長，統計2022年至2025年，台灣大專校院赴中學生由2196人增至5745人，高中職由676人增至1161人，國中由0人增至1021人，國小學生更由38人暴增至1045人，隨團教師由661人增至1281人。請繼續往下閱讀...反觀來台參與陸委會活動的中生人數逐年減少，由2022年的76人降至2025年僅16人，且多具共青團背景，近年除研修生外，很少中國學生來台參與教育活動。中方自2020年4月起片面停止中生來台就讀學位後，兩岸青年交流已形成極度單向、不對等的交流現象。調查發現，教育部雖於2019年建置「赴陸教育交流活動登錄平台」，要求各級學校落實填報，然平台功能未盡發揮。首先是黑數漏報情形嚴重，2019年至2025年間共有32校次、19項活動因漏報或違規被處置，其中不乏多次漏報的學校，如東海大學高達5次；學校常以「行政疏漏、不熟悉規定」或「僅協助公告」為由未落實填報，未建立完整內部控制及風險管理機制，教育部顯未能確實督導。其次是「事後登錄」流於形式。教育部要求學校應於返台後1個月內至平台回報活動概況，惟該「事後登錄」無核實機制，交流行程及內容填報多屬虛應故事，使政府難以掌握活動是否涉及統戰或行程變更。第三則是教師私人招攬漏洞，多起案例顯示，教師利用校內職務或LINE群組私自招攬學生赴中，校方往往表示毫不知情，然家長極易誤信該活動係學校辦理，且學校均掌握相關行程安排及安全性。監委指出，天災事故頻仍，若發生重大緊急安全事件，家長才發現活動係教師自行招攬、校方並不知悉亦未向教育部填報，學校事後即使表示「活動訊息非由校方公告、係教師自行招攬」，然事涉學生安危，家長豈能接受？一旦發生天災或人身安全事故，責任歸屬與救援將面臨重大風險。此外，依教育部向監院說明，中國學校並不會公告台灣的教育交流活動訊息，亦不會以微信、微博轉發，形成不對等交流現象。調查報告進一步指出，目前人民團體透過網路或在校園張貼廣告等管道招攬學生赴中，亦成為監管死角，由於民間團體非屬學校系統，極易規避教育部平台機制。此外，針對人民團體招攬學生赴中參與活動，倘涉違反「兩岸條例」的裁罰權責，陸委會、內政部與教育部3部會意見不一，教育部甚至表示「尚無裁罰非該部主管之人民團體前例」，法規落實出現漏洞。監委強調，總統賴清德已於2025年3月針對國安威脅提出17項因應策略指示，要求提高赴中風險意識並落實登錄。陸委會與教育部允應依總統指示，切實精進登錄制度，責成學校站在第一線，為兩岸對等、健康的教育交流把關。    ,https://news.ltn.com.tw/news/politics/breakingnews/5521271
狼師逼學生拍裸照！周軒曝「判有罪留任」：北市教育局在幹什麼,政治,2026/07/29 10:22,監察院28日通過糾正案，直指台北市立萬芳高中處理劉姓教師涉校園性平事件機制失能。（資料照）監察院28日通過糾正案，指台北市立萬芳高中處理劉姓教師涉校園性平事件機制失能，校方不僅在調查期間回聘其擔任行政職務，甚至在台北市政府認定案件屬實、校方記過及法院一審判決有罪後，仍未調整其職務；台北市教育局也因督導不周遭監察院糾正。政治工作者周軒在臉書揭露事件的時間序，直言「台北市教育局完全不知道在幹什麼嗎？」政治工作者周軒28日在臉書發布貼文稱，萬芳高中劉姓教師於2025年1月利用專題指導教師及兼任試務組長職務，要求學生拍攝裸露上半身影片，過度監控學生隱私，並要求與學生以「父子」互稱。請繼續往下閱讀...周軒表示，學生家長於2025年2月向台北市教育局陳情並提出校園事件申請，校方於2月初暫時調整劉姓教師行政職務。他指出，萬芳高中性別平等教育委員會於2025年4月受理案件後，由外聘調查小組作出「性騷擾不成立」決議；然而，校方卻在同年8月調查期間，再度回聘劉姓教師擔任研發處試務組長。面對家長申復及教育局多次要求釐清事證，校方皆敷衍處理。周軒表示，直到台北市政府性別平等教育委員會依職權啟動調查，才認定校園性別事件屬實，劉姓教師隨後遭校事會議及考績會記過。他指出，2026年，劉姓教師因違反《兒童及少年性剝削防制條例》，遭台北地方法院一審判處3年10個月徒刑；監察院則於2026年7月28日通過糾正案。周軒引述監察院調查指出，萬芳高中性平會審議及申復機制流於形式、明顯失能，成員未善盡把關責任，有嚴重怠失；校方不僅於調查期間回聘劉師，甚至在北市府認定案件屬實、校方記過及法院一審判決有罪後，仍未調整其職務，遭認定有庇護行為人的嫌疑。此外，監察院指出，校方組成的外部調查小組有數名委員任職於相同單位，且名單與另1起正在重審案件的調查委員組合相同，恐有將調查權限集中於特定人員或機構的疑慮。監察院也認為，校方相關處置已嚴重忽視受害者權益，不僅違反兒少權益及專業倫理，也在校園中形成性別不友善氛圍；監察院同時認定台北市政府教育局在事件處理過程中未善盡適法監督職責，同樣被發現有處置不當的情況。文末周軒質疑，一名已遭法院依《兒童及少年性剝削防制條例》一審判決有罪的教師，為何仍能繼續擔任台北市立高中的職務，並質疑台北市教育局未能採取有效作為。「難道台北市教育局這中間沒有任何辦法嗎？」    ,https://news.ltn.com.tw/news/politics/breakingnews/5521167
通常是敵人在做！沈伯洋：偽造三軍統帥聲音對台灣「風險極高」,政治,2026/07/29 10:18,民進黨台北市長參選人沈伯洋（中）訪美團成員回國。右為立法院民進黨團總召蔡其昌，左為立委吳思瑤。（記者朱沛雄攝）藍營小編因製作深偽影片被警方登門關切，議題持續延燒，台北市長蔣萬安昨說「上週拜會前主席朱立倫時，有拜託韋淳祐的團隊協助製作宣傳影片」，還嗆聲賴政府不要針對小編。網友在脆（threads）上發文點名問有法律背景的市長參選人沈伯洋，可否幫上法律課？對此，沈伯洋先從嚴重性切入，並指偽造三軍統帥的聲音是一件風險極高的事情，尤其台灣的處境，「這通常是敵人在做的事情」，此案仍有模糊空間。沈伯洋表示，以嚴重性來看，偽造三軍統帥的聲音是一件風險極高的事情，尤其台灣的處境，「這通常是敵人在做的事情」。他強調，從法律上而言，若只是從「偽造文書」切入，偽造文書有幾個要件，第一是「冒充」、第二是「足生損害」。深偽是冒充的一種，但要有「誤信的可能」才會進入到「足生損害」。請繼續往下閱讀...沈伯洋指出，有沒有誤信可能就會是法律爭點。如果今天是直接用總統的聲音發佈命令之類的，基本上就會符合，但若是製作搞笑影片或跟被冒充者權限無關的影片，就在模糊空間了，尤其在本案是介紹食安物質，「我覺得是灰色地帶」，廣泛來說是行政體系的宣導沒錯，但仍會持保留態度。沈伯洋提到，也因為如此，單單只用刑法的偽造文書不一定能涵蓋這些事情，所以深偽有必要獨立立法，目前立法應該就是在詐欺跟選罷法，但這件事情看起來不在這兩個範圍。沈伯洋認為：「我覺得他們都是高人指點啦！國民黨自己都說偽造沒什麼了，他們就是要政治操作。」「萊爾校長」AI深偽賴總統聲音 內政部曝恐觸犯3法	韋淳祐深偽總統聲音案被辦 蔣萬安堅稱「就是國家暴力」     在 Threads 查看    ,https://news.ltn.com.tw/news/politics/breakingnews/5521253
基市長任內與八代市締結友好城市  林右昌發文為日本強震祈福,政治,2026/07/29 10:16,前基隆市長林右昌任內與日本熊本縣八代市締結友好城市。（取自林右昌臉書）日本九州熊本縣昨發生規模7.1強震，災情嚴重，前內政部長林右昌昨天深夜發文表示，他擔任基隆市長任內，基隆市與熊本縣八代市締結友好城市，2市舉辦物產、觀光交流，八代市遭受嚴重災損，他內心沉重，他為每一位受災的鄉親祈福，希望受損家園能夠盡快重建。林右昌昨深夜發文說，看到熊本縣發生強烈地震的消息，八代市傳出災情，心情十分沉重。2018年，在他擔任市長任內，基隆市與熊本縣八代市締結友好城市，透過教育、文化、觀光及產業交流建立了深厚的情誼。而八代市中村博生市長與市議會也連續多年率團來基隆舉辦物產展，基隆港到八代港也首啟郵輪航線，讓2座城市的人民成為彼此珍惜的朋友。請繼續往下閱讀...林右昌說，得知這次地震造成八代市遭受嚴重災損，衷心祝福所有受災民眾都能平安無事，傷者早日康復，受損家園能夠儘快重建。基隆與八代，是一起走過交流歲月的朋友；此時此刻，「我們與你們站在一起，為每一位受災的鄉親祈福，盼望平安，盼望團圓，八代加油！熊本加油！」    ,https://news.ltn.com.tw/news/politics/breakingnews/5521260
拱陳其邁當閣揆是捧殺？ 蔣萬安：佩服他為高雄市民發聲,政治,2026/07/29 10:16,蔣萬安今在上海小貓熊亮相記者會受訪。（記者甘孟霖攝）中聯油脂毒油案爭議未歇，台北市長蔣萬安今（29）日接受專訪指出，現在行政、立法陷入僵局，「高雄市長陳其邁是不錯的閣揆人選」，被解讀捧殺陳。蔣萬安今受訪強調，陳其邁有很高施政滿意度，在毒油案中也願意為高雄市民發聲，以市民健康為優先。蔣萬安今出席上海小貓熊亮相記者會，會前受訪說，其實這一次毒油事件爆發至今，行政院長卓榮泰應該要為整起事件負起政治責任。請繼續往下閱讀...他說，如果總統賴清德藉由這一次機會更換閣揆，陳其邁會是很好的人選，因為陳有很高的施政滿意度，而且在這一次毒油事件處理當中，他看到陳敢於為高雄市民發聲，而且都是以市民的健康食安為優先的考量、堅定立場，「這非常不容易，我很佩服，所以我認為他會是接下來組閣的適合人選」。另外，蔣萬安喊出「倒閣」，被僑委會委員長徐佳青批評「不知分寸」，什麼時候台北市管立法院的事？蔣萬安反批，徐說的每一句話都是迴力鏢。    ,https://news.ltn.com.tw/news/politics/breakingnews/5521265
國民黨中評委提案研議和平統一 陸委會：民主如何跟極權專制中共整合？,政治,2026/07/29 10:02,陸委會主委邱垂正批評，中華民國是一個自由民主的憲政制度，怎麼跟極權專制的中共體制整合在一起？（記者劉信德攝）國民黨中評委韋伯韜昨在中評會提案主張，國民黨應研議「和平統一」論述，為兩岸談判預作準備，提案送交國民黨智庫研議。陸委會主委邱垂正今日在立法院受訪批評，中華民國是一個自由民主的憲政制度，怎麼跟極權專制的中共體制整合在一起？邱垂正指出，我們初步看到，這是以中共敘事為主。我們對和平都有理想，但是沒有幻想，和平還是要建立在自己的實力基礎上。我們有堅強的實力，有堅定的決心、充分的準備，才能贏得最後的和平。請繼續往下閱讀...邱垂正提及，我們會全力落實賴總統的「和平四大支柱行動方案」。但是要回過來講，這個有關於統一的方案，在國內、台灣民眾的支持是非常偏低的。邱垂正舉例，根據陸委會的民調，支持立即統一都不到10%，比例都非常少。大家要知道，中華民國是一個自由民主的憲政制度，怎麼跟極權專制的中共體制整合在一起，大家想想看。邱垂正提醒，兩岸人民關係條例第5條之3，要形成政治協議是非常高的門檻，而且有關國家主權地位及自由民主憲政秩序的毀棄跟變更，不能作為政治協商的項目，法律都有非常清楚的規範。邱垂正進一步說，當然我們尊重言論自由，但希望提案的人要了解台灣自己的制度、民意，有關於未來兩岸可能政治議題協商，兩岸條例有高門檻的規範，請大家參考。針對台東縣長饒慶鈴以錄影方式參加海峽論壇，目前是否確定不罰了？邱垂正回應，目前相關機關的資料還沒有回來，我們還沒有做最後決定，做完最後決定再跟大家報告。    ,https://news.ltn.com.tw/news/politics/breakingnews/5521240
藍被控AI深偽賴總統聲音 蔣萬安嗆「有事衝我來」被作家酸爆,政治,2026/07/29 09:58,國民黨青年部前主任、製作「萊爾校長」影片的小編韋淳祐，被控以AI深偽方式生成賴總統聲音並發布影片，遭警方登門關切。台北市長蔣萬安昨聲稱影片是他拜託韋淳祐團隊協助製作，直言「有事衝著我來，不要針對小編查水表」。（資料照）國民黨號召上凱道反毒油，國民黨青年部前主任、製作「萊爾校長」影片的小編韋淳祐，被控以AI深偽方式生成賴總統聲音並發布影片，遭警方登門關切。台北市長蔣萬安昨聲稱影片是他拜託韋淳祐團隊協助製作，直言「有事衝著我來，不要針對小編查水表」。對此作家趙曉慧舉蔣萬安先前的市政爭議諷刺，「以後食安會議要準時出席，颱風來之前要提前去通水溝，到議會備詢時要自己一個人上考場，不可以帶殷瑋」。趙曉慧在臉書發文指出質疑蔣萬安「有事衝著我來！」這麼有guts？要說到做到喔！請繼續往下閱讀...趙曉慧諷刺，「以後食安會議要準時出席喔～不要再缺席第12次了。颱風來之前要提前去通水溝，尤其是內湖。是虐童案重要，還是萊爾校長被查水錶重要？去市議會備詢時，你要自己一個人上考場，不可以帶殷瑋，幕僚也不能遞小抄給你」。趙曉慧也提到，「老鼠成群結隊逛大街時，你要帶頭滅鼠。大家衝著你驗DNA，你也不能躲，要展現你的guts豪邁的說：『有事衝著我來！』」    ,https://news.ltn.com.tw/news/politics/breakingnews/5521103
蔣萬安承認請人做AI影片 沈伯洋：偽造總統聲音是敵人在做的事,政治,2026/07/29 09:53,蔣萬安昨表示，是他拜託韋淳祐團隊製作影片，「有事衝著我來」。沈伯洋針對此事在社群回覆網友提問時表示，偽造三軍統帥聲音風險極高，尤其在台灣的處境下，「這通常是敵人在做的事情」。（資料照）製作「萊爾校長」影片的小編韋淳祐因製作影片偽造賴清德的聲音而被檢舉，警方獲報後登門查證，藍白痛批民進黨打壓言論自由。台北市長蔣萬安昨表示，是他拜託韋淳祐團隊製作影片，「有事衝著我來」。民進黨台北市長參選人沈伯洋針對此事在社群回覆網友提問時表示，偽造三軍統帥聲音風險極高，尤其在台灣的處境下，「這通常是敵人在做的事情」。針對蔣萬安自己承認他拜託韋淳祐團隊製作影片，有網友在Threads上標記沈伯洋、詢問沈「這樣在刑法上有犯罪嗎」？沈伯洋28日晚間10點多在返台途中回應網友，他提到首先就嚴重性來說，偽造三軍統帥的聲音，是一件風險極高的事情，尤其在台灣的處境，這通常是敵人在做的事情。請繼續往下閱讀...沈伯洋續指，從法律上來看，如果只是從「偽造文書」切入，偽造文書有幾個要件，第一個是「冒充」，第二個是「足生損害」，深偽是冒充的一種，但要有「誤信的可能」才會進入到「足生損害」，有沒有誤信可能就會是法律爭點。沈伯洋舉例，如果今天是直接用總統的聲音發佈一個命令，基本上就會符合，但如果是製作搞笑影片，或者製作跟被冒充者權限無關的影片，他認為就在模糊空間了，尤其本案是介紹食安物質，他認為是「灰色地帶」。沈伯洋表示：「廣泛來說是行政體系的宣導沒錯，但我會有點保留。」沈伯洋提到，因為如此，單單只用刑法的偽造文書不一定能涵蓋這些事情，所以「深偽」（Deepfake）有必要獨立立法，目前立法應該就是在詐欺跟選罷法，但這件事情看起來不在這兩個範圍。最後沈伯洋補充他的觀察：「我覺得他們都是高人指點啦。然後，反正，國民黨自己都說偽造沒什麼了，他們就是要政治操作。」沈伯洋赴美訪問今天清晨才返抵桃園機場，這段留言是在昨天晚間10點47分，應該正在返台途中。「萊爾校長」AI深偽賴總統聲音 內政部曝恐觸犯3法	韋淳祐深偽總統聲音案被辦 蔣萬安堅稱「就是國家暴力」     在 Threads 查看沈伯洋（左）今晨從美國返抵台灣，他認為蔣萬安的發言是政治操作的一部分。（記者朱沛雄攝）    ,https://news.ltn.com.tw/news/politics/breakingnews/5521201
韋淳祐深偽總統聲音案被辦 蔣萬安堅稱「就是國家暴力」,政治,2026/07/29 09:52,前國民黨新媒體部主任韋淳祐以deepfake技術，用總統聲音製作影片，遭移送地檢署；台北市長蔣萬安說整件事情是國家暴力。（擷取自直播節目）前國民黨新媒體部主任韋淳祐日前用深偽技術仿造總統賴清德的聲音，製作725反毒油集會宣傳片被民眾檢舉，藍營不滿指控「查水表」。台北市長蔣萬安昨日受訪才說是他拜託韋淳祐製作影片，更嗆「賴政府有事衝著我來！」蔣萬安今日接受《嗆新聞》專訪說，沒有說清楚基於什麼理由，且相關令狀都沒有，就派警察要求下架，應該要檢視是否違反正當法律程序，也說整件事情是國家暴力。《嗆新聞》主持人黃揚明提到，此案已依偽造文書送地檢署偵辦，問蔣接下來怎麼辦？是否會造成寒蟬效應？請繼續往下閱讀...蔣萬安舉例，在美國有節目叫Sassy Justice就是用AI模擬川普，不只是聲音還有外貌，針對時事做一些嘲諷；英國Channel 4也有用AI模擬女王影像聲音發表聖誕節談話，屬於言論自由範疇。回過頭看台灣偽造文書構成要件，要造成誤信及侵害法益，韋淳祐影片則有清楚標示AI技術所製成影片跟聲音，而且一般人看到影片，不會認為是賴清德總統親自解釋，在他的理解，一般人不會造成誤解，認為整件事情就是國家暴力。蔣萬安說，刻意選在凱道遊行當天派警察上門，就是要引發寒蟬效應、箝制言論自由、新聞自由，這些累積下來，民眾怒氣會到臨界點，民眾就是要有人負責任、下台。蔣提到，不能讓這件事情就這樣翻頁。蔣也再次強調，沒有在想2028參選總統的事情，繼續拚今年台北市長連任，繼續為台北市民服務。另外，關於民進黨台北市長參選人沈伯洋出訪美國，遭質疑沒有對食安議題發聲，蔣萬安說，祝福他出訪一切順利，也有看到他拜會國會等，但眼前民眾最關心的是毒油事件影響。	蔣萬安承認請人做AI影片 沈伯洋：偽造總統聲音是敵人在做的事    ,https://news.ltn.com.tw/news/politics/breakingnews/5521212
熊本強震釀災 矢板明夫籲勿信謠言：願天佑熊本,政治,2026/07/29 09:48,日本資深媒體人矢板明夫。（資料照）日本熊本發生芮氏規模7.1的強烈地震，對此，日本資深媒體人矢板明夫表示，熊本是許多台灣人熟悉、喜愛的地方。衷心祈願所有受災民眾都能平安，失聯者能夠盡快被找到、救災工作一切順利。也希望大家在關心災情的同時，保持冷靜與理性，不造謠、不傳謠，讓真正需要幫助的人，能夠得到最快、最有效的救援，願天佑熊本。矢板明夫在臉書PO文表示，今天，日本熊本縣發生規模7.1的強震。地震發生後，熊本、福岡、佐賀及長崎一度發布海嘯警報，九州新幹線及部分鐵路停駛，熊本機場一度關閉跑道，許多地區停電。救災工作仍在持續進行中。請繼續往下閱讀...矢板明夫指出，今年二月，才剛和一百多位台灣的朋友組團到過熊本，去台積電日本廠所在的菊陽町參訪。地震發生後，我第一時間就連絡住在熊本的朋友，所幸大家都平安無事。台積電所在的菊陽町遭遇了震度5強，但目前傳出的情況，並沒有出現重大災害，廠區也已依照程序疏散人員並檢查設備，一位當時人在熊本市中心的朋友說，這是他一生中遇過最猛烈的一次地震。整個街區劇烈搖晃，周圍建築物左右擺動，身旁的人都迅速逃到戶外避難。他說，那一瞬間真的不知道接下來會發生什麼事。矢板明夫續指，目前最令人擔心的，是一家大型購物中心發生爆炸、部分建築坍塌。救援人員仍在現場搜救。日本媒體報導，還有二、三十人失聯，傷亡人數也持續增加中，詳細情況仍待官方進一步確認，每一次大地震，都會考驗一個社會的韌性，也考驗人們對資訊的判斷能力。地震發生後，日本社群平台上已經開始出現各種假消息，包括聲稱能夠「預測地震」、「地震是人為造成」等陰謀論，甚至有人預測接下來還會有人利用AI製作熊本城或購物中心的假照片、假影片來博取流量。矢板明夫直言，日本事實查核中心特別呼籲，看到令人震驚的資訊時，一定要先查證官方機構或主流媒體的報導，在沒有確認真相之前，千萬不要轉傳，熊本是許多台灣人熟悉、喜愛的地方。衷心祈願所有受災民眾都能平安，失聯者能夠盡快被找到、救災工作一切順利。也希望大家在關心災情的同時，保持冷靜與理性，不造謠、不傳謠，讓真正需要幫助的人，能夠得到最快、最有效的救援，願天佑熊本。    ,https://news.ltn.com.tw/news/politics/breakingnews/5521205
民進黨訪美團返台 蔡其昌談台美交流成果、沈伯洋帶回城市治理經驗,政治,2026/07/29 09:44,民進黨立法院黨團總召蔡其昌與立委沈伯洋清晨自美返台，在桃園機場與民眾寒暄。（記者朱沛雄攝）民進黨立法院黨團總召蔡其昌今天結束8天訪美行程返台，他在桃園機場表示，此行走訪洛杉磯、紐約及華府，其中華府行程成果最為豐碩，原先規劃拜會的對象均順利完成會晤，並向美方傳達總統兼民進黨主席賴清德對台美合作及區域安全的相關主張。民進黨立法院黨團總召蔡其昌22日起代表民進黨中央及民進黨團率團訪美，黨中央代表為政策會執行長、立法委員吳思瑤，黨團部分則有民進黨團副幹事長沈伯洋、陳培瑜，及立法院台美國會聯誼會長、立委王定宇共5人。請繼續往下閱讀...蔡其昌表示，訪團在華府除拜會美國聯邦眾議院現任及前任議長，也與多位重量級國會議員及白宮、行政部門官員會面，針對台海和平穩定、維持台海現狀、國防安全、兩岸情勢、軍購，以及台美經貿合作等議題深入交換意見，並向美方說明台灣政府立場，順利完成此行任務。蔡其昌指出，訪團另赴洛杉磯、紐約與僑界交流，其中沈伯洋應邀成立美東、美西後援會；沈伯洋除參與國會外交行程，也安排多項市政交流與考察，並向美方分享其提出的「無限城」構想，希望台北作為國家首都，除兩岸交流外，也能與世界各國首都及重要城市建立更緊密合作關係，拓展國際城市外交。沈伯洋表示，此行最大成果有兩項。首先，是建立了所謂「無限城」網絡，不再侷限於華府、紐約、波士頓等三大城市，而是向外延伸至周邊地方政府及各界人士，涵蓋白宮及行政部門官員、美國國會外交委員會歷任主席、地方議會與州政府代表，以及智庫、企業、僑界等，完成橫向與縱向的交流布局，為台北未來推動城市治理建立國際合作基礎。沈伯洋說，此行也帶回許多城市治理經驗，除科技治理外，還包括可負擔住宅政策、都市植樹與降溫、人才培育及留才策略，以及「交通零死亡願景」、通學路安全等議題，將於明日記者會中逐一說明。民進黨立法院黨團總召蔡其昌在桃園機場表示，訪美成果豐碩，原先規劃拜會的對象均順利完成會晤，並向美方傳達總統兼民進黨主席賴清德對台美合作及區域安全的相關主張。（記者朱沛雄攝）    ,https://news.ltn.com.tw/news/politics/breakingnews/5521191
老是望向中央！沈伯洋返台 批蔣萬安對市政不聞不問,政治,2026/07/29 09:43,民進黨台北市長參選人沈伯洋在桃園機場表示，台北市長蔣萬安對於全國性的議題不斷做政治操作，對於市政的議題不聞不問，相信台北市民不能夠接受。（記者朱沛雄攝）民進黨台北市長參選人沈伯洋今天結束訪美返國，清晨在桃園機場分享成果，強調此行建立與美國中央與地方政府、智庫、企業及僑界的聯繫網絡，更帶回可負擔住宅、都市降溫、人才培育及交通零死亡等城市治理經驗，將提出台北未來20年的治理藍圖。他也在回應市政議題提問時，指現任市長蔣萬安對全國性的議題不斷做政治操作，卻對市政的議題不聞不問，相信台北市民不能接受。沈伯洋表示，此行最大成果有兩項，首先是建立了「無限城」網絡，不只華府、紐約、波士頓等三大城市，而是向外延伸至周邊地方政府及各界人士，涵蓋白宮及行政部門官員、美國國會外交委員會歷任主席、地方議會與州政府代表，以及智庫、企業、僑界等，完成橫向與縱向的交流布局，為台北未來推動城市治理建立國際合作基礎。請繼續往下閱讀...其次，訪團也帶回許多城市治理經驗，除科技治理外，還包括可負擔住宅政策、都市植樹與降溫、人才培育及留才策略，以及「交通零死亡願景」、通學路安全等議題。他表示，相關成果將於明日記者會中逐一說明，提出未來「台北治理的答案」。沈伯洋說，此行除拜會美國白宮及行政體系官員，也與美國國會前後任議長、外交委員會前後任主席，以及多位眾、參議員交流。其中不少國會議員曾任市長或郡長，兼具立法與行政歷練，針對如何推動市政治理、落實行政權提供許多實務建議。沈伯洋指出，美國許多城市治理都是以長期規劃為基礎，例如交通零死亡（Vision Zero）」以10年以上為期推動，城市樹蔭計畫規劃期程超過20年，納許維爾的音樂生態系的規劃更是以50年為發展藍圖，即使政黨輪替，既定的城市計畫仍能持續執行，不會因政治因素輕易中斷。他們也與承攬紐約市政府大型建設計畫的建築公司交流，了解重大公共建設如何歷經10年、20年持續推動與落實，希望將這些長期治理經驗帶回台北，作為未來城市規劃的重要參考。媒體詢問對於近日台北市政府幼兒園兒虐案後續處理的看法。沈伯洋表示，市府總是在新聞曝光、家長陳情後才祭出加重裁罰，但那些尚未被揭露、仍在受虐的孩子，市府究竟什麼時候才會站出來？他指出，自2023年至今兒虐案件層出不窮，市府不僅未積極參與相關會議，也未落實防治措施，往往要等到監察院糾正、媒體揭露或家長反映後才有動作，甚至連市府名義都遭業者拿來宣傳，他認為這個對市民真的是無法交代。針對台北市政府因萬芳高中案遭監察院認定失職，且累計遭糾正案件已逾7件，沈伯洋表示，台北市政就像一張考卷，市長蔣萬安卻是不斷被記過、被扣分，而且不只這7件，近期連麥當勞相關案件也遭監察院糾正。沈伯洋指出，從寶林茶室食安事件、兒虐案到萬芳高中案，都反映市府治理頻頻出現漏洞，卻始終未見有效改善。寶林茶室事件發生後，市府後續甚至未持續參與食安會議；兒虐案遭糾正後，也未後續也都沒有來繼續處理，「蔣萬安市長所回應的方式都是將焦點轉向中央議題」。沈伯洋說，對於一個一般的市民，看到市政這張成績單繳了白卷，然後一直不斷被糾正，心裡應該會很希望市長能夠針對市政多出來說明，告訴大家到底一個安全的城市是長什麼樣子，未來 10 年的台北應該要是什麼樣子。對於台北市長蔣萬安再提「倒閣」，沈伯洋表示，倒閣是全國性議題，蔣萬安作為台北市長應該回歸這些市政的議題，「希望他不是只是想把台北市當做一個跳板而已」。沈伯洋說，台北市有很多如食安、兒虐、交通、預算浪費等市政問題需要被關注，倒閣是憲法上本來就有的一種制度上的設計，但我們可以看到蔣萬安已經不是第一次提出倒閣了，很明顯就只是一直在測試他自己在黨內的實力而已，「對全國性議題不斷做政治操作，對市政議題卻不聞不問，我相信台北市民不能接受。」民進黨台北市長參選人沈伯洋結束訪美行程，凌晨搭機返抵桃園國際機場。（記者朱沛雄攝）民進黨台北市長參選人沈伯洋結束訪美行程，凌晨搭機返抵桃園國際機場。（記者朱沛雄攝）    ,https://news.ltn.com.tw/news/politics/breakingnews/5521164
陸委會拒絕上海市官員來台？邱垂正：有統戰疑慮、北市未申請,政治,2026/07/29 09:39,陸委會主委邱垂正。（記者陳鈺馥攝）上海動物園交換給台北市立動物園的小貓熊，今日將對外亮相，但傳出上海市政府原本擬率團訪台，卻遭到陸委會否決。陸委會主委邱垂正今日在立法院受訪表示，這個是有統戰疑慮，後來台北市政府就沒有再申請了。台北市長蔣萬安今日將出席小貓熊亮相記者會，傳北市府原打算邀請中共官員一同見證雙城論壇的成果，預定邀上海市訪團7月來台，但卻收到陸委會通知，身兼上海市政府代表團團長的上海市政府副秘書長張玉鑫、上海市台辦主任金梅、副主任李驍東及隨團媒體全部拒絕入台。請繼續往下閱讀...對此，陸委會表示，「北市府有來詢問，但未提出申請」；邱垂正在立法院受訪時回應，所謂小熊貓的見面會，確實台北市政府有來詢問，但也是有統戰疑慮，後來台北市政府就沒有再申請了，事實是這樣，你們也可以問問台北市政府。    ,https://news.ltn.com.tw/news/politics/breakingnews/5521209
白海豚爆發增強衝風王！ 賈新興曝日本旅遊提醒,政治,2026/07/29 09:31,台灣整合防災工程技術顧問公司總監賈新興PO出旅遊天氣提醒。（圖擷自臉書）今年第13號颱風「白海豚」短時間爆發性增強，將挑戰「風王」，依目前預報的路徑潛勢，白海豚將往日本到琉球群島附近方向移動，目前對台灣尚無威脅。對此，台灣整合防災工程技術顧問公司總監賈新興PO出旅遊天氣提醒。賈新興在臉書PO文表示，白海豚持續增強中 目前距離台灣遙遠，8月2日起開始關注其動態，預估鯨魚颱風8月3日至8月5日生成機率高，距離台灣遙遠，旅遊天氣提醒，日本7月29日至7月31日岩手縣、宮城縣、鳥取縣、秋田縣、山形縣、新潟縣留意大雨，之後留意高溫；韓國未來10天天氣穩定，留意高溫熱浪；歐洲未來一週留意高溫。請繼續往下閱讀...賈新興直言，30日，午後苗栗以南有零星短暫雨。31日，午後新竹以南有零星短暫雨，8月1日，西半部有局部短暫雨。2日，午後各地有零星短暫雨。3日清晨，桃園至苗栗有零星短暫雨，午後西半部有局部短暫雨，宜花東亦有零星短暫雨。4日至7日，午後各地有局部短暫雨。    ,https://news.ltn.com.tw/news/politics/breakingnews/5521172
蔣萬安拋倒閣再加碼！點名陳其邁「適合接任閣揆」,政治,2026/07/29 09:25,台北市長蔣萬安近日提出倒閣，今日也接受專訪說，現行政立法陷入僵局，高雄市長陳其邁是不錯的閣揆人選。（擷取自直播節目）台北市長蔣萬安近日提出倒閣議題，今（29）日上午接受專訪時更進一步點名，稱現在行政、立法陷入僵局，「高雄市長陳其邁是不錯的閣揆人選」，市政滿意度很高，「也在毒油事件看到陳其邁願意站在高雄市民立場，以他們的健康食安為優先，覺得很佩服，非常不容易」，強調「陳其邁市長是一個適合組閣的人選」。節目主持人黃揚明提醒，前提是在野黨要能夠成功提倒閣。請繼續往下閱讀...蔣萬安回，當然尊重藍白兩黨討論，但不管是不是透過倒閣，要落實責任政治或是化解政治僵局，換一個閣揆代表一個新民意，在政務推動才能有所作為。再提陳其邁！蔣萬安談致癌油 「很肯定陳市長講真話」    ,https://news.ltn.com.tw/news/politics/breakingnews/5521171
藍青年AI深偽賴清德 劉世芳：全力支持依法偵辦,政治,2026/07/29 09:25,內政部長劉世芳。（記者陳鈺馥攝）國民黨青年部前主任、製作「萊爾校長」影片的小編韋淳祐近日新作「油不得你」影片，因使用深偽技術模仿總統賴清德聲音，遭警方登門關切。對此，內政部長劉世芳今日在立法院受訪表示，無論是什麼樣的政黨或是個人，只要是觸法的話，全力支持警政單位依法偵辦。劉世芳指出，台灣是民主法治的國家，絕對保障言論自由，但是偽造別人的聲音，「我想全體的台灣人民都不能夠接受」。請繼續往下閱讀...劉世芳提及，目前針對這個個案，就她所了解，刑事局已經以「刑事訴訟法」第230條及第231條報請北檢來偵辦，至於偵辦的過程，我們就尊重偵查不公開的原則，站在內政部的立場就是完全尊重。劉世芳強調，無論是什麼樣的政黨或是個人，只要是觸法的話，我們就全力支持警政單位依法來偵辦。她特別提到，第一不針對個案，第二既然警察單位已經報請北檢偵辦，我們就是尊重警政和檢察單位的「偵查不公開」原則來偵辦。    ,https://news.ltn.com.tw/news/politics/breakingnews/5521181
派特搜隊赴熊本救災？劉世芳：若有需求4小時內可出發,政治,2026/07/29 09:23,內政部長劉世芳。（記者陳鈺馥攝）日本熊本縣昨日發生強震，關於內政部轄下特搜隊目前整備情形及預定何時會出發協助日方？內政部長劉世芳今日在立法院受訪表示，消防署已經有整備，從昨天晚上開始有待命的團隊，包括台南、新竹、嘉義，甚至高雄。如果有需求的話，4個小時之內就可以出發！劉世芳指出，就我們所了解，國際上發生熊本的這個地震，後續還有其他餘震，甚至是更大規模的地震。所以我們知道這個訊息後，消防署已經有整備，從昨天晚上開始有待命的團隊，包括台南、新竹、嘉義，甚至高雄。高雄雖然不是輪值的特搜隊，但因為高雄市是熊本市的姐妹市，所以市長特別要求他們的特搜隊要準備。請繼續往下閱讀...劉世芳說，我們的特搜隊都是完全按照規模準備，如果有需求的話，4個小時之內就可以出發；關於是否赴日搜救是等外交部通知嗎？劉表示，我們有對口單位，只要日方提出請求的話，我們就會啟動。    ,https://news.ltn.com.tw/news/politics/breakingnews/5521195
「萊爾校長」AI深偽賴總統聲音 內政部曝恐觸犯3法,政治,2026/07/29 09:20,國民黨新媒體部前主任、創造「萊爾校長」的小編韋淳祐。（資料照）國民黨新媒體部前主任、創造「萊爾校長」的小編韋淳祐，被控以AI深偽方式生成賴總統聲音並發布影片，警方日前登門關切，引發國民黨立委不滿。內政部送交立法院報告指出，利用AI技術高度模擬他人聲音或影像，依個案情形，可能涉及違反「刑法」第210條、第216條「偽造私文書罪」、「刑法」第309條、第310條「妨害名譽罪」及「個人資料保護法」第19條「非公務機關對個人資料之蒐集或處理」等相關法規。立法院內政委員會今日邀請內政部就「『萊爾校長』小編遭警突襲查水表事件，檢視警察執法標準與行政中立」進行專題報告。請繼續往下閱讀...內政部報告指出，本案係警方於7月25日接獲檢舉後，啟動初步查證。警方初步檢視相關影片內容後，因疑似涉及深度偽造總統聲音，先依既有機制通報社群由平台依其社群守則進行審查，同時交由轄區警察關協助釐清該帳號是否遭冒用，以及確認影片來源。內政部提到，轄區員警前往查訪時，因當事人不在現場，僅向家屬留下聯絡方式，請當事人方便時與警方聯繫，未入內搜索、未限制人身自由，亦未強制要求到案。內政部說明，其後當事人主動與警方電話聯繫，警方確認帳號及影片均為本人與其團隊製作後，即完成初步身分確認，因此並未要求當事人立即到案製作筆錄。整體過程中，警方未採取強制處分、未強制要求影片下架，亦未限制當事人表達意見。關於警方執法之法律依據，內政部表示，本案警方係依據檢舉內容依法查證。依「刑事訴訟法」第230條及第231條規定，司法警察知有犯罪嫌疑時，即負有調查及保全證據的法定職責，因此就涉案帳號及影片來源進行初步查訪，具有法律依據。內政部強調，另一方面，若利用AI技術高度模擬他人聲音或影像，依個案情形，可能涉及違反「刑法」第210條、第216條「偽造私文書罪」、「刑法」第309條、第310條「妨害名譽罪」及「個人資料保護法」第19條「非公務機關對個人資料之蒐集或處理」等相關法規，是否成立犯罪，仍須交由司法機關依法認定。內政部說明，警方通知社群平台，是依平台社群守則建立的通報機制，是否下架相關內容，仍由平台依其規範自行判斷，警方並無強制下架之權限。對於本案影音鑑識情形，內政部指出，本案經警政署刑事局以深偽檢測工具進行分析。檢測結果顯示，影片配音具有語速、音色、呼吸節奏及聲音特徵異常等疑似AI生成特性，因此有必要進一步確認影片來源及是否涉及不法，後續仍須由司法機關依法審認。    ,https://news.ltn.com.tw/news/politics/breakingnews/5521168
雲林元長鄉再加碼福利 316鄰長喜領高級自行車,政治,2026/07/29 09:17,雲林縣元長鄉內共有316位鄰長，為提升鄰長服務效能及社區巡查機動性，鄉公所為鄰長們添購每人一台高級自行車。（圖由鄉公所提供）雲林縣元長鄉內共有316位鄰長，為提升鄰長服務效能及社區巡查機動性，鄉公所為鄰長們添購每人一台高級自行車，並舉辦捐贈典禮。典禮中，鄉長李明明當場宣布，預計明年加碼鄰長福利，每人每月600元為民作業服務費，更將鄰長文康活動費調升至每年每人4000元，體恤基層辛勞與付出。捐贈典禮上，由李明明帶領村鄰長一起騎上腳踏車，騎繞元長鄉公所一圈。李明明表示，鄰長扮演政府與民眾間的橋樑，協助政令宣導、民情反映、災害通報及弱勢關懷等多項事務，致贈自行車是感謝投入基層服務的重要心意。請繼續往下閱讀...李明明宣布，為體恤基層辛勞及用心，與鄉代表會攜手合作，預計2027年提升鄰長福利，包含每人每月600元的鄰長為民服務作業費，更將每人每年3000元的鄰長文康活動費，調升至4000元。鄉代會主席李宗懋表示，代表會支持編列預算購置自行車，希望提供鄰長更便利、安全的執勤工具，肯定公所團隊充分展現對基層服務人員的重視。村長聯誼會會長陳中一表示，自行車將成為村、鄰長巡查道路、路燈及環境的重要輔助工具，期盼未來持續攜手合作，共同提升服務品質，增進鄉親福祉。新吉村鄰長代表阮麗娟表示，身為新住民，能投入社區服務並擔任鄰長深感榮幸，獲贈自行車不僅是對基層服務的鼓勵與肯定；子茂村鄰長代表吳秋份表示，鄰長長期協助公所辦理各項通知發送工作，獲贈自行車令人備感溫暖。雲林縣元長鄉內共有316位鄰長，為提升鄰長服務效能及社區巡查機動性，鄉公所為鄰長們添購每人一台高級自行車。（圖由鄉公所提供）雲林縣元長鄉內共有316位鄰長，為提升鄰長服務效能及社區巡查機動性，鄉公所為鄰長們添購每人一台高級自行車。（圖由鄉公所提供）    ,https://news.ltn.com.tw/news/politics/breakingnews/5521161
李忠憲談台積電共諜案 示警台灣版晶片戰爭才剛開始,政治,2026/07/29 09:13,學者李忠憲。（資料照）台積電前陳姓副理涉嫌與已故中共情工人員丁小琥合謀，擅自重製並竊取21件國家核心關鍵技術與營業秘密，欲透過「藍海計畫」赴中國設立公司並挖角台灣人才，高檢署依違反國安法、營業秘密法等罪起訴陳男並求刑7年。對此，學者李忠憲表示，台灣版「晶片戰爭」真正的戰爭，才剛開始，反紫光或台積電共諜案，不是這場晶片戰爭的終點，真正的戰爭，不是在法庭，而是在每一天對技術、人才、制度與民主的守護。只要台灣仍然擁有世界最重要的半導體產業，這場戰爭，就不會結束。李忠憲在臉書PO文表示，幾年前接受美國之音記者採訪，對方訪談結束後私下說「李老師，你知道嗎？你們當時做的事情，其實非常危險。」她接著說，「習近平推動中國製造2025，晶片是整個計畫最核心的一環。你們當年站出來反對中資進入台灣IC設計產業，有沒有想過，自己其實是在阻擋中國最重要的國家戰略？」請繼續往下閱讀...李忠憲指出，當時自己愣了一下，只回答：「真的沒有想過。」只知道，那件事情對台灣非常重要。而且包括中國跟台灣政府，媒體跟產業，大多數的人都覺得這件事情是阻擋不了。當初可能很多人認為奇遊團這幾個教授只是出來耍寶而已，怎麼有可能能阻擋歷史的巨輪？最近台積電共諜案曝光，再次讓台灣社會看見一個許多人過去不願正視的事實：半導體早已不是單純的產業，而是國家安全。李忠憲續指，起訴內容指出，台積電前主管涉嫌竊取二十多項國家核心關鍵技術，企圖交付中國，並規劃在中國建立相關公司，還涉及挖角台灣半導體人才。這不只是一起營業秘密案件，而是一場國家安全事件。而且根據周刊的報導，涉案的三個人都已經不幸死亡，不少人說，反紫光不是已經落幕了，為什麼還要出這本書啊？當初不是說好要一起帶到棺材裡面嗎？是自卑感太重，還是要刷存在感？中國的發展就是要併吞台灣的晶片產業，不管用什麼手段，併吞台灣不再只是民族主義這麼簡單的政治口號，而是有實質的經濟和國家發展重要的意義。李忠憲強調，反紫光從來不是一場關於一家公司、一筆投資案的爭議，而是一場關於未來的選擇，當年，很多人認為我們想太多，把經濟問題政治化；如今，台積電共諜案、各國對半導體的出口管制，以及全球圍繞晶片展開的地緣政治競爭，都證明了一件事：晶片從來就不是普通商品，而是國家實力的一部分，所以，他始終不認為反紫光是一個句點。李忠憲分析，它只是讓台灣第一次意識到，原來半導體不只是產業政策，而是國家安全；不只是市場競爭，而是情報戰、人才戰、科技戰與制度戰，今天的台積電共諜案，更不是故事的結束，這場競爭仍在持續，而且會以不同的形式不斷出現，這也是《台灣版的晶片戰爭》最大的意義。它不是一本歌頌勝利的書，也不是一本回憶錄，而是一份時代的見證。李忠憲直言，它記錄了一群原本沒有權力、沒有利益，只因為相信台灣不能失去半導體自主性而站出來的人，也提醒下一代：真正重要的歷史，往往不是在塵埃落定之後才開始，而是在大多數人還看不見風暴的時候，就有人願意承擔被誤解的代價，反紫光或台積電共諜案，不是這場晶片戰爭的終點，真正的戰爭，不是在法庭，而是在每一天對技術、人才、制度與民主的守護。只要台灣仍然擁有世界最重要的半導體產業，這場戰爭，就不會結束。    ,https://news.ltn.com.tw/news/politics/breakingnews/5521123
再提陳其邁！蔣萬安談致癌油 「很肯定陳市長講真話」,政治,2026/07/29 09:02,台北市長蔣萬安（右）今日至《嗆新聞》接受專訪。（擷取自網路直播）台北市長蔣萬安日前在節目稱高雄市長陳其邁在食安會議發言「口氣很硬」、還發飆問「20％下架標準誰定的」，陳其邁事後強調，發言「不需蔣市長代為轉述」。蔣萬安今（29）日到廣播節目受訪，再次提及陳其邁在會議中表示，中央該負起中聯油脂相關查證責任。主持人黃揚明提到，蔣萬安替陳其邁發言，當然陳其邁會覺得「怎麼是你幫我講」，可是「那是事實，他沒有否認啊」。請繼續往下閱讀...蔣萬安說，「很肯定陳市長講真話」，「我們站在地方政府角色，中央做法真的讓地方政府......不論是要推卸責任或是這樣上下架」，「而且他（陳其邁）認為中央要負起中聯油脂相關查證責任」。    ,https://news.ltn.com.tw/news/politics/breakingnews/5521160
中共法律戰升級 陸委會：對台轉為「以法促統」,政治,2026/07/29 09:00,陸委會指出，中共於7月1日起實施「民族團結進步促進法」，該法代表中共對台法律戰從「反獨」轉向「促統」，從「以商逼政」轉為「以法促統」。（資料照）中共持續增修國安相關法令，將台灣人視為「中國公民」，嚴重威脅國人赴中人身安全。陸委會最新送交立法院的報告指出，中共於7月1日起實施「民族團結進步促進法」，該法代表中共對台法律戰從「反獨」轉向「促統」，從「以商逼政」轉為「以法促統」。立法院內政委員會今日邀請陸委會就「國人赴中失聯情況及政府因應作為」進行專題報告。請繼續往下閱讀...陸委會指出，中共於2024年6月21日發布「懲獨22條」，並設置懲獨舉報信箱，對我赴中港澳國人造成極大風險，政府已於2024年6月27日調升赴中港澳旅遊警示為「橙色」，建議國人避免非必要的旅行。陸委會分析，近年中共持續強化總體國家安全觀，膨脹國安定義頻繁增修包括「數據安全法」、「個人信息保護法」、「反間諜法」、「保守國家秘密法」、「網絡安全法」、頒布「公民舉報危害國家安全行為獎勵辦法」等明確分裂國家、顛覆國家政權、恐怖活動及勾結外國勢力等罪行，鼓勵民眾舉報，並提供物質獎勵。陸委會舉例，在2024年7月施行的「國家安全機關行政執法程序規定」、「國家安全機關辦理刑事案件程序規定」中，更規範國安機關可依法查驗個人或組織之電子設備，要求協助解密，以及檢查、調取電子設備內容。陸委會批評，此後，中共又於今年7月1日起實施「民族團結進步促進法」，每個台灣人都被賦予維護民族團結及促進國家統一的法律義務。促進法創設「維護民族團結」、「增進民族認同」的法律義務，並適用於所有「中國公民」。陸委會示警，在此情況下，任何台灣人「非統」即「獨」，處罰範圍廣泛，且法律概念極度模糊、流於主觀裁量的法律概念。譬如「破壞民族團結」、「製造民族分裂」、「不利於民族團結進步」等，並鼓勵各界檢舉來打壓異己，迫使民眾產生寒蟬效應，只能進行無止境的「自我審查」。陸委會痛批，「民族團結進步促進法」代表中共對台法律戰從「反獨」轉向「促統」，從「以商逼政」轉為「以法促統」。促進法的實施不僅是對赴中國人人身安全再增加一層威脅，更是對每一個在世界各地生活的台灣人套上一道法律枷鎖。    ,https://news.ltn.com.tw/news/politics/breakingnews/5521132
謝國樑上班開選務會議？詹凌瑀開酸：請假越久基隆越安全,政治,2026/07/29 08:54,基隆市長謝國樑（資料照）國民黨已提名基隆市長謝國樑競選連任，謝國樑也公開表示，將從本週開始啟動選舉模式。然而話才說完，上週五（24日）下午4時傳出召開選務會議。對此，媒體人詹凌瑀酸道，謝國樑請假的時候，才是基隆人最安全的時候，反而建議謝國樑市長，假可以請長一點。詹凌瑀在臉書PO文表示，謝國樑被抓到上班時間開選務會議，市府副發言人急忙澄清：市長都會依法請假，請外界放心，「放心？超放心的。老實講，謝國樑請假的時候，才是基隆人最安全的時候。」請繼續往下閱讀...詹凌瑀指出，「你想想他上班都在幹嘛。在全台灣最會下雨的城市，花百萬公帑在海邊擺白沙發，辦10天快閃，活動結束沙發集體人間蒸發，變成基隆都市傳說，到現在沒人知道那批沙發去哪了。下雨搬進去，雨停搬出來，這就是謝國樑市長引以為傲的海洋cafe。」詹凌瑀續指，「NET自己掏錢蓋、經營得好好的東岸商場，他半夜帶十幾個警察去換鎖，直接點交給前女友家的微風，喔對，還有那台說好的Gogoro。選前喊免費送，選後變4萬元等級電動機車，被罷免了才擠出補助方案。基隆人等一台機車，等到罷免票都投完了。」詹凌瑀直言，「所以請假的事真的不用查了，我反而建議謝國樑市長，假可以請長一點，最好請到2026年12月25日，基隆市政不會變差的，因為已經沒有變差的空間了。」    ,https://news.ltn.com.tw/news/politics/breakingnews/5521117
國人赴中失聯、遭關押達402人！陸委會：今年每月平均16人,政治,2026/07/29 08:34,陸委會最新統計，自2024年1月至今年7月22日止，經通報國人赴中失聯、遭留置盤查及遭限制人身自由，累計高達402人。（資料照，圖取自陸委會臉書）立法院內政委員會今日邀請陸委會就「國人赴中失聯情況及政府因應作為」進行專題報告。據陸委會最新統計，自2024年1月至今年7月22日止，經通報國人赴中失聯、遭留置盤查及遭限制人身自由，累計高達402人。陸委會指出，2024年累計55人，2025年大幅攀升至221人，較2024年成長4倍，2026年1至7月22日已達126人。依國人通報案件顯示，2024年平均每月約44人，去年平均每月約18人，今年1月1日起迄6月底止，平均每月已達約16人，顯示國人赴中遇到人身安全風險確實呈現大幅攀升，政府有義務向國人提出風險警示，並加強各種協處措施。請繼續往下閱讀...根據統計，上述402人當中，通報失聯154人、遭留置盤查32人、遭中方關押216人。其中涉詐騙案件134人，涉其他刑事案件58人，涉宗教案件23人，涉國安案件1人。陸委會指出，觀察相關案例，在留置盤查案件中，常要求檢查手機內容及隨身物品，甚至有發生國人在觀光景點拍照，即遭中國公安留置盤查，或在下榻旅館遭中方人員進入房間訊問，並檢查隨身行李、翻看手機內容及金錢支付狀況的情形。陸委會分析，在此類案件中，包含學者專家、赴中專業交流、退休或現職公務人員及一般國人，以具現職或退、離職公務員身分居多，比例高達50%，顯示我方公務員因私人行程或赴中旅遊易遭中共重點盤查訊問。陸委會提及，而在限制人身自由案件中，包含因涉及詐騙罪、其他刑事案件（含不明原因遭限制人身自由）、宗教因素與國安案件4類，觀察近期相關案件趨勢，中共持續打擊宗教活動，以及疑似涉及刑事犯罪或詐騙案件，而遭中方關押情形漸增。陸委會說明，本會於必要時亦透過各旅行公協會、航空公司、醫療後送機構、各地台商協會或當事人所在公司等多元管道，以公私協力方式向中方查詢或瞭解個案狀況，以利向中方瞭解國人在陸情形，提供國人必要協處，即時保障國人相關權益。陸委會強調，公布的數據皆為當事人或親友向本會、警察機關陳情或報案的統計，每一件都有憑有據。依據兩岸共打協議，即使當事人因案遭到刑事拘捕，中共應 向我方通報說明當事人所涉案由；其他失聯的狀況，則應於接到海基會或家屬報案後協助尋查。陸委會批評，中共片面基於政治因素，持續干擾兩岸共打協議正常運作，拒絕提供完整的訊息通報，放任非官方訊息到處流竄，讓台灣家屬無法辨別是不是遇到詐騙，此種做法顯然無視台灣民眾的權益。陸委會示警，本會所揭露的統計數據可能只是冰山一角，未曝光的真實人數可能更多，政府要再次重申，台灣的法律沒有限制民眾去中國，但政府有責任提醒國人赴中可能遇到的風險。    ,https://news.ltn.com.tw/news/politics/breakingnews/5521124
競選團隊韋淳祐涉用AI深偽元首聲紋 四叉貓：李四川知情？,政治,2026/07/29 08:23,網紅四叉貓。（資料照）創造出譏諷總統賴清德角色「萊爾校長」的前國民黨新媒體部主任韋淳祐，日前製作725反毒油集會宣傳片，因涉嫌偽造賴清德的聲音被檢舉，警方獲報查證，藍營指控是查水表。對此，網紅「四叉貓」表示，目前韋淳祐是新北市長參選人李四川競選團隊的「四本柱」之一，想問李四川，韋淳祐用AI深偽國家元首聲紋這件事，是不是李四川指使的？如果不是，為什麼不出來譴責？四叉貓在臉書PO文表示，李四川的「小弟」韋淳祐前幾天使用AI深偽國家元首的聲音製作影片而被警方約談，目前韋淳祐是李四川競選團隊的「四本柱」之一，所以我想請問新北市長候選人李四川，韋淳祐用AI深偽國家元首聲紋這件事，是不是李四川指使的？如果不是李四川指使的，為什麼李四川不出來譴責這件事？難道李四川也想護航違法的犯罪行為嗎？請繼續往下閱讀...四叉貓直言，「李四川叫小弟出來打人，打完之後李四川又不認帳」，「親弟」在小琉球恐嚇勒索，競選團隊底下的「小弟」偽造聲紋，「李四川每年領建商600萬元，住樓中樓豪宅卻講不出頭期款哪來的，我們平民百姓討論一下就要被告，真是好怕怕」，「真爽！終於可以用李四川的邏輯去嗆李四川了」。    ,https://news.ltn.com.tw/news/politics/breakingnews/5521115
蔣萬安喊倒閣 黃帝穎諷：恐再次被藍白打臉,政治,2026/07/29 08:06,台北市長蔣萬安近期政治動作頻繁，27日更提出「倒閣」一說，引發外界聯想。（資料照）台北市長蔣萬安近期政治動作頻繁，繼發動藍營上凱道後，27日再提出倒閣議題。律師黃帝穎質疑，藍白連行政院長「不副署」惡法，都不敢提倒閣了，豈會為了蔣萬安拚「國民黨共主」而去提倒閣？他也諷刺蔣萬安，「提倒閣恐再次被藍白打臉」。台北市長蔣萬安27日拋出倒閣議題，如果成案，依法將於60天內重新改選立委。國民黨多位立委對倒閣意見不一，有人贊成，有人保留，有人則表示「跟隨黨團的腳步」。請繼續往下閱讀...黃帝穎在臉書發文指出，蔣萬安高喊「倒閣」，藍白國會過半，有權隨時倒閣，但將面對解散國會後的最新民意考驗，藍白連行政院長「不副署」惡法，都不敢提倒閣了，豈會為了蔣萬安拚「國民黨共主」而去提倒閣！？黃帝穎表示，憲法增修條文規定，對於行政院長的不信任案，門檻只要二分之一委員同意，行政院長就必須在十日內提出辭職。藍白過半提起倒閣，行政院長就會去職，但藍白過去在面對行政院長「不副署」惡法時，不敢提倒閣，藍白明顯害怕倒閣後「解散國會」的最新民意。黃帝穎提到，蔣萬安日前高喊修憲廢監察院，企圖撼動國民黨「五權憲法」老法統，已遭國民黨打臉，如今又提出「倒閣」，狠踩藍白害怕解散國會的敏感既得利益，黃帝穎對此直言「蔣萬安提修憲廢監察院已被國民黨打臉，倒閣案恐再度打臉蔣萬安」。    ,https://news.ltn.com.tw/news/politics/breakingnews/5521075
5歲兒站路口   高雄「最萌麥克風手」助攻張以理超吸睛,政治,2026/07/29 07:51,高雄市左楠區議員參選人、前青年局長張以理，帶著5歲兒子在左營、楠梓路口向通勤民眾致意。（張以理團隊提供）高雄市左楠區議員參選人、前青年局長張以理，帶著妻子與5歲大兒子在左營、楠梓路口向通勤民眾致意，「最萌麥克風手」超吸睛，獲得不少叔叔阿姨熱情回應。剛升格「三寶爸」的張以理表示，親身經歷後更能深刻體會、要在繁忙工作與家庭照顧間取得平衡有多麼不易；他提到高雄市政府近年推動「雄好孕」、「好孕行得通」等多項貼心育兒政策，搭配中央推動的「0-18歲成長津貼」，中央與地方齊心協力，正是年輕家庭最實質的堅強後盾。請繼續往下閱讀...張以理認為，現今年輕人不願生育不單是經濟考量，更包含對生活品質的追求與社會育兒友善度的重視，因此除經濟上的津貼補助，實質改善育兒空間與整體環境更是不可忽視的議題。他強調，未來若順利進入議會，將全力爭取擴大24小時「全日臨托」服務、全面檢討與改善各大商圈及百貨賣場的「母嬰停車位」，並積極建構友善嬰幼兒的行人步道與公園綠地，期盼讓家長們能安心推著嬰兒車出門，不再需要與汽機車爭道，擺脫交通安全隱憂。他也期盼透過中央與地方雙管齊下，健全整體育兒環境，讓高雄真正成為「敢生、樂養、好生活」的幸福城市。高雄市左楠區議員參選人張以理的5歲兒子陪爸爸站路口舉牌。（張以理團隊提供）    ,https://news.ltn.com.tw/news/politics/breakingnews/5521105
立院三讀有線電視黨政軍持股放寬 翁曉玲嗆：卓榮泰副署就是打臉自己,政治,2026/07/29 07:26,國民黨立委翁曉玲。（資料照）立法院院會昨三讀通過有線廣播電視法修正案，放寬俗稱的「黨政軍條款」。國民黨立委翁曉玲今日表示，去年推動衛星廣播電視法黨政軍退出媒體條款的修法，竟然卡在行政院長卓榮泰不副署這關，以致這項修法通過至今已過了180天都還未公布，這回與衛星廣播電視法一模一樣的有線廣播電視法黨政軍退出媒體條款的修法條文，卓榮泰會副署嗎？賴清德總統會公佈嗎？翁曉玲質疑，如果他們副署且公布了本次有線廣播電視法的修法案，無疑就是打臉自己，而且證明他們就是雙標，只通過他們想要的法案，其餘不愛的，免談。請繼續往下閱讀...立法院院會昨三讀通過民法修正案，刪除兄弟姊妹特留分規定；有線廣播電視法修正案，放寬俗稱的「黨政軍條款」；以及道路交通管理處罰條例部分條文修正案，全面加重毒駕罰則。翁曉玲指出，去年在推動衛星廣播電視法黨政軍退出媒體條款的修法過程中，雖然立院朝野黨團和主管機關NCC都一致認為有修法必要性，且對修法內容有高度共識，但沒想到三讀通過的衛廣法修法案，竟然卡在卓榮泰不副署這關，以致這項修法通過至今已過了180天都還未公佈，嚴重影響國內兩、三百家的衛星頻道業者經營權益。翁曉玲表示，這回與衛星廣播電視法一模一樣的有線廣播電視法黨政軍退出媒體條款的修法條文，卓榮泰會副署嗎？賴清德總統會公布嗎？如果他們副署且公佈了本次有線廣播電視法的修法案，無疑就是打臉自己，而且證明他們就是雙標，只通過他們想要的法案。翁曉玲批評，這就是賴清德、卓榮泰最讓人不齒的地方，他們將副署公布執行法律的責任作為政治報復的手段，徹底摧毀了憲政民主的基礎和人民對法治的信任。她強調，這種失格失職、尸位素餐的行政首長早不配坐在那位子上，更不配領國家俸祿。在他們沒有完成他們的義務之前，用預算制裁他們，是守護憲政的必要手段。    ,https://news.ltn.com.tw/news/politics/breakingnews/5521091
謠言終結站》ATM出鈔口有鑰匙別碰 否則恐被告侵占？錯誤訊息,政治,2026/07/29 05:30,謠言終結站網傳內容：ATM提款機有歹徒設局釣魚，出鈔口若發現鑰匙千萬別碰，否則恐被提告侵占。查證結果：台灣事實查核中心查證，165反詐騙專線表示，並沒有收過類似的報案。165表示，不論是超商或是ATM都裝置嚴密的監控系統，萬一發生糾紛，都可以透過影片還原真相，相關犯罪手法的施行率極低。傳言為錯誤訊息。    ,https://news.ltn.com.tw/news/politics/paper/1764490
禁用中國製產品 總統盃無人機競賽起跑,政治,2026/07/29 05:30,總統府昨與各部會宣布 「總統盃2026無人機競賽」起跑，左起為產發署副署長鄒宇新、經濟部次長何晉滄、總統府秘書長潘孟安、國安會諮委李育杰、國科會副主委林法正、教育部次長朱俊彰。（記者陳逸寬攝）二〇二六總統盃無人機競賽起跑，總統賴清德昨表示，無人機是台灣積極發展的關鍵科技，要建立非紅供應鏈，讓台灣在全球無人機產業占有重要位置。府秘書長潘孟安說明，賽事嚴禁使用中國製產品參賽，祭三階段審查、違者直接取消資格；決賽將於十二月廿五日在大台南會展中心登場。賴清德在臉書發文表示，無人機是台灣積極發展的關鍵科技，我們要整合優勢，培育技術人才、鼓勵研發創新，並建立安全、可信賴的非紅供應鏈，讓台灣在全球無人機產業中占有重要位置。請繼續往下閱讀...賴清德表示，這次競賽由經濟部、教育部及國科會跨部會推動，希望讓更多人接觸無人機，也讓創意與技術有展現及驗證的舞台，即日起開放報名至八月卅一日，歡迎大家踴躍報名，一起「飛越夢想、競創未來」。涉及紅色供應鏈 一律撤銷資格潘孟安指出，賽事以「民主同盟」及「非紅供應鏈」為主題，整合國內無人機相關產業，經濟部將辦理「無人機堆積木」、「無人機避障賽」及「無人機精準投放」等障礙飛行挑戰；教育部辦理「無人機足球競賽」，從國小階段開始推動無人機操作；國科會則規劃「關鍵技術挑戰賽」，期盼透過競賽培育科技應用人才。潘孟安提到，賴總統二〇二四年下半年即指示，希望透過無人機帶動國內產業，感謝國安會諮委李育杰歷經一年多籌備，將既有延續性計畫加以整合、擴大為跨部會合作，並參考美國Green UAS標準，建構非紅無人機供應鏈，全程禁用中國製相關零組件，只要涉及紅色供應鏈，一律撤銷參賽資格。經濟部產發署副署長鄒宇新進一步說明，針對「非紅供應鏈」主辦單位採取嚴謹的「三階段審查」：參賽者賽前兩週須提交軟硬體物料清單、產地證明及非紅聲明切結；賽前一週由審查小組書面審查、核對；比賽當日再進行實機核對與外觀目視檢查，一旦發現紅色供應鏈零組件，立即取消參賽資格。    ,https://news.ltn.com.tw/news/politics/paper/1764487
片面宣布關閉我駐處》反制巴紐 我停止採購現貨天然氣,政治,2026/07/29 05:30,經濟部、中油將在能源安全及供氣穩定的前提下，配合外交部政策辦理，並分散來源並確保穩定供應。（資料照）巴布亞紐幾內亞外長特卡琴科十六日於社群片面宣布關閉我國設立於巴紐首都莫士比港的「駐巴布亞紐幾內亞臺北經濟辦事處」。外交部亞東太平洋司司長林昭宏昨說明，我國今年上半年已向巴紐採購五十萬噸現貨天然氣，在與經部討論後，目前已正式停止向巴紐採購現貨天然氣，相信此舉會對巴紐經濟收入構成相當大影響。經濟部統計，近幾年自巴紐進口天然氣占比約六到八％，長年穩居第四名；今年受地緣政治影響，前五月巴紐進口量已跌至第五名。經濟部、中油昨回應，將在能源安全及供氣穩定的前提下，配合外交部政策辦理。請繼續往下閱讀...林昭宏昨日於外交部例行記者會指出，特卡琴科繞過該國文官決策體系，直接以外長信函對外發表聲明，迫我關閉駐處，事前均未曾與我協商，嚴重傷害兩國關係，我國政府獲悉後，立即嚴正抗議，不接受巴方的片面決定，並持續設法與巴紐政府進行溝通，使其了解雙方若能加強合作往來，將更符合各自國家利益。針對本案後續發展，外交部皆有嚴密的因應對策，但方案內容不便對外透露。林昭宏說明，我國在巴紐通知我方關閉駐館後，在一週內與經濟部討論後做出暫時性決定，已正式停止向巴紐採購「現貨天然氣」。依據經濟部、中油提供的資料，我國上半年約向巴紐採購五十萬噸的現貨天然氣，相信停止採購，會對巴紐經濟收入構成相當大的影響。另外，中油也與石油貿易商ExxonMobil簽有年度採購一二〇萬噸天然氣的長約，該合約的天然氣來源國包含巴紐。台灣天然氣來源供應無缺林昭宏強調，中油公司確保台灣天然氣來源供應無缺，才做此決定。針對我國向巴紐提供的農業技術團、醫療後送、台灣獎學金等各項援助，林昭宏表示，我方目前擬繼續提供各項援助，尤其是在維持醫療轉診服務跟台灣獎學金方面，彰顯我方合作的意願，並凸顯與我方合作透明及互惠互利的優勢，後續將視巴紐政府對我方的回應，再做滾動式檢討。    ,https://news.ltn.com.tw/news/politics/paper/1764481
漢光演習下月5日登場》納「反封鎖護航」 戰時結合海巡執行聯合作戰,政治,2026/07/29 05:30,國防部推出漢光演習週邊商品，圖為明星卡。（記者張嘉明攝）國軍「漢光四十二號演習」八月五日至十四日舉行，今年假定共軍武力犯台，國軍部隊實施反登陸作戰、「反封鎖護航」演練。國防部作計室聯合作戰處處長呂文元少將昨日強調，國軍會與海巡共同執行聯合作戰的演練，將海巡艦艇移裝、濱海打擊、海上執法護航等重要項目，採「實兵實裝」方式，納入演習重點科目。國防部昨召開「漢光四十二號實兵演習暨城鎮韌性防空演習」記者會。請繼續往下閱讀...呂文元指出，今年六月、七月間，國軍實施「立即備戰操演」及「聯合防禦演練」，讓操演部隊按照計畫熟悉戰場環境及行動。進入漢光演習階段，由統裁部臨機發布特別狀況，「沒有劇本、沒有時序」，取決於幹部對於隨機狀況的應處。媒體關注今年漢光演習有「反封鎖護航演練」科目，是否為因應中國海警船、解放軍船艦在台灣東部海域的侵擾？呂文元表示，國軍持續運用聯合情監偵的手段，掌握共軍在灰色地帶襲擾的運作模式，運用聯合部隊、戰略部隊，相關演練納入漢光演習補給線反封鎖的部分。呂文元表示，為強化海上交通線安全及重要物資運補韌性，整合海軍與海巡兵力，執行海上執法、海域巡護、航道安全維護及重要物資護航等任務，確保海上安全。呂強調，戰時是根據「平戰轉換」將海巡納入作戰，並建立指管機制。這次漢光實兵演習，雙方會共同執行聯合作戰的演練，將海巡艦艇的移裝、濱海的打擊、海上執法護航等重要項目，採「實兵實裝」方式，納入重點科目，以強化各項作戰能力。呂也說明，無人機已成為現代戰場重要項目，國軍持續參考俄烏戰爭相關實戰經驗，將無人載具納入台海防衛作戰的演練，今年漢光演習也有納入，規劃無人機的戰場偵蒐，以及管制、打擊及反制等，以強化整體作戰項目。    ,https://news.ltn.com.tw/news/politics/paper/1764483
中國「假執法真襲擾」 破壞國際法》管碧玲：美展現維持西太平洋安全與和平決心,政治,2026/07/29 05:30,"美國海岸防衛隊米吉特號遠洋巡邏艦全長127公尺、寬度16公尺，是美國海岸防衛隊的第八艘傳奇級巡防艦，駐紮於夏威夷檀香山，配備電子戰系統、57毫米海軍砲、方陣近迫武器系統、機槍等，並搭載有直升機。（圖：取自美國海岸防衛隊官網，文：記者邱俊福）美國在台協會（AIT）昨天中午在臉書粉專上傳台灣海巡台北艦（CG-5005）與美國海岸防衛隊船艦同框航行照片，海委會主委管碧玲表示，在中國「假執法，真襲擾」，破壞「國際法」暨「聯合國海洋法公約」，挑釁區域和平的當下，AIT主動公布影像「深具意義，是美方展現維持西太平洋安全與和平決心的新舉措」。AIT昨罕見於社群媒體上傳台灣海巡船隻與美國海岸防衛隊船隻的合影照片，當中我方艦艇為四千噸級巡防救難艦「台北艦（CG5005）」，美方則為四千五百噸傳奇級巡防艦的海岸防衛隊「米吉特號遠洋巡邏艦（USCGC Midgett, WMSL-757）」。請繼續往下閱讀...「台美海巡合作既深且廣」管碧玲昨天下午以「美方真實的了解台灣海巡是台灣海域唯一執法機關」為題，強調「台美海巡合作既深且廣」。她指出，在中國大肆誇耀其以「假執法，真襲擾」，破壞以「國際法」暨「聯合國海洋法公約」下以規則為基礎的國際秩序，挑釁區域和平的當下，AIT這次主動公布影像，「我們認為深具意義，是美方展現維持西太平洋安全與和平決心的新舉措」，充分顯示「美方真實的了解台灣海巡是台灣海域唯一執法機關，美海巡在台灣海域執法合作的唯一對象就是台灣海巡」。台灣海巡是台海唯一執法機關管碧玲重申，從搜救、災害救援、資源保育、到海上毒品走私攔截等治安問題，台灣是美國可靠的夥伴。雙方海巡合作的鞏固，有助維護並穩定印太海事安全與全球國際秩序。管碧玲引用她今年一月卅日邀請AIT處長谷立言、AIT高雄分處長張子霖（已卸任）登上海巡「雲林艦」寫春聯、包水餃的話說：「沒有台美合作，就沒有今天這麼有實力的海巡，因為有台美合作，海巡在空中有強大空中能量，在海上有最精銳堅強特種行動部隊。這樣的台美合作是看得見的，是真正展現的具體實力。」台北艦為我國「籌建海巡艦艇前瞻發展計畫」最後一艘四千噸級巡防艦，全長約126．3公尺、寬約16．5公尺，續航力達一萬浬，具有三組射程達120公尺的高壓水砲，並設有20公釐遙控機砲，及鎮海火箭彈系統。艦上同時配置相當於野戰醫院等級的醫療艙間，緊急情況時可進行遠端醫療視訊。（圖：記者邱俊福翻攝，文：記者邱俊福）    ",https://news.ltn.com.tw/news/politics/paper/1764478
九合一選舉 雲縣接獲90件賄選情資,政治,2026/07/29 05:30,九合一選舉將在十一月廿八日投票，雲林地檢署昨啟動反賄選誓師，法務部長鄭銘謙到場鼓勵民眾勇於檢舉，共同守護乾淨選風。雲林地檢署檢察長林秀敏指出，截至六月底，雲林已接到九十件情資，偵辦中五十三件，已偵結八件選舉賭盤，呼籲參選人乾淨理性競爭，維護公平選舉。林秀敏表示，雲林是布袋戲的故鄉，地檢署結合雲林縣警察局、調查站透過在地布袋戲，用生動、活潑的接地氣方式，讓民眾認識各種妨害選舉的犯罪行為，除邀請擔任雲林第二監獄傳統技藝班講師、今日掌中劇團團長許家誠推出全國首創反賄布袋戲，主角人物也是雲林縣反賄選大使「賀美來」（台語諧音好未來）。請繼續往下閱讀...林秀敏指出，這次推出多項反賄選創意文宣品，有賀美來的透明娃包、「賄選退散」應援小燈箱、藥盒、皮尺及印有越南語、阿美族語反賄宣導扇等，民眾可透過「檢舉賄選LINE官方帳號」或撥打 0800-024-099 檢舉專線，經查獲不法者最高可獲二千萬獎金。    ,https://news.ltn.com.tw/news/politics/paper/1764564
軍民無人機預算、法案 遭全面阻擋》民進黨︰藍白想推倒下一座護國神山,政治,2026/07/29 05:30,民進黨發言人林楚茵昨批藍白，對無人機產業從軍事到民用全面阻擋，意圖推倒台灣下一座護國神山。（資料照）民進黨發言人林楚茵昨天指出，國民黨接連刪除軍用無人機預算、阻擋無人載具特別條例，更提案暫停民用無人機產業發展計畫，藍白嘴上宣稱支持無人機產業，實際上卻從軍事到民用全面阻擋，根本是「假監督、真封殺」，意圖推倒台灣下一座護國神山。林楚茵指出，行政院提出的「國防自主無人載具採購特別條例草案」，是依國防部作戰需求，同時厚植國防自主、建立非紅供應鏈。國民黨團將軍事採購與各類無人載具產業發展混為一談，無法回應實際作戰需求；民眾黨團版本連經費規模都沒有提出，藍白的版本到底意義何在？請繼續往下閱讀...林楚茵批說，藍白不但砍掉軍用無人機，國民黨更提案暫停經濟部六年、共四四二億元的「無人載具產業發展統籌型計畫」。無人機攸關救災、巡檢及基礎建設，計畫暫停將影響第一線執勤，更衝擊超過二六七家供應鏈業者，在野黨立委不該為了政治利益推倒台灣新的護國神山，淪為扼殺產業發展的歷史罪人。鍾佳濱︰國民黨把重大政策當作禁臠另，立法院經濟、國防、財政聯席會廿七日審查「國防自主無人載具採購特別條例草案」，除鍾佳濱版本另定期續審，其餘十三案均保留送交協商。鍾佳濱昨日痛批，前天討論過程亂象百出、荒腔走板，包含國民黨立委自己的提案自己看不懂、現場詢問軍事機密、要求軍民共用測試場域卻無相關配套，可見國民黨只把國家重大政策當作政黨禁臠。鍾佳濱前日透露，國民黨團總召傅崐萁曾在上週向「美國在台協會（AIT）科長層級官員」承諾，無人載具專法一定會在前天出委員會，並在八月廿八日三讀通過。對此，在場人士昨澄清，傅並未向AIT承諾法案推進的具體時程，而是強調國民黨團對於台美共同合作發展無人機產業的信心及期待；鍾佳濱昨說，該官員正是指AIT處長谷立言。知情人士稱，鍾佳濱說法是在暗諷國民黨副主席蕭旭岑，過去稱AIT處長在美國國務院體系只比科長大一點。    ,https://news.ltn.com.tw/news/politics/paper/1764485
台美海巡定期演練與人員交流 提升合作深度及廣度,政治,2026/07/29 05:30,美國在台協會（AIT）於社群媒體上傳台灣海巡船隻與美國海岸防衛隊船隻的合影。（圖擷取自美國在台協會AIT臉書）台、美海巡的合作，自二〇二一年三月廿六日簽署「設立海巡工作小組瞭解備忘錄」後，雙方合作機制逐漸浮出檯面，開始建立系統性、制度化的合作關係，尤其是在台灣周邊海域定期實施搜救、海上查緝走私等聯合演練，及頻繁的人員交流訓練方面，凸顯全面提升雙方海巡的合作深度及廣度，也強化整體區域海上應變能量。海巡署成立以來，便與美國海岸巡防隊長期保持良好合作關係，在人道救援、教育訓練、維護漁權等領域皆取得實質成果，如合作永裕興漁船救援案、派員赴美訓練、參與國際會議等，擁有穩固的互信基礎，簽署海巡合作備忘錄後，則全面加強雙方對話交流、訓練計畫、建構合作及資訊分享平台。請繼續往下閱讀...海巡署表示，台、美海巡合作關係，依備忘錄在「海上聯合搜救」、「查緝走私犯罪」、「打擊非法漁業」、「海洋環境保護」及「專業教育訓練」等議題，均持續強化雙方的交流與互動，朝全方位的合作夥伴邁進。「海上聯合搜救」部分，據悉雙方的海巡艦艇會定期於台灣周邊海域進行聯合演練，演練項目包括搜救、海洋資源保育、打擊非法捕魚及海上毒品走私攔截等。「專業教育訓練」部分，美方會派機動輔訓團教官來台施訓，傳授我方海巡人員小艇攻堅、海上執法等技巧，藉由實際操作以及經驗交流，提升我國海巡人員專業能力與素養，海巡署每年都會推派優秀同仁赴美國海岸防衛學院參與各項國際訓練班隊，人數每年不一定，參與安檢、登檢等等不同的課程。海巡署強調，近期海巡和美方合作，破獲走私輝達高階晶片案，不讓高階晶片成為軍事威權擴張的工具，更顯示雙方夥伴關係的緊密，不僅提升印太地區海上執法與應變能量，也確保台海及印太區域的和平與穩定。    ,https://news.ltn.com.tw/news/politics/paper/1764480
盧秀燕︰倒閣是立院職權 可討論╱綠委酸蔣萬安「死道友無死貧道」︰民眾黨會訐譙他,政治,2026/07/29 05:30,"台中市長盧秀燕昨指出，倒閣雖是立法院的職權，不過她覺得可以討論。（記者歐素美攝）台北市長蔣萬安拋出「倒閣」議題，認為行政院長卓榮泰應為致癌油事件下台，台中市盧秀燕昨在市議會開議前主動召開記者會說明指出，因中央政府漠視廣大民意，這個議題可以討論；民眾黨昨重申審慎評估；立院民進黨團幹事長莊瑞雄昨直呼，蔣萬安「死道友，無死貧道」，民眾黨目前民調不高，蔣繼續喊下去恐怕民眾黨會訐譙他。盧秀燕表示，關於倒閣這個議題之所以會產生，是因為有廿萬的公民走上凱道捍衛食安，中央政府卻漠視民意，倒閣雖是立法院的職權，不過她覺得可以討論。請繼續往下閱讀...是否支持？侯︰工作做好較實在行政院長卓榮泰昨到新北市林口區參與一〇五市道工程開工動土典禮，面對媒體提問倒閣案、無人機條例等議題，卓榮泰因為感冒，全程戴口罩不發一語。被問到是否支持倒閣，新北市長侯友宜說，「把工作做好比較實在啦！」民眾黨團總召陳清龍昨受訪，媒體問及，若倒閣成案「民眾黨可能連四席的立委都沒有」，是否有本錢喊支持？陳清龍重申，尊重蔣萬安所做的倡議，但國民黨團內部還沒有達成共識，民眾黨團有很多重要的法案都還在推動，倒閣這議題，黨團應該要很慎重，也會做審慎討論、評估。莊瑞雄則指出，蔣萬安為了個人聲量，也沒有和黨內同志討論，儼如「死道友，無死貧道」，立委改選結果好壞蔣萬安都不用負責，蔣萬安繼續喊下去恐怕台灣民眾黨會「訐譙」他，這對他們藍白合作未必有好處。徐國勇︰國民黨國會多數可自提被問到民進黨對「倒閣」的態度，民進黨秘書長徐國勇受訪表示，國民黨在國會是多數，可以自己提、與民眾黨合作，就這麼簡單。徐表示，蔣萬安敢這樣喊，代表他可以控制國民黨、比國民黨主席鄭麗文還大，既然如此，蔣就趕快叫國民黨提出來。新北市長侯友宜昨被問到是否支持倒閣時表示「把工作做好比較實在啦！」（記者黃政嘉攝）    ",https://news.ltn.com.tw/news/politics/paper/1764488
首曬台美海巡艦艇同框照 AIT：支持台灣海事執法,政治,2026/07/29 05:30,AIT首曬海巡署「台北艦」（上方）與美國「米吉特號遠洋巡邏艦」同框照片。（取自AIT臉書）美國在台協會（AIT）昨日第一次於社群媒體，公開台灣海巡與美國海岸防衛隊艦艇在台灣海域同框的照片。AIT表示，美國海岸防衛隊與台灣海巡署正緊密協調災害救援、打擊非法捕魚、攔截海上毒品走私等多項共同的海事目標；美國感謝台灣在海事安全方面的夥伴關係，並持續支持台灣在全球議題上做出實質貢獻，包括海事執法交流與國際合作等。美感謝台灣在海事安全夥伴關係對於AIT主動上傳照片，海委會主委管碧玲昨天下午以「美方真實的了解台灣海巡是台灣海域唯一執法機關」為題回應，強調「台美海巡合作既深且廣」。請繼續往下閱讀...台美於二〇二一年簽署「設立海巡工作小組瞭解備忘錄」，強化雙方致力保護海洋資源、打擊「非法、未報告及不受規範」（IUU）漁業活動、並就聯合海上搜救（SAR）等領域進行合作。AIT透過臉書表示，隨著颱風季到來，美國海岸防衛隊與台灣海巡署正緊密協調多項共同的海事目標，包括搜救、熱帶風暴防禦、災害救援、海洋資源保育、非法捕魚打擊，以及海上毒品走私攔截等。    ,https://news.ltn.com.tw/news/politics/paper/1764451
經濟部：無人機產業正要起飛 不能迫降,政治,2026/07/29 05:30,總統府昨召開 「總統盃2026無人機競賽」活動公布記者會，圖為總統府秘書長潘孟安（右）、經濟部次長何晉滄（左）。（記者陳逸寬攝）挑戰500億產值 籲各界支持預算藍白立委聯手砍掉無人機採購預算，經濟部昨表示，無人機已投入在公部門執勤第一線，涵蓋電力及水利設施巡檢、偵查國土破壞、災區送藥等，無人機產業正要起飛，預算不能被凍結、產業不能被迫降，籲各界支持。經濟部指出，台灣無人機在公部門的應用，包括經濟部的電力與水利設施巡檢、海巡署的海域巡防、財政部透過航照影響提升國土管理效率、交通部的港區巡檢、衛福部的災區送藥救援及視訊醫療，法務部偵查國土破壞、盜採砂石及詐騙犯罪等，無人機早已投入公務第一線。請繼續往下閱讀...經濟部表示，面對災害，無人機也已發揮功效，例如馬太鞍溪災害事件中也透過無人機空拍河道、掌握災情，以及後續搶險與復建，這就是無人機護台灣的現在進行式。目前全台已有二六七家無人機相關業者，從整機系統到六大關鍵模組，逐步串起完整供應鏈，分布在北部一六四家、中部五十七家、南部四十五家、東部一家。經濟部表示，台灣無人機要在二〇三〇年挑戰五〇〇億元產值，讓無人機成為下一個護國產業，《金融時報》也看好台灣將憑藉半導體、電子製造及供應鏈優勢，成為繼烏克蘭後的全球重要無人機生產基地。經濟部強調，籲請各界支持無人機預算，讓公務應用持續落地，協助產業成長，讓台灣成為全球民主供應鏈的亞太無人機中心。    ,https://news.ltn.com.tw/news/politics/paper/1764486
新聞幕後》ＡＩＴ公布台美海事合作照片 事出有因／ 中國海警船冒進第二島鏈 美方不忍了,政治,2026/07/29 05:30,美國在台協會（AIT）於社群媒體上傳台灣海巡船隻與美國海岸防衛隊船隻的合影。（圖擷取自美國在台協會AIT臉書）美國在台協會AIT昨天公布台美政府共同海事合作的照片，據了解，中國海警船近期又幹了一件極其挑釁的試探，他們持續往東推進，竟然抵達約蘭嶼、綠島東方一百浬左右，廿八日甚至跑到綠島東方一百五十六浬，雖然是日菲重疊經濟海域範圍，但是深入到「第二島鏈」的門前，勢必令美方極為刺眼。在此之前，中國海警船大約是在三十至四十浬處活動。因此企圖可謂非常大膽。請繼續往下閱讀...中國推進到蘭嶼、綠島東方一百多浬的冒進行動，等於是把蘭嶼、綠島當作其國土，因此外推兩百浬經濟海域來騷擾，這樣一來，台灣海峽的國際水域等於完全不見，整個台灣海峽成為中國的「內水」。中國此舉，是否是導致美國公開表態的又一根稻草？了解內情的專家認為脫不了關係。所謂第一島鏈，北起阿留申群島、千島群島、日本群島、琉球群島，經台灣、菲律賓群島，南至大巽他群島及婆羅洲。第二島鏈，北起日本小笠原群島、火山列島，經馬里亞納群島（含關島）、雅浦島、帛琉，延伸至加羅林群島及新幾內亞。第三島鏈，以夏威夷群島為核心，北至阿留申群島，南至薩摩亞群島及大洋洲周邊島嶼。    ,https://news.ltn.com.tw/news/politics/paper/1764479
漢光演習下月5日登場》 模擬共軍攻台 兩單位「全旅動員」,政治,2026/07/29 05:30,國防部推出漢光演習週邊商品，圖為T恤。（記者張嘉明攝）國軍「漢光四十二號演習」八月五日至十四日舉行，今年連續十天九夜，假定中國武力犯台及封鎖台海，國軍實施反登陸作戰、反封鎖護航等科目演練，採取「無劇本」方式，結合同心卅六號演習，首度在南、北兩地執行兩個後備旅的「全旅動員」，約五千多名後備軍人將接受召集。國防部作計室聯合作戰處處長呂文元少將表示，本次演習及關鍵行動區分四個階段。第一階段是「備戰部署」。共軍藉年度性聯合軍事演習名義遂行大規模登陸作戰訓練，完成最後攻台整備；國軍三軍即刻調升備戰態勢，結合立即備戰操演，執行動員整備、阻絕預置、物資分屯、跨區機動及防禦性布雷整備等「平戰轉換」作為。請繼續往下閱讀...第二階段是戰力防護及保存。假定共軍在海、空軍及聯合封鎖掩護下，完成裝載及航渡準備；國軍依敵情發展同步執行聯合反封鎖、動員實施、阻絕設置、反資敵、關鍵基礎設施與重要政軍目標防護等備戰整備。第三階段是聯合反登陸。模擬共軍實施聯合火力打擊及登陸船團海上航渡，結合三棲立體多點登陸作戰場景；國軍遂行局部空優爭取、要域防空、海空協同、濱海打擊、近岸防禦及要域火殲等關鍵行動，檢視聯合作戰指管及跨域火力協同能力。呂文元說，最後一個階段是「縱深防禦及持久作戰」。共軍突破灘岸後，在海、空火力與特攻策應下持續向縱深推進；國軍遂行重層縱深防禦，持續遲滯、削弱及打亂敵軍行動與戰力，併運用全民總力支援軍事作戰。呂文元強調，漢光演習結合同心卅六號演習，排定由「台北後備旅」、南部「陸軍步兵第一三七旅」兩個旅級單位執行全旅動員；全動署動員管理處副處長夏振國上校說，兩個旅將動員五千多人。14縣市將強制「降速」手機行動數據另外，今年城鎮韌性演習首次納入「行動網路受阻」情境測試，包括台北在內的十四個縣市，將強制「降速」手機行動數據，僅保留語音通話與簡訊服務。NCC基礎設施處處長梁伯州表示，北部、中部地區受影響人口是一七〇〇萬人，涵蓋率達七十三％。為擴大驗證民眾實際進入防空疏散避難設施，今年將全面驗證全國三六八個鄉鎮、市、區，確實依內政部「防空避難指引」實施疏散避難。此外，賴總統上週登上剛成軍的「海軍丹江軍艦」錄製勗勉影片，昨天播出。賴強調，真假難辨的訊息可能影響判斷和部隊互信，呼籲依照正式管道確認資訊、嚴守保密，讓敵方滲透分化的企圖失去作用。    ,https://news.ltn.com.tw/news/politics/paper/1764482
最後一位去年已離世》萬年國會18趴停編 國庫補貼老國代近23億,政治,2026/07/29 05:30,民進黨立法院黨團幹事長莊瑞雄（左）昨表示，不合時宜的特殊待遇，國人早就應該將其揚棄。（記者羅沛德攝）台灣過去「萬年國會」的民代，是指一九四八至一九九一年間、任期長達四十三年餘的第一屆中央民意代表，包括國大代表、立委及監委。據行政院人事總處最新送交立法院報告揭露，繼資深立委及監委全數身故後，最後一位資深國大代表也於去年五月底離世，因此自今年度起資深民代優惠存款利息差額補貼預算正式停編。總計從民國八十四年度至一一四年度，國庫對資深國代的十八％優存利息差額補貼高達廿二．九七億元。人事總處報告指出，第一屆資深中央民意代表自願退職條例於民國七十八年一月廿六日制定後，退職資深中央民代在無法源依據下比照公務人員享有十八％台灣銀行之優惠存款。根據資料，資深監委已於九十五年全數亡故；資深立委於一一一年前全數亡故；至於資深國民大會代表部分，最後一位高齡資深國大代表於去年五月底過世。請繼續往下閱讀...人事總處表示，隨著資深監委、立委與國代全部亡故，相關優惠存款差額補貼預算業已全數停止編列，政府照顧資深中央民代之階段性政策任務亦告完成。民進黨團︰不合時宜的特殊待遇 國家資源有限 應放在照顧更多人民進黨團幹事長莊瑞雄昨受訪說，最後一位國代過世以後，台灣總算告別那樣扭曲的時代。國家的資源有限，應把有限資源放在照顧更多人、投資下一代、提升國家競爭力，這種不合時宜的特殊待遇，國人早就應該將其揚棄。    ,https://news.ltn.com.tw/news/politics/paper/1764489
本報專訪》薛瑞福：台灣需要無人機部署能力,政治,2026/07/29 05:30,"美前國防部助理部長薛瑞福（記者羅沛德攝）記者黃靖媗／專訪立法院近期審議「國防自主無人載具採購特別條例草案」，今年中央政府總預算中的無人機相關預算刪凍提案也備受關注。值此之際，印太安全研究所（IIPS）主席薛瑞福（Randy Schriver）率團訪台，他接受本報專訪強調，無人載具系統在未來的經濟與軍事領域中，皆佔有重要地位，台灣確實需要找到方法部署無人機相關能力。站在美國人的角度 希望台灣具備強大嚇阻力請繼續往下閱讀...印太安全研究所主席、美前國防部助理部長薛瑞福率團於七月廿六日至八月一日訪台。薛瑞福與史丹佛大學胡佛研究所榮譽訪問學者凱肯（Michael Kuiken）訪台期間接受本報專訪。台美應並肩 維護非紅供應鏈薛瑞福指出，訪團此行希望更深入地了解台灣軍事現代化的進度，以及台灣如何思考未來的聯合部隊部署。與此同時，對於台灣也認同無人機與多域（multi-domain）無人機將在未來聯合部隊中扮演重要角色，訪團亦希望就此多加了解。針對台灣朝野正在討論的無人機法案，薛瑞福表示，他們不會干涉台灣等任何盟友的內部政治議題，但站在希望台灣具備強大嚇阻力、了解戰爭本質演變的美國人的角度，鑒於烏克蘭戰爭的經驗，台灣確實需要找到方法部署無人機能力。薛瑞福也說，無人載具系統在未來的經濟與軍事領域中，皆佔有重要地位，須藉由訓練才能發揮其成效。針對台美無人機產業，凱肯指出，台灣製造業世界頂尖，且具備創新能力，美國則在專業技術方面見長。薛瑞福也說，美國已經透過「國防授權法案」（NDAA）明確指示，應與台灣合作發展無人機，尋求「乾淨、非紅供應鏈」。台美過去都曾面臨關鍵礦物、零組件高度依賴中國的問題，因此在尋求合作時，台美應並肩維護非紅供應鏈。針對中國派遣海警船至台灣東部海域「執法」等灰色地帶襲擾行為，薛瑞福指出，這屬於灰色地帶作戰的一部分，將行動維持在不致引發軍事回應的門檻，卻實質地壓縮台灣的行動空間，並侵蝕、縮小台灣調度的空間。凱肯補充，中國此舉也會壓縮台灣、美國及盟友的預警時間。薛瑞福指出，預警時間越少，反應時間就越少。在「中美共同防禦條約」廢止、美軍撤離台灣後，若遇到衝突，美國需要時間做出政治決策、部署來台防禦；一旦失去預警時間，將會變得非常棘手。防中國侵台、封鎖 台灣應做足準備薛瑞福認為，中國正同時為武力侵台與經濟封鎖台海兩種情境做準備，台灣也必須同時對兩者做足準備。他表示，美國、日本等關心台海和平穩定及嚇阻力的國家，應該思考包括封鎖在內的各種突發狀況。印太安全研究所也已在多個平台表達過，美、日應與台灣共同制定反封鎖計畫，計畫涵蓋如何維持基隆港至日本與那國島之間的廊道通暢，並應該進行思考、規劃、演練，以助於建立嚇阻力。台灣也要與日本、菲律賓等有能力協助反封鎖的國家合作。    ",https://news.ltn.com.tw/news/politics/paper/1764484
AIT罕見曬台美海巡船同框照 學者：發布時間點向北京傳遞明確訊號,政治,2026/07/29 02:23,美國在台協會（AIT）28日於社群媒體上傳台灣海巡船隻與美國海岸防衛隊船隻的合影。（圖擷取自美國在台協會AIT臉書）美國在台協會（AIT）28日罕見於社群媒體上傳台灣海巡船隻與美國海岸防衛隊船隻的合影。成大政治系教授、國策研究院執行長王宏仁受訪分析，此舉為有意將既有的台美合作公開化，而選在中國升高在台灣東部海域的灰帶行動之際發布照片，意在向北京傳遞明確訊號，不要以為美國會袖手旁觀，相反地，美國會透過海巡、海域監控與執法合作來回應。台美曾於2021年簽署「設立海巡工作小組瞭解備忘錄」，強化雙方致力保護海洋資源、打擊「非法、未報告及不受規範」（IUU）漁業活動，並就聯合海上搜救（SAR）等領域進行合作。請繼續往下閱讀...王宏仁指出，AIT這次主動發布台美海巡船同框照，重點是在於有意將既有的台美合作公開化。王宏仁認為，該照片發布的時間點更加重要，在中國近期升高在台灣東部的海警、科研船等灰色地帶行動之際發布照片，就是在向北京傳遞明確訊號，中國不要以為用「非軍事」方式（灰區行動）施壓台灣，美國就會袖手旁觀。相反地，美國會透過海巡、海域監控與執法合作來回應。王宏仁指出，這次海巡照片發布，也與美國國務卿魯比歐（Marco Rubio）先前於東協外長會議反對中國海警對台施壓的發言相互呼應。美國不是只有口頭表態，而是早已透過區域部署與海上合作採取行動。這張照片的意義，正是將外交訊號、海巡合作與第一島鏈安全連結起來。    ,https://news.ltn.com.tw/news/politics/breakingnews/5521052
民團拒毒駕8/1凱道集會 國民黨這次不動員了,政治,2026/07/28 23:50,國民黨主席鄭麗文。（資料照）生命權平等協會、中華人權協會等多個民間團體將於8月1日下午在凱道舉行「拒絕毒酒駕、人民要安全、治安要警察、司法要正義」集會活動，為犯罪被害人權益與社會公平正義發聲。國民黨表示，立院黨團成員將自由參加，黨中央並沒有動員規劃。國民黨表示，國民黨中央及立院黨團都高度重視相關訴求，也樂見更多民眾站出來，共同要求政府還給人民安全的生活。請繼續往下閱讀...國民黨指出，如同致癌油蔓延全台，民進黨執政不斷侵蝕台灣社會的健康與安全，不僅讓毒駕、酒駕惡行頻傳，更使基層警察背負沉重壓力卻得不到足夠保障。重大治安事件接連發生，司法卻未能還給犯罪被害人應有的公道，政府應正視民怨、落實司法正義並全面改善治安，不能讓台灣民眾活在恐懼不安之中。    ,https://news.ltn.com.tw/news/politics/breakingnews/5521031
昨才發文集氣……中市議員楊典忠夫人喻梅芝病逝 鄉親不捨,政治,2026/07/28 23:45,中市議員楊典忠夫人喻梅芝病逝。（取自喻梅芝臉書）民進黨台中市議員楊典忠夫人喻梅芝今（28）日傍晚病逝台中榮總，63歲喻梅芝2年前因病，提早從台中市東區戶政所主任退休，在楊典忠陪同下積極對抗疾病，昨日楊典忠在臉書拜託大家集氣，沒想到今日就傳出噩耗，清水鄉親與支持者非常不捨。喻梅芝公務員資歷完整，歷任大甲戶政、東區戶政所主任多年，她與楊典忠在大學時期因搭公車結識，夫妻育有兩女，喻梅芝2年前生病後，楊典忠陪著奔波求醫，親自陪病照護，經常白天問政跑行程，晚上睡在醫院陪病，夫妻情深，令人動容。請繼續往下閱讀...喻梅芝昨日病況危急，楊典忠罕見在臉書貼文「一年多來，除了市政監督、地方會勘、議會質詢，我也多了一個最重要的身分，就是陪伴親愛的老婆一次又一次進出醫院接受治療。謝謝鄉親、親友們每一份有力量的關心與鼓勵，我會繼續陪伴老婆抵抗病魔。願大家都平安健康，也懇請大家繼續為我太太集氣、祝福。」許多支持者在臉書留言打氣，喻梅芝今日才轉入安寧病房，但傍晚就傳出辭世消息，靈堂設於清水區橋江北街住宅。    ,https://news.ltn.com.tw/news/politics/breakingnews/5521030
敬老卡成選戰利多話題！地方爭取多元使用拚老人經濟,政治,2026/07/28 23:26,北門里長謝秀霞（右後三）為長輩發聲，爭取敬老卡多元使用。（記者陳文嬋攝）高雄市65歲以上長輩突破57萬人，選戰利多敬老卡成話題，地方喊話高雄不只演唱會經濟，老人經濟崛起也不容小覷，爭取敬老卡年增至1.5萬點且一次給付，並爭取開放多元使用，折抵診所掛號費、超商及大賣場等消費，讓長輩多走出家門，促進身心健康外，也能活絡地方經濟。高雄邁入超高齡社會，65歲以上長輩突破57萬人，占總人口數21.21%，成為兵家必爭族群，尤其敬老卡受歡迎，不少候選人提出選戰利多，爭取長輩認同，以催化選票支持，議員林智鴻爭取敬老卡年增至1.5萬點，並爭取擴大使用範圍，增納折抵診所掛號費等，才是最直接照顧長輩的做法，讓長輩在高雄享受有尊嚴的快樂生活。請繼續往下閱讀...北門里長謝秀霞爭取敬老卡多元使用，她說，高雄不只有演唱會經濟，老人經濟崛起不容小覷，長輩常去超商、大賣場、診所，希望敬老卡開放多元使用，鼓勵長輩多走出家門消費，促進身心健康外，也能活絡地方經濟，一舉數得。此外，身心障礙者也希望博愛卡能比照敬老卡多元使用，爭取一併提高2卡多元使用率。鎮北里長趙志成爭取敬老卡應比照六都福利至少上萬點，尤其長輩年紀大經常看醫生，點數應該全面開放折抵醫院、診所門診就醫費用，不該只限公立醫院，以減輕長輩負擔。此外，長輩以慢性病居多，大多3個月回診一次，以搭計程車到醫學中心回診，每次大約要花1千多元，爭取敬老卡一次給付所有點數，並爭取開放所有計程車都能使用，不應限制特約計程車，讓長輩搭車就醫更方便。北門里長謝秀霞（左）為長輩發聲，爭取敬老卡多元使用。（記者陳文嬋攝）    ,https://news.ltn.com.tw/news/politics/breakingnews/5521018
台中議會致癌油攻防上演「每日一字」 為這字戰翻了,政治,2026/07/28 22:59,林德宇怒食安法分明授權直轄市政府「得」進廠主動查驗，盧秀燕卻不驗。（記者蘇孟娟攝）盧秀燕稱「得」不是「必」，「得」沒有強制性。（記者蘇孟娟攝）中聯油脂致癌油風暴燒出台中市長盧秀燕近8年任內，只配合中央主動抽驗中聯油品一次，民進黨議員今接力質詢，議員林德宇痛批，食安法授權地方政府「得」進廠主動抽驗，盧秀燕閃躲卸責不敢查；盧秀燕稱，「得」不是「必」，沒有強制性，議員江肇怒指，「得」驗未驗叫怠惰，議員周永鴻更諷上「每日一字」強調，「得」是授權，8年只驗中聯一次，「不是法律不夠力，是你盧市府不用法律給的權力」。民進黨議員今火力十足鎖定中聯致癌油風暴中盧秀燕近8年只抽驗中聯油1次質疑，林德宇指出，食安法分明授權直轄市政府得進廠主動查抽驗，盧市府為何不查；盧秀燕稱「得」不是「必」，「得」沒有強制性，林德宇反駁，法令字眼雖是「得」，但並未沒收市府進廠查的權力、「妳不敢去驗」，還拿「得」的文字當護身符，失職無能縱容中聯油。江肇國也批，就是這種散漫態度，難怪台中食安不斷出包，他要告訴盧秀燕，「應」驗未驗叫違法，「得」驗未驗叫怠惰，這次的問題油品，就是台中市政府8年行政怠惰所造成的食安破口。周永鴻更諷上「每日一字」是「得」，「應」是義務，不做就違法；「得」是授權，「法律把權力交到你手上，讓你自己判斷什麼時候用」，「得」不是叫你擺著不用，「給你刀，不是叫你把刀收起來」。周永鴻說，食安法第41條規定，「直轄市、縣（市）主管機關得執行現場查核及抽樣檢驗」，「得」是給市府的權力，這不是中央丟過來的責任，是法律早已交給台中市政府的職權，8年只驗中聯一次，「不是法律不夠力，是你盧市府不用法律給的權力」。    ,https://news.ltn.com.tw/news/politics/breakingnews/5521014
出席大都會台灣日  沈伯洋看球兼運動外交,政治,2026/07/28 22:56,紐約大都會隊「台灣日」，沈伯樣與吳思瑤、陳培瑜等人開心拿著玩偶拍照。（沈伯洋競辦提供）台北市長參選人沈伯洋在結束訪美行程前，台灣時間26日會晤民主黨籍紐約州聯邦眾議員拉蒂默（George Latimer），就地方治理交換經驗；27日一行人出席第22屆紐約大都會隊「台灣日」，沈伯洋也把握觀賽場合，與其他國家代表及當地民選官員廣泛交流，展開「運動外交」。台灣時間26日與中華職棒會長蔡其昌、立法委員吳思瑤、陳培瑜、王定宇等訪美團成員會晤民主黨籍紐約州聯邦眾議員拉蒂默（George Latimer），拉蒂默歷任紐約州眾議員、州參議員，並於2018年至2025年擔任威徹斯特（Westchester County）郡長，累積地方財政、基礎建設、公共安全及經濟發展等治理經驗，2025年就任紐約州第16選區聯邦眾議員。由於郡長職能與大型城市治理有諸多相通之處，沈伯洋與其就地方治理交換經驗，盼汲取不同城市的治理思維，作為未來推動台北市政的參考。請繼續往下閱讀...而第22屆紐約大都會隊「台灣日」於花旗球場登場，蔡其昌與台灣出生的NASA太空人林琪兒擔任「雙主投」開球嘉賓，許多台灣鄉親身穿台灣球衣入場觀賽，現場氣氛熱烈。沈伯洋表示，坐在大都會球場，看見蔡其昌帶著台灣元素站上投手丘，與林琪兒共同投出象徵台美情誼的一球，感受到運動凝聚社群、連結彼此的力量。沈伯洋也分享，自己在美國求學期間便經常進場看球，早年居住費城時常前往紐約觀賽，後來赴加州深造，也曾十多次走進天使球場，棒球是他在美生活的重要記憶。此次參與大都會台灣日，又獲得大都會球星索托（Juan Soto）的簽名球棒，讓他格外開心與興奮，也為這趟訪美行程留下難忘紀念。沈伯洋表示，大都會隊台灣日活動在法拉盛舉辦已逾20年，長年凝聚旅美台灣人，也讓更多人透過棒球看見台灣。沈伯洋提到，此次活動不僅感受到旅美台灣人的熱情，也在觀賽過程中與其他國家代表及地方民選官員自然交流，從運動延伸至城市治理，開展一場難得的城市外交。他指出，這兩日持續進行許多市政交流，議題包括地方稅務、防災及可負擔住宅等。除了前往地方首長辦公室交換經驗，大都會隊台灣日也邀請其他國家代表與當地民選官員出席，讓大家得以一邊觀賽、一邊交談，在較為自然的場合中延伸更多討論。沈伯洋透露，交流內容相當廣泛，從產業、人才、交通、住宅政策及防災，到地方產業落地、農產品發展等議題均有觸及；雙方也談到地方政府如何在防災與安全韌性等面向，與國防及應變體系建立協力機制，並就實際治理經驗交換意見。他認為，這些交流也是「無限城」概念的重要一環。台北未來要與其他城市建立真正的連結，產業與商業是最基本的交流基礎；當不同城市各有需求，雙方合作的可能性就會提高，進而促成人才交流、招商合作及公務人員互訪，讓城市交流落實在具體層面。交流過程中，也有與會人士談及今年訪台規劃，並表達持續對話的意願。透過此次訪美行程，台北得以從不同城市的治理經驗汲取參考，也能進一步拓展國際視野，為未來與各城市建立實質合作累積更多可能。沈伯洋、蔡其昌與索托球衣合影。（沈伯洋競辦提供）    ,https://news.ltn.com.tw/news/politics/breakingnews/5521007
萊爾校長小編AI涉偽造賴清德聲音 蔣萬安「自爆」是他拜託去做的！,政治,2026/07/28 22:37,台北市長蔣萬安。（記者張嘉明攝）創造出譏諷總統賴清德角色「萊爾校長」的前國民黨新媒體部主任韋淳祐，日前製作725反毒油集會宣傳片，因偽造賴清德的聲音被民眾檢舉，警方獲報到其住處查證，引發藍營不滿，指控查水表。對此，台北市長蔣萬安今（28日）自曝是他拜託韋淳祐製作宣傳片，嗆聲「賴政府有事衝著我來！」律師林智群一聽忍不住狠酸，從沒看過蔣市長「這麼有擔當」！蔣萬安日前號召群眾725上凱道反毒油，國民黨的網路媒體團隊「風向株式會社」發布前導片「油不得你」以新聞畫面結合AI影像，搭配人聲旁白自稱「我是苯駢芘」，介紹自己對人體帶來的危害性。由於該影片疑利用AI深度偽造技術合成賴清德的聲音，民眾提出檢舉，警方為釐清事實並保全相關證據，25日曾前往製作者韋淳祐住處敲門，結果被藍營說成是查水表。請繼續往下閱讀...蔣萬安今天痛批這是國家暴力，企圖製造寒蟬效應，人民無法接受司法檢調成為政治追殺的工具。他還自爆，上週拜會前主席朱立倫時，有拜託韋淳祐的團隊協助製作宣傳影片，「今天我要嚴正告訴賴政府，有事衝著我來！不要針對小編查水表。」林智群得知此事後，忍不住發文虧蔣萬安，「寶林茶室死6個人、幼兒園虐童事件，怎麼就沒看到萬安市長這麼有擔當？什麼事情都要參一腳，碰到跟市長職權有關係的事情就假裝自己是路人。黃國昌館長化，萬安黃國昌化，笑死！」網友也紛紛表示，「AI仿冒就做錯事，還如此理直氣壯，現在的藍白真的是道德敗壞」、「真的衝你來的，你就甩鍋中央了」、「堂堂首都市長怎麼說話像館長呢？」、「大小聲嗆天嗆地，不過只為掩飾自己的無能被檢驗」、「他不是法律人嗎？不知道教唆要負責的？」、「不小心背到黃國昌的段子？」、「看到了黃國昌的影子」。    ,https://news.ltn.com.tw/news/politics/breakingnews/5520808
控葉元之潑髒水！范雲：沒說過的話硬塞我嘴裡 塑造成「仇師」,政治,2026/07/28 22:36,國民黨立委葉元之。（資料照）立法院教文委員會昨審查校事會議相關修正案，國民黨召委羅廷瑋強行動用表決退回草案，國民黨立委葉元之會後更抹黑民進黨立委范雲與其關係好的人本基金會，以仇師心態推動校事會議。范雲今還原現場，對藍委現場粗暴表決，事後扭曲資訊擴大教育領域的仇恨表達遺憾。范雲指出，昨日上午教文委員會審查「高級中等以下學校教師解聘不續聘停聘或資遣辦法」及「公立高級中等以下學校教師成績考核辦法」等草案時，現場民進黨立委要求教育部說明若退回草案對第一線師生的影響時，羅廷瑋召委卻不讓教育部回應，並強硬以表決的方式停止討論，導致民進黨立委集體退席抗議。請繼續往下閱讀...范雲表示，她長期擔任教文委員，印象中五年中甚至只有表決過一次。因為教育議題其實超越黨派，即使有不同的意見，大家總是維持「好好討論、彼此說服」的優良傳統，共同為更好的教育努力。昨天在國民黨羅廷瑋擔任召委下，一天卻表決了多次。范雲還原現場狀況，除了一開會還沒討論，就以粗暴表決停止討論、付諸表決外，最後還不顧反對，改變議程。最後，連營養午餐法草案，也不顧在場反對聲音，以表決的方式強迫送政黨協商。事後，葉元之更將她完全沒有說過的話硬塞到她嘴裡，刻意將她塑造成「仇師」的一方。范雲強調，她對所有的教育團體，無論是站在老師、學生、家長或任何教育理念的角度，都願意聆聽。因為成熟的教育政策，絕對需要細緻顧及每一方的利益。她自己就是教師，一直認為教師是教育的核心，她長期致力於改善老師的勞動條件，因為教師若沒有被好好照顧，就不會有好的教育品質。她說，很遺憾葉元之委員傳遞片面資訊、刻意煽動教育團體之間的對立。這對解決教育現場的困境並無幫助。范雲重申，第一線教師處境艱困，即便她本會期不在教文委員會，仍經常跨委員會前來質詢，為教師爭取更多的支持，也要求教育部研議取代校事會議的機制。她呼籲，藍營立委不要為了政治操作動員仇恨，回歸理性討論，教育是百年大計，無論是誰執政，任何的教育決策都應該超越政黨的短期利益。    ,https://news.ltn.com.tw/news/politics/breakingnews/5520945
陳俞融遭暴力相向盧秀燕竟冷回  何欣純聲援譴責議場暴力,政治,2026/07/28 21:50,何欣純聲援陳俞融並譴責暴力。（記者蘇孟娟攝）不滿市府對中聯油品把關不力，台中市議會藍綠議員昨（27日）爆激烈攻防，民進黨市議員陳俞融今日控訴，遭國民黨賴義鍠推擠、涉性騷及無黨籍議員林昊佑肘擊等暴力，市長盧秀燕冷回「我也遭受妳的暴力」；民進黨市長參選人、立委何欣純則聲援陳俞融譴責暴力，強調議員發言跟監督的權利，都應被充分尊重。陳俞融今天公布被暴力對待影片，控訴議會不是暴力角力場，不容暴力對待被噤聲，更在議場詢問同是女性的盧秀燕對此立場，卻遭盧秀燕冷回，「我跟副市長黃國榮也遭受妳的暴力，性別平等、兩性都要平等」，陳俞融則怒嗆「我根本沒有碰到妳、市長造謠」。請繼續往下閱讀...何欣純則聲援陳俞融，強調，台中市議會昨天發生衝突，起因是來自於盧秀燕到現在仍想要規避，8年市長任內只抽驗一次中聯油品的行政怠惰與失職。相對於盧秀燕冷回，何欣純強調，她譴責任何形式的暴力，更要呼籲盧秀燕誠實面對所有市民與議員的質疑，議員代表台中市民監督市政，不容許任何形式的暴力、威脅、與行動限制；雖然盧秀燕任期只剩下短短5個月，但所有議員發言跟監督的權利，都該被充分尊重，不容打折、更不容許逃避。    ,https://news.ltn.com.tw/news/politics/breakingnews/5520947
南市選務人力招募達9成 公投案若過多恐影響最後招人,政治,2026/07/28 21:33,中央選委會主委游盈隆（左五）今日率隊訪視南市選委會，勉勵基層選務人員。（記者洪瑞琴攝）年底九合一地方選舉將於8月31日至9月4日受理候選人登記，台南市選舉委員會各項選務工作也進入整備階段。南市選委會表示，目前投開票所選務人員招募已完成約9成，後續將持續補足人力，並配合中央選舉委員會辦理各項選務作業。市選委會表示，目前投開票所設置及工作人員招募進度順利，整體招募率已達9成，將持續與各區公所密切合作，完成剩餘人力配置，並全力配合中央選委會各項選務規劃，確保年底選舉順利完成。請繼續往下閱讀...不過，基層選務人員也坦言，今年除地方公職人員選舉外，若年底同時辦理太多公民投票，恐將增加投票及開票流程的複雜度，延長作業時間，無論是投票所秩序維持、選票分類或開票程序，都將增加第1線工作人員的負擔，也可能影響招募人員投入選務工作的意願。台南市選委會主委葉澤山表示，選舉是民主政治的重要基礎，台南市幅員遼闊，選務工作涵蓋市長、市議員及里長選舉，各行政區從山區到沿海地區，選務需求及執行條件各有不同，因此市府自今年上半年便陸續展開籌備工作，針對投開票所規劃、人力招募及相關行政作業提前部署，力求年底選舉及公投作業平穩、順利完成。台南市歷次地方選舉約設置1500個左右投開票所，推估每所約15.5人，總需求約2萬3000至2萬4000名選務人員，實際人數仍須依最終投開票所設置數量而定。    ,https://news.ltn.com.tw/news/politics/breakingnews/5520818
繼要求台灣遷處 南非電子簽申請網站又錯列中國台灣 外交部抗議,政治,2026/07/28 21:29,"南非「電子旅行授權」系統將台灣列為中國台灣（Taiwan, China）。（圖取自南非電子旅行授權系統網頁）繼要求台灣駐處遷離首都，並降等、更名為台北商務辦事處，南非「電子旅行授權」系統的註冊帳號頁面又錯列台灣為（Taiwan, China）。外交部今天表示，已指示駐南非代表處向南非方表達嚴正關切與抗議。南非「電子旅行授權」（ETA）系統去年10月分三階段上線，第一階段是針對中國、印度、印尼以及墨西哥等4國出席G20峰會的人員，提供線上申請簽證服務，第二階段於同年11月針對前述4國國民開放申請，第三階段則全面開放，目前時程未定。請繼續往下閱讀...實際造訪南非ETA申請網站（https://eta.dha.gov.za/），註冊帳號頁面上護照核發國（Passport country of issue）的下拉式選單，可見中華民國國旗被列為（Taiwan, China），聯絡電話的國碼也將+886列為（Taiwan, China）。不過，儘管台灣在註冊帳號表單被列為（Taiwan, China），該網站仍以台灣目前未在開放名單為由，註冊帳號後並不能申請ETA。對此，外交部回覆中央社提問表示，南非ETA是南非電子簽證（e-Visa）正式啟用前的先行階段，目前僅開放中國、印度、印尼及墨西哥等四國公民申請。台灣人非該系統適用對象。依據南非現行規定，台灣人赴南非仍須親赴「南非聯絡辦事處」申辦紙本簽證，目前台灣人申請簽證管道未受影響。外交部強調，中華民國台灣是主權獨立國家，與中華人民共和國互不隸屬。針對南非ETA系統國籍選項錯列台灣名稱，外交部已指示駐南非代表處向南非方表達嚴正關切與抗議。南非政府自2024年10月起2度致函要求台灣駐處遷離首都普利托利亞，雙方磋商之際，南非外交部官網將台灣代表處名稱改為台北商務辦事處，且將地址改列約翰尼斯堡；2025年7月21日又以政府公報發布公告，將2駐處改名為駐約翰尼斯堡台北商務辦事處及駐開普敦台北商務辦事處。（編輯：謝佳珍）1150728    ",https://news.ltn.com.tw/news/politics/breakingnews/5520746
盧秀燕最後一次施政報告 張芬郁揪「最自傲的食安守護」消失了,政治,2026/07/28 21:18,張芬郁揪盧秀燕任內最後一次施政報告，食安守護竟消失不談。（記者蘇孟娟攝）台中市長盧秀燕今在台中市議會進行任內最後一次施政報告，大談8年幸福政績，但市議員張芬郁抨擊，施政報告寫的很華麗，但市長任期最後的施政報告，盧秀燕最自傲的食安守護竟直接消失，在中聯油脂致癌油風暴下的施政報告竟不談「食安守護」，掩飾中聯油脂事件市府的治理不足及把關責任。張芬郁說，盧秀燕今赴台中市議會施政報告，談幸福8年政績，大秀各項評比漂亮數字，可惜市民的感受和市長不一樣，甚至市長任期最後的施政報告，竟不見她最自傲的食安守護。請繼續往下閱讀...張芬郁說，食安處長期以來用最高的強度、密度，查驗萊豬和瘦肉精，從2021年至去年5月底，累計8萬4485件，去年更稽查肉品達1萬3781件，但抽驗中聯油品卻只有1件，稽查品項嚴重失衡，稽查人員疲於奔命，實驗室塞滿待檢驗的肉品，排擠了風險最高、最容易發生系統性中毒或致癌的其他食安項目，當稽查能量失衡，就無法揪出不良廠商，在中聯油脂事件上，暴露盧秀燕用政治對抗，掩飾對市政的治理不足，增加市民的痛苦指數。張芬郁指出，盧秀燕執政近8年，台中青年失業率高、薪資所得六都最低、房價所得比11.11倍，僅次於台北、新北，市長的施政報告持續美化幸福的華麗詞藻，卻沒有完整的產業政策留住台中的年輕人，更在大里留下一座垃圾山，全因任內近8年不整建文山焚化爐，盧秀燕帶著榮耀卸任，市民的光榮感卻不知何在。    ,https://news.ltn.com.tw/news/politics/breakingnews/5520909
熊本7.1強震  盧秀燕盼災區平安度過難關,政治,2026/07/28 21:14,盧秀燕今上午才接見前往市府拜會的熊本知事木村敬，（市府提供）日本熊本縣今天當地時間下午4時27分左右發生規模7.1強震，台中市長盧秀燕晚間在臉書發聲表示關切，強調台中跟熊本情誼深厚，除第一時間向熊本縣知事木村敬表達關心與慰問，也為受地震影響的民眾祈福，並盼災區平安度過難關。盧秀燕今日上午才在市府接見到市府拜會的木村敬等一行人，不料下午就傳出熊本縣發生7.1強震，盧秀燕晚間發文，指出，今天下午日本熊本縣發生芮氏規模7.1地震，許多災情陸續傳出，令人十分擔心。請繼續往下閱讀...她說，台中與熊本情誼深厚，得知地震消息後，第一時間向木村敬表達關心與慰問，也為所有受地震影響的民眾祈福，衷心祈願當地所有民眾平安無恙，傷者早日康復，災區早日恢復正常生活，平安度過難關。    ,https://news.ltn.com.tw/news/politics/breakingnews/5520928
熊本7.1強震  林佳龍：台灣隨時準備提供協助,政治,2026/07/28 21:02,外交部長林佳龍。（資料照）日本熊本地區在台北時間今（28日）下午3時27分，發生芮氏規模7.1地震。外交部長林佳龍表示，外交部已向日本政府與人民表達誠摯慰問，並表達台灣隨時準備提供必要協助。林佳龍透過臉書表示，他於地震發生後，第一時間關心外交部駐福岡辦事處同仁的安全，並請同仁立即掌握當地災情及國人受影響情形；外交部同時也致電日本台灣交流協會，向日本政府與人民表達誠摯慰問，也表達台灣隨時準備提供必要協助。請繼續往下閱讀...林佳龍說明，外交部已請駐福岡辦事處，主動聯繫當地僑團、留學生及旅日國人。截至目前，尚未接獲我國旅日國人、僑民及留學生受災的消息。林佳龍表示，台灣與日本長年相互扶持、患難與共。面對天災，彼此的關心與支援，是跨越國界、最真切的力量。日本政府仍在持續確認人員與財物損害情形，外交部也會持續與日本政府保持密切聯繫，掌握最新情況，也祈願熊本及所有受影響地區的朋友平安。目前正值暑假旅遊旺季，林佳龍也提醒人在當地的國人朋友，務必留意日本政府發布的避難資訊，遠離海岸與低窪地區。若遭遇緊急情況，請立即撥打駐福岡辦事處急難救助手機號碼（+81-90-1922-9740）。    ,https://news.ltn.com.tw/news/politics/breakingnews/5520921
李四川提樹林鐵路地下化「會跟中央好好談談」  蘇巧慧競辦：開芭樂票還要中央幫你實現？,政治,2026/07/28 20:47,國民黨新北市長參選人李四川提出樹林鐵路地下化政見，民進黨新北市長參選人蘇巧慧競辦發言人吳思萱質疑李四川至今提不出任何具體解方，這難道不是自己開芭樂票，甩鍋給中央來實現？（蘇巧慧競辦提供）國民黨新北市長參選人李四川昨提出樹林鐵路地下化政見；民進黨新北市長參選人蘇巧慧競選辦公室發言人吳思萱今（28）日表示，蘇巧慧是深耕樹林10年的立委，了解此題最大的瓶頸在於佔地14公頃的「樹林調度場」該如何遷移，以及數百棟民宅拆遷衍生的爭議，她質疑李四川至今提不出任何具體解方，這難道不是自己開芭樂票，甩鍋給中央來實現？李四川今在好孕政策記者會受訪表示，他從來沒有推給中央，樹林所有鄉親對於鐵路地下化，包括延伸到鶯歌是鄉親期盼多年，它的問題有兩派，一派是希望能夠改道，一派是希望就地把它地下化，這個並不是在工程技術上有困難，只是怎樣來協調，如果當上市長，有關中央的部分，一定會跟他們好好地來談。請繼續往下閱讀...吳思萱指出，眾所皆知，李四川擔任台北市副市長任內，連社子島爭議都無法協調解決，樹林鐵路地下化不僅面臨火車調度場遷移難題，更涉及沿線上百棟民宅拆遷問題，這些都是李四川過去擔任新北市副市長時就無法解決的事情，如今李四川提出政見遇到困難，又只想丟給中央幫忙，自己卻提不出任何實際解方，非常不負責任。吳思萱質疑，對於最核心的拆遷數百棟民宅與14公頃調度場如何遷移的爭議問題，李四川至今提不出任何具體解方，甚至面對媒體詢問時只淡淡回應「會跟中央談談」、「要跟中央溝通」，這難道不是把自己開的芭樂票，甩鍋給中央來實現？李四川競選辦公室發言人郭音蘭今回應蘇巧慧陣營相關質疑提到，工程人的「 DNA」就是面對問題、提出方案、克服困難。未來李四川若當選新北市長，定會秉持「務實溝通、專業對話」的精神，精準評估最適方案，分階段推動樹林鐵路地下化並延伸至鶯歌，同步打造樹林車站立體化成為巨蛋城新門戶。    ,https://news.ltn.com.tw/news/politics/breakingnews/5520889
熊本7.1強震》蔡英文全日文關切︰願每一位日本朋友平安無事,政治,2026/07/28 20:43,"台灣前總統蔡英文。（圖擷取自「蔡英文 Tsai Ing-wen」臉書）日本熊本縣今（28日）下午發生規模7.1、震源深度僅10公里的極淺層強震，造成多地發生災情，逾50人受傷送醫。前總統蔡英文傍晚在社群平台X（原推特）、Threads同步發文，以全日文表達關切，坦言得知熊本發生強烈地震，心情十分沉重，並衷心期盼每一位日本朋友都平安無事。蔡英文在貼文提到，此刻台灣有許多人都在牽掛著熊本，「就像2016年那樣，我們始終與日本的朋友站在一起。請務必留意後續餘震，在這樣炎熱的天氣裡，也請大家保重身體，衷心祝福每一位朋友都平安無事。」請繼續往下閱讀...而總統賴清德、高雄市長陳其邁、行政院院長卓榮泰等人，也向熊本縣居民表達關心與慰問，並表示願意全力提供協助。熊本の皆さんへ。強い揺れの報に接し、心を痛めています。台湾の多くの人々が、今、熊本を想っています。2016年もそうだったように、私たちはいつも日本の皆さんと一緒です。まずは余震に気をつけて、この暑さの中、どうかご無事で。— 蔡英文 Tsai Ing-wen （@iingwen） July 28, 2026 熊本の皆さんへ。強い揺れの報に接し、心を痛めています。台湾の多くの人々が、今、熊本を想っています。2016年もそうだったように、私たちはいつも日本の皆さんと一緒です。まずは余震に気をつけて、この暑さの中、どうかご無事で。     在 Threads 查看    ",https://news.ltn.com.tw/news/politics/breakingnews/5520881
自由爆新聞》國民黨出招滅民眾黨？盧秀燕自爆現場超尷尬,政治,2026/07/28 20:30,    ,https://news.ltn.com.tw/news/politics/breakingnews/5520856
議場官員區遭撞飛、肘擊！ 江和樹竟稱是「衝撞區」 陳俞融秀畫面直指這2人,政治,2026/07/28 20:21,陳俞融控被林昊佑肘擊。（陳俞融提供）台中市議會昨（28日）上演藍激烈攻防，民進黨議員陳俞融今在議場控訴，遭國民黨議員賴義鍠及林昊佑暴力以對，民眾黨議員江和樹竟「那裡是衝撞區」（官員區），還稱當天他看得很清楚，陳俞融來撞自己彈出去還撞到副市長；陳俞融則再秀出影片及照片，指賴義鍠從後出手推她並護送盧離開，之後她站在盧的座位又被林昊佑肘擊。台中市議會藍綠議員，昨為台中市府把關不力釀致癌油風暴激烈攻防，陳俞融今在議場向議長張清照直接控訴遭賴義鍠推擠、涉性騷及林昊佑肘擊等暴力以對，激動哽咽請張清照秉公處理。請繼續往下閱讀...不料，江和樹發言時稱，「那裡是衝撞區沒錯吧」，否則大家不會無緣無故去那裡，他看到賴義鍠持手舉牌卡位，他身型比較大，「妳來撞自己彈出去，還撞到副市長也要向副市長說抱歉」，還稱自己可以當證人，「我們身為籃球人，衝撞區是合法的」，否則議員不必去哪裡。江和樹稱，昨天衝突是民進黨開始的，大家要捍衛權益都拿手舉牌往前去，認真的議員跑去還要道歉，他不容白布染黑，「不要胡說八道好像議員歧視女性」，把自己講得很可憐，不要再演戲了。陳俞融乾脆在議場再播放被賴義鍠推開等行為的影片，讓衝撞畫面說話，指昨天她拿著手舉牌往前往盧秀燕座位區要求市長道歉，賴義鍠從後出手推她並護送盧離開，之後她站在盧的座位又被林昊佑肘擊，強調，議會不是暴力角力場，應不分藍綠、黨籍，尊重每個人的身體，議員暴力相向等不尊重女性議員的行為，竟還有人把官員區當衝撞區，她不會忍氣吞聲。陳俞融控遭賴義鍠推擠肘擊。（陳俞融提供）陳俞融哽咽女性議員代表人問政，不容暴力噤聲。（記者廖耀東攝）江和樹在議場宣稱官員區是「衝撞區」。（記者廖耀東攝）陳俞融（左2）控訴遭國民黨議員暴力相向。（記者蘇孟娟攝）    ,https://news.ltn.com.tw/news/politics/breakingnews/5520876
民眾黨中評委遭爆騙砲正妹小草  「柯文哲的帶刀侍衛」嗆告了！,政治,2026/07/28 20:17,簡幸甫過去在臉書分享與柯文哲的合照，目前其臉書已關閉個人檔案。（圖翻攝自簡幸甫臉書）曾自稱是柯文哲「帶刀侍衛」的民眾黨中評委簡幸甫，今天遭爆利用職務騙砲女小草。對此，簡幸甫發布聲明回應，揚言要提告。《鏡週刊》今天接獲自稱民眾黨人士爆料，在黨內十分活躍的簡幸甫，去年暑假在某場活動追一名外型亮眼的女小草展開追求「攻勢」，女方被打動後答應約會，今年初簡幸甫將女方載到摩鐵發生性關係，不料事後簡幸甫態度變冷淡，女方雖然失落但安慰自己「男友」工作忙，不敢主動要求見面約會，直到最近黨內才有人看不下去提醒她，女方才知道被騙砲。請繼續往下閱讀...綜合媒體報導，簡幸甫隨後發布聲明回應稱，週刊記者早就匿名去電詢問他此事，他已經告知爆料內容不實，但週刊仍執意報導，此舉已傷害其名譽，也造成無辜女方的傷害。他還說，爆料人提供給週刊的聊天截圖是「片面資訊」，給時常攻擊民眾黨的綠媒編造謠言，其心可議。簡幸甫表示，他會提出妨害名譽告訴，並將對不實爆料者追究到底。簡姓婦曾在其經營的粉專「蟑螂的英靈殿」PO出競選黨代表的宣傳圖文，自稱是柯文哲的「帶刀侍衛」。（圖翻攝自粉專「蟑螂的英靈殿」）    ,https://news.ltn.com.tw/news/politics/breakingnews/5520549
盧秀燕任內最後一次施政報告   綠營議員批多項建設爛攤子丟給下任,政治,2026/07/28 20:02,民進黨中市議員陳淑華批盧秀燕任期只剩半年不到，但還是許多重大工程未完工。（記者蘇金鳳攝）台中市長盧秀燕任內，在台中市議會的最後一次施政報告今天登場，多位民進黨市議員質疑盧秀燕任期只剩半年不到，但目前重大建設仍未完工，如市政路延伸無法在任內完工，近百億的巨蛋還只是空殼、捷運藍線開工秀，無人機產業預算遭國民黨刪除，想把任內未做好的丟給下一任；對此，市府表示無回應。台中市議會今天進行市長盧秀燕的施政報告，民進黨市議員張芬郁表示，盧秀燕的施政報告，還在大談幸福8年政績，但所謂的幸福城市，卻是市民的痛苦指數，近8年來台中青年失業率高、薪資所得六都最低、房價所得比11.11倍，僅次於雙北，市長的施政報告持續美化幸福的華麗詞藻，卻沒有完整的產業政策留住台中的年輕人，所謂城市蛻變，大里霧峰卻見證一座垃圾山，盧市長卸任了，市民的光榮感卻不知何在。請繼續往下閱讀...議員陳淑華指出，檢視盧的8年施政，真的應了當年陳淑華所提「空殼市長」，只出一張嘴講得很好聽，仔細檢視卻是執行力嚴重落後，巨蛋花百億，卻只是個空殼蛋不能啟用、7年半放生無人機產業，捷運藍線只弄了一個動工秀，連實質開工都不是，盧秀燕任內留下許多爛攤子給下一任市長，整個八年就是「口花花」，說一套做出來又是另一套，講的好聽純包裝，卻是攏係騙人的。此外，國民黨市議員李中則建議市府取消目前準公托「地板價」的規定，可讓更多業者投入準公托行列，粗估約可多照顧1700名孩童。    ,https://news.ltn.com.tw/news/politics/breakingnews/5520858
李四川競辦：蘇巧慧翹班國會卻找人代表決 婦女政策是否也要找羅致政代筆？,政治,2026/07/28 19:43,國民黨新北市長參選人李四川競選辦公室發言人潘才鉉。（李四川競辦提供）針對立法院院會日前表決攸關下一代權益的《台灣兒少成長及未來帳戶條例》，民進黨立委蘇巧慧翹班沒出席，卻找人代為表決，蘇巧慧今天（28日）僅回應「出席狀況皆按照黨團規定請假」，卻未說明為何出現相關投票紀錄，李四川競選辦公室發言人潘才鉉表示，蘇巧慧連立委的職權都要請人代勞，難怪許多地方行程都是由父親蘇貞昌代表，甚至令人懷疑，婦女政策是否也是要找政策群召集人羅致政代筆？潘才鉉表示，立法院於7月24日表決《台灣兒少成長及未來帳戶條例》，蘇巧慧未親自出席，忽視攸關台灣下一代的重大法案，結果事後被揭露，蘇巧慧翹班就算了，竟然還由立委沈發惠代按表決器，根本是翹課的同學，卻找別人代寫考卷，就是失職又作弊的行為。請繼續往下閱讀...潘才鉉表示，蘇巧慧身為立法委員，該做的是在立法院審法案、參與表決及質詢，尤其攸關下一代與育兒政策的重要法案，更應親自到場履行職責，結果蘇巧慧不但選擇翹班，從毒油事件發生至今，更未見蘇巧慧監督中央替市民發聲，蘇巧慧在應該站在第一線履行立委職責、為民喉舌的時刻，卻屢屢選擇翹班與神隱，根本是把選舉擺第一，市民權益放後面。    ,https://news.ltn.com.tw/news/politics/breakingnews/5520827
105市道改善工程動土 蘇巧慧：爭取到中央補助46.5億,政治,2026/07/28 19:36,民進黨新北市長參選人、立委蘇巧慧（中）出席「105市道蜿蜒路段改善工程動土典禮」。（記者黃政嘉攝）105市道改善蜿蜒路段工程今開工動土，民進黨新北市長參選人、立委蘇巧慧也出席典禮，她表示，她這幾年積極質詢、實地考察，向中央爭取到近6成、46.56億元工程經費，非常高興在中央、地方通力合作下，今迎來動工。她說，未來新闢道路完工後，加上已通車的淡江大橋，此路線將成為淡水、八里直通林口的最快捷徑，同時透過高架環形橋克服高低落差與彎道，解決長年大小車爭道的危險情形，保障市民行車安全。蘇巧慧指出，105市道連結了台64線、台61線、台15線及國道1號等多條交通動脈，更是串聯台北港與桃園機場「海空雙港」的核心樞紐，未來全線改善完成後，將全面帶動林口「新北國際AI+智慧園區」、淡海新市鎮及淡海科學園區的產業發展，為新北市注入更強勁的成長動能。請繼續往下閱讀...她說，工程總經費高達82.19億元，感謝行政院長卓榮泰大力支持、傾聽地方聲音，由中央補助近6成經費，讓工程得以順利進行。她也感謝新北市長侯友宜領導的市府團隊共同努力，如同上週她與侯友宜一同視察的土城金城交流道一樣，只要中央與地方充分合作，新北的重大建設就能做到又快又好。蘇巧慧說，林口生活圈快速發展中，未來，她會繼續加速推動林口輕軌、林口交流道改善工程，為在地居民帶來更完善的交通與生活品質。她也會繼續與立委林淑芬、市議員李宇翔、鄭宇恩、市議員參選人戴翎育等人全力推動改善工程，期盼105市道改善蜿蜒段全線盡速完工通車，讓市民朋友擁有更安全順暢的通行道路。民進黨新北市長參選人、立委蘇巧慧（前排左2起）、內政部長劉世芳、行政院長卓榮泰、新北市長侯友宜合影。（記者黃政嘉攝）105市道改善蜿蜒路段工程，採用雙環單層的高架橋形式新闢長約2.46公里道路。（圖由新北市民政局提供）105市道工程設計結合雙環高架橋樑，兼具工程美學與交通功能。（圖由新北市民政局提供）    ,https://news.ltn.com.tw/news/politics/breakingnews/5520687
與史瓦帝尼國防軍司令互相贈勳 顧立雄：台史國防合作將更緊密,政治,2026/07/28 19:30,國防部長顧立雄（左）以軍禮迎接史瓦帝尼王國國防軍司令法古德上將。（國防部提供）國防部長顧立雄今（28）日代表中華民國政府與史瓦帝尼王國國防軍司令法古德上將（General Mashikilisana Fakudze）相互贈勳，表彰兩國軍事合作深厚情誼，並展現持續深化雙邊國防交流的堅定決心。顧立雄致詞表示，相信未來在法古德的支持下，兩國國防合作將更臻緊密。贈勳儀式上午在國防部博愛營區舉行，顧立雄首先以軍禮歡迎法古德上將一行；隨後，顧立雄代表我國政府頒贈法古德上將「二等寶鼎勳章」，法古德上將也代表史瓦帝尼王國國防軍統帥國王恩史瓦帝三世（King Mswati III），頒贈顧部長史國最高「特等卓越榮譽勳章」，場面莊嚴隆重。請繼續往下閱讀...顧立雄致詞時表示，法古德自2022年5月就任以來，為維護史瓦帝尼王國的國家安全及社會安定不遺餘力，並且致力於促進中華民國與史瓦帝尼王國的軍事合作；顧立雄也對獲頒史國「特等卓越榮譽勳章」表達最誠摯的謝意，強調這是雙方堅定軍誼的象徵，相信未來在法古德的支持下，兩國國防合作將更臻緊密。法古德致詞時指出，兩國親密關係已從政治、經濟合作發展至軍事協助階段，特別感謝國軍長期協助史國王家近衛室、樂儀隊訓練，並提供諸多軍事課程強化史軍幹部學能，對達成戰備整備目標貢獻良多。法古德也強調，史國國防軍堅信未來兩軍將在更多領域相互合作，持續鞏固並提升雙邊夥伴關係。    ,https://news.ltn.com.tw/news/politics/breakingnews/5520832
到彰化駁換將之說  鄭麗文批民進黨「只剩這一招」,政治,2026/07/28 19:26,國民黨主席鄭麗文今天在彰化市拉抬魏平政選情，駁斥換將之說。（記者張聰秋攝）彰化縣長選戰升溫，下個月底縣選委員受理參選登記，國民黨「換將之說」在地方傳得沸沸揚揚，對此，國民黨主席鄭麗文今天在「彰化縣婦女菁英領袖成長營」活動中，極力拉抬魏平政選情時指出，這是民進黨為求勝選只剩這一招，她盼藍軍不要中計、團結唯一支持魏平政。對此，民進黨彰化縣長參選人陳素月競選總部發言人楊子賢表示，民進黨的目標是讓彰化團結、加速發展，已有具體政策及穩紮穩打的選戰節奏，不會對其他陣營的政治活動做過多揣測或政治解讀，唯一焦點就是要如何讓彰化更好，這也是支持者最深切的期待。請繼續往下閱讀...鄭麗文說，民進黨什麼都敢，我們絕對不能被騙，絕對不可以中計，她去嘉義市看了市長黃敏惠用心用力，疼惜支持國民黨的議員，支持民眾黨張啟楷選市長，但也是被「放毒」了，所以彰化也是一樣。因為民進黨就是只會這一招，沒有別招了啊。話鋒一轉，鄭麗文說，不然民進黨要怎麼選？對不對？我們縣長王惠美做得這麼好，「他們的中央都沒有政績，今天還要來騙票」她知道婦女菁英幹部在彰化，不僅有影響力，也各自有其人脈，她懇請大家做她和魏平政的分身，讓謠言止於智者，站在國民黨藍軍的立場，團結每一張選票，不要聽信謠言，不要中計，國民黨唯一支持魏平政。    ,https://news.ltn.com.tw/news/politics/breakingnews/5520823
台美海巡定期海上聯合演練與人員交流訓練 提升雙方合作深度及廣度,政治,2026/07/28 19:21,我國海巡署「台北艦」與美方「米吉特號遠洋巡邏艦」。（海巡署提供）台、美海巡的合作，自2021年3月26日簽署「設立海巡工作小組瞭解備忘錄」後，雙方的合作機制，從檯面下逐漸浮出檯面，建立系統性、制度化的合作關係，尤其台灣周邊海域定期實施搜救、海上查緝走私等聯合演練，以及頻繁的人員交流訓練方面，更為緊密，凸顯全面提升雙方海巡合作深度及廣度，也強化整體區域海上應變能量。海巡署成立以來，便與美國海岸巡防隊長期保持良好合作關係，在人道救援、教育訓練、維護漁權等領域皆取得實質成果，如共同合作永裕興漁船救援案、派員赴美訓練、參與國際會議等，擁有穩固的互信基礎，簽署海巡合作備忘錄後，全面加強雙方對話交流、訓練計畫、建構合作及資訊分享平台。請繼續往下閱讀...海巡署表示，台、美海巡合作關係，依備忘錄在「海上聯合搜救」、「查緝走私犯罪」、「打擊非法漁業」、「海洋環境保護」，以及「專業教育訓練」等議題上，持續強化雙方的交流與互動，並朝全方位的合作夥伴邁進。「海上聯合搜救」部分，據悉雙方的海巡艦艇會定期在台灣周邊海域進行聯合演練，演練的項目，包括搜救、海洋資源保育、打擊非法捕魚，以及海上毒品走私攔截等。「專業教育訓練」部分，美方會派機動輔訓團教官來台施訓，傳授我方海巡人員小艇攻堅、海上執法等技巧，藉由實際操作以及經驗交流，提升我國海巡人員專業能力與素養，海巡署每年都會推派優秀同仁赴美國海岸防衛學院參與各項國際訓練班隊，人數每年不一定，參與安檢、登檢等不同的課程。海巡署表示，近日海巡和美方共同合作，破獲走私輝達高階晶片案，不讓高階晶片成為軍事威權擴張的工具，更顯示雙方夥伴關係的緊密，雙方在台海及西太平洋海域的廣泛合作成效卓著，不僅提升印太地區海上的執法與應變能量，也確保台海及印太區域的和平與穩定。    ,https://news.ltn.com.tw/news/politics/breakingnews/5520737
熊本7.1強震 卓榮泰關心災情：搜救隊整備隨時馳援,政治,2026/07/28 19:19,行政院院長卓榮泰向日本民眾表達關心。（資料照）日本熊本縣於當地時間今日下午4點27分左右，發生芮氏規模7.1、震源深度僅10公里的極淺層強震，多地發生災情，行政院院長卓榮泰在第一時間對熊本縣居民表達關心，表示會全力提供協助。卓榮泰今在臉書發文提醒，請旅居熊本及鄰近地區的國人務必提高警覺，注意自身安全，並隨時留意當地政府發布的防災資訊，配合相關避難措施。請繼續往下閱讀...卓榮泰表示，日本政府已針對有明海及八代海發布海嘯注意報，預估可能出現約1公尺高的海嘯。經交通部中央氣象署研判，目前海嘯不會對台灣造成影響，太平洋地區海嘯威脅警報亦已解除，請國人安心。卓榮泰提到，本人已請外交部持續掌握當地災情，積極協助旅居日本的國人，並與駐外館處保持密切聯繫；內政部消防署特種搜救隊也已整備待命中，將視日方需求，隨時提供必要的人道協助。卓榮泰強調，面對天災，台灣與日本始終相互扶持、彼此關懷。誠摯慰問受地震影響的日本民眾，衷心期盼所有人平安，災情降到最低，早日恢復正常生活。    ,https://news.ltn.com.tw/news/politics/breakingnews/5520724
法務部發布高階主管異動  張介欽接掌法醫研究所所長,政治,2026/07/28 19:02,高等檢察署主任檢察官張介欽將接任法醫研究所所長。（資料照）法務部今日下午發布高階主管與法醫研究所人事案異動令，相關人員將於8月26日上任。此波異動名單包含主任秘書、司長及法醫所所長等多個要職，也是部長鄭銘謙上任以來最大規模的異動。法務部主任秘書將由司法官41期結業的陳玉萍接任，其曾在台北地檢署黑金專組任內，起訴前立委羅福助濫墾案及前桃園縣副縣長葉世文收賄案，獲頒公務人員傑出貢獻獎。原主任秘書余麗貞升任最高檢察署檢察官。請繼續往下閱讀...法醫研究所所長由調任高等檢察署主任檢察官的張介欽接任，司法官36期結業的張介欽原為法制司司長，曾擔任連江、屏東、新竹、台中等地檢署檢察長，具備完整的檢察與法務行政經歷。法制司司長懸缺由司法官38期的簡美慧接任，原任職於檢察司副司長的簡美慧熟識檢察核心業務與廉政法制，曾任廉政署主任秘書，行政協調能力佳。新任法律事務司司長由法務部參事謝志明調任，謝曾赴菲參與廣大興案司法互助談判，更推動「司法聯盟鏈」與「毒品數位化管理」等創新科技司法制度。法務部今日下午發布高階主管與法醫研究所人事案異動令，相關人員將於8月26日上任。（記者吳昇儒攝）    ,https://news.ltn.com.tw/news/politics/breakingnews/5520762
