Title,News_Type,date,content,url
與男友吵架！25歲女跨出南京東路大樓站陽台 警消合力解危,社會,2026/08/29 23:03,松山分局警方與消防人員合作化解危機。（資料照）25歲朱姓女子今天（29日）傍晚與男友吵架，竟站立在台北市南京東路五段大樓陽台外側，險象環生。轄區松山分局與消防局接獲通報，分局長更親自到場坐鎮指揮，警消通力合作勸導安撫，順利將朱女安全救下，由救護車送醫。警方調查，朱女今晚在住處與伴侶爆發爭執，竟衝到陽台外側，附近民眾見狀連忙撥打119與110報案求助。請繼續往下閱讀...松山分局員警獲報迅速衝赴現場。消防救援人員趕抵後，在地面部署救援設施防護，員警則與消防同仁溫言勸導、傾聽安撫朱女；交通分隊也派員在大樓周邊路口疏導、管制，確保救援動線暢通及周邊行車安全。在警消人員關懷與勸說下，朱女態度逐漸軟化，警消抓準時機合力將她拉回安全區域，由救護人員護送就醫。松山分局特別呼籲，民眾如發現身邊親友出現情緒低落或有自我傷害念頭，應多加陪伴傾聽並尋求專業協助，切勿獨留當事人；若遇到緊急危險狀況，請立即撥打110或119專線求助，由警消及相關單位即時介入，共同守護生命安全。    ,https://news.ltn.com.tw/news/society/breakingnews/5556778
台中BMW霸占機車待轉區 拖吊車「直接請走」網笑翻,社會,2026/08/29 22:41,BMW轎車霸占機車待轉區。（民眾提供）台中市西屯區路口近日出現一幕讓人哭笑不得的奇景，原本供機車兩段式左轉使用的待轉區，竟被一輛BMW轎車霸氣占據，整輛車停在白色框線內，宛如把路口當成自家專屬車位，更尷尬的是，最後還驚動拖吊人員到場，BMW只能乖乖被「請上拖吊車」，整起事件曝光後，網友瞬間笑翻。從現場照片可見，BMW占據整個框線區域，原本讓機車騎士進行兩段式左轉、等待號誌的待轉區空間，瞬間變成「四輪豪華版停車格」，拖吊車則是停在一旁，工作人員準備將違規BMW拖離現場。請繼續往下閱讀...照片曝光後，網友一面倒吐槽，有人直呼「車主駕照剛好鬼月可以拿去燒掉」，也有人笑虧「BMW：看好了，我要開始裝B了」，還有人直接反問「車主眼睛瞎了嗎？」、「出現在路口中央的停車格，想都不想就直接停」，甚至酸說「這智商被拖走剛好」、「是不是在等人生轉彎？」、「真羨慕」，各種酸言酸語讓留言區相當熱鬧。警方今天表示，網傳地點位於西屯區文心路與櫻花路口，該車違規停車行為涉及在禁止臨時停車處所停車，依道路交通管理處罰條例第56條第1項第1款，可處600元以上、1200元以下罰鍰。違規BMW最後被拖吊。（民眾提供）    ,https://news.ltn.com.tw/news/society/breakingnews/5556740
再接再厲！8/29今彩539頭獎摃龜,社會,2026/08/29 22:15,8月29日開獎的第115000210期今彩539頭獎摃龜。8月29日開獎的第115000210期今彩539頭獎摃龜。第115000210期今彩539中獎號碼為「03、06、17、23、33」。頭獎摃龜；貳獎共208注中獎，每注可得2萬元；參獎共6500注中獎，每注可得300元；肆獎共6萬9073注中獎，每注可得50元。請繼續往下閱讀...第115000210期39樂合彩中獎號碼為「03、06、17、23、33」。四合開出2注，每注可得21萬2500元；三合共216注中獎，每注可得1萬1250元；二合共7540注中獎，每注可得1125元。第115000210期3星彩中獎號碼為「870」。壹獎共61注中獎，每注可得5000元。第115000210期4星彩中獎號碼為「1280」。壹獎共36注中獎，每注可得5萬元。確切中獎號碼以台彩網站公告為主，請見「台灣彩券網站」。今彩539、39樂合彩、3星彩、4星彩中獎號碼。（擷取自台彩官網）    ,https://news.ltn.com.tw/news/society/breakingnews/5556755
竹山22歲男遭擄凌虐死亡  已有3涉案犯嫌到案,社會,2026/08/29 21:44,莊姓男子疑似被擄走凌虐再丟包，被兩名男子發現開車送醫，莊男當時已意識不清，全身癱軟，醫院護理人員和保協助上擔架。（民眾提供）首次上稿 19:01更新時間 21:44南投縣竹山鎮22歲莊姓男子，昨深夜在竹山某宮廟外遭多人強行擄走，今天清晨5時多被人發現他倒在路上，全身是傷，疑似遭到凌虐，由於傷勢過重不治。檢警掌握到作案車輛，鎖定疑似與死者有糾紛的3名以上特定對象，今晚已通知其中3人到案，定31日解剖遺體釐清死因。請繼續往下閱讀...據透露，該名22歲莊姓男子昨夜10點多，在竹山某宮廟外被多人強拉上車帶走，目擊民眾當時有打電話報案。而該男被載走後6個多小時後，即今天清晨5點多，有兩名男子發現莊男倒臥在疑似被擄走地點附近的路上，2男開車將莊男送竹山秀傳醫院急救。莊姓男子被送到醫院時已意識不清，全身都是擦挫傷，且手臂還腫脹，疑似有遭到凌虐，而莊男傷勢嚴重，經急救後仍於清晨6時43分宣告不治。南投地檢署檢察官和法醫已進行初步相驗，並排定下週一（31日）解剖遺體，釐清死因。南投檢警有掌握到作案的車輛，並鎖定疑似犯案的3名以上的男子，這些人疑似與死者有糾紛，警方正在沿線調閱監視器畫面，展開追緝行動，今晚已通知其中3人到案。兩名男子將莊男送醫院急救，到醫院後告訴護理人員傷者在車上。（民眾提供）    ,https://news.ltn.com.tw/news/society/breakingnews/5556648
史上最白目！趁妻熟睡塞「凱格爾球」硬上還偷拍…人夫慘痛下場曝,社會,2026/08/29 21:15,台中地院依2個乘機性交罪判該名人夫2年、緩刑3年。（資料照）台中市一名男子趁妻子熟睡，竟將網購的「凱格爾球」（又稱縮陰球，骨盆底肌訓練器材）塞入妻子肛門，甚至性侵並持手機錄影，妻子痛醒後提告，男子最終賠償妻子100萬元並離婚，台中地院近日也依2個乘機性交罪判2年、緩刑3年。判決指出，男子在2025年3月間，上網購買了一個凱格爾球，並在同年4月深夜，趁妻子午睡、毫無防備之際，將球塞入妻子肛門，之後又進行性行為，妻子從睡夢中痛到驚醒，發現丈夫不但對自己做出侵犯行為，手機還正在錄影拍攝，當場喝斥制止，事後更決定報警提告。請繼續往下閱讀...案件審理期間，夫妻關係也走到盡頭，雙方最終離婚，男子也賠償100萬元並達成和解，法院審酌男子犯案是出於個人私慾，一時欠缺審慎思慮、控制力不佳，但犯後仍有填補妻子損害的態度，因此依刑法第59條規定酌減其刑。台中地院認為，男子行為已造成妻子難以抹滅心理創傷，考量坦承犯行、沒有前科，且遭妻子發現後沒有繼續採取其他性侵害手段，依2個乘機性交罪各判1年7月，合併執行2年，緩刑3年，緩刑期間禁止與妻子接觸，至於持手機錄下妻子性影像部分，原涉犯無故竊錄他人性影像罪，但因妻子之後撤訴，這部分諭知公訴不受理。    ,https://news.ltn.com.tw/news/society/breakingnews/5556725
手刀對獎！8/29 今彩539、3星彩、4星彩獎號出爐,社會,2026/08/29 20:42,今彩539、39樂合彩開獎號碼。（擷取自三立iNEWS《全民i彩券》）今天（8月29日）台彩各項開獎獎項及獎號。今彩539：03、06、17、23、33。請繼續往下閱讀...39樂合彩：03、06、17、23、33。3星彩：870。4星彩：1280。確切中獎號碼以台彩網站公告為主，請見「台灣彩券網站」。3星彩開獎號碼。（擷取自三立iNEWS《全民i彩券》）4星彩開獎號碼。（擷取自三立iNEWS《全民i彩券》）    ,https://news.ltn.com.tw/news/society/breakingnews/5556703
逼女服從12條「奴隸條款」性侵 惡男被判賠100萬元,社會,2026/08/29 20:31,嘉義地方法院。（資料照）經營便當店的陳姓男子經人介紹認識一名輕度智能障礙女子A女，見她社會經驗不足，習慣聽命他人，不僅要求與A女做「生孩子的事」，還要求A女遵守12條「性奴隸條款」，進行性虐待，A女傳訊息「真的好累，拜託你」拒絕，就要求執行制裁內容等訊息恐嚇，直到A女告知他人，全案始曝光。嘉義地方法院民事判決，陳男致A女心理與身體創痛甚鉅，應賠償100萬元，可上訴。刑事部分，二審經台灣高等法院台南分院依妨害性自主罪，判處陳男13年6月有期徒刑。判決書指出，陳男2020年2月13日與A女見面，隔天就傳訊息要求以做愛交換當她男友；交往期間，脅迫A女到他租屋處見面，還打耳光要求其執行「性奴隸條款」，強暴A女擔任他的性奴隸，甚至拿筷子插肛門致流血、要求「天天拍裸照」等性虐待，若A女抗拒不從，就脅迫恫嚇執行包括，打到屁股瘀青等4點制裁內容，要求她回覆「感謝主人的賞賜」等感想。請繼續往下閱讀...陳男否認犯行，辯稱兩人自2020年2月14日交往到同年8月25日分手，傳送「性奴隸條款」給A女被拒絕後，就將訊息收回還道歉，並沒有做實際行為；因A女說他沒有車、沒有房、沒有錢，才打她耳光；有傳送「奴隸只能聽從，打你也要當作是賞給你」訊息給A女，但當天沒見面；2020年3月間因A女想要分手，才回覆「若能接受制裁那麼就答應你脫離」，並未對其SM性虐待、拿筷子插肛門等。嘉院審理，據證人證詞、嘉義長庚醫院鑑定報告、2人對話紀錄等證據，認為陳男所述都是推諉卸責之詞，不可採；陳男對A女有性奴隸契約強制行為、強制性交、恐嚇危害安全等行為，故意侵害其身體權、精神自由權、性自主權，致心理及身體創痛甚鉅，判決陳男應賠償100萬元。    ,https://news.ltn.com.tw/news/society/breakingnews/5556685
遺體發臭、缺乏乾淨飲水！尼泊爾慈濟志工送物資支援前線,社會,2026/08/29 18:43,慈濟志工送去防護衣、口罩等物資，至尼泊爾奇特旺縣給醫院第一線人員。（慈濟基金會提供）中國、尼泊爾邊界26日發生嚴重土石流災情，尼泊爾當局動員1.5萬名軍警搜救人員投入救災，慈濟尼泊爾志工也投入，除了送乾淨飲水及食物，因洪水將遺體沖到下游數百公里，造成屍臭滿溢，慈濟也送去防護物資。慈濟基金會今天表示，尼泊爾志工在29日啟動物資發放整備及調度，陸續接獲災區需求，其中有一聚落約100戶缺乏物資，位於首都加德滿都的慈濟人緊急調度物資，尼泊爾志工比卡士（Bikash）將物資送往達丁縣（Dhading District）加爾奇（Galchhi），攜帶25條毛毯、500瓶礦泉水，以及泡麵、餅乾各900多包。請繼續往下閱讀...志工分享，他們把毛毯、礦泉水、餅乾等物資分送災民，看見居民喝到乾淨的飲用水時，臉上露出難得的笑容，乾淨的飲水和生活物資，對身處災區資源極度缺乏的居民而言，是度過災後困境的重要支持。此外，因擔憂醫療院所量能及資源不足，藍毗尼（Lumbini）慈濟志工28日關懷醫院傷者，更得知因上游洪水沖刷，將許多遺體沖到數百公里外平原地區的奇特旺縣（Chitwan），為了搬運大量罹難者大體，軍警、醫護及相關人員在沒有防護裝備下工作，慈濟志工緊急從加德滿都調度120套防護衣、20盒口罩、20盒醫療手套等物資，稍解燃眉之急，讓醫院負責遺體安置工作的第一線人員使用。慈濟基金會表示，希望透過一次次踏實的行動，陪伴受災居民走過災後艱難時刻，在生活逐步重建的路上，感受到來自遠方的關懷與溫暖。來自尼泊爾加德滿都的慈濟志工，到醫院關心傷患及物資需求。（慈濟基金會提供）尼泊爾爆發世紀洪災，慈濟志工將物資搬運上車，準備從加德滿都出發。（慈濟基金會提供）尼泊爾慈濟志工送防護物資到奇特旺縣，給安置遺體的醫院。（慈濟基金會提供）慈濟志工在尼泊爾首都加德滿都調度物資，準備前往災區發放。（慈濟基金會提供）    ,https://news.ltn.com.tw/news/society/breakingnews/5556626
墜入體態顧問話術！ 台中女網購「瘦身療程」 還沒窈窕險噴15萬,社會,2026/08/29 18:40,陳女與詐團的對話。（民眾提供）台中一名27歲陳姓女子日前上網尋找減肥資訊，誤信「體態管理顧問」話術，前天衝銀行準備匯出15萬1000元購買來路不明的「客製化排毒療程」，所幸行員察覺異狀通報警方協助及時阻詐，保住血汗錢。據了解，陳女日前瀏覽網路減肥廣告，加入自稱「體態管理顧問」的LINE帳號，展開一對一諮詢，對方先以各種瘦身成功案例博取信任，營造「變瘦就能擁有完美人生」氛圍，接著再以量身打造療程為由，一步步引導陳女掏錢。請繼續往下閱讀...對方聲稱，陳女需要接受所謂「加強肝膽代謝的高端療程」，不僅成分繁多，部分還得從海外採購，再由「專業老師」調配，整套療程開價15萬1000元，陳女深信不疑，當天上午到銀行臨櫃辦理匯款時，行員察覺她對購買商品來源、成分及品項說明含糊，且金額高達15萬元，直覺情況不單純，立即通報警方協助。烏日分局烏日派出所員警獲報迅速趕抵，發現對方先以網路廣告吸引目光，再透過私訊包裝專業身分、誇大療程效果，最後要求被害人匯出高額款項，當場指出其行銷手法為典型詐騙話術，並協助查詢發現該廣告早已下架，陳女這才恍然大悟，坦言因求好心切險些做出錯誤判斷，所幸有員警與行員耐心分析勸阻，未讓血汗錢付諸流水。陳女臨櫃要匯款15萬1000元，員警與行員及時勸助。（民眾提供）    ,https://news.ltn.com.tw/news/society/breakingnews/5556622
苗栗板模工賣8公克安毒遭逮 房內再搜出54.86公克 被判刑5年4月,社會,2026/08/29 18:36,苗栗地方法院依犯販售第二級毒品罪，判處張男有期徒刑5年4個月，查扣的50餘公克安非他命，也宣告沒收銷燬。（資料照）苗栗縣一名板模工張姓男子，染有吸毒惡習，還進貨販售從中賺取價差。去年7月間，張男以1萬元販售第二級毒品安非他命8公克給買家被逮，被苗栗地方法院判刑5年4個月，遭查扣50餘公克安毒「庫存」也被宣告沒收銷燬。判決指出，張男從事板模工工作，也是毒品人口，去年7月13日下午，用手機LINE通訊軟體，與解姓男子聯繫，當晚以1萬元價格，販售8公克安非他命給解男。警方掌握情資，3天後持搜索票，前往張男居住處搜索，當場查獲6包安非他命毒品，總毛重54.86公克。請繼續往下閱讀...張男被逮後，坦承犯行，並供稱，曾從毒品交易中賺取「量差」。法院勘驗張男與解男間LINE對話紀錄等事證，認定張男確有販賣第二級毒品，並藉此牟利的犯意，犯罪事證明確。法院審酌，張男明知安非他命為第二級毒品，仍為圖私利販售，助長毒品流通，行為應予非難；考量其坦承犯罪、已有悔悟之意，且此案販售毒品數量及犯罪所得均不高，衡量犯罪動機、手段、危害程度及前科素行等情狀，判處有期徒刑5年4個月。    ,https://news.ltn.com.tw/news/society/breakingnews/5556615
台中太平茶行遭少年槍手狂轟33槍 「藏鏡人」二度求交保被打臉,社會,2026/08/29 18:05,遭開槍掃射的茶行。（資料照）台中市太平區「太平茶行」今年2月遭17歲少年持衝鋒槍狂轟33槍，案發後立即跨分局投案，事後經檢警調查，再揪出交付槍枝給少年的高男等3名幕後共犯，其中高男認罪並稱已交代案情二度聲請交保，但台中地院認為高等3人仍有串證、滅證之虞，近日仍駁回聲請。今年2月5日上午10時許，台中市太平區「太平茶行」突然槍聲大作，17歲李姓少年持改造衝鋒槍朝茶行連續掃射，短短時間擊發33發子彈，過程中槍枝甚至一度卡彈，但少年排除故障後再度開火，犯案後隨即搭車前往約9公里外的分局投案，試圖將責任攬在身上，檢警深入追查後，陸續查出高男、簡男及楊男涉嫌幕後交付槍枝，讓少年出面執行犯案，3人今年6月已被檢方依槍砲等罪嫌起訴。請繼續往下閱讀...其中高男被指在案中負責傳遞訊息、下達指令及轉交報酬，他強調已經全數認罪，也坦承交代犯案計畫、時間、地點、槍枝來源及金主、傭金等細節，近日二度提出交保聲請，但中院審理後認為，高男、簡男、楊男對於犯案情節的說法並不完全一致，尤其簡、楊2人究竟是否知悉少年將持槍犯案，以及各自涉案程度，仍有待進一步釐清。法院認為，3人目前仍存在串證、滅證疑慮，加上共謀犯案卻讓少年出面執行，且在公共場所持槍連轟33發，犯罪情節嚴重，對社會治安造成重大危害，因此駁回高男具保聲請，續予羈押。    ,https://news.ltn.com.tw/news/society/breakingnews/5556608
高雄路竹飼主追狗闖平交道、區間車急煞  鐵警：將調監視器,社會,2026/08/29 17:27,高雄路竹發生飼主追狗闖平交道事件，一列區間車緊急煞停幸未釀成傷亡，警方已向台鐵申調監視畫面。圖為台鐵楠梓段。（資料照、記者王榮祥攝）高雄路竹區平交道今下午傳出1對母女衝入軌道追狗，致使一列區間車緊急煞停；鐵路警察局高雄分局將調閱監視器，並通知當事人釐清，若涉公共危險將函送法辦。脆友上傳影片顯示，今下午在路竹某平交道，一對母女騎機車原本在平交道外等待，結果腳踏板上的小狗突然跳下、闖入軌道區，母女情急下也下車跟著進入軌道找狗，導致一列剛要經過平交道的區間車緊急煞停。請繼續往下閱讀...脆友拍下過程，列車長還疑似在車窗旁告誡這對母女，脆友直呼傻眼，表示還好列車長有發現、中元節平安就好。鐵警表示，並未接獲報案或台鐵站方通報，已主動向台鐵申請調閱監視器影像，以查明違規者身分及釐清案情，如有違反鐵路法將函移交通部鐵道局裁處，若有涉及公共危險，將函送法辦；警方強調，行人不得侵入鐵路，違者可處1萬元至5萬元罰鍰。    ,https://news.ltn.com.tw/news/society/breakingnews/5556558
「幫小孩投票」詐騙肆虐！南投議員、鎮長LINE帳號被盜哀鴻遍野,社會,2026/08/29 17:07,前草屯鎮長洪國浩的LINE帳號被盜，其子洪宗呈趕緊在臉書公告。（圖擷自洪宗呈臉書）南投縣最近有很多人發現，LINE好友紛紛換了新帳號，原來都是「幫小孩投票」詐騙手法受害者，這些LINE帳戶在網路投票後消失的人，囊括公教政治圈、士農工商界各階層，災情非常慘重，到今天仍有人帳號被盜，不斷發訊息要LINE好友投票。「請大家注意！爸爸洪國浩的LINE帳號遭到刪除！有接到訊息，請不要加好友、不要回覆…」，前草屯鎮長洪國浩的兒子洪宗呈在臉書幫父親公告爸爸LINE遭詐騙而消失，而不只洪國浩，包括縣議員陳玉鈴等多名政治人物也有相同困擾，另外包括中央部會、南投縣府、鄉鎮公所公務人員、老師校長、還有農會幹部，很多人近來都成了帳號被盜的受害者而哀鴻遍野。請繼續往下閱讀...縣議員陳玉鈴幫親友小孩投票後LINE帳號消失，她就請助理等人告知相關LINE群組的好友，而她重新辦理帳號後，因先前的好友、群組、資料全歸零，因此她還做哏圖，教親朋好友、支持者如何重新加入她的群組，另外她也幾乎每天提醒大家，不要再點任何幫小孩投票的連結，只是仍有人受害。警政署在8月初就已開記者會提醒民眾，「幫小孩投票」LINE詐騙手法，一旦點進去自己即被登出，LINE帳號就被接管，身分遭冒用繼續騙其他LINE好友，形成骨牌式的災情，但當事人第一時間還不知道，或根本無法通知親朋好友，對好友們大感抱歉。南投縣議員陳玉鈴也因幫孩子投票，LINE帳號被盜，她重辦新帳號後，還做哏圖，請大家重新加入群組。（陳玉鈴提供）「幫小孩投票」詐騙手法騙倒一堆人，今天仍有人帳號被盜，不斷要LINE好友去幫親戚的小孩投票。（陳鳳麗攝）    ,https://news.ltn.com.tw/news/society/breakingnews/5556549
深夜紅燈變救命關鍵！1歲童突抽搐癱軟 母抱娃攔警車「5分鐘衝急診」,社會,2026/08/29 16:43,騎機車急著將病童送醫的父母，攔下路口停等紅燈的警車求助。（民眾提供）台中市北屯區前天深夜發生驚險一幕，一名1歲8個月大男童在家中突然全身癱軟、抽搐，父母急忙騎機車送醫，途中見正停等紅燈的巡邏警車趕緊攔下求助，員警立即接手護送，5分鐘火速將男童送抵急診，隔日家屬傳來好消息，孩子已平安出院、身體恢復健康。台中市第五分局松安派出所員警邱名宥、王瑋祥，當晚11時許，巡經松竹路二段與興安路二段路口停等紅燈時，原本準備左轉往北屯路方向的一輛機車突然停靠路邊，員警定睛一看，只見後座李姓女子抱著一名幼童急忙跑向巡邏車，神情焦急表示，1歲8個月的孩子剛在家突然出現抽搐、身體癱軟等異狀。請繼續往下閱讀...夫妻倆原本自行騎車送醫，途中剛好看到巡邏車，才趕緊停車請求協助，眼見孩子狀況虛弱，員警不敢耽擱，立即請母親抱著男童上車，開啟警報器迅速駕車前往附近醫院，原本家屬還擔心交通壅塞耽誤救治時間，所幸警方掌握狀況後一路爭取時間，僅花約5分鐘便安全抵達醫院急診，順利將孩子交給醫護人員救治。這場深夜驚魂也在隔日凌晨5時許傳來好消息，李女特別打電話向員警報平安，告知孩子經醫師治療後已平安出院，身體狀況也恢復良好，再次向兩名員警表達感謝，得知孩子沒事，員警懸著的心也終於放下，提醒民眾遇緊急救護情況時，應立即撥打119由專業救護人員協助送醫，以免衍生其他意外。警車5分鐘內火速將男童送抵急診。（民眾提供）    ,https://news.ltn.com.tw/news/society/breakingnews/5556515
高雄套房飄出惡臭  中年情侶倒在浴室無生命跡象,社會,2026/08/29 16:38,高雄一間套房飄出惡臭，中年情侶倒在浴室無生命跡象。圖為負責調查的鼓山分局。（資料照）今天中午12點多，高雄市鼓山日昌路某出租套房飄出惡臭，其他房客通知房東到場了解後報案，警、消破門進入，赫見一對男女倒在浴室，已無生命跡象。警方排除他殺，報請檢方相驗。據了解，這對情侶各50多歲，今年7月入住，但尚未繳房租，事先未傳出異狀。警方初步勘查，2人無外傷，現場沒有打鬥痕跡，也無外力介入，已通知雙方家屬指認。請繼續往下閱讀...自由電子報關心您︰自殺不能解決問題，勇敢求救並非弱者，社會處處有溫暖，一定能度過難關。安心專線：1925 生命線協談專線：1995。張老師專線：1980    ,https://news.ltn.com.tw/news/society/breakingnews/5556526
擋路竟亮槍開嗆！囂張男1小時被逮 受害車主爽請300杯飲料,社會,2026/08/29 16:08,男子嗆聲要對方下車。（資料照）王姓男子26日開車行經彰化縣和美鎮愛物路，發現休旅車擋住，按鳴喇叭，休旅車主楊男從屋內出來，與王男發生口角，甚至一度亮槍，隨即驅車離去，警方昨（28日）接獲報案，1小時就將楊男查獲到案；王男為感謝警方迅速破案，今（29日）起至31日，每天請民眾喝100杯飲料。警方檢視影片發現，王男26日開車行經愛物路，被休旅車擋住窄路右側，按鳴喇叭後，楊男從屋內出來，揮手示意王男開過去，王男擔心傷到輪胎或引擎，還質疑「這樣停車對嗎？」楊男惱怒打開車門拿出槍枝嗆聲，「下來啊！」王男回說，「你違停要打人唷？」楊男反嗆，「你要打人唷？」持手機錄影。請繼續往下閱讀...和美警分局說，王男日前上網PO影片網時，警方就已發現楊男是治安顧慮人口，獲報後循線將楊男連同槍枝帶回，初步檢視槍枝是空氣槍，送偵查隊鑑定。王男準備300杯飲品免費請大家喝，29日起一連3天，領取時間為每天上午9點到晚間7點，每天限量100杯，送完為止，領取店家地址在和美鎮和北里彰美路6段14號的思饗茶，飲品甘蔗饗青，話梅鮮綠2選1。王男爽請飲料，掀起網友搶拿；有網友說，地方惡霸終於踢到鐵板，還有人說真不知道對方欺負了多少人囂張了多久，終於被制裁；不過也有網友說這種很快就會交保出來，這種在台灣都是微罪，當事人要注意自身安全。男子從車內起出槍枝，下秒立即放回車內。（民眾提供）    ,https://news.ltn.com.tw/news/society/breakingnews/5556502
土地挖掘工程不慎挖斷台電電纜  馬公東文近千戶停電3小時,社會,2026/08/29 16:01,東文私人工地施工，不慎破壞電纜，導致變壓器故障。（台電澎湖區營業處提供）馬公市東文里今（29）日突然無預警停電，影響鄰近近千戶民生用電，雖值假日期間，但台電澎湖區營業處值班人員，接獲通報緊急趕往現場，發現是一處私人土地施工挖掘，不慎挖斷地下電纜及變電器，經過約3小時搶修才恢復供電。今日上午9時10分許，馬公市東文里附近，突然發生大規模停電，連紅綠燈也不亮，由於時值假期，不少民眾休假在家，正是用電高峰期喔，因此客訴電話不斷湧入台電澎湖區營業處，營業處值班人員根據訊號源斷訊追蹤，目標指向馬公市文明路67、69號對面施工工地，派員到場搶修，發現是現場施工的挖土機挖斷台電電纜。請繼續往下閱讀...台電澎湖區營業處調查報告，馬公市東文里一帶停電原因，係台電高壓分歧地下電纜，在私人土地內遭挖掘拉扯，造成變壓器側之電纜接頭及變壓器燒損，經搶修後中午12時25分，已恢復供電，影響戶數999戶，於搶修完成恢復供電。至於此次停電造成的損失情形，尚需待周一上班日核算，有關台電電纜及變壓器受損賠償事宜，台電澎湖區營業處會依相關規定辦理求償，而民間停電損失，必須提出相關單據及證明，才能依法有據提出求償，或私下與施工單位協調求償，才能避免冗長司法求償程序。雖然時值假日，但台電搶修班緊急出動搶修。（台電澎湖區營業處提供）    ,https://news.ltn.com.tw/news/society/breakingnews/5556486
設局討債開車撞死人  桃檢殺人罪起訴移審國民法官法庭,社會,2026/08/29 15:50,男子設局討債還開車撞被害人，對方四肢癱瘓1年多不治，桃檢改依殺人罪起訴，全案案移審桃園地院國民法官法庭。（資料照）桃園市陳姓男子為向吳姓友人討債，2023年11月7日深夜11點多約出對方，吳男由趙姓友人搭載抵達約定地點，發現陳男找來多人助陣，隨即離去欲前往派出所報案，陳男為阻止竟開車猛力衝吳男車輛，導致吳男重傷四肢癱瘓，桃園地檢署2024年底依殺人未遂罪起訴陳男，吳男去年4月間死亡，全案變更法條為殺人罪，並由國民法官法庭審理，陳男收押桃園看守所，近日裁定延押2個月。陳男與吳男有債務糾紛，吳男為擔保債務，已將名下車輛交給陳男，陳男為持續追討債務，2023年11月7日深夜11點多，找來多名友人到桃園區超商集結並謀議誘出吳男，並由陳男友人以要歸還吳男身分證為由，將吳男約至中壢區1處洗車場。請繼續往下閱讀...吳男請趙姓友人搭車載他前往，車上另有其他友人同行，抵達洗車場後發現陳男在場，且安排多人埋伏，連忙要友人駕車加速逃逸，陳男則駕車緊追在後，並於吳男等人前往中壢警分局普仁派出所的路上從後方衝撞，導致吳男等人的轎車失控撞上路樹，吳男因車禍致第1頸椎骨裂，第4到第5頸椎骨折脫位併脊髓損傷、外傷性氣胸等重傷，留下四肢癱瘓、呼吸衰竭併呼吸器依賴等傷害，車內其他友人則輕傷。桃檢2024年底依殺人未遂案件起訴陳男，吳男去年4月間死亡，全案變更法條為殺人罪，並移審國民法官法庭審理。    ,https://news.ltn.com.tw/news/society/breakingnews/5556457
監視器發威   澎湖毒駕車禍冒名頂替被揭穿,社會,2026/08/29 15:29,馬公市中華路小郵局前機車車禍，女傷者顱內出血後送台灣搶救。（澎湖交通觀察日誌提供）現代科技辦案，任何蛛絲馬跡都會現形。8月26日澎湖一起機車對撞車禍，導致老婦人嚴重顱內出血，緊急由軍機後送台中搶救，傷者尚未脫離危險期之際，卻傳出涉嫌肇事機車騎士冒名頂替，由兄代弟出面在現場處理善後，並自稱其騎乘機車，卻被路旁監視器戳破謊言，更循線追查出弟弟涉嫌毒駕。馬公警分局交通分隊8月26日下午許獲報，馬公市中華、大仁街口發生交通事故，警方到場協助傷者送醫，現場1名男子自稱為肇事駕駛。警方調閱監視器影像後，發現其特徵與實際駕駛人不符，遂通知相關人員到案說明，查明係兄長代替弟弟頂替，全案依相關罪嫌函送偵辦。請繼續往下閱讀...馬公警分局呼籲，發生交通事故應立即停車、救護傷者並配合警方調查，切勿心存僥倖找人頂替；另強調對酒駕、毒駕採零容忍態度，酒後及施用毒品後切勿駕車，共同維護道路交通安全，本案除車禍冒名頂替外，又牽涉毒駕，都會隨案移送澎湖地檢署偵辦。桂祥晟律師表示，頂替罪雖然刑責不重，但是如今科技執法技術已經相當成熟，妄圖用頂替脫免刑責，實在是徒增刑責的無益之舉。馬公警分局根據監視器線索，追查出兄代弟頂替，弟涉嫌毒駕肇禍。（馬公警分局提供）    ,https://news.ltn.com.tw/news/society/breakingnews/5556447
欠債遭擄走私刑5小時、逼簽30萬本票 花蓮警逮6嫌,社會,2026/08/29 15:17,警方持搜索票、拘票逮獲主嫌黃姓男子（蹲在地上）。（警方提供）花蓮23歲張姓男子先前因借錢周轉，還不出錢遭暴力討債集團盯上，24日遭人強行帶走，逼簽30萬元本票及借據，私刑長達5小時後被放出送醫，警方獲報後27日上午逮捕黃姓主嫌6人送辦。吉安警分局今天表示，張姓被害人因為欠地下錢莊30萬元，還不出款，24日清晨遭黃嫌等人帶走，將人押到花蓮市區一棟民宅頂樓，以鐵鎚、球棒毆打張姓男子，還拿出防身用的辣椒槍恐嚇對方「要開槍」，私刑拘禁張姓男子，直到男子簽下30萬元本票及借據才被放出送醫。請繼續往下閱讀...遭毆打的張姓男子送醫後，頭部挫傷、手臂及大腿淤傷，都有刻意避開要害，警方接獲男子親友報案後成立專案小組，報請花蓮地檢署檢察官指揮偵辦，經蒐證發現黃姓男子為主嫌，透過檢方向地院申請拘票及搜索票，27日上午進行圍捕行動，將黃姓主嫌等6人拘提到案。警方指出，現場查扣包括辣椒槍、棍棒及本票等證物，其中辣椒槍是國外進口的合法防身用品，全案訊後依恐嚇、妨害自由、傷害重利等罪嫌移送花蓮地檢署偵辦。黃姓男子夥同6人逼簽本票借據，並恐嚇毆打對方，被警方依照恐嚇、妨害自由、重利罪嫌等送辦。（警方提供）黃姓主嫌等人以辣椒槍恐嚇、棍棒毆打，讓張姓男子簽下30萬本票及借據。（警方提供）    ,https://news.ltn.com.tw/news/society/breakingnews/5556439
趁金錢豹小姐喝掛3度伸手進裙「大力觸摸」 色酒客判刑,社會,2026/08/29 15:05,蕭男在金錢豹包廂猥褻女子，台中地院判他7月有期徒刑。（示意圖，資料照）台中市蕭姓男子到金錢豹酒店消費，見所處包廂內1名小姐喝醉、意識不清躺在沙發上，竟趁機伸手進裙內觸摸下體3次，女子驚醒後向友人及酒店幹部求助，返家還因情緒激動換氣過度送醫，台中地院審理後認定蕭男涉犯乘機猥褻罪，判處有期徒刑7月，可上訴。判決指出，蕭男於2024年5月11日凌晨，與友人及該名女子在台中市金錢豹酒店包廂唱歌、飲酒，直到凌晨4時30分許，蕭男發現女子已酒醉躺臥沙發上無力抗拒，竟起了色心，趁機將手伸進女子裙子內，觸摸其下體，前後一連3次，每次約2秒。請繼續往下閱讀...女子在睡夢中感覺下體遭到「大力觸碰」當場驚醒，立即透過LINE向友人及酒店幹部告知遭遇，返家後情緒仍相當激動，甚至出現換氣過度情形送醫，醫院也在當天上午通報警方才曝光，案件進入司法程序後，女子除出面指證也提出就醫紀錄、相關鑑定資料，以及案發後向友人求救的LINE對話等證據。而蕭男始終否認犯行，直到案件經過交互詰問、辯論終結後，才突然改口認罪，台中地院審酌，蕭男為滿足一己私慾，明知女子已因酒醉意識不清、無法抗拒，仍趁機對其伸出狼爪，造成其身心受創，顯然欠缺尊重他人身體自主權之觀念，實屬可惡法院認為，蕭男直到辯論終結後才坦承犯行，且先前否認時並無意與女子調解，直到改口認罪後才表達調解意願，但女子已拒絕，迄今仍未獲得和解或賠償，因此不予緩刑，依乘機猥褻罪判處蕭男有期徒刑7月，全案仍可上訴。    ,https://news.ltn.com.tw/news/society/breakingnews/5556390
半裸持刀逛大街 通緝犯辯「要保護自己」遭逮,社會,2026/08/29 15:03,王男裸上半身，持刀逛大街，遭警方喝令放下刀械。（記者邱俊福翻攝）41歲的王姓詐欺通緝犯，今天上午裸著上半身、手持削皮刀，在台北市松山區住處附近逛大街，民眾見狀，紛紛走避，轄區台北市警松山分局松山派出所據報派員趕抵，喝令其放下刀具後，順利逮人，帶返派出所偵訊；王男雖訊中表達「持刀是要保護自己」，警方仍依違反社會秩序維護法移請地方法院簡易庭裁定，並依法移送桃園地檢署歸案。警方表示，今天上午10時許接獲110報案，指稱北市八德路四段與東寧路口有男子持刀閒晃，員警獲報後立即呼叫警網趕赴現場，員警到場時，發現王男未著上衣，且手持削皮刀在路口閒逛，立即喝令其放下刀械，王男聞訊配合放下刀械，警方隨後上前迅速控制現場，並查扣刀械。請繼續往下閱讀...警方查驗身分時，發現王男精神狀態不穩定，且為桃園地檢署發布的詐欺通緝犯，因此訊後依違反社會秩序維護法移請地方法院簡易庭裁定，並依法移送桃園地檢署歸案。警方提醒，民眾如發現有人持刀或有其他危害公共安全之虞，應立即遠離現場並撥打110報案，切勿自行靠近或試圖制止，以確保自身安全。    ,https://news.ltn.com.tw/news/society/breakingnews/5556431
北宜公路重機過彎外拋撞小貨車 英籍騎士左肩骨折送醫,社會,2026/08/29 14:29,英國籍海姓男子上午獨自騎著大型重型機車前往北宜公路跑山。（記者鄭景議翻攝）43歲英國籍海姓男子，今（29）日上午獨自騎著大型重型機車前往北宜公路跑山，結束跑山行程準備騎車折返回家，沿著北宜公路往新店方向行駛，當車輛行經33.5公里處一處右轉彎道時，疑似因車速過快與轉彎角度不當失控外拋，當場與對向由54歲彭姓男子駕駛的自小貨車發生碰撞。強烈撞擊造成海男連人帶車重摔在地，導致左手肩膀骨折及全身多處擦挫傷，所幸送醫救治後並無生命危險。警方調查，今日上午8時20分許。海男獨自騎著大型重機，結束跑山行程後沿北宜公路由坪林往新店方向騎乘準備返回中和住處。在行經北宜公路33.5K彎道時，海男過右彎時車輛疑似外拋偏離車道，導致對向正常行駛的小貨車駕駛彭男避讓不及，兩車直接發生擦撞，機車零件當場散落一地。請繼續往下閱讀...轄區新店分局坪林派出所員警接獲報案後迅速趕赴現場處置，除了協助救護人員將受傷的海男緊急送往醫院進行治療外，也在事故現場擺放交通錐拉起警戒，進行現場拍照採證與交通疏導，避免後方車輛因視線死角發生二次碰撞。經員警現場檢測，海男與彭男兩名駕駛均無飲酒或吸毒情事，排除了酒駕與毒駕的可能性，雙方駕籍資料經查驗也都正常。詳細的事故發生原因以及相關肇事責任歸屬，目前已由警方完成現場採證建檔，後續將進一步分析釐清。返家時在北宜公路33.5公里處與對向彭姓男子駕駛的自小貨車發生碰撞。（記者鄭景議翻攝）    ,https://news.ltn.com.tw/news/society/breakingnews/5556400
洗水塔卻爬不出來！87歲翁卡5米高處 消防架梯救援,社會,2026/08/29 14:19,嘉義市一名男子清洗水塔時不慎受困在內，消防員架梯將他自水塔中救出。（民眾提供）一名87歲男子日前欲清洗水塔，不料竟卡在約5公尺高水塔內，嘉義市消防局接獲報案，先排除現場觸電疑慮後，架梯協助該名男子爬出水塔脫困，經評估生命徵象穩定、意識清楚，拒絕送醫。嘉義市消防局是在8月28日上午8點54分接獲報案，在嘉義市軍輝路一處民宅有民眾受困水塔內急需救援，立即派遣第二消防大隊第二分隊救助器材車、蘭潭分隊救護車到場救援。請繼續往下閱讀...消防人員抵達現場，發現男子卡在約5公尺高水塔內等待救援，經排除現場觸電疑慮後，消防員利用梯子協助民眾緩慢爬出水塔脫困，救護人員評估，男子意識清楚、無外傷，拒絕送醫。消防員將受困男子從水塔內救援脫困。（民眾提供）    ,https://news.ltn.com.tw/news/society/breakingnews/5556395
西濱林口段貨車自撞 回堵5小時一度塞到竹圍漁港,社會,2026/08/29 14:02,台15線北上21K處，今天上午傳出駕駛疲勞駕駛，撞進路邊店家，加上後方施工，造成西濱過桃園竹圍漁港路段，一度嚴重回堵，事故雖排除，後方車潮消化中。（記者吳仁捷翻攝）西濱北上新北市林口路段，今天上午7時30分許，一輛貨車自撞，為排除事故車，封閉北上車道等待拖吊車趕往移除，加上事故點南下17.9公里路段施工封閉，造成用路人通過西濱桃園竹圍漁港後，車速急降定點不動，車潮最長回堵達5公里，因車禍回堵時間超過5小時，目前車潮消化中，警方除加速處理，轉報公路局北區行控中心，呼籲用路人提早改道。林口警分局今天上午7時30分獲報，西濱（台15線）北上21KM林口下福路段，傳出一輛小貨車車禍，警方到場，駕駛沒有受傷，要求通知拖吊車到場移除，但後方車潮湧入，造成拖吊車無法到場，直到車禍後3個半小時，事故車雖從事發車道排除，但仍占用外側車道，後方回堵到5公里外的竹圍漁港路段。請繼續往下閱讀...林口警方說，今天上午7時30分獲報，台15線（西濱公路） 北上21K處，林口下福路段外側車道，發生一輛小貨自撞事故，警方到場，未免二次事故，暫封閉北上車道拖吊；員警發現事發路段後方因17.9K~15.5K（過蘆竹~林口前）工程進行，導致後方車多，透過新北交大行控、轉報公路局北區養工分局，請用路人提早改道；該起事故到11時29分，仍占用西濱北上21K外側車道拖吊處理事故車。無獨有偶，公路局北區養工分局從上午10時30分起獲報，用路人途經台61線（西濱快速）北上路段，過桃園竹圍漁港傳出定點不動，相關單位瞭解後，發現該路段17.9K~15.5K施工封閉，加上台15線北上21K事故無法通行，影響行車，呼籲用路人及早改道。台15線北上21K處，今天上午傳出駕駛疲勞駕駛，撞進路邊店家，加上後方施工，造成西濱過桃園竹圍漁港路段，一度嚴重回堵。（記者吳仁捷翻攝）台15線北上21K處，今天上午傳出駕駛疲勞駕駛，撞進路邊店家，加上後方施工，造成西濱過桃園竹圍漁港路段，一度嚴重回堵，事故雖排除，後方車潮消化中。（記者吳仁捷翻攝）    ,https://news.ltn.com.tw/news/society/breakingnews/5556337
板橋誇張駕駛左轉逆衝斑馬線、騎樓 5行人險撞上,社會,2026/08/29 14:00,新北市一名誇張駕駛，違規逆向、無視路人衝過斑馬線、險些衝入店內，警方獲報將開出逆向等罰單，朝公共危險罪嫌偵辦。（記者吳仁捷翻攝）新北市板橋文化路一段188巷傳出誇張駕駛行徑，一名駕駛左轉時先是逆向、再違規跨越斑馬線，無視一旁5名行人，直接衝上騎樓，撞毀烘培店家騎樓物品後才停下，嚇壞經過路人；板橋警分局說，當時未獲報，但過濾監視器後，將祭出危險駕駛、逆向、行駛人行道等違規，雖然毀損待店家提告，但將朝向公共危險罪嫌偵辦，警惕肇事駕駛行徑，維護行人安全。據透露，這起車禍發生在28日晚間6時許，板橋區文化路一段與188巷口，當時一輛藍色轎車跟著前車左轉，未料直接逆向行駛，更無視行人，直接衝過行穿線、騎上人行道，撞毀店家物品才停下，目睹路人以為肇事駕駛會衝進店內，都替行人、店家及用路人捏把冷汗。請繼續往下閱讀...板橋分局板橋派出所說，對於該車駛入店家騎樓涉及毁損案、公共危險，警方調閱相關監視器，後續在店家提告後，通知車輛駕駛人到案說明，初步掌握違反道路交通管理處罰條例，45條1項1款未依遵行方向行駛及45條1項6款行駛人行道等至少四件違規，將依法製單，並請示檢方，朝向公共危險罪嫌送辦，另提醒各駕駛人應注意行車安全及依規定行駛。    ,https://news.ltn.com.tw/news/society/breakingnews/5556369
驚悚畫面曝！潭子婦人騎車疑闖紅燈 遭賓士撞飛「頭血流不止」骨折送醫,社會,2026/08/29 13:28,潭子聯絡道與仁愛路一段發生汽機車車禍。（民眾提供）台中市潭子區潭子聯絡道與仁愛路一段111巷口今日發生一起64歲蔡姓婦人，疑似騎車闖紅燈，遭直行賓士轎車撞上，蔡婦當場彈飛，頭部流血倒地不起，蔡女全身擦挫傷有骨折情形、意識清楚，送往慈濟醫院就醫，詳細事故原因有待警方釐清。警方調查，蔡女騎機車沿潭子聯絡道往旱溪東路方向直行，疑似闖紅燈，59歲張男駕駛轎車沿仁愛路一段111巷一般車道往北屯方向直行，汽機車發生碰撞，機車左右側車身、自小客車前車頭受損。請繼續往下閱讀...雙方初步經檢測無酒精反應，蔡女全身擦挫傷有骨折情形，送往慈濟醫院就醫，詳細肇事原因由交通警察大隊進一步分析研判。大雅警分局呼籲，駕駛人行經路口務必減速慢行，並遵守號誌燈號指示，切勿闖紅燈，以有效降低事故發生風險，確保自身及他人安全。潭子聯絡道與仁愛路一段發生汽機車車禍。（民眾提供）    ,https://news.ltn.com.tw/news/society/breakingnews/5556353
砸10萬買愛馬仕等到心死！台中女怒解約討訂金 提告代購結局出爐 ,社會,2026/08/29 13:27,台中地院判代購王女返還全部訂金並加計利息，全案仍可上訴。（資料照）台中市張姓女子2021年花10萬1850元訂金，委託王姓女子代購愛馬仕Bolide 27黑色金扣精品包，沒想到超過4年仍等不到包，催告後決定解約並提告，台中地院認定代購業者「中途取消訂金不退」條款顯失公平，判王女返還全部訂金並加計利息，全案仍可上訴。張女2021年8月13日透過網路社群委託王女代購該款精品包，約定商品價格19萬4000元，加上5%代購費1萬3700元，總價20萬3700元，簽約時先支付一半訂金10萬1850元，等商品到貨通知再付尾款，然張女等了超過4年，去年10月27日終於忍不住透過LINE催告，要求王女在3周內交貨，期限屆滿仍未收到商品將解除契約、要求退回訂金。請繼續往下閱讀...王女則喊冤，表示愛馬仕熱門包款專櫃採配貨制度，代購者必須透過消費、累積資格爭取配額，主張為了替張女搶包，3年間在專櫃消費約87萬9260元，另預先儲值39萬4600元，已經盡力爭取，無法交貨並非自己過錯；法官認為，雙方當初並未約定明確交貨期限，張女後來給予3周期限催告，並未過短，期限屆滿後解除契約有法律依據。另王女預先擬定契約供消費者使用，不論究竟是誰的責任、為何取消，甚至業者有沒有實際損害，一律拒絕退款，形同加重消費者責任，也限制消費者依法解除契約的權利，業者片面訂定「中途取消訂金不退」條款顯失公平，台中地院簡易庭因此判王女返還訂金並加計利息，全案仍可上訴。    ,https://news.ltn.com.tw/news/society/breakingnews/5556345
民眾憂吸二手毒 議員曝中市裁罰收繳率僅18％無嚇阻力,社會,2026/08/29 13:26,民眾憂吸二手毒，議員陳淑華盼防毒不能慢半拍。（記者蘇孟娟攝）民眾反毒意識愈來愈高，台中市議員陳淑華指出，接獲不少住在大樓的民眾反映常有「異味」飄入住家，憂「二手毒」危害，但台中市去年管制毒犯未依法到驗比例高達25.5%，裁罰罰款收繳比例也只有18%，甚至去年有33家涉毒案件發生的特定營業場所逾60天才移送列管，防毒慢半拍，恐造成犯罪空窗期，更憂處分執行不力，對毒品氾濫沒有嚇阻效力。台中市警局指出，針對未到驗者積極聲請強制採驗，確保列管對象確實到驗，對逾期未繳者，本局均依規持續催繳、清查名下財產，並依法移送行政執行署各分署強制執行，以提升裁罰執行成效，針對特定營業場所列管，因涉及業者權益，後續仍須確認業者是否知悉涉毒情形並請其說明製作筆錄，須完備相關資料後報請主管單位處置，相關流程需一定作業時間，均要求各單位遇案逕行列管，資料完備後立即移送主管機關，並每月抽查通報情形。請繼續往下閱讀...陳淑華指出，毒駕危害民眾安全事件頻傳，讓不少人反毒意識愈來愈高漲，常接獲住集合住宅民眾陳情常有疑似吸食毒品的異味飄入住宅，但無法辨識異味來源，無論報警、打1999、跟管委會陳情都無效，求助無門，憂「二手毒」危害健康。陳淑華指出，根據審計報告，台中市抓到毒品相關的處置，未依法強制處理比例偏高，去年受管制毒品犯定期尿液採驗未依法到驗的比例竟高達25.5%；甚至去年1-9月查獲88家有涉毒案件發生的特定營業場，有33家逾60天才移送主管單位列管，恐造成2個月犯罪空窗期；另外裁罰罰款的收繳比例也偏低只有18%，憂處分執行不力，對毒品氾濫沒有嚇阻效力，盼市警局增加人力、預算，從源頭管理解決毒駕、二手毒的危害。☆少一份毒品就多一份健康，自由時報提醒您遠離毒品☆    ,https://news.ltn.com.tw/news/society/breakingnews/5556333
垃圾桶發票他順手帶回家竟挨告 遭「比對車牌」通知做筆錄傻眼,社會,2026/08/29 13:10,有民眾分享近期分在公共場所垃圾桶撿走發票後，竟接到警方通知作筆錄。（示意圖，記者許國楨攝）「這年頭真的連垃圾桶的發票都不能亂撿欸！」一名網友近日在社群平台發文，透露在繳費機旁、專供民眾丟棄發票明細與折扣券的垃圾桶內，看到一張發票並順手撿回家，沒想到發票原主竟調閱監視器、比對車牌找到他甚至提告侵占，讓他還得前往警局做筆錄，意外掀起網路熱議。貼文曝光後，網友立刻分成兩派，有人認為，既然發票已經被丟進垃圾桶，就代表原持有人已經放棄，「丟進垃圾桶不是就不要了嗎？」、「連垃圾桶都不能撿，以後看到東西還是離遠一點比較安全。」但也有人認為，關鍵不能只看「垃圾桶」3個字，還要確認丟棄發票的人究竟有沒有真正放棄所有權。請繼續往下閱讀...更有人分享自身或店家經驗，表示遇到顧客不要發票時，店員通常會當面將發票撕毀，就是擔心被其他人撿走後產生爭議；也有網友提醒，若發票具有兌獎價值，隨意撿拾後再拿去兌獎，法律問題恐怕更加複雜。律師李學鏞指出，法律上是否構成侵占遺失物，不能單憑「撿到」或「放在垃圾桶」判斷，一般而言，必須涉及占為己有的主觀意圖、實際占有，以及該物品究竟屬於遺失物或遭人拋棄的無主物等因素，如果原持有人是故意丟棄，發票可能屬於無主物，後來撿拾者原則上可能依「先占」取得。但如果是意外掉落，或是不慎誤將仍有價值發票丟進垃圾桶，法律上的性質就可能不同，若沒有進一步兌獎或利用其價值，是否具有侵占故意，也仍須依犯意及證據認定。    ,https://news.ltn.com.tw/news/society/breakingnews/5556334
高雄青年夜市火警學生報案  攤主感謝英雄終身5折優惠,社會,2026/08/29 13:09,高雄青年夜市今天凌晨發生火警。（民眾提供）高雄市知名青年夜市今天凌晨發生火警，一間攤位竄出火煙，幸好有學生發現報案，消防隊迅速到場撲火，才未延燒釀成大禍；攤主感謝學生英雄，提供永久5折優惠。鳳山區中崙一路與凱旋路口青年夜市，今天凌晨近4時發生火警，剛好有學生經過發現報警，消防局出動2車6人前往，起火點為一處已打烊攤位，現場燃燒雜物，火勢4時許撲滅，所幸無人傷亡。請繼續往下閱讀...學生事後於網路社群PO文，半夜經過青年夜市發現冒大濃煙，感覺不太對勁，趕緊打電話報警，隨後直接燒起來超害怕，幸好有提早報警。攤主也於學生PO文處留言，感謝英雄即時援助，雖然店沒了，但還好有您，沒有讓災害擴大波及到隔壁攤商，之後如果能繼續營業，將給英雄永久5折優惠。網友也留言肯定學生義行，感謝熱心民眾幫忙報警，不然後果真的不堪設想，同時也幫攤主加油，希望攤主能順利解決，後續能繼續營業。消防局勘驗火警現場，疑似攤販電線走火引起，研判為電氣因素，真正起火原因調查中。高雄青年夜市今天凌晨發生火警。（民眾提供）    ,https://news.ltn.com.tw/news/society/breakingnews/5556327
健身房淋浴間伸手機偷拍 公務員當場被逮判5月,社會,2026/08/29 13:01,台東地院日前對偷拍男做出判決。（記者劉人瑋攝）台東一名近50歲的公務員，去年在健身房看上一名30多歲體格健碩的男子，趁對方在淋浴間洗澡時，從相鄰隔間下方伸出手機偷拍。被害人低頭發現手機後，立即通知健身房人員協助，當場攔下偷拍者並報警。法院審理後，判處男子有期徒刑5個月、緩刑4年。判決書指出，男子去年8月22日下午前往台東市一家健身房運動，期間持手機從淋浴間隔板下方門縫伸入相鄰隔間，拍攝一名正在洗澡的男子。被害人低頭時發現隔間下方出現手機，發現有人正在偷拍，立即打開淋浴間查看，並找來健身房工作人員協助處理，隨後報警。請繼續往下閱讀...業者表示，被害人發現遭偷拍後，一身濕地衝出淋浴間請工作人員協助，多人隨即前往淋浴間，要求仍躲在隔間內的男子出來、解鎖手機並接受查驗。業者接獲員工來電詢問如何處置，「當然馬上報警啊！健身房教練又不是吃素的，一堆憤怒的壯漢把一個中年男包圍，一但開打後果不堪！」警方後持搜索票前往男子住處搜索，查扣一支VIVO手機及筆電。男子坦承偷拍，並表示悔意；法院審酌他犯後坦承錯誤，且因具有公務員身分，已遭服務單位記兩大過處分，認為經此偵審程序及行政懲處，應已受到警惕，因此判處有期徒刑5個月，宣告緩刑4年。男子遭查獲後，健身房也取消其會員資格，他此後未再前往。檢警得知判決結果後，對男子獲判緩刑直呼「怎麼只判這樣？」。法院說明，偷拍影像在案發後已遭刪除，警方還原手機資料後，也未發現相關影片或照片；卷內證據亦無法確認遭拍攝的影像，是否足以具體辨識被害人，因此依「罪疑唯輕」原則，作出有利於被告的認定。緩刑期間，男子須接受4年保護管束，並應於判決確定後3年內完成60小時義務勞務及4場法治教育。全案仍可上訴。    ,https://news.ltn.com.tw/news/society/breakingnews/5556300
烈日狂曬！蘇澳烏岩角7遊客受傷、中暑受困 消防聯手獨木舟業者馳援,社會,2026/08/29 12:43,烈日狂曬！蘇澳烏岩角7遊客受傷、中暑受困，消防聯手獨木舟業者馳援。（宜蘭縣消防局提供）宜蘭縣蘇澳秘境烏岩角今早傳出2起救護案，有越南籍女大生因扭傷無法行走報案，另起則是一家5口下切險峻山徑後體力透支，加上天氣酷熱出現頭暈等中暑症狀待援；消防局獲報後，聯手獨木舟業者馳援，將7人平安接駁回東澳粉鳥林漁港。消防局今早獲報派員馳援，漁船因避颱無法支援，所幸現場指揮官緊急聯繫獨木舟業者協助出動船艇，與救難人員聯手組成救援隊，火速自粉鳥林漁港出發前往烏岩角，展開水路救援行動。請繼續往下閱讀...救援船艇於上午10點43分，成功將受困7人全數平安接駁至粉鳥林漁港。經現場救護人員評估，7名遊客雖因高溫日曬致身體虛弱，但在補充水分與休息後無礙，皆表示不需送醫，自行返家休養。據了解，2名女大生均為越南籍，來台在北部念大學，今天至蘇澳遊玩，其中1人腳踝扭傷；另1案為來自桃園的1家5口，均為台灣籍，1對夫妻帶3名子女前往烏岩角，下切山徑至海灘後，體力不支無法回程，同樣請求救援。烏岩角為中央山脈起點，結合海灘與斷崖地形，來回落差達3百多公尺。陸路下切及上攀均需行經陡峭碎石坡與垂直岩壁，極不好攀登且極度考驗體能，宜蘭縣消防局統計，今年烏岩角救援案件共7件，人數31人，呼籲民眾切勿輕忽地形險惡與烈陽，以免發生危險。    ,https://news.ltn.com.tw/news/society/breakingnews/5556296
母紅燈帶子走斑馬線+落單童突竄出 賓士車險煞不住撞上,社會,2026/08/29 12:28,阿里山公路上賓士轎車綠車停等過馬路的母子。（中埔警分局提供）嘉義阿里山公路中埔鄉頂六國小前路口日前發生一起生死瞬間事件，有位媽媽在人行號誌紅燈亮起時，仍帶著一位小孩慢條斯理走在斑馬線上，但就在這對母子穿過馬路，綠燈停等的賓士轎車起步時，竟然又有小孩飛奔而出，賓士轎車緊急煞車，差一點點就撞上小孩，相關畫面經民眾PO上網路社群，大家直呼這位「寶媽」誇張行徑太危險了。目擊者指出，27日下午4點左右，台18線與嘉135線路口、頂六國小前，一輛賓士車綠燈要起步時，仍有一對母子要穿越阿里山公路，賓士車見狀停車等候，豈料兩人剛過，後方竟又冷不防竄出一名落單幼童狂奔。所幸駕駛全程保持高度警戒、瞬間踩死煞車，在距離孩子致命距離前硬生生停住，沒有發生憾事。這個時候驚魂未定的母親當場情緒崩潰嚴厲斥責，嚇壞的幼童更是當街放聲大哭，場面相當紊亂。請繼續往下閱讀...警方表示，依道路交通管理處罰條例及道路交通安全規則規定，父母或監護人不得疏縱未滿14歲兒童擅自穿越車道，也不得讓兒童在交通頻繁道路或鐵路平交道附近任意奔跑、追逐、嬉戲或停留阻礙交通，應隨時保持警覺，違規可處500元罰鍰，守護兒童及其他用路人的安全。有位小孩突竄出要穿越阿里山公路，賓士轎車緊急煞車未釀禍。（中埔警分局提供）    ,https://news.ltn.com.tw/news/society/breakingnews/5556271
赤科山金針盛開！84歲賞花遊客上山彎路翻車 一度回堵1公里,社會,2026/08/29 12:20,84歲涂姓遊客開車上山賞花，卻因道路彎曲狹窄衝出道路，被吊車拉起，整台車翻覆橫在馬路中間。（民眾提供）花蓮玉里鎮赤科山、富里鄉六十石山的金針花目前盛開，吸引許多遊客抓住暑假的尾巴，趕著上山賞花，但今天早上8點多，赤科山產業道路主線往田螺坔支線，一輛紅色轎車上山途中不慎車輛翻覆，擋風玻璃碎成蜘蛛網，一度還造成後方車陣回堵約1公里。警方上午8點多接獲報案，原來是退休的84歲涂姓男子與李姓女子一起開車上山賞金針花，在上坡時由於新開闢的田螺坔支線道路既陡又彎，道路狹窄，讓不習慣開山路的駕駛不小心衝出道路外面，造成車輛側翻，擋風玻璃碎裂，整台車就這樣堵在馬路正中央，造成赤科山道路中斷！請繼續往下閱讀...玉里警分局表示，現場2人都沒有受傷，警方到場時2人已經自行脫困，但因花季期間遊客很多，造成後方回堵約1公里，至上午10時以後因吊車到場將翻車車輛移置路旁，恢復道路通行。山上李姓農民說，今明兩天是週末，原本預期一大早就會有大批遊客上山，但今天早上一直到9點還等不到遊客，正在一頭霧水之際，當地民眾的LINE群組就傳出原來山路上有車輛翻車，造成道路塞車回堵，他的老父親也被堵車在半路上，動彈不得。農民說，赤科山主線因兩年前的康芮颱風受損，短短200公尺的路基流失到現在都還沒修好，縣府新修的支線田螺坔產業道路彎曲又狹窄，而且也沒有全部鋪設柏油，後段綠點農莊到小台灣只有水泥鋪面，道路品質坑坑疤疤，常有賞花遊客上山後抱怨「花很漂亮，但是道路很危險」，希望縣府可以加速改善。赤科山目前金針花盛開中，吸引遊客上山。（李姓農民提供）今天早上8點多有上山遊客在田螺坔產業道路翻車，幸好沒受傷自行脫困，但造成後方回堵1公里。（民眾提供）赤科山目前金針花盛開中，吸引遊客上山。（李姓農民提供）赤科山目前金針花盛開中，吸引遊客上山。（李姓農民提供）84歲涂姓遊客開車上山賞花，卻因道路彎曲狹窄衝出道路，被吊車拉起，整台車翻覆橫在馬路中間。（民眾提供）    ,https://news.ltn.com.tw/news/society/breakingnews/5556279
10萬懸賞婚戒還沒找到！台中大誠街「全民尋寶」擴大搜索範圍 ,社會,2026/08/29 12:14,失主在Threads貼文懸賞10萬找婚戒。（圖由熊先生授權）「沒有～依然沒找到！」台中熊姓男子婚戒26日遺失，急在Threads祭出10萬元懸賞，沒想到一枚小小戒指竟掀起「全民尋寶」熱潮，脆友們從路邊、草叢、車底一路找到水溝，甚至有人拆水溝蓋、直接鑽進去找，還有人從彰化準備趕來支援，直到今天凌晨仍有人持續搜尋，但截至目前戒指仍沒有現身。消息曝光後，中區大誠街現場很快成了「大型尋戒現場」，不少熱心脆友拿著手電筒到處找，連平常容易被忽略的角落都不放過，一名網友看到現場狀況忍不住笑問：「有找到嗎？」結果得到回覆：「沒有～依然沒找到」，讓這場全民尋寶又多了幾分哭笑不得。請繼續往下閱讀...有人懷疑戒指可能滾進水溝，留言詢問「那旁邊是河嗎？有沒有可能滾下去？」也有網友猜測「戒指可能掉原PO車上，車地毯裝潢要拆」，失主透露夫妻倆已經把車子座椅拆開檢查，卻仍然一無所獲，另一名網友則提出更精準的猜測：「估計在誰家車子的胎紋裡」、「我也覺得卡輪胎胎紋機率很高」尋戒行動甚至吸引外地網友關注，有人留言詢問「從彰化趕過去來得及嗎」，還有人建議使用金屬探測器，笑說「中秋節快到了，獎金加碼」，而這場10萬元懸賞引發的「全民尋戒」行動仍持續中，只盼這枚對夫妻倆意義非凡的婚戒能早日被尋回。失主在大誠街49巷與興民街口遺失婚戒。（記者許國楨攝）    ,https://news.ltn.com.tw/news/society/breakingnews/5556224
關西鎮公所清運車台68車禍涉肇逃 轎車四輪朝天畫面曝光,社會,2026/08/29 12:01,車禍發生後，藍色轎車整輛翻覆四輪朝天。（民眾提供）新竹縣關西鎮公所1輛25噸清運車昨天在台68線快速道路與1輛轎車發生車禍，造成轎車整輛翻覆四輪朝天，但清潔車逕自駛離未停車，涉嫌肇事逃逸，事故原因尚待警方調查釐清；關西鎮公所表示，昨立即赴醫院慰問傷者，所幸對方無生命危險，全力配合調查。關西鎮公所表示，初步了解，這輛清潔隊的清運車為25噸，車體龐大，疑似有視線死角，清運車駕駛初步稱當時沒有注意到該轎車，也未察覺發生碰撞。請繼續往下閱讀...有目擊者表示，昨天上午10點許，關西鎮清運車行經台68線南寮往竹東方向，應是從新竹縣焚化爐離開，準備於竹林交流道上國道3號返回關西清潔隊，但在台68途中發生車禍。從行車紀錄器畫面顯示，清運車原疾速行駛內車道，不知何故駛向外車道，並與藍色轎車左後側發生碰撞後，轎車衝往內車道，並猛力碰撞中央分隔島柵欄後翻覆，四輪朝天，整個車禍過程令人觸目驚心！關西鎮公所表示，昨發生事故，第一時間派員到醫院探視轎車女駕駛，住院觀察是否有腦震盪症狀，所幸沒有生命危險，已啟動相關保險理賠事宜，全力協助患者及家屬。新竹縣關西鎮公所1輛25噸清運車昨天在台68線快速道路與1輛轎車發生車禍，造成轎車整輛翻覆四輪朝天。（民眾提供）發生車禍後，關西鎮公所清潔隊的清運車逕自駛離未停車，涉嫌肇事逃逸。（民眾提供）新竹縣關西鎮公所1輛25噸清運車昨天在台68線快速道路與1輛轎車發生車禍，造成轎車整輛翻覆四輪朝天。（民眾提供）    ,https://news.ltn.com.tw/news/society/breakingnews/5556263
基隆東岸商場弊案 大日負責人行賄緩刑4年、雇員收賄重判12年,社會,2026/08/29 11:30,基隆地檢署2022年間指揮廉政署搜索基隆市政府交通旅遊處，聲押大日公司負責人蘇幸福與臨時人員陳文輝獲准 。 （檔案照）基隆市東岸商場原營運商大日公司負責人蘇幸福，被控為順利取得東岸商場與信二立體停車場標案，自2018年起累計5年行賄基隆市府交通旅遊處臨時人員陳文輝195萬元。基隆地院近日審結，依蘇幸福犯貪污治罪條例交付賄賂罪、逃漏稅捐、商業會計法、公司法及詐欺未遂等罪名共51罪，合併判處1年6月徒刑（得易科罰金），另行賄違背職務罪判處6月徒刑，緩刑4年，但須向公庫支付20萬元，並提供60小時義務勞務。至於，陳文輝犯貪污治罪條例不違背職務與違背職務收受賄賂罪共11罪，各處1年10月、3年8月不等徒刑，合併應執行12年徒刑，與洩漏國防以外秘密罪，判處6月徒刑，得易科18萬元罰金。請繼續往下閱讀...判決指出，大日開發有限公司負責人蘇幸福為求東岸廣場營運順利，自2018年2月至2022年7月間，以每次5萬至10萬元不等現金，先後10次、共交付95萬元賄款予基隆市交通處臨時人員陳文輝，換取陳男提前透露交通處內部督導重點與客訴資訊，協助大日公司規避營運缺失評比以利續約。2021年間，蘇幸福為拿下「信二立體停車場委託經營管理案」，更許諾給予陳男100萬元報酬。陳男隨即利用職務之便，洩漏投標廠商名稱、家數、金額及評選會初審意見等國防以外應秘密之訊息予大日公司。大日公司於2022年3月順利得標後，蘇幸福隨即依約在東岸場2樓會議室交付100萬元現金給陳男。此外，檢廉查出蘇幸福為規避東岸廣場每年營收超過預估值即須與基隆市政府五五分帳的「經營權利金」，以虛設人頭公司開立不實發票、短報租金收入等手法逃漏營業稅232萬餘元，並企圖以此詐術獲免繳納105年度486萬餘元的經營權利金。判決指出，蘇幸福身為企業負責人，除向公務人員行賄之外，危害稅捐稽徵機關對於課稅之公平及正確性，法官考量蘇在偵審中均坦承犯行，且違章逃漏稅部分已依國稅局指示補繳完畢，宣告緩刑4年，付保護管束，並命其向公庫支付20萬元及義務勞務60小時；可上訴。    ,https://news.ltn.com.tw/news/society/breakingnews/5556238
女車手取款110萬遭「黑吃黑」 報警反曝身分判3年4月,社會,2026/08/29 11:16,苗栗地院審理，依犯3人以上共同詐欺取財且使人交付之財物達100萬元罪，判處吳女有期徒刑3年4月。（資料照）吳姓女子加入詐騙集團擔任面交取款車手，不料，她在向被害人收取110萬元現金離去時，遭其他詐團成員「黑吃黑」，把錢搶走；吳女報警處理，被查出是詐團車手身分。苗栗地院審理，依犯3人以上共同詐欺取財且使人交付之財物達100萬元罪，處有期徒刑3年4月。判決指出，吳女於今年5月25日起，加入真實姓名年籍不詳自稱「羅駿逸」、「舅舅」、「Young Master」等人所屬的詐騙集團。該集團透過通訊軟體LINE以假投資手法施行詐騙，吳女則擔任取款車手。請繼續往下閱讀...苗栗一名陳姓被害人，誤信該詐團佯稱，可在指定網站投資店鋪獲利，但須儲值現金等話術，於今年5月29日下午6點許，在竹南龍鳳宮後殿廣場，交付40萬元給吳女，吳女再依集團指示將現金放置於指定地點，由集團其他不詳成員收取；吳女獲報酬2000元。該詐團食髓知味，再誆騙陳姓被害人110萬元，並由吳女於6月12日下午5點許，再度前往龍鳳宮後殿廣場，向被害人收取110萬元。不料，吳女這次攜款離去時，現金遭不明人士搶奪走。吳女報警處理，面對警方詢問現金來源及用途，支吾其詞，經警方輔以其他事證追問，她才坦承是詐騙集團車手，前往取款。至於搶案部分，警方已循線將3名搶匪追緝到案，查為其他詐騙集團成員，將3人依法送辦，而110萬元已用罄。☆自由時報電子報提醒您，防詐騙專線︰165，報案專線︰110☆    ,https://news.ltn.com.tw/news/society/breakingnews/5556222
闖空門偷鑽戒黃金被抓 竟嗆檢「給我小心一點」…台中狂賊下場曝,社會,2026/08/29 10:44,台中地院將這名囂張竊賊判刑2年2月。（資料照）台中林姓慣竊去年深夜戴手套、爬遮雨棚闖入民宅，偷走現金、鑽戒及黃金，落網後不僅否認犯行，還在法庭上嗆公訴檢察官「叫這檢察官給我小心一點」，台中地院認定他犯後態度惡劣，依加重竊盜罪判刑2年2月，可上訴。判決指出，林男去年6月19日晚間9點多開車前往台中市西屯區，疑似早已鎖定目標，還刻意戴上手套，從住家遮雨棚攀爬至3樓，再從窗戶侵入屋內，翻箱倒櫃搜刮財物，得手後迅速離開，屋主當晚返家發現遭竊，清點後驚見約5萬元現金、1只鑽戒及3件黃金等財物不翼而飛，隨即報警。請繼續往下閱讀...警方追查後，於同月25日前往林男住處搜索，並查扣其中1只遭竊鑽戒，面對警方掌握的證據，林男卻一路否認，辯稱案發當天根本沒有前往現場，遭查扣的鑽戒也是自己向朋友購買，監視器畫面中的男子更不是他，試圖撇清與竊案的關係。但經查，監視器不僅拍到涉案車輛，林男妻子也證稱，案發當天林男確實曾駕車行經西屯區，而被害人住家監視器拍到的竊賊，身穿黑色短袖T恤，胸前印有「AAC」字樣，林男住處查扣的衣物也有相同特徵，種種跡證均指向林男。法院審酌，林男有竊盜前科，5年內再犯構成累犯應加重其刑，犯後矢口否認，臨訟更推託友人企圖卸責，至今沒和被害人和解，還曾當庭對公訴檢察官嗆聲「叫這檢察官給我小心一點」，公然藐視司法尊嚴，犯後態度實屬惡劣，依犯踰越窗戶及安全設備侵入住宅竊盜罪，重判他有期徒刑2年2月。    ,https://news.ltn.com.tw/news/society/breakingnews/5556105
無照酒駕拒測欠21萬被追討！帳戶千元竟全家救命錢 執行署急解扣,社會,2026/08/29 10:42,楊男到行政執行署台中分署說明困境。（台中分署提供）一筆僅千餘元帳戶存款，對一般人或許不起眼，對台中太平區楊男一家卻是救命錢！50歲楊男因無照騎車、酒駕拒測累欠罰鍰20多萬元，日前帳戶遭扣款後父親急出面求情，行政執行署台中分署查明楊一家4口全是低收入戶，有3人還是重度身障人士，存款是全家低收入戶補助款，考量家庭困境解除扣押，並同意每月分期清償。楊男2021年11月因駕照遭註銷仍無照騎機車裁罰9000元，隔年2月又再度無照騎車，且酒駕拒絕接受酒測，遭裁罰18萬6000元，另加上逾期未繳機車燃料使用費，累計欠款20多萬元，案件2022年10月移送台中分署後，執行人員曾多次通知楊男說明財產狀況、提出清償計畫未果，今年6月終於查到楊男郵局帳戶有存款隨即依法扣押，僅扣得千餘元。請繼續往下閱讀...沒想到這筆錢卻讓楊父急致電求情表示，他和大兒子楊男、二兒子、二媳婦4人都是公所列冊補助的低收入戶，除楊男外，其他3人還是重度身心障礙人士，社會局核發的低收入戶補助款全匯到楊男帳戶，一旦存款遭查扣，家中連基本生活都成問題，執行人員進一步了解後，楊男終於出面表示目前在工地做臨時工，每日約1300元，工作並不固定，家中只有他有收入，懇求改採分期方式繳納。台中分署考量楊男收入微薄且家庭經濟困難，查證確認遭扣款存款確為補助款後，決定解除扣押，同意他每月繳4000元清償欠款，也當場提供酒癮治療轉介資訊，他表示願意接受協助，承諾今後不再重蹈覆轍。☆飲酒過量  有害健康  禁止酒駕☆    ,https://news.ltn.com.tw/news/society/breakingnews/5556192
毒咖啡包分裝場隱身桃園透天厝 竹聯幫弘仁會份子等12人送辦,社會,2026/08/29 10:42,警方查扣毒品卡西酮咖啡包1304包，以及大麻與毒品半成品、原料、封膜機、分裝器具等相關贓證物。（記者邱俊福翻攝）竹聯幫弘仁會林姓成員涉嫌將桃園市八德區的透天厝住處，設置成毒品咖啡包分裝場，隨時接受訂單，交由旗下小蜜蜂送貨；台北市警中山分局至本月共發動兩波查緝行動，陸續將林嫌等12人查緝到案，查獲毒咖啡包上千包，以及大麻、愷他命等各式毒品，依毒品罪嫌移送台北地檢署偵辦。警方表示，今年1月間，在北市大直區攔查一起毒駕案件後，經追查涉及毒駕的彭男其身上的愷他命毒品，來自桃園市1名35歲蔣姓男子，6月間前往查緝，順利逮捕蔣男，並查獲217顆愷他命毒品。請繼續往下閱讀...經警方持續向上溯源追查，鎖定35歲林男位於桃園市八德區的三層樓透天厝住處，疑為毒品分裝場，本月進行攻堅查緝，先後逮捕林男，以及旗下送貨的小蜜蜂、毒品藥腳等共10人到案。現場查扣毒品卡西酮咖啡包1304包，以及大麻與毒品半成品、原料、封膜機、分裝器具等相關贓證物，訊後依法移送檢方偵辦。中山分局表示，今年5月24日至8月28日執行毒駕斷源專案期間，共查獲174件施用毒品後駕車案件，並向上溯源查緝13名涉嫌販毒對象到案。☆少一份毒品就多一份健康，自由時報提醒您遠離毒品☆警方逮捕蔣姓男子。（記者邱俊福翻攝）    ,https://news.ltn.com.tw/news/society/breakingnews/5556179
互助會首虛設人頭冒標 偽造本票詐159萬元判刑4年,社會,2026/08/29 10:41,互助會首王婦虛設人頭會員又偽造本票詐取會款近160萬元，被判刑4年。（資料照）王姓婦人擔任互助會首卻虛設人頭會員還偽造會員名單及本票，陸續詐取會款近160萬元，會員發現後，已拿不回白繳的會費，氣得聯名提告王婦詐欺，屏東地院審理後，依偽造有價證券等罪併處王婦4年徒刑，並追繳不法所得，可上訴。王婦發起每會3萬元的互助會，吸引35名會員參加，由她擔任會首，王婦因為有資金的需求，竟心起歹念，不僅虛設人頭會員冒標會款，還偽造會員名單及本票以取信會員，陸續詐得159萬元的會款，結果被其他會員識破，但已拿不會多次繳交的會費，眾多會員氣得聯合提告詐欺。請繼續往下閱讀...屏東地院審理後，認為王婦雖犯後坦承犯行，但遲未與被害人達成和解，依偽造有價證券、詐欺取財及侵占等罪併處王婦4年徒刑。☆自由時報電子報提醒您，防詐騙專線︰165，報案專線︰110☆    ,https://news.ltn.com.tw/news/society/breakingnews/5556177
不爽琴聲告鄰居侵害安寧  母子早已鋪隔音墊贏官司,社會,2026/08/29 10:34,宋姓少年在家練鋼琴被樓下鄰居提告求償60萬元， 法官判鄰居敗訴。示意圖非當事人（資料照）王姓男子不滿住在樓上的宋姓少年幾乎每天長時間彈奏鋼琴，認為琴聲嚴重侵犯居住安寧，自行拿分貝計錄影搜證，向宋姓少年及其父母提告求償精神慰撫金60萬元，並要求限制彈琴音量，但法官認定琴聲未超過法定噪音管制標準，且樓上鄰居早已鋪設橡膠隔音墊，判王男敗訴。判決指出，王男主張樓上宋姓少年和父母自2021年底遷入後，白天頻繁練琴，琴聲穿透樓板讓他無法正常休息，他自行在家中以分貝計錄影搜證，控告宋姓少年及爸媽違反《公寓大廈管理條例》，請求限制彈琴音量不得超過55至65分貝，並連帶賠償60萬元慰撫金。請繼續往下閱讀...高雄地方法院審理時，宋姓少年和父母表示，遷入前已特別花錢在木地板下鋪設2公分PS板及2毫米橡膠隔音墊，且避開早晚休息時段，僅在正常作息時間練琴，並無故意干擾。法官勘驗王男提供的多段測音影片，發現影片中夾雜工地施工、汽機車引擎聲及敲打聲等背景雜音，其中僅有的幾次超標分貝，全是由「敲擊物品」所發出，並非鋼琴聲，且其餘時段分貝數大多落在30至50分貝之間。法官認為，該大樓屬於第三類噪音管制區，宋姓少年彈琴音量並未超過行政主管機關規定的客觀管制標準，在未逾法定標準的前提下，屬於合法的房屋使用行為，鄰居依法負有相鄰關係的容忍義務，因此認定不構成違法侵權，駁回王男之訴，可上訴。    ,https://news.ltn.com.tw/news/society/breakingnews/5556194
撿屍伸魔爪！救生員志工偷摸醉女私密處 測謊未過被重判,社會,2026/08/29 10:27,基隆市范姓救生員志工被控撿屍酒醉女子時，摸被害女子下體，遭法院重判1年6月徒刑。（情境照）基隆市范姓男子在外木山海灘擔任救生員志工時，被控趁1 名女子酒醉無力反抗時，在救生員休息室內，隔褲摸女子大腿、臀部及私密處。基隆地院近日審結，依監視器畫面、證人證詞及測謊結果，認定范男猥褻被害人犯行明確，依范男犯乘機猥褻罪重判他1年6月徒刑。判決指出，范姓男子去年7月15日清晨6時許，被害女子A女因在沙灘上飲酒過量不勝酒力，由范男與A女的楊姓友人共同攙扶至外木山海灘救生員休息室床上休息。范男與楊離開後，范男隨即於5分鐘後單獨折返休息室。請繼續往下閱讀...A女指控，范男單獨進入後坐在床邊，趁其背對且無力反抗時，隔著褲子多次撫摸其臀部、大腿及生殖器，甚至企圖將手伸入褲內，她驚覺不對勁，立刻伸手抓住范男的手，范男竟還當場詢問「可以親一下嗎？」，遭她拒絕。事後，向救生隊長求助調閱監視器畫面後報警提告。法庭審理時，范否認猥褻A女辯稱：「我有拍A女的肩膀，並沒有拍臀部或生殖器」，當時只是因為A女快從床上翻下來才幫忙推上去，並向在場睡覺的隊長打招呼後才離開。但法官調閱監視器發現，當時救生隊長因服用安眠藥已熟睡，范男指稱有向隊長打招呼顯非事實。此外，檢警將范男送往內政部警政署刑事警察局進行測謊，范男對於「有無摸A女下體」等關鍵問題均呈不實反應（未通過測謊）。法官認定，A女指述前後一致，且案發後第一時間即向友人求助，並有監視器進出時序及測謊鑑定報告佐證，范男所辯全屬卸責之詞，依范男犯乘機猥褻罪判處1年6月徒刑。☆飲酒過量  有害健康  禁止酒駕☆    ,https://news.ltn.com.tw/news/society/breakingnews/5556173
鑽法律漏洞！假結婚騙簽證入境 法官無奈判無罪,社會,2026/08/29 10:06,鑽法律漏洞能脫罪？集團安排泰人假結婚來台。台南地方法院坦言這是漏洞，但持合法簽證不算偷渡，判決無罪。（資料照，記者王捷攝）鑽法律漏洞就能脫罪？林姓男子安排泰國人以假結婚依親來台，檢方依違反移民法起訴。台南地方法院指出，被告用真實身分拿到簽證，不符未經許可要件，法官坦言這雖是法律漏洞，仍不能強行入罪，判決主嫌與共犯均無罪。檢方調查，林姓主嫌2003年間，指使同夥帶人赴泰國，與李女、陳女及林男等泰國人辦理假結婚，集團每成功一對可獲3萬元報酬。台灣配偶返國登記後，向機關申請泰籍配偶來台依親。經核准，李女等人便持合法簽證陸續入境。檢方認定被告利用假結婚手段，涉犯未經許可入國罪。請繼續往下閱讀...法官提出解釋，修正前入出國及移民法74條，未經許可入國罪，條件是持偽造的證件進入我國，是為了防堵偷渡。但這個案子的被告全用真實姓名申請，經官方查驗許可才入境。依行政程序法第119條規定，外籍人士能不能進入我國，是屬行政處分，若用不實資料取得許可，機關雖可撤銷，但在撤銷前該處分依然有效，入境行為仍屬合法。法官接著引用刑法第1條罪刑法定原則說明，法院不能超越文字解釋，把已有許可但具備撤銷事由的狀況，硬解讀為未經許可。假結婚拿簽證在實務上確實是法律漏洞，但不能為了處罰就強行入罪，否則法條將形同虛設。證據雖顯示林姓主嫌指使假結婚獲取簽證，但因不符非法入境要件，無法依該罪論處。至於被告等人為辦簽證衍生的偽造文書犯行，因案發至今已超過追訴權時效，依法不在這次審理範圍內。因查無其他積極證據，法院最終判決全數無罪。    ,https://news.ltn.com.tw/news/society/breakingnews/5556161
國中生上課玩剪刀不聽勸被老師「過肩摔」？全班同學力挺2審仍無罪,社會,2026/08/29 09:56,邱姓國中午控上課遭老師過肩摔害受傷，但同學作證時完全不挺他。示意圖（資料照）邱姓國中生上課玩剪刀，李姓代課老師多次勸阻無效，要求邱姓少年去教室後方反省，結果邱姓少年竟跳到老師背上，李師彎腰把他甩落，不小心造成邱生受傷，邱生不反省竟怒控被老師「過肩摔」，一審判老師無罪後，檢方不服上訴，但二審維持原判；邱生另告民事求償72萬元，也被法官駁回。判決指出，2023年6月20日，李姓教師在第5、6節課擔任家政與健教老師期間，因邱姓國中在課堂上把玩剪刀且不聽勸導，且疑似當眾對老師大聲咆哮、出言侮辱，嚴重破壞課堂秩序，李姓教師於是要求邱少去教室後面反省。請繼續往下閱讀...邱姓少年事後指控，他被老師從地板拉起後，老師竟將他「過肩摔」，導致頭、臉及頸部挫傷、頸椎第一第二節韌帶損傷，家長帶他去看精神科，還診斷出現急性壓力症候群與嚴重心理創傷。李師被檢方依傷害罪起訴後，高雄地方法院判他無罪，檢方不服上訴，高雄高分院審理時，李師一樣喊冤，調當時要帶學生至教室後方反省，學生卻從背後躍上勒住其脖子，他本能下蹲彎腰，學生才自行滑落地上。法官交叉比對同班多名目擊學生證詞，同學們均證稱，是看到邱生自行跳到老師背上，老師彎腰要把人放下時，學生重心不穩才摔落。法官依據物理學原理，認為李師體重約65公斤，面對30多公斤的學生從背後跳上勒脖，若僅垂直下蹲會因重心後移而倒下，上半身必然會本能向前傾斜彎腰以抵消重量，在此過程中，學生極可能因重心不穩滑落在左前方，符合自然本能。法官認定檢方舉證不足，無法證明李師有故意摔人傷害的犯意，裁定駁回上訴，維持無罪判決，全案定讞。邱生另告民事求償72萬元，日前也被法官駁回。    ,https://news.ltn.com.tw/news/society/breakingnews/5556142
妻被打到血腫！惡男狡辯「只是跟老婆玩」 法官看不下去重判,社會,2026/08/29 09:52,胡姓男子被控收到保護令後，又2度對妻子施暴，辯稱「跟老婆在玩」，被法院依違反家庭暴力防治法判處拘役55天。（資料照）基隆市胡姓男子因對妻子施暴，經法院核發保護令後，又2度對妻子施暴，持不明物品砸傷、與徒手打傷妻子。基隆地院審理時，胡辯稱是跟妻子「嘻笑打鬧」、「跟老婆玩」玩，法官勘驗監視錄影畫面，發現胡男單方面揮拳、腳踹妻子，依違反家庭暴力防治法判處拘役55天。判決指出，胡姓男子與妻子去年6月結婚，今年1月離婚後，隔月又復婚。胡因曾家暴妻子，經法院核發通常保護令，今年1月29日凌晨2時許，胡男被控在友人家中，持不明物品砸向游女頭部，並徒手毆打，致游女受有頭部挫傷血腫、左上臂及左手肘挫傷等傷害；隔天下午，胡男又對游女辱罵，並拍打其臉頰。請繼續往下閱讀...檢警調查時，胡辯稱只是在跟妻子「嘻笑打鬧」、「跟老婆玩」，但檢方調閱胡男友人家中監視器畫面後，將胡依涉犯家庭暴力防治法「違反保護令罪」與傷害罪起訴。法庭審理時，胡男矢口犯行，辯稱：「我當時是跟我老婆玩，我沒有動手！」甚至向法官聲稱，妻子患有地中海貧血、有時候自己撞到瘀青會推給他，當天自己只是「拿菸盒丟」、「想問她事情，她不講話我才踹她椅子」，企圖將施暴行為營造成夫妻間的日常嬉鬧與小爭執。但法官勘驗現場監視器錄影畫面發現，影像中顯示僅有胡男單方面進行持物砸人、揮拳毆打背部等攻擊行為，游女全程毫無還手，甚至需要現場其他人安撫與保護，與胡男口中的「嘻笑打鬧」差距極大。法官認定，胡男明知有保護令存在卻仍接續施暴，所辯全屬卸責之詞。考量胡男無視法院指令、兩度對妻子施暴，但審酌胡已與妻子達成和解，胡妻亦具狀撤回傷害罪告訴，依違反家庭暴力防治法判處拘役55日，得易科5萬5000元罰金。可上訴。☆民眾如遇同居關係暴力情形，可撥打113保護專線，或向各地方政府家庭暴力防治中心求助。☆    ,https://news.ltn.com.tw/news/society/breakingnews/5556147
北投鐵皮屋餐廳疑瓦斯不慎引氣爆   起火原因待調查,社會,2026/08/29 09:49,北投鐵皮餐廳疑瓦斯外洩氣爆所幸無人傷亡。（記者劉慶侯翻攝）台北市北投中央北路三段118巷內一處以兩層式鐵皮屋搭建的餐廳，昨日晚間疑發生斯外洩引起的氣爆情事，火勢經警消全力搶救，直至今日凌晨零時完成安全工作，餐廳幾乎全毀，幸未造成人員傷亡，至於確實起火原因仍待進一步鑑識中。北市警方28日晚間10時39分接獲報案，稱北投區中央北路三段118巷發生火災氣爆，經士林分局調派轄區關渡派出所及鄰近警力到場，已無火勢，惟中央北路有玻璃碎片散落，警方立即實施交通疏導及協助消防隊管制，請繼續往下閱讀...警方調查，現場為2層鐵皮建築物，於1樓起火，餐廳用途，燒損排油煙機及爐具，燃燒面積約5平方公尺。警方經初步了解，現場疑因瓦斯使用不慎外洩引發氣爆、無人受傷。消防人員到場抽風降低瓦斯及一氧化氮濃度，周邊道路於環保局到場清理後，已於今日0時40分清除完成並恢復交通順暢，詳細起火原因將由消防局火調科釐清。警方表示，餐廳廚房是火災高風險區域，餐飲業者務必針對設備定期清潔、檢修，如發生火警，請配合警消人員管制，切勿駐足圍觀，以維護自身及公共安全。北投鐵皮餐廳疑瓦斯外洩氣爆。（記者劉慶侯翻攝）    ,https://news.ltn.com.tw/news/society/breakingnews/5556140
社區保全竟是詐欺慣犯 騙住戶130萬投資、判刑2年8月,社會,2026/08/29 09:48,社區保全竟是詐欺慣犯，誆住戶加入證券分析團隊騙130萬！（資料照）有多次詐欺前科的彭男，在新竹市某社區當保全，竟詐騙住戶謊稱自己弟弟在銀行證券分析師團隊上班，可代為投資台股與美股，獲利豐厚，還說有開飲料店可入股等騙術，騙得住戶手捧130萬元現金給他，新竹地院依詐欺罪再將彭男判刑。法官調查，彭男自112年12月間起，在新竹市某社區擔任保全人員，113年1月間向住戶佯稱：他弟弟在銀行證券分析師團隊上班，投資獲利豐厚，可將資金交由其弟弟團隊代為購買股票投資台股云云，致住戶信以為真，遂前往銀行提領現金後，在社區地下室停車場，當面交付現金40萬元。請繼續往下閱讀...113年2月彭男又佯稱：美股比台股更好賺錢，亦可將資金交由其弟弟團隊代為操作美股，致該住戶又於113年2月23日提領現金後，在社區地下室停車場，當面交付現金60萬元給彭男。113年3月間彭男佯稱，已在新竹市承接頂讓他人飲料店，邀約該住戶出資30萬元擔任股東，該住戶又交出現金30萬元。法官審酌彭男不思以正途賺取財物，竟利用住戶對其之信任，以代操股票交易及投資飲料店為由，受騙陸續交付共計130萬元，且犯後猶未能體悟其所為與法有違，未與被害人和解，加上其前有多次詐欺犯罪前科紀錄，最後依詐欺取財罪判刑2年8月，犯罪所得130萬元沒收。☆自由時報電子報提醒您，防詐騙專線︰165，報案專線︰110☆    ,https://news.ltn.com.tw/news/society/breakingnews/5556127
國小班導師接送女童趁機猥褻 20萬和解判緩刑,社會,2026/08/29 09:39,嘉義地方法院。（資料照）嘉義某國小呂姓班導師遭指控，趁開車接送學生參加校外園遊會活動機會，在車上猥褻未滿12歲女學生，事發隔年女童向國中老師告知，全案才曝光。嘉義地方法院日前審結，認為呂男坦承犯行、案發後已遭解聘，並以願給付20萬元賠償損失與女童家屬和解，判刑8月，緩刑3年，緩刑期間付保護管束，向公庫支付5萬元，全案可上訴。判決書指出，呂男2023年9月擔任女童班導師，2024年11月間，利用開車接送女童參加校外園遊會活動機會，在車子後座，未違反女童意願，親吻女童還撫胸、摸下體，讓女童摸其生殖器等猥褻得逞，女童2025年9月向國中老師告知發生此事，老師依規定通報，國小啟動性別平等教育委員會調查，女童並由母親陪同報警。請繼續往下閱讀...判決書指出，女童案發時未滿12歲，呂男擔任班導師是監督、扶助、照護學生的人，竟利用開車接送參加活動機會，對所監督、照護學生猥褻，違反兒童及少年福利與權益保障法、犯對未滿14歲女子猥褻行為罪。嘉院法官審酌，呂男2022年2月從事教職，明知女童未滿12歲，心智發育、性自主決定意思未成熟，與女童密切往來互動中，竟未能把持分際、克制衝動，顯已違反教師倫理，造成女童身心與人格發展負面影響，然而考量法院審理過程，呂男與女童家屬以2026年10月16日前給付20萬元和解，犯後坦承犯行，2025年5月間已遭國小解聘、未來無法再任教職，判刑8月，緩刑3年，緩刑期間付保護管束，向公庫支付5萬元，並應依調解方式如數賠償女童與家屬，禁止緩刑期間與女童騷擾、接觸、通話、通信或非必要之聯絡。    ,https://news.ltn.com.tw/news/society/breakingnews/5556132
街頭暴打擄走前女友  高雄男押摩鐵綑綁凌虐遭重判,社會,2026/08/29 09:27,徐姓男子不甘前女友分手後斷聯，竟將她強擄到摩鐵凌虐打分手砲。示意圖（資料照）徐姓男子因不滿越南籍前女友提分手，竟在街頭將女方暴打後強行拉上車，載往汽車旅館拘禁，徐男不僅用束帶綑綁女方手腳，還拿出剪刀威脅「要剪光妳頭髮」，並擺放摺疊刀強制性交得逞；儘管女方事後因逾期居留遭遣返回國，法官仍憑藉完整的筆錄與求救紀錄，依加重強制性交罪重判徐男徒刑9年。判決指出，徐男與越南籍女子曾同居，2025年底分手後，前女友便斷絕聯繫。今年2月9日下午，徐男駕車至前女友住處附近埋伏，見前女友出現即徒手毆打，並硬生生將人拉上車載往摩鐵。請繼續往下閱讀...在房間內，徐男持續施暴，並以塑膠束帶捆綁前女友手腳，期間前女友喊頭痛，徐男竟一度外出購買藥膏返回幫忙擦拭，但隨後即持摺疊刀割斷束帶後，又亮出剪刀恫稱「要剪光妳頭髮」，再將摺疊刀擺在床邊，逼迫害怕受害的前女友打分手砲，前女友失去自由2小時後才被徐男釋放，事後遍體鱗傷，連忙就醫並傳訊向朋友求救報案。高雄地方法院審理時，徐男辯稱雙方是合意性交，自己身上也沒有攜帶刀械。但法官調查發現，前女友警訊時有通譯在場並全程錄音錄影，且案發時曾傳訊向同鄉求救，加上驗傷證明與徐男先前偵訊時的自白，足證其犯行，因此認定徐男攜帶兇器剝奪自由並強制性交，且犯後數次翻異前詞、毫無悔意，依法重判徒刑9年，可上訴。    ,https://news.ltn.com.tw/news/society/breakingnews/5556129
扯！治痠痛給安眠藥迷暈少女 65歲採辣椒惡狼：摸一下給2千,社會,2026/08/29 09:18,65歲的王男邀少女採辣椒，誆治痠痛餵安眠藥趁機猥褻。少女驚醒反抗，王竟掏2000元求「摸一下」。因雙方和解，獲判緩刑。（記者王捷攝）65歲的王姓男子約未成年少女摘辣椒打工，用安眠藥誆痠痛藥，等少女睡著趁機猥褻，等少女清醒還稱，摸一下給2000元利誘。台南地方法院依以藥劑強制猥褻等罪，判處有期徒刑2年，宣告緩刑4年。今年1月底，王男以打工為由，騎機車載著朋友認識的未成年少女，前往台南一處農地採收辣椒。中午時分，王男見少女工作勞累，拿出含有鎮靜成分的安眠藥丸，謊稱是緩解身體痠痛的藥物讓其服用。隨後將少女帶到房間休息，趁對方藥效發作陷入昏睡、無法抗拒時，動手撫摸胸部得逞。請繼續往下閱讀...少女隨後逐漸恢復意識，王男卻未停手，反而變本加厲，改口稱幫忙按摩。他不顧少女將衣服往下拉的拒絕動作，強行解開內衣，脫下外褲觸碰隱私部位。少女奮力推開，王男竟開口表示只要讓他碰一下，就給付2000元報酬。因少女堅決反抗，王男才罷手未進一步得逞。案發後少女在家長陪同下向警方報案。全案進入院檢程序後，王男對犯行全數承認。法院安排調解時，王男當庭致歉並全額支付和解金。少女與母親均表示願意原諒，主動向法官請求給予從輕量刑的機會，雙方順利達成和解。法官審酌王男雖為滿足私慾犯案，但過程未使用肢體暴力，且積極彌補過錯並取得原諒，若判處法定最低刑度3年仍顯過重，故依法減刑。最終判處有期徒刑2年，宣告緩刑4年，緩刑期間付保護管束，並須參加三場法治教育課程，扣案藥丸沒收。    ,https://news.ltn.com.tw/news/society/breakingnews/5556109
前年開車衝撞警員 新竹通緝犯再拒盤查逃逸遭警開槍射胎,社會,2026/08/29 09:17,前年開車衝撞警員，新竹通緝犯再衝撞被警開槍射胎制伏。（資料照）113年間曾駕車衝撞警員而被判刑6月的男子劉瑋承，因案遭通緝卻又駕車昏睡在車道中央，見警方前往盤查竟衝撞三角錐加速逃逸，警方找到他的車持警棍破窗，他還是要開車跑掉，直到警方開槍射破輪胎，他才束手就擒，新竹地院依妨害公務罪再將他判刑。法官調查，劉瑋承去年10月19日上午7點多，被新竹市警察局第二分局文華派出所警員發現開車停在經國路一段及民主路口車道中央，昏睡於駕駛座上，警方遂以手敲擊車窗，欲喚醒劉瑋承，令其下車接受警方盤查，並將公務安全三角錐放置於車輛前方。請繼續往下閱讀...劉瑋承因自身為通緝犯，突然駕車加速前行，撞倒前方三角錐後駛入人行道加速逃逸，並以此強暴方式妨害警察盤查公務。當天上午7時56分，警方發現該車停於東大路二段，乃持警棍破窗並勒令其開門，劉瑋承竟趁警方持槍對峙時駕車逃逸，經警射擊輪胎成功後，始因無法駕駛車輛而停止妨害公務行為。法官審酌劉男因通緝身分，為規避警員盤查，即駕車以強暴方式妨害警員執行職務，此舉已然侵害警察機關執行職務之嚴正性，所為應予譴責，且劉男前於113年間即曾駕車衝撞警員而妨害警員執行職務，經判處有期徒刑6月確定，可見其並未因前案而產生警惕作用，最後依犯駕駛動力交通工具妨害公務執行罪，判刑7月。    ,https://news.ltn.com.tw/news/society/breakingnews/5556104
醉友倒臥後座引疑慮  高雄警查獲槍枝與毒品,社會,2026/08/29 09:14,高雄男違停遭警盤查，車內驚見毒品與手槍。（民眾提供）高雄許姓男子駕駛轎車載喝醉酒的陳姓友人，行經鼓山區明華路與女友人爭吵，車違停路邊，巡邏員警上前盤查，赫然發現車內有包毒品，警方又查到車內藏有1把手槍、子彈，當場將相關人員逮捕送辦。警方今（29）日表示，許男（27歲）前日開車載陳姓男子（26歲）返家途中，途中因與郝姓女子（27歲）發生爭執而違規停放，員警見狀上前了解，發現陳男倒臥車輛後座，員警於車外多次呼喊，甚至拍打車窗均未獲回應，相當可疑。請繼續往下閱讀...為避免發生危害，要求許男開啟車門確認其安全，過程中赫然發現車內地面掉有一包毒品，車門旁置物箱更放有手槍及子彈，全案警詢後依違反槍砲彈藥刀械管制條例及毒品危害防制條例等罪嫌，移送高雄地檢署偵辦，並溯源槍彈和毒品。警方查獲手槍、子彈。（警方提供）    ,https://news.ltn.com.tw/news/society/breakingnews/5556081
清潔公司掛羊頭賣狗肉2-2》假洗冷氣真推銷 律師：恐涉加重詐欺未遂,社會,2026/08/29 09:08,律師指出，「訪問交易」民眾可以在接受服務後7天內主張解除契約；若業者從頭到尾就根本沒有履約打算，單純把廣告當成進門誘餌，甚至可能涉及刑法加重詐欺未遂罪嫌。（民眾提供）針對「寶傑科技」清潔公司主打超低價洗冷氣吸引民眾預約、到府後卻隻字不提洗冷氣，反而強行推銷高價除塵蟎產品引發爭議，律師余韋德指出，這類消費模式相當類似消費者保護法規定的「訪問交易」，民眾可以在接受服務後七天內主張解除契約；若業者從頭到尾就根本沒有履約打算，單純把廣告當成進門誘餌，甚至可能涉及刑法加重詐欺未遂罪嫌。余韋德表示，業者透過網路廣告主動到府服務，消費者通常是在毫無預期且未經深思的情況下，貿然與業者簽訂買賣契約。為了保障消費者權益，消保法第十九條特別賦予民眾後悔的權利，只要在接受服務後的七天內，都可以向業者主張解除契約並要求退款，業者不可以拒絕。請繼續往下閱讀...在刑事責任方面，余韋德分析，業者利用廣泛播送的網路廣告把顧客引進門，如果檢警調查發現業者從頭到尾都沒有打算提供洗冷氣服務，就可能涉嫌詐欺。不過，因為顧客最終並沒有支付999元的洗冷氣費用，而是被引導購買別的除塵服務產品，在詐騙既遂的認定上存有法律疑義，因此較可能構成加重詐欺未遂罪。余韋德建議，遇到這類情況的民眾，一定要完整的保留當初的網路廣告截圖、與業者的對話紀錄以及付款收據。除了可以向地方政府消保官提出申訴以外，也能透過民事與刑事訴訟途徑捍衛權益，避免讓不肖業者繼續利用廣告話術招搖撞騙。    ,https://news.ltn.com.tw/news/society/breakingnews/5556070
清潔公司掛羊頭賣狗肉2-1》999洗冷氣進門不洗強推銷  民眾怒批受騙,社會,2026/08/29 09:08,「寶傑科技」清潔公司，主打「到府洗冷氣只要999元」且「不滿意包退」。（民眾提供）夏天到了，不少民眾會安排清潔家中冷氣，但有民眾向本報投訴指出，社群平台網站上近來出現一家「寶傑科技」清潔公司，主打「到府洗冷氣只要999元」且「不滿意包退」，吸引許多民眾預約。沒想到業者派員到府後，根本沒有洗冷氣，反而把冷氣放置不管，拿出一堆高價儀器對房間進行「場勘」，強行推銷動輒數千元至數萬元的除塵蟎套裝服務。民眾事後想約原本預約的洗冷氣服務，業者卻拖延推託甚至已讀不回，讓民眾直呼根本是「掛羊頭賣狗肉」，被假廣告騙來強迫推銷。投訴民眾表示，今年3月中旬在社群平台上看到該公司的冷氣清潔廣告，廣告聲稱到府服務只要999元，而且打著「不滿意包退」的口號。民眾填單預約後，業者派了兩名工作人員到場，沒想到兩人只看了一眼冷氣，就聲稱這次到場只是「場勘」，洗冷氣必須等場勘結束後再由客服重新預約時間。請繼續往下閱讀...隨後兩名工作人員便開始審視房間環境，不斷強調房間清除塵蟎的重要性，並拿出高價儀器現場示範，死纏爛打推銷床墊與枕頭的清潔產品。該民眾最後勉強購買了2300元的單次除塵方案，但業者仍不知足，繼續推銷高價的多次服務套裝，遭民眾拒絕。除塵服務結束後至今，民眾多次私訊當天到場的清潔人員詢問冷氣清潔進度，對方卻一直拖延推託，最後甚至直接消失，官方粉絲專頁同樣已讀不回。民眾表示自己起初是希望得到清洗冷氣服務，才會接受業者推銷，如今有被詐騙的感覺。對此記者致電「寶傑科技」，對方卻表示對此事不清楚，負責幹部也不在，就未再做其它回應。據了解，這起消費爭議並非單一事件，該公司早就引發不少爭議。有公司員工自行成立自救會，指控遭到公司以兩面手法詐騙，與民代舉行記者會，指出該公司不僅以低價洗冷氣為噱頭，強行推銷數萬元的除塵蟎套組或機器。先前還在網路上以「月入8到10萬」的高薪為誘餌，招募應徵者，隨後強迫新進業務員透過第三方分期貸款購買1台宣稱要價14萬元，加計利息達16萬多元的除塵蟎機。新北市勞工局去年底曾因廣告不實開罰該公司15萬元並在官網公告警示，目前新北市勞工局持續查處。    ,https://news.ltn.com.tw/news/society/breakingnews/5556069
翁曉玲被爆開會不質詢忙買股 張育萌：照藍白標準薪水要不要全砍？,社會,2026/08/29 08:57,國民黨立委翁曉玲。（資料照）國民黨立委翁曉玲日前評論前總統陳水扁女兒陳幸妤與夫婿趙建銘婚變一事，並痛批：「陳水扁他們家就是愛錢」，引發外界議論。不過有網路媒體比對翁的持股紀錄及立法院質詢紀錄後質疑，翁曉玲在部分立法院會議期間未登台質詢，卻有多筆股票買賣紀錄。台灣青年民主協會理事張育萌對此諷刺，「照藍白的標準，翁曉玲薪水要不要全砍？立法委員的工作不好好做，在那邊當股神，要不要捐九牛一毛來買弱勢團體的月餅？」張育萌在臉書發文指出，「翁曉玲再被踢爆，明明上班時間神隱不質詢，竟然在忙著買股票！」請繼續往下閱讀...張育萌表示，「2024年7月1日，翁曉玲已經上任快半年。那天，司法法制委員會要審查《刑法》部分條文修正，翁曉玲人出現在委員會，卻不上台質詢，改用書面質詢。」張育萌質疑，「那天翁曉玲在忙什麼呢？她買了南亞的股票，市值4萬8000元。不只如此，過了4天，她又加碼買南亞股票，當時市值來到4萬9700元。再過兩天，她買中租-KY，市值超過16萬。」張育萌提到，「其實那個月初，她才剛賣掉大立光零股，市值約17萬。翁曉玲那個月一直在股票市場進進出出，但她的工作在立法院，整個月只發言兩次，其中一次是審NCC組織法，另一次是在教育文化委員會。」張育萌質疑，「兩次發言加起來總共6分10秒。但就算翁曉玲沒在認真上班，她那個月還是可以照領19萬多的薪水哦！」張育萌指出，「根據財產申報，翁曉玲跟她先生持有的29檔股票和4檔基金，包括台積電和鴻海等等，總市值將近6000萬。」張育萌批評，「翁曉玲上班不認真，照藍白的標準，翁曉玲薪水要不要全砍？立法委員的工作不好好做，在那邊當股神，要不要捐九牛一毛來買弱勢團體的月餅？」    ,https://news.ltn.com.tw/news/society/breakingnews/5556064
故宮《龍藏經》走進嘉義監獄 收容人手作藝術卡向家人傳遞思念,社會,2026/08/29 07:26,嘉義監獄與故宮南院合作，開設龍藏經藝術課程，引導收容人親手製作藝術卡。（嘉義監獄提供）近期故宮國寶《龍藏經》掀起參觀熱潮，嘉義監獄以不同方式讓收容人與《龍藏經》相遇，6月至8月之間攜手國立故宮博物院南部院區辦理「收容人藝術手作課程」，針對身心障礙、高齡及長刑期收容人規劃藝術創作，將《龍藏經》的文化與藝術元素轉化為容易親近的創作體驗，讓原本只能在博物館展櫃中觀看的國寶，走進矯正教育現場，成為收容人可以理解、創作並傳遞情感的媒介。課程由故宮南院專業人員帶領收容人認識《龍藏經》的歷史、藝術與裝幀特色，將圖像與色彩元素轉化為創作素材，以藏文「嗡」（ༀ）的吉祥意涵為創作發想，引導收容人模擬沙壇城的創作概念，運用彩沙與白膠，鋪陳色彩，在反覆嘗試與修正中，練習放慢速度、專注當下，完成具有《龍藏經》藝術元素的吉祥藝術卡。請繼續往下閱讀...嘉義監獄表示，《龍藏經》的修造源自孝莊太皇太后發願以及康熙皇帝推動修造的歷史背景，有對家人祝禱與祈願的情感意涵。課程將藝術創作與嘉義監獄推動的家庭支持工作結合，完成藝術卡後，鼓勵收容人將作品寄送給家人，讓親手完成的作品，成為「我想念你」、「謝謝你一直陪著我」以及「我正在努力改變」的具體表達。嘉義監獄說，對長期服刑收容人而言，家庭關係需要長時間經營與修復，親手完成的卡片可能成為重新開啟對話的起點，讓藝術創作從課堂延伸到家庭，也讓收容人有機會透過具體行動表達情感、建立正向互動。嘉義監獄表示，文化藝術具有跨越身分與場域的力量，未來將持續結合外部專業資源，發展更多元的藝術教育與處遇課程，讓收容人在學習一項技能的同時，也有機會重新認識自己、重新連結家人，累積回歸社會需要的能力。故宮南院帶領嘉義監獄收容人認識龍藏經。（嘉義監獄提供）    ,https://news.ltn.com.tw/news/society/breakingnews/5556053
歷經4年偵辦！新竹棒球場統包案  林智堅獲不起訴處分,社會,2026/08/29 05:41,新竹市立棒球場新建統包工程案，新竹地檢署偵結，林智堅等公務員獲不起訴處分。（資料照，記者洪美秀攝）首次上稿 8-28 23:07更新時間 8-29 05:41新竹市立棒球場新建統包工程案，歷經4年偵辦新竹地檢署近日偵結，包括前新竹市長林智堅在內的公務員及巨佳營造統包商等人，遭指控涉貪污治罪條例及政府採購法等，但檢方認定相關人員均無收賄或圖利事證，依刑事訴訟法予以不起訴處分。請繼續往下閱讀...檢方不起訴書中提到，棒球場工程雖有諸多瑕疵，市政府若認巨佳營造公司變更施作，造成超重而有公共安全風險、土壤雜物是否合於容許規範、現場排水及施工品質是否符合標準、事後是否得變更設計等，應依相關法令及契約規範，或循民事途徑解決。檢方不起訴書指，包括蕭、朱、李、帥姓等4人，涉犯刑法第216條、第215條行使業務上登載不實文書罪，經檢察官為緩起訴處分，應在2個月內，各向公庫支付新臺幣4萬元之緩起訴處分金。新竹棒球場的不起訴書內容長達4000多字，其中前市長林智堅及巨佳營造統包商，和多名市府公務員，遭現任高虹安市府指控涉貪污治罪條例、政府採購法、廢棄物清理法、竊盜、詐欺及文書等罪嫌，經調查結果，認犯罪嫌疑不足，依刑事訴訟法第252條第10款為不起訴處分。其中檢方經通訊監察、金流比對、搜索及帳務分析，均未發現林智堅或其他市府人員，與巨佳、艾奕康公司間有不法金流、收賄或圖利事證。審計及市府調查雖認有專案管理與監造角色混淆、採購程序及督導不周、未妥適驗收即開放使用等行政疏失，並已進行行政究責及移送監察院審查，但無積極證據證明，林智堅或其他公務員涉犯圖利或違反政府採購法罪責。有關高虹安市府開挖的廢棄物等內容，檢方的不起訴書中也提到，工程契約及監拆計畫已核准拆除產生之磚瓦、石塊等B5類剩餘土石方，經破碎後得於現地回填；且縮時影像及證人證述，均未發現巨佳等公司自外運入廢棄物掩埋。市政府兩次開挖雖發現部分未破碎石塊、木材、太空包及其他異物，但數量有限且散落於外野，部分屬設計埋設之PE網、噴灌管線及電線；未符規範石塊約36.245立方公尺，僅占拆除工程產出B5類土石方約0.75%，其餘不合格掩埋物約9.006至10.446立方公尺。另針對外界質疑棒球場工程預算，由3.5億元一路追加至11.5億元，涉嫌圖利廠商，檢方調查指出，預算增加主因係增列地下停車場、民富立體停車場整修、外野結構補強等11項工項，契約變更金額均未逾原金額50%，程序符合《政府採購法》。此外，經調閱金流、監聽及搜索，均未發現林智堅或市府官員與廠商有不法金流。至於行政疏失部分，已由監察院進行審查。    ,https://news.ltn.com.tw/news/society/breakingnews/5555993
獨家》細思極恐！丟1000元就能指定目標男「男版創意私房」設局取性影像再收3萬,社會,2026/08/29 05:40,李男建立「直調」（即直男調教）群組公告販售影片、影像價格。（民眾提供）首次上稿 8-28 23:58更新時間 8-29 05:40「指定這個男的，我幫你弄到！」37歲李姓男子竟把男性私密影像做成「客製化服務」，會員只要先付1000元訂金、提供目標男子資料，他便設法接近、誘騙裸聊並暗中側錄，成功取得影像後再收3萬元尾款，甚至還會暗槓私藏轉賣牟利，檢警追查發現受害者逾千人，台中地檢署也在近日偵結起訴李男等人。請繼續往下閱讀...李男從去年開始混跡各大社群及交友平台，搖身一變成為「網路辣妹」，使用虛擬女性姓名、照片，透過變聲及預錄影片，營造真人美女假象，主動與男性聊天分享裸照，等獵物放下戒心後再引誘對方脫衣、裸聊，趁機側錄取得性影像牟利。但讓人細思極恐的，是他竟進一步推出「客製化」服務，會員看中某名男子，只要支付1000元訂金，李男就會想方設法接近，從交友聊天一路布局到裸聊，成功取得私密影像再向會員收取3萬元尾款，若取得影像被李男認為「有價值」，還可能暗槓轉放到其他高價群組販售。檢警去年5月鎖定這個「男版創意私房」，偵辦洪姓大學生涉嫌兒少性剝削案件時，進一步追查鎖定片源李男等人拘提到案，查扣性影像檔案逾20萬個、上萬部影片，其中更有超過170名未成年被害人。經查，李男還在Telegram以「直調」（即直男調教）為系列名稱設立「目錄」、「初階」、「中階」、「高階」、「長片」、「軍警」、「健兒」、「幼齒」及「萌健」等9個系列，依會員消費金額分級，從3000元至10萬元不等，不法所得超過560萬元，會員人數約500人，此外，李男也涉嫌從暗網蒐集中國及日韓等地性影像，整起案件規模驚人。李男播放女性清涼或自慰短片取信被害人，再搭配變聲器用側錄軟體取得性影像。（民眾提供）    ,https://news.ltn.com.tw/news/society/breakingnews/5556017
偷拍逾300人 9人起訴 光澤醫美2主管求重刑 創辦人通緝,社會,2026/08/29 05:30,「光澤」醫美集團涉監視器偷拍逾300人，新北地檢署昨起訴9人，營運協理陳志敏求刑16年、資訊部主管唐詠傑14年。（資料照）知名「光澤」醫美集團涉在雙北八家分店裝設偽裝型監視器，竊錄客戶臉部、更衣、甚至裸胸和下半身的影像，被害人逾三百人，包含四名未成年者。新北地檢署昨依違反兒童及少年性剝削防制條例、個人資料保護法共六百多罪，起訴集團營運協理陳志敏、資訊部主管唐詠傑、員工等九人，對陳求刑十六年、唐十四年，監視器業者張朝銘七年。至少裝78支監視器 偷拍消費者由於光澤醫美集團旗下中、西醫、岩盤浴等事業體，橫跨全國各縣市共四十八家分店，其他分店涉案及被害者人數仍在清查偵辦中。集團創辦人王朝輝搜索前緊急出境滯留中國，並對檢方發布的通緝置之不理，檢方昨呼籲王男儘速返台接受調查、釐清責任。請繼續往下閱讀...檢警追查，陳、唐等人自二〇二〇年至今年三月間，分別在板橋中山店、板橋館前店、三重正義店、三峽北大店、新莊幸福店、台北忠孝店、台北三民店、台北古亭店的診間、諮詢室、敷麻室、雷射室、恢復室，裝設至少七十八支偽裝成偵煙器、紅外線感應照明燈型監視器，偷拍前往接受私密處除毛雷射等療程的消費者，王朝輝、陳、唐等人均可透過手機APP遠端觀看。全台大滅證 創辦人王朝輝滯中愛爾麗醫美集團偷拍案曝光後，民眾發現光澤板橋中山店也有偽裝監視器報案；王、陳、唐等人擔心遭調查，由唐男成立LINE群組「拆機大隊報」展開全台大滅證，指示員工從五月五日至八日拆除監視器。    ,https://news.ltn.com.tw/news/society/paper/1768471
光澤資訊主管諷警：不會用雲端調查／醫美偷拍案還有數十間診所偵辦中,社會,2026/08/29 05:30,光澤診所資訊部主管唐詠傑在警方偵查中竟說：「好期待收押禁見就可以輕鬆幾天了（笑臉圖示）」，顯見毫無悔意，唐男後來被押，並遭從重求刑。（資料照）稱好期待收押就可以輕鬆了光澤偷拍案昨偵結起訴九名被告，經查有八家分店裝設針孔偷拍消費者，被害者高達三百多人。新北檢方調查認定，營運協理陳志敏、資訊部主管唐詠傑等人所為是系統性、無差別地窺視、偷拍，致被害人處於惶恐、深怕影像外流的焦慮之中，還指示員工進行全台大滅證，欺瞞警方監視器早已於數年前卸除，欲藉此誤導偵查；唐男更於稽查過程中傳訊同事嘲諷警方不會使用雲端進行調查，還說：「好期待收押禁見就可以輕鬆幾天了（笑臉圖示）」，顯見毫無悔意，唐男後來被押，並遭從重求刑。唐詠傑如願被押 起訴求重刑檢方斥責，陳、唐兩人利用消費者信任犯案，更湮滅證據、否認犯行，推諉卸責，須嚴懲此等罔顧醫德及隱私的無良企業主，因此對兩人求處重刑。請繼續往下閱讀...另據悉，有一名美女記者亦曾於檢方起訴所認定的犯案期間內，前往光澤診所接受醫美療程。她昨天受訪時表示，事件爆發後曾私訊當時接洽的美容師，美容師卻稱只設有公開攝影設備，沒有刻意偷拍，痛斥滿口謊言，光澤「惡劣至極」，負責人還神隱消失，希望法院從重量刑。據了解，目前全台尚有數十件診所偷拍案偵辦中，大多由新北地檢署統一偵辦，其中，愛爾麗已偵結起訴集團總裁常如山等七人，後續仍有多家分店在偵辦中；光澤全國有四十八家分店，這次起訴案件涉及雙北八家分店，其他分店也持續偵辦中。針對愛爾麗案，檢方查出，常如山在台北松江店、忠孝店，新北永和店、新莊店、板橋店、林口店及台中崇德店等七家分店裝針孔偷拍，被害者高達九十九人，含四名未成年者，今年六月間已起訴常男等人，並對常男求刑十四年，全案正審理中；其他分店部分還在偵查。除上述兩案，包含知名「聖宜診所」、知名不孕症醫療機構「送子鳥生殖中心」台北院區，也疑有類似情形，分由台北及新竹等地檢署偵辦中。    ,https://news.ltn.com.tw/news/society/paper/1768560
金虎爺會炸彈犯傷29人 判28年確定,社會,2026/08/29 05:30,炸彈犯趙偉志。（資料照，讀者提供）三年前嘉義市「金虎爺會」繞境晚會發生爆炸案，包括兒童在內共造成二十九位民眾受傷，警方循線逮捕在垃圾桶放置自製炸彈的男子趙偉志。一審將他判處無期徒刑，二審高等法院台南分院改依製造爆裂物罪判刑十四年、成年人故意對兒童犯殺人未遂罪判刑十八年，合併執行有期徒刑二十八年，併科罰金三十萬元；最高法院昨駁回趙男及檢方上訴，全案定讞。趙偉志 三十公尺外遙控引爆該繞境晚會於二〇二三年七月十五日晚間舉行，「爐主行臺」舞台前突然發生爆炸。消防單位一度懷疑是垃圾袋引發氣爆，但檢警專案小組追查後，發現是人為製造的爆裂物引爆，同年十月六日逮捕製造爆裂物的趙偉志，還搜出九把改造長槍，以及可製造十顆手榴彈的黑色火藥成品，以及硝化甘油等原料。請繼續往下閱讀...檢警追查，趙男於當晚九時五十一分，將爆裂物帶到人潮眾多的會場徘徊，最終選定放置在距離表演舞台僅二、三公尺的臨時垃圾桶旁，自己再退至三十公尺外的巷內，按下遙控器引爆炸彈，強大威力導致百餘片鐵片四射，造成二十九名無辜民眾燒燙傷或被鐵碎片割傷，年紀最小僅二歲。一審嘉義地院認定，趙男為了報復社會而策畫炸彈案，刻意選擇人潮聚集處放置引爆，引起社會大眾高度恐懼不安，屬預謀無差別隨機攻擊的犯罪行為，犯案手段冷酷凶殘、心態狠毒，落網後還誣指員警栽贓嫁禍，飾詞狡辯、態度不佳，依槍砲彈藥刀械管制條例判處無期徒刑。二審台南高分院認為，趙男自學生時代就對製造炸彈有興趣，無法證明趙男在製造本案炸彈當下，即起意引爆傷人，但他犯罪情節嚴重，造成大量民眾受傷，嚴重危害治安及公共安全，依未經許可製造爆裂物罪判十四年、成年人故意對兒童犯殺人未遂罪判十八年，合併執行二十八年有期徒刑。最高法院認為二審判決無違誤，駁回上訴定讞。    ,https://news.ltn.com.tw/news/society/paper/1768561
假冒銀行債務整合騙信用卡 黑心夫妻盜刷Ａ走2.8億,社會,2026/08/29 05:30,苗栗地檢署偵結，認2家公司涉犯組織犯罪防制條例、洗錢防制法、詐欺等罪，將2家公司的負責人侯男、曾女夫妻檔提起公訴，皆求處10年以上有期徒刑。（資料照）侯姓男子、曾姓女子為夫妻，兩人在高雄市各成立一家國際行銷公司，涉嫌假借債務整合名義，詐騙民眾交付信用卡，再以網路刷卡方式取得財物，作為債務整合手續費。檢方認定兩家公司涉犯組織犯罪防制條例、洗錢防制法、詐欺等罪，將侯男、曾女起訴，皆求處十年以上有期徒刑，並向法院聲請宣告擴大沒收高達二億八千餘萬元的犯罪所得。夫妻均被求刑十年以上檢方調查，侯男曾經在其他家辦理債務整合的公司任職，後自立門戶，先後在二〇一三年、二〇一六年於高雄市成立群榮國際行銷公司、達裕國際行銷有限公司，並與妻子曾女各擔任一家公司的負責人。兩家公司以隨機自動撥號方式聯繫不特定之民眾，向民眾佯稱為富邦銀行或與其有特約關係，推出整合降息方案等，然實際上該兩家公司代辦之業務，為消費者債務清理條例第一五一條前置協商相關文件，依規定金融機構均不接受由代辦公司代辦。請繼續往下閱讀...刷民眾的卡 騙稱手續費兩家公司透過話術，使民眾誤信進而接洽後，要求交出信用卡，再由公司人員持民眾之信用卡於網路進行購物，使民眾再負擔信用卡債務；而且該兩家公司人員取得網路購物所得商品後，即轉賣獲取不法所得，並稱這筆款項是債務整合手續費。案經檢察官指揮刑事警察局及苗栗、台中、高雄等地警方偵辦，清查後至少十九人受害，扣得兩家公司內部業績資料，顯示多達二億八千多萬元的違法所得。受害人的信用更加惡化檢方近日偵結認定，兩家公司假冒銀行，宣稱可整合債務，詐騙原已有多筆負債之被害人，向原已陷入困境之被害人收取高額詐騙所得，使被害人經濟、信用狀況更加惡化，犯罪之動機、目的、手段都十分惡劣。其中，侯男、曾女為此案犯罪組織之核心成員，也分別為該兩家公司實際負責人，最終為實際取得犯罪所得之人，因此提起公訴，並具體求刑十年以上，而兩家公司長年以此為業，依詐欺犯罪危害防制條例第四十八條第二項，向法院聲請宣告擴大沒收二億八千餘萬元犯罪所得。    ,https://news.ltn.com.tw/news/society/paper/1768557
調查局破跨境走私71案／扣千支肉毒桿菌毒素、4噸動植物,社會,2026/08/29 05:30,"調查局查獲印度星龜及海島竹葉青等保育類動物。（記者劉詠韻翻攝）調查局航業調查處會同財政部關務署、農業部動植物防疫檢疫署打擊跨境走私，共偵辦七一案，查扣肉毒桿菌毒素一千支、麻醉膏八三二條及鎮痛貼布一萬四千枚，另攔截逾四噸肉類、水果，以及大批仿冒名牌商品、私菸私酒，防堵未經核准藥品流入地下醫美市場，並防範境外病蟲害入侵。調查局由經濟犯罪防制處規劃「打擊跨境走私經濟犯罪專案」，交由航業調查處執行，並與關務署、防檢署共同查緝，偵辦結果以違反商標法廿二案最多，其次為藥事法十七案、菸酒管理法十三案及植物防疫檢疫法六案、偽造文書四案、動物用藥品管理法四案、野生動物保育法三案、動物傳染病防治條例二案。請繼續往下閱讀...藥品走私部分，調查局查出，部分業者涉嫌未經申報及核准，自國外輸入肉毒桿菌毒素、麻醉膏及鎮痛貼布等藥品，共查扣肉毒桿菌毒素一千支、麻醉膏八三二條及鎮痛貼布一萬四千枚，防止相關藥品流入地下醫美等非法通路。仿冒品部分，查獲香奈兒、博柏利及路易威登等仿冒名牌包，另有仿冒蘋果磁吸行動電源、藍牙耳機，以及愛迪達等運動品牌商品。檢疫案件則查扣肉類食品、新鮮水果共四二二一公斤，以及上百件植物活株、土壤、動物用藥品等物品，並查獲印度星龜、海島竹葉青（俗稱印尼蝮蛇）等保育類動物，避免境外動植物疫情及病蟲害傳入國內。此外，專案另查扣私酒三九六公升、加熱式私菸一萬零六百支。調查局查扣一千支走私的肉毒桿菌毒素，斬斷地下醫美供應鏈。（記者劉詠韻翻攝）    ",https://news.ltn.com.tw/news/society/paper/1768562
歇業送書包 開學前狂詐騙匯數十萬,社會,2026/08/29 05:30,網路社交平台近期出現「免費贈送Tiger Family書包」主題貼文。行政院打擊詐欺指揮中心研判，特定詐騙集團利用下週國小開學之際，進行大規模網路詐騙活動。（取自臉書）開學前夕，出現「送書包」詐騙案！近期詐騙集團利用各級學校即將開學之際，透過網路社交平台偽稱以「免費贈送Tiger Family書包」為題，貼文設局詐騙；刑事警察局表示，已有多人受騙，受騙金額約數百萬元，提醒民眾小心上當。要民眾加入Line群組刑事局表示，詐騙集團是在Threads社群網站上，冒用知名廠商名義，以歇業、倒閉等為由，宣稱要免費贈送書包，引誘有書包需求的民眾中計，加入Line群組。請繼續往下閱讀...多人上當 財損數百萬隨後，詐團會給予一個網路連結下單，填寫個人資料，並以運費為由，要求民眾透過網路轉帳匯款；民眾匯款後，對方再以匯款出現問題，或操作錯誤等為由，要求持續匯款，有民眾匯款數十萬元驚覺有異，進一步詢問時竟遭封鎖，失去聯繫。民眾發覺可能受騙後向警方報案，也有被害人打「一六五」反詐專線詢問，確認遇上詐騙集團。目前刑事警察局、行政院打擊詐欺指揮中心綜合研判，認為特定詐騙集團刻意選在下週國小開學前，不少家長正在為孩子準備上學用品之際，透過網路社交平台進行大規模的詐騙行動。警方呼籲民眾留意此一詐騙手法，特別是要求加入Line群組、要求使用網路連結下單以及出現「匯款有問題」、「操作錯誤」等情形，都極可能是詐團的話術和誘騙手法，民眾一定要小心分辨，避免成為受害者。    ,https://news.ltn.com.tw/news/society/paper/1768559
當心債愈整愈多 銀行協商才是正途,社會,2026/08/29 05:30,金管會指出，代辦業者聲稱可協助進行負債整合，規劃償債計畫，說穿了只不過是讓民眾「以卡養卡」、「以債養債」。（資料照）坊間常見有公司宣稱能協助民眾「債務整合、減輕壓力」，然金管會提醒民眾，有債務問題，應及早主動與債權銀行協商可行的還款方式，或洽銀行公會「消費金融無擔保債務協商委員會」諮詢；千萬不要相信代辦公司所謂的「專業」以及誇大的廣告，否則只會讓民眾多花冤枉錢。假債務整合實為以債養債金管會指出，代辦業者聲稱可協助進行負債整合，規劃償債計畫，說穿了只不過是讓民眾「以卡養卡」、「以債養債」，整合下來，可能表面上每月應付本息稍有降低，但實際上只是延長期數，甚至利息優惠也僅限於前幾個月而已，總計下來債務和利息根本沒比原來少，再加上可觀的代辦服務費，還款壓力一點也沒減輕。請繼續往下閱讀...金管會也說明，代辦業者以「託管後暫時不用繳款，銀行不可催收」、「律師出面以最低折扣贖回債權」等訴求誤導民眾，在收了託管費後，代辦業者先煞有其事地替民眾寄發「律師函」給債權銀行，但隨後繼續為民眾出面交涉的情形則是微乎其微。結果民眾債務不僅未解決，又被高額託管費剝了一層皮。此外，代辦業者常使用「宣告破產」的花招賺取諮詢費。但債務人不應有太多不當期待，因為向法院申請「更生」或「清算」仍得付出相當代價，不但個人信用受折損，居住自由及基本生活也都可能受到相當限制，所以民眾仍應積極面對債務問題，與銀行協商，盡力還款。    ,https://news.ltn.com.tw/news/society/paper/1768558
屏東萬丹汽車回收廠大火  警、消灌救近3小時控制火勢,社會,2026/08/28 22:48,屏東萬丹汽車回收廠發生大火。（記者葉永騫攝）今天（28日）晚上約7點26分，屏東縣萬丹鄉萬丹路一家汽車材料行發生火警，並傳出陣陣爆炸聲，經過警、消近3個小時搶救，火勢已獲得控制，無人員受困受傷。火警發生後，屏東縣消防局派遣萬丹、公館、麟洛、內埔、屏東、竹田、新園分隊及二大隊共計17車，包括警消30人、義消30人前往搶救，並通知環保局人員前往現場。請繼續往下閱讀...屏東縣消防局表示，消防人員抵達現場後，發現回收廠內大量廢棄車輛及回收物品燃燒，現場火勢猛烈並產生大量濃煙，隨即部署多條水線進行灌救。由於現場堆放大量廢棄車輛、輪胎、油料、塑膠及其他可燃物，增加火勢延燒及爆燃風險，消防人員檢視火勢及環境狀況射水，目前火勢獲得控制，無人員受困受傷。至於發生爆炸聲響，據了解為廢棄車輛內的安全氣囊爆炸所致，已調派怪手等機具開挖，進行殘火處理。回收廠堆滿廢棄汽車。（記者葉永騫攝）消防人員出動怪手至火場撲滅殘火。（記者葉永騫攝）    ,https://news.ltn.com.tw/news/society/breakingnews/5555988
8/28 今彩539頭獎開1注！800萬獎落南投,社會,2026/08/28 22:11,8月28日開獎的第115000209期今彩539頭獎開出1注。（本報合成）8月28日開獎的第115000209期今彩539頭獎開出1注，由南投縣草屯鎮南埔里中正路288之36號「報你發彩券行」開出。請繼續往下閱讀...第115000083期大樂透中獎號碼「09、20、23、26、36、44，特別號：04」。頭獎摃龜；貳獎1注中獎，每注可得341萬2673元；參獎共49注中獎，每注可得3萬9932元；肆獎共85注中獎，每注可得1萬4789元；伍獎共1847注中獎，每注可得2000元；陸獎共2805注中獎，每注可得1000元；柒獎共2萬7872注中獎，每注可得400元；普獎共3萬3705注中獎，每注可得400元。第115000083期49樂合彩中獎號碼為「09、20、23、26、36、44」。四合3注中獎，每注可得20萬元；三合共148注中獎，每注可得1萬2500元；二合共2559注中獎，每注可得1250元。第115000209期今彩539中獎號碼為「02、04、09、12、36」。頭獎1注中獎，每注可得800萬元；貳獎共191注中獎，每注可得2萬元；參獎共7382注中獎，每注可得300元；肆獎共7萬8542注中獎，每注可得50元。第115000209期39樂合彩中獎號碼為「02、04、09、12、36」。四合共3注中獎，每注可得21萬2500元；三合共243注中獎，每注可得1萬1250元；二合共1萬1703注中獎，每注可得1125元。第115000209期3星彩中獎號碼為「829」。壹獎共145注中獎，每注可得5000元。第115000209期4星彩中獎號碼為「1119」。壹獎共40注中獎，每注可得5萬元。確切中獎號碼以台彩網站公告為主，請見「台灣彩券網站」。大樂透、49樂合彩中獎號碼。（擷取自台彩官網）今彩539、39樂合彩、3星彩、4星彩中獎號碼。（擷取自台彩官網）    ,https://news.ltn.com.tw/news/society/breakingnews/5555972
小心！下週一國中小開學 詐團貼文免費送書包  刑事局示警：多人上當破財,社會,2026/08/28 21:46,刑事局。（記者邱俊福攝）下週一國中小開學，詐團竟藉機透過網路社交平台，貼文「免費贈送Tiger Family書包」設局詐騙；刑事警察局表示，近期已有多人受騙，受騙金額達數百萬元，提醒民眾小心上當。刑事局表示，詐騙集團是在Threads社群網站上，假借某家知名廠商，以因為倒閉等為由，宣稱要免費贈送書包，引誘有小孩上學需要的民眾上鉤，隨後加入對方的Line群組。請繼續往下閱讀...隨後，詐團給予一個網路連結下單，填寫個人資料，並以運費為由，要求民眾透過網路轉帳匯款，民眾匯款後，再以匯款出現問題，或者操作錯誤等為由，要求持續匯款，俟民眾匯款數十萬元，驚覺有異，進一步詢問時，對方即將民眾封鎖，失去聯繫。此時，民眾才發現受騙向警方報案，或者打「一六五」反詐專線詢問，始知上當。刑事局經行政院打擊詐欺指揮中心綜合研判，疑似為特定詐騙集團利用下星期國小開學，進行大規模網路詐騙活動，呼籲民眾小心此詐騙手法，避免成為受害者。    ,https://news.ltn.com.tw/news/society/breakingnews/5555953
大園新台15線「左轉神A對決直行大貨車」 結果曝光,社會,2026/08/28 21:10,呂姓男子駕駛的轎車與大貨車碰撞，衝入路旁草叢。（警方提供）呂姓男子今天下午近4點開車，從桃園市大園區新台15線左轉進入中央路，要往台61線方向前進，與李姓男子駕駛的直行大貨車碰撞，轎車內4人受傷，幸無生命危險，大貨車則失控撞斷燈桿；詳細肇事責任仍待警方調查釐清。警方調查，21歲呂男當時疑未注意直行車輛，與沿新台15線直行、由李男（30歲）駕駛的大貨車發生碰撞，導致大貨車失控衝過分隔島撞倒電桿，轎車則衝入路旁草叢，車內的呂男等4人都因猛烈撞擊受傷送醫。請繼續往下閱讀...呂男與李男經警方實施酒精濃度測試，酒測值都為0，也排除毒駕情事，警方將進一步調查釐清肇事原因與責任。李姓男子駕駛大貨車失控衝過分隔島撞斷電桿。（警方提供）    ,https://news.ltn.com.tw/news/society/breakingnews/5555920
台中市民政局開課了？ 局長澄清是詐騙：不明連結勿點擊,社會,2026/08/28 21:09,台中市民政局澄清「台中市民政局開課了」是詐騙訊息。（市府提供）近期社群平台陸續出現「台中市民政局開課了」的招生訊息，宣稱提供多元課程，誘導民眾加入LINE帳號、填寫個人資料參加課程，民政局長吳世瑋今鄭重澄清，民政局沒有開課，該訊息內容為詐騙訊息，提醒民眾切勿點擊不明連結、加入可疑LINE帳號或提供個人資料，以免受騙。吳世瑋指出，近期有不少民眾反映收到「台中市民政局開課了」的招生訊息，經查是不肖人士利用政府機關名義及相關圖像包裝假訊息，誘民眾個資，因以政府機關名義企圖增加可信度，他強調，民政局目前並未設置官方LINE帳號，也未透過LINE招攬民眾報名課程或要求填寫個資，如收到類似訊息，請提高警覺，勿因訊息標榜「政府機關」、「免費課程」等字樣而輕信。請繼續往下閱讀...民政局提醒，若已不慎點擊相關連結或加入可疑LINE帳號，應立即停止互動並封鎖帳號；如已提供個人資料或對訊息真偽有疑慮，可撥打165反詐騙諮詢專線查證，也請民眾協助轉傳正確資訊，共同防堵詐騙訊息擴散。吳世瑋呼籲，詐騙手法不斷翻新，民眾應謹記「不明連結不要點、可疑帳號不要加、個人資料不要給」，收到可疑訊息可先至官方管道查證。民政局官方Facebook為「@civilQ」，相關活動及政策資訊均以正式管道發布。    ,https://news.ltn.com.tw/news/society/breakingnews/5555922
要求廠商浮報維修價 前中科院安全官收5.7萬回扣判10月確定 ,社會,2026/08/28 21:00,台中高分院近日駁回上訴，維持謝男一審背信罪10月原判確定。（資料照）時任國家中山科學研究院飛彈火箭研究所謝姓安全官，利用採購維修設備機會，要求廠商將原本8萬9250元的維修報價灌到16萬2000元，最後以14萬7000元成交，從中收取5萬7000元回扣，台中高分院近日駁回上訴，維持一審背信罪10月原判，全案確定。謝男2015年至2020年間以約雇身分，任職中科院飛彈火箭研究所射導機電研製組，擔任資訊安全官，工作內容包括電腦、機械設備維修及採購等業務，2019年間，他承辦一件立式銑床維修採購案，廠商原始報價僅8萬9250元，謝男卻要求廠商「墊高」報價，對外提出16萬2000元價格，雙方最後議價至14萬7000元，謝男則從中取得5萬7000元現金回扣。請繼續往下閱讀...謝男被查獲後辯稱，選擇該廠商是因為價格便宜、處理速度又快，整起事件頂多只是機關因權宜慣例產生的行政瑕疵，且採購案還經長官實質審核放行，不能因此認定他具有浮報價格、收受回扣犯意，但廠商證稱，早在接洽前，就聽聞謝男會要求報價墊高，後來謝男果然要求提高報價當回扣，雙方並約在桃園現金交付。一審認定謝男為圖自己利益，違背採購職務，造成中科院財產利益受損，依背信罪判刑10月，謝男不服上訴，台中高分院重新檢視證詞及LINE紀錄後，認定確有利用採購案要求廠商浮報價格並收取回扣，已違背任務並損害中科院財產利益，一審認事用法及量刑均無不當，駁回上訴。    ,https://news.ltn.com.tw/news/society/breakingnews/5555923
手刀對獎！8/28 大樂透、今彩539獎號出爐,社會,2026/08/28 20:50,大樂透、49樂合彩開獎號碼。（擷取自三立iNEWS《全民i彩券》）今天（8月28日）台彩各項開獎獎項及獎號。大樂透：09、20、23、26、36、44，特別號：04。請繼續往下閱讀...49樂合彩：09、20、23、26、36、44。今彩539：02、04、09、12、36。39樂合彩：02、04、09、12、36。3星彩：829。4星彩：1119。確切中獎號碼以台彩網站公告為主，請見「台灣彩券網站」。今彩539、39樂合彩開獎號碼。（擷取自三立iNEWS《全民i彩券》）3星彩開獎號碼。（擷取自三立iNEWS《全民i彩券》）4星彩開獎號碼。（擷取自三立iNEWS《全民i彩券》）    ,https://news.ltn.com.tw/news/society/breakingnews/5555924
毒駕害人事件頻傳 台中近3年管制毒蟲到驗率約近7成 恐成防治黑數,社會,2026/08/28 20:46,台中市議員謝志忠（右二）等人質疑台中近3年管制毒蟲到驗率約近7成，恐成防治毒駕黑數。（記者蘇孟娟攝）毒駕造成嚴重傷亡事件層出不窮，台中市議員謝志忠、黃守達、王立任、張玉嬿等人表達關切，台中市近3年受管制毒品犯定期尿液採驗到驗情形，2023年到2025年未到驗比率各約7成左右，遭審計處檢討，憂未到驗的管制毒品人口，可能成毒駕黑數。台中市警局長吳敬田指出，多數是人不知去向，未來會持續加強找人查緝到案。謝志忠表示，根據審計報告指出，台中市受管制毒品犯定期尿液採驗通知及到驗情形，2023年至2025年3年的到驗率分別為79.44%、69.26%及74.5%，均未達8成，現行管制及追蹤機制仍有待加強。請繼續往下閱讀...謝志忠指出，台中市今年1月至7月已取締毒駕1449件，不僅已超過去年年全年1095件取締件數，今年截至目前因毒駕引發的交通事故已達34件，其中A1死亡事故就有3件，顯示毒駕一旦發生交通事故，其致死風險不容忽視。謝志忠指出，除到檢率出現近3成缺口外，複檢採驗陽性比率，2021年15%，2023年高達18.84%，顯示受管制毒品犯仍有一定比例持續接觸或使用毒品，在到驗率逐年偏低的情況下，令人擔心未到驗者可能成為防制毒品及毒駕的漏洞。包括謝志忠、黃守達、王立任、張玉嬿都強調，毒駕不只是個人吸毒問題，更直接威脅所有用路人的生命與財產安全，強烈要求市府從源頭阻絕毒品、全面打擊毒駕。市警局長吳敬田指出，未到驗管制毒犯是治安重點，多數是因人不知去向，目前均透過過去查獲的個資設法查緝到案，會加強查緝；考量繼續吸食可能性，另依規向地檢署聲請強制採驗，並由員警帶同到場採驗。    ,https://news.ltn.com.tw/news/society/breakingnews/5555854
網路女蟲！人妻假冒長庚女醫 詐得8萬元LV名牌包「冷暴力」狠甩,社會,2026/08/28 19:53,人妻當網路女蟲，假扮女醫詐愛耍男網友，挨告判拘役40天。示意圖。（情境照）網路有詐愛男蟲，也有女蟲！台北市已婚女子林雅萍去年月以交友軟體結識詹姓男網友，假冒長庚醫院女醫師，謊稱願意「以結婚為前提」交往，約在台北101見面，以「生日快到了」說動詹男刷卡買了價值8萬多元的LV名牌包給她。她得手後態度大變，頻頻吵架，「冷暴力」不理詹男，更要求不再聯絡。詹男想討回LV包被拒絕，找友人到長庚打探，才知林姓女醫師另有其人，報警控詐欺；士林地方法院依詐欺取財罪將林女判處拘役40天、得易科罰金4萬元，沒收未扣案的LV包包。可上訴。判決指出，林女2025年11月間在交友軟體「SweetRing」上結識詹男，明知自己已婚，沒有與詹男交往、結婚的真意，竟基於詐欺取財的犯意，向詹男謊稱希望以「以結婚為前提」交往，才不會浪費雙方時間，林女虛構編造身分，自稱是長庚醫院林姓女醫師，並在長庚大學兼任講師，平時除了在長庚大學教學，也會到宜蘭陽明附屬醫院做醫學交流。請繼續往下閱讀...林女還對詹男說，她在學校主要講授病微學，也有從事國科會的研究，平時從醫也需值班、代班，取得詹男的信任而嘗試與林女交往。林女見魚兒上鈎，去年12月17日晚間以生日快到了、要購買女包當生日禮物，邀約詹男陪她到台北101大樓的百貨公司購買LV女包，詹男不疑有他，當場刷卡代付8萬3500元，作為餽贈林女的生日禮物，詹男記得林女當時有說，事後會將錢償還給他。林女取得LV包後，對詹男的態度急轉直下，藉口雙方相處有磨擦、製造細故爭吵，甚至不理不睬，最終以感情生變為由提出分手，要求詹男不要再聯絡她。詹男要求林女返還LV包，林女認為包包是詹男贈與她的，拒絕歸還。詹金龍心生疑慮，向在長庚醫院工作的朋友打探林姓女醫師，查出確實有林醫師，但卻是另有其人，詹男才知林雅萍冒充林醫師身分在網路交友社群「釣盤子」，察覺遭騙，向台北市士林警分局提告詐欺，警方循線查獲林女到案。林女於檢方偵查時坦承與詹男交往、收受名牌包、虛構身分及學經歷，但否認詐欺，辯稱她冒用女醫師的身分，是覺得在交友網站不需要講太多自己真實的事情；她只和詹男見面2次、每次2小時，每次詹男就說喜歡她、關心她，她只想要和對方「認識看看」，根本不想跟他見面；她生日當天傳包包、錢包的照片給詹，只是想問哪一個比較適合她；她不是不還包包，去警察局時也有帶包包過去，但詹男在電話中向警察說他想要錢、不要包包，之後就斷了聯絡，沒人通知該怎麼做，才會拖到法院上處理，強調她從頭到尾都沒有開口說喜歡詹男。全案經檢方起訴後，林女向法官改口自白認罪，坦承沒有交往、結婚真意，法官認為，林女以不實身分、工作、經歷事項，致使詹男誤信而同意代為刷卡買包，後續以各種理由製造摩擦、營造感情生變再予分手，所為不該；考量她大學學歷、已婚育有一未成年子女、目前無業，有意願賠償，但金額與詹男要求的差距過大而調解未成，量處拘役40日，並沒收LV包。    ,https://news.ltn.com.tw/news/society/breakingnews/5555773
遭休旅車撞上 彰化民間救護車險衝入民宅,社會,2026/08/28 19:49,右側的救護車遭休旅車衝撞。（民眾提供）彰化縣溪湖鎮今（28日）下午傳出救護車遭撞車禍！一部民間救護車行經西環路與二溪路口，遭白色休旅車衝撞，救護車則差點衝進路旁民宅，救護車副駕駛及休旅車駕駛共2人受傷，送往衛福部彰化醫院救治，暫無大礙。據了解，當時救護車警示燈已亮起疾行，在經過市區西環路與二溪路口，卻被白色休旅車從左側邊撞上，休旅車碰撞後煞停於路口中央，救護車則往前差點衝進路旁民宅，場面驚險。請繼續往下閱讀...消防局獲報出動救護人車趕往，所幸救護車內當時未載病患，坐在救護車副駕駛座的38歲女子頸部疼痛，休旅車59歲男性駕駛則腿部疼痛，兩人意識均清楚，經給予適當救護處置後送醫治療。警方將進一步釐清肇事原因。溪湖分局呼籲，救護車等特種車輛在執行緊急任務、開啟警報器及警示燈時，雖依法享有優先通行權，但通過路口時仍應注意橫向車輛動態；同時，一般車輛駕駛人開車出門應隨時提高警覺，注意路口路況並禮讓執行任務之特種車輛，以確保自身及大眾的交通安全救護車被撞後，險些衝進路旁民宅。（民眾提供）    ,https://news.ltn.com.tw/news/society/breakingnews/5555840
疑精神不濟！大貨車國1仁德段追撞小貨車  引發火燒車2人送醫,社會,2026/08/28 19:43,國道1號台南仁德路段大貨車追撞小貨車，大貨車車頭起火燃燒。（民眾提供）國道1號台南仁德路段今天下午發生大貨車追撞小貨車事故，大貨車車頭起火，2人受傷送醫，國道警方初步調查，疑大貨車司機精神不濟肇禍。事故發生在國道1號北向328.8公里，36歲楊姓男子駕駛營業大貨車行經處，疑撞擊前方由36歲黃姓男子駕駛小貨車，2人受傷送醫。請繼續往下閱讀...追撞後，大貨車車頭起火，一度烈焰竄出，煙霧瀰漫，消防隊灌救撲滅火勢，事故也陸續排除。駕車追撞的楊男並無飲酒情形，確切的肇事原因，進一步釐清中，國道警方呼籲用路人，行車上路前務必養足精神，雙手握方向盤專注開車，注意自身精神狀況、勿疲勞駕駛；如有精神不濟的狀況，請盡速進入服務區或離開高速公路休息，以維自身及他人行車安全。大貨車追撞小貨車引起火燒車，消防隊灌救。（民眾提供）    ,https://news.ltn.com.tw/news/society/breakingnews/5555836
低價入手屏東市精華地、遠洋漁船？ 屏東執行分署9/1拍賣,社會,2026/08/28 19:02,拍賣的屏東市歸義段土地。（屏東執行分署提供）法務部行政執行署屏東分署9月1日下午3點拍賣屏東市歸義段98、99、100、101地號土地，第1拍底價為1600萬元；該地在屏東市民生東路郵局右側民生東路5號（圓滿館）右側，為一般農業區甲種建築用地。另外，拍賣遠洋漁船德鴻發號，拍定時要先繳603萬元才能過戶登記。屏東執行分署說，拍賣的土地目前為一空地，地面上堆置2個貨櫃及些許工務器具，餘部分雜草叢生；後側部分有部分建築廢棄物棄置；土地為一般農業區甲種建築用地，地主因違反銀行法執行沒收，拍賣標為建築用地，為屏東市區少見的精華土地。請繼續往下閱讀...另外，拍賣的遠洋漁船德鴻發號，總噸數55.65噸、淨噸數16.7噸、船長18.4公尺、總長 27.7 公尺，船質為玻璃纖維強化塑膠，主機為6缸柴油機1部，進水日期為民國81年11月1日，漁業種類為鮪延繩釣，所在地點鹽埔漁港，因船主違反遠洋漁業條例所處之罰鍰，拍賣標的漁船之漁業執照換發期限為114年4月15日，拍定人要先繳清罰鍰603萬元及其他相關費用，始得辦理過戶登記，標購時要特別注意。查詢相關拍賣訊息可上屏東分署官網。遠洋漁船德鴻發號9月1日拍賣。（屏東執行分署提供）    ,https://news.ltn.com.tw/news/society/breakingnews/5555687
林口南亞塑膠驚傳工安意外  外包工人排除故障鐵捲門觸電不治,社會,2026/08/28 18:47,南亞塑膠新北林口廠，今天下午驚傳工安意外！一名工人在排除故障的鐵捲門時，不慎觸電送醫不治，新北市勞檢處人員到場勘驗，勒令停工，死因礽待相驗釐清。（民眾提供）新北市林口南亞塑膠廠內，今天下午驚傳工安意外！警方到場，發現一名工人因為感電意外倒地昏迷，當場失去呼吸心跳，緊急送醫仍回天乏術；警方與新北市勞檢處人員勘驗現場，發現工人為排除故障的鐵捲門，不慎觸電倒地，目前現場已勒令停工，將進一步釐清肇事責任，初步朝向過失致死方向偵辦。新北市119、110於今天下午4時許接獲，泰山區南林路102號南亞塑膠廠區內傳出工人遭受電擊，警方到場了解，39歲謝姓工人到場維修故障的鐵捲門，要排除故障時不慎觸電，當場OHCA，由救護車緊急送林口長庚醫院搶救，謝姓工人到院後，仍因傷重不治。請繼續往下閱讀...據了解，意外發生時，外包承攬商施作人員正要下班，關閉鐵捲門時發現故障，排除過程中不慎觸電，發生憾事。警方與勞檢處人員到場勘驗，目前封鎖現場，檢警明天將相驗，釐清死因與確認現場有無違失。據了解，目前南亞塑膠人員仍未到警局製作筆錄，尚無法了解相關說法。    ,https://news.ltn.com.tw/news/society/breakingnews/5555795
講電話比「噓」伸手襲胸！台南已婚男3度性侵猥褻弟女友 判刑4年半,社會,2026/08/28 18:33,與男友通話到一半，竟遭同住的男友哥哥闖入襲胸！台南離譜男三度對弟弟女友強制性交與猥褻。（記者王捷攝）和男友通話到一半，竟遭男友哥哥比「噓」手勢，伸出魔爪襲胸，男友在電話那頭聽見異狀大聲喝斥，才揭發這起離譜的性侵案。台南地方法院依強制性交等罪，判處哥哥4年6個月徒刑。​4年前春節連假，林姓男子女友A前來男友住處暫住，某日晚間，林兄趁弟弟洗澡時，強行闖入房間，不顧A女制止與掙扎，對其指侵並襲胸。同月某日，林男外出，林兄見幼女推開房門找A女玩，竟趁機闖進房間，以同手法二度性侵。A女事後情緒崩潰，在林男返回時痛哭，訴說遭到侵犯。請繼續往下閱讀...​案發不到1個月，林男外出加班，A女正與他通話，林兄竟第三度闖入房間，伸手進A女衣服內猥褻。林男在電話中聽見異音察覺有異，大聲叫哥哥名字，當場嚇阻惡行。事隔數月，A女母親從友人口中得知女兒受害，找上林男對質，全案報請台南地檢署偵辦。​審理時林兄否認犯行，律師質疑案發時家屬在家卻未聽見求救，且A女事後還與林家人出遊，不符常理。法官查出，2年前林兄進入A女公司上班，導致A女恐懼，經向主管反映才錯開班別。A女去年更因常做惡夢求助身心科，法官認為，被害人為避免二度傷害而隱忍，不能認定指控不實。​法官審酌，林兄為滿足私慾，三度對A女伸出魔爪，戕害被害人身心，犯後未賠償。台南地院依2次強制性交罪，各處3年6個月徒刑；另依強制猥褻罪處10個月徒刑，合併應執行4年6個月，全案可上訴。☆尊重身體自主權，遇到性騷擾勇於制止、勇敢說不，請撥打113、110☆☆現代婦女基金會 性侵害防治服務專線02-7728-5098分機7☆    ,https://news.ltn.com.tw/news/society/breakingnews/5555744
台中又爆狼師！3女童控「拉褲冰敷」摸臀 他辯「勾串栽贓」遭打臉判4年,社會,2026/08/28 18:27,台中地院審理後，依5個對未滿14歲女子強制猥褻罪，合併判處李男4年，仍可上訴。（資料照）台中市某國小李姓體育主任兼球隊教練，遭3名女童指控多次藉訓練、冰敷及運動按摩之名觸摸臀部，女童直到升上國中才鼓起勇氣揭露，家長得知後既心疼又自責。台中地院審理後，依5個對未滿14歲女子強制猥褻罪，合併判處李男4年，仍可上訴。判決指出，李男2019年至2023年間，利用擔任體育老師及球隊教練身分，於學生訓練、受傷防護等期間，對女童做出不當觸碰，其中有女童指控，李男替她冰敷時，竟將內外褲往下拉，露出臀部後觸摸，另有女童表示，遭觸摸臀部時間超過10秒，當下雖感到害怕也曾推拒、閃躲，卻因年紀小，不敢立即向大人說明。請繼續往下閱讀...3名女童並非同時揭發，而是在彼此得知有類似遭遇後，直到升上國中才向輔導室吐露心聲，學校隨即啟動通報程序，面對指控，李男全盤否認，辯稱替女童冰敷是為緩解傷勢，僅曾碰觸後腰，還指稱女童因比賽或校內其他事件對他心生不滿，甚至3人還成立「我一定要把老李裁員」群組，認為女童可能為了報復而相互串聯、捏造指控。但法院認為，女童是聽聞彼此遭遇後產生同理心，才成立群組互相傾訴，對話內容也沒有刻意編造或串供，難認是為了讓李男丟掉工作而共同栽贓，且案發後身心受到嚴重影響，只要談到球隊或教練就情緒崩潰，甚至大哭，必須靠藥物才能入眠，法官認李男身為師長，卻利用身分對學童伸出魔爪，造成難以抹滅傷害，依5個對未滿14歲女子強制猥褻罪各處3年6月，合併應執行4年。    ,https://news.ltn.com.tw/news/society/breakingnews/5555760
菲男北車上午打赤膊被逮 下午索性脫光遛鳥警壓制送醫,社會,2026/08/28 18:21,疑似菲籍移工在台北車站遛鳥，被警方壓制逮捕。（記者劉慶侯翻攝）41歲菲律賓籍男子傑米（音譯JAIME），今日上午10時左右，先在台北車站打赤膞喧鬧，後來被鐵警局人員制止，遭警壓制保護管束。下午他又到北車，情緒更亢奮，乾脆脫的一絲不掛在場「遛鳥」，警方再次將他壓制，送往台大醫院治療，並依公然猥褻罪嫌函送法辦。鐵警局表示，疑似菲籍移工的傑米，今日上午10時5分，在台北車站內大聲喧鬧，一度情緒激動脫掉上衣，鐵路警察獲報到場後，為預防個人或他人有生命、身體危害，暫時緊急對其實施保護管束。請繼續往下閱讀...不料，傑米中午被飭回後，下午3時29分，他又返回台北車站，這次他索性赤裸全身四處遊盪，過往旅客不忍卒視。直到鐵路警察獲報，3時20分到場將他再次帶回路警所管束，隨後送往台大醫院觀察。鐵警局表示，刑法公然猥褻罪，「意圖供人觀覽，公然為猥褻之行為者」，處1年以下有期徒刑、拘役或9千元以下罰金。疑似菲籍移工今下午在台北車站「遛鳥」，警方將他壓制送往台大醫院治療，並派警加強巡邏。（記者劉慶侯翻攝）    ,https://news.ltn.com.tw/news/society/breakingnews/5555705
欣興電子中壢合江廠遭搜索 疑涉中製載板貼牌洗產地與內線交易,社會,2026/08/28 18:13,欣興電子位在桃園市中壢區的合江廠。（記者周敏鴻攝）IC載板龍頭「欣興電子（3037）」與南電（8046）、景碩（3189）並列ABF載板三雄，欣興位在桃園市中壢區合江廠今天被檢調搜索，據指出，案情恐與欣興將中國製造的載板轉運台灣貼牌（Made in Taiwan）「洗產地」，以及作假帳、內線交易有關，詳細案情仍待桃園地檢署進一步釐清。欣興位於桃園市龜山工業區，中壢區設有合江廠、合江二廠，欣興今天早盤股價一度衝上歷史新高1230元，尾盤收黑，隨即傳出合江廠被檢調搜索，引起業界與市場震驚。請繼續往下閱讀...桃檢指揮調查局桃園市調查處前往欣興合江廠搜索後，帶回欣興的1名總經理、1名副總與相關單位人員等超過10人進行訪談調查，並查扣4台筆電與大批關鍵文件，桃檢低調證實搜索行動，僅強調待進一步釐清案情後，才會對外說明。檢調搜索欣興合江廠行動展開後，市場就有消息傳出，指檢調大動作搜索，可能因欣興內部知情人士舉報、且已提供檢調蒐集許久的完整資料，案情恐與欣興將「中國製造載板轉運台灣貼牌」以規避美國高額關稅的「洗產地」有關，相關製程工程師在被調查的對象中；消息另指出，欣興可能還涉嫌透過做假帳來美化財報，再利用未公開的重大內部訊息進行內線交易，相關案情都待檢方進一步釐清。    ,https://news.ltn.com.tw/news/society/breakingnews/5555700
花蓮男3天前才因吸安被抓 大中午機車撞樹疑毒駕頭部重創亡,社會,2026/08/28 18:09,花蓮吉安鄉光華工業區華工六路，1名男子騎機車自撞路樹死亡，由於男子3天前才因持有安非他命被逮，有無毒駕將進一步化驗。（民眾提供）花蓮吉安鄉光華工業區昨天中午一名男子騎乘機車衝撞路樹，因車速快、不明原因衝撞對向車道的路樹，當場頭部重創出血、失去生命跡象，送醫不治。吉安警分局今天表示，該名男子3天前才被抓到吸毒，「大中午的時間竟然會騎到撞樹」，懷疑男子可能毒駕，將進一步抽血檢驗釐清。吉安鄉光華工業區內華工六路27日中午死亡車禍，1名男子騎著機車衝撞對向人行道上的路樹，黑白大理石磚的人行道鋪面上還有大量血跡，花蓮縣消防局仁里分隊獲報後趕到現場，發現男子頭部重創大量出血，已經呈現OHCA狀態，立即實施高級心肺復甦術、替男子止血包紮，可惜送至花蓮慈濟醫院後仍搶救無效，宣告死亡。請繼續往下閱讀...警方調查，車禍為55歲姜姓男子，經調閱監視器發現，姜男昨天中午騎機車從華工六路南往北行駛，突然高速衝撞對面車道的行道樹，男子送醫後急救到下午2點半仍宣告不治，經醫院抽血檢測並無酒精反應。然而警方指出，姜姓男子3天前才因持有安非他命毒品被查獲，今天花蓮地檢署檢察官會同法醫進行相驗，死因是創傷性腦損傷、頭部鈍創併顱骨骨折，至於是否有毒品反應仍將進一步化驗。☆少一份毒品就多一份健康，自由時報提醒您遠離毒品☆    ,https://news.ltn.com.tw/news/society/breakingnews/5555730
高雄小港松富路擋土牆崩落 7戶24人緊急撤離,社會,2026/08/28 18:08,高雄市小港區松富路擋土牆今下午4時許突然崩塌，場面怵目驚心。（民眾提供）高雄市小港區松富路擋土牆今（28）日下午4時許突然崩落，土石滑落約30公尺長，由於連日豪雨土石含水量高，高市府擔心恐持續崩落，基於安全考量，將撤離靠近崩落點的7戶、24人，工務局、水利局等相關單位正進場搶修。松富路今天下午發生大量土石滑落，擋土牆不堪重量被壓崩落，土石幾乎占據所有路面，距離民宅僅咫尺之遙，場面怵目驚心。有住戶在社群網站說「雨真的有在誇張，住20幾年一直覺得家對面的山很安全，結果剛剛崩了」。請繼續往下閱讀...小港區區長周益堂表示，研判連日豪大雨土石含水量過高，導致這起邊坡土石滑落事件，由於仍有崩塌危機，將先撤離7戶、24人。他說，雨勢仍未停歇，呼籲在山坡邊居住或活動民眾提高警覺。高雄市小港區松富路擋土牆今下午4時許突然崩塌，大量土石滑落幾乎占據路面。（民眾提供）高雄市小港區松富路擋土牆今下午4時許突然崩塌，土石崩落距民宅僅咫尺之遙。（民眾提供）    ,https://news.ltn.com.tw/news/society/breakingnews/5555739
老樓房分裝中國走私菸酒、乾香菇  高雄關聯手金門警調「統統打包」,社會,2026/08/28 17:36,財政部關務署高雄關聯手金門警調，查獲大批中國私貨。（高雄關提供）財政部關務署高雄關表示，日前在金城鎮一處老舊樓房內，查獲非法貯存的中國花生236.8公斤、乾香菇79.4公斤、食品2761公斤、菸134條及酒106瓶，並查獲4名嫌疑人，全案依違反海關緝私條例、食品安全衛生管理法及菸酒管理法等規定查扣，全案續由福建省調查處擴大偵辦。高雄關說，8月22日聯合調查局福建省調查處及金門縣警察局，於金城鎮一處老舊樓房查獲前述非法藏匿貯存的中國農產品、食品及未稅菸酒，由於現場放置有大量紙箱及包裝工具，疑似準備進行分裝發貨即遭查獲。請繼續往下閱讀...高雄關指出，未經檢疫的走私農產品不僅極易夾帶境外病蟲害入侵，嚴重威脅我國農業生態，更恐有重金屬及農藥殘留超標的疑慮；未經檢驗中國製食品，可能含有我國禁用的防腐劑、人工色素、非法甜味劑或超標重金屬等有害物質；此外，走私菸酒，涉及逃漏菸酒稅與健康福利捐，且多為成分不明的劣質假酒或發霉私菸，一旦流入市面，將對國人身體造成不可逆的健康損害。高雄關呼籲，民眾不要購買標示不清或來路不明商品，若發現可疑走私線索，可撥打檢舉專線：0800-711117。金門一處老舊樓房被查獲大量紙箱及包裝工具，疑似準備將私貨進行分裝發貨。（高雄關提供）財政部關務署高雄關聯手金門警調，在金門一處民房查獲大批中國私貨。（高雄關提供）    ,https://news.ltn.com.tw/news/society/breakingnews/5555659
不爽罷免布條！婦持鐮刀闖診所停車場判罰8000元,社會,2026/08/28 17:24,姚姓婦人去年8月17日、19日、20日三度闖私人診所停車場用鐮刀拆走罷免布條，除調解賠償告訴人，近日也被南投地院以毀損罪判處罰金8000元。（資料照）首次上稿：09:32更新時間：17:24去年罷免不適任立委期間，南投縣姚姓婦人在投票前幾天，一連3天進入私人診所停車場，拿鐮刀拆除罷免布條，即使診所人員制止仍強拆帶走，罷團志工提告，姚婦坦承犯案，除與提告志工調解賠償，南投地院近日以毀損他人物品罪判處罰金8000元，若易服勞役折合8日。請繼續往下閱讀...草屯鎮市區1家診所的醫師支持罷免不適任立委，去年8月17日在診所的私有土地上懸掛2面台派寶寶同意罷免布條，姚婦當天上午就騎機車拿鐮刀割走布條，診所請罷團志工再拿新的來掛，19日新布條才掛上不久，姚婦再度闖停車場割走布條，20日第三度掛上布條，姚婦再度割下布條，診所人員在她割下繩子之際出來阻止，姚女不理會仍把布條放進機車載走，罷團志工憤而提告。提告的罷免志工在收到判決書後指出，提告是希望反罷免支持者不要相信煽動仇恨的言論，行使仇恨行為，不然就要獨自面對司法，承擔後果。而在臉書貼出勝訴判決書，則希望能給在街頭承受各種不禮貌對待的志工一點安慰。該志工還說，姚姓婦人一開始在法庭上不是堅決否認，就是拒不回答，法官提高音量再問一次，她還嗆「你為什麼那麼兇？我是犯人嗎？」。因婦人很難溝通，後來是由其兒子代替出面談民事和解賠償。    ,https://news.ltn.com.tw/news/society/breakingnews/5555025
打擊跨境犯罪！泰國駐台代表拜會調查局 深化緝毒、合作打詐,社會,2026/08/28 17:19,泰國貿易經濟辦事處代表文那隆率團拜會法務部調查局，與局長陳白立就跨國毒品、電信網路詐欺及追緝外逃犯等議題交換意見。（調查局提供）泰國貿易經濟辦事處代表文那隆日前率團拜會法務部調查局，與局長陳白立就跨國毒品、電信網路詐欺及追緝外逃犯等議題交換意見。面對犯罪集團跨境分工日趨複雜，雙方將在既有合作基礎上，進一步強化情資交流及執法協作。文那隆（Narong Boonsatheanwong）20日率團參訪調查局，由陳白立親自接待。一行人先參觀反毒展覽館，了解調查局反毒歷史及近期緝毒成果，隨後針對深化雙邊執法合作、共同打擊跨境毒品及電信詐欺等議題交換意見。請繼續往下閱讀...陳白立說，台泰雙方在跨國執法合作上已建立深厚互信，感謝泰國政府及相關執法機關長期支持。未來調查局將持續與泰方緊密合作，強化犯罪情資交換、追緝外逃犯及聯合查緝，提升打擊跨境毒品與電信網路詐欺的執法能量。調查局與泰國執法機關近年已有多次合作成果。2024年間，雙方合作將涉嫌自泰國走私8.65公斤甲基安非他命、潛逃曼谷的連姓通緝犯押解返台；2025年6月，再將涉嫌以矽利康罐夾藏5.863公斤愷他命運台的黃姓通緝犯遣返回台。此外，調查局與關務署去年4月曾查獲自泰國進口的竹蓆面紙盒，底板及布料內夾藏毛重25公斤海洛因，市值約4億元，並拘提一名負責領貨的泰籍移工。檢調當時研判，犯罪集團刻意利用合法進口貨物及移工身分製造斷點，顯示跨境毒品走私手法日益隱密。東南亞近年也成為跨國電信詐欺及地下金融活動的重要據點，犯罪集團往往將機房、金流及招募據點分散設於不同國家，增加追查難度。調查局指出，將持續透過駐泰法務秘書及既有聯繫管道，與泰國貿易經濟辦事處及泰方執法夥伴深化合作，共同遏止跨國犯罪。    ,https://news.ltn.com.tw/news/society/breakingnews/5555620
新竹台68小貨車翻覆！車上柏油石塊掉滿地2男輕傷送醫,社會,2026/08/28 17:15,新竹台68東西向道路發生小貨車翻覆交通事故！車上柏油石塊掉滿地，2男輕傷送醫。（新竹市消防局提供）新竹市台68線西向7.2公里處今下午發生小貨車翻覆的交通事故，由於車上滿載柏油及碎石，車輛翻覆後柏油碎塊灑在地上，也造成行車安全疑慮，小貨車上2名男子自行脫困，僅四肢擦傷。因事故現場散落大量柏油石塊及粉渣，相關單位已派員清理，提醒用路人行經該處小心駕駛，小貨車翻覆肇事原因仍待釐清。新竹市消防局今天下午1時58分接獲警方報案，指台68線西向7.2公里處發生車禍，現場無人受困，消防局派遣2車6人前往救援。消防人員到場時，發現一輛小貨車翻覆，車上27歲張姓男子及30歲孫姓男子已自行脫困，2人意識清楚，四肢有擦傷，經現場評估後由救護車送醫治療。請繼續往下閱讀...因小貨車載的柏油塊撒落地上，造成台68線道路行車安全疑慮，消防局通知相關單位處理，詳細事故原因仍待警方調查釐清。新竹台68東西向道路發生小貨車翻覆交通事故！車上柏油石塊掉滿地，2男輕傷送醫。（新竹市消防局提供）    ,https://news.ltn.com.tw/news/society/breakingnews/5555660
車子擋路被叭竟掏槍嗆聲 囂張男下場慘了,社會,2026/08/28 17:14,男子嗆聲要對方下車。（民眾提供）王姓男子前天（26日）開車行經彰化縣和美鎮愛物路，休旅車擋住，按鳴喇叭，休旅車主楊姓男子從屋內出來，與王男發生口角，甚至從車內拿出1把不明物品，但隨即放回座位，驅車離去。王男檢視行車紀錄器，赫然發現楊男手上竟是手槍，今天（28日）報案。警方旋即將楊男連同槍枝帶回，發現是空氣槍，訊後將其依妨害自由罪嫌函送法辦。警方檢視影片發現，王男前天傍晚開車行經愛物路，被休旅車擋住窄路右側，難以通行，按鳴喇叭後，楊姓男子從屋內出來，揮手示意王男開過去，王男擔心傷到輪胎或引擎，還質疑「這樣停車對嗎？」楊男惱怒打開車門拿出槍枝嗆聲，「下來啊！」王男回說，「你違停要打人唷？」楊男反嗆，「你要打人唷？」持手機錄影。請繼續往下閱讀...王男說，他原本以為對方要從車內拿棍子打人，沒想到事後檢視行車紀錄器，赫然發現竟是從車內拿出手槍，向警方報案提告。和美警分局說，王男日前上網PO影片網時，就已發現楊男是治安顧慮人口，今天立即循線將他連同槍枝帶回，初步檢視槍枝是空氣槍，送偵查隊鑑定。    ,https://news.ltn.com.tw/news/society/breakingnews/5555564
《寄生上流》翻版！雲林阿嬤住院老家疑遭他人入住 屋主超傻眼,社會,2026/08/28 16:53,屋主發現家中冷氣沒關、食物及補給品被偷吃，連瓦斯也都被用光。（圖由民眾提供）「寄生上流」翻版！雲林縣李姓民眾一家人忙於照顧住院的阿嬤，多日無人回到水林鄉老家，想不到昨一行人返回老家，竟發現冷氣沒關、食物及補給品被偷吃，連瓦斯也都被用光，懷疑老家被不明人士寄生，屋主將事情PO社群平台。經屋主報案後，警方表示，已採集不明腳印，擴大追查可疑對象。Threads帳號catcaty0610發文，指「沒想到電影裡的情節，竟然有一天會發生在我們家。阿嬤住院，今天回家打掃，結果一進門直接傻眼，冷氣沒關、碗沒洗，冷氣還開到像北極，棉被都拿出來蓋了。」整個情節宛如南韓電影「寄生上流」翻版，更不解阿嬤住院期間，是誰住在老家。請繼續往下閱讀...李姓民眾等人今下午接受媒體採訪，他表示，位在水林鄉的老家平常僅有阿嬤一人居住，今年3月阿嬤住院，因老家無人在家打理，大約每兩週就會有家人前往打掃，不過一個月前就發現有人生活的痕跡，不過當時以為是其他親友回到家中，因此並未在意。民眾表示，想不到昨天因為中元節拜拜返家，卻發現家中冷氣沒關，水槽中還有大量用過的碗沒洗，就連阿嬤平常喝的營養補給品也被喝了多瓶，就連廚房的瓦斯有被用光光，地上有留下不明腳印，經過詢問家人後，都無人在這段期間回老家，懷疑有不明人士住在家中，因此趕緊向警方報警。北港警分局表示，昨晚接獲民眾報案後，立即派員到場處理，並進行現場勘查、拍照蒐證及相關調查，將持續擴大調閱周邊監視器、訪查相關人員，釐清案情及追查可疑對象。此外更針對案發地周邊加強巡邏及守望勤務，防制類似案件發生。李姓屋主指出，廚房水槽碗盤都沒洗。（民眾提供）屋主發現房屋內有不明人士腳印。（圖由李姓屋主提供）屋主表示廚房瓦斯也被用光。（民眾提供）    ,https://news.ltn.com.tw/news/society/breakingnews/5555619
7歲童燒金紙釀禍！台中土地公廟暗夜火警 傳21年前助破「毒蠻牛」案,社會,2026/08/28 16:52,台中市西區光明福德祠今天凌晨傳出火警。（民眾提供）台中西區光明福德祠鄰近台中地檢、地院，今（28）日凌晨突傳火警，意外讓20多年前震驚全台的「毒蠻牛千面人案」受到關注，地方盛傳，當年辦案過程曾與這座土地公廟有段特殊淵源，檢警曾來此參拜，結果8天內迅速破案再度引發討論。2005年，台中市發生「毒蠻牛」駭人案件，嫌犯模仿日本千面人，將氰化物注入蠻牛、保力達B等飲品，再放入超商冰櫃，造成1死、多人受害，而在這起轟動全台的大案背後，地方一直流傳一段耐人尋味的「土地公傳奇」，相傳當年偵辦人員曾到該福德祠祭拜，之後案件偵辦出現關鍵進展，最終順利鎖定嫌犯。請繼續往下閱讀...只是究竟是巧合，還是信徒口中的神明保佑，這段傳聞卻一路流傳至今。未料今天凌晨近3點福德祠卻傳出火警，經查，一名7歲男童疑似趁半夜溜出門，進入廟內拿取放在櫃體上的打火機，點燃金紙玩耍，火勢隨即越燒越大，男童見狀竟騎腳踏車離開。消防局獲報後派出7輛消防車、1輛救護車及21名消防人員趕往搶救撲滅，燃燒面積約1平方公尺，無人受傷，所幸福德祠採「廟中廟」構造，土地公、虎爺等神尊供奉於原始小型建物內，這場火災並未傷及神尊。目前警方已通知男童監護人到案說明，確切起火原因仍待消防局火調科進一步鑑定釐清。消防人員趕往灌救。（民眾提供）    ,https://news.ltn.com.tw/news/society/breakingnews/5555595
盧正遭槍決26年！「4大新事證」申冤 最高檢不予聲請再審理由曝,社會,2026/08/28 16:49,盧正案家屬2010年到法務部撒冥紙抗議。（記者項程鎮攝）前警察盧正涉擄人撕票，2000年槍決；台灣冤獄平反協會提出鞋帶、膠帶及豬隻模擬實驗等新事證，促請檢察總長提起再審。最高檢察署召開6次專家諮詢及審查會議後，認定相關事證欠缺科學可靠性，不符再審要件，不予聲請再審。退警因2000元債務撕票 家屬質疑過度仰賴自白請繼續往下閱讀...盧正擄人撕票案發生於1997年12月，法院認定，曾任警察的盧正因2000元廣告費債務，勒斃外出收款的舊識詹春子棄屍，再打電話勒贖，依其自白、所畫路線圖及測謊等證據判處死刑，2000年9月執行槍決。家屬長期主張現場缺乏指紋、DNA等科學證據，且凶器認定存疑，質疑案件過度仰賴自白，恐有誤判；案件確定後，曾4度聲請檢察總長提起非常上訴、1度聲請再審，均遭駁回。冤獄平反協會認為，案件仍有尚待調查的新事證，足以動搖原判決認定，依「最高檢察署辦理爭議性死刑確定案件審查作業要點」，促請最高檢重新審查，希望由檢察總長為盧正提起再審。最高檢收案，調閱歷審卷證、監察院2份調查報告及過去特殊救濟資料，去年召開6次專家諮詢及內部審查會議，邀請外部專家、冤獄平反協會及協會所提專家列席，討論對被害人死亡原因、犯罪方式及盧正自白等爭點討論。最高檢指出，開啟再審的新證據必須兼具「新規性」及「確實性」，若屬鑑定意見，鑑定人還須具備相應專業能力，並以充分資料及可靠方法作成，不能僅因對原判決的證據取捨持不同看法，即認定屬於新證據。鞋帶、膠帶實驗 欠缺可比性冤獄平反協會提出宜蘭縣警局鑑識科股長藍錦龍所作「鞋帶、膠帶試驗」，質疑原判決認定的犯案工具及盧正單獨犯案的可能性。不過，最高檢認為，鞋帶試驗是以綑綁活人手臂的痕跡，比對死者頸部傷勢，兩者組織結構及受力情形不同；膠帶試驗使用的膠帶、運動襪材質也與案件不同，且部分實驗前提與現場影像不符，難以驗證及重現。筆錄鑑定、豬隻實驗及不在場證明 均不符再審要件協會另提出台大心理系副教授趙儀珊的筆錄鑑定，質疑盧正自白的正確性。最高檢認為，自白是否可信屬法院審判核心，不能由鑑定取代；趙儀珊的專長主要是被害人及兒童證人的司法訪談，是否具備鑑定成年被告供述的專業亦有疑義。加上鑑定未訪談盧正，也未參考歷審判決及完整卷證，主要依據協會提供的資料，資訊過於片面。至於台大昆蟲系教授蕭旭峰以豬隻進行模擬實驗，質疑被害人死亡時間。最高檢則指出，蕭旭峰不具法醫師資格，實驗又在案發25年後進行，環境、溫度、濕度及植被等條件不同，豬隻與人體的腐敗速度及昆蟲活動也有明顯差異，無法證明具有可比性及再現性。協會也主張，盧正案發當天已遭警方跟監，具有不在場證明。最高檢調查發現，此說法來自承辦警員在案發4年後接受監察院約詢時的「回憶或印象」，不僅缺乏原始卷證支持，也與警方當時跟監其他對象的資料不符。最高檢綜合審查後認定，冤獄平反協會所提事證均不符合再審新證據的「新規性」及「確實性」，全案也無提起非常上訴的事由，因此不為盧正聲請再審或提起非常上訴。盧正的姊姊盧屏（右2）一直為弟弟奔波陳情。（資料照）    ,https://news.ltn.com.tw/news/society/breakingnews/5555515
涉洗錢繳不出13萬易科罰金  女情緒激動橋檢墜樓亡,社會,2026/08/28 16:33,橋頭地檢署昨發生女子墜樓事件。（民眾提供）高雄市一名陳姓女子涉洗錢防制法遭法院判刑4個月，昨在前夫陪同下到橋頭地檢署執行，卻繳不出罰金13萬元，詢問易服勞役規定，一度情緒激動喊抓她去關，不料發生墜樓送醫不治，令前夫當場錯愕，檢警今確認死因為高處墜落。根據判決書資料，陳女於網路社群抖音認識1名林先生，對方獲悉她沒錢吃飯想借錢給她，但匯款被香港銀行凍結，需要提款卡才能匯入帳戶，去年10月提供銀行帳戶及提款卡給對方，不料卻被詐騙集團利用對3人進行網購詐騙。請繼續往下閱讀...橋頭地檢署將陳女依違反洗錢防制法起訴，橋頭地方法院今年5月依幫助犯判處陳女有期徒刑4月，併科罰金1萬元，得易科罰金，昨天在前夫陪同下，到橋頭地檢署執行。陳女繳不出罰金13萬元，詢問易服勞役規定，當下情緒激動，籌不到13萬元，一度大喊抓她去關，不料隨後發生墜樓，從3樓高度，墜落1樓大廳，送醫搶救仍不治，連前夫也很錯愕。檢警今天相驗死因，確認陳女為高處墜落喪命，家屬沒有異議。檢方表示，易科罰金可以分期付款，民眾可以提出申請，會視個案經濟狀況審查；易服勞役也會視個案身體狀況安排執行。    ,https://news.ltn.com.tw/news/society/breakingnews/5555591
永和無良慣竊專偷愛心捐款箱 犯12起不法所得逾9萬,社會,2026/08/28 16:28,新北市永和區接連傳出商家愛心捐款箱等財物遭竊。（記者鄭景議翻攝）新北市永和區日前接連傳出，商家愛心捐款箱及民眾財物遭竊，永和分局獲報展開追查，鎖定蘇姓男子涉重嫌，日前至永和區自由街一帶將他查緝到案。經清查，蘇男以相同手法至少犯下12起竊案，不法所得約9萬2000元，全案依涉嫌竊盜罪移送新北地檢署偵辦。警方調查，47歲蘇男平日居無定所，自本月初起開始在永和一帶尋找目標。蘇男專門挑選商家或社區人員忙碌、招呼不暇的空檔，以「順手牽羊」方式抱走櫃檯上的愛心捐款箱，或是偷走放置在旁的皮夾與貴重財物。蘇男不僅造成商家與民眾的財物損失，連要濟助弱勢團體的愛心捐款也一併搜刮。請繼續往下閱讀...蘇男居無定所且經常變換棲身地點，增添警方追緝難度。專案小組擴大調閱路口與沿線店家監視器畫面，鎖定蘇男活動軌跡與行蹤，26日上午9時許派員前往自由街一帶埋伏，順利將蘇男逮捕歸案。蘇男到案後坦承犯行，警方初估他至少涉及12起相關竊案，但身上的錢幾已花光，正持續擴大清查是否還有商家受害。    ,https://news.ltn.com.tw/news/society/breakingnews/5555572
台中七期商辦工地男墜樓身亡 身分曝光,社會,2026/08/28 16:22,警方獲報到採證。（民眾提供）台中市西屯區七期精華區興建中的商辦工地昨晚有男子墜樓身亡，警方連夜追查，確認死者是30歲男子，並非工地施工人員，死因仍待釐清，警方將報請檢方相驗。這起案件發生在昨晚8點多，地點在台中市政府及百貨商圈附近的七期核心區域，工地值班、守夜人員發現一名男子倒臥現場，通報警消，救護人員到場查看確認男子已無生命跡象，明顯死亡，未送醫。請繼續往下閱讀...警方獲報封鎖現場採證，死者身體無穿刺外傷，初步排除外力介入，但值夜人員、工地負責人或現場施工人員都沒有人能辨認男子身分，清查也沒有工地人員失聯。警方擴大調查，經身分比對及相關資料交叉查證，確認死者是從事服務業的30歲男子，並非施工人員，已聯繫上男子家屬。但男子如何進入工地？又是從何處墜落？工地樓層及鷹架區域監視設備有限，缺乏影像佐證，將報請檢方相驗釐清。    ,https://news.ltn.com.tw/news/society/breakingnews/5555500
手足一條心！高金素梅涉詐助理費  胞姊胞弟出庭不認貪污罪,社會,2026/08/28 16:19,台北地院今日開庭，傳喚高金素梅胞姊高金秋燕（見圖）、胞弟高金建華，2人對於刑度較重的貪污皆不認罪。（記者翁靖祐攝）無黨籍立委高金素梅涉嫌與助理張俊傑共謀詐領助理費等共787萬餘元，並違法輸入醫療快篩，張俊傑另涉以「台灣原住民多族群文化交流協會」向國營事業浮報詐領補助款，分別被台北地檢署起訴。台北地院今日開庭，傳喚高金素梅胞姊高金秋燕、胞弟高金建華，兩人對於刑度較重的貪污皆不認罪。高金秋燕對於所犯下的貪污、偽造文書、洗錢均否認犯行，她表示自己沒有負責助理的遴選也不負責申報助理費，更沒有經手申報程序，所以沒有犯意以及行為分擔。請繼續往下閱讀...針對起訴書所載不明金流部分，高金秋燕說明，因為胞弟高金建華的三女兒身體不好必須看病，因此姊弟妹3人說好，高金素梅每月資助12萬元，她自己每月資助5萬元，剩餘的錢則當教育基金等，而該帳戶則是由她所保管。高金建華否認貪污，但坦承犯下偽造文書，他說自己只是用前妻劉沛穎的名義領取薪資，但是他確實有執行助理業務，所以是他理應拿到的薪資。起訴指出，高金素梅2008年至2018年起，透過親屬作為人頭詐領公費助理補助以及立院育嬰津貼等，累計金額達787萬餘元。另外，高金於疫情期間，利用中央流行疫情指揮中心開放民眾以「個人自用」名義進口快篩試劑，輸入7萬多劑來自中國且未經查驗快篩試劑並發放；但這些試劑多未供申報人自用，涉嫌違反醫療器材管理法。張俊傑則是涉嫌於2015年至2016年間，利用台灣原住民多族群文化交流協會實際負責人身分，以辦理活動名義向原民會、中油、台電申請活動補助共1600萬餘元，但在補助款到手以後，卻未實際舉辦活動，並將補助款挪為私用。目前，承審法官林承歆本將高金素梅的庭期定在9月4日，但高金素梅的委任律師卻因為衝庭而向法官遞狀請假，法官同意以後也將高金素梅的庭期改到10月27日。金素梅胞弟高金建華。（記者翁靖祐攝）    ,https://news.ltn.com.tw/news/society/breakingnews/5555576
誤信LINE友代收大麻花包裹 中和6旬婦與車手4人毒品罪送辦,社會,2026/08/28 16:17,警方查扣以中藥材內暗藏逾1公斤大麻花的毒國際包裹。（記者邱俊福攝）新北市1名6旬陳姓婦人去年底網路交友遭跨國毒梟利用，毒梟將以中藥材內暗藏市值120萬元的1公斤大麻花國際包裹，直接自泰國寄往她住處，要求協助領取；刑事警察局偵三大隊第一隊據報直接登門逮人，並一路追查再先後逮2名車手與2名幕後操控車手共犯到案，依毒品罪嫌送辦，檢方近日已依法起訴。警方調查，去年底，60歲陳婦透過臉書交友結識暱稱「海納百川」男網友後，雙方便透過LINE聊天，變成好友，之後對方要求陳婦提供姓名、電話及地址作為收件資料，協助收取包裹，當時陳婦雖曾詢問是何物品，但對方一句「正常的！」基於信任，便沒有多加質疑。請繼續往下閱讀...去年12月13日，關務署台北關攔查一只自泰國寄送來台可疑國際快捷包裹，發現該包裹內有10個麻袋，每個麻袋內裝有中藥材香料，中藥材中間則暗藏大麻花，大麻花總重逾1公斤，企圖以中藥味道掩蓋大麻之氣味，躲避查緝。警方據報後，同月17日假扮郵差帶著毒包裹前往陳婦位於新北市中和區住處，當場逮捕陳婦，陳婦得知是毒品還嚇了一大跳，跟老公起爭執，之後配合警方誘出前往收取包裹的謝男，警方將謝男逮捕後，再度成功說服謝男配合下，謝男假意依上游指示先至附近旅館開房進行視訊開箱「驗貨」，上游在確認為大麻無誤後，又誘出余男前往取貨。警方逮捕余男後，經持續追查，又逮捕分別指示謝男、余男車手取貨的詹姓、邱姓男子到案，警方將陳婦等5人依毒品罪嫌移送台北地檢署偵辦。☆少一份毒品就多一份健康，自由時報提醒您遠離毒品☆關務署台北關攔查一只自泰國寄送來台可疑國際快捷包裹，發現該包裹內有10個麻袋，每個麻袋內裝有中藥材香料，中藥材中間則暗藏大麻花。（記者邱俊福翻攝）中藥材內暗藏大麻花。（記者邱俊福翻攝）    ,https://news.ltn.com.tw/news/society/breakingnews/5555510
忘繳牌照稅停路邊也會被抓！智慧停車柱通報 車主補稅又挨罰,社會,2026/08/28 15:33,勿心存僥倖！新竹陳先生車輛使用牌照稅逾期未繳，結果車輛停放路邊也遭科技執行追繳，不僅要補稅還要繳罰鍰。（新竹市稅務局提供）勿心存僥倖！新竹市一名陳姓車主因工作繁忙漏繳今年牌照稅，6月間將車停在公有路邊收費停車格，遭智慧停車柱查獲並通報，除須補繳稅款，還要追繳罰鍰，荷包大失血。稅務局也提醒，過往常有車主誤以為，使用牌照稅逾期未繳，只要未違規行駛，就不會被查獲。但若車輛行駛或停放在公共道路或路邊收費停車格遭查獲，除須補繳本稅，還可能處以1倍「以下」罰鍰。稅務局提醒，依《使用牌照稅法》第28條規定，逾期未完稅之交通工具，於滯納期滿後使用公共水陸道路經查獲者，除應補繳牌照稅外，並得處以應納稅額1倍以下的罰鍰。竹科陳先生因工作繁忙，忘記繳納今（115）年4月開徵的使用牌照稅，直到6月中旬外出時，將車輛停放於公有路邊收費停車格，經查獲未繳牌照稅後，除須補繳應納稅額，還要繳納罰鍰，一時疏忽，反增加額外負擔。請繼續往下閱讀...稅務局鼓勵車主可利用「長期約定轉帳納稅」服務，省時又便利。民眾可持自然人憑證或已註冊健保卡，至財政部稅務入口網申請，也可親至稅務局臨櫃辦理。    ,https://news.ltn.com.tw/news/society/breakingnews/5555490
光澤醫美針孔偷拍逾300人受害！ 9人起訴2主管求處重刑、創辦人被通緝,社會,2026/08/28 15:33,「光澤」醫美診所。（資料照）知名「光澤」醫美集團涉在雙北8家分店的診間、諮詢室、敷麻室、雷射室、恢復室裝設偽裝型監視器，竊錄診所消費者面容、更衣或裸露胸部，下半身等隱私部分，被害人逾3百人，包含4名未成年者，案件曝光後集團管理層還急忙成立群組進行全台大滅證拆監視器；新北地檢署今依違反兒童及少年性剝削防制條例、個人資料保護法共600多罪起訴集團營運協理陳志敏、資訊部主管唐詠傑、員工等9人，並對陳求刑16年、唐14年，監視器業者張朝銘7年。由於光澤醫美集團旗下中、西醫、岩盤浴等事業體，橫跨全國各縣市共48家分店，這次起訴範圍僅雙北8家分店就有逾300人被害者，其他分店及後續被害人仍在清查偵辦中；至於集團創辦人王朝輝於本案搜索前即已出境滯留中國，檢方雖對他發布通緝，但他仍置之不理，檢方今仍呼籲王朝輝，身為集團負責人，對本案相關事實及集團管理責任，應勇於面對司法，儘速返台投案，接受調查、釐清責任，切勿持續滯留境外規避司法程序。請繼續往下閱讀...檢警調查，陳、唐等人自2020年起至今年3月間，分別在板橋中山店、板橋館前店、三重正義店、三峽北大店、新莊幸福店、台北忠孝店、台北三民店、台北古亭店的診間、諮詢室、敷麻室、雷射室、恢復室裝設至少78支偵煙器、紅外線感應照明燈型的偽裝型監視器，竊錄診所消費者面容、更衣或裸露胸部、下半身等隱私部分。在愛爾麗醫美集團偷拍案曝光後，有民眾發現光澤診所板橋中山分店內疑裝設有偽裝監視器鏡頭而報案處理；王朝輝、陳、唐人等人獲知後擔心診所也遭調查，由唐男成立LINE群組「拆機大隊報」，指示群組成員從5月5日至5月8日間前往集團各分店拆除偽裝型監視器。檢方認為，陳、唐等人所為是系統性、無差別地窺視，並攝錄消費者裸露性影像，嚴重侵害憲法保障隱私權、人格權及身體自主權，導致被害人擔心遭非法攝錄後，處於惶恐、深怕私密影像外流焦慮，且陳、唐2人不思對消費者道歉、說明，無視其等恐慌，竟指揮員工進行全台大滅證，欺瞞警方監視器早已於數年前卸除，欲藉此誤導偵查，唐更於稽查過程中傳訊同事諷警方不會使用雲端進行調查，還說：「好期待收押禁見就可以輕鬆一點」，毫無悔意。檢方斥責陳、唐2人利用消費者信任犯行，犯後更湮滅證據，迄今仍否認犯行，推諉卸責，不願誠實面對對被害人帶來的傷害，為捍衛社會善良風俗、保護人民及兒少身心安全，須嚴懲此等罔顧醫德及隱私的無良企業主，針對陳、唐2人求處上述徒刑、員工江勁緯求刑7年；承包板橋中山店、館前店、三重正義店、台北三民店及古亭5分店的監視器業者張朝銘亦求刑7年。光澤創辦人王朝輝迄今仍滯留中國，檢方已對他發布通緝。（取自IG）    ,https://news.ltn.com.tw/news/society/breakingnews/5555501
監守自盜！高階工程師偷改雲端計費設定 害中華電信少收3300萬,社會,2026/08/28 15:23,檢方偵查認定李男涉嫌利用職務取得的系統權限，使自己實際經營的公司免付鉅額雲端服務費，並於事後偽造文件對外說明，依背信、妨害電腦使用及偽造文書等罪嫌提起公訴。（資料照）中華電信李姓前高階工程師涉嫌利用職務權限，替自己經營的公司「免單」雲端服務費，再對外承接網站架設牟利，造成中華電信至少短收3300萬元；中華電信發現帳務異常後展開清查，李男還疑似偽造公司通知信，向客戶掩飾網站可能斷線的真正原因。台北地檢署偵結，依背信等罪起訴。檢方調查，李男自2004年9月起任職中華電信，在雲端系統處資料中心及雲端機房維運科擔任高階工程師，負責雲端機房設備、網路維護及客戶障礙排除等業務，因此持有公務帳號，可在必要時替客戶進行業務查測及模擬使用情境。請繼續往下閱讀...不過，李男任職期間，同時也是層次數位空間有限公司（LAB Space）實際負責人。檢方查出，他自2017年間起，涉嫌未經授權使用中華電信公務帳號，將LAB Space向中華電信承租的雲端服務設定為「不出帳」，讓系統不再定期計算及收取相關服務費。LAB Space因此得以長期無償使用中華電信雲端資源，再對外替台北市文化基金會等機構及其他公司客戶架設網站、提供相關服務並收費營利。期間部分雲端服務帳務陸續出現異常，中華電信於2023年2月間察覺有異後展開清查，追查發現李男涉嫌多次變更計費設定，使LAB Space使用的雲端資源未被正常計價，經估算至少造成中華電信短收3300萬元服務費。檢方另查出，中華電信展開清查後，李男疑因擔心原先替客戶架設的網站隨雲端資源遭關閉而無法使用，涉嫌偽造中華電信通知信，佯稱公司將進行主機移機，向LAB Space客戶表示網站屆時可能暫時無法對外連線，藉此解釋網站異常原因。檢方偵查後，認定李男涉嫌利用職務取得的系統權限，使自己實際經營的公司免付鉅額雲端服務費，並於事後偽造文件對外說明，依背信、妨害電腦使用及偽造文書等罪嫌提起公訴。    ,https://news.ltn.com.tw/news/society/breakingnews/5555493
幸福人壽掏空案更二審  判鄧文聰吐1.56億美元、傅崐萁財產免沒收,社會,2026/08/28 15:16,前幸福人壽董事長鄧文聰掏空幸壽資產127億元，高等法院更二審今宣判，認定應沒收犯罪所得1億5664萬美元。（資料照）前幸福人壽董事長鄧文聰掏空幸壽資產127億元，挪用資金向渣打、瑞士EFG銀行違法質借2200萬美元及2億多美元，被判應執行27年徒刑、併科罰金8.5億元定讞，已在監執行，案件有關犯罪所得沒收部分則經最高法院撤銷發回。高等法院更二審今宣判，認定鄧文聰應沒收犯罪所得1億5664萬美元；另因國民黨立委傅崐萁被列為沒收程序參與人，法院則判其財產不予沒收。全案仍可上訴。高院更二審此次僅針對沒收部分進行審理，另判參與人富創建設因他人違法行為無償取得的2億5678萬752元、富翔開發1億7524萬元、億大聯合9億2157萬6702元犯罪所得，除應發還被害人或得請求損害賠償者外，均予以沒收；若全部或一部不能沒收或不宜執行沒收，則追徵其價額。請繼續往下閱讀...至於幸福人壽前董事長黃正一已死亡，法院就其沒收部分判決公訴不受理；另外，包括被告黃琵琉、黃韻伃、黃韻瑾、黃韻冰、黃俊凱、傅崐萁及偉新國際興業有限公司等參與人的財產，均不予沒收。傅崐萁之所以被列為沒收程序參與人，與幸福人壽股權交易有關。據了解，黃正一2007年間曾將幸福人壽股票轉讓給「榮亮實業」，該公司由傅崐萁妻子徐榛蔚家族出資成立，因此法院在審理沒收部分時，通知傅崐萁參與程序並陳述意見。鄧文聰2007年8月間將幸福人壽5000萬美元資產移往EFG銀行成立STAAP基金，之後將自己設立的Surewin、High Ground兩家公司佯稱為關係企業，再以STAAP基金提供擔保，向EFG銀行借款2200萬美元，將資金挪作私人企業使用。鄧文聰2008年1月接任幸福人壽董事長後，又將公司1億5600萬美元資產委託EFG銀行成立SFIP基金，再以基金資產質押借款，並將款項轉匯至私人帳戶。金管會後來查核發現，幸福人壽有超過2億美元資產遭質押，其中1億9384萬餘美元因借款未獲清償，遭EFG銀行凍結，因而將案件移送偵辦。鄧文聰最終遭判刑27年確定，目前在監執行。    ,https://news.ltn.com.tw/news/society/breakingnews/5555470
高學歷女翻譯幫人帶行李賺4000元  未料被查獲毒品重判8年6月,社會,2026/08/28 14:53,黃姓女子貪4千元小錢幫人從泰國拿行李返台，結果被查獲千萬元毒品。（資料照）首次上稿10:58更新時間14:53具大學學歷且曾任翻譯工作的黃姓女子，受未曾謀面的網友以日薪4000元及包辦機酒為代價，從泰國代為託運行李箱回台，黃女搭機抵達高雄小港國際機場時，當場被海關查獲3.7公斤的海洛因，法官依運毒罪判徒刑8年6月。判決指出，今年4月間，黃女透過通訊軟體受綽號「林仕華」、「陸凱杰」的男子委託，由對方免費提供機票與住宿安排赴泰。4月11日，黃女在泰國飯店收受不詳男子交付的行李箱後，於次日凌晨搭乘泰國亞洲航空班機飛抵高雄機場，隨即遭海關攔查，起獲市價逾千萬元、重3738公克的第一級毒品海洛因。請繼續往下閱讀...高雄地方法院審理時，黃女坦承犯行，但辯稱自己有聽說不能任意將他人行李箱帶回國，但不曉得行李箱裡裝的是毒品。法官認為，黃女擁有大學學歷且從事翻譯，明知不能隨意幫陌生人託運行李，且對方給予的報酬遠高於一般運費，顯已預見行李箱內極可能夾藏管制毒品，卻仍基於「不確定故意」參與運輸，應論以共同正犯。法官考量黃女自偵查至審理階段均坦承犯行，符合《毒品危害防制條例》自白減刑規定，且她僅為最底層運毒人員，尚未取得約定報酬即遭查獲，毒品未流入市面，若科以最低法定刑仍嫌情輕法重，遂再依法酌量減刑，遞減後判徒刑8年6月，可上訴。☆少一份毒品就多一份健康，自由時報提醒您遠離毒品☆    ,https://news.ltn.com.tw/news/society/breakingnews/5555160
超商結帳見2400元現金袋掉地 男子秒撿塞口袋慘了,社會,2026/08/28 14:24,詹男見塑膠袋內有2400元，秒放進口袋。情境圖。（記者顏宏駿攝）家住員林市的蔡男到超商櫃臺結帳時，不慎將裝有2400元現金的塑膠袋掉在地上，隨即離去。當時站在一旁的詹男見狀立即撿起袋子，把得手的現金塞進褲子口袋，快步走出超市大門，騎腳踏車離開，蔡男報警處理。法官認定詹男觸犯侵占罪，判罰6000元，所得2400元現金沒收。判決書指出，蔡男發現錢掉了，立即找到詹男，詹男當面拿出塑膠袋，袋裡卻空無一物，他對蔡男說，「我拿到的時候就沒錢」。請繼續往下閱讀...蔡男氣不過，跑到派出所報警，警方調閱監視器畫面，並通知詹男到案說明，詹供稱，自己撿起塑膠袋時就沒錢了，他還在現場苦等了5、6分鐘，均無人前來認領塑膠袋，後來他有急事才離開。該案審理時，法官勘驗監視畫面，監視器畫面則顯示，詹男在蔡男結帳時全程站在身旁低頭觀看對方翻找現金，袋子落地後他立刻撿起塞進口袋離店，並無等待5、6分鐘的情形。法官認為，他對袋內有現金知之甚詳，所辯不足採信。法院審酌詹男拾獲他人遺落財物後據為己有，欠缺尊重他人財產權觀念，犯後否認犯行，雖與告訴人達成和解，卻未賠償損失金額，量處罰金6000元。    ,https://news.ltn.com.tw/news/society/breakingnews/5555407
10萬懸賞找「海瑞溫斯頓」婚戒！還原「妻下車」畫面 失主報案了,社會,2026/08/28 13:28,熊先生在Threads貼文懸賞10萬找婚戒。（圖由熊先生授權）台中市熊姓男子婚戒遺失在Threads急祭10萬元懸賞，吸引民眾趕赴大誠街「全民尋寶」，甚至鑽入排水溝地毯式搜尋，警方今天說，有受理這對夫妻遺失物報案，並協助調閱監視器還原當時經過，但目前戒指仍未尋獲，原po也再度更新留言，「檢查車子的輪胎縫、座椅全拆，但一樣也沒有找到」。由於婚戒對夫妻意義非凡，失主急得祭出10萬元懸賞協尋，消息一傳開，立刻吸引不少熱心民眾加入尋找行列，有人拿著手電筒逐一查看草叢、車底及路旁角落，甚至合力掀開水溝蓋，鑽入下水道搜尋，第一分局大誠所於27日中午12時31分也接獲報案，受理失主在大誠街49巷與興民街口遺失物品案件，並協助調閱監視器，希望從影像釐清戒指可能遺失的位置。請繼續往下閱讀...而監視器畫面也記錄下當天停車過程，畫面顯示，26日下午3時38分，一輛轎車緩慢駛入巷內，準備停靠在一輛挖土機後方附近，車輛停穩後，坐在副駕駛座的妻子先開門下車，先生再將轎車往前推進並停妥。由於失主研判戒指可能就在下車處附近，消息曝光後，熱心民眾陸續前往現場尋找，從路邊、草叢一路找進周邊車底，連水溝都不放過，有人還在Threads留言分享現場搜尋情況，形容大家「找得好認真」，甚至有網友急問「從彰化趕過來得及嗎」、「建議使用金屬探測器」。熊先生再度更新留言，「檢查車子的輪胎縫、座椅全拆，但一樣也沒有找到」。（圖由熊先生授權）張貼在大誠街的懸賞啟示。（民眾提供）妻子下車的畫面。（民眾提供）    ,https://news.ltn.com.tw/news/society/breakingnews/5555335
高金素梅涉貪再多2破口！ 特助、胞弟前妻均認貪污罪求緩刑,社會,2026/08/28 13:24,無黨籍立委高金素梅（右）涉嫌與助理張俊傑共謀詐領助理費等共787萬餘元，並違法輸入醫療快篩，張俊傑另涉以「台灣原住民多族群文化交流協會」向國營事業浮報詐領補助款，分別被台北地檢署起訴。（資料照）無黨籍立委高金素梅涉嫌與助理張俊傑共謀詐領助理費等共787萬餘元，並違法輸入醫療快篩，張俊傑另涉以「台灣原住民多族群文化交流協會」向國營事業浮報詐領補助款，分別被台北地檢署起訴。台北地院今開庭，傳喚高金素梅胞弟高金建華胞弟前妻劉沛穎及高金素梅特助高智偉，兩人均坦承犯行盼可以緩刑。劉沛穎、高智偉均坦承犯行，並表示希望可以以支付公庫作為緩刑條件。與先前25日認罪的高金素梅辦公室主任利春仁不同的是，今日認罪的兩名被告所涉及的犯罪區塊包含詐領助理費，所涉犯的罪行是貪污治罪條例的部分，刑度明顯高上許多。請繼續往下閱讀...庭畢以後，劉沛穎走出法庭向媒體表示不受訪，快步離去。而陪同她出庭一名穿著粉紅色短Ｔ男子更對媒體吼道「你們要幹嘛」、「我們不受訪」甚至一度出手阻擋媒體拍攝，直至被抗議後才罷休。另外，上午開庭還有傳喚高金素梅的前公費助理、現任蘭嶼鄉代表呂俠及另名前公費助理露子吉尤，兩人均否認犯罪。起訴指出，高金素梅2008年至2018年起，透過親屬作為人頭詐領公費助理補助以及立院育嬰津貼等，累計金額達787萬餘元。另外，高金於疫情期間，利用中央流行疫情指揮中心開放民眾以「個人自用」名義進口快篩試劑，輸入7萬多劑來自中國且未經查驗快篩試劑並發放；但這些試劑多未供申報人自用，涉嫌違反醫療器材管理法。張俊傑則是涉嫌於2015年至2016年間，利用台灣原住民多族群文化交流協會實際負責人身分，以辦理活動名義向原民會、中油、台電申請活動補助共1600萬餘元，但在補助款到手以後，卻未實際舉辦活動，並將補助款挪為私用。目前，承審法官林承歆本將高金素梅的庭期定在9月4日，但高金素梅的委任律師卻因為衝庭而向法官遞狀請假，法官同意以後也將高金素梅的庭期改到10月27日。    ,https://news.ltn.com.tw/news/society/breakingnews/5555306
夫妻懸賞10萬發動脆友急尋  價值15.3萬「鑽石之王」婚戒解碼,社會,2026/08/28 13:12,"海瑞溫斯頓Tryst密釘鑲嵌單排鑽石戒指，鉑金底座鑲嵌29顆圓形明亮式切工鑽石，總重約0.12克拉，約153,000元。（海瑞溫斯頓提供）台中一名男子因遺失婚戒，在Threads祭出10萬元懸賞，當事人表示婚戒對他意義重大，已經不是金額的問題，引發網友聞訊幫忙尋找，甚至翻開水溝蓋、鑽車底，一夜苦尋但截至目前戒指仍下落不明。據了解，這枚讓男子戀戀不捨的戒指，出自紐約知名珠寶品牌海瑞溫斯頓（Harry Winston），款式則是Tryst密釘鑲嵌單排鑽石戒指，台幣定價約15萬3000元。這款戒指最大特色在於兩條優美的弧線交錯，融合品牌經典的鑽石工藝和摩登設計，簡約優雅的設計，不論是單獨佩戴或是混搭其他珠寶都適合，因此一直是人氣款式。請繼續往下閱讀...海瑞溫斯頓一向有「鑽石之王」美稱，特色在於嚴選頂級D、E、F色度與高淨度稀有美鑽，搭配隱形鉑金底座鑲嵌技術，讓鑽石呈現最極致的火光，婚嫁系列更是許多新人夢寐以求的殿堂級首選。    ",https://news.ltn.com.tw/news/society/breakingnews/5555336
1顆不夠！彰縣160戶靠住警器逃生 消防局籲「多裝保命」,社會,2026/08/28 13:11,消防局宣導民眾裝設住警器。（消防局提供）許多人以為家裡有裝「1顆」住宅火災警報器就夠了，事實上，如果只裝在客廳，房間門關起來睡覺時，根本聽不到警報聲，彰化市某民宅6月發生火災，起火點位於2樓，正好2樓多裝了1顆住警器，當場鈴聲大作，一家人順利逃生。彰化縣消防局指出，自推動裝設住警器以來，迄今已累積160件成功示警逃生案例，為達到真正的保命效果，住警器最好「裝好、裝滿、裝對地方」。消防局指出，根據內政部消防署今年上半年火災統計，全國火災造成的總損失約4億2000萬元。住宅用火災警報器最大的價值，就是在火苗尚小、星星之火未成燎原之際及早示警，為民眾爭取最寶貴的應變時間。請繼續往下閱讀...不同以往，今年6月彰化市彰南路發生的一起住宅火警，提供了一個值得借鏡的防火案例。該案起火點位於2樓，屋主除於1樓裝設縣府補助的住宅用火災警報器，也依空間配置，自主於2樓起居室裝設第2顆住警器。正因民眾有自主增設，補足了公部門補助首個住警器未涵蓋的防護範圍，火災發生時才能及早偵知2樓的火煙、及時發現火災並迅速應變，有效遏止火勢蔓延，大幅降低人命傷亡及財物損失，充分展現「一個不嫌少、多裝更安全」的防火效益。消防局表示，單靠一個住警器，未必能全面涵蓋建築物各活動空間，因此呼籲民眾應依空間特性，於各居室、走道、廚房及其他適當位置增設不同型式的住警器，建構更完整的居家防火安全網。2樓洗衣間起火，起居室裝設第2顆住警器，讓住戶順利逃生。（消防局提供）彰化市民宅2樓洗衣間起火，起居室裝設第2顆住警器，讓住戶及時逃生。（消防局提供）消防局對民眾宣導裝設住警器。（消防局提供）    ,https://news.ltn.com.tw/news/society/breakingnews/5555349
撿手機失足落海！ 泰籍釣客望幽谷受困長浪獲救,社會,2026/08/28 13:04,海巡署第二岸巡隊八斗子漁港安檢所出動救生艇，冒著沙德爾颱風帶來的長浪，將落海泰國籍男子救起。（海巡署第二岸巡隊提供）泰國籍男子今天（28日）上午獨自1人至基隆市潮境公園望幽谷海域垂釣，為了搶救不慎滑落的手機，失足落海，在海面上載浮載沉。基隆市消防局獲報趕抵，受沙德爾颱風長浪影響，無法施放小艇搶救，轉報海巡署第二岸巡隊八斗子漁港安檢所出動救生艇，才順利將落海男子救起。基隆市消防局今天上午10時獲報，潮境公園望幽谷有名泰籍男子在垂釣時失足落海，消防隊員趕抵時，發現望幽谷海域受沙德爾颱風長浪環流影響，海象惡劣無法施放救生艇搶救，轉報海巡署第二岸巡隊八斗子安檢所調派救生艇馳援。請繼續往下閱讀...海巡人員乘著救生艇，頂著風浪抵達案發海域，將泰籍男子平安救起後，載回基隆市八斗子漁港。所幸該泰籍男子意識清楚、身體狀況穩定，隨後由救護車送往衛生福利部基隆醫院救治。第二岸巡隊提醒，受沙德爾颱風外圍影響，近期海象變化劇烈且常有長浪，民眾臨海活動應嚴密評估氣象與自身狀況，切勿冒險下水；若遇緊急危難，請撥打海巡「118」專線求助。海巡署第二岸巡隊八斗子漁港安檢所出動救生艇，冒著沙德爾颱風帶來的長浪，將落海泰國籍男子救起。（海巡署第二岸巡隊提供）    ,https://news.ltn.com.tw/news/society/breakingnews/5555332
負債族再被剝一層皮！夫妻假冒銀行騙卡盜刷 遭求刑10年以上,社會,2026/08/28 12:56,苗栗地檢署偵結，認2家公司涉犯組織犯罪防制條例、洗錢防制法、詐欺等罪，將2家公司的負責人侯男、曾女夫妻檔提起公訴，皆求處10年以上有期徒刑。（資料照）侯姓男子、曾姓女子為夫妻，2人分別在高雄市各成立一家國際行銷公司，涉嫌假借債務整合名義，詐騙民眾交付信用卡，再以網路刷卡方式取得財物，作為債務整合手續費。苗栗地檢署偵結，認2家公司涉犯組織犯罪防制條例、洗錢防制法、詐欺等罪，將侯男、曾女提起公訴，皆求處10年以上有期徒刑，並向法院聲請宣告擴大沒收2家公司2億8千餘萬元內之犯罪所得。苗栗地檢署指出，侯男、曾女為夫妻關係，2人分別在高雄市各成立一家國際行銷公司並為公司負責人。2家公司以隨機自動撥號方式聯繫不特定之民眾，向民眾佯稱為富邦銀行或與其有特約關係，推出整合降息方案等，然實際上該2家公司代送之文件，為消費者債務清理條例第151條前置協商相關文件，依規定金融機構均不接受由代辦公司代辦。請繼續往下閱讀...苗檢表示，該2家公司使民眾誤信進而接洽後，要求交出信用卡，公司人員持民眾之信用卡於網路進行購物，使民眾再負擔信用卡債務，迨該公司人員取得網路購物所得商品後，再轉賣前開商品獲取不法所得，並稱之作為債務整合手續費。案經苗檢檢察官吳珈維指揮刑事警察局及苗栗、台中、高雄等地警方偵辦，近日偵結。檢察官認2家公司假冒銀行詐騙原已有多筆負債之被害人，向原已陷入困境之被害人收取高額詐騙所得，使被害人經濟、信用狀況更加惡化，犯罪之動機、目的、手段均屬惡劣。其中，檢察官認為，侯男、曾女為此案犯罪組織之核心成員，也分別為該2家公司實際負責人，最終為實際取得犯罪所得之人，依法對2人提起公訴，皆求刑10年以上，另二公司長年以此為業，並依詐欺犯罪危害防制條例第48條第2項，向法院聲請宣告擴大沒收2億8千餘萬元內之犯罪所得。☆自由時報電子報提醒您，防詐騙專線︰165，報案專線︰110☆    ,https://news.ltn.com.tw/news/society/breakingnews/5555296
羅東夜市深夜濺血！2醉漢「對眼惹禍」 抄酒瓶磚頭爆頭互告,社會,2026/08/28 12:35,涉嫌在夜市鬥毆的61歲江男與46歲黃男，平時愛在超商外小聚貪杯，未料發生口角。（民眾提供）宜蘭羅東夜市深夜驚傳濺血衝突！常在超商騎樓飲酒的2名男子，疑酒後「對到眼」引發不滿，當街上演全武行。雙方火氣一來，連酒瓶、磚塊都淪為武器，在馬路旁凶狠互砸，驚悚爆血畫面讓路過民眾捏把冷汗，警方獲報隨即趕往壓制。警方調查，涉嫌鬥毆的61歲江男與46歲黃男是超商常客，平時愛在店外小聚貪杯。27日凌晨零時許，兩人幾杯黃湯下肚，僅因細故口角，甚至認為對方眼神挑釁，竟從大聲互嗆演變成激烈肢體衝突，完全無視街上仍有人車通行。請繼續往下閱讀...監視器畫面拍下，兩人在馬路旁激烈纏鬥，其中一人一度遭撂倒在地，場面極度失控。這場「深夜格鬥」讓雙方雙雙掛彩，江男與黃男因分持重物猛砸，導致頭部及手部皆有撕裂挫傷，所幸經緊急送醫包紮治療後，兩人意識清醒無生命危險。警方進一步蒐證，確認兩人均有持械攻擊行為。儘管頭破血流，這對酒友在醫院清醒後依舊火氣未消，堅持對彼此提出傷害告訴，互不相讓。警方訊後，依傷害罪準現行犯將江、黃依法逮捕，並移送宜蘭地檢署偵辦。☆飲酒過量  有害健康  禁止酒駕☆羅東夜市深夜濺血，2醉漢「對眼惹禍」，抄酒瓶磚頭爆頭互告。（民眾提供）    ,https://news.ltn.com.tw/news/society/breakingnews/5555288
打電動太入迷！19歲女沒發現竊賊靠近 皮夾遭順手牽羊,社會,2026/08/28 12:34,男子進入店內大膽的竊取女遊客皮夾。（記者劉慶侯翻攝）19歲胡姓女子昨日晚間在電動遊藝場打遊戲太過專注，路邊有人經過發現只有她一人在店內，居然逕直走入，大膽拿走她的皮夾便迅速離開。警方現根據監視畫面循線追緝這名大膽的歹徒行蹤和身分中。警方表示，胡女是昨日晚間8時左右，在台北市士林區文林路上的電動遊藝場打電動，因太過入神，以致要離開時，才發現身邊放的粉紅色皮夾不翼而飛，損失共計2900元。請繼續往下閱讀...士林分局文林派出所獲報隨即趕往現場調閱監視畫面，有名男子經過遊藝場，發現店內只有胡女一人正獨自打電動，隨後便探頭探腦的走進店內，竟然就直接將對方皮夾拿走後立即返身逃逸。由於店內監視器清楚拍下男子面貌，警方現同步調閱街頭監視畫面，循線追查對方行蹤，現已鎖定特定對象，刻正追緝犯嫌中。    ,https://news.ltn.com.tw/news/society/breakingnews/5555262
阿里山福美吊橋景觀平台未落實安全檢測 遊客重傷判國賠218萬,社會,2026/08/28 12:21,福美吊橋旁景觀平台的木棧板斷裂，遊客墜地1死4傷。（嘉義縣政府提供）嘉義縣阿里山鄉山美村福美吊橋旁景觀平台在2024年11月發生通往景觀平台棧道棧板突然斷裂脫落意外，造成當時走在棧道上遊客陸姓女子從高處墜落重傷，陸女請求國賠，嘉義地院近日審理後，認為阿里山鄉公所管理上顯有欠缺，判決須賠償218萬餘元，全案可上訴。這起意外發生在2024年11月13日，造成當時走在棧道上5名來自苗栗縣退休公教人員遊客團員，從約3公尺高墜地，重摔地面，其中76歲廖姓婦人傷重不治，其餘包括陸女等4人送醫救護，均無生命危險。請繼續往下閱讀...陸女（62歲）提告指出，意外造成她創傷性胸椎骨折、創傷性腰椎骨折等傷勢，請求阿里山鄉公所賠償醫療、不能工作損失等費用合計218萬餘元。判決書表示，福美吊橋與景觀平台係中華民國紅十字會總會於2010年間主辦興建，後經嘉縣政府於2011年召開「阿里山鄉山美、新美、茶山等村基礎工程推動進度檢討會」等決議，將福美吊橋與景觀平台交由阿里山鄉公所接管養護，因此鄉公所為福美吊橋與景觀平台管理機關。阿里山鄉公所主張，嘉縣文化觀光局每2年均會進行福美吊橋與景觀平台安全檢測與維修評估，且在事故發生的2024年間，曾由專業技師進行現場會勘與勘查，均未發現景觀平台有任何異常。但法院根據會勘技師證稱，現場勘查僅針對福美吊橋本身，未涵蓋景觀平台；且阿里山鄉公所長期未對景觀平台的內部構件實施實質安全檢測，任由平台螺栓上方梁木構件內部破壞加劇，現場也未設置任何警示標語或人數限制告示，持續開放使用，以致結構斷裂釀成事故，公所就公有公共設施的管理上確實有欠缺。判決書表示，阿里山鄉公所應依「國家賠償法」負起損害賠償責任，賠償陸女醫療等費用計約218萬餘元。    ,https://news.ltn.com.tw/news/society/breakingnews/5555291
是誰亂丟？鹿港清潔隊員收回收慘遭「毒液噴濺」腿灼傷急送醫,社會,2026/08/28 12:11,鹿港清潔隊員收垃圾慘遭不明液體灼傷左小腿。（清潔隊提供）是誰亂丟？彰化縣鹿港鎮公所1名清潔隊員昨天（27日）在清運資源回收物時，突然從回收物中噴濺出不明液體，其左腿當場遭灼傷，火速送醫治療；清潔隊長陳雅婷指出，初步了解應是民眾丟棄回收物時，沒有落實清潔及分類所導致，呼籲民眾丟棄高壓空瓶或有強酸強鹼類物品時，應先排空再加註警示，或口頭講一聲，以確保清潔隊員的安全。陳雅婷說，昨天下午清潔隊在鹿港鎮執行收垃圾、資源回收物任務時，其中1名隊員在收取回收物時，突然感到左小腿有灼熱疼痛感，將褲管掀開赫然發現左小腿一片紅腫，疑似遭到不明液體灼傷，當下趕緊就醫，所幸沒有造成嚴重傷害；事後該名隊員請公傷假在家休息。請繼續往下閱讀...她指出，民眾未落實分類，可依違反廢棄物清理法第12條並依同法第50條第1項第2款處1200以上10萬元以下罰鍰；呼籲手上的垃圾如果含有卡式爐瓦斯罐、噴漆、漂白水、強酸鹽酸或鋰電池，千萬不要直接丟進回收車，請先排空再獨立打包，並在袋子外加註警語，親自交給清潔隊員，並口頭講一聲，一秒鐘的貼心，可以保護辛苦的清潔隊員安全。鹿港清潔隊呼籲民眾落實分類確保隊員安全。（清潔隊提供）    ,https://news.ltn.com.tw/news/society/breakingnews/5555273
欠稅49萬元 桃園執行署啟動追車機制查封拖吊公司車,社會,2026/08/28 12:01,行政執行署桃園分署查封並拖吊欠稅、費室內裝潢公司的公司車。（桃園分署提供）桃園市中壢區1間室內裝修公司積欠營業稅、牌照稅、全民健康保險法與勞工退休金條例費用等共49萬餘元，法務部行政執行署桃園分署透過與桃園市政府地方稅務局、交通局間的車輛追查合作機制，掌握該公司的公司車去向，並拖吊回桃園分署保管場存放，該公司負責人同意以每月1萬6000元分期繳納欠稅、費後，才順利領回車輛。該公司因欠稅、費於今年4月起陸續移送桃園分署執行，桃園分署26日上午接獲合作機制通報該公司的公司車停放在桃園區正康二街路旁停車格，執行人員立即前往查封車輛並拖走，該公司負責人才緊急與桃園分署聯繫，同意分期繳納欠稅、費，桃園分署於收到第1期繳納款項後，已將查封的車輛交還該公司保管。請繼續往下閱讀...另，平鎮區李姓女市民積欠2013年、2015年到2019年、2024年度牌照稅12萬餘元，10日移送桃園分署執行，桃園分署同樣透過合作機制，21日發現李女的車輛停放在桃園區經國路附近的停車格，執行人員趕抵準備拖吊車輛時，李女趕來，當場轉帳繳納10萬元，車輛才沒被拖走，李女後續已於24日繳清欠稅。    ,https://news.ltn.com.tw/news/society/breakingnews/5555250
桃園環保稽查員包庇違法土方業者 收水果禮盒判刑2年6月,社會,2026/08/28 11:56,桃園地方法院依貪污治罪條例，判處巫姓男子有期徒刑2年6月。（記者周敏鴻攝）巫姓男子2014年在桃園市政府環境管理處中壢區中隊擔任稽查員期間，包庇土方業者回填整地，事後還接受業者送的水果禮盒，出席餐宴，因違反貪污治罪條例被起訴，桃園地方法院審結，因他觸犯貪污治罪條例「違背職務期約不正利益罪」，判處有期徒刑2年6月，褫奪公權1年6月。判決指出，土方業者2014年5、6月間，承包中壢區中原段1處土地的回填整地工程，業者未向市府申請許可，載運剩餘土石方車輛、機具也未持有剩餘土石方產生源與處理地點等證明文件，憂心被稽查而挨罰，透過他人介紹後，聯繫上巫男，雙方同年5月25日碰面後，約定業者送水果禮盒或提供餐宴，換取巫男的不予稽查、裁處。請繼續往下閱讀...巫男因違反貪污治罪條例，被判處有期徒刑2年6月，桃院表示，巫男為環保稽查員，當竭盡心力為民服務，卻不思廉潔自持，徇私枉法而對違背職務上的行為期約不正利益，明知土方業者未依法清運回填土石方，卻未依規定加以管制、取締，不僅損害公務員應有之清廉形象，更動搖人民對公務員依法行政之信心，破壞公務機關之聲譽，所為實有不該。    ,https://news.ltn.com.tw/news/society/breakingnews/5555249
BMW國3自撞後飄回車道、車門突開 疑底盤三角架斷裂惹禍,社會,2026/08/28 11:56,白色BMW轎車的右前方毀損嚴重。（國道七隊提供）國道3號草屯路段發生BMW轎車自撞護欄後，飄移至車道又開門的事故，嚇壞後方車輛駕駛，所幸沒有發生追撞事故，BMW陳姓駕駛沒有酒駕，疑因底盤三角架斷裂失控自撞，國道七隊呼籲用路人行車前檢查車輛狀況，萬一途中發現車輛有異狀停靠路肩或避車道，人員面向來車退到安全處。這起自撞事故發生在昨（27）日下午近4點，一部由35歲陳姓男子駕駛的白色BMW轎車，行駛在國道3號南向217.7公里處（草屯路段），突然從路肩自撞護欄，車子回彈飄移至車道，且還車門微打開，後方車輛發現後走避，沒有發生追撞。請繼續往下閱讀...BMW轎車陳姓駕駛酒測值為0，肇事原因有待國道公路警察局第七大隊調查。不過警方初步研判，事故原因疑與該車底盤三角架斷裂造成車輛失控有關。國道七隊提醒，行車前應檢查車況，巡視胎壓和胎紋深度，避免因車輛機件損壞造成危險。萬一在國道車子發生有異狀，要趕快停靠路肩或避車道，人走出來後要面向來車，且退到安全處，並利用1968APP警政報案功能，向國道警察求援。據了解，汽車底盤三角架（控制臂）斷裂或嚴重損壞非常危險，會導致車輪定位跑掉、行駛中方向盤無法精確控制、甚至在過彎或煞車時失控。白色BMW轎車（紅圈處）失控撞護欄。（圖由threads網友young790226提供）白色BMW轎車回彈到車道上，車門微開。（圖由threads網友young790226提供）    ,https://news.ltn.com.tw/news/society/breakingnews/5555219
捷運站隨意留物離開釀誤會 男與站長爆口角遭拒載,社會,2026/08/28 11:44,李男與警方也發生口角。（記者劉慶侯翻攝）68歲李姓男子，昨日深夜在台北捷運忠孝新生站準備搭捷運，其間將隨身物品放置地上，人卻離開現場，以致站長以為是旅客棄置或遺失物，逕送往遺失物中心保管。但李男返回後雖得知物品去向，仍大聲喧鬧和站長發生口角衝突。最後被捷運公司解除運送契約，拒絕載送。捷警隊表示，昨日晚間10時30分，捷警接獲通報捷運忠孝新生站有民眾與站長發生口角糾紛，捷警及轄區派出所員警獲報後立即到場處理，制止並告誡李姓男子不得再有過激等相關行為。請繼續往下閱讀...警方調查，李男是將隨身物品如塑袋等日常生活雜物用品，放置於地上後人便離開一陣子，站長巡邏看見物品因放置地面已有一段時間，因捷運站對民眾隨意放（棄）置地面的物品都保持警戒態度，經初略檢視後，馬上依規定送交遺失物中心保管。不過，約數分鐘後，當李男返回原處後發生東西不見，便四處詢問時，站長即告知對方可自行前往領取，不料反引起李男不悅，雙方因而發生口角，但無肢體衝突。由於警方調查發現李男曾在國父紀念館站也曾發生類似情況，後續捷運公司依旅客運送契約等相關規定拒絕載送，為避免影響其他旅客乘車秩序及安全，捷警隨即引導李男出站，現場秩序恢復正常。捷警隊表示，民眾搭乘捷運時應遵守捷運公司相關規定，並配合站務人員勸導，共同維護良好乘車秩序；如遇糾紛應保持理性、避免衝突，如有需要可立即通知站務人員或警方到場協助處理。    ,https://news.ltn.com.tw/news/society/breakingnews/5555192
斬斷地下醫美、防堵病蟲害 調查局查扣千支肉毒、4噸肉類水果,社會,2026/08/28 11:36,調查局查獲印度星龜及海島竹葉青等保育類動物。（記者劉詠韻翻攝）調查局鎖定跨境走私展開專案查緝，航業調查處聯手關務署、防檢署，共偵辦移送71案，查獲肉毒桿菌毒素1000支、麻醉膏832條及鎮痛貼布1萬4000枚，另攔下逾4噸肉類食品、新鮮水果，以及私菸、私酒、仿名牌等大批違禁品，防堵未經核准藥品流入地下醫美市場及境外病蟲害入侵。調查局為防堵仿冒品、私菸私酒、未經核准藥品及動植物檢疫物違法輸台，由經濟犯罪防制處規劃「打擊跨境走私經濟犯罪專案」，交由航業調查處執行，並與財政部關務署、農業部動植物防疫檢疫署共同查緝。請繼續往下閱讀...專案期間共完成71案，其中涉及商標法22案最多，其次為藥事法17案、菸酒管理法13案、植物防疫檢疫法6案，另有偽造文書、動物用藥品管理法各4案、野生動物保育法3案及動物傳染病防治條例2案。調查局查出，部分業者涉嫌未經申報、核准，自國外輸入藥品，專案期間共查扣鎮痛貼布1萬4000枚、麻醉膏832條及肉毒桿菌毒素1000支。調查局指出，相關藥品一旦流入地下醫美或其他非法市場，恐危及民眾用藥及醫療安全。仿冒品部分則查獲香奈兒（Chanel）、Burberry、Longchamp及路易威登等品牌包，以及仿冒蘋果（Apple）磁吸行動電源、藍牙耳機，另有Adidas、Nike等運動品牌商品。檢疫案件方面，查扣肉類食品、新鮮水果共4221公斤，以及上百件植物活株、動物用藥及土壤等物品，並查獲印度星龜、海島竹葉青等保育類動物，防止境外動植物疫情及病蟲害進入國內。此外，專案另查扣私酒396公升、加熱式電子私菸1萬600支。調查局表示，未來將持續與關務署、防檢署合作查緝跨境走私，也提醒民眾勿擅自從國外輸入肉類製品、活體動植物、土壤及其他依法須檢疫物品，以免觸法。調查局查獲印度星龜。（記者劉詠韻翻攝）調查局查扣肉毒桿菌毒素。（記者劉詠韻翻攝）    ,https://news.ltn.com.tw/news/society/breakingnews/5555175
6旬男駕車碰撞道路設施失控翻車 一度造成交通堵塞,社會,2026/08/28 11:24,64歲簡姓男子駕車事故當場翻覆。（記者劉慶侯翻攝）64歲簡姓男子今日上午9時28分駕車行經台北市鄭州路準備經匝道駛上市民高架道路時，因駕駛疏忽，右前車頭碰撞道路設施當場翻覆，一度造成道路阻塞，經警方派員疏導和將車輛拖吊，約1小時後恢復正常交通。警方表示，簡姓男子駕駛轎車由鄭州路西往東方向行駛上市民高架道時，因一時分心疏忽，導致右前車頭碰撞道路設施造成車輛翻覆。轄管中正一分局交通分隊獲報立即到場進行車輛疏導和管制分流。請繼續往下閱讀...由於簡男僅受輕傷，警方隨後對簡男酒測及毒駕測試並無酒後駕車及吸食違禁品駕車情事。警方將違規造成的事故損失部分視狀況處理後續事宜中。    ,https://news.ltn.com.tw/news/society/breakingnews/5555168
婚戒掉街頭懸賞10萬！本尊這麼說 脆友變柯南「大誠街」接力尋寶,社會,2026/08/28 11:22,穿格子襯衫的女生像是現實版「柯南」，看到貼文後立刻冒雨趕到現場。（記者許國楨攝）台中熊姓男子婚戒遺失祭出10萬元網路懸賞，意外號召大批網友加入「尋戒大隊」，有人凌晨就到場，有人冒雨趕來，還有女生憑過往尋戒經驗化身「柯南」推理搜索，但截至目前眾人翻遍街頭、車底、水溝，仍沒找到戒指。熊先生透過電話表示，今年6月才結婚，這枚婚戒價值十多萬元，26日下午約3時30分從家中開車前往朋友咖啡廳，約10分鐘車程中，妻子因為要擦護手霜，暫時將戒指摘下放在大腿上，抵達咖啡廳下車時，疑因直接開門跨步下車，戒指就這樣從腿上滑落掉到路面。請繼續往下閱讀...夫妻倆先自行找，也報警協助並詢問附近居民未果，最後才抱著一線希望將懸賞訊息PO上Threads，看到這麼多陌生人深夜、清晨甚至冒雨前來幫忙，實在非常感動，還特別買飲料慰勞大家，「戒指對我的紀念意義真的非常重大，已經不是金額的問題了。」。一名女大生看到Threads後，今天清晨7點半就騎車到現場，坦言和失主完全不認識，「趁暑假沒課」便跑來幫忙，10萬元懸賞當然很吸引人，但最終仍希望真的能把戒指找回來。另名穿格子襯衫女生則像是現實版「柯南」，看到貼文後立刻冒雨趕到現場，她透露，弟弟過去曾因和妻子吵架把戒指丟到路邊，她隔天花了約2小時才找回，戒指還被車輛壓扁，幾乎成了一片金屬，有了這次經驗，她分析這枚婚戒可能因車輛輾壓變形甚至彈飛，不能只鎖定原本掉落位置，還要擴大搜尋範圍，特別是容易卡住戒指的縫隙、孔洞。女大生（左）蹲在挖土機旁仔細翻找。（記者許國楨攝）    ,https://news.ltn.com.tw/news/society/breakingnews/5555172
小發財換檔落漆!  倒退嚕撞後車意外曝光酒駕,社會,2026/08/28 11:19,陳男昨天開貨車行經台南路口換檔不順，後滑擦撞後車，警到場意外揪出他酒駕。（民眾提供）等紅燈慘遭前車倒退撞上，這起離譜車禍意外揪出酒駕。60歲陳姓男子駕駛小貨車行經路口時，因換檔不順導致車輛向後滑行，擦撞後方洪姓駕駛的小客車。警方到場發現陳男酒測超標，當場依法送辦。​這起交通事故發生在昨天上午9時20分，地點位於中西區和意路與永福路口。陳男駕駛自用小貨車行經該路段，在路口處遇紅燈停下。請繼續往下閱讀...不料，陳男疑似在操作排檔時出現換檔不順的情況，導致小貨車失去動力且無法穩定停住，車身竟直接往後滑行。當時後方恰好有一輛由洪姓駕駛的小客車也在停等紅燈，面對前方貨車突然倒退，根本來不及反應也無處閃躲，兩車就這樣在路口發生擦撞。​轄區警方接獲報案稱和意路有交通事故，隨即派員前往現場查處。員警抵達後，初步確認雙方車輛僅有車體外觀輕微受損，現場雙方駕駛及車內人員皆無人受傷，算是不幸中的大幸。不過，員警在向雙方釐清車禍發生經過時，敏銳察覺肇事的陳男身上散發出濃烈酒氣，精神狀態明顯不佳，隨即要求對他進行酒測。​員警當場對陳男實施酒測，結果顯示其酒測值確實超過法定標準值。原本這起案件看似只是單純因為駕駛操作失誤所引發的追撞事故，卻因為這項酒測結果而性質大變。警方在現場完成相關蒐證與測繪程序後，將陳男帶回調查。全案詢後，依公共危險罪嫌將他移送偵辦，後續也將面對洪姓駕駛的車損賠償責任。☆飲酒過量  有害健康  禁止酒駕☆    ,https://news.ltn.com.tw/news/society/breakingnews/5555145
嘉義金虎爺廟會爆炸釀29傷  炸彈犯趙偉志判刑28年定讞,社會,2026/08/28 11:05,趙偉志2023年時在嘉義廟會引爆炸彈，釀29傷，判處28年全案定讞。（民眾提供）2023年7月嘉義市「金虎爺會」遶境晚會發生爆炸案，造成29位民眾受傷，警方3個月後循線逮捕在垃圾桶放置自製炸彈的男子趙偉志。一審將他判處無期徒刑，二審高等法院台南分院改依製造爆裂物罪判刑14年、成年人故意對兒童犯殺人未遂罪判刑18年，合併應執行28年刑期、併科罰金30萬元；最高法院駁回趙男及檢方上訴，全案定讞。嘉義和聯境金虎爺會遶境活動，2023年7月15日晚間於「爐主行臺」舞台前發生爆炸，造成29人受傷送醫，當時消防單位一度懷疑是垃圾袋引發氣爆，但檢警發現有疑，組專案小組追查，發現真是人為蓄意製造的爆裂物引爆所致，同年10月6日逮捕製造爆炸物的男子趙偉志，並搜出9把改造長槍、約可製造10顆手榴彈的黑色火藥成品、硝化甘油等原料。請繼續往下閱讀...檢警調查，趙男一家5口家境窘迫，一度跟孩子住在網咖，他犯案前曾上網搜尋其他炸彈犯的犯案過程，在租屋處以化工原料調配高爆藥，裝入鐵盒與無孔鋼珠製成爆裂物。廟會當晚9時51分，趙男將爆裂物攜帶到人潮眾多的會場徘徊，最終選定將爆裂物放置於距離表演舞台僅2、3公尺的臨時垃圾桶旁，自己再退至30公尺外的永樂四街巷內，按下遙控器引爆炸彈，強大威力導致百餘片鐵片四射，造成29名無辜民眾燒燙傷或被鐵碎片割傷，年紀最小僅2歲。一審嘉義地院認定趙男為了報復社會而策畫炸彈案，並刻意選擇人潮聚集處放置引爆，引起社會大眾極高度恐懼不安，屬預謀無差別隨機攻擊的犯罪行為，手段冷酷凶殘、心態狠毒，落網後更誣指員警栽贓嫁禍，飾詞狡辯態度不佳，毫無悔意，依槍砲彈藥刀械管制條例判處無期徒刑。二審台南高分院認為，趙男自學生時代就對製造炸彈有興趣，無法證明趙男在製造本案炸彈當下，即起意引爆傷人，但他犯罪情節嚴重，造成大量民眾受傷，嚴重危害治安及公共安全，依未經許可製造爆裂物罪判處14年徒刑、成年人故意對兒童犯殺人未遂罪判處18年徒刑，2罪合併應執行28年有期徒刑，併科罰金30萬元。檢方與趙男都提出上訴，最高法院認為二審判決無違誤，駁回檢、辯上訴，全案定讞。    ,https://news.ltn.com.tw/news/society/breakingnews/5555169
「吹哨者」保障細則出爐！揭弊獎金至少10％ 遭報復可求償,社會,2026/08/28 10:59,廉政署在新法施行前即著手研擬配套，邀集相關部會、檢察、司法警察及政風體系研商，去年7月預告施行細則草案。（資料照）「公益揭弊者保護法」配套正式上路，揭弊者若因吹哨遭解僱、降職、調職等報復，可依法要求復職、補薪或求償；因揭弊查獲不法者，獎金原則上不得低於罰鍰、罰金、沒收或追徵總額一成。由廉政署主責研擬的26條施行細則昨天發布，明定弊案範圍、受理對象、獎金條件及權益保障，效力溯自去年7月22日起算。「公益揭弊者保護法」是我國首部揭弊者保護專法，主管機關為法務部，主要保障政府機關、國營事業及受政府控制事業、團體或機構內部揭弊者，避免因揭發弊端而遭解僱、調職或其他報復性不利措施。法務部並成立「揭弊者保護委員會」，提供法律諮詢、法律扶助、人身安全及生活重建等協助。請繼續往下閱讀...細則首先進一步界定「弊案」適用範圍。除刑事犯罪外，部分涉及政府採購、經濟、財政及勞動法規的違法情形，只要達到得處罰鍰或應受懲戒程度，也可納入揭弊法保障；但並非所有機關或事業內部違規，都能直接適用揭弊法，仍須符合一定不法門檻。至於揭弊應向何人提出，細則也明定，可向被揭弊者所屬政府機關、國營事業或相關機構的主管、首長、負責人，或其指定單位、人員提出，避免因內部分工或受理權限不明，衍生揭弊程序是否合法及能否取得法律保護等爭議。法務部將揭弊者核心保障歸納為「3保1減」，包括工作權保障、身分保密、人身安全保護及責任減免。若揭弊者因此遭解僱、降職、調職、考績不利或其他報復性措施，可依法主張回復職務、補發薪資或請求損害賠償。揭弊獎金也是此次細則重點。依母法規定，因揭弊而查獲不法，原則上應給予獎金，數額不得低於違法者因此所受罰鍰、罰金、沒收或追徵等總額的10%；細則並明定，揭弊內容與最後查獲的不法事實之間須具有相當因果關係，才能取得獎金。此外，揭弊者即使已取得獎金，機關或雇主仍不得拿來扣抵原本應補發的薪資、損害賠償、資遣費或退休金。至於去年7月22日前已發生的揭弊行為，仍依當時規定處理，不適用新法保障。    ,https://news.ltn.com.tw/news/society/breakingnews/5555127
情侶遊台東遭猴子攔路「搶劫丟包」！吊車出動垂降溪谷 找回20萬財物,社會,2026/08/28 10:55,猴子搶劫，驚動警方到現場辦案協尋。（記者黃明堂翻攝）台北一名女子昨天與男友前往台東縣東河鄉泰源村登仙橋遊玩，不料隨身手提包突遭台灣獼猴猛力搶走，發現無食物後直接拋扔至橋下深邃陡峭的溪谷中。包內裝有價值約20萬元的助聽器、現金及重要證件，兩人因地勢險峻無法自行下溪尋找，焦急萬分下報警求助。台東縣警察局成功分局泰源派出所獲報後，迅速會同當地村長與熱心村民，果斷協調重型吊車支援，由人員綁繫安全繩索垂降至崖壁溪谷搜尋，最終順利完好尋回高價助聽器與隨身財物。請繼續往下閱讀...登仙橋向來是遊客欣賞野生台灣獼猴的熱門景點，然而這起突發的「攔路搶劫案」卻讓遠道而來的台北張姓男子與女友驚魂未定。這隻獼猴得手後似乎發現包裡並無食物，便隨手將手提包扔入無法徒步抵達的崖壁溪谷。眼睜睜看著天價配備與重要物品掉落深谷，兩人不知所措，只能連忙撥打110向警方求助。接獲110轉報的泰源派出所所長施得義不敢大意，立即率領警員陳冠宇、陳思瑋奔赴現場。眼見橋下地勢極其險峻，單靠徒手爬坡極具危險性，所長當機立斷聯繫北源村村長李重民以及熱心村民趕來支援。集思廣益後，眾人決定請出重型吊車大展身手，由救援人員垂降至溪邊仔細搜尋。經過眾人緊密配合與一番努力，終於在密林雜草間成功尋回包包。經現場點收，20萬元的助聽器與現金、證件一物未少，讓張姓遊客與女友如釋重負，對熱心警民的極速救援深表感激。警方特別藉此案例提醒廣大民眾，台灣獼猴野性未馴，前往山區或景點遊玩時，務必將隨身物品與食物徹底收好，避免使用容易吸引獼猴注意的塑膠袋。若遇到野生獼猴靠近，務必落實「不餵食、不挑釁、不接觸」三不原則，萬一物品不幸遭搶，切勿強行拉扯或擅自冒險攀爬陡坡險境，確保個人自身安全才是上策。被猴子搶後丟到溪谷的包包，警民出動吊車垂降尋找。（記者黃明堂翻攝）    ,https://news.ltn.com.tw/news/society/breakingnews/5555140
「去摩鐵浪費錢」人妻翻出腥夫對話氣炸 小三辯詞遭法院狠狠打臉,社會,2026/08/28 10:50,楊姓人夫與陳姓酒店妹搞外遇被妻子抓包，法院判陳女要賠償楊妻15萬元精神慰撫金。（情境照）已婚逾10年的楊姓人夫，被老婆抓包與酒店陳姓酒店女陪侍搞外遇，不僅私下以「老公」、「老婆」相稱，陳女還傳「去摩鐵浪費錢」、「有事床上說」等親密對話與貼圖。基隆地院近日審結，認定陳女與楊男交往已逾越正常男女社交行為，判陳女應賠償楊妻15萬元精神慰撫金。楊妻提告說，她與先生結婚14年，去年從手機通訊軟體對話，發現陳女除與先生互稱「老公」、「老婆」外，還曾主動傳訊「想老公怎麼辦」、「去蔚藍（汽車旅館）浪費錢，你倒是來睡的也很習慣了」，甚至曾傳給先生「有事床上說」貼圖，據此怒告陳女侵害她配偶權，求償60萬元精神慰撫金。請繼續往下閱讀...法院審理時，陳女辯稱，她是在酒店裡認識楊男，楊男自稱已離婚，她面對楊男糾纏僅被動安撫，並未逾矩；後續發現楊男臉書的夫妻合照，才確定其婚姻存續並立刻封鎖，並強調，楊妻未舉證她與楊男有發生性行為，且對話截圖日期為原告手寫標註，無法證明發生時間。法官檢視，陳女與楊男手機通訊軟體對話，發現陳女除與楊男互稱「老公」、「老婆」外，還曾主動傳訊給楊男「想老公怎麼辦」、「去蔚藍（汽車旅館）浪費錢」、「有事床上說」等語，從對話內容顯見陳女明知楊男為有婦之夫，有極度親密的關係，陳女所謂「安撫酒客」、「不知已婚」等辯詞不可採，認定陳女與楊男交往已逾越正常男女社交行為，判陳女應賠償15萬元精神慰撫金。    ,https://news.ltn.com.tw/news/society/breakingnews/5555115
屋主收稅單驚見房子「被出租」！ 業者詐百萬租補7罪起訴,社會,2026/08/28 10:37,台北地檢署外觀。（資料照）本身從事房屋出租、年紀均偏長的吳金娥、邱金聰，涉嫌以不實租約7度申領租金補貼，共詐得146萬餘元，直到真正屋主收到國稅局補稅通知，才驚覺名下房屋竟被申報出租。台北地檢署偵結，依行使偽造私文書、使公務員登載不實及詐欺取財等罪起訴，並認定吳女7次申請犯意各別，應分論併罰。起訴指出，吳、邱為熟識友人，明知申請資料所列承租人並未實際承租、居住於申報房屋，仍共同以不實資料申領租金補貼。檢方查出，邱男涉嫌提供個人身分資料及名下公司帳戶供吳使用，吳則製作不實房屋租賃契約，再持相關資料向政府提出申請。請繼續往下閱讀...據了解，吳、邱平時即從事房屋出租，與部分屋主、名義承租人處於相近生活圈或彼此熟識，因此得以掌握相關房屋及身分資料，再將這些資訊拼湊成不實租賃契約申請補助。由於2022年7月起，租金補貼的受理及審核主管機關，由各縣市政府改為內政部國土管理署，原申請資料也匯入國土署系統接續辦理。檢方查出，承辦人員依申請文件進行形式審查後，將「承租人向出租人租屋」等不實內容，登載在職務上掌管的「住宅補貼評點及查核系統」等公文書內，並依此核發補助。檢方續查，吳、邱兩人共以7筆不實租賃資料申請補助，各筆取得金額分別為21萬6000元、15萬4000元、13萬2000元、25萬200元、21萬6000元、30萬元及19萬6000元，合計詐得146萬4200元，款項均匯入吳女所掌控的帳戶。直到其中一處遭冒用租賃地址的葉姓屋主收到國稅局補稅通知，發現名下房屋疑似被申報出租，察覺有異，隨即向新北市政府城鄉發展局陳情，相關單位循線查核後發現疑點，案件因此曝光。承辦檢察官陳玟瑾偵查認定，吳金娥7筆、邱金聰就其中2筆申請，均涉犯刑法行使偽造私文書、使公務員登載不實及詐欺取財罪；其中每一筆申請均以同一行為觸犯數罪名，屬想像競合，應從一重處斷；另認吳女7筆、邱男2筆申請犯意各別、行為互殊，因此吳所犯7罪、邱所犯2罪均應分論併罰。    ,https://news.ltn.com.tw/news/society/breakingnews/5555110
新北國小返校日交通大亂 民代要求教育局、警察局落實聯繫改善,社會,2026/08/28 10:10,新北市板橋區家長向本報投訴，今天上午家中學童返校日，但到校門口時遭遇交通亂象，未見校方導護人員及護童員警排除，直呼送小孩上學像打仗。（記者吳仁捷攝）新北市284所國中小一連兩天陸續返校，本報接獲家長反映，今天到板橋國小送小孩上學，明明已經看到校門口，卻一直卡在路口，未見導護、員警疏導車流，好不容易通過路口，要在家長接送區讓學童下車，卻發現前方車輛因路邊車格臨停車未開走，家長眼見塞在車陣中動彈不得，只好強行靠邊違規併排，匆匆讓學童下車，亂象頻仍，家長們直呼載小孩上學像是打仗。新北市議員、海山警友會主任周受勝考接獲反映，與警友會副主任周韋翰同向新北警方、教育局了解，警方告知下週一正式開學才安排護童，返校日的確未安排護童，由於開學在即，周勝考要求警察局預先規劃各分局護童勤務，也要求教育局督促各校，加強與各地警方橫向聯繫，降低外界對教育局與警察局護童不同調，疏於規劃的質疑。請繼續往下閱讀...本報今天一早接獲板橋數名讀者爆料，今早返校日，送小孩到板橋國小，但要從板橋中正路左轉公館街時，明明前方兩百公尺就是路口，卻變換好幾次紅燈後，只前進兩台車的距離，隨著上課鐘聲將響起，學童們擔心遲到，一再催促家長，但車陣就塞在路口前動彈不得，急壞家長、學童；投訴民眾說，好不容易通過路口，但車流還是受阻，無法靠近放學童下車，眼見就要遲到，只好讓孩童們併排下車。無獨有偶，投訴的家長上班後，也聽到居住樹林、蘆洲、淡水等地的同事反映，早上送學童到國小上學，校門口塞成一團的亂象，甚至有些小學早在27日就返校，經過漫長暑假，返校日校門口在上下學也是一片混亂，呼籲警方、教育局、學校出面改善；此外，家長也質疑警方，各校家長接送區路邊停車格，在上下學時段都禁停，質疑經過漫漫暑假，拖吊業者也鬆了螺絲，未能加強排除家長接送區違停車輛，更加劇校門口交通亂象。周勝考表示，他一早也接獲民眾反映多處學校上學交通問題，他認為警方婦幼隊、各分局既然要強調護童重要，就要超前部署，不能說8月31日開學才開始護童，這給外界不好觀感，但反觀部分學校，也因所長預見問題，也在返校日派出護童人員，疏導交通，關心校園安全；另外，由於學童上學主要是學校業務，要求板橋國小等各校，務必與當地轄區警方密切互動，加強橫向聯繫，教育局更應主動介入，整合全市284間國中、小返校、開學日等資訊，統一提供警察局，不要讓護童流於形式。新北警婦幼隊說，目前規劃8月31日下週一開學，當天安排護童勤務，各外勤分局也於當天開始護童勤務。新北市板橋區家長向本報投訴，今天上午家中學童返校日，但到校門口時遭遇違規併排等交通亂象，未見校方導護人員及護童員警排除，直呼送小孩上學像打仗。（記者吳仁捷攝）新北市板橋區家長向本報投訴，今天上午家中學童返校日，但到校門口時遭遇違規併排等交通亂象，未見校方導護人員及護童員警排除，直呼送小孩上學像打仗。（記者吳仁捷攝）    ,https://news.ltn.com.tw/news/society/breakingnews/5555072
高雄男揪12歲少女嘿咻   爽完後傳訊「你就很好用」,社會,2026/08/28 09:59,徐姓男子透過IG結織12歲少女，兩人相約發生性行為後，少女隱忍1年才報案。示意圖（資料照）徐姓男子透過IG結識年僅12歲的少女，兩人在徐男租屋處發生2次性行為，檢方原本依強制性交罪起訴，但法官認定少女事後仍有聯絡且二次前往，難以認定違背意願，改依「對未滿14歲之女子性交罪」兩罪，合併判處徐男徒刑4年。判決指出，2023年5月，徐姓男子透過IG認識少女，同年6月17日及24日，徐男兩度將少女帶回高雄市租屋處，在未使用保險套的情況下發生性行為，少女事隔一年，看見網友在網路上爆料徐男涉及其他案件，才在網友與家人鼓勵下報案提告。請繼續往下閱讀...高雄地方法院審理時，徐男原本坦承犯行，後來卻改口否認，甚至荒謬辯稱「是因為通緝到案時，把高雄這起案件跟台北另一起性侵案搞混了」。法官檢視兩人對話紀錄，發現徐男事後不斷傳訊「走，打炮」、「你就很好用」等語騷擾少女，且在少女質問「在租屋處跟我發生關係」時，徐男僅回覆「走法律程序」，並未反駁。法官考量，少女被侵犯後一週又獨自前往徐男住處，難認遭強制性交，檢方起訴法條容有未洽，因此依法變更起訴法條，審酌徐男未取得諒解且害少女產生身心創傷，判處徒刑4年，可上訴。    ,https://news.ltn.com.tw/news/society/breakingnews/5555080
懸賞10萬瘋找婚戒！台中大誠街變「尋寶現場」 脆友全出動爆人潮,社會,2026/08/28 09:53,今天上午仍有不少民眾冒雨前往找戒指。（記者許國楨攝）台中一名男子求婚戒指遺失，在Threads祭出10萬元懸賞，消息一出竟引發「全民尋寶」！台中大誠街昨深夜到今天凌晨湧入大批民眾，拿手電筒、鐵絲甚至翻開水溝蓋尋找，甚至直到今天上午仍有不少脆友聞訊前往鑽車底或拿起交通錐翻找，但截至目前戒指仍下落不明。相關新聞：夫妻懸賞10萬發動脆友急尋 價值15.3萬「鑽石之王」婚戒解碼請繼續往下閱讀...男子表示，26日下午約3時30分從家中出門時，監視器清楚拍到手上仍戴著戒指，途中因擦護手霜，妻子暫時將戒指取下放在腿上，沒想到抵達朋友咖啡廳附近開車門下車時，一時疏忽，戒指疑似從車內滑落掉到車外，由於下車後兩人便直接步行前往咖啡廳，中途沒有再停車開門，抵達店內後透過監視器也確認手上已沒有戒指，因此原PO研判，戒指應該就在大誠街下車處、附近地面或水溝蓋周邊遺失。相關新聞：婚戒掉街頭懸賞10萬！本尊這麼說10萬元懸賞消息在Threads傳開後，讓原本平靜街頭瞬間變成「尋寶現場」，從深夜一路找到今天凌晨，不少民眾拿著手電筒加入搜索，有人彎腰查看草叢、翻找交通錐，也有人拿手機手電筒往停放車輛底部猛照，仔細搜尋任何可能反光的物體，還有大學生拿著鐵絲伸進水溝蓋內「撈戒指」，甚至有人合力搬開水溝蓋，打開暗渠逐一查看。原PO也在27日晚間再次置頂更新，心急之餘也充滿感激，呼籲大家夜深了不要再特地前往，希望大家注意安全、早點回家，據了解，這對年約20多歲的夫妻27日下午也曾前往派出所報案，警方協助調閱相關監視器畫面，但目前仍未尋獲戒指。相關新聞：10萬懸賞找「海瑞溫斯頓」婚戒！還原「妻下車」畫面 失主報案了女大生拿鐵絲伸入水溝蓋翻找。（記者許國楨攝）有女生仔細搜索地面。（記者許國楨攝）    ,https://news.ltn.com.tw/news/society/breakingnews/5555063
88歲翁割走競選布條鋪地擺攤賣菜 參選人不提告,社會,2026/08/28 09:53,新北市新店區市議員參選人游皓麟懸掛於大豐路上的選舉宣傳布條，25日遭人持鐮刀割毀。（記者鄭景議翻攝）新北市新店區市議員擬參選人游皓麟懸掛於大豐路上的選舉宣傳布條，25日遭人持鐮刀割毀，轄區新店分局警方接獲報案後成立專案小組，調閱監視器畫面後發現，涉案人原來是一名務農的88歲謝姓老翁，割毀布條僅是為了在早市擺攤時鋪在地上擺放農作物，無涉政治因素。游皓麟得知原委後表達諒解，決定不提告追究。警方調查，本月25日凌晨4時許，游皓麟懸掛在新店區大豐路95號前、面積約1.2公尺乘以1.3公尺的宣傳帆布布條，遭一名騎乘普通重型機車的男子持鐮刀割除並帶走。游男於27日晚間9時41分許發覺布條遭破壞後，隨即向警方報案。請繼續往下閱讀...新店分局接獲報案後由偵查隊與江陵派出所組成專案小組展開追查。員警擴大調閱周邊監視器畫面，迅速鎖定88歲謝姓老翁涉有重嫌，並於接獲報案2小時內派員前往謝翁住處釐清案情，查扣遭割下的宣傳帆布以及作案用的鐮刀。平時務農為生的謝翁到案後坦承犯行，供稱自己平時會前往早市擺攤賣菜，當時行經該處看到宣傳帆布，一時起意才會持鐮刀割下，打算帶回家作為擺攤時鋪在地面擺放農作物的墊布使用，完全沒有別的政治意圖。擬參選人游皓麟在了解老翁犯案動機與背景後，表示理解並不予提告，同時對警方高效率在兩小時內破案表達肯定與感謝。新店分局特別提醒，隨著各項選舉活動展開，民眾切勿任意撕毀、破壞、移動或毀損他人依法設置之競選宣傳物。任何破壞行為均涉犯刑法毀損罪，警方將從嚴究辦，以共同維護選舉活動之平和與公正。    ,https://news.ltn.com.tw/news/society/breakingnews/5555041
澎湖同遊酒後失控  泰拳高手打死多年好友,社會,2026/08/28 09:45,張姓男子用泰拳打死好友，二審維持10年徒刑判決。（資料照，馬公警分局提供）張姓男子與蔡姓好友赴澎湖旅遊，深夜在民宿車庫因酒後及吸毒後情緒失控互毆，張男憑藉練泰拳之身手徒手攻擊蔡男頭部，導致蔡男顱內出血送醫不治，法官依傷害致死罪判處張男徒刑10年，張不服上訴，二審仍維持原判。判決指出，張姓男子與蔡男為多年好友，2025年5月21日，兩人一起前往澎湖旅遊入住馬公市某民宿。22日凌晨3點多，兩人在民宿車庫喝酒並施用愷他命，隨後引發肢體衝突，張男針對蔡男的頭、臉及後腦勺密集多次打擊，導致蔡男顱內出血及嚴重腦腫脹，經轉送高雄榮總救治，仍不治身亡。請繼續往下閱讀...澎湖檢方原本依涉犯重傷害致死罪將張男提起公訴，但澎湖地方法院審理後認為，雙方為多年好友且是蔡男臨時加入行程，並無事先謀劃報復之情事，加上事發時張男受酒精及毒品影響，僅為臨時起意氣憤失控。一審法官認為，泰拳雖具高殺傷力，不能僅依張男練過泰拳就認定他主觀上有重傷害的犯意，考量張男犯後留在現場、坦承犯行但尚未與家屬達成和解，改依傷害致死罪判徒刑10年。張男不服上訴，他的律師主張，張男案發前飲酒、服用安眠藥及吸食愷他命，導致辨識能力降低，並符合自首與情堪憫恕等減刑規定；高雄高分院調查指出，張男案發後酒測值為0，且能清晰向女友及警方還原衝突經過，顯示精神正常，警方抵達醫院前已掌握嫌疑人資訊，不構成自首。二審法官考量張男父親雖代為賠償30萬元，但僅為附帶民事判決應給付561萬餘元的一部分，且造成被害人幼女喪父之痛無法彌補，認定原審量刑妥適，裁定駁回上訴，全案仍可上訴。    ,https://news.ltn.com.tw/news/society/breakingnews/5555062
竊佔國有地私設垃圾場  基隆男濫倒廢棄物被起訴,社會,2026/08/28 09:44,"謝姓男子遭檢舉竊佔安樂區多筆國有土地，再夥同吳男載運大量家具、磁磚等廢棄物前往濫倒，雙雙被依涉犯廢棄物清理法起訴。 （資料照）基隆市謝姓男子遭檢舉以私設鐵門後上鎖方式，竊佔基隆安樂區與湖海段多筆國有土地，並夥同吳姓男子載運大量家具、磁磚等廢棄物前往濫倒。基隆地檢署今（28日）偵結，將謝、吳依涉犯廢棄物清理法「非法清除廢棄物罪」起訴。起訴書指出，謝姓男子明知基隆市安樂區武訓段及湖海段共4筆土地，為財政部國有財產署管理，竟自2024年6月前擅自於土地進出道路設置鐵門上鎖，排除他人使用。隨後，謝男夥同未領有廢棄物清除許可文件的吳姓男子，由吳男駕駛小貨車，陸續將電視櫃、彈簧床、石塊、鐵架等大量廢棄物載至該地傾倒，吳男並從中收取台幣100元作為報酬。請繼續往下閱讀...案經民眾檢舉後，基隆市環保局前往稽查並調閱監視器畫面，循線移送保安警察第七總隊第三大隊偵辦，才查獲謝、吳違法竊佔國土與違法濫倒廢棄物犯行。檢方認定，謝男竊佔國土與濫倒廢棄物分別觸犯竊佔罪與廢棄物清理法「非法清除廢棄物罪」，建請法院從一重的非法清除廢棄物罪處斷，吳男獲利100元部分，則依法宣告沒收或追徵。    ",https://news.ltn.com.tw/news/society/breakingnews/5555029
高雄婦酒駕遭攔查  摸男警大腿喊愛你,社會,2026/08/28 09:41,林婦酒杯還放著檸檬，散發酒氣。（民眾提供）高雄市前鎮警分局員警26日5時40分許巡邏時，攔查交通違規63歲林姓婦人，員警發現林婦身上飄散酒味，機車上竟還放著酒杯，盤查過程中，林婦伸手摸男警大腿，嚇得男警大叫「妳不要亂摸我！」當男警表達要幫申請法扶律師時，她還嗲聲嗲氣喊「愛你！愛你」讓員警哭笑不得。草衙派出所員警發現林姓婦人騎乘機車右轉同安路時未依規定打方向燈，上前攔查時，員警注意到林女機車上擺著一只隨身杯，拿起查看時，一聞竟飄出濃濃酒味，當場驚呼：「這是酒耶！妳喝酒還騎車喔？」林女也乾脆坦承：「我會老實說啦！」表示凌晨曾在友人住處喝過啤酒。請繼續往下閱讀...員警追問：「為什麼杯子放在摩托車？妳不會邊騎邊喝吧！」林女急忙否認，解釋自己只是習慣攜帶私人杯具，並表示：「因為我不想喝人家的杯子。」盤查過程中，已有醉意的林婦卻突然伸手觸碰員警大腿，突如其來的舉動讓員警嚇了一跳，立即出聲制止：「妳不要亂摸我！」。林婦酒測值0.67mg/L，全案調查後依涉嫌公共危險罪移請地檢署偵辦。警方另針對林婦酒後駕車及未依規定使用方向燈等違規依法舉發，合計最高可處93600元罰鍰。林婦酒測值超標。（民眾提供）    ,https://news.ltn.com.tw/news/society/breakingnews/5555059
颱風豪雨後偷搬漂流木！3男遭逮送法辦 扣得台灣肖楠逾1噸,社會,2026/08/28 09:27,警方於8月26日晚間7點執行巡邏勤務，盤查一輛貨車發現該車已用鋼索綁好1支巨大台灣肖楠木頭，總重695公斤準備拖上車。（警方提供）颱風過境，不少山區樹木被大水沖下，成為漂流木，但未經主管機關公告而任意撿拾，屬違法行為。內政部警政署保安警察第七總隊第五大隊，近日連續查獲2起違法撿拾案件，扣得台灣肖楠樹塊共重逾1公噸，依違反《森林法》罪嫌，將3名男子移送苗栗地檢署偵辦。保七總隊第五大隊台中分隊接獲情資，大安溪流域疑有不法人士趁颱風豪雨後，擅自竊取漂流木，與林業及自然保育署台中分署人員展開調查，調閱分析於今年7月至8月經常出入大安溪河堤之可疑往來車輛。請繼續往下閱讀...警方於8月18日傍晚執行巡邏勤務，在台中市和平區東崎路發現一輛可疑休旅車，經攔查查獲已切割的台灣肖楠15塊，總計約352公斤（價值約3萬5千元）及鏈鋸2台，將彭嫌等2人帶案偵辦。警方另於8月26日晚間7點執行巡邏勤務，在苗栗縣泰安鄉梅象橋下游河堤道路又發現一輛小貨車形跡可疑，經盤查發現該車已用鋼索綁好1支巨大台灣肖楠木頭，總重695公斤（價值約9萬6千元）準備拖上車，當場查獲鄭嫌帶案偵辦。警方調查，2案3嫌皆未經主管機關許可，擅自撿拾、竊取漂流木，依涉嫌違反《森林法》移送臺灣苗栗地檢署偵辦。並呼籲民眾如發現可疑人士於溪流或河床搬運漂流木，請立即通報警方或林業及自然保育署「救山林專線」0800-000930，共同維護森林資源。警方於8月18日傍晚執行巡邏勤務，在台中市和平區東崎路發現一輛可疑休旅車，經攔查查獲已切割的台灣肖楠15塊，總計約352公斤。（警方提供）    ,https://news.ltn.com.tw/news/society/breakingnews/5554996
自認遭霸凌！她上網辱軍中同袍「妓女、破麻」判拘40天,社會,2026/08/28 09:26,網路散佈前軍中同事為妓女、婊子，屏東地院判拘役40天。（記者葉永騫攝）吳姓和鍾姓女子為軍中同事，因為吳女認為在軍中遭遇霸凌，在114年5月連續登入臉書發表誹謗鍾女的不實言論，指稱鍾女亂搞男女及女女關係，還散佈討客兄、罵其「妓女」、「賤女人」、「婊子」、「破麻」等辱罵詞語，並將訊息傳給之前的軍中同事，誹謗鍾女名譽及社會評價，屏東地方法院依妨害名譽罪判處吳姓女子拘役40天，得易科罰金。吳姓和鍾姓女子在軍中為同事並且同寢室，兩人關係不睦，吳女因此在網路上散播不實及罵人之言論，指稱鍾女喜歡做愛，與特定人士有男女關係，還有女女關係，交往複雜，還出現妓女、婊子等罵人的言論，鍾女得知後認為吳女有公然侮辱罪嫌及加重誹謗罪嫌，提出告訴。請繼續往下閱讀...屏東地方法院認為，被告吳女不思以理性、和平之方式解決紛爭，竟無視他人之人格尊嚴，以散布文字誹謗及公然侮辱行為，足以貶損鍾女之名譽，顯然欠缺尊重他人之法治觀念，未與鍾女達成和解或賠償損害，但考量犯後坦承犯行，態度尚可，家庭經濟狀況等條件，加上領有中度身心障礙證明，因而裁決拘役40天，易科罰金為4萬元。    ,https://news.ltn.com.tw/news/society/breakingnews/5555019
火吞70輛汽機車！ 台南廢車暫置場清晨烈焰沖天,社會,2026/08/28 09:15,歸仁區一處廢棄汽機車暫置場發生火警，消防隊全力灌救。（民眾提供）台南歸仁區1處廢棄汽機車暫置場今天清晨發生火警，一度延燒迅速，消防隊全力灌救，及時撲滅，但燒了10輛廢棄汽車、60輛廢棄機車，所幸無人傷亡。事發現場在歸仁區的長榮路二段，南市消防局在清晨5點02分受理報案，火勢猛烈，一度烈焰沖天，共計出動15車、33人以及無人機1部，陸續趕往灌救。請繼續往下閱讀...消防隊5點44分控制火勢，不久後火勢撲滅，展開殘火處理，燃燒面積約20平方米，遭波及的廢棄汽機車有70輛，沒有人員受傷。歸仁區一處廢棄汽機車暫置場發生火警，消防隊動員灌救。（民眾提供）    ,https://news.ltn.com.tw/news/society/breakingnews/5555013
老翁領420萬買房卻一問三不知 警嘆「不撞南牆不回頭」讓他醒了,社會,2026/08/28 08:55,景美派出所員警獲報趕抵，見老翁說詞前後矛盾且對房屋細節一問三不知，當場開導並直言「你現在是不撞南牆不回頭是不是？」（記者鄭景議翻攝）台北市72歲方姓老翁前日前往銀行欲臨櫃提領新台幣420萬元大額現款，面對行員關懷提問，先聲稱要向「友人的友人」購買公寓，隨後又改口是要給國外的兒子使用。轄區文山第二分局景美派出所員警獲報趕抵，見老翁說詞前後矛盾且對房屋細節一問三不知，當場開導並直言「你現在是不撞南牆不回頭是不是？」一句話瞬間點醒老翁打消提款念頭，幸運保住420萬元的退休積蓄。警方調查，72歲的方姓老翁獨自前往銀行櫃檯，稱要提領420萬元現金。行員在辦理過程中依規定實施關懷提問，方翁起初堅稱這筆錢是用來支付買房款項，向「友人的友人」購買公寓。然而，當行員與員警進一步詢問房屋具體地點、屋齡資訊，以及是否簽訂正式買賣契約等關鍵細節時，方翁卻支吾其詞、完全無法明確回答。請繼續往下閱讀...轄區文山第二分局景美派出所警員張勝雄、余柏勳接獲銀行通報迅速趕赴現場處置。員警在現場耐心地釐清來龍去脈，不料方翁眼見購屋說詞被員警逐一戳破，竟又改口稱這筆巨款是要拿給人在國外的兒子使用。員警研判這是典型的詐騙套路，詐騙集團早已事先教導受害人各種規避銀行關懷提問的防偵查話術。儘管員警與行員在現場不斷剖析案例並苦勸，方翁起初態度依然相當強硬，執意要將大筆現金領出。員警見方翁深陷圈套無法自拔，嘆氣直言：「你現在是不撞南牆不回頭是不是？」正是這句語重心長的警示，讓原本態度堅持的方翁頓時愣住，開始冷靜重新思考自己是否真的落入詐騙陷阱。在警方與行員持續分析破綻與耐心宣導下，方翁終於大夢初醒，徹底放棄提領420萬元的念頭，最後僅領取少許現金作為日常生活開銷，並對員警與行員的及時提醒表達感激。☆自由時報電子報提醒您，防詐騙專線︰165，報案專線︰110☆    ,https://news.ltn.com.tw/news/society/breakingnews/5554983
蘭嶼發電廠廠長海釣失蹤3天 今早尋獲遺體,社會,2026/08/28 08:35,蘭嶼發電廠吳姓廠長海釣失蹤，今早尋獲遺體。（台東消防局提供）台東縣蘭嶼發電廠吳姓廠長25日獨自前往當地景點「坦克岩」附近釣魚後失聯，搜救行動歷經3日，今日晨間傳來遺憾消息。海巡及消防人員於上午6時47分許，在距離坦克岩往北約1公里的五孔洞岸際尋獲該名廠長，經確認已明顯死亡，遺體已由消防及海巡人員合力運送上岸，並交由當地勤區警方進行後續處置。該起事件發生於25日，電廠員工因見廠長獨自前往釣魚後未歸，於26日上午11時許向台東縣消防局通報求助。搜救人員趕抵現場時，僅發現廠長留下的機車與釣具，研判不幸落海，隨即展開大規模搜救。請繼續往下閱讀...搜救期間正值沙德爾颱風外圍環流影響，蘭嶼周邊海象極為惡劣，強風浪高大幅增加救援難度。台東縣消防局聯合海巡署、岸巡隊、內政部空勤總隊及民間團體與潛水人員，並徵調台東縣水中運動訓練協會支援蘭嶼救難計7員，連日來展開陸海空聯合搜救，動員多架次直升機、巡防艇與陸上車輛進行巡查，最終於今日清晨尋獲遺體。台東縣消防局特別提醒，颱風期間離島及東海岸海象多變，常有長浪與強陣風發生，民眾與釣友進行礁岩磯釣或海邊活動時，務必穿戴救生衣與釘鞋等防護裝備，並掌握氣象潮汐變化，切勿單獨前往危險海域，以免發生意外。    ,https://news.ltn.com.tw/news/society/breakingnews/5554981
詐團假冒中國影視公司 誘投資抖音騙走7旬翁4百餘萬,社會,2026/08/28 08:28,警方趁著前來取款的詹姓女車手接過現鈔時當場將她逮捕，全案詢後依法移送台北地檢署偵辦。（記者鄭景議翻攝）台北市一名李姓男子今年7月初在網路結識詐騙集團成員，對方宣稱自己是中國「聚寶盆影視公司」，誘騙李男投資可獲取高額暴利。李男自7月2日至8月間被騙走466萬3000元。轄區大安分局敦化南路派出所獲報後成立專案小組，本月12日在台北市一處商辦大樓內部署便衣警力埋伏，趁著前來取款的詹姓女車手接過現鈔時當場將她逮捕，全案詢後依法移送台北地檢署偵辦。警方調查，李男今年7月2日透過網路社交平台認識詐騙集團成員，隨後加LINE深入對談。對方自稱是位於中國浙江的「聚寶盆影視公司」幹部，公司主要業務為拍攝熱門抖音短影音，因應事業擴張正對外招募投資人，並承諾給予極為可觀的利潤分紅。為了徹底消除李男疑慮，詐團更提供製作精美的假投資連結網站，讓李男登入查看虛構的投資獲利數據，使李男信以為真落入圈套。請繼續往下閱讀...從7月2日到8月上旬短短一個多月間，李男在對方溫情與高獲利的話術洗腦下，前後透過網路銀行進行網路轉帳多達6次，並依照指示前往指定地點與車手進行實體面交3次，累計財損金額高達466萬3000元。李男被騙多次後察覺可疑，奔赴敦化南路派出所報案求助。敦南所接獲報案後立即成立專案小組，請李男假意配合詐團要求，與對方約定於本月12日下午2時許在台北市大安區一處商辦大樓內進行面交取款。當天下午2時許，詹姓女車手現身並接過李男交付的款項時，埋伏在旁的便衣員警當即一擁而上，將女車手壓制逮捕，當場查扣工作手機、偽造收據等相關證物。警方訊後將詹女依涉嫌詐欺罪及洗錢防制法等罪嫌移送台北地檢署偵辦，並持續向上溯源追查背後的詐騙集團機房與資金流向。☆自由時報電子報提醒您，防詐騙專線︰165，報案專線︰110☆    ,https://news.ltn.com.tw/news/society/breakingnews/5554973
17歲連5次無照騎車欠4.5萬！扣押存款執行驚……車禍癱瘓3年多,社會,2026/08/28 08:03,台中分署針對此個案沉重呼籲。（AI示意圖，台中分署提供）台中市21歲陳姓男子在17歲時無照騎車上路，5次違規累積4萬5000元罰鍰，沒想到一場車禍讓他嚴重癱瘓、臥床3年多，如今連生活都得由母親照顧，這筆罰鍰卻仍逃不過行政執行，台中分署針對此個案也沉重呼籲，別讓一時僥倖換來一輩子的遺憾。陳男2022年3月至2023年3月間，年僅17歲便先後5度無照騎車遭查獲，每案裁處9000元罰鍰合計4萬5000元，但陳男始終未依期限繳納，案件陸續移送行政執行署台中分署，自今年5月起查調陳男名下財產，發現金融機構有存款，5月13日核發扣押命令，銀行也回報已足額扣押。請繼續往下閱讀...正當分署準備依法收取款項時，陳男母親打電話求情，透露兒子當年多次被抓仍未收斂，就在2023年5月發生重大車禍，導致嚴重癱瘓，至今已臥床3年多，無法正常就學，生活起居及往返醫院治療、復健都由她照顧，希望分署能從寬處理。然而，分署了解後發現，遭扣押存款其實是陳男因車禍取得200多萬元理賠金中的一小部分，衡量後認為對他的醫療及生活影響不大，向陳母說明，其子因車禍重度癱瘓確實令人遺憾，但當年無照駕駛違反交通規定，裁決處依法裁罰，案件移送後，行政執行機關也必須依法辦理，陳母了解相關法律程序後表示接受。台中分署提醒，機車雖然方便，但無照駕駛不僅違法，也因缺乏駕駛能力與經驗，事故風險更高，尤其未滿法定年齡，更不應抱著「騎一下沒關係」的僥倖心態上路，一次違規可能只是一張罰單，但一場事故卻可能改變一生。    ,https://news.ltn.com.tw/news/society/breakingnews/5554959
台東防制酒駕見成效！死傷人數大幅減少,社會,2026/08/28 07:58,台東縣府昨天召開道路安全聯繫會報。（台東縣府提供）台東縣府昨天召開115年8月份道路安全聯繫會報，警察局長林宏昇、副局長陳楨荃、各警分局長及相關單位人員共同與會。會中揭露最新道路安全統計數據，台東縣近年在酒駕防制上展現顯著成效，死傷人數減幅不僅大幅改善，改善力道更強勁超越全國平均水準。縣警局說，根據交通部道安資訊平台及警政署交通事故處理系統數據分析，台東縣酒駕死傷人數自113年起出現大幅下降。從112年的280人死傷高峰後，113年即大幅減少65人至215人，降幅達23.2%；114年持續降至190人。到了今年1至7月，台東縣酒駕死傷人數92人，較去年同期再減少30人，降幅高達24.5%。相較於全國同期10.7%的減幅，台東縣防制酒駕的改善速度遠高於全國整體表現，展現極為優異的交安治理成果。請繼續往下閱讀...面對即將到來的9月份開學季，副縣長王志輝指示相關編組持續深入校園宣導，提醒學生切勿單車併行、闖紅燈或任意穿越道路，務必強化學生路權與交通法規觀念。台東縣警察局交通隊長吳昇忠於工作報告中補充指出，配合9月份「交通安全月」啟動，警方將持續深化人本交通理念，今年宣導專案將聚焦於「停讓文化」與「機車安全」兩大主軸。除了要求駕駛人行經路口遇行人時確實減速停讓外，也將全力培養機車騎士的防禦駕駛觀念，確保轉彎與起步時確實確認周遭動態，全方位守護台東鄉親的行車與通行安全。☆飲酒過量  有害健康  禁止酒駕☆    ,https://news.ltn.com.tw/news/society/breakingnews/5554956
桃園世界先進晶圓三廠深夜火警！200餘員工緊急疏散,社會,2026/08/28 05:38,世界先進位於桃園市蘆竹區的晶圓三廠，27日深夜11點多發生火警。（圖由消防局提供）晶圓代工廠世界先進位於桃園市蘆竹區的晶圓三廠，27日深夜11點多發生火警，桃園市政府消防局獲報後，派遣消防人員89名、消防車35輛、救護車3輛前往救援，迅速於近1小時內撲滅火勢，消防隊員說，廠區1棟建築物的頂樓機房起火，燃燒面積約20平方公尺，起火原因、財物損失都仍待進一步調查。消防局27日深夜11點29分接獲火警報案，緊急派員救援，今天凌晨0點14分控制火勢並於0點21分順利撲滅，消防隊員說，起火的建築物是廠區內的1棟地上4層RC結構建築物，現場燃燒頂樓機房，當時廠區內還有許多員工，廠方緊急疏散200餘名員工並清點人數，目前幸未傳出人員受傷或受困消息。請繼續往下閱讀...世界先進晶圓三廠主要從事8吋晶圓代工與特殊積體電路製造，火災原因、財物損失與後續營運狀況是否受到影響等，都仍待世界先進的進一步釐清。世界先進位於桃園市蘆竹區的晶圓三廠，27日深夜11點多發生火警。（圖由消防局提供）消防隊員花約1小時順利撲滅火勢。（圖由消防局提供）    ,https://news.ltn.com.tw/news/society/breakingnews/5554916
師徒傳授變聲搭裸女設局 共享影片犯案,社會,2026/08/28 05:30,刑事局電偵大隊拆解「網愛裸聊」4大陷阱。（警方提供）「男版創意私房」不只靠販售性影像牟利，檢警更查出犯罪集團內部竟出現「師徒制」！廿五歲許姓男子把學來的扮辣妹誘男網友裸聊、側錄手法，傳授給廿四歲陳姓男子，兩人還共用雲端硬碟交換非法影像，形成「資源互助」的組織化暗黑產業鏈，二人一併遭查獲起訴。檢警追查，落網的嫌犯並非各自單打獨鬥，而是逐漸發展出技術傳授、片源共享的組織模式，讓原本的個人犯罪變成彼此支援的犯罪組織。請繼續往下閱讀...其中許男早在二〇一七年起，就在網路上學習假扮美女與人攀聊、伺機引誘對方裸聊、自慰等犯罪手法，後來結識陳男竟成為對方的「老師」，將技巧傳授給陳，還教導如何建立假女性Instagram及交友軟體帳號。為了讓假身分更逼真，二人找來女子裸露、自慰影片，搭配變聲軟體，讓對方誤以為真的在與美女視訊，卸下戒心後掉入圈套。此外，二人也會「片源共享」，許男開設Google雲端硬碟，開放權限給陳男使用，雙方約定各自取得的網友性影像，都上傳到同一個雲端空間，藉此交換、擴充彼此的片庫，許男後續又與一名網路暱稱「蝦」的男子合作，讓對方使用同一雲端空間內的資料夾，共享取得的性影像。這種「你拍、我存、彼此共享」運作方式，讓犯罪者不必各自建立完整片庫，就能迅速取得大量性影像，顯示此一運作模式已逐步發展成相互支援的組織化犯罪，透過影像流通，犯罪門檻與成本也跟著降低，卻造成被害人私密影像擴散的傷害。☆自由電子報關心您：若懷疑孩童遭受身體虐待、精神虐待或是性侵害、性騷擾，請撥打113專線，透過專業社工員接線服務，將可盡快救援在生命危機中的兒童。☆    ,https://news.ltn.com.tw/news/society/paper/1768349
囤兩萬顆含毒品藥錠 辯自用及親友使用,社會,2026/08/28 05:30,吳姓醫師囤積「美得眠」、「使蒂諾斯」藥錠販售牟利。（圖由檢方提供）醫師吳容忍涉嫌私囤大量含毒品成分藥錠，轉賣給毒販，昨被檢方起訴。據了解，他在桃園市觀音區經營觀興診所已十五年，平日看診項目包括成人小兒感冒發燒、外傷治療、慢性病等；他被逮後辯稱，囤藥是準備供自己服用或提供親友使用，為了避免藥品「斷供」，才以偽造文書留下美得眠與使蒂諾斯藥錠。至於將管制藥品轉賣給毒販，吳表示，當時是對方向他假稱「要購買安眠藥提供安養機構長者服用」，他才會販售，絕無販毒意圖，後續將全力配合檢警調查。請繼續往下閱讀...不過檢警未採信其說詞，尤其是查扣的兩種藥錠合計高達兩萬多顆，還有不知多少黑數已流出市面，僅就數量而言，就不太可能只是為了自用和提供親友之用，何況還違法轉售給涉毒人口。警方表示，使蒂諾斯藥錠等安眠藥品主要成分為佐沛眠（Zolpidem），在國內被列為「第四級管制藥品」與「第四級毒品」，美得眠則屬第三級，這類藥物都具有成癮性，一旦濫用會造成記憶力衰退、注意力渙散、夢遊等多種潛在風險，故應避免長期濫用或自行增加劑量，且未經醫師處方及合法管道取得、販售，即可能涉及毒品犯罪。☆少一份毒品就多一份健康，自由時報提醒您遠離毒品☆    ,https://news.ltn.com.tw/news/society/paper/1768351
診所淪毒窟 貪醫遭求刑12年,社會,2026/08/28 05:30,檢警搜索吳姓醫師的診所，扣得大筆現金。（圖由檢方提供）開不實處方箋 暗槓含毒品藥錠轉賣毒販 查扣1629萬在桃園觀音區經營觀興診所的六十五歲醫師吳容忍，涉嫌以開立不實處方箋手法，「暗槓」含有第三級及第四級毒品成分的安眠藥，再將這些管制藥品賣給毒販，毒販又高價轉售給毒蟲，吳男不但私囤含毒品成分藥錠，犯行大膽到甚至直接在診所內與毒販交易，讓診所淪為毒窟。請繼續往下閱讀...案經台北市刑警大隊科技偵查隊查緝，將吳男逮捕到案，查扣現金一六二九萬元，以及使蒂諾斯藥錠二萬餘錠、美得眠藥錠八四六錠等贓證物。桃園地檢署偵查後，認定吳涉犯重罪且否認犯行，除將吳男起訴，並具體求處重刑十二年，併科罰金一千三百萬元。全案起於台北市刑大今年查獲魏姓男子涉嫌販賣毒品，追出毒品竟來自觀興診所，經報請桃檢指揮偵辦，警方於四月十五日會同桃園市衛生局前往該診所搜索，清點查扣吳男私囤的使蒂諾斯、美得眠藥錠，及處方箋等物，檢方複訊後向法院聲請羈押吳男，獲法官裁定四十萬元交保。檢警查出，吳男明知上述藥錠是管制藥品，含有第三、第四級毒品成分，竟利用來診所看病的病患並不需要的情況下，暗中虛開藥物處方箋，再虛偽造冊而取得管制藥品囤積，進而轉售牟利。檢警追查，吳男於去年十二月十五日下午，利用通訊軟體聯絡魏男，以二千四百元販賣美得眠四盒、一萬八千元販賣使蒂諾斯卅盒給魏，交易地點就在診所內。☆少一份毒品就多一份健康，自由時報提醒您遠離毒品☆醫師吳容忍。（圖擷取自觀興診所臉書）桃園市觀音區觀興診所。（記者周敏鴻攝）    ,https://news.ltn.com.tw/news/society/paper/1768350
扮辣妹誘千男裸聊側錄網售 170人是未成年╱「男版創意私房」 賣20萬性影像檔,社會,2026/08/28 05:30,刑事局電信偵查大隊破獲男子李冠諭等人性影像交易鏈，帶回涉案廿人。 （警方提供）男子李冠諭去年開始假扮辣妹在各社群交友，上傳女子清涼裸照或影像取得對話男網友信任後，引誘對方脫衣裸聊側錄，再依九個等級販賣這些性影像，粗估上千名男性受害，且有一百七十人是未成年，影片高達上萬部，每部收取三千元至十萬元不等，甚至還能客製化，犯罪情節宛如「男版創意私房」。警方逮捕李男及共犯廿人，台中地檢署依違反兒童及少年性剝削防制條例、妨害性隱私等罪起訴。首腦李男等20人起訴中檢在偵辦一起洪姓男大生涉嫌兒少性剝削案件時，分析扣案的數位證據，發現背後有一條龐大的性影像交易鏈，檢察官郭逵指揮刑事局電偵大隊第二隊追查，揪出從「騙片、盜錄」到「分級販售」的完整犯罪網絡。請繼續往下閱讀...會員分9級 10萬解鎖未成年影像經查，三十七歲李男利用Telegram架設多個性影像群組，還依會員消費金額分級，從「目錄」、「初階」、「中階」、「高階」、「長片」，一路到「軍警」、「健兒」、「幼齒」及「萌健」等九大系列，會員消費門檻從三千元至可觀看未成年人的十萬元不等，不法所得逾五百六十萬元。被告不法所得逾千萬元其中廿三歲鄒姓男子被查出另闢交易管道，向洪男及其他不詳者購買被害人性影像，再轉至Telegram群組販售，還找來三名成員提供金融帳戶，協助收款、提領及轉匯犯罪所得，四人獲利約六百萬元。檢警近一年發動五波搜索拘提行動，查扣手機、電腦主機、行動硬碟等儲存裝置以及雲端帳號，清查出被害人性影像檔逾廿萬個、影片上萬部，同時查扣現金一百二十多萬元。刑事局提醒，私密影像一旦外流，可能造成被害人長期傷害，民眾切勿因一時好奇或利益而成為散布鏈的一環，牢記「不拍、不持有、不下載、不分享」，避免觸法。☆自由電子報關心您：若懷疑孩童遭受身體虐待、精神虐待或是性侵害、性騷擾，請撥打113專線，透過專業社工員接線服務，將可盡快救援在生命危機中的兒童。☆    ,https://news.ltn.com.tw/news/society/paper/1768348
施壓下屬浮報餐費挪用 宜縣退休消防局長徐松奕 涉貪起訴求重刑,社會,2026/08/28 05:30,宜縣前消防局長徐松奕涉貪起訴，檢批徐態度惡劣、毫無悔意，建請法院對徐從重量刑。（資料照）上月間緊急辦理退休的宜蘭縣政府消防局長徐松奕，被宜蘭地檢署查出，任內利用辦理慰勞餐敘機會「揩油」，施壓下屬浮報桌數，將多出的三萬餘元公帑，私挪用於招待他人飲宴。檢方調查後直斥徐態度惡劣、毫無悔意，依貪污治罪條例的「利用職務上之機會詐取財物罪」起訴徐男及三名下屬，建請法院對徐從重量刑。至於張姓前科長、林姓及賴姓科員等三名下屬，檢方考量三人僅因遵循長官指示而觸法，犯後態度良好，請求法院予以減刑、緩刑或免刑宣告；涉嫌違反商業會計法的林姓餐廳業者獲緩起訴處分。請繼續往下閱讀...檢方起訴指出，徐松奕去年七月舉辦「特種搜救隊國家認證計畫（NAP）」慰勞餐會，受邀對象一二六人，實際僅需十二至十三桌，徐為預支高額餐費，竟透過張姓災害搶救科長指示林姓科員，將餐會浮報為十五桌，餐後經核算，剩餘款有三萬三千多元應繳回。公帑私用 檢批態度惡劣、毫無悔意徐卻指示賴姓科員私下向酒商購買酒水，還以「留桌」方式另行安排一場飲宴，招待與NAP計畫無關的人，並且違法核銷將三萬多元花用殆盡。檢方痛批，徐濫用審核預算權限，多次施壓下屬上簽提高預算，將公帑流用於私人飲酒與餐敘，卻以事務繁忙未干預核銷為由推諉卸責，說詞與其餘被告完全不符，依此起訴及從重求刑。徐松奕於二〇一六年擔任宜縣消防局長，因貪污案遭查辦後，火速於七月辦退，獲縣府核准。    ,https://news.ltn.com.tw/news/society/paper/1768340
高中師約10學生到租處偷拍 檢求刑4年,社會,2026/08/28 05:30,"嘉義縣某高中教師李品澔涉嫌在租屋處偷拍，昨遭檢方起訴。（嘉檢提供）檢方罕見公布全名與租屋地址嘉義縣某高中生物科代理教師李品澔，涉嫌利用學生對教師的信賴，邀請學生前往竹崎鄉和平村田寮租屋處，卻在廁所架設手機偷拍學生如廁，偷拍次數達十三次之多，共有十位男學生受害，其中九名未成年，嘉義地檢署昨依違反兒童及少年性剝削防制條例、妨害秘密等罪嫌將他起訴，具體求刑四年。檢方昨罕見公布李男全名與租屋地址，檢方指出，本案涉及重大隱私與公共安全，係依「政府資訊公開法」及「個人資料保護法」但書「增進公共利益」規定，在遵守兒少保護規範及兼顧學生隱私前提下適度揭露。請繼續往下閱讀...檢方說，犯罪地點為特定租屋處，適度公開相關資訊，可提醒曾於案發期間出入或使用該處衛浴設施的民眾提高警覺，若發現相關情況，可及時提出檢舉或主張法律權利，同時也提醒民眾進出場所時提高安全防護意識。據了解，卅六歲李男在該校任教約五年，今年間邀一名男學生到租屋處指導課業，男學生上廁所時，發現衛生紙盒內有手機，且孔洞內鏡頭開啟錄影功能，隨即向學校報告，李男被學校停聘，並在全案進入司法程序後離職。起訴書表示，李男自二〇二五年六月起至今年五月期間，先後邀請他所教授的學生前往租屋處，並於廁所架設手機偷拍學生如廁時的身體隱私部位及性影像。檢警獲報後，今年五月十八日前往李男租屋處搜索，查扣手機一支、平板一台。檢方認定李男為人師表，本應負有保護及輔導學生的責任，卻反而利用師生間的信賴關係逞私慾，犯罪情節嚴重。李男於案發之初否認犯行，意圖逃避司法追訴，顯無悔意，向法院具體求處有期徒刑四年。☆自由電子報關心您：若懷疑孩童遭受身體虐待、精神虐待或是性侵害、性騷擾，請撥打113專線，透過專業社工員接線服務，將可盡快救援在生命危機中的兒童。☆    ",https://news.ltn.com.tw/news/society/paper/1768352
環保蟑螂亂倒廢土 砂石車繞路洗GPS軌跡,社會,2026/08/28 05:30,"警方蒐證期間，掌握林男開發公司旗下的砂石車透過繞路去合法土資場「洗軌跡」。 （記者王冠仁翻攝）內政部國土管理署自今年起實施營建剩餘土石去向GPS追蹤新制，林姓男子經營開發公司，承包某建案廢土清運工程，他為了規避被追蹤，與經營土資場、砂石場的羅姓女子勾結，找砂石車隊先將廢土載去羅的合法土資場「洗軌跡」，實際上再原車把廢土載往不合法的砂石場傾倒，以此手法大賺五百多萬元。刑事警察局第七大隊第二隊據報經蒐證，上月起陸續將林、羅與砂石車司機、員工等十七人分別逮捕或者約談到案，依違反廢棄物處理法送辦。警方是在今年四月接獲舉報，發現新北市三峽區一處砂石場，有違法收購、處理營建廢土的情況，經調查，原來這些廢土來自新北市新店區一處建案基地，建商花二一六一萬元土方處理費，將工程廢土交由六十歲林姓男子經營的開發公司處理，但林卻「拿錢不辦事」，反而找上經營土資場跟砂石場的五十七歲羅姓婦人，聯手搞鬼。請繼續往下閱讀...警方調查，林把廢土低價賣給羅，並與羅旗下能合法處理廢土的土資場簽約，拿到營建剩餘土石方產生源及處理地點等相關文件後，再找來砂石車隊，將廢土載往羅旗下另處不能處理廢土的砂石場傾倒。由於現今砂石車被政府要求安裝GPS，砂石車都會先去羅的合法土資場「洗軌跡」，再將廢土載去羅位於三峽一處河岸旁的砂石場傾倒。警方說，林透過此舉「省下」大約五百五十萬元土方處理費，轉賣廢土給羅又賺六十二萬；羅低價買來廢土後，再找人處理、過濾能賣錢的土料、石材，也能牟利。警方布線蒐證完備後，上月初先逮林、羅等人，本月再通知相關砂石車司機到案，查扣工程合約書、場地臨時借用契約書、進貨統計報表、應付帳款明細表等會計資料、電腦、手機等贓證物，依法送辦；警方初估，他們以此手法，以二六七車次收受七千多噸廢土卻沒合法處理。警方發現新北市三峽區一處砂石場被違法傾倒營建廢土。（記者王冠仁翻攝）警方查扣合約等相關物證。（記者王冠仁翻攝）    ",https://news.ltn.com.tw/news/society/paper/1768353
鹿港兒童公園「單眼相機男」出沒專拍小女生 警方說話了,社會,2026/08/28 00:24,鹿港鎮立兒童公園超受歡迎，不只當地小朋友愛玩，連深受遊客喜愛。（資料照）彰化縣鹿港鎮兒童公園傳出有男子拿單眼相機專拍小女生，令家長十分擔心。鹿港警分局說，民眾網路社群貼文並未接獲報案，兒童公園將增設巡邏箱，同時尋訪了解男子身分與動機，予以勸導；民眾若發現可疑人士，可向警方通報。鹿港地區網路社群有兩名網友貼文說，有人拿單眼相機在鹿港兒童公園專挑小女生拍照。不少家長認為，就算公園是公開場所，也不能就這樣專挑兒童拍照，尤其都挑小女生，更讓人內心的警鈴大響。請繼續往下閱讀...有民眾說，剛開始看到有人在拍小女生，還以為是阿公在拍孫女，後來才發現並不是這樣，還聽到小女生說，拍好的照片會洗出來送人。貼文是希望家長讓小孩去公園，不要遠離視線，不要丟著小孩跑去其它地方，或只是滑手機，應該要隨著注意現場情況。鹿港警方說，尚未接獲報案，會調查與了解對的動機，進而請家人勸導，避免做出引起猜忌的行為，如果要對其它人特寫拍照或是錄影，應該取得對方同意。將在兒童公園增設巡邏箱，加強盤查。    ,https://news.ltn.com.tw/news/society/breakingnews/5554901
和美菜市場違停被PO網吃單 警再抓包「車牌與登記不符」慘了,社會,2026/08/27 23:55,彰化縣和美菜市場發會車糾紛，意外發現違停車輛的車牌竟與登記資料不合。（民眾提供）彰化縣和美菜市場周邊道路狹窄，發生會車糾紛，楊姓民眾路邊停車影響交通，被PO網投訴。和美警分局說，違停車輛所掛車牌與登記不符，將依道交條例第12條、第56條開罰，總計最高可罰3萬7200元，同時追查車牌不符。和美警分局說，民眾在網路貼文，經查，楊姓民眾確實在和美鎮愛物路違規停放車輛，車牌卻與車輛登記不合，這部分將會進一步調查了解。請繼續往下閱讀...警方說，楊姓男子的車輛掛別的車牌又違停，除了違反道交條例第12條的牌照借供他車使用或使用他車牌照，可處汽車所有人3600元到3萬6000元。以及違反道交條例第56條，停車在顯有妨礙其他人、車通行處所停車，可處600元到1200元的罰款。彰化縣和美鎮菜市場周邊道路狹窄，會車不易。（民眾提供）    ,https://news.ltn.com.tw/news/society/breakingnews/5554893
台中七期精華區男子墜樓 倒臥商辦工地身亡,社會,2026/08/27 23:26,警方獲報封鎖現場採證。（民眾提供）台中市西屯區七期精華區、鄰近市政府及百貨商圈的商辦建築工地，今晚8點45分左右有人從高處墜落，警消獲報趕到，發現1名男子倒臥工地內，已無呼吸心跳，明顯死亡，未送醫；警方封鎖現場調查。據了解，事發工地目前正進行營建工程，規模相當可觀，規劃為大型商辦或綜合商業用途，案發在晚間，工地並未施工，不過現場仍有人員留守，男子究竟是工地工作人員，或是其他人士，仍待釐清。請繼續往下閱讀...消防局獲報後出動2個分隊，救護人員到場時，男子已明顯死亡，因此未送醫。警方封鎖現場採證，男子身分、進入工地原因及墜落樓層，警方漏夜調查釐清中。    ,https://news.ltn.com.tw/news/society/breakingnews/5554888
8/27 今彩539開2注！800萬獎落花蓮、屏東,社會,2026/08/27 22:12,8月27日開獎的第115000208期今彩539頭獎開出2注。（本報合成）8月27日開獎的第115000208期今彩539頭獎開出2注，由屏東縣麟洛鄉麟蹄村中山路180號1樓「聚財寶殿彩券行」、花蓮縣花蓮市國風里林森路199號1樓「財神寶庫投注站」開出；第115000069期威力彩頭獎摃龜。第115000069期威力彩中獎號碼為「第一區：02、07、09、11、24、36，第二區：01」。頭獎摃龜；貳獎摃龜；參獎共12注中獎，每注可得15萬元；肆獎共50注中獎，每注可得2萬元；伍獎共257注中獎，每注可得4000元；陸獎共2001注中獎，每注可得800元；柒獎共3144注中獎，每注可得400元；捌獎共1萬6681注中獎，每注可得200元；玖獎共2萬4060注中獎，每注可得100元；普獎共3萬7415注中獎，每注可得100元。請繼續往下閱讀...第115000208期今彩539中獎號碼為「02、03、07、25、33」。頭獎共2注中獎，每注可得800萬元；貳獎共214注中獎，每注可得2萬元；參獎共7532注中獎，每注可得300元；肆獎共7萬7210注中獎，每注可得50元。第115000208期39樂合彩中獎號碼為「02、03、07、25、33」。四合開出21注，每注可得21萬2500元；三合共300注中獎，每注可得1萬1250元；二合共1萬3867注中獎，每注可得1125元。第115000208期3星彩中獎號碼為「891」。壹獎共22注中獎，每注可得5000元。第115000208期4星彩中獎號碼為「6217」。壹獎共29注中獎，每注可得5萬元。確切中獎號碼以台彩網站公告為主，請見「台灣彩券網站」。威力彩、今彩539、39樂合彩、3星彩、4星彩中獎號碼。（擷取自台彩官網）    ,https://news.ltn.com.tw/news/society/breakingnews/5554843
求子遭指侵！基隆天顯宮8旬主委稱「神明指示」 女兒、女特助是幫兇,社會,2026/08/27 21:33,彰化1名女子來到基隆市和平島天顯宮求子。（檔案照）基隆市和平島天顯宮80多歲主委張朝明，被控趁彰化某女子求子心切，假借神明名義，在宮內地下室小房間進行求子宗教程序時，在賴姓女特助、擔任副主委的女兒協助下，將手指插入求子女子下體，還詢問「是否有感覺熱熱的」等語。基隆地檢署調查調查後，將張男、與其女兒、賴姓女特助等3人涉犯加重強制性交罪起訴，建請法院從重量刑。檢方調查，被害女子去年6月、7月2次前往宮廟時，張男僅持香輕點其掀起衣物的胸、腹、後腰及卵巢等位置，但8月10日進行第三次程序時，與擔任副主委的女兒與賴姓女特助共謀，合力說服女子接受「進一步治療」。請繼續往下閱讀...接著，張男再以「男性不能參與進一步治療」，支開被害女子的先生，張男被控在「進一步治療」時，由賴女要求被害女子褪去全身衣物，躺在診療床上，接著張男持香從腿部輕點至頸部，隨後竟直接將左手指插入女子陰道撥弄數次，持續詢問「是否有感覺熱熱的」等語。女子事後驚覺受辱，憤而向警方報案。基檢獲報後展開調查，並發動搜索，查扣張男手機發現，手機內部存有多張不同女性私密處的翻拍照片，其中甚至包含近距離拍攝女性陰道的特寫照片。面對檢警訊問，張男始終拒絕透露照片來源及女性身分。檢察官偵查後認定，張男身為天顯宮廟主委，信徒眾多且追隨者踴躍，犯案手段極為熟稔，顯見絕非首次犯行。此外，宗教領域充滿神秘與隱密性，信徒常因敬畏宗教力量而選擇三緘其口，若本案未揭露，恐有更多無辜信徒受害。檢方強調，張男到案後毫無悔意，狡辯其行為是出於「三大帝公」的意思；但神明向來勸人為善，絕不可能利用乩身侵害他人，考量被告犯罪動機、手段、惡劣態度及所生危害，依涉犯加重強制性交罪起訴張男、賴女及張女，並建請法官從重量刑，以昭公義。☆尊重身體自主權，遇到性騷擾勇於制止、勇敢說不，請撥打113、110☆☆現代婦女基金會 性侵害防治服務專線02-7728-5098分機7☆天顯宮80多歲主委張朝明被控假借神明名義，將手指插入求子女子下體，被檢方依涉犯強制性交罪起訴。（檔案照）    ,https://news.ltn.com.tw/news/society/breakingnews/5554788
驚險！彰化外送機車與貨車碰撞  手搖飲噴飛灑落一地,社會,2026/08/27 21:20,外送員騎機車與貨車碰撞，手搖飲灑落一地。（民眾提供）彰化縣和美鎮和線路26日發生碰撞意外，18歲手搖杯蘇姓外送員騎機車直行，與迴轉的小貨車發生碰撞，蘇男顱內出血，幸已恢復意識，而撞擊瞬間影像也曝光，只見機車外送箱手搖杯，在撞擊中在天空飛舞，飲料灑落一地。和美警分局表示，王姓男子（71歲）駕駛小貨車，準備從和線路邊起步由東向西行，切入車道後準備要迴轉到對向車道，正要迴轉的當下，蘇男所騎的機車往前直行，雙方發生碰撞，蘇男送醫救治，自小貨車的左側毀損，機車的車頭受損，而原本要送達客戶手中的手搖杯也飛灑一地。請繼續往下閱讀...警方指出，這起意外的雙方駕駛，駕照都正常，也無毒駕或是酒駕，意外發生的原因將進一步調查。外送員騎機車與貨車碰撞，手搖飲灑落一地。（民眾提供）外送員騎機車與貨車碰撞，手搖飲灑落一地。（民眾提供）    ,https://news.ltn.com.tw/news/society/breakingnews/5554795
快對獎！8/27 威力彩、今彩539獎號出爐了,社會,2026/08/27 20:55,威力彩開獎號碼。（擷取自三立iNEWS《全民i彩券》）今天（8月27日）台彩各項開獎獎項及獎號。威力彩：02、07、09、11、24、36，第二區：01。請繼續往下閱讀...今彩539：02、03、07、25、33。39樂合彩：02、03、07、25、33。3星彩：891。4星彩：6217。確切中獎號碼以台彩網站公告為主，請見「台灣彩券網站」。今彩539、39樂合彩開獎號碼。（擷取自三立iNEWS《全民i彩券》）3星彩開獎號碼。（擷取自三立iNEWS《全民i彩券》）4星彩開獎號碼。（擷取自三立iNEWS《全民i彩券》）    ,https://news.ltn.com.tw/news/society/breakingnews/5554791
藏磁扣成關鍵！知名建商董座闖前女友家硬上  法院判決出爐,社會,2026/08/27 20:03,台中地院依強制性交、侵入住宅各判陳男1年10月、3月，均緩刑5年，可上訴。（資料照）台中某知名建商陳姓董事長兼總經理，涉嫌持前女友住處感應磁扣闖入住家，並性侵得逞，案發後被警方依現行犯逮捕、檢方聲押獲准，台中地院審理後，今依強制性交、侵入住宅各判陳男1年10月、3月，均緩刑5年。檢警調查，陳男與女子過去曾交往4年多，兩人認識近30年，案發前感情已經出現裂痕，陳男涉嫌暗藏女方租屋處的感應磁扣，趁女子在家時擅自進入，隨後對她強制性交，女子驚嚇之餘對外求救，警方獲報趕抵現場，當場將陳男逮捕，檢察官複訊後認定涉案重大，向法院聲請羈押獲准，之後依侵入住宅強制性交等罪嫌起訴。請繼續往下閱讀...案件進入法院後，陳男曾聲請停止羈押，辯稱與女子過去感情深厚，案發時女子仍可自由活動，也沒有要求他離開，並強調有正當工作、沒有前科，證據也已保全，加上女子已聲請保護令，應無逃亡、滅證或再犯之虞，但法院調查後並未採信。法官指出，陳男在偵查時曾自承，並非第一次未經女子同意，進入其租屋處並與她發生性關係，另有女子證詞、雙方對話、案發時錄音、監視器畫面，以及女子事後前往身心診所就醫等資料可供佐證，另警方到場時，陳男一度否認持有女子住處感應磁扣，此舉顯示其有刻意隱匿證據情形。全案今天宣判，台中地院依強制性交罪判陳男1年10月，侵入住宅罪判3月得易科罰金，兩罪均緩刑5年，並交付保護管束；陳男還須向公庫支付80萬元、向公益團體提供60小時勞務及接受法治教育課程，可上訴。    ,https://news.ltn.com.tw/news/society/breakingnews/5554748
「喪屍煙彈」校園氾濫 桃園學生涉毒人數年增72％,社會,2026/08/27 19:59,「喪屍煙彈」在校園氾濫，教育部也製作各種海報宣導。（摘自教育部網站）根據內政部警政署統計資料，桃園市114年度學生涉毒人數高達76人，較113年度44人成長72％，其中又以第2級毒品71人占最大宗；審計部桃園審計處114年度決算報告認為，111至113年度學生涉毒人數，由52、46、44人逐年下降，114年度卻反轉上升，激增73％，顯示校園毒品及學生藥物濫用情形有加劇情形。教育局表示，校園新興毒品以依拖咪酯為主要大宗，不肖分子將其製成電子煙油，以「喪屍煙彈」等名義在年輕族群中流傳，鑑於依拖咪酯嚴重氾濫，今年六月已經其改列一級毒品；為有效防制校園毒品氾濫，教育局持續要求所屬各級學校落實三級預防輔導策略，利用相關集會活動、入班宣導及親職座談等時機進行宣導。請繼續往下閱讀...另播放教育部「喪屍煙油遠離身（依托咪酯）」等EDM文宣、圖卡及短片等反毒媒材強化學生拒絕技巧；於115年度起全面要求各級學校均須辦理親職識毒反毒增能，截至6月底已辦理46場增能研習、132場反毒宣導。教育局說，學校若有發現疑似藥物濫用學生，將提列特定人員並辦理尿液篩檢作業，若發現疑似摻雜毒品情形，會請警政單位針對電子煙彈進行初篩，倘初步檢驗呈陽性反應，即送交鑑定若確認為陽性則啟動春暉專案。☆少一份毒品就多一份健康，自由時報提醒您遠離毒品☆    ,https://news.ltn.com.tw/news/society/breakingnews/5554688
抖音賣「胃藥」助墮胎！孕婦週數過大收仲介費轉至診所 印尼看護起訴,社會,2026/08/27 19:25,台北地檢署偵結，依意圖營利加工墮胎罪起訴印尼籍看護YURI。（記者劉詠韻攝）印尼籍看護YURI涉嫌透過TikTok販售處方藥「CYTOTEC（喜克潰）」協助墮胎，若孕婦週數過大，另收6500至7000元介紹費，仲介合法、失聯移工赴婦產科診所墮胎。台北地檢署偵結，依意圖營利加工墮胎罪將其起訴。起訴書指出，YURI在台從事家庭看護工作，檢方查出她與印尼籍配偶A男及另名印尼籍R女，3人自2023年間透過社群平台TikTok刊登販售墮胎藥物、墮胎診所等廣告；A男、R女目前另案偵辦中。請繼續往下閱讀...檢方調查，YURI販售的藥物為處方箋用藥「CYTOTEC」，中文名為「喜克潰」，以每10顆1500元至2500元不等價格出售，供有墮胎需求者服用。喜克潰原主要用於治療胃潰瘍，但因藥物成分會刺激子宮收縮，也可能被用於終止妊娠，因此屬須經醫師處方取得的藥品。若懷孕週數過大，無法單靠服用藥物墮胎，YURI則轉而提供「仲介服務」，每次收取6500元或7000元介紹費，媒介合法移工或失聯移工前往婦產科診所進行墮胎，藉此牟利。本案源於檢警接獲檢舉，掌握有移工在同鄉圈私售喜克潰協助墮胎，循線鎖定YURI涉有重嫌，先前向法院聲請羈押禁見獲准。由於喜克潰屬處方藥，一般人不易大量取得，檢警也同步向上追查藥物流向及來源。北檢民生犯罪專組檢察官陳虹如指揮警方，並會同雙北衛生局發動第二波搜索，追查涉嫌提供藥品的上游藥局，拘提專品台大醫院店負責人黃韋嘉、店長謝宜伶及中央大藥局負責人李奕賢等3人到案。據了解，串聯藥局與YURI之間的關鍵中間人，已在第一波行動時搭機離境。檢警持續勾稽兩家藥局進出貨紀錄、帳冊，釐清業者是否明知藥物用途，以及有無其他未曝光的供藥管道與利益鏈結；黃韋嘉、謝宜伶及李奕賢先前經複訊後，分別以100萬元、70萬元及20萬元交保，相關部分仍另案偵辦。    ,https://news.ltn.com.tw/news/society/breakingnews/5554710
邱志平調懲戒法院法官 金門高分院院長劉方慈接篆視事,社會,2026/08/27 18:23,福建高等法院金門分院新任院長劉方慈（右一）、卸任院長邱志平（左二）交接，司法院秘書長高金枝（右二）監交。（福建高等法院金門分院提供）福建高等法院金門分院今天說，原任院長邱志平榮調懲戒法院法官，新任院長由台灣高等法院法官劉方慈接任，即日起走馬上任。劉方慈、邱志平8月25日在台灣高等法院司法大廈3樓大禮堂舉行交接，同時與智慧財產及商業法院、連江地方法院及台灣高等法院所屬苗栗、桃園、南投等地方法院新任院長聯合舉行交接及宣誓典禮。請繼續往下閱讀...金門高分院指出，劉方慈中國文化大學法律學系畢業，79年司法特考乙等考試司法官考試及格，92年薦任公務人員晉升簡任官等訓練及格，司法官訓練所司法官班第30期結業，歷任法官、庭長、台灣高等法院法官調派最高法院辦理審判業務；司法工作逾30年，除長期從事刑事審判，並曾擔任台灣高等法院刑事發言人等職務，審判及行政工作均獲肯定。金門高分院指出，邱志平擔任金門高分院院長期間，積極清理案件，維持全院案件無遲延；推動訴訟E化，遠距視訊開庭及電子遞狀等措施，減輕當事人及律師往返金門之勞費。此外，他積極改善同仁住宿及辦公環境，重視開庭準時、問案態度及少年、被害人權益保障，營造友善、便民法庭。    ,https://news.ltn.com.tw/news/society/breakingnews/5554560
睡三溫暖膠囊艙突痛醒 驚見陌生男指侵他猛踢隔板求救,社會,2026/08/27 18:17,台中地院依乘機性交罪判陳男3年6月，可上訴。（資料照）台中一名男子到男子三溫暖休息，睡在膠囊艙內竟遭陌生陳姓男子趁熟睡時侵入並口交、指侵，他痛醒後嚇得大喊拒絕、踢踹隔板求救，業者聞聲報警揭發案件，台中地院審理後，認定陳男犯行造成被害人身心受創，依乘機性交罪判刑3年6月，可上訴。判決指出，陳男今年2月20日前往台中某男子三溫暖消費，清晨6點多，他醒來後發現下層膠囊艙有一名陌生男子熟睡，竟起了歹念，拿取潤滑劑潛入對方休息空間，掀開被褥後，對熟睡男子做出未經同意的性侵行為，男子因身體劇痛驚醒，睜眼赫然發現陌生人正在侵犯自己，當場受到驚嚇，立即出聲喝止「不要用！」請繼續往下閱讀...然而，陳男並未因此停手，仍坐在床緣持續侵犯，男子再次明確表達拒絕，並不斷踢踹膠囊艙隔板，希望藉此製造聲響引起外界注意，所幸業者聽見異常聲響後前往查看，發現情況不對立即報警，警方到場後將陳男查辦。案件進入司法程序後，陳男坦承犯行，被害男子則詳細指述遭侵犯經過，並提出就醫紀錄，檢警另取得三溫暖入住資料及監視器畫面等證據，還原案發經過。台中地院審理認為，陳男與被害男子素不相識，明知對方當時處於熟睡狀態，仍利用對方無法防衛之際侵犯，直到被害人痛醒並明確出言拒絕，仍未立即停止，顯然已侵害對方性自主權，審酌被害人因事件受到身心創傷，且陳男犯後未與被害人達成和解，依乘機性交罪判處有期徒刑3年6月，仍可上訴。☆尊重身體自主權，遇到性騷擾勇於制止、勇敢說不，請撥打113、110☆☆現代婦女基金會 性侵害防治服務專線02-7728-5098分機7☆    ,https://news.ltn.com.tw/news/society/breakingnews/5554614
秀姑巒溪暴漲沖走上班保全 失蹤4天後尋獲遺體,社會,2026/08/27 18:14,失蹤4天的北榮玉里分院黃姓保全，今天在便道下游600公尺處找到遺體，埋在泥沙及漂流木下方。（花蓮縣消防局提供）首次上稿 14:35更新時間 18:14 新增玉里鎮代表會、鎮公所說法熱帶低壓為花蓮帶來豪雨，花蓮玉里鎮黃姓保全清晨騎機車要去北榮玉里分院長良院區上班，途經玉長便道，卻不知便道已被湍急溪水沖刷出60公尺缺口，造成保全被大水流走，經過4天之後，今天終於在下游找到黃男遺體，因人命關天，玉里鎮代會也要求鎮公所應檢討封橋流程，不要再讓類似事件發生。請繼續往下閱讀...消防局說，24日接獲報案後成立前進指揮所，考量溪水湍急，包括警義消、玉里警分局、縣府建設處加入搜救，也請海巡署協助搜尋秀姑巒溪出海口，針對各堤防、海岸岸際並擴大至外海，也使用無人機沿著樂樂溪、秀姑巒溪往下游搜尋，動員超過125人次搜尋，但連續3天都沒有消息！消防局玉里分隊長楊緯立說，今天上午搜救人員在玉長便道下游處600公尺的堤岸消波塊處，發現黃姓男子遺體，遭到漂流木、泥沙掩埋，已明顯死亡，已將遺體帶回玉里分隊交由家屬帶回。玉里鎮民代表會發聲明，要求鎮公所檢討封路流程。主席呂佳怡抨擊，鎮公所前一天晚上「網路發布封路訊息」，卻沒有到場關閉鐵門，造成民眾在清晨5點上班時誤入危險路段，造成人命損失，要求鎮公所提出調查報告及改善措施。鎮長龔文俊強調，鎮公所2年前有豎立公告牌，便道僅上午6點到下午6點開放通行，夜間不開放，原因是沒有夜間照明，下雨及晚間視線不良時易生危險，且今年5月汛期曾宣布封閉玉長便道，請民眾改走卓富大橋。他說，4年前震垮的玉長大橋，新橋預計下月15日可開放通行，便利源城、長良間交通。因秀姑巒溪暴漲斷掉的玉里鎮玉長便道。（花蓮縣消防局提供）失蹤4天的北榮玉里分院黃姓保全，警義消冒雨沿溪找人。（花蓮縣消防局提供）失蹤4天的北榮玉里分院黃姓保全，連日來警消透過空拍機沿著溪往下游尋人。（花蓮縣消防局提供）    ,https://news.ltn.com.tw/news/society/breakingnews/5554224
酒後起色心！醉女搭Bolt強攻帥哥司機「蛋黃區」 強制猥褻判6月,社會,2026/08/27 18:08,新北市黃姓女子搭一輛Bolt（博歐特）多元計程車返家途中，強制猥褻帥哥司機，被判處6月有期徒刑、得易科罰金18萬元，緩刑2年。仍可上訴。示意圖，非當事車輛。（Bolt提供）新北市黃姓女子，去年11月清晨5點多與朋友在新北汐止聚會唱歌後，與一名女性友人同搭一輛Bolt（博歐特）多元計程車返家途中，坐在帥哥司機正後方的黃女，酒醉起色心，先探詢感情得知對方單身，接著說「我可以陪你睡覺」，之後再趁他專心開車無暇他顧之際，伸手隔著褲子觸摸司機的下體，再深入內褲直襲重點部位；司機隱忍完成運載服務後，不甘受辱，就近至蘆洲警分局報案。士林地方法院考量雙方達成調解，黃女已經賠償，依強制猥褻罪將黃女判處6月有期徒刑、得易科罰金18萬元，緩刑2年。仍可上訴。士林地檢署起訴，黃女與不知情的蘇姓女友人於2025年11月29日清晨5時20分左右，在汐止中興路的好樂迪KTV以APP叫車，搭上Bolt多元計程車男司機阿強（化名）駕駛的計程車，欲前往蘆洲民宅。黃女坐在阿強正後方，途中她先詢問阿強的感情狀況，得知阿強單身，遂進一步表示「我可以陪你睡覺」，以言語騷擾阿強。請繼續往下閱讀...之後黃女又利用阿強專心開車、無心旁顧，基於強制猥褻的犯意，先伸右手從阿強後方隔著褲子觸碰阿強的性器官，阿強基於本能抗拒而出手將她撥開，黃女不死心，隨即又隨即又直搗黃龍，將右手強行伸入阿強的內褲內，撫摸阿強的下體，以強暴方式強制猥褻。阿強結束載客服務後，報警處理，警方依車隊叫客系統，查獲是黃女所為。阿強的廖姓女性友人剛好認識黃女，廖女得知阿強在車上被非禮的事，想起自己先前在精油館工作時，曾經為黃女服務，也被黃女無故觸碰身體。阿強也將此事告訴檢察官，請廖女作證黃女也會性騷女工作人員。黃女被通知到案，偵查時她否認犯案，辯稱她沒印象司機有擋她的手，她當下覺得是在開玩笑，後來司機的皮帶有解開，她覺得司機不是在掙扎，不認為有強制。但後來黃女被起訴、法院審理時，改口認罪。士林地院法官審理後認為，黃女於酒後強行對司機為猥褻行為，造成司機心理陰影及創傷，侵害其性自主決定權，危害社會治安，實屬不該，考量她尚能及時坦承犯行，並與司機成立調解，當庭給付賠償金完畢，金額不公開，獲得原諒同意讓她緩刑。法官考量黃女素行良好、沒前科、經濟能力等情況，量處6月徒刑、得易科罰金，並予緩刑2年，緩刑期間交付保護管束，原則上每月要須到士檢觀護人室報到1次。☆尊重身體自主權，遇到性騷擾勇於制止、勇敢說不，請撥打113、110☆☆現代婦女基金會 性侵害防治服務專線02-7728-5098分機7☆    ,https://news.ltn.com.tw/news/society/breakingnews/5554586
收納箱塞大麻！從泰國走私闖關被攔截 男盜健保卡運毒判7年,社會,2026/08/27 17:47,​戴男將2公斤大麻藏收納箱闖關，更盜用遺失健保卡報關，雖狂換收件地仍遭警方逮捕，台南地院重判7年徒刑。（記者王捷攝）假借收納箱名義，企圖從泰國空運逾2公斤大麻闖關，甚至盜用遺失健保卡報關，這起跨國走私毒品案終遭識破。台南地方法院針對此案宣判，認定戴姓男子共同運輸第二級毒品，判7年徒刑。​去年9月初，戴男與尤姓男子合謀策劃運毒。戴男先提供台南市中西區一家商務旅館作為包裹收件地，接著將一張不知情民眾遺失的健保卡交給尤男，用來註冊快遞實名認證系統。尤男隨後以他人名義申辦預付卡為收件電話，向台北關申報進口藏有63包大麻的收納箱，人在泰國的戴男則將大麻夾藏在食品雜貨中，以航空包裹輸入台灣。請繼續往下閱讀...​走私計畫在去年9月11日遭識破。台北關人員查驗時發現收納箱藏有大麻煙草，隨即扣押。因實名認證出狀況，尤男又透過不明管道取得另一民眾身分資料再次報關。但是，重複報關的異樣被調查人員發現，先一步與物流業者配合，假裝出貨，由幹員在後方跟監，尤男雖多次狡猾更換收件地點，直到同月16日上午物流投遞假包裹，最終尤男在簽收包裹後當場遭警方逮捕，警方也循線查出幕後操盤的戴男。​法院審理認為，戴男明知大麻為國內管制的第二級毒品，仍與尤男共謀夾藏空運來台，數量相當龐大，恐助長社會施用毒品風氣，嚴重危及國民身心健康及治安，惡性重大。不過，考量這批毒品在海關即遭及時攔截，幸未流入市面造成更大危害，且戴男偵審期間均坦承犯行，態度尚可。法官綜合審酌雙方主從關係、行為分擔、犯罪動機及個人經濟狀況等情狀，依法判處7年徒刑，全案仍可上訴。☆少一份毒品就多一份健康，自由時報提醒您遠離毒品☆    ,https://news.ltn.com.tw/news/society/breakingnews/5554539
擔心沒讓寶貝舒服！人夫出軌女師「6度上摩鐵」 這下慘了,社會,2026/08/27 17:37,教師人夫帶學校女同事，6度上摩鐵，被判賠元配30萬元，情境示意。（資料照）彰化一名已婚的國小教師，被太太發現有小三。元配暗中蒐證，發現先生帶著女子6度進出汽車旅館，又從先生汽車的行車紀錄器發現許多充滿性暗示的對話。元配不滿配偶權受損害，對2人提出100萬元的精神賠償，法官判賠30萬元。判決書指出，男師於2017年結婚，婚後育有2名子女，原本婚姻還算美滿，但去年太太聽聞，丈夫竟然與同校的女師暗通款曲，2人疑有曖昧關係，便暗中蒐證。請繼續往下閱讀...元配發現，先生短短2個月帶著女子6度進出汽車旅館，行車紀錄器更錄下許多帶有性暗示的對話。判決書指出，元配提供行車紀錄器影像，雙方以「老公」、「老婆」、「寶貝」相稱。更扯的還有兩人對話「就擔心沒有讓寶貝舒服到」、「從大腿流下去，就想把你灌滿」、「到時候你就會說老公饒了我快點」。元配認為，2人的行為已故意以違背善良風俗的方式，侵害其基於婚姻關係所享有的身分法益，造成精神上重大痛苦，因此依民法相關規定，要求2人連帶賠償精神慰撫金100萬元。先生則辯稱，雙方並未發生性行為，且夫妻早在數年前便曾因家事分工、子女教養等問題發生爭執，太太甚至曾提出離婚，之後婚姻諮商也告失敗，認為夫妻關係早已名存實亡。法官審理後認定，2人的互動已明顯逾越一般男女正常社交界線，但太太所提賠償100萬仍嫌過高，以2人連帶賠償30萬元為適合。    ,https://news.ltn.com.tw/news/society/breakingnews/5554544
海巡與移民署聯手  台東查獲6越南籍失聯移工,社會,2026/08/27 17:29,台東海巡與移民署聯手查獲越南籍失聯移工。（海巡提供）為查緝失聯移工及非法聘僱等不法情事，海巡與移民署聯手執行聯合查緝勤務，今天於台東市查獲6名越南籍失聯移工。海洋委員會海巡署東部分署第一三岸巡隊與內政部移民署南區事務大隊台東縣專勤隊於今天共同執行「祥安專案」聯合查緝勤務。請繼續往下閱讀...專案小組由台東縣專勤隊主偵，日前接獲相關情資，掌握疑有失聯移工搭乘特定車輛活動。經雙方研商勤務部署，於今日上午在台東市區發現目標車輛，隨即實施攔查，並透過相關系統進行身分比對，確認車內6名外籍人士均為通報在案之越南籍失聯移工。全案後續由台東縣專勤隊依相關規定辦理，並持續追查是否涉及非法聘僱、仲介或其他不法情事。第一三岸巡隊表示，查緝失聯移工及非法聘僱案件需仰賴各執法機關密切合作，未來將持續與移民署及相關單位保持橫向聯繫，共同打擊不法，維護國境安全及社會秩序。民眾若於港區、岸際發現可疑或不法情事，或遇有急難救援需求，可撥打海巡署「118」服務專線；如發現疑似失聯外籍移工、非法聘僱等情事，請向移民署或相關主管機關通報。另雇主聘僱外國人應依相關法令辦理，切勿非法聘僱失聯移工，以免觸法。    ,https://news.ltn.com.tw/news/society/breakingnews/5554540
防境外勢力滲透國軍！北檢強化官兵訊息識讀 3面向築反賄防線,社會,2026/08/27 17:28,北檢檢察長王俊力率選舉查察執行秘書、主任檢察官李仲仁等人到台北憲兵隊及新北憲兵隊舉行反賄選宣導座談。（記者劉詠韻翻攝）因應115年地方公職人員選舉，台北地檢署查賄列車前進台北、新北憲兵隊，強化軍中反賄選宣導，也將跨境介選、AI深偽及認知作戰列為重點。檢察長王俊力提醒，應防範境外勢力藉接觸國軍官兵刺探選情及軍事機密，提升官兵識讀假訊息能力。近期國軍滲透案件也屢見不鮮，檢方偵辦中共臥龍會滲透國軍案，本報先前查出多名年輕現役軍官疑在少尉時期即遭接觸、養線，此類長期滲透模式，也凸顯國軍官兵反滲透及保防教育的重要性。北檢主任檢察官李仲仁會中說明此次選舉查察重點，包括選舉賭盤、AI深偽假訊息、跨境介選等妨害選舉犯罪手法，也宣導近期新型態國安危害模式，盼透過檢憲合作，強化官兵對境外介選的辨識能力。請繼續往下閱讀...王俊力說，憲兵兼具「軍法警察」及「司法警察」雙重身分，在執法體系中具有完整組織網絡；加上國軍官兵人數眾多，面對地方選舉種類多、選情激烈，更應結合檢察機關法治專業與憲兵基層宣導優勢，在營區建立反賄「區域聯防網」。王俊力並從三個面向要求強化防線。首先是鞏固軍中法紀，透過集會、莒光日等管道，對現役官兵、文職人員及軍眷加強反賄選教育，避免誤觸賭盤或不當介選，也透過後憲組織及駐地周邊民間網絡，擴大反賄選宣導及檢舉賄選獎金資訊。王俊力也特別要求強化官兵對AI深偽影音及不實訊息的識讀能力，避免假訊息動搖軍心或影響選民投票意向，提醒選前應加強軍中反滲透宣導，防堵境外勢力藉接觸官兵刺探國內選情、甚至軍事機密。座談由台北憲兵隊長蔡正建、士林憲兵隊長嚴培文、新北憲兵隊長孫俊獻率業務人員與會，雙方就營區反賄選宣導及選舉查察策略交換意見。（記者劉詠韻翻攝）    ,https://news.ltn.com.tw/news/society/breakingnews/5554531
台74線3車連環撞！小貨車側翻 駕駛意識模糊被救出送醫,社會,2026/08/27 17:24,台74線小貨車側翻，消防人員協助駕駛脫困。（民眾提供）台74線快速公路今（27日）下午發生車禍，小貨車與2輛轎車碰撞後側翻，40歲男駕駛受困車內，消防人員動用「軍刀鋸」破壞車體救出意識模糊駕駛，送醫治療。事故發生在下午2點18分左右，地點在大里區台74線32.7公里往烏日方向，消防局獲報，立即派遣十九甲、國光分隊趕往現場，小貨車翻覆橫躺車道，男駕駛受困車內，現場另有2輛轎車涉及碰撞。請繼續往下閱讀...從現場照片可見，小貨車翻覆後車體明顯變形，消防人員全副武裝圍在車旁，確認車輛狀況後，架設救援器材，一名消防員持「軍刀鋸」對準受損車體及駕駛座附近，鋸片高速切割金屬，隊員則在旁協力穩定車體、戒護受困駕駛；另一張高處拍攝的照片顯示，事故現場停滿消防車及救護車，後方車流受到影響，大批車輛排隊回堵，台74線一度塞成長龍。消防人員經過約20多分鐘搶救，協助男駕駛脫困，他身上無明顯外傷，但意識模糊，經救護人員初步處置後送醫。詳細事故原因及肇事責任仍待警方調查釐清。事故現場停滿消防車及救護車，後方車流受到影響。（民眾提供）    ,https://news.ltn.com.tw/news/society/breakingnews/5554524
彰化電子花車撞斷電桿、公車站牌   駕駛事後到派出所稱自撞,社會,2026/08/27 17:20,彰化縣伸港鄉彰新路，大同國小側門旁交通標誌被撞斷。（賴清美提供）彰化縣伸港鄉彰新路今天（27日）傳出自撞事件，現場電線桿與公車站牌都在清晨4點多被撞斷，民眾一度懷疑是肇事逃逸。和美警分局表示，32歲黃姓男子在今天上午10點半到派出所告知是自撞，會負起賠償責任，警方以未依規定處置開罰1000元到3000元，也將調閱監視器調查與釐清。縣議員賴清美表示，這起意外發生地點接近伸港鄉大同國小側門，現場只看到被撞斷的電線桿與公車站牌，民眾都覺得很奇怪。而自撞發生在清晨，電子花車撞了就離開，並未第一時間通報警方，令人懷疑是否有酒駕或是毒駕，警方應該要調查清楚才對。請繼續往下閱讀...警方表示，黃男今早到派出所告知是他所撞，並在撞擊第一時間把電線桿與公車站牌移到路旁邊，警方也聯絡中華電信公司與路權單位來協助修復，雖然現場沒有路口監視器，但將調閱民間的監視器釐清事發經過，由於黃男自撞後並未依規定處置，將以道路交通管理處罰條例第62條開罰1000元到3000元。彰化縣伸港鄉彰新路，大同國小側門旁交通標誌被撞斷。（賴清美提供）    ,https://news.ltn.com.tw/news/society/breakingnews/5554486
中元節驚魂！田中大貨車逆向闖紅燈 削掉廂型車頭、騎車3人險被「收」,社會,2026/08/27 17:19,砂石車駕駛逆向闖紅燈，機車騎士差點被輾過。（民眾提供）中元節驚魂！彰化縣田中鎮山腳路、中南路口今天（27日）上午10時驚傳重大車禍！一輛大貨車不明原因高速逆向闖紅燈，3名騎士只差不到0.1秒，就要淪為中元節冤魂，而在路口待轉的紅色廂型車運氣稍差，車頭當場被削掉，駕駛嚇到口中不住默唸「阿彌陀佛」。詳細肇事原因還有待釐清。大貨車駕駛詹姓男子（41歲）滿載泥土，從南投方向往田中市區行駛，來到肇事路口，紅燈號誌已亮起，但不知何故，駕駛未踩煞車，直衝路口而去，在他通過路口前，2部機車（其中一部雙載）剛好從山腳路穿越中南路左轉，從監視畫面顯示，差0.1秒就可能淪為砂石車的輪下冤魂。請繼續往下閱讀...但在路口準備左轉的紅色廂型車，硬生生被詹男所駕駛的砂石車削掉車頭，警消獲報到場緊急將車內2人救出，駕駛張姓男子（71歲）、乘客李姓女子（68歲）臉部及肢體受傷，救護人員到場時2人意識皆清楚、生命跡象穩定，送往員基醫院救治，上救護車前不斷唸「阿彌陀佛」。警方初步調查，詹男經檢測後確認無酒駕、毒駕情事，為何會闖紅燈，還要進一步調查。警方呼籲，用路人行經路口應遵守交通號誌、減速慢行；另駕駛人出發前應檢查車輛各項安全設備是否正常，若發現車況異常應立即停駛檢修，切勿勉強上路，以維護道路交通安全。紅色廂型車頭被削去。（民眾提供）廂型車駕駛和乘客被救出。（民眾提供）    ,https://news.ltn.com.tw/news/society/breakingnews/5554490
害模範警徒弟北市刑大科偵隊長洩個資一起被押 師父吳政祐抗告遭駁,社會,2026/08/27 17:12,北市刑警大隊科偵隊長陳冠良，曾替警方拍攝形象宣傳照。（取自警光新聞雲臉書）曾獲模範公務員的台北市警局刑警大隊科偵隊長陳冠良，涉嫌利用檢察官辦案發函名義查詢與案件無關個資，提供給昔日刑事局師父、現任房仲吳政祐，從中收賄百萬元，台北地檢署本月16日依貪污等罪嫌向台北地院聲請羈押禁見2人獲准。吳政祐不服北院羈押裁定，提起抗告，高等法院今（27）日裁定駁回，認為吳男犯罪嫌疑重大，且具逃亡能力，加認定原裁定羈押禁見並無不當。高院合議庭指出，犯罪偵查具有階段性及隱密性，且案情會隨偵查進度變化，屬偵查機關專業判斷，案件偵查初期，被告究竟涉及何種犯行往往仍有待逐步釐清，因此檢察官認定吳男涉有重嫌，依刑事訴訟法第76條第4款規定將他拘提，尚難認有誤。請繼續往下閱讀...高院合議庭審酌卷證資料後認為，吳男犯罪嫌疑重大，依其入出境資料顯示，近年有非常頻繁的出入境紀錄，足認具有輕易遷徙或逃亡的能力，且吳男雖表示坦承犯行，但他在警詢、偵訊及台北地院訊問時的供述多有前後不一，與共犯陳冠良的說法也有明顯出入；檢警調取的大量通聯紀錄流向仍有不明，且相關共犯尚未到案。高院合議庭認為，吳男供述有避重就輕、維護共犯的情形，依目前案件偵辦進度，仍有高度勾串共犯、湮滅證據，使案情陷入晦暗不明的可能。高院合議庭指出，為避免相關證據受到污染，確保司法權有效行使，目前尚無法以具保、限制住居等羈押以外的強制處分取代，因此認定台北地院裁定吳男羈押並禁止接見、通信，尚屬適當，駁回吳男抗告。台北市刑大科偵隊長陳冠良涉嫌多次查閱與案件無關的機密資料，並提供給昔日刑事局師父、現任房仲吳政祐，疑有對價關係，被北院裁定羈押禁見。（圖擷自Google地圖）    ,https://news.ltn.com.tw/news/society/breakingnews/5554482
囤管制藥品賣藥頭求刑12年 桃園診所醫師喊冤：絕無販毒意圖,社會,2026/08/27 17:07,檢警查扣醫師吳容忍囤積「美得眠」、「使蒂諾斯」藥錠。（檢方提供）桃園市觀音區觀興診所65歲醫師吳容忍，被桃園地檢署依毒品危害防制條例提起公訴，具體求處有期徒刑12年、併科罰金1300萬元，他喊冤「絕對沒有販毒意圖」並指出，他為了準備自己服用或提供親友使用，也怕藥品「斷供」，才涉嫌偽造文書留下美得眠與使蒂諾斯藥錠。桃園地檢署調查，吳容忍涉嫌以虛開不必要的藥物處方箋手法，囤積管制藥品包括含有第三級毒品氟硝西泮成分的「美得眠」藥錠、含有第四級毒品佐沛眠成分的「使蒂諾斯」，再轉售藥頭牟利。請繼續往下閱讀...吳容忍經營觀興診所約15年，成人小兒感冒發燒、外傷治療、慢性病等，都是他看診項目，他說，為了準備自己服用或提供親友使用，也怕藥品「斷供」，才涉嫌偽造文書留下美得眠與使蒂諾斯藥錠；檢警指控他販售管制藥品一案，當時對方是向他假稱「要購買安眠藥提供安養機構長者服用」，他才會販售，「絕無販毒意圖」，後續將全力配合檢警調查，希望司法最終能證明他的清白。    ,https://news.ltn.com.tw/news/society/breakingnews/5554451
彰化縣1~8月3起祭祀火災 消防局授農曆七月燒紙錢防火撇步,社會,2026/08/27 16:26,農曆7月祭祀活動多，消防局連日宣導提供民眾防火撇步，避免燒金引燃火災。（彰化縣消防局提供）農曆7月15日中元節普渡祭祀是重要的民俗文化習俗，家家戶戶及各大廟宇常準備牲禮、水果、乾糧，燒香、焚燒紙錢祭祀，然而，焚燒金紙若稍有不慎即可能引發火災，據彰化縣消防局統計，今年1至8月共發生3起因祭祀燒金紙不慎引發住宅火災，有鑑於農曆7月祭祀活動多，消防局也提供防火撇步，避免燒金引燃火災。消防局指出，若民眾有焚燒金紙需求，應選擇空曠處焚燒，且遠離雜草、易燃物及瓦斯桶等，同時避免兒童靠近；使用專用金爐，避免紙錢及火星飛散引燃周邊可燃物，風勢較大時，應避免焚燒紙錢；焚燒場所周邊應備妥水桶、滅火器等滅火器具，如發現飛火或周邊物品起火，可立即進行初期滅火，避免火勢擴大延燒；焚燒過程應全程有人看守，離開前務必確認火源及餘燼完全熄滅，並將香灰、紙錢餘燼充分灑水冷卻，且避免將尚有餘溫的灰燼直接倒入垃圾桶，以防復燃；減少施放鞭炮，如有施放需求，應購買具有合格認可標示的爆竹煙火，並依產品使用說明及相關安全規定施放。請繼續往下閱讀...消防局最近結合防火宣導隊，透過宮廟訪視及家戶宣導等方式，鼓勵民眾採取「以功代金」等方式進行祭祀，減少露天焚燒紙錢，以降低火災風險；另可善用各鄉鎮市公所清潔隊提供的「紙錢集中清運服務」，在尊重傳統祭祀文化的同時，兼顧防火安全與環境品質。消防局透過宮廟訪視及家戶宣導，鼓勵民眾採取「以功代金」等方式進行祭祀。（彰化縣消防局提供）消防局授農曆7月燒金防火撇步。（彰化縣消防局提供）    ,https://news.ltn.com.tw/news/society/breakingnews/5554344
桃園診所醫師涉販售毒品安眠藥遭起訴 衛生局配合偵辦,社會,2026/08/27 16:02,吳姓醫師囤積「美得眠」、「使蒂諾斯」藥錠販售牟利。（圖由檢方提供）桃園市觀音區經營觀興診所的65歲吳姓醫師，涉嫌販售含有第三、四級毒品成分的安眠藥，案經台北市刑警大隊科偵隊查緝，桃園地檢署偵結，已因毒品危害防制條例將吳姓醫師提起公訴，對此，桃市府衛生局表示，將配合司法程序，依相關法令辦理。衛生局藥政科長江玉琴說，桃園市執業醫師非法販賣安眠藥案件，衛生局於4月15日會同台北市刑大，前往觀興診所查核與清點管制藥品後，相關藥品與物證，已由警方扣押並移送桃園地方檢察署偵辦；衛生局提醒民眾，藥品應透過合法醫療與藥事管道取得，並依醫師或藥師指示使用，切勿購買或使用來源不明藥品，以維護用藥安全。    ,https://news.ltn.com.tw/news/society/breakingnews/5554363
貪特搜隊公款買酒宴客！宜蘭前消防局長徐松奕起訴 檢批惡劣建請褫奪公權,社會,2026/08/27 16:01,宜縣前消防局長徐松奕（白衣者）涉貪起訴，檢批惡劣建請褫奪公權。（資料照）今年7月剛辦理退休的宜蘭縣政府前消防局長徐松奕，被控任內涉嫌貪污，宜蘭地檢署查出，徐竟利用辦理特種搜救隊慰勞餐敘機會「揩特搜隊油水」，施壓下屬浮報桌數，將結餘的3萬餘元公帑，用以私購酒水及招待無關人員飲宴。檢方今偵結，依貪污治罪條例等罪嫌，將徐松奕及3名下屬起訴，並痛批徐身為首長卻「反其道而行」、犯後態度不佳，建請法院從重量處適當之刑，並宣告褫奪公權。起訴書指出，徐松奕自2016年起擔任宜蘭縣消防局長，去年7月間舉辦「特種搜救隊國家認證計畫（NAP）」慰勞餐會，受邀對象為126人，實際僅需12至13桌。但徐為預支高額餐費，竟透過前張姓災害搶救科長指示林姓科員，將餐會浮報為15桌（每桌9900元），並向會計室預借14萬8500元現金。請繼續往下閱讀...調查發現，徐松奕另指示賴姓科員，私下向酒商購買價值2萬4200元的酒水供餐敘使用，此筆花費依規定根本無法報銷；而餐廳業者明知當晚僅開12桌、實際花費約10萬多元，卻為配合徐等人核銷，填製不實會計憑證約12萬餘元以利過關。徐松奕隨後將這筆俗稱「留桌」的近3萬元公帑挪作私用，並於同年7月30日在某小棧席開1桌，私下宴請14名與NAP計畫毫無關係的人，花費7860元。事後，徐又指示下屬於8月補辦另一場7月未出席NAP餐敘的消防人員，費用約1萬多元，並將2筆帳目合併，要求餐廳開立不實發票掩護。檢方清查，徐等人原要繳回預借的3萬多元，卻將私購酒水及私人餐費，全數納入公款中違法核銷。檢方痛批，徐松奕身為機關首長，理應克盡職守、持廉自清，卻濫用審核預算的權限，針對難以稽查的小額採購項目，多次施壓下屬重新上簽提高預算，將公帑流用於私人飲酒與餐敘，嚴重破壞人民對國家公務員清廉的信賴。檢方表示，徐以「身為機關首長、事務繁忙未曾干涉核銷」為由推諉卸責，說詞與其餘共同被告完全不符，顯見犯後態度惡劣、毫無悔意，依貪污「利用職務上之機會詐取財物罪」起訴，並建請法院量處適當之刑，宣告褫奪公權。至於張姓前科長、林姓及賴姓科員等3名下屬，賴員已主動繳回私購酒水的犯罪所得，檢方考量3人僅因「遵循長官指示」而觸法，詐取金額非鉅且犯後態度良好，向法院請求予以減刑、緩刑或免刑宣告；另涉嫌違反商業會計法的林姓餐廳業者，則為緩起訴處分。    ,https://news.ltn.com.tw/news/society/breakingnews/5554358
環保蟑螂亂倒廢土大賺上百萬 用「繞路」破解砂石車GPS軌跡,社會,2026/08/27 15:51,警方查扣合約等相關物證。（記者王冠仁翻攝）內政部國土管理署自今年元旦開始，實施營建剩餘土石去向GPS追蹤新制，導致國內合法土資場飽和，廢土去化問題浮出檯面，被稱「土方之亂」。林姓男子經營的開發公司，承包新店區一處建案工程後，竟與經營土資場、砂石場的羅姓女子勾結，林派砂石車司機載運廢土，繞路去合法土資場「洗軌跡」，實際上卻將廢土載往不合法的砂石場傾倒，以此手法在5個月內大賺500多萬元。刑事局今天宣布偵破這組環保蟑螂案，刑事局第七大隊在今年4月時接獲舉報，發現新北市三峽區一處砂石場，有違法收購、處理營建廢土的情況。請繼續往下閱讀...警方調查，原來這些廢土來自新北市新店區一處建案基地，建商花2161萬元土方處理費，將工程廢土交由60歲林姓男子經營的開發公司處理。不過，林卻「拿錢不辦事」，他找上經營土資場、砂石場的57歲羅姓婦人，聯手搞鬼來牟取不法利益。林、羅的犯案手法是，林先假裝與羅旗下可以合法處理廢土的土資場簽約，拿到營建剩餘土石方產生源及處理地點等相關證明文件後，林再指揮砂石車司機，將廢土載往羅旗下不能合法處理廢土的砂石場。由於現今砂石車都被政府要求安裝GPS機器，砂石車司機都會先開車去羅女的合法土資場，假裝傾倒廢土，實際上是透過此舉來「洗軌跡」，事後再將廢土載去羅女的砂石場傾倒。警方說，林、羅透過此舉，聯手省下大約550萬元的土方處理費；至於送去砂石場的廢土，還會再找人來處理、過濾能賣錢的廢料，等於兩面都在賺。案經警方長期布線蒐證，警方在本月兵分多路逮人，先後在新北市、桃園市等地，逮到林、羅2人，以及其員工、砂石車司機共17人。警方並查扣工程合約書、場地臨時借用契約書、進貨統計報表、應付帳款明細表等會計資料、電腦、手機等物，粗估他們以此手法收受7千多噸土石方卻沒合法處理。警方最後將林、羅等人依違反廢棄物處理法送辦，同時也正擴大清查。刑事局強調，土石方管理與垃圾處理都是地方民眾重視關切的事物，檢警致力於打擊不法業者任意傾倒土方，確保國土永續發展與環境安全。民眾如有發現非法土石方棄置等情，請撥打1999市民陳情專線或撥打110通報轄區警方到場處理。警方發現新北市三峽區一處砂石場被違法傾倒營建廢土。（記者王冠仁翻攝）警方發現新北市三峽區一處砂石場被違法傾倒營建廢土。（記者王冠仁翻攝）警方蒐證期間，掌握林男開發公司旗下的砂石車透過繞路去合法土資場來「洗軌跡」。（記者王冠仁翻攝）    ,https://news.ltn.com.tw/news/society/breakingnews/5554316
跨越2年的思念...新北警保留失蹤桃園女家屬DNA  助竹林白骨回家,社會,2026/08/27 15:41,鑑識中心巡官邱莆翔（右）協助無名女屍找到回家的路。（記者徐聖倫翻攝）桃園市一名患有重度憂鬱症的尤姓女子，前年6月間獨自騎乘機車離家後便無故失聯，家屬急忙報案，警方雖在桃園蘆竹尋獲機車，卻始終找不到尤女蹤影，案件陷入膠著。新北市政府警察局刑事鑑識中心於網路社團發現此案，主動聯繫家屬採集DNA檢體建檔，並留存於資料庫中定期進行比對。今年4月，有民眾在蘆竹一處竹林內意外發現一具無名骨骸。鑑識人員採集骨骸DNA再次進行比對，確認該具骨骸型別與尤家人的檢體完全符合親緣關係，證實遺骸正是失聯將近2年的尤女。沉寂2年的懸案終於真相大白，家屬接獲通知雖悲痛萬分，但也深切感謝新北警的持續追蹤，讓至親得以認領返家、落葉歸根。請繼續往下閱讀...新北市警局鑑識中心表示，每一件無名屍背後都牽動著一個家庭的思念。警方呼籲民眾，若家中親人失蹤一段時間仍未尋獲，可隨時向新北市警察局請求免費採樣DNA進行比對，透過科技輔助多一種管道，讓身分不明者早日找到回家的路。    ,https://news.ltn.com.tw/news/society/breakingnews/5554273
中元節大逃亡！ 彰化國道驚見「二師兄」跳車亂竄,社會,2026/08/27 15:24,國道1號彰化溪湖路段，26日出現一頭豬在車道上狂奔，嚇得駕駛紛紛減速閃避。（翻攝網路）中元普度前夕，國道竟上演「豬隻大逃生」！國道1號彰化溪湖路段昨（26日）出現一頭豬在車道上狂奔，牠穿梭車陣、左右亂竄，嚇得駕駛紛紛減速閃避，車流一度回堵約2公里。有民眾笑稱，可能是中元節快到了，這隻豬不想被宰，才會跳車逃生。「二師兄」逃命過程全被後方駕駛的行車記錄器拍下，只見豬隻先在中間車道狂奔，身旁不時有轎車及大型車經過，場面相當驚險。工務人員趕抵後，一人手持紅旗示警來車，其他人則拿著捕網試圖從後方圍堵；不料豬隻一見人員靠近，立刻轉身跑開，讓眾人只能跟著牠在車道上來回追趕。請繼續往下閱讀...國道警方表示，昨日下午3時45分接獲報案，指國道1號北向212.7公里處有豬隻掉落車道，隨即派員並通知工務段到場處理，直到下午4時10分才順利排除狀況，所幸未造成交通事故。警方事後已查明載運豬隻的車輛，並依法舉發。警方提醒，汽車裝載貨物若發生滲漏、飛散、脫落、掉落或散發惡臭等情形，可依道路交通管理處罰條例第30條規定，處汽車駕駛人3000元以上18000元以下罰鍰，並責令改正或禁止通行。工務人員拿著捕網試圖從後方圍堵仍被逃出。（翻攝網路）國道1號彰化溪湖路段，26日下午一頭豬在車道亂竄，車流一度回堵約2公里。（翻攝網路）    ,https://news.ltn.com.tw/news/society/breakingnews/5554294
診所淪「毒窟」！桃園醫師涉賣管制安眠藥 開假處方囤逾2萬錠,社會,2026/08/27 15:16,查扣現金1629萬元、美德眠藥錠846錠、使蒂諾斯藥錠2萬1924錠等贓證物。（記者劉慶侯翻攝）在桃園觀音經營觀興診所的65歲吳姓醫師，涉嫌販售含有第三級及第四級毒品成分的安眠藥；案經台北市刑警大隊科偵隊查緝，逮捕吳姓醫師到案，並查扣現金1629萬元、美德眠藥錠846錠、使蒂諾斯藥錠2萬1924錠等贓證物。警詢後依違反毒品危害防制條例、偽造文書等罪移送桃園地檢署偵辦，吳姓醫師被起訴。相關新聞：囤管制藥品賣藥頭求刑12年 桃園診所醫師喊冤：絕無販毒意圖請繼續往下閱讀...警方表示，柔拍、使蒂諾斯藥錠等安眠藥品之主要成分為佐沛眠（Zolpidem），在臺灣同時被列為「第四級管制藥品」與「第四級毒品」，這類藥物除了同樣具有成癮性外，亦會造成記憶力衰退、注意力渙散、夢遊等多種潛在風險，須受嚴格法律規範，應避免長期濫用或自行增加劑量，未經醫師處方及合法管道取得、販售，即等同毒品犯罪。北市刑警大隊是月前接獲線報，指稱位在桃園觀音鄉有診所吳姓醫師涉嫌非法販售含有禁制成份的安眠藥，警方隨即報請桃園地方檢察署金股檢察官袁維琪指揮偵辦。經專案小組追查毒品藥錠來源，發現吳姓醫師利用診所領有管制藥品登記證之便，合法申購大量美德眠及使蒂諾斯藥錠；隨後趁病患不知情，開立不實處方箋將管制藥品囤積於診間，以此規避衛生局定期稽查，私下再以高價販售予民眾牟取不法暴利。警方表示，吳姓醫師罔顧醫德、違背醫事倫理與管制藥品相關規範，警詢後依違反毒品危害防制條例、偽造文書等罪移送桃園地檢署偵辦，案經偵結起訴。相關新聞：桃園診所醫師涉販售毒品安眠藥遭起訴 衛生局配合偵辦警方表示，管制安眠藥品受嚴格法律規範，未經醫師處方及合法管道取得、販售，即等同毒品犯罪，民眾切勿於網路上購買來路不明之藥品，以免觸法並危害自身安全。本大隊將持續針對是類案件加強查緝，絕不容許有心人士或醫藥從業人員以身試法，全力打擊毒品犯罪，捍衛民眾健康與社會安寧。☆少一份毒品就多一份健康，自由時報提醒您遠離毒品☆警方逮捕吳姓醫師到案。（記者劉慶侯翻攝）使蒂諾斯。（記者劉慶侯翻攝）美得眠。（記者劉慶侯翻攝）    ,https://news.ltn.com.tw/news/society/breakingnews/5554270
高鐵新竹站驚傳意外  34歲女月台上墜落送醫不治,社會,2026/08/27 15:13,高鐵新竹站今天驚傳一起民眾墜樓事件！34歲吳女經送醫搶救仍不幸回天乏術，詳細發生原因尚在釐清中。 （警方提供）高鐵新竹站今天驚傳一起民眾墜樓事件！鐵路警察局表示，高鐵新竹站北上月台處今天上午發生34歲吳姓女子墜落案件，經送醫搶救仍不幸回天乏術，警方調閱現場監視器影像排除外力介入，詳細發生原因尚在釐清中。鐵路警察局臺北分局表示，今天上午10點7分許，青埔所獲報，高鐵新竹站北上月台處發生民眾墜樓案件。員警獲報到場，傷者吳女經救護人員CPR緊急處置後，送往醫院搶救，最後仍宣告不治。警方調閱現場監視器影像調查，初步了解，吳女為獨自一人，非搭車旅客，排除外力介入。請繼續往下閱讀...新竹縣政府消防局表示，今天上午10點5分接獲報案，竹北市高鐵新竹站發生創傷救護案件，現場1名患者不明原因自月台掉落至1樓，該局立即派遣救護車前往搶救。消防人員到場後，發現患者失去呼吸心跳（OHCA），立即展開緊急救護處置，並於10點40分由救護車送往竹北生醫台大醫院救治。消防局提醒，民眾於車站月台等場所活動時，應留意自身及周遭環境安全，如發現有人員發生意外，應立即通報119，由專業救援人員協助處理。自由電子報關心您︰自殺不能解決問題，勇敢求救並非弱者，社會處處有溫暖，一定能度過難關。安心專線：1925 生命線協談專線：1995。張老師專線：1980    ,https://news.ltn.com.tw/news/society/breakingnews/5554255
不賄選才是真會選！ 基檢出奇招「反賄選」搬上放水燈花車遊行,社會,2026/08/27 15:10,基隆地檢署與花車隊伍合作，懸掛「不賄選才是真會選」等反賄選標語，昨晚一同參與放水燈遊行活動，沿途循環播放反賄選語音，宣導基檢反賄決心。（基隆地檢署提供）傳承172年基隆中元祭「放水燈遊行」昨晚熱鬧登場。基隆地檢署為提高全民反賄選意識，與花車隊伍合作，懸掛「不賄選才是真會選」等反賄選標語，一同參與放水燈遊行活動，沿途循環播放反賄選語音，與自製專歌「選票不是商品」，宣導基檢反賄決心，並鼓勵市民踴躍檢舉拿2000萬獎金。基隆地檢署觀護人室主任林順昌率隊的反賄選團隊，昨晚除在微風東岸廣場一樓設置宣導攤位，循環播放反賄選語音與自製專歌「選票不是商品」外，也參與放水燈遊行活動；由基隆市榮譽觀護人協進會與花車隊伍合作，在花車上懸掛「不賄選才是真會選」等反賄選標語，沿途在基隆市城際轉運站、廟口夜市、國門廣場及仁愛市場等人潮聚集處，與遊客民眾熱情互動，宣導反賄選與呼籲市民踴躍檢舉賄選拿獎金。請繼續往下閱讀...檢察長陳佳秀表示，今年11月28日即將舉行地方公職人員選舉，攸關基隆未來的長期發展。請基隆市民務必珍視手中的每一張選票，與地檢署攜手杜絕賄選、幽靈人口、選舉賭盤、假訊息及境外勢力介選等違法行為。此外，陳佳秀呼籲，市民若發現任何選舉不法情事，請勇於撥打檢舉專線「0800-024-099」（撥通後按4）；檢舉賄選最高可獲得2000萬元獎金，且檢舉人身分絕對依法嚴格保密，鼓勵全民踴躍檢舉，共同維護乾淨選風。基隆地檢署反賄選團隊，昨晚在基隆市微風東岸廣場一樓，向民眾宣導反賄選理念。（基隆地檢署提供）    ,https://news.ltn.com.tw/news/society/breakingnews/5554266
用APP叫車遇狼！女乘客遭性侵拍裸照 惡司機賠75萬改判7年10月,社會,2026/08/27 15:05,新北市一名19歲女性乘客2024年5月22日下午想搭計程車回家，透過173叫車APP系統，搭上由男子林德榮駕駛的計程車，女子上車後，林男竟將車開到環河南路河堤旁，解開被害女子衣物、拍攝私密照，並舔舐胸部、性侵。（示意圖）新北市一名19歲女性乘客2024年5月22日下午想搭計程車回家，透過173叫車APP系統，搭上由男子林德榮駕駛的計程車，女子上車後，林男竟將車開到環河南路河堤旁，解開被害女子衣物、拍攝私密照，並舔舐胸部、性侵，一審新北地方法院依妨害性自主罪，判林男8年徒刑。案經上訴，高等法院考量他已與被害人和解並賠償75萬元，撤銷原判決，改判7年10月徒刑。檢警調查，案發當時被害女子透過APP系統叫車準備回三重的住所，經系統配對後，派遣林男前往接客。被害女子上車後，林男卻未依其指示將人帶往目的地，反而一路往環河南路河堤開去。請繼續往下閱讀...林男見車輛開至偏遠處，竟大膽從駕駛座挪至後座，佯稱被害女子身上刺青很好看，想要欣賞。被害人在車內空間，孤立無助、驚恐不已，但也不敢強烈反抗，只能以「這樣不好」、「這樣我很為難」、「我要趕快回家」等語表達拒絕。林男卻不予理會，強行解開女子上衣，並持手機拍攝其胸部、陰部，更脫去其衣裙伸舌舔胸，用手指插入被害人私密處，強制性交得逞。檢察官偵訊後，依涉犯妨害性自主罪將林男起訴。一審新北地院審理時，林男雖承認有拍攝被害女子的性影像，且有伸舌舔胸、將手指插入其私密處等情形，卻辯稱均未違背被害人意願，是對方提出用身體抵車資；更稱若是違背其意願，為何對方當下未對外求救，隔3個月才提告，且未見其有任何傷勢，顯然指控不實。被害女子則稱，林姓司機稱讚胸型漂亮，並主動提起他的性經驗，隨後又說她胸口上的刺青很美、想看，當下跟對方說有照片，沒想到對方卻往偏僻河堤開去，停車後移到後座開始拍照、舔胸甚至性侵，擔心反抗有生命危險、但有表達不願意，對方還稱可惜沒套子才罷手。最後她要支付車資，對方卻揮手說不用。新北地方認定，強行侵害事證明確，依妨害性自主罪，判處林男有期徒刑8年。案經上訴，高院認定，林男上訴後已與女子達成和解，並支付75萬元賠償金，此為一審未及審酌事項，足以影響量刑基礎，因此撤銷原判決，但林男迄今仍否認犯行，且曾對女子提出詐欺告訴，難認犯後態度良好，最終判處有期徒刑7年10月，犯案使用的手機則宣告沒收，全案仍可上訴。    ,https://news.ltn.com.tw/news/society/breakingnews/5554263
非法繁殖場驚見5袋狗屍！癱瘓犬滿身蛆慘死 場主涉虐判刑,社會,2026/08/27 15:00,土狗繁殖場「山中神犬」負責人鄭文慶遭到民眾檢舉非法經營高砂犬繁殖場，檢方追查發現鄭男疑似虐待動物，依違反動保法提起公訴。台北地院今日依照動保法判鄭文慶拘役50日，得易科罰金，併科罰金21萬元。台灣土狗示意圖。（資料照）土狗繁殖場「山中神犬」負責人鄭文慶是台灣土狗的復育專家，不過日前卻遭到民眾檢舉非法經營高砂犬繁殖場，台北地檢署追查以後，發現鄭男疑似虐待動物，依違反動保法提起公訴。台北地院今日依照動保法判鄭文慶拘役50日，得易科罰金，併科罰金21萬元。可上訴。鄭文慶因深受台灣土狗吸引，而致力研究台灣土狗，並復育台灣較為稀少的大型台灣犬，更因此被譽為台灣土狗專家，過去接受媒體訪問時，還稱電視製作人周遊、三立總經理張榮華都跟他買過狗。然而，卻有民眾檢舉鄭文慶在新店山區非法經營高砂犬繁殖場。請繼續往下閱讀...新北市動物保護防疫處獲報以後，旋即展開稽查，並於2025年4月17日在現場查獲68隻犬隻，不僅未施打狂犬病疫苗，還出現飼養不當的情形，並在現場發現5袋犬隻的屍體。不僅如此，還有人員目擊部分犬隻的脖子遭鐵鍊卡住，脖子因而受傷出血，全身更佈滿跳蚤。動保處在第一次稽查時，發現其中一隻犬隻已出現下肢癱瘓情形，動保處要求鄭帶其就醫，然而第二次稽查時，該犬隻卻已經死亡，後續認定鄭疏於照顧犬隻，致使犬隻死亡。新北市動保處後續依無照繁殖、無照買賣、不當飼養、未替犬隻施打狂犬病疫苗等事項，對鄭文慶開罰116萬8000元，並函送台北地檢署。案件偵辦期間，有獸醫作證，那隻身亡的犬隻生前全身滿是蛆蟲，判斷其癱瘓已經持續一段時間，不僅如此四肢還有嚴重的殘缺。台北地檢署認為，鄭未能妥善照顧這隻犬隻，致使他有嚴重的肢體殘缺，因此鄭的行為已經涉犯動保法故意傷害或使動物遭受傷害，致動物肢體嚴重殘缺或重要器官功能喪失等罪嫌，故起訴鄭男。    ,https://news.ltn.com.tw/news/society/breakingnews/5554251
北市10歲女童遭母親性交易對象猥褻 安置首日情緒穩定,社會,2026/08/27 14:53,市議員許淑華（左）與議員參選人馬郁雯開記者會，揭露北市一名女童長期遭母親的性交易對象猥褻，案發通報至今240天未安置，女童出現自傷行為。（資料照）台北市一名10歲女童長期遭母親的性交易對象猥褻，自去年底案發通報240天未安置，女童甚至出現自傷行為。社會局今（27）日表示，本案經持續掌握狀況，就近期家庭衝突升高，已造成女童壓力增加及生活遭受影響，經重新評估後，北市啟動司法保護程序，向法院聲請繼續安置。社會局解釋，啟動安置前，已與女童進行溝通，安排與女童關係親近、信任之人員陪同，以適合其年齡及理解的方式，妥善向她說明安置原因及後續安排；經女童充分了解及同意後，依兒童及少年福利與權益保障法第56條啟動保護安置。請繼續往下閱讀...社會局說明，目前女童情緒已大致穩定，現階段將以協助孩子穩定情緒、熟悉新環境及建立安全感為優先，讓孩子有一段適應與調整的時間；後續探視安排，也會依孩子的最佳利益及身心狀況為最優先考量。自由電子報關心您︰自殺不能解決問題，勇敢求救並非弱者，社會處處有溫暖，一定能度過難關。安心專線：1925生命線協談專線：1995。張老師專線：1980☆自由電子報關心您：若懷疑孩童遭受身體虐待、精神虐待或是性侵害、性騷擾，請撥打113專線，透過專業社工員接線服務，將可盡快救援在生命危機中的兒童。☆    ,https://news.ltn.com.tw/news/society/breakingnews/5554237
螢幕另一端辣妹竟是男的！ 警拆解「網愛裸聊」4階段套路,社會,2026/08/27 14:49,刑事局電偵大隊拆解「網愛裸聊」4大套路。（警方提供）台中37歲李姓男子一人分飾多角，上傳虛擬女裸照取得對話男網友信任後，再引誘對方也脫衣裸聊側錄後，在Telegram創立9個等級群組，大肆販售不雅影片，受害男性高達上千人，其中包含逾170名未成年少年，檢警發動多波攻勢將李嫌等20人逮捕歸案，全案依兒童及少年性剝削防制條例等罪嫌提起公訴。對此，刑事局電偵大隊也揭露並拆解詐騙集團的「網愛裸聊全套路」，主要分為四大階段：第一步是「假妹主動搭訕」，犯嫌在交友軟體偽裝成女性，以溫柔攻勢降低對方防備心，建立虛假感情信任。其次是「科技軟體偽裝」，犯嫌使用MorphVOX Pro變聲器轉換聲音，搭配ManyCam播放預錄影片冒充本人視訊。請繼續往下閱讀...第三階段「誘騙裸聊側錄」則是透過話術引誘被害人視訊裸聊，並趁其不備以側錄軟體暗中錄下私密影像。第四階段「私密影像販售」，將側錄影片按高畫質完整版、全身、局部影片及私密照等級標價，上傳至Telegram等私密群組販售獲利。警方強烈提醒，防範網愛側錄必須牢記「三不原則」：一、不輕信：網路交友涉及極端情感或裸聊要求，務必提高警覺。二、不脫衣：鏡頭前絕不裸露私密部位，避免給予犯罪者可趁之機。三、不轉帳：若不幸遭側錄勒索，切勿匯款，應立即截圖對話與帳號資料，並撥打165反詐騙、110報案或113保護專線求助。☆自由時報電子報提醒您，防詐騙專線︰165，報案專線︰110☆    ,https://news.ltn.com.tw/news/society/breakingnews/5554244
台中轎車「騎上橋墩」側翻栽水溝 網看傻：到底怎麼開的？,社會,2026/08/27 14:33,清水發生轎車翻落水溝車禍。（民眾提供）台中市清水區今日上午發生一起離奇車禍，今（27）日7時26分許，蔡姓女子駕駛轎車行經清水區菁埔路近三田路口，自撞橋墩後，車輛摔落水溝側翻，駕駛蔡女及兩名乘客輕微擦挫傷，送醫治療後均無大礙，蔡女無毒、酒駕情事，詳細肇事原因尚待釐清。清水警方指出，蔡女上午沿菁浦路北往南方向行駛，不明原因自撞橋墩後，轎車翻落水溝，警方呼籲用路人，駕駛車輛應保持良好精神及專注力，切勿分心及疲勞駕駛，以確保自身及其他用路人安全。    ,https://news.ltn.com.tw/news/society/breakingnews/5554200
女騎士淡水紅毛城口闖紅燈撞飛老翁  2人倒地吃罰單還吊照,社會,2026/08/27 14:12,新北市淡水紅毛城下，今天上午傳出一名女騎士闖紅燈，撞上走上行穿道的老翁，兩人雙雙倒地，車禍肇因、責任歸屬仍待調查釐清。（記者吳仁捷翻攝）新北市淡水紅毛城口的馬路，驚傳一名女騎士撞上騎乘電動代步車的老翁，車禍後兩人雙雙倒地，用路人目擊，女騎士眼見紅燈，不停車還猛衝過路口，無視騎乘代步車的老翁已在斑馬線上，猛撞後兩人都倒地，警方、消防到場，將兩人送醫，排除酒駕、毒駕，初判陳姓女騎士闖紅燈肇事，不但自己受傷，警方開罰最高處以4萬餘元罰單，闖紅燈致人於傷還要被吊扣駕照一年。這起車禍發生在今天上午9時許，淡水區中正路、真理街口，民眾目睹，24歲陳姓女子騎乘機車行經案發路段，無視一旁機車都停下，闖紅燈撞上75歲魏姓男子騎乘的醫療電動代步車，雙方車禍後瞬間倒地，因受傷都趴不起，警方、消防人員到場，將受傷的兩人都送醫救治。請繼續往下閱讀...警方對雙方酒測，都沒有酒精反應，也沒有毒駕，肇事原因及責任歸屬，仍待進一步調查釐清；但警方針對陳女闖紅燈及未禮讓行人之違規行為，依道路交通管理處罰條例第44、53條製單舉發，最高開罰4萬1千400元，因行經行人穿越道未減速禮讓，致人於傷，最重將吊扣駕照2年。    ,https://news.ltn.com.tw/news/society/breakingnews/5554171
20歲男無照駕車遭罰 屏東分署協助順利考照,社會,2026/08/27 13:59,書記官執行案件示意照。（屏東分署提供）屏東市一名20歲男子未領有汽車駕駛執照，卻在113年駕駛汽車遭東港警分局查獲，由於已被逮2次以上，被裁罰2萬4000元，因逾期未繳被移送行政執行署屏東分署，也不能考照，經屏東分署協助後，該男終於順利考到駕照，屏東分署提醒民眾，無照駕駛罰款已提高，最高罰6萬元，累犯還能再加罰12000元，提醒民眾不要無照駕駛。這名未繳納無照駕駛罰單的男子才剛出社會，還在找工作，名下無財產，屏東分署發文通知該男子說明，並告知其母親求職如果要駕駛汽車，一定要有駕駛執照，以免被罰，如因經濟因素無法一次繳清欠款，可申請分期繳納，由於法令規定積欠交通違規案件罰鍰需全部繳清，才能申請考照，但持繳納第一期分期罰鍰金額與相關文件可以前往監理機關考領汽車駕駛執照，因此該男子在分署協助下順利完成考領汽車駕駛執照。請繼續往下閱讀...屏東分署表示，無照違規駕駛已修法加重處罰，汽車最低罰3.6萬元，最高罰6萬元，10年內第2次違規直接以最高額處罰，第3次以上每次在前次罰鍰基礎上加罰1.2萬元，累犯次數越多，罰款越高，機車最低罰1.8萬元，最高罰3.6萬元，累犯規則同汽車，10年內第2次直接最高額，第3次以上累進加罰。    ,https://news.ltn.com.tw/news/society/breakingnews/5554165
多年交情為錢反目！通緝男獲收留藏身 竟活活打死好友遭收押,社會,2026/08/27 13:53,中檢依傷害致死罪嫌聲押陳男獲准。（資料照）台中霧峰區25日驚傳命案，46歲陳姓男子疑收留遭通緝的44歲好友陳男暫住，沒想到雙方僅因些許金錢問題爆發衝突，竟遭對方痛毆倒地，送醫搶救仍宣告不治，警方追查後火速逮人，檢方依傷害致死罪嫌聲押，法院裁准收押禁見。命案發生在25日凌晨1時許，台中市霧峰區一處巷弄民宅傳出衝突，警方接獲中山醫學大學附設醫院通報，46歲陳男送醫前已失去呼吸心跳，身上有多處瘀傷及傷痕，經確認為非自然死亡，立即通報台中地檢署偵辦。請繼續往下閱讀...經查，死者與44歲陳男是多年好友，涉案陳男近期因案遭通緝，為躲避查緝，便投靠父親去年過世、目前獨居的死者，藏身在其住處。期間死者不僅收留對方，還會拿錢讓他外出購買物品，沒想到雙方後來卻在金錢往來問題上出現爭議，埋下衝突導火線。案發當晚，兩人疑再度因金錢問題發生口角，爭執愈演愈烈，最後爆發肢體衝突，涉案陳男持續毆打死者，造成對方倒臥一樓臥室，現場還留有明顯打鬥痕跡，甚至在一顆枕頭上發現疑似血跡，案發時，陳男妻子剛好前往現場意外直擊，發現死者傷勢嚴重送醫，但經搶救仍回天乏術。警方隨即展開追查，案發當天凌晨4時許，在台中市南區將陳男逮捕到案，檢方認定陳男涉有傷害致死罪嫌，向法院聲請羈押禁見，法院審理後裁准羈押，後續將釐清雙方金錢糾紛、衝突經過及監視器影像等相關事證。    ,https://news.ltn.com.tw/news/society/breakingnews/5554159
帶現任找前任談分手還要求搬家！ 台中男崩潰持刀自殘濺血,社會,2026/08/27 12:58,消防救護車將林男送醫。（資料照）台中市北屯區今（27）日凌晨發生情侶糾紛，27歲林姓男子帶著現任女友找前任談分手，還要求對方搬離住處，前女友原已離開又不甘折返，持續談判過程導致林男情緒升高，突然失控持刀自傷，造成左手腕及胸口受傷濺血，所幸緊急送醫救治，沒有生命危險。據了解，林男今天凌晨與謝姓現任女友一起返回住處，並找前女友談分手事宜，林男當面要求前女友搬離，雙方原本準備把感情及居住問題一次談妥，沒想到談話過程火藥味逐漸升高，前女友原本已經離開現場又折返，林男疑因不堪爭執及壓力，情緒越來越激動，最後突然拿起刀械傷害自己。請繼續往下閱讀...謝女見狀當場嚇壞，立即報警求助，消防人員獲報趕抵現場時，林男左手腕有明顯刀傷，胸口也有約3公分傷口，所幸當時仍意識清楚，經救護人員初步處置後，緊急送往中國醫藥大學附設醫院救治。謝女表示，林男是她目前交往的男友，當時陪同林男與前女友處理分手相關事宜，原本希望兩人把事情談清楚，沒想到最後演變成自傷事件，警方表示，現場並無他人持刀攻擊林男情形，林男一時情緒崩潰而持刀自殘，詳細經過及相關責任仍待進一步釐清。自由電子報關心您︰自殺不能解決問題，勇敢求救並非弱者，社會處處有溫暖，一定能度過難關。安心專線：1925生命線協談專線：1995。張老師專線：1980        ,https://news.ltn.com.tw/news/society/breakingnews/5554087
花360萬+70萬買到2部賓士「車王」？車開到一半突降速險被追撞,社會,2026/08/27 12:32,呂姓車主第一部車發生動力問題，被載回原廠。（車主提供）彰化呂男去年花360萬元向賓士原廠購買一部全新賓士（Mercedes-Benz）GLE 300d Coupe，才開半年就連續出現3次動力異常，其中一次開在高速公路突然降速，但猛踩油門，車速最快只有4、50公里，差點被後車撞上。車子回原廠維修，問題依舊，最後補70萬元，換得另一部全新全新GLE 300d，今年6月交車，8月20日又出現跟前車一樣的問題。車主說，連換2台車都出現動力異常的問題，他懷疑該車型的動力設計有問題，否則他不可能連2次「踩雷」，現在他根本不敢開車上國道。請繼續往下閱讀...對此，台灣賓士表示，他們正積極與德國總部共同處理及釐清技術問題原因，並將評估後續最適當的處理方式。將持續與客戶保持溝通，提供必要的協助。呂姓車主說，他的問題是車子會無預警降速，就算猛踩油門，引擎轉速拉到最高，仍激不出動力。他回原廠維修，賓士回應，「差速感知器」產生動力異常，經換感知器和束條後，問題依舊。有一次開在高速公路，因車速驟降，差點被後車追撞。車子開了半年連修3次，問題依舊，最後他委託律師出面，賓士才願意以「補70萬元換新車」的方式補償。他說，第二部GLE 300d在6月交車，結果8月20日又出現同樣的問題，再回原廠維修，他問賓士「你能保證，下次都不會出現同樣的問題嗎？」賓士維修人員不敢回答，只能說「我們會延長保固」，現在他開著這部車，根本不敢上國道，因為擔心不知何時會再出現動力和速度驟降的問題。他表示，「買一台豪車找罪受」，連續2台原廠豪車都出現同樣狀況，究竟是買到「車王（指一修再修的新車）」，還是這款車動力系統有問題，台灣賓士應向消費者說清楚。這是原廠針對呂男第一部車，所整理的故障及整修單。（車主提供）    ,https://news.ltn.com.tw/news/society/breakingnews/5554053
宜蘭驚險犁田車禍 白車遭擦撞失控衝入田間,社會,2026/08/27 12:30,宜蘭驚險犁田車禍，白車遭擦撞失控衝入田間。（民眾提供）宜蘭市縣民大道二段昨發生1起驚險車禍，1輛白色轎車遭側撞後，衝出路面直接開進田間，深陷爛泥動彈不得，導致現場留下長長泥濘痕，宛如真實版「犁田」，畫面突兀嚇壞後方用路人，所幸車禍並未造成人員傷亡。警方調查，事發正值下班時段，35歲于男駕駛黑車沿縣民大道往市區行駛，當他欲切換至慢車道時，與同向由44歲李女駕駛的白車發生側撞。撞擊力道導致準備返家的李女，連人帶車暴衝栽進農田中，過程驚險萬分。請繼續往下閱讀...轄區警方獲報派員到場，經確認于男與李女均無受傷，由於僅車損未造成人員傷亡，員警現場觀察雙方皆無疑似酒駕情形，兩造當事人也同意不實施酒精濃度檢測，詳細肇事原因與責任歸屬，仍待後續調查釐清。警方表示，汽車行駛於設有慢車道的雙向二車道，在快慢車道間變換車道時，務必依規定顯示方向燈，讓直行車先行。駕駛人應隨時注意車前狀況並保持安全距離，切勿任意變換車道，以維護大眾交通安全。宜蘭市縣民大道二段昨發生1起驚險車禍，1輛白色轎車遭側撞後，衝出路面直接開進田間，深陷爛泥中動彈不得，導致現場留下長長泥濘痕，宛如真實版「犁田」。（民眾提供）    ,https://news.ltn.com.tw/news/society/breakingnews/5554043
陳雪生外甥涉幫詐助理費返國赴北檢複訊 35萬元交保,社會,2026/08/27 12:21,陳雪生外甥劉孟翰上午前往台北地檢署接受檢察官複訊，被諭知35萬元交保。（民眾提供）國民黨立委陳雪生涉嫌利用親友詐領助理費，並收受海運業者提供助理人力等不正利益，24日台北地檢署見時機成熟，兵分35路，帶回多名涉案人員，其中包含陳雪生的胞弟、胞妹、外甥等親友及業者等人。因檢調偵辦時，陳雪生的外甥劉孟翰人在國外，昨日返國後，前往北檢複訊。檢察官認定劉男涉犯貪污治罪條例，諭知35萬元交保。檢調於本月24日發動搜索，橫跨台灣本島、金門、馬祖，搜索國會辦公室、立委服務處及海運、船務代理公司等35處，帶回陳雪生等27人。其中陳雪生因涉犯貪污治罪條例，隔日複訊後，被檢察官諭知200萬元交保，限制出境、出海。請繼續往下閱讀...同日晚間，金欣海運實質負責人楊肅元同時也是前金門縣長楊鎮浯的父親，因涉嫌無償特助給陳雪生，被諭知150萬元交保，並限制出境、出海。檢調偵查期間，陳雪生胞妹陳雪子的兒子劉孟翰人在國外，因也涉及擔任詐領人頭，昨日返國後，前往調查局接受調查官訊問，今日上午前往台北地檢署複訊。檢察官偵訊後，認定劉男涉嫌違反貪污治罪條例，今日上午諭知35萬元交保。    ,https://news.ltn.com.tw/news/society/breakingnews/5554033
台中駕駛42秒被連開13張罰單！江和樹：有必要如此嗎？,社會,2026/08/27 12:18,市議員江和樹透露有一位市民不到1分鐘被開13張罰單。（記者蘇金鳳攝）誇張！不到一分鐘被開了13張罰單，台中市議員江和樹今天在市議會揭露，有一位市民開車走大里美群路，短短42秒竟被開了13張罰單，總額高達1萬3800元，雖然該位市民違規是事實，但有必要如此嗎？政府開罰單不就是要告知而非以罰款為目的，應改善這樣的情況。警察局長吳敬田表示，將向警政署請示，釐清路口、巷口是否都能作為連續舉發的路口認定；若有不符規定的情形，將依法處理。請繼續往下閱讀...江和樹表示，有市民向他反映，開車走美群路，竟在短短42秒被開了13張罰單，第一天收到一張，第二天收到12張，差點要昏倒。江和樹指出，最讓人不能接受的，是檢舉人疑似在42秒內一路跟拍、連續檢舉13件。駕駛人當下根本不知道自己已被檢舉，更不可能立即改正；等到罰單寄到家中，才發現短短不到1分鐘，已經累積13張罰單。江和樹強調，交通執法的目的，是讓人民遵守規則、讓道路更安全，不是讓檢舉人透過一路跟拍、逐段檢舉，讓罰單無限堆疊。他要求警察局針對「同一車輛、極短時間、同一路線」的連續檢舉，建立實質審核機制。警察局長吳敬田表示，會向中央提出釋疑。（記者蘇金鳳攝）    ,https://news.ltn.com.tw/news/society/breakingnews/5554010
台北成都路餐廳失火 店面遭焚毀無傷亡,社會,2026/08/27 12:13,台北市萬華成都路127號1樓的一家餐廳，今日近中午時分莫名發生火警。（記者劉慶侯翻攝）位在台北市萬華成都路127號1樓的一家餐廳，今日近中午時分發生火警，警消據報迅速趕抵救援，半小時內便將火勢撲滅，但餐廳已被焚毀。所幸無人受困無傷亡。警方表示，餐廳是在中午11時9分起火，11時39分撲滅，初步調查，疑為店家因煮東西時火勢過大而不慎引起火災，警消將進一步鑑定起火原因中。台北市萬華成都路127號1樓的一家餐廳，今日近中午時分莫名發生火警。（記者劉慶侯翻攝）    ,https://news.ltn.com.tw/news/society/breakingnews/5554027
國際專家分享脆弱族群辨識保護 移民署：讓防制網絡更早看見、接住被害人,社會,2026/08/27 12:10,移民署匯集日本、菲律賓、紐西蘭、澳洲、英國、泰國、加拿大、印尼、比利時、美國及愛爾蘭等11國政府官員、執法人員、學者及民間組織代表，舉辦「2026年防制人口販運國際研討會」（記者劉慶侯翻攝）移民署匯集日本、菲律賓、紐西蘭、澳洲、英國、泰國、加拿大、印尼、比利時、美國及愛爾蘭等11國政府官員、執法人員、學者及民間組織代表，舉辦「2026年防制人口販運國際研討會」，各自根據不同制度與第一線實務經驗，分享全球強迫勞動供應鏈、跨境詐騙與強迫犯罪、兒少網路性剝削、家事移工及被害人保護等議題，展現人口販運防制已從單一國家執法，進一步走向跨境交流、政策對話及多方協作。甫於今年7月底卸任的聯合國人口販運問題特別報告員，也是愛爾蘭國立高威大學教授Siobhán Mullally，擔任研討會專題主講人，她從國際人權與移民治理角度，分享聯合國及歐洲在人口販運防制與移工保障上的發展，並以「性別與移民正義」為核心，特別關注家事移工、司法近用及有效救濟等議題，她亦指出農業、漁業、營造及旅宿等監管較薄弱產業，均可能存在較高剝削風險，顯示人口販運防制必須與移工權益及國際勞動規範相互結合。請繼續往下閱讀...除了「看見被害人」之外，如何真正「接住被害人」也是研討會的重要核心議題。加拿大安大略省皮爾區警局人口販運調查組警官Bob Hackenbrook分享，當地政府整合警察、勞政、邊境、社福、醫療、創傷諮商及倖存者團體等34個合作夥伴，透過社區合作、教育訓練及被害人服務建立信任，讓支持被害人的工作不必等到刑事案件成立後才開始。NGO組織One Body Village Canada主任Ena Lee 則指出，被害人經歷的是生命歷程，真正的保護不能只有一次性「轉介」，而應由警察、社福、醫療、教育及司法體系提供創傷知情且持續的支持；當被害人感到安全、受到尊重並信任制度，也能更安心地參與後續調查及司法程序。面對科技帶來的新型態風險，日本從事第一線實務工作代表則分享網路兒童性剝削的防制經驗，應從兒童本身的危險辨識能力、學校與家庭等社群支持，到政府及平臺業者合作建立防護網；面對生成式AI及Deepfake色情影像等新興威脅，更須建立被害人容易求助且不受責備的環境，避免傷害繼續擴大。泰國皇家警察廳Taiyawat Vivatkiat少校則分享東南亞跨國詐騙集團與人口販運的最新實況，包括緬甸、柬埔寨等地詐騙園區衍生的「強迫犯罪型人口販運」。相關案例再次顯示，人口販運被害人可能同時被迫從事詐騙等犯罪行為，對第一線執法人員的被害人辨識及跨境資訊合作形成新的考驗。移民署表示，經過兩天的研討，呈現了人口販運防制的共同趨勢：防制工作須進一步延伸到查緝犯罪前，從脆弱情境的辨識開始預防；被害人保護也必須從單一機關的轉介，走向跨公私部門、長期且專業的支持；面對供應鏈及跨境犯罪，更需要政府、民間、企業與國際夥伴共同參與。未來，移民署將汲取各國政策與第一線實務經驗，強化新型態人口販運辨識及被害人保護，無論剝削發生在任何場域，都不應讓被害人成為制度看不見的人。移民署將持續與國內外夥伴共同建構更綿密的防制網絡，讓需要協助的人得以及早被發現、安心求助，並獲得完整且穩定的保護支持。☆自由電子報關心您：若懷疑孩童遭受身體虐待、精神虐待或是性侵害、性騷擾，請撥打113專線，透過專業社工員接線服務，將可盡快救援在生命危機中的兒童。☆移民署匯集日本、菲律賓、紐西蘭、澳洲、英國、泰國、加拿大、印尼、比利時、美國及愛爾蘭等11國政府官員、執法人員、學者及民間組織代表，舉辦「2026年防制人口販運國際研討會」（記者劉慶侯翻攝）    ,https://news.ltn.com.tw/news/society/breakingnews/5554003
蘆竹男尾隨女路人還疑偷看裙底 依性騷法究責,社會,2026/08/27 12:03,陳姓男子見女路人拿出手機錄影才跑開。（圖擷取自網路）桃園市33歲陳姓男子26日下午近5點時，涉嫌在蘆竹區中山路附近，尾隨著1名女路人，受害女子指述陳男先圍繞著打量她，之後不僅愈來愈靠近，她刻意避開時，對方還持續尾隨，甚至彎下腰來疑似為了看她裙底，蘆竹警分局接獲報案後，已依「性騷擾防治法」等相關規定，將陳男函送桃園市政府家庭暴力暨性侵害防治中心審議裁處。女路人敘述，當時她正趕著去上班，等紅燈時，陳男就開始跟著她，她快步走開，對方持續尾隨，「我已經感到非常不舒服，所以也儘量遠離他」，豈料，她正在傳訊息給男朋友時，陳男甚至直接彎下來看她的裙底，「肆無忌憚地性騷擾」，女路人拿起手機錄影後，陳男才跑開。請繼續往下閱讀...警方強調「性騷零容忍」並指出，針對陳男涉嫌尾隨女路人並疑有彎腰窺視裙底等不當舉動，警方獲報後，立即前往處置，並由女路人指出陳男所在位置而當場找到陳男，查驗雙方身分、釐清案情後，由女路人後續赴派出所提出申訴，警方已依「性騷擾防治法」等，函送市府家防中心審議裁處。    ,https://news.ltn.com.tw/news/society/breakingnews/5554006
蘆竹男尾隨女路人還疑偷看裙底 依性騷法究責,社會,2026/08/27 12:03,陳姓男子見女路人拿出手機錄影才跑開。（圖擷取自網路）桃園市33歲陳姓男子26日下午近5點時，涉嫌在蘆竹區中山路附近，尾隨著1名女路人，受害女子指述陳男先圍繞著打量她，之後不僅愈來愈靠近，她刻意避開時，對方還持續尾隨，甚至彎下腰來疑似為了看她裙底，蘆竹警分局接獲報案後，已依「性騷擾防治法」等相關規定，將陳男函送桃園市政府家庭暴力暨性侵害防治中心審議裁處。女路人敘述，當時她正趕著去上班，等紅燈時，陳男就開始跟著她，她快步走開，對方持續尾隨，「我已經感到非常不舒服，所以也儘量遠離他」，豈料，她正在傳訊息給男朋友時，陳男甚至直接彎下來看她的裙底，「肆無忌憚地性騷擾」，女路人拿起手機錄影後，陳男才跑開。請繼續往下閱讀...警方強調「性騷零容忍」並指出，針對陳男涉嫌尾隨女路人並疑有彎腰窺視裙底等不當舉動，警方獲報後，立即前往處置，並由女路人指出陳男所在位置而當場找到陳男，查驗雙方身分、釐清案情後，由女路人後續赴派出所提出申訴，警方已依「性騷擾防治法」等，函送市府家防中心審議裁處。    ,https://news.ltn.com.tw/news/society/breakingnews/5554006
高雄旗津三路傳死亡車禍 疑大貨車轉彎釀禍,社會,2026/08/27 12:00,高雄鼓山旗津三路傳死亡事故，疑大貨車轉彎釀禍，肇責待調查釐清。（民眾提供）高市鼓山區旗津三路今（27日）晨發生死亡車禍，尊姓男子（23歲）騎機車沿旗津三路南往北直行，與簡姓男子駕駛的大貨車擦撞，警消到場時，尊男現場已無生命跡象，經緊急送醫搶救後仍告不治。鼓山分局表示，今日上午8時許獲報，轄內旗津三路路段發生交通事故，警方獲報後第一時間迅速趕赴現場進行交通管制並協助傷者救護。請繼續往下閱讀...經查，現場為簡姓男子（46歲）駕駛大貨車自中洲二路巷弄內左轉旗津三路時，與沿旗津三路南往北直行的尊姓男子（23歲）所騎乘機車於路口發生碰撞。警消到場時，尊男現場已無生命跡象，經緊急送醫搶救後仍宣告不治，經警方針對大貨車駕駛簡男實施酒測，未發現有酒駕情事；初步勘察肇事原因，疑似簡男行駛支線道轉彎時，未禮讓幹線道直行車先行所致。全案警方已依規定進行現場測繪受理，並報請臺灣高雄地方檢察署相驗，以進一步釐清確切死因與肇事責任。    ,https://news.ltn.com.tw/news/society/breakingnews/5554007
國道夜半驚見「雙詭影」！父子徒步穿隧道 嚇壞路過駕駛,社會,2026/08/27 11:59,國道四號隧道前，深夜出現父子檔行人徒步，嚇壞路過駕駛。（threads lin_sun0107 授權提供）國道4號台中豐原段昨（26）日不平靜，一名42歲黃男與兒子昨日深夜11點多誤闖國道4號路肩，欲步行穿越隧道，返回豐原住家，因適逢農曆七月，路過駕駛見到暗中人影，嚇了一跳，報警處理，國道警方派員載父子下交流道，後依規定製單舉發。另外，昨日下午5點多，國道四號東向隧道前，一名老翁騎機車誤闖國道，警方依車牌製單告發，國道警方呼籲用路人注意高速公路相關指示及禁制標誌，行人切勿進入高速公路，依道路交通管理處罰條例第33條第4項規定，行人進入高速公路處3000元以上到6000元以下罰鍰。若發現有行人誤闖高速公路，應在確認自身安全前提下，撥打110或高速公路「1968警政報案」通報員警處理，確保行車秩序與安全。    ,https://news.ltn.com.tw/news/society/breakingnews/5553992
男版創意私房「師徒制」曝光！ 教扮辣妹誘裸聊側錄 雲端共享狂擴暗黑影像庫,社會,2026/08/27 11:57,涉案許男等人創設假女性帳號，騙取男網友裸聊側錄。（警方提供）「男版創意私房」不只靠販售性影像牟利，檢警更查出所謂的「師徒制」！25歲許姓男子把學來的扮辣妹誘男網友裸聊、側錄手法傳授給24歲陳姓男子，兩人還共用雲端硬碟交換非法影像，讓片源擴張速度越滾越大，形成「資源互助」的組織化暗黑產業鏈。這起案件是台中檢警偵辦「男版創意私房」性影像販售集團時，從數位證據抽絲剝繭查出的另一條犯罪支線，經查，許男早在2017年起，就在網路上學習假扮女性與男性網友攀談，再伺機誘騙對方裸聊、自慰並側錄影像，後來他結識陳男，竟搖身一變成為「老師」，將這套犯罪手法傳授給對方，教導如何建立假女性Instagram及交友軟體帳號，藉此尋找目標下手，使犯罪手法得以複製。請繼續往下閱讀...為了讓假身分更逼真，兩人還準備女子裸露、自慰影片，搭配變聲軟體，等被害人卸下戒心後，再趁機側錄私密畫面側，兩人甚至把「片源共享」也制度化，許男開設Google雲端硬碟，並開放權限給陳男，雙方約定各自取得男性網友性影像，都上傳到同一個雲端空間，藉此交換、擴充彼此的非法片庫，許男後續又與一名網路暱稱「蝦」的男子合作，讓對方使用同一雲端空間內的資料夾，彼此共享取得的性影像。而這種「你拍、我存、彼此共享」運作方式，讓犯罪者不必各自建立完整片庫，就能迅速取得大量非法影像，顯示此類案件已從個人側錄，逐步發展成技術、片源與儲存空間相互支援的犯罪模式，犯罪門檻與成本因此降低，造成被害人私密影像持續擴散的風險。    ,https://news.ltn.com.tw/news/society/breakingnews/5553993
沙德爾颱風海警發布 中央應變中心開設籲避免海域活動,社會,2026/08/27 11:51,中央災害應變中心今早開設，由副指揮官消防署長蕭煥章主持第1次工作會報。（記者陸運鋒翻攝）沙德爾颱風海上颱風警報於今上午8時30分發布，下半天至明日最接近台灣北方海域至馬祖近海，中央災害應變中心今早開設，由副指揮官消防署長蕭煥章召開第1次工作會報。蕭煥章表示，雖然颱風有減弱且暴風圈縮小趨勢，仍請民眾避免從事海邊觀浪、戲水、游泳等水域活動。蕭煥章會中指示氣象署持續掌握颱風動向，主動提供地方政府天氣情資並保持密切聯繫，以利地方政府進行各項防救災整備作業，並利用多元管道提供民眾各項警報訊息及天氣概況。請繼續往下閱讀...颱風降雨影響將致嘉義以南地區有局部大雨或短延時豪雨，中部山區及馬祖亦有局部大雨發生機率。由於南部地區過去連日豪雨，請相關受災縣市務必留意颱風期間降雨，特別注意坍方、落石、土石流及溪水暴漲所帶來的災情。有關風力部分，北部沿海空曠地區、恆春半島、蘭嶼、綠島、馬祖、澎湖易有8至9級強陣風，各海面浪高逐漸增大至2至4米，尤其馬祖近海浪高更大。請地方政府偕同警政署及海巡署加強岸際民眾勸離作業，勸導民眾勿從事海邊觀浪、戲水、游泳等水域活動。蕭煥章會中說明，因8月28日適逢中元節大潮，請基隆地區加強防汛及沙包整備的宣導，提醒民眾及早做好防淹水準備。同時本週五也是學校返校日，請教育部隨時將最新氣象資訊第一時間傳達到各級學校，尤其是新生相關的通報，希望能夠建立即時、直接的資訊傳遞機制，以確保各級學校能夠及時做好防颱及校園安全。南部豪雨災後復原工作仍持續進行，因應沙德爾颱風可能影響，中央請各部會及地方政府全面檢視防汛整備，尤其針對淹水熱點，應預先完成排水巡查清淤、滯洪設施排空及抽水機具整備測試；中央應依地方需求，主動協調人力、機具及物資支援，將災害風險降至最低。    ,https://news.ltn.com.tw/news/society/breakingnews/5553986
領亡妻存款付醫療喪葬費挨告  七旬老翁獲判緩刑2年,社會,2026/08/27 11:45,七旬陳姓翁未經同意提領亡妻存款200萬元，法官調查陳翁提領款項用於支付喪葬費等開銷，依偽造文書判處陳翁2月徒刑。緩刑2年。  （檔案照）基隆市年逾70歲的陳姓男子，被控在妻子過世後，未經其他繼承人同意，私自持妻子的存摺及印鑑前往郵局，多次以妻子名義填寫提款單並蓋印，共提領台幣201萬元。基隆地院審理後，依行使偽造私文書罪，判處陳男2月徒刑；緩刑2年。判決指出，陳男妻子2023年間病逝。依民法規定，人在死亡後即喪失權利能力，其名下存款均轉為全體繼承人公同共有之遺產，非經全體繼承人同意並備妥法定繼承文件，不得任意提領。請繼續往下閱讀...案經繼承人提告，檢方調查發現，陳男在妻子身故後3月23日至4月6日期間，隱瞞妻子已逝事實，4度前往基隆信義郵局，偽造「郵政存簿儲金提款單」並蓋用妻子印章，共領走201萬元，依陳男涉犯詐欺取財罪。但法官調查，陳男長期照顧洗腎且行動不便的妻子及年邁岳母，領取的款項中有106萬9414元實際用於支付妻子生前的醫療費與喪葬費用，且陳男事後表達願將剩餘款項按應繼分比例分配予子女，難認有不法所有意圖，因此不構成詐欺取財罪。合議庭審酌，陳男坦承犯行，考量其高齡且面臨照顧家庭之艱難情境，因一時失慮而觸法，依據判處2月徒刑，得易科罰金6萬元，緩刑2年。至於，未扣案的犯罪所得，經扣除已支付醫療喪葬費後，剩餘94萬586元則宣告沒收或追徵。可上訴。    ,https://news.ltn.com.tw/news/society/breakingnews/5553976
未打方向燈遭攔查 通緝犯竟裝失憶躲警察,社會,2026/08/27 11:30,張姓男子被警方攔查逮回，已解送歸案。（圖由警方提供）張姓男子26日下午5點多騎機車載著友人行經桃園市桃園區三民路，未依規定使用方向燈，被警方攔下盤查，張男稱未帶證件又亂報身分資料，被逼急了，甚至假裝失憶，原來他因為涉及3案件被通緝中，警方將他逮回，訊後已解送歸案。桃園警分局景福派出所員警巡邏攔下張男盤查時，張男刻意隱瞞身分，警方說，張男被逼急了，不但假稱自己曾發生過車禍而導致記憶受損，還要求他的朋友幫忙作證；警方持續查證，確認張男謊話連篇後，他的朋友也傻眼，連忙解釋「我只知道他的外號叫瘋狗啦」。請繼續往下閱讀...警方與張男周旋許久，才確認其身分，因他自知因案被通緝中，才會謊報身分，警方已將他解送歸案。    ,https://news.ltn.com.tw/news/society/breakingnews/5553924
橋頭地檢署發生墜樓  女墜樓送醫不治,社會,2026/08/27 11:24,橋頭地檢署發生墜樓事件。（資料照）橋頭地檢署發生墜樓事件！一名46歲女子今天上午到執行科報到，突然不明原因墜樓，當場失去生命徵象，送醫仍宣告不治；檢警將相驗以釐清死因。一名46歲女子今天上午10時許到橋頭地檢署執行科報到，不料執行科人員仍在辦理中，該名女子突然不明原因從3樓高度墜落1樓大廳，當場失去呼吸、心跳。請繼續往下閱讀...救護人員據報到場，持續對她實施CPR，送往高醫岡山醫院急救，無奈搶救多時，仍宣告不治。由於陳女在前夫陪同下報到，卻突然不明原因墜樓身亡，令她的前夫當場嚇傻，尤其陳女涉及刑事案件可以選擇易科罰金或勞動服務，陳女究竟為何墜樓原因，檢方初步未發現與人爭執，正調閱監視器畫面，並進一步詢問家屬，仍待檢警深入調查，以釐清陳女死因。橋頭地檢署發生墜樓事件。（民眾提供）    ,https://news.ltn.com.tw/news/society/breakingnews/5553939
「幼齒」到「軍警」9大群組狂賣！ 男版「創意私房」20人落網 扣20萬性影像檔案,社會,2026/08/27 11:16,刑事局電信偵查大隊破獲李姓男子等人不法集團，帶回涉案20人。（警方提供）「幼齒」、「軍警」等9大性影像群組暗藏Telegram，會員花3千元至10萬元分級入群，大量私密影像遭非法販售，刑事局追查發現，該男版「創意私房」不僅竊錄裸聊影像，更有未成年被害人受害，查扣檔案逾20萬個、影片上萬部及現金122萬，台中地檢署也在近日陸續偵結起訴涉案20人。這起案件源於台中地檢署偵辦洪姓男大生涉嫌兒少性剝削案件，分析扣案數位證據後，意外發現背後另有一條龐大的性影像交易鏈，遂由檢察官郭逵指揮刑事局電偵大隊第二隊深入追查，逐步揪出從「騙片、盜錄」到「分級販售」的完整犯罪網絡。請繼續往下閱讀...經查，37歲李姓男子利用Telegram架設多個性影像群組，還依會員消費金額分級，從「目錄」、「初階」、「中階」、「高階」、「長片」，一路到「軍警」、「健兒」、「幼齒」及「萌健」等9大系列，會員消費門檻從3000元一路拉高至10萬元，累計不法所得超過560萬元。成員透過「探探」等交友軟體以女性身分、假帳號接近被害人，再搭配變聲器、自慰影片等方式誘騙對方裸聊，趁機側錄私密畫面，接著將影像轉手販售，23歲鄒姓男子則被查出另闢交易管道，向洪男及其他不詳犯嫌購買被害人性影像，再轉至Telegram群組販售，並找來3名成員提供金融帳戶，協助收款、提領及轉匯犯罪所得，4人犯罪期間獲利約600萬元。專案小組鎖從去年7月至今年6月間發動5波拘搜，查緝李男等20名涉案人到案，全案依違反兒童及少年性剝削防制條例、妨害性隱私及等罪嫌移送台中地檢署偵辦，鄒男等4人曾遭法院裁准羈押，檢方也在近日陸續偵結起訴。☆自由電子報關心您：若懷疑孩童遭受身體虐待、精神虐待或是性侵害、性騷擾，請撥打113專線，透過專業社工員接線服務，將可盡快救援在生命危機中的兒童。☆李男建立群組公告販售影片、影像價格。（警方提供）刑事局破獲李姓男子等人的不法集團。（警方提供）    ,https://news.ltn.com.tw/news/society/breakingnews/5553922
交保不到半年  屏東男不避風頭「原址重啟」毒工廠,社會,2026/08/27 11:07,屏東方姓男子交保不到半年，又在原走重操舊業製毒二度落網。（記者黃佳琳翻攝）33歲方姓男子去年因煉製毒品遭刑事局南部打擊犯罪中心逮捕，9月交保後竟不知悔改，短短幾個月內重整裝備，回屏東老家重操舊業，警方獲報發動攻堅，當場查獲93公斤麻黃鹼及大批製毒裝備，這也是方嫌一年內「同一地點、同一單位」第二度落網。南打指出，三民二警分局今年2月在高雄某汽車旅館查獲方姓男子販賣安非他命，經深入追查發現，方男去年5月就曾在屏東九如、里港一帶製造安非他命與麻黃鹼，遭刑事局南打移送。當時案件仍在法院審理中，方嫌於9月交保獲釋，警方研判汽旅毒品來源恐又是方嫌「自產自銷」，隨即報請雄檢與屏檢指揮。請繼續往下閱讀...專案小組運用科技偵查反覆清查，發現方嫌交保後不僅沒避風頭，反而透過管道購入蒸餾瓶、真空馬達、氫氧化鈉等全套儀器與原料，再度把屏東九如鄉的祖厝變身為秘密製毒工廠。警方見時機成熟攻堅，當場逮捕方男，並起獲安非他命850公克、第四級毒品液體麻黃鹼高達93公斤，以及磅秤、瓦斯爐、活性碳等滿屋子的製毒設備。南打表示，方男無視法網、一年內在同地點二度落網，全案訊後依毒品危害防制條例移送法辦，並持續追查原料來源與成品去向。    ,https://news.ltn.com.tw/news/society/breakingnews/5553914
男被狗吠持刀追殺  警開4槍擊中屁屁,社會,2026/08/27 11:07,員警當場開4槍制止，彭嫌臀部受傷送醫無大礙。（警方提供）上街遛狗，居然被追殺！新竹縣竹北市1名女子昨天傍晚出門遛狗，狗突然對47歲彭姓男子吠，彭男不爽竟公然持刀追該女子，女子嚇得拚命逃跑；警方表示，彭男不配合放下刀械，反而持刀衝向員警，在情勢危急下，員警當場開4槍制止，彭嫌臀部受傷送醫無大礙。所幸被害女子平安，全案檢警調查中。竹北警分局表示，昨天下午5點許接獲民眾報案，指稱有男子持刀追逐1名女子 立即派警趕赴現場。員警喝令彭姓男子放下刀械，但彭男不予配合，反而持刀衝向員警，情勢危急。請繼續往下閱讀...為保護員警及民眾生命安全，員警開1槍示警制止，但彭男不配合，員警再朝彭男臀部等非致命部位開3槍，初步了解有2槍擊傷彭男臀部，經送醫救治後無生命危險。員警依法使用警槍，成功化解危機，全案後續移請新竹地檢署偵辦。遛狗女子遭彭男持刀追，嚇得拚命逃跑。（警方提供）彭男不爽被狗吠，竟公然持刀追該女子。（警方提供）員警喝令彭姓男子放下刀械，但彭男不予配合，反而持刀衝向員警，情勢危急。（警方提供）    ,https://news.ltn.com.tw/news/society/breakingnews/5553913
台東機車追撞右轉轎車 騎士骨折送醫,社會,2026/08/27 11:01,台東市臨海路二段與豐盛路150巷路口昨晚發生直行機車追撞轉彎轎車車禍。（警方提供）台東市臨海路二段與豐盛路150巷路口昨晚發生機車追撞轎車事故。一輛小轎車從巷口右轉，沿臨海路二段往知本方向行駛，遭後方一名21歲吳姓男性機車騎士追撞，造成轎車後車廂凹陷，機車車頭嚴重毀損；騎士有雙手骨折及膝蓋擦傷，意識清楚，經救護人員送往台東馬偕紀念醫院救治。事故發生後，機車倒臥在路旁，車頭及前方車體嚴重變形、外殼破裂，多處零件明顯毀損，甚至有零件散落在道路上，整輛機車受損程度相當嚴重；遭撞的轎車後方也可見明顯凹陷，救護車及警方迅速趕抵處理，路面可見車輛零件及碎片散落。請繼續往下閱讀...這名約20歲的男性機車騎士受到撞擊後受傷，造成雙手骨折、膝蓋擦傷，所幸送醫前意識清楚，經救護人員初步處置後，緊急送往台東馬偕紀念醫院救治。事故的詳細肇事原因及雙方行車狀況，仍待警方進一步調查釐清，後續也將透過現場跡證及相關資料，確認確切事故經過及肇事責任。    ,https://news.ltn.com.tw/news/society/breakingnews/5553902
嘉縣高中狼師偷拍學生 檢方罕見公布全名、租屋處示警,社會,2026/08/27 10:58,嘉義縣某高中教師李品澔涉嫌在租屋處偷拍，今天遭檢方起訴。（嘉檢提供）嘉義縣某高中教師李品澔涉嫌利用學生對教師的信賴，邀請學生前往位於嘉義縣竹崎鄉和平村田寮租屋處，並在廁所架設手機開啟錄影功能，偷拍如廁影像，嘉義地檢署今天偵查終結，共有10名被害人，包括9名未成年學生，偷拍共13次，依違反兒童及少年性剝削防制條例、妨害秘密等罪嫌將他提起公訴，並具體求刑4年，並公布李男全名與租屋處。比較特別的是，檢方公布李男全名與租屋處，嘉檢說明，依政府資訊公開法第6條及個人資料保護法第16條但書，「為增進公共利益」規定，在遵守兒少保護規範及兼顧學生隱私前提下適度揭露。請繼續往下閱讀...嘉檢指出，本案涉及重大隱私與公共安全，顯具重大公共利益。犯罪地點為特定租屋處，適度公開相關資訊，可提醒曾於案發期間出入或使用該處衛浴設施的民眾提高警覺，若發現相關情況，可及時提出檢舉或主張法律權利，同時也提醒民眾進出場所時提高安全防護意識。相關新聞請見：學生揪出廁所手機！嘉縣高中狼師偷拍13次遭訴 學校停聘起訴書表示，李男（36歲）於2025年6月11日起至2026年5月13日止，先後邀請自己所教授的學生前往租屋處，並於廁所架設手機並開啟錄影功能，偷拍前來如廁者的身體隱私部位及性影像。檢警調查，遭偷拍者共10人，包括1名成年人及9名未成年學生，犯案次數共13次，嚴重侵害被害人的性隱私及身心健全發展。檢方表示，李男為人師表，對於保全自身之能力未及成年人周全，非但未加以保護，反而藉其教師身份之便，利用學生對於教師之信賴關係一逞私慾，犯後否認犯行，意圖逃避司法追訴，顯無悔意，向法院具體求刑4年。檢警查扣李品澔用來偷拍的手機。（嘉檢提供）    ,https://news.ltn.com.tw/news/society/breakingnews/5553885
韓客來台旅遊急性熱過敏 還誤把總統府當醫院,社會,2026/08/27 10:54,韓籍李姓遊客痛苦難耐。（記者王冠仁翻攝）31歲韓籍李姓遊客來台旅遊，期間經過台北市重慶北路附近時，他疑似因為天氣酷熱引發急性熱過敏。他自覺身體不適想求助，經過總統府時，他誤將總統府視為醫院，企圖想進入總統府求助；幸虧當時維安警方察覺異狀、上前詢問，隨即幫助他通報救護人員，這才化解一場危機。北市警中正一分局警備隊員陳登凱，日前在總統府周邊執行安全維護勤務時，在寶慶路與重慶南路一段路口，發現一名外籍男子身體搖晃、步履不穩，且全身皮膚明顯紅腫，對方還企圖想進入總統府。請繼續往下閱讀...陳員上前詢問，但是跟對方語言不通，陳員於是利用手機翻譯程式向對方交談，這才得知原來他是來台旅遊的韓籍遊客，他身體相當不適，以為總統府是醫院想進入求助。陳員隨後立刻通報救護人員到場，在等待救護車前來期間，陳員與憲兵起先以為李男中暑，於是也提供礦泉水供他補充水分。救護人員到場後這才發現他疑因不耐連日高溫而引發急性熱過敏，出現全身紅腫發癢、呼吸不順等症狀，隨即將他送醫救治。中正一分局提醒，近期全台持續高溫，民眾外出應密切注意氣象資訊、適時補充水分並穿著透氣衣物，避免長時間曝曬，若出現頭暈、呼吸不適或過敏反應，請立即尋求協助。北市警中正一分局警備隊員陳登凱協助韓籍遊客送醫。（記者王冠仁翻攝）    ,https://news.ltn.com.tw/news/society/breakingnews/5553874
買地竟藏數千噸廢棄物！地主遭討2697萬「垃圾債」 環保局敗訴,社會,2026/08/27 10:47,劉姓地主提起行政訴訟，主張廢棄物早在他購地前就已遭掩埋。台北高等行政法院認同劉姓地主的說法，判決劉姓地主勝訴。（資料照）新北市林口某工地在施工期間，挖出大量遭非法掩埋的建築廢棄物，新北市環保局認定劉姓地主未盡土地管理責任，先命其清除但未果，最後代為處理並向其追討2697萬餘元費用。劉姓地主提起行政訴訟，主張廢棄物早在他購地前就已遭掩埋。台北高等行政法院認同劉姓地主的說法，判決劉姓地主勝訴。可上訴。判決指出，本案的爭議土地為劉姓地主所有，2019年4月新北市政府辦理林口工一市地重劃開發工程期間，意外發現該片土地下竟埋有大量的廢棄磚瓦、塑膠等垃圾。新北市環保局認定，這片土地為劉姓地主所有，自然是清除廢棄物義務人，因此也認定劉姓地主對土地管理有重大過失。請繼續往下閱讀...新北市環保局於2020年間先是命劉姓地主在30天內清除廢棄物，並於3日內提報廢棄物清理意願或清理能力證明文件，並提交「廢棄物棄置場址清理計畫」，劉姓地主不服提出行政訴訟（另案，劉姓地主已勝訴），然而在該案審理期間，新北市環保局再對劉姓地主求償清理等衍生之代為履行費用共2697萬6235元，劉姓地主遂再提出行政訴訟。劉姓地主主張，土地在他2010年購入前就已遭掩埋廢棄物，地面長期鋪設水泥並有鐵皮屋使用，在他持有土地以後，鐵皮屋和水泥仍存在，他不可能在他持有期間再進行大規模開挖掩埋。此外，根據新北市環保局估算的3179公噸廢棄物計算，至少需經卡車上千次的載送，但新北市環保局從未查出有任何棄置行為發生於他持有土地期間，顯然在他持有該片土地後，根本不可能有人會在此處挖掘，並掩埋如此巨量的垃圾。新北市環保局主張，劉姓地主身為土地所有權人，依廢棄物清理法本應負清除義務，先前已遭限期命其處理廢棄物，因逾期未清理，環保局才依法代為清除並追討費用。至於劉姓地主主張廢棄物早在他購地前即遭掩埋、自己不應負責等說法，均屬對先前限期清除處分合法性的爭執，應由另案審理，不能作為本案撤銷求償處分的理由。法院指出，該土地早在1997年間即曾因遭人傾倒建築廢棄物而被警方查獲，後續承租人林姓男子自1998年間起承租土地並興建鐵皮屋、鋪設水泥地，且證稱施工時即發現地下已有塑膠袋、木頭等廢棄物。航照圖及相關證據也顯示，土地在劉姓地主購買前即已完成整地並有建物使用，難認廢棄物是在其取得土地後才遭掩埋。法院認為，本案證據顯示廢棄物應於劉姓地主取得土地前即已存在，且土地長期由承租人實際占有使用，難認劉姓地主對廢棄物遭掩埋有容許或重大過失，且新北市環保局未充分調查實際棄置行為人，即逕行向現任地主追究責任，調查程序亦有瑕疵，因此撤銷對劉姓地主的原處分及訴願決定。可上訴。    ,https://news.ltn.com.tw/news/society/breakingnews/5553860
拜神拜到差點沒命！高雄男攔車「砍頭剖耳」慘遭重判,社會,2026/08/27 10:44,蘇姓男子在廟會與人起口角，竟持刀將人砍成重傷。示意圖（資料照）蘇姓男子在廟會慶典期間與同村吳姓男子發生口角，竟心生不滿返家取菜刀，埋伏在返家必經之路攔下吳男，持菜刀朝頭部、脖子連續猛砍，導致吳男頭皮大面積撕裂掀起、左耳軟骨割斷，一審依殺人未遂罪重判蘇男徒刑7年，蘇男不服提上訴，二審駁回仍維持7年重刑。判決指出，2023年3月13日晚間，高雄某宮廟舉辦神明聖誕及求平安龜活動，68歲的蘇姓男子在廟內因故與吳男發生口角，蘇男氣不過先離去，竟返家抽取菜刀，蹲守在住處附近。請繼續往下閱讀...當吳男騎乘電動自行車行經該處時，蘇男突然衝出攔人，左手拉住吳男右手，右手持菜刀朝吳男頭部連續猛砍6刀，甚至企圖橫砍脖子要害，幸虧吳男及時閃躲未被割喉。吳男送醫後，頭皮撕裂傷長達18公分，縫合39針、左耳軟骨撕裂，縫合16針，頭皮甚至被砍至皮肉翻起深及筋膜層。橋頭地方法院審理時，蘇男辯稱有喝酒且罹患焦慮症，以為吳男要打他才拿刀防衛，絕無殺人故意。但法官勘驗監視器發現，蘇男出手極快且專挑頭頸等生命要害攻擊，若非民眾介入拉扯，蘇男不會停手。一審法官認定蘇男犯後態度反覆、僅願出2萬元調解且毫無悔意，殺意堅定，依殺人未遂罪重判7年。蘇男不服上訴，主張兩人無宿怨，只是想教訓對方，不是想殺人，但高雄高分院法官認為，無宿怨不代表無殺意，蘇男動手時專砍頭頸要害，顯見殺意堅定，因此認定原審量刑無誤，駁回上訴，全案仍可上訴。    ,https://news.ltn.com.tw/news/society/breakingnews/5553867
協助前董座掏空公司逾千萬 和進電子前總經理曾明煇外逃通緝,社會,2026/08/27 10:38,曾擔任和進公司電子事業部總經理的曾明煇被調查局列入外逃名單中。（翻攝自調查局網站）上櫃公司「和進電子」前董事長龔俊仁被控以虛偽交易手法掏空公司8千餘萬元，被台北地院依違反證券交易法判處10年6月徒刑。案發當時擔任總經理的曾明煇因協助龔虛假交易，被列為案件共犯，卻逃亡海外，調查局將其列入「外逃通緝犯」名單中，推測藏匿地點應在香港。民眾只要提供線索，協助緝拿曾男歸案，即可獲得獎金。起訴書指出，和進公司董事會於2013年10月21日決議新設電子事業部拓展晶片測試業務，同年11月請具相關產業背景的曾明煇擔任該部門的總經理，但卻龔、曾二人卻假藉購買晶粒測試機的機會，挪用公司資金，掏空公司2千多萬元。請繼續往下閱讀...龔又另涉他案，掏空公司資產，今年7月底，被台北地方法院依侵占公司資產、虛偽記載等罪判處有期徒刑10年6月，沒收未扣案犯罪所得3385萬5150元。但總經理曾明煇則於2024年間逃匿出境，前往香港迄今未歸，今年3月被發布通緝，近日調查局則將他列入「外逃通緝犯」名單，積極追緝中。曾擔任和進公司電子事業部總經理的曾明煇被調查局列入外逃名單中。（翻攝自調查局網站）    ,https://news.ltn.com.tw/news/society/breakingnews/5553849
高雄毒販車內藏200多包毒品 遭警包抄逮捕,社會,2026/08/27 10:36,警方查扣大批毒品與現金。（記者黃良傑攝）張姓藥頭於微信等通訊軟體發送販毒訊息，高市刑大獲報埋伏、跟監，見時機成熟以偵防車包抄，喝令他打P檔熄火下車，張嫌嚇到癱坐駕駛座乖乖就逮，警方在車上搜獲毒品咖啡包190包、K他命16包、哈密瓜錠2包，以及現金7萬5800元等證物，全案依違反毒品危害防制條例罪嫌。刑大偵八隊長期布建情蒐、網路巡邏，發現毒販利用通訊軟體販毒，並以高市汽車旅館為據點，外送毒品K他命、毒品咖啡包至汽旅交易，警方組成專案小組積極偵辦。請繼續往下閱讀...專案小組於鳳山區跟監蒐證時，見犯嫌駕駛車輛欲交易毒品之際，立即包夾犯嫌車輛，並上前喝令犯嫌下車，張嫌（33歲）因警方迅速開車門喝令下車，反應不及癱軟在地，狼狽遭逮。現場共計查扣毒品咖啡包190包、K他命16包、哈密瓜錠2包、及7萬5800元現金等證物，全案依違反毒品危害防制條例罪嫌，移送臺灣高雄地方檢察署偵辦，張嫌訊後裁定羈押。高市刑大統計今年1月迄今，共計查獲販賣毒品藥頭414人，較去年同期（405人）增加9人；刑大大隊長鄢志豪強調，持續落實「全面清查、強力掃蕩、溯源刨根」執法，徹底斷絕毒品來源與供應鏈。高雄毒販車內藏200多包毒品，遭市刑大包抄逮捕。（民眾提供）    ,https://news.ltn.com.tw/news/society/breakingnews/5553854
學生揪出廁所手機！嘉縣高中狼師偷拍13次遭訴 學校停聘,社會,2026/08/27 10:28,李男在擔任高中代理教師期間，涉嫌在廁所放置手機偷拍學生上廁所。（檢方提供）嘉義縣山區某縣立高中代理教師李品澔，涉嫌邀多位男學生到租屋處指導課業，卻放置手機偷拍學生如廁，學生機警發現廁所內有手機，向學校檢舉；校方向警方報案，經檢警偵辦，今天依涉嫌違反兒童及少年性剝削防制條例、妨害秘密等案件對李男提起公訴，李男已於案發後離職。嘉義地檢署今天公布此案內容，此案經竹崎分局警方報請嘉義地檢署，檢察官吳心嵐指揮偵辦，5月18日前往李男租屋處搜索，查扣手機、平板等證物，經查近1年有1名成年人及9名未成年學生被偷拍如廁，共被拍下13次；檢方今天提起公訴，建請法院予以從重量刑，並具體求處有期徒刑4年。請繼續往下閱讀...相關新聞請見：嘉縣高中狼師偷拍學生 檢方罕見公布全名、租屋處示警李男為該校生物科代理教師，在學校任教約5年；今年李男邀該名男學生到竹崎鄉和平村租屋處指導課業，但男學生上廁所時，機警發現竟有衛生紙盒內有手機，鏡頭從孔洞裡偷拍錄影，學校獲報後立即進行調查，將李男停聘，李男在案件進入司法程序後已離職。    ,https://news.ltn.com.tw/news/society/breakingnews/5553845
涉非法裝GPS跟監、賣個資 國華徵信經理判刑,社會,2026/08/27 10:23,新北地院。（資料照）新北地檢署偵辦一起非法裝設GPS案件時，發現「國華徵信社」經理趙彥豪涉案，後續追查又發現國華及其關係企業「一統徵信」人員有類似情形，且高層疑似知情，甚至有蒐集特定政經人士個資等情；檢方7月間發動搜索後諭知有「徵信教父」之稱的一統及國華徵信創辦人趙維君300萬元交保。至於趙彥豪涉裝設GPS、非法販賣個資部分，新北地院日前已依違反個人資料保護法共2罪，分別判趙4月及6月徒刑，可上訴。檢警調查，趙彥豪於2025年間接受一名女子委託，以「14萬元安裝GPS定位器跟監其侯姓丈夫14天」，趙指示一統徵信外務員余男前往侯男住處地下停車場，在侯男的兩台機車安裝兩顆GPS定位器，精準掌控其所在位置、移動方向及行蹤等資訊，再指派人員以車跟人、手持V8與手機跟蹤，侯男因察覺頻遭陌生車輛跟蹤，將機車牽至車行檢驗，發現遭裝定位器報案處理。請繼續往下閱讀...檢警還發現，趙男另涉透過微信與暱稱「圖圖圖」的男子搭上線，以3萬5000元販賣個資，非法查詢特定手機門號申登人姓名、婚姻狀況及公司地址等隱私資料，並透過其他員工的「支付寶」收取人民幣8591元後轉交個資。因2人使用微信聯絡，加上對方支付人民幣，研判是將特定人個資賣給中國相關人士。法官斥責趙所為侵害被害者個人隱私，考量坦承犯行，且與侯男達成調解，量處上述徒刑，得易科罰金。檢方經追查懷疑，國華及其關係企業「一統徵信」人員有類似情形，且高層也疑知情，甚至有蒐集特定政經人士個資等情，7月指揮新北市刑大、調查局國安站發動搜索，訊後依妨害秘密及違反個資法等罪嫌，趙維君300萬元交保、一統徵信總經理趙柏凱150萬元交保，並諭知4名員工交保，另聲押禁見4名外務及業務員獲准，全案尚在偵辦中。    ,https://news.ltn.com.tw/news/society/breakingnews/5553833
觀音診所醫師賣管制藥物給藥頭 檢方求刑12年併科1300萬,社會,2026/08/27 10:20,吳姓醫師囤積「美得眠」、「使蒂諾斯」藥錠販售牟利。（圖由檢方提供）桃園市觀音區1處診所65歲吳姓醫師，涉嫌以虛開不必要的藥物處方箋手法，囤積管制藥品包括含有第3級毒品氟硝西泮成分的「美得眠」藥錠、含有第4級毒品佐沛眠成分的「使蒂諾斯」，再轉售藥頭牟利，桃園地檢署已依毒品危害防制條例將他提起公訴，具體求處有期徒刑12年，併科罰金1300萬元。台北市刑大查獲藥頭魏姓男子涉嫌販賣毒品案件後，追出毒品來源是觀音區該診所，經報請桃檢指揮，今年4月15日，警方會同桃園市政府衛生局前往該診所搜索，查扣「使蒂諾斯」2萬1924粒、「美得眠」846粒，以及處方文件、現金1629萬餘元等證物，逮回吳姓醫師偵辦後，向桃園地方法院聲請羈押，經法官諭知40萬元交保。請繼續往下閱讀...檢方調查，吳姓醫師明知「美得眠」、「使蒂諾斯」藥錠都是管制藥品，含有第3、4級毒品成分，利用來診所看病的病患，明明不需要卻虛開藥物處方箋的機會，再虛偽造冊而取得管制藥品囤積，並轉售牟利；去年12月15日下午，吳姓醫師利用通訊軟體聯絡藥頭魏男後，以2400元販賣「美得眠」4盒、1萬8000元販賣「使蒂諾斯」30盒給魏男，交易地點甚至就在該診所。檢警搜索吳姓醫師的診所，扣得大筆現金。（圖由檢方提供）    ,https://news.ltn.com.tw/news/society/breakingnews/5553816
高雄男隨機持刀劫車  律師辯「自己下車給錢算恐嚇」被法官打臉,社會,2026/08/27 10:18,謝姓男子持刀劫車，數日後在高雄國際機場被逮。（資料照）謝姓男子持鋒利長刀，在路邊隨機闖入停等車輛的副駕駛座，恫嚇駕駛交出財物並劫走車輛與5萬元現金，律師辯稱被害人是自行下車應僅構成「恐嚇取財」，但法官認定持刀侵入車廂已致使被害人「不能抗拒」，依加重強盜罪判刑3年6月。判決指出，2025年9月1日清晨，謝姓男子見一輛自小客車停放於鳳山區路邊，竟直接拉開副駕駛座車門上車，並亮出鋒利金屬長刀指著駕駛喝令交出財物。駕駛擔心遭刺傷，當下以保命為優先連忙下車逃離，謝男隨即駕駛該車至旗山鼓山公園，搜括車內5萬元現金與手機後棄車逃逸，數日後於高雄國際機場遭警方拘提到案。請繼續往下閱讀...高雄地方法院審理時，謝男坦承犯行，律師主張被害人並未反抗即自行下車，應僅構成「恐嚇取財罪」，但法官指出，嫌犯突襲侵入狹窄車廂並亮出致命長刀，客觀上已足以壓抑一般人之自由意思達到「不能抗拒」程度，已構成攜帶兇器加重強盜罪。法官考量加重強盜罪法定本刑為7年以上，但謝男並未對被害人施暴致傷，且犯後坦承犯行，更積極賠償11萬元（高於犯罪所得）取得被害人原諒，符合刑法第59條「情堪憫恕」規定，將加重強盜部分酌減判3年6月，可上訴    ,https://news.ltn.com.tw/news/society/breakingnews/5553811
台中東勢無照駕駛自撞護欄翻車 3傷送醫,社會,2026/08/27 10:07,黃男無照駕駛，加上疑似路況不熟，自撞路邊水泥護欄，造成車上3人受傷送醫 。（民眾提供）23歲黃姓男子無照駕駛，今天凌晨開車行經台中市東勢區東蘭路時，疑路況不熟自撞路邊水泥護欄翻車，造成車子嚴重變形毀損，後座1男及1名13歲小女孩受困，台中市消防局獲報到場，將3人救出送醫，幸皆意識清楚；警方指出，黃男未酒駕或毒駕，但無照駕駛，將依法開罰，肇事原因調查中。今天凌晨0時28分，台中市消防局獲報，東勢區東蘭路往東勢方向有車禍須救護，報案民眾指稱有轎車翻車，隨即派遣東勢及石岡分隊共5車13人，由東勢分隊分隊長葉峻明帶隊前往搶救，將後座的1男1女救出送醫，其中，1名13歲小女孩、臉部撕裂傷；18歲男子左大腿骨折；駕駛黃男（23歲）肢體擦挫傷，幸3人皆意識清楚，經救護人員緊急處置後，送往衛福部豐原醫院治療。請繼續往下閱讀...東勢警分局調查指出，黃男駕駛轎車沿東蘭路往東勢方向行駛，行經事故路段時路況不熟，不慎自撞路旁護欄，幸未波及其他人車，黃男未酒駕或毒駕，但未持有駕駛執照，已依相關規定處理。黃男無照駕駛，加上疑似路況不熟，自撞路邊水泥護欄翻車，致車體嚴重毀損。（民眾提供）    ,https://news.ltn.com.tw/news/society/breakingnews/5553803
詐騙連環計！ 阿北砸30萬買中藥沒效 竟再被誘匯12萬「加入推廣人」,社會,2026/08/27 10:00,阿伯與詐團的對話。（民眾提供）台中市一名林姓阿伯為改善身體狀況，在網路購買中藥卻誤入陷阱，陸續砸30萬元買藥，未料兩個月來毫無起色，對方竟再誘騙他掏12萬元當「推廣人」，所幸行員察覺有異通報警方到場，經員警逐一分析並查證後，阿伯這才驚覺早已落入詐騙圈套，及時打消提領念頭，避免損失進一步擴大。台中市第三分局立德派出所前天接獲轄內銀行通報，稱有一名阿伯疑遇需協助，員警葉惠琦、謝昊哲及實習生劉緯傑隨即趕赴，經了解，阿伯前陣子因身體狀況不佳暴瘦10公斤，看到臉書上頻頻出現販售中藥廣告，抱著姑且一試心態，透過LINE與對方聯繫，並加入成為「陽明交大中醫研究所」的會員。請繼續往下閱讀...對方宣稱手中握有與衛福部長「秘密開會研討」的中藥配方，十分適合阿伯症狀，還要求他不得向任何人透露相關內容，林男信以為真，陸續花了30萬元購買中藥，沒想到藥吃了兩個月沒有明顯改善，對方也沒有退錢，反再遊說聲稱只要再拿出12萬元，就能取得推廣人資格，未來每個月就能逐步領回先前購藥花掉30萬元，阿伯被這番說詞打動，當天上午才會到銀行準備再匯12萬元。員警向阿伯說明，來路不明的網路賣家販售中藥，本身就可能涉及違法，切勿因對方誇大療效，或假借名人、政府機關背書而輕易相信，更發現阿伯在與對方往來期間，已提供自己的金融帳戶及個人證件，疑遭利用成為人頭帳戶，得知落入詐騙陷阱後，阿伯當場打消匯款念頭，避免損失進一步擴大。☆自由時報電子報提醒您，防詐騙專線︰165，報案專線︰110☆員警及時勸阻，阿伯才打消匯款念頭。（民眾提供）    ,https://news.ltn.com.tw/news/society/breakingnews/5553799
玩遊戲、做任務賺積分換現金？女被騙25萬元  警保住45.3萬元,社會,2026/08/27 10:00,警方逮獲姚姓女車手。（民眾提供）高雄市鐘姓女子臉書找兼職，遭詐騙集團誘導加入假投資平台，玩遊戲、做任務賺積分換現金反被騙25萬元，投資翻倍達百萬提領再詐45.3萬元，鐘女才驚覺攏是假報案，警方將計就計逮獲姚姓女車手，警訊後將她依詐欺、洗錢防制法等罪嫌移送偵辦，全案將擴大偵辦。鐘姓女子（40歲）日前臉書尋找家庭代工兼職，遭詐騙集團以「AI神經網路識別訓練」為由，聲稱只要完成圖片點選等簡單任務即可賺取積分換現金，誘導鐘女加入假投資平台，更讓她數次成功領回小額獲利取得信任，再逐步誘騙她投入大筆資金。請繼續往下閱讀...鐘女卸下戒心後，8月11日依照指示前往鳳山區鳳頂路某速食店，與詐團女車手於店內廁所面交25萬元，以躲避他人耳目方式。數日後，詐團假平台顯示鐘女投資翻倍達126萬餘元，正當鐘女準備提領時，詐團卻聲稱操作失誤致帳號遭鎖定，必須再繳45萬3千元才能解鎖，鐘女驚覺有異報案求助。警方受理到案後，得知詐團仍持續催促鐘女交款，由過埤所與南成所共組專案小組，將計就計，由鐘女與詐團姚姓女車手（46歲）昨天二度於同一間速食店廁所面交45萬3千元，埋伏警力當場依現行犯逮捕姚女，並查扣手機1支、現金5000元等證物。警訊後將姚女依詐欺、洗錢防制法等罪嫌移送偵辦，全案持續向上溯源，擴大追查幕後詐團成員。    ,https://news.ltn.com.tw/news/society/breakingnews/5553800
高雄婦誤信投資群組險失168萬 聯手警逮車手保住積蓄,社會,2026/08/27 09:52,高雄婦誤信投資群組險失168萬，聯手警逮車手（右）保住積蓄。（民眾提供）高雄鼓山分局接獲潘姓女子（53歲）報案，稱其疑似落入網路投資詐騙陷阱，警方獲報後配合被害人將計就計，埋伏逮捕取款的黃姓車手（37歲），守住潘女168萬元積蓄。潘女日前於社群平台看見遊輪旅遊廣告並加入通訊軟體群組，受群組內標榜「穩賺不賠」限量大禮包活動吸引，詐騙集團起初以小額獲利及回饋金誘使潘女卸下心防。請繼續往下閱讀...隨後則以操作錯誤導致帳號封鎖為由，要求繳納高額保證金方能解鎖，潘女察覺有異向鼓山分局求證，員警即識破此為「先給甜頭、再誘大額投資」的詐騙手法，便與潘女合作假意約定面交新臺幣168萬餘元。雙方約於前（25）日下午3時許，儘管天候惡劣，黃姓車手以為警方忙於災害及交通疏導，卸下防備心依約現身取款，埋伏員警見狀立即上前攔查，黃嫌起初矢口否認犯行，經警方出示相關事證後，黃男自知難逃法網始坦承詐騙行為，警方當場查扣工作手機等證物並將其逮捕送辦。    ,https://news.ltn.com.tw/news/society/breakingnews/5553781
吸喪屍煙彈＋安非他命上路 台中男「不知開到哪」失控撞9車,社會,2026/08/27 09:51,莊男毒駕撞倒路邊整排汽機車。（民眾提供）再傳毒駕事件！台中市潭子區昨（26）日夜間發生一起毒駕車禍，43歲莊男昨夜9點多駕駛轎車沿行經勝利路，疑似逆向自撞，並波及路邊停車1部轎車及8部機車，莊男的轎車及另一輛轎車前車頭及左側車身受損，其他8輛停放機車左側及右側車身有受損，所幸無人受傷，莊男呈現毒品反應，全案依《刑法》公共危險罪、毒品危害防制條例等移送偵辦。警方調查，莊男昨夜駕車行經店家林立的潭子區勝利路158號前，失控撞上停放路邊多部汽機車，店家聽到碰撞聲響，紛紛外出圍觀，並報警處理。警方依施以酒精濃度測試無飲酒情形，另經莊男同意接受毒品唾液快篩測試後呈依托咪酯、安非他命等毒品陽性反應，於車內查獲依托咪酯、煙油等物。請繼續往下閱讀...大雅分局長施永昭呼籲，毒品會嚴重影響判斷力及反應能力，施用毒品後駕車，不僅危害自身安全，更可能造成無辜用路人傷亡；警方對毒駕行為絕不輕縱，持續加強攔查、檢測及查緝作為，全力守護民眾交通安全。    ,https://news.ltn.com.tw/news/society/breakingnews/5553787
偷25元豆漿竟變傷害罪！「過期4個月發酸豆漿」偷天換日  害顧客腸胃炎判3月,社會,2026/08/27 09:50,張姓男子把過期4個月豆漿拿去超商換「冰的」，害不知情的顧客喝下肚送急診。示意圖非當事店家（資料照）張姓男子買了一瓶豆漿忘了喝，放到過期後又捨不得丟，竟把過期4個月的豆漿拿去便利商店偷換，鄒姓男子倒楣買到這瓶過期豆漿喝下肚，導致急性腸胃炎送急診，法官認定張男行為構成竊盜與傷害罪，從重依傷害罪判徒刑3月，得易科罰金。判決指出，去年1月3日下午，張姓男子攜帶一瓶有效期限為2024年8月20日、已過期超過4個月的統一陽光無糖高纖豆漿，前往全家便利商店亞太店，張男進店後，悄悄將這瓶過期發酸的豆漿放上冷藏貨架，隨即順手牽羊拿走同款新鮮豆漿藏入提袋，未結帳即離去。請繼續往下閱讀...當天深夜，鄒姓顧客前往該超商購買豆漿，未注意飲品已過期便當場開瓶飲用，一口喝下發現發酸、發臭且結塊，趕緊吐出。不料次日仍引發嚴重拉肚子，經送醫急診診斷為急性腸胃炎，超商調閱監視器畫面後，才驚覺商品遭人惡意掉包並報警處理。高雄地方法院審理時，張男辯稱「只是拿不涼的換涼的，不知道已經過期」，但法官認為，正常人均知過期4個月的生鮮食品可能變質腐敗，張男為了避免竊盜被發現才以掉包掩飾，將具危害性的過期食品放回貨架，客觀上容任不特定顧客誤飲受傷，具有傷害之「不確定故意」，考量張男犯後態度不佳、未與受害者和解，且身體法益高於25元財產法益，最終從重依傷害罪判刑3月，得易科9萬元罰金，可上訴。    ,https://news.ltn.com.tw/news/society/breakingnews/5553788
蘭嶼電廠廠長疑夜釣失聯 警消海巡搜救,社會,2026/08/27 09:38,蘭嶼電廠廠長疑海釣失蹤，各單位搜救中。（記者黃明堂翻攝）台東縣台電蘭嶼發電廠吳姓廠長25日晚間到蘭嶼鄉朗島村環島公路北側、蘭嶼燈塔附近「坦克岩海域」夜釣，約晚間9時後即與外界失去聯繫，當晚未返回住處。同事昨天發現吳未到班，先後多次打電話聯繫始終沒回應，隨即前往坦克岩附近尋找，在岸上發現手機及相關釣具，未見人影，趕緊報案，警消及海巡人員持續搜救中。海巡署第十巡防區指揮部表示，昨天上午11時7分接獲民眾通報，蘭嶼坦克岩附近疑似有民眾失蹤。開元安檢所立即派員攜帶救生救難裝備趕赴現場，並偕同第十五海巡隊、台東分局東清派出所、消防局蘭嶼分隊、空勤總隊及民間潛水教練共同展開聯合搜救。請繼續往下閱讀...經了解，失蹤者因未正常上班，其同事前往坦克岩附近尋找時，發現現場遺留機車及釣具，遂緊急通報相關單位協助搜尋。搜救期間，海巡人員持續於坦克岩至五孔洞岸際實施協尋，警方及消防人員亦投入搜尋，空勤直升機則於附近海域及岸際進行空中搜索；另由家屬聯繫民間潛水教練到場下水協尋，截至目前尚未尋獲失蹤者，仍持續整合海、陸、空搜救能量。由於坦克岩周邊地形險峻、礁岩陡峭且海流複雜，加上當地搜救人力與空中、船艇設備有限，黃金搜救時間正快速流逝，家屬心情無比焦急。家屬特別透過管道懇請政府單位與民意代表緊急協調資源，包含增派海巡艦艇與專業搜救船隻擴大搜尋、派遣空勤直升機與配備熱顯像儀的無人機進行空中搜捕，並結合近期風向、潮汐推估漂流方向。同時，家屬也盼能協調周邊漁船與往返商船共同留意海面，並調集熟悉當地地形海流的搜救專家進行持續性的夜間搜索。蘭嶼電廠廠長疑海釣失蹤，各單位搜救中。（記者黃明堂翻攝）    ,https://news.ltn.com.tw/news/society/breakingnews/5553765
外縣市垃圾洗產地混入高雄焚化爐  7人被逮起訴,社會,2026/08/27 09:33,高雄破獲垃圾洗產地集團，農地成非法轉運站。（記者黃良傑翻攝）保七總隊第三大隊接獲線報，有外縣市垃圾藉由「洗產地」，混入高雄焚化爐 ，警方將潘男等7人涉犯廢棄物清理法「未依廢棄物清除、處理許可文件內容貯存、清除廢棄物」罪嫌移送法辦。檢警指出，新北市清除業者宏○公司每月收受一般事業廢棄物數量，已逾越新北市政府核准進入焚化爐處理限額，竟僱請運輸業者將超收的廢棄物，先轉運至高雄市農地堆置貯存，再夥同高雄清除業者將該堆置廢棄物混入其原本收受之垃圾中，偽裝當地廢棄物進焚化爐處理。請繼續往下閱讀...保七總隊接獲情資後，會同環管署南區環境管理中心及調查局高雄市調查處組成專案小組深入蒐證，並報請高雄地檢署指揮偵辦；經查，該公司負責人潘嫌，自113年4月起，以每車次委託費13萬至14萬餘元，以及運費1萬6000元為對價，委由曳引車司機柯嫌承攬清運超量廢棄物。柯嫌除自行駕駛外，並僱用梁嫌、劉嫌駕駛曳引車，前往該公司位於新北市五股區貯存場載運一般事業廢棄物，每車次淨重約17至18公噸，合計14車次，運至高雄清除業者某公司負責人簡嫌，及另兩家公司負責人孫嫌所租用之高雄市小港區、路竹區之農地非法傾倒堆置。再交由簡嫌、孫嫌以每公斤7元至7.5元代價收受，將上開廢棄物混入原本收受之高雄地區廢棄物中，載往高雄市焚化爐處理，藉此「洗產地」規避查核。另查出彰化縣清除業者負責人賴嫌，也以每公斤6.5元代價委由簡嫌處理其超量廢棄物，並於113年7月18日駕駛曳引車載運約7公噸廢棄物至前揭小港區農地傾倒。專案小組於前年7月前往高雄市小港區農地查處，現場查獲堆置廢棄物約37公噸，溯源續追後，又在今年1月持搜索票至高雄市路竹區農地執行搜索，於該地查獲6處廢棄物堆置點，體積合計約1700立方公尺。據查這些土地均為特定農業區農牧用地，涉案業者僅領有乙級廢棄物清除許可證，均未申請設置貯存場或轉運站，卻非法堆置廢棄物，嚴重破壞農地環境。全案調查完竣，潘嫌等7人涉犯廢棄物清理法第46條第4款後段未依廢棄物清除、處理許可文件內容貯存、清除廢棄物罪嫌，其中簡嫌、孫嫌另涉犯同法第46條第3款未經主管機關許可提供土地堆置廢棄物罪嫌；所涉5家業者被科以罰金，全案偵結起訴。高雄破獲垃圾洗產地集團，農地成非法轉運站。（記者黃良傑翻攝）    ,https://news.ltn.com.tw/news/society/breakingnews/5553761
日本貨輪船員急性盲腸炎  海巡署、黑鷹直升機搶救,社會,2026/08/27 09:28,海巡署會同空勤黑鷹直升機，搶救腹痛船員。（海巡署提供）昨（26）日上午海巡署偵防分署空勤吊掛分隊高雄第三小隊執行緊急醫療後送任務，將日本籍貨輪「SOUTHERN CROSS DREAM」一名突發腹痛的菲律賓籍船員，以吊籃方式吊掛進艙，後送高雄小港醫院接受進一步治療。偵防分署指出，貨輪行經鵝鑾鼻東南方約53浬海域時，一名菲律賓籍船員突然出現急性盲腸炎症狀，船醫經過評估後，認為情況危急，立即透過國搜中心請求緊急醫療後送協助。請繼續往下閱讀...空勤總隊接獲通報，啟動應變機制，由高雄駐地派遣黑鷹直升機並共勤海巡署空勤吊掛分隊搜救員，於上午7點15分從小港機場起飛前往救援，救援機組人員抵達現場後，克服海象不佳與船隻晃動等挑戰，精準操作吊籃吊掛技術，將病患安全吊掛進艙。直升機於上午8點52分落地小港機場，將病患後送至小港醫院，目前病患生命徵象穩定，已轉由醫院進一步治療。    ,https://news.ltn.com.tw/news/society/breakingnews/5553758
8秒狂閃大燈逾20次！男逼前車讓道被檢舉 挨罰2.4萬,社會,2026/08/27 09:22,法官勘驗檢舉影像，張男於8秒間對前車閃爍大燈逾20次，對前車駕駛造成壓力而讓道，構成「以其他方式迫使他車讓道」之違規行為；圖為車輛大燈示意照。（資料照）張姓男子開車，被檢舉以閃大燈的方式、逼迫前車讓道，由監理單位裁罰2萬4000元，並應參加道路交通安全講習。張男不服提起行政訴訟，法官勘驗檢舉影像，張男於8秒間對前車閃爍大燈逾20次，對前車駕駛造成壓力而讓道，構成「以其他方式迫使他車讓道」之違規行為，認裁罰無誤，駁回張男之訴。張男於去年12月20日晚間6點24分許，開車行經苗栗縣通霄鎮環市路，被民眾檢舉「任意以其他方式迫使他車讓道」之違規行為。經通霄警分局員警查證後認為屬實，開單告發，由新竹區監理所裁處罰鍰2萬4000元，並應參加道路交通安全講習。請繼續往下閱讀...張男不服提起行政訴訟。法官開庭勘驗檢舉人提供之行車紀錄器影像，過程中可見張男開車於夜間行駛至檢舉人車輛後方後，於畫面時間8秒間，連續、快速閃爍車輛大燈達20次以上，且於過程中逐漸接近檢舉人車輛，隨後檢舉人車輛行駛至慢車道，並於前方交岔路口右轉彎而離去。法官認為，張男確有在車道上對前方檢舉人車輛連續變換燈光之行為，而在夜間環境下，此行為的危險性與干擾性更高，顯見該行為客觀上足以對其前車駕駛人形成壓力而為讓道之行為，構成道交條例第43條第1項第3款「以其他方式迫使他車讓道」之違規，駁回張男之訴。    ,https://news.ltn.com.tw/news/society/breakingnews/5553721
沒出錢就中獎？男信「原石增值」提供帳戶險淪洗錢人頭,社會,2026/08/27 09:10,男子信「原石增值」險些遭拐淪洗錢人頭。（警方提供）沒花半毛錢投資原石，竟然就能「中獎」兼「獲利」？1名男子結識網友，對方以「抽中原石且價格飛漲」為由，宣稱不必出資即可領取增值差額；豈料全是詐團誘騙金融帳戶、拐民眾淪為洗錢人頭的陷阱，所幸銀行行員與警方及時聯手攔截，成功化解危機。彰化警分局今天（27日）指出，該名男子日前前往銀行欲辦理帳戶恢復功能，由於其帳戶過去曾有多次涉及詐騙遭停用的紀錄，這次突然要求解凍，引起銀行行員高度警覺，立即通報警方。請繼續往下閱讀...民生路派出所巡邏員警徐友祥、陳怡君獲報後火速趕赴現場。經深入詢問，男子表示透過網路結識一名網友，對方極力推薦投資翡翠原石，隨後更告知他幸運「抽中原石」，且該原石價格已飛漲。最令人心動的是，對方聲稱他完全不必先掏出資金，就能直接領取原石增值後的「投資差額」，前提是必須提供銀行帳戶以供匯款。「天下沒有白吃的午餐！」警方檢視男子的手機通訊紀錄後，證實這是典型的「假交友、假投資」混合型詐騙。員警現場耐心剖析，詐團表面上喊著給獎金，實則企圖拐騙金融帳戶作為人頭帳戶，用來接收其他受害者的犯罪贓款。男子一旦交出帳戶，不僅分文拿不到，更會秒變洗錢共犯，背上刑事責任。在警員與行員的苦口婆心勸導下，彭男這才恍然大悟，當場打消恢復帳戶的念頭，連聲感謝警方的及時相救。警方檢視男子手機通訊紀錄，發現是「假交友、假投資」混合型詐騙。（警方提供）    ,https://news.ltn.com.tw/news/society/breakingnews/5553722
酒駕連兩次拒檢衝撞 北市警開3槍循線逮人到案,社會,2026/08/27 08:46,許男被移送檢方偵辦。（記者邱俊福翻攝）台北市中山區發生一起酒駕拒檢衝撞案；1名30歲許姓男子日前跟友人在台北市中山區酒店飲酒，席間離席，駕駛友人轎車載朋友返家途中，遇上轄區警方路檢，因怕酒駕造成友人的轎車被扣，竟加速衝過路檢點，不久遇警盤查，還二度拒檢衝撞，致員警連開3槍制止，警方最後循線逮捕闖禍躲回酒店繼續飲酒的許男，訊後依妨害公務、公共危險等罪嫌移送台北地方檢察署偵辦。警方調查，家住台南市的許男，目前沒有工作，有多項詐欺前科紀錄，本月22日深夜北上跟友人於台北市林森北路的一家酒店飲酒作樂，直至隔天凌晨1時許，酒後的許男跟友人借車載另名友人返家，當行經北市松江路時，遇上執行取締毒駕路檢勤務的台北市警長安東路派出所員警攔查，竟直接駕車衝過路檢點。請繼續往下閱讀...警方見狀，記下車輛車號與特徵，呼叫警網進行圍捕，不久於新生北路發現許男駕車正在停候紅綠燈，馬上上前再度攔查，結果許男繼續拒檢，還駕車朝執勤員警警用機車方向衝撞，員警立即連開3槍制止，許男則趁隙駕車逃逸無蹤，幸無員警及民眾受傷。警方經漏夜調閱監視器追查，2小時後，查知許男將轎車停放於台北市林森北路一處停車場後，返回酒店繼續跟友人飲酒，馬上派員前往逮人，帶回派出所偵訊，訊後依法移送檢方偵辦。許男駕車拒檢衝出攔查點。（記者邱俊福翻攝）    ,https://news.ltn.com.tw/news/society/breakingnews/5553706
高雄凌晨3車連環撞！5人受傷,社會,2026/08/27 08:39,高雄凌晨3車連環撞釀5傷，車禍原因待釐清。（民眾提供）高雄市今（27）日凌晨4時許發生連環車禍，3輛汽車追撞造成5人受傷，其中2人送醫，經酒測3方駕駛均無飲酒情事，肇事原因仍待警方調查、釐清。新興分局指出，中山路派出所於8月27日凌晨4時許，巡邏經中山一路與七賢一路口發現交通事故，立即疏導交通，並由交通分隊進行測繪調查。請繼續往下閱讀...經瞭解，廖姓男子（26歲）駕駛轎車沿七賢一路（東向西）直行，行經中山一路口時，不知何故與沿中山一路（南向北）直行的顏姓男子（55歲）所駕駛的計程車發生擦撞，兩車碰撞後，廖男駕駛的車輛失控，又擦撞另一輛由張姓男子（55歲）駕駛之自小客車，致3車受損。3名駕駛均施以酒測，但均無飲酒情事，該事故共造成5人受傷，其中2人送醫，分別為計程車乘客高姓男子（65歲，頭部挫傷）及陳姓男子（63歲，身體擦挫傷），由救護車送往大同醫院救治，均無生命危險。另廖男（腳部受傷）及計程車駕駛顏男（手腳擦傷、頭部挫傷）及第3輛自小客車乘客謝姓女子（51歲，腰部不適），經現場檢傷後未送醫。該事故初步研判，疑因該處路口號誌故障或異常，駕駛人行經路口來不及注意而發生碰撞，詳細肇事原因及責任歸屬，將由交通大隊進一步分析釐清。新興分局呼籲，駕駛人夜間或凌晨行車時，仍應隨時提高警覺、減速慢行；若行經路口發現號誌故障或異常閃爍，務必遵循「無號誌路口」停讓規定，減速確認左右無來車後再行通過。高雄凌晨3車連環撞釀5傷，計程車也遭波及，車禍原因待釐清。（民眾提供）    ,https://news.ltn.com.tw/news/society/breakingnews/5553700
土地險遭抵押借款交付詐團 嘉縣警攔阻1320萬逮捕車手,社會,2026/08/27 08:37,"嘉義縣警方公布打詐成果。（警方提供）嘉義縣警察局日前接獲轄內金融機構通報，有民眾欲辦理大額土地抵押貸款、疑遭詐騙。警員獲報前往關懷，發現被害人遭網路假投資群組話術洗腦，誤信帳戶有千萬獲利，欲將名下土地抵押借款交給詐騙集團。經員警勸說，成功攔阻1320萬元鉅款；警方組成專案小組，循線逮捕鮑姓車手，查扣作案手機、偽造工作證件及收款收據等證物，訊後依涉犯刑法詐欺罪及洗錢防制法，將鮑嫌移送嘉義地檢署偵辦。嘉義縣警察局昨公布7月詐欺情勢分析報告及攔阻鉅款案例；警方表示，網路假投資群組是以「代操股票獲利」及「公司借貸充值機構帳戶」等話術，誘使民眾以為有獲利，再被要求用名下土地借款交付給詐團，幸好經警員勸說攔阻，並趁詐團與被害人相約取款時逮捕車手。請繼續往下閱讀...警方表示，嘉義縣今年1至7月共查獲詐欺集團79團377人，查扣不法利得總值1117萬5,465元；攔阻詐欺件數部分有95件、3831萬9789元；詐欺案件手法部分，以「網路購物詐騙」最多，其次為「色情應召詐財」、「假交友（投資詐財）」等，網路購物詐騙案件有明顯竄升，而投資詐騙（含假交友投資）在財損部分依然位居各類手法首位。警方表示，假投資詐騙為近年財損最高詐騙手法，詐團常佯稱投資顧問，並以「保證獲利」、「代墊資金」等假數據誘使被害人抵押不動產借貸。民眾投資務必循合法管道，切勿輕信網路未經查證之投資訊息；金融機構如遇民眾有大額提匯款或異常借貸情形，也請持續關懷提問並通報警方。嘉義縣警方說明詐騙集團犯案手法。（警方提供）嘉義縣警方逮捕詐騙案嫌犯。（警方提供）    ",https://news.ltn.com.tw/news/society/breakingnews/5553698
繪圖指認下體入珠6顆及排列位置／員山鄉代主席林子凱強制猥褻判2年,社會,2026/08/27 05:30,宜蘭縣員山鄉民代表會主席林子凱涉強制猥褻，一審被判刑兩年。（取自臉書）宜蘭縣無黨籍員山鄉民代表會主席林子凱，涉於二〇二三年間副主席任內，深夜藉酒意邀約某民代女助理外出，再帶往服務處二樓，自行脫衣後強拉女方強制猥褻得逞，被害人事後向友人哭訴，還具體畫出林的下體有「入珠」特徵，宜蘭地院昨天認定犯行屬實，將林男判刑二年。女祝壽 他深夜邀外出判決指出，二〇二三年九月十三日凌晨，被害人透過LINE向林祝賀生日，林以喝醉、心情不好為由邀她外出，開車載到一處河堤，女子稱被林男摸肚子，想保持距離，提議到林的員山鄉永同路服務處，隨後林男在服務處二樓觸摸女子，被撥開手拒絕，竟自行脫去衣褲強行擁抱對方。請繼續往下閱讀...帶到服務處二樓硬來被害人證稱，她數度掙脫要求停止，林男仍躺在沙發壓住她的頭要求進一步行為，遭拒後又強拉她的手猥褻，她因為害怕想趕快結束，只得配合，事後林頻頻道歉，叫了計程車載她返家。女有急性壓力反應法官認為，事發後女子情緒明顯異常，向友人說明經過時哭泣，由友人協助撥打一一三求助，社工隨即介入，事情發生逾一年後情緒依舊低落，並因出現睡眠等問題就醫，有急性壓力反應等情。此外，女子指證時，畫出林男下體入珠數量及排列位置，法院函請醫院鑑定，確認林入珠六顆，分布位置與女子所繪圖樣高度近似。宜院合議庭認為，被害人若非親眼看見或接觸，難以描述如此具體。林已婚 稱被設局要上訴已婚的林子凱出庭時辯稱，兩人在服務處確有擁抱、接吻，屬於兩情相悅，女子甚至主動隔著內褲觸摸他；林的辯護人質疑女子未立即報警，離開前收下林給的柚子及一千元車資，返家後還傳訊報平安。宜院認為，性侵害案件具有隱密性，不能因被害人未立即報警，或事後仍有互動，就推論性侵害未發生。合議庭綜合女子陳述、入珠鑑定及事後身心反應等證據，未採信被告的兩情相悅說法，依強制猥褻罪判刑。林男受訪指稱自己是被設局，女方目的是想索取金錢，事情被翻出來的時間點太巧合，懷疑有人刻意操作打擊他，他會上訴。    ,https://news.ltn.com.tw/news/society/paper/1768237
乘機摸黃世杰團隊女性3次 八德仕紳起訴,社會,2026/08/27 05:30,"黃世杰團隊的女性工作人員，於餐會時遭呂男肢體性騷擾。（資料照，記者鄭淑婷翻攝）民進黨籍桃園市長參選人黃世杰團隊的女性工作人員，今年五月間在八德區一場餐會活動拜票期間，遭到六十歲呂姓地方仕紳肢體性騷擾，桃園地檢署勘驗現場錄影畫面及綜合相關事證，認定犯行明確，依違反性騷擾防治法將呂男起訴。黃世杰：敬佩同仁勇敢報案黃世杰昨天表示，從事件發生第一時間，他就表明此事已踩到自己所堅守的價值底線，無論在職場或任何場合，都不應容許性騷擾發生，感謝司法機關積極調查、依法處理，也尊重後續法院審理。請繼續往下閱讀...今年五月十六日，黃世杰出席八德區地方餐會活動，呂男趁其隨行女性陪同敬酒、不及抗拒之際，對被害人肢體性騷擾。事發後，被害人由市議員許家睿、黃瓊慧與黃世杰團隊人員陪同報案，黃透過臉書發布支持助理提告的聲明。桃檢於同月十八日指揮八德警分局偵辦，複訊後諭知呂男廿萬元交保。檢方起訴指出，經勘驗現場錄影畫面及相關事證，當時呂男先以右手攬住、搓揉被害人右肩膀，又以右手抓碰被害人左手臂，還用左手環住她及搭肩，對被害人性騷擾行為共三次，所為涉犯性騷擾防治法第廿五條第一項「乘機觸摸罪」。黃世杰說，非常敬佩同仁願意勇敢站出來報案，這並不是一件容易的事，「我們會繼續支持、陪伴同仁，也會把該守住的底線守住」，也希望同仁的勇氣能讓更多遭遇類似情況的人知道，不必選擇沉默。    ",https://news.ltn.com.tw/news/society/paper/1768238
洋酒禮盒藏20萬 欲代人關說 國民黨新北議員王威元 涉行賄起訴,社會,2026/08/27 05:30,新北市議員王威元涉行賄起訴，求刑3年。（資料照）曾任新北市議會國民黨團書記長的市議員王威元，涉協助不具投標資格的恆達空間智庫公司，取得「萬里公有零售市場拆除重建工程委託規劃設計監造技術服務案」，透過服務處顧問柯文學向新北市政府市場處關切此案，刪除投標限制，再將廿萬元現金藏在皇家禮炮洋酒禮盒中，試圖行賄市場處長李長奎被拒；新北地檢署昨依違反貪污治罪條例的「違背職務行賄罪」，起訴王威元並求刑三年。助不具資格事務所 刪除投標限制檢調追查，新北市場處今年三月辦理該項標案，預算金額二〇二九萬餘元；王、柯四月間向李探尋標案是否有包含拆除、規劃、內定廠商等，評估仲介標案及後續工程有利可圖，遂告知恆達相關的訊息。請繼續往下閱讀...因恆達總經理程男的建築師事務所不具資格，王獲知向李長奎反映，李建議可依法請求釋疑及提出異議申訴；程男事務所照辦，經採購處、市場處討論後決定刪除資格限制，程男通過資格審查。市場處長發現藏現金 送交政風室今年五月十三日上午，王威元將寫有程男建築師事務所的手寫便條紙，交給李並稱「拜託一下」；下午再以回收紙條為由邀李至服務處，對李說：「能幫就盡量幫」，同時贈洋酒禮盒。李三天後發現禮盒夾藏現金，送交政風室。檢方認為王男所為有損政府採購程序公平、公正性，求刑三年；柯男等人另案偵辦。王威元否認犯行，辯稱李知道禮盒有現金，給錢是希望李當作沒收到紙條，並反指檢方控他替廠商行賄，說不出他幫哪個廠商行賄。    ,https://news.ltn.com.tw/news/society/paper/1768220
基泰大直塌陷案 工地主任判4年多,社會,2026/08/27 05:30,"台北市建案基泰大直，2023年9月因為施工不當，造成25戶民宅傾斜下陷成為受災戶。台北地院昨將工地主任張博翔判刑四年十月、基泰公司工程部副理邱丞鴻判刑兩年八月、基泰公司一名專案人員判八月；監造建築師判一年、緩刑兩年，須支付公庫兩百萬元；承造人福益公司一名專任工程人員判十月。（資料照）連續壁偷薄十公分、監測超標仍施工、未丈量卻簽名…基泰建設「基泰大直」建案於二〇二三年九月開挖地下室期間發生重大施工事故，造成廿五戶鄰宅傾毀。台北地檢署追查發現，工地主任張博翔等人擅將連續壁厚度由六十公分縮減為五十公分，並隱匿監測異常、製作不實文件，依違背建築術成規、偽造文書等罪起訴五人。台北地院昨將張博翔判刑四年十月、基泰公司工程部副理邱丞鴻判刑兩年八月。請繼續往下閱讀...另基泰公司一名專案人員被判刑八月；監造建築師判一年、緩刑兩年，須支付公庫兩百萬元；承造人福益公司一名專任工程人員判十月。時任基泰董事長陳世銘及福益董事長王明堂，檢方查無涉案事證，將兩人簽結。基泰董事長、福益董事長 簽結判決指出，張博翔與邱丞鴻於二〇二二年間決定不辦理變更設計，直接將原應施作六十公分厚的連續壁縮減為五十公分，並交由下包商施工。張博翔事後又於勘驗報告隱匿連續壁厚度不足情形，劉豐壽未實際丈量即簽名背書。此外，張、邱二人為了趕工，擅自調換連續壁與地質改良工程的施工順序，也沒有確認地質改良工程的成果是否符合設計要求。二〇二三年四月及七月間，監測廠商已發現基地地表沉陷、建物沉陷及傾斜率等數值超標，但兩人為避免損鄰爭議擴大，要求監測廠商變更量測數據初值，使監測結果失真，且未依應變計畫停工，也未交由專業顧問評估。同年八月，基泰大直開挖地下室，監測廠商於九月一日再示警多項數據已達警戒值，張、邱僅要求補強支撐措施，仍持續施工。同月七日晚間，工地擋土及支撐系統潰敗，導致鄰近民宅傾斜坍塌。而在損鄰勘查過程中，監造建築師未到場勘查，仍於損害責任歸屬初步認定書上簽名用印，因此遭法院判刑。    ",https://news.ltn.com.tw/news/society/paper/1768241
7旬退休翁被詐5千萬 追出人頭公司洗錢36億,社會,2026/08/27 05:30,警方查扣作案手機、公司大小章、存摺、提款卡、隨身碟、網銀金鑰等贓證物。（記者邱俊福翻攝）29歲主嫌設9家人頭公司廿九歲吳姓男子為首的不法集團涉嫌設立九家人頭公司後，申請廿八個公司帳戶，除主要提供博弈網站收付賭資使用外，還涉及協助「假投資」詐騙集團車手發放薪資，牟取暴利；刑事警察局偵七大隊第二隊截至上月共發動兩波查緝行動，逮捕吳男，以及人頭公司負責人、收帳組頭與轉帳手等十三人到案，初估一年多經手洗錢金額逾卅六億元，訊後依涉犯刑法詐欺、詐欺犯罪危害防制條例、洗錢、組織犯罪、公司法等罪嫌移送台北地檢署偵辦。28公司帳戶築金流防火牆警方調查，該集團透過合法程序申請成立多家資本額數十萬元、看似營運正常的公司行號，名稱多為廣告、行銷、影音公司，利用公司帳戶轉帳額度大、交易合理性高的特性，建立一道層次複雜的「金流防火牆」，藉此混淆賭博網站與詐騙集團的不法資金去向。請繼續往下閱讀...而公司銀行存摺、iKey（USB憑證金鑰），以及公司登記大小章，均統一收繳並嚴密保管，以確保該集團隨時能調度帳戶，將賭博款項或者詐欺贓款迅速拆解、流轉於多個帳戶間，確保資金在極短時間內移轉完畢。助賭網、詐團洗錢 逮13人警方表示，去年六月間，北市一名七旬退休男子落入假投資詐團陷阱，被詐五千萬元，獲報後經循線逮捕詐團面交車手，查知該車手的薪資是由一家人頭公司帳戶轉帳後，進一步追出以吳男為首的人頭公司集團，經發動兩波查緝行動，逮捕吳男等十三人到案，查扣作案手機、公司大小章、存摺、提款卡、隨身碟、網銀金鑰等大批贓證物，依法移送檢方偵辦。    ,https://news.ltn.com.tw/news/society/paper/1768239
當5月嬰面吸毒 母遭查獲繼續犯,社會,2026/08/27 05:30,台中李姓女子和5個月大女兒同處一室吸食安非他命、依托咪酯菸彈，中檢依妨害幼童發育罪將她起訴。（資料照）台中一名李姓女子生下女嬰後，明知同處一室吸毒的煙霧會影響小孩身心健全和發育，仍多次不顧小孩就在身邊，照樣吸食安非他命和依托咪酯「喪屍煙彈」毒品；李女落網後，檢察官指示採集女嬰毛髮送驗，結果顯示甲基安非他命、安非他命濃度爆表，依妨害幼童發育罪將李女起訴。女嬰毛髮毒品濃度爆表 母起訴台中地檢署起訴指出，卅一歲李女去年一月生下女兒，同年六月廿九日晚上，不顧小孩當時僅出生五個月，在台中北屯區住處施用依托咪酯毒品；同月卅日凌晨，又在房內施用甲基安非他命等毒品。同年七月一日，警方持搜索票進屋扣得安非他命一包、一顆依托咪酯煙彈等物。請繼續往下閱讀...檢警並發現，李女被查獲後仍繼續吸食且販賣毒品，同年八月至九月間，仍於小孩在身旁時吸食安非他命，造成孩子吸入安非他命煙霧。警方九月二日再度持搜索票前往搜索，扣得三包甲基安非他命、磅秤、二支手機等證物。警方依檢察官指示，採集李女女兒的毛髮送驗，發現甲基安非他命濃度高達七八八〇pg/mg、安非他命濃度也達三一一pg/mg，甲基安非他命濃度超標逾十五倍。檢方依「對未滿七歲之人，以他法足以妨害其身心之健全或發育罪」起訴，因李女之前已因毒品罪判刑確定並執行完畢，但六月內再犯本案，建請法院依法加重其刑。    ,https://news.ltn.com.tw/news/society/paper/1768240
海洛因磚藏漁船冷凍艙 走私百億毒品 船長兄弟判無期,社會,2026/08/27 05:30,琉球籍「添發財38號」被查獲走私黑市價高達一百億元的海洛因磚、K他命毒品。（檢調提供）法務部調查局與新北檢方、屏東檢方，聯手破獲琉球籍「添發財三十八號」漁船走私黑市價高達一百億元的海洛因磚及K他命毒品案，屏東地院依運輸第一級毒品罪將船長許禎倫、許佳農兄弟判處無期徒刑，共犯戴聖均判十五年六月，七名漁船外籍漁工各判八年。許佳農（原名許禎哲）五年前曾駕高雄港籍「連鴻號」漁船走私九百六十二公斤K他命來台，被判刑六年定讞，卻在發監前潛逃無蹤。藏匿期間，又夥同胞兄許禎倫犯下規模更大的漁船走私毒品案，許佳農落網後直接發監。請繼續往下閱讀...檢方調查，許禎倫擔任「添號」船長，負責漁船接駁毒品；許佳農、戴男負責全案聯繫及找尋海上毒品對接船隻；疑為金主的戴聖治、劉展驛（二人通緝中）提供六百萬元前金。「添號」去年十二月從東港出發，海上接駁毒品後，將毒品藏放漁船冷凍艙深處，仍被海巡署攔截查獲，扣得一級毒品海洛因磚七百四十塊（二五九公斤）、三級毒品K他命三百四十包（三四〇公斤）。    ,https://news.ltn.com.tw/news/society/paper/1768221
閃腳踏車大媽 賓士高雄前鎮連撞路旁4車,社會,2026/08/27 01:15,連環車禍發生在前鎮保泰路。（民眾提供）高雄市前鎮區昨天（26日）深夜發生連環撞車禍，柯姓男子開賓士載陳姓女友人，在保泰路為閃避騎腳踏車62歲羅姓婦人，連撞停放路旁4輛車，羅姓婦人受傷送醫，柯男及友人輕傷拒絕就醫；確切事故原因仍待警方。前鎮分局瑞隆派出所26日夜間10點12分左右獲報，保泰路發生交通事故。據了解，23歲柯姓男子開車行經保泰路，為閃避羅姓婦人騎的腳踏車，向右接連撞擊停放路旁4輛轎車。請繼續往下閱讀...柯男指稱未與羅女發生碰撞；羅姓婦人則說，當時要從保泰路左轉保泰路269巷，曾於分隔島處停等查看左右來車後再起步，有遭柯男車輛碰撞。羅女輕微受傷，經救護人員送醫治療，幸無生命危險。警方初步調查肇事原因，柯男疑有行經無號誌路口未減速情形；羅女則疑有起步未注意並禮讓右方來車情形。詳細肇事經過及責任，仍待交通大隊分析研判。賓士撞路旁4輛車。（民眾提供）    ,https://news.ltn.com.tw/news/society/breakingnews/5553616
台南大爆炸為鑑 桃園強化易燃危險物管理、全面稽查鋁鎂工廠,社會,2026/08/26 23:40,桃園強化危險物管理，全面稽查鋁鎂工廠。（桃園市政府提供）桃園市長張善政今（26）日主持市政會議時說，桃園市2024年率先修訂「火災預防自治條例」，將易燃及危險物品儲存納管。台南日前因非法棄置鋁鎂廢料發生嚴重爆炸事故，市府將以此次事件為借鏡，主動稽查轄內是否存在非法棄置情事，納管熱點場所，防範類似事故在桃園發生。張善政指出，「火災預防自治條例」是針對易燃性物質及危險物品的儲存、管理訂定明確規範，透過制度化管理提升場所安全，近年來，工廠火災案件數已有明顯下降，不僅降低火災發生風險，也進一步保障消防人員執勤安全。此外，目前列管221處場所中，有14處大量堆置廢木材、廢塑膠的非法棄置場址，市府將會嚴加控管；另已盤點出5處涉及易燃性廢液的棄置場所，今天完成巡查並納入管理。請繼續往下閱讀...張善政提到，針對台南此次爆炸事故涉及的鋁、鎂等禁水性物質，市府已主動盤點全市7家相關工廠，本週內完成全面稽查，確實檢視危險物品的存放及管理情形；後續針對鋁鎂爐渣、集塵灰等物質，也將依「火災預防自治條例」落實防火區隔及提出防災改善方案，透過制度性納管及監督，盡可能降低事故發生機率。他說，台南事故是前車之鑑，市府一方面透過法規及制度未雨綢繆，另一方面也會將其他縣市發生的事故作為重要借鏡，主動檢討桃園是否存在類似高風險場所，及早採取必要管理措施，透過立即針對桃園市內相關工廠展開最確實的稽查工作，守護市民及消防人員安全，讓台南的案例不會在桃園發生。    ,https://news.ltn.com.tw/news/society/breakingnews/5553593
再接再厲！8/26 今彩539頭獎摃龜,社會,2026/08/26 22:07,8月26日開獎的今彩539頭獎摃龜。（本報合成）8月26日開獎的第115000207期今彩539頭獎摃龜。第115000207期今彩539中獎號碼為「13、19、23、35、38」。頭獎摃龜；貳獎共148注中獎，每注可得2萬元；參獎共5747注中獎，每注可得300元；肆獎共6萬5977注中獎，每注可得50元。請繼續往下閱讀...第115000207期39樂合彩中獎號碼為「13、19、23、35、38」。四合共1注中獎，每注可得21萬2500元；三合共132注中獎，每注可得1萬1250元；二合共6989注中獎，每注可得1125元。第115000207期3星彩中獎號碼為「432」。壹獎共61注中獎，每注可得5000元。第115000207期4星彩中獎號碼為「6339」。壹獎共14注中獎，每注可得5萬元。確切中獎號碼以台彩網站公告為主，請見「台灣彩券網站」。今彩539、39樂合彩、3星彩、4星彩中獎號碼。（擷取自台彩官網）    ,https://news.ltn.com.tw/news/society/breakingnews/5553543
女子假購物真偷竊！趁隙鑽服飾店櫃台偷錢全都錄 警火速逮人,社會,2026/08/26 20:56,曾女趁服飾店女老闆在幫她拿衣服時，偷拿櫃台的錢。（圖翻攝Threads@lynn_8831）桃園市一名女子昨（25）日下午前往中壢區延平路某服飾店佯裝購物，卻趁女老闆幫她拿衣服時，偷拿櫃台的錢，就連老闆的錢包也不放過，過程全被監視器錄下。受害店家昨晚6時許向中壢警分局中壢派出所報案，警方24小時內就鎖定犯嫌為36歲曾姓女子，今日上午通知她到案，全案依竊盜罪嫌偵辦。老闆女兒在Threads社群平台公開監視器畫面並提到，母親轉身拿衣服、挑衣服的時候，這名女子偷了店裡的錢，還鑽進櫃台偷母親錢包裡的錢。請繼續往下閱讀...對此，中壢派出所今日回應，昨晚獲報後，立即依規定受理，並同步擴大調閱監視錄影畫面，迅速掌握犯嫌身分為曾女，積極偵辦。員警鎖定曾女行蹤後，於今日上午9時許將曾女通知到案，全案訊後依竊盜罪嫌偵辦。曾女趁服飾店女老闆在幫她拿衣服時，偷拿櫃台的錢，警方24小時內鎖定她到案。（警方提供）曾女趁服飾店女老闆在幫她拿衣服時，偷拿櫃台的錢。（圖翻攝Threads@lynn_8831）    ,https://news.ltn.com.tw/news/society/breakingnews/5553388
手刀對獎！8/26 今彩539、3星彩、4星彩獎號出爐,社會,2026/08/26 20:42,今彩539、39樂合彩開獎號碼。（擷取自三立iNEWS《全民i彩券》）今天（8月26日）台彩各項開獎獎項及獎號。今彩539：13、19、23、35、38。請繼續往下閱讀...39樂合彩：13、19、23、35、38。3星彩：432。4星彩：6339。確切中獎號碼以台彩網站公告為主，請見「台灣彩券網站」。3星彩開獎號碼。（擷取自三立iNEWS《全民i彩券》）4星彩開獎號碼。（擷取自三立iNEWS《全民i彩券》）    ,https://news.ltn.com.tw/news/society/breakingnews/5553447
拄枴杖、不買菜也要賭！棋牌社藏賭博麻將 新北「第三方警政」斷生機,社會,2026/08/26 20:30,新北市警蘆洲分局今天到蘆洲一間被查獲賭博的棋牌社，強制斷水斷電，斷絕社區治安顧慮場所。（警方提供）新北市警蘆洲分局今天會同市政府公安稽查小組，到蘆洲區一間棋牌社偽裝的賭博麻將場強制斷水斷電，展現公權力掃蕩決心，而棋牌社經營人遭遇官方強勢作為，還拿出變更負責人企圖規避稽查，但公安小組出示公文、法條，指正公安小組為按址列管，無法以變更負責人規避查緝，強制斷水斷電，斷絕社區治安亂源。蘆洲警方接獲情資、7月初到蘆洲區中山一路一處棋牌社臨檢，發現該棋藝館雖合法登記租賃業，但實際上掛羊頭、賣狗肉，提供麻將牌桌等設備供不特定消費者把玩，從事法令禁止業務，藉此牟取不法利益。蘆洲分局蒐證後，當月19日前往該處查獲非法賭博行為及相關賭資，甚至發現婆婆媽媽不買菜，沉迷賭博，甚至連拄枴杖的老翁都來參一腳，警方將涉案人員依法送辦、裁處，啟動第三方警政，函請新北市政府各局處依權責裁處。請繼續往下閱讀...蘆洲警方今天會同公安小組到該處，遏止業者以合法登記掩護非法經營，蘆洲分局昨（24）日15時20分許，聯合新北市政府消防局、經濟發展局、自來水公司及台電等單位，到這間「棋藝館」依法斷水、斷電處分。執法過程中，業者企圖規避新北市「按址列管」規定，遭查處後仍企圖透過變更負責人重新營業，企以「換人繼續做」規避行政管制；公安小組明確告知，無法以變更負責人方規避既有處分，讓業者難以規避。蘆洲分局長王耀輝強調，持續掃蕩轄內衍生賭博、暴力、毒品及其他治安問題場所，精準執法；而警方半年來，共對8處養生館、棋牌社強制斷水斷電，警方針對違法事證，除依法究辦，將結合市政府啟動「第三方警政」，徹底斷絕違規營業場所，呼籲不法業者切勿心存僥倖，挑戰公權力執法底線。蘆洲分局查獲非法賭博行為及相關賭資，發現婆婆媽媽不買菜，沉迷賭博，甚至連拄枴杖的老翁都來參一腳。（警方提供）警方半年來，共對8處養生館、棋牌社強制斷水斷電。（警方提供）    ,https://news.ltn.com.tw/news/society/breakingnews/5553318
信義區變換車道起口角 荷蘭男與女駕駛老公、婆婆互毆送辦,社會,2026/08/26 20:07,荷蘭男與一家三口當街爆發拉扯互毆，轄區信義分局警方獲報火速趕抵控制現場。（記者鄭景議翻攝）荷蘭籍詹姓男子駕駛轎車搭載妻子，今日（26日）下午行經台北市信義區松高路與市府路口，因變換車道問題，與駕駛另一輛轎車的賴姓女子及其家人爆發口角，雙方隨後失控演變成肢體衝突，當街爆發拉扯互毆，造成多人身上擦挫傷，賴女的婆婆更因身體不適送醫。轄區信義分局警方獲報火速趕抵控制現場，雙方互告傷害罪，警方訊後移送台北地檢署偵辦。警方調查，今日下午3時7分許，26歲賴姓女子載著62歲婆婆李女及28歲鄧姓丈夫，開車行經信義區松高路與市府路口；同時，47歲荷蘭籍詹姓男子則載著37歲妻子行經該處。雙方車輛在行駛過程中，疑因變換車道不順爆發口角，隨後雙方氣得下車理論，不料衝突越演越烈，最終升級為當街肢體拉扯與互毆。請繼續往下閱讀...台北市警局信義分局三張犁派出所接獲110報案後，立即派遣線上巡邏警力火速馳赴現場處置。員警抵達後立刻強勢控制現場並將雙方隔離，初步檢視雙方人員均有局部擦挫傷，其中賴女的婆婆李女因肢體衝突後出現身體不適症狀，警方隨即通報119救護人員到場，由救護車送往台北醫學大學附設醫院檢查救治，所幸並無生命危險。警方隨後將涉案人員帶回派出所釐清事發經過。雙方在派出所內火氣依然未消，賴女的丈夫鄧男決定對荷蘭籍詹男提出傷害告訴；而詹男也不甘示弱，針對鄧男及李女提出傷害告訴。警方訊後將全案依涉嫌傷害罪，函送台北地檢署偵辦。信義分局特別呼籲，用路人若在道路上發生行車糾紛，應保持理性冷靜並通報警方到場處理，切勿因一時情緒激動而發生肢體衝突，以免觸法。行車糾紛打擂台！信義區外籍男遭圍攻「抱摔壓制」 女友人喊救命    ,https://news.ltn.com.tw/news/society/breakingnews/5553420
行車糾紛打擂台！信義區外籍男遭圍攻「抱摔壓制」 女友人喊救命,社會,2026/08/26 19:54,外國男的女性友人更朝向巡邏車大喊「救命啊！」驚悚畫面引發路人圍觀。（記者孫唯容攝）台北市信義區今（26）日下午3時許驚傳街頭鬥毆事件！記者現場直擊，一名外籍男子與一名台籍男子疑因行車糾紛，雙方先是下車互嗆，隨後爆發肢體衝突，一路從車旁扭打到馬路中央，外國男子的女性友人更大喊「救命啊！」畫面觸目驚心，警方巡邏車恰巧經過，立即上前將2人制止並帶回派出所製作筆錄。根據畫面內容，雙方爆發激烈衝突，外國人先朝台男揮拳，隨後台男的女性友人不甘示弱，數次推外國人肩膀，一路把戰線拉到斑馬線上，台男以身高優勢展現「抱摔」秒壓制外國男，雙方在馬路上扭打成一團，台男的女性友人更上前揮打外國男頭部，外國男的女性友人見狀衝上前質問「你為什麼打他！」巡邏車見狀立即驅車向前，外國男的女性友人更朝向巡邏車大喊「救命啊！」驚悚畫面引發路人圍觀。請繼續往下閱讀...一旁路過的阿伯補充「是外國人先動手的」，隨後警方將2人帶到一旁時台籍男子更忿忿不平大吼「是他先動手打人！」目前警方已經將雙方人馬帶回派出所釐清事發經過，均不排除提出傷害告訴，詳細衝突原因及相關責任仍待警方進一步釐清。信義區變換車道起口角 荷蘭男與女駕駛一家3人互毆送辦根據畫面內容，雙方爆發激烈衝突，外國人先是朝向台男揮拳，隨後台男的女性友人不甘示弱，數次推外國人肩膀，一路把戰線拉到斑馬線上，台男以身高優勢展現「抱摔」秒壓制外國男，雙方在馬路上扭打成一團。（記者孫唯容攝）    ,https://news.ltn.com.tw/news/society/breakingnews/5553349
疑債務糾紛徒手打死友人 台中男聲押獲准,社會,2026/08/26 19:43,台中霧峰陳姓男子疑和陳姓友人有債務糾紛，前天在霧峰住處將他徒手打死，檢察官今天下午向台中地院聲請羈押禁見獲准。（記者陳建志攝）台中市陳姓男子和陳姓友人疑有債務糾紛，24日在霧峰住處因一言不合，竟朝他拳打腳踢一頓，打到對方全身多處瘀青、傷重，送醫後不治，台中地檢署檢察官相驗後，認定陳男傷害致死罪嫌重大，今天下午向台中地院聲請羈押禁見獲准。台中地檢署25日傍晚獲報，陳姓男子（46歲）全身有多處瘀傷及傷痕，經送醫不治死亡，檢察官立即指揮霧峰分局進行追緝，逮捕涉嫌行兇的陳姓友人（44歲）。請繼續往下閱讀...檢察官訊後認被告陳男涉嫌傷害致死罪嫌重大，有相當理由認有逃亡、湮滅證據及勾串證人之虞，為確保後續偵查程序進行，認有羈押原因及必要，今天下午向台中地院聲請羈押禁見獲准。    ,https://news.ltn.com.tw/news/society/breakingnews/5553387
長達10年！北市名咖啡廳負責人偷拍20女  犯案地點遍及國內外法官重判,社會,2026/08/26 19:38,北市知名文青風咖啡廳徐姓老闆，爆出在店內廁所裝針孔設備偷拍。（圖翻攝自臉書）台北市大同區「阡日咖啡廳」負責人徐維隆，偷拍女性如廁、洗澡及更衣畫面，犯案地點除了咖啡廳，還擴及出遊投宿的國內民宿，連去日、韓都不忘偷拍同團女性友人，犯案時間近10年，共20名女子受害；徐男審理時認罪，士林地院今分依無故攝錄等共41罪，將他判處應執行5年徒刑（不得易科），及3年6月可易科罰金之刑。檢警調查發現，徐男的偷拍檔案早在2016年就開始，利用罐狀芳香劑、電動刮鬍刀外觀且具錄影功能的微型攝影機，進行偷拍行為，被害人全都未能發覺，偷拍內容包括洗澡時的正面裸體、如廁、更衣影片等。請繼續往下閱讀...他到高雄、花蓮、台東出遊時，也不忘在民宿廁所安裝針孔，偷拍同行友人，而曾到訪他租屋處的女性友人，如廁時也被偷拍；徐男赴國外旅遊時也忙著搞偷拍，偷拍地圖延伸至國外，犯案時間更久遠，曾在2014、2015年間在日本東京、韓國首爾偷拍同行友人，再將影片帶回國，上傳至Google Drive等雲端硬碟備份；他將影片分門別類保存，檔案名稱以被害人暱稱結合拍攝角度命名，包括「廁所正面」、「廁所側面」、「洗澡」、「更衣」、「NG」等。檢警去年6月5日發動搜索，在徐男經營的咖啡店查扣手機、平板、筆電、記憶卡、外接硬碟，從中查獲大批偷拍影像，法官今同步宣告沒收犯案及儲存工具iPHONE 16手機、iPad Air平板電腦、ASUS筆記型電腦、1TB外接硬碟、32GB記憶卡2張、64GB記憶卡1張等。士林地檢署今年5月起訴。徐男於士院審理時自白認罪，願意無條件賠償20位被害人每位15萬元，但大多被害人拒絕收受，表達無法原諒徐男，請求法官從重量刑，一部分女子雖接受補償金，但也表明沒有原諒徐男，不願撤回告訴。法官審酌徐男為了滿足一己私慾，利用雇主身分及員工和友人的信賴，任意於工作場所、員工旅遊住宿地點等場所，竊錄被害人的性影像，顯然欠缺對他人身體自主權及隱私權的尊重，犯案時間甚長、被害人數眾多，有些被害人於得知被偷拍後，長期處於擔憂性影像可能遭散布、外流的不安與恐懼中，多人身心受創，持續反覆出現焦慮、失眠症狀，在不知情狀況下遭長期偷拍，也產生羞恥、不安、恐懼及擔心影像外流的持續心理壓力深重，徐男造成的侵害及身心傷害皆深重，都表達不願意原諒徐男，希望法院從重量刑。法官認定徐男共犯案41起，觸犯罪名為刑法無故攝錄、重製他人性影像罪，以及刑法竊錄他人非公開活動及身體隱私部位罪，其中10件各判7月至1年4月刑期，不得易科罰金，合併應執行5年刑；其餘31罪各判5月至6月徒刑，合併應執行3年6月，可易科罰金126萬元。可上訴。法官在判決最後特地寫給被害人，法院理解被害人得知自己最私密的影像遭竊錄後，所承受的羞辱、不安與恐懼，並非一紙判決即可全然撫平，但仍盼被害人知道，無端遭受侵害，並非被害人的過錯，身體自主權和隱私權均應受到尊重，也期盼隨著時間及適當支持，被害人所受到的創傷得以逐漸緩和，重新尋回生活中的安全感與平靜。    ,https://news.ltn.com.tw/news/society/breakingnews/5553378
吳秀華家族涉弊 助理邱嘉平複訊「一問三不知」變「一直鬼扯」,社會,2026/08/26 19:27,台東縣議長助理邱嘉平上銬被借提複訊。（記者劉人瑋攝）台東縣議長、國民黨台東縣長參選人吳秀華家族參與的「東映渡假村」傳出違規開發農路超標，吳秀華的助理邱嘉平成為吳家與縣府重要窗口，被檢調以貪污罪列為被告收押禁見，今天借提偵訊。檢調認為，她從以前的「一問三不知」成了如今「一直鬼扯」，「這也算是改口了」。邱嘉平原本偵訊時都推說「不知情」，今天被上銬、戴上口罩應訊，相對先前被檢調人員說成「一問三不知」，如今認為她「全程都在鬼扯」，推稱是「單純的代轉民眾服務案詢問縣府」，檢調說，明顯想將過程輕輕帶過，但事證早就確實，就看其複訊時如何回應。請繼續往下閱讀...地檢人員私下說，依這次承辦檢察官個性、偵訊風格多走「簡明扼要」，著重在蒐證期間已可確定犯罪事實，若受偵訊卻顧左右而言他、不針對問題回答，「這位檢座會很生氣」，邱嘉平若再照此下去恐被求處重刑。邱嘉平掛名縣長吳秀華助理，但在東映渡假村環評案時，則是以吳家所屬的公司「東利開發有限公司」廠商代表身分出席，還在出席職銜上被寫下「秘書」2字，無論是縣府官員或地方、部落，多由她出面接洽，是吳家重要窗口。但特別的是，包括今天一同接受偵訊的吳慶榮在內，官員、部落不少人一致說，這些「愈是靠近吳家核心的人，態度愈是客氣」，如邱嘉平，以往詢問縣府職員土地案件態度也很友善，倒是打著吳家旗號、說「我就是吳家的人」的外圍人士，囂張跋扈的卻是不少，「吳家沒辦法節制這樣的人，核心人物負責重要業務、被檢調盯上，外圍人士卻負責敗壞吳家名聲」。    ,https://news.ltn.com.tw/news/society/breakingnews/5553341
說要養蚯蚓偷放104桶毒廢物 台中男甩鍋亡友仍判2年,社會,2026/08/26 19:13,台中高分院近日駁回潘男上訴，維持2年徒刑，仍可上訴。（資料照）台中市潘姓男子租廠房謊稱要碎木養蚯蚓，卻暗中堆放104桶有毒易燃事業廢棄物，房東因欠租提告才揭發，潘男辯稱鑰匙交人後不知情，台中高分院認定說詞矛盾，且案發至今已近5年，仍未清理現場，空言賠償不足以減刑，近日駁回上訴，維持2年徒刑。經查，潘男2021年8月間以每月6萬6000元租下台中市清水區一處廠房，向房東表示用途是養蚯蚓，沒想到承租後竟從不明處所載來大批廢棄物，趁夜間陸續搬進廠內，包含104桶有毒、易燃性事業廢棄物，還有塑膠廢料、粉狀物及營建廢棄物，數量相當驚人。請繼續往下閱讀...更諷刺的是，潘男只繳了第一個月租金後就拒絕付租，房東追討不成只好提起民事訴訟，官司勝訴後，2022年12月5日會同法院及警方到場強制執行、準備點交廠房，才赫然發現廠內早已堆滿大量廢棄物，案件由保七總隊第三大隊偵辦後，台中地檢署依違反廢棄物清理法起訴，台中地院依任意棄置有害事業廢棄物罪判處2年徒刑。潘男不服上訴，改口稱廠房原本是要和游姓友人合夥養蚯蚓，自己因遭通緝逃亡，早已把鑰匙交給游男使用，並聲稱願意負擔清除費用，希望改判無罪或從輕量刑。但台中高分院認為，廠房實際上是由潘男單獨承租，潘男直到游男死亡後才提出由對方使用廠房，前後說詞矛盾，與一般常理不符，且案件發生至今已近5年，廠內廢棄物仍未清除，不足以作為減刑理由，一審量刑並無不當，近日駁回潘男上訴，維持2年徒刑，仍可上訴。    ,https://news.ltn.com.tw/news/society/breakingnews/5553317
機油一路漏！中壢6機車騎士上班慘摔  曳引車司機公共危險送辦,社會,2026/08/26 18:54,桃園市中壢區東園路、合江路口曳引車機油一路漏，害6名騎士上班慘摔。（警方提供）桃園市中壢區東園路與合江路口今（26）日上午6時30分許發生路面漏油事故，大片機油造成6名機車騎士接連摔倒受傷，消防局第二大隊內壢分隊共調派消防人員11名、消防車1輛、救護車4輛，會同中壢警分局員警到場處理，並調閱監視器循線追查，發現漏油源頭為1輛營業曳引車。警方調查，45歲郭姓男子駕駛曳引車載運貨物，自高雄前往中壢工業區，行經事故路段，因車輛機油芯上蓋破裂，導致機油噴灑至道路，後方機車騎士經過時因路面濕滑陸續摔倒。請繼續往下閱讀...消防人員到場後，協助5男1女共6名傷者進行包紮、止血，其中，黃姓（36歲）、劉姓（60歲）男子和陳姓（54歲）女子多處擦傷送中壢天晟醫院；另徐姓（23歲）、蔡姓（26歲）、陳姓（28歲）騎士3人多處擦傷，經給予創傷處置，清洗傷口包紮止血後未送醫。警方隨後通知郭男到案說明，警訊後依公共危險罪嫌函送桃園地檢署偵辦，並依道路交通管理處罰條例第30條之1舉發，可處1000元以上、6000元以下罰鍰。中壢警分局長林鼎泰呼籲，駕駛人上路前應確實檢查車輛機件及油路系統，行駛途中若發現車輛異常或油料滲漏，應立即停靠安全處所、設置警示並通報相關單位，避免危及其他用路人安全。桃園市中壢區東園路與合江路口今（26）日上午6時30分許發生路面漏油事故。（警方提供）    ,https://news.ltn.com.tw/news/society/breakingnews/5553329
入伍3個月抓狂對長官揮拳  繼光艦女二兵汰除判刑6月,社會,2026/08/26 18:38,我國成功級繼光艦發生女兵暴行犯上。（資料照）入伍3個月海軍廖姓女二兵，因不滿中尉戰情官在女官寢室質問為何未參加會議，竟憤而向向長官胸部揮拳，長官往後迴避，在旁2名同袍見狀趨前制止，案發後廖女隨即退伍，被依違反陸海空軍刑法案件，經檢察官提起公訴，澎湖地方法院判決有期徒刑6月。判決主文指出，廖女於2023年10月入伍，在中華民國海軍成功級飛彈巡防艦「繼光艦」服役，擔任雷達二兵。2024年1月16日下午2時許，因遭中尉質疑引發其不滿，竟直接朝長官揮拳，攻擊對方胸部，中尉旋即閃避，在旁同袍目睹衝突經過上前制止。廖女此舉觸犯陸海空軍刑法第49條第1項對長官施強暴罪，被依法移送，並於案發後3天退伍，被檢方依法起訴。請繼續往下閱讀...廖女在庭訊主張，自己患有精神疾患，因此案發生在密閉船艙內，環境壓力也可能加深影響情緒，導致辨識能力顯著減低，請求予以減刑。法院委請嘉義長庚紀念醫院進行精神鑑定，鑑定結果指出，廖女原具有孤僻型人格特質，後逐漸發展為思覺失調症，並曾因環境壓力伴隨憂鬱症狀。鑑定認為，她在案發時因精神障礙，對外界刺激的理解及反應能力下降，導致衝動做出暴力行為，其辨識行為違法及依辨識而行為的能力已「顯著降低」。法官認為，廖女身為現役軍人本應服膺長官命令，卻因不適應部隊生活，對長官施暴，影響軍隊領導統御；但考量犯案時辨識行為違法的能力減低，認罪且無前科，有悔悟之心，審理後，依法判6個月有期徒刑，可上訴。    ,https://news.ltn.com.tw/news/society/breakingnews/5553320
報廢機車路上跑被警攔查  騎士棄車狂奔竟是「失聯移工」,社會,2026/08/26 18:12,越南籍移工見警攔查，嚇得棄車狂奔。（民眾提供）台中市第六分局員警前天巡邏時，發現1輛已辦理報廢登記機車竟仍行駛於道路上，員警立即依法攔查。不料騎士見警攔查竟嚇得棄車狂奔，企圖逃避查緝，警方一路追捕將人制伏，身分一查才發現，男子竟是逾期居留、失聯約1年的越南籍武姓移工。第六分局協和派出所員警當天巡經西屯區台灣大道時，發現一名男子騎乘報廢機車行駛於慢車道，立即上前示意停車受檢，未料騎士發現警方攔查後，先是神情緊張、四處張望，隨即不顧仍停放於路旁的機車，直接棄車逃逸，員警見狀立即尾隨追趕，沿途一邊喝令男子停下，一邊留意周邊車流及行人安全。請繼續往下閱讀...一陣追逐後，警方最後憑藉平日扎實的體技能訓練及執勤經驗，順利將男子攔截控制，經帶返查證身分，赫然發現他不僅騎乘報廢機車違規上路，更是已逾合法居留期限、失聯約1年的武姓越南籍移工，警方依法處理後，將武男移請移民署專勤隊後續收容及處置。第六分局表示，警方將持續落實巡邏勤務及各項交通執法工作，針對違規車輛及各類違法情事積極查處，維護交通秩序及社會治安，守護市民安全。警方最後仍將該移工攔截控制。（民眾提供）    ,https://news.ltn.com.tw/news/society/breakingnews/5553261
新北分署9/1拍賣會 保時捷、BMW名車、300坪商場都有賣,社會,2026/08/26 17:32,行政執行署新北分署定於9月1日舉行聯合拍賣會，本次拍賣會將推出由檢察機關囑託變價的保時捷及BMW高性能名車，並釋出逾300坪大型地下商場、捷運生活圈電梯大樓及低總價公寓等多項不動產標的。（新北分署提供）法務部行政執行署新北分署定於9月1日舉行聯合拍賣會，本次拍賣會將推出由檢察機關囑託變價的保時捷及BMW高性能名車，並釋出市場上極為罕見的逾300坪大型地下商場、捷運生活圈電梯大樓及低總價公寓等多項不動產標的。新北分署指出，當日上午10時由動產拍賣率先拉開序幕。最受矚目的焦點為新北地檢署偵辦組織犯罪防制條例案件所查扣的2部名車，本次均定有底價公開拍賣。領銜登場的為BMW 320I SEDAN豪華房車，該車為2018年9月出廠，里程數79005公里，是一輛兼具運動操控與日常舒適的房車。請繼續往下閱讀...同場競標的尚有保時捷（Porsche）Cayman GTS，2014年11月出廠，里程數僅47117公里，該車具有流線外型與強悍動力輸出。除性能名車外，當日上午亦同場拍賣陽信商業銀行及板信商業銀行的實體股票。同日下午3時接續辦理不動產拍賣程序。本次最吸睛的標的為坐落於新北市土城區立仁街的地下一層大型商場，該標的總坪數約339.4坪（含地下一層263.64坪、1層4.5坪、騎樓3.36坪及共用部分67.9坪），並附帶8個機械車位；該物件位處第二種商業區，本次進行第1次拍賣，底價為7800萬元，主建物於拍定後辦理點交，車位則不點交。目前現況出租給連鎖賣場穩定營運中，生活機能完善、空間寬敞且使用彈性極大。除大型商場外，亦有地段優越住宅釋出。坐落於新北市土城區樂利街33號9樓的電梯大樓住宅，步行即可快速抵達捷運海山站，周邊文教機能與生活採買一應俱全，該戶總坪數約39.5坪（含主建物約31.9坪、陽台約3.1坪、共用部分約2.2坪及增建約2.3坪），現況雖有租賃關係但拍定後辦理點交，本次為第2次拍賣，底價為1524萬5000元。另坐落於新北市中和區華順街43號1樓的公寓住宅，總坪數約20.3坪（含主建物約14.9坪、騎樓約4.7坪及增建約0.7坪），雖屋齡達50年，但位於成熟生活圈且擁有1樓進出便利性，本次進行第3拍，底價僅824萬元，入手門檻親民。同場亦有多筆坐落於新北市板橋、樹林、中和及土城等行政區的土地同步開標。新北分署指出，有意願購買車輛的民眾，可於拍賣當日上午9時10分起至40分止，於新北分署地下4樓V6停車格觀覽車輛，登記應買時間為上午9時30分起至10時止。    ,https://news.ltn.com.tw/news/society/breakingnews/5553193
「二維條碼」車手！8萬贓款換點數  跑超商3趟賺80元下場曝,社會,2026/08/26 17:27,李男擔任二維條碼車手，忙了老半天才賺80元，下場是重判1年4月，併科罰金1萬5000元。示意圖。（記者顏宏駿攝）李男以詐團提供的受害者數位帳戶二維條碼，到超商買遊戲點數，每換10萬可獲得報酬100元。今年3月8日他取得家住彰化的劉姓被害人帳戶二維條碼，迅速購買8萬元的遊戲點數不久就落網。若依他跟詐團的約定，換8萬元只能獲得80元的報酬。該案經彰化地院審理，李男被判處1年4月徒刑，併科1萬5千元的罰金。根據判決書，在花蓮擔任石材切削工的李男之前曾因擔任詐騙車手，被判處8月徒刑，出獄後，今年3月初又透過Telegram加入暱稱「吉米」、「小小財神」的詐騙集團。他所屬的詐團，在網路刊登商品販賣的假廣告，買家上門後，以話術說服對方，用「實名認證」，交付銀行帳戶的二維條碼。請繼續往下閱讀...彰化一名劉姓買家看到詐團刊登的「旅行吊牌」的不實廣告，由於PO出的旅行吊牌相當吸睛，吸引買家上鉤，詐團以沒收到付款為由，要求劉男提供帳戶二維條碼扣款，被害人因此交出自己的帳戶二維條碼，後來不僅沒收到貨，帳戶裡僅存的8萬元也被扣光。判決書指出，詐團取得劉男的二維條碼後，迅速PO到群組，李男拿著被害人的二維條碼，到花蓮3間超商換取遊戲點數。從下午1點忙到2點多，跑了3間超商，共買8萬元的遊戲點數，隨即將點數序號回傳給詐騙群組。以李男跟詐騙集團的約定，3筆交易8萬元只能賺80元，被害人發現帳戶餘額扣光後，立即報警，警方發現銀行數位條碼交易出現在花蓮的超商，透過監視器迅速鎖定李男，將其逮捕到案。法院審酌被告於2024年間即曾因犯加重詐欺罪經法院判處罪刑確定，明知詐欺集團對社會治安及交易安全危害甚鉅，卻仍為貪圖利益擔任車手，量處有期徒刑1年4月，並併科罰金1萬5000元。    ,https://news.ltn.com.tw/news/society/breakingnews/5553210
兒保失靈！10歲女童疑遭猥褻拖240天未安置 北市社會局稱已啟動司法保護安置,社會,2026/08/26 16:55,北市社會局嚴正駁斥議員不實說法，並說明，從接獲通報至今年8月，針對案家累計進行訪視、密集聯繫及服務，一共714次，安置與否也是依「兒童權利公約」來評判，也由於兒少保護是持續滾動修正的工作，經再次專業評估，目前已依程序啟動司法保護安置作業。（記者孫唯容攝）民進黨台北市議員許淑華、議員參選人馬郁雯今（26日）日召開記者會揭露，北市一名有身心障礙的母親，長期在家裡從事性交易，客人竟性猥褻其10歲女兒，事件發生已經過了240天，該名女童仍未完成安置。對此，北市社會局嚴正駁斥議員不實說法，並說明，從接獲通報至今年8月，針對案家累計進行訪視、密集聯繫及服務，一共714次，安置與否也是依「兒童權利公約」來評判，由於兒少保護是持續滾動修正的工作，經再次專業評估，目前已依程序啟動司法保護安置作業。社會局指出，本案自去年12月底接獲通報後，第一時間家防中心及教育局等相關單位立即介入，啟動跨網絡討論安全計畫，即刻阻隔風險，杜絕女童繼續受害，後續追蹤也確認未再次發生。請繼續往下閱讀...同時，警察局在接獲報案後，考量報案人狀況及經專業評估，隨即進入減少重複陳述方案流程，由婦幼隊在第一時間報請北檢指揮偵辦，並由檢察官親自問訊，後續也由社工及專家證人陪同完成偵訊，積極確保案件偵辦及女童權益與安全。社會局表示，自本案接獲通報至今年8月，針對案家累計進行訪視、密集聯繫及服務，一共714次，包含訪視關懷、經濟補助、司法資源、安全環境維護演練、居家環境改善、身心輔導等，均積極面對、即時處置。除家防中心及社區網絡公私協力支持外，更整合跨網絡資源一同協助，包含少年服務中心、身資中心、兒少家庭處遇輔導，面訪近二百次，並依個別兒少及司法服務需求進行分工，由不同專業人員共同提供協助及服務，絕非議員所指沒有專業訓練第三人介入，且本案非單一單位介入協助，各個單位皆為專業，共同介入，包含少年服務中心、身資中心、家庭處遇輔導單位等單位提供專業服務以及督導，社工服務專業不容議員抹殺 。針對安置問題，社會局指出，依據中央衛生福利部自103年起推動之兒少保護結構化決策模式（SDM），並依據《兒童權利公約》兒童最佳利益原則，以及兒童意願、兒童與父母不任意分離原則，安置並非唯一處理方式，分離應作為最後手段；依照全國一致標準，經綜合評估後，採取即刻阻斷方案、強化安全維護及密集服務等保護措施，並持續依風險變化滾動評估，以確保兒少安全。兒少保護是持續滾動修正的工作，並非一次評估後即不再調整，本案社會局持續關心女童狀況，對於女童安全及壓力照顧需求，經再次專業評估，目前已依程序啟動司法保護安置作業，將安排女童至社福機構接受照顧，並持續確保女童身心狀況穩定，提供必要照顧及保護。社會局也強調，所有處遇皆符合全國一致流程，議員所指相關內容並非事實，有關長女遭受性侵說法，更是嚴重錯誤；相關女童錄音檔亦是片面截取，完整錄音檔內容中，女童則明確表達不願被安置，但卻遭惡意剪輯及刪除，誤導社會大眾。社會局嚴正強調，任何發言均應以完整事實為基礎、以事實為本，任何人更不該在兒少保護上進行政治操作，避免造成兒少二度傷害，呼籲議員尊重兒少保護社工之評估與處遇專業。    ,https://news.ltn.com.tw/news/society/breakingnews/5553100
基隆熱炒店包商遭酒瓶砸死 檢認定酒客「傷害致死」起訴,社會,2026/08/26 16:54,基隆市李姓男子今年5月間在熱炒店內，持酒瓶砸李姓包商頭部時，酒瓶碎片刺傷李姓包商左頸部致死，被檢方傷害致死罪嫌起訴。（檔案照）基隆地檢署偵辦基隆市信義區培德路熱炒店酒客衝突命案，查出李姓男子與比年長他2歲的李姓包商有債務糾紛，雙方起口角後，李嫌持酒瓶砸李姓包商頭部時，酒瓶碎片刺傷李姓包商左頸部，致頸部大血管破裂出血死亡，認定李嫌涉犯傷害致死罪，將依國民法官法進行審理。檢方調查，56歲的李嫌與58歲的李姓包商有債務糾紛，今年5月6日晚間8時許，見對方與前妻在熱炒店用餐，遂找來楊姓友人前往談判，雙方在熱炒店2樓爆發劇烈口角及肢體衝突。請繼續往下閱讀...衝突過程中，李男持現場撿起的玻璃酒瓶不斷砸擊被害人，朝被害人砸擊頭部時，酒瓶當場破裂，尖銳碎片刺穿被害人左頸部大血管，導致被害人大量失血休克，送醫搶救後不治。檢方認定，雙方僅有債務糾紛，李嫌在酒瓶破裂刺傷被害人後即主動停手離去，未有繼續持兇器追擊等行為，難認主觀上有殺意，不構成殺人罪，依傷害致死罪對李嫌提起公訴。基檢表示，由於本案屬於「故意犯罪因而發生死亡結果」之重大刑事案件，全案將依「國民法官法」規定，移由基隆地方法院由國民法官與法官共同審理。☆飲酒過量  有害健康  禁止酒駕☆    ,https://news.ltn.com.tw/news/society/breakingnews/5553149
台中離譜媽在家裡狂吸毒  5月大女嬰安非他命濃度爆表,社會,2026/08/26 16:45,台中李姓女子和5個月大女兒同處一室吸食安非他命、依托咪酯煙彈，中檢依妨害幼童發育罪將她起訴。（記者陳建志攝）台中一名李姓女子（31歲）2025年1月生下1名女嬰，李女明知同處一室吸毒的煙霧會影響小孩的身心健全和發育，竟在同年6月和8至9月間，多次不顧小孩就在身邊，吸食安非他命和依托咪酯煙彈，直到被檢警查獲，檢察官指示採集女嬰的毛髮送驗，結果呈現甲基安非他命濃度7880pg/mg、安非他命濃度311pg/mg，依對於未滿7歲之人，以他法足以妨害其身心之健全或發育罪將李女起訴。中檢起訴指稱，李姓女子（31歲）的小孩2025年1月出生，李女明知在密閉空間吸食毒品，將導致在場的未成年人吸入毒品煙霧，進而妨害其身心健全或發育，竟不顧小孩當時僅出生5個月，於同年6月29日晚上9點多，在台中北屯區住處內，以電子煙加熱煙霧方式，施用依托咪酯毒品。請繼續往下閱讀...接著同年月30日凌晨0點48分，又在房子內以打火機燒烤，施用甲基安非他命毒品，造成女嬰吸入第二級毒品依托咪酯、甲基安非他命的煙霧。直到同年7月1日警方持搜索票進屋扣得安非他命1包（毛重0.58公克）、含有安非他命吸食器1組、依托咪酯煙彈1個、電子煙桿1組等證物，才得知此事。檢警並發現，李女被查獲後仍繼續吸食且販賣毒品，在2025年8月至9月2日間，於不詳地點，當小孩在身旁時，吸食安非他命，造成小孩吸入安非他命煙霧。警方並在9月2日下午2點，再度持搜索票前往北屯屋內搜索，扣得甲基安非他命3包、磅秤1台、手機2支等證物。警方依檢察官指示，採集李女小孩的毛髮送驗，結果呈現甲基安非他命濃度7880pg/mg、安非他命濃度311pg/mg，依對於未滿7歲之人，以他法足以妨害其身心之健全或發育罪起訴，因之前毒品罪判刑確定並執行完畢，但6月內即再犯本案，檢方建請法院依法加重其刑。    ,https://news.ltn.com.tw/news/society/breakingnews/5553109
香港律師想把英澳資格寫進執照遭拒 法院：須證明當地執業5年,社會,2026/08/26 16:38,台北高等行政法院。（資料照）香港律師簡汝謙已取得我國外國法事務律師執業許可，後續主張自己同時具有英國、澳洲律師資格，向法務部申請在執業許可證上加註英國及澳洲為原資格國，卻遭駁回。簡提起行政訴訟主張，自己從事英澳法律工作逾10年，應符合資格；但台北高等行政法院認為，他無法證明曾在英國、澳洲當地執業5年以上，因此判決敗訴。可上訴。判決指出，簡汝謙原先取得法務部核發的外國法事務律師執業許可證，原資格國為香港，許可執行香港法律事務。簡男於今年3月及4月向法務部提出申請，希望在執業許可證的「原資格國（地區）」欄位增列英國及澳洲，但法務部認定不符規定而予以否准。請繼續往下閱讀...簡汝謙認為，只要在取得律師資格的司法管轄區法律領域實際執業滿5年以上即可，不以必須在當地執業為限；自己已取得英國及澳洲律師資格，並從事相關法律工作逾10年，也提出未受懲戒證明，應符合加註資格。法務部認為，律師法116條第1款前段規定，在原資格國執業5年以上，是指外國律師須於其取得外國律師資格之國家地區執業5年以上；後段放寬限制部分，則是指外國律師至少應在其取得外國律師資格國家或地區執業3年；於其他國家、地區執行法務經驗，可計入執業期間僅以2年為限。法院審酌，簡男提出的英國及澳洲律師執業證書，只能證明其具備在當地執業資格，無法證明曾實際在英國、澳洲執行律師業務；未受懲戒證明亦僅能證明其未受處分。至於香港律師事務所出具證明，雖可證明他長期在香港提供英澳民商事法律服務，但仍不足以證明曾在英國或澳洲當地執業。法院認為，律師法所稱「在原資格國執業5年以上」，依文義應指在原資格國當地執業。簡男未能提出在英國、澳洲執業5年以上的證據，自不符合加註原資格國的法定要件。法務部駁回其申請並無違誤，因此判決駁回其訴訟。全案仍可上訴。    ,https://news.ltn.com.tw/news/society/breakingnews/5553043
強拉民代女助理摸下體判2年 員山鄉代主席林子凱喊冤要上訴,社會,2026/08/26 16:18,宜蘭員山鄉代會主席林子凱涉強制猥褻判2年，強調被設局「仙人跳」將上訴。（擷取自林子凱臉書）宜蘭縣員山鄉民代表會無黨籍主席林子凱，被控在副主席任內，深夜藉酒意邀約某民代女助理外出，卻將人帶往服務處二樓，違反女方意願，自行脫衣並強拉觸摸下體，甚至壓頭要求口交。宜蘭地院審理後認定強制猥褻犯行明確，今天判處有期徒刑2年。林子凱親自喊冤，強調自己「被陷害、被設局」，更直指是「仙人跳」，將提上訴爭取清白。林子凱受訪時強烈否認犯案，主張A女早知道他的政治人物身分，整起事件就是有計畫設局，目的在向他索取金錢。他質疑，案件發生多年，卻在選舉關鍵時刻被拿出來，時間點太過巧合，懷疑有人刻意操作、打擊選情，「就是要讓我選舉難看」，對一審結果無法接受，「我一定會上訴！」請繼續往下閱讀...判決指出，2023年9月13日凌晨，A女透過LINE向林子凱祝賀生日，林隨後以喝醉、心情不好為由邀她外出，開車將人接走先去附近河堤，因遭摸肚子後，A女為找地方保持距離，提議到林位於員山鄉永同路服務處，2人上到無人的二樓後，林又開始觸摸A女，遭撥手拒絕後，竟脫去衣褲並強行擁抱。A女證稱，她數度掙脫、要求林停止，林仍脫下內褲躺在沙發，拉住她雙手觸摸下體，還壓住她的頭要求口交；遭拒後，又要求A女以手摩擦其生殖器。A女因害怕、只想趕快結束，最後依其要求為之。事後林恢復理智頻頻道歉，並替她叫計程車返家。法院調查，A女案發後情緒明顯異常，向友人說明經過時哭泣，後由友人協助撥打113求助，社工隨即介入；案發超過1年，她仍因情緒低落、睡眠等問題就醫，並有急性壓力反應等情形。另有一項關鍵證據，A女曾畫出林子凱下體「入珠」的數量及排列位置，法院函請醫院鑑定，確認林下體確有6顆入珠，且分布位置與A女所繪圖樣高度近似。法院認為，若A女未曾親眼看見或接觸，難以描述如此具體。林子凱審理時則辯稱，2人在服務處確有擁抱、接吻，但屬兩情相悅，A女甚至曾主動隔著內褲觸摸其下體；辯方也質疑A女未立即報警，離開前還收下柚子及1000元車資，返家後也曾傳訊報平安。合議庭認為，性侵害案件具有隱密性，不能因被害人未立即報警或案後仍有互動，就推論性侵害未發生；綜合A女陳述、入珠鑑定及案後身心反應等證據，足以相互補強，未採信林子凱兩情相悅的說法，依強制猥褻罪判刑2年。林子凱則堅稱遭人設局，將依法上訴。    ,https://news.ltn.com.tw/news/society/breakingnews/5553048
調查局專員不滿鄰居製造噪音  「集音器」蒐證反挨告判賠確定,社會,2026/08/26 16:14,集音器示意圖。（資料照）法務部調查局黃姓專員與許姓妻子，不滿樓上薛姓鄰居發出噪音，在自家天花板裝設具有聲音集中、放大功能的「集音器」及錄音設備，長達17個月蒐集樓上聲響，連薛男與配偶在家中的對話、生活聲音都被錄下。薛男提告求償157萬餘元，一審判黃姓夫妻連帶賠償25萬元；夫妻不服上訴，高等法院今駁回，認定錄音已超出合理蒐證手段、侵害隱私權，全案確定。判決指出，薛男住在大安區1棟大樓7樓，黃男與許女則住在6樓。黃、許2人自2021年7月3日至2022年11月24日間，在住處天花板安裝集音器及錄音設備，除設備沒電外，幾乎持續錄音，並錄到薛男與配偶間的對話及日常生活聲響。請繼續往下閱讀...薛男認為隱私權遭嚴重侵害，提起民事訴訟求償157萬3000元。一審台北地院判黃、許2人應連帶賠償25萬元，其餘請求駁回；薛男未上訴，黃、許2人則針對敗訴部分提起上訴。高院認為，個人對居住空間內的談話及私人生活動態，享有不受他人侵擾或窺探的自由，而集音器具有集中、放大聲音的功能，黃、許2人透過設備持續錄到薛男一家人的談話及生活聲響，已構成不法侵害隱私權。黃男、許女主張裝設設備是為了蒐集樓上噪音證據，不過高院指出，2人2021年7月即開始錄音，直到隔年1月才首次向薛男反映噪音，期間也未向環保局檢舉、報警或向其他住戶查證，對於蒐證說法難以採信。高院指出，2人持續錄音長達17個月，即使已知道設備能錄到鄰居對話，仍未停止或改採其他合理方式蒐證，即使蒐集噪音證據的動機屬實，也已明顯超出合理手段、違反比例原則。高院駁回上訴，維持連帶賠償25萬元判決，全案確定。    ,https://news.ltn.com.tw/news/society/breakingnews/5553010
高雄博田醫院爆醫材業務員協助手術5人起訴 院方：未接到起訴書,社會,2026/08/26 16:07,博田醫院爆手術室醫材業務員協助手術5人起訴，博田回應尚未接到起訴書。（民眾提供）高雄市博田國際醫院涉讓廠商進入手術房協助，院長謝榮豪被控涉放任不具醫師資格的醫療器材廠商業務員，進入手術室協助測量連結桿、操作機械手臂定位器、攪拌骨水泥，違法執行醫療核心業務，依違反醫師法未取得合法醫師資格，擅自執行醫療業務罪嫌起訴5人，醫院回應尚未接獲起訴書，目前正副院長如常看診。起訴書指出，謝榮豪於2023年10月5日執刀進行椎間盤切除手術時，竟由不具醫師資格之鄭姓醫療廠商立於手術檯，使用醫療器材比對、量測連接桿所需長度，蕭姓副院長也於同日執刀進行全膝關節置換手術時，由不具醫師資格之洪姓工程師立於手術檯，遞交機械手臂定位器予蕭、扶持定位器固定病患鋼釘及觸碰抽吸管。請繼續往下閱讀...博田醫院今（26）日回應強調，醫院絕對沒有違反涉嫌醫師法的行為，未來交由司法判斷，院方和正副院長均未接到正式的起訴書，目前的看診如常，待收到正式的起訴書，會再正式對外說明。據了解，謝榮豪當時遭指控時曾透過社群澄清，該手術全部困難的步驟他都完成了，因為流血也多需要術中加壓止血穩定一下，才趁空檔請護理師和廠商量一下連接橫桿的長度，否認有違反法規行為。    ,https://news.ltn.com.tw/news/society/breakingnews/5553031
新手媽產後焦慮、憂鬱症復發  滿月女兒哭鬧悶死她判緩刑,社會,2026/08/26 16:05,產後焦慮、憂鬱症復發，陳姓新手媽失控悶死哭鬧女嬰，屏東地院認為有情堪憫恕之處，給予緩刑機會。（記者李立法攝）初為人母的陳姓女子因雙親相繼離世，身心備受打擊，加上剛出生的女嬰又出現新生兒暫時性呼吸過速症狀，出院後不堪女兒哭鬧不停，使得產後焦慮、憂鬱症復發的陳女一時失控，親手悶死剛出生1個月的女兒，屏東地院審理後，認為有情堪憫恕之處，酌減其刑後，今天依成年人故意對兒童犯殺人罪判處陳女2年徒刑，因考量其身心狀況，予以緩刑5年，可上訴。檢方調查，陳女長期獨力照護肝功能異常父親與失智症母親，因而罹患泛焦慮症、自律神經失調及重度憂鬱症，不料雙親卻相繼離世，使得陳女身心備受打擊。2024年6月，陳女產下女嬰，卻出現新生兒暫時性呼吸過速症狀，經住院治療5天後，將女兒帶回家照料。請繼續往下閱讀...陳女產後護理期間，對女兒健康格外關注，尤為擔憂是否會出現肌張力過高或腦性麻痺等發展性問題，因女嬰頻繁哭鬧，且有臀部紅疹，陳女反覆進行餵奶、拍嗝、清理排泄物、沖洗臀部、塗抹紅臀藥膏及更換尿布等照護行為，導致身心俱感疲憊。2024年7月間，女嬰哭鬧難以安撫，這位身心承受已達臨界點的新手媽媽，竟以保鮮膜摀蓋女嬰嘴巴，再覆蓋棉被，直到女嬰不再發出聲響，等到她掀開棉被後，才發現女嬰口鼻滲血，陳女驚覺鑄下大錯，緊急通報護理人員協助救治，經送醫搶救仍回天乏術，檢方偵辦後依成年人故意對兒童犯殺人罪起訴陳女。屏東地院審理後，認為陳女犯行有情堪憫恕之處，酌減其刑後，今天依成年人故意對兒童犯殺人罪判她2年徒刑，因考量其身心狀況，予以緩刑5年，緩刑期間付管束保護，並完成加害人處遇計畫。    ,https://news.ltn.com.tw/news/society/breakingnews/5553040
呂姓仕紳性騷擾遭起訴 黃世杰譴責：身體界線不容侵犯,社會,2026/08/26 15:53,民進黨桃園市長參選人黃世杰的女助理（左），於餐會時遭八德區呂男肢體性騷。（資料照，記者鄭淑婷翻攝）民進黨桃園市長參選人黃世杰隨行女助理，今年6月間在八德區1場餐會活動，被60歲呂姓地方仕紳肢體性騷，桃園地檢署近日依違反性騷擾防治法將呂男起訴，黃世杰對此表示，無論在職場或任何場合，都不應容許性騷擾發生，這樣的立場至今沒有改變。黃世杰說，感謝司法機關積極調查、依法處理，也尊重後續法院審理；事件發生第一時間，他就表明此事已踩到自己所堅守的價值底線，他非常敬佩女助理願意勇敢站出來報案、面對後續司法程序，這並不是一件容易的事，希望她的勇氣，能讓更多遭遇類似情況的人知道「不必選擇沉默」。請繼續往下閱讀...黃世杰強調，第一線政治工作者經常需要出入各種公開場合、與不同人士接觸，但這絕不代表任何人可以藉著敬酒、寒暄或社交場合的名義，跨越身體自主的界線，「跑行程是工作，不代表必須忍受不舒服的碰觸；維持禮貌，更不代表可以被侵犯」，希望這起案件，除了讓不當行為受到應有的法律檢視，也能讓社會更加重視第一線工作者的安全與尊嚴、尊重每一個人的身體界線。    ,https://news.ltn.com.tw/news/society/breakingnews/5553017
囂張！田尾驚見砂輪機雨衣賊 1晚連偷2廟,社會,2026/08/26 15:40,彰化田尾、永靖兩土地公廟，25凌晨1時連夜遭竊，兩案手法與「雨衣賊」持砂輪機（紅圈處）破壞鎖頭方式如出一轍。（圖由民眾提供）彰化縣田尾鄉25日驚傳「砂輪機雨衣賊」囂張行竊土地公廟，不料隔壁鄉鎮的永靖鄉湳港村慶福宮也傳出同樣遭殃！25日中午，廟方從得知鄰近宮廟被偷，趕緊通知廟婆加強戒備，沒想到趕到現場才發現，功德箱早已被洗劫一空，損失4、5000元，由於兩案手法如出一轍，廟方研判可能是同一人所為，也讓附近宮廟人人自危。慶福宮劉姓委員表示，昨天上午看到田尾鄉民代表張勝彬在臉書分享興福宮失竊消息，由於2間宮廟距離不遠，擔心竊賊流竄犯案，立刻通知廟婆提高警覺。沒想到廟婆一到廟裡，就發現廟門鎖頭遭破壞，再往內查看，功德箱鐵鎖也被機具割斷，箱內香油錢早已被搜刮一空。請繼續往下閱讀...廟方調閱監視器發現，竊賊約在凌晨1時40分闖入，進入廟內後迅速破壞功德箱，整個行竊過程不到5分鐘，而興福宮則在凌晨1時54分遭竊。廟方認為，2起案件時間接近，竊賊都是使用砂輪機割斷鎖頭，犯案手法幾乎相同，懷疑就是同1名「雨衣賊」沿路搜刮宮廟。劉委員說，更令人髮指的是，竊賊犯案時，廟內土地公神像距離他不到3公尺，他卻毫無畏懼，照樣在神明面前做壞事，現在又是農曆7月，「夜路走多總會遇到鬼」，遲早會有報應。廟方已報警處理，附近宮廟也紛紛加強防範，避免成為下一個受害者。永靖鄉湳港村慶福宮的鎖頭疑遭砂輪機割斷。（圖由民眾提供）永靖鄉湳港村慶福宮的功德箱遭竊。（圖由民眾提供）    ,https://news.ltn.com.tw/news/society/breakingnews/5552976
大逆轉！名牌包抵費惹惱伴遊女 黑幫大哥囚禁性侵2櫻花妹不起訴,社會,2026/08/26 15:32,檢察官偵訊後，該案屬於民事債務糾紛，認定吳男罪嫌不足，予以不起訴處分。（記者吳昇儒攝）竹聯幫戰堂吳姓大哥去年8月被2名日籍女子控訴，被拐來台後，慘遭扣押護照軟禁並被性侵拍下不雅影像。2女返國後透過日台交流協會，指控吳男惡行。檢察官調查發現案情大逆轉，2女是以伴遊兼性交易名義來台，僅因吳男拿名牌包折抵伴遊費引發2人不愉快，故予以吳男不起訴處分。日籍的S女及K女指控，2人抵達台灣時，被強行反鎖在吳男房內，並沒收護照，還恐嚇不配合性交就賣到聲色場所，就連行李箱內的日圓，也遭吳男取走。請繼續往下閱讀...檢警調查後卻發現，日籍K女早於去年8月1日前，就透過微信與吳男聯繫，並約定「三天兩夜百萬日圓，要每天作愛」，且2女來台時可自由使用手機、出入房間，與「私行拘禁」的控訴完全不符。另還原吳男手機後發現，雙方是相約來台伴遊兼性交易；雖有在吳男手機中找到9部性交影片，但卻發現女方主動配合，沒有被強迫情形。另一名日籍女子僅有單方指控遭到性侵，卻無相關證據，也無驗傷單。仔細追查雙方對話得知，因2女來台名義是伴遊，吳男須支付高額伴遊費，但付款時卻稱領現金支付有困難，隨手送了2女香奈兒、GUCCI名牌包及Labubu玩偶，且以服務時間不足，主張用名牌包抵伴遊費，引起對方不滿，返日後串聯指控吳男涉嫌強姦與偷錢。檢察官偵訊後，該案屬於民事債務糾紛，認定吳男罪嫌不足，予以不起訴處分。此外，檢察官在偵辦該案時，卻發現案外案。2名伴遊女子回國後，吳男竟當起馬夫，載另一名I姓日籍女子來台賣淫，該名日女2天跑遍高級汽車旅館及溫泉飯店，賣淫不法所得近百萬日圓；法官認定吳男觸犯妨害風化罪，判處有期徒刑5月，得易科罰金15萬元。    ,https://news.ltn.com.tw/news/society/breakingnews/5552950
撞倒機車急扶正裝沒事！ 漏撿1頂安全帽讓她肇逃露餡,社會,2026/08/26 15:22,休旅車轉彎時撞倒機車。（民眾提供）台中市王姓女子駕車行經南區一處巷弄時，不慎擦撞路旁停放機車，撞擊瞬間車上兩頂安全帽散落一地，她見狀趕緊下車扶起機車，隨後撿起一頂安全帽放回後離去，沒想到百密一疏，現場竟留下另頂滾落地面的安全帽露餡，警方調閱監視器後不到1小時便將她揪出，開單舉發並吊扣駕照1個月。台中市警三分局交通分隊24日下午接獲楊姓女子報案，表示辦完事返回南區五權南路巷弄取車時，赫然發現機車疑遭撞，車身出現多處損傷，原放在機車上兩頂安全帽也有一頂掉落在地，立即報警處理。請繼續往下閱讀...警方到場後隨即調閱周邊監視器，果然發現一輛休旅車行經巷口時，疑轉彎不慎直接擦撞路旁機車，讓車上兩頂安全帽瞬間飛落，令人啼笑皆非的是，王女發現闖禍後先將倒地機車扶正，接著撿起其中一頂安全帽，隨後迅速開車離去，另一頂安全帽仍孤零零躺在地面，成了還原案情的重要線索。員警透過監視器畫面追查很快便鎖定王女，並在不到1小時內通知到案說明，王女坦承當撞倒機車，表示因急著載家人出門，認為車損似乎不嚴重，才心存僥倖離開現場；警方表示，發生交通事故後若未依規定處置便離開，可處1000元以上、3000元以下罰鍰，並吊扣駕駛執照1個月，提醒民眾若發生交通事故，即使無人受傷、車損看似輕微，也應立即停車、主動聯繫車主或報警處理，切勿抱持僥倖心態逕自離去。休旅車女駕駛未報案反逕自離開。（民眾提供）    ,https://news.ltn.com.tw/news/society/breakingnews/5552963
直撞3車！基隆休旅車「突偏右撞毀車頭」 母嚇壞：要讓10歲女兒下車,社會,2026/08/26 15:16,李姓女子駕駛BMW X3黑色休旅車，行經六和街、月眉路口時，失控自撞路旁2輛轎車與1台機車，致車頭嚴重受損，還好母女僅受驚嚇與輕微不適，送醫救治後，均無生命危險。（記者林嘉東翻攝）基隆市李姓女子今天（26日）上午駕駛BMW X3休旅車載著10歲女兒，行經基隆市信義區六和街、月眉路口時，失控自撞路旁2輛轎車與1台機車；由於撞擊力道猛，李女駕駛的轎車頭嚴重受損，還好母女僅受驚嚇與輕微不適，送醫救治後，均無生命危險。基隆市消防局今天上午9時許獲報，基隆市六和街、月眉路口發生一起交通事故，消防隊員趕抵時，肇事的45歲李姓女子與車上10歲女童表示身體不適；經消防隊員檢視後，將2人送往三軍總醫院基隆分院正榮院區檢查，所幸2人僅受驚嚇，無生命危險。請繼續往下閱讀...轄區基隆市警二分局東光派出所警員趕抵，見李女僅受驚嚇，隨即替她進行呼氣酒精測試，測得酒測值為0，並確認李女無毒駕。警方調查，事故當時，李女駕車沿六和街開往東光路方向，行經肇事路口時，原本要在月眉路口讓女兒下車，卻提前往右，失控擦撞路旁2車，她自己也嚇一跳。至於整起事故原因，有待交通隊員繪圖採證，並調閱周邊監視器畫面，釐清車輛失控原因。    ,https://news.ltn.com.tw/news/society/breakingnews/5552953
男遭警壓制後死亡！父控執法過當求國賠659萬 二審仍敗訴,社會,2026/08/26 15:12,一名吳姓男子2020年間在新北市新莊區一間檳榔攤內咆哮，警方到場後對他噴灑辣椒水並壓制，吳男送醫後因橫紋肌溶解症、急性呼吸衰竭等症狀，9天後死亡，吳父認為警方執法過當，求償659萬餘元，高等法院今駁回上訴，維持敗訴判決。（資料照）一名吳姓男子2020年間在新北市新莊區一間檳榔攤內咆哮，警方到場後對他噴灑辣椒水並壓制，吳男送醫後因橫紋肌溶解症、急性呼吸衰竭等症狀，9天後死亡，吳父認為警方執法過當，向新北市政府警察局新莊分局求償659萬餘元，一審敗訴後提起上訴；高等法院今駁回上訴，認定警方當時採取管束、壓制及強制送醫均有必要。吳父主張，兒子2020年3月2日下午在新莊區化成路一間檳榔攤內咆哮，頭前派出所多名員警獲報到場，先朝吳男噴灑辣椒水，再將他拖至店外壓制、反銬。吳父指控，吳男已無反抗能力，員警仍持續以坐、跪等方式重壓其身體約10分鐘，導致他休克昏迷、到院前心跳停止，最終於同月11日死亡，認為警方執行職務具有過失，請求國賠659萬1498元。請繼續往下閱讀...高院認為，依證人證述及警方錄影，吳男案發時精神狀態異常，在檳榔攤內持續咆哮、大吼，經警方柔性勸導仍不願離開，店內又有檳榔刀、煙灰缸等可能作為攻擊器具的物品；警方告知實施保護管束後，才噴灑辣椒水並將他拖至店外壓制上銬，若未立即控制，可能危及店家、員警及吳男自身安全，因此相關處置並無不當。高院指出，吳男上銬後仍持續辱罵、掙扎、企圖翻身，甚至有以頭撞地的舉動，警方在等待救護車期間持續壓制具有必要性。期間員警也曾頂起其額頭避免呼吸困難，並讓他坐起確認呼吸狀況；救護人員到場時，吳男仍有意識且能說話，消防員也證稱，上救護車前生命跡象仍屬穩定。法醫研究所解剖鑑定指出，吳男沒有致命外傷，案發當天已有高燒及行為異常，符合「瞻妄性興奮」狀態，警方壓制屬防制過程，並非引發瞻妄性興奮的原因，研判吳男最後因代謝性衰竭及中樞神經休克死亡。高院另函詢台大醫學院，鑑定認為，興奮性瞻妄患者若遭趴臥及背後重壓，確實可能增加酸血症惡化、休克甚至心跳停止的風險，但警方噴灑辣椒水與吳男休克、昏迷及後續疾病並無因果關係。高院認為，吳男當時雖處於興奮性瞻妄的特殊狀態，背後重壓可能增加休克風險，但員警並無醫療專業知識，無從判斷其特殊身體狀況，難認具有應注意而未注意或可預見結果發生的故意、過失，因此駁回吳父上訴，維持一審敗訴結果。    ,https://news.ltn.com.tw/news/society/breakingnews/5552949
人頭公司洗錢逾36億 警破博弈、詐團金流網逮13人,社會,2026/08/26 15:07,警方查扣作案手機、公司大小章、存摺、提款卡、隨身碟、網銀金鑰等大批贓證物。（記者邱俊福翻攝）29歲吳姓男子為首的不法集團，涉嫌設立9家人頭公司後，申請28個公司帳戶，主要提供博弈賭博網站進出賭資使用外，還涉及協助「假投資」詐騙集團車手發放薪資，牟取暴利；刑事警察局偵七大隊第二隊至上月共發動2波查緝行動，逮捕吳男，以及人頭公司負責人、收帳組頭與轉帳手等13人到案，初估1年多經手洗錢金額逾36億元，訊後依詐欺、詐欺犯罪危害防制條例、洗錢、組織犯罪、公司法等罪嫌移請台北地檢署偵辦。警方調查，該集團透過合法程序申請成立多家資本額數十萬元，且看似營運正常的公司行號，名稱多為廣告、行銷、影音公司，利用公司帳戶轉帳額度大、交易合理性高的特性，建立一道層次複雜的「金流防火牆」，藉此混淆賭博網站與詐騙集團的不法資金去向。請繼續往下閱讀...公司銀行存摺、iKey（USB憑證金鑰），以及公司登記大小章，均統一收繳並嚴密保管，以確保該集團隨時能調度帳戶，將賭博款項，或者詐欺贓款迅速拆解、流轉於多個帳戶間，確保資金在極短時間內移轉完畢。警方表示，去年6月間，北市1名7旬退休男子落入假投資詐團陷阱，被詐5000萬元，獲報後經循線逮捕詐團面交車手，查知該車手的薪資，自1家人頭公司帳戶轉帳後，進一步追出以吳男為首的人頭公司集團，經發動2波查緝行動，逮捕吳男等13人到案，查扣作案手機、公司大小章、存摺、提款卡、隨身碟、網銀金鑰等大批贓證物，依法移送檢方偵辦。    ,https://news.ltn.com.tw/news/society/breakingnews/5552928
花蓮木瓜溪2人受困3天獲救 消防員橫渡湍流一度險遭沖走,社會,2026/08/26 14:50,花蓮縣秀林鄉木瓜溪上游靠近龍澗發電廠的溪谷，有二人因24日花蓮豪雨受困在溪邊，溪水湍急救難人員險被沖走。（民眾提供）花蓮縣秀林鄉木瓜溪上游靠近龍澗發電廠的溪谷，有2人因24日花蓮豪雨受困在溪邊，花蓮縣消防局昨天救援被大水阻隔，今天一早三度前往救援，但溪谷地勢陡峭、溪水仍相當湍急，有救難人員渡溪嘗試建立橫渡管道險遭沖走，所幸有綁確保繩索沒有發生意外，約在下午二點順利把受困者接到救援端脫困。花蓮縣秀林鄉木瓜溪上游「崖勇蘇漾」（YAYUNG SUYANG，舊稱慕谷慕魚）24日有2名民眾前往賞景，因為豪雨受困在溪床上，花蓮縣消防局昨出動4車12名人力進入山區，由無人機空拍確認受困地點位於龍澗銅門道路6.5K處，鄰近8K處的龍澗發電廠，救難人員隨即嘗試以繩索垂降近百公尺溪谷，試圖建立救援路徑，但山區雨勢逐漸增大、溪水未退，多次嘗試垂降均未能成功接觸受困者。請繼續往下閱讀...由於溪水湍急，搜救人員昨天研判當下撤離民眾渡河風險過高，因此改採無人機投掛物資的方式，於溪谷兩岸間搭建聯繫繩索，成功傳送保暖衣物、食物及無線電等救援物資予受困者，並藉此建立起初步溝通聯繫方式，確認2名受困者安全無虞、暫無立即危險在高處待避，今天三度集結繼續嘗試救援。救難人員今天仍以繩索垂降近百公尺溪谷，上午嘗試橫渡溪水，但受限湍急洪水屢次進攻都無功而返，中間還一度有救難人員被沖走，所幸都有綁住確保的繩索，沒有發生意外，約在下午的時候趁溪水變小，順利在兩岸建立橫渡繩索，順利接觸到2名受困者，並把人救援上岸，結束驚險的3日。花蓮縣秀林鄉木瓜溪上游靠近龍澗發電廠的溪谷，有二人因24日花蓮豪雨受困在溪邊。（民眾提供）花蓮縣秀林鄉木瓜溪上游靠近龍澗發電廠的溪谷，有二人因24日花蓮豪雨受困在溪邊。（民眾提供）    ,https://news.ltn.com.tw/news/society/breakingnews/5552914
八旬失智老婦街頭迷途 警方帶她回家她卻說不住在這？,社會,2026/08/26 14:39,警方護送老婦返回安置處所。（記者王冠仁翻攝）台北市一名八旬陳姓老婦搭公車外出後忘記回家的路，被熱心民眾發現帶去派出所，員警根據她身上證件地址帶她回家，沒想到她卻說這確實是她家但她現在不住在這裡。員警苦惱之際，靈機一動她可能被社福機構安置，於是聯繫社會局，這才順利送她回去安置處所。北市警大同分局寧夏路派出所在前天下午，有位熱心民眾帶著一名老婦前來，民眾聲稱在路上發現這位老婦迷途，需要警方協助。請繼續往下閱讀...員警耐心詢問，老婦聲稱自己已經83歲，目前獨居，舉目無親，她今天早上搭乘公車去大同區領取愛心素食餐點，隨後卻一直想不起來自己住在哪裡。員警詢問她身上有沒有攜帶證件，她隨後告訴員警她就住在證件上的地址。當時天色已晚，員警擔心她若自行回去恐發生意外，於是護送老婦前往她證件上的地點。沒想到，當員警開車抵達，老婦下車看了幾眼，卻回頭告訴員警她現在並不住在這裡，員警聽聞傻眼，詢問她住在何處她也說不清楚。員警起先求助當地里長，但里長聲稱這名老婦確實並非當地住戶，正當員警苦惱之際，員警猜想她可能因為舉目無親而被社福機構安置，於是立即聯繫社會局。不出員警所料，陳姓老婦確實是中山區社福中心所安置的獨居長者，經社工提供正確的安置處所，警方這才將她順利送回。    ,https://news.ltn.com.tw/news/society/breakingnews/5552869
興達電廠海域驚見浮屍！風雨阻打撈2天  腐爛難辨性別,社會,2026/08/26 14:22,台電興達發電廠海域今日上午撈獲一具腐屍，性別難以辨識，研判已死亡多時。（記者蘇福男攝）台電興達發電廠1名員工2天前巡視廠區時，發現海面有不明物體載浮載沈，海巡隊今（26）日上午趁天氣好轉下水打撈，結果撈獲一具腐屍，因難以辨識性別，研判已死亡多時，警方正釐清死者身份。警方是在24日下午接獲興達發電廠員工報案，指在巡視廠區進水口水道時，發現有疑似遺體在海面上載浮載沈，因連日來風雨海象險惡，海巡隊評估後無法立即打撈，今日上午趁雨勢趨緩，海巡隊於11點多將遺體打撈上岸，經檢視遺體腐爛難以辨識性別，但研判身形較符合男性體格。請繼續往下閱讀...警方通報鑑識人員到場採證，正進行比對失蹤人口特徵，以釐清死者身分，全案將報請橋頭地檢署檢察官進行司法相驗，以查明確切死因。    ,https://news.ltn.com.tw/news/society/breakingnews/5552873
母在家性交易 女童遭男子性騷 議員揭北市府「訪視714次未安置」釀自傷悲劇,社會,2026/08/26 14:10,台北市議員許淑華與議員參選人馬郁雯今（26）日召開記者會，揭露北市府兒少保護機制失靈。（記者蔡愷恆攝）台北市議員許淑華與議員參選人馬郁雯今（26）日召開記者會，揭露北市府兒少保護機制失靈；一名10歲女童的母親在家中從事性交易，女童因此遭到性騷，北市府在8個月期間訪談關懷了714次，卻未對女童安置，女童甚至以自殘手段抗議。許淑華表示，該名女童母親長期在家從事性交易，將兩名男子帶回家後，男子觸碰女童大腿性騷，後續也付錢給母親。男子涉嫌案件後交由司法偵辦，自去年12月底至今已240天，女童今年6月表示，不想住在家中，8月中旬更發生自傷事件。請繼續往下閱讀...北市爆10歲女童遭母親恩客性騷未安置 社會局：別拿兒少議題做文章根據許淑華掌握資訊，該母親共生下3名女兒，長女被性侵後，社福單位已於2010年安置離開原生家庭；2024年起，社會局委外之世界展望會社工持續提供家庭輔導、訪視與維繫計劃。雖然市府執行「安全計畫」，但內容僅止於管制磁扣、緊鎖門裝等。15歲次女在過程也接受兩次心理諮商，卻仍於7月發生疑似網路交友涉及性剝削狀況，社會局以「接近成年」為由不予以安置。許淑華說，市府與母親、次女、幼女共累計訪視、聯繫約700多次，資料顯示，電訪240次、親自訪問196次，網路聯繫（Line）聯繫278次，仍未發現未成年女兒處於煉獄；幼女也向社工反映4次要安置。馬郁雯也提到，孩子以次次表達「我不安全」，制度卻未及時接住，家庭出現疑似性剝削情況，這樣的孩子都不能被保護，兒少保護標準到底是什麼？記者會最後，馬也播放女童悲痛向母親喊話音檔：「妳有3個女兒，我是最愛你的，請你以後好好照顧身體，我也會照顧好自己。雖然我很恨你，但你還是我的媽媽；我們之後不會再見面了。」    ,https://news.ltn.com.tw/news/society/breakingnews/5552774
女童長期遭猥褻未安置 許淑華：北市府避同場躲質疑 說「成效」成二度傷害,社會,2026/08/26 14:08,許淑華和台北市議員候選人馬郁雯今（26）日上午9點半在議會召開「女童遭性猥褻後240天未安置，兒少保護系統癱瘓！蔣市府成為加害者？！」記者會。（記者蔡愷恆攝）台北市爆出一名10歲女童長期遭母親的性交易對象猥褻，母親未制止還收費，自去年底通報警察局至今已240天，市府尚未完成安置。民進黨籍台北市議員許淑華早上9點半開記者會，北市府也隨後於10點半在市府召開記者會回應。許淑華表示，市府代表臨時缺席她邀請出席的記者會，自行另外召開，質疑為什麼不敢坐在同一個場子裡回答？不願意面對面說清楚，這就是台北市政府面對兒少保護的態度嗎？相關新聞：遭母親恩客性騷「訪視714次」仍未安置 10歲女童竟以自殘抗議請繼續往下閱讀...許淑華和台北市議員參選人馬郁雯昨日晚間6點半左右通知，今上午9點半將於台北市議會6樓中庭召開「女童遭性猥褻後240天未安置，兒少保護系統癱瘓！蔣市府成爲加害者？！」記者會；市府於上午約9點22分通知新增記者會，10點30分於市府11樓針對兒少保護案件進行說明，由副市長林奕華、社會局長姚淑文、北市警局婦幼隊隊長陳志傑及教育局主秘鍾德馨出席。許淑華表示，記者會邀請市府派代表出席，希望市府能正面說明，市府代表卻臨時缺席。但一個小時後，10點半，市府卻另外召開記者會。她質疑同一個上午、同一件事，為什麼不敢坐在同一個場子裡回答？孩子等了240天，市府卻連一個小時都不願意面對面說清楚，這就是台北市政府面對兒少保護的態度嗎？許淑華也進一步批評市府說「孩子不願意去機構」，是截取片段、扭曲事實。根本是把責任推給孩子！女童在鄰居長輩的陪同下向她表達的內容是：希望優先跟熟識的鄰居長輩同住，但社工回以法律上無法這樣安排，女童理解後才接受機構安置的方案。市府卻扭曲原話，聲稱「孩子不願意去機構」，拿來當作240天沒有完成安置的理由。此外，市府說「未達中央標準、未達司法安置標準」，所以先不用安置。但第一線評估、執行安置的都是台北市政府，孩子、家庭和社工也都在台北市。不要一句「未達中央標準」就把責任推給中央！市府到底有沒有重新評估？有沒有提升風險等級？請把評估依據、紀錄和決策過程說清楚，不要拿標準當擋箭牌。許淑華不滿說，市府還指控她們播放孩子錄音，會對孩子造成傷害。但一個10歲孩子的需求若早已在社福體系裡被處理，何須向議員求助？該檢討的是，「為什麼體系還是沒有接住她。」尤其市府竟拿「這8個月沒有再發生猥褻事件」來證明安全措施有成效，卻讓孩子繼續住在充滿創傷與痛苦經驗的家裡。這樣的說法，不只是冷漠，更是對孩子感受的再次傷害。☆自由電子報關心您：若懷疑孩童遭受身體虐待、精神虐待或是性侵害、性騷擾，請撥打113專線，透過專業社工員接線服務，將可盡快救援在生命危機中的兒童。☆自由電子報關心您︰自殺不能解決問題，勇敢求救並非弱者，社會處處有溫暖，一定能度過難關。安心專線：1925生命線協談專線：1995。張老師專線：1980北市府社會局長姚淑文（左）、副市長林奕華（右），於上午10點半在市府11樓回應許淑華質疑的兒少保護案件。（記者孫唯容攝）    ,https://news.ltn.com.tw/news/society/breakingnews/5552782
偷內衣褲引爆「私刑正義」 登門和解變大亂鬥全遭法辦,社會,2026/08/26 14:06,警方抵現場制止衝突，並將動手的所有人帶回法辦。（記者徐聖倫翻攝）28歲李姓女子一年來內衣褲屢屢遭竊，她調閱自家監視器，驚覺竊賊竟是62歲的魏姓鄰居老翁。魏翁的28歲兒子昨帶著父親前往新北市土城李女住家登門道歉，不料雙方溝通時爆發激烈口角，李女友人一時氣不過竟拿鋁棒爆打魏男，當場將他打得頭破血流，警方獲報派員趕抵，將現場所有人全數帶回依法送辦。警方調查，李女過去一年來經常發現晾在屋外的內衣褲不翼而飛，本月23日再次受害後，她決定調閱監視器追賊，赫然發現竟是住在附近的魏翁所為。李女隨即向家人抱怨此事，魏翁兒子得知父親闖禍後，於昨晚親自陪同魏翁前往李女住處道歉。請繼續往下閱讀...李女由3名友人陪同，而雙方在溝通談判過程中毫無共識，並爆發激烈口角衝突。王姓友人一時氣憤竟當場拿起鋁棒朝魏男猛揮，儲姓友人與李女也上前徒手對魏男拳打腳踢，江姓女友人則在旁高舉鋁棒作勢攻擊。魏男在眾人圍毆下完全無力招架，魏翁在一旁也無力勸阻，魏男左耳後方嚴重撕裂傷、全身多處挫傷，現場哀號連連亂成一團。警方獲報立即派遣線上快打警力趕赴現場，迅速控制秩序並將現場一干人等全數帶回派出所偵辦，並將為魏男送醫。警詢後，依傷害、聚眾鬥毆等罪嫌，將李女、王男、儲男及江女等4人移送法辦；至於魏姓老翁涉嫌偷竊內衣褲部分，則另案依竊盜罪嫌送辦。李女調閱監視器，清晰看到魏翁偷內衣褲還大嗅特嗅。（記者徐聖倫翻攝）    ,https://news.ltn.com.tw/news/society/breakingnews/5552791
下車都站不穩！台中Lexus連撞4車 駕駛喪屍煙彈陽性送法辦,社會,2026/08/26 14:03,台中顏姓男子前天晚間駕車行經霧峰區峰堤路，因毒駕撞上路邊4輛自小客車，警方訊後依公共危險罪嫌移送法辦。（記者陳建志翻攝）台中一名顏姓男子（41歲）前天晚間6點多，駕駛Lexus轎車行經霧峰區峰堤路時，忽然失控撞上4輛停在路邊的自小客車，強大的撞擊力將4輛車的車頭都撞壞，民眾聽到巨響出門查看，發現顏男下車後搖搖晃晃，連站都站不穩，警方獲報趕到對顏男進行毒品唾液快篩呈「陽性反應」，訊後依公共危險罪嫌移送法辦。台中市警局霧峰分局24日晚間6點7分接獲民眾報案，指稱霧峰區峰堤路往霧峰方向，有1輛自小客車因不明原因撞上路邊停放的4輛自小客車，員警到場時發現顏姓男子（41歲）駕駛Lexus轎車撞上4輛停放在路邊的自小客車，不但車頭嚴重損壞，碎片也散落一地，所幸沒有人傷亡。請繼續往下閱讀...員警在處理過程中，發現肇事的顏男精神恍惚、舉止怪異，加上民眾提供的影片，發現顏男肇事下車後走路搖搖晃晃，懷疑有毒駕可能，立即對他進行毒品唾液快篩，結果呈現依托咪酯 （俗稱喪屍煙彈）「陽性反應」，訊後依公共危險罪嫌移送台中地檢署偵辦。台中顏姓男子前天晚間駕車行經霧峰區峰堤路，因毒駕撞上路邊4輛自小客車，警方訊後依公共危險罪嫌移送法辦。（記者陳建志翻攝）    ,https://news.ltn.com.tw/news/society/breakingnews/5552788
這理由也太瞎！兒抖音投資「再匯4萬就能出金」母起疑衝銀行結局曝,社會,2026/08/26 13:58,婦人先起疑衝銀行向行員詢問。（民眾提供）台中市75歲邵姓婦人近日到銀行準備替兒子匯出4萬元，對方聲稱只要「補足投資評分」就能順利領回獲利，讓她越想越不對勁，銀行察覺帳戶異常後立即報警，員警再聯繫人在外縣市的兒子耐心勸說，母子倆最終打消匯款念頭，及時守住4萬元。台中市第三分局健康派出所前天下午接獲轄內銀行通報，有民眾疑遇投資詐騙需協助，員警黃維毅、吳昆澄趕抵發現，75歲邵婦正準備匯款4萬元至指定帳戶，但對匯款用途顯得猶豫，銀行行員察覺有異，先行攔阻並通知警方查證。請繼續往下閱讀...經了解，邵婦兒子日前透過抖音接觸投資平台，依照對方指示進行投資，沒想到卻被告知「操作速度太慢」，導致投資評分沒有達到滿分，必須再匯入4萬元補足評分，才能順利提領帳面上獲利，由於兒子人在外縣市工作，便請母親代為匯款，邵婦雖想幫兒子解決問題，但想到聽過不少假投資詐騙案例，主動向行員說明，行員進一步查詢，發現對方提供收款帳戶資金進出頻繁，款項匯入後又迅速轉出，交易模式相當異常。警方研判這是典型假投資詐騙手法主動聯繫邵婦兒子，向他分析「投資獲利」、「補保證金」、「提升會員等級」、「完成評分才能出金」等話術，都是常見的詐騙套路，起初邵婦兒子仍難以相信可能受騙，但員警沒有放棄，持續耐心說明相關案例，並建議他先暫停所有匯款，等下班後再前往住家附近派出所諮詢，經警方一番勸說後，母子倆終於打消匯款念頭。經員警耐心勸說，婦人才打消匯款念頭。（民眾提供）    ,https://news.ltn.com.tw/news/society/breakingnews/5552727
男網路PO私密片判半年 二審認「心智如小學生」刑期砍半,社會,2026/08/26 13:48,黃姓男子在網路上張貼他人私密影像犯妨害風化罪，一審被判處6月徒刑，二審認定，黃男智力相當於9至10歲兒童，改判3月徒刑。（資料照）基隆市黃姓男子在網路上張貼他人私密影像犯妨害風化罪，一審被判處6月徒刑。黃男不服提起上訴，二審合議庭審理後，認定一審漏未審酌黃男智商僅 58，智力相當於10歲國小學童，撤銷原判決，改判黃男3月徒刑，得易科罰金9萬元。判決指出，黃男日前在網際網路張貼他人私密影像供人觀覽，基隆地院簡易庭依法判處黃男6月徒刑。黃男上訴主張，他從事清潔工作，領有身心障礙證明，經兵役體檢測得總智商僅58，接近中度智能障礙，智力與衝動控制力僅相當於10歲國小學童，對法律理解遠低於常人。辯護人則強調，黃男事後已刪除影片，無持續擴散危害，請求二審法官撤銷原判決，改判適當刑度。請繼續往下閱讀...二審合議庭審理認為，一審判決雖提及黃男領有身心障礙證明，但未考量其智商僅58，控制性衝動能力顯著較差的事實，審酌黃男坦承犯行，且已刪除影像，並由家屬監督管教，原審判處黃男6月確實過重，遂撤銷原判決，改判3月徒刑。    ,https://news.ltn.com.tw/news/society/breakingnews/5552777
添發財38號走私百億毒品案 船長兄弟判無期徒刑,社會,2026/08/26 13:44,琉球籍「添發財38號」漁船走私黑市價格逾100億元的海洛因磚及K他命毒品案。（檢調提供）法務部調查局與新北檢、屏檢今年6月聯手破獲琉球籍「添發財38號」漁船走私黑市價格高達100億元的海洛因磚及K他命毒品案，屏東地方法院依運毒罪判處船長許禎倫、許佳農兄弟無期徒刑、共犯戴聖均有期徒刑15年6個月。許佳農（原名為許禎哲）在2021年1月間曾駕駛高雄港籍「連鴻號」漁船從國外走私48麻袋、重約962公斤的K他命，被法院判處6年有期徒刑，遭到通緝中又夥同自己的弟弟許禎倫再犯下規模更大的漁船走私毒品案，由許禎倫擔任「添發財38號」船長，負責海上漁船接駁的重要角色，還帶領7名外籍船員共同涉案，許佳農則負責居中負責聯繫找尋海上對接船隻及人員、共收取600萬元代價，其中共犯戴聖均可以分得100萬元。請繼續往下閱讀...「添發財38號」於去年12月從東港出發在海中接運毒品，將毒品藏放到漁船的冷凍艙深處，但仍被海巡署在海上發現扣得海洛因磚740塊、K他命340包，市價高達億元，屏東地檢署認為犯罪情節重大對許佳農兄弟及戴聖均求處無期徒刑。屏東地院審理後將許佳農兄弟二人判處無期徒刑，戴聖均則因為聽命其兄戴聖治（通緝中）之命令，才參與這次的運毒行為，因此判處有期徒刑15年6個月徒刑，其他參與運毒的7名外籍漁工則各判處8年有期徒刑，執行完畢或赦免後驅逐出境。琉球籍「添發財38號」漁船被查獲的海洛因磚及K他命毒品。（檢調提供）    ,https://news.ltn.com.tw/news/society/breakingnews/5552797
國1汐止段3車追撞 2人受傷送醫,社會,2026/08/26 13:10,國道監視器拍下追撞過程。（記者徐聖倫翻攝）國道1號北上汐止地磅站附近路段今上午傳追撞事故，警消接獲民眾報案，指稱該路段發生多車連環追撞事故，現場一度傳出多名人員受困且傷亡不明。新北市消防局不敢大意，立即派遣多輛救護車與破壞器材車趕赴現場救援，抵達後發現為2輛轎車與1輛小貨車共3車追撞，並非原先報案傳出的4車碰撞。救護人員檢視現場，發現車禍共造成2名民眾受傷，所幸檢視後均意識清楚、無生命危險，經現場初步包紮，已緊急送往醫院救治。事故現場占據車道，確切肇事原因及詳細責任歸屬，仍待國道警方進一步採證調查釐清。    ,https://news.ltn.com.tw/news/society/breakingnews/5552761
黃金博物館工程涉拆案避招標  前館長謝文祥與廠商等9人遭判刑,社會,2026/08/26 13:02,圖為金瓜石黃金博物館園區。（資料照）新北市立黃金博物館前館長謝文祥，被控為趕在期限內完成「大地館5G場域常設展示」整備工程，與2名下屬及廠商合作，將完整工程切割為6件小額採購案，規避政府採購法公開招標，並透過無商業登記之施工業者向多家公司「借牌」開立不實憑證。基隆地院近日審結，法官審酌謝等9人均坦承犯行，且未獲取不法利益，依偽造文書等罪判處3月、6月徒刑不等。緩刑2年。判決指出，黃金博物館於2022年間因與中華電信簽訂合約，須於7月底前清空大地館。時任館長的謝文祥，與秘書室主任張君萍、助理員李世祥等人，因恐公開招標耗時延誤進度，遂將整體整備工程拆分為「本館辦公室二樓拆除案」、「大地館1樓除黴粉刷工程案」等6件各數萬元的採購案。請繼續往下閱讀...由於實際承作工程的謝舜山並未辦理商業登記、無法開立發票，遂向大倉營造、筑佳企業、順弘金屬、賢越及弘昇工程等公司業者商借名義，由各業者配合開立不實估價單與發票供博物館核銷。案經基隆地檢署檢察官王亞樵指揮法務部調查局新北市調查處調查後將謝文祥等9人依涉犯偽造文書罪起訴。判決指出，謝文祥在偵查機關發覺前即主動自首；張君萍與李世祥是受長官指示辦理，符合「情輕法重」等減刑規定，依公務員登載不實罪判處謝文祥、張君萍、李世祥各有期徒刑6月。其餘開立不實憑證的謝舜山及5間公司負責人、工地主任等6人，則依違反商業會計法等罪判處3月徒刑或拘役50日至59日不等。法官審酌，謝等9人均無前科，犯後態度良好，且均未謀取個人不法利益，給予緩刑2年機會，並依情節命支付公庫5萬至15萬元、接受保護管束及參加2至3場法治教育課程。可上訴。    ,https://news.ltn.com.tw/news/society/breakingnews/5552745
被控廠商進手術室「代刀」 高雄博田醫院院長等5人起訴,社會,2026/08/26 12:42,博田國際醫院院長謝榮豪涉讓廠商「代刀」遭檢方起訴。（資料照）高雄市博田國際醫院涉嫌讓廠商進入手術房「代刀」案，謝榮豪院長等5人，橋頭地檢署均依涉犯醫師法非法執行醫療業務罪嫌偵結起訴。據了解，謝榮豪遭指控為婦人進行腰椎間盤手術時，讓廠商人員在手術室內﹔謝透過社群澄清，該手術全部困難的步驟他都完成了，因為流血也多需要術中加壓止血穩定一下，因此趁空檔請護理師和廠商量一下連接橫桿的長度。經高市衛生局派人介入查證屬實，院長謝榮豪遭開罰50萬元，刑事經移送橋頭地檢署偵辦裁定100萬交保。請繼續往下閱讀...起訴書指出，謝榮豪於2023年10月5日執刀進行椎間盤切除手術時，竟由不具醫師資格之鄭姓醫療廠商立於手術檯，使用醫療器材比對、量測連接桿所需長度，蕭姓副院長亦於同日執刀進行全膝關節置換手術時， 由不具醫師資格之洪姓工程師立於手術檯，遞交機械手臂定位器予蕭、扶持定位器固定病患鋼釘及觸碰抽吸管。另，謝榮豪今年2月4日執刀進行骨水泥注射成形手術時，任由不具醫師資格王姓業務工程師在手術室內自行開拆骨水泥粉末包裝並加以攪拌，謝榮豪2次犯行之犯意互殊、共犯不同，建請法院分論併罰。    ,https://news.ltn.com.tw/news/society/breakingnews/5552716
教會外籍老師逼男童「賞鳥」噁問「大不大」 判刑3年6月,社會,2026/08/26 12:33,學童送披薩到房間，被外籍老師要求按摩、賞鳥、摸鳥，老師被判3年6月徒刑。（資料照，記者顏宏駿攝）彰化一間教會團契請教友吃PIZZA，一名男童被指派拿披薩給外籍英文老師，男童進到房間，被老師叫來幫他按摩，老師還脫下褲子請學童「賞鳥」，還問「我的鳥大不大？」男童非常不舒服，事後向表姊透露，此事因此曝光。外籍老師被依妨害性自主罪起訴，該案經彰化地院審理，外籍老師被判3年6月。判決書指出，該名外籍老師在團契裡教英語，認得受害學童，也因此學童對他沒有戒心。去年6月27日教會舉辦活動，教友請吃PIZZA，學童被指派拿幾片到老師的房間，進房後，老師問「你會不會幫老師按摩腳」，學童說「會」，在按摩當下，老師問「你有沒有肚毛、腋毛、陰毛？要不要看？」學童回答「不想」，但老師仍把短褲及內褲脫掉，露出性器官，還問「要不要摸」，說話間就把學童的手拿去搓動他的下體，再問「我的鳥大不大？。學童事後回憶，「我覺得很噁心，因為手是被抓去摸，覺得很髒。」外籍老師否認上述犯行，強調只有叫學童按摩，絕無要求做其它的事。請繼續往下閱讀...法官認為，被害學童與被告素無仇怨，實無必要捏造指控被告侵犯，且依其年齡，若非親身經歷，應無法清楚交待遭強制猥褻的細節，且前後一致。審酌被告為滿足一己私慾，而對學童做強制猥褻犯行，事後又否認犯行，因此判處3年6月徒刑。    ,https://news.ltn.com.tw/news/society/breakingnews/5552703
萬華休閒館屢被查獲涉賭 麻將館營業中遭斷水電封館,社會,2026/08/26 12:32,警方前往執行斷水斷電勤務時，店內仍有顧客在打麻將。（記者劉慶侯翻攝）台北市萬華區西昌街「西昌98休閒館」，數次暗中經營賭場，昨（25）日10時萬華分局會同台北市建築管理工程處、台灣電力公司及自來水公司等單位赴現場執行斷水斷電時，仍有數桌顧客在打麻將，警方只得把人員驅離，強制勒令停業。警方表示，位在西昌街的這家休閒館，表面上是一般打麻將場所，卻暗地變質私下經營賭場，因每日出入分子複雜，引起民眾懷疑而屢遭檢舉。請繼續往下閱讀...「西昌98休閒館」首次是於115年1月13日被查獲賭博，除依法裁罰外，亦報請都市發展局依法勒令停止違規使用予以列管，惟業者無視法規，仍在列管期間私下重操舊業。萬華分局專案小組獲報後積極佈線蒐證，待掌握確切事證後，115年5月8日再次突擊，當場人贓俱獲，查獲違法鐵證。同時報請市府依法進行斷水斷電處置。警方由會同相關單位聯手前往執行斷水斷電時，當時休閒館內還有4、5桌客人在打麻將，警方依法要求立即離開現場，隨後馬上執行斷水電任務。台電人員進行斷電處置。（記者劉慶侯翻攝）    ,https://news.ltn.com.tw/news/society/breakingnews/5552706
詐騙66人逾億元！2男掌網路電話「轉接機房」 苗檢求刑15年,社會,2026/08/26 12:15,苗栗地檢署偵結，依犯組織犯罪防制條例、共同詐欺取財及幫助詐欺取財等罪嫌，一口氣起訴集團成員及人頭20人，並對許、張2男具體求處15年有期徒刑。（資料照）許姓、張姓2名男子去年組詐騙集團以網路電話交換機房，掩飾電話來源，詐騙66人逾億元，苗栗地檢署偵結，依犯組織犯罪防制條例、共同詐欺取財及幫助詐欺取財等罪嫌，一口氣起訴集團成員及人頭20人，並對許、張2男具體求處15年有期徒刑。苗栗地檢署指出，該詐欺集團由許男負責寄送交換器設備、繳納市話申登人之電話帳單及製作人頭；張男則擔任客服人員及記帳，負責與使用上開線路之客戶及維護線路之工程師聯繫。請繼續往下閱讀...該集團成員再仲介黃姓女子等8人申辦市話門號，使詐欺集團成員能廣設網路電話交換器，利用網際網路遠端操控轉接機房所裝設交換器設備，以交換器設備所插用門號，再以隱匿來電號碼之方式，隨機致電被害人而實施詐術，自去年初到9月間，共詐騙66人，詐欺被害金額共計逾1億元。案經苗檢檢察官邱舒虹指揮彰化縣政府警察局偵辦，經發動數波搜索，拘提集團成員12人及人頭8人到案，近日偵結，分別依犯組織犯罪防制條例、三人以上共同詐欺取財、詐欺取財未遂及幫助詐欺取財等罪嫌，提起公訴。檢察官審酌許、張2人位居此案轉接機房核心角色，且其等轉接機房，犯罪所生危害嚴重，建請均量處應執行刑有期徒刑15年以上之刑度，以示懲罰。其餘多位被告則求處有期徒刑3年至8年不等之刑度。苗檢強調，將持續遵循法務部及高等檢察署打詐綱領2.0規劃之工作重點，積極溯源追查詐欺犯罪，從嚴從速偵辦，以盡全力保障民眾之財產安全及守護社會安寧。並呼籲民眾，詐騙集團手法日益科技化，民眾若接獲自稱檢警來電要求監管財產或匯款，應提高警覺並立即查證，避免落入詐騙陷阱。    ,https://news.ltn.com.tw/news/society/breakingnews/5552664
身分證遺失成「幽靈騎士」連吃罰單   法官勘驗影像還她清白,社會,2026/08/26 12:06,女子因遺失身分證，雖隨後補辦卻遭人冒用，無端收到多張交通違規舉發單。示意圖（資料照）高雄柯姓女子因遺失身分證，雖隨後補辦卻遭人冒用，去年底無端收到多張交通違規舉發單，其中1張指控他在三民區天祥一路與鼎金後路口「未戴安全帽」騎車，遭裁罰500元。柯女不服提起訴訟，高雄高等法院勘驗影像還其清白判決撤單。判決書指出，柯女非違規機車的所有人，當天也根本沒有騎車出門，被警方攔檢時，違規騎士在舉發單上的簽名，根本不是她的親筆簽名。柯女同一時期也收到了另一張左營警分局開出的交通罰單，當時左營分局相當謹慎，主動通知柯女到派出所檢視員警的執勤密錄器畫面，比對確認騎車的人不是柯女，主動向交通組建請撤銷罰單。請繼續往下閱讀...另1張罰單裁決機關卻大相逕庭，面對原告相同的抗辯，僅憑開單員警的事後職務報告，認定原告就是違規駕駛人，於去年12月開出500元罰鍰。法官為了釐清真相，特別調閱了左營分局的採證影像與相關截圖，比對後赫然發現，影像中騎車的騎士不論是身形、神態，都與原告本人存在明顯差異，確認原告確實是被冒名。裁定原告勝訴，撤銷500元罰鍰。可上訴。    ,https://news.ltn.com.tw/news/society/breakingnews/5552652
25戶鄰宅傾毀！基泰大直為趕工竟偷工減料 工地主任判4年10月,社會,2026/08/26 11:54,「基泰大直」施工損鄰。（資料照）基泰建設「基泰大直」2023年9月間，因施工不當造成25戶鄰宅傾毀，台北地檢署依違背建築術成規罪、偽造文書等罪嫌起訴基泰大直工地主任張博翔等5人。台北地院今日依違背建築術成規等4罪判處張博翔應執行4年10月徒刑。可上訴。其餘被告，基泰公司工程部副理邱丞鴻犯違背建築術成規罪判2年8月；基泰公司專案人員姜若彥犯偽造文書判8月徒刑；「基泰大直」案「監造人」建築師王德生犯偽造文書等罪判1年徒刑，緩刑2年，須支付公庫200萬元；「承造人」福益公司技師劉豐壽犯偽造文書判10月徒刑。請繼續往下閱讀...起訴指出，張博翔、邱丞鴻為趕工，未依結構圖施工製作厚度為60公分的連續壁，竟偷減「10公分」，要求下包商施作厚度僅為50公分的連續壁，且為免工期延誤，又違背順序，要求下包商在完成連續壁內外側導溝地質改良工程後，先進行地質改良工程再進行連續壁工程；另於地質改良工程完工後，亦未就成果進行鑽孔取樣測試，以確認是否符合結構圖要求。不僅如此，2023年4月間，基泰大直已有鄰損情形，住戶檢視監測數據，張博翔、邱丞鴻為免損鄰爭議擴大，竟涉要求監測廠商儀大工程公司，出具監測案週報表改變量測數據的初值，造成數據失真，甚至在知悉工地部分監測項目數據已達行動值或超過警戒值情況下仍繼續施工，最終導致本案發生。檢方發現，張博翔明知施作連續壁厚度僅為50公分，實未按結構圖施作，亦未辦理變更設計，涉製作不實勘驗報告；不知情的技師劉豐壽前往工地勘驗時，在無實際檢視、丈量連續壁尺寸情況下，在張博翔預先準備好的不實報告上簽名用印，涉犯使公務員登載不實罪嫌。至於王德生及姜若彥部分，檢方調查，2023年4、5月間，基泰大直已發生損鄰情形，住戶遂向台北市都發局提出鄰損申請書，怎料，王、姜2人明明沒到場勘查，就直接在張博翔的損害責任歸屬初步認定書上簽名用印，涉行使業務登載不實文書、使公務員登載不實罪嫌。檢方建請法院請審酌，張博翔、邱丞鴻2人，枉顧各項法令及建築成規要求，僅為求私利，未按圖施作且為規避損鄰爭議，多次調整監測數據，枉顧監測系統所發出警訊，因2人違背建築術成規行為，再加上劉豐壽、王德生2人於勘查程序中敷衍行事，使各項審核機制淪為形式，喪失糾錯功能，致本案房屋倒塌，上百人被迫離開家園憾事，且邱、張2人犯後飾詞矯辯，王德生亦含混其詞，均未坦承犯行，3人對公共利益造成具體危害甚鉅，均請從重量處7個月以上之刑。    ,https://news.ltn.com.tw/news/society/breakingnews/5552637
「監視器都認出妳了！」探病婦堅喊不是我 警隔街找到愛車糗了,社會,2026/08/26 11:52,警方出示監視器騎車背影，婦人仍堅稱「那個人不是我！」（民眾提供）台中市一名65歲婦人近日到醫院，晚間離開時遍尋愛車不著急忙報警，還對著監視器畫面堅稱「那個人不是我！」員警耐心比對後沿街搜尋，最後竟在隔壁街找到機車，原來是婦人探視住院父親時心事重重，一時忘記愛車停放位置，鬧出一場「機車失竊」烏龍。台中市第二分局文正派出所前晚接獲該名婦人報案，表示機車疑似遭竊，員警李皇逸、蔡宜軒趕抵現場了解，婦人說，當天下午4時許騎車到中國醫藥大學附設醫院探視住院父親，將機車停妥後便匆忙進醫院，直到晚間離開才發現愛車不見，印象中機車就停在五順街，她還沿街找了3遍，始終沒有看到車影，越找越焦急，只好請警方協助。請繼續往下閱讀...員警調閱附近監視器後，發現畫面中確實有一名女子騎著疑似婦人的機車，但婦人看到畫面後卻十分篤定，直指螢幕說：「那個人不是我！」甚至還拿自己的外套比對，強調「我的外套不是這樣！」員警只好耐心解釋，監視器畫面可能存在色差，再從安全帽、口罩及衣著等細節比對，畫面中的騎士就是她本人。面對員警推測可能是忘了停車位置，婦人仍堅持：「我不可能把機車停到另一條路！」不過，員警確認機車鑰匙仍在婦人身上，加上周邊街道外觀相近，研判應是記錯停車位置，隨即沿五順街、五義街一帶徒步搜尋，果然，沒多久就在五義街發現機車停在路旁，婦人看到機車這才恍然大悟，原來真的把停車位置記錯了，頓時哭笑不得，也連聲向員警道謝警方最後陪同婦人在隔街找到機車。（民眾提供）    ,https://news.ltn.com.tw/news/society/breakingnews/5552634
女搭北捷忠孝復興站手扶梯遭潑「不明液體」 警鎖定變態男移送,社會,2026/08/26 11:47,1名女子上月24日上午搭乘台北捷運忠孝復興站手扶梯準備出站時，後方衣服與手肘突遭1名男子潑灑帶有異味的「不明液體」。（記者鄭景議翻攝）1名女子上月24日上午搭乘台北捷運忠孝復興站手扶梯準備出站時，後方衣服與手肘突遭1名男子潑灑帶有異味的「不明液體」，該男子還一度尾隨並做出手扶梯上「倒退走」等異常舉動。轄區大安分局警方獲報後成立專案小組，調閱監視器畫面過濾單程票搭乘軌跡，鎖定涉案男子身分並請他到案說明，全案已依法函請台北市政府社會局調查，並同步移送台北地檢署偵辦。受害女子在社群平台Threads發文，表示7月24日上午11時許搭乘忠孝復興站手扶梯準備離站時，手臂與衣服突然傳來濕黏感，回頭發現1名男子神情慌張、雙手擺放在褲襠前方並迅速離去。女子心驚之下決定搭手扶梯下樓向月台服務台求助，不料該名男子竟折返跟隨下樓，對視時還在手扶梯上「倒退走」，舉止極度怪異嚇人。女子隨後確認手肘上的液體帶有異味且非一般清水，且對方身上並未攜帶水瓶或背包，隨即在站務人員陪同下向警方報案並提告性騷擾。請繼續往下閱讀...由於涉案男子當天是購買單程票進出捷運站，無法直接透過電子票證紀錄追查個資，增添搜查難度。專案小組擴大調閱監視器畫面，發現該名男子事發後徒步由忠孝復興站沿街走向忠孝敦化站，隨後再次購買單程票搭車逃逸。警方憑藉沿線監視器影像交叉比對，最終精準鎖定該名男子具體身分。據了解，男子到案後已經坦承犯案，辯稱是因為壓力大才有這些舉動，警方將全案依性騷擾防治法行政申訴程序函請社會局調查，並同步依刑事程序移送台北地方檢察署偵辦。    ,https://news.ltn.com.tw/news/society/breakingnews/5552625
計程車司機載到詐騙車手機警通報 警扮超商店員埋伏逮捕,社會,2026/08/26 11:39,員警喬裝超商店員（左一）逮捕詐騙車手（右一）。（記者洪定宏翻攝）高雄1名計程車司機載到詐騙車手，通報警方查緝，員警假扮超商店員埋伏約2小時，確認車手收取71歲被害老婦10萬元後逮捕，將21歲林姓車手依詐欺罪嫌法辦。8月24日下午近6點，小港分局高松派出所接獲計程車司機通報，指稱疑似載到詐騙車手，立即派員趕赴小港區孔鳳路一帶搜尋，並在超商內鎖定嫌犯，員警向超商借制服，喬裝店員埋伏守候。請繼續往下閱讀...當天晚間約7點半，被害老婦將10萬元現金交給車手之際，員警趨前圍捕，逮捕林姓男子。原來老婦今年7月底透過LINE結識自稱從事醫療器材的網友，對方以「期貨投資、一起賺錢」等話術誘使提領現金面交，所幸計程車司機通報與超商配合，順利逮捕車手。    ,https://news.ltn.com.tw/news/society/breakingnews/5552620
逢甲商圈暗夜毒駕 22歲男暴衝撞爛4機車,社會,2026/08/26 11:38,詹男轎車車頭嚴重毀損。（民眾提供）台中市西屯區今天凌晨驚傳車禍，22歲詹姓男子駕車行經逢甲商圈時突然失控，猛撞路旁停放的4輛機車，現場一片狼藉，所幸無人受傷。警方到場發現詹男酒測值為0，進一步篩檢卻呈K他命陽性反應，車內雖未查獲違禁品，警詢後仍依毒駕公共危險罪送辦。第六分局西屯派出所今天凌晨3時許接獲報案，指福星路發生交通事故，員警趕抵現場後，發現一輛馬3轎車失控撞擊路旁停放的4輛機車，所幸沒有波及路人，也未造成人員傷亡，隨即對駕駛詹男實施酒精濃度測試，結果為0，排除酒後駕車可能。請繼續往下閱讀...警方進一步依規定對詹男進行唾液毒品初步篩檢，結果呈現K他命陽性反應，當場依道路交通管理處罰條例第35條第1項第2款舉發，並將肇事車輛移置保管，由於事涉毒品駕車，警方也依程序採集詹男尿液送驗，同時製作毒駕觀測紀錄，並蒐集事故現場相關跡證，以釐清他當時的精神及駕駛狀況。警方表示，雖然詹男的唾液初步篩檢呈現K他命陽性，但現場並未查獲毒品或其他違禁物，因此初篩結果並非最終認定依據，是否確實涉及施用毒品後駕車，仍須等待尿液檢驗結果，並綜合觀測紀錄、現場跡證及其他客觀事證進一步判斷。詹男撞倒路旁4輛機車。（民眾提供）詹男聲稱「閃貓咪」才失控撞路旁機車。（民眾提供）    ,https://news.ltn.com.tw/news/society/breakingnews/5552590
新店捷運公車總站事故！ 行人遭撞腦出血昏迷 女乘客跌倒受傷,社會,2026/08/26 11:36,公車駕駛周男準備左轉進入新店捷運公車總站時，撞上一名年約60歲的行人，而車上女乘客跌倒受傷。（記者陸運鋒翻攝）新北市新店捷運公車總站今天（26日）上午8時許，發生一起公車撞行人事故，造成男性行人及公車上廖姓女乘客受傷，2人皆由救護車送往醫院，其中行人腦出血仍昏迷急救中，身分仍待了解，而女乘客則是受到挫傷，詳細車禍原因仍有待釐清。新店警分局調查，65歲周男當時駕駛台北客運棕7公車，沿新店區新店路行駛，準備左轉進入新店捷運公車總站時，撞上一名年約60歲男性行人，行人倒地頭部受創，而車內乘客63歲廖女跌倒受傷，司機見狀後連忙報案。請繼續往下閱讀...據知，警消趕抵現場後，發現行人腦出血昏迷、女乘客則胸部挫傷，隨即將2人送往新店耕莘醫院治療。警方指出，周姓駕駛經檢測後，並無毒、酒駕情事，而行人身上並無證件，身分仍待確認，至於詳細車禍發生原因，將待後續進一步釐清。    ,https://news.ltn.com.tw/news/society/breakingnews/5552598
掏空蘋果西打8.8億元 前總經理孫幼英更一審改判9年2月,社會,2026/08/26 11:17,大西洋飲料公司前總經理孫幼英。（資料照）生產「蘋果西打」出名的大西洋飲料公司前總經理孫幼英與財務經理鍾素娥涉利用買賣土地、借款、開立假發票等方式掏空公司資產，一審及二審高等法院判孫幼英9年6月刑，沒收犯罪所得1億852萬餘元；鍾素娥則判7年6月。案經上訴，高院更一審宣判，孫幼英判應執行9年2月，鍾素娥則判7年4月判決指出，孫幼英2018、2019年間擔任大飲常務董事及總經理，同時為國信及旭順兩間公司實際負責人；鍾素娥則是這三間公司的最高財務經理。國信積欠銀行8.58億元，土地面臨強制執行命運，孫為解決國信鉅額債務，與鍾素娥合謀，主導大飲董事會通過購買國信與旭順不動產的議案，價金分為2.4億元與1.6億元。請繼續往下閱讀...但在不動產買賣過程中，不僅未訂立過戶時間，還幫忙支付土地增值稅，甚至低利貸款給國信時，也無實質擔保品；此外，孫幼英明知大飲未向國信、旭順等八家廠商採購糖原料，卻接續以「假進貨、真付款」手法製造虛偽交易，長達6年，待大飲付款後，再將款項1億852萬餘元套取入己。一審新北地院依違反證券交易法及背信罪，判處孫幼英有期徒刑9年6月；鍾素娥被依違反證券交易法判處有期徒刑7年6月。二審高院則認為，一審新北地院未論處孫、鍾二人觸犯背信罪，顯然有違誤，應予撤銷，但維持原審刑度，仍判孫幼英9年6月及鍾素娥7年6月。案經上訴，高院更一審宣判，孫幼英判應執行9年2月，鍾素娥則判7年4月。    ,https://news.ltn.com.tw/news/society/breakingnews/5552552
92歲翁雨中代步車沒電受困 龍潭警暖心載返家,社會,2026/08/26 11:12,吳姓老翁雨中受困，龍潭熱心警所長及時護送他返家。（警方提供）桃園市龍潭區92歲吳姓老翁昨（25）日下午騎電動代步車外出到藥局領取處方藥，不料途中車輛突然沒電，拋錨停在車道上，加上當時下著大雨，老翁一時不知所措，所幸龍潭警分局石門派出所長林育辰、警員劉立夫巡邏經過，發現老翁受困，立即上前分工協助。過程中，林育辰先攙扶老翁到屋簷下避雨，劉立夫則將代步車移至路旁安全處，並關心老翁身體狀況及居住地址，2警透過老翁隨身證件確認住址後，隨即駕駛巡邏車將他安全送返家中，老翁抵達住處時，外籍看護開心向屋內喊著「阿公回來囉」，家屬見到老翁後也終於鬆了一口氣。請繼續往下閱讀...家屬表示，老翁平時與妻子及外籍看護同住，當天疑似因身體不適才獨自外出領藥，沒想到途中代步車沒電，所幸遇到巡邏員警及時伸出援手，感謝警方熱心協助。龍潭警分局長施宇峰提醒，家中若有高齡或需照護的長者，應多加關懷陪伴，盡量避免單獨外出， 若有外出需求，也應事先確認代步車電量及車況；家屬可向社會局申請安心手鍊，或讓長者配戴附有聯絡資訊的飾品、衣物，以便發生迷途或突發狀況時迅速確認身分、聯繫家屬。吳姓老翁雨中受困，龍潭熱心警所長及時護送他返家。（警方提供）吳姓老翁雨中受困，龍潭熱心警所長及時護送他返家。（警方提供）    ,https://news.ltn.com.tw/news/society/breakingnews/5552515
違法傾倒廢棄物 男子棄故障車逃逸被查獲判2年,社會,2026/08/26 11:08,屏東環保單位及警方嚴加查緝非法傾倒行為。示意圖，非本案車輛。（資料照）錢姓男子未領有合法清運廢棄物執照，卻將整車的廢胎輪及廢土等廢棄物運至空曠處傾倒，結果車輛發生故障，錢男棄車逃逸，警方循線將錢男查獲送辦，發現錢男是違反廢清法的慣犯，屏東地院依非法清理廢棄物罪判處錢男2年徒刑，並追繳不法所得，可上訴。錢男去年8月間，以1萬元的報酬，從高雄市大寮區不詳地點載運廢輪胎、廢木材、廢塑膠、廢土及廢木棧板等廢棄物，運至屏東縣新埤鄉空曠處傾倒，卻發生車輛故障無法操作卸載，遂將廢棄物連同車輛棄置後逃離現場，警方事後循線將錢男逮捕到案，錢男坦承不法傾倒行為，但未交代廢棄物的來源。請繼續往下閱讀...屏東地院審理後，發現錢男有公共危險及違法廢棄物清理法等前科，素行不佳，一再任意傾倒廢棄物，破壞環境衛生及國民健康，實不足取，依非法清理廢棄物罪判處錢男有期徒刑2年，並沒收或追繳1萬元不法所得。    ,https://news.ltn.com.tw/news/society/breakingnews/5552544
把馬路當碰碰車場 酒駕男連撞三輛車落網,社會,2026/08/26 11:07,楊男今天凌晨酒駕失控，連撞路旁三輛汽車，警方當場查獲其酒測值超標，依公共危險罪嫌移送法辦。（民眾提供）深夜街頭瞬間變成碰碰車現場，楊姓男子酒後駕車引發的連環交通事故，連環擦撞路邊3輛汽車，甚至1輛休旅車差點被撞下護欄外的魚塭，訊後警方依法移送。今天凌晨0時許，楊男駕車因酒駕操作不穩，導致車輛完全失去控制，直接偏移原本路線，猛烈擦撞當時停放路旁的汽車，先撞上停在路邊的1輛休旅車，差點把休旅車整輛撞進魚塭，又再擦撞了兩輛汽車，最後撞上護欄才停下來，可見撞擊力道之大。請繼續往下閱讀...二分局員警在獲報後調派警力抵達現場時，發現肇事的楊男身上僅有輕微擦傷，並無大礙，但楊男的酒測值超過法定的標準值，當場將楊男逮捕，全案依公共危險罪嫌移送。    ,https://news.ltn.com.tw/news/society/breakingnews/5552509
牽腳踏車遭絆倒摔傷臉腿 內湖警巡邏協助送醫,社會,2026/08/26 11:03,鍾婦獨自坐在人行道上，神情痛苦且臉部與腳部都有明顯外傷。（記者鄭景議翻攝）1名鍾姓婦人前日牽著腳踏車外出，行經台北市內湖區人行道時不慎被車體絆倒，臉部與腳部受傷之下，只能無助坐在路旁。台北市警局內湖分局康寧派出所巡邏員警發現後主動上前關心，並通報119救護人員趕抵包紮送醫，順利化解危機。警方表示，康寧派出所警員闕永正執行勤務時，看見鍾婦獨自坐在人行道上，神情痛苦且臉部與腳部都有明顯外傷，於是上前詢問並安撫情緒，得知鍾婦牽著腳踏車走在路上時，一時不注意遭到車身絆倒重摔，由於身體極度不舒服，無法自行起身，只能坐在地上等待援助。員警確認鍾婦意識清楚，隨即通知119派遣救護車到場支援。請繼續往下閱讀...等待救護人員期間，周圍熱心路人也主動協助聯繫鍾婦家屬，讓家人第一時間掌握情況。員警全程在場陪伴守護，避免發生二次意外。救護人員抵達現場後，立刻替鍾婦進行初步檢傷與傷口包紮，隨後將她送往醫院接受進一步檢查與治療，所幸並無生命危險。內湖分局提醒，民眾外出行走或牽行腳踏車時，應隨時留意路面狀況與周遭環境，並評估自身體能狀態，必要時可由親友陪同出門，降低跌倒受傷風險。此外，若在路上發現有人跌倒或身體不適，切勿貿然拉扯或攙扶，應先確認傷者意識與受傷部位，並協助撥打119由專業救護人員處置，避免造成二次傷害。    ,https://news.ltn.com.tw/news/society/breakingnews/5552517
舞台音響師撿屍同業 背部「羽翼刺青」成鐵證,社會,2026/08/26 10:51,陳姓舞台音響師撿屍同業遭重判。示意圖。（資料照）從事舞台音響的陳姓男子與同業女音響師出差高雄，於酒吧飲酒後，趁對方泥醉無力抗拒，在飯店房間內強行性交得逞，陳男否認涉案，但法官憑藉被害人記下陳男背部「羽翼刺青」等關鍵補強證據，認定犯行明確，依乘機性交罪重判陳男徒刑4年6個月。判決指出，陳男與被害女子分別受僱於不同公司，2023年5月，兩人同時赴高雄出差，陳男與同事邀約女音響師到鹽埕區酒吧飲酒，女音響師不勝酒力醉倒，眾人隨後將她扶回飯店休息。請繼續往下閱讀...留下來照顧的陳男，竟趁女音響師泥醉之際，脫去其衣物性交得逞。女音響師清晨醒來發現衣著不整且下體疼痛，當天立即購買事後避孕藥服用，事後因心靈受創、出現創傷後壓力症狀，經主管與同性伴侶關切後才揭發全案。高雄地方法院審理時，陳男辯稱是女音響師酒醉自己走去廁所脫衣，還撫摸他的下體，他僅是幫忙穿上胸罩及內褲。但法官勘驗發現，陳男背部至肩膀有鳥類與蝙蝠羽翼形狀的大面積刺青，陳男平時工作與案發當晚均穿著有袖上衣，若非陳男褪去衣物壓在女音響師身上，泥醉的被害人絕不可能得知該刺青細節。此外，檢方雖提出測謊報告證明陳男說謊，但法官發現，實施測謊的檢察事務官未依法具結，認定測謊無證據能力，但審酌女音響師案發後性格大變、購買避孕藥及刺青指證等證據，且陳男始終否認犯行、未有悔意，重判4年6個月，可上訴。    ,https://news.ltn.com.tw/news/society/breakingnews/5552512
駕車失控「衝進農田」警獲報到場男神情呆滯,社會,2026/08/26 10:38,男駕車失控「衝進農田」警獲報到場，男神情呆滯。（民眾提供）苗栗縣苑裡鎮今（26）日清晨發生一起驚險車禍！一名32歲男子今年凌晨5點多駕駛轎車行經苗47線時，突然因不明原因失控衝入路旁農田，整輛車卡在田裡。所幸男子身體並無明顯傷勢，警方到場後發現男子神情呆滯，經警方酒測檢測為0，詳細事故原因仍待警方進一步釐清。轄區通霄警方獲報後趕抵現場，得知事發當時男子駕駛轎車，沿著苑裡鎮苗47線由西往東方向直行，行經玉田里69之1號旁路段時，車輛突然偏離車道，直接衝撞並駛入路邊農田。請繼續往下閱讀...路過民眾驚見事故，隨即向警方報案，通霄分局派員趕赴現場處理，抵達時發現男子已脫困，檢視其身上並無明顯傷勢，警方現場對男子實施酒精濃度測試，確定無飲酒情形。不過男子精神明顯較為呆滯，警方將持續釐清肇事原因。    ,https://news.ltn.com.tw/news/society/breakingnews/5552499
縱火害死女室友！男嫌穿短裙報案 求降保「想工作賠償」盼改科控,社會,2026/08/26 10:35,曾男先前穿著格子短裙前往派出所報案，被稱為「短裙男」，如今羈押變成「短褲男」。（記者楊心慧攝）新北市新莊區一名曾姓男子疑因精神狀況不穩，於2024年10月某日凌晨於分租套房縱火，造成同層租客一死一傷。一審國民法官依殺人罪判刑8年，案經上訴，高等法院認為原審程序有違法之處，7月22日撤銷原判決，發回更審。由於曾男將於9月3日羈押期滿，高院今開訊問庭，曾男請求法院准予具保停止羈押，並酌定較低的交保金額，讓他能外出工作、籌措賠償金，才能與被害人家屬談和解。曾男曾於2023年12月因懷疑租屋處遭人入侵，在屋內燃燒衛生紙引發火勢，所幸未造成傷亡，遭判刑2月、得易科罰金6萬元定讞。未料2024年10月某日凌晨2時50分許，他又在租屋處以打火機點燃隔簾，造成一名女租客吸入過量一氧化碳死亡，另有男性租客一氧化碳中毒。請繼續往下閱讀...案發後，曾男穿著格子短裙攔機車前往派出所報案，自稱因精神病症發作，為驅趕耳邊謾罵聲才點火，火勢失控後因不會使用滅火器逃離，離開前曾拍打套房房門、按住戶門鈴示警，檢方認為他無殺人犯意，依過失致死罪起訴。一審新北地院認為，曾男涉嫌殺人，變更起訴法條並交由國民法官審理，精神鑑定顯示，曾男患有持續性憂鬱症、興奮劑使用障礙症、酒精障礙症及邊緣性人格等問題，但犯案時辨識及控制能力未明顯受影響，國民法官認定成立殺人罪，考量符合自首減刑要件，判刑8年。案件上訴後，檢方主張另有2名室友遭火勢波及，原審卻未論及殺人未遂；辯方則指出，準備程序未將曾男是否具有殺人故意列為爭點，審理時才突然增加殺人罪審理，造成突襲性裁判。高院認為檢辯上訴均有理由，原審程序及判決確有違法，撤銷原判決，發回新北地院更審。高院今開訊問庭，曾男盼能夠交保，並請求較低的交保金，讓他能外出工作、籌措賠償金，才能盡快談和解；他認為持續羈押無助於解決問題，盼法院考量以限制住居、科技設備監控等替代處分，取代羈押。審判長諭知曾男延長羈押之聲請候核辦。    ,https://news.ltn.com.tw/news/society/breakingnews/5552488
雨天迴轉卡石塊！ 警方千斤頂神救援,社會,2026/08/26 10:30,蘇女在雨中駕車迴轉，右後輪卡住石塊受困。安平警獲報到場，以千斤頂撐起車身移除石塊，順利助脫困。（警方提供）雨天迴轉竟變成一場驚魂！蘇姓女子昨在大雨中駕車，右後輪不慎卡在路旁石塊上，輪胎不斷空轉，整輛車動彈不得，幸好巡邏員警冒雨趕到，拿出千斤頂撐起車身神救援，讓她順利脫困，警方今表揚救援的兩名員警。21日上午，當時台南已經進入暴雨，蘇女開車行經安平區打算迴轉時，沒想到，當地路旁空間實在太過狹窄，加上雨天視線不佳，她在操作方向盤的過程中未抓準距離，導致右後方車輪直接卡死在路邊的大石塊上，無論她怎麼踩油門，車輪只能無助地原地空轉，完全無法前進或後退選，在大雨滂沱之下，進退兩難，急得不知如何是好，只能無奈留在現場等待救援。請繼續往下閱讀...四分局安平派出所員警莊鴻德與林哲民當時正執行巡邏勤務，接獲通報立刻冒雨趕赴現場，抵達後馬上蹲在車旁檢查，評估後發現單靠人力無法將車移開，從巡邏車搬出千斤頂，兩人合力架設在座車右後方，小心翼翼將車身撐起，確認安全後迅速將卡死在輪胎下方的石塊移除，終於讓車輛回到平坦路面解除危機，蘇女對員警深表感謝。四分局長廖水池今天表揚兩位警員，也特別提醒駕駛人，行車轉彎或迴轉時，務必仔細注意路況及周遭的障礙物，遇到雨天更應該減速慢行，以確保行車安全。    ,https://news.ltn.com.tw/news/society/breakingnews/5552473
台南暴雨炸開人孔蓋、道路積水破損 2分局員警冒雨排除19處災情,社會,2026/08/26 10:12,台南大雨釀中西區積水、人孔蓋移位與車輛拋錨。管轄中西區的警二分局員警冒雨奔波，迅速排除19處災情，恢復交通順暢。（民眾提供）大雨狂炸，馬路瞬間變水路，連人孔蓋都跟著位移！連日強降雨讓台南中西區交通大亂，積水與車輛拋錨頻傳，台南市警二分局員警冒著傾盆大雨奔波，一口氣排除19處道路突發狀況，成功讓市區交通免於癱瘓，全數恢復順暢。受到近日連續強降雨影響，台南市中西區多處路段陸續出現災情。大量雨水宣洩不及，造成道路積水，水壓更導致部分人孔蓋移位，現場險象環生。大雨同時引發交通號誌故障，多部車輛在水中拋錨，卡在路中央動彈不得，讓交通雪上加霜。面對連串狀況，二分局全面動員，第一時間派員趕赴各受災路段，展開交通管制與疏導。請繼續往下閱讀...豪雨期間，基層員警不畏惡劣天候，全身濕透仍奔波於第一線。遇有積淹水、道路破損或車輛拋錨等通報，員警即刻抵達現場拉設封鎖線，並擺放交通錐警戒。警方在大雨中實施人車管制，引導車流避開危險區，直到積水退去才解除封鎖。總計在這波雨勢中，警方共防範並處置達19處道路警戒狀況，有效防止二次事故，目前全數狀況已排除，僅部分路段仍擺設交通錐待市府人員修補。警方呼籲，近期天候仍不穩定，民眾駕車遇大雨請務必減速慢行、開啟頭燈。駕駛人應隨時注意前方路況，切勿強行涉水通行；若發現路面坑洞或號誌異常，可立即通報二分局或相關單位處理，共同維護行車安全。    ,https://news.ltn.com.tw/news/society/breakingnews/5552445
苗栗無照男違規拒檢衝撞警車狂逃 疑毒駕送辦,社會,2026/08/26 10:08,苗栗無照男違規拒檢，衝撞警車狂逃 毒品快篩「陽性」被送辦。（圖由民眾提供）1名47歲黃姓男子昨（25）日深夜11點多駕駛轎車行經苗栗縣竹南鎮佳北二街時，黃男因車速較快未依規定減速慢行，且未使用方向燈遭巡邏員警攔查，黃男卻心虛竟大腳踩油門一路逃竄，直至今日凌晨0點多衝撞攔截圍捕的巡邏車，警方將其控制後進行毒品唾液快篩，赫然呈現安非他命陽性反應，全案依公共危險等罪嫌移送苗栗地檢署偵辦。竹南警方也將對黃男開出5張違規罰單，最高可罰18萬7200元。竹南警方今天指出，員警昨晚巡邏行經竹南鎮佳北二街時，發現黃男駕駛轎車違規，遂鳴器示意停車盤查。不料黃男不僅不理會，反而加速逃逸，一路一路尾隨跟車至山佳里國道3號交流道下方還不停繞圈圈躲避警車，警方最後攔停黃男時，黃男還直接衝撞警方巡邏車。請繼續往下閱讀...黃男面對盤查時神色慌張，自稱因沒考領駕照，擔心遭開罰才會鋌而走險駕車逃逸。然而現場經警方實施唾液快篩，結果呈現安非他命陽性反應，後續將採集檢體送驗確認是否涉及毒品施用或毒駕。全案警詢後已依法移送臺灣苗栗地方檢察署偵辦，並持續釐清相關案情。    ,https://news.ltn.com.tw/news/society/breakingnews/5552444
涉肢體性騷黃世杰女助理 60歲呂姓八德地方士紳起訴,社會,2026/08/26 10:07,黃世杰隨行女助理（左）於餐會時遭呂男肢體性騷。（資料照，記者鄭淑婷翻攝）民進黨桃園市長參選人黃世杰隨行女助理，今年6月間在八德區1場餐會活動，遭到60歲呂姓地方仕紳肢體性騷，桃園地檢署近日依違反性騷擾防治法將呂男起訴。今年5月16日黃世杰出席八德區1場地方餐會活動，呂男趁其隨行女助理陪同逐桌敬酒、不及抗拒之際對其肢體性騷，事後由市議員許家睿、黃瓊慧與團隊陪同報案，黃世杰也透過臉書發布支持助理提告的聲明，桃園地檢署於5月18日指揮八德警分局偵辦，訊後諭知呂男20萬元交保。請繼續往下閱讀...檢方於近日偵結全案，起訴指出，經勘驗現場錄影畫面及相關事證，當時呂男先是以右手攬住、搓揉女助理右肩膀，又以右手抓碰女助理的左手臂，並用左手環住她並搭肩，以此方式對女助理為性騷擾行為共3次，呂男所為涉嫌違反性騷擾防治法第25條第1項乘機觸摸罪嫌並將他提起公所，因3行為間基於單一決意，並於密接之時地侵害同一法益，請以接續犯論處。    ,https://news.ltn.com.tw/news/society/breakingnews/5552446
隔門連開3槍險殺警  屏東「軍火之王」二審認罪賠償換減刑,社會,2026/08/26 10:02,屏東吳姓男子私藏大批槍械，拒捕連開3槍險殺警。（資料照）屏東吳姓男子私藏大批槍械，員警持票攻堅時，竟隔著住宅大門持手槍連開3槍險些殺害員警，一審遭判刑近20年，吳上訴二審時不但全盤認罪，並掏出27萬元與3名執勤員警達成調解，二審法官認為他犯後態度良好，將殺人未遂罪部分撤銷改判為8年，持有槍械部分則維持9年2月。判決指出，吳男於假釋期間暗中囤積2支衝鋒槍、7支手槍及大批子彈，宛如小型軍火庫。2023年6月，警方獲報前往他家搜索時，吳男竟朝大門連射3槍，子彈貫穿門板飛過道路擊中對街民宅牆面，險釀員警重大傷亡。屏東地方法院審理時，吳男辯稱「以為是仇家、誤觸扳機」，律師甚至拿《兒童權利公約》主張維護兒童利益。請繼續往下閱讀...一審法官審視警方密錄器，認定員警當時身著標示清晰的警察制服，且破門聲音極大，吳男具備多次槍砲前科，操作槍枝極為熟練，絕無誤觸可能。法官認為，吳男將大量槍彈置於兒童同住之處，甚至在大門爆發槍戰，早已將孩子置於極度危險之中案經上訴，高雄高分院審理時，吳男改口坦承殺人未遂犯行，並以8萬元、7萬元與12萬元，分別與3名在場員警達成調解並給付完畢。法官認為，吳男在不同訴訟階段認罪，獲從輕量刑的幅度不同，他雖未在最初階段認罪，但二審自白並完成賠償，顯有悔悟，於是將殺人未遂原判9年10月下修至8年，至於槍砲部分，法官認定他藏匿大批軍火、嚴重威脅治安，原審量刑妥適，予以維持，全案仍可上訴。    ,https://news.ltn.com.tw/news/society/breakingnews/5552423
網美咖啡廳租屋糾紛！房東女兒車停門口噴「無良店家」 判決出爐,社會,2026/08/26 10:02,房東女兒為逼租客搬離，竟將自用小客車橫停於店門口，並在車罩上噴漆「無良店家」、「賴著不走」等字樣。（記者黃佳琳翻攝）鳳山一家熱門寵物咖啡廳因租約爭執引發糾紛，房東女兒蘇姓女子為逼店家搬離，竟將自用小客車橫停於店門口，並在車罩上噴漆「無良店家」、「賴著不走」等字樣，甚至在Google評論給予1星負評，法官認定蘇女以車輛妨害店家營業屬「強制罪」，判處拘役50日，至於Google留負評部分則判無罪。判決指出，2023年初，陳姓女子租下一間房屋經營寵物食品咖啡廳，租期5年，半年後，房東認定陳女違約私設攤位、於室內烘烤食材，單方要求解約。雙方陷入爭執之際，房東女兒蘇女於同年10月起，將汽車橫停在咖啡廳門口與馬路之間，並在車罩黏貼紙板或噴紅色漆，寫下「無良店家」、「違約設攤」、「屢勸不聽」、「解約還屋」等字句，時間長達兩個多月。請繼續往下閱讀...陳女不甘營業受阻，除了在門口貼告示向顧客解釋，也在店家Instagram發文說明「房東想單方毀約」，蘇女隨後至Google地圖評論區留下1星負評，怒批「這等無任何誠信可言……的無良店家租客」，遭陳女提告強制罪及公然侮辱罪。高雄地方法院審理時，法官認為，蘇女將車停在大門口，逼得顧客與貨物必須繞道，主觀上就是為了降低顧客消費意願、逼店家出面，已構成間接強暴行為，依強制罪判處拘役50日，得易科罰金。至於Google留負評被控公然侮辱部分，法官則認為，陳女先在IG公開論斷糾紛，蘇女隨後發表7大點陳述租約經過與自身觀點，雖使用「無良店家」字眼，但整體脈絡屬於對爭端的回應與自辯，並未逾越合理忍受界線，因此諭知無罪，可上訴。房東女兒為逼租客搬離，竟將自用小客車橫停於店門口，並在車罩上噴漆「無良店家」、「賴著不走」等字樣。（記者黃佳琳翻攝）    ,https://news.ltn.com.tw/news/society/breakingnews/5552434
東勢大橋疑有男子墜橋留有電動腳踏車 警消持續搜救中,社會,2026/08/26 10:01,東勢大橋疑有男子墜橋，警消持續搜救中。（民眾提供）台中市東勢區與石岡區交界處的東勢大橋，昨天傍晚有一名老翁坐在橋墩上後墜橋，溪水湍急，消防隊員漏夜搜尋未找到人，今天持續搜救中，東勢警分局在現場找到1輛電動腳踏車、雨衣和安全帽，警方以車追人，通知車主家屬，但民眾目擊與家屬提供的失蹤者年齡差太多，目前仍未能確定墜橋者身分。東勢警分局表示，昨天傍晚5時許，警方接到民眾通報有1名年逾70歲的男子跨坐在東勢大橋上後疑似墜橋，警方立即派員趕赴現場，並會同消防人員下橋搜尋救援。請繼續往下閱讀...警方初步調查，現場留有一輛電動腳踏車、雨衣和安全帽等物品，有目擊民眾表示，一名年逾70歲的老翁疑似自橋上墜落，警方調查發現確有一名男子自東勢大橋墜落，疑似電動腳踏車車主，但家屬指稱車主年齡僅50多歲，兩者年齡差距太大，致目前仍未能確認墜橋者身份，但消防局持續派員搜救中。    ,https://news.ltn.com.tw/news/society/breakingnews/5552430
偷拍狂大賣場偷拍結帳女子底褲 被抓包折斷記憶卡坦承「拍了不少個」,社會,2026/08/26 09:52,陳男涉嫌偷拍女子底褲，身上被搜出針孔攝影機。（記者鄭淑婷翻攝）58歲陳姓男子涉嫌在桃園市平鎮區大全聯偷拍女子底褲，當場被女子丈夫抓包，身上被發現小型針孔攝影機，陳男將記憶卡折斷企圖滅證，警方獲報趕抵將他帶回派出所，昨訊後依妨害秘密罪嫌移送桃園地檢署偵辦，涉及性騷擾部分則移請桃市府家庭暴力暨性侵害防治中心裁處。受害女子在網路發文指出，當時她與丈夫帶著小孩去買東西，結帳時遇到變態偷拍狂從後方由下往上偷拍她的底褲，丈夫發現後追出去逮人，在陳男身上發現小型針孔攝影機，陳男當下還心虛將記憶卡折斷，她提醒女性在公眾場合要小心、多留意。請繼續往下閱讀...陳男坦承偷拍，但強調沒有跟到廁所或伸到腳邊，不斷向受害女子說「是有拍不少個，但沒有拍隱私，只是拍腳，對不起啦，給個機會」，還說他手機沒有存，只是做壞事心虛，當下把卡折掉。陳男涉嫌偷拍女子底褲，身上被發現針孔攝影機，東窗事發時他還折斷記憶卡。（記者鄭淑婷翻攝）陳男涉嫌偷拍女子底褲，身上被發現針孔攝影機，東窗事發時他還折斷記憶卡。（記者鄭淑婷翻攝）    ,https://news.ltn.com.tw/news/society/breakingnews/5552416
嘉義分署9月聯合拍賣雲嘉23件不動產 有全新屋,社會,2026/08/26 09:48,法拍的雲林透天厝有全新廚具。（圖由行政執行署嘉義分署提供）行政執行署嘉義分署將於9月1日舉行聯合拍賣會，上午在雲林辦公室拍賣10件雲林地區法拍不動產，下午在嘉義分署拍賣13件不動產，下午3點30分起於嘉義分署進行股票及商標權拍賣，法拍物件皆低於市價。嘉義分署表示，針對交通欠稅及違規欠費案件採取強勢執行作為，本次拍賣有多件義務人欠繳交通稅費被強制拍賣不動產及股票，其中位於雲林縣斗南鎮建國二路3樓透天厝，邱姓義務人欠繳房屋土地交易所得稅、地價及房屋稅，另累欠多筆牌照稅、交通違規罰鍰合計13萬2000元，總欠繳金額逾166萬餘元。請繼續往下閱讀...該拍賣物件地坪27.22坪，建坪有88.53坪，為2023年全新完工的3樓房屋，1樓為客廳，後側廚房有瓦斯爐等廚具，2、3樓共有4間房間均有衛浴設備，頂樓有熱水器，樓層間有電梯，拍賣房地原價2000萬元，目前第3拍最低拍賣價格為1620萬元，僅為原價8成，遠低於附近房地交易的實價登錄價格。嘉義分署表示，參與行政執行分署法拍會，能以優惠價格購得理想物件，還可支持公益，民眾如欲了解拍賣或變賣相關事宜，可至嘉義分署官網、臉書粉絲專頁查詢，或電洽05-2711133。法拍的雲林透天厝。（圖由行政執行署嘉義分署提供）法拍的雲林透天厝有電梯。（圖由行政執行署嘉義分署提供）    ,https://news.ltn.com.tw/news/society/breakingnews/5552422
210萬贓款「車底交接」再轉高鐵廁所 車手僅賺千元判1年8月,社會,2026/08/26 09:47,溫女當車手，獲利1000元，被判1年8月。（資料照）彰化縣施男被騙210萬元，親自交付現金給車手温女，溫再交予收水手葉男和總收水手蘇男，三人合力製造金流斷點，順利把210萬元交給上手，溫女獲得報酬才1000元，葉男6000元，蘇男2000元，最後被警方「一鍋端」，三人落網。案件進入審理，溫女被判1年8月，葉男2年2月，蘇男2年3月。判決書指出，施男投資虛擬貨幣被騙210萬，溫女佯裝成幣商到府收款210萬元，再依指示，把贓款放在施男住家外一部汽車下面，葉男接獲通知，前往車子下方取款，再攜至高鐵烏日站停車場的廁所，交給林男（另案審理），林男再拿到高鐵站內廁所交給「TIGER」。任務完成溫女、葉男、蘇男分別獲得報酬1千元、6千元、2千元。請繼續往下閱讀...雖然現金已無法追回，但警方透過監視器，先抓到取款的溫女，再透過路口監視器發現葉男蹲身車下取款，2人一併帶回警局，總收水手蘇男最後落網，他坦承洗錢犯行，但否認詐欺，辯稱是依友人「Tiger」指示進行虛擬貨幣交易，不知款項來自詐騙。但法院認定，三人均無虛擬貨幣交易經驗與專業，收款過程刻意使用鈔票暗語、前後進出廁所、不點清金額、不簽收據，顯與正當交易不符，且短時間內層層轉交，主觀上具詐欺犯意，所辯不足採信，應負共同正犯責任。分別判處溫女被判1年8月，葉男2年2月，蘇男2年3月。    ,https://news.ltn.com.tw/news/society/breakingnews/5552378
花蓮男持汽油要脅妻見面 預備放火判刑七月,社會,2026/08/26 09:46,花蓮地方法院。（記者王錦義攝）花蓮高姓男子今年2月因即將與妻子離婚心情不佳，竟在妹妹的住處當著母親的面持汽油桶將汽油潑灑於地板，並持打火機作勢點燃，藉此要求與妻子見面，警方獲報到場當場逮捕。花蓮地方法院依預備放火燒燬現供人使用之住宅罪，判處高男有期徒刑7月，扣案汽油桶及打火機均沒收，全案仍可上訴。檢警調查，今年2月間，高男因即將與妻子離婚、心情不佳，在妹妹的住處手持汽油桶，當著母親面前把桶內汽油潑灑在住宅地板上，並持打火機作勢點燃，藉此要求與妻子見面，警方獲報後到場，當場把高男逮捕，依據恐嚇危害安全罪、刑法第173條第3項、第1項放火燒燬現供人使用之住宅未遂罪等罪嫌起訴。請繼續往下閱讀...法院審理時，高男坦承犯行，法官認為，高男雖把汽油潑灑於地面並持打火機作勢點燃，但經查扣案的打火機內並無燃料、且燃料箱與點火裝置已分離，並無實際點火功能，因此認定高男行為尚未達到「著手」點燃引火媒介物的程度，僅屬犯罪預備階段，並非放火未遂，故依預備放火罪論處，而非罪責更重的放火未遂罪。辯護人雖主張高男是因嚴重憂鬱症導致情緒失控所致，應依刑法第19條第2項規定減輕其刑，並提出診斷證明佐證；法院審酌高男案發前後言行舉止與常人無異，警詢時也能清楚陳述行為動機與經過，認定其辨識及控制能力並未因病況顯著受影響，因此不予減刑。高姓男子犯案後遭法院羈押六個月，加上母親在庭訊中明確表示無意追究，法院宣判後裁定3000元交保，法官也要求被告禁止對母親實施身體、精神或經濟上騷擾、控制、脅迫或其他不法侵害行為的附帶條件，若違反相關條件，法院仍得命再執行羈押。自由電子報關心您︰自殺不能解決問題，勇敢求救並非弱者，社會處處有溫暖，一定能度過難關。安心專線：1925 生命線協談專線：1995。張老師專線：1980    ,https://news.ltn.com.tw/news/society/breakingnews/5552420
揪出史上最大共諜！主任檢察官詹騏瑋轉攻律界 部長鄭銘謙親勉11字,社會,2026/08/26 09:40,詹騏瑋曾偵辦前少將的「史上最大共諜案」，泰國房產跨境吸金案及跨境海洛因走私案，未來將主攻刑事、企業白領犯罪領域。（記者劉詠韻翻攝）借調法務部檢察司辦事的主任檢察官詹騏瑋卸下紫袍，今正式轉任律師。回顧他14年檢察官生涯曾揪出前少將的「史上最大共諜案」，泰國房產跨境吸金案及跨境海洛因走私案，未來將主攻刑事、企業白領犯罪領域。法務部長鄭銘謙獲悉後，則親自勉勵他「持守正道，為司法共同努力」。詹騏瑋為司法官51期，畢業於台大法律系財經法學組，並取得台大公法組法學碩士，歷任新北、台北及澎湖地檢署檢察官、主任檢察官，曾在檢肅黑金、重大刑案國安、緝毒及重案公訴等專組歷練，辦案觸角橫跨國安、金融犯罪、毒品、公務員貪瀆及企業白領犯罪。請繼續往下閱讀...金融犯罪方面，詹騏瑋曾偵辦北聯幫幫主王際平等人以投資泰國房地產為名非法吸金案，從一封檢舉函追查業者以投資泰國「瑞傑花園」為號召，透過固定收益、保證回購等條件吸引投資人投入資金，吸金逾6億元。值得一提的是，檢方詳實調查資金募集方式、固定報酬及保證回購等交易實質，認為已涉及銀行法禁止的非法吸收資金行為，成功將王際平、前台東市長陳建閣等人定罪。詹騏瑋在緝毒專組期間，指揮警調團隊破獲多起製毒工廠、跨境運毒案件，曾偵辦當年最大宗一級毒品海洛因走私案，查獲約94公斤來自金三角的「一帆風順」海洛因磚，黑市價高達24億元。此外，詹也曾偵辦警員經營大麻工廠等重大毒品案件；在黑金及貪瀆領域，則處理多起公務員貪瀆案件，並曾協辦SOGO立委集體貪污案。國安案件中，詹騏瑋曾承辦空軍退役少將錢耀棟、陸軍退役中校魏先儀共諜案。檢調追查發現，中國情報人員謝錫璋長期透過退役軍官在台建立人脈，接觸對象涉及多名現、退役高階將領，案件當年一度被媒體稱為「史上最大共諜案」。包括時任國防部副部長、上將張哲平等高階將領均曾因相關接觸情形接受調查。北檢偵查認定錢耀棟、魏先儀明知謝具有中國情報背景，仍替其引介現、退役軍官，依違反國家安全法起訴。企業白領犯罪方面，詹騏瑋另曾承辦資策會控告高虹安背信等罪案。案件涉及赴美進修、衍生公司、研發成果及專利歸屬等爭議，檢方偵查後認為，欠缺證據證明高具有背信犯意或造成資策會財產損害，部分爭議則涉及公司間授權及契約關係，依法不起訴。詹升任主任檢察官，先後歷任澎湖、新北及台北地檢署主任檢察官，並借調法務部檢察司辦事，從第一線偵查轉入中央檢察行政工作。借調期間，詹負責肅貪、科技偵查及資恐防制等法制研擬、政策規劃與跨機關協調，也參與AI科技相關計畫，將第一線偵辦經驗延伸至刑事政策及制度形成。對於卸下檢察官身分，詹騏瑋表示，在檢察體系服務十餘年，歷經偵查、公訴及檢察行政等職務，已累積相當完整的實務經驗，「現階段希望轉換不同角色，接受挑戰，貢獻所學」，因此決定轉任律師。據了解，詹騏瑋離開檢察體系前，法務部長鄭銘謙也勉勵他「持守正道，為司法共同努力」。未來詹將把重大刑案偵辦及中央法制政策的雙重經驗帶入律師實務，執業領域將以刑事案件、企業白領犯罪及法令遵循等為主。    ,https://news.ltn.com.tw/news/society/breakingnews/5552364
不爽同住姪聲請保護令 叔半夜施怪招大聲唱歌被判刑,社會,2026/08/26 09:37,叔叔想到怪招，半夜屋外大聲唱歌，南投地院以違反保護令罪名判刑2個月。（記者陳鳳麗攝）潘姓男子與姪子及其2名小孩同住，因動輒怒罵咆哮，並會暴力相向，姪子為保護自己和小孩的安全，向南投地院聲請保護令，警方告知潘男法官已核發暫時保護令，不得對姪子和其小孩家暴、騷擾，他想到「不讓你睡」怪招，半夜在屋外大聲唱歌讓姪兒一家無法睡覺，南投地院法官以違反保護令罪判刑2月。南投縣潘姓男子平常遇到不順心的事，就會對同住的姪子和他的兩個小孩破口大罵，喝酒後更會大聲咆哮、怒摔桌椅，甚至暴力相向。請繼續往下閱讀...潘男的姪兒無法搬家，又擔心孩子和自己會被暴力叔叔傷害，因此向警方報案，由警方協助向南投地院聲請保護令。南投地院今年4月7日核發暫時保護令，命潘男不得對姪子和2個小孩實施家庭暴力及騷擾行為。警方在4月13日上午10點多，告訴潘姓男子法官核發保護令的內容，告誡他不能違反，違反就觸法，可處3年以下有期徒刑、拘役或科或併科10萬元以下罰金。潘姓男子越想越氣，但又不敢再對姪子一家咆哮，晚上出去喝酒，想到報復的怪招，當日深夜近12點，就在屋外大聲唱歌，歌聲響亮且唱不停，要讓姪子和其小孩無法睡覺。潘男的姪子報警指叔叔夜半唱歌騷擾全家違反保護令，南投地檢署檢察官起訴聲請簡易判決，南投地院法官認為，潘男在住所前大聲唱歌，嚴重影響姪子和兩個小孩居住安寧，已屬騷擾行為，顯見其法治觀念淡薄，所為確有不該，因他有坦承犯行，因此以違反保護令罪判處有期徒刑2個月。    ,https://news.ltn.com.tw/news/society/breakingnews/5552393
波麗士變身爵士浪子衛武營開唱 浮誇「喪屍、小金魚」笑翻全場,社會,2026/08/26 09:33,鳳警舉辦草地音樂會，將爵士鼓、薩克斯風、長笛及熱舞融入犯罪預防，吸引大批親子同樂。（圖由警方提供）嚴肅的警察大人登台宛如樂團主唱，甚至還能變身「喪屍」？鳳山警分局22日下午，在衛武營國家藝術文化中心榕樹廣場舉辦「鳳警響樂．平安一夏」草地音樂會，顛覆傳統政令宣導的枯燥印象，將爵士鼓、薩克斯風、長笛及熱舞融入犯罪預防，吸引大批親子同樂。活動亮點不斷，鳳崗派出所副所長陳宏杰深情獻唱經典歌曲《我是一隻魚》，還妙語如珠提醒民眾面對假投資與假網購，千萬別當了任人宰割的「小金魚」。員警更不計形象演出情境劇《投資致富夢》，主角從幻想發財到血本無歸、流落公園，反差極大的搞笑演技讓台下笑聲不斷，深刻揭露高獲利投資陷阱。請繼續往下閱讀...針對新興毒品，反毒宣導同樣一改說教。員警以活潑的「喪屍」情境劇，誇張演繹施用俗稱「喪屍煙彈」（依托咪酯）後的意識異常與身體失控，警告「毒駕」的嚴重危險。有獎徵答時，成功派出所副所長黃捷城即興折氣球，原本要折「小兔子」卻意外變成「貴賓狗」，童趣插曲逗樂全場，成功拉近警民距離。嚴肅的警察大人登台宛如樂團主唱。（圖由警方提供）    ,https://news.ltn.com.tw/news/society/breakingnews/5552365
台中色保全「襲胸掀裙」猥褻女秘書   自白書成鐵證判9月,社會,2026/08/26 09:08,台中邱姓保全，去年趁社區女秘書上廁所，對她襲胸、掀裙摸下體，台中地院依強制猥褻罪，判處9月徒刑。（記者陳建志攝）台中一名邱姓保全，去年8月趁保全公司派駐同一社區的女秘書小花（化名）上廁所時，竟趁機環抱撫摸胸部，還掀起裙子企圖摸下體，所幸小花奮力抵抗才逃離並報案，檢察官偵訊時邱男辯稱只是開玩笑，但自白書寫下「一時衝動襲胸、掀裙子」成鐵證，台中地院審理後，依強制猥褻罪，判處邱男有期徒刑9月，可上訴。中檢起訴指稱，邱姓男子和小花（38歲，化名）都是同一家保全公司，派駐台中南屯一處社區的保全和社區秘書，沒想到2025年8月31日晚間6點多，邱男趁小花上廁所無人在旁的機會進入廁所。請繼續往下閱讀...邱男先以雙手推小花的雙肩將她推至牆邊，無視她持續掙扎及尖叫，以雙手壓住小花雙手，並以從正面伸手及背面環抱的方式強行摸撫小花胸部，且強行將其裙子往上掀至腰部，伸手欲碰觸其下體，直到小花強力抵抗才趁隙逃離廁所，造成左手腕扭傷、右踝韌帶扭傷、左手拇指掌指骨間關節扭傷的傷害。檢察官偵訊時，邱男否認有強制猥褻犯行，辯稱是在跟小花開玩笑，強調兩人平常就這樣打打鬧鬧，所以想嚇她，並沒有摸她的胸部，只有用右手摟她的腰，還說願意給付20萬元作為賠償。不過檢察官發現，邱男事後寫下自白書表示「一時衝動將對方推進廁所內實行襲胸及掀裙子等行為」、「把被害人推進廁所、撫摸胸部，把被害人的裙子整個往上掀到肚子……甚至要伸手撫摸被害人的下體」，檢方認為若無此事為何要承認？依強制猥褻罪將他起訴。台中地院審理後認為，邱男為逞一時色慾，不知尊重他人身體及性自主意願，竟對被害人強制猥褻，造成她身心受創，審酌偵訊時否認，直到審理時才承認，依強制猥褻罪，判處有期徒刑9月，可上訴。    ,https://news.ltn.com.tw/news/society/breakingnews/5552362
竹市東大路三段鐵皮屋民宅火警  消防局救出3人,社會,2026/08/26 08:44,竹市東大路三段鐵皮屋民宅火警，消防局救出3人。（圖由消防局提供）新竹市東大路三段一處鐵皮加蓋民宅，早上7點多發生火警，一度傳出有2人受困，所幸消防員積極搶救，將屋內所有民眾即時疏散救出，火勢已於8點撲滅，至於起火原因正由消防局調查當中。消防局7點36分受理民眾報案，指東大路三段一處鐵皮屋發生火警，7點44分趕到現場灌救，回報為二級火警，2樓有2民眾受困。請繼續往下閱讀...消防局出動13車，警消29名前往救援，發現現場為3層樓鐵皮加蓋住宅用途。原本有4名住戶，屋內引導逃生3人，1人稍早已出門上班。7點58分現場火勢控制，清理火警確認無人員受困。消防局表示現場為2層樓RC住宅用途，3樓鐵皮加蓋，起火原因正由消防局調查當中。    ,https://news.ltn.com.tw/news/society/breakingnews/5552354
涉無償提供陳雪生「少將級特助」 楊肅元150萬交保,社會,2026/08/26 08:21,台北地檢署檢察官偵訊後，認定楊肅元涉犯貪污治罪條例中行賄罪，諭知150萬元交保，並限制出境。（記者吳昇儒攝）首次上稿 08-25 23:56更新時間 08-26 08:21國民黨立委陳雪生涉嫌接受金欣海運等關聯企業無償提供助理人力及詐領助理費，昨（25）日被檢察官諭知200萬元交保。而金欣海運實質負責人楊肅元因涉嫌提供無償特助給陳雪生，今天被檢調傳喚。台北地檢署檢察官偵訊後，認定楊肅元涉犯貪污治罪條例中行賄罪，諭知150萬元交保，並限制出境、出海。請繼續往下閱讀...現年80多歲的楊肅元曾擔任國大代表，兒子楊鎮浯更擔任過金門縣長，且與立委陳雪生有30年的交情，其家族經營的金欣海運等企業，長期獨攬中油自高雄運往金門的海運標案。但因2019年間金欣海運旗下油輪「金航貳號」主機突發故障，無法運送油料至金門，導致金門油料短缺；依照台灣中油與金欣間的合約規定，該公司應派船替代履約，並承擔相關費用。金欣海運實質負責人楊肅元為避免高額違約罰款與龐大運輸成本，涉嫌找上陳雪生幫忙施壓，讓中油同意「提前解約且免罰結案」。偵辦人員比對相關資料後發現，楊肅元旗下關聯企業在關說案後，竟無償提供海軍敦睦艦隊退役少將范寶華，擔任陳雪生的國會特助，由廠商提供上百萬元薪水。范寶華在檢調第一波搜索約談行動中獲50萬元交保。檢察官今日以被告身分傳喚楊肅元釐清兩者有無對價關係，是否涉嫌行賄；深夜複訊後，諭知楊肅元150萬元交保，並限制出境、出海。助理薪資廠商付！涉貪藍委陳雪生200萬交保 業者黃玉如100萬交保涉無償提供「少將級特助」供陳雪生運用  楊肅元晚間送北檢複訊台北地檢署檢察官偵訊後，認定楊肅元（右）涉犯貪污治罪條例中行賄罪，諭知150萬元交保，並限制出境。（記者吳昇儒攝）    ,https://news.ltn.com.tw/news/society/breakingnews/5552246
國1湖口段半聯結車翻覆 3車連環撞釀2傷,社會,2026/08/26 08:17,國道湖口段半聯結車翻覆，釀成3車連環撞。（國道警方提供）國道1號北向75公里湖口路段今晨發生交通事故，警方調查，50歲王男駕駛營業半聯結車行駛外側車道，疑精神不濟，撞擊前方同車道前車後，失控撞內側護欄側翻占用全線車道，後車因閃避不及撞上，造成3輛車連環車禍，現場已在7點許排除，全案車禍原因調查中。國道公路警察局第二公路警察大隊表示，今天凌晨3點許於國道1號北向75公里湖口路段發生交通事故案，王男駕駛營業半聯結車行駛外側車道，疑精神不濟撞擊前方同車道陳男駕駛的營業半聯結車，王男駕駛營業半聯結再失控撞內側護欄側翻占用全線車道，後方行駛中線車道由傅男駕駛全聯結車因閃避不及撞該車而肇事。請繼續往下閱讀...這起事故造成王男、傅男駕駛四肢擦挫傷送往桃園天成醫院診治，陳男無受傷，各車駕駛人酒測值均為0，現場於近7點排除恢復通車，後續由楊梅分隊依規定處理。大隊呼籲用路人開車務必遵守行車安全規定，注意車前狀況，切勿分心或疲勞駕駛，並應保持良好精神及專注力，隨時與前車保持適當安全距離，以確保他人與自身用路安全，疲勞時應下交流道或至服務區休息，避免事故發生。疑疲勞駕駛肇禍，國1北向湖口路段清晨全線受阻。（國道警方提供）國道湖口段半聯結車翻覆，釀成3車連環撞。（國道警方提供）    ,https://news.ltn.com.tw/news/society/breakingnews/5552318
闖關3度失敗！北科大副教授8年未升等被資遣 提行政訴訟保飯碗失利,社會,2026/08/26 07:28,北科大。（資料照）國立台北科技大學製造科技研究所前副教授孫殷同，因未在校方規定的8年期限內完成升等，遭認定違反聘約情節重大而不續聘並資遣。孫提起行政訴訟主張校方審查程序有瑕疵，但台北高等行政法院認定校方處分合法，判決孫男敗訴；全案仍可上訴。判決指出，孫殷同2015年2月1日受聘為北科大專任副教授，依校方「新聘教師限期升等辦法」，副教授須於起聘8年內完成升等。校方於孫殷同任職第6年起成立輔導小組，陸續進行多次訪談與升等輔導；孫殷同任職期間曾3度申請升等教授，其中2度因無法取得代表著作合著人證明而自行撤回，第3次則遭系教評會否決，最終未能在期限內完成升等，校教評會決議不予續聘並以資遣辦理。請繼續往下閱讀...孫殷同提起行政訴訟主張，校方以研究、教學及服務表現不足作為不續聘理由，但相關標準欠缺明確依據。此外，他在任職期間共發表13篇SCI或SSCI論文，其中7篇為第一作者或通訊作者，校方卻以研究表現不佳等由否決其升等，但並未提出具體量化標準。另，孫也認為，校方曾刪除其授課使用的Mastercam軟體，並將他調往五專部授課，導致教學評量受到影響，相關因素均未獲充分考量。北科大則主張，校方聘約及限期升等辦法均明定，新聘副教授須於期限內完成升等，否則視為不符學校教學、研究及服務整體發展需要，屬違反聘約情節重大。校方也指出，孫男歷經多次輔導仍未完成升等，其升等案遭否決時，教評會已認定其研究缺乏特殊創見、獨立研究能力不足，教學與服務表現亦有待加強。法院審酌後認為，大學基於自治權，本得透過聘約及相關辦法規範教師升等義務。校方在孫男未通過升等前，已成立輔導小組進行多次輔導，並經各級教評會審議；校教評會作成不續聘及資遣決議時，也曾讓孫男列席陳述意見，程序並無違法。法院指出，校教評會審議時已就孫男的論文數量、研究計畫內容、是否具獨立研究能力，以及教學與服務表現進行討論，並非僅以未升等為唯一依據。至於孫男主張教學資源遭刪減、調任五專部等情形，法院認為不足以推翻校方判斷，判決駁回孫男請求，全案仍可上訴。    ,https://news.ltn.com.tw/news/society/breakingnews/5552302
指南宮大火損毀 重建經費、時程難估 凌霄寶殿一樓全毀 如何復舊需評估,社會,2026/08/26 05:30,台北市文山區著名廟宇指南宮前晚發生火災，凌霄寶殿一樓全毀，二樓局部受損。（記者陳逸寬攝）台北市文山區知名廟宇指南宮凌霄寶殿前晚發生火災，由於凌霄寶殿內部多為木造建築，且水源缺乏，搶救不易，消防人員灌救三個多小時才完全撲滅火勢，幸無人傷亡，但造成凌霄寶殿一樓全毀，二樓以上局部受損。火調人員初步勘驗，不排除長時間使用明火，或電氣設備老舊釀禍，確切起火原因待釐清。起火點在一樓 原因待釐清台北市消防局前晚八時四十八分接獲報案，指南宮凌霄寶殿發生火警，隨即派遣大批消防人車前往灌救，十時七分控制火勢、昨凌晨零時九分撲滅，燃燒面積約一千五百平方公尺。請繼續往下閱讀...消防局第一大隊長葉俊興指出，凌霄寶殿為地上三層、地下二層建物，大部分是木造建築，內部可燃物非常多，火勢在一、二樓迅速燃燒，加上指南宮位處山區，水源缺乏，搶救受限，經查一樓全毀，二樓約三分之一燒毀，研判起火點在凌霄寶殿一樓。若接受捐助 重建專款專用台北市長蔣萬安昨早前往勘災表示，市府會全力協助至重建完成；指南宮主委高超文表示，起火處在三清殿前面，至於重建，因寺廟建築與一般住宅建築不同，加上工法特殊，師傅難找，尚難以估算重建所需的經費及時程；後續若接受捐助，將專款專用於重建。台北市結構工程技師公會理事長徐茂卿說明初步勘查結果，凌霄寶殿內部木造建築裝飾物毀損較為嚴重，建築構造體雖有部分龜裂，初判只有一樓結構受損，後續如何復舊，仍需要評估。    ,https://news.ltn.com.tw/news/society/paper/1768083
凌霄寶殿 指南宮中最高殿宇,社會,2026/08/26 05:30,台北市文山區著名廟宇指南宮24日深夜大火，凌霄寶殿一樓近全毀，二樓局部受損。（記者陳逸寬攝）指南宮主祀呂洞賓，清光緒八年（一八八二年），淡水知縣王斌林來台履任時，將呂仙祖分靈迎奉來台，先供奉在艋舺（今萬華）玉清齋，後因景美街傳染病流行，造成鄉民病死，當地士紳將呂仙祖神像請到景美，傳染病漸漸平息，士紳感念其庇佑，遂在現址建宮，因呂仙祖在天庭居於南宮，故命名為「指南宮」。「凌霄寶殿」於一九六六年落成，又被稱為玉皇殿，是指南宮中最高的殿宇，建築及屋頂裝飾精美，為台灣宮殿建築的典範。（記者孫唯容）    ,https://news.ltn.com.tw/news/society/paper/1768158
「指南宮無文資身分 重建方向廟方決定」,社會,2026/08/26 05:30,指南宮凌霄寶殿入口石獅遭火焚破損碎裂，僅剩基座。（記者陳逸寬攝）台北市文山區指南宮凌霄寶殿遭祝融，一樓幾乎面目全非。台北市文化局局長蔡詩萍表示，損害的文物須待廟方提供清冊才能判斷，因指南宮無文資身分，廟方可自行決定重建方向，文化局會配合相關局處，盡力協助。北市文化局稱會盡力協助蔡詩萍昨天一早到現場了解受災情形，他表示，尚難就指南宮重建給予初步協助的規劃。因為指南宮並無文資身分，損害的文物也須待廟方提供清冊才能判斷，文化局會配合相關局處盡力協助重建。另一方面，因沒有文資身分，未來的重建方向可由廟方自行決定。請繼續往下閱讀...指南宮至今已有一百卅六年歷史，占地廣大，建築群融合傳統閩南與北方宮殿風格，主建築為兩殿兩過水兩護室的格局；凌霄寶殿於一九六三年興建、一九六六年落成，又被稱為玉皇殿，吸引無數香客造訪。近年改建屋頂，大部分木構造仍保存廿世紀初期台灣最重要寺廟建築師陳應彬的作品特色；雖有豐富的歷史文化及藝術雕刻，但未曾主動提報，也未經台北市文化資產審議列為古蹟或歷史建築，主要以民間宗教聖地與觀光景點營運。指南宮呈現「儒、道、釋三教合流」特色，不僅主祀呂洞賓，還供奉玉皇大帝、三清道主、瑤池聖母等神明。呂洞賓是民間熟知的「八仙」之一，民間盛傳情侶攜手參拜「會分手」，被封為「情侶禁地」。不過，指南宮文化研究中心考證說，早期並非情侶禁地，常可看到情侶結伴參拜。這次遭祝融的凌霄寶殿以裝飾宏偉、華美聞名，一九六九年上映的好萊塢電影《飛越北京》（The Chairman）曾專門來台取景，男主角由曾主演《羅馬假期》的好萊塢巨星葛里哥萊畢克（Gregory Peck）擔任，吸引不少民眾圍觀。指南宮大火燒毀凌霄寶殿一樓，神像也遇火劫。（記者陳逸寬攝）指南宮大火燒毀凌霄寶殿一樓，現場滿目瘡痍。（台北市結構工程技師公會理事長徐茂卿提供）    ,https://news.ltn.com.tw/news/society/paper/1768157
繼承檳榔園涉水保法 花蓮議長判半年,社會,2026/08/26 05:30,花蓮縣議會議長張峻表示，被起訴的這片檳榔園是祖父、父執輩留下來，已存在數十年，由他繼承，因長輩年紀漸長，無法再照顧及採收，身為晚輩不忍父親的心血白費，才協助處理既有檳榔的採收與承包，他本身沒有新種任何一棵檳榔、沒有重新開山、沒有整地，也沒有使用大型機具開墾。（資料照，取自臉書）花蓮縣議會議長張峻涉及一起違反水土保持法案件，花蓮地方法院近日一審判決，依非法占用致水土流失未遂罪，判處有期徒刑六月，得易科罰金。張峻：未新種檳榔、未整地 將上訴張峻表示，被起訴的這片檳榔園是祖父、父執輩留下來，已存在數十年，由他繼承，因長輩年紀漸長，無法再照顧及採收，身為晚輩不忍父親的心血白費，才協助處理既有檳榔的採收與承包，他本身沒有新種任何一棵檳榔、沒有重新開山、沒有整地，也沒有使用大型機具開墾，本案沒有造成水土流失，更沒有釀成任何災害；之後也依法申租、繳納補償金，最後將會依規定返還國家。他並表示將提起上訴，讓二審依證據繼續釐清。請繼續往下閱讀...花蓮地方法院審理時認定，原始林相已遭人為干預、大範圍僅剩雜草生長，難認涵養水源功能沒有受影響之虞；惟因無證據證明已實際造成水土流失結果，依罪疑唯輕原則，論以未遂犯而非既遂犯。    ,https://news.ltn.com.tw/news/society/paper/1768161
韓青山還亂經濟 虛構1.5億交易逃漏稅3千多萬,社會,2026/08/26 05:30,中打拘提韓青山等人，並搜索查扣空氣槍（左起）、刀械與球棒、防彈背心等證物。（資料照，中打提供）雲林縣麥寮鄉代會主席韓青山，遭控向土尾業者暴力收取保護費，雲林地檢署追查發現，韓青山開設公司從二〇一八年起，與八家旗下或友好廠商，開立一三七張不實發票，企圖逃漏稅超過三三〇〇萬元，除暴力犯罪外更企圖擾亂經濟秩序。雲林檢方查出，韓青山為公司負責人，其妻陳女擔任公司財務長，王姓女子則擔任會計，為規避稅金，向八家廠商索取空白發票，再填載不實交易內容，或者由廠商配合公司匯入款項，開立不實發票，短短六年間製造虛假交易，再由王女提領現鈔回流，開出一三七張總額逾一．五億元虛增進貨的發票，逃漏七三二萬元營業稅及二六五六萬元營利事業所得稅。請繼續往下閱讀...檢方還查出，蔡姓男子得知韓青山公司開立不實發票，因此與其公司合作，企圖虛增每月百萬元的交易額，營造公司營業十分穩定，以此向貸款公司詐得五十萬元車貸。此外韓青山投資的酒店，為規避廿五％的加值、非加值型營業稅，將營收所得匯給案外人劉女，短漏報銷售額二二八三多萬元，逃漏五八九萬營業稅。對於檢方起訴，韓青山接受記者電訪時喊冤，並表示檢方指控內容不實，檢方把他當成故事主角杜撰情節，自己做過什麼事，麥寮人都很了解，未來將會在法庭以證據說話，捍衛自身清白。    ,https://news.ltn.com.tw/news/society/paper/1768156
麥寮鄉代主席韓青山 求刑20年／擁槍自重 暴力恐嚇土尾業者收保護費,社會,2026/08/26 05:30,雲林地檢署查出韓青山涉暴力收取保護費及逃漏稅，將他起訴求刑20年。（資料照）雲林縣麥寮鄉民代表會無黨籍主席韓青山涉嫌長期以暴力手段，向土尾業者勒索保護費逾一一二萬元，更開立一三七張不實發票企圖逃漏稅捐高達三三〇〇萬元。雲林地檢署昨偵查終結，將韓青出等廿六人起訴，檢察方痛斥韓表出身為民意代表，竟組成暴力集團橫行鄉里，對韓具體求刑廿年重刑。機場攔人 總計起訴26人雲林地檢署檢察官莊珂惠二〇二三年起查緝縣內多處農地遭回填廢棄物案件，發現多名土尾業者疑遭不法集團脅迫收取保護費，進一步蒐證發現韓青山疑涉入其中，隔年七月趁韓青山出國前兵分多路搜索及拘提，在桃園機場將韓攔截，並陸續帶回其餘涉案廿五人。請繼續往下閱讀...八家業者受害 得手上百萬檢方查出，二〇二二年起，韓與友人張男、黃男等人組成不法集團，告知多名土尾業者，要到麥寮回填廢土須先將地點、收料時間告知，否則無法施工，並指派黃男每週向業者收三至六千元「把風」保護費，若不遵從，即以圍場、攔車，甚至抽走怪手鑰匙等手段阻礙施工，致使土尾業者心生畏懼，被害業者多達八家，總計不法所得達一一二．七萬元。喬行車糾紛 在服務處打人檢方更揪出，二〇二三年間韓青山替與土尾司機林男發生行車糾紛的張男出頭，林男心生畏懼不敢出現而求助地方土尾業者，韓向業者放話，若不交出林男「會封殺全鄉土尾運作」，林男最後在友人陪同下至韓服務處致歉，但遭多人毆打，最後韓男出聲制止，才讓林男離去。不爽棒球教練 嗆見面就打此外，二〇二四年三月，韓不滿長期關注的國中棒球選手被高雄某職校教練挖角、未到麥寮就讀，去電向該名教練恐嚇「見一次打一次」，致使教練心生畏懼。檢方更在韓的服務處搜出六十顆制式步槍子彈、槍枝等。除了暴力案件外，韓所經營的公司更涉嫌透過開立多達一三七張不實發票，企圖逃漏稅超過三三〇〇萬元。檢察官痛斥韓身為民意代表，不思以身作則、守護地方、監督環境保護，竟組成暴力集團橫行鄉里，全案偵查終結，韓等人涉犯組織犯罪防制條例、強制、恐嚇、商業會計法等罪嫌，向雲林地院具體求刑廿年有期徒刑。    ,https://news.ltn.com.tw/news/society/paper/1768155
劫600萬還燒炭想滅口 惡煞判12年半,社會,2026/08/26 05:30,台中謝姓男子，前年夥同胡姓男子洗劫廖姓富商600多萬，還意圖燒炭滅口，台中地院昨依殺人未遂等罪嫌，判12年6月徒刑。（資料照）台中男子謝弘國與胡姓男子，前年六月潛入廖姓富商住處，持刀將廖男綑綁後，在屋內搜刮超過三六〇萬元的外幣、台幣，並持廖男的提款卡盜領二五四萬元。兩人擔心犯行曝光，竟決定滅口，先讓廖男服下不明藥物昏睡，再燒炭企圖製造中毒意外死亡的假象，所幸廖男醒來後趁隙報警才獲救。警方事後逮捕謝男，胡男則逃逸遭通緝，檢方依殺人未遂、加重強盜等罪嫌起訴謝男。台中地院開庭時，謝男認罪，但強調僅分到五十萬元。台中地院昨天宣判，謝男遭重判十二年六月。還有一男在逃遭通緝中檢起訴指稱，謝弘國（廿九歲）與胡姓男子得知廖姓男子家中放有大量財物，二〇二四年六月二日凌晨一點多，懸掛偽造車牌，駕車前往廖男位於台中西屯的住處，凌晨三點多趁廖男住處大門未關闖入。胡男持刀將廖男押到房間廁所，並將他綑綁後，開始在屋內搜刮財物。兩人在屋內搜刮外幣、新台幣、迪奧後背包、LV外套、LV手提包、勞力士金錶等財物，並集中放在床上。接著逼問廖男交出提款卡與密碼，由謝男前往自動提款機領款，前後共盜領二五四萬餘元。當天下午二點，胡男拿著搶來的外幣，搭乘Uber前往彰化縣員林市兌換，並由謝男在家中監控廖男的行動。請繼續往下閱讀...直到當晚八點多，兩人擔心犯行曝光，決定滅口，先讓廖男服下不明藥物昏睡，接著燒炭，企圖製造廖男一氧化碳中毒意外死亡的假象。期間廖男醒來，偷偷打開窗戶並趁隙報警才獲救。謝男後來落網，胡男則逃逸遭通緝；檢方依殺人未遂、加重強盜等罪嫌起訴謝男。台中地院審理時，謝男對檢方指控均認罪，辯護人則稱謝男僅分到五十萬元，且沒有拿到外幣。台中地院昨宣判，謝男依殺人未遂罪判九年十月、加重強盜罪判九年四月，定應執行有期徒刑十二年六月。    ,https://news.ltn.com.tw/news/society/paper/1768159
竹聯弘仁會 27歲販毒一條龍,社會,2026/08/26 05:30,竹聯幫弘仁會27歲幹部林峰敬籌組販毒集團被捕後移送檢方偵辦。（記者邱俊福翻攝）林峰敬等12人落網 收押後起訴竹聯幫弘仁會幹部林峰敬（廿七歲）籌組販毒集團，採廣告行銷、分裝及專車外送一條龍模式，在新北市承租老舊公寓作為分裝據點，短短十個月內海撈三千五百萬元。刑事警察局發動四波行動，順利逮捕林男、游姓金主等十二人，檢方聲押其中十人獲准，並依組織犯罪與毒品等罪嫌起訴。租老公寓當據點 不時更換避查警方調查，該集團分工縝密，為躲避追緝，不僅定期更換分裝場及毒品倉庫地點，更頻繁變更通訊軟體帳號。集團成員利用微信開設「皇財國際娛樂」、「日本藥妝店」及「五燈獎營業中」等帳號，將香菸、雞蛋與飲料等圖案作為毒品代號，在大台北地區兜售依托咪酯煙彈、愷他命、毒咖啡包、搖頭丸與哈密瓜錠等各類毒品，單價介於四百元至三千元之間。請繼續往下閱讀...該販毒網絡內部控管嚴格，透過Telegram群組管理旗下控台幹部與毒品外送員，由會計負責每天記錄銷售帳目並層層上交贓款，集團甚至制定獎金及抽佣制度激勵成員，組織運作頗具規模，增加檢警查緝難度。全案緣起於警方去年九月偵辦四海幫成員勾結詐騙集團案件時，意外發現共犯曾向林男所屬的販毒集團購買毒品吸食，進而擴大追查。專案小組在此次行動中，共查扣黑市價值約五百萬元的各式毒品，以及Ｋ盤、封膜機等大批證物。經分析會計帳冊，初估該集團從前年十月至去年八月期間，不法獲利達三千五百萬元。    ,https://news.ltn.com.tw/news/society/paper/1768160
8/25今彩539頭獎開1注！800萬獎落台中,社會,2026/08/25 22:20,8月25日開獎的第115000206期今彩539頭獎開出1注，第115000082期大樂透頭獎摃龜。（擷取自台彩官網、本報合成）8月25日開獎的第115000206期今彩539頭獎開出1注，由台中市西區大忠里忠明南路360號1樓「佳和彩券行」開出；第115000082期大樂透頭獎則摃龜。第115000082期大樂透中獎號碼「12、24、26、32、35、40，特別號：06」。頭獎摃龜；貳獎摃龜；參獎共15注中獎，每注可得11萬4566元；肆獎共72注中獎，每注可得1萬5343元；伍獎共1483注中獎，每注可得2000元；陸獎共2489注中獎，每注可得1000元；柒獎共2萬4912注中獎，每注可得400元；普獎共2萬7600注中獎，每注可得400元。請繼續往下閱讀...第115000082期49樂合彩中獎號碼為「12、24、26、32、35、40」。四合摃龜；三合共74注中獎，每注可得1萬2500元；二合共2424注中獎，每注可得1250元。第115000206期今彩539中獎號碼為「08、21、23、30、35」。頭獎開出1注，可得800萬元；貳獎共139注中獎，每注可得2萬元；參獎共5812注中獎，每注可得300元；肆獎共6萬5622注中獎，每注可得50元。第115000206期39樂合彩中獎號碼為「08、21、23、30、35」。四合共4注中獎，每注可得21萬2500元；三合共189注中獎，每注可得1萬1250元；二合共1萬905注中獎，每注可得1125元。第115000206期3星彩中獎號碼為「872」。壹獎共65注中獎，每注可得5000元。第115000206期4星彩中獎號碼為「7067」。壹獎共14注中獎，每注可得5萬元。確切中獎號碼以台彩網站公告為主，請見「台灣彩券網站」。大樂透、49樂合彩中獎號碼。（擷取自台彩官網）今彩539、39樂合彩、3星彩、4星彩中獎號碼。（擷取自台彩官網）    ,https://news.ltn.com.tw/news/society/breakingnews/5552153
台東男疑遭冷落失控掐妻踹腹 欲切腹自殘遭警強制就醫,社會,2026/08/25 21:32,女子在警車中不斷啜泣。（記者劉人瑋攝）台東今（25）日下午1時許傳出一起家庭暴力意外。一名男子疑因近期感受被妻子冷落而大發雷霆，過程中不僅動手掐住妻子脖子，甚至朝其腹部猛踹一腳。警消接獲報案指男子持雙刀欲砍妻，隨即派大批人力趕赴現場處理。警方抵達這處位於市郊、鄰居稀少的住宅時，雙方已停止爭吵，現場僅留有一把菜刀，與原先報案指稱的「雙刀」有所出入。受暴妻子仍在現場不斷啜泣並撫摸頸部，情緒尚未平復。據了解，男子在施暴後未再繼續威脅妻子，反而轉而持刀意圖切腹自殘，家人見狀焦急萬分才連忙報案。所幸整起事件未造成重大傷亡，相關人員僅受輕傷。請繼續往下閱讀...由於受害妻子在警詢過程中未能清楚交代完整案情，警方目前仍無法完成詳細筆錄，對外表示全案仍在深入偵辦中。警方現場已依法查扣菜刀，並將失控男子強制送醫治療，同時主動協助妻子聲請緊急保護令，以確保後續的人身安全。一度要切腹男子，所幸最終沒釀成重大傷亡。（記者劉人瑋攝）    ,https://news.ltn.com.tw/news/society/breakingnews/5552053
強迫車輪戰！台中印尼武術社爆集體私刑   移工想退社竟被活活打死,社會,2026/08/25 21:19,去年9月伊姓同鄉想退出武術社團，安男卻要求和9人對打，還踢擊伊姓同鄉下巴，造成頭部撞地顱內出血不治，檢方依傷害致死罪將安男起訴。（記者陳建志攝）台中印尼籍安姓男子（29歲）為印尼武術社團「PSHT」管理者，伊姓同鄉去年想退社，安男稱若要退社，要先和9名級別比他高的人對打，接著自己和他對打，卻違反規則踢擊下巴，造成他頭部撞地顱內出血不治，台中地檢署近日偵結，依傷害致死罪將安男起訴。中檢起訴指稱，印尼籍伊姓男子，原加入印尼武術社團「PSHT」，2025年9月21日中午12點多，在女友和一名同鄉陪同下，前往該社團烏日分部的練習場地要返還道服。請繼續往下閱讀...社團管理者安男明知伊男加入社團僅3個月，階級僅為黑色腰帶（腰帶級別由低至高為黑色、粉紅、綠色、小白、大白，大白以上可擔任教練），竟不顧伊男實際對打能力、當天身體狀況，要求伊男當天若要退社，必須逐一與當天到場各級別的人對打。伊男被迫依照指示，與4個大白、3個小白及2個綠色，一共9名級別都比他高的社員對打，對打後伊男體力、精神狀況已大幅下降，此時級別為大白的安男又和伊男對打，且違反僅能攻擊對手頭部以下、跨下以上部位的對打規則，直接以腳朝伊男下巴處踢擊。伊男因來不及防守、閃避，被攻擊後直接往後倒地，頭部因此撞擊地面，當天立即送醫急救，但因顱內左側硬腦膜下出血，導致腦水腫併發腦幹出血，造成中樞神經性休克於9月23日不治，警方獲報將安男查獲送辦。台中地檢署偵辦後，經調閱相關監視器與法醫相驗鑑識報告，認安男罪嫌重大，近日依傷害致死罪將他起訴，依法將由台中地院國民法庭審理。    ,https://news.ltn.com.tw/news/society/breakingnews/5552130
辦公室主任認罪了！ 犯罪事實更加明確 律師直言對高金素梅非常不利,社會,2026/08/25 21:05,立委高金素梅涉貪被起訴。（資料照）無黨籍立委高金素梅涉詐領公費助理費超過787萬元，及違法輸入中國製快篩試劑，今年6月初被台北地檢署依貪污等罪嫌提起公訴，今（25日）台北地院首次開庭，其辦公室主任利春仁當庭認罪求緩刑。有律師直言，連辦公室主任都坦承犯行，未來高金素梅想要否認犯罪，難度相當高，這次進展對高金素梅而言無疑是非常不利的。利春仁今日對於犯罪事實均不爭執，他的委任律師表示，利春仁上有高堂，下有幼女，且於本案並沒有取得犯罪所得，經濟狀況不佳，因此能負擔的緩刑條件僅有法治教育。今日也被傳喚的台東縣金峰鄉民代表會主席高勤書也坦承犯行，他透過律師表示，除了法治教育外，也願意接受易服勞役作為緩刑條件。請繼續往下閱讀...根據《民視新聞》報導，非本案律師李育昇直言，若連身邊的辦公室主任都在法庭上改口認罪，並為了爭取緩刑而交代詐領助理費的具體運作細節，將使整體犯罪事實更加明確，這會大幅增加高金素梅未來否認犯罪的難度，利春仁的認罪對高金素梅極為不利。    ,https://news.ltn.com.tw/news/society/breakingnews/5552127
街友醉鬧北車大廳、攻擊台鐵清潔員  鐵警現行犯逮捕,社會,2026/08/25 20:58,黃姓街友北車大廳滋事，鐵警依現行犯逮捕。（記者劉慶侯翻攝）長駐台北車站周邊的黃姓街友今日酒後車站大廳喧鬧，引起過往旅客側目。台鐵陳姓清潔管理員上前制止，反遭黃男毆打，直到警方據報到場壓制，訊後依鐵路法現行犯當場逮捕。警方表示，今（25日）晚間6時許，黃姓街友在台北車站大廳喝完酒後趁著酒意滋事，民眾見狀立刻通知附近的陳姓台鐵清潔管理員，陳員到場後立刻要求黃男停止喧鬧行為，但對方不為所動，反而毆打陳員。請繼續往下閱讀...鐵路警察隨後獲悉也趕往現場，當場依鐵路法以現行犯逮捕黃男，目前被帶往鐵路警察局台北分駐所所接受偵訊。警方表示，依據鐵路法規定，「以強暴、脅迫、恐嚇或其他非法之方法，妨害鐵路從業人員執行鐵路業務」，可處3年以下有期徒刑，得併科30萬元以下罰金。黃姓街友北車大廳滋事，鐵警依現行犯逮捕。（記者劉慶侯翻攝）    ,https://news.ltn.com.tw/news/society/breakingnews/5552148
8/25 大樂透、今彩539獎號出爐啦！,社會,2026/08/25 20:50,大樂透、49樂合彩開獎號碼。（擷取自三立iNEWS《全民i彩券》）今天（8月25日）台彩各項開獎獎項及獎號。大樂透：12、24、26、32、35、40，特別號：06。請繼續往下閱讀...49樂合彩：12、24、26、32、35、40。今彩539：08、21、23、30、35。39樂合彩：08、21、23、30、35。3星彩：872。4星彩：7067。確切中獎號碼以台彩網站公告為主，請見「台灣彩券網站」。今彩539、39樂合彩開獎號碼。（擷取自三立iNEWS《全民i彩券》）3星彩開獎號碼。（擷取自三立iNEWS《全民i彩券》）4星彩開獎號碼。（擷取自三立iNEWS《全民i彩券》）    ,https://news.ltn.com.tw/news/society/breakingnews/5551932
基隆客運自撞安全島  7乘客受傷送醫,社會,2026/08/25 20:31,基隆客運1061號公車晚間7時許，行經暖暖火車站前，失控撞上安全島。（基隆市消防局提供）基隆客運1061號公車，今天（25日）晚間7時許，行經基隆市暖暖火車站前，失控撞上安全島，造成車上7名乘客受傷。基隆市消防局獲報趕往救援，將7名乘客送醫救治，所幸傷者僅受輕傷。事故原因待警方調查釐清。基隆市消防局晚上7時9分接獲報案，暖暖區源遠路暖暖火車站前發生基隆客運自撞分隔島事故，立即派遣仁愛、七堵及暖暖分隊，共出動6輛救護車、13名消防人員馳援，由暖暖分隊小隊長李禹稷擔任現場指揮官。請繼續往下閱讀...救援人員抵達現場後，確認基隆客運無人受困，現場初步檢測7名傷者均為輕傷，且意識清楚，駕駛則未受傷。消防人員隨即安排救護車分流送醫，將6名受傷乘客分別送往基隆長庚醫院、礦工醫院。至於，該起事故原因及肇事責任，有待警方調查釐清。    ,https://news.ltn.com.tw/news/society/breakingnews/5552115
半夜甩門、鐵鎚敲牆搞「地震」 惡舅舅屢犯保護令判刑6月,社會,2026/08/25 20:02,基隆市白姓男子被控趁外甥等人睡眠時，大力甩鐵門，持鐵鎚猛敲牆，被法院判6月徒刑。（記者林嘉東攝）基隆市白姓男子朝同住在同棟公寓的外甥潑漆遭判刑，經法院核發保護令後，白男竟趁外甥等人凌晨熟睡後，大力甩鐵門，持鐵鎚猛敲牆面，嚇得住在樓上、樓下的外甥、外甥媳等3戶親戚以為發生地震。基隆地院審理後，將白男依違反保護令罪，判處6月徒刑。判決指出，白男與外甥、外甥媳等親戚同住在基隆市某雙拼公寓，白男住公寓1樓右側，其外甥與外甥媳等人住在隔壁左側1至3樓。白男去年5月兩度在深夜惡意甩後門鐵門，造成隔壁窗戶劇烈晃動致外甥無法入睡；7月間更持鐵鎚持續猛敲共用牆，震動響徹公寓，使2樓的外甥媳誤以為發生地震而急喊小孩逃生，不堪其擾連夜報警。請繼續往下閱讀...法院審理時，白男否認犯行，稱不是他製造的聲響，不過遭騷擾的外甥在法庭上表示，他曾受過軍中「聽聲辨位」訓練，且從事營造業達30年，認為是「重物直接重擊牆面」的固體傳導音。法官認為，白男2020年間，朝外甥潑漆，被判刑3月徒刑，法院前年底核發通常保護令，命白男不能騷擾外甥；白男明知雙拼公寓結構極易傳導震動，仍違反保護令，刻意挑選凌晨3至4點深夜睡眠核心時段，甩門、敲打公寓隔間牆，藉由結構性低頻震動與巨大聲響，對外甥等人進行精神上折磨，依白男3次違反保護令罪，分別判處2月、2月與3 月，合併應執行6月徒刑，得易科罰金18萬元；可上訴。    ,https://news.ltn.com.tw/news/society/breakingnews/5552049
惡男殺妻、小姨子逃死 國民法官曝無奈 地院籲「勿再深入報導評議內容」,社會,2026/08/25 19:58,新北地院今發布聲明指出，願竭力維護國民法官心理健康，並喊話媒體「秉持自律精神，勿再深入報導評議內容」。（記者吳昇儒攝）男子謝文雄去年當街砍死張姓妻子及小姨子，涉犯殺人等罪。上週五，經依國民法官法由職業法官與國民法官組成國民法官法庭合議審理後，認定謝男犯行未達「情節最嚴重」程度，判謝男無期徒刑。張家父母痛哭，認為判決不公，更有參審的國民法官，未判死主因是職業法官沒「一致決」。對此，新北地院今發布聲明指出，願竭力維護國民法官心理健康，並喊話媒體「秉持自律精神，勿再深入報導評議內容」。請繼續往下閱讀...張家父母的兩名女兒遭女婿殺死，聽到判決結果後，失望至極，認為判兩個無期徒刑，卻讓行兇的謝男逃死，當場痛哭，張父更大罵「什麼國民法官啊！」自稱「呆腦獸」的民眾指出，自己是參審該案的國民法官，投訴媒體表示，依照113年憲判字第8號意旨，即使6位國民法官都認為被告應判死刑，但若合議庭3位職業法官沒一致同意，就不能判死。「呆腦獸」稱他不甘參審本案心力交瘁，卻背負「恐龍法官」黑鍋，認為現行法令讓國民法官變成吉祥物、遮羞布、「被抓去背書的」。新北地院今發布聲明指出，不論結論為何，均不應責由任一職業或國民法官單獨負責；為確保國民法官與職業法官於評議過程中，均可無後顧之憂的發表自己的意見，有關評議過程中的意見陳述、分布情形、評議的經過，均「應嚴守秘密，任何人均不得刺探或洩漏」，請各界媒體秉持自律精神，勿再深入報導評議內容。新北地院表示，非常感謝國民法官對國民法庭審判程序的付出，也深知國民法官因參與審判程序而承受心理負擔與輿論壓力，若因參與審判程序而有情緒困擾，請與新北地院聯絡，必當竭力提供心理健康照護資源，以減緩壓力，維護國民法官心理健康。    ,https://news.ltn.com.tw/news/society/breakingnews/5552068
老翁跨坐東勢大橋疑墜橋  消防人員搜救中,社會,2026/08/25 19:26,東勢分隊消防人員到場搜救，並出動空拍機協助搜尋老翁。（民眾提供）台中市東勢與石岡交界的東勢大橋，今天傍晚時，疑有1名老翁墜橋，台中市消防局獲報立即派員前往搜尋，並利用空拍機協助在空中搜索，目前尚未尋獲。今天下午5時2分左右，台中市消防局據警方轉報指出，有民眾發現在東勢大橋上，有1名年約70歲的老翁跨坐在橋墩上，需要協助，台中市消防局勤務中心立即派遣東勢分隊，出動4車6人，由東勢分隊分隊長葉峻明率隊前往搜救，並出動空拍機協助在空中搜索，但天黑後仍未尋獲該名老翁。    ,https://news.ltn.com.tw/news/society/breakingnews/5552062
鄭文燦涉貪案開庭 前都發局長證稱：鄭文燦從未下過指示並指檢方「虛構」,社會,2026/08/25 19:22,前桃園市長鄭文燦25日出庭。（記者鄭淑婷攝）前桃園市長鄭文燦被控於華亞科技園區擴大開發案，涉嫌收受東側9.12公頃農地主500萬元，並協助其自辦重劃被起訴，時任桃市府都市發展局長盧維屏今（25）日以專家及證人身分出庭，他證稱身為都發局長，開發案決策過程皆由他主導，鄭文燦從未對此案下過指示，他也直指檢方先前認為鄭文燦得知被監聽後，全案才緊急改採區段徵收是「虛構」，並質疑廖俊松根本是「掮客」；鄭文燦也當庭表示，就是沒有任何「期約」，不會去過問幕僚。桃園地院今日持續進行鄭案審理程序，先後傳喚時任都發局規劃綜合規劃科長歐政一、盧維屏，檢辯攻防聚焦桃市府及鄭文燦在開發案中的角色，盧維屏作證時還原當時市府決策過程證稱，原本市府規劃東、西兩側約51公頃土地一起開發，重劃會9.12公頃土地同時也向內政部提出申請、並拿到「入場券」，其實這對市府來說是好消息，因為廠商有龐大的設廠需求，市府的立場就是希望加快開發期程。請繼續往下閱讀...他指出，但跟廖俊松開了2次會議就覺得怪怪的，不僅開發計劃沒進度，被詢問也是回答隱晦，「感覺廖俊松比較像掮客」，且廖常提到美光公司，他自己曾詢問過美光，結果美光根本沒要廖的地。盧維屏稱，後來市府乾脆幫重劃會將9.12公頃一併納入開發，但仍有替重劃會留一條路，並附上2年條款但書，若重劃會提不出計畫，就收回由市府自辦。至於原本東西兩側分採市地重劃、區段徵收，後卻大轉折改為全區區段徵收，盧維屏證稱，主要是大埔事件及考量市地重劃、區段徵收公設比不同，對地主並不公平，最後決議改採全區區段徵收；歐政一也證稱，當時確實是考量不同開發方式對地主不公平，最後才決議改採全區區段徵收。鄭文燦律師團詰問盧維屏「鄭文燦是否有在過程給過任何指示」，他稱「沒有」，所有決策都是由他主導，考量的理由包括，能否在內政部走完程序等，沒有誰給指示；他更指檢方先前認為鄭文燦在得知被監聽後，開發案才緊急改採區段徵收是「虛構」。此外，鄭文燦及其律師團先前均稱，不管市府或重劃會主導都市計畫個案變更，都需要100%地主同意書，廖俊松拿不出來，市府不可能幫忙護航；不過，盧、歐2人證稱，若是市府主導個案變更，就不需要100%地主同意書。審判長潘政宏詢問鄭文燦是不是認知有誤？鄭文燦稱，當時是聽信幕僚說法，潘政宏納悶這樣重大的法律錯誤認知竟藏10年；不過，律師團坦言一直以來都錯認是要100%，但也許法律沒這樣規定，實務上一定要100%，否則硬辦一定會有地主打訴訟官司。    ,https://news.ltn.com.tw/news/society/breakingnews/5552052
高金素梅案首開庭！ 辦公室主任利春仁認罪求緩刑,社會,2026/08/25 19:16,無黨籍立委高金素梅現任辦公室主任利春仁。（資料照，記者羅沛德攝）無黨籍立委高金素梅涉嫌與助理張俊傑共謀詐領助理費等共787萬餘元，並違法輸入醫療快篩，張俊傑另涉以「台灣原住民多族群文化交流協會」向國營事業浮報詐領補助款，分別被台北地檢署起訴。台北地院今日針對本案首度開庭，高金素梅的辦公室主任利春仁當庭認罪。利春仁今日對於犯罪事實均不爭執，他的委任律師表示，利春仁上有高堂，下有幼女，且於本案並沒有取得犯罪所得，經濟狀況不佳，因此能負擔的緩刑條件僅有法治教育。今日也被傳喚的台東縣金峰鄉民代表會主席高勤書也坦承犯行，他透過律師表示，除了法治教育外，也願意接受易服勞役作為緩刑條件。請繼續往下閱讀...起訴指出，高金素梅2008年至2018年起，透過親屬作為人頭詐領公費助理補助以及立院育嬰津貼等，累計金額達787萬餘元。另外，高金於疫情期間，利用中央流行疫情指揮中心開放民眾以「個人自用」名義進口快篩試劑，輸入7萬多劑來自中國且未經查驗快篩試劑並發放；但這些試劑多未供申報人自用，涉嫌違反醫療器材管理法。張俊傑則是涉嫌於2015年至2016年間，利用台灣原住民多族群文化交流協會實際負責人身分，以辦理活動名義向原民會、中油、台電申請活動補助共1600萬餘元，但在補助款到手以後，卻未實際舉辦活動，並將補助款挪為私用。目前，承審法官林承歆本將高金素梅的庭期定在9月4日，但高金素梅的委任律師卻因為衝庭而向法官遞狀請假，法官同意以後也將高金素梅的庭期改到10月27日。辦公室主任認罪了！犯罪事實更加明確 律師直言對高金素梅非常不利    ,https://news.ltn.com.tw/news/society/breakingnews/5552039
馬博橫斷玉林橋女山友落水失蹤  空拍機發現遺體,社會,2026/08/25 19:05,"馬博橫斷最後一天在玉林橋附近落水的方姓女山友，被大水往下沖，今天早上遺體在落水點下游約一公里處被找到。（消防局提供）首次上稿10:39更新時間19:054人登山隊伍申請馬博拉斯橫斷路線，遭遇熱帶低壓，行程最後兩天遇連續豪雨，造成玉林橋崩壁處野溪暴漲，1名女山友落水失蹤，花蓮縣消防局組救難隊冒雨上山，昨晚在中平林道接觸到下撤的3名隊友。消防局表示，上午包括警消、東搜出動搜索，透過空拍機在溪谷發現方女遺體，救難人員冒險垂降下溪，下午已將女子大體送至玉里。該4人隊伍共有2男2女，為大學登山社的學長姐、學弟妹揪團，從南投縣東埔入山走長程路線馬博拉斯橫斷，隊伍昨最後一天冒雨趕到中平林道玉林橋遺址，卻在下崩壁過溪時，30歲方姓女山友被湍急水流沖走，隊員趕緊報案。請繼續往下閱讀...消防局表示，昨天下午1點55分接到報案，指派3名警消、1名林業署玉里工作站人員前往搜救，由於豪雨路途多處落石，晚間人員在林道約18K處接觸到3人，人員均安。消防局第三大隊表示，為搜索落水的方女，今天共派遣12名人力，清晨6時從玉里出發，包括警消2人、中華民國山難救助協會東區搜救委員會派遣10人，車行至中平林道18K後，攜帶水域裝備、繩索及空拍機前往山區熱區搜尋，今天上午透過空拍機沿豐坪溪溪谷尋找，發現失聯的方女，位於落水點下游約1公里處溪谷（N23.420992 ,E121.245512），從空拍畫面研判已失去生命跡象，救難人員冒險尋找下切點至溪谷，今天傍晚5時已將遺體送至玉里。豪雨炸南花蓮 1女登山客撤離下山途中疑落水失聯馬博橫斷最後一天在玉林橋附近落水的方姓女山友，遺體由救難人員搬運爬上陡峭崩壁，送至中平林道運送下山。（消防局提供）馬博橫斷最後一天在玉林橋附近落水的方姓女山友，被大水往下沖，今天早上在落水點下游約一公里處找到遺體。（消防局提供）今天下午約4點，救難人員爬上陡坡將遺體送上中平林道18K。消防局提供）馬博橫斷發生女山友在玉林橋遺址附近落水，花蓮縣消防局玉里分隊組搜救隊伍上山，在中平林道接觸到下撤的隊伍3人，救難人員協助其度過湍急溪流。（花蓮縣消防局提供）馬博橫斷發生女山友在玉林橋遺址附近落水，花蓮縣消防局玉里分隊組搜救隊伍上山，在中平林道接觸到下撤的隊伍3人，人員均安。（花蓮縣消防局提供）馬博橫斷發生女山友在玉林橋遺址附近落水，花蓮縣消防局玉里分隊組搜救隊伍上山，在中平林道接觸到下撤的隊伍3人，協助其度過湍急溪流。（花蓮縣消防局提供）馬博橫斷發生女山友在玉林橋遺址附近落水，花蓮縣消防局玉里分隊組搜救隊伍上山，在中平林道接觸到下撤的隊伍3人，由車輛接送回下山。（花蓮縣消防局提供）    ",https://news.ltn.com.tw/news/society/breakingnews/5551175
台大凝態物理館驚傳墜樓！29歲女碩士生穿破防護網不治,社會,2026/08/25 18:42,台大。（資料照）首次上稿 18:28更新時間 18:42（宣告不治）台灣大學凝態物理館今天下午3時許驚傳墜樓事件，一名黃姓女碩士生從高處墜落，穿破防護網後墜至地面，路過同學見狀連忙報案，警、消趕抵時，發現黃女已經失去呼吸心跳，緊急送醫搶救仍不治。警方排除外力介入，確切墜樓原因待釐清。請繼續往下閱讀...台大校方證實確實發生墜樓事件，獲悉後立即將學生送醫急救，但仍宣告不治。校方對此深感悲痛與不捨，除已向教育部完成校安通報外，後續將協助學生家屬處理善後事宜，並針對相關師生啟動輔導關懷。大安警分局初步調查，29歲黃女就讀台大物理所碩士班2年級，今下午突從物理館4樓墜下，穿破2樓的防護網後墜至1樓地面，路過的學生發現黃女倒臥在地，隨即打電話報案。據知，救護人員趕抵時，黃女已經沒有呼吸心跳，隨即實施CPR心肺復甦術後，送往台大醫院搶救，仍宣告不治。現場經警方鑑識人員勘驗採證，未發現有外力介入或意外跡象，也未發現遺書及遺留物，已聯繫其家屬前往派出所了解，詳細墜樓原因待釐清。    ,https://news.ltn.com.tw/news/society/breakingnews/5551987
毒販利用通訊軟體交易 北市警溯源攻堅起出大量毒品、200萬贓款,社會,2026/08/25 18:07,台北市警中正二分局（資料照）台北市警局中正二分局偵偵查隊，根據逮獲的小毒蟲手機進行溯源追查，鎖定在幕後經營販毒網絡的蔡姓毒梟，今日上午進行攻堅，順利在對方租住處查獲大批毒品和200萬元贓款，訊後依毒品罪嫌移送法辦。北市警中正二分局查隊月前偵辦一起販毒案件，經分析比對資料向上溯源，查出蔡姓男子透過通訊軟體，販賣海洛因、安非他命、依托咪酯煙彈及咖啡包等毒品。請繼續往下閱讀...歷經連日埋伏蒐證，今日上午至新北市中和區蔡嫌租住處周邊埋伏，見對方出門準備駕車離開之際，員警當場衝出壓制逮人，查獲毒品海洛因604公克、安非他命402公克、吸食器、分裝袋、磅秤、封膜機、點鈔機及現金200萬元等證物。警方調查，蔡嫌專門利用網路平台經營販毒網絡，全案詢後先依毒品罪嫌移送新北地檢察署，另持續向上溯源、向下追緝以便瓦解蔡嫌販毒集團。    ,https://news.ltn.com.tw/news/society/breakingnews/5551938
雙手舉高、趴下！中警轟16槍逮喪屍煙彈藥頭 震撼圍捕畫面曝,社會,2026/08/25 18:02,警方掏槍喝令傅男等人雙手舉高、趴下。（民眾提供）台中市東區今（25）日上午驚傳槍聲！第六分局偵查隊偵辦毒品案件，在十甲路一處狹窄巷弄埋伏圍捕時，44歲傅姓毒犯企圖駕車衝撞突圍，警方緊急破窗、鳴槍警告後仍無法制止，隨即朝車輛連續射擊共16槍，傅男中彈受傷，車內3人最終全數遭警方控制，並查獲2組「喪屍煙彈」。經查，警方掌握線索後，今天上午鎖定一輛黑色BMW，見傅男現身，立即上前包圍，沒想到坐在右前座的傅男見警方逼近，竟突然跨過中央扶手，整個人擠向駕駛座，一手搶抓方向盤、另一腳猛踩油門，企圖強行衝撞警方逃離現場，現場瞬間陷入驚險場面。請繼續往下閱讀...警方見狀立即持警棍破窗並鳴槍示警，但傅男仍未停止動作，員警隨即持槍朝BMW車輪射擊，現場槍聲接連響起，狹窄巷弄頓時充滿緊張氣氛，過程中傅男右臀近大腿處中彈受傷，警方迅速將他制伏並送醫救治。此時原本坐在駕駛座的36歲男子疑遭傅男突如其來的舉動嚇住，警方喝令「下車、雙手舉高、趴下」後，他當場趴在地上，驚慌喊著「我不敢動！」另一名40歲女性乘客也配合警方指示下車，警方隨後在車內查扣2組喪屍煙彈，並將3人帶回釐清案情，後續將抽血、採尿進行毒品檢驗，全案將依毒品、妨害公務等罪嫌偵辦。警方揪出傅男當街制伏。（民眾提供）臀部中彈的傅男被送醫救治。（民眾提供）    ,https://news.ltn.com.tw/news/society/breakingnews/5551906
大雨也澆不熄！台17線彰化大城段回收場火警 黑煙竄天際,社會,2026/08/25 18:01,彰化縣大城鄉台17線鄰近台61線西濱大橋附近，25日凌晨發生回收場大火。（彰化縣消防局提供）彰化縣大城鄉台17線、鄰近台61線西濱大橋附近，今（25日）凌晨發生回收場火警，儘管當時下著大雨，現場仍烈焰四竄並冒出大量黑色濃煙，火光染紅夜空，嚇壞路過民眾。消防局獲報後出動3個分隊前往灌救，火勢才順利撲滅，所幸無人傷亡，詳細起火原因仍待調查。彰化縣消防局表示，今天凌晨1時11分接獲通報，隨即派遣大城、芳苑及二林分隊，共出動6輛消防車、11名消防人員到場搶救，到場後確認起火處為回收場堆置的廢棄物，立即部署3條水線灌救，隨後控制並撲滅火勢，現場未傳人員受困或傷亡。請繼續往下閱讀...有民眾路過時拍下火災畫面並上傳社群平台，只見回收場內火舌猛烈竄出，黑煙不斷向上翻騰，還伴隨陣陣燃燒聲響。網友看完驚呼，彰化近日頻頻降下豪雨，「不是淹水就是火災」，提醒大家注意安全，平安最重要。彰化縣消防局，現場燃燒面積約50平方公尺，歷經約1小時灌救才完全撲滅火勢，至於火警發生原因，仍由消防單位進一步調查釐清。消防局出動3個分隊前往灌救，火勢歷時1小時才撲滅，所幸無人傷亡。（彰化縣消防局提供）    ,https://news.ltn.com.tw/news/society/breakingnews/5551904
中山高貨櫃車爆胎硬開3公里   胎皮、零件沿路散落傷及兩車,社會,2026/08/25 17:52,黃姓男子駕車途經中山高林口南下路段，爆胎（見圖）後仍強行駕駛三公里，造成掉落胎皮、零件散落一地，造成2車車損，警方將依法送辦、開罰。（記者吳仁捷翻攝）中山高林口路段今天傳出輪胎皮、零件散落整個路段，造成後方多車車損案，國道警方到場，發現一名黃姓男子駕駛貨櫃車爆胎後，仍強行駕駛三公里，無視輪胎皮、輪圈、剎車等零散落一地，造成兩輛轎車車損，其中洪姓男子車輛遭其餘駕駛輾過汽車零件擊中擋風玻璃，險些射進車室傷人，目睹的用路人大吃一驚；警方對三名酒測，沒有酒精反應，黃姓駕駛辯稱貨櫃車爆胎後，不知道仍繼續行駛，導致零件散落傷人，國道警方對黃男說法存疑。中山高林口南下路段今天上午8時許獲報，多車報案輾過疑似爆胎輪胎皮、汽車零件，導致多車受損，警方趕抵，在南下39公里處發現停在路邊的肇事貨櫃車，兩顆左前輪已爆胎，沿路散落輪胎皮、底盤等零組件；警方攔下肇事貨櫃車，發現43歲黃姓男子駕駛，他吐露，駕駛貨櫃車行經南下37.6公里林口路段，左前第二個輪胎突然爆胎，他再往前開將近3公里，到南下39公里處才停至路肩。請繼續往下閱讀...期間一名40歲蕭姓男子駕駛轎車行經該路段，輾過黃男散落輪胎皮等零件車損；45歲洪姓男子駕駛轎車行經該路段，也遭不明車輛輾壓黃男掉落的零件打中擋風玻璃，險些射入車室，其餘車損車輛因趕時間或輕微車損，先行離開所幸現場無人受傷，3名駕駛酒測值均為零，肇事原因仍待警方進一步釐清。國道警方呼籲，民眾在國道遇到爆胎，應以人命優先，爆胎當下，切勿慌張，雙手緊抓方向盤，鬆油門勿踩煞車，以滑行的方式行駛到外側路肩，立即開啟雙黃警示燈，並在後方50公尺擺放三角故障標誌，切勿勉強行駛。黃姓男子駕車途經中山高林口南下路段，爆胎（見圖）後仍強行駕駛三公里，造成掉落胎皮、零件散落一地，造成2車車損，警方將依法送辦、開罰。（記者吳仁捷翻攝）黃姓男子駕車途經中山高林口南下路段，爆胎後仍強行駕駛三公里，造成掉落胎皮、零件散落一地，造成2車車損（見圖），警方將依法送辦、開罰。（記者吳仁捷翻攝）黃姓男子駕車途經中山高林口南下路段，爆胎後仍強行駕駛三公里，造成掉落胎皮、零件散落一地，造成2車車損（見圖），警方將依法送辦、開罰。（記者吳仁捷翻攝）    ,https://news.ltn.com.tw/news/society/breakingnews/5551727
假試戴真搶劫！得手後馬上變賣  警調電眼1小時逮人送辦,社會,2026/08/25 17:44,監視器拍下謝男搶劫得手後徒步逃跑。（記者徐聖倫翻攝）新北市板橋區龍興街前日下午傳銀樓搶案，謝姓男子佯裝顧客前往銀樓挑選金飾，趁店家拿出一條金項鍊與一只金戒指供其試戴時，竟直接抓了金飾轉身拔腿就跑。店家追趕不及連忙報警，板橋警分局接獲報案後，立即啟動快打機制並成立專案小組，僅用1小時便火速將謝男圍捕到案，當場查獲毒品，全案依法重罰嚴辦。​警方調查，謝男得手後沿街徒步狂奔至僑中一街一帶，甚至大膽走進附近另一家銀樓將搶來的金戒指脫手變賣，隨後鑽入狹窄巷弄內企圖規避警方的追查。警方擴大調閱路口監視器，精準鎖定其逃逸路線與特徵，於同日晚間6時許，在大觀路一段某巷弄內將謝男壓制逮捕，並在其身上起獲遭搶的金項鍊及喪屍煙彈。請繼續往下閱讀...​謝男被逮後承認犯案，供稱沒錢所以搶金飾，警詢後依搶奪、毒品等罪嫌將他移送法辦，後續也將持續深入追查其毒品來源。☆少一份毒品就多一份健康，自由時報提醒您遠離毒品☆謝男在大觀路被警方逮捕。（記者徐聖倫翻攝）警方扣回金飾、贓款、喪屍煙彈等證物。（記者徐聖倫翻攝）    ,https://news.ltn.com.tw/news/society/breakingnews/5551885
借錢遭拒2度縱火！男子噴殺蟲劑燒工廠未遂 涉公共危險罪起訴,社會,2026/08/25 17:26,嘉義地檢署。（資料照）37歲陳姓男子疑因借錢遭拒與工廠業者產生糾紛，今年8月間2度持殺蟲劑、機車汽油精到嘉義縣太保市某間工廠噴灑，再以打火機點燃縱火未遂；警方在東石鄉將陳男逮捕到案，嘉義地檢署近日審結，依公共危險罪嫌起訴。警方調查，陳男疑向工廠業者借錢不成，8月5日晚間10點53分許，到陳姓業者位於太保市前潭里的工廠，持殺蟲劑噴罐朝辦公桌噴灑後，以打火機點燃，產生火勢後延燒辦公室內電腦、辦公桌等物，部分地板、鐵皮牆面因此燻黑而縱火未遂。請繼續往下閱讀...8月7日下午6點8分許，陳男再度到該間工廠內，當時工廠內還有人，還持機車汽油精朝工廠鐵捲門外木板及雜物噴灑，並持裝有殺蟲劑噴罐及打火機點火燃燒，導致鐵捲門等物品燒燬碳化、部分地板燻黑，隔天警方在東石鄉將他逮捕到案。陳男警詢及偵查中坦承犯行。檢察官認為，陳男涉犯放火燒燬現未有人所在之他人所有建築物未遂罪嫌、放火燒燬現有人所在之他人所有建築物未遂罪嫌，罪名不同，請分論併罰。    ,https://news.ltn.com.tw/news/society/breakingnews/5551883
花蓮秀林木瓜溪上游2人受困 大水未退搜救受阻,社會,2026/08/25 17:14,花蓮縣秀林鄉木瓜溪上游靠近龍澗發電廠的溪谷，有二人因豪雨受困。（民眾提供）花蓮縣秀林鄉木瓜溪上游靠近龍澗發電廠的溪谷，有二人因昨因花蓮豪雨受困在溪邊，花蓮縣消防局今天一早前往救援，但溪谷地勢陡峭、大水未退，加上下午山區又下雨，救援困難，消防局空投保暖衣物等物資，確認2人安全無虞後，預計明雨勢趨緩再嘗試救援。花蓮縣秀林鄉木瓜溪上游「崖勇蘇漾」（YAYUNG SUYANG，舊稱慕谷慕魚）昨天有2名民眾前往山區撿石頭，因為豪雨受困在溪床上，花蓮縣消防局今（25日）出動4車12名人力，一早7點在銅門村集結進入山區，沿途因昨日豪雨影響，落石及泥流四處可見；上午8點40分許，由無人機義消空拍確認受困地點位於龍澗銅門道路6.5K處，鄰近8K處的龍澗發電廠，救難人員隨即嘗試以繩索垂降近百公尺溪谷，試圖建立救援路徑。請繼續往下閱讀...惟山區雨勢逐漸增大、溪水未退，多次嘗試垂降均未能成功接觸受困者，消防局第二大隊指出，考量山區雨勢持續增大、溪水湍急，搜救人員研判當下撤離民眾渡河風險過高，因此改採無人機投掛物資的方式，於溪谷兩岸間搭建聯繫繩索，成功傳送保暖衣物、食物及無線電等救援物資予受困者，並藉此建立起初步溝通聯繫方式，確認2名受困者現階段安全無虞、暫無立即危險。消防救難人員試圖垂降救援。（民眾提供）花蓮縣秀林鄉木瓜溪上游靠近龍澗發電廠的溪谷，有二人因花蓮豪雨受困。（民眾提供）    ,https://news.ltn.com.tw/news/society/breakingnews/5551839
他開車拒檢上人行道逆向撞多車 2嫌1投案1逃逸,社會,2026/08/25 17:10,黑色轎車拒絕警方攔查踩油門加速逃逸後自撞路邊，駕駛、乘客2人逃逸，乘客今日上午投案。（記者徐聖倫翻攝）新北市新莊區昨下午發生拒檢逃逸案件，一輛黑色轎車因形跡可疑遭警方攔查，駕駛竟踩油門加速逃逸，一路狂飆至機捷泰山站附近遇車流受阻，竟直接開上人行道迴轉，隨後又逆向衝入新北大道車道，沿途擦撞無辜民眾車輛，最後在路口自撞，車內2名嫌犯棄車逃逸，其中乘客今日上午投案，警方全力追緝肇事駕駛中。​警方表示，昨下午3時許，員警執行巡邏勤務行經新莊區榮華路二段，發現該輛可疑黑車，上前示意受檢時對方突加速狂飆，員警在後尾隨，黑車為甩開警車，行經機捷泰山站前竟硬開上人行道強行迴轉，並逆向駛入新北大道，嚇壞不少路過民眾。請繼續往下閱讀...​黑車逆向狂飆，隨後駛至新北大道與中原路口時失控自撞停下。後方員警趕抵現場拔槍戒備不敢大意，車內2名嫌犯早已棄車，分別朝新五路、中環路方向徒步逃匿。​警方隨後封鎖現場搜查，車內未發現毒品等違禁物，今上午副駕駛座乘客前往警局投案。據悉，目前警方已掌握肇事駕駛身分，將拘提到案。警方已針對相關交通違規、危險駕駛及肇事逃逸等罪責嚴格偵辦。    ,https://news.ltn.com.tw/news/society/breakingnews/5551864
和前男友吵架竟放火燒屋！ 北市狠女反被燒傷二審改判3年10月,社會,2026/08/25 17:02,台北市黃姓女子與林姓前同居人起爭執，黃女竟在租屋處持打火機點火燒布，燒毀住處、還波及鄰宅，黃女自己也遭燒傷。（本報AI製作示意圖）台北市黃姓女子與林姓前同居人因爭執，黃女竟在租屋處持打火機點火燒布，將住處燒毀，甚至波及鄰宅，黃女自己也遭燒傷。一審士林地院依放火燒燬現供人使用之住宅罪，判處7年10月徒刑。案經上訴，高等法院今改判3年10月徒刑。判決指出，黃女與林男曾為情侶並同住該處，2025年4月8日中午，2人因故發生口角，黃女持打火機點燃布幔，火勢一發不可收拾，黃女手部、頭部及腳部遭燒傷，火勢並延燒鄰宅。請繼續往下閱讀...黃女開庭時坦承點火，否認故意放火，辯稱曾試圖滅火，但高院合議庭並不採信，認為火災已造成建物主要結構受損，還波及鄰宅，危及不特定人生命、財產安全；黃女僅因與林男發生衝突，就在住宅內點火，嚴重危害公共安全，依放火燒燬現供人使用之住宅罪判處7年10月徒刑。案經上訴，高等法院今改判3年10月徒刑。    ,https://news.ltn.com.tw/news/society/breakingnews/5551735
涉無償提供「少將級特助」供陳雪生運用  楊肅元晚間送北檢複訊,社會,2026/08/25 16:53,金欣海運實質負責人楊肅元。（資料照）國民黨立委陳雪生因涉嫌利用親友詐領助理費，並接受金欣海運等關聯企業無償提供助理人力，今被檢察官依違反貪污治罪條例，諭知200萬元交保。而金欣海運實質負責人楊肅元與陳雪生是30年的好友，先前傳出陳曾幫楊施壓中油，讓金欣公司能提前解約，減少損失。檢調今也傳喚楊肅元到案說明，釐清兩者有無對價關係，預計晚間送抵北檢複訊。據悉，國民黨前金門縣長楊鎮浯父親楊肅元與陳雪生都曾擔任過國大代表，兩人交情超過30年。而金欣、金廈海運與遠欣、和平船務代理公司，均屬於楊肅元家族的關聯企業。請繼續往下閱讀...據了解，此次檢調偵辦重點分為接受企業贊助特助及詐領助理費兩部分，其中一部分是2019年11月8日，金欣海運公司旗下的「金航貳號」油輪，因故障被拖往金門料羅灣維修，造成金門油料短缺，若依照台灣中油與金欣海運簽訂合約，金欣公司須找替代油輪繼續履約，勢必得付出高額運輸成本。故傳出金欣公司實際負責人楊肅元涉嫌找陳雪生出面，向中油施壓提前解除雙方合約。巧合的是，楊肅元旗下的關聯企業，竟無償提供一名特助范寶華給陳雪生運用，專責國會業務；且范寶華更是大有來頭，曾擔任海軍敦睦艦隊少將。檢調認為，陳雪生此舉涉嫌收受廠商不正利益，初步推算范在陳雪生手下擔任特助的薪水，至少上百萬元。此外，楊肅元旗下關聯企業包含金欣、金廈海運與和平、遠欣船務代理等多家公司，多少都有需向民代陳情的案件，因此檢調人員也前往這些公司調閱相關事證，釐清是否均透過陳雪生協助，當中有無對價關係。另一部分則是針對陳雪生於2012年擔任立委後，涉嫌利用親友擔任人頭，詐領公家助理費，將進一步釐清詐領時長及金額。    ,https://news.ltn.com.tw/news/society/breakingnews/5551743
竹聯幫弘仁會幹部組「一條龍」販毒網 10個月狂撈3500萬12人落網,社會,2026/08/25 16:47,警方共查扣黑市價格約500萬元的愷他命、毒咖啡包、毒煙彈、依托咪酯類煙油、卡西酮錠、哈密瓜錠、毒品咖啡錠等各式毒品，以及K盤、封膜機等大批贓證物。（記者邱俊福攝）竹聯幫弘仁會幹部林峰敬涉嫌籌組販毒集團，透過通訊軟體刊登販售愷他命、毒咖啡包、喪屍菸彈等各式毒品廣告方式，吸引毒蟲下單，再以機車、汽車送貨，牟取暴利，且為躲避查緝，遊走新北市承租老舊公寓作為毒品分裝場據點，可謂廣告、分裝、外送一條龍經營販毒，短短犯案10個月牟利高達3500萬元；刑事警察局偵一大隊第二隊至今年3月先後發動4波查緝行動，逮林男、游姓金主，以及旗下控盤、會計、毒品外送員等12人送辦，檢方將林、游等10人聲押獲准，上週已依組織犯罪、毒品等罪嫌起訴。警方調查，該販毒集團分工縝密，對外陸續以Wechat的帳號「皇財國際娛樂」、「日本藥妝店」、「五燈獎營業中」等，在大台北地區販售依托咪酯煙彈、哈密瓜錠、搖頭丸、愷他命、毒咖啡包等各式毒品，並在帳號內PO廣告，將愷他命、毒咖啡包、喪屍菸彈分別以香菸、飲料、雞蛋等圖案為代號，價格為愷他命1公克2000元、毒咖啡包1包400元、喪屍菸彈1顆2300元。請繼續往下閱讀...該集團以Telegram群組嚴格管理旗下控台幹部、毒品外送員，會計則記錄每日銷售帳目、層層上交贓款，並制定獎金抽傭制度激勵員工，甚而定期更換Wechat供線帳號、集團承租據點及毒品倉庫，增加執法機關查緝的難度。警方是在去年9月間破獲四海幫成員勾結車行協助假投資詐團被害人，辦理不動產抵押貸款案件後，經查發現共犯成員有向27歲林男所屬販毒集團購買毒品吸食，經擴大追查，陸續將林男等12人逮捕到案。警方共查扣黑市價格約500萬元的愷他命、毒咖啡包、毒煙彈、依托咪酯類煙油、卡西酮錠、哈密瓜錠、毒品咖啡錠等各式毒品，以及K盤、封膜機等大批贓證物，並從會計帳目分析，初估前年10月至去年8月，獲利高達3500萬元。☆少一份毒品就多一份健康，自由時報提醒您遠離毒品☆男子林峰敬被逮捕移送檢方偵辦。（記者邱俊福翻攝）販毒集團刊登的廣告。（記者邱俊福翻攝）    ,https://news.ltn.com.tw/news/society/breakingnews/5551714
桃園蘆竹清晨車禍 駕駛疑精神不濟失控連撞路旁10機車,社會,2026/08/25 16:38,桃園市蘆竹區清晨發生一起車禍，王男駕駛轎車疑似精神不濟，失控連撞10輛機車及微型電動車。（記者鄭淑婷翻攝）桃園市蘆竹區南山路一段今（25）日清晨發生轎車連撞10輛機車、微型電動車事故，肇事的28歲王姓駕駛疑似精神不濟釀禍，所幸未造成人員傷亡。王男於今日清晨4點多駕駛自小客車沿南山路一段往山腳方向行駛，行經南山路一段66號時，疑似疲勞駕駛導致車輛偏移車道，撞擊路旁停車格內6輛機車、4輛微型電動二輪車及道路標誌等設施，造成多輛機車受損及設施損毀。請繼續往下閱讀...王男經實施呼氣酒精濃度測試，酒測值為0，也無毒駕情形，所幸整起事故無人員受傷，詳細肇責仍待警方進一步調查釐清。蘆竹警分局呼籲，駕駛人上路前應保持良好精神狀態，切勿疲勞駕駛；若行車途中感到精神不濟，應適度至安全處所休息後再出發，以確保自身及其他用路人生命財產安全。桃園市蘆竹區清晨發生一起車禍，王男駕駛轎車疑似精神不濟，失控連撞10輛機車及微型電動車。（記者鄭淑婷翻攝）桃園市蘆竹區清晨發生一起車禍，王男駕駛轎車疑似精神不濟，失控連撞10輛機車及微型電動車。（記者鄭淑婷翻攝）    ,https://news.ltn.com.tw/news/society/breakingnews/5551812
疑天雨路滑 澎縣自小客車撞圍牆釀2傷,社會,2026/08/25 16:26,澎湖縣政府消防局據報後，出動破壞工具與救護車前往馳援。（圖由澎湖縣政府消防局提供）澎湖受西南氣流影響，今（25）日大雨不斷，疑似天雨路滑，加上視線不良，馬公烏崁至鎖港路段，發生1起自小客車自撞圍牆車禍，並傳出有乘客受困，澎湖縣政府消防局據報後，立即出動前往現場馳援，順利救出傷者送往三總澎湖分院急救，並無生命危險。澎湖縣政府消防局調查指出，今日中午12時02分接獲民眾報案，指稱馬公市澎25號道烏崁往鎖港方向（和順企業社前）發生車禍，有人受困車內，請求派遣人車前往救助。消防局獲報後，立即派遣澎南及馬公分隊出動救護車及器材車共4車9人，由隊員王順明率隊前往救援。請繼續往下閱讀...勤務人員抵達現場，發現係1輛自小客車自撞「和順企業社」外圍牆，車上計有3人，駕駛為男性並未受傷，傷者2名均為女性，其中1名輕傷患者（約70歲），手腳多處擦傷，意識清楚，由救護人員施予初步檢傷處置後，將其送往三軍總醫院澎湖分院治療。另1名傷者受困車內，經消防人員使用長背板等器材合力實施救助，中午12時25分順利將受困傷者（87歲）救出。經初步評估，傷者主訴腰部疼痛，意識清楚，救護人員隨即將其送往三軍總醫院澎湖分院治療。有關車禍肇事原因，後續由警察局馬公警分局調查處理，初步研判與天雨路滑、視線不良有關。    ,https://news.ltn.com.tw/news/society/breakingnews/5551644
民眾黨公聽會   籲鬆綁「總員額法」搶救過勞司法人員,社會,2026/08/25 16:08,民眾黨團今舉辦「突破總員額法魔咒，挽救基層司法人員過勞危機」記者會暨公聽會，立委陳昭姿現場主持。（記者田裕華攝）基層司法人員近年因院檢案量暴增，人力短缺進而面臨過勞，民眾黨黨團今召開公聽會，偕民團、基層人員代表共探「總員額法」規範後續修法方向，民團一致建議鬆綁現行法規的人力總額限制，正視書記官員額與待遇、正視基層法警職等待遇，以及監所管理員員額、戒護比入法並大幅提升津貼。民眾黨黨團今（25）舉辦 「突破總員額法魔咒，挽救基層司法人員過勞危機」公聽會，立委陳昭姿會前舉辦記者會，台灣公務員革新力量聯盟、書記官工作權益促進會及台灣獄政工作權益促進會等基層司法人員團體和政府代表，出席公開表達修法訴求。請繼續往下閱讀...台灣公務革新力量聯盟常務監事王鐘銘說，現行「總員額法」的固定總額框架，已無法因應政府業務責任增加的人力需求，必須重新檢討。他呼籲取消該法人員總數上限，由機關依業務需求提出員額與人事預算，經總預算評估、民意機關審議，並由審計機關事後透過績效制度檢查，擺脫各機關間的「零和分配」。書記官工作權益促進會理事蔡寧原，當院檢案件量越來越多，書記官人數卻不增反減，直言「當時以為可為司法貢獻，事實上沒有」，強調訴求需要人、書記官需要錢，「總員額法」應廢除員額限制，讓人力需求回歸預算治理和紀律。台灣法警工作權益促進會的現職新北地檢法警說，司法院版「法院組織法」修正草案中，基層法警扛起了更多安檢、戒護及監控責任，卻只有「正副法警長」的主管職等調升，痛批此舉是「要求馬兒跑，卻只幫騎師加薪」，資源分配設計極度不公，主張一般法警人員應比照其他司法人員建立一、二、三職等，並明定法警執法權限，全面保障院檢安全，真正落實改革。針對台灣獄政工作權益促進會代表謝仁方建議，現行輪班公務人員的假日、深夜等特殊時間出勤補償設計應予改善；另針對監所超收、悶熱環境已成常態，監所人員「危險津貼」待遇應大幅提升，並設立加班費倍數加給，提升司法特考任限制期後留任率。最後，他重申「法定戒護比」應納「總員額法」第六類員額，比照照護比、師生比，維護輪班制公務人員的健康權。    ,https://news.ltn.com.tw/news/society/breakingnews/5551760
雨衣賊自備砂輪機  凌晨洗劫土地公廟功德箱香油錢,社會,2026/08/25 15:51,雨衣賊自備砂輪機（紅圈處），接上廟門前插座後準備破壞大鎖行竊。（廟方提供）彰化縣田尾鄉興新村興福宮今（25日）凌晨遭竊，一名全身包緊緊的「雨衣賊」，疑似事先勘查環境，不僅自備砂輪機，還熟知廟門前設有插座，接上延長線後接連切開鐵門及功德箱鎖頭，搜刮約2000多元香油錢。整個犯案過程動作熟練，即使廟內3尊神明全程「看著」，竊賊仍照偷不誤。廟方調閱監視器發現，竊賊於今日凌晨1時54分現身，頭戴安全帽、口罩，外罩輕便雨衣，幾乎未露出任何特徵。他先在廟前探頭觀察，確認四下無人後，隨即拿出砂輪機切斷鐵門鎖頭，闖入廟內。請繼續往下閱讀...竊賊進門後沒有停手，立刻取出延長線，接上廟門前的插座，再以砂輪機切割功德箱鎖頭，接著拿出預備好的袋子，將箱內香油錢全部搜刮一空，得手後迅速離去，行竊過程不到5分鐘。興福宮主委蕭深地表示，竊賊不僅工具齊全，還清楚插座位置，研判可能事前勘查過地形，且破壞鐵門、功德箱的動作一氣呵成，顯然有備而來。更囂張是，廟內供奉福德正神、福德夫人及神農大帝，竊賊竟完全不畏「舉頭三尺有神明」，仍大剌剌行竊。田尾鄉民代表張勝彬痛批，認為竊賊手法膽大妄為，用廟的電，偷廟的錢，「遲早會有報應」。廟方目前已向警方報案，並通知鄰近宮廟提高警覺，加強門鎖及監視設備，避免成為下一個目標。竊賊用砂輪機切割功德箱鎖頭，犯案過程動作熟練，即使廟內3尊神明全程「緊盯」，仍照偷不誤，（廟方提供）（記者陳冠備攝）興福宮廟內供奉福德夫人（左起）、福德正神、及神農大帝。（記者陳冠備攝）興福宮主委蕭深地（左2）田尾鄉民代表張勝彬（右1）等人祈求神明早日破案。（記者陳冠備攝）    ,https://news.ltn.com.tw/news/society/breakingnews/5551627
國民法官上路超過3年 司法院研議擴大參與二審、審判重大金融犯罪,社會,2026/08/25 15:48,台灣國民法官協會今（25）早召開「國民法官制度發展與精進」座談會。（記者許詠晴攝）國民法官制度實施至今已超過3年，台灣國民法官協會今（25）早為此召開「國民法官制度發展與精進」座談會，關切國民法官能否參與二審判決，以及針對全民矚目的重大貪汙、重大金融犯罪、重大公共安全犯罪等進行審判？司法院回應，「國民參與審判制度成效評估委員會」正在評估可行性，若全民接受將進行修正。秘書長蔡光輝指出，目前審理司法案件，國民法官僅能參與到一審環節，二審仍會由職業法官審判，但二審宣判的刑期大多輕於一審，判決最終恐無法回應社會的期待。此外，國民法官參與審理範疇有限，只能審最輕本刑十年以上的案件，眾所矚目的結構性詐騙案、洗錢案等，就被排除在國民法官審理門檻之外，判決難貼近民意。請繼續往下閱讀...司法院專門委員康進忠解釋，改變一個制度很難一次就大轉彎，且國民法官是透過模擬法庭進行教育訓練，司法院能找的人數不多，短時間內很難在二審也納入國民法官，因此制度從大家較重視的部分，包括故意殺人罪、故意犯罪致被害人死亡罪等開始著手。至於三審是單純的法律審，通常大家提出的建議較少，所以未納入國民法官審判範圍。針對外界認為「一審到二審越判越輕」，康進忠指出，依據司法院實際統計資料，國民法官參與的六三六件案裡，僅一件判決在二審被撤銷，理由並非犯罪事實未調查清楚，或證據不明確，而是「法律適用錯誤」，屬法律層面問題，而該案二審的量刑，也與國民法官一審宣判的相同，並無案件越判越輕的情形。不過，康進忠也說，國民法官制度開始實施後，司法院即成立「國民參與審判制度成效評估委員會」，將各界建議作為檢討與精進的方向，目前司法院也在研議，將重大貪汙、重大金融犯罪、重大公共安全犯罪等案件，在適當時機納入國民法官參與審判。至於參與二審部分，司法院也在評估實施情形，當各界更能接受制度時，會作為修正項目之一。此外，台灣國民法官協會理事、台北大學應用外語系兼任副教授龔春生提出，自己教學與研究領域是在經貿領域，同時也是法律系畢業，擁有跨領域的經驗，卻始終未被抽到擔任國民法官，許多民眾也希望能毛遂自薦。另外，國民法官制度為了讓一般人能充分理解案件，因此要求更完整的爭點與證據，恐拉長準備程序，如何與維持司法效率取得最大平衡，同時確保國民法官具備足夠理解案件的基本能力？司法院國民參與審判制度成效評估委員會調辦室聘用研究員濮家和回應，國民參與審判制度的核心精神是，希望能融入國民正當法律感情，更重要的是國民來自各行各業，都有各自專長，可更加豐富法院的見解及判斷來源，讓判決不只反映法官對法律的造詣，所以他也非常期待未來這部分有所改變與調整，將透過實證資料來研議與評估可行性。濮家和也說，其實審、檢、辯都很努力的用白話來描述案件與論點，每年成效評估報告也都很重視，國民法官對理解證據、調查證據、案件事實、法規程序等是否感到困難，根據113年的調查結果，有98.8%正式國民法官認為證據調查程序容易理解，包含61.8%認為非常容易、37%還算容易，僅1.1%認為不易理解。至於國民法官制度是否研議相關學歷門檻？濮家和表示，目前國民法官選任規定，最低學歷門檻為「至少完成九年國民教育」，確保能對案件有最基本的理解，過去也討論過制度是否該設有性別保障門檻，但國民法官選任制度採「隨機抽樣制」，在排除特定職業、關係人士後，司法院仍希望盡可能遵守隨機的原則，才能真正代表整個群體。    ,https://news.ltn.com.tw/news/society/breakingnews/5551602
未定期保養頂樓防漏 大廈管委會挨告判賠住戶40萬,社會,2026/08/25 15:44,基隆市光華大廈管委會被控多年未重新施作，致頂樓天花板牆面滲水嚴重。法院判決管委會須給付住戶40萬餘元修繕。（情境照）基隆市光華大廈頂樓防水層長期未保養，致14樓陳姓住戶家中天花板及牆面嚴重滲水、剝落與發霉。陳姓住戶自費修繕並向管委會求償未果，提告賠償。基隆地院近日審結，認定頂樓平台屬於社區共用部分，管委會負有修繕與維護義務，判決管委會須給付陳姓住戶修繕及房屋損害賠償共台幣40萬餘元。陳姓住戶提告主張，去年發現住處頂樓平台漏水，造成自家天花板出現大片水漬、木作腐爛及壁癌，委託律師發函要求管委會修繕卻遭拒。管委會則辯稱，社區早2007年即決議將國宅基金發還住戶，並形成「頂樓平台由各頂樓住戶自行負責修繕」的社區慣例，且過往僅提供2萬1000元防漏補助，主張管委會不需負擔全額修繕費。請繼續往下閱讀...法官審理認為，「公寓大廈管理條例」規定，大樓屋頂平台屬於「共有共用部分」，修繕與維護依法屬於管委會的法定職責。管委會無權以社區決議或所謂的「社區慣例」，擅自免除法律所賦予的管理維護義務。至於，賠償金額，法官參酌雙方各自提出的工程行估價單，將頂樓防水工程費用取平均值採計為35萬1250元；至於陳姓住戶室內木作與油漆損害，考量屋齡及使用年限進行折舊計算後，核算回復原狀費用為5萬4874元，合計判管委會須賠陳姓住戶40萬6124元。    ,https://news.ltn.com.tw/news/society/breakingnews/5551595
攔查賓士車飄出濃厚香水味 原來是毒駕想掩蓋塑膠味,社會,2026/08/25 15:43,"邱男駕車違規迴轉被巡邏警方攔停，聞到車內飄出香水味，是想掩蓋毒品味。（記者陸運鋒翻攝）新北市邱姓男子駕駛賓士車，行經石碇區時在雙黃線違規迴轉，隨即遭到新店分局巡邏員警攔停，警方聞到車內傳出香水味夾雜塑膠味，察覺邱男似乎想掩蓋毒品味，經毒品唾液快篩後果然呈現陽性反應，另搜出愷他命等證物，詢後移送偵辦。新店警分局調查，31歲邱男上週駕駛白色賓士轎車，行經石碇區碇坪路、外岸路口違規迴轉時，遇上執行交通違規兼防飆勤務的石碇分駐所員警，警方上前將其攔停後，聞到賓士車傳出濃厚香水味及塑膠味發覺有異，經同意後實施毒品唾液快篩檢測，結果呈安非他命及愷他命陽性反應。請繼續往下閱讀...據知，員警隨後通報支援警力到場，在邱男車內搜出愷他命1包（毛重1.1公克）及吸食器，詢後依毒品危害防制條例、公共危險等罪嫌移送台北地檢署偵辦，並依法製單舉發，同時將車輛移置保管。警方在邱男車內搜出毒品愷他命。（記者陸運鋒翻攝）☆少一份毒品就多一份健康，自由時報提醒您遠離毒品☆    ",https://news.ltn.com.tw/news/society/breakingnews/5551677
伸港釣魚場血腥大亂鬥！ 勸架變5人混戰驚傳亮槍 3人遭逮,社會,2026/08/25 15:11,釣魚場勸架變5人混戰大亂鬥。（民眾提供）彰化縣伸港鄉一處釣魚場驚傳血腥大亂鬥！一名高姓男子23日對女友暴言相向還亮槍恐嚇，附近的曾姓女子上前勸架，不料慘遭高男壓制在地並拿椅子狠砸，曾女的黃姓丈夫目睹愛妻被打，當場氣炸衝上前救人，隨即與高男爆發扭打，不料，高男的2名釣友見狀竟也加入戰局，瞬間變成5人大亂鬥，黃男被打到頭破血流，警方據報趕往壓制，將高男與2名友人移送法辦，警方也將一併追查高男亮槍行為。警方調查，這起打群架事件發生在前天傍晚5點多，高姓男子在釣魚場言語暴力其女友，還亮槍恐嚇，在旁的曾姓女子見狀上前勸架，不料遭到怒氣沖天的高男壓制在地並持椅子狂毆，曾女的黃姓丈夫原本在一旁釣魚，看到妻子遭打立即拋下釣竿上前營救妻子，與高男發生肢體衝突，此時原本在附近釣魚的高男2名友人見狀，也都丟下釣竿加入戰局追打黃男，黃男不敵被打到頭破血流。請繼續往下閱讀...和美警分局據報稱釣魚場有打架情事，隨即派遣快打部隊趕往現場，將眾人拉開並了解狀況後，將高男與2名友人當場逮捕，訊後依妨害秩序罪嫌移送法辦；黃男與妻子則送往童綜合醫院治療，無生命危險。不過有人發現高姓男子與其女友糾紛時疑似從背包內起出槍枝，但旋即收入包內，警方現場並未發現槍枝，不過已對此展開調查。男子拿出疑似槍枝恐嚇女友。（民眾提供）男子護妻反被打到頭破血流。（民眾提供）    ,https://news.ltn.com.tw/news/society/breakingnews/5551526
台中繁忙路口車禍！執勤救護車、BMW猛碰撞 左前輪差點「飛脫」,社會,2026/08/25 15:10,救護車與BMW轎車在路口碰撞。（民眾提供）台中市西屯區台灣大道、文心路口今（25）日上午發生驚悚車禍，一輛BMW轎車與執勤中的消防局救護車猛烈碰撞，BMW車頭變形，救護車左側車身也凹陷受損，所幸僅BMW女駕駛左手擦挫傷，救護車上病患也未二次傷害，雙方均無酒駕，確實肇因仍需進一步鑑定釐清。事故發生於上午11時24分，當時車流量相當大，42歲吳姓女子駕駛藍色BMW轎車，沿台灣大道二段內側快車道往惠中路方向行駛，31歲吳男則駕駛消防局救護車，車上載有病患，沿文心路二段中內道往大墩二十街方向行駛，兩車行經路口時突然發生碰撞，猛烈撞擊瞬間發出巨大聲響，現場零件四散。請繼續往下閱讀...從現場畫面可見，BMW車頭遭撞得面目全非，引擎蓋隆起變形，前保桿幾乎脫落，救護車則是左前輪差點從車體脫離，左側車身出現明顯凹陷，車門、葉子板等部位均受損，所幸救護車駕駛吳男沒有受傷，BMW吳女則因撞擊造成左手擦挫傷，經處置後並無大礙。警方獲報後趕抵現場，除協助處理傷者，也進行交通疏導及現場採證，雙方駕駛均無毒酒駕情形，事故發生經過及肇事責任將交由鑑定單位調查判定，呼籲駕駛人行經大型路口時務必提高警覺，遇執行勤務中的救護車等緊急車輛，也應依規定禮讓，以免發生憾事。救護車左前輪差點從車體脫離。（民眾提供）    ,https://news.ltn.com.tw/news/society/breakingnews/5551662
男友質問性侵 男嫌竟回「動到你馬子不爽嗎？」自證有罪判4年6月,社會,2026/08/25 15:09,王男車內性侵少女，否認犯行，被判4年6月。（資料照，記者顏宏駿攝）彰化一名就讀國中的少女（以下稱A女），透過社交軟體認識王男，對方在車內逼使A女做猥褻動作自拍，再用手指性侵，還要求A女將自拍影片回傳給他。少女無意中向男友透露上情，男友用LINE質問王男，王男竟回「怎樣？動到你馬子，你不爽是不是」，全案因此爆發。該案經彰化地院審理，法官判處王男有期徒刑4年6月。判決書指出，王男於2024年10月間透過交友軟體結識A女（當時13歲），兩人加為LINE好友後，王男要求A女傳送其住址給他，某日凌晨3時許，王男駕駛車輛至A女住處樓下，A女上車後，王男於4時至5時半左右，以右手伸入A女長褲及內褲，撫摸下體並將手指插入陰道，完成性交行為。請繼續往下閱讀...當時A女已有男友，她無意間向男友透露遭王男侵犯，男友立即用A女的手機質問對方。王男用三字經回罵，再補一句「怎樣？動到你馬子，你不爽是不是」。該案審理時，王男辯稱不知A女未滿14歲，又稱雙方在車內僅有聊天，完全否認犯行。但起訴書指出，A女是在無預警下向男友透露本案情節，被告遭A女男友質問時，不是否認或為自己清白辯駁，反而表示「怎樣？動到你馬子，你不爽是不是」，足以證明被告有對少女做性侵行為。法官認同檢方的觀點，審酌被告為成年人，為滿足私慾侵害身心未臻健全之少年，影響其人格發展，且犯後始終否認、無悔意，判處 4年6月，全案仍可上訴。    ,https://news.ltn.com.tw/news/society/breakingnews/5551524
砰！砰！砰！警轟16槍喪屍藥頭臀中彈 網喊：剛好而已,社會,2026/08/25 14:52,警方朝毒犯車輛連轟16槍。（民眾提供）台中市東區十甲路一帶今天（25日）上午發生槍響，警方連轟16槍制伏開車衝撞的44歲傅姓毒犯，傅男臀部中彈送醫，車內並查獲毒品依托咪酯，槍聲大作驚動整個社區，居民和網友無不拍手叫好，直呼警方打擊犯罪「剛好而已」，甚至有網友氣憤留言：「最好一槍就斃了他！」事發在上午10點多，台中市第六分局員警在東區十甲路一帶圍捕傅姓毒犯。沒想到傅男發現被包圍，非但不束手就擒，竟然狗急跳牆猛踩油門，狠狠朝員警和偵防車衝撞，企圖硬闖逃逸。請繼續往下閱讀...由於案發地點位於窄巷，情況十萬火急，一旦讓毒犯衝破防線，不僅辦案員警面臨生命威脅，也極可能波及到附近無辜百姓，員警見狀立即持警棍敲破車窗，厲聲喝令停車未果，認定現場已出現立即危害生命、身體安全的情形，立即果斷使用警械。警方對空鳴槍示警無效後，轉而朝傅男駕駛的車輛輪胎連轟16槍制伏，居民們大力讚賞表示：「支持警方用槍保護人民！」更有不少網友應援：「警察辛苦了！」、「最好一槍就斃了他！」、「對這種開車衝撞的現行犯，開槍是剛好而已！」、「對犯罪永不妥協！」強烈表達社會對嚴厲執法的支持與對犯罪行為的痛恨。警方冒雨採證。（民眾提供）    ,https://news.ltn.com.tw/news/society/breakingnews/5551548
涉暴力收保護費、逃漏稅起訴 麥寮鄉代主席喊冤：法庭上捍衛清白,社會,2026/08/25 14:50,雲林地檢署查出韓青山涉暴力收取保護費及逃漏稅。他表示，對於檢方不實指控，會在法庭上捍衛清白。（檔案照，記者李文德攝）雲林縣麥寮鄉代主席韓青山，遭控多年向多家土尾業者收取保護費，遭檢警法辦。雲林地檢署更是查出，韓青山開設的公司，從2018年底，與旗下或友好廠商，開立137張不實發票，企圖逃漏稅超過3300萬元，雲林檢方依違反稅捐稽徵法、商業會計法等，將韓等15人起訴。對檢方起訴一事，韓接受電訪表示，對於檢方不實指控，會在法庭上捍衛清白。雲林檢方查出，韓青山為公司負責人，其妻陳女擔任公司財務長職務、王女則擔任會計工作，為規避鉅稅負，向8家廠商索取空白發票供韓公司開立，或配合其公司匯入款項開立假發票，2018至2024年間，由韓經營公司匯款至8家廠商帳戶，製造虛假交易外觀，再由王女提領現鈔回流，共需開137張總額超過1.5億元發票，就此逃漏732萬元營業稅及2656萬元營利事業所得稅。請繼續往下閱讀...檢方再查出，55歲蔡男經營公司得知韓青山公司開立不實發票，因此與其合作，企圖製造每月以百萬元交易額，製造公司營業穩定，向某貸款公司詐得約50萬元車貸，此外韓投資的酒店，因有陪侍服務，為規避25％加值、非加值型營業稅稅率，因此將營收所得會給案外人劉女，短漏報銷2283多萬元，逃漏營業稅多達589萬元。檢方指出，韓等15人涉違反稅捐稽徵法、商業會計法、加重詐欺等罪起訴，漏稅捐破壞租稅公平，影響經濟秩序。對於任何經濟犯罪組織，一律採取「斷根瓦解、追究到底」偵辦策略，呼籲民眾面對不法應勇於舉報。記者稍早致電給韓青山詢問相關起訴，韓表示，檢方所指控的內容不實，他是被抓出來當作故事的主角，他有做什麼事情，相信麥寮人都很了解，未來將會在法庭以證據說話，捍衛自身清白。    ,https://news.ltn.com.tw/news/society/breakingnews/5551500
辦過「圓滿一號」REITs案！士檢主任檢察官葉耀群卸袍 轉當律師攻金融犯罪,社會,2026/08/25 14:44,葉耀群曾偵辦王道銀行「圓滿一號」REITs案，查出業者以假租約將閒置大樓包裝成滿租標的，完成全國首宗依「不動產證券化條例」起訴公開說明書不實的案件。（記者劉詠韻翻攝）兼具法律、會計雙碩士背景的士林地檢署主任檢察官葉耀群，今結束17年司法官生涯，明起轉任律師。他曾偵辦王道銀行「圓滿一號」REITs案，查出業者以假租約將閒置大樓包裝成滿租標的，完成全國首宗依「不動產證券化條例」起訴公開說明書不實的案件；另從交易實質切入，將基亞生技非常規交易案不起訴，專長橫跨證券及企業法遵。葉耀群為司法官48期結業，曾獲法務部選送赴日本早稻田大學法務研究科擔任訪問學者，歷任南投、台北地檢署檢察官、司法官學院導師及士林地檢署主任檢察官。他長期講授財務金融課程，近年也投入財報不實、企業永續及虛擬資產監理研究，並參與最高檢出版的《日本檢察實務》。請繼續往下閱讀...葉耀群偵辦的金融案件中，以「圓滿一號」不動產投資信託基金案最具代表性。王道銀行當年為發行「圓滿一號」受益證券，以板信銀行家大樓、台南Focus時尚流行館為投資標的，並由鼎晟不動產等公司擔任發起人，並查出鼎晟不動產負責人張皓翔明知板信銀行家大樓多數樓層長期閒置，卻涉嫌製作不實租約，營造大樓滿租且具有穩定租金收益的假象，使王道銀行誤將相關租約納入公開說明書，金管會隨後核准發行，受益證券並掛牌上市。葉耀群偵查認為，不動產證券化商品面向市場投資人，發起人依法負有確保公開資訊真實的責任；張皓翔等人涉嫌提供虛偽租賃資料，不僅影響主管機關審查發行條件，也妨害投資人正確判斷商品價值，因而依違反「不動產證券化條例」起訴張男、其妻舅及鼎晟公司。另一起基亞生技案，則呈現葉耀群對金融案件「有罪與無罪界線」的判斷。調查局原認定，基亞董事長張世忠為協助澳洲上市公司Progen避免下市，安排由Progen以一比一換股方式反向併購基亞子公司TBG，並在換股期間處分兩項資產，卻未將交易條件變動告知會計師，涉嫌造成基亞股東9988萬餘元損失，另因低價處分資產再受損9799萬餘元。葉耀群偵辦後，未僅以帳面價差或交易結果認定犯罪，而是檢視資產效益、處分時點、資訊揭露及市場反應。會計師證稱，兩項資產持續增加成本，卻未帶來營收，及時出售未必不利於投資人，也可避免反向併購後新增募資遭持續虧損的資產耗盡；Progen發布重大訊息揭露正評估保留、拆分或剝離資產，當日股價未出現異常，綜合交易目的、資產效益及資訊揭露情形，認為證據無法證明張世忠等人具有背信或從事非常規交易的主觀犯意，因此處分不起訴。此外，葉耀群曾偵辦台灣人壽員工涉嫌詐領2300萬餘元保險金、1600萬餘元保險懸帳款，以及工程師替詐團架設40餘個假投資網站，造成全台282人受害、財損逾億元等案。除金融案件外，他早年任職南投地檢署時，曾承辦埔里國中畢業少女赴約後遭網友殺害案；轉任北檢後，也偵辦多起柯文哲市府任內矚目案件，包括好心肝診所「特權疫苗」、禾馨診所違法施打疫苗、前勞動局長陳信瑜洩密及詐領特別費，以及防汛門工程圖利等案。談及轉職，葉耀群表示，司法官為維持客觀與獨立，必須與當事人保持距離，即使理解對方的恐懼、焦慮與無助，仍難以深入承接，因此不斷自問：「更靠近當事人的法律人，是否更能完整實踐法律正義的真諦？」這份反思最終促使他走出檢察體系，「或許自己也可以換個角度，承擔起這份責任。」    ,https://news.ltn.com.tw/news/society/breakingnews/5551579
51歲​岳母跟27歲軍人女婿爆不倫！ 女兒目睹床戰揭鹹濕對話,社會,2026/08/25 14:42,女兒目睹媽媽與丈夫不倫 ，綠帽夫向法院訴請離婚判准。（資料照，記者鄭淑婷攝）24歲的年齡差距、丈母娘跟女婿的身分仍阻擋不了不倫淫慾！桃園市1名在超商擔任大夜班的51歲媽媽，竟與27歲的職業軍人女婿亂倫，女兒目睹媽媽跟丈夫上床，心碎滿地揭發家醜，更不惜在網路公布媽媽跟丈夫的限制級鹹濕對話；這名媽媽事發後離家未歸，丈夫（岳父）尋人未果，心寒向桃園地院訴請離婚，婦人都未出庭且不知去向，法院已判准離婚。桃園地院審理，訴離的丈夫與妻子在1994年結婚，結婚32年育有2名子女，未料妻子竟在2023年出軌擔任職業軍人的女婿，岳父被自己的女婿戴綠帽，女兒更目睹媽媽與丈夫床戰，這對父女都心碎不已。請繼續往下閱讀...女兒勇敢揭發媽媽跟丈夫的不倫醜聞，透過網路公開鹹濕對話記錄，岳母對女婿說「你跟櫃台說找309房，櫃台會直接幫你開車庫門」、「先放水泡澡」、「你應該不會那麼早來吧？這裡有按摩椅」；床戰3小時完事後，岳母還挑逗女婿「有沒有讓你失望呀？」、「我有把你包住嗎？」、「你知道我的點，我會變得很自動」、「還想要」、「完蛋了，會越來越想你，怎麼辦？」。女婿也回訊岳母「一試成主顧嗎？」這名女兒控訴說，她為此事氣到跟媽媽攤牌，媽媽竟硬掰，只是跟女婿去吃宵夜，她氣得回罵「試吃我老公褲襠裡的鳥嗎？」事後婦人拒簽離婚協議書，且離家至今未歸，婦人的丈夫四處尋人未果，不得已向法院訴請離婚，婦人都未出庭，也未提出任何書狀；友人也出庭證稱，婦人很久沒回家了，已不知去向。法官依據相關事證認為，男子與妻子分居超過2年，男子主張妻子未履行同居義務有據，判准2人離婚。    ,https://news.ltn.com.tw/news/society/breakingnews/5551566
指南宮凌霄寶殿遭火焚 蔡詩萍承諾全力協助：文物損失仍待清查,社會,2026/08/25 14:42,台北市長蔣萬安今（25）日一早前往勘災，文化局長蔡詩萍也陪同出席。稍早蔡詩萍在臉書表示，凌霄寶殿一樓毀損嚴重，但是二、三樓的災況大致還好。（記者陳逸寬攝）台北指南宮凌霄寶殿昨（24）晚發生火警，整個建物陷入火海，凌霄寶殿燒得一片烏黑，復原之路急需各界協助。台北市長蔣萬安今（25）日一早前往勘災，文化局長蔡詩萍也陪同出席。稍早蔡詩萍在臉書表示，凌霄寶殿一樓毀損嚴重，但是二、三樓的災況大致還好。蔡詩萍受訪坦言，如何給予指南宮修復方面的協助，仍待廟方提供清冊才能判斷，不過文化局會配合相關各局處，盡力協助指南宮重建。蔡詩萍指出，大清早，陪同蔣萬安市長前往指南宮昨晚發生火災的凌霄寶殿現場勘查，祝融之災來得意外，但幸好沒有人員傷亡，這是不幸中的大幸。「凌霄寶殿一樓毀損嚴重，但二樓、三樓搶救及時，大致狀況都還好。至於文物損失如何，市長當面交代文化局要協助廟方。」請繼續往下閱讀...蔡詩萍回憶，指南宮是他學生時代便常夜遊的宮廟，視野遼闊，往昔與政大朋友在山頂眺望夜景的記憶歷歷在目。婚後他又搬到不遠的半山腰，沿萬壽路跑步至指南宮前山，再穿越老街步入大雄寶殿，更是日常生活中重要的文化印象，近幾年的「里山川」活動，文化局更把國際知名的「優人神鼓」，以公共藝術導入當地山川美景的方式，帶動指南宮的觀光發展。蔡詩萍感嘆，於公於私，他對指南宮都有著深深的感情，希望能在各界關切，以及北市府的協助下，祝融災情能快速整理，並加速指南宮的重建。蔡詩萍接受本報訪問時坦言，目前尚難以針對指南宮給予初步協助的規劃。首先指南宮無文資身份。第二，針對損害的文物，須待廟方提供清冊才能判斷，因此台北市文化局會配合相關各局處，盡力協助指南宮重建。不過，蔡詩萍也指出，沒有文資身份也有另外的好處，未來指南宮的重建方向，可以自行決定。    ,https://news.ltn.com.tw/news/society/breakingnews/5551612
指南宮凌霄寶殿滿目瘡痍  結構專家：初判僅1樓結構受損,社會,2026/08/25 14:38,指南宮大火燒毀１樓凌霄寶殿，現場滿目瘡痍。（台北市結構工程技師公會理事長徐茂卿提供）台北市文山區指南宮凌霄寶殿24日深夜發生火警，消防人員灌救後，約於今（25）凌晨撲滅火勢，現場滿目瘡痍，受災最嚴重的為凌霄寶殿一樓三清殿，到現場勘查的台北市結構工程技師公會理事長徐茂卿表示，初判只有1樓結構受損，後續如何復舊，因為已是55年的老房子，仍需要評估。徐茂卿指出，凌霄寶殿為1966年的建築物，地上3層、地下3層；起火點為地上1樓之大殿，現場看起來裂損位置是地上1層至3層；地上1層內部裝飾物燒毀嚴重。木造部分大面積燒毀。結構本體僅有樓梯內部分毀損與粉刷層裂縫，其餘無發現結構裂損現象。請繼續往下閱讀...徐茂卿表示，2樓部分樓梯有部分裂損，但結構沒有受損，3樓結構也未受損。雖然初判只有1樓結構受損，但因是55年的老房子，是否要拆除重建，仍需要評估。指南宮大火燒毀１樓凌霄寶殿，現場滿目瘡痍。（台北市結構工程技師公會理事長徐茂卿提供）台北市結構工程技師公會理事長徐茂卿表示，大火燒毀１樓凌霄寶殿，結構受損，２、３樓結構未受損。（台北市結構工程技師公會理事長徐茂卿提供）    ,https://news.ltn.com.tw/news/society/breakingnews/5551534
指南宮遭祝融引關注 北市府：將專案處理宮廟消防安全,社會,2026/08/25 14:23,台北市文山區著名廟宇指南宮昨日深夜大火，凌霄寶殿1樓近全毀，2樓局部受損。（記者陳逸寬攝）台北市文山區百年大廟指南宮昨（24）日晚間遭到祝融之災，市議員洪婉臻今在議會民政部門質詢關切此案，北市府秘書長王玉芬指出，目前火調還沒有結果，民政局週五前會協同都發局、建管處、文化局等局處，到現場與廟方面對面討論後續協助。洪婉臻也說，北市有1905間廟宇，但若被指定為文資，要修繕都受限法規規定窒礙難行，恐有影響公安之虞。王玉芬也說，會就寺廟消防部分，專案處理。洪婉臻在民政部門質詢問王玉芬市府對指南宮有何相關協助？王玉芬答詢指出，市長蔣萬安很重視此案，上午她也通知相關單位跨局處來處理；她指出目前火調還沒完成，環保局會先協助指南宮做廢棄物清理，後續民政局會協同相關局處，週五與指南宮開會討論。請繼續往下閱讀...洪婉臻指出，廟宇對民眾非常重要，但廟宇發生火災不是頭一遭，除了抽菸等人為因素外，電線走火也是大宗，她選區的中正區就有82間廟宇，萬華區更有205間，另士林、北投也都有超過兩百間宮廟，市府應該要做相關預防。她舉例，西門町天后宮因為被指定為文資，要做相關修繕都很困難，需經過層層申請，北市還有很多17世紀就建成的廟宇，信徒來來去去，安全涉及到公眾利益，希望市府讓相關流程更簡便。王玉芬允諾表示，會就寺廟的消防部分專案進行。    ,https://news.ltn.com.tw/news/society/breakingnews/5551549
高雄惡鄰不滿樓上有噪音  9度上門撒鹽判賠8000元,社會,2026/08/25 14:19,門口被撤不明物，經調閱門口監視器畫面告上法庭。示意圖。（資料照）高雄周姓婦人因不滿樓上鄰居長期發出噪音，竟在4個月內9度於鄰家門口潑灑不明物體，甚至出言恐嚇「在家不要發出聲音」，搞得對方全家精神緊繃、喪失安全感。雖然周女辯稱潑灑的只是「炒過腰果的鹽巴」是用來提醒對方，但法官認為此舉已嚴重破壞居住安寧且情節重大，判她必須賠償原告8000元。判決書指出，張男自2022年起搬入高雄市某社區13樓。不料，去年12月起至今年4月間，樓下鄰居因不滿樓上不定時發出噪音，4個月內9次形跡可疑地出現在原告家門口潑灑不明物體，還多次出言威脅「在家不要發出聲音、會吵到我」，導致全家人日常生活備受壓迫、精神極度緊繃，張男調閱門口監視器畫面告上法庭，求償精神慰撫金10萬元。請繼續往下閱讀...面對指控，周女辯稱：「我確實有噴灑炒過腰果的鹽巴沒有錯，但那不是有害物體」，是因為這4年來多次上樓協調噪音問題無果，才會情緒波動做出灑鹽行為。橋頭地院審理，衡諸常情，任何人被連續潑灑不明物體，在未知成分的情況下，都會產生極大的恐懼與不安。法官強調，被告在短時間內密集前往潑灑，已實質破壞原告的「居住安寧權」，且導致原告全家喪失居家安全感，情節確屬重大，判決被告應給付原告8000元，全案仍可上訴。    ,https://news.ltn.com.tw/news/society/breakingnews/5551482
高雄大樹赫見水面有人戴安全帽漂浮 老婦搶救上岸已無生命跡象,社會,2026/08/25 14:03,高雄驚見浮屍。（讀者提供）今（25）日上午10點多，高雄市大樹區竹寮路附近水潭赫見有人戴安全帽載沉載浮，警、消人員獲報到場，但救起溺者時，已失去生命跡象。警方初步勘查死者無外傷、未攜帶證件，經擴大調閱監視器及周邊訪查，已聯繫家屬確認死者為82歲陳姓老婦，報請檢察官刑事相驗釐清。請繼續往下閱讀...據了解，老婦昨天晚間外出未歸，今天上午民眾行經竹寮路水潭，發現有人戴安全帽在水面漂浮，疑似騎機車不慎落水，後續有待警方調查，並釐清落水原因。    ,https://news.ltn.com.tw/news/society/breakingnews/5551445
金門工人「823」偷土地公金牌  金城警方隔日逮人,社會,2026/08/25 13:41,金門縣隱身於金城鎮鬧區一條小巷內土地公廟金牌，遭宵小偷走。（記者吳正庭攝）金門一名楊姓工人缺錢花用，「823」紀念日當天凌晨將腦筋動到金城鎮鬧區一間土地公廟，先打破外面「防護罩」，再下手竊走5面金牌；金城警方今天表示，經調閱監視器一路追人，已逮捕楊嫌並起出1面金牌，除續追贓物，並依竊盜罪嫌函送金門地方檢察署。金門縣警察局金城分局23日接獲報案，指金城鎮一間土地公廟供奉神像玻璃罩遭人用利器毀損，廟內金牌遭竊；警方派員立即封鎖現場，進行採證，同時通報刑事警察大隊鑑識組及偵查隊到場蒐證。請繼續往下閱讀...警方調閱該土地公廟及周邊監視器畫面，發現1名男子當天凌晨4點多摸黑潛入廟內行竊，偷完神像金牌還不罷休，轉身準備向一旁的「功德箱」下手，無奈掀開功德箱的紅布，下方竟是1個保險箱，只是竊嫌「看得到吃不到」東摸西摸不得要領，只能含恨離去。該土地公廟隱身鬧區裡一條僻靜小巷，距人車頻密的金城車站不到100公尺，另一方向通往熱鬧的東門菜市場；警方沿線擴大調閱監視器，迅即掌握嫌疑人行蹤並查明身分，24日前往楊嫌住處，當場查扣失竊金牌1面，其他面4金牌交代不清。金城分局呼籲，各宮廟應加強夜間防竊措施，除妥善設置監視器並確保錄影功能正常外，可加裝門窗警報、防盜設備及適當照明，配合管理人員或志工加強巡視，尤其夜間及清晨更應提高警覺。金門一座土地公廟內的土地公神像外玻璃罩被砸破。（記者吳正庭攝）竊嫌前往土地公廟偷走金牌後，準備跳下神桌離去。（金城分局提供）    ,https://news.ltn.com.tw/news/society/breakingnews/5551492
直擊》慘不忍睹！指南宮凌霄寶殿多尊神像焚毀 現場滿目瘡痍,社會,2026/08/25 13:03,指南宮凌霄寶殿昨（24日）晚間發生火警，殿內多處嚴重燒毀，災後現場焦黑一片，十多尊神像遭火焚毀。（記者陳逸寬攝）台北市文山區指南宮凌霄寶殿昨（24日）晚間發生火警，火勢猛烈，消防人員灌救後，殿內多處嚴重燒毀。今日現場可見大面積焦黑痕跡，入口石獅也因火勢受損破裂，凌霄寶殿內十多尊神像遭火焚毀，現場滿目瘡痍。此次受災最嚴重區域為凌霄寶殿一樓三清殿，原供奉三清道祖、瑤池金母、東華帝君、斗姥元君、紫微大帝、太乙救苦天尊等神祇，其中部分神像為木質、部分為銅塑，實際受損情況仍待消防單位完成調查，確認現場安全後才能進一步清查。請繼續往下閱讀...指南宮主委高超文指出，部分受損神像若仍具修復可能，將請專業師傅進行修復；若無法修復，則重新塑造金身，後續並將舉行安座儀式。相關新聞：指南宮修復工程待啟動 主委高超文致歉承諾全力修復目前指南宮並未全面閉宮，僅管制凌霄寶殿區域，其他殿宇仍可供民眾參拜。至於後續重建，高超文表示，廟宇修復涉及傳統工藝與藝術層面，所需經費及工期尚待進一步評估，後續將規劃專款專用，盼各界共同協助修復。指南宮凌霄寶殿遭火劫，十多尊神像焚毀，部分銅塑神像雖受損，仍有修復可能。（記者陳逸寬攝）指南宮凌霄寶殿遭火劫，一樓三清殿十多尊神像焚毀。（記者陳逸寬攝）指南宮凌霄寶殿昨晚發生火警，火勢猛烈，消防人員灌救後，殿內多處嚴重燒毀，現場滿目瘡痍。（記者陳逸寬攝）指南宮凌霄寶殿入口石獅遭火焚破損碎裂，僅剩基座。（記者陳逸寬攝）指南宮凌霄寶殿入口石獅遭火勢燒灼，受損斷裂。（記者陳逸寬攝）指南宮凌霄寶殿遭祝融後，今日火災現場可見大面積焦黑痕跡。（記者陳逸寬攝）目前指南宮並未全面閉宮，僅管制凌霄寶殿區域，其他殿宇仍可供民眾參拜。（記者陳逸寬攝）凌霄寶殿一樓幾近全毀，殿內一片焦黑。（記者陳逸寬攝）大殿外座椅遭烈火焚燒殆盡，僅剩金屬框架。（記者陳逸寬攝）廟方人員進入殿內，勘察災後受損情形。（記者陳逸寬攝）火災現場餘溫仍高，局部仍有冒煙情況，消防員持續灑水降溫，防範復燃。（記者陳逸寬攝）指南宮主委高超文表示，盼各界共同協助修復，早日重建信眾安心的信仰場所。（記者陳逸寬攝）    ,https://news.ltn.com.tw/news/society/breakingnews/5551471
萇記泰安賣過期發霉長蟲蛋數年 黑心商更一審獲減刑原因曝,社會,2026/08/25 13:02,桃園萇記泰安蛋品公司多年前爆發「黑心蛋」事件，負責人李春明（中）更一審改依三人以上共同詐欺取財罪判處2年8月徒刑。（資料照）桃園萇記泰安蛋品公司多年前爆發「黑心蛋」事件，負責人李春明被控將通路退回的即期蛋、逾期蛋重新包裝，打印虛偽製造日期後，再販售給賣場通路，甚至將逾期、長蟲及發霉雞蛋製成蛋液售給業者。一審李春明判3年徒刑、二審加重判刑3年6月。案經上訴、最高法院發回更審，高等法院更一審改依三人以上共同詐欺取財罪判處李春明2年8月徒刑，全案仍可上訴。判決指出，李春明曾任萇記公司負責人、泰頂山公司實際負責人，自2011年間起至2017年12月28日止，與公司員工共同將各通路業者退回的即期蛋、逾期蛋及退貨蛋回收，再混入洗選後的新鮮盒裝蛋，重新包裝並打印虛偽製造日期，販售給全聯、大潤發，再由通路出售給一般消費者。請繼續往下閱讀...此外，李春明等人為減少損失，還將回收的逾期蛋、長蟲雞蛋、發霉蛋，連同破蛋、裂蛋等製作成蛋黃、蛋清、全蛋及混合蛋等蛋液，販售給乖乖、家樂福，再輾轉出售給一般消費者。一審桃園地院原本依共同詐欺取財等罪嫌，將萇記泰安負責人父子判刑，父親李春明判3年徒刑、罰金600萬元，兒子李智堯1年6月、罰金100萬元，萇記泰安公司判罰金2500萬元、泰頂山公司罰金100萬元。二審高院將李春明加重判刑3年6月、其子李智堯1年9月，萇記科以罰金2500萬，犯罪所得4072萬元應追徵、沒收，泰頂山農產品公司罰金100萬元，犯罪所得56萬多元應追徵、沒收。案經上訴、最高法院發回更審，高院更一審審理後，認定李春明犯行明確，情節重大且足以危害人體健康之虞，以及三人以上共同詐欺取財、行使業務登載不實文書等罪，以一行為觸犯3項罪名，屬想像競合犯，應從一重依三人以上共同詐欺取財罪處斷。不過此案一審判決後《詐欺犯罪危害防制條例》訂立並經修正，李春明符合修正前該條例第47條減刑規定；此外，本案自一審繫屬後，至今已超過8年仍未判決確定，因此再依《刑事妥速審判法》規定減輕其刑。高院合議庭審酌，李春明明知公司供應蛋品、蛋液給國內知名賣場使用、零售，深受通路及消費者信賴，卻為節省成本，虛偽印製有效日期，將逾期、變質或腐敗蛋品及蛋液對外販售，犯行長達數年，嚴重影響食品安全及消費者權益、危害人體健康，更造成賣場及消費者財產損害。法院同時考量李春明犯後坦承部分犯行，已與乖乖公司達成和解並賠償損害，以及其學歷、職業、收入及家庭經濟狀況等情形，最終判處有期徒刑2年8月，可上訴。桃園萇記泰安蛋品公司多年前爆發「黑心蛋」事件，負責人李春明被控將通路退回的即期蛋、逾期蛋重新包裝，打印虛偽製造日期後，再販售給賣場通路，甚至將逾期、長蟲及發霉雞蛋製成蛋液售給業者。（資料照）    ,https://news.ltn.com.tw/news/society/breakingnews/5551306
花蓮秀姑巒溪水暴漲黃姓保全被沖走 警消往出海口擴大25公里尋找,社會,2026/08/25 12:58,玉里鎮長良便道被溪水沖走60多公尺，目前封閉中。（玉里鎮公所提供）受到簡拉維颱風外圍環流影響，秀姑巒溪水暴漲後沖毀花蓮玉里鎮玉長便道，64歲黃姓保全昨晨騎著機車前往北榮玉里分院長良園區上班，疑似行經便道遭到溪水沖走！警消表示，今天已擴大出動從玉里、瑞穗鄉各分隊共25人，擴大往下游搜尋至瑞穗鄉奇美村、出海口。「無法接受一個好好的人，出門就這樣不見」！64歲黃姓保全的姊姊說，弟弟在長良園區擔任保全，每天早上6點交班，昨天一早弟弟還是一樣4點多起床，由於昨天清晨雨勢非常大，5點離家前還叮嚀他「不要騎機車，開車比較安全」，但弟弟還是習慣騎機車上班，沒想到早上6點多醫院的同事打電話來詢問「人還沒有抵達交班」，家人都非常著急！請繼續往下閱讀...家屬說，玉長大橋4年前地震就壞掉了，現在只有溪底便道，每次颱風大雨都會封橋，但這次卻沒有提前封橋，真的讓家人無法接受，這兩天感謝搜救人員的辛苦，只希望趕快找到弟弟行蹤。花蓮縣消防局第三大隊表示，黃姓保全昨天透過手機定位，最後地點確實就在玉長便道附近，今天已經出動25名警義消，從長良便道落水點開始，包括玉里、觀音、三民、瑞穗各分隊，透過空拍機沿著秀姑巒溪往出海口方向找尋，目前仍擴大搜尋中，一有消息將立刻通知家屬。北榮玉里分院長良院區的黃姓保全，24日上班途中被監視器拍下的最後身影。（民眾提供）玉里鎮長良便道被溪水沖走60多公尺，目前封閉中。（玉里鎮公所提供）    ,https://news.ltn.com.tw/news/society/breakingnews/5551465
桃園版剴剴案！惡劣保母虐死6月大男嬰 二審維持判8年半,社會,2026/08/25 12:52,桃園市龍潭區2019年10月間一名僅6月大的林姓男嬰，在保母住處突發異狀，送醫發現頭部重創，急救近1個月仍不治，這名蔡姓保母涉嫌在托育4個月的時間內多次毆打男嬰，最後一次施暴後，男嬰頭部受重創，竟還要生父自行送醫。（情境照）桃園市龍潭區2019年10月間一名僅6月大的林姓男嬰在保母住處突發異狀，送醫發現頭部重創，急救近1個月仍不治，這名蔡姓保母涉嫌在托育4個月的時間內多次毆打男嬰，最後一次施暴後，男嬰頭部受重創，竟還要生父自行送醫，男嬰最終在醫院搶救30天仍過世，一審桃園地院判有期徒刑8年6月。案經上訴，高等法院今駁回上訴，維持8年6月徒刑。蔡女具有保母執照，在龍潭區自宅從事托育服務，2019年6月起受託照顧男嬰。同年10月8日上午，男嬰父母將孩子送抵後，蔡女涉嫌毆打男嬰頭部，約20分鐘後發現男嬰呼吸、心跳異常，卻未立即送醫，僅通知男嬰父親帶孩子就醫。請繼續往下閱讀...男嬰經多家醫院搶救，診斷有頭骨骨折、出血、腦水腫等傷勢，同年11月6日不治。檢警調查發現，蔡女並非首次施暴，2019年8月至10月間，另涉嫌4度毆打男嬰臉部，造成臉頰、嘴巴、耳朵、鼻子及眼窩紅腫、瘀傷。男嬰父母指控，兒子托育期間臉部常出現不明傷勢，詢問蔡女均含糊交代；事發當天趕到蔡女住處時，男嬰已全身發紫、雙眼翻白，蔡女仍未自行送醫。蔡女否認施虐，辯稱男嬰臉部傷勢是因好動或意外跌倒造成，事發當天則是在服用感冒藥後出現異狀，因還要照顧男嬰姊姊，才未自行送醫。檢方認為，男嬰短短2個月內多次出現明顯傷勢，蔡女均未主動告知父母，且依診斷及解剖報告等證據，其說法不足採信，建請法院分論併罰。一審桃園地院審理後認為，蔡女領有保母人員技術士證，受託照顧男嬰，卻對男嬰施以重大傷害，最終導致男嬰死亡，且犯後始終否認犯行，至今也未賠償男嬰父母，審酌其犯後態度等情形，最終依傷害致死罪判處8年6月徒刑。案經上訴，高等法院今駁回上訴，維持8年6月徒刑。    ,https://news.ltn.com.tw/news/society/breakingnews/5551355
驚險圍捕瞬間！悍匪毒犯「換位」狂踩油門衝撞 警連轟16槍制伏,社會,2026/08/25 12:49,衝撞警方的BMW轎車。（民眾提供）台中市東區今天上午驚傳槍響！警方圍捕毒犯時，44歲傅姓男子見員警上前查緝，竟從副駕駛座迅速換到駕駛座猛踩油門衝撞，企圖拒捕逃竄，因現場巷道狹窄、情況危急，員警為排除當下危害並維護自身及現場人員安全，朝車輪連轟16槍制止，傅男臀部中彈送醫，結束這場驚險圍捕。這起案件發生在今天（25日）上午10點多，第六分局員警前往東區十甲路一帶，執行台中地檢署指揮的毒品案件，鎖定涉案BMW車輛後展開攔捕，就在準備上前控制人車之際，原本坐在副駕座傅男，突然迅速換到駕駛座，隨後猛踩油門朝警方及偵防車衝撞，企圖硬闖圍捕線逃逸。請繼續往下閱讀...由於案發地點位於窄巷，周遭又有堆放木棧板，車輛一旦失控，不僅辦案員警可能遭撞，也可能波及附近民眾，員警立即持警棍敲破車窗喝令傅男停車未果，警方認定現場已出現立即危害生命、身體安全的情況，隨即使用警械先對空鳴槍示警。由於傅男仍持續衝撞，現場槍聲瞬間密集響起，警方立即朝涉案車輛車輪連轟16槍，成功阻止車輛繼續衝撞，控制現場，消防救護人員到場檢傷發現，傅男臀部有1處槍傷，意識狀況不佳，經現場處置後緊急送往中國醫藥大學附設醫院救治，目前生命跡象穩定。警方除在車內查扣毒品外，另將車內1男1女帶回調查，並封鎖現場採證，以釐清衝撞經過及員警使用警械的完整情形，警方強調，面對駕車衝撞等危及生命安全行為，將依法採取必要措施制止，呼籲民眾切勿以危險方式抗拒執法。警方在現場採證。（民眾提供）    ,https://news.ltn.com.tw/news/society/breakingnews/5551449
涉暴力圍堵、恐嚇土尾業者收112萬保護費 麥寮鄉代主席韓青山求刑20年,社會,2026/08/25 12:44,雲林縣麥寮鄉民代表會主席韓青山涉暴力圍堵、恐嚇土尾業者收112萬保護費等，雲林地檢署偵結起訴，具體求刑20年。（資料照，記者李文德攝）雲林縣麥寮鄉民代表會主席韓青山疑涉入向土尾業者收取保護費，前年檢警兵分多路搜索，檢警調查，韓2022年起，糾眾包圍土尾司機、毆打強索保護費，不法所得逾112萬元，自家公司開立137張不實發票逃漏稅捐。雲林地檢署檢察官審酌，韓身為民代，竟組成暴力集團橫行鄉里，今（25）日偵查終結，將韓等26人起訴，首謀韓青山更是具體求刑20年。雲林地檢署檢察官莊珂惠2023年起查緝雲林縣內多處農地遭回填廢棄物案件時，發現多名土尾業者疑遭不法集團恐嚇、暴力脅迫收取保護費，進一步蒐證發現韓青山疑涉入其中，2024年趁韓青山出國前兵分多路搜索及拘提，在桃園機場前將韓攔截，並陸續帶回其餘涉案25人。請繼續往下閱讀...檢方查出， 57歲韓青山2023年因56歲張姓友人與土尾司機林男有行車糾紛，因此邀集10多人在一處空地要求林男出面，林男心生畏懼求助當地土尾業者，但韓為替友人出氣，向負責在雲林麥寮地區回填廢土的業者放話，不交出林男「會封殺全鄉土尾運作」，林男最後在友人陪同下至韓服務處致歉，但遭多人毆打，最後韓出聲制止，才讓林男離去。檢方再查出，韓青山2022年起，與張男、40歲黃男等人組成集團，向多名土尾業者告知，如果在麥寮地區要回填廢土，必須事先將地點、收料時間告知，否則無法施工，並指派黃男每週向各家業者收三千至六千元不等、俗稱「照水」（把風）的保護費，業者們若不遵從，韓等人會以圍場、攔車等施暴、抽走怪手鑰匙等強制手段阻礙施工，致使土尾業者心生畏懼，被害業者多達8家，總計不法所得達112萬7000元。此外，檢方更查出案外案，韓青山因不滿關注的國中棒球選手被高雄某職校網羅，未到麥寮學校就讀，因此去電向職校教練恐嚇「見一次打一次」，更因民眾打麻將噪音，派人登門恐嚇搬遷，更是在服務處等地搜出60顆制式步槍子彈。檢方表示，全案偵查終結，韓涉犯組織犯罪防制條例、強制、恐嚇等罪嫌，具體求刑20年有期徒刑，張、黃兩人求刑15年，其餘建請法院從重量刑。    ,https://news.ltn.com.tw/news/society/breakingnews/5551425
防制人口販運與勞動剝削 移民署今舉辦國際研討會,社會,2026/08/25 12:28,移民署今天舉辦「2026年防制人口販運國際研討會」，英國約克大學教授小保方智也 （左起）、美國在台協會代理副處長馮海博、行政院政務委員季連成、內政部部長劉世芳、移民署署長林宏恩舉行啟動儀式。（記者王冠仁翻攝）為了防制人口販運、勞動剝削，移民署在今天舉辦「2026年防制人口販運國際研討會」；此研討會已經連續舉辦18年，是台灣與國際交流防制人口販運政策的重要平台。移民署長林宏恩表示，台灣已經連續16年獲得美國國務院防制人口販運評比的第一級國家，期許在研討會之後能邁向第 17 年。移民署指出，今天這場研討會共邀集日本等11國政府官員、民間組織及學者專家參與，聚焦強迫勞動、供應鏈勞動剝削，以及移工、遠洋漁工、家事勞工與境外學生等族群的辨識與保護，分享各國政策及實務經驗。請繼續往下閱讀...此次研討會也邀請曾任聯合國當代形式奴隸制度特別報告員、現任英國約克大學教授的小保方智也（Tomoya Obokata），以「全球供應鏈對抗強迫勞動的新興作為」為題發表開幕專題演講，分享企業刑事責任、人權盡職調查（HRDD）、強迫勞動產品進口限制、政府採購及移工保障等國際政策趨勢。內政部長劉世芳表示，人口販運防制不應僅以「查獲案件數」衡量，及早辨識被害人並提供法律、醫療及安置服務，協助其走出剝削處境，更是政府責無旁貸的工作。林宏恩也說，今年的研討會除了防制勞動剝削以及性剝削以外，也聚焦跨國企業供應鏈如何避免強迫勞動、因應電信詐欺所形成的跨國跨境犯罪處理模式等議題。移民署表示，去年台灣共移送158件人口販運案件，並透過公私協力設置25處庇護所，安置103名外籍被害人，提供生活照顧、法律協助等服務。面對海外誘騙及強迫勞動等新興樣態，2024年修正施行的「人口販運防制法」，已將被迫從事犯罪活動納入處罰，並強化被害人鑑別及安置保障。    ,https://news.ltn.com.tw/news/society/breakingnews/5551427
雨天開車驚魂！國3計程車失控打滑撞護欄駕駛急送醫,社會,2026/08/25 12:26,國3計程車自撞護欄，車頭嚴重毀損。（消防局提供）中部地區雨勢不斷，國道3號高速公路彰化路段今天（25日）驚傳自撞事故，1輛計程車疑因天雨路滑失控撞擊內側護欄，車頭嚴重毀損，司機頭部及肢體撕裂傷，所幸意識清楚，消防人員包紮後送往秀傳醫院治療，事故發生確實原因由國道警方釐清。彰化縣消防局指出，這起車禍事故發生在今天上午6點半左右，1輛計程車行經國道3號南下193公里彰化和美路段時，突然失控衝撞內側護欄後停住，打橫在國道上，車頭嚴重毀損、輪胎破裂，42歲司機爬出車外待援；消防局據報派出4名消防員趕往現場，發現司機肢體與頭部撕裂傷，所幸意識清楚，給予包紮止血等適當處置後，送往彰化秀傳醫院治療。請繼續往下閱讀...另外，彰化縣花壇鄉東外環道往台中方向車道，今天上午也發生一起車輛疑因天雨路滑撞擊內側車道事故，車輛毀損，所幸人員身體擦挫傷，無生命危險，事故發生原因由警方釐清。由於中部雨勢從昨晚下到今天仍未停歇，警方呼籲用路人雨中行車務必放慢車速以策安全。    ,https://news.ltn.com.tw/news/society/breakingnews/5551410
色老翁酒後亂性 猥褻未成年繼孫女判刑3年半,社會,2026/08/25 12:19,陳翁酒後亂性，猥褻未成年繼孫女，被判刑3年半。（示意照）陳姓老翁酒後起色心，趁著未成年繼孫女熟睡之際，乘機猥褻得逞，食髓知味，又強脫被害人褲子欲加以性侵，被害人反抗爭脫，哭著跑到友人家中躲避，經家人接回後，才揭發陳翁惡行，屏東地院審理後，依乘機對未成年少女猥褻罪及強制性交未遂等罪併處3年6個月徒刑。被害人「小如」與母親、妹妹和繼父家人同住，繼祖父卻多次對「小如」伸出狼爪，2023年9至10月間，先趁著「小如」熟睡時，乘機猥褻得逞，接著又乘著被害人玩手機時，以身體壓住被害人欲逞性慾，經被害人大喊繼祖母，陳翁才罷手，不久後，陳翁又在酒後強行抱住被害人，並脫去被害人短褲欲加以性侵 ，所幸被害人反抗爭脫，跑到附近友人家躲避，才逃過陳翁狼爪。請繼續往下閱讀...「小如」被繼父接回家後，才揭發繼祖父惡行，並決定報警處理；陳翁應訊時一度承認酒後鑄錯，但事後又否認犯行，屏東地院採信被害人及相關證人說法，依乘機對未成年少女猥褻罪、強制性交未遂罪及強制罪併處陳翁3年6個月徒刑。    ,https://news.ltn.com.tw/news/society/breakingnews/5551323
過斑馬線險遭撞  網紅一粒米：警方說「手機」拍到違規才能檢舉?,社會,2026/08/25 12:14,網紅一粒米過斑馬線差點被撞，就近找到監視器後報警、卻被告知要以「手機」拍到過程、檢舉違規才有效?（翻攝一粒米臉書）網紅一粒米過斑馬線差點被撞，就近找到監視器後報警、卻被告知要以「手機」拍到過程、檢舉違規才有效？他發文感慨誰會隨時拿手機拍違規？引發網友議論，事後再發文感謝大家關心，透露警方已主動聯繫已重新了解情況，正調閱監視器釐清案情。高市警方說明，8月24日20時許接獲民眾報案時，員警曾解說交通違規檢舉作業程序，依據違反道路交通管理事件統一裁罰基準及處理細則第20條規定處置；此案涉及道路交通管理處罰條例第44條，獲報當晚已擴大調閱監視器，掌握涉案車輛以車追人、聯繫洪姓駕駛說明釐清。請繼續往下閱讀...定居高雄的一粒米昨晚發文表示，來台灣20年、第一次過斑馬線差點被撞死，提到昨晚驚嚇過程，當下還氣得大喊「你為什麼不看路？」，不料駕駛沒下車查看或道歉就直接踩油門離開。他越想越不甘心，剛好對面店家監視器有拍到事發過程，經店家同意由警方調閱後，他嘗試報警處理，警方卻告知即使附近監視器拍到事發過程，這些影像似乎只能作佐證，無法直接進行交通違規檢舉，除非是自己用手機拍攝到違規行為。一粒米說，這說法讓他非常困惑，想問一個正常走在斑馬線上的行人，看到汽車衝過來時要拿出手機，把車牌、違規過程全拍下來，才能保障自己權益嗎？如果現場剛好有第三方監視器完整記錄事發經過，這些影像究竟能不能成為保障行人權益的證據？他說，來台灣20年一直很喜歡這地方，也把台灣當成自己的家，但今天第一次讓他真正感受到，原來即使走在斑馬線上，也不代表一定安全。一粒米發文引發大批網友熱情回響、逾萬人按讚，他今上午二度發文感謝大家關心與分享，並提到警方已主動聯繫，進一步重新了解他反映的情況，並已調閱附近監視器畫面鎖定相關車輛，進一步釐清當時情況。他強調，絕非針對警察、也沒想把事情鬧大，但真的想知道、第三方監視器所留影像，究竟能不能協助還原事實、保障行人權益？    ,https://news.ltn.com.tw/news/society/breakingnews/5551248
「無卡分期」詐騙中部139大學生   無良3C店老闆、業務全判刑,社會,2026/08/25 12:13,台中3C店林姓負責人和林姓業務等人，涉嫌以「無卡分期貸款」手法詐騙大學生，警方當時起出契約書等相關證物，今天3人一審全判刑。（資料照）中部地區逢甲大學等10多所大學，2023年爆發大學生被人以「無卡分期貸款」手法詐騙，檢方調查發現，3C店林姓負責人和林姓業務、紀姓店長，騙取大學生簽下「無卡分期付款」契約書，可獲得3000至5000元報酬，事後卻讓大學生背債，清查共有139名學生受騙，犯罪所得1248萬餘元，台中地院審理後，今天依加重詐欺等罪判林姓業務共8年8月，林姓負責人和紀姓店長則獲緩刑。中檢起訴指出，林姓男子（34歲）是3C店負責人，主要經營電玩產品批發零售，同時兼手機、電腦分期購物服務，並聘僱紀姓男子（35歲）當店長，另一林姓男子（27歲）則是手機電腦等電子產品的購買服務（業務員），3人發起「無卡分期付款」的手法，向金融公司與大學生行騙。請繼續往下閱讀...檢方查出，3人於逢甲大學等學校附近搭訕大學生，以「簽名就能拿錢」、「幫忙做業績」等騙詞，騙取大學生簽下「無卡分期付款」契約書，可獲得3000至5000元報酬，並謊稱會繳交貸款，不會讓學生背債，大學生簽下分期付款購買手機或電腦產品的契約後，3人再持合約書向貸款公司取得貸款，但只繳交前面幾期貸款後就置之不理，貸款公司向學生催討欠款，大學生才知道被騙背債。另外，林姓業務員還仿效「老鼠會」模式，用3000元不等金額，透過大學生牽線，拉同學加入，但警方認為這些牽線拿錢的大學生不知是騙局，並非共犯，沒有函送法辦。中檢調查發現，共139名學生被騙，以及一家金融貸款公司，與一家數位科技公司受害，不法所得1248萬餘元，建請對3人從重量刑。台中地院經2年多審理今天宣判，其中林姓業務依加重詐欺等數罪分判1年2月、4年、3年6月，併科罰金4萬元，未定應執行刑；林姓老闆判1年5月，併科罰金2萬元，緩刑5年；紀姓店長判1年5月，緩刑5年，可上訴。    ,https://news.ltn.com.tw/news/society/breakingnews/5551395
醉男路倒頭朝馬路險象環生 幸民眾即時報警助返家,社會,2026/08/25 12:09,醉男路倒頭朝馬路險象環生，警到場處理，協助平安返家。（記者邱俊福翻攝）1名男子前天凌晨不勝酒力，醉倒在北市中山區捷運站口附近人行道，由於其頭部凸出馬路邊，險象環生，幸有熱心民眾深怕他被撞成「西瓜汁」報警，轄區警方即時派員趕抵，順利協助平安返家。中山警分局表示，前天凌晨4時許，1名男子路倒在民生東路與松江路口，轄區長春路派出所據報，立即派遣員警到場處理。請繼續往下閱讀...員警到場後，發現該男子因不勝酒力，泥醉於路旁，頭朝馬路，一半身體露出馬路；案經警方喚醒、確認其身分後，呼叫計程車，協助其自行安全返家。今有運將將相關影片PO網，認為該醉男很扯，萬一有汽車行經不注意撞上，馬上變成「西瓜汁」，還好乘客見狀打電話報警。中山警分局提醒，飲酒時應評估自身酒量，適量飲酒並保持意識清醒，確保自身生命財產安全。    ,https://news.ltn.com.tw/news/society/breakingnews/5551377
指南宮大火修復擬成立專款專用 沈伯洋盼文化部協助、結合自然生態,社會,2026/08/25 12:05,台北市長參選人沈伯洋（中）25日出席「洋流好物」記者會，並在新任競選辦公室發言人蔡一愷（左）、林昱彤（右）陪同下受訪。（記者張嘉明攝）台北市文山區指南宮昨失火，凌霄寶殿陷入火海，大量木造結構焦黑。談及修復花費，指南宮主委高超文表示，寺廟建築非一般住宅建物，定有許多需要融入藝術層面的設計，現今物價高漲，會再詳列公布，如果大家能夠捐助，會成立專款專用，共同完成修復。對此，台北市長參選人沈伯洋今表示，所需修復無論整體過程、資金皆需中央、地方一起合作才有辦法，目前最主要就是看中央能夠做什麼事情，例如文化部能否成立專案，立委這邊也會成立窗口，跟地方議員協作，協助儘速修復。沈伯洋表示，昨晚指南宮大火，第一時間聯繫高超文，第一線消防人員非常辛苦，除了注意有無殘火，目前最主要就是看中央能夠做什麼事情，例如文化部能否成立專案，以利協助儘速修復。前陣子才剛去過興建落成一甲子的凌霄寶殿，幸好有呂仙祖的庇蔭，所以沒有傷亡傳出，接下來立委端也會成立窗口，跟地方議員協作，看有什麼能夠趕快做的，就來盡快執行。請繼續往下閱讀...媒體詢問高超文是否有在電話中表示需要哪些協助；沈伯洋指出，除了跟保險有關的議題，所需修復無論整體過程、資金皆需中央、地方一起合作才有辦法。昨晚通話過程中，還能聽見另一端傳來消防車的聲音，持續保持聯絡。指南宮所在地與自然生態有關，先前曾與高超文聊到人文與自然生態的結合，這次修復之虞如何把生態完整帶進來，也將是未來重要方向。    ,https://news.ltn.com.tw/news/society/breakingnews/5551358
辦過大同掏空、宏達電內線案！新北檢主任檢察官曾開源26日轉任律師,社會,2026/08/25 12:01,新北地檢署主任檢察官曾開源，26日將轉換跑道任律師。（記者王定傳翻攝）在檢察系統深耕多年、專辦金融與經濟犯罪的新北地檢署主任檢察官曾開源，將於8月26日正式卸下檢察官袍，轉任執業律師，加入天衡國際法律事務所；擁有美國賓州大學法學碩士（LL.M.）學歷的曾開源，歷任花蓮地檢署及新北地檢署主任檢察官，偵辦過許多矚目案件，戰績彪炳，未來他將憑藉多年經驗與國際法務視野，專注於金融犯罪偵查辯護、公司治理、租稅監理及企業風險管理。曾開源是司法官學院第47期結業，以偵辦重大金融、證券及稅務案件聞名，涵蓋多起國人高度關注案件，包括大同公司前董事長掏空案、科風公司前董事長財報不實案，另外他也偵辦第一件中資違法入主我國上市公司的承啟公司股票炒作案，及凌耀公司、宏達電公司經理人內線交易案、台塑集團採購人員收受回扣案。請繼續往下閱讀...此外，新北檢近年偵辦備受矚目的台中商業銀行、新光人壽與台灣中小企銀等前負責人及鴻海公司經理人特別背信案件，都可見到身為主任檢察官的他居中指揮，運籌帷幄，甚至親自帶隊搜索、訊問被告。近來，他還將偵辦重心擴至重大逃漏稅捐，發現不肖房仲業者為規避房地合一稅，開立虛偽發票以墊高仲介與裝潢費用，曾開源與北區國稅局板橋分局合作，抽絲剝繭釐清繁雜的借名登記與帳冊資料，起訴被告並進一步扣押被告房產，還成功追回5千萬稅捐。除深厚國內實務經驗，曾開源更具備國際法務素養。他奉法務部指派負笈美國，在商法與公司法領域舉世聞名的賓州大學取得法學碩士，回國後並擔任法務部刑法研修小組研究員，積極參與妨害名譽及妨害秘密罪章的修法研議。2018年，他還代表我國執行司法互助，成功完成台美歷史上首例跨國同步視訊證人（Deposition）程序，專業國際執法協調能力獲得美國司法部門高度肯定。此外，他亦曾擔任高檢署智財分署營業秘密辦案要點小組成員、法務部國際研討會外賓翻譯及地檢署英文網頁建置小組負責人，具跨國溝通與涉外法律處理能力。有別於傳統檢察官專注在刑事偵查，曾開源深刻瞭解企業營運與資本市場的運作邏輯。他長期跨足財經與會計領域，擔任財團法人會計研究發展基金會、證券暨期貨市場發展基金會、台灣金融研訓院菁英講座，講授公司治理、證券交易監理、洗錢防制等議題。對即將展開的律師生涯，曾開源表示：「過去近20年站在公權力第一線，豐富的實務經驗使我深刻了解國內外金融證券與稅務法規的複雜度，同時能體會金融機構與各大企業在執行合規監理及面對刑事追訴時的難題。轉任律師後，我期許運用過去在檢察系統累積的偵查技巧、鑑識經驗與國際視野，協助我國企業建立完善的合規體系並防範經營風險，同時在國內外各大訴訟中為企業爭取最大權益。」    ,https://news.ltn.com.tw/news/society/breakingnews/5551324
騙香港警全員獲救害船員沉海  遺孀控走私船長謀殺求償630萬全敗訴,社會,2026/08/25 11:59,呂姓船長率隊走私在香港海域沉船，家屬控他遺棄船員求償敗訴。示意圖當事船隻（資料照）台灣籍郭姓船長於2017年走私遇船難，拋下不敢跳船的呂姓輪機長並謊稱「全員獲救」，導致呂男沉海失蹤。刑事部分因境外犯罪無管轄權，獲判公訴不受理定讞，呂妻向法院提告控訴郭男蓄意謀殺，民事求償630萬元，再遭高雄地院判決駁回。判決指出，2017年10月26日，郭男招募呂男等人從台灣飛往香港，打算從香港開船國馬六甲海域從事不法走私，同年11月1月夜間，船隻於香港外海沉沒。郭男等5人搭救生艇獲救，不會游泳的呂男則隨船沉沒。郭男獲救後因擔心走私曝光，在海上漂流2天後獲救時，向香港警方謊稱「5人全數獲救」，隱瞞呂男落海，甚至私吞船主給予家屬的54萬餘元撫恤金（侵占罪已判7月定讞）。請繼續往下閱讀...呂男迄今下落不明，家屬已向法院聲請死亡宣告。檢方依違背義務遺棄罪起訴郭男，一審判刑1年。但二審與更一審皆認為，本案犯罪行為地在丹麥籍船舶及香港，結果地在香港外海，均在我國領域外，且起訴的普通遺棄罪非最輕本刑3年以上重罪，依《刑法》及《港澳條例》規定我國無審判權，均改判公訴不受理。檢方雖上訴主張郭男應構成7年以上重罪「遺棄致死罪」，企圖爭取我國管轄權，並一路救濟至三審。最高法院審理後指出，訴訟條件係實體判決的前提，無審判權即欠缺訴訟條件，法院必須直接諭知不受理，無庸再為實體審理，且檢方起訴時並未起訴遺棄致死，事後無法以追加主張延伸起訴效力，檢方上訴僅重為事實爭辯，不符法定上訴程式，最終裁定駁回上訴，全案定讞。刑事究責無門，呂妻另走民事求償，主張丈夫出港當天即斷聯，質疑郭男是「蓄意謀殺」讓丈夫當替死鬼，要求郭男賠償精神慰撫金630萬元。高雄地方法院審理時，郭男則未到庭，僅以書狀辯稱船難當下已盡力救助，且案件已過2年侵權行為請求權時效。法官指出，民事訴訟採「舉證責任」原則，呂妻主張郭男故意殺害或遺棄，需負舉證責任，且刑事起訴與更一審判決均顯示，卷內並無郭男破壞船舶或謀殺證據，當時船隻3秒內快速下沉，無法證明郭男隱瞞事實時呂男尚存活，在缺乏具體事證下，認定求償無據，判決呂妻敗訴，郭男免賠，全案仍可上訴。    ,https://news.ltn.com.tw/news/society/breakingnews/5551180
大雨馬路長出車牌？他一人撿16面送警所,社會,2026/08/25 11:59,台南暴雨導致積水，車輛涉水造成車牌噴飛。謝男昨天在路上拾獲16面車牌送交三分局，警方已逐一通知車主領回。（民眾提供）台南在暴雨過後，馬路上竟長出車牌？受降雨影響，台南市安南區路段出現積水，許多車輛涉水而過，車牌留在水裡。熱心謝姓男子昨天行經淹水路段，一口氣撿起16面車牌送往派出所，幫受災車主找回失物。​台南地區近日遭暴雨襲擊，瞬間強降雨導致安南區道路排水不及，許多駕駛涉水強行通過，卻沒注意到前方號牌因水流阻力鬆脫掉落，直到積水退去，道路才浮現掉落物，謝男昨天行經該地，為避免車牌遭有心人士撿走做為不法用途，決定一一將車牌拾起。請繼續往下閱讀...​謝男在短短一天之內，在積水路段尋獲高達16面車牌，主動前往三分局和順派出所全數交給值班員警，警方對民眾一次送來大量車牌感到訝異，也對謝男熱心公益、守望相助的精神表達肯定，隨即展開失物招領任務。​員警受理後，立刻透過系統依車牌號碼，逐筆查詢對應的車主資料，並一一撥打電話通知，許多車主接到通知時，甚至還沒察覺車牌已在涉水過程中噴飛，對於能迅速找回感到慶幸，並對熱心民眾與警方的效率表達感謝，讓暴雨插曲圓滿落幕。    ,https://news.ltn.com.tw/news/society/breakingnews/5551375
給養子5億還接公司董座竟恩斷義絕 老董聲請終止收養竟因一事被駁,社會,2026/08/25 11:58,給養子五億還接電子公司董座竟恩斷義絕 ，新竹老董憤而聲請終止收養，竟因一事被駁。（情境照）新竹一家電子公司董事長56年前收養1歲的男孩，事後視如己出全心栽培，還贈與超過5億元財產，更讓他接任董事長，但養子結婚生子後卻變了一個人，不僅對病父惡言相向，甚至重症送醫仍照常與妻兒爽玩歐洲不回台見父親可能的最後一面，還索性舉家搬出與養父母恩斷義絕，養父憤而提告聲請宣告終止收養，但新竹地院發現他未與妻子共同聲請，於法不合，只能駁回。李父說，民國59年與妻子蔡女共同收養1歲4個月大的李男，本身原為電子公司負責人，經營有成，對孩子無條件的付出，讓其過著衣食無虞、物質豐厚的生活，除自小養育栽培相對人外，亦贈與諸多財產，累計超過5億元以上，養子因此得以成為公司負責人。請繼續往下閱讀...養子取得豐厚財產結婚成家後，雖與父母分別居住於兩戶，然僅為一牆之隔，但鮮少與養父母見面，事親態度消極。令他失望痛心的是，112年7月他因發燒、感染性主動脈瘤送新竹馬偕醫院急診，病況危急，命在旦夕，當時養子正與妻兒於歐洲旅遊，養母希望他趕快回國，否則恐怕難以見父親最後一面，養子卻拒絕中斷旅遊，還在妻子的社群平台談笑風生，實令父母心寒。養子回國後到醫院看護甫手術後的父親，養父口渴、要尿尿，養子均置之不理，且態度惡劣離開醫院，事後均未曾前往探視。他感嘆50年養兒的付出，養子卻不知感恩，多次跟他口角衝突、對年逾90歲高齡的養父惡言相向，並搬離住處，自此不曾再探視，亦未有任何聯絡，與養父母恩斷義絕。法官指出，夫妻共同收養子女者，其合意終止收養關係應共同為之，民法第1080條第7項定有明文。本案聲請人雖係養父，然未與其配偶即養母蔡女共同提出本件終止收養聲請，顯屬當事人不適格，因此本件聲請於法不合，應予駁回。    ,https://news.ltn.com.tw/news/society/breakingnews/5551162
退役少校淪共諜還拉軍人兒下水！ 蒐集軍機交給中國 更二審改判,社會,2026/08/25 11:33,國軍少校李海鵬退役後經商，卻被中國吸收充當共諜，找來前少校李文生、任軍職的兩個兒子李輿聖、李楚庠蒐集軍事機密交給中方，犯案時間達5、6年之久。（示意圖）首次上稿 11:33更新時間 18:08國軍少校李海鵬退役後經商，卻被中國吸收充當共諜，找來前少校李文生、任軍職的兩名兒子李輿聖、李楚庠蒐集軍事機密交給中方，犯案時間達5、6年之久。高院更一審判李海鵬12年徒刑、李楚庠10年6月，高院更二審依貪汙治罪條例違背職務交付不正利益罪判李海鵬11年6月徒刑、李楚庠則被依陸海空軍刑法幫助敵人從事間諜活動罪判刑16年，可上訴。請繼續往下閱讀...高檢署指揮調查局查出，逾70歲的李海鵬24年前自少校退役後，從事招攬中國旅遊團業務，卻被中方吸收，蒐集我國軍事機密。李海鵬找上舊識李文生及擔任上尉、上士的兒子李輿聖、李楚庠，分頭蒐集軍機，再交給中方；調查局將李等人蒐集的軍機送鑑定，竟是機密等級極高的軍機。高檢署將李海鵬等人起訴並限制出境。高院原本判李文生3年2月，李輿聖、李楚庠依序判2年2月、2年4月，高院更一審則依「幫助敵人的間諜從事間諜活動罪」重判李文生15年，李楚庠判10年6月、李輿聖判2年1月，李輿聖的部分經最高法院駁回上訴確定。案經上訴，高院更二審認定，李海鵬對違背職務行賄犯行坦承不諱，且在偵查、審理期間均自白犯罪，依規定減輕其刑，定應執行11年6月徒刑、褫奪公權3年。至於李楚庠僅坦承部分犯行，高院綜合卷內事證後，認為其辯詞與相關證據不符，不予採信，但考量李楚庠犯罪時間較短、交付機密文件數量，以及協助掃描、存檔等行為屬庶務性支援，認定犯罪情節尚屬輕微，依法減輕其刑，最終仍依幫助敵人之間諜從事活動罪判處16年徒刑、褫奪公權7年，並沒收李海鵬相關機密文件、記憶卡及犯罪所得、李楚庠未扣案犯罪所得新台幣5萬元、美金3000元也宣告沒收。    ,https://news.ltn.com.tw/news/society/breakingnews/5551272
看牙也能防詐！新北警首創「識詐候診站」 攜手牙醫公會築防線,社會,2026/08/25 11:29,新北市警局長方仰寧與牙醫師公會長高君華合影。（記者徐聖倫翻攝）看牙醫也能提升防詐免疫力！新北市政府警察局今日首創「識詐候診站」，特別攜手新北市牙醫師公會推動跨域合作。警方運用牙醫診所候診區的既有電視與螢幕，輪播最新詐騙手法與識詐短影音，讓市民善用看診前的零碎時間掌握防詐資訊，將全市牙醫診所打造為社區第一線的防詐宣導站。​新北市刑警大隊指出，未來將依據165最新詐騙趨勢，即時製作簡單易懂的宣導素材，並透過「公會由上而下、派出所由點到面」雙軌模式推廣至各診所。首映短影音更邀請到新北市牙醫師公會理事賴宜姍醫師，與新莊分局女警盧姿羽、三重分局偵查佐馮筠雯共同入鏡，針對高發的「網路購物詐騙」親自拆解假客服話術，讓民眾看一支影片就懂一種防詐重點。請繼續往下閱讀...​新北市警局局長方仰寧表示，面對翻新的詐騙手法，防詐絕不能靠警察單打獨鬥，必須結合社會各界力量。「識詐候診站」將防詐帶入日常生活，善用「候診時間」創造「識詐時間」，希望市民走進診所不只照顧牙齒健康，也能提升防詐免疫力，攜手建構更綿密的全民安全網。牙醫師公會長高君華表示，候診時段能有效利用，保護口腔健康之餘，還能加深防詐識詐觀念，一舉數得。（記者徐聖倫翻攝）    ,https://news.ltn.com.tw/news/society/breakingnews/5551279
刑事局警官酒後找手機誤闖總統官邸  未達滋擾程度裁定不罰,社會,2026/08/25 11:28,總統官邸。（資料照）刑事警察局偵9隊2線3星柳姓隊長，本月10日晚間餐敘後搭計程車，在台北市愛國西路下車後發現手機不見，沿街找手機時誤闖總統官邸，並將官邸誤認為警察宿舍，轄區警中正二分局獲報到場，將他依社會秩序維護法「藉端滋擾」函送法院裁處，台北地方法院簡易庭法官審理後認為，柳員經警衛哨勸離後已自行離去，未達滋擾程度，裁定不罰。據警方內部調查，柳員當晚與新北中和警分局偵查隊餐敘，結束後搭乘計程車準備返回辦公室，途中因酒意上湧，在車內嘔吐，最終在中正紀念堂附近被運將請下車，柳員下車後發現手機遺失，沿著愛國西路尋找，先在台北教育大學操場外圍被校警攔阻，隨後又步行至總統官邸附近，遭官邸警衛哨攔下，他表明是刑事局警官，以為這裡是警察宿舍，他想要進去休息，警衛攔阻後，他未爭論就自行離去。請繼續往下閱讀...官邸特勤人員基於職責，通報轄區警方與刑事局。刑事局獲報，派員前往帶回柳員，途中接獲中正二分局通知指稱，官邸警衛室已登錄此事，須依社會秩序維護法規定製作筆錄，同仁隨即陪同柳員至分局配合調查，他供稱因急於尋找手機而亂走，誤闖官邸的過程已「不記得了」。柳員的手機被民眾隨後拾獲，被送至萬華分局武昌街派出所，柳員隨後前往領回。刑事局認為此事件影響警譽，將柳員處以記過一次處分，並拔除主管職務，調整為非主管職務，列為輔導考核對象，中正二分局依社維法將柳員移送北院裁處。北院法官審查卷證資料及證據後認為，柳員因酒醉而誤將官邸認作宿舍，遭警衛哨勸離後，隨即就離開官邸，未達滋擾程度，沒有證據能證明被他有藉端滋擾的行為，因此裁定不罰。可抗告。    ,https://news.ltn.com.tw/news/society/breakingnews/5551294
農民因鄰地無人機噴農藥致空心菜枯萎索賠 判決結果逆轉,社會,2026/08/25 11:17,嘉義地方法院。（資料照）嘉義縣蔡姓農民指控，鄰地的王姓農民雇用無照代噴農藥王姓業者使用無人機噴灑除草劑，疏未注意採取鄰地防損措施，導致他種植的空心菜出現枯黃等情形，收入損失連同農藥檢驗費用共求償18萬5600元。嘉義地方法院簡易庭原判決駁回，經上訴，嘉院判決王姓農民、代噴農藥業者連帶賠償10萬9400元。判決書指出，蔡姓農民種植約0.55公頃面積空心菜，未遭藥害原本可收入20萬5000元，2024年8月16日，王姓農民雇用非代噴農藥業者且未取得空中施作（無人飛行載具）類別農藥代噴技術人員證書的王姓業者代噴農藥，藥劑飄散致空心菜全區植株遭藥害，出現藥斑、捲葉、畸形、枯黃、生長遲滯、無法正常分蘗等受損情況，影響空心菜籽產量及品質。請繼續往下閱讀...王姓農民辯稱，蔡姓農民所提出受損照片僅有局部，有些照片是在2024年7月23日凱米颱風後照的，是遭到颱風影響，且未能舉證該土地的空心菜是其種植的。王姓代噴農藥業者辯稱具有遙控無人機專業操作證，並非無照，噴灑農藥是除雜草用，不影響蔡姓農民收成空心菜的種籽。蔡姓農民主張，凱米颱風雖部分空心菜種苗流失，同年月8月1日就已補苗，且農業改良場、嘉義縣政府農業處現勘認定全區受損，受損植株送驗檢出含有超量嘉磷塞成分，認為是王姓業者噴灑農藥所害。嘉義地院簡易法庭原判決駁回蔡姓農民請求，經其上訴，嘉院審理，2塊農地相距不到50公尺，全區種植空心菜，王姓業者噴農藥時，未取得空中施作技術類別農藥代噴技術人員證書且代噴登記，也未填報相關施藥紀錄，送驗結果檢出嘉磷塞成分。嘉義審酌農業改良場助理研究員所述受損葉子東側較嚴重，不是病蟲害造成，可能是空氣中飄散的污染物所致等證詞，認為受損空心菜為農藥所傷，且無從認定與其他農地所噴灑農藥重疊，王姓農民、王姓業者應負共同侵權行為責任，給付蔡姓農民10萬9400元。    ,https://news.ltn.com.tw/news/society/breakingnews/5551159
高雄無情風雨有情天！3老翁滑倒、走失 波麗士脫雨衣溫情護送,社會,2026/08/25 11:16,所長孫英哲脫下自己身上的波麗士雨衣，體貼地披覆在老翁身上保暖。（讀者提供）高雄近日遭受豪雨狂襲，路面濕滑險象環生，一天內接連發生長輩因風雨受困的意外。 鳳山區23日下午2名老翁在購物時因地面濕滑不幸摔倒撞傷頭部；楠梓區1名8旬老翁在暴雨中迷路、全身濕透。所幸高雄警方及時趕到，鳳山五甲所所長孫英哲甚至現場脫下雨衣披在發抖的老翁身上，並以親切台語安撫；楠梓員警則用巡邏車將迷途長輩安全送返，在狂風暴雨中注入最溫暖的人情味。23日下午15時許正值雨勢最猛烈之際，80歲的蔡姓老翁與76歲的洪姓老翁，分別步行前往鳳山區鳳南路與南榮路口附近的賣場購物，疑因連日大雨造成地面極度濕滑，兩人先後不慎正面滑倒，頭部重重撞擊地面造成挫傷，情況一度危急。請繼續往下閱讀...雖然兩名老翁當下因驚嚇堅稱不願就醫，但警方擔心頭部撞擊恐有潛在顱內出血風險，堅持聯繫家屬趕赴現場，共同耐心勸說，最終成功陪同兩人就醫，所幸檢查後均無大礙。蔡姓老翁因跌倒時慘遭大雨淋漓，全身濕透、冷得手腳不斷劇烈發抖，所長孫英哲見狀毫不猶豫，當場脫下自己身上的波麗士雨衣，體貼地披覆在老翁身上保暖，還用流利的台語陪老翁聊天、安撫緊張情緒，緊緊握著老翁的手，直到家屬趕抵將人接手，這幕「暴雨中的溫情」讓一旁圍觀的民眾直呼「真的太暖了！」同一天在楠梓區也上演了驚險的雨中救援，一名8旬的葉姓老翁，獨自出門卻遇上暴雨突襲，在楠梓區加昌路的街頭上無助徘徊，老翁全身被風雨打濕，加上雨勢過大、視線模糊，一時之間完全迷失方向，員警獲報透過警政系統進行資料比對，同時聯繫當地里長協助，在最短時間內確認了葉姓老翁的身分與住處，將他攙扶進巡邏車內吹暖氣避雨，一路安全護送老翁返家。楠梓員警將老翁扶進巡邏車內吹暖氣避雨，安全護送老翁返家。（讀者提供）    ,https://news.ltn.com.tw/news/society/breakingnews/5551192
傳露鳥照騷擾議員林珍羽留言示愛起訴 檢求從重量刑,社會,2026/08/25 11:09,戴男涉嫌使用名為「徐子瑀」的臉書假帳號，多次傳送男性生殖器照片騷擾，甚至將林珍羽出席活動的照片與不雅畫面拼接後傳送。（資料照）20多歲的戴姓男子長期透過臉書假帳號，向台北市民眾黨籍議員林珍羽傳送露鳥照，並合成不雅影像，甚至傳訊息詢問「當選後可以幫我生孩子嗎？」，騷擾林珍羽。台北地檢署今年7月1日指揮警方拘提戴男到案，釐清犯案動機。北檢今日偵結，認定戴男違反個人資料保護法、涉犯恐嚇危害安全罪，提起公訴，並請法官從重量刑。台北市議員林珍羽於今年6月4日在臉書公開表示，有人持續利用假帳號，傳送男性生殖器照片給自己，即使進行封鎖，對方仍不斷申請新帳號繼續私訊，不堪其擾。請繼續往下閱讀...此外，傳訊者不只多次傳送男性生殖器照片騷擾林珍羽，甚至將林出席活動的照片與不雅畫面拼接後傳送給她，內容不堪入目。甚至留言「林珍羽議員我愛妳」、「當選後可以幫我生孩子嗎」，並刻意留下「親力親為，服務地方」等文字，藉此嘲諷、騷擾林珍羽。檢警則依照林珍羽截圖內容及相關資訊，循線鎖定戴姓男子身分，7月1日前往戴男家中將他拘提到案。戴男到案後向檢警表示，自己是為了「尋找刺激」，才會做出脫序行為，檢察官複訊後，依違反個人資料保護法等罪，諭知戴男5萬元交保。檢察官今日偵結，認定戴男違反個人資料保護法中的違法蒐集、處理或利用他人個資罪及恐嚇危害安全罪，將他起訴；另因戴男行為已經讓被害人內心恐懼，情節重大，故請法官從重量刑。    ,https://news.ltn.com.tw/news/society/breakingnews/5551148
台中東區驚傳16聲槍響！40歲毒犯拒捕衝撞警 臀部中彈送醫,社會,2026/08/25 11:08,中彈毒犯目前已送醫救治。（資料照）台中市東區今天上午驚傳槍響！台中市第六分局偵辦毒品案件時，一名年約40歲毒犯拒捕還駕車衝撞企圖逃逸，警方見情況危急開槍制止，現場連開16槍擊中男子臀部，目前意識不清已送醫救治中。這起案件發生在今天（25日）上午10時11分許，消防局接獲警方通報，指十甲路281巷內有人中彈受傷，請求派遣救護人員協助，消防局立即派遣東英、中山及赫力分隊，共出動消防車1輛、救護車2輛，9名消防、救護人員趕赴現場發現，現場已由警方處理案件。請繼續往下閱讀...經查，第六分局警方當時正在偵辦毒品案件，過程中遭遇嫌犯拒捕駕車衝撞，警方為制伏對方開槍射擊，現場一度傳出密集槍響，其中1名約40歲男子中彈，消防人員檢傷發現其臀部有1處槍傷，意識狀況不佳，隨即由救護人員處置後送往中國醫藥大學附設醫院救治。    ,https://news.ltn.com.tw/news/society/breakingnews/5551261
網站假借名義關懷身障母女 苗栗家扶籲民眾小心,社會,2026/08/25 11:08,網站假借名義關懷身障母女，苗栗家扶籲民眾小心。（苗栗家扶提供）苗栗家扶中心近日接獲民眾反映，有網站擅自冒用「苗栗家扶」名義，宣稱前往關心、訪視一對身障母女，且附上販售手工藝品資訊，該網站更附上「社工」穿著家扶背心的照片，宣稱「已完成家訪並通過審核」。苗栗家扶中心澄清絕無此事，提醒民眾小心。苗栗家扶中心主任蔡慶珉表示，近期有民眾傳送該網站資料，該網站聲稱社工已前往家訪，頁面還展示一名男子穿著家扶背心的照片以獲取信任。然而，經查證後確認，該張照片極可能是在網路上抓取，家扶根本沒有這名個案，亦未曾去訪視或進行任何公益合作，該網站可能為典型的一頁式詐騙手法。請繼續往下閱讀...苗栗家扶中心鄭重聲明，該網站販售之商品、款項及內容，均非苗栗家扶授權或發起，若民眾看到「苗栗家扶」字樣的販售訊息，請切勿急於付款、訂購或提供個人資料。苗栗家扶呼籲，大眾若欲支持公益，請認明官方捐款網站（https://donate.ccf.org.tw/42）、臨櫃捐款或郵局劃撥等管道；若身邊有困境家庭需要幫助，也可撥打苗栗家扶諮詢專線（037-461234）尋求專業評估與協助。    ,https://news.ltn.com.tw/news/society/breakingnews/5551181
指南宮修復工程待啟動 主委高超文致歉承諾全力修復,社會,2026/08/25 10:58,台北市文山區著名廟宇指南宮昨日深夜大火，凌霄寶殿一樓近全毀，二樓局部受損。（記者陳逸寬攝）台北市文山區著名廟宇指南宮昨日深夜大火，指南宮主委高超文昨晚幾乎無休息，面露疲態，今日受訪時向海內外、地方廣大信眾與鸞友的關懷致上最深的感謝，致上萬分的道謝，並對昨天的火災造成社會困擾，也表達十二萬分的歉意。他也說，總統賴清德與行政院長卓榮泰也有致電關心，「指南宮是大家的指南宮。」高超文表示，凌霄寶殿於民國55年完工，今年滿一甲子；昨日起火位置約略是在三清殿的前面位置，那時廟門已經關起來，並無香客在廟內。受災最嚴重處位於三清殿跟後面的太歲寶殿，但二樓的玉帝、三官大帝跟呂祖是完好的；也說後續會全力配合司法與消防單位的調查。請繼續往下閱讀...雖現在無法進到火災現場，但高超文提到，六十甲子也有銅塑的、流金的，但勢必那個位置應該還有辦法修復。但假如要有完全無法修復的神像，將另外安裝金身；同時局部受損的，我們會請最好的師傅趕快來修復。不只是修復而已，日後再進行安座典禮時，我們也會落實。高超文說，指南宮不會暫時關閉。接下來因為仍會有觀光客前來，會在通天大道的前面設管制閘門，到南天門的位置也無管制。進來的遊客走我們的和諧步道，可以到我們本殿，也可以到我們大雄寶殿去參拜。目前僅管制受災的凌霄寶殿。關於重建花費評估，高超文說，當然現在物價高漲，且寺廟的建築並不是一般的住宅建築，它一定有很多需要融入藝術層面的設計，不敢一下子就說出精確的數字，但我們會詳列出來再讓大家曉得。之後大家假如說能夠群策群力捐助的話，我們會另外成立專款專用，在專款專用的情況下來協助指南宮，共同來完成後續的修復動作。高超文說，至於修復的時間，目前無法跟大家做詳細報告，因為這些工法需要國內的這些師傅，尤其是現在這個時代，師傅並不是那麼好找，現在有一些工法，很多年輕人也沒有繼續傳承下來，所以要調動這些師傅需要一點時間，但我想我們會做好。另外，指南宮管理委員會常務董事、前總統府國策顧問黃承國也到現場關注。台北市文山區著名廟宇指南宮昨日深夜大火，指南宮主委高超文今日受訪。（記者陳逸寬攝）    ,https://news.ltn.com.tw/news/society/breakingnews/5551202
台北指南宮大火燒毀凌霄寶殿 消防署提醒5點預防措施,社會,2026/08/25 10:55,台北指南宮失火，凌霄寶殿幾乎全毀，消防人員勘察火場調查失火原因。（記者陳逸寬攝）台北市文山區指南宮凌霄寶殿昨晚發生火警，由於是木造建築，火勢迅速蔓延，大批警消到場時，1、2樓已經全面燃燒，經射水灌救後，火勢在今晨0時許撲滅，直到清晨仍在灑水降溫，起火原因仍調查釐清。對此消防署提出5點預防措施，包含焚燒線香插不宜過多、香爐周邊不得置放易燃物、不可將香灰隨手丟棄、避免堆放大量易燃物、見到不正常冒煙隨即通報消防隊。消防署表示，傳統廟宇建築結構本體及屋頂大部分為木材所建造、裝潢隔間，同時在廟宇內會擺放許多可燃物（如金紙、線香等），並供民眾點燃線香祭拜及焚燒金紙，但這些易燃材質的存在容易因遺留火種（線香）、蓄熱（焚燒金紙），甚至是酥油燈、孔明燈之明火直接引燃，並延燒周圍木質裝潢或堆積可燃物進而造成火災。請繼續往下閱讀...根據以往的廟宇火災，從2013年嘉義縣朴子市的配天宮、2015年彰化縣伸港鄉的福安宮、2016年鹿港鎮的鳳山寺及至2017年彰化市的關帝廟，起火原因皆是遺留火種引燃周邊可燃物所造成，若逢歷史悠久的古蹟廟宇受災，文化上的損失將不可估量。消防署說，至於廟宇的預防措施，首先焚燒線香插於香爐時數量不宜過多，以免大量熱蓄積產生發火現象（發爐）；另應避免點燃中之長、短不等線香彼此交叉接觸，導致長線香中間遭燒斷掉落現象，其次，燻燃貢末、束材之陶製或金屬製燻香（缽）爐周遭不得置放易燃物或危險物品，如長時間點燃應有人員監控燃燒情形及用火安全。此外，不可將殘餘香爐灰燼倒入垃圾桶或隨手丟棄，以免殘留灰燼引燃；寺廟內應避免堆放大量易燃物品（堆放金紙），避免火災發生時擴大火勢延燒速度；民眾見到廟宇出現火光或不正常冒煙時，應盡速撥打119通報消防隊，並通知廟祝或廟內管理人員。台北指南宮大火，凌霄寶殿火勢在今晨撲滅，但1樓及2樓部分已付之一炬。（記者陳逸寬攝）台北指南宮大火，大殿內燒得面目全非。（記者陳逸寬攝）台北文山區指南宮大火，大殿燒得一片焦黑。（記者陳逸寬攝）    ,https://news.ltn.com.tw/news/society/breakingnews/5551198
指南宮火警初判一樓起火 蔣萬安：市府會陪廟方走到重建完工那天,社會,2026/08/25 10:44,台北市長蔣萬安（左二）今早至指南宮勘災，淺藍衣服、戴帽子者為指南宮主委高超文。（記者陳逸寬攝）台北市文山區指南宮昨晚失火，凌霄寶殿一樓全毀，二樓有局部受損。台北市長蔣萬安今早至指南宮勘災受訪表示，指南宮後續的整體復原重建，台北市政府從今天開始，不論是協助清理、後續火調，一路到復原重建，我們都會陪著指南宮，一路走到重建完工的那一天。蔣萬安說，市府將成立跨局處的單一窗口，由台北市副市長林奕華督導民政局統籌，包括消防、文化、都發、建管、大地處等相關單位，都會全力給予協助。請繼續往下閱讀...蔣萬安提到，在符合安全規範以及火災調查（火調）之後，進行鑑定。針對整個結構安全的部分，以及包括和廟方、文化局來共同了解，哪些在歷史文化上是必須要保存的，哪些在結構安全上是必須要拆除的，我們都會做好完整的鑑定與記錄。此外，蔣萬安也承諾，我們一切一定會在符合安全標準之下，給予後續指南宮復原重建行政方面的專案協助，來加速整個後續重建計劃與復原的審查。因為這牽涉到不只是建築、土地，還有寺廟登記等各個層面，所以我們會給予全力的行政協助。台北市消防局第一大隊大隊長葉俊興今說明，昨晚8點48分接獲報案，火災地點位於指南宮的凌霄寶殿，燃燒面積大概150平方公尺。凌霄寶殿的一樓全毀，而二樓的部分大概有三分之一燒毀。起火原因目前還在調查釐清，起火點初步研判是在凌霄寶殿一樓。葉俊興解釋，指南宮結構是三層樓的挑高建築物，長時間使用明火，再加上有電線，且夜間可能沒有人留守。宮廟大部分都是木造建築，所以它的可燃物非常多。再加上指南宮在深山，水源缺乏，所在道路也相對狹窄，所以消防車到達有所困難，搶救比較受限。葉俊興表示，昨晚總共動員了消防車34輛、救護車4輛、消防人員106人，另外義消動員71人，現場無人受傷、受困，也沒有人員傷亡。另昨晚考慮到需要長時間救災，故啟動後勤保障機制，照顧警義消救災人員。也啟動無人機觀測火勢。台北市結構工程工業技師公會理事長徐茂卿說，一樓部分比較嚴重，但構造體結構安全是OK的，可修復，二樓以上雖然有局部輕微受損，但也可以馬上進行復原。林奕華、社會局長姚淑文、文化局長蔡詩萍及研考會主委殷瑋皆抵達凌霄寶殿；林奕華與姚淑文現場關心廟方與信徒，蔡詩萍眉頭緊蹙，藏不住對文化古蹟的擔憂與悲傷之情。    ,https://news.ltn.com.tw/news/society/breakingnews/5551177
19歲男大生想「澀澀」  12歲少女罹重度憂鬱,社會,2026/08/25 10:43,謝姓男大生誘騙12歲少女拍私密照，二審認罪賠50萬元獲緩刑。（情境照）19歲謝姓男大生玩手遊結識12歲少女，以「我也拍給你」等話術誘騙對方傳送4張胸部及私密處照，一審依違反兒少法判刑2年且不給緩刑，謝男不服上訴，二審雖然維持2年刑度，但改宣告緩刑5年，條件是須支付少女50萬元並接受4場法治教育。判決指出，2024年4月13日晚上11點多， 謝男玩手遊時認識剛滿12歲的少女，明知對方未成年，卻以「想澀澀一下」、「如果妹妹覺得自己拍不公平，想看我的我也可以拍」等文字慫恿，讓少女卸下心防傳送私密照。請繼續往下閱讀...少女事後因極度恐懼外流向家人求援，經診斷患有鬱症及睡眠障礙，至今仍需接受身心科治療。高雄地方法院認為謝男未取得被害人諒解，依引誘使少年自行拍攝性影像罪判刑2年。謝男認為量刑過重，上訴主張自己在偵查階段即認罪，自稱患有妥瑞氏症、出自單親中低收入戶，事後已主動修習性剝削防制課程，並願將賠償金提高至50萬元，展現極高悔意。高雄高分院審理時，法官指出，與被害人和解與否，並非宣告緩刑的唯一標準，考量謝男案發時剛成年、涉案影像未露臉且未散布，加上目前就讀大學、母親罹癌，經歷偵審程序應知警惕，為避免短期自由刑造成社會隔閡，強制其負擔賠償與法治教育，裁定給予緩刑5年，付保護管束，全案仍可上訴。    ,https://news.ltn.com.tw/news/society/breakingnews/5551111
獨家》新竹車廠爆主管包庇性騷與霸凌 15年女員工被迫離職獲判資遣費32萬,社會,2026/08/25 10:01,新竹知名車廠竟傳職場霸凌與性騷擾事件！新竹地院審理後，認定該公司違反《性別平等工作法》的事前防治與事後補救義務，判決應給付女員工資遣費32萬餘元。（記者廖雪茹攝）新竹知名車廠竟傳職場霸凌與性騷擾事件！該公司內部主管涉嫌集體包庇，甚至聯手對申訴員工進行職場報復，導致1名任職長達15年的資深女員工被迫終止契約，更扯的是，事後涉案小組長晉升還被提報「優秀青年工程師獎」；新竹地方法院審理後，認定該公司違反《性別平等工作法》的事前防治與事後補救義務，判決應給付女員工資遣費32萬6178元。判決書指出，被害員工A女自2008年起受僱於車廠公司。2023年3月間，該公司研發中心陳姓小組長利用職權將A女調入其組別，並將座位刻意安置於自己身旁。陳男不僅異常頻繁近距離盯視、長期監看，更曾不當碰觸A女身體，並以公事為由要求近距離靠近，顯已超出合理工作互動範疇。請繼續往下閱讀...2023年5月8日，當A女對陳男藉公事騷擾冷淡回應後，陳男竟當場情緒失控，在公開的辦公室內對A女大聲咆哮、言語貶低，造成A女身心受創。令人震驚的是，A女向直屬魏姓組長、謝姓代經理及林姓協理反映與申訴後，主管們非但未依法制止陳男，反而集體包庇。魏男斥責A女，要求其不准向任何人提起，更在公司內部散布不利於A女的不實評價，甚至阻撓其調動單位；代經理謝男也濫用職權，下令其他單位不得接受A女轉調。此外，身為研發中心最高主管的協理林男，在離職面談中已知悉此事，卻未採取任何糾正與補救措施，反而將陳男晉升並提報「優秀青年工程師獎」，更將魏男調任至更優渥職缺，處置顯失公平。此案經A女向新竹縣政府勞工處申訴，新竹縣性別平等工作暨就業歧視評議委員會在今年1月23日審定，該公司違反《性別平等工作法》第13條第2項「雇主知悉性騷擾未採取立即有效糾正及補救措施」規定，違法事實成立。同時，公司內部調查也確認陳男涉及職場霸凌，並在2025年7月予以小過乙次懲戒。新竹地院審理後指出，陳男在多數人共見共聞的辦公室咆哮、貶低員工的行為，已構成重大侮辱與職場霸凌；而主管魏男知悉疑似性騷擾後未予通報及補救，應視同雇主違法。法官認定，原告A女因面臨極度敵意的工作環境，被迫在2023年6月30日終止勞動契約，其依法請求資遣費完全有據。法官審酌其15年又15天的資歷，最終判決公司應給付A女資遣費32萬6178元。全案仍可上訴。    ,https://news.ltn.com.tw/news/society/breakingnews/5551109
趁大小女兒熟睡性交、猥褻 苗栗狼父判刑7年半,社會,2026/08/25 09:50,苗栗地方法院依犯乘機性交、乘機猥褻罪，共6罪，判處該名父親應執行有期徒刑7年6個月。（資料照）苗栗一名父親為滿足性慾，趁就讀高中、國中的2名女兒熟睡之際，分別對2女實施性交、猥褻等行為，共計6次，造成2名女兒身心成長無可抹滅之創傷及負面影響，被苗栗地方法院依犯乘機性交、乘機猥褻罪，判處應執行有期徒刑7年6個月。判決指出，該名父親於2008年8月起至2016年1月間，對當時分別就讀高中、國中的2名女兒於熟睡之際，分別對2名女兒實施性交、猥褻等行為，共計對大女兒、小女兒各犯2次乘機性交罪、1次乘機猥褻罪。請繼續往下閱讀...法官審酌該名父親不思善盡呵護、照顧女兒成長之責，竟為滿足一己性慾，對2名女兒犯此罪刑，造成2名女兒身心成長無可抹滅之創傷及負面影響，考量其犯罪後雖坦承犯行，但迄未取得2名女兒的原諒，及兼衡一切情狀，判處應執行有期徒刑7年6個月。h4>☆自由電子報關心您：若懷疑孩童遭受身體虐待、精神虐待或是性侵害、性騷擾，請撥打113專線，透過專業社工員接線服務，將可盡快救援在生命危機中的兒童。☆        ,https://news.ltn.com.tw/news/society/breakingnews/5551121
國道1號南下台中潭子路段  大貨車自撞又被追撞一死一傷,社會,2026/08/25 09:50,國道1號南向170.6公里台中潭子路段，2輛大貨車撞成一團。（民眾提供）陳姓男子駕駛大貨車，今天凌晨4時左右，行經國道1號南向170.6公里台中潭子路段，疑精神不濟自撞護欄後停於外側車道，不料，鄭姓男子駕駛大貨車行駛外側車道時，不慎再追撞陳男大貨車，造成陳男傷重昏迷，經搶救仍不治，鄭男則僅有輕傷，國道公路警察局第三公路警察大隊表示，2名駕駛皆未酒駕，詳細肇事原因將進一步調查釐清。這起車禍事故發生在今天凌晨4時13分左右，陳男（61歲）駕駛大貨車行經國道1號南向170.6公里台中潭子路段，不明原因自撞外側護欄後停在外側車道，後方由鄭男（50歲）駕駛的大貨車行駛外側車道時，未注意車前狀況，再撞擊陳男駕駛車輛而肇事，2名駕駛皆受傷被送往中港澄清醫院，其中，陳男昏迷傷重，經搶救後仍告不治；鄭男則輕傷已出院。請繼續往下閱讀...警方表示，經酒測，鄭男與陳男2名駕駛皆未酒駕，肇事經過及肇因研判，將進一步調查釐清，呼籲民眾駕車時精神不濟或分心恍神，如未注意車前狀態而肇事致人重傷或死亡，將吊扣或吊銷駕照；另疲勞時應下交流道或至服務區休息，避免事故發生。    ,https://news.ltn.com.tw/news/society/breakingnews/5551135
台中富商豪宅遭洗劫600萬還燒炭想滅口   惡徒一審重判12 年 6 月,社會,2026/08/25 09:47,台中謝姓男子，前年夥同胡姓男子洗劫廖姓富商600多萬，還意圖燒炭滅口，台中地院今天依殺人未遂等罪嫌，判決12年6月徒刑。（記者陳建志攝）台中謝姓（29歲）、胡姓男子前年6月潛入廖姓富商住處，持刀綑綁後，在屋內搜刮價值超過360萬元的外幣、台幣，並持提款卡盜領254萬元，兩人擔心犯行曝光竟決定滅口，先將廖男餵藥後燒炭，所幸廖男醒來趁隙報警才獲救，警方事後逮捕謝男，胡男則逃逸遭通緝，檢方依殺人未遂、加重強盜起訴，台中地院開庭時謝男全認罪，但強調僅分到50萬，台中地院今天宣判，殺人未遂判9年10月、加重強盜罪判9年4月，合併應執行12年6月。中檢起訴指稱，謝男（29歲）與胡男得知廖姓男子家中放有大量財物，2024年6月2日凌晨1點多先懸掛偽造車牌開車到廖男在台中西屯住處，凌晨3點多趁家中大門沒關闖入，胡男從廖男家中持1把刀，將廖男押到房間廁所，並將他綑綁後，開始在屋內搜刮財物。請繼續往下閱讀...兩人共在屋內搜刮港幣68萬元（約新台幣271萬）、韓元4000萬元（約新台幣84萬）、人民幣5000元、澳幣4000元、馬來西亞幣5000元、越南盾3000萬元（約新台幣3萬5千元）、新台幣近4萬元、迪奧後背包、LV外套、LV手提包、勞力士金錶等物品後放在床上。接著逼問廖男交出提款卡與密碼，由謝男前往自動提款機領款，前後共盜領254萬餘元，當天下午2點，胡男拿著搶來的外幣，搭UBER至彰化縣員林鎮兌換，並由謝男在家中監控廖男的行動。直到當晚8點多，兩人擔心犯行曝光決定滅口，兩人先讓廖男服下不明藥物昏睡，接著燒炭意圖製造廖男因一氧化碳中毒意外死亡，期間廖男醒來偷偷打開窗戶並趁隙報警才獲救，謝男後來落網、胡男則逃逸遭通緝，謝男依殺人未遂、加重強盜、偽造文書等罪嫌起訴。台中地院審理時，謝男對於檢方指控全部認罪，辯護人則稱謝男僅分到50萬，且沒有拿到外幣。台中地院今天宣判，謝男依殺人未遂判9年10月、加重強盜判9年4月，合併應執行12年6月，可上訴。    ,https://news.ltn.com.tw/news/society/breakingnews/5551139
抖音結識「外交官」送大禮！ 7旬翁買點數卡險噴1.8萬,社會,2026/08/25 09:17,老翁（左）在抖音結識「外交官」要送禮，欲買點數卡險遭詐1.8萬元。（圖由警方提供）網路交友陷阱多！1名7旬老翁在抖音結識自稱「外交官」的網友，對方以「寄送貴重禮品需付清關費」為由，指引老翁至彰化市超商購買1.8萬元遊戲點數。超商店員察覺「老翁怎會買遊戲點數卡？」及時暫緩結帳並通報警方，員警獲報趕抵揭穿詐騙劇本，順利保住老翁積蓄。彰化警分局今天（25日）指出，大竹派出所副所長楊子標與警員李金庭、陳逢凱日前執行巡邏勤務時，接獲超商通報，表示有名75歲老翁欲購買高額遊戲點數卡，疑似遭詐騙。請繼續往下閱讀...警方火速到場了解，老翁表示日前透過抖音接觸交友邀請，並加入LINE暱稱「Heritage」之人為好友。對方自稱為外交官，表示要寄送禮物給他，但因包裹卡在海關，必須請老翁先幫忙支付外交清關費與關稅，並指定要以購買遊戲點數卡的方式付款。警方向老翁詳細說明此為常見的「假交友、假冒外交官寄送包裹」詐騙手法，並列舉近期相似案例進行勸說，老翁聽聞後始驚覺遭詐騙集團設局，當場放棄購買點數卡，成功保住1萬8000元積蓄。「外交官」要送禮，老翁欲買點遊戲數卡險遭詐1.8萬元。（圖由警方提供）    ,https://news.ltn.com.tw/news/society/breakingnews/5551070
詐騙新手法！「我出錢，你操盤」彰化男代操虛擬貨幣險吃牢飯,社會,2026/08/25 09:14,方男受詐團之託，假操盤，寄出提款卡，淪為詐騙共犯被起訴，一審判無罪。（示意圖，資料照）一句「我出錢，你操盤，獲利對半分」讓彰化方男淪為詐騙共犯！他透過臉書接觸虛擬貨幣投資，加入投資LINE群組，對方以自己是金融從業人員，無法操作為由，要求方男「代操」，獲利對半分，方男心動，下載虛擬貨幣APP，並提供金融帳戶給對方。該帳戶淪為詐騙帳戶，方男將被害人匯入的7萬元匯出，被檢察官依詐騙共犯起訴。該案因方男及時發現自己被設局，立即報警，法官認為，被告也是被害者，因此判處無罪。方男去年6月因想了解比特幣投資而在臉書點擊廣告，加入LINE暱稱「胡璟信」之好友，方男稱自己沒錢投資，豈料對方以自己是金融從業人員，不能操盤為由，要求方男代操，更以「我出錢，你操盤，獲利對半分」，方男心動不已，立即把自己的金融帳戶號碼提供給對方，並以自己之名下載虛擬貨幣APP。請繼續往下閱讀...不久，一名詐騙被害人分別匯1萬元及6萬元至方男帳戶，「胡璟信」告知方男操盤基金已匯入你帳戶，要求將款項購入虛擬貨幣後轉至指定之電子錢包地址。被害人報警，警方循線逮捕方男。該案審理時，方男堅決否認涉案，他坦承，對方說出「我出錢、你操盤」而心動，但在APP系統先顯示密碼錯誤帳戶遭凍結，最後無法開啟且對方失聯後才驚覺受騙，他立即報警。承審法官審酌相關事證，調閱被告與「胡璟信」之間的LINE對話紀錄與文字記錄，發現對話內容與方男說詞一致，法官認為，被告面對詐騙集團手法未必能理性識破；且該帳戶為被告平日使用之股票交割帳戶，衡情若預見為洗錢贓款應無甘冒帳戶遭警示風險提供之可能。檢方提供之證據尚不足以證明被告具有加重詐欺取財及洗錢之不確定故意，因此判被告無罪，全案仍可上訴。    ,https://news.ltn.com.tw/news/society/breakingnews/5551098
不是海賊王！宜蘭「千陽號」遊艇走私加熱菸 1.2萬包私菸全數銷毀,社會,2026/08/25 09:06,宜蘭查緝隊埋伏於宜蘭烏石漁港，等遊艇一入境立刻登船查緝，當場查扣上萬包加熱菸，總市價近170萬元，成為台灣加熱菸合法後的首宗走私案！（海巡署偵防分署宜蘭查緝隊提供）宜蘭縣政府於利澤垃圾資源回收廠執行沒收菸品銷毀作業，將去年10月破獲的「千陽號」遊艇走私案查扣菸品全數銷毀，數量高達1.2萬包，市價約165萬元；為確保流程嚴謹，全程由縣府財政稅務局政風室派員監毀，嚴格把關查扣物資，杜絕非法菸品流入市面。回顧這起國內首宗加熱菸合法後的境外走私案，林姓船長看準台灣剛開放特定加熱菸上市，與日本境內同款菸品有價差，便夥同施姓船員駕駛「千陽號」前往石垣島，企圖利用航程較短優勢，將大量日文包裝的加熱菸私運入境，藉此賺取利潤。請繼續往下閱讀...案發當時，林嫌將24箱、共1萬2千餘包的加熱菸，藏匿於遊艇座位下方艙間以規避安檢。海巡署宜蘭查緝隊獲報後，會同相關單位組成專案小組，待「千陽號」駛入烏石漁港便立刻登船臨檢，當場查扣這批市價破百萬的私菸，成功攔截非法物資入境。案經移送偵辦，林姓船長與涉案船員因違反「菸酒管理法」輸入私菸規定遭法辦，走私上萬包菸品則被沒收，並交由縣府進行銷毀。宜蘭縣府重申，為維護合法菸酒業者市場流通秩序及保障消費者權益，針對取締私菸、私酒等打擊不法情事定當不遺餘力，呼籲民眾切勿心存僥倖，如有攜帶菸酒入境需求，務必遵守相關法令規定。看準「買低賣高！」合法後首宗境外走私案 烏石港查獲上萬包加熱菸宜蘭烏石港遊艇千陽號去年走私上萬包加熱菸，沒收菸品全數遭宜蘭縣府焚化銷毀。（宜蘭縣政府提供）    ,https://news.ltn.com.tw/news/society/breakingnews/5551083
沒存款就扣不到？行政執行署「科技攔查」 車子險被拍賣全繳了,社會,2026/08/25 09:05,台中徐姓女子欠下通行費、牌照稅共4萬7千多元，台中分署得知車子停在停車格將車查封拖吊，徐女擔心被拍賣，隔天終於將欠款全繳清。（行政執行署台中分署提供）台中徐姓女子（58歲）積欠高速公路通行費、牌照稅暨罰鍰共17筆，累計達4萬7168元卻遲不繳納，高速公路局、台中區監理所等單位陸續移送法務部行政執行署台中分署強制執行，因無存款、薪資可供執行，本月19日得知其所有的自小客車停在東區公有停車格，立刻前往查封並拖吊回台中分署，徐女焦急想領回，得知若不繳納將拍賣，隔天終於一次繳清所有欠款。台中分署表示，這名徐姓女子欠下2024年3月至2024年12月間行駛高速公路的通行費，另外2022年起的牌照稅暨罰鍰，2024年起的汽車燃料使用費（已更名為公路使用養護安全管理費）暨強制責任險罰鍰也都不繳，至今年8月15日共欠下17筆，累計達4萬7168元。請繼續往下閱讀...因徐女遲不繳納，包括高速公路局、台中區監理所、台中市政府地方稅務局陸續移送台中分署強制執行，台中分署曾通知徐女自行繳納，未獲理會，今年5月核發執行命令扣押金融機構的存款無著，亦曾至徐女住居所擬查封其名下2017年份的汽車，也無所獲，加上徐女的健保加保在公所，無薪資可供執行。不過台中分署未放棄，積極運用台中市政府停車管理處公有停車格停車收費管理系統，今年8月19日接獲通報徐女的自小客車停放在台中市東區的停車格，立即趕至現場依法查封並拖吊回台中分署。徐女要取車時發現愛車被執行，急至台中分署希能辦理分期並將愛車領回自行保管，因該車保養得宜，台中分署認徐女應有資力繳清，告知如未能依法一次全部清償將依法拍賣，徐女發現台中分署實現國家債權的決心，隔天終於願意將欠繳的4萬7168元一次繳清。    ,https://news.ltn.com.tw/news/society/breakingnews/5551064
利用感冒藥錠提煉安非他命原料 2製毒師被依製造第二級毒品罪判刑,社會,2026/08/25 08:49,方男及鄒男利用感冒藥錠提煉原料製毒，法院依製造第二級毒品罪判刑。（資料照）方姓男子與鄒男聯手以感冒藥錠提煉甲基安非他命先驅原料假麻黃鹼後再製出成品，因走漏風聲被警方查獲，共查扣第4級毒品假麻黃鹼純質淨重46.152公斤、第2級毒品安非他命純質淨重46.35公克，依製毒罪將2人送辦後，屏東地院從重以共同犯製造第2級毒品罪判處方男7年徒刑、判處鄒男6年徒刑，可上訴。33歲的方男與42歲的鄒男去年2月間分別將九如鄉及里港鄉住處作為製毒工廠，2人利用收購來的感冒藥錠先在鄒男里港鄉住處提煉甲基安非他命先驅原料假麻黃鹼，然後再將生產的製毒原料搬運至方男位在九如鄉的住處製造安非他命，由方男負責主要製程，鄒男負責設備部份。請繼續往下閱讀...警方據報後，分別在方男及鄒男住處查獲氣體鋼瓶、抽氣馬達、研磨機、抽濾設備及氫氧化鈉、甲苯、感冒藥錠等製毒器具與原料，並查扣市值價格逾1200萬元的第4級毒品假麻黃鹼46.152公斤、第2級毒品安非他命46.35公克，方、鄒2人被逮，但幕後金主疑似已潛逃出境，檢方偵辦後依製造第2級毒品等罪起訴方男及鄒男，並持續追緝潛逃的其餘共犯。    ,https://news.ltn.com.tw/news/society/breakingnews/5551074
渣夫帶小三回家激戰  妻剪他褲子與床單洩恨判離,社會,2026/08/25 08:45,渣夫帶小三回家激戰，妻剪他褲子與床單洩恨判離。（情境照）新竹張女氣先生不顧家，生活支出都靠娘家支應，甚至還將小三帶回家激戰，憤而拿剪刀剪床單或剪他褲子洩恨，還拿菜刀砍斷冰箱電線，新竹地院法官認為夫妻之間勢如水火，彼此相互包容基礎全面崩毀，已無夫妻恩愛情義可言，判准離婚。陳男說，結婚後生活開銷是由他支應，妻子張女常有剪床單、從樓上將拖地水倒至樓下等歇斯底里行為，言語對話亦咄咄逼人，長期以言語羞辱、貶抑他人格，傳送冗長文字要他仔細閱讀，及以上對下的態度命令、喝斥需照她的規矩行事，造成他極大精神痛苦，已達不堪同居虐待程度，且婚姻亦已生重大破綻，無法繼續維持，憤而提告休妻。請繼續往下閱讀...張女說，先生婚後即外遇不斷，其僅支付家中最基本開銷，其餘收入均投入股市。家中生活開銷均靠娘家支應。法官調查，夫妻婚後相處不甚和睦，於109年8月曾簽立離婚協議書，雖未辦理離婚登記，可見夫妻均已喪失維持婚姻意願，且張女說109年8月分居迄今已6年，陳男在112年9月後把小三帶回家激戰，還阻止她用冰箱並丟棄她放在冰箱內物品等行為，張女則有以剪刀剪先生褲子、床單等物品，持菜刀砍斷冰箱電源線等行為，堪認夫妻感情已達冰點，彼此相互包容基礎全面崩毀，已無夫妻恩愛情義可言，殊難期待雙方能再於婚姻關係下和睦共處。因此，夫妻長期無良性互動，又未能積極溝通以解決婚姻所遇困境，彼此間勢同水火，恩愛情義蕩然無存，徒有夫妻之名而無夫妻之實，且本案審理過程中仍互相多所指摘，裂痕更行加深，毫無和緩跡象，最後判准離婚。    ,https://news.ltn.com.tw/news/society/breakingnews/5551046
雲林崙背鐵皮屋清晨竄火煙 2人一度失去生命跡象,社會,2026/08/25 08:40,雲林縣崙背鄉一棟鐵皮屋突然冒出濃濃黑煙，消防人員到場後，立即將屋內3人救出，有2人一度失去生命跡象，緊急送醫救治。（圖由消防局提供）雲林縣崙背鄉今（25）日凌晨驚傳火警，一棟鐵皮屋突然冒出濃濃黑煙，附近鄰居見狀趕緊報案，消防人員到場後，立即將屋內3人救出，1人輕傷，2人救出時已失去生命跡象，經救護人員搶救，1名女傷者恢復意識，另1名男傷者一度恢復意識，仍搶救中，至於詳細起火原因仍需消防人員調查釐清。雲林縣消防局清晨5點51分接獲民眾報案，稱崙背市區內一棟鐵皮屋不明原因冒出黑煙，立即派遣崙背、北五、二崙、高鐵分隊共15台車組、30名人員救援。請繼續往下閱讀...6點2分救護人員抵達現場後，發現屋內已是濃濃黑煙，民眾指此棟鐵皮屋平常還有住人，消防人員進入火場內分別在神明廳前臥室、廁所前、最末端臥室陸續救出90歲徐女、55歲陳女及62歲李男，3人皆吸入性嗆傷，不過徐女情況較輕微，送至雲林基督教醫院，其餘兩人則是失去生命跡象，陳女經救護人員搶救後恢復生命跡象，李男則是一度恢復，兩人分別送虎尾若瑟醫院、雲林長庚醫院救治。消防局表示，目前估計燃燒面積約50平方公尺，同時通報崙背鄉長及縣府社會處，至於財物損失與起火原因由火調人員調查。    ,https://news.ltn.com.tw/news/society/breakingnews/5551072
指南宮暗夜大火！凌霄寶殿一片黑 現場仍瀰漫焦味,社會,2026/08/25 08:31,台北市文山區指南宮昨晚失火，警方與消防人員已封鎖火場。（記者蔡愷恆攝）台北市文山區指南宮昨（24）日晚間突發大火，凌霄寶殿被燒得一片烏黑，午夜火勢已經撲滅，記者今天清早仍能在現場聞到濃濃的焦味。據了解，指南宮主委高超文幾乎一夜沒休息，面露疲態。台北市長蔣萬安昨晚發文表示，消防局趕赴現場搶救火勢，無人受困；他今早也將取消出席市政會議，改往現場勘災。副市長張溫德昨晚就先前往指南宮了解救災情形，他提到，會儘速協助做後續復原相關規劃。請繼續往下閱讀...消防局第一大隊長葉俊興說，24日晚間8點47分獲報火警，立即派遣43部消防車、110名警消、18名義消，凌霄寶殿為地上3層、地下2層的建物，由於是木造建築，1、2樓迅速燃燒，到場時發現已全面燃燒。今天早上副市長林奕華、社會局長姚淑文都到指南宮了解災情。台北市文山區指南宮凌霄寶殿被燒得一片烏黑。（記者蔡愷恆攝）台北市文山區指南宮昨晚失火，搶救時使用的水龍帶留在廟前一角。（記者蔡愷恆攝）    ,https://news.ltn.com.tw/news/society/breakingnews/5551069
買豆腐還送7000元？豐原警20分鐘尋回失主,社會,2026/08/25 08:22,蔡姓婦人將撿到的7000元歸還攤商。（民眾提供）台中市豐原區一名婦人到市場買豆腐，返家準備料理時，竟發現豆腐袋裡藏有一疊千元鈔票，共7000元，研判應是攤商不小心放在袋子裡的血汗錢，隨即將現金送至派出所；豐原警分局合作派出所員警獲報後，立即調閱市場周邊監視器並實地訪查，不到20分鐘就發現失主果然是攤商，將7000元現金如數歸還，讓攤商又驚又喜。豐原警分局合作派出所，於本月8月23日中午12時許接獲蔡姓婦人報案指稱，她稍早前往圓環東路市場購買豆腐，返家後準備烹煮時，赫然發現豆腐袋底壓著一疊千元鈔票。蔡婦認為這筆錢應是豆腐攤商不慎遺落的營業收入，想到攤商辛苦做生意，若發現遺失7000元，恐十分焦急，趕緊主動將現金送交警方，希望協助尋找失主。請繼續往下閱讀...員警對蔡婦拾金不昧的善行予以肯定，隨即調閱周邊監視器，並前往市場逐一訪查、比對相關攤商，不到20分鐘便找到不慎將現金放入豆腐袋的豆腐攤老闆，並將7000元現金全數歸還。攤商失而復得，既驚訝又欣喜，除感謝蔡婦主動拾金不昧，也對警方積極協助、迅速尋回失主的作為表達肯定。婦人買回豆腐，發現袋裡竟有現金7000元。（民眾提供）    ,https://news.ltn.com.tw/news/society/breakingnews/5551058
獨家》被控爽用愛心！台中乞討阿伯開車趴趴走 副駕駛「美女」竟是......,社會,2026/08/25 08:18,該傳單近日在東興市場引發熱議。（民眾提供）台中市北區東興市場近日出現「爆料傳單」，內容直指一名經常在市場出沒討錢的老翁疑「爽用大家愛心」，但真正令人感到錯愕的，卻是老翁開車趴趴走，副駕駛座坐著一名身穿鮮紅洋裝的「美女」，乍看下宛如載著女伴出門，仔細看才發現竟是一具情趣娃娃，畫面相當衝突。從張貼傳單可見，文字直接寫著「此人爽用大家愛心，花50萬買車、4萬買情趣娃娃，還不時臭罵拾荒老人，實在可惡」，下方則貼出照片，其中最引人側目的就是一名老翁坐在駕駛座，副駕座竟坐著一名身穿鮮紅色洋裝、繫著安全帶的「美女」，乍看之下宛如載著女伴兜風。請繼續往下閱讀...仔細一看，這名「美女」並非真人，而是一具外型逼真的情趣娃娃，照片中娃娃長髮披肩，與駕駛並肩而坐，看過去頗像一對男女同行，整個畫面瞬間變得詭異，另外照片還拍到老翁赤裸上身、穿著迷彩短褲，與車內紅衣娃娃的畫面並列，形成強烈反差。據了解，這名老翁過去經常在東興市場出沒討錢，攤商及民眾對他並不陌生，如今從「市場討錢阿伯」，到傳單中被指控「爽用大家愛心」後神隱，引發不少好奇議論。警方透露，按社會秩序維護法第82條「於公共場所或公眾得出入之場所，乞討叫化不聽勸阻者」，可處3日以下拘留或12000元以下罰鍰，以往員警就曾數度前往勸離該名乞討翁，但對方都配合離開，沒有不聽勸阻問題；至於傳單究竟何人張貼、老翁是否真的花費相關金額購車及購買娃娃，目前也都有待進一步釐清。傳單中的紅衣女郎，竟是情趣娃娃。（民眾提供）    ,https://news.ltn.com.tw/news/society/breakingnews/5551044
助理薪資廠商付！涉貪藍委陳雪生200萬交保 業者黃玉如100萬交保,社會,2026/08/25 07:54,國民黨立委陳雪生涉貪污關說、透過廠商養助理，24日被檢調搜索約談，25日凌晨移送台北地檢署複訊，清晨200萬元交保。（記者羅沛德攝）國民黨立委陳雪生涉嫌利用親友詐領助理費，並收受海運、船務業者提供助理人力等不正利益，台北地檢署昨上午指揮台北市調查處，兵分35路搜索包括陳的住處、國會辦公室及涉案公司等多處，並約談陳雪生、胞弟陳雪懷等27人到案。經檢察官漏夜複訊後，諭知陳雪生200萬元交保、業者黃玉如100萬元交保，均限制出境出海。檢調先前就接獲檢舉指出，陳雪生利用立委職權召開協調會，向台灣中油施壓，要求其提前與金欣海運解約，讓業者得以解除後續履約義務，該案曾由高雄地檢署指揮調查局調查。事後，檢調再次接獲檢舉，表示陳雪生利用親友當作人頭，詐領國會公費助理費。此外，陳的助理中，有一人的薪資竟是涉案廠商支付。請繼續往下閱讀...檢調為追查該案，昨日跨海前往馬祖，帶回涉案的陳雪生親友，另涉案的金欣、金廈海運及遠欣、和平船務公司大多位於金門，調查官也前往金門，兵分35路展開搜索，主要針對陳雪生住所、國會辦公室、馬祖服務處及涉案公司。據悉，此波行動主要針對陳雪生是否利用親友詐領公費助理費且收受廠商提供助理人力等不正利益，除追查金流外，另也勾稽比對相關資料，釐清陳雪生是否涉嫌為業者關說，有無對價關係，全案朝違反貪污治罪條例等罪偵辦。經檢察官漏夜偵訊後，認定陳雪生、業者黃玉如等人違反貪污治罪條例，諭知200、100萬元交保，兩人均限制出境出海；胞弟陳雪懷10萬元交保、助理林揚智15萬元交保；其餘被告則分別以5萬元至50萬元不等金額交保。    ,https://news.ltn.com.tw/news/society/breakingnews/5551034
藍委陳雪生涉詐領助理費+受業者供養 200萬交保,社會,2026/08/25 07:02,國民黨立委陳雪生涉嫌透過廠商養助理，並幫廠商關說，25日凌晨在調查員陪同下移送北檢複訊。（記者羅沛德攝）首次上稿 08-25 04:37更新時間 08-25 07:02國民黨籍立委陳雪生疑似利用親友作為人頭詐領助理費，並收受廠商贊助私人助理薪資，台北地檢署昨（24）日指揮調查局兵分35路搜索住處、國會辦公室及前金門縣長楊鎮浯家族所經營的金欣海運，並約談陳雪生及其胞弟陳雪懷等27人到案，複訊後，清晨5點多諭令陳雪生200萬元交保、限制出境出海。請繼續往下閱讀...約莫凌晨3時許，調查局分別將最後一批被告助理范寶華、業者蔡勝源、黃玉如3人移送至台北地檢署，3人全程不發一語走進法警室準備進行複訊，其中范姓助理更是走錯路直接上樓，最後是由法警將其帶下樓走入候訊室，目前全案仍待檢方續追查相關事證，案件目前朝違反貪污治罪條例等罪偵辦。陳雪生的胞弟陳雪懷經檢方複訊後，諭令10萬元交保，其餘被告陳雪生助理林揚智以30萬元降至15萬元交保、林揚晏兄妹以30萬元交保，親友陳昌蔚、陳秀子以50萬元交保，其餘被告則以2萬元至50萬元不等的金額交保。陳雪生先前遭檢舉，涉嫌利用立委召開協調會的職權，向中油施壓提前與金欣海運解約，使業者得以解除後續履約義務，高雄地檢署曾指揮調查局展開調查。檢調隨後又接獲檢舉，指陳另以親友充當人頭，向立法院詐領公費助理費；實際替陳處理事務的助理中，也有1人的薪資由涉案廠商支付。由於陳雪生多名親友設籍馬祖，涉案的金欣海運、金廈海運、遠欣船務及和平船務等公司與負責人則多位於金門，檢調今稍早同步在台北、馬祖及金門展開搜索，包括陳的住處、立法院國會辦公室、馬祖服務處及相關公司。國民黨立委陳雪生遭檢舉，涉嫌透過廠商養助理，並幫廠商關說，檢調24日搜索陳雪生立法院研究室等處，晚間陳雪生的弟弟陳雪懷在調查員陪同下移送北檢複訊後10萬元交保。（記者羅沛德攝）助理范寶華移送。（記者翁靖祐攝）業者黃玉如移送。（記者翁靖祐攝）業者蔡勝源移送。（記者翁靖祐攝）    ,https://news.ltn.com.tw/news/society/breakingnews/5551002
慘況曝光！台北指南宮晚間大火 凌霄寶殿面目全非,社會,2026/08/25 06:43,台北指南宮24日晚間發生火警，凌霄寶殿付之一炬、面目全非，消防人員凌晨持續灑水處理殘火。（圖擷取自苗博雅臉書）台北市文山區指南宮昨（24）日晚間失火，著名地標凌霄寶殿陷入火海，消防人員獲報火速搶救，原本莊嚴華麗的大殿內幾乎全部付之一炬，尤其是大量木造結構一片焦黑。直擊》慘不忍睹！指南宮凌霄寶殿多尊神像焚毀 現場滿目瘡痍請繼續往下閱讀...台北市議員苗博雅在臉書貼出凌晨前往實地勘災畫面，她說，在市議會加班結束後，確認不妨礙救災下，凌晨1點56分抵達指南宮，與主委高超文、文山區指南里長張佳南就災後需求及重建交換意見，消防局長莫懷祖在現場坐鎮指揮，感謝消防弟兄姊妹及義消超過百人動員搶救，「呂仙祖保佑，指南宮雖遭祝融之禍，幸而無人傷亡，今年適逢凌霄寶殿落成一甲子，神給凡人的考驗和指示，想必是要我們再次同心協力度過難關」。台北市消防局第一大隊長葉俊興說，24日晚間8點47分獲報後，派遣43部消防車、110名警消、18名義消前往，晚間10點7分火勢控制，25日凌晨0點9分撲滅。台北市副市長張溫德也連夜前往了解救災情形，市長蔣萬安今天25日早上8點半也將到指南宮凌霄寶殿勘災，原訂出席市政會議取消。北市知名廟宇指南宮夜間起火 凌霄寶殿陷火海 警消馳援台北指南宮凌霄寶殿暗夜大火 煙霧恐影響雙北3行政區指南宮修復工程待啟動 主委高超文致歉承諾全力修復台北指南宮24日晚間失火，原本莊嚴華麗的凌霄寶殿幾乎全毀。（圖擷取自苗博雅臉書）台北市文山區知名廟宇指南宮凌霄寶殿今晚發生大火，消防局獲報出動大批警消趕赴灌救。（記者陸運鋒翻攝）    ,https://news.ltn.com.tw/news/society/breakingnews/5551021
公司、住家皆虛設 業者疑計畫性濫倒,社會,2026/08/25 05:30,台南火災爆炸案，市府啟動集體訴訟、代位求償。（資料照，記者王姝琇攝）廿二日凌晨發生在台南安南區海佃路二段一處私有空地堆放的事業廢棄物火災大爆炸，據調查，主嫌王逸凱名下有三家公司，其中二家公司都已廢照，均為廢五金業者，但沒有廢棄物清理證照。王男目前的公司友誠國際洋行設在高雄市鼓山區，竟是「借址設立」的空殼公司。辦案人員懷疑王男有計畫地違法堆置廢棄物。爆炸案發生後，地方對里長議論紛紛，「里內空地放廢棄物，里長不可能不知道？」、「放什麼危險物品里長根本不管。」甚至盛傳許多當地民眾都知曉，是里長事先就答應讓他人暫置。請繼續往下閱讀...據了解，涉嫌仲介的楊姓男子之前是台南安南區當地住戶，楊稱是接受在逃的友誠國際洋行公司負責人王逸凱的委託租下該空地，協助載運物品置放該處，但不清楚置放的物品是什麼，且堆放物品有獲得當地里長鄭順的同意。至於主嫌王逸凱，根據調查，王的戶籍遷到高雄市大樹區戶政事務所，依據戶籍資料已離婚、育有一子。王男另有一個住家登記地址位於高雄大樹龍目路，高市環保局訪查發現該址竟是大樹的清潔隊隊址；王名下原有三家公司，其中包括友誠國際洋行，其中兩家公司都已廢照，是廢五金業者，但沒有廢棄物清理證照。王男的友誠國際洋行另設於高雄市鼓山區，高雄市環保局派員前往該址稽查時，發現該處實際上是一家美髮院，查知王男是之前的承租人，已無租約，證實該公司是「借址設立」的空殼公司。辦案人員懷疑王男是計畫性的違法堆置廢棄物。除了可能是濫倒事業廢棄物的慣犯，王另涉及詐欺案被通緝，檢警持續追緝。    ,https://news.ltn.com.tw/news/society/paper/1767988
化整為零改居家上班 博弈網洗錢37億,社會,2026/08/25 05:30,"刑事警察局偵查第六大隊破獲以陳姓男子為首的線上博弈洗錢集團，當場在保險箱內起出達1688萬元的錢磚。（記者陳建志翻攝）刑事警察局掌握情資，以陳姓男子為首的線上賭博網站機房，從台中七期商辦撤出，化整為零隱匿在民房中，前往台中、桃園、高雄等五縣市同步展開搜索，逮捕陳姓主嫌和蔡姓水房等廿七人，現場保險箱起出一六八八萬元，清查後，近一年進出不法金流達卅七億元，將陳男、蔡男等人依賭博、洗錢等罪嫌移送法辦。五縣市同步搜索逮廿七人刑事警察局去年在檢方指揮下，偵辦線上博弈、洗錢集團，原掌握都藏匿在台中七期商辦中，沒想到正要行動前，相關集團疑發現檢警強力掃蕩，將機房全撤走，檢警重新布線、蒐證，發現以陳姓男子（卅七歲）為首的線上賭博網站機房，化整為零改為居家上班的模式，持續經營賭博機房的推廣以及客服部門。請繼續往下閱讀...檢警蒐證完成後，去年十二月廿九日，前往台中市、桃園市、高雄市、彰化縣及南投縣等五縣市執行攻堅，順利逮捕陳姓機房負責人及成員等共廿四人到案，並在台中北屯機房內查扣藏在保險箱內的贓款錢磚達一六八八萬元、電腦主機及手機等贓證物。警方為追查集團幕後主嫌，持續針對賭博網站的金流向上溯源，再鎖定擔任洗錢水房的蔡姓主嫌（卅二歲），蔡男在台中民宅利用不法金流系統，利用集團所設立的多家人頭公司，充當賭博資金出入金管道協助洗錢，順利將蔡男等三人查緝到案。警方清查後，該集團近一年經手不法金流逾卅七億六千萬元，並經聲請裁定扣押公司帳戶內一三三三萬元，總計查扣不法利得達三〇二一萬元，全案目前依賭博、洗錢等罪嫌偵辦中。刑事警察局破獲以陳姓男子為首的線上博弈洗錢集團，當場在保險箱內起出1688萬元的「錢磚」。（記者陳建志翻攝）    ",https://news.ltn.com.tw/news/society/paper/1767991
假賣點數串接行動支付 洗賭資21.5億,社會,2026/08/25 05:30,新北地檢署偵結，依組織犯罪、加重詐欺、賭博及洗錢等罪起訴洪崇耀等十五人。（記者劉詠韻攝）三波搜索十地 拘提洪崇耀等十五人起訴男子洪崇耀等人涉嫌蒐集公司、商號帳戶，假借販售MyCard點數卡，串接第三方支付服務，替多個線上博弈網站收付賭資，再以多層轉帳、提領現金製造金流斷點，洗錢逾二十一億五千萬元。新北地檢署偵結，依組織犯罪、加重詐欺、賭博及洗錢等罪起訴洪男等十五人。全案源於預警中心接獲高檢署發交的可疑交易通報，新北地檢署今年六月起指揮刑事警察局偵查第九大隊、台北市警局刑警大隊及多地警方發動三波搜索，共搜索十處、拘提十七人，查扣不法所得五四六八萬餘元，數名核心共犯被法院裁定羈押禁見。請繼續往下閱讀...檢警查出，洪男等人長期蒐集、仲介多家公司及商號帳戶，提供線上博弈及詐欺集團收受、轉匯犯罪所得，再透過第三方支付、多層轉帳及現金提領，掩飾資金來源及去向。其中，集團利用旗下公司佯裝販售MyCard點數卡等商品，與三家第三方支付業者簽訂金流服務契約，取得虛擬帳號及超商繳款代碼，再提供給多個線上博弈網站，供賭客儲值。第三方支付業者收取賭資後，再批次匯入集團掌控的帳戶。集團另利用其他公司帳戶直接收受賭資，以合法公司及正常交易為掩護，替博弈網站建立收付款管道。賭資入帳後，部分用於支付彩金，其餘則轉入多家公司及商號帳戶，再經多層轉匯或提領現金，製造金流斷點。檢警清查去年金流，發現集團收受賭客匯款及地下匯兌等款項，合計洗錢逾二十一億五千萬元。    ,https://news.ltn.com.tw/news/society/paper/1767992
毒駕逃進死巷瘋狂倒車 撞爛警車 駕駛胸口中彈,社會,2026/08/25 05:30,周男看到警方示意卻拒檢逃跑。（記者徐聖倫翻攝）周姓男子駕駛轎車載著高姓女子，昨凌晨行經新北市新莊，因行跡可疑被巡邏員警攔查，周男疑因毒駕且持有毒品，竟踩油門拒檢逃逸，鑽入死巷後抓狂倒車撞爛警機車（見圖，記者徐聖倫翻攝），警方眼見生命遭受嚴重威脅，連開六槍強行迫停，其中一發子彈擊中周男胸口，所幸彈頭卡在骨頭未傷及要害，送醫手術後保住一命，警方在車上找到一級毒品「依托咪酯」（喪屍煙彈），昨先將高女送辦，待周男出院後也將依法送辦。彈頭卡肋骨 保住命廿四日凌晨零時許，新莊警分局丹鳳派出所員警執行巡邏與取締毒駕勤務，在雙鳳路發現周男駕駛的車輛行跡可疑，上前示意攔檢，周男突然加速逃離，員警隨即駕駛巡邏車在後尾隨，周男一路狂飆轉入雙鳳路一百六十三巷死巷，員警見狀立即下車，上前喝令兩人下車受檢。請繼續往下閱讀...女乘客拒開門 破窗壓制​不料周男拒不配合，竟抓狂倒車加速朝員警直衝，其中一名員警及時閃避才免於挨撞，另名林姓員警為保護同仁，當機立斷拔槍朝車門與輪胎連續擊發六槍，強行迫停，周男中彈、車輛停止後，高女仍拒不開車門，員警果斷破窗開啟車門壓制。車上搜出毒品喪屍煙彈過程中周男胸部中彈，高女則遭玻璃割傷，皆送輔大醫院救治，警方於車內查獲一級毒品「依托咪酯」（喪屍煙彈）等證物。周男經送醫手術，取出卡在骨頭上的子彈，無生命危險，現場執勤員警均未受傷，周男須住院休養，全案依公共危險、妨害公務、毒品等罪嫌偵辦。周男在死巷開車衝撞員警，警機車嚴重受損。（記者徐聖倫翻攝）    ,https://news.ltn.com.tw/news/society/paper/1767990
涉潑油損日本國寶 五熊登日媒,社會,2026/08/25 05:30,"日本讀賣電視台的節目「宮根屋」直接公開五熊的清晰正臉照。（翻攝自日台交流広場（台湾と日本））女藝人「五熊」蔡頤榛（本名蔡宜臻）捲入日本奈良藥師寺國寶「佛足石」潑油案。五熊的經紀人昨表示，案件目前正由日本相關單位依法調查，仍無法直接與本人取得聯繫。日本媒體《MBS》、《讀賣電視台》昨公開五熊遭移送畫面，《資訊Live宮根屋》也直接秀出她的社群照片，以「台灣出身、自稱前演員、主持人，蔡宜臻嫌疑人」介紹案情，並轉述五熊表示，自己會對讓她感動的事物「潑油祈禱」。這番說法曝光後，也讓五熊過往宗教背景再度受到關注，她曾公開信仰基督教，也曾被報導與「新生命小組教會」有所連結。請繼續往下閱讀...日媒指出，五熊涉嫌在四月六日於藥師寺大講堂內將液體潑向佛足石，寺方數日後發現四處約一至二公分痕跡，警方採樣後驗出有甘油成分，並透過監視器鎖定涉案人身分。她案發後離境，直到二十二日再次入境日本時遭逮捕。五熊二十二日行蹤也被網友陸續拼湊，有人稱下午約一時在新北景安捷運站看到她與家人拖著行李，另有疑似同班機乘客表示在機上也見到五熊一家人，不過相關內容目前仍屬網友目擊說法。日媒昨日另披露，五熊疑供稱過去也曾在其他地方基於祈禱目的潑油，警方正追查是否還有其他類似情況。五熊的姊姊、演員蔡函岑則透過經紀人表示，也是看新聞才得知，目前仍在了解。依日本《文化財保護法》，若涉及損壞或毀棄重要文化財，最高可處五年以下拘禁刑或一百萬日圓以下罰金，實際刑責仍待司法認定。日媒公開「五熊」蔡宜臻遭移送畫面。（翻攝自MBS YouTube）    ",https://news.ltn.com.tw/news/society/paper/1767989
黑市價5千萬大麻花塞床墊闖關 網戀誘騙 阿兵哥冷氣工遭詐代收運毒,社會,2026/08/25 05:30,運毒集團將廿四包乾燥大麻花藏入四張挖空的床墊內，從加拿大溫哥華運抵台灣。（記者姚岳宏翻攝）竹聯幫靜安會卅四歲分會長黃舜揚，策劃跨國運毒，利用網美照片，假冒女子與廿六歲曾姓志願役士兵、四十六歲林姓冷氣工談網戀，誘騙二人代收夾藏廿公斤大麻花、黑市價約五千二百萬元的床墊，檢警發動搜捕瓦解該集團，台北地檢署將黃男等五人依運毒重罪起訴，二名癡情男則因不知情獲不起訴。竹聯幫角頭策劃跨國運毒起訴 兩癡情男因不知情獲不起訴請繼續往下閱讀...運毒集團今年四月將廿四包乾燥大麻花藏入四張挖空的床墊內，從加拿大溫哥華運抵台灣，為設斷點躲避查緝，看準曾姓士兵與林姓冷氣工單純，找人假扮網美與二男隔空談情；由於「女方」未提及報酬，僅以人在國外為由，要求二男幫忙代收並保管試用床墊，二男深信不疑而淪為運毒斷點。曾姓士兵四月廿四日休假返家收件，還未及開封，集團就立刻派物流車將四張床墊載至台北木柵的洗車場，交由林姓冷氣工接手，再將床墊運往新北汐止一處停車場放置，運毒集團期間派人全程跟監確保順利轉移。林男數日後再依指示將床墊運至南港某汽車旅館，集團吳姓成員才現身拆解，將總重達二十．九六公斤的大麻花送至新北八里藏匿，專案小組趁成員取貨時逮人，首波先逮收貨及監控的四嫌，第二波查緝拘提首腦黃舜揚到案。檢警從查扣的手機發現，曾男與網美的對話很純情，甚至因已有女友而提分手並致歉；林男也深陷網戀而答應幫忙保管床墊。檢方認定二人不知情而遭利用，處分不起訴，檢警持續追查共犯。    ,https://news.ltn.com.tw/news/society/paper/1767979
台南大爆炸 里長３人收押／才說空地只是單純提供民眾停車…,社會,2026/08/25 05:30,台南市安南區大爆炸後，理想里里長鄭順（左2）在現場了解民眾需求，昨卻因涉案被收押禁見。（資料照，安南區公所提供）台南市安南區海佃路二段一處私有空地被非法堆置疑含鎂鋁合金廢料、廢油等大量事業廢棄物，二十二日發生大火及大爆炸，造成消防員與民眾共十五人受傷、十一戶民宅失火、五十七戶受損。台南檢警廿三日下午拘提涉案的里長鄭順、楊姓仲介與龔姓共犯等三男子到案，並互推責任，檢方訊後認為，鄭男等三人供詞不一、涉嫌重大，且有串滅證及逃亡之虞，昨向台南地院聲押禁見三人獲准。檢方表示，主嫌王逸凱已於六月底搭機出國到越南，台南地檢署另在七月九日以涉詐欺罪對王男發布通緝令，持續追緝。請繼續往下閱讀...檢警專案小組掌握提供空地堆放事業廢棄物的當地理想里里長鄭順、仲介使用該土地的楊姓男子及龔姓司機等三名被告，廿三日下午拘提三人到案說明。與仲介、司機頭互推責任據了解，龔姓男子是楊男找來、負責帶頭載運的司機，楊男稱是受在逃的業者王逸凱委託堆置事業廢棄物，但楊不負責開車載運，是委由龔男聯繫其他司機、一起開貨車載運廢棄物到該空地棄置。今年八月初，龔男開貨車載運廢棄物到該地棄置時，曾被他人拍下車號。受託管理該空地的理想里里長鄭順之前表示空地只是單純提供民眾停車，並聲稱對此事不知情，是楊男謊稱經過他同意，實際上是楊男偷偷堆置在空地。但鄭順也被檢方列為涉案共犯，顯示檢警可能掌握證據，認為鄭順應知情。仲介想逃出國 緊急逮人據指出，楊姓仲介男子近日有準備逃出國的舉動，廿三日下午，檢方緊急指揮警方將鄭順、楊男及龔姓三名共犯拘提到案，認定三人均涉犯刑法公共危險罪、違反廢棄物清理法等犯罪嫌疑重大，且有串滅證、逃亡之虞，昨天凌晨向法院聲請羈押禁見三嫌。台南地院說明，鄭、楊、龔三名被告經法官訊問後，均認涉犯廢棄物清理法等罪嫌重大，且三人均有事實足認有串、滅證之虞；楊男並有逃亡之虞，均具羈押原因，且本案造成多人受傷及重大財損，以比例原則權衡認三人均有羈押必要。    ,https://news.ltn.com.tw/news/society/paper/1767987
涉詐領助理費、受業者供養 藍委陳雪生夜半抵北檢複訊,社會,2026/08/25 02:15,國民黨立委陳雪生遭檢舉，涉嫌透過廠商養助理，並幫廠商關說，檢調24日搜索陳雪生立法院研究室等處，陳雪生25日凌晨在調查員陪同下移送北檢複訊。（記者羅沛德攝）首次上稿 01:18更新時間 02:15國民黨籍立委陳雪生疑似利用親友作為人頭詐領助理費，並收受廠商贊助私人助理薪資，台北地檢署24日指揮調查局兵分35路搜索陳雪生住處、國會辦公室及前金門縣長楊鎮浯家族所經營的金欣海運，並約談陳雪生、胞弟陳雪懷等27人到案，約莫今日（25）凌晨12時許，陳雪懷及陳雪生相繼被調查局移送至台北地檢署進行複訊。請繼續往下閱讀...陳雪生到北檢時，臉上戴著深藍色的口罩，露出的雙眼略顯疲憊，全程不發一語走進法警室準備進行複訊。目前檢方仍持續追查相關事證，全案朝違反貪污治罪條例等罪偵辦。陳雪生先前遭檢舉，涉嫌利用立委召開協調會的職權，向中油施壓提前與金欣海運解約，使業者得以解除後續履約義務，高雄地檢署曾指揮調查局展開調查。檢調隨後又接獲檢舉，指陳另以親友充當人頭，向立法院詐領公費助理費；實際替陳處理事務的助理中，也有1人的薪資由涉案廠商支付。由於陳雪生多名親友設籍馬祖，涉案的金欣海運、金廈海運、遠欣船務及和平船務等公司與負責人則多位於金門，檢調今稍早同步在台北、馬祖及金門展開搜索，包括陳的住處、立法院國會辦公室、馬祖服務處及相關公司。國民黨立委陳雪生遭檢舉，涉嫌透過廠商養助理，並幫廠商關說，檢調24日搜索陳雪生立法院研究室等處，陳雪生25日凌晨在調查員陪同下移送北檢複訊。（記者羅沛德攝）    ,https://news.ltn.com.tw/news/society/breakingnews/5550989
北市指南宮火警撲滅　蔣萬安25日上午現場視察,社會,2026/08/25 01:54,台北市文山區指南宮凌霄寶殿24日晚間發生火災且全面燃燒，北市副市長張溫德赴現場了解救災情形，火勢已於25日凌晨0時9分撲滅，台北市長蔣萬安25日上午將前往現場視察。北市警消24日晚間8時48分獲報，位於文山區的指南宮凌霄寶殿發生火災，立即派大量人車到場馳援，同時協助現場交通管制。請繼續往下閱讀...台北市消防局第一大隊大隊長葉俊興24日晚間受訪表示，晚間8時許接獲報案指南宮起火，立即派遣43部消防車、百名警義消到場，現場全面燃燒，火勢於晚間10時7分控制，沒有人員受困。張溫德指出，火場溫度高，已控制火勢、持續降溫中，等降溫後會再進一步進行火場調查，也跟指南宮主委保持聯絡，會盡速做復原相關規畫。台北市政府24日晚間也緊急宣布，市長蔣萬安25日上午將前往現場視察。現場火勢猛烈，直到25日凌晨0時9分撲滅，現場付之一炬，所幸無人傷亡，詳細燒損面積和起火原因仍待後續調查釐清。（編輯：陳彥鈞）1150825    ,https://news.ltn.com.tw/news/society/breakingnews/5550995
床戰女婿被女兒撞見！岳母心虛離家2年 綠帽尪苦尋無果訴離判准,社會,2026/08/25 00:53,桃園一名女子為人岳母，竟與女婿發展不倫關係，被女兒捉姦在床。示意圖，與本文無關。（資料照）超狗血！桃園一名女子為人岳母，竟與女婿發展不倫關係，雙方「床戰」還不小心被女兒當場目擊！眼看東窗事發，該名「岳母」2年多前疑似心虛逕自離家出走，從此跟家人斷絕聯絡，被戴綠帽的丈夫四處苦尋妻子無果，在心灰意冷之下向地方法院訴請離婚，法院近日判准。綜合媒體報導，桃園這名岳母和女婿發展不正當男女關係，2023年被女兒捉姦在床，當年疑似當事人在網上發文，控訴自己的家庭遭介入，小三居然是自己的媽媽，還貼出多張老公和媽媽的對話截圖，可以看到聊天內容尺度相當露骨，讓她崩潰不已。請繼續往下閱讀...疑似心虛、不敢面對女兒和丈夫，這名岳母2023年12月逕自離家出走，從此與家人斷絕聯繫。被女婿戴綠帽的丈夫四處打聽妻子下落但無果，面對妻子無故離家且拒絕履行夫妻同居義務，最終決定向桃園地方法院訴請離婚，結束這段婚姻關係。桃園地院在審理此案期間，依法通知該名岳母到庭但都沒看到人，也沒有提出任何書狀或具狀說明，法官參酌其丈夫提出的警察局受理案件證明單、戶籍謄本以及親友證詞，確認這對夫妻的分居事實超過2年，認定女方在主觀上拒絕同居，客觀上亦無正當理由違背夫妻同居義務，行為已構成民法第1052條第1項第5款「惡意遺棄他方在繼續狀態中」之法定離婚要件，判准2人離婚。    ,https://news.ltn.com.tw/news/society/breakingnews/5550970
慈濟遭詐10.6億至今不內部調查 沈榮欽：看來是想腐敗到底！,社會,2026/08/25 00:45,圖為佛教慈濟功德會所在地靜思精舍。（資料照）慈濟遭疫苗掮客詐騙10.6億一案本月初曝光後引發軒然大波，慈濟高層到現在仍「一切風平浪靜」，也沒有要啟動內部調查的跡象，加拿大約克大學副教授沈榮欽搖頭表示，這正好說明慈濟高層已經喪失自我更新的能力，打算腐敗到底！曾任彰化律師公會理事長的律師陳昱瑄與掮客李易儒共謀，2021年疫情大流行期間，向慈濟基金會宣稱擁有BNT疫苗採購管道，還誆稱曾協助多家大型企業採購疫苗，以此博取信任。慈濟基金會聽信說詞，委託由陳昱瑄擔任負責人的鈺達企業管理顧問公司辦理500萬劑BNT疫苗採購，並支付折合新台幣約10.6億元的3000萬美元委任報酬，結果被騙光光。請繼續往下閱讀...5年多後真相曝光，慈濟表現出來的態度備受質疑，似乎10億多鉅款被騙走也不痛不癢，至今未成立內部獨立調查小組，對外發表的聲明也挨轟卸責，引發外界對高層責任與善款監管的強烈批評。如今半個月過去了，沈榮欽在臉書發文：「從媒體揭露慈濟被詐騙10.6億元至今，除了破綻百出的聲明與委託律師卸責之外，慈濟至今沒有成立調查小組，包括執行長顏博文在內的高層也不動如山。10.6億不痛不癢，看來慈濟是不打算追究高層的責任了，這也說明慈濟高層已經喪失自我更新的能力，一任腐敗到底。」網友紛紛表示，「10.6億與千億相比，算是零頭」、「10.6億？零頭而已，丟了就算了唄」、「這或許也是他們洗錢的方式之一」、「查？那高層不就穿幫了！」、「沒什麼好調查的吧？不過是經常性的五鬼搬運」、「這種金流不清的狀況，看起來慈濟是見怪不怪」、「不排除內外交相賊啊，怎麼查？」、「腐敗至極，看來只有我們捐錢的是最呆的」、「反正也不是自己賺的，都是別人白給的」。    ,https://news.ltn.com.tw/news/society/breakingnews/5550943
豪華德國露營車淪運毒設備今拍賣 喊價73次最終115萬元拍定,社會,2026/08/24 22:36,德國豪華露營拖車，最終115萬元拍定。（行政執行署宜蘭分署提供）基隆地檢署今年5月偵辦1起利用露營拖車運毒闖關的案件時，查扣1輛德國露營拖車，經被告同意後，決定進行變價拍賣。今日共有10組人馬前往現場搶標，因該車已經完稅，且設備豪華，投標者紛紛向上出價，最終以115萬元拍定。今日上午9時55分，基隆地檢署檢察長陳佳秀、主任檢察官林思吟及偵辦單位調查局航調處基隆站副主任吳克俊等人均前往現場，除了看拍賣人數外，更在拍賣前共同宣示跨機關合作積極落實政府政策決心請繼續往下閱讀...上午10時許，正式開始拍賣，共有10組人馬前往競標，因已完稅且內裝均改裝完成，形同移動式套房，讓不少投標者趨之若鶩；10組人馬共喊價73次，最終由一名家中有空地的買家以115萬元標下該車，後續則須進行驗車領牌，拍賣活動圓滿落幕！行政執行署宜蘭分署表示，將持續執行違反「五打七安」案件，並與地檢署擴大合作，積極協助辦理扣押物或沒收物之變價，以落實刑法沒收新制，徹底剝奪犯罪所得，協助檢察機關打擊「黑、金、槍、毒、詐」等重大犯罪。現場拍賣競爭激烈，共喊價73次，最終115萬元拍定。（行政執行署宜蘭分署提供）基隆地檢署檢察長陳佳秀（中）、主任檢察官林思吟（左2）及偵辦單位調查局航調處基隆站副主任吳克俊（右1）等人前往現場，共同宣示跨機關合作積極落實政府政策決心（行政執行署宜蘭分署提供）    ,https://news.ltn.com.tw/news/society/breakingnews/5550929
8/24 威力彩頭獎摃龜！今彩539開2注 800萬獎落高雄,社會,2026/08/24 22:15,今日開獎的今彩539開出2注，威力彩頭獎則摃龜。（擷取自台彩官網、本報合成）8月24日開獎的第115000205期今彩539開出6注，由高雄市楠梓區建楠路6號1樓「金億發企業社」、高雄市苓雅區武廟路65號1樓「金阿拉彩券行」開出。第115000068期威力彩頭獎則摃龜，下期上看3.4億。第115000068期威力彩中獎號碼為「第一區：06、07、09、23、26、36，第二區：07」。頭獎摃龜；貳獎1注中獎，每注可得1322萬7232元；參獎共3注中獎，每注可得15萬元；肆獎共34注中獎，每注可得2萬元；伍獎共234注中獎，每注可得4000元；陸獎共1551注中獎，每注可得800元；柒獎共2989注中獎，每注可得400元；捌獎共1萬5822注中獎，每注可得200元；玖獎共2萬1133注中獎，每注可得100元；普獎共3萬4729注中獎，每注可得100元。請繼續往下閱讀...第115000205期今彩539中獎號碼為「09、10、19、23、26」。頭獎共2注中獎，每注可得800萬元；貳獎共176注中獎，每注可得2萬元；參獎共6230注中獎，每注可得300元；肆獎共6萬8996注中獎，每注可得50元。第115000205期39樂合彩中獎號碼為「09、10、19、23、26」。四合開出3注，可得21萬2500元；三合共235注中獎，每注可得1萬1250元；二合共9767注中獎，每注可得1125元。第115000205期3星彩中獎號碼為「572」。壹獎共64注中獎，每注可得5000元。第115000205期4星彩中獎號碼為「3017」。壹獎共103注中獎，每注可得5萬元。確切中獎號碼以台彩網站公告為主，請見「台灣彩券網站」。威力彩、今彩539、39樂合彩、3星彩、4星彩中獎號碼。（擷取自台彩官網）    ,https://news.ltn.com.tw/news/society/breakingnews/5550920
大雨釀電線短路！台東滷味店霓虹燈燃燒 闆娘徒手拆招牌滅火,社會,2026/08/24 22:12,消防員拿起民眾的長水管直接將火噴滅。（記者劉人瑋攝）台東「來點感性滷味」晚上8時許傳出火警，由於附近的「蘇天助素食麵」上個月才付之一炬，2店和附近餐飲店都是台東人的要的消夜據點，所幸火勢僅限於霓虹招牌的「點」字上，老闆娘徒手拆招牌、十分勇悍，附近店家也出力協助撲滅，未造成傷亡，明天還能繼續營業，台東人另一個消夜場所保住了。地點位在寶桑路上的店面，40公尺外即是上月不幸火災的蘇天助麵店，警消獲報店家二樓冒出黑煙立即派員灌救，到場時火勢已被壓制，消防隊員拿起水管就輕易將其澆熄。請繼續往下閱讀...目擊者表示，滷味店今天未營業，自己到隔壁買消夜，未料友人突見滷味店二樓外的霓虹字體「來點感性滷味」中的「點」字燒起，連忙呼救，恰逢老闆娘來到，與附近店家一同出面撲滅。由於起火「點」後即是木板裝飾，民眾表示，所有店家拿起鍋碗瓢盆盛水就潑，但準度、力量卻不及，老闆娘見狀立即衝上二樓，開窗、伸出半身，徒手剝除木板裝飾，再以木板敲打火點，所幸消防隊即時到達立即撲滅。店家和顧客表示，由於該霓虹燈字體已故障多時，應是大雨釀成電線短路起火。整起火警有驚無險，最讓台東的夜貓子感到安慰的是，不再有另家消夜場所因火警歇業，而業者也表示仍可正常營業。起火原因仍待警消進一步釐清。滷味店招牌霓虹燈上的「點」字起火。（民眾提供）老闆娘拆掉裝飾往火點猛打。（民眾提供）    ,https://news.ltn.com.tw/news/society/breakingnews/5550907
營建廢棄物遭埋入軍方訓場 陸軍：北測中心非共犯、屬被害機關,社會,2026/08/24 21:45,陸軍湖口訓練場便道遭回填廢棄物。 （桃園地檢署提供）宏平工程負責人陳信宏涉嫌假借便道鋪設工程名義，在陸軍部隊訓練北區聯合測考中心湖口訓練場，回填近10萬立方公尺營建廢棄物等混合物，還簽立假合約讓軍方誤以為是回填「再生級配」，依此獲得不法利益高達13億632萬元。對此，陸軍司令部今（24）日表示，全案目前由桃園地檢署偵結起訴，涉案廠商移送法辦，北測中心屬被害機關，查未與廠商有共同犯罪嫌疑。陸軍司令部進一步指出，陸軍所屬單位雖未涉及不法，但單位讓廠商在營區內傾倒廢棄物，顯見在管理上有未臻周延之處。請繼續往下閱讀...陸軍表示，已成立專案編組調查，務必釐清管理罅隙與疏責，追究違失人員行政責任，同時要求業管部門檢討作業程序，以降低類案發生風險。另外，持續與檢調單位密切聯繫，掌握本案後續發展，若有所屬人員因違法涉案，均依法依規處理，絕不寬貸。    ,https://news.ltn.com.tw/news/society/breakingnews/5550903
北市知名廟宇指南宮夜間起火 凌霄寶殿陷火海 警消馳援,社會,2026/08/24 21:41,台北市知名廟宇指南宮發生大火，警消獲報趕抵，發現凌霄寶殿已全面燃燒，隨即佈水線射水灌救。（記者陸運鋒翻攝）台北市文山區知名廟宇指南宮，今天晚間8時許發生大火，消防局獲報出動大批消防人員趕赴現場，抵達現場時，發現為指南宮凌霄寶殿起火燃燒，消防人員隨即佈水線射水灌救，已確認內部無人受困，目前仍在灌救中。台北市消防局今晚8時48分獲報，文山區萬壽路指南宮有火光，已陸續派遣指揮車5輛、消防車19輛、救護車2輛及消防人員67人趕往，並持續增派支援中，警消抵達現場後，隨即佈水線進入射水灌救，至於詳細起火原因，仍有待進一步釐清。台北市文山區知名廟宇指南宮凌霄寶殿今晚發生大火，消防局獲報出動大批警消趕赴灌救。（記者陸運鋒翻攝）台北市文山區指南宮今晚發生火警，遠處即可看見熊熊火光。（記者陸運鋒翻攝）    ,https://news.ltn.com.tw/news/society/breakingnews/5550901
為「綠營性騷黑數」告翁達瑞求償150萬  高嘉瑜一審敗訴,社會,2026/08/24 21:40,"高嘉瑜告翁達瑞侵害名譽，訴請賠償150萬元，並刪除貼文、負擔在報紙刊登勝訴啟事的費用，台北地方法院今判決駁回。（資料照）旅美教授翁達瑞（本名陳時奮）於2023年6月「#MeToo」反性騷擾風潮正興之際，在臉書發文指稱，時任民進黨立委高嘉瑜在節目中稱綠營爆出的性騷擾案是浮上檯面的100倍，讓藍營得以藉此說法攻擊綠營，翁要求高嘉瑜出面澄清。今年2月翁達瑞又發文重提此事，高嘉瑜提告主張她當年已澄清過，她的原話是說「社會上」有8成女性有被性騷擾經驗，並非單指民進黨，翁達瑞竟仍持續扭曲她的說法，侵害她的名譽，訴請翁達瑞賠償150萬元，並刪除貼文、負擔在報紙刊登勝訴啟事的費用；台北地方法院今判決駁回高嘉瑜之訴，翁達瑞無須賠償。可上訴。判決理由尚未公布。本案起於2023年5月間，民進黨接連爆發女黨工遭性騷、男主管涉吃案、職場霸凌等事件，迅速累積7件性騷醜聞，同年6月高嘉瑜與前立委沈富雄在政論節目「少康戰情室」上，沈富雄說性騷未報案黑數為10倍，高嘉瑜則接著說是100倍。請繼續往下閱讀...今年2月陳時奮於他控告沈富雄的名譽求償案敗訴確定後，在臉書發文指出：「針對高嘉瑜所稱百倍的性騷黑數，多家媒體與多位名嘴均認為她再度背刺民進黨」、「高嘉瑜背刺民進黨是眾人的解讀」，此番言論引起高嘉瑜不滿，認為她已多次對外澄清，她當時的言論並非指民進黨內的黑數，而是社會整體的黑數，陳時奮明知如此仍以不實言論貶損她的社會評價，提告索賠150萬元並要求刪文。案經台北地院審理，法官今判決駁回高嘉瑜的訴求，可上訴。判決理由尚未公布。    ",https://news.ltn.com.tw/news/society/breakingnews/5550894
8/24 威力彩頭獎3.2億你中？今彩539獎號也出爐,社會,2026/08/24 20:58,威力彩開獎號碼。（擷取自三立iNEWS《全民i彩券》）威力彩頭獎連18摃，今晚頭獎獎金高達3.2億元。今天（8月24日）台彩各項開獎獎項及獎號如下：威力彩：06、07、09、23、26、36，第二區：07。請繼續往下閱讀...今彩539：09、10、19、23、26。39樂合彩：09、10、19、23、26。3星彩：572。4星彩：3017。確切中獎號碼以台彩網站公告為主，請見「台灣彩券網站」。今彩539、39樂合彩開獎號碼。（擷取自三立iNEWS《全民i彩券》）3星彩開獎號碼。（擷取自三立iNEWS《全民i彩券》）4星彩開獎號碼。（擷取自三立iNEWS《全民i彩券》）    ,https://news.ltn.com.tw/news/society/breakingnews/5550870
搶救10億！上半年北市警銀阻詐812件 金額全國第一,社會,2026/08/24 20:24,台北市長蔣萬安與台北市警察局長林炎田今天合力表揚有功的金融從業人員。（記者王冠仁翻攝）詐騙集團犯案手法日新月異，絕大多數被害人都會透過金融機構領錢、匯款，台北市警局有鑑於此，長期與金融從業人員合力攔阻詐騙，還設置攔阻獎勵機制，鼓勵金融行員加強阻詐。也因此，北市警在今年上半年阻詐金額達9億4257萬元，阻詐金額位居全國第1名，台北市長蔣萬安也在今天的警察局治安會報上頒發感謝狀給相關金融機構。北市警統計，今年1至6月警方與金融機構合作攔阻詐騙案共812件，阻詐金額達9億4257萬餘元，北市警於是在今天邀請中國信託商業銀行、國泰世華商業銀行、玉山銀行、凱基銀行、京城銀行、滙豐商業銀行及彰化商業銀行等業者前來接受表揚。請繼續往下閱讀...北市警說，近來警銀合力阻詐的案件中，仍以「假投資」案類最為常見，此類型詐騙中，詐團多會誘使被害民眾至金融機構辦理匯款或提款，並謊稱是為了「房屋修繕」、「裝潢款」、「投資公司」及「友人借貸」等，以規避行員通報警方到場。今年上半年阻詐金額最高的案例，是發生在中國信託商業銀行天母分行。該名被害人在社群網站發現「投資公司基金計畫賺錢」廣告後，輾轉加入詐騙集團的LINE群組，下載不明來源APP，誤信可透過投資該計畫獲利。詐團還騙他因為是「內線交易」要規避金流紀錄，於是要他去領款再交給理財專員，他於是跑去提領900萬元，幸虧被警銀聯合攔阻。北市警為鼓勵金融從業人員積極協助攔阻詐騙，設有攔阻獎勵機制；行員如能即時關懷提問並通報警方，成功攔阻10萬元以上款項或阻止民眾設定約定轉帳，每案最高可發給獎金1萬元。本期共核發攔阻獎金上百萬元，給予努力防詐金融人員及警察同仁實質回饋，市長蔣萬安也在今天的治安會報中頒發感謝狀給相關有功行員。警察局長林炎田呼籲，防詐工作須全民共同參與，金融機構是防堵詐騙金流的重要防線，透過行員關懷提問與通報機制，可有效降低民眾受騙風險。唯有建立全民防詐意識，公私協力聯防，方能打造更安全的金融環境，共同守護市民財產安全。警方公布今年7月打詐儀表板相關數據。（記者王冠仁翻攝）    ,https://news.ltn.com.tw/news/society/breakingnews/5550802
慘況曝光！貨車載鋼捲國道車禍 半個車頭被削掉,社會,2026/08/24 19:55,警方到場進行交通管制，避免發生二次車禍。（記者吳昇儒翻攝）黃男操作不慎撞上施工車輛及護欄，車架側翻，車頭半毀。（記者吳昇儒翻攝）43歲黃姓司機今日下午載運鋼捲從基隆往台北方向行駛，行經國道三號7.1公里處時，疑操作不當，車頭直接撞上在路肩的施工車輛，再撞擊護欄。因撞擊力道猛烈，後方鋼捲滾落，壓毀護欄。所幸黃姓司機與施工車上的羅姓司機，兩人均未受傷。國道警察獲報趕抵現場，進行交通疏導，現場由大型拖吊車協助排除，事故原因則待釐清。警方調查，黃姓司機駕駛半聯結車行經案發路段時，卻不慎撞上在外側路肩施工的車輛。撞上車輛後，再撞擊外側護欄，導致聯結車上的鋼捲滾落，壓毀護欄，所幸兩名駕駛均未受傷。事故車輛及掉落鋼捲由大型吊車作業，晚間5時40分排除事故，目前已調閱沿線監視器及車內行車紀錄器，釐清事故原因。國道公路警察局第九公路警察大隊呼籲，用路人上國道前請務必養足精神，切勿疲勞駕駛，行車應注意車前狀態，遵守各項交通規則行駛，以維行車安全。    ,https://news.ltn.com.tw/news/society/breakingnews/5550822
傷痕會說話！暴打女友砸木椅謊稱撞頭自殘亡 狠男殺人罪起訴,社會,2026/08/24 19:06,南投地檢署檢察長周士榆（右）4月份曾赴南投殯儀館慰問黃女家屬，並致贈慰問金。（資料照）南投縣埔里鎮23歲劉姓男子，懷疑女友另結新歡加上自己諸事不順，對女友拳打腳踢、狠咬，連木椅都拿來當凶器，見女友昏迷才送醫急救，女方仍傷重不治。劉男謊稱女友自殘撞牆，並未動手毆打女友，惟死者傷勢會說話，其全身從頭到腳傷痕累累，南投檢方近日將劉男依家庭暴力之殺人罪嫌起訴。劉姓男子與黃姓女友在埔里鎮同居，劉男懷疑女友出軌，在外另交男友，而他自己今年又非常不順，把帳全算在女友身上，4月10日2人從凌晨開始在房間內爭吵，劉男怒火難抑，不只對女友拳打腳踢，還咬女友，並把木椅和保養品的瓶罐拿出來丟擲，施暴數小時後，劉男到了上午11時發現黃女陷入昏迷，才趕緊叫自己的母親協助，開車送黃女到醫院急救，惟其延至13日傷重死亡。請繼續往下閱讀...劉男在女友死亡後，謊稱黃女失去理智自殘拿頭撞牆，他為阻止才會去用力拉扯，但沒有動手；黃女的父親對女兒的死無法接受，懷疑劉姓男子說謊。南投地檢署檢察官和法醫進行解剖，死者幾乎從頭到腳傷痕累累，眼睛變熊貓眼，連私密部位都受傷，頭部並有硬腦膜下腔血腫，腹腔出血，身上到處是擦挫傷，最後因缺氧性病變、重度外傷性神經軸索損傷，併發橫紋肌溶解症、敗血症死亡。南投地檢署經多月偵查，近日偵結該案，檢察官發現，劉男用牙齒、手、腳和木椅、保養品當凶器，數度攻擊黃女，致其傷重死亡，近日將劉男依家庭暴力之殺人罪嫌起訴。    ,https://news.ltn.com.tw/news/society/breakingnews/5550777
北市府翡翠水庫前局長涉特支費案 苗博雅批政風處通報市長淪「保皇處」,社會,2026/08/24 18:56,針對翡翠水庫管理局前局長林裕益涉浮報首長特支費案，台北市議員苗博雅今在議會質詢政風處長吳滄俯。（苗博雅議員辦公室提供）台北市翡翠水庫管理局前局長林裕益涉浮報首長特支費獲交保，台北市議員苗博雅今（24日）在議會質詢揭露，政風處在收到該案件檢舉當天，還沒調查無法確認市長是否涉案，就立刻向市長報告，這讓政風處角色變得「很奇怪」。苗也舉京華城案為例，說若當時接獲通報就向市長報告，原來市長就是幕後最大的被告，不就是打草驚蛇嗎？苗博雅指出，根據法務部《政風機構執行行政調查作業要點》，政風機構收到檢舉後，正常的法定程序應是先進行行政調查，等調查結果出爐，審核認為確實涉有《貪污治罪條例》或《刑法》瀆職罪章時，才簽報機關首長。請繼續往下閱讀...政風處長吳滄俯坦承，17日收到檢舉當天，在行政調查都還沒展開、也還沒有任何調查結果的情況下，因為「要調取資料、展開行政調查」，就向市長通報，20日向廉政署報告後，21日報請台北地檢署檢察官指揮，當日再次向市長報告。並補充說，一般行政調查原則上都會向機關首長報告，若與首長本身有關則不會通報。苗博雅批評，政風處根本不需要市長同意就可以依法調件、啟動調查，這是法務部賦予政風單位的獨立權力。「以前如果有人檢舉京華城案，政風處馬上跑去跟市長報告，結果最後發現市長就是幕後最大的被告，那先前的通報不就是打草驚蛇嗎？」檢舉案往往僅是全案冰山一角，「你沒有調查，怎麼會事先知道這個案子跟首長百分之百沒有關係？」苗表示，如果制度變成「只要有人被檢舉，市長當天就會知道」，這等於讓被檢舉者有機會提早獲知風聲、進行施壓或湮滅證據，痛批政風處若不能堅守保密與獨立調查原則，只會讓人詬病政風處「只打蒼蠅、不打老虎」，嚴正要求政風處必須檢討通報機制，必須等行政調查結果確定後再行陳報，切勿讓政風單位淪為幫高官護航的「保皇處」。    ,https://news.ltn.com.tw/news/society/breakingnews/5550756
司法官律師二試改電腦作答 新版介面增分頁與縮排功能,社會,2026/08/24 18:40,司法官、律師二試改電腦作答，考選部優化應試系統，每題開放5200字與8頁電子試卷。（記者林曉雲翻攝）司法官、律師考試第二試將從紙筆模式轉換為電腦作答，考選部今（24）日宣布，應試介面系統完成優化更版，採取「最小變動原則」，盡量貼近紙本作答環境，每題提供8頁電子試卷、以5200字為作答上限，並新增分頁作答、預覽、條列編號、快速縮排及4次編輯還原等功能，讓考生提前熟悉電腦作答方式。考選部長劉孟奇率團隊進行改革，為讓司法官、律師考試第二試應考人在備考階段提前適應系統，順利從紙筆模式轉換為電腦作答，今年3月已提供線上模擬作答網站初版，期間廣納相關意見，持續微調及優化應試介面功能，提供更友善的應試作答環境。請繼續往下閱讀...新版介面以貼近申論式紙本試卷格式及作答規劃為原則，法律專業科目及國文科目每題均提供8頁電子試卷，每題作答上限5200字，並提供分頁作答及預覽功能。考生作答時可選擇「一般段落」或「編號段落」，一般段落可自由編排；需要條列論述時，編號段落最多開放6個階層，包括「（一）」、「1.」、「（1）」、「A.」、「a.」及「（a）」，考生可自行選擇編號清單，並使用Tab鍵快速縮排。系統另提供4次編輯還原機會。為增加作答空間，新版系統也讓考生自行開合試題前2行摘錄區及應考資訊區。考生可在試場規則規範時間後自行結束考試；若考試日程的剩餘作答時間歸零，系統將再倒數20秒，之後存檔並自動結束考試。考選部提醒，全球資訊網已設置電腦化測驗專區，考生可先參閱司法官、律師考試第二試操作手冊，再進入模擬作答網站練習，提前熟悉操作方式，降低正式考試時從紙筆轉換為電腦作答的不適應。    ,https://news.ltn.com.tw/news/society/breakingnews/5550759
調查員搜索陳雪生馬祖服務處 無人被帶走,社會,2026/08/24 18:39,國民黨立委陳雪生國會辦公室24日被搜索，連其馬祖服務處也同步被搜索，無人被帶走調查。（民眾提供）國民黨立委陳雪生遭檢舉，涉嫌透過廠商「養助理」，並替廠商關說，台北地檢署今（24日）早上指揮搜索陳雪生立法院研究室及涉案人處所。北檢並於今天派員搭飛機赴馬祖，搜索陳雪生位於連江縣南竿鄉的住處及馬祖服務處，不過，服務處仍正常運作，未受影響。針對陳雪生國會辦公室被搜索，馬祖地方人士頗為驚訝，私下議論紛紛。稍早，本報曾經報導陳雪生馬祖服務處照常開門，並無被搜索情事。後來，據了解，北檢指揮偵辦，兵分多路搜索住處、辦公室，連馬祖南竿鄉陳雪生馬祖服務處也沒遺漏，2名調查員今天搭飛機到服務處搜索，但服務處未出現所謂鐵門深鎖或有服務處助理被帶走情況。請繼續往下閱讀...由於，該服務處平日僅供選民服務，收取婚喪喜慶的紅白帖、幫忙處理協助住院事宜，檢調派員到馬祖搜索後，現已離開南竿搭飛機返台。由於陳雪生國會辦公室被檢調搜索新聞報導後，引起地方各界關注，位於馬路邊的陳雪生馬祖服務處，門口不斷有人路過時多看兩眼，社群媒體也有不少人匿名詢問最新案情。    ,https://news.ltn.com.tw/news/society/breakingnews/5550750
司機卸貨遭百公斤鋼捲砸死 雇主父女檔過失致死判刑,社會,2026/08/24 18:22,彰化一家鋼鐵公司王姓司機前年底載運鋼捲被壓死，公司陳姓負責人和女兒依過失致死，分別判處4月、3月徒刑，可上訴。（記者陳建志攝）彰化一家鋼鐵公司的王姓司機，前年11月載運鋼捲到台中南屯一家公司，卸貨時剪斷打包帶，沒想到重達百公斤的鋼捲應聲倒塌，當場壓中王男頭顱破裂、腦漿四溢慘死，檢方認為陳姓雇主父女檔未提供必要防護措施，才導致事故發生，依過失致死、違反職業安全衛生法起訴，因2人已與家屬達成和解，台中地院近日各判3、4月徒刑，公司則科罰金5萬元。這名王姓司機，2024年11月29日下午1點多，駕駛公司的大貨曳引車，載運單一重量超過100公斤的鋼捲抵達台中南屯黎明路一家公司，王男以鋼剪將綁在車尾6捲鋼捲的鋼製打包帶剪斷時，鋼捲因支撐力不足失去平衡往左倒塌，當場壓中王男造成頭骨破裂、腦漿外溢，全身胸部、四肢多處受傷不治。請繼續往下閱讀...檢方認為，載貨台從事單一重量超過100公斤物料裝卸時，應指定專人決定作業方法及順序、指揮作業，並於從事解纜或拆墊作業時，確認載貨台上的貨物無墜落危險，且應提供勞工防止物料移動的適當設備，但事發時現場都無相關措施，將鋼鐵公司陳姓負責人和擔任職業安全衛生業務主管的陳姓女兒依過失致死、違反職安法起訴。台中地院審理時，2人都坦承未提供防止物料移動的適當設備及指定專人採取必要預防措施，造成王男意外被鋼捲壓死，法官審酌2人已與家屬和解並賠償完畢，陳男依過失致死判4月，陳姓女兒依過失致死判3月、緩刑2年，公司則科5萬元罰金，可上訴。    ,https://news.ltn.com.tw/news/society/breakingnews/5550698
春水堂驚魂！竹北店員工積怨抽刀談判  顧客手拿筷子逃命,社會,2026/08/24 18:09,竹北市春水堂店員疑因管理問題與主管爆發激烈口角，情緒失控下竟抽刀衝出要與主管談判。（網友akarilailai授權提供）新竹縣竹北市春水堂今天下午驚傳持刀衝突！1名男店員疑因店內管理問題與主管爆發激烈口角，情緒失控下竟抽刀衝出要與主管談判；突如其來的驚險場面嚇得滿店顧客倉皇逃生，甚至有人手裡還緊夾著筷子。警方獲報火速趕抵將該名員工逮捕，所幸全案未造成人員傷亡，訊後已依恐嚇罪嫌送辦。據悉，這起事件發生於今日下午1時許。涉案男員工因工作管理積怨，在店內與主管對罵，過程中火氣愈燒愈旺，男子一怒之下竟手持水果刀，當場在餐廳內高聲叫罵。畫面顯示，當時有3名女店員在一旁試圖安撫其情緒，但男子依然情緒高漲，嚇得周遭用餐民眾退避三舍。請繼續往下閱讀...有目擊網友akarilailai於Threads發文表示，當時正與客戶在店內用餐，餐點甚至都還沒上齊，就目擊1名店員持刀從身旁走過，嚇得他立刻丟下餐盤、拉著客戶往外狂奔。原PO驚魂未定地直呼：「前一秒談工作，下一秒逃生！」直到持刀員工離開後，眾人離去的心才稍微放鬆。貼文曝光後也引來不少同場民眾留言苦笑「跟客戶多了一層度過生死劫的革命情感」。竹北警分局表示，今天下午1點許接獲報案，表示某餐廳內疑有男子持刀，員警獲報後立即趕赴現場處理，到場時男子情緒已較為緩和，且未持有刀械。經了解，係店內主管與員工因管理問題發生衝突，導致員工情緒激動，所幸現場無人受傷。警所已依法逮捕，全案移請新竹地檢署偵辦。警方特別呼籲，民眾面對勞資或職場管理糾紛務必保持理性，切勿以暴力或持刀等極端方式處理，以免觸法釀成遺憾。警方獲報火速趕抵將該名員工逮捕，所幸全案未造成人員傷亡，訊後已依恐嚇罪嫌送辦。（網友akarilailai授權提供）    ,https://news.ltn.com.tw/news/society/breakingnews/5550706
酒醉失聯移工見警赤腳狂奔 跑到褲子掉了狼狽落網,社會,2026/08/24 17:33,酒醉失聯移工見警赤腳狂奔，跑到褲子都掉了，最後被警方壓制，狼狽落網。（記者鄭淑婷翻攝）23歲魯姓印尼籍移工與友人入住桃園市桃園區某旅館，因酒醉吵鬧影響其他住客安寧，警方獲報抵達時，魯男突然赤腳衝出房門，還跑到褲子都掉了，最後被員警壓制、狼狽落網，一查原來他早已被通報失聯。桃園警分局武陵派出所昨日0時許接獲桃園區中正路某旅館業者報案，表示有外籍人士酒後在旅館內喧鬧滋事，影響其他住客安寧，警方獲報後立即派員趕赴現場處理。請繼續往下閱讀...經了解，旅館該房間原登記入住2名房客，卻陸續有多名友人前往聚集飲酒，現場吵鬧聲不斷，員警會同旅館員工前往查看時，魯男突然赤腳衝出房門企圖逃離現場，員警見狀立即上前攔查，魯男因神情慌張一路奔逃，過程中褲子不慎滑落，場面相當狼狽，最後仍遭員警迅速追上制伏。經過身分查證發現，魯男已被通報為失聯移工，員警依規定帶返派出所處理，後續移請相關單位收容。☆飲酒過量  有害健康  禁止酒駕☆酒醉失聯移工見警赤腳狂奔，跑到褲子都掉了，最後被警方壓制，狼狽落網。（記者鄭淑婷翻攝）    ,https://news.ltn.com.tw/news/society/breakingnews/5550663
蘇花改蘇澳隧道連環追撞3車受損 交通一度受阻,社會,2026/08/24 17:20,蘇花改蘇澳隧道北上路段今天下午發生連環追撞車禍，所幸沒人受傷。（圖由警方提供）首次上稿15:34更新時間17:20宜蘭縣蘇澳鎮台9線104.2公里處，即蘇花改蘇澳隧道北上路段，今天（24日）下午2點多發生連環車禍，有4輛車追撞，造成3車受損，交通一度受阻，所幸沒人受傷，駕駛酒測值均為0，肇事原因尚待警方調查釐清。蘇澳警分局下午2點31分接獲報案，直指蘇花改蘇澳隧道有交通事故，警方到場後發現四輛車追撞，經查27歲陳姓男子駕駛自小貨車北上，行經事故地點時，追撞前方車輛，導致3輛自小客車受損，事故車輛由吊車拖離現場，蘇澳隧道才恢復正常通行。請繼續往下閱讀...警方提醒用路人，開車應注意車前狀況，保持行車安全距離，遇有交通事故，若無人傷亡且車輛尚能行駛，請依「放、撥、劃、移、等」，即放置標誌、撥打電話、標繪定位、移置路邊、等候警察等事故處理5步驟處置，避免遭遇二次事故。車禍發生後，蘇花改蘇澳隧道交通一度受阻。（圖由警方提供）發生追撞的車輛車身受損。（圖由警方提供）蘇花改蘇澳隧道遭追撞車輛，被吊離現場後等待進廠維修。（圖由警方提供）    ,https://news.ltn.com.tw/news/society/breakingnews/5550484
74台輝達AI伺服器走私中國 黑市價翻倍暴利逾十億,社會,2026/08/24 17:13,基隆地檢署破獲輝達AI伺服器轉售案，每台販售到中國黑市價格翻倍。（記者吳昇儒攝）基隆地檢署偵辦美超微、輝達高階AI伺服器轉售中國案件時，發現涉案人員分工縝密，且連高薪的公司主管都願意冒險介入。調查後發現，輝達與美超微生產的B300高階AI伺服器，在台灣售價平均約1500萬元。但因中國無法進口購入，透過黑市走私價格每台都超過3千萬元台幣，倘若此次轉售到中國的74台能順利脫手，當中非法利潤逾十億元。據悉，飛虎科技公司陳姓實質負責人目前潛逃在外，是整個案件中最關鍵的人物，當中包含最重要的是如何讓公司取得輝達白名單，又是與何人成立日本的「轉運站」？以及安排總經理陳旻諺與美超微、輝達台灣公司的幹部等人合作，勾勒出整個轉售平台。目前仍需陳男到案，方能進一步釐清。請繼續往下閱讀...此外，負責轉運伺服器的長穎公司負責人王凱平，一度被外傳具有黑道背景，但經偵辦人員調查，王男並無任何幫派註記，非屬任何幫派成員，但與黑幫份子確實往來密切。知情人士指出，此次兩波伺服器買家分別為兩家中國資訊相關公司，傳出有軍方背景，更推論這批高階AI伺服器，可能會被作為軍事工作使用。但目前許多行業都仰賴AI伺服器，且該伺服器在中國黑市的價格一再飆高，光是中間的利潤可能就高達十餘億元，也不排除會轉入民間使用，該部分仍須待檢調進一步追查。    ,https://news.ltn.com.tw/news/society/breakingnews/5550629
北捷大嬸掌摑女乘客遭肉搜！疑任職百貨被「1星負評」灌爆：不敢去了,社會,2026/08/24 17:12,北捷忠孝新生站發生旅客衝突事件，動手掌摑的大嬸躲在保全身後疑似叫囂的畫面引爆網友怒火。（本報合成，@rhythmdave授權提供）台北捷運忠孝新生站日前爆發一起旅客肢體衝突，兩名女性在月台互搧巴掌掛彩，事後年長女子疑似躲在站務與保全人員身後持續挑釁叫囂的行徑引爆公憤。憤怒的網友隨後發動肉搜，起底該名年長女子疑似任職於某知名百貨的超市部門，紛紛湧入該百貨的Google評論區狂刷一星負評出氣，怒嗆「不敢去消費了」。事件起因於22日晚間，一名年輕女子搭乘台北捷運期間，不慎在車廂內碰觸年長女子的脖子，即便當下已立即致歉，仍遭對方當場掌摑至嘴角流血。年輕女子氣不過在月台找對方理論，雙方隨即爆發激烈拉扯並互搧耳光，站務員與保全連忙上前介入隔開。請繼續往下閱讀...然而，現場影像曝光後，許多網友發現年長女子動手施暴在先，事後卻躲在工作人員身後不斷開口叫囂，站務人員卻主要在規勸受傷的年輕女子，讓大批網友炸鍋怒轟「先動手的躲在保全後面嘴秋」、「台灣司法縮影：永遠叫被害人要冷靜放下」。隨著怒火持續延燒，網友肉搜疑似年長女子的工作背景後，直接出征該百貨的Google評論區並留下一星負評，諷刺留言「如果我消費未達VIP門檻會不會被巴掌伺候」、「B2的超市大媽，喜歡對人打巴掌」、「哪天我去買東西會不會被他扁啊」、「不支持聘用會施暴員工的百貨公司」、「不會去支持任何一間會雇聘暴力份子的店家，對我來說去那邊消費，讓店家有錢支付他薪水等於間接助長暴力行為」、「網路上看到你們員工有這樣的行為，真的都不敢去消費了」。針對整起衝突事件，警方表示目前已調閱車廂與站內監視器影像釐清經過，雖然雙方當下暫不提告，但後續仍將依違反《社會秩序維護法》進行裁處，並呼籲民眾遇糾紛應保持冷靜通知站務處理，切勿因一時衝動觸法。    ,https://news.ltn.com.tw/news/society/breakingnews/5550602
豪雨炸南花蓮 1女登山客撤離下山途中疑落水失聯,社會,2026/08/24 17:12,中平林道玉林橋遺址大崩壁附近發生一名登山客落水失蹤意外。（翻攝自GOOGLE地圖）熱帶性低氣壓TD24今（24日）上午緩慢向西北移動，氣象署持續發布熱帶性低氣壓警報，花蓮南區鄉鎮今天累積雨量已逾300毫米，花蓮縣消防局下午接獲報案指出，一行四人的登山團攀登馬博拉斯橫斷步道，今天預計從花蓮玉里下山，途中遇溪水暴漲，30歲方姓女子遭洪水沖走，由於天氣惡劣搜救隊預計要6小時才能攀登到事故地點搜救。花蓮縣消防局第三大隊指出，今天下午接獲報案，中平林道玉林橋遺址大崩壁附近，四人的登山隊，18日攀登「馬博橫斷」路線，預計今天要撤離從花蓮玉里下山，其中方姓女子因溪水暴漲不慎落水，目前消防局第三大隊3人、林保署1人籌組搜救隊一起上山，因天候惡劣加上山區通訊不良，大雨不斷，尚無進一步詳細狀況。請繼續往下閱讀...中平林道玉林橋遺址位於1350公尺處，是著名登山路線「馬博橫斷」東側重要進出點與登山口。因多次風災嚴重崩毀，原林道中斷，行經此處需由林道下切至豐坪溪谷再行上切，路況險峻且常有危險崩壁。馬博拉斯橫斷步道系統是1條難度高級的登山步道，在登山界有四大障礙之一稱號，行經玉山國家公園園區最東北端，步道自南投縣東埔登山口入口到花蓮縣中平林道玉林橋出口約96.3公里。搜救人員今年5月在中平林道上的碎石陡坡架繩，確保行經山友安全。（資料照，林保署花蓮分署提供）馬博橫斷玉林橋崩壁需下切百米溪谷。（資料照，林保署花蓮分署提供）    ,https://news.ltn.com.tw/news/society/breakingnews/5550618
獲利逾6億！走私74台輝達B300到中國 美超微、輝達、飛虎科技9人起訴,社會,2026/08/24 16:59,基隆地檢署今偵結，依背信、偽造文書等罪將陳男等9人起訴。（記者吳昇儒攝）飛虎科技公司陳姓實質負責人與總經理陳旻諺，去年評估轉售高階AI伺服器有利可圖，透過關係取得輝達公司白名單後，勾結美超微、輝達台灣公司幹部，通過查核後，取得130台千萬級AI伺服器購買權限。陳男等人再將74台輝達B300 AI伺服器分批轉售給中國資訊公司，獲利逾6億台幣。基隆地檢署今偵結，依背信、偽造文書等罪將陳男等9人起訴。檢警調查出，飛虎公司陳姓負責人（通緝中）去年2月起，指示總經理陳旻諺與輝達台灣分公司經理張登陸、美超微台灣子公司協理林長春、王祥懿及經銷商青雲公司總經理呂仰鎧共同謀劃購買高階AI伺服器B300來台轉售，並以「是方電訊」公司場地作為遮掩，佯稱要放是伺服器協助飛虎科技公司運作。請繼續往下閱讀...去年7月，飛虎公司備妥相關資料，交由張姓經理申請高階AI伺服器配額；總經理呂仰鎧則以青雲公司名義協助飛虎公司購買伺服器，避免資金來源曝光；而是方公司專案經理蔡依達則營造出飛虎公司有承租伺服器運作外觀，因應美超微公司查核。兩個月後，經理張登陸等人則夥同不知情的員工，代表輝達、美超微公司到現場查看，完成查核手續。手續完成後，飛虎公司共訂得130台B300伺服器，分三階段交貨。但第一階段伺服器來台時，原先買家卻付不出錢，只好由呂仰鎧轉介，販售給中國某資訊公司；第二階段交付時，長穎貿易公司負責人王凱平得知後，便透過王祥懿訂購，轉售給另一家中國資訊公司，該批伺服器也於今年初直接或透過印尼轉運至中國。第三批8台伺服器，則透過長穎公司名義出口至日本某公司，再轉運到中國。剩餘的56台，則被關務署發現異狀攔下，而王凱平等人要偽造文書補件時，就被檢調查獲。經清查，該集團不法獲利逾6億台幣，而林、王姓協理也因案獲得美超微百萬績效獎金。偵辦人員更查出，美超微子公司協理林長春、青雲公司總經理呂仰鎧夥同昆泰公司負責人何宗倫合謀，以購買伺服器假發票，掏空青雲公司近4千萬元。檢察官蕭詠勵偵訊後，認定陳旻諺等人涉犯背信、偽造文書等罪嫌，依法提起公訴，其中經理張登陸、協理林長春、王祥懿及貿易商王凱平，求處最高5年重量刑；陳、蔡二人則求處3年徒刑。另掏空青雲公司部分，林男、呂男及何男涉犯特別背信罪嫌，依法起訴，林男則從重求處6年徒刑。不法所得均沒入。74台輝達AI伺服器走私中國 黑市價翻倍暴利逾十億    ,https://news.ltn.com.tw/news/society/breakingnews/5550568
台南仁德三爺溪發現浮屍 疑前天落水男子,社會,2026/08/24 16:51,消防隊全力搜索，終於發現落水男子，順利撈起。（圖由民眾提供）台南仁德區上週六有民眾於鯽潭橋看到1名男子在湍急的三爺溪裡掙扎，緊急通報，市府消防局展開救溺行動，持續搜索至第3天，下午在中游河段發現浮屍，成功撈起，身分仍待確認，相關案情警方正深入調查，死者是否與被目擊落水的為同一人，也需要再釐清。受到低壓帶與西南風等影響，台南仁德區上週六出現豪大雨，三爺溪上游流域附近嚴重積淹，當天上午消防局接獲報案，第五大隊立刻派員趕往鯽潭橋救援，抵達現場後，並未發現落水者，研判可能往下游流去，努力地沿著岸邊巡查，積極搜索。請繼續往下閱讀...由於豪雨持續，三爺溪沿岸連3日都有積淹，增加搜索難度，但消防隊並未放棄，一直巡查迄今，下午在中游河段發現疑似浮屍，但水流湍急，打撈作業不易，打火弟兄緊盯著飄移的目標，全力救援，終於在匯入的二仁溪尋獲。該名男子身分仍待調查，推估40到50歲之間，平頭髮型、穿深色內褲，歸仁警分局籲請家屬指認，落水原因進一步釐清。    ,https://news.ltn.com.tw/news/society/breakingnews/5550597
丈母娘不買iPhone16就縱火！台中男「全裸戰3法警」下場慘,社會,2026/08/24 16:50,台中鄭姓男子恐嚇太太，揚言丈母娘若不買iPhone16給他，就要放火燒房子；還在法院候審室全裸攻擊3名法警。台中地院分判20日拘役、3月徒刑。（記者陳建志攝）台中一名鄭姓男子，去年打電話恐嚇太太「叫你媽買iPhone16給我，不然就要放火燒你家」，太太心生畏懼報案，鄭男被逮捕移送地檢署，並被檢察官聲押，沒想到鄭男在候審室竟脫光衣服撞門吵鬧，3名法警見狀拿齊眉棍、魔鬼束帶想進去約束，卻被鄭男攻擊，雙方扭打近10分鐘，造成2名法警受傷，台中地院審理時鄭男坦承犯行，恐嚇部分判拘役20日，妨害公務則判3月徒刑，可上訴。中檢起訴指稱，鄭姓男子去年11月28日向丈母娘借錢買手機，要求太太的哥哥載他回家未果，竟用Line打電話恐嚇太太「叫你媽買iPhone16給我，不然就要放火燒你家」，太太心生畏懼報警。請繼續往下閱讀...沒想到鄭男被移送台中地檢署，經內勤檢察官訊問後聲請羈押，當晚6點解送至台中地院候審室，鄭男突情緒激動在候審室內徒手敲打壓克力門板，並將全身衣物脫去，經法警喝斥、制止仍不停止。陳姓、王姓、張姓法警見狀，持齊眉棍、魔鬼束帶進入候審室內想對鄭男進行約束，沒想到鄭男趁法警開門時，以身體衝撞王姓法警，並徒手抓取齊眉棍將王強力拉入候審室內，陳姓、張姓法警見狀趕緊進入候審室壓制鄭男並協助施以戒具。鄭男此時持續徒手攻擊王姓法警，並徒手拉扯、揮舞攻擊，並以腳踹3名法警，與3人扭打長達10分鐘，造成王員手部扭傷、陳員手指拉傷，直到其他法警前來支援，才合力將鄭男制伏，依妨害公務罪送辦。台中地院審理時，鄭男坦承犯行，恐嚇太太部分，因和太太和解，且太太撤回告訴，依恐嚇危害安全罪，處拘役20日；妨害公務部分，法官認為鄭男犯行蔑視國家公權力正當執行，侵害國家法益、法治觀念淡薄，審酌已坦承犯行，依妨害公務執行罪，處有期徒刑3月，可上訴。    ,https://news.ltn.com.tw/news/society/breakingnews/5550590
「理事長叫我查！」芬園農會2員工偷看33人帳戶被解僱  提告敗訴,社會,2026/08/24 16:49,芬園鄉農會爆發年終獎金外洩風波，2名涉案員工被解僱。（民眾提供）彰化縣芬園鄉農會今年2月春節前夕爆發年終獎金外洩風波，黃姓主管與許姓櫃員涉嫌利用信用部電腦系統，查詢33名同仁的銀行帳戶，窺看年終及績效獎金，事後雙雙遭解僱，2人不服提起訴訟「確認僱傭關係」，主張受理事長指示查詢。法官審理認為，理事長無權授權調閱員工帳戶，即使奉命行事仍屬違規，因此判決駁回，解僱合法，復職及補薪請求均落空。判決書指出，黃男在芬園鄉農會信用部擔任主管，許女則擔任櫃員。今年2月10日，2人使用信用部電腦系統，查詢33名同仁的銀行帳戶資料，包括當天入帳的年終及績效獎金。農會發現報警，並於2月24日直接將2人解僱。請繼續往下閱讀...2人主張，因理事長是農會最高代表，當時向2人詢問其他同仁的獎金發放情形，黃男才請許女協助查詢，事後僅向理事長回報大概金額區間，未提供精確數字，且事後也向總幹事報告。沒想到農會未先予申誡或記過，便採取最嚴厲的解僱處分，違反「解僱最後手段性原則」。農會反駁，2人沒有業務需要、也未經合法授權，卻擅自進入系統查閱同仁帳戶，嚴重違反個資保護及內部工作規則；且許女並非初犯，去年1月即有類似違規紀錄。農會強調，事件經媒體曝光後重創商譽，引發主管機關調查，存戶對資安防護產生疑慮，影響存款率，因此依勞動基準法以「違反工作規則情節重大」為由，不經預告終止勞動契約。彰化地院審理認為，依農會法規定，農會內部業務執行權限屬總幹事而非理事長，理事長無權授權查詢員工個人帳戶。若欲了解獎金發放情形，應循正式管道取得資料，無權要求員工調閱他人帳戶。法官進一步指出，2人身為資深金融從業人員，應熟知帳戶資料存取限制與保密義務，縱使確受理事長指示，仍不具合法授權，將獎金資訊告知理事長同樣違反保密義務。此舉已嚴重破壞內部紀律與商譽，農會予以解僱並未違反「最後手段性」原則。據此駁回2人確認僱傭關係存在、補發薪資及提繳勞退金等請求。全案仍可上訴。    ,https://news.ltn.com.tw/news/society/breakingnews/5550586
5千萬大麻花塞床墊！竹聯幫角頭設愛情陷阱 國軍、冷氣工衰淪工具人,社會,2026/08/24 16:41,從加拿大溫哥華寄來的床墊內藏大麻花。（記者姚岳宏翻攝）竹聯幫靜安會成員、綽號「大天」的34歲黃舜揚籌劃跨國運毒，利用網美照設下愛情陷阱，將20公斤、市值約5200萬元的大麻花藏於4張床墊走私來台，家住屏東枋寮的26歲曾姓志願役士兵，與新北汐止的46歲林姓冷氣工，雙雙淪為純情工具人，在不知情下協助收貨與載運，檢警動員上百警力瓦解這個運毒集團，將黃男等5人依運毒重罪起訴，2名癡情男則獲不起訴。運毒集團4月中旬，將24個真空包裝的乾燥大麻花塞入4張挖空的床墊內，從加拿大溫哥華運抵台灣，為免遭檢警查緝，集團主嫌黃舜揚未安排手下直接取貨，而是看準曾姓志願役士兵與林姓冷氣工的單純，用同1張網美照片與2人隔空談情；由於對方未索討金錢，僅以出國為由，要求幫忙代收並保管試用商品，讓2人深信不疑，淪為集團設立的運毒斷點。請繼續往下閱讀...曾姓士兵4月24日休假返家收件後，未及開封，集團立刻派物流車將4張床墊載至北部，隨後交由林姓冷氣工接手，以營業用車將床墊運往汐止的停車場放置，期間集團更派人全程跟監，確保貨物順利轉移。林姓冷氣工連續數日未予理會，最後將床墊轉放至南港某汽車旅館，此時集團吳姓成員才現身拆解床墊，將總重達20.96公斤的大麻花轉送至八里藏匿，檢察官指揮刑事局及多個分局組成專案小組，經長期跟監，在成員準備取貨時發動搜捕，逮捕負責收貨、監控4嫌，並發動第2波查緝拘提幕後首腦黃舜揚。檢警查扣曾姓士兵手機，發現他與網美的對話很純情，甚至還曾因說自己有女友，特地向對方提分手並致歉；另名林姓冷氣工同樣也是與該名假網美談戀愛而幫忙保管。檢察官採信2人說詞，認定曾姓士兵與林姓冷氣工均是在不知情的狀況下遭利用，給予不起訴處分。至於幕後操控的黃舜揚與實際分工的吳姓、陳姓等5名嫌犯，台北地檢署依最重無期徒刑的運輸二級毒品及組織犯罪防制條例等罪嫌提起公訴，正持續追查其他共犯。從加拿大溫哥華寄來的床墊內藏大麻花。（記者姚岳宏翻攝）從加拿大溫哥華寄來的床墊內藏大麻花。（記者姚岳宏翻攝）警方將黃舜揚壓制在地逮捕。（記者姚岳宏翻攝）    ,https://news.ltn.com.tw/news/society/breakingnews/5550571
假賣點數串接第三方支付！ 替博弈網站洗錢21.5億 15人起訴,社會,2026/08/24 16:25,新北地檢署外觀。（記者劉詠韻攝）男子洪崇耀等人涉嫌蒐集公司、商號帳戶，假借販售MyCard點數，串接第三方支付服務，替多個線上博弈網站收付賭資，再以多層轉帳、提領現金製造金流斷點，洗錢逾21.5億元。新北地檢署偵結，依組織犯罪、加重詐欺、賭博及洗錢等罪起訴洪男等15人。起訴指出，全案源於預警中心接獲高檢署發交的可疑交易通報，由新北檢指揮刑事警察局偵查第九大隊、台北市刑大，並會同多地警方展開追查，今年6月8日起陸續發動3波搜索，共搜索10處、拘提17人，查扣洗錢不法所得5468萬餘元，數名核心共犯經聲請羈押禁見獲准。請繼續往下閱讀...檢警查出，洪男等人為洗錢集團核心成員，長期蒐集、仲介多家公司及商號的銀行帳戶，提供線上博弈及詐欺集團收受、轉匯犯罪所得，再透過第三方支付、多層公司帳戶轉匯及現金提領等方式，掩飾資金來源及去向。其中，集團以豐信公司名義佯裝販售MyCard點數卡等商品，與3家第三方支付業者簽訂金流服務契約，取得虛擬帳號及超商繳款代碼，再提供RG富遊、3A與AU8等線上博弈網站，供賭客儲值入金。第三方支付業者收取賭資後，再批次匯入豐信帳戶。集團另利用其他公司帳戶直接收受賭客匯入的賭資，以合法公司及正常商業交易為掩護，替博弈網站建立收付款管道。賭資入帳後，部分款項用於支付賭客贏得的彩金，其餘則轉入多家公司及商號帳戶，再經多層轉匯或提領現金，刻意製造金流斷點。檢警清查2025年間金流，發現豐信透過3家第三方支付業者，收受賭客匯款及地下匯兌等款項逾9.8億元；其他公司間接收取的相關款項也超過10.6億元，合計洗錢金額逾21.5億元。檢方偵查認定洪男等15人涉犯發起或參與犯罪組織、三人以上共同詐欺取財、意圖營利供給賭博場所及聚眾賭博、洗錢等罪，依法提起公訴，並指洪男等人利用合法公司帳戶收取不法款項、隱匿犯罪金流，使不法所得難以追查，建請法院從重量刑。    ,https://news.ltn.com.tw/news/society/breakingnews/5550540
苗栗男酒駕突逆向撞爛微電車  55歲回收婦彈飛重創亡,社會,2026/08/24 16:06,婦人所騎的微型電動二輪車被撞個稀爛。（警方提供）苗栗市文發路今（24）日凌晨發生劉姓男子駕休旅車突跨越雙黃線逆向行駛，與對向微型電動二輪車發生碰撞，造成55歲婦人被撞彈飛，全身多處重創，當場無生命跡象，現場一片凌亂，劉男酒測值0.57，全案依公共危險及過失致死等罪嫌，將劉男移送苗栗地檢署偵辦。警方初步調查，25歲劉姓男子今日凌晨3點駕休旅車，行經苗栗市文發路聖帝廟前時，突逆向撞擊騎微型電動二輪車的婦人，因撞擊力道大，二輪車被撞成稀爛，車上的回收物散落一起，婦人被撞彈飛，全身多處重創，當場無生命跡象，劉男休旅車車頭毀損，他肇事後坐在路邊，經員警盤查坦承為肇事駕駛，實施酒精檢測為0.57，超過標準值。請繼續往下閱讀...據指出，劉男涉嫌酒後駕車，從後龍鎮要到苗栗市找朋友，當時因下雨天色昏暗，失控逆向行駛釀禍。警方說，詳細事故原因仍須調查釐清。苗栗警分局呼籲，飲酒後請找代駕、計程車或親友接送，不要開車；另於夜間駕車或遇雨霧時，應開亮頭燈確保交通安全。劉男所駕休旅車車頭受損嚴重。（警方提供）車禍現場回收物散落一地，一片凌亂。（警方提供）    ,https://news.ltn.com.tw/news/society/breakingnews/5550525
高雄婦人違規大迴轉遭撞飛  母子雙雙送醫,社會,2026/08/24 15:50,姜婦與兒子被撞飛，雙雙送醫。（民眾提供）社群網路今（24）日流傳一段行車紀錄器影片，內容為發生在高雄市前鎮區的一個交通事故，姜姓婦人載7歲兒子在時代大道上，突然違規大迴轉到對向車道，母子被李姓女子的轎車撞飛，母子多處受傷送醫。底下留言幾乎一面倒指責姜婦騎車行為，揶揄這就是「高雄市左轉」。前鎮分局17日中午12時16分許獲報，前鎮區時代大道與時代南二路口發生交通事故。據了解，46歲姜姓婦人騎乘普通機車搭載7歲兒子，沿時代大道由西往東行駛，行至時代南二路口左迴轉往西時，與沿時代大道由東往西直行、由31歲李姓女子駕駛的轎車發生碰撞，造成姜女及洪姓男童多處受傷，經送往阮綜合醫院救治。請繼續往下閱讀...根據今流傳的行車紀錄器，姜婦迴轉時看了一眼車道，卻還是發生車禍，事故發生後，母子隨即起身，姜婦緊張地幫兒子檢查傷勢。網友留言，「都已經騎出去才看有屁用...」、「明明就有看，為啥不多等一下」、「小孩恐懼爆錶（表）」、「自殺式無敵大迴轉」。警方初步調查肇事原因為姜女左迴轉未依規定，詳細肇事原因及責任歸屬，仍待交通大隊進一步分析研判，另姜女跨越槽化線行為將依違反道路交通管理處罰條例開罰，處900元以上1800元以下罰鍰。姜婦疑違規迴轉釀成母子受傷車禍。（民眾提供）時代大道發生汽車與機車車禍，警方獲報趕往處理。（民眾提供）    ,https://news.ltn.com.tw/news/society/breakingnews/5550503
台南安南區火災大爆炸 當地里長等3嫌收押禁見,社會,2026/08/24 15:48,台南地檢署向法院聲押禁見涉案的鄭姓里長等三名共犯獲准。（資料照，記者王俊忠攝）22日凌晨，台南市安南區海佃路二段1處空地發生堆放的事業廢棄物火災大爆炸案，台南地檢署檢察官指揮警方偵辦，於昨下午拘提涉案的鄭姓里長、楊姓仲介與龔姓共犯等3男子到案，並依3男犯嫌重大、有串滅證、逃亡之虞，今天向台南地院聲押3男嫌禁見獲准。據了解，檢警專案小組掌握轉提供空地堆放事業廢棄物的當地鄭姓里長、仲介使用土地的楊姓男子及龔姓被告等3男子，23日下午拘提3嫌到案說明。請繼續往下閱讀...檢方訊後認定3人均涉犯刑法公共危險、違反廢棄物清理法等犯罪嫌疑重大，且有串滅證、逃亡之虞，於今（24）日凌晨向台南地院聲請羈押禁見，台南地院於中午時裁定3嫌收押禁見。對於引發火災大爆炸的事業廢棄物貨主王姓男詐欺通緝犯，因王男已在6月底出國在逃，檢警持續追查偵辦中。    ,https://news.ltn.com.tw/news/society/breakingnews/5550504
高雄豪雨強風吹倒撐傘七旬翁  警消急援送醫,社會,2026/08/24 15:36,高雄豪雨強風吹倒撐傘七旬翁，警消遞冰塊冰敷並送醫。（民眾提供）高雄連日豪雨不時夾帶強風，72歲陳姓男子昨獨自外出買午餐，準備撐傘返家時，遭陣風吹拂導致步伐不穩，不慎跌倒受傷，警消獲報協助送醫，所幸已沒有大礙。鹽埕分局今（24）日指出，五福四路派出所巡佐陳坤彥與警員蔡振庭，昨午接獲報案，鹽埕區大勇路有一名高齡長者不慎跌倒受傷，警方獲報後立即趕赴現場處置。請繼續往下閱讀...陳男慘摔時幸好附近熱心店家發現報警，並在第一時間上前將他攙扶至騎樓休息，通知救護車救援。據了解，陳男當時獨自外出買午餐後準備返家，因下雨撐傘，突然一陣強風襲來導致步伐不穩，不慎跌倒在地，所幸附近熱心店家見狀，第一時間上前將老翁攙扶至騎樓休息。警消人員抵達後檢視陳男狀況，發現其臉部受傷，經消防人員初步處置後，由救護車送往醫院做進一步檢查。鹽埕警分局呼籲，豪雨影響期間，高齡長者或行動不便者，應盡量減少外出，若必須出門，建議由家人陪同，同時可善用拐杖等輔具輔助行走，以防跌倒發生意外。    ,https://news.ltn.com.tw/news/society/breakingnews/5550453
77歲失蹤老婦豪雨困柴山13小時 高雄警及時尋獲,社會,2026/08/24 15:27,77歲失蹤老婦豪雨困柴山13小時，高雄鼓山分局員警及時尋獲脫困。（警方提供）高雄連日受豪雨影響，鼓山分局為確保民眾安全，加強災情查報與巡視勤務，昨午巡邏行經青泉街柴山登山口時，發現一名陳姓老婦（77歲）獨自蜷曲坐於地上避雨，疑似迷路受困，警方上前關懷，查出是緊急協尋失蹤人口，幫她找到家人帶回團聚。鼓山分局今（24）日指出，內惟派出所員警於豪雨期間執行巡邏查報勤務，途經柴山登山口時，察覺該名身穿雨衣的老婦蜷曲坐於公廁屋簷下，全身濕冷且精神狀況不佳，員警上前關心詢問，發現老婦詞不達意，無法清楚表達身分與真實住處。請繼續往下閱讀...警方考量當時山區雨勢不斷，為避免其發生失溫等危險，迅速將老婦帶返派出所安置休息，並提供溫水與食物補充體力。經了解，陳婦於22日23時許獨自離家後失去聯繫，家屬當日發現後立即報案；老婦在惡劣天候中，獨自迷航約3.5公里、長達13小時，所幸警方及時在登山口將她尋獲。員警耐心安撫與陪伴，老婦逐漸恢復精神並說出姓名，警方隨即透過失蹤人口資料庫比對確認身分，並立刻聯繫家屬到場將其接回。    ,https://news.ltn.com.tw/news/society/breakingnews/5550472
雨天過彎失控撞護欄 北濱轎車4輪朝天躺路中,社會,2026/08/24 14:37,嚴男駕駛的車輛180度翻覆，橫躺路中央。（記者吳昇儒翻攝）27歲嚴姓男子今日上午10時許，駕車行經北部濱海公路安中橋路段時，疑因天雨路滑加上車速較快，過彎時不慎打滑撞上護欄。車輛撞上護欄後，竟直接180度翻覆橫躺路中央。警、消獲報趕赴現場後，發現嚴男已自行脫困，有輕微擦、挫傷，經檢驗後，確認無酒、毒駕情形，後續交由拖吊車排除，賠償部分則由嚴男事後與相關單位協商。警方到場後，發現嚴男自行爬出站立在車外，經救護人員初步檢視，其身上僅手、頸部有擦、挫傷，無生命危險。對其進行酒、毒駕測試，其酒測值為0，毒品唾液快篩部分則為陰性，排除有酒、毒駕情形。請繼續往下閱讀...警方初步調查，嚴男從基隆開往萬里方向，疑似天雨路滑加上路況不熟，操作不慎撞上路旁護欄，車體受到猛烈撞擊後，180度翻覆，所幸人無大礙。現場事故約於11時許由拖吊人員協助排除，後續賠償事宜，將由嚴男與相關單位自行協調。第四分局分局長侯興龍呼籲，雨天路面濕滑，駕駛人行經彎道或轉彎處應提前減速，避免急煞、急轉方向盤，並與前車保持適當安全距離，隨時注意路況，以確保自身及其他用路人安全。嚴男駕駛的車輛180度翻覆，橫躺路中央。（記者吳昇儒翻攝）    ,https://news.ltn.com.tw/news/society/breakingnews/5550408
萬華民宅曾是賭場被搗破 竟改開天九牌賭場被警盯,社會,2026/08/24 14:31,警方查扣賭資與監視器鏡頭等證物。（記者王冠仁翻攝）台北市廣州街1處民宅，過去曾是麻將賭場被警方查緝，1年後有人承接該處，還認為短期內不會被警方2度查緝，因此租下並改裝成天九牌賭場。警方蒐證完備後，在前天凌晨時刻登門逮人，當場逮捕3名工作人員與16名賭客，一舉將這場天九牌賭場搗破。警方調查，這間民宅在去年曾經是1間麻將協會，但也因掛羊頭賣狗肉，表面上讓人切磋技藝，實際上則是地下麻將賭場，而遭警方查緝取締。去年警方查緝後，該處一度歇業，直到近1個月前，忽然被人承租，隨後有裝潢團隊進出工作，警方輾轉接獲線報，研判有人想「重起爐灶」。請繼續往下閱讀...警方根據線報，原來是76歲詹姓老翁認為原本該處的麻將會館曾被警方查緝，他認為既然曾經被警方查緝，短期內應該不會再被警方盯上，於是在1個月前租下該處改裝成天九牌賭場，找來2名員工幫忙，並在3個禮拜前正式對外營業。經轄區警方布線蒐證完備後，警方在前天凌晨0時許持搜索票登門查緝，當場逮捕詹與2名工作人員、16名賭客，並查扣賭資57萬餘元、天九牌1副、監視器鏡頭等證物。警方最後將詹與2名工作人員依賭博罪移送辦，賭客則依違反社會秩序維護法裁處。萬華分局呼籲，賭博易衍生高利貸、暴力討債等治安問題，對於各類賭博場所警方將持續加強取締、掃蕩不法行為，積極淨化轄區治安環境，倘若民眾發現出入複雜有可疑跡象時，應立即向警方報案，警民合作共同維護社會治安。    ,https://news.ltn.com.tw/news/society/breakingnews/5550377
台鐵區間車驚見癡漢性騷外籍女子 鐵警局：全力追緝中,社會,2026/08/24 13:50,民眾目擊癡漢騷擾女乘客。（圖擷取自threads）有網友昨天晚上搭乘台鐵列車時，在車廂內目擊1位男性乘客，不斷用身體與腹部，藉機推擠、磨蹭前方另1位外籍女乘客；目擊乘客先是用手機錄影蒐證，隨後還陪同被害女乘客一起向警方報案。對此，鐵路警察局今天表示，全案已經依規定受理，目前已經鎖定特定對象，正全力追緝當中。這名網友在社群上發文說，在板橋往台中的區間列車上發現性騷擾，這名變態在桃園下車後，陪同外籍女士去中壢火車站派出所做完筆錄。請繼續往下閱讀...對此，鐵警局表示，這起案件發生在昨天晚上7時30分許，當時這名外籍女乘客搭乘台鐵2037次車次。警方已經依規定受理並積極偵辦中。    ,https://news.ltn.com.tw/news/society/breakingnews/5550345
台中市一年交通罰鍰近30億 綠議員籲不要只罰錢並說「我也在繳罰單」,社會,2026/08/24 13:09,台中一年交通違規罰鍰收入近30億，民進黨台中市議員張芬郁（中）痛批，靠科技執法成長224%「我也在繳罰單」。（記者黃旭磊攝）台中一年交通違規罰鍰收入近30億，3年來交通事故卻僅減少3%，民進黨台中市議員張芬郁痛批，靠科技執法成長224%「我也在繳罰單」，要求罰鍰專款專用，不要只罰錢、也改善交通安全環境，降低車禍事故，台中市副市長黃國榮表示，「交通罰鍰專款專用」公投案已獲立院三讀通過，公投若通過就依照辦理。台中市從2022年至2025年共4年間，市庫進帳交通違規罰鍰總金額超過114億元，單年罰鍰總額逼近30億元大關，民進黨台中市議員張芬郁、陳雅惠及陳淑華痛批，3年來科技執法成長224%，都靠科技執法再搶罰單，張芬郁說，連她都在繳罰單，交通事故件數未大幅減少，只有違規罰鍰持續增加。請繼續往下閱讀...張芬郁說，「道路交通違規罰鍰收入分配及運用辦法」第3條規定，地方政府舉發案件罰鍰，75%分配地方，並再規定，地方「分配到的罰鍰收入」至少12%用於交通執法與交通安全改善，相當於罰鍰總額的9%。張芬郁表示，罰鍰只搶市民荷包，卻無法提供安全交通環境，要求市府交通安全預算已超過罰鍰收入，不要以大水庫解釋，台中市副市長黃國榮答覆，若「交通罰鍰專款專用」公投案通過，就依法做，即便沒有公投，市府也會編列20多億罰鍰收入用在建設。    ,https://news.ltn.com.tw/news/society/breakingnews/5550261
中檢超狂法拍又來了！ 2千萬RM腕錶、1500萬藍寶堅尼9/1限時競標,社會,2026/08/24 13:00,法務部行政執行署台中分署9月1日舉辦變價拍賣會，將拍賣打詐查扣，中古價超過1500萬的藍寶堅尼超級跑旅。（行政執行署台中分署提供）台中地檢署偵破詐欺案件，查扣市價超過2千萬的Richard Mille自動上鍊腕錶，還有中古價超過1500萬的藍寶堅尼超級跑旅 Lamborghini Urus，法務部行政執行署台中分署將於9月1日舉行變價拍賣，現場還有香奈兒精品皮包、納骨塔位等查扣品，歡迎民眾到場喊價搶標。台中分署表示，與台中地檢署合作在9月1日辦理詐欺案件查扣物品變價拍賣會，透過即時拍賣，將被告利用詐欺所得購買高價手錶、名車及精品皮件等物予以變價，達成嚇阻並打擊詐欺犯罪的目標。請繼續往下閱讀...台中分署表示，本次拍賣物件包括Richard Mille 35-03自動上鍊腕錶，RM 35-03自動上鍊腕錶是 RM 035「小納達爾」系列的第4代力作，該錶最大亮點是歷時3年研發、擁有專利的「蝶形擺陀」，市價約2千萬。此外，還有一輛豪華高性能藍寶堅尼跑旅Urus，該車新車價超過2千萬，中古市場也賣到1500萬，是相當搶手的物件。此次，還同時變價拍賣愛馬士跟香奈兒名牌包27個，以及「法務部行政執行署各分署『交通（加強執行車輛相關稅費罰鍰）專案』實施計畫」大執法加強執行而查扣的車輛數輛，與國寶集團經營的中投福座2個塔位等物件。台中分署提醒，參加RM手錶競拍應買人事先要準備新台幣10萬元的金融機構本行支票（其餘拍賣品不須準備保證金）。相關變價拍賣細節，歡迎有興趣的民眾可至法務部行政執行署拍賣公告查詢系統（https://www.tpkonsale.moj.gov.tw/Chattel）查看。法務部行政執行署台中分署9月1日舉辦變價拍賣會，將拍賣打詐查扣，市價超過2千萬的Richard Mille自動上鍊腕錶。（行政執行署台中分署提供）    ,https://news.ltn.com.tw/news/society/breakingnews/5550305
帶隊搜索陳雪生辦公室 北檢主任檢察官曾揚嶺將接「天下第一組」,社會,2026/08/24 12:53,台北地檢署主任檢察官曾揚嶺今帶隊搜索藍委陳雪生辦公室。（記者王藝菘攝）國民黨立委陳雪生遭檢舉，涉嫌透過廠商養助理，並幫廠商關說，檢調今日搜索陳雪生立法院研究室及相關人等。帶隊的主任檢察官曾揚嶺也大有來頭，去年震驚社會的張文隨機殺人案及2月份帶隊搜索涉貪立委高金素梅，也都由他操刀偵辦。本月26日，曾揚嶺也將接任北檢「天下第一組」忠組的主任檢察官。司法官訓練所第47期結業的曾揚嶺是台北大學法律碩士出身，曾擔任台東、板橋（新北）及台北地檢署檢察官、士林地檢署主任檢察官與台北地檢署主任檢察官，現為台北地檢署檢肅黑金專組（吉組）主任檢察官。台北地檢署本月12日更發布，曾揚嶺將調整職務，擔任檢肅黑金專組「天下第一組」（忠組）的主任檢察官，並於26日上任。請繼續往下閱讀...知情人士指出，曾揚嶺在擔任檢肅黑金專組「忠組」檢察官時，就是該組的頭號戰將，曾參與馬英九「三中案」等重大矚目案件。擔任士林地檢署主任檢察官期間，更偵破「台版柬埔寨詐騙案」，成功救出58名被害人，並將幕後的詐欺首腦查緝到案。也因案件破得漂亮，獲得公務人員傑出貢獻獎。近期偵辦最為矚目的案件就是「張文北捷隨機殺人案」，在犯嫌輕生，難以釐清動機、犯案動線的情況下，曾揚嶺多次帶隊重返現場，利用3D動態模擬案發過程，更調閱周邊超過3千支監視器，訪查上百名證人及目擊者，破解張文犯案用的硬碟，成功釐清犯案動線、金流，推測出犯案動機及死因，破案效率驚人，深獲各界肯定。今年2月，曾揚嶺更帶隊前往立委高金素梅辦公室進行搜索，查扣相關物證後，同年6月台北地檢署認定高金素梅涉犯貪污治罪條例等罪，具體求刑12年6月。曾揚嶺外貌陽光帥氣，其妻更是有北檢之花美稱的林彥均，此次也獲派擔任北檢副襄閱及組主任，夫妻二人令人稱羨。曾揚嶺也曾辦過立委高金素梅詐領助理案，本月26日將接任北檢「天下第一組」忠組主任檢察官。（記者陳逸寬攝）檢調24日搜索國民黨立委陳雪生國會辦公室，由台北地檢署主任檢察官曾揚嶺（右一藍衣）率隊執行。（記者陳逸寬攝）    ,https://news.ltn.com.tw/news/society/breakingnews/5550298
新北毒駕男拒檢撞警遭轟6槍！嫌胸部中彈卡骨保命,社會,2026/08/24 12:39,周男看到警方示意卻果斷拒檢逃跑。（記者徐聖倫翻攝）周姓男子駕駛轎車載著高姓女子，今凌晨行經新北市新莊，因行跡可疑遭巡邏員警攔查。周男因持有毒品心虛，竟踩油門拒檢逃逸，甚至鑽入死巷後抓狂倒車衝撞員警。警方眼見生命遭受嚴重威脅，當機立斷連開6槍強行迫停，其中一發子彈擊中周男胸口，所幸極為幸運地卡在骨頭上未傷及要害，經緊急送醫手術後順利保住一命，周男、高女均依法送辦。​今凌晨0時許，新莊警分局丹鳳派出所員警執行巡邏與取締毒駕勤務，在雙鳳路發現周男車輛行跡可疑，上前示意臨檢時周男突加速逃離。員警隨即駕駛巡邏車在後尾隨，周男一路狂飆轉入雙鳳路163巷死巷，員警見狀立即下車上前喝令兩人下車受檢。請繼續往下閱讀...​不料周男拒不配合，竟抓狂倒車加速朝員警直衝，其中一名員警閃避及時險被撞飛，另名林姓員警為保護同仁生命安全，當機立斷拔槍朝車門與輪胎連續擊發6槍，成功強行迫停該車，並於車內查獲一級毒品「依托咪酯」（喪屍煙彈）等證物。​車輛停止後，高女仍死守車內拒不開門，員警果斷破窗開啟車門壓制。過程中周男胸部中彈、高女則遭玻璃割傷，雙雙送往輔大醫院救治；所幸周男經手術取出卡在骨頭上的子彈後無生命危險，現場執勤員警亦均未受傷。目前周男仍休養中，本案將朝公共危險、妨害公務、毒品等罪嫌偵辦。在死巷員警被周男開車衝撞，因而開6槍反擊。（記者徐聖倫翻攝）員警順利攔下周男，並已叫救護車支援。（記者徐聖倫翻攝）    ,https://news.ltn.com.tw/news/society/breakingnews/5550268
殺子判無期竟2度寄恐嚇信威脅前妻 家屬申請保護令自救,社會,2026/08/24 12:25,簡男前妻家屬再次收到簡男發出的恐嚇信威脅。（記者吳昇儒翻攝）基隆市環保局簡姓司機去年酒後悶死5歲孩子，今年4月被國民法官判處無期徒刑，褫奪公權終身。他在基隆看守所收容期間，竟涉嫌寄恐嚇信威脅前妻。受譴責後轉監至台北看守所，家屬聲請保護令已獲准。未料，簡男近期再次寄出恐嚇信，家屬質疑看守所未落實審核。台北看守所表示，將提高簡男信件審查強度，杜絕再次發生。台北看守所表示，經內部調查得知，簡姓收容人是以寄信給朋友的方式隱匿寄件對象，規避檢查，除了嚴厲譴責之外，也將依涉犯恐嚇危害安全罪，函送地檢署偵辦追究其刑責；其行為也以違反羈押法相關規定，將全面提高簡男寄信審查強度，避免類似案件再次發生。請繼續往下閱讀...該案緣起於，原任職於基隆市環保局的簡姓男子因與妻子常為生活瑣事與小孩監護權歸屬等事起口角，去年竟趁著照顧小孩時，將5歲的兒子用枕頭悶死。基隆地院國民法庭4月審理後，認為簡男手段殘忍，罪大惡極，但考量簡男因長期經濟爭執累積壓力無法紓解等情狀，判處簡男無期徒刑，褫奪公權終身。簡男卻於今年6月，從基隆看守所寄信恐嚇前妻及其家屬，表示「只要我出來，就滅你們全族」，嚇得前妻家人趕緊報案，並向所方反應此事。當時基隆看守所回應，監所書信檢查作業均依「羈押法」第66條規定落實執行；當中明定，為保障收容人秘密通訊自由，監所人員對被告書信「以檢查有無夾藏違禁物品為原則」，除非被告符合法定事由（如曾有妨害秩序、危害安全行為），否則依法不能逐字閱讀其信件內容。而簡男已經移往台北看守所關押，已通報該所，簡男違規、違法情形。但被害者家屬今日又再次出面控訴，再次收到簡男的恐嚇信，信中以「農曆7月到了那些也不會饒妳」、「老天爺會收妳」、「免得夜路走多了，碰到不應該看到的東西」等言語，對家人進行精神施壓與恫嚇；質疑監所書件管制形同虛設，讓家屬持續活在二次傷害與恐懼之中。家屬也指出，目前已向法院聲請暫時保護令獲准，不排除第二次對簡男提告。據悉，簡男此次寄出的內容，並無直接強烈的攻擊性的言語，且向看管人員佯稱是要寄給朋友，才讓他有機可乘，寄出信件。簡男前妻家屬收到恐嚇信後，向法院聲請保護令獲准。（記者吳昇儒翻攝）    ,https://news.ltn.com.tw/news/society/breakingnews/5550251
北捷女乘客互毆！大嬸先賞巴掌躲保全後叫囂 惹怒全網遭起底肉搜,社會,2026/08/24 11:58,北捷忠孝新生站發生旅客衝突事件，動手掌摑的大嬸躲在保全身後疑似叫囂的畫面引爆網友怒火。（本報合成，@rhythmdave授權提供）台北捷運忠孝新生站日前爆發一起旅客肢體衝突，兩名女性在月台爆發拉扯與互搧巴掌。現場畫面曝光後，年長女子動手後躲在站務與保全人員身後疑似持續叫囂挑釁的舉動引發網友強烈不滿，痛批「保護加害人、檢討受害者」，甚至有憤怒網友發動肉搜，起底其疑似為某知名百貨超市員工並揚言抵制。事件起因於22日晚間，該名年輕女子在車廂內不慎碰觸年長女子的脖子，儘管當下已致歉，仍遭對方當場掌摑至嘴角流血。年輕女子見狀氣得在月台上找對方理論，雙方隨即爆發拉扯並互搧耳光，站務員與保全連忙上前介入隔開。請繼續往下閱讀...然而，許多網友發現年長女子先動手施暴，事後卻躲在工作人員身後不斷開口叫囂，站務人員卻主要在規勸受傷的年輕女子，讓大批網友炸鍋怒轟：「這段影片擊敗嬤更可惡，站務、保全人員居然在規勸被打流血的人。先暴力相向的人，卻躲在站務人員後一直挑釁」、「台灣司法縮影：永遠叫被害人要冷靜放下」、「保全是請來當大嬸保鏢的嗎」。不過，也有部分網友持不同觀點，認為年輕女子先觸碰到對方是導火線，且事後在月台同樣情緒激動還手，雙方都有責任；同時替現場站務與保全緩頰，指出工作人員第一時間一定是先穩住情緒較激動、正在爭吵的一方，並非刻意偏袒。隨著事件在網路持續發酵，有網友肉搜出該名年長女子的工作背景，指其疑似任職於某連鎖百貨的超市部門，甚至揚言向業者投訴讓她丟掉飯碗。此舉也引發正反論戰，部分網友驚嘆網路搜查能力強大，但也有不少人呼籲保持理性，認為應循法律途徑由警方與司法處理，不應無限上綱發動私刑正義，以免波及無辜的店家與其他認真工作的員工。     在 Threads 查看    ,https://news.ltn.com.tw/news/society/breakingnews/5550129
台中14期重劃區傳命案   8旬翁無氣息死因待釐清,社會,2026/08/24 11:46,台中北屯區崇德十路1段附近一處空地，今天清晨84歲范姓老翁遭發現躺臥空地明顯死亡，詳細死因將由檢察官相驗釐清。（記者陳建志攝）台中市北屯14期重劃區的崇德十路1段附近一處空地，今天清晨7點多，有民眾發現空地上躺臥一名男子報案，員警和消防人員獲報趕至，發現一名老翁已明顯死亡，經鑑識人員調查、採證，查出死者是84歲范姓老翁，初步排除外力介入，詳細死因今天將報請檢察官相驗釐清。台中市消防局今天上午7點多接獲民眾報案，指稱北屯區崇德十路1段附近一處空地，有民眾躺臥其中，似乎一動也不動，消防人員獲報趕至，發現一名年約80多歲老翁已經明顯死亡，沒有送醫。請繼續往下閱讀...警方封鎖現場進行採證，查出死者是范姓老翁（84歲），初步未發現外力介入跡象，目前已報請檢察官相驗釐清。    ,https://news.ltn.com.tw/news/society/breakingnews/5550201
移民署前進印尼移工文化嘉年華 結合法令宣導與民眾同樂,社會,2026/08/24 11:42,2026印尼移工文化嘉年華昨於新北市市民廣場熱鬧登場。（圖由移民署新北巿服務站提供）為體現台灣多元共融的社會價值，並關懷在台工作的印尼移工朋友，「2026印尼移工文化嘉年華（Festival Budaya Indonesia 2026）」昨（23）日於新北市市民廣場熱鬧登場，移民署北區事務大隊新北市服務站也獲邀到現場設攤，與民眾共襄盛舉。本次嘉年華除了備受矚目的印尼知名藝人Wika Salim及搖滾天團Sheila on 7帶來精彩演出外，更有明志大學帶來的「詩韻印象」詩詞朗讀，展現細膩的情感與文藝風采，參與的民眾紛紛驚嘆雖然在台灣，卻有如置身印尼，體驗了不同的節慶氛圍。請繼續往下閱讀...移民署新北市服務站也派員於活動現場宣導與移工們息息相關的法令規定，並安排Q&A環節，向移工們解說居留權益、轉換雇主之規定、反人口販運宣導以及非法工作相關罰則等重要訊息。移民署提醒，移工們務必注意自身的居留效期，若不慎逾期居留將依法裁處1萬元至5萬元罰鍰；另外，請移工們切勿無故曠職，若連續曠職3日失去聯繫，雇主應於3日內通報主管機關，廢止移工聘僱許可。活動現場也宣導，若有任何問題皆可撥打「外來人士在台生活諮詢服務熱線-1990」，將有專人以各國語言接受諮詢。移民署新北市服務站也派員於活動現場宣導與移工們息息相關的法令規定。（圖由移民署新北巿服務站提供）    ,https://news.ltn.com.tw/news/society/breakingnews/5550211
非籍男子小貨車剎車失靈  撞上顏清標老宅圍牆毀16機汽車,社會,2026/08/24 11:33,非洲籍李姓男子疑煞車失靈，動中將小貨車逆向撞路邊停放的汽機車。（民眾提供）非洲籍李姓男子昨天晚上駕駛小貨車行經台中市沙鹿區向上路與保寧路口，疑因剎車失靈，逆向撞擊停在路邊的1輛汽車及15輛機車，小貨車就撞在大甲鎮瀾宮董事長顏清標的老宅別墅側圍牆上，幸無人受傷，警方檢測駕駛無毒駕或酒駕。昨晚5時19分許，李男（40歲，非洲籍）駕駛小貨車行經沙鹿區向上路與保寧路口，供稱因剎車失靈，為了將車輛停下，右轉進保寧路逆向撞擊停於顏清標老宅圍牆邊的1輛轎車及15輛機車，幸現場無人受傷，經警方實施檢測，駕駛也未毒駕或酒駕。請繼續往下閱讀...因每年大甲媽遶境，鑾轎都會駐點在顏清標老宅，因此，昨天車禍生時，引發附近民眾注意及討論；顏清標辦公室表示， 事故僅波及圍牆，住家建築未受損，後續將請廠商評估圍牆主體是否有安全疑慮。清水警分局呼籲，用路人行車前應確實檢查車輛狀況，如發現車輛有異常或故障徵兆，應立即靠邊停放並檢修，切勿勉強行駛，以避免事故發生。清水交通分隊分隊長王智暉表示，非籍李男疑小貨車剎車失靈而肇事。（民眾提供）    ,https://news.ltn.com.tw/news/society/breakingnews/5550125
攜手電視台辦「新世代同樂會」 新店分局向下扎根深化識詐反毒,社會,2026/08/24 11:32,活動設置「小小波麗士體驗」，讓孩童透過趣味互動認識識詐、反毒觀念，將正確防詐知識帶回家。（記者陸運鋒翻攝）為深化識詐、反毒觀念，將犯罪預防向下扎根，新北市警局新店分局昨天（23日）下午與大新店地方電視台於大豐社福館舉辦「新世代同樂會」闖關活動，吸引逾百名民眾參與，並設置「小小波麗士體驗」，讓孩童透過趣味互動認識識詐、反毒觀念，將正確防詐知識帶回家。活動現場邀請台灣關愛之家協會20多位小朋友共同參與，大小朋友玩得不亦樂乎。新店分局期盼從關懷幼兒出發，透過親子同樂喚起民眾對身邊人的關心與重視，點亮一盞盞「識詐、反毒」的燈，公私協力共同建構更安全、更具關懷與韌性的生活環境。請繼續往下閱讀...新店分局長陳建龍到場提醒民眾遠離毒品、小心詐騙，毒品一旦沾染，恐遭其控制並影響工作及生活。透過大新店及新唐城有線電視與警方合作，公私協力守護社區安全，警方在交通或治安都將全力以赴，守護在地居民平安快樂成長。新北市警局新店分局與地方電視台於大豐社福館舉辦「新世代同樂會」闖關活動，吸引逾百名民眾參與。（記者陸運鋒翻攝）    ,https://news.ltn.com.tw/news/society/breakingnews/5550172
不滿噪音持霰彈槍射死女鄰居  嘉義7旬翁判刑14年6月定讞,社會,2026/08/24 11:26,余姓老翁前年8月間，因噪音糾紛持霰彈槍射死女鄰居。（資料照）嘉義縣中埔鄉78歲老翁余仁忠，前年8月因認為住隔壁的57歲殷姓女鄰居夜間故意製造噪音，影響他一家人的睡眠，竟持霰彈槍射擊在鄰宅廚房的殷女，12顆鋼珠射入殷女胸口致死，余犯後自行打電話報警自首。一審嘉義地院國民法官法庭認為，余翁未和解賠償、無情可憫恕之處，依殺人、非法持有槍枝等罪，將余翁判處14月6月有期徒刑、併科罰金6萬2000元；二審台南高分院維持原判，最高法院亦駁回被告上訴，全案定讞。判決指出，余翁曾參與原住民狩獵山豬活動，2024年6月非法取得霰彈槍和鋼珠彈，原本藏放在中埔鄉灣潭村一處筍寮，後來他將槍彈及鋼珠帶回家中，同年8月19日余翁在住處後方防火巷，對著住在隔壁、當時正在自家廚房的殷女開槍，殷女胸部命中12顆鋼彈死亡，余翁犯案後報警自首。請繼續往下閱讀...一審嘉院國民法庭審理時，余翁的律師主張，余長期受噪音困擾而出現精神狀況，請求依「情堪憫恕」減刑；國民法庭審酌余翁雖符合自首，但開庭時曾示範開槍過程，動作相當熟練，而他只因主觀認為有噪音就就射殺女鄰居，至少有12顆鋼珠彈射進殷女體內直接導致死亡後果，動機可議、手段凶殘，不符合情堪憫恕的情形。且余翁與死者家屬未和解及補償，對於犯罪過程也有所保留而未吐實，未見悔悟真意，依殺人罪判刑13年、非法持有槍枝罪判2年6月、非法持有子彈罪判8月，槍彈罪併科罰金各6萬元、1萬元，合併應執行14月6月刑期，併科罰金6萬2000元。二審、三審皆維持一審判決，駁回余翁上訴，全案定讞。    ,https://news.ltn.com.tw/news/society/breakingnews/5550156
「三灣水梨」一箱9顆僅賣150元？鄉長呼籲：假冒果農低價誘騙,社會,2026/08/24 11:06,「三灣水梨」一箱9顆僅150元？鄉長李運光籲勿上當。（李運光提供）小心網路低價水梨詐騙陷阱，近期有人假冒苗栗縣「三灣水梨」名義，宣稱「一箱9顆只需150元」，價格遠低於正常市場行情，苗栗縣三灣鄉長李運光接獲反映後呼籲，此為不法分子冒名設立的詐騙帳號，請民眾提高警覺，切勿輕易匯款或提供個人資料，以免受騙上當。李運光表示，近期已有身邊朋友試圖聯絡該網路賣家訂購，不料對方在詐取購買款項或約定交貨時間後便銷聲匿跡，電話再也打不通，是典型的假冒果農低價誘騙手法。請繼續往下閱讀...李運光提醒，欲購買正宗優質三灣水梨的民眾，應透過三灣鄉農會或在地合法果農訂購；若想親自前往現場挑選，也可直接到三灣鄉內的外環道及主要街道實體攤位選購，吃得安心又有保障，共同捍衛優質在地農特產品。    ,https://news.ltn.com.tw/news/society/breakingnews/5550127
閃避落石 桃園北橫休旅車自撞山壁釀3傷,社會,2026/08/24 11:01,桃園復興休旅車閃避落石自撞山壁，一車5人、3名大人受傷送醫。（記者李容萍翻攝）受連日大雨影響，桃園市復興區昨（23）日凌晨1時33分許發生落石砸車事件，1輛休旅車上載著5個人，行經台7線（北橫公路）31公里、雪霧鬧隧道前時，為閃避掉在馬路中央的落石，導致右前輪爆胎、車輛隨即失控衝撞山壁。車上大人趕緊抱著2名小孩下車，幸好孩童都沒有大礙，但巨大衝擊力造成1名大人頭破血流。桃園市消防局第四大隊今（24）日說明，現場休旅車為了閃避落石而自撞山壁，車上一共5名乘客共有3名大人受傷，分別是25歲的林姓女子尾椎、雙膝、右肩受傷；30歲巫姓男子頭部受傷流血；以及1名37歲的外籍女子左腳踝、左大腿、胸口受傷，幸好3人都意識清楚，分由救護車送往國軍桃園總醫院治療。請繼續往下閱讀...事故發生後，大溪警分局榮華派出所立即協助將部分落石移至路旁，並設置交通錐及警示措施，暫時封閉往雪霧鬧隧道口約60公尺路段，維持現場單向通車，以確保用路人安全；同時通報復興工務段派員到場處理大型落石及後續道路安全事宜，警方呼籲，山區道路容易受天候及地質影響，尤其雨後或夜間行車更應提高警覺，行經山區路段務必減速慢行、注意前方路況及落石警示，若發現路面有落石或其他障礙物，應立即減速並安全停車，同時通報相關單位處理，切勿貿然通過。民眾PO出行車記錄器顯示，其實當下車速不算快，不過山區道路視線較為昏暗，一轉彎就撞上大顆落石，接著失控往一旁山壁衝上，瞬間安全氣囊爆開，車上的大人小孩尖叫聲、哭聲四起；民眾在社群平台貼出畫面，一群人在路邊相當驚慌，孩童被嚇到狂哭，還有1名男子頭破血流，摀著自己傷口。PO文者提醒「大家晚上真的不要開山路，能見度真的很低。從沒想過會遇到落石，還有小孩一定要繫安全帶，車上2個小孩才能都沒事」，希望公家機關、地方政府能夠正視這件事「是否有定期巡查？是否有足夠的警告、防護或其他預防措施？在我們發生事故以前，有沒有人通報過？」「不要等到下一次真的有人重傷、甚至失去生命才開始重視」，讓大家都可以平安回家。另外，復興區公所統計昨日災害通報，包括桃113線7.5公里處有落石無法搶通、因電桿（高壓電）倒坍需台電協助處理，以及華陵里茂農路、上奎輝等都發生土石滑落，經搶修後排除。瞬間安全氣囊爆開。（圖由巫姓車主提供）桃園復興休旅車閃避落石自撞山壁，一車5人、3名大人受傷送醫。（記者李容萍翻攝）桃園復興休旅車閃避落石自撞山壁，一車5人、3名大人受傷送醫。（記者李容萍翻攝）連日大雨，桃園復興桃113線7.5公里處有落石無法搶通、因電桿（高壓電）倒坍需台電協助處理。（圖由復興區公所提供）    ,https://news.ltn.com.tw/news/society/breakingnews/5550103
酒駕飆車撞死人 苗栗女判刑8年,社會,2026/08/24 10:38,苗栗女酒駕飆車撞死路邊男子，還一度拒測。圖為苗栗地院。（資料照）蔡姓女子曾有酒駕前科，其於2024年10月間在家喝了2罐啤酒後仍駕駛汽車上路，因超速過彎失控，猛烈撞擊站在自家門前的男子，隨後更連撞鄰近民宅鐵捲門與機車，導致男子頭部重創、氣血胸送醫不治。苗栗地院法官近期審結，依酒駕致人於死罪重判蔡女有期徒刑8年。判決指出，蔡女於2022年即曾因酒駕遭判刑3個月確定，但蔡女仍再犯，其於2024年10月17日傍晚6點多在住處喝了2罐啤酒後，於晚間9點多開車出門。蔡女當時行經苗栗縣造橋鄉1處彎道時以60至70公里時速超速行駛，因酒精影響導致操控力降低，過彎時車輛偏離車道，直接撞飛站立在門口的1名男子，該名男子因嚴重顱腦損傷及創傷性休克，送醫搶救不治。警方事後測得蔡女吐氣酒精濃度達每公升0.32毫克。請繼續往下閱讀...合議庭審酌，蔡女為酒駕累犯，僥倖上路釀成天人永隔的悲劇，致被害人家屬承受巨大痛苦。蔡女雖於肇事後留在現場並坦承駕駛，但她在事故現場一度拒絕接受酒測，直到警方報請檢察官核發鑑定許可、準備強制抽血時，才於分駐所配合酒測，對節省司法資源效益有限，因此不予依自首規定減刑。    ,https://news.ltn.com.tw/news/society/breakingnews/5550093
博弈集團「撤出7期」躲民房  警全台攻堅逮27人搜出千萬「錢磚」,社會,2026/08/24 10:27,刑事警察局偵查第六大隊破獲以陳姓男子為首的線上博弈洗錢集團，當場在保險箱內起出達1688萬元的錢磚。（記者陳建志翻攝）刑事警察局偵查第六大隊去年掌握情資，以陳姓男子（37歲）為首的線上賭博網站機房，從台中7期商辦撤出化整為零隱匿在民房中，去年12月底前往台中、桃園、高雄等5縣市同步展開搜索，逮捕陳姓主嫌和蔡姓水房（32歲）等27人，現場保險箱起出藏放1688萬的錢磚，清查後近1年進出不法金流達37億元，將陳男、蔡男等人依賭博、洗錢等罪嫌移送法辦。刑事警察局偵查第六大隊去年在台中地檢署指揮下，偵辦線上博弈、洗錢集團，原掌握都藏匿在台中7期商辦中，沒想到正要行動前，相關集團疑發現檢警強力掃蕩機房全撤走，檢警經重新布線、蒐證，發現以陳姓男子（37歲）為首的線上賭博網站機房，化整為零改為居家上班模式，持續經營賭博機房的推廣及客服部門。請繼續往下閱讀...經蒐證完成去年12月29日，持搜索票及拘票同步在台中市、桃園市、高雄市、彰化縣及南投縣等5縣市執行攻堅，順利逮捕陳姓機房負責人及成員等共24人到案，並在台中北屯機房內查扣藏在保險箱內贓款錢磚達1688萬元、電腦主機及手機等贓證物。警方為追查幕後主嫌，持續針對賭博網站金流向上溯源，再鎖定擔任洗錢水房的蔡姓主嫌（32歲），蔡男在台中民宅以不法金流系統，利用集團所設立的多家人頭公司，充當賭博資金入出金管道協助洗錢，順利將蔡男等3人查緝到案。警方清查後，該集團近1年經手不法金流逾37億6000萬元，並經聲請裁定扣押公司帳戶內1333萬元，總計查扣不法利得達3021萬元，全案目前依賭博、洗錢等罪嫌偵辦中。刑事警察局偵查第六大隊破獲以陳姓男子為首的線上博弈洗錢集團，當場在保險箱內起出達1688萬元的錢磚。（記者陳建志翻攝）刑事警察局偵查第六大隊破獲以陳姓男子為首的線上博弈洗錢機房，現場查獲人頭帳戶、印章等證物。（記者陳建志翻攝）    ,https://news.ltn.com.tw/news/society/breakingnews/5550044
京華城「左手賣右手」案首開庭  沈慶京擺脫輪椅拐杖爬樓梯上法院2樓,社會,2026/08/24 10:26,沈慶京於開庭前20分鐘到庭，他已擺脫輪椅、拐杖，自行走路、爬樓梯至法院2樓法庭區，步履雖緩慢但相當穩健。（記者王藝菘攝）威京集團總裁沈慶京在標售京華城土地時，涉嫌「左手賣右手」套利72億元，台北地檢署今年5月8日依證券交易法之非常規交易等罪起訴沈慶京等13人，對沈慶京具體求刑26年刑期、沒收31億餘元；台北地院今首度開庭，傳喚沈慶京及威京集團時任財務經理張志澄2人到庭，沈慶京於開庭前20分鐘到庭，他已擺脫輪椅、拐杖，自行走路、爬樓梯至法院2樓法庭區，步履雖緩慢但相當穩健。媒體詢問沈慶京最近身體情況，沈慶京笑稱「暫時穩住了」，媒體再問他對案子有何意見要表達？沈慶京說「不要再提了，有空麻煩看一下我的臉書」，沈慶京神情笑容滿面，已不復見去年京華城收賄案審理期間坐輪椅孱弱的模樣。請繼續往下閱讀...沈慶京去年交保後開設臉書粉絲專頁，最新貼文是本月6日發出，內文指出：「北檢林俊言和姜長志檢察官先是起訴我圖利，接著再指控我們公司的正規交易是『非常規』，將我和同仁們抹黑成貪婪投機，以訛傳訛，造成外界誤解。但我心如明鏡，公司轉型的每一個程序皆合規合法、經得起外部檢驗」。沈慶京於文章最後說：「我不敢說自己是什麼名門正派，但我一生『誠信為重，道義為先』。在這紛擾混濁的世道裡，守住父輩留下的清廉風骨，對得起萍水相逢的知己，這場江湖歲月，我便俯仰無愧。」本案今日首次開庭，法官傳喚沈慶京、張志澄2人，進行準備程序，確認2人的答辯方向，以及檢辯要聲請調查的證據。北檢起訴指出，威京集團於2018年停止營運京華城商場並對外招標重建，規劃階段以建物和土地為擔保，向18間銀行辦理120億元聯貸，3度流標後，2019年9月25日由集團旗下的中石化子公司鼎越公司以372億餘元得標。檢調發現，京華城土地當時行情約僅300億元，沈慶京等人涉高估土地價值，將土地左手賣右手，溢價72億餘元賣出給自家企業，涉非常規交易罪。北檢指控，沈慶京實際掌控旗下公司，主導整起非常規交易案，財務經理張志澄協助完成，也涉在聽從沈慶京指示，隱匿資金流向洗錢。    ,https://news.ltn.com.tw/news/society/breakingnews/5550079
國5雪隧南端出口深夜3車連環撞車禍 釀5人受傷,社會,2026/08/24 09:43,國5雪隧南端出口昨晚發生3車連環車禍，造成5人受傷。（圖由國九隊提供）宜蘭縣國道5號南向30.3公里處，即雪隧南端出口附近路段，昨晚10點多發生3輛小客車追撞車禍，造成5人受傷，肇事原因尚待調查釐清。國道公路警察局第九公路警察大隊今天（24日）指出，昨晚10點25分，33歲陳姓男子駕駛小客車沿著國5南下，出雪隧不久後，追撞前方由76歲鍾姓男子所開的小客車，後方一輛由63歲張姓男子駕駛的租用小客車閃避不及，撞上陳男的車子，3車共5人受傷，所幸傷勢無大礙，事發後一度影響國5南下交通。請繼續往下閱讀...國九隊呼籲用路人，開車上國道前務必養足精神，切勿疲勞駕駛，行車應注意車前狀態，保持安全距離，勿分心駕駛，變換車道時依標誌、標線、號誌指示，保持安全距離及間隔，確保行車安全。雪隧南端出口昨晚3車連環車禍，一度影響國5南下交通。（圖由國九隊提供）    ,https://news.ltn.com.tw/news/society/breakingnews/5550036
稱「要養中風父」幫詐團面交泰達幣製造斷點 調酒師慘判1年10月,社會,2026/08/24 09:40,幫詐團面交泰達幣製造斷點 稱「要養中風父」調酒師慘判1年10月。（資料照）苗栗縣一名女子遭詐騙集團以「假投資」手法誘騙，先後交付138萬元現金購買虛擬貨幣「泰達幣」。擔任調酒師的蘇姓男子加入詐團充當面交車手，以交付泰達幣為由親自面交取款，再將贓款放入指定置物櫃製造金流斷點。苗栗地院法官近期審結，依三人以上共同詐欺取財罪，判處蘇男有期徒刑1年10個月，犯罪所得1萬9422元宣告沒收。判決指出，被害女子於2024年10月間在臉書瀏覽兼職廣告，遭詐團成員以假投資話術洗腦，月薪約3.8萬元的蘇姓調酒師加入暱稱「scoin」的詐團後，依指示於同年12月間，先後前往台中火車站及烏日高鐵站，分3次向被害女子收取53萬、43萬及42萬元現金，並由詐團轉入對應泰達幣至被害女子錢包，再指使被害女子轉出至詐團指定帳戶。請繼續往下閱讀...蘇男收取共138萬元現金後，隨即依指示將贓款放置於指定置物櫃由其他成員取走，藉此隱匿犯罪所得去向。檢警循線查獲蘇男，並扣得點鈔機1台、買賣契約書等證物。苗栗地院審理時，蘇男坦承犯行，並稱需扶養中風父親，但迄今未與被害人達成和解賠償。法官審酌，蘇男正值青壯卻不思正途，加入詐團擔任車手致被害人蒙受重大財產損失，最終依三人以上共同詐欺取財罪判處有期徒刑1年10月。    ,https://news.ltn.com.tw/news/society/breakingnews/5550020
好貴！ 7旬婦偷走鄰居1顆火龍果判賠3萬元,社會,2026/08/24 09:37,7旬婦人多次順手牽羊，鄰居都選擇不計較，有報警的檢察官也以微罪而職權不起訴處分，但此次再偷火龍果鄰居不原諒，南投地院判拘役30日，易科罰金折合新台幣3萬元。此為火龍果示意照，與本新聞無關。（記者陳鳳麗攝）南投縣71歲黃姓婦人偷走鄰居放在門口鞋櫃上1顆市價176元的火龍果，由於她在鄰里間有多次順手牽羊紀錄，該鄰居要她歸還火龍果未果而報警，黃婦辯稱是看火龍果快爛了才拿去丟掉，由於她曾有偷竊案檢方職權不起訴，此次再犯，南投地院法官以竊盜罪判拘役30日，易科罰金折合3萬元。71歲黃姓婦人是在去年7月11日清晨5點多，走過1戶鄰居家門口，見門口鞋櫃上有1顆火龍果，就拿走該火龍果。鄰居2、3小時後開門，發現火龍果不見了，由於黃婦經常順手牽羊鄰居的物品，猜測是黃婦偷走，直接到黃婦家，要她交還火龍果，黃婦否認她偷火龍果，還與鄰居吵起來。請繼續往下閱讀...該名鄰居因上次小孩的玩具被黃婦偷走，就已警告再偷就會報警，而黃婦嗆「你報警啊！」，鄰居憤而報警，警方也從周遭監視畫面查出是黃婦所為。黃婦否認偷竊，辯稱是看鞋櫃上的火龍果爛到已經出水，鞋櫃會弄髒，才好心拿走，鄰居來索討，有拿去還她，惟鄰居表示黃婦根本沒還。由於黃婦已多次偷竊鄰居小東西，南投地檢署檢察官給她機會，曾職權不起訴處分，此次再犯即以竊盜罪名起訴，向法院聲請簡易判決。南投地院簡易庭法官審酌，黃婦僅坦承客觀事實，但否認有竊盜的主觀犯意，且火龍果沒有歸還，也未與告訴人達成和解賠償損害，因此判處拘役30日，若易科罰金折合3萬元。    ,https://news.ltn.com.tw/news/society/breakingnews/5550012
桃園平鎮火燒車 轎車行進間冒煙秒成火球,社會,2026/08/24 09:17,平鎮區金陵路五段23日晚間發生火燒車事故。（記者鄭淑婷翻攝）桃園市平鎮區金陵路五段昨（23）日晚間9點多發生火燒車事故，1輛轎車於行進中突然冒煙，駕駛緊急停靠路邊，整輛車隨即陷入火海，所幸車內人都已逃生，沒有造成人員傷亡，事故原因有待消防局火調科調查。消防局獲報後出動消防人員17名、消防車7輛趕往救援，約10分鐘即將火勢撲滅，整輛車幾乎燒成廢鐵，初估財損約5萬元，當時金陵路車流仍大，其他車主目擊說「從旁邊開過去那個熱量實在很驚人」。平鎮區金陵路五段23日晚間發生火燒車事故。（記者鄭淑婷翻攝）平鎮區金陵路五段23日晚間發生火燒車事故。（記者鄭淑婷翻攝）平鎮區金陵路五段23日晚間發生火燒車事故。（記者鄭淑婷翻攝）平鎮區金陵路五段23日晚間發生火燒車事故。（記者鄭淑婷翻攝）    ,https://news.ltn.com.tw/news/society/breakingnews/5549998
高雄男雨中苦尋賓士車牌  警方合力推車又尋回,社會,2026/08/24 09:05,員警協助推車至路旁安全處所。（民眾提供）高雄市仁武分局員警23日深夜巡經鳥松區大埤路時，發現陳姓男子大雨中站在分隔島上左顧右盼，上前詢問得知他的賓士車拋錨，下車查看赫然發現車牌不翼而飛。員警冒雨幫他找到車牌，又幫他將車推到路旁，陳男不斷稱謝「神救援」。大華派出所員警23日夜間9時許行經鳥松區大埤路東往西自來水廠前路段時，適逢強降雨，員警立即於內、外側車道拉設封鎖線實施交通管制。期間發現一名男子站在分隔島上左顧右盼，隨即上前關心。請繼續往下閱讀...原來44歲陳姓男子駕車欲前往友人住處，途中車輛突然故障拋錨停在快車道上。陳男下車查看時更發現車輛前車牌不翼而飛，因擔心車牌遺失，只好站在分隔島上四處尋找，卻因雨勢甚大而難以尋獲。大華派出所副所長吳文藝、員警郭哲瑋、吳秉勳、游上慧冒雨涉水沿路搜尋，終於在賓士車右後方約20公尺處的慢車道上發現遺失的前車牌，隨後員警再合力協助將拋錨車輛推移至路旁安全處所，等待拖吊車到場救援。約20分鐘後，現場雨勢漸弱且路面水勢逐漸消退，員警解除交通管制，恢復道路正常通行。陳男對於員警在強降雨期間主動伸出援手，感謝不已。員警幫陳男找回掉落車牌，讓他稱謝不已。（民眾提供）    ,https://news.ltn.com.tw/news/society/breakingnews/5549999
一句「隨便點」收8萬帳單！男屋主喊請客 她綁卡狂刷外送被判還錢,社會,2026/08/24 08:49,男屋主請外送，女帶2女綁卡狂刷8萬餐點，桃園地院判還不當得利。（資料照）只是請一次客提供信用卡供女性友人點外送，豈料，她一家三口卻拿該卡片資料，2個多月狂點逾8萬元餐點！林姓男子發現後氣炸提告要求返還不當得利，石姓女子雖辯稱「林男曾說讓她隨便點」，但提不出多次授權的證據，桃園地院判決石女一家三口須還錢。​林姓男子透過交友軟體結識石姓女子，因石女打算承租林男位於桃園市的房子，2024年4月19日前往看屋時喊餓，林男便稱要「請客」並提供信用卡資料，讓石女透過Uber Eats點餐。請繼續往下閱讀...​林男控訴，他當時只同意請客一次，沒想到石女竟擅自將卡片資料綁定外送平台，後續2個多月與2個女兒共點了8萬2710元餐點。林男認為石女一家未經同意盜刷，提告要求返還不當得利。​石女坦言與女兒有使用該卡點餐，但辯稱4月19日當天林男有說「可以隨便點」，是他自己同意綁定平台，而女兒使用的是家庭共享方案，且她們都有收入，不需要盜刷林男信用卡。判決指出，林男提告屬「非給付型不當得利」中的權益侵害不當得利，應由受益人針對其主張有受益的「法律上之原因」負舉證責任。而此案受益的石女於言詞辯論時陳稱，林男在4月19日當天說要請她吃飯並提供信用卡資料與背面授權碼，林男只有跟她講一次讓她隨便叫外送，石女當天分別點了567元餐點及157元飲料，卻提不出林男有繼續授權的事證，因此，石女主張所有點餐均有得到林男授權並非可採。判決指出，2024年4月19日到6月29日間，母女3人分別點了2萬5922元、3萬9927元、1萬6861元餐點，總計8萬2710元，扣除4月19日林男確實有授權的567元餐點及157元飲料，其餘餐點費用均屬未經林男授權的不當得利，林男主張返還為有理由，判決石女1家3口共需返還8萬1986元，可上訴。    ,https://news.ltn.com.tw/news/society/breakingnews/5549976
登山賞景將果樹當自助吧？ 豐原警啟動護柿專案,社會,2026/08/24 08:42,豐原警分局加強巡邏，提高見警率，減少果農種植的柿子等水果遭偷摘。（民眾提供）台中市豐原區公老坪種植的四周柿正值產季，卻也成為部分登山、晨起運動民眾「順手牽羊」的目標，豐原警分局近期接獲果農反映，柿子遭人偷摘，警方初步了解發現，遭摘取的果樹多數位於登山步道的道路邊緣，並非果園內部，研判可能是民眾上山運動「順手牽羊」，隨即啟動「護柿專案」，透過加強巡邏、宣導及科技設備等多項措施，防範農作物遭竊。豐原警分局偵查隊長洪緯儒表示，針對柿子等農作物容易遭竊的產季及易發生案件的熱點時段，將啟動偵查作為，有效打擊不法，並增設電子巡簽點，編排專責巡守警力，針對民眾經常行經的登山、運動路線加強巡邏守望，提高見警率及嚇阻效果，防制民眾未經同意摘取紅柿等農作物，讓果農能安心採收。請繼續往下閱讀...警方也針對前往該處登山、運動的民眾加強宣導，提醒民眾切勿因一時好奇或貪圖方便，擅自摘取路旁果樹上的水果，並將於現場張貼公告，提醒民眾擅自採摘水果，恐涉及竊盜罪，以免因一時貪念觸法，留下前科。為進一步強化嚇阻效果，豐原警方也將協助果農設置警示告示牌，提醒民眾果樹上的果實可能經農藥噴灑，未經適當處理即摘食恐有中毒疑慮，呼籲民眾切勿任意採摘或食用，避免危害自身健康與安全。翁子派出所所長丁鵬揚表示，警方並鼓勵果農自行加裝監視器、強化果園周邊防護外，警方則同步研擬在適當路口增設監視設備，評估各路口監視器設置位置及偵查效益，透過科技設備與警力相互配合，建構更完整的護農防護網。豐原警分局長謝建國呼籲民眾登山、運動或賞景時，切勿因一時貪念擅自採摘，若發現可疑人士或農作物遭竊情形，也請立即向警方反映，共同守護農民一年辛勞的收成。豐原公老坪的路口張貼告示，提醒民眾勿隨意採摘農友種植的水果。（民眾提供）    ,https://news.ltn.com.tw/news/society/breakingnews/5549979
沈慶京陷「三案夾擊」！不只一、二審來回跑 這案件北檢還在查,社會,2026/08/24 07:00,京華城案，威京集團總裁沈慶京出庭應訊。（記者王藝菘攝）台北地檢署偵辦京華城土地非常規交易案，發現威京集團總裁沈慶京在標售京華城土地時「左手賣右手」套利30億元，依違反證券交易法等罪起訴沈慶京等13人，其中沈慶京更被求刑26年刑期。沈慶京近日可謂官司不斷，除本案，京華城圖利案二審也將於9月8日開審，同時台北地檢署也緊鑼密鼓地持續追查台北市「第一果菜及魚類批發市場改建工程」是否涉弊。起訴指出，沈慶京為處理高昂負債，以左手賣右手的方式，溢價30億餘元售出京華城土地，整起案件涉及13名被告，包含時任中石化獨立董事、前經濟部長陳瑞隆、前國策顧問朱雲鵬2位大咖。北檢後續依非常規交易、特別背信、洗錢等罪嫌起訴沈慶京。請繼續往下閱讀...然而，本案起訴以後，沈慶京也達成了檢方、一審、二審均有案件的「特殊壯舉」，其中包括備受矚目的京華城圖利案以及外界質疑涉弊的「第一果菜及魚類批發市場改建工程」。京華城圖利案一審判決指出，沈慶京謀劃拆除京華城購物中心、改建為京華廣場，長期賄賂台北市議員應曉薇，協助其爭取容積獎勵，共計交付賄賂5250萬元。另外，沈慶京在與柯文哲會面後，以政治獻金名義交付210萬元，促使柯文哲指示市府違法給予最高20%容積獎勵，獲取不法利益上百億元。合議庭痛批，沈慶京嚴重破壞威京集團的企業形象，更腐蝕公務行政機關的專業性與廉潔性，致北市府基層公務員堅持依法行政的努力毀於一旦，並使市民對於北市府同仁中立性產生質疑，摧殘市民與北市府公務員間良好互動。目前本案將於9月8日首開庭，並由受命法官呂寧莉、審判長邱滋杉、陪席法官劉兆菊組成的合議庭審理。此外，柯文哲擔任台北市長期間，推動「第一果菜及魚類批發市場改建工程」，並於2020年由威京集團子公司中華工程公司以125億元得標，但柯文哲所帶領的市府團隊，被外界質疑透過「減項發包」、「追加預算」方式規避議會監督，圖利中華工程。案經國民黨籍台北市議員鍾小平、楊植斗、林杏兒於2024年5月赴北檢告發，北檢目前已經分案偵辦中。相關新聞：涉京華城賣地套利72億被訴！ 北院今傳沈慶京、威京財務經理張志澄    ,https://news.ltn.com.tw/news/society/breakingnews/5549930
涉京華城賣地套利30億被訴！ 北院今傳沈慶京、威京財務經理張志澄,社會,2026/08/24 06:49,京華城案，威京集團總裁沈慶京出庭應訊。（記者王藝菘攝）台北地檢署偵辦京華城土地非常規交易案，發現威京集團總裁沈慶京在標售京華城土地時「左手賣右手」套利近30億元，依違反證券交易法等罪起訴沈慶京等13人，其中沈慶京更被求刑26年刑期。本案於今日首開庭，台北地院傳喚沈慶京以及威京集團時任財務經理張志澄2名被告，預計將初步釐清2人的答辯要旨並整理檢辯雙方的爭點。起訴指出，威京集團於1987年取得位於台北市八德路的唐榮鐵工廠舊址，並於2001年在該地建立京華城商場，但因經營不善等由最終於2018年停止營運並對外招標。然而，京華城在規劃階段，就以其建物和土地作為擔保，向18間銀行辦理120億元聯貸案，最終在還款期限2018年3月還欠有98.5億元的貸款。請繼續往下閱讀...此外，檢調懷疑沈慶京長期赴海外賭博而積欠高額賭債，2014年沈慶京和設於澳門的英屬維京群島商銳亮環球公司簽訂假合約，並以「借款15億元」包裝賭債，直至2019年6月，沈慶京的個人賭債加上威京集團旗下公司負債已經高達181億餘元。為了解決龐大的負債危機，京華城公司自2018年起3度招標卻乏人問津，最終總算在2019年9月25日由集團旗下的中石化子公司鼎越公司以372億餘元得標。然而，檢調卻發現，但該次的標售底價為342億元，最終卻但最後在沈慶京、張志澄等人誘導下，讓估價師提高土地估價後，決標溢價30億元賣出。檢方認為，案發期間沈慶京同時擔任中石化最高顧問、鼎越公司董事長兼執行長，以及京華城公司最高顧問，實際掌控3家公司，也是整起非常規交易的主導者，而張志澄作為財務經理，除協助沈慶京完成這次非常規交易外，更涉嫌在沈慶京的指示下，替其隱匿資金流向，完成洗錢。檢方調查，溢價的72億元當中有29.4億餘元流入空殼公司「銳亮台灣分公司」，當中是沈慶京指示張志澄將款項分別透過「工程款」、「借款」、「廠商款」等名義，透過集團旗下39家公司不同帳戶間層層轉匯，最終開立總額29.4億元的支票30張，交付銳亮台灣分公司兌現。外傳，「銳亮環球」背後的大股東，就是日前遭判刑18年入監的澳門太陽城集團創辦人「洗米華」周焯華，而這29.4億元便是沈慶京多次前往海外賭博所欠下的賭債，最後由「銳亮」負責人、周焯華的手下朱少芬（澳門人，另案通緝中）接收償債款項。然而，案發以後，北檢便向法院聲請扣押涉案的「英屬維京群島商銳亮環球」帳戶內27億元資產獲准。後續銳亮不滿提起抗告，但被高等法院駁回，最終確定扣押。檢方另查出，鼎越公司在取得土地後，沈慶京不顧公司內部財務與法務人員反對，仍強行推動提前支付5億元增額容積分潤，其中約2.5億元流入其掌控公司與私人帳戶，造成中石化及鼎越公司損失。    ,https://news.ltn.com.tw/news/society/breakingnews/5549928
警員上「靠北police」爆料多主管走人！ 烏日分局長親回文,社會,2026/08/24 05:57,烏日警分局長親回貼文。（擷自臉書社團「靠北police之鴿的無奈」）台中烏日警分局員警在臉書匿名社團「靠北police之鴿的無奈」，向台中市警局長吳敬田爆料「您麾下烏日分局謝分局長，自年初到任迄今僅約7個月，多名主管及幹部異動或退休」，員警稱人事異動過於頻繁，實有必要請局長關心了解，未料，沒等到警局長回覆，卻引來當事分局長回稱「對幹部要求還是不會打折，對基層同仁依然秉持多鼓勵少責難，感謝您的建議」。這段分局長親回部屬貼文，從22日起在警界流傳熱議，烏日員警指稱，謝分局長到任迄今僅約7個月（年初1月底至今），包含交通組長到任未滿一個月即退休、警備隊長退休、人事主任及督察組長寧願降調也選擇離開烏日分局，偵察隊長異動他處，另據聞，督察組巡官自年初起多次人事更迭，甚至有人寧願申請至六分局服務，也不願留任烏日分局。請繼續往下閱讀...本報向警方查證內容，據悉，烏日警分局長謝博賢以「Po Hsien Hsieh」為名，在貼文後24小時回稱，「感謝您的指教」，文章寫得中肯，但內容應該都是聽來的，工作上對幹部的要求，他認為是必要的，否則難以面對民眾的期待。謝博賢回稱，因講究效率，不讓部分幹部做冗長無益報告，這部分沒有考慮到報告人感受，確實是他需要調整改進地方，至於擴檢酒駕勤務規劃，如果不統合各所警力，大部所恐會是單警執勤，反而增加執勤風險。謝博賢繼續說，對幹部要求還是不會打折，對基層同仁依然秉持多鼓勵少責難，「感謝您的建議，謝謝！」圖為烏日分局長謝博賢（左3）6月化身「暖心外送員」，送早餐到各派出所。（資料照，記者翻攝）    ,https://news.ltn.com.tw/news/society/breakingnews/5549909
藏槍彈推亡友 法官斥別讓死者背污名,社會,2026/08/24 05:30,警方搜查周姓男子住處，發現藏有4槍146彈，周男辯稱是「亡友寄放」。法官不採信，依非法持有非制式手槍罪判6年2月，併科罰金30萬。（資料照）彰化縣周姓男子被警方查出，在住處藏有四把具殺傷力的改造手槍與一四六顆子彈。他雖坦承持有槍彈，卻辯稱是罹患腦癌過世的尤姓友人寄放，彰化地方法院認為，周男沒有其他證據可佐證其說詞，不應讓已故友人無端背負持有槍彈的污名，依非法持有非制式手槍罪判處周男有期徒刑六年二月，併科罰金卅萬元。判六年二月 併科罰金卅萬 檢警查獲槍彈案件中，持有者多數宣稱槍彈是已過世的朋友寄放，企圖藉此減刑或輕判。判決書指出，周明昌過去已有多次槍砲案件前科，二〇二三年才因槍砲案遭起訴判刑，豈料他仍不知悔改，自二〇二三年七月起，在彰化縣居所繼續私藏槍彈。請繼續往下閱讀...警方獲報於去年三月十一日晚間搜索，當場扣得仿GLOCK 19型等改造手槍四把，以及包括十二顆制式子彈在內，共一四六顆子彈。刑事局鑑定發現，四把手槍均裝有貫通的金屬槍管，擊發功能正常，具有殺傷力；一四六顆子彈經鑑定，抽樣或逐一試射均能擊發。周男坦承持有，但辯稱槍彈是尤姓友人生前寄放，尤男後來罹患腦癌過世，他才繼續保管。法官認為，尤男已死亡，在死無對證之下，且全案缺乏其他補強證據，不足以證明是尤男寄放。另外，周男在前一起槍彈案件中，也曾否認持有，並宣稱槍彈是葉姓男子寄放，顯然上述說詞都是周男的推諉之詞，不能讓死者無端承受非法持有槍彈的污名，周男辯詞不足採信。法官審酌，周男有多次槍砲前科，但考量其坦承犯行，依非法持有非制式手槍罪判處有期徒刑六年二月，併科罰金卅萬元；扣案槍彈均沒收，全案可上訴。    ,https://news.ltn.com.tw/news/society/paper/1767884
陪同領錢掛保證非詐騙 銀樓涉暗助詐走1700萬,社會,2026/08/24 05:30,新北市一家銀樓涉暗助詐團，警方專案小組蒐證後發動搜索，將負責人及3名員工拘提到案，查扣銷售報表、買賣登記簿、帳本、存摺等證物。（記者陸運鋒翻攝）銀樓業者及車手等九嫌到案詐騙集團為了規避檢警追查金流，近來要求被害人購買黃金面交，其中新北市陳姓女子落入假檢警陷阱，被騙走現金及黃金共一千七百多萬元；警方查出，陳女購買黃金期間，銀樓業者涉嫌勾結詐團成為洗錢管道，儼然成為詐騙共犯。警方日前將銀樓業者及車手共九嫌查緝到案，詢後移送偵辦。新北市警局永和分局調查，卅三歲的陳女為職業投資族，她在今年初接到自稱高雄市刑警大隊人員的來電，對方稱她涉及一起詐騙集團洗錢案，已報請檢方指揮偵辦，接著再轉接給假檢察官。對方又聲稱此案涉及國家機密且偵查不公開，要求她交付手頭上的現金及購買黃金進行監管。請繼續往下閱讀...卅三歲女投資族挨假檢警詐據知，陳女起先陸續交付給對方派出的車手現金四百多萬元，之後又前往新北市永和區一家銀樓，短短二十天內購買約三公斤、總價值一千三百多萬元的黃金，一共被詐團騙走一千七百多萬元。直到陳女丈夫詢問近期財務狀況，她吐露實情後才驚覺受騙而報案。警方專案小組偵辦期間，發現陳女交付黃金後，車手隨即南下交付給上手，藉此製造金流斷點。警方經調閱上百支監視影像，掌握五名嫌犯身分，循線陸續於新北、台南、苗栗地區將藍姓、柯姓、許姓、黃姓車手及賴姓收水手查緝到案，查扣手機等證物。警方追查，陳女在銀樓購買黃金期間，業者可能知悉她受騙，但為了賺取利潤未阻止或通報警方，且有漏開發票等情況，甚至陪同陳女至銀行提領大筆現金，並向行員掛保證，稱提領現金是為購買黃金、並非遭詐騙。警方不排除業者與詐團勾結，或遭詐團利用作為洗錢管道。銀樓業者及員工等四人交保經專案小組蒐證後發動第二波搜索，將銀樓陳姓負責人及三名員工拘提到案，查扣銷售報表、買賣登記簿、帳本、存摺等證物。警詢後依洗錢防制法、詐欺、銀行法及組織犯罪條例等罪嫌移送新北地檢署偵辦，檢方複訊後，諭令四嫌各以十萬元至五十萬元交保候傳，另持續追查其他共犯。警方提醒，檢警機關絕不會要求民眾提領現金、購買黃金或交付財物配合調查，如接獲類似電話或訊息，請立即撥打一六五反詐騙專線或一一〇報案查證，守護自身財產安全。    ,https://news.ltn.com.tw/news/society/paper/1767878
五熊潑油毀日本國寶被捕？ 姊稱還在瞭解…,社會,2026/08/24 05:30,五熊四月時曾曬出奈良出遊照，與涉案台女在日時間資訊一致。（取自臉書）女藝人「五熊」蔡頤榛（本名蔡宜臻）昨日迎來三十九歲生日，卻捲入日本國寶「佛足石」潑油疑雲。一名與她姓名、年齡相同，且自稱在台從事主持工作的台灣女子，二十二日於關西國際機場遭日本警方逮捕，多項身分資訊高度吻合，引發熱議。四月犯案 八月再入境被逮據悉，蔡女涉嫌四月六日在奈良世界遺產藥師寺大講堂內，向國寶「佛足石」潑灑含甘油成分的液體並留下污漬，隔日搭機返台。直到她二十二日再次入境日本時，遭警方以涉嫌違反文化財保護法逮捕。蔡女承認並供稱自己遇到「感動的事物」時有潑油祈禱的習慣。請繼續往下閱讀...五熊四月也曾在奈良賞櫻打卡，與涉案人資訊不謀而合，記者求證其經紀人，截稿前已讀未回；另向五熊親姊蔡函岑方面詢問，經紀人表示：「姊姊函岑是看到新聞才知道，目前還在瞭解狀況。」    ,https://news.ltn.com.tw/news/society/paper/1767880
黃金之亂 警籲銀樓別為獲利放任詐騙,社會,2026/08/24 05:30,新北市一家銀樓涉暗助詐騙，警方將銀樓負責人及3名員工依詐欺、洗錢等罪嫌移送法辦。（記者陸運鋒翻攝）針對新北市永和一家銀樓業者為了賺取販售黃金獲利，眼睜睜看著被害人遭假檢警捲走一千七百多萬元，甚至陪同前往銀行掛保證，才得以提領大筆款項，恐涉幫助詐欺。對此，新北市一名偵查隊長直言，銀樓及貴金屬業者應善盡企業社會責任，對於大額、異常或可疑交易應提高警覺，落實身分查核及交易紀錄保存，切勿因一時利益而淪為詐騙集團洗錢管道。警方指出，近來詐騙集團要求被害人購買黃金後交付車手，以規避金融機構監控以及警方攔阻機制，且黃金具有高價值、易攜帶、易變現及流向追查困難等特性，已逐漸成為詐團洗錢及移轉犯罪所得的重要工具。請繼續往下閱讀...警方強調，銀樓業者販售貴重商品時，應積極落實防詐關懷提問機制，當發現民眾有一次購買大量黃金、短時間內多次購買、以現金支付鉅額款項、對購買用途說詞反覆、神情緊張、不斷接聽電話及依他人指示購買等異常情形時，應主動提高警覺，適時關懷詢問購買用途。警方說，銀樓業者可詢問是否接獲檢警、法院或金融機構來電要求保管財產，如發現疑似遭詐騙情形，可暫緩交易，並通報警方到場協助查證。此外，銀樓業者應落實申報機制，加強員工教育訓練，熟悉最新詐欺手法及辨識特徵，建議於店內明顯處張貼防詐宣導海報及警語，並提醒民眾「檢警不會要求購買黃金交付保管」、「司法機關不會以電話辦案」，同時建立與警方聯繫窗口，形成警民合作防詐網絡。    ,https://news.ltn.com.tw/news/society/paper/1767879
小黃國道鬼切逼車 釀3車連環撞,社會,2026/08/24 05:30,國道三號南投草屯段，一輛計程車（近處）從內線切往外線逼車讓道，卻不慎撞到MINI（遠處）掀背車，甚至還反彈撞到中線轎車，造成三車連環撞。（國道警方提供）國道三號南下二二三．五公里南投草屯段，昨天發生計程車與MINI掀背車超車糾紛，小黃林姓司機認為被挑釁，竟從內線「鬼切」到外線車道，對MINI陳姓駕駛惡性逼車，造成三車連環撞車禍，MINI駕駛陳男受輕傷，小黃林姓司機也自作自受，身體多處擦挫傷，計程車的車頭半毀，國道警方針對林男惡意逼車，不僅開罰單舉發，還依公共危險罪送辦。國道警方表示，計程車司機林男與MINI駕駛陳男，在肇事路段之前，曾發生行車糾紛，林男大為不滿，竟從內線車道一路切往外線車道，在高速之下，逼陳男讓道，卻不慎撞到MINI，導致MINI彈飛到內線車道，陳男身體多處擦挫輕傷。請繼續往下閱讀...損人不利己 自己也受傷計程車司機林男「損人不利己」，撞完MINI後，自己的計程車又反彈撞到行駛中線的轎車，轎車由林姓男子駕駛，幸好林男未受傷，轎車輕微車損，最後計程車打橫停在內線車道，司機林男肢體多處擦挫輕傷。國道警方說，事故駕駛皆無酒駕，但計程車司機林男在高速公路上，任意迫近、驟然變換車道，迫使MINI讓道，已違反道路交通管理處罰條例，可處六千至三萬六千元罰鍰，並吊扣車牌半年，肇事還能吊銷駕照，警方已開罰單舉發，另外，針對林男惡意逼車造成連環撞車禍事故，依公共危險罪將他送辦。    ,https://news.ltn.com.tw/news/society/paper/1767883
