Title,News_Type,date,content,url
台北要演「狸貓換太子」？鍘美發起人蘇先生：同溫層自high沒意義,政治,2026/09/28 01:13,鍘美藝術節熱烈盛況。（記者李惠洲攝）「鍘美藝術節」落幕後，網路卻傳出要在台北搬演《狸貓換太子》，甚至被解讀為「鍘美續集」，引發討論。對此，鍘美藝術節發起人蘇先生明確表示，鍘美藝術節從未涉入政治議題，「我不贊成，也不會做這件事。」蘇先生透露，其實上週就有人向他提過這個構想，當時他就認為不妥，並提出4點理由，包括「人無法選擇自己的身世」；其次，《狸貓換太子》的核心也不是狸貓或太子，而是背後的宮廷鬥爭；再者，若將傳統戲曲與藍綠政治對立綁在一起，尤其在台北這樣的地方，「不智」；最後，他認為只在同溫層裡自我陶醉，「沒有意義」。請繼續往下閱讀...蘇先生強調，鍘美藝術節真正值得珍惜的，是活動讓傳統戲曲被更多人看見，「這才是我們想留下來的東西。」他透露，近期因鍘美藝術節引發關注，傳統戲曲之美獲得全台更多民眾認識與喜愛，也有人從桃園發出邀請，希望安排演出，不過未來相關演出與鍘美藝術節並無關係。對於網路流傳的「狸貓換太子」演出消息，台北市長沈伯洋日前受訪時已表達不贊成。古都木偶戲劇團團長黃冠維也發文澄清，目前網路流傳的演出資訊並非劇團公布內容，《狸貓換太子》也不是古都目前規劃的劇目。黃冠維表示，近期因幾場演出，讓許多原本較少接觸布袋戲的民眾走到戲棚前，反而讓劇團萌生「把傳統戲曲帶出台南」的想法。目前下1站正朝嘉義方向洽談，但場地、時間與劇目都還在討論，尚未正式定案，確定後才會對外公布。黃冠維也強調，接下來的演出並不是「鍘美藝術節」的延續。對古都而言，更希望把這段時間累積的戲曲關注留下來，繼續好好做戲、演戲，讓布袋戲走到更多地方，「下1棚，敬請期待」。網傳台北要演「狸貓換太子」，鍘美藝術節發起人蘇先生亦發文不妥。（圖擷自Threads）古都木偶戲劇團團長黃冠維也發文強調，目前網路流傳的演出資訊並非劇團公布內容，《狸貓換太子》也不是古都目前規劃的劇目。（擷自臉書）    ,https://news.ltn.com.tw/news/politics/breakingnews/5588930
被蔣萬安丟棄的甘蔗！劉柏君：80多歲長者誠心種來 獻給土地公的,政治,2026/09/28 00:52,蔣萬安被爆出把中庄仔福德宮致贈的甘蔗給隨意丟棄，引發輿論砲轟。（資料照）民進黨台北市長參選人沈伯洋與現台北市長蔣萬安26日先後出席中山區中庄仔福德宮聖誕晚宴，2人皆受廟方致贈象徵祝福的甘蔗，不料本週一（28日）爆出蔣萬安隨意將獲贈的甘蔗給隨意丟棄，引發輿論砲轟。中華民國無任所大使、公視影集《通靈少女》劇中原型人物劉柏君同日曝光送給2位參選人的甘蔗來處，並還原當日致贈環節與後續狀況，掀起熱烈討論。沈伯洋和蔣萬安26日皆出席中庄仔福德宮「福德正神聖誕千秋晚宴」，廟方董事長給2人贈送甘蔗，雖然送蔣萬安的甘蔗明顯「節數」超多引發外界各種負面解讀，但檯面上廟方還是有給予蔣萬安祝福。林春裕27日受訪時表示，致贈的一對甘蔗前一天拜過天公，當時站在台上，也不曉得誰要遞哪一支，參選人拿到的都是「土地公冥冥之中的安排」。請繼續往下閱讀...沒有想到28日報出蔣萬安獲贈的甘蔗當天直接被丟棄在廟宇旁，引發輿論譁然，林春裕也證實了這件事。據悉，蔣萬安團隊還是在被自家議員緊急通知後，才派人去把甘蔗拿走。對此，劉柏君在臉書發文透露，蔣萬安丟棄的那根甘蔗，是當地80幾歲長者種植的，長輩發願每年2次在廟方慶典敬獻給土地公，所以是以誠心、誠意種好獻給神明的甘蔗。那天廟方準備2根甘蔗分別送給2位參選人，董座林春裕並沒有刻意挑選哪一根送給誰，而是里民志工遞上台，由林春裕贈與，結果當天辦桌完撤場時，有里民在路邊撿到被丟棄的甘蔗，拿到廟裡歸還，「我們里民的心情應該大家能體會吧？這些里民都是很好的長輩，里民們沒口出惡言，也請對長輩好好對待 。」貼文一出吸引上萬人按讚，「這根甘蔗就是台北市民命運的縮影，交給誰會被怎樣的對待」、「多節也可以是節節高升呀！拿到甘蔗本身是中性的，但接下來丟掉就不一樣了，人的心念決定了它的走向」、「只能說很不會做人，不懂人情世故，一點不真誠的人憑什麼當地方父母官」、「這一切都是註定的，並非特別挑選，偏偏他拿到的是多節的甘蔗；他隨意對待這根別人用心種植的甘蔗，也偏偏讓別人發現了」、「器量格局這麼小，能堪什麼大任？」、「神明加持過的聖品也敢丟，我只能說佩服」。    ,https://news.ltn.com.tw/news/politics/breakingnews/5588867
美眾院議長：美需要台灣保持穩定與獨立 估川普兩任對台軍售達400億美元,政治,2026/09/28 00:31,美國聯邦眾議院議長強生重申美國對台灣的堅定支持，並預估總統川普兩個任期內的對台軍售總額，將高達400億美元（約新台幣1.27兆元）。（美聯社檔案照）針對美國在「川習二會」後的對台政策，美國聯邦眾議院議長強生（Mike Johnson）28日重申美國對台灣的堅定支持，並預估總統川普兩個任期內的對台軍售總額將高達400億美元（約新台幣1.27兆元），約為民主黨籍前總統歐巴馬時期的兩倍。針對中國國家主席習近平向川普呼籲減少對台灣的支持，以及一筆價值140億美元的對台軍售案遭擱置數月，強生接受福斯財經新聞網（FOX Business）訪問時強調，軍售延宕主要是受中東局勢與伊朗衝突排擠效應影響，外界不應將此過度解讀為與中國談判的籌碼。請繼續往下閱讀...強生強調：「我想沒有人可以質疑美方的決心。我們了解台灣是我們非常重要的夥伴、朋友及盟友。我們需要他們保持穩定與獨立（stable and independent）。」他重申，這對美國的國家安全與全球經濟皆至關重要，「您可以期待美方未來會繼續維持這個立場。」強生特別提出數據，佐證美方的防衛承諾：「在川普總統的兩個任期內，他預計將完成400億美元的對台軍售，這大約是歐巴馬總統時期的兩倍。」在美中雙邊關係上，強生肯定川普與中方進行外交對話，但警告必須對中國威脅保持高度警戒。他指控中國竊取智慧財產權、擴軍，並試圖對美國人民施加惡意影響：「川普總統強調外交與雙邊關係是正確的，但我們必須保持謹慎並繼續防範。」針對美中在人工智慧（AI）領域的競爭，強生重申反對暫停發展AI，或實施過度嚴苛的監管。他指出，以繁文縟節扼殺創新，只會導致美國在科技競賽中將主導權讓給中國。他將與川普及AI企業高層會面，要求業界負起責任，在確保透明度與適度監督的前提下，繼續保持美國在尖端科技上的壓倒性優勢。    ,https://news.ltn.com.tw/news/politics/breakingnews/5588917
盧秀燕稱蔣萬安會高票順利當選 沈伯洋：評論準確、盡量拉近差距,政治,2026/09/28 00:24,民進黨籍台北市長參選人沈伯洋今晚在內湖737夜市掃街前受訪。（記者田裕華攝）台中市長盧秀燕28日以「台北市蔣萬安、台中市江啓臣會高票順利當選」回應洋流旋風。對此，民進黨籍台北市長參選人沈伯洋受訪回應，身為挑戰者就是要盡量能夠（跟領先者）拉近差距，只能說盧秀燕的評論非常準確。沈伯洋表示，盧秀燕的研判非常準確，現在的民調他們就是領先、穩定，而且受人歡迎，自己跟同黨籍台中市長參選人何欣純本來就是挑戰者，就是要盡量能夠拉近差距，「所以我只能說，盧市長的評論非常精準。」請繼續往下閱讀...另就蔣萬安說「愛台灣絕對不是民進黨專利」，以及網友認為當國民黨開始喊「Team Taiwan（挺台灣）」時就是要騙選票了；沈伯洋不解，「沒有人說『Team Taiwan』是民進黨的專利」，蔣每次都會突然天外飛來一筆去評論，讓人蠻難回應。大家願意加入「Team Taiwan」都歡迎，倒也沒有騙跟不騙的問題。    ,https://news.ltn.com.tw/news/politics/breakingnews/5588919
金華國中營養午餐風波校長致歉 沈伯洋嘆反映人民聲音被說造謠,政治,2026/09/28 00:22,民進黨籍台北市長參選人沈伯洋掃內湖七三七夜市前受訪。（記者田裕華攝）台北市大安區金華國中校長黃啟清近日在官網發布給全校親師生的公開信中致歉並指出，學生食用含小卷的營養午餐後，陸續收到3名學生告知身體不適。對此，民進黨籍台北市長參選人沈伯洋28日回應，反映人民聲音卻被說造謠、認知作戰，蔣市府回應方式很不妥。沈伯洋表示，這件事情蠻令人難過的，校長站出來證實有學生吃了不舒服。先前自己第一時間回應也很簡單，就是趕快釐清，如有檢體盡快送驗，了解到底是單一事件還是涉及廠商因素，是否需要進行預防性措施，從頭到尾只有這樣講，結果被罵造謠、認知作戰。請繼續往下閱讀...沈伯洋指出，大家可以藉由這個案例感受到，過去幾年一直遇到的狀況，反映人民的聲音就要被說造謠，只是針對事實提醒留意，或是未來要不要做什麼預防性措施，卻被說是在認知作戰，這樣的回應方式非常不妥，人民也都看得很清楚。    ,https://news.ltn.com.tw/news/politics/breakingnews/5588915
黃國昌跳出來罵蘇巧慧「愛說謊」 慘遭網友噴爛：比不過你啦！,政治,2026/09/28 00:19,民眾黨主席黃國昌。（資料照）本週一（28日）教師節全國放假1天，國民黨新北市長參選人李四川競辦藉此機會指控，民進黨參選人蘇巧慧去年在立法院對教師節放假投反對票，蘇巧慧澄清自己從未反對教師節放假，當初只是認為國家節日與紀念日應從整體價值、歷史脈絡共同思考。隨後民眾黨主席黃國昌跳出來砲打蘇巧慧，結果卻慘遭網友噴爛。黃國昌28日在臉書PO文︰「蘇巧慧為什麼愛說謊？民進黨新北市長候選人蘇巧慧今天說『過去不論在委員會發言或社群發文，從來沒有反對增加國定假日，也沒有反對教師節放假』，蘇巧慧是忘記了還是害怕想起來？《紀念日及節日實施條例》當初在立法過程當中，民進黨『全體』立委包括今年要選縣市長的蘇巧慧、沈伯洋、何欣純、陳亭妃、賴瑞隆、陳素月、劉建國、王美惠、蔡易餘、陳瑩通通投反對！」請繼續往下閱讀...「立法院公報白紙黑字都有，蘇巧慧怎麼還敢睜眼說瞎話？民進黨砍勞工七天假，蘇巧慧一聲不吭；在野黨還勞工五天假，蘇巧慧票投反對。這些都是鐵一般的事實，現在為了想騙票，連自己做過的事，都沒有勇氣承認了嗎？」不過底下有大批網友留言反轟，「你最會說謊的，你冠軍」、「你在說你自己？」、「黃國昌說別人愛說謊欸！」、「你確定說謊這能力你輸過？」、「你好了啦，最會自己打自己嘴巴的」、「再怎樣都沒你厲害」、「你為什麼轉變立場還臉不紅氣不喘的說謊」、「你好意思說別人愛說謊？」、「說謊？你說你第二沒人敢自稱第一呀！」針對反對教師節放假的指控，蘇巧慧28日表示，過去不管是在委員會的發言，或者是社群發文，她從來都沒有反對過增加國定假日，也沒有反對過教師節要放假，她只是認為在討論國家的節日、紀念日的時候，應該要從國家整體價值脈絡一起來思考，整個國家的思想概念，未來傳遞的價值，才有整體感，這是當時在討論法案的狀況。    ,https://news.ltn.com.tw/news/politics/breakingnews/5588906
藍白合玩真的？無黨籍邱建富為民眾黨站台 黃國昌這樣說,政治,2026/09/28 00:09,民眾黨主席黃國昌（前排左）為彰化縣議員參選人蘇智弦（前排中）站台。（記者劉曉欣攝）民眾黨黨主席黃國昌今天（28日）到彰化縣和美鎮，出席該黨縣議員參選人蘇智弦競選總部成立大會，無黨籍彰化縣長參選人邱建富也到場站台。黃國昌表示，因為「來者是客」，不會拒人於千里之外。黃國昌指出，民眾黨在彰化縣長並沒有推出人選，這是基於政黨合作的安排，而民眾黨與國民黨也有簽署政黨合作協議，一切就依照協議來執行。因為民眾黨向來的原則就是說話算話、說到做到，就算地方也要依照這個合作架構及黨內規範來處理。請繼續往下閱讀...針對日前民眾黨彰化縣議員張雪如出席「救台大行動」彰化場活動，也為國民黨縣長參選人魏平政站台一事，黃國昌指出，這原本是邀請他出席，但因為他行程無法配合，才由張雪如來代他出席。原則上民眾黨與國民黨有地方合作的共識，選舉本來就是「朋友要多、敵人要少」，民眾黨未推出彰化縣長人選，接下來就全力爭取縣議員與地方公職的席次。黃國昌強調，民眾黨過去彰化縣拿下政黨票最高的區域就是和美鎮，因此，這次23歲蘇智弦返回家鄉參選縣議員，這對民眾黨是很重要的指標，因為目前民眾黨在彰化縣有張雪如、吳韋達兩席議員，如果再多一席，就可以在縣議會組成黨團，所以這一席將是關鍵。國民黨籍和美鎮長林庚壬也為蘇智弦站台，林庚壬表示，因為他有收到邀請函，所以來參加競選總部成立大會。無黨籍彰化縣長參選人邱建富（右）與民眾黨主席黃國昌（左二）打招呼。（記者劉曉欣攝）無黨籍彰化縣長參選人邱建富（中）為民眾黨彰化縣議員參選人蘇智弦（右）站台。（記者劉曉欣攝）國民黨籍彰化縣和美鎮長林庚壬（中）為民眾黨彰化縣議員參選人蘇智弦站台。（記者劉曉欣攝）    ,https://news.ltn.com.tw/news/politics/breakingnews/5588911
蔣萬安漏拿甘蔗挨批不尊重神明 沈伯洋：我的當寶刀一樣放在辦公室,政治,2026/09/28 23:59,民進黨籍台北市長參選人沈伯洋掃內湖七三七夜市前受訪。（記者田裕華攝）台北市中山區中庄仔福德宮董事長林春裕26日致贈市長蔣萬安甘蔗，祝蔣步步高升選總統，不過事後爆出蔣沒帶走甘蔗，北市府轉述蔣萬安說法，指稱當天將甘蔗交給里長，活動結束後疏忽沒拿回，已致電向林致歉。對此，同樣獲贈甘蔗的民進黨籍台北市長參選人沈伯洋今晚說，「我們非常注重我們的甘蔗，把它當作寶刀一樣放在辦公室。」沈伯洋表示，神明給的東西要收好，是蠻基本的尊重，可能是蔣萬安的團隊多有疏漏，蔣應會再跟林春裕聯絡說明原委，此事不得馬虎非常重要，因為它不只是神明的禮物，也是當地里民辛苦準備。請繼續往下閱讀...沈伯洋指出，其實過程如何已經沒有那麼重要，重點就是蔣萬安的甘蔗沒有被拿走，所以確認有疏漏並向林春裕、神明致意即可。至於自己的甘蔗，「我們非常注重我們的甘蔗，把它當作寶刀一樣放在辦公室。」沈伯洋從中庄仔福德宮獲贈的甘蔗被懸掛起來供著。（圖翻攝自吳思瑤Threads）    ,https://news.ltn.com.tw/news/politics/breakingnews/5588910
桃園航空城C1工程推進 打通機場青埔交通動脈,政治,2026/09/28 23:48,C1分標海豐坡公園。（桃園市航工處提供）桃園航空城計畫區段徵收工程正全面推展中，其中由市府航空城工程處主辦的「C1分標統包工程」，位處銜接國道2號、機捷A16橫山站及青埔特區的關鍵樞紐。航工處配合市府大眾運輸導向發展（TOD）政策與捷運綠線（GC04標）道路共構作業，正穩健推動各項基礎建設，期盼透過聯外道路與橋梁工程的完善，有效串聯機場、大園與青埔特區，打通區域交通動脈，為桃園建構便捷的軌道與公路運輸路網。航工處主任秘書柯志輝表示，此工程位於桃園市大園區，施工總面積約120.6公頃，契約總金額為50億7000萬元，工程內容涵蓋共同管道、排水、污水、道路及橋梁等基礎民生建設。目前優先開發區已如期完工，除完成海豐坡公園建置，乙種工業區（乙工）用地亦點交供廠商新建廠房，在聯外道路方面也完成A16站周邊航青路及部分航福路、群英大道的開通。請繼續往下閱讀...工程管理方面，團隊運用BIM（3D建築資訊模型）技術預先檢討地下管線位置以減少施工衝突；並透過「航空城工程資訊系統」管控進度與查驗紀錄，將竣工圖資與後續接管單位運用整合，降低日後重建資料的成本；在施工階段於工區設置CCTV攝影機進行遠端監控，全天候掌握現場狀況，落實防災預警效果。此工程其餘地區的建設上，刻正配合民眾搬遷進度持續施工中，其中跨越國道2號的新建橋梁（BR-E2橋）採預力箱型梁場鑄懸臂工法施作，以達成全程不封閉國道的目標，並妥善規劃人行及自行車道動線。基礎設施則於路口採用可變光型雙色溫路燈，使有效照明維持率達99.7％以上。在生態方面，工程活化既有埤塘，轉化為兼具防洪與生態功能的水域空間。柯志輝說，市府期盼透過妥善的空間規劃與各分標的基礎工程，逐步完善航空城都市機能，並促進整體區域發展。未來，航工處將持續秉持穩健踏實的原則，積極整合工程介面，推動航空城整體建設，期盼在兼顧在地人文、防洪與環境保育的基礎上，為航空城奠定穩固的發展根基。C1分標群英大道一段雙色溫路燈。（桃園市航工處提供）跨越國道二號之新建橋梁示意圖。（桃園市航工處提供）C1分標乙工用地現況空拍。（桃園市航工處提供）    ,https://news.ltn.com.tw/news/politics/breakingnews/5588904
神複製！沈伯洋夜市拜票驚見「影分身」 爆笑替代本尊大送粉絲福利,政治,2026/09/28 23:47,沈伯洋再訪內湖737夜市，驚見有民眾撞臉。（圖左翻攝自「一琪晚餐一起吃瓜」，圖右：本報資料照）民進黨台北市長參選人沈伯洋28日晚間再訪內湖737夜市，「洋流」依舊驚人，大批支持者到場應援，非常熱鬧。而今天的拜票行程還出現爆笑一幕，現場竟然出現和沈伯洋撞臉的年輕人，大批網友在直播中看到狂刷一排「雙胞胎」。這位「小沈伯洋」不僅和本尊合影「相認」，還代替被支持者包圍忙不過來的本尊做「殺必死」（源自日語サービス，粉絲福利），笑翻鄉民。主播吳安琪28日帶著節目《一琪晚餐》的團隊，和網紅「四叉貓」劉宇一起到內湖737商圈直播追「洋流」，從畫面中可以看到現場水洩不通，支持者們的熱情隔著螢幕就能明顯感受到。引發網友熱烈討論的是，吳安琪和四叉貓和民眾合照時，轉頭意外捕獲到撞臉沈伯洋的年輕男子，不僅留著一頭和沈伯洋相似的爆炸頭、戴著黑框眼鏡，神韻也出奇地雷同，甚至略帶靦腆的笑容也都像複製貼上。請繼續往下閱讀...而且這位「小沈伯洋」相當外向，被吳安琪Cue到鏡頭前，大方地舉起手對著大家打招呼，非常有參選人的樣。「小沈伯洋」表示，沈伯洋是他的偶像，自己上個月特地為了沈伯洋，去燙了爆炸頭，沈伯洋是他要投的第一個台北市長。說著說著，「小沈伯洋」就高舉手中的「洋流」海報，高喊「沈伯洋」，群眾接著喊「凍蒜」，看到大家捧場，「小沈伯洋」非常開心，跟大家道謝，群眾笑成一團。看到「小沈伯洋」的瞬間，直播聊天室隨即暴動，狂刷「確定這不是雙胞胎嗎？」、「超像！我的天」、「好可愛，這算是小洋流了吧」、「他們是親戚嗎？」、「傳說中的『小沈』？」、「瘦小版沈伯洋」、「影分身之術！」、「這個也好E人」、「首投族投沈伯洋，讚啦」、「這捲毛頭會成為風潮」、「笑的樣子跟本尊一模一樣！」後續有其他網友在Threads上分享，「小沈伯洋」和沈伯洋本尊合影，兩人站在一起真的就像一個模子刻出來；更好笑的是，其他支持者也輪流找「小沈伯洋」拍手、合照，鄉民們看到後紛紛笑稱，「笑死，正的那邊擠不進去！這邊加減也好啦！」、「本人忙不過來啦，山寨的幫忙做殺必死，好可愛」、「沈伯洋也要有多重宇宙了嗎」、「明天可以幫忙跑行程了」、「真的好像失散多年的弟弟啊」。沈伯洋再訪內湖737夜市，驚見有民眾撞臉。（圖翻攝自「一琪晚餐一起吃瓜」）沈伯洋再訪內湖737夜市，驚見有民眾撞臉。（圖左翻攝自「一琪晚餐一起吃瓜」，圖右：本報資料照）沈伯洋28日再訪內湖737夜市。（記者田裕華攝）沈伯洋再訪內湖737夜市，驚見有民眾撞臉。（圖翻攝自「一琪晚餐一起吃瓜」）    ,https://news.ltn.com.tw/news/politics/breakingnews/5588883
視察屏東漁業適逢教師節 卓榮泰：謝謝全國老師為台灣作育英才,政治,2026/09/28 23:24,行政院長卓榮泰今天到屏東了解建設時，特別向教師致敬。（記者陳彥廷攝）今天教師節全國放假1天，今天是誰通過放假的竟也成為政治攻防，行政院長卓榮泰今天走訪屏東視察漁業相關建設時，就特別向全國教師致謝，強調要謝謝全國教師長期為台灣作育英才、百年樹人。卓榮泰今天到屏東了解養殖漁業的海水供應站興設及枋寮漁港擴建案，由於適逢教師節，卓榮泰就特別在致詞尾聲向全國教師表達「謝謝你們的辛苦！」請繼續往下閱讀...卓榮泰指出，大家都記得要放中秋節，卻不記得教師節，但我們要尊師重道，更要感謝老師，因此他在這裡，要和縣長周春米及立委蘇清泉、鍾佳濱、莊瑞雄及徐富癸，一起向全國教師致上崇高敬意，感謝全體教師長期以來為國家「作育英才、百年樹人」的辛勞付出，為台灣培育出優秀的下一代人才。    ,https://news.ltn.com.tw/news/politics/breakingnews/5588889
桃園航空城40公頃IC載板專區 黃世杰質疑產業定位 張善政邀里長釋疑,政治,2026/09/28 22:59,民進黨桃園市長參選人黃世杰質疑，市府推動高階IC載板府卻未提出完整環境配套，也未與地方溝通。（記者李容萍攝）國民黨桃園市長張善政日前宣布，市政府規劃在航空城產業專用區第一期設置40公頃「高階IC載板專區」。（記者李容萍攝）國民黨拚連任的桃園市長張善政日前宣布，規劃在桃園航空城產業專區第一期設置40公頃高階IC載板專區，未來視需求可擴大至近100公頃。民進黨桃園市長參選人黃世杰質疑，航空城原以「低污染、低耗能、低耗水、高附加價值」的「三低一高」為產業定位，如今推動高階IC載板，市府卻未提出完整環境配套、未與地方溝通，近日才找來大園區里長進府說明，張善政應為違背承諾在先，還欲摸頭、再次欺騙大園人道歉。黃世杰表示，近期接獲不少大園居民陳情，對載板專區設置感到焦慮與不滿，認為張善政為了選舉急於拋出產業議題。黃說，PCB（印刷電路板）雖是高科技供應鏈重要一環，但產業發展不能建立在犧牲居民生活品質與環境安全之上，當初航空城產業規劃明確以「三低一高」為核心原則，但PCB製造涉及較高的用電、用水及污水處理需求，張善政如今強推載板專區，卻未提出具體的廢水處理、污染防治及綠能措施，甚至缺乏與在地居民充分溝通，在「零配套、零溝通」下貿然定調，地方難以接受。對此，市府反駁黃世杰仍以過去傳統PCB產業的污染印象看待高階IC載板，張善政在中秋連假前邀集大園多位里長進府座談，針對地方關切的環境議題說明。據與會人士轉述，地方對大園發展高附加價值產業方向並不排斥，但過去PCB產業留下的污染印象，仍讓居民關注環境風險，因此希望市府提出具體科學數據。市府官員強調，桃園是台灣PCB產業重鎮，新一代工廠對環境影響已大幅降低，設置專區正是為集中管理水、電及廢水處理，行政院航空城專案小組已針對載板專區用水需求建立跨部會協調機制，市府也已與台灣電路板協會、景碩、欣興、金像電等業者洽談，預計10月簽署合作備忘錄，並非「零配套」。未來正式招商及開發前，也會在地方舉辦說明會。包括用電將協助業者向台電申請161kV特高壓電力，並協調新變電所建設；用水則將透過中央跨部會機制，分階段調度自來水、再生水及海淡水，並評估八里污水處理廠再生水利用計畫等逐項說明。對於市府強調高階IC載板製程技術已進步，黃世杰認為，問題並非反對PCB或高科技產業，而是要求市府先把環境安全及居民權益說清楚。他要求市府針對用水、用電、廢水處理、污染防治及環境監測提出具體數據，讓地方了解專區可能帶來的影響。桃園市政府規劃在航空城產業專用區第一期設置40公頃「高階IC載板專區」。（圖由桃園市政府提供）    ,https://news.ltn.com.tw/news/politics/breakingnews/5588880
蘇巧慧與蘇貞昌同台了！民進黨新北黨部39週年慶 尤清大讚她是新時代最好市長,政治,2026/09/28 22:54,民進黨新北市長參選人蘇巧慧（中）與前台北縣長尤清（右）合影。（蘇巧慧競辦提供）民進黨新北市長參選人、新北市黨部主委蘇巧慧今與父親蘇貞昌同台出席「新北市黨部39週年慶暨資深黨員聯誼餐會」，資深黨員聯誼會主委、前台北縣長尤清大讚蘇巧慧是「新時代最好的新北市長」，尤讚賞蘇巧慧擔任主委任內，不僅照顧第一線黨工同仁，更重視資深黨員權益，她參選8百多天以來，更帶領新北隊29區小雞全力衝刺，如今已是「最強新北隊」，他盼蘇巧慧帶領新北隊持續前進，讓新北市迎接新時代。今天餐會由新北市黨部資深黨員聯誼會主辦，蘇巧慧在現場向每位資深黨員致上最深的謝意，她感謝眾人不畏艱困，為台灣推開民主大門，現在她不只要帶領年輕一代向前衝，更要和前輩們攜手共進，團結跨世代，一起迎接新時代。請繼續往下閱讀...蘇巧慧表示，從正式參選以來800多天，她和新北隊的議員、議員參選人不只深入基層，勤走新北29區的大街小巷，更率先共同提出不分族群、不分世代新北市民的照顧政見，包括針對65歲以上長輩裝假牙最高補助5萬元，同時升級敬老卡，不只每月提高到一千點，更擴大使用範圍，讓敬老卡可搭公車，也可買東西。蘇巧慧也提出擴大臨時托育量能，開辦夜間托育，打造查詢平台，並提供育兒友善企業最高一百萬元獎勵金，讓政府、企業共同分擔家庭的育兒壓力。她說，「減輕照顧壓力、照顧長輩福利」，就是未來市府團隊最重要的目標之一。她說，感謝資深黨員在民進黨草創初期就站出來，推動台灣民主前進，台灣也因為有眾人的堅持，才有今天台灣人引以為傲的多元、民主、自由的社會，「我需要各位把一路走來的經驗教給我們，把各位累積幾十年的人情和信任借給新北隊。」她強調，新北時代不只年輕人要打前鋒向前衝，她更需要前輩的經驗和指導，團結跨世代的力量，帶領新北市迎接新時代。民進黨新北市長參選人蘇巧慧（第3排右四）今與父親蘇貞昌（第2排右五）、前台北縣長尤清（第2排右4）今出席新北市黨部39週年慶活動。（蘇巧慧競辦提供）民進黨「新北隊」合影。（蘇巧慧競辦提供）    ,https://news.ltn.com.tw/news/politics/breakingnews/5588884
沈伯洋再訪內湖737夜市！蔣萬安後援會也尬場 超冷清畫面曝光,政治,2026/09/28 22:48,737夜市可以看到蔣萬安後援會和洋流同場對壘，形成鮮明對比。（圖翻攝自周軒臉書）民進黨台北市長參選人沈伯洋今（28日）晚再訪內湖737夜市，「洋流」持續發威，塞爆夜市和周邊地區，沒有想到現任市長蔣萬安的後援會團隊也來「尬場」，擺出蔣萬安的應援小物，結果超冷清，畫面曝光引發討論。沈伯洋今晚7點半再次來到內湖737夜市掃街拜票，7點還沒到就有粗估數百名支持者包圍鄰近巷弄內的港富公園，甚至有人早在5點半就抵達現場踩點守候。待沈伯洋一行人現身，全場熱情爆發，高喊當選口號。請繼續往下閱讀...政治工作者周軒PO出影片，隔著螢幕就能明顯感受到洋流的激情。此外，周軒還曬出蔣萬安後援會團隊也在737夜市擺出應援小物，但門可羅雀，與外頭的「洋流」形成鮮明對比。網友紛紛表示，「可憐啊！國民黨居然敗市」、「空安根本自取其辱」、「郭萬安都不來幫忙，讓基層被洗臉」、「潦潦（寥寥）無幾，攏無人」、「不是說洋流是假的嗎，為什麼要來蹭『夜市的人潮』」、「空安還躺著嗎？」、「自曝其短」、「也太好笑了，沒人要！」    ,https://news.ltn.com.tw/news/politics/breakingnews/5588768
逛夜市倦容比讚反差畫面曝！沈伯洋回神驚覺「落勾」急調頭道歉,政治,2026/09/28 22:43,民進黨台北市長參選人沈伯洋，為掃街「落勾」向老闆致歉。（記者董冠怡攝）民進黨籍台北市長參選人沈伯洋今晚7點半抵達內湖區港富公園、前進七三七夜市，截至晚上10點15分，掃街行程持續進行中，沈回程途經果汁店時，雖然大拇指比讚，但已露出一臉倦容，形成強烈對比，甚至累到錯過炒飯攤位，直到團隊連聲呼喚，才回神發現自己「有落勾」，趕緊調頭快步走向老闆握緊雙手致歉，用意志力撐到最後。現場觀察，七三七巷兩邊大約各100至150公尺，沈伯洋光是單邊就走了54分鐘，走完已是10點20分，不少洋流支持者從頭跟到尾表達相挺的決心。今晚的盛況，連住在港墘站周邊40多年的居民都直呼，沒看過這麼大陣仗，並以「比跨年還誇張」形容，嘆為觀止。請繼續往下閱讀...沿途不少逛夜市的民眾交頭接耳，討論「港湖超藍欸！」人潮竟然多到「需要打電話找走散的同行家人」、「我好像不小心看到沈了」的程度，並指「對蔣萬安沒期待，但對沈伯洋有期待」、「蔣萬安做太爛逼出非政治狂熱者」；另有個子較高的熱心民眾，幫身形嬌小的長者拿手機拍照，以及互相提醒車子要過注意安全，相當暖心。沈伯洋一臉倦容比讚。（記者董冠怡攝）    ,https://news.ltn.com.tw/news/politics/breakingnews/5588887
「洋流」旋風！沈伯洋Threads粉絲破64萬直逼蔡英文 躋身政壇第二,政治,2026/09/28 22:34,沈伯洋在Threads上的粉絲暴增20多萬人，目前已躋身台灣政治人物追蹤數第2名，僅次於前總統蔡英文。（圖翻攝自沈伯洋Threads）民進黨台北市長參選人沈伯洋近期勢頭驚人，「洋流」相關話題受到各界熱議。有網友發現，沈伯洋在完全不被看好的情況下投入選舉，一直到「洋流」一詞全面發酵，沈伯洋如今在Threads上的粉絲暴增20多萬人，目前已躋身台灣政治人物追蹤數第2名，僅次於前總統蔡英文。「洋流」一詞最早出現在今年8月18日，當時沈伯洋到寧夏夜市掃街拜票，現場支持者自發製作寫有「洋流」的橘色海報，在網上掀起討論，支持者紛紛敲碗取得方式。而沈伯洋的團隊也覺得粉絲喊出的「洋流」相當有創意，8月20日官方公布首支形象影片，沈伯洋本人喊出「讓『洋流』進入北市府」，將這股支持者的名號化為官方競選口號。請繼續往下閱讀...後續沈伯洋積極走進異溫層，先後接受平秀琳、王偉忠、李四端等過去普遍被認為親藍的媒體人專訪，大批網友看完之後直呼驚艷。真正讓沈伯洋「破圈」爆紅的當屬「綜藝教父」王偉忠的訪問，影片上架至今過去2週，已累積逾341萬人次觀看，藍營有不少人更因此指責王偉忠是「洋流」擴散的「幫兇」。本月24日李四端專訪沈伯洋的影片，短短4天過去已有142萬人次觀看；最先邀訪沈伯洋的平秀琳，影片也有破20萬人次瀏覽。有網友今天（28日）心血來潮去看看台灣知名政治人物在「現象級主流社群平台」Threads上的粉絲數，發現沈伯洋投入台北市長選舉到現在，粉絲數超過64萬人，短短3個月內暴增超過20萬人，一躍成為第二名，而且近期版面瀏覽次數竟高達5611萬次。第一名的政治人物為蔡英文，粉絲數137.9萬；第三名為現任總統賴清德，粉絲數63萬；原本第二名的民眾黨創黨主席柯文哲掉到第四名，粉絲數61萬。至於蔣萬安，目前在Threads上的粉絲為8.8萬人。     在 Threads 查看蔣萬安目前在Threads上的粉絲為8.8萬人。（圖翻攝自蔣萬安Threads）    ,https://news.ltn.com.tw/news/politics/breakingnews/5588803
出席同濟會中和會活動 李四川：以捷運建設、加速都更帶動地方發展,政治,2026/09/28 22:12,國民黨新北市長參選人李四川（左邊淺藍襯衫戴眼鏡）今出席國際同濟會台灣總會中和會活動。（李四川競辦提供）國民黨新北市長參選人李四川今晚出席國際同濟會台灣總會中和會第40、41屆會長交接暨理監事就職典禮，現場「凍蒜」聲不斷。李四川表示，未來若擔任市長，他將以42年工程與行政經驗奉獻給中和、新北，加速推動中和光復線延伸、老舊社區翻新，為市民打造更優質的生活環境。李四川今與立委張智倫、新北市議員金瑞龍、陳錦錠一同出席活動，現任會長梁貴棻、接任會長蕭雅慧與鄉親熱烈歡迎，恰逢同濟會舉辦慶生會，李四川也獻唱生日歌，為壽星送上祝福，壽星們祝李四川「心想事成」，年底帶領市府團隊開創新局。請繼續往下閱讀...李四川表示，中和發展成熟、地狹人稠，老舊社區轉型刻不容緩，「加速都市更新」是居住安全的重中之重，他已提出「都更5夠力」政策，將成立府級「都更推動委員會」，並親自擔任召集人，整合各局處協調，加快行政效率，先前他也到立法院與數十位跨黨派立委交流，期盼協助鬆綁法令，獲得高度支持，未來他將持續透過簡政便民措施與政策誘因，公私協力加速老舊社區翻新。李四川重申「軌道建設123」政見，他已與台北市長蔣萬安達成高度共識，未來將把中和光復線列為優先推進的重大軌道工程，全面提升中和居民的跨區通勤效率、讓在地生活機能再升級。國民黨新北市長參選人李四川（左）與民眾自拍。（李四川競辦提供）國民黨新北市長參選人李四川（後排中）逐桌敬酒、合影。（李四川競辦提供）    ,https://news.ltn.com.tw/news/politics/breakingnews/5588842
蘇巧慧稱未反對教師節放假 江怡臻：若三讀版本有問題為何沒提方案,政治,2026/09/28 21:58,民進黨新北市長參選人蘇巧慧（右）說，她從未反對教師節放假；對手李四川競辦主任江怡臻（左）質疑蘇當時為何沒提出她認可的放假方案？（資料照，記者黃政嘉攝）今天教師節全國放假1天，國民黨新北市長參選人李四川競辦指，民進黨新北市長參選人蘇巧慧去年在立法院對教師節放假投反對票。蘇巧慧今說，她從未反對教師節放假，當時只是認為國家節日與紀念日應從整體價值、歷史脈絡共同思考；李四川競辦主任江怡臻質疑，蘇若認為三讀版本有問題，當時為何沒提出她認可的放假方案，難道跟著黨意投票，比向市民說明自己的主張更重要？「妳後悔投反對了嗎？」蘇巧慧今出席桃園「新北詹姓宗親後援會」成立大會，針對教師節放假議題受訪表示，從過去不管是在委員會的發言，或者是社群發文，她從來都沒有反對過增加國定假日，也沒有反對過教師節要放假，她只是認為在討論國家的節日、紀念日的時候，應該要從國家整體價值脈絡一起來思考，整個國家的思想概念，未來傳遞的價值，才有整體感，這是當時在討論法案的狀況。請繼續往下閱讀...江怡臻指出，蘇巧慧好意思只用「整體考量」帶過去年的反對票？這和她談「財劃法」時，說自己支持增加地方財源、只是反對修法版本，幾乎是同一套回應。她表示，蘇巧慧若認為三讀版本有問題，當時為什麼沒有提出她認可的放假方案，讓大家知道她主張怎麼修？最後大家看到的，只有她投下反對票。「難道跟著黨意投票，比向市民說明自己的主張更重要？」江怡臻說，蘇巧慧又說節日要綜合考量，那麼一年考量之後，哪些假不該放？教師節如果該放，那勞動節、光復節、行憲紀念日，小年夜，哪些假是不該放的？「不然，妳後悔投反對了嗎？」    ,https://news.ltn.com.tw/news/politics/breakingnews/5588832
返新竹力挺陳岫玫 柯文哲：給台灣新政治機會,政治,2026/09/28 21:53,民眾黨竹縣湖口選區議員參選人陳岫玫（前右）從「阿北」手中接過戰旗猛力揮舞，爭取旗開得勝。（記者黃美珠攝）民眾黨竹縣湖口選區議員參選人陳岫玫今天下午成立服務處，創黨主席「阿北」、新竹黨部主委邱臣遠等連袂到場慶賀。「阿北」說，陳岫玫出身公務人員，當年因為反生命紀念園區設在湖口而踏入公共事務領域，湖口這幾十年來也拜竹科人口外溢之賜而城鄉環境大大改變，他呼籲鄉親，這種外溢效應要擴及政治、文化，力挺陳岫玫，就是給台灣新政治機會，也給新竹縣議會新的希望。阿北說，台灣的政治到底需要什麼樣的面貌？他總用「正常就好」來回答。因為他常想，台灣人沒有比新加坡人笨，也沒有比新加坡人怠惰，可是為什麼台灣跟新加坡還有一段差距？就是我們做了太多的內耗。所以台灣只要正常發展，就能超越新加坡。從湖口出來的陳岫玫可以是新政治進入縣議會的火種，不要讓政治永遠停留在藍、綠2黨統獨爭議的泥沼裡。請繼續往下閱讀...邱臣遠說，陳岫玫服務過3個不同領域的行政機關。作為代議士要懂法規、會看預算書、還得懂相關行政協調，陳岫玫就是最好的選擇。而從她當年在反生命園區上的努力，可以看到她對公共事務的投入和熱情，是民眾黨負責任推薦給湖口鄉親的最佳議員人選。今天柯文哲親自替陳岫玫披上競選綵帶、授戰旗，邱臣遠則送她好彩頭，湖口陳姓宗親大老、前國民黨籍縣議員陳德木祝她「包中」。國民黨縣長參選人徐欣瑩的秘書邱寶爐和翁鳳嬌，以及無黨籍湖口鄉長參選人陳美仁等都到場替她加油。民眾黨新竹黨主委、竹北市長參選人邱臣遠，致贈好彩頭給該黨縣議員參選人陳岫玫。（記者黃美珠攝）新竹縣湖口陳姓宗親大老、前國民黨縣議員陳德木（左）送上粽子，祝陳岫玫「包中」縣議員。（記者黃美珠攝）無黨籍新竹縣湖口鄉長參選人陳美仁（右），高舉民眾黨縣議員參選人陳岫玫（左）的手，預祝2人都成功，各自在公所和議會合力為地方打拚。（記者黃美珠攝）    ,https://news.ltn.com.tw/news/politics/breakingnews/5588755
罕見！張國威金門縣長選舉服務處成立 2競爭對手到場打氣,政治,2026/09/28 21:49,金門縣長參選人張國威（左）成立金沙競選服務處，另名縣長參選人黃世團（右）到場添人氣。（記者吳正庭攝）金門縣長選舉7搶1，無黨籍縣長參選人張國威今天打出「微風吹起、金門有望」主題，在金沙鎮成立第1個競選服務處；另2名無黨籍縣長參選人黃世團、梁文韜不約而同出現，3人有共同理念，但「同台未同框」，彼此揖讓而升，展現良好風度，為金門選風樹立標竿。觀光特色餐廳「光華園」主人張國威出身金沙鎮青嶼村，將第一個競選服務處設在金沙鎮；平日廣結善緣的他，除了縣議員張雲量、王秀玉，金沙鎮長吳有家、金沙鎮民代表會主席周水土、代表黃奕焮等人在造勢大會加油；適逢教師節，分別在台灣藝術大學執教過的黃世團、成功大學政治系授課的梁文韜也不請自來。張國威說，黃、梁兩位參選人，講起來都是他的對手，但大家擁有共同的理念，要做相同的事，邀請兩位上台講話；3人雖近在身邊但未同框，都為金門加油。請繼續往下閱讀...黃世團說，他把選戰輸贏放兩邊，金門的好、壞放中間，他向選民喊話，要為金門服務，改變金門現況，並期盼鄉親好好思考，由誰擔任縣長最合適。原籍香港的梁文韜說，越多人出來選，象徵金門越有希望，因為大家覺得金門不能再空轉，需要改變；儘管大家有不同看法，可以集思廣益，監督政府，給金門新的希望、格局，一起扭轉金門逐漸被變緣化的趨勢，重新走上金門人驕傲的一條路。張國威也以二毛租車及旅行社經營得有聲有色為例，強調「只要想做，一定做到最好」，未來如果主政金門，保證把金門的旅遊發展成最有名的「國際旅遊島」。張國威表示，「微風吹起，金門有望」代表的不只是競選團隊的啟動，也希望從這天開始，讓選舉多一點對話、多一點政策，也多一點彼此尊重。接下來，團隊將走入不同村里，透過服務據點與地方交流，聽見更多聲音，把來自生活現場的問題帶進公共討論。吳有家說，100年難得一見，金沙鎮終於有張國威、黃世團要選縣長；現場也有鄉親高喊「金沙人選金沙人當縣長、當選啦！」氣氛熱絡。金門縣長參選人張國威（左）成立金沙競選服務處，另名縣長參選人梁文韜（右）也到場為張打氣。（記者吳正庭攝）金沙鎮長吳有家（左）說金沙鎮百年來難得有人參選金門縣長，預祝張國威（右）高票當選。（記者吳正庭攝）金門縣長參選人張國威（前排左4）成立金沙競選服務處，支持者在現場高喊「當選」，氣氛熱絡。（記者吳正庭攝）    ,https://news.ltn.com.tw/news/politics/breakingnews/5588805
立院明表決下屆監委人事 知情人士：被封殺將是監院、人民雙輸,政治,2026/09/28 21:41,監察院。（資料照）立法院新會期明（29日）開議，院會將表決第7屆監察委員人事同意案，由於前屆監委已卸任兩個月，若本次人事同意案最終未能順利通過，監察院將再次面臨漫長的人事空窗期。知情人士透露，若監委空缺時間持續拉長，將直接導致監察院各項核心職權運作卡關，最終受傷害的仍是廣大人民權益。知情人士指出，監察院的核心職權均由憲法授權並經立法院立法賦予，旨在監督政府施政與保障人權。一旦缺乏監委，包括對官員違失的「彈劾權」、對機關濫權的「糾正權」以及要求即刻處置的「糾舉權」等，皆無法做出最終處置。即使民眾陳情官員操守違失或權益受損，監察院在沒有監委的情況下，也無法對違失官員或機關做出實質處分。請繼續往下閱讀...除了監察權無法運作，相關法案的執行也將陷入停擺。知情人士表示，包含人權委員會的運作，以及外界關注的陽光法案（如「政治獻金法」、「公職人員財產申報法」及利益衝突迴避法等），其違失處分與罰鍰裁決均需由監委決定。若無監委核定，相關違法行為的裁罰與監管將全數無法執行，嚴重影響陽光政治的落實。針對外界先前質疑「沒有監委期間，基層公務員是否能自行調查」的疑慮，知情人士澄清，監察院內部標準作業程序（SOP）非常清晰且依法行政，在監委空缺期間，基層同仁僅能基於職責進行先期的陳情資料收集與延續性資料整理。基層人員絕無權力代替監委做任何行政處分，更不可能「越俎代庖」。知情人士強調，先期的資料整理並不等於最終決策，所有案件是否需要進一步查處、最終的裁罰處分以及完成司法程序後的確定公告，全數必須由監委親自審視並做出決定，盼立院能通過監委人事同意案，使監院有效發揮監察權，確實監督政府並保障民權。    ,https://news.ltn.com.tw/news/politics/breakingnews/5588835
「不會問A答B」！ 卓榮泰拍板43億元 屏東打造全國最大海水供應站,政治,2026/09/28 21:32,行政院長卓榮泰與屏東縣長周春米、地方民代了解海水供水站工程進度。（記者陳彥廷攝）屏東縣是養殖漁業大縣，其中以佳冬下埔頭、枋寮大庄及東海的跨鄉生產區更是重中之重，為提升海水供水穩定，屏縣府爭取新設海水供應站，行政院長卓榮泰今天到枋寮海鷗公園旁參訪工程進度，直接說「我們不會問A答B，是直接A、B、C全部給」，當場宣布將再投入43億元進行養殖漁業及漁港的建設。卓榮泰今天下午偕同農業部、漁業署，在屏東縣長周春米及立委鍾佳濱、徐富癸、莊瑞雄及蘇清泉的陪同下，先前往枋寮海鷗公園視察「屏東縣下埔頭、大庄及東海養殖生產區海水供水系統」建設進度，展現中央對屏東漁業發展的重視。請繼續往下閱讀...卓榮泰致詞時表示，屏縣府近年積極推動海水供水系統為養殖業轉型，多年前的塭豐海水供水站已有良好的經營經驗，未來將延續到這個供水站作為供應穩定水源、提升養殖高值化的核心角色。未來大庄、東海及下埔頭的養殖生產區，將可獲供水達377公頃，建置海水取水管、供水站、管理中心及輸配水管線。在屏東縣長周春米與漁業署努力下，目前已核定疫後特別預算17.78億元，興設供水站及A區（下埔頭）工程進度約33%，其中取水管已達近99%，11月可望完工。不過，B、C區仍有16.67億元缺口，卓榮泰今天視察後，強調養殖環境做得更好、供水更穩定，養殖漁產品就可以往高價值、高質化做更多發展，也不怕受到天候影響。穩定且便利的供水是屏東沿海漁民期待已久的需求，他當場核定B、C區工程款達16.67億元，獲得滿堂彩。「我們不會問A答B，直接ABC通通給」，卓榮泰強調，透過建設全國規模最大的海水供應站，支持A、B、C三區同步推動，將進一步完善屏東沿海地區養殖供水系統，提供更穩定、便捷的養殖用水環境。他相信，一個現代化的海水供應站可以改變今後產業的結構，並為養殖漁民帶來更穩定的收入。行政院長卓榮泰（右二）與屏東縣長周春米（中）和地方民代了解海水供水站工程進度。（記者陳彥廷攝）    ,https://news.ltn.com.tw/news/politics/breakingnews/5588810
內湖居民驚呼前所未見 沈伯洋夜市拜票帶動「洋流」買氣,政治,2026/09/28 21:19,台北市長參選人沈伯洋今晚到內湖737夜市掃街，現場人潮擠爆。（記者田裕華攝）民進黨台北市長參選人沈伯洋今（28日）與議員何孟樺、王孝維、李建昌及參選人高嘉瑜、陳又新等人三度前往內湖737夜市掃拜票。洋流」聚集，人潮眾多，團隊與志工呼籲支持民眾莫拉手，擊掌就好，也提醒大家須注意安全；還溫馨提醒前方有輪椅，請大家讓出通道。支持者在網路留言：「內湖每天上班就是這裡最塞，火氣超大！」更提到台北人「悶太久了」，才會蜂擁而出。居民感嘆，住在內湖這麼久，第一次看到家門外有這麼大量的人潮。大家也笑說，連假最後一天這麼開心，真的有在收心嗎？請繼續往下閱讀...沈伯洋也帶動在地消費經濟，凡簽名或是吃過的攤位，皆有民眾在threads上問清單，更會發出試吃心得。支持者也呼籲：「​​幫忙買爆店家，讓他們提早收攤！」沈這次在內湖737夜市除在香腸、豆乳雞攤位簽名，也吃到烤玉米等美食。     在 Threads 查看「洋流」支持者從港富公園外溢到737巷。（記者董冠怡攝）台北市長參選人沈伯洋內湖737夜市掃街現場人潮擠爆。（記者田裕華攝）台北市長參選人沈伯洋今晚到內湖737夜市掃街，並與現場支持民眾合影。（記者田裕華攝）台北市長參選人沈伯洋今晚到內湖737夜市掃街，並與現場支持民眾合影。（記者田裕華攝）    ,https://news.ltn.com.tw/news/politics/breakingnews/5588830
洋流萬頭攢動塞爆內湖夜市 攜家帶眷盼子拿沈伯洋市長獎狀,政治,2026/09/28 21:12,洋流支持者從港富公園外溢到737巷。（記者董冠怡攝）民進黨籍台北市長參選人沈伯洋今晚二訪內湖737夜市，大約7點半抵達港富公園，跟支持者致意後接受媒體聯訪、合影簽名至8點半仍未開始掃夜市，人潮從巷弄內公園外溢至737巷，很有秩序地站在兩側，讓出通道方便行人通行，一搭一唱、齊聲呼喊「我們的市長沈伯洋！」助陣，還有人喊到破音，圍觀群眾直呼，「以後還是封街好了！」稍早合照過程中，不時可見攜家帶眷排隊與沈伯洋合影，也有媽媽直接跟沈伯洋說，希望孩子未來市長獎的獎狀上，署名的是沈伯洋市長，現場群眾聞訊喊讚，「沈伯洋凍蒜！」由於港富公園人潮眾多，有附近住戶選擇從2樓或3樓住家開窗揮手，沈打趣說，「團隊一直叫我看遠方，還以為是叫我看圓月，原來是跟洋流打招呼。」請繼續往下閱讀...記者大約8點21分從港富公園穿過巷弄到737巷口，未料人潮太過踴躍，沈伯洋一行人走了10至15分鐘還走不出來，民眾直呼「瘋掉！瘋掉！」也有人嫌吵、擠到呼吸不順、萬頭攢動看不見沈伯洋；沈在8點36分終於穿過「洋流」抵達第1家店。    ,https://news.ltn.com.tw/news/politics/breakingnews/5588811
北市府發言團隊再異動！副發言人葉向媛請辭 前主播陳思錡接任,政治,2026/09/28 20:59,台北市政府觀傳局機要秘書陳思錡，接任副發言人。（資料照，截自陳思錡IG）年底九合一選舉倒數兩個月，台北市府發言團隊繼前發言人李政軒請辭，再度出現異動。台北市政府表示，副發言人葉向媛因個人生涯規劃，已請辭獲准，由觀傳局機要秘書陳思錡接任副發言人。市府說，陳思錡畢業於輔仁大學新聞學系，曾任年代與壹電視的政治記者及主播，亦曾參與節目製作，熟悉媒體事務與新聞溝通。請繼續往下閱讀...市府表示，陳思錡任職觀傳局期間，協助推動臺北市演唱會應援等多項大型活動。未來將參與市政宣傳及社群行銷規劃，並以副發言人角色，持續協助強化市政溝通。    ,https://news.ltn.com.tw/news/politics/breakingnews/5588794
魏平政端牛肉 力推1鄉鎮1失智日照中心,政治,2026/09/28 20:59,國民黨彰化縣長參選人魏平政表示，他當選後將力推一鄉鎮一失智日照中心。（記者劉曉欣攝）國民黨彰化縣長參選人魏平政今天（28日）推出「幸福長青服務」政見，他表示，彰化縣已進入超高齡社會，全縣失智人口超過2萬人，因此，他當選後將推動「一鄉鎮一公立優質失智日照中心」，盤點公有閒置空間，讓失智照顧可以就近、就地就獲得最好的安排，也讓子女可以放心工作。魏平政指出，彰化縣65歲以上人口已超過20萬人，其中，失智者就有超過2萬人，在縣長王惠美的8年努力下，在各地打造日照中心。因此，他認為應該加入「一鄉鎮一公立優質失智日照中心」，擴大老人照護的量能，並針對失智照護提供更完善的服務。請繼續往下閱讀...魏平政強調，當彰化進入超高齡社會，「高齡守護」就是列為施政優先，現有的日照中心或是照護據點，也有針對失智者提供照護服務，但是名額有限。因此，他認為應該全面擴大，讓26鄉鎮市都有失智日照中心。除此之外，魏平政表示，他也提出「村村有送餐」讓長者安心在家用餐、「預約制幸福小黃」讓接駁可以更多元，並讓65歲以上長者健保費免負擔，也將積極向中央爭取將老農津貼調升到每月1.2萬元，打造完整的長者照護網。國民黨彰化縣長參選人魏平政（左）推出「幸福長青服務」政見，國民黨彰化市長參選人陳文賓競選團隊總幹事李世傑（右）指出在長青福利將會縣市合作。（記者劉曉欣攝）    ,https://news.ltn.com.tw/news/politics/breakingnews/5588809
李四川衝八里區連拜8宮廟 傾聽基層聲音,政治,2026/09/28 20:51,李四川（右1）今赴八里區參拜8間在地廟宇，與鄉親合影互動。（圖由李四川競辦提供）國民黨新北市長參選人李四川今赴八里區參拜8間在地廟宇，為新北市及市民祈福，受到廟方及鄉親熱烈歡迎，李四川表示，未來若擔任市長，他將持續前進第一線、傾聽民意，積極推動各項建設，並將落實八里的觀光、教育、交通等政見，讓八里發展得更好，帶動地方繁榮與市民生活品質提升。李四川今天先後前往南嶽宮、廖添丁廟、龜馬山紫皇天乙真慶宮、西龍巖、無極宮、代天府奉天宮、五福宮、開台天后宮參拜，並與廟方及鄉親交流互動，眾多鄉親主動上前與李四川握手、合影，有人高喊「市長好」，也有人請李四川在衣服上簽名，新北市議員蔡錦賢、陳偉杰、陳家琪、新北市議員參選人呂鈞鴻、前八里鄉長柯慶長及八里區里長聯誼會長、訊塘里長張金貴等人一同出席，互動熱絡。請繼續往下閱讀...李四川到無極宮參拜時，主委陳文果稱讚他過去政績有目共睹，他與陳文果一同眺望淡水河風景，李四川也化身攝影師，用手機紀錄美麗的市容。李四川說，地方信仰中心不僅承載居民的情感與文化記憶，也是凝聚社區的重要力量，他將持續走入地方、聽取基層聲音，深入了解地方需求。李指出，他曾參與處理八里污水廠、山坡地解編等相關事宜，未來擔任市長將持續推動八里建設，他已提出要把「八里東海運動休閒中心」與「八里水上運動中心」串聯起來，打造一座水陸共融運動園區，另也已提出「青春山海線 2.0」，打造濱海自行車道，除了從深澳到貢寮，還要逐步串聯到八里、淡水，打造北台灣最具特色的騎行路線。李四川也承諾，他將接棒新北市長侯友宜，加速推動八里輕軌、八里國中遷校以及興建八里國民運動中心等重大建設，提升在地鄉親生活機能與教育品質。李四川（中間舉手掌者）與民眾擊掌互動。（圖由李四川競辦提供）李四川到無極宮參拜，眺望淡水河風景之餘，也用手機紀錄美景。（圖由李四川競辦提供）    ,https://news.ltn.com.tw/news/politics/breakingnews/5588795
自由爆新聞》「一根甘蔗」看清蔣不如沈伯洋！「洋流」推手竟藏北市府,政治,2026/09/28 20:30,全新的視界！新聞話題不漏接，快訂閱YouTube 【自由追新聞】，記得開啟小鈴鐺哦！    ,https://news.ltn.com.tw/news/politics/breakingnews/5588797
我新設外館鎖定「第一島鏈」！學者點名東南亞這國也有潛力,政治,2026/09/28 20:28,國防院國防戰略與資源研究所所長蘇紫雲認為，第一島鏈絕對能夠成為台灣拓展外交的突破口，台灣有機會透過海巡合作發展「白色艦隊」外交，發展台菲安全合作。（資料照）盤點前總統蔡英文任內及總統賴清德執政後的新設外館地點，蔡政府任內多選擇歐洲國家，賴政府則先後宣布將於美國亞利桑那州鳳凰城及菲律賓南部宿霧新設辦事處，瞄準與台灣同屬第一島鏈的菲律賓。學者認為，第一島鏈絕對能成為台灣拓展外交的突破口，東南亞國家中除了菲律賓外，越南也有深化合作的潛力。成功大學政治系教授王宏仁受訪指出，外館設處主要還是看需求及時機成熟與否，會有蔡、賴政府著重方向不同的現象，主要還是因為考量雙邊需求。其中鳳凰城與投資有關，菲律賓則涉及經濟交流、雙邊互動日趨熱絡、南海安全合作等。請繼續往下閱讀...王宏仁說，因為中菲在南海問題的衝突擴大、美國重視第一島鏈合作，中國加強在南海、台海灰色地帶騷擾等因素，台菲關係近期互動逐漸熱絡。王宏仁直言，中國在東南亞區域著力很深，現在台灣在菲律賓有外交突破，同時也還在其他東南亞國家尋找突破點。事實上，我國在越南也有進行許多非官方的私下接觸，了解到越南雖然表面上希望與中國維持和諧，但也希望能與台灣多接觸，引進台灣的科技、投資，尚缺與台灣強化合作的時機，不排除也有新設辦事處的潛力。國防院國防戰略與資源研究所所長蘇紫雲則指出，這屬於一種全面戰略；當年歐洲在烏俄戰爭後，大幅改善對台關係，如今菲律賓與台灣都明確面對中國灰色地帶的挑戰，強化與菲律賓關係便有了地緣戰略上的需要。且在菲律賓其實能看見台美日合作的影子，尤其是「經濟走廊」部分，讓宿霧辦事處將具備多重的安全、經濟與外交意義。蘇紫雲也認為，第一島鏈絕對能夠成為台灣拓展外交的突破口，台灣有機會透過海巡合作發展「白色艦隊」外交，發展台菲安全合作。他說，宿霧位居菲律賓南部，而菲律賓南部正是蘇祿海與太平洋的連接處，是進入太平洋的要道，因此，台灣在此設立辦事處，也有助於未來其他友盟國家強化菲律賓南部防衛時的聯繫。成功大學政治系教授王宏仁受訪指出，外館設處會有蔡、賴政府著重方向不同的現象，主要還是因為考量雙邊需求。（資料照）    ,https://news.ltn.com.tw/news/politics/breakingnews/5588783
忘帶走「祝福」甘蔗！蔣萬安向福德宮董事長致電道歉,政治,2026/09/28 20:22,蔣萬安獲中庄仔福德宮贈送一根「超多節」的甘蔗，卻爆出蔣萬安把甘蔗忘在現場，引起熱議與批評。（資料照）民進黨台北市長參選人沈伯洋與現台北市長蔣萬安26日皆出席中庄仔福德宮聖誕晚宴，福德宮董事長林春裕分別贈送沈伯洋和蔣萬安甘蔗，卻被爆出蔣萬安把甘蔗忘在現場，引起熱議與批評。北市府方才轉達蔣萬安發言，表示當天因為接著逐桌向鄉親致意，先將董事長致贈的甘蔗交給里長，活動結束後疏忽沒有拿回，真的很不好意思，已經致電向董事長致歉。相對，沈伯洋辦公室將董事長送的甘蔗恭敬地以透明壓克力板供在競選辦公室內，則獲得許多網友好評。請繼續往下閱讀...相關新聞請見︰蔣萬安遭指丟棄廟贈甘蔗 柳采葳轉達里長回應：志工一時疏忽    ,https://news.ltn.com.tw/news/politics/breakingnews/5588792
新聞360》嘉市熱戰藍白合藏困局 王美惠翻轉綠地關鍵,政治,2026/09/28 20:00,全新的視界！新聞話題不漏接，快訂閱YouTube 【自由追新聞】，記得開啟小鈴鐺哦！    ,https://news.ltn.com.tw/news/politics/breakingnews/5588765
不讓老師孤軍奮戰！陳素月拋政見：推教育法律專業支援,政治,2026/09/28 19:50,民進黨彰化縣長參選人陳素月要做教師最大後盾，當選要成立「教育法律專業支援平台」。（陳素月提供）今天是教師節，民進黨彰化縣長參選人陳素月強調要當老師最強的後盾，她當選要成立「教育法律專業支援平台」，無論是親師爭議、霸凌或是濫訴，都由專業團隊依法提供協助，不讓老師一個人孤軍奮戰。陳素月表示，台灣進入少子化時代，每個孩子都是寶，要讓小孩能夠有最好的教育，讓教師有尊嚴的教書，公部門就要為教師、學生打造最好的教育城市。首先，要讓師生都能夠安心上學，安心學習，她當選第一步就是要成立「教育法律專業支援平台」，讓教育現場第一線的教師知道，有法律專業作為老師的靠山，可以安心的教書。請繼續往下閱讀...陳素月也強調，數位時代的教育行政應該大幅減量，讓教育歸教育，行政歸行政，數位化是來協助校務流程簡化，對於流於形式的校務評鑑都要重新檢討，而不是在從網路時代進入數位時代，行政業務量卻持續增加，只有把忙於業務、公文的時間還給教師，讓教師專注在教育上，這才是彰化之福。最後，陳素月指出，許多家長教師都一再爭取的「一校一保全」，只要她當選，就會讓這項校園安全的措施，重新上路，將會把校園安全列為第一優先。陳素月強調，她在立委任內，不只是爭取硬體經費，全面協助老舊校舍、運動場館、操場PU跑道、通學步道、老舊廁所整建，以及支持班班有冷氣的計畫。在教師權益部分，也提案推動代理教師全年聘期，並在自2023年8月1日起全國各縣市正式實施，她會把教育列為施政優先，成為教師的後盾，共同守護孩子的未來。    ,https://news.ltn.com.tw/news/politics/breakingnews/5588737
沈伯洋再訪內湖737 數百洋流包圍港富公園 老大哥全身痠痛也要來挺,政治,2026/09/28 19:47,沈伯洋今晚到內湖737夜市掃街，現場擠滿支持群眾。（記者董冠怡攝）民進黨籍台北市長參選人沈伯洋今天晚上7點半二訪內湖737夜市，7點不到，數百名支持者已經逐步包圍鄰近巷弄內的港富公園，甚至有「洋流」更早、下午5點半就已抵達等待，在地居民的七旬張大哥以「暖男」形容沈伯洋，稱讚他頭腦聰明、為人誠實，就事論事，有別於往年大打烏賊負面選戰，健康選舉，令人欣賞，讓他忍著腰椎術後不適，全身腰痠背痛，也要出門力挺。另有SUP玩家扛著長300多公分、寬80多公分的立式划槳板到場，李先生說，台北人羨慕高雄人擁有安全且合法的水域可以從事SUP水上活動，期許沈伯洋當選市長後，可以開放大湖公園、碧湖公園場地，讓台北市民可以跟高雄人一樣，合法玩SUP，不受罰；他也笑稱，如果能夠成功讓沈伯洋在上面簽名，這可能是沈目前簽過最大的，他要留作紀念。請繼續往下閱讀...港湖議員何孟樺說，有支持者下午2點就來排隊，也有民眾4點來打卡；市議員參選人高嘉瑜號召「內湖、南港的洋流都跑出來了！」買爆737！吃爆737！讓店家打烊時都賣光光、拚經濟好不好？」數百人大喊「好！」SUP玩家帶來立式划槳板要給沈伯洋簽名。（記者董冠怡攝）    ,https://news.ltn.com.tw/news/politics/breakingnews/5588760
同獲福德宮送甘蔗！蔣萬安丟廟旁惹議 沈伯洋高掛競總被讚爆,政治,2026/09/28 19:46,吳思瑤曬出照片，可以看到他們從中庄仔福德宮獲贈的甘蔗被懸掛起來供著。（圖翻攝自吳思瑤Threads）周軒分享林春裕在廟方辦公室內和被丟棄甘蔗同框的畫面。（圖翻攝自周軒臉書）蔣萬安和沈伯洋26日皆出席中庄仔福德宮聖誕晚宴，2人也都獲廟方致贈象徵祝福的甘蔗。（資料照，本報合成）台北市長蔣萬安和民進黨台北市長參選人沈伯洋26日皆出席中山區中庄仔福德宮聖誕晚宴，廟方董事長林春裕給2人贈送甘蔗，雖然送蔣萬安的甘蔗明顯「節數」超多引發外界各種解讀，但檯面上廟方還是有給予蔣萬安祝福。沒有想到今天（28日）爆出蔣萬安當天離開後，直接把獲贈的甘蔗丟在路邊，後來被廟方撿回；而沈伯洋將甘蔗好好放在競總好生「供」著的畫面也被曝光，掀起網友熱議。沈伯洋和蔣萬安前天先後出席中庄仔福德宮「福德正神聖誕千秋晚宴」，沈伯洋先到場時，廟方對他相當禮遇，董座林春裕不諱言直喊「凍蒜」，致詞時還說：「福德宮開宮以來，頭一次有2位市長候選人同場對壘，大家要支持誰？當然是沈伯洋！不過，晚一點蔣萬安也會來，畢竟還在任，要說好話。」而自稱因為行程耽誤，遲到約半小時，避開與沈伯洋碰頭的蔣萬安，上台就被林春裕當眾大酸，當上市長後這3年多來都沒來過中庄仔福德宮，蔣萬安尷尬道歉，稱自己這些年來真的市政繁忙，希望大家能給他機會，繼續為中山區服務。不過林春裕也沒有給蔣萬安太難看，依舊祝福對方連任，未來能夠選總統。受到大家討論的是，廟方分別贈送給沈伯洋和蔣萬安的甘蔗，前者拿到的外觀、節距正常，後者拿到的明顯蔗節繁密，被外界解讀為「節節敗退」、「萬節（劫）不復」。對此，林春裕昨天（27日）受訪時表示，致贈的一對甘蔗前一天拜過天公，當時站在台上，也不曉得誰要遞哪一支，參選人拿到哪一支都是「土地公冥冥之中的安排」，沈伯洋拿到的那支象徵「倒吃甘蔗、苦盡甘來」，蔣萬安的則是祝福現任市長「步步高升選總統」。沒有想到今天竟然爆出，蔣萬安獲贈的甘蔗當天直接被丟棄在廟宇旁，最後由廟方撿回保管，林春裕也證實此事；政治工作者周軒今傍晚還在臉書分享林春裕在廟方辦公室內和被丟棄甘蔗同框的影片。爆料這件事的民進黨立委王定宇透露，自己是在錄製政論節目時得知此事，跟他同場錄影的國民黨議員呂家愷緊急通知蔣萬安團隊，聽說已經派人去把甘蔗拿走了。不過這起誇張情事已讓輿論再次沸騰，名醫杜承哲就跳出來怒轟：「即使找人取回，也可以看出這個團隊漏洞百出！你要丟掉，竟然丟在廟的附近？再其次，丟別的就算了，丟這根辨識度超高的甘蔗？好好收好做不到，丟得乾淨俐落也做不到，這種事情也沒辦法做好，能管理城市喔？」網友們也紛紛撻伐，「沒看過這麼瞎的，整個團隊都廢物」、「做人基本的尊重都做不到」、「超沒風度的」、「Kmt優越啊，覺得我不要就丟，有收就很給你面子了」、「土地公送的都敢丟，真的是天怒人怨」、「家教好不好、人品行不行，從小小的挫折，一點點的蛛絲馬跡，就完全能看出來」、「不管習俗不習俗，人家送的東西這樣亂丟，等等空安會說只是在那裡忘記拿走而已，就這種素質」、「蔣家的家教這樣喔？」、「故意給土地公難看啊！」反觀沈伯洋，當天不只好好將甘蔗帶回去，還在競選辦公室「供」著。沈伯洋競選總幹事吳思瑤傍晚在社群皆貼出照片，可以看到當天廟方致贈的甘蔗被掛了起來，「把宮廟的贈禮直接棄置，對人不敬！對神明更大不敬！我們把中庄仔福德宮林董事長送的甘蔗好好懸掛在競總總部的辦公室。土地公的加持，讓我們一切都更順！」貼文一出馬上被讚爆。相關新聞請見：蔣萬安獲贈甘蔗被棄置廟旁 他爆「廟方撿回」轟極其失禮蔣萬安獲中庄仔福德宮贈送一根「超多節」的甘蔗，今天卻爆出蔣萬安當天離開後，直接把獲贈的甘蔗丟在路邊，後來被廟方撿回。（資料照）    ,https://news.ltn.com.tw/news/politics/breakingnews/5588710
蔣萬安遭指丟棄廟贈甘蔗 柳采葳轉達里長回應：志工一時疏忽,政治,2026/09/28 19:38,台北市長蔣萬安出席中庄仔福德宮聖誕晚宴獲贈的甘蔗疑遭棄置，被廟董林春裕撿回辦公室。（圖擷自周軒臉書）民進黨台北市長參選人沈伯洋與現台北市長蔣萬安26日皆出席中庄仔福德宮聖誕晚宴，福德宮董事長林春裕分別贈送沈伯洋和蔣萬安甘蔗，不過民進黨議員林亮君今（28）表示，蔣萬安疑似將這枝祝福的甘蔗丟棄在廟旁的路邊，引發熱議。該里里長曾國益透過國民黨議員柳采葳轉達，稱是志工一時疏忽忘了帶走，沒有丟在路邊一說。曾國益說，當天市長因為接著要逐桌敬酒，請他協助將甘蔗從舞台上接下來，因此請里辦志工幫忙接手。活動結束後，志工順手將甘蔗帶回餐會座位，後來餐會結束時，一時疏忽忘了帶走因此才留在現場，沒有所謂「丟在路邊」，也親自向董事長表達不好意思。    ,https://news.ltn.com.tw/news/politics/breakingnews/5588751
中秋收假潮》柯文哲坐高鐵變成「站高鐵」 當開了一台「急診刀」,政治,2026/09/28 19:29,柯文哲（中）說今天下午「坐」高鐵回新竹變成「站」高鐵，他就當成是開了一台急診刀，算了。（記者黃美珠攝）中秋暨教師節連假結束，今天的收假潮驚爆高鐵商務艙也被自由座乘客給擠爆，台灣民眾黨創黨主席柯文哲今天中午剛好「躬逢其盛」，他從嘉義趕回竹北，他說自己「坐高鐵變成站高鐵」，還好站的時間還可以忍受，他就把它當成開一台「急診刀」就算了。阿北今天早上先到嘉義市，替黨籍市長參選人張啟楷競選總部成立大會造勢，隨後風塵僕僕趕搭高鐵返回新竹再到湖口，專程替同黨竹縣議員參選人陳岫玫的服務處開張拚人氣，所以被媒體追問實際搭乘收假潮爆滿的高鐵觀感。請繼續往下閱讀...阿北說，面對問題是解決問題的第一步。像這種問題發生了就要想下次該怎麼解決，畢竟連假常常會有這種情形。他直言，今天中午的乘坐體驗，就是「坐高鐵變站高鐵」，還好站的時間還可以忍受，他就把它當做是開一台急診刀就算了。    ,https://news.ltn.com.tw/news/politics/breakingnews/5588723
監院人事案明表決！潘孟安一早將率被提名人拜會立院黨團固票,政治,2026/09/28 19:21,監察院長被提名人陳永興日前呼籲朝野立委理性行使同意權，確保憲政運作。 （資料照）立法院明天將記名投票表決監察院正副院長及監察委員人事同意權案；總統府晚間宣布，府秘書長潘孟安將於明天上午8時30分陪同監察院正副院長、監察委員被提名人赴立法院拜會民進黨團，期盼全體被提名人順利獲得立法院支持與同意，讓監察院人事同意權順利完成，以維繫國家憲法機關正常運作。現任監察委員任期已於今年7月31日屆滿，依規定，新任監察委員應於8月1日就職。賴總統6月間提名前台灣人權促進會長陳永興擔任監察院長、現任監委王榮璋為副院長，另提名台灣基督長老教會玉山神學院講師高天惠Eleng Tjaljimaraw等人擔任監委。請繼續往下閱讀...立法院長韓國瑜7月底召集朝野協商，決定8月6日舉行監察院人事同意權案公聽會，並於8月11日至24日間開5次全院委員會審查，下會期再進行同意權案記名投票表決。    ,https://news.ltn.com.tw/news/politics/breakingnews/5588741
蔣萬安偷改學歷辯稱翻譯問題 知名建築師曬賓大畢業證書狠打臉！,政治,2026/09/28 19:20,台北市長蔣萬安近期爆出一連串爭議。（記者蔡愷恆攝）台北市長蔣萬安近期爭議連環爆，這幾天吵最兇的就是他過去擔任立委時在立法院留存的英文簡歷「校正回歸」，原先「美化過」的學歷被偷偷更改，引發輿論熱議。面對質疑，蔣萬安的團隊竟然怪到前立法院長游錫堃頭上，辯稱是游錫堃在任時委託廠商英文翻譯有誤，讓外界大傻眼。對此，同樣是美國賓夕法尼亞大學校友的知名建築師孫德鴻，在社群分享自己的畢業證書，狠狠打臉蔣萬安團隊的說詞。蔣萬安學經歷最近備受質疑，前幾天更被抓包在立院網站上的簡歷突然修改，學歷標註的「S.J.D.（法學博士）」已被改成「Juris Doctor（J.D.）」。事情敗露後，北市府澄清，蔣萬安擔任立委期間，提供中文學歷資料始終都是正確的「賓夕法尼亞大學法學院法律博士」，是立法院委託廠商英文翻譯有誤。請繼續往下閱讀...而被視為蔣萬安政治心腹、甚至有人嘲諷說是蔣萬安背後「操偶師」的北市研考會主委殷瑋，前天（26日）上政論節目也稱，蔣萬安從一開始就沒想過「偷天換日」，把自己學歷上的「J.D.」故意加個S上去升格成為「S.J.D.」；一旁的媒體人黃揚明聞言就問：「所以是游錫堃搞的？」殷瑋回答：「講白了就是這樣！」這樣的辯詞一出反倒讓質疑聲越來越多，因為美國賓大的畢業證書本身就是英文，若要填寫英文學歷，直接抄寫英文證書即可，如果真的像蔣萬安團隊所說的，那這就是場超級離譜的「英翻英」翻譯錯誤。對此，美國賓大藝術學院（GSFA）建築碩士畢業的孫德鴻，在臉書曬出自己於1991年8月9日拿到的畢業證書，「這是賓大的畢業證書，除了姓名跟學位名稱之外，其餘大多是拉丁文，校方還會附上一張說明，把拉丁文翻譯成英文。返台後如果拿這張證書去登記或申請講師資格，只會有英翻中的問題，不會有中翻英的問題。所以SJD變成JD為何會是中翻英翻錯了？原始文件不是蔣萬安提供的嗎？」網友紛紛留言，「國內的學歷，插隊來的；國外的學歷，詐騙來的」、「很意外嗎？姓氏都偷來的，學歷也是偷來的。假貨康安這次遇到沈這個真貨，結果一項一項被拆穿」、「賓大人發言舉證了」、「騙人家不懂啊！和這樣的人同校實在丟臉」、「他的晶晶體到底怎麼從賓大畢業的？還可以混到JD畢業」、「其實是SB JD啦」、「假博士，沒被發現就裝瞎，被發現了就裝傻」、「說謊要更多的謊來圓！」而莫名其妙背鍋的「水牛伯」游錫堃，昨天（27日）也發文反擊，貼出蔣萬安上回選舉的競選公報上就清清楚楚自稱「博士」，無奈表示自己「躺著也中槍」，強調立法院長並無權限去審查或修改個別立委登記的學歷資料。孫德鴻曬出自己的賓大畢業證書。（圖翻攝自孫德鴻臉書）孫德鴻曬出自己的賓大畢業證書。（圖翻攝自孫德鴻臉書）    ,https://news.ltn.com.tw/news/politics/breakingnews/5588631
曾任7屆市議員、市政顧問顏英男今辭世     堅持建國市場遷至現址的最大功臣,政治,2026/09/28 19:16,前國民黨中市黨部主委林敏霖（左一）、前台中縣長廖了以（右二）登門拜訪前市議員顏英男（左二）。（家屬提供）現任台中市政顧問的前資深議員顏英男28日上午9時51分辭世，享壽88歲，曾連任7屆議員，在2009年市議員選舉不再連任後，仍關心地方事務，消息傳出，眾人相當不捨。顏英男是相當資深的市議員，連任7屆東南區的市議員，問政務實，深耕基層，現任市議員李中便表示，他還未選東南區市議員之前，家人都投票給顏英男，因為顏英男非常熱心服務地方。請繼續往下閱讀...李中表示，當年舊建國市場要遷至現址，當時台糖不接受，因此有人要求遷到他處，但是就在顏英男跟他堅持下，新的建國市場才得以蓋在現址，所以顏英男是最大的功臣。而顏英男在2009年的市議員選舉未再選舉，仍關心地方事務，只要有活動都會出席。日前建國市場舉行遷址10週年活動，88歲的他，還親自出席此一地方盛事，精神矍鑠，很多人看到他都主動向他打招呼。日前，前台中縣長廖了以、前國民黨台中市黨部前主委林敏霖還到顏英男家，頒發國民黨台中市長候選人江啟臣後援總會榮譽副總會長聘書給他，足見顏英男雖退休多年，但在地方仍有影響力。顏英男在今天上午辭世，因地方關係良好，家屬表示，因靈堂設於住家，場地有限，如蒙惠賜花禮，敬請於告別式當日致贈，並由專人統一安排，敬祈體諒。    ,https://news.ltn.com.tw/news/politics/breakingnews/5588739
白營參選人成立服務處  徐欣瑩團隊到場致意  柯文哲：也該發帖給鄭朝方,政治,2026/09/28 19:13,國民黨新竹縣長參選人徐欣瑩湖口秘書邱寶爐（中右）、翁鳳嬌（中左）穿著徐的競選背心，到白營縣議員參選人陳岫玫服務處簽到致意。（記者黃美珠攝）台灣民眾黨新竹縣湖口選區議員參選人陳岫玫今天下午成立服務處，國民黨縣長參選人徐欣瑩的秘書邱寶爐、翁鳳嬌身著競選背心到場致賀，再掀「藍白合」是否有望話題。民眾黨創黨主席柯文哲說，選舉就是要朋友多、敵人少，徐欣瑩派人支持陳岫玫他們當然歡迎，「最好鄭朝方也派人來」、「大家都支持她，這不是很好嗎？」隨後還語帶遺憾地對陳岫玫嘀咕「應該順便發個帖子給鄭朝方的」。外界認為鄭朝方正積極爭取「小草」支持，柯P認為這很正常，鄭朝方的特色就是（政治）光譜很寬，雖是民進黨提名，但他的父親曾是國民黨的縣長。鄭朝方的樣子、style長得又很像民眾黨，高EQ，基本上鄭朝方（的支持者）就是跨藍、綠、白。請繼續往下閱讀...柯P被問要是徐欣瑩親自到白營的場子，他的態度是什麼？他秒回「難道我們可以拒絕嗎？」，人家要來跟你「哦演」（加油），日語說的跟你支援、打氣，你當然就要說謝謝。若換成徐欣瑩主動出擊要找他談，柯文哲話鋒一轉盛讚鄭朝方就是EQ高，主動回憶在新豐的秋節聯歡會上，鄭朝方一看到他，先觀察5秒才上來握手，他當然也就跟鄭朝方說謝謝了，不然咧？「EQ要高啦！」柯P說。至於新竹縣到底是藍白合？還是綠白合？柯P再三強調，選舉就是朋友要多、敵人要少，且就是要合作才會有機會贏，不能看一時的選票。但是藍白合到後面，柯P說有一大堆「柯文哲在新竹縣光環不再、影響不大」的言論出來，每講一句就得罪一個人，到最後就垮掉了、就沒辦法收拾了。從這裡他認為大家學到一課，就是該下的是圍棋、不是象棋，以後這些都會變成選戰的教材。白營竹縣湖口縣議員參選人陳岫玫（前排右三）今日下午成立服務處，柯P（右二）和身兼竹北市長參選人的新竹黨部主委邱臣遠（右一）等也到場助陣。（記者黃美珠攝）民眾黨竹縣湖口選區縣議員陳岫玫服務處今成立，柯P（左）替她披綵帶、授戰旗。（記者黃美珠攝）柯P（右二）直言，選舉這檔子事就是要朋友越多、敵人越少。（記者黃美珠攝）    ,https://news.ltn.com.tw/news/politics/breakingnews/5588686
LIVE - 內湖洋流來襲！沈伯洋737夜市掃街,政治,2026/09/28 19:00,    ,https://news.ltn.com.tw/news/politics/breakingnews/5588597
中秋連假收假 陳瑩率民進黨參選人台東車站拜票,政治,2026/09/28 18:59,民進黨台東縣長參選人陳瑩（中） 傍晚偕民進黨參選人在台東車站拜票。（記者黃明堂攝）在中秋連假最後一天的收假高峰，民進黨台東縣長參選人陳瑩今天傍晚攜手台東市長參選人翁聖惠、縣議員參選人簡維國，以及台東市民代表參選人王泰捷、羅瑞華等多位黨籍參選人，前往台東車站進行聯合拜票活動。一行人手持競選標語與麥克風，在車站出口與行道旁熱情向準備返回工作崗位的鄉親與旅客揮手致意，把握最後連假時機搶攻返鄉選票。參選人團隊手持標語看板與麥克風，在車站出口及周邊步道向準備返回工作崗位的鄉親揮手致意、親切問候。希望透過面對面的懇託與溫馨祝福，加深選民印象，並在連假收官之際搶抓返鄉青年與縣民的支持，全力為年底選戰衝刺熱度。請繼續往下閱讀...縣長參選人陳瑩主打「台東下一棒，陳瑩來接棒」的競選訴求，強調自己已經做好充分準備，將以在地深耕的經驗與專業團隊，持續傾聽基層聲音，推動長照、教育與產業發展，為台東開創更好的未來方向。台東市長參選人翁聖惠則高喊「換新，惠更好」的主張，訴求城市治理需要新思維與升級，展現新人突破的衝勁，盼透過全齡照顧與完善的市鎮建設，為台東市注入全新活力。綠營參選人展現團結氣勢，盼透過溫馨問候獲得選民認同，攜手迎向年底大選。    ,https://news.ltn.com.tw/news/politics/breakingnews/5588704
蘇巧慧攜手張錦豪 做好地方建設迎接新北新時代,政治,2026/09/28 18:56,民進黨新北市長參選人蘇巧慧、新北市議員張錦豪汐止競選總部成立大，現場湧入大批支持者相挺。（記者俞肇福攝）新北市長候選人、立法委員蘇巧慧今天（28日）下午出席蘇巧慧、新北市議員張錦豪汐止聯合競選總部成立大會。蘇巧慧讚揚張錦豪是馬拉松好手，問政也充分發揮「未實現政策願景前絕不放棄」的精神，她細數張錦豪問政成績，有政策願景、解決配套方法，還一路追蹤持續挺進；蘇巧慧強調，地方建設就像跑馬拉松，不只要看眼前，更要為未來10年、20年做好準備，張錦豪有想法、有毅力，也最了解汐止需要什麼，未來她期望和張錦豪並肩努力，把一項項建設做好，今天下午的蘇巧慧、張錦豪汐止聯合競選總部成立大會，包括電視名嘴呂捷、前立法委員陳柏惟，新北市議員戴瑋姍、馬見，台北市議員李建昌，台北市議員參選人陳又新也到場支持，國策顧問陳朝龍到場全程相挺。金龍國小風雨操場湧入大批支持者，雖然天氣炎熱，但許多支持者「坐好」！「坐滿」！蘇巧慧一進場，全場凍蒜聲不斷。請繼續往下閱讀...蘇巧慧表示，張錦豪從基層做起，過去也曾在立法委員沈發惠的辦公室服務，不只熟悉汐止的交通、產業與生活需求，更有如馬拉松選手般「堅持不懈、未實現政策願景之前絕不放棄」的精神，發現問題後會持續追蹤、提出解方，是非常認真、值得信賴的議員。蘇巧慧也提出汐止未來發展願景，包括串聯南港生技研發與汐止精密製造，打造「新北智慧生醫產業廊帶」、推動基隆河谷產業轉型、打造白匏湖社會住宅暨運動園區，以及擴大翡翠水庫支援量能，期盼透過跨域整合，全面提升汐止的產業與生活環境。談到汐止未來發展，蘇巧慧指出，汐止緊鄰台北南港、連接基隆，也通往北海岸，居民的生活與產業本來就不會受到行政區界線限制，因此未來要把「跨域」轉化成汐止最大的優勢。南港有生技醫療研發能量，汐止有精密製造的產業基礎，未來將串聯兩地優勢，以汐止為核心打造「新北智慧生醫產業廊帶」；同時配合區域發展，盤整基隆河谷沿線土地，引導既有工業區及貨櫃場轉型，導入研發與科技產業，創造更多在地優質工作機會。交通方面，也將持續推進捷運汐東線、基隆捷運等建設，讓汐止與台北、基隆及北海岸的交通路網更加完整。蘇巧慧強調，產業發展的同時，生活品質也要一起提升，未來她將與張錦豪共同推動「白匏湖生態園區」的社會住宅與運動設施興建，兼顧生態、居住與運動需求；持續擴大翡翠水庫支援汐止的供水量能，改善汐止在地自來水設施，讓汐止人喝好水、用好水；並推動汐止分局老舊宿舍更新，整合增設地下停車空間。蘇巧慧表示，從交通、產業、住宅，到每天用水、停車等生活大小事，都需要中央、地方與鄰近城市共同合作，她期望未來與張錦豪攜手，把汐止的位置變成優勢，讓汐止有更多工作機會、更好的生活品質，一起迎接新北的新時代。民進黨新北市長參選人蘇巧慧、新北市議員張錦豪汐止競選總部成立大，現場湧入大批支持者到場相挺。（記者俞肇福攝）    ,https://news.ltn.com.tw/news/politics/breakingnews/5588718
蘇巧慧：從未自稱博士 李競辦再質疑第9屆立院官網「SJD」至今未改,政治,2026/09/28 18:47,"國民黨新北市長參選人李四川競辦發言人吳亮賢說，民進黨市長參選人蘇巧慧自第9屆立委就在立法院英文官網自稱「SJD」至今10年未改。（李四川競辦提供）台北市長蔣萬安立法院英文簡歷由「SJD」（法學博士）改成「JD」（法律博士），引起討論，新北藍營質疑民進黨新北市長參選人蘇巧慧在第9屆立委的英文簡歷也登記為「SJD」，蘇巧慧今回應，她各項資料皆登載美國賓州大學法律碩士，也是法學博士SJD候選人，也從沒說過自己是博士；國民黨新北市長參選人李四川競辦再批評，蘇巧慧自第9屆就在英文官網自稱「SJD」，且這項資訊至今未改，「蘇巧慧何時知錯能改？」蘇巧慧今出席桃園詹氏宗親後援會成立大會，她針對英文簡歷議題受訪表示，大家可以很清楚從各項公開資料看到，她從開始參選一直到當選立委，其實各項資料上面登載的都是美國賓州大學的法律碩士，也是法學博士SJD的候選人，這項資料非常清楚。她說，所有資料都是公開可查，她從來沒有說過自己是博士。請繼續往下閱讀...李四川競辦發言人吳亮賢表示，前立法院長游錫堃在臉書稱，有關立委的學歷，立委怎麼寫，立法院就怎麼登，若照游的說法，代表蘇巧慧在第9屆立院英文官網上的履歷，就是蘇巧慧自己填寫，才會憑空出現蘇巧慧從未擁有的「賓州大學博士」學歷。吳亮賢指出，對於為何第9屆立委英文官網的學歷出現賓州大學法學博士「SJD, University of Pennsylvania」，蘇巧慧今受訪稱「各項資料上面登載的都是美國賓州大學的法律碩士，也是法學博士SJD的候選人」，但直到此刻，蘇巧慧第9屆立委英文官網該頁面仍高掛「SJD」虛假的博士學歷，再次證明蘇公開說謊。他強調，根據游錫堃貼出的選舉公報，證明蔣萬安登記的中文學歷就是「美國賓夕法尼亞大學法學院法律博士」，也確實取得博士學位，反觀蘇巧慧從未取得博士學位，卻在立院英文官網上高掛博士學歷，「難道蘇巧慧認為博士候選人等同於博士？蘇巧慧身為市長候選人也直接把自己當作市長？」    ",https://news.ltn.com.tw/news/politics/breakingnews/5588645
蔣萬安遭爆未帶走廟方祝福甘蔗 林亮君引董事長說法：習俗上不好,政治,2026/09/28 18:40,台北市長蔣萬安疑似將福德宮董事長林春裕贈送之甘蔗丟在廟旁路邊。（資料照）民進黨台北市長參選人沈伯洋與現台北市長蔣萬安26日皆出席中庄仔福德宮聖誕晚宴，福德宮董事長林春裕分別贈送沈伯洋和蔣萬安甘蔗，不過相比送給沈伯洋的，給蔣萬安的甘蔗「節數」超多，被酸是「萬節不復」。台北市議員林亮君今（28）表示，蔣萬安疑似將這枝祝福的甘蔗丟棄在廟旁的路邊，也向林董事長求證，沒想到，董事長只是無奈的說「習俗上人家送的東西沒有帶走真的很不好啦」。政治工作者周軒也在臉書發文，表示下午5點半時，台北市中庄福德宮董事長座位後方，擺放那天送給蔣萬安的那一支甘蔗。指出蔣萬安沒有把人家的甘蔗拿回去就丟在現場。請繼續往下閱讀...另外，隔壁國民黨的里長，同時也是福德宮的董事，收到通知，趕快去把它拿走。周軒直批：「我覺得蔣萬安你真的蠻過分的。」網友留言笑說：「沒想到這根甘蔗還可以有新聞」、「雞腸鳥肚」，也說這是「115年來最有名的甘蔗。」福德宮董事長林春裕送給台北市長蔣萬安的甘蔗被丟在路邊，直至今日五點半，仍在董事長座位後方。（截自周軒臉書）    ,https://news.ltn.com.tw/news/politics/breakingnews/5588711
教師節放假蘇巧慧投反對票說「沒反對」 李競辦酸：什麼神鬼邏輯,政治,2026/09/28 18:38,民進黨新北市長參選人蘇巧慧表示，她從沒反對過增加國定假日，也沒反對教師節要放假。（記者賴筱桐攝）今天是9月28日教師節，國民黨新北市長參選人李四川競選辦公室指，民進黨新北市長參選人蘇巧慧去年在立法院對教師節放假投反對票；蘇巧慧今回應，她從沒反對過增加國定假日，也沒反對教師節要放假。李四川競辦再批評，這是什麼「神鬼邏輯」？身為立委，既然行使表決職權，就應對自己的表決負責，不能一邊投反對票，一邊告訴人民「我沒反對」。蘇巧慧今出席桃園「新北詹姓宗親後援會」成立大會，她針對教師節放假議題受訪表示，從過去不管是在委員會的發言，或者是社群發文，她從來都沒有反對過增加國定假日，也沒有反對過教師節要放假，她只是認為在討論國家的節日、紀念日的時候，應該要從國家整體價值脈絡一起來思考，整個國家的思想概念，未來傳遞的價值，才有整體感，這是當時在討論法案的狀況。請繼續往下閱讀...李四川競辦發言人潘才鉉今指出，蘇巧慧口口聲聲說沒有反對教師節放假，但卻跟隨民進黨黨意投下反對票，蘇巧慧身為立委，既然要行使表決的職權，就應該要對自己的表決負責，不能一邊投下反對票，一邊又告訴人民「我沒有反對」。她直言，蘇巧慧這是什麼樣的「神鬼邏輯」，超乎一般人理解，企圖騙人又騙己？潘才鉉說，去年內政部長劉世芳就恢復7天假期赴立院備詢時表示，教師節同時是民進黨的黨慶，如果放假的話，「會讓人覺得我們好像在為自己放假」，此種說法根本此地無銀三百兩，教師節是教師的節日，為什麼在民進黨眼中，總要與自己的黨慶產生連結？「請問蘇巧慧同意劉世芳的說法嗎？」國民黨新北市長參選人李四川競辦發言人潘才鉉表示，蘇巧慧說沒反對教師節放假，卻投下反對票，這是什麼神鬼邏輯。（李四川競辦提供）    ,https://news.ltn.com.tw/news/politics/breakingnews/5588685
拚人氣 邱臣遠用國會「藍白合」平衡竹北「藍白切」 還用歌聲譜出「綠白合」旋律,政治,2026/09/28 18:34,民眾黨竹北市長參選人邱臣遠，先在竹北演唱會用歌聲譜出「綠白合」的旋律，昨晚又有黨主席黃國昌助攻，曬出國會「藍白合」的加油打氣照。（記者黃美珠攝）台灣民眾黨新竹縣竹北市長參選人邱臣遠力拚選舉朋友越多越好策略，繼前晚用歌聲在竹北三天王演唱會，跟民進黨新竹縣長參選人鄭朝方、竹北市長參選人曾聖凱共譜「綠白合」，昨晚又有該黨主席黃國昌助攻，貼出跟國民黨立委羅智強、徐巧芯、洪孟楷等秉燭暢談的加油打氣照，營造國會夥伴「藍白合」，平衡竹北「藍白切」的氛圍。邱臣遠下午受訪說，非常感謝這些立院戰友們的鼓勵，他認為政治是一時的，友誼才是歷久彌新。邱臣遠說，他非常感謝黨主席黃國昌跟昨晚多位國民黨立委夥伴們。當天大家相談甚歡，他們當中很多是他過去在立法院的戰友，不管是藍白2黨在國會合作推動的改革，還是在反罷免上的合作，這些信任的累積都是非常不容易的。他非常感謝很多國民黨的立委在此時給他非常多的鼓勵跟打氣。他認為政治是一時的，友誼才是歷久彌新。在中秋佳節，大家就一起把這份濃厚的友誼放在心中。請繼續往下閱讀...至於外界關注柯P秋節前先在新豐與綠營縣長參選人鄭朝方巧遇、互動，他隨後又在秋節竹北的三王演唱會上跟鄭朝方同框還唱歌，這是否意味大新竹出現「綠白合」的默契？ 邱臣遠對此表示，他做人都開大門、走大路。政治可以競爭，音樂不分黨派。演唱會是公開活動，他感謝市公所的邀請。未來他若有機會當竹北市長，也會持續推動這樣的藝文活動跟相關市政工作。    ,https://news.ltn.com.tw/news/politics/breakingnews/5588707
「只敢聽命投票」 民團點名8藍縣市長參選人：追加預算10月沒過就退選,政治,2026/09/28 18:31,圖為立法院副院長江啟臣，同時也是國民黨今年底九合一地方大選推出的台中市長參選人。（資料照，記者劉信德攝）立法院新會期明開議，逾40民團預告明晚齊聚立法院外，喊話藍白立委「勿擺爛」，速審行政院今年度追加預算案、社福預算並通過中央部會人事同意案。針對國民黨參選縣市長的8位現任立委，民團痛批他們只會聽命擋預算、法案及人事案，甚至拒揭露公費助理資訊，根本「沒擔當」，更指出若下月未通過追加預算，將要求他們退選。立法院第11屆第6會期即將於明（29）日開議，台灣公民陣線等逾40個民團預告明晚舉辦「立院開議勿擺爛，公民下班拉警報」遊行，要求10月底前通過今年度中央政府總預算追加預算案，更點名柯志恩、江啟臣等八名國民黨立委，將無人機等自主國防及社福預算能否及時通過，視為參選縣市長的「資格考」。請繼續往下閱讀...對此，公民監督國會聯盟執行長張宏林今受訪表示，在野黨團月前總算三讀通過今（2026）年度中央政府總預算，然這只是「題目做一半」，因為距離年底僅剩三個月，但年度國營事業、非營業基金預算卻仍卡關未過；同時還假藉「國會監督」名義對執政黨政治報復，製造民眾「政府沒做事情」的觀感向民眾邀功。張宏林批：藍縣市長8選將淪為「欺善怕惡、缺乏擔當」的投票部隊張宏林痛批，這些有意參選年底九合一縣市長選舉的國民黨立委，在立法院黨團控制下不僅「龜縮」缺乏勇氣自我辯證或對內批判，淪為「欺善怕惡、缺乏擔當」的投票部隊；至今更皆未公開每位公費助理聘用資訊，直言若當立委就把此事搞黑箱，不僅助理有極高風險遭滲透，未來若掌握縣府龐大的人事聘用權，恐將成地方派系、境外勢力和中共鎖定的國安破口。經濟民主連合智庫召集人、律師賴中強表示，藍白立委多次阻撓中央機關和部會人事同意權，包含已被癱瘓的監察院和其下轄國家人權委員會、廉政委員會，加上國家通訊傳播委員會、個人資料保護委員會及公視董監事審查會，不僅衝擊監察權的彈劾、懲戒及陽光法案執行，更影響廣電業者執照審核及變更、影響公視營運合法性，更恐危及歐盟對我個資保護認定。賴中強：藍白應停止繼續癱瘓國家機關、儘速通過人事案賴中強直言，藍白應停止繼續癱瘓國家機關，儘速通過人事案補足憲法法庭大法官、中選會、公平會等單位缺額，使其儘速恢復運作，更應在下月底前通過行政院高達6千億元的今年度追加預算，屆時若無法促成通過追加預算，公民團體不排除將要求這8位參選縣市長的藍委們宣布退選。    ,https://news.ltn.com.tw/news/politics/breakingnews/5588701
蔣萬安獲贈甘蔗被棄置廟旁 他爆「廟方撿回」轟極其失禮,政治,2026/09/28 18:30,臺北市長蔣萬安26日出席台北市中庄仔福德宮福德正神聖誕千秋晚宴並獲贈甘蔗。（資料照，記者方賓照攝）民進黨台北市長候選人沈伯洋和台北市長蔣萬安，日前先後出席中山區中庄仔福德宮晚宴，雙方皆自廟方董事長林春裕手中收下象徵祝福的甘蔗，引發外界對甘蔗外觀的政治聯想。然而，民進黨立委王定宇今（28）日於臉書爆料，廟方送給蔣萬安的甘蔗事後竟被發現隨意棄置在廟宇旁，最後由廟方撿回保管；王定宇痛批此舉不僅隨意丟棄祭天獻禮，更是極其失禮、不敬的行為。蔣萬安與沈伯洋於26日出席福德宮活動時，沈伯洋獲贈貼有「平安」字樣的甘蔗，蔣萬安手中的甘蔗則因蔗節較為密集，引來部分網友調侃是「節節敗退」、「萬節不復」，甚至解讀為「做人要有點分寸」。面對外界議論，福德宮董事長林春裕受訪時幽默回應，認為這應是土地公冥冥之中的安排，讓沈伯洋拿到象徵「倒吃甘蔗、苦盡甘來」的枝節。請繼續往下閱讀...王定宇今（28）日在臉書發文表示，自己在錄製政論節目時現場與林春裕連線，聽到一件令人難以置信且瞠目結舌的消息。林董事長說：福德宮送給蔣萬安的甘蔗，竟然被蔣萬安棄置在廟的旁邊，被廟方發現撿回來了，現在甘蔗在林董事長手上。至於送給沈伯洋那支甘蔗，沈伯洋帶回去了。王定宇稍早更新消息指出，同場錄影的國民黨議員呂家愷緊急通知蔣萬安團隊，聽說蔣萬安剛剛派人去福德宮把蔣萬安棄置的甘蔗拿走了。對此，王定宇質疑，這是心胸狹窄或是管理流程不善？這種隨意棄置受贈禮品，而且這禮品還是廟方祭拜天公的獻禮，隨意棄置在廟旁邊的路上，難道是故意要福德宮發現蔣的不爽嗎？這真的是非常失禮、不敬的行為！相關新聞忘帶走「祝福」甘蔗！蔣萬安向福德宮董事長致電道歉    ,https://news.ltn.com.tw/news/politics/breakingnews/5588695
蔡政府新增駐外館處歐洲最多 賴政府轉攻北美、亞洲,政治,2026/09/28 18:26,盤點前總統蔡英文任內及總統賴清德執政後的新設外館地點，蔡政府任內多選擇歐洲國家；賴政府則先後宣布將於美國亞利桑那州鳳凰城及菲律賓南部宿霧新設辦事處。（製表：記者黃靖媗）外交部長林佳龍15日證實，我國將在菲律賓南部宿霧省設立辦事處。盤點前總統蔡英文任內及總統賴清德執政後的新設外館地點，蔡政府任內多選擇歐洲國家，共在歐洲設立3個新館處；賴政府則先後宣布將於美國亞利桑那州鳳凰城及菲律賓南部宿霧新設辦事處，目光聚焦經貿往來密切的北美與鄰近的亞洲。在前總統蔡英文任內，我國於2020年8月在東非索馬利蘭設立「台灣駐索馬利蘭共和國代表處」；西非的「駐象牙海岸台北代表處」也於2022年11月啟用。請繼續往下閱讀...北美洲方面，我國於2023年12月成立「駐蒙特婁台北經濟文化辦事處」，肩負推動我國參與國際民航組織（ICAO）的工作；大洋洲方面，我國於2020年10月恢復設立「駐關島台北經濟文化辦事處」。歐洲方面，分別於2020年12月、2021年11月、2023年10月，增設「駐普羅旺斯台北辦事處」、「駐立陶宛台灣代表處」、「駐米蘭台北辦事處」等。總統賴清德上任後，外交部長林佳龍今年1月宣布，由於台積電等許多半導體供應鏈赴美投資，外交部將在美國亞利桑那州鳳凰城設立辦事處，提供一站式服務；林佳龍9月也宣布，考量台菲地理位置相近、同屬第一島鏈、人員往來頻密，且兩國互相免簽等因素，正籌畫在菲律賓南部宿霧省新設辦事處。至於「駐孟買台北經濟文化辦事處」雖直到賴政府任內，才於2024年10月正式揭牌，但早在2023年蔡政府執政期間便已開始籌備。    ,https://news.ltn.com.tw/news/politics/breakingnews/5588674
許淑華宜蘭輔選吳宗憲 自爆2人「相親」緣分,政治,2026/09/28 17:59,國民黨尋求連任南投縣長的許淑華（左），昨天為該黨宜蘭縣長參選人吳宗憲（右）輔選，自爆兩人曾有一段「相親」的緣分。（圖擷自YouTube中天新聞）中秋加教師節的4天連假即將結束，民進黨南投縣長參選人温世政把握時間站路口、跑早市，國民黨尋求連任縣長的許淑華今天參加祭孔典禮，昨日則到宜蘭輔選該黨宜蘭縣長參選人吳宗憲，自爆曾有人要安排她與曾在南投當檢察官的吳宗憲相親，但還未相親，吳宗憲就高升到他地。代表民進黨參選南投縣長的温世政，把握中秋4天連假，分別在集集、草屯站路口，並赴埔里第三市場、南投市場向民眾拜票，也參加台灣新住民權益關懷協會、南投縣媳婦關懷協會舉辦的新住民中秋烤肉活動，他強調，他會持續地勤走拜票，多接觸不認識他的縣民，希望接觸到他的鄉親，都願意支持想回鄉服務的南投囡仔。請繼續往下閱讀...國民黨尋求南投縣長連任的許淑華，連假第4天一早，參加在日月潭文武廟的南投縣祭孔典禮，下午則參加民眾黨南投縣議員參選人吳淳佑的競總成立大會，強調吳淳佑政見與她推動的縣政工作不謀而合，展現藍白合拚選戰的團結氣勢。許淑華昨日也趕赴宜蘭，參加該黨宜蘭縣長參選人吳宗憲的競總成立大會，在拉抬吳宗憲時，也自爆兩人有一段「相親」的緣份。她說，在她27歲當縣議員以後，吳宗憲曾到南投地檢署擔任檢察官，當時兩人都還未結婚，就有朋友要牽線介紹兩人認識，並要安排相親，但還未相親，吳宗憲就高升到其他地方。吳宗憲則一面點頭稱是，一面露出尷尬的笑容。南投縣長許淑華（站者右1）28日參加在日月潭文武廟舉行的孔典禮。（南投縣府提供）民進黨南投縣長參選人温世政，中秋4天連假都在站路口、掃市場。（温世政競選服務處提供）    ,https://news.ltn.com.tw/news/politics/breakingnews/5588673
童子瑋七堵後援會成立 「市民期待基隆改變」,政治,2026/09/28 17:59,民進黨基隆市長參選人童子瑋（中間白衣者）七堵區後援會今天成立。（童子瑋進步基隆辦公室提供）基隆市長候選人童子瑋今天（28日）成立七堵區後援會，地方支持力量齊聚，七堵區超過半數里長到場力挺，基隆農會前、後任理事長余松次、黃李欽也共同出席，包括多位地方理事長、主委及支持者到場相挺。童子瑋引用媒體最新民調表示，在「一定會投票」的受訪者中，他的支持度已高於現任市長謝國樑，更有48.9％受訪者同意「換人做做看」。童子瑋表示，這些數字反映市民對市政改變的期待，接下來他會持續勤走基層，提出更多地方建設規劃。童子瑋表示，選戰即將邁入倒數60天，七堵區後援會的正式成立，就是代表選戰進入最後階段，而最新民調所呈現的變化，對團隊來說不是鬆懈的理由，而是提醒大家還有更多工作要進行。他強調，這場選舉最重要的，是讓市民透過不同政策與治理方式，決定基隆未來4年的方向。請繼續往下閱讀...童子瑋指出，這幾天基隆港因15公尺高的「黃阿瑪」水上裝置，吸引了不少遊客來到基隆觀光，他說一個優質的城市活動，就有帶動人潮與地方消費的可能性。他強調，市政不該只有口號，更要用具體「有作為」的表現，讓市民看得見成果。童子瑋近期提出了基隆港東西岸雙核心規劃。他說，未來他會盤整產業土地、設定招商條件，並推動市政府與港務體系「市港同心」來合作開發，透過港區發展、觀光人潮、商業投資與產業政策，增加基隆的經濟活動與在地就業機會。童子瑋指出，七堵的發展也會是未來城市規劃的重要一環。他表示，未來將持續推動捷運建設、增建國民運動中心及活化百福公園等地方建設，希望從交通、運動休閒與公共空間等面向，逐步改善七堵居民的生活品質，並讓七堵在基隆整體發展中扮演更重要的角色。民進黨基隆市長參選人童子瑋推出黃阿瑪15公尺高水上氣球，4天連續假期吸引民眾到基隆拍照。（記者俞肇福攝）    ,https://news.ltn.com.tw/news/politics/breakingnews/5588639
藍白合南投添柴火！許淑華力挺小雞吳淳祐,政治,2026/09/28 17:59,許淑華（左）贈送吳淳祐（右）象徵好彩頭的彩頭娃娃。（記者張協昇攝）民眾黨南投縣議員參選人吳淳祐今（28）日下午舉行競選總部成立大會，民眾黨主席黃國昌親自南下授旗。令人矚目的是，國民黨籍南投縣長許淑華與立委馬文君也雙雙到場站台助選，展現藍白陣營在地方基層串聯、團結拼選戰的強烈氣勢。吳淳祐為南投名間人，此次登記參選競爭激烈的第一選區（南投市、名間鄉）議員席次。黃國昌致詞時表示，民眾黨始終沒有忘記2024年大選時，無數南投鄉親對主席柯文哲的支持，因此民眾黨堅持在南投設立服務處，深化地方服務。黃國昌稱讚吳淳祐雖年輕，但具備國會助理與地方議員服務專員的完整歷練，個性善良正直，期盼她能為南投政壇注入年輕力量與新活力，推動地方更好的發展。請繼續往下閱讀...藍營母雞、南投縣長許淑華致詞時則指出，國民黨與民眾黨自2024年起在國會奠定良好的合作默契與基礎，尤其去年面臨大罷免時，民眾黨雪中送炭的立場讓藍營深有感觸。她提到，看見黃國昌主席連日來馬不停蹄為黨內參選人助選造勢，讓她感觸良多，因此期盼身為第三大黨的民眾黨，無論在地方政府或議會都能旗開得勝，讓南投議會也有民眾黨的一席之地。許淑華強調，她與吳淳祐交談時，發現其對參選理念能侃侃而談，提出的政見更與她推動的縣政工作不謀而合。許淑華當場背書，稱讚吳淳祐若當選絕對是議會生力軍，並承諾對方未來在議會所提出的議案，她都將全力支持。黃國昌（左）為吳淳祐授旗，祝福旗開得勝。（記者張協昇攝）民眾黨南投縣議員參選人吳淳祐（左3）成立競選總部，黃國昌（左2）攜手許淑華（左4）、馬文君（左1）與王安祥（左5）站台造勢。（記者張協昇攝）    ,https://news.ltn.com.tw/news/politics/breakingnews/5588668
選戰倒數2個月 藍委籲多提民生經濟,政治,2026/09/28 17:54,國民黨立委李彥秀。（資料照）九合一地方選舉進入最後兩個月的決戰階段，藍營普遍認為今年選情較往年冷，並將選舉結果視為執政黨及賴清德總統的期中考，除了積極衝高投票率，也要嚴防「洋流」塑造的「大罷免2.0」效應。國民黨立委李彥秀認為，藍營要避免掉進反中抗中的陷阱，多提出民生經濟論述以及協助中小微企業的政策，打出競選主軸，才能吸引關鍵中間以及淺綠選民的支持。吸引中間選民李彥秀表示，今年整體選情非常冷，三黨競選主軸現也還沒有拉出來，而不停的在「學歷」或「血統」這類議題上打轉。年底選舉就是「期中選舉」，也是對執政黨過去執政績效的檢驗，以美國11月參眾議員改選為例，討論的焦點還是經濟與通膨，對於國民黨而言，最後階段還是要將選戰主軸拉回經濟與民生議題。請繼續往下閱讀...李彥秀指出，今年台灣整體經濟成長率可望超過11％，為39年來最佳，股市也即將再創高點，但是K型經濟的分歧下，對一般民眾而言，幾乎是「無感成長」，民生消費經濟苦撐待變。李彥秀說，藍營要避免掉進反中抗中的陷阱，多提出民生經濟論述以及協助中小微企業的政策，打出競選主軸，才能吸引關鍵中間以及淺綠選民的支持。特別在關鍵選區，也要成立緊急應變小組，避免最後階段出現的國際因素以及選舉奧步，成為影響勝負的變數。一名藍委指出，這次選舉就是執政黨的期中選舉，人民要讓現在的政府知道，執政的方向真的走錯了，要趕快撥亂反正。現在最擔心的是投票率不夠高，隨著選情逐漸加溫激化，投票率有望往上衝，不過選戰後期一定有很多耳語、負面操作，想要動搖藍營的軍心，希望投票日當天大家一定要去投票，不想投藍營也可投白營，就是不要讓滿嘴跑火車的民進黨候選人當選，要選擇實在會做事的候選人，讓各項市政建設好好推行下去。    ,https://news.ltn.com.tw/news/politics/breakingnews/5588636
從「烏龍爆料」到校長道歉！ 北市金華國中營養午餐風波事件簿一次看,政治,2026/09/28 17:47,金華國中校長發出公開信致歉。（圖取自學校官網）民進黨台北市議員簡舒培日前披露金華國中師生食用營養午餐小卷後陸續出現腹瀉等症狀，質疑校方留樣與市府通報機制失靈；台北市政府及教育局則數度發布強硬新聞稿，駁斥相關指控為「烏龍爆料」、「造謠翻車」，多位國民黨議員亦前往聲援市府。然而，金華國中校長黃啟清最新發布公開信，證實校方確實陸續接獲3名學生身體不適通報，並向受影響學生致歉。本報整理此案完整時序與相關細節。9月4日（事發當日）當日金華國中營養午餐菜色包含「鮮味小卷」。根據家長陳情及學生事後反映，菜單原定為水煮小卷，實際送達時外觀呈現偏橘紅色的勾芡狀態，部分學生並反映氣味異常，因而拒絕食用；另有陳情指部分師生用餐後陸續出現腹瀉、嘔吐等腸胃不適症狀。請繼續往下閱讀...9月9日（用餐後5天）校長最新公開信揭首起通報：金華國中校長黃啟清在9月26日發布的公開信中還原事件時序，指出9月4日供餐後，校方在「5天後」接獲第1起學生身體不適的正式通報。由於此時已超過校園午餐留樣保存48小時的期限，當日供應的午餐檢體已依規定處理，無實體樣本可供後續檢驗。9月11日（用餐後7天）校長稱再接獲2名學生反映不適：依黃啟清最新公開信所述，校方在收到首起正式通報的「隔2天」，又陸續接獲另外2名學生告知身體不適。校方隨後啟動相關通報與處理流程，持續掌握學生健康狀況，並透過家長會班級代表群組提醒家長留意、詢問學生當日用餐後的身體狀況。9月12日（用餐後8天）金華國中召開家長會向家長說明，午餐樣本因超過2天留樣期限已丟棄，已無樣本可供採檢。9月23日簡舒培爆料：台北市議員簡舒培接獲家長陳情並公開披露此事，批評台北市教育局面對食安問題採取「被動處理」，甚至疑似下令「暫不處理」，質疑市府與校方通報、留樣機制有重大瑕疵。蔣萬安未正面回應：台北市長蔣萬安面對媒體詢問僅表示「教育局等一下就會對外說明」；記者追問關於教育局態度消極之質疑時，蔣萬安則大步離去未做回應。北市教育局駁斥「翻車」：教育局發布新聞稿《金華國中並無集體食物中毒 教育局駁斥不實指控已翻車》，指稱全校僅3名學生反映不適且症狀各異、其他班級無異狀，基本排除食品中毒的可能，強烈譴責外界不實指控。衛生局轉發教育局新聞稿：台北市衛生局表示未接獲醫療機構及學校疑似食品中毒或食品衛生不佳之通報；後續轉貼教育局回嗆議員的新聞稿，並補充將派員依《食品良好衛生規範準則》，針對作業場所環境、食材處理、人員衛生及病媒防治進行稽查。9月24日蔣萬安受訪力挺局處：台北市長蔣萬安公開力挺教育局，強調校方與團膳業者均已發出澄清聲明，重申任何指控都必須有所本。沈伯洋表態批評：針對簡舒培指控多個班級腹瀉嘔吐，卻遭教育局反批烏龍爆料，沈伯洋指出，此案與日前路樹爭議相同，市府未把問題與檢驗報告交代清楚，大家攤開事實討論就被指責造謠，市府這種處理態度令人不敢苟同。教育局二度發稿點名：教育局發布新聞稿《事實已證明議員烏龍爆料 教育局籲沈伯洋委員不該看到翻車還上車》，強烈譴責簡舒培執迷不悟、偷換概念，並批評沈伯洋舉不出實證卻跟進「翻車謠言」、顛倒黑白污衊一線同仁，要求兩人為造成社會恐慌及傷害基層尊嚴公開道歉。9月25日沈伯洋重申學生確有不適：沈伯洋表示，確實有學生反映拉肚子，這是既成事實；市府該做的是採檢體送驗並公布結果，如今卻反過來指責他人造謠，質疑「難道要指責這些學生拉肚子是造謠嗎？」直言整件事情處理方式相當詭異，呼籲市府調整應對方式。9月26日蔣萬安轟「認知作戰」：面對外界質疑市府官方新聞稿淪為「競辦新聞稿」，蔣萬安反轟沈伯洋與簡舒培身為公職未盡查證責任便擴散言論，「這是在製造恐慌、在販賣恐懼，這是認知作戰」，並稱沈伯洋曾在立院主張第五縱隊、在台北市找敵人。沈伯洋反批轉移焦點：沈伯洋回應，蔣萬安動輒扣上「認知作戰」帽子如同過去的爭議言詞，是在轉移焦點以掩蓋食安問題；並強調自己是在反映民意，在台北市找敵人的正是蔣萬安。校長黃啟清發布公開信：金華國中校長黃啟清於學校官網刊登公開信，完整說明9月4日供餐至後續接獲學生不適通報的時間軸。黃啟清向此次身體不適、用餐感到不安及受波及的學生表達關心與歉意，表態所有行政責任由自己承擔；接下來會與教師會、家長會、教育局、專家學者，透過午餐供應委員會，從源頭重新檢視營養午餐的食品安全，包括餐點驗收、品質回饋、異常反映、留樣保存、校安通報與家長告知等流程。值得注意的是，黃啟清最新公開信揭露的時序，與台北市教育局先前公布的版本出現落差。教育局9月23日發布新聞稿時曾表示，金華國中是在「9月11日接獲一名學生反映9月4日曾有腹瀉」，若依校長公開信所稱「5天後」推算，首起正式通報時間應為9月9日，兩份校方、市府公開資訊相差2天。    ,https://news.ltn.com.tw/news/politics/breakingnews/5588565
張啓楷競選總部成立 國民黨嘉義市主委昏倒摔下舞台,政治,2026/09/28 17:42,眾人協助將蔡明顯送醫。（記者王善嬿攝）上稿時間：11:07更新時間：17:42嘉義市長選情升溫，藍白共推的民眾黨嘉義市長參選人張啓楷今在嘉義市自由路舉辦競總成立大會，藍、白大咖站台力挺，然而上午氣溫飆破30度，疑因天氣炎熱、近日過於操勞，國民黨嘉義市兼縣黨部主委蔡明顯站台時，突體力不支昏倒，臉部撞到地面，所幸急救後意識清醒，就醫治療後穩定。請繼續往下閱讀...國民黨嘉市黨部書記長張嘉銘說，蔡主委摔下台時經急救意識已清醒，隨後由救護車載往嘉義基督教醫院救治，因摔倒導致臉部擦挫傷、手部骨折等傷勢，今下午安排開刀治療，謝謝各界關心。張啓楷競總成立大會今上午9點舉行，張啓楷公布競總團隊，包括民眾黨主席黃國昌、國民黨主席鄭麗文擔任競總雙主委，民眾黨創黨主席柯文哲擔任競總總幹事，嘉義市長黃敏惠擔任名譽主委，前副總統蕭萬長是榮譽主委，接著張啓楷、黃國昌、黃敏惠、柯文哲等人為競總揭牌，鄭麗文隨後抵達現場，現場「凍蒜」聲不斷。今上午10點許黃敏惠、鄭麗文與國民黨嘉市議會黨團在台上助講時，氣溫飆破攝氏30度，同場站台的蔡明顯先是身體前後搖晃，突往前昏倒，嘉義市議員陳家平伸手拉卻拉不住，摔到台下、臉部著地滿臉血，嚇壞在場眾人，所幸急救後意識清醒、情況穩定，正住院接受治療。蔡明顯今站台時疑天氣熱，體力不支昏倒。（記者王善嬿攝）    ,https://news.ltn.com.tw/news/politics/breakingnews/5588232
柯志恩「要吃屏東香蕉」引熱議 陳水扁狠酸「蕉柯輸」網笑翻,政治,2026/09/28 17:38,柯志恩26日到旗山參加「2026夏祭新鮮市」活動。（柯志恩團隊提供）國民黨高雄市長參選人柯志恩26日到旗山參加「2026夏祭新鮮市」活動，離開前有人追問要不要吃（旗山）香蕉？笑回要吃「屏東香蕉」，遭網友罵翻。對此，陳水扁前總統在留言區狠酸「參選負面教科書，可以說是『蕉柯輸』」，吸引2萬人按讚。柯志恩26日到旗山參加農特產活動，離開上車前，有人遞上幾根在地香蕉，問「委員要不要吃」？疑似是藍營幕僚讓她帶在車上吃，不料，柯志恩轉頭笑著說要吃「屏東香蕉」。言論引發網友熱議，認為柯志恩的心不在高雄。請繼續往下閱讀...對此，前總統陳水扁也在留言區回應狠酸「參選負面教科書，可以說是『蕉柯輸』」。留言被網友轉發直呼「真的會被阿扁笑死，本日金句！」，貼文曝光後，也吸引大批網友按讚，網友表示「留友看阿扁說蕉柯輸」、「阿扁真的是諧音梗玩不停......」、「哇！果然寶刀未老，字字珠璣」。     在 Threads 查看    ,https://news.ltn.com.tw/news/politics/breakingnews/5588498
沈伯洋台南後援會成立 黃偉哲送好運氣組合、陳亭妃贈少糖美食,政治,2026/09/28 17:32,台北市長參選人沈伯洋出席台南之友挺沈伯洋後援會（記者陳逸寬攝）民進黨籍台北市長沈伯洋的「台南之友挺沈伯洋後援會」今天成立，同台台南市長黃偉哲、市長參選人陳亭妃。黃偉哲準備了象徵選舉一定會贏、媽祖賜福、穩中的「致勝」洋芋片、泡芙與肉乾，還有順應時事梗的「BB辣椒醬」等好運氣組合禮；陳亭妃則致贈客製化的少糖春捲、少調味料的刈包，在1200人面前餵食沈伯洋，一改沈對台南美食的「刻板印象」，笑翻現場。沈伯洋今被問到，接下來是否有規劃到台南替陳亭妃輔選，把洋流帶到台南？沈說，洋流代表的是整個台灣對於新的治理方式的渴求，不是只有他一人，但很希望有這樣的機會，進行更多城市與城市之間的交流，這很重要，尤其是六都，當然彼此之間例如口味不同，可以互相討論，但是也不要重工，就是在國家發展上，各自在產業發展需求、強項不太一樣，如果交流過程中能把彼此的強項、弱項結合，對國家整體發展一定最好。請繼續往下閱讀...沈伯洋指出，所以每一次到高雄交流，會討論到人工智慧（AI），台中交流時討論綠地，每一座城市的交流都有它的不同之處，同時既競爭又合作。    ,https://news.ltn.com.tw/news/politics/breakingnews/5588649
台南之友後援會成立眾星雲集 沈伯洋自嘲：有一半的人來報仇,政治,2026/09/28 17:21,台北市長參選人沈伯洋出席台南之友挺沈伯洋後援會，台南市長參選人陳亭妃喊出「台北順起來，台南妃起來。」的口號。（記者陳逸寬攝）「台南之友挺沈伯洋後援會」今天成立，民進黨籍台北市長參選人沈伯洋開場直言，「今天有一半的人是來報仇的！」因為他數週前說「台南食物太甜」，吸引大家來吵架，正是因為彼此不同，凸顯民主最重要的本質，「所以說台灣（應指台北）像火鍋就不對了！」台北這座城市有許多珍貴的移民軌跡，可惜卻未見市府好好將城市記憶「縫補」於整體發展中，成立後援會，不只是為了選舉，也想跟鄉親們一起書寫在台北打拚生活的故事。今天台南後援會成立，包含台南市長黃偉哲、市長參選人陳亭妃、立委林俊憲和王定宇、王義川、吳思瑤，以及台北市議員何孟樺、簡舒培、王閔生、張文潔、顏若芳、陳賢蔚，議員參選人張銘祐、賴俊翰、林子揚、劉品妡，還有大批支持者，活動主持人陳賢蔚宣布，至少1200人與會，現場瞬間歡聲雷動。請繼續往下閱讀...沈伯洋幽默表示，今天眾星雲集，絕招就是數週前先鋪梗說「台南食物太甜」，吸引大家來吵架，「今天有一半的人是來報仇的！」飲食是生活的一部分，每人對食物一定都有各自的喜好，像是對於甜或鹹的喜好一定不同，「就是因為不同才美妙」，才可以吵架（討論），也是民眾最重要的本質，也是他一直以來強調的「合而不同」，所以說台灣（台北）像火鍋就不對了，湯底一樣、火鍋料放進去味道也一樣，不同才是民主的精神。沈伯洋指出，大家生活在台北就是台北人，台南鄉親北上打拚發展，遍布台北，形成根基與路徑，如何講述故事非常重要，以東京上野車站的最具代表性的歌曲，就是在講述當年從各地前往東京下車打拚，透過旋律串聯保存城市記憶，台北車站也可考慮播放《向前走》、《媽媽請你也保重》等曲子。沈伯洋提到，市府如何建立眾人對這座城市生活方式的認同感很重要，這取決於多麼尊重在地歷史跟文化有關，藉由小說、戲劇、音樂等媒介都能保留城市記憶，像是《台北人》、《天橋上的魔術師》，可惜卻未見市府好好將城市記憶「縫補」於整體發展中，今天「台南之友挺沈伯洋後援會」成立，不是只有給予支持助他一臂之力，選上台北市長如此簡單，而是要跟鄉親們一起書寫台南人在台北所留下的故事，也是尊重台北的移民軌跡。沈伯洋說，統計顯示，如果同時認識蔣萬安、沈伯洋，大概兩個月前是同燈同分，目前則是支持沈伯洋的比較多，代表認識沈伯洋就會支持沈伯洋，民調還在追趕是因很多人還不認識他，呼籲各界替他增加知名度，「後面交給我說服就好！」他是真誠面對台灣的未來、土生土長的城市，騙不了人，所以想要聽取人民的意見，先前被問到中山區赤峰街的議題，他發現自己不太了解，就回去研究、安排文史工作者帶路的走讀行程，展現行動力與決心，懇託市民支持沈伯洋及民進黨台北隊。    ,https://news.ltn.com.tw/news/politics/breakingnews/5588630
九合一選戰冷清 學者解盤：催出「支持者的投票意願」成勝負關鍵,政治,2026/09/28 17:15,九合一地方選舉進入最後兩個月決戰階段。（資料照）九合一地方選舉進入最後兩個月決戰倒數，東吳大學政治系兼任助理教授張元祥研判，在朝野惡鬥的情況下，中間選民對政治冷漠，整體投票率應該會下滑。在這個情況下，催出「支持者的投票意願」就成為選戰最後勝負的關鍵，穩住基本盤的投票率，才有機會透過政見爭取中間選民的支持，在最後的選戰中勝出。張元祥指出，地方選舉比的是「政治版圖」以及「候選人條件」，超過8成的勝負早在兩黨完成候選人提名時就已經決定，只有在五五波的選區，「議題攻防」才能發揮關鍵作用，但是今年選情非常冷，除了台北市，幾乎所有「選戰議題」都打不起來。請繼續往下閱讀...張元祥表示，從長期民調趨勢觀察，大多數選區民調也變化不大，特別是朝野惡鬥的情況下，中間選民對政治冷漠，整體投票率應該會下滑。在這個情況下，催出「支持者的投票意願」就成為選戰最後勝負的關鍵，穩住基本盤的投票率，才有機會透過政見爭取中間選民的支持，在最後的選戰中勝出。張元祥認為，藍營原本最受期待的母雞、台北市長蔣萬安，現階段以穩住台北市選情為主，未來是否能產生外溢效應，還有待觀察；近來竄起的「洋流」，當然有助於燃起綠營基本教義派的熱情，但對於五五波以及「藍大於綠」的選區而言，「洋流」也會激起藍白支持者的團結。期中選舉，也是對賴清德政府的信任投票，不僅影響到2028年總統大選的氣勢，更會影響未來朝野互動與權力的重新佈局。    ,https://news.ltn.com.tw/news/politics/breakingnews/5588633
簡舒培看板出現「3顆大藍莓」！酸爆營養午餐 網友笑翻,政治,2026/09/28 16:59,民進黨籍台北市議員簡舒培競選服務處看板上出現「三顆大藍莓」。（@phil.ch.t授權提供）台北市營養午餐日前爆出飯後水果僅發放3顆藍莓，引發外界罵聲。民進黨籍市議員簡舒培先前不只在總質詢時砲轟市府，更在蔣萬安赴議會送水果致意時，特別問「有藍莓嗎？」。近日又被眼尖網友發現，競選看板最下方出現「三顆大藍莓」，藉此暗酸北市營養午餐政策，讓網友笑翻。台北市國中小免費營養午餐政策先前被爆出飯後水果僅發放3顆藍莓，台北市教育局長更辯稱「比較大顆」引來各界砲轟。近日網友發現，民進黨籍台北市議員簡舒培競選服務處看板上出現「三顆大藍莓」，疑似暗酸北市營養午餐政策。請繼續往下閱讀...網友在Threads上笑稱，「從高架下來的時候正在放空欣賞舒培跟撲馬的看板，結果往下一瞄突然醒來...三顆大藍莓！」畫面曝光後，吸引大批網友按讚，網友表示「笑死，三顆比台北教育局長的頭~還大顆的藍莓」、「台北emoji」、「在地人路過，真的有夠靠北」、「仔細一看左下角還寫了超夯，這麼活網的嗎？」。而簡舒培也在留言區親自回應，「恭喜你發現三顆比頭大的大藍莓，歡迎來競總坐坐喔」。     在 Threads 查看民進黨籍台北市議員簡舒培競選服務處看板上出現「三顆大藍莓」。（@phil.ch.t授權提供）    ,https://news.ltn.com.tw/news/politics/breakingnews/5588508
感謝教師辛勞  何欣純：讓台中成為培育AI人才重要城市,政治,2026/09/28 16:57,今天是教師節，民進黨台中市長參選人何欣純發文感謝老師的辛勞，並強調將全力發展AI，把台中打造成培育下一代AI人才的重要城市。（擷取自何欣純臉書）今天是教師節，民進黨台中市長參選人何欣純向所有辛苦的老師致上感謝與祝福。她表示，孩子是城市的未來，而老師給予孩子的陪伴、引導與支持，是成長路上不可或缺的力量。面對AI時代快速發展，若當上台中市長，將全力爭取中央「AI人才方舟計畫」，自己也提出成立「AI人才創新研修所」，將把台中打造成培育下一代AI人才的重要城市。何欣純今日教師節在臉書發文，向所有辛苦的老師致上感謝與祝福。她表示，孩子是城市的未來，而老師給予孩子的陪伴、引導與支持，是成長路上不可或缺的力量。面對AI時代快速發展，科技可以成為老師教學的助力，但老師對孩子的理解、關懷與陪伴，永遠無可取代。請繼續往下閱讀...何欣純說，總統賴清德提到教育部已啟動「AI人才方舟計畫」，從今年到2029年將投入117.55億元，打造中小學AI學習環境，並支持教師提升數位與AI教學專業。未來若有機會服務台中，她將全力爭取中央「AI人才方舟計畫」相關資源導入台中校園，從設備、數位教材到教師培訓都要跟上AI時代，讓第一線老師有更完整的工具與支持，也讓台中的孩子更早培養AI素養與數位能力。何欣純強調，AI教育不只從大學或產業端開始，而要從孩子的教育一路銜接到青年人才培育。她已提出成立「AI人才創新研修所」，未來也將串聯台中的學校、軟體園區及產業資源，從中小學AI教育、青年人才培育到產業應用形成完整鏈結，讓老師有更好的教學環境、孩子有面對未來的能力，也讓台中成為培育下一代AI人才的重要城市。    ,https://news.ltn.com.tw/news/politics/breakingnews/5588549
彭婉如逝世30週年播放紀念影片《親愛的姊妹》賴清德：她一直沒有離開過,政治,2026/09/28 16:51,彭婉如逝世30週年紀念影片《親愛的姊妹》今在高雄播映黨慶特別版，黨主席賴清德（中）率眾人表達思念。（記者葛祐豪攝）30年前喧騰一時的彭婉如命案，如今仍為懸案。民進黨性平部歷時1年半，完成彭婉如逝世30週年紀念影片《親愛的姊妹》，今（28）日在高雄播映18分鐘黨慶特別版，民進黨黨主席、總統賴清德到場表達思念，強調「彭婉如一直沒有離開過」，她提出的女性參政理念，民進黨一直在做!彭婉如命案發生於1996年11月30日，時任民進黨婦女部主任兼女權運動者彭婉如，在高雄搭乘計程車後失蹤，幾天後被發現遭殺害棄屍，至今仍為懸案。請繼續往下閱讀...今年適逢民進黨創黨40週年、婦女部成立30週年，民進黨性平部歷時1年半，訪談不同世代的姊妹們，完成彭婉如逝世30週年紀念影片《親愛的姊妹》，今天在高雄台鋁影城首次播映18分鐘黨慶特別版，包括黨主席賴清德、高雄市長陳其邁、市長參選人賴瑞隆、內政部長劉世芳、前行政院副院長葉菊蘭、海委會主委管碧玲、紀錄片導演洪碧婉與謝士國等人均到場。民進黨性平部主任李晏榕指出，這不只是一部紀錄片，也是一段關於女性參政、民主與接棒的故事。30年前，彭婉如努力為女性爭取更多參與政治的空間；30年後，越來越多女性走進公共領域，在不同位置發揮影響力。賴清德致詞時表示，今天在這裡共同追思彭婉如，非常有意義，「對我來說，彭婉如她一直沒有離開過」，彭婉如提出的「婦女參政1/4保障條款」還在腦海中，不曾消失過。後來民進黨、國民黨都通過1/4條款，也陸續通過《性侵害犯罪防治法》、《家庭暴力防治法》，「彭婉如所提出的理想，我們一直都在做！」賴清德稱讚彭婉如當年的勇氣與信念，男性在過去民主運動，站在第一線，但如果沒有女性做後盾，是沒有那種溫暖的力量。這30年來的努力，民進黨出現過台灣歷史上第一位女性副總統呂秀蓮、2016年第一位女性總統蔡英文、2024年第二位女性副總統蕭美琴；「這次民進黨提名9位女性縣市長候選人，不是我故意去提名女性，實在是女性太優秀了！」總統賴清德強調「彭婉如一直沒有離開過」。（記者葛祐豪攝）    ,https://news.ltn.com.tw/news/politics/breakingnews/5588604
海巡署巡護九號出航 管碧玲：護漁救援不會犧牲漁權,政治,2026/09/28 16:50,海巡署「巡護九號」出航。（海委會提供）海巡署「巡護九號」今（28）日從高雄港啟航，與農業部漁業署共同執行為期60天的今年第三次公海漁業巡護任務。海洋委員會主任委員管碧玲強調，海巡護漁救援，不會犧牲漁權。管碧玲於啟航前登船慰勉，特別提及近期海巡署將除役船舶致贈菲律賓所引發的討論，指海巡署以守護漁民安全、維護漁權為重要任務，絕不可能作出傷害漁民、犧牲漁權的決策。海巡署與漁民之間不只是執法與被執法的關係，從護漁，到漁船失火、船員落海、傷病後送等緊急狀況，海巡署始終是漁民的重要依靠。請繼續往下閱讀...管碧玲表示，海上救援不分國界，既是人道責任，也是彼此互助；過去我國漁船於菲律賓搜救責任區遇險時，也曾獲菲方協助救援，提升彼此的救援能力，就是多替漁民增加一分保障，這樣的合作不應被扭曲為傷害漁民權益。海巡署長期以北太平洋及中西太平洋為公海漁業巡護重點，派遣艦船維護公海漁業秩序與安全，並增進跟遠洋漁民互動。管碧玲期勉執勤團隊，依法執行海上巡查、漁船登檢等勤務之餘，也要成為台灣漁民在遠洋最可靠的後盾，「依法執法、保障漁權、救援生命，三者並不衝突，這是海巡的日常」。    ,https://news.ltn.com.tw/news/politics/breakingnews/5588576
川習會重提二戰同盟 路透揭台北憂北京史觀恐影響美對台支持,政治,2026/09/28 16:46,中國國家主席習近平與美國總統川普24日在白宮國宴前，於北門廊台階合影。（法新社）中國國家主席習近平與美國總統川普上週在華府會面時，共同談及兩國二戰期間並肩作戰的歷史，引發台灣對北京二戰史觀的疑慮。路透28日發自台北的報導指出，台北擔心華府若更接受北京對二戰歷史的詮釋，可能進一步影響美國對台灣的支持。路透報導，習近平與川普24日在華府舉行國宴時，都提到美中在二戰期間的同盟關係。白宮在川習會後發布的資料也指出，兩人回顧美中「在二戰期間是盟友並肩作戰」的歷史。台灣方面則強調，當時代表中國與盟軍作戰的是中華民國政府，而中華人民共和國直到1949年才成立。請繼續往下閱讀...陸委會副主委沈有忠告訴路透，習近平持續試圖讓二戰歷史敘事以中華人民共和國為主導，台灣將繼續向美方傳達訊息，希望華府正確認識到二戰期間中華民國是美國的堅定盟友。外交部政務次長吳志中也表示，北京正試圖改寫歷史，取代中華民國在二戰期間扮演的角色。報導中指出，這場歷史敘事之爭之所以讓台北感到不安，是因為美國是台灣最重要的武器供應國之一。去年戰爭結束80週年期間，美國在台協會也曾指稱中國散播與二戰相關的「虛假」敘事，以對台灣施壓。東吳大學政治學系副教授陳方隅在台北一場論壇上表示，台灣面臨的問題，是如何因應中國影響美國輿論的宣傳資源與行動。路透指出，這場二戰歷史遺產的爭議在台灣內部也存在不同看法。台灣在1895年至1945年間為日本殖民地，民進黨長期主張台灣具有不同於中國的身分與歷史。路透報導，國民黨則表示，政府在歷史問題上的說法本身沒有錯，但批評賴清德政府只在需要對抗北京、爭奪歷史敘事權時，重新強調1945年的中華民國。白宮、美國國務院及中國國台辦均未回覆路透就相關歷史敘事提出的置評要求。    ,https://news.ltn.com.tw/news/politics/breakingnews/5588550
逾40民團齊聚遊行要立委「勿擺爛」 賴中強：民眾應謹記這「4警報」,政治,2026/09/28 16:41,多個公民團體24日齊聚立法院前舉行記者會，除預告明晚遊行抗議，同時表達主張，要求立法院十月底前通過行政院今年度追加預算。（資料照，記者叢昌瑾攝）立法院新會期開議在即，有鑒於本屆藍白立委屢次延宕審議中央總預算、國防特別預算及重大民生法案，更阻撓中選會等機關人事任命，近40民團明將集結立院遊行抗議，要藍白立委「勿擺爛」；民團經民連智庫召集人賴中強今強調，面對中共建軍百年、大幅強化渡海攻台，以及追加預算時限倒數，民眾更應提高警覺，要在野黨上緊發條。由台灣公民陣線、台灣經濟民主連合等逾40個民團共同舉辦的「立院開議勿擺爛，公民下班拉警報」遊行即將於明（29）日登場，主張「2026追加預算不能拖」、「國產無人機不能等」、「社福加碼不延後」、「停止癱瘓國家機關」等訴求，透過現場行動劇、立法院區周邊遊行抗議，還將舉行街頭短講，向廣大民眾闡明立院現況，並傳達活動訴求。請繼續往下閱讀...有鑒於本屆國民黨、民眾黨兩大在野黨立委屢次阻擋重大民生法案審議、延宕審查中央政府總預算，甚至刻意杯葛大法官、中選會及國家通訊傳播委員會（NCC）等中央部會人事同意案，經濟民主連合智庫召集人、律師賴中強表示，這場活動不僅主張對國安、民生預算時效及憲政機關癱瘓的憂慮，活動期間更將傳達4個「警報」，讓民眾了解訴求急迫性。首先，是「解放軍建軍百年」。賴中強指出，中國共產黨2020年第十九屆中央委員會第五次全體會議上確立明（2027）年8月1日的建軍百年目標，意即針對台灣加速軍事現代化及「維護國家主權」能力，距今已僅剩10個月；其次，解放軍正持續增強兩棲渡海戰力，特別是海試中的076型兩棲攻擊艦「四川艦」與建造中的三艘071型綜合登陸艦，將直接威脅台海安全。至於第三個警報，他引述美國獨立智庫「新美國安全中心」（CNAS）今年報告指出，台灣應借鏡烏克蘭經驗，大量發展無人機進行不對稱作戰，建構台海「地獄景象」；然而，這筆預算五月先是遭立法院從1.25兆的國防特別預算中刪除，日前行政院再以今年追加預算形式重新放入，今年僅剩93天，若立院未能及時審畢並由政府執行，屆時追加預算將失去法律效果。因此，賴中強點出第四個警報，就是立法院應於10月底前通過行政院追加預算的「大限」。他解釋，追加預算在經立院三讀通過後，其中的國防預算仍須經過招標、簽約及辦理舊年度保留款等手續，考量前述作業時間，立院務必在新會期開議後1個月內通過，騰出至少2個月讓軍方順利執行預算。    ,https://news.ltn.com.tw/news/politics/breakingnews/5588548
賴總統盼立院支持近600億追加預算 國民黨團：該把關就要把關,政治,2026/09/28 16:39,國民黨立院團書記長許宇甄。（資料照）115年度中央政府總預算追加預算案部分，歲出規模6076.3億元。賴清德總統今日表示，盼立法院支持國防部提出的近600億元追加預算，支持台灣無人機產業發展。對此，國民黨團書記長許宇甄表示，國會該審的預算一定會審，攸關民生、國防及政府正常運作的必要支出，也會負責任處理。許宇甄說，但行政院所提追加預算高達6076億元，這是行政院依《預算法》提出的公務預算，立法院的責任就是逐項審查其必要性與合理性，不是行政院喊「優先」，國會就必須照單全收。請繼續往下閱讀...許宇甄指出，115年度總預算經立法院審議後歲入增加6020億元，加上財政部重新估算增加828億元稅課收入，合計新增財源達6848億元；行政院現在選擇透過追加預算安排其中6076億元支出，就必須清楚交代每一筆錢為何現在非花不可、原預算為何沒有編列，以及是否存在重複編列或政策失誤後再拿納稅錢填補的問題。許宇甄強調，至於國民黨團針對民生需求所提出的政策與特別條例，自有其法律程序與政策討論，不能和行政院追加預算混為一談。116年度總預算同樣會依照正常程序實質審查，黨團的態度很清楚：人民需要的經費不會故意阻擋，但行政院也別把「急迫」當成免審通行證。每一塊錢都是人民的錢，該說明的要說明、該把關的就要把關。    ,https://news.ltn.com.tw/news/politics/breakingnews/5588591
老師也要被照顧！陳品安提教師權益政見,政治,2026/09/28 16:38,今天是教師節，民進黨苗栗縣長參選人陳品安除了向教師們送上祝福，也提出教育及教師權益政見。（陳品安團隊提供）今天是教師節，民進黨苗栗縣長參選人陳品安除了向教師們送上祝福，也提出教育及教師權益政見，期許從學校空間、教師待遇、心理支持到教育資源，全面改善教學現場，讓老師能專心教學，也讓孩子擁有更好的學習環境。「學校在，庄頭就在。」對於偏鄉小校，陳品安認為，應推動跨校合作、衛星學校或多元轉型，並可結合社區長照、活動等需求，轉型為公共服務空間，讓老幼同樂，為社區帶動活力；人口成長地區則依10年人口趨勢重新檢視、調整學區，優先改善高負荷學校，逐步降低班級人數。請繼續往下閱讀...為提高教師到苗栗任教及投入行政的意願，她提出，外縣市初任教師前三年，每月提供3000元租屋津貼；導師依年資加發1500至5000元，行政工作獎勵則依年資加發1至3倍，讓願意承擔更多責任的老師獲得更實質的支持。陳品安也關心教師心理健康，提出教師全年6次心理諮商，並媒合資深心理專業人員，提供進階諮詢、專業督導及個案支持；同時補足特教中心專職心評人力、提高心評人員評量費用，並逐年提升特教教師加給。此外，在硬體設施方面，陳品安也將全面盤點縣內學校校舍、圖書及教育設備，優先改善老舊及有安全疑慮的設施，持續補足教育資源落差，強調四年內讓苗栗教育資源趕上全國。    ,https://news.ltn.com.tw/news/politics/breakingnews/5588505
蘇巧慧結合雙親特質溫柔又會衝的「粉紅超跑」 獲詹姓宗親會力挺「詹家出市長」,政治,2026/09/28 16:35,民進黨新北市長參選人蘇巧慧（中）今早到桃園的詹公祖廟成立「新北詹姓宗親後援會」。（圖由蘇巧慧競辦提供）民進黨新北市長參選人蘇巧慧今早到桃園的詹公祖廟成立「新北詹姓宗親後援會」，這是繼新北市林姓宗親會、陳姓宗親會後，第3個由在地宗親組織為蘇巧慧籌組的後援會，數百位詹姓宗親齊聚支持，氣氛熱烈，後援會總會長詹金枝盼宗親團結支持蘇，讓詹家出市長！蘇巧慧也獻唱「粉紅超跑」，她強調會持續傾聽基層心聲，在選戰倒數61天全力衝刺，盼用新觀念、新方法解決老問題，帶領新北大步迎向新時代。新北市詹姓宗親會理事長詹金枝擔任後援會總會長，詹金枝說，蘇巧慧是詹家的子孫，擔任立委10年來，做事能力與成績都備受肯定。蘇巧慧表示，詹家人的特質就是溫柔有韌性的「粉紅色」，而自己的媽媽是詹家女兒，爸爸則是「衝衝衝」，兩者結合就是現在的自己，「粉紅超跑又溫柔又會衝」。請繼續往下閱讀...蘇巧慧說，兔子坑的詹公祖廟不僅是地方信仰中心，更是北台灣詹姓宗親重要的開台祖廟，今能獲得詹姓宗親滿滿的支持，對她而言別具意義。詹公祖廟主任委員詹鴻卿率幹部親自迎接蘇巧慧，蘇巧慧與眾人一同參香祈求合境平安，全國詹姓宗親總會理事長詹桂美、副理事長詹仁貴、榮譽理事長詹雙發，以及詹金枝等幹部均到場力挺，新北市議員廖宜琨、桃園市議員陳雅倫、李宗豪及新北市議員參選人陳俊諺一同出席。蘇提到，自己的母親就是詹家的女兒，也是詹姓宗親會的永久會員，她感謝媽媽長年默默付出，照顧3個女兒到長大獨立，才又拿起畫筆，把對家人的愛、對土地的感情，一筆一畫畫進作品裡，甚至走進社區照顧需要的孩童，體現「溫柔堅韌」的詹家精神。蘇說，父親蘇貞昌以詹家女婿的身分，從擔任台北縣長時期便與宗親互動密切，而她自己這10年來幾乎場場出席各項宗親活動，與大家建立深厚情誼，非常感謝眾人相挺，成為她堅強的後盾。蘇說，她擔任3屆立委、深耕新北超過10年，最了解在地的現況與需求，今適逢教師節，她主張提高教師節禮金至每年兩千元、編列假日出勤加班費，落實校園案件分流處理、溝通先行，並推動行政減量「1年有感」，希望全力做老師們最堅實的靠山。民進黨新北市長參選人蘇巧慧（左）與新北詹姓宗親後援會一同揮舞戰旗。（圖由蘇巧慧競辦提供）「新北詹姓宗親後援會」現場支持者與民進黨新北市長參選人蘇巧慧（第二排左4）合影。（圖由蘇巧慧競辦提供）民進黨新北市長參選人蘇巧慧（前中）與新北詹姓宗親後援會鄉親合影。（圖由蘇巧慧競辦提供）民進黨新北市長參選人蘇巧慧（左4）與眾人參香。（圖由蘇巧慧競辦提供）    ,https://news.ltn.com.tw/news/politics/breakingnews/5588541
藍白大咖齊聚斗六！張嘉郡、黃尤美合體造勢 張榮味現身力挺,政治,2026/09/28 16:31,國民黨雲林縣長參選人張嘉郡、斗六市長參選人黃尤美聯合競選總部今成立，久未在公開場合露面的前縣長張榮味（右）也到場力挺。（記者黃淑莉攝）國民黨提名雲林縣長參選人張嘉郡、斗六市長黃尤美聯合競選總部今（28）日成立，前縣長張榮味、縣長張麗善及立委許宇甄、丁學忠、蔡春綢及前立委蔡壁如都到場力挺，現場湧入近千名支持民眾。張嘉郡強調，矽品精密已在斗六設廠，未來持續爭取高科技產業進駐，帶來更多產業與工作機會，讓年輕人有機會留在家鄉發展。張嘉郡、黃尤美聯合競總設在斗六市成功二街莊敬夜市附近，2人在張麗善、斗六市長林聖爵陪同下進場，支持者高喊「凍蒜」、加油，士氣高昂，許久未在公開場合露面的張榮味也到場力挺。請繼續往下閱讀...張麗善表示，這8年雲林縣一步步累積建設成果，斗六有許多改善，斗六一直是雲林首善之區，縣府將砸下約30億推動複合式公共建設案，現在要走向下一個階段，她支持張嘉郡接棒，並與黃尤美共同合作，延續既有政策及持續推動各項建設，為斗六、雲林爭取更多發展機會。張嘉郡指出，斗六未來的發展，要把城市生活機能做好，也要持續爭取高科技產業進駐。矽品精密已經在斗六設廠，未來也會持續爭取矽品二期，還有241公頃電動車產業園區的規劃，帶來更多產業與工作機會，讓年輕人有機會留在家鄉發展。她也提出斗六小巨蛋、雲林美術館及教育政策等規劃。張嘉郡強調，打造斗六下一個十年，交通建設更是重要的一環，對於斗六人等了20年的斗六鐵路高架化，未來她會盡全力推動、爭取完成，讓斗六的城市發展再往前一步。黃尤美則表示，斗六下一階段不是把過去歸零，而是要承接好的經驗，升級市民需要的，未來希望將28年地方服務經驗帶進市公所，以「行動市長」為目標，走進社區、貼近市民，讓市政工作真正落實。國民黨雲林縣長參選人張嘉郡、斗六市長參選人黃尤美聯合競選總部今成立，支持者高喊「凍蒜」。（記者黃淑莉攝）國民黨雲林縣長參選人張嘉郡、斗六市長參選人黃尤美聯合競選總部今成立，展現藍營團結氣勢。（記者黃淑莉攝）    ,https://news.ltn.com.tw/news/politics/breakingnews/5588577
新竹市落實「0到6歲市府養」 臨托讓年輕爸媽假日工作有靠山,政治,2026/09/28 16:31,"新竹市長高虹安競辦表示因落實「0到6歲市府養」，臨托服務讓年輕爸媽假日工作有靠山。（市府提供）新竹市長高虹安競選辦公室指出，高虹安上任以來積極落實「0到6歲市府養」政策，推動各項公托、定點臨托計畫，今年再結合私立準公共化托嬰中心資源，擴大假日臨托服務量能，成為家長們最堅實的後盾。除東區關東公共托嬰中心及香山區內湖公共托嬰中心外，北區兒少家庭福利館新建案、赤土崎多功能館及竹蓮段公辦都更案等，合計10處公托據點年底陸續完工啟用。競辦指出，高虹安上任前竹市公共托育量能僅49名，經積極布建公共托育據點，整體收托量能較過去提升超過10倍，總收托量能可達535名幼兒。為持續落實「願婚、敢生、樂養」的施政願景，回應竹市育兒家庭的照顧需求，高虹安持續規劃布建公共托嬰中心，透過盤點公有空間資源及實地會勘，今年已開工的華德福實驗學校舊址2樓建置「內湖公共托嬰中心」，預計成為竹市第5座公共托嬰中心，並於明年3月收托，進一步滿足香山地區托育服務量能。請繼續往下閱讀...高虹安競辦表示，為提升家長申請定點臨時托育服務的便利性與即時性，並簡化預約流程，3月結合新竹市數位申辦平台及新竹通APP，推出「定點臨托線上預約」服務，讓家長可透過線上平台快速完成預約，便捷又省時。為回應家長假日托育需求，高虹安在112年4月即先在東區推出假日及夜間定點臨托服務，今年再結合私立準公共化托嬰中心資源，透過公私協力方式擴大假日臨托服務量能。此次共有4家托嬰中心加入假日定點臨托服務行列，各據點運用既有專業托育環境及合格托育人員，提供安全且專業的臨時托育服務，讓家長於假日期間有更安心、便利的托育選擇，歡迎有需要的爸媽多多利用。此外，市府團隊去年起也同時推動「托嬰中心監視影像雲端化儲存」機制，與中華電信配合，在東區、北區及香山3所公托完成雲端儲存測試，影像可妥善留存1個月且運作穩定，預計於明年擴大輔導全市90家公私立托嬰中心，約1,500支攝影鏡頭影像上雲端，強化托育安全及影像保存機制，讓家長更安心，打造友善育兒環境，朝「願婚、敢生、樂養」目標邁進。    ",https://news.ltn.com.tw/news/politics/breakingnews/5588523
沈伯洋曾說南部食物太甜！ 合體黃偉哲、陳亭妃「和解」喊緊張：講錯話會被消音,政治,2026/09/28 16:27,"台北市長參選人沈伯洋出席台南之友挺沈伯洋後援會（記者陳逸寬攝）民進黨籍台北市長參選人沈伯洋9月訪日曾開玩笑說「中南部食物太甜了」，引爆南北甜度大戰。今天合體台南市長黃偉哲、市長參選人陳亭妃，沈笑說，來「和解」的路上非常緊張，競選團隊也有蠻多台南人，今天控麥克風的就是台南人，自我調侃講錯話會被消音。沈伯洋表示，台南的甜「一直都是我十分享受的一種味道」，來的過程非常緊張，競選團隊也有蠻多台南的同仁，今天控麥克風的就是台南人，「我覺得我講錯話可能會被消音！」所以今天是要來「和解」好好告訴大家為何台南的對台灣如此重要。請繼續往下閱讀...媒體追問，才說要和台南的甜「和解」，可是昨天到台中時，又用東泉辣椒醬淋在雞蛋糕上，黨內同志無法接受，「美食怪客」是要以美食戰台灣的東西南北嗎？沈伯洋指出，台北跟台南的和解，跟台中沒有什麼太大的關係，今天人不在台中，「台中的特色就是混亂中立。」沈伯洋提到，台中是一個富有各式各樣口味的地方，真的非常特別，所以會看到好像感受到有台北的口味、台南的口味，又有台中自己的口味，呈現台中的特色，「我只是想在創新之上再加一點創新。」陳亭妃笑稱，「放心，跟黃偉哲帶了很多沈伯洋沒有吃過的東西，要來改變他的味蕾，以及他對台南小吃的概念」。台北市長參選人沈伯洋出席台南之友挺沈伯洋後援會（記者陳逸寬攝）    ",https://news.ltn.com.tw/news/politics/breakingnews/5588539
金華國中校長為營養午餐食安致歉 簡舒培批市府：何時才要跟孩子道歉？,政治,2026/09/28 16:18,台北市議員簡舒培。（資料照）民進黨台北市議員簡舒培日前爆料，大安區金華國中學生教師食用午餐小卷後出現腹瀉等症狀，市府稱其發言為「造謠」、「已翻車」，更有多位國民黨議員至金華國中替政府護航。然該校校長發出公開信，向此次身體不適、對用餐感到不安或受到事件影響的同學們，表達關心與歉意。當初揭露事件的簡舒培今（28）日受訪說道，本月10日孩子就已經吃壞肚子，市長跟國民黨卻還在攻擊這起事件是認知作戰，怒批「你們究竟什麼時候才要跟孩子們道歉？」若連這都做不到，真的非常邪惡可惡。簡舒培指出，是否屬於食物中毒，應回歸科學標準來認定。現在已知至少有3名學生受影響，但到底還有多少孩子受害，大家根本不得而知。金華國中的孩子吃了學校午餐後拉肚子，台北市府卻完全沒有進一步調查的打算，甚至進行政治操作，指控爆料是「烏龍爆料」、「認知作戰」或「翻車」。然而，連校長都已經出面證實確實有孩子吃壞肚子。現在市府才拿「沒有食材可供檢驗」來當藉口，導致案件死無對證，根本從頭到尾都沒有認真檢驗。市府繼續在這種框架下做文章，難道孩子拉肚子就是活該嗎？請繼續往下閱讀...簡舒培認為，蔣萬安市長一開始態度消極、不願積極承認問題。蔣萬安到底要不要道歉？國民黨的政治人物到底要不要道歉？也提到議員鍾沛君至學校吃午餐一事，建議安排國民黨政治人物、蔣萬安與北市府局處首長輪流到各學校用餐。簡舒培怒轟，市府胡扯了這麼多，還繼續推託說「有沒有食物中毒需要留存食材檢驗」。但既然現在已經知道有這麼多孩子受害，為什麼事發一週後才向家長說明有食安問題？有孩子在週末足足拉肚子拉了3天，媽媽現在非常後悔，因為事發當下完全不知情，直到後來開家長會才得知真相。面對爆料，市府死不承認，難道是在指控那些孩子根本沒有拉肚子嗎？校長的公開信，市長難道都沒看到嗎？台北市的免費午餐辦成這樣、連自家市政都做不好，怎麼還有臉跑到基隆去輔選？簡舒培表示，市長到底什麼時候才要跟學生和家長道歉？也說市府不需要向她道歉，但到底什麼時候要向學生道歉並坦承「對不起，讓你們吃到不健康的食物」？如果連向孩子道歉都做不到，這真的是非常邪惡與可惡。    ,https://news.ltn.com.tw/news/politics/breakingnews/5588540
民進黨陸海空3箭齊發  嚴防「反串青鳥」出征掀仇恨,政治,2026/09/28 16:18,藍營日前指控「青鳥」出征鬍鬚張滷肉飯，民進黨台北市長參選人沈伯洋隨後發布盲測3家台北市滷肉飯的影片，強調選舉是一時的，但美食是一輩子的，要把分界劃清楚。（擷取自Threads）縣市長選戰倒數2個月，民進黨規劃「陸海空」三箭齊發，總統賴清德、前總統蔡英文、副總統蕭美琴分進合擊到各縣市輔選之外，空戰也持續擴大「洋流」影響力；面對選戰可能變數，綠營積極強化「網路海巡」，嚴防境外勢力介選與「青鳥出征」的反串操作，最後階段堅持主打正面選戰，對各類攻擊做好萬全防備。在陸戰部署上，除了賴清德親赴各縣市競選總部成立大會凝聚支持者向心力，並與蔡英文、蕭美琴等黨內大咖分進合擊拉抬參選人聲勢之外，中央黨部各部門也動起來，包括青年事務部「青年志工輔選團」、性別平等事務部「烏貓戰隊」，以及新住民事務部、原住民族事務部組成的專屬輔選團隊相繼啟動，深入各縣市掃街並舉辦中小型座談會，對應相關族群「精準打擊」。請繼續往下閱讀...空戰則主打「線上合作、線下合體」。黨內人士表示，台北市長參選人沈伯洋近來掀起「洋流效應」，將透過跨選區合體、合作拍攝影片或線上串聯等方式達到最大擴散效果，同時以「雙北雙箭頭」的領頭羊聲勢，帶動全台所有「好人才戰隊」，同步拉抬優質鄉鎮市長參選人的曝光度。不過，選戰最後階段的變數不容忽視，民進黨將強化「網路海巡」，黨內人士指出，近來境外勢力介選、認知作戰與錯假訊息的攻勢越來越強烈，甚至出現反串「青鳥出征」、刻意重提大罷免激發基本盤仇恨值的操作，民進黨會加強防備，後續也會彙整「選前奧步」提醒支持者。黨內人士表示，最後衝刺階段，民進黨會根據整體氣氛調整返鄉投票與催票節奏，堅持主打不做人身攻擊、仇恨對立的正面選戰，一旦對手有任何抹黑，也會即時澄清反擊；此外，立法院新會期開議在即，民進黨也將全力監督國會，呼籲在野黨以蒼生為念，別再延宕攸關普發一萬、補貼中油凍漲油價的中央政府總預算案。    ,https://news.ltn.com.tw/news/politics/breakingnews/5588525
競總成立大會搖滾區秒殺 沈伯洋：5萬人在線、平均每秒400次點擊、30秒就沒了,政治,2026/09/28 16:15,民進黨籍台北市長參選人沈伯洋。（資料照）民進黨籍台北市長參選人沈伯洋競選總部成立大會，本週日（10月4日）將在北平東路登場，今天中午透過「LINE」官方帳號開放預約限量搖滾區，未料太過熱門瞬間額滿。對此，沈伯洋下午出席活動時，被問到競總大會搖滾區名單秒殺、位置數量及會否再加開？沈說，約有數百個位置，平均每秒400次點擊、30秒就沒了。沈伯洋表示，記得位置數量是幾百，但因同時有5萬人在線上，平均一秒有400次點擊，所以也不是當掉，而是「30秒就沒了」。沒預約到的不用擔心，場地非常大，只是搖滾區被搶完，前面廣場還是很大，歡迎前來。請繼續往下閱讀...沈伯洋指出，對沒搶到搖滾區的朋友，當天會想辦法補償大家，「我還在想要怎麼辦，剛才一路上都在想這件事。」    ,https://news.ltn.com.tw/news/politics/breakingnews/5588520
李四川到深坑老街拜票被攤商熱情餵食 以行動推廣在地觀光,政治,2026/09/28 16:14,國民黨新北市長參選人李四川（左）到深坑老街拜票，被在地店家熱情餵食「豆腐麻糬」。（李四川競辦提供）國民黨新北市長參選人李四川今出席深坑區聯合競選總部成立大會後，接續到深坑老街拜票，沿途有民眾、攤商找他握手、合影，高喊「一定要當選」，另有店家餵食他「豆腐麻糬」，在地店家勝川茶行也送上茶葉，祝福「勝利李四川」，李四川一一品嚐老街美食，並推薦各攤位，以實際行動推廣在地觀光及美食特產。李四川今趁中午時間走訪深坑老街，深坑商圈理事長、深坑里里長黃建強以及埔新里長游貫中，立委羅明才、市議員陳儀君、黃心華、市議員參選人游皓麟、何應明皆共同掃街。請繼續往下閱讀...李四川拜票沿途受到熱情鄉親與遊客歡迎，許多家長也帶著孩子上前合照，來回拜票一趟約掃了1小時，許多民眾上前與他握手、合影，李四川也走進深坑咖啡廳，與店裡正在用餐的客人打朝呼互動，甚至幫用餐顧客舉起手機自拍合影，讓民眾又驚又喜。李四川還走進許多店家選購在地伴手禮，與攤商及鄉親親切交流，另有店家準備在地特色美食豆腐麻糬邀李四川品嚐，甚至直接餵食，李四川也直接張口品嚐，大讚美味。他另前往在地信仰中心集順廟參拜，與廟方幹部及現場信眾共同祈福，沿途人潮聚集、互動熱絡，展現深坑老街濃厚的人情味與地方活力。李四川表示，感謝所有在地鄉親與里長一路以來的溫暖與支持，「好的建設，做就對了」，地方建設不分顏色，最重要的是能真正回應鄉親需求，未來若擔任市長，他也將攜手地方，持續為深坑的交通與觀光發展努力，帶動地方繁榮，並為新北市的建設與發展持續打拚。李四川事後也在臉書發布今天掃街照，他分享其中1張一位爸爸身上抱著的小男孩，稚嫩卻有力氣地喊著「川伯凍蒜！」為他打氣，他說，秋老虎發威，也都不及鄉親的熱情，因為有大家，讓深坑一切更美好。20多年來，他努力為深坑，未來他繼續深耕。國民黨新北市長參選人李四川（握手左）與店家握手互動。（記者黃政嘉攝）國民黨新北市長參選人李四川（握手右）與店家握手互動。（記者黃政嘉攝）國民黨新北市長參選人李四川（舉手機者）走進深坑咖啡廳與顧客合影。（記者黃政嘉攝）國民黨新北市長參選人李四川（蹲者中）在深坑老街，蹲下看著他過去與在地里長推動水溝蓋融入在地意象。（記者黃政嘉攝）國民黨新北市長參選人李四川（右2）事後分享，一位小男孩（中）稚嫩有力地喊著「川伯凍蒜」，為他打氣。（李四川競辦提供）    ,https://news.ltn.com.tw/news/politics/breakingnews/5588489
蘇巧慧：沒說自己是博士 否認反對增加國定假日,政治,2026/09/28 16:02,民進黨新北市長參選人蘇巧慧（中）28日到桃園，回應學歷爭議，強調節日紀念日應該要從國家整體價值、脈絡一起思考。（記者李容萍攝）台北市長蔣萬安立法院英文學歷由「SJD」（法學博士）改成「JD」（法律博士），引起討論，新北藍營質疑民進黨新北市長參選人蘇巧慧在第9屆立委的英文簡歷也登記為「SJD」。對此，蘇巧慧今（28）日到桃園，對於學歷爭議，她說，一直以來都非常清楚，自己資料登載的是美國賓州大學的法律碩士，真的沒有必要糾結做文章。她也否認反對增加國定假日，強調節日紀念日應該要從國家整體價值、脈絡一起思考。蘇巧慧的媽媽詹秀齡、自稱也是詹家子孫的她，今天由也是詹家媳婦的民進黨桃園市議員陳雅倫、李宗豪以及新北市板橋選區市議員參選陳俊諺等人陪同前往桃園龜山出席詹姓宗親後援會成立大會，場內宗親高喊「2026新北會贏」來歡迎她。請繼續往下閱讀...面對學歷爭議，蘇巧慧表示，自己各項公開資料顯示，從開始參選到當選立委，登載的都是美國賓州大學的法律碩士，也是法學博士SJD的候選人，這項資料非常清楚，真的也沒有什麼好說的，沒有必要糾結做文章。她強調，因為所有資料公開可查，並沒有說自己是博士。至於被點名反對教師節放假，蘇巧慧說，自己過去不管在委員會、社群發文，從沒反對過增加國定假日、教師節放假，只是認為討論國家的節日紀念日時，應該要從國家整體價值、脈絡一起思考，包含思想概念、傳遞的價值才有整體感，這是當時討論法案的狀況。蘇巧慧提到，累積這幾年經驗，競選期間也多次拜訪教師團體和教師會，主張未來教師節的教師禮金要提高為2000元、假日出班出勤發給加班費、行政減量一年有感、校園案件分流來處理。她強調，會努力和老師們一起建構最好、最安全，對孩子們最友善的校園環境，也讓老師有尊嚴的工作。民進黨新北市長參選人蘇巧慧（左4）28日到桃園，開心談及自己是詹家子孫，感謝家族成立詹姓宗親後援會力挺。（記者李容萍攝）民進黨新北市長參選人蘇巧慧（中）28日到桃園，開心談及自己是詹家子孫，感謝家族成立詹姓宗親後援會力挺。（記者李容萍攝）民進黨新北市長參選人蘇巧慧（左2）28日到桃園，出席詹姓宗親後援會成立大會上香祈福。（記者李容萍攝）    ,https://news.ltn.com.tw/news/politics/breakingnews/5588507
沈伯洋3個月瘦10公斤！鐵人行程操到嗓啞 支持者送「睡覺寶可夢」勸休息,政治,2026/09/28 15:41,"沈伯洋行程滿檔，昨天在台中坐高鐵要趕回台北時支持者送上睡覺寶可夢飲料，希望他能多休息，澕注意身體，沈伯洋一直拿著寶可夢飲料。（記者蔡淑媛攝）民進黨台北市長參選人沈伯洋鐵人行程，不但3個月瘦10公斤，近期行程更是滿檔，從清晨到深夜連續跑點，出現嗓子沙啞、神情疲憊等狀況，讓許多支持者擔心他的健康，昨天沈伯洋到台中助選，有支持者特地到高鐵送他寶可夢睡眠盲盒飲料，希望沈伯洋多休息，保重身體，才能繼續應戰。沈伯洋行程滿滿，光是昨天一早到台中助選，短短4個小時連跑3個行程，與議員參選新人比賽戰鬥陀螺，合體何欣純在烈日下與洶湧人潮城市走讀1個多小時及野餐吃播，又參加百工百業後援會造勢，接著趕高鐵回台北參與兒少活動，晚上還戴著口罩去華山聽歌，馬不停蹄跑選戰，鐵人行程讓支持者與團隊相當心疼。請繼續往下閱讀...昨天沈伯洋到高鐵台中站趕回台北時，就有支持者送他睡眠寶可夢盲盒飲料，希望用沈伯洋喜歡的寶可夢勸他多休息，果然戳中沈伯洋的心，一路拿著飲料上高鐵，進站、到月台候車被媒體訪問或與彰化市長參選人黃柏榆合影時，都可看到他緊握著飲料。送飲料的支持者說，沈伯洋行程滿檔，一天又只睡3、4小時，很心疼他的身體狀況，送上這款又叫睡覺寶可夢的睡眠寶可夢盲盒飲料，希望他能多休息，而且聽沈伯洋說到日本也沒時間為女兒小麻糬買寶可夢，因此也能給小麻糬。選戰進入倒數衝刺階段，對於沈伯洋過度操勞的狀況，競選總幹事、立委吳思瑤日前也說，團隊已經調整行程，強制讓沈伯洋有必要的休息時間，並安排就診治療；身兼民進黨主席的總統賴清德也交代沈伯洋每天必須午休 1 小時。沈伯洋一路拿著支持者送的睡覺寶可夢飲料上高鐵，從進站、到月台候車時被媒體訪問或與彰化市長參選人黃柏榆合影，都可看到他緊握著飲料。（記者蔡淑媛攝）    ",https://news.ltn.com.tw/news/politics/breakingnews/5588530
蔣萬安稱政策方向不同 沈伯洋：釐清事實後要辯論隨時都歡迎,政治,2026/09/28 15:41,台北市長參選人沈伯洋。（資料照）民進黨籍台北市長參選人沈伯洋今天下午出席活動，受訪被問到，台北市長蔣萬安贊同說不贊成「狸貓換太子」活動，不過蔣另列舉營養午餐、雙城論壇、能源議題，稱市政方向兩人有差異，市民會選擇穩健前行的方向。對此，沈回應，「一旦事實釐清，要辯論隨時都歡迎。」沈伯洋表示，之後希望還是能夠有比較多實質的辯論，真的蠻重要的，要辯論或要討論市政，這個出發點很好，不過在這個出發點之前，事實還是要釐清。例如國與國之間的交流，提出的法案從來沒有反對交流，講的一直都是風險的控管。請繼續往下閱讀...沈伯洋指出，例如營養午餐，不是說要反對免費，而是說要品質的控管，不要拉肚子，以及家長能否自費可以討論，強調事實釐清非常重要，「一旦事實釐清，要辯論隨時都歡迎。」    ,https://news.ltn.com.tw/news/politics/breakingnews/5588503
林國漳社大師生後援會成立 學生力挺宣示選人不選黨,政治,2026/09/28 15:33,林國漳（前排中）社大師生後援會今天舉辦成立大會，湧入大批師生到場相挺。（圖由林國漳競辦提供）今天（28日）是教師節，民進黨宜蘭縣長參選人林國漳社區大學師生後援會舉辦成立大會，湧入超過200名宜蘭及羅東社大老師、學生相挺，洋溢深厚師生情誼與動人暖意。學生黃志豐表明選人不選黨，堅定支持林國漳。林國漳2000年踏上宜蘭社大講台，他回顧26年教學生涯感性地說，社大最可貴精神就是放下黨派與立場，純粹熱愛學習而聚在一起，如今從講台走向承擔全縣未來的選戰，絕非為了個人權力，而是希望將這份深耕基層的熱忱回饋全宜蘭。請繼續往下閱讀...宜蘭及羅東社大創校校長張捷隆出任林國漳社大後援會總會長，他讚許林國漳任教26年來風雨無阻，把艱澀法條轉化為生活智慧，是名副其實資深優良教師，之後話鋒一轉，痛批國民黨宜蘭縣長參選人吳宗憲，為了選舉才搬來宜蘭，並在立法院配合爭議法案、排擠教育預算，影響社大經費與學分費，唯有正派在地的林國漳才是最佳人選。擔任職業軍人超過20年的黃志豐，也是林國漳在宜蘭社大的學生，他回憶說，林國漳長年在各縣市奔走開庭，始終守約回宜蘭授課，課後還幫忙擦黑板、整理教室，事必躬親、謙卑待人態度令人敬佩，他表明這次宜蘭縣長選舉選人不選黨，表達堅定支持林國漳的立場。林國漳（中）宜蘭社大學生黃志豐（右）表明選人不選黨，堅定支持林國漳。（圖由林國漳競辦提供）    ,https://news.ltn.com.tw/news/politics/breakingnews/5588471
基隆選情生變？ 市長民調：48.9％受訪者盼換人做看看,政治,2026/09/28 15:26,針對民調顯示，有4成89受訪市民表態，市長換人做看看，民進黨基隆市長參選人童子瑋做出回應。（童子瑋進步基隆辦公室提供）有網路媒體委託山水民調公司，進行基隆市長民調，民進黨基隆市長參選人童子瑋支持度達34.2％、國民黨謝國樑則為38％，雙方差距僅剩3.8％。其中該份民調更有48.9％表示「同意」市長換人做看看。針對民調結果，童子瑋表示，民調僅供參考，最重要的還是持續提出城市願景、呼籲選民出來投票，才有機會改變基隆。謝國樑競選辦公室指出，「請對手陣營公佈完整民調報告，以彰公信」。對此，童子瑋表示，謝國樑上任市長幾年來，基隆面臨人口流失、商業發展失衡等問題，這些都是市民在大街小巷可以直接感受到的。市政在城市長遠發展上也缺乏清楚願景，公務體系更出現人才流失、運作混亂等狀況。請繼續往下閱讀...童子瑋說，民調顯示有將近5成市民希望基隆能夠換人做做看，反映的是市民對目前市政表現的不滿與對改變的期待。對他而言，民調只是參考，最重要的還是持續提出城市願景、一步一步爭取市民認同。童子瑋最後也強調，我們共同的目標就是讓基隆進步，也希望市民朋友一起出來投票，讓基隆真正改變。根據這份民調，調查於9月20日至21日進行，有效樣本1076人，在95％信心水準下抽樣誤差約正負2.98個百分點。童子瑋目前知名度為91.0％，雖仍低於現任市長謝國樑，但童子瑋欣賞度50.1％、不欣賞17.2%，換算淨欣賞度74.4%；謝國樑欣賞度53.3%、不欣賞29.6%，淨欣賞度64.3%，童子瑋在人物評價上高出10.1個百分點。    ,https://news.ltn.com.tw/news/politics/breakingnews/5588468
921起可去摩洛哥旅遊了！外交部：摩洛哥口頭承諾恢復申請觀光簽證,政治,2026/09/28 15:14,外交部發言人蕭光偉今（28）日指出，摩洛哥駐日本大使館25日已口頭承諾，自本月21日起恢復受理我國人以「觀光」為目的申請「簽證確認函」（Visa Confirmation Letter，VCL）。（資料照）國人可以赴摩洛哥旅遊了！外交部發言人蕭光偉今（28）日指出，摩洛哥駐日本大使館25日已口頭承諾，自本月21日起恢復受理我國人以「觀光」為目的申請「簽證確認函」（Visa Confirmation Letter，VCL）。我國人赴摩洛哥需透過摩洛哥駐日本大使館申請「簽證確認函」，摩洛哥政府卻於7月20日暫停受理我國人申請「簽證確認函」。我國外交部當時基於對等原則，自同月30日起暫停受理摩洛哥籍人士來台的簽證申請。請繼續往下閱讀...蕭光偉表示，外交部於25日致電摩洛哥駐日本大使館，初步獲得口頭回覆，摩洛哥政府自本月21日起恢復受理我國人以「觀光」為目的的簽證確認函申請。至於我國政府是否會恢復受理摩洛哥籍人士來台簽證申請，蕭光偉表示，由於摩洛哥政府尚未正式公告相關調整，且根據目前資訊，摩方僅開放受理以「觀光」為目的之申請，外交部將進一步確認我國人申獲摩洛哥簽證情形，並滾動式研議重新開放摩國籍人士申請來台簽證事宜。    ,https://news.ltn.com.tw/news/politics/breakingnews/5588504
金華國中校長證實學生腹瀉致歉！網轟蔣市府「翻車」：出來打球,政治,2026/09/28 15:00,台北市長蔣萬安。（資料照）台北市金華國中營養午餐爭議延燒，台北市長蔣萬安與北市教育局日前多次重申金華國中並無食物中毒，強烈抨擊民進黨台北市議員簡舒培「烏龍爆料」、民進黨台北市長參選人沈伯洋「翻車還上車、認知作戰製造恐慌」等。然而，金華國中校長黃啟清在中秋連假期間發表公開信，證實確實有學生食用後身體不適並公開致歉，隨即引發網路熱議。回顧事件起因，民進黨台北市議員簡舒培接獲陳情，指金華國中師生日前食用含小卷的營養午餐後出現腹瀉不適，質疑留樣與通報機制有瑕疵，沈伯洋隨後也發聲關切。對此，台北市教育局發布新聞稿《事實已證明議員烏龍爆料 教育局籲沈伯洋委員不該看到翻車還上車》，強烈譴責簡舒培指控不實、沈伯洋跟進造謠污衊一線同仁，強調全校並未發生食物中毒，蔣萬安亦重砲抨擊沈伯洋以「認知作戰」製造社會恐慌，要求兩人道歉。請繼續往下閱讀...然而，金華國中校長黃啟清在中秋連假期間於學校官網刊登公開信 ，坦承9月4日學生食用含小卷午餐後，雖在5天後已過留樣保存期，但校方陸續接獲第1起正式通報及後續2位同學告知身體不適。期間校方除了啟動相關通報與處理流程，密切掌握與關心學生健康狀況外，亦透過家長會家長代表群組提醒與詢問用餐後的狀況。9月23日經議員與媒體披露，引發各界關心。信中校長特別向「此次身體不適、對用餐感到不安或受到事件影響的同學們表達關心與歉意」，強調學生正在承受的不安與焦慮都該被認真看待，學校也將持續關心。校長公開信曝光後迅速在網路發酵，網友紛紛質疑蔣市府：「金華國中校長出面道歉了，蔣稿機和那些說造謠的人，要不要也出面跟相關的人道歉?」、「金華國中校長道歉了，也承認不只一位學生通報，所以說沈伯洋簡舒培翻車的要道歉了沒？，台北市教育局說沒有這件事要道歉了沒？」台派網紅徐小花也發文批評：「快訊！金華國中校長終於承認有學生吃到不適，跟學生道歉。欸，真沒想到學生要自己開脆帳說明自己吃到的營養午餐有多不舒服，才被學校理會。那請問第一時間就責怪學生責怪議員假消息的北4斧（北市府）該出來打球了吧？」臉書粉專「Mr.柯學先生」也發文直言，「蔣萬安翻車了！金華國中校長親筆信道歉，表示學生卻有不適，但是已過留樣保存期，無法採樣。台北市教育局踹共！誰翻車再大聲講一次？」    ,https://news.ltn.com.tw/news/politics/breakingnews/5588465
出席客家聯歡會 蔣萬安：秉持硬頸精神打造台北為AI科技核心,政治,2026/09/28 14:55,台北市長蔣萬安今（28）出席台灣客家總商會中秋聯歡會。（記者羅沛德攝）台北市長蔣萬安今（28）日出席台灣客家總商會中秋聯歡會，在會中致詞表示，台北市有超過40萬人的客家鄉親，一直以來，我們台北隊秉持著客家鄉親硬頸的精神，我們和所有我們客商以及客家的夥伴，拼出亮眼成績。蔣也再度提到輝達落腳台北，並於致詞最後提到水岸廊道改造計畫，「巴黎有塞納河、紐約有哈德遜河、首爾有清溪川，台北也有我們自己的淡水河。」蔣萬安提到，去年台北市整體營利事業銷售額高達19.4兆，比前一年成長了5%；今年上半年營利事業銷售額達到了10兆，比去年同期再成長了10%。感謝所有的客商先進以及客家鄉親，大家共同攜手努力打拼，才有今天這樣具體的成果，也為台灣的經濟發展投入了巨大的付出跟貢獻。請繼續往下閱讀...另一方面，台北市我們也秉持客家的精神，在全球AI浪潮之下跟世界頂尖城市競爭。成功爭取輝達（NVIDIA）華人首富黃仁勳海外總部就在台北市落腳。既然要落腳、要扎根台北，所以我說一定要在台北設立總部、研發中心，所以為了他們從興建到營運，投入至少400億的經費，未來10年、20年的科技產業發展打下深厚的基礎，也讓台北持續成為AI科技發展最強的一顆心臟。我們也會結合南港、內湖打造台北科技舞台。另一方面，包括緯創等相關工業夥伴也在內湖持續新建他們的研發大樓；包括AMD在今年9月初也宣布要落腳，他們在美國本土以外最大的AI基礎設施基地也選擇在北市。城市的發展無可限量，給更多年輕朋友更多的機會。此外，蔣萬安也提到，現在正在進行河岸城市改造。淡水河很早以前，希望從過去背對河流，現在大開河岸，並規劃四項進度。投入18億的預算，過去淡水河岸因為堤防道路的阻隔，讓市民跟河岸產生距離。未來能讓河岸成為市民朋友生活的地方，而更重要是在展現台北的優勢，它串接著台北市最具有歷史文化底蘊的舊城區大稻埕，延伸到艋舺西區，能夠讓市民也有屬於自己的水岸廊帶；巴黎有塞納河、紐約有哈德遜河、首爾有清溪川，台北也有我們自己的淡水河。蔣萬安說，改造計畫第一階段今年已經完成；再過幾年第二階段完成，我們會從玉泉公園、台北橋到大稻埕再往北走。    ,https://news.ltn.com.tw/news/politics/breakingnews/5588449
賴清德至嘉縣民雄保安宮贈匾 祈求蔡易餘陳琮貽當選,政治,2026/09/28 14:53,總統賴清德（前中）民雄鄉雙福保安宮參香祈福。（蔡易餘競選服務處提供）總統賴清德今天與民進黨嘉義縣長參選人蔡易餘、民雄鄉長參選人陳琮貽前往民雄鄉雙福保安宮參香祈福，賴清德致贈「佑濟群生」匾額給廟方，賴清德表示，保安宮神威顯赫、香火鼎盛，是地方重要信仰中心，他向保生大帝許願，祈求蔡易餘高票當選嘉義縣長、陳琮貽當選民雄鄉長。今天現場超過600多位在地鄉親出席，蔡易餘、縣長翁章梁、立委陳冠廷、王義川、民進黨中央黨部宗教委員會總召集人余政憲、陳琮貽、縣議員林淑完、黃啟豪、縣議員參選人何文華，以及雙福村長暨雙福保安宮主任委員的黃福元等代表、村長一同出席。請繼續往下閱讀...賴清德表示，今日拿香三拜，祈求保生大帝保佑台灣國泰民安、風調雨順，同時專程前來許願，除蔡易餘與陳琮貽，也盼認真打拚的村長都能順利連任。賴清德指出，嘉義縣未來將是台灣無人機產業最重要的聚落，嘉義科學園區將再擴建約198公頃，正從農業大縣轉型為科技大縣。嘉義縣一棒接一棒才有今天，接下來一定要順利交棒給在立法院認真打拚的蔡易餘，由他帶領縣府與中央合作，半導體、人工智慧等先進科技產業才能逐步落實，因此拜託鄉親讓蔡易餘高票當選縣長，陳琮貽當選民雄鄉長，民雄即將脫胎換骨。蔡易餘說，隨著中科院民雄院區啟用、無人機產業園區動土，民雄未來將是大南方新矽谷的無人機重鎮，也是守護國家安全的國防要塞，將匯聚優秀的科學家，更多年輕研究生與學子也會在此落腳，賴總統推動均衡台灣，就是要讓嘉義從民雄開始脫胎換骨。蔡易餘強調，未來民雄鐵路高架化工程完工，更多產業也將陸續布局，他將與陳琮貽進一步推動都市計畫通盤檢討，讓民雄從鄉鎮邁向現代化城市。賴清德贈匾「佑濟群生」給雙福保安宮。（蔡易餘競選服務處提供）賴清德（右3）請鄉親支持蔡易餘當選嘉義縣長（右2）、陳琮貽當選民雄鄉長（右4）。（蔡易餘競選服務處提供）    ,https://news.ltn.com.tw/news/politics/breakingnews/5588432
自由觀點》蔣萬安草包原形畢露  簡直韓國瑜複刻版,政治,2026/09/28 14:50,    ,https://news.ltn.com.tw/news/politics/breakingnews/5588483
沈伯洋淋辣椒掀雞蛋糕革命？店家：將出「沈伯洋限定」辣椒款,政治,2026/09/28 14:46,民進黨台北市長參選人沈伯洋（右）在雞蛋糕塗「東泉辣椒醬」，意外掀起台中雞蛋糕革命。（記者廖耀東攝）民進黨台北市長參選人沈伯洋27日將「洋流」帶到台中，與台中市長參選人何欣純合體走讀「洋流會欣潮」，兩人在市民廣場野餐時，沈伯洋在雞蛋糕塗上厚厚一大層「東泉辣椒醬」，一天以來，在台中掀起蛋黃酥、月餅被淋上辣椒醬慘況，連「苦主」雞蛋糕業者也預計推出「沈伯洋限定」辣椒款。沈伯洋在雞蛋糕塗上厚厚一大層「東泉辣椒醬」，事後還津津有味稱「雞蛋糕加東泉辣椒醬還不錯，很特別！」此舉讓何欣純及競總主委蔡其昌接連抗議，各地紛紛出現蛋黃酥、月餅被淋上辣椒醬慘況，甚至連咖啡也加入，林小姐說，記得插進去「用灌泡芙的方法灌它」。請繼續往下閱讀...麵麵雞蛋糕是台中知名台派店家，業者表示，特別感謝「咱們的未來台中市長阿純」熱情介紹，讓蛋糕一舉成名天下知，自製奶酥、卡士達醬純手工包餡，不使用現成配方粉，相當適合給孩子們當作下午茶點心。業者今天（28日）公休，不少粉絲前往西區中興街撲空，店家強調，後續可能可以考慮出一款「沈伯洋限定」，或是大家也可以來店舖買原味雞蛋糕，回去自己加看看（東泉辣椒醬），再和他們分享口感如何。    ,https://news.ltn.com.tw/news/politics/breakingnews/5588419
深坑聯合競總成立 李四川：加速輕軌、周遊券帶動老街觀光,政治,2026/09/28 14:44,國民黨新北市長參選人李四川（握手者右）在深坑區聯合競選總部成立場合，與支持者握手互動。（記者黃政嘉攝）國民黨新北市長參選人李四川深坑區聯合競選總部今天成立，上百位鄉親到場支持，深坑區里長聯誼會會長、萬福里長鄭宗良及在地逾半數的里長出席力挺高喊「凍蒜」，展現基層團結氣勢，李四川說，未來將全力加速深坑輕軌，並規劃延伸至石碇，提升在地交通便利性，同時推動基北北桃觀光周遊券，帶動更多人潮至深坑老街消費、創造更多在地商機、促進就業。今天活動包括新北市長副市長劉和然、立委羅明才、市議員陳儀君、黃心華、劉哲彰、議員參選人游皓麟，深坑商圈理事長、深坑里里長黃建強、大文山後援會長陳清吉等人皆出席相挺。請繼續往下閱讀...李四川進場時，受到滿場鄉親熱情歡呼，深坑區競總榮譽主委高鄔梅英揮舞戰旗，帶領全場高喊凍蒜，現場鄉親也致贈包子、粽子等吉祥物給李四川，他很高興回到深坑與許多鄉親熱情相聚，回顧過去攜手推動的在地建設，包括平埔橋、老街整建、停車場等，他感謝鄉親、里長一路的支持。他說，他已提出「軌道建設123」政見，並與台北市長蔣萬安達成高度共識，未來擔任新北市長，他將推動從動物園到深坑的輕軌，並研議進一步延伸至石碇，大幅減少鄉親通勤時間，提升交通便利性。李四川也將結合交通建設帶動觀光，並推出基北北桃周遊券，整合大眾運輸、景點、住宿、美食及消費優惠，串聯新北29區特色，讓旅客深入新北各地，進一步帶動地方觀光與消費。他表示，新北市敬老卡點數已擴增至600點，未來擔任市長將進一步把其中300點「悠遊卡化」，讓長輩可直接於便利商店、超市、藥局消費，並能折抵醫療院所就診費用，讓福利照顧更彈性。鄉親致贈好彩頭給國民黨新北市長參選人李四川（前左5）。（記者黃政嘉攝）國民黨新北市長參選人李四川（持麥克風）說，未來將全力加速深坑輕軌，規劃延伸至石碇，提升在地交通便利性。（記者黃政嘉攝）國民黨新北市長參選人李四川深坑區競總榮譽主委高鄔梅英（左）揮舞戰旗。（記者黃政嘉攝）國民黨新北市長參選人李四川（右6）與現場鄉親。（記者黃政嘉攝）    ,https://news.ltn.com.tw/news/politics/breakingnews/5588433
南亞科選屏東掀雲林政壇攻防 劉建國批沒科技園區 縣府：農地變更卡農業部,政治,2026/09/28 14:28,民進黨雲林縣長參選人劉建國批雲林沒有完整科技園區，台積電沒有來雲林，南亞科也選擇屏東。（圖由劉建國競總提供）台塑集團南亞科傳出將捨棄雲林虎尾產業園區，選定屏東科學園區，民進黨雲林縣長參選人劉建國今（28）日在元長鄉聯合競選總部成立大會上批評，雲林縣沒有一個完整科學園區，不僅台積電沒爭取到，連南亞科也棄雲林選屏東。縣府回應，虎尾產業園區就是因應台積電等高科技產業用地需求規劃，用地變更卻遲未獲農業部同意，反觀綠營執政縣市卻一路開綠燈。劉建國今天出席與元長鄉長參選人陳中一聯合競選總部，劉建國致詞表示，從屏東、高雄、台南、嘉義都有台積電進駐，為什麼雲林沒有，就算台積電開口說要來雲林設廠，他請教大家要設在哪裡？雲林至今沒有一個完整的科技園區，所以人家（台積電）選屏東，且已在7月動土，就連南亞科也棄雲林選屏東，雲林不能再原地踏步，原地踏步就是退步，雲林建設必須加速腳步。請繼續往下閱讀...劉建國指出，總統賴清德到雲林也都多次允諾，未來雲林無論是成立科學園區、引進AI科技產業，或將雲林納入行政院大南方新矽谷相關規劃，他都會一一協助。對此，縣府表示，虎尾產業園區是因應縣內產業及高科技產業用地需求規劃，且已依法完成環境影響評估程序、園區定位確定，且用水、用電相關計畫都已獲經濟部同意，目前主要卡在農業部的農地變更程序，今年9月17日農業部相關公文仍維持評估該園區計畫範圍屬優良農業生產環境，函覆經濟部評估是否輔導本縣尋求行政院認定為重大投資案或重大建設予以支持，以釐清虎尾產業園區開發的必要性。縣府強調，農工商並進，引進科技產業是雲林縣努力的目標，雲林不缺水、電、土地及人才，後續將視產業政策及廠商實際需求，滾動檢視各項基礎設施及資源配置，並依相關法定程序推動虎尾產業園區開發，營造有利高科技產業及相關產業鏈進駐的投資環境。    ,https://news.ltn.com.tw/news/politics/breakingnews/5588446
沈伯洋獲贈「平安」甘蔗 網笑翻：用來平定蔣萬安,政治,2026/09/28 14:26,民進黨台北市長候選人沈伯洋，獲福德宮董事長林春裕贈送「平安」甘蔗。（資料照）民進黨台北市長候選人沈伯洋和台北市長蔣萬安，26日先後出席中山區中庄仔福德宮晚宴，沈伯洋獲福德宮董事長林春裕贈送「平安」甘蔗，網友紛紛笑稱這是要用來「平定蔣萬安」。從當天現場畫面可以看到，林春裕拿著貼有「平安」字樣的甘蔗送給沈伯洋，有網友直指「平安」在這裡可不只是「平平安安」的形容詞，「平」可以當成動詞而「安」則是名詞。請繼續往下閱讀...其他網友見狀熱烈加入討論，不少人驚呼「平安」原來是指「平定」蔣萬「安」、「掃平空安」，讓人不禁讚嘆林春裕董事長真的超有哏，也有人笑稱不要再害林董了，畢竟林春裕後來有回覆這是土地公冥冥之中的安排，因此其實是土地公表態了。網友笑稱這是要用來「平定蔣萬安」。（資料照）    ,https://news.ltn.com.tw/news/politics/breakingnews/5588422
蹭名古屋亞運？ 蔣萬安：大罷免慣用手法 愛台灣不是民進黨專利,政治,2026/09/28 14:25,台北市長蔣萬安28日出席社團法人台灣客家總商會第五屆幹部交接暨中秋聯歡會，爭取客家鄉親支持。（記者羅沛德攝）日前有台灣球迷在名古屋亞運舉起「Taiwan」字樣毛巾應援遭制止。台北市長蔣萬安過兩日後於社群媒體發文表態，提到為台灣加油，不該成為禁忌，被質疑在蹭熱度，也被民進黨台北市長參選人沈伯洋問「挺台灣（Team Taiwan）本來就不需要道歉，不是很清楚為什麼要特別講這個？」蔣萬安今（28）受訪回應，大罷免慣用手法就是揪出一個個謠言，愛台灣絕對不是民進黨專利。蔣萬安表示，大罷免慣用手法就是揪出一個又一個的謠言，所以當謠言被戳破，他們馬上又揪出另一個謠言。如日前疑似發生食物中毒的金華國中，包括現在說「沒講過台灣」。蔣萬安說，奧運或者是亞運的國際賽事，其實都是為中華隊、為台灣之光，為台灣的英雄來加油喝采。請繼續往下閱讀...蔣提到，去年在台北舉辦的世壯運也是守護所有我們在主場，拿著台灣旗幟、為台灣加油所有的球迷朋友。愛台灣絕對不是民進黨的專利。至於國民黨立院黨團總召傅崐萁曾說，「Team Taiwan」是民進黨的詐騙國家隊，蔣萬安認為，不要帶有色眼光，在賽場上為自己的家鄉來加油打氣，舉出台灣的旗幟就是很自然的事情。蔣萬安說，不管是我們自己的主場，或在國際賽場上，我覺得都應該是很自然的事情，不應該成為一個禁忌。愛台灣就是全民國人大家一起支持的目標。此外，民進黨基隆市議員張之豪留言也指出，蔣萬安突然講了16次「台灣」，只講了1次「中華隊」；記者問蔣，是不是選情告急所以才操作、賣弄國家主權？蔣萬安則重申，愛台灣是要用實際的行動，絕對不是民進黨的專利。台北市長蔣萬安28日出席社團法人台灣客家總商會第五屆幹部交接暨中秋聯歡會，爭取客家鄉親支持。（記者羅沛德攝）    ,https://news.ltn.com.tw/news/politics/breakingnews/5588426
蔣萬安基隆合體謝國樑重啟「國安連線」 盼基北北桃連線勝選,政治,2026/09/28 14:09,台北市長蔣萬安今天（28日）到基隆市安樂市場，陪同基隆市長謝國樑掃街，爭取選民認同。（記者俞肇福攝）國民黨基隆市長謝國樑爭取連任，今天（28日）邀請國民黨台北市長蔣萬安跨區到基隆輔選，蔣萬安與謝國樑合體同框，宣告「國安連線」再度啟動，呼籲鄉親繼續支持，延續2年前大罷免戰果，希望讓台北市、基隆市都能夠再贏一次。中秋節暨教師節4天連假，謝國樑邀請藍營政治明星每日一星到基隆為他站台，也為市長選情加溫；9月25日（週五）邀請基隆女兒、台中市長盧秀燕陪同仁愛市場掃街懇託，9月26日邀請國民黨前主席朱立倫到七堵南興市場陪同掃街，9月27日邀請前中廣公司董事長趙少康到沙灣歷史文化園區看舊建物活化利用，今天由台北市長蔣萬安到安樂市場向攤商與市民請託拜票。請繼續往下閱讀...蔣萬安致詞時表示，再次來到基隆與謝國樑宣布「國安連線」正式啟動，4年前他也到基隆，基隆每一天平均有11萬通勤人口往返台北，所以不管是在交通、捷運路網的布建，基北北桃一定要協同連線、打團體戰，包括交通月票等，在很多具體的政策推動上面，都是必須一定要並肩作戰的。蔣萬安說，謝國樑兩年前面臨大罷免，他也到場挺謝國樑，希望鄉親繼續支持，以4年施政成績單來檢驗，希望台北、基隆都能再贏一次。謝國樑表示，基隆近年與台北市在多項市政政策上保持密切交流，從營養午餐、都市發展，到建築垂直綠化及乾淨家園等政策，兩市透過治理經驗分享與政策借鏡，持續拓展城市合作。「國安連線」從2022年的選舉合作，如今也進一步延伸至北基兩市的市政治理與政策交流。謝國樑指出，基隆與台北同屬緊密生活圈，交通通勤、都市發展及公共服務等議題皆具有高度連動性。北基近年透過跨域合作累積多項治理經驗，未來期盼進一步深化交通路網、都市發展、產業及生活服務等面向合作，將交流成果落實為具體政策，持續提升北基共同生活圈的便利性與整體發展。蔣萬安表示，台北與基隆在跨縣市治理上已有多項合作成果，包括通勤月票等與市民日常生活密切相關的政策，並肯定謝國樑近年推動基隆城市建設及生活環境改善。北基兩市在城市治理及政策推動上具備許多可相互借鏡之處，未來也可持續深化交流。台北市長蔣萬安今天（28日）到基隆市安樂市場，陪同基隆市長謝國樑掃街，爭取選民認同。（記者俞肇福攝）    ,https://news.ltn.com.tw/news/politics/breakingnews/5588370
教師節快樂！邱建富拋出教師節禮金提高1000元 陳素月與魏平政這樣說！,政治,2026/09/28 14:08,無黨籍彰化縣長參選人邱建富（圖右）提出教育政見。（邱建富提供）今天是教師節，無黨籍彰化縣長參選人邱建富拋出教師節禮金提高到1000元，民進黨縣長參選人陳素月則強調，她早在7月底就發表「教育政策白皮書」，全方位就校園安全與教學環境來改善。國民黨縣長參選人魏平政表示，他下星期將發表教育政見，他認為少子化的教育更要就環境與教學來對症下藥。邱建富指出，校園工作太繁瑣，行政業務量太大，他除了主張教師節禮金提高以外，同步也提出教育政策主張，希望讓校園行政AI化，成立校事會議支援平台，提供法律、心理、教育專業、社工等必要經費支援，讓教師工作回歸最重要的教學工作。請繼續往下閱讀...陳素月強調，她早在今年7月底就發表「教育政策白皮書」，明確提出「行政減量、專業支持、法律後盾、校園安全」四大主軸，尤其是具體承諾未來進入縣府，要讓「一學校一保全」制度能夠重新回歸，讓校園安全不是口號，而是有實質的作為。魏平政則表示，他下星期將發表教育政見，他認為教育是百年大業，教育環境的改善，教育品質的提升，都要有全盤性的計畫與考量。國民黨彰化縣長參選人魏平政。（記者劉曉欣攝）民進黨彰化縣長參選人陳素月。（資料照，記者劉曉欣攝）    ,https://news.ltn.com.tw/news/politics/breakingnews/5588403
蔣萬安遭爆立院簡歷「被修改」 王金平：學經歷資料可以更嚴謹,政治,2026/09/28 14:02,"立法院前院長王金平今出席「2026教育行動論壇」。（台北論壇基金會提供）台北市長蔣萬安立院簡歷遭爆學歷被修改，引起討論，對此，立法院前院長王金平今表示，他任內未經手過相關事情，但也認為大家未來在學歷、經歷上的資料可以再更為謹慎。關於蔣萬安登載於立法院網站的學歷，第九屆的資料記載為「JD, University of Pennsylvania School of Law」、第十屆為「Juris Doctor （J.D.）, University of Pennsylvania Law School」，但網友卻踢爆，蔣萬安的簡歷在9月24日時仍顯示為「SJD」，9月25日「SJD」消失，變成了「JD」，質疑是誰下令去改的？又是何時去改的？請繼續往下閱讀...王金平今出席「2026教育行動論壇」時被問到此事，他提到，在他擔任院長時，沒有經手過相關的事情，而他也認為，以後應更加謹慎，不只這一屆，未來有更多的選舉，大家在學歷上、經歷上，都可以更嚴謹一點、更謹慎一點。此外，針對國民黨籍高雄市長參選人柯志恩在旗山活動，卻喊出「吃屏東香蕉」，引發熱議，被質疑「不挺在地」。王金平今表示，柯志恩怎麼回答他不知道，但各種問題的回答，候選人都要評估以後，很小心再做回答，且在高雄選舉就要為高雄的好處講話。    ",https://news.ltn.com.tw/news/politics/breakingnews/5588397
比演唱會還難搶！沈伯洋競總成立大會搖滾區秒殺 5萬人塞爆系統,政治,2026/09/28 14:01,民進黨台北市長參選人沈伯洋出席「台北兒少行動，不落蒂聯盟、衣衣不捨小隊聯合倡議」活動。（資料照，記者叢昌瑾攝）民進黨台北市長參選人沈伯洋「洋流」旋風持續延燒，其競選總部成立大會預計10月4日在北平東路登場，團隊透過LINE官方帳號推出「限量搖滾專區」供支持者預約，未料熱門程度堪比熱門演唱會，表單一開放隨即因大量流量湧入瞬間癱瘓，30秒內秒殺額滿，引來大批搶票失敗的網友熱烈討論。沈伯洋LINE官方帳號昨（27）日預告今天中午12點開放預約競選總部成立大會的「限量搖滾專區」，許多支持者提前守在手機前等待，未料時間一到點擊進入，網站卻因瞬間湧入巨量人潮而完全進不去，不久後系統即顯示預約名額全數額滿。請繼續往下閱讀...對此，大批網友紛紛湧入Threads哀號討論，直呼「洋流們太誇張了啦」、「這是搶票的感覺嗎？我實測了一下，進不去…」、「流量瞬間湧入太多網頁掛了？」、「剛剛看已經滿了…」、「比搶票還難」、「進去了但沒搶到，大家速度也太快了吧」、「我也進不去，跟吉伊卡哇抽選一樣困難」、「滿了也要去」、「搶到系統癱瘓」、「跟演唱會一樣難搶」、「看到大家都一樣我就放心了」。面對系統瞬間塞爆，政治工作者周軒隨後發文致歉，坦言系統在一瞬間因龐大流量過載，並公布後台即時統計數據說明，開放前5分鐘每秒平均有400人湧入，在開放5分鐘的高峰期，更有多達5萬人同時點擊進入表單，所有名額在短短30秒內就被秒殺。     在 Threads 查看    ,https://news.ltn.com.tw/news/politics/breakingnews/5588401
張啓楷競選總部教師節成立，鄭麗文輔選喊教育部長下台,政治,2026/09/28 13:53,國民黨主席鄭麗文（左二）、民眾黨主席黃國昌（左四）二度合體為張啓楷（左三）輔選。（記者王善嬿攝）藍白共推的民眾黨嘉義市長參選人張啓楷競選總部今上午成立，民眾黨主席黃國昌、國民黨主席鄭麗文二度同台相挺，展現「藍白大團結」氣勢；鄭麗文致詞高喊3次教育部長「下台」，她說，政府官員對基層教師不聞不問，尊師重道淪為口號，此次選舉不僅是為了護住嘉義，更要為瀕臨崩潰的基層教師發聲，呼籲鄉親用溫暖、善良、正義的選票，守護嘉義的民主火把。鄭麗文說，全國教育產業工會做的調查，對中央教育政策不滿意度達9成，10分滿分教育部僅得2.37分，這是「死當」，基層教師最希望得到的教師節禮物之一，就是教育部長下台。請繼續往下閱讀...鄭麗文表示，基層教師對中央教育政策不滿意度高達9成，中央教育政策面臨行政瑣事壓垮教師尊嚴與「教師荒」的嚴重危機；張啓楷將延續教師出身的黃敏惠政策，同樣重視教師權益、學校建設，將教育、孩子放在心頭的。黃國昌說，9月28日是藍白在立法院修法還給民眾5天假期其中一個重要節日，彰顯教師的奉獻、努力，獻給教師最大的敬意。黃國昌表示，今天競總成立不只象徵政黨團結合作，更象徵嘉義市優良市政的託付與接棒，具備財經專業的張啓楷才能延續黃敏惠打造的幸福光榮。民眾黨創黨主席柯文哲表示，嘉義市「藍白合」是全新政治歷史里程碑，華人歷史鮮少有分工合作的文化，如今在國民黨與黃敏惠市長支持下，展現出「藍白合」與聯合政府的可能；感謝國民黨在組織方面給予張啓楷協助，客廳會舉辦超過100場，政治上能做到透過程序共同推選候選人，選舉過程中互相合作，是很好的示範，希望嘉義市民思考，張啓楷是能帶嘉義市走更長遠的人選。藍白共推的民眾黨嘉義市長參選人張啓楷競選總部今天揭牌。（記者王善嬿攝）民眾黨創黨主席柯文哲（左）（記者王善嬿攝）    ,https://news.ltn.com.tw/news/politics/breakingnews/5588381
藍營六都人選比綠營老一輪 沈榮欽點出國民黨體系老化根深蒂固,政治,2026/09/28 13:52,沈榮欽指出，國民黨的老化不只是支持者逐漸年邁，官僚體系的老化才是根深蒂固難以改變的地方。圖為國民黨高雄市長參選人柯志恩（右二）、台北市長蔣萬安（右一）、新北市長參選人李四川（左二）。（資料照）年底九合一選舉進入倒數2個月，民進黨主打「新世代扛起新時代」，正面迎戰國民黨多位資深老將，六都藍綠人選平均年齡相差12歲，其中以桃園市差距最大，民進黨參選人黃世杰比國民黨現任市長張善政還年輕25歲。加拿大約克大學副教授沈榮欽指出，兩黨參選人年齡對比的意義比很多人想得更深遠，而國民黨的老化不只是支持者逐漸年邁，官僚體系的老化才是根深蒂固難以改變的地方。沈榮欽表示，國民黨六都參選人平均61.8歲，民進黨參選人僅49.8歲，兩者相差12歲，這不是一個可以被忽略的差異，按理說長期執政的政黨，通常擁有龐大的官僚和黨務體系，容易產生論資排輩的制度。要成為六都候選人這樣重要的職位，必須經歷各種黨內競爭，並在地方耕耘多年，循著黨內的晉升管道一步步往上爬，所以年齡通常較長。請繼續往下閱讀...沈榮欽指出，相對來說在野黨要挑戰長期執政者，往往無法在資源與人脈上，和長期執政者競爭，居於劣勢者無法依照既有的晉升管道，往往希望出奇制勝，推出較年輕的候選人，以世代交替的口號，激起選民對長期執政的不滿，而支持「變天」。沈榮欽提到，很多人會注意到，民進黨雖然在中央執政，但是在地方選舉上，向來是國民黨一黨獨大，所以國民黨推出年長的候選人其來有自，不過國民黨不僅在執政的台北、新北、桃園、台中候選人年齡較長，即使以挑戰者身份競選的台南和高雄候選人也比較老，這就顯得不太平常了。沈榮欽認為，也許真正顯示的是，國民黨已經長久沒執政，但歷史悠久的官僚習氣並未隨之消失，因此也反映在地方選舉中。沈強調：「國民黨的老化，不僅是在造勢場合中看到年邁的支持者，國民黨官僚體系的老化，才是根深蒂固難以改變的真正老化。」    ,https://news.ltn.com.tw/news/politics/breakingnews/5588375
台北不是藍營鐵板！吳崑玉揭選戰勝負關鍵：投票率破70％幾乎都綠贏,政治,2026/09/28 13:50,蔣萬安（左）、沈伯洋（右）。（本報合成資料照）民進黨台北市長參選人沈伯洋近期掀起「洋流」熱潮，根據民意調查專家戴立安9月22日發布的台北市長選舉民調數據，蔣萬安支持度41.7%、沈伯洋40.5%，兩人差距竟只剩1.2%，已在抽樣誤差範圍內。政治評論員吳崑玉表示，台北市並非藍營以為的鐵板一塊，投票率60%至65%是藍營甜蜜區，但只要催出熱度、投票率突破70%，多半由綠營奪下勝利。吳崑玉今天在臉書貼出2014年至2025年台北市重要選戰統計表格，詳列歷次市長、總統大選及大罷免案的投票率、贏家與得票數。圖表顯示，除了2022年市長選舉蔣萬安以67.70%投票率拿下的57萬5590票，以及2025年的大罷免投票率59.03%由國民黨勝出外，其餘選戰贏家皆標記為「非K」（非國民黨）。請繼續往下閱讀...包括2014年台北市長選舉柯文哲以70.46%投票率狂掃85萬3983票、2016年總統大選蔡英文以66.27%投票率獲75萬7383票、2018年市長選舉柯文哲以65.95%投票率拿下58萬0663票、2020年總統大選蔡英文更在76.31%高投票率下衝出87萬5854票，以及2024年總統大選賴清德在73.66%投票率下以58萬7899票勝出。吳崑玉分析指出，台北市並非藍營以為的鐵板一塊，投票率60%至65%左右，是藍營的甜蜜區，但再往上拉高就不一定了，70%以上，幾乎都是綠的贏。    ,https://news.ltn.com.tw/news/politics/breakingnews/5588363
年輕人不挺綠了？蔡其昌憶當年「入國民黨有點丟臉」 林飛帆曝10年心聲,政治,2026/09/28 13:43,代表「太陽花世代」的國安會副秘書長林飛帆分享台灣的轉變。（民進黨提供）民主進步黨今適逢創黨40週年，面對外界炒作「青年選票流失」，民進黨網路節目《爸媽叫我不要談政治》新片正面迎擊，引述社會科學「APC模型」與客觀數據，解構「年輕人為什麼要支持民進黨」，並邀集「野百合」與「太陽花」兩代學運代表蔡其昌、翁章梁及林飛帆，剖析民進黨如何從對抗威權走向重塑台灣地位。節目一開始，代表「野百合世代」的立法院民進黨團總召蔡其昌、嘉義縣長翁章梁回顧當年加入民進黨的初衷。蔡其昌說，「當年加入國民黨是有一點丟臉的事，國民黨一黨獨大時，白色恐怖、戒嚴都讓人非常反感，有理想、熱忱的年輕人，很自然地就會選擇民進黨」；翁章梁也分享，在當年的時空背景下，台灣人有台灣人的悲哀，民進黨是在追求民主、自由的背景下成長，更是確定了台灣主權的政黨。請繼續往下閱讀...翁章梁：民進黨在追求民主、自由的背景下成長針對外界炒作的「年輕選票流失」，這集節目也爬梳近十年的民調指出，各年齡層對政黨的好惡變化走向其實一致，越年輕的族群對民進黨的好感度落差依然顯著；並引用社會科學「APC模型」（年齡、年代、世代效應）分析，對20至29歲青年而言，民進黨執政已是政治常態，年輕人對政治的理解已從「藍綠誰更好」轉為「執政黨做得好不好」。節目指出，當在野黨刻意操作民粹、放大生活焦慮，便容易導致青年政治效能感低落；節目更正面迎擊在野黨時常攻擊的「台灣整體生活變差」等質疑，列舉客觀經濟與社會指標，包括近年來犯罪率下降、停電次數減少，且每人實質可支配所得大幅成長等。最後，代表「太陽花世代」的國安會副秘書長林飛帆分享台灣的轉變，十年前年輕人對台灣缺乏希望感，國際甚至傳出「say good bye to Taiwan」，但台灣人沒有放棄，2014年太陽花學運年輕世代決定為自己的未來而站出來行動，2016年民進黨執政以來，不只重新開啟台灣與世界的關係，也穩定讓台灣各項數據提升，「民進黨執政這十年，期待的從不是讓一群人站得更高，而是讓每個台灣人都能在穩固的利基點上站得更穩。」立法院民進黨團總召蔡其昌代表野百合時代受訪，談及「當年加入國民黨是有一點丟臉的事」。（民進黨提供）民主進步黨今適逢創黨40週年，面對外界炒作「青年選票流失」，民進黨網路節目《爸媽叫我不要談政治》新片正面迎擊。（民進黨提供）    ,https://news.ltn.com.tw/news/politics/breakingnews/5588376
揭蔣萬安學歷人設、英文不好 「公子沈」：沈伯洋是博士真貨 相比高下立判,政治,2026/09/28 13:42,台北市長蔣萬安出現學歷爭議，百萬粉絲YouTuber「公子沈」直指沈伯洋和蔣萬安相比可以說是高下立判。（資料照）台北市長蔣萬安立法院英文簡歷由「SJD（法學博士）」改成「JD（法律博士）」引發爭議，經常針砭時政的百萬粉絲YouTuber「公子沈」發布影片，直指民進黨台北市長參選人沈伯洋是貨真價實的「PhD（博士）」，和蔣萬安相比可以說是高下立判。公子沈在YT影片表示，美國並不會把「JD」叫做博士，實際有做研究、寫論文的博士應該是「PhD」，像沈伯洋在加州大學拿的才是真正的PhD．至於蔣萬安之前在立法院登記的學歷，寫的是賓州大學「法學博士SJD」，但賓大法學院過去新聞稿提到蔣萬安時，使用的是LLM04和J06，亦即1個1年制的法學碩士，再加上3年制的JD，並非SJD。請繼續往下閱讀...公子沈指出，現在藍營說是立法院委託廠商英文翻譯有錯，現在改過來了，但這個頁面從2016年掛到現在，蔣萬安當了7年立委卻沒有去改。公子沈說，蔣萬安在中文裡登記的則是「法學博士」，其實不能說是造假，但蔣萬安很清楚台灣人聽到博士會想什麼，他2022年在競選文宣上寫的就是留美博士，這是利用譯名的落差，去做出讓人誤會的包裝。公子沈透露，賓大的JD錄取率只有10％左右，但如果是透過LLM就不用去考試了，而蔣萬安在LinkedIn上寫的履歷，指稱自己2003年至2006年在賓大念JD，中間的LLM故意沒寫，就是故意漏掉銜接性質的學位，製造在大學畢業後就考取JD的假象。至於蔣萬安留美博士、矽谷律師的人設是如何建立起來的？公子沈表示，在加州律師公會官方網站，確實能夠搜到叫做蔣萬安的律師，執照號碼是254347，2007年12月11日在加州取得律師資格，由於2023年沒有完成客戶信託帳戶的申報、2024年沒繳會費被2次停權，目前不得在加州營業，考慮到蔣萬安目前在台灣當台北市長，因此可以理解。不過，公子沈揭露蔣萬安畢業後雖然在2006年10月進入矽谷最有名的律師事務所，但他首次加州律師考試沒過，1年多的時間裡只是法律助理，做的是校對影印裝訂等工作，拿到執照後蔣萬安又做了1年2個月，就在2009年初被大律所給解僱了，通常會被裁掉的就是律所認為不值得繼續投資的人。公子沈指出，蔣萬安失業大約1年後進入1間小事務所，員工還不到10人，履歷上去寫著「法律集團」，但很明顯就是把小組的名字寫得像是大公司的名字。公子沈說，蔣萬安在這間小律所服務了12個客戶，都是處理中國企業在美借殼上市的流程，從中能夠理解為何蔣萬安英文不好，因為客戶可能都在講中文，而且這在美國法律界屬於不入流的業務。公子沈透露，蔣萬安2011年從小律所離職後，和以前的同事在舊金山開了萬澤事務所，就是複製之前的工作經驗，協助台灣、中國公司去美國上市融資，但2011年正好是中國借殼公司集體暴雷、美國開始嚴管的時候，使得蔣萬安經營不下去，於2013年回到台灣定居。公子沈最後總結，蔣萬安學歷有故意誇大和引起誤解的嫌疑，經歷則是考試落榜、當小助理、被裁員、失業、幫中企借殼。公子沈直指蔣萬安的JD學歷，並沒有讓他在矽谷當上成功的律師，而是讓他回台後在宣傳看板可以印上留美博士的頭銜來哄人，拿沈伯洋和蔣萬安相比就是高下立判。    ,https://news.ltn.com.tw/news/politics/breakingnews/5588313
中市議員參選人吳宗學競總成立  盧秀燕稱「瓦斯添」變「瓦斯學」,政治,2026/09/28 13:26,江啟臣（右）贈送象徵好彩頭的菜頭給吳宗學。（記者歐素美攝）國民黨台中市議員參選人吳宗學，今天舉行競選總部成立大會，市長盧秀燕及立法院副院長江啟臣、立委黃健豪、楊瓊瓔等皆出席站台，現任市議員陳成添並為吳宗學夫婦披上彩帶，象徵接棒傳承，希望吳宗學傳承其當里長時為里民處理住家螞蟻，當議員時勤跑基層，宛如送瓦斯而被喻為「瓦斯添」的精神。陳成添曾任3屆里長、5屆議員，從政33年，他表示，擔任里長時，里民家裡出現螞蟻，第一個想到里長，他就到場協助處理，因有些事，里長無法處理，他才進一步參選議員，因吳宗學有禮貌、有動力、有行政及服務的經驗，才毅然決然交棒給吳宗學，大家說好不好？台下民眾大聲說「好」。請繼續往下閱讀...江啟臣則表示，吳宗學拔頭籌，是藍營今年第一個成立競選總部的議員參選人，可見其企圖心及一定要贏的決心很強，稱讚吳宗學身高188，視野是188，但服務零距離，體力夠、願意走，具備民意代表服務基層最根本的條件，現任議員陳成添就是腳踏實地從里長做到議員，服務逾30年，並負責任地找來吳宗學傳承接棒，讓服務可以延續下去。盧秀燕則說，今天要特別推薦她2個小弟，吳宗學跟江啟臣，其中，吳宗學從大學畢業就進入其國會辦公室，並派駐台中，對北屯區如數家珍，具有服務心且勤快，誠如陳成添所說，以前是「瓦斯添」，現在是「瓦斯學」，吳宗學不只有送瓦斯的精神，還有抓螞蟻的精神，跟師父陳成添一樣。台中市議員陳成添（右）為吳宗學（左）披掛彩帶，並牽吳的手高喊「當選」，象徵傳承。（記者歐素美攝）吳宗學競選總部成立，台中市長盧秀燕（右）等皆到場站台。（記者歐素美攝）    ,https://news.ltn.com.tw/news/politics/breakingnews/5588349
無人機發展「萬事俱備只欠東風」 賴清德盼立院支持近600億追加預算,政治,2026/09/28 13:16,總統賴清德請立法院支持國防部提出的近600億元追加預算，支持台灣無人機產業發展。（記者林宜樟攝）國家中山科學研究院今天在嘉義縣民雄舉辦「民雄航太暨無人機產業園區開工動土及民雄院區啟用典禮」，總統賴清德致詞時說，台灣發展無人機產業可說是萬事俱備「只欠東風」，東風要靠立法院來協助，請立法院支持國防部所提出來的近600億元追加預算，向國內業者採購，推動無人機產業自主的發展。今天立委蔡易餘、陳冠廷、王美惠、王定宇、王安祥及王義川等出席典禮，賴清德說，今天立委不分朝野在場，敬請支持國防部所提出來的近600億元追加預算，迅速審查，能夠迅速通過，東風要靠立法院來協助，要給立法院委員鼓勵。請繼續往下閱讀...賴清德說，政府會透過穩定需求、支持業者投入研發、擴大量產，也會協助業者取得國際認證，讓台灣從零組件供應者，進一步成為完整系統方案以及可信賴產能的提供者。同時台灣要深化與民主夥伴的合作，共同打造更安全、更有韌性的無人機供應鏈，為印太區域的和平穩定提供堅實支撐。中科院民雄院區啟用。（記者林宜樟攝）    ,https://news.ltn.com.tw/news/politics/breakingnews/5588360
若連任屏東市長 周佳琪：將爭取興建縣立游泳池及匹克球場,政治,2026/09/28 13:06,周佳琪在屏東市忠孝路成立競選總部。（記者李立法攝）尋求連任的國民黨籍屏東市長周佳琪今天成立競選總部，她允諾，若能連任成功將尋求縣市合作，興建縣立游泳池及匹克球場，並爭取0到6歲幼兒免健保費。周佳琪今天上午在屏東市忠孝路成立競選總部，吸引上千名支持者參與，擔任屏東縣議會議長的父親周典論、副議長盧文瑞、國民黨屏東縣長參選人立委蘇清泉及眾多黨籍議員、里長等都到場力挺，營造藍營團結氣氛。請繼續往下閱讀...周佳琪細數過去4年擔任屏東市長的政績，除努力打造燈亮、水溝通的安全居住環境，並改善市區許多公園的兒童遊具及休憩設施，為親子提供舒適安全的休閒空間，同時在市民代表會的支持下，將重陽節敬老金發放對象從75歲下修至65歲，讓更多長者受惠。周佳琪表示，因為匹克球運動風氣盛行，打球人口增加，屏東市現有球場已不敷使用，加上游泳人口成長，市區國民運動中心泳池設施老舊，造成市民不便，若她能連任屏東市長，將尋求縣市合作，興建匹克球場及縣立游泳池，隨著縣府宣布滿65歲縣民免健保費，她也將進一步爭取0至6歲幼兒免健保費，減輕家長負擔，同時促成三鐵共構，活化老街，吸引產業進駐，增加就業機會，讓更多人願意留在屏東市。周典論對女兒周佳琪4年市長任內表現十分肯定，並強調他從未介入市政，完全由周佳琪獨當一面，因為市代會及里長們的支持，才能讓市政能順利推動，他呼籲支持者力挺真正會做事的周佳琪連任成功。周佳琪在屏東市忠孝路成立競選總部。（記者李立法攝）    ,https://news.ltn.com.tw/news/politics/breakingnews/5588373
水牛伯憶民進黨組黨40年 籲珍惜台灣民主自由,政治,2026/09/28 13:01,游錫堃（右2）回憶民進黨組黨40年心路歷程，圖為他出席1986年黨外選舉後援會畫面。（圖取自游錫堃粉專）今天（28日）是民進黨組黨40周年紀念日，宜蘭縣籍的前立法院長游錫堃是當年組黨策劃者，他以「鞏固民主、捍衛主權」是我們這一代人共同使命為題發文，呼籲大家珍惜得來不易的民主自由。游錫堃在文中指出，回想40年前的今天，9月28日一群「黨外」政治人士在圓山大飯店宣布組黨，逼使蔣經國不得不於10天後宣布「將朝向『解除戒嚴』及『開放黨禁』邁進」，其後才有1987年「解嚴」、1992年「國會全面改選」、1996年總統直選、2000年政黨輪替等一連串民主改革。請繼續往下閱讀...40年後的今日，台灣已經打破新加坡國父李光耀所說「民主、人權是西方舶來品，不適合亞洲國家」的迷思，成為「國際民主典範」、「漢字文化圈唯一民主國家」，他身為圓山組黨策劃者深感欣慰。游錫堃呼籲全國國家主人，一定要記住台灣的民主成就，不是天上掉下來的，而是歷經百年坎坷，由無數先賢的犧牲、人民的血淚與時代的淬鍊所促成，我們一定要好好珍惜，並且在現在與未來努力負起「鞏固民主、捍衛主權」的使命。游錫堃粉專發文，呼籲大家珍惜得來不易的民主自由。（圖取自游錫堃粉專）    ,https://news.ltn.com.tw/news/politics/breakingnews/5588364
為張啓楷辦100場客廳會 蔡明顯身兼國民黨縣、市主委疑過勞,政治,2026/09/28 12:53,國民黨嘉義縣、嘉義市黨部主委蔡明顯（左四）疑近日操勞、體力不支，今站台時突從台上昏倒。（記者王善嬿攝）國民黨嘉義縣、市黨部主委蔡明顯今出席藍白共推的民眾黨嘉義市長參選人張啓楷競選總部成立大會時，突在台上昏倒，自樓梯重摔到台下，已緊急送醫救治。張啓楷會後接受媒體聯訪表達痛心、不捨，感謝蔡明顯從選舉開跑以來鼎力相助，為輔選市長、市議員選舉舉辦100場客廳會，縣、市奔波，將與鄭麗文主席、黃敏惠市長到醫院探望關心。張啓楷說，救護人員到場檢視傷勢時，蔡明顯意識清楚，不過臉部因摔倒有傷勢；感謝蔡明顯自藍白合作以來，舉辦100場客廳會，且率先拿麥克風向鄉親請託，競總成立大會前一周內來4次，甚至曾跟他說過這次競總成立大會辦好，將有助選情提升，祝福蔡明顯主委早日康復。請繼續往下閱讀...黃敏惠說，在沒有資源之下大家都很努力，集合大家的心以正派、認真的心去做，發生這件事大家都很憂心，也代表大家永不放棄的精神，蔡明顯主委意識清醒當中，請大家放心，期許讓大家更有力量，面對新的挑戰永不放棄。黃敏惠表示，蔡明顯平時看起來身體沒有異樣，不過看得到他裡裡外外奔波，真的用心努力，從來沒聽過他說有不舒服的地方，可能是這段時間過於操勞、太累。藍白共推的民眾黨嘉義市長參選人張啓楷今天嘉義市競選總部成立，民眾黨、國民黨大咖雲集，不料上午10點許，國民黨主席鄭麗文、嘉義市長黃敏惠與國民黨嘉義市議會黨團站台助講時，蔡明顯突昏倒，自台上摔落樓梯，臉部朝下撲倒地面，鄭麗文、黃敏惠等先喊話周圍空出空間讓蔡明顯散熱，並通報119通知救護人員到場，已下台的柯文哲聽到主持人廣播也上前關心，隨後救護車到場，救護人員以擔架送蔡明顯上車，送往嘉義基督教醫院救治。民眾黨創黨主席柯文哲、張啓楷等人立即關心蔡明顯。（記者王善嬿攝）    ,https://news.ltn.com.tw/news/politics/breakingnews/5588332
指蘇巧慧不反對教師節放假又投反對票 李四川：要問問她為什麼這樣,政治,2026/09/28 12:51,今天教師節，國民黨新北市長參選人李四川（持麥克風者）指對手蘇巧慧說她不反對放假，但又投反對票，這可能要問問她，為什麼會這樣？（記者黃政嘉攝）今天是教師節，國民黨新北市長參選人李四川競選辦公室指，民進黨新北市長參選人蘇巧慧去年在立法院，對教師節放假投反對票；李四川今受訪回應，對於蘇巧慧說她不反對放假，但又投反對票，這可能要問問她，為什麼會是這樣子？他祝所有的老師及教育工作者，教師節快樂。李四川今出席深坑區聯合競選總部成立大會前接受媒體聯訪，對於立法院推動修法要教師節放假時，蘇巧慧投下反對票，但她今天說並沒有反對教師節放假，是否覺得她說一套做一套？請繼續往下閱讀...李四川表示，對於蘇巧慧，她說不反對放假，但是又投反對票，這個可能要問問她，為什麼會是這樣子？他指出，他已提出有關教育的3項政策：補助AI工具輔助備課、教學、行政工作；推動「班班25人」，增加教師人力、降低師生比，打造更優質的小班教學環境；以及提高免費諮商次數，擴大教師心理支持資源，前段時間他與教師會座談，教師會所提的9項訴求，他也一一答覆，未來會針對相關政策方向持續往前走。    ,https://news.ltn.com.tw/news/politics/breakingnews/5588354
盧秀燕無視「洋流」強襲台中 預言「蔣萬安、江啟臣大幅領先」會當選,政治,2026/09/28 12:47,台中市長盧秀燕（左）被問到怎麼看「洋流」，答稱台北市蔣萬安、台中江啟臣會高票順利當選。（記者黃旭磊攝）民進黨台北市長參選人沈伯洋27日乘著「洋流」湧入台中市，估計吸引超過3萬多人夾道同行，台中市長盧秀燕今天參與西屯區市議員楊大鋐競總成立，被問到市長怎麼看「洋流」？盧秀燕答稱，台北市蔣萬安、我們台中江啟臣會高票順利當選，現在兩個內部評估大幅領先「會高票順利當選」。盧秀燕（28日）今天上午與國民黨台中市長參選人江啟臣、前台中市長胡志強、西屯區藍委廖偉翔及藍委楊瓊瓔等多人，一起為楊大鋐披上競選彩帶並授戰旗，盧秀燕步下舞台在後台被問到市長昨天「洋流」來台中，怎麼看「洋流」？請繼續往下閱讀...盧秀燕回稱，她自己本身參選過9次、坐轎9次，輔選無數，30年來對政治有一點看法，民調要正確解讀，台北市蔣萬安、我們台中市江啟臣會高票順利當選，現在他們兩個呈現狀況都是穩定，內部評估大幅領先。盧秀燕說，當然選舉剩50幾天要繼續保持這個幅度（領先），目前從各種資料看起來、台中我們的江啟臣跟台北蔣萬安，選情穩定領先、選情穩定領先，但是不可以再對這50幾天鬆懈掉，要繼續加油、    ,https://news.ltn.com.tw/news/politics/breakingnews/5588336
曾聖凱談「善待竹北」 就是公共投資創造城市記憶與社會價值,政治,2026/09/28 12:45,民進黨竹北市長參選人曾聖凱今天說，「善待竹北」就是用公共投資創造城市美好記憶與社會價值。（曾聖凱辦公室提供）自從竹北「三天王演唱會」後，「善待竹北」成了年底竹北市長選舉最新發燒話題，民進黨參選人曾聖凱就說，他從現任市長鄭朝方的執政看到的「善待竹北」意涵，就是公共投資創造城市記憶與社會價值，以活動帶動地方消費、文化體驗、城市品牌，累積市民的共同光榮記憶，讓公共投入創造出「社會投資報酬」。他若執政，必當延續全力以赴。曾聖凱說，3年前的竹北，假日曾給人「像座空城」的感覺。要讓市民願意把假日留給竹北，關鍵就是讓這座城市擁有值得留下來體驗的生活，而這份經驗讓外地民眾多了一個走進竹北、認識竹北的理由。請繼續往下閱讀...他說，演唱會當晚鄭朝方給他「善待竹北」的懇託，他知道這之於他和竹北市民有多重要。未來他若有機會主政，「善待竹北」的首務，就是讓城市發展的成果回到市民生活，為在竹北努力經營的小型攤商創造更多機會。所以他將透過更多市公所辦的活動，提供在地攤商可信任、較低成本的參與平台，讓市民接觸更多在地食物與商品，藉由活動人流創造實質商機，形成公共活動與地方產業相互支持的好循環。同時「善待竹北」也是延續鄭朝方的治理細節，不管是多給公所團隊、清潔隊夥伴掌聲，還是各項活動現場，給年長者和身心不便者多一份貼心關懷，他都會放在城市治理的核心去具體實踐。此外，他也理解「善待竹北」代表持續累積竹北的城市品牌。讓不管北漂、南漂到竹北求學或就業者，因為喜歡竹北的生活而愛上這座城市。    ,https://news.ltn.com.tw/news/politics/breakingnews/5588352
蔣萬安挺「Team Taiwan」 台灣基進：有膽去雙城論壇跟中國講,政治,2026/09/28 12:33,台北市長蔣萬安。（取自蔣萬安臉書）愛知名古屋亞運進行中，有粉絲日前因手持「Taiwan」字樣毛巾現場應援中華隊反遭現場人員制止，台北市長蔣萬安因此發文稱「為台灣加油不該成為禁忌」；不過，台灣基進今指出，此事看似是球迷應援方式爭議，實際上卻凸顯台灣身份在國際場域上長期的政治壓力，呼籲蔣市長若真反對台灣被打壓，就在雙城論壇上「向中國表態」。台灣球迷在亞運棒球賽期間拿出印有「Taiwan」字樣的毛巾為選手加油，反遭工作人員制止，引發議論。蔣萬安昨發文表示，「Taiwan」是我們的家，也是世界認識我們的名字，直言喊出「Taiwan」不該成為禁忌，反對任何打壓、限縮台灣國際參與的行為。請繼續往下閱讀...對此，台灣基進今表示，台灣球迷在國際賽事無法自由使用「Taiwan」名稱與標語，根本原因就是來自中國的打壓與施壓，今天亞運賽事之所以禁止展示台灣的國旗，也是因為中國對國際賽事主辦單位施加壓力。台灣基進指出，蔣萬安喊「Taiwan是我們的家，也是世界認識我們的名字」，但中國打壓台灣國際空間，打壓球迷為台灣加油，要蔣不該只在社群媒體，也應該在即將登場的「雙城論壇」上表態。台灣基進呼籲，蔣萬安應在雙城論壇向中國代表清楚傳達，台灣人民有使用「Taiwan」為自己加油、表達身分認同的自由；更要明確反對中國在國際賽事打壓台灣，向中國代表明確表達台灣人想為台灣加油，不希望中國干預國際賽事的立場。    ,https://news.ltn.com.tw/news/politics/breakingnews/5588335
監委人事同意權明投票  國民黨團：從嚴審查、不會為任何人放水,政治,2026/09/28 12:28,第7屆監察院院長被提名人陳永興。（資料照）立法院院會明（29日）將行使第7屆監察院長、副院長及27位監委被提名人同意權。立法院國民黨團書記長許宇甄表示，國民黨團將在明天黨團大會討論並凝聚共識，目前不預設最後投票結果。但有一個原則非常清楚，就是一定從嚴審查、嚴格把關，絕對不會讓任何不適任的人選擔任監察委員。許宇甄指出，依照憲政制度，監察委員由總統提名、經立法院同意任命。總統有提名權，立法院就有審查及否決的權力，絕不是總統把名單送來，立法院就只能照單全收。請繼續往下閱讀...許宇甄表示，國民黨團對監察院近年來的表現有非常多質疑，外界也長期批評監察院面對不同政黨、不同案件時，監督力道存在落差。監察委員肩負調查、糾正、彈劾等重要職責，如果本身欠缺獨立性、專業能力或公正立場，又如何要求人民相信監察權能夠超然行使？許宇甄強調，這次審查不會看頭銜漂不漂亮，也不會因為任何政治壓力降低標準，而是要檢視每一位被提名人的資格、專業、操守及過往言行，能不能真正做到超越黨派、獨立行使職權。國民黨團對監察院體制改革有自己的立場，但只要現行憲政制度仍然存在，立法院就必須善盡人事同意權的把關責任。明天黨團會議會做出最後決定，但我們的標準不會改：不適任就是不支持，沒有政治交換，更不會為任何人放水。監察委員不是政治酬庸的位置，國民黨團會替人民把這一關守住。    ,https://news.ltn.com.tw/news/politics/breakingnews/5588331
「民進黨一直攻擊蔣萬安學歷」 李四川： 蘇巧慧「SJD」要好好說明,政治,2026/09/28 12:23,國民黨新北市長參選人李四川（麥克風前）說，對手蘇巧慧要好好說明，為什麼第9屆立委立法院英文官網學歷上會自己寫「SJD」？（記者黃政嘉攝）台北市長蔣萬安立法院英文簡歷被發現從「SJD」（法學博士）改成「JD」後，新北藍營也質疑民進黨新北市長參選人蘇巧慧在第9屆立委的英文官網簡歷也登記「SJD」至今，國民黨新北市長參選人李四川今受訪回應，蘇要好好說明，為什麼學歷上會自己寫這樣？他說，前立法院長游錫堃昨天也講，立委的學歷都是立委自己寫，立院才公布，他看民進黨一直攻擊蔣萬安的學歷，也希望民進黨不要雙標。李四川今出席深坑區聯合競選總部成立大會前接受媒體聯訪，對於蘇巧慧的立法院英文簡歷「SJD」一事，她說從來沒有自稱博士，而立法院第9屆的英文官網，她的學歷至今還是寫「SJD」，他怎麼看？請繼續往下閱讀...李四川表示，他不是當事人，可能要由蘇巧慧好好說明，為什麼學歷上會自己寫這樣？昨天游錫堃也講，立委的學歷都是立委自己寫，立法院才公布，這幾天他看民進黨一直攻擊蔣萬安的學歷，他也希望民進黨不要雙標，對於蘇巧慧，每個人卻一聲也不吭。    ,https://news.ltn.com.tw/news/politics/breakingnews/5588334
吳旭智拋運動政見 讓世興棒壘球場運動環境更完整,政治,2026/09/28 12:11,國民黨竹北市長參選人吳旭智今天「丟球」，強調當選就將打造運動環境和機能更完整的世興棒壘球場。（吳旭智辦公室提供）國民黨新竹縣竹北市長參選人吳旭智藉著受邀出席「2026第五屆新竹六家盃軟式青少棒邀請賽」開幕活動，今天端出競選「牛肉」，鎖定每年約有35週舉辦相關賽事、有近50場比賽在此登場的竹北世興棒壘球場，拿他以議員身分完成改善的觀眾席遮陽棚為例，開出競選支票，承諾當選竹北市長，將提升球場夜間照明、改善公廁太遠、周邊停車不易等問題，全面提升這個棒壘球場的環境與周邊設施。吳旭智說，世興棒壘球場長期舉辦新竹縣長盃錦標賽、運動i臺灣錦標賽、主委盃、協會盃以及各級中小學棒球錦標賽等活動，每年約有35週舉辦相關賽事、有近50場比賽在此登場，參與棒壘球運動人口超過4000人，是竹北重要的基層棒壘球運動基地，但球場從本體、觀眾席，到停車、廁所、夜間照明等仍有很多使用需求待改善。請繼續往下閱讀...過去他已在2座球場旁的觀眾席爭設遮陽棚成功，今年在立委徐欣瑩、林思銘協助下，協助縣府爭取到中央補助，將投入850萬執行世興棒壘球場紅土鋪面、外野草皮的改善，並將新設內野和打擊區後方圍網、外野擋網，以及全壘打牆景觀圍籬等，可望今年12月到明年初就會陸續啟動。至於球場周邊停車問題，吳旭智爭取到縣府明年規劃增設至少70格機車停車位，汽車停車空間和周邊動線也將同步盤整規劃過。國民黨竹北市長參選人吳旭智說，固定在竹北世興棒壘球場打球的人口超過4000人，他當選市長將打造球場環境功能更完整。（吳旭智辦公室提供）    ,https://news.ltn.com.tw/news/politics/breakingnews/5588317
老茄冬慘遭誤砍！謝金河轟北市府「匪夷所思」：處理老樹漫不經心,政治,2026/09/28 12:09,謝金河直言，砍樹畫面令人心痛，並呼籲台北市政府建立一套樹木管理SOP。（資料照）財信傳媒集團董事長謝金河表示，近期臉書、Threads等社群平台上出現不少台北市樹木遭砍除的照片，其中金山南路老茄冬樹竟是遭包商誤砍，引發關注。他直言，這些砍樹畫面「看了令人心痛」，並呼籲台北市政府建立一套樹木管理標準作業程序（SOP），更加珍惜現存老樹。謝金河在臉書發布貼文稱，目前最受矚目的有3起砍樹事件，包括松菸文化園區誠品行旅正對面的大樹遭砍、金山南路一棵老茄冬樹被砍，以及天母圓環一棵老榕樹遭移除。依台北市政府公布資訊，天母老榕樹是因感染褐根病遭砍除，金山南路老茄冬則是遭包商誤砍。請繼續往下閱讀...謝金河另指出，松仁路靠近象山的一段，為了興建水泥遮陽棚，沿線幾乎變得光禿禿。他表示，看到這些砍樹畫面令人心痛。謝金河回憶，多年前曾到金山水尾漁港附近跑步，發現一整片移植而來的老樹全部枯死。這些樹木原本位於永和網溪國小，因校方興建停車場而被移植至金山水尾漁港附近，但由於未考量當地鄰近海邊、風勢強勁且鹽分高等環境因素，導致移植的老樹全數枯死。他提及，雙北興建捷運期間，也曾因工程施工移除數十年老樹，部分樹木被移植至福德坑，但存活率並不高。因此，他一直認為，一座偉大的城市必須「見縫插針」，全面提高森林覆蓋率。謝金河強調，2014年柯文哲競選台北市長，以及2022年陳時中參選台北市長時，他都曾建議兩人盡可能種樹，讓城市綠化。他表示，這些年走過敦化南北路、仁愛路及中山北路，道路兩旁的行道樹讓人感受到台北之美。捷運路網完成後，後來種下的小樹也逐漸成長，但捷運路網周邊的樹木因樹根扎得不深，不容易長成大樹，因此現存老樹更應受到珍惜。談到天母圓環老榕樹，謝金河表示，這棵樹已有70、80年歷史，感染褐根病後已搶救3年。他認為，市府可以張貼公告，或公開徵求樹醫生參與搶救，即使最終無法救回，也可以等到樹葉掉光後再進行處理；至於金山南路老茄冬遭誤砍，他則形容「更加令人心痛」。謝金河最後提到，柯文哲擔任台北市長期間最常談到SOP，因此台北市也應建立一套樹木管理SOP。他指出，民間建商若要在工地移除一棵老樹，程序相當繁瑣複雜，但台北市公務機關在處理老樹時卻如此漫不經心，讓他直呼「實在令人匪夷所思」。    ,https://news.ltn.com.tw/news/politics/breakingnews/5588209
藍營質疑英文簡歷「SJD」 蘇巧慧：從未說自己是博士,政治,2026/09/28 12:07,"針對藍營質疑立法院的英文簡歷「SJD」，民進黨新北市長參選人蘇巧慧表示，她的各項資料都是登載美國賓州大學法律碩士，也是法學博士SJD候選人，資料都是公開可查。（記者賴筱桐攝）台北市長蔣萬安立法院英文學歷由「SJD」（法學博士）改成「JD」（法律博士），引起討論，新北藍營質疑民進黨新北市長參選人蘇巧慧在第9屆立委的英文簡歷也登記為「SJD」。對此，蘇巧慧今天回應，她的各項資料都是登載美國賓州大學法律碩士，也是法學博士SJD候選人，資料都是公開可查。李四川競辦發言人吳亮賢指出，蘇巧慧昨晚受訪稱「從沒有說過自己是博士」，直到今天早上，立法院第9屆立委的英文官網，「蘇巧慧仍自稱是賓州大學法學博士『SJD, University of Pennsylvania』，直接打臉蘇巧慧謊言。請繼續往下閱讀...蘇巧慧今天出席桃園詹氏宗親後援會成立大會，針對英文簡歷議題受訪表示，大家可以很清楚從各項公開資料看到，她從開始參選一直到當選立委，其實各項資料上面登載的都是美國賓州大學的法律碩士，也是法學博士SJD的候選人，這項資料非常清楚。蘇巧慧說，這個真的也沒有什麼好說的，沒有必要在這裡糾結做文章，因為所有資料都是公開可查，她從來沒有說過自己是博士。    ",https://news.ltn.com.tw/news/politics/breakingnews/5588322
國民黨嘉義市主委台上昏倒 鄭麗文趕往醫院探視,政治,2026/09/28 12:04,國民黨嘉義市黨部主委蔡明顯今日為藍白共推的民眾黨嘉義市長參選人張啓楷站台時，疑因體力不支昏倒，眾人協助將蔡明顯送醫。（記者王善嬿攝）國民黨嘉義市黨部主委蔡明顯，今日為藍白共推的民眾黨嘉義市長參選人張啓楷站台時，疑因體力不支，自台上昏倒並摔落台下。國民黨主席鄭麗文第一時間關心狀況，並已立即趕往醫院探視。國民黨文傳會主委陳以信表示，蔡明顯上午於活動中身體不適送醫後，鄭麗文第一時間關心狀況，並已立即趕往醫院探視。請繼續往下閱讀...陳以信表示，蔡明顯目前狀況穩定、正在恢復當中，請各界朋友放心，也感謝現場醫護人員及時協助與各界關心。鄭麗文也請蔡明顯安心休養、保重身體，祝福早日康復。    ,https://news.ltn.com.tw/news/politics/breakingnews/5588315
莊競程與妻啟動「甜蜜到你家」計畫   中秋連假全面陸戰,政治,2026/09/28 12:02,民進黨新竹市長參選人莊競程與妻子方心慧啟動「甜蜜到你家」溫馨企劃，騎摩托車沿路送上「棉花糖」拜票。（民進黨竹市黨部提供）中秋連假家家戶戶團圓烤肉之際，民進黨新竹市長參選人莊競程與妻子方心慧啟動「甜蜜到你家」溫馨企劃，騎摩托車沿路送上「棉花糖」，讓支持者驚喜連連。此外夫妻也把握連假人潮，啟動「山海陸戰」，分別到十八尖山、假日花市、大菜市與巨城周邊以及波光市集、竹風漁市拜票，從山到海、從蔬菜到海鮮，全方位爭取支持！莊競程說，一人參選，全家出動，四天連假他與妻子方心慧和念幼稚園大班的兒子全員出動，四處徒步掃街拜票，也算是另種「中秋團圓」。莊競程表示，四天連假不敢休息，希望市民能感受到他爭取服務的決心。請繼續往下閱讀...至於有網友在社群捕獲騎摩托車跑行程的莊競程夫妻，莊競程說，中秋節家家戶戶幾乎都在烤肉賞月，在北區市議員候選人林士凱邀請下，他和妻子共乘摩托車沿路拜票，從市區到南寮，只要看到市民在烤肉，就下車親送甜蜜的「棉花糖」與祝福，也趁機向民眾分享政策願景。莊競程表示，由於執行「甜蜜到你家」棉花糖計畫天色已晚，他只能暫將兒子「臨托」在東區市議員候選人曾翰揚服務處。莊競程表示，他身為爸爸，如何兼顧工作與育兒，也是他每天面對的課題，臨時需要托育時，能不能及時找到協助，對家長相當重要。莊競程承諾，未來當選後一定會全面盤整資源、廣設親子館；位在關新路的競選總部成立後，也會開放讓小朋友寫功課，讓帶著孩子的家長能享受一個既安心又安全的空間。    ,https://news.ltn.com.tw/news/politics/breakingnews/5588282
《我眼中的徐欣瑩》CF  徐欣瑩改找退休校長掛保證,政治,2026/09/28 11:58,國民黨新竹縣長參選人徐欣瑩的小學老師吳聲祥說，她自幼就展現超齡的聰慧和獨立自主個性。（徐欣瑩辦公室提供）國民黨新竹縣長參選人徐欣瑩今天繼續推出《我眼中的徐欣瑩》CF，由新竹縣退休校長王淑蘭、徐欣瑩小學老師吳聲祥，分享他們眼中的徐欣瑩。王淑蘭說徐欣瑩對教育議題高度興趣，能敏銳觀察到孩子的不同需求。吳聲祥則說，徐欣瑩幼時就展現超齡的聰慧和獨立自主，某次還主動請纓帶同學參加體育比賽檢錄。2名教育界老兵異口同聲認為她是縣長最佳人選。王淑蘭認為徐欣瑩身為「科技人」有極佳的邏輯脈絡與思考能力，能夠迅速將問題系統化整理，在爭取地方經費，絕不以「沒錢」為藉口推託，而是認真思考如何協助解決。特別是爭取到資源後，她從不強求站台或邀功，甚至會主動追蹤後續進度，是真正了解在地、懂得發掘縣民需求並具備強大執行力的管理者。請繼續往下閱讀...吳聲祥最欣賞徐欣瑩「實事求是、追根究底」的精神。他回憶過去向徐欣瑩反映教育相關問題，事後她還特地打了好幾通電話追問原委、了解問題是否解決、是否需要進一步幫忙。面對新豐地區長期發展所衍生的交通與觀光建設需求，吳聲祥期盼土生土長的徐欣瑩當選縣長後，能給新豐更多支持與資源。新竹縣退休校長王淑蘭站出來力挺徐欣瑩當縣長。（徐欣瑩辦公室提供）    ,https://news.ltn.com.tw/news/politics/breakingnews/5588273
沈伯洋亡母留下滿滿「何欣純」！ 張育萌揭她一路走來：台灣民主縮影,政治,2026/09/28 11:56,沈伯洋說，媽媽是太平人，去年母親去世，他收拾媽媽東西時發現都是何欣純（前排右二）的東西，希望大家幫媽媽投一票給欣純姐；何欣純聽到忍不住感動拭淚。（資料照）民進黨台北市長參選人沈伯洋昨（27）日赴台中合體民進黨台中市長參選人何欣純，盛讚何欣純是「俠之大者、為國為民」。沈伯洋感性透露母親去年離世，整理遺物時發現滿滿何欣純文宣，哽咽喊話台中鄉親「幫我媽媽投欣純姐一票」，引得何欣純當場拭淚。台灣青年世代共好協會理事長張育萌發文回顧何欣純生平，指出其故事正是台灣民主縮影，引發廣泛共鳴。張育萌昨天在臉書發文回顧，何欣純年幼時父親因病驟逝，出身國民黨的母親堅強接手家業並參選台中縣議員，卻在政壇遭遇性別冷言冷語，連任失利更背負龐大債務。何欣純聯考放榜後曾至梨山打工採果賺取學費，考上成大歷史系適逢90年代學運浪潮，即便母親起初不解責備，她仍堅持理念；留英返台後面臨債務與母親洗腎重擔，即便國民黨多次招手，她仍果斷拒絕，先以無黨籍參選挫敗，隨後在2002年代表民進黨以28歲之姿順利當選縣議員。請繼續往下閱讀...張育萌提到，當時何欣純的母親已中風坐輪椅，見證女兒勝選後一年多便辭世，未能親眼看見何欣純日後連續拿下全台中最高票與全國最高票立委。何欣純談的故事，像是台灣民主轉型的縮影。從威權走向民主的時代，有抗爭，也有遺憾。沈伯洋的母親老家正好位於何欣純的選區太平。沈伯洋表示，母親一直期盼他貢獻社會卻又擔心他受傷，可惜沒機會看到自己參選台北市長；去年整理母親遺物時發現留有許多何欣純的物品，因此懇託鄉親替天上的母親投下一票。張育萌感性指出，短短幾句話，承載好幾代人的情緒，承載時代的無奈。何欣純跟PUMA這一路都為了台灣，在不同位子上打拼。如今，也一起在台北和台中，希望改變自己所愛的城市。    ,https://news.ltn.com.tw/news/politics/breakingnews/5588171
連勝文當年選舉公報寫明JD 林智群拿他與蔣相比：沒比較沒傷害,政治,2026/09/28 11:52,前國民黨主席連勝文當年參選台北市長時的選舉公報，明確寫明「法律博士JD」，律師林智群以此拿連勝文與蔣萬安相比，笑稱「沒比較沒傷害」。（圖擷取自中選會資料庫）台北市長蔣萬安近期爭議連發，立院網站上的簡歷突然修改，學歷標註從SJD變JD，引起各界質疑。有網友翻出前國民黨主席連勝文當年參選台北市長時的選舉公報，明確寫明「法律博士JD」，律師林智群以此拿連勝文與蔣萬安相比，笑稱「沒比較沒傷害」。林智群直言：「沒比較沒傷害，勝文怎麼樣還是比較好。身高比較高，不用墊腳；不會問a答b；英文比較好；姓氏沒問題，『不用加*』；學歷老老實實寫JD，沒有要唬爛人。」從連勝文2014參選台北市長時的選舉公報可看到，連勝文在學歷部分寫明「美國哥倫比亞大學法律碩士美國哥倫比亞大學法律博士JD」。請繼續往下閱讀...許多網友也留言：「以前覺得連勝文不行，是蔣萬安還沒出現。」、「問市政答中央，問學歷答游錫堃。」、「沒想到萬安還能比連勝文更爛～」、「勝文真的比較老實。」、「勝文至少比較真，還會批評自己黨內。」、「勝文，生不逢時。」、「以前看到的地板沒想到是萬安的天花板…」    ,https://news.ltn.com.tw/news/politics/breakingnews/5588255
相揪沈伯洋吃爆737夜市 高嘉瑜：來場吃貨PK賽「晚上見真章」,政治,2026/09/28 11:51,台北市長參選人沈伯洋7月31日曾合體市議員參選人高嘉瑜，逛內湖737巷吃美食。（資料照）民進黨籍台北市長參選人沈伯洋今晚7點半將「二訪」內湖區內湖路一段737巷的「737夜市」，7月31日「首訪」陪同掃街的在地議員參選人高嘉瑜稍早預告，當時兩人已經約好，「要再來一次吃爆737！來場吃貨PK賽！」號召支持者集合。高嘉瑜表示，上次和沈伯洋一路從夜市頭吃到尾，地瓜球、刈包、豬血糕、鹽水雞、醬爆雞排、排骨酥、麻油雞、普洱茶、芒果冰沙，一路吃不停，但是737夜市美食太多，根本吃不完。請繼續往下閱讀...高嘉瑜指出，大陳記、吉拿棒、芒果牛奶冰、老家餡餅、烤玉米、鐵板刈包、洋蔥鹹豬肉、大腸圈等口袋名單都「還沒解鎖」，這次決定再戰，「到底是我比較會吃，還是沈伯洋更有實力？晚上見真章！」    ,https://news.ltn.com.tw/news/politics/breakingnews/5588286
教師節另類造勢  許又仁振鐸謝師恩,政治,2026/09/28 11:45,教師節當天，台南市議員參選人許又仁（右2）與多位退休教師代表同台，振鐸謝師恩。（記者劉婉君攝）今天（28）日是教師節，台南市議員參選人許又仁舉辦另類造勢活動，先到「歸仁孔廟」敦源聖廟參拜孔子，再騎腳踏車到仁壽宮，振鐸謝師恩。教師節也是中秋連假最後1天，許又仁在歸仁仁壽宮前舉辦「親水同樂・親師生共好」活動，吸引許多家長帶著小朋友前往戲水、玩泡泡，現場還有舞台表演、卡拉OK歡唱，以及「教育大聲公」諮詢台傾聽家長與基層教師心聲。請繼續往下閱讀...許又仁上午先與多名新豐區的教師到歸仁敦源聖廟參拜至聖先師孔子，再騎自行車抵達歸仁仁壽宮，與數名退休教師代表一起舉行「振鐸3響」敬師儀式，象徵「敬師道、傳薪火、興教育」。許又仁表示，教師節很不容易在去年重新恢復為國定假日，可以休假1天，與許多退休教師對於當前學校內的教育感到很緊張，希望能重返師道尊嚴、重建親師生共好的學習環境。    ,https://news.ltn.com.tw/news/politics/breakingnews/5588268
李競辦指教師節放假投反對票 蘇巧慧：從未反對增加國定假日,政治,2026/09/28 11:41,針對教師節放假議題，民進黨新北市長參選人蘇巧慧表示，過去不管是在委員會的發言或是社群發文，從來都沒有反對過增加國定假日，也沒有反對教師節要放假。（蘇巧慧競辦提供）今天是9月28日教師節，全台放假1天。國民黨新北市長參選人李四川競選辦公室指，民進黨新北市長參選人蘇巧慧去年在立法院，對於教師節放假投反對票。對此，蘇巧慧今天回應，過去不管是在委員會的發言或是社群發文，從來都沒有反對過增加國定假日，也沒有反對教師節要放假。李四川競辦發言人郭音蘭表示，2025年5月立法院三讀通過《紀念日及節日實施條例》，將9月28日教師節列為全國放假日，同時新增勞動節、光復節、行憲紀念日等國定假日，「但是大家不要忘記，蘇巧慧當時對最後三讀版本投下的是反對票。」請繼續往下閱讀...郭音蘭質疑，蘇巧慧當時曾說「不反對放假」，最後結果卻是跟隨民進黨黨意投下反對票。今天老師能在教師節有國定假日，是法律明文保障，蘇巧慧如果現在要自稱教師的「最強後盾」，就有責任向老師說清楚，她去年為何沒有支持最後通過的版本。蘇巧慧今天出席桃園詹姓宗親後援會成立大會，針對教師節放假議題受訪表示，從過去不管是在委員會的發言，或者是社群發文，她從來都沒有反對過增加國定假日，也沒有反對過教師節要放假，她只是認為在討論國家的節日、紀念日的時候，應該要從國家整體價值脈絡一起來思考，整個國家的思想概念，未來傳遞的價值，才有整體感，這是當時在討論法案的狀況。蘇巧慧強調，這段時間她累積了這幾年的經驗，競選期間也多次拜訪教師團體和教師會，所以她已經明確主張，第一，未來教師節的教師禮金要提高為2000元；第二，假日出班、出勤都應該要發給加班費；第三，行政減量，1年有感；第四，校園案件要分流處理。蘇巧慧說，如果這幾項都能夠在校園內徹底落實，會是老師真正的靠山和後盾，她會努力，和老師們一起建構最好、最安全、對孩子們最友善的校園環境，也讓老師有尊嚴的工作。國民黨新北市長參選人李四川競辦指，民進黨新北市長參選人蘇巧慧去年在立法院，對於教師節放假投反對票。（圖由李四川競辦提供）    ,https://news.ltn.com.tw/news/politics/breakingnews/5588270
蔡呈瑞從警界退休  轉戰豐原區西安里里長,政治,2026/09/28 11:40,台中市豐原警分局豐原派出所副所長蔡呈瑞（左一），本月剛退休即投入豐原區西安里里長選舉。（蔡呈瑞提供）台中市豐原警分局豐原派出所副所長蔡呈瑞，本月剛退休即投入豐原區西安里里長選舉，他最近送出自製的「警察杯杯茶葉蛋」獲好評，他說在派出所服務期間自製茶葉蛋送同事吃，大家稱讚，退休後想服務里民、貢獻地方，再拿出自己拿手茶葉蛋和里民分享。蔡呈瑞表示，1992年7月即到基層派出所服務，從員警到巡佐，經歷槍戰，打擊毒品、竊盜、詐欺等，經手的案件不計其數，經歷過內勤、勤務中心值勤官，以及頂街、豐原派出所副所長，在警界服務34年6個月。請繼續往下閱讀...今年55歲，9月退休後，有感從小在豐原區西安里長大，在公家機關服務多年，退休後想將所學及經驗轉化為服務里民，打造優質的西安社區，造福群眾。蔡呈瑞自製的「警察杯杯茶葉蛋」，以高山茶為底，特製滷包熬製，茶葉蛋皮Q、蛋黃入味，他藉由拜訪家戶，也不藏私，送里民品嚐，限一人一顆，許多人都說好吃，問他要到哪裡才買得到？至今已送出3000多顆。蔡呈瑞自製「警察杯杯茶葉蛋」，分送里民品嚐。（蔡呈瑞提供）    ,https://news.ltn.com.tw/news/politics/breakingnews/5588264
沈伯洋今晚7點半再掃內湖737夜市 笑憶教師節祝福就被問論文進度,政治,2026/09/28 11:15,台北市長參選人沈伯洋、市議員參選人高嘉瑜7月31日合體在內湖737巷掃街吃美食，向民眾揮手致意。（資料照）九二八教師節，民進黨籍台北市長參選人沈伯洋回憶，每次教師節對學生來說最尷尬的，是祝老師「教師節快樂」就會被問論文進度，所以通常學生祝他「教師節快樂」時，會順便附上某一個章節，表示有最新進度，因此「我的教師節就常常在看論文中渡過」。此外，連假最後一天，沈伯洋今晚7點半會再訪內湖區737夜市，歡迎民眾推薦美食給他。沈伯洋表示，不過收到現在及畢業的同學們祝福，聽學生講述現在的人生，總是讓他感到很欣慰。謝謝每一位在教育現場認真教學、陪伴學生的教育者。很多付出不會立刻被看見，卻可能在很久以後，成為一個人繼續往前走的力量，祝福大家、教師節快樂！請繼續往下閱讀...今天也是連假最後一天，沈伯洋晚上7點半將再訪內湖區737夜市（內湖路一段737巷），預計會由選區議員何孟樺、王孝維、李建昌及議員參選人高嘉瑜、陳又新一起掃街拜票，歡迎民眾推薦美食。今晚將是沈伯洋至少二度走訪737夜市，上一次是7月31日。    ,https://news.ltn.com.tw/news/politics/breakingnews/5588250
唾棄打著藍旗打藍軍 楊文科：應接受初選結果才能團結致勝,政治,2026/09/28 11:10,國民黨新竹縣黨部主委楊文科，昨天在新埔、竹東的黨務活動上公開砲轟有人「打著藍旗打藍軍」。（取自國民黨新竹縣黨部臉書）國民黨新竹縣黨部主委楊文科，今天在縣黨部臉書和官群，發出一份「唾棄『打著藍旗打藍軍』的騙票背叛者，國民黨將會團結勝利！」的文章，強調國民黨在新竹縣的初選已結束，大家應尊重制度、接受結果。但是地方上有人「打著藍旗打藍軍」，他轟「對背叛本黨者，或打著藍軍招牌騙取本黨選票者，應予唾棄。」由於楊文科前述說法並沒有點名是誰「打著藍旗打藍軍」，是黨內獲提名的縣議員與鄉鎮市長參選人？藍營的地方各社團領袖？還是他黨、無黨籍參選者？因此貼文一出立刻引發各種揣測，楊文科把初選後的裂痕遮羞布掀掉，在藍營內部反而形成某種獵巫氛圍。請繼續往下閱讀...對此，楊文科透過縣黨部回應說，大局當前，國民黨有的就是「團結勝選的決心」，其他不多做評論，相信社會自有公評。黨籍議長張鎮榮則說，楊文科說的問題確實還存在於少數黨籍同志，但經大家努力整合，離心者已經是少數。若真有「打著藍旗打藍軍」的黨籍參選人，在投票日前，仍可以祭出黨紀，嚴重甚至能撤銷提名、開除黨籍，但他相信並沒有這樣的人存在。楊文科是昨天（27日）先後到新埔、竹東參與地方黨務活動，談到縣長選戰時，他強調國民黨有制度、有規矩，提名前可以競爭、各自努力，但提名確定就應尊重和接受。他轟地方上有人一面打著國民黨旗號、掛著「藍軍」招牌，另方面卻不支持國民黨正式提名候選人，甚至以藍軍名義「想騙走國民黨支持者選票」。他強調「對背叛本黨者，或打著藍軍招牌騙取本黨選票者，應予唾棄」！不能任其「打著藍旗打藍軍」，因為這不是團結藍軍，而是在消耗、傷害藍軍。    ,https://news.ltn.com.tw/news/politics/breakingnews/5588234
教師節吳宗憲拋「教育四磚」主張 引進AI備課協助老師實質減壓,政治,2026/09/28 11:08,今天是教師節，國民黨宜蘭縣長參選人吳宗憲拋「教育四磚」主張。（圖取自吳宗憲粉專）今天（28日）是教師節，國民黨宜蘭縣長參選人吳宗憲粉專發文，提出「教育四磚，宜蘭向上」主張，引進AI備課協助老師實質減壓。吳宗憲在文中指出，他曾在大學兼課教書20幾年，看著講台下年輕臉龐，他很清楚，老師一句鼓勵，真的能改變孩子一生，自己也曾在求學路上被老師拉了一把，教育不只授課，而是在孩子迷惘時，有個大人願意陪他往前走。請繼續往下閱讀...吳宗憲說，教師節這天獻上感恩與祝福，教師節之後，要把「工作安心、教學快樂」作承諾，老師守護孩子，縣府必須力挺老師，提出「教育四磚，宜蘭向上」主張。第一編列教育專案經費：財劃法128億元，第一年5000萬元打底，教職員午餐全免、縣府補助專責行政人力、引進正版AI備課工具，協助老師實質減壓。第二成立教育推動平台：縣長帶頭讓行政減壓，建立常態平台，定期與各校、工會、教師會面對面，同時力促繁瑣行政報告減量。第三教育安定環境：專職校安＋每年八萬法律顧問，安排專職校安人員、義交導護、公職律師與心理諮商師，當老師最強後盾。第四教育相乘發展：轉型不廢校「小校大區．跨校大聯盟」，推動小校特色化、跨校合作、跨區域合作、跨縣市聯盟，讓行政、人力、師資、教材、活動互相支援，為宜蘭囝仔搭建更大舞台。    ,https://news.ltn.com.tw/news/politics/breakingnews/5588242
蔣萬安高喊「Team Taiwan」反被灌爆！網酸：選情告急才打台灣牌,政治,2026/09/28 11:05,蔣萬安表示，「為台灣加油，不該成為禁忌。」（圖取自蔣萬安臉書）2026年愛知·名古屋亞運棒球上演兩岸對決，場邊台灣球迷因手持「Taiwan」字樣毛巾應援遭工作人員制止，引發外界高度關注。台北市長蔣萬安發文強調「為台灣加油不需要道歉、喊出Taiwan不該成禁忌」；對此，民進黨台北市長參選人沈伯洋回應「挺台灣本來就不用道歉」，笑稱樂見蔣加入行列，但綠營本來就始終如一。貼文也引來網友正反兩極議論，質疑其在選戰逼近之際才打「台灣牌」。蔣萬安昨（27）日在臉書發文表示，為台灣加油，不該成為禁忌。在愛知名古屋亞運棒球台灣對「中國大陸」之戰，場上的台灣選手全力拚戰，場邊的台灣球迷拿出印有「Taiwan」字樣的毛巾，為自己的選手加油遭到制止。高喊「Team Taiwan」，是台灣球迷最直接的心情表達。「中華隊」選手在場上流汗拚戰，台灣球迷在場邊為台灣之光加油，這是最純粹的國民情感。請繼續往下閱讀...他強調，「Taiwan」是我們的家，也是世界認識我們的名字，不是政治禁忌，更不該被戴上有色眼鏡。體育的舞台應該讓選手好好比賽、讓球迷好好加油，而不是讓政治凌駕運動；並重申反對任何打壓與限縮台灣國際空間的行為，「為台灣加油不需要道歉；喊出Taiwan不該成為禁忌。繼續為每一位在亞運賽場上奮戰的臺灣選手加油！Team Taiwan，加油！」。面對蔣萬安的表態，沈伯洋表示挺台灣（Team Taiwan）本來就是理所當然、不需要道歉的事，不是很清楚蔣萬安為何要在此時特別強調。沈伯洋隨後打趣表示，如果蔣市長願意加入挺台灣的行列，當然令人感到開心，但他也點出「我們從以前到現在都是這個樣子」，展現一貫「挺台灣」的立場。蔣萬安發文後迅速引發社群熱議，紛紛留言開酸「選情告急突然就Team Taiwan了，台灣台北市有你這種市長真是我們台北市人之恥」、「現在才在說台灣噢，來不及了啦，11/28 準備換台北市長了啦」、「急到打『台灣』牌了」、「要選舉了才這樣說，平常您夫人說Chinese Taipei」、「不是穩穩的贏兩位數嗎？怎麼開始急到打台灣牌了」、「記得雙城論壇時要清楚表達這個看法喔」、「蹭屁，平常挺打壓台灣的中國」。    ,https://news.ltn.com.tw/news/politics/breakingnews/5588216
陳品安拋青年4D政策：讓青年參與預算決策,政治,2026/09/28 11:02,陳品安與青年對話。（陳品安團隊提供）民進黨苗栗縣長參選人陳品安，昨（27）日舉辦「少年吔，安啦」青年座談會，適逢中秋連假，現場湧入返鄉青年、在地學子，直接面對青年提問。陳品安承諾，將建立青年參與政策與預算決策的機制，讓青年真正有機會發聲，讓青年成為苗栗未來的共同決策者。座談議題從高教、文化、治安到交通。針對家長關切八大行業對校園及社區環境的影響，陳品安主張落實地方自治條例，要求八大行業與學校保持200公尺以上距離，並強化實質稽查與輔導。請繼續往下閱讀...面對苗栗高教資源不足，陳品安認為應以國立聯合大學作為「領頭羊」，帶動國高中教育與產學合作，縣府則應先透過人口及就學數據精算需求，再向中央提出完整計畫，而不是反覆喊出實驗中學口號。另就苗栗大眾運輸長期缺乏接駁問題，她提出規劃「環市公車」及「彈性小巴、幸福巴士」，深入社區巷弄，補足台鐵、高鐵與地方交通之間的最後一哩路。「陳品安的縣府，就是要替人民解決問題！」陳品安表示，年輕世代投入政治，就是希望打破既有利益結構，讓政府回應人民需要。她宣示全面推動「青年4D政策」，包括老屋修繕最高補助50萬元，並由縣府協助代租代管；提供青年創業及留學貸款利息補貼；成立「苗栗天使基金」，實質投資在地具潛力的新創團隊；同時推動參與式預算，讓青年不只是被動接受政策，而能實際提出提案、參與預算決定。陳品安強調，未來也將運用自身財金與法律專業，推動零基預算改革與財政透明，讓每一筆公帑都花在真正需要的地方。「苗栗的未來不能只由少數人決定」，她要把舞台交給青年，讓年輕人有選擇留下來、回來打拚的機會，也讓青年一起參與、一起決定苗栗的下一步。民進黨苗栗縣長參選人陳品安舉辦「少年吔，安啦」青年座談會，與青年對話。（陳品安團隊提供）    ,https://news.ltn.com.tw/news/politics/breakingnews/5588222
倡老師回歸教育專業 新北綠營新人提五大支持政策,政治,2026/09/28 10:57,今天是教師節，民進黨新北市議員參選人李昆穎提出五大教師支持政策。（圖由李昆穎提供）今日是9月28日教師節，民進黨新北市板橋區議員參選人李昆穎向第一線教師表達感謝，並提出「五大教師支持政策」，從行政、法律、心理、特教及制度等面向，減輕教師在教學之外承受的壓力。他說，「老師要顧好學生，政府就要先顧好老師」，應讓老師回歸教育專業，打造「老師安心、家長放心、孩子好好學習」的友善校園。李昆穎表示，現在老師面對的工作早已不只是備課與教學，從行政業務、特殊教育需求、親師溝通，到校園爭議與心理壓力，都可能落在第一線教師身上。政府不能一方面期待老師承擔更多責任，卻沒有提供足夠的支持系統，「老師專心教學，其他的事情，政府應該接得住。」請繼續往下閱讀...首先在「行政支持」方面，李昆穎主張增聘專業行政人員、推動行政減量，並結合民進黨新北市長參選人蘇巧慧提出的政策方向，減少不必要的行政工作，讓教師把時間留給學生與教學。第二是「法律支持」。新北市目前已有教師教權及法律支持相關措施，李昆穎認為應建立更容易使用的法律支持制度，提供教師定額法律諮詢補助，讓教師面對親師爭議、校園事件或法律問題時，可以及早取得合格律師的專業協助，不必等到爭議擴大才尋求救濟。第三是「心理支持」。新北市目前已有教師諮商輔導支持服務，李昆穎指出，除了提供諮商，更應處理教師「有假卻不敢請」的問題，將爭取教師身心調適假朝公假認定方向調整，避免教師擔心請假影響自身權益。第四是「特教支持」。李昆穎說，融合教育已是校園重要趨勢，第一線教師除了照顧全班學生，也可能同時面對特殊教育需求。他建議增加特教教師及專業支持人力，協助特教學生的學習與日常照應，「這不只是幫老師減壓，更重要的是讓每一個需要協助的孩子，都能得到更完整的教育支持。」第五則是「制度支持」。李昆穎主張強化教師會功能及教師權益保障，讓校園爭議有公平、公正、透明的申訴及處理機制。反霸凌不應只有單一方向，學生不應遭受霸凌，教師同樣不該在校園中孤立無援，完善制度才能同時保障教師合理權益與學生受教權。    ,https://news.ltn.com.tw/news/politics/breakingnews/5588233
教師節政見拚場 花蓮縣長參選人搶攻教育票,政治,2026/09/28 10:50,無黨籍花蓮縣長參選人魏嘉賢。（魏嘉賢辦公室提供）今天是教師節，花蓮縣長參選人張峻、魏嘉賢都簽署支持花蓮縣教師職業工會、花蓮縣教師會及花蓮縣教育產業工會提出的十大教育訴求。張峻承諾與教師團體攜手合作，共同為花蓮教育努力，強調「支持老師，就要一起面對問題、一起找出方法。」；無黨籍參選人魏嘉賢、國民黨參選人游淑貞也分別選在教師節提出教育主張，三方在尊師、減負及偏鄉留任等議題上展開政策交鋒。張峻表示，支持老師不能流於口號，必須「一起面對問題、一起找出方法」。他將教師團體的十大訴求歸納為五大面向：包含改善班級規模與授課負擔、補足特教與心理輔導人力、建立學生失序行為處理及教師保護機制、檢討教保待遇與全面學力檢測，以及減少重複填報與評鑑，並建立縣長與第一線教師的定期對話制度。請繼續往下閱讀...配合十大訴求，張峻同步拋出「教育平權政策白皮書」，針對花蓮長期面臨的偏鄉師資問題，規劃分年改善偏鄉教師宿舍與留任條件；同時推動學區聯盟共享專長教師與心理師，串聯社政與衛生資源。在照顧學生方面，則規劃擴大偏鄉課後照顧、推動數位平權與升級營養午餐，並承諾權責內的改善項目立即推動，涉及中央者則共同爭取，經費公開透明，期盼打造「老師安心教學、孩子安心成長」的花蓮。同樣強打「第一線親近感」的參選人魏嘉賢則強調，自己是唯一親自出席教師工會「與縣長候選人有約」座談並現場簽署十點訴求的參選人。具有碩士學位及長期擔任議會教育小組召集人背景的魏嘉賢，以「雙寶爸」的角度指出，降低師生比、檢討學力測驗、保障導師離線權、推動教師免費營養午餐及特教助理員改採月薪制，是他多年來一貫的堅持，未來若當選將優先推動十點教改，讓教育不再只是選舉口號。現任吉安鄉長、擁有33年教育工作經驗的游淑貞，則打出「挺家長、尊教師、伴孩子」三大核心主張。游淑貞提出「教師減壓支持計畫」，主張透過數位化行政系統減少不必要的表單與重複業務，將時間還給教育現場；偏鄉部分則爭取中央資源推動交通、住宿與職涯支持方案，並結合在地特色推動「一校一特色」，建立完善的教師申訴與心理支持機制。國民黨籍花蓮縣長參選人游淑貞。（游淑貞臉書）無黨籍花蓮縣長參選人張峻。（張峻辦公室提供）    ,https://news.ltn.com.tw/news/politics/breakingnews/5588218
蔣萬安教師節喊讓教育回歸教學本位 洪健益：缺配套消耗第一線心力,政治,2026/09/28 10:48,台北市議員洪健益。（資料照）今天是教師節，台北市長蔣萬安臉書發文「老師您辛苦了，教師節快樂！」並指北市推動國小、國中以及高中導師全面減少一節課、提高導師費等教育革新三箭，支持老師就是支持孩子的未來。市議員洪健益則感嘆，今年這句「教師節快樂」說得有點心疼，免費營養午餐立意良善，但增加的工作可能又落到老師身上，對照教師缺額創新高，提醒蔣市長，每多一項「欠缺規劃與配套」的政策，就多消耗老師的心力和教學熱情，應該好好傾聽理解老師越來越難找、願意留下來的越來越累的真正原因。蔣萬安提到，教育是台北的根基，老師是教育的核心。謝謝所有老師們站在教育第一線，用專業與熱情陪伴孩子成長，也為台北打下最重要的基礎。北市推動教育革新三箭，包括國小、國中以及高中導師全面減少一節課、提高導師費；增加學校專責行政人力、調高教師兼任行政工作獎金；全面增加教師心理諮商時數與次數，讓教育回歸教學本位，也會持續投資教育，做老師最堅實的後盾；全力捍衛老師的權益與尊嚴，打造台北成為尊重老師、注重教育與禮義廉恥的城市。請繼續往下閱讀...洪健益表示，今年這句「教師節快樂」說得有點心疼，教育從來不只是把課本教完，一個孩子的成長，需要一位願意陪著他（她），把知識慢慢變成理解、思考，最後成為一輩子帶得走的老師。然而，看到現在台北第一線老師的處境，忍不住替老師們感到不平。洪健益舉例，免費營養午餐立意良善，但從打菜、用餐、孩子漱口刷牙、整理廚餘到最後整隊放學，增加的工作誰來承擔？最後是不是又落到第一線老師身上？115學年度台北市國中小教師總缺額1865人，即便聘請1539名代理教師，最後仍缺326人，都是近年最高，其中國中聘代理教師後仍缺241人，較前一年的121人幾乎翻倍。洪健益喊話蔣萬安，市政可以一項一項推出，然每多一項欠缺規劃和配套的政策，就多消耗第一線老師的心力跟教學熱情，教師節到了，不希望市長只是說一句「老師辛苦了」，更應該好好去傾聽、理解，為什麼老師愈來愈難找？缺額越來越高？為什麼願意留下來的老師，卻愈來愈累？真正尊重老師，不只是一句祝福，而是讓願意教書的老師們，在良好的教育環境下，安心、放心、好好教書。    ,https://news.ltn.com.tw/news/politics/breakingnews/5588204
蔣萬安學歷修改風波瞎扯游錫堃 林楚茵：蔣寶別事事要人扛,政治,2026/09/28 10:36,蔣萬安英文簡歷突然修改，學歷標註從SJD變JD，北市研考會主委殷瑋竟將此推到游錫堃身上。林楚茵批評蔣萬安：「蔣寶不要事事要別人扛！」（資料照）台北市長蔣萬安被爆出在立院網站上的英文簡歷突然修改，學歷標註從SJD變JD，在此舉引起各界質疑之際，北市研考會主委殷瑋竟推到前立法院長游錫堃身上。為此游錫堃昨日也發聲喊冤，強調立委「寫什麼就登什麼」。民進黨立委林楚茵對此也批評蔣萬安：「蔣寶不要事事要別人扛！」林楚茵今（28日）在臉書發文提到，「水牛伯」游錫堃先是幽自己一默，隨後游質疑蔣萬安不只「問A答K」，連學歷都要問他？林楚茵強調，時任立法院長游錫堃對於立委們公佈的學歷根本沒有核定權，學歷怎麼填、怎麼登載，是蔣萬安為自己負責。請繼續往下閱讀...林楚茵指出，蔣萬安被抓包竄改學歷是發生在現在「韓國瑜當立法院長」的現在，若要找竄改者，蔣萬安要去找韓國瑜負責。林楚茵也直言：「連現在的院長是韓國瑜都搞不清楚，難怪台北市政被蔣萬安搞得一蹋糊塗！ 」    ,https://news.ltn.com.tw/news/politics/breakingnews/5588194
洋流來襲  盧秀燕有信心蔣萬安、江啟臣會贏,政治,2026/09/28 10:36,盧秀燕表示，江啟臣、蔣萬安一定會高票當選。（記者歐素美攝）民進黨台北市長參選人沈伯洋，昨南下與台中市長參選人何欣純合體，掀起一股強烈洋流，台中市長盧秀燕今天面對媒體詢問對洋流的看法，盧秀燕回應表示，江啟臣．蔣萬安一定會高票當選的。盧秀燕今天出席台中市議員參選人吳宗學競選總部成立大會，媒體詢問她對「洋流」的看法。請繼續往下閱讀...盧秀燕表示，她對台北市長蔣萬安及江啟臣有信心，相信2人一定可以高票當選。    ,https://news.ltn.com.tw/news/politics/breakingnews/5588211
蘇巧慧「SJD」載明博士候選人 李競辦再引游錫堃說法質疑謊報假博士,政治,2026/09/28 10:02,"國民黨新北市長參選人李四川競辦發言人吳亮賢質疑「蘇巧慧已成游錫堃認證謊報學歷的假博士」。（圖由李四川競辦提供）台北市長蔣萬安立法院英文簡歷由「SJD」（法學博士）改成「JD」（法律博士）引各界討論，新北藍營則質疑民進黨新北市長參選人蘇巧慧在第9屆立委的英文簡歷也登記為「SJD」，國民黨新北市長參選人李四川競選辦公室今拿前立法院長游錫堃說法「立委怎麼寫，立法院就怎麼登」的說法，再質疑「蘇巧慧已成游錫堃認證謊報學歷的假博士」；蘇昨回應，她在第9、第10屆繳交的履歷皆載明是美國賓州大學法律博士SJD的候選人，從沒說過是博士。李四川競辦發言人吳亮賢表示，蘇巧慧昨晚受訪稱「從沒有說過自己是博士」，直到今天早上，立法院第9屆立委的英文官網，「蘇巧慧仍自稱是賓州大學法學博士『SJD, University of Pennsylvania』，直接打臉蘇巧慧謊言，他也指控蘇巧慧家族涉違利衝法爭議，兩度扯謊，如今已是第3次。請繼續往下閱讀...吳亮賢指出，游錫堃昨晚在臉書指出，有關立委的學歷，立委怎麼寫，立法院就怎麼登，此話重重打臉蘇巧慧，依游的說法，代表蘇巧慧第9屆英文官網上的履歷，就是蘇巧慧自己填寫，也因此才會憑空出現蘇巧慧從未擁有的賓州大學博士學歷。他表示，綠營不斷以博士學位議題抹黑攻擊蔣萬安，但同樣是賓州大學學歷，蔣萬安與蘇巧慧有個核心關鍵差異，「蔣萬安確實取得賓州大學法律博士學位，蘇巧慧沒博士學位卻自稱是博士」，蘇巧慧只要回答一個問題，若依照游錫堃所言，第9屆立委英文官網上的賓州大學博士學位，是否是本人填寫？蘇巧慧昨接受媒體聯訪回應立法院簡歷一事，她提到，她在第9屆、第10屆在向立法院繳交的中文學歷履歷表上面，都非常清楚載明，她就是「美國賓州大學法律博士SJD的候選人」，從沒有說過自己是博士，後來立委實在太忙，她認知到自己再也不可能去美國寫完論文，所以她在第10屆時放棄了學籍，第11屆時，她自動把博士候選人的經歷直接拿掉，應該沒什麼好質疑、好做文章的。國民黨新北市長參選人李四川競辦指出，立法院第9屆立委的英文官網，蘇巧慧至今仍自稱是「SJD」。（圖由李四川競辦提供）    ",https://news.ltn.com.tw/news/politics/breakingnews/5588177
陳亭妃預計北上助陣「洋流」 謝龍介：自己夠強不需要什麼流,政治,2026/09/28 09:58,國民黨台南市長參選人謝龍介（中右）授旗給國民黨客委會及各後援會。（記者劉婉君攝）民進黨台北市長參選人沈伯洋掀起「洋流」熱潮，同黨的台南市長參選人陳亭妃今天（28日）下午將北上力挺沈伯洋。國民黨台南市長參選人謝龍介上午受訪時表示，「自己夠強，不需要什麼流。」謝龍介今天上午至仁德一甲忠義宮前參加國民黨台南市客家工作委員主辦的造勢活動，授大旗給客委會及各後援會，面對媒體詢問時表示，現在有很多流，選舉是八仙過海、各顯神通，民進黨掌握國家所有資源，在野黨當然會備感艱辛，但有民意做後盾，民進黨有高官貴族站台，國民黨和庶民站在一起，最後就會贏得勝利，從北到南，不怕什麼流，凝聚所有民意，人民才是最大靠山。請繼續往下閱讀...謝龍介在活動中說明自己的福利政見，他說，台南人給了民進黨33年的機會，但這幾年螺絲掉滿地，官商勾結、爐石掩埋、太陽光電弊端等，人民已忍無可忍，台南每年淹水，真的是治水有做好？還是側溝的問題？國家財政越來越好，台南市民有權不做二等公民。國民黨台南市長參選人謝龍介（第1排左5）針對「洋流」表示，自己夠強，不需要什麼「流」。（記者劉婉君攝）    ,https://news.ltn.com.tw/news/politics/breakingnews/5588176
柯志恩教師節承諾：未來「柯市長」為教育撐腰,政治,2026/09/28 09:57,柯志恩（中）承諾為高雄老師撐起更堅實的制度後盾。（柯志恩競辦提供）今天是928教師節，國民黨高雄市長參選人柯志恩表示，26年教育工作經驗，讓她始終以「教育人」為傲，未來如果有機會成為「柯市長」，她會把26年的教育經驗帶進市政，為高雄老師撐起更堅實的制度後盾。柯志恩說，她從政大教育系畢業、取得教育心理學博士，到走進教室、研究室及學務工作，再到進入立法院，有26年教育工作經驗，「柯老師」也是她最珍惜的稱呼。未來若有機會治理高雄，將以「打造高雄教育新典範」為目標，讓老師有尊嚴、有喘息空間，也讓孩子擁有更好的學習環境。請繼續往下閱讀...柯志恩表示，當高雄兩大教師工會提出教育政策訴求時，她不只是支持，更主動加碼提出完整政策。首先，將教科文支出占比由34%提高至38%，全面改善教學環境，並擴大幼兒教育與課後照顧；第二、逐年調降班級人數，高中職32人、國中25人、國小24人以下，同時增加特教人力、改善資源班師生比；第三、實質減輕教師行政負擔，刪減30%非必要公文與報表。第四、強化校園安全，擴充校安與專業輔導人力，設立市長專線；第五、重視品德教育與學生心理健康，強化學生輔導工作；第六、平衡城鄉教育資源，推動生活化沉浸式英語、偏鄉數位雙語學伴，及6至18歲免費AI教育資源；第七、建立「教育四方會談」，每年由市長親自主持教育圓桌會議。柯志恩強調，她深知老師需要的從來不只是掌聲，而是尊嚴、喘息的空間。未來如果有機會成為「柯市長」，她會為高雄老師撐起更堅實的制度後盾，讓老師安心教學、孩子安心學習。    ,https://news.ltn.com.tw/news/politics/breakingnews/5588175
小三通入境》連江縣府提醒：勿攜帶含肉內餡月餅等違禁品以免挨罰,政治,2026/09/28 09:43,4天連假今天畫下句點，連江縣政府提醒縣民勿攜帶違禁品入境，以免觸法挨罰。（圖為馬祖日報提供）中秋節及教師節4天連假今天（28日）畫下句點，連江縣政府今天（28日）提醒鄉親，攜帶或郵寄物品前務必多加留意，切勿攜帶含肉月餅等違規品項入境，以免觸法挨罰。連江縣長王忠銘提醒鄉親，攜帶動植物產品入境未申報最高可處100萬元罰款，民眾若對攜帶物品是否違法有疑慮，務必於「檢疫申報終止線」前，主動詢問檢疫站人員，或事先查詢《入境旅客攜帶常見動植物或其產品檢疫規定參考表》，亦可撥打服務專線0800-039-131確認，菸酒相關問題可撥財政部關務署0800-005-055，以免受罰。請繼續往下閱讀...連江縣府將常見違規品項歸納為「植物、動物、豬相關、菸、酒」5大類，呼籲鄉親過海關前務必嚴謹檢查、主動申報。植物類包括有蔬菜水果、新鮮果實、有發芽能力的種子或植物、帶根活植株都禁止攜帶。另外，包括紅豆、綠豆、藜麥、燕麥、檳榔、生薑片、奇亞籽、孜然等。而食用米、花生（限熟品）、蒜頭（限熟品）、乾金針、乾香菇、茶葉等各不得超過1公斤，且須於X光檢查前，主動取出申報。其次，包括生鮮肉品、加工肉類、含肉加工產品等動物產品皆禁止攜帶，包含鮮奶、半熟蛋、皮蛋、未經熟製烘焙的鹹蛋黃、內臟、鳳爪鴨掌及各類寵物飼料。此外，農畜水產品（如干貝、魚乾、燕窩、魚翅）總量限制6公斤；罐頭總量不可超過6公斤（各類限6罐）。縣府指出，為嚴防非洲豬瘟與口蹄疫，所有生鮮豬肉（含真空包裝）、豬肉製品及含豬肉餡料的月餅均嚴禁攜帶，包含火腿臘肉、香腸、火腿腸、肉乾肉鬆及豬油等。中秋期間，民眾容易攜帶的廣式月餅、伍仁月餅、腐乳餅、杏仁餅，以及酥脆小禮餅、鱈魚腸及連江角餅等，內餡極易含有豬肉或肥膘成分。關於菸類：年滿20歲旅客可攜帶免稅捲菸1條（200支）、菸絲1磅或雪茄25支；禁止攜帶電子煙及未經許可的加熱菸與加熱器入境。年滿18歲可攜帶免稅酒1．5公升（未開放進口之大陸地區酒類限量為1公升）。    ,https://news.ltn.com.tw/news/politics/breakingnews/5588161
學校有老師才活得起來 李四川「挺教育」祝老師教師節快樂,政治,2026/09/28 08:51,國民黨新北市長參選人李四川在臉書發布圖文，祝天下的老師教師節快樂。（圖擷取自「李四川Hammer Lee」臉書）今天是教師節，國民黨新北市長參選人李四川在臉書發布圖文，祝天下的老師教師節快樂，他說，他從小想當老師，沒當成，後來做工程，幫老師蓋教室，但學校要有老師才活得起來，他重申三大「挺教育」政見，若選上市長，包括老師的福利及現有問題，他答應教師會幹部一定做改善。李四川在個人臉書粉專「李四川Hammer Lee」發布的圖卡寫道「當年我在台下仰望，現在我為教師打拼」，他說，他是討海人的孩子，在小琉球長大，那個年代，島上書缺、資源也缺，能站上講台、把知識交給別人的人，在他眼裡很了不起。請繼續往下閱讀...他指出，小時候寫「我的志願」，每一次都寫老師，後來跑去做工程、當公務員，一做就是40幾年。教室、操場、活動中心，一路蓋了不少，但說實在，教室蓋得起來，學校要有老師才活得起來。李四川表示，這幾年，新北市長侯友宜把師生比、老師的心理諮商一項一項做起來。接下來，他想接著做三件事：一、班級往「班班 25 人」走，每個孩子多被照顧一點；二、AI 進校園，先幫老師、再幫學生；三、老師免費心理諮商的次數再加上去。「教室，我們蓋得出來，孩子，是老師一個一個帶出來的。」李四川向老師說聲辛苦了，教師節快樂。他指出，前幾天與教師會幹部座談，教師會也針對老師的福利及現有問題應精進的部分提出意見，他答應選上一定改善。    ,https://news.ltn.com.tw/news/politics/breakingnews/5588123
「吃屏東香蕉」影片瘋傳 柯志恩止血帶旗山香蕉參加烤肉,政治,2026/09/28 08:33,柯志恩昨晚特別帶著旗山香蕉，參加左營區的烤肉活動。（圖擷自柯志恩臉書）國民黨高雄市長參選人柯志恩參加旗山推廣農產活動，離去時脫口而出「吃屏東香蕉」，影片在各社群平台瘋傳；為了止血，柯志恩昨（27）日晚特別帶著旗山香蕉，參加左營區的烤肉活動，強調不管是旗山香蕉或屏東香蕉 ，都是非常好吃的香蕉。柯志恩昨晚在臉書PO出參加左營區新下里志工的烤肉活動，特別帶來旗山香蕉的影片。她說，希望大家吃完烤肉後可以解膩，而且香蕉有營養價值。請繼續往下閱讀...針對這次脫口而出的「吃屏東香蕉」風波，柯志恩澄清說，當時是因為行程嚴重延遲，因為她要利用中秋佳節趕回屏東，跟親友吃飯，助理問她要不要吃香蕉時，她馬上說「吃屏東香蕉」，如果造成大家誤解。她要特別澄清，不管是旗山香蕉或屏東香蕉，都是非常好吃的香蕉。柯志恩強調，旗山香蕉是高雄及台灣重要的農業品牌，更是許多蕉農辛苦耕耘的成果。支持旗山香蕉，就是支持每一位辛苦耕耘的蕉農，香蕉沒有顏色之分，無論來自哪裡，都是台灣這片土地孕育出來的好滋味。但不少網友對她的解釋不領情，酸說「妳選屏東縣長，絕對支持你到底」，其中一名網友更認真回覆說，「妳這種解釋，很怪。幕僚給妳香蕉，妳若是要吃就收著；如果妳不想吃，妳就直接拒絕說我不吃；哪有什麼吃屏東香蕉這種回答模式」；也有支持者替她加油，表示「跑行程的確會有些意外的狀況，有心人士拿這當話柄，真是不可取」。    ,https://news.ltn.com.tw/news/politics/breakingnews/5588116
批蔣萬安拿教師節放假操作政治口水 吳欣岱：放一天假解決不了教師荒,政治,2026/09/28 08:16,台北市長蔣萬安以「是否投票支持教師節放假」作為評斷民進黨台北市長候選人沈伯洋關心教師權益的標準，台灣基進台北市內湖、南港區市議員候選人吳欣岱痛批此舉流於政治口水。（取自吳欣岱臉書）台北市長蔣萬安以「是否投票支持教師節放假」作為評斷民進黨台北市長參選人沈伯洋關心教師權益的標準，台灣基進台北市內湖、南港區市議員參選人吳欣岱痛批此舉流於政治口水。她表示，一天假期固然重要，但基層教師真正必須面對的是另外三百多天的高壓工作現場。她也嚴正質疑蔣市府，為何直至今年開學前一週，台北市竟仍有高達86所學校、210個教師職缺找不到人，迫使現職老師必須靠超鐘點硬撐，這絕非單憑放一天假就能解決。吳欣岱點出校園現場的沉重負擔指出，許多年輕教師來到台北，得同時面臨高昂房租、繁重行政工作、家長申訴、校事會議壓力及不穩定的代理制度。當前學生遭遇霸凌、涉及毒品，乃至嚴重的行為衝突與心理健康問題，本應仰賴跨專業合作的機制處理，如今卻幾乎全數塞給第一線導師承擔。請繼續往下閱讀...為此，她高度認同沈伯洋提出建立具公信力第三方專業機制的訴求，並強調校事會議雖不能一廢了之，但必須徹底改革匿名檢舉、濫訴及調查制度，讓真正不適任的教師受到處置，也讓認真教學的老師免於終日恐懼被告的陰影。此外，針對蔣市府倉促上路的免費營養午餐政策，吳欣岱直言該政策缺乏完善配套，導致低年級用餐時間分配與廚餘處理等問題，最終全數落在基層教師肩上。她透露，暑假期間甚至有老師發起「一人一通1999」向市府反映問題的抗議浪潮，市府高層不可能毫不知情。她重申，午餐政策的底線在於食安與健康，絕非淪為僅剩「免費」二字的政策宣傳，更不該將配套不足的苦果轉嫁給第一線教育工作者。為具體從根本改善教育環境，吳欣岱提出其涵蓋多面向的教育政策藍圖。她主張市府應推動「首都教師專業加給」、補足特教師資缺口，並實質改善年輕與外地教師的居住及留任條件；同時，須大幅增加專職人力以落實專業分工。在營養午餐方面，則嚴格要求食材在地、認證與來源透明，並完善食安檢驗與專業營養人力編制，期望透過扎扎實實的制度改善，讓老師們教得有成就感，學生也能安心成長。吳欣岱最後強烈呼籲蔣萬安，與其拿教師節放假與否進行政治操作，不如在收假後真正走進校園，傾聽基層教師的專業是否受到尊重、孩子吃進肚子的午餐是否安全。她強調，對第一線教育工作者的重視，不應只停留在教師節這一天的口惠，而必須落實在每一筆預算、每一項制度，以及市府面對問題時的選擇中。唯有還給老師一個有尊嚴、能發揮專業且具備成就感的教學環境，才是真正的關心教師權益。    ,https://news.ltn.com.tw/news/politics/breakingnews/5588109
沈伯洋驚喜現身華山！非公開行程洋流仍塞爆  粉絲一看到他超心疼！,政治,2026/09/28 08:09,沈伯洋27日晚間戴著口罩現身華山。（圖翻攝自Threads）首次上稿 09-27 23:53更新時間 09-28 08:09民進黨台北市長參選人沈伯洋近期的鐵人行程讓許多支持者擔心他的身體狀況，競選總幹事吳思瑤24日表示將安排其就醫並「強制」讓其休息，身兼綠營黨主席的總統賴清德也交代每天讓沈伯洋至少午休1小時。週日晚間台語龐克樂團「隨性Random」在華山Legacy Taipei舉辦專場，沈伯洋居然是神秘嘉賓，消息傳開後，儘管是非公開行程，「洋流」依舊湧入華山周遭迎接沈伯洋；當看到沈伯洋戴著口罩現身，讓支持者們直呼心疼。請繼續往下閱讀...隨性樂團27日在Legacy Taipei舉辦「你是毋是拄著魔神仔——隨性《魔神仔》發片最終場」，沒有想到神秘嘉賓竟然是沈伯洋，消息在網上傳開後，洋流老早就到現場踩點守候。晚間，沈伯洋罕見戴著口罩亮相，一到現場就受到支持者們熱烈歡迎，簇擁上前的人群讓沈伯洋走進場館這短短200公尺左右的距離走了好幾分鐘。雖然戴著口罩，沈伯洋眼神難掩疲態，但他還是相當親民地和支持者一一擊掌。有位網友還特別發文分享，他們一家下午剛好在華山三創一帶，原本不知道沈伯洋會來，看到Threads友們在轉發消息才趕緊折返回華山，果然遇到，驚喜的程度讓原PO直呼這是中秋連假最難忘。其他網友們看到沈伯洋略顯憔悴的模樣也直呼心疼，「超級鐵人行程，撲馬要多休息呀」、「他看起來真的好累，希望他真的要好好睡一覺」、「那個表情和眼神，真的累了，好心疼」、「可以讓沈伯洋回家休息了嗎？行程太滿了，還有60天欸，這樣身體怎麼受得了」、「非公開行程，請大家告訴熱情的大家，給予整個團隊足夠的時間休息充電，戰到入市府。」另外，資深新聞主播許仲江在Threads上分享該專場演唱會的側拍畫面，大讚沈伯洋很會看場合說話，今天擔任隨性樂團神秘嘉賓，就是在台下簡單介紹自己而已，沒有太多政治話語，全程跟著大家同樂，享受音樂，看上去真的很融入大家及現場氛圍。網友們紛紛表示「竟然能夠看到市長聽獨立樂團揮手搖擺，太讚了吧！」、「慘了，我們的台北市長也是聽團仔，愛了愛了」、「台北市如果未來有這樣的市長真的是大家的福報！」」、「待在台下這一點就很懂得讀空氣」、「能夠沒有距離的與大家在台下搖擺，跟年輕人站一起，非常好」。     在 Threads 查看     在 Threads 查看    ,https://news.ltn.com.tw/news/politics/breakingnews/5587976
竹市盤點學生通學需求 議員參選人張育慈呼籲竹縣同步整合跨縣市路網,政治,2026/09/28 07:57,面對新竹市將盤點學生通學需求，新竹縣議員參選人張育慈呼籲，竹縣也應同步整合跨縣市路網。（張育慈提供）台灣前進陣線所屬、時代力量新竹縣竹北東區議員參選人張育慈說，新竹市府近期將重新調查學生搭乘公車需求和通學路線，以納入市區公車路網案討論。有鑑於竹北與新竹市的通勤、通學需求高度重疊，新竹縣應同步跟進，重新盤點竹北公車與跨縣市旅運需求，跟新竹市建立交通資料及路網協調機制。張育慈說，民眾近期陸續跟她反映竹北公車班次、脫班以及通學等問題，涉及5614、5615、快捷5、快捷7等多條路線；縣府日前也宣布快捷9號將自週四、10月1日起增班，顯示現行路網與班次確實有持續檢討調整的必要。請繼續往下閱讀...她認為目前竹北跟竹市間已有快捷公車、公路客運等多種運輸服務，各路線雖分屬不同主管機關，實際服務的卻是同一批跨縣市移動的學生與通勤族。若仍以單一路線、單一行政區各自處理，將難以掌握整體旅運需求。所以她呼籲縣府應參考新竹市這次的作法，也跟進重新盤點學生上下課、通勤尖峰、實際搭乘量、班次可靠度以及路線重疊的情形，進而與新竹市府交換跨縣市旅運資料，作為未來增班及調整路線的依據。    ,https://news.ltn.com.tw/news/politics/breakingnews/5588091
勢不可擋？陳素月農業後援會 名單曝光讓人看傻了！,政治,2026/09/28 07:50,民進黨彰化縣長參選人陳素月的農業後援會聲勢驚人。（記者劉曉欣攝）國民黨選戰最愛喊出「農漁水」，也就是農會、漁會加上水利會，都被視為傳統的藍營基本盤，而民進黨彰化縣長參選人陳素月的農業後援會一成立，全縣26個鄉鎮市農會的三巨頭（總幹事、理事長、常務監事），除了社頭鄉、芳苑鄉與花壇鄉以外，有高達23個鄉鎮市農會三巨頭都來了，連彰化縣農會總幹事呂佩臻都來站台，由於國民黨彰化縣黨部主委蕭景田去年才卸下縣農會理事長，民進黨大舉搶攻農會系統，展現勢不可擋的選戰氣勢。地方人士表示，這次後援會的總會長是福興鄉農會總幹事林坤宏，林坤宏是前立委林進春的堂弟，林進春的兒子林益邦則是民進黨中執委，也就是林坤宏是林益邦的堂叔。林進春、陳秀卿夫妻原是國民黨，林益邦則是退黨參選失利，轉而加入民進黨。林坤宏因已滿65歲，依規定將在2027年1月15日前退休，在放心退休的前提下，也促成這次後援會的重要推手。請繼續往下閱讀...政壇人士認為，由於國民黨徵召魏平政時間太晚，加上縣長王惠美拒接魏的競總主委，也讓各界普遍對陳素月選情都抱持樂觀看法。加上陳素月有祭出對農會的三大承諾，在勢之所趨下，打出難得一見23個鄉鎮市農會與縣農會主要幹部全都站台力挺的畫面。而這次後援會名單非常驚人，縣農會總幹事呂佩臻的父親呂炉山曾任彰化農田水利會會長，威名遠播；另外還有多名的總幹事，芬園鄉黃翊愷、和美鎮謝燕如、伸港楊忠諺、福興林坤宏、北斗陳瑩昇、田尾吳政憲、埤頭王宋民、永靖陳翠玲、大村廖瑞樺、埔心徐彩瑜、溪湖陳金源、溪州彭顯賦、大城蔡南輝、二水羅崴騰、田中張瑞欣。在理事長部分有：彰化市劉仁民、鹿港趙茂森、員林市張永鑫、埔鹽施瑜銘、線西楊玲珠、竹塘蔡俊傑、二林陳界灯。常務監事；員林王錫庸、秀水李世琛。還有彰化縣青農聯誼會總會長孫崇鈞、彰化縣草食動物產業協會理事長黃德仁、中華民國酪農協會理事長李恂潭、彰化縣養豬協會創會會長王泰岳，以及彰化縣養雞協會組長黃榮珍。民進黨彰化縣長參選人陳素月的農業後援會，除了3個鄉鎮以外，其餘23個鄉鎮市的農會都有三巨頭來站台。（記者劉曉欣攝）民進黨彰化縣長參選人陳素月的農業後援會聲勢驚人。（記者劉曉欣攝）民進黨彰化縣長參選人陳素月的農業後援會聲勢驚人。（記者劉曉欣攝）    ,https://news.ltn.com.tw/news/politics/breakingnews/5588051
沈伯洋「雞蛋糕加東泉辣椒醬」引發決鬥 何欣純、蔡其昌也接連抗議,政治,2026/09/28 06:51,民進黨台北市長參選人沈伯洋（左）在雞蛋糕塗「東泉辣椒醬」，讓在場不少粉絲看傻眼。（記者黃旭磊攝）民進黨台北市長參選人沈伯洋27日將「洋流」帶到台中，與台中市長參選人何欣純合體走讀「洋流會欣潮」，兩人在市民廣場野餐時，沈伯洋在雞蛋糕塗上厚厚一大層「東泉辣椒醬」，事後搭高鐵離開還津津有味稱「雞蛋糕加東泉辣椒醬還不錯，很特別！」此舉讓何欣純及競總主委蔡其昌接連抗議。沈伯洋在甜食上抹辣椒醬，引起台中人正反兩極論戰，何欣純直呼火鍋有沒有芋頭？吃不吃香菜，現在都不是重點了，我們先來吵雞蛋糕要不要加東泉，「台中人」蔡其昌鄭重聲明無法接受，強調要他一試，「除非沈伯洋和何欣純都當選市長。」請繼續往下閱讀...沈伯洋在雞蛋糕塗「東泉辣椒醬」，讓在場不少粉絲看傻眼，民眾aideneh直言，伯洋是個滿分男，但他在雞蛋糕上加東泉辣椒醬...是不可思議行徑，王小姐說，沈伯洋，雖然我是你的死忠支持者，但現在要對你發起決鬥，你現在把辣椒醬放下來我們還是朋友，不然我們只剩支持者和被支持者關係了。台中西區麵麵雞蛋糕提供野餐蛋糕，店家表示，感謝Puma（沈伯洋）幫展示雞蛋糕禮盒，「也謝謝Puma幫我們打開雞蛋糕口味新世界」，後續可能可以考慮出一款「沈伯洋限定」（蛋糕）。    ,https://news.ltn.com.tw/news/politics/breakingnews/5588060
江啟臣帶小雞赴大坑爬山 將推動硬體升級,政治,2026/09/28 05:30,國民黨台中市長參選人江啟臣昨天一早「母雞帶小雞」，率領多位黨籍市議員參選人前往大坑。（江啟臣提供）適逢中秋教師連假，國民黨台中市長參選人江啟臣昨天一早「母雞帶小雞」，率領多位黨籍市議員參選人前往大坑「一啟爬山」。面對大坑逢假日就塞車、無車位可停，江表示，會妥善規劃假日觀光接駁車班次，增設更多共享運具節點以串接捷運與台鐵。江啟臣昨與市議員陳文政、李文傑、沈佑蓮、林昊佑，市議員參選人許育璿、吳宗學，和平里長參選人張又仁等一行人走大坑步道，登上觀音亭，登山民眾看到江高喊「市長好」、「凍蒜」，在經過大坑知名美食「魚丸伯」攤位時，老闆更熱情送上整包魚丸，祝福江「中狀元」；另有攤商送上粽子與發糕，預祝江「包中」、「爆發」。請繼續往下閱讀...由於大坑登山者眾，江表示，未來將全面推動大坑風景區的硬體升級，除了爭取預算對現有步道總體檢、增設無障礙平緩步道，並導入智慧導覽與生態教育，更要結合大坑特有的溫泉資源，發展「白天爬山、晚上泡湯」的旗艦級休閒品牌。至於每逢假日大坑周邊常面臨的塞車、無車位可停的問題，江啟臣強調，未來市府將妥善規劃假日觀光接駁車班次，增設更多共享運具節點串接捷運與台鐵，並引進共享電輔車，全面落實低碳旅遊。構築「山海屯都」觀光廊帶江啟臣指出，台中的觀光不該是單點作戰，未來要將大坑的農特產與周邊商圈深度結合，推動農業體驗觀光；並串聯市區文化場域與海線自然生態，構築完整的「山海屯都」多日遊觀光廊帶。    ,https://news.ltn.com.tw/news/politics/paper/1772420
洋流欣潮會聚 台中沸騰,政治,2026/09/28 05:30,民進黨台北市長參選人沈伯洋昨到台中，與台中市長參選人何欣純於審計新村一起走讀到市民廣場，吸引爆滿人潮夾道同行。（記者廖耀東攝）審計新村「走讀」至草悟道 吸引逾三萬人夾道同行九合一選戰進入倒數六十一天，民進黨台北市長參選人沈伯洋昨天乘著「洋流」湧入台中市，不但參與戰鬥陀螺賽、與台中市長參選人何欣純在審計新村合體「走讀」至草悟道，何欣純團隊估計吸引三萬多人夾道同行，兩人在市民廣場野餐，沾「東泉辣椒醬」吃炒麵、雞蛋糕；中午再參加台中市信賴之友百工百業協會後援會授證，沿途支持者「台北市長沈伯洋、台中市長何欣純」呼聲不斷。請繼續往下閱讀...台中昨天豔陽高照，台灣尚勇協會上午九時在元保宮舉辦戰鬥陀螺比賽，上千人高舉「洋流」海報加油，還有市民清晨六點就來排隊，當主持人介紹沈伯洋是「未來的台北市長」時，現場歡聲雷動。沈與四名優勝者對戰陀螺，戰績兩勝兩敗，其中一名小朋友致贈禮物給沈伯洋，希望轉交他的六歲女兒小麻糬。沈伯洋隨後趕往審計新村與何欣純合體走讀，粉絲早在前一晚就綁著飄帶、拿著「洋流」旗幟等應援小物徹夜排隊。一位黃姓爸爸將兒子背上肩，舉起「我的市長沈伯洋」海報等候超過半小時，一見到「貪食蛇」隊伍到來，立即衝上前擊掌，臉上的汗水遮不住喜悅，沈伯洋及工作人員在一片手機海及人潮中只能緩步擊掌前進。何欣純團隊統計，從八點起到十一點多走到市民廣場，參與人次約三萬多人。這股洋流也讓周遭小吃攤商家大呼「中秋連假今天生意最好！」民眾揮汗逐洋流 攤商大呼生意好台中市議員江肇國、陳淑華、何文海、陳俞融、張芬郁、林祈烽、謝家宜、周永鴻、黃守達等十多名議員，先到市民廣場草坪，備好羅氏秋水茶等台中名產等待。沈伯洋到達時，興奮高喊「我會找機會再過來台中！」上千名粉絲聞言歡呼。沈還現場吃播吃炒麵，接著把台中名產東泉辣椒醬淋上雞蛋糕品嘗，大呼好吃，特殊吃法讓台中人驚呼連連。沈伯洋也比較台北、高雄及台中人「擊掌、握手差異」，指台北擊掌是「手碰手」，在高雄是「雙手緊握」，但是「台中不知道為什麼會兩隻手對握？那是握球棒吧！」現場笑聲不斷，有如大型同樂會。沈伯洋結束野餐，趕往南屯參加信賴之友會「百工百業後援會」授證典禮，一樣引來爆滿的支持者。沈稱讚何欣純就是金庸小說「神雕俠侶」裡為國為民的「俠之大者」，呼籲大家要投何欣純市長一票。    ,https://news.ltn.com.tw/news/politics/paper/1772418
外媒爆鄭麗文見習近平前「先給談話稿」》國民黨：正常幕僚作業,政治,2026/09/28 05:30,國民黨主席鄭麗文。（資料照）《華爾街日報》揭露，國民黨主席鄭麗文與中國國家主席習近平會面前數月，中國官員曾與國民黨談判人員協商她訪中的談話內容；鄭甚至先提供談話稿，其中明確「反對台獨」獲得習的認可。國民黨文傳會主委陳以信昨說，政黨交流前的聯繫、議題彙整、行程協調與會談重要內容事前溝通，本來就是正常幕僚作業。民進黨中國部昨批評，如果台灣主要政黨主席連赴中要說什麼，都必須事前與北京當局協調，甚至將主導權拱手交予北京，還算什麼「對等交流」？陳以信則反駁，國民黨所有對外交流，始終秉持對等、尊重的原則，正常的幕僚工作不應被刻意渲染，更不應成為政治攻防的工具。請繼續往下閱讀...陳以信舉二〇一五年新加坡馬習會為例，當時他是總統府發言人，會前雙方就領導人談話重點一直無法達成共識，甚至到當天中午都還吵得不可開交。馬英九甚至撂下狠話，不惜讓馬習會破局，立即返國。陳以信強調，面對當前複雜的兩岸與國際局勢，真正重要的不是民進黨政府不斷透過政治操作攻擊在野黨，而是政府究竟有沒有能力管控風險、維持台海和平穩定。當美中等主要國家都持續透過各種管道保持溝通，台灣更沒有理由主動關閉對話大門。陳以信呼籲賴政府，與其花時間對正常交流進行政治操作，不如向國人清楚說明：面對兩岸情勢與風險升高，政府究竟提出了什麼具體有效的風險管控機制？要如何避免誤判、降低衝突風險？    ,https://news.ltn.com.tw/news/politics/paper/1772405
沈盼大家完成媽媽遺願 投何欣純一票,政治,2026/09/28 05:30,沈伯洋到台中市長參選人何欣純競選總部為百工百業加油打氣！（記者廖耀東攝）人氣爆表的民進黨北市長參選人沈伯洋昨天與台中市長參選人何欣純合體，進行城市文化對談及市政願景交流；沈伯洋感性說，去年過世的媽媽是台中太平人，他整理媽媽遺物，發現都是何欣純的東西（應是指文宣及紀念小物），「希望大家幫媽媽投一票給何欣純」，何聞言當場落淚，場面感人。何欣純表示，沈伯洋來台中，她希望能跟台北進行一個首都對首都的城市文化對談，如審計新村是當年中央政府為了首都減壓，把部分的中央部會遷到台中，所以有審計新村、光復新村、黎明新村等，台中絕對有條件可以準備好作為下一個世代的新興城。請繼續往下閱讀...沈表示，每一個城市為了整個國家的發展有很多合作的空間，也有很多競爭的項目，比如無人機的產業，對整個國家來講非常重要，但是每一個城市都有它不同的無人機的專業，有些可能擅長在設計，有些在於傳產的開模，但彼此怎麼互相合作，對國家非常重要。他強調，不要以為每一個城市都是在獨立發展，若每個城市能夠連結，國家一定能更強。另外，沈伯洋結束市民廣場活動後前往何欣純競選總部舉辦「百工百業後援會」授證典禮。他感性指出，媽媽是台中太平人，他也是半個台中人，媽媽一直希望他貢獻社會又怕他受傷，去年媽媽過世，他沒有機會讓媽媽看到他參選台北市長，他收拾媽媽東西時發現都是何欣純的東西，希望大家幫媽媽投一票給何欣純；何欣純聞言忍不住拭淚。沈伯洋強調，大家都在同一個屋簷下，一起追逐、守護民主自由，這樣一代一代下去，沒有人被遺漏，這是何欣純的想法，也是他的想法，洋流是溫暖的，慢慢流進台中市，腳踏實地，拜託大家支持何欣純及台中市民進黨議員參選人。    ,https://news.ltn.com.tw/news/politics/paper/1772419
川習二會落幕》陳明祺：美方一再確認對台政策不變,政治,2026/09/28 05:30,副總統蕭美琴昨錄影為「北美台灣科技年會」攬才及新創活動致詞，強調台美戰略夥伴關係更加堅實。（總統府提供）川習會落幕，各界關注台美關係是否受影響。外交部次長陳明祺昨日表示，外交部透過各種管道，得到美方一再確認對台政策不變，他們也會透過管道，來了解川習會雙方具體談的內容。副總統蕭美琴昨天錄影為「北美台灣科技年會」攬才及新創活動致詞時強調，前瞻科技必須深植於自由、透明與民主等普世價值，台美戰略夥伴關係也因此更加堅實。蕭：台美戰略夥伴更加堅實中華亞太菁英交流協會昨日舉辦「習近平訪美後的美中台新局」座談會。外交部次長陳明祺及陸委會副主委沈有忠受邀出席並致詞。請繼續往下閱讀...陳明祺會前受訪重申，從美國駐中大使龐德偉及國務院中文發言人賈博提及對台政策不變、川普本人維持戰略模糊等整體脈絡可知，美國對台政策一直不變。外交部也透過各種管道，得到美方朋友一再確認，美國對台政策保持不變；台美所有溝通管道皆非常暢通，隨時保持良好互動。蕭美琴昨天錄影為「北美台灣科技年會」攬才及新創活動致詞時強調，身為全球AI供應鏈的核心重鎮與卓越創新的最佳夥伴，我們與美國科技界緊密合作，共創繁榮，並共同深化台美人才及新創交流；我們深信，前瞻科技必須深植於自由、透明與民主等普世價值，而台美戰略夥伴關係也因此較以往更為堅實。    ,https://news.ltn.com.tw/news/politics/paper/1772402
藍營猛批新潮流 林國漳籲別用仇恨打選戰,政治,2026/09/28 05:30,宜蘭縣長選戰升溫，林國漳（中）喊話用正面力量爭取認同。（讀者提供）國民黨宜蘭縣長參選人吳宗憲昨天舉辦競選總部成立大會，黨主席鄭麗文等人猛批民進黨新潮流；民進黨宜蘭縣長參選人林國漳回應，民進黨過往執政表現，各界有目共睹，不需要使用悲情或仇恨式攻防手段。林國漳昨在羅東、冬山、礁溪辦理「宜蘭好主漳」縣政說明會，他受訪時說，決定參選後，不會去想藍白是否合作，採一步一腳印方式，憑藉自身實力與政見，爭取宜蘭縣民認同。請繼續往下閱讀...外界評估藍白竹北分裂，恐影響其他縣市選情？林國漳說，不管是國民黨、民眾黨，或無黨籍中立選民，只要認同地方發展，他都會全力爭取。林也在「宜蘭好主漳」縣政說明會上向支持者喊話，縣長職務不是個人權位，而是一份重大責任，他若能當選，一定會全力以赴照顧全體縣民，用正面力量邁向勝利。吳宗憲競總成立大會邀請鄭麗文、民眾黨主席黃國昌、新北市長侯友宜、南投縣長許淑華等人站台助講。鄭麗文抨擊林國漳是酬庸肥貓，新潮流正試圖接管宜蘭縣政府。昨天適逢吳宗憲五十五歲生日，家人同台祝他生日快樂。吳說出生日願望，第一是希望爸媽身體健康、一切平安；第二打造利他、共好的宜蘭；第三當選縣長，讓宜蘭走新路。    ,https://news.ltn.com.tw/news/politics/paper/1772449
世代對決？》藍綠六都選將 平均年齡差一輪 沈伯洋挑戰首位7年級生北市長,政治,2026/09/28 05:30,民進黨台北市長參選人沈伯洋昨天乘著「洋流」湧入台中市，與台中市長參選人何欣純在審計新村合體「走讀」至草悟道，沿路「擊掌海」綿延不絕，何欣純團隊估計吸引三萬多人夾道同行。這股洋流也讓周遭小吃攤商家大呼「中秋連假今天生意最好！」（記者廖耀東攝）民進黨6人 平均年齡少國民黨12歲九合一選舉倒數兩個月，國民黨與民進黨縣市長布局就位。綜觀藍綠提名陣容，六都藍綠人選平均年齡相差十二歲；其中以桃園市差距最大，民進黨參選人黃世杰比國民黨現任市長張善政年輕廿五歲；台北市長參選人沈伯洋若順利當選，將成為首位「七年級」首都市長。桃市張善政長黃世杰25歲 差距最大六都方面，國民黨提名的台北市蔣萬安四十八歲、新北市李四川六十八歲、桃園市張善政七十二歲、台中市江啟臣五十四歲、台南市謝龍介六十五歲、高雄市柯志恩六十四歲，六人平均約為六十一．八歲；民進黨提名的台北市沈伯洋四十四歲、新北市蘇巧慧五十歲、桃園市黃世杰四十七歲、台中市何欣純五十三歲、台南市陳亭妃五十二歲、高雄市賴瑞隆五十三歲，六人平均約四十九．八歲，藍綠六都選將平均年齡正好相差十二歲。請繼續往下閱讀...比較對戰組合，年齡差距以桃園市居冠，張善政與黃世杰相差廿五歲；其次為新北市，李四川比蘇巧慧年長十八歲。台南市謝龍介也比陳亭妃年長十三歲。差距最小的則是台中市，江啟臣僅比何欣純年長一歲。另，若計算藍綠提名的十九位縣市長參選人，國民黨參選人平均約五十八．五歲；民進黨參選人平均約五十二．一歲，兩黨平均相差六．四歲。此外，首都之戰也具有世代意義。台北市自一九九四年恢復直轄市長民選以來，歷任民選市長依序為陳水扁、馬英九、郝龍斌、柯文哲及蔣萬安；若一九八二年（民國七十一年）出生的沈伯洋突圍勝選，將成為首位出任台北市長的「七年級生」。    ,https://news.ltn.com.tw/news/politics/paper/1772415
登記參選資格審查 苗栗17人資格不符,政治,2026/09/28 05:30,年底地方公職人員選舉，苗栗縣選委會完成鄉鎮市長、鄉鎮市民代表及村里長登記參選資格審查，全縣計有十七人被認定資格不符。其中頭份市有一里變成無人登記，將辦理第二次登記；另獅潭鄉民代表第三選區變成不足額人數達二分之一，必須辦理補選。鄉鎮市長、代表及村里長選舉權責在地方選委會，苗栗縣選委會就登記參選資格進行審查，並於近日召開委員會後，認定全縣一名鄉鎮市長登記參選人、六名鄉鎮市民代表登記參選人及十名村里長登記參選人資格不符。請繼續往下閱讀...苗縣選委會表示，因個資法限制，選舉資格不符者及審查結果不會對外公告。不過，頭份市有一里僅一人登記參選，但登記者資格不符，變成無人登記，鄉鎮市選務中心將在九月廿九日公告第二次登記，九月廿九日至十月四日領表，十月三、四日登記。此外，獅潭鄉民代表第三選區應選兩人，其中一名登記者資格不符，剩下一人，不足額人數達到二分之一，依選罷法將待此次選舉結束後，必須辦理補選。不過，苑裡鎮民代表第三選區應選三人，原有三人登記，其中一人資格不符，因不足額未達二分之一，將不辦補選。公職人員選舉罷免法多次修法，參選資格和條件更嚴格，包括曾犯組織犯罪、槍砲、貪污、毒品及違反選罷法等罪經有罪判決確定等。    ,https://news.ltn.com.tw/news/politics/paper/1772462
年底地方選舉》綠營主打新世代牌 號召選民扛新時代,政治,2026/09/28 05:30,六都藍綠參選人年齡比較年底地方選舉倒數兩個月，民進黨主打「新世代扛起新時代」，以世代對比強化選將辨識度。綠營內部評估，「世代牌」確實帶來個人品牌紅利，但如何進一步轉化為實質選票並擴大地方版圖，關鍵仍在能否搶下議題主導權；至於年齡相當的首都戰局，將更凸顯台北市長參選人沈伯洋的專業能力及真誠態度，號召年輕選民「一起扛起台北的新時代」。民進黨七月全代會正式定調「新世代扛起新時代」選戰主軸。輔選人士分析，參選人能否切中年輕世代所處的時代困境，才是突破傳統政黨基本盤的關鍵，「讓年輕世代感受到我們談的是同一個時代的問題」。請繼續往下閱讀...黨內也認為，「年輕」並非萬靈丹。以新北市為例，民進黨參選人蘇巧慧對決國民黨李四川，多項民調顯示蘇在年輕族群中具備優勢；但在桃園市，民進黨參選人黃世杰與現任市長張善政年齡差距更大，卻也凸顯單憑世代反差，難以直接抗衡現任者的知名度與行政資源優勢。輔選人士評估，在新北、基隆等膠著戰區，若能將年輕選民的支持度拉開穩定差距，並提高投票率，年輕選票將成為影響選情的重要因素。民進黨政策會執行長吳思瑤表示，台北市選戰除了世代特色，民進黨更要凸顯沈伯洋面對市政的態度、處理市政的專業能力，以及面對民意的真誠。因為「新世代扛起新時代」不只是對於參選人，也希望吸引更多年輕族群參與。藍營：綠營瞎捧「洋流」對於民進黨主打「新世代扛起新時代」，一名國民黨北部區域立委表示，選民心中自有一把尺，大家真正要的是過去這四年有做實事，以及會讓這座城市能更好的候選人；以台北市為例，過去這幾年很多地方變成工地正在動工，代表在蔣萬安的帶領下，城市有在翻新改變。藍委觀察，民進黨府院黨傾全力要將沈伯洋硬捧成「洋流」，綠營媒體近來在節目上熱烈討論沈伯洋的吃喝穿行，例如大口吃刈包、玩立槳，而不是他的理念、訴求，看不到這樣子做對市民會有什麼正向幫助，沒看到有實際的政策牛肉、未來對整座城市的想法與方向，說實在就是在為捧而捧、瞎捧濫捧，講白了就是為了復刻大罷免。國民黨青年團總團長郭又睿表示，國民黨過去幾年已經年輕化，讓更多年輕人勇於挺身而出站上第一線，這次九合一各級公職選舉都有很多年輕人持續投入，人數也逐漸增加。    ,https://news.ltn.com.tw/news/politics/paper/1772421
輔選蔡易餘 賴清德︰迎嘉縣黃金10年,政治,2026/09/28 05:30,總統賴清德（中）昨到嘉義縣輔選，請託鄉親支持蔡易餘（右二）、王如經（左二）當選縣長、朴子市長。（記者王善嬿攝）民進黨嘉義縣長參選人蔡易餘昨天與朴子市長參選人王如經成立朴子聯合競選總部，擔任競總名譽主委的總統賴清德到場輔選。賴清德稱讚蔡易餘專業有愛心又親民，當縣長一定第一名，請託鄉親支持蔡易餘，讓蔡易餘帶領嘉縣繼續向前，迎來嘉縣「黃金十年」。昨成立大會支持者坐滿整個會場，民進黨嘉義縣長翁章梁、立委陳冠廷、莊瑞雄等人輪番助講，「嘉義活力團隊」鄉鎮市長、縣議員參選人齊聚一堂，現場「凍蒜」聲不斷。請繼續往下閱讀...賴清德細數嘉縣近廿餘年來發展歷程，從前縣長陳明文、張花冠到現任縣長翁章梁，先後開闢大埔美精密機械園區、馬稠後產業園區、嘉義科學園區以及南靖與中埔公館產業園區等，讓嘉義縣從農業大縣轉型為農工科技大縣，嘉義縣不能走回頭路，籲請鄉親支持蔡易餘帶領嘉縣繼續向前。賴清德說，蔡易餘在立院為嘉義縣地方建設經費爭取累積逾一百億元，此次選縣長提出「八方第一」施政藍圖，涵蓋人民關心的教育、文化、觀光、醫療、交通、治安等面向，未來嘉縣發展無人機產業，可保護國家安全、創造就業機會。蔡易餘表示，他將延續翁章梁為嘉義縣打下的產業發展基礎，帶領嘉縣迎向「黃金十年」，讓產業發展進一步帶動交通、教育與生活環境提升，讓嘉縣活力衝天；未來朴子市長讓王如經當選，縣府與公所攜手做伙拚。    ,https://news.ltn.com.tw/news/politics/paper/1772446
新聞分析》老派「新世代」不只拚年輕,政治,2026/09/28 05:30,民進黨2026年地方選戰訴求「新世代扛起新時代」。（資料照）記者陳政宇／特稿梵谷畫作嵌入台北街頭，意外替年底選戰拋出一道問題：政治人物眼中的城市，究竟由何構成？這也讓民進黨今年高喊的「新世代扛起新時代」，面臨一場超越年齡的考驗。民進黨七月全代會回顧蘇貞昌、陳菊、謝長廷、游錫堃、陳定南等人的地方執政招牌，強調世代傳承。然而，新一輩除了接下走訪基層、握手請託的政治基本功，還能提出什麼不同的問題意識與治理方法？若「新」只剩下生理年齡，面對同樣頂著年輕形象的蔣萬安，世代差異很快就會失去意義。請繼續往下閱讀...就新北市來說，李四川主打嫻熟的行政歷練，訴求接棒侯友宜、延續穩健施政；蘇巧慧則從瑞芳等山海城鎮切入，把地方跑點串連至交通、醫療與觀光配套，喊出「新北不必再當台北的衛星城市」，試圖重塑廿九區各自的發展主體性。桃園方面，張善政長期以科技人與政務官背景形塑專業形象，論述重心偏向硬體建設與產業藍圖；黃世杰則啟動十三區政策座談，將在地交通、托育、教育與長照等零散需求，反向吸納為政策雛形，進一步把公車路網與醫療資源收攏為一體化的區域治理方案。而台北這一局，連梵谷都被捲了進來。蔣萬安市府將梵谷作品與廿處地景配對，藉外來藝術重新詮釋台北，卻也難免引來質疑，這類符號式的拼貼，能否把人帶進城市本身的歷史與生活，抑或僅止於政策包裝？相對地，沈伯洋主張將梵谷筆下的咖啡館連結至波麗路，由《吃馬鈴薯的人》映照洪瑞麟畫筆下的礦工與勞動者；更透過街頭肥皂箱，拆解托育、租屋、營養午餐與交通等民生痛點，拼湊出市民的日常光景。若民意最終只停留在拜票、陳情與個案服務，再勤快的基層行程，終究只是複製既有的選舉技術。唯有當零散的生活經驗被重新辨認與梳理，形成政策並撬動資源重分配，「地方」才會從單純的選舉場景，轉化為治理的起點。梵谷繪製《吃馬鈴薯的人》，意義不在描繪一頓平淡的晚餐，而是讓觀者看見那雙伸向餐盤、曾翻動泥土的粗糙雙手，看見生活的全貌。政治亦然，「新世代」並非僅換上年輕面孔，關鍵是能否讀懂城市並提出改變的方法。將這些基層實踐放回民進黨今年的布局，「新世代扛起新時代」才具備經得起檢驗的分量。    ,https://news.ltn.com.tw/news/politics/paper/1772422
蘇巧慧拋新莊「觀光十字廊道」 李四川推3大新店願景,政治,2026/09/28 05:30,民進黨新北市長參選人蘇巧慧（左一）日前與總統賴清德（左三）參訪新莊「响仁和鼓藝工坊」。（蘇巧慧競總提供）蘇攜手賴總統參訪响仁和鼓廠 提串聯新莊廟街、中港大排等 行銷在地文化民進黨新北市長參選人、立委蘇巧慧昨發布與總統賴清德參訪新莊「响仁和鼓藝工坊」的影片。蘇巧慧表示，未來將串聯新莊廟街、體育園區、中港大排及宏匯廣場，發展「觀光十字廊道」，行銷在地文化；國民黨新北市長參選人李四川提出加速新店寶高智慧園區二期、推動捷運中和光復線延伸串聯新店與台北核心地區、深坑輕軌連接動物園等三大願景。請繼續往下閱讀...賴清德和蘇巧慧、民進黨秘書長徐國勇日前在响仁和鼓藝工坊第二代傳人王錫坤、第三代傳人王藤導覽下，認識館內珍藏從日治時代留存至今的古鼓，也欣賞响仁和創辦人「阿塗師」王桂枝製作的鎮館之寶「龍鳳紋彩繪廟鼓」。蘇巧慧表示，响仁和是國內頂尖的手工製鼓工坊，也是台灣和新北重要文化資產，未來期盼透過市府力量，讓更多人看見响仁和的製鼓工藝，也要串聯廟街、體育園區、中港大排及宏匯廣場，發展「觀光十字廊道」，以廟宇文化為核心，結合在地店家，推出行銷在地文化、帶動地區發展的特色活動，使外地人認識新莊豐厚的人文底蘊。賴清德期許蘇巧慧帶領市府團隊，讓更多人看見新北的匠人精神。蘇與彭佳芸成立聯合競總 打造三重2.0蘇巧慧也出席與市議員彭佳芸的三重聯合競選總部成立大會，她說，希望打造「三重二．〇」，包括加速推動第二行政中心、聯合醫院三重院區第三醫療大樓、銀新未來城、市立圖書館第二總館等重大建設，讓三重從醫療、交通到生活全面升級。李與游皓麟成立聯合競總 拚地方發展李四川昨出席與市議員參選人游皓麟的聯合競選總部成立大會，他表示，市長侯友宜八年任期為新北打下扎實基礎，他若擔任市長，將強化大新店地區建設，首要推動新店寶高智慧園區第二期，強化AI軟體、資通訊與數位應用發展基地；興建「蘆社大橋」連接雙北，結合軌道運輸及台六十四、六十五線快速道路，串聯北投士林科技園區、南港軟體工業園區、內湖科技園區等AI高科技產業，一路延伸至土城、板橋、新店，打造雙北AI科技廊帶，帶動更多高科技產業進駐，把產業、人才與就業機會留在新北。此外，李四川說，將推動中和光復線南向延伸至新店十四張，銜接環狀線、安坑輕軌、央北及十四張開發區，提供新店、中和、永和直達台北核心的交通廊道；並推動深坑輕軌串聯動物園，延伸至石碇，連接雙北軌道路網。國民黨新北市長參選人李四川（前排左二）與新北市議員參選人游皓麟（前排右二）聯合競總昨成立。（記者黃政嘉攝）    ,https://news.ltn.com.tw/news/politics/paper/1772452
造勢同框張峻 蕭美琴喊話一起為花蓮努力,政治,2026/09/28 05:30,無黨籍花蓮縣長參選人、議長張峻昨參加民進黨縣議員參選人競總成立大會，台下與副總統蕭美琴（左）同框互動。（張峻辦公室提供）副總統蕭美琴昨回到花蓮，出席縣議員參選人林則葹、陳思伃聯合競選總部成立大會，無黨籍花蓮縣長參選人、議長張峻也到場加油打氣，雖然未上台致詞，但台下首度與蕭美琴同框握手互動。蕭美琴致詞時感謝張峻，她溫情喊話說：「希望能超越政黨立場，跨黨派一起為花蓮共同努力！」蕭美琴表示，過去她在花蓮擔任立委期間，服務都是跨黨派、不分族群，吉安鄉曾面臨淹水問題，當時她跟藍營的鄉長不分黨派一起合作，推動水域治理建設。張峻這幾年來照顧不同黨派的議員，團結推動花蓮進步，「希望未來繼續秉持不分黨派、照顧所有花蓮鄉親的心，我們可以一起合作，超越彼此過去的政黨立場，來為花蓮往前共同努力」。請繼續往下閱讀...張峻說，他曾任國民黨花蓮縣黨部主委，在黨產危機時奮力維持黨內運作，但回到議長角色時，堅持中立立場。現在的競選團隊有過去在國民黨、民進黨、民眾黨、黃復興黨部等人士參與，是真正的「不分黨派、只為花蓮」，他會爭取中央資源，帶領花蓮重建、繁榮，照顧每位花蓮鄉親，盼未來中央與地方攜手合作，為花蓮帶來新氣象。蕭美琴談到，過去她在花蓮受到大家照顧，灌溉成長為一棵大樹，也許樹根不夠深、不夠廣，所以在大風來襲時不慎被吹倒，但是留下的足跡依然在，身邊還有幾棵小小的幼苗持續發芽、成長，從來沒有離開花蓮，希望這些幼苗未來可以長成一棵大樹，給民眾更多的庇護。    ,https://news.ltn.com.tw/news/politics/paper/1772450
國安人士：中國欲施壓美減少對台軍售 沒得逞,政治,2026/09/28 05:30,美國總統川普（左）與中國國家主席習近平（右）。（法新社檔案照）美國總統川普與中國國家主席習近平今年第二次會面落幕，國安人士認為，整體「儀式隆重、進展牛步」，中方原擬重提「美中三公報」施壓美方減少對台軍售，但在美方佈局與冷處理下未能得逞，北京後續勢必大肆操作「東升西降」及「台灣棄子論」的虛構敘事，台灣絕不能在威權與民主陣營之間搖擺，「保持戰略定力」是接下來的重中之重。國安人士指出，北京原先極力透過峰會完成五月未竟的目標——為美中關係套上「建設性戰略穩定關係」的框架，確立中國是與美國「平等對峙、平起平坐」的大國，藉此掩蓋其內部經濟衰退、過剩產能與威權擴張的負面形象。請繼續往下閱讀...國安人士分析，令人意外的是華府精密的「符號作戰」，美方一方面鋪紅毯給足習近平排場，另一方面，從首場致詞談二戰美中合作、引述《建國三文件》凸顯自由民主才是正統，到國宴上引「斯巴達取得了最後勝利」，犀利點破習念茲在茲的「修昔底德陷阱」敘事，更一度奏響中國禁曲《悲慘世界》，暗喻沒有民意基礎的政權將受革命挑戰，同時重提二戰合作實質上不是共產黨經驗過的歷史等。川習會整體「儀式隆重、進展牛步」該國安人士表示，美方透過上述作為，解構了北京「東升西降」與「中共代表中國」的正統性；在經貿議題上，關稅與AI管制毫無退讓，證明美方對中國「去風險」作為國家安全戰略的核心，更再次印證台美關係深植於美國核心國家利益、民主價值同盟，以及台灣在高科技供應鏈中不可替代的地位。國安人士評估，美中已步入「高頻率溝通、高強度競爭」的新常態，在高科技封鎖、供應鏈重組及地緣競逐上的競爭只會日益劇烈，北京無法帶回關稅降低與高科技解禁等實質紅利，勢必轉向對內部大肆宣傳外交場合的紅毯畫面，對外及對台則灌輸王滬寧那套「東升西降」及「台灣棄子論」的虛構敘事。國安人士強調，台灣若在親北京勢力擾動下搖擺於威權與民主陣營間，恐失去國際信任和戰略高地；台灣未來的「戰略定力」有三點，首先，持續強化「矽盾」與關鍵供應鏈的不可替代性、鞏固台灣在AI半導體與先進製造業的全球關鍵地位，將經濟實力轉化為最堅固的安全護城河。第二，深化「多邊價值同盟」與非對稱防禦能力，進一步深化與日本、歐盟及印太區域民主國家在供應鏈安全、資安、民防與地緣戰略上的多邊實質合作；第三，持續推動國防自主與非對稱戰力建設，讓任何意圖改變台海現狀的威權體制付出不可承受的代價。    ,https://news.ltn.com.tw/news/politics/paper/1772403
焦點評論》解讀川普「資本主義共同對付共產主義」,政治,2026/09/28 05:30,在川普二次主政下，一個新的國際秩序正在建構之中，那就是資本主義的再起，要共同對付共產主義，這是當前「美日同盟」最深刻的精髓所在。（法新社檔案照）記者鄒景雯／特稿九月廿四日川普與習近平在白宮的閉門會談，大家在關切台灣議題之餘，千萬不要遺漏了另一個習近平更在意的重要焦點，就是他對日本高市早苗首相的憤怒。習近平再次以「新軍國主義」描述高市的思維，以及日本政策的走向。這個話題所佔用的時間，甚至遠遠高於習近平談及台灣議題。習近平又一次當面向川普數落高市首相的「證據」，據了解，包括日本大幅擴增軍事預算；宣布在遭受武力攻擊等法定條件下，可以利用長程飛彈攻擊對方領域內的軍事目標；開放對外出售攻擊性武器；棄置日本侵華戰爭的責任等等，囉囉唆唆的叨念了許久。聽完習近平的告狀，川普的回答依舊是肯定高市的人品，還說「我相信她的領導」，四兩撥千斤地結束習的指控。請繼續往下閱讀...這不是習近平第一次對川普表達對高市的關切。今年五月十五日習近平在北京與川普舉行峰會時，已經向川普嚴肅談到高市推動日本強化防衛能力的政策調整，並視為是日本「再軍事化」，當時川普的回答是「我很喜歡她」，沒做太多的應和。時隔不過數月，習近平再次高強度、高頻率的對日本提出指控，可以清楚看出習近平當前的「戰略焦慮」何在。中國的意向清晰，問題轉為是川普如何處置？川普與高市藉聯合國大會之便，先前已經在紐約會過面，「川習二會」結束後，川普馬上在廿六日晚間九點與高市再次通了電話，相談廿多分鐘，根據NHK報導，川普說明美中峰會內容，兩人並就包括經濟安全在內的中國相關議題交換意見，確認日美兩國將持續協調。因此可以想見，習近平又罵高市的談話，高市已經很快的得知了。「川習二會」上日本問題大大優先於台灣議題，這說明了習近平一直在強調恢復「戰後秩序」的心態，相互緊密連結。習近平想的是：當年美、中、俄所組成的反法西斯陣營，不應該被破壞，應該繼續下去。他的一廂情願，不要說美國老早就把當年的那段歷史，界定為「權宜同盟」，事實上，在川普二次主政下，一個新的國際秩序正在建構之中，那就是資本主義的再起，要共同對付共產主義，這是當前「美日同盟」最深刻的精髓所在。何況，以中國當今於周邊國家到處興事的現況來看，誰才是「新軍國主義」的代表？由此來看川普為何在習近平一上飛機，人都還沒有降落北京，就在社群平台與白宮帳號雙雙貼出要擊敗「共產主義、社會主義與馬克思主義」，一切就答案自明了。台灣議題，習近平沒有白費太多唇舌，川普回答外界：習近平「了解我的立場」。川普的立場究竟是什麼？一句話說穿了，就是不要打仗。白宮晚宴上，川普安排黃仁勳夫婦、蘇姿丰上桌，與習近平同坐主桌，平起平坐平吃，這個意思就是：美國的再工業化，AI的領先發展，台灣都是美國不可或缺的關鍵要件，甚至超過地緣政治的價值，這是台灣地位的真實寫照。對此，習近平很難裝傻，台灣人更應該明白看懂。    ,https://news.ltn.com.tw/news/politics/paper/1772401
川習二會落幕》中共將續散布疑美、棄台論介選,政治,2026/09/28 05:30,外交部次長陳明祺（右）、陸委會副主委沈有忠（左）昨出席座談會，針對習近平訪美後的美中台關係發表看法。（記者叢昌瑾攝）川習二會落幕，陸委會副主委沈有忠昨日於「習近平訪美後的美中台關係」座談會表示，美中台情勢發展仍維持「三個不變」；針對北京當局刻意利用川習會扭曲二戰歷史、加強認知戰，政府也預判，未來中共會持續利用不同機會散布「疑美論」、「棄台論」，或發散「美中對二戰共同敘事」氣氛，不排除間接影響台灣十一月的九合一大選。陸委會：美中台「三個不變」沈有忠指出，美中台「三個不變」包含「美中戰略競爭的結構不變」、「美國對台政策不變」，與「台、美與國際社會共同維持台海和平現狀的立場不變」。請繼續往下閱讀...沈說明，本次「川習會」雖然有很高規格的排場和接待，但目前就雙方公布的成果看來，雙方對於AI、稀土管制、科技競爭等議題來說，沒有取得突破性進展，研判雙方仍將持續「鬥而不破」的交鋒。外交部：中國擅長扭曲歷史針對習近平在川習會前提及二戰期間「中美並肩抗擊法西斯侵略」的歷史；川普也提及二戰美中並肩作戰與飛虎隊。外交部次長陳明祺認為，川普的用意是指出「美國一直在協助中國」，但中國最擅長的便是扭曲歷史、吃歷史自助餐，便將之解讀為「共同抵抗法西斯主義的侵略擴張」；中國後續可能會繼續在此大作文章，聲稱美國認同在二戰中與中國合作「抵抗日本軍國主義」的說法。沈有忠表示，習近平沒有資格談二戰時期的美中同盟關係，毛澤東當年清楚說明共產黨在二戰的角色為「七分發展，兩分應付，一分抗日」，中華人民共和國在二戰期間尚未成立，聲稱美中同盟關係的「中」是指中華人民共和國非常荒謬。沈有忠指出，本次北京當局刻意利用川習會，對美國宣傳「台獨」危害「台海和平穩定」、「破壞美中戰略穩定」、甚至扭曲二戰歷史。政府預判，未來中共仍會與若干協力者利用不同機會持續散布「疑美論」、「棄台論」，營造「和、戰選擇」的氛圍，或是發散「美中對二戰共同敘事」的氣氛，也不排除間接影響台灣十一月即將舉行的地方選舉。面對近年中共升高對台複合性施壓，沈有忠說，政府的立場就是堅定維持兩岸現狀，持續強化自我防衛能力，與美國等友盟國家深化溝通合作，共同維護台海及區域和平穩定。他也呼籲北京當局，放棄單方面、以武力改變現狀的霸權心態，在對等尊嚴前提下，不預設立場與我民選政府對話、化解分歧，這也是國際社會的共同期待。    ,https://news.ltn.com.tw/news/politics/paper/1772400
3千萬願景展突延期 莊競程批高虹安荒腔走板,政治,2026/09/28 05:30,民進黨新竹市長參選人莊競程表示，市民不在意展覽何時重辦，而是高虹安的施政竟如此荒腔走板。（資料照）莊︰高絕對清楚場地未取得使照 質疑執行進度「開天窗」 甩鍋「使照」原訂十月三日舉行耗資超過三千萬的「新竹市城市願景展」，新竹市長高虹安廿六日突以「場地未取得使照」為由宣布延期。民進黨新竹市長參選人莊競程表示，市民不在意展覽何時重辦，而是高虹安的施政竟如此荒腔走板，難怪某媒體連年調查全國縣市首長滿意度，高虹安總是最後一名。請繼續往下閱讀...距離開幕不到一週前臨時喊卡莊競程指出，市府動支逾三千萬且籌備超過半年的「城市願景展」，竟在距離開幕不到一週前臨時喊卡，籌備過程中，高虹安絕對清楚掌握場地未取得使照的資訊，卻仍大張旗鼓宣布開幕，如今「臨陣脫逃」，是否代表策展內容與執行進度「開天窗」，最終才決定甩鍋「使照」，高虹安應出面向市民解釋清楚。場地、活動、標案都是市府責任莊競程表示，更不負責任的是，場地是市府自己選定、活動是市府主辦、標案也是市府發包，高虹安更替活動背書，如今出了問題，卻又再次把責任往外推。他呼籲高虹安，不能事情順利就當成政績，出了問題就切割廠商、把責任往外推。莊︰高應出面向市民解釋清楚莊競程強調，這場願景展相關標案已超過三千萬元，高虹安該交代的不是展覽何時重辦，而是高虹安近半年來究竟如何決策，竟可連續做出錯誤判斷，以及臨時喊卡是否增加額外成本。高虹安不能出包找理由、責任丟廠商，最後讓無辜的市民來承擔。市府︰考量大型展覽 重視安全測試市府表示，文創館相關法定程序尚在辦理中，尚未取得使用執照。考量城市願景展是對外開放的大型公共展覽，為了不讓四年前「棒球場無驗收開幕」、最後讓球員受傷、市民買單的悲劇重演，因此即使各項策展及宣傳工作已陸續展開，仍決定負責任地調整展期，而不是在場館合法、安全使用條件尚未完備前貿然開展。市府說展覽將調整至十二月五日至廿日辦理。這段期間市府團隊也會持續完成展場整備、設備測試及各項安全確認，確保展覽以更完整、安全的狀態與大家見面。原訂十月三日舉行的「新竹市城市願景展」，新竹市長高虹安（中）突喊停，圖為高虹安日前開記者會宣布城市願景展活動情形。（資料照）    ,https://news.ltn.com.tw/news/politics/paper/1772463
謠言終結站》 近2年在台定居中國人暴增16萬人？ 查核中心：是累計人數,政治,2026/09/28 05:30,謠言終結站》網傳內容：近2年在台定居中國人暴增16萬人。查證結果：台灣事實查核中心查證，移民署最新統計指出，中國、港澳地區配偶有定居證人數為16萬6364人，中國配偶為14萬8464人，港澳配偶為1萬7900人，但這是1987年至今年7月的累計人數，不是近年新增。網傳為錯誤內容。    ,https://news.ltn.com.tw/news/politics/paper/1772406
外媒爆鄭麗文見習近平前「先給談話稿」 民進黨斥：到底換到什麼,政治,2026/09/28 05:30,「鄭習會」。（美聯社檔案照）《華爾街日報》揭露，國民黨主席鄭麗文與中國國家主席習近平會面前數月，中國官員曾與國民黨談判人員協商她訪中的談話內容；鄭甚至先提供談話稿，其中明確「反對台獨」獲得習的認可。民進黨中國部昨天痛斥，如果台灣主要政黨主席連赴中要說什麼，都必須事前與北京當局協調，甚至將主導權拱手交予北京，還算什麼「對等交流」？鄭訪中說的話究竟由誰決定？鄭「反對台獨」獲得習認可民進黨中國部指出，政黨交流可以協調行程與議程，但如果連主席公開談話的政治措辭都要事前與北京商議，國民黨就必須向台灣人民說清楚，是誰代表國民黨與中國官員協調？北京對談話內容提出了什麼意見？這些問題關乎國民黨對兩岸關係的立場，不能以「正常交流」四個字帶過。請繼續往下閱讀...民進黨中國部質疑，鄭麗文向北京表達「反對台獨」，換得了什麼？北京持續以軍機軍艦及灰色地帶行動施壓台灣，也從未放棄對台使用武力，鄭事前提供的談話稿表達了北京想聽的政治立場；但在公開資訊中，看不到習近平對停止軍事威脅作出相應承諾，國民黨所說的「對等交流」，對等在哪裡？《華爾街日報》分析，鄭麗文部分措辭使國民黨立場更接近北京對兩岸關係的解讀。民進黨中國部示警，這正是此事最值得警惕之處：兩岸交流不能把台灣政黨的政治論述主導權交給北京，國民黨應公布會前接觸與措辭協調的實情，正面回答台灣人民：鄭麗文訪中時說的話，究竟由誰決定？    ,https://news.ltn.com.tw/news/politics/paper/1772404
童子瑋陪童子賢遊基隆港 提「雙心」拚招商,政治,2026/09/28 05:30,"民進黨基隆市長參選人童子瑋（左）昨邀請和碩科技董事長童子賢（右）搭船遊基隆港，參觀黃阿瑪水上氣球。（記者俞肇福攝）趙少康參訪沙灣歷史文化園區 讚謝國樑治理成果民進黨基隆市長參選人、議長童子瑋昨天邀請和碩聯合科技董事長童子賢走訪基隆港，兩人搭船從海上觀看港區發展，形成「童子連線」。童子瑋說明「西岸國門中心、東岸旅運核心」的基港雙心願景，他將整理產業用地、提出招商優惠條件，吸引科技企業投資基隆，創造在地就業機會。請繼續往下閱讀...童盼牽線企業進駐 增加就業童子瑋表示，未來東岸將定位為「旅運核心」，發展郵輪、商業與觀光廊帶；西岸打造「國門中心」，結合交通節點、商業空間與觀光設施，整合港口、城市與觀光。童子瑋強調，市府要主動盤整可以發展的土地，依照不同產業需求，設定招商條件，同時推動市府與港務體系共同開發，把港區土地、交通、觀光、商業與產業整理成可行的發展藍圖。他也邀請童子賢多替基隆介紹科技產業與企業朋友，讓更多公司願意來基隆看看，把好的工作機會帶進基隆。童子賢期許建設進步如同高雄童子賢表示，自己過去在高雄投入研發布局，一座城市如果能先把環境、土地與產業條件準備好，就會提升企業投資意願。童子瑋提出的港區整合規劃方向很好，如果基隆也能像高雄一樣改善城市建設與產業環境，相信對企業會更有吸引力。另外，前中廣董事長趙少康昨天在基隆市長謝國樑、立委林沛祥、議員連恩典、議員參選人林祐德陪同下，參訪沙灣歷史文化園區「必應創造展演空間」及「官邸作客」，了解基隆近年推動歷史場域活化、藝文展演及城市觀光的成果。謝國樑說，市府希望透過公私協力，讓過去具有歷史意義的空間重新走入市民生活，並結合音樂、藝文、餐飲及文化體驗，形塑基隆新的城市特色，也為青年藝文、觀光及地方發展創造更多可能。基隆市長謝國樑（左）邀中廣公司前董事長趙少康（中）訪問基隆。（記者俞肇福攝）    ",https://news.ltn.com.tw/news/politics/paper/1772451
美國駐中大使：川普對台立場堅定 對台軍售仍在討論中,政治,2026/09/28 00:59,美國駐中國大使龐德偉。（彭博檔案照）美國駐中國大使龐德偉（David Perdue）27日接受「福斯週日新聞」（FOX News Sunday）專訪，論及甫落幕的「川習會」以及美中關係。龐德偉特別指出，美國總統川普在台灣議題上的立場極為堅定，並反駁外界認為川普為安撫中國而延遲對台軍售的質疑，強調對台軍售的討論仍在進行中。主持人布瑞姆（Shannon Bream）在訪談中，向龐德偉提出國會議員的擔憂。目前有數十億美元的援助方案及台灣訂購的軍備遭到延宕，引發多位跨黨派參議員致函國務卿與戰爭部長表達高度關切。議員們質疑，美國是否為了維持與中國的外交和諧，而不願提供台灣自我防衛所需的武器，進而損害美國在印太區域的影響力與嚇阻力。請繼續往下閱讀...對此，龐德偉嚴正否認：「事情絕對不是這樣。」他強調，自己參與每一場會談，並見證川普在台灣議題上展現「最強硬的立場之一」。龐德偉指出，川普已明確向中國國家主席習近平重申，美國的「一個中國政策」並未改變，堅定支持「台灣關係法」、美中三個聯合公報及「六項保證」。龐德偉進一步說明，自1979年以來，川普任內批准的對台軍售總額，比其他任何一位總統高出50％，因此他「不接受『川普沒有為台灣做到該做的事』這個前提」。針對延遲的軍售案，龐德偉表示，川普已批准110億美元的項目，其他軍售案仍在持續討論中。龐德偉更透露一段會談插曲，指出川普曾向習近平表明，美國本來就會向世界各國出售武器，甚至還當面問習近平：「你要不要也買一些美國武器？」儘管如此，龐德偉重申美國的根本立場未變：「我們不支持台灣獨立，也不支持以脅迫方式處理台灣議題。」除了台灣議題，專訪也觸及美中兩國在人工智慧（AI）與經濟領域的交鋒。針對近期達成的「美中超級智慧對話機制」，主持人質疑，中國在新冠肺炎（COVID-19）疫情期間曾隱瞞資訊並阻撓調查，美國為何能相信中國會在AI威脅出現時主動通報。龐德偉回應，美中雙方已逐漸理解AI帶來共同威脅，並表示將持續推動雙邊溝通，確保雙方在AI領域的風險控管上取得進展。此外，針對中國近期頒布的行政命令，將針對供應鏈問題的調查或稽核刑事化，並威脅制裁遵守美國法律的企業，龐德偉表示，這是美中目前的公開衝突點。他批評中國將對稀土等特定資源的掌握武器化，試圖對全世界施壓。龐德偉強調，川普政府不會接受一個必須向中國低頭才能進行商業活動的世界，並將致力於保護美國，讓美國重新具備自主能力。    ,https://news.ltn.com.tw/news/politics/breakingnews/5588048
敲碗台北也來演「狸貓換太子」？ 黃智賢：從未認可也不會支持,政治,2026/09/28 00:52,資深媒體人黃智賢。（圖翻攝自YT:黃智賢夜問）替陳幸妤遭婚變抱不平、民間自發籌辦的台南「鍘美藝術節」獲得熱烈迴響，隨後有人打算如法炮製，想在台北市揪團舉辦諷刺現任市長蔣萬安身世爭議的戲碼「貍貓換太子」，但有不少台派憂心升高仇恨動員反傷選情。當初敲碗想看鍘美案歌仔戲演出的資深媒體人黃智賢，27日也站出來反對在台北演出貍貓換太子，「我從未認可，在現在的時空下，為特定目的演出。更不會支持，讓歌仔戲為政治目的服務。」黃智賢27日在臉書和Threads發文，「有朋友問我，當初我是最早起鬨，在台南演歌仔戲的網友之一（我起鬨的，是包公鍘陳世美，是台南歌仔戲跟辦桌，我還去台南，看了三天戲），那如果狸貓換太子在台北演，我喜歡嗎？」請繼續往下閱讀...「我不會去看。鍘美這件事，有整個社會的共同情感，是對女性遭遇不公的疼惜與愛，有對歌仔戲等傳統戲曲的愛。發起人，接住了大家的共同情感，這個情感的最底層，是愛。並且，整個活動，徹底的與政治跟選舉無關，所以可以跨越年齡，不分背景，意識形態與地域。」她接著說：「而這個時刻，在台北演貍貓換太子，這種情境下，不論初心是什麼，後果都會變成直接的人身攻擊與羞辱，甚至演變成政治事件。引起的，將會是社會的對立與仇恨，會是很難彌補的撕裂，並且很可能，會反過來傷害傳統戲曲，以及鍘美。從小看歌仔戲，看黃梅調，看布袋戲，看平劇長大，是個深愛傳統戲曲的觀眾跟戲迷，只是想說，這個時候，比較不適合演貍貓換太子。不好意思，多嘴了，如有冒犯，請見諒。」最後黃智賢澄清，「有人造謠，說我曾支持過也來演貍貓換太子，還說我道歉。沒有喔，這是100％造謠。貍貓換太子，本是傳統戲曲裡很好看的一本戲，但我從未認可，在現在的時空下，為特定目的演出。更不會支持，讓歌仔戲為政治目的服務。切莫相信造謠仔。」    ,https://news.ltn.com.tw/news/politics/breakingnews/5588035
亞運禁Taiwan毛巾掀台日中輿論風暴 矢板明夫點出「3大重要變化」,政治,2026/09/28 00:51,2026名古屋亞運開幕至今，台灣隊陸續發生亞奧會拒絕運動部長李洋入場、主辦方禁止民眾帶青天白日滿地紅國旗進場等政治打壓。（資料照，記者陳志曲攝）亞運棒球賽近日在愛知名古屋登場，台灣隊輾壓中國隊的賽場上，一位球迷在看台高舉中華職棒印有「Taiwan」字樣的毛巾為台灣隊加油，遭日方工作人員上前強力制止並要求收起，引爆台、日、中三方網路輿論風波。印太戰略智庫執行長矢板明夫27日深夜在社群分享自己對於此事的看法，並點出這場風波背後的「3個重要變化」。矢板明夫27日深夜在臉書發文，「在日本愛知名古屋亞運棒球賽，台灣以9比1擊敗中國。本來是一場很正常的比賽，卻因為觀眾席上的一條毛巾，引發另一場風波。有台灣球迷拿出寫著『Taiwan』的毛巾加油，遭工作人員以『涉及政治性表述』為由制止。球迷當場反問：『如果Taiwan是政治，為什麼拿中國國旗可以？』周圍其他觀眾也紛紛支持這位球迷，會場上響起了『Team Taiwan』的加油聲。」請繼續往下閱讀...「這件事經過在地媒體報導之後，很快引起日本社會反彈。參議員北村晴男直言：『這樣的營運方式，身為日本人真的感到很羞愧。』前國家公安委員長松原仁也公開質問：『亞運這是怎麼回事？！』長期觀察台灣的日本學者野嶋剛則批評，這是大會『過度反應』，連『台灣』兩個字都限制，是不合理的。很多日本媒體也以『中國國旗可以，為什麼台灣不行？』為題大篇幅報導。」矢板明夫指出，「台灣的運動選手在國際社會上受到打壓的事件屢見不鮮。但是，最近很明顯，支持台灣的輿論越來越多。我認為，名古屋發生的這場風波背後其實有三個重要變化。第一，台灣人變了。過去很多人在國際賽事中，習慣按照『中華台北』的規範，替選手加油。但現在愈來愈多人認為，我來自台灣，替『台灣』加油，本來就是最自然不過的事情。」「第二，台灣的體育變強了。過去台灣在許多國際大賽中的存在感有限。但是現在，從羽球、拳擊、舉重到棒球，不斷出現世界級選手，甚至成為奪冠熱門。當台灣經常站在世界舞台中央，『這些選手到底來自哪裡？』的問題，就愈來愈無法迴避。第三，日本社會也變了。日本人對台灣的了解和關心都在與日俱增。像北村晴男參議員不久前才訪問台灣，和台灣各界有深入交流。今天，愈來愈多日本政治人物、媒體人和普通民眾，不只是『喜歡台灣』而已，他們在（看見）台灣受到不合理待遇時，也願意主動站出來說話了。」最後矢板明夫表示，「國際體育的既有規則不會一夜改變，類似摩擦今後恐怕還會出現。但台灣人已經愈來愈勇敢地說自己是『台灣』，日本也有愈來愈多人願意替台灣說話。當這兩股力量匯合，影響的就可能是台灣在國際社會被看見、被理解和被對待的方式。」    ,https://news.ltn.com.tw/news/politics/breakingnews/5588037
東泉辣椒醬淋雞蛋糕=饅頭加豆腐乳 沈伯洋：離開台中較敢講！,政治,2026/09/27 23:49,沈伯洋（前中）出席「台北兒少行動，不落蒂聯盟、衣衣不捨小隊聯合倡議」活動。（記者叢昌瑾攝）民進黨籍台北市長參選人沈伯洋今於台中野餐時，用東泉辣椒醬淋上雞蛋糕，台中人驚呆發出「矮額」。沈伯洋受訪表示，「很好吃啊！」反問「大家怎麼會覺得很奇怪呢？這跟饅頭加豆腐乳一樣的意思」，並指台北很多自己炒的辣椒更厲害，改天再來比一下，大笑「離開台中我比較敢講！」「台北炒辣椒更厲害」沈伯洋表示，本來就是要嘗試各式各樣新風味，東泉的辣跟甜恰到好處，不愧是台中，才會開玩笑說這是自己跟台中的「血繼限界」，而且媽媽也是台中人，今天後來發現，加炒麵真的非常好吃，推薦給大家。請繼續往下閱讀...沈伯洋指出，台中的辣椒醬不是只有東泉，歡迎來台中試試看各種不同口味，「但我還是要講，台北很多這種自己炒的辣椒更厲害，改天再來比一下，「離開台中我比較敢講！」沈伯洋（右）拿起「台中人的血液」東泉辣椒醬淋上雞蛋糕，還大讚好吃，驚呆台中人！（記者廖耀東攝）    ,https://news.ltn.com.tw/news/politics/breakingnews/5588038
龍科三期逐步推進 黃世杰：期待台積電延宕3年多後 重回桃園,政治,2026/09/27 23:39,龍潭科學園區三期開發逐步推進，在地議員和區民關切產業進駐後的住宅、交通、教育及公共設施能否同步到位。（記者李容萍攝）桃園市龍潭科學園區三期開發逐步推進，民進黨桃園市長參選人黃世杰期待台積電在延宕三年多後，重回桃園！他表示，未來擔任市長，會主動與中央、國科會及產業界協調，把土地、水電、交通、人才等條件提前佈局好，讓桃園不是被動等待企業選擇，而是主動創造企業願意投資的條件，除了完善龍科三期周邊的交通跟生活機能，還要搭配新設產業園區的規劃設置，讓升級產業、桃園發展更健全，讓年輕人有機會回鄉打拚。黃世杰今日針對龍科三期議題表示，未來桃園的願景會建立在產業的基礎上，針對龍科三期即將迎來護國神山，他提出結合新梅龍和板龍快、國一甲線、五楊延伸頭份等全新路網政見，搭配地方主要道路拓寬，以及地方產業園區的規劃與設置，讓相關產業都可以進駐，產業鏈更加完整。請繼續往下閱讀...黃世杰提到，同時也會積極航空城民眾與工程問題，由市長與行政院專責政委聯席召開航空城專案會議，並與經濟部聯合招商，讓航空城的產業效益儘速浮現。此外更將串聯桃竹苗大矽谷計畫，以桃園為起點，完整台灣西部科技廊帶，不僅創造更多的產值，也會增加更多的就業機會。黃世杰強調，產業發展牽動的不只是廠區，而是整個龍潭、平鎮生活圈，要讓產業、生活、地方需求整合，進而促進多方互惠發展。重大投資能不能真正落地，考驗的是市長整合資源、協調中央與解決問題的能力。黃世杰在社群PO文期待台積電在延宕三年多後，重回桃園！（取自黃世杰臉書）    ,https://news.ltn.com.tw/news/politics/breakingnews/5588036
3000人看唐美雲大戲「龍鳳情緣」 蘇巧慧：要讓台灣故事代代相傳,政治,2026/09/27 23:22,民進黨新北市長參選人蘇巧慧（後中）今邀「唐美雲歌仔戲團」於三重演出「龍鳳情緣」經典大戲。（記者黃政嘉攝）民進黨新北市長參選人蘇巧慧今邀「唐美雲歌仔戲團」於三重向日葵廣場演出「龍鳳情緣」經典大戲，湧逾3000位民眾觀賞，甚至有粉絲早上9點就來卡位。蘇巧慧說，她從小跟著阿嬤看歌仔戲，看唐美雲、許秀年等國寶級演員演戲長大，深知藝術文化的感染力，若擔任市長，她一定會用市府的力量，和在地議員繼續推動傳統藝術，讓藝文工作者在新北演出最好的作品，市民也能看好戲，讓台灣的故事代代傳下去。立委李坤城、新北市議員李倩萍、邱婷蔚、彭佳芸、顏蔚慈、李余典，新北市議員參選人陳俊維皆出席活動，蘇巧慧一到場便到後台為劇團加油打氣，沿路也有支持者索取合影、簽名，現場氣氛溫馨熱烈。請繼續往下閱讀...蘇巧慧表示，她非常榮幸邀請到唐美雲歌仔戲團到三重和鄉親分享優質傳統歌仔戲，尤其今晚演出的「龍鳳情緣」膾炙人口，大家都非常期待，看到許秀年、唐美雲老師隆重打扮登台，更加感受到濃濃的台灣味。她說，這幾年不論是社會風氣，或是國家的推廣，歌仔戲已不只是傳統的戲曲，而是一直跟著時代前進，劇團表演早已從廟埕走到國家演藝廳，在在證明傳統戲曲是最有生命力的藝術。她指出，在立法院教育文化委員會時，只要遇到藝文工作者有任何需要協助的地方，都會盡全力幫忙，也因此和唐美雲、許秀年結下緣分，她非常感謝唐美雲老師願意公開推薦她、為她說幾句好話。蘇巧慧強調，做市長的人，就是要努力匯聚各種不同專業，讓大家有更多舞台可以精彩演出。她也會持續透過政策與各項活動，讓台灣多元、豐富的本土文化被看見、被保存、被傳承，期待下一代能從「看戲」開始產生興趣，進一步成為傳統戲曲的新觀眾，讓台灣的故事一代一代傳下去。民進黨新北市長參選人蘇巧慧今邀「唐美雲歌仔戲團」於三重向日葵廣場演出「龍鳳情緣」戲碼，湧入逾3000位民眾觀賞。（記者黃政嘉攝）民進黨新北市長參選人蘇巧慧（前右2）與民眾一同觀賞「龍鳳情緣」。（記者黃政嘉攝）    ,https://news.ltn.com.tw/news/politics/breakingnews/5588006
高齡駕駛換照奔波 李明賢：應增一站式服務,政治,2026/09/27 23:20,夜間騎車示意圖。（記者董冠怡攝）交通部「高齡換照新制」5月31日起上路，換照年齡從75歲下修至70歲。台北市議員李明賢表示，全市70歲以上持有駕照的高齡人口共計2萬5960人，長者反映必須跑好幾個點才能完成換照前的體檢、認知功能、視野檢測，建議台北市政府增加一站式服務據點，以利符合長者所需。交通局回應，已與各區公所協調，規劃一站式服務，部分場地規模較小則採兩站式，將在監理所網站公告。李明賢指出，高齡換照新制大致區分為年滿70歲、75歲兩個部分，年滿70歲者要完成體格檢查與兩小時高齡換照講習，可換發效期至75歲的有效駕照；75歲以上還要追加認知功能測驗合格，或是無患中度以上失智證明文件，可換發三年效期的有效駕照，之後每三年換照一次，但是大部分高齡長者要做換照前的測驗，必須奔波不同地點才能完成換照前的相關檢測，市府應增高齡駕駛換照所需體檢、認知測驗地點，減輕長者負擔、提升換照意願。請繼續往下閱讀...交通局回應，市長蔣萬安先前已裁示，希望各區公所與監理所合作，提供區民活動中心或行動大禮堂等場地，辦理體檢、講習、換照一站式服務，包含12個區公所及台北市立聯合醫院門診中心合計19處，並於官網公告場域、時間及預約系統；部分場地規模較小，折衷採兩站式進行。    ,https://news.ltn.com.tw/news/politics/breakingnews/5588026
泰雅耆老賜名「破石者」 黃世杰：提醒自己有突破困難的精神,政治,2026/09/27 23:06,民進黨桃園市長參選人黃世杰（中）深入復興區，前往上巴陵、加拉文及溪口台等部落座談，並參與中醫師義診，聽取族人對醫療、交通、觀光及教育等需求。（黃世杰競辦提供）中秋節、教師節連假4天，民進黨桃園市長參選人黃世杰與山地原住民市議員參選人謝卓儒深入復興區，前往上巴陵、加拉文及溪口台等部落座談，並參與中醫師義診，聽取族人對醫療、交通、觀光及教育等需求。過程中，泰雅耆老誒宥吼腊當場賜予黃世杰泰雅名字「Masing（馬信）」，意為「擊破磐石的人、破石者」，期許他勇於挑戰、突破困難。黃世杰今日表示，泰雅名字「Masing（馬信）」不只是名字，更代表族人期待，也提醒自己面對問題要有突破困難的精神。請繼續往下閱讀...黃世杰說，原鄉政策應尊重土地、文化與部落聲音，復興區幅員廣大、部落分散，各地需求不同，市政規劃應從族人實際生活出發。他在加拉文健站參與中醫義診時指出，山區長輩取得醫療服務不易，未來將推動「原鄉長照巡迴醫療隊」，整合醫療、長照及文化健康站資源，提供健康檢查、慢性病管理、用藥諮詢及轉介追蹤，減少長輩往返奔波。在溪口台座談，部落主席巴度瓦旦表示，黃世杰是第一位深入溪口台舉辦座談的市長參選人。黃世杰則提出，將補強山區公共運輸、長照接送及部落聯絡道路安全設施，改善接駁規劃，便利遊客進入原鄉，提升觀光產值。教育方面，黃世杰強調將強化課後照顧、數位教育及AI素養，並結合族語與泰雅文化教育，增加原鄉下一代發展機會；同時透過整體觀光與交通規劃，增加旅客停留時間及在地消費。行程也安排前往巴度工作坊，體驗泰雅傳統文化及口簧琴。黃世杰說，原住民族文化不應只在節慶被看見，更重要的是讓語言、技藝與生活文化持續傳承，市府也應成為支持部落文化延續的力量。未來也會持續傾聽族人的聲音，讓原鄉的需求真正進入市政決策，「Masing」所代表的破石精神，也將成為他面對問題、突破困難的一份期許。民進黨桃園市長參選人黃世杰（中）與山地原住民市議員參選人謝卓儒深入復興區。（黃世杰競辦提供）    ,https://news.ltn.com.tw/news/politics/breakingnews/5587994
沈伯洋挺何欣純真的「有洋蔥」！網友歪樓這畫面 眼淚秒收回去,政治,2026/09/27 22:59,沈伯洋挺何欣純致詞有洋蔥，議員何文海（中後）造型意外引網友熱議「真人版洋蔥」。（民眾提供）何文海多年來的造型意外成「洋流會欣潮」造勢場焦點。（記者蘇孟娟攝）民進黨台北市長參選人沈伯洋「洋流」，今日與民進黨台中市長參選人何欣純「欣潮」在台中合體掀風潮，沈伯洋幫何欣純站台致詞更有洋葱，親曝幫媽媽整理遺物時看到長年住台中的媽媽收集很多何欣純的東西，喊「大家幫我媽媽投票給欣純姐」，讓不少人感動鼻酸。卻有網友看直播畫面驚呼沈伯洋、何欣純中間藏「真人版洋蔥」，還有人附和「是永澤吧（卡通櫻桃小丸子同學）」、「看到永澤害我眼淚收回去」，意外掀熱議，結果有人認出幫解答，「他是南屯議員何文海啦」。沈伯洋「洋流」今席捲台中連跑3場活動，沈伯洋參與何欣純百工百業授證現場致詞時，提及自己已離開的的媽媽長年住台中，去年幫媽媽收拾東西的時候，家裡都是欣純姐的東西，「我媽媽無法投給欣純姐一票，大家幫我媽媽投一票給欣純姐好不好」，讓何欣純當場淚崩，不少支持者也喊太催淚。不少民眾無法到現場只能看直播，心疼沈伯洋致詞有洋葱、喊感動，卻另有不少網友歪樓這畫面，「快流眼淚的時候竟看到中間那位大哥的頭髮」、「好暖，然後看到中間大哥的頭髮，哭不出來了」、「很感動的一段， 但是後面的大哥害我眼淚收回去了」。更有人想到卡通櫻桃小丸子裡有「洋蔥頭」特殊造型的永澤同學，喊「一直注意到後面的永澤大哥是正常的嗎」、「我的視線都在後面的永澤..」、「有洋蔥…是永澤」、「眼淚掉不停…這洋蔥超大顆…但最大顆的洋蔥是他們後面的大哥（我道歉）」、「哈哈哈！洋蔥頭好有看頭」。也有網友立刻幫釋疑「這位永澤大大是南屯區的議員」、「他是南屯區議員何文海」、「何文海的頭髮一直吸引我的注意力」、「何文海議員今天很皮克敏喔」。    ,https://news.ltn.com.tw/news/politics/breakingnews/5587997
The演！徐巧芯拉人圍住蔣萬安 網友酸：連簽名都假裝,政治,2026/09/27 22:58,台北市長蔣萬安。（資料照）民進黨台北市長參選人沈伯洋掀起的「洋流」勢頭驚人，國民黨輸人不輸陣，質疑洋流真實性的同時，也想營造蔣萬安同樣擁有高人氣。今天（27日）蔣萬安帶著藍白小雞到松山進安宮參拜祈福，同行的藍委徐巧芯在蔣萬安接受完聯訪後趕緊「呼朋引伴」包圍住蔣萬安，畫面曝光被大批網友質疑「演太大」！蔣萬安27日到對手沈伯洋成長地五分埔商圈內的松山進安宮參香，獲得不少支持者相挺，高喊「凍蒜」，請蔣萬安簽名，人氣看似不輸沈伯洋。不過有網友轉發媒體從稍遠一些角度拍攝到的畫面，可以看到蔣萬安接受記者聯訪後，徐巧芯大喊「來！我們來這邊！要簽名的都過來！」隨後支持者們相當有默契地開始尖叫，上前圍住蔣萬安，遞出東西請他幫簽名；徐巧芯則在旁不斷用手勢示意人群靠過來。請繼續往下閱讀...網友們質疑，這是刻意營造蔣萬安同樣擁有高人氣，但「演太大」。相關貼文一出吸引上萬人按讚、2千多則留言，「國民黨是真不知道攝影機跟手機到處都是嗎？」、「去看沈伯洋的直播喊的都是『小心！不要推擠！』、『不好意思！擊掌代替簽名喔！』沒看過還要幫忙揪簽名的」、「假萬安連簽名都要假裝一下？」、「這才是演戲好不好，人造的假象」、「好難看的場面」、「現場自有感受！」蔣赴福德宮 支持者阿伯自爆：我被叫來的另外，昨天（26日）沈伯洋和蔣萬安先後出席中山區中庄仔福德宮「福德正神聖誕千秋晚宴」，雖然2人並未碰頭，但也算是同場對壘。團購電商企業家「486先生」陳延昶在臉書分享罷團成員「高主任」昨日到現場的拍攝紀實，可以看到洋流簇擁著沈伯洋，一路高喊當選，反觀蔣萬安支持者稀稀落落，而且還穿著一樣的衣服。讓人忍不住噴笑的是，鏡頭外有位阿伯被問：「這邊是排隊（等）蔣萬安的是不是？」阿伯竟回：「我不知道，我被叫來的」；接著掌鏡者又向阿伯確認排隊的隊伍是否為等著跟蔣萬安拍照，阿伯笑稱：「他又沒有我帥，我跟他拍什麼照。」     在 Threads 查看    ,https://news.ltn.com.tw/news/politics/breakingnews/5587925
選戰倒數以政績服人 藍委籲催高投票率、搶攻中間選民,政治,2026/09/27 22:12,藍委指出，以台北市為例，過去這幾年很多地方變成工地正在動工，代表在市長蔣萬安的帶領下，真的有在加速辦理都更。（記者蔡愷恆攝）年底九合一選舉倒數2個月，民進黨主打「新世代扛起新時代」，以世代對比強化選戰辨識度。一名國民黨北部區域立委表示，台灣是言論自由的地方，也尊重民進黨的選舉造勢方式，但是相信選民心中自有一把尺，大家真正要的是過去這4年有做實事，以及會讓這座城市能更好的候選人。藍委指出，以台北市為例，過去這幾年很多地方變成工地正在動工，代表在市長蔣萬安的帶領下，真的有在加速辦理都更，過去習以為常的老舊建築現在開始動工，城市有在翻新改變。請繼續往下閱讀...藍委觀察，民進黨府院黨傾全力要將黑熊的精神領袖沈伯洋硬捧成「洋流」，綠營媒體近來在節目上熱烈討論沈伯洋的吃喝穿行，例如大口吃刈包、玩立槳，而不是他的理念、訴求，看不到這樣子做對市民會有什麼正向幫助，沒看到有實際的政策牛肉、未來對整座城市的想法與方向，說實在就是在為捧而捧、瞎捧濫捧，講白了就是為了復刻大罷免。藍委指出，去年的大罷免是紮稻草人，把所有在野黨的藍委都打成賣台的中共同路人，即便澄清無數次不是事實，但他們就是故意要潑紅水攻擊，把在野打成十惡不赦；今年如法炮製，用相同的文宣方式，把一個已經擔任2年多立委，從未看到他對台北市有提出福利政策法案，卻能在選舉前夕打造成市民心目中的英雄，接下來到投票前的這2個月，就是會用大罷免2.0來佔據媒體版面，鞏固其基本盤。藍委認為，即便綠營的4成基本盤沒有過半，但若投票率高，也許會成為掌握勝負的關鍵。會呼籲大家踴躍投票，即便是高支持度，但沒有高投票率，很有可能還是會輸給民進黨傾全黨之力動員投票的力量，最後2個月衝刺階段，藍營各縣市長候選人如何激起中間選民的投票率及熱情，就相對重要，而最基本的核心就是以政績說服民眾出門投票。    ,https://news.ltn.com.tw/news/politics/breakingnews/5587892
不只當眾酸爆蔣萬安 宮廟董座台上打斷喊連任：大家要吃飯了！,政治,2026/09/27 22:05,蔣萬安26日出席台北市中庄仔福德宮福德正神聖誕千秋晚宴，和廟方董座林春裕（左）的互動意外引發外界討論。（記者方賓照攝）民進黨台北市長參選人沈伯洋和尋求連任的台北市長蔣萬安，昨天（26日）先後出席中山區中庄仔福德宮「福德正神聖誕千秋晚宴」。席間，廟方董事長林春裕不只公開「倒戈」力挺沈伯洋，隨後蔣萬安上台，主持人帶領群眾喊「連任」時，林春裕還直接打斷，高喊「好了好了，大家要吃飯了」，說完直接走人，留下錯愕的蔣萬安，引發網路熱議。沈伯洋和蔣萬安昨天原本可望在中庄仔福德宮晚會上同框，但蔣萬安自稱因為行程耽誤，遲到約半小時，避開與沈伯洋碰頭。沈伯洋到場時，「洋流」持續發威塞爆現場，廟方對沈伯洋相當禮遇，不諱言直喊「凍蒜」；林春裕致詞時還說，「福德宮開宮以來，頭一次有2位市長候選人同場對壘，大家要支持誰？當然是沈伯洋！不過，晚一點蔣萬安也會來，畢竟還在任，要說好話。」請繼續往下閱讀...之後蔣萬安到場，上台就被林春裕當眾大酸，當上市長後這3年多來都沒來過中庄仔福德宮，蔣萬安尷尬道歉，稱自己這些年來真的市政繁忙，希望大家能給他機會，繼續為中山區服務。蔣萬安致詞結束後，主持人帶領群眾喊連任，但林春裕當場拿著麥克風打斷：「厚啊厚啊，大家要呷飯了！」接著直接轉頭走人，留下蔣萬安在台上尷尬拍手。這段畫面曝光後在臉書、Threads上吸引數萬人按讚，「董事長一定超不爽蔣萬安」、「意思是，面子意思意思給你，就不要得寸進尺了，三年多都沒來過的人」、「這董事長到底是誰的猛將」、「深藍菁英家庭真的會覺得很丟臉」、「選上了，邀請三年不見人影，又要選票才會現身，董事長很給面子了」、「超級帶種，完全不演了！中庄福德宮你紅了！」、「別說主委是不是真的支持沈伯洋，但看的出來他超不爽三姓萬安」。    ,https://news.ltn.com.tw/news/politics/breakingnews/5587837
游錫堃「躺著中槍」貼選舉公報反擊 楊植斗：證明蔣萬安說得沒錯,政治,2026/09/27 22:01,前立法院長游錫堃要蔣萬安重新翻閱選舉公報，別再對躺著的他開槍。（資料照）台北市長蔣萬安近期在立法院上的簡歷，其中學歷從「S.J.D.（法學博士）」改成「J.D.（法律博士）」，北市府回應，相關英文資訊由立法院委託廠商依中文資料翻譯並已更正。研考會主委殷瑋上政論節目時推給前院長游錫堃；游則要蔣重新翻閱選舉公報，別再對躺著的他開槍。對此，台北市議員楊植斗說，游貼出選舉公報截圖，就是證明蔣萬安講得沒錯不是嗎？游錫堃於脆上貼出選舉公報截圖並發文表示，蔣萬安可以「問A答B」、「問T答K」或是「問台北市政答中央政府」，但請不要人家問學歷、蔣營答問游錫堃，即便曾經同事一場，然立法院長真的管不到立委的學歷，也無核定權，自己怎麼寫就怎麼登，至於當年是怎麼寫的，麻煩重新翻閱選舉公報即知。請繼續往下閱讀...楊植斗在底下留言，「S.J.D.是廠商誤翻，蔣萬安一直講的就是JD，法律博士就是JD，所以貼這個出來就是證明蔣萬安講得沒錯不是嗎？水牛退休了，就別出來刷存在感讓人笑話好嗎？」北市府先前回應，蔣市長第九屆、第十屆立委期間，辦公室提供的中文學歷資料始終都是正確的「賓夕法尼亞大學法學院法律博士」，從來沒有任何錯誤。「相關英文資訊是由立法院委託廠商依中文資料進行翻譯」；於上班時間通知，立法院隨即更新為正確翻譯。    ,https://news.ltn.com.tw/news/politics/breakingnews/5587972
蔣萬安學歷修改扯游錫堃 水牛伯秀證據反擊：立委寫什麼就登什麼,政治,2026/09/27 21:53,前立法院長游錫堃今晚發文，酸蔣萬安不要人家問學歷，你們答游錫堃。（圖取自游錫堃粉專）台北市長蔣萬安被爆在立院網站上的簡歷突然修改，學歷標註從SJD變JD，引起各界質疑之際，台北市研考會主委殷瑋竟扯到上屆立法院長游錫堃。宜蘭縣籍「水牛伯」今晚發文大酸「萬安兄，你可以問A答B，但請不要人家問學歷，你們答問游錫堃」。殷瑋昨天下午在政論節目中表示，蔣萬安一開始就說自己是JD，是這個意義上的博士，從來沒有說要偷天換日，要故意加一個S上去，來賓媒體人黃揚明插話問他，「所以是游錫堃搞的」？殷瑋回答：「講白了就是這樣」。請繼續往下閱讀...78歲的游錫堃，2年多前卸下立法院長職務後返回宜蘭家鄉定居，平時主要關注地方文化，少在臉書上談論政治。本報記者今天下午將殷瑋說法，透過幕僚轉告游錫堃詢問他的看法，游晚間便在臉書粉專發文指出，「哈哈⋯，躺著也中槍！萬安兄：拜託你了！你可以問A答B；也可以問T答K；更可以問台北市政答中央政府；但請不要人家問「學歷」，你們答問「游錫堃」⋯⋯。」「雖然我們同事一場，但是立法委員的學歷，立法院長真的管不到，真的沒有核定權，完全依照你們自己怎麼寫，立法院就怎麼登。至於你們當年是怎麼寫的？麻煩你們重新翻一下選舉公報就知道了！拜託！我已經躺著了！不要再對我開槍了吧！」，文中附上蔣萬安四年前參選台北市長選舉公報。游錫堃文章PO出後引發熱議，網友留言，「水牛伯慘遭無妄之災」、「偉大的陰先生回答的」、「游院長真是幽默又風趣」、「新的問A答B：問學歷，答游錫堃」。游錫堃發文內容讓人莞爾。（圖取自游錫堃粉專）文中附上蔣萬安4年前參選台北市長選舉公報。（圖取自游錫堃粉專）    ,https://news.ltn.com.tw/news/politics/breakingnews/5587965
沈伯洋太亂來！東泉辣椒醬淋雞蛋糕 台中人忍半天終於喊「哎額」,政治,2026/09/27 21:45,沈伯洋東泉淋雞蛋糕，讓台中人驚呆了。（擷自何欣純總部直播畫面）民進黨台北市長參選人沈伯洋今到台中與同黨台中市長參選人何欣純合體走讀城市，並在市民廣場小野餐，沈伯洋拿起「台中人的血液」東泉辣椒醬淋上雞蛋糕，還大讚好吃，驚呆台中人。有人自我安慰喊「這種吃法很潮」，但更有不少台中人忍半天終於說實話了，「雞蛋糕加東泉是什麼邪教吃法」、「我喜歡你，可是東泉加雞蛋糕我真的不行」、「雞蛋糕加東泉？？哎額！！」。沈伯洋「洋流」今在台中與何欣純「欣潮」會合，兩人從審計新村出發就吸引爆滿人潮，城市走讀到市民廣場後，現場進行小野餐，何欣純準備台中小吃招待，有炒麵、雞蛋糕、飲料，還有「台中人的血液」東泉辣椒醬在旁，沈伯洋吃到雞蛋糕時一時興起拿起東泉淋上雞蛋糕的一幕，讓台中人驚呆了。請繼續往下閱讀...有趣的是，第一時間有人故作鎮定稱「撲馬很潮的吃法」、「雞蛋糕即將出新口味了」、「沈伯洋一醬驚醒台中人，原來東泉的搭配力還在上升」、「撲馬解鎖東泉新成就了」、「今天見識解鎖人類飲食史上里程碑」、「puma擁有99%台中人東泉血液了」，也有人好奇這種味道真的好吃嗎。不過，沈伯洋自創東泉加雞蛋糕的吃法傳播擴散出去後，成台中人今天茶餘飯後熱議話題，台中人忍半天終於說實話了，「我必須嚴厲譴責在雞蛋糕裡面加辣椒醬的行為」、「雞蛋糕加東泉是什麼邪教吃法」、「東泉加什麼都可以，但加雞蛋糕…OMG」、「東泉很好搭但不是讓你隨便搭」、「我們台中人沒有這樣吃，沒有」、「放過那塊雞蛋糕」、「我喜歡你，可是東泉加雞蛋糕我真的不行」、「雞蛋糕加東泉？？哎額！！」、「請黨紀處分」。沈伯洋解鎖東泉辣椒醬新成就，讓台中人不忍了。（記者蘇孟娟攝）    ,https://news.ltn.com.tw/news/politics/breakingnews/5587970
雞蛋糕+東泉辣椒醬？蔡其昌：除非沈伯洋、何欣純都當選市長,政治,2026/09/27 21:37,蔡其昌（圖）表示，要他試雞蛋糕加東泉辣椒醬，除非沈伯洋和何欣純都當選市長。（擷取自蔡其昌Threads）台北市長參選人沈伯洋今天南下台中與民進黨台中市長參選人何欣純，一起在市民廣場大啖雞蛋糕加東泉辣椒醬，遠在日本名古屋的蔡其昌對此鄭重聲明「我無法接受Puma在蛋糕上面加東泉辣椒醬」，Puma則回應「總召，搞不好你一試，就會愛上喔」；蔡其昌對此則表示「要我一試，除非沈伯洋和何欣純都當選市長」。網友對此表示，這是會長的祭品文嗎？還有網友說「好，我們不在雞蛋糕加東泉，我們在東泉熬的湯裡面加雞蛋糕」；還有網友說「身為台北人這次挺會長，什麼邪教吃法」；有人則說「很感謝沈伯洋隱藏吃法發揚光大」。    ,https://news.ltn.com.tw/news/politics/breakingnews/5587956
感念師恩 吳淑瑾敬師政見「1份敬意、7大安心、2項突破」,政治,2026/09/27 21:35,民進黨澎湖縣長參選人吳淑瑾，出社會第1份工作是幼教老師，一做就是9年，對於教師的處境有許多體驗。認為學校就像1個小型社會，老師要面對的問題何其多，更何況是離島教師，如果支持系統不能與時俱進、因地制宜，只會讓教師們1個個身心俱疲的離開戰場。迎接教師節，吳淑瑾提出敬師政見包括「1份敬意、7大安心、2項突破」，透過地方施政，以及向中央爭取離島制度改革，評估財政條件、法制可行性及施政順序，推出延續政策並積極提升的方案，守護教權，建構友善的教學環境。請繼續往下閱讀...吳淑瑾提出具體敬師禮，包括教師節敬師禮券比照6都，從現行600元提高為2000元；落實對教師長期健康支持，健檢補助從現行每2年最高7000元提高為每2年1萬元，敬師禮，也適用於代理教師。 並允諾開啟縣長與教師定期對話的教育圓桌會議，聽取教師心聲。7大安心守護，包括小校有人守、時間還教學、老師有後盾、師資留得住、需求有人援、幼教有人接、安全有人助；2項突破成本與人力：突破離島成本、突破人力困境，積極向中央爭取制度調整及預算補助，讓教師在友善的環境下教學，沒有恐懼疑慮，師生共同揮灑在澎湖離島獨有的美好學習時光。    ,https://news.ltn.com.tw/news/politics/breakingnews/5587948
兒少團體邀上街撿菸蒂 沈伯洋籲多聽小孩講：沒票卻是城市未來,政治,2026/09/27 21:30,兒少聯盟邀沈伯洋上街撿菸蒂。（記者叢昌瑾攝）兒少環保團體「不落蒂聯盟」與「衣衣不捨小隊」今（27）日在萬華和平青草園發起「台北兒少公民行動」，聚焦「菸蒂治理」與「快時尚衣物減量」，並且贈送受邀出席的台北市長參選人沈伯洋以二手衣製作的3個禮物，包括讓他可與女兒「小麻糬」一起玩的桌遊，還有紓壓的藥草槌及海廢料打造的戰鼓，為沈加油打氣。兒少團體提出7項政策訴求，其中菸蒂治理方面，主張將街頭菸蒂減量列為市政成效指標、設置負壓吸菸室並落實設置者負責、試辦菸蒂回收箱及排水口攔截設施，以及支持國際禁用塑膠濾嘴倡議。請繼續往下閱讀...推派代表向沈伯洋遞交政策請求書，現場簽署響應，同時倡議「杜絕煙害，不留餘蒂」、「理性消費，不要浪費」，展現即使尚未具備投票權，也能透過行動參與公共事務，為生活的城市發聲。沈伯洋談及兒少參與公共政策說，孩子往往能從不同角度看見城市問題，「我們應該多聽小孩子講，這是最重要的事」，談論市政規劃時，有些人可能會想說小孩子沒票，實際上「小孩子才是城市與國家的未來！」以日本非政府組織推動的「未來人決策模式」為例，讓孩子想像自己是30年後的大人，再回頭思考「為了那樣的未來，今天應該做什麼？」他表示，針對負壓吸菸室，政策不能只停留在設置，也應考量民眾的使用意願，從距離、資訊落差、性別感受與場域舒適度等面向完善規劃。未來希望進一步將兒少參與納入政策形成及審議式民主制度，讓「未來的承擔者」也能參與城市決策。活動期間，「不落蒂聯盟」帶領沈伯洋等人於公園內外撿拾菸蒂，短短10多分鐘便撿出500多根，部分菸蒂散落在水溝及排水系統周邊。兒少團體補充，街頭看似不起眼的菸蒂，可能隨排水系統流入河川與海洋，導致城市及水域污染。立委吳沛憶、張雅琳與市議員劉耀仁、洪婉臻、議員參選人馬郁雯、張銘祐及在地里長也到場，共同參與聚焦「菸蒂治理」與「快時尚衣物減量」環境議題。☆自由電子報關心您，吸菸有害健康☆兒少團體致贈沈伯洋二手布料製作的桌遊、藥草槌與戰鼓。（記者叢昌瑾攝）    ,https://news.ltn.com.tw/news/politics/breakingnews/5587943
藍營質疑SJD簡歷  蘇巧慧：載明「博士候選人」沒什麼好做文章,政治,2026/09/27 21:20,"民進黨新北市長參選人蘇巧慧（左3）說，她在第9、第10屆立委繳交的中文學歷履歷表，皆載明是法律博士SJD候選人，從沒說過自己是博士。（記者黃政嘉攝）台北市長蔣萬安立法院英文簡歷由「SJD」（法學博士）改成「JD」引起討論，學者林環牆今指民進黨新北市長參選人蘇巧慧在第9屆立委英文簡歷中，也曾登記為SJD，但實際最高學歷為LLM法學碩士，新北藍營質疑蘇是否造假學歷。蘇回應，她在第9、第10屆繳交的中文學歷履歷表，皆載明是美國賓州大學法律博士SJD 的候選人，從沒說過是博士，後來認知立委工作太忙，不可能寫完論文，第十一屆時便拿掉博士候選人經歷。近期蔣萬安在立法院刊登的「SJD」簡歷被質疑刊登不實，台北市府澄清蔣萬安擔任立委期間，提供中文學歷資料始終都是正確的「賓夕法尼亞大學法學院法律博士」，是立法院委託廠商英文翻譯有誤。請繼續往下閱讀...國民黨新北市議員呂家愷、新北市議員參選人鄧凱勛今質疑蘇巧慧在第九屆立委的英文簡歷，也曾將最高學歷登記為「SJD, University of Pennsylvania」法學博士，但按照中文簡歷，最高就是LLM「法學碩士」。蘇巧慧今晚出席自辦的「中秋戲曲之夜」活動前接受媒體聯訪，關於立法院簡歷一事，蘇巧慧表示，她在第九屆、第十屆在向立法院繳交的中文學歷履歷表上面，都非常清楚載明，她就是「美國賓州大學法律博士SJD的候選人」，從沒有說過自己是博士。蘇巧慧說，在後來第十屆任內，她終於認知到自己再也不可能去美國把論文寫完，因為立委實在太忙了，所以她就在第十屆的時候放棄了學籍，也在第十一屆時，她自動把博士候選人的這個經歷直接拿掉，這個非常清楚，也都據實陳報，應該也沒有什麼好質疑、好做文章的。    ",https://news.ltn.com.tw/news/politics/breakingnews/5587920
立院簡歷爭議後 翁達瑞再控蔣萬安LinkedIn履歷不實 抓包「5大疑點」,政治,2026/09/27 21:18,陳時奮教授圈出蔣萬安LinkedIn履歷「5大不實登錄」。（圖翻攝自陳時奮臉書）尋求連任的台北市長蔣萬安近期爭議連環爆，最近被爆出來的就是過去擔任立委時在立法院留存的英文簡歷「校正回歸」，原先「美化過」的學歷被偷偷更改，引發外界熱烈討論。旅美教授陳時奮（筆名：翁達瑞）今天（27日）加碼爆料，蔣萬安不只刊載在立院的學經歷疑似造假，他在全球最大商務社群平台「領英」（LinkedIn）上傳的履歷也存在不實登錄！陳時奮今天下午在臉書分享蔣萬安的LinkedIn簡歷截圖，表示「履歷是一個人的歷史，可供他人評價能力，是就業市場的敲門磚，更是政治人物勝選的認證。在西方社會，編造不實履歷是求職與參選的死罪。蔣萬安登錄在立院的履歷被發現不實，外界鬧得沸沸揚揚。蔣萬安的履歷不只登錄在立法院的網頁，也張貼在社群平台，是否存在欺騙，很容易檢驗。附圖是蔣萬安自己張貼的履歷，出現在他的LinkedIn帳號。在蔣萬安的這份履歷，我發現5處不實的登載。」請繼續往下閱讀...首先是政大的學位，陳時奮發現蔣萬安是政大外交系畢業，但其LinkedIn簡歷上登錄的學位卻只有「法律學士」（LL.B），質疑「蔣萬安刻意漏列外交系的主修，就是為了美化他的法律背景」。再來是美國賓夕法尼亞大學的學位，蔣萬安在賓大取得2個學位，分別為招收外國學生的法學碩士（LL.M.）學位及職業法律博士（J.D.）學位，「詭異的是，蔣萬安竟然漏列LLM的學位。常見的履歷欺騙是增列沒有取得的學位，但蔣萬安卻漏列已經取得的學位。這到底是怎麼回事呢？蔣萬安漏列LLM的學位，就是為了掩飾轉學進入賓大JD學程的事實。蔣萬安並未申請JD學程的入學，而是從LLM學程轉學，不需要參加入學考試。賓大的JD學程錄取率極低，入學考試的分數要求也很高。蔣萬安漏列LLM的學位，可製造他從政大申請進入賓大JD學程的假象，讓他躋身美國法界的菁英階層。」第3個是賓大J.D.就學時間，蔣萬安簡歷上寫的是2003年至2006年，但實情是「賓大JD學程的修業年限3年，LLM學程只要1年就可完成。蔣萬安在賓大就讀3年，先花1年取得LLM學位，轉入JD學程後只要再讀2年。蔣萬安用1年取得LLM的學位，卻在履歷裡漏列這個學位，只好將就讀2年的JD學程增加1年，讓人誤以為他是正規入學的JD學生。」第4個是待業的履歷空白，蔣萬安在矽谷的第一個工作進入大型律師事務所WSGR，待了2年7個月後就被炒魷魚，蔣萬安的簡歷上記載了2個月的失業期（2009年4月到6月），然後又開始上班。陳時奮指出，這邊矛盾的是，「蔣萬安公開自述花了將近3個月才找到新工作。蔣萬安的履歷只有2個月的空白，卻花了3個月找工作，難不成還沒找到工作就有班上？」「更神的是，蔣萬安宣稱的開始上班時間，比新公司的紀錄還早8個月。根據新公司的網頁記載，蔣萬安到任的時間是2010年的2月，不是2009年6月。蔣萬安的失業期長達10個月，卻在履歷裡被縮短為2個月。履歷空白2個月是正常轉業，表示在職場搶手，甚至是主動跳槽。反過來說，失業10個月表示缺乏職場競爭力，無法順利找到工作。把換工作的失業期從10個月縮短到2個月，可達到美化履歷的功效，代價是專業誠信，但蔣萬安不在乎。」第5個不實登錄則是創業時間錯置，經了解蔣萬安在矽谷任職的第2家公司規模頗小，員工只有個位數；短短1年後蔣萬安就離職創立自己的律所。陳時奮認為，「以蔣萬安當年的實力，根本不夠格自己創業。在蔣萬安的履歷，他的離職時間與創業時間相同，都是2011年2月，可謂完美的銜接。怪異的是，蔣萬安的律師事務所登記時間，卻是2010年10月。蔣萬安在2011年2月才離職，卻在2010年10月就創立了公司，也就是在職創業。兩者重疊4個月，讓蔣萬安有假公濟私的機會，例如將公司的客戶轉移到自己的事務所。在職創業有利益衝突的問題，不符職場的專業倫理，甚至違反僱傭合約。為了避免在職創業露餡，引發其他的法律爭議，蔣萬安在履歷上將創業時間延後了4個月。」貼文最後陳時奮表示，「蔣萬安的一紙履歷，道盡了多少欺騙。在這張簡短的履歷表，我就發現了5處不實的記載，幾乎每一則紀錄都有問題。這是公開在網路的履歷，若有造假很容易被踢爆，但蔣萬安毫不在意。若連公開的履歷都敢造假，那民眾看不到的地方，蔣萬安的欺騙豈不更嚴重。如此毫無誠信的政治人物，我們還要給他公權力，掌握市政，花用公帑嗎？套句我媽媽曾說過的一句話：『這種人連挑大便都不能信，怕他們會偷吃！』」    ,https://news.ltn.com.tw/news/politics/breakingnews/5587865
起風了！陳素月農業後援會成立大會 9成農會三巨頭都來了,政治,2026/09/27 20:59,總統賴清德出席彰化縣長參選人陳素月的農業後援會成立大會。（記者劉曉欣攝）彰化縣26鄉鎮市農會三巨頭與農業團體重要幹部，今天（27日）通通站出來力挺民進黨彰化縣長參選人陳素月，總統賴清德也到彰化縣鹿港鎮為陳素月農業後援會成立大會授旗。後援會總會長林坤宏表示，現任王惠美縣長是鹿港人，從鹿港出發，代表陳素月已做好接棒的準備！陳素月農業後援會成立大會今天在鹿港亞太渡假中心成立，全場共有來自26鄉鎮市的2000多位農民，後援會的總會長林坤宏是福興鄉農會總幹事、執行總幹事陳瑩昇則是北斗鎮農會總幹事，除了賴清德親臨授旗並致詞以外，農業部長陳駿季、立法委員黃秀芳與陳秀寳也到場全力相挺。請繼續往下閱讀...陳素月表示，她當選後的農民職災保險自付額由縣府全額補助，讓農民人人都有職災險；並籌設彰化農產行銷公司，把「彰化優鮮」品牌打到國際舞台。未來她將設立中台灣智慧農科園區、建置農產智慧冷鏈物流中心、公糧運費補助提高至每公斤1元、以及落實智慧畜牧與農牧循環經濟。她也針對農會提出三大承諾，分別為「供銷挺設備」由縣府爭取中央專案補助老舊穀倉與乾燥機；「信用挺放款」也就是加碼專案農貸利息補貼並強化信保合作；最後一點是「推廣挺基層」，透過編列穩定推廣配合款，簡化行政核銷流程，免除基層代墊款項的困擾。賴清德強調，陳素月是農村的女兒，父母生下7女1男，她在家排行老6，下面還有弟弟、妹妹，來自農村最知道農民的辛苦，讓農民職災自付額全部由縣府來出錢，讓中央地方連成一線，中央政府與農業部，將是陳素月最堅定的靠山。總統賴清德出席彰化縣長參選人陳素月的農業後援會成立大會。（記者劉曉欣攝）總統賴清德出席彰化縣長參選人陳素月的農業後援會成立大會，全縣農會三巨頭幾乎都到了。（記者劉曉欣攝）總統賴清德強調陳素月來自農村最知道農村需要的是什麼。（記者劉曉欣攝）陳素月農業後援會成立大會共有2000多人參加。（記者劉曉欣攝）陳素月在農業後援會成立大會也宣布農業政見。（記者劉曉欣攝）    ,https://news.ltn.com.tw/news/politics/breakingnews/5587931
走讀台中竟沒看到阿薩斯！「洋流」人太多  沈伯洋800公尺走1小時,政治,2026/09/27 20:56,沈伯洋從審計新村走到市民廣場，人潮洶湧，爭相擊掌。（記者蔡淑媛攝）「阿薩斯」竟然沒看到！民進黨台北市長參選人沈伯洋今天將「洋流」帶進台中，與台中市長參選人何欣純從審計新村展開城市走讀，原本不到800公尺、預計15分鐘走完的路程，卻因沿途人潮湧入、支持者爭相擊掌，兩人足足走了1個多小時，人流更超過3萬人，原本安排在草悟道停留、由何欣純介紹的魔獸爭霸「阿薩斯」雕像，也因現場人潮太過洶湧、行程逾時，只能忍痛略過。沈伯洋與何欣純的城市走讀，途中原本安排經過草悟道的阿薩斯雕像，由何欣純向沈伯洋介紹這座台中知名裝置藝術，不過2人一路被民眾包圍，爭相擊掌，加上行程已經延誤，最後無法停下腳步，只能直接往市民廣場前進，留下沒看到阿薩斯的遺憾；而雕像前的民眾原本排滿期沈伯洋停留看到阿薩斯，也相當遺憾，等待時還自發性自拍喊我們不是工讀生，是自己花錢坐車來的。請繼續往下閱讀...位於草悟道的雕像是「魔獸爭霸（Warcraft） 」系列的主角之一，以巫妖王阿薩斯．米奈希爾為主題打造，也在「暴雪英霸」中登場，對許多玩家而言是相當具代表性的角色。這座高大的青銅雕像自2016年落腳草悟道後，也成為遊戲迷及遊客拍照打卡的地標，這是美商暴雪娛樂公司在亞洲唯一的青銅雕像，由好萊塢知名台裔藝術家Steve Wang所帶領的30人團隊，耗時逾9個月完成。兩人最後抵達市民廣場，現場準備羅氏秋水茶、雞蛋糕、麻芛等台中小吃，沈伯洋大啖在地美食，還把東泉辣椒醬加進雞蛋糕，直呼「很特別」。面對這次行程因人潮而被迫放慢，沈伯洋笑說，這次時間比較短，還有很多台中美食沒吃到、景點沒看到，「留著下次再來」。沈伯洋今天上午短短4個多小時連跑3場，首站先到北區元保宮參加戰鬥陀螺活動，接著與何欣純進行城市走讀，最後再赴何欣純競選總部參加百工百業後援會成立，行程一路從北區、西區跑到南屯區，中午再趕赴高鐵台中站北上。位於草悟道的阿薩斯雕像是「魔獸爭霸」系列的主角之一，因現場人潮太過洶湧、行程逾時，只能忍痛略過。（記者蔡淑媛攝）沈伯洋從審計新村走到市民廣場15分鐘路程走了1個多小時。（記者蔡淑媛攝）沈伯洋帶來洋流，從審計新村走到市民廣場，人群擠滿馬路街道。（記者蔡淑媛攝）人人舉手牌，小朋友坐家長肩上目睹風采。（記者蔡淑媛攝）    ,https://news.ltn.com.tw/news/politics/breakingnews/5587870
蔣萬安立院簡歷疑造假偷改！殷瑋怪前院長 游錫堃貼證據狠打臉,政治,2026/09/27 20:28,前立法院長游錫堃。（資料照）尋求連任的台北市長蔣萬安過去擔任立委時在立法院留存的英文簡歷，原先「美化過」的學歷最近被發現偷偷「校正回歸」，沒想到被視為蔣萬安政治心腹的北市研考會主委殷瑋扯到前立法院長游錫堃，稱是游錫堃在任時委託廠商英文翻譯有誤，讓外界大傻眼。對此，游錫堃今（27日）晚親自發聲回應，貼出蔣萬安昔日競選公報的學歷自介，狠狠打臉「影武者」殷瑋！蔣萬安學經歷近期備受質疑，近日被抓包在立院網站上的簡歷突然修改，學歷標註的「S.J.D.（法學博士）」已被改成「Juris Doctor（J.D.）」。事情敗露後，北市府澄清，蔣萬安擔任立委期間，提供中文學歷資料始終都是正確的「賓夕法尼亞大學法學院法律博士」，是立法院委託廠商英文翻譯有誤。請繼續往下閱讀...殷瑋昨天（26日）上政論節目也稱，蔣萬安一開始就說自己是JD，是這個意義上的博士，從來沒有說要偷天換日，要故意加一個S上去。一旁的媒體人黃揚明聞言就問：「所以是游錫堃搞的？」殷瑋回答：「講白了就是這樣！」國民黨台北市議員李明賢也搭腔，暗示都是民進黨自導自演這齣戲來攻擊蔣萬安。對此，游錫堃今晚在臉書貼出蔣萬安上回選台北市長的競選公報，可以看到就算不是英文，蔣萬安在學歷欄位也以中文清清楚楚地寫下「美國賓夕法尼亞大學法學院法律博士」。游錫堃無奈表示，「哈哈……躺著也中槍！萬安兄，拜託你了！你可以問A答B，也可以問T答K，更可以問台北市政答中央政府，但請不要人家問『學歷』，你們答問『游錫堃』……。雖然我們同事一場，但是立法委員的學歷，立法院長真的管不到，真的沒有核定權，完全依照你們自己怎麼寫，立法院就怎麼登。至於你們當年是怎麼寫的？麻煩你們重新翻一下選舉公報就知道了！拜託！我已經躺著了！不要再對我開槍了吧！」    ,https://news.ltn.com.tw/news/politics/breakingnews/5587913
讚蔡易餘台大法律系有專業 賴清德：最近學歷不正確的人不少,政治,2026/09/27 20:18,賴清德總統（右2）讚嘉義縣長參選人蔡易餘（右1）學歷，意有所指稱最近學歷不正確的人不少。（記者王善嬿攝）總統賴清德今為民進黨嘉義縣長參選人蔡易餘輔選，提到蔡易餘學歷是台大法律系畢業，突然說最近「學歷不太正確的人不少」，由於台北市長蔣萬安近日遭爆立法院學歷「SJD」改成「JD」受到關注，令台下民眾聯想總統所說意有所指，引發共鳴，許多民眾聽了哈哈大笑。賴清德今稱讚蔡易餘不只是「靈活的胖子」，接著問台下民眾「知不知道蔡易餘是台大法律系畢業？」見民眾沒什麼反應，又問「是台大法律系畢業沒錯吧？」民眾回答「對」，賴清德才說，以為自己記錯了，「最近學歷不正確的人不少」。請繼續往下閱讀...賴清德表示，蔡易餘台大法律系畢業、有律師專業，在立法院專業問政，還曾擔任洪仲丘案委任律師，有專業、有正義感、有愛心；有才能的人令人敬佩，有才能又有愛心，令人加倍敬佩、感動。    ,https://news.ltn.com.tw/news/politics/breakingnews/5587915
自由觀點》工兵訓練真的炸掉橋 練兵就是要這樣練！,政治,2026/09/27 20:00,    ,https://news.ltn.com.tw/news/politics/breakingnews/5586286
中市大眾運輸不進反退 綠議員批公車脫班減班逼使民眾改搭私人運具,政治,2026/09/27 19:52,民進黨中市議員批市府台中市私人機動運具的比率不減反增。（記者蘇金鳳攝）台中盧市府團隊不到3個月就要卸任，民進黨中市議員施志昌表示，盧秀燕8年執政號稱推動綠色交通與淨零轉型，但根據市府主計處與交通部最新調查數據，台中市民使用私人機動運具的比率竟不減反增，從2014年79.6%，到了2024年竟攀升至81.6%， 綠運輸與大眾運輸市占率反而大幅衰退，公車脫班減班問題未解，才迫使市民自力救濟選擇汽機車代步。交通局表示，為穩定公車駕駛人力，已持續請客運業者增補人力， 持續透過公車發車自動稽核檢視各班次發車狀況，針對發車異常情形依規處分並納入評鑑。請繼續往下閱讀...議員施志昌表示，根據市府主計處最新公布的性別統計通報及交通部民眾日常使用運具狀況調查，2014年台中市私人機動運具市占率為79.6%，到了2024年竟攀升至81.6%。施志昌表示，其中女性駕駛私人機動運具的比率，更從78.1%成長到80.9%。反觀公共運輸市占率，男性從10.6%降至8.8%，女性更從13.1%暴跌至9.2%。施志昌痛批，這顯示8年來市府公共運輸吸引力嚴重流失，尤其公車脫班減班問題未解，加上海線與偏鄉交通資源嚴重被邊緣化，迫使市民只能自力救濟選擇汽機車代步。施志昌強調，盧秀燕即將卸任，市府不能只靠宣傳或補助私人低碳車輛來掩飾綠運輸衰退的事實。他要求市府徹底改善公車脫班與駕駛不足問題，並加速海線大眾運輸平權布建，提供健全的交通基礎設施。交通局長葉昭甫表示，近年來疫情影響，導致全國都面臨公車駕駛荒，市府已針對200多條公車路線進行路網調整，並在8年間增加了26條小黃公車路線，更在梨山與大安溪沿線布建幸福巴士服務偏鄉，持續努力改善大眾運輸環境。    ,https://news.ltn.com.tw/news/politics/breakingnews/5587823
黃偉哲生日快閃新加坡招商 詭異穿搭引熱議,政治,2026/09/27 19:38,台南市長黃偉哲62歲生日快閃新加坡，穿搭引起熱議。（台南市政府提供）台南市長黃偉哲即將卸任，適逢62歲生日仍利用連假率市府團隊搭廉航、紅眼班機快閃新加坡。但黃偉哲出發時竟穿戴起「高腰寬版腰帶」這種詭異風格，定睛一看原來是護腰，這位同仁口中「很不市長」的他很愛扛重物，出發前不慎閃到腰！黃偉哲此行除推廣台南文旦及優質農特產品，也把握時間舉辦「台南－新加坡觀光及招商交流會」，向當地旅遊業者、相關產業及工商團體代表介紹台南觀光特色，以及經濟、產業發展現況，積極開拓海外觀光與產業合作商機。但出發前黃偉哲因搬運重物不慎閃到腰，也才出現穿起「高腰寬版腰帶」這麼詭異的風格，恰好適逢黃偉哲62歲生日，他仍忍腰傷搭廉航、紅眼班機拚農產、國際觀光與招商。請繼續往下閱讀...黃偉哲25日晚上趕往桃園搭廉航紅眼班機，26日清早到新加坡，旋風24小時推廣麻豆文旦、紅柚的上架展銷，還前往幾個地方拜會，與當地觀光業、工商團體代表推展台南觀光及經濟產業。27日上午將近7點抵達國門，不到10點半已看到脆（Threads）好幾則捕獲野生黃偉哲的畫面。市府表示，城市行銷需要長期累積，即使市長任期即將屆滿，市政推動仍持續向前。市府團隊將把握每一次國際交流機會，持續整合農業、觀光及產業資源，讓台南的農產品走向海外、觀光吸引國際旅客，也讓更多國際企業看見台南，為城市累積下一階段發展的動能。台南市長黃偉哲62歲生日快閃新加坡，忍腰傷推廣台南農產觀光。（台南市政府提供）    ,https://news.ltn.com.tw/news/politics/breakingnews/5587871
送甘蔗藏玄機？ 沈伯洋、蔣萬安大不同 中庄仔福德宮董事長回應了,政治,2026/09/27 19:30,民進黨籍台北市長參選人沈伯洋從董事長林春裕手中獲贈甘蔗。（資料照）民進黨籍台北市長參選人沈伯洋、台北市長蔣萬安昨天晚間先後抵達中山區中庄仔福德宮參拜，兩人皆從董事長林春裕手中獲贈甘蔗，然蔣的那一支被發現蔗節較密，網友調侃「節節敗退」、「萬節（劫）不復」，還有人解讀林是在告訴蔣「做人要有點分寸」。對此，林春裕受訪妙回，應是土地公冥冥之中的安排，讓沈拿到象徵「倒吃甘蔗、苦盡甘來」的那一支。林春裕表示，致贈的一對甘蔗前一天拜過天公，當時站在台上，也不曉得誰要遞哪一支，或說蔗節孰密孰疏，都沒有，應是土地公冥冥之中的安排，沈伯洋的那一支象徵「倒吃甘蔗、苦盡甘來」；蔣萬安的則是祝福現任市長「步步高升選總統」。請繼續往下閱讀...林春裕強調，總歸一句話，就是宮廟保持中立；個人情感上支持沈伯洋，感情上支持蔣萬安，因為蔣擔任立委時期的服務處就在中庄仔福德宮後面，可能交情比較深刻。不過，他語帶玄機幽默地說，自己同時身兼王世堅後援會的總會長；話僅止於此，引人無限想像。蔣萬安昨獲贈一根「超多節」的甘蔗，引發網友熱議。（資料照）    ,https://news.ltn.com.tw/news/politics/breakingnews/5587835
柯文哲雲林輔選張嘉郡喊「沒問題」 劉建國競總酸「是穩了誰」 ,政治,2026/09/27 19:26,柯文哲（右2）與張嘉郡（左1）合體，更稱「她沒問題」，看似藍白竹北分裂問題沒外溢。（記者李文德攝）民眾黨創黨主席柯文哲今（27日）受邀到雲林掃街拜票，更與國民黨雲林縣長參選人張嘉郡合體，更稱「她沒問題」，看似藍白竹北分裂問題沒外溢。民進黨雲縣長參選人劉建國競選總部批評，雲林藍白合並不意外，但「藍白合穩了，是穩了誰？是穩了台灣？還是穩了藍白在國會亂刪預算、杯葛法案？」競總表示，今天劉建國行程滿檔，一早參加2026年度西螺大橋觀光文化節全民健康樂活健行，隨後與莿桐鄉長廖秋蓉走訪早市，沿途受到鄉親熱情鼓勵，接著又前往林內烏麻社區與雲林的鄉親一同推廣雲林在地優質農產品。請繼續往下閱讀...競總表示，針對柯文哲與張嘉郡合體輔選，藍白在雲林合作並不令人意外，畢竟早在2024年雲林海線立委選舉藍白就合了，後續藍白繼續在國會合作，但人民真的有因為他們合作而受益。更有媒體指「藍白合穩了」，不僅想問「是穩了台灣還是穩了藍白在國會亂刪預算？杯葛重要法案？」競總指出，以這次中秋為例，藍白就聯手刪除原本用於照顧弱勢，要向庇護工場採購的中秋禮盒預算，因此他們的「合」真有讓人民、讓雲林更好嗎？雲林政治從來不是誰宣布整合就能決定選舉結果，人民眼睛是雪亮的，一定能在最後關鍵，選出對雲林最好的選擇。劉建國競選總部批評，雲林藍白合不意外，但「藍白合穩了，是穩了台灣？還是穩了藍白在國會亂刪預算、杯葛法案？」。（記者李文德攝）    ,https://news.ltn.com.tw/news/politics/breakingnews/5587827
南下輔選蔡易餘 賴清德：政府普發1萬 嘉義還會加碼,政治,2026/09/27 19:19,賴清德總統（右四）到嘉義縣為蔡易餘輔選。（記者王善嬿攝）總統賴清德今下午出席民進黨嘉義縣長參選人蔡易餘、朴子市長參選人王如經聯合競選總部成立大會，他致詞提到政府規劃每人普發現金1萬元「AI紅利，全民共享」、0到18歲每月領5000元等政策，不過蔡易餘並不滿意，「還會加碼」，未來嘉義縣鄉親領的錢，比他向鄉親報告的會更多。蔡易餘、王如經聯合競選總部今天下午在朴子市鎮安宮前舉行成立大會，包括擔任名譽主委的賴清德、兼任主委的嘉義縣長翁章梁，以及立委陳冠廷、莊瑞雄、「嘉義活力團隊」鄉鎮市長及縣議員參選人等均站台力挺，眾人齊喊「蔡易餘凍蒜」、「王如經凍蒜」。請繼續往下閱讀...賴清德表示，鄉親知道政府規劃推動包含老農津貼提高到1萬元、每人普發1萬元，以及0到18歲每月領5000元等政策，這是百工百業一起拚經濟的成果；台灣人民是一流國家的主人，身為總統將成績發放給大家，「是否歡喜？」他知道蔡易餘並不滿意，還會加碼。賴清德說，請鄉親11月28日一定要出來投票，現在起幫蔡易餘、王如經拉票，讓2人高票當選，雙人合作、一起打拚創造「雙贏」；讓縣議員全壘打，嘉義縣議會席次過半，不要讓蔡易餘像他一樣「真艱苦」。    ,https://news.ltn.com.tw/news/politics/breakingnews/5587880
讚「靈活胖子」有正義感有愛心 賴清德：讓蔡易餘帶嘉義繼續向前,政治,2026/09/27 18:59,賴清德總統（中西裝者）今為蔡易餘（右3）輔選，請託鄉親支持蔡易餘帶嘉義向前。（記者王善嬿攝）民進黨嘉義縣長參選人蔡易餘與朴子市長參選人王如經聯合競選總部今下午成立，擔任競總名譽主委的賴清德總統到場站台，稱讚蔡易餘是專業、有正義感又有愛心的「靈活的胖子」，動作靈活如香港武打明星洪金寶，頭腦也很靈活，至於「胖子」是因親民、沒架子，與人民站在一起。賴清德表示，嘉義縣縣政推動成功，帶動嘉義縣進步、提升人民的福祉，是台灣地方上難得的典範，這些成績不能停頓，不能走回頭路，請託鄉親支持蔡易餘高票當選，帶領嘉義縣繼續向前，讓王如經進入朴子市公所。請繼續往下閱讀...他擔任台南市長、行政院長至今，一路見證前縣長陳明文開闢大埔美精密機械園區、前縣長張花冠開闢馬稠後產業園區一期及二期，精密機械、智慧製造、智慧健康照護產業，伺服器產業進來嘉義，到現任縣長翁章梁推動科技業，2023年嘉義科學園區引進台積電先進封裝測試廠，陸續開闢南靖園區、中埔公館園區、無人機產業園區，過去農業支持工商業發展，工商業發展又支持科技產業，現在科技產業又回頭帶動農漁業，已看得到青年農民、漁民返鄉發展，加上阿里山林業鐵路全線通車促成觀光產業發展等成果。賴清德說，前總統蔡英文曾稱蔡易餘是「靈活的胖子」，胖子是因蔡易餘親民，即使吃飽還是照常把東西吃下去，代表與人民在一起，靈活部分除了動作像香港武打明星洪金寶，腦筋也很靈活，太陽花學運時，是蔡易餘提議利用會櫃擋住出入口，阻止統一促進黨創黨人「白狼」張安樂衝進立法院，曾任洪仲丘案辯護律師。賴清德細數蔡易餘在立法院的豐富歷練，稱讚蔡易餘參選嘉義縣長「準備好了」，過去在立院爭取地方建設超過100億元，有專業、愛心、靈活、膽識，將嘉義人當「自己人」，當選縣長絕對是第一名縣長，提出「八方第一」施政藍圖，人民關心的如教育、文化、觀光、醫療、交通、治安等面向，尤其發展無人機產業，可保護國家安全、創造就業機會，有蔡易餘帶領會更上層樓。    ,https://news.ltn.com.tw/news/politics/breakingnews/5587836
蔣萬安被踢爆學歷「SJD改JD」 教育部規定點出教職認定差異,政治,2026/09/27 18:58,"台北市長蔣萬安近日被踢爆立院簡歷SJD學位改成JD學位。（資料照）台北市長蔣萬安學歷一直受到關注，近日遭爆登載於立法院網站的學歷從「SJD」改成「JD」，引發討論。對於若是送審為教師的標準如何認定，教育部規定指出，J.D.學位之採認，以個案方式審查，因此要視個案情況，並依據相關規定進行判斷。從立法院網站查看蔣萬安任立委的簡歷，可發現在第九屆的資料記載為「JD, University of Pennsylvania School of Law」、第十屆為「Juris Doctor （J.D.）, University of Pennsylvania Law School」，但網友卻踢爆，蔣萬安的簡歷在9月24日時仍顯示為「SJD」，9月25日「SJD」消失、變成了「JD」，質疑網頁「花生省魔術」？是誰下令去改的？又是何時去改的？請繼續往下閱讀...事實上網路上不乏關於SJD與JD的各種討論，有一說若以在台灣必須經過教育部審核並升等的大學教職來說，持有PhD或SJD者，畢業審核通過可直接獲聘為大學助理教授起跳，若是持有美國JD者，依教育部學歷對等認定標準，通常僅被比照相當於碩士層級，至多聘為講師，部分學校視其在美實務經驗或論文折抵給予特殊職級，但難以等同完整PhD審定。而根據教育部2021年修正之「境外學位或文憑認定原則」，關於法律博士（Juris Doctor, J.D.）學位的部分，共有4種樣態。其一為，在國內外大學法律學系畢業，獲有法學學士學位或曾修讀法律輔系並於畢業證書載明輔系名稱，繼續在法學研究所進修獲有法學碩士學位，再繼續在美國律師公會認可之法學院進修獲得J.D.學位，且有專門著作者，報部審查時得採認為具有助理教授資格。其二為，在國內外大學法律學系畢業持有法學學士學位，再繼續在美國律師公會認可之法學院進修獲得J.D.學位者，報部審查時，得以專門著作送審助理教授資格。其三為，國內、外大學畢業取得美國法學碩士學位、及美國律師公會認可之法學院授予之J.D.學位者，得以專門著作送審助理教授資格 。其四為，國內、外大學畢業取得美國J.D.學位者，得等同碩士學位送審講師資格。    ",https://news.ltn.com.tw/news/politics/breakingnews/5587828
自由說新聞》沈伯洋高人氣席捲全台！蔣萬安遭「甘蔗洗臉」她酸：因為裝熟,政治,2026/09/27 18:43,全新的視界！新聞話題不漏接，快訂閱YouTube 【自由追新聞】，記得開啟小鈴鐺哦！    ,https://news.ltn.com.tw/news/politics/breakingnews/5587859
苗栗縣17人選舉資格不符 頭份1里須二次登記、獅潭鄉代要補選,政治,2026/09/27 18:40,苗栗縣選委會完成鄉鎮市長、鄉鎮市民代表及村里長登記參選資格審查，全縣計有17人被認定資格不符。（資料照）年底地方公職人員選舉，苗栗縣選委會完成鄉鎮市長、鄉鎮市民代表及村里長登記參選資格審查，全縣計有17人被認定資格不符，其中頭份市有一里變成無人登記，將辦理第二次登記，另獅潭鄉民代表第三選區變成不足額人數達到2分之1，必須辦理補選。鄉鎮市長、代表及村里長選舉權責在地方選委會，苗栗縣選委會就登記參選資格進行審查，並於近日召開委員會後，認定全縣1名鄉鎮市長登記參選人、6名鄉鎮市民代表登記參選人及10名村里長登記參選人資格不符。請繼續往下閱讀...苗栗縣選委會表示，因個資法限制，選舉資格不符者及審查結果不會對外公告。不過，頭份市有一里僅1人登記參選，但登記者資格不符，變成無人登記，鄉鎮市選務中心將在9月29日公告第二次登記，9月29日至10月4日領表，10月3、4日登記。此外，獅潭鄉民代表第三選區應選2人，其中1名登記者資格不符，剩下1人，不足額人數達到2分之1，依選罷法將待此次選舉結束後，必須辦理補選；不過，苑裡鎮民代表第3選區應選3人，原有3人登記，但其中1人資格不符，因不足額未達2分之1，將不辦補選。公職人員選舉罷免法多次修法，參選資格和條件更嚴格，包括曾犯組織犯罪、槍砲、貪污、毒品及違反選罷法等罪經有罪判決確定等。    ,https://news.ltn.com.tw/news/politics/breakingnews/5587820
網友曬兒時合照 小英親「認證」：抱過你之後就當選總統了！,政治,2026/09/27 18:34,蔡英文超暖留言發出後才2小時就吸引逾10萬人按讚。（圖翻攝自Threads）近日一位網友在社群分享自己兒時和前總統蔡英文的合照，意外釣出小英本人的超暖回覆，短短2小時就吸引超過10萬人按讚！「超暖回覆」吸引十萬人讚爆昨天（26日）一位網友在Threads上分享自己2015年和蔡英文的合照，當時還是可愛小朋友的他，坐在蔡英文大腿上被抱著，畫面相當溫馨。貼文曝光後吸引數萬人按讚，底下也有不少人分享當年和小英的合照，也有許多人歪樓，因為照片中的蔡英文和現在相差無幾，「11年……她這樣算不算凍齡美女」、「小英都沒變耶」、「好福氣，小英怎麼都沒什麼變」、「小英為什麼都沒變，其他人卸任後都變超老」。請繼續往下閱讀...而該貼文也釣出小英本人回覆：「抱過你一年後，我就當選總統了，謝謝你帶給我的祝福與好運。」超溫暖的留言在短短2小時內狂吸逾10萬人讚爆，「留言亞洲長輩學說話藝術」、「這麼會說話是真的嗎」、「請出版蔡英文說話之道」、「沒有要再出來選就不要再撩了！這樣我們情何以堪！」、「這總統也太會講話了！」、「我們怎能不愛你呢」、「我將嚴肅學習總統的說話藝術」、「每一次講話都令我更著迷」。    ,https://news.ltn.com.tw/news/politics/breakingnews/5587763
他接民調電話回超討厭黃國昌！白營跨時空質疑假的 被笑翻後惱羞,政治,2026/09/27 18:03,民眾黨青年部官方Threads帳號回覆網友去年的貼文被酸爆。（圖翻攝自Threads）年底九合一大選腳步越來越近，民調成為大家的關注焦點。近日民眾黨官方在社群「海巡」時，看到一篇自稱接到民調電話提到白營主席黃國昌，隨即留言質疑真實性，因為現在各界都關心縣市首長和議員選舉，民調不太可能詢問今年不會出現在選票上的黃國昌支持度或好感度。不過才剛留完言秒翻車，原來民眾黨回的貼文是去年發的，遭大批網友狠狠嘲諷。近日民眾黨青年部官方Threads帳號在「河道」海巡，看到一位網友發文表示自己難得接到民調電話，對方劈頭就問有沒有聽過黃國昌這號人物，他想都沒想直回「有，非常討厭」，貼文至今吸引數萬人按讚、上千人留言。而白營青年部看到這篇貼文後，在底下留言質疑：「現在都要選縣市長跟議員了，真的會有這種民調嗎？」請繼續往下閱讀...不過仔細一看，這篇貼文是在去年12月中旬發的，看到民眾黨跨時空留言，大批網友調侃「貴黨是遇到數字就不太在行是嗎」、「蠢就不要回文了，會被人家笑」、「你仔細看一下日期，民眾黨是不是普遍眼睛有問題？」、「不要忘了超速蔥參選到底變成超速退選」、「貴黨真的蠢到哭，發文時間會看嗎？」、「沒想到民眾黨文盲到這種程度了」、「小編真的是白癡，看到黃國昌就高潮了嗎？」、「你那邊還能再體驗一次柯文哲被判刑」。不過民眾黨青年部不承認看錯時間，還反酸：「只是好奇就此時此刻，還會不會有此類關於『知名度』的調查，就吸引這麼多好朋友的『建議』，真是受寵若驚。想起某位參選人（指民進黨台北市長參選人沈伯洋）說到，他要尋求的是『民意』，而他的對手要尋求的是『敵意』，但看到疑似這位參選人的支持者們，滿滿的留言都是『出征』、『辱罵』、『醜化』以及『人身攻擊』，把社群平台的言論環境變成滿滿的『敵意』環境。」「真希望這則留言串能被更多中間選民、反對仇恨言論與出征文化的台灣人民看見，選擇怎麼樣的政治人物，就會助長怎麼樣的文化，也成就了我們的生活環境與社會風氣。我們不會因為出征跟極端言論就退縮，因為台灣的言論自由已經退無可退了。」結果這串回文反而讓網友更加傻眼，「發文日期就不是此時此刻，承認錯誤就好下車了」、「你刪文都比硬凹不尷尬」、「我們就只是在看你笑話而已，沒人出征你啦，這個已經沒用了」、「好好打出：抱歉，小編沒看到發文時間，直接認錯是不是民眾黨做不到的事？」、「目幹了還可以繼續狡辯，不愧是白黨」、「最受不了民眾堂憨到說智障話被罵就在那邊哭說沒有言論自由」、「犯蠢時認錯就可以了，硬拗只會招來更多嘲笑」。    ,https://news.ltn.com.tw/news/politics/breakingnews/5587718
宜蘭縣長選戰升溫 林國漳喊話用正面力量爭取認同,政治,2026/09/27 17:59,宜蘭縣長選戰升溫，林國漳（中）喊話用正面力量爭取認同。（圖由讀者提供）國民黨宜蘭縣長參選人吳宗憲今天（27日）舉辦競選總部成立大會，黨主席鄭麗文等人猛批民進黨新潮流。民進黨宜蘭縣長參選人林國漳回應，民進黨過往執政表現，各界有目共睹，不需要使用悲情或仇恨式攻防手段。林國漳今天下午在羅東、冬山、礁溪連辦「宜蘭好主漳」縣政說明會，他在受訪時說，他決定參選後，不會去想藍白是否合作，採一步一腳印方式，憑藉自身實力與政見，贏得多數宜蘭縣民認同。請繼續往下閱讀...外界評估藍白竹北分裂，恐影響其他縣市選情？林國漳說，不管是國民黨、民眾黨，或無黨籍中立選民，只要認同地方發展的選票，他都會全力爭取。林國漳也在「宜蘭好主漳」縣政說明會上向支持者喊話，縣長職務不是個人權位，而是一份重大責任，他若能當選，一定會全力以赴照顧全體縣民，用正面力量邁向勝利。    ,https://news.ltn.com.tw/news/politics/breakingnews/5587813
沈伯洋拒打「狸貓換太子」 吳思瑤：堅持正向選舉「比贊成更贊成」！,政治,2026/09/27 17:50,沈伯洋競選總幹事吳思瑤。（資料照）針對「狸貓換太子」一戲引起討論，民進黨籍台北市長參選人沈伯洋今天明確指出，「我不贊成就是不贊成」，人家的過去、家人、身世，都不該是選戰的主軸。對此，沈伯洋競選總幹事吳思瑤說，台北需要一場高格調的選戰、值得一位高品質的市長，沈伯洋堅持正向選舉，「我比贊成更贊成！」吳思瑤表示，這場選戰團隊始終堅持聚焦在對候選人能力的檢驗，這樣的堅持，從起跑到現在、從第一天到最後一天，都沒有改變也不會改變。台北需要一場高格調的選戰，且值得一位高品質的市長，沈伯洋堅持正向選舉，「我比贊成更贊成！」請繼續往下閱讀...沈伯洋下午回應，選舉一開始就已說過，針對人家的過去、家人、身世，都不該是選戰的主軸，「我覺得這個都不重要，我們只關心蔣的市政做得如何及其能力」。如果說有意要去討論這些事情的話，「我個人是非常的、完全的不贊成」，有沒有售票或劇本有沒有寫好，跟他贊成與否，完全沒有關係，「我不贊成就是不贊成。」    ,https://news.ltn.com.tw/news/politics/breakingnews/5587773
「洋流」席捲全台 黃捷：越來越多人發現PUMA的好,政治,2026/09/27 17:32,黃捷（前左2）認為，「洋流」的興起是一個從下而上的力量。（記者葛祐豪攝）「洋流」席捲全台，與沈伯洋一起主持《加開臨時會》國會主題直播節目的立委黃捷，今（27）日下午於高雄受訪指出，沈伯洋從來沒有變過，「洋流」的興起是一個從下而上的力量，因為有越來越多人發現PUMA（沈的英文名字）的好。兼任民進黨高雄市黨部主委的黃捷表示，沈伯洋一直都是她在立法院的好戰友，與賴瑞隆在立法院的「五一戰隊」並肩作戰。「這3年來其實我們都看著PUMA為了民主在第一線努力的身影，他一直以來都沒有變！」請繼續往下閱讀...黃捷說，這一屆的新生一起到立法院後，就開了一個直播的節目叫做《加開臨時會》，希望用直播的方式，每一週都可以讓更多台灣的朋友，知道立法院正在發生的事情，讓大家知道，其實立法院發生的事情跟你的生活有關、跟大家平常會關心的各式各樣議題都有關係。黃捷指出，她跟沈伯洋還有吳沛憶委員，就是透過《加開臨時會》節目，每週都跟大家分享立法院的進度。「沈伯洋是一個我從認識他到現在，覺得他從來沒有變過，總是願意用他的行動，來參與第一線的民主行動」，因為他從小到大都是非常在地的台北人，從復興國小開始到建中、台大，然後到美國念書，他對台北的市政非常了解，也對台北一直都非常關心。對於這一波「洋流」的興起，黃捷認為這是一個從下而上的力量，因為有越來越多人發現PUMA的好，「發現他的行動從來沒有改變，他關心這一塊土地的方式、熱情也一直都沒有改變」。黃捷也希望有更多人因為「洋流」可以認識沈伯洋，更希望「洋流」的興起，可以席捲全台灣，讓全台支持民主的力量都可以越來越擴大、越來越團結。    ,https://news.ltn.com.tw/news/politics/breakingnews/5587772
台灣頻遭亞運「政治打壓」！日本議員上畠寛弘向政府遞陳情書抗議,政治,2026/09/27 17:32,"2026名古屋亞運開幕至今，台灣隊陸續發生亞奧會拒絕運動部長李洋入場、主辦方禁止民眾帶青天白日滿地紅國旗進場等政治打壓。（記者陳志曲攝）2026名古屋亞運開幕至今爭議不斷，被各國代表隊砲轟是「史上最爛亞運」，台灣隊甚至頻繁出現被主辦單位拒絕運動部長入場、不給比賽訊號、禁止帶國旗進場等政治打壓，台灣方提出抗議還以「政治不要干涉體育」強辯推責，相關言行不僅引爆台日2國民間炎上，如今更傳出日本友台議員主動向中央政府提出抗議。據悉，台灣隊從9月19日至29日，發生中繼站布條遭人惡意塗鴉、亞奧會一度拒運動部長李洋參加各國代表團歡迎儀式、售票頁面國籍欄選項僅給「Chinese Taipei」、羽球男女團體賽8強無預警砍掉台灣隊國際公用轉播訊號，以及禁止觀眾拿印有「Taiwan」、日本「旭日旗」或台灣「青天白日滿地紅國旗」入場等不公平遭遇，引發各界譁然，日本民眾更砲轟愛知縣政府「媚中舔共」醜態丟人現臉。請繼續往下閱讀...積極推動台日交流、多次發表友台言論的日本神戶市議員上畠寬弘，26日透過Threads以正體中文發文表示，對日本而言，台灣是共享自由、民主與法治價值，無可取代且極為重要的存在，「正因如此，如果大會的運作讓台灣人民感到失望與難過，我對第20屆亞洲運動會2026愛知名古屋表達強烈抗議。我不希望一場讓台灣人民感到尊嚴受到傷害、遭受不公平待遇的大會，竟然是在日本舉辦。」上畠寬弘指出，本屆亞運明明是在日本舉辦，卻在對待台灣的問題上，出現「一味過度顧忌中國」的傾向，令他完全無法接受且無比憤怒。不僅如此，上畠寬弘還以「愛知縣名古屋市難道已經淪為中華人民共和國愛知省了嗎？」嚴厲批評亞運極度糟糕的運作，並承諾自己與台灣友人站在一起，「只要台灣的尊嚴受到輕視，我今後也會繼續明確地發聲。這次大會我一場都不會看，也不會去現場觀看。」今（27）日下午，上畠寬弘在Threads、X（原推特）同步發布最新聲明，強調自己不會只是口頭上聲援台灣，他已將在今日向日本政府中負責奧運及國際體育行政的文部科學省，其最高負責人關芳弘文部科學大臣，正式提交一份名為「要求2026年第20屆愛知・名古屋亞洲運動會尊重台灣及顧及台灣人民尊嚴」的陳情書。上畠寬弘強調，他能理解國際賽事必須遵守亞奧會（OCA）所制定的相關規則，然而在執行這些規則時，絕不能傷害台灣人民的尊嚴與認同，更不能讓台灣人民感受到，連他們對台灣的情感本身都遭到否定，「更何況，這次大會是在日本舉辦。我認為，絕不能讓從台灣來到日本的各位，因為大會的相關處置而感到失望與難過。」另外，根據上畠寬弘的貼文顯示，他向文部科學省提出了以下「5點」訴求︰一、確認本屆大會對台灣選手、相關人士及觀眾等所採取措施的事實經過，並檢視是否存在損害台灣人民尊嚴及認同的處置。二、要求大會組織委員會及OCA尊重台灣選手、相關人士及觀眾，並在大會運作上充分顧及其尊嚴與認同。三、確認OCA等所制定大會規則的宗旨及適用範圍，避免因超出必要範圍的擴大解釋，而將台灣人民正當的加油應援與表達一律加以限制，並要求相關方面採取適當措施。四、真誠面對台灣方面所提出的意見與疑慮，如確認確有問題，應要求大會組織委員會及OCA迅速改善，並採取防止再次發生的措施。五、對於在日本舉辦的國際體育賽事，要求日本政府採取必要行動，確保包括台灣在內的所有參與者，其人格與尊嚴都能獲得尊重。相關新聞請見：台灣人買亞運門票也被矮化！ 國籍欄只剩「Chinese Taipei」各國媒體傻眼！名古屋亞運強制大家看「中國央視畫面」原因曝亞運》惡劣！台灣隊中繼站「Taiwan」遭塗鴉 日本警方展開調查亞運前線》「Taiwan」毛巾爭議後 台日大戰明訂無法帶國旗進場又搞針對？亞運突砍台灣羽球賽訊號 愛爾達「神救援」全網跪拜亞運前線》李洋升旗儀式遭擋 亞奧會強調不知情並呼籲「政治不要干涉體育」     在 Threads 查看     在 Threads 查看今回、愛知県名古屋市で開催されている第20回アジア競技大会2026は日本にとって大切な友好国である台湾の方々を失望させる史上最悪の大会であるといっても過言ではありません。こんな大会であるならば開催する必要は無かったです。… pic.twitter.com/tjxv7XzhTF— うえはた のりひろ神戸市会議員＠東灘区選出 （上畠寛弘） （@NorihiroUehata） September 27, 2026 今回、愛知県名古屋市で開催されている第20回アジア競技大会2026は日本にとって大切な友好国である台湾の方々を失望させる史上最悪の大会であるといっても過言ではありません。こんな大会であるならば開催する必要は無かったです。… pic.twitter.com/tjxv7XzhTF日本神戶市議員上畠寛弘。（擷取自@NorihiroUehata 社群平台「X」）    ",https://news.ltn.com.tw/news/politics/breakingnews/5587702
沈伯洋在雞蛋糕加東泉辣椒醬 蔡其昌鄭重聲明「無法接受」,政治,2026/09/27 17:14,蔡其昌在Threads上發文表示，沒想到人在名古屋，也能感受到「洋流」的溫暖。（截取自蔡其昌的Threads）台北市長參選人沈伯洋今天南下台中元保宮玩戰鬥陀螺，並特別推薦蔡其昌的子弟兵「戰鬥！陀螺新連線」4名議員參選人。蔡其昌在Threads上發文表示，沒想到人在名古屋，也能感受到「洋流」的溫暖，不過，鄭重聲明，他沒法接受Puma在雞蛋糕加東泉辣椒醬；Puma則要蔡其昌一試，也許就愛上了。沈伯洋今天南下台中，除與台灣尚勇協會舉辦的陀螺比賽4名優勝者打戰鬥陀螺，並與蔡其昌推薦的「戰鬥！新陀螺連線」台中市議員參選人簡嘉佑（北區）、陳信秀（北屯區）、陳映辰（潭子、大雅、神岡）、詹智翔（東勢、石岡、新社、和平）4人合體，拜託大家讓4人高票當選，還提到他受到蔡其昌非常多照顧，參選台北市長，第一個就問蔡其昌「我的未來該怎麼辦」？請繼續往下閱讀...隨後並與民進黨台中市長參選人何欣純，一起在市民廣場大啖雞蛋糕談政策理念，還以東泉辣椒醬沾雞蛋糕，對此創新吃法說「很好吃」。帶隊前往日本參加亞運的蔡其昌看到媒體報導，隨即在Threads上發文表示，沒想到人在名古屋，也能感受到「洋流」的溫暖，感謝Puma特別為新生代議員加油打氣，還提到2人之間的小故事，看到不同城市之間有更多的交流與連結，真的很感動，也期待未來台中、台北有過多城市交流。不過，蔡其昌最後則鄭重聲明指出，「我無法接受Puma在雞蛋糕上面加東泉辣椒醬」；結果Puma隨即回應「總召，搞不好你一試；就會愛上喔」。網友見狀也參戰表示「這一味台中人抗議，台北人躍躍欲試」，還有網友要「Puma有空請好好休息，不要再滑手機了」。相關新聞雞蛋糕+東泉辣椒醬？蔡其昌：除非沈伯洋、何欣純都當選市長沈伯洋太亂來！東泉辣椒醬淋雞蛋糕 台中人忍半天終於喊「哎額」台中遇5歲熱情小粉絲 沈伯洋回憶10歲衝上台追陳水扁    ,https://news.ltn.com.tw/news/politics/breakingnews/5587758
教師節前開嗆沈伯洋 蔣萬安批大罷免式造謠：傷害學生、家長與教師,政治,2026/09/27 16:54,台北市長蔣萬安。（記者蔡愷恆攝）近日台北市免費營養午餐品質堪憂，學生教師疑似食物中毒。民進黨台北市長參選人沈伯洋受訪提到，他沒有在台北市找敵人，在台北市找敵人的是蔣萬安，也提到，蔣市府稱「認知作戰」跟當時南鼠北送一樣。台北市長蔣萬安則回，只要經歷過大罷免的台北市民，都很清楚沈伯洋的風格。今天造謠、不道歉，然後把責任推給孩子，就像煽動仇恨搞大罷免，然後都說這是公民團體發起。蔣萬安批評，其實過去大罷免慣用的手法就是丟出一個又一個的謠言，而且是廉價的謠言，然後讓被造謠的一方疲於奔命，要用五倍十倍的力氣去澄清謠言。那當謠言被戳破以後，他們就很快出來說，「哦，我們只是提出問題，我們只是在討論」，然後迅速地丟出另一個謠言。請繼續往下閱讀...蔣萬安表示，金華國中就是最好的例子，這一次台北市政府必須嚴正澄清這些謠言，最重要的原因是，這種謠言傷害的人太多，包括學生、家長、學校，還有老師。明天就是教師節，我特別感謝老師們對國家社會的付出以及貢獻。但在這個時間點上面，老師們還要面對像沈委員、簡議員這種栽贓抹黑，實在令人非常遺憾。蔣萬安說，沈委員似乎並不是這麼關心教師的權益。舉例來講，九二八教師節放假，沈委員投下反對票，還好他不是多數的意見，現在我們才可以在教師節放假，感謝老師們的辛苦。我一直以來想要打造的台北市，就是一個尊重老師、注重教育以及禮義廉恥的城市，而不是讓老師的權益跟尊嚴受到傷害。所以要再一次向所有的老師祝福教師節快樂。    ,https://news.ltn.com.tw/news/politics/breakingnews/5587740
台中遇5歲熱情小粉絲 沈伯洋回憶10歲衝上台追陳水扁,政治,2026/09/27 16:53,沈伯洋為沈小弟簽名，成為首站第一位獲得簽名的粉絲，沈伯洋也笑得開心。（記者蔡淑媛攝）洋流來襲，民進黨台北市長參選人沈伯洋今天將「洋流」帶入台中，首站到北區元保宮與議員參選人及民眾比賽戰鬥陀螺，受到大批民眾熱情歡迎；其中一名5歲小小粉絲沈小弟更是不斷要衝上台並高喊「你是我的沈伯洋」。沈伯洋看得很感動，分享10歲時等前總統陳水扁演講也曾衝上台問吳淑珍，「阿扁怎麼還沒到」。致詞完，他也立刻與為沈小弟簽名、合影，場面熱烈。沈伯洋今天到元保宮，支持者將現場擠得水洩不通，許多人高舉洋流的牌子，高呼「加油」、「台北的市長沈伯洋」，主持人介紹沈伯洋是「未來的台北市長」時，現場更是歡聲雷動，其中現場5歲的沈小弟則興奮得不斷擠到舞台前，要上台跟沈伯洋互動，被身邊的阿嬤的與工作人員制止，請繼續往下閱讀...沈伯洋在台上注意到沈小弟，也開心與他打招呼，他致詞謝謝大家來這邊，今天來助選4位議員參選新人簡嘉佑、陳信秀等人，看到很多人舉洋流的牌子，還有舉黑熊的旗子，令他很感動，「還有一個要衝上台的小孩！」沈伯洋分享回憶，自己在9、10歲時到金華國中等陳水扁上台演講，「當時有1個快要10歲的小孩要衝上台，那也是我」，他當時衝上台跟吳淑珍講「阿扁怎麼還沒到」，他笑說，這就是民主的歷程；他參選市長第一天到大龍峒的保安宮，這次來台中首站就到元保宮，這是非常有意義的事，現場也掀起一陣歡呼。台下的沈小弟在台下看到沈伯洋及聆聽沈的致詞時一直很興奮呼喊「沈伯洋」，數度衝上台被制止，連阿嬤都拉不住，沈伯洋致詞時，拿手機拍照，演講尾聲時更比拳大喊「謝謝沈伯洋，我是你的朋友！」沈伯洋也笑著回應「你好棒」，比上加油手勢，最後工作人員放行，沈小弟也衝上台，拿出頭上帽子贏得沈伯洋的簽名與合影，圓了與偶像見面的心願，現場也響起一陣歡呼。沈伯洋在台中元保宮致辭時，台下小粉絲沈小弟不斷歡呼高喊「沈伯洋」，熱烈鼓掌。（記者蔡淑媛攝）沈伯洋為沈小弟簽名，成為首站第一位獲得簽名的粉絲。（記者蔡淑媛攝）沈伯洋分享，10歲時等前總統陳水扁演講也曾衝上台問吳淑珍，怎麼人還不來的往事。（記者蔡淑媛攝）    ,https://news.ltn.com.tw/news/politics/breakingnews/5587734
3年沒去福德宮拿到「節節敗退」甘蔗 蔣萬安：市政繁忙,政治,2026/09/27 16:52,台北市長蔣萬安。（記者蔡愷恆攝）台北市長蔣萬安昨至中山區中庄仔福德宮「福德正神聖誕千秋晚宴」，被廟方「抱怨」3年都沒有去，另外廟方給的甘蔗也被解讀為「節節敗退」，引發熱議。台北市長蔣萬安今受訪表示，昨天回到中山區，就像回到娘家一樣，跟所有的老朋友老鄰居見面，也謝謝大家給我滿滿的熱情、鼓勵和支持，那我會持續地踩穩腳步、穩健地前行，也會持續用市政的政績以及規劃的願景來爭取市民朋友的認同。至於3年都沒有出席宮廟活動，蔣萬安說，其實昨天也跟董事長道歉，因為擔任市長以後，當然時間可以會去。但這2年確實市政比較繁忙，就是持續地跟廟方保持聯繫，那也說了，雖然時間忙沒有辦法出席他們的一些活動，但是對於在地地方他們的各項建設、需求，都持續地關心和去推動。    ,https://news.ltn.com.tw/news/politics/breakingnews/5587739
台北砍樹爭議未歇 蔣萬安：原則只增不減、明年底續增3550棵樹,政治,2026/09/27 16:46,台北市長蔣萬安。（記者蔡愷恆攝）台北市砍樹爭議未歇，除政界、民眾，甚至演藝圈皆關注。關於學者揭露台北的樹冠2年爆減1.3萬棵，台北市長蔣萬安今至松山進安宮參拜祈福，活動後受訪回應，過2年整體的數目增加是1萬3千多棵，到明年底市區會再增加3550棵樹，就是持續來擴大整體台北市的綠色基底。蔣萬安說，公園處昨天也有對外說明，其實在研究內容很大部分，包括中央還有私人開發的部分。那台北市在過去這幾年，原則上就是只增不減。    ,https://news.ltn.com.tw/news/politics/breakingnews/5587737
高雄DPP40生咖明登場  打卡帶走「洋流、隆雄賀」應援小物,政治,2026/09/27 16:43,民進黨創黨40週年，高市黨部明天將推出「DPP40生咖」活動。（記者葛祐豪攝）民進黨今年迎來創黨40週年，市黨部明（28）日首度推出「DPP40生咖」活動，只要現場打卡，就能一次帶走「洋流」及「隆雄賀」應援小物。1986年9月28日正式創黨的民進黨，今年邁入第40年。「2026 DPP Birthday Cafe/ 928 DPP40生咖」活動，將於28日上午9點到下午5點在民進黨高雄市黨部舉行。市黨部解釋，「生咖」一詞是「生日咖啡廳」的縮寫，為源自韓國K-pop追星文化的應援方式。請繼續往下閱讀...高市黨部主委黃捷表示，40年前，民主前輩用行動為台灣打開民主的大門；40年後，民主也需要用新的語言、形式，走進年輕人的生活，「DPP40生咖」就是希望讓大家發現，民主不一定只能出現在嚴肅的政治場合，也可以很生活日常，甚至可以「很潮、很有梗」。黃捷指出，她擔任高市黨部主委後，希望持續推動黨部年輕化，「如果年輕人覺得政治離自己很遠，那我們就要想辦法把政治拉近；如果年輕人習慣用社群、梗圖、短影音和潮流文化溝通，黨部也要跟得上。」希望讓市黨部成為一個更開放有創意、更有年輕活力的地方，讓不同世代都能找到參與民主的方式。民進黨市長參選人賴瑞隆表示，民主與自由絕對不是天上掉下來的，而是無數前輩用青春與汗水拚搏而來。40年前民進黨創黨之初，許多民主前輩抱持著堅定信念，為台灣的自由民主奮鬥，才有今天我們所享有的民主生活。從美麗島世代、學運世代、到現在的幕僚世代，最大的責任就是承接前輩的努力，讓下一代的台灣人也能享有自由、民主、開放的生活。此次「DPP40生咖」特別以生日咖啡店的概念設計活動，將民主40週年與年輕人熟悉的生日應援、打卡、限量小物、球衣趴等元素結合，現場規劃「DPP應援生日牆」，民眾寫下為民進黨的祝福小卡，即可獲得限量「台灣之盾刺繡臂章」；穿著DPP球衣到場，還能獲得「捷沛北高主委閃卡」；此外，只要現場打卡，就能一次帶走「洋流」及「隆雄賀」應援小物。    ,https://news.ltn.com.tw/news/politics/breakingnews/5587729
北市松山兒虐案 沈伯洋：作為家長不能再忍受市府事後才說有裁罰,政治,2026/09/27 16:33,民進黨台北市長參選人沈伯洋出席「台北兒少行動，不落蒂聯盟、衣衣不捨小隊聯合倡議」活動。（記者叢昌瑾攝）台北市松山區出現兒虐案，市議員許淑華昨指，一名3歲幼童在幼兒園受傷，臉頰、下巴紅腫瘀青，家長從今年1月開始追查，教育局7月才完成裁罰，此案共有5名孩子受害，怒批市長蔣萬安「滷肉飯可以馬上吃，孩子受虐卻拖了半年才開罰」。對此，民進黨籍台北市長參選人沈伯洋說，作為家長真的不能再忍受市府等到事發後才說有裁罰，系統性問題沒解恐仍有黑數。沈伯洋表示，先前也有一個200多天的案例（應指10歲女童被安置），市府對外回應不能一直停留在有沒有裁罰這麼簡單。前陣子一直提到，如果說系統性的問題沒有解決，可能會有黑數的問題。請繼續往下閱讀...沈伯洋指出，如果有小孩仍在受害，就要盡快修正，不是等到事情發生以後說有裁罰，「這是一般作為家長真的不能再忍受這樣的答案。」教育局回應，本案屬於舊案（應指案件已完成行政調查與處分），接獲通報第一時間調閱監視器，立即要求涉案教保人員停職、啟動調查，同時提供幼兒及家長專業輔導。經由專家學者、法律等專業人士組成的認定委員會審議，確認該教保人員涉及體罰及不當管教，已依法對教保人員及園方進行裁處。☆自由電子報關心您：若懷疑孩童遭受身體虐待、精神虐待或是性侵害、性騷擾，請撥打113專線，透過專業社工員接線服務，將可盡快救援在生命危機中的兒童。☆    ,https://news.ltn.com.tw/news/politics/breakingnews/5587728
蔣萬安學歷風波燒到蘇巧慧！ 官方資料揭中文簡歷從未自稱「博士」,政治,2026/09/27 16:21,"蘇巧慧在第11屆立委簡介中，已拿掉美國賓州大學法律博士（SJD）候選人相關資料。（擷取自立法院官網）台北市長蔣萬安立法院英文簡歷由「SJD」改成「JD」引發討論，旅美學者林環牆今（27）日進一步指出，民進黨新北市長參選人蘇巧慧在第9屆立委英文簡歷中，也曾登記為「SJD」，但其實際最高學歷為LLM（法學碩士）。不過，兩人在立法院資料的處理方式有顯著差異，蘇巧慧中文始終標示為博士「候選人」，後續因未完成學位便主動降至經歷欄，第11屆更直接刪除該經歷。林環牆今（27）日在臉書粉專發文指出，蘇巧慧在立法院第9屆立委的英文簡歷中，學歷曾登記為「SJD, University of Pennsylvania」（賓州大學SJD法學博士），亦即蘇巧慧當第9屆立委時，英文簡歷是說蘇巧慧為已取得SJD的賓州大學法學博士。請繼續往下閱讀...林環牆表示，按照中文簡歷，到今天為止，蘇巧慧的最高學歷仍是LLM，亦即教育部定義的「法學碩士」；自己不會單憑英文簡歷曾寫「SJD法學博士」就直接認定蘇巧慧謊報博士學歷，因為蘇巧慧和蔣萬安相同，中文簡歷一直都有清楚標示正確。然而，實際查閱立法院官方資料 ，蘇巧慧在第9屆立委中文簡介中明確寫的是博士（SJD）「候選人」，從未自稱已取得博士學位。後續因超過修業年限未完成論文拿學位，她在第10屆簡歷中便將「美國賓州大學法律博士」改列至經歷欄，學歷欄則僅列出賓州大學法律碩士、波士頓大學法律碩士及台大法律系司法組。到了第11屆立法院官方資料，蘇巧慧更直接刪除賓州大學SJD的相關內容，學歷欄僅保留美國賓州大學與波士頓大學雙法律碩士。從官方歷程來看，蘇巧慧在學業未完成後主動更正、下架相關經歷，最高學歷始終為LLM，並不存在自稱博士之情事。蔣萬安（右圖）學歷爭議意外燒到蘇巧慧，蘇巧慧（左圖）在立委簡介中明確表示自己是法律博士（SJD）候選人。（本報合成，擷取自立法院官網）    ",https://news.ltn.com.tw/news/politics/breakingnews/5587685
蔣萬安稱「為台灣加油不需道歉」 沈伯洋：本來就不用 為什麼要特別講這個？,政治,2026/09/27 16:17,民進黨台北市長參選人沈伯洋出席「台北兒少行動，不落蒂聯盟、衣衣不捨小隊聯合倡議」活動。（記者叢昌瑾攝）名古屋亞運棒球前天台灣、中國之戰，有台灣球迷拿出印有「Taiwan」字樣毛巾應援，遭工作人員制止；台北市長蔣萬安今天臉書發文指出，「為台灣加油，不需要道歉。」對此，民進黨籍台北市長參選人沈伯洋下午受訪回應，「挺台灣（Team Taiwan）本來就不需要道歉，不是很清楚為什麼要特別講這個？沈伯洋表示，挺台灣本來就不需要道歉，不是很清楚（蔣）為什麼要特別講這個呢？「一直以來都是『Team Taiwan』，對外本就一致。」請繼續往下閱讀...沈伯洋笑說，如果蔣市長能夠加入行列，當然蠻令人開心的，「不過我們從以前到現在都是這個樣子（應指挺台灣）。」    ,https://news.ltn.com.tw/news/politics/breakingnews/5587720
吳宗憲宜蘭競總成立 猛轟民進黨新潮流別伸手宜蘭,政治,2026/09/27 15:59,吳宗憲（中）今天舉辦競總成立大會，鄭麗文（左2）、黃國昌（右2）同台力挺。（記者江志雄攝）國民黨宜蘭縣長參選人吳宗憲今天（27日）舉辦競選總部成立大會，大酸民進黨對手林國漳背後是新潮流及行政院政務委員陳金德，痛批新潮流又貪又狠，不要讓新潮流的手伸到宜蘭。吳宗憲競總成立大會上，國民黨主席鄭麗文、民眾黨主席黃國昌、新北市長侯友宜、南投縣長許淑華等人到場站台助講，鄭麗文、黃國昌拉著吳宗憲的手高喊凍蒜，象徵藍白合作全力相挺。競總估計會場湧入超過8000名支持者。請繼續往下閱讀...侯友宜說，當初延攬吳宗憲擔任新北市法制局長，吳具備法律人專業與嫉惡如仇性格，對好人更好，對壞人更壞，也體諒艱苦人，做人民的靠山，宜蘭與新北交通路網一脈相承，未來一起打團隊戰，打造共同生活圈，愛宜蘭、愛台灣，就請支持吳宗憲。今天是吳宗憲55歲生日，父母、妻子、一對兒女同台，一起祝他生日快樂。吳宗憲說出生日願望，第一是希望爸媽身體健康、一切平安；第二以清廉、正義、能力、操守及行動力，打造利他、共好的宜蘭；第三當選宜蘭縣長，大家作伙拚，拚出宜蘭好生活，讓宜蘭走新路。吳宗憲致詞時說，對手林國漳背後是新潮流力挺，要大家看看台南、高雄那些光電板，當地山區、河流、水庫、海岸，變成什麼樣子，還要讓新潮流來踏進宜蘭嗎？他全力在拚，一定要擋下來。吳宗憲與父母、妻兒上台亮相。（記者江志雄攝）今天是吳宗憲55歲生日，他上台切蛋糕，說出3個生日願望。（記者江志雄攝）吳宗憲競總成立大會，大批支持者到場力挺。（記者江志雄攝）    ,https://news.ltn.com.tw/news/politics/breakingnews/5587708
北市府官網深夜大當機近5小時 沈伯洋：應檢視攻擊事件或機房是否符合標準,政治,2026/09/27 15:54,民進黨台北市長參選人沈伯洋出席「台北兒少行動，不落蒂聯盟、衣衣不捨小隊聯合倡議」活動。（記者叢昌瑾攝）台北市政府官網昨晚至今天凌晨大當機，估計期間中斷服務約近5小時。資訊局回應，事發後工程團隊隨即進駐搶修，凌晨1點起陸續恢復服務。民進黨籍台北市長參選人沈伯洋今天下午受訪被問到，會否覺得市府備援系統反應過慢？沈說，若與攻擊有關就很嚴重，大家要一致對外，若是跟機房散熱等非攻擊事件有關，要檢討一下現在的機房是否符合標準。沈伯洋表示，有這種事情發生，就要趕快對外說明發生何事，如果是跟攻擊有關的話，事關嚴重，大家要一致對外，若不是跟攻擊有關，而是可能跟機房散熱有關，就要檢討一下現在這個機房是不是有符合標準，沒有的話，是不是有什麼應該要趕快改進的地方，盡快跟國人說明。請繼續往下閱讀...據了解，市政大樓昨晚跳電，市府官網服務一度中斷似與此有關。資訊局回應，市府網站自26日晚間約8點30分起發生平台無法連線情形，工程團隊隨即進駐搶修，各平台已於今（27）日凌晨1點起陸續恢復服務。經研判為機房雲平台網路硬體設備異常所致，持續強化設備維護及相關應變機制，確保系統穩定運作，相關責任歸屬尚待進一步釐清。    ,https://news.ltn.com.tw/news/politics/breakingnews/5587705
挺旗山香蕉 賴瑞隆昨吃5根、今早繼續吃,政治,2026/09/27 15:45,賴瑞隆今成立旗山後援會暨大旗美地區後援會，高舉旗山香蕉表達支持。（圖由賴瑞隆競辦提供）國民黨高雄市長參選人柯志恩脫口「要吃屏東香蕉」，引起議論。為了力挺旗山香蕉，民進黨高雄市長參選人賴瑞隆昨天吃了5根香蕉，今天早上又吃了好幾根，他呼籲大家多支持農民、支持旗山香蕉。國民黨高雄市長參選人柯志恩昨（26）日到旗山參加「2026夏祭新鮮市」活動，離開前幕僚問她要不要吃（旗山）香蕉？她沒收下，並回說要吃「屏東香蕉」，遭網友嗆說「選錯縣市，應該回屏東選吧!」請繼續往下閱讀...對此，賴瑞隆今天上午成立旗山後援會暨大旗美地區後援會，致詞最後高舉旗山香蕉表達支持，強調自己「食果子，拜樹頭；吃香蕉，來旗山」，吃在地、挺在地，拚大旗美好將來。賴瑞隆今天下午參加黨部活動，接受媒體訪問時進一步說，旗山是台灣香蕉的一個重鎮，也是香蕉王國、香蕉之城。旗山香蕉非常的香甜可口，也是大家所喜歡的，請大家多多支持旗山香蕉。賴瑞隆透露，他昨天就被餵食了5根香蕉，今天早上參加旗山後援會，也吃了好幾個香蕉。香蕉是非常營養與好吃的一個水果，相信很多人都很喜歡香蕉。「歡迎大家多多品嚐好吃旗山的香蕉，一起來支持我們的農民，一起來支持我們的香蕉產業，讓我們的香蕉繼續走向全世界!」賴瑞隆（中）今天下午參加市黨部活動。（記者葛祐豪攝）    ,https://news.ltn.com.tw/news/politics/breakingnews/5587690
前竹南鎮長康世明病逝 享年57歲,政治,2026/09/27 15:38,前竹南鎮長康世明（中）病逝，享年57歲。圖為他獲民進黨提名參選本屆苗栗縣第一選區（海線）立委時登記情形。（資料照）曾代表民進黨參選本屆苗栗縣海線立委的前竹南鎮長康世明，因肝癌於今（27）日上午11點多於台大醫院病逝，享年57歲。消息傳回，地方震驚。康世明的胞兄、前立委康世儒表示，弟弟（康世明）於2024年立委選舉後，去做身體健康檢查，發現肝腫瘤，經與癌細胞奮戰1年10個月，不幸於今天上午11點多病逝。言詞中流露對弟弟這個「古意囝仔」的萬分不捨。請繼續往下閱讀...康世明原為高中老師，於2013年的第16屆竹南鎮長補選，代兄（康世儒）出征當選。教職出身的康世明，為人溫文儒雅、謙和有禮，受竹南鄉親愛戴，於2014年以6成8得票率，成功連任第17屆竹南鎮長。康世明於卸任鎮長後，重拾教職，並加入民進黨，於2024年獲民進黨提名參選苗栗縣第一選區（海線）立委失利。    ,https://news.ltn.com.tw/news/politics/breakingnews/5587688
帶賴總統參訪新莊响仁和鼓藝工坊 蘇巧慧：讓世界聽見新北的聲音,政治,2026/09/27 15:38,民進黨新北市長參選人蘇巧慧（左1）日前與總統賴清德（左3）參訪新莊「响仁和鼓藝工坊」。（圖由蘇巧慧競總提供）民進黨新北市長參選人、立委蘇巧慧今在網路社群發布日前與總統賴清德一同參訪新莊「响仁和鼓藝工坊」的影片，兩人向第三代傳人王藤師傅請教製鼓技藝與响仁和的製鼓歷史，更見證「人間國寶」第二代傳人王錫坤師傅親自擊鼓，呈現風雨雷電的情境與氣勢。蘇說，2024年泰山工廠遭祝融後，她陪伴响仁和重新站穩腳步，未來也盼透過市府資源，讓更多人看見响仁和的匠人精神，讓世界聽見新北、台灣工藝的聲音。賴清德和蘇巧慧、民進黨秘書長徐國勇日前在王錫坤、王藤師傅導覽下，認識館內珍藏從日治時代留存至今的古鼓，更欣賞由响仁和創辦人「阿塗師」王桂枝親手製作的鎮館之寶「龍鳳紋彩繪廟鼓」，兩人將耳朵靠近鼓面，聽見嗡嗡微響，驚呼精湛的製鼓工藝，也嘗試擊鼓，蘇巧慧模仿王藤的擊鼓法，以精準的力道展現輕快的節奏感，賴清德以沉著、穩重的韻律感打擊鼓面，王錫坤和王藤也送上純手工製作的「貨郎鼓」，賴清德笑說「這我可能比較會打」，引起一片歡笑。請繼續往下閱讀...蘇巧慧說，响仁和是國內頂尖的手工製鼓工坊，國內各大廟宇和國內外表演團體都可看到响仁和的鼓，是台灣和新北重要的文化資產，小時候曾到店裡看過响仁和的製鼓過程，後來有幸成為立委，有機會為响仁和牽線多方資源，未來她盼不只透過市府力量讓更多人看見响仁和的製鼓工藝，也盼串連廟街、體育園區、中港大排及宏匯廣場，發展「觀光十字廊道」，以廟宇文化為核心，結合在地店家，發展出行銷在地文化、帶動地區發展的特色活動，讓外地人更認識新莊豐厚的人文底蘊，明年適逢响仁和一百週年，蘇巧慧相約明年再和總統一起來。賴清德指出，感謝「人間國寶」王錫坤守住精湛的製鼓技藝，大讚第三代傳人王藤用新方法、新技術，讓傳統技藝持續流傳。「把一件事做到最好，而且願意一直做下去，這就是台灣很珍貴的匠人精神。」賴清德表示，他也期盼未來蘇巧慧可帶領市府團隊，讓更多人看見新北的匠人精神。王藤感謝蘇巧慧在火災後一直幫忙找資源，幫助响仁和重新出發，讓响仁和可以持續堅持工藝，讓珍貴的工匠技藝持續流傳。總統賴清德以沈著、穩重的韻律感打擊鼓面。（圖由蘇巧慧競總提供）民進黨新北市長參選人蘇巧慧模仿王藤師傅的擊鼓法，以精準的力道，展現輕快節奏感。（圖由蘇巧慧競總提供）新莊「响仁和鼓藝工坊」第二代傳人王錫坤（右1）師傅親自擊鼓。（圖由蘇巧慧競總提供）民進黨新北市長參選人蘇巧慧（右2）日前與總統賴清德（右3）等人參訪新莊「响仁和鼓藝工坊」。（圖由蘇巧慧競總提供）    ,https://news.ltn.com.tw/news/politics/breakingnews/5587691
北市府新聞稿連嗆沈伯洋！ 吳欣岱轟蔣萬安：比柯市府網軍還誇張,政治,2026/09/27 15:30,台灣基進台北市內湖、南港區市議員參選人。（圖擷取自臉書）九合一選舉進入倒數階段，台北市長蔣萬安爭議連環爆，日前北市府新聞稿更直接點名開嗆民進黨參選人沈伯洋，引發行政不中立質疑。台灣基進台北市議員參選人吳欣岱今（27）日重砲批評「蔣市府比柯市府還誇張」，痛斥市府每年編列逾7000萬宣傳公帑，如今竟淪為市長連任的政治打手，甚至比昔日柯市府上班用PTT帶風向更明目張膽，嚴重踐踏民主法治與市府公信力。吳欣岱在臉書回顧2022年柯市府「PTT網軍爭議」，當時四叉貓跟議員揪出多名台北市政府員工，在上班時間使用北市府的IP登入批踢踢發文帶風向，層級從基層到局處科長都有，引起民眾譁然。當時的柯文哲被批評用市府資源養網軍，涉案林育生等人遭到行政懲處，引發社會行政不中立、公器私用的批評。請繼續往下閱讀...「上班養網軍在批踢踢帶風向不行，那蔣市府直接讓局處用新聞稿在市政府網頁平台上筆戰，算不算公器私用？」吳欣岱列舉北市府近期的新聞稿標題，包括《依法遏止「砍樹死全家」謠言，請沈委員明辨是非》、《事實已證明議員烏龍爆料，教育局籲沈伯洋委員不該看到翻車還上車》等，質疑蔣萬安團隊是要北市府公務員放棄行政中立嗎？當市民評論市政，政府拿提告押人；當政治對手批評市政，局處就拿官方新聞稿用政治術語回擊，「這真的是我們想要的台北市政府嗎？」吳欣岱指出，北市府同時還有龐大的宣傳資源，今年度秘書處「發布市政新聞」法定預算就有689萬3千元，預算目的寫得很清楚，是發布市政新聞、說明施政理念、促進市政透明，提供市民迅速、確實的資訊。觀傳局光是宣導影片製作、播映、廣播、家外媒體、平面數位媒體、重大施政整合行銷與國際宣傳等項目，加起來就超過7000萬元。然而，這些錢的主人是台北市民而非蔣萬安。納稅人出錢養的市府新聞宣傳系統，如果被用來當成選舉攻防的工具，不僅是耗費公家資源而已，更糟糕的是，行政不中立的做法會讓市政府的公信力越來越低，這對民主法治的國家傷害很大。吳欣岱強調，最諷刺的是，中國國民黨尤其翁曉玲等人，這幾年在立法院面對中央政府媒體宣傳預算，一直要求嚴格檢驗，是不是拿人民納稅錢做政治宣傳，甚至連三金（金馬、金曲、金鐘）的宣傳費都要刪除。結果同黨的台北市長，利用台北市的媒體宣傳平台攻擊政敵，黨內卻沒人有意見，「今天是用市政府的新聞聯絡人當選舉打手，明天會不會用市政資源拍競選廣告？用公家單位置放選舉文宣？選舉有必要搞成這樣嗎？」    ,https://news.ltn.com.tw/news/politics/breakingnews/5587663
江啟臣登大坑 提解決塞車規劃假日觀光接駁車班次,政治,2026/09/27 15:29,江啟臣率領多位國民黨中市長參選人一同登大坑，並與攤商及民眾一一握手。（江啟臣提供）距離九合一大選倒數62天，適逢中秋教師連假，很多民眾都會四處遊玩，國民黨台中市長參選人江啟臣今日一早，「母雞帶小雞」率領多位黨籍市議員參選人「一啟爬山」；面對逢假日大坑就塞車無車位可停，江啟臣表示，妥善規劃假日觀光接駁車班次，增設更多共享運具節點以串接捷運與台鐵。今天是連假第3天，江啟臣與市議員陳文政、李文傑、沈佑蓮、林昊佑，市議員參選人許育璿、吳宗學，和平里長候選人張又仁等一行人登大坑步道，逐一與市民朋友握手寒暄，登山民眾看到江啟臣高喊「市長好」、「凍蒜」，讓團隊花了比平常多一倍的時間，才順利登上觀音亭。請繼續往下閱讀...江啟臣在經過大坑知名美食「魚丸伯」攤位時，老闆更熱情送上整包魚丸，取台語諧音祝福江啟臣選舉「中狀元」；另有攤商送上熱騰騰的粽子與發糕，預祝江啟臣選情「包中」、支持者提升「爆發」，展現濃濃的在地人情味。江啟臣表示，未來將全面推動大坑風景區的硬體升級，除了爭取預算對現有步道進行總體檢、增設友善長輩與親子的無障礙平緩步道，並導入智慧導覽與生態教育外，更要結合大坑特有的溫泉資源，發展「白天爬山、晚上泡湯」的旗艦級休閒品牌。至於每逢假日大坑周邊常面臨的交通瓶頸，江啟臣強調，未來市府將妥善規劃假日觀光接駁車班次，鼓勵民眾搭乘大眾運輸前往；同時增設更多共享運具節點以串接捷運與台鐵，並引進共享電輔車，讓民眾能更輕鬆地騎乘前往大坑步道，全面落實低碳旅遊。江啟臣進一步指出，台中的觀光不該是單點作戰，未來要將大坑的農特產與周邊商圈深度結合，推動農業體驗觀光；並串聯市區文化場域與海線自然生態，構築完整的「山海屯都」多日遊觀光廊帶。江啟臣登大坑，沿途受到民眾熱烈歡迎。（江啟臣提供）    ,https://news.ltn.com.tw/news/politics/breakingnews/5587587
陸委會預判中共將續散布「疑美論」、「棄台論」 恐間接影響九合一選舉,政治,2026/09/27 15:26,外交部次長陳明祺、陸委會副主委沈有忠等人今（27）日出席「習近平訪美後的美中台關係」座談會。（記者叢昌瑾攝）川習二會落幕，陸委會副主委沈有忠今（27）日於「習近平訪美後的美中台關係」座談會表示，美中台情勢發展仍維持「三個不變」；針對北京當局刻意利用川習會扭曲二戰歷史、加強認知戰，政府也預判，未來中共會持續利用不同機會散布「疑美論」、「棄台論」，或發散「美中對二戰共同敘事」氣氛，不排除間接影響台灣11月即將舉行的地方選舉。沈有忠指出，美中台「三個不變」包含「美中戰略競爭的結構不變」、「美國對台政策不變」，與「台、美與國際社會共同維持台海和平現狀的立場不變」。請繼續往下閱讀...沈有忠表示，就美中競爭結構不變而言，本次「川習會」雖然有很高規格的排場和接待，但目前就雙方公布的成果看來，具體的突破相當有限。雙方對於AI、稀土管制、科技競爭等議題來說，沒有取得突破性進展。美中雖藉由一些對話機制進行接觸，研判雙方仍將持續「鬥而不破」的交鋒，政府也會保持密切關注、審慎應處。其次是美國對台政策維持不變。沈有忠強調，在台海議題上，中方雖表述其一貫主張，但美方多位官員例如國務卿魯比歐（Marco Rubio）在會前多次重申美國對台政策不變。更具代表性的像是美國駐中大使龐德偉（David Perdue），清楚表述川普總統從未改變過美國的立場，完全支持台灣關係法、美中三公報及對台六項保證，並強調對台政策不會受伊朗情勢影響。這顯示出美國的對台政策並沒有在中方壓力下有所退讓。沈有忠指出，第三是台、美與國際社會共同維持台海和平現狀的立場不變。此間許多跨國聲明或重要的國際論述都表達反對單方面改變台海現狀，並重申對台海和平穩定的關切。相信美國與國際社會對台海和平現狀支持的立場，仍舊清晰，也不會改變。沈有忠重申，本次北京當局刻意利用川習會，對美國宣傳「台獨」危害「台海和平穩定」、「破壞美中戰略穩定」、甚至扭曲二戰歷史，誆稱中共與美國是盟友的錯誤敘事，並對此加強認知戰。政府也預判，未來中共仍會與若干協力者利用不同機會持續散布「疑美論」、「棄台論」，營造「和、戰選擇」的氛圍，或是發散「美中對二戰共同敘事」的氣氛。也不排除間接影響台灣11月即將舉行的地方選舉。沈有忠在致詞最後指出，面對近年中共升高對台複合性施壓，政府的兩岸政策立場就是堅定維持兩岸現狀，也呼籲北京當局，放棄單方面、甚至以武力改變現狀的霸權心態，在對等尊嚴前提下，不預設立場與我民選政府對話、化解分歧，這也是國際社會的共同期待。政府也將持續強化自我防衛能力，與美國等友盟國家深化溝通合作，共同維護台海及區域和平穩定。    ,https://news.ltn.com.tw/news/politics/breakingnews/5587676
北市要演「貍貓換太子」戲碼？沈伯洋：不贊成就是不贊成,政治,2026/09/27 15:24,民進黨台北市長參選人沈伯洋出席「台北兒少行動，不落蒂聯盟、衣衣不捨小隊聯合倡議」活動。（記者叢昌瑾攝）聲援陳幸妤的台南「鍘美藝術節」日前落幕引發熱烈回響，網路瘋傳起哄在台北市上演「貍貓換太子」。對此，民進黨籍台北市長參選人沈伯洋今天下午回應，市長蔣萬安的過去、家人、身世，都不該是選戰的主軸，也不重要，只關心蔣的能力及市政做得如何，不贊成「貍貓換太子」，跟有無處理好售票、劇本無關，不贊成就是不贊成。沈伯洋今天下午出席「台北兒少行動，不落蒂聯盟、衣衣不捨小隊聯合倡議」受訪表示，選舉一開始就已說過，針對人家的過去、家人、身世，都不該是選戰的主軸，「我覺得這個都不重要，我們只關心他的市政做得如何、我們只關心他的能力。」請繼續往下閱讀...沈伯洋指出，如果說有意要去討論這些事情的話，「我個人是非常的、完全的不贊成」，這個跟有沒有售票或者劇本有沒有寫好，跟他贊成與否，完全沒有關係，並再三強調，「我不贊成就是不贊成。」    ,https://news.ltn.com.tw/news/politics/breakingnews/5587678
高雄旗山後援會湧2000人 賴瑞隆拋「東高雄大願景」,政治,2026/09/27 15:23,賴瑞隆今（27）日上午在旗山後援會成立大會上，提出「東高雄大願景」政見。（記者蘇福男攝）民進黨高雄市長參選人賴瑞隆今（27）日上午熱鬧成立「旗山後援會暨大旗美地區後援會」，會中提出「東高雄大願景」政見，包括持續推進台86線東延案、新威大橋延伸國道10號里港交流道，全力推動高133線道重建，捷運紫線延伸大旗美可行性評估，讓大旗美地區的大眾運輸更加便利。賴瑞隆旗山後援會會長由蔡仕朋出任，旗山里長聯誼會主席邱清郎擔任主任委員，立委邱議瑩擔任總督導，總執行長為旗山農會理事長陳峯翔，旗山農會總幹事方介佐擔任執行總幹事，今天成立大會包括立委許智傑、郭昱晴、前內政部長余政憲、議員林富寶、張博洋、議員參選人林慧欣及在地21個里里長、鄉親，現場湧入2000多人，展現大旗美團結力量。請繼續往下閱讀...陳峯翔和方介佐現場送上旗山香蕉，賴瑞隆開心收下，高喊「旗山香蕉最好吃」，呼籲大家繼續支持在地農產品。余政憲特別提及，陳其邁首次參選高雄市長投票率約73%，結果高票落選，第2次連任投票率更僅58%，2022年大選高市議員各選區落選頭都是民進黨候選人，他提醒此次選舉要特別留意投票率，要記取陳首次參選的教訓，不僅市長要當選，議員席次更要過半。邱議瑩和許智傑不約而同指出，10個月前兩人和賴瑞隆競逐黨內高雄市長初選，初選結束後，即朝贏得勝選、建設大高雄的共同目標邁進，兩人共同站出來參加後援會活動，即代表了一切。賴瑞隆表示，邱議瑩長期在中央爭取建設，透過地方說明會及與中央溝通，持續推動台86線向東延伸至台3線工程，行政院2020年底已核定，後續工程總經費調整為111億元，將串聯台南關廟、龍崎與高雄內門地區，未來可強化台南、高雄山區交通，也有助於緊急醫療、救災及地方觀光發展。另衛福部旗山醫院持續提升醫療服務，在地鄉親不用再舟車勞頓，在旗山就有最好的醫療品質，也是邱多次邀集行政院長現勘的成果。對於未來市政藍圖，賴瑞隆提出「東高雄大願景」，表示將持續推進台86線東延案，全力推動高133線道重建，全面改善六龜聯外道路，同時加強山區防災與交通韌性，持續推進新威大橋延伸國道10號里港交流道，也將推動捷運紫線延伸大旗美的可行性評估。文化與觀光方面，規劃打造「大旗美原民山城路」，串聯客家與原民文化，結合內門宋江陣、寶來溫泉、那瑪夏賞螢等特色；產業與農業方面，持續強化青農、青創輔導，協助農產品行銷、拓展通路，讓青年願意留在家鄉打拚；醫療與生活照顧方面，規劃整合榮總、義大、旗山醫院等醫療體系，搭配行動醫療車與遠距醫療，建立完整的長輩照護網；同時新建旗山運動中心，朝「一區一運動中心」目標邁進，並加速美濃區環湖路拓寬，提升美濃湖周邊觀光與交通品質。民進黨高雄市長參選人賴瑞隆今（27）日上午熱鬧成立「旗山後援會暨大旗美地區後援會」，現場湧入2000多人，展現大旗美團結力量。（記者蘇福男攝）    ,https://news.ltn.com.tw/news/politics/breakingnews/5587660
演唱會凝聚竹北市民情感 邱臣遠：續辦且引進多元化文化展演,政治,2026/09/27 15:19,台灣民眾黨竹北市長參選人邱臣遠（右）昨晚由該黨竹縣議員參選人游雅婷（左），陪同參加竹北市長鄭朝方（中）所辦的三天王竹北演唱會。（圖擷取自邱臣遠臉書）新竹縣繼新豐出現台灣民眾黨創黨主席柯P和民進黨新竹縣長參選人鄭朝方同框後，昨天在竹北又出現民眾黨竹北市長參選人邱臣遠跟鄭朝方合體聽演唱會，邱臣遠活動後公開表示，高品質、能凝聚市民情感的音樂盛會，只要他主政，一定會延續下去，同時引進更多不同形式的文化展演，讓竹北的夜晚持續充滿生命力。這場演唱會前，受邀來欣賞的邱臣遠，被竹北市長鄭朝方主動向大家介紹是「前新竹市代理市長」，演唱會後，邱臣遠則公開發文，感謝鄭朝方讓他能暫時放下緊湊的步調，在台下和大家並肩合唱，真的很過癮。請繼續往下閱讀...邱臣遠說，昨晚和大家一起吹著晚風，聽著「城中城·歌中歌~盛事傳奇三天王竹北演唱會」的歌。李聖傑Sam Lee、巫啟賢、趙傳3位天王輪番登場，前奏一響全是青春的回憶。他說，現場氣氛非常熱烈，在鄭朝方和大家熱情帶動下，他也清唱了一小段，能暫時放下緊湊的步調，在台下和大家並肩合唱，今晚只有音樂，且每一首歌他都會唱，感覺真的很過癮。邱臣遠昨晚一樣受鄭朝方的懇託「善待竹北」。對此他說，一座有活力的城市，本來就該有讓大家停下腳步、聚在一起感受美好的藝文生活。未來如果能為竹北服務，這樣高品質、能凝聚市民情感的音樂盛會一定會延續下去，他也會引進更多不同形式的文化展演，讓竹北的夜晚持續充滿生命力。台灣民眾黨竹北市長參選人邱臣遠（著深色西裝外套者）昨晚也受竹北市長鄭朝方之邀參加演唱會，且同樣受託「善待竹北」。（記者黃美珠攝）    ,https://news.ltn.com.tw/news/politics/breakingnews/5587653
蔣萬安收超多節甘蔗挨酸「萬節不復」 沈伯洋：市政問題真的蠻多的,政治,2026/09/27 15:11,沈伯洋出席「台北兒少行動，不落蒂聯盟、衣衣不捨小隊聯合倡議」活動。（記者叢昌瑾攝）台北市長蔣萬安昨晚出席中山區中庄仔福德宮，董事長林春裕致贈「甘蔗」，期待蔣萬安步步高升「選總統」。事後也有眼尖網友發現，相較於民進黨籍台北市長參選人沈伯洋獲贈的甘蔗，蔣的蔗節明顯偏密，嘲諷是「萬節（劫）不復」。對此，沈伯洋今天下午回應，不同的甘蔗本來就會有不同的形式，可能現在市政問題真的蠻多的。沈伯洋今天下午出席「台北兒少行動，不落蒂聯盟、衣衣不捨小隊聯合倡議」活動受訪表示，可能現在市政問題真的蠻多的，蔣市長也比較繁忙一點，廟方希望蔣能夠常來。不同的甘蔗本來就會有不同的形式，這部分不多做評論。請繼續往下閱讀...沈伯洋指出，廟方應該只是很希望蔣市長能夠多聆聽在地的民意，這也是沈營在這場選舉也一直在強調的事情。    ,https://news.ltn.com.tw/news/politics/breakingnews/5587667
沈伯洋趕高鐵！獨家直擊巧遇黃柏榆 曝最愛雞蛋糕加東泉,政治,2026/09/27 15:08,沈伯洋到台中助選被餵食吃太飽，趕高鐵回台北巧遇黃柏榆，被問到台中美食，直呼雞蛋糕加東泉辣椒醬很不錯。（記者蔡淑媛攝）民進黨台北市長參選人沈伯洋今天將「洋流」帶入台中，並與台中市長參選人何欣純在市民廣場大啖台中美食，喝羅氏秋水茶、雞蛋糕、麻芛等，連跑3個行程，中午12點半左右趕高鐵回台北，不但巧遇彰化市長參選人黃柏瑜，提起台中小吃，也直呼「剛剛吃太飽」、「雞蛋糕加東泉辣椒醬還不錯，很特別！」沈伯洋今天到台中助選，首站北區元保宮與北區議員參選人簡嘉佑、北屯區議員參選人陳信秀等4名新人帶隊玩戰鬥陀螺，現場人潮洶湧熱情，接著10點到審計新村與何欣純合體與民眾見面擊掌，一路走到市民廣場野餐，人流更達3萬人次，現場大啖羅氏秋水茶、雞蛋糕、麻芛等。請繼續往下閱讀...沈伯洋說，前陣子來台中吃雞排，也覺得有點太甜了；這次何欣純特別準備東泉辣椒醬，沈伯洋吃了雞蛋糕後，忍不住加上東泉辣椒，吃到加了東泉辣椒的炒麵後，也驚呼太好吃了。沈伯洋在市民廣場野餐後，隨即趕赴「何欣純百工百業後援會」成立，短短4個小時連跑3場助選活動，大約12點半現身高鐵台中站，換上白色上衣，再揹出上次到高雄帶的茄芷袋，大廳早有名眾等待請他合照簽名，經過上午萬人擊掌遊行，他仍來者不拒，親切簽名合影。沈伯洋受訪被問及今天來台中的心情？有沒有去吃很飽？他笑說，「現在有點吃不下，剛剛吃太多了！」覺得雞蛋糕加東泉辣椒醬還不錯，以前沒有這樣吃過，覺得還蠻特別的。是否也覺得很甜？沈伯洋則說，「因為東泉以前就蠻愛吃的，所以不會覺得太甜，而且它本來就是有點甜辣甜辣的！」沈伯洋今天與何欣純在市民野場野餐時，現場有一群來自太平的市民打招呼，沈伯洋更是熱情找人，被問及是否與媽媽是太平人有關？沈則點點頭說「對對對！」對台中有特別的感情。沈伯洋在市民廣場吃雞蛋糕、炒麵配東泉辣椒醬直呼太好吃，與何欣純與市民擊掌時仍拿著一瓶東泉辣椒醬。（記者蔡淑媛攝）支持者在高鐵等到沈伯洋，在包包簽名，相當開心，右邊手提包則是賴清德選總時發行的手提包。（記者蔡淑媛攝）支持者在高鐵等到沈伯洋，在包包簽名，相當開心，右邊手提包則是賴清德選總時發行的手提包。（記者蔡淑媛攝）    ,https://news.ltn.com.tw/news/politics/breakingnews/5587649
接地氣！ 選舉文宣驚見超大「蟑螂」 雲林鎮代參選人笑曝「綽號啦」,政治,2026/09/27 15:07,曾江泉因本名台語與蟑螂台語音相似，因此20多年前就放隻大蟑螂在競選文宣中，盼加深選民印象。（圖由民眾提供）九合一選舉倒數，各級公職參選人紛紛出奇招吸引選民注意，在雲林斗南鎮內，卻出現一幅幅鎮代參選人曾江泉競選文宣中，出現「大蟑螂圖案」，掀起熱烈討論。曾江泉笑說，因他的名字「江泉」台語發音跟蟑螂很像，外號就叫蟑螂，因此才印小強在競選文宣上，盼讓民眾有深刻印象。看板中，斗大的文字寫著「斗南鎮民代表候選人曾江泉」，但還出現放大版的「小強」，相當吸引民眾目光，甚至就在社群平台也吸引熱烈討論，笑說「到底誰會加蟑螂兄」、「這種土炮等級鄉下人很喜歡」，還有網友歪樓笑「跟蟑螂一樣勤快」。請繼續往下閱讀...「這我的綽號啦！」64歲曾江泉出面回應，20年前他擔任里長的時候大家都叫他「嘎抓（台語：蟑螂）」，因此不少民眾不知他的本名，還有小朋友會戲稱「蟑螂里長」，他這次為了要選代表，蟑螂又印上去。曾江泉表示，因為本名江泉念成台語，恰好跟蟑螂的台語很像，因此成了記憶點，過去擔任四屆里長，競選時都用蟑螂點綴看板，8年前落選後就沒有從政，這次出來又把蟑螂印上看板，希望喚起里民記憶。當地里民認為，前里長做好幾次里長了，風評不錯，大家也知道「蟑螂」是他的外號，因此看見競選文宣有放大版的「小強」第一個想到的就是他，可說是他個人的專屬辨識標誌。曾江泉因本名台語與蟑螂台語音相似，因此20多年前就放隻大蟑螂在競選文宣中，盼加深選民印象。（圖由民眾提供）    ,https://news.ltn.com.tw/news/politics/breakingnews/5587648
延續鄭朝方竹北市政建設與藝文能量 曾聖凱：不負「善待竹北」懇託,政治,2026/09/27 14:50,民進黨新竹縣竹北長參選人曾聖凱（左）說，如果有機會接棒，他會延續竹北市長鄭朝方（右）的建設方向和藝文量能，不負其「善待竹北」的懇託。（圖由曾聖凱辦公室提供）民進黨新竹縣竹北市長參選人曾聖凱昨晚應市長鄭朝方之邀，出席「城中城．歌中歌~盛事傳奇三天王竹北演唱會」，受到竹北市民豐富生活樣貌和活力的洗禮，更當面獲得鄭朝方「善待竹北」的懇託。曾聖凱謝謝市公所團隊，在鄭朝方帶領下，從公共建設、城市環境到藝文活動都讓竹北蛻變且活力滿滿，他承諾，只要他有機會接棒，將延續鄭朝方的市政建設方向和藝文能量，持續帶給竹北市民更多文化和音樂藝文的饗宴。曾聖凱說，鄭朝方這幾年努力讓市政走進生活，讓城市建設之外，也有更多文化、音樂與市民共享的空間。昨天他看到很多長輩、年輕人跟孩子一起來到演唱會的現場，共構出城市最珍貴的風景。請繼續往下閱讀...他認為，好的市政，值得延續；做得好的事情，未來他會繼續做下去。他期許自己有機會接下這份責任，懇託鄉親給他支持，讓他有機會在鄭朝方打下的基礎上繼續努力，把好建設延續、把好服務做得更細，讓竹北持續成為一座有建設、有文化，更有生活感的城市，不辜負鄭朝方昨晚在現場當面對他「善待竹北」的懇託。    ,https://news.ltn.com.tw/news/politics/breakingnews/5587632
蕭美琴今回花蓮！ 為昔日2助理參選議員站台授帶,政治,2026/09/27 14:47,花蓮縣議員第三選區候選人林則葹、陳思伃今（27）日上午在吉安鄉成立聯合競選總部，副總統蕭美琴親自回到花蓮出席，為兩人授帶。（競總提供）花蓮縣議員第三選區候選人林則葹、陳思伃今（27）日上午在吉安鄉成立聯合競選總部，副總統蕭美琴親自回到花蓮出席，為兩人授帶。現任議員林則葹爭取連任，陳思伃則首度投入縣議員選舉，兩位過去都曾參與蕭美琴在花蓮的地方服務工作，如今再度同台，共同投入橫跨吉安、壽豐、鳳林、光復、豐濱、萬榮六個鄉鎮的第三選區。蕭美琴致詞時，特別回顧自己長年在花蓮地方服務的歲月。她提到，過去跑遍台九線、深入各鄉鎮，也走進數十所學校與地方社區，地方工作的累積，從來不是一個人完成，而是一群人一起跑、一件事情一件事情做出來。提到林則葹與陳思伃，也都是當年這支地方服務團隊中的重要成員。請繼續往下閱讀...蕭美琴說，看著過去一起跑行程、服務地方的年輕夥伴，一路累積經驗、成長，到今天願意站到第一線承擔公共責任，對她而言有著不同的意義。她也分別談到兩人的特質，肯定林則葹在專業與議會工作的投入，也提及陳思伃長期地方服務所展現的溫暖、對人的關心及對花蓮的情感。蕭美琴表示，自己現在雖然在中央服務，但對花蓮的關心並沒有因此中斷，內心深處一直都不曾離開花蓮，也是她此次回到地方所傳達的重要情感。她期盼中央與地方持續合作，也讓更多願意投入公共事務、願意扎根地方的人，在花蓮繼續成長、承擔。爭取連任的林則葹為大葉大學生物產業科技系博士，曾任蕭美琴國會助理、行政院東部聯合服務中心國發組專員及大學講師，2022年首次當選花蓮縣議員。「提出問題只是開始，最後有沒有做到，才是議會監督真正要追的事情。」，進入議會後，持續關注長者照顧、農業、教育、公共工程、地方產業及災後重建等議題。首次投入縣議員選舉的陳思伃，曾從事英語教學，也曾參與蕭美琴在花蓮的地方服務工作。「很多事情對政府來說可能只是一件案件，對一個家庭來說，卻可能是現在最重要的一件事。」她表示，過去站在幕後服務時所接觸到的，往往不是較遙遠的大政策，而是一個家庭、一位長輩、一個孩子每天真正面對的問題；希望把過去地方服務與教育工作的經驗帶進公共領域，持續關注偏鄉教育、長者照顧、青年留鄉及地方發展。林則葹與陳思伃此次共同成立競選總部，以「雙倍力」作為聯合行動概念。兩人表示，第三選區橫跨六個鄉鎮，幅員遼闊，各地面對的人口、產業、交通、教育與生活需求也不盡相同，未來將分別發揮議會監督與地方服務經驗，持續走訪各地。兩人希望讓地方服務不因職務改變而中斷，也讓「監督」與「服務」成為可以在第三選區持續累積的力量。花蓮縣議員第三選區候選人林則葹、陳思伃今（27）日上午在吉安鄉成立聯合競選總部，副總統蕭美琴親自回到花蓮出席，為兩人授帶。（競總提供）花蓮縣議員第三選區候選人林則葹、陳思伃今（27）日上午在吉安鄉成立聯合競選總部，副總統蕭美琴親自回到花蓮出席，為兩人授帶。（競總提供）    ,https://news.ltn.com.tw/news/politics/breakingnews/5587641
仿鍘美藝術節演《貍貓換太子》？ 沈伯洋「不贊成」：選戰應聚焦市政,政治,2026/09/27 14:47,民進黨台北市長參選人沈伯洋（中）與市議員參選人馬郁雯（左一）。（資料照）民間日前籌辦「鍘美藝術節」引發熱烈迴響，近期網路傳出有人欲如法炮製，規劃在台北市上演《貍貓換太子》，引發不少台派網友憂心升高仇恨動員反傷選情。對此，民進黨台北市議員參選人馬郁雯今（27）日轉述台北市長參選人沈伯洋的最新表態，沈伯洋嚴正強調「我非常不贊成」，重申選戰主軸應檢驗市政與施政能力，個人的過去、家人與身世都不該成為焦點。前總統陳水扁女兒陳幸妤日前遭遇婚變風波，民間自發發起「鍘美藝術節」聲援並掀起討論。然而，近期社群平台盛傳有部分人士企圖複製該模式，在台北市籌劃《貍貓換太子》劇目，疑似劍指現任市長蔣萬安的身世傳聞。這項消息曝光後，不少綠營及台派支持者紛紛示警，認為此類操作恐淪為無謂的負面仇恨動員，甚至波及正在力拚翻轉首都市長選情的沈伯洋。請繼續往下閱讀...馬郁雯今天在Threads發文轉述沈伯洋的最新回應，沈伯洋表示，自己在選戰之初就已清楚表明態度，無論是針對他人的過去、家人或身世背景，都不應該成為這場選戰的主軸，這些也完全不是選民在意的核心；他所關心的只有現任者的市政表現究竟如何、施政能力是否足以勝任，若有人刻意要往身世議題炒作，「我個人是非常的不贊成」。沈伯洋強調，「我對這種事情是完全的不贊成。這個跟他有沒有售票或者跟他劇本有沒有寫好，跟我贊不贊成，這是完全沒有關係的事情。我不贊成就是不贊成。」     在 Threads 查看    ,https://news.ltn.com.tw/news/politics/breakingnews/5587631
黃柏瑜在台中高鐵站巧遇沈伯洋 大喊「沒有那麼巧的吧」,政治,2026/09/27 14:41,民進黨彰化市長參選人黃柏瑜（圖左）今天與台北市長參選人沈伯洋巧遇。（黃柏瑜提供）民進黨台北市長參選人沈伯洋捲起的「洋流」旋風，今天（27日）流到台中市，與民進黨台中市長參選人何欣純合體。民進黨彰化市長參選人黃柏瑜今天中午在台中高鐵站，竟然巧遇沈伯洋，讓黃柏瑜大喊「沒有那麼巧的吧！」彼此為對方加油，為選情拚到底。黃柏瑜指出，他曾經與沈伯洋有過簡短對談，針對他31歲參選彰化市長被認為太年輕，沈伯洋認為年輕是優勢，年輕的優勢就可以來做改變！他也受到「洋流」的破圈影響，他與沈伯洋的影音互動也創造了網路話題。請繼續往下閱讀...黃柏瑜表示，他知道沈伯洋今天到台中市與何欣純合體，也與小朋友進行戰鬥陀螺對決，但真的沒想到他會在台中高鐵站巧遇沈伯洋，兩人開心合照，也彼此加油，他也當場向沈伯洋說謝謝，因為與沈伯洋對談，不只創造話題，也成功破圈，讓更多人認識到他。不過，民眾看到黃柏瑜與沈伯洋竟然在台中高鐵同框，都覺得真是太好運了，還有時間可以拍照，紛紛留言「雙帥雙贏」、「都是未來的帥市長」，但民眾眼睛很尖，都想問為何沈伯洋的手中為何有顆寶可夢球，真是太神了！    ,https://news.ltn.com.tw/news/politics/breakingnews/5587636
中共藉川習會搶二戰話語權 沈有忠：習近平沒資格談！,政治,2026/09/27 14:37,陸委會副主委沈有忠等人今（27）日出席「習近平訪美後的美中台關係」座談會。（記者叢昌瑾攝）川習二會後，白宮事實清單與中方發布的8項要點皆提及，美中於二戰並肩作戰的歷史。針對二戰敘事，陸委會副主委沈有忠今（27）日表示，二戰時中華人民共和國尚未成立，習近平沒有資格談二戰時期的美中同盟關係，我國會透過管道，讓美方正確了解二戰過程中，中華民國是美國堅實的盟友；學者陳方隅也提醒，政府對於1949年前，中華民國與台灣是什麼關係，沒有講得很清楚，應仔細思量。美國總統川普在川習會前致詞提及二戰及飛虎隊；中國國家主席習近平也在會前致詞說，美中人民皆不會忘記，二戰期間「中美並肩抗擊法西斯侵略」的歷史。白宮會後公布的事實清單與中方發布的聲明皆指出，兩國元首憶及中國和美國是二戰盟友，並肩作戰贏得戰爭勝利。請繼續往下閱讀...此外，白宮事實清單也提及，二戰至今，美軍前進軍力部署維護了自由開放的印太地區，並為美國世代繁榮做出貢獻；中方則另外指出，中美兩軍同意儘快簽署諒解備忘錄，繼續合作搜尋在中國美軍失蹤人員遺骸。外交部批中國「吃歷史自助餐」外交部次長陳明祺今日於「習近平訪美後的美中台新局」座談會致詞表示，他認為，川普提及二戰、飛虎隊的用意是指出「美國一直在協助中國」，但中國最擅長的便是扭曲歷史、吃歷史自助餐，便將之解讀為「共同抵抗法西斯主義的侵略擴張」；後續應特別注意，中國可能會繼續在此大作文章，聲稱美國認同在二戰中與中國合作「抵抗日本軍國主義」的說法。陸委會副主委沈有忠表示，習近平沒有資格談二戰時期的美中同盟關係，毛澤東當年清楚說明共產黨在二戰的角色為「七分發展，兩分應付，一分抗日」，且二戰過程中，中華人民共和國尚未成立，聲稱美中同盟關係的「中」是指中華人民共和國非常荒謬。現在看來，習近平不斷散播訊息，將二戰史觀引至由中華人民共和國主導的方向。針對中方提及中美同意繼續合作搜尋在中國美軍失蹤人員遺骸。沈有忠強調，世上唯二尊美國飛虎隊將軍陳納德（Claire Lee Chennault）銅像，其中1尊便在花蓮縣，中華民國空軍與美國空軍合作歷史源遠流長，我國會透過管道，讓美方正確了解二戰過程中，中華民國是美國堅實的盟友，而在現今，無論地緣政治或經貿面向，台灣也才是美國最可靠的盟友。學者：二戰中華民國敘事問題需要被處理東吳大學政治學系副教授陳方隅則憂心，二戰期間的中華民國敘事問題需要被處理，我國現在被迫需要捍衛1945年以前的中華民國，卻不知道這與目前政府的主流敘事是否會有衝突。陳方隅指出，外交部長林佳龍於去年7月份致詞定調，1990年代民主化讓台灣主體性獲得確立，但政府對於1949年、1945年以前，中華民國對台灣是什麼關係，沒有講得很清楚。國內應仔細思量1949年以前中華民國之於台灣是什麼關係，如何捍衛1949年以前的中華民國地位。林佳龍去年7月曾指出，台灣自1980年代中期開始，由下而上推動政治自由化與民主化，並在1996年完成首次總統直選，至此中華民國政府的中央行政、立法代表皆由台灣人民選出，從此成為有效統治並對外代表台灣的唯一合法政府，也確立中華民國台灣與中華人民共和國對等存在、互不隸屬的現狀。此後中華民國台灣歷經3次政黨輪替，持續鞏固台灣的民主體制及主體意識。    ,https://news.ltn.com.tw/news/politics/breakingnews/5587626
趙少康回基隆訪歷史園區 肯定謝國樑活化老建物,政治,2026/09/27 14:20,爭取連任的國民黨基隆市長謝國樑（左）邀請前中廣公司董事長趙少康（中）訪問基隆。（記者俞肇福攝）前中廣董事長趙少康今天（27日）來到基隆，在市長謝國樑、立法委員林沛祥、連恩典議員、林祐德議員參選人的陪同下，參訪沙灣歷史文化園區「必應創造展演空間」及「官邸作客」，實地了解基隆近年推動歷史場域活化、藝文展演及城市觀光的成果。謝國樑提到，市府希望透過公私協力，讓過去具有歷史意義的空間重新走入市民生活，並結合音樂、藝文、餐飲及文化體驗，逐步形塑基隆新的城市特色。謝國樑表示，很高興趙少康今天回到家鄉基隆來，基隆是一座具有深厚歷史文化底蘊的港口城市，市府團隊這幾年持續思考，如何在保存城市記憶的同時，也為老空間注入新的生命。包括所在的「必應展演創造空間」，是原有舊公車處經過改造後，成為音樂演出、青年展演、樂團練習及各類文化活動使用。請繼續往下閱讀...趙少康參訪過程中，也實際走訪展演空間及歷史建築，並與謝國樑就基隆近年的城市發展及藝文空間活化交換意見。此次參訪的兩處場域，分別呈現基隆將既有公共空間轉型為藝文用途，以及將歷史建築導入文化、餐飲體驗的不同活化模式。趙少康提到，基隆是他的出生地，對於基隆的童年記憶印象深刻，每每回到基隆就像是回家一樣溫暖。他也說明，看著這座城市在謝國樑市長帶領下持續轉變，從城市公共工程到軟體藝文空間，都提供基隆市民更宜居的環境，相信市民都能深刻感受到整個市府團隊的用心及努力。談及基隆市政建設，趙少康特別關注污水下水道接管進度，他也分享他在國外取經的經驗並肯定謝市府努力的方向。他說明，污水下水道是城市發展非常重要的基礎建設，雖然工程埋在地下，市民平時不一定看得見，但對於改善居住環境、河川水質及整體城市生活品質，都有長遠而直接的影響。謝國樑強調，城市建設除了大型硬體工程，更重要的是讓市民在日常生活中感受到改變。未來市府仍會持續盤點基隆具有歷史、文化及觀光潛力的空間，透過公私協力與專業團隊合作，讓更多老建築、舊場域找到新的使用方式，在保存基隆城市記憶的同時，也為青年藝文、觀光及地方發展創造更多可能。爭取連任的國民黨基隆市長謝國樑（左3）邀請前中廣公司董事長趙少康（左2）訪問基隆。（記者俞肇福攝）    ,https://news.ltn.com.tw/news/politics/breakingnews/5587604
川習二會落幕 藍營籲賴總統提出具體因應方案,政治,2026/09/27 14:16,美國總統川普（左）與中國國家主席習近平（右）。（法新社檔案照）美國總統川普與中國國家主席習近平今年第2次會面落幕，台海局勢與美中角力備受關注。國民黨團書記長許宇甄今（27日）呼籲賴清德總統，儘速向國人發表談話，說明政府掌握的情勢、對美溝通成果與台海風險評估，並邀集朝野領袖召開國是會議。許宇甄表示，川普與習近平在華府會晤後，白宮公布的成果清單未提台灣，中方卻明確要求美國「反對台獨」。美中對台灣議題的公開表述存在落差，政府必須釐清美方立場及其政策意涵，不能僅憑外交辭令判斷台海安全。請繼續往下閱讀...許宇甄指出，川普曾公開表示，不希望發生一場距離美國9500英里的戰爭，對是否協防台灣則保留立場。這反映美國在安全承諾上維持戰略模糊，也使台灣有必要審慎評估美國利益、對中談判與對台政策之間的關係。許宇甄指出，更值得關注的是，川習預計11月深圳APEC峰會再次會面，俄羅斯總統普廷也已提出三國領袖可在峰會期間舉行三方會談。儘管目前尚未確認會談成局，但中東、烏克蘭與台海議題可能相互牽動，台灣不能毫無準備。許宇甄認為，政府必須回答五個戰略問題：美中關係究竟發生什麼變化？為何川習此時密集會晤？雙方希望改變誰的行為，又有多少能力實現目標？下一階段可能出現哪些外交與安全安排？台灣不同因應選項的成本、風險及連鎖效應為何？這些問題，賴政府必須回答，也要讓國人知道。許宇甄呼籲賴清德總統，儘速向國人發表談話，說明政府掌握的情勢、對美溝通成果與台海風險評估，並邀集朝野領袖召開國是會議。行政院也應向國會提出專案報告，針對美中談判、對台軍售、能源封鎖及供應鏈衝擊，提出具體應變方案。許宇甄強調，國家安全不能只寄望大國善意，更不能將外交沉默當成戰略定力。面對如此重大的國際局勢，賴總統迄今仍未向國人完整說明政府的判斷與準備，未盡國家領導人應有的政治責任。台灣需要的是充分資訊、跨黨派對話與可執行的風險管理，而不是讓兩千三百萬人的未來籠罩在戰略不確定性之中。    ,https://news.ltn.com.tw/news/politics/breakingnews/5587607
鄭麗文宜蘭輔選批林國漳派系酬庸 新潮流意圖接管宜蘭縣府,政治,2026/09/27 14:12,國民黨主席鄭麗文（左）到宜蘭輔選吳宗憲，痛批民進黨縣長參選人林國漳是派系酬庸肥貓。（記者江志雄攝）國民黨主席鄭麗文今天（27日）為黨提名的宜蘭縣長參選人吳宗憲站台時火力全開，指控民進黨不甘心選輸，動用司法殲滅宜蘭縣長林姿妙執政團隊，並質疑民進黨宜蘭縣長參選人林國漳是酬庸肥貓，新潮流派系正試圖接管宜蘭縣政府。鄭麗文點名新潮系前宜蘭縣長林聰賢，當年參選也被包裝得很好，但任內把農地政策搞得民怨沸騰，竟拍拍屁股走人接任農委會主委，被鄉親戲稱為「林百億」，2018年選舉民進黨大敗被迫去職，跑去當中央畜產會董事長，又因巴西進口蛋爭議下台，現在擔任兆豐資產管理公司董事長，顯示用人派系利益至上，無視基層民眾感受。請繼續往下閱讀...鄭麗文指出，過往20多年來，從陳水扁到蔡英文競選總統期間，甚至野百合世代民主運動，均未見林國漳身影，直到賴清德參選總統，林國漳才出任宜蘭縣信賴之友會理事長，她更點名林國漳擔任國營事業董監事，完全是靠著賴清德親信與新潮流背景，獲得派系酬庸肥貓職務。鄭麗文進一步批判，民進黨因無法接受宜蘭選情落敗，動用司法手段對林姿妙及縣府團隊進行恐嚇與追殺，如今綠營推舉背後由新潮流與賴清德體系主導的人選，無非是想在未來接管宜蘭縣政府，讓派系勢力重回宜蘭。鄭麗文強調，宜蘭向來是民主聖地，宜蘭人有極高的政治智慧與正義感，她呼籲宜蘭鄉親「眼睛要睜大」，絕不能被看似清新的包裝所欺騙，更不能讓新潮流勢力將手伸進宜蘭。    ,https://news.ltn.com.tw/news/politics/breakingnews/5587589
國民黨馬公市長參選人洪棟霖競總成立 前縣長賴峰偉披掛彩帶,政治,2026/09/27 14:11,前澎湖縣長賴峰偉為子弟兵洪棟霖，披掛紅彩帶。（記者劉禹慶攝）國民黨馬公市長參選人洪棟霖，今（27）日成立競選總部，無黨團結聯盟主席林炳坤、前縣長賴峰偉、前馬公市長蘇崑雄、葉竹林等人都現身力挺，並與國民黨澎湖縣長參選人陳振中合體，2人力爭綠地變藍天，由於馬公市長選舉，僅有2人參選，形成藍綠對決，情勢大有可為。今日洪棟霖競選總部成立，久未公開露面的前縣長賴峰偉，偕同妻子郭美珍現身會場，由於洪棟霖公職生涯，屢受賴峰偉提攜，一路歷任旅遊處長、建設處長、文化局長及參議等職務，因此在澎湖政壇上素有「師徒」之稱，由賴峰偉為其披掛彩帶，頗有傳承意味，同時也是對子弟兵的期許。請繼續往下閱讀...隨後林炳坤致贈好彩頭，國民黨澎湖縣黨部主委陳雙全、議長陳毓仁父子致贈包子，象徵「包中」，國民黨澎湖縣長參選人陳振中致贈馬到成功墨寶，並與洪棟霖合體，要為藍營奪回離島堅強堡壘澎湖執政權，讓澎湖綠地重回藍天的懷抱。洪棟霖父母與妻女也到場力挺，給予洪棟霖堅強的後盾支持力量。洪棟霖對於各界熱情支持表達感謝之意，賴峰偉將馬公市中正路商圈整頓功勞，歸功於洪棟霖當年的規劃，同時對於本屆馬公市長黃健忠，得票率僅有32%，認為洪棟霖大有可為，馬公市長選舉回歸藍綠對決基本盤，絕對有勝算。林炳坤則盛讚洪棟霖學經歷俱佳，向民眾推薦是最佳的馬公市長人選。國民黨澎湖縣長參選人陳振中與馬公市長參選人洪棟霖兩人合體，要讓綠地變藍天。（記者劉禹慶攝）    ,https://news.ltn.com.tw/news/politics/breakingnews/5587590
動作超熟練！沈伯洋赴台中「自備戰鬥陀螺」比賽 網驚：真的懂玩,政治,2026/09/27 14:08,沈伯洋今（27日）上午前往台中北區元保宮參加「台灣尚勇盃」戰鬥陀螺比賽。（記者歐素美攝）掀起溫暖的「洋流」民進黨台北市長參選人沈伯洋，今（27日）南下與台中市長參選人何欣純「欣潮」合體，掀起各界矚目。儘管行程滿檔，沈伯洋仍安排時間，自備戰鬥陀螺參加元保宮舉辦的「台灣尚勇盃」比賽，畫面曝光後，迅速吸引大批網友熱烈討論，熟練動作也釣出不少玩家大讚「真的懂玩」。據了解，台中北區議員參選人簡嘉佑、陳信秀等人日前宣布，將和沈伯洋一起組成隊伍，前往元保宮競爭「台灣尚勇盃」戰鬥陀螺比賽，消息曝光後，引起許多支持者與網友關注。今日上午9點左右，沈伯洋如約到元保宮參加「台灣尚勇盃」戰鬥陀螺比賽，他和4名優勝者對戰陀螺，最終比賽結果為2勝2敗。請繼續往下閱讀...有趣的是，與沈伯洋對戰的1名小朋友獲勝後，特別送給沈伯洋一份小禮物，希望能請沈伯洋轉交給女兒小麻糬，溫馨互動不僅感染現場民眾，相關畫面也在各大社群平台吸引大批支持者與網友瘋傳。此外，沈伯洋自備整套戰鬥陀螺、賽前熟練組裝陀螺等動作、盒子與發射器配色神似虛擬歌手「初音未來」，也成為熱門網路話題。許多宅宅、玩家讚嘆說，「那個防撞箱有夠專業」、「臉上的興奮整個溢出螢幕了」、「哈哈哈哈好臭宅（稱讚意味）」、「8月就有對戰過Puma，他真有玩、有懂」、「看那熟練的組裝速度，真的什麼都懂！」、「好好笑完全沒在理主持人，只在乎他等一下能不能贏」、「那個在找東西的舉手投足之間，真的就是宅宅會出現的樣貌」、「那專注神情是真的有在玩的人，眼裡才會散發的光芒」。也有不少網友表示，第一次看到台灣政治人物在選前拜票期間，安排如此歡樂的行程，「人家在選市長他在選發射器」、「這是我看過最有趣的候選人行程了」、「第一次看到市長候選人拜票活動在玩戰鬥陀螺」、「表面上是來助選，實際上是來打戰鬥陀螺的吧」、「參選市長還可以玩戰鬥陀螺，沒有比這更好玩的啦」、「真性情到讓人大開眼界，我這輩子活到現在還沒看過這麼親民的政治人」。另有人列出國民黨、民眾黨部分參選人，先前曬出的類似畫面或發言，與沈伯洋進行對比後，直言一眼就能知道誰是「譁眾取寵擺拍蹭熱度」或「每件事都會認真全力以赴」的那方，「沈伯洋真的跟那些擺拍仔不一樣」、「想到那位要跟年輕人拉近關係說茉莉蓮的 」、「不像蔣不聽只會擺拍，三年三班手工薯條」、「這才是真的玩家，幾個禮拜前，台中市政府有一群不會玩的還要人家教」。相關新聞請見：「洋流」到台中！沈伯洋元保宮戰鬥陀螺會友 2勝2敗蔣萬安打戰鬥陀螺「喊錯口號」挨批 沈伯洋妙喻與市政連結募資小物金額「3939」是什麼意思？ 沈伯洋親解密：就是初音報連勝文、連勝武合體現身新北戰鬥陀螺賽 李四川PK小朋友宣布開賽        在 Instagram 查看這則貼文            沈伯洋（@pumashen）分享的貼文沈伯洋（@pumashen）分享的貼文     在 Threads 查看     在 Threads 查看     在 Threads 查看     在 Threads 查看    ,https://news.ltn.com.tw/news/politics/breakingnews/5587528
童子瑋偕童子賢遊基隆港「童子連線」 若當選盼吸引科技企業投資,政治,2026/09/27 14:04,民進黨基隆市長參選人童子瑋（右）今天（27日）邀請和碩科技董事長童子賢（左）搭船遊覽基隆港，參觀基隆港海洋廣場前方水域的黃阿瑪水上氣球。（記者俞肇福攝）民進黨基隆市長參選人、基隆市議長童子瑋今天（27日）邀請和碩聯合科技董事長童子賢走訪基隆港，兩人搭船從海上觀看港區發展，形成「童子連線」。童子瑋向童子賢說明「西岸國門中心、東岸旅運核心」的基港雙心願景，童子瑋表示，未來若擔任市長，將整理產業用地、提出招商優惠條件，推動市政府與基隆港共同開發，也希望借重童子賢深厚的產業經驗與人脈，吸引科技企業投資基隆、創造更多在地就業機會。童子瑋表示，感謝童子賢特別來到基隆港，童子賢本身也是資深「貓奴」，因此這趟除了看港，也特別來看由他引進的15公尺「黃阿瑪」水上裝置。他說，這趟就是希望向童子賢完整介紹港口條件與「基港雙心」的願景。未來東岸將定位為「旅運核心」，持續發展郵輪、商業與觀光廊帶；西岸則打造「國門中心」，結合交通節點、商業空間與觀光設施，讓港口、城市與觀光真正整合起來。請繼續往下閱讀...童子瑋強調，基隆下一階段發展最重要的仍然是產業政策。未來市府要主動盤整可以發展的土地，依照不同產業需求設定招商條件，同時也要推動市政府與港務體系共同開發，把港區土地、交通、觀光、商業與產業，整理成可行的發展藍圖。他也當面邀請童子賢未來多替基隆介紹科技產業與企業朋友，「讓更多公司願意來基隆看看，也把好的工作機會帶進基隆。」童子賢表示，自己過去已在高雄投入研發布局，認為一座城市如果能先把環境、土地與產業條件準備好，就會提升企業投資意願。他表示，童子瑋提出的港區整合規劃方向很好，如果未來基隆也能像高雄一樣持續改善城市建設與產業環境，相信對企業會更有吸引力，也期待基隆未來的發展。童子賢指出，基隆未來從科技、觀光、商業到港口運輸，都有進一步整合的空間。他自己平常也常到基隆，無論是追著黑鳶攝影，或到廟口品嘗海港美食，都對這座城市相當熟悉。他認為，基隆既然是一座依海而生的城市，如果能從海上重新觀看港灣，再把沿岸空間整理好，將會形成很有特色的城市體驗。童子賢表示，未來如果能更清楚整理港區不同機能，讓貨櫃運輸維持專業港區需求，另外盤整適合商業、觀光使用的土地，他很期待港邊能逐步發展旅館、花園與完整海岸廊帶。他也以過去造訪威尼斯、曼谷、阿姆斯特丹的經驗指出，許多國際城市都懂得利用水域串連都市文化、博物館、美術館與商業空間，基隆同樣具有這樣的條件。童子賢也笑說，自己和童子瑋的關係可能要追溯到「200年前是一家」，兩個「童子」今天能在基隆港相聚相當難得。他表示，這次特別到基隆來看黃阿瑪，也替童子瑋加油；台灣南北都有具代表性的港都，南部有高雄、北部有基隆，他期待基隆未來能更充分結合港口與城市，善用海港條件來發展觀光、產業。民進黨基隆市長參選人童子瑋（右）今天（27日）邀請和碩科技董事長童子賢（左）搭船欣賞基隆港。（記者俞肇福攝）民進黨基隆市長參選人童子瑋（左）今天（27日）邀請和碩科技董事長童子賢（右）搭船由基隆港，參觀基隆港海洋廣場前方水域的黃阿瑪水上氣球。（記者俞肇福攝）民進黨基隆市長參選人童子瑋（左）今天（27日）邀請和碩科技董事長童子賢（右）搭船由基隆港，參觀基隆港海洋廣場前方水域的黃阿瑪水上氣球。（記者俞肇福攝）    ,https://news.ltn.com.tw/news/politics/breakingnews/5587576
本命區廟方猛酸蔣萬安「選舉才來」！ 沈伯洋沒補刀反做1事讓網大讚,政治,2026/09/27 14:00,沈伯洋26日到中庄仔福德宮。（資料照）民進黨台北市長參選人沈伯洋與台北市長蔣萬安昨（26）日晚間出席中庄仔福德宮活動，廟方董事長林春裕當面洗臉蔣萬安「選上市長就人間蒸發、選舉才來」，引發各界熱議。台灣青年世代共好協會理事長張育萌今日表示，福德宮離蔣萬安過去立委服務處僅一街之隔，如今竟把起家厝氣到公開挺沈伯洋，更酸「民政局會來查水表」；反觀沈伯洋不落井下石，反而展現高度風度談在地歷史，徹底將蔣萬安比了下去。張育萌在臉書發文回顧昨晚現場盛況，表示沈伯洋抵達時宛如巨星，短短100公尺路程被熱情支持者簇擁走了十多分鐘，現場「我的市長沈伯洋」呼喊聲此起彼落；而原定晚間近7點抵達的蔣萬安，卻遲到了半個多小時才現身。福德宮董事長林春裕在致詞時直接帶動現場高喊「讓沈伯洋當選」，甚至提前向群眾打招呼，坦言因蔣萬安是現任市長，稍後到場時自己表面上仍會說客套好話，盼大家體諒。請繼續往下閱讀...張育萌提到，林春裕當場強烈抱怨，蔣萬安過去擔任立委期間服務處就在附近的新生北路二段，每年廟會活動必定到場，出國還會特地打電話請假；未料選上市長後，林春裕連續幾年親送邀請函給幕僚，蔣萬安卻一次都沒來，直到選舉逼近才又出現。真的要說，中庄仔福德宮董事藍綠都有，包括現任新生里長曾國益是國民黨籍；中庄里長陳建中也是董事，2022年連任里長是掛民進黨籍，「林春裕明確表態必定還是會承受壓力，但要不是蔣萬安這將近4年都堅持不來，怎麼會把廟方氣到公開抱怨？」即便蔣萬安到場後以推動捷運、運動中心等市政繁忙為由尷尬道歉，張育萌仍批評是「理由伯」，狠酸「誰不忙啊？蔣萬安真的是理由伯欸，擠個半小時來廟裡拜拜，就算不能來，前一天花5分鐘打電話給董座，會花蔣萬安多少時間？然後，選舉到了，蔣萬安突然就不忙了，又可以來了？」此外，張育萌更點出雙方致詞時的鮮明反差。在林春裕砲火猛烈之際，沈伯洋接過麥克風卻未藉機落井下石，反而化身「鄉土文化研究社」社長，娓娓道來中山大同區作為台北「瓦片重鎮」與建材基石的發展歷史，更提醒洋流帶來溫暖，蔣市長來了之後大家保持風度；逐桌敬酒之前更請大家盡量給他建議。隨後林春裕雖然同樣送給蔣萬安象徵節節高升的甘蔗，卻語帶嘲諷稱是給予「情感上支持」，並開酸「民政局會來查水表」、「乾脆讓蔣萬安去選總統」，逼得蔣萬安只能在台上尷尬苦笑。張育萌強調，選戰最後倒數，首都這場大戰，現在每個週末都是轉捩點。洋流崛起，沈伯洋追到個位數以內，現在地方表態越來越熱。但對沈伯洋來說，最重要的是市民和市政，不是仇恨動員。在立法院，藍白是怎麼羞辱沈伯洋的？直到沈伯洋出來選，還繼續嗆洋流是蟑螂老鼠。廟方當場力挺，大好的局面，沈伯洋完全可以把蔣萬安嗆得一文不值。但沈伯洋始終堅持，打一場有風度的選戰。貼文引發廣泛共鳴，網友紛紛留言回應，「我喜歡沈伯洋是因為他真的專心談市政，有知識又有EQ，重新把台灣選舉拉回選賢與能的高度」、「情感上支持真的高竿」、「沈伯洋無論學經歷、過往成就及為人氣度，蔣不聽望塵莫及」、「讓蔣萬安選總統真的很有梗」、「祝他步步高升選總統，根本高級暗黑捧殺」。    ,https://news.ltn.com.tw/news/politics/breakingnews/5587448
與游皓麟成立聯合競總 李四川盼接侯友宜棒子推動大新店建設,政治,2026/09/27 13:55,國民黨新北市長參選人李四川（前左2）與新北市議員參選人游皓麟（前左3）聯合競總今成立。（記者黃政嘉攝）國民黨新北市長參選人李四川與新北市議員參選人游皓麟的聯合競選總部今成立，現場湧入600多位熱情鄉親及20多位里長現身力挺，李四川回顧過去在台北縣及新北市府服務期間，與在地有深厚情感，他說，接下新北市長侯友宜的這一棒，不是位置，而是任務，他未來將加速新店寶高智慧園區二期、推動中和光復線延伸串聯新店與台北核心地區、深坑輕軌連接動物園等等，全力帶動地方發展。李四川與游皓麟走進會場時，全場鄉親熱情高喊「凍蒜」，忠誠里長蔡雯芳也上前抱住李四川，力挺川伯心情溢於言表，李四川露出笑容回應大家的支持，藍委羅明才、徐巧芯、台北市議會議長戴錫欽、台中市副市長鄭照新也到場與會，前國民黨主席洪秀柱、台中市長盧秀燕、台北市長蔣萬安則以錄製影片方式相挺。請繼續往下閱讀...李四川表示，凡走過必留下痕跡，鄉親的支持讓他點滴在心頭。他說，新北市長侯友宜的8年任期，為新北打下相當好的基礎，「我要接下的這一棒不是位置，而是任務！」侯友宜未完成的建設，他會接續落實，已經完成的，他會用心維護，全力為市民打拚。他指出，未來若擔任市長，將持續強化大新店地區建設，首要推動新店寶高智慧園區第二期，強化AI軟體、資通訊與數位應用發展基地；同時透過興建「蘆社大橋」連接雙北，結合軌道運輸及台64線、台65線快速道路，串聯北士科、南軟、內科等AI高科技產業，一路延伸至土城、板橋、新店，打造雙北AI科技廊帶，帶動更多高科技產業進駐，讓產業、人才與就業機會留在新北。他也將全力推動中和光復線南向延伸至新店十四張，銜接環狀線、安坑輕軌、央北及十四張開發區，提供新店、中永和直達台北核心的交通廊道；以及推動深坑輕軌串聯動物園，並延伸至石碇，連接雙北軌道路網，另外大新店區包括青農及所有老街，他都會好好協助產業發展及帶動當地更新，爭取鄉親支持在地議員參選人、里長。游皓麟說，李四川42年公務生涯中，向來秉持「做工的人」精神，務實專業地推動各項施政，這樣的好人才一定要留在新北，他未來進入議會，也會共同為地方全力打拚。新店區忠誠里長蔡雯芳（抱人者）上前抱住國民黨新北市長參選人李四川（被抱者），力挺心情溢於言表。（記者黃政嘉攝）現場有眾多鄉親支持者。（記者黃政嘉攝）國民黨新北市長參選人李四川（握手者右）與現場鄉親握手互動。（記者黃政嘉攝）    ,https://news.ltn.com.tw/news/politics/breakingnews/5587584
柯志恩脫口「要吃屏東香蕉」 黃敬雅解析︰心不在高雄,政治,2026/09/27 13:47,柯志恩參加旗山農特產活動。（圖由柯志恩團隊提供）國民黨高雄市長參選人柯志恩昨（26）日到旗山參加「2026夏祭新鮮市」活動，離開前幕僚追問要不要吃（旗山）香蕉？她卻回說要吃「屏東香蕉」，遭網友嗆「回屏東選吧！」；對此，民進黨高雄市議員參選人黃敬雅諷柯志恩說「心不在高雄、缺乏在地認同！」黃敬雅指出，旗山香蕉是高雄傲視全台的農業品牌與文化資產，市府團隊與在地農會更是齊心拓銷海內外市場。柯志恩既然來參加農產推廣活動，理應以政策牛肉爭取鄉親認同，結果只因發現旗山農會與鄉親力挺延續陳其邁市政的賴瑞隆，自感被冷落成「局外人」，離場時竟脫口指名要吃鄰縣香蕉。即便藍營幕僚事後搬出「屏東老家」解套，依然掩飾不了其被冷落後的失態，以及高雄歸屬感的匱乏。請繼續往下閱讀...黃敬雅進一步梳理柯志恩的從政足跡，自2020年角逐新北板橋立委失利，隨後轉戰高雄參選市長，平日言必稱深耕在地，到了產地卻因討不到掌聲就下意識排斥在地特產。黃敬雅並質疑，「一下板橋、一下高雄、一下屏東」，柯志恩的心到底定在哪裡？「一個連親臨產地推廣，都能因個人情緒賭氣回絕的人，如何具備扎實的農業產銷藍圖與產業轉型願景？」黃敬雅強調，市政推動需要的是扎實的產業政策研究、對地方脈絡的深刻理解，及長期深耕的誠意。她呼籲柯志恩應回歸市政政策本質，提出對高雄農業產銷、區域發展的具體解方，高雄市民需要的是延續高雄驕傲的市長，而非不時就賭氣傲嬌的市長。柯志恩競辦發言人黃騰憲則澄清，昨天柯志恩委員因中秋佳節結束旗山行程後，安排趕往屏東與家人短暫聚餐。離開前與幕僚輕鬆談話，說出「要吃屏東香蕉」，沒想到卻遭到外界擴大解讀。    ,https://news.ltn.com.tw/news/politics/breakingnews/5587571
台中人有多瘋！洋流欣潮合體審計新村塞爆「半小時走不出來」,政治,2026/09/27 13:46,沈伯洋與何欣純合體受到夾道歡迎的人氣包圍。（記者蘇孟娟攝）民進黨台北市長參選人沈伯洋「洋流」，今日與民進黨台中市長參選人何欣純「欣潮」在審計新村合體，台中人七早八早就趕到現場守候，有人特地從台北、台南趕來力挺，現場塞爆，兩人合體讓現場情緒沸騰，審計新村短短幾百公尺「半小時走不出來」，場外群眾雖然看不到「洋流會欣潮」場面，卻有秩序自發排長龍等候，讓群眾感動喊「我台中人我驕傲」。沈伯洋今與何欣純在審計新村合體，9點不到人群就滿到周邊道路，沈伯洋一到與何欣純會合後，全場情緒沸騰，民眾爭睹、搶拍、握手，現場人潮塞爆，兩人光從沈伯洋下車點到審計新村入口幾十公尺，就走了超過10分鐘，進入審計新村後步道空間本來就不寬，人群更是「摩肩擦踵」，短短幾百公尺的路程，走了半小時「走不出來」。請繼續往下閱讀...場外更擠滿不少進不去的群眾，雖急切引頸期盼見證「洋流會欣潮」，卻很有默契自發排成一排，很有秩序等待洋流欣潮「流過」，因人群實在太多，在外圍根本看不到沈伯洋及何欣純本尊，只聽到前面的人喊「台北的市長沈伯洋」、「台中的市長何欣純」，就跟著喊起來，情緒嗨到最高點。沈伯洋與何欣純走出審計新村後沿綠園道往市民廣場前進，因支持者太熱情，爆多人潮夾道歡迎，約1公里的距離只能「龜速」前進，沿途秩序良好且氣氛歡樂，有人邊走邊交流，「我們都是老鼠、蟑螂」、「我是工讀生哦」，大家會心一笑，直呼「感覺好驕傲」、「怎麼辦我快哭了」。有人興奮分享今天一早從台北南下，先衝元保宮看沈伯洋玩戰鬥陀螺，再趕審計新村拚跟沈伯洋擊掌，雖然沒如願，還是直呼值得，也有人說一大早6點就從台南趕來，看到滿滿人潮，開心回來對了，還有不少年事已高的「資深粉」，喊起來聲音不輸年輕人，有人直說，「台中已經好久沒看到這麼熱情又歡樂的樣子了」。沈伯洋與何欣純台中合體吸爆滿人潮。（記者蘇孟娟攝）民眾各憑本事爭睹「洋流會欣潮」。（記者蘇孟娟攝）審計新村外圍不少人擠不進第一現場，在場外自發排隊有秩序等候，讓民眾喊「我台中人我驕傲」。（記者蘇孟娟攝）洋流會欣流吸爆滿人氣爭睹，短短幾百公尺「半小時走不出來」。（記者蘇孟娟攝）    ,https://news.ltn.com.tw/news/politics/breakingnews/5587579
從不被看好到掀起洋流！賴清德昔力薦沈伯洋全文在這,政治,2026/09/27 13:44,民進黨台北市長參選人沈伯洋，一改投入選戰初期完全不被看好的局勢，在全台各地掀起「洋流」。圖為5月13日提名記者會。（資料照）民進黨台北市長參選人沈伯洋一改投入選戰初期完全不被看好的局勢，在全台各地掀起「洋流」聚攏人心，而兼任民進黨主席的總統賴清德當初力薦沈伯洋，似乎頗有先見之明。民進黨中執會5月13日提名不分區立委沈伯洋參選台北市長，賴清德當天在記者會上表示，沈伯洋於美國賓州大學取得法學碩士後，也到加州大學爾灣分校攻讀博士學位，研究社會生態學相關領域，不只是擁有國安、資訊與法律的專業，也是兼具都市規劃、環境心理學的跨領域人才。請繼續往下閱讀...賴清德指出，沈伯洋看待城市治理，並不是單一政策的堆疊，而是彼此連動的整體生態系統，同時也透過「真．善．美」的嚴謹邏輯，來建構具備韌性、透明且充滿人性關懷的城市空間。加上沈在國外求學和國際城市交流的經驗，明白台北的國際定位，不應只面向中國，而是要與世界的平等連結。賴清德透露，沈伯洋認為「台灣已經走向世界，台北市也應該走向世界」，亦即台北市應該以豐富的民間活力與民主價值，來與世界進行等價交流。因此，沈主張推動「無限城論壇」，與東京、紐約、倫敦等民主重鎮並肩而行，建立起「超越地理、連結價值」的城市外交體系。賴清德當時強調，一座城市的進步，需要一位「具國際視野、跨領域治理能力、同時有溫度的城市治理者」，因此，他呼籲所有台北市民全力支持最佳市長人選沈伯洋，讓台北治理回歸到真正以人為本的有機進化。誰也沒想到的是，沈伯洋參選初期原本被戲稱為「砲灰」，如今卻形成吸引廣大民氣的「洋流」，正在激起全台的熱潮。    ,https://news.ltn.com.tw/news/politics/breakingnews/5587519
洋流會欣潮！沈伯洋手握東泉獲稱「全場最魔幻一刻」,政治,2026/09/27 13:43,民進黨台北市長參選人沈伯洋（右）手握東泉辣椒醬獲讚稱「全場最魔幻的一刻！」（台中市議員江肇國提供）民進黨台北市長參選人沈伯洋今天（27日）將「洋流」帶到台中，與台中市長參選人何欣純合體走讀被稱為「洋流會欣潮」，台中市西區議員江肇國是走讀會場民代，有拍到沈伯洋手握東泉辣椒醬畫面，江肇國讚稱「全場最魔幻的一刻！」並說，洋流太震撼，周遭早餐、咖啡店、小吃攤商家都稱「中秋連假今天生意最好」。沈伯洋、何欣純上午10時從審計新村走到市民廣場，短短6百公尺路走了超過半小時，江肇國拍到沈伯洋手握東泉辣椒醬畫面，直呼是「全場最魔幻的一刻！」而在眾人野餐時，沈伯洋用辣椒醬加雞蛋糕，輪到炒麵也一樣加上東泉辣椒，大啖一口後驚呼「太好吃了吧」。請繼續往下閱讀...江肇國表示，「洋流」實在太震撼，可惜天氣太熱、豔陽高照，沒讓沈伯洋感受到綠園道綠意及台中美麗，沈伯洋已答應下次還要來台中，而「洋流」威力讓綠園道沿線早餐、咖啡店、小吃攤商家人潮滿滿，多稱「中秋連假今天生意最好」。    ,https://news.ltn.com.tw/news/politics/breakingnews/5587577
北市府變蔣萬安專屬競選團隊？ 黃帝穎批：特權惡習的延續,政治,2026/09/27 13:38,黃帝穎指出，蔣萬安要北市府發新聞稿攻擊沈伯洋，就是把領市民血汗錢的公務員當成蔣個人競選總部人員。（資料照）台北市長蔣萬安近期爭議連環爆，台北市政府近期新聞稿的用字遣詞也愈發激烈，讓網友質疑難道北市府已經變成蔣萬安專屬競選團隊？律師黃帝穎指出，蔣萬安拿市府公帑打個人選舉，是特權惡習的延續。黃帝穎表示，蔣萬安要北市府發新聞稿攻擊沈伯洋，等於是把領市民血汗錢的公務員當成蔣個人競選總部人員，蔣萬安公器私用享盡特權成為惡習，與先前未利益迴避、推美國籍兒子佔教育局稀有名額是相同特權思維。請繼續往下閱讀...黃帝穎指出，北市府發佈新聞稿《依法遏止「砍樹死全家」謠言，請沈委員明辨是非》、《事實已證明議員烏龍爆料，教育局籲沈伯洋委員不該看到翻車還上車》，蔣萬安要北市府發新聞稿攻擊沈伯洋，就是把領市民血汗錢的公務員當成蔣個人競選總部人員，連競選總部人員都要市民買單。黃帝穎提到，蔣萬安未利益迴避在教育局甄選資料裡夾帶市長身分，就是特權；強推美國籍兒子搶佔教育局稀有名額，未依法填寫「利益迴避身分揭露表」，卻在教育局甄選資料中夾帶市長身分，等於特權。蔣萬安施壓，教育局不敢拒絕，而蔣萬安相同的特權惡習，也拿來要求公務員免費幫他打個人選戰。    ,https://news.ltn.com.tw/news/politics/breakingnews/5587444
內幕》習近平又唸日本  川普再護高市早苗,政治,2026/09/27 13:38,美國總統川普（右）與日本首相高市早苗。（美聯社資料照）9月24日川普與習近平在白宮的閉門會談，大家在關切台灣議題之餘，千萬不要遺漏的另一個習近平更在意的重要焦點，就是他對日本高市早苗首相的憤怒。習近平再次以「新軍國主義」描述高市的思維，以及日本政策的走向。這個話題所佔的時間，甚至遠遠高於台灣議題。習近平向川普數落高市首相的「證據」，據了解包括日本大幅擴增軍事預算；宣布在遭受武力攻擊等法定條件下，可以利用長程飛彈攻擊對方領域內的軍事目標；開放對外出售攻擊性武器；棄置日本侵華戰爭的責任等等，囉囉唆唆的叨念了許久。請繼續往下閱讀...聽完習近平的告狀，川普的回答依舊是肯定高市的人品，還說「我相信她的領導」，四兩撥千斤地結束習的指控。這不是習近平第一次對川普表達對高市的關切，今年5月15日習近平在北京與川普舉行峰會時，已經向川普嚴肅談到高市推動日本強化防衛能力的政策調整，並視為是日本「再軍事化」，當時川普的回答是「我很喜歡她」。時隔不過數月，習近平再次高強度、高頻率的指控，可以清楚看出習近平當前的「戰略焦慮」何在。中國的意向清晰，問題轉為是川普如何處置？川普與高市藉聯合國大會先前已經在紐約會過面，「川習二會」後，川普馬上在26日晚間9點與高市再次通了電話，相談20多分鐘，根據NHK報導，川普說明美中峰會內容，兩人並就包括經濟安全在內的中國相關議題交換意見，確認日美兩國將持續協調。因此可以想見，習近平又罵高市的談話，高市很快的已經得知了。「川習二會」上日本問題大大優先於台灣議題，這說明了習近平一直在強調恢復「戰後秩序」的心態，相互緊密連結。習近平想的是：當年美、中、俄所組成的反法西斯陣營，不應該被破壞，應該繼續下去。他的一廂情願，不要說美國早就把當年的那段歷史，界定為「權宜同盟」，事實上，在川普二次主政下，一個新的國際秩序正在建構之中，那就是資本主義的再起，要共同對付共產主義，這是當前「美日同盟」最深刻的精髓所在。由此來看川普為何在習近平一上飛機，人都還沒有降落北京，就在社群平台與白宮帳號雙雙貼出要擊敗「共產主義、社會主義與馬克思主義」，一切就答案自明了。    ,https://news.ltn.com.tw/news/politics/breakingnews/5587575
何欣純競總估從一早審計新村到沈伯洋到場至市民廣場   人流約3萬人次,政治,2026/09/27 13:34,沈伯洋的人流將審計新村店家團團圍住，店家都忍不住說少見。（記者廖耀東攝）民進黨台北市長參選人沈伯洋今天上午到台中市審計新村與中市長參選人何欣純合體，支持者在人潮「浮沈」，雖擠但卻十分開心，估審計新村現場人流約有2500多人次，而何欣純工作人員統計從8點審計新村開始的人流，直到11點多走到市民廣場，參與人次約3萬多。審計新村不管平時還是假日，都是11時開始營業，有店家表示，因為知道沈伯洋今天會到審計新村來，因此提早在10點前就開始營業，而且提早備料。請繼續往下閱讀...由於沈伯洋原訂在審計新村民生路口停的人潮太多，沈伯洋提前下車，在10點多才有辦法進入審計新村內，人潮將沈伯洋團團圍住，由於兩側皆是店家，何欣純工作人員高喊，「請小心請小心，不要撞倒店家的物品」。由於審計新村附近的道路都被人潮擠爆，店家都表示，本來審計新村假日人就很多，沈伯洋一來，更是多的嚇人，整個審計新內的人流高達2千多人。而何欣純競總初估，從8點開始計算審計新村的人流，直到沈伯洋到場，與民眾一同走到市民廣場這段時間，人流相當於3萬人次。    ,https://news.ltn.com.tw/news/politics/breakingnews/5587554
柯志恩「要吃屏東香蕉」 賴瑞隆旗山後援會長：就送她去屏東吧！,政治,2026/09/27 13:25,民進黨高雄市長參選人賴瑞隆（中）今天成立旗山後援會，旗山農會理事長陳峯翔（右2）、總幹事方介佐（左3）送上旗山香蕉。（記者蘇福男攝）國民黨高雄市長參選人柯志恩昨（26）日到旗山參加「2026夏祭新鮮市」活動，離開前有人追問要不要吃（旗山）香蕉？她沒收下，並笑回說要吃「屏東香蕉」，民進黨高雄市長參選人、立委賴瑞隆今天上午成立旗山後援會，後援會長蔡仕朋嘲諷柯沒吃過旗山香蕉，既然那麼想吃屏東香蕉，「就送她去屏東吧！」賴瑞隆旗山後援會熱鬧成立，柯志恩昨沒收下幕僚給的旗山香蕉，反而笑回說要吃「屏東香蕉」，讓旗山蕉農炸鍋，蔡仕朋上台致詞時，嘲諷柯沒吃過旗山香蕉，既然那麼想吃屏東香蕉，「就送她去屏東吧！」請繼續往下閱讀...立委邱議瑩也說，她老家雖然也在屏東，但在旗山絕對不會說要吃「屏東香蕉」，誰才是真正照顧旗山蕉農，從這點看得很清楚。賴瑞隆受訪時表示，旗山是台灣香蕉重要產地，也是香蕉之城，來到旗山一定要吃旗山香蕉，他個人也很喜歡吃旗山香蕉，希望更多人來支持旗山香蕉、支持農民、支持農產品，讓農民有更好的收入。針對柯志恩要吃「屏東香蕉」說，賴瑞隆旗山後援會長蔡仕朋（揮旗者）今天嘲諷柯沒吃過旗山香蕉，既然那麼想吃屏東香蕉，「就送她去屏東吧！」（記者蘇福男攝）    ,https://news.ltn.com.tw/news/politics/breakingnews/5587526
跨黨派合體！蕭美琴回花蓮 議長張峻同框,政治,2026/09/27 13:25,副總統蕭美琴今天到花蓮為參選縣議員的兩名昔日助理林則葹、陳思伃站台。（記者王錦義攝）副總統蕭美琴今（27）日上午特地回到花蓮，為過去在立委任內的兩位隨行助理林則葹、陳思伃競選縣議員助選，出席兩人聯合總部成立大會，現場氣氛熱烈。最引人注目的是，無黨籍花蓮縣長參選人、縣議會議長張峻也特別到場加油打氣，雖未上台致詞，但台下首度與蕭美琴同框握手互動。蕭美琴致詞時特別感謝張峻，並溫情喊話：「希望能超越政黨立場，跨黨派一起為花蓮共同努力！」蕭美琴抵達現場受到鄉親熱烈歡迎，並親自為林則葹、陳思伃披掛彩帶，呈現「V」字象徵勝利與力量加成。蕭美琴感性稱兩位參選人是「葹思雙姊妹」，笑稱當年兩人陪她「台九線走萬遍」，從蘇花改、台九線拓寬、老舊校舍廁所改建，到農業議題與吉安淹水治理，地方每一個角落都有她們默默服務的足跡，即便她轉換了崗位，在不同的位置上，花蓮常常就在心裡。請繼續往下閱讀...蕭美琴也提到過去在花蓮擔任立委任內，服務都是跨黨派、不分族群，她說，過去吉安鄉面臨的淹水問題，當時也跟藍營的鄉長，不分黨派跨黨派一起合作，來做水域治理建設，花蓮很多疑難雜症的問題，要整合很多中央跟地方，甚至是不同單位彼此間各種的問題，希望中央跟地方大家能夠一條心，克服過去的障礙，相信能夠為花蓮做得更好。蕭美琴形容自己曾是在花蓮受大家灌溉成長的一棵樹，即便大風吹倒被「移植」到雙橡園與台北，但身邊留下的兩棵幼苗已在花蓮發芽茁壯，從來沒有離開過花蓮。她稱讚林則葹是議會唯一的博士生，專業認真；陳思伃則極具使命感與孝心，兩人甘願在同一選區攜手奮戰、不搶票，展現政治領域難得的無私與大愛，期許鄉親用選票呵護這兩棵民主幼苗，也支持這次民進黨所有提名的參選人。對於張峻議長親臨現場，蕭美琴在致詞中也特別表達感謝，她表示，張峻議長這幾年來照顧不同黨派的議員，團結推動花蓮進步。她也寄語未來：「希望議長繼續秉持不分黨派、照顧所有花蓮鄉親的心，我們可以一起合作，超越彼此過去的政黨立場，來為花蓮往前共同努力！」，兩人在會後也與民進黨的參選人一起大合照。副總統蕭美琴今天到花蓮為參選縣議員的兩名昔日助理林則葹、陳思伃站台，縣議會議長張峻也受邀出席為民進黨籍參選人加油打氣。（記者王錦義攝）副總統蕭美琴今天到花蓮為參選縣議員的兩名昔日助理站台，在台下與縣議會議長張峻握手。（記者王錦義攝）    ,https://news.ltn.com.tw/news/politics/breakingnews/5587551
沈伯洋狂吃炒麵畫面曝光 稱台中人握手「那是握球棒吧」,政治,2026/09/27 13:15,民進黨台北市長參選人沈伯洋（中）將「洋流」帶到台中，從審計新村走到市民廣場，短短6百公尺路走了超過半小時。（記者廖耀東攝）民進黨台北市長參選人沈伯洋今天（27日）將「洋流」帶到台中，台中市長參選人何欣純在市民廣場安排野餐，沈伯洋狂吃炒麵稱「我最喜歡吃炒麵」，待何欣純說「伯洋，你再吃一口炒麵我們就要起身了」，沈伯洋趕緊稱，「真的假的，來不及了是不是」（連吃好幾口）。除了愛吃炒麵，沈伯洋從審計新村走到市民廣場，短短6百公尺路走了超過半小時，沈伯洋還比較台北、高雄及台中人「擊掌握手差異」，沈伯洋說，把大家走累了，真的很不好意思，很多人要擊掌沒有擊到，真的有點不好意思，在這邊跟大家先講不好意思。請繼續往下閱讀...沈伯洋表示，台中很有特色啦，他在台北擊掌大家就是這樣擊掌（手對手），在高雄大家會這樣握起來啦（雙手緊握），但是台中，「台中不知道為什麼會有兩隻手這樣握呢？（對握）  ，那是握球棒吧！」沈伯洋野餐吃炒麵吸引數百名粉絲圍觀，洪小姐說，選舉活動通常是吃個意思意思，結果PUMA每口都很認真吃，也有粉絲搜出炒麵店名，直呼是「胖媽炒麵 模範店」，在漢口路、大雅都有分店。民進黨台北市長參選人沈伯洋（中）、台中市長參選人何欣純（左）在市民廣場野餐。（記者黃旭磊攝）    ,https://news.ltn.com.tw/news/politics/breakingnews/5587529
沈伯洋憶亡母要大家幫媽媽投欣純一票   何欣純感動拭淚,政治,2026/09/27 13:10,沈伯洋稱讚何欣純就是金庸小說「神雕俠侶」裡的「俠之大者」，為國為民。（記者歐素美攝）台北市長參選人沈伯洋今天出席在民進黨台中市長參選人何欣純競選總部舉辦的信賴之友會「百工百業後援會」授證典禮，稱讚何欣純就是金庸小說「神雕俠侶」裡的「俠之大者」，為國為民，他並指出，他也是半個台中人，因媽媽是太平人，去年其母親去世，他收拾媽媽東西時發現都是何欣純的東西，希望大家幫媽媽投一票給欣純姐；何欣純聽到也忍不住感動拭淚。沈伯洋說，媽媽一直希望他貢獻社會又怕他受傷，他沒有機會讓媽媽看到他參選台北市長，但他跟何欣純在立法院經常合作，一起對抗惡意，金庸小說「神雕俠侶」有句話「俠之大者，為國為民」，欣純完全符合這句話，這也是民進黨在各縣市奮鬥最主要的精神，當我們看到陳其邁出書談到，為了輕軌，團隊跟別人跪，為什麼？因為城市的發展太重要了，對我們來講，沒有什麼事是不能彎腰的，沒有什麼事比城市及國家的發展更重要。請繼續往下閱讀...沈伯洋表示，傳統產業需要幫忙，所以我們8年來一直在推無人機條例，國民黨在江啟臣當主席時就是在擋無人機條例，何欣純為此直接跟江啟臣鞠躬拜託，但今天為了一個國家的時候，身段再軟都沒關係，因為我們背後代表是民眾、是市民，希望產業活絡，所以要我們做什麼都願意，所以「俠之大者、為國為民，就是欣純姐」，走進每一個弄巷聆聽民意的就是我們的欣純姐，今天為大家站出來要對抗惡意的是我們的欣純市長。沈伯洋指出，百工百業都需要幫忙，他在台北一直在想市政府如何將AI跟產業結合的模型開發出來，台北市政府資源很多，AI跟產業結合的模型開發出來，其他縣市也可以用，這就是每個城市之間互相合作非常重要的地方，他去高雄也跟整隆隆這麼說，城市分工合作，每個產業都能雨露均沾，當每個市長都懂得分工時，那就是每個產業都能賺大錢，跟著起飛，這才是我們要的台灣。沈伯洋強調，大家都在同一個屋簷下，一起追逐著民主自由，一起守護著民主跟自由，這樣一代一代下去，在自由民主之下讓大家可以溫飽，沒有人被遺漏，這是欣純姐的想法，也是他的想法，洋流慢慢流進台中市，洋流是溫暖的，腳踏實地一步接一步，拜託大家支持何欣純及台中市民進黨議員參選人。沈伯洋說，媽媽是太平人，去年母親去世，他收拾媽媽東西時發現都是何欣純的東西，希望大家幫媽媽投一票給欣純姐；何欣純聽到忍不住感動拭淚。（記者歐素美攝）    ,https://news.ltn.com.tw/news/politics/breakingnews/5587516
華爾街日報揭鄭麗文訪中先交談話稿 國民黨：正常幕僚作業,政治,2026/09/27 13:05,國民黨主席鄭麗文。（資料照，記者田裕華攝）《華爾街日報》揭露，國民黨主席鄭麗文與中國國家主席習近平會面前數月，中國官員曾與國民黨談判人員協商她訪中的談話內容；鄭麗文甚至先提供談話稿，其中明確「反對台獨」獲得習的認可。國民黨文傳會主委陳以信今（27）日回應嚴正駁斥。他指出，政黨交流前的聯繫、議題彙整、行程協調與會談重要內容事前溝通，本來就是正常幕僚作業。陳以信強調，國民黨所有對外交流，始終秉持對等、尊重的原則，正常的幕僚工作不應被刻意渲染，更不應成為政治攻防的工具。請繼續往下閱讀...陳以信舉2015年新加坡馬習會為例，當時他是總統府發言人，會前雙方就領導人談話重點一直無法達成共識，甚至到當天中午雙方都還吵的不可開交。馬英九總統甚至撂下狠話，不惜讓馬習會破局立即返國。陳以信批評民進黨不只不懂兩岸關係，連如何舉辦兩岸交流都不行。陳以信強調，面對當前複雜的兩岸與國際局勢，真正重要的不是民進黨政府不斷透過政治操作攻擊在野黨，而是政府究竟有沒有能力管控風險、維持台海和平穩定。當美中等主要國家都持續透過各種管道保持溝通、管理分歧，台灣更沒有理由主動關閉對話的大門。陳以信呼籲賴政府，與其花時間對正常交流進行政治操作，不如向國人清楚說明：面對兩岸情勢與風險升高，政府究竟提出了什麼具體有效的風險管控機制？又要如何避免誤判、降低衝突風險？他強調，國民黨的立場一向清楚：強化台灣自身安全，同時透過溝通降低誤判與衝突風險。只要是在對等、尊重、符合中華民國利益的前提下，有助於降低風險、維護和平的正常交流，就不應被污名化或政治化。    ,https://news.ltn.com.tw/news/politics/breakingnews/5587517
亞運球迷拿「Taiwan」毛巾被制止 蔣萬安2天後發文聲援：為台灣加油不該成為禁忌,政治,2026/09/27 13:03,蔣萬安表示，「為臺灣加油，不該成為禁忌。」（圖取自蔣萬安臉書）名古屋亞運棒球前天台灣、中國之戰，有台灣球迷拿出印有「Taiwan」字樣毛巾應援遭工作人員制止，台日大戰昨也禁止攜帶「旭日旗」與「中華民國國旗」進場，不過今天上午11點台灣對中國的銅牌戰，並未出現任何禁止國旗的告示牌。蔣萬安今天上午11點42分臉書貼出2024年手持「Team Taiwan」毛巾發文表示，「為台灣加油，不該成為禁忌。任何打壓台灣國際空間、限縮台灣國際參與的行為，我都反對。」蔣萬安表示，在愛知名古屋亞運棒球臺灣對中國大陸之戰，場上台灣選手全力拚戰，場邊台灣球迷拿出印有「Taiwan」字樣的毛巾，為自己的選手加油，遭到制止，高喊「Team Taiwan」，是台灣球迷最直接的心情表達，「為台灣加油，不該成為禁忌。」請繼續往下閱讀...蔣萬安指出，中華隊選手在場上流汗拚戰，台灣球迷在場邊為台灣之光加油，這是最純粹的國民情感。「『Taiwan』是我們的家，也是世界認識我們的名字。它不是政治禁忌，更不該被戴上有色眼鏡。」體育的舞台，應讓選手好好比賽、球迷好好加油，而不是讓政治凌駕運動。蔣萬安提到，之前就說過，「任何打壓台灣國際空間、限縮台灣國際參與的行為，我都反對。」為台灣加油，不需要道歉；喊出「Taiwan」，不該成為禁忌。繼續為每一位在亞運賽場上奮戰的台灣選手加油，Team Taiwan，加油！    ,https://news.ltn.com.tw/news/politics/breakingnews/5587492
「洋流」首度吹進台中！沈伯洋合體何欣純 草悟道掀擊掌人潮,政治,2026/09/27 13:02,沈伯洋今（27日）前往台中，與何欣純一同展開「走讀」市區行程，並在草悟道掀起歡樂的擊掌人潮。（照片由網友walker_613授權提供） 掀起溫暖「洋流」的民進黨台北市長參選人沈伯洋，今（27日）首次前進台中，與台中市長參選人何欣純合體，一同前往台中市審計新村展開「走讀」市區行程。目前有不少民眾陸續在社群分享，2人所到沿途不僅人山人海，以及沈伯洋一路和熱情的支持者們笑著擊掌（Give me five），現場氣氛可說相當歡樂。今日是中秋連續假期第3天，根據中央氣象署顯示，台中各地氣溫今日上午平均33度左右。台中民眾除了在網上討論秋老虎帶來的高溫，還分享將「洋流」外溢到台中的沈伯洋，笑說他與何欣純一起將台中帶來跟熾熱的暖意。另有不少支持者發文透露，昨（26日）晚看到2人行程公布後，今日一大早就在行程附近卡位蹲點。請繼續往下閱讀...根據民眾拍攝影片顯示，戴著墨鏡的沈伯洋走在擠滿人潮的草悟道，一邊前進一邊笑著和沿途民眾擊掌，畫面曝光後，吸引大批網友關注，甚至直呼台中洋流非常驚人。此外，沈伯洋今日還把自己心愛的整組戰鬥陀螺，特地整套從台北帶到台中參加元保宮舉辦的戰鬥陀螺比賽「臺灣尚勇盃」，童心舉動讓不少民眾莞爾。網友留言表示，「他的盒子是初音未來呢」、「人家在選市長他在選發射器」「台中今天那麼熱，原來是因為有洋流與純風」、「不論什麼活動，真的有在玩的人的確都自己準備好裝備，而不是別人幫你擺好」、「看他動作就知道，是個會在遊戲角色設定介面花很多時間琢磨的臭宅（稱讚意味）」。「好荒謬欸（稱讚意思），第一次看到市長候選人拜票活動在玩戰鬥陀螺的，真的很親民，做什麼事都很認真」。     在 Threads 查看     在 Threads 查看    ,https://news.ltn.com.tw/news/politics/breakingnews/5587481
「洋流」助攻蘇巧慧？李四川：我一定跟侯友宜、蔣萬安並肩作戰,政治,2026/09/27 12:56,熱情支持者擁抱國民黨新北市長參選人李四川（被抱者）。（記者黃政嘉攝）國民黨新北市長參選人李四川今（27）日受訪被問及，民進黨台北市長參選人沈伯洋拼選戰掀起「洋流」，對民進黨新北市長參選人蘇巧慧是否有幫助？李回應，蘇巧慧用什麼方式選舉，他不予評論，但上次大罷免撕裂台灣人民，很多人不想再看到，他一定會跟新北市長侯友宜、台北市長蔣萬安並肩作戰。李四川今到新店參加他與新北市議員參選人游皓麟的聯合競選總部成立大會前接受媒體聯訪，針對有媒體報導稱「綠營操盤手」認為「洋流」跟「大罷免」可能是同群人，凝聚了綠營支持者，但會嚇跑中間選民，李四川表示，他的對手蘇巧慧用什麼樣的方式來選舉，他不予評論，但上一次的大罷免，把台灣的人民撕裂，現在選舉很多人都不想再看到這樣的狀況。請繼續往下閱讀...他指出，蘇巧慧跟沈伯洋是緊密的戰友，但他一定會跟侯友宜還有蔣萬安一起並肩作戰，新北市民其實比較在意的是，誰可以帶領新北市做好很多的建設、能夠讓市民安居樂業，這才是最重要的。    ,https://news.ltn.com.tw/news/politics/breakingnews/5587520
朱立倫、張善政聯袂站台 凌濤：能對決「洋流」的是「善流」,政治,2026/09/27 12:56,桃園市議員凌濤（中）27日舉辦競選總部暨桃園城市願景CF發布會，前國民黨主席朱立倫（左）、張善政（右）聯袂站台，分別致贈代表「良善」的涼風扇及代表「善良」的桃園米。（記者鄭淑婷攝）桃園市議員凌濤今（27）日舉辦競選總部暨桃園城市願景CF發布會，前國民黨主席朱立倫、張善政聯袂站台，北北基桃多位局處首長亦到場力挺，朱立倫、張善政分別致贈代表「良善」的涼風扇及代表「善良」的桃園米，期許「善流灌溉，善糧桃園」，並將這股「善流」外擴至全台灣，凌濤表示，今年選舉更加艱困，因為有一批青鳥側翼的「新洋流」正在搗亂政治環境，唯一能對決的就是「善流」。朱立倫致詞時指出，凌濤具備「為民監督、為民喉舌、為民服務」3要件，腳踏實地且關心長輩，懇託市民予以支持，他也肯定張善政是國際級科技人才，謝謝賴清德總統曾表達對張善政的肯定，並強調桃園邁向科技城與AI領航者需要張善政，配合新世代議員凌濤，懇託市民予以支持、挺桃園的未來。請繼續往下閱讀...張善政表示，自己與凌濤的淵源從4年前他擔任發言人就開始，進了議會後凌濤也依然秉持清晰的腦袋與有條不紊的口條督促市政，包括率先呼應將代理教師聘期延長至12個月、支持「生生喝鮮乳」，並在桃園市立美術館面臨中央關上補助大門時，支持市府自編20億元預算，針對桃園人口成長迅速，凌濤提議設立的「桃園科學教育館」市府已啟動規劃，明年中將會有初步方案，希望凌濤能繼續高票當選。凌濤表示，4年前當時的主席朱立倫即看出全球AI趨勢，並選擇科技市長張善政帶領桃園，張善政的政績讓桃園施政「校正回歸」且加速前進，包括捷運綠線提早3年預計於11月完工啟用、新增醫院提升醫療量能，並讓桃園成為全球AI供應鏈核心。面對政治亂象，凌濤強調要以「挺善良」、「善流」因應，並提及4年來他已提出114項重大政策、223項領銜提案，如今服務處喬遷至桃園區成功路二段，也寓意「馬到成功」，新桃園起飛。桃園市議員凌濤27日舉辦競選總部暨桃園城市願景CF發布會，前國民黨主席朱立倫、張善政聯袂站台，北北基桃多位局處首長亦到場力挺。（記者鄭淑婷攝）    ,https://news.ltn.com.tw/news/politics/breakingnews/5587495
鍘美成功後網傳北市將演「貍貓換太子」 黃智賢、李正皓齊發聲勸阻,政治,2026/09/27 12:38,網傳有部分人士想複製鍘美藝術節形式，在台北市上演「貍貓換太子」黃智賢對此發文表示，此時不適合。（圖擷取自黃智賢臉書）替前總統陳水扁女兒遭婚變抱不平、民間自發籌辦的「鍘美藝術節」日前落幕，引起熱烈迴響，也讓經典劇目《鍘美案》翻紅。不過近期網路瘋傳有人想複製「鍘美藝術節」方式，在台北市上演「貍貓換太子」，但許多台派網友都認為此舉可能拉高仇恨、波及民進黨台北市長參選人沈伯洋。名嘴黃智賢對此發文表示，此時刻不適合上演「貍貓換太子」，名嘴李正皓也強調「萬萬不可」。黃智賢稍早在Threads發文提到，有朋友問她，她是最早起鬨在台南演歌仔戲的網友之一，但如果「貍貓換太子」在台北演，她會喜歡嗎？黃智賢對此直接回應：「我不會去看。」黃智賢表示，鍘美這件事，有整個社會的共同情感，是對女性遭遇不公的疼惜與愛、有對歌仔戲等傳統戲曲的愛，發起人接住了大家的共同情感，這個情感的最底層，是愛，而且整個活動徹底與政治跟選舉無關。所以可以跨越年齡，不分背景、意識形態與地域。請繼續往下閱讀...黃智賢強調，在這個時刻在台北演貍貓換太子，在目前的情境下，不論初心是什麼，後果都會變成直接的人身攻擊與羞辱，甚至演變成政治事件，引起的將會是社會的對立與仇恨、會是很難彌補的撕裂，並且很可能會反過來傷害傳統戲曲。黃智賢說：「從小看歌仔戲，看黃梅調，看布袋戲，看平劇長大。是個深愛傳統戲曲的觀眾跟戲迷。只是想說，這個時候，比較不適合演貍貓換太子。不好意思，多嘴了。如有冒犯，請見諒。」名嘴李正皓也在Threads發文提到：「台北辦狸貓換太子萬萬不可。以上。」台北市議員參選人馬郁雯留言急勸：「真的賣鬧！萬萬不可！」    ,https://news.ltn.com.tw/news/politics/breakingnews/5587476
造勢海報貼深坑活動中心違行政中立 李四川：依規定不符已拆除,政治,2026/09/27 12:33,關於明天造勢活動的海報事前貼在深坑活動中心，國民黨新北市長參選人李四川（麥克風前）說，此舉依規定不符，第一時間已拆除。（記者黃政嘉攝）民進黨新北市議員陳乃瑜昨指出，國民黨新北市長參選人李四川的造勢活動宣傳海報竟貼在深坑市民活動中心外，質疑違反行政中立；李四川今受訪回應，事先貼海報依規定是不符的，第一時間已拆除，他說，不管哪個陣營都要依照規定辦理，不能有雙重標準。李四川今到新店參加他與新北市議員參選人游皓麟的聯合競選總部成立大會前接受媒體聯訪，媒體問到，昨天綠營市議員踢爆其造勢活動海報貼在深坑市民活動中心外，被質疑違反行政中立，但藍營市議員參選人何元楷也提到，民進黨新北市長參選人蘇巧慧被質疑事先得到交通部通知，搶先新北市府公布捷運三鶯線營運消息，蘇團隊還在新北市長侯友宜出席行程時，違反規定發放競選文宣，批蘇才是違反行政中立的慣犯。請繼續往下閱讀...李四川回應，深坑區黨部已對外說明，明天的活動是借在這個場地，事先去貼海報依規定是不符的，第一時間已經拆除，不管是哪一個陣營，都要依照規定來辦理，不能有雙重標準。相關新聞請見：李四川海報貼公務機關外牆 蘇巧慧：公務員應遵守行政中立    ,https://news.ltn.com.tw/news/politics/breakingnews/5587509
首訪台中「洋流」炸裂！沈伯洋合體何欣純 人潮擠爆畫面曝光,政治,2026/09/27 12:31,台北市長候選人沈伯洋合體台中市長候選人何欣純。（記者蘇金鳳攝）民進黨台北市長參選人沈伯洋帶動「洋流」風潮，今天（27日）首次至台中，與民進黨台中市長參選人何欣純合體，並在元保宮、審計新村等地吸引大量人潮。沈伯洋今日展開台中行程，首站先赴歷史悠久的元保宮參香祈福，現場早有眾多熱情民眾等候合影與索取簽名；隨後沈伯洋轉往審計新村與何欣純會合，兩人連袂展開商圈與市民廣場的掃街互動。現場隨即引發大批年輕族群與遊客的熱烈追捧，加油呼喊聲不絕於耳，隨行幕僚更被推擠得難以開道。請繼續往下閱讀...政治工作者周軒在個人臉書陸續分享多張現場人潮盛況，驚嘆表示「不得了、不得了，台中這個真的太瘋狂了」，更特別發文叮嚀群眾務必注意自身安全、避免推擠並多加補充水分。從曝光的側拍畫面可見，審計新村、市民廣場人頭攢動、幾乎看不見盡頭，顯見沈伯洋的「洋流」人氣正跨越縣市藩籬南下蔓延。現場畫面曝光後隨即在社群平台引發廣大迴響，網友紛紛留言讚嘆：「puma加油，欣純加油」、「從下車走進審計新村不到100公尺走了10幾分鐘」、「蔣萬安大勢已去」、「支持台北市長沈伯洋，台中市長何欣純」、「超多人，剛剛要移動前往審計新村，幕僚都被擠爆了，辛苦了」、「希望台中能出『欣』市長，台中人一起加油」、「天這麼熱還是熱情如火，大家補充水份」、「這是粉紅超跑來了嗎？」。    ,https://news.ltn.com.tw/news/politics/breakingnews/5587475
蘇巧慧喊打造「三重2.0」 加速聯醫醫療大樓、第二總圖,政治,2026/09/27 12:29,民進黨新北市長參選人蘇巧慧（前排右二）出席市議員彭佳芸三重聯合競選總部成立大會，與支持者合影。（記者賴筱桐攝）民進黨新北市長參選人蘇巧慧今天出席新北市議員彭佳芸三重聯合競選總部成立大會，她指出，希望打造「三重2.0」，包括第二行政中心、聯合醫院三重院區第三醫療大樓、銀新未來城、第二總圖書館等，都要加速進行，希望讓三重煥然一新、再升一級。蘇巧慧活動前受訪表示，感謝立委李坤城、彭佳芸與三重在地民意代表，這幾年為三重盡心盡力，彭佳芸是一位專業主播、新聞人，從主播台走進市議會，這2屆8年的表現大家有目共睹，不但問政專業，地方服務也非常到位，尤其專注婦幼議題，像她一樣溫暖、會做事，所以她們2人合得來、聊得來，而且這幾年在黨部工作的時間，她擔任市黨部主委，彭佳芸也是婦展會會長，大家配合得很好，讓女力可以大大地發揮。請繼續往下閱讀...蘇巧慧說，未來希望打造「三重2.0」，也就是第二行政中心要加速，同時三重聯醫第三醫療大樓也要馬上進行，還有銀新未來城，甚至是新北市第二總圖，也都選擇在三重發展，大家可以看到三重很快又會煥然一新、再升一級，從醫療、交通、生活等，打造安居樂業、青年首選的城市，她非常期待跟彭佳芸、李坤城和所有三重區的市議員一起努力。民進黨新北市長參選人蘇巧慧（左二）送上粽子，祝福市議員彭佳芸（右二）高票連任。（記者賴筱桐攝）民進黨新北市長參選人蘇巧慧出席市議員彭佳芸三重聯合競選總部成立大會，與民眾熱情握手。（記者賴筱桐攝）    ,https://news.ltn.com.tw/news/politics/breakingnews/5587503
竹北藍白分裂會外溢？ 柯文哲雲林合體張嘉郡：她沒問題啦,政治,2026/09/27 12:25,柯文哲與張嘉郡「藍白合體」，一同到斗六西市場陪無黨及縣議員參選人王竣毅掃街拜票。（記者李文德攝）藍白因竹北市人選而分裂，儘管民眾黨稱「事留竹北」，外界仍關注是否外溢效應。今（27日） 上午前台北市長柯文哲到雲林為前幕僚、縣議員參選人王竣毅掃街拜票，更與國民黨雲林縣長參選人張嘉郡合體。柯表示「她（指張嘉郡）沒問題啦」，張嘉郡更稱「相信藍白合作能在2026取得好成績」，看似未因竹北之事外溢。柯文哲今天受王竣毅之邀，整天都在雲林為他助選、拜票拉抬選情，今上午他更與張嘉郡合體，不少支持選民與他合照，看似不因為竹北市選舉藍白分裂有影響。請繼續往下閱讀...記者在媒體聯訪時問柯文哲「南部看來沒有因為竹北的事有分裂的狀況，針對南部選情會怎麼一起幫助？」。柯文哲表示，最主要還是候選人自己的形象跟能力啦。她（指張嘉郡）沒有問題啦。柯文哲強調，因為張嘉郡有很好的基礎、拚命服務，基本上就已經有80分了，如果再更有創意的話分數更高。台灣政治只要正常就是新加坡，為什麼國民所得才人家一半？且每天都在內部內耗，老是在搞中共同路人、雜質，每天裡打來打去，當然就內耗掉。台灣只要正常，大概就新加坡的水準。對於前幕僚參選一事，柯文哲表示，王竣毅畢業後到中央黨部青年部工作過，更曾是他選總統時的隨行秘書，此次來其實不是政黨政治，純粹就是以前當過他的長官，來看看以前自己辦公室的助理，現在自己出來選議員，當然是鼓勵年輕人，看看這個被我操過兩年的小朋友，現在狀況怎麼樣。張嘉郡表示，感謝柯P願意支持年輕人，也特別趕下來陪他來掃街、拜票，相信未來一定可以為國家培育更多優秀的青年，也感謝柯主席對的加油打氣，相信藍白合作一定能夠在2026取得好成績，希望大家一定要努力再努力，一切都是汗水、努力的累積，一定會一步一腳印地取得選民、鄉親的信任。王竣毅（左起）、張嘉郡、尻文哲到斗六西市場掃街拜票。（記者李文德攝）柯文哲與張嘉郡「藍白合體」，一同到斗六西市場陪無黨及縣議員參選人王竣毅掃街拜票。（記者李文德攝）國民黨雲林縣長參選人張嘉郡（左1）、民眾黨創黨主席柯文哲（右2）合體，為無黨籍縣議員參選人王竣毅（左2）掃街拜票。（記者李文德攝）    ,https://news.ltn.com.tw/news/politics/breakingnews/5587474
洋流席捲台中！粉絲高喊「台北市長沈伯洋、台中市長何欣純」,政治,2026/09/27 12:07,民進黨台北市長參選人沈伯洋（中）、台中市長參選人何欣純「走讀」市區，從審計新村走到市民廣場，短短6百公尺路走了超過半小時。（記者廖耀東攝）民進黨台北市長參選人沈伯洋、台中市長參選人何欣純今天（27日）上午10點在審計新村合體，展開「走讀」市區行程，兩人從審計新村走到市民廣場，短短6百公尺路走了超過半小時，粉絲沿途高喊「台北市長沈伯洋、台中市長何欣純」展現勝選氣勢。「洋流」上午強襲台中市區，沈伯洋、何欣純未合體前，粉絲早在前一晚就到審計新村徹夜排隊等待，黃爸爸將兒子背上肩，高舉「我的市長沈伯洋」海報在公園前阿薩斯雕像等候超過半小時，一見到「貪食蛇」擊掌隊伍，高喊「台北市長沈伯洋、台中市長何欣純」到來，立即衝上前擊掌握手。請繼續往下閱讀...台中市議員江肇國、陳淑華、何文海、張芬郁、林祈烽、謝家宜、周永鴻、黃守達等10多名議員，先到市民廣場草坪，備好羅氏秋水茶、炒麵、東泉辣椒醬、雞蛋糕及肉包等台中名產等待，沈伯洋興奮高喊「我會找機會再過來台中」，上千名粉絲歡呼捉狂。「洋流」貪食蛇出現在台中市區。（記者黃旭磊攝）    ,https://news.ltn.com.tw/news/politics/breakingnews/5587486
掛保證！與蘇巧慧北一女同班3年 賴珩佳曝「老同學」真摯暖舉,政治,2026/09/27 12:03,作家賴珩佳（左）在「Threads」網路社群分享，民進黨新北市長參選人蘇巧慧（右）是她過去在北一女的同班同學，兩人至今成為彼此重要的心靈依靠。（圖擷取自「jennifer.lai.tw」Threads）作家賴珩佳在「Threads」網路社群分享寫道，民進黨新北市長參選人蘇巧慧是當年就讀台北市北一女中的同班同學，從唸書到出社會，成為彼此更重要的心靈依靠，包括自己出書寫推薦序、舉辦分享會當與談來賓，蘇巧慧都一口答應，經過政治場上的刀槍洗練，還保持著真摯與溫暖，這就是她認識的蘇巧慧，「會做事，事做對，溫暖創新」在她心中，是對蘇巧慧如實的描述，臉書粉專「孟買春秋」也以「有這樣的朋友真好」為題分享貼文。賴珩佳指出，巧慧是她北一女3年的同班同學。兩人學號只差2號，做什麼都常被分組在一起，很快就熟稔起來。讀書、運動等，幾乎做所有的事都一起，感覺總有說不完的話。高中畢業後，兩人一起考進台大，幾乎同時出國留學，然後進入社會工作，成為彼此更重要的心靈依靠。請繼續往下閱讀...她寫道，婚後自己移居印尼，但只要有機會回台，蘇巧慧一定會排除萬難找時間相聚，即便只是20分鐘。她移居印尼15年後，寫了第一本書《那些你未必知道的印尼》。出版社希望找到一位願意幫她寫推薦序的同輩。她第一個就想到蘇巧慧，書出版的前一年，蘇巧慧剛選上第一任立委。「立委的重擔讓她極度忙碌，但對於我的邀請，她不加思索一口答應」。賴珩佳指出，新書分享會，出版社希望她找一位與談者，她實在沒有頭緒，便問蘇巧慧有沒有推薦的人選。沒想到她說：「就我來吧！有誰比我更了解嗎？」她在分享會上落淚時，蘇巧慧在旁邊給她一個大大的擁抱，好像高中時期一樣。會後還陪自己簽書。孟買春秋說，這樣溫暖的情誼，並沒因時間與距離而褪去。身為政治人物的女兒，巧慧很早就知道，別人做到100分或許已很好，她卻須要求自己做到120分、150分，才可能讓別人看見屬於她自己的能力。她表示，她的母親驟然離世後，有很長一段時間每晚幾乎無法成眠，而在連續22個月的深夜裡寫了兩本書。蘇巧慧得知後，主動告訴她，會來參加分享會。「她不但來了，還提前仔細讀完了書，經過政治場上的刀槍洗練，還能保有這樣的真摯與溫暖」，這就是她認識的蘇巧慧。     在 Threads 查看作家賴珩佳（右）發文分享民進黨新北市長參選人蘇巧慧（左）是她過去在北一女的同班同學，並感謝她在出書期間的溫暖相挺。（圖擷取自「jennifer.lai.tw」Threads）民進黨新北市長參選人蘇巧慧過去為賴珩佳寫新書推薦序時，是她回台東部落參加活動時抓緊空檔完成的。（圖擷取自「jennifer.lai.tw」Threads）民進黨新北市長參選人蘇巧慧為賴珩佳寫的推薦序。（圖擷取自「jennifer.lai.tw」Threads）    ,https://news.ltn.com.tw/news/politics/breakingnews/5587354
李四川海報貼公務機關外牆 蘇巧慧：公務員應遵守行政中立,政治,2026/09/27 12:02,針對國民黨新北市長參選人李四川的競選海報張貼在公務機關外牆，民進黨新北市長參選人蘇巧慧表示，公務人員應該都慧遵守行政中立原則，有處理就好。（記者賴筱桐攝）國民黨新北市長參選人李四川的海報被發現張貼在新店戶政事務所深坑區所門口，遭網友質疑「在新北市公家機關門口貼這種海報是正常的嗎？」事後警方已協助將海報移除。對此，民進黨新北市長參選人蘇巧慧表示，所有的公務人員都應該會遵守行政中立的原則，有處理就好了。蘇巧慧今天出席與新北市議員彭佳芸的三重聯合競選總部成立大會，媒體詢問，李四川明天將在深坑區成立區域競選總部，但區黨部的人不小心把海報貼在公家機關外牆，後來處理掉了，是否覺得此行為很誇張？請繼續往下閱讀...蘇巧慧說，這個海報到底是誰貼的，其實也不是很清楚，有可能是國民黨的支持者自己去貼的。市政府的行政人員、所有的公務人員，大家都應該會遵守行政中立的原則，所以有處理就好了。相關新聞請見：造勢海報貼深坑活動中心違行政中立 李四川：依規定不符已拆除    ,https://news.ltn.com.tw/news/politics/breakingnews/5587484
新人拚轉移選票 歐政豪偕母猛掃市場,政治,2026/09/27 11:57,台南市東區市議員參選人歐政豪由母親市議員曾培雅（前左一）陪同到選區傳統市場掃街、尋求支持。（曾培雅服務處提供）台南市議員第10選區（東區）選戰漸升溫，國民黨老將曾培雅不再連任、選擇交棒兒子歐政豪，歐政豪也憂心母親的選票能否有效轉移，中秋連假母子持續到選區市場掃街，「母雞帶小雞」全力爭取選票。36歲歐政豪畢業於國立台灣科技大學碩士，投入公共服務前，曾在金融業服務6年，回到台南在議員母親曾培雅服務處擔任執行長4年，長期參與道路交通、校園安全、地方建設及民眾陳情案，累積基層服務經驗。請繼續往下閱讀...也是年輕父親的歐政豪，將教育、兒少及弱勢公益列為長期關注的領域，從幼兒教育、學齡兒童與特殊教育資源，到校園反毒、通學安全等議題，都持續參與及推動，目前也擔任曾培雅愛心義工協會理事長，延續協會多年中餐助童計畫，在學校放寒、暑假期間持續提供餐食，陪伴有需要的孩子。相較於同選區多位具有現任議員、前議員等長期政治歷練的參選人，首次投入市議員選舉的歐政豪，如何讓選民從「曾培雅（別稱阿美）的兒子」、進一步認識其個人經歷與4年服務，歐政豪坦言是他選戰的重要課題，母親也親自陪著他走進市場，一起向攤商及採買民眾拜票，希望透過最傳統、最直接的陸戰方式，一步一步爭取選民認同。    ,https://news.ltn.com.tw/news/politics/breakingnews/5587461
「要吃屏東香蕉」引熱議 柯志恩競辦認為遭過度解讀,政治,2026/09/27 11:54,柯志恩參加旗山香蕉推廣活動，離開時打趣說要吃屏東香蕉，引起網友議論。（擷取民視新聞畫面）國民黨高雄市長參選人柯志恩昨（26）日到旗山參加「2026夏祭新鮮市」活動，離開前有人追問要不要吃（旗山）香蕉？她沒收下，並笑回說要吃「屏東香蕉」，遭網友嗆「回屏東選吧」；對此，柯志恩競辦今天回應說，這是柯志恩與幕僚的輕鬆談話，說出「要吃屏東香蕉」，沒想到卻遭到外界擴大解讀。柯志恩昨天與賴瑞隆都到旗山參加市府舉辦的「2026夏祭新鮮市：相揪來旗山」活動，行程結束後，當柯志恩上車準備離開時，有人遞上幾根在地香蕉，問「委員要不要吃」？疑似是藍營幕僚要讓她帶在車上吃，不料，柯志恩轉頭笑著說要吃「屏東香蕉!」請繼續往下閱讀...對此，柯志恩競辦發言人黃騰憲今天表示，昨天柯志恩委員因中秋佳節結束旗山行程後，安排趕往屏東與家人短暫聚餐。離開前與幕僚輕鬆談話，說出「要吃屏東香蕉」，沒想到卻遭到外界擴大解讀。黃騰憲強調，柯志恩對高雄農業以及農民的支持始終如一，不管是提出農業的政策、爭取農民權益，以及在天災過後第一時間的勘災、爭取救助等等，柯志恩都會繼續與高雄農民站在一起。相關新聞請見：柯志恩參加旗山香蕉活動 竟笑稱要吃「屏東香蕉」    ,https://news.ltn.com.tw/news/politics/breakingnews/5587460
洋流湧台中！何欣純會沈伯洋 交流「首都對首都」市政願景,政治,2026/09/27 11:43,沈伯洋與何欣純到台中市進行城市遠景交流。（記者蘇金鳳攝）人氣爆表的台北市長參選人沈伯洋今天（27日）到台中市審計新村與台中市長參選人何欣純合體，支持者擠得水洩不通；何欣純表示，今天跟沈伯洋談首都與首都之間的城市文化對談，並進行市政願景的交流；沈伯洋表示， 每一個城市是既競爭又合作，彼此要怎麼互相合作，對國家其實非常的重要。台中市沈伯洋的支持者，從昨晚就到審計新村，今天上午一大早人潮更湧入審計新村，眾人自動自發高喊「台北的市長沈伯洋，台中的市長何欣純」，支持者跟今天的天氣一樣，非常熱情。請繼續往下閱讀...昔日首都減壓才有審計新村何欣純表示，今天沈伯洋來台中，她希望能跟台北可以是一個首都對首都的一個城市文化對談。現在大家所站的審計新村，是當年中央政府為了首都減壓，所以有把部分的中央部會有遷建到台中來，因此看到有審計新村、光復新村、黎明新村等等，台中絕對有條件可以準備好作為下一個世代的新興城市。何欣純表示，她對台中市也有很多的市政願景。今天會跟沈伯洋來談歷史文化、歷史建築的一個活化再利用，如審計新村及草悟道，草悟道是台中一個非常知名的綠園道，假日就有很多的市民喜歡帶著小孩、帶著寵物家人一起到草悟道，顯現出這個城市需要有綠意，讓在極端氣候、炎熱的氣候下，人人享有綠意生活。何欣純表示，今天最後的終點是到市民廣場，會在那裡坐下來野餐，請沈伯洋好好的來品嚐台中的美食小吃。沈伯洋則表示，每一個城市是既競爭又合作，對於整個國家的發展有很多合作的空間，也有很多競爭的項目，比如無人機的產業對台灣整個國家來講非常重要，但是每一個城市其實都有它不同的無人機的專業，有些可能擅長在設計，有些重點在於傳產的開模，要彼此怎麼互相合作，這個對國家其實非常的重要。沈伯洋表示，大家不要以為說每一個城市都是在獨立發展，每個城市能夠連結，這個國家一定能夠更強。這也是為什麼今天要來找何欣純最重要的原因。    ,https://news.ltn.com.tw/news/politics/breakingnews/5587455
竹市3千萬城市願景展說延就延 莊競程：高虹安施政荒腔走板,政治,2026/09/27 11:38,新竹市府昨天宣布原10月3日到18日要舉辦的城市願景展要延期到12月5日舉辦，民進黨新竹市長參選人莊競程批高虹安的施政荒腔走板，難怪滿意度連年最後一名。圖為市長高虹安記者會宣傳願景展情形。（資料照，記者洪美秀攝）新竹市府昨天發布新聞稿稱原訂10月3日到10月18日舉辦的城市願景展因場地使用執照還未取得，因此延期到12月5日舉行，民進黨新竹市長參選人莊競程則痛批，一場3千萬大型活動，只剩不到7天就要開幕，高虹安竟突喊卡，市民不在意展覽何時重辦，而是高虹安的施政竟如此荒腔走板，難怪施政滿意度總是位居最後一名。莊競程指出，市府動支逾3千萬且籌備超過半年的「城市願景展」，竟在距離開幕不到1週前臨時喊卡，事前高虹安還開記者會，就連市府的官方line、臉書各大社群，以及街道上的羅馬旗，四處皆可見活動資訊。結果高虹安說停辦就停辦，把市政當兒戲，也難怪會挪用學生喝鮮乳與基層體育訓練的費用舉辦演唱會。請繼續往下閱讀...莊競程認為，活動籌備過程中，高虹安絕對清楚掌握場地未取得使照的資訊，卻仍大張旗鼓宣布開幕，如今「臨陣脫逃」，是否代表策展內容與執行進度「開天窗」，才決定甩鍋「使照」，籲高虹安出面向市民說清楚。莊競程表示，場地是市府自己選定、活動是市府主辦、標案也是市府發包，高虹安還替活動背書，如今出了問題，卻又再次把責任往外推。籲高虹安不能事情順利就當政績，出問題就切割廠商、把責任往外推。莊競程強調，這場願景展相關標案已超過3千萬元，高虹安該交代的不是展覽何時重辦，而是高虹安近半年來究竟如何決策，竟可連續做出錯誤判斷，以及臨時喊卡是否增加額外成本。高虹安不能出包找理由、責任丟廠商，最後讓無辜的市民來承擔。    ,https://news.ltn.com.tw/news/politics/breakingnews/5587427
徐欣瑩第3波女力政見  主打強化臨時托育、增加2歲專班、開發育兒App,政治,2026/09/27 11:36,國民黨新竹縣長參選人徐欣瑩第3波女力政見  主打強化臨托、增加2歲專班、開發竹縣育兒App，照顧年輕育兒族。（徐欣瑩辦公室提供）國民黨新竹縣長參選人徐欣瑩第3波「2030新竹女力」政見，主打「加強增設夜間、假日的臨時托育系統」補足現行臨托的時間缺口，也要強化居家合格托育員的媒合平台，並推出「新竹縣育兒資源APP」整合臨托預約、托育媒合入口、幼兒健康存摺、早療資源與申辦與追蹤等，讓有需要的家庭能快速找到育兒資源。徐欣瑩說，現在很多家庭平日白天有人顧小孩，但晚上6點以後、週六日、臨時有事、想喘息時卻找不到人幫忙。她當縣長將強化夜間假日臨托系統，滿足前述特定狀況的臨托需求外，還將接住照顧者「單純休息」的需要。請繼續往下閱讀...她說，縣內約有1090名在職居家保母收托1342人。她要把這些合法托育人力，透過數位媒合與分區調度，加強媒合平台的功能，憑地點、距離、年齡、托育時間、費用、剩餘名額、托育類型、托育需求等，就能讓有需求者輕鬆找到媒合清單。現行育兒資訊太分散，徐欣瑩則要用「新竹縣育兒資源APP」解決。這個APP將整合臨托預約、托育媒合入口、幼兒健康存摺、早療資源與申辦與追蹤、兒童醫療資訊及院所等，成為一站式的育兒導航系統。徐欣瑩還主張增加托嬰托育與幼兒園名額以及2歲專班，鎖定竹北、新豐、湖口、竹東等人口與住宅持續發展區，提早佈局托育量能。尤其是2歲專班，她要給年輕、雙薪家庭提供「可負擔、可就近、可銜接、可彈性使用」的托育與幼教資源，使人口紅利與家庭型態轉變帶動的需求能及時被滿足。國民黨新竹縣長參選人徐欣瑩第3波女力政見  主打強化臨托、增加2歲專班、開發竹縣育兒App，照顧年輕育兒族。（徐欣瑩辦公室提供）    ,https://news.ltn.com.tw/news/politics/breakingnews/5587426
美方確認對台政策不變！外交部：持續循管道了解川習會內容,政治,2026/09/27 11:34,外交部次長陳明祺今（27）日受訪，強調外交部透過各種管道，得到美方一再確認對台政策不變，他們也會透過管道，來了解川習會雙方具體談的內容。（記者叢昌瑾攝）川習會落幕，各界關注台美關係是否受影響。外交部次長陳明祺今（27）日表示，外交部透過各種管道，得到美方一再確認對台政策不變，他們也會透過管道，來了解川習會雙方具體談的內容。中華亞太菁英交流協會今日舉辦「習近平訪美後的美中台新局」座談會。外交部次長陳明祺及陸委會副主委沈有忠受邀出席並致辭。請繼續往下閱讀...陳明祺會前受訪重申，從美國駐中大使龐德偉（David Perdue）及國務院中文發言人賈博（Jakob Lengacher）提及對台政策不變、川普本人維持戰略模糊等整體脈絡可知，美國對台政策一直不變。陳明祺強調，外交部也透過各種管道，得到美方朋友一再確認，美國對台政策保持不變；台美所有溝通管道皆非常暢通，各管道、各層次台美都隨時保持良好互動，外交部會透過各種管道，來了解川習會雙方具體談的內容。陳明祺指出，我們當然可以看到中國一直想要往「反對台獨」推進，但可以從川習會後美國事實清單、中方發布相關的文件得知，此說法並沒有直接得到美國認可，川普這次也完全沒有提到此事。陳明祺認為，中國連在美國最關心的核心利益——伊朗問題上，配合度都不高的情況下，很難想像美中在台海區域內，能夠達到什麼共識。何謂川普的台灣議題立場？ 陳明祺：一法、三公報、六保證針對川普提及「習近平了解我（川普）在台灣議題的立場」，陳明祺判斷，所謂立場便是龐德偉提到的，美國對台政策、對區域政策、一中政策其實包含一法（台灣關係法）、三公報（上海公報、中美建交公報、八一七公報）、六保證等重要要素，必須放在完整的六項保證脈絡下來理解。雖然川普講的比較模糊，但事實上，自5月北京川習會後，美國國務卿魯比歐等重要美國政府官員也都一再重申這點。中國試圖形塑唯有「反台獨」美中才能建設性戰略穩定 沈有忠：川普反將習近平一軍沈有忠分析，中國此次想延續5月北京川習會中，建構起來的美中「建設性戰略穩定」關係，進一步把台灣議題框進來，形塑出唯有反對台獨，美中才達到建設性戰略穩定。但從川習會結果來看，顯然習近平要的結果沒有順利達到，甚至川普可以講說是反將了習近平一軍。在陸委會所有訊息掌握上，目前看起來確實台美的關係依舊，特別是美國對台政策，依舊沒有改變。    ,https://news.ltn.com.tw/news/politics/breakingnews/5587440
蔣萬安獲贈甘蔗「超多節」引熱議 他解析背後深意：做人要有點分寸,政治,2026/09/27 11:31,蔣萬安昨獲贈一根「超多節」的甘蔗，引發網友熱議，James Jseng以民俗角度解析林春裕送蔣萬安「超多節甘蔗」的背後意義。（資料照）民進黨台北市長參選人沈伯洋與台北市長蔣萬安，昨（26日）晚均出席中山區中庄仔福德宮「福德正神聖誕千秋晚宴」，福德宮董事長林春裕分別贈送沈伯洋和蔣萬安甘蔗，不過有眼尖網友注意到，相比送給沈伯洋的，給蔣萬安的甘蔗是「節數」超多。軍事評論家James Jseng今（27日）在臉書發文解析林春裕送蔣萬安「超多節甘蔗」的背後意義。James Jseng指出，這場晚宴的看點極多，但整個晚上最值得玩味的，其實是那一根甘蔗，林春裕把甘蔗送給蔣萬安時，還故意補一句「希望蔣萬安選總統」，台下笑聲一片，雖然選總統聽起來好聽，但意思是希望他市長落選去選總統。蔣萬安當下馬上笑著搖頭、擺手否認，林春裕卻繼續笑著說「我們中立齁，感情上支持」，現場繼續跟著笑。請繼續往下閱讀...James Jseng表示，甘蔗一節一節、送人的含意是「步步高升」，沈伯洋拿到的甘蔗看起來很正常，只有少數幾個節，但送給蔣萬安那一根可就不一樣了，不知道是哪裡特別找來的，節超級多密密麻麻，蔣萬安拿到的這根甘蔗很有意思了。James Jseng分析，這在民俗上可以有很多聯想，一是好事多磨，「關卡」很多、有節無肉，再來更重要的是說「做人要卡有站節」，要知道做人的分寸，不要選前叫哥哥，選後連電話都不接。James Jseng強調，林春裕這個人很不簡單，他不是單純在罵蔣萬安，也不是單純替沈伯洋助選，他用非常台灣、非常傳統、甚至帶一點長輩教訓晚輩的方式，把該講的話全部講出來，我支持誰，我為什麼支持；你以前怎麼做，我記得；你現在怎麼做，我也看在眼裡，「送你一根甘蔗，意思你自己要懂」。James Jseng提到，如果林春裕所說的邀請、親自送帖、連續多年未出席等情況屬實，那麼至少可以合理檢討蔣萬安的幕僚與民政系統，地方上的重要人情、長期累積的不滿，以及一個宮廟對市府的觀感，究竟有沒有被完整掌握、整理、回報？市長不可能什麼事都親自處理，所以才需要幕僚和民政系統，真正問題不是蔣萬安幾年沒去，而是到了現場才知道人家已經等他兩三年。James Jseng指出，這種「地方知道、市長不知道；邀請送了、幕僚知道，市長卻不知道；最後到了現場才被當面提醒」的狀況，如果不是單一偶發事件，而是行政系統的常態，那麼問題就已經不是一場宮廟活動，而是北市府的訊息傳遞與地方治理機制出了問題，這才是台北市政府如今最嚴重的問題。蔣萬安不能有效掌控市政府、任由各局處混亂，只坐在市府裡什麼都不管，到了選舉才願意出來，那麼每天到各地輪流被市民洗臉也只是剛好而已。James Jseng表示：「甘蔗一節一節、送人的含意是步步高升，沈伯洋拿到的甘蔗看起來很正常，只有少數幾個節，但送給蔣萬安那一根可就不一樣了。」（資料照，本報合成）    ,https://news.ltn.com.tw/news/politics/breakingnews/5587375
陳佩琪嗆喊開國際記者會伸冤！柯文哲：先讓她情緒穩定,政治,2026/09/27 11:19,柯文哲針對妻子陳佩琪喊要開國際記者會為他伸冤，接受媒體連訪時表示「讓她情緒穩定再說」。（記者李文德攝）民眾黨前主席柯文哲妻子陳佩琪日前接受網路節目專訪，聲稱為了幫柯文哲伸冤，她已經準備開國際記者會，還稱「我相信我的英文會比賴清德、比林佳龍都還好」。柯文哲今（27）日到雲林，受訪時強調，過去這兩年他的忍耐度很強，但對家人造成壓力太大，「這個讓她情緒穩定再處理」。柯文哲因京華城案、政治獻金案等遭檢方偵辦，陳佩琪多次對外表達不滿，近日除了再提柯文哲去年剛離開羈押環境時，整個人像失智老人，更在政論節目聲稱，為了幫柯文哲伸冤，她已經在準備開國際記者會。請繼續往下閱讀...柯文哲今上午陪同前幕僚、無黨籍雲縣議員參選人王竣毅掃街拜票，接受媒體聯訪問及此事。他表示，這兩年，這個人忍耐度很強，但對家人造成的壓力太大，特別這一個月，幾乎每週收到法院公文、執行署的扣押公文。要做就一次講，搞得她心情非常不好，「我想這個讓她情緒穩定下來再處理。」洋流？柯文哲：不曉得怎麼發酵媒體再問「洋流」現象及許甫在媒體節目爆料，遇到一名自稱在沈伯洋團隊負責社群的人士提到，「他們是從曹興誠的基金會那一批人過來的」。柯文哲表示，不曉得「洋流」怎麼發酵，「洋流」有到中南部來嗎？因為有時候自己忙得完全沒有去注意到新聞，不曉得狀況。針對許甫所爆料內容，柯說「對此內容不曉得、不熟悉」，但越成熟的民主國家選舉應該越正常，然後應該把好的那一面盡量拿出來，每天搞得一大堆奇奇怪怪的，好像也沒什麼必要。    ,https://news.ltn.com.tw/news/politics/breakingnews/5587420
洋流、欣潮合體！沈伯洋同台何欣純 戲稱台中雞排太甜、東泉辣醬剛好,政治,2026/09/27 11:15,沈伯洋、何欣純與民進黨多位市議員合拍。（記者蘇金鳳攝）民進黨台北市長參選人沈伯洋帶動「洋流」風潮，今天（27日）首次至台中，與民進黨台中市長參選人何欣純合體，上午10點安排從審計新村走到市民廣場，「洋粉」們昨晚開始就聚集，沈伯洋抵達時，周邊道路都已擠爆；沈伯洋笑著說，前陣子到台中吃雞排，覺得「有點太甜」了，而「東泉辣椒醬目前是剛剛好」，獲得熱烈的掌聲。沈伯洋今天與何欣純合體，有人形容已宛如當年的韓流，雖然沈伯洋不是台中市長參選人，但是台中人愛沈伯洋不輸其他縣市，從昨晚就陸續有聚集在審計新村，今天上午更是攜家帶眷，抱小孩、牽著毛小孩到審計新村，就是為了一睹真顏，瘋狂度不下韓星來台。請繼續往下閱讀...由於人實在太多了，原本預計在民生路巷口下車的沈伯洋，提早在下車，沿途眾人高喊「台北的市長沈伯洋，台中的市長何欣純」。短短一百公尺，沈伯洋走了近十五分鐘才進到媒體聯訪區。由於天氣實在太熱，沈伯洋一開始就說，今天真的是也是非常炎熱的一天，二樓有些人站在樹蔭下，應該就會涼很多，這代表，樹木對人類而言有多重要。沈伯洋說，中型的樹可以降到5度左右，更大型的可以降到8度，這是非常了不起，所以他要跟何欣純討論兩個城市的綠覆率，就要怎麼樣讓更多的綠地、更多的樹木能夠在城市，這不只有兩個城市的事情，也是一個國家的事情。沈伯洋指出，今天要跟何欣純稍微野餐一下，他要拉攏一下台中，前陣子來台中吃雞排，覺得有點太甜，東泉辣椒醬是剛剛好。所以我們現在台北要來拉攏台中一下，要把食物稍微平衡一下。民進黨台北市長沈伯洋到台中 ，人潮將審計新村堵得水洩不通。（記者蘇金鳳攝）    ,https://news.ltn.com.tw/news/politics/breakingnews/5587419
賴清德稱張善政「大材小用」 朱立倫喊話「讓全桃園不分黨派支持」,政治,2026/09/27 11:11,前國民黨主席朱立倫（左）、桃園市長張善政（右）27日出席桃園市議員凌濤（中）競選總部暨桃園城市願景CF發布會。（記者鄭淑婷攝）身兼民進黨主席的賴清德總統本月23日出席行動中常會，提及現任國民黨市長張善政是國政人才，但在桃市施政表現與外界期待存在落差，主因是「大材小用」及「水土不服」，前國民黨主席朱立倫、張善政今（27）日出席桃園市議員凌濤競選總部暨桃園城市願景CF發布會，朱會後受訪表示，「既然賴總統已經肯定了，就讓全桃園不分黨派全力支持張善政！」朱立倫表示，桃園值得最好，桃園一向都挺最好的，不管最早從老縣長吳伯雄、許信良、呂秀蓮、他自己，到今天的市長張善政，桃園一向支持最好、最強、最具有國際觀、最能夠帶領桃園進入繁榮的好首長，張善政絕對是桃園最佳的領航者。請繼續往下閱讀...朱立倫表示，過去4年，張善政帶動桃園成為全台灣進步最快的城市，未來4年，桃園要成為全台灣最大的AI科技城就需要張善政，感謝賴總統的肯定；他更喊話，「既然賴總統已經肯定了，就讓全桃園不分黨派全力支持張善政！」張善政被問到賴清德的讚許則未正面回應，僅力薦凌濤在擔任議員期間，發揮年輕人該有的政策創意，像是桃園推動科學教育館興建，就是出自凌濤的點子。前國民黨主席朱立倫（左2）、桃園市長張善政（右3）27日出席桃園市議員凌濤（右2）競選總部暨桃園城市願景CF發布會。（記者鄭淑婷攝）針對賴清德總統本月23日出席行動中常會，猛誇桃園市長張善政是國家級國政人才，前國民黨主席朱立倫（左）27日受訪表示，既然賴總統已經肯定了，就讓全桃園不分黨派全力支持張善政。（記者鄭淑婷攝）    ,https://news.ltn.com.tw/news/politics/breakingnews/5587409
空手而歸！想逼美砍對台軍售碰壁 拆解北京「川習二會」下一步,政治,2026/09/27 11:05,美國總統川普與第一夫人梅蘭妮亞廿四日在白宮迎接習近平夫婦。（路透）美國總統川普與中國國家主席習近平今年第2次會面落幕，台海局勢與美中角力備受關注，國安人士分析，中方原擬重提「美中三公報」施壓美方減少對台軍售，但在美方佈局與冷處理下，台海議題並未成為這次會面的交易焦點、中方企圖「未遂」，北京後續勢必大肆操作「東升西降」及「台灣棄子論」的虛構敘事，台灣絕不能在威權與民主陣營之間搖擺，「保持戰略定力」是接下來的重中之重。國安人士指出，美方在這次川習二會沒讓中國得逞，持續透過國務院、多國聲明等堅守戰略底線，重申「一個中國政策」與對台安全承諾不變、反對任何片面改變台海現狀的單邊行為，再次印證台美關係的基石深植於美國核心國家利益、民主價值同盟，以及台灣在高科技供應鏈中不可替代的地位，而非美中外交場合上的可拋棄選項。請繼續往下閱讀...國安人士評估，美中已步入「高頻率溝通但高強度競爭」的新常態，雙方透過對話防止了可能的立即衝突，但在高科技封鎖、供應鏈重組及地緣競逐上的競爭只會日益劇烈，北京無法帶回關稅降低與高科技解禁等實質紅利，勢必轉向內部與對台宣傳，利用外交場合的紅毯畫面大肆操作，向國際與台灣內部灌輸國師王滬寧那套「東升西降」及「台灣棄子論」的虛構敘事。國安人士強調，台灣若在親北京者擾動下，搖擺在威權與民主陣營間，最終將失去國際信任和戰略高地，因此「保持戰略定力」是接下來的重中之重，包括持續強化「矽盾」與關鍵供應鏈的不可替代性、鞏固台灣在AI、高階半導體與先進製造業中的全球關鍵地位，應加速科技研發與產業升級，將經濟實力轉化為最堅固的安全護城河。國安人士強調，針對國內呼應北京脈絡散播的「台灣棄子論」、「壓錯寶論」或「美中密室交易論」，政府將持續透過即時透明、具備國際戰略視野的說明，揭露大國外交的真實，讓國人清楚了解，國家的命運建立於自身硬實力與民主價值，而非威權國家的善意或將打包自己作為交易。國安人士表示，除了在高科技供應鏈無可或缺之外，深化「多邊價值同盟」與非對稱防禦能力同樣急迫，台灣將在台美關係基礎上，進一步深化與日本、歐盟及印太區域民主國家在供應鏈安全、資安、民防與地緣戰略上的多邊實質合作，同時持續推動國防自主與非對稱戰力建設，讓任何意圖改變台海現狀的威權體制付出不可承受的代價；兩岸關係上，維持「不挑釁、不冒進、不屈服」的穩健立場，展現台灣作為「負責任區域和平參與者」的積極角色，才是正辦。    ,https://news.ltn.com.tw/news/politics/breakingnews/5587395
林佳龍今起率團訪問貝里斯、瓜地馬拉 30餘名綠能、AI企業代表隨行,政治,2026/09/27 10:59,外交部長林佳龍今（27）日起率領企業代表團一行前往我國中美洲友邦貝里斯及瓜地馬拉訪問。（資料照）外交部長林佳龍今（27）日起率領企業代表團一行前往我國中美洲友邦貝里斯及瓜地馬拉訪問，除實地了解台灣與貝、瓜兩國的合作計畫成果外，也將舉辦經濟合作會議暨企業媒合會，擴大與貝、瓜產業合作及經貿交流，並有綠能與智慧交通、AI數位與太空科技等領域30餘名企業代表隨行。外交部表示，林佳龍出訪期間，將晉見貝里斯總督察芙拉（Froyla Tzalam）及總理布里仙紐（John Briceño），以及會晤外交暨外貿部長馮賽卡（Francis Fonseca）等貝國政要；在瓜地馬拉期間將晉見總統阿雷瓦洛（Bernardo Arévalo），以及會晤外交部長馬丁涅茲（Carlos Ramiro Martínez）等瓜國重要官員，並與馬丁涅茲外長共同主持台瓜建交92週年慶祝酒會暨115年國慶活動，彰顯台灣與貝里斯及瓜地馬拉兩國邦誼敦篤深厚。請繼續往下閱讀...外交部指出，為實地瞭解台灣與貝里斯及瓜地馬拉兩國的合作計畫成果，林佳龍在貝里斯將視察聖佩卓醫院興建工程、台灣加勒比海共榮學院預定地及「50戶社會住宅計畫」，並與外長馮賽卡簽署聯合公報，及外交人員訓練與交流合作協定；在瓜地馬拉期間，林佳龍將主持瓜國外交部空間整修工程揭牌，以及瓜京國際機場監控暨緊急應變與事件管制中心啟用儀式，視察癌症專科醫院預定地，開啟多元領域的雙邊合作新篇章。外交部說明，林佳龍此行重要目的為積極拓展台貝、台瓜的企業商機，訪問團在貝、瓜兩國均將舉辦經濟合作會議暨企業媒合會，進一步擴大與貝、瓜產業合作及經貿交流，並透過邀請「美台商業協會」（USTBC）代表參團及與在地美國商會進行交流，促成台、美、友邦企業三方對接，建構民主商業堅實同盟。外交部指出，此次隨行的企業團由我國綠能與智慧交通、AI數位與太空科技、生物科技、醫療健康、觀光旅遊及金融貿易等30餘人的企業代表組成，透過政府與民間攜手組成「新國際雁行聯合艦隊」，善用兩個友邦連結北美、拉丁美洲、太平洋與加勒比海的優越地理位置，在產業上透過彼此優勢互補、擴大合作，與友邦攜手發展、互利互惠，共同繁榮並深化歷久彌新的邦誼。    ,https://news.ltn.com.tw/news/politics/breakingnews/5587370
蔣萬安「本命區」宮廟董座挺沈伯洋！作家：倒戈第一槍恐掀破窗效應,政治,2026/09/27 10:59,民進黨台北市長參選人沈伯洋與現任市長蔣萬安，26日先後出席中山區中庄仔福德宮晚會。（本報合成，資料照）民進黨台北市長候選人沈伯洋和台北市長蔣萬安昨（26）日先後出席中山區中庄仔福德宮晚宴。蔣萬安不僅行程遲到，更遭廟方董事長林春裕當面洗臉抱怨當市長後都沒有回來；反觀沈伯洋提早抵達並獲林春裕贈甘蔗公開力挺。對此作家趙曉慧分析，該廟位處蔣萬安「起家厝」本命區，宮廟頭人公開倒戈開了第一槍，顯示蔣萬安因長期疏離基層正面臨破窗效應。趙曉慧今天在臉書發文表示，沈伯洋、蔣萬安昨晚先後到中山區的中庄仔福德宮拜票，透露著一股不尋常的「起風」訊號。中山區正是蔣萬安過去當立委時的本命區、起家厝，服務處就設在福德宮後方。然而昨晚現場氣氛兩樣情，沈伯洋提早抵達時短短百米受到民眾熱烈簇擁，董事長林春裕更親手遞上拜過天公的甘蔗，祝賀沈伯洋步步高陞、高票當選，更直言受立委王世堅請託而在情感上力挺沈伯洋。請繼續往下閱讀...相對地，蔣萬安因行程延誤半小時抵達，林春裕毫不留情當面開酸，直指過去兩年請帖親自送達市府蔣萬安都不來，直到選舉將屆才現身，讓蔣萬安只能在台上尷尬致歉並以市政繁忙緩頰。隨後林春裕雖也贈送甘蔗，卻語帶諷刺稱是祝他去選總統；當現場工作人員詢問是否支持市長連任時，林春裕更不耐煩回覆「好啦好啦大家要吃飯了」，場面極度尷尬。趙曉慧指出，一個宮廟的董事長，敢當眾「洗臉」現任且尋求連任的市長，不就是不看好他會當選嗎？政治本質是人的工作，基層組織尤其重視「日常的交情」與「被尊重的感覺」。在地方政治運作中，「宮廟頭人與在地角頭」是傳統組織盤的最前線，蔣萬安本命區的宮廟頭人支持沈伯洋，不可小覷。趙曉慧續指，蔣萬安當上市長後，把重心放在高高在上的形象包裝，以為靠著藍營基本盤、現任優勢與政黨標籤，就能讓基層無條件買單，忽視在地頭人需要實質溝通與日常互動。當里長與廟方發現自己被當成「只有選舉時才需要動員的工具」時，長期積壓的不滿，就會在關鍵時刻集體爆發。趙曉慧提到，當晚沈伯洋提早抵達、熱情與民眾握手互動，甚至得到廟方董事長親口力挺；而蔣萬安遲到後只能尷尬致歉、倉促擁抱補救。 這種現場氣氛的反差，精準印證沈伯洋是在靠「人氣與接地氣」一步一步鑿開藍營防線，而蔣萬安則是在為自己過去兩年的「傲慢與疏離」付出政治代價。這對蔣萬安來說，就是出現「破口」，極有可能也在其他鐵票區複製。趙曉慧直言，許多傳統藍營里長或地方角頭，過去兩年多同樣面臨被冷落感，找市府反映事情層層卡關、局處推諉、市長高高在上只做大包裝。一旦林春裕開了第一槍的倒戈，其他心生不滿的基層頭人也會跟進，這種「破窗效應」削弱了藍營傳統的西瓜效應。過去地方組織不敢輕易倒戈，是因為害怕現任者連任後「被算帳」或「分不到資源」。但現在根據戴立安民調顯示，蔣萬安僅贏沈伯洋1.2 個百分點，已經變弱了，「政黨輪替」的42%高於「藍營繼續執政」的38%，地方頭人的算盤就會重新打。趙曉慧認為，蔣萬安不再是絕對會贏的「西瓜」，而支持沈伯洋不僅能獲得極高關注，甚至可能押對未來的「新市長」，這種轉變，會徹底瓦解過去依靠「政治威嚇與固票」維持的鐵票防線。沈伯洋很聰明，捨棄傳統「藍綠對決」的粗暴硬碰硬，而是改用軟性民生議題、災防民防與數位工具（如 LINE平台「市長，你給我聽好了！」）走入組織。趙曉慧強調，當基層里長與宮廟發現沈伯洋有備而來，聽得懂基層痛點，而且沒有高高在上的官架子時，傳統的藍綠藩籬就會被軟性化解。昔日韓國瑜在高雄喊出「民進黨不是高雄人的爸爸，為什麼每次都要投他？」同理可證，「國民黨不是台北人的爸爸，為什麼每次都要投他？」蔣萬安以高傲、利己的態度面對施政瑕疵與基層訴求，這種被林春裕撕開的破口，將會在台北市各選區加速複製，最終演變成蔣萬安無法收拾的骨牌效應。    ,https://news.ltn.com.tw/news/politics/breakingnews/5587357
見證親戚被「洋流」破圈 趙曉慧：王偉忠已成沈伯洋最佳助選員,政治,2026/09/27 10:56,趙曉慧提到，有親戚提到原本最不關心政治的老公，現在變成沈伯洋的粉絲，趙表示，王偉忠確實成為沈伯洋的最佳助選員之一。（資料照）民進黨台北市長參選人沈伯洋近日接連登上王偉忠、李四端等人專訪，而這些資深媒體人普遍被認為立場偏藍，外界也認為沈伯洋正在努力突破同溫層，並獲得更多關注與成果。作家趙曉慧表示，王偉忠確實成為沈伯洋的最佳助選員之一，沈伯洋現在的專訪就是有「高人氣、高流量」，似乎是藍營媒體要來蹭沈伯洋的人氣了。趙曉慧提到，中秋節聚會裡有親戚提到，她最不關心政治的老公，現在變成沈伯洋的粉絲，就是因為看了王偉忠的專訪，覺得沈伯洋是一個有料的候選人。接著她老公跟著大家追「洋流」，隨時注意沈伯洋最新的現身地點，如果距離自己的地區很近，就會帶著家人去湊熱鬧。請繼續往下閱讀...趙曉慧說：「為什麼？因為好玩啊！『洋流』跟以往的拜票活動完全不一樣，很有趣、很好玩，玩擊掌、玩肥皂箱上的對話。」趙曉慧舉例，從前立委沈富雄在節目上的談話裡可看出，最固守同溫層的就是國民黨自己，不想破圈、破冰，靠組織動員的老派戰術、大罷免「32：0」舊公式，面對新的民意變化，但民心已思變，「洋流」不斷帶來新的想像，蔣萬安卻不知所措。    ,https://news.ltn.com.tw/news/politics/breakingnews/5587333
外溢台中！沈伯洋：「洋流」就是一股溫暖「無所不在」,政治,2026/09/27 10:51,台北市長參選人沈伯洋（後中）拜託大家支持「戰鬥！新陀螺連線」4名台中市議員參選人。（記者歐素美攝）台北市長參選人沈伯洋今天到台中，也帶來「洋流」風潮，首站到元保宮，除推薦「戰鬥！新陀螺連線」4名台中市議員參選人，並表示，大家常問「洋流到底是什麼」，其實洋流就是一股溫暖，它可以無所不在，它是一個想要改變、改革這個城市的心情，他今天和台中市長參選人何欣純一起走一段路，並走進百工百業，希望能為這邊帶來一些新氣象。沈伯洋今天抵達元保宮，受到大批民眾熱烈歡迎。沈伯洋說，今天最重要的事，就是讓蔡其昌推薦的「戰鬥！新陀螺連線」台中市議員參選人簡嘉佑（北區）、陳信秀（北屯區）、陳映辰（潭子、大雅、神岡）、詹智翔（東勢、石岡、新社、和平）4人高票當選。請繼續往下閱讀...沈伯洋說，蔡其昌非常照顧新人，他平常受到蔡其昌非常多照顧，要不要參選時，就是問蔡其昌「我的未來該怎麼辦」？蔡其昌一直以來培養非常多的新人，簡嘉佑等4位新人從基層、聆聽民意做起，到現在站出來參選，就是代表台中的民意，拜託大家支持4人。沈伯洋表示，大家常問「洋流到底是什麼」？洋流就是一股溫暖，想要到街頭巷弄知道每一個人對這個城市的想像是什麼？洋流的特色除了是溫暖之外，它可以無所不在，它是一個想要改變、改革這個城市的心情，他相信不管在台灣的哪一個地方，洋流是無所不在的，因為大家都想要一些城市的改變，大家也都有對於這個城有一些想像，晚一點他會跟何欣純走一段路，然後進入到百工百業，希望能為這邊帶來一些新氣象。台北市長參選人沈伯洋（右二）及「戰鬥！新陀螺連線」4名台中市議員參選人，到元保宮參拜。（記者歐素美攝）    ,https://news.ltn.com.tw/news/politics/breakingnews/5587404
「洋流」到台中！沈伯洋元保宮戰鬥陀螺會友 2勝2敗,政治,2026/09/27 10:47,沈伯洋（中）到台中元保宮，以戰鬥陀螺會友。（記者廖耀東攝）洋流來了！台灣尚勇協會今天在台中市元保宮舉辦戰鬥陀螺比賽，台北市長參選人沈伯洋上午9點到場，許多民眾事前得知，天還沒全亮就排隊靜候，現場湧入逾千人；沈伯洋表示，玩陀螺代表的是人跟人之間的羈絆，這是台灣人的特色，人跟人之間的認識、競爭，雖然陀螺會有勝負，但對我們來講，大家一樣都是台灣人，也是在這樣的氛圍架構下，追求我們的自由、民主。沈伯洋今天一到元保宮，就受到民眾熱烈歡迎，現場擠得水洩不通，許多人高舉洋流的牌子，高呼「加油」，尤其當主持人介紹沈伯洋是「未來的台北市長」時，現場更是歡聲雷動。請繼續往下閱讀...沈伯洋表示，他在台北參選的第一天，就是在台北大龍峒的保安宮，來台中第一個地方也是元保宮。他還回憶起小時候的時，當時他就讀「最近爆發拉肚子事件」的台北金華國中，當時阿扁在台上講話，他卻衝上台問吳淑貞「阿扁怎麼還沒到」？沈伯洋說，這就是民主的歷程，今天在廟口雖然是打陀螺，但也是民主的聖地，不管是講地方的政治或台灣的願景或台中的想像，這其實是台灣的未來。沈伯洋並指出，陀螺是一個對大家很重要的羈絆，最近在台灣陀螺愈來愈風行，陀螺除了本身的動畫及其代表的意義外，他一直覺得玩陀螺是人跟人之間認識跟連繫彼此非常好的事情，從寶可夢、卡牌到陀螺，形式可能一直換，但代表的都是人跟人之間的羈絆，這是台灣人的特色，人跟人之間的認識、競爭，雖然陀螺會有勝負，但對我們來講，大家都是一樣都是台灣人，也是在這樣的氛圍架構下，我們追求我們的自由、民主，所以，今天在元保宮打陀螺特別具有意義。沈伯洋和4名優勝者對戰陀螺，結果2勝2敗，其中，1名小朋友獲勝，還特別致贈禮物，希望沈伯洋轉交給女兒小麻糬，十分溫馨。小朋友戰鬥陀螺打贏沈伯洋，還贈送禮物給沈的女兒小麻糬，並舉起「PUMA順起來」的牌子為沈伯洋加油。（記者歐素美攝）大家擠在元保宮廟埕，爭相舉起手機要拍沈伯洋。（記者歐素美攝）沈伯洋跟小朋友一起打戰鬥陀螺。（記者歐素美攝）    ,https://news.ltn.com.tw/news/politics/breakingnews/5587397
川習二會奏響中國禁歌《悲慘世界》 看華府如何擊潰「東升西降」敘事,政治,2026/09/27 10:41,美國總統川普與中國國家主席習近平24日在白宮舉行峰會。（法新社）美國總統川普與中國國家主席習近平今年第2次會面落幕，國安人士認為整體「儀式隆重」但「進展牛步」，在關稅調降、高科技AI出口管制、過剩產能傾銷及對美大宗採購等核心議題上仍在原地踏步，美方看似給足紅毯禮遇，卻發動精密的「符號作戰」，不僅關稅與技術封鎖「一字未鬆」，更在精神與體制上徹底解構中共的正統性，讓北京試圖框定美中「平起平坐」的戰略企圖徹底落空。國安人士指出，從美中關係來看，雙方坐下來談看似建立了某種避免立即衝突危險的「護欄」，實際卻嗅得出「制度和價值的戰略圍剿」，北京原先極力希望藉由峰會完成5月第1次「川習會」沒有成功的目的——為美中關係套上「美中建設性戰略穩定關係」的框架，正式確立中國是與美國「平等對峙、平起平坐」的大國，一方面也藉此掩蓋其內部經濟衰退、過剩產能與威權擴張的負面形象。請繼續往下閱讀...國安人士表示，令人意外的是華府精密的「符號作戰」，美方一方面鋪足長長紅毯給足習近平最需要的風光，另一方面從首場致詞談二戰美中合作、到引述《建國三文件》凸顯自由民主才是正統，國宴上引「斯巴達取得了最後勝利」，近乎嗤之以鼻地點破習念茲在茲的「修昔底德陷阱」敘事，更一度奏響中國禁曲《悲慘世界》，暗喻沒有民意基礎的政權將受革命挑戰，以及重提二戰合作實質上不是共產黨經驗過的歷史等。國安人士認為，美方透過前述的作為，在精神與體制價值層面解構了北京「東升西降」與「中共代表中國」的正統性；至於在經貿議題上，華府精明地將外交禮遇與戰略利益切割，關稅與AI管制一字未鬆，證明美方對中國「去風險」作為國家安全戰略本身，絕非幾場華麗國宴便能扭轉。    ,https://news.ltn.com.tw/news/politics/breakingnews/5587378
「洋流」到台中！沈伯洋人氣爆棚 粉絲高喊「台北、台中雙贏」,政治,2026/09/27 10:29,「洋流」燒到台中，民進黨台中市議員陳淑華、何文海及張芳郁（中）等議員在審計新村喊「台北、台中雙贏」。（讀者提供）民進黨台北市長參選人沈伯洋、台中市長參選人何欣純今天（27日）上午10點在審計新村合體，展開「走讀」市區行程，兩人未合體前數百人擠爆村內，民進黨台中市議員陳淑華、何文海等10多人先來迎接，粉絲齊喊「台北台中雙贏」。沈伯洋帶著「洋流」今天引爆台中市區，沈伯洋上午先到北區元保宮打「台灣尚勇盃陀螺比賽」，有學童熱情送「小麻糬」禮物，不過，也有民眾稱，對方陣營故意擠進來製造衝突，在與沈伯洋擊掌握手時發生推擠糾紛。請繼續往下閱讀...審計新村前一晚就有人排隊，沈伯洋與何欣純將合體走讀走到市民廣場，預計10時45在野餐墊區展開肥皂箱演說，台中市議員陳淑華、何文海、張芬郁、江肇國、周永鴻、黃守達等10多名議員在場齊喊「台北、台中雙贏！」    ,https://news.ltn.com.tw/news/politics/breakingnews/5587366
WSJ爆鄭麗文見習近平前「先給談話稿」 綠逼問：到底換到什麼？,政治,2026/09/27 10:27,民進黨中國質疑，如果台灣主要政黨主席連赴中要說什麼，都必須事前與北京當局協調，甚至將主導權拱手交予北京，還算什麼「對等交流」？（圖擷取自民進黨中國部）《華爾街日報》揭露，國民黨主席鄭麗文與中國國家主席習近平會面前數月，中國官員曾與國民黨談判人員協商她訪中的談話內容；鄭麗文甚至先提供談話稿，其中明確「反對台獨」獲得習的認可。民進黨中國部痛斥，如果台灣主要政黨主席連赴中要說什麼，都必須事前與北京當局協調，甚至將主導權拱手交予北京，還算什麼「對等交流」？鄭訪中說的話究竟由誰決定？民進黨中國部指出，政黨交流可以協調行程與議程，但如果連主席公開談話的政治措辭都要事前與北京商議，國民黨就必須向台灣人民說清楚，是誰代表國民黨與中國官員協調？北京對談話內容提出了什麼意見？國民黨應公開說明，雙方討論了哪些措辭、談話稿是否曾依中方意見調整，這些問題關乎國民黨對兩岸關係的立場，不能以「正常交流」四個字帶過。請繼續往下閱讀...民進黨中國部質疑，鄭麗文先向北京表達「反對台獨」，換得了什麼？北京持續以軍機軍艦及灰色地帶行動施壓台灣，也從未放棄對台使用武力，鄭事前提供的談話稿表達了北京想聽的政治立場；但在公開資訊中，看不到習近平對停止軍事威脅作出相應承諾，國民黨所說的「對等交流」，對等在哪裡？針對《華爾街日報》分析，鄭麗文部分措辭使國民黨立場更接近北京對兩岸關係的解讀。民進黨中國部示警，這正是此事最值得警惕之處：北京不只要與台灣政黨接觸，更希望影響台灣政黨如何談論兩岸關係，兩岸交流不能把台灣政黨的政治論述主導權交給北京，國民黨應公布會前接觸與措辭協調的實情，正面回答台灣人民：鄭麗文訪中時說的話，究竟由誰決定？    ,https://news.ltn.com.tw/news/politics/breakingnews/5587349
快評》梵谷打進選戰？民進黨老派「新世代」不只拚年輕,政治,2026/09/27 10:26,民進黨2026年地方選戰訴求「新世代扛起新時代」。（資料照）梵谷畫作走進台北街頭，意外替年底選戰拋出一道問題：政治人物眼中的城市，究竟由何構成？這也讓民進黨今年高喊的「新世代扛起新時代」，面臨一場超越年齡的考驗。民進黨七月全代會回顧蘇貞昌、陳菊、謝長廷、游錫堃、陳定南等人的地方執政招牌，強調世代傳承。然而，新一輩除了接下走訪基層、握手請託的政治基本功，還能提出什麼不同的問題意識與治理方法？若「新」只剩下生理年齡，面對同樣頂著年輕形象的蔣萬安，世代差異很快就會失去意義。請繼續往下閱讀...有趣的是，這些參選人做的事其實很「老派」，市場、廟口、座談，一樣都沒少。真正的分野，不在於誰更勤跑地方，而是踏入基層之後看見了什麼。就新北市來說，李四川主打嫻熟的行政歷練，訴求接棒侯友宜、延續穩健施政；蘇巧慧則從瑞芳等山海城鎮切入，把地方跑點串連至交通、醫療與觀光配套，喊出「新北不必再當台北的衛星城市」，試圖重塑二十九區各自的發展主體性。蔣萬安市府將梵谷作品與二十處地景配對，藉外來藝術重新詮釋台北，卻也難免引來質疑，這類符號式的拼貼，能否把人帶進城市本身的歷史與生活，抑或僅止於浮面的政策包裝？相對地，沈伯洋主張將梵谷筆下的咖啡館連結至波麗路，由《吃馬鈴薯的人》映照洪瑞麟畫筆下的礦工與勞動者；更透過街頭肥皂箱，拆解托育、租屋、營養午餐與交通等民生痛點，拼湊出市民的日常光景。桃園市方面，張善政長期以科技人與政務官背景形塑專業形象，論述重心偏向硬體建設與產業藍圖；黃世杰則啟動13區政策座談，將在地交通、托育、教育與長照等零散需求，反向吸納為政策雛形，進一步把公車路網與醫療資源收攏為一體化的區域治理方案。若民意最終只停留在拜票、陳情與個案服務，再勤快的基層行程，終究只是複製既有的選舉技術。唯有當零散的生活經驗被重新辨認與梳理，形成政策並撬動資源重分配，「地方」才會從單純的選舉場景，轉化為治理的起點。梵谷繪製《吃馬鈴薯的人》，意不在描繪一頓平淡的晚餐，而是要讓觀者看見那雙伸向餐盤、曾翻動泥土的粗糙雙手，看見勞動與生活的全貌。政治亦然，「新世代」的意義並非僅換上年輕面孔，而在於能否讀懂城市，並提出改變的方法。將這些基層實踐放回民進黨今年的布局，「新世代扛起新時代」才具備經得起檢驗的份量。    ,https://news.ltn.com.tw/news/politics/breakingnews/5587356
年輕就能贏？民進黨主打新世代牌 翻轉地方版圖關鍵曝光,政治,2026/09/27 10:11,民進黨2026年地方選戰訴求「新世代扛起新時代」。（資料照）年底九合一選舉倒數2個月，民進黨主打「新世代扛起新時代」，正面迎戰國民黨多位資深老將，企圖以世代對比強化選戰辨識度。綠營內部評估，「世代牌」在年齡與歷練落差大的選區，確實具備個人品牌紅利，但能否進一步轉化為實質選票並擴大地方版圖，關鍵仍在後續能否搶下地方議題主導權、以及持續拉高辨識度。民進黨7月全代會正式定調「新世代扛起新時代」主軸，兼任黨主席的總統賴清德當時強調，民進黨參選人都是一時之選，皆有台灣優先的理念、治理城市的專業及解決問題的能力，提名新世代的治理人才，就是要扛起新時代的新台灣。請繼續往下閱讀...針對這套「新世代」連線，黨內輔選人士分析，年齡能拉開參選人的辨識度，但真正戰場是治理語言。從青年居住、育兒、交通到產業轉型，參選人能否切中年輕世代所處的時代困境，才是突破傳統政黨基本盤的關鍵，「讓年輕世代感受到我們談的是同一個時代的問題」；此外，社群已是兵家必爭之地，新世代參選人熟悉網路溝通節奏，在空戰爆發力與創意上相對具有彈性。該人士直言，「年輕」並非萬靈丹。以新北市為例，民進黨參選人蘇巧慧對決國民黨李四川，多項民調顯示蘇在年輕族群中具備優勢；但放眼桃園市，參選人黃世杰與現任市長張善政的年齡差距更懸殊，卻也說明單憑世代反差，難以直接抗衡現任者的知名度與行政資源優勢。因此，輔選人士評估，「新世代」論述已達成初期效益，確實將藍綠人選的世代差異，轉化為今年選戰的整體焦點。特別在新北、基隆等膠著戰區，若能在39歲以下選民拉開穩定差距，配合拉抬青年投票率，年輕選票將成為左右勝負的重要關鍵。民進黨的「新世代」布局也向下延伸，在鄉鎮市層級推出多名年輕參選人，包括宜蘭市長參選人韓瑩、南投市長參選人沈夙崢、彰化市長參選人黃柏瑜、屏東市長參選人梁育慈、南投縣草屯鎮長參選人張媛婷等，均投入基層選戰，將新世代主軸從都會區一路往地方組織扎根。據了解，賴清德此舉意在透過年底選戰磨練新一代戰將，將人才派往艱困區開拓，不論最終結果皆要求扎根地方、累積政治能量，提早為2028年區域立委、以及下一階段地方選戰儲備接班梯隊。    ,https://news.ltn.com.tw/news/politics/breakingnews/5587342
自由觀點》為詐騙被告辯護不能從政？ 這種立委的法律常識堪憂,政治,2026/09/27 10:00,    ,https://news.ltn.com.tw/news/politics/breakingnews/5586105
世代對決？ 藍綠六都選將平均年齡差一輪 「這一都」差最多,政治,2026/09/27 09:57,國民黨與民進黨縣市長布局就位，六都藍綠人選平均年齡相差12歲。（記者陳政宇製表）年底九合一選舉倒數兩個月，國民黨與民進黨縣市長布局就位。綜觀藍綠提名陣容，六都藍綠人選平均年齡相差12歲，相當於整整一輪；其中以桃園市差距最大，民進黨參選人黃世杰比國民黨現任市長張善政年輕25歲。若將範圍擴大至全台兩黨各19位選將，民進黨平均年齡仍比國民黨低約6.4歲。中選會日前公布登記參選人名冊資料。六都方面，國民黨提名的台北市蔣萬安48歲、新北市李四川68歲、桃園市張善政72歲、台中市江啟臣54歲、台南市謝龍介65歲、高雄市柯志恩64歲，六人合計371歲，平均約61.8歲；民進黨則提名台北市沈伯洋44歲、新北市蘇巧慧50歲、桃園市黃世杰47歲、台中市何欣純53歲、台南市陳亭妃52歲、高雄市賴瑞隆53歲，六人合計299歲，平均約49.8歲，藍綠六都選將平均年齡正好相差約12歲。請繼續往下閱讀...進一步比較六都對戰組合，年齡差距以桃園市居冠。1954年出生的張善政對上1979年出生的黃世杰，兩人相差25歲。其次為新北市，李四川比蘇巧慧年長18歲。台南市謝龍介也比陳亭妃年長13歲。差距最小的則是台中市，江啟臣僅比何欣純年長1歲。若將範圍擴及全台，計算藍綠各自正式提名的19位縣市長參選人，國民黨19人合計1112歲，平均約58.5歲；民進黨19人合計990歲，平均約52.1歲，兩黨平均相差約6.4歲。從全台提名陣容來看，民進黨選將平均年齡較國民黨低逾6歲。年齡層分布方面，國民黨19位選將中，未滿50歲者僅兩人，分別為蔣萬安與45歲的雲林縣張嘉郡；60歲以上則有8人。民進黨則呈現青壯世代接班趨勢，未滿50歲者達7人，包括沈伯洋、黃世杰、基隆市童子瑋40歲、苗栗縣陳品安42歲、嘉義縣蔡易餘45歲，以及新竹縣鄭朝方46歲與新竹市莊競程46歲；60歲以上則有4人。此外，首都之戰也具有世代意義，台北市自1994年恢復直轄市長民選以來，歷任民選市長依序為陳水扁、馬英九、郝龍斌、柯文哲及蔣萬安；若1982年（民國71年）出生的沈伯洋突圍勝選，將成為首位出任台北市長的「7年級生」。民進黨2026年地方選戰訴求「新世代扛起新時代」。（資料照）    ,https://news.ltn.com.tw/news/politics/breakingnews/5587327
沈伯洋拚首位「7年級」台北市長 吳思瑤曝決戰3大訴求,政治,2026/09/27 09:54,民進黨台北市長參選人沈伯洋（圖右）對決現任市長蔣萬安，力拚成為首位「7年級生」台北市長。（資料照）民進黨2026選戰訴求「新世代扛起新時代」，1982年（民國71年）出生的民進黨台北市長參選人沈伯洋問鼎成功，將成為首位「7年級生」台北市長。對此，沈伯洋競選團隊總幹事吳思瑤強調，北市選戰不會只強調年齡，而是更凸顯專業能力、面對市政的態度，以及面對民意的真誠，號召年輕世代選民一起選對的市長，「扛起台北的新時代」。爭取連任的國民黨籍台北市長蔣萬安為1978年（民國67年）出生，現年48歲，僅比沈伯洋年長4歲，但此役別具世代意義。因為台北市自1994年恢復直轄市長民選以來，歷任民選市長依序為陳水扁、馬英九、郝龍斌、柯文哲及蔣萬安；若沈伯洋順利當選，將成為首位出任台北市長的「7年級生」。請繼續往下閱讀...對此，吳思瑤受訪表示，「新世代扛起新時代」是民進黨對這次全台縣市長參選人所下的共同定義，相較其他政黨提名人選，民進黨的人選確實較為年輕，而且許多人具有不同領域的專業養成，包括有7位律師上陣，因此是以年輕世代及專業能力做為全台提名的共同訴求。談到台北市，吳思瑤指出，沈伯洋確實比現任市長蔣萬安年輕，但這應是以「連線式」方式凸顯全台民進黨參選人的共同特質；若單獨放到台北市選戰來看，年齡並非主打訴求，「我們主打的是專業能力，跟對待市政的態度」。吳思瑤表示，除了世代特色，民進黨更要凸顯沈伯洋面對市政的態度、處理市政的專業能力，以及面對民意的真誠。「新世代扛起新時代」不只是對參選人的訴求，也希望藉此打動更多年輕族群，把創新思維、對城市的願景，以及對首長的正向要求帶入這場選戰，讓台北市的年輕世代一起關切這場選戰，「一起選對的市長，扛起台北的新時代」。此外，黨內人士則觀察，蔣萬安從2022年的候選人到如今擔任市長，依舊華而不實，不僅缺乏具體政策能力，也沒有展現4年執政的具體成果，國民黨仍企圖依賴台北市既有的政黨結構「躺著選」。該人士強調，民進黨本次與上屆明顯不同的是，沈伯洋代表不同世代，彰顯新世代的觀念更有創新空間及更多可能性，因此這場選戰將與過去很不一樣，沈伯洋本身呈現多元的新價值，帶來不同於過去的選戰思維。    ,https://news.ltn.com.tw/news/politics/breakingnews/5587332
打造「演唱會經濟2.0」 柯志恩向寬宏藝術請益,政治,2026/09/27 09:36,柯志恩（左）向寬宏藝術董事長林建寰（右）請益演唱會經濟。（柯志恩競辦提供）高雄演唱會經濟打出名號，國民黨高雄市長參選人柯志恩近日拜會寬宏藝術，向董事長林建寰請益「高雄下一階段演唱會經濟」，從城市品牌、場館規劃到交通、旅遊整合深入交流。柯志恩強調，演唱會經濟不能只看「辦了幾場、來了多少人」，更要從產業第一線了解需求，讓政府把場館、交通、旅宿、餐飲與城市行銷串起來，將人潮轉化為城市商機。柯志恩表示，自己過去擔任《世界真奇妙》及《娛樂新聞》等節目主持人，對演藝產業並不陌生；走入學術教育與公共事務後，更讓她體會政府應該做的，是理解產業需求、協助解決問題。此次特別向長期站在展演產業第一線的寬宏藝術請益，就是希望從業者經驗找出高雄下一階段的解方。請繼續往下閱讀...林建寰分享，高雄除了持續爭取國際藝人演出，也應思考打造具有高雄辨識度、可以長期經營的品牌活動，讓高雄不只是國際巡演的一站，而能成為值得專程前來的展演目的地。他也指出，高雄除了大型場館，中型場地及完整配套同樣重要；現有場地大多為戶外沒有固定屋頂，大型演出裝台、拆台都須額外預留時間，場館使用效率與未來承接量也必須納入規劃。柯志恩認為，這些都是「演唱會經濟2.0」必須面對的問題，未來除了持續深化大港開唱等既有品牌，也要協助更多具有高雄特色的活動逐步成形，並把場館、交通、航空、旅宿、餐飲、旅行業與城市行銷整合起來，讓高雄從「辦演唱會的城市」，進一步成為「值得為了一場活動專程來到高雄的城市」。柯志恩強調，高雄下一階段需要的，不只是會辦活動、會做建設的市長，更需要真正懂產業、懂城市，也知道政府如何與企業合作、把不同資源串起來的市政團隊。這次向寬宏藝術請益，就是要把產業第一線的問題給釐清，未來才有能力替高雄持續爭取國際級演出，「真正的成功，不只是幾萬人進場，而是活動結束，人潮不散；演唱會散場，錢潮留下。」    ,https://news.ltn.com.tw/news/politics/breakingnews/5587309
教師節前夕 賴瑞隆公布「教育未來式」7大承諾,政治,2026/09/27 09:35,賴瑞隆（右）公布「教育未來式」7大承諾。（賴瑞隆競辦提供）教師節前夕，民進黨高雄市長參選人賴瑞隆今（27）日公布「高雄教育未來式」7大教育承諾，提出「班級小一點、老師鬆一點、照顧多一點、孩子亮一點、學習強一點、世界大一點、未來近一點」七大方向，勾勒高雄下一階段教育藍圖。賴瑞隆表示，陳其邁市府團隊已為高雄教育打下重要基礎，從免費午餐、智慧教室，到雙語教育持續推進。下一任市長的責任，就是在既有基礎上再往前走一步，打造更細緻的教育。請繼續往下閱讀...賴瑞隆指出，前段時間已陸續向各大教師團體請益並簽署政策訴求，並全面匯集各方建議。他承諾，未來將以「教育合夥人會議」為理念，納入教師、校長、家長團體，及學生、幼教、特教、技職教育代表，親自主持圓桌會議，尋求對話、凝聚共識，並具體提出「教育承諾儀表板」，第一階段以2030年為節點，定期公開政策落實進度，供各界檢視。「老師顧孩子，政府要顧老師。」賴瑞隆說，「老師鬆一點」將建立行政減量指標、大幅減低行政負擔，推動非教學行政逐步專業化、持續降低行政教師授課負擔、一校一資訊專責人力等；「班級小一點」將逐步降低班級人數，並優先檢討幼教師生比。「照顧多一點」則持續充實心理、社工、輔導、特教及學務校安人力，並大幅提升午餐食安、營養及食材品質；「孩子亮一點」將推動「一校一亮點」，依學校與地方特色發展閱讀、藝術、運動、科技、海洋等課；「學習強一點」則建立分齡AI素養、以科技減輕教學負擔。賴瑞隆強調，「世界大一點」是以雙語教育預算倍增為基礎，進一步走向國際教育，在不增加教師負擔的前提，推動一校一國際共學夥伴、學生海外學習、教師國際培力及偏鄉雙語保障；「未來近一點」則串聯高中、技職、大專院校與產業，強化生涯探索、產學合作及實習就業，並打造「15分鐘終身學習圈」。    ,https://news.ltn.com.tw/news/politics/breakingnews/5587305
蔣萬安立院學歷標註風波 林智群：明明是JD卻想裝成SJD,政治,2026/09/27 09:31,林智群指出，其實JD也是很棒的實務學位，但他強調：「問題不在於JD，而在於明明是JD卻想假裝爲SJD的那個人。」（資料照）台北市長蔣萬安近期因為立法院英文簡歷頁面出現變更，原本的SJD（法學博士）學歷已被悄悄改成JD（法律博士），引起各界質疑。北市府澄清蔣萬安擔任立委期間提供的中文學歷資料「始終正確」，是立院委託廠商英文翻譯有誤。律師林智群強調：「問題不在於JD，而在於明明是JD卻想假裝爲SJD的那個人。」林智群指出，其實JD也是很棒的實務學位，課程很紮實、沒那麼好拿，美國大法官、法官、檢察官、學者，很多都是JD出身，但問題不在於JD，而在於明明是JD卻想假裝為SJD的那個人。另外絕大部分的JD是要通過非常難考的LSAT（Law School Admission Test，法學院入學考試），滿分180分，名校至少要170分，就算是本土美國人也很難通過170分。請繼續往下閱讀...林智群強調，蔣萬安沒考LSAT，他是先申請LLM（法學碩士，LL.M. / Master of Laws）之後再內轉JD的，賓州大後來就把這個內轉管道取消了。許多網友也在林智群臉書貼文留言：「以蔣萬安的資質，LSAT不可能考到170分以上的，那不是在比誰會背英文單字而已，那要有很強的語言邏輯。」、「它從小到大都是用這種特管，也想讓他下一代如法炮製？」、「特權久了就是這樣？」、「發現有人砸了招牌，馬上封路！」、「萬安的求學路真與眾不同！」、「對於蔣的支持者來說是小瑕疵，無傷大雅~」、「一路都在走捷徑的人，最後有一天要算總帳。」    ,https://news.ltn.com.tw/news/politics/breakingnews/5587282
川習會剛落幕！蕭美琴登北美台灣科技年會：台美戰略關係更加堅實,政治,2026/09/27 09:29,副總統蕭美琴今天錄影為「北美台灣科技年會」（Taiwan Tech Summit）攬才及新創活動致詞。（總統府提供）美國總統川普和中國國家主席習近平會談剛落幕，副總統蕭美琴今天錄影為「北美台灣科技年會」（Taiwan Tech Summit）攬才及新創活動致詞時強調，前瞻科技必須深植於自由、透明與民主等普世價值，台美戰略夥伴關係也因此更加堅實。蕭美琴以英文致詞表示，非常榮幸能在美國規模最大的台灣跨產業盛會「北美台灣科技年會」，以及「國際人才服務及延攬中心」2026年赴美攬才團（Talent Taiwan 2026 US Outreach）和「國家新創品牌Startup Island TAIWAN」的成果發表（Demo Day）活動中，向大家致意。請繼續往下閱讀...蕭美琴指出，為促進經濟成長，台灣正積極推動「AI新十大建設」。身為全球AI供應鏈的核心重鎮與卓越創新的最佳夥伴，我們與美國科技界緊密合作，共創繁榮，並共同深化台美人才及新創交流。蕭美琴強調，我們深信，前瞻科技必須深植於自由、透明與民主等普世價值，而台美戰略夥伴關係也因此較以往更為堅實。她也再次肯定「北美台灣科技年會」做為台美人才與企業堅實橋梁的貢獻。    ,https://news.ltn.com.tw/news/politics/breakingnews/5587318
川習二會後日本出現「疑美論」 矢板明夫： 北京最樂見分化發生,政治,2026/09/27 08:49,矢板明夫提到，日本也出現一波「疑美論」，但從現況可判斷，美日關係堅若磐石，而這種操作，台灣也非常熟悉。（美聯社）美國總統川普與中國國家主席習近平3天峰會，「川習二會」舉行過程中也引起國際關注。資深媒體人矢板明夫提到，日本也出現一波「疑美論」，但從現況可判斷，美日關係堅若磐石，而這種操作，台灣也非常熟悉。矢板明夫強調，台灣對美國不能盲目信任，但同樣也沒必要因為一句話自己嚇自己。矢板明夫表示，日本國內之所以出現「疑美論」，是因為川普在會談時提到二次世界大戰，說當時美中曾是「盟國」一起打過仗，習近平立刻接球，強調「中美曾經並肩抗擊日本軍國主義」，導致日本有些媒體和評論人士「炸鍋」。有人認為，川普是在配合習近平的「抗日史觀」，中國受到高規格接待，日本卻被冷落，甚至有「高市外交失敗」、「美國正在拋棄日本」的說法。請繼續往下閱讀...矢板明夫認為，這些說法都是過度解讀，首先川普只是陳述歷史事實，二戰時美國與中國確實是盟軍，但「中國」是蔣介石領導的「中華民國」，不是1949年才成立的「中華人民共和國」；第二，比川普的一句話更值得看的是實際行動，川普9月22日在紐約先和高市早苗舉行首腦會談，雙方談了中國問題，接著才去見習近平，川習會一結束，川普很快又打電話給高市，詳細說明剛才和習近平談了什麼。矢板明夫表示，高市早苗26日特別在X上發文說「一個星期之內，兩次舉行首腦會談，正是日美同盟強大的證明。」並強調「日本和美國，如今已經成為彼此最值得信賴的同盟國。」矢板明夫認為，這幾句話就是在回應這兩天日本國內出現的「疑美論」，國際政治不能只看一張照片，更不能只抓住川普的一句話，就宣布「日本被拋棄了」。矢板明夫指出，如果真的要判斷美國是不是疏遠日本，就要看，美國有沒有改變對日防衛承諾？有沒有改變駐日美軍部署？有沒有改變印太戰略？從現狀可以判斷，美日關係堅若磐石。而這種現象台灣也很熟悉，只要美中領導人握一次手、吃一次飯，或者川普稱讚習近平幾句，馬上就有人跳出來說：「你看，美國要拋棄台灣了。」矢板明夫最後也說：「這類分化台美關係的疑美論，是北京最喜歡看到的。當然，我們對美國也不能盲目信任。但是同樣也沒必要因為一句話，就自己嚇自己。」    ,https://news.ltn.com.tw/news/politics/breakingnews/5587270
竹北大戰番外篇！綠白選將先拚「這個」  鄭朝方「設計」成功,政治,2026/09/27 08:46,竹北市長鄭朝方（左）以竹北是他心中最捨不得的那一塊，懇託眼前坐著爭取接棒的綠營曾聖凱和白營邱臣遠，未來都要善待竹北。（記者黃美珠攝）新竹縣竹北市「城中城・歌中歌~盛事傳奇三天王竹北演唱會」昨晚舉行，開唱前，在市長鄭朝方「設計」下，台下的台灣民眾黨竹北市長參選人邱臣遠、民進黨竹北市長參選人曾聖凱是先拚唱起來，結果1個走音、1個破音，現場笑成一團，邱臣遠、曾聖凱也樂在一起，成為備受矚目的另類「綠白合」。鄭朝方昨晚串場主持時走入貴賓區，依序介紹時代力量黨主席王婉諭、白營邱臣遠、綠營曾聖凱都來聽歌。還說大家都知竹北市長愛唱歌，當場要考考想接他棒的邱臣遠和曾聖凱是不是也能唱。邱臣遠號稱「Andy哥」立刻把握機會，曾聖凱也輸人不輸陣地「撩落去」。請繼續往下閱讀...鄭朝方請2人猜拳決定「獻聲」順序，邱臣遠擊敗「剪刀手曾聖凱」，率先高歌趙傳的《我終於失去了你》，只是在唱到副歌最後「 啊哈，我終於失去了你，在擁擠的人群中」時不慎走音，但他面不改色，在聽眾的掌聲和尖叫中平穩唱到最後。輪曾聖凱時，鄭朝方特別叮嚀「人家有備而來喔」。曾聖凱則面無懼色地也唱趙傳的《我是一隻小小鳥》。但才開口「我是一隻小小小小鳥，想要飛～卻飛也飛不高」就瞬間破音，全場哄堂大笑，連他也忍俊不禁。然而曾聖凱馬上機智說「看來這個燒聲、破音，要我飛高一點齁」展現其幽默。鄭朝方肯定2人都是優秀人才，特別邀請他們，是因竹北是他心中最捨不得的那一塊，所以懇託期許2人都要成為善良、有信用的人，不管誰當選都善待竹北。曾聖凱、邱臣遠聞言同時大聲說「好」也都點頭如搗蒜。竹北市長鄭朝方（持麥克風者）以竹北是他心中最捨不得的那一塊，懇託綠營曾聖凱（第2排白上衣者）及其身旁的白營邱臣遠，未來善待竹北。（記者黃美珠攝）民眾黨邱臣遠（背對鏡頭右）在竹北市長鄭朝方（背對鏡頭左）見證下，猜拳擊敗「剪刀手曾聖凱」，在演唱會前率先獻聲。（記者黃美珠攝）民眾黨竹北市長參選人邱臣遠（持麥克風者）率先高歌趙傳的《我終於失去了你》，儘管有小走音，但他鎮定演唱到最後。（記者黃美珠攝）民進黨竹北市長參選人曾聖凱（持麥克風者）也唱趙傳的《我是一隻小小鳥》，因為破音，把一旁的時力主席王婉諭逗得，邊拍手邊笑得前俯後仰。（記者黃美珠攝）竹北市長鄭朝方（持麥克風者）以竹北是他心中最捨不得的那一塊，懇託綠營曾聖凱（白上衣立者）、白營邱臣遠（立者中），未來善待竹北。（記者黃美珠攝）竹北市長鄭朝方昨晚深情告白說，竹北是他心中最捨不得的那一塊，懇託未來主政者善待竹北。（記者黃美珠攝）    ,https://news.ltn.com.tw/news/politics/breakingnews/5587278
學歷「誤植」推給立院  她質疑：蔣萬安10年不改是什麼心態,政治,2026/09/27 08:34,山田摩衣質疑，廠商翻譯成SJD如果有誤，但蔣10年都不更正，是什麼心態呢？（資料照，台北市政府提供）台北市長蔣萬安近期因為立法院英文簡歷頁面出現變更，原本的SJD（法學博士）學歷已被悄悄改成JD（法律博士），引起各界質疑。市府澄清，蔣萬安擔任立委期間提供的中文學歷資料「始終正確」，是立院委託廠商英文翻譯有誤，台北市研考會主委殷瑋為此上節目喊冤，還推給時任立法院長的游錫堃。新北市議員山田摩衣質疑，就算是廠商錯誤翻譯成SJD，但蔣萬安10年來都不更正，是什麼心態呢？山田摩衣提到，以她先前在立法院工作的經驗，立法院通常是依據委員提供的資料去做登錄，如果當時蔣萬安提供的是中文資料「美國賓夕法尼亞大學法學院法律博士」，廠商翻譯成SJD，「如果有誤，但10年都不更正」是什麼心態。請繼續往下閱讀...山田摩衣指出，現在蔣萬安拿等同於台灣碩士學歷的JD，吃JD學歷習慣被翻成「法律博士」的豆腐，過了10年被抓包才知道要更正，甚至還賴到立法院前後兩任院長蘇嘉全和游錫堃身上，真的是很過分。立法院不是中選會，只是根據委員提供的文字資料來翻譯，沒有權力查核委員學歷的英文學位證書。山田摩衣強調，現在蔣萬安說他的學歷是JD，那問題反而是在蔣萬安自己，因為在選舉公報中，他不只寫過賓夕法尼亞大學的法律博士學位，也寫過碩士LLM學位，但選第十屆立法委員時，蔣萬安卻沒有寫出賓夕法尼亞大學的碩士學位，只寫了法律博士學位，是不是會讓民眾產生「他的最高學歷是法學博士」的認知，而有誤導之嫌呢？山田摩衣表示，蔣萬安選舉選成這樣，一點擔當都沒有，就知道蔣有多焦慮了，蔣萬安自稱賓州法律博士，卻講不出「政黨傾向」（political affiliation）的英文，就跟李四川自稱市政專家，卻不知道經過他家門且最有名的307公車路線一樣荒謬，誠實很重要。    ,https://news.ltn.com.tw/news/politics/breakingnews/5587273
瘋洋流會欣潮！台中人夜衝審計新村 元保宮凌晨4點半「搶不到頭香」,政治,2026/09/27 08:05,洋流會欣潮前夕，審計新村聚集熱情粉先暖身。（網友shawn_chii提供）民進黨台北市長參選人沈伯洋「洋流」，訂今（27日）日上午10點與民進黨台中市長參選人何欣純「欣潮」合體，台中人躍躍欲試，兩人合體地點審計新村昨晚深夜聚集20餘人持洋流、純派旗幟及應援小物搖旗開心揮舞「暖身」，上午9點另一場在元保宮登場的戰鬥陀螺會場更在凌晨4點半就有人報到竟沒搶到頭香「排第2名」，有網友興奮評「台北很瘋、高雄不講武德、台中人怎麼能輸」，吸大批網友附和，還有人貼上小英知名網路迷因「我真的要興奮死了」形容心情。沈伯洋今天上午10點將到台中與何欣純合體，兩人會在台中知名青創基地審計新村合體後，再沿路走讀到附近的市民廣場，但昨晚就有不少人先夜衝審計新村「場勘」，甚至深夜聚集20多人帶著洋旗及純派旗幟及相關應援小物，在審計新村前匯聚興奮搖旗「暖身」，宛如參加派對，讓路人驚呼「這群人怎麼了」，不少脆友焦慮急喊「你們這樣我壓力很大！到底明天要幾點去啦！」、「這群人讓大家壓力很大」、「好害怕明天到底會有多少人」。請繼續往下閱讀...無獨有偶，今天上午9點另在元保宮沈伯洋預計陪民進黨4位市議員參選新人詹智翔、簡嘉佑、陳信秀、陳映辰等，合體出席台灣尚勇盃戰鬥陀螺競賽，今天凌晨4點半有人曬照已抵達元保宮「竟第2名」，也讓網友喊「太扯了 台中人要夜排」、「你的瘋狂我喜歡」。很多網友也回應，昨天已去審計新村及市民廣場「場勘」，有看似外縣市民眾紛留言「你們台中人不要太瘋」、「不要這樣～台中人讓台北人好害怕」，有台中網友興奮回應評「台北很瘋、高雄不講武德、台中人怎麼能輸」，還有人貼上小英知名網路迷因「我真的要興奮死了」形容心情。    ,https://news.ltn.com.tw/news/politics/breakingnews/5587279
柯志恩參加旗山香蕉活動 竟笑稱要吃「屏東香蕉」,政治,2026/09/27 06:37,柯志恩參加旗山香蕉推廣活動，離開時打趣說要吃屏東香蕉、引發網友議論。（擷取民視新聞畫面）國民黨高雄市長參選人柯志恩昨（26）日到旗山參加「2026夏祭新鮮市」活動，離開前有人追問要不要吃（旗山）香蕉？她沒收下，並笑回說要吃「屏東香蕉」。遭網友嗆「回屏東選吧」！柯志恩與民進黨高雄市長參選人賴瑞隆昨天上午都到旗山參加高市府舉辦的「2026夏祭新鮮市：相揪來旗山」活動，兩人都以具體行動支持在地農產。請繼續往下閱讀...但柯志恩致詞時，疑因感受到周圍支持賴瑞隆的聲量不小，自嘲說坐在台下時「背脊發涼」，若有機會進市府也會做得更好，跟市長陳其邁一樣，雖然現在大家「支持的什麼人」她都知道，但她要跟大家保證，不管藍的綠的還是白的，真的不能有分別。當柯志恩上車準備離開時，有人遞上幾根在地香蕉，問「委員要不要吃」？疑似是藍營幕僚讓她帶在車上吃，不料，柯志恩轉頭笑著說要吃「屏東香蕉」。這話引發網友議論，留言「不演了，了不起」、「是不是兩柯都一樣」、「快去參選屏東啦」、「超沒風度」、「去屏東選啦」。藍營澄清，柯志恩笑說吃屏東香蕉、純粹是因為她的老家是屏東（出生屏東縣），才會意外脫口要吃家鄉的屏東香蕉，請外界不用多做聯想。    ,https://news.ltn.com.tw/news/politics/breakingnews/5587251
江啟臣競總10/4成立 傳將重現「禿子、燕子、漢子合體」,政治,2026/09/27 06:20,江啟臣的競總十月四日成立，傳出禿子漢子燕子將同台。（翻攝江啟臣官網）距離年底九合一大選倒數2個月，國民黨中市長參選人江啟臣的競選總部將於10月4日成立，雖然日期已確定，但會有什麼大咖會來幫江啟臣站台，據了解，江啟臣團隊可能會安排當年「禿子、燕子、漢子」（立法院長韓國瑜、台中市長盧秀燕、新北市長侯友宜）3人同時為江啟臣站台的畫面，展現超強人氣。投票已進入倒數階段，很多參選人的競選總部紛紛成立，而民進黨中市長參選人何欣純的競總早已於9月12日成立，而國民黨中市長參選人江啟臣則是在10月4日成立，而距離投票日只剩下1個多月。請繼續往下閱讀...當天出席除了有國民黨台中市籍的楊瓊瓔、顏寬恒、黃健豪、羅廷瑋、廖偉翔、黃仁等6位立委之外，據了解，江啟臣將邀請跟他交情非常好的立法院長韓國瑜、新北市長侯友宜及台中市長盧秀燕，3人將同台，呈現當年「禿子、燕子、漢子」的盛況。由於江啟臣公布的圖卡只有6位立委的名單，尚未公布「三子」出席名單，但是外界已猜測，這3人屆時一定會出席，但是，還有人認為，跟江啟臣關係相當好，8年前在國民黨市長初選時，公開力挺江啟臣的前台中市長胡志強也應該會出席。    ,https://news.ltn.com.tw/news/politics/breakingnews/5587261
鐵證！蔣萬安政見會親口說「我正在讀法律博士」 殷瑋還代為喊冤,政治,2026/09/27 06:11,"台北市長蔣萬安出席商圈嘉年華～台北生活祭開幕記者會，並參觀攤位試吃小吃點心。（資料照，記者叢昌瑾攝）首次上稿 09-26 22:43更新時間 09-27 06:11台北市長蔣萬安昨（26）日被爆在立院網站的簡歷突修改，學歷標註從「S.J.D.」（法學博士）變「J.D.」，台北市研考會主委殷瑋上節目喊冤，稱蔣萬安一開始就提交給立法院正確資訊，從來沒有要偷天換日加「S」上去。不過網友翻出蔣萬安在市長選舉電視公辦政見會曾說「我過去在美國求學那段期間，我正在讀法律博士，全班一百多名學生，只有我來自台灣」，直言「這樣說好嗎」？請繼續往下閱讀...蔣萬安爭議再爆，有網友踢爆其在立法院的個人英文學歷欄位突然被修改，原本學歷標註的「S.J.D.（法學博士）」已被改成「Juris Doctor（J.D.）」。對此，北市府澄清，蔣萬安擔任立委期間，提供中文學歷資料始終都是正確的「賓夕法尼亞大學法學院法律博士」，是立法院委託廠商英文翻譯有誤。蔣萬安下午出席活動前受訪強調，他第9屆、10屆提供的資料都是正確的。不過，臉書「有失公允的綠營側翼SideWing」發文指出，根據網路轉傳，美制學位中，博士分為兩大類：（A）學術型博士（如 Ph.D.、S.J.D.）：畢業要求：必須提交具原創性的學術論文並通過口試答辯。（B）專業型博士（如 J.D.、M.D.、D.D.S.）：畢業要求：大多數不要求撰寫傳統學術論文。至於官方譯名與學歷認定：台灣教育部：美國的J.D.學位在國內可採認為相當於碩士學歷。「有失公允的綠營側翼SideWing」指出，有關稱呼上的習慣差異，美國對於J.D.畢業生，通常使用 Esq.（Esquire，大律師）或直接稱為律師，較少自稱為 ""Dr.""（因為 ""Dr."" 在美國口語中常特指 Ph.D.學者或 M.D.醫師）。結論是他不是法學博士！並質疑蔣萬安在市長選舉電視公辦政見會說，正在讀法律博士，這樣說好嗎？相關新聞請見：水牛伯背鍋？蔣萬安立院學歷錯誤急改 殷瑋竟怪「游錫堃搞的」    ",https://news.ltn.com.tw/news/politics/breakingnews/5587200
少女蛻變執業律師 感念林國漳啟蒙,政治,2026/09/27 05:30,律師黃鈺書當年獻花給林國漳(右)，感念恩師在法學上的啟蒙。（林國漳競辦提供）國中畢業就步入社會的黃鈺書，廿歲那年對未來感到茫然，她重拾學習來到宜蘭社大遇見講師林國漳，生動的法律課翻轉少女人生，已是執業律師的她，成為民進黨宜蘭縣長參選人林國漳「還好有國漳」影片首集主角，以真實生命故事，向縣民推薦這位溫暖的啟蒙恩師。黃鈺書回憶當年選修林國漳的課，原以為法律條文艱澀冰冷，但在林國漳親和力十足的講解，與淺顯易懂的生活實例搭配下，瞬間變得平易近人，消除她對法律的距離感，也在心中埋下成為律師的種子。請繼續往下閱讀...黃鈺書最終錄取東吳大學法律系，畢業後考上台北大學研究所進修。從昔日學生蛻變為法界同業，她深刻體會林國漳的熱忱，也十分提攜後輩，當年她就讀東吳時，林還特地請託在校任教同學多加照顧。成為律師後，黃鈺書觀察到林國漳無論在講台或法庭，總傾盡全力接住無助當事人，將實踐人權與法律扶助視為一生使命；「遇到林國漳，對我人生帶來很大改變！」這一路走來的溫暖，讓她深信林國漳若擔任縣長，必定能為宜蘭帶來最好的治理與照顧。    ,https://news.ltn.com.tw/news/politics/paper/1772290
蔡易餘朴子競總今成立 賴清德助講,政治,2026/09/27 05:30,民進黨嘉義縣議員黃啟豪新港競選總部成立，綠營要角站台力挺。（記者蔡宗勳攝）民進黨嘉義縣長參選人蔡易餘與朴子市長參選人王如經聯合競選總部今天下午成立，擔任總部名譽主委的總統賴清德將到場站台表達力挺。嘉縣「在野大聯盟」無黨籍縣長參選人吳品叡昨天到水上鄉造勢，國民黨台中市長盧秀燕與嘉義市長黃敏惠到場輔選，並為水上鄉長參選人陳德榮拉抬聲勢。盧秀燕、侯友宜 為吳品叡造勢蔡易餘表示，朴子聯合競總成立大會今天下午三點在朴子市鎮安宮廣場舉行，賴總統預定四點半到場，嘉義縣長翁章梁、立委莊瑞雄與陳冠廷等人將出席，希望鄉親到場相挺，支持認真做事的活力團隊。請繼續往下閱讀...黃啟豪成立新港競總 翁章梁站台民進黨嘉縣議員黃啟豪昨成立新港競選總部，翁章梁為黃啟豪披上競選綵帶，蔡易餘授予戰旗，宣告攜手為嘉義黃金十年努力。盧秀燕與黃敏惠昨到水上鄉璿宿上天宮為吳品叡輔選，隨後掃街並至水上鄉長參選人陳德榮服務處。盧秀燕說，她跟同期的女性縣市長組成「學姐縣市長助選團」，昨首次出動就是來為吳品叡抬轎，希望吳能當選。新北市長侯友宜昨傍晚出席無黨籍朴子市長參選人黃,https://news.ltn.com.tw/news/politics/paper/1772310
川習二會落幕 吳志中：相信美會完成對台軍售案,政治,2026/09/27 05:30,外交部次長吳志中昨日表示，政府持續強化對美溝通，維持台海和平穩定符合國際利益，相信美國對台軍售案「還是會成的」。（記者叢昌瑾攝）川習會落幕，各界關注當前擱置的對台軍售案是否受到影響。外交部次長吳志中昨日表示，政府持續強化對美溝通，維持台海和平穩定符合國際利益，相信美國對台軍售案「還是會成的」；美國國防部前官員胡振東說，美國總統川普若在幾天內核准台灣軍售，將是向中國國家主席習近平展示實力，表明未受到干擾。胡振東：川普若很快核准等同表明不受習近平影響國策研究院昨舉辦「二次川習會與美中博弈」座談會。吳志中會前受訪被問及美台軍售案時表示，政府隨時注意情勢發展，繼續強化溝通，在國際社會最重要是強化準備，也希望答應的可以準時發生。請繼續往下閱讀...吳志中指出，維持台海和平穩定絕對符合國際各國國家利益，因為讓中國在台海擁有過於優勢的軍事力量，並不利區域穩定和平，相信美國對台軍售案「還是會成的」。胡振東於會中分析，習近平可能會試圖讓川普覺得對台軍售是美國的談判籌碼，也因此幾乎可用軍售來衡量習近平對川普的影響力。胡振東認為，川普若在未來幾天內核准台灣軍售，是向習近平展示實力；但川普若將台灣軍售延遲，習近平可能會視為成功干擾美國對台軍售，而且一旦成功，習近平將延續這類作為。因此胡振東認為，川普需要採取行動，例如推進對台軍售計畫以表明並未受到習近平影響。國策院副院長郭育仁則認為，外界關注的一四〇億美元軍售案是由美國國會預先批准，而非行政權主導，對台軍售應不受影響，推測會採延期分包方式進行。兩岸政策協會監事長譚耀南也分析，這筆一四〇億美元的軍售案應該會分拆為好幾批次，並在今年底開始陸續批准。淡江大學兩岸關係研究中心主任張五岳指出，中方要求美國審慎處理台灣議題的範疇，涵蓋美國對台軍售等議題。他也認為，未來美國對台軍售不會停止，但可能不會再有大規模軍售案，將逐漸切割化，轉為個案處理。    ,https://news.ltn.com.tw/news/politics/paper/1772336
川習二會 董立文：川普介入中共21大權力佈局,政治,2026/09/27 05:30,亞太和平研究基金會執行長董立文指出，川普在華府川習會中，給足習近平面子，某種程度上已經介入了中共二十一大的權力佈局。（路透）高規格接待 有利習近平鞏固權威川習會落幕，中共十月底將迎來第二十屆中央委員會第五次全體會議，淡江大學兩岸關係研究中心主任張五岳昨於「二次川習會與美中博弈」座談會指出，習近平此次訪美受到高規格接待，有助於習近平鞏固權威，並在十月的五中全會及明年的二十一大當中，貫徹其權力佈局；亞太和平研究基金會執行長董立文也認為，川普某種程度已介入中共二十一大的權力佈局。張五岳：台灣淪大交易籌碼是誤判張五岳認為，習近平此次訪美受到高規格接待，守住中國底線，營造出中國「平視美國」的格局，並在十月的五中全會及明年的二十一大當中，貫徹其權力佈局。 請繼續往下閱讀...董立文指出，川普在本次華府川習會中，對習近平保護周全，並給足習面子，他認為，川普某種程度上已經介入了中共二十一大的權力佈局，相信川普知道，他給習近平這麼大的面子、給予最高規格接待，有利於五中全會及明年二十一大的權力穩固，這些都是政治訊號。不過，董也點出，川普的接待有許多綿裡藏針之處，且兩個月後美中將重啟貿易談判，未來仍有許多變數。針對川習二會的台灣議題，張五岳指出，北京與華府兩場川習會之間，美中關係、台美關係都未有劇烈改變，代表美中希望避免衝突升高；台灣議題絕對不存在成為美中大談判、大交易的籌碼，這是完全的誤判解讀。過去不會，未來也不容易發生。對北京當局而言，台灣議題有其敏感性與重要性，不存在迫切性。張建議，不該過多聚焦於會談內容，後續必須關注川普對於這場會晤是否滿意。若滿意，川普會不會對台灣議題拋出符合北京期待的表態；若不滿意，川普會不會在美中關係中打「台灣牌」。台灣大學政治學系名譽教授明居正表示，中共多年來將「反台獨」當作國家大戰略，以進行內部動員，習近平想拿台灣議題與川普進行大交易，雖然不一定能成功。但他認為，對習而言，「現階段只要能把台灣拉近一點點，就贏了」，只要台灣政府受川普施壓，出面與北京政府談，便能創下前任中國國家主席皆未達成的成就，以此合理化連任第四任。而川普在被奉承為「偉大和平製造者」時，確實可能心動，可能會上當，因此台灣對美外交工作尤為重要。    ,https://news.ltn.com.tw/news/politics/paper/1772338
竹縣藍白合破局》 朱表難過 柯稱兩黨主席不善後太奇怪,政治,2026/09/27 05:30,國民黨前主席朱立倫（左）陪基隆市長謝國樑到七堵南興市場掃街。（記者盧賢秀攝）新竹縣藍白合破局，藍白兩黨兩位前主席昨天都表憂心。朱立倫表示，講到這個大家都覺得很難過，他認為只要大家再努力一點，多一些包容，就能化解衝突、紛爭。柯文哲則說，兩黨主席到現在都不善後，太奇怪了！國民黨前朱立倫昨天上午到基隆市七堵南興市場，陪基隆市長謝國樑掃街拜票。針對新竹縣藍白分裂，朱立倫說，講到這個大家都覺得很難過，謝國樑是藍白合的典範，多一分包容、愛心，少一分衝突，就能化解很多問題。他說，新竹縣只要大家再努力一點，一定可以化解種種紛爭，多看看謝國樑吧，基隆怎麼做，相信新竹也可以怎麼做。請繼續往下閱讀...民眾黨創黨主席柯文哲昨赴宜蘭輔選，被媒體問到「竹北藍白破局是否會出現外溢現象？」時，將矛頭對準藍白兩黨主席。柯文哲指出，管理學有黑天鵝跟灰犀牛，黑天鵝就是想都沒想到竟然出現了，灰犀牛就是每個人都知道這個是危機，但是都不去處理，等犀牛衝過來的時候都不曉得怎麼處理。他指出，竹北藍白合破局是黑天鵝，因為事先沒有想到，但是破局後大家都不處理這才是灰犀牛。他同樣的話已經講了七、八次，兩黨主席總要去談一下怎麼善後？他沒有怪誰，但不善後到現在為止，他就覺得太奇怪了。    ,https://news.ltn.com.tw/news/politics/paper/1772260
美方安排看「舊金山和約」 習近平喊卡,政治,2026/09/27 05:30,2026年二次川習會比較川習僅在國家檔案局停留十分鐘 時間遠低於原本計畫［記者鄒景雯／台北報導］來自華府媒體圈消息，原本美方安排習近平要到國家檔案局（NARA）閱覽宣揚民主自由的美國獨立宣言及美國憲法、權利法案，同時安排看不平等條約中的《望廈條約》、《天津條約》，最後繞去看中國並未參與的《舊金山和約》。請繼續往下閱讀...中方想看三公報 美方從未考慮眾所周知，《舊金山和約》第二條僅規定「日本放棄對台灣及澎湖的一切權利」，未明確指定台灣主權歸屬於哪一個國家，亦即台灣並未屬於中國，這也成為日後國際法學界與政治討論中，爭論「台灣地位未定論」的核心，而中國從不承認。這些格外具有意味的外交安排，在交涉過程中，據信引起了習近平訪團的強烈不滿，以至於隨後在該行程中，習近平除了虛應故事般陪著川普看完第一項的《獨立宣言》、聽完講解，同一處的美國憲法與權利法案，基本上只是走過，之後就全部臨時喊卡，最後川習兩人僅在國家檔案局待了大約十分鐘，時間遠低於原本的安排。據華府媒體圈透露，中方想看的三公報（上海公報、建交公報、八一七公報，內容核心為「一個中國」）等文件，美方則從未放入考慮之中。舊金山和約 確定台灣地位未定論美國媒體《NEWS NATION》白宮記者Kellie Meyer也在自己的Ｘ社群平台上爆料，包括《天津條約》、《舊金山和約》在內原先準備展出的幾項文件，臨時在習近平抵達前被移走。這位記者在其貼文中特別提到《舊金山和約》這個國際條約確定了「台灣地位未定論」的依據。此外，就在習近平結束檔案局行程，隨即搭上飛機返國後沒有多久，川普隨即在自己的《Truth Social》和白宮Ｘ平台，分別發了一篇引起外界高度聯想的「美國絕不會變成共產國家」的貼文，並且口白中稱「我們將擊敗共產黨」，似乎一點也沒顧忌習近平的感受。美國總統川普與第一夫人梅蘭妮亞廿五日陪同中國國家主席習近平夫婦參觀美國國家檔案局。（法新社）    ,https://news.ltn.com.tw/news/politics/paper/1772335
川習二會落幕 許宇甄：賴應開國是會議 凝聚國家共識,政治,2026/09/27 05:30,國民黨團書記長許宇甄昨指出，美中兩國即使在關稅、科技、軍事、台灣等重大議題上存在尖銳分歧，領導人仍然選擇不斷見面、持續溝通，這才是成熟政治最值得台灣借鏡之處。（法新社）陳冠廷：在野黨阻擋國防法案 才是要面對的問題美中領導人再度會面，國民黨團書記長許宇甄昨呼籲賴清德總統，在年底之前，應主動召集朝野政黨領袖，並邀集國安、外交、國防、經貿及兩岸領域代表，召開國是會議，就台海安全、美中關係、兩岸政策、國防戰略及經貿布局建立最低限度的國家共識。請繼續往下閱讀...「對話從來不能取代實力！」民進黨立委陳冠廷強調，藍委講了半天要和平、降低風險，但每當政府要增加國防投資、強化自主生產能力，以及建立無人作戰體系的時候，在野黨卻一次又一次地阻擋、延宕相關法案，這才是我們真正要面對的問題。對於川習二會，許宇甄昨受訪時指出，美中兩國即使在關稅、科技、軍事、台灣等重大議題上存在尖銳分歧，仍然選擇不斷見面、持續溝通，這才是成熟政治最值得台灣借鏡之處。李彥秀：年底選舉與明年大選 回歸政績檢驗不過，陳冠廷認為，川普跟習近平見面，不代表美中之間的戰略競爭消失；同樣地，兩岸如果有對話，也不代表台灣就可以停止準備，「對話與嚇阻本來就應該同時進行」。台灣真正該做的，是把自己的安全掌握在自己手上，不僅要提升自主國防、強化產業能力、降低關鍵供應鏈風險，同時也要和所有民主夥伴保持合作。國民黨立委李彥秀則指出，川習二會的規格，讓美台共管中國的「反中牌」威力盡失，年底選舉與明年總統大選，將回歸到民生與政績的檢驗。李彥秀也分析說，川習二會為確認美中「建設性戰略穩定關係」，雙方爭取寶貴的時間與空間，「超規格」的禮遇，讓習近平在面對經濟問題、五中全會，以及明年二十一大更有底氣；川普則是為十一月期中選舉創造利多，以及伊朗戰場獲得重要成果的契機。王定宇：川習二會排場很大 但毫無成果民進黨立委王定宇則認為，川習二會就如同歐洲、美國主流媒體的評論：「排場很大，但毫無成果」。他指出，中國在川習二會的過程中，單方面釋出多個訊息，包括試圖把台灣問題變中國內政、勸阻美國對台軍售，以及要求川普說出反台獨等，但白宮至今未做任何回應，甚至有消息透露，川普並非與習近平談台灣議題，可以說是風聲大雨點小。至於傳出習近平施壓美方停止對台軍售案，王定宇說，目前美國不分黨派的國會議員都敦促川普，儘速通過對台軍售案，後續就看華府如何處理。    ,https://news.ltn.com.tw/news/politics/paper/1772339
台中市長攻防》江啟臣：改善市場提升服務,政治,2026/09/27 05:30,立法院副院長江啟臣（右），昨前往大甲第二公有零售市場掃街拜票。（記者張軒哲攝）距離年底九合一大選投票將進入倒數兩個月。中秋連假第二天，國民黨台中市長參選人、立法院副院長江啟臣昨日一早前往大甲第二公有零售市場拜票，他強調與在地議員共同為大甲第二市場爭取空調，希望讓攤商工作、民眾買菜都能更舒適，讓市場服務與生活品質一起提升。最近有網友質疑江啟臣長期住在新北市新店，而非台中市豐原？對此，江啟臣在大甲透過社群直播拜票，與線上網友分享大甲市場見聞時，針對留言詢問，江啟臣當場表示，自己一直住在豐原老家，擔任民意代表以來通勤台中與台北，新店則是太太的娘家，清楚回應外界對居住地的疑問。請繼續往下閱讀...強調一直住在豐原老家江啟臣昨與市議員李文傑、楊啓邦，前往大甲第二公有零售市場向攤商與採買民眾問候，一行人先至城隍廟參香祈福，隨後步行走入市場，不少攤商熱情高喊「凍蒜」、「高票當選」，還送上象徵「好彩頭」的白蘿蔔，預祝勝選。連假期間，市場採買人潮絡繹不絕，一位八旬阿嬤停下腳步，緊握江啟臣雙手為他加油，掃街途中，還有民眾上前摸了摸江啟臣的腰，笑讚他「變瘦了、體態很好」。江啟臣現場購買剛出鍋的「兩相好」（炸雙胞胎），一邊品嚐、一邊向網友介紹在地銅板美食，直播也意外成了「吃播」。江啟臣表示，傳統市場保留熟悉的人情，最能展現一座城市的生命力，也是感受人情、傾聽民意的地方，希望透過面對面交流，了解大家對生活與地方發展的期待，未來將持續攜手地方民代，為鄉親爭取更多建設與福利。    ,https://news.ltn.com.tw/news/politics/paper/1772258
川習二會落幕 蕭美琴：國際反對武力改變台海現狀,政治,2026/09/27 05:30,副總統蕭美琴昨輔選彰化縣長參選人陳素月時表示，國際社會重視台海和平穩定，支持維護現狀。（記者張聰秋攝）林佳龍：國際社會對中風險管理 台灣須更積極參與川習會結束後，外界關注對台灣未來的影響，曾任駐美代表的副總統蕭美琴昨表示，美中在外交、軍事、科技及人工智慧等領域競爭激烈，包括美國、日本、南韓等國近來多次重申重視台海和平穩定，支持維持現狀，反對以武力或脅迫改變現狀，且台灣與美國長期有共同且重大的利益。請繼續往下閱讀...蕭：台美具有共同且重大利益蕭美琴昨參加民進黨彰化縣長參選人陳素月新住民後援會成立大會時指出，近年來國際社會愈來愈關注台灣，不僅關心台灣珍惜的民主自由，也重視台灣人共同努力創造的經濟成果，以及台灣在全球供應鏈和科技發展所扮演的角色。外交部長林佳龍昨也強調，面對中國持續擴張及其所帶來的安全、經濟與制度性風險，台灣在外交上需要、也正在與理念相近國家保持密切合作，共同降低誤判與衝突風險，強化區域和平與韌性。林並說，當國際社會共同思考如何管理中國風險時，台灣不應被視為需要被處理的問題，而應被看作共同維護和平、韌性與繁榮的夥伴。林：國際應思考一個台灣政策林佳龍說，此次川習會，我政府在會前即與川普政府及美國各界保持良好溝通，川習會後，美國駐中國大使龐德偉受訪時也表示「美國對台政策沒有改變」。這說明，台灣與主要夥伴之間持續而穩定的溝通與互信，是維持台海穩定的重要一環。針對這次川習會，林表示，美中雙方就經貿、科技與安全議題持續交涉，可以看出美中關係即使尋求「建設性戰略穩定」，彼此之間的結構性競爭與歧異仍然存在。他認為，川習會本身就是一種風險管理。美中需要維持對話，避免誤判升高。「在交往的同時管理風險」已然成為當前國際社會面對中國崛起的重要課題。林佳龍說，每當美中高層互動受到關注，台灣內部也會出現「疑美論」或「棄台論」的聲音。然而，國際社會管理中國風險，不代表要與中國全面對抗；同樣，各國發展對中政策，也不等於必須犧牲與台灣的關係。事實上，對中政策與對台政策，實務上可以並行不悖。對台灣而言，這也意味著我們必須更積極參與國際社會的風險管理。林也提到，正如對中政策跨國議會聯盟（IPAC）執行長裴倫德近日呼籲，國際社會可以保留既有的「一個中國政策」，但同時也需要思考一套「一個台灣政策」（One-Taiwan Policy），更明確回應台灣兩千三百萬人民參與國際社會的現實。    ,https://news.ltn.com.tw/news/politics/paper/1772334
川習二會 公布要點未提台灣 美國務院、駐中大使：對台政策沒變,政治,2026/09/27 05:30,美國總統川普和中國國家主席習近平會談落幕，根據美、中兩國各自公布會談要點，當中並未提到台灣。（美聯社）美國總統川普和中國國家主席習近平會談落幕，根據美、中兩國各自公布會談要點，當中並未提到台灣。美國國務院以及駐中國大使龐德偉廿五日也都重申，美國對台政策沒有改變。白宮發布川普接待習近平國是訪問的事實清單，列出的十五大要點包括兩國合作打擊毒品成果、經貿、美中關係與全球局勢等領域，未提到台灣。中國新華社廿五日公佈美中達成八點共識，也未提台灣。先前根據中方發布的會談通稿，習近平敦促川普明確「反對台獨」。請繼續往下閱讀...川普：習了解我在台灣問題立場川普廿六日證實，習近平在會中提到台灣，但「他了解我在台灣問題的立場」。美國國務院中文發言人賈博接受美國之音訪問，被問到美國對台政策有無變化時表示，「美國的對台政策依然不變，美國還重視的還是亞太地區和台海和平穩定，反對任何一方片面改變現狀，我們要繼續確保一個自由開放、和平穩定的亞太地區」。美國駐中國大使龐德偉同日接受訪問也表示，川普對台政策沒有改變，「我們致力於台灣關係法、三公報和六項保證」，儘管中國一直試圖強加改變，但是「我們沒有改變措辭，沒有改變我們的立場，我們希望台海和平，不希望脅迫、不支持獨立」。他說，美國認為，習近平已接收到這個訊息，而川普展現尊重，傾聽中方說法。龐德偉表示，習近平這趟訪問並未被用於改寫美國對台承諾，「台灣議題是獨立議題」，「總統川普已非常清楚表明我們的利益」。康乃爾大學教授卡爾森向紐約時報指出，川普顯然拒絕默許習近平在台灣問題上的訴求，這是「對美國的國際威望以及台灣方面的好消息」。    ,https://news.ltn.com.tw/news/politics/paper/1772234
聯合國大會總辯論 友邦元首接力挺台 馬紹爾總統：民選政府才能代表台灣,政治,2026/09/27 05:30,聯合國大會總辯論正在紐約舉行，馬紹爾群島總統海妮表示，台灣及台灣人民的存在是客觀事實，只有民選政府能代表台灣。（路透）第八十一屆聯合國大會總辯論正在紐約舉行，友邦元首持續發言挺台。馬紹爾群島總統海妮表示，台灣及台灣人民的存在是客觀事實，只有民選政府能代表台灣，唯有讓台灣實質參與聯合國會議，聯合國方具備包容及有效性。聖露西亞總理皮耶也於發言時表示，聖露西亞支持台灣取得聯合國的完全會員資格；聖文森及格瑞那丁總理傅萊德、聖克里斯多福及尼維斯副總理韓利、吐瓦魯總理戴斐立皆表示，支持台灣有意義地參與聯合國體系及其專門機構。韓利並重申，台海兩岸的分歧必須以和平方式解決。請繼續往下閱讀...示警用第2758號決議 施壓各國海妮於總辯論時示警，聯合國所有成員國未來都可能被告知，根據聯大第二七五八號決議，侵略、脅迫台灣純屬內政問題，未來各國也可能被告知「小國對抗大國終為徒勞、強權即是公理」；各國將迫於壓力接受錯誤論述——接受聯大第二七五八號決議成為「聯合國憲章」下採取脅迫、發動戰爭、損害台海航行自由的法理依據，並被要求對發生的事視若無睹。姑息永遠無法滿足侵略者野心海妮呼籲所有國家必須清楚了解，姑息永遠無法滿足侵略者的野心與圖謀，一旦侵略者得逞，必將得寸進尺，聯合國如何因應此一真實存在的安全困境，將對其能力及存續意義構成重大考驗。此外，包括帛琉總統惠恕仁、史瓦帝尼國王恩史瓦帝三世與巴拉圭總統貝尼亞等已於日前聯大總辯論發表長篇挺台談話。捷克總統帕維爾也呼籲聯合國立基於原則之上，該等原則在烏克蘭、南海、台海、中東、蘇丹及剛果民主共和國均同等重要。    ,https://news.ltn.com.tw/news/politics/paper/1772235
台中市長攻防》何欣純：發掘隱藏冠軍行銷,政治,2026/09/27 05:30,民進黨台中市長參選人何欣純拍影片推廣烏日啤酒廠。（何欣純競總提供）中秋節連假到，民進黨台中市長參選人何欣純應景拍「欣食尚玩家」短影音，介紹台中烏日啤酒廠。何欣純強調，烏日啤酒廠是全台生產最多品項啤酒的啤酒廠，極具觀光特色，可惜過去未能與台中市結合行銷相輔相成；她說，台中有很多隱藏冠軍，未來她都會找出來，擦亮「欣」景點推廣城市觀光。何欣純昨另出席由霧峰文化觀光協會主辦，交通部觀光署參山國家風景區管理處協辦的「霧峰美食節、秋夜爵醒祭」，她說，未來若當選市長，將大力支持活動持續在霧峰舉辦，打造屯區「台中版松菸」的文創園區空間，讓青年有創業的空間、藝文團體有展演的舞台，為屯區帶來更多活力。請繼續往下閱讀...介紹烏日啤酒廠 喊呼乾啦中秋節連假，何欣純走進烏日啤酒廠，拍「欣食尚玩家」影音，以輕鬆逗趣的方式介紹酒廠特色，影片中何欣純還拿著超大杯啤酒，豪邁大喊「呼乾啦」，影片上架不到一天就吸逾九萬點閱。何欣純說，烏日啤酒廠自一九六八年生產啤酒迄今，除仍沿用絕無僅有的銅製糖化槽以傳統發酵工藝釀製啤酒，還有在現場打開水龍頭就能新鮮喝的「啤酒刺身」，可以介紹釀酒文化，又有娛樂、消費性，且緊鄰高鐵台中站與台中捷運綠線烏日站，從捷運站步行只需約三分鐘即可抵達，外來遊客可以當作觀光台中的第一站，可惜台中市過去未能與之結合行銷相輔相成。她表示，台中有很多隱藏冠軍，若能加強行銷推廣，可以打造台中觀光旅遊特色，未來她會一一幫大家找出來，擦亮「欣」景點推廣城市觀光。《飲酒過量，有害健康》    ,https://news.ltn.com.tw/news/politics/paper/1772257
推廣旗山香蕉 賴瑞隆、柯志恩溫馨「同牌」,政治,2026/09/27 05:30,民進黨高雄市長參選人賴瑞隆（左二）與國民黨參選人柯志恩（左三）昨參加旗山夏祭新鮮市，兩人同台、還同拿一面字牌。（柯志恩團隊提供）民進黨高雄市長參選人賴瑞隆與國民黨市長參選人柯志恩昨參加旗山夏祭新鮮市時，兩人不但同台、還同拿一面字牌，儘管互動不多，藍綠競選對手同框的畫面卻很吸睛，與會人士笑說：「這安排夠溫暖」。賴瑞隆與柯志恩昨皆出席在旗山體育場舉辦的「二〇二六夏祭新鮮市：相揪來旗山」，兩人各自走訪市集與鄉親、攤商互動，僅開幕式才與市長陳其邁、議員與議員參選人、地方人士一起上台。請繼續往下閱讀...賴瑞隆致詞時提及高雄香蕉種植面積全國第二，旗山更是大家熟悉的「香蕉之城」，到今年七月、高雄香蕉外銷已近一億元，在市長陳其邁與市府團隊努力下，高雄農產品持續走向國際。他盛讚旗山農會創新精神、推出金蕉西施愛情包等新產品，同時為夏祭新鮮市強力促銷，邀請民眾把握連假，相揪來旗山！柯志恩提到旗山自一九五〇、六〇年便有「香蕉王國」美譽，高雄香蕉年產量約四．九萬公噸、六都第一，農會與農民努力讓高雄香蕉盛名發揚到全世界。她表示，旗山擁有老街、糖鐵、碾米廠及山城風光，農業不能單打獨鬥，若能將「農業、文化、觀光」深度結合，不僅能留住遊客，更能讓農業產值轉化為地方永續發展的動力。兩人各自走逛市集，僅開幕時被邀請上台且站在一起。當台上來賓拿起字牌大合照時，民眾注意到台上每人一面字牌，唯獨賴瑞隆、柯志恩「同拿」一面，共享畫面很吸睛。地方人士側面了解，昨上台來賓比預期多、字牌不夠，所以出現兩人同拿一牌的情況。    ,https://news.ltn.com.tw/news/politics/paper/1772259
推「新製程」摺頁 莊競程：接受市民檢驗,政治,2026/09/27 05:30,莊競程推幸福新製程的政策摺頁，接受市民逐項檢驗。（莊競程競辦提供）民進黨新竹市長參選人莊競程近期發送「幸福新製程」政策摺頁，以交通、教育、育兒等政見為主，提出新竹捷運四年內動工等明確目標。他說，選市長不能只談願景，更要把要做什麼、何時做到說清楚，他把政見全部攤開，接受市民最高標準檢驗。莊競程表示，新竹有全台最頂尖的科技人才，每天都在替世界解決最困難的問題，但面對自己的城市，除重大建設等不到進展，市民還要面對塞車、教育資源不足、育兒壓力等生活問題。候選人不能只告訴市民問題有多複雜，除提出解方，更要為提出的承諾負責。此次發出的「幸福新製程」摺頁，把對竹市下一個四年的主張攤開來，從交通、教育到育兒，每一項政策都可接受追問及討論，也接受市民的逐項檢驗。請繼續往下閱讀...莊競程承諾，當選後新竹捷運四年內動工，他說，新竹人談捷運已談很多年，不能每到選舉又叫市民繼續等。推動捷運不只是蓋一項重大建設，更是希望讓市民少一點時間塞在路上，他提出四年的期限，就會為這項承諾負責。除面對問題，更會找出原因、提出解方、設定進度，再把事情完成，每個工作項目都有進度與時程表，讓政策不只停在選舉期間，是市民可逐項追蹤、檢驗的工作清單。他也強調，政見寫下來就有責任做到，期限說出口就要接受檢驗，「幸福新製程」不只是提出下一個四年政策的摺頁，更是責任與承諾。    ,https://news.ltn.com.tw/news/politics/paper/1772333
謠言終結站》 政府送船給菲打台灣漁民？ 雙方協議「不用於台灣漁船執法」！,政治,2026/09/27 05:30,謠言終結站》網傳內容：網路流傳圖片，稱民進黨政府「把自己的船送給菲律賓打自己的漁民」。查證結果：海巡署表示，「連江艦」於2023年退役，近期整修後援贈給菲律賓，協助提升區域救難協作，海巡在國際交流上與多國合作，過往亦曾致贈船艇給馬紹爾群島、帛琉及吐瓦魯等國。海巡署並強調，雙方簽署的協議書載明該艦未來「絕不用於對台灣漁船執法」。    ,https://news.ltn.com.tw/news/politics/paper/1772261
蘇巧慧推公共借閱權 李四川提文化三策,政治,2026/09/27 05:30,國民黨新北市長參選人李四川（右二）出席林口家庭日活動，現場大小朋友向前與李合照 。（記者羅國嘉攝）蘇邀今到三重看唐美雲歌仔戲 李規劃發放15萬份600元文化幣搶攻藝文票！民進黨新北市長參選人蘇巧慧日前分享以一日學徒身分體驗歌仔戲班文化的經驗，昨天前往新店區參加十四張斯馨祠活動，呼籲民眾今天到三重區向日葵廣場觀賞唐美雲歌仔戲團表演。無獨有偶，國民黨市長參選人李四川也在臉書貼出「皇帝裝」照片，指過去擔任副市長時，每年重陽節市府都會與議員們一起表演歌仔戲。請繼續往下閱讀...蘇：將打造淡蘭古道土地公廟之旅蘇巧慧說，斯馨祠有二百多年歷史，是新店最古老的土地公廟，見證當地變遷與發展，她若擔任市長，將與大家一起推廣十四張地區的信仰與文化故事，並將推出特色登山路線，打造「淡蘭古道土地公廟朝聖之旅」，創造屬於新北的步道品牌。蘇巧慧表示，她日前分享的影片是博君一笑，拋水袖是她從小的夢想，要拋得漂亮並非易事，不過正是因為有這樣的接觸機會，可帶領新一代的年輕人接觸傳統文化與藝文產業，希望大家今天來三重向日葵廣場，欣賞國寶級歌仔戲名伶唐美雲演出的「龍鳳情緣」，一起讓台灣的創作環境更蓬勃、多元。圖書館借閱 作者、譯者也能有報酬蘇巧慧說，她一向重視文化產業，致力推動影視音產業協拍、ACGN產業，她也推動「公共借閱權」，讓作者、譯者的出版著作在圖書館被借閱，也能得到報酬。李四川在臉書曬出一身「皇帝裝」照片指出，透露過去擔任副市長時，每年重陽節市府都會與議員們一起表演歌仔戲，「這一唱，我就唱了四年，每年演的都是皇帝」，因為皇帝的台詞最少、比較容易背誦。李打造國際藝術節 推動創作免場租李四川表示，唱歌仔戲雖然不是他的專長，但透過演出過程深刻體會到「台上一分鐘，台下十年功」，對所有文化人相當尊敬。他昨天走訪瑞芳，提出「文化三策」，包含未來每年規劃抽籤發放十五萬份、每份六百元的新北文化幣，並打造新北國際藝術節，以及盤點公有空間推動「創作免場租」。重申興建九份觀光纜車 坑道台車升級他也走訪九份、平溪等地，重申興建九份觀光纜車、推動水金九舊坑道台車以升級觀光，並承諾改善停車與公廁問題、爭取法令鬆綁協助老屋修繕，提「青春山海線二．〇」觀光政見，透過「周遊券玩山海」帶動觀光。民進黨立委、新北市長參選人蘇巧慧（左三）昨前往新店區參加十四張斯馨祠活動。（記者黃子暘攝）    ,https://news.ltn.com.tw/news/politics/paper/1772292
童子瑋七堵遶境 謝國樑市場掃街,政治,2026/09/27 05:30,國民黨前主席朱立倫（左二）到基隆為謝國樑（左三）輔選。（記者盧賢秀攝）基隆市長選舉，藍綠市長參選人昨天都在七堵區拚戰，民進黨市長參選人童子瑋參加大德廟周天祈安大清醮遶境，他說非常有信心翻轉北北基；國民黨前主席朱立倫則陪市長謝國樑到七堵南興市場掃街。七堵大德廟昨舉行建廟六十五週年建醮遶境活動，童子瑋參加遶境，十分熱鬧，沿途民眾熱情跟他打招呼。童子瑋表示，大德廟今年首度連續卅天舉辦建醮活動，是地方重要的信仰盛事，未來會持續支持在地信仰文化與宗教公益。請繼續往下閱讀...童子瑋指出，大德廟延續一甲子的香火，是地方生活與歷史的重要一部分，連續卅天舉辦建醮活動，從遶境祈安到一連串醮典科儀，不只是延續地方珍貴的信仰文化，也為基隆、台灣祈求合境平安。童子瑋說，最近黃阿瑪也來到基隆港，這幾天連假的期間，吸引了相當多的人潮，帶動相關周邊的經濟，他非常有信心翻轉北北基。朱立倫首場輔選，昨天到基隆陪謝國樑到南興市場掃街。朱立倫說國樑是一位有遠見、有愛心，對於對手的批評，始終用愛與包容化解衝突，他絕對是基隆市民最好的選擇。謝國樑表示，朱立倫過去擔任縣市首長及黨主席期間，累積豐富的城市治理與公共事務經驗，是他非常重要的前輩與學習對象，未來也會繼續把每一件市民關心的事情做好。民進黨參選人童子瑋（中）參與大德廟65週年建醮遶境。（記者盧賢秀攝）    ,https://news.ltn.com.tw/news/politics/paper/1772291
迎回台積電 黃世杰提4大產業政見,政治,2026/09/27 05:30,民進黨桃園市長參選人黃世杰（中）昨天前往復興區爭取支持。（記者周敏鴻攝）打造無人載具桃園隊、推動航空城建設、產業園區環境改善 發展成科技重鎮民進黨桃園市長參選人黃世杰昨天公布「產業好發展」四大政見，包括「迎回台積電，桃竹苗大矽谷桃園領航」、「打造無人載具桃園隊，爭取國際驗證中心」、「推動航空城建設，引進高價值產業」、「產業園區環境改善，導入AI智慧製程」，希望帶領市民一起迎回台積電，並推動航空城建設、發展高科技產業、導入AI製程，共同為桃園市打造更前瞻、穩健的未來。請繼續往下閱讀...完善龍科3期周邊交通 吸引投資黃世杰把握中秋節連假拚選舉，昨到復興區行程滿檔，出席上巴陵部落座談，參與加拉文健站中醫師義診，再赴溪口台與民眾座談，同步透過社群媒體發布四大產業政見，他說明，「迎回台積電，桃竹苗大矽谷桃園領航」部分，必須完善龍科三期周邊交通與生活機能，推動新梅龍、板龍快、五楊高架延伸頭份，並改善交通路網，拓寬地方主要道路，持續籌設產業園區，吸引相關供應鏈投資進駐。推動航空城建設 落實先建後遷「打造無人載具桃園隊，爭取國際驗證中心」部分，黃世杰主張，除整合無人機、航太國防供應鏈，以形成產業聚落，還須串聯中山科學研究院與產學資源，以強化系統整合能力，並推動在地測試驗證中心設立，結合國門物流快速出口等優勢；「推動航空城建設，引進高價值產業」部分，應落實先建後遷，中央與地方攜手加速整體發展。產官學研合作 導入AI智慧製程至於「產業園區環境改善，導入AI智慧製程」，則須改善產業園區的道路、排水、水電、管線等條件，還要推動產官學研合作，以協助中小企業導入AI智慧製造，並積極輔助在地企業，爭取壯大中小微企業的八年一千億方案。黃世杰強調，台灣有九成的航太零組件製造、無人機精密馬達、軍工級防彈鋼模、雷達通訊電路板等的製造基地都在桃園市境，他相信只要有適當支持，就能把握地緣政治帶來的商機，讓桃園脫胎換骨大變身。    ,https://news.ltn.com.tw/news/politics/paper/1772332
立院官網突改蔣學歷 綠促說明依何規則,政治,2026/09/27 05:30,"台北市長蔣萬安昨出席商圈嘉年華開幕式並試吃了小吃點心，針對學歷風波，他表示提供給立院的資歷都是正確的。（記者叢昌瑾攝）台北市長蔣萬安赴美求學經歷陷入疑雲，其在第十屆立委任內的官網英文簡歷，被爆出學歷欄原載為賓州大學「SJD」（法學博士），突修改成「JD」（法律博士）。民進黨團副幹事長陳培瑜昨質疑，蔣萬安已卸任多年，政府網站屬於公共紀錄，立法院應說明由誰、依何種規則修改，以及其他卸任立委是否也適用同一套標準。北市府：廠商翻譯有誤對此，北市府澄清，蔣萬安擔任立委期間，提供中文學歷資料始終都是正確的「賓夕法尼亞大學法學院法律博士」，是立院委託廠商英文翻譯有誤，感謝立院隨即更新為正確翻譯。蔣昨出席活動前受訪也強調，他第九屆、十屆提供的資歷都是正確的。請繼續往下閱讀...有網友發現，先前立法院第十屆蔣萬安英文簡歷，學歷原本寫著「Doctor of the Science of Law（SJD）, Carey Law School, University of Pennsylvania（賓州大學法學博士）」，但最近SJD已經不見，變成了「Juris Doctor」 （JD，法律博士）。根據賓州大學官方資料，JD被定義為法律領域的「第一專業學位」，主要提供法律專業教育；SJD則是法律研究導向的「最進階學位」，申請人須取得LLM（法學碩士）、JD或同等學位，核心要求包括原創研究、博士論文，並通過論文口試。民進黨團副幹事長陳培瑜質疑，蔣萬安早就不是立委，為何一個卸任多年的立委網頁，可以在外界質疑後，突然修改內容？立法院就有責任把程序講清楚，公共紀錄可以由誰修改？依照什麼規則修改？所有人是不是適用同一套規則？這才是真正應該被回答的問題。國會人士：查證後直接修正國會人士則說明，每屆立委就任時會提供中文個人資料，事後修改須由當事人提書面並完成簽核；但英文網頁是為了提供無障礙網路瀏覽服務，由資訊處外包廠商，就中文內容直接翻譯後上網，不會再交給立委檢視。過往資料上網後，有立委或民眾反映英譯用詞有誤，立法院通常在查證後，便請資訊處直接修正。至於如何修改第十屆立委資料？該人士表示，過去連國民大會時期的歷史英文資料若被反映翻譯有誤，立院同樣會處理更正，也無須院長同意。    ",https://news.ltn.com.tw/news/politics/paper/1772256
同場沒同台 沈伯洋 蔣萬安尬人氣,政治,2026/09/27 05:30,民進黨臺北市長參選人沈伯洋昨出席台北市中庄仔福德宮福德正神聖誕千秋晚宴。（記者方賓照攝）「當市長沒來過」 廟方酸蔣「終於回來了」民進黨台北市長參選人沈伯洋與台北市長蔣萬安，昨天都出席中山區中庄仔福德宮晚會，不過二人並未碰頭，支持者也在會場兩邊各自一方。沈伯洋支持者聲勢浩大，廟方也相當禮遇，福德宮董事長林春裕就說，蔣萬安當立委時都會來，當市長就沒來過，現在要選舉又來了。沈伯洋當場承諾，他當選一定會回來。蔣萬安後來到場時，林春裕酸說「蔣市長終於回來了」！但仍送給蔣萬安甘蔗，期待他步步高升，當總統。請繼續往下閱讀...洋流驚人 沈一到場歡呼聲不斷晚宴活動昨晚間七點正式開始，五點多洋流就匯聚排成長長人龍等著與沈伯洋互動，沈伯洋約七點抵達會場，一入場就收穫滿滿歡呼聲，從入口走到廟宇參拜寸步難行，短短一百公尺距離還是走了十分鐘。活動廟方對沈伯洋相當禮遇，不諱言直喊「凍蒜」，林春裕致詞表示，福德宮開宮以來，頭一次有兩位市長候選人同場對壘，大家要支持誰？當然是沈伯洋！不過，晚一點蔣萬安也會來，畢竟還在任，要說好話。他說，立委王世堅特別向他交代要力挺沈伯洋，希望鄉親也能力挺。他並透露，蔣萬安當立委時，每年都來福德宮，有次不能來，還特別打電話向他請假，結果當市長到現在，一次都沒來過，連他親自送帖邀請都沒有來，現在要選舉才來。沈伯洋則表示，他當選後，一定會再來。他是鄉土研究社長，從十六歲就到處跑宮廟，不管未來怎麼樣，一定會常來。底下支持者齊聲歡呼。他提到，中山大同很有歷史文化，以前是瓦片重鎮，見證台北城的發展，是台北的基石，但市府提供資源太少，他如果當市長要把這裡變成最穩固的地區，因為這裡是台北城的起點。他也提醒，雖與蔣萬安政治立場不同，但洋流要帶來溫暖，希望大家保持風度。蔣萬安到場時，沈伯洋已經敬酒到一半，他在台上時藍軍支持者也高喊凍蒜，綠營的支持者則在另一邊高喊沈伯洋，雙方互相尬場。蔣向林春裕致歉，三年多來市政繁忙都要推動，中山區是他的發跡地，也受到鄉親很多照顧，對大家服務的心，一定都沒有變。他並細數榮星花園改建、第二運動中心等政績，懇請市民續給予支持。民進黨臺北市長參選人沈伯洋昨出席台北市中庄仔福德宮福德正神聖誕千秋晚宴，不少支持者力挺。（記者方賓照攝）台北市長蔣萬安昨出席台北市中庄仔福德宮福德正神聖誕千秋晚宴，向民眾致意。（記者方賓照攝）    ,https://news.ltn.com.tw/news/politics/paper/1772255
川習二會 田弘茂：華而不實的領袖峰會,政治,2026/09/27 05:30,國策研究院昨舉辦「二次川習會與美中博弈」座談會，總統府資政、國策院院長田弘茂指出，這次「川習會」較重視儀式性、形式上的意義，是「華而不實」的一次領袖峰會。（路透）國策研究院昨舉辦「二次川習會與美中博弈」座談會，總統府資政、國策院院長田弘茂指出，這次「川習會」較重視儀式性、形式上的意義，包含美國總統川普親自接機、準備軍禮及國宴等，實質性問題並不迫切，是「華而不實」的一次領袖峰會。美中在國家利益、意識形態、政治制度等多個面向，仍存在嚴重分歧。很難透過見面與談判，根本地解決雙方「大原則層級的關係」。台美關係方面，田弘茂認為，美國行政部門在執行政策時，常常不完全符合我方期待，但美國各州目前都很想與台灣發展經貿關係，美國聯邦參眾議員當中也有七、八成以上支持台灣。請繼續往下閱讀...針對美國對台軍售議題，田弘茂進一步指出，美國對台軍售需要國會批准，而美國國會現已通過對台軍售的額度，美國行政部門不可以不支持；美國國防工業相關企業拿到美國國防部訂單後，要去籌募款項，進行設計、製造，不能永遠拖延交付，一四〇億美元對相關產業而言不是小數目，美國行政部門也必須要考量企業生存的問題，不可能永遠拖延交付。    ,https://news.ltn.com.tw/news/politics/paper/1772337
星期專論》台灣番薯的抵抗之根：粉碎中國入侵後的佔領藍圖,政治,2026/09/27 05:30,台灣嚇阻中共入侵的關鍵，在於台灣人民堅定拒絕接受中共統治的不屈心理基礎。（歐新社檔案照）◎吉耐獅（Guermantes Lailari）一旦台灣淪陷，真正的戰鬥將從海灘轉移至城鎮街頭。請繼續往下閱讀...西方分析家往往過度聚焦於入侵階段。他們在飛彈停止飛行後便結束兵棋推演，並在灘頭堡勝負已定後提交政策報告。這種狹隘的視角，忽略了「戰後第一天」（the day after）所面臨的殘酷現實。為了補足這項分析上的盲點，美國「非正規作戰中心」（IWC）在二〇二六年三月五日發表一份具有指標性意義的研究報告，題為《中國的佔領方式：對台灣的啟示》（China’s Way of Occupation: Implications for Taiwan）。 這份報告由格萊曼（Jan K. Gleiman）等人撰寫，分析北京政權在西藏、新疆（東突厥斯坦）與香港的行動，揭露一套令人不寒而慄的佔領劇本，將透過七大行動路線加以執行：●平時布局：北京在入侵前，透過測繪沿海進路、改裝商用渡輪以運載裝甲部隊，並將「亡國論」武器化，鼓吹抵抗將徒勞無功，藉此營造逼降所需要的心理條件。●操弄法律：中華人民共和國將地方法律武器化，利用安全法令將公民反抗改列為刑事顛覆行為。●抹除認同：中國強制推行國家論述，有系統地抹除並改寫在地文化傳承，與其在西藏與新疆（東突厥斯坦）推動的文化抹除運動如出一轍。●結構化監控：中國透過多重追蹤系統、人臉辨識與生物特徵資料庫，建立無所不在的監控體系。●操縱自由：中國操縱經濟自由，使民眾的生活持續處於不安定狀態。●體制收編：中國挾持地方行政機關，脅迫當地公務員執行佔領指令。●世代耐心：中國共產黨將時間視為戰略資產，願意承受長達數十年的國際制裁，以使其對相關領土的控制最終成為既成事實。為反制這種心理認知，台灣的戰略思維必須轉向「破釜沉舟」，展現不屈不撓的抵抗決心。準軍事執法機器在入侵後的治理上，中國人民解放軍將退居二線。戰鬥結束後，統治架構將轉向由中國人民武裝警察部隊（武警）主導的專責治安部隊。武警受過鎮暴與城市鎮壓訓練，將負責隔離社區、執行政治清洗，並強制推行人口管制。抵抗方程式的盲點非正規作戰中心的「抵抗方程式」（Resistance Equation）指出，佔領後的發展取決於兩個最初的選擇：情境A：在脅迫下屈服。實體基礎設施在海上封鎖下保持完好，但隨後將出現數位與公民不服從行動。情境B：透過入侵強迫就範。實體的軍事征服重創國家，引發長期的武裝游擊戰。這種情境迫使軍事規劃人員必須將全面熱戰，與持續升級的灰色地帶行動分開處理。在中國古典軍事思想中，孫子強調所謂的「勢」，即權力與動能的戰略配置。北京試圖透過心理手段，反向運用「空城計」來操縱這種「勢」，將灰色地帶行動與「亡國論」武器化，營造出絕對掌控的假象，藉此誘使台灣在心理上屈服。要反制這種手段，必須將三種高機率的替代情境納入這個方程式，以破壞中國刻意塑造的戰略態勢。情境C：斬首行動與「傀儡政權」滲透。非正規作戰中心的報告假設，體制收編發生在基礎設施崩潰之後。然而，中國的「劇本」包括利用第五縱隊，配合網路戰與電子戰攻擊來瓦解台灣的防禦。這些行動將癱瘓通訊，讓中國特種部隊得以趁虛而入，摧毀台灣的指揮體系。隨後，北京將扶植一個事先選定的傀儡政權，由其發出「邀請」，讓武警與解放軍在「國內危機」期間恢復公共秩序。這種作法利用政治的兩極分化，並削弱中華民國的合法性。這套仿效第二次世界大戰期間法國維琪政府（Vichy France）的通敵政權架構，可以避免兩棲入侵帶來的慘重代價，減少國際社會對台灣的同情，也使外國政府更難進行干預。抵抗網絡將面對一個民政官僚實體，地方機關與警察在傀儡政權脅迫下，依據地方的法律權限執行北京的指令。情境D：「切香腸戰術」與局部佔領的泥淖。根據一八九五年的《馬關條約》、一九五一年的《舊金山和約》以及一九七九年的《台灣關係法》，國際法將澎湖與台灣連結，意味著若對澎湖發動攻擊，將引發台北與華府的直接軍事回應。為了避開這些條約的絆索，北京極有可能將目標對準此一外交框架之外的前哨基地，例如併吞金門或馬祖，或是奪取南海的東沙或太平島（Itu Aba）。自二〇二四年二月指標性的金門快艇事件以來，中國海警已透過例行性侵擾來操弄「法律形式主義」。孤立這些偏遠的前哨基地，能讓中國在其奪取的領土上測試其佔領與監控體系，同時讓台灣本島陷入令人窒息的經濟困境，驅使資金外流並打擊民心士氣。情境E：「失敗國家」的混亂與碎片化求生。非正規作戰中心的報告忽略了入侵行動的停滯，如何演變成「失敗國家」（Failed State）的混亂，或陷入焦土式的僵局。若解放軍摧毀中央基礎設施，卻無法控制台灣崎嶇的地形，台灣將碎裂成多個與基本生活所需資源隔絕的自治抵抗區。鄰里民防部隊必須同時對抗佔領軍巡邏隊與飢餓，藉此向北京表明，它接手的將是一個跨世代的資源消耗黑洞，而非一個順從的省分。這種去中心化的求生模式，在戰術層面印證了台灣俗諺：「番薯不怕落土爛，只求枝葉代代傳」。這種不屈不撓的本土認同，既映照了這座島嶼的形狀，也呼應了番薯強韌的生物特性，確保了即使在全面毀滅下也能延續去中心化的生存韌性。島嶼的地理瓶頸地理環境也形塑了台灣根深柢固的公民認同。台灣與多國接壤的烏克蘭不同，一旦遭到海上封鎖，武器、糧食、能源與醫療物資持續輸入的管道就會被切斷。台灣沒有可供人員與物資穿越的陸路邊界，讓持續進行的抵抗運動取得補給。這種根本性的孤立，更因嚴峻的實體瓶頸而雪上加霜：台灣僅透過十四條海底光纖電纜對外聯繫，而這些海纜集中連接至淡水、頭城與枋山等三個易遭攻擊的登陸地點，面臨通訊瞬間全面癱瘓的風險。台灣面對封鎖的脆弱性意味著，一旦熱戰爆發，抵抗運動可能無法有效組織。北大西洋公約組織（NATO）的「抵抗作戰構想」（ROC）準則明定，可行的抵抗架構不能是在入侵期間臨時由民間發起的行動；它必須在平時由主權中央政府依法成立、組織並推動。這種由國家主導的預先部署戰略，體現了「居安思危」這項歷久彌新的戰略原則。這個慘痛教訓，是從第二次世界大戰期間納粹佔領，以及蘇聯共產黨佔領東歐數十年的史實中淬鍊而成。國家應該在危機爆發前，透過法律與制度安排，將此一架構、秘密指揮鏈與資源網絡，深植於公民社會的肌理之中。國內的自給自足，是求生最基本的必要條件。平時的當務之急非正規作戰中心的報告，向台北與華府提出一項迫切的要求。從國際關係理論的角度分析這些替代情境，即可揭示「拒止性嚇阻」（Deterrence by Denial）的深層應用。傳統嚇阻強調懲罰，而將全社會抵抗予以結構化，則可在飛彈發射之前改變成本效益計算，將軍事征服轉變為跨世代的不對稱陷阱，讓北京無法確信入侵台灣可以水到渠成。關鍵在於，這項架構有賴於「保證理論」（Assurance Theory）的多層次應用。對外，華府必須向台北保證其一貫承諾，以免入侵後的規劃被誤解為放棄灘頭陣地。對內，將抵抗作戰構想制度化，藉由提供有組織的自主行動能力，讓民眾得以在極端條件下生存，並維持民主主權，藉此安撫台灣人民。與此同時，這種國內的抵抗準備也能向華府提供對等的保證，傳達堅定的「戰鬥意志」（will to fight），從而將美國介入的國內政治風險降至最低。這套架構旨在應處台灣「國防部全民防衛動員署」（ADMRA）內部一個嚴重的法規盲點：其核心法規《全民防衛動員準備法》僅允許全面動員，完全缺乏在漸進式灰色地帶危機期間進行局部動員的法定機制。這項法規缺口使國家可能陷入戰前癱瘓狀態。因此，賴清德總統對「全社會防衛韌性」的關注，必須明確擴展為全面性的「全社會抵抗」架構，透過水平防衛網絡，延續番薯韌性所象徵的歷史精神。韌性僅止於吸收危機並從中復原，抵抗則是主動阻止敵方達成其政治目標。這需要汲取波羅的海「森林兄弟」（Forest Brothers）的經驗——這是愛沙尼亞、拉脫維亞與立陶宛的地下游擊隊，他們對抗蘇聯共產政權的併吞長達十年之久。雖然他們最終因缺乏安全的海上生命線或平時的國家體制而陷入苦戰，但賴政府現在可以在民主體制正常運作的情況下，將秘密機制預先制度化，以避免重蹈覆轍。為了與北約的「抵抗作戰構想」準則保持一致，這整個架構必須在平時就依法確立，但要設計成去中心化的執行模式，才能在斬首攻擊中存活下來。國家必須在法律上賦予地方行政區與民防單位自主的通訊迴路、預置物資，以及明確的「政府延續」（continuity-of-governance）協議，以便在出現叛國的傀儡政權時，可以立即避免遭其控制。鑑於台灣對海上封鎖的極度脆弱——尤其是液化天然氣（LNG）儲備僅能維持數日——糧食、醫療物資儲備、淨水設備與離網緊急能源，必須結構性地配置於每個鄉鎮與公寓大樓之中。真正的嚇阻在於迫使中共規劃人員體認到，制伏台灣意味著將面對一座危機四伏的島嶼：這裡的每一個街區與山村，都已被國家打造成具備強大韌性的反抗堡壘。台灣嚇阻中共入侵的關鍵，在於台灣人民堅定拒絕接受中共統治的不屈心理基礎，這將使任何佔領行動變成中共無法承受的跨世代陷阱。（作者吉耐獅為退役美國空軍外務官，專研反恐怖主義、非正規作戰、飛彈防禦與戰略。二〇二二年獲選我國外交部「台灣獎助金」學人，二〇二三年在國立政治大學、國防大學擔任駐點訪問學人，二〇二四年任國防安全研究院國際駐點學者。目前以華府猶太政策中心資深非駐點研究員身分在台研究。國際新聞中心陳泓達譯）◎吉耐獅（Guermantes Lailari）    ,https://news.ltn.com.tw/news/politics/paper/1772340
陸委會稱1945與美並肩作戰是中華民國 陳以信反問賴清德「這事」,政治,2026/09/27 00:58,國民黨文傳會主委陳以信。（記者羅沛德攝）陸委會反駁中共領導人習近平「中美二戰並肩作戰」說法，強調當年與美國並肩作戰的是中華民國。國民黨文傳會主委陳以信說，陸委會這次雖然講對歷史，但也狠狠打臉賴清德。去年對日抗戰勝利80週年，賴清德身為中華民國總統，竟然避談「抗戰勝利」，只談「二戰終戰」，刻意與1949年以前的中華民國史做切割，如今為反駁習近平，民進黨政府才突然想起1945年時與美國並肩作戰的是中華民國。陳以信痛批民進黨史觀錯亂，前後論述自相矛盾，更對不起八年抗戰中犧牲的無數中華民國軍民。請繼續往下閱讀...陳以信批評，民進黨長期企圖分割1949年前後的中華民國史，需要搞「新兩國論」時，就把1949年前的中華民國推給「中國」。需要對抗北京、爭奪抗戰歷史話語權時，又把1945年的中華民國搬回來。中華民國不是民進黨的政治工具，不能在需要時才認祖歸宗，不需要時就恣意切割毀棄歷史。陳以信質疑，賴清德既然主張「兩國互不隸屬」，就請他回答：1945年在中國戰區領導抗戰、與美國並肩作戰的中華民國，跟今天賴清德擔任總統的中華民國，到底是不是同一國？如果不是，現在陸委會憑什麼指正習近平？如果是，為什麼賴清德只願紀念「二戰終戰」而不是「對日抗戰」？請問賴清德的「中華民國」到底還是不是當年與美國並肩作戰的那個「中華民國」？    ,https://news.ltn.com.tw/news/politics/breakingnews/5587239
川習二會落幕 藍委：台美共管中國的「反中牌」威力盡失,政治,2026/09/27 00:54,國民黨立委李彥秀。（資料照）川習二會結束，國民黨立委李彥秀說，川習二會的規格，讓美台共管中國的「反中牌」威力盡失，年底選舉與明年總統大選，將回歸到民生與政績的檢驗。雖然在論述上美中維持過去對台灣問題一貫的立場，不過台灣在戰略穩定關係下的角色，可從日後對台軍售、官方交流層級及過境外交是否恢復來觀察，台灣牌仍是川普手上重要籌碼。李彥秀指出，台灣的核心利益是經貿、安全與國際空間，民進黨應該更務實的將重點放在爭取晶片關稅優惠、軍售順利批准交貨，以及重返國際舞台之上。請繼續往下閱讀...李彥秀說，川習二會為確認美中「建設性戰略穩定關係」，對川普而言，「美國優先」仍然是核心價值，但是手段上，從過去的圍堵遏止與全面脫鉤，川普更希望透過「軟硬兼施」，為美國換取經濟回報或戰略讓步。川普偏好發揮個人影響力的G2G協商談判，「川習二會」奠定全球G2的決策規格。美中在AI的軍備競賽與防堵不會停止，但是雙方「啟動官方AI對話」籌建危機通報與熱線，具有重要的意義。李彥秀指出，「時間」與「空間」是川習二會的戰略密碼，美中爭取寶貴的時間與空間，「超規格」的禮遇，讓習近平在面對經濟問題、五中全會，以及明年二十一大更有底氣；川普則是為11月期中選舉創造利多，以及伊朗戰場獲得重要成果的契機。國民黨團書記長許宇甄則說，值得台灣警醒的是，美中兩國即使在關稅、科技、軍事、台灣等重大議題上存在尖銳分歧，仍然選擇不斷見面、持續溝通，這才是成熟政治最值得台灣借鏡之處。當兩個世界最具競爭性的強權都知道不能讓分歧失控，賴政府卻對內拒絕朝野溝通、對外又中斷兩岸政治對話，這難道是台灣面對大國競爭應有的戰略？許宇甄呼籲賴清德總統，在年底兩次川習會之前，應主動召集朝野政黨領袖，並邀集國安、外交、國防、經貿及兩岸領域代表，召開國是會議，就台海安全、美中關係、兩岸政策、國防戰略及經貿布局建立最低限度的國家共識。許宇甄說，川普可以一再見習近平，賴清德為什麼不能坐下來聽聽在野黨的意見？兩岸中斷政治對話已久，台灣更應先從內部對話做起。賴總統應放下剛愎自用與政黨算計，廣納建言、凝聚共識。面對瞬息萬變的國際局勢，台灣最承受不起的，就是賴政府把自己的判斷當成唯一答案。    ,https://news.ltn.com.tw/news/politics/breakingnews/5587238
反制中國「內政化」台灣問題 外交部深夜重申2758號決議不涉台,政治,2026/09/27 00:17,外交部2再次重申，聯大第2758號決議全文150字，隻字未提及台灣，更未授權中國在聯合國體系代表台灣，任何一方不得以該決議作為排除台灣參與聯合國體系的依據。（資料照）第81屆聯合國大會在紐約聯合國總部舉行，今年正值聯大第2758號決議通過第55年，外交部昨（26）日深夜再次重申，該決議全文150字，隻字未提及台灣，是以未曾確認台灣是中國的一部分，更未授權中國在聯合國體系代表台灣，因此任何一方不得以該決議作為排除台灣參與聯合國體系的依據。中華民國台灣與中華人民共和國互不隸屬，這是台海的客觀現狀，也是國際社會公認的事實，不容扭曲與誤導。唯有台灣的民選政府才能在聯合國體系及多邊國際機制中代表台灣2300萬人民。外交部指出，中國為達到消滅中華民國台灣存在的目的，強化其「台灣問題內政化」論述，並為採取侵略行徑改變區域現狀的妄念建構法理基礎，近年不斷在雙邊及多邊場域加大扭曲聯大第2758號決議的力道，並威逼利誘全球南方國家附和其立場，已引起國際社會不滿及反駁。除我國友邦外，包括美國、日本、英國、瑞典、荷蘭、澳洲、加拿大、捷克、比利時、歐盟的行政或立法部門，以及對中政策跨國議會聯盟（IPAC）與「全美議會交流理事會」（ALEC）等均以多元方式發出正義之聲，公開駁斥中國不當詮釋聯大第2758號決議。歐盟近日也明確指出，聯大第2758號決議全文僅150個字，內容非常簡短，是將聯合國中國代表權由「蔣介石的代表」轉移給「中華人民共和國政府的代表」，全文並未出現「台灣」。對於國際社會的夥伴國家清楚表達立場，外交部表達誠摯感謝。請繼續往下閱讀...外交部強調，二戰結束後具國際法效力的《舊金山和約》取代《開羅宣言》及《波茲坦公告》等政治聲明。該和約並未將台灣交給中華人民共和國，而中華人民共和國也從未統治過台灣。反觀台灣自1980年代中期開始，由下而上推動政治自由化與民主化的轉型，並在1996年完成首次總統直選，至此中華民國政府的中央行政、立法代表皆由台灣人民選出，從此成為有效統治並對外代表台灣的唯一合法政府，也確立中華民國台灣與中華人民共和國對等存在、互不隸屬的客觀現狀與事實。此後台灣歷經2000年、2008年及2016年的三次政黨輪替，持續鞏固民主體制與主體意識，也反映出台灣人民對於追求自由與民主的堅定信念與意志。外交部鄭重呼籲，國際社會應協力反制中國惡意扭曲聯大第2758號決議，並共同捍衛以規則為基礎的國際秩序；外交部更嚴正要求聯合國應保持中立，勿再配合中國打壓台灣正當參與國際事務的權利，以利台灣為區域與全球的和平穩定，以及全人類福祉做出貢獻，促成「普惠全人類聯合國」目標的早日實現。    ,https://news.ltn.com.tw/news/politics/breakingnews/5587232
狂！洋流、欣潮明早10點台中合體 今晚就有人衝審計新村,政治,2026/09/26 23:52,何欣純早上預走明早會洋流路線，已有熱情粉絲陪走。（何欣純競總提供）民進黨台北市長參選人沈伯洋明天（27日）上午10點到台中，與民進黨市長參選人何欣純合體，「洋流會欣潮」地點審計新村今天深夜出現20多人，持洋流、純派及應援小物搖旗揮舞，有人笑問，「這些人是怎麼了」，更多脆友急喊，「你們這樣我壓力很大！到底明天要幾點去啦！」、「我已焦慮」。沈伯洋明早南下台中，與何欣純在知名青創基地審計新村合體，沿路走讀城市，到市民廣場以肥皂箱向民眾訴說城市願景，同時在綠地野餐品嘗台中小吃，與民眾互動，不少洋迷、欣粉早就躍躍欲試，還有人喊「台中人不能輸」。請繼續往下閱讀...何欣純今早低調到場預走會洋流路線，已有熱情粉絲陪走。今晚入夜，審計新村更已湧入超過20人，帶著洋旗、純派旗幟及相關應援小物興奮搖旗，宛如參加派對，路人驚呼「這群人怎麼了」。洋粉與欣迷熱情瘋狂舉動在Threads曝光，更多脆友焦慮急喊，「你們這樣我壓力很大！到底明天要幾點去啦！」、「這群人讓大家壓力很大」、「好害怕明天到底會有多少人」、「明天到底是要幾點起床啦」、「沒揪，這樣對嗎」、「難道我也要去露營嗎」、「太扯了 台中人要夜排」、「打算明天8點起床過去，看來是很晚了」。有人分享，「其實真的有很多人經過先來場勘」，更有人直喊，「是不是記錯時間，是明早10點不是今晚10點」、「你們台中人不要太瘋」、「不要這樣～台中人讓台北人好害怕」、「大家瘋了，選舉一定要這麼歡樂嗎」、「是真的要過夜等喔，太狂了吧」、「你們瘋了。但我好愛」、「是不用睡覺膩」。    ,https://news.ltn.com.tw/news/politics/breakingnews/5587207
蔣萬安立院簡歷法學博士變JD   網揭「1原因」英文不可能寫錯,政治,2026/09/26 23:23,台北市長蔣萬安。（資料照）台北市長蔣萬安今（26日）被爆在立院網站的簡歷突修改，學歷標註從SJD（法學博士）變JD，北市府澄清，蔣萬安擔任立委期間，提供中文學歷資料始終都是正確的「賓夕法尼亞大學法學院法律博士」，是立法院委託廠商英文翻譯有誤。但網友指，美國畢業證書，只有英文版，只有中文翻錯的可能，不會有英文寫錯的問題！網友ycwangriver1指出，台北市府說：蔣萬安學歷因為中翻英翻錯了，立法院自己修改了！問各位一個簡單的問題，國內畢業證書，有中英文版本，要寫英文學歷全名，就拿英文版出來抄就好了。請繼續往下閱讀...美國畢業證書，只有英文版，要翻成中文學歷全名，就自己去翻。所以蔣萬安的學歷全名是英文版的。不是中翻英啊，只有中文翻錯的可能，不會有英文寫錯的問題！有網友留言指，沒錯，這個邏輯是正確；也有人稱能騙就騙，能撈就撈；把民眾當北七的概念?!；騙習慣，唬爛！；到監察院查他的選舉公報就知道多姓市長有沒有涉及公務人員資料登載不實。    ,https://news.ltn.com.tw/news/politics/breakingnews/5587213
沈伯洋喊「明天台中見」何欣純神問為何大家只提醒她「這件事」,政治,2026/09/26 22:40,何欣純明會沈伯洋，今先預走明天走讀路線，吸引支持者陪走。（何欣純競總提供）民進黨台北市長參選人沈伯洋「洋流」，明（27日）將席捲台中、與民進黨市長參選人何欣純「欣潮」合體，今沈晚沈伯洋在他的社群平台喊「明天台中見」，釣出身為東道主的何欣純現身頗有「微詞」留言，「大家都很擔心你太累，一直提醒我要幫你補充足夠的水分，啊對我的提醒卻只有要梳頭」，逗趣互動笑翻一票人，不少網友連忙安慰她「畢竟沈伯洋的髮型不太需要梳」、「我們的欣市長起風啦」、「好啦妳也不要太累」。「洋流會欣潮」讓台中民眾引頸期盼紛喊「明天見」，沈伯洋晚間也在個人社群平台發文「明天，台中見」，要和何欣純一起走讀城市微森林，不少台中熱情網友貼心留言「台中很熱Puma要把帽子、太陽眼鏡準備好」、「台中很熱！脫掉您的西裝！南洋衫、夾腳拖可以的」、「不要太累、注意補充水分」。請繼續往下閱讀...釣出何欣純留言，她「頗有微詞」留下，「大家都很擔心你太累，一直提醒我要幫你補充足夠的水分，啊對我的提醒卻只有要梳頭」，逗趣的反應，讓底下一票網友忍不住留言，「阿純真的要給我梳頭，上禮拜你的瀏海跑行程都亂了」、「需要有人遞梳子嗎」，有人獻策「是不是先來個深層護髮」，也有人笑回「畢竟沈伯洋的髮型不太需要梳」，更有人安慰她「我們的欣市長起風啦」。也有不少貼心網友看到何欣純充滿怨言的留言，接力回「好啦妳也不要太累」、「阿純不要太累，記得多喝水」、「兩個都請注意補充水分！人潮肯定眾多也要注意安全」。何欣純怨民眾只提醒她要梳頭。（記者蘇孟娟攝）    ,https://news.ltn.com.tw/news/politics/breakingnews/5587189
漢子有情  新北市長侯友宜返鄉挺黃嫈珺,政治,2026/09/26 22:32,新北市長侯友宜與「在野大聯盟」同台，營造勝選氣勢。（記者蔡宗勳攝）曾是民進黨籍的嘉義縣議員黃嫈珺，在新北市長侯友宜參選總統返鄉造勢時，因為與父親前省諮議員黃文峯的同學侯友宜同框，遭民進黨停權黨紀處分憤而退黨。這次以無黨籍轉戰朴子市長，侯友宜繼日前錄影力挺黃嫈珺，今晚也現身黃嫈珺舉辦的中秋晚會歌廳秀，為黃嫈珺、無黨籍嘉義縣長參選人吳品叡等多位無黨籍民代、村里長候選人助選，侯友宜帶領大家合唱「故鄉」，營造「在野大聯盟」團結拚勝選氣勢。黃嫈珺參選朴子市長，對決民進黨籍前朴子市長王如經，隨著選舉投票日愈來愈近，朴子市長選情逐漸升溫，黃嫈珺集結非綠勢力，與吳品叡結盟，並邀國民黨籍縣議員參選人李佳豪、無黨籍議員參選人姜鈞翔、潘麗惠、民眾黨議員參選人萬家甫等市代、里長參選人一同造勢，與綠營系統分庭抗禮。請繼續往下閱讀...侯友宜今晚受邀回到家鄉朴子為吳品叡、黃嫈珺站台助選，侯友宜誇吳品叡當朴子市長「嚇嚇叫」，第一任就替公所還清8000萬負債，絕對是縣長最佳人選。因為與黃文峯同學的關係，黃嫈珺他從小看到大，看到她擔任多屆議員「脫胎換骨」，這次選朴子市長提出許多有遠見的政見，包括輕軌延伸到朴子市、把游泳池改滯洪池、每週提供一次免費專車載長輩就醫等，讓他欽佩和讚賞，請大家支持吳品叡、黃嫈珺及台上所有公職參選人都凍蒜。新北市長侯友宜與無黨籍嘉義縣長參選人吳品叡向鄉親打招呼。（記者蔡宗勳攝）無黨籍嘉義縣長參選人吳品叡（右）、朴子市長參選人黃嫈珺（左）陪同新北市長侯友宜上台。（記者蔡宗勳攝）    ,https://news.ltn.com.tw/news/politics/breakingnews/5587162
高虹安確定缺席！青年論壇新竹場 莊競程、何志勇10/6直球對決,政治,2026/09/26 22:21,高虹安確定缺席青年論壇新竹場，莊競程、何志勇10月6日在清大辯論、對話，直球面對青年學生。（青年思潮團體提供）青年思潮等青年團體發起的2026市長候選人青年論壇活動，新竹市長高虹安確定缺席新竹場，另兩位新竹市長參選人莊競程、何志勇10月6日在清大同台！主辦單位今天開放網路報名。青年思潮、清大人社系學會、陽交大學生會交通分會、臺學聯、青民協、一滴優、世代共好等青年團體發起的青年論壇指出，現任市長高虹安爭取連任，但已回覆因議會定期會及市政行程緊密，遺憾婉拒邀請，主辦單位也同感可惜。但民進黨參選人莊競程、無黨籍參選人何志勇（前為國民黨籍）2人先前已應邀，將如約辦理新竹場，讓青年學子能一覽不同市政願景。2位挑戰者更表達願意同場參與，創造更直接、精彩的辯論與對話！請繼續往下閱讀...青年論壇時間是10月6日晚上7點到9點，地點在清大人社院C404大教室。主辦單位提醒，報名參與此次論壇的限清交教職員生，請攜帶學生證和教職員證供查驗，報到時間是當晚6點半到6點50分，若未完成報到，視為取消，名額釋出給現場報名。同時呼籲勿攜帶競選標語或相關物件，現場勿喊選舉口號，以利營造討論氛圍。    ,https://news.ltn.com.tw/news/politics/breakingnews/5587135
林口家庭日同樂玩大地遊戲 李四川再喊「挺爸媽、挺教育」,政治,2026/09/26 22:10,國民黨新北市長參選人李四川現場與民眾玩大的橄欖球。（記者羅國嘉攝）今（26）日是中秋連假第二天，新北市長參選人李四川應議員陳明義邀請出席「林口家庭日」，與現場近2000名草地野餐的親子同樂。大小朋友熱情高喊「川伯」，爭相合影。李四川說，未來若擔任市長，會落實育兒與親子政見，持續打造新北市成為全台家庭最宜居、最友善的城市。李四川今天到林口參加家庭日活動，親自加入「大地遊戲」與小朋友組隊傳球，展現與小小隊友間的絕佳默契；他隨後逐一向在場鄉親問候致意，途中行經咖啡攤位時，店家主動遞上熱咖啡為他加油打氣，以暖心舉動表達力挺。請繼續往下閱讀...李四川重申「挺爸媽、挺教育」的政見藍圖，在育兒層面，未來將推動「校校有公托」，透過容積獎勵機制，鼓勵民間企業增設托育設施，實質減輕家長托育負擔。此外，李四川日前提出三大親子政策：第一、將「好孕專車」乘車補助延長至孩子滿1歲；第二、規劃於國民運動中心試辦每週三「免費2小時臨托服務」，讓家長能安心運動、喘息；第三、規劃打造大型「新北BABY BOSS成長館」，結合職能體驗與感覺統合探索，提供家長更優質的親子陪伴場域。李四川說，育兒絕非單一家庭獨自承擔的責任，而是整座城市必須共同努力的方向，未來他會持續傾聽家長心聲與需求，逐一落實各項政見，讓新北市成為對親子家庭最友善的宜居城市。國民黨新北市長參選人李四川（左）與現場小朋友熱情互動。（記者羅國嘉攝）民眾向前與國民黨新北市長參選人李四川合照。（記者羅國嘉攝）國民黨新北市長參選人李四川（中）與市議員陳明義（右）、民眾黨議員陳世軒（左）父子和民眾大合照。（記者羅國嘉攝）    ,https://news.ltn.com.tw/news/politics/breakingnews/5587106
蔣萬安、沈伯洋同台！現場驚見「碩大肥鼠」 民眾怨：叫蔣萬安來看！,政治,2026/09/26 21:58,會場出現大老鼠，引發民眾騷動，還有人說，叫蔣萬安過來看！（記者甘孟霖攝）民進黨台北市長參選人沈伯洋與台北市長蔣萬安今晚間同台中庄仔福德宮晚宴活動，不過在二人到場之前發生意外插曲，現場竟出現一隻「碩大肥鼠」逃竄，把來追「洋流」、「萬安緊抱」的支持者都嚇了一大跳。有民眾就抱怨：「叫蔣萬安過來看啦！」活動今晚間7點開始，5點多就開始陸續有人潮，媒體在等著堵訪沈伯洋時，現場竟然出現一隻「米奇」四處逃竄，引發一陣騷動。請繼續往下閱讀...隨著活動進行，雙方各自敬酒後，會場邊緣赫見該肥鼠，不過可能由於現場人潮混亂，老鼠已身亡成「鼠餅」，有民眾就抱怨，稱要叫蔣萬安過來看。    ,https://news.ltn.com.tw/news/politics/breakingnews/5587142
沈伯洋明「洋流會欣潮」 何欣純競總：合照、簽名只能隨緣,政治,2026/09/26 21:38,沈伯洋27日台中市民廣場合體何欣純。（何欣純競總提供）掀起「洋流」的民進黨台北市長參選人沈伯洋，明（27日）將到台中與民進黨台中市長參選人何欣純「欣潮」合體，不少洋粉欣迷等著明天合照、簽名，不過，沈伯洋明天在台中行程滿檔，且一連安排3場助攻行程，何欣純競總曝明天不會特別安排合照及簽名排隊點，只能先跟民眾抱歉，一切只能「隨緣」。年底九合一選舉倒數兩個月，沈伯洋挾「洋流」風潮，明將襲捲台中，首站預計上午9點前往北區元保宮，與4名民進黨市議員參選新人詹智翔、簡嘉佑、陳信秀、陳映辰等，合體出席台灣尚勇盃戰鬥陀螺競賽，約上午之後再到審計新村與何欣純合體出發城市走讀到約1公里距離的市民廣場野餐、開講，之後再前往在何欣純競選總部舉行的百工百業後援會授證會，盼「洋流會欣潮」助攻何欣純翻轉台中。請繼續往下閱讀...由於逢中秋及教師節連假，不少台中民眾早已準備明天前往跟洋流欣潮一起走讀、野餐助陣，不少人網路號召「台中不能輸」，更有人躍躍欲試想著明天要帶什麼去給沈伯洋、何欣純簽名。不過，由於明天沈伯洋在台中半天行程緊湊，何欣純競選總部今晚透露，明天不會比照沈伯洋在台北掃街時安排合照及簽名點，歡迎民眾一同來城市走讀或到市民廣場聽沈伯洋與何欣純的肥皂箱開講，了解兩人的城市願景，至於簽名拍照只能視現場兩人狀況「隨緣」以對了。此外，也有人之前就安排中秋教師節連假出遊，或有工作在身無法到場共襄盛舉扼腕不已，何欣純競總指出，明天會安排直播，讓民眾即使不在現場，也一樣可以感受到「洋流會欣潮」的第一手盛況。    ,https://news.ltn.com.tw/news/politics/breakingnews/5587128
參加台中霧峰爵醒祭  何欣純喊打造屯區「台中版松菸」,政治,2026/09/26 21:24,何欣純參加台中霧峰「爵醒祭」，喊打造屯區「台中版松菸」。（何欣純競總提供）民進黨台中市長參選人、立委何欣純今天參加「2026霧峰盛典霧峰美食節暨秋夜爵醒祭」，支持在地音樂與文化活動，何欣純說，霧峰有歷史文化底蘊，更有許多充滿創意的年輕人，未來若當選市長，將大力支持活動持續在霧峰舉辦，並推動打造屯區「台中版松菸」的文創園區空間，讓青年有創業的空間、藝文團體有展演的舞台，為屯區帶來更多活力。何欣純指出，富含歷史文化底蘊與年輕人的創新力量相遇，就能拚出城市的活力與未來，屯區除了製造業與中小微企業的深厚基礎，也有豐富的文化資產及青年創意，未來的市府要看見這些力量，大力支持青年創業，讓年輕人能在家鄉發揮所長，也吸引外縣市青年來到台中，在這裡逐夢圓夢。請繼續往下閱讀...何欣純說，她是在屯區出生長大的「屯區女兒」，她提出「六星新屯區」政策，其中「青年創意大進擊」就是要推動大里菸葉廠修復活化，打造「台中版松菸」的文創園區空間，台北松菸與華山文創園區讓許多年輕人發揮創意，屯區有同樣的空間跟條件，保留歷史建築特色，結合文化創意、藝文展演、青年創業基地及共享空間，成為屬於市民的文化休閒場所，更讓在地青年走進來，也讓外地朋友願意來，透過藝術音樂與創業，為老空間帶來新的活力生命。何欣純強調，期待屯區的文化與創意被更多人看見，未來將發揮屯區的「創新軟實力」，串聯霧峰林家、光復新村、霧峰農會酒莊、民生故事館及立法院民主議政園區等資源，結合在地歷史、音樂與農業特色，帶動文化觀光發展；打造青年共享的創業展演空間，都要讓年輕人的想法有機會實現，與鄉親一起豐富家鄉生活、打造六星新屯區。    ,https://news.ltn.com.tw/news/politics/breakingnews/5587146
蔣萬安酸在台北找敵人  沈伯洋反擊：我是在尋求民意,政治,2026/09/26 21:18,台北市長參選人沈伯洋26日出席中庄仔福德宮福德正神聖誕千秋晚宴，並接受媒體訪問。（記者方賓照攝）台北市長蔣萬安今（26日）批評，民進黨台北市長參選人沈伯洋質疑金華國中營養午餐問題，是搞認知作戰，更說沈伯洋在台北市找敵人，市民不會接受。沈伯洋今晚間回擊，在台北市找敵人的是蔣萬安，他都是在尋求民意。沈伯洋說，蔣萬安不去面對事實，講認知作戰就跟當時講「南鼠北送」是一樣意思，都在轉移焦點、忽略食安問題，「建議他不要這樣子」。請繼續往下閱讀...另，蔣萬安也說，沈伯洋之前在立院主張第五縱隊，在台北市找敵人。沈伯洋強調：「我們沒有在台北找敵人，在台北找敵人的都是他，在台北都是在尋求大家的民意。」    ,https://news.ltn.com.tw/news/politics/breakingnews/5587139
洋流驚人！沈伯洋百米走10分鐘  中山區中庄仔福德宮董座公開倒戈,政治,2026/09/26 21:06,臺北市長參選人沈伯洋26日出席台北市中庄仔福德宮福德正神聖誕千秋晚宴，向與會民眾致意。（記者方賓照攝）民進黨台北市長參選人沈伯洋與台北市長蔣萬安，今（26日）原本可望同框中山區中庄仔福德宮晚會，但二人並未碰頭，支持者也在會場兩邊各自一方。不過沈伯洋支持者聲勢相當浩大，廟方也特別禮遇，福德宮董事長林春裕就說，蔣萬安當立委時都會來，當市長就沒來過，現在要選舉又來。沈伯洋也當場承諾，他是鄉土研究社的，當選一定會回來。晚宴活動今晚間七點正式開始，五點多洋流就匯聚排成長長人龍等著與沈伯洋互動，沈伯洋約七點抵達會場，一入場就收穫滿滿歡呼聲，從入口走到廟宇參拜就寸步難行，幕僚也幫忙呼喊請支持者先讓沈伯洋進去參拜，即便如此，短短100公尺距離還是走了十分鐘。請繼續往下閱讀...活動廟方對沈伯洋相當禮遇，不諱言直喊「凍蒜」，林春裕致詞表示，福德宮開宮以來，頭一次有兩位市長候選人同場對壘，大家要支持誰？當然是沈伯洋！不過，晚一點蔣萬安也會來，畢竟還在任，要說好話。他說，立委王世堅有特別向他交代要力挺沈伯洋，希望鄉親也能力挺；他並透露，蔣萬安當立委時，每年都來福德宮，有次不能來，還特別打電話向他請假，結果當市長到現在，一次都沒來過，連他親自送帖邀請都沒有來，現在要選舉才來。沈伯洋表示，他當選後，一定會再回來，底下支持者齊聲歡呼。他說，他是鄉土研究社長，從16歲就到處跑宮廟，不管未來怎麼樣，一定會常來。他提到，中山大同很有歷史文化，以前是瓦片重鎮，見證台北城的發展，是台北的基石，但市府資源太少，他如果當市長要把這裡變成最穩固的地區，建築、長者小孩照顧、韌性，都要是最好，因為這裡是台北城的起點。他也提醒，雖與蔣萬安政治立場不同，但洋流要帶來溫暖，希望大家保持風度，也請民眾在他逐桌問候時不吝給予建議。台北市長參選人沈伯洋26日出席台北市中庄仔福德宮福德正神聖誕千秋晚宴，向與會民眾致意。（記者方賓照攝）臺北市長參選人沈伯洋26日出席台北市中庄仔福德宮福德正神聖誕千秋晚宴，向與會民眾致意。（記者方賓照攝）沈伯洋到中庄仔福德宮，一入場就收穫滿滿歡呼聲，從入口走到廟宇參拜寸步難行。（記者甘孟霖攝）沈伯洋到中庄仔福德宮參加晚會。（記者甘孟霖攝）沈伯洋到中庄仔福德宮參加晚會。（記者甘孟霖攝）沈伯洋還沒到場，洋流已匯聚。（記者甘孟霖攝）    ,https://news.ltn.com.tw/news/politics/breakingnews/5587129
遭福德宮董座酸「3年沒來」！蔣萬安道歉：忙著推動台北建設,政治,2026/09/26 20:45,蔣萬安致詞時表示，他首先也跟董事長抱歉，因為這三年多以來真的非常忙，全台北市很多建設，需要關心、推動。最後向鄉親表示大家都是他的家人，希望給他機會，繼續為中山區服務。（記者孫唯容攝）民進黨台北市長候選人沈伯洋和台北市長蔣萬安，今（26日）晚都出席中山區的中庄仔福德宮福德正神聖誕千秋晚宴，蔣萬安因行程遲到約半小時，兩人並未同框，且福德宮董事長林春裕更開酸蔣萬安，當市長後都沒有回來。蔣萬安致詞時表示，他首先也跟董事長抱歉，因為這三年多以來真的非常忙，全台北市很多建設，需要關心、推動。最後向鄉親表示大家都是他的家人，希望給他機會，繼續為中山區服務。蔣萬安表示，特別感謝林春裕董事長，他感謝台北市議會葉林傳副議長、陳炳甫議員、柳采葳議員，還有中山區的里長們到場，今天很開心又回到中山區，特別是福德宮來跟所有鄉親長輩請安問好。請繼續往下閱讀...蔣萬安說，他剛剛參拜的時候祈求福德正神，繼續保佑在地、保佑所有鄉親長輩，身體健康、萬事平安！台北市合境平安、百業興隆，大家大賺錢、大發財！蔣萬安說，中山區是他的發跡地，過去這10幾年以來，他受到現場鄉親長輩的很多照顧，因此蔣萬安當立委的時候，他的服務處就在福德宮的隔壁巷子，福德宮、福德正神保佑的寶地。蔣萬安說，過去他們的好鄰居，特別是長輩都有給他鼓勵、關懷，他都放在心裡，因此他當市長之後，趕快處理長輩的各種需求，照顧長輩。未來愛心敬老卡明年開始就可以在711使用，還有全家，所有的超市、超商、藥局、農會，都可以買東西，大家說好不好？底下長輩紛紛直喊「好！」這是對長輩的尊重，大家的聲音他都聽到了，也化作實際的行動，照顧咱在地的很多長輩。蔣萬安表示，他對中山區的建設也推動許多，剛剛董事長說他都沒有來，但是，他首先也跟董事長抱歉，因為這三年多以來真的非常忙，全台北市很多建設，需要關心、需要推動。蔣萬安說，中山區的第二運動中心就在新生公園，新生館在7月正式落成啟用！讓所有長輩、所有年輕人，可以有新的運動的地方。再來是中山區的捷運新建，不管是北環段全線動工，還有重新啟動民生汐止線，未來東西向的捷運路線。蔣萬安也說，中山區很多現場鄉親長輩跟他的建議，榮星花園在今年也正式動工全新的改造，讓榮星花園所有中山區的鄉親，有一個更舒適、更安全、更優化的公園，來好好的體驗享受。蔣萬安強調，這幾年來，他對咱鄉親的感情、對大家服務的心，一定都沒有變！一定都一樣，大家說對不對？群眾熱情直呼「對！」最後蔣萬安也呼籲鄉親支持國民黨的議員們。他說，拜託所有鄉親長輩，因為大家都是他的家人，希望繼續給他支持、給他鼓勵，讓他有機會繼續為大家打拚。    ,https://news.ltn.com.tw/news/politics/breakingnews/5587122
赴中庄仔福德宮遭酸「終於回來了」！董事長：蔣萬安當市長3年都沒來,政治,2026/09/26 20:29,福德宮事長林春裕大酸蔣萬安，「咱的市長蔣萬安，終於回來了！」之前3年邀請他都沒有來，更爆料之前當立委年年來，不來還會請假。（記者孫唯容攝）台北市長蔣萬安今（26日）晚出席中山區中庄仔福德宮福德正神聖誕千秋晚宴，蔣萬安在大批支持者簇擁下抵達福德宮，向土地公參拜後登上舞台，底下民眾高喊「蔣萬安凍蒜」！但福德宮事長林春裕開頭就不滿大酸蔣萬安，「咱的市長蔣萬安，終於回來了！」之前3年邀請他都沒有來，更爆料之前當立委年年來，不來還會請假。不過仍送給蔣萬安甘蔗，期待他連任後再步步高升，當總統。台北市長蔣萬安和民進黨台北市長候選人沈伯洋，今（26日）晚間雙雙出席中庄仔福德宮福德正神聖誕千秋晚宴，表定到場時間僅差五分鐘，但蔣萬安之前仍有行程，因此約在7點30分左右才到場。請繼續往下閱讀...中庄福德宮董事長林春裕開頭就開酸，「咱的市長蔣萬安，終於回來了！是不是回來了！這個繼續給他連任好不好？」底下群眾也大喊「好！」林春裕表示，蔣萬安是中山區的子弟，因為他做兩屆立委的時候，他的服務處就在中庄福德宮的後面，當立委的時候每年都有回來，有一年好像出國開會，蔣萬安還親自打電話給他請假，但是蔣萬安當市長3年，「我有邀請他3年，都沒有給我請假，因為沒有來。」只有民政局長陳永德來。林春裕也說，無妨，蔣萬安是咱現任的市長，蔣萬安要繼續連任，議員也繼續連任，包含葉林傳副議長、柳采葳議員、陳炳甫議員，重點是蔣萬安，一定要繼續連任，這樣好不好？一旁群眾也高喊「連任啦，連任啦，連任！」林春裕表示，今天謝謝大家包涵上菜比較慢，剛剛沈伯洋比較少人，上菜速度也被擋住了，蔣萬安這邊更多人，如果被擋到不要抱怨，是因為民眾太熱烈了。林春裕說，無妨，蔣萬安是咱現任任的市長，蔣萬安要繼續連任，議員也繼續連任。（記者孫唯容攝）    ,https://news.ltn.com.tw/news/politics/breakingnews/5587110
中庄仔福德宮董座公開力挺沈伯洋  送上「這物」象徵神明加持,政治,2026/09/26 20:08,中庄仔福德宮董事長公開力挺沈伯洋。（授權自@yankikikikikiki社群平台「Threads」）台北市長蔣萬安、民進黨台北市長參選人沈伯洋今（26日）晚雙雙出席台北市中山區中庄仔福德宮福德正神聖誕千秋晚宴。而中庄仔福德宮董事長更是公開力挺沈伯洋，送上中秋拜過天公的甘蔗，象徵有神明加持，步步高升、倒吃甘蔗。網友「kiki」在社群平台「Threads」上發布影片，甚至提到「因為剛剛董事長說某個市長都不來現在終於要來了，沈撲才會說不管後面如何他都一定會再來」，舞台前也都是滿滿「洋流」。請繼續往下閱讀...福德宮董事長後面還有補充說明「等一下蔣萬安來，我也是會說一下支持啦，請大家諒解一下啦齁」令現場氣氛歡樂。網友留言「蔣寶現在應該在保母車上看著直播，心裡想著去、不去、去、不去…」、「還偷臭安安當市長後都沒來」、「蔣萬安底下的觀眾是鼠一鼠二的，撲馬跟本沒得比」、「伯洋16歲就在這間廟訪問了」。     在 Threads 查看    ,https://news.ltn.com.tw/news/politics/breakingnews/5587100
「安鼠」搶先登場！ 還沒等到沈伯洋、蔣萬安同框   民眾先驚喊：來了來了,政治,2026/09/26 20:01,蔣萬安還沒登場，老鼠先來探路。（圖擷取自YouTube）台北市長蔣萬安、民進黨台北市長參選人沈伯洋今（26日）晚雙雙出席台北市中庄仔福德宮福德正神聖誕千秋晚宴。不過蔣萬安還沒到場前，「老鼠」搶先登場，現場民眾除了先跳著閃避之外，不忘喊「來了來了來了」。網友狂笑「老鼠太不給蔣萬安面子了吧」、「林杏兒：都是蟑螂老鼠啦！」、「蔣萬安動員老鼠助陣囉！」、「萬安果真是台北鼠王」、「擺明不給蔣萬安面子」、「那是萬安的前導員，要先觀察地形狀況」、「與蔣萬安一起創造鼠與你跟台北的回憶」。請繼續往下閱讀...     在 Threads 查看    ,https://news.ltn.com.tw/news/politics/breakingnews/5587085
自由觀點》新竹縣藍白合破局  鄭朝方民調領先,政治,2026/09/26 20:00,    ,https://news.ltn.com.tw/news/politics/breakingnews/5586280
140億美元軍售卡關！田弘茂曝美國行政部門「不可以不支持」理由,政治,2026/09/26 19:53,國策研究院文教基金會今（26日）舉辦「二次川習會與美中博弈」座談會，院長田弘茂致詞。（記者叢昌瑾攝）美國國會今年1月便已批准140億美元對台軍售，但軍售案至今仍被擱置在白宮，國人關切川習二會結束後，軍售案是否會受影響。對此，總統府資政、國策研究院院長田弘茂今（26日）表示，140億美元的對台軍售已由美國國會通過，行政部門不可以不支持，且美國政府也會考量國防企業生存問題，140億美元不是小數目，美國國防企業不可能永遠拖延交付。國策研究院今日舉辦「二次川習會與美中博弈」座談會，院長田弘茂發表閉幕致詞指出，這次「川習會」較重視儀式性、形式上的意義，包含美國總統川普親自接機、準備軍禮及國宴等，實質性問題並不迫切，是「華而不實」的一次領袖峰會。美中在國家利益、意識形態、政治制度等多個面向，仍存在嚴重分歧。很難透過見面與談判，根本地解決雙方「大原則層級的關係」。請繼續往下閱讀...台美關係方面，田弘茂認為，美國行政部門在執行政策時，常常不完全符合我方期待，但美國各州目前都很想與台灣發展經貿關係，美國聯邦參眾議員當中也有7、8成以上支持台灣。針對美國對台軍售議題，田弘茂進一步指出，美國對台軍售需要國會批准，而美國國會現已通過對台軍售的額度，美國行政部門不可以不支持；美國國防工業相關企業拿到美國國防部訂單後，要去籌募款項，進行設計、製造，不能永遠拖延交付，140億美元對相關產業而言不是小數目，美國行政部門也必須要考量企業生存的問題。    ,https://news.ltn.com.tw/news/politics/breakingnews/5587095
「凍蒜」聲不斷！藍營年輕支持者聚福德宮挺蔣萬安：有感就業機會增,政治,2026/09/26 19:32,現場有蔣萬安的支持者拿自製加油看板，阿伯表示，蔣萬安真的做得很棒，絕對不可以讓民進黨當選。（記者孫唯容攝）台北市長蔣萬安、民進黨台北市長參選人沈伯洋今（26）晚雙雙出席台北市中庄仔福德宮福德正神聖誕千秋晚宴。雙方皆有支持者迎接，蔣萬安到場前就有約250人集結在福德宮周邊，其中也有部分年輕人，但是年長者仍居多，全力力挺蔣萬安，紛紛高喊「蔣萬安凍蒜！」現場更有蔣的支持者拿著自製加油看板，阿伯表示，蔣萬安真的做得很棒，絕對不可以讓民進黨當選，他走過台北的大街小巷，不論是捷運、社宅他都有親自看，真的建設得很優秀。阿伯也說，他是中山區的選民，從立委開始第九屆、第十屆，一直都是投給蔣萬安，從蔣萬安當立委就力挺到現在，上次選舉也是投給蔣，希望蔣萬安一定要當選。請繼續往下閱讀...現場年輕人認為蔣萬安與其他國民黨政治人物不一樣，給人清新的感受，特別是他在禁菸政策的推廣、就業機會增加而感動，因此到場支持。蔣萬安到場前就有約250人集結在福德宮周邊，其中也有部分年輕人，但是年長者仍居多，全力力挺蔣萬安。（記者孫唯容攝）現場年輕人認為蔣萬安與其他國民黨政治人物不一樣，給人清新的感受，特別是對他禁菸政策的推廣、就業機會增加而感動，因此到場支持。（記者孫唯容攝）台北市議員陳炳甫（右）與支持藍營的民眾開心擊掌。（記者孫唯容攝）    ,https://news.ltn.com.tw/news/politics/breakingnews/5587075
自由說新聞》習「反台獨」遭高級酸伺候！愛台女怒吼：把手從台灣拿開,政治,2026/09/26 18:56,全新的視界！新聞話題不漏接，快訂閱YouTube 【自由追新聞】，記得開啟小鈴鐺哦！    ,https://news.ltn.com.tw/news/politics/breakingnews/5587053
「洋流會欣潮」超chill！明天市民廣場野餐 肥皂箱說城市願景,政治,2026/09/26 18:46,何欣純預走「洋流會欣潮」路線，吸引熱情民眾陪走。（何欣純競總提供）民進黨台北市長參選人沈伯洋掀起「洋流」，明天（27日）與民進黨台中市長參選人何欣純「欣潮」合體。何欣純今天實際路線預走一遍，盼減少對商家及民眾的不便，曝超chill，明天自審計新村城市走讀到市民廣場，聯手沈伯洋肥皂箱開講，暢談城市願景，現場野餐品味台中在地小吃，盼「洋流會欣潮」台北、台中連線共拚翻轉成真。「洋流」明天襲捲台中，首站預計上午9點到北區元保宮，與「戰鬥！新陀螺連線」4名民進黨市議員參選新人詹智翔、簡嘉佑、陳信秀、陳映辰等人合體，出席台灣尚勇盃戰鬥陀螺競賽，搶攻年輕選民目光。沈伯洋接著再到審計新村與何欣純合體，城市走讀到約1公里距離的市民廣場野餐、開講，之後再前往在何欣純競選總部舉行的百工百業後援會授證會，盼「洋流會欣潮」，帶動台中選民支持何欣純翻轉台中。請繼續往下閱讀...適逢中秋連假，不少台中人打聽「洋流會欣潮」動態，何欣純曝市民廣場超chill行程，不少人躍躍欲試，明天要到現場等候，跟洋流、欣潮一起野餐。何欣純今天一大早特地與在地市議員江肇國及黃守達，從審計新村到市民廣場的路線預走一遍，了解路線周邊情況，盼不會對沿途商家或休閒民眾造成困擾，預走先吸引民眾熱情陪走，何欣純也邀民眾明天一起來陪他們一起走，「走出台中欣局面」。    ,https://news.ltn.com.tw/news/politics/breakingnews/5587030
沈伯洋還沒到！洋流匯聚中山區中庄仔福德宮 自動排起人龍,政治,2026/09/26 18:31,沈伯洋還沒到場，洋流已匯聚。（記者甘孟霖攝）民進黨台北市長參選人沈伯洋近期掀「洋流」，今晚間到中山區中庄仔福德宮出席福德正神千秋晚宴。現場活動還沒開始，「洋流」已然匯聚，自發排起隊伍，希望能與沈伯洋互動，6點半已有數十人隊伍，民眾陳小姐說，5點就來等，希望與沈伯洋互動。沈伯洋今晚間預訂6點50分到中庄仔福德宮出席晚宴，傍晚6點左右就匯聚大批人潮，並排起數十人隊伍，還有許多人帶著「洋流」小物。請繼續往下閱讀...陳小姐說，因為家住附近，所以5點就來這邊等沈伯洋，希望能互動，現場也沒有人安排排隊點，大家就自發排起隊伍。民眾帶來洋流小物，希望給沈伯洋簽名。（記者甘孟霖攝）    ,https://news.ltn.com.tw/news/politics/breakingnews/5587034
花蓮藍白合明朗化 首度鬆口支持游淑貞 黃國昌：縣市合作讓花蓮向前,政治,2026/09/26 18:29,民眾黨主席黃國昌今天到花蓮助選參選花蓮市長的戴于文（右一）、參選議員的蔡翼陽（左一）及爭取連任的吉安鄉代表楊靖妍（左二），3人也首次合體國民黨縣長參選人游淑貞，確認藍白合。（戴于文總部提供）花蓮到底有無藍白合？民眾黨主席黃國昌先前始終不鬆口支持游淑貞，今天終於明朗化，黃國昌今天到花蓮，早上、下午兩個行程都與國民黨花蓮縣長參選人游淑貞同框出席。黃國昌說，他期待戴于文當選市長、游淑貞也當選縣長，可以「縣市合作」，大家一起讓花蓮向前。黃國昌23日率中央委員到花蓮，陪同民眾黨花蓮市長參選人戴于文開政策說明會時，針對民眾黨是否支持「傅崐萁接班人｣游淑貞選縣長，始終沒有正面表述，不過今天態勢有了明顯變化，早上他到吉安鄉仁里市場幫鄉民代表助選時，第一次與國民黨花蓮縣長參選人游淑貞握手同框，下午黃國昌陪戴于文在花蓮市民廣場舉辦親子中秋同樂會時，更主動邀請游淑貞參加，展現藍白合作氣氛。請繼續往下閱讀...戴于文承諾，他如當選市長，除了加碼新生兒補助1萬元、也將推動「公園降溫計畫」，增加綠蔭及公園飲水設施，他相信「未來游淑貞縣長一定會大力支持」；黃國昌首度鬆口支持游淑貞，他說，未來于文當選市長、游淑貞鄉長也能當選縣長，縣市的合作定能讓花蓮向前。游淑貞說，從立法院的財政收支劃分法等眾多法案中，都可以看到黃國昌主席與國民黨密切合作，她相信未來只要是民眾黨的提案「我們也會來研擬」，共同的目的就是讓花蓮更好。民眾黨今天在花蓮市民廣場舉辦親子秋節活動，花蓮市長參選人戴于文提出加碼育兒金、公園降溫等政見。（戴于文總部提供）    ,https://news.ltn.com.tw/news/politics/breakingnews/5587011
藍委藉川習會轟賴清德拒兩岸溝通  陳冠廷：對話從不能取代實力,政治,2026/09/26 18:21,民進黨立委陳冠廷。（資料照）川習二會落幕，國民黨立院黨團書記長許宇甄今（26日）稱，美中基於高風險才對話，反觀賴政府拒絕朝野溝通，又中斷兩岸政治對話。對此，民進黨立委陳冠廷稍早批評，在野黨在立法院一再阻擋國防相關法案，但對話跟嚇阻都該同時進行。「對話從來不能取代實力！」陳冠廷表示，講了半天要和平、降低風險，批判美國對台軍售，但每當政府要增加國防投資、強化自主生產能力，以及建立無人作戰體系的時候，在野黨卻一次又一次地阻擋、延宕相關法案，「這才是我們真正要面對的問題。」請繼續往下閱讀...陳冠廷指出，川普跟習近平見面，不代表美中之間的戰略競爭消失；同樣地，兩岸如果有對話，也不代表台灣就可以停止準備，「對話與嚇阻本來就應該同時進行」。陳冠廷強調，台灣真正該做的，是把自己的安全掌握在自己手上，不僅要提升自主國防、強化產業能力、降低關鍵供應鏈風險，同時也要和所有民主夥伴保持合作。    ,https://news.ltn.com.tw/news/politics/breakingnews/5587022
英國《觀察家報》台北直擊！曾收殺妻女電郵威脅 沈伯洋：不會低頭,政治,2026/09/26 18:19,民進黨台北市長參選人沈伯洋（中）在市場向選民拜票，英國《觀察家報》記者近日赴台採訪台北市長選戰，專題報導民進黨參選人沈伯洋及其家人近年面對的各種安全威脅。（記者陳逸寬攝）民進黨台北市長參選人沈伯洋投入地方選舉之際，英國《觀察家報》（The Observer）記者赴台採訪他的競選活動，報導他近年面對的安全壓力。沈伯洋表示，去年4月收到匿名電子郵件，家人照片上被寫中文字「死」，內容並威脅要殺害他的妻子與女兒。《觀察家報》20日刊出記者丹尼・文森（Danny Vincent）自台北發出的專題報導，從北台灣市場的掃街造勢，到沈伯洋在立法院研究大樓接受訪問，記錄他參選台北市長的競選活動與個人安全疑慮。報導指出，沈伯洋代表民進黨參選，對手為現任國民黨籍台北市長蔣萬安。請繼續往下閱讀...報導描述，沈伯洋在市場造勢時吸引大批支持者排隊合照，媒體也聚集採訪；人群外圍則有數名戴口罩的人員拍照並使用手機，沈伯洋團隊表示無法確認對方是支持者或另有目的。沈伯洋2024年10月也曾在住家外發現藏在機車上的針孔攝影機，今年1月則有中國網路人士發布標示他住家與辦公室位置的衛星照片。針對去年4月的匿名郵件，警方追查後將IP位址指向日本，但未確認寄件者身分。中國設舉報熱線 出國提高戒備中國重慶警方去年10月對沈伯洋展開涉嫌「分裂國家」的刑事調查，並設置供民眾提供其活動線索的舉報熱線。《觀察家報》實際撥打其中一支電話，確認可直接接通重慶舉報專線。沈伯洋表示，調查展開後，他前往與中國有引渡協議的國家時更加謹慎，因為對方曾表示他若出國可能遭到逮捕。沈伯洋日前赴東京期間發布Threads影片，網友注意到他的衣服下方似乎有厚重裝備，詢問是否穿著防彈背心；他證實自己在台灣以外旅行時經常穿戴，近期赴美時也曾穿著。《觀察家報》另提到，他2023年赴立陶宛參加會議時，曾發現飯店房內物品被移動，並留下寫有「你可能會死」的警告貼紙，警方未查出涉案者。《觀察家報》也走訪沈伯洋參與創辦的黑熊學院民防訓練場，看到民眾接受小型無人機操作等訓練。黑熊學院表示，目前有2萬名會員，課程包括急救、資訊戰與衝突準備。沈伯洋表示，與其揣測中國下一步行動，更重要的是現在就強化台灣與城市本身的韌性。報導最後回到台北夜市的競選現場，沈伯洋表示，公開參與市長選舉是面對這類壓力的一種方式，並說自己的責任是向市民展現勇氣，「我們不會低頭」。    ,https://news.ltn.com.tw/news/politics/breakingnews/5587007
搶攻女性票倉！陳素月拋新住民服務新政  台下姊妹狂拍手,政治,2026/09/26 18:13,民進黨彰化縣長參選人陳素月今天成立姊妹既新住民後援會，26鄉鎮市後援會幹部逐一拼湊完成彰化縣地圖。（記者張聰秋攝）中秋4天連假第2天，民進黨彰化縣長參選人陳素月今天（26日）在彰化市競選總部成立「姊妹暨新住民挺素月後援會」，吸引大批支持者到場，許多人盛裝出席，現場氣氛熱烈。陳素月以女性照顧者角色與新住民權益為主軸，她端出婦幼、長照及新住民服務等政策牛肉，爭取女性及新住民族群支持。陳素月致詞表示，她是南投鄉下長大的女兒，也是彰化永靖的媳婦，身為民意代表，更能體會許多女性在家庭中身兼多職的辛勞，不僅要分擔家務，還要照顧長輩、養育子女，承受工作與家庭雙重壓力。因此，她提出「育兒321樂活YOUNG媽咪」婦幼政見，從孕期心理諮商、產後照護到托嬰與入學教育，建立完整育兒支持系統，減輕年輕家庭負擔。請繼續往下閱讀...她進一步指出，未來將結合中央資源推動長照3.0，協助長者實現在地安老，透過完整社會照顧體系，降低家庭照顧壓力。話鋒一轉，她以前總統蔡英文及副總統蕭美琴為例指出，女性早已撐起社會半邊天，台灣是一個重視性別平權的民主社會，越來越多女性走出家庭投入公共事務。若當選縣長，她將推動女性成長學苑及婦女社團活動，提供更多展現才華與參與公共事務的平台。不僅如此，陳素月也以彰化縣實施多年已成全國典範的「萬人健檢活動」表明延續計畫同時結合中央資源，落實賴總統的「健康台灣」政策，照顧女性朋友的健康。由於現場不乏盛裝出席新住民朋友，陳素月說，感謝這些遠嫁他鄉來到台灣落地生根，栽培優秀第二代新住民，成為「新台灣之子」，過程辛苦要適應文化、語言與教育問題等，因此，她提出若當選縣長，縣府民政處成立新住民服務單一窗口，整合戶政等相關資源，讓新住民安居樂業在彰化。當她一宣布該政策，台下響起熱烈掌聲，一片叫好。新住民婦女朋友適應語言與文化隔閡，過程辛苦，彰化縣長參選人陳素月提縣府民政處設立單一服務窗口，姊妹們掌聲如雷。（記者張聰秋攝）新住民朋友表演家鄉傳統舞蹈，炒熱後援會成立大會氣氛。（記者張聰秋攝）    ,https://news.ltn.com.tw/news/politics/breakingnews/5587015
友邦發聲挺台入聯 馬紹爾群島總統：綏靖永遠無法滿足侵略者野心,政治,2026/09/26 18:06,友邦馬紹爾群島總統海妮（Hilda Heine）於第81屆聯合國大會總辯論表示，台灣及台灣人民存在是客觀事實，唯有讓台灣實質參與聯合國會議，聯合國方具備包容及有效性。（圖擷取自聯合國YouTube）第81屆聯合國大會總辯論正在紐約舉行，友邦馬紹爾群島總統海妮（Hilda Heine）表示，台灣及台灣人民存在是客觀事實，唯有讓台灣實質參與聯合國會議，聯合國方具備包容及有效性；她也呼籲各國了解，綏靖永遠無法滿足侵略者的野心與圖謀，一旦侵略者得逞，必將得寸進尺。曾於去年訪台的馬紹爾群島總統海妮表示，台灣及其兩千三百萬人民的存在是客觀事實，僅有其民選政府才能代表台灣，唯有尋求適當方式讓台灣實質參與聯合國會議，聯合國才能真正具備包容性及有效性。請繼續往下閱讀...海妮示警，聯合國所有成員國未來都可能被告知，根據聯大第2758號決議，侵略、脅迫台灣純屬內政問題，未來各國也可能被告知「小國對抗大國終為徒勞、強權即是公理」；各國將迫於壓力接受錯誤論述——接受聯大第2758號決議成為「聯合國憲章」下採取脅迫、發動戰爭、損害台海航行自由的法理依據，並被要求對所發生的事視若無睹。海妮呼籲所有國家必須清楚了解，姑息永遠無法滿足侵略者的野心與圖謀，一旦侵略者得逞，必將得寸進尺，聯合國如何因應此一真實存在的安全困境，將對其能力及存續意義構成重大考驗。聖露西亞總理皮耶（Philip J. Pierre）則表示，聖露西亞支持台灣取得聯合國的完全會員資格；聖文森及格瑞那丁總理傅萊德（Godwin Friday）、聖克里斯多福及尼維斯副總理韓利（Geoffrey Hanley）、吐瓦魯總理戴斐立（Feleti Teo）皆表示，支持台灣有意義地參與聯合國體系及其專門機構。戴斐立也關切台灣周遭日益增加的軍事活動，他表示，此類活動威脅台海情勢的穩定、擾亂國際運輸及貿易，並危及太平洋與其以外地區的和平及安全。韓利則重申，台海兩岸的分歧必須以和平方式解決。    ,https://news.ltn.com.tw/news/politics/breakingnews/5587012
水牛伯背鍋？蔣萬安立院學歷錯誤急改 殷瑋竟怪「游錫堃搞的」,政治,2026/09/26 17:39,台北市研考會主委殷瑋（左）。（資料照）台北市長蔣萬安今（26日）被爆在立院網站上的簡歷突然修改，學歷標註從SJD變JD，引起各界質疑。台北市研考會主委殷瑋今日在節目喊冤，表示蔣萬安一開始就提交正確資訊，從來沒有要偷天換日加S上去。有來賓補充：「所以是游錫堃搞的？」殷瑋肯定表示：「講白了就是這樣！」蔣萬安爭議再爆，有網友踢爆其在立法院的個人英文學歷欄位突然被修改，原本學歷標註的「S.J.D.（法學博士）」已被改成「Juris Doctor（J.D.）」。消息曝光後，引發熱議。對此，北市府澄清，蔣萬安擔任立委期間，提供中文學歷資料始終都是正確的「賓夕法尼亞大學法學院法律博士」，是立法院委託廠商英文翻譯有誤。蔣萬安下午出席活動前受訪強調，他第9屆、10屆提供的資料都是正確的。請繼續往下閱讀...殷瑋今日下午在政論節目中表示，蔣萬安一開始就說自己是JD，是這個意義上的博士，從來沒有說要偷天換日，要故意加一個S上去，來賓媒體人黃揚明插話：「所以是游錫堃搞的？」殷瑋回答：「講白了就是這樣！」殷瑋指出，立法院第9屆院長是蘇嘉全，第10屆是游錫堃，他笑稱，講時間是這樣沒錯。黃揚明則表示：「抓到了啦，埋了這個哏埋很久了。」來賓台北市議員李明賢也接口：「自導自演！」網友也在Threads上PO出節目剪輯片段，諷刺表示：「原來蔣萬安的學歷是時任立法院長游錫堃鋪了十年的梗，就為了幫沈伯洋打擊蔣萬安，臥龍水牛。」其他網友紛留言：「那怎麼現在才改？」、「神機妙算游水牛，十年布局造洋流」、「這推給游院長，不就他有夠會算？」、「翻譯好幾年了 蔣自己都沒說要改耶」。     在 Threads 查看    ,https://news.ltn.com.tw/news/politics/breakingnews/5586957
平溪聯合競總成立 李四川拋「青春山海線2.0」、強化偏鄉醫療政見,政治,2026/09/26 17:36,平溪礦業文化觀光發展協會總幹事楊興華送上關公畫像給國民黨新北市長參選人李四川，象徵接棒侯友宜、發揚關公精神。（李四川競選辦公室提供）新北市長參選人李四川今（26日）下午前往平溪區，出席與市議員參選人林正峰聯合競選總部成立大會，現場高喊「凍蒜」氣氛熱絡。李四川致詞重申，未來將通盤檢討都市計畫、鬆綁老屋限制，推動敬老卡300點悠遊卡化以照顧偏鄉長輩，並透過「青春山海線2.0」活絡山城觀光與就業、強化偏鄉醫療。李四川今天出席與林正峰成立平溪聯合競總大會，現場平溪礦業文化觀光發展協會總幹事楊興華致贈關公畫像，象徵傳承侯友宜市長、發揚關公忠義精神。李四川致詞指出，過去在平溪看見基層醫師騎車為長輩看診，深知新北幅員廣大、偏鄉就診的辛勞與不易，未來擔任市長，將全力落實醫療政策，強化偏鄉醫療；針對平溪等偏鄉地區有許多老舊房屋因歷史因素沒有使用執照，導致修繕、改建受到諸多限制，他也承諾，未來擔任市長會積極爭取中央法令鬆綁，協助偏鄉老屋修繕與改建，幫助在地居民提升居住安全。請繼續往下閱讀...針對平溪觀光產業發展，李四川表示，他已提出「青春山海線2.0」觀光政見，透過「周遊券玩山海」，整合大眾運輸、景點、住宿、美食及消費優惠，吸引更多人來新北旅遊，帶動觀光產業商機，未來也會持續統合跨局處資源，全力發展平溪、十分及猴硐等鐵道觀光路線，持續精進平溪地區的觀光發展，創造更多商機及在地就業機會。國民黨新北市長參選人李四川今出席與市議員參選人林正峰的平溪聯合競選總部成立大會。（李四川競選辦公室提供）    ,https://news.ltn.com.tw/news/politics/breakingnews/5586971
讓洋流妃起來！陳亭妃9/28北上出席「台南之友挺沈伯洋後援會」,政治,2026/09/26 17:29,民進黨台南市長參選人陳亭妃預告「台南之友挺沈伯洋後援會」將於9月28日登場，號召台南鄉親力挺。（擷自陳亭妃臉書）中秋連假競選行程不打烊，民進黨台南市長參選人陳亭妃將北上助陣台北市長參選人沈伯洋，兩地競選聲勢「串流」！陳亭妃預告，9月28日下午2時將前往台北福華文教會館，出席「台南之友挺沈伯洋後援會」，號召台南鄉親及在台北親朋好友到場，將台南支持力量帶進沈伯洋陣營。陳亭妃在臉書預告此次行程，以「台北順起來、台南妃起來」喊話，並以沈伯洋近期競選主軸「洋流」為梗，形容將帶著台南鄉親的支持與祝福北上，「把台南的熱情捲進洋流」，一起集氣、助拳。請繼續往下閱讀...陳亭妃也號召台南鄉親及人在台北的親朋好友共襄盛舉，讓台南支持力量跨越北高，形成一波「妃常旋風」，為沈伯洋助陣。除了北上跑行程，陳亭妃近期也把青年選票列為重點。民進黨青年部預計10月2日晚間6時30分在台南東區舉辦「熬民主」活動，將與青年面對面交流，從產業、創業、租屋到日常生活等議題談起，聚焦青年關心的台南未來。    ,https://news.ltn.com.tw/news/politics/breakingnews/5586978
為何偏綠節目不邀沈伯洋？李正皓曝最大原因,政治,2026/09/26 17:18,沈伯洋近期頻頻接受專訪。（圖擷取自「今晚找四端」YT頻道）台北市長參選人沈伯洋近日接連登上王偉忠、李四端等被認為立場偏藍主持人的專訪，有支持民眾黨的網友諷刺，既然洋流是流量密碼，為何綠媒不請他上節目？是否代表綠媒沒人看？對此，節目主持人李正皓親自留言解釋，不邀沈伯洋的原因只有一個，「沈伯洋的時間是有限的」，因此不願意將沈綁在同溫層裡宣傳。一名小草近日在Threads發文質疑，既然沈伯洋是流量密碼，為什麼綠媒及綠營KOL不請他上節目？反而要到其他節目才有流量？是否證明了綠媒沒有人看？他還說：「要知道賴清德的YouTube影片，連一萬觀看數都沒有。」請繼續往下閱讀...對此，李正皓親自在下方留言回應，他沒有請沈伯洋的原因只有一個，沈伯洋的時間是有限的，自己不願意綁住他，讓他在同溫層裡宣傳，「所以從沈伯洋開始參選後，我一次都沒有開口邀請。」李正皓最後也霸氣表示：「要流量，我自己努力，沈伯洋該做的是破圈。」     在 Threads 查看    ,https://news.ltn.com.tw/news/politics/breakingnews/5586916
到場時間只差5分鐘！沈伯洋、蔣萬安今晚將出席中山區同場活動,政治,2026/09/26 17:15,沈伯洋今上午到永春市場掃街。（記者方賓照攝）首次上稿：15:33更新時間：17:15民進黨台北市長參選人近期掀起「洋流」，台北市長蔣萬安今（26）日表示「戒慎恐懼」，今晚兩人將同時出席台中山區宮廟活動，屆時將碰撞出何種火花值得關注。請繼續往下閱讀...蔣萬安預計今晚6時55分要到台北市中庄仔福德宮出席福德正神聖誕千秋晚宴。沈伯洋團隊今下午也發出採訪通知，沈伯洋將於晚間6時50分出席該場活動，屆時兩人是否同台互動，引發關注。台北市長蔣萬安下午出席市政活動前受訪。（記者叢昌瑾攝）    ,https://news.ltn.com.tw/news/politics/breakingnews/5586850
台北市長選情緊繃！苗博雅：蔣萬安用傲慢面對民怨 反讓不滿意度升高,政治,2026/09/26 17:15,社民黨籍議員苗博雅。（資料照，記者田裕華攝）信民協會日前發布最新台北市長選舉民調，民進黨參選人沈伯洋僅落後現任市長蔣萬安1.2個百分點，呈現五五波拉鋸。面對北市選情，社民黨籍議員苗博雅評論，被提名三個月來，沈伯洋勤走基層，打開知名度，沒有針對蔣萬安發動攻勢，但好感度及支持度逐漸上升。但蔣萬安用傲慢的態度面對民怨，反讓不滿意度升高。台北市信民兩岸研究協會與民調專家戴立安在22日公布台北市長選情民調，台北市長蔣萬安獲41．7%支持度，沈伯洋40.5%，沈伯洋僅落後蔣萬安1.2個百分點。今（26日）沈伯洋受訪表示，蔣萬安選情很穩，他身為挑戰者要多說服市民，而蔣萬安則喊「自己戰戰兢兢、如履薄冰」。請繼續往下閱讀...苗博雅分析，被提名三個月來，沈伯洋勤走基層，打開知名度。雖然並沒有對蔣萬安發動攻勢，但好感度及支持度逐漸上升。而蔣萬安被自己的無能困住了，兒虐、鼠患、天價遮陽傘、二手菸柵欄盆栽、10歲女童安置案、營養午餐大規模中毒案、公費交換瓜田李下引特權爭議等。苗博雅直言，蔣萬安用傲慢的態度面對民怨，戰狼團隊持續自爆，反而打破了長年經營的人設，蔣萬安的不滿意度升高。    ,https://news.ltn.com.tw/news/politics/breakingnews/5586962
蔣萬安被抓包偷改立院「博士」學歷 台派網紅推測他下一步會這樣做,政治,2026/09/26 17:09,台派網紅徐閉表示「大家跟蔣萬安吵JD或SJD正中他的下懷。你們要懂中華兒女最喜歡玩誤譯的資訊落差，中華媒體至今都還在利用誤譯外電來幫中國黨做資訊戰啊」。（記者叢昌瑾攝）日前台北市有兒虐、砍樹、國高中營養午餐食物中毒、捷運扶桿、內湖交通、社會局社工污錢等問題，此時又爆出台北市長蔣萬安利用中英文翻譯資訊差，把學歷從SJD變JD。對此，台派網紅徐閉表示「大家跟蔣萬安吵JD或SJD正中他的下懷。你們要懂中華兒女最喜歡玩誤譯的資訊落差，中華媒體至今都還在利用誤譯外電來幫中國黨做資訊戰啊」。徐閉在臉書發文說明，JD其實只是學士後的專業法律學位，蔣萬安只是在玩Doctor 這個字該怎麼翻譯成華語的資訊落差。他把LL.M.寫成「法學碩士」、把J.D.寫成「法律博士」，兩個中文名稱並列，以華語使用者的思維就會主觀認為他是修完碩士修博士，他就是在玩美國與台灣法律教育體系不同的資訊落差。請繼續往下閱讀...徐閉推測，接下來蔣萬安一定會說是教育部向來把Juris Doctor翻譯成法律博士，他只是沿用台灣慣用的翻譯而已。如果他人品端正一點，媒體稱他為法律博士，他一定會主動澄清自己的JD學位不是一般人認知上的研究型博士學位，問題就是他人品？徐閉批，就跟柯文哲明明不會開刀，還整天把自己是外科醫生掛在嘴上類似；但柯文哲好歹真的是外科醫生，蔣萬安根本不是外界認為的那種研究型博士，他從政這麼久，有誰聽過他跑出來澄清這件事？沒有。徐閉稱蔣萬安就是黨證正確、有好好整理頭髮的柯文哲，也是低配版的馬英九，他就專走依法行政加上政治受虐兒路線。跟他吵翻譯和學歷幹嘛？直接翻他底牌啦。    ,https://news.ltn.com.tw/news/politics/breakingnews/5586938
戴立安民調讓台北變成「綠大於藍」樣態 楊植斗：蔣萬安沒有穩贏,政治,2026/09/26 17:07,國民黨台北市議員楊植斗（見圖）認為，蔣萬安沒有穩贏。（資料照）信民協會、民調專家戴立安發布的台北市長選舉民調，民進黨參選人沈伯洋只落後現任台北市長蔣萬安1.2個百分點。沈伯洋今天說，蔣萬安選情「非常穩」，他是挑戰者，就是要多說服市民。蔣萬安受訪則說，選舉確實非常競爭，他戰戰兢兢、如履薄冰。對此，國民黨籍議員楊植斗分析，蔣萬安沒有穩贏，但戴立安的民調讓台北變成「綠大於藍」的樣態，確實有點問題，但依然有參考價值。楊植斗認為，這份民調對於藍營參考價值比較低，因為細究後發現很多問題存在，像是台北怎麼會變成綠大於藍的樣態，不過依然數據出來，依然有參考空間。請繼續往下閱讀...楊植斗說，蔣萬安沒有穩贏，除了信民協會的民調贏1.2個百分點之外，其他民調蔣萬安也有贏10個個百分點以上，呼籲支持藍營的人，都要記得出來投票。    ,https://news.ltn.com.tw/news/politics/breakingnews/5586949
評北市長選情民調！許淑華：沈伯洋可接收「由白轉中間」選票,政治,2026/09/26 17:05,民進黨籍北市議員許淑華認為，黃珊珊在2022年台北市長選舉曾拿下25.14%的選票，約有15%到18％為中間選民，該族群剛好喜歡聽取論述，這是民進黨市長參選人沈伯洋的強項，有機會轉化為支持沈的選票。（記者塗建榮攝）台北市信民兩岸研究協會與民調專家戴立安於22日公布台北市長選情民調，民進黨台北市長參選人沈伯洋，僅輸台北市長蔣萬安1.2％，引發討論。今（26）日北市選情再掀起關注，沈伯洋稱蔣萬安選情很穩，蔣萬安則表示自己如履薄冰應戰。面對選情，民進黨籍議員許淑華認為，黃珊珊於2022年市長選戰曾拿下25.14%的選票，約有15%到18％為中間選民，該族群剛好喜歡聽取論述，這是沈伯洋的強項，有機會轉化為支持沈的選票。許淑華指出，2022年台北市長參選人黃珊珊曾拿下25.14%的選票，扣除掉鐵桿的小草，依然有15%到18％中間選民，中間選民喜好聽取論述，剛好是沈伯洋的強項，他可以獲得由白轉為中間選民的支持度。請繼續往下閱讀...許淑華也認為，即使蔣萬安身為現任有優勢，卻講不出明確的市政藍圖與治理態度，民眾看在眼裡，進而對其執政能力產生不信任感。    ,https://news.ltn.com.tw/news/politics/breakingnews/5586956
黃偉哲今天獅城過生日 行銷台南文旦巧合「慶生」、網友發現刷祝福,政治,2026/09/26 17:02,台南文旦進軍新加坡，台南市長黃偉哲（左4）、駐新加坡代表童振源（左5）一起站台推廣。（台南市府提供）台南市長黃偉哲今天人在新加坡，巧的是，9月26日正是他的生日！他沒有在台南過生日，反而飛到獅城幫台南文旦「跑市場」，今天與駐新加坡代表童振源一起推廣「台南好柚 獅城相見」，現場介紹台南文旦，邀新加坡民眾品嘗來自台南的中秋滋味。而黃偉哲今天人在新加坡過生日，也意外成為網路話題。近期他從行銷台南農特產、校園營養午餐到流利英文等形象受到關注，有網友今天發文發現「原來今天是黃偉哲生日」，留言區也湧入生日祝福；黃偉哲胞妹黃智賢更留言「祝福台南這個偉大的城市！」請繼續往下閱讀...台南文旦近期已在新加坡FairPrice多家門市上架，並獲消費者好評。黃偉哲表示，台南是全台知名文旦產區，果肉飽滿多汁、風味佳，也富含膳食纖維及維生素，除了中秋送禮，自用也很適合。黃偉哲指出，台灣民眾採買文旦多集中在中秋節前後，但海外市場較不受節慶習慣影響，拓展海外市場可以延續文旦銷售熱度，讓台南好水果不只「中秋紅」，也有機會全年持續銷售，進一步穩定農民收益。他也表示，台南近年持續拓展新加坡市場，除了文旦，台南各類優質水果也陸續進軍獅城，希望透過產地直送，讓新加坡消費者一年四季都能品嘗台南水果。童振源表示，近年在台南市府積極推廣下，新加坡消費者對台南文旦的需求持續增加，尤其適逢中秋節，一家人團圓吃柚子更有吉祥寓意，也希望大家在品嘗文旦之餘，進一步認識台灣及台南的農特產品與文化。南市府在新加坡舉行「台南好柚 獅城相見」行銷活動，台南市長黃偉哲請當地消費者品嚐文旦。（台南市府提供）網友貼文今天是黃偉哲生日。（圖擷自Threads）    ,https://news.ltn.com.tw/news/politics/breakingnews/5586939
「戰貓」蕭美琴比愛心手勢催票   留言8字看好陳素月選情,政治,2026/09/26 17:02,副總統蕭美琴手比「愛心」手勢，與婦女和新住民朋友互動熱絡。（記者張聰秋攝）今天（26日）中秋連假第2天，民進黨彰化縣長參選人陳素月在彰化市競總成立「姊妹暨新住民挺素月後援會」，被冠上「戰貓」封號的副總統蕭美琴站台輔選，她誇讚，從基層做起的陳素月是其眼中最強的「地方媽媽」，值此總統賴清德力拚「均衡台灣」的經濟發展，彰化更需要一位熟悉且了解地方的這樣一位父母官。她說，看到今天場面，對陳素月的選情「我們非常有信心」！蕭美琴先到鹿港參香、參訪，隨後趕往彰化市參加陳素月後援會活動，她在競總留言版寫上「彰化加速月來月好」8個字，預祝陳素月旗開得勝，也比出「可愛」、「愛心」的手勢與民眾互動熱絡，稱讚新住民和其第二代子女成長與表現。請繼續往下閱讀...她致詞時表示，她爸爸在彰化基督教醫院出生後由傳教士照顧，再交給和美蕭家認養長大，所以她自己就是彰化的女兒，再加上媽媽緣故也算是半個新住民，她對彰化特別有感情。蕭美琴說，陳素月是她眼中最強的地方媽媽，從基層做起，歷經2屆議員與4屆立法委員歷練，已為擔任縣長做好準備，所提出的婦女、育兒及長照政策都是眾中之重，陳素月勾勒政見能夠貫徹賴總統推出的「0到18歲國家養」政策。她強調，選出對的人、提出對的政策，政府完善照顧大家，人民生活會更好。陳素月同時提出若當選縣長，縣府民政處成立新住民服務單一窗口，協助解決戶政等相關事務，讓新住民安居樂業在彰化。蕭美琴今到彰化市參加陳素月後援會，受到熱烈歡迎。（記者張聰秋攝）蕭美琴在陳素月競總留言版留言簽名。（記者張聰秋攝）副總統蕭美琴在陳素月競總寫下「彰化加速月來月好」8字，文字間流露對彰化選情充滿信心。（記者張聰秋攝）陳素月（中）表明若當選縣長，縣府民政處將開設單一窗口服務新住民朋友。（記者張聰秋攝）    ,https://news.ltn.com.tw/news/politics/breakingnews/5586951
蔣萬安面對沈伯洋如履薄冰 李明賢：信民協會民調讓「台北變得像台南」,政治,2026/09/26 16:58,台北市議員李明賢。（資料照）九合一選戰倒數，台北市信民兩岸研究協會與民調專家戴立安於22日公布台北市長選情民調，引發討論。民進黨台北市長參選人沈伯洋昨上午受訪表示，蔣萬安選情真的非常穩。對此，蔣萬安下午出席活動前受訪回應，現在選舉確實非常競爭、也非常激烈，對他而言，「我就是戒慎恐懼、戰戰兢兢、毫不大意、如履薄冰」。對此，國民黨籍議員李明賢分析，信民協會的民調樣本數抽出綠大於藍，讓「台北變得好像台南」，他也認為該民調可信的話，「那國民黨的立委席次，恐怕只剩下松山、信義」。國民黨籍議員李明賢指出，信民的民調抽樣存有奇怪之處，樣本數抽出綠大於藍，讓「台北變得好像台南」，他認為數據出來僅供參考，與國民黨內部民調偏差很大。請繼續往下閱讀...李明賢分析，以基本盤而言，蔣萬安在第四選區（中山、大同）怎麼可能中山輸、大同贏；在第二選區（內湖、南港）中內湖藍綠五五波，南港偏藍，蔣萬安也不應該輸；在第六選區（大安、文山）中，蔣萬安在大安區也小幅度輸給沈伯洋，這跟以往民調大家的認知有很大差異。李明賢更直言，假設該民調可信的話，「那國民黨的立委席次，恐怕只剩下松山、信義」，他認為僅供參考，分析起來偏差值太大。    ,https://news.ltn.com.tw/news/politics/breakingnews/5586942
短袖帽T、棒球帽曝光！蘇巧慧第2波競選商品  開放小額捐款,政治,2026/09/26 16:54,民進黨新北市長參選人蘇巧慧競辦推出最新一波競選募款小物。（蘇巧慧競辦提供）民進黨新北市長參選人蘇巧慧競選辦公室今（26日）推出最新一波競選募款小物，包括「與Chiao同行／台灣狼聯名款短袖帽T」、「新世代扛起新時代／新北亮晶巾」及「新北新風帽／棒球帽」等，並開放民眾線上小額捐款獲得。蘇巧慧說，希望大家拿到的不只是選舉場合使用的應援小物，更是平常真的會想穿、想戴出門的生活單品，競選小物也可以很時尚。蘇巧慧競辦指出，此次形象照延續蘇巧慧競選團隊「創新、活力和日常感」的視覺概念，全新募款小物穿搭形象照由發言人群穿戴，並以戶外草地為場景，搭配清新自然的雜誌風格展示；第二波全系列募款小物與台灣運動服飾品牌聯名推出，從服飾版型、材質到整體設計，兼顧舒適、實穿與造型感，希望讓應援小物也能成為日常穿搭的一部分。請繼續往下閱讀...蘇巧慧表示，從一開始規劃競選小物時，競選團隊就希望突破傳統競選應援物品的印象，從名稱、版型、配色到宣傳都希望更貼近大家的生活；其中，「新北新風帽」代表期待為城市帶來新的風貌，「新北亮晶巾」則呼應她期望新北各區「衛星變繁星、新北亮晶晶」的城市願景；「與Chiao同行」更希望邀請每一位關心新北的市民一起參與城市的未來。蘇巧慧競辦補充，目前全新系列募款小物已於蘇巧慧官方競選網站上架，歡迎有興趣的民眾透過小額捐款為蘇巧慧加油。民進黨新北市長參選人蘇巧慧競辦推出最新一波競選募款小物。（蘇巧慧競辦提供）民進黨新北市長參選人蘇巧慧競辦推出最新一波競選募款小物。（蘇巧慧競辦提供）民進黨新北市長參選人蘇巧慧競辦推出最新一波競選募款小物。（蘇巧慧競辦提供）    ,https://news.ltn.com.tw/news/politics/breakingnews/5586948
競選辦公室何時成立？蔣萬安：連假過後有確定消息再對外說明,政治,2026/09/26 16:42,台北市長蔣萬安今（26）日出席商圈嘉年華～台北生活祭開幕記者會，並於會前接受媒體訪問。（記者叢昌瑾攝）昨（25）日是中秋連假首日，蔣萬安全日無公開行程，今（26）日下午則出席北市商圈嘉年華活動。民進黨台北市長參選人沈伯洋認為，蔣萬安市政問題不少，非常忙碌，可能想休息一下。蔣萬安稍早受訪並無正面回應，只祝福沈委員中秋快樂。針對競辦何時成立？蔣萬安則表示，連假過後有確定消息，就會跟大家說明。面對昨天整天沒有行程，蔣萬安遭外界解讀是避免「硬碰硬」，面對沈伯洋稱市政問題不少，因此蔣想休息，蔣萬安則表示祝沈委員中秋快樂，他也看到報導說他的團隊很關心他身體的狀況，也希望他保重身體。請繼續往下閱讀...另外，媒體也追問蔣萬安其他選情動態，包含競辦和媒體人王偉忠的專訪，蔣萬安表示，競辦部分，他想關於選舉，他們都有既定的節奏，「那我想連假過後有確定消息就會跟大家說明。」台北市長蔣萬安今（26）日出席商圈嘉年華～台北生活祭開幕記者會，開幕式後參觀了多個攤位並試吃了小吃點心。（記者叢昌瑾攝）台北市長蔣萬安今（26）日出席商圈嘉年華～台北生活祭開幕記者會，並主持開幕儀式。（記者叢昌瑾攝）    ,https://news.ltn.com.tw/news/politics/breakingnews/5586919
沈伯洋難得有空和家人吃飯！女兒一句「都在想你」爆擊網友心臟,政治,2026/09/26 16:23,台北市長沈伯洋掀起「洋流」，近日行程滿檔。（資料照）民進黨台北市長參選人沈伯洋掀起「洋流」，近日行程滿檔。他日前透露，女兒最近向自己深情告白「我收過最好的禮物就是你」，感動不少網友。沈伯洋今天又表示，中午難得有機會和女兒吃飯，問她「早上都在幹嘛」，結果女兒回「都在想你呀！」他也忍不住喊：「我女兒太厲害了吧！」今日有網友在Threads上發文，分享沈伯洋近日專訪時再次分享和女兒互動的小故事。沈伯洋表示，女兒想念自己的時候，都會準備小卡片、手做紙藝品給自己，要他帶在身上，而他出門在外常常買禮物帶回家給女兒「小麻糬」。不久前，女兒問他知不知道她最喜歡的禮物是什麼？沈伯洋回答一堆都答錯，她突然說：「我最喜歡的禮物是你。」讓沈伯洋相當感動。請繼續往下閱讀...貼文PO出後引發網友熱議，沈伯洋也現身回應，還加碼分享今天發生的小故事。他表示，今天中午終於有機會跟女兒吃飯，他就問女兒「早上都在幹嘛？」沒想到女兒回：「都在想你呀。」讓他直呼：「我女兒太厲害了吧！」留言下方網友紛紛表示：「把拔戰鬥力瞬間+10000」、「撲馬應該滿血復活吧！」、「又在騙人生女兒」、「要在多有愛的環境長大才能自然說出這種話」、「撩爸高手」、「女兒果然是爸爸上輩子的情人」。     在 Threads 查看    ,https://news.ltn.com.tw/news/politics/breakingnews/5586820
被沈伯洋喊「選情非常穩」 蔣萬安：戒慎恐懼、如履薄冰,政治,2026/09/26 16:20,台北市長蔣萬安說，他戒慎恐懼、戰戰兢兢、如履薄冰。（記者叢昌瑾攝）民進黨台北市長參選人沈伯洋激起「洋流」，國民黨輔選人士說，民進黨操作洋流是好事，台北市長蔣萬安最大的危險，是選情太穩定，激不起危機感。沈伯洋今（26）日上午受訪也說，蔣萬安選情真的非常穩。蔣萬安下午出席活動前受訪時回應，現在選舉確實非常競爭，也非常地激烈，對他而言，「我就是戒慎恐懼、戰戰兢兢、毫不大意、如履薄冰」。蔣萬安下午出席台北市商圈嘉年華被問到洋流效應，他說，現在選舉確實非常競爭，同時也非常地激烈，對他來講，就是戒慎恐懼、戰戰兢兢、毫不大意、如履薄冰。請繼續往下閱讀...蔣萬安呼籲，也希望所有支持台北市政府，以及對「台北隊」過去這4年推動各項的市政建設，能夠讓台北市持續進步的朋友，給予支持。媒體也問到，國民黨台北市議員秦慧珠分析，蔣萬安的得票率可以拿到55％，但並不會超過當年馬英九的北市「天花板」。蔣萬安說，他與秦姐其實在很多活動都有碰到，而且都會交換意見、保持溝通。分析、數據，都會參考，確實非常的激烈，他戒慎恐懼、戰戰兢兢、如履薄冰。    ,https://news.ltn.com.tw/news/politics/breakingnews/5586882
金華國中「小卷」爭議砲轟沈伯洋、簡舒培   蔣萬安：這是認知作戰,政治,2026/09/26 16:20,台北市長蔣萬安今（26日）出席商圈嘉年華～台北生活祭開幕記者會，開幕式後參觀多個攤位並試吃小吃點心。（記者叢昌瑾攝台北市議員簡舒培接獲金華國中家長陳情，近日營養午餐的「小卷」疑有問題，遭到教育局連發新聞澄清，綠營反擊北市府的新聞稿疑變成「競辦新聞稿」。對此，台北市長蔣萬安今（26日）受訪時重砲反擊，沈伯洋、簡舒培身為立委、議員沒有做到查證的動作，就擴散言論，「這是在製造恐慌、在販賣恐懼，這是認知作戰。」蔣萬安下午出席北市商圈嘉年華，針對北市府的新聞稿疑成為「競辦新聞稿」的言論，蔣萬安指出，台北市政府面對各項不實的言論，本來就是必須要即刻地做澄清跟說明，呈現真實狀況，造謠的人反而批評澄清跟闢謠太用力，他認為這樣荒謬的言論，大家就一笑置之。請繼續往下閱讀...蔣萬安說，身為議員，對於金華國中不實的指控，其實已經造成校方、家長、孩子們名譽上非常嚴重的傷害。他看到沈伯洋委員竟然說這不是造謠，這只是把事實攤開來討論。蔣萬安指出，問題的本質，只需要很簡單地去跟校方，還有跟教育局做查證釐清的事情，但是身為民意代表、民進黨議員，連帶沈委員都沒有做查證的動作，而是持續地去把這件事情去擴散，說金華國中發生了集體食物中毒這件事情，這不是在解決問題，這是在製造恐慌、在販賣恐懼，這是認知作戰。蔣萬安直言，他看到沈委員過去在立法院也主張說所謂的第五縱隊論，說要對基層的里長、民代、甚至陸配列為高風險族群，進行監管。他想這些言論都是在透過製造民眾的恐慌，來獲取個人的政治利益。蔣萬安表示，如果說為了個人的利益要認知作戰，用在選舉或政治上面，這次引起的恐慌，傷害到了包括金華國中的家長、學生甚至校譽，他覺得非常不妥當。他認為持續地用認知作戰在台北市找假想敵，絕大部分的台北市市民是不會接受的。蔣萬安受訪時重炮反擊，沈伯洋、簡舒培身為立委、議員沒有做到查證的動作，就擴散言論，「這是在製造恐慌、在販賣恐懼，這是認知作戰。」（記者孫唯容攝）    ,https://news.ltn.com.tw/news/politics/breakingnews/5586900
中美經貿關稅談判細節9/28公布 王定宇：對台灣衝擊應該有限,政治,2026/09/26 16:13,民進黨立委王定宇。（資料照）川習二會正式落幕，外界關注雙方會談是否提及台灣問題，不過白宮事後發布的事實清單，內容卻未提及台灣。對此，民進黨立委王定宇今（26）日表示，川習二會如同外媒評論「雷聲大雨點小」，美國9月28日公布中美經貿關稅談判細節才是焦點，但對台灣的衝擊應該不大。王定宇指出，中國在川習二會的過程中，單方面釋出多個訊息，包括試圖把台灣問題變中國內政、勸阻美國對台軍售，以及要求川普說出反台獨等，但白宮至今未做任何回應，甚至有消息透露，川普並非與習近平談台灣議題，可以說是雷聲大雨點小。請繼續往下閱讀...王定宇認為，焦點還是會回到9月28日，美國貿易代表署（USTR）公布中美經貿關稅談判細節。由於美國堅持高階晶片必須採用「非紅供應鏈」，台灣角色將無可取代，所以美國如何透過關稅換取中國採購項目，對台灣的衝擊其實並不大。至於傳出習近平施壓美方停止對台軍售案，王定宇說，目前美國不分黨派的國會議員都敦促川普，儘速通過140億美元的對台軍售案，後續就看華府如何處理。川習會就如同歐洲、美國主流媒體的評論「排場很大，但毫無成果」。    ,https://news.ltn.com.tw/news/politics/breakingnews/5586903
陸委會駁習近平稱「中華民國才是二戰盟友」 王興煥：落入中國統一框架,政治,2026/09/26 16:08,台灣基進黨主席王興煥。（資料照）中國國家主席習近平近日訪美期間多次強調「中美二戰並肩作戰」，陸委會今（26）日反駁中共扭曲歷史，強調1949年成立的中華人民共和國二戰時期並不存在，真正與美國並肩作戰的是中華民國。對此，台灣基進黨主席王興煥表示，陸委會的反駁固然是歷史事實，但真正的關鍵並不是「哪個中國是美國的二戰盟友」，陸委會的「中華民國盟友論」反落入中國藉歷史敘事主張台灣主權的統一框架。陸委會今日表示，中華民國是主權國家，與中華人民共和國互不隸屬是客觀事實與台海現狀，不會因北京當局自欺欺人的謬論而有所改變。中共傳播錯誤史觀，無法抹滅中華民國才是美國二戰期間堅實盟友的歷史事實。請繼續往下閱讀...王興煥指出，白宮提及「二戰中美並肩作戰」，用意是提醒中國作為當今國際體系的大國，應承擔相應的國際責任，不要以片面行動破壞印太區域既有的和平秩序，這是對中國當下擴張行為的警示，並非替中國的歷史敘事背書；中國卻反過來將這句外交場合的客套，扭曲援引為對其歷史地位、乃至對台灣主權主張的背書，這正是中國一貫的操作手法，藉由重新詮釋「開羅宣言」、「波茨坦宣言」等戰時政治文件，主張台灣自始即屬於中國。王興煥強調，這些戰時文件是同盟國之間的政治宣示，性質上是和平條約之前的前協議，其效力早已被戰後正式簽署的「舊金山和約」所取代、修正；依國際法慣例，戰爭之後領土的得喪變更、處置與歸屬，應以結束戰爭的和平條約為準，而非以戰時任何一方單方發布的政治宣言為準。中國以「開羅宣言」、「波茨坦宣言」主張台灣主權，在法律上完全站不住腳。王興煥進一步指出，陸委會強調「真正與美國並肩作戰的是中華民國」，用意雖是要反駁中共不存在的歷史，但這個論述框架本身，卻恰好正中中國的下懷。他解釋，二次大戰同盟國陣營裡，凡是反抗法西斯、共同對抗軸心國霸權擴張的國家，都是美國當時的盟友，中華民國僅是其中之一。王興煥強調，真正的關鍵在於，無論是中華民國還是中華人民共和國，都不曾因為參與二戰，而在戰後和平條約中取得對台灣的主權。「舊金山和約」明確記載日本放棄對台灣、澎湖的一切權利，卻沒有指定台灣主權移轉給哪一個國家，中華民國與中華人民共和國均非該和約的締約方，兩者都無從單方面主張台灣主權因二戰而歸屬於己。台灣基進主張，唯有正視這一點，才能真正戳破中國藉歷史詮釋進行的法律戰操作，而不是陷入另一套同樣以「中國」為主體的歷史敘事之爭。王興煥認為，反駁中共扭曲歷史，不能只停留在「誰才是真正的中國」這個層次的爭辯，而應該回到台灣主權由台灣人民自決的根本立場，這才是對抗中國法律戰最堅實的基礎。    ,https://news.ltn.com.tw/news/politics/breakingnews/5586895
安鼠之亂未歇！大安區國宅陽台驚見「章萬安下台」標語,政治,2026/09/26 16:06,大安區有市民不滿鼠患，在成功國宅2樓貼出標語「老鼠滅不完，章萬安下台」。（擷取自Threads，@atty.horace_pt授權提供）台北市鼠患問題遲遲未改善，引起市民不快。有網友在社群平台PO出影片，在政治傾向偏藍的大安區，有1棟國宅外頭竟出現「老鼠滅不完，章萬安下台」的標語，凸顯蔣市府在鼠患問題上並未有效施政，無法讓市民安心。律師「Horace」在社群平台Threads貼出影片，畫面中可以看到，有市民在住宅2樓貼出藍底白字標語「老鼠滅不完，章萬安下台」，藉此表達對市長蔣萬安的不滿。Horace在文中指出，拍攝地點位於大安區，「事務所周圍路過，看來大安區有人很不爽。」請繼續往下閱讀...網友留言補充說，影片中地點位於大安區成功國宅，「歡迎來到我們成功國宅。那個是我客人，因為一直有老鼠入侵家中不堪其擾，非常火大就掛了那個（從5月初掛到現在），剛掛上去時還被我們石里長找管委會主委抗議。」另一名網友則點出當地政黨傾向，「第一個是成功國宅吧！？以前住那，那邊真的很藍。天龍國人是不能忍受做事不認真又沒半撇的那種。有米奇真的會抓狂。」更有網友貼出被捕獲的老鼠照片，證明成功國宅附近確實受到鼠患影響，「我家成功國宅附近，今年5-9月總共抓了13隻老鼠，生活大受影響，真的快瘋了！請大家一定要選出會做事的市長！」     在 Threads 查看    ,https://news.ltn.com.tw/news/politics/breakingnews/5586894
立委簡歷被爆偷修改？蔣萬安：提供的資料始終正確,政治,2026/09/26 16:04,"台北市長蔣萬安今（26）日出席商圈嘉年華～台北生活祭開幕記者會，並於會前接受媒體訪問。（記者叢昌瑾攝）台北市長蔣萬安今（26）日被爆在立院網站上的簡歷突然修改，學歷從SJD變JD，引起各界質疑。對此，北市府先澄清，蔣萬安擔任立委期間，提供中文學歷資料始終都是正確的「賓夕法尼亞大學法學院法律博士」，是立法院委託廠商英文翻譯有誤。蔣萬安下午出席活動前受訪強調，他第9屆、10屆提供的資料都是正確的。蔣萬安過去以「矽谷律師」當招牌，有網友發現，先前立法院第十屆蔣萬安英文簡歷，學歷部分原本清楚寫著「Doctor of the Science of Law（SJD）, Carey Law School, University of Pennsylvania（賓州大學法學博士）」，不過後續再看，原本的SJD已經不見，變成了「Juris Doctor」（J.D.，法律博士）。請繼續往下閱讀...蔣萬安今天下午出席北市商圈嘉年華活動，會前受訪面對媒體詢問立院更改學歷一事？蔣萬安表示，因為立法對於簡歷是使用委外的廠商進行翻譯，他在第九屆、第十屆提供的資料都是正確的，這些都非常清楚。蔣萬安下午出席活動前受訪強調，他第9屆、10屆提供的資料都是正確的。（記者孫唯容攝）    ",https://news.ltn.com.tw/news/politics/breakingnews/5586890
川習會落幕 學者：台灣議題不會成為美中交易籌碼,政治,2026/09/26 15:58,國策研究院文教基金會今（26）日舉辦「二次川習會與美中博弈」座談會。（記者叢昌瑾攝）川習會落幕，美中兩國對台灣議題的態度受到各界關注。淡江大學兩岸關係研究中心主任張五岳今（26）日指出，北京與華府兩場川習會之間，美中關係、台美關係都未有劇烈改變，代表美中希望避免衝突升高；台灣議題絕對不存在成為美中大談判、大交易的籌碼，這是完全的誤判解讀。國策研究院今日舉辦「二次川習會與美中博弈」座談會，邀請多名學者專家與談。請繼續往下閱讀...淡江大學兩岸關係研究中心主任張五岳指出，台灣議題被中方視為最關鍵、最敏感、最核心的議題，也是不可逾越的紅線。習近平在5月於北京舉行的川習會中，講出「台獨與和平水火不容」，但直至此次華府川習會，這段時間以來美中關係並未急速惡化，台美關係在軍售議題、官員互訪等方面也沒有劇烈改變。從此角度可知，美中之間是要管控分歧、避免衝突升高，絕對不存在讓台灣議題成為美中之間大談判、大交易的籌碼。過去不會，未來也不容易發生。張五岳分析，對北京當局而言，台灣議題有其敏感性與重要性，不存在迫切性。中方在川習會中仍在重申北京對台灣議題的基本立場原則，強調兩岸統一與國家主權、領土完整，並要求美方「不支持台獨」，及要求審慎處理台灣議題。針對川習二會對台灣的影響，張五岳建議，不該過多焦點於會談內容，後續必須關注川普對於這場會晤是否滿意。若滿意，川普會不會對於台灣議題拋出符合北京期待的表態；若不滿意，川普會不會在美中關係中打「台灣牌」。中方盼美審視處理台灣議題 學者：未來對台軍售可能轉為「個案處理」張五岳進一步指出，中方要求美國審慎處理台灣議題的範疇，涵蓋美國對台軍售及總統過境等議題。他認為，未來美國對台軍售不會停止，但可能不會再有大規模軍售案，將轉為個案處理。總統過境亦同，北京必然會抗議，但關鍵在於過境地點、時間長短，以及是否在美會見重要政要。台灣大學政治學系名譽教授明居正表示，中共多年來將「反台獨」當作國家大戰略，以進行內部動員，習近平想拿台灣議題與川普進行大交易，雖然不一定能成功。但他認為，對習而言，「現階段只要能把台灣拉近一點點，就贏了」，只要台灣政府受川普施壓，出面與北京政府談，便能創下前任中國國家主席皆未達成的成就，以此合理化連任第四任。明居正認為，川普在被奉承為「偉大和平製造者」、被讚許應為諾貝爾和平獎得主時，確實可能心動，可能會上當。因此，他強調台灣對美外交工作的重要性，必須強化對美遊說工作，提醒美方絕不能再打破對台的「六項保證」與美國前總統雷根劃設的原則，讓川普身邊的人能及時出手攔阻。國策研究院文教基金會今（26）日舉辦「二次川習會與美中博弈」座談會，圖為明居正。（記者叢昌瑾攝）    ,https://news.ltn.com.tw/news/politics/breakingnews/5586846
李四川造勢海報貼深坑活動中心外 陳乃瑜質疑違反行政中立,政治,2026/09/26 15:57,新北市議員陳乃瑜表示，國民黨新北市長參選人李四川的造勢活動宣傳海報竟貼在深坑市民活動中心外，恐怕違反行政中立。（陳乃瑜提供）雙北市長選戰持續攻防，一度傳出台北市府市場處疑似對夜市攤販張貼政治標語「查水表」，新北市議員陳乃瑜今（26）日則表示，國民黨新北市長參選人李四川的造勢活動宣傳海報竟貼在深坑市民活動中心外，恐怕違反行政中立，她已報警處理。國民黨深坑區黨部回應，海報已移除，在活動場地的佈置及宣傳上，會依規定辦理。陳乃瑜PO出相關照片並指出，深坑市民活動中心外，竟被貼上特定參選人的競選文宣，而活動中心旁邊就是深坑分駐所，恐有違反行政中立之嫌；有民眾願意出借自家門口、外牆借她貼海報，竟被關切、被移除，結果特定參選人的造勢活動宣傳海報卻直接貼在了公家機關、公共設施外，她已報警處理。請繼續往下閱讀...陳乃瑜補充，據「公職人員選舉罷免法」，不得在公共設施及其用地懸掛、豎立競選旗幟、布條、看板等廣告物，另外，根據「公務人員行政中立法」，​公務人員不得為特定政黨或公職候選人動用行政資源進行編印、散發、張貼文書、圖畫或其他宣傳品。 ​對此，國民黨深坑區黨部表示，海報已移除，在活動場地的佈置及宣傳上，會依規定辦理。深坑區公所回應，該建物為新店分局深坑分駐所、新店戶政事務所及公所第一市民活動中心共構大樓，該案活動場地申請單位均依市民活動中心場地借用相關規定，於活動前提出申請並完成繳費程序，場地借用程序均依規定辦理，關於海報部分，為借用單位為指引當日參與民眾前往活動場地所張貼的指引海報，因現非場地借用時段，該海報已予撤除。公所補充，已再次提醒借用單位，使用市民活動中心及相關場地時，應確實遵守場地借用相關規定，公所將持續秉持依法行政及行政中立原則辦理各項場地借用事宜。新北市議員陳乃瑜表示，國民黨新北市長參選人李四川的造勢活動宣傳海報竟貼在深坑市民活動中心外，恐怕違反行政中立。（陳乃瑜提供）國民黨深坑區黨部回應，海報已移除。（國民黨深坑區黨部提供）    ,https://news.ltn.com.tw/news/politics/breakingnews/5586876
幕僚太爛害慘蔣萬安？葉耀元：最大問題是他自己,政治,2026/09/26 15:50,台北市長蔣萬安。（記者叢昌瑾攝）台北市長蔣萬安面對質詢或媒體提問，被外界批評經常「問A答B」，甚至遭部分人士和網友嘲諷為「『獎』稿機」、「寶立答B」。總統府前發言人丁允恭指出，有很多人問題是完全不聽幕僚的，但蔣萬安問題卻是太聽幕僚的，然後他的幕僚又太爛，如今才會發生這種慘劇。對此，美國聖湯瑪斯大學國際研究講座教授葉耀元表示，若一個政治人物沒有臨機應變的能力，也無法在面對群眾面對媒體的時候組織自己的回答，「那不就是無能嗎？」葉耀元今日於臉書粉專「葉教授的國際事務學院」今日於臉書發文指出，「他聽不聽幕僚不關我的事」，不過一名政治人物若沒有臨機應變能力，也無法靠自己在面對群眾媒體時回答，那不就是無能嗎？「我是覺得不用找其他人來背鍋啦，因為蔣萬安最大的問題就是他自己本人」。請繼續往下閱讀...葉耀元無奈地說，「如果能力差成這樣都可以選上台北市長，那我真的不知道是蔣萬安的問題還是台北市選民的問題」。網友看到貼文後相繼留言，有人說「就連我們一般小市民都可以依照題目對答了……真搞不懂一個建中又在國外遊歷過律師的。怎麼會連這種問a答a的能力都沒有」、「如果真的因為「太聽幕僚」，代表蔣本人沒有主見也沒有思考能力，不適合當leader」、「精確地說，是台北市藍白選民的問題」、「無法判斷幕僚爛不爛，如何領導團隊，還想連任，應該自己下台」。蔣萬安回網路提問變慘劇！丁允恭曝他與一般人相反「最大問題」苗博雅政論節目神模仿蔣萬安「問A答B」 眾人憋笑掀討論兒赴美到亂砍樹惹議 趙曉慧痛斥蔣萬安只顧民調    ,https://news.ltn.com.tw/news/politics/breakingnews/5586813
仁愛圓環6年對比「綠樹幾乎消失」！杜奕瑾質疑：這麼多棵同時得絕症？,政治,2026/09/26 15:40,杜奕瑾在臉書PO出台北市仁愛圓環2019、2025年的對比圖（圖擷自臉書）台北市政府近幾年因頻繁修剪或移除行道樹及老樹，引發網路討論與爭議。對此，台灣人工智慧實驗室創辦人杜奕瑾表示，圓環的樹同時得到絕症可能性多高？1個老人突然存款變少，可能是特例，5個老人同時短少就該報警調查。杜奕瑾在臉書PO出台北市仁愛圓環2019、2025年的對比圖，可以看到2019年時仁愛圓環綠意盎然，結果2025年時行道樹都被砍光，杜奕瑾在貼文中表示，圓環的樹同時得到絕症可能性多高？如同老人照護可以被內神通外鬼濫用，1個老人突然存款變少可能是特例，5個老人同時短少就該報警調查。請繼續往下閱讀...網友們看到貼文後紛紛留言「懇請嚴查，還我綠化的台北」、「完全不顧民意拼命砍，是跟樹有仇嗎？」、「都市山老鼠」、「重點在於就算得到絕症的樹，有需要馬上砍嗎？」、「把這例子轉移到人身上來說，未來台北的某個官員若說某個人得了絕症也要抓去安樂死。這麼荒謬的事也不是不可能發生。」、「新北市的樹都健康，依台北市政府說法台北市生病的樹一大堆，可見蔣萬安做四年市長護樹不力」相關新聞：仁愛圓環6年對比「綠樹幾乎消失」？北市公園處回應了    仁愛圓環6年對比「綠樹幾乎消失」？北市公園處回應了    ,https://news.ltn.com.tw/news/politics/breakingnews/5586678
與林正峰成立聯合競總 李四川承諾拚九份觀光,政治,2026/09/26 15:28,國民黨新北市長參選人李四川授旗給瑞芳競選總部主委簡世南。（李四川競選辦公室提供）國民黨新北市長參選人李四川今（26日）前往瑞芳區，出席與市議員參選人林正峰聯合競選總部成立大會，現場鄉親熱情高喊「凍蒜」，氣氛熱絡。李四川重申瑞芳在地政見，提出興建九份觀光纜車、推動水金九舊坑道台車以升級觀光，並承諾改善停車與公廁問題、爭取法令鬆綁協助老屋修繕，同時宣布將敬老卡300點「悠遊卡化」。李四川今天與林正峰在瑞芳共同成立聯合競選總部，現場鄉親熱情歡呼、齊聲加油，現場並由舞獅將菜頭致贈李四川，祝福好彩頭。李四川並授旗給瑞芳競選總部主委簡世南，現場鄉親並致贈包子、粽子、果凍、鳳梨、蒜頭等吉祥物，象徵「包中」、「好彩頭」，氣氛沸騰。請繼續往下閱讀...李四川指出，未來將持續推動瑞芳水金九地區觀光發展，將興建九份觀光纜車，改善長年上山交通壅塞問題，讓遊客輕鬆飽覽山城美景，並會推動水金九舊坑道台車，不只是作為觀光設施，更發揚採礦的文化與歷史記憶。針對九份長年停車及公廁不足問題，他也承諾會積極改善及解決，並會爭取中央法令鬆綁，協助山區老屋修繕與改建，幫助在地居民改善居住環境。李四川也重申，新北市敬老卡點數已擴增至600點，未來擔任市長將進一步把其中300點「悠遊卡化」，讓長輩可直接於便利商店、超市、藥局消費，並能折抵醫療院所就診費用，讓福利照顧更彈性、更貼近銀髮族日常生活需求。國民黨新北市長參選人李四川一早前往瑞芳區，出席與市議員參選人林正峰（圖中右邊）的聯合競選總部成立大會。（李四川競選辦公室提供）國民黨新北市長參選人李四川一早前往瑞芳區出席聯合競總成立，現場民眾熱情高呼加油。（李四川競選辦公室提供）    ,https://news.ltn.com.tw/news/politics/breakingnews/5586839
藍營出征王偉忠？陳怡凱諷心虛：不願面對沈伯洋勝過蔣萬安,政治,2026/09/26 15:24,王偉忠日前訪問沈伯洋。（圖擷取自「中廣流行網 i like radio」YT頻道）民進黨台北市長參選人沈伯洋本月10日接受主持人王偉忠專訪，影片上線截至今日下午2時30分已突破324萬觀看次數，知名度大破圈，同時引起部分藍營支持者不滿，批評王是「綠偉忠」、「一世英名毀於一旦」。對此，律師陳怡凱無奈地說，「因為媒體人訪談候選人而予以批評，這實在是莫名其妙」。陳怡凱今日在粉專「一個律師的筆記本」發文表示，媒體人與其主要受眾當然可以擁有各自的立場，但既然是「媒體」，邀請不同立場的候選人上節目說明想法、表達意見，本來就是媒體理所當然的本質。「否則與單方的宣傳機器何異？至於說得好不好，就看候選人自己的本事」。請繼續往下閱讀...陳怡凱直言，若認為某一方陣營因為登上特定節目而獲得流量，那麼另一方陣營，同樣也可以積極爭取上節目展現自我實力不是嗎？他認為，如果節目是因為「拒邀候選人」而引發社會批評，那還罷了；但如今卻是因為邀訪不同立場的人選而遭受攻擊，會有這種批評，言下之意是：「期望媒體人不讓立場不同的候選人有說明的機會，徹底阻止對手曝光」。陳怡凱剖析，此類批評背後的言下之意，無非是期望媒體人不給競爭對手說明的機會，企圖徹底阻止對方曝光；但若順應這種期待製作節目，根本就失去媒體的資格。他更一針見血地指出，會有這種反應，實際上反映出這些批評者已意識到對手候選人遠比己方人選更為出色，只是不能直接承認而已，最終才讓倒楣的媒體人淪為情緒宣洩的出口。王偉忠被藍營攻擊「綠偉忠」！沈伯洋：不是很公平王偉忠專訪沈伯洋被罵「一世英名毀於一旦」 首度回應「我只是做了一場訪問」王偉忠回應洋流爆紅風波！周軒：其實機鋒處處    ,https://news.ltn.com.tw/news/politics/breakingnews/5586687
黃世杰提四大產業政見 力拚桃園成科技重鎮,政治,2026/09/26 15:13,民進黨桃園市長參選人黃世杰公布「產業好發展」四大政見。（記者周敏鴻攝）民進黨桃園市長參選人黃世杰公布「產業好發展」4大政見，包括「迎回台積電，桃竹苗大矽谷桃園領航」、「打造無人載具桃園隊，爭取國際驗證中心」、「推動航空城建設，引進高價值產業」、「產業園區環境改善，導入AI智慧製程」，希望帶領市民一起迎回台積電，並推動航空城建設、發展高科技產業、導入AI製程，共同為桃園打造更前瞻、穩健的未來。黃世杰說，「迎回台積電，桃竹苗大矽谷桃園領航」部分，須完善龍科三期周邊交通與生活機能，推動新梅龍、板龍快、五楊高架延伸頭份，並改善交通路網推動地方主要道路拓寬，持續規劃新設產業園區，吸引相關供應鏈投資進駐；「打造無人載具桃園隊，爭取國際驗證中心」部分，整合無人機、航太國防供應鏈，形成產業聚落外，還須串聯中科院與產學資源，以強化系統整合能力，並推動在地測試驗證中心設立，結合國門物流快速出口。請繼續往下閱讀...「推動航空城建設，引進高價值產業」部分，應落實先建後遷，中央地方攜手加速整體發展，黃世杰表示，「產業園區環境改善，導入AI智慧製程」部分，須改善產業園區道路、排水、水電、管線，並推動產官學研合作，協助中小企業導入AI智慧製造，輔助在地企業，爭取壯大中小微企業8年1000億方案。黃世杰強調，台灣有9成的航太零組件製造、無人機精密馬達、軍工級防彈鋼模、雷達通訊電路板等製造基地都在桃園，已創造驚人產值，他相信，只要有適當支持，就能把握地緣政治帶來的商機，脫胎換骨大變身。民進黨桃園市長參選人黃世杰公布「迎回台積電，桃竹苗大矽谷桃園領航」等「產業好發展」政見。（圖由黃世杰提供）    ,https://news.ltn.com.tw/news/politics/breakingnews/5586851
黃國昌花蓮市場輔選一度錯開藍營游淑貞 最後在入口「相遇」,政治,2026/09/26 15:09,黃國昌今天前往花蓮輔選時和國民黨花蓮縣長參選人游淑貞在市場門口相遇，並且大方握手，互祝當選。（游淑貞競選辦公室提供）首次上稿：12:37更新時間：15:09（更新內文2人有見面）年底選戰進入衝刺期，民眾黨主席黃國昌今天上午至花蓮吉安仁里市場輔選，也是他本週第二次跑花蓮，黃國昌3天前曾表示「花蓮藍白合基調沒變」，但未表態是否支持國民黨花蓮縣長參選人游淑貞，今天在市場黃國昌起初錯開游淑貞及多位議員、鄉長候選人的市場拜票路線，但最後黃國昌、游淑貞在市場門口相遇，並且大方握手，互祝當選，這也是游淑貞與黃國昌首次在公開場合同框。請繼續往下閱讀...黃國昌3天前才率中央委員到花蓮輔選市長參選人戴于文，黃國昌雖表示，在花蓮縣「藍白合」基調不會改變，但藍白怎麼合？民眾黨是否支持傅崐萁人馬游淑貞，都刻意閃過話題沒有明確表態。今天黃國昌又跑花蓮，上午陪同民眾黨籍爭取吉安鄉民代表連任的楊靖妍、市長參選人戴于文前往吉安鄉仁里市場拜票，下午預計到花蓮市民廣場陪同民眾黨花蓮市長參選人戴于文與民眾一起中秋同樂。然而，上午同一時間，國民黨也安排縣長參選人游淑貞、爭取連任的縣議員吳建志、縣議員參選人蔡文隆、鄉長參選人黃金發及參選吉安鄉第二選區鄉民代表參選人傅崐萁服務處主任邱惠敏，以及第三選區鄉民代表參選人蔡佳淳在仁里市場聯合拜票，黃國昌在市場內拜票走動時，游淑貞並未現身。等黃國昌一行人前腳離開市場，游淑貞及吉安鄉長參選人黃金發隨即進入在仁里市場的原住民野菜區與原住民選民唱「娜魯灣」、一起喊「凍蒜｣、「縣長選貞（真）的」，看到選民正在菜攤上喝「米酒加阿比」，游淑貞也馬上參戰，選民反應明顯比黃國昌團隊拜票時熱鬧、接地氣！最後黃國昌再度走回市場，在門口遇到游淑貞，兩人除了打招呼、握手也大方一起同框拍照，互相祝福對方當選。游淑貞說，感謝黃國昌主席為她 「加油」祝福，可以看見國民黨主席鄭麗文再到立院黨團總召傅崐萁，藍白在立法院共同為全國、台灣鄉親的福祉努力打拼。尤其《財劃法》改善地方財務，成就良好政黨合作的典範 。民眾黨2022年的九合一選舉，在花蓮當選議員傅國淵、吉安鄉代表楊靖妍2人，今年除了改提名市民代表蔡翼陽選議員、楊靖妍爭取連任，更由曾任柯文哲核心幕僚的戴于文參選花蓮市長，由於黃國昌在立院與傅崐萁互動密切，外界也傳聞，戴是傅崐萁找來跟魏嘉彥打對台，今天早上則是游淑貞與黃國昌首次在公開場合同框。☆飲酒過量  有害健康  禁止酒駕☆黃國昌今天前往花蓮輔選，和國民黨花蓮縣長參選人游淑貞在市場門口相遇，並且大方握手，互祝當選，這也是游淑貞與黃國昌首次在公開場合同框。（游淑貞競選辦公室提供）黃國昌今天到吉安鄉仁里市長幫民眾黨競選連任的吉安鄉代表楊靖妍拉票。（記者花孟璟攝）黃國昌（中）、楊靖妍（左）在仁里市場拉票，但路線刻意與國民黨錯開，黃國昌到這邊拉票時，桌上已經擺滿國民黨剛剛遞送的文宣。（記者花孟璟攝）傅崐萁接班人游淑貞上午也在仁里市場拜票，但雙方路線錯開，與原住民野菜區的民眾一起唱那魯灣、喊凍蒜。（記者花孟璟攝）游淑貞上午拜票打團體戰，包括國民黨的吉安鄉長參選人黃金發、鄉代表邱惠敏等一起入鏡。（記者花孟璟攝）    ,https://news.ltn.com.tw/news/politics/breakingnews/5586669
蕭美琴：愈來愈多國家反對武力或脅迫改變現狀,政治,2026/09/26 15:00,副總統蕭美琴今在彰化力挺彰化縣長參選人陳素月，也回應川習會後台灣局勢，她強調，包含美國、日本、南韓的外長，以及其他國家，發表聯合聲明，重視台灣海峽的和平穩定，支持維護現狀。（記者張聰秋攝）川習會結束後，很多人關心對台灣未來的影響；曾擔任駐美代表的副總統蕭美琴今天（26日）參加民進黨彰化縣長參選人陳素月姊妹暨新住民後援會成立大會，會中致詞時特別回答媒體在她進場時問及的國際問題，蕭美琴以各國聯合聲明為由指出，最近包含美國、日本、南韓的外長及其他國家，都發表了一些聯合聲明，就是重視台灣海峽的和平穩定，同時支持維護現狀，反對用武力或是脅迫改變現狀的行為。蕭美琴指出，川習會看出美中之間包含外交、軍事、科技、AI等供應鏈領域，都有非常激烈的競爭。中美兩大國特別提到戰略穩定的關係，台灣長期與美國之間，也有非常長期共同而且重大的利益，包含台海地區的和平穩定、對現狀保護、經濟的繁榮，所以，近年來，台灣跟世界各國包括美國都越來越關心台灣，大家都在看台灣，在看台灣非常珍惜的民主和自由是否能夠守護，在看台灣很了不起所有台灣人共同努力出來的經濟成果，在全球扮演關鍵的供應鏈的角色，同時也是全球科技發展不可或缺的一部分。請繼續往下閱讀...蕭美琴指出，越來越多國家，包含美國、日本、南韓的外長，以及其他國家，最近都發表了一些聯合的聲明，就是重視台灣海峽的和平穩定，同時支持維護現狀，反對用武力或是脅迫改變現狀。不過，蕭美琴話鋒一轉指出，很多工作其實還是要靠自己做，不能光靠外人，包含我們自己要守護我們最珍惜的民主，自由不是從天而降，我們的經濟成果更不是從天而降，是大家共同努力，而且用很多政策，包含我們的基礎建設、包含精準的針對產業的各種的輔導，包含我們台灣人而且彰化真的是世界台商之都，百工百業都由彰化出身，如此共同努力的成果，更需要大家珍惜。蕭美琴特別提到，總統賴清德施政既要守護台灣民主、國家安全更要拚經濟。她說，賴總統提出「均衡台灣」，就是台灣的發展、經濟的成長，不能只是在大城市、在首都、在竹科，希望均衡全台灣各縣市都有均衡發展的機會，同時還要百工百業的均衡，不只是科技界要好，從商圈、服務業及其他產業也要能夠一起好，不只是跨國大企業要好，中小微型企業都要好。曾擔任駐美代表的副總統蕭美琴今天參加民進黨彰化縣長參選人陳素月姊妹暨新住民後援會成立大會，對於川習會後台海局勢，她強調，愈來愈多國家公開支持台灣。（記者張聰秋攝）    ,https://news.ltn.com.tw/news/politics/breakingnews/5586833
5類人「進得去」恐「出不來」  陸委會：赴中失聯、遭留置盤查達449人,政治,2026/09/26 14:55,根據陸委會今（26）日公布最新的「國人赴中港澳安全動態週報」，國人赴中失聯、遭留置盤查或疑遭限制人身自由累計已達449人，本週新增4人。（圖取自陸委會臉書）中共「出入境新規」已上路，陸委會提醒，5類人赴中面臨高風險，「進得去」不代表「出得來」，根據陸委會今（26）日公布最新的「國人赴中港澳安全動態週報」，國人赴中失聯、遭留置盤查或疑遭限制人身自由累計已達449人，本週新增4人。陸委會表示，中共「出入境新規」已上路，5類赴中國時可能面臨高風險的國人特別留意，包括1、半導體及科技產業人員：須留意技術、商業與國安規範交錯所帶來的風險。2、 台商與企業高階幹部：商業糾紛、技術專利、契約爭議等案件，可能衍生調查、司法程序或限制出境問題。請繼續往下閱讀...3、公務員或赴陸交流人員：不論公務或私人行程，都應事先確認我方相關赴陸規範。4、宗教交流人士：赴陸從事宗教聚會、講經、交流等活動，需注意當地宗教及國安相關規範。5、曾公開發表政治或公共議題言論者：曾在社群、海外場合或相關組織參與政治、人權等公共議題者，應留意當地法律適用及執法的不確定性。美國國務院日前也更新赴中國旅行之美國公民「二級旅遊警示」，特別提醒以下這5類美國公民可能遭中共當局鎖定：1、華裔美籍公民；2涉入商業糾紛者，或與在中國涉入商業糾紛的美國企業有關聯人士；3、現在或曾任美國執法單位、美軍或美國情報機構有關聯人士4、透過美國政府所資助計畫旅行的人士；5、 現在或曾經與美國政府有關聯的人士：風險不僅存在於新聞裡，而是有真實案例。從深夜被帶去盤問、證件遭扣留、手機遭檢查，到遭限制出境甚至涉及刑事案件，判刑無法返家。根據陸委會最新的「國人赴中港澳安全動態週報」，自2024年1月1日起迄2026年9月24日止，國人赴中失聯、遭留置盤查或疑遭限制人身自由計 449人。與上「週」相較增加4人（上週統計至9月18日，為445人）。在赴中失聯、遭留置盤查或疑遭限制人身自由 449人，通報失聯168人（上週165人，本週新增3人）；遭留置盤查39人（上週39人，本週未新增）；遭中方關押242人（上週241人，本週新增1人）。    ,https://news.ltn.com.tw/news/politics/breakingnews/5586800
難得同台不是要辯論 賴瑞隆、柯志恩旗山站一起因為「它」,政治,2026/09/26 14:51,賴瑞隆、柯志恩今難得同台且站在隔壁，一切都是為了促銷旗山香蕉。（柯志恩團隊提供）民進黨高雄市長參選人賴瑞隆與國民黨高雄市長參選人柯志恩今難得同台，不是要辯論、純粹為推廣旗山香蕉，賴瑞隆誓言讓世界看見高雄「金蕉」傲，柯志恩喊話要拚「香蕉王國」品牌再升級。賴瑞隆與柯志恩，今上午同時現身在旗山體育場舉辦的「2026夏祭新鮮市：相揪來旗山」，兩人難得同台、只因為旗山香蕉。請繼續往下閱讀...賴瑞隆說，高雄香蕉種植面積全國第二，旗山更是大家熟悉的「香蕉之城」，到今年7月，高雄香蕉外銷產值已近一億元，在市長陳其邁與市府團隊努力下，高雄農產品持續走向國際。他盛讚旗山農會創新精神，推出金蕉西施愛情包等新產品，把香蕉做成香脆好吃的伴手禮，同時強力促銷夏祭新鮮市的小農市集，軌道小火車、旋轉木馬等現場親子活動，及老街導覽、碾米廠老電影放映活動，邀請民眾把握連假機會，活動到9月27日，相揪來旗山呷金蕉、踅市集！柯志恩今上午先前往旗山市場掃街後再趕往夏祭新鮮市，她提到旗山自1950、60年便擁有「香蕉王國」美譽，過去蕉農工作服上洗不掉的香蕉汁痕，代表在地人的勤奮與驕傲，時至今日，高雄香蕉年產量約4.9萬公噸，六都第一，農會與農民努力讓高雄香蕉盛名發揚到全世界。她指出，旗山擁有老街、糖鐵、碾米廠及山城風光，農業不能單打獨鬥，若能將「農業、文化、觀光」深度結合，不僅能留住遊客，更能讓農業產值轉化為地方永續發展的動力，期許透過產業轉型，讓高雄農產品走向世界，同時吸引青年回鄉創業，為地方注入生生不息的活力。陳其邁、賴瑞隆與旗山區議員參選人林慧欣一起為旗山香蕉代言。（賴瑞隆團隊提供）柯志恩與香蕉市集攤商互動熱絡。（柯志恩團隊提供）    ,https://news.ltn.com.tw/news/politics/breakingnews/5586821
民進黨評估縣市長選舉保5拚5 新北成關鍵戰區,政治,2026/09/26 14:39,九合一選舉倒數2個月，縣市長選情白熱化。熟悉選情的民進黨人士評估，民進黨除了要守住執政的屏東縣、高雄市、台南市、嘉義縣及澎湖縣5席，還要力拚彰化縣、嘉義市、宜蘭縣與新竹縣、基隆市「藍天變綠地」；新北市選情呈現膠著，是關鍵中的關鍵，圖為國、民兩黨市長參選人李四川和蘇巧慧。（資料照，本報合成）九合一選舉倒數2個月，縣市長選情白熱化。熟悉選情的民進黨人士評估，民進黨除了要守住執政的屏東縣、高雄市、台南市、嘉義縣及澎湖縣5席，還要力拚彰化縣、嘉義市、宜蘭縣與新竹縣、基隆市「藍天變綠地」；新北市選情呈現膠著，是關鍵中的關鍵。2022年縣市長選舉，民進黨僅拿下5席，是創黨以來最大挫敗。2026年九合一選舉11月28日投票，這不只是兼任民進黨主席的總統賴清德關鍵的「期中考」，也是牽動未來政治版圖重組的核心指標。請繼續往下閱讀...民進黨輔選幹部分析，賴政府執政以來，台灣經濟展現韌性，全年經濟成長率預估可達11.05%，可望創下39年來的新高；而在地方選舉上，民眾關注社會福利等議題，因此執政團隊調整，端出涵蓋育兒、青年支持等「18項大禮包」，為地方選將注入政策底氣，而且在3張王牌（賴總統、副總統蕭美琴、前總統蔡英文）分進合擊輔選下，全力拉抬選情。民進黨內人士表示，此次地方選戰的主軸就是不放棄任何選區，力拚每一位黨提名參選人勝選，並以獲得5席以上的縣市長作為基準，而綜觀全台狀況，目前「5往上加是合理推測」，若能拿下全國最大票倉新北市，更能直接為民進黨定調整體選戰的成功。輔選幹部分析，目前民進黨執政的5個縣市中，屏東縣、台南市、高雄市及嘉義縣選情穩定，澎湖縣選情較具挑戰。不過，外界也有聲音認為高雄市長選情較為緊繃。輔選人士認為，國民黨高雄市長參選人柯志恩雖然經過多年經營，逐步找回組織脈絡，但個人政治煽動力與渲染力仍難企及前市長韓國瑜。反觀民進黨高雄市長參選人賴瑞隆按部就班，長年深耕基層、爭取實質建設，並透過「九宮格戰法」將黨公職、百工百業、社團等三大類組織，與鳳山、岡山、旗山三大區域交叉結合，只要穩紮穩打，民進黨可望持續執政。澎湖縣方面，地方人士表示，現任縣長陳光復當時是在「三腳督」的局面中驚險勝出，但因嚴重摔傷住院，改由其過去多居於幕後的妻子吳淑瑾臨危受命參選，雖有在地立委楊曜以及高雄市長陳其邁等人全力相挺，民調仍居於劣勢，努力尋求突破空間。在民進黨現行執政的5縣市之外，黨內人士分析，彰化縣、嘉義市、宜蘭縣加新竹縣、基隆市，被列為有機會「藍天變綠地」。台中市選情雖然辛苦，但有追進。新北市部分，民進黨新北市長參選人蘇巧慧掌握選舉節奏，聲勢持續上漲，目前選情呈現「麻花捲」拉鋸情勢，與國民黨新北市長參選人李四川民調在誤差範圍內。至於各界高度關注的台北市長選情，民進黨地方人士表示，民進黨參選人沈伯洋學者出身，是非典型政治人物，5月13日被民進黨提名後，從一開始民調大幅落後、不被看好下，在勤跑基層、拋出多項市政願景帶來正向討論，以及站上肥皂箱與民眾面對面談市政解方，再加上面對媒體訪問時，思路敏捷、辯才無礙等，與台北市長蔣萬安形成鮮明對比。地方人士說，雖然沈伯洋目前的民調落後，但在這4個月努力下，吸引不少年輕族群及中產階級選票，更讓中間偏綠支持者燃起熱情，掀起「洋流」熱潮，聲勢大漲；隨著10月4日沈伯洋競選總部成立，整體士氣可望再進入一波高峰，後續效應備受關注。至於後山台東縣，地方人士認為，在蔡英文等人努力整合下，民進黨展現大團結態勢，且賴總統近期頻繁前往台東，拉抬縣長參選人陳瑩選情，再加上國民黨台東縣長參選人吳秀華家族涉及農路弊案，多重因素影響下，陳瑩選情看漲，接近黃金交叉。地方人士也認為，這次台東的大環境對民進黨有利，若民進黨能持續維持團結，再加上能拿到4成的原住民族選票，陳瑩有一搏空間。黨內人士也點出這次選舉特別之處，就是積極推動世代交替，讓大量年輕世代投入鄉鎮市長選舉，例如前民進黨發言人韓瑩參選宜蘭市長、民進黨南投縣議員沈夙崢轉戰南投市長、彰化縣議員黃柏瑜挑戰彰化市長等，希望藉此培育下一階段的地方政治人才，選舉結果值得關注。    ,https://news.ltn.com.tw/news/politics/breakingnews/5586810
兒赴美到亂砍樹惹議 趙曉慧痛斥蔣萬安只顧民調,政治,2026/09/26 14:37,台北市長蔣萬安。（資料照）年底九合一大選選情日趨白熱化，台北市長蔣萬安近來深陷多重市政風暴，引發社會高度關注。從長子蔣得立錄取國際交換生赴美捲入特權與未利益迴避風波，到吸菸區「蓋了又拆」，以及東門市場老茄苳樹遭「誤砍」等爭議接連爆發。對此，作家趙曉慧發文痛批，蔣萬安做任何事情全都是表面功夫，眼中根本只有個人的民調數據高低。趙曉慧今日發文直言，「實在不想再寫蔣萬安，都是難受的負能量」，若去爬梳台北市政府現在荒腔走板的施政，例如：亂砍樹，她直呼：「真的會凍未條」。蔣萬安做任何事都是做表面功夫，只關心他自己的民調，有什麼公家資源，不惜與民爭利。請繼續往下閱讀...趙曉慧怒斥，蔣萬安面對自己捅出來的出包，永遠都是逃避，然後牽拖「大罷免的曹興誠、高雄、陳亭妃什麼的，要不然就是一切按照相關規定辦理」。不理會市議員的質詢，不理會媒體的採訪，也不理會任何批評他的聲音，「他想幹什麼就幹什麼，你拿他沒有任何辦法，令人感到絕望」。趙曉慧最後呼籲：「唯一的解決方法，就是用選票把他下架，簡單、粗暴但有效！」快評》讓兒子貼上特權標籤 這是國民黨權貴「習慣」《台北》東門市場茄苳樹「移植」變「砍除」 市府稱疏失賴瑞隆不爽扯高雄迴避市政爭議下辯論戰帖 蔣萬安：要不要先問陳亭妃意願？蔣萬安回應賴瑞隆邀辯論卻扯陳亭妃 陳：不該問A答B仁愛圓環6年對比「綠樹幾乎消失」！杜奕瑾質疑：這麼多棵同時得絕症？王義川質疑護樹團體「靜悄悄」 綠黨：北市府砍太快來不及反應《台北》公館監獄式吸菸區 花14萬用1個月就拆北市「監獄式吸菸區」成高價廢鐵！里長批：浪費公帑累死基層公館監獄式吸菸區超短命！ 她打卡「直到有人抽菸」才2天就被迫停更    ,https://news.ltn.com.tw/news/politics/breakingnews/5586619
沈富雄質疑王偉忠訪沈伯洋成幫手 林智群酸蔣萬安：連同溫層節目都不敢上,政治,2026/09/26 14:36,沈富雄認為王偉忠成了沈伯洋的幫手。（圖翻攝自YouTube）台北市長參選人沈伯洋近期勇於挑戰異溫層，接受外界普遍認為背景泛藍的節目主持人專訪，應答如流的表現也讓他受到更多關注。前立委沈富雄昨日則在資深媒體人趙少康的節目中質疑王偉忠「做了不對等競爭當中無辜的幫手」，引發趙少康反駁。律師林智群也發文質疑，沈伯洋單刀赴會，回答得好，是他的本事，什麼叫無辜的幫手？林智群也諷刺蔣萬安，「連自己同溫層王偉忠的節目都不敢上，比較好笑」。趙少康25日在其政論節目《少康戰情室》上表示，王偉忠在訪問沈伯洋前1個月，就希望邀訪蔣萬安，但是蔣萬安因為忙於市政，還有市議會在質詢，所以蔣萬安就沒有來了。強調外界質疑王偉忠只訪問沈伯洋的說法並不正確。趙少康也透露，已經排好沈伯洋上節目，屆時廣播節目也會邀請他。請繼續往下閱讀...不過沈富雄提出，訪問沈伯洋要小心的是，對話一定會被包裝，反觀蔣萬安不管接受綠訪問還是藍訪問，不會有人要拱他，沈富雄還稱「這是一個相對不對等的競爭，你王偉忠你做了不對等當中無辜的幫手，而你自己不曉得」。趙少康聞言則立即反駁「台北市長候選人只有兩個，你能夠不請嗎？那你叫做什麼媒體，你關門算了！」林智群對此也在臉書發文評論，首先他分享趙少康與沈富雄在節目上的對談內容：趙少康：「讓我再講一次，事實上王偉忠訪問沈伯洋之前，已經一個月去希望邀訪蔣萬安，一個月的時間！」沈富雄：「你王偉忠你做了不對等競爭當中無辜的幫手，而自己不曉得。」趙少康：「我反對你。台北市長候選人只有兩個，你能夠不請嗎？」沈富雄：「那又怎麼樣。」趙少康：「那你叫做什麼媒體，你關門算了！」林智群直言，沈伯洋單刀赴會，可能表現很好，也可能被問倒，這是一開始可以知道的事情嗎？王偉忠、李四端也不是沒問尖銳的問題，沈伯洋回答得好，是他的本事，什麼叫無辜的幫手？林智群也諷刺，什麼叫不對等競爭？人家王偉忠還先邀請你蔣萬安上節目，你自己不去，沈伯洋去了，再說這個是不對等競爭？他也大酸蔣萬安，「連自己同溫層王偉忠的節目都不敢上，比較好笑誒」。    ,https://news.ltn.com.tw/news/politics/breakingnews/5586760
曝李四端訪問「3問題」最刁鑽！沈榮欽指沈伯洋回答超「厚道」,政治,2026/09/26 14:34,沈伯洋近日接受李四端專訪，影片已破百萬觀看。（圖擷取自「今晚找四端」YT頻道）主持人李四端專訪台北市長參選人沈伯洋，影片24日刊出，部分沈伯洋支持者認為李四端的訪問方式，對沈伯洋並不友善，不過，學者沈榮欽指出，他的看法剛好相反，認為李四端十分專業。沈榮欽還指出李四端訪問中三個「最刁鑽的問題」。他還提到，在府會關係問題中，沈伯洋明明可以舉蔣萬安「寵臣」殷瑋為例，但沈伯洋非常厚道避談，繼續展現暖男風格。請繼續往下閱讀...沈榮欽今日在臉書發文指出，李四端被視為最刁鑽的三個問題，恰好是專業度最高的前三名，分別是「組織文化」、「政策預算」以及「府會關係」。首先在「組織文化」方面，李四端追問沈伯洋，民進黨許久未在台北市執政，若當選要如何改變之前批評前兩任市長的組織文化？沈榮欽分析，改變組織文化是公共行政最困難的課題，歷史上最成功的例子是陳水扁透過突擊查勤與改革戶政事務所，奇蹟式扭轉市府官僚風氣；而沈伯洋雖強調與柯文哲不同，但在 SOP 與尊重專業的回答上兩人差異不大，只是柯文哲後來在這兩者上做得不徹底，反倒成了破壞制度的元兇。其次在「政策預算」上，李四端詢問政見的財源問題。沈榮欽表示，這類問題在國外專業訪問中經常出現，台灣卻十分罕見，而沈伯洋對此早有準備、輕鬆對答，顯現出充實的準備。但李四端也只是點到為止，大概是他自己也沒有估算過，無法針對幾個花費較多的政見追問下去，不過沈伯洋有備而來，就是繼續追問，大概也可以回答得很漂亮。最後在「府會關係」上，面對未來若成為「少數市長」該如何應對議會杯葛，沈伯洋說明市政的政黨色彩較淡，且民進黨在其他縣市的執政經驗，已證明少數市長同樣能交出亮眼成績。沈榮欽也補充，沈伯洋在回應此題時相當厚道，並未主動拿出蔣萬安因幕僚殷瑋遭質疑就對議員不理不睬的例子，持續展現其暖男風格。沈榮欽總結表示，李四端雖然立場偏淺藍，但這場專訪展現了極高的專業度，而沈伯洋的精彩表現，也打破了藍白長期惡意宣傳下的刻板印象，呈現出驚喜的落差，是一場非常專業且漂亮的專訪。    ,https://news.ltn.com.tw/news/politics/breakingnews/5586731
「大家都講好了？」傳鄭麗文接競總主委 蕭景田與魏平政回應了,政治,2026/09/26 14:22,彰化副議長許原龍（中）競總今天成立，魏平政（左1）和蕭景田（右3）等人上台相亮相挺，凍蒜聲喊得宏亮。（記者張聰秋攝）國民黨彰化縣長參選人魏平政競總主委人選仍難產，政論名嘴郭正亮9月23日爆料國民黨主席鄭麗文與彰化縣長王惠美本週要見面，卻遭王惠美以「我從媒體上看到」回應打槍，政壇這幾天再傳新劇本，鄭麗文兼任魏平政競總主委，「大家都已經講好了…」，對此，國民黨彰化縣黨部主委蕭景田受訪指出，主委人選現在還沒有確定；魏平政私下也說會繼續邀請王惠美。蕭、魏兩人都直接否認傳聞。國民黨彰化縣議會副議長許原龍今天在彰化市自立街舉辦競總成立大會，現場人潮強強滾，魏平政、蕭景田等人都到場相挺，上次，魏平政競總成立時，許原龍親自到場致意，人到了但沒有公開上台露臉，今天，魏平政不僅親自到場，也上台亮相。請繼續往下閱讀...會後，媒體問及魏平政和許原龍互動，魏平政不僅以「交流非常好」回應還補充說明，一開始進場時，許原龍還特別拉他的手，讓他走在許的後面，「也讓我上台，也是站在他旁邊。」至於再被問及對許原龍競逐議長寶座的看法？魏平政表示，他希望每個人都心想事成，但眼前他應顧好自己的縣長選舉，自己要繼續努力最重要，尤其競總顧問團團長鄭汝芬面對司法壓力，影響他們的選舉，眼前還是要靠自己全力以赴。由於政壇傳聞鄭麗文兼任魏平政競總主委沸沸揚揚，「大家都已經講好了…」藍營基層與黨內人士也覺得可行，不過，蕭景田今在會場受訪時，反駁該傳聞，他說，現在還沒有人選，也尚未確定人選。魏平政受訪時沒回應主委人選一事，不過，私下表明會繼續邀請王惠美，目前還是依照既定選舉節奏繼續勇往直前。國民黨彰化縣黨部主委蕭景田否認傳聞主席鄭麗文兼任魏平政競總主委。（記者張聰秋攝）魏平政今天參加許原龍競總成立大會，會後受訪表明他和許原龍互動很好，沒有因為許原龍競逐議長大位，與其競總顧問團長鄭汝芬的兒子、彰化議長謝典霖搶龍頭而疏遠。（記者張聰秋攝）    ,https://news.ltn.com.tw/news/politics/breakingnews/5586792
蔣萬安被質疑特權改網站學歷 北市府稱「立院廠商翻譯問題」,政治,2026/09/26 14:00,台北市長蔣萬安。（資料照）台北市長蔣萬安今（26）日被爆在立院簡歷突然被修改，學歷從SJD變JD，引發質疑。台北市政府發言人魏汶萱表示，蔣萬安擔任立委期間，提供中文學歷資料始終都是正確的「賓夕法尼亞大學法學院法律博士」，是立法院委託廠商英文翻譯有誤，感謝立院即時更新。魏汶萱表示，蔣市長第九屆、第十屆立委期間，辦公室提供的中文學歷資料始終都是正確的「賓夕法尼亞大學法學院法律博士」，從來沒有任何錯誤。相關英文資訊是由立法院委託廠商依中文資料進行翻譯；於上班時間通知，感謝立法院隨即更新為正確翻譯，沒有外界所稱「更正期限」的問題。請繼續往下閱讀...相關新聞請見：蔣萬安立院簡介改了！網友才點名假學歷 吳靜怡質疑：特權？竄改？學歷SJD悄悄變JD！蔣萬安立院簡歷改了 洪健益酸：人設一路下降蔣萬安立院學歷SJD變JD遭抓包！林智群酸特權    ,https://news.ltn.com.tw/news/politics/breakingnews/5586785
李四川走訪瑞芳提「文化三策」 推600元文化幣、國際藝術節、創作免場租,政治,2026/09/26 13:45,國民黨參選人李四川今赴瑞芳拜訪天主教育化民族舞蹈團，並發布「文化三策」政策。（記者羅國嘉攝）新北市長選戰升溫，國民黨參選人李四川今（26日）赴瑞芳拜訪天主教育化民族舞蹈團，並發布「文化三策」政策。他提出未來每年規劃抽籤發放15萬份、每份600元的新北文化幣，並打造「新北國際藝術節」，以及盤點公有空間推動「創作免場租」，期盼讓市民走進文化、世界看見新北，並將藝文人才留在新北。李四川今天拜訪天主教育化民族舞蹈團，現場民眾熱情握手支持，李也與小朋友親切互動、熱絡交流。他指出，新北市擁有相當多優秀的文化人，藉此機會提出「文化三策」政見，包含第一、「文化幣600元，讓市民走進文化」，若當選新北市市長，未來每年規劃發放15萬份新北文化幣，每份600元，只要設籍新北市且不限年齡，均以抽籤方式發放。市民可用來觀看舞蹈、舞台劇、電影、買書與逛展覽，支持參與新北各項藝文活動。請繼續往下閱讀...李四川表示，第二、「新北國際藝術節，讓世界看見新北」，育化舞蹈團過去曾多次赴海外演出進行文化交流，2025年也曾赴日本北海道釧路演出，早已將新北帶向國際。因此，他規劃打造「新北國際藝術節」，串聯新北美術館、各藝文場館、特色街區、山海河岸及未來的新北巨蛋城，把國外知名的國際團隊請進來，也讓新北在地的優秀團隊站上更大舞台，讓世界看見新北。李四川說，第三、「創作免場租，讓人才留在新北」，長期扎根地方的團隊最需要安心創作、排練與工作的空間，許多團隊擁有優質作品與人才，卻常為尋覓辦公室或排練場地困擾。他將檢討並盤點新北市閒置或可活化的公有空間，提供符合資格的新北在地藝文團隊進駐使用且「免收場租」，無論舞蹈、音樂、戲劇或其他藝文創作，政府都將全力協助尋覓合適空間，讓創作者安心工作、舞團穩定排練，使好的作品能扎根新北，把文化人才留在新北。針對媒體提問昨日貼出過去唱歌仔戲的照片、今日發布文化政策是否有相互輝映之意？李四川回應，過去在新北市府服務期間，每年重陽節市府都會與議會攜手演出歌仔戲，最主要是希望在重陽佳節向長輩獻上祝福。他笑稱自己演歌仔戲並不專業，每次劇團團長安排角色時都讓他演皇帝，正是因為皇帝的台詞最少、比較容易背誦。李四川表示，唱歌仔戲雖然不是他的專長，但透過演出過程深刻體會到「台上一分鐘，台下十年功」，對所有文化人相當尊敬；未來若擔任新北市長，只要有機會能為長輩送上祝福、帶來娛樂，他非常願意再次登台演出。國民黨參選人李四川今天拜訪天主教育化民族舞蹈團，現場民眾熱情握手支持，李也與小朋友親切互動、熱絡交流。（記者羅國嘉攝）國民黨參選人李四川今（26日）赴瑞芳拜訪天主教育化民族舞蹈團與表演者大合照。（記者羅國嘉攝）天主教育化民族舞蹈團現場表演。（記者羅國嘉攝）    ,https://news.ltn.com.tw/news/politics/breakingnews/5586761
「學姐市長」盧秀燕、黃敏惠合體挺吳品叡  嘉義水上車隊掃街造勢,政治,2026/09/26 13:38,「學姐市長」盧秀燕、黃敏惠合體到嘉義縣挺無黨籍縣長候選人吳品叡（中）。（記者蔡宗勳攝）女力同盟跨區出擊，國民黨籍台中市長盧秀燕、嘉義市長黃敏惠今天合體到嘉義縣水上鄉璿宿上天宮，攜手為無黨籍嘉義縣長參選人吳品叡站台打氣，參拜後再站上戰車掃街，隨後至國民黨水上鄉長參選人陳德榮服務處品嘗在地白醋涼麵與魯熟肉，盧秀燕說，上次到台東輔選時品味地方小吃的影片流量破百萬，這次希望有更高的流量拉抬在野大聯盟聲勢。盧秀燕指出，這次從北到南有很多女性參選人，她和黃敏惠都可以稱作「學姐市長」，大家相約一起輔選，創造女性執政機會，讓台灣政治環境更好，學姐助選團今天第一次出動，吳品叡已連任兩屆朴子市長，希望她更上層樓，當選縣長擴大服務。請繼續往下閱讀...盧秀燕進一步說，吳品叡為朴子市公所創造財源，開源節流清償8000萬元債務，並將重陽敬老金從200提高至2000元。此外，吳品叡也致力提升老人社會福利，如果吳品叡當選嘉義縣長，將全額補助65歲以上老人健保費，嘉義市目前已實施此項補助，期望嘉義縣社會福利也能跟進。黃敏惠表示，連假雖行程緊湊，但她排除萬難代表所有女性縣市長為吳品叡加油，嘉義縣是艱困選區，以在野大聯盟方式推出人選，吳品叡勇敢站出來，年輕、有活力，兩屆朴子市長期間推動財政健全、重視文化教育，具有理想抱負，希望縣市攜手合作，互利共榮。吳品叡說，感謝受到兩位學姊肯定，而目前嘉縣還缺65歲以上老人健保費全額補助，翁章梁做不到的，讓她來做。「學姐市長」盧秀燕、黃敏惠合體到嘉義縣水上璿宿上天宮造勢。（記者蔡宗勳攝）盧秀燕、黃敏惠到嘉義縣挺無黨籍縣長候選人吳品叡（中）。（記者蔡宗勳攝）    ,https://news.ltn.com.tw/news/politics/breakingnews/5586745
蕭美琴鹿港奉天宮贈匾 簽名、合照來者不拒享明星級待遇,政治,2026/09/26 13:32,蕭美琴參拜變粉絲會，合照簽名來者不拒享「明星待遇」。（記者湯世名攝）副總統蕭美琴今天（26日）與民進黨彰化縣長參選人陳素月及黨籍民代參訪鹿港奉天宮、天后宮等宮廟，還代表總統賴清德贈送匾額「仁風布澤」給奉天宮，受到大批民眾熱情歡迎，索取簽名、合照一律來者不拒，享有明星級待遇。蕭美琴致詞表示，「國泰民安、風調雨順」不是口號，而是大家對國家未來共同發展、讓百姓安居樂業的努力目標。今天是中秋連續假期第2天，鹿港老街擠爆遊客，副總統蕭美琴在奉天宮致詞時表示，「國泰民安、風調雨順」不是口號，「而是我們對國家未來共同發展、讓國家興旺、百姓安居樂業的努力目標」。她沿路看到彰濱地區有許多風力、風能及循環經濟，對地方工商發展所需的關鍵能源非常充裕；台灣國家整體發展，獲全世界許多好朋友看好，國人更應對台灣有信心，因為有一群最可愛、最努力的台灣人。請繼續往下閱讀...蕭美琴指出，大家共同的祈願都是希望國家愈來愈好、愈來愈進步，大家一起來努力。她在總統府協助賴總統，就是希望達成國家安全、民主自由、宗教信仰自由等目標；拚經濟、均衡台灣也是重要目標，讓資源落實到中南部城鄉各個角落。蕭美琴隨後在鹿港老街徒步參觀，不少遊客爭相與她握手，還有人索取簽名，一起合照，有如明星級待遇；蕭美琴還品嚐鹿港冰淇淋師趙韻嵐的世界冠軍冰淇淋，盛讚是「台灣之光」。蕭美琴大方為粉絲簽名。（記者湯世名攝）蕭美琴（中）大啖世界冠軍冰淇淋。（記者湯世名攝）蕭美琴（中）代總統賴清德頒贈匾額給奉天宮。（記者湯世名攝）副總統蕭美琴鹿港天后宮參拜。（記者湯世名攝）    ,https://news.ltn.com.tw/news/politics/breakingnews/5586738
「洋流」外溢！ 童子瑋：基隆年輕人開始關注基隆發展,政治,2026/09/26 13:23,民進黨參選人童子瑋（中）參與大德廟65週年建醮遶境。（記者盧賢秀攝）民進黨基隆市長參選人童子瑋今天到七堵，參加大德廟建廟65週年建醮遶境，對於台北市長參選人沈伯洋的「洋流」，他說，基隆人也感受到這個劇烈的洋流，越來越多人關注城市的發展，為什麼基隆會如此落後？與台北的落差這麼大，相信洋流會溢流到基隆，最近基隆港黃阿瑪吸引人潮帶動經濟，他非常有信心。七堵大德廟今天舉行建廟65週年建醮遶境活動，童子瑋也參加遶境，沿途許多民眾為他加油。他說，大德廟是七堵在地一個非常重要的一個信仰中心，神明指示，主委、副主委整個全村總動員，舉辦遶境活動，他也一起來這個共襄盛舉，祈求保佑基隆風調雨順、大家都平安。請繼續往下閱讀...對於朱立倫說「洋流」只是一時的風潮，做好市政比較重要。童子瑋表示，基隆市也感受到這個劇烈的洋流，之所以會有洋流現象，因多數的年輕人對市政本來不一定有關心，但是發現市政跟市民的生活如此的重要，連結到民眾的生活，所以很多人開始共同來支持沈伯洋。北北基是共同生活圈，洋流也會外溢基隆，也有非常多的年輕人開始關注政治和基隆城市的發展，為什麼如此的落後？為什麼跟台北的落差這麼大？所以越來越多人關心，這就是洋流溢流的一個現象。童子瑋說，最近黃阿瑪也來到基隆港，非常的熱鬧，剛剛在遶境時，他明顯感受到民眾的熱情，大家都希望基隆市要進步，尤其這幾天連假的期間，黃阿瑪吸引了相當多的人潮，帶動相關周邊的經濟，市民也會關注到舉辦的人有沒有心，有沒有創意？有沒有執行的能力？他非常有信心。七堵大德廟65週年建醮遶境，大分熱鬧。（記者盧賢秀攝）七堵大德廟65週年建醮遶境，十分熱鬧。（記者盧賢秀攝）民進黨參選人童子瑋參與大德廟65週年建醮遶境。（記者盧賢秀攝）七堵大德廟65週年建醮遶境，十分熱鬧。（記者盧賢秀攝）    ,https://news.ltn.com.tw/news/politics/breakingnews/5586754
20歲迷惘少女蛻變執業律師 黃鈺書感念恩師林國漳啟蒙,政治,2026/09/26 13:06,律師黃鈺書當年獻花給林國漳（右），感念恩師在法學上的啟蒙。（記者王峻祺攝）國中畢業就步入社會的黃鈺書，20歲那年對未來感到茫然，她重拾學習來到宜蘭社區大學遇見講師林國漳，生動的法律課，翻轉這名迷惘少女的人生，如今已是執業律師的她，成為民進黨宜蘭縣長參選人林國漳「還好有國漳」影片首集主角，以真實生命故事，向縣民推薦這位溫暖的啟蒙恩師。黃鈺書回首當年，因緣際會選修林國漳的課，原以為法律條文艱澀冰冷，但在林國漳親和力十足的講解，與淺顯易懂的生活實例搭配下，瞬間變得平易近人，這堂課不僅消除她對法律的距離感，更在心中埋下成為律師的種子，看見人生的新可能。請繼續往下閱讀...受到啟發後，黃鈺書考大學時全填法律系，最終順利錄取東吳法律，畢業更考上台北大學研究所進修。從昔日學生蛻變為法界同業，她深刻體會恩師林國漳的熱忱。她說，林國漳十分提攜後輩，當年她就讀東吳時，林還特地請託在校任教的同學多加照顧，這份暖心讓她銘記至今。成為律師後，黃鈺書觀察到林國漳無論在講台或法庭，總傾盡全力接住無助的當事人，將實踐人權與法律扶助視為一生使命，「遇到林國漳，對我人生帶來很大的改變！」她說，這一路走來的溫暖，讓她深信林國漳若擔任縣長，必定能為宜蘭帶來最好的治理與照顧。林國漳競辦表示，黃鈺書的故事，是林國漳在宜蘭社大執教近30年來，無數珍貴師生緣分的縮影，為凝聚這股長期深耕基層的力量，「林國漳社大師生後援會」將於9月28日暖心登場，屆時眾多社大老師與昔日學生將齊聚一堂，以實際行動力挺。    ,https://news.ltn.com.tw/news/politics/breakingnews/5586726
吳志中：台海和穩符合國際利益 相信美對台軍售案「還是會成」,政治,2026/09/26 13:04,國策研究院文教基金會今（26）日舉辦「二次川習會與美中博弈」座談會，外交部次長吳志中致詞。（記者叢昌瑾攝）川習會落幕，各界關注台灣川習會中的台灣議題與當前擱置的對台軍售案。外交部次長吳志中今（26）日表示，政府持續強化溝通，維持台海和平穩定符合國際利益，相信美國對台軍售案「還是會成的」。國策研究院今日舉辦「二次川習會與美中博弈」座談會，邀請多名學者專家與談，外交部次長吳志中受邀於開場致詞。請繼續往下閱讀...針對美國對台軍售進度是否會延遲，吳志中會前受訪時表示，政府隨時會注意情勢發展，繼續強化溝通，在國際社會最重要是強化準備，也希望答應的可以準時發生。吳志中指出，維持台海和平穩定絕對符合國際各國國家利益，因為讓中國在台海擁有過於優勢的軍事力量，並不利區域穩定和平，相信美國對台軍售案「還是會成的」。吳志中會中致詞時強調，唯一永恆不變的是國家利益，今日的台美關係與10年前、20年前也不太一樣，現在美國會給我們軍售、軍援，10年前並沒有，會有此變化，正是因為國家利益的改變。他指出，台灣的穩定安全、足夠的防衛能力、能在世界貢獻，不只是美國的國家利益，更是客觀的世界各國的國家利益。吳志中表示，台灣不僅有半導體等高科技產業擁有世界關鍵優勢，台灣海峽重要性也不亞於荷莫茲海峽、蘇伊士運河、巴拿馬運河等，封鎖台海就等於封鎖區域，因此，台海自由航行權也是各國的國家利益。此外，台灣是民主國家，對華人社會有示範作用，台灣民主若消失，對世界民主將是災難。最後，談及台灣能做什麼，吳志中再度強調，台灣要每天努力強化自我防衛能力，讓中國知道每天都不是打台灣的好日子，採取「不是今天政策」（Not Today Policy），任何國際條約都只是協助，而非唯一。    ,https://news.ltn.com.tw/news/politics/breakingnews/5586743
接待習近平藏反共訊號？王定宇揭川普黑色幽默：中方恐如坐針氈,政治,2026/09/26 12:50,民進黨立委王定宇。（資料照）川習二會已於美國正式展開，美國總統川普也在美東時間24日晚間設宴，邀請中國國家主席習近平、特斯拉執行長馬斯克等政經要角出席。不過，民進黨立委王定宇今（26）就指出，川普一開始用台灣反共藝人鄧麗君的音樂歡迎習近平，晚間上又拿象徵推翻暴政的音樂當作節目，讓中國訪團如坐針氈。王定宇指出，國際媒體目前對「川習會」的定調是「排場很大，但是成果有限」，而「川習會」對外呈現的主畫面包括，第一，用鄧麗君的音樂歡迎習近平訪問團，鄧因為反共和要求平反六四，終身沒有去中國，更在中國有廣大的歌迷，曾經流傳「白天聽老鄧（鄧小平），晚上聽小鄧（鄧麗君）」。請繼續往下閱讀...王定宇續指，第二，川普用雨果的「悲慘世界」當晚宴節目，這是呼籲底層人民推翻暴政的作品，這也是香港「反送中」的代表音樂之一。白宮外面更是充滿著反共團體的抗議，以及美國安全單位逮捕許多對抗議者動粗的中國人士。王定宇說，在這個主畫面下，中國習近平想要達成的停止對台軍售、反台獨、台灣內政化等議題，美方都毫無回應。光用接待橋段，就讓號稱貴賓的習近平訪團，整場如坐針氈，這真的是川普才幹的出來的高級黑色幽默。    ,https://news.ltn.com.tw/news/politics/breakingnews/5586691
朱立倫輔選首站到基隆  談「洋流」稱「短暫的風潮」,政治,2026/09/26 12:33,國民黨前主席朱立倫（左）陪基隆市長謝國樑到七堵南興市場掃街。（記者盧賢秀攝）國民黨前主席朱立倫今天來到基隆展開今年首場輔選行程，陪同基隆市長謝國樑到七堵南興市場拜票，朱立倫肯定謝國樑上任以來的施政成果，稱讚謝國樑是一位有眼界、有愛心、有同理心的市長。朱立倫說，在選舉過程中，對手不斷製造對立，謝國樑都是用包容與愛來化解，絕對是基隆市民最好的選擇。請繼續往下閱讀...對於台北市的「洋流」是否會延燒到基隆，朱立倫表示，這個創造出來的名詞不重要，而是真正能夠把市政腳踏實地做好最重要，桃園市長張善政加上謝國樑這樣善良的力量，腳踏實地的經營，對市民來講是更重要的。一時的風、一時的流，最多只能造成短暫的效應。真正的務實投票那一天，大家站出來挺善良比較重要。對於新竹縣藍白合破局，朱立倫表示，大家當然都覺得難過，但在基隆是藍白合的典範，他認為謝國樑多一份包容，多一份愛心，少一份的衝突，很多的問題就能夠化解掉，在新竹，他覺得只要大家再努力一點，一定可以把這些衝突、紛爭化解掉。謝國樑則特別感謝朱立倫將今年首場輔選行程留給基隆，他表示，朱立倫過去擔任縣市首長及黨主席期間，累積豐富的城市治理與公共事務經驗，是他非常重要的前輩與學習對象。謝國樑表示，2024年罷免案期間，朱立倫曾多次來到基隆為他加油打氣，在他最需要支持的時刻來給他鼓勵，對他而言不只是選舉上的支持，更是前輩對後輩一路以來的鼓勵與肯定。未來也會繼續把每一件市民關心的事情做好。國民黨前主席朱立倫（中）陪基隆市長謝國樑到七堵南興市場掃街。（記者盧賢秀攝）國民黨前主席朱立倫（左二）為基隆市長謝國樑（中）加油打氣。（記者盧賢秀攝）    ,https://news.ltn.com.tw/news/politics/breakingnews/5586699
蔣萬安立院學歷SJD變JD遭抓包！林智群酸特權,政治,2026/09/26 12:30,"台北市長蔣萬安。（資料照）台北市長蔣萬安今（26）日被爆，其在立法院的個人簡歷突然修改，原本學歷標註的SJD（法學博士）學歷悄悄被改成JD（法律博士）。對此，律師林智群大酸，趁大家不注意的時候，「他就假給你看」。林智群今日轉發一名網友於Threads貼文截圖，這名網友於昨天（25日）晚間10時47分點入蔣萬安於立法院簡歷頁面，發現學歷原本寫著「Doctor of the Science of Law（SJD）, Carey Law School, University of Pennsylvania（賓州大學法學博士）」，但後續再看，原本的SJD已經不見，變成了「Juris Doctor」 （J.D.，法律博士）。請繼續往下閱讀...林智群嘆說，「蔣萬安這2天被發現，他在立法院時期的資料寫自己是拿SJD（法學博士，要寫論文的）。大家不注意的時候，他就假給你看。」林智群說，「我去查看的時候確實如此，聽說現在已經撤下來」，接著嘲諷道「放假還有人幫忙偷改網站資料欸，這不是特權，什麼才是特權？且網路修改紀錄還是可以看到舊的資料。」消息曝光後，許多網友紛紛留言，有人說「全身上下都假的，沒料，空的，塞草」、「丟臉死了」、「有沒有一個小小可能，其實是英文不好！？不是壞，只是笨！？」。蔣萬安被質疑特權改網站學歷 北市府稱「立院廠商翻譯問題」學歷SJD悄悄變JD！蔣萬安立院簡歷改了 洪健益酸：人設一路下降蔣萬安立院簡介改了！網友才點名假學歷 吳靜怡質疑：特權？竄改？    ",https://news.ltn.com.tw/news/politics/breakingnews/5586575
蘇巧慧成立陳姓宗親後援會 黃淑君攜「最小陳姓宗親」相挺,政治,2026/09/26 12:26,民進黨新北市長參選人蘇巧慧今（26）日成立陳姓宗親後援會，市議員黃淑君帶著肚子裡的「最小陳姓宗親」出席。（記者黃子暘攝）民進黨新北市長參選人蘇巧慧今（26）日成立陳姓宗親後援會。蘇巧慧席間強調，有人質疑她非工程背景，懂工程嗎？實際上這幾年她爭取了增設台65線浮洲橋匝道、大漢溪堤外便道、鳳鳴簡易火車站等各項重大建設，若她當選，將落實「六大福利」等民生政見，照顧各年齡層。市議員黃淑君帶著肚子裡「最小的陳姓宗親」出席，蘇巧慧打趣鼓勵黃淑君再拚第四胎，場面溫馨又逗趣。蘇巧慧說，目前已是選戰倒數63天，談到「新時代」，她感受得到宗親會成員都希望有更多年輕人可以參與宗親會事務、公共事務，她也秉持同樣心情，目前新北市正是來到新舊轉型的時代，民進黨新北隊認真思考要如何讓這座城市更有趣、更有活力，讓年輕人喜歡住下，產業才會進來，正向循環下，城市變得更有活力。請繼續往下閱讀...因此，蘇巧慧表示，她要善用新北29區的各區特色，交通瓶頸要打通，軌道建設、交流道、道路拓寬、污水處理、防洪等基礎建設要持續如期如質推動，儘管有人會質疑她沒有工程背景，但10年立委任內，她為樹林、鶯歌爭取的重大建設鄉親都清清楚楚，她已證明做一個首長，要在中央徵預算，在地方要協調鄉親的意見，讓工程快點進行、盡量降低地方衝擊。「我是這麼多年來，這20年來，真真正正第一個，第一個這樣慢慢從地方民意代表，被大家栽培起來的市長參選人」，蘇巧慧說，所以她最懂長輩需要，若擔任市長，將落實長輩假牙補助、敬老卡點數與用途升級擴大，並提供疫苗補助、加速都更、善用新北山海資源推動觀光。蘇巧慧指出，這次的選戰各參選人都很好，「但是大家比較看看，一個首長需要的能力，不是只有執行力而已」，更要有協調力、統合力、執行力、創造力、聚合力、創意與活力，她就是這個人選。黃淑君以懷胎6月的「陳媽媽」身份表示，未來孩子將可領到「0至18歲成長津貼」，還有她與蘇巧慧一起全力爭取的免費營養午餐。此外黨籍市議員參選人陳岱吟、陳俊諺也出席活動。民進黨新北市長參選人蘇巧慧今（26）日成立陳姓宗親後援會。（記者黃子暘攝）民進黨新北市長參選人蘇巧慧今（26）日成立陳姓宗親後援會。（記者黃子暘攝）    ,https://news.ltn.com.tw/news/politics/breakingnews/5586700
「洋流」無法擋！沈伯洋未發通知低調掃街永春市場仍擠爆支持者,政治,2026/09/26 12:11,沈伯洋到永春市場向攤商問候。（記者方賓照攝）民進黨台北市長沈伯洋今（26）日到永春市場掃街，不過這次並沒有提前在LINE上通知支持者。沈伯洋說，希望不要讓支持者太累，也能讓他更多與攤商互動。不過，今天仍有許多支持者到場追「洋流」，有民眾表達自己從新北市來，沈伯洋仍幫簽名合照，該民眾也說自己會支持民進黨新北市長參選人蘇巧慧。另，沈伯洋昨天才說PS主機系列剩下PS2沒簽到，今就有民眾拿來請他簽。沈伯洋今上午9點到永春市場，雖未發LINE通知，還是有支持者提前到場等候，不少人都是過往常看到的熟面孔。媒體聯訪問沈伯洋，這次是第二次來到永春市場，但沒有特別在LINE上發通知給支持者，有何考量？沈伯洋說，因為永春市場已經來過一次了，團隊就認為這次不用特別發通知；一方面想說也別讓支持者太累，那另一方面就是直接也可以在市場上面多跟攤商互動。請繼續往下閱讀...今日仍有許多支持者特地來找沈伯洋合照、簽名，而在市場內採買的民眾見到沈伯洋也興奮地向前表達支持求合照。有趣的是，沈伯洋昨天晚上才說，很多人拿Sony的PS系列主機給他簽名，只差第二代PS2沒有簽到了，今天就有民眾特地拿來，另還有支持者也送上補給品、電競活動門票、戰鬥陀螺等，給予沈伯洋打氣。有位來自新北市的民眾看到沈伯洋相當興奮上前合照、簽名，不過也隨即表示「我很支持你，但我沒辦法投你」，但又隨即補充「我會去投給蘇巧慧」，讓沈伯洋笑開花。沈伯洋到永春市場掃街。（記者方賓照攝）沈伯洋到永春市場向攤商問候，民眾拿出PS2請他簽。（記者方賓照攝）沈伯洋到永春市場掃街。（記者方賓照攝）沈伯洋到永春市場掃街。（記者方賓照攝）    ,https://news.ltn.com.tw/news/politics/breakingnews/5586670
太壞！抗議人士在彭麗媛出席活動場合放「館長喊X習近平老婆」廣播,政治,2026/09/26 12:07,彭麗媛（右下）結束參訪博物館行程準備上車時，現場竟有人播放台灣網紅「館長」陳之漢過去大聲辱罵習近平，大喊要「X他老婆」、「老子要拍她（彭麗媛）屁股就拍她屁股」的錄音。（取自八炯Threads）中國領導人習近平與妻子彭麗媛近日赴美，受美國總統川普高規格接待。習近平所到之處，皆有抗議人士出沒，隔著層層防護高聲抗議，沒想到連彭麗媛也沒被放過。根據網路傳出的影片，在彭麗媛結束參訪博物館行程準備上車時，現場竟有人播放台灣網紅「館長」陳之漢過去大聲辱罵習近平，大喊要「X他老婆」、「老子要拍她（彭麗媛）屁股就拍她屁股」的錄音。彭麗媛與美國第一夫人梅蘭妮亞24日在華府參觀國立亞洲藝術博物館，現場同樣聚集抗議人士，在彭麗媛結束行程從博物館正門出來、和群眾揮手時，反共人士更是大聲抗議。請繼續往下閱讀...根據網紅八炯PO出的影片，現場竟有人用大聲公播放館長過去直播發言的片段錄音：「今天要X習近平的老婆，要嘛馬上就可以X了，我都知道他老婆是在幹嘛，他X的，老子要去拍她的屁股就拍她的屁股。」貼文下方網友紛紛留言：「館長還不過去拍屁股？」、「館長深情告白」、「永久禁止開通抖音營業號，這會不會是原因之一？」、「共狗招降這咖去宣傳真的很魔幻，當初沒聽到這段嗎？」     在 Threads 查看館長近年頻頻發表親中言論，也多次前進中國活動，希望拓展市場。不過，在館長有此「轉變」之前，也曾經秉持抗中立場，多次在直播時痛罵習近平，也因立場大轉變被網友諷刺。    ,https://news.ltn.com.tw/news/politics/breakingnews/5586608
防範深偽影音、假訊息介選 大新竹檢警調研議分工與查處機制,政治,2026/09/26 12:05,防範年底被深偽影音、假訊息介選，大新竹檢警調日前齊聚新竹地檢署，共同研議分工與查處機制。（記者黃美珠攝）年底大選是我國民主選舉史上，首次遭到大量AI介選的一次，為免深度偽造的影音與假訊息迅速擴散衝擊到大新竹選情，新竹地檢署日前邀集新竹縣市的警調各單位首長齊聚一堂，商討定調一旦碰上這類案件，該如何分工因應以儘速釐清案情，把負面衝擊降到最低。這場名為「研商選舉深度偽造影音及假訊息案件處理機制」的會議，主要在釐清案件處理流程與分工，由檢察長柯宜汾主持，新竹縣市調查站、警局都由高階主官親自參與共商。請繼續往下閱讀...會中檢警調各自派員說明相關法規與實務見解、案件受理和證據保全流程、專責單位分工與送請鑑識程序等。縣警局長林建隆因專精網路犯罪偵查、數位鑑識以及資安事件調查，所以特別由他分享鑑識的實務經驗給其他單位參考。與會人員就深偽影音案件的查證、鑑識所需時間以及跨機關聯繫等細節交換意見外，更深入討論公職人員選罷法第53條之1所定候選人申請鑑識、當事人請求下架、檢警通報平台以及停止解析等程序的適用與分流該如何。柯宜汾說，深偽影音和假訊息案的查證、鑑識與處置具有時效性，各機關應先釐清自身受理、送請鑑識及後續處理流程，讓第一線同仁遇案時能正確保全證據、通報且分流。以免錯失受理之初的掌握處理，導致後續需要反覆補正或轉介，耗費調查人力與時間，也可能排擠賄選、暴力等其他妨害選舉案件的查察量能。所以要求與會各單位釐清分工與程序，使案件得以及時、妥適處理。    ,https://news.ltn.com.tw/news/politics/breakingnews/5586657
宜蘭輔選遇雪隧塞爆遲到50分 柯文哲懊惱稱要開檢討會,政治,2026/09/26 12:02,民眾黨創黨主席柯文哲到宜蘭輔選，由縣黨部主委陳琬惠陪同縣議員參選人林蒼佑、王乾明，以及蘇澳鎮代參選人沈俊志赴市場掃街。（記者王峻祺攝）民眾黨創黨主席柯文哲今早抵達宜蘭輔選，由縣黨部主委陳琬惠陪同縣議員參選人林蒼佑、王乾明，以及蘇澳鎮代參選人沈俊志赴市場掃街，未料遇到中秋連假第二天雪隧大塞車，讓標榜準時的柯P罕見遲到50分鐘，令他懊惱直呼回去要開檢討會。剛下車的柯文哲頻頻端看手錶，不斷向幕僚驚呼「今天怎麼會這樣，竟然遲到50分鐘，這是不可能的事！」更直呼回去必須要開檢討會議，隨行人員連忙安撫「阿北辛苦了」，引導他先至陰涼處避太陽，陳琬惠則在一旁緩頰「那我們可以先檢討政府嗎？哈哈哈。」請繼續往下閱讀...面對媒體詢問是否要幫宜蘭這幾位「小雞」們，好好加油打氣？柯文哲立刻露出招牌憨笑，要他們「自立自強」，讓幕僚及參選人只能尷尬低頭大笑回應。針對明天國民黨宜蘭縣長參選人吳宗憲將在宜蘭運動公園舉辦大造勢，兩黨主席黃國昌、鄭麗文皆出席，侯友宜也會到場，外界關注柯為何缺席？他回應，行程皆由組織部安排，黨內高層輔選不需過度重疊，將戰線拉長才能創造最大曝光度，這是黨中央的大戰略。柯文哲陪同黨內參選人市場掃街遇到熱情支持者。（記者王峻祺攝）    ,https://news.ltn.com.tw/news/politics/breakingnews/5586664
侯友宜呼籲支持彭康傑 讓桃園、新北連結更緊密,政治,2026/09/26 11:58,新北市長侯友宜與市議員參選人彭康傑關係匪淺，特別到中壢陪彭到三教紫雲宮上香致意。（記者謝武雄攝）新北市長侯友宜今上午陪同國民黨籍市議員參選人彭康傑，到中壢區三教紫雲宮上香，還致贈好彩頭祝其高票當選；侯友宜受訪時提到，彭康傑在新北市時就很努力，是優秀的年輕人，如今回到故鄉中壢參選，支持彭康傑讓中壢發展會更加好，讓桃園、新北連結更緊密；據悉，彭康傑2月宣布投入黨內初選，侯友宜就公開表態支持，5月還陪同至新明市場掃街拜票，是標準的「侯家軍」。侯友宜受訪時表示，彭康傑多年在新北市第一線，跟里長、跟市民朋友一起共同打拚，很多大小建設，市民都可以看到康傑的身影，這一次，彭康傑回到故鄉中壢參選，藉著的就是在第一線努力、認真做事的態度跟方法、毅力，來為市民朋友、中壢故鄉做最大的奉獻。請繼續往下閱讀...侯友宜說，年輕人出來選舉確實不容易，但是以彭康傑的經歷、個性，以及專業經驗的態度，絕對可以為中壢、為桃園市，做出很好的成績，回饋鄉親，「在這裡拜託所有桃園、中壢的市民朋友，選彭康傑；他真正有夠認真打拚、做事情，好議員」；「投他一票，中壢發展會更加好；投他一票，桃園、新北，大家在未來的相關建設，更會緊密連結在一起。」據悉，彭康傑2022年投入侯友宜新北市長連任競選團隊，2024年總統大選期間也進入侯友宜競選辦公室；此外，他也曾任新北市議員呂家愷服務處秘書，以及新北市政府民政局機要秘書，除侯友宜多次相挺外；新北市副市長劉和然、呂家愷於4月26日就曾陪彭康傑到中壢忠貞市場掃街拜票。新北市長侯友宜與市議員參選人彭康傑關係匪淺，特別到中壢陪彭到三教紫雲宮上香致意。（記者謝武雄攝）新北市長侯友宜與市議員參選人彭康傑關係匪淺，特別到中壢陪彭到三教紫雲宮上香還致贈好彩頭，祝其高票當選。（記者謝武雄攝）    ,https://news.ltn.com.tw/news/politics/breakingnews/5586673
借鏡棒球「終局逆轉」 陳柏惟鳳山輔選林智鴻：上次差不到千票險落選,政治,2026/09/26 11:54,立法院榮譽顧問陳柏惟（右）南下力挺林智鴻。（林智鴻辦公室提供）高雄市議員林智鴻今（26）日於鳳山慢速壘球場再度舉辦「林智鴻盃」公益壘球邀請賽。現場不僅星光熠熠，立法院榮譽顧問陳柏惟南下力挺，陳柏惟妙喻，以棒球賽的「終局遭逆轉」來形容林智鴻上次選舉「差不到千票就險些落選」的經驗，高聲呼籲支持者一定要堅定去投票。本次賽事規模盛大，除林智鴻領軍的「鳳山要紅」壘球隊外，包含維肯人力、李長榮化工、元大銀行、江海科技、高雄銀行、高師大等12支來自產學界的在地隊伍共襄盛舉。其中許多球隊更是多年不離不棄的「老朋友」。此外，林園大寮區市議員李雨庭也特別派隊跨區應戰，前高市民政局長張乃千、前議員張清泉皆親臨現場相挺。請繼續往下閱讀...活動特別為培育無數棒球國手的鳳山區忠孝國小少棒隊進行公益募捐。忠孝國小校長楊頌平、教練蕭福群、黃喆安以及少棒隊後援會長陳熙妍，特別帶領少棒隊的小球員們來到現場致意。林智鴻感性表示，自己從大學時期就是壘球愛好者，一路走來從成立球隊、舉辦公益賽事，到如今能夠號召這麼多企業與各界好手齊聚一堂，最大的初衷就是「希望讓更多人看見基層體育的需求」。林智鴻堅定說道，公益賽不只是單純為孩子募得眼前的資源，更希望藉此由下而上推動制度的改善。他期盼能透過更完善的基層培育計畫，讓更多扎根鳳山的小球員們，有朝一日也能無後顧之憂地站上國際舞台。鳳山公益壘球邀請賽，現場星光熠熠。（林智鴻辦公室提供）    ,https://news.ltn.com.tw/news/politics/breakingnews/5586640
台中去年交通事故7萬件、連3年六都最高 陳怡潔籲成立專案小組檢討,政治,2026/09/26 11:51,台中市2025年交通事故高達70075件。示意圖。（民眾提供）台中市2025年交通事故高達70075件，受傷人數高達90651人，均為六都第一，台中市議員第二選區民進黨參選人陳怡潔今（26）日指出，盧秀燕執政8年來，台中市的交通每況愈下，呼籲台中市政府應盡速成立跨局處專案小組全面檢討交通問題，改善民眾的行車環境及生命安全。陳怡潔表示，交通安全攸關每一位市民每天的通勤、就學與生活。根據內政部資料統計，台中市去（2025）年交通事故高達70075件，受傷人數高達90651人，均為六都第一。而從2023年到2025年交通事故均維持高達7萬餘件，受傷人數高達9萬餘人，更是連續3年為六都第一高，可見盧秀燕執政8年來，台中市的交通每況愈下，更是罔顧市民安全，讓民眾每天冒著生命危險出門。請繼續往下閱讀...陳怡潔指出，台中市近年廣設測速照相機及科技執法，交通罰鍰暴增，卻無法大幅降低交通事故及受傷人數，成效不彰。現在迫切需要的應是透過交通局、建設局、教育局、警察局等相關局處成立跨局處專案小組，從道路規劃及設計、校園教育、駕駛習慣、行人安全、停車需求，等整體交通環境全面檢討，盡速改善台中市交通，確保民眾每天出門能夠安心回家。台中市警察局指出，台中市交通事故件數已連續2年下降，整體交通事故死傷人數近3年呈逐年下降趨勢，市府團隊從「工程改善」、「交通安全教育宣導」與「交通執法」三大面向全面推進，今年第二季行人30日內死亡人數為9人，較去年同期14人減少5人，下降35.7%；此外，今年1至6月中市每10萬人口行人死亡數為0.49人，為六都第二低，整體道安環境持續穩定改善。    ,https://news.ltn.com.tw/news/politics/breakingnews/5586631
傅崐萁加碼喊「普發2萬」 柯文哲：大家很努力掏空台灣,政治,2026/09/26 11:50,柯文哲今天到宜蘭，針對普發現金直指台灣政治庸俗化，淪為沒完沒了的喊價，最終只會讓「大家很努力的把台灣掏空」。（記者王峻祺攝）總統賴清德日前宣布明年普發現金1萬元，國民黨團總召傅崐萁則提議加碼，爭取每人普發2萬元。對此，民眾黨創黨主席柯文哲今天在宜蘭回應，直指台灣政治庸俗化，淪為沒完沒了的喊價，最終只會讓「大家很努力的把台灣掏空」。針對藍營主張普發現金加碼，柯文哲受訪時表示，「那下一個就有人說要發3萬，現在就是這樣，這個就是沒完沒了，反正台灣的政治現在就是這樣庸俗化，1萬變2萬，下次就喊3萬，大家很努力的把台灣掏空。」請繼續往下閱讀...關於普發現金背景，行政院於116年度中央總預算案編列2357億元經費，配合總統賴清德日前宣布的「AI紅利 全民共享」，規劃於明年普發1萬元。為爭取在明年春節前完成，國民黨團擬優先審查相關預算，研議讓普發1萬的經費能先行動支。不過，傅崐萁稱國民黨團新會期的優先法案為「還稅於民」，主張要普發現金2萬元；國民黨內亦有人提議，今年先發1萬元，明年再領政院編列的1萬元。針對藍營提議，民進黨立院黨團幹事長莊瑞雄昨回應，立法院加速審議編列的1萬元，讓人民早點領到錢，民進黨團樂見；但這與國民黨團總召傅崐萁另外提案普發現金，是兩件不同的事，國民黨團應具體說明財源。行政院方面則表示，普發現金在程序上必須合法合憲。    ,https://news.ltn.com.tw/news/politics/breakingnews/5586634
參加大林蒲烤肉餐會 賴瑞隆：肉熟了要快吃、遷村也一樣,政治,2026/09/26 11:46,賴瑞隆參加大林蒲「咱欸新故鄉」烤肉餐會，跟鄉親一起過中秋。（翻攝賴瑞隆臉書）民進黨高雄市長參選人賴瑞隆參加大林蒲「咱欸新故鄉」烤肉餐會，跟鄉親一起過中秋，他笑說烤肉有3個重點，最重要的是肉烤熟了就要趕快吃，大林蒲遷村也一樣。賴瑞隆分享烤肉有3個重點，火要大、食材要新鮮，更重要的是肉烤熟了就要趕快吃，不能放著等。請繼續往下閱讀...他舉烤肉為例提到大林蒲遷村也是一樣，從當選第一任立委以來，自己便一直持續關心遷村相關議題，更是每次立法院總質詢的重中之重。他說，未來會延續高雄市長陳其邁目前的規劃，並與總統賴清德以及議會高雄隊攜手，持續爭取中央更多預算與補助，也妥善運用地方財源，把遷村該有的保障做到位，讓鄉親安心邁向新生活；祝福大林蒲鄉親中秋節快樂、闔家平安，也期待早一天在「新故鄉」團圓相見！    ,https://news.ltn.com.tw/news/politics/breakingnews/5586627
竹北藍白破局恐外溢？ 柯文哲重話質疑兩黨主席不善後「太奇怪了」,政治,2026/09/26 11:41,竹北藍白破局，柯文哲今天到宜蘭輔選，重話質疑兩黨主席不善後「太奇怪了！」（記者王峻祺攝）竹北市長選舉「藍白合」破局，外界關注負面情緒是否產生外溢效應，波及新北、高雄與宜蘭等地選情。民眾黨創黨主席柯文哲今天赴宜蘭輔選時，直指竹北破局是「黑天鵝」，但事後大家都不處理，則成了「灰犀牛」，他更將矛頭對準兩黨高層重話直言，「這兩黨的主席總要去談一下怎麼善後，發生我沒有怪誰啦！但不善後到現在為止，我就覺得太奇怪了！」儘管竹北藍白破局引發連帶效應擔憂，國民黨宜蘭縣長參選人吳宗憲仍積極穩住陣腳，強調宜蘭是「藍白合示範區」，與民眾黨地方主委陳琬惠合作無間；民眾黨主席黃國昌日前也定調宜蘭縣長一局「毫無懸念、唯一支持吳宗憲」，力求將選情波動降到最低。請繼續往下閱讀...然而，針對媒體今天向柯文哲提問「竹北藍白破局是否出現外溢現象、會不會擔心波及到宜蘭？」柯文哲說，管理學上，有黑天鵝跟灰犀牛，黑天鵝就是想都沒想到，竟然出現了，灰犀牛就是每個人都知道這個是危機，但是都不去處理，等犀牛衝過來的時候都不曉得怎麼處理。他強調，所謂的外溢效應是先有個事情發生，已經產生效果，那個效應往外擴，以他的經驗，竹北的選舉效應還沒開始。為什麼？打選戰不能先要求雙方不能抹黑、不能攻擊家人，不能動用網軍，不可以買電視廣告，這不可能。柯文哲說，通常選舉打下去很難控制，以前有個笑話，要是不知道以前幹過什麼壞事，選舉一次就知道了。竹北選舉他認為雙方還沒激化，連開始打都還沒有，效益會往外擴多少，坦白講，以這種實際我們有選舉過，就會認為這個還不確定。他說，竹北藍白合破局，是黑天鵝，因為事先我們沒有想到，但是破局後大家都不處理，這才是灰犀牛，所以竹北外溢效益到現在他都還不可預測，那個到底會鬧多大都還不知道，外溢效應他覺得太難預測。柯文哲說，他同樣的話已經講了7、8次，這兩黨的主席總要去談一下怎麼善後，發生他沒有怪誰，但不善後到現在為止，他就覺得太奇怪了。    ,https://news.ltn.com.tw/news/politics/breakingnews/5586621
中秋「茶金」地景開唱後   鄭朝方宣示觀光方向,政治,2026/09/26 11:39,民進黨新竹縣長參選人鄭朝方，昨天短暫回復音樂人身分，在北埔老街、古蹟前開唱。（鄭朝方辦公室提供）民進黨新竹縣長參選人、竹北市長鄭朝方昨晚中秋夜到全縣各地趴趴走拜票，在北埔鄉受邀出席當地的《月光圓圓》晚會，跟2位知名客家創作歌手陳永淘和米莎在縣定古蹟姜阿新洋樓共同演出，短暫放下市政和選務，回到過去音樂人的角色，用歌聲傳承客家文化。鄭朝方說，北埔最迷人的，就在於文化不是被擺在展示櫃裡，而是存在建築、音樂、茶香與每一代人的生活之中。像《月光圓圓》選在姜阿新洋樓舉辦，就是讓歷史空間重新走進當代生活。請繼續往下閱讀...他認為新竹縣未來推動觀光，應從「看景點」走向「體驗地方」，用音樂、藝術、節慶以及歷史場域，創造只有在客庄才能感受到的旅遊體驗。就以北埔為例，他提出「客庄深旅文創產業政策」，主張用老街、古蹟、膨風茶與客家文化，串聯峨眉、寶山的湖泊、農村、自行車與特色產業。鄭朝方說，未來他如果當選縣長，將整合交通接駁、停車資訊、數位導覽、特色商圈以及地方創生，打造「黃金旅遊廊道」，把一日遊進一步發展為深度旅遊，縣府還將扮演整合者，把13鄉鎮市的山、湖、海、客庄以及城市串成不同主題的旅遊路線。鄭朝方昨晚在晚會上再次演唱自己的客語創作〈髻鬃花〉，由米莎吉他伴奏。這首作品是由客家詩人葉國居與鄭朝方共同創作，鄭朝方譜曲的作品。他用「髻鬃花」描寫傳統客家阿婆從清晨忙到日落、為家庭辛勤付出的一生，成為客庄女性堅韌的生命意象；相關專輯曾入圍金曲獎最佳客語專輯。民進黨新竹縣長參選人鄭朝方（中）昨晚在北埔參與晚會傳承客家文化後，今天發表他的觀光政見。（鄭朝方辦公室提供）    ,https://news.ltn.com.tw/news/politics/breakingnews/5586620
川習晚宴中國企業家「全缺席」引關注！葉耀元：中企早已高度受中共控制,政治,2026/09/26 11:39,美國聖湯瑪斯大學國際研究講座教授葉耀元。（資料照）美國總統川普與中國國家主席習近平近日在美舉行峰會，24日晚間川普設宴款待習近平。外媒報導現場沒有中國企業界代表參與，專家分析目前仍在穩定政治局勢階段。對此，美國聖湯瑪斯大學國際研究講座教授葉耀元表示，沒有中國企業界代表出席，是因為中國現在根本就「沒有企業界」了好嗎？共產黨早就通通收編了，要不然你問問華為老闆現在人在哪裡呢？葉耀元在臉書PO文表示，沒有中國企業界代表出席，是因為中國現在根本就「沒有企業界」了，共產黨早就通通收編了，要不然你問問華為老闆現在人在哪裡呢？請繼續往下閱讀...葉耀元指出，美中雙方不管怎麼談，多用力談，都不會在貿易上談出任何實質的結果，一邊要中國市場化，讓美國資本與商品長驅直入（但中國市場化共產黨就失去了對社會的控制）；另一邊要美國將關稅好讓中國產品傾銷美國，繼續延續中國過去的經濟成長好來挑戰美國，你覺得這種相衝突的目標要怎麼談出結果呢？葉耀元直言，穩定什麼政治？不過就演一場戲給大家看說美中沒有打起來，但中國要美國做的事情美國通通不買帳。反正中國最喜歡排場，我就給你們排場，讓你們有了面子沒有裡子。    ,https://news.ltn.com.tw/news/politics/breakingnews/5586518
曾聖凱抨吳旭智議會審查時幹嘛去了   強調不能用「做都做了」放任安全問題,政治,2026/09/26 11:36,民進黨竹北市長參選人曾聖凱針對竹北2座公園，對國民黨吳旭智發動攻擊，質疑對方議會審查時幹嘛去了？強調公共建設不能用「做都做了」放任安全問題不管。（曾聖凱辦公室提供）民進黨竹北市長參選人曾聖凱今天抨擊國民黨參選人吳旭智，明明是現任縣議員，今年6月11日縣議會討論是否拆除福興公園既有廁所時，沒有異議地支持「照案通過」，如今又公開質疑福興公園、縣福公園改善預算是否必要，有責任向大眾說明當時在縣議會是如何審查、後續如何追蹤，這次質疑到底有什麼依據？他也砲轟吳旭智，難道公共建設已出現問題，可以只因為距離前次完工不久就放任不管？請繼續往下閱讀...相關新聞請見：吳旭智點名鄭朝方 應對福興、縣福2公園每分預算必要性說清楚曾聖凱說，市公所說明過福興公園有步道破損、高低落差等問題，縣福公園則有視線死角和照明不足等安全疑慮。工程是否需要改善，應檢視設施現況、使用需求以及方案效益；完工多久，不能成為坐視問題的理由。他另用世興空品區P型車阻為例說，今年7月初他向縣府反映新車阻妨礙輪椅族等通行，縣府回覆已拆除。這種裝了又拆的做法，是施工前沒有把使用者的需求想清楚？真正該檢討的浪費，是不專業的規劃與設計，才會讓改善付出代價，「吳旭智身為議員，又發揮了什麼監督作用」？吳旭智提出公共建設生命週期管理說，曾聖凱則改以城市資訊模型（CIM）為竹北基礎，主張滾動整合更新城市資料，發展「數位孿生城市」（Urban Digital Twin），用於維管公共設施和模擬災害情境；並導入「SROI社會投資報酬率」，從居民需求，評估經費投入帶來的安全、便利與生活品質改善，並納入成本和負面影響，使投入的成本和創造的社會價值都有依據可檢驗。    ,https://news.ltn.com.tw/news/politics/breakingnews/5586593
復刻韓流三山造勢？柯志恩：「韓院長」會給大家「surprise」,政治,2026/09/26 11:28,柯志恩今上午到旗山市場拜票，提到後續旗山大造勢沒有復刻三山造勢、但「韓院長」會在不經意場合給大家surprise。（柯志恩團隊提供）國民黨高雄市長參選人柯志恩今（26）日在旗山市場掃街拜票，被問到是否「復刻韓流三山造勢」？她強調，沒有「復刻」，旗山與岡山本來就是重點區域，同時提到韓國瑜會在不經意場合現身助陣，「會給大家surprise」。柯志恩中秋連假持續走訪基層，昨天在三民區建興市場掃街，今一早由市議員林義迪、市議員候選人李振豪陪同，前往旗山第一公有市場拜票，現場氣氛相當熱絡，不少婆婆媽媽主動擁抱、為柯志恩加油打氣，還有開車路過民眾停等紅燈時，特地搖下車窗伸手與柯志恩握手致意。請繼續往下閱讀...在地攤商則特地送上蒜苗、菜頭與鳳梨等象徵好彩頭的吉祥物給柯志恩，祝福她選情越來越旺，在11月28日順利高票「凍蒜」。被問到後續大造勢、特別是旗山與岡山是否比照過去經典的「三山造勢」，柯志恩澄清沒有復刻、強調旗山與岡山本來就是重點深耕與發展核心區域，未來宣傳與互動策略將更加彈性多元，不一定拘泥於大型造勢，同時提到韓國瑜院長可能不經意現身高雄、不一定是大場合，會給大家surprise。柯志恩進一步提及「藍白合」一直以來都是既定重要策略，點名民眾黨高市三民區議員參選人林于凱是合作對象，只要行程與時間許可，不論是柯文哲主席或是黃國昌主席，雙方都會進行緊密溝通與結合。柯志恩上午至旗山市場拜票。（柯志恩團隊提供）    ,https://news.ltn.com.tw/news/politics/breakingnews/5586617
蔣萬安推出文化小旅行梵谷篇 立委陳培瑜痛批：你真的懂台北嗎？,政治,2026/09/26 11:23,蔣萬安市府近來推出「台北文化小旅行：梵谷篇」，立委陳培瑜對此痛批蔣萬安「你真的懂台北嗎？」（資料照）蔣萬安市府近來推出「台北文化小旅行：梵谷篇」，把梵谷的畫作放進北藝、松菸、北流、北投中心新村等20個文化景點，但立委陳培瑜對此痛批蔣萬安「你真的懂台北嗎？」陳培瑜今天（26日）在臉書表示，國際藝術來到台北當然是好事，但蔣萬安市府這次推出的「台北文化小旅行」活動，最大的問題在於市民走完這趟旅行之後「究竟多認識了多少台北？」請繼續往下閱讀...陳培瑜以高雄流行音樂中心整理「藍寶石大歌廳」的城市故事為例，直指這才是非常成功的城市行銷，高雄市從歌廳出發，找到歌廳周邊的戲院、唱片行、西餐廳、咖啡館、小吃店，甚至找到曾經替康弘製作紅色高跟鞋、替豬哥亮等藝人修鞋的老師傅，最後打開整座城市的記憶。陳培瑜強調，台北市政雖然已經破敗許久，但是台北的文化底蘊卻從來沒有消失，反而是持續積累，「只是蔣萬安有沒有看見？願意看見嗎？」陳培瑜認為，台北這座城市有太多故事可以去做，包括大稻埕的茶行、布行與南北貨、艋舺的寺廟與街庄、北投的溫泉與那卡西、城南的老房子與文學記憶、牯嶺街的舊書攤與小劇場。此外，陳培瑜透露還有西門町的電影、流行音樂與青少年文化，以及近年持續受到關注的文博、動漫展、獨立書店。若談到具體旅行造訪空間，包括明星咖啡館、紀州庵、紫藤廬、殷海光故居、蟾蜍山、寶藏巖等地。陳培瑜說，文學方面還有林海音筆下的城南，以及白先勇、朱天文、朱天心、張大春等一代又一代在這座城市寫作的人；台北的詩有瘂弦、余光中、周夢蝶、鴻鴻；台北的繪畫有郭雪湖畫下大稻埕的繁華，有洪瑞麟走進礦坑畫下勞動者的生命；台北的電影有侯孝賢、楊德昌、蔡明亮的鏡頭；台北的漫畫有敖幼祥、鄭問、謝東霖、阮光明。陳培瑜指出，台北的劇場有蘭陵劇坊、表演工作坊、屏風表演班、鴻鴻與牯嶺街小劇場；台北的音樂可以從北投的那卡西談到校園民歌，從李宗盛、陳昇到五月天，從Live House到今天的北流。陳培瑜認為，更重要的是「真正讓台北成為台北的是人」，因此她相當納悶，台北明明有這麼多故事，為什麼蔣萬安看到台北首先想到的卻是梵谷？她直指問題不是「梵谷跟台北有沒有關係」，真正的問題在於「蔣萬安跟台北的文化，到底有多少關係？」陳培瑜說，如果蔣萬安只認識梵谷當然也可以，同樣能夠切入台北，例如以《夜晚露天咖啡座》帶著大家走進台北的老咖啡館、《吃馬鈴薯的人》讓民眾想起畫家洪瑞麟筆下的礦工、以梵谷畫出亞爾的夜空，來談談郭雪湖如何畫大稻埕。陳培瑜表示，或者也可以從梵谷的畫作出發，帶著大家重新認識台灣藝術史、台北文學史、電影史、劇場史，那才叫國際與在地真正相遇，否則，梵谷就只是梵谷，台北就只是背景。陳培瑜感嘆，蔣萬安和市府團隊把「文化」理解成了IP、把「城市策展」理解成了打卡、把百年現代文化積累的城市變成幾張漂亮照片的背景板。對此，陳培瑜公開向蔣萬安喊話，直指台北真的不缺文化，缺的是真正願意走進巷子、讀讀它的書、看看它的電影、聽聽它的歌，也願意好好理解這座城市的人，「真正的台北文化小旅行，是讓我們重新找到台北，當一個說得出台北城市文化的台北人。」    ,https://news.ltn.com.tw/news/politics/breakingnews/5586602
「洋流」激發對手危機意識？沈伯洋：蔣萬安選情「非常穩」,政治,2026/09/26 11:21,沈伯洋上午到永春市場掃街。（記者甘孟霖攝）民進黨台北市長參選人沈伯洋激起「洋流」，國民黨輔選人士表示，民進黨操作洋流是好事，台北市長蔣萬安最大的危險，是選情太穩定，激不起危機感。沈伯洋今（26）日說，蔣萬安選情真的非常穩，他是挑戰者就是要多說服市民。沈伯洋今上午到永春市場掃街表示，國民黨分析得很棒，就是說蔣萬安的選情真的非常地穩，穩定的領先，他就是一個挑戰者的角色，且蔣萬安人氣也非常高，很多人都很喜歡，所以他的目標很簡單，就是要多多說服市民，為什麼他是更好的選擇。請繼續往下閱讀...有媒體問，民眾問如果穿運動品牌「PUMA」的衣服去投票，會違反選罷法？沈伯洋說，這是好問題，因為這跟他的綽號有關係，但一切還是以中選會的認定為主。另媒體也問到，因涉國安法被民進黨開鍘的市議員參選人朱政騏用黨徽宣傳，北市民進黨部寄存證信函提醒，卻被朱反批是政治操作？沈伯洋說，中山大同就是提名四位參選人，這種情形黨部自然會處理，只是黨籍開除以後黨部能做的事情就比較少，變成要透過法律途徑。    ,https://news.ltn.com.tw/news/politics/breakingnews/5586630
揪感心！沈伯洋永春市場掃街 86歲嬤送鳳梨、支持者塞人參打氣,政治,2026/09/26 11:20,一名86歲奶奶特別拿鳳梨到現場作為贈禮，旁邊另一名支持者則拿著人參。（圖擷取自周軒臉書）民進黨台北市長參選人沈伯洋今天上午到永春市場掃街，一名86歲奶奶特別拿鳳梨到現場作為贈禮，旁邊另一名支持者則拿著人參，政治工作者周軒今日於臉書上傳相關影像直呼：「實在很感動」。周軒今日於臉書發文並附上短片，畫面顯示，一名86歲奶奶贈送沈伯洋鳳梨，旁邊另一男子拿一大盒人參要給沈伯洋補身體，周軒笑說「實在很動感動」。請繼續往下閱讀...網友看到貼文後相繼留言，有人說「人見人愛」、「台北順起來，全體順起來，大家當選，當選！」。    ,https://news.ltn.com.tw/news/politics/breakingnews/5586604
推「幸福新製程」政見摺頁 竹市綠營莊競程：接受市民檢驗,政治,2026/09/26 11:19,民進黨新竹市長參選人莊競程推幸福新製程的政策摺頁，並接受市民逐項檢驗。（莊競程競辦提供）民進黨新竹市長參選人莊競程近期發送「幸福新製程」政策摺頁，以交通、教育、育兒等政見為主，提出新竹捷運4年內動工等明確目標。他說，選市長不能只談願景，更要把要做什麼、何時做到說清楚，他把政見全部攤開，接受市民最高標準檢驗。莊競程表示，新竹有全台最頂尖的科技人才，每天都在替世界解決最困難的問題，但面對自己的城市，除重大建設等不到進展，市民還要面對塞車、教育資源不足、育兒壓力等生活問題。候選人不能只告訴市民問題有多複雜，除提出解方，更要為提出的承諾負責。此次發出的「幸福新製程」摺頁，把對新竹市下一個4年的主張攤開來，從交通、教育到育兒，每一項政策都可接受追問及討論，也接受市民一項一項的檢驗。請繼續往下閱讀...像他承諾當選後新竹捷運4年內動工，新竹人談捷運已談很多年，不能每到選舉又叫市民繼續等。推動捷運不只是蓋一項重大建設，更是希望讓市民少一點時間塞在路上，他提出4年的期限，就會為這項承諾負責。除面對問題，更會找出原因、提出解方、設定進度，再把事情完成。他會把這樣的精神帶進市府，讓政策不只停在選舉期間，是市民可逐項追蹤、檢驗的工作清單。他也強調，政見寫下來就有責任做到，期限說出口就要接受檢驗，「幸福新製程」不只是提出下一個4年政策的摺頁，更是責任與承諾。民進黨新竹市長參選人莊競程推幸福新製程的政策摺頁，並接受市民逐項檢驗。（莊競程競辦提供）    ,https://news.ltn.com.tw/news/politics/breakingnews/5586609
江啟臣住新店？拜票被「摸腰讚體態」 親揭「定居地」真相,政治,2026/09/26 11:18,立法院副院長江啟臣（右2）與市議員李文傑（右3）、楊啓邦（右1），至大甲城隍廟參香祈福。（記者張軒哲攝）距離年底九合一大選投票將進入最後兩個月，中秋連假第二天，競選台中市長的立法院副院長江啟臣今（26）日一早與市議員李文傑、楊啓邦，前往大甲第二公有零售市場掃街，向攤商與採買民眾問候。一行人先至城隍廟參香祈福，隨後步行走入市場，不少攤商熱情高喊「凍蒜」、「高票當選」，還送上象徵「好彩頭」的白蘿蔔，預祝勝選。江啟臣表示，傳統市場是鄉親日常生活的重要場所，除了保留熟悉的人情味，也要持續改善採買環境，他與在地議員共同為大甲第二市場爭取空調，希望讓攤商工作、民眾買菜都能更舒適，讓市場服務與生活品質一起提升。請繼續往下閱讀...連假期間，市場採買人潮絡繹不絕，一位80多歲的阿嬤特地停下腳步，緊握江啟臣雙手為他加油，掃街途中，還有民眾上前摸了摸江啟臣的腰，笑讚他「變瘦了、體態很好」，逗得現場眾人開懷大笑。江啟臣也透過社群直播，與線上網友分享掃街見聞，針對留言詢問是否住在新店，江啟臣當場表示，他一直住在豐原老家，擔任民意代表以來中北通勤；新店則是太太的娘家，清楚回應外界對居住地的疑問。江啟臣現場購買剛出鍋的「兩相好」（炸雙胞胎），一邊品嚐、一邊向網友介紹在地銅板美食，直播也意外成了「吃播」，江啟臣表示，市場最能展現一座城市的生命力，也是感受人情、傾聽民意的地方，了解大家對生活與地方發展的期待，未來將持續攜手地方民代，為鄉親爭取更多建設與福利。立法院副院長江啟臣（右）前往大甲第二公有零售市場掃街拜票。（記者張軒哲攝）    ,https://news.ltn.com.tw/news/politics/breakingnews/5586592
非綠背景節目專訪沈伯洋全接招 蔣萬安拖延通告網酸爆,政治,2026/09/26 11:18,"李四端近期訪問沈伯洋。（圖擷取自「今晚找四端」YT頻道）媒體人詹凌瑀昨表示，民進黨台北市長參選人沈伯洋近期接受李四端與王偉忠專訪創下驚人流量，兩場犀利訪問他都接住了；對比之下，國民黨台北市長參選人、現任台北市長蔣萬安受邀過程卻傳出退通告爭議，至今仍稱「幕僚安排中」，貼文曝光掀起網友議論，網友酸說「市長中秋公休，別吵醒他」。詹凌瑀昨於臉書發文指出，沈伯洋接受李四端專訪，影片24日上架後短短48小時內觀看次數便突破百萬，加上先前王偉忠專訪迄今累積超過304萬次觀看，面對2位非綠背景的資深媒體人進行犀利提問，沈伯洋都接住了，那蔣萬安呢？請繼續往下閱讀...詹凌瑀直言，資深媒體人趙少康早在9月14日就公開透露蔣萬安將上王偉忠節目，後續卻陸續傳出退通告、要提綱、須按照自己的版本，至今仍在「幕僚安排中」。詹凌瑀最後說，面對專訪引發的風波與外界關注，王偉忠這2天發文表示「我只是做了一場訪問」，並特別強調自己的節目從來不用題綱，純粹就是聊天。「沒有點名，但大家都聽懂了」。消息曝光後，許多網友紛紛留言，有人說「鼠來寶說：講不聽只配吃金黃色葡萄球菌配保利達B !讓樹人拿大石塊壓扁講不聽……」、「市長中秋公休，別吵醒他」、「躲到1128就解脫了」、「萬安只想拿王偉忠與趙少康當他的背板，哪是上節目分享他的想法與願景？」。王偉忠日前訪問沈伯洋。（圖擷取自「中廣流行網 i like radio」YT頻道）    ",https://news.ltn.com.tw/news/politics/breakingnews/5586537
「戰貓」來了！蕭美琴今為陳素月後援會站台  搶攻婦女票源,政治,2026/09/26 11:14,彰化縣長參選人陳素月的姊妹暨新住民挺素月後援會今天在其彰化市競總成立，「戰貓」、副總統蕭美琴將出席，拉抬聲勢，搶攻婦女與新住民票源。（記者張聰秋攝）選戰打得火熱，民進黨彰化縣長參選人陳素月今天在其彰化市競總成立「姊妹暨新住民挺素月後援會」，被冠上「戰貓」封號的副總統蕭美琴將為其站台，拉高聲勢，搶攻婦女、新住民票源。4天中秋連假第2天，蕭美琴早上先到鹿港北頭奉天宮、鹿港天后宮及郊行博物館參香、參訪，與地方人士互動，接近中午將出席姊妹暨新住民挺素月後援會成立活動。請繼續往下閱讀...陳素月競總表示，後援會集結婦女及新住民力量，蕭美琴將於會中致詞並與支持者合影，盼凝聚基層向心力、擴大支持面，更希望藉由副總統到場站台，強化陳素月在婦女及新住民族群的支持，贏得勝選。    ,https://news.ltn.com.tw/news/politics/breakingnews/5586590
學歷SJD悄悄變JD！蔣萬安立院簡歷改了 洪健益酸：人設一路下降,政治,2026/09/26 11:14,"沈伯洋上午到永春市場掃街。（記者甘孟霖攝）台北市長蔣萬安今（26）日被爆，在立院簡歷突然被修改，學歷從SJD變JD，引發質疑。民進黨台北市長參選人沈伯洋說，重點還是在蔣萬安現在的能力。民進黨籍市議員洪健益批評，蔣萬安人設從頂點一直往下降，修改學歷證明先前是騙人的，這就是蔣萬安目前的人設。蔣萬安過去以「矽谷律師」當招牌，不過網友發現，先前立法院第十屆蔣萬安英文簡歷，學歷部分原本清楚寫著「Doctor of the Science of Law（SJD）, Carey Law School, University of Pennsylvania（賓州大學法學博士）」，但後續再看，原本的SJD已經不見，變成了「Juris Doctor」 （J.D.，法律博士）。請繼續往下閱讀...洪健益質疑，蔣萬安學歷為什麼要更改？這個學位是一般傳統的博士學位還是台灣俗稱在職專班的學位？他認為，蔣萬安擔心受攻擊、被挑戰，所以更改了學歷，立法院為什麼要因人設事去改這個東西？洪健益說，沈伯洋跟蔣萬安是五五波，誰犯的錯少，誰當選的機會就高，蔣萬安知道這件事情未來可能再引起效應，所以偷偷摸摸地改掉，加上立法院長韓國瑜配合。他批評，這是一個不誠信、不誠實，而且對選民有一點欺騙，雖然不是大錯，但敢寫就要敢承認，現在更改，就足以證明之前是騙大家的，這就是蔣萬安目前的人設。沈伯洋今到永春市場掃街受訪說，細節他還不清楚，不過如果說有誤植，做一些修正應該也還好，他認為就如同之前講的，蔣萬安過去的學歷跟訓練其實不是很重要，重點是蔣現在的能力。洪健益表示，蔣萬安的人設從頂點一直往下降，包含施政能力、口才、英文能力，現在又爆出了疑似更改學歷的一個問題。立法院跟市議會一樣，當你當屆，當屆結束了以後，任期結束了以後，未來要改學歷的話，就必須要由立法院最高首長同意，但是原則上的規定是不能改任何的資料，因為過去的資料是你向中選會所報的資料。台北市議員洪健益（右）質疑，蔣萬安在立法院歷任立委簡介中的學歷突然更改，批評是不誠信、不誠實，如今擔心受攻擊、被挑戰就改。圖為台北市長參選人沈伯洋（中）8月30日走訪永春市場拜票。（資料照，記者陳逸寬攝）    ",https://news.ltn.com.tw/news/politics/breakingnews/5586614
林國漳挨咬昔任性侵犯辯護律師 柯文哲聲援：醫生不會挑病人,政治,2026/09/26 11:03,民眾黨創黨主席柯文哲今天到宜蘭輔選。（記者王峻祺攝）國民黨宜蘭縣長參選人吳宗憲陣營近日抨擊民進黨參選人林國漳，緊咬過去擔任律師時曾替性侵、詐欺等重大刑案被告辯護，質疑其「公益律師」的「人設」。面對藍營狂潑政治髒水，民眾黨創黨主席柯文哲今天（26日）受訪時聲援「這沒有什麼奇怪的地方」，舉過去連勝文、邵曉鈴到台大醫院就醫為例，強調「醫生不會挑病人，律師自然也不會挑委託人」！選戰倒數，藍綠白陣營針對律師承辦案件大打政治攻防，部分民代連日大動作，抨擊林國漳過去的辯護紀錄，引發地方對「公益律師」定位的爭議。不過法界人士多認為，爭論雖可繼續，但法治社會的底線應當守住，即「律師的辯護，絕不等於認同被告行為」。請繼續往下閱讀...針對政敵攻擊林國漳曾替重大刑事案件被告辯護一事，柯文哲今天受訪時直言「這沒有什麼奇怪的地方！」以前他在台大當醫生的時候，胡志強的老婆邵曉鈴需要裝葉克膜，他也去支援，連勝文中槍，那時候他是創傷醫學部主任，阿扁身心症，他還是醫療小組召集人。柯文哲說，人家問他是藍的還是綠的？但對他來說，「他們」都是病人，對律師來講，「他們」就是被告，這有什麼好挑的？這種事情不需要討論，雖然他不清楚案件的細節，不過覺得就好像醫生也沒有去挑病人，來就是病人嘛！那對律師來講，本來就是被告嘛！就是那種法律的委託人，所以他覺得這也沒什麼奇怪的地方。    ,https://news.ltn.com.tw/news/politics/breakingnews/5586603
才稱柯文哲像失智老人 陳佩琪批司法打壓、喊著要開國際記者會伸冤,政治,2026/09/26 10:58,前台北市長柯文哲涉及京華城與政治獻金等弊案，柯妻陳佩琪多次對外表達不滿，近日她除了再提柯文哲去年剛離開羈押環境時，整個人像失智老人，也聲稱已經在準備開國際記者會。（圖擷自臉書）前台北市長柯文哲涉及京華城與政治獻金等弊案，柯妻陳佩琪多次對外表達不滿，近日她除了再提柯文哲去年剛離開羈押環境時，整個人像失智老人，昨日她更在政論節目聲稱，為了幫柯文哲伸冤，她已經在準備開國際記者會，還稱「我相信我的英文會比賴清德、比林佳龍都還好」。民眾黨前主席柯文哲因京華城案、政治獻金案等遭檢方偵辦，本週適逢中秋節，陳佩琪24日在臉書發文稱，去年中秋節時，丈夫剛離開那終日不見陽光的酷刑監獄1個月，當天傍晚帶著柯文哲前往中正紀念堂散步，卻發現丈夫思緒不清楚，也會害怕空曠的地方。請繼續往下閱讀...陳佩琪也稱，兩人在廣場沒走多久，柯文哲就嚷著想回家，她認為這是因丈夫長時間未接觸外界人群，在嘗試與柯談起這一年社會發生的事情，柯也都跟不上話題，讓她感覺「整個人真像是個失智老人般」。陳佩琪也批「先生官司中的法官，可以把白的掰成黑的，他們自許如上帝般有著至高無上的權力，大筆一揮， 操人生死，要關就關，要押就押」。昨日陳佩琪接受TVBS網路節目專訪，她再次質疑司法打壓，覺得這2年受到許多不公平待遇跟壓迫，並稱最後悔的是當初沒有召開國際記者會，因為在案件偵查不公開的條件下，受害者家屬沒有辦法向外發聲，她還批評為什麼沒有媒體、社會意見領袖願意幫他們發聲？並指現在9成9都是綠媒，「不會把我們的正義之聲散發出去」。陳佩琪也自稱擁有口才、膽識、面對群眾的能力，並指為了幫柯文哲伸冤，已經在準備召開國際記者會，陳佩琪也說「就是因為清白，我才敢去開國際記者會！台灣司法不能夠再這樣子沉淪下去了！」她也提到「我其實準備蠻久的時間，英文會比賴清德、比林佳龍都要好。」    ,https://news.ltn.com.tw/news/politics/breakingnews/5586494
北市府變戰狼狂喊「翻車、上車」！網友怒：丟不丟人啊,政治,2026/09/26 10:55,蔣萬安和殷瑋。（資料照）日前民進黨台北市議員簡舒培爆料金華國中有學生吃小卷腹瀉，質疑營養午餐食安出問題。台北市教育局新聞稿強調該校沒有集體食物中毒，反覆點名簡舒培「偷換概念」、「執迷不悟」、「翻車」、「造謠汙衊」，喊話民進黨市長參選人沈伯洋「看到翻車還上車」。網友質疑這種用詞根本不像是個政府機關，怒轟「拿公帑給公務人員當競選總部喔？好扯」、「北市府新聞稿竟然用『翻車』、『上車』這種字眼，丟不丟人啊」！台北市政府24日新聞稿指出，「針對簡舒培議員今（24）日再次指控金華國中營養午餐事件，以及沈伯洋委員指控市府『把攤開事實討論的人說成造謠』」，「簡議員卻執迷不悟、繼續偷換概念地指控，而沈委員舉不出實證還要跟進已經翻車的謠言、顛倒黑白、繼續污衊辛苦守護校園食安的一線同仁，教育局表達強烈譴責；事實很清楚，教育局與校方昨日也清楚說明，事實很清楚：金華國中並沒有發生食物中毒事件」。請繼續往下閱讀...新聞稿還點名「簡議員該先承認：『多個班級、甚至導師室集體腹瀉、嘔吐』不是事實，教育局指出，從簡議員臉書第二篇發文可看出，她無法證實有更多案例、更無法證實是食物中毒，只以『一名學生曾腹瀉』偷換概念；簡議員該先承認錯誤，他一開始發文所稱的『多個班級、甚至導師室集體腹瀉、嘔吐』不是事實」。教育局在新聞稿中強調，已清楚說明，校方接獲1名學生反映9月4日曾有腹瀉情形，另有2名學生反映身體不適，但症狀不同，其他師生無相關反映；「議員不該繼續混淆視聽、散播不實恐慌」，「『9月4日到現在毫無反應』不只不是事實，更再度偷換時序」。北市府反批，誣指市府「把攤開事實討論的人說成造謠」是沈委員再次認知作戰？教育局表示，「沈委員無憑無據、反過頭來誣指市府造謠，難道又是認知作戰？有心人士難道要做賊喊抓賊」？強調「午餐樣本全部都不見」、「教育局動員家長、志工掩蓋」皆為議員再次不實指控。新聞稿點名簡舒培指控教育局「動員家長、動員志工、動員教育局來掩蓋」是「無憑無據、含血噴人」，「議員不只執意造謠污衊基層教育同仁，現在甚至將栽贓範圍擴大到家長、志工，這絕非社會大眾所能接受，呼籲議員早日認錯、回頭是岸」。市府還喊話簡舒培、沈伯洋「應就無端造成社會恐慌道歉、也要向被污蔑的基層教育同仁、志工道歉，網路上造謠傳謠的有心人士也應停止不法行為」。網友將市府新聞稿截圖PO在社群平台，留言怒轟「台北市政府車你老師，車你全家！我拜託寫新聞稿的去讀書，別人會以為我們首都的市長學歷造假，其實是國中畢業。」、「1999官腔官調的，結果正式的新聞稿跟PTT網友留言一樣」、「北市府新聞稿竟然用『翻車』、『上車』這種字眼，丟不丟人啊！然後根本違反行政中立，不是交待調查過程，竟然是管別人要作什麼，以為自己是蔣萬安競辦的人嗎？」、「這是真的新聞稿嗎？ 太可怕了吧」    ,https://news.ltn.com.tw/news/politics/breakingnews/5586569
何秀綿涉賄收押！對手葉忠倫喊「勿枉勿縱」支持者質疑被設計,政治,2026/09/26 10:54,何秀綿宣布參選時畫面。（何秀綿競總提供）苗栗縣竹南鎮長參選人何秀綿因涉嫌賄選被法院裁定羈押禁見，為地方選情投下震撼彈。其對手無黨籍參選人葉忠倫今接受媒體訪問時表示，案件已進入司法調查程序，一切尊重司法並靜待調查，秉持「勿枉勿縱」原則。葉忠倫指出，選舉應是「選賢與能」且公平競爭，大家都不樂見賄選發生，既然案件已進入司法調查程序，一切尊重司法並靜待調查，秉持「勿枉勿縱」原則，若確實有不法動作當然不好，但若無其事也應還給當事人清白。請繼續往下閱讀...另一方面，媒體前往何秀綿競選總部訪問，支持者說何秀綿性格豪爽，從政十幾年來的努力大家有目共睹，當前聲勢良好「根本不需要去賄選」；支持者說，據了解何當時僅是受邀前往參加客廳會，懷疑過程中遭有心人士「設計」與陷害，才會被牽著走演變成如今局面。何秀綿涉賄遭羈押，對手葉忠倫喊「勿枉勿縱」。（民眾提供）    ,https://news.ltn.com.tw/news/politics/breakingnews/5586558
蔣萬安中秋連假神隱？ 沈伯洋：市政問題多可能想休息一下,政治,2026/09/26 10:50,台北市長參選人沈伯洋26日前往永春市場掃街，向民眾請託拜票。（記者方賓照攝）年底就要九合一大選，民進黨台北市長參選人沈伯洋近來聲勢逐漸抬升，反而台北市長蔣萬安在中秋連假第一天卻神隱，被解讀是避免「硬碰硬」。沈伯洋今（26）日受訪表示，市政問題不少，非常忙碌，蔣可能想休息一下。沈伯洋今上午到永春市場掃街，會前受訪說，因為最近市政問題真的是不少啦，就是我們最近路樹的問題又重新浮現出來，營養午餐的問題也浮現出來，然後之前講的鮮奶的兌換率也是問題，兒虐的問題也還沒有解決，蔣市長可能很忙啦，在那麼忙的狀況之下，所以可能想要休息一下，也是有可能啦。請繼續往下閱讀...另媒體也問到，近期是否有網軍要抹黑沈先前到五分埔掃街推倒老人，但本人有出來回應打臉？是藍營側翼要避免綠營勢頭繼續上升？沈伯洋說，全程都有直播，畫面會說話，有看的人就知道事實不是如此；不過也要提醒，掃街的行程還是滿多的，尤其是市場，那大家一定要注意安全。沈伯洋也說，這種側翼的抹黑，覺得在這場選舉裡面已經漸漸變的無效，流量越來越低，因為現在都有直播，大家也不喜歡這種負面的這種抹黑，最後大家要看的都還是政見，要看的就是市政，他認為這樣子的這個精神，才是大家喜歡的。針對「文化小旅行：梵谷篇」被質疑，藍營議員舉黃色小鴨回擊，沈伯洋說，有這些國外的藝術來到台灣，這個完全不會是問題，但是來了之後，要怎麼來跟地方上的做連結，這個就是我們能夠做的事情。所以他昨天有提到洪瑞麟，郭雪湖我可能還沒有特別提到，那還有提到波麗路，所以其實呢就是梵谷的背景，比如說他做過礦工的背景，又或者說呢他今天在哪裡學習過，台灣有沒有在這邊也有繼承這樣的一個繪畫的方式，這些都是可以跟台灣做連結，沒有人會說梵谷不能來，梵谷來了當然是很好，但是梵谷也可以帶著大家來認識我們台北的歷史，台北的畫作。沈伯洋今早到永春市場掃街受訪。（記者甘孟霖攝）台北市長參選人沈伯洋26日前往永春市場掃街，向民眾請託拜票。（記者方賓照攝）    ,https://news.ltn.com.tw/news/politics/breakingnews/5586578
蕭美琴鹿港老街品嚐世界冠軍冰淇淋  大讚台灣之光,政治,2026/09/26 10:44,蕭美琴吃冰淇淋（記者湯世名攝）副總統蕭美琴今天到彰化縣鹿港奉天宮丶天后宮參拜，大批熱情民眾夾道歡迎；蕭美琴還品嚐世界冠軍冰淇淋，大讚是台灣之光。今天是中秋連續假期第二天，鹿港老街擠爆遊客，副總統蕭美琴由民進黨彰化縣長參選人陳素月陪同，先後來到奉天宮丶天后宮參香，受到宮廟人員跟大批信眾熱情歡迎。蕭美琴吃冰淇淋（記者湯世名攝）蕭美琴造訪鹿港老街，受到民眾夾道歡迎（記者湯世名攝）蕭美琴奉天宮贈匾（記者湯世名攝）    ,https://news.ltn.com.tw/news/politics/breakingnews/5586589
「洋流」明到台中助攻何欣純  4小時跑3場,政治,2026/09/26 10:39,沈伯洋明赴台中助選「4小時3場」，傳台中場可能是最後一場外縣市助選活動。（何欣純競總提供）民進黨台北市長參選人沈伯洋日前接連到高雄、桃園為黨籍市長參選人賴瑞隆、黃世杰站台，大玩SUP與逛中壢夜市，所到之處掀起「洋流」風潮，明（27）天他也將到台中與市長參選人何欣純合體造勢。沈伯洋明天上午8點多將前往台中，短短4個小時連跑3場助選活動，首站先到元保宮，與民眾及北區議員參選人簡嘉佑、北屯區議員陳信秀比賽戰鬥陀螺；接著10點到審計新村與何欣純合體，展開城市走讀的民眾見面會，一路走到市民廣場；最後再到何欣純競總，參與百工百後援會成立。請繼續往下閱讀...沈伯洋助選人氣旺，各界爭相邀請助選，明天站台活動橫跨北區、西區、南屯區，預估人潮洶湧，動員人力、警力相當多，動線及活動排安繁複，引發參與競選團隊的焦慮。包括一開始助選行程安排在水安宮，考量活動設計問題，另覓他處，要找到能容納人潮的地點，且能規劃親近台中、符合在地競選需求，以及與雙方形象的政見的活動，讓競選團隊相當燒腦，經多方折衝，最後安排打戰鬥陀螺、城市走讀及參加後援會。由於沈伯洋在台北的競選行程相當忙碌，原本台中行程只有安排3個小時左右，擔心活動時間不足，活動進行到一半就要離開，反而引來抱怨，最後決定延長1個多小時，但動員人力、警力、交通及維安配合，也擔心有民怨。    ,https://news.ltn.com.tw/news/politics/breakingnews/5586567
新北歌仔戲迷有福！李四川曝扮妝 蘇巧慧邀唐美雲9/27演出,政治,2026/09/26 10:38,民進黨新北市長參選人蘇巧慧（中）今（26）日一早前往新店區參加十四張斯馨祠活動。（記者黃子暘攝）把握中秋、教師連假假期，民進黨立委、新北市長參選人蘇巧慧日前分享以一日學徒身份體驗歌仔戲班文化的經驗，今（26）日一早前往新店區參加十四張斯馨祠活動，明天將在三重區向日葵廣場舉辦唐美雲歌仔戲團表演。無獨有偶，國民黨對手李四川昨日也貼出歌仔戲扮相。被問及明日是否也將粉墨登場？蘇巧慧笑稱，「舞台還是留給專業的人來啦」，若有機會擔任市長，將加強新北的文化產業扶持與量能。蘇巧慧說，斯馨祠有200多年歷史，是新店最古老的土地公廟，非常感謝主委林文雄帶著大家一起把廟宇顧得很好，也期待土地公能夠保佑風調雨順、闔家平安。請繼續往下閱讀...蘇巧慧自嘲表示，她的影片拍出來應該是博君一笑，但有機會，其實還是想多練習，拋水袖是她從小的夢想，但要拋得漂亮，是不簡單的，不過正是因為有這樣的接觸，可帶領新一代的台灣年輕人再次接觸我們的傳統文化與藝文產業，也邀請大家多看、多學、多接觸，也邀請大眾明天到三重向日葵廣場，欣賞國寶級歌仔戲名伶唐美雲演出的「龍鳳情緣」，越多觀眾，演出者也會越有動力，大家一起來讓台灣的創作環境更蓬勃發展、多元漂亮。另外，被問及李四川也拋出文化政見，蘇巧慧強調，影視音產業協拍、ACGN產業推動，以及她過去推動的「公共借閱權」，讓作者、譯者的出版著作在圖書館被借閱，也能得到一定的報酬，這週大家又收到了新一波的報酬金，看起來都還蠻開心的，而且透過借閱數字，也讓作譯者知道說「原來我的書在圖書館真的會有人看」，也是一個鼓勵、動力。蘇巧慧指出，像她的親子podcast「水獺媽媽巧巧話」，每一個故事都是和出版社合作，推廣台灣自己作者、繪者的好故事，盼讓台灣好的創作者能夠被看見，未來若有機會帶領市府，她會用市府的力量再加強這一方面，讓新北變成一個大平台，讓所有的好作品再利用新北的山海特色做更多元的展現，她會繼續走每一區，爭取未來一起讓新北每一區都漂亮。    ,https://news.ltn.com.tw/news/politics/breakingnews/5586580
苗栗查賄選、網路影射「政治操作」 民進黨：拒絕政治口水消費,政治,2026/09/26 10:26,針對苗栗檢警查察賄選，對於網路刻意影射「政治操作」的言論，民進黨苗栗縣黨部強調，反對政治口水消費，圖為苗栗縣黨部外觀。（民進黨苗栗縣黨部提供）針對近期苗栗檢警調查察賄選，引發社會關注，對於網路刻意影射「政治操作」的言論，民進黨苗栗縣黨部今（26）日發出聲明強調，有具體事證請依法提出，若無憑無據，切勿將司法案件簡化為政黨惡意攻防，干擾社會理性討論，更拒絕政治口水消費。對於竹南鎮長參選人何秀綿，被指控涉嫌賄選案，遭苗栗檢方聲請羈押獲准，民進黨苗栗縣黨部今天指出，全案已進入司法程序，該黨尊重檢調獨立辦理、法院裁定，以及當事人依法辯護的權利。請繼續往下閱讀...此外，民進黨立場一向是支持乾淨選舉、反對任何非法介入，並堅定捍衛司法獨立。苗栗發展應回歸地方民生，真相交由司法依事證釐清，拒絕政治口水消費。    ,https://news.ltn.com.tw/news/politics/breakingnews/5586559
「欣食尚玩家」何欣純豪邁喊「呼乾啦」介紹台中隱藏冠軍,政治,2026/09/26 10:06,何欣純豪邁喊「呼乾啦」，推廣烏日啤酒廠「欣景點」。（何欣純競總提供）☆飲酒過量  有害健康  禁止酒駕☆ 中秋節連假，民進黨台中市長參選人何欣純應景拍「欣食尚玩家」，介紹台中烏日啤酒廠，何欣純強調，烏日啤酒廠是全台生產最多品項啤酒的啤酒廠，目前仍沿用世界僅存的銅製糖化槽釀酒，更有打開水龍頭就可以新鮮喝的「啤酒刺身」，她舉超大杯啤酒喊「呼乾啦」，強調，台中有很多隱藏冠軍，未來她都會幫大家找出來，擦亮「欣」景點推廣城市觀光，影片上架不到一天就吸逾9萬點閱。中秋節連假不少人聚餐、烤肉會月下小酌增過節情致，何欣純走進研發金牌啤酒及18天台灣生啤酒等人氣產品的烏日啤酒廠，拍「欣食尚玩家」短影音，以輕鬆逗趣的方式介紹酒廠特色，影片中何欣純還拿著超大杯啤酒，豪邁大喊「呼乾啦」，輕鬆介紹節奏明快並附有「禁止酒駕、未滿18歲禁止飲酒」的影片，上架不到一天就吸逾9萬點閱。請繼續往下閱讀...何欣純說，烏日啤酒廠1968年生產啤酒迄今，除仍沿用絕無僅有的銅製糖化槽釀製啤酒，還有在現場打開水龍頭就能新鮮喝的「啤酒刺身」，可以介紹釀酒文化，又有娛樂、消費性，且緊鄰高鐵台中站與台中捷運綠線烏日站，從捷運站步行只需約3分鐘即可抵達，外來遊客可以當作觀光台中的第一站。她說，但過去烏日啤酒廠未能充分與台中結合行銷相輔相成十分可惜，台中有很多隱藏冠軍，若能加強行銷推廣，可以打造台中觀光旅遊特色，未來她會一一幫大家找出來，擦亮「欣」景點推廣城市觀光。何欣純競選總部指出，何欣純的「欣食尚玩家」目前已拍攝介紹過清水眷村文化園區、台中忠孝路夜市，未來持續加碼讓市民甚至外地客認識台中好吃好玩景點。☆飲酒過量  有害健康  禁止酒駕☆烏日啤酒廠是台啤的3大酒廠之一。（何欣純競總提供）☆飲酒過量  有害健康  禁止酒駕☆ 烏日啤酒廠仍保存傳統的啤酒發酵工藝以絕無僅有的銅製糖化槽釀製啤酒。（何欣純競總提供）☆飲酒過量  有害健康  禁止酒駕☆     ,https://news.ltn.com.tw/news/politics/breakingnews/5586545
自由觀點》是否該留台灣? 沈伯洋與高為元的時空交會,政治,2026/09/26 10:00,    ,https://news.ltn.com.tw/news/politics/breakingnews/5586114
中秋曬超辣照！「王妃」鎖定佀廣洋 網嗨喊：下猛藥了,政治,2026/09/26 09:16,國民黨立委萬美玲之子佀廣洋爆出許多爭議，網紅「小商人」派出正妹JKF女郎「Angela寶7」改名為「王妃天崩開局穿越整頓霸凌者佀廣洋」（見圖）對尬參選。（圖擷自臉書）國民黨立委萬美玲之子佀廣洋爆出許多爭議，今年競選桃園市議員成為焦點；網紅「小商人」派出正妹JKF女郎「Angela寶7」改名「王妃天崩開局穿越整頓霸凌者佀廣洋」（以下簡稱「王妃」）對尬參選。昨日中秋節，「王妃」也在社群化身嫦娥祝賀大家中秋快樂，火辣裝扮也讓網友直呼「這有點太刺激了」、「王妃你這是下猛藥了」。「王妃」日前完成登記參選桃園市議員，她透露改名的用意是象徵「穿越回來、糾正世襲」，特殊又冗長的姓名隨即在網路引發話題，她也表示自己不會募款，若獲得補助款將全數捐助動物團體。請繼續往下閱讀...昨日適逢中秋節，「王妃」也在社群分享道賀文，只見她身穿粉色露肩上衣、頭戴白色兔耳髮箍，手裡還抱著柚子，還在貼文戲稱「奔月失敗，仙女繼續留在人間。祝大家中秋快樂，月圓人團圓！」在文末也標註「桃園區議員參選人」及改名後的全名。這番發文引發網友討論，紛紛留言直呼「太美了」、「王妃加油」、「恭喜天妃續留人間，差點人間就沒有仙女」、「來看嫦娥奔月失敗」。也有人直言「希望你的名字成真」、「還要留著治霸凌的當然不能回去」、「就留在地球吧！代替月亮懲罰1B 」、「祝王妃天崩開局穿越整頓霸凌者佀廣洋高票當選」。「王妃天崩開局穿越整頓霸凌者佀廣洋」昨在社群化身嫦娥祝賀大家中秋快樂，火辣裝扮也讓網友直呼「這有點太刺激了」、「王妃你這是下猛藥了」。（圖擷自臉書）    ,https://news.ltn.com.tw/news/politics/breakingnews/5586483
蔣萬安立院簡介改了！網友才點名假學歷 吳靜怡質疑：特權？竄改？,政治,2026/09/26 09:16,"台北市長蔣萬安。（資料照）年底選舉進入衝刺階段，台北市長蔣萬安近日卻爭議不斷，甚至爆出外界質疑其求學經歷，蔣近日重申學歷資料都是公開可以查證。不過媒體人吳靜怡今上午發文指出，蔣萬安在立院簡歷突然被修改，學歷從SJD變JD，對此吳靜怡質疑，為什麼立法院的頁面居然被改寫？是蔣萬安有特權，還是頁面被竄改？立法院應當調查，並解釋清楚。蔣萬安過去以「矽谷律師」當招牌，近期不僅遭翻出受邀於哈佛大學演講英文卡詞，知名時政評論YouTuber「馬司庫」也質疑蔣萬安的學經歷造假。請繼續往下閱讀...吳靜怡在臉書發文指出，「SJD」怎麼突然消失了？蔣萬安立院簡歷從SJD變JD！請問蔣萬安SJD當初怎麼來的？立法院請公布誰登載、誰申請、誰核准，以及9月25日修改紀錄！吳靜怡表示，有網友公開貼出立法院第十屆蔣萬安英文簡歷，Education欄原本清楚寫著「Doctor of the Science of Law（SJD）, Carey Law School, University of Pennsylvania」，並公開要求蔣萬安提出相關學位證明。依網友公布的後續截圖，9月25日晚間22時47分再進入同一網址時，原本的SJD已經不見，變成了「Juris Doctor」。她今天直接查立法院這個第十屆英文簡歷頁面，目前看到的也確實是JD。對此吳靜怡質疑，「立法院網頁花生省魔術？居然蔣萬安的學歷突然被改寫？」吳靜怡強調，現在透過搜尋系統查詢同一個立法院網址，搜尋索引仍然抓得到先前版本，Education欄還留著完整的「Doctor of the Science of Law（SJD）」文字，換句話說，網頁現在是JD，搜尋索引卻還殘留SJD。這可以證實網友所說的，原網站內容有被修改過！而且已經形成可以彼此對照的數位痕跡。對此吳靜怡也發問，「蔣萬安，你那立法院第十屆那個SJD究竟從哪裡來？又為何可以即刻修改？」吳靜怡提到，賓州大學法學院自己的官方資料也很清楚，介紹蔣萬安時寫他是「LLM’04, L’06」，並明確表示他是少數在Penn取得LLM後繼續取得JD的校友；同一篇文章談到蘇巧慧時，才使用「SJD program」，這至少顯示Penn自己的校友資料對JD與SJD是明確區分的。吳靜怡也指出，立法院第十屆頁面明載，委員個人簡介由人事處維護，學經歷等資料來源包括各屆立委選舉公報；若當屆資料需要變更，要依「立法委員網頁簡介變更維護單」辦理，而且最後清楚寫著「逾當屆次資料不再開放修改。」所以，蔣萬安的頁面為什麼突然可以即刻修改？吳靜怡直言，蔣萬安的菜英文被笑成「晶晶體」，各方面能力被遭受質疑後，學歷的部分就會被放大檢視，面對質疑蔣萬安拿出論文等證明就好，如今被質疑為什麼立法院的頁面居然被改寫？是蔣萬安有特權，還是頁面被竄改？立法院應當調查，並解釋清楚。相關新聞請見：蔣萬安被質疑特權改網站學歷 北市府稱「立院廠商翻譯問題」學歷SJD悄悄變JD！蔣萬安立院簡歷改了 洪健益酸：人設一路下降蔣萬安立院學歷SJD變JD遭抓包！林智群酸特權吳靜怡今上午發文指出，蔣萬安在立院簡歷突然被修改，學歷從SJD變JD，對此吳靜怡質疑，為什麼立法院的頁面居然被改寫？是蔣萬安有特權，還是頁面被竄改？（圖擷自臉書）    ",https://news.ltn.com.tw/news/politics/breakingnews/5586477
沈伯洋再上李四端節目「破圈」！趙曉慧：藍媒開始願意面對面了解他,政治,2026/09/26 09:02,媒體人李四端（左）YouTube節目「今晚找四端」訪問台北市長參選人沈伯洋（右）。（擷取自李四端臉書）台北市長參選人沈伯洋近期勇於挑戰異溫層，接受外界普遍認為背景泛藍的節目主持人專訪，包括製作人王偉忠、主持人李四端專訪的影片上架後都獲得好成績。對此，作家趙曉慧表示，沈伯洋現在取得最大的成效是，讓藍營的媒體願意開始面對面了解他，給他一次現身說法的機會，直球面對藍營支持者對他的諸多疑慮，這真的是「破冰」、「破圈」，大好事！大好事！趙曉慧在臉書PO文表示，李四端專訪沈伯洋的犀利度，遠勝於王偉忠，不愧是一哥級的資深新聞工作者。但沈伯洋的回答，也是「準市長」等級的高水準表現，王偉忠作為藍營專訪沈伯洋，問過的問題，李四端當然沒有必要重複，「如果要將這兩次的專訪來做區分，我認為，王偉忠的切入點是在『認識沈伯洋』這個人，李四端的切入點則是『沈伯洋怎麼當好一個市長』」。請繼續往下閱讀...趙曉慧指出，沈伯洋在李四端節目裡的回答，「我只有一句話，就是以準市長的角度，在市長的權責內、按照市政運作的 SOP 流程，一一解答」，「說穿了，這次專訪很像一個場景，李四端是台北市議員，對台北市長沈伯洋提出質詢」，問A答A，結束後再轉場到問B答B，非常有條理，「我覺得雙方的水準都很高」。趙曉慧分析，沈伯洋的對答方式，有三大特質，第一為系統性解決問題能力，沈伯洋在回答如何解決一個市政問題時，會同時兼顧從「動機」、「法規」、「時間表」、「預算」、「人力」、「執行流程」、「效果」等，他的思考方式是「見樹又見林」，是深思熟慮的人；第二為用客觀事實回答尖銳問題，蔣萬安的執政效能不足，沈伯洋能提出客觀的數據或現象，讓證據自己說話，說服力很夠，而且是就事論事，例如他提到蔣萬安的施政風格，偏向無為而治力求「不要出錯」，但這會導致於作風偏向保守，下面的人也會跟著求不出錯，提到柯文哲，進入第二任後，人際關係與利益關係變多，加上開始考慮組黨與往更高層級發展，焦點有點跑掉了，上述他的對答，全都是各界對蔣萬安、柯文哲的共同觀感，很有說服力，避免直接說出「無能」、「吃碗內看碗外」這種直白又辛辣的措辭，把場面弄僵，仔細體察，沈伯洋的對答裡「幾乎沒有任何個人情緒」，跟他談話很舒服，即使是與敵手陣營對談，他也不會搞砸場面的氣氛，讓人願意跟他繼續談下去，這很厲害，個人的品德修養很夠！趙曉慧續指，第三為緊扣「回歸市政」不跑題，選戰一定會遭遇到烏賊戰術、聲東擊西戰術、請君入甕戰術，尤其是單純的市政議題被泛政治化，但沈伯洋就是有辦法一一化解，他只有一招也是最厲害的一招，就是「凡事回歸市政」：這件事情對市民有什麼好處、這能不能促進台北市的進步、你對台北市未來的想像是什麼，一樣是就事論事，不跑題。趙曉慧補充，總之，不要懷疑沈伯洋「從政才三年」拿什麼入主台北市政府，「他早就準備好以準市長之姿在打選戰」，從沈伯洋擅長溝通的能力來看，比對過去的履歷，始終都在面對棘手的問題、面對混亂與複雜、置身泥巴與肉搏，但總是能做出最溫和的溝通、最有條理的拆解，沈伯洋現在取得最大的成效是，「讓藍營的媒體願意開始面對面了解他，給他一次現身說法的機會，直球面對藍營支持者對他的諸多疑慮」，這真的是「破冰」、「破圈」，「大好事！大好事」！趙曉慧直言，接下來市政電視辯論會，相信沈伯洋的表現依舊會是高水準，把市民放在第一位，就事論事討論市政議題，把政治操作降到最低，至於蔣萬安會拿什麼水準出來表現，要不要也破圈到綠營媒體接受面試，這就不知道了。沈伯洋（右）接受王偉忠（左）專訪（翻攝自YouTube）    ,https://news.ltn.com.tw/news/politics/breakingnews/5586476
沈伯洋上王偉忠、李四端節目！粉專：「破圈」不是把對方變自己人,政治,2026/09/26 08:51, 民進黨台北市長參選人沈伯洋（資料照）民進黨台北市長參選人沈伯洋近期接連接受王偉忠、李四端專訪，引發討論。對此，粉專「聲量看政治」表示，從兩場節目後續流量來看，不只沈伯洋接觸到不同受眾，主持人與節目本身也獲得更多關注，呈現雙向擴散效果。臉書粉專「聲量看政治」PO文表示，沈伯洋9月10日接受王偉忠《欸！我說到哪裡了？》專訪，影片兩天突破134萬觀看，截至9月25日已超過313萬，超越該頻道過往熱門訪談。這場訪問採取較自由的聊天形式，從個人經歷、政治一路談到台北市政，讓觀眾有機會從長時間對話了解沈伯洋的思考方式。請繼續往下閱讀...粉專指出，王偉忠過去也曾表示，訪問政治人物不分立場，節目通常不提供訪綱。沈伯洋事後透露，節目錄完後兩人仍繼續聊天。王偉忠的訪談風格較偏向自由聯想，在看似閒聊的過程中穿插不同問題，也讓這場訪問與傳統政治專訪有所不同，相較之下，李四端的訪問更集中在市政與政策。節目從民調、行政經驗、政策財源一路談到兩岸交流，並直接詢問沈伯洋為何認為台北市需要政黨輪替，以及如何看待與中國的交流。粉專續指，沈伯洋也透露，正式錄影前，他與李四端已先聊了三、四十分鐘。節目中面對連續追問，他多從制度、財源、執行方式與風險等面向回應，使這場訪問呈現與王偉忠節目不同的節奏，兩場專訪也替節目帶來流量。《今晚找四端》原先YouTube頻道約有5000名訂閱者，沈伯洋專訪上架約一天後增至7710人，影片觀看數也在一天左右突破90萬。這顯示受訪者接觸不同觀眾的同時，主持人與頻道也可能因此觸及新的受眾。值得注意的是，王偉忠專訪爆紅後，部分網友因政治立場對他貼上標籤。沈伯洋則公開表示，不應因一次訪談就替主持人重新劃分政治立場，強調王偉忠原本就是以相同方式訪問不同政治人物。粉專分析，從王偉忠到李四端，兩場訪談呈現不同形式的政治溝通：一場透過聊天降低距離，一場透過追問檢視政策論述。主持人不必認同受訪者，受訪者也不必要求主持人友善；讓問題被完整提出、答案接受檢視，觀眾再自行判斷。粉專直言，這也讓「破圈」出現另一種意義。它未必代表把不同立場的人變成支持者，而是讓原本缺乏交集的人願意坐下來對話。當政治人物與不同立場的媒體仍能交流，受益的不只是節目或候選人，也包括希望聽見更多不同聲音的觀眾。    ,https://news.ltn.com.tw/news/politics/breakingnews/5586479
直擊台北停車格「塗銷不乾淨」 周軒：告示牌放1個月仍沒撤,政治,2026/09/26 08:14,台北市長蔣萬安。（資料照）政治工作者周軒發文指出，台北市萬華區某處原本是貨車停車格被塗銷，但是旁邊人行道上卻還有貨車專用停車格告示牌，使得很多駕駛不知道而中招，導致貨車被拖吊，周軒怒批「光是塗銷一個停車格就可以爛尾成這樣，你還能對蔣萬安主政下的台北市政府有什麼期待呢」？周軒在臉書PO文表示，畫面中是台北市萬華區某處，他不定時會經過，本來是個貨車停車格，大約一個月前被塗掉，現在仍可看到地上那個格線塗銷不乾淨的樣子，「OK，這還不打緊，看看人行道上那個貨車專用停車格告示牌，明明停車格就已經塗銷了，擺在那邊一個月，還是沒人去把他移除」。請繼續往下閱讀...周軒指出，可是看看原本停車格的位置，早就被畫上紅線了，就看過幾台車中招，晚上視線不好以為這是停車格，車子停下去之後，再回來剩下地上的粉筆文字，告訴你車子被拖吊了。周軒直言，不要跟我講台北市政府有什麼遠大的政策，還是蔣萬安四年有什麼政績，光是塗銷一個停車格就可以爛尾成這樣，你還能對蔣萬安主政下的台北市政府有什麼期待呢？政治工作者周軒發文指出，台北市「光是塗銷一個停車格就可以爛尾成這樣，你還能對蔣萬安主政下的台北市政府有什麼期待呢」？（圖擷取自周軒臉書）    ,https://news.ltn.com.tw/news/politics/breakingnews/5586475
中方稱川習會提「反台獨」 美駐中大使：對台政策沒變,政治,2026/09/26 07:41,中方稱領導人習近平在川習會當面表達希望「美方堅持反對台獨」的立場及「慎重處理台灣問題」等，美國駐中國大使龐德偉（見圖）對此表示，中國雖一直試圖加以改變，但美方沒有改變措辭。（彭博）美國總統川普與中國國家主席習近平24日在白宮舉行峰會，中方稱領導人習近平當面表達希望「美方堅持反對台獨」的立場及「慎重處理台灣問題」等，美國駐中國大使龐德偉（David Perdue）對此表示，中國雖一直試圖加以改變，但美方沒有改變措辭，「沒有改變我們的立場」。中國國家主席習近平於美國當地時間23日至25日赴美進行國是訪問，雙方於24日在白宮舉行峰會，中國官媒雖稱，習近平在會談上強調，希望美方堅持反對「台獨」、「慎重處理台灣問題」，不過白宮方面尚未發布會談摘要，或是公開回應。請繼續往下閱讀...龐德偉（David Perdue）25日在接受美國財經媒體CNBC訪問到台灣議題時表示，美國不會改變對台政策，他強調美國對一中政策、台灣關係法、三公報及六項保證的承諾不會改變。龐德偉也提到，中國一直試圖強加改變，但「我們沒有改變措辭，沒有改變我們的立場。我們希望台海和平，我們不希望脅迫，也不支持獨立」。龐德偉表示，美國認為，習近平已接收到這個訊息，而川普也展現尊重，傾聽中方的說法。    ,https://news.ltn.com.tw/news/politics/breakingnews/5586462
明年元宵節前普發萬元？ 行政院動起來,政治,2026/09/26 06:42,政院於明年中央政府總預算案編列預算2357億元普發現金1萬元。近日傳出，財政部指示公股銀行預作準備，預計明年2月4日到10日農曆年前後發放，最晚元宵節（2月20日）發放。（路透資料照）行政院於明年中央政府總預算案編列預算2357億元普發現金1萬元。近日傳出，財政部指示公股銀行預作準備，預計明年2月4日到10日農曆年前後發放，最晚元宵節（2月20日）發放，對此，政院人士表示，財政部有提醒公股銀行先預為準備，為先啟動採購作業，已向政院申請動支二備金。據傳，財政部已經緊盯公股銀行「事前準備」作業，並且在公股金融機構董總例行會議上，提醒公股金融機構董事長、總經理要注意相關事項。請繼續往下閱讀...對此，政院人士表示，因為AI紅利普發現金已編入116年度預算，為使作業順利，財政部有提醒公股銀行先預為準備，但並沒有提到預設期程，相關期程還是要尊重立法院審議程序，等到總預算案付委審查後較能推估。至於成長津貼在今年度追加預算中編列3億元的前置作業經費，普發現金是否有預編作業經費？政院人士解釋，成長津貼系統是全新建置，為了能在明年即時上路，需要編列前置作業預算，以推動系統規劃等相關作業。至於AI紅利普發現金部分，該名人士指出，相關行政經費已經納編入明年度中央政府總預算，如果再編入追加預算恐怕有重複編列問題，不過為了先啟動採購作業，有向政院申請動支二備金，且財政部已有兩次普發經驗，一旦總預算審議完成就能展開相關作業。立法院國民黨團總召傅崐萁喊出普發現金2萬元，普發現金1萬元是否再加碼？行政院發言人李慧芝昨（25）日表示，普發現金需要基於三個原則：1、沒有增加實質的舉債；2、沒有排擠社福、國防、醫療、教育等其他國家施政計畫；3、程序上必須合法合憲。政府經過嚴格計算、合理的財政紀律規劃，並衡量國家財政能力，提出負責任、全面性的AI紅利全民共享，希望立院依憲法、預算法時程審議總預算。    ,https://news.ltn.com.tw/news/politics/breakingnews/5586459
朝野攻防普發現金 加速審議有共識,政治,2026/09/26 05:30,民進黨立院黨團幹事長莊瑞雄。（資料照）一一六年度中央總預算編列二三五七億經費，用於明年普發現金一萬元，國民黨團研議先行動支。民進黨立院黨團幹事長莊瑞雄昨說，立法院加速審議編列的一萬元，讓人民早點領到錢，民進黨團樂見，但與國民黨團總召傅崐萁另外提案普發現金，是兩件不同的事，國民黨團應具體說明財源，行政院則表示，普發現金程序上必須合法合憲。藍營提2萬 主張先發1萬 行政院於一一六年度總預算案編列二三五七億元，配合總統賴清德日前宣布「AI紅利 全民共享」，規劃明年普發一萬元。為爭取在明年春節前完成普發現金，國民黨團擬優先審相關預算，讓普發一萬的經費能先行動支。不過，傅崐萁稱國民黨團新會期的優先法案為「還稅於民」，主張要普發現金兩萬元，國民黨內也有人提議，今年先發一萬，明年再領政院編的一萬。請繼續往下閱讀...行政院發言人李慧芝表示，普發現金需要基於三個原則：一、沒有增加實質的舉債；二、沒有排擠社福、國防、醫療、教育等其他國家施政計畫；三、程序上必須合法合憲。政府經過嚴格計算、合理的財政紀律規劃，並衡量國家財政能力，提出負責任、全面性的AI紅利全民共享，希望立院依憲法、預算法時程審議總預算。莊瑞雄指出，行政院已將明年普發一萬元編入一一六年度總預算。若朝野協商達成共識，立法院依法同意先行動支，民進黨團願意配合。「合法能快就快，人民能早拿就早拿」，但不能只有普發現金加速，整本一一六年度總預算及一一五年度追加預算卻繼續排隊；民生、社福、國防與國家建設等經費，也應儘速付委審查。不過，莊瑞雄說，國民黨團主張普發兩萬元應先講清楚，究竟要今年發一萬、明年發一萬，還是明年一次發兩萬，不能讓人民只聽到金額，卻不知道錢何時領、從哪裡來。若另提普發現金特別條例，涉及大幅增加政府支出，就應依「預算法」第九一條徵詢行政院意見，具體說明財源。莊瑞雄：立院不能加列經費莊也說，行政院已提出的總預算，立法院不能自行加列普發經費。「國會可以提法案，也可以審預算，但法律案與預算案各有程序，不能喊了兩萬元，就當作國會可以自己把錢編好。」莊瑞雄強調，行政院編列的一萬元，朝野一起協商加速；國民黨團主張的兩萬元，就請把發放方式與財源講明白。「人民要的是確定領得到，不是中秋節許個願，國庫就會自己掉下兩萬。」    ,https://news.ltn.com.tw/news/politics/paper/1772214
參選竹南鎮長涉賄選 何秀綿等7人羈押禁見,政治,2026/09/26 05:30,參選竹南鎮長的無黨籍竹南鎮代會主席何秀綿涉賄選遭羈押禁見，圖為何秀綿（右2）登記參選時畫面。（民眾提供）苗栗地檢察署接獲檢舉，登記參選竹南鎮長的無黨籍竹南鎮代會主席何秀綿涉嫌發放市價約三百元、內含茶葉及果乾的禮盒給多位選民進行賄選，檢警調連兩日發動兩波大規模搜索，傳喚廿九人到案。經檢察官複訊後，認定何秀綿等八人涉犯投票行賄罪嫌重大，向法院聲請羈押禁見；苗栗地院昨裁准何秀綿等七人羈押禁見，一人請回。兩屆竹南鎮代會主席 實力雄厚據指出，竹南鎮某社區前任及現任主委等人，為何秀綿支持者，前主委及社區幹部有意替何舉辦客廳會，因參加人數不多，而改帶何挨家挨戶拜訪，並由前社區主委出資購買茶葉及果乾禮盒，等何秀綿拜訪離去後，再以社區名義發給住戶，因而遭人檢舉何秀綿涉嫌賄選。請繼續往下閱讀...苗栗地檢署指揮苗栗縣警察局及調查局苗栗縣調查站共同偵辦，專案小組掌握情資後，於廿三日、廿四日接連發動兩波搜索，執行卅二處地點，傳喚及通知廿九人到案說明。檢察官訊問後，認為何秀綿及沈姓樁腳等八人行賄罪嫌重大，且有事實足認有湮滅證據、勾串共犯及證人之虞，向法院聲請羈押禁見；另有兩名被告分別諭知兩萬元、一萬元交保，其餘涉案人員請回。何秀綿已任兩屆竹南鎮代會主席，基層實力雄厚，登記參選時包括苗栗縣長鍾東錦、立委陳超明、任期屆滿的鎮長方進興等政壇要角皆陪同登記，展現其雄厚人脈，何秀綿並喊出「縣鎮合一」參選信念。何秀綿此次參選竹南鎮長，將與時代力量苗栗縣議員葉忠倫對決。何秀綿昨生日，其粉專由女兒署名貼文，貼文中稱「因為一些極為荒謬的理由，我的母親，在今天被羈押禁見。」並強調，「我們不會放棄，會競選到底，我們要用人民的意志，打破困局。」    ,https://news.ltn.com.tw/news/politics/paper/1772133
謠言終結站》吃香菜綠豆加生薑、生薑花生煮白蘿蔔降血糖？錯誤傳聞,政治,2026/09/26 05:30,謠言終結站網傳內容：社群平台流傳影片，聲稱「香菜綠豆加生薑」、「生薑花生煮白蘿蔔」都能有效降血糖。查證結果：台灣事實查核中心向郵政醫院營養師黃淑惠求證。她表示，「香菜綠豆加生薑」與「生薑花生煮白蘿蔔」都沒有降血糖的效果，其中綠豆是澱粉類，如果想控制血糖反而不能多吃，花生、香菜、白蘿蔔等食材，確實比較不會讓血糖快速波動，但不等同於吃了可以「降血糖」，傳言說法不正確。    ,https://news.ltn.com.tw/news/politics/paper/1772134
學者：台美安全合作多層次 軍售非唯一指標,政治,2026/09/26 05:30,國防學者蘇紫雲指出，國軍赴美訓練、美軍教官來台協訓，皆為台美安全合作一環。圖為漢光演習疑似俗稱「美語老師」的美軍教官現場指導。（資料照）「川習二會」登場，北京運作「八一七公報」施壓美方停止對台軍售，外界關注台美安全關係發展。國防學者蘇紫雲昨指出，該公報位階不及「台灣關係法」，且美方軍售考量全球美軍需求與區域急迫性，兩者互為獨立事件；強調台美合作非僅限傳統軍售，多元商購與國防自主更是深化安全的關鍵。商購、協訓也是深化安全關鍵 國防安全研究院戰略所所長蘇紫雲受訪表示，美國對台軍售受「台灣關係法」與「六項保證」等美國國內法與政策承諾保障，法律位階高於公報。軍售最終批准權仍在美國總統手上，例如三十五年前老布希總統宣布出售一百五十架F-16戰機即為先例。請繼續往下閱讀...對於美國國務卿魯比歐提及軍售須權衡全球戰區美軍最低戰需，蘇分析，美方係依據「區域安全急迫性」彈性調整供貨順序。他舉例，美國國防安全合作局官員米勒三月於國會聽證會即表明，台灣採購魚叉飛彈的交付順位優於沙烏地阿拉伯，證實此舉非台美關係動搖。蘇紫雲直言，北京意圖藉政治放話混淆國際認知，但兩者實為獨立事件。在白宮多次表態下，他預估第二批軍售案可望於「川習會」結束後至十一月美國期中選舉前正式公告。立法院日前通過六年二千四百億元的「強化國防自主暨無人載具產業發展條例」，在野黨團強調未來將支持正規軍購、嚴審商購。蘇紫雲指出，國會監督天經地義，但若過度干預行政權，將增加時間成本，在面對具體威脅時有失比例原則。蘇紫雲說明，傳統軍售屬政府對政府審查，流程冗長且多限於大型傳統載台，不應作為台美安全合作的唯一指標；商售同受美國「國際武器貿易條例」嚴格管制，但具快速審查、交貨優勢，更能滿足無人機戰力快速迭代所需。他舉例，美商「安杜里爾」創辦人拉奇日前來台指出，今年已逾十五家台灣企業納入其供應鏈，採購金額預將成長十五倍；當美方早已對相關技術合作「開綠燈」，國內卻仍排斥商購、畫地自限，恐阻礙先進技術引進。在軍售、商售外，蘇紫雲更指出國軍赴美訓練、美軍教官來台協訓及後勤彈藥補給等，皆為台美深層安全合作。他坦言，軍售固然重要，但台灣更應同步強化國防自主，展現自我防衛決心，方能獲國際社會敬重。    ,https://news.ltn.com.tw/news/politics/paper/1772139
港都爭霸》賴瑞隆喊高雄隊勝利 預告更多大咖助選,政治,2026/09/26 05:30,賴瑞隆掃街獲攤商及民眾熱情歡迎。（記者洪臣宏攝）昨天中秋連假第一天，民進黨高雄市長參選人賴瑞隆前進本命區小港區二苓市場拜票，攤商熱情表達支持。賴瑞隆表示，他最近跟很多議員掛出看板，希望用團結的高雄隊一起迎接勝利，並透露除民進黨台北市長參選人沈伯洋外，未來會有更多「大咖」南下高雄助選。賴瑞隆跟多名市議員參選人走進二苓市場拜票，「凍蒜！」聲不斷。賴瑞隆說，二苓市場是熱鬧且熱情的市場，而他小時候在菜市場長大，回到菜市場感覺非常親切，中秋連假很多會到菜市場採買或準備烤肉，特地前來拜票期待能獲得支持，一起延續高雄光榮，跟賴清德總統合作，一起邁向下一個黃金十年。請繼續往下閱讀...針對鳳山區市議員林智鴻掛出與沈伯洋看板，賴瑞隆說，最近他也跟很多議員掛出看板，希望團結的高雄隊一起迎接勝利，之前邀請沈柏洋，接下來會邀請總統賴清德、前總統蔡英文、前行政院長蘇貞昌、副總統蕭美琴到高雄，讓更多人認識高雄的進步與成長。他說，高雄的進步是歷任市長，包括謝長廷、陳菊、陳其邁努力而來，賴瑞隆做為關鍵第四棒，會努力爭取市民支持，他說自己有豐富市政及立委經歷，「今天當選，明天可以馬上上工」，希望市民出來投票，支持綠色執政。賴瑞隆上週與沈伯洋合體時，曾拋出「雙城辯論」議題，主辦單位表示，將以分別「座談」方式邀請，賴瑞隆已定於十月一日晚上登場，柯志恩的時間則尚未確定。    ,https://news.ltn.com.tw/news/politics/paper/1772131
美退將：盼川習會後 盡速推進對台軍售,政治,2026/09/26 05:30,美國退役海軍少將蒙哥馬利昨受訪指出，美台一四〇億美元軍售方案，或許會分成數個四十億或六十億美元的小方案進行。圖為一四〇億美元軍售主要項目NASAMS國家先進地對空飛彈系統。（美軍DVIDS網站）「川習二會」觸及台灣議題，外界關切美國對台軍售是否受到影響，美國退役海軍少將、保衛民主基金會資深主任蒙哥馬利在台北接受媒體聯訪指出，美國國務卿魯比歐提及這需考量美方自身需求，但他認為這不影響宣布對台軍售，尤其許多武器項目並非美國所需，因此期盼美國在川習會後能盡快就對台軍售進行知會國會程序，也許不會一次宣布一四〇億美元方案，而是分成數個四十億或六十億美元的小方案。蒙哥馬利：140億美元軍售案 或許分拆進行請繼續往下閱讀...針對中國領導人習近平向川普總統提到台灣，蒙哥馬利認為，重要的是川普如何回應，以及美國如何行動。如果美國繼續遵守「台灣關係法」，堅持「六項保證」，以及美國的行事方式，也就是確保台灣能夠獲得自衛所需的武器，並進行適當的規劃與演習，以確保不會發生針對台灣的脅迫行動，那他認為會很安全。 至於「川習二會」是否有助緩和台海情勢，蒙哥馬利說，如同俄羅斯總統普廷這樣的獨裁者，當感到內部不穩時，會向鄰國發動攻擊。所以習近平對台，更多是出於內部考量。這意味我們必須做好準備，台灣必須實踐最大程度的社會韌性。美國有責任進行適當的軍售，也有責任為印太地區的危機進行適當的演習和規劃。 蒙哥馬利指出，雖不確定軍事衝突的風險是否正在增加，但二〇二七年時間窗口已不再有效，可能更接近二〇二九年或二〇三〇年。但更有可能發生的情況是某種由網路發動的經濟脅迫行動。中國利用外交、經濟、法律工具，加上網路活動、假訊息，甚至軍事佯動的結合，目的是打破台灣的社會韌性。關注軍售案 更要聚焦強化美台軍事互通性蒙哥馬利也再次敦促台灣與美國發展軍事互通性。他說，我們都在關注軍售，台灣固然需要擁有必要的武器。但這不僅僅是軍售，互通性是關鍵。美國和台灣軍方能夠作為協調或整合的部隊進行運作至關重要。而我們目前並未達到這個狀態。美台需要一起演習，需要在台派駐美國作戰訓練團隊來訓練地面部隊。我們還需高階軍官互訪，承平時期不一起合作，在戰時是很難共同作戰的。 針對少數學者主張美國應將軍事部署退守至第二島鏈，蒙哥馬利駁斥說，這不切實際。他以自己曾指揮駐紮在日本的航艦打擊群的經驗強調，美國需在第一和第二島鏈之間頻繁運作。只要在任何地方運作，就會有風險，當對手擁有特定的武器系統時更是如此。我們不應該退守到第二島鏈。美國應維持其在日本、韓國、菲律賓和澳洲的前沿部署。美國退役海軍少將蒙哥馬利昨受訪指出，美台一四〇億美元軍售方案，或許會分成數個四十億或六十億美元的小方案進行。圖為一四〇億美元軍售主要項目愛國者三型MSE增程型飛彈。（取自美國陸軍官網）    ,https://news.ltn.com.tw/news/politics/paper/1772138
林國漳Q版貼圖上架 宜蘭腔推防詐,政治,2026/09/26 05:30,融入宜蘭腔推防詐，林國漳Q版LINE貼圖中秋上架。（林國漳競辦提供）歡慶中秋佳節，民進黨宜蘭縣長參選人林國漳，昨天推出個人專屬「宜蘭蓋漳」Q版LINE貼圖，還融入宜蘭腔推防詐，承接日前女兒手繪貼圖的溫馨迴響，團隊將人情味轉為實用圖像，在中秋團聚時刻走進大眾日常，邀請宜蘭民眾下載。貼圖內容除有日常問候外，最吸睛的就是化身放大鏡偵探的「留意詐騙」款。曾長期擔任防詐講師、深入校園與社區宣導的林國漳，鑑於近年詐騙手法翻新，防詐提醒永遠不能少，特別將防詐意識化為貼圖，盼鄉親聊天時多一分警覺，守護自己與身邊親友的財產安全。請繼續往下閱讀...身為「正港宜蘭人」，貼圖自然少不了最道地的家鄉味，這組設計精選宜蘭特色腔調，將民眾常用的「勁厲害」、「勁歹勢」等詞彙融入其中，希望藉由接地氣的語言，讓大家在網路對話時傳遞熟悉的宜蘭腔，感受家鄉溫度，拉近彼此互動距離。談及創作初衷，林國漳曾於父親節分享女兒親自手繪貼圖，感受心意無價，當時便悄悄籌備專屬款。如今正式問世，他將家人支持化為公共服務動能，期許透過充滿溫度的Q版形象走入基層，時刻陪伴並點綴每位鄉親平日傳訊的對話視窗，傳遞正向力量。    ,https://news.ltn.com.tw/news/politics/paper/1772199
新聞解讀》拆解「川習二會」：精密佈局的「關門打狗」,政治,2026/09/26 05:30,川普在鏡頭前展現了資深政客的寬容大氣，但這份大氣背後卻是機鋒盡露。對於習近平試圖藉機修理日本與台灣的冷箭，川普甚至連一聲都不願搭腔，直接當作空氣。（圖取自白宮臉書）記者鄒景雯／特稿備受矚目的「川習二會」，在看似大放異彩的外交大戲中落幕。美國總統川普親赴空軍基地迎接，紅地毯一路鋪開，種種超規格接待，給予習近平在鏡頭前的場面，顯然是風光無限。有趣的是，這張長長的紅毯，竟然頓時成了台北「在地協力者」集體合唱「中華民族偉大復興」的舞台。他們一面數落美國國力衰退、大讚中國崛起；一面回過頭來指責賴清德總統「拒不坐下來談」，甚至膝反射式地向政府叫囂應變。這番急不可耐的演出，好似不讓華府獨佔「熱鬧」。請繼續往下閱讀...問題是，外交交手，向來要看的是「門道」。習近平這次帶著「東升西降」的宏大企圖而去，急切地想刻畫出「一等大國」的傲視姿態，然而，從他在公開場合的幾次致詞，暴露出的卻是北京當局過度自信的虛弱。例如，習近平倡言「沒有中美合作，世界許多問題很難解決」，看似拉高格局，實則是挾「建設性戰略穩定關係」之名，威脅美方「你必須配合我，世界才會穩定」。他反覆嘟囔著「修昔底德陷阱」，等於警告美國若不接受中方設定的遊戲規則，卻去強化競爭與對抗，將讓華府吃不消。但殘酷的事實是，當前全球面臨的諸多危機，從威權體制的野心擴張，到不講理的過剩產能傾銷，中國本身就是那個「亟需被解決的問題」。這種帶有強烈狼性味的言語，不僅引喻失義，更凸顯了這個政權粗魯不文的底色。我們來看看川普如何回應北京來客的出招。當習近平一廂情願地將「中華民族偉大復興」與「美國再次偉大」強行並列，自以為平起平坐，川普選擇在國宴場合給了一記穿腸毒辣的輕描淡寫：他冷不防提到伯羅奔尼撒戰爭，暗示歷史上最後獲勝的是斯巴達，而不是那個自詡文明復興的雅典。這一句話，豈不是瞬間戳破了習近平的「復興」幻象。何況，美中問題，不是強權興衰，而是制度之爭。美方安排去參觀「建國三文件」，凸顯的正是這點。美國的精明，還體現在史觀的角力上。美方在行程中，刻意提及二戰期間的「美中合作」，但凡了解歷史者皆知，當時與美國並肩作戰、付出血淚代價的是中華民國，中國共產黨根本毫無份額。華府公然拿這段歷史出來「懷舊」，擺明是在糗北京的偽造史觀，除非美國國家檔案館能把裡頭的中華民國紀錄全數抹去，否則這種「美中進展」不過是讓中華人民共和國自討沒趣。在實質經貿上，習近平高談「向世界開放市場」、要美國「善待中國企業」，更是與全球現狀嚴重脫節。如今全球產業正因中國不透明的遊戲規則、智慧財產權的恣意掠奪，以及國家補貼式的削價鯨吞而加速撤出，習近平指責受到不平等待遇，反倒暴露了他對真實世界局勢的完全漠視。川普在鏡頭前展現了資深政客的寬容大氣，但這份大氣背後卻是機鋒盡露。對於習近平試圖藉機修理日本與台灣的冷箭，川普甚至連一聲都不願搭腔，直接當作空氣。會後結算，北京最迫切想要的關稅降低，華府一吋未讓；高科技與AI治理，美方對於中方依舊極度不信任。這場「川習二會」，如果掀開了紅毯與尊榮，立即顯露的是一場精密佈局的「關門打狗」。習近平帶著雄心而來，最終卻連一項實質紅利也沒帶走，反而當面聽了一堂深沉的史觀與民主課。在國際鏡頭之下，當白宮晚宴特意演奏《悲慘世界》的「只待明日」之際，言習近平徹底敗在骨子裡，誰曰不對。    ,https://news.ltn.com.tw/news/politics/paper/1772136
中方稱在川習會提反台獨 外交部：中共無權代表台灣,政治,2026/09/26 05:30,「川習二會」登場，中方稱領導人習近平當面表達希望「美方堅持反對台獨」的立場及「慎重處理台灣問題」等說法，我外交部昨駁斥說這是中方一貫透過扭曲事實，單方面傳達其立場與主張的手法。（路透）陸委會：中共扭曲言論 無法改變中華民國與中華人民共和國互不隸屬「川習二會」登場，中方稱領導人習近平當面表達希望「美方堅持反對台獨」的立場及「慎重處理台灣問題」等說法，我外交部昨駁斥說這是中方一貫透過扭曲事實，單方面傳達其立場與主張的手法。陸委會也說，中共的扭曲言論無法改變中華民國與中華人民共和國互不隸屬的台海現狀與客觀事實，呼籲中共當局停止對台恫嚇施壓，務實面對兩岸現實，與我民選政府展開對話。請繼續往下閱讀...二戰與美並肩作戰 是中華民國至於習近平在訪美談話觸及到二次世界大戰的議題，多次強調二戰時期「並肩作戰」，陸委會也反駁，一九四九年才成立的中華人民共和國，在二戰期間根本不存在。且歷史證明，中共在二戰期間只注重發展自己，是七分發展、二分應付、一分抗日，真正與美國並肩作戰的是中華民國。不僅如此，中共更在韓戰期間主張抗美援朝，成為美國最主要的對手。中共錯誤的敘事，無法抹滅中華民國才是美國二戰期間堅實盟友的歷史事實。外交部昨也指出，我國立場明確且一致：中華民國台灣與中華人民共和國互不隸屬，台灣主權屬於台灣全體人民，中共政權無權代表台灣人民，而台灣的未來只能由台灣人民以民主方式共同決定。美中戰略穩定 非中共侵台藉口外交部並說，賴總統已多次重申台灣是維持台海與區域和平穩定現狀負責任的一方。反觀中國持續在東海、南海、台海及台灣周邊進行各種灰色地帶襲擾與軍事威脅，才是真正破壞區域和平穩定的一方，已被相關國家視為區域最大的風險威脅。陸委會另指出，中共一再藉美中互動場域宣傳其涉台立場，企圖將台灣議題連結美中「建設性戰略穩定關係」，惟美中戰略穩定，不是中共併吞台灣、破壞區域和平與台海現狀的藉口。外交部進一步說，在「川習會」前夕，多國在聯合國大會期間持續重申台海和平穩定的重要性，包括美國、日本、韓國三國外交部長聯合聲明，以及澳洲、法國、德國、日本、紐西蘭、波蘭、韓國、英國等八國外交部長與高階代表聯合聲明，充分展現台海和平穩定與反對片面改變現狀的企圖已是國際社會的共識。此外，外交部也說，美國國會跨黨派參、眾議員逾六十人發聲支持、力挺台灣。我國將持續與美國及其他理念相近夥伴密切合作，共同維護台海和平穩定與區域的自由、開放與繁榮。    ,https://news.ltn.com.tw/news/politics/paper/1772135
藍營人士分析︰蔣萬安最大危險是「選情太穩」 洋流激起危機感 反而是好事,政治,2026/09/26 05:30,藍營輔選人士表示，蔣萬安最大的危險是「選情太穩定」，最怕支持者覺得安全而不出來投票。（資料照）怕支持者覺得安全 不出來投「洋流」逆勢崛起，台北市長選戰進入白熱化。對於台北市長蔣萬安的選情是否會受到衝擊，國民黨輔選人士表示，民進黨操作洋流是好事，蔣萬安最大的危險，是選情太穩定，激不起危機感。投票率若過低，支持者覺得安全而不出來投票，那才是最大的危機；該人士直言，「如果連蔣萬安這麼正派優秀的市長都輸了，在野力量可以宣布解散了。」民調雖有話題 不能代替選票輔選人士表示，現在民進黨操作洋流，不管洋流是真是假，但藍營普遍開始焦慮緊張，卻是事實。他在跑中秋行程時，就有支持者非常緊張的來問，「萬安很危險嗎？」他則鄭重地告訴對方，會擔心緊張是好事，我們一定要全力衝票，如果連蔣萬安這麼正派優秀的市長都輸了，在野力量可以宣布解散了。請繼續往下閱讀...黨務人士表示，所謂「洋流」就是企圖用網路聲量、人潮畫面，加上一份高度偏離過往民調趨勢的調查，營造選情已經翻盤的印象。但儘管「洋流」想把聲量變成氣勢、把氣勢變成選情，最後還是要回到真正的民意檢驗。畢竟「民調可以製造話題，卻不能代替選票」。不過，黨務人士也強調，綠營這波操作可能讓部分蔣的支持者產生警覺，促使更多支持者提前歸隊，並提高最後投票意願，如此變化對蔣萬安未必是件壞事。黨內人士表示，上次陳時中和蔣萬安參選時，民進黨也是極力炒作，當時蔣萬安還沒像現在火力十足，也有過落下風的時候，但比起沈伯洋這種華而不實的選舉招數，蔣萬安穩健且有政績。雖然因為執政包袱而被民進黨攻擊，但相信這些都只是選舉的小插曲，蔣最後仍會順利連任。    ,https://news.ltn.com.tw/news/politics/paper/1772129
鄭麗文籲賴「打開兩岸對話大門」民進黨：北京拒絕對等交流,政治,2026/09/26 05:30,國民黨主席鄭麗文昨呼籲賴總統，應以台灣人民的安全與利益為念，主動提出降低台海風險、恢復兩岸溝通的具體方案，設法打開兩岸對話的大門。（資料照）針對美國總統川普與中國國家主席習近平五個月內二度會面，國民黨主席鄭麗文昨表示，川習再次坐上談判桌，反映美中即使存在激烈的經貿、科技與地緣戰略競爭，雙方仍然必須保持對話、管理分歧、避免衝突。這對台灣最大的提醒就是，當華府與北京都在為自身利益尋找新的平衡，台灣更要掌握自己的方向，為自身爭取最大的安全與利益。黃國昌盼賴政府 團結台灣人民對此，民進黨回應，做為民主國家，台灣和世界交往，與世界對話的大門從來就沒有關上；相反的，北京當局持續假各種藉口，始終拒絕以對等、相互尊重的方式和我國對話、交流，甚至不斷地升高對台灣以及區域的各種軍事在內的複合威脅，這才是兩岸當前問題的癥結所在。請繼續往下閱讀...對於川習會後，雙方對外都沒有提到台灣問題，民眾黨主席黃國昌表示，這讓民眾非常的驚訝，但比較令人擔心的反而是沒有公開講的那些話。希望政府在目前這麼複雜而現實的國際形勢當中，能夠有智慧的面對所有的挑戰，團結所有的台灣人民一致對外，不要在自己國家裡面找敵人。鄭麗文則指出，這次川習會議題都涉及雙方重要的利益與戰略考量。值得賴政府深思的是，美中雙方領導人可以在五個月內兩度會面，兩岸之間更應積極尋求恢復溝通、降低風險。和平需要領導者主動創造條件，透過對話、溝通與互信，持續降低衝突風險。鄭麗文強調，台灣不需要在「親美」與「親中」之間二選一。當華府與北京都在為自身爭取最大戰略利益，台灣也必須把自己的安全與利益放在最重要的位置。強化國防與降低敵意並不矛盾，提升嚇阻與建立對話更可以同時進行。鄭麗文呼籲賴總統，既然川普與習近平都能為各自國家利益坐下來談，賴更應以台灣人民的安全與利益為念，主動提出降低台海風險、恢復兩岸溝通的具體方案，設法打開兩岸對話的大門，為台灣爭取和平、降低戰爭風險。民進黨籲中共 勇敢打開紅色大門民進黨對此則質疑，美中即使存在巨大分歧，北京仍願意坐下來，何以對台灣和島鏈周邊國家總是怒目以對？面對快速變遷的區域以及國際情勢，朝野應該一致對外，共同呼籲中國當局回到以規則為基礎的國際秩序軌道，打開深鎖在歧見與意識形態背後的紅色大門，勇敢走出來，讓北京當局知道在國家利益之前，沒有人可以把台灣人分化開來。    ,https://news.ltn.com.tw/news/politics/paper/1772137
立院29日開議 政院提40優先法案,政治,2026/09/26 05:30,立法院29日開議，行政院長卓榮泰表示，將積極爭取包括「中小微企業轉型升級發展條例」在內的重要優先法案，也希望今年度追加預算案及明年度總預算案能順利審議。（資料照）立法院新會期廿九日開議，行政院廿四日召開行政立法協調會報，討論本會期優先法案。行政院長卓榮泰表示，積極爭取包括「中小微企業轉型升級發展條例」在內的重要優先法案，也希望今年度追加預算案及明年度總預算案能順利審議。據了解，行政院將提出超過四十項優先法案，涵蓋「幫企業、撐家庭、增福利」三大面向。幫企業、撐家庭、增福利 三大面向立法院開議當天上午將邀請卓揆進行施政報告，報告畢後不詢答，並於上午十時進行監察院人事同意權案記名投票表決。請繼續往下閱讀...政院人士表示，除明年度總預算，行政院已在三日提出今年度追加預算案，包括因應中東衝突民生安定措施及中油增資所需預算；調增老農津貼、國民年金與六大社福津貼給付，以及調增軍公教專業及主管加給，並回溯今年七月一日生效；提升防衛作戰能力之武器購製及戰鬥部隊加給需求等部分所需預算。在法案部分，有關人口對策新戰略─家庭支持篇的相關法案共八案，包括「性別平等工作法」、「就業保險法」、「房屋稅條例」、「土地稅法」、「陸海空軍軍官士官服役條例」、「陸海空軍軍官士官任職條例」、「志願士兵服役條例」、「軍人保險條例」。此外，修訂「中小微企業轉型升級發展條例」，預計規劃八年投入一千億元資源；「證券交易稅條例」修正草案，延長停徵公司債、金融債券及被動式債券指數股票型基金（ETF）證券交易稅期間至二〇三六年十二月卅一日，將主動式債券ETF納入停徵範圍。「國民體育法」明定公布不適任運動教練名單；「食品安全衛生管理法」修正草案，強化食品業者自主管理、食品檢驗資訊通報義務、增訂重大食安事件下架依據及食安基金補助非違規業者下架費用。「災害防救法」修正增列堰塞湖災害，明定行政院設專責機關、公務機關置「災防長」；「社會救助法」修正放寬人、籍合一申請限制，放寬就業不利處境者工作能力及收入認定，加強福利緩衝期及就業協助機制，增訂實務給付專章。    ,https://news.ltn.com.tw/news/politics/paper/1772215
沈伯洋拚到「燒聲」掛病號 倒數60幾天盼多跑基層,政治,2026/09/26 05:30,沈伯洋昨上午到葫蘆堵海光宮參加中秋搏餅活動，晚間則出席興雅福德宮中秋餐會，與現場守候的民眾擊掌。（記者方賓照攝）勤走中秋活動 現場氣氛熱烈昨天是中秋節，民進黨台北市長參選人一早到士林區葫蘆堵海光宮參加中秋搏餅活動，中秋連假加上洋流發威，現場人潮絡繹不絕，許多支持者也搶著與沈伯洋合照。沈伯洋晚間到興雅福德宮參加中秋餐會，現場氣氛熱烈。不過，由於沈伯洋近期掛病號，也引發支持者擔憂；沈說，先前因疲累聲音沙啞，團隊有進行微調，但他很希望能再多勤走基層。請繼續往下閱讀...沈伯洋昨天出席中秋活動，會前受訪談到自己喜歡吃有蛋黃以及綠豆碰的月餅；談到身體狀況，他說團隊一直以來都是不斷地在微調行程，但因選戰只剩六十幾天，還有很多市場還沒去，很希望能再多勤走基層，且接下來還有越來越多活動想要舉辦，團隊會盡量微調，然後看怎樣可以兼顧聲音，畢竟活動要講話，聲音還是非常重要，最後六十幾天大家一起拼。沈伯洋致詞時提到，社子當地迫遷歷史，歷史的記憶如何縫合，對地方的補償等，這對城市發展都非常重要；他並提到營養午餐、敬老卡的使用範圍擴大，以及老屋對於年長者的不便等政見議題。滷肉飯盲測 金峰、鬍鬚張都吃近來滷肉飯成為台北市長選戰重要配角之一，沈伯洋廿四日晚間也在社群曬出滷肉飯盲測影片，不僅吃了表態支持他的金峰滷肉飯，也吃了表態挺市長蔣萬安的鬍鬚張。他強調台灣人就是愛吃，吃的文化對我們非常重要，政治固然也有重要性，我們應該把分界畫清楚，讓民主社會更多元，這才是我們要的台灣。選舉只是一時，但美食是一輩子的，表態都是自由，應互相尊重。媒體昨問沈伯洋，會不會認為蔣萬安也該吃一下金峰來表達支持？沈伯洋說，蔣萬安用什麼方式都是個人選擇，因為近期滷肉飯很夯，所以才玩盲測，真的是不同的口味，造就了台北這些滷肉飯，如雨後春筍發展，很希望大家能品嚐台北各式各樣不同的滷肉飯。    ,https://news.ltn.com.tw/news/politics/paper/1772130
港都爭霸》柯志恩將與柯文哲掃街 避談鄭麗文站台,政治,2026/09/26 05:30,柯志恩向攤商握手拜票。（記者許麗娟攝）國民黨高雄市長參選人柯志恩昨天到高雄市場掃街拜票，對於藍白合在新竹縣、竹北市破局，會不會影響選情？她說，藍白合在高雄不會有任何的問題，她會和民眾黨創黨主席柯文哲一同幫民眾黨市議員參選人林于凱掃街，黃國昌也會下來與她直播，藍白合沒問題，但對於黨主席鄭麗文是否受邀站台，並未正面回應。柯志恩昨日中秋節一早前往三民區建興市場掃街拜票，對於藍白合在新竹縣、竹北市破局，似乎影響新北市長的選情，不少「小草」傾向投民進黨蘇巧慧，她說，藍白合在高雄不會有任何的問題，她會和民眾黨創黨主席柯文哲幫民眾黨市議員參選人林于凱一起掃街，黃國昌也會下來與她直播。請繼續往下閱讀...但被問到沒邀請國民黨主席鄭麗文下來輔選？柯志恩則簡短回應，黨的活動她尊重各自的時間安排和選戰策略。先前遭對手賴瑞隆批評「先看衰前鎮漁港再收割」，柯志恩昨天反擊賴永遠只有這些話，並要他好好面對現實。她說，民意代表監督政府花的錢，知道問題在哪裡，希望政府單位能提出改革措施，把錢花在刀口上，這是天經地義的事。她說，花了八十一億元當然是樂觀其成，但是裡面本來就有許多待改進的問題，請官員過來看、尋求解決之道，這有什麼好唱衰、好收割的！    ,https://news.ltn.com.tw/news/politics/paper/1772132
「洋流」擴大票源 市民提問當面接招,政治,2026/09/26 05:30,民進黨台北市長參選人沈伯洋昨上午出席葫蘆堵海光宮中秋搏餅活動，受到民眾熱情歡迎。（記者羅沛德攝）年輕世代參與操盤 沈願聽取意見首都爭霸戰逼近倒數兩個月，民進黨台北市長參選人沈伯洋的「洋流」聲勢看漲。競選團隊趁勢將線上政策蒐集延伸到街頭，以「肥皂箱」形式讓沈伯洋直接面對市民提問，發揮其擅長政策討論的優勢；團隊也將一面深入市場、夜市及地方組織，一面透過街頭活動與創意企劃拉高選戰熱度，爭取中間選民、催動綠營基本盤回流，力拚黃金交叉。「市長，你給我聽好了」網上爆紅據了解，民進黨本次選戰由黨內中生代主導，從政策、活動到社群操作，年輕世代都有相當大的參與空間。沈願意聽取意見，幕僚也敢直接提出想法，被視為各小組合作順暢的關鍵之一。團隊近期推出「市長，你給我聽好了」線上政策蒐集平台，原先一度擔心湧入大量負面留言，實際運作後，短短四天收集逾兩萬五千則意見，掌握到更多市民關切的具體問題。請繼續往下閱讀...戰場拉到街頭 避開傳統造勢舞台線上意見快速累積後，團隊進一步把戰場拉到街頭，但刻意避開傳統造勢舞台，因此結合倫敦海德公園的肥皂箱演說概念，讓市民現場拋出問題，再由沈伯洋當面接招。團隊評估，活動能產生效果的關鍵就在於，「沈伯洋真的撐得起來」，未來將持續嘗試這類創意活動。針對沈伯洋與台北市長蔣萬安的民調支持度急遽拉近，競選總幹事吳思瑤受訪時不諱言，團隊仍認知自己處於落後、需要追趕，「我們就是要做更多，比對手更拚」，不會因民調拉近而大意。她指出，中間選民是兵家必爭之地，近期民調變化顯示其支持度有所移動，未來將透過政策論述、市政願景及正向訴求，呈現兩名參選人的差異。讓支持者相信能贏 雙北外溢至全台吳思瑤評估，相較蔣萬安在藍營的支持已相當集中，綠營仍有整合空間，目前約有一至兩成支持者需要爭取回流。這些人過去可能認為台北市「不可能贏」，接下來除了催出基本盤，也要讓綠營支持者相信「能贏」，轉化為拉票與動員力量。黨內人士表示，「洋流」熱潮已明顯炒熱北台灣選情，後續將持續主打「新世代扛起新時代」，由蘇巧慧、沈伯洋組成「雙北雙箭頭」，透過合體、拍片等方式串聯各地參選人，把雙北的關注能量延伸至全台。此外，該人士觀察，沈伯洋近期網路討論聲量攀升，甚至出現外溢效應，對手勢必加強支持者凝聚及後續攻防。民進黨因此不只要防範可能出現的負面選戰攻擊，也得更加步步為營，提高自我要求與約束，提防惡意選舉手法，避免在選情升溫之際出現破口。    ,https://news.ltn.com.tw/news/politics/paper/1772128
《「基隆女兒」仁愛市場吃美食》 童子瑋邀美鳳姊 謝國樑合體盧秀燕,政治,2026/09/26 05:30,謝國樑邀請台中市長盧秀燕（中）昨天回到基隆輔選拉票。（記者俞肇福攝）基隆女兒回娘家吃家鄉味助陣！民進黨基隆市長參選人童子瑋昨分享錄製《美鳳有約》，與基隆女兒陳美鳳介紹基隆的飲食與城市文化。爭取連任的謝國樑則找來台中市長盧秀燕到仁愛市場掃街懇託，並大啖阿嬌炒麵，雙方都享用仁愛市場美食，要爭取選民認同與支持。童子瑋表示，很高興邀請陳美鳳走進基隆，第一站就到仁愛市場，他帶著陳美鳳品嘗林家三鮮水餃，品嘗多好咖啡店的咖啡好滋味，用最日常的市場味道介紹基隆。請繼續往下閱讀...適逢中秋節，也準備在地的朋廚烘焙坊的流心月餅，童子瑋表示，中秋節最重要的是團聚與分享，希望民眾能和家人、朋友及想念的人吃月餅、過秋節。童子瑋指出，美鳳姐是土生土長的基隆人，能和她一起回到熟悉的城市錄影，有一種「基隆人一起當導遊」的親切感。同樣也是基隆女兒的盧秀燕昨天（廿五日）回到基隆，與謝國樑一起走訪仁愛市場、品嚐在地美食，盧、謝二人現身仁愛市場後，民眾攤商趨前握手、打招呼，現場互動熱絡。盧秀燕表示，謝國樑上任三年多的施政，包括室內兒童樂園、路平專案與污水下水道接管率，還有仁愛市場冷氣汰舊換新工程，改善民眾的問題，請民眾繼續支持。謝國樑表示，從室內兒童樂園到仁愛市場環境改善，都是從市民日常生活需求出發，未來也會持續推動各項公共環境與市政建設改善。童子瑋（左）攜手陳美鳳，帶路介紹基隆美食。（童子瑋進步基隆辦公室提供）    ,https://news.ltn.com.tw/news/politics/paper/1772200
蘇巧慧︰捷運補助不會少 李四川籲發揮協調力,政治,2026/09/26 05:30,民進黨新北市長參選人蘇巧慧（左一）昨天上午到瑞芳參香。（記者羅國嘉攝）軌道建設預算交鋒 蘇︰中央已說明按進度給 李︰為什麼不現在給？新北市長選戰升溫，針對普發現金、捷運預算遭砍，藍綠隔空交火。民進黨參選人蘇巧慧昨天表示，交通部已說明清楚軌道建設補助一毛都不會少，普發一萬則是因國家經濟好、全民稅收創新高；國民黨參選人李四川則說，既然一毛都不會少「為什麼不現在給？」工程進度需要預算支持，籲蘇發揮協調力促中央盡速撥款。請繼續往下閱讀...蘇支持普發1萬 全民共享AI紅利蘇巧慧昨天上午出席瑞芳四腳亭吉安宮參香祈福，並參與福德正神及天上聖母遶境活動，沿途與熱情民眾自拍、握手，還有支持者高喊「未來市長好！」，場面十分熱鬧。她受訪指出，關於軌道建設、捷運的部分，交通部已說明非常清楚，「軌道建設到哪裡，補助就做到哪裡，一毛都不會少。」至於普發一萬元的部分，蘇巧慧表示，當時因國家經濟治理有成、稅收創新高，黨籍立委認為應讓全民共享AI紅利，因此由她代表向總統表達相關意見。如今普發一萬元是在經濟成長表現良好、且無須舉債的前提下進行，符合「財政可負擔」及「經濟好不用舉債」兩項條件，因此賴清德決定讓全民共享AI紅利，「我想這是好事，我們都支持。」她也期許台灣經濟未來能持續穩健成長。八里採柚 蘇提休閒農場升級轉型蘇巧慧昨天公布與議員鄭宇恩、議員參選人游明諺前往八里休閒農場體驗採柚與手作柚子醋的影片，並端出農業政見。蘇巧慧承諾，未來若擔任市長將投注資源推動休閒農場升級，提供補助金輔導傳統農牧場轉型為體驗型農園、結合特色民宿，讓體驗經濟成為新北經濟新動力。李︰市府依工程進度申請 中央沒理由刪李四川昨天中午前往八里參加「橋見幸福．柚見八里」柚香美食饗宴，現場民眾熱情握手、合照。針對軌道建設補助議題，他受訪也說，新北市捷運五四．一億元補助款原是中央已承諾補助，市府也已依工程進度提出申請，中央沒有理由刪除。既然蘇巧慧稱「一毛都不會少」，為何不能現在撥付？他強調工程進度需要預算支持，盼蘇巧慧發揮協調能力，促請中央儘速撥款給新北市。李四川廿五日前往三重保聖宮參拜，他重申未來將在三重忠孝碼頭與台北市大稻埕之間興建一座人行及自行車專用的跨河景觀橋，結合河岸煙火活動，打造在地新亮點，帶動地方觀光。國民黨新北市長參選人李四川（左三）盛讚八里文旦柚品質優良，呼籲支持新北農特產。（記者羅國嘉攝）    ,https://news.ltn.com.tw/news/politics/paper/1772201
竹北藍白「切」！ 綠白在新豐合體了 柯文哲、鄭朝方喜相逢,政治,2026/09/25 22:29,民進黨新竹縣長參選人鄭朝方今晚在新豐巧遇民眾黨創黨主席柯文哲後主動上前握手致意。（讀者提供）竹北藍白切後，今天中秋團圓夜，綠白竟在新竹縣新豐鄉的中秋聯歡晚會上「合（體）」了！還是台灣民眾黨創黨主席柯文哲和民進黨新竹縣長參選人鄭朝方！2人巧遇雖短短不到5分鐘，鄭朝方主動趨前跟「阿北」握手、寒暄，柯文哲則說「我跟他哥哥鄭朝瀚比較熟」，鄭朝方聞言微笑以對，互動自然，旁人敏感嗅到綠白比藍白「更和（合）」。新豐鄉公所今晚在行政大樓前舉行中秋聯歡晚會，民眾黨在此提名鄭朝方的高中同學、徐勝凌參選縣議員，柯文哲今天下午頂著烈日率領鐵馬隊，一路從竹東、竹北、新豐、掃抵湖口夜市拜完票後，晚間8點又折回新豐晚會現場，持續幫徐勝凌拉抬聲勢，巧遇鄭朝方也到場向新豐鄉親致意、爭取支持。請繼續往下閱讀...目擊者說，鄭朝方主動趨前跟柯文哲致意寒暄。這是「藍白合」、「藍白切」在新竹縣吵翻天以後，白營大咖首度和綠營的新竹縣長參選人同框的「世紀巧遇」。竹北藍白合破局後，民眾黨中央下令黨公職禁止幫國民黨新竹縣長參選人徐欣瑩站台，小草們「投綠不投藍」的聲浪也始終不退。日前，民眾黨主席黃國昌更脫口直指「徐欣瑩Game over了」，還強調小草在新竹縣若要投給綠營，黨中央不會阻止，只是不可以助選。「阿北鐵馬隊」今天下午出發前，柯文哲被媒體追問，關於最新民調顯示鄭朝方不僅逆轉勝，還贏過徐欣瑩6個百分點，柯文哲冷笑說，事實就是這樣，他無法對事實作評論。在在都讓人感受到，新竹縣已經藍白切得很乾脆。柯文哲在鄭朝方主動上前寒暄後，直接說「我跟他哥哥鄭朝瀚比較熟」。（讀者提供）    ,https://news.ltn.com.tw/news/politics/breakingnews/5586397
洋流衝擊選情？藍輔選人士揭蔣萬安最大危險 會擔心緊張是好事,政治,2026/09/25 21:30,蔣萬安（左）、沈伯洋（右）。（資料照）「洋流」逆勢崛起，台北市長選戰進入白熱化。對於台北市長蔣萬安的選情是否會收到衝擊，國民黨輔選人士表示，民進黨操作洋流是好事，蔣萬安最大的危險，是選情太穩定，激不起危機感。投票率若過低，支持者覺得安全而不出來投票，那才是最大的危機；該人士直言，「如果連蔣萬安這麼正派優秀的市長都輸了，在野力量可以宣布解散了。」輔選人士表示，現在民進黨操作洋流，不管洋流是真是假，但藍營普遍開始焦慮緊張，卻是事實。他在跑中秋行程時，就有支持者非常緊張的來問，萬安很危險嗎？他則鄭重的告訴對方，會擔心緊張是好事，「我們一定要全力衝票，如果連蔣萬安這麼正派優秀的市長都輸了，在野力量可以宣布解散了」。請繼續往下閱讀...黨務人士表示，所謂「洋流」就是企圖用網路聲量、人潮畫面，加上一份高度偏離過往民調趨勢的調查，營造選情已經翻盤的印象。但儘管「洋流」想把聲量變成氣勢、把氣勢變成選情，最後還是要回到真正的民意檢驗。畢竟「民調可以製造話題，卻不能代替選票」。不過，黨務人士也強調，綠營這波操作可能讓部分蔣萬安的支持者產生警覺，促使更多支持者提前歸隊，並提高最後投票意願，如此變化對蔣萬安未必是件壞事。黨內人士表示，上次陳時中和蔣萬安參選時，民進黨也是極力炒作，當時蔣萬安還沒像現在火力十足，也有過落下風的時候，但比起沈伯洋這種華而不實的選舉招數，蔣萬安穩健且有政績。雖然因為執政包袱被民進黨攻擊，但相信這些都只是選舉的小插曲，蔣萬安最後仍會順利連任。    ,https://news.ltn.com.tw/news/politics/breakingnews/5586368
自由爆新聞》沈伯洋狂追19％怎辦到？蔣萬安3大致命傷曝！,政治,2026/09/25 21:00,全新的視界！新聞話題不漏接，快訂閱YouTube 【自由追新聞】，記得開啟小鈴鐺哦！    ,https://news.ltn.com.tw/news/politics/breakingnews/5586338
蔡英文力挺學弟黃世杰  何欣純曝「1習慣」兩人超不合,政治,2026/09/25 20:48,台中市長參選人何欣純抖出黃世杰不喜歡香菜，與「香菜控」蔡英文超不合。（圖擷取自@schuanglawyer社群平台「Threads」）年底桃園市長選舉，民進黨派出前立委、前法務部政務次長黃世杰出戰，力拚打破國民黨籍市長張善政的連任之路。前總統蔡英文昨（24日）在社群Threads上傳最新短片，力挺台大學弟黃世杰，並拋出自己對他的兩點期許。想不到意外釣出民進黨台中市長參選人何欣純「偷告狀」，抖出黃世杰不喜歡香菜，與「香菜控」蔡英文超不合。同樣畢業於台大法律系的前總統蔡英文，24日合體民進黨桃園市長參選人黃世杰，蔡英文拋出自己對學弟的兩點期許：「1、選舉可以變瘦一點（好像有）；2、我都選上總統了，他也要選上市長。」 蔡英文強調兩件事都需要黃世杰自己努力，但第二件事，她要拜託桃園人幫黃世杰一把。請繼續往下閱讀...蔡英文這波「票投黃世杰」的拉票貼文，貼文意外釣出何欣純前來留言「告狀」，透露出黃世杰的「飲食習慣」，寫下：「可是他不喜歡吃香菜（告狀）」。由於蔡英文過去是出了名的「香菜控」，黃世杰不吃香菜的癖好正好與蔡英文「超不合」，告狀場面曝光後，讓網友們紛紛留言，「世杰麻煩改進」、「只好在質詢的時候拿出來攻擊他」、「什麼！！！震驚！！！好吧，以後不要在他附近吃就是了」，幽默互動笑翻全網。     在 Threads 查看    ,https://news.ltn.com.tw/news/politics/breakingnews/5586339
「1+1等於幾」雕哥、興仔中秋現身台中 網驚：中國人都來了,政治,2026/09/25 20:44,以「1+1等於幾」短影音爆紅組合中國「雕哥、興仔」，中秋節出現在台中勤美廣場表演，引發熱議與爭議。（翻攝自Threads）中國一組因「1+1等於幾」短影音爆紅的中國嘻哈組合「雕哥、興仔」，今天中秋節出現在台中勤美綠園道表演，引發側目，民眾拍下影片放上Threads，短短幾個小吸引上百萬瀏覽，有網友直呼「台中真得夢幻之都，中國人都會在台中突然出現」、也有人質疑若持觀光身分入境，是否能從事街頭展演或接受打賞？「雕哥、興仔」今年因「1+1等於幾」短影音迅速竄紅，影片以簡單數學題搭配節奏感十足的說唱與反差表演，成為社群熱門迷因，兩人來自四川，其中，雕哥早年曾在四川綿陽跑三輪車，後與同鄉興仔搭檔，以短影音累積人氣，四處公開演出。請繼續往下閱讀...兩人今天現身台中勤美廣場，現場表演畫面被民眾拍下放上網路，吸引網友討論。兩人在公共戶外表演，有網友留言質疑，如果是持觀光簽證入境，是否具備在台灣公開表演及接受打賞的相關資格，甚至留言「報警」，認為若有收取打賞，應由相關單位查明。    ,https://news.ltn.com.tw/news/politics/breakingnews/5586333
洋流再現！沈伯洋中秋夜信義區拜廟  支持者送跌打損傷藥、拿PS3求簽,政治,2026/09/25 20:38,台北市長參選人沈伯洋25日出席興雅福德宮中秋餐會，支持民眾到場外守候爭睹風采。（記者方賓照攝）今（25日）中秋節，民進黨台北市長參選人沈伯洋宮廟地方行程滿檔，上午先到社子島參拜，晚間則到信義區興雅福德宮出席中秋餐會。雖然是臨時公告的行程，還是有許多粉絲到場力挺，有民眾拿PS3請沈伯洋簽名，讓他笑喊PS系列只剩二代沒簽到。另外，也有支持者送上跌打損傷藥水給沈伯洋，要讓他活血化瘀。沈伯洋今傍晚6點28分抵達信義區永吉路30巷的興雅福德宮，甫抵達會場就收穫民眾歡呼聲，沈伯洋先進廟中參拜，感念福德正神對地方的庇佑，也提到現在市政府面對問題只會說「即刻」、「跨局處」、「滾動式」應變，沒有真正解決問題，讓在場民眾聽了直點頭。請繼續往下閱讀...沈伯洋本預計待30分鐘，但因現場民眾太熱情，行程又多延遲了30分鐘，面對支持者求合照、簽名，也都儘量滿足需求；直到沈伯洋搭車離去，還有支持者在大喊「沈伯洋加油」！台北市長參選人沈伯洋25日出席興雅福德宮中秋餐會，向與會民眾致意。（記者方賓照攝）台北市長參選人沈伯洋25日出席興雅福德宮中秋餐會，向與會民眾致意。（記者方賓照攝）台北市長參選人沈伯洋25日出席興雅福德宮中秋餐會，向與會民眾致意。（記者方賓照攝）台北市長參選人沈伯洋25日出席興雅福德宮中秋餐會，支持民眾到場外守候爭睹風采。（記者方賓照攝）台北市長參選人沈伯洋25日出席興雅福德宮中秋餐會，向與會民眾致意。（記者方賓照攝）沈伯洋晚間到興雅福德宮。（記者甘孟霖攝）沈伯洋晚間到興雅福德宮。（記者甘孟霖攝）    ,https://news.ltn.com.tw/news/politics/breakingnews/5586315
生日當天被羈押！竹南鎮長參選人何秀綿競總發聲：質疑政治黑手介入,政治,2026/09/25 20:19,圖為何秀綿宣布參選時畫面。（何秀綿競總提供）竹南鎮長參選人、竹南鎮代會主席何秀綿涉嫌發放市價約300元的茶葉、果乾禮盒給選民，檢方向法院聲請，法院裁定羈押禁見。何秀綿競選總部今（25日）晚間發表正式聲明指出，今天適逢中秋佳節也是何秀綿的生日，對突如其來的司法事件感到震驚與不捨。競總質疑有特定人士為選舉勝負泯滅人性、政治黑手介入司法，並強調選務團隊不會停下腳步，將堅定守護清白、堅持到底。何秀綿競選總部指出，今天適逢中秋節，也是何秀綿生日，原本家人已準備慶生驚喜，卻因何秀綿遭羈押禁見而無法實現，團隊對此深感震驚與不捨。請繼續往下閱讀...對於檢方指控，何秀綿競總質疑，何秀綿參選以來已進行超過百場拜票、客廳會，若選情如團隊所掌握，為何還需要以果乾、茶葉等約300元價值的禮品進行賄選？聲明認為相關情節是否符合一般選舉常理，仍有待釐清。何秀綿競總強調，案件在選舉敏感時刻進入羈押程序，是否存在外力介入或其他因素，令人不免產生疑問；但基於尊重司法，團隊仍盼司法機關依具體事證、情節及犯意比例作出公正裁定，不受政治立場或輿論影響。何秀綿競總指出，何秀綿暫時缺席期間，團隊不會停止選務工作，將持續走訪基層、傾聽民意，「我們尊重司法，但也會堅定守護何秀綿主席的清白，把最終選擇交給竹南鄉親，以民主方式接受人民檢驗。」    ,https://news.ltn.com.tw/news/politics/breakingnews/5586326
撞名沈伯洋英文名 網友突發奇想：穿「PUMA」投票是否違法,政治,2026/09/25 20:13,有網友提問台北市民選舉當天若身穿運動品牌「PUMA」相關服飾前去投票是否違法，引起網友議論。（路透檔案照）民進黨台北市長沈伯洋英文名字是Puma，有網友發文提問，台北市民如果11月28日選舉當天身穿運動品牌「PUMA」相關服裝前去投票，是否違法，引起網友討論，也有網友點名中選會要趕快說清楚，否則投票日可能會引發很多爭議事件。此則臉書發文引來大批網友討論，不少人都認為應該沒問題，「穿這件有什麼問題，候選人名單上印的是沈伯洋，又不是印PUMA」、「理論上並不違法，因為中選會登記的名字跟選票都不是寫PUMA，但如果在投票所有明顯拉票行為那就是違法」。請繼續往下閱讀...但也有網友擔心橫生枝節，因此規勸「中選會不一定會因人設事。但藍白會。不必給人撿槍的機會」。也有網友開玩笑說「那有印保力達B可以嗎？」、「手上拿保力達B，也會有爭議」。    ,https://news.ltn.com.tw/news/politics/breakingnews/5586325
綠營大咖齊站台！台南東區競總成立  李宗霖拚守住本土泛綠關鍵席次,政治,2026/09/25 20:06,台南市立委林俊憲（左2）、台南市議長邱莉莉（右2）率民進黨團成員上台助陣，送球棒揮棒象徵團結拚勝選。（李宗霖競選總部提供）無黨籍台南市議員李宗霖今（25日）在東區成立競選總部，現場湧入千人，市長黃偉哲、議長邱莉莉、立委陳亭妃、林俊憲等綠營人士到場力挺，金曲歌王謝銘祐、政治漫畫家黑名及成大建築系教授薛丞倫也跨界站台，現場「凍蒜」聲此起彼落。身兼民進黨議會黨團副總召的李宗霖表示，從政以來始終以本土陣營大局為重，東區這1席攸關本土泛綠能否過半。他細數任內推動機車直接左轉、後甲圓環十字道路改善，以及城市識別、本土語言與文化深化，並爭取皮蛇疫苗、RSV疫苗補助等政策，盼選民繼續支持專業問政團隊。請繼續往下閱讀...邱莉莉率民進黨團成員上台助陣，肯定李宗霖具溝通及跨黨派協調能力，並拿起球棒揮棒，象徵團結拚勝選。陳亭妃送上包子、粽子，寓意「包中」，林俊憲喊話關鍵1票支持李宗霖，黃偉哲則送上鳳梨，象徵「旺旺來」。學術、藝文界也加入助陣行列。薛丞倫肯定李宗霖具前瞻、務實的政策思維；黑名致贈「TAIWAN本土號」創作畫作；謝銘祐現場獻唱《路》等多首曲目，肯定李宗霖與自己一樣充滿對台南的無比熱愛，並親自為李宗霖披上象徵勝選的彩帶，讓成立大會氣氛達到高潮，展現出跨界聲援與泛綠陣營團結勝選氣勢，勢不可擋。台南市長黃偉哲到場相挺。（李宗霖競選總部提供）民進黨台南市長參選人陳亭妃立委（中）與南市議會民進黨團到場力挺。（李宗霖競選總部提供）    ,https://news.ltn.com.tw/news/politics/breakingnews/5586318
慶中秋！明年普發1萬、成長津貼  賴清德：努力打造台灣好生活,政治,2026/09/25 19:55,總統賴清德。（資料照，記者王文麟攝）中秋佳節之際，賴清德總統透過社群平台發布中秋祝福影片，除提醒民眾返鄉旅遊注意行車安全，也同步宣傳明年將普發現金一萬元，並針對18歲以下孩童提供每月5000元的成長津貼，強調政府在不舉債前提下，致力打造台灣好生活。賴清德今日在社群平台分享華語及台語版的中秋祝福影片，他在影片中表示，台灣的經濟越來越好，政府在不影響其他部會的預算、沒有借錢的前提下，明年將普發現金1萬元；18歲以下的小孩，每個月還有5000元的成長津貼，要讓台灣過好生活。請繼續往下閱讀...賴清德也提到，中秋節到了，要提醒大家，無論是出外旅遊或是返鄉過節，請注意行車平安，「祝福大家，闔家平安幸福，月圓人團圓」。賴清德同時發文表示，連假期間，有和家人朋友一起吃頓飯、聊聊天嗎？這些平凡又珍貴的相聚，就是他們努力守護的日常。政府會努力打造台灣好生活，讓大家都能安心生活、快樂追夢，和最重要的人共享每一個團聚時刻。此外，在賴清德的官方LINE平台，也應景地推出中秋限定「月餅出爐」挑戰，讓民眾除了吃月餅，也能與親朋好友一起挑戰眼明手快的「烤」月餅小遊戲。    ,https://news.ltn.com.tw/news/politics/breakingnews/5586307
曾聖凱中秋節拜票鎖定竹北信仰場域 融入市民生活,政治,2026/09/25 19:33,別人中秋節賞月、吃月餅和烤肉，民進黨新竹縣竹北市長參選人曾聖凱（左）選擇走訪竹北各地的地方信仰中心，向市民送上祝福。（曾聖凱辦公室提供）別人中秋節賞月、吃月餅和烤肉，民進黨新竹縣竹北市長參選人曾聖凱則選擇走訪竹北各地的地方信仰中心，向市民送上祝福，也出席鹿場里的平安戲活動，選擇跟市民朋友一起參與傳統節慶和地方文化活動，平添大家的熟悉與黏著度。曾聖凱說，中秋除了家人團聚，也是鄰里相聚、共享情感的重要時刻。竹北自早期聚落發展以來，居民來自不同背景，地方信仰也呈現多元樣貌；無論信仰對象與儀式形式如何不同，透過節慶、戲曲與日常往來，大家彼此尊重、共同參與，讓不同信仰在生活中交流融合，形成地方共同記憶。請繼續往下閱讀...他說，地方信仰場域不只是祈福的所在，也是居民交流情感、保存歷史記憶與延續文化的重要空間。從中秋團聚、平安戲到鄰里互動，這些活動承載著先民拓墾、聚落形成與社區互助的歷史脈絡；而客家文化也正是在語言、飲食、節慶、戲曲及人與人之間的往來中，持續被看見、理解並傳承下來。他認為，在竹北持續發展的同時，也要珍惜前述透過多元信仰所累積出來的地方文化與人情，讓傳統不只是被保存，更能融入現代生活、持續發展。    ,https://news.ltn.com.tw/news/politics/breakingnews/5586281
中秋合體拚翻轉 陳品安、林月琴大玩柚子對決,政治,2026/09/25 19:28,今天是中秋節佳節，民進黨苗栗縣長參選人陳品安（右3）及苗栗市長參選人林月琴（左2），縣議員參選人許櫻萍（左1）、徐筱菁（右2）及苗栗市代參選人湯國環（右1）、藍天奎等人合體，彩繪柚子，並祝福鄉親「中秋節快樂，月圓人更圓！」（記者張勳騰攝）今天是中秋節佳節，民進黨苗栗縣長參選人陳品安及苗栗市長參選人林月琴，縣議員參選人許櫻萍、徐筱菁及苗栗市代參選人湯國環、藍天奎等人合體，推出「柚子對決」特別企劃，祝賀苗栗鄉親中秋愉快。陳品安、林月琴親手為對方繪製肖像、互贈中秋祝福，並肩剝柚子、暢談縣市政策；林月琴強調，市政及縣政是一體，未來她會與陳品安等人攜手力拚苗栗縣、市的經濟，更相信堅實的「苗栗隊」，一定能夠打贏選戰。今天中秋佳節，陳品安及林月琴等6人拿起畫筆、專注觀察對方細節。陳品安笑說，「月琴最重要的是眼神！」林月琴也立刻回應，「品安最重要的是笑容！」畫作揭曉時，兩人相視大笑，也畫出長期並肩作戰累積的信任與情誼；大家不只用柚子畫出彼此，也分享對苗栗的願景，展現苗栗縣市團結的真誠與溫暖。請繼續往下閱讀...彩繪結束後，接續進行「剝柚子大賽」。陳品安手持水果刀、看著桌上的柚子打趣說：「我不能殺妳的柚子，不然到時候又有人說我們不合！」林月琴隨即接梗：「如果一起剝柚子還可以被見縫插針！代表我們聯手會帶給競選對手壓力。」兩人邊剝柚子邊聊天，以生活化的互動展現高度信任與默契。林月琴指出，兩人的好默契不只在節慶活動，更在推動地方建設的行動力。她近來積極推動「週週有部長」考察行程，邀請中央部會首長實地造訪苗栗，也持續邀請陳品安從在地專業一同深入基層考察，透過中央地方連線與跨領域合作，發掘地方需求，為苗栗鄉親爭取最實質的資源與發展支持。最後6人齊聲喊出：「我們一起拚，翻轉76年沒有政黨輪替的苗栗！」並祝福鄉親：「中秋節快樂，月圓人更圓！」    ,https://news.ltn.com.tw/news/politics/breakingnews/5586267
彰化縣府大樓竟有200多坪私有地  「這1招」躲過拆屋還地,政治,2026/09/25 19:01,台一線旁彰化縣政府辦公大樓，車道旁部分土地是私有地，長期向民間承租使用。（記者張聰秋攝）彰化縣政府辦公大樓外觀修繕和耐震補強工程近尾聲，將趕在縣長王惠美12月25日卸任前完成，很多人以為這棟51年歷史的老大樓，基地全是公有地，直到縣府主動公布花了9250多萬元經費完成購地，外界才知道原來這個黃金地段的公家機構，竟「藏」了部分私有地，已向民間承租近半世紀。位於台1線旁的彰化縣政府第一辦公大樓，自1975年興建、1981年啟用，歷經近半世紀使用後，近幾屆縣長都曾有過「遷府」提議，最後都沒下文，兩年前，縣府決定翻修加強防震並做俗稱「拉皮」的外觀修繕工程，隨著工程將完工，縣府也決定一次解決歷史遺留問題，把大樓車道旁私有地由租轉買，納入縣有資產，完成土地產權整合。請繼續往下閱讀...縣府行政處指出，縣府已在今年9月17日完成彰化市南郭段南郭小段81、81-1及92-2地號等3筆土地協議價購及簽約，這3筆土地過去由財團法人私立台中仁愛之家所有，縣府長期以租賃方式使用，如今正式取得所有權，宣告讓公家機關土地產權單純化，也有助於未來行政空間整體規劃及公共設施改善，落實公家土地「管用合一」。行政處表示，這次購地總面積約778平方公尺（約235坪），土地價格經專業不動產估價師估價，並參考周邊市場交易行情、土地使用現況及公共設施用地特性等因素，最後以每平方公尺11萬8900元、總價9250萬4200元完成協議價購。縣府最近用協議價購方式，買下辦公大樓部分私有地，以利日後空間規劃與土地管理。（記者張聰秋攝）    ,https://news.ltn.com.tw/news/politics/breakingnews/5586278
新聞360》台灣飛彈震撼全曝光！共軍「致命威脅」專家破解,政治,2026/09/25 18:57,全新的視界！新聞話題不漏接，快訂閱YouTube 【自由追新聞】，記得開啟小鈴鐺哦！    ,https://news.ltn.com.tw/news/politics/breakingnews/5586287
徐欣瑩照顧婦幼  秋節宣示將推全國首見新竹「生育好孕10萬大禮包」,政治,2026/09/25 18:56,國民黨新竹縣長徐欣瑩中秋節推出「新竹好孕10萬大禮包」的女力政見，藉由照顧女性也疼惜下一代的健康。（徐欣瑩辦公室提供）國民黨新竹縣長參選人徐欣瑩今天推出第2波2030新竹女力政見，要啟動全國首見的「生育好孕10萬大禮包」，也就是從女性懷孕、生產、坐月子，到寶寶出生後第1年的健康與育兒需要，都會一路接住所有的女性朋友；並加碼孕前健檢補助到3000元，同時擴大名額與檢查內容，另將提供新生兒父母免費心理諮商，以此打造完善的生育照顧體系，讓新竹縣成為全台女性最友善的城市。徐欣瑩強調，生孩子不是一個家庭單獨承擔的事，而是一座城市對下一代的共同投資，中央給第1份支持後，如果她當選縣長，新竹縣府將會再多陪一段，讓「想生、敢生、安心養」不再只是口號。請繼續往下閱讀...她說，她將推動「新竹好孕孕前健康計畫」，把女性孕前健檢補助提高到3000元，擴大名額和檢查內容，把貧血、甲狀腺、免疫以及生殖健康風險評估也納入；只要發現異常就轉介追蹤，不是等懷孕後才補救，而是提早把風險找出來，讓每個想迎接孩子的家庭都多一分安心。此外，考慮照顧新生命不容易，不論是媽媽的心理變化，或是爸爸的角色適應，需要幫忙時千萬不要勉強硬撐。所以她將提供每胎6次的「新生兒父母免費心理諮商」，無論是面臨產後憂鬱、育兒焦慮，還是夫妻角色調適的壓力，都給新手爸媽心理上的最強支持。國民黨新竹縣長徐欣瑩中秋節推出「新竹好孕10萬大禮包」的女力政見，藉由照顧女性也疼惜下一代的健康。（徐欣瑩辦公室提供）國民黨新竹縣長徐欣瑩中秋節推出「新竹好孕10萬大禮包」的女力政見，藉由照顧女性也疼惜下一代的健康。（徐欣瑩辦公室提供）    ,https://news.ltn.com.tw/news/politics/breakingnews/5586274
川習會登場！他曝習近平對台灣最危險1句話「藏在祝福裡」,政治,2026/09/25 18:55,習近平出席白宮晚宴。（彭博社）美國總統川普於美東時間24日在白宮會晤中國國家主席習近平，外媒指出，雙方未在會談中取得重大突破。但習近平在歡迎式上說「實現中華民族偉大復興」與「讓美國再次偉大」可以並行不悖，美智庫資深研究員、前立委許毓仁指出，對台灣來說「最危險的一句話藏在祝福裡」。許毓仁今日在臉書發文，整理自己在美國之音（VOA）現場直播中，評論川習會與白宮國宴的幾個重點。首先，他認為美中關係是「管理」不是「突破」，這次峰會的基調是「穩定」，不是「交易」，雙方都刻意保留籌碼。請繼續往下閱讀...許毓仁分析，在重點「台灣」議題上，根據新華社報導，習近平要求美方堅持「反對台獨」的正確立場，並慎重處理台灣問題。更值得注意的是他在歡迎式上說「實現中華民族偉大復興」與「讓美國再次偉大」可以並行不悖。許毓仁強調，在習的語彙裡，「民族復興」包含統一台灣。「他把台灣議題包裝在最友好的語言裡，這是精心設計。」此外，140億美元的對台軍售，自五月北京峰會後就一直被擱置，川普本人稱之為潛在的「談判籌碼」，至於何時推進仍未決定。許毓仁認為，這才是台灣真正該警覺的地方。許毓仁提到，川普在國宴致詞中說「我們代表不同體制，但我們從未相處得這麼好」。他認為，這句話對內是在展示個人外交的成果，對習則是釋放「不挑戰體制」的訊號。國宴首輪祝酒選用的葡萄酒，呼應 1972年尼克森與周恩來的「和平之酒」，他認為川普要的是歷史定位，想把自己放進尼克森的歷史譜系。但對台灣來說，1972年代表的是《上海公報》，也就是美中「一個中國」框架的起點。另外，習近平則說雙方在許多問題上達成共識，但沒有說明是哪些問題，也沒有宣布具體協議，只是反覆強調「建設性戰略穩定關係」與「大國相處新路」。這句話對內是展示中國與美國平起平坐，對外則是要美方接受中國的「核心利益」。許毓仁最後表示，這是一場「氣氛大於實質」的峰會。對台灣而言，最該看的不是國宴上的酒杯，而是軍售文件什麼時候解凍。    ,https://news.ltn.com.tw/news/politics/breakingnews/5586258
粉墨登場扮皇帝！李四川曾連4年扮演「這角色」原因曝,政治,2026/09/25 18:48,國民黨新北市長參選人李四川（中）PO出昔日扮演皇帝造型。（擷取自李四川臉書）國民黨新北市長參選人李四川25日在社群PO文，附上他昔日粉墨登場的照片，造型令人驚艷，李四川表示「這是我，不要懷疑，歌仔戲我唱了4年，難得再踏上同一個舞台，還真是熟悉又對味」。李四川說，今天適逢中秋節，受邀來新北市府多功能集會堂，觀賞劉麗麗舞蹈團以及莊敬高職學生的表演，說實在，這是跑行程中的一大享受，每一位的打扮，都非常精緻又漂亮，表演更是沒話說，精彩還不夠形容。請繼續往下閱讀...他指出，新北不缺文化人，也不缺舞蹈表演人才，但能有更多的舞台，絕對是未來的方向，例如我提的「南有巨蛋城」願景，以及板橋體育館升級為「新北小巨蛋」，目標就是要讓所有表演文化，都能在這深耕扎根。他踏上這個舞台，表示「我懷念的，是過去在新北市府擔任副市長時，每逢重陽節，就會和議員們一起表演歌仔戲。」這一唱，就唱了四年，每年演的都是皇帝，原因很簡單，因為台詞少，但少歸少，唱腔、姿勢我都努力學，努力到位。李四川說，沒想到，還是會出槌，但沒關係，大家看得都開心，他常說，做工程的讓城市「變大」，但文化人才能讓城市「變偉大」。國民黨新北市長參選人李四川（中）PO出昔日扮演皇帝造型。（擷取自李四川臉書）國民黨新北市長參選人李四川（中）PO出昔日扮演皇帝造型。（擷取自李四川臉書）    ,https://news.ltn.com.tw/news/politics/breakingnews/5586263
賀！李四端YTR生涯第一部百萬影片誕生 「流量王」沈伯洋助攻,政治,2026/09/25 18:46,資深媒體人李四端第1部破百萬流量的影片誕生。（圖擷取自「YouTube」）資深媒體人李四端的YouTube頻道「今晚找四端」訂閱人數雖有近9千人，但觀看次數多在幾百到幾千，不過，專訪沈伯洋的「（純影版）S1EP80 市長你給我聽好了！台北市長民進黨參選人沈伯洋專訪」，在不到1天的時間就達102萬次觀看流量，成為他頻道創立以來第一部破百萬觀看次數的影片。李四端在純影版破百萬後，今天（25日）上線「（完整字幕版）S1E80 市長你給我聽好了！台北市長民進黨參選人沈伯洋專訪」，網友紛紛留言支持反映「哈哈，字幕打好，都破百萬了」、「意圖使人再複習一次」、「再來推個字幕版，謝謝」、「破百萬了」、「糟糕！只好複習一次了」。請繼續往下閱讀...沈伯洋這超狂的流量上次接住的是王偉忠，這次接到的是李四端，就有網友笑稱「ㄨ寶潔正等著這一波流量」、「我想看趙少康來挑戰12小時內破百萬流量」、「沈伯洋=收視紅盤」、「流量王~我的市長沈伯洋」。    ,https://news.ltn.com.tw/news/politics/breakingnews/5586238
破除分化流言！陳品安、林月琴合體剝柚子 攜手推「週週有部長」爭建設,政治,2026/09/25 18:38,破除分化流言！民進黨苗栗縣長參選人陳品安（右二）、苗栗市長參選人林月琴（左二）今日合體剝柚子，攜手推「週週有部長」爭建設。（民進黨苗栗縣黨部提供）中秋佳節民進黨苗栗縣長參選人陳品安與苗栗市長參選人林月琴今（25）日合體推出「柚子對決」特別企劃，祝賀苗栗鄉親中秋愉快。兩人現場親手為對方繪製肖像、互贈祝福，並肩剝柚子交流縣市政策。兩人以「我們是一起拚，不是互相鬥！」展現默契，並齊聲呼籲對手不要再散播假消息搞分化，強調將攜手翻轉苗栗長達76年未曾政黨輪替的現況。兩人合體回應不合傳言，林月琴說，兩人聯手確實帶來壓力，才屢被見縫插針。縣議員徐筱菁、許櫻萍及市民代表參選人藍天奎、湯國環等人也共同參與，現場氣氛熱絡。請繼續往下閱讀...林月琴表示，近來積極推動「週週有部長」考察行程，邀請中央部會首長實地走訪苗栗，並邀請在地深耕的陳品安一同深入基層，透過中央與地方連線爭取建設資源。陳品安與林月琴強調，在為地方爭取福祉的路上信念一致，最後兩人高舉畫作與柚子，齊聲喊出「一起拚，翻轉76年沒有政黨輪替的苗栗」，祝鄉親「月圓人更圓」。    ,https://news.ltn.com.tw/news/politics/breakingnews/5586262
沈伯洋專訪大破圈！林濁水曝李四端、王偉忠分屬「兩個世界」,政治,2026/09/25 18:32,圖為沈伯洋25日出席葫蘆堵海光宮中秋搏餅活動，受到民眾熱情歡迎。（記者羅沛德攝）台北市長參選人沈伯洋近期勇於挑戰異溫層，接受外界普遍認為背景泛藍的節目主持人專訪，包括製作人王偉忠、主持人李四端專訪的影片上架後都獲得好成績。前立委林濁水指出，要注意的是，王偉忠是文青藍、李四端是老知識藍，這分屬兩個世界。林濁水也直言，這次選舉已經不能再依據過去任何常態經驗做推斷了。沈伯洋本月10日接受王偉忠專訪後成功掀起「洋流」，該影片目前也已破300萬次觀看；而他近日接受李四端的專訪影片，在YouTube上架一天後也突破100萬次瀏覽。請繼續往下閱讀...對此，林濁水今日在臉書發文指出，在一個訂閱數比王偉忠小得多的李四端專訪中，沈伯洋的點閱率在影片發布後，其實展現了更為迅猛的爆發力。他指出，要注意的是，王偉忠是文青藍、李四端是老知識藍，這兩人分屬兩個世界。林濁水表示，無論如何，這次選舉已經很清楚不能再依據過去任何的常態經驗做推斷了。甚至2018年幾乎只是一次性、個人性的韓流經驗都不足以說明。一定要比較的話，只有當年太陽花掀起大震動後的歷史性的版塊重組可以比擬。最後他也表示：「如今，基本上版塊已經出現大家沒有看見的巨大裂縫，只待豪傑揮灑才情。」    ,https://news.ltn.com.tw/news/politics/breakingnews/5586244
沈伯洋9/27台中市民廣場合體何欣純 網友喊期待捲出「欣洋流」,政治,2026/09/25 18:29,沈伯洋將於週日（27日）到台中與台中市長參選人何欣純合體，見面活動將從審計新村散步至市民廣場。（何欣純競總提供）民進黨台北市長候選人沈伯洋將於中秋連假第3天、週日（27日）到台中與台中市長參選人何欣純合體，但人還沒到，已經掀熱潮，總部及網路詢問不斷，何欣純今天在網路社群預告，上午10點與民眾相約在市民廣場，見面活動從審計新村散步至市民廣場，歡迎來打卡拍照，陪著二人一起走讀。何欣純中秋連假首日，在社群預告後天上午，與台北市長候選人沈伯洋和大家約好在市民廣場，同時祝福市民朋友大家中秋連假愉快、平安，詳細說明與沈伯洋的見面活動，會從審計新村散步至市民廣場，何欣純邀請好朋友們來打卡拍照，陪二人一起走一段路，一起聽他們談談這座城市的文化與願景，也不忘提醒大家活動為白天上午，要注意防曬、補充水份以外，也請同行散步群眾一起注意安全、避免推擠，遵守現場交管以及工作人員引導。請繼續往下閱讀...沈伯洋週日台中行，先在上午8點45分左右到北區元保宮參拜，與北區議員簡嘉佑、北屯區議員陳信秀等人組成隊伍比賽戰鬥陀螺，競爭台灣尚勇盃陀螺比賽，接著10點到審計新村與何欣純合體城市走讀，沿著綠園道，以「城市微森林」為主題討論，一起走到市民廣場，最後再到何欣純競總參與百工百後援會成立。對於洋流湧入台中，網友熱烈回應，期待捲出「欣洋流」、「台北洋流已經順起來，台中新流純起來」、「感謝伯洋蒞臨台中加持」、「預估人潮會擠爆，歡樂迎接洋流」、「欣市長加油，凍蒜，台中一定要贏！」何欣純昨天在市議員何文海等人陪，同參加文山里中秋千人晚會 。（何欣純競總提供）    ,https://news.ltn.com.tw/news/politics/breakingnews/5586250
中秋連假首日蔣萬安無公開行程 綠質疑「謀定選戰策略」、藍稱「需適度休息」,政治,2026/09/25 18:24,台北市長蔣萬安（左）和研考會主委殷瑋。（資料照）九合一大選進入倒數階段，各地選戰白熱化，今適逢中秋節連假第一天，台北市長蔣萬安全天無公開行程。對此，國民黨籍議員楊植斗認為，不管是蔣萬安，還是民進黨參選人沈伯洋都需要適度休息；國民黨籍議員李明賢則表示，每個人選戰節奏的不一樣，蔣萬安按照自己的步驟即可。民進黨籍議員許淑華則直言，蔣萬安放假躲起來未必是在陪伴家人，「應是與團隊在討論謀定選戰策略。」中秋連假第一天，蔣萬安無公開行程，議員楊植斗認為，每個人都需要休息，連民進黨立委吳思瑤都說沈伯洋需要休息，中秋連假蔣萬安也需要喘氣空間，不管是蔣萬安，還是沈伯洋經歷選戰行程後，都需要適度休息。請繼續往下閱讀...議員李明賢則表示，蔣萬安就照節奏走即可，每個人選戰節奏不一樣。目前蔣萬安非公開行程，都會提供給藍營議員，26、27日還安排好幾場非公開行程，屆時這些行程都會與議員一同出席，未來還有各種勞動團體、職業團體、後援會等，蔣萬安的非公開行程，都安排得很密集。議員許淑華則認為，中秋節的活動一定很多，按照國民黨的組織盤，面對大型活動，蔣萬安就是要露臉，假設能輕鬆選的話，蔣萬安當然可以陪家人，但是現在情勢就是不容小覷，包含王偉忠專訪沈伯洋的收看率創新高，沈伯洋面對各種訪問都全力突破同溫層。許淑華表示，反觀蔣萬安現在面對媒體都在迴避尖銳問題，因為蔣多說多錯。面對沈伯洋符合年輕世代喜歡的形象，口才、論述皆到位，蔣陣營可以掌握的選舉基調被打破，現在蔣不敢去硬碰硬，盡量不要凸顯沈伯洋的強項，「放假躲起來未必是在陪伴家人，應是與團隊在討論謀定選戰策略。」    ,https://news.ltn.com.tw/news/politics/breakingnews/5586245
吳旭智點名鄭朝方 應對福興、縣福2公園每分預算必要性說清楚,政治,2026/09/25 18:02,國民黨新竹縣竹北市長參選人吳旭智說，治理竹北應建立一套更完整的公共建設生命週期管理制度。 （吳旭智辦公室提供）國民黨新竹縣竹北市長參選人吳旭智今天被白營對手邱臣遠當眾cue，指具縣議員身分的他，最應監督民進黨竹北市長鄭朝方燒千萬卻翻新2座完工不到4年的公園，而不是讓藍營台北市議員參選人賴苡任「跨區代打」。吳旭智對此表示，公共議題本來就該接受所有人的檢驗，他也要求鄭朝方出面說清楚，至於他若主政，將建立公共建設生命週期管理制度。吳旭智說，所謂的公共建設生命週期管理制度，就是從設計、興建、維護到更新，都應留下清楚紀錄，並在重大改建前先自問3個問題：原有設施為什麼不能繼續使用？新的工程能帶來什麼具體效益？這筆錢是不是最有效率的做法？請繼續往下閱讀...吳旭智說鄭朝方應出面回應的民眾疑慮，包含：是否「重複建設、浪費公帑」，以及為何可以不理內政部與縣府的發函示警？如果前次工程才完工不到4年，這次為何又要投入上千萬？前後工程有無疊床架屋？原設施是否仍然堪用？如果中央與縣府都曾正式發函提醒，公所又是依據什麼來持續推動？這些疑慮，鄭朝方都有責任對市民說清楚。吳旭智也強調，政府機關間曾有不同意見，公所更應主動把相關函文、回覆、工程評估以及方案比較等資料完整公開，而非一句「依法辦理」帶過。竹北未來在交通、教育、停車、運動、排水以及公共空間，還有很多重大建設要推動，因此不能浪費任何一分公共資源。他認為行政首長該做的，不是替工程找理由，而是替市民把每一分錢的必要性說清楚。    ,https://news.ltn.com.tw/news/politics/breakingnews/5586225
傅崐萁喊普發現金2萬  行政院祭出3原則,政治,2026/09/25 18:00,立法院國民黨團總召傅崐萁喊出每人普發2萬元，行政院發言人李慧芝今（25）日表示，普發現金需要基於3個原則：1、沒有增加實質的舉債。2、沒有排擠社福、國防、醫療、教育等其他國家施政計畫。3、程序上必須合法合憲。（資料照）立法院國民黨團總召傅崐萁預告，29日立法院新會期開議，「優先的民生法案，就是還稅於民，每人普發2萬元」。對於普發現金1萬元是否再加碼？行政院發言人李慧芝今（25）日表示，普發現金需要基於3個原則：1、沒有增加實質的舉債。2、沒有排擠社福、國防、醫療、教育等其他國家施政計畫。3、程序上必須合法合憲。行政院於明年中央政府總預算案編列預算2357億元普發現金1萬元，傅崐萁在8月時表示，國民黨團會全力推動現金普發，對於今年度總預算，也會積極來審查，「國民黨團規劃是希望可以發2萬到3萬元」。另外，也有國民黨中常委建議立院黨團，將今年度普發現金的提案抽出逕付二讀，直接表決，讓人民今年就可以領1萬元，明年依政府的規劃再發1萬，普發現金將成為立法院新會期的朝野攻防焦點。請繼續往下閱讀...普發現金1萬元是否再加碼？李慧芝表示，明年度中央政府總預算所編列的AI紅利普發1萬元，是經過政府嚴格計算、合理的財政紀律規劃，並衡量國家財政能力，提出負責任、全面性的AI紅利全民共享。李慧芝強調，普發現金需要基於3個原則：1、沒有增加實質的舉債。2、沒有排擠社福、國防、醫療、教育等其他國家施政計畫。3、程序上必須合法合憲。行政院編列預算，立法院審議預算，並且依「憲法」第70條及「預算法」第91條精神，立法院不得做增加政府支出的提議，這都是憲法所明定的。李慧芝說，政府在不實質舉債、不排擠其他既有施政前提下，完成相關規劃，希望立法院能依照「憲法」、「預算法」相關時程，在這個預算會期完成總預算的審議，讓包括AI紅利全民普發以及0至18歲每人每月5000元的兒少成長津貼等規劃，能在總預算審議完成後順利推動。    ,https://news.ltn.com.tw/news/politics/breakingnews/5586228
被沈伯洋喊「從小看到大」氣到！議員許淑華怒曬美照,政治,2026/09/25 18:00,台北市議員許淑華曬出美照。（取自許淑華Threads）民進黨台北市長參選人沈伯洋23日回到五分埔老家掃街，介紹與他同行的台北市議員許淑華時竟稱「我是看著許淑華長大的！」讓不少網友笑翻。許淑華今日在Threads曬出一張美照，祝福大家中秋節快樂，還巧妙表示「我就是沈伯洋看著我長大的華姐」。沈伯洋日前掃街活動介紹許淑華時表示：「淑華議員更不用講，我是看著許淑華長大的。」讓許淑華當場傻眼，湊了過來，露出有殺氣的微笑死死盯著沈伯洋，還邊拍沈伯洋的肩膀警告。請繼續往下閱讀...許淑華今日在Threads上發布一張她站在林間步道的美照，祝大家中秋節快樂，吃完月餅後可以多到戶外走走吸取芬多精，還表示：「我就是沈伯洋看著我長大的華姐，嘻嘻！」巧妙從沈伯洋「從小看到大」改成「看著她長大」。嘴甜網友紛紛留言表示：「永遠是心中女神」、「我今年64歲、住虎林街我看淑華從小長到大！」、「最美的華姐」。但行政院秘書長張惇涵卻在下方留言：「我也是從小看姐長大的。」馬上被網友砲轟：「這完全是自殺式的發言啊」、「你完全不想活過中秋就是了」。     在 Threads 查看    ,https://news.ltn.com.tw/news/politics/breakingnews/5586219
林智堅復出輔選 為子弟兵楊玲宜拍影片走訪動物園、左岸自行車道 細數8年政績,政治,2026/09/25 17:56,新竹市前市長林智堅復出輔選了！為子弟兵市議員楊玲宜拚連任拍影片，兩人走訪動物園及左岸自行車道，細數8年政績。（楊玲宜提供）新竹市前市長林智堅復出輔選！為子弟兵市議員楊玲宜爭取連任拍影片，林智堅今與楊玲宜走訪過去大力改造的市立動物園及頭前溪左岸自行車道，細數8年滿滿的政績。但看到動物園的景象也感嘆現在的高虹安市府維護力道應加強，兩人騎自行車到舊社自行車道，沿路許多市民看到林智堅都開心打招呼，林智堅也輕鬆與市民閒話家常。楊玲宜則稱，林智堅任內8年的亮眼政績，是最厚實的底氣，接下來市民應有機會常看到林智堅了。楊玲宜提到，她在林智堅8年市長任內，透過扎實的市政訓練及服務，在擔任市議員近4年，努力爭取選民認同，如今拚連任，有前市長林智堅的加持與輔選，更能讓市民重溫林智堅任內滿滿的政績與建設。兩人一路從林智堅最熟悉的動物園開始，透過影片拍攝與走訪，感嘆動物園這4年在高虹安市府疏於維護下，園內很多設施都需再改善加強。請繼續往下閱讀...兩人也騎自行車前往林智堅任內大力促成的左岸自行車道，從舊社自行車道一路騎，沿途很多市民搶著跟林智堅打招呼，與林智堅閒話家常，肯定他8年帶來的建設與城市改變，但也不少人反映現在的竹市城市榮景不再，城市美學日漸破敗。林智堅看到他任內推動及改造的建設疏於維護，只說市府團隊要加油了，神情輕鬆的樣貌，已隨著新竹市立棒球場遭高虹安市府質疑涉圖利，但獲檢方不起訴而一掃陰霾，正如他自己在臉書發文所提的「輕舟已過萬重山」。新竹市前市長林智堅復出輔選了！為子弟兵市議員楊玲宜拚連任拍影片，兩人走訪動物園及左岸自行車道，細數8年政績。（楊玲宜提供）新竹市前市長林智堅復出輔選了！為子弟兵市議員楊玲宜拚連任拍影片，兩人走訪動物園及左岸自行車道，細數8年政績。（楊玲宜提供）    ,https://news.ltn.com.tw/news/politics/breakingnews/5586220
不只正規軍售   蘇紫雲：排斥商售恐讓台美軍事合作「狹隘化」,政治,2026/09/25 17:52,圖為安杜里爾創辦人帕爾默拉奇（Palmer Luckey）19日於「2026全社會防衛韌性國際論壇」發表演說。（安杜里爾提供）立法院會上月底三讀通過國民黨版無人載具條例、並於本月初經行政院副署，爭論多時的無人載具預算暫時落幕，然國民黨團強調，未來將支持正規軍購、嚴審商售弊案，引發外界議論。國防學者分析，國會監督預算天經地義，然軍售、商售均受美國政府管制，若國內堅持排斥商售，恐使台美軍事合作狹隘化。當前戰爭型態快速轉變，無人機與無人載具成為不對稱作戰顯學，而立法院會上（8）月底三讀通過六年2400億的「強化國防自主暨無人載具產業發展條例」，國民黨黨團更指出，未來將支持「正規軍購、嚴審商售」杜絕潛在弊端，引發議論。請繼續往下閱讀...而在19日的「2026全社會防衛韌性國際論壇」中，美國軍工獨角獸「安杜里爾」創辦人拉奇（Palmer Luckey）表示，過去一年已有逾15家台灣企業納入其全球供應鏈，涵蓋精密加工零件、電池、馬達、電子及光學等領域，今（2026）年與台灣在地供應商的採購金額預將成⻑15倍，未來更將持續招募台灣人才，提升專案交付、工程研發及採購等業務效能。若從軍售、商售來看台美安全合作，國防院戰略所所長蘇紫雲表示，台美軍事過往確實多以「軍售」作為評估基準，但軍售涉及政府對政府審查、流程冗長，也多限於大型的傳統儎台，不應被視為台美安全合作的唯一指標。相較之下，商售同樣受美國聯邦政府「國際武器貿易條例管制，但審查、交貨速度更快，對於快速迭代的無人機戰力，也更能符合建軍需求」。他進一步指出，國軍派員赴美訓練、俗稱「美語老師」的美軍教官來台協訓，以及軍援、彈藥補給等後勤支援和安全援助計畫，其實也同樣是台美間更深層的安全合作，再再凸顯軍售並非衡量台美關係的「唯一指標」。對於國會支持軍購、嚴審商購，蘇紫雲直言，國會監督屬天經地義，但立法與行政權應相輔相成，若前者過度干預後者，不僅增加時間成本，對於面對具體威脅的國防採購上更有失比例原則，進一步使台美軍事合作「狹隘化」。    ,https://news.ltn.com.tw/news/politics/breakingnews/5586209
台北文化小旅行惹議！沈伯洋秒給解答 作家嚇壞：我們還需要一口飯吃,政治,2026/09/25 17:34,沈伯洋給出台北市文化局解方，驚艷作家。（記者羅沛德攝）台北市近日推出「台北文化小旅行：梵谷篇」，遭質疑活動本身與台北關聯微弱，作家朱宥勳昨在臉書發聲批評，驚動文化局長蔡詩萍現身留言解釋，但仍遭朱宥勳質疑，明明可以將梵谷的畫作連結台北在地創作者，沒想到，台北市長參選人沈伯洋今日受訪被問到這題，當場給出解方，還點出台北礦工出身的畫家洪瑞麟。對此，朱宥勳直呼，有些人就是天才，他昨天寫了一大篇都沒想到這樣連結，「把這個人給我攆去當市長，我們做文史創作研究的人還需要一口飯吃，謝謝。」朱宥勳昨日因批評蔣萬安可能講不出3名台北出身的藝術家、作家，並批評「台北文化小旅行：梵谷篇」活動，引起蔡詩萍注意，在貼文下方貼出文化局說明並表示「遺憾」。朱宥勳馬上回文，批評相關回應是為「以梵谷串聯小旅行」的作法辯護，表示活動除了拿梵谷當圖標外，什麼台北的東西都沒介紹，也沒有將梵谷與任何一位台北的藝術家在美學或藝術上串聯，不過朱自己在文章中也沒舉出作家予以建議。請繼續往下閱讀...沒想到，沈伯洋今日受訪時被問到相關議題，除了表達可惜外，也直接給出具體意見。他同意，用梵谷的畫來台北做展示是美事，像梵谷畫作《夜晚露天咖啡座》，把它跟波麗路放在一起其實也是蠻適合的，這是台北的特色；另外，他還指出梵谷畫作《吃馬鈴薯的人》其實跟礦工有關，大稻埕的畫家洪瑞麟也是礦工出身，也可以一起做展示。朱宥勳今日發文表示，自己昨天問了一整天問不出一個名字，「現在人家根本沒參與籌劃活動的人，隨後就吐一個給你，連企劃方向都送你。被批評要怪誰？」他還說，求學時期曾遇到一位天才同學，第一次寫新詩就寫的非常好，讓他感到相當挫折，覺得不管做什麼，世界上都有真正的天才在他前面。朱宥勳指出，沈伯洋的回答讓他又出現熟悉的感覺，雖然自己不是學畫畫的，但反應也不該比研究犯罪學的沈伯洋慢吧？結果還真的比較慢，沈顯然不是學藝術的，只是廣泛的興趣之一而已。但好險他心態已經改變，「只要他不跟我在同一領域，我耕耘久了也能超過他。所以——把這個人給我攆去當市長，我們做文史創作研究的人還需要一口飯吃，謝謝。」台北市文化局推出「台北文化小旅行：梵谷篇」。（資料照）    ,https://news.ltn.com.tw/news/politics/breakingnews/5586192
維護役男權益 內政部預告修替代役傷病停役檢定標準,政治,2026/09/25 17:07,為維護役男權益，內政部昨天預告「替代役役男傷病停役檢定標準」修正草案，增訂替代役男申辦停役應提供的證明文件與佐證資料。示意圖。（資料照）為維護役男權益，內政部昨天預告「替代役役男傷病停役檢定標準」修正草案，增訂替代役男申辦停役應提供的證明文件與佐證資料，有疑義者，送指定複檢醫院複檢，停役複檢不提供相關佐證資料，導致無法獲得正確結果，檢查推定為正常。內政部昨天預告「替代役役男傷病停役檢定標準」修正草案，指出檢定標準為內政部依據「替代役實施條例」規定訂定，作為辦理替代役役男傷病停役作業的依據，因體位區分標準正由國防部會銜內政部辦理修正作業中，將於近期會銜發布，檢定標準應配合修正，以維持役政法規之衡平性及維護役男權益。請繼續往下閱讀...檢定標準草案增訂，替代役役男申請傷病停役，須檢具中央衛生主管機關評鑑合格醫院出具符合病症專科別之診斷證明書，並提供病歷、檢查報告、病理報告、手術紀錄、病灶相片、心理衡鑑報告、影像檔案或其他相關佐證資料，向服勤單位提出申請。檢定標準草案並增訂，替代役役男檢具效期內身心障礙或重大傷病證明，符合身心障礙或重大傷病與體位區分標準免役體位判等對照表規定者，主管機關得逕予核定停役；有疑義者，送指定複檢醫院複檢。現行檢定標準明定，替代役役男於停役複檢時，拒絕檢查或不與醫師配合，致無法獲得正確結果者，該項檢查推定為正常。檢定標準草案修正為，替代役役男於停役複檢時，拒絕檢查、不配合或不提供相關佐證資料，致無法獲得正確結果者，該項檢查推定為正常。檢定標準也修正部分替代役役男傷病停役檢定標準表，例如四肢骨折的停役標準，由原先的「運動功能仍有障礙」修正為「仍有重度畸形影響運動功能者」始達停役標準。精神疾病方面，檢定標準表在精神官能症、精神病及嚴重型憂鬱症的停役標準除原先需由精神科專科醫師診斷外，增列須完成心理衡鑑報告，以及提供近2個月以上完整治療病歷。    ,https://news.ltn.com.tw/news/politics/breakingnews/5586163
817公報效力不及台灣關係法、六項保證  蘇紫雲：下批軍售有望11月前公告,政治,2026/09/25 17:07,國防安全研究院國防戰略與資源研究所長蘇紫雲。（資料照）「川習會」登場，然傳中國會前放話引「817公報」籲美停止對我軍售，美國國務卿魯比歐更稱軍售需權衡美軍戰需，被外界解讀北京當局有權對我軍購置喙，引發議論。國防學者蘇紫雲反駁，817公報效力不及「台灣關係法」和六項保證，兩者為獨立事件不應過度解讀，更預估第二批軍售可望在美國期中選舉前發生，不受中方施壓而屈服。路透社報導，中國國家主席習近平本週訪問華府期間，預計將引用1982年美中簽署的「817公報」，當面施壓美國總統川普停止對台軍售，甚至進一步要求美方停止交付台灣已採購的軍備，以交換北京向伊朗施壓，協助緩解美伊衝突。請繼續往下閱讀...隔日，美國國務卿魯比歐（Marco Rubio）當地時間（23日）於紐約接受媒體聯訪。針對國會尚未批准的對台軍售案，他強調，這主要涉及平衡美國工業產能、國防工業基礎，每筆對外軍售都須權衡世界各地、各戰區美軍作戰指揮官所回報的衝突最低戰需，「因此，我們正在進行這個流程」，全球包含台灣在內皆是。此話一出，在野黨隨即批評，認為台美關係動搖。對此，國防安全研究院戰略與資源研究所長蘇紫雲今（25日）受訪指出，美國對台軍售受「台灣關係法」與「六項保證」美國國內法保障，也就是說，外傳北京當局主張美方應停止軍售所引述的1982年「八一七公報」，其法律位階還不及於前二者，軍售最終成立與否，決定權仍在美國總統手上，而35年前的1991年，美老布希總統宣布售我150架F-16A/B型戰機，即是一例。至於魯比歐稱軍售考量美軍實質需求、戰略排程是否為真？蘇紫雲舉例，美國國防安全合作局（DSCA）官員米勒（Michael F. Miller）今年三月偕美國務院政治軍事事務局資深官員布朗（Stanley L. Brown）、戰爭部採購與維護次長杜飛（Michael Duffey）出席聯邦眾議院外交委員會聽證會時，即闡明若我採購之魚叉飛彈交付順位，將優於沙烏地阿拉伯，這也代表美方確實考量「區域安全急迫性」來彈性軍售供貨順位，並非台美關係動搖。對於外界解讀北京有權以「八一七公報」阻撓美國對台軍售一事，蘇紫雲直言，北京意圖藉政治放話「混淆」國際認知，但兩者實質上是「獨立事件」不應相提並論，國內評論應回歸客觀事實；而美國白宮先前多次表示，美國總統川普（Donald Trump）很快會就對台軍售案做出決定，他推估，這個時間點有望在「川習會」後至11月的美國期中選舉之間發生。    ,https://news.ltn.com.tw/news/politics/breakingnews/5586167
送300元茶葉果乾禮盒 竹南鎮長參選人何秀綿羈押禁見,政治,2026/09/25 17:05,竹南鎮長參選人何秀綿涉賄選羈押禁見。（資料照）首次上稿 15:53更新時間 17:05苗栗地方檢察署獲報，竹南鎮長參選人、無黨籍竹南鎮代會主席何秀綿發放市價約300元、內含茶葉及果乾禮盒，涉嫌賄選，檢警調連兩天發動兩波大規模搜索，兵分32路傳喚29人到案。檢察官複訊後，認定包含何秀綿在內共8人涉犯投票行賄罪嫌重大，且有勾串、滅證之虞，向法院聲請羈押禁見；苗栗地方法院開庭審理後，今天下午裁准含何秀綿在內共7人羈押禁見獲准，1人則裁定請回。請繼續往下閱讀...苗栗地檢署指出，主任檢察官何建寬、檢察官徐子元指揮苗栗縣警察局及法務部調查局苗栗縣調查站共同偵辦，專案小組掌握情資後，9月23日、24日接連發動兩波搜索，執行32處地點，傳喚及通知29人到案。檢察官訊問後，認為何秀綿投票行賄罪嫌重大，且有事實足認有湮滅證據、勾串共犯及證人之虞，接續向法院聲請羈押禁見；另有2名被告分別諭知2萬元、1萬元交保，其餘涉案人員請回。經苗栗地院陸續開庭審理後，法官裁定准許何秀綿在內共7人羈押禁見，另1人則裁定請回。何秀綿已任兩屆竹南鎮代會主席，基層實力雄厚，登記參選時包括苗栗縣長鍾東錦、立委陳超明、連任屆滿的鎮長方進興等政壇要角皆陪同登記，何秀綿並喊出「縣鎮合一」核心信念，展現其雄厚人脈；何這次與時代力量的苗栗縣議員葉忠倫登記參選竹南鎮長，兩人對決。    ,https://news.ltn.com.tw/news/politics/breakingnews/5586103
沈伯洋夫妻上《美鳳有約》 妻子私下暱稱「寶貝」閃瞎全場,政治,2026/09/25 17:01,沈伯洋（左）與妻子曾心慧（中）上《美鳳有約》甜放閃。（沈伯洋競辦提供）民進黨台北市長參選人沈伯洋和律師太太曾心慧上陳美鳳主持的《美鳳有約》，夫妻倆一邊做料理、一邊分享家庭趣事。被問到兩人在家如何稱呼彼此，曾心慧害羞透露，私下會叫沈伯洋「寶貝」，一旁的陳美鳳則露出羨慕表情，直呼兩人感情甜蜜。節目片段曝光後，網友更瘋傳直呼「太閃啦」！節目一開始，陳美鳳就好奇曾心慧在家都怎麼稱呼沈伯洋，曾心慧立刻羞怯地舉起雙手遮臉，才吐出「寶貝」二字，讓陳美鳳又驚訝又羨慕。沈伯洋也靦腆承認，「她通常不會叫綽號，都叫我就是剛剛講的……」，沒想到陳美鳳立刻接話，還配上逗趣的表情和眼神喊了一聲「寶貝」，現場笑成一片。請繼續往下閱讀...兩人邊備料做菜，陳美鳳也問起夫妻倆當初如何認識。沈伯洋透露，兩人在律師訓練時結識，雖然整段訓練長達一個月，卻一直到最後一天才真正認識。原來當天曾心慧上課遲到，進教室時已經沒有位子，恰巧坐在教室後方的沈伯洋旁邊還有空位，兩人才搭上話，開啟這段緣分。沈伯洋自爆，之所以會聊起來，是因為他根本沒在專心上課，而是拿著筆電在看日本影集，引起曾心慧的好奇。曾也不甘示弱加碼爆料，兩人還不熟、用MSN聊天時，沈伯洋竟然開口就叫她「大姐」，讓一旁的陳美鳳聽得目瞪口呆，忍不住吐槽沈伯洋：「你到底會不會說話啊！」夫妻倆也聊到家庭生活、收養女兒「小麻糬」，以及沈伯洋過去教補習班等人生經歷，雙手沒閒著，一邊聊天、一邊默契分工，陸續完成「豆乾炒肉絲」、「甜豆炒蝦仁」、「九層塔炒蛋」3道家常料理。看著夫妻倆自然的互動，陳美鳳忍不住大讚：「入口的是味道，看到的卻是你們的感情。」節目上架後，夫妻倆自然又有趣的互動也陸續被網友截取分享，直呼：「不能只有我被閃瞎」、「全民寶貝Puma很可以」、「太可愛了，真的感情很好」、「太太好有氣質」，還有人笑稱「美鳳姐整個姨母笑」，讓沈伯洋夫妻私下自然逗趣的相處模式，意外成為另一波討論焦點。    ,https://news.ltn.com.tw/news/politics/breakingnews/5586166
「洋流」中秋不休假  沈伯洋今晚出席興雅福德宮中秋餐會,政治,2026/09/25 16:48,沈伯洋上午到葫蘆堵海光宮。（記者羅沛德攝）今（25）天是中秋節，民進黨台北市長參選人沈伯洋上午先到社子島參拜，下午與導演王小棣走讀，今晚6點半將受邀到台北市信義區永吉路30巷30號參加興雅福德宮的中秋聯歡餐會。沈伯洋競選團隊今天下午公告，沈伯洋晚上六點半會到興雅福德宮出席中秋聯歡餐會，據了解，他預計在餐會停留半小時，與在地里民互動懇託。請繼續往下閱讀...沈伯洋今天原本只有1個公開行程，上午到葫蘆堵海光宮出席中秋搏餅活動；不過，下午他被目擊與導演王小棣走讀；競選團隊也於下午公告，今晚增加興雅福德宮餐會的公開行程。    ,https://news.ltn.com.tw/news/politics/breakingnews/5586154
蔣萬安「殷語演蔣」驚悚爆紅！律師揭「敢在法院這樣做」下場,政治,2026/09/25 16:46,台北市長蔣萬安（右）、研考會主委殷瑋（左）。（資料照）台北市長蔣萬安發言頻頻依賴幕僚及講稿，被譏諷為「蔣稿機」、「殷瑋答」，有網友更挖出新聞畫面，質疑蔣萬安與殷瑋在不同場合的發言內容竟然「一模一樣」。律師王世平直言，如果敢在法院裡來這套，就等著被法官或是對造律師電到懷疑人生。網友分享對照影片，蔣萬安在接受媒體訪問，以及殷瑋在上電視時，發言內容竟然十分相近，笑稱根本是「一稿多用」。相關影片在社群瘋傳，還有網友稱這是「殷語演蔣」。請繼續往下閱讀...王世平今天在粉專發文說，他看完相關影片，心中產生3個問題：一、為什麼一個當過立委、台北市長的人，對媒體講話一定要背稿？而且還不是自己寫的稿，也沒有辦法經過消化後產出自己的語言？二、為什麼一個寫稿的幕僚，不甘於當個幕僚，還想自己上節目出風頭？而且還硬要講給老闆的同一份稿，是不想給自己老闆面子？三、如果幕僚真的有本事，為什麼不是推他出來選？為什麼好好的人不投，要去投一隻鸚鵡？王世平說，殷瑋一貫不就事論事，又愛耍嘴皮的中二辯論或說話技巧，「我只能說，如果敢在法院裡來這套，就等著被法官或對造律師電到懷疑人生。」    ,https://news.ltn.com.tw/news/politics/breakingnews/5586144
不只點閱慘輸沈伯洋！網抓包蔣萬安上「美鳳有約」還在講鮮奶,政治,2026/09/25 16:38,生生喝鮮奶是蔣萬安重要政績。（資料照）民進黨台北市長參選人沈伯洋日前和妻子曾心慧，一同上陳美鳳的節目《美鳳有約》，表現獲得網友稱讚。而台北市長蔣萬安過去上過《美鳳有約》的影片也被挖出，結果不但點閱表現奇差，更有網友發現，他在節目中仍在提「生生有鮮奶」政績。沈伯洋與妻子上《美鳳有約》的YouTube影片，目前已有超過20萬次瀏覽；蔣萬安登上該節目的影片，則在今年1月16日於YouTube上架，在沈的影片上架之前，甚至不到4000次瀏覽。請繼續往下閱讀...除此之外，有網友仔細觀看節目後指出，比觀看數更慘的是，蔣萬安連上《美鳳有約》也在講生生喝鮮奶，他還懷疑蔣萬安團隊是否有要求節目要主動提到鮮奶。影片中，陳美鳳突然表示「聽說市長現在有一個外號叫做牛奶市長」，蔣萬安馬上回答：「真的，因為現在到學校，小朋友跑來就說『啊，牛奶市長』，謝謝你讓我們喝鮮奶。」網友也忍不住喊：「聽你在XX，豪X也要有個限度啊！」討論下方，網友也紛紛留言：「講得好像台北市小孩沒喝過鮮奶」、「這橋段滿滿業配感」、「聽到牛奶市長直接翻白眼」、「希望他有一天能夠講真話，能夠認識而且接受真正的自己」。     在 Threads 查看    ,https://news.ltn.com.tw/news/politics/breakingnews/5586120
紅毯下的民主課！北京擬操作「三公報」算盤 美擺陣「建國三文件」開課洗臉,政治,2026/09/25 16:35,「川習二會」美中過招！在鏡頭前儘管外觀上看來川普總統高規接待，然而背後卻上演了一場極具戲劇性且張力十足的外交交鋒。（歐新社）「川習二會」美中過招！在鏡頭前儘管外觀上看來川普總統高規接待，然而背後卻上演了一場極具戲劇性且張力十足的外交交鋒。根據外媒報導，中方原本精心規劃，爭取中國國家主席習近平在川普陪同前往美國國家檔案局時，能夠親自「審視」美中三公報歷史文件，藉此突出美國早在上個世紀，就對中國有「減少對台軍售」的承諾。然而，這項算盤在媒體曝光並引發各界關注後，美方硬立場接招，最終讓習近平在檔案局即將迎來的會是美國的「建國三文件」——《獨立宣言》、《美國憲法》與《權利法案》，「洗臉」意味十足。據外媒透露，北京最初的佈局，是希望夾帶所謂「美中建設性戰略穩定關係」的敘事框架，藉由重提三公報來壓制美方對台「放手」，而終致以「停止軍事化台灣」，延宕或停止對台軍售，作為北京設定下，美國從第一島鏈退出的「敲門磚」，進一步為習近平「東升西降」的宏大歷史路徑圖補上正當性。然而，這樣的企圖美方似乎早就洞穿，更在整個國事訪問的具體安排上，打造一齣「甕中捉鼈」的劇碼。請繼續往下閱讀...專家認為，這次的川習會，表面上川普給足了所有可能的「最高規格」，讓習近平和他的代表團風光到合不攏嘴。然而卻在不同的議程角落裡，架構出讓中國討不到便宜的各種關鍵節點，讓中方自己細細品嚐，也讓國際社會看在眼裡。就以這次華府拉出國寶等級的「建國三文件」來說，便是以極具象徵意味的方式暗示：國家的真正偉大，是建立於自由民主的實現與人民授權的合法性，而非威權擴張。此外，這個綿裡針，讓整場空前盛大的接待瞬間質變，反而更像是一個帶落後國家的領袖來認識文明世界。美方精密的政治佈局，將這趟原定為中方宣揚國威的行程，轉化為一場對威權體制無聲卻極具針對性的價值觀震撼教育。除了在象徵層面落入美方設下的局，中方在實質談談議題上也未嚐到甜頭。專家盤點，北京急欲爭取的關稅降低並未得到能實質調整的承諾，卡脖子的關鍵高科技出口管制、AI競爭問題也沒有實質進展。習近平此行或許走過紅毯，包括可以在白宮的大堂說出「沒有中美合作，世界許多問題都很難解決。」，滿口自己並不熟悉的「修昔底德」，然而在缺乏實質成績單，就算新華社等北京傳聲筒賣力傳唱的「東升西降」曲目，終究是當面「接受」了一堂高下立判，深刻的美語民主課。    ,https://news.ltn.com.tw/news/politics/breakingnews/5586112
國民黨拚春節前普發1萬 民進黨團樂見：傅崐萁想發2萬先說明財源,政治,2026/09/25 16:33,"民進黨立院黨團幹事長莊瑞雄。（資料照）116年度中央總預算編列2357億經費，用於明年普發現金1萬元，國民黨團研議先行動支。民進黨立院黨團幹事長莊瑞雄今（25）日說，立法院加速審已編列的1萬元，讓人民早點領到錢，民進黨團樂見，但與國民黨團總召傅崐萁另外提案普發現金，是兩件不同的事，國民黨團應具體說明財源。行政院於116年度總預算案編列2357億元，配合總統賴清德日前宣布「AI紅利 全民共享」，規劃明年普發1萬元。為爭取在明年春節前完成普發現金，國民黨團擬優先審相關預算，讓普發1萬的經費能先行動支。不過，傅崐萁稱國民黨團新會期的優先法案為「還稅於民」，主張要普發現金兩萬元，國民黨內也有人提議，今年先發1萬，明年再領政院編的1萬。請繼續往下閱讀...莊瑞雄指出，行政院已將明年普發1萬元編入116年度總預算。若朝野協商達成共識，立法院依法同意先行動支，民進黨團願意配合。「合法能快就快，人民能早拿就早拿」，但不能只有普發現金加速，整本116年度總預算及115年度追加預算卻繼續排隊；民生、社福、國防與國家建設等經費，也應儘速付委審查。不過，莊瑞雄也說，國民黨團主張普發兩萬元應先講清楚，究竟要今年發1萬、明年發1萬，還是明年一次發兩萬，不能讓人民只聽到金額，卻不知道錢何時領、從哪裡來。若另提普發現金特別條例，涉及大幅增加政府支出，就應依「預算法」第91條徵詢行政院意見，具體說明財源。莊瑞雄也說，行政院已提出的總預算，立法院不能自行加列普發經費。「國會可以提法案，也可以審預算，但法律案與預算案各有程序，不能喊了兩萬元，就當作國會可以自己把錢編好。」莊瑞雄強調，台灣經濟成長，成果應讓全民共享，也要兼顧社福、國防與公共建設。「行政院編列的1萬元，朝野一起協商加速；國民黨團主張的兩萬元，就請把發放方式與財源講明白。人民要的是確定領得到，不是中秋節許個願，國庫就會自己掉下兩萬。」    ",https://news.ltn.com.tw/news/politics/breakingnews/5586108
習近平訪美談二戰  陸委會打臉：中華人民共和國1949年才成立,政治,2026/09/25 16:15,川習會登場。（法新社）「川習會」登場，中國國家主席習近平在訪美期間，相關論述觸及到二次世界大戰議題，多次強調二戰時期「中美並肩作戰」，對此，陸委會今（25）日表示，1949年才成立的中華人民共和國，在二戰期間根本不存在。中華民國是主權國家，與中華人民共和國互不隸屬是客觀事實與台海現狀，不會因北京當局自欺欺人的謬論而有所改變。中共傳播錯誤史觀，無法抹滅中華民國才是美國二戰期間堅實盟友的歷史事實。陸委會指出，中共一再藉美中互動場域宣傳其涉台立場，企圖將台灣議題連結美中「建設性戰略穩定關係」，惟美中戰略穩定，不是中共併吞台灣、破壞區域和平與台海現狀的藉口。事實上，台海緊張局勢的根源，在於北京當局近年更具侵略性的擴張作為，包括共軍機艦持續擾台，甚至在我東部海域常態性執法巡查，威脅日本、菲律賓等第一島鏈國家，挑戰美國領導、以規則為基礎的國際秩序，已成台海及區域穩定的最大威脅。請繼續往下閱讀...陸委會強調，北京當局對二戰的論述完全是扭曲歷史事實，1949年才成立的中華人民共和國，在二戰期間根本不存在，且歷史證明，依據毛澤東的指示，中共在二戰期間只注重發展自己，是七分發展、二分應付、一分抗日，真正與美國並肩作戰的是中華民國。不僅如此，中共更在韓戰期間主張抗美援朝，成為美國最主要的對手。中共錯誤的敘事，無法抹滅中華民國在二戰期間的歷史貢獻。陸委會重申，政府兩岸政策立場穩健一貫，秉持「四個堅持」，不卑不亢，維持現狀，捍衛2300萬台灣人民決定台灣前途的權利。中共的扭曲言論無法改變中華民國與中華人民共和國互不隸屬的台海現狀與客觀事實，我們呼籲中共當局停止對台恫嚇施壓，務實面對兩岸現實，與我民選政府展開對話，方有助兩岸關係良性發展。    ,https://news.ltn.com.tw/news/politics/breakingnews/5586124
川習二會後鄭麗文籲開兩岸對話大門 民進黨：中共應勇敢開門,政治,2026/09/25 16:10,國民黨主席鄭麗文。（資料照）美國總統川普和中國國家主席習近平在白宮舉行雙邊會談，國民黨主席鄭麗文表示，「川習能談，總統賴清德更應打開兩岸對話大門」。對此，民進黨今（25日）回應，台灣與世界對話的大門從來就沒有關上．朝野應共同呼籲中國當局，打開深鎖在歧見與意識形態背後的紅色大門、勇敢走出來。鄭麗文透過新聞稿表示，面對川習會後快速變動的國際情勢，賴清德應向全民完整說明政府對美中關係及兩岸情勢的最新研判，更應主動提出降低台海風險、恢復兩岸溝通的具體方案，更應以台灣人民的安全與利益為念，設法打開兩岸對話的大門，為台灣爭取和平、降低戰爭風險。請繼續往下閱讀...對此，民進黨指出，做為民主國家，台灣和世界交往，與世界對話的大門從來就沒有關上，相反的，北京當局持續假各種藉口，始終拒絕以對等、相互尊重的方式和我國對話、交流，甚至不斷地升高對台灣以及區域的各種軍事在內的複合威脅，這才是兩岸當前問題的癥結所在。民進黨質疑，一如美中即使存在巨大分歧，北京仍願意坐下來，循國際規範和美國對話，何以對台灣，對島鏈周邊國家卻總是怒目以對，這樣如何管理分歧？民進黨說，面對快速變遷的區域以及國際情勢，朝野都應該在國家利益優先，國民自由福祉優先並且無可交換的前提下，一致對外。共同呼籲中國當局回到以規則為基礎的國際秩序軌道，打開深鎖在歧見與意識形態背後的紅色大門，勇敢走出來，相信在平等、相互尊重的基礎上，兩岸沒有什麼是不能對話的。民進黨也強調，鄭麗文與其把台海和區域問題，歸責給受到威脅的一方，不如一起來努力，讓北京當局知道在國家利益之前，沒有人可以把台灣人分化開來。    ,https://news.ltn.com.tw/news/politics/breakingnews/5586089
快評》拆解「川習二會」：精密佈局的「關門打狗」,政治,2026/09/25 16:03,備受矚目的「川習二會」，在看似大放異彩的外交大戲中落幕。（歐新社）備受矚目的「川習二會」，在看似大放異彩的外交大戲中落幕。美國總統川普親赴空軍基地迎接，紅地毯一路鋪開，種種超規格接待，給予習近平在鏡頭前的場面，顯然是風光無限。有趣的是，這張長長的紅毯，頓時成了台北「在地協力者」集體合唱「中華民族偉大復興」的舞台。他們一面數落美國國力衰退、大讚中國崛起，一面回頭來指責賴清德總統「拒不坐下來談」，甚至膝反射式地向政府叫囂應變。這番急不可耐的演出，好似不讓華府獨佔「熱鬧」。請繼續往下閱讀...問題是，外交交手，向來要看的是「門道」。習近平這次帶著「東升西降」的宏大企圖而去，急切地想刻畫出「一等大國」的傲視姿態，然而，從他在公開場合的幾次致詞，暴露出的卻是北京當局過度自信的虛弱。例如，習近平倡言「沒有中美合作，世界許多問題很難解決」，看似拉高格局，實則是挾「建設性戰略穩定關係」之名，威脅美方「你必須配合我，世界才會穩定」。他反覆嘟囔著「修昔底德陷阱」，等於警告美國若不接受中方設定的遊戲規則，強化競爭與對抗將讓華府吃不消。但殘酷的事實是，當前全球面臨的諸多危機，從威權體制的野心擴張到不講理的過剩產能傾銷，中國本身就是那個「亟需被解決的問題」。這種帶有強烈狼性味的言語，不僅引喻失義，更凸顯了這個政權粗魯不文的底色。我們來看看川普如何回應。習近平一廂情願地將「中華民族偉大復興」與「美國再次偉大」強行並列，自以為平起平坐，川普選擇在國宴場合給了一記穿腸毒辣的輕描淡寫：他冷不防提到伯羅奔尼撒戰爭，暗示歷史上最後獲勝的是斯巴達，而不是那個自詡文明復興的雅典。這一句話，豈不是瞬間戳破了習近平的「復興」幻象。美國的精明，還體現在史觀的角力上。美方在行程中，刻意提及二戰期間的「美中合作」，但凡了解歷史者皆知，當時與美國並肩作戰、付出血淚代價的是中華民國，共產黨根本毫無份額。華府公然拿這段歷史出來「懷舊」，擺明是在糗北京的偽造史觀——除非美國國家檔案館能把裡頭的中華民國紀錄全數抹去，否則這種「美中進展」不過是讓中華人民共和國自討沒趣。在實質經貿上，習近平高談「向世界開放市場」、要美國「善待中國企業」，更是與全球現狀嚴重脫節。如今全球產業正因中國不透明的遊戲規則、智慧財產權的恣意掠奪，以及國家補貼式的削價鯨吞而加速撤出，習近平指責受到不平等待遇，反倒暴露了他對真實世界局勢的完全漠視。川普在鏡頭前展現了資深政客的寬容大氣，但這份大氣背後卻是機鋒盡露。對於習近平試圖藉機修理日本與台灣的冷箭，川普甚至連一聲都不願搭腔，直接當作空氣。會後結算，北京最迫切想要的關稅降低，華府一吋未讓；高科技與AI治理，美方對於中方依舊極度不信任。這場「川習二會」，如果掀開了紅毯與尊榮，實質卻是一場精密佈局的「關門打狗」。習近平帶著雄心而來，最終卻連一項實質紅利也沒帶走，反而當面聽了一堂深沉的史觀與民主課。言習近平徹底敗在骨子裡，誰曰不對。    ,https://news.ltn.com.tw/news/politics/breakingnews/5586119
藍側翼抹黑沈伯洋掃街推倒阿嬤！當事人怒發聲：他扶我起來,政治,2026/09/25 16:03,民進黨台北市長參選人沈伯洋23日回到老家五分埔商圈掃街拜票，過程中一名長者不慎跌倒，沈伯洋見狀連忙上前攙扶。（取自周軒Threads）民進黨台北市長參選人沈伯洋23日回到老家五分埔商圈掃街拜票，過程中一名長者不慎跌倒，沈伯洋見狀連忙上前攙扶。沒想到，有大量有心人士在網路上發布相關影片，聲稱是沈伯洋或他的競選團成員撞倒阿嬤。相關影片下方，當事人親自留言表示自己是不小心被擠倒，是沈伯洋扶她起來的，要有心人士別再造謠。沈伯洋在五分埔商圈掃街時受到大批支持者簇擁，但因太過擁擠，阿嬤不小心跌倒，沈伯洋見狀趕緊上前攙扶，並且不斷提醒工作人員慢慢來，確認阿嬤的狀況再小心扶起來，阿嬤被扶起來後還不忘問沈伯洋能否簽名。請繼續往下閱讀...沒想到，這段影片遭有心人士剪輯，有Threads帳號截取相關圖片發文稱，沈伯洋團隊成員撞倒長者後，還露出傲慢、不爽的表情。不過，當事人在下方留言表示：「我就是跌倒的本人，我不是被推倒，是人太多不小心被擠倒的，因為人太多不好爬起來，是沈伯洋扶我起來的！在這更正，請不要再造謠。」她也澄清，身邊的工作人員很認真在執行任務，他們都沒想到一下子擠過來這麼多人，導致自己最後跌倒，對於有網友酸「推妳的人是蔣萬安派來的？」她也說，跟蔣萬安一點關係都沒有。沒想到，網軍側翼仍不放過她，質疑她的帳號沒有頭像，沒有幾位追蹤者，認為她是假帳號。結果阿姨直接貼出自己拿給沈伯洋簽名的紅色手機套表示：「不要把別人當成像你們一樣是網軍。而且年長者不是什麼都不會，只要有進取心願意學習，有什麼可難倒的。附上的照片就是昨天沈伯洋幫我簽名的！再更正聲明：我不是網軍、側翼，我不是工讀生或者老鼠及蟑螂，我是追洋流的台灣人！」     在 Threads 查看     在 Threads 查看    ,https://news.ltn.com.tw/news/politics/breakingnews/5586081
習近平要美方表態反台獨 外交部反擊：中方一貫扭曲事實無權代表台灣人民,政治,2026/09/25 15:55,有關中國外交部在川習會晤後發布新聞稿稱希望「美方堅持反對台獨」的立場及「慎重處理台灣問題」等說法，我國外交部今回應，這是中方一貫透過扭曲事實，單方面傳達其立場與主張的手法。（法新社）有關中國外交部在川習會晤後發布新聞稿稱希望「美方堅持反對台獨」的立場及「慎重處理台灣問題」等說法，我國外交部今回應，這是中方一貫透過扭曲事實，單方面傳達其立場與主張的手法。外交部強調，我國立場明確且一致：中華民國台灣與中華人民共和國互不隸屬，台灣主權屬於台灣全體人民，中共政權無權代表台灣人民，而台灣的未來只能由台灣人民以民主方式共同決定。請繼續往下閱讀...外交部並說，賴總統已多次重申台灣是維持台海與區域和平穩定現狀負責任的一方，這是中華民國一貫且堅定的立場，也是2300萬台灣人民最大共識。外交部也指出，事實上，中國持續在東海、南海、台海及台灣周邊進行各種灰色地帶襲擾與軍事威脅，才是真正破壞區域和平穩定的一方，已被相關國家視為區域最大的風險威脅。中方藉各種機會企圖影響各國與台灣正常交流與合作的操作，也持續受到各方關注與防備。外交部並強調，在「川習會」前夕，多國在聯合國大會期間持續重申台海和平穩定的重要性，包括美國、日本、韓國三國外交部長聯合聲明，以及澳洲、法國、德國、日本、紐西蘭、波蘭、韓國、英國等8國外交部長與高階代表聯合聲明，充分展現台海和平穩定與反對片面改變現狀的企圖已是國際社會的共識。另外，美國國會跨黨派參、眾議員逾60人也發聲支持、力挺台灣。我國將持續與美國及其他理念相近夥伴密切合作，共同維護台海和平穩定與區域的自由、開放與繁榮。    ,https://news.ltn.com.tw/news/politics/breakingnews/5586072
柯文哲鐵馬隊今天下午竹東出發  替白營竹縣參選人造勢,政治,2026/09/25 15:42,「阿北鐵馬隊」今天下午2點日正當中時從竹東火車站出發。（記者黃美珠攝）台灣民眾黨創黨主席柯文哲今天下午2點出動「阿北鐵馬隊」，以「同新協力騎聚中秋」的名義，從竹東火車站站前廣場出發，計畫1個小時後頂著烈日衝抵該黨新竹黨部，再陸續前進新豐、湖口，一路替該黨縣議員參選人鍾心渝、林碩彥、游雅婷、徐勝凌、陳岫玫等造勢宣傳。日本知名政治學者、國立清華大學榮譽講座教授小笠原欣幸也意外現身在現場，柯文哲一度驚喜表示「可以約一下」。請繼續往下閱讀...民眾黨竹北市長參選人邱臣遠競辦發言人黃心愉說，小笠原欣幸日前聯繫表示想近距離觀察一下，民眾黨在這次年底大選中的造勢活動、基層支持群眾的氛圍等，所以她邀請對方今天可以到竹東火車站參加「阿北鐵馬隊」的活動。小笠原欣幸則當場婉拒媒體採訪，他簡單吐露自己很害怕台灣的記者，因為記者會斷章取義後無限放大，隨即跟媒體保持一定距離。柯文哲被問，為什麼選擇中秋節、這麼熱到竹縣騎鐵馬造勢，會不會擔心中暑。他說，這是最便宜的選舉方式「沒有樁腳只能靠雙腳」，也唯有這樣才能讓該黨的參選人擁有足夠的知名度和好感度，至於全程長度沒有北高360公里那麼長，怕中暑就是沿路多喝水。邱臣遠則旁接腔說「沒有財力只能靠體力」、「沒有政治算計只有政治誠信」。對前幾天有關國民黨新竹縣長參選人徐欣瑩，民調落後民進黨鄭朝方6個百分點有何看法？柯文哲說，「這是事實還要問我？」他無法對事實作評論，畢竟事實就是這樣。民眾黨創黨主席柯文哲，看國民黨新竹縣長參選人徐欣瑩民調落後民進黨對手鄭朝方一事說，對於事實他沒有評論。（記者黃美珠攝）清大日本講座教授小笠原欣幸（右）今天也現身竹東火車站，跟邱臣遠競總發言人黃心愉（左）交流。（記者黃美珠攝）    ,https://news.ltn.com.tw/news/politics/breakingnews/5586051
中國透過窗口收買網紅是真的！黃光芹爆家人曾被接觸,政治,2026/09/25 15:41,"資深媒體人黃光芹。（資料照）中國近年對台威脅日益嚴峻，不只以軍事行動威嚇，更試圖透過不同手段滲入台灣。過去曾多次有各界人士警告中國試圖提供資金收買台灣網紅以「大外宣」分化台灣內部社會。對此，資深媒體人黃光芹日前在網路線上節目被網友問到相關議題，她當下直接分享家人被對岸接觸的經驗，強調她們立刻拒絕，不願意幹這種事情。黃光芹23日主持網路節目《阿姐來了》，被問到自己的節目有沒有被中國資金盯上？黃光芹表示，她確實聽過流量、訂閱比較少，經營頻道的朋友告訴她「有被接觸」，價碼是從「2500」的數字開。請繼續往下閱讀...黃光芹還透露，她們家在台中，她的哥哥也是記者，有一個從小到大認識、在中國做教育相關的台商朋友，有一天就突然向她哥哥開口，表示自己是上海那邊的，幫忙一些台灣的YouTuber做「對口」。讓她懷疑對方是不是想幫中共滲透自己的節目，或是另有其他意圖。對方還稱，黃光芹老家與中國四川有淵源，主動提出希望他來做「窗口」。黃光芹表示，那並不是一個正式的邀約，但他哥哥當場就一口拒絕了。所以節目有沒有收受中國資金，她一根腸子通到底了，就是沒有，她們家都是很警覺的，就是「NO」。    ",https://news.ltn.com.tw/news/politics/breakingnews/5586041
邱臣遠酸吳旭智  竹北市政需要賴苡任跨區代打 ?,政治,2026/09/25 15:39,白營竹北市長參選人邱臣遠（左）酸藍營對手吳旭智，監督鄭朝方的市政還要賴苡任跨區代打？應該不是選民所期待的。（記者黃美珠攝）國民黨台北市議員參選人賴苡任點名民進黨新竹縣長參選人鄭朝方，4年竹北市長任內卻燒千萬翻新2座完工不到4年的公園，台灣民眾黨新竹縣竹北市長參選人邱臣遠今天對此大酸藍營對手吳旭智，認為吳旭智身為竹北選區的縣議員，最有資格針對竹北市政建設監督和說明，如果需要同黨同志跨區代打，應該不是選民所期待。邱臣遠說，如果他有機會擔任竹北市長，將不負選民所託，會把這類的相關工作妥事做好，並定期跟市民做說明，把每一分預算都花在刀口上。請繼續往下閱讀...邱臣遠今天下午2點參加該黨創黨主席柯P所發起的「阿北鐵馬隊」騎行造勢活動，行前被外界關切，他怎麼看昨天賴苡任點名鄭朝方，為什麼竹北2個公園完工不到4年卻要燒千萬做翻新。邱臣遠張口就說「奇怪！賴苡任不是要參選台北士林北投區的（市議員）嗎？怎麼會管竹北市來？」邱臣遠說，國民黨竹北市長參選人吳旭是新竹縣竹北的議員，應該由吳旭智來監督相關的市政較合理，所以應該由吳旭智做相關的監督和說明。他酸吳旭智說，這樣還要跨區代打？應該不是選民所期待的。    ,https://news.ltn.com.tw/news/politics/breakingnews/5586070
