Title,News_Type,date,content,url
東大學者團來訪談選戰、資安 沈伯洋從AI主權談台北的國際治理未來,政治,2026/08/31 00:09,民進黨籍台北市長參選人沈伯洋與東京大學東洋文化研究所教授松田康博等學者會面。（沈伯洋競辦提供）民進黨籍台北市長參選人沈伯洋8月31日與日本東京大學兩岸關係研究小組會面，向東京大學東洋文化研究所教授松田康博等學者分析國際情勢、AI資料安全等議題。沈說，台灣的城市應與日本多探討AI治理、資訊安全，交流城市安全議題。沈伯洋指出，台灣現在很注重「AI主權」，希望訓練出自身能夠使用的AI數據，第一個關鍵就是資料準備，必須確保台灣本土資料和運算邏輯。由於訓練模型花費龐大，現階段最合理策略是效法日本，優先做好資料保存，將台灣出版業的內容及過去網路上大家的發言，完整封存並去蕪存菁，保存好乾淨且屬於台灣的數據，這才是最合理的做法。請繼續往下閱讀...被問及台北市長蔣萬安的選戰策略；沈伯洋認為，蔣非常保守，不想犯錯，「理由很簡單，蔣想要選總統，會害怕犯錯。」他感受到對手陣營最重要事情是不理會他，因為一旦攻擊了他，大家就會注意到原來沈伯洋要選市長。日本學者疑問沈伯洋稱自己知名度不高，近期仍出現「洋流」？沈表示，這是近十天才發生的事，他也很意外不知道如何發生，「洋流」文宣設計者上節目提到三件事，一是台北老鼠很多，而他提到鼠患解決方案；二為提出運動驛站政見，解決外送員滿身大汗的窘境；第三是台北喜好跟上海辦雙城論壇，他提出要與東京、紐約、倫敦辦無限城論壇，獲得支持。    ,https://news.ltn.com.tw/news/politics/breakingnews/5558683
自認遭陳亞麟拐騙「被送中」 李孟居：3月就發現他行蹤有異,政治,2026/08/31 23:30,陳亞麟曾聘請李孟居任鄉政顧問，並安排印尼行程，但卻在約好出遊的前一天放鳥李孟居（右）。（資料照）前屏東枋寮鄉長陳亞麟疑似因為貪污案判刑後屢傳不到，遭高雄高分院發布通緝，據傳已潛逃中國。曾因陳亞麟說好要去「反送中」卻遭中國關押的李孟居指出，自認為遭到陳亞麟拐騙獨自前往而「被送中」，且在3月就發現陳亞麟行蹤成謎，據他所獲消息，確實已逃逸中國。李孟居曾被陳亞麟聘為枋寮鄉政顧問，當時陳亞麟不斷煽動要與他前往香港參與「反送中」事件，但陳亞麟卻在出發前一天以「未向陸委會申請」喊卡，李孟居獨自前往香港，後又赴深圳，卻在入境後失蹤，並被中共官方指控「涉從事危害國家安全的犯罪活動」逮捕，2020年被以台諜身分，與施正屏、蔡金樹、鄭宇欽等4人登上《央視》節目向「祖國」道歉認罪。請繼續往下閱讀...李孟居出獄後於2023年返台，但遭中國「被認罪」，他指出，當時陳亞麟拗他擔任鄉政顧問後，不知是想炒新聞還是蹭新聞，一直煽動他前往香港參與「反送中」，並允諾自己也會去，未料卻在前往出發的前一天，卻臨時說不，最後只能由他自己前往，未料就此開啟禍端。「我根本沒有那個行程！」李孟居說，當時最後的目的是印尼，香港只是順便的轉機站，但他被陳亞麟煽動再前往深圳，接著就被中國軍警扣留而入監，長達逾3年。李孟居強調，陳亞麟後來就全面傾向柯文哲，像是1月15日時，還成為前民眾黨秘書長謝立功所成立的智庫執行長並公開露面，接著月底就進行判決，後來3月份他的臉書停更、手機也關機，行蹤有異，但找人去問卻未獲任何回應，懷疑1月中的那場就是「戲」，製造不會逃跑的假象，但實際早已策劃相關的後路。李孟居表示，由於陳與另名仍被關押的人士相熟，這些人與他一樣長期被陳亞麟「騷擾」，且他被中共國安人員審問時遭到暗示「你想想看每天這麼多人進出海關，怎麼就抓你一個？」事發後深感自己是被長年偽裝另一個人設的陳亞麟陷害「送中」而遭莫須有地關押多年，人生遭蒙不白之冤。    ,https://news.ltn.com.tw/news/politics/breakingnews/5558675
信賴之友會政策對談 莊競程：竹市與中央合作實現台灣好生活,政治,2026/08/31 22:50,新竹市信賴台灣之友會舉辦台灣好生活政策對談，民進黨新竹市長參選人莊競程表示，若年底有機會當選市長，將讓竹市與中央密切配合推動台灣好生活政策。（新竹市信賴之友會提供）新竹市信賴台灣之友會30日舉辦「台灣好生活」政策對談會，邀國家發展委員會副主委高仙桂，以「臺灣經濟新定價與戰略佈局」為題演講，吸引各界人士及關心公共議題的市民到場參與。民進黨新竹市長參選人莊競程也率新竹隊議員參選人出席，強調台灣好生活政策的落實，需要地方與中央配合，如果11月底當選市長，一定會與中央配合，實現台灣好生活。莊競程表示，讓中央政策走進地方，也讓地方的需求有機會被中央聽見，是「台灣好生活」政策對談來到新竹的重要意義。未來若有機會承擔新竹市長重任，會運用過去的經驗與中央密切合作，為新竹爭取更多資源。請繼續往下閱讀...理事長吳國治也說，國家政策與市民的工作、育兒、居住及日常生活息息相關，舉辦政策對談，就是希望讓中央政策以更容易理解的方式走入地方，也讓中央聽見新竹的需求與聲音。莊競程也說，新竹是台灣科技產業的重鎮，未來將爭取「桃竹苗大矽谷」相關國家重大建設與資源，串聯新竹既有的科技產業優勢與中央政策，讓國家產業發展與地方建設能夠同步推進。無論是產業發展、交通建設、教育資源或城市治理，都需要中央與地方密切合作，將產業發展帶來的資源，轉化為市民看得見、感受得到的城市建設與生活品質。高仙桂也說，中央下個階段將持續推動AI新10大建設、13項戰略產業、中小微企業轉型、人口與社福支持等政策；其中桃竹苗大矽谷計畫與新竹未來發展密切相關。    ,https://news.ltn.com.tw/news/politics/breakingnews/5558607
翁曉玲砍單也砍薪！卓榮泰9/1確定領不到薪水,政治,2026/08/31 22:43,國民黨立委翁曉玲不僅對庇護工場月餅大砍單，也凍結行政院長卓榮泰9月至12月薪水。（資料照）國民黨立委翁曉玲不僅對庇護工場月餅大砍單，也凍結行政院長卓榮泰9月至12月薪水，而政府機關的薪水都是月初先發，每月1日是發薪日，據指出，卓揆的薪資確定9月1日不會入帳。事實上，對於是否領薪，卓揆也還在考慮中，行政院人事總處、主計總處也會進一步釐清相關法律的問題，因為不只卓揆的薪資受影響，黨產會政務人員待遇也全遭刪除。在國民黨立委翁曉玲提案下，立法院凍結卓揆9月到12月薪水，共計148萬8000元。此外，黨產會政務人員待遇262萬9000元全數遭刪除。請繼續往下閱讀...行政院日前強調，關於政務人員薪水，是法定義務支出，且行政院長是憲法所規定的最高行政機關首長。司法院釋字第601號解釋，立法院不可以利用審查預算的權力，任意地改變其他憲法機關應有、依法應有的待遇，進而影響正常職權的行使。此外，「預算法」第52條也規定，「法定預算附加條件或期限者，從其所定。但該條件或期限為法律所不許者，不在此限。」立法院凍結卓揆薪資，並減列黨產會政務人員待遇，引發違憲爭議。就有資深法官指出，公務員薪俸屬國家的法定給付義務，公務員對國家也具有薪俸請求權，依法應給付的薪資原則上不能任意短少，若立法院透過預算手段，使依法應發給公務員的薪資遭到扣住，就會衍生是否涉及刑法「剋扣或抑留」的問題。    ,https://news.ltn.com.tw/news/politics/breakingnews/5558655
年底大選今天開始受理參選登記 新竹縣議員4人拔頭籌,政治,2026/08/31 22:31,新竹縣湖口選區縣議員參選人甄克堅今天拔得頭籌，完成連任的參選登記。（甄克堅提供）首次上稿 15:03更新時間 22:31（新增下午3人登記）新竹縣年底5合1大選今天起到週五、9月4日受理登記，除了13鄉鎮市長、代表會主席以及村里長在各鄉鎮市辦理，新竹縣選委會受理縣長和縣議員參選人登記，今天共有7名縣議員參選人完成參選登記，分別是：湖口選區甄克堅、竹北1選區陳凱榮、竹東五峰選區羅俊傑和黃豪杰、新豐選區徐勝凌、芎林選區黃正彪、以及竹北1選區游雅婷，老將新秀俱出。請繼續往下閱讀...早上4人全是國民黨提名的，其中一馬當先的甄克堅說，他以誠信、踏實、勇於為民喉舌，且把事情做好自勉來爭取湖口鄉親的持續支持。稍後完成登記的陳凱榮則持續用他一貫的服務原則「挺你！沒有極限」，強調他始終站在民眾這邊努力服務的心情和態度，期待選民再次牽成他回議會打拚。在竹東五峰選區參選的新秀羅俊傑，頂著「政二代」的頭銜，他強調自己擁有逢甲大學材料碩士、交通大學材料博士學歷的專業，過去當過工研院綠能研究員，長期投入太陽光電研發、能源政策推動與經濟部能源署相關服務工作。這次選擇離開穩定的科技職涯，回到家鄉投入地方公共事務，將以「教育、醫療、交通」作為3大核心主軸為竹東、五峰帶來新的改變。竹東五峰選區的老將黃豪杰其實也是「政二代」，他以「竹東向前，黃豪杰繼續拼！」為口號，強調他一路從鎮代、鎮代會主席到縣議員，職稱變了，他卻沒有變，每天想的就是給竹東五峰鄉親日日是好日、日日都平安；對鄉親的託付全力以赴。下午3點半過後，台灣民眾黨新豐選區徐勝凌率先辦理登記，近半小時後，國民黨芎林鄉長黃正彪到場登記改選下屆議員，5點半逼近今天「關門時間」，由民眾黨在竹北1選區推出的竹北市代游雅婷完成轉換跑道選議員的手續。新竹縣議員陳凱榮今天是第2個完成參選縣議員登記的老將。（陳凱榮提供）新竹縣政壇新人羅俊傑，今天率先在竹東五峰選區完成參選登記。（羅俊傑提供）新竹縣政壇新人羅俊傑，今天率先在竹東五峰選區完成參選登記。（羅俊傑提供）新竹縣議員黃豪杰（前排右5）今天也順利完成連任的參選登記。（黃豪杰提供）    ,https://news.ltn.com.tw/news/politics/breakingnews/5558171
嘉義縣選戰登記起跑 首日2人選鄉鎮長、8人搶議員,政治,2026/08/31 22:20,嘉義縣選舉委員會。（記者林宜樟攝）地方選舉登記今天起跑，嘉義縣選舉委員會統計，今天（8月31日）共有2人登記參選鄉鎮市長，民進黨劉雅文登記參選溪口鄉長，民進黨葉孟龍登記參選新港鄉長，還有8人登記參選縣議員。嘉義縣鄉鎮市長選舉部分，現任議員劉雅文轉戰參選溪口鄉長，現任新港鄉長葉孟龍參選拚連任。請繼續往下閱讀...縣議員選舉登記，第一選區為江佩曄（民進黨，現任）、黃榮俊（民進黨，現任）及賴瓊如（無黨籍，現任）；第二選區為廖昱婧（無黨籍）；第三選區為孫維聰（民進黨，現任溪口鄉長轉戰議員）、吳思蓉（國民黨，現任）、江明赫（無黨籍）及莊信宗（民進黨，現任）。    ,https://news.ltn.com.tw/news/politics/breakingnews/5558636
議員爆中市府局處退訂345盒月餅 網氣炸：真正棄單的是盧秀燕！,政治,2026/08/31 22:07,台中市長盧秀燕。（資料照）總統府國務機要費日前遭藍白聯手全砍掉，府方向全國37家庇護工場、身障團體訂購1.5萬盒中秋禮盒被迫取消，沒想到事後台中市長盧秀燕竟企圖帶風向，說這是總統「棄單」，還想扮好人說她已指示市府「接單」，引爆輿論撻伐。明明是藍白濫砍預算波及庇護工場訂單，盧秀燕日前卻稱這是總統府「棄單」，並稱自己已指示市府來「接單」，企圖把賴政府變成導致訂單落空的「加害者」，隻字不提藍白濫刪濫凍預算導致這件事發生，同時不忘塑造自己挺身出來善後的「媽媽市長」形象，遭大批鄉民圍剿。請繼續往下閱讀...沒想到今天（31日）民進黨台中市議員陳俞融踢爆，盧市府拿市府公帑演這場政治秀，原本要求各局處認購5個團體共1578盒、約51萬元，可當她要求市府提供採購明細後，竟有局處同一天突然緊急撤回345盒訂單，質疑這「難道不是另一種形式的『棄單』？」陳俞融質問：「甚至有局處已經透過小額採購買了約10萬元月餅，其他局處到底買了多少、為什麼這樣買、決策依據又是什麼，市府目前竟然說不清楚。」她直言，「俞融支持幫助庇護工場，更支持讓身心障礙朋友安心就業、穩定收入。但幫助弱勢不能靠政治作秀，更不能一邊批評別人棄單，一邊自己也說一套、做一套。俞融要求盧市府公開認購明細、採購程序與各局處執行情形，停止慷市民之慨的政治操作。」該消息隨後被分享到Threads上，進一步引發怒火，「結果真正棄單的是盧秀燕本人？」、「她以為在蝦皮購物，有七天鑑賞期可以退膩？」、「這什麼操作？我真他媽的有看沒懂」、「所以現在是連作秀都做不好是不是」、「國民黨指著說別人有做的事，通常就是他們自己在做的事」、「因為她就是想要打腫臉充胖子」、「造謠別人棄單，結果自己棄單！真的有夠卸世卸眾欸」、「根本是二次傷害弱勢團體！」面對陳俞融的質疑，台中副市長鄭照新今天回應稱，各局處採購不一定會及時上報，但市府向社福團體訂購的中秋禮盒訂單都沒有取消。    ,https://news.ltn.com.tw/news/politics/breakingnews/5558495
柯志恩「下半輩子回報高雄」 張博洋：國民黨應用餘生遠離高雄,政治,2026/08/31 21:59,柯志恩看板主打「用下半輩子回報高雄」。（記者王榮祥翻攝）張博洋呼籲國民黨應用餘生遠離高雄。（記者王榮祥翻攝）國民黨高雄市長參選人柯志恩掛出最新看板「下半輩子回報高雄」!高市議員張博洋喊話柯志恩「國民黨應用餘生遠離高雄」。高市議會今進行市長陳其邁任內最後一次施政報告，無黨籍議員張博洋質詢時，陳其邁特別提到選對市長很重要，要有決心跟魄力、才有辦法在巨變的時代帶領高雄成為領先者。張博洋表示，最近看到國民黨市長參選人柯志恩掛上新看板，上頭寫著「用下半輩子回報高雄」，讓人感嘆「國民黨應該用餘生遠離高雄」。他強烈質疑柯志恩從上屆落選再到這次參選，有做了什麼回報高雄的事嗎？對高雄沒心又不熟，財劃法修法關鍵時刻連傅崐萁都不敢講，如何回報高雄？張博洋說，談下半輩子前，應該先問國民黨這半輩子對高雄做了什麼，從唱衰台積電不來、財劃法修惡、亂刪潛艦、無人機產業等國防預算，到最新的蔣萬安抹黑前鎮漁港改建案，你們的回報比現世報還可怕，高雄已承受不起，真是不敢領教所謂的下半輩子。張博洋強調，與其再拿「回報高雄」這種虛無縹緲的嘴砲當競選口號，不如思考高雄需要怎樣的回報，「我的建議很簡單，整個國民黨都應該用餘生遠離高雄，這樣對高雄來說，就是最大的報答」。    ,https://news.ltn.com.tw/news/politics/breakingnews/5558620
立院藍白刪中央媒宣費達5成 綠營中市議員：民進黨未刪市府媒宣費,政治,2026/08/31 21:53,中央媒宣費遭刪五成，綠營指去年並未刪今年中市媒宣費。（記者蘇金鳳攝）2026年中央總預算在藍白立委聯手刪媒體政策及業務宣導費達50%，民進黨中市議員陳淑華表示，去年新聞局編列的新聞發布與公關688.1萬，行銷企劃的政令政績宣導4926.3萬元，共5614.4萬元，隱藏各局處的文宣費更多，但在野黨只是統刪總預算6億元，由市府自行調整，並未刪媒體宣傳費，事實上，她認為，市府也不會刪。台中市政府表示，台中市相關預算均依實際政策宣導需求編列，並依法送市議會審議通過。請繼續往下閱讀...台中市2026年度總預算案編列歲出預算總額1980.05億元，民進黨市議員陳淑華表示，其中新聞局編列的新聞發布與公關688.1萬，行銷企劃的政令政績宣導4926.3萬元，共5614.4萬元，還有經發局購物節的宣傳推廣約1000多萬元，但是隱藏各局處的文宣費更多。陳淑華表示，去年經朝野協商總預算統刪6億元，刪除的科目由市府自行調整，主要是希望市府自行刪除浮編的預算，但是民進黨並未刪除相關預算，她認為，市府也不會去刪除相關媒體公關費預算。    ,https://news.ltn.com.tw/news/politics/breakingnews/5558586
板橋在地夜市平安餐會 攤商熱情擁抱李四川高呼「凍蒜」,政治,2026/08/31 21:40,國民黨新北市長參選人李四川參加板橋湳雅夜市中元普度餐會。（李四川競辦提供）國民黨新北市長參選人李四川31日晚間前往板橋區，接連出席湳雅觀光夜市、新興路夜市中元普渡平安餐會，李四川抵達現場，許多鄉親熱情合影自拍，夜市攤商老闆看到李四川現身，開心衝出來大喊加油，甚至緊緊擁抱李四川，主委並帶領全場高喊「凍蒜」，表達全力支持。對於媒體詢問，新北市長侯友宜公開表示「下一棒接棒人就是李四川」，李四川受訪時表示，侯友宜8年來的施政不分顏色、深受市民肯定，對手蘇巧慧也表示敬佩；李四川也提到，侯友宜指名由他來接棒，是因為他跟蘇巧慧不同的是，「侯友宜相信我的執行力一定比蘇巧慧還好」，李四川並強調自己一定會接下這一棒，完成侯友宜交代的工作與所有新北市民的期待，也不會讓蘇巧慧失望。請繼續往下閱讀...李四川強調，感謝夜市攤商及店家好朋友們的努力，帶動板橋地區觀光效益，為在地經濟發展帶來巨大貢獻。李四川也預告，明日將正式發表觀光政策，要繼續把大量觀光客帶進板橋、帶進新北，繼續創造在地更多商機。此外，李四川也重申敬老福利政見，規劃未來將現行敬老卡每月600點中的300點「悠遊卡化」，讓長輩能於四大超商、藥局等多元通路消費，更貼心照顧長者生活。國民黨新北市長參選人李四川參加板橋湳雅夜市中元普度餐會，與民眾熱情互動。（李四川競辦提供）    ,https://news.ltn.com.tw/news/politics/breakingnews/5558614
北市風光宣布月子加菜金「錢哪來？」 蔣萬安自爆：追加預算3.8億,政治,2026/08/31 21:36,台北市議員鍾佩玲質詢，蔣市長19日風光宣布明年推出全國首創「月子加菜金—產後膳食費補助」3萬元，決策過程神速，但卻沒編預算。（記者田裕華攝）又要追加預算！今天市政總質詢首日，台北市長蔣萬安輪番接受5名市議員犀利拷問。率先上陣的鍾佩玲劈頭指出，蔣市長19日風光宣布明年推出全國首創「月子加菜金—產後膳食費補助」3萬元，決策過程神速，但卻沒編預算；對此，蔣於備詢台上回應，「會透過預算追加方式，由衛生局編列，目前預估是3.8億元」。蔣市長日前宣布明年推出月子加菜金，每位產婦不排富、每胎補助3萬元，減輕產後調養及坐月子期間的經濟負擔，預估每年約有1.1萬名產婦受惠，希望透過更完整的產後支持，讓媽媽在生產後能夠獲得充分休養與照顧，也讓家庭在迎接新生命時多一分安心。請繼續往下閱讀...但是基層公務人員卻不安心。鍾佩玲指出，蔣萬安喊推政策很簡單，辛苦的是基層，必須說明政策如何形成，詢問錢從哪來、誰要編？蔣說，月子加菜金預計明年7月執行，「會透過預算追加方式，由衛生局編列，目前預估是3.8億元。」鍾一聽，再三確認蔣並無口誤後，接著說「明年預算書上完全沒有看到這筆經費，完全沒有，所以今天市長也幫大家解惑。」她也追問，3.8億元有可能再增加嗎？蔣回應，「預計就是3.8億元，會循追加預算的方式，當然越接近的時候，會有更精準的數字，大概不出3.8億元的規模。」鍾再問，所以就是匡列3.8億元在明年追加，這是已經確定的部分？蔣點頭稱「是」；鍾提醒，希望市府編列預算可以更謹慎，不要市長政策喊完之後就算了。    ,https://news.ltn.com.tw/news/politics/breakingnews/5558615
屏東公職登記首日 蔣月惠搶頭香 議員與鄉鎮長共24人完成,政治,2026/08/31 21:15,屏東縣議會副議長盧文瑞（中，著深色外套者）首日完成屏縣議員第二選區參選登記。（記者羅欣貞攝）地方公職人員選舉今（31）日起受理候選人登記至9月4日，屏縣選委會統計，首日縣議員、鄉鎮長各有12人登記，村里長168人登記、鄉鎮市民代表77人登記。問鼎連任的無黨籍縣議員蔣月惠今天早上7點20分就到縣選委會等候，成為首位完成登記的議員選將；屏縣議會副議長盧文瑞也在支持者陪伴下，聲勢浩大的完成第二選區縣議員登記；紙風車劇團副團長莊瓊如返鄉投入屏東縣議員第二選區選舉，上午帶領玩偶群完成「劇場式」參選登記，氣氛很歡樂。請繼續往下閱讀...今天首日完成登記的參選人，縣議員部分，第1選區：無黨籍蔣月惠、無黨籍張平原、無黨籍林建志、無黨籍林明順；第2選區：國民黨宋麗華、國民黨盧文瑞、無黨籍莊瓊如；第3選區：無黨籍魏楓淩；第5選區：民進黨周碧雲；第6選區：無黨籍盧邑宸；第7選區：無黨籍陳建興；第13選區：無黨籍周陳曉玟。鄉鎮市長首日登記部分，潮州鎮：國民黨王建元；九如鄉：民進黨藍聰信；鹽埔鄉：無黨籍黃智麟；竹田鄉：民進黨鍾定豪；枋寮鄉：無黨籍洪茂豐、民進黨蘇清波；琉球鄉：無黨籍鄭源德；滿州鄉：無黨籍古榮福；枋山鄉：民進黨羅金良；三地門鄉：無黨籍謝李雲山、無黨籍陳忠雄；來義鄉：國民黨曾譯影。（名單仍以選委會為準）    ,https://news.ltn.com.tw/news/politics/breakingnews/5558594
被問蘇巧慧常跟市長行程 李四川：侯友宜指名我接他這一棒,政治,2026/08/31 21:12,國民黨新北市長參選人李四川說，「市長侯友宜指名要我接他這一棒」。（記者翁聿煌攝）國民黨新北市長參選人李四川31日晚間出席湳雅觀光夜市中元普度平安餐會，有媒體問到，對手蘇巧慧常跟著市長侯友宜的行程，不過侯友宜公開表示「我的下一棒接棒人就是李四川」，全力支持李四川繼續為新北市服務；李四川回應，侯友宜任期8年來，他的施政不分藍綠，而且所有的施政都受到市民的喜愛，滿意度也相當高，蘇巧慧也滿敬佩侯友宜。李四川說，但是侯友宜還是指名李四川要來接他這一棒，李四川跟蘇巧慧所不同的，侯友宜相信李四川的執行力絕對比蘇巧慧還好，這一棒李四川一定會接下來，對侯友宜所交代的工作，李四川一定會好好地把它完成，也不會讓蘇巧慧失望，「年底我們一定會打贏這場勝仗」。    ,https://news.ltn.com.tw/news/politics/breakingnews/5558581
接待日本東京大學訪團 蘇巧慧分享台灣民主、防衛韌性,政治,2026/08/31 20:55,蘇巧慧今接待由日本東京大學教授松田康博率領的「兩岸關係研究小組」訪問團。（蘇巧慧競辦提供）民進黨立委、新北市長參選人蘇巧慧今（31）日接待由日本東京大學教授松田康博率領的「兩岸關係研究小組」訪問團。蘇巧慧競辦指出，會中，雙方針對台灣民主現狀、市政願景、全社會防衛韌性、兩岸關係與國際局勢等多元議題深入交流；蘇巧慧致贈台灣名產蛋黃酥、特色文宣品、「水獺媽媽」鑰匙圈與DIY紙存錢筒，松田康博回贈新書《蔡英文政権期の台湾》，展現友好情誼。蘇巧慧在會中感謝眾人長期關心台灣、持續提出專業的研究分析；她說，自己非常珍惜每一次接待國際訪賓的機會，盼能深化台灣與國際社會的交流合作，同時透過自身的經驗分享，讓更多人瞭解台灣。請繼續往下閱讀...蘇競辦分享，訪問團學者針對年底地方選舉提問，蘇巧慧提供許多第一線觀察外，也分享自己在選戰中一步步努力的過程，蘇巧慧也邀請訪問團成員參與9月5日新北競選總部成立大會，實地感受選舉場面。蘇競辦指出，談及全社會防衛韌性，蘇巧慧以COVID-19疫情與花蓮馬太鞍溪堰塞湖災害為例，從法規制度、實務演練，以及社會與政府間的信任等角度切入分析，隨後雙方也就各項政策及議題展開深入討論。蘇巧慧今接待由日本東京大學教授松田康博率領的「兩岸關係研究小組」訪問團。（蘇巧慧競辦提供）    ,https://news.ltn.com.tw/news/politics/breakingnews/5558568
蘇巧慧出席板橋中元普度 盼不分黨派為新北努力,政治,2026/08/31 20:50,蘇巧慧（中）參加江寧黃昏市場中元普度法會。（記者翁聿煌攝）民進黨新北市長參選人、立委蘇巧慧今出席新北板橋、中和多個市場中元普度法會，受到民眾熱情歡迎，在江寧黃昏市場中元普度法會上，市場管委會主委李培榮率幹部迎接蘇巧慧，送上鳳梨、粽子和蒜苗，眾人高喊「凍蒜！」祝福蘇巧慧選情一路旺，「一定包中！」蘇巧慧說，感謝市民朋友支持和鼓勵，她祈求地方合境平安、風調雨順，期盼未來有機會和市民朋友一起努力，帶領新北市迎接更好的新時代。蘇巧慧表示，她在新北服務十年以來態度始終如一，只要為了新北好，不分黨派、共同努力，一起為地方打造更好的生活環境，而十年來在中央和侯友宜市長領導的市府團隊共同努力之下，新北許多建設確實持續推進，她指出，新北的下一個十年，她除了會展現執行力，持續推進新北建設，同時運用創造力，讓新北29區的特色和故事被更多人看見，各區「衛星變繁星」，讓新北下一個十年更加閃耀。請繼續往下閱讀...蘇巧慧提到，針對板橋未來發展，她將成立「都市更新局」，以捷運、鐵路、轉運站等交通節點為中心，加速翻新老舊街廓機能，此外，她將加速推動板橋醫療園區，提升地方急重症與兒童醫療量能，並緊盯兒童未來館進度，為孩子們打造全國第一個兒童專屬的國家級文化場館。蘇巧慧補充，她也將試辦「青年育兒宅」，讓育兒家庭最長可租20年，提供孩子們更穩定的成長環境，同時為長輩、學生及弱勢族群，擴大推動專屬的包租代管方案，讓市民朋友住的更經濟、更安心。蘇巧慧（中）在江寧黃昏市場中元普度法會，管委會送上鳳梨、粽子和蒜苗，眾人高喊「凍蒜！」。（記者翁聿煌攝）    ,https://news.ltn.com.tw/news/politics/breakingnews/5558451
張善政端護國神山政績牌 龍科三期全給台積電,政治,2026/08/31 20:49,桃園市長張善政說明龍科三期台積電用地最新進度。（記者李容萍攝）桃園市長張善政今（31）日出席龍潭區市政說明會再度聚焦龍潭科學園區三期開發案，強調市府已為「護國神山」進駐做好各項配套，龍科三期104公頃土地規劃提供半導體先進製程廠房使用，相關開發案已由國科會送至行政院，盼9月完成核定，市府同步布局電力、學校、住宅及產業園區，迎接科技產業進駐帶來的人口與產業需求。張善政表示，龍科三期要順利落地，除了土地開發，「電」更是關鍵。台電須興建高壓電力線路，沿線涉及私人土地及不同中央機關，部分路線甚至涉及國防部，協調工作相當繁瑣，在立委呂玉玲協助下，相關協調已接近完成，市府將持續與中央合作，加速供電設施建置。請繼續往下閱讀...面對未來科技產業進駐後大量就業人口，張善政提到，市府不能等人口進來後才補救，學校、住宅及交通都必須提前準備。目前德龍國小因應科學園區開發規畫搬遷，龍科國小籌備處也已成立，預計在龍科三期外、聖亭路西側布局新校址，相關土地徵收作業已陸續推動，盼提前因應未來學童就學需求。張善政指出，龍科三期104公頃土地預計由台積電興建多座先進製程廠房，但若加計上下游供應鏈，產業用地需求恐再增加約100公頃，因此市府同步規劃周邊產業腹地，包括評估鄰近都市計畫通盤檢討，約50公頃土地可望吸納龍科三期的產業外溢需求。此外，龍科三期南側已有民間業者提出「梅龍產業園區」構想，面積約17公頃，目前進行土地整合作業，預計今年9、10月提出可行性規劃報告。市府將透過政策引導支持民間開發，以更具彈性的方式承接龍科上下游產業進駐。張說，過去新竹科學園區發展曾面臨園區土地不足，造成相關工廠散落交流道周邊的情況，桃園不希望重蹈覆轍，因此提前在龍科周邊布局產業腹地，讓產業進駐後城市發展也能同步跟上，未來捷運橘線規劃將以龍科為起點車站，交通建設也會配合產業發展逐步到位。他強調，市府近年持續推動龍科三期，相關配套正逐步到位，現在做的是「超前部署」，不只要讓科技產業順利落地，也要讓龍潭的生活、教育與交通環境同步升級；同時提醒民眾，龍科發展前景值得期待，但應理性看待土地及房市，切勿藉機炒作地皮。    ,https://news.ltn.com.tw/news/politics/breakingnews/5558415
高雄市議員登記首日13人完成 邱俊憲搶得頭香,政治,2026/08/31 20:39,陪同張騏晟（右四）登記參選的陣容龐大。（記者李惠洲攝）今年地方公職人員選舉從今（31）日起至9月4日受理登記，根據高雄市選委會今天傍晚統計，首日共有13人完成登記。今天完成高雄市議員選舉登記者，分別為第1選舉區林富寶（民主進步黨）；第二選舉區李柏融（無黨）；第3選舉區張騏晟（無黨）；第5選舉區邱俊憲（民主進步黨）；第6選舉區簡煥宗（民主進步黨）、陳美雅（中國國民黨）。請繼續往下閱讀...第9選舉區林智鴻（民主進步黨）、鄭安秝（中國國民黨）；第10選舉區鄭光峰（民主進步黨）、李政憲（司法改革黨）；第11選舉區張耀中（民主進步黨）；第12選舉區巫振興（民主進步黨）、宋紹銘（中國國民黨）。其中以張騏晟的陣容最龐大，他由曾任高雄海洋局長、梓官區漁會總幹事的張漢雄陪同登記，浩浩蕩蕩出動2、30人。搶得頭香的邱俊憲表示，他10年來堅持議會全勤、從不缺席，無論定期大會、委員會或各項重要議事皆全力投入；同時透過提案、質詢、會勘與預算監督，一件一件追蹤地方建設，也是議會中少數能獲得先後14次民間社團評鑑優質議員肯定的民代。簡煥宗則說，自2014年參選議員開始，他提醒自己「每次參選重新歸零」，把自己當作是一個新人重新出發。這12年來，感謝旗津鼓山鹽埕的市民給他服務的機會。民進黨新人張耀中是陳其邁子弟兵。（記者李惠洲攝）    ,https://news.ltn.com.tw/news/politics/breakingnews/5558551
台中選戰登記首日！27人搶攻議員 楊寶楨無黨籍參選,政治,2026/08/31 20:37,台中市選委會受理市議員登記，今天共有27人登記。（記者蘇金鳳攝）台中市選委會今天受理市長及市議員的登記，一整天下來，並無市長參選人登記，市議員則有27位登記，民眾黨6席議員已全部登記完畢，而民進黨8位英系採聯合登記，但有7位已登記，而國民黨新議政聯盟8位市議員也全數登記，另外，以無黨籍登記有第4選區的劉和豐，第11選區的楊寶楨及17選區的呂秀惠。今天雖是首日登記，但登記踴躍，一整天下來登記參選者有第1選區吳中源（民） 楊啓邦 （國）、第2選區陳永祥（眾） 、第4選區連小華（眾）邱愛珊（國）蔡怡萱（民）及無黨籍的劉和豐、第5選區蕭隆澤（民）吳呈賢（國）陳清崧（國）。請繼續往下閱讀...第6選區陳淑華（民） 劉芩妤 （眾）楊大鋐（國）、第7選區劉士州（國）、第8選區邱于珊 （眾） 賴順仁 （國）、謝家宜（民），第10選區張彥彤 （國）、第11選區楊寶楨 （無）陳雅惠（民）。第12選區許書豪 （眾）張玉嬿 （民）黃佳恬（國） 、第13選區江和樹 （眾）張芬郁（民）第15選區吳建德 （國）、第17選區呂秀惠（無）    ,https://news.ltn.com.tw/news/politics/breakingnews/5558540
基隆與石垣市簽署友好城市協定 台日交流邁新里程,政治,2026/08/31 20:35,基隆市與日本沖繩縣石垣市今天（31日）於基隆港東岸旅客中心舉行「國際友好城市協定」簽署儀式，雙方會後合影。（基隆市政府提供）基隆市與日本沖繩縣石垣市今天（31日）下午2時30分於基隆港東岸旅客中心舉行「國際友好城市協定」簽署儀式，由基隆市長謝國樑與石垣市長中山義隆代表雙方簽署協定，在貴賓及市民見證下，正式建立友好城市關係，為台日城市交流與海洋經濟合作寫下新頁。謝國樑表示，他代表基隆市36萬市民，熱烈歡迎石垣市長中山義隆率領石垣市參訪團來訪。他也特別感謝中山義隆克服交通調整專程率團飛抵基隆，展現對兩市情誼的高度重視。基隆與石垣市同為重要海洋門戶，擁有相似的港灣地形、豐富海洋資源及觀光能量，雙方更長期透過海上交通累積深厚情誼。請繼續往下閱讀...今年5月28日「基隆港－石垣島」客運航線正式啟航，睽違18年後重新恢復兩地直航，不僅是基隆海運觀光發展的重要里程碑，也為兩市深化交流合作搭起重要橋樑。今天簽署友好城市協定，象徵雙方關係邁入全方位合作新階段。未來將秉持相互尊重、平等互惠精神，推動港灣交流、觀光促進、產業發展及物產交流，並持續深化教育、文化、體育及青少年交流，讓兩市人民透過更多元的互動增進理解與友誼。中山義隆表示，今天是石垣市與基隆市正式締結國際友好城市的重要歷史時刻，對此表達由衷感謝。他指出，兩市地理位置皆緊鄰海洋，自古以來便透過海上交通持續往來交流，今日友好城市的締結，是建立在長久歷史交流的基礎上，相信將為兩市未來合作開啟新的可能，也將成為傳承給下一代的重要珍貴資產。基隆市與日本沖繩縣石垣市今天（31日）於基隆簽署「國際友好城市協定」，圖左至右為基隆市長謝國樑、石垣市長中山義隆。（基隆市政府提供）基隆市與日本沖繩縣石垣市今天（31日）於基隆簽署「國際友好城市協定」，圖左至右為基隆市長謝國樑、石垣市長中山義隆。（基隆市政府提供）    ,https://news.ltn.com.tw/news/politics/breakingnews/5558538
管碧玲主持海巡署授階典禮 晉任2少將宣示守護海疆決心,政治,2026/08/31 20:32,海洋委員會主委管碧玲今天親自主持海巡署晉任授階典禮。（記者姚岳宏翻攝）海洋委員會主委管碧玲今天親自主持海巡署9月份定期晉任授階典禮，為參議李思賢及偵防分署副分署長許宏銘2名新晉少將掛上三線三星肩階，本次共有14名優秀幹部榮獲授階，管碧玲除肯定晉任人員的卓越表現，更期勉海巡同仁在新的崗位上持續秉持初衷，肩負起守護我國海域國安、治安與平安的三重使命。管碧玲致詞時指出，此次榮膺晉任少將的兩位同仁，分別具備偵防情報體系與地區分署岸巡勤務的深厚資歷，她強調，近年來偵防分署查獲毒品重量屢創新高，僅去年間就查獲各級毒品超過13000公斤，使海巡署成為國家反毒體系的重要支柱。正因這份傲人成績，總統特別增加將官員額以表達對海巡的強力支持，這不僅是全體同仁共同努力的成果，更是國家對海巡專業的最高肯定。請繼續往下閱讀...除了2名新科少將，典禮中另有蕭考量、楊瑞強、何宗翰、陳孝祺、陳琮易、温梓辰、歐玉飛、李昌原及黃建銘等9人獲頒授三線二星；蘇胤與黃賜堯2人獲頒授二線四星；陳靖龍獲頒授二線三星，共有200多名同仁與眷屬到場觀禮。管碧玲也向在背後默默支持的眷屬表達誠摯感謝，並重申人民在哪裡海巡就在哪裡的核心價值，期盼全體同仁未來面對海巡任務轉型與風險提升的挑戰時，能以最堅定的行動強化海防勤務及監偵量能，全力確保國家主權與民眾生命財產安全。管碧玲肯定晉任人員的卓越表現。（記者姚岳宏翻攝）管碧玲與海巡署少將參議李思賢眷屬合影。（記者姚岳宏翻攝）管碧玲與海巡署偵防分署少將副分署長許宏銘眷屬合影。（記者姚岳宏翻攝）    ,https://news.ltn.com.tw/news/politics/breakingnews/5558504
自由爆新聞》她「戰狼化」炸翻藍營！一數據揭台灣「脫中」繳超狂成績,政治,2026/08/31 20:30,全新的視界！新聞話題不漏接，快訂閱YouTube 【自由追新聞】，記得開啟小鈴鐺哦！    ,https://news.ltn.com.tw/news/politics/breakingnews/5558559
貓熊粉絲「盯梢」飼育員上網公審  蔣萬安：2週內研議禁拍,政治,2026/08/31 20:10,台北市立動物園大貓熊「圓圓」上個月底剛過22歲生日，照養團隊巧思準備生日驚喜。（資料照，台北市立動物園提供）台北市立動物園大貓熊「圓圓」上個月底剛過22歲生日，照養團隊巧思準備生日驚喜，但市議員林亮君今（31日）在議會質詢指出，有飼育員長期遭大貓熊粉絲「盯哨」，拍照、錄影工作細節上傳網路公審，身心俱疲，她要求市府比照世界各地的動物園，訂定不能拍照、錄影正在值勤飼育員的規範。台北市長蔣萬安允諾參考國外的做法，2週內研議。林亮君指出，大貓熊有很多粉絲，但有一些粉絲的關心有點變質，對飼育員有很多的要求，現在漸漸演變到讓第一線的保育員有身心壓力。有一個長期蹲點拍攝貓熊粉絲社群，本來是要記錄貓熊每天的狀況，現在變成每天拍飼育員的工作狀況，包括何時看手機、如何餵養等，甚至把偷拍飼育員的畫面上傳網路，網路上也出現更激烈的言論；有些還直接打電話去動物園、1999投訴，或拍打玻璃窗打著電話用手勢顯示威脅保育員。請繼續往下閱讀...動物園發言人曹先紹表示，今年初確實有發現負面輿情非常高的比例是來自對貓熊館的指教；任何來自粉絲或同仁的指教，園方都會去釐清到底發生什麼事，對所有粉絲或同仁的意見都一視同仁。若是對飼育員個人有無限上綱的指教，園方也會有保護同仁因公涉訟的流程，強調很多粉絲是善意的。林亮君指出，飼育員曾多次向館方求救，希望保障工作中的隱私及專業，卻一直得不到回應，甚至後來有人被調職；質疑園方沒有處理問題，反而處理提出問題的人。她強調，北市要做動物友善城市，也需要給保育員非常強大的支柱  讓他們在工作上得以展現專業。蔣萬安表示，之前動物園有回報此事，的確很不妥。市府一定全力支持照顧飼育員，會聆聽意見採納並給予協助，對貓熊粉絲會加強宣導告知，並參考世界各地的動物園規範，提醒不要拍照、錄影正在值勤的飼育員。台北市議員林亮君表示，有貓熊粉絲緊盯拍攝飼育員的一舉一動，上傳網路引發公審，造成飼育員身心受創。（記者田裕華攝）    ,https://news.ltn.com.tw/news/politics/breakingnews/5558530
屏東街頭驚見蕭美琴、蔣萬安！議員參選人看板「大咖加持」熱戰,政治,2026/08/31 19:59,看板人氣大比拚，周春米、蕭美琴人氣旺。（記者葉永騫攝）藍營以蔣萬安的人氣較旺。（記者葉永騫攝）九合一選舉開始辦理登記，選戰正式開打了，屏東縣各個參選人的看板早就豎立在各大街頭，綠營參選人以縣長周春米為中心，紛紛掛起縣長合照強調同一戰隊。而藍營則是和台北市長蔣萬安合照最多，顯現蔣萬安的知名度和好感度較高，黨主席鄭麗文和台中市長盧秀燕則很罕見。今天是九合一選舉登記第一天，但屏東縣的選情相當的冷，由於南台灣豪雨不斷，民眾擔心的都是雨勢造成的影響，使得選戰幾乎鮮少人關心。尤其現任民進黨縣長周春米爭取連任被視為順理成章，國民黨縣長參選人蘇清泉身上仍有官司纏身，所以雙方少了許多的火藥味，讓縣長選舉可說是相當冷清；連帶也使得屏東縣各項選舉受到的關注度低，參選人只能增加競選看板與知名度高的政治人員合照來表達立場及吸引選民的關注。綠營的選舉看板以總統賴清德、副總統蕭美琴、縣長周春米最受到歡迎，尤其是周春米的合照是最多參選人的看板選舉，甚至連無黨籍也掛起周春米合照的看板，顯然人氣較旺。藍營則是以台北市長蔣萬安的人氣較高，有不少參選人除了自己的個人看板外，也掛起了和蔣萬安的合照，黨主席鄭麗文、台中市長盧秀燕則還沒有出現，蘇清泉則只有少數幾張看板。高屏同屬一線，柯志恩在屏東的人氣也不錯。（記者葉永騫攝）    ,https://news.ltn.com.tw/news/politics/breakingnews/5558468
五合一選舉參選首日 宜蘭縣108人完成登記,政治,2026/08/31 19:59,五合一選舉參選登記首日，宜蘭縣共有108人完成參選登記。（記者游明金攝）五合一選舉參選登記首日，宜蘭縣共有108人完成參選登記，分別是宜蘭縣長1人、縣議員6人、鄉鎮市長3人、鄉鎮市民代表24人、村里長74人。搶得頭香登記參選縣長的為無黨籍陳宏毅；縣議員則是有宜蘭市選區：民進黨林麗、游國連、時代力量劉仲書；羅東鎮選區國民黨陳漢鍾、壯圍選區無黨籍江子言、三星與大同選區無黨籍黃賢能。請繼續往下閱讀...鄉鎮市長完成登記的有，礁溪鄉國民黨游見璋、五結鄉無黨籍羅淑惠、南澳鄉無黨籍薛秋花。    ,https://news.ltn.com.tw/news/politics/breakingnews/5558549
南投勇消救泛舟客殉職 賴清德沉痛：檢視救援安全措施,政治,2026/08/31 19:58,南投濁水溪有泛舟客受困，南投縣消防員搭救生艇馳援卻翻覆殉職。（示意照，記者劉濱銓翻攝）南投縣消防局伍姓消防員今天下午在濁水溪上游執行搜救任務時殉職。總統賴清德晚間表達沉痛不捨，並要求內政部及消防署全力協助後續撫卹與家屬照顧，儘速釐清事故原因並檢視救援安全措施，嚴防憾事重演，他也呼籲後續搜救行動必須以救援人員安全為最優先考量。賴清德指出，伍姓消防同仁為了搶救民眾，在第一線執行任務時，因救生艇翻覆落水，經全力搶救仍宣告不治，令人沉痛與不捨。他已請內政部及消防署全力協助後續撫卹及家屬照顧工作，並儘速釐清事故發生原因，檢視相關救援安全措施，避免類似憾事再次發生。請繼續往下閱讀...賴清德表示，目前還有受困民眾尚待救援，搜救團隊仍持續全力投入。他特別提醒，面對湍急水勢及複雜地形，所有救援行動都必須以救援人員的安全為最優先考量，確實做好風險評估及必要防護，期盼逝者安息，後續搜救工作皆能平安順利。    ,https://news.ltn.com.tw/news/politics/breakingnews/5558557
藍綠之外冒出「神秘第3人」 陳宏毅搶頭香登記選宜蘭縣長,政治,2026/08/31 19:58,52歲的陳宏毅以無黨籍完成登記參選宜蘭縣長，由於他的政見勾選「不同意公開」，基於什麼理念、為何要參選？目前暫無法得知。（民眾提供）五合一選舉登記參選首日，宜蘭縣傳出藍綠之外第三人參選縣長，52歲的陳宏毅以無黨籍完成登記搶得頭香；外界對陳宏毅都相當陌生，由於他的政見勾選「不同意公開」，基於什麼理念，為何要參選？目前暫無法得知。宜蘭藍、白完成整合共推國民黨立委吳宗憲參選，並訂明天（9月1日）上午11點15分辦理登記；民進黨則是徵召林國漳律師參選，預訂2日上午9點半前往宜蘭縣選委會辦理參選登記。請繼續往下閱讀...原以為只有藍綠2強相爭，未料陳宏毅在登記首日就前往宜蘭縣選委會完成縣長參選登記，讓各界頗為訝異。各單位紛紛打探陳宏毅的相關背景，僅知他是外縣市搬來宜蘭的新移民，目前住在三星鄉，至於為何要參選縣長？無法得知，他的政見也因「不同意公開」，暫時無法取得。不過，縣選委會表示，目前只是登記參選，等相關資料審查後取得候選人資格，未來相關政見就會列於選舉公報公開揭露，向選民報告。    ,https://news.ltn.com.tw/news/politics/breakingnews/5558531
尚文凱登記選金門議員 副議長老公：她會表現比我更好,政治,2026/08/31 19:31,民眾黨徵召的尚文凱（左）準備角逐縣議員，她的另一半副議長歐陽儀雄（右）說：「相信她未來會表現比我更好」。（記者吳正庭攝）金門縣選舉委員會受理金門縣第9屆縣議員選舉參選人登記首日，民眾黨徵召的尚文凱搶到頭香，她說，如果有一天進入議會，期許自己不要去做那個用嘴巴找問題的人，而是做1個會實際解決問題的人。尚文凱的另一半是金門縣議會副議長歐陽儀雄，歐陽儀雄有意交棒，一早就陪同前往縣選委會辦理議員登記作業。請繼續往下閱讀...尚文凱受訪指出，今年參選的新人多，棒棒都是強棒，她會本著多年的服務經驗，全力爭取當選。她說，完成縣議員參選登記，是1種承擔，也是對自己的期許，期許認真做好地方民意代表的角色。她說，縣議員最大的職責就是「監督縣政、推動建設」，大家都會用嘴巴說問題，她不說太多漂亮的話，要做1個會實際解決問題的人；能做的事情就去做，該爭取的就全力爭取，期盼大家給她1個機會，前進縣議會。一向不多話的歐陽儀雄說，就是傳承、一棒接一棒，他篤定的說「相信她未來會表現比我更好」。尚文凱是國立金門大學大陸事務研究所碩士畢業，曾任中國信託商業銀行襄理、台灣新光商業銀行經理、副議長辦公室主任；她2024年曾代表台灣民眾黨參選金門區域立委，狹民眾黨人氣，一舉拿下1萬3177票。民眾黨徵召的尚文凱（左一）由另一半副議長歐陽儀雄（左二）陪同，前往金門縣選委會辦理金門縣議員登記作業。（記者吳正庭攝）    ,https://news.ltn.com.tw/news/politics/breakingnews/5558512
九合一選戰登記首日 雲林縣長、議員10人完成登記,政治,2026/08/31 19:18,雲林議員新增平地原住民、山地原住民2席次，27歲蔡嘉峻今登記參選山地原住民議員，多族耆老現場為他祈福。（記者黃淑莉攝）2026九合一選舉今（31）日登記首日到下午5點半截止，雲林縣縣長有1人登記、議員有9人登記。其中山地原住民參選人蔡嘉峻在各族耆老、父母及支持者陪同，下午3點到雲林縣選委會完成登記，各族耆老穿著傳統服飾在選委會外為他祈福，場面熱鬧，吸引許多民眾圍觀。2026九合一選舉11月28日投票，8月31日至9月4日受理參選人登記，雲林應選686席，分別為縣長1席、議員45席、鄉鎮市長20席、鄉鎮市民代表228席、村里長392席。請繼續往下閱讀...今天登記首日，共有10人登記，縣長有吳炳輝，曾參選過台南市長、台南市立委及雲林縣立委、虎尾鎮長補選。縣議員部分有，第1選區廖昶淳，第3選區陳乙辰、黃美瑤、魏順興，第5選區郭佩瑄、林宜豊，平地原住民呂佶娜，山地原住民高瑛翠、蔡嘉峻Pisaw。27歲蔡嘉峻父親是民進黨籍現任雲林縣議員蔡永富，在家人、好友及多位原住民族耆老陪同下到縣選委會登記，多族耆老到場為他祈福。蔡嘉峻說，參選初衷就是希望透過議員的角色，替族人爭取更多資源，讓雲林的原住民族群能夠獲得更實質的支持及照顧。高瑛翠穿著傳統服裝登記參選雲林山地原住民議員。（讀者提供）呂佶娜登記參選雲林縣平地原住民議員。（讀者提供）    ,https://news.ltn.com.tw/news/politics/breakingnews/5558515
蘭嶼拼板舟跨海首航 賴清德：台灣是南島民族重要原鄉,政治,2026/08/31 19:05,總統賴清德今日接見「蘭嶼巴丹三百年首航」船隊。（總統府提供）跨越300年的海上情誼重新接軌。蘭嶼6個部落今年6月以傳統工法打造大型拼板舟「Ovayan黃金友誼號」，達悟族人循祖先航路橫跨178公里、划行23小時抵達菲律賓巴丹群島，完成台灣首次以原住民族傳統航海技術進行的跨國航行。總統賴清德今（31）日接見「蘭嶼巴丹三百年首航」船隊時表示，此行開啟南島語族文化交流新篇章，也證明台灣是南島民族的重要原鄉。原住民族文化事業基金會董事長瑪拉歐斯在原民會主委曾智勇Ljaucu‧Zingrur、立委伍麗華等人陪同下，率20名達悟族槳手代表前往總統府。請繼續往下閱讀...今年6月蘭嶼6個部落跨世代族人共同操槳，乘著20人大型傳統拼板舟「Ovayan黃金友誼號」，從蘭嶼循傳統海上路徑航向巴丹群島，透過跨海實踐、文化交流及贈船，延續兩地中斷逾300年的海路。賴清德表示，這趟航行從6個部落共同合作造舟開始，經過傳統拋舟典禮後，划行23小時抵達巴丹島，令人欽佩。大型拼板舟由蘭嶼6個部落造舟工藝師使用27種木材、依循傳統工法共同打造，並由60位划槳手接力完成航行。賴清德說，從風向、海流、星辰和季節判讀，到飛魚、拼板舟及傳統歌謠，都蘊含祖先流傳的智慧。這艘拼板舟如同台灣，27種木材各有不同特性及最適合的位置，必須彼此支撐，才能經得起黑潮與風浪考驗。賴清德指出，數百年前，祖先循著黑潮、海流、季風與星辰，從台灣航向廣闊太平洋，台灣人民是海洋的子民，透過海洋可以連結全世界；未來要讓族語有人說、歌謠有人唱、造舟技藝有人學，讓珍貴傳統成為台灣航向世界的力量。原民會表示，此次橫跨178公里的航行，展現原住民族造舟技藝、航海知識及海洋精神，也深化台灣與南島語族的文化連結。總統賴清德今日接見「蘭嶼巴丹三百年首航」船隊，達悟族人進行拋船文化儀式。（總統府提供）    ,https://news.ltn.com.tw/news/politics/breakingnews/5558505
海地、貝里斯駐WTO常代訪台 將拜會司法院、財政部,政治,2026/08/31 19:01,外交部國經司副司長陳敬一（右一）於桃園國際機場歡迎海地駐WTO常任代表Madsen Chérubin（左二）及貝里斯駐WTO常任代表Harold Young（右二）訪台。（外交部提供）海地駐世界貿易組織（WTO）常任代表Madsen Chérubin與貝里斯駐WTO暨聯合國日內瓦分部常任代表Harold Young今（31）日至9月4日應邀訪台，外交部指出，訪賓在台期間將拜會司法院、財政部、行政院經貿辦、接受外交部次長陳明祺午宴，並參訪我國科技業。外交部指出，海地常任代表Chérubin是資深外交官，曾擔任總理府特別顧問、海地駐巴西大使、海地駐多明尼加大使館公使銜參事等職務。貝里斯常任代表Young則為學者出身，曾於貝里斯大學及美國大學任教。兩名常任代表自就任以來，在WTO場域予我諸多臂助，展現堅定挺台立場。請繼續往下閱讀...外交部說明，訪賓此行將拜會我國司法院、財政部、行政院經貿談判辦公室及財團法人國際合作發展基金會，接受外交部政務次長陳明祺午宴，並參訪我國科技產業，增進對台灣在經貿、科技、民主等領域發展現況的瞭解。外交部表示，國際地緣政治與經貿環境瞬息萬變，海地及貝里斯兩國長期支持台灣，是我國堅實的友邦。外交部期盼未來持續深化與兩友邦的互動與交流，共同邁向共榮互惠的願景。    ,https://news.ltn.com.tw/news/politics/breakingnews/5558371
前外媒記者席佳琳稱花蓮賄選嚴重 傅崐萁要求提出證據,政治,2026/08/31 18:59,國民黨團總召傅崐萁。（資料照）前《金融時報》駐台記者席佳琳接受媒體專訪，提及長期居住的花蓮「那邊所有的票都是買的」，形容花蓮選舉賄選嚴重。花蓮縣立委、國民黨團總召傅崐萁今表示，歡迎各界喜愛台灣的國際友人，但絕不接受在無證據下，傷害台灣民主尊嚴與國際形象的惡質行徑。席佳琳表示，她現在住在花蓮鄉下，她的鄰居會透露「誰來過」，並把現金放在桌上說「今年一票多少」，令人感到不可思議，「台灣都民主化多少年了？」請繼續往下閱讀...傅崐萁今晚嚴正聲明表示，指控需本於證據，切勿以偏概全，台灣為成熟的民主法治社會，若確實遭遇「鄰居將錢放桌上」等涉賄情事，身為具備專業素養的媒體人，理應第一時間向檢調舉發；若無人、事、時、地、物等具體事證，僅憑片面轉述便定罪整座城市，是對花蓮選民及台灣民主的嚴重羞辱。傅崐萁強調，回歸司法查辦，拒絕政治操作，公開呼籲該名記者立即將相關事證交由檢警偵辦，讓真相水落石出；新聞自由不應是模糊指控的擋箭牌，期盼外媒勿被特定媒體利用，淪為特定人士選舉抹黑的政治工具。傅崐萁表示，捍衛花蓮清譽，不容隨意踐踏，花蓮鄉親的神聖選票不容污衊。他說，我們歡迎各界喜愛台灣的國際友人，但絕不接受在無證據下，傷害台灣民主尊嚴與國際形象的惡質行徑。    ,https://news.ltn.com.tw/news/politics/breakingnews/5558488
都是最後總質詢！戴湘儀送侯友宜「玉山藍」登山杖 祝「再攀高峰」,政治,2026/08/31 18:58,戴湘儀（左）送侯友宜（右）登山杖，祝他8年登頂，再攀高峰。（記者黃政嘉攝）未爭取連任的戴湘儀，盼新北市府有更多預算投入在相關文化政策上。（記者黃政嘉攝）國民黨新北市議員戴湘儀今天在議會總質詢，對於新北市長侯友宜最後任期，同時戴湘儀也未爭取連任，她語帶哽咽為市民感謝侯友宜幫助新莊在地文化推動、以及推動新北諸多建設，並語出驚人「交代後事」，希望市府有更多預算投入在文化政策上，同時送侯友宜「玉山藍」顏色的登山杖，祝他「8年登頂，再攀高峰」。戴湘儀說，這個會期是侯友宜最後一次站在質詢台上，接受議員的質詢，也是她短短4年一屆議員最後總質詢的時間，時間很珍貴不能哭，要好好感謝市長，這8年來新莊的蛻變，從 2020年捷運環狀線通車串聯新蘆線，打通交通任督二脈，到國影中心一期開館、企業總部相繼進駐，大幅提升產業與文化高度，佔地400公頃的塭仔圳重劃區也將在明年底完成所有基礎公共建設。戴湘儀也感謝市府成立「新莊百年風貌整合計畫」平台，透過「潮盛新莊」、「潮月新莊」及鼓藝節等大型活動，並結合老店再造與青創引流，讓新莊廟街重現人潮與活力。同時成立新北設計中心、兒童性平教育基地、推動彩虹地景、以及提供凍卵補助等，展現文明城市的包容力與永續精神。她提到，感謝市長後，想交代一些「我議員的後事啦」，侯友宜聽到驚嚇一下，解釋是指「後面的事情」，戴說，感謝侯市府在文化預算相較前任市長多了約3成，她希望未來有更多文化預算投入在相關政策上，也盼新北未來能進一步成立市立交響樂團與大型展演空間，甚至補助在藝文團體的痛點上。侯友宜回應，包括沒用到的文小用地會慢慢調整，變成藝術文化場館，讓新北藝術文化更多元性，這是努力的方向。他也勉勵戴說道，她對土地的愛，新莊的情，永遠不會忘，用這樣的情分，一起新北做事，一起加油。戴湘儀祝侯友宜「8年登頂，再攀高峰」。（記者黃政嘉攝）    ,https://news.ltn.com.tw/news/politics/breakingnews/5558442
45歲江和樹清晨5點帶7歲孫等待登記 楊寶楨上午登記表明決心,政治,2026/08/31 18:57,45歲的江和樹帶著7歲孫在清晨五點就到場等候登記。（記者蘇金鳳攝）台中市選委會今天在豐樂公園綜合活動中心進行市長及市議員參選登記，民眾黨中市議員江和樹為頭香，今天清晨5點就到活動中心等待，45歲的他帶著7歲孫子登記，引發討論，而獨立參選人楊寶楨也是8點左右就來登記，強調自己是東南區第一個登記的；另外民進黨張芬郁、吳中源及國民黨劉士州不到八點也就來等候登記。今天是九合一大選登記的首日，台中市選委會安排參選人在豐樂公園綜合活動中心受理登記，一般參選人大約會提早、8點不到就來等候，但是民眾黨市議員江和樹竟提早至清晨5點，就帶著妻子及7歲的孫子來等候，而江和樹只有45歲，就有7歲的孫子，引發討論。請繼續往下閱讀...另外，民進黨的張芬郁、吳中源及國民黨的劉士州也都是8點不到就來等候，也是想要搶頭香。而備受關注的無黨籍參選人楊寶楨也在8點左右開始登記，她表示，自己是東南區第一位登記的人；面對外界質疑是否真的要選，她在登記首日以東南區第一個登記來證明自己參選的決心。獨立參選人楊寶楨今天8點多就來登記。（記者蘇金鳳攝）    ,https://news.ltn.com.tw/news/politics/breakingnews/5558368
始源PO文問「想去陽明山嗎？」 蔡英文留言讓網友暴動！,政治,2026/08/31 18:54,始源和蔡英文在Threads上的互動笑翻大批網友。（圖翻攝自始源、蔡英文Threads）被粉絲暱稱為「崔議員」的韓星崔始源，近期來台長居工作，時常在社群更新近況。今天（31日）始源在Threads上分享日常照，詢問粉絲們「想去陽明山嗎？」結果釣出同樣在Threads相當活躍的前總統蔡英文留言，笑翻大批網友。始源今天在Threads分享自己的日常自拍、工作照，並用中文詢問廣大網友「你們想去陽明山嗎？」隨後釣出蔡英文留言回應：「議員，我住在陽明山。」始源則馬上貼出自己在韓劇《酒鬼都市女人們》中飾演的角色「姜北久」迷路受困在山頂懸崖岩石上的劇照，幽默回應：「在哪裡……」請繼續往下閱讀...2人的互動讓數萬名網友笑翻，「為什麼總統跟哥比我還會玩脆阿！」、「小英不能在網路上看到帥哥就輕易說出自己住哪裡」、「為什麼小英就這樣發出戰鬥邀請」、「原來英貓喜歡這種（筆記」、「看到帥哥就公開自己住哪會讓人擔心」、「你們要不要私下加個line」。也有不少人敲碗，「英總統快去約總裁爬山！」、「坐等我的總統和我的偶像一起爬山」、「如果此生可以看到小英跟崔議員一起爬山我真的死而無憾」、「好想看小英總統和始源一起爬山」、「這是要夢幻聯動ㄇ」。     在 Threads 查看     在 Threads 查看    ,https://news.ltn.com.tw/news/politics/breakingnews/5558432
盧秀燕喊藍白「合則兩利」周永鴻：盧江只剩政黨沒有政見,政治,2026/08/31 18:50,民進黨台中市議會黨團總召周永鴻批市長盧秀燕與黃國昌、江啟臣三人，只剩政黨沒有政見。（記者蘇金鳳攝）台中市長盧秀燕昨天參加「台中戰鬥陀螺嘉年華」活動與國民黨台中市長參選人江啟臣、民眾黨主席黃國昌3人同框，對此，民進黨台中市議會黨團總召周永鴻批評，盧江只剩政黨，沒有政績；只談合作，沒有政見。周永鴻表示，盧秀燕受訪時說「團結合作從來不是一條容易的路，但合則兩利、分則兩敗」，黃國昌則說「相信台中市政由江啟臣接棒，一定可以讓台中市變得更好」，柯文哲也公開表態支持江啟臣，顯示盧江兩人現在最關心的，似乎不是台中市民怎麼看江啟臣，而是民眾黨的票能不能加進來。請繼續往下閱讀...周永鴻指出，盧秀燕說「合則兩利、分則兩敗」，問題是這個「利」到底是誰的利？如果指的是國民黨和民眾黨的選舉利益，那當然可以算得很精；但台中市長選舉要決定的是台中未來4年的發展，不是替兩個政黨計算選票怎麼分配。他質疑，從盧秀燕替江啟臣站台，到黃國昌、柯文哲接連公開背書，現在連市長選舉的主角都快變成「藍白合」，反而讓人更想問，江啟臣自己的城市主張在哪裡？周永鴻表示，盧秀燕執政近8年，就把8年的政績攤出來接受市民檢驗；江啟臣要選市長，就把自己的政見拿出來，告訴市民台中下一個四年要怎麼走。他嘲諷說，但是盧江現在一個忙著替接班人找盟友，一個等著藍白幫忙加票，「只剩政黨，沒有政績；只談合作，沒有政見。盧江如果連選台中市長都要先問藍白合不合，那真正該擔心的，恐怕不是藍白會不會分則兩敗，而是台中市民根本不買單。」    ,https://news.ltn.com.tw/news/politics/breakingnews/5558484
桃園「村長」詹江村改無黨籍選議員 黃婉如登記搶頭香拚11連霸,政治,2026/08/31 18:44,桃園市選委會31日起受理市長、市議員選舉登記。（記者鄭淑婷翻攝）桃園市選委會今（31）日起受理市長、市議員選舉登記，首日共有15人完成登記，國民黨現任議員、「村長」詹江村因武陵高中事件，拋震撼彈改以無黨參選；挑戰11連霸的現任議員黃婉如一如往常搶下登記頭香。今日完成市議員選舉登記分別有第1選區國民黨黃婉如、無黨籍朱永煇、無黨籍詹江村、民眾黨徐千晴；第2選區無黨籍呂學記、民進黨陳雅倫；第3選區無黨籍段林淑婷；第4選區民進黨許清順；第6選區民進黨陳治文、無黨籍劉儲禎；第7選區民進黨張曉昀；第8選區無黨籍高宇彥；第9選區無黨籍劉定唐；第10選區國民黨劉熒隆；第11選區民進黨陳睿生。請繼續往下閱讀...詹江村登記後也在臉書發文指出，依諾他沒有向國民黨領取政黨推薦書，因此政黨推薦書欄位為0份，當時武陵高中事件，媒體刻意扭曲真相，國民黨部分成員受到媒體影響，害怕他連累國民黨選情，所以當時他表明不會去領取政黨推薦書，即使事件已獲得澄清，他並無洩漏學生個資，更沒有針對單獨學生公審，甚至迄今他都不知道對方的長相、姓名及身分，但他依然信守承諾，沒有前往國民黨辦公室領取政黨推薦書。桃園市選委會31日起受理市長、市議員選舉登記。（記者鄭淑婷翻攝）    ,https://news.ltn.com.tw/news/politics/breakingnews/5558353
300萬標案5度後擴變899萬  顏若芳：以蔣萬安粉專宣傳可省下經費,政治,2026/08/31 18:42,台北市議員顏若芳表示，用台北市長蔣萬安的臉書引流到「我是台北人」粉專，即可省下大筆行銷經費。（記者田裕華攝）台北市政府官方臉書粉專「我是台北人」被爆疑似花公帑買外國網軍！台北市議員顏若芳今（31日）在市政總質詢指出，得標廠商自2024年得標後，連續變更5次契約到今年，都不用重新招標，預算從300萬元變成899萬元，變成無止境的錢坑，不合預算邏輯。觀光傳播局長余祥說明，是因為不希望臉書營運中斷，因此標案可以「後擴」，最後的期限是2027年。顏若芳表示，若以立法院的標準，蔣萬安的個人粉專有56萬，「我是台北人」臉書粉專有33幾萬，蔣萬安自己多貼連結宣傳「我是台北人」都比廣告投遞有用，「這180萬都可以省下來了」。觀傳局指出，整個標案金額約300萬元，包括臉書「我是台北人」粉專及官方LINE帳號營運，其中臉書經費約181萬元。不過，顏若芳指出，廠商自2024年得標後，變更了5次契約，每一年都這樣擴編，直到今年，預算從300萬變成899萬，「任由它開，廠商都是它」，變成錢坑，不合預算邏輯。請繼續往下閱讀...余祥說明，因為不希望臉書的營運中斷，因此在招標時寫得非常清楚，標案有後擴三年的機會，最後的期限是2027年，每年有固定的預算，並非任由廠商開。顏若芳認為，應該以連續預算的方式標明，不是用不斷後擴的方式辦理。余祥表示可以研議。而市府以「投放錯誤」解釋出現大量外國帳號留言的情形，議員林亮君、顏若芳都要求懲處。蔣萬安表示，會依合約要求懲處；余祥補充說明，將依合約損害市府形象及經營成效未達標計算懲處金額。顏若芳進一步質疑「只有這一條投放錯誤嗎？」余祥斬釘截鐵表示，只有這一條投放廣告，吸引到東南亞民眾來留言。但顏若芳質疑說謊，表示依META廣告檔案庫資料，自2019年8月31日迄今，「我是台北人粉專」從未在印尼投過廣告；余祥則稱「公開平台確實沒有，但後台有」兩人各執一詞，余祥強調將在會後提供資料。顏若芳指出，蔣萬安個人粉專有56萬，「我是台北人」粉專有33幾萬，若以中央立法院的標準，蔣萬安自己多貼連結宣傳「我是台北人」都比廣告投遞有用，「這180萬都可以省下來了」。拿市民的納稅錢買國外假帳號粉飾太平，是對市政透明最大的踐踏。呼籲蔣萬安全面徹查各局處社群平台是否有類似履約情形，建立「社群委外案自動核查機制」主動稽查異常流量。此外，對於廠商以不當手段詐取政府預算，必須依據勞務採購契約從嚴處置。若查證屬實，針對提送請款文件虛偽不實、違反誠信條款之情事，應立即扣罰款項並沒收履約保證金；情節嚴重者，更應以偽造文書強制斷約，並將該廠商列入全國黑名單停權3年。蔣萬安允諾用一個月的時間全面檢視，除了依合約懲處，也會檢視行銷是否有效果。未來會在合約訂定明確的標準，好好地確實行銷台北市。台北市長蔣萬安表示，對於「我是台北人」粉專投放錯誤，將依合約懲處。觀傳局長余祥（右）表示金額還在計算中。（記者田裕華攝）    ,https://news.ltn.com.tw/news/politics/breakingnews/5558483
基隆市長民調拉近！20到39歲支持率 童子瑋超車謝國樑,政治,2026/08/31 18:35,對於有民調公布年輕族群持續領先對手，民進黨基隆市長參選人童子瑋表示，持續爭取中間選民與年輕選票。（記者俞肇福攝）今天（31）是年底九合一選舉登記首日，有網路媒體公布最新調查顯示，民進黨基隆市長參選人童子瑋在20歲到39歲的年輕族群表現亮眼，20至29歲支持率39.8％，大幅領先基隆市長謝國樑24.6％；30至39歲也以42.2％領先36.3％。童子瑋今天表示，媒體公布的民調與競選團隊掌握的趨勢一致，接下來，未來的89天將持續爭取中間選民與年輕選票。謝國樑則表示，「民調僅供參考，市政工作持續推進。」童子瑋對於民調結果表示，今天有看到媒體的民調，包含黨部、競選團隊、媒體的民調都呈現一樣的趨勢，這是這幾個月競選團隊努力的成績，從勤跑基層、提出政見、專注市政，都在地方獲得許多市民的認同；現在還有很多青年朋友還沒關心市長選舉，未來89天，我們會積極跟青年朋友、中間選民溝通，很有信心會超越對手。謝國樑則表示，「民調僅供參考，努力做好市政工作，爭取市民認同。」請繼續往下閱讀...網路媒體《上報》委託《山水民調》執行的調查，謝國樑目前支持率為38.6%，童子瑋則有33.2%，兩人差距僅約5個百分點，童子瑋支持度持續上升，與謝國樑的差距也進一步縮小。交叉分析來看，童子瑋在年輕族群中的支持度相對突出。20至29歲支持率39.8％，大幅領先基隆市長謝國樑24.6％；30至39歲也以42.2％領先36.3％。對於有民調公布民進黨基隆市長參選人童子瑋，在年輕族群持續領先，國民黨基隆市長謝國樑表示，民調僅供參考，會努力拚市政爭取選民認同。（記者俞肇福攝）    ,https://news.ltn.com.tw/news/politics/breakingnews/5558333
外籍記者點名彰化國民黨派系備現金買票 綠營青年議員秒回「3個字」。,政治,2026/08/31 18:23,將爭取連任的民進黨彰化縣議員楊子賢。（楊子賢提供）針對美籍記者石東文曝親身經歷，曾經看過彰化縣國民黨派系準備大量現金預備買票之用一事，民進黨彰化縣議員楊子賢用3個字總結表示，「不意外」！楊子賢強調， 2014年當時有一本書《買來的政權：台灣選舉文化觀察》，這本書就很明確點出地方派系，長期都是透過買票綁樁，進而掌控基層政治。因此，外籍記者對於彰化國民黨選舉的現金直擊，完全不令人意外，這也是台灣人的記憶。請繼續往下閱讀...楊子賢指出，當外籍記者對於見證台灣國民黨選舉準備大量現金預備買票一事印象深刻，全民更應該全力支持檢調警政單位查賄，當遇到類似情況，務必要進行蒐證檢舉，不只是避免觸法，更是用行動來捍衛台灣民主的名聲。    ,https://news.ltn.com.tw/news/politics/breakingnews/5558462
蔣萬安「低調」拜訪庇護工場喊捐30萬  藍同溫層留言區大翻車！,政治,2026/08/31 18:19,台北市長蔣萬安。（資料照）藍白聯手砍掉總統府國務機要費波及庇護工場中秋禮盒採購，國民黨台北市議員秦慧珠先前質詢台北市長蔣萬安時願不願意捐20萬元認購，沒想到蔣面對送分題還是「問A答B」，連秦也看不下去直言失望。眼看輿論批評聲浪越來越大，蔣來了場「低調現身庇護工場」的戲碼，有親藍媒體轉發照片，結果留言區大翻車！政治工作者周軒今天（31日）下午分享某媒體推播蔣萬安昨天（30日）「低調現身」台北市庇護工場相關報導的臉書文，宣稱被網友「捕獲」PO到網路。蔣萬安今天受訪證實，表示之所以低調是因為不希望大陣仗影響到庇護工場，所以私下去拜訪；他還說，自己自掏腰包來採購30萬，用實際行動幫助弱勢。請繼續往下閱讀...不過周軒分享的截圖可以看到，底下留言區大翻車，「應該請市府人員私下接洽，空安故意去到現場，這叫狗屁低調？」、「都上新聞了叫低調，真的是空安」、「低調到現在所有媒體都知道了，還真低調呵呵」、「是不是我對『低調』的定義有些誤解」、「好笑捏！低調？早知如此何必當初！」、「作秀第一名」、「當初慧珠姊問你時答應就好了，連送分題都不會答，搞這一齣有夠難看」、「網路下單夠低調了吧？沒人知道，人還跑去庇護工場不是作秀嗎？還捕獲咧……」    ,https://news.ltn.com.tw/news/politics/breakingnews/5558281
綠委質疑蔣萬安拿媒宣費豢養「藍友友」 藍委反嗆：民進黨自婊功夫舉世無雙,政治,2026/08/31 18:08,國民黨立委翁曉玲提案凍結、刪減多個部會的媒體政策宣導費，甚至公開將相關預算嘲諷為「青鳥飼料」。（資料照）台北市府官方臉書粉專「Humans of Taipei 我是台北人」日前被發現多篇貼文底下出現整排印尼文留言，且內容全是稱讚字詞。民進黨立委林楚茵質疑，台北市長蔣萬安拿媒宣費4.2億豢養「藍友友」。不具名藍委反嗆，民進黨自婊的功夫，舉世無雙。最擅長用媒宣費收買網軍、豢養綠友友的，一直都是民進黨，這是舉世公認的鐵事實。國民黨立委翁曉玲提案凍結、並刪減多個部會媒體政策宣導費，甚至公開將相關預算嘲諷為「青鳥飼料」。林楚茵今日表示，翁曉玲口中的「青鳥飼料」全在蔣萬安手上，而且還讓飼料變「廢料」，蔣萬安上任4年媒宣費狂砸4.2億，被抓包觀傳局花大錢買網軍買讚、買留言，竟瞎扯「廣告TA設錯」。請繼續往下閱讀...林楚茵質疑，這筆爛帳是市民買單？還是蔣萬安自掏腰包？統籌分配款能拿來買網軍嗎？既然翁曉玲覺得「媒宣費」是浪費，請用同樣標準要求國民黨北市議員，立刻砍光台北市的媒宣費。不具名藍委則反嗆，民進黨自婊的功夫，舉世無雙。最擅長用媒宣費收買網軍、豢養綠友友的，一直都是民進黨，這是舉世公認的鐵事實。另有藍委表示，議員的天職，本來就是替人民把關預算、撙節公帑、監督行政機關，替每一位納稅人把每一分錢看緊。該檢討的檢討，我們都尊重，也願意接受社會公評。人民要的不是表演，而是把刀口用在真正該用的地方。    ,https://news.ltn.com.tw/news/politics/breakingnews/5558330
蔣萬安用媒宣費養網軍？ 吳思瑤批國民黨就是雙標黨：中央砍好砍滿、地方花好花滿,政治,2026/08/31 18:00,民進黨立委吳思瑤。（資料照）國民黨立委翁曉玲大幅刪凍中央多個部會媒體政策宣導費，甚至將其嘲諷為「青鳥飼料」；然而，民進黨立委林楚茵也質疑，台北市長蔣萬安上任4年媒宣費狂砸4.2億，北市府官方臉書粉專卻爆出印尼網軍爭議。民進黨立委吳思瑤批評，國民黨就是雙標黨，媒宣費國民黨執政的地方政府要花好花滿，民進黨執政的中央政府卻被砍好砍滿。吳思瑤指出，首先應該要問問蔣萬安、桃園市長張善政，他們能接受監督自己的市議會，有翁曉玲這樣報復式、非理性砍預算的代議士嗎？請繼續往下閱讀...「國民黨就是雙標黨！」吳思瑤批判，媒宣費國民黨執政的地方政府要花好花滿，民進黨執政的中央政府卻被砍好砍滿。媒宣費不是政黨議題，是政府施政的需要。不論誰執政，媒宣費都行之有年，都是有理有據；媒宣費對內是宣導政策讓國人知曉施政方向，對外向國際傳達國家正確的聲音。吳思瑤強調，媒宣費的使用必須符合規範也接受監督，北市府爆出媒宣費養網軍，就是不當使用，蔣市府應該公開具體情況，不能隻手遮天，這樣濫用媒宣費，才應該接受被社會公評。    ,https://news.ltn.com.tw/news/politics/breakingnews/5558424
藍白大砍中央文宣費  新北文宣預算藏各局處、刪除比例難算,政治,2026/08/31 17:59,新北市府無明確預算項目叫做「媒體政策及業務宣導費」。（記者黃子暘攝）中央政府總預算案今年遭立法院國民黨、民眾黨團大砍媒體政策及業務宣導費6.84億元，整體刪減率50％；在藍營執政的新北市部分，媒體文宣費並非特定單一項目，分散在各個局處室且預算項目不易辨別，以致刪除比例難以精確統計。新北市府表示，無論政策、業務或活動宣導，均為配合核心計畫執行內容，視實際需求於採購時搭配辦理；另依預算法規定，相關宣導經費應定期於網站上公布並函送議會備查。請繼續往下閱讀...查閱今年度新北市府總預算，可能涉及新聞、宣傳業務項目，包含新聞局編列新聞業務計畫預算共列2775萬5000元，觀光旅遊局「觀光旅遊推展及管理」計畫預算7億8107萬8000元（包含業務費、獎補助費、設備及投資），文化局文教活動計畫預算共列6226萬6000元等，但以上僅是一小部分的預算，並非新北市府整體媒體文宣費用的全貌。    ,https://news.ltn.com.tw/news/politics/breakingnews/5558373
嘉義市議員王浩拚連任 提倡不買票不靠派系,政治,2026/08/31 17:58,嘉市西區議員王浩今天帶著「反賄選」手舉牌完成登記。（王浩提供）2026九合一選舉今天登記首日，尋求連任的無黨籍嘉市西區議員王浩完成登記。對於近來外籍記者點名台灣買票文化盛行，王浩特別帶上「反賄選」手舉牌前往選委會登記現場，宣示強力反對賄選買票的決心，他強調，4年來服務逾2千件陳情案，議會質詢破百次，專職議員職務。王浩說，他作為一位無派系、無家族背景的無黨籍全職議員，4年來全心投入問政與服務，除了解答地方事務，團隊更主動提供夜間免費律師諮詢預約服務。請繼續往下閱讀...王浩表示，競選期間他將延續「不擾民」精神：不舉辦大型造勢活動、不使用電話錄音拜票，而降低宣傳車、旗子與布條的數量，希望讓市民透過單純的政見閱讀與問政表現來做選擇，讓沒有派系勢力的年輕人，也能在對民眾干擾最小的情況下，用誠意贏得支持。王浩指出，嘉市需要的是能真正為民發聲、不依附特定政治勢力派系、服務超越黨派、沒有黨意只聽民意的專業議員；他承諾當選後，將持續秉持監督市政與預算審查等專業問政，讓嘉市更好。    ,https://news.ltn.com.tw/news/politics/breakingnews/5558414
自由說新聞》國民黨「恐丟新北」黃暐瀚兩點神解析！館長開譙藍營背信：乞丐了還在裝逼,政治,2026/08/31 17:49,全新的視界！新聞話題不漏接，快訂閱YouTube 【自由追新聞】，記得開啟小鈴鐺哦！    ,https://news.ltn.com.tw/news/politics/breakingnews/5558436
最強女力相挺 許淑華陪林煒軒登記選嘉義市議員,政治,2026/08/31 17:30,民進黨嘉義市議會黨團總召林煒軒（左）由台北市議員許淑華（右）陪同進行登記。（林煒軒提供）年底地方選舉登記起跑，民進黨嘉義市議會黨團總召林煒軒今天到嘉義市選委會登記爭取連任，台北市高人氣議員許淑華到場以「最強女力」相挺，喊出「好議員，拚連任」，要用4年問政成績，為嘉義市守住青年的關鍵一席。林煒軒表示，4年前他26歲，嘉義市民給年輕人機會，讓他全力為弱勢群體以及城市邊緣議題發聲，希望能回報市民的託付。請繼續往下閱讀...許淑華指出，煒軒和她一樣都是從基層助理做起，擁有中央與地方的完整歷練，4年議員任期，煒軒在地方基層付出，問政有條有理，是熟悉市政的優質議員，值得市民繼續力挺。林煒軒強調，淑華議員問政的專業及服務選民的細膩，是他學習的榜樣，感謝百忙中來站台，是對青年參政最大的肯定；登記完成後，持續展開地毯式家戶拜訪，藉由4年的努力，向市民預約更好的嘉義。    ,https://news.ltn.com.tw/news/politics/breakingnews/5558349
洪和成登記選金門縣長搶頭香  「傾聽金門、做該做的事」為核心主張,政治,2026/08/31 17:18,"金門縣選舉委員會受理金門縣第9屆縣長選舉參選人登記首日，無黨籍洪和成完成登記作業。（記者吳正庭攝）金門縣選舉委員會受理金門縣第9屆縣長選舉參選人登記首日，由無黨籍的洪和成拔得頭籌，他說，如果當選，將以「傾聽金門、做該做的事」作為核心精神，務實解決鄉親長年關切的民生課題。第二度參選縣長的洪和成說，他點出4大民生痛點，也是金門近年面臨多項結構性挑戰，包括「青年就業機會不足」：許多年輕人因在地工作機會有限，被迫離鄉赴台求職，造成家庭團聚不易。「交通運能長期受限」：金門受天候因素影響，候補機位、班機延誤已成為鄉親日常困擾。「重症醫療資源不均」：東西半島醫療量能落差，加上重大疾病仍須後送台灣就醫，對患者與家屬造成沉重負擔。「財政收入來源單一化」：縣庫福利與建設經費長期仰賴縣營金門酒廠挹注，近年業績成長趨緩,財政韌性面臨考驗。請繼續往下閱讀...他說，縣政府應以「解決問題」為本；金門縣政府是解決事情的機構，應該講道理、講法律、講方法，不是比拳頭、比嗓門的地方。唯有「傾聽」，才能真正掌握問題的癥結，進而對症下藥。」他說，未來施政將以「好好聽、好好辦」為原則，針對鄉親反映的個案與地方公共議題，建立更完整的傾聽與回應機制，務實推動問題解決，而非流於口號宣示。洪和成說，他是中國文化大學畢業，本業是電腦工程師，目前是一家民宿主人；他說，金門不缺人才、不缺資源，缺的是願意坐下來把問題聽清楚、辦明白的態度。他以「傾聽金門，做該做的事」作為參選核心主張，籲請鄉親支持。洪和成登記參選金門縣第9屆縣長，他強調以「傾聽金門、做該做的事」為核心主張。（記者吳正庭攝）    ",https://news.ltn.com.tw/news/politics/breakingnews/5558278
生生喝鮮奶3.0、免費營養午餐上路 闕枚莎：堅持守護孩子承諾,政治,2026/08/31 16:59,生生喝鮮奶3.0、免費營養午餐同步上路。「牛奶阿姨」市議員闕枚莎表示，十多年來持續在議會質詢、爭取，看著政策一步一步擴大、讓更多孩子受惠，是她一路堅持最大的意義。（闕枚莎提供）台北市「生生喝鮮奶3.0」今起延伸至國中生，國中小免費營養午餐也同步上路。「牛奶阿姨」市議員闕枚莎表示，十多年來持續在議會質詢、爭取，看著政策一步一步擴大、讓更多孩子受惠，是她一路堅持最大的意義。未來也將持續爭取每週再增1至2瓶，朝「最好讓孩子天天都能喝鮮奶」努力。此外，也要讓學童吃得好、營養且安全，全方位守護他（她）們的健康。闕枚莎指出，從孩子的健康與成長出發，在議會努力爭取十多年，推動生生喝鮮奶1.0至3.0，擴大照顧範圍，讓更多孩子受惠，繼續爭取完整版，希望每週再增1至2瓶，「最好讓孩子天天都能喝鮮奶」，補充鈣質與成長所需營養，「這不只是一瓶鮮奶，更是一份對孩子的承諾。」請繼續往下閱讀...除了鮮奶政策，她也提到，過去多次在議會質詢，要求營養午餐凍漲、提高補助到進一步主張全面免費，如今終於落實，不僅讓孩子能安心享用營養午餐，也實質減輕家長的經濟負擔。「免費是第一步，品質更是關鍵」，讓孩子吃得到，更要吃得好、吃得營養、吃得安全。她說，多年來持續爭取提升校園午餐品質，包括每週1餐有機米、每週3餐有機蔬菜，也推動食農教育及營養午餐比賽，從食材安全、營養均衡到飲食教育，全方位守護孩子的健康。「只要是對孩子好的事，就會一直堅持下去！」    ,https://news.ltn.com.tw/news/politics/breakingnews/5558258
新竹棒球場案不起訴 清大教授酸：高虹安若連任就繼續挖吧,政治,2026/08/31 16:55,新竹市立棒球場案獲不起訴，清大教授黃貞祥認為如果高虹安連任成功，那就繼續挖吧。圖為市長高虹安。（資料照）新竹市立棒球場近日經新竹地檢署偵查終結不起訴及緩起訴，包括前市長林智堅獲不起訴，引發各界評論。清大教授黃貞祥發文提到，有人認為「新竹被耽誤4年」、「黑暗還可能再延長4年」，講得好像選民馬上就要覺醒一樣，但他認為如果高虹安又連任，棒球場就繼續挖吧。他提到，依照目前的新竹市選情，高虹安根本鐵定高票連任，至少從幾份民調來看，竹市選民似乎並沒有普遍覺得自己正在經歷什麼「黑暗4年」。高虹安如果高票連任，就繼續挖啊。請繼續往下閱讀...他說，棒球場都挖這麼久了，大祕寶豈有半途而廢的道理？檢察官查了將近4年，最後林智堅全部不起訴，檢方還查不到不法金流，也沒有查到市府人員與廠商之間的收賄、圖利關係。他表示，司法找不到，不代表大祕寶不存在，也可能只是挖得不夠深。新竹棒球場面積這麼大，這一任沒挖到，下一任繼續挖，必要的話可以成立「新竹市大祕寶地質調查中心」。他最不相信的，就是「4年後真相大白，選民一定會記取教訓」這種浪漫想像。政治從來不是法院不起訴書公布之後，所有選民就會集體坐下來讀4000字，認為自己投錯了那麼簡單。他認為，對相信大祕寶的人而言，林智堅不起訴可以解釋成司法包庇；挖不到外來廢棄物可以解釋成證據早被處理掉；檢方查不到金流，可以說檢調查得不夠徹底。高虹安現在自己也說，「不起訴不代表工程合格」。這句話本身當然沒有錯，工程品質和刑事犯罪本來就是兩回事。問題恰恰在於，4年前的政治敘事可不只是「這個球場工程品質需要改善」，而是大祕寶、廢棄物、弊案、圖利一路往上疊。現在刑事偵查走到這裡，檢方卻認定林智堅等人的相關犯罪嫌疑不足。他認為，如果市民看完這4年的棒球場發展、高虹安市府的處理方式，再看完檢方的不起訴結果，最後還是認為高虹安最適合當市長，那就投吧。民主本來就是這樣。    ,https://news.ltn.com.tw/news/politics/breakingnews/5558271
吳宗憲突現身新北市議會 喊基北北桃合作平台升級「北北基桃＋1」,政治,2026/08/31 16:54,新北市議會今（31）日起舉行第四屆最後一次總質詢，國民黨籍宜蘭縣長參選人吳宗憲曾任新北市府法制局長，今日意外現身新北市議會「回娘家」。（記者黃子暘攝）年底九合一選舉持續倒數，新北市議會今（31）日起舉行第四屆最後一次總質詢，國民黨籍宜蘭縣長參選人吳宗憲曾任新北市府法制局長，今日意外現身新北市議會「回娘家」，與市議會國民黨團會談，並與新北市長侯友宜、議長蔣根煌、國民黨團合照。蔣根煌、市議會國民黨團書記長陳儀君指出，年底除支持新北市長參選人李四川，也力挺吳宗憲將「基北北桃合作交流平台」升級為「北北基桃＋1」，強化北台灣區域治理，深化交通、產業、人才、觀光、防災及醫療合作。陳儀君表示，吳宗憲和國民黨新北市長參選人李四川都是市府歷練出來的人才，一位具有完整工程建設與城市治理經驗，一位歷經檢察官、法制局長及立委經驗；吳宗憲擔任法制局長近4年期間，負責法制及跨局處協調，質詢過他的人，最清楚吳宗憲的專業度、行動力與執行力，認為吳宗憲經過實戰歷練，早已具備擔任行政首長所需的整合與執行能力。請繼續往下閱讀...國民黨黨團政策智庫總召集人黃心華指出，「北北基桃合作交流平台」於2023年成立，首年即累積103項合作案，其中33案完成、70案持續推動；跨縣市合作最困難的就是不同縣市自治條例、行政規則及中央法令如何協調並執行，吳宗憲就是此平台重要的法制整合與跨域協調推手之一，具體成果包括TPASS基北北桃1200都會通、四市青創空間共享、跨域災害通報與救援、都市更新及文化觀光串聯等。吳宗憲表示，今年3月初拜會侯友宜已獲侯友宜支持，回到新北市議會非常感動，他曾實際參與跨縣市治理，因此從選戰初期便提出「北北基桃＋1」，讓宜蘭加入北台灣區域聯合治理，盼從產業鏈、青年人才、觀光行銷、醫療長照、防災到公共運輸建立長期合作機制，尤其高鐵延伸宜蘭後，更要提前做好產業與人才布局，把交通帶來的人流轉化為產業、就業與觀光機會。    ,https://news.ltn.com.tw/news/politics/breakingnews/5558246
侯友宜提李四川接棒影響尊侯牌？蘇巧慧：10年來新北建設確有成長 進步非常多,政治,2026/08/31 16:52,民進黨新北市長參選人蘇巧慧表示，10年來在中央和市長侯友宜領導的新北市府團隊一起努力下，新北確實建設有成長、進步非常多。（記者翁聿煌攝）民進黨新北市長參選人蘇巧慧31日參加板橋江寧市場中元普度時，被媒體問到新北市長侯友宜明確喊話接棒的人就是對手李四川，兩人三天兩度合體，會不會影響蘇巧慧打「尊侯牌」，影響選情？蘇巧慧表示，她10年來在新北服務的態度都一樣，只要是為了地方好，不分黨派一起來努力，10年中央和侯友宜領導的新北市府團隊一起努力下，新北確實建設有成長、進步非常多。蘇巧慧說，未來她會繼續用她的執行力，讓新北的硬體建設持續進步，同時也會用她的創造力，在新北讓29區的特色都能夠被看到，讓29區都能展現不同的風景，29區就可以變成一顆顆繁星，最終讓新北「衛星變繁星，新北亮晶晶」，希望新北新時代趕快來。請繼續往下閱讀...媒體也問蘇巧慧，外界有評論認為「雙北洋流慧聚」正面效應是越來越高，31日已有很多議員登記參選，蘇巧慧計畫什麼時候登記？蘇巧慧表示，她打算週三登記，今天辦公室同仁很多有小一新生要開學，應該是要保留給同仁們，讓他們帶著孩子去開學，所以選擇再過兩天，週三上午和36位市議員參選人一起前往登記。    ,https://news.ltn.com.tw/news/politics/breakingnews/5558308
張以理、張耀中穿超人裝登記選議員,政治,2026/08/31 16:48,出身高市府團隊的張以理（左起）、張耀中，今天穿上超人外套前往高市選委會完成登記。（記者王榮祥翻攝）「前老闆」高雄市長陳其邁今在市議會備詢，出身高市府團隊的張以理、張耀中，今天穿上超人外套前往高市選委會完成登記，參選下屆高市議員。高雄市左營楠梓區市議員候選人張以理曾任青年局長、林園大寮區市議員參選人張耀中曾是陳其邁隨行秘書，兩個陳其邁的子弟兵在「前老闆」在議會忙碌時，一同前往高雄市選委會登記參選市議員。請繼續往下閱讀...兩位都是民進黨提名、在兩選區都是最年輕候選人，選在陳其邁市政團隊最後一次施政報告同時到選委會登記，也象徵延續陳其邁市政年輕化的目標。張以理在陳其邁小內閣擔任青年局長近5年，橫跨兩屆、悉市政更被陳其邁稱為市府的點子王，曾獲德國紅點設計獎，是少見的設計專業從政者，局長任內打造高雄的戶政結婚背板，也將青年失業率從六都最高改善到六都最低，是陳其邁得力的市政幫手。張耀中曾任陳其邁隨行秘書長達7年，從行政院到高雄市政府，一路跟著陳其邁走遍高雄38區，在市政第一線累積扎實歷練；張耀中表示，希望把7年所學帶回大寮、林園，延續「緊緊緊」的做事精神，爭取進入議會、為地方拚建設，也盼鄉親給年輕人一個機會。張以理、張耀中兩位陳其邁的子弟兵今天穿上印有「邁」字的超人盾型圖案服裝，象徵傳承陳其邁緊緊緊的超人市政達人，前進議會，延續市政，為民服務。    ,https://news.ltn.com.tw/news/politics/breakingnews/5558275
蘇巧慧：會用贏得新北市長選舉 當成蔡英文最好的生日禮物,政治,2026/08/31 16:45,民進黨新北市長參選人蘇巧慧表示，會用贏得新北市長選舉，當成前總統蔡英文最好的生日禮物。（記者翁聿煌攝）民進黨新北市長參選人蘇巧慧31日參加板橋區江寧市場中元普度受訪時指出，她9月5日將成立競選總部，感謝小英前總統、賴清德總統和高雄市長陳其邁一起來幫她加持。蘇巧慧表示，小英總統這次擔任她的競選總部主委，相信讓新北進入新時代，蘇巧慧帶領的新時代，會是給蔡總統最好的生日禮物，「跟主任委員報告，我們會贏！」。蘇巧慧表示，蔡英文8月31日70歲生日，她剛剛在行程空檔有看到照片，小英總統看起來也太開心了，她在脆上面的發文，6小時有10幾萬人，大家都給小英獻上祝福，可見得小英總統真的有非常非常高的人氣，大家期待小英總統能繼續這樣開開心心、快快樂樂，大家都祝福她生日快樂。    ,https://news.ltn.com.tw/news/politics/breakingnews/5558326
外甥疑因砸車糾紛遭凌虐致死 南投議長何勝豐：與選舉無關,政治,2026/08/31 16:43,南投縣議會議長何勝豐已完成縣議員選舉登記，他說，外甥之死與選舉無關。（資料照）南投縣議會議長何勝豐的莊姓外甥，疑遭某店家部屬擄走凌虐致死，地方議論紛紛，其中有人猜測與議員甚至議長選舉有關；已完成縣議員參選登記的何勝豐說，聽說是某店家老闆座車被砸懷疑與外甥有關而擄人，此案與他的選舉無關，況且若因選舉意圖警告恐嚇，直接找他就好，他也不怕恐嚇威脅。何勝豐指出，莊男是姨外甥，雖是親戚，但對其個性、生活並不是很了解，其被擄走毆打致死，聽到的訊息是有店家老闆的座車被砸，該店家懷疑與外甥有關，店老闆部屬才會擄走人，而自己並不認識涉嫌的那群人。該案就讓司法進行調查，勿枉勿縱，還給外甥及其家人一個公道。請繼續往下閱讀...何勝豐說，外傳外甥之死與他的選舉有關，有人要藉此舉警告他，但這是錯誤的傳聞，因為若要恐嚇警告就會直接找他，況且大家也都知道他的個性，並不怕惡勢力，不怕恐嚇威脅。已連任4屆南投縣議會議長的何勝豐，今天上午已完成南投縣議員參選登記，他說，先請竹鹿地區的選民支持他，讓他當選議員繼續為地方服務，若能當選議員，再努力爭取連任議長，有議員認同他就會支持，若有其他人要角逐議長，大家就自由競爭。    ,https://news.ltn.com.tw/news/politics/breakingnews/5558325
藍營議員問2028選總統、副手選誰？陳其邁秒答：不會參選 支持賴清德總統,政治,2026/08/31 16:40,國民黨高雄市議員陳美雅（右）今詢問2028選總統時誰是副手？市長陳其邁（左）秒答，他不會參選、會支持賴清德總統。（記者王榮祥翻攝）國民黨高市議員陳美雅今質詢時，先稱讚市長陳其邁政績，接著突襲提問2028參選總統時、副手會選誰？陳其邁秒答「我（2028）不會參選，我會支持賴清德總統」。陳美雅質詢市長時，提及這些年來她為選區爭取的建設，包括學校、停車場、特色公園、智慧圖書館等，感謝市長陳其邁與市府團隊的協助，提升地方生活品質。請繼續往下閱讀...陳美雅細數政績後，也讚許陳其邁市政滿意度高，外界普遍看好能更上層樓，接著突襲提問2028如果選總統、副手會選誰？陳其邁秒回應「我（2028）不會參選，我會支持賴清德總統」，他同時感謝陳美雅議員這些年的支持，祝福她高票當選，陳美雅帶著笑容、合掌向陳其邁致謝。    ,https://news.ltn.com.tw/news/politics/breakingnews/5558318
獨家》索賄案後人生轉彎  林益世傳從醫拚第二人生,政治,2026/08/31 16:38,林益世索賄案後人生轉彎，傳棄政從醫拚第二人生。（資料照）前國民黨籍立委林益世因索賄醜聞，讓他斷送政治前途，北醫牙醫系畢業的林益世，入獄服刑時重拾牙醫書籍，衛福部醫事查詢系統赫見牙醫師執登有「林益世」名字，經記者查詢，業界確認前立委林益世考取牙醫師，但還須在醫療院所訓練執業2年才可開業。據了解，林益世目前在大寮區某牙醫診所協助診療，他是高雄市茄萣區人，是高雄地方派系紅派大老林仙保之子，1998年自台北醫學院牙醫系畢業，當時全班50個人，只有他和另一位同學沒考上牙醫師執照，他加入國民黨後獲當時的黨主席馬英九提拔，直到29歲時進入國會，連任四屆立法委員，38歲就當上國民黨副主席，後來更擔任行政院秘書長。請繼續往下閱讀...不過，林益世因索賄遭判刑斷送了政治前途，看守所及入監服刑時，傳出他重拾牙醫相關書籍，有意往拚考牙醫師。林益世因公務員財產來源不明罪遭判2年確定，於2020年4月假釋出獄；其餘案件仍在審理中。據了解，林益世於畢業後1年內曾在牙科診所實習，邊見習邊考執照，見習的1年後還是棄醫從政，當時政界就推測林被迫離開政壇後，會拚回牙醫界，也如願考取執業證照，他的親友也保持低調。已有民眾聲稱與家人到牙科診所看診時，看到林益世。林益世登錄在衛福部醫事查詢系統「牙醫師」執照登錄系統。（取自衛福部官網）    ,https://news.ltn.com.tw/news/politics/breakingnews/5558255
連江縣長登記首日王忠銘搶頭香 曹爾元9月2日登記,政治,2026/08/31 16:38,連江縣長王忠銘今天（31日）在夫人陪同下，前往連江縣選委會登記。（國民黨連江縣黨部提供）今天（31日）是九合一地方公職人員選舉候選人登記首日，連江縣長王忠銘在太太陪同下，前往連江縣選舉委員會完成縣長參選登記，正式投入第9屆連江縣長選舉。另一位有意角逐連江縣長的無黨籍參選人曹爾元則將在9月2日（週三）登記參選。王忠銘表示，4年前，他懷抱著對家鄉的責任與使命，決定投入縣政工作，承擔鄉親所託，4年走來，無論面對多少挑戰與困難，這份對馬祖土地的感情與初心始終沒有改變。如今再次站在選舉登記的起點，是對過去4年工作的回顧，也是對未來責任的再次承擔。請繼續往下閱讀...王忠銘指出，馬祖是自己成長的家鄉，從小在這片土地生活、長大，也深刻感受到離島發展所面臨的限制與挑戰，能夠有機會為養育自己的土地奉獻、為鄉親服務，是人生最光榮的使命。四年前鄉親把信任交到自己手中，這份信任從來不是一張選票而已，而是一份沉甸甸的責任，始終放在心上，不敢忘記，更不敢辜負。王忠銘說，中國國民黨於7月22日召開中常會通過徵召案，並在7月25日第22屆第2次全國代表大會中，接受縣市長提名。他也在今日完成參選登記，感謝黨中央及地方黨員，以及所有支持並鼓勵他的鄉親朋友們。王忠銘表示，過去4年，縣府團隊一步一腳印，從交通、教育、醫療、長照、觀光、文化到基礎建設，都希望在有限的資源下，替馬祖找出最適合自己的發展道路。許多工作不可能一蹴可幾，有些建設需要多年規劃，有些政策更需要持續累積，但只要是對馬祖有益、對下一代有幫助的事情，就值得一步一步往前走。連江縣長王忠銘今天（31日）在夫人陪同下，前往連江縣選委會登記。（國民黨連江縣黨部提供）    ,https://news.ltn.com.tw/news/politics/breakingnews/5558228
竹縣藍營陣前換將！新埔議員范曰富放棄連任 新生代黃路加接棒,政治,2026/08/31 16:37,新竹縣議員范曰富今年6月初接受國民黨提名拚連任後就傳出倦勤，近日確定交棒新人，不再參選。（記者黃美珠攝）今天開始年底大選開始受理登記，國民黨新竹縣黨部今年6月初，原本在第6選區（新埔）提名老將范曰富連任，但是稍後就有耳語指范曰富倦勤，近日真的決定放棄連任不參選了，縣黨部今天下午正式對外宣布，徵召73年次的新人黃路加接棒在新埔選區參選縣議員。縣黨部主委楊文科說，范曰富因個人生涯規劃，確定不再爭取連任，綜合考量地方布局、人才條件及選區發展需求後，將徵召民國73年次黨員黃路加接棒范曰富，代表藍營在新埔守住一席議員。請繼續往下閱讀...楊文科表示，黃路加本身是國民黨員，勤走基層已有段時間，即便之前並未獲得黨內提名，但仍持續參與地方活動、關注公共議題。所以因應范曰富不再參選，縣黨部評估新埔的選區布局後，決定徵召黃路加投入選戰，盼在既有地方服務基礎上，加入不同世代及不同專業背景的公共參與力量。楊文科指出，黃路加長期在新埔生活及工作，從求學、音樂、傳播、公關創業到房地產服務業，人生歷練相當多元。徵召他不僅著眼於世代接棒，更希望讓具有民間產業經驗及第一線服務歷練的人才投入地方公共事務。黃路加本身是天主教徒，其父黃培聲曾任天主教會所辦的內思高工代理校長，名字「路加」出自新約聖經4大福音書中的路加福音，他年輕雖然在外學習和遊歷，但後來依舊返回新埔落腳定居，他把新埔發展議題整理為「幼、居、文、通、康」五大面向，希望從不同年齡層的實際生活需求出發。新竹縣新埔政壇新人黃路加將接受國民黨徵召選議員，取代老將范曰富。（記者黃美珠攝）    ,https://news.ltn.com.tw/news/politics/breakingnews/5558314
中市議員選舉登記首日   國民黨8新生代議員扮百工百業要為民喉舌,政治,2026/08/31 16:33,國民黨台中市8位新生代議員扮演百工百業，集體前往中市選委會聯合登記參選。（記者蘇金鳳攝）今天九合一選舉登記首日，國民黨中市新生代市議員「新議政聯盟」8位議員前往市選委會豐樂公園綜合活動中心聯合登記，8人扮演百工百業人物，有醫生、廚師、勞工等，強調要為民喉舌。市議員黃佳恬、賴順仁、陳文政、邱愛珊、張彥彤、吳呈賢、吳建德、楊大鋐8位國民黨新生代「新議政聯盟」市議員，今天聯合登記，為凸顯重視民意，8人各自扮演百工百業民眾。請繼續往下閱讀...賴順仁扮演醫生、陳文政扮演勞工還手拿「阿比啊」、張彥彤扮清潔隊員、邱愛珊扮成菜販、黃佳恬扮夜市攤商、吳呈賢是農夫、楊大鋐是廚師，吳建德則是原住民。8位議員強調，選舉不是喊口號，而是讓選民檢驗議員過去做了什麼。這一屆任期中，8人從地方服務出發，將基層聲音帶進議會，也透過團隊合作提升監督市政的力量，爭取「繼續做、繼續拚」的機會。    ,https://news.ltn.com.tw/news/politics/breakingnews/5558288
中央興建社宅新北恐少1.3萬戶 侯友宜：盡最大能力繼續蓋,政治,2026/08/31 16:32,面對中央興建社宅，新北可能從5.2萬戶變成3.9萬戶，新北市長侯友宜（左）回應，新北一定會盡最大能力繼續蓋。（記者黃政嘉攝）國民黨新北市黨團今在議會進行總質詢，面對中央興建社宅，新北可能從5.2萬戶變成3.9萬戶，少1.3萬，新北市長侯友宜回應，新北一定會盡最大能力繼續蓋，對於市議員江怡臻提起民進黨新北市長參選人蘇巧慧在2023年曾酸當時競選總統的侯友宜回應如「GPT」，侯回應「我們不是用嘴巴在講的」，是認真打拼，剩下任期，他一定全力以做事，不忘初心。市議員呂家愷表示，大家關心的社宅議題，中央原本承諾要在新北蓋5萬餘戶，結果現在改成1.3萬戶，新北有什麼反制作為？以及如何跟中央喊話？請繼續往下閱讀...侯友宜回應，因為現在中央政策對興建社宅的整個方向做調整，算一算新北大概少1.3萬戶的社會住宅嘛，當時中央有這樣承諾，那變成對我們弱勢族群、青年朋友的照顧，還是需要中央回到原有既有的規劃。呂家愷追問，如果中央真的不補新北這1.3萬戶，新北有沒有機會自己來做？侯友宜回應，新北一定會盡最大能力繼續蓋，就像塭仔圳喊5%就是5%（塭仔圳重劃區的5%土地蓋社宅），「該蓋我們就是會去蓋」。江怡臻表示，當中央砍社宅數量時，她認為，新北市12位立委都應該盡到自己的職責向中央積極爭取，回顧前行政院長蘇貞昌2023年曾批評侯友宜沒有出席過任何中央在新北的社宅開工，結果新北市府出示相關開工照片、新聞稿等證據，後來蘇巧慧卻酸侯友宜是「侯侯GPT」，難怪民調第三，同樣是回顧，市長認同蘇巧慧那時候說的話？侯友宜回應，「我們不是用嘴巴在講的，我們是認真打拼，把事情做出來最重要」，所以絕對繼續是好好做事情、認真打拼，長期來看，就會看到一個成果出來，能中央跟地方共同努力的，就全力以赴。他表示，至今他總共做了50年的公務體系，職位上，能為市民朋友做到更好，一定努力到最後一刻，剩下100多天任期，他一定全力以赴，做了50年，態度永遠不變，永遠不忘初心，努力做事。呂家愷（左）關心中央在新北興建社宅議題。（記者黃政嘉攝）    ,https://news.ltn.com.tw/news/politics/breakingnews/5558231
外籍記者點名彰化國民黨派系備現金買票 藍營議員不忍全說了,政治,2026/08/31 16:31,國民黨彰化縣議員曹嘉豪認為買票就是違法，該查就查，該辦就辦。（彰化縣議會提供）針對美籍記者石東文曝親身經歷，曾經看過彰化縣國民黨派系準備大量現金預備買票之用一事，國民黨彰化縣議員曹嘉豪表示，他認為買票就是違法，該查就查，該辦就辦，但不應該拿多年前的個案，來影射國民黨所有政治人物，這樣一點都不公平。曹嘉豪強調，他認為選舉可以競爭，但要合法，他也支持檢警認真查賄，也希望所有候選人都可以遵守法律，不要買票，不要賄選，靠政績、靠服務來爭取選民的認同。請繼續往下閱讀...但曹嘉豪指出，無論是國民黨或是民進黨，只要涉及賄選，都要依法處理。但用多年前的個案來影射或是套在所有國民黨政治人物，這並不公平。因為台灣選舉制度都在進步，現在查賄機制與選舉環境都跟以前不一樣，他認為參選就是要合法競爭，也支持檢警認真查賄。    ,https://news.ltn.com.tw/news/politics/breakingnews/5558290
誕生不到滿月！總統級網路迷因「香菇小英」人氣飆破2400萬,政治,2026/08/31 16:27,今年8月4日才誕生的前總統蔡英文迷因哏圖。（「Kanaの烘焙小廚房」授權提供、圖擷取自@tsai_ingwen IG，本報合成）台灣前總統兼「迷因製造機」蔡英文今天（31日）迎接70歲生日，許多網友紛紛湧入她的社群，分享各種與她有關的爆笑迷因祝福。其中，有不少網友分享今年8月初才誕生的「香菇小英」，這個哏最初只是民眾分享的創意料理，結果意外在網上爆紅，甚至引起本尊關注，相關圖文影音瀏覽總數迄今已超過2400萬。今年8月4日，美食部落客「Kanaの烘焙小廚房」透過IG、Threads以及臉書粉專分享挑戰製作「香菇小狗/菇狗」料理，卻誤打誤撞，製作出外型神似蔡英文的「香菇小英」。事後這段趣味影片被一票網友分享至Threads瘋傳，意外吸引到蔡英文本尊觀看，甚至留下自己的迷因圖之一「圈起來打一個問號」來吐槽；直到18日，蔡英文以「香菇小英」圖片回覆網友貼文，才讓這個哏正式成為總統級迷因。請繼續往下閱讀...值得注意的是，不只網友玩瘋「香菇小英」，副總統蕭美琴、民進黨宜蘭縣長參選人林國漳也在七夕當天（19日）分享她們在靈芝背後繪畫的成果，其中林國漳親繪的「小英臉」模樣慘遭本尊與全網無情吐槽；21日，網友分享自己製作不太完美的實體「香菇小英」，本尊再度祭出經典迷因圖「試握XT112戰鬥步槍」回應，又在隔天（19日）發起「第一屆小英菇雕刻大賽」，讓此哏流傳範圍持續擴散。「英菇雕刻大賽」吸引各方人士踴躍參加，蔡英文在23日列出她認為「菇job！」與「期待你們持續發揮在『其他領域』的影響力與創造力」的參賽作品，笑說自己很榮幸能成為大家的快樂泉源，也謝謝自由的台灣，讓「玩總統」能夠成為大家的日常。25日，有網友將北市文山區木柵公園旁公共藝術候車亭《叢生浮嶼》外觀惡搞成「香菇小英」，對比畫面笑瘋全網，讓本尊則對此哭笑不得。昨（30日）晚間，蔡英文分享一段與髮型有關的趣味短影片，內容為她在某次演講現場看到民眾攜帶的小英娃娃，其外型讓她想起自己曾向髮型設計師反應，她實在不想再被剪蘑菇頭，對方聽完後，信誓旦旦向她保證會改，然而最後剪出來的髮型，仍是被旁人調侃是萬年不變的蘑菇頭，影片下方還穿插大量「香菇小英」圖來對比。畫面曝光後，大批網友在留言區再次熱烈討論起「香菇小英」。此外，從8月4日至31日，誕生尚未滿1個月、各年齡層網友都在瘋玩的網路迷因「香菇小英」，據社群網路平台公開的圖文影音瀏覽次數，合計後突破2400萬以上，不僅高於台灣目前總人口數（約2300萬左右），還超過了蔡英文2012至2020年，參加3屆總統大選的總得票數（2115萬8553票），超高人氣可見一斑。蔡英文執政期間，對於大眾以她為主題創作的「惡搞」，無論好壞都抱持相當寬容的態度，並幽默表示不介意大家「玩總統」，認為民主與自由，是台灣文化創意最重要的土壤。不僅如此，蔡英文也樂於透過社群媒體分享國政、參訪行程等消息，卸任後更是成為「海巡活網仔」，頻繁在社群與台灣、世界各國網友交流互動，進而促使與她有關、可使用在任何場合的經典迷因哏不斷誕生。相關新聞請見：蔡英文辦「小英菇大賽」成果出爐 總統級打槍全網笑翻林國漳竟讓蔡英文「一言難盡」 促成第一屆小英菇雕刻大賽總統級玩哏！香菇小英釣出本尊「圈起來打一個問號」 笑翻全網小英菇雕刻賽開催！蘇巧慧邀9/5競總成立來看小英 蔡易餘喊刻他很簡單     在 Threads 查看        在 Instagram 查看這則貼文            Kana Chiu（@kana_chiu）分享的貼文Kana Chiu（@kana_chiu）分享的貼文     在 Threads 查看     在 Threads 查看        在 Instagram 查看這則貼文            蕭美琴 Bikhim Hsiao（@bikhimhsiao）分享的貼文蕭美琴 Bikhim Hsiao（@bikhimhsiao）分享的貼文     在 Threads 查看     在 Threads 查看     在 Threads 查看     在 Threads 查看     在 Threads 查看     在 Threads 查看        在 Instagram 查看這則貼文            蔡英文（@tsai_ingwen）分享的貼文蔡英文（@tsai_ingwen）分享的貼文     在 Threads 查看    ,https://news.ltn.com.tw/news/politics/breakingnews/5557837
超萌！林國漳競選聘書封面 出自10歲男童之手,政治,2026/08/31 16:26,林國漳競選聘書封面出自10歲男童創作，充滿童趣及純真創意。（圖由林國漳競辦提供）民進黨宜蘭縣長參選人林國漳預計9月2日辦理參選登記，競總發給競選與後援會幹部的聘書封面，跳脫傳統制式設計，由宜蘭市育才國小10歲邱姓男童的手繪宜蘭地圖中選，作品勾勒出宜蘭地理特色與產業風貌，充滿童趣及純真創意，為激烈選戰增添溫馨氛圍。林國漳競辦今天（31日）指出，邱小弟弟日前受邀與林國漳相見歡，童言童語地介紹自己得意作品，指著地圖上的頭城說，「這裡很靠海，感覺很賺錢」，並點出三星鄉的象徵是三星蔥。聽著孩子充滿想像力的分享，林國漳全程帶著溫暖笑容傾聽，頻頻稱讚孩子觀察入微。請繼續往下閱讀...為了感謝這份充滿活力的畫作，林國漳準備專屬聘書並親筆簽名，聘邱小弟弟擔任競選團隊的「首席小小設計師」，兩人開心合影留念，林國漳感性表示，這不僅是選戰中最萌聘書，更蘊含著對家鄉未來的深刻期許。林國漳說，孩子視角總能看見大人忽略的美好，他期待為孩子打造一個可以盡情發揮創意、勇敢實踐夢想的宜蘭，聘書封面勾勒的藍圖，也會時時刻刻提醒他牢記參選初衷。林國漳（左）頒發聘書，聘邱小弟弟擔任競選團隊的「首席小小設計師」。（圖由林國漳競辦提供）    ,https://news.ltn.com.tw/news/politics/breakingnews/5558227
新北議會國民黨團挺李四川 齊呼「侯侯做代誌延續8年」,政治,2026/08/31 16:24,藍營議員拿出手板與侯友宜合照，高呼口號「延續八年，侯侯做代誌」。（記者黃子暘攝）新北市長選戰持續攻防，今（31）日新北市議會開始第4屆最後一次定期會，市長侯友宜赴議會接受總質詢。國民黨籍市議員陳儀君詢問，侯友宜支持哪一位市長參選人來接棒？侯友宜說，他支持會做事、能做事，且有經驗，並且過往成績得到大家肯定的人。陳儀君接著邀請黨團議員一起為國民黨籍新北市長參選人李四川加油。藍營議員拿出手板與侯友宜合照，高呼口號「延續8年，侯侯做代誌」。總質詢開始前，國民黨籍宜蘭縣長參選人吳宗憲「回娘家」現身議會，與侯友宜、議長蔣根煌與國民黨團熱情招呼、合照。請繼續往下閱讀...陳儀君在質詢中表示，新北、台北今年有許多相似的政策上路，諸如鮮奶週、免費營養午餐等，但中央卻在統籌分配稅款上把新北變成二等公民，讓新北人均預算只有台北的一半，許多公共服務需要市府自籌財源，就連軌道建設也被扣補助；話鋒一轉，她詢問，新北未來是否有政策與宜蘭相關？侯友宜指出，當然有，宜蘭、新北距離不遠，希望變成一個跨區域生活圈；各縣市發展狀況與需求不同，資源分配上要讓大家清楚知道怎樣分配比較合理，新北人口多、幅員遼闊，又在公設高峰期，仰賴中央補助款到位，新北要在有限資源下開源節流。陳儀君接著問，侯友宜最希望誰來接棒？侯友宜馬上回應，他支持會做事、能做事，且有經驗，並且過往成績得到大家肯定的人。    ,https://news.ltn.com.tw/news/politics/breakingnews/5558202
20歲首投族將為何欣純領表 「青純力應援團」交付台中市長重任,政治,2026/08/31 16:15,由年底選舉首投族組成的「青純力應援團」9/2將為民進黨台中市長參選人何欣純（中）領取九合一市長選舉登記表。（記者黃旭磊攝）東海大學李同學等多名首投族，與民進黨台中市長參選人何欣純合組「青純力應援團」，應援團預計2日週三，至南屯為何欣純領取九合一市長選舉登記表，期待何當選後打造實驗教育園區、支持多元實驗教育。何欣純說，謝謝學生幫忙領表，持續深入29區傾聽市民朋友意見，團結勝選創造台中願景。「衝刺拚勝選，青純來應援」！青純力應援團今天上午在何欣純市政辦公室成立，梧棲區陳同學及東海大學李同學等多人參與，多人年滿20歲預計在年底11月28日首投市長票。陳同學說，台中有超過28個實驗教育機構，盧市府沒落實推行實驗教育，李同學認為外埔區少建設，期待何欣純當選帶來改變。請繼續往下閱讀...何欣純說，台中有超過1/4人口在40歲以下，當選市長一定會成立「青年局」，打造舞台為年輕人圓夢，也會成立「山海屯城青創基地/創客中心」，提供共享辦公、創業育成交流空間，也會成立「AI創新人才研習所」，打造AI協作與數位技能培訓基地。    ,https://news.ltn.com.tw/news/politics/breakingnews/5558256
特權？ 蔣得立休學赴美加交換 律師揭「僅25名額」酸：我爸萬安,政治,2026/08/31 15:55,台北市長蔣萬安（中）與大兒子蔣得立（右）。（資料照）台北市長蔣萬安的大兒子蔣得立考上建國中學後，將休學一年赴美加擔任交換學生，蔣萬安今日證實並表達夫妻倆全力支持。然而，律師林智群指出，蔣得立是透過台北市教育局僅有25個名額的「國際交換生」公家計畫出國，引發外界質疑市長之子「佔用市府公共資源、與一般民眾搶名額」，掀起輿論熱議。蔣得立今年從師大附中國中部畢業，並從父親蔣萬安手中領到「傑出表現市長獎」；今日正逢開學日，日前卻傳出他已自建中休學一年準備赴美留學。事實上，台北市教育局今年7月中旬舉辦「115學年度高中職學生啟程美加交換學習」行前交流會時，名單中便赫見蔣得立的身影。請繼續往下閱讀...對此，律師林智群在臉書發文質疑，台北市政府教育局舉辦的「國際交換生」計畫，甄選過程採「書面審查」和「英語面談」兩階段，正取名額僅有珍貴的25名，「然後看到奇怪的名字」。林智群直言，蔣萬安若自掏腰包讓小孩出國，外界完全無從置喙；但若動用的是台北市政府的公共資源，自然必須接受社會公評。以他們家的經濟情況，實在不用跑來跟大家搶名額。他更反諷指出，換作是高雄市政府的計畫由陳其邁的兒子獲選，藍白陣營與媒體不知會如何嚴厲抨擊，大酸「我爸萬安，政治人物的小孩什麼都比較會」。貼文曝光後引發熱議，網友紛紛留言狠酸「現在連出國唸書都不用花自己的錢，有市長爸爸真好」、「英語是面談，也是演蔣」、「如果陳其邁的兒子，陳其邁已經退出政壇」、「整個學校就他最有資格？」、「他們家很會！特權最會！」、「選舉補助款放自己口袋，兒子用政府資源出國也不意外了」、「他們當初怎麼說徐佳青的兒子？」、「將來也是有機會體檢沒過不必當兵嗎？」、「有錢權貴的小孩總是領先別人看不到盡頭的一步」。    ,https://news.ltn.com.tw/news/politics/breakingnews/5558169
張善政明委託總部主委登記 黃世杰後天親自登記發表公開信,政治,2026/08/31 15:49,國民黨桃園市長張善政。（記者李容萍攝）2026九合一選舉今起（8月31日）至9月4日受理參選人登記，尋求連任的國民黨桃園市長張善政幕僚今日透露，9月1日上午10點將由張善政競選總部主委黃敏恭及立法委員涂權吉代表辦理桃園市長參選登記；民進黨桃園市長參選人黃世杰預計9月2日上午10點前往桃園市選舉委員會登記，並發表「桃園13區的這一封信─把桃園的期待交給世杰」。為何沒有親自到場登記參選？張善政幕僚說明，張市長以市政為優先，登記參選是單純的選舉程序，由競選團隊代為處理即可，他本人會盡可能把時間留給市政，不會讓選舉影響市政。競總主委黃敏恭曾任桃園縣副縣長、代理縣長，是桃園藍營的重要福將，在張善政本屆市長選舉競選期間，擔任市黨部主委，是選戰重要操盤手之一，黃敏恭有「輔選零敗績」紀錄，尤其近年擔任市黨部主委期間，成功輔選張善政、6名藍營立委當選，也讓大罷免全軍覆沒。至於陪同的立委涂權吉於2022年本屆立委選舉，以1千多票之差擊敗當時現任的黃世杰。請繼續往下閱讀...黃世杰競選辦公室發言人黃宣尹則表示，黃世杰將於9月2日上午10點前往選委會登記參選桃園市長。當天會由競選幹部與桃園隊議員、議員參選人陪同；黃世杰除發表參選談話、提出新一波政見外，競選辦公室也規劃黃世杰與議員合體橋段，傾聽13個行政區的訴求；登記活動結束後，則會開啟車隊掃街，展現行動力，凸顯新市長讓心桃園重新動起來的決心。民進黨桃園市長參選人黃世杰。（記者李容萍攝）2026九合一選舉8月31日起至9月4日受理參選人登記。（記者李容萍攝）    ,https://news.ltn.com.tw/news/politics/breakingnews/5558158
黃國昌爆藍委願助選 邱臣遠：朋友要多、敵人少,政治,2026/08/31 15:45,邱臣遠（中）表示，確實收到過去立法院同事與跨黨派好友的關心，「選舉就是朋友要多、敵人要少」。（記者廖雪茹攝）民眾黨提名的新竹縣竹北市長參選人邱臣遠今天下午領表，針對民眾黨主席黃國昌爆料「多位國民黨立委致電表達願為邱站台」一事，邱臣遠回應證實，確實收到過去立法院同事與跨黨派好友的關心，「選舉就是朋友要多、敵人要少」，只要理念相同，歡迎任何陣營的朋友來為他加油。邱臣遠今下午1點半在競選總幹事翟本喬、市民代表第一選區參選人林瑞德、第二選區參選人劉文軒及競選團隊陪同下，領取候選人登記表件。面對近來外界高度關注的選情與在野整合議題，邱臣遠以「心情平靜、豁然開朗」形容當下的心境，強調將秉持「莫忘初衷、盡力而為」的態度，一步一步扎實深耕基層，全力爭取竹北市民的認同。請繼續往下閱讀...談及各界關心與政局變化，邱臣遠表示，由衷感謝所有關心這場選舉的各陣營朋友，「選舉就是朋友要多、敵人要少」，他確實收到了許多過去立法院同事與跨黨派好友的溫暖打氣。他坦言，這段時間以來「如人飲水、冷暖自知」，既然局勢發展到這個地步，團隊就是昂首闊步向前邁進，只要認同理念、願意支持邱臣遠的朋友，都歡迎一起來加油打氣。邱臣遠強調，一直以來民眾黨與他個人的態度都高度一致，就是秉持最大的誠意、努力到最後一刻。從今日按照既定時程完成領表即可看出，團隊任何事情都是按照自己的節奏與步調一步一步穩健邁進。接下來，他會持續用扎實的政見與治理經驗走遍竹北每一個角落，用行動向22萬竹北市民證明專業與決心。針對竹北市長藍白合瀕臨破局，民眾黨主席黃國昌今天表示，國民黨片面不遵守承諾，民眾黨感到遺憾，但還是會努力到最後一刻。黃國昌也透露，這兩天接到非常多國民黨立委電話，主動說要組團到竹北幫邱臣遠站台，因為「他們也都看不下去」。    ,https://news.ltn.com.tw/news/politics/breakingnews/5558152
外籍專欄作家目睹彰化「巨額現金買票」 彰檢問A答B：10餘件賄選案偵辦中,政治,2026/08/31 15:42,彰化地檢署目前接獲涉及現金買票者有10餘件，已由分區專責檢察官積極偵辦中。（記者陳冠備攝）前台中美國商會會長、《台北時報》專欄作家石東文（Courtney Donovan Smith）披露，多年前替彰化地方派系政治人物工作時，曾親眼看見準備用來買票的巨額現金，引發外界震撼。對此，彰化地檢署今（31）日回應，目前已受理104件「選他字」、8件「選偵字」案件，其中涉及現金買票者有10餘件，均由分區專責檢察官積極偵辦中。繼前《金融時報》駐台記者席佳琳（Kathrin Hille）爆料花蓮選舉買票風氣後，石東文30日也在社群平台X發文指出，多年前他曾替彰化縣國民黨地方派系政治人物工作，親眼看見對方為買票準備大批現金。當時他不知道現金用途，還開玩笑詢問：「這些是要給我的嗎？」沒想到對方理所當然回答：「當然是用來買票的。」不過，他並未透露涉事政治人物身分、時間及現金金額。請繼續往下閱讀...針對相關說法，彰化地檢署卻是問東答西、問A答B，石東文指的是以前，彰檢卻答覆這次地方選舉的查賄狀況。彰檢表示，已完成選舉查察專責分區部署，檢察長黃智勇7月間前往轄內各警分局召開選舉查察座談，強化第一線人員查緝現金買票技巧，並嚴查深偽影像及選舉假訊息。各項賄選情資均已依法分案，目前涉及現金買票者有10餘件，正釐清相關事證，呼籲參選人切勿以身試法；彰檢強調，歡迎民眾檢舉賄選，檢方將秉持「查察無死角、究責無期限、執法無上限」態度，全力維護乾淨選風。    ,https://news.ltn.com.tw/news/politics/breakingnews/5558137
美籍記者揭彰化藍營派系備現金買票  綠營人士曝進階「買票2.0」,政治,2026/08/31 15:29,外籍記者談彰化國民黨派系備現金買票，綠營地方人士揭露「買票2.0版」。（資料照）美籍記者石東文披露自己親身經歷，他曾經看過彰化縣國民黨派系準備大量現金預備買票之用，對此，彰化縣綠營不具名人士表示，現在買票已進入2.0版，不是選在投票日之前用現金買票，而是常態性、全面性地透過社團、宮廟與援助特定參選人方式來綁定樁腳，最後一刻再透過組織動員，坐收勝選！這位人士指出，以彰化縣來說，屬於聚落型的社會模式，早年的買票是透過村里長、樁腳，在選前幾天，挨家挨戶捧著現金去買票，但因近年抓賄抓得緊，這樣的買票方式早就改變，也已經過時，現在的買票更高竿，更難抓，因為買票精神不變，但買票手法已經是屬於「經常性」的做法。請繼續往下閱讀...不具名人士強調，現在的買票，最常見的就是透過宮廟、地方社團來下手，也就是固定資助經費來辦理活動，或是在大型活動來提供最主要的援助，以友好方式出發，透過長期性的經費投入，綁定特定社團、宮廟與團體，當選舉一到，這些就是最好的網絡與組織，在地方的人際社會當中，選民也會認同「因為平常都有大筆資助」，多少也要投票支持一下。不具名人士表示，基層並非人人都吃「綁樁長期資助」這一套，但最厲害的是，派系結盟情況越來越多，只要願意成為同盟陣線，大咖參選人就會提供選舉資金，可是要是拒絕站在同一隊的話，就拿錢找人出來挑戰，讓不服從、不聽話的人「不好選」、「選不上」，看是要「分一杯羹」，還是要「自討苦吃」。因此，不具名人士強調，傳統買票都是在選前準備大筆現金，但現代買票手法已經更加細膩，更加講究方法，說好聽的就是「組織動員」，事實上就是長期、固定的、分散式的資金援助，讓買票文化完全進化，也就更難認定與抓賄。    ,https://news.ltn.com.tw/news/politics/breakingnews/5558180
反高鐵延伸宜蘭 王婉諭陪劉仲書登記︰議會要有不合群的聲音,政治,2026/08/31 15:28,反高鐵延伸宜蘭，王婉諭（左）陪劉仲書登記參選議員，稱議會要有不合群的聲音。（記者游明金攝）時代力量黨主席王婉諭今到宜蘭陪同縣議員參選人劉仲書辦理參選登記，王婉諭提到高鐵延伸宜蘭，無論國民黨、民進黨或民眾黨，都沒有一個不一樣的聲音，每個議會都需要「不合群的聲音」來做監督。劉也說，高鐵沒有人敢監督，沒有人敢反對，他就是要扮演這個監督角色。王婉諭說，宜蘭時力有推縣議員參選人劉仲書，這一席非常重要，高鐵延伸宜蘭議題，不只是宜蘭人的事，其實是關乎於全國公共建設以及重大預算是如何來做使用，需要大家一起來關注，可是在宜蘭，我們看到的是無論國民黨、民進黨、民眾黨，沒有任何一個人有提出不一樣的聲音，沒有人好好認真來討論。請繼續往下閱讀...她指出，高鐵延伸宜蘭影響到宜蘭30年到50年的重大發展，應該要有一個人能夠把事實、把數據攤開來跟大家說明，也應該有一個人是真正在乎宜蘭未來發展的人，劉仲書就是這樣一個人，進入議會後一定會公開透明，讓大家一起思考、一起來評估，到底宜蘭人需要些什麼？王婉諭也期許，劉仲書有機會能夠進入到議會，打破過去水乳交融的政治分贓的文化，各地議會都要有一席「不合群的聲音」，支持對的人做對的事情。劉仲書說，他從關心地方政治到參選，就是希望宜蘭政治可以有一些不一樣的聲音，她看到很多公共事務，都缺少一個政治人物跟民眾溝通的一個橋樑，民眾沒有很充足的資訊去評斷，這個政策是好還是壞。他提到高鐵就是一個例子，政治人物沒有人敢監督、沒有人敢反對，但它本身沒有經過充分溝通，沒有嚴謹評估過程，它需要大家一起去監督，他進議會就是希望代表這個監督的角色，把所有公共政策都打開來去檢視。    ,https://news.ltn.com.tw/news/politics/breakingnews/5558216
李文忠之子李昆穎登記參選新北議員 將以工程專業升級板橋,政治,2026/08/31 15:27,新北市板橋區議員參選人李昆穎穿上工程背心、攜帶工程帽，凸顯自己土木工程專業背景。（圖由李昆穎提供）新北市板橋區議員參選人李昆穎今（31）日前往選委會登記參選，他穿上工程背心、手持工程安全帽，凸顯自身土木工程專業背景，象徵已準備好上工。李昆穎表示，城市治理不能只停留在發現問題，更要能找到方法、有效解決問題；未來將結合工程專業與中央歷練，為板橋鄉親爭取建設、推動城市升級。李昆穎指出，「一個里的排水、一條道路的安全、一處停車空間，看起來是小事，但對居民來說，都是每天的大事。」這次參選的重要主張就是「工程專業、板橋升級」，希望從市民每天最有感的生活問題出發，推動板橋「不淹水、少塞車、好停車、顧安全」，讓工程專業落實在市民的日常生活。請繼續往下閱讀...李昆穎認為，工程專業不只是蓋工程，更代表一套「發現問題、找到方法、行動有效率」的解決問題方式，自宣布參選以來，他提出「5大主張、16項具體行動」，擘劃板橋未來發展；近期提出新北油品安全策略、校園反霸凌、校園零毒害、校園午餐升級、環河線社區巴士、智慧候車亭、兒少保護及動物友善等多項政策主張。李昆穎是前退撫會副主委李文忠的兒子，畢業於交通大學土木工程學系、台灣大學土木工程研究所，曾擔任行政院政務委員兼公共工程委員會主任委員陳金德辦公室機要秘書，累積公共工程及跨部會協調經驗。前退輔會副主委李文忠的兒子李昆穎，登記參選新北市板橋區議員。（圖由李昆穎提供）    ,https://news.ltn.com.tw/news/politics/breakingnews/5558212
談李貞秀參選竹北！王婉諭不置評、反批民眾黨不是好選項,政治,2026/08/31 15:21,王婉諭（左）今到宜蘭陪時力縣議員參選人劉仲書辦理登記；對於李貞秀參選竹北！王婉諭不予置評，反批民眾黨不是好選項。 （記者游明金攝）民眾黨前立委李貞秀今天現身登記參選新竹縣竹北市長，全身幾乎都是名牌，期許選戰「一路綠燈」。對此，時代力量黨主席王婉諭今天到宜蘭陪同縣議員參選人劉仲書辦理登記時，對於李貞秀是不是適合參選人，大家心中自有評斷。她也批評民眾黨在新竹縣或竹北市都沒有認真在地深耕，她覺得並不是一個最好選項。王婉諭說，大家對於竹北市其實有非常多的期待，竹北市可能是今年鄉鎮市裡面最多參選人的一個區域，她作為一個竹北人，非常樂見有很多人願意來為竹北服務，來為竹北爭取她該有權益，對於李貞秀是不是一個適合的候選人，大家心中一定各有評斷，不需要她多說。請繼續往下閱讀...至於李貞秀是不是拿著愛馬仕包包或是她穿著什麼樣的裝備登記，王婉諭覺得這是每一個候選人、也是每一個公民的權利，她們不會多做置評。王婉諭話鋒一轉，她自己看到的是，民眾黨在新竹縣或者在竹北市，其實從來沒有認真在地做深耕，也從來沒有在地的經營，所以她覺得可能並不是一個最好的選項。    ,https://news.ltn.com.tw/news/politics/breakingnews/5558173
蔣萬安走訪庇護工場遭酸「擺拍」 沈榮欽補刀：自私貪財更勝柯文哲,政治,2026/08/31 15:21,台北市長蔣萬安出席市政總質詢並上台備詢。（記者田裕華攝）國民黨立委翁曉玲提案刪凍總統府國務機要費波及庇護工場中秋禮盒採購，國民黨台北市議員秦慧珠日前在市議會質詢時邀台北市長蔣萬安各捐20萬元認購遭冷淡應對；未料蔣萬安隨後利用週末被目擊「低調」走訪庇護工場，並在今日公開證實自掏腰包採購至少30萬元。對此，加拿大約克大學副教授沈榮欽發文開酸，質疑蔣萬安「連演戲都這麼沒有天份」，痛批其自私貪財的程度已超過前市長柯文哲。沈榮欽在臉書發文嘲諷，蔣萬安這個週末的走訪行程「低調到被目擊並發布」，今日受訪時又低調證實自掏腰包購買禮盒，但始終未講明確切金額，僅模糊帶過「至少30萬元」。請繼續往下閱讀...「為什麼蔣萬安連演戲都這麼沒有天份？」沈榮欽直言，蔣萬安當初在議會拒絕秦慧珠做球出資20萬元的提議後，發現自己除了深藍之外飽受社會批評，甚至連過去選完市長將選舉補助款全數納入私人口袋的爭議都被重新挖出。他痛批，蔣萬安自私貪財的程度竟然超過貪污犯柯文哲；還讓人回憶起其平庸資質卻無比順遂的人生，是由他特權改姓開始。即使嗜財如命如蔣萬安，也意識到必須止血，硬是比秦慧珠建議的多了至少10萬元，才有了週末的走訪庇護工場行程，「蔣萬安也許沒有不誠實，但是他做的每一件事，都讓人覺得不是正直的人。」沈榮欽強調，這種「捕獲野生政治人物」的低調做法，在柯文哲玩爛之後，已經很難再騙過台北市民了。令人不禁感嘆，如果沒有那改姓的起點，他焉能走到今日？雖然今日爭辯蔣萬安是否拋棄先輩郭禮伯已無太大意義，蔣萬安已經走到了足以壯大自己的地步，但是當初那個小小的轉捩點，如今看來真是意義重大。    ,https://news.ltn.com.tw/news/politics/breakingnews/5557892
鶯歌鄉親熱烈高喊「凍蒜」 李四川在地三大政見獲好評,政治,2026/08/31 15:02,國民黨新北市長參選人李四川出席鶯歌永吉里敬老餐會，與民眾熱情互動。（李四川競辦提供）國民黨新北市長參選人李四川31日前往鶯歌區出席永吉里敬老餐會，席開約60桌、6百多位民眾到場參與，李四川抵達現場後，獲得鄉親歡迎，許多民眾豎起大拇指、高喊「凍蒜」表達支持，李四川感謝鶯歌區里長聯誼會長、永吉里長林茂哲長年對社區的用心經營，並回憶起自己與永吉里的深厚淵源及攜手推動永吉公園建設點滴，他也承諾將推動三大在地政見，讓鶯歌鄉親的生活越來越便利。李四川今年3月在林茂哲及多位鶯歌區里長陪同下，走訪永吉公園，彼此暢談過去推動的在地建設，以及討論未來發展願景，許多鄉親與遠道而來的遊客看到李四川到來，也感謝李四川任內攜手第一線推動在地建設，打造舒適的休憩空間。請繼續往下閱讀...李四川指出，當年擔任新北市副市長時，因鶯歌地區缺乏鄰里公園及休憩廣場，便跨局處協調突破用地瓶頸並分期開發，將原本荒蕪的山野坡地改造成如今花海盛開的熱門景點；這段歷程正是市府做好建設、在地維護環境的接力成果，他也特別感謝林茂哲與志工團隊長年無私付出，讓永吉公園成為鶯歌極具代表性的特色公園。面對鶯歌民眾的切身需求，李四川也重申敬老福利與交通政見，針對新北市現行敬老卡每月發放的600點，他承諾將推動其中300點直接作為悠遊卡使用，給予長者更貼心的照顧；交通方面，除了過去參與推動的「三環三線」陸續實現、捷運三鶯線已完工通車外，未來更將全力推動「樹林鐵路地下化並延伸至鶯歌」，以及規劃「大漢溪捷運縱貫線」，從台北市大稻埕延伸串聯三重、新莊、土城、樹林及溪南地區，帶動土樹三鶯交通路網升級。    ,https://news.ltn.com.tw/news/politics/breakingnews/5558175
二二八遭國軍刑求致死 權復會8月賠償91件逾1.7億元,政治,2026/08/31 14:59,威權統治時期國家不法行為被害者權利回復基金會。（資料照）國民黨在戒嚴時代實行恐怖統治，「威權統治時期國家不法行為被害者權利回復基金會」今日表示，本月28日該會召開董事及監察人會議，會中審議通過90件生命或人身自由賠償案及1件財產所有權被剝奪案件，總賠償金額逾1.7億元。權利回復基金會指出，截至7月底，就威權統治時期國家不法行為致被害者生命或人身自由受侵害申請案，累計共受理4021件，其中3162件獲賠、125件駁回、70件撤回申請。請繼續往下閱讀...基金會表示，此次審議通過的人身自由受侵害案件中，有多名被害者於228事件期間，無故遭國軍槍殺，或者遭國軍逮捕，刑求後重傷身亡，亦有被害者於228事件時遭羅織罪名槍決。另外，有多名被害者於威權時期遭逮捕後，僅憑自白內容即遭當局認定涉案，於欠缺充分證據及正當法律程序下遭判處死刑，也有數名被害者僅因思想層次認定不當被定罪。相關案件均經此次董事會審議後予以賠償。財產所有權被剝奪案件方面，基金會說明，累計受理399件、其中42件通過返還原財產或金錢賠償、57件撤回、215件駁回；此外，名譽回復證書的申請案，累計受理6394件，其中5299件通過、79件駁回。基金會指出，駁回案件多因為申請人不符申請資格，財產駁回案件原因多為依現有資料查無財產遭剝奪情事、或原判決未宣告沒收、或雖判決宣告沒收但經國防部准免沒收等情形。基金會強調，有關財產所有權被剝奪的案件中，有被害者因遭國家不法行為沒收全部財產，包含建物與現金。因年代久遠，經基金會逐項調查比對地號、權屬，財產所有權因已移轉第三人或已滅失，以金錢替代賠償方式，現金則依物價指數變動率予以賠償。    ,https://news.ltn.com.tw/news/politics/breakingnews/5558130
和蔣萬安背稿不同！李忠憲讚：沈伯洋有獨立思考能力,政治,2026/08/31 14:54,學者李忠憲表示，如果未來的台北市長是在蔣萬安與沈伯洋之間做選擇，單純從「思考能力」這個標準出發，他會選擇沈伯洋。（資料照）台北市長蔣萬安答詢時或面對媒體常背稿跳針、問A答B，被網友稱為「蔣稿機」、「寶立答B」、「空安」，對此，學者李忠憲直指若要在蔣萬安與沈伯洋之間做選擇，單純從「思考能力」標準出發的話他會選擇沈伯洋。李忠憲今天（31日）在臉書發文，透露自己和沈伯洋私下有過不少次互動，從對方回答問題的方式，他能感覺到沈伯洋不是單純把準備好的句子吐出來，而是在接收到問題之後重新整理資訊再形成回答。請繼續往下閱讀...李忠憲強調，這當然不代表沈伯洋的每個答案都是對的，自己也不會因為一個人會思考，就認為對方的所有政策主張都值得支持，但民主政治有趣也困難的地方就在這裡，大家不只是在選擇答案，也是在選擇「產生答案的人」。李忠憲表示，如果未來的台北市長是在蔣萬安與沈伯洋之間做選擇，單純從「思考能力」這個標準出發，他會選擇沈伯洋。李忠憲說，不是因為背稿（指蔣萬安）就證明一個人不會思考，也不是即席回答（指沈伯洋）就代表答案一定正確，他更在意的是「當原來準備好的答案失效之後，能不能自己產生新的答案？」李忠憲透露，他學英文、學德文到了最後，才明白真正學會一種語言不是能夠背多少漂亮的句子，而是當準備好的句子全部消失之後，還能不能繼續表達、理解和思考。李忠憲認為，政治其實也是一樣的，真正重要的政治能力，不是把幕僚寫好的答案說得多漂亮，而是外界突然丟出沒有人準備過的問題時，自身能不能理解問題、整理資訊、形成判斷，最後為自己的判斷負責。李忠憲指出，畢竟真正的世界從來不會依照逐字稿發展，無論是戰爭、災難、疫情、國際政治乃至城市裡每天發生的事情．都無法靠著逐字稿解決。李忠憲表示，民主政治最後選擇的，不應該只是比誰最會把稿子背完，選民也不只是給予政治人物站在鏡頭前替大眾說話的權力，而是當危機突然發生時、問題沒有標準答案時、幕僚來不及準備逐字稿時，誰能夠有替群眾做判斷的權力。李忠憲最後強調，自己看一個政治人物的時候，真正想知道的不是對方把準備好的稿子講得有多漂亮，而是「當稿子拿走以後，他的腦袋裡還剩下什麼？」    ,https://news.ltn.com.tw/news/politics/breakingnews/5558101
新北統籌款人均最低 侯友宜怨：中央年中一紙公文就要扣回計畫補助,政治,2026/08/31 14:46,侯友宜說，新北人口這麼多，幅員遼闊，土地是台北的8倍大，人均預算卻是台北的約一半。（記者黃子暘攝）明年度統籌分配稅款數字公布，新北市人均預算為全國最低。新北市長侯友宜今（31）日赴新北市議會接受總質詢，國民黨市議員陳儀君、周勝考質詢相關數字，侯友宜說，新北市統籌分配稅款增加到1075億元，但一般、計畫型補助被砍，新北又在公共建設高峰期，市府財政壓力大，往往卻是年中一紙公文來就要扣計畫型補助，他希望中央要給補助之前就說清楚，這是他最在乎的。陳儀君、周勝考質詢相關數字，詢問侯友宜如此分配是否合理？侯友宜表示，中央2026年核定已經比之前少了80億，教育領域的計畫型補助就少128億，社福少39億，污水下水道系統光規劃、設計工程就少7億，相較之前少200多億；明年度新北市統籌分配稅款1075億，增加106億多元，不過人均預算是2.66萬，是全國最低，新北市光營養午餐免費一案，含人事費就要約70億元預算，這一定會面臨問題。請繼續往下閱讀...侯友宜說，新北人口這麼多，幅員遼闊，土地是台北的8倍大，人均預算卻是台北的約一半，尤其新北又在公共建設高峰期，社會福利的壓力比台北、基隆等縣市更大，最麻煩的是，是中央臨時來個公文就要減少計畫型補助，規劃就亂掉，他希望中央要補助之前就要說清楚，讓市府心裡有數，不要年中調降比例，這他最在乎。主計處長吳建國補充，今年一般、計劃型補助加總減少200多億，若納入統籌分配稅款來看，雖分配稅款看來有加400多億，扣掉計劃、一般型補助，其實2026年度只增加262億。    ,https://news.ltn.com.tw/news/politics/breakingnews/5558118
自由觀點》粉碎中國機艦擾台 重金吸引投誠,政治,2026/08/31 14:43,    ,https://news.ltn.com.tw/news/politics/breakingnews/5558144
立院大砍中央媒宣費 桃園市新聞處8740萬全數過關,政治,2026/08/31 14:41,桃園市政府新聞處115年度媒體政策及業務宣導費編列8740萬元，全數過關。（記者李容萍攝）在延宕351天後，立法院終於在8月14日三讀今年度中央政府總預算，在藍白立委聯手下，中央政府的媒體政策及業務宣導費編列13.8億元，刪減6.84億元，整體刪減率50％，其中行政院及文化部本部全數刪減，大陸委員會刪減89％。比較國民黨執政的桃園市，今年度媒體政策及業務宣導費全數過關，並未刪減。桃園市政府新聞處長羅楚東今（31）日下午表示，新聞處115年度媒體政策及業務宣導費編列8740萬元，是按過往編列6400萬元，加上因應「2026台灣設計展在桃園」編列2340萬元而成，114年底市議會審議新聞處預算，並未刪除相關媒體政策及業務宣導費。桃園市政府新聞處新聞處115年度媒體政策及業務宣導費編列8740萬元，是按過往編列6400萬元，加上因應「2026台灣設計展在桃園」編列2340萬元而成。（記者李容萍攝）    ,https://news.ltn.com.tw/news/politics/breakingnews/5558116
竹北市長藍白合破局館長暴怒！ 直播狂譙2小時轟國民黨「渣男」又酸民眾黨,政治,2026/08/31 14:37,館長（中）與柯文哲（左）、黃國昌同框合照。（翻攝自臉書）2026九合一大選竹北市長藍白合破局，引爆網紅「館長」陳之漢強烈不滿。館長先是發文怒轟「背信棄義2026國民黨，你X媽給我下去！」，隨後更開直播狂轟近2小時，痛批國民黨主席鄭麗文與新竹縣長參選人徐欣瑩背棄承諾，甚至狠酸鄭麗文宛如在演「寧可我負天下人」的曹操。館長昨（30）日在直播中指出，徐欣瑩當初在黨內初選面臨競爭時曾尋求民眾黨與「小草」奧援，雙方談妥竹北市長由藍營禮讓白營，未料事後卻以「大局為重」反悔，痛斥國民黨根本是做不到承諾的「渣男」。請繼續往下閱讀...館長爆料，鄭麗文競選黨主席時曾請他支持並邀約吃飯，還曾允諾帶他到北京，事後卻改口稱民間人士無法同行，怒批國民黨人物「人前一套、背後插刀」，在協商破局後便全面神隱丟皮球。他嘲諷藍營內部早已四分五裂，黨內各路人馬眼見主席被罵反而都在暗爽等著卡位，更酸國民黨自認在鄭麗文帶領下空前強大，「肯定不差台灣一個小小網紅幫助」。此外，館長也提到他在中國影音平台B站（bilibili）的多數粉絲都認為「館長終於了解國民黨，國民黨就是垃圾」，直指國民黨關鍵時刻背叛是天生DNA，更稱「國民黨跟中國人民的關係，連我一根毛都不值」，強調對岸粉絲支持的是他本人而非國民黨，至於台灣粉絲他「分分秒秒可以要回來」。除了重砲抨擊國民黨，館長對民眾黨的批判也同樣辛辣。他嘲諷民眾黨是沒錢沒資源的「小不拉機小黨」，整天只會販售印有「心存善念、盡力而為」等口號的周邊商品，直言「是要賣到什麼時候才有錢租看板選議員笑死」。他更鐵口直斷稱，若民眾黨掌權「百分之百會有貪污」，並粗俗比喻政治如同排泄器官，「民眾黨自認是純白內褲，但只要去外面拉肚子，擦完屁股回家還是會沾到屎」，痛批白營空有口號卻展現「白之無能」，指標人物柯文哲受官司纏身無法參選、黃國昌則天天被抹黑到半殘。他最後無奈表示，看到藍白如此惡搞，許多選民早已心灰意冷不想投票，年底選情恐怕相當淒慘。    ,https://news.ltn.com.tw/news/politics/breakingnews/5558042
參選南投縣長搶頭香登記！温世政︰檢討不當建設 每位縣民加發8800元,政治,2026/08/31 14:36,民進黨南投縣長參選人温世政（前排右2），在競總主委江錫仁（左1）、民進黨副秘書長何博文（左2）等人陪同下完成參選登記。（記者陳鳳麗攝）民進黨南投縣長參選人温世政今天搶頭香，由民進黨副秘書長何博文等人陪同完成參選登記，他說，會趕緊跑遍13鄉鎮市宣傳自己的理念和政見，讓鄉親了解他全心要顧老人、顧腹肚、顧少年的決心，提出縣府加碼育兒補助，每月連同中央有2.7萬元，另檢討不當建設省下公帑，每位縣民加發8800元。温世政上午在民進黨中央黨部副秘書長何博文，以及競總主委的國策顧問、前全國牙醫公會理事長江錫仁、立委羅美玲等人陪同下辦理參選南投縣長登記，該黨的鄉鎮市長、縣議員參選人也到場展現大團結，高呼「南投隊全壘打！」請繼續往下閱讀...何博文在温世政登記前表示，政府預算在立法院被亂砍，連幫助弱勢孩子的經費都被刪，全國民眾大憤怒，而南投鄉親若感到生氣，就在11月28日把氣憤化為選票，把票投給全力為縣民，最會向中央爭取經費的南投縣長參選人温世政，讓他能照顧南投縣的老人、年輕人和小孩。温世政今天也重申他的「顧老人、顧腹肚、顧少年」的施政理念，老人的敬老卡加碼到1800元且可廣泛用在便利超商購物、交通、掛號費，假牙補助8萬元且單顆就可做；補助年輕人成家基金8萬元，生育補助再加碼2萬元，在整合育兒津貼、成長津貼與托育補助後，南投年輕家庭每月育兒相關補助可達2萬7000元。温世政說，南投縣有些不當建設應檢討，像美術館、天梯纜車……等建設經費就要80多億元，若能省下來，精算之後每位縣民可加發8800元。民進黨南投縣長參選人温世政（坐者）搶頭香，登記首日即辦理參選登記。（記者陳鳳麗攝）民進黨南投縣的鄉鎮市長、縣議員參選人都到縣選委會力挺，展現團結氣氛。（記者陳鳳麗攝）    ,https://news.ltn.com.tw/news/politics/breakingnews/5558102
賴瑞隆邀戰六都辯論 蔣萬安：他應該先問陳亭妃意願,政治,2026/08/31 14:34,蔣萬安今（31）表示，賴瑞隆說要6都一起大辯論，他應該先了解台南立委、台南市長參選人陳亭妃的意願？（記者田裕華攝）民進黨籍高雄市長參選人賴瑞隆不滿蔣萬安在答詢時扯前鎮漁港預算從3000萬元暴增至81億元，要求公開辯論。蔣萬安今（31）日表示，賴瑞隆說要六都一起大辯論，他應該先了解台南立委、台南市長參選人陳亭妃的意願？賴瑞隆不滿蔣萬安在台北市議會答詢時，把前鎮漁港預算3000萬元的維護費用與81億元整體改造經費混為一談，作為迴避台北市政爭議的避風港，要求公開辯論。國民黨籍高雄市長參選人柯志恩認為賴找錯對象，直接找她即可；賴回應，支持六都大辯論，蔣萬安、柯志恩都不要跑。請繼續往下閱讀...蔣萬安到市議會接受市政總質詢前被問到此事，他表示，賴瑞隆說要六都一起大辯論，所以他應該要先了解陳亭妃委員的意願。    ,https://news.ltn.com.tw/news/politics/breakingnews/5558107
劇場式登記好歡樂 紙風車副團長「阿嬤」參選屏東縣議員,政治,2026/08/31 14:24,紙風車劇團副團長莊瓊如（右二）返鄉投入屏東縣議員第二選區選舉。（記者羅欣貞攝）紙風車劇團副團長莊瓊如（阿嬤）宣布返鄉，投入屏東縣議員第2選區選舉，盼以40多年累積的表演藝術、文化教育、團隊管理及地方協作經驗服務屏北鄉親。昨晚結束在台中的演出後，她辭去副團長一職，今（31）日上午在團長任建誠等人陪同下，現身屏東縣選委會完成參選登記，玩偶群簇擁，氣氛超級歡樂。「阿母當年給了我一條路，現在，我想回來為家鄉多開幾條路。」莊瓊如表示，這次投入選舉，不是突然離開原本的工作，而是選擇走到不同的位置，繼續實踐相同的信念。希望把劇場工作中培養的創意、溝通、組織及解決問題能力帶進公共服務，串連政府、企業、社區與民間力量，讓資源不只是短暫進入地方，而能真正留下來。請繼續往下閱讀...近年因劇團演出、人才培育及在地故事編創，人稱「阿嬤」的莊瓊如頻繁回到屏東。重新走回故鄉，她看見屏北豐富的農業、文化與人情，也看見人口外流、社區老化、長輩資訊落差，以及農村孩子缺乏多元學習機會等問題。她認為，出生在鄉下不應該代表人生少一種選擇；孩子可以走出去看見世界，好的教育、文化與公共資源也應該走進來。莊瓊如與家鄉的連結，並非從決定參選後才開始。長年參與紙風車368鄉鎮市區兒童藝術工程的她，跟著劇團深入各地，也曾捐出自己的積蓄，促成紙風車回到鹽埔演出。朋友笑她把「嫁妝」捐給家鄉的孩子，但當她看見父母、村裡的阿公阿嬤和孩子一起坐在台下，她更加確定，能把所學帶回故鄉、與家鄉分享，是自己一直想做的事。出生於鹽埔鄉振興村的莊瓊如，10歲離開屏東到台北學習特技，從農家女兒一路走上國際舞台，走過大半輩子的舞台與鄉鎮，她選擇回到人生出發的地方，把一身本事用來顧屏北、拚服務，從小到大都不落下。莊瓊如以「創意、美學、愛與關懷」作為公共服務的核心，提出「顧資源、顧文化、顧序小、顧序大」四大方向，要讓每一位鄉親都能被好好被照顧。屏縣議員第二選區包括里港、高樹、九如、鹽埔、長治與麟洛鄉。紙風車劇團副團長莊瓊如投入屏東縣議員第二選區選舉，31日完成登記。（記者羅欣貞攝）    ,https://news.ltn.com.tw/news/politics/breakingnews/5558093
台聯何苡睿登記嘉市東區議員選舉 主打安全城市與青年返鄉,政治,2026/08/31 14:21,台聯黨嘉市東區議員參選人何苡睿今天上午完成登記。（台聯黨提供）2026九合一選舉今天是登記首日，台聯黨嘉市東區議員參選人何苡睿上午完成登記。她表示，將以過去擔任民代助理的實務經驗投入這場選舉，希望讓市民生活中真正需要被解決的問題，多一個願意傾聽研究並持續追蹤的參選人。48歲何苡睿，出生嘉縣民雄鄉，國小畢業全家搬遷嘉市定居，學歷嘉南藥理科大醫藥化學系、中正大學政治研究所，曾任台南市議員唐靜儀助理、新北市立委張宏陸助理及嘉市議員王浩辦公室主任。請繼續往下閱讀...何苡睿說，她長期投入義消服務，因而將「安全城市」列為參選首要政見，當選後將推動智慧住宅安全、老舊住宅電線安全健檢、長者智慧照護、婦幼安全，以及社區公共環境改善。何苡睿提出，以「青年創業」來支持地方經濟、青年安居與返鄉發展，並結合地方產業與大學資源，讓青年回到嘉義生活，不必在家鄉與職涯發展之間二選一；打造「友善共融」環境，建立親子友善環境、心理健康支持、反霸凌專業協助、社區互助網絡以及性暴力防治。何苡睿說，「嘉義是我的家，也是我選擇回來、繼續投入的地方，我期待的政治，不是用更大的聲音製造對立，而是把問題看清楚，把方法準備好，再一步一步去完成。」參選議員是她對承擔公共責任的重要承諾，當選後將全力打造嘉義的美好未來。台聯黨嘉市東區議員參選人何苡睿（左）完成登記，她說，當選後將全力打造嘉市的美好未來。（台聯黨提供）    ,https://news.ltn.com.tw/news/politics/breakingnews/5558109
批蘇巧慧陣營抹紅頻頻翻車 李四川競辦：公審市民是共諜何時道歉？,政治,2026/08/31 14:20,國民黨新北市長參選人李四川競選辦公室發言人郭音蘭。（李四川競辦提供）國民黨新北市長參選人李四川針對民進黨新北市長參選人蘇巧慧陣營文宣群召集人林楚茵誣指李四川使用網軍，李競辦發言人郭音蘭31日痛批蘇陣營多次未經查證便發動政治攻擊、頻頻翻車，甚至將一般民眾在北捷使用筆電的畫面誣指為是共諜在情蒐，事後證實烏龍一場卻至今拒不道歉，郭音蘭質疑蘇巧慧放任團隊幹部製造恐慌，重現大罷免時期的獵巫與抹紅風氣。郭音蘭指出，有民眾在捷運月台等候朋友時打開筆電，螢幕畫面遭人側錄偷拍並上傳網路公審，蘇陣營在第一時間未加查證便大做文章，公開指控該畫面是中國大數據監測與情報蒐集平台在蒐集情資，甚至指涉無辜民眾是「共諜」，然經警方調查後已證實整起事件完全是烏龍一場，在真相澄清後，至今仍拒絕向無辜受害的民眾道歉。請繼續往下閱讀...郭音蘭批評，蘇陣營一再翻車，誣指別人用網軍，手段如同蘇巧慧去年與側翼網軍發動大罷免的獵巫手段，既視感通通重現，「難道蘇巧慧要繼續放任文宣群召集人攻擊無辜市民？」不免讓外界聯想那個滿腦子只想著大罷免、大搞政治鬥爭的蘇巧慧又回來了。    ,https://news.ltn.com.tw/news/politics/breakingnews/5558100
蔣得立海外交換學生1年 蔣萬安：跟太太都尊重且支持,政治,2026/08/31 14:13,台北市長蔣萬安出席市政總質詢，會前並先接受媒體聯訪。（記者田裕華攝）台北市長蔣萬安兒子「大寶」蔣得立考上建國中學，將休學1年前往美加交換學生，蔣萬安今（31日）證實並表示他和太太都尊重且支持。蔣得立今年從師大附中國中部畢業，從爸爸蔣萬安手中領到市長獎，兩人在台上的互動有趣又溫馨；今天是開學日，日前有媒體人爆料蔣得立已經從建中休學，準備到美國留學。不過，台北市教育局今年7月中辦理「115學年度25名高中職學生啟程美加交換學習」交流，就看到蔣得立的身影，他將前往美加交換學生1年。請繼續往下閱讀...蔣萬安今天到市議會備詢前受訪，被問到兒子要去海外交換學生1年，會不會不捨？蔣萬安表示，孩子自己的決定希望能夠交換學生1年，主要希望能夠多探索自己的興趣以及拓展國際視野，他和太太都尊重且支持。    ,https://news.ltn.com.tw/news/politics/breakingnews/5558089
中國利誘周子瑜支持一中 羅文嘉：配合中共最後下場都不好,政治,2026/08/31 14:09,韓團TWICE台灣成員周子瑜。（資料照）TWICE台灣成員周子瑜與韓團的合約將於今年底到期，傳出中國涉台系統鎖定周子瑜，探詢轉往中國發展的可能，希望她公開支持「一個中國」、「台灣人就是中國人」等政治立場。海基會副董事長羅文嘉今日接受本報專訪表示，過去很多配合中共威脅利誘，講出「中共要聽的話」台灣藝人，最後下場都不太好。中方開出的條件清楚明確，只要周子瑜願意在公開場合表態支持「一個中國」、「台灣人就是中國人」等政治立場，將協助她打通中國演藝市場，不僅可接洽北京在內各廣電集團、演唱會及經紀等通路，更將提供一般港台藝人難以取得的演出與曝光機會。請繼續往下閱讀...對此，羅文嘉指出，中共對於台灣藝人及文化界人士，一直以來都採取威脅和利誘，希望他們配合中共的政治主張，譬如講「我是中國人」、「祖國很偉大」。已經進入中國市場的藝人，如果不配合的話，它就隨時喊卡喊停，若配合程度高，它就幫你擴展中國市場，這十年來威脅利誘的方式都沒有間斷。羅文嘉談及，可觀察一下這十年來演藝界配合中共的台灣藝人，事業高峰都不可能永久，被利用完、沒有利用價值就丟，「你呼天喊地也沒有用」。可以看到過去很多配合中共威脅利誘，講出「中共要聽的話」的藝人，最後的下場都不太好。羅文嘉分析，中共統戰工作不只針對演藝人員，政治人物、網紅、媒體評論員，中共也是這樣做。例如最近在國會，國民黨立委傅崐萁、翁曉玲等人前所未有大砍文化部、公共電視的預算，以前不管誰執政或朝小野大，立委都會說要增加文化預算，鼓勵藝文團體的文化創作，但曾幾何時，現在傅崐萁、翁曉玲兩人卻大刪文化預算。羅文嘉批評，中共一方面用國家資源利誘台灣知名藝人，另一方面由在野黨立委砍掉台灣政府要給文化界的預算及支持，這是一整套的做法，放在一個大架構來看，就是要分化台灣內部的向心力、團結感，而拉攏演藝人士是中共的重點項目。羅文嘉說，中國共產黨從1921年成立以來，就深知要利用文藝的力量，中方鎖定利誘周子瑜，這對我們來講並不稀奇，今天是這一個藝人，明天換下一個，直到失去利用價值，這些是中共慣用的手法。海基會副董事長羅文嘉。（記者陳怡伶攝）    ,https://news.ltn.com.tw/news/politics/breakingnews/5558083
藍營縣市長要求翁曉玲噤言？   江啟臣這麼回…,政治,2026/08/31 14:05,"藍營縣市首長要求翁曉玲噤言？江啟臣對此表示，立法院正副院長不會介入立院黨團內部的溝通或決定。（記者歐素美攝）國民黨不分區立委翁曉玲近日發言頻頻惹議，外傳藍營縣市首長紛打電話給藍營立委，希望請翁曉玲安靜一點，國民黨台中市長參選人、立法院副院長江啟臣今天對此回應指出，立法院正副院長基本上不會去介入黨團的運作，所以黨團內部的溝通或決定也好，都會尊重。江啟臣今天在台中市召開「農業興、台中旺，吃健康、吃在地」農業政策發佈記者會，媒體事後採訪指出，國民黨不分區立委翁曉玲，近日發言頻頻惹議，外傳藍營縣市首長紛打電話給藍營立委，希望請翁曉玲安靜一點，詢問江啟臣對此看法。請繼續往下閱讀...江啟臣表示，立法院正副院長基本上不會介入黨團運作，所以黨團內部的溝通或決定，都會尊重。    ",https://news.ltn.com.tw/news/politics/breakingnews/5558079
砍庇護工場訂單、嗆刪青鳥飼料費 綠公布10大爛委榜首：翁曉玲,政治,2026/08/31 14:01,民進黨公布藍白10大爛委排行榜，國民黨立委翁曉玲奪冠。（圖由民進黨提供）立法院延會今天畫下句點，民進黨公布藍白10大爛委排行榜，國民黨立委翁曉玲狂砍預算重創37家庇護工場1.5萬盒訂單、大刪公視經費嗆「刪青鳥飼料費」還高唱正氣歌，奪下「可恥排行榜」冠軍，民進黨呼籲選民，11月28日用選票展現民意，拒絕爛委搞爛國家。民進黨批評，最可恥的就是翁曉玲，砍掉37家庇護工場、1.5萬盒中秋禮盒訂單，讓弱勢成為政治鬥爭的犧牲品，大刪公視經費更嗆聲「刪掉青鳥的飼料費」，至今仍毫無悔意，竟還敢引用「正氣歌」？連中國人都覺得丟臉！請繼續往下閱讀...民進黨指出，第2名是國民黨立委傅崐萁，不只開會缺席、協商缺席，更是藍白政治惡鬥的幕後主使。在立法院裡飆罵髒話、耍流氓，連自己人都看不下去。第3名的藍委葉元之急著幫台北市長蔣萬安護航，在政論節目宣稱「沒有性侵害、外界講得太嚴重」，不關心被害者、反而幫腔性侵，不只可恥、更是噁心。民進黨表示，第4名是藍委羅廷瑋，為強推電競專法獨講50分鐘，惡意不讓運動部長李洋上台答詢；第5名國民黨立委馬文君是阻擋國防最大力的害群之馬，不只喊出「國防特別預算應該要是0元」，更多次提案刪除無人機、凍結潛艦預算，甚至荒謬到想把預算刪成「負數」。民進黨認為，第6名是藍委江啟臣「裝聾作啞」，喊挺無人機、台中起飛，卻放任同黨造謠凍刪預算，遇到爭議就神隱；第7名藍委柯志恩「表裡不一」，人前喊支持高雄建設，立院表決卻淪黨意附庸，不是跟投同意或逃跑；第8名藍委蘇清泉「瀆職害命」，自家安泰醫院大火釀9死遭列被告，卻高談開醫院賺錢、買股票也賺錢。民進黨接著說，第9名是藍委張嘉郡，無視台美經貿談判創造利多又保障本國農業，多次散播錯誤訊息，製造農民恐慌；第10名則是民眾黨立委陳清龍「干預司法」，只因自家主席貪污被判刑就濫砍法院預算洩憤，更強推「高虹安條款」。民進黨痛斥，這就是藍白在立院「最長會期」交出的成績單：搞爛國會、傷害人民、拖累國家，史上最爛，呼籲1128用選票教訓藍白兩黨。    ,https://news.ltn.com.tw/news/politics/breakingnews/5558064
是否出任李四川競總主委？侯友宜：規劃應由李團隊宣布,政治,2026/08/31 13:57,新北市長侯友宜是否出任國民黨籍新北市長參選人李四川競選總部主委受矚，侯友宜今（31）日赴市議會接受總質詢前受訪。（記者黃子暘攝）新北市長侯友宜是否出任國民黨籍新北市長參選人李四川競選總部主委受矚，侯友宜今（31）日赴市議會接受總質詢前受訪。被問及此事，侯友宜回應，競選過程最重要的是參選人要提出好政見，爭取市民認同，以及未來願景、規劃如何落實，才是參選人贏得人民認同、支持的要件，李四川的競選團隊規劃要由李四川團隊統一依照其選舉步驟對外宣布。    ,https://news.ltn.com.tw/news/politics/breakingnews/5558069
盧秀燕將解鎖兩岸行？鄭照新率團訪東莞避談「探路」,政治,2026/08/31 13:56,台中市副市長鄭照新將於9月2日赴中國東莞參加台灣名品博覽會，他強調外界勿過度政治解讀。（記者張軒哲攝）台中市副市長鄭照新、工策會代表陳學聖及經發局長張峯源將於9月2日赴中國東莞參加台灣名品博覽會，遭到綠營質疑只是單純協助台商，還是在替盧秀燕未來的兩岸路線探路？鄭照新今日表示，活動行之有年，從 2010 年開始到現在已經連續舉辦了 17 年的活動，主要是協助台中市精密機械產商，事前都有向中央來報備，外界沒有必要給予過多的政治解讀。鄭照新說，台灣名品博覽會也有其他的縣市政府連續參加多年，這次包括台中的精密機械還有伴手禮等產商參加，市府由他率團協助廠商，市府不是主角，廠商才是主角。請繼續往下閱讀...鄭照新說，東莞確實是中國大陸台商的數目最大的城市之一，所以也有非常多來自台中的台商，他們有許多的心聲要表達，這次的交流是以經濟交流為主。鄭照新說，其實台商遍及世界各國，每年在世界各地的台商都有提出邀請盧秀燕市長，市府也會因應這個行程的變化，評估是否有一個空檔到世界各地來慰問跟關心來自台中市的台商，另外，市長若有率團出訪行程，市府都會跟大家報告，目前還沒有率團出國的訊息。    ,https://news.ltn.com.tw/news/politics/breakingnews/5558023
女童遭猥褻案提4改革  蔣萬安再發聲：願檢討精進,政治,2026/08/31 13:55,台北市長蔣萬安出席市政總質詢並上台備詢。（記者田裕華攝）台北市1名10歲女童遭猥褻案，市長蔣萬安日前在臉書發文說明事件處置原委，被炮轟沒有1句道歉，今（31）日在到市議會接受議員市政總質詢前，再度在臉書發文並受訪，強調他的心痛跟不捨，在制度面上可以做得更好的地方，願意檢討並精進，包括「類家內成員納入SDM安全評估」、「強化第二道防線」、增設「短期家庭式庇護處所」、「對第一線社工更多支持」如充實安置機構夜間照顧人力、重新檢討薪資與人力條件，也持續推動久任獎助。蔣萬安表示，台北決定主動往前多做一步。現行全國一致的兒少保護機制，依照行為人身分區分「家內」與「家外」，對應的風險評估、處遇方式也有所不同。但實際生活中，有些人雖然不是家人、沒有同住，卻經常出入家裡，跟家庭關係密切。但依照現行標準會被歸類為「家外人士」，不適用SDM安全評估。請繼續往下閱讀...因此，北市將把這類經常出入住所或者是跟主要照顧人有密切關係，或者是有經濟或生活上面的依附，就會視同家內成員納入SDM安全評估。不只看身分，更要看他實際和孩子有多近、與家庭互動有多深，把可能的風險看得更仔細。未來，除了第一線社工與督導，也將加入外部專業複核及跨網絡共同檢視。多一個專業的人一起判斷，多一次討論就多一道保障，強化第二道防線。第三部分，會增加「短期家庭式庇護處所」，當孩子需要暫時離開原本的環境，但是否安置仍需要進一步評估時，讓孩子與家庭先有一個安全的地方落腳。最後是「對第一線社工更多支持」，北市會充實安置機構夜間照顧人力、重新檢討薪資與人力條件，也持續推動久任獎助。希望讓願意留下來照顧孩子的人，有更好的工作環境，也有更多力量陪孩子走得更久。    ,https://news.ltn.com.tw/news/politics/breakingnews/5558057
四叉貓爆北市府粉專灌流量 觀傳局嗆：民進黨跟有心人士不要雙標,政治,2026/08/31 13:51,網紅四叉貓爆料，台北市政府經營之臉書帳號「Humans of Taipei 我是台北人」出現一堆外國帳號留言。（擷取自我是台北人臉書）網紅四叉貓28日於社群媒體爆料，台北市政府經營之臉書帳號「Humans of Taipei 我是台北人」出現一堆外國帳號留言，四叉貓提醒：「蔣萬安你們北市府粉專的網軍設定錯誤了喔。」今日又發文指出，根據觀傳局2025年說明報告年總觸及超過919萬人次，數字漂亮都是廠商灌出來的，乾脆把北市府的媒宣費全部砍掉。觀傳局對此嗆：「從中央部會到民代粉專都有進行投廣，這是公開資訊，按照民進黨人士的邏輯，難道這也是灌流量、買網軍？請民進黨及有心人士不要雙標。」四叉貓28日在社群媒體爆料，說「Humans of Taipei 我是台北人」出現一堆印尼帳號留言，觀傳局後續回覆說，是臉書的維運廠商投放廣告時誤投到東南亞地區。請繼續往下閱讀...四叉貓持續發文解釋，台灣各地政府單位常會把官方粉絲團外包出去給民間廠商經營，這其實是很常見的事，畢竟公務員不太懂怎麼經營粉專，標案合約內容會寫一個月要發幾篇文，每篇要保證幾個讚幾則留言，粉絲成長數要達幾％。四叉貓說，但政府單位的官方粉絲團沒人看，合約載明的KPI難達標，那廠商未達標該怎麼辦？廠商對外宣稱會花錢投放廣告增加觸及率，但省錢的做法就是買國外假帳號去留言點讚灌流量，沒有影射誰啦，但看完蔣萬安的北市府觀傳局回應懂就懂。也問：「請問我現在可以喊蔣萬安的北市府拿飼料費養網軍了嗎？」四叉貓今日又翻出北市觀傳局的2025年說明報告，一年發68篇原生貼文，年總觸超過919萬人次；數字很漂亮，直到昨天觀傳局才承認都是外包給廠商灌流量，那數字再漂亮有用嗎？還不是都假的！灌出來的！四叉貓也說，乾脆把北市府的媒宣費全部砍掉吧，有什麼政策宣導讓蔣萬安發自己的臉書就好。觀傳局表示，有關「我是台北人臉書」出現東南亞地區民眾的互動留言，經查是臉書的維運廠商投放廣告時誤投到東南亞地區，第一時間已要求廠商立即修正，後續也將開罰。據指出，「Humans of Taipei 我是台北人」一年經費約181萬元，由觀傳局辦理平面媒體、數位新媒體宣傳及設計等業務預算項下支應。觀傳局說明，臉書粉絲專頁投放廣告是維運的常態之一，從中央部會到民代粉專都有進行投放廣告，這是公開資訊，按照民進黨人士的邏輯，難道這也是灌流量、買網軍？請民進黨及有心人士不要雙標。觀傳局今年度預算案7.9億餘元，經議會審議刪減5300萬餘元，法定預算7.8億餘元，較去年度增加2742萬元。其中「行銷出版暨媒體服務」預算4065萬元，較去年度減少123萬餘元，主要用在國內外觀光傳播界人士聯繫服務等費用120萬元，較去年度微增15萬元，而編製外文期刊及台北畫刊費用減少，城市行銷及觀光行銷文宣編印及行銷推廣費用862萬餘元，都較去年度減少。另外，幾項大型活動費用分別編列，包括在「市政及觀光綜合行銷」編列大稻埕活動企劃執行費用2000萬元，比去年增加800萬元；分批辦理平面媒體、數位新媒體宣傳及設計等業務1100萬元，較去年度增加200萬元；而辦理台北燈節及周邊活動費用6500萬元，較去年增加500萬元，台北開齋節費用450萬元，較去年度增加150萬元。    ,https://news.ltn.com.tw/news/politics/breakingnews/5558034
花蓮辦國際龍舟賽國旗消失了！議員質疑縣府自我設限,政治,2026/08/31 13:38,第15屆IDBF世界俱樂部龍舟錦標賽（CCWC）即日起一連六天在花蓮舉行，市區街頭掛滿參賽國的國旗，縣府選掛中華奧會會旗。（記者王錦義攝）花蓮縣政府過去從傅崐萁任內就經常在縣內重要道路懸掛中華民國國旗，標榜國旗旗海飛揚的景象，花蓮縣議會今（31）日舉行臨時會，對於IDBF世界俱樂部龍舟錦標賽（CCWC）即日起一連六天在花蓮舉行，縣議員張美慧、楊華美針對縣府在街道佈置「獨缺中華民國國旗」提出質疑，縣府教育處則回應是遵照國際奧會模式規範，但議員認為市區街道並非會場，要求提出明確條文。縣議員張美慧質詢時指出，縣長徐榛蔚日前在臉書發文宣傳龍舟盛會，強調「縣府前飄揚起世界各地參賽隊伍的旗幟」，然而實際巡視市區中央路等重要路段，卻完全看不見中華民國國旗。張美慧認為，辦理國際賽事是極佳的城市行銷機會，各參賽國都能驕傲掛出國旗，唯獨台灣身為地主國卻無法在街道懸掛，「是總會規範要求的？還是縣府自我設限？辦公室查遍公開競賽規章，根本找不到禁止主辦城市街道掛國旗的條文！」請繼續往下閱讀...縣議員楊華美則指出，全球頂尖好手齊聚花蓮令人驕傲，但身在地主國的街道上卻不能掛國旗，確實讓民眾感到遺憾與失落。楊華美強調，在國際體育組織架構下，地主國在官方賽事場域及延伸活動必須遵守「洛桑協議」（奧會模式），這可以理解；但縣府應釐清「一般街道佈置」是否屬於官方場域。她建議縣府應展現政治敏感度並顧及民眾情感，若街道無法統一懸掛，也可發放小國旗給家家戶戶自發布置，讓遠道而來的各國選手看見台灣人的熱情。對此，花蓮縣政府教育處長翁書敏答詢表示，國際龍舟聯合總會（IDBF）的要求比國際少年運動會更為嚴格，賽事競賽場域不論場內外，均強制要求僅能懸掛中華奧會會旗。翁書敏說，可能自己先前用語不夠精準，經縣府積極爭取後，目前已在花蓮火車站及機場等重要出入境交通要道懸掛國旗，至於詳細的契約規範文字會再具體提供給議會。IDBF世界俱樂部龍舟錦標賽（CCWC）在花蓮鯉魚潭舉行，來自全球21個國家與地區、158支俱樂部隊伍、超過5700名選手參賽，由國際龍舟聯合會（IDBF）主辦的最高層級俱樂部賽事，參賽單位為民間、學校或獨立龍舟俱樂部，賽事為俱樂部制而非國家隊制。國際龍舟聯合會是全球龍舟運動官方管理組織，由中國、香港、中華台北、新加坡等12個國家或地區創始，總部設於香港。第15屆IDBF世界俱樂部龍舟錦標賽（CCWC）即日起一連六天在花蓮舉行，市區街頭掛滿參賽國的國旗，縣府選掛中華奧會會旗。（記者王錦義攝）第15屆IDBF世界俱樂部龍舟錦標賽（CCWC）即日起一連六天在花蓮舉行，市區街頭掛滿參賽國的國旗，縣府選掛中華奧會會旗。（記者王錦義攝）    ,https://news.ltn.com.tw/news/politics/breakingnews/5558044
陳其邁最後一次被黨團質詢  民進黨團贈應援手燈,政治,2026/08/31 13:32,高市議會民進黨團高度肯定市長陳其邁政績，送花送熊還送手作應援燈。（記者王榮祥攝）高市議會民進黨團對市長陳其邁做最後一回黨團質詢，除肯定陳其邁83.5%高滿意度，並致贈融合演唱會、台積電晶片及成圓輕軌意象的手燈給陳其邁，象徵高雄六年來「轉型有成、成長有感」，期許城市持續發光發熱。黨團總召江瑞鴻指出，市府面對財政、產業轉型與重大建設等挑戰，仍穩健推動市政，最新民調顯示陳其邁施政滿意度達83.5%，且不同政黨支持者均有過半肯定，顯示6年施政成果已跨越政黨藩籬，獲多數市民認同。請繼續往下閱讀...議員鄭孟洳聚焦財劃法修法衝擊，批評國民黨市長參選人柯志恩迴避高雄實際上「分得較少、減得較多」的完整事實，既然柯志恩支持行政院版財劃法，就應要求國民黨團儘速付委排審，不要只在高雄把手伸向行政院，也要回到立法院，為高雄把手舉起來。黨團幹事長林智鴻肯定演唱會經濟及果嶺公園、高雄親子遊樂園區、星光水岸公園等新亮點，也替市民追問明年冬日遊樂園是否續辦，期待繼黃色小鴨、超人力霸王後，還有什麼超人氣IP角色會來高雄和大家見面。議員林志誠則表示，台積電從國民黨唱衰「不可能來高雄」，如今已有6座廠布局，該項市民滿意度高達86.3%；議員黃秋媖肯定「輕軌成圓」，並替通勤族關注後續新車輛購置進度。最後全體黨團成員一同向陳其邁致贈手燈，並高舉支持布條，場面溫馨。民進黨團致贈融合演唱會、台積電晶片及成圓輕軌意象的手燈給陳其邁，象徵高雄六年來「轉型有成、成長有感」，期許城市持續發光發熱。（記者王榮祥翻攝）    ,https://news.ltn.com.tw/news/politics/breakingnews/5558039
鄭朝方拋青創支持與24小時運動廊道 誓言打造新世代城市生活感,政治,2026/08/31 13:30,民進黨新竹縣長參選人鄭朝方出席「竹縣青年城市沙龍」，與來自科技、教育、文化等領域的移居青年面對面交流。（鄭朝方競辦提供）民進黨新竹縣長參選人鄭朝方昨（30日）晚出席「竹縣青年城市沙龍」，與來自科技、教育、文化等領域的移居青年面對面交流。鄭朝方在會中提出兩大青年政策方向與「24小時運動廊道」願景，強調城市治理不只要留住人才，更要讓青年在科技城「好好生活」，力求將成功的「竹北經驗」擴大至全縣。鄭朝方指出，針對青年創業痛點，他提出「青年首次創業支持計畫」，整合創業諮詢、品牌與行銷資源，並活化公有空間打造青年創業基地，降低青年跨出創業第一步的門檻。請繼續往下閱讀...他以「竹北好市」與「竹北伴手禮節」的成功實績為例，說明如何透過資源整合、品牌包裝與實體通路，協助在地特色青創品牌對接市場、加速產品孵化。未來，他將把這套品牌行銷模式擴大至全縣13鄉鎮市，串聯地方特色產業，打造具競爭力的城市品牌。「城市除了工作，也應該讓人好好生活。」鄭朝方指出，新竹長期給人冰冷的科技產業印象，須建立符合年輕世代的「城鎮生活感」。他舉大新竹首座公立匹克球場與竹北星際系列運動場地等潮流建設為例，表示未來將持續推動運動專項場地、藝文展演與市集，讓青年願意在此成家立業。針對科技產業輪班族群的生活特性，鄭朝方特別拋出「24小時運動廊道」願景。他深知科技人作息並非傳統朝九晚五，因此計畫檢視頭前溪沿岸高灘地，導入友善照明、安全設施與休憩場域，打造不同時段都能安心使用的運動環境，讓公共空間真正貼近新竹人的真實作息與需求。鄭朝方強調，青年提問背後正是對未來的期待。他將持續傾聽青年聲音，讓政策從青年需求出發，攜手青年共同決定新竹的未來，實踐「竹北經驗，竹縣實現」的承諾。鄭朝方表示，未來要建立符合年輕世代的「城鎮生活感」。將竹北星際系列運動場地等潮流建設經驗，推廣到全縣13鄉鎮市。（記者廖雪茹攝）鄭朝方表示，未來要建立符合年輕世代的「城鎮生活感」。將竹北星際系列運動場地等潮流建設經驗，推廣到全縣13鄉鎮市。（記者廖雪茹攝）鄭朝方提出兩大青年政策方向與「24小時運動廊道」願景，期讓青年在科技城「好好生活」。（記者廖雪茹攝）    ,https://news.ltn.com.tw/news/politics/breakingnews/5558010
下任高雄市長須具備條件？ 陳其邁這樣說,政治,2026/08/31 13:22,高市議員林志誠詢問下屆高雄市長應具備條件，陳其邁答詢說明他的看法。（記者王榮祥翻攝）民進黨高市議員林志誠今質詢市長陳其邁，提問他認為下屆高雄市長應具備哪些條件？陳其邁答詢說，有無替高雄爭取預算、有無站在高雄立場講話、高雄被抹黑時有無挺身捍衛，最重要的是要能跟高雄一起努力。陳其邁指出，高雄這幾年已從重工業城市、逐漸轉型到高科技宜居城市，這是很多人長期累積、一起努力的成果，從不被看好、被唱衰，到今天產業發展、轉型稍具雛型，逐漸成為半導體S廊帶樞紐。請繼續往下閱讀...他特別感謝林志誠、邱俊憲兩位議員，以及議長康裕成，提到這幾年只要高雄三山地區有需要，兩位議員及議長都看的到、都在幫忙解決問題。陳其邁認為要檢驗一位政治人物，可看他對高雄過去的努力、跟高雄有關重大議題時的立場  、有無替高雄爭取預算、有沒有站在高雄立場為高雄講話、有不實謠言抹黑高雄時有無挺身捍衛高雄，這些都是必要的。他進一步指出，高雄需要一個做事努力的人，高雄早已告別唱衰喊口號的時代，高雄未來的發展關鍵，需要有願景有決心有魄力，最重要的是能跟高雄一起努力的市長。    ,https://news.ltn.com.tw/news/politics/breakingnews/5558009
傳中共接觸周子瑜！吳欣岱示警統戰升級 批藍白大砍文化預算,政治,2026/08/31 13:14,TWICE成員周子瑜。（資料照）針對媒體報導南韓女團TWICE成員周子瑜與JYP經紀合約即將到期，傳出中國涉台系統正積極接觸其家人，試圖以進入中國龐大娛樂市場為誘因，要求其未來針對「一個中國」甚至統一等政治立場進行表態，台灣基進台北市議員參選人吳欣岱今（31）日表示，此即中國文化統戰手法全面升級的訊號，統戰模式已從十年前的強硬威逼轉變為更具誘惑力的市場利益輸送；與此同時，藍白卻在立院大砍台灣本土文化預算，無疑是自廢武功。吳欣岱回顧十年前，周子瑜在南韓節目中手持中華民國國旗，遭藝人黃安密集舉報台獨，隨即引發中國網友抵制、廣告代言遭撤與演出取消，年僅16歲的周子瑜最終被迫錄製影片低頭致歉，照稿唸出「中國只有一個，海峽兩岸是一體的」。當時的粗暴打壓引發台灣社會強烈反彈，更在隨後的總統大選中激發約50萬選民憤而投票。請繼續往下閱讀...然而，十年間中國的統戰策略出現了根本性的轉變。吳欣岱指出，如今中國不再輕易發動網路出征，轉而透過央視率先發布統一文宣，再由台灣藝人接連轉發表態，短短幾天內便累積近百位藝人配合、創造微博十幾億次閱讀與千萬次轉發。國安局亦曾證實，中共透過簽署一中認同文件、查稅施壓及活動審批等手段進行政治操作。吳欣岱分析，十年前是「不表態就處罰」，現在則演變為「只要表態就給予市場、戲約、流量與代言」。中國學會了「北風與太陽」的道理，最致命之處在於政府根本無需親自下令，經紀公司、平台與製作人就會因明瞭紅線而主動自我審查。林志玲近期公開接任文策院董事後，隨即遭到中國戲劇與綜藝節目迅速撤換，正是最直接的警訊。在中國積極以國家力量扶植市場與文化影響力的同時，吳欣岱痛批台灣內部的文化根基卻遭到無情削弱。今年度中央政府總預算中，文化部主管預算遭立法院刪減10億元、凍結3.86億元，合計超過13億元，重災區正是公視、TaiwanPlus與文策院等關鍵文化機構，甚至有中國國民黨籍的台北市議員公開宣稱預算「砍一砍真的是剛好而已」。吳欣岱質疑，當中國用傾國之力包裝市場陷阱時，台灣若反過來削弱自身的公共媒體與文化產業，未來將拿什麼告訴下一個周子瑜「妳不需要用政治認同換取工作，台灣也能給妳足夠的舞台」？吳欣岱強調，文化統戰最深層的危機，是讓自我審查演變成社會的既定潛規則。一旦大眾逐漸習慣「表態自稱中國人才能工作」、「避開台灣文化機構才算安全」的氛圍，社會將陷入無聲的崩潰，因為屆時已經不需要任何外部勢力逼迫，大家就會自己選擇閉嘴。十年前台灣看見一個年輕女孩被迫低頭，十年後的今天，更令人擔憂的是背後那隻無形施壓的手正被逐步合理化與忽視。    ,https://news.ltn.com.tw/news/politics/breakingnews/5557998
登記拚新北議員連任 綠營廖宜琨：9/2聯合登記展現全壘打氣勢,政治,2026/08/31 13:12,廖宜琨（左）在妻子陪同下，今到新北市選委會登記參選，爭取連任。（記者黃政嘉攝）2026年九合一選舉受理登記第1天，民進黨新北市議員廖宜琨（土樹三鶯）今早在妻子陪同下，到新北市選委會登記參選，爭取連任，他說，這週三9月2日還是會參與民進黨新北市長參選人蘇巧慧、新北隊的聯合登記，展現民進黨全壘打的氣勢，盼綠營重返新北執政，同時爭取在議會過半，推展市政。廖宜琨今天和妻子一同穿著「蔡英文唯一推薦、財經專業」的Polo衫，神情輕鬆來到選委會進行登記作業，他表示，在妻子挑過黃道吉日之下，今早就來登記參選，但民進黨新北隊這週三，大家還是會跟蘇巧慧一同參與聯合登記，展現出蘇巧慧過關、民進黨紅不讓的氣勢。請繼續往下閱讀...他指出，新北市就是一個團隊，不分派系，大家一起努力，這次民進黨有機會把新北市府的政權拿回來，綠營團結一致，盼將這場選戰打好，畢竟蘇巧慧若當選新北市長，仍希望民進黨在議會還是要過半，讓市政順利推展，因此盼蘇巧慧過關，民進黨紅不讓。廖宜琨也分享，第一次競選登記時比較緊張，現在其實還好了，但面對選戰，他一樣是戰戰兢兢的態度，選前3個月，他會持續一步一腳印，掃街拜票、舉辦座談會，跟民眾說明政績、政見宣揚，把握爭取民眾支持的機會。廖宜琨（右）說，他這週三還是會參與民進黨新北隊的聯合登記，展現全壘打氣勢。（記者黃政嘉攝）    ,https://news.ltn.com.tw/news/politics/breakingnews/5558001
律師吳炳輝登記參選雲林縣長 2022年參選台南市長失利,政治,2026/08/31 13:09,2026九合一選舉31日開始登記，雲林縣第3選區議員參選人陳乙辰拔得頭籌，爭取連任。（讀者提供）2026九合一選舉8月31日起至9月4日受理參選人登記，今天首日雲林縣第三選區縣議員參選人陳乙辰拔得頭籌，上午7點多就在雲林縣選委會門口等候，8點多完成登記，2022年參選台南市長失利、律師吳炳輝登記參選雲林縣長。縣選委會統計，今天上午縣長、議員部分共有6人登記。2026九合一選舉將在11月28日投票，雲林應選686席，分別為縣長1席、議員45席、鄉鎮市長20席、鄉鎮市民代表228席、村里長392席。請繼續往下閱讀...今日起受理參選人登記，縣長、縣議員在雲林縣選委會登記，鄉鎮市長、鄉鎮市民代表、村里長則在各鄉鎮市公所。雲林第三選區議員參選人陳乙辰一早7點多即在支持者陪同下抵達縣選委會門口等待，8點多在支持者高喊當選聲中完成登記。另執業律師吳炳輝今天上午登記參選雲林縣長，他曾參過台南市立委、台南市長及雲林縣立委、虎尾鎮長補選。國民黨提名斗六市長參選人黃尤美今天上午9點5分在國民黨雲林縣黨部主委簡明欽、斗六市長林聖爵及數十名支持者陪同下登記。截至今天中午12點，縣長、縣議員有6人完成登記，名單如下，縣長：吳炳輝；議員：第三選區陳乙辰、黃美瑤，第五選區郭佩瑄，平地原住民吳佶娜，山地原住民高瑛翠。挑戰連任，雲林第三選區縣議員黃美瑤完成登記。（讀者提供）雲林縣第五選區議員參選人郭佩瑄（前排右2）在支持者陪同完成登記。（記者黃淑莉攝）國民黨提名斗六市長參選人黃尤美在市長林聖爵及支持者陪同完成登記。（記者黃淑莉攝）    ,https://news.ltn.com.tw/news/politics/breakingnews/5557993
衛福部爆有共諜！女研究員涉5000元賤賣機密資訊 保護司揭職務內容,政治,2026/08/31 13:08,橋頭地檢署偵辦馬德共諜案再擴大，揪出衛福部副研究員從重求處有期徒刑12年。（資料照）前中天新聞主播「馬德」林宸佑共諜案又有新進展，衛福部林姓女約聘副研究員涉自去年5月起以手機翻拍秘密公共文書提供給境外敵對勢力，被橋頭地檢署偵查後提起公訴，求處12年重刑。衛福部保護司長郭彩榕指出，林女已於今年5月由家人代辦離職，在職期間未接觸機密資料，主要工作為補助案件行政工作協助，衛福部持續配合檢調一切調查。地檢署偵辦林宸佑共諜案發現，林姓女約聘副研究員在公部門搜集記者名單、政府黑料等，並以每月5000元價碼賤賣相關資料，透過通訊軟體傳送給境外敵對勢力獲利，並成為中國「白手套」，協助轉帳給被中共吸收的國軍官兵，經調查後被以違反「國家安全法」、違背職務收受賄賂罪等起訴。請繼續往下閱讀...對此郭彩榕說，林女於去年6月入職、今年5月25日離職，在部內期間從事業務與機密資料無關，主要內容為民間團體等補助案件處理，如公文發放、核銷協助等行政工作，而當初也不清楚林女離職原因。此外，郭彩榕指出，林女約莫自5月初起就沒有到部內上班，並以事假與個人其他休假方式請假，當初側面了解僅能得知林女是遭地檢署羈押，細節則因偵查不公開而無法得知。郭彩榕表示，林女長時間請假後，直到5月25日，也並非親自辦理離職，而是「家人受林女委託來幫忙辦離職」，且當初家人說明離職原因時，也沒有描述細節。因此，郭彩榕坦言，今日看到地檢署資訊與新聞才知悉林女涉犯情節、可能入職前就與中國有所往來一事，對於中國透過金錢利誘公務人員提供資料的做法予以譴責，且衛福部配合檢調一切調查。郭彩榕說，約聘人員屬於準公務員，公務員須遵守的規範，約聘人員也要遵守，保護司約有1/10的人員屬於約聘人員，未來聘用上會更加嚴格，除考量業務適任程度外，也會檢視過去任職單位，至於是否能與司法單位串接，涉及法律授權與整體公務人員進用制度，保護司配合人事進用規定辦理。    ,https://news.ltn.com.tw/news/politics/breakingnews/5557995
半世紀最強！上半年經濟成長衝14.15％ 賴清德：每年250億助轉型,政治,2026/08/31 13:07,總統賴清德今接見中華民國工商協進會第27屆新任理監事時表示，今年上半年的經濟成長率達14.15%，是半世紀以來同期最強表現。（圖由總統府提供）總統賴清德今接見中華民國工商協進會第27屆新任理監事時表示，今年上半年的經濟成長率達14.15%，是半世紀以來同期最強表現，當前正是台灣產業轉型升級的重要時刻，為了提升整體產業競爭力，明年起每年將挹注250億元協助中小微企業轉型升級；政府也推出「AI新十大建設」，確保台灣在高科技領域的領先地位。賴清德表示，今年6月工商協進會順利完成換屆改選，恭喜吳東亮理事長高票連任，當前正是台灣產業轉型升級的重要時刻，資深企業家的經驗或青年企業家的新世代思維，都將為工商協進會注入豐沛的能量，協助台灣產業的發展，期盼攜手推動台灣經濟進一步發展。請繼續往下閱讀...賴清德指出，今年上半年的經濟成長率達到14.15%，是半世紀以來同期最強表現，今年全年的經濟成長率更預估可達到11.05%，創下39年來的新高。賴清德表示，台灣不僅擁有領先全球的科技成就，台灣的扣件、手工具、水五金、精密機械等，在全球的供應鏈中更占有不可取代的地位，政府有責任打造良好的發展環境，讓不同領域、不同規模的產業都能掌握轉型、成長的機會。賴清德，2024年上任後他提出「中小微企業多元振興發展計畫」，每年編列100多億元；今年就職滿2年時再宣布推出1項規模1千億元、為期8年計畫。明年起每年將挹注250億元協助中小微企業轉型升級。另外，政府也正研擬「中小微企業轉型升級發展條例草案」，希望對中小微企業的支持能夠制度化，促進永續發展。賴清德指出，為確保台灣在高科技領域的領先地位，政府推出「AI新十大建設」，包括4大基礎工程。第一是人力培育，希望在2040年之前培養至少50萬名AI應用人才；第二是建設國家算力中心，目前已在台南南部科學園區啟用；第三是打造AI主權資料中心；第四則是確保電力穩定，並促進台灣區域平衡發展。賴清德進一步指出，「AI新十大建設」也將聚焦3大關鍵研究，包括量子運算、矽光子及機器人，並希望達成3項具體目標：第一，協助至少百萬家中小微企業數位轉型；第二，將台灣打造為人工智慧創新創業的生態系；第三，讓未來食衣住行育樂及士農工商等各領域都能導入人工智慧，使台灣成為人工智慧的生態圈，在未來持續保有領先地位。中華民國工商協進會理事長吳東亮率領第27屆新任理監事，在經濟部次長賴建信陪同下前往總統府會見總統。（圖由總統府提供）    ,https://news.ltn.com.tw/news/politics/breakingnews/5557999
郭璽批「郭」萬安背離蔣經國反共路線 沈伯洋沒有政治sense,政治,2026/08/31 13:05,台灣麻將最大黨黨主席郭璽。（記者方賓照攝）九合一大選年底登場，今日起開放公職人員選舉候選人登記參選，台灣麻將最大黨主席郭璽為首位登記參選台北市長的參選人。郭受訪表示，台北市長蔣萬安真名是章萬安或郭萬安，一直想姓蔣，但完全背離經國先生反共路線；他也說，民進黨台北市長候選人沈伯洋確實是好人、好好先生，但真的不適合做政治人物，沒有政治sense！郭璽向國民黨支持者喊話：「如果你是真正的國民黨黨員，你們應該支持的是郭璽，因為郭璽是真正堅持守護著經國先生的路線。」國民黨的總裁、總理、經國先生諄諄教誨你們的是，堅持反共的立場、愛台灣，現在立院卻有很多立委，如傅崐萁、王鴻薇、葉元之都在抱著中共大腿。請繼續往下閱讀...郭也說，他的可能競爭對手蔣萬安，真名是章萬安或郭萬安，一直想姓蔣，但完全背離蔣經國反共路線，「我們反對共產主義，反對共產黨侵略台灣！」至於沈伯洋引起的「洋流」，郭璽說，民進黨推出沒有參加過中央或地方選舉的沈出戰；大罷免時期，沈伯洋也形成一股風潮，但郭璽認為，沒有一個國家一次罷免所有在野黨立委，這是錯誤的，推動此事的人沒有智慧、沒有經驗、沒有常識。雖然郭璽在電視節目錄影時，都覺得沈伯洋是好好先生，確實是好人，但真的不適合做政治人物，「政治人物應該要有政治的基本sense、敏感度。」郭璽引述孫中山遺囑「天下為公，選賢與能」，表示台北市民就應該選郭璽，表示自己成功經營7家公司，請問「章」萬安先生、沈伯洋先生，有沒有很成功地經營過一家公司？沒有！並說經營公司跟治理、治理市政是一樣的道理。也就是說，你必須有管理的能力，就能把台北市政做好、管理好。台灣麻將最大黨黨主席郭璽。（記者方賓照攝）    ,https://news.ltn.com.tw/news/politics/breakingnews/5557973
自由觀點》「弓箭手」20秒快打快撤 我國老舊火砲快點換,政治,2026/08/31 13:00,    ,https://news.ltn.com.tw/news/politics/breakingnews/5554852
黃國昌至中市陪同黨參選人登記   強調6席全上組議會黨團,政治,2026/08/31 12:55,"黃國昌扮演母雞，帶六位中市議員參選人聯合登記。（記者蘇金鳳攝）民眾黨主席黃國昌到台中市選委會，與中市黨部主委陳清龍陪同6位市議員參選人登記，眾人高喊「團結勝利，六席全上」、「民眾台中隊、黨團在議會」，黃國昌表示，民眾黨這一次推出來的參選人都非常的優秀，目標就是要把這6位優秀的議員參選人送進台中市議會成立台灣民眾黨團。黃國昌表示，台灣民眾黨會堅持努力走自己的路，而台灣民眾黨把這一次推出來的候選人都非常的優秀，就像今天他陪同台灣民眾黨的「民眾台中隊」6位非常優秀的戰將, 在登記的第一天就到台中市選委會來辦理登記一樣，有最堅強的陣容及優秀的人才，民眾黨目標就是要把這6位優秀的議員參選人送進台中市議會，成立台灣民眾黨團。請繼續往下閱讀...今天登記的6位市議員參選人是第2選區（清水梧棲沙鹿）的陳永祥、第4選區（后里豐原）連小華、第6選區（西屯）劉芩妤、第8選區（北屯）邱于珊、第12選區（太平）許書豪，第13選區（大里霧峰）現任市議員江和樹。    ",https://news.ltn.com.tw/news/politics/breakingnews/5557989
頭份市長選戰 曾玟學拋「照護網」 聚焦早療、藥師到府、喘息服務,政治,2026/08/31 12:50,頭份市長選戰，曾玟學拋「照護網」聚焦早療、藥師到府、喘息服務。（曾玟學提供）苗栗縣議員曾玟學備戰年底頭份市長選舉，提出「從孩子到長輩，打造更完整的頭份照護網」政見藍圖，曾玟學說，盲目加碼現金政策可能對市公所財政造成長期負擔，應將有限資源精準挹注給最需要的族群，主張以「計畫型預算」發揮主動治理功能，補齊社會安全網漏洞。曾玟學表示，福利政策要打造永續且具溫度的照護體系，並宣佈三大實質福利方案，第一項為兒童早療加碼：除了中央已有的基礎補助，市公所再加碼針對0至6歲兒童提供早期療育自付費用補助，每人每年最高1.2萬元；市公所定期與醫院及地方社團合作，邀請專業治療師提供發展篩檢與諮詢，達到「早發現、早介入」效果。請繼續往下閱讀...第二則是藥師到你家：降低長輩負擔，將與在地藥局及專業藥師合作，優先對獨居、失能或行動不便長者提供慢性病處方藥送藥到府並同步進行居家關懷及衛生教育，減輕長輩奔波負擔。三、照顧者喘息服務：市公所會與受訓合格照顧服務員合作，提供頭份專屬的喘息照顧補助。讓長照服務額度外的需求，或是申請期間空窗期的緊急喘息，為家庭照顧者的堅實後盾。曾玟學強調，從幼童成長到長輩晚年，市公所將主動補位，讓照顧的重擔不再由每個家庭獨自承擔。    ,https://news.ltn.com.tw/news/politics/breakingnews/5557988
台灣前進陣線新北推4議員選將 王婉諭：目標組成黨團,政治,2026/08/31 12:50,「台灣前進陣線」在新北市推出4名議員參選人，今天至新北市選委會聯合造勢。（記者賴筱桐攝）「台灣前進陣線」在新北市推出4名議員參選人，今天在時代力量黨主席王婉諭等人陪同下，至新北市選委會登記及造勢。王婉諭說，年底選戰的目標是希望台灣前進陣線在新北市議會組成黨團，不管新北市長是藍、是綠，他們都跟市民站在一起，扮演專業監督者的角色。台灣前進陣線在新北市推出4名議員參選人分別是甘崇緯（新莊區）、陳宛毓（三重、蘆洲區）、張佑輔（新店、深坑、石碇、坪林、烏來區）以及郭書成（汐止、萬里、金山區）。請繼續往下閱讀...王婉諭表示，新北市是全台人口最多的城市，也是對第三勢力最艱難的選區，因為很多議員的背景來自建商、營造、開發業，長期以來小市民的聲音和力量難以團結，也缺少為生活發聲、解決問題的代言人。王婉諭強調，這次在新北推出的4名參選人各具專業，也是多年來在地方做事的人，希望改變在地的政治文化，年底的選戰目標是希望新北市議會有台灣前進陣線的聲音，並組成黨團，不管新北市長是藍、是綠，台灣前進都跟市民站在一起，為市民發聲，做專業監督者，讓市政持續發展，大家生活更好。台灣基進黨主席王興煥指出，台灣前進陣線是由台灣基進、時代力量、綠黨、小民參政歐巴桑聯盟共同組成，在台灣是忠於國家、忠於台灣的在野黨、反對黨，在新北市是忠於城市、忠於新北的監督者、在野黨和反對黨，不論最後新北市長的選舉結果，台灣前進一定會忠於新北市民、理性問政。台灣綠黨共同召集人王彥涵質疑，新北市長侯友宜經常把「好好做代誌」掛在嘴邊，但是新北市民有感受到嗎？不論是交通、居住、兒少、AI科技、氣候災難治理，都只會說漂亮話，市民感受到科技執法越來越多、開很多罰單，但是道路工程沒做好，把土地讓給財團、規避監督，把公帑當成私房錢，希望民眾給台灣前進一個機會，未來市民可以安心牽著小孩上學，長輩能夠在平整的人行道散步，享有完善的長照服務，替家庭分擔照顧量能。「台灣前進陣線」在新北市三重、蘆洲區推出市議員參選人陳宛毓。（記者賴筱桐攝）    ,https://news.ltn.com.tw/news/politics/breakingnews/5557985
賴懋慶、沈震南搶頭香登記 「惠郭」連線力挺新人,政治,2026/08/31 12:44,登記首日，台南「惠郭」連線助新人沈震南、賴懋慶陣搶頭香。（記者王姝琇攝）台南市第4選區民進黨議員參選人賴懋慶以及第8選區議員參選人沈震南，由大學長郭國文立委、大學姐賴惠員立委「惠郭」（會過）連線助陣，競選連任的議員黃肇輝、王宣貿、蔡麗青、余柷青及將交棒的議員沈震東陪同搶頭香聯合登記。郭國文表示，賴懋慶在其玉井服務處擔任特助7年，沈震南在哥哥沈震東議員服務處也協助8年，絕對可以擔任好議員的角色；2位新人的勝選是在於確保民進黨在台南市議會能繼續過半的關鍵。因此，想到其在第1屆議員的任內與邱莉莉及賴惠員就曾組「莉惠郭」連線，再度合體相挺，為今天登記的參選人加持「會過」。請繼續往下閱讀...賴惠員表示，民進黨有優質的民主傳承，無論是第1次參選即當選即將成為學長姐的議員，還是這次的新人，都能秉持民進黨理念為民服務，期許大家都順利當選。余柷青特地穿上代表一馬當先、馬到成功的馬裝，在呼口號後，與沈震南、賴懋慶、黄肇輝一起完成登記。黄肇輝說，以學長身分和其他議員帶2位未來學弟一樣在第1天就登記。除了延續上屆求勝、必勝的決心，也表示其行動力絕不拖泥帶水，務求搶得先機旗開得勝，尤其賴懋慶過去是在郭國文立委服務處的學長學弟關係，未來也能成為議會的學長學弟。    ,https://news.ltn.com.tw/news/politics/breakingnews/5557944
巧合？ 彰縣議員陳重嘉選縣長 父親陳朝容也做過「這件事」說話了,政治,2026/08/31 12:43,陳朝容是政壇老將，曾加入國民黨與親民黨。（資料照）無黨籍彰化縣4連霸議員陳重嘉今天（31日）登記參選彰化縣長，巧合的是，其曾任立委的父親陳朝容，也曾在2005年登記參選彰化縣長，但同一天又登記參選縣議員，因而喪失縣長及縣議員參選資格。對於兒子登記參選縣長，陳朝容強調，他不知情，他也沒有時間輔選！陳朝容接受記者電訪時指出，對於兒子陳重嘉登記參選縣長，他事先並不知道，兒子也沒有跟他說，他既然都已經選了4次縣議員，他要選什麼，就由他自己去處理，自己去決定。陳朝容強調，他沒有時間幫兒子輔選，也沒有時間去管政治。請繼續往下閱讀...陳重嘉今天登記參選彰化縣長引發各界關注，政壇人士回想起，陳重嘉的父親陳朝容，也在21年前以國民黨籍立委的身分登記參選縣長，但同一天又登記參選縣議員，因此喪失縣長與縣議員的參選資格。由於陳朝容有同一天登記參選縣長、縣議員，造成喪失兩者的參選資格的前例，陳重嘉對此強調，他是選真的，他會參選到底！彰化縣4連霸議員陳重嘉的父親陳朝容是政壇老將，曾加入國民黨與親民黨。（資料照 ）    ,https://news.ltn.com.tw/news/politics/breakingnews/5557968
李宗翰登記首日巧遇生日 陳亭妃驚喜現身祝福,政治,2026/08/31 12:40,台南市議員李宗翰（右2）生日登記參選，陳亭妃（左2）驚喜現身祝福。（李宗翰提供）台南市議員李宗翰在30位里長陪同下赴台南市選委會登記，登記巧遇生日，民進黨市長參選人陳亭妃特地帶著蛋糕現身獻上祝福並陪同登記。李宗翰表示，正好登記首日就是生日，感謝30位里長及百位支持者一早從大新營各地出發，34年前的今天其實也是母親特別辛苦日子，稍早跟議員陳怡珍討論選務時，剛好提及登記時間，沒想到陳亭妃委員就出現在這邊給予支持及祝福，實在「足感心」。請繼續往下閱讀...陳亭妃表示，李宗翰是台南市議會民進黨團總召，不論是過去2年的風災還是水患，還是平時議會工作及市政爭取也都非常認真，今天祝福宗翰順利連任也道賀生日快樂。李宗翰表示，生日願望第一希望台南風調雨順、市民平安，再來是民進黨陳亭妃高票當選、市議員全壘打。    ,https://news.ltn.com.tw/news/politics/breakingnews/5557957
宜蘭少子化加劇！吳宗憲推安心托育站 補足夜托與假日托育缺口,政治,2026/08/31 12:40,國民黨宜蘭縣長參選人吳宗憲拋出安心托育站政見，補足夜托與假日托育缺口。（圖由吳宗憲競辦提供）國民黨宜蘭縣長參選人吳宗憲今天（31日）拋出「安心托育站」政見，運用現有親子館、社福中心與公托中心，逐步補足臨托、延托、夜托及假日托育缺口。吳宗憲指出，宜蘭縣出生人口持續下降，以最近2年為例，2024年有2443人，2025年降至1913人，1年減少530人，少子化已成國安危機，他也感嘆街頭常見外送員帶著孩子辛苦送餐，雙薪、單親、輪班家庭面臨找不到臨時托育的困境。請繼續往下閱讀...吳宗憲說，他在「挺立三明治世代」政見中，提出每月1000元育兒用品券及一鄉鎮一公托，下一步要推行「安心托育站」，他強調絕不增加現有員工工作量，臨托、夜托、假日托育另行增聘專責托育人員，經費由縣府編列預算支應，並納入委外契約，同時推動親子館人才留任加給，任職滿1年每月增加2000元，依年資逐級提高，最高1萬元。在托育安全上，吳宗憲主張採取預約制，照顧比最高1比3，2歲以下嬰幼兒（含夜托）最多1比2。此外，將結合幼保、健康照護科系及壯世代培訓，建立專責人力庫，擴充托育量能。    ,https://news.ltn.com.tw/news/politics/breakingnews/5557961
10歲女童案不道歉、遮陽傘扯高雄  綠譏蔣萬安「問A答B」功力昇華,政治,2026/08/31 12:34,台北市長蔣萬安今受訪時，對於高雄市長參選人賴瑞隆要求公開辯論回應，「他要不要先問問看台南立委（兼台南市長參選人）陳亭妃的意願？」（記者張嘉明攝）針對台北市近期爆發10歲女童疑遭猥褻未獲安置案，民進黨發言人吳崢今天痛批，台北市長蔣萬安持續閃躲不願道歉，施政怠惰無能，已成為台北市孩童與家長的噩夢；只會「問A答B」包裝漂亮人設欺騙市民，更是不堪檢驗，淪為台北市最大笑話。吳崢表示，台北市近期遭議員踢爆10歲女童疑遭猥褻，通報後歷經240天未獲安置案件，蔣萬安面對嚴重兒少漏洞，竟然將責任推給社工迴避問題，事件曝光第4天才姍姍來遲在臉書發文。從幼兒園兒虐案到10歲女童案，如今又被爆出北市高達303件兒少案件調查與裁處延宕，蔣萬安施政怠惰無能，卻屢屢不願道歉，態度傲慢、令人心寒。請繼續往下閱讀...吳崢表示，蔣萬安從幼兒園兒虐案蓋牌、女童案顧左右而言他遲不道歉，到自家藍營議員質詢是否支持庇護工場都能「問A答B」；面對北市天價遮陽傘、格柵吸菸區等爭議時，竟還硬扯高雄市前鎮漁港與台南市。蔣萬安不願面對市政缺失，也不願回應民進黨台北市長參選人沈伯洋的辯論邀請，反倒是「問A答B」的轉移話題功力持續昇華，已成為台北市最大笑話。「蔣萬安只會包裝漂亮人設、欺騙市民 實則敗絮其中」此外，吳崢指出，台北市觀傳局「我是台北人」粉專貼文湧入大量東南亞帳號留言洗版，市府更承認設定錯誤。蔣萬安將市民納稅錢拿來買外國帳號，灌水衝流量，又在施政報告中吹噓粉專觸及900萬人。台北市在蔣萬安主政下劣跡斑斑，暴露蔣萬安只會包裝漂亮人設，欺騙市民，實則敗絮其中，完全不堪檢驗，更無法帶給市民安心與安全環境。    ,https://news.ltn.com.tw/news/politics/breakingnews/5557942
藍營台中市長參選人江啟臣  提出農業五大政策,政治,2026/08/31 12:28,江啟臣表示，未來將建立精準的細胞簡訊預警系統，降低農民的災損。（記者歐素美攝）國民黨台中市長參選人、立法院副院長江啟臣今天召開農業政策發布記者會，宣布五大政策，即再造「台中領鮮」品牌；透過台中會展中心及營養午餐，將台中的好味道帶到全世界；擴大產學合作，透過AI升級農業台中隊；擴大「台中農易通」功能，升級為APP；建立精準的細胞簡訊預警系統，降低農民的災損。江啟臣今天偕同台中市農會總幹事林育葦及青農等召開記者會，江啟臣表示，要將台中市農業往前再推一步，就是用科技幫助農民減輕負擔、用品牌幫農民增加收入、用市場幫農民增加通路，用政府的力量幫農民降低風險。請繼續往下閱讀...他提出具體五大行政政見，包括第一再造「台中領鮮」品牌，讓台中產品走向世界，未來將融入在地青農、品牌設計團隊，從包裝視覺到故事的全面行銷升級，讓品牌再造。第二，透過台中會展中心的國際櫥窗，讓全世界看見台中農產品，也吃到台中、愛上台中，將台中的好味道帶到全世界，另結合營養午餐免費，透過在地農產的契作、台中在地食材優先的機制，把蔬果搬上校園餐桌，讓孩子吃到在地的農產品，結合食農教育，讓營養午餐更有價值。第三是升級農業台中隊，AI時代來了，台中不只農業，還有機械、科技的優勢，將擴大產學合作，從病蟲害預測、溫室微控及自動化摘採，還有機器人的開發，從實驗室走到農田，幫助農友解決問題，就是「科技輔助，農民減負」。第四，將幫助農友的「台中農易通」網站，升級為APP，擴大功能，將農民需要的氣象預警、即時菜價，甚至是補助申請整合在手機裡，農作物生病，農友拍照上傳，甚至就可獲得資訊，了解是何病蟲害，可跟哪些單位連絡獲得幫助等，讓檢疫在第一線就發揮功能，讓科技走出辦公室、走進農田。第五，建立精準的細胞簡訊預警系統，極端氣候，政府不能永遠等到災後才來補助，應災前提供預防的作為，因此，未來針對特定產區或作物，將建立精準的細胞簡訊預警系統，政府要比災害早一步，降低農民的災損。國民黨台中市長參選人、立法院副院長江啟臣召開農業政策發布記者會，宣布五大政策。（記者歐素美攝）    ,https://news.ltn.com.tw/news/politics/breakingnews/5557864
「台北好政」登記參選！林延鳳、顏若芳帶隊 劉品妡、郭凡展新生代動力,政治,2026/08/31 12:27,台北市議員林延鳳、顏若芳與議員參選人郭凡、劉品妡組成「台北好政」連線，今（31）一起到台北市選委會登記參選。（記者方賓照攝）台北市議員林延鳳、顏若芳與議員參選人郭凡、劉品妡組成「台北好政」連線，今（31）一起到台北市選委會登記參選議員。劉品妡說，他們兩位新人跟著林延鳳、顏若芳學姐今天一起來登記，展現新生代投入參選的動力；郭凡提到，他帶著最強助選員Ninjaa，預告未來會有一系列的寵物政策。林延鳳表示，未來4年，一樣會秉持四大優先，也就是「台北優先、環境優先、弱勢優先、文化優先」概念。尤其未來在北士科整體的發展，包含社子島的開發、關渡平原的利用，都是台北市未來很重要的一塊發展用地。他們會好好監督，未來不管誰來擔任台北市長，監督的力道不會改變。請繼續往下閱讀...同樣拚連任的顏若芳說，「過去的四年我們是挺弱勢、挺青年、推福利，未來的四年仍然是一樣。現在台北市是一個超高齡化的社會，希望青銀共融、共創好地方」。顏若芳提到，他們挺青年，包含所有青年的福利政策、長輩的社會福利，以及弱勢團體，其實更需要政府的支持跟支援。年輕朋友被稱為「三明治世代」，若可以把長輩、小孩照顧好，再挺青年，其實年輕朋友可以更認真打拚。首度投入議員選舉的劉品妡表示，「新視野、新生代，帶來新台北」！讓文化走入日常，讓居住環境更安全，打造全齡友善的新台北。選上後，他們每一件為大家做的事，都會讓市民朋友看得見、超有感。郭凡則帶著最強助選員Ninjaa，也就是從高中陪他到現在的黑色貴賓狗。郭喊口號說，「越在地，越國際」，以在地核心為本，國際城市為核心，為你力拚四個凡事，凡事接軌國際、凡事好生活、凡事安居、凡事共榮。    ,https://news.ltn.com.tw/news/politics/breakingnews/5557936
盧秀燕核心鄭照新要去中國    綠營議會黨團:替盧秀燕未來兩岸路線探路？,政治,2026/08/31 12:26,民進黨中市議會黨團總召周永鴻質疑鄭照新去中國是替盧秀燕未來的兩岸路線探路。（記者蘇金鳳攝）有媒體報導盧秀燕親自拍板，由副市長鄭照新、工策會代表陳學聖及經發局長張峯源赴中國東莞參加台灣名品博覽會，民進黨台中市議會黨團總召周永鴻今（31）日表示，東莞台博會主辦單位包括中國地方政府涉台單位，既然盧秀燕沒有親自去，卻特別派出具政治論述能力的鄭照新、陳學聖等核心成員，當然有責任向台中市民說清楚，這趟究竟只是單純協助台商，還是在替盧秀燕未來的兩岸路線探路？周永鴻指出，媒體報導稱此行不安排與中國涉台事務官員私下會面或宴會，但活動本身就有中國地方政府及涉台單位參與，市府到了中國參加相關活動，實際接觸哪些中國官員，不能只用一句「沒有私下會面」帶過。請繼續往下閱讀...他強調，市府代表使用公務身分赴中，返台後就應公開完整行程、會面對象及談話內容，接受議會與市民監督。「表面說是去看台商，實際見了誰、談了什麼，回來全部攤在陽光下，這才叫公開透明。」周永鴻表示，江啟臣也應該回答，他是否事前知道這項安排，又是否認同盧秀燕此刻派核心幕僚赴中的政治判斷。他說，盧秀燕現在一方面全力替江啟臣「接棒台中」站台，另一方面派出核心團隊接觸中國事務，如果江啟臣要承接盧秀燕的政治路線，就不能只接選舉資源，卻不回答兩岸立場。「江啟臣知不知道？贊不贊成？未來如果當市長，台中市政府與中國官方交流的原則與紅線在哪裡？這些都應該講清楚。」周永鴻強調，盧秀燕近期公開站在翁曉玲一邊，到國民黨在國會對國防自主、無人機政策及相關預算採取的立場，「盧秀燕究竟要站在哪一條路線上？」面對中國威脅，自己的兩岸與國安立場，盧秀燕應該親自說清楚。    ,https://news.ltn.com.tw/news/politics/breakingnews/5557934
送自己背包給陳其邁  柯志恩：高雄交給我、換你繞著地球跑,政治,2026/08/31 12:18,高市議會國民黨團轉贈立委柯志恩的黃色背包，鼓勵陳其邁卸任後繞著地球跑。（記者王榮祥攝）高雄市長陳其邁今最後一次施政報告與接受黨團質詢，國民黨高雄市長參選人柯志恩委託黨團議員贈送黃色背包與親筆小紙條，紙條上寫著「其邁市長，高雄交給我，接下來換你繞著地球跑」。國民黨團說明，今特別準備一份由柯志恩構思的「畢業禮物」，送給即將卸任的市長陳其邁市長，這份禮物是柯志恩過去擔任外景主持人、出國工作時都會使用的旅行背包，她更親自寫下一張小紙條「其邁市長，高雄交給我，接下來換你繞著地球跑」。請繼續往下閱讀...黨團指出，背包裡原本還藏有一份「彩蛋」，卻因民進黨團議員惡意阻擋，遺憾無法將溫馨的祝福送達陳其邁市長手上。國民黨團表示，陳其邁過去多次接受媒體訪問時，曾提到這幾年幾乎都在工作，卸任後很想好好出去遊山玩水、環遊世界，因此黨團特別想到柯志恩曾擔任外景節目主持人，跑遍世界各地，都有一個陪著她四處工作的旅行背包。經詢問柯志恩，柯大方拿出自己過去出國常用的背包，希望透過國民黨團轉送給陳其邁市長，讓他卸任後真的可以背著包包，好好放一個這幾年沒有放到的長假。柯志恩除送出自己的旅行背包，也特別親筆寫下一張小紙條放在包內，上頭寫著：「其邁市長，高雄交給我，接下來換你繞著地球跑」，除祝福陳其邁卸任後可以好好休息，也展現柯志恩接棒高雄、承擔下一階段市政責任的決心。柯志恩送背包給陳其邁，還親筆寫紙條祝福。（國民黨團提供）    ,https://news.ltn.com.tw/news/politics/breakingnews/5557933
新北綠營正國會聯合領表造勢 喊關鍵7席全上議會過半,政治,2026/08/31 12:13,陳岱吟（左起）、陳俊維、山田摩衣、吳昇翰、李坤城、王義川、卓冠廷、陳乃瑜、蔡美華聯合造勢。（記者黃政嘉攝）今天是2026年九合一選舉受理登記首日，民進黨正國會立委王義川、李坤城早上陪同市議員卓冠廷（土樹三鶯）、山田摩衣（板橋）、陳乃瑜（新店、深坑、石碇、坪林、烏來），以及市議員參選人陳岱吟（新莊）、陳俊維（三重、蘆洲）、吳昇翰（土樹三鶯）、蔡美華（金山、萬里、汐止）到新北市選委會領表聯合造勢，喊出關鍵七席全上，讓民進黨團在議會過半，增加民進黨新北市長參選人蘇巧慧的戰力。民進黨新北隊預計在這週三舉辦市長議員聯合登記參選記者會，正國會7名參選人今天先來選委會領表造勢，眾人齊喊「正派出擊、新北升級！」李坤城表示，3位學長姐（現任議員）、4位學弟妹（新人）經驗、表現都非常傑出，也已準備好，關鍵七席能當選的話，民進黨在新北市議會一定能過半，相信未來他們一定能在地方爭取建設，最重要的是來監督未來的「市長」蘇巧慧。請繼續往下閱讀...王義川說，4年前「新板土連線」，陳乃瑜、卓冠廷、山田摩衣也在此地登記，這4年在新北市議會戰力超強，4年後的今天，多提了4位新人，讓民進黨新北市長參選人蘇巧慧當選後的議會戰力更加倍。4位新人其實都已做很久的政治幕僚跟地方服務，包括陳岱吟是前行政院長游錫堃最得力的助手；陳俊維跟著父親、新北市議員陳啟能在三重、蘆洲服務非常久；吳昇翰也跟著父親、立委吳琪銘在土樹三鶯長期服務；蔡美華則是他的國會辦公室主任，盼大家支持。卓冠廷指出，4年前他跟山田摩衣、陳乃瑜承諾聯合問政，這4年來沒讓大家失望，這次也盼大家支持，7席全上，讓蘇巧慧能有更大的後盾跟助力為市民服務。山田摩衣說，4年前鄉親是她們的靠山，今年爭取連任，盼板橋區鄉親當她最有力的支持者，「摩衣來當你們的靠山」。陳乃瑜說，過去她說要為基層發聲，這4年她兢兢業業為基層發聲、為長輩爭取福利，盼7位一起進入議會，為新北爭取更好的建設與福利。    ,https://news.ltn.com.tw/news/politics/breakingnews/5557926
竹北市長選戰藍白失和 李貞秀質疑黨中央領導,政治,2026/08/31 12:13,竹北市長選舉「藍白合」生變，前民眾黨中配立委李貞秀今天受訪時直言對民眾黨相當傷害，並質疑黨中央的領導能力。（記者廖雪茹攝）竹北市長選舉「藍白合」生變，前民眾黨中配立委李貞秀今天受訪時直言，黨內風波演變至此對民眾黨相當傷害，並質疑黨中央的領導能力；她呼籲各方應以大局為重、撫平支持者情緒，共同將目標放在2026年整合與2028年的政黨輪替。民眾黨日前宣布「竹北市長選舉藍白合破局」，國民黨新竹縣長參選人、立委徐欣瑩辦公室回應「相忍顧大局，共同下架民進黨」、「無權決定，自無失信於政治盟友」。民眾黨主席黃國昌批國民黨「說話不算話」；國民黨主席鄭麗文則以「竹北選情具高度特殊性、雙方評估不同」回應。請繼續往下閱讀...李貞秀今天上午登記參選新竹縣竹北市長。針對藍白合的紛擾與地方選舉，李貞秀直言，黨內風波演變至此對民眾黨相當傷害，並質疑黨內領導能力。她認為在欠缺確切證據、各執一詞的情況下相互指控並不妥當，呼籲各方應以大局為重、撫平支持者情緒。李貞秀並表示，其他參選人各自有其包袱與限制，而自己則完全沒有負面包袱，更能全心為民眾服務。她呼籲廣大選民與在野陣營，即使目前各有情緒或立場，也應以大局為重、好溝通。李貞秀強調，「沒有2026就沒有2028」，各界應深刻記住近年來的種種經歷，並在關鍵時刻集中投票、實現在野整合，共同推動政黨輪替，為地方帶來嶄新局勢。    ,https://news.ltn.com.tw/news/politics/breakingnews/5557927
翁曉玲感謝黨團挺刪庇護工場預算 郭昱晴轟： 罔顧弱勢冷血共犯,政治,2026/08/31 12:10,民進黨立委郭昱晴。（資料照）國民黨立委翁曉玲提案刪凍總統府國務機要費，導致庇護工場中秋月餅訂單臨時被取消，引爆黨內不滿。翁今受訪時並未認錯，更感謝「黨團支持」，否則案子不可能表決通過。民進黨立委郭昱晴批評，翁曉玲引發預算刪凍爭議後，眼見社會輿論大反彈，不但死不認錯，現在還急著在專訪中把政治責任甩鍋給自己黨內。郭昱晴認為，但甩鍋也掩蓋不了事實，在立法院表決的現場，這群藍白立委通通都按下了「同意贊成」的燈號。既然在關鍵時刻選擇集體背書，那就是罔顧民生、傷害弱勢的冷血共犯結構，誰也別想裝無辜！請繼續往下閱讀...她痛批，這群冷血按下贊成票的藍白委員中，還有多位正在爭取年底的縣市首長。一邊在立法院當盲目護航的惡鬥打手，另一邊卻想回地方包裝形象、騙選票。不過，現在再怎麼互推責任、怎麼甩鍋，都沒辦法撇清他們身為冷血共犯結構的決定。    ,https://news.ltn.com.tw/news/politics/breakingnews/5557924
馬德共諜案再擴大！檢方揪出衛福部副研究員洩密求處有期徒刑12年,政治,2026/08/31 12:03,橋頭地檢署偵辦馬德共諜案再擴大，揪出衛服部副研究員從重求處有期徒刑12年。（資料照）前中天新聞主播「馬德」林宸佑共諜案再擴大，橋頭地檢署揪出衛福部林姓副研究員被中國吸收，涉嫌蒐集政府黑料、翻拍秘密公文書獲利，甚至協助匯款給被吸收國軍官兵，檢方認定林女貪污、違反國安法，偵查終結提起公訴，求處重刑12年，林女移審後法院裁定續押。橋頭地檢署偵辦境外敵對勢力吸收公務員涉犯國家安全法等案件再擴大，查出林女任職於衛生福利部保護服務司擔任約聘副研究員，負責辦理與各縣市政府計畫補助案等業務，為依法令服務於國家所屬機關而具有法定職務權限公務員，去年5月起於網路結識境外敵對勢力集團成員暱稱「曾先生」，雙方約定林女達成特定任務，如提供記者名單、匯款、蒐集政府黑料等，可獲取每月5000元等對價報酬，部分款項由前中天新聞主播「馬德」林宸佑匯入。請繼續往下閱讀...檢方查出林女與「曾先生」共同基於違背職務行為交付賄賂及掩飾、隱匿犯罪所得來源洗錢等犯意聯絡，由「曾先生」指示林女使用他人名下帳戶收受境外敵對勢力款項，再匯款至「曾先生」指定帳戶，作為江姓與洪姓軍士官兵等人違背職務行為對價，並以此方式掩飾特別犯罪所得來源。檢方指出，林女明知公務上應秘密公文書，性質上與國家事務及公共利益攸關，不得洩漏而損害國家利益，竟基於為境外敵對勢力交付屬國防以外應秘密電磁紀錄、公務員洩漏國防以外秘密、公務員違背職務行為收受賄賂等接續犯意，今年3月10日違背職務以手機翻拍職務上應秘密文書，透過Telegram通訊軟體傳送給「曾先生」獲利。檢方認定林女涉犯貪污治罪條例對於公務員關於違背職務行為交付賄賂、洗錢防制法後段洗錢等罪嫌，並違反國家安全法為境外敵對勢力傳遞公務上應秘密電磁紀錄、刑法公務員洩漏關於中華民國國防以外應秘密文書、消息、貪污治罪條例對於違背職務行為期約收受賄賂等罪嫌。檢方認為林女身為國家公務員，明知公務上應秘密文書與國家事務及公共利益攸關，不得任意洩漏，竟為牟取私利而罔顧國家安全，與境外敵對勢力長期配合，任意交付職務上應秘密文書並持續獲取報酬，嚴重危害國家安全及社會公益，情節重大，並考量林女遭查獲具體違背職務洩漏應秘密文書數量與內容，違背職務收受賄賂罪部分從重求處有期徒刑12年。    ,https://news.ltn.com.tw/news/politics/breakingnews/5557897
李貞秀登記參選竹北市長 帶綠包、穿綠鞋盼「一路綠燈」,政治,2026/08/31 12:01,李貞秀自信分享今天特別挑選搭配綠色的戒指、手鍊、包包與鞋子，期許展現「一路綠燈、一路順暢」的幸運寓意。（記者廖雪茹攝）前民眾黨中配立委李貞秀，今天上午選在10點10分登記參選新竹縣竹北市長；她強調對於參選資格完全不擔心，深信選務機構能秉持中立原則，更自信分享今天特別挑選搭配綠色的戒指、手鍊、包包與鞋子，期許展現「一路綠燈、一路順暢」的幸運寓意。對於李貞秀的參選資格，新竹縣選委會表示，中配參選關鍵在於「在台設籍滿10年」的計算方式。依陸委會今年4月16日最新核釋，大陸地區人民經許可在台定居設籍後，還必須完成繳附「喪失中國大陸戶籍證明」，10年期間是從完成繳附證明之日起算，而非單純從取得台灣戶籍時起算。李貞秀則說，今日登記她是檢具近3個月內的全戶戶籍謄本。請繼續往下閱讀...針對中配參選地方公職人員的資格議題，李貞秀表示，從蔡英文總統時代延續至今，無論是《中華民國憲法》或《兩岸人民關係條例》，對於公民的參選資格都未進行任何修正。她指出，過去就任立委時相關資格並無疑慮，且中選會也依法頒發當選證書；她強調行政函釋不應凌駕於法律之上，相信中華民國公務員及中選會皆具備文官風骨與獨立運作精神，必定能恪守中立，不至於有任何刁難或困難發生。除了回應資格疑慮，李貞秀向在場媒體說明，她笑言今天挑選搭配綠色戒指、手鍊、包包與鞋子，這些平時鮮少使用的配件，有著「一路綠燈、一路順暢」的幸運寓意。此外，她也提到自己不僅是領表登記的第一名，連捐款專戶都選在「第一銀行」，象徵著一連串的「第一」，展現出強烈的勝選決心與對得票第一的信心。有媒體關切財產登記為零卻能繳交10萬元選舉登記保證金的來源，李貞秀表示，個人資產未達百萬元法定申報門檻故無須登記。她說明，過去資產多放在股票市場，這次自己親自至銀行櫃檯領取現金，原先預備12萬元，後才得知登記費用為10萬元，一切均遵照監察院相關規定合法辦理。前民眾黨中配立委李貞秀今天上午完成登記參選新竹縣竹北市長。（記者廖雪茹攝）前民眾黨中配立委李貞秀今天上午完成登記參選新竹縣竹北市長；她強調對於參選資格完全不擔心，深信選務機構能秉持中立原則。（記者廖雪茹攝）    ,https://news.ltn.com.tw/news/politics/breakingnews/5557898
蔣萬安若持續忽視台北問題 沈伯洋：辯論隊伍恐越來越長 我排第一,政治,2026/08/31 12:01,民進黨籍台北市長參選人沈伯洋起早至南港公園掃街拜票。（記者田裕華攝）年底選舉今起開放登記，民進黨籍台北市長參選人沈伯洋起早至南港公園掃街拜票受訪表示，團隊已完成規劃，若在登記現場不期而遇現任市長蔣萬安，很樂意直接進行市政交流。談及高雄市長參選人賴瑞隆也向蔣下辯論戰帖，沈認為，蔣若持續忽視台北問題，未來排隊找他辯論的人恐怕會越來越長，若要實質辯論台北市長，自己絕對排第一。沈伯洋早上7時許和議員何孟樺、王孝維、李建昌、議員參選人高嘉瑜跟陳又新至南港公園，與現場運動及散步的民眾互動、合照，聯訪時一一回應選戰登記時程、市政辯論、學生鮮乳政策及庇護工場等議題。沈表示，蔣萬安「關心高雄勝過台北」，若在登記現場不期而遇，非常樂意直接交流市政，籲蔣專注台北市政接受公開辯論，市民引頸期盼的是場數小時、具實質意義的政見辯論與城市願景對比，應敞開胸懷，不要拒絕市民的期待。請繼續往下閱讀...蔣萬安因質疑高雄前鎮漁港改造經費，引發賴瑞隆不滿、要求道歉與辯論；沈指出，正是因蔣「都不講台北，一直講別的縣市」，別的縣市參選人才會跑來找他辯論。蔣如果持續忽視台北問題，未來排隊找他辯論的人恐怕會越來越長，感覺他距離台北市民越來越遠，離高雄越來越近，若要針對台北市政實質辯論，自己絕對是排第一個。「生生有鮮奶3.0」今起擴大至國中生，沈伯洋說，讓孩子喝鮮乳本是良善政策，但是嘉義、屏東、台南等縣市早已推行類似措施，台北僅是跟上步伐。市府更應做好配套與追蹤，提高兌換率。比起包裝宣傳鮮乳政策，市民更關心的是台北市接連爆發的重大兒虐事件，才是最該優先解決的沉痛問題。稍早蔣萬安被問到何時會去登記、會跟市議員一起嗎？他表示，關於選舉的部分和登記的時間，只要確定就會跟大家報告。☆自由電子報關心您：若懷疑孩童遭受身體虐待、精神虐待或是性侵害、性騷擾，請撥打113專線，透過專業社工員接線服務，將可盡快救援在生命危機中的兒童。☆    ,https://news.ltn.com.tw/news/politics/breakingnews/5557889
彰縣4連霸「政二代」議員陳重嘉登記參選縣長 強調「藍綠白都看不下去」,政治,2026/08/31 11:56,無黨籍彰化縣4連霸議員陳重嘉（右），在登記第一天就完成彰化縣長的參選登記。（民眾提供）無黨籍彰化縣4連霸議員陳重嘉今天（31日）登記參選彰化縣長，震撼了彰化政壇，陳重嘉是「政二代」，父親是前立委陳朝容，母親是前立委游月霞。陳重嘉也曾短暫加入民眾黨後退黨，這次以無黨身分參選彰化縣長，他強調是因為「藍綠白都看不下去了」。陳重嘉指出，他登記參選彰化縣長，並未告知父母親，父母親也完全不知情。他會參選的理由很簡單，就是彰化縣都被說是「搖擺縣」，也就是那一個政黨做不好就換別人做做看。但是這次無論是藍綠白的提名，都是為了政黨的利益，並非為了彰化的未來，這根本就是看不起彰化人。請繼續往下閱讀...因此，陳重嘉強調，他登記參選彰化縣長，就會是選真的，他希望彰化選民就算沒有支持的對象，就出門去投下廢票，用廢票來表達聲音。因為，不投票就是民主幫凶，讓政黨只會提名為了黨利益好的人。陳重嘉曾在瑞士、美國念書，具有大葉大學電機碩士，在2009年宣布投入溪湖區的縣議員選舉，由於溪湖區是父親陳朝容的老家，在陳朝容與游月霞的聯手操盤下，陳重嘉首次參選就高票當選，並從2010年就任議員後，順利締造4連霸成績。由於陳重嘉的父親陳朝容原本是國民黨，後來加入親民黨，母親游月霞則是以國民黨參選，但陳重嘉只有短暫加入民眾黨，隨即在2023年11月間退黨，其餘都是無黨籍身分。陳重嘉指出，當年他加入民眾黨就是為了選縣長，但是當時沒有獲得政黨支持，今天則以無黨身分來登記參選彰化縣長。    ,https://news.ltn.com.tw/news/politics/breakingnews/5557886
替盧秀燕2028兩岸路線探路？台中市副長鄭照新將率團赴中引注目,政治,2026/08/31 11:50,市議員林德宇（左）送鄭照新一頂中華民國帽子，請他戴這頂帽子去中國。（記者張軒哲攝）民進黨台中市議會黨團總召周永鴻今（31）日表示，媒體報導盧秀燕親自拍板，9月2日由副市長鄭照新、工策會代表陳學聖及經發局長張峯源赴中國東莞參加台灣名品博覽會，市議員林德宇今日於議會質詢此事，鄭照新表示，是台商活動，這個博覽會其他縣市也有派人與會。周永鴻指出，外界更將此行解讀為盧秀燕開始接觸兩岸事務，東莞台博會主辦單位包括中國地方政府涉台單位，既然盧秀燕沒有親自去，卻特別派出具政治論述能力的鄭照新、陳學聖等核心成員，當然有責任向台中市民說清楚，這趟究竟只是單純協助台商，還是在替盧秀燕未來的兩岸路線探路？請繼續往下閱讀...林德宇質詢鄭照新，「是副市長個人身份？還是你跟台商去？這是台中市政府的行程嗎？現在時機很敏感，包括盧秀燕市長也可能是2028潛在的總統候選人，去中國這個政治的聯想很大！」林德宇質疑，鄭照新甚至代表盧秀燕市長直接對談，他特地送鄭照新一頂繡上中華民國國旗的帽子，請他戴這頂帽子去中國，不要假招商、真對接。鄭照新表示，廠商是主角沒錯，副市長是公務員身份參加，以行銷台中經濟效益為第一。市議員林德宇送鄭照新一頂中華民國帽子，請他戴這頂帽子去中國。（記者張軒哲攝）    ,https://news.ltn.com.tw/news/politics/breakingnews/5557878
藍白竹北傳破局 柯文哲：疑問到底要和國民黨的誰談？,政治,2026/08/31 11:47,民眾黨創黨主席柯文哲（中）南下台南，陪同黨籍市議員及里長參選人領表登記，展現團結氣勢。（記者王姝琇攝）針對藍白合竹北呈現破局，彰化縣也一度傳出白營可能推派人選。台灣民眾黨創黨主席柯文哲今天南下輔選時表示，目前看國民黨發言，「感覺大家都雙手一攤，說不關他的事，鄭麗文更說希望以更大格局去迎戰，她沒辦法處理」、「這會讓人有疑問，到底要和國民黨的誰談？」反觀黃國昌說到做到，不推人出來選。柯文哲今陪同4位黨部提名台南市議員參選人及1位里長參選人聯合登記造勢，喊話第三勢力扎根南台灣。請繼續往下閱讀...年底選舉台灣民眾黨在台南提名，包括第1選區（新營、柳營、鹽水、後壁、白河、東山）陳詩薇、第7選區（永康區）林乃立、第8選區（北區、中西區）江明宗、第9選區（南區、安平）蕭漍華，及華平里里長參選人吳森源，柯文哲親赴台南力挺，展現改變地方的決心。針對藍白合在竹北、彰化傳出爭議。柯文哲表示，竹北不會影響全國選舉，畢竟是冰山一角，當時曾請國民黨主席鄭麗文與黃國昌討論如何善後，「這事不應該發生。」柯文哲也提到，台灣今年選舉氛圍偏冷淡，在台南市需要國民黨市長參選人謝龍介幫民眾黨小雞站台，目前為止，民眾黨在濁水溪以南僅1席議員，開拓辛苦，盼南部民眾給民眾黨溫暖支持，「起頭難」需大家幫忙，讓南台灣第三勢力扎根，不讓台灣政治圍繞在藍與綠。至於前民眾黨立委李貞秀投入竹北市長選戰，柯文哲說，中央要講清楚陸配到底有沒有參政權？若李貞秀是為衝撞體制、凸顯陸配參政權，可以理解，但如果真的為了參選，那選舉是每個人的權利，他就不會再多講。前民眾黨中央委員陳亞麟因涉貪遭判刑8年，傳出被法院通緝；網紅四叉貓也爆料，他數月前曾到前秘書長謝立功相關的公關公司任職。柯文哲則回應，與陳亞麟已沒有聯絡。    ,https://news.ltn.com.tw/news/politics/breakingnews/5557875
翁曉玲不認錯 再放話明年要大砍預算！莊瑞雄轟：國民黨閉眼瞎挺,政治,2026/08/31 11:46,民進黨團幹事長莊瑞雄。（記者王藝菘攝）國民黨立委翁曉玲提案全數刪凍總統府國務機要費，導致全台庇護工場訂單面臨斷炊，如今仍不認錯更喊話要大砍明年度預算。民進黨團幹事長莊瑞雄今日說，翁曉玲在很有幹勁、拚勁十足，刪預算刪得很猛，是國民黨裡面重新閃亮的一顆明星，當然會對國民黨其他委員，甚至黨主席產生一定威脅，也許翁曉玲自認為她是很盡責的立法委員，但她一揮刀砍下去，痛的常是國民黨自己的同志。面對翁曉玲放話要大幅刪砍明年度中央政府總預算，莊瑞雄直言：「很好啊！」這次總統府預算被翁砍完後，國民黨好幾個人大失血，蔣萬安也失血要掏腰包，鄭麗文也必須要去買，連台中市政府都要去買，「翁曉玲砍得很開心，但其他的同志心裡頭怎麼想就不知道了，反正別人會去補那些單。」請繼續往下閱讀...莊瑞雄表示，審預算不是意氣之爭，不是翁曉玲喜不喜歡，她要揮刀去砍，一個人是砍不掉的，如果沒有國民黨的人去附和、認同她，相信她一個立委在國會愛怎麼亂砍、興風作浪，也達不到。國民黨最大問題是，只要有個別委員提案，就會眼睛閉著瞎挺、盲挺，一件件爭議產生後，形成國民黨的文化。他強調，任何政治決定或刪減預算，老百姓眼睛都非常雪亮，到最後還是要接受選民檢驗。翁曉玲個人行為，帳就會算在國民黨身上，也許翁曉玲自認為她是很盡責的立法委員，但她一揮刀砍下去，痛的常是國民黨自己的同志。    ,https://news.ltn.com.tw/news/politics/breakingnews/5557884
漏網鏡頭》顧裡子也要顧面子,政治,2026/08/31 11:43,「台北好政」連線參選人林延鳳、顏若芳等人聯合登記造勢，發言時正巧一陣強風襲來，吹亂女議員髮型。（記者方賓照攝）顧裡子，也要顧面子！女性民意代表難為，平時服務選民除了要盡心盡力，在鎂光燈前不僅要口條好言之有物，更要光鮮亮麗注重形象。台北市議員選舉登記首日，「台北好政」連線參選人林延鳳、顏若芳等人聯合登記造勢，發言時正巧一陣強風襲來，吹亂女議員髮型，情急之下林延鳳趕忙幫顏若芳挽住頭髮，意外形成亮點。「台北好政」連線參選人林延鳳、顏若芳等人聯合登記造勢，發言時正巧一陣強風襲來，吹亂女議員髮型。（記者方賓照攝）    ,https://news.ltn.com.tw/news/politics/breakingnews/5557877
台灣前進陣線登記參選 王婉諭：沒有選票屬於誰 第三勢力要重返議會,政治,2026/08/31 11:40,時代力量、台灣基進、綠黨與小歐盟組成「台灣前進」陣線，北市7名市議員參選人今前往台北市選委會登記。（記者方賓照攝）時代力量、台灣基進、綠黨與小歐盟組成「台灣前進」陣線，其中，北市7名市議員參選人今（31）日前往台北市選委會登記。對於外界質疑小黨可能分走綠營選票，時代力量黨主席王婉諭說，民主政治是要選出最適合的人、最有能力的人來為市民朋友服務，從來都沒有「票是屬於誰的」。北市「台灣前進」議員參選人有士林北投謝閔弘、內湖南港吳欣岱、松山信義鄧樂強、中山大同李惠暄、中正萬華王振庭、大安文山陳峙穎與平地原住民林筱薇。請繼續往下閱讀...前野百合學運領袖周奕成致詞表示，十多年前就開始倡議「第三社會、第三共和」，相信多黨的議會制能夠促進台灣的團結，這個是支持「台灣前進」的理由。王婉諭提到，2018年是第三勢力第一次進入到台北市議會，由時代力量的三席，加上苗博雅、邱威傑，在議會裡面出現了一個改革的力量。可是到了2022年，這樣的力量萎縮了。雖然民眾黨進來了好幾席，可是在面對蔣萬安市長的情況之下，我們看到在監督市政上缺乏亮眼的表現。她指出，2026年是非常關鍵的一年，我們希望能夠讓真正代表進步改革的第三勢力重回議會，而「台灣前進陣線」的這幾位參選人，絕對就是這樣的人選。台灣基進黨主席王興煥也說，沒有一張選票是先天屬於特定政黨跟特定政治人物的「禁臠」，沒有侵蝕到任何既有政黨選票問題。大安文山陳峙穎表示，昨天半夜收到一則訊息，是大安文山區的一個民眾，他傳訊息說，今年他本來沒有要投票，但是這一次受到我的感動，他決定會出來投票。這就是我們要爭取的選票！這一群對政治失望、對於現在政治現況不滿而希望有所改變的選票，這是我們努力的最大方向。    ,https://news.ltn.com.tw/news/politics/breakingnews/5557873
竹北市長藍白破局   黃國昌:希望影響鎖定在新竹縣不要波及台中及新北,政治,2026/08/31 11:38,黃國昌表示，希望竹北市長藍白人選的問題，影響只鎖定新竹縣。（記者蘇金鳳攝）有關竹北市長參選人發生藍白將各推參選人的問題，民眾黨主席黃國昌今天到台中市陪同民眾黨六位市議員參選人登記時表示，對中國國民黨片面不遵守承諾的這件事情，他感到非常的遺憾，連國民黨很多立委都看不下去，要組團來竹北幫邱臣遠助選；他也希望對選情影響只鎖定在新竹縣，不要波及新北及台中。由於竹北市藍白各推市長參選人，已讓藍白合成破局，今天黃國昌受訪表示， 民眾黨堅持的信念，就是我答應的事情說到做到，到目前為止沒有任何的改變。針對中國國民黨片面不遵守承諾的這件事情，感到非常的遺憾，但還是心存善念，盡力而為，努力到最後一刻。請繼續往下閱讀...黃國昌表示，他其實很感謝過去曾經一起並肩作戰非常多中國國民黨的立法委員，因為這兩天他接到非常多的電話，都主動跟他表示，希望到時候能夠到竹北幫邱臣遠站台，因為目前的這個狀況連他們也都看不下去。至於創黨主席柯文哲要黃國昌針對竹北市長當初跟國民黨如何談要說清楚，他表示，這是這幾天一直在做的事情，就是很負責任的，跟社會大眾報告，跟所有支持者報告，柯文哲主席說的一點都沒有錯，群眾的情緒，沒有辦法一下就轉彎，所以他也很懇切的跟所有的支持者講。黃國昌強調，他個人希望受影響的範圍，能鎖定在新竹縣裡面，不要讓少數一兩個人不遵守承諾，去波及到其他無辜的人，如果徐欣瑩不守承諾的話，關國民黨新北市長參選人李四川及中市長參選人江啟臣什麼事情？民眾黨是一個就事論事說到，這就是民眾黨的態度。民眾黨主席黃國昌陪同六位市議員參選人登記。（記者蘇金鳳攝）    ,https://news.ltn.com.tw/news/politics/breakingnews/5557844
SEMICON揭幕前夕辦人才峰會！ 谷立言：台美關係從未如此強健,政治,2026/08/31 11:38,AIT處長谷立言出席「自由250：半導體人才培育高峰會」。（記者陳逸寬攝）在SEMICON Taiwan 2026國際半導體展揭幕前夕，美國在台協會（AIT）今（31）日舉辦「自由250：半導體人才培育高峰會」。AIT處長谷立言（Raymond Greene）表示，台美關係從未如此強健，台灣協助美國再工業化，美企也藉由多種途徑與台交流，台美必須攜手促進人才培育，並使其接軌產業需求，以進一步強化夥伴關係。美國在台協會今日與教育部、外交部，以及經濟部產業發展署共同舉辦「自由250：半導體人才培育高峰會」（Freedom 250 Workforce First Summit），邀集來自美國與台灣產官學界約150名領袖，一同致力強化人才培育合作，並推動教育培育途徑與關鍵科技產業需求接軌。AIT處長谷立言、教育部長鄭英耀代表致詞。請繼續往下閱讀...谷立言致詞表示，台美關係從未如此強健，雙方在高科技與先進製造等領域的合作正持續深化。台灣藉由投資亞利桑那州及德州，正協助美國「再工業化」；美國企業也透過設立營運據點，並藉由台美21世紀貿易倡議、「台美經濟繁榮夥伴對話」（EPPD）及「台美教育倡議」等架構展開交流。 谷立言指出，單靠科技與投資無法開創未來，人才不可或缺，因此，台美必須攜手擴大人才培育與教育，並使其接軌產業需求，不僅能藉此在關鍵產業為台美勞工創造優質就業機會，更可以進一步強化夥伴關係。谷立言說明，本次「自由250：半導體人才培育高峰會」延續了5月在奧蘭多舉辦的2026年「美洲教育者年會」（NAFSA）期間所建立的合作動能。財團法人高等教育國際合作基金會也在當時與美國州立學院及大學協會（AASCU）簽署合作意向書，成立「台美半導體教育聯盟」。 谷立言指出，在本次高峰會中，高等教育國際合作基金會將與SEMI基金會簽署人才培育合作意向書，也將擴大對台美教育合作的資金支持。他指出，亞利桑那大學已獲得2000萬美元的捐款，用於支持學生出國留學，盼鼓勵學生選擇赴台灣留學； 傅爾布萊特半導體獎學金（Fulbright Semiconductor Scholarship）也將於明年額外選送兩名研究生前往國立陽明交通大學就讀。 鄭英耀致詞表示，科技形塑我們能做什麼，而人才決定了我們能有多少成就。面對人工智慧、先進製造等各項新興科技快速重塑世界，沒有國家能獨自面對挑戰。鄭英耀指出，台美正將在半導體、微電子等領域的合作，進一步拓展至教育與人才培育領域。教育部將持續與教育界、產業界的夥伴合作，提供美國學生高品質學習及培訓機會。鄭英耀表示，台美共享自由、開放、創新及對教育的信念等核心價值，結合台美在科技及教育領域的強項，不僅是在為明日的產業儲備人才，更是在投資社會的未來。    ,https://news.ltn.com.tw/news/politics/breakingnews/5557868
Wilson死因報告曝光 花蓮消防強調純屬意外未有虐待,政治,2026/08/31 11:34,消防局出示搜救犬Wilson現場墜落高度。（消防局提供）搜救犬Wilson死亡案爭議延燒多日，花蓮縣消防局長吳兆遠今（31日）上午在花蓮縣議會第20屆第23次臨時大會提出「搜救犬Wilson意外死亡專案報告」，還原事發經過、行政調查結果及各項外界指控的具體查處說明，強調未有外界傳聞蓄意傷害或虐待致死的情事。同一場臨時會中，縣府政風處也以書面答覆證實，花蓮地檢署也接獲民眾告發，正式立案偵辦，案件已進入司法調查程序。消防局報告指出，事發時間為去年5月30日下午3時50分許，曾姓領犬員當日輪休，在花蓮防災教育訓練中心進行所屬搜救犬自主訓練，準備應考IRO高級評量，訓練場地為訓練中心3樓後側陽台，是領犬員與Wilson平時熟悉的訓練環境。請繼續往下閱讀...報告還原時間軸，領犬員先進行約10分鐘服從、氣味搜索訓練，隨後展開Wilson平日喜愛的追球體力消耗活動，約下午4時10分許，丟球過程中球體反彈至訓練大樓橫渡活動柵門，因該柵門當時未完全關妥，Wilson追逐球體時自門縫鑽出，從約8.32公尺高處墜落至1樓，曾員視角剛好被柱子擋住，發現犬隻遲未咬球回來換取零食，驚覺有異便立即到1樓查看，見犬隻耳朵出血。消防局說明，領犬員發現Wilson墜落後，約4時15分立即抱回3樓駐地拿器材進行犬隻急救，確認Wilson耳朵及鼻子仍持續出血後，約4點25分將牠送往鄰近動物醫院；動物醫院檢視後，於下午4點50分許告知Wilson到院時已無自主呼吸、心跳及動物反射，判定死亡，寵物除戶證明上記載的死亡原因為「意外死亡」，因已無急救可能，院方未進行進一步醫學檢驗。在行政調查部分，消防局指出，特搜大隊已於去年6月10日把領犬員報告陳報局本部，並於6月23日召開考績暨甄審委員會，邀請曾姓領犬員到場說明；委員會審酌相關資料後，認定本案是領犬員於輪休期間自主訓練時發生的意外事故，領犬員訓練過程中未確實確認活動區域柵門的安全狀況，對訓練環境安全確認仍有疏漏，因此依規定辦理行政責任處分。局長吳兆遠說，對曾姓領犬員予以申誡2次，並於去年6月18日調整至吉安分隊服勤，強調說，依目前掌握資料及調查結果，未發現有虐待、毆打或不當管教的具體事證；發現Wilson受傷後立即返回駐地取得醫療器材急救，並隨即送醫，惟抵達醫院時已無生命跡象；寵物除戶資料上的死亡原因也載明為意外死亡；事故發生後即依程序辦理通報，並由特種搜救大隊及相關單位辦理陳報及行政作業。消防局也說明後續改善作為，包括將原有犬隊駐地及訓練場地由3樓移至獨立專屬1樓犬舍，內含訓練場、附設冷氣的宿舍及室內外犬舍；原有3樓訓練場地已加強防護網、柵欄管理及警示標語；並訂定訓練基地設施使用規定，須經申請核准後才能出借使用。消防局並援引農業部委託台灣慈愛動物福利基金會的訪視報告指出，現有犬隻均健康活潑、體態良好，領犬員與犬隻互動默契佳，已通過IRO認證，訓練成果優良；該基金會也建議提高健康檢查頻次及飼料預算、追查異位性皮膚炎個案血統並評估是否停止繁殖等。消防局指出，並已於去年7月訂定「花蓮縣消防局特搜大隊搜救犬小組培訓及執勤作業原則」，經農業部備查，並自去年9月起為現有搜救犬Hero、Fancy投保執勤犬保險。消防局在報告結語強調，事發當下僅領犬員曾員在場，其歷次報告及考績會陳述內容一致，且曾員平時與Wilson互動良好，未曾聽聞虐犬情事。對於報告內容，縣議員楊華美、張美慧、黃馨、胡仁順、韓林梅等人都針對內容進行提問。楊華美說，專案報告內容看不到消防局有約訪過當天在基地的其他消防員的證詞，消防局說當天只有曾員一人，但其他樓層都還有消防員，事發後他們的說法是怎樣？都看不到；張美慧也說，內容跟過去都差不多，希望局長講的都是實話，若在地檢署說謊，會有刑責的問題。胡仁順則認為，消防局從過去到現在，出了各種很荒謬的問題，讓消防員包裝防災包你說沒有，讓消防員救災睡戶外你也說沒有，自付水電費你也說沒有，但證據就是通通都有。現在Wilson死因成謎，就是去年第一時間處理的太過草率，造成全台民眾的疑問，甚至消防員被網暴，源頭就是消防局管理出了很大的問題，局長要負最大的責任！搜救犬Wilson死亡案爭議延燒多日，花蓮縣消防局長吳兆遠今（31）日上午在花蓮縣議會第20屆第23次臨時大會提出「搜救犬Wilson意外死亡專案報告」。（記者王錦義攝）搜救犬Wilson死亡案爭議延燒多日，花蓮縣消防局長吳兆遠今（31）日上午在花蓮縣議會第20屆第23次臨時大會提出「搜救犬Wilson意外死亡專案報告」。（記者王錦義攝）搜救犬Wilson死亡案爭議延燒多日，花蓮縣消防局長吳兆遠今（31）日上午在花蓮縣議會第20屆第23次臨時大會提出「搜救犬Wilson意外死亡專案報告」。（記者王錦義攝）搜救犬Wilson死亡案爭議延燒多日，花蓮縣消防局長吳兆遠今（31）日上午在花蓮縣議會第20屆第23次臨時大會提出「搜救犬Wilson意外死亡專案報告」。（記者王錦義攝）    ,https://news.ltn.com.tw/news/politics/breakingnews/5557862
台中市國中小學免費營養午餐雙主菜變豆芽菜？  江啟臣這麼說…,政治,2026/08/31 11:33,江啟臣對台中市免費營養午餐開跑，首周有3天提供雙主菜，表示樂見其成。（記者歐素美攝）今天是開學日，台中市國中小免費營養午餐正式上路，台中市長盧秀燕日前宣布開學首週有3天會加碼雙主菜，第一天就是台式大雞腿，不少家長質疑「前3天雙主菜，後面豆芽菜嗎」？國民黨台中市長參選人、立法院副院長江啟臣今天對此表示，開學能加加菜，不論是雞腿或什麼，讓學童能吃得開心，讓開學變成開心的事情，樂見其成。江啟臣今天召開農業政策記者會，會後媒體詢問他對台中市營養午餐開學首週加碼雙主菜的看法。江啟臣表示，開學對小朋友來講，有時候心情上還要適應，如果開學能加加菜，不論是雞腿或什麼，讓他們能夠吃得開心，讓回到學校變成開心的事情，樂見其成。請繼續往下閱讀...至於未來是不是能成為經常性，或在有限的經費讓孩子加菜？江啟臣說，這個應該有很多元的方式來思考，開學只是一個時機，未來我們要想的是讓免費的營養午餐吃得更營養、更在地、更有價值，怎樣把食農教育也整合在裡面，既然是幾十億的預算，應該將錢花在刀口上，而且花得更有意義，這應該是做得到的。江啟臣說，其他國家也有營養午餐，並整合很多不同的領域，讓孩子認識在地及農業，然後惜食，吃得營養，甚至過程中，讓學童知道吃了什麼，價值營養是什麼？這些都是教育裡面的一環，營養午餐應將教育、產業串連起來，提供給國家未來的主人翁，這個很重要。    ,https://news.ltn.com.tw/news/politics/breakingnews/5557798
批竹北藍白合破局「因小失大」 洪毓祥提醒國民黨「別當豬隊友」,政治,2026/08/31 11:30,民眾黨不分區立委洪毓祥。（記者王藝菘攝）藍白合在新竹縣竹北市長選舉整合破局，民眾黨創黨主席柯文哲公開要對黨主席黃國昌跟國民黨主席鄭麗文說清楚，而今不只「館長」陳之漢在直播怒批藍營，更指支持者小草在醞釀「有白投白、無白投廢票，不白投綠」。對此，白委洪毓祥今表示，竹北藍白合破局的潛在外溢效應，鄭麗文應出來說明，並強調此事不影響立法院在野合作，強調民眾黨會堅守主體論述，不盲目附和。民眾黨黨團今（31）日召開「公審會復辟 是誰閹割了公民權？？」記者會，立委洪毓祥、許忠信出席說明，並於會後接受媒體時事聯訪。請繼續往下閱讀...媒體提問，竹北市藍白合破局後，讓支持民眾黨的小草「群情激憤」，不排除年底選舉「有白投白、無白投廢票，不白投綠」；館長陳之漢更在直播上公開批評國民黨，對此，民眾黨前主席柯文哲則強調竹北選情不影響新北、高雄、宜蘭等縣市藍白合，詢問黨團如何看待？是否會呼籲支持者拒投徐欣盈？對此，民眾黨立委洪毓祥表示，當初雙方曾就大新竹選情（新竹縣支持國民黨人選、竹北由民眾黨邱臣遠角逐、新竹市由高虹安發揮鐵三角效應）進行討論，但國民黨如今舉動是「喪失誠信、因小失大、非常不明智」，呼籲黨主席鄭麗文出面說清楚穩住選情、防範其他合作縣市出現外溢效應反成「豬隊友」，並重申代表白營參選竹北市長的邱臣遠絕對參選到底。被問及地方選情潛在的「外溢效果」，是否有可能進一步外溢重擊藍白黨團在立法院的合作？洪毓祥強調，地方選務與立法院的議題合作基調不同，立院層面處理的是福國利民法案與預算監督，強調民眾黨還是有主體性的政黨，日後會堅持符合台灣人利益的價值判斷與論述，無論國民黨或民進黨皆可合作；理念不同時則不盲目附和。    ,https://news.ltn.com.tw/news/politics/breakingnews/5557863
中市開學營養午餐雙主菜！何欣純：只有一週？「我當市長餐標到80元」,政治,2026/08/31 11:29,台中開學營養午餐「3天雙主菜」，民進黨台中市長參選人何欣純（中）說，盧市長跟進她的「80元餐標」政策。（記者黃旭磊攝）台中市在8月31日新學期首度實施國中小免費營養午餐，並推出開學第一週加碼「3天雙主菜」，民進黨台中市長參選人何欣純批評，這是盧市府政治煙花，盧市長跟進了她的「80元餐標」，才會有一週雙主餐午餐，不過只有一週而已，覺得蠻遺憾的。台中今天開學日招待24萬名學生享用整隻L形台式大雞腿，部分還加菜砂鍋魚變成「雙主菜」，何欣純今天（31日）在市政辦公室成立「青純力應援團」 ，受訪抨擊盧市府放政治煙花，強調市府跟進她的升級版「2380」營養午餐免費政策。請繼續往下閱讀...何欣純說，國中小營養午餐免費政策，不分公私立都要補助被盧市長跟進，她又提出升級版「2380」營養午餐免費政策，國中小學童每週喝牛奶提升為兩次，而且寒暑假不中斷，學童每週一次水果提升三次。何欣純強調，現在中市府餐標（營養午餐收費標準）差不多是65 元，她要提高到孩子每人每餐餐標是80元，盧市長在開學第一週跟進她的80 元餐標，所以才有雙主餐營養午餐，「不過只有一週而已，我是覺得蠻遺憾的」。    ,https://news.ltn.com.tw/news/politics/breakingnews/5557843
蔡英文70歲生日「被幕僚出賣」！燦笑切蛋糕照曝光,政治,2026/08/31 11:26,前總統蔡英文開心切蛋糕。（圖翻攝自蔡英文Threads）前總統蔡英文今天（31日）70歲生日，近年來以「活網」著稱的她仍以一貫輕鬆風趣方式與網友互動，社群平台貼出開心慶生照片，還幽默備註是幕僚提前曝光她的「70歲大壽」。貼文曝光後引發網友熱烈回應，紛紛送上祝福。蔡英文Threads貼出2張笑開懷切蛋糕的照片，並寫下：「（幕僚出賣老闆，沒經過他同意）70歲大壽。在他發現以前，大家趕快祝他每天開心，身體健康。」詼諧逗趣的語氣，讓不少網友留言笑回，直呼「實在看不出來70歲」，也有人稱讚她「活力滿滿」。請繼續往下閱讀...另有網友留言：「70歲正是打拚的年紀，祝我最愛的前總統生日快樂，之後當選下任總統。」還有人開玩笑喊話：「太閒的話，就給我出來選總統，不要整天滑手機。」除了祝賀她生日，不少網友留言感謝，稱「台灣有你真好」、「活在有你的時代是件很美好的事情」，也有人稱她是「永遠在為台灣人民發聲的總統」、「台灣的寶貝小英總統」。     在 Threads 查看前總統蔡英文開心切蛋糕。（圖翻攝自蔡英文Threads）    ,https://news.ltn.com.tw/news/politics/breakingnews/5557803
選戰倒數89天！黃暐瀚點名6縣市激戰 「1細節」曝新北最關鍵,政治,2026/08/31 11:24,選戰倒數89天，資深媒體人黃暐瀚點名新北市戰局最關鍵。左為蘇巧慧、右為李四川。（資料照合成圖）選戰進入倒數89天，本週將正式登記起跑。資深媒體人黃暐瀚表示，他點名「彰化、嘉義、宜蘭」是目前綠營領先的縣市，以及呈現「五五波」的「新北、新竹、台東」，認為這6個縣市是此次選戰值得關注的重點，其中又以新北市戰局最為關鍵。黃暐瀚在臉書發布貼文稱，目前綠營在彰化、嘉義、宜蘭領先；而新北、新竹、台東則呈現五五波局面，因此將上述6個縣市列為主要觀察重點。請繼續往下閱讀...黃暐瀚指出，綠營正積極進攻台北市，藍營則力拚拿下高雄市。台北及高雄分別是藍綠的「本命區」，且兩地挑戰者都不容小覷，一旦本命區遭對手拿下，恐怕「非黨主席下台不能收場」。至於目前討論度相對不高的基隆及花蓮，黃暐瀚表示，後續仍有待觀察。不過，黃暐瀚認為，此次選舉「最關鍵的，還是新北」。他指出，《聯合報》今天以頭版頭條的篇幅，報導新北市長侯友宜支持李四川的消息。黃暐瀚直言，國民黨現任市長支持國民黨的市長參選人，原本應是相當平常的事情。他並反問，若是高雄市長陳其邁支持賴瑞隆、台南市長黃偉哲支持陳亭妃，「會上頭版嗎？」黃暐瀚最後以「見微知著」形容，從相關報導受到高度重視即可看出，新北市選情顯然相當激烈，已成為本屆選舉的「重中之重」。    ,https://news.ltn.com.tw/news/politics/breakingnews/5557755
差70歲跨世紀對決！細漢阿桃PK阿扁戰鬥陀螺 爆笑互嗆吸數萬人朝聖,政治,2026/08/31 11:24,約6歲的小網紅「細漢阿桃」近日跟前總統陳水扁PK戰鬥陀螺。（本報合成，擷取自@kuo_chuntao/Threads）高雄小網紅「細漢阿桃」以流利台語與逗趣日常爆紅，日前與相差70歲的前總統陳水扁PK戰鬥陀螺，賽前兩人唇槍舌戰、笑料百出，阿桃甚至大膽開起「保外就醫」地獄哏，陳水扁最後更出動隨身拐杖「物理亂入」，超展開互動狂吸數萬網友朝聖。開戰前阿桃爸拱兒子向陳水扁嗆聲，陳水扁率先搬出長輩名言「阿公吃過的鹽，比你阿桃吃過的飯還鹹」，阿桃則機靈秒回「阿公那你腎臟要注意喔，我常跟我爸說我會長大、你會……」，嚇得爸爸趕緊伸手摀嘴滅火「他本來就很老了啦」！請繼續往下閱讀...陳水扁隨即邊摸頭邊笑回「你是在公三……小朋友，等一下要加油喔」；阿桃更毫不客氣地放話「拉到底要閃遠一點，如果被我這顆打到，『保外就醫』都沒用」，讓陳水扁幽默接招「對付小孩就要拿出『綠到出汁』的『爆刃』（戰鬥陀螺款式）」。隨後兩人正式在戰鬥盤開打，阿桃的陀螺慘遭猛烈撞擊當場解體「開花」。不服輸的他隨即擺好陣勢高喊「阿公這是我的『神杖』（戰鬥陀螺款式），3、2、1，Go Shoot」準備復仇，未料陳水扁不按牌理出牌，直接舉起隨身的拐杖伸進戰鬥盤攪局喊「我的金神杖在這裡啦」，讓阿桃當場看傻眼。影片曝光後隨即吸引大批網友朝聖，紛紛笑翻留言：「這樣算不算一種扁桃腺發言！」、「保外就醫超好笑」、「不錯餒，阿扁走綜藝路線，還是蠻有搞頭的」、「退休後的總統們也很忙欸，有人負責爬山、有人負責拉票、有人負責打陀螺、有人負責失智」。陳水扁本人事後也轉發影片，幽默直呼兩人是「阿扁阿桃最強連線『扁桃線』」，再度掀起一波討論熱潮。     在 Threads 查看    ,https://news.ltn.com.tw/news/politics/breakingnews/5557714
蔣萬安兒傳休學赴美？教育局一張照片曝動向,政治,2026/08/31 11:22,台北市長蔣萬安兒子蔣得立（第二排左二、灰衣），出現在台北市教育局今年7月舉辦的國際交換生行前交流分享會上。（取自台北市教育局網站）今（31）天是各級學校開學日，台北市長蔣萬安兒子蔣得立考上建國中學卻傳出休學一年，將到美國留學，蔣萬安昨被媒體詢問並未回應。不過，台北市教育局在今年7月發布的「北市115學年度25名高中職學生啟程美加交換學習」新聞稿，所附照片就有蔣得立的身影。有媒體人爆料，蔣得立已經從建中休學，準備到美國留學。但根據教育局的新聞稿指出，北市持續推動國際交換學生學習計畫，每年選送國中9年級至高中2年級學生赴國外交換學習一年。115學年度共計選送25名學生赴美國及加拿大，期望透過實際參與當地校園學習、體驗不同文化及融入日常生活，培養學生獨立思考、尊重多元文化及適應不同環境的能力。請繼續往下閱讀...根據教育局去年下半年公布的，「台北市115學年度國際交換學生學習實施計畫」，交換學生的地點是加拿大卑詩省Campbell River市、Coquitlam市公立高中及美國各州公立高中，期程自今年9月至116年6月。甄選對象是114學年度實際就讀並有學籍的台北市公私立（含國立）國中9年級學生及高中職1、2年級學生等。報名資格是在校成績近二學年度（112學年度第1學期至113學年度第2學期）每學期學業總平均成績均達70分以上、英文成績75分以上。加上日常生活表現，導師評語無負面敘述，且無小過（含）以上之處分，以及英文程度全民英檢中級上。正取25名，備取10名。學生赴國外學習以一學年為限，出國期間可選擇於原校辦理休學1年或依據「台北市高級中等學校學生校外學習學分抵免及成績採計實施要點」辦理學分抵免。學生於國外學習期間，應於Google表單依據主題每月記錄生活及學習情形，如有逾期或未依主題記錄，教育局將視情節輕重追回所領取的獎學金。而在獎學金部分，具低收入戶或中低收入戶身分證明之經濟弱勢學生補助新臺幣70萬元。一般學生之家戶收入最近一年綜合所得淨額之課稅級距未達20%者，補助20萬元；課稅級距為20%以上者，補助7.5萬元。    ,https://news.ltn.com.tw/news/politics/breakingnews/5557840
競選台東縣長首道牛肉 陳瑩：長者假牙、助聽器、智慧手環全補助,政治,2026/08/31 11:18,台東縣長參選人陳瑩（中）今天公布當選後全面補助長者裝假牙，擴及非原住民，且不排富。右為台東市長參選人翁聖惠。（記者黃明堂攝）民進黨台東縣長參選人陳瑩今（31）日端出首波政策牛肉，針對台東邁入超高齡社會的現況，宣布未來若順利入主縣府，將針對長者推出「假牙、助聽器及智慧手環」三大福利補助方案，且全面擴及非原住民長者並實施不排富政策，盼能實質減輕年輕人的照顧負擔。陳瑩今天在同黨台東市長參選人翁聖惠、市民代表參選人陳金溪、王泰捷、黃啟川、羅瑞華及多位長者見證下，公布競選首波政見。陳瑩表示，假牙補助最高4萬元，未來將盤點財政評估再行加碼，同時配合假牙診察需求，規劃巡迴服務車主動出擊，解決台東幅員狹長、偏鄉長者看診交通不便的痛點。在助聽器方面，除了預防長者因聽障衍生跌倒風險外，也將隨同假牙與智慧手環逐步落實「不排富」的全面補助。請繼續往下閱讀...針對智慧手環等緊急救護通報系統，陳瑩指出，手環具備GPS定位與心跳、呼吸等健康偵測功能，連在國外的家人都隨時監控。過去在花蓮豐濱與台東長濱、成功等地試辦時，便曾成功透過系統通報救回在浴室跌倒無法動彈的八旬阿嬤，未來會在台東全面推行。曾任9年社工的台東市長參選人翁聖惠對此深有感觸，她表示，過去從事家庭工作時深刻體會長者的實際需求，假牙不只關乎進食，更直接影響消化與整體健康系統；而助聽器更是避免長者陷入「社交退縮」與加速失能老化的關鍵。翁聖惠強調，這些看似局部的補助，實則能守護整個家庭的健康，顯見陳瑩看顧縣民與減輕青年負擔的用心。台東縣長參選人陳瑩（中）今天公布長者福利政見。（記者黃明堂攝）    ,https://news.ltn.com.tw/news/politics/breakingnews/5557835
翁曉玲稱砍「青鳥飼料」  行政院：媒宣費遭刪讓錯假訊息趁隙而入,政治,2026/08/31 11:16,國民黨立委翁曉玲提案凍結並刪減多個部會的媒體政策宣導費，甚至公開將相關預算嘲諷為「青鳥飼料」。（資料照）國民黨立委翁曉玲提案凍結並刪減多個部會的媒體政策宣導費，甚至公開將相關預算嘲諷為「青鳥飼料」。根據統計，今年的媒體政策及業務宣導費遭刪減6.84億元，其中行政院、文化部遭全數刪除。行政院表示，當政府正常的資訊傳播能力遭到大幅限縮，恐讓錯假訊息趁隙而入，民眾反而更難在第一時間取得正確、完整的政府資訊。在延宕351天後，立法院終於在14日三讀今年度中央政府總預算，行政院表示，今年度總預算案刪減數480億元、刪減率1.58%，較112至114年度追加後預算平均刪減數313億元、刪減率1.1%，增加167億元。另凍結數348億元、凍結率1.2%，較111至113年度預算平均凍結數140億元（凍結率0.5%，排除114年度離群值），增加208億元。請繼續往下閱讀...在媒體政策及業務宣導費部分，今年編列13.8億元，刪減6.84億元，整體刪減率50%，其中行政院本部及文化部全數刪減，陸委會刪減89%。行政院表示，媒體政策及業務宣導費大幅刪減，將嚴重限縮政府向公眾新制上路宣導、反詐宣導及公共政策溝通之管道，剝奪人民獲取正確資訊權益。行政院強調，政策宣導並非單純的「宣傳」，而是政府向國人說明重大政策、公共措施及即時資訊的重要管道。當政府正常的資訊傳播能力遭到大幅限縮，恐讓錯假訊息趁隙而入，民眾反而更難在第一時間取得正確、完整的政府資訊；文化部的文化推廣工作也將受到直接衝擊。    ,https://news.ltn.com.tw/news/politics/breakingnews/5557829
麥寮鄉長恐「同額參選」？ 許忠富今起3天跑遍136宮廟：每個人都有參選自由,政治,2026/08/31 11:15,地方認為連任之路可能同額參選，許忠富表示，登記截止前，每一位公民都有參選的權利與自由，面對任何挑戰仍會以平常心看待，持續將鄉政做好，以實際政績爭取選民認同。（記者李文德攝）年底選戰倒數，今（31日）至週五為登記參選階段，本屆雲林麥寮鄉長許忠富經補選上任後，鄉政經營頗受好評，地方傳「連任之路恐同額參選」。許忠富今天起展開三天的感恩參拜行程，走訪鄉內136處宮廟。他表示，這趟行程除是感恩，更是反省與整理，是否同額參選不敢掉以輕心，仍會專心鄉政，創造鄉民福祉。雲林縣麥寮鄉為全縣最富有的鄉鎮，人口數近5萬人，因有六輕在此設廠發展快速，更有回饋金挹注公所，因此每逢選舉都是各家必爭之地。本屆鄉長選舉由五名競爭者角逐，最後由蔡長昆當選，後因賄選遭宣告當選無效，本屆選舉失利的許忠富以捲土重來參加補選，順利當選，上任兩年多來施政受到當地好評，地方甚至謠傳「同額參選」機率高。請繼續往下閱讀...今許忠富展開感恩祈福參拜行程，一早與太太、多名村長、鄉民代表陪同下首站抵達縣定古蹟麥寮拱範宮參拜。許忠富表示，這次走訪全鄉宮廟，不只是為自己祈求順利，更重要的是感謝眾神長久以來庇佑麥寮，接任鄉長2年多來，雖然推動不少建設與改變，但仍有許多地方需要繼續努力，因此這趟行程是一次反省與整理，希望重新看看走過的路、聽見地方的聲音，了解還有哪些不足。許忠富表示，第一天行程預計走訪麥豐、麥津、海豐、後安及中興村共59處宮廟，第二天走訪三盛、新吉、橋頭、施厝、雷厝及崙後村，共55處，第三天上午走訪瓦磘及興華村共22處，合計136處，9月2日下午前往鄉公所登記參選，未來再以「改變有感、再拚四年」為目標，帶領麥寮長遠發展。面對記者詢問「同額參選」看法，他回應，麥寮鄉長選舉向來競爭激烈，認為在登記截止前，每一位公民都有參選的權利與自由，這也是民主社會無可取代的重要一環，面對任何挑戰仍會以平常心看待，持續將鄉政做好，以實際政績爭取選民認同。許忠富（右4）今天起展開三天的感恩參拜行程，走訪鄉內136處宮廟。（記者李文德攝）許忠富（前右2）今天起展開三天的感恩參拜行程，走訪鄉內136處宮廟。（記者李文德攝）    ,https://news.ltn.com.tw/news/politics/breakingnews/5557827
最後一次施政報告   陳其邁：高雄一定會更好,政治,2026/08/31 11:13,陳其邁今進行任內最後一次施政報告。（記者王榮祥攝）高雄市長陳其邁今在高市議會進行最後一次施政報告，他在報告結尾時有感而發表示，祝福這座偉大城市進步的腳步一棒接一棒、高雄一定會更好。陳其邁今依往例，在50分鐘內向議會報告施政成果以及未來方向，其中包括許多數據比較，展現其「政策控」的特長；他事後透露，最後一回施政報告的內容都記在腦袋裡。請繼續往下閱讀...他在結尾時指出，祝福這座偉大城市的進步腳步能一棒接一棒，相信高雄一定會更好，也感謝議會全體議員6年來給予他的支持跟指教，祝福大家連任成功、高票當選，未來政治旅途順利，他還鼓勵朝野議員們「珍惜作為高市議員的工作跟幸福」，語畢、現場響起一片掌聲。    ,https://news.ltn.com.tw/news/politics/breakingnews/5557824
高雄市長選舉搶頭香的不是賴瑞隆、柯志恩 「他」由張俊宏陪同登記,政治,2026/08/31 11:12,張靜強調要當鐵拳市長。（記者李惠洲攝）年底縣市長及議員選舉今（31）日起受理登記，高雄市長搶頭香登記的不是民進黨賴瑞隆或國民黨柯志恩，而是司法改革黨黨主席張靜，他一早由民進黨創黨元老張俊宏陪同，前往高雄市長選委會完成登記，他比出拳頭說要當「鐵拳市長」，強調為了讓高雄的民主再一次出發。70歲的張靜目前是司法改革黨主席，曾任法官、檢察官、主任檢察官，執業律師近40年。他於今年3月宣布參選高雄市長，今天說到做到，拿著120萬元的支票到高雄市選委會完成登記，成為高雄市長選舉的第三組人馬。請繼續往下閱讀...張靜強調，他今天登記參選高雄市市長，是要讓高雄的民主再出發。他批評「這幾年民進黨政府把台灣搞成了獨裁專制」，要恢復當年美麗島時候，高雄在台灣開第一砲的民主運動，「今天來登記就是為了高雄的民主再一次出發，高雄的民主春天要再來臨」。張靜強調，將來高雄市政府在他的主政下，一切從全人民的角度出發。只有維護人民的權益，才成為人民的市政府。「我們是不是能夠把警察放在馬路上的拒馬拿開？讓人民跟政府在一塊，而不是用拒馬把它隔開！」他強調要做到高雄市政府將來沒有拒馬，讓人民跟市政府能夠緊密的結合在一起，而不是用拒馬強迫把它們分開。民進黨創黨元老張俊宏今天陪同張靜登記參選，他透露，當年美麗島事件，張靜是他的辯護律師，張靜出來選市長不只為了救台灣、救中國，更是為了救地球。張靜（右）由民進黨創黨元老張俊宏（左）陪同登記參選市長。（記者李惠洲攝）    ,https://news.ltn.com.tw/news/politics/breakingnews/5557822
庇護工場風波翁曉玲被下令「閉嘴」？ 李坤城：藍委都是她的同路人,政治,2026/08/31 11:08,對於翁曉玲庇護工場風波，立委李坤城（麥克風前）說，相信翁是得到國民黨所有委員支持，提案才會通過。（記者黃政嘉攝）藍委翁曉玲提案刪除、凍結總統府國務機要費，導致庇護工場月餅訂單臨時被取消，引發各界批評、黨內抱怨，傳有縣市首長「希望翁曉玲能夠安靜」，立法院國民黨團總召傅崐萁還致電叫她「閉嘴」；民進黨立委李坤城今受訪表示，相信翁曉玲是得到國民黨所有委員的支持，提案才會通過，「不要再抱怨是翁曉玲讓你們難做人」，藍委都是翁曉玲的同路人。李坤城今在新北市選委會前受訪表示，相信翁曉玲是得到國民黨所有委員的支持，刪除國務機要費的提案才會通過。這是所有國民黨委員必須面對選民的質疑，「當你們投下同意，把國務機要費刪除，然後刪除了所有庇護工廠的訂單，這其實你們都知道了」。請繼續往下閱讀...他指出，所以不要再抱怨說，好像是翁曉玲讓你們在選區上面好像很難做人。其實沒有，「其實你們都是翁曉玲的幫兇，你們都是翁曉玲的同路人，你們都是翁曉玲的分身，其實你們都是全部都是支持翁曉玲」。    ,https://news.ltn.com.tw/news/politics/breakingnews/5557818
洪孟楷拋合推鞭刑法制化 白委許忠信：我很早就表達反對,政治,2026/08/31 11:04,台灣民眾黨立法院黨團召開「公審會復辟 是誰閹割了公民權？？」記者會，立委洪毓祥（左）、許忠信（右）出席說明。（記者王藝菘攝）立法院藍白黨團日前聯手提出公投綁大選提案，並在院會強推表決通過，然中選會以非重大政策為由、最終僅通過非核家園公投，引發爭論。對此，藍委拋出聯手白營在國會推動遭否決的交通罰鍰專用、鞭刑法制化；但白委許忠信稱「很早就表達反對」，白委洪毓祥則呼籲民進黨跟進在野黨，儘速修法保證人民安全。民眾黨黨團今（31）日召開「公審會復辟 是誰閹割了公民權？？」記者會，立委洪毓祥、許忠信出席說明，並於會後接受媒體時事聯訪。媒體提問，國民黨立委洪孟楷表示，考慮能跟民眾黨溝通推動交通罰鍰專用、還有鞭刑入法，詢問黨團是否會支持鞭刑入法？若行政院長又不副署是否有相關對策？請繼續往下閱讀...對此，民眾黨立委許忠信回應，儘管鞭刑是此次公投提案之一，但「很早我就表達反對」，而他沒有權限代表黨團發言；立委洪毓祥則強調，黨團先前針對鞭刑支持與否，已辦過公開辯論大會討論正反意見，並認為要讓人民公投決定，面對中選會沒收公投提案，後續藍營若想再推立法，民眾黨團當然會再進行協商因應。談及交通罰緩專款專用，洪表示「絕對支持」，重申國民黨也表態支持，公開呼籲民進黨也喊出交通罰緩100%全部用在交通重大建設，那就一起支持，保障人民交通安全。被問及交通罰緩專款專用是否會列下會期優先法案？許忠信說，民眾黨這邊會在下（9）月15號整合各辦公室所提的優先法案，「到時候就會有結果出來」，透露該案絕對會列入下會期優先法案。    ,https://news.ltn.com.tw/news/politics/breakingnews/5557815
鍾小平坦言選戰戰戰兢兢 指吳怡萱領軍「豬籠草」搶藍營票,政治,2026/08/31 10:55,台北市議員鍾小平盼連任，持續在議會打拚。（記者方賓照攝）今（31）日為九合一地方公職人員選舉候選人登記首日，台北市國民黨平地原住民市議員李芳儒不到9點即到北市選委會登記，搶下藍營頭香。同黨議員鍾小平約於9點半在選委會樓下受訪，說大家都要搶在9月2日登記，但他本來就不信風水，「風水個屁，搶頭香比較重要」。不過被李芳儒搶先，鍾小平笑回，我們是漢民族，他是原住民，兩邊是要和好的，也不要惹怒他，會被出草。鍾後續強調，兩人是好友，說說笑笑。至於中正萬華恐有民眾黨搶票危機，鍾小平則說，他揭發「阿北」柯文哲京華城案後，中間選民票跑掉了，變成「含羞草」，剩下比較兇悍的是由民眾黨吳怡萱領軍的「豬籠草」。鍾坦言，選舉是有風險的，也戰戰兢兢，特別像是豬籠草跟郭正亮這樣深度紅統的人。請繼續往下閱讀...鍾小平也提到，泛藍參選爆炸，僧多粥少，吳怡萱、應佳妤都是藍，人人自危。若六席民眾黨都當選，代表國民黨剩下24至26席，若再推動「白綠合」，若民進黨使壞心眼說議長讓白的做、副議長讓綠的做，那後果不堪設想。鍾小平更說，黃國昌是溫柔情人，阿北是恐怖情人，柯打娘胎就討厭國民黨，自稱是二二八家屬，後來跟老共走近了，就跟國民黨好一點；官司出事了，回頭又跟綠的要好。鍾批評，「阿北一直在搞我們！很怕被恐怖情人弄死，他步步進逼就是我們的失敗，我們黨的落敗是阿北的快樂。」最後鍾小平也呼籲，阿北真的要善待國民黨！另外，大家要集中選票，不要棄保，把最好的市議員留在市議會。台北市議員李芳儒搶到藍營登記頭香。（記者方賓照攝）    ,https://news.ltn.com.tw/news/politics/breakingnews/5557789
傳中國拉攏周子瑜 綠委李坤城：司馬昭之心路人皆知,政治,2026/08/31 10:45,立委李坤城（麥克風前）說，若中國刻意用統戰模式拉攏周子瑜，台灣人民也會知道這是中國統戰的一部分。（記者黃政嘉攝）有週刊報導，中國疑將南韓女團TWICE其中的台灣成員周子瑜列為拉攏新目標進行統戰；民進黨立委李坤城今受訪表示，中國的統戰深入各個角落，如果中國刻意用統戰模式拉攏周子瑜的話，相信司馬昭之心，路人皆知，台灣人民也會知道這是中國統戰的一部分。李坤城今在新北市選委會前受訪表示，中國的統戰是深入各個角落，包含藝人與媒體、文化，相信周子瑜會是中國想要重點拉攏的對象，10年前周子瑜只是拿了中華民國國旗，卻被中國封鎖，其實也是非常諷刺，就中國來講，已經沒有中華民國存在了，但是台灣包含國民黨在內，還是強調有所謂的九二共識，但根本就沒所謂的九二共識。請繼續往下閱讀...李坤城表示，「我們支持所有台灣的藝人」，包含周子瑜在內，希望她們能在海外發光發熱，如果中國還是刻意要用統戰模式來拉攏周子瑜的話，相信司馬昭之心，路人皆知，台灣人民也會知道說，這是中國統戰的一部分。    ,https://news.ltn.com.tw/news/politics/breakingnews/5557773
游國連搭父親開計程車登記參選 盼傳承陳定南精神拚進議會,政治,2026/08/31 10:40,游國連（右）搭父親開計程車登記參選，盼傳承陳定南精神拚進議會。（記者游明金攝）年底五合一選舉參選登記今天起跑，民進黨宜蘭縣議員參選人游國連特別請父親游再添開著計程車載他前往登記。游再添過去是已故陳定南縣長的計程車司機，經常開車載他四處奔走、深入地方；游國連說，希望傳承陳定南遠見、清廉與「頂真」精神進軍議會。游再添過去曾開著計程車載陳定南走遍宜蘭各個角落，游國連說，陳部長在車上常跟他爸爸聊很多事情，回家後爸爸也會跟他分享，他從小就是聽著陳部長的從政事蹟長大，對他的影響很大。游再添則勉勵兒子，既然決定投入公共服務，就要堅持從基層出發，走進地方、傾聽民意，認真替鄉親做事。請繼續往下閱讀...前縣長劉守成也現身力挺，擔任游國連的榮譽主委，劉守成說，他從事政治退休已經18年，以前做政治時經常思考一個問題，哪天把棒子交出去，要交給什麼樣的人？國連就是他認為最優秀，最信任，值得全心全意來支持的年輕人。宜蘭市長參選人韓瑩說，游國連老師對宜蘭市有很深感情，對教育、文化、體育以及整體市政規劃都已經做好準備，更重要的是，他是一個正派、溫暖的人，就像林國漳一樣，她誠懇拜託大家，支持所有宜蘭隊成員，讓宜蘭變得更好。游國連今天也公布競選團隊，榮譽主任委員由前宜蘭縣長劉守成及前監察委員田秋堇共同擔任；主任委員由長期投入公益服務的黃建財醫師出任；總幹事則由文史工作者林正芳擔綱，展現跨世代、跨領域的團隊力量。游國連在黨公職與支持者陪同下，前往選委會登記並高呼當選。（記者游明金攝）游國連（左2）到縣選委會完成參選登記。（記者游明金攝）    ,https://news.ltn.com.tw/news/politics/breakingnews/5557769
陳其邁六年施政成績單  17項六都第一,政治,2026/08/31 10:33,陳其邁六年施政成績單  ，羅列17項六都第一。（記者王榮祥攝）高雄市長陳其邁今進行任內最後一場施政報告，也是他6年市長成績單，書面資料除顯示產業轉型、經濟、觀光等顯著成果，還整理出17項「六都第一」。17項六都第一數據分別為109到113年間增加395工廠、家數成長率5.08% ；全市8176家工廠平均營收3.82億元；31萬員工平均每位員工創造營收1006.6萬元。請繼續往下閱讀...金融及保險業114年銷售額年增率13.26%；企業總管理機構及管理顧問業銷售額年增率33.04%；114年招商簽約16案，招商1116億元為全國招商王。115年上半年失業率3.2%；114年每戶可支配所得120.6萬元、年增率5.44%；所得差距降至5.30倍，較上年減少1.10倍、減幅六都第一；至115年社會住宅新增22265戶；114年職災24死，較109年減少25件、降幅51%；C級巷弄長照站584處，布建數全國第一；一學區一日照中心共布建81學區百分之百達標、六都第一；115 學年度42幼兒園設臨時照顧服務據點、全國第一。115年獎助94位原住民族語保母、托育0到6歲幼兒129名；114年外籍旅客住宿人次成長14.61%。    ,https://news.ltn.com.tw/news/politics/breakingnews/5557759
藍白合竹北破局 李彥秀示警：賭爛票成為壓垮合作「最後一根稻草」,政治,2026/08/31 10:32,國民黨立委李彥秀。（資料照）藍白合在新竹縣竹北市長選舉整合破局，民眾黨創黨主席柯文哲呼籲民眾黨主席黃國昌、國民黨主席鄭麗文儘速協調如何善後。國民黨立委李彥秀今日示警，兩黨都必須有高度的智慧解決竹北的困境，否則支持者的「逆反票」（賭爛票）可能會成為壓垮合作的最後一根稻草。針對藍白合竹北破局，柯文哲昨在台中當面對黃國昌說，鄭麗文跟黃說什麼應該出來說清楚，群眾情緒不是政黨領袖說轉彎就轉彎，「很多事不是講一講就過去」，黃則表示藍營「為了一棵樹，放火燒掉整個森林，到今天還是無法理解為什麼」。請繼續往下閱讀...李彥秀指出，國民黨與民眾黨「理念相符」，捍衛民主憲政，2028下架民進黨，「選票相輔」，國民黨縣市長民代網路綿密，民眾黨對年輕選票與中間選民有極大號召力，因此藍白當然是「合則兩立，分則兩害」。李彥秀表示，過去兩年多來，藍白從國會的「議題合作」，到大罷免的「政黨合作」，再到現在的「選舉合作」，雙方在共同的理念下，能保有各自政黨的獨立性（民眾黨在普發現金與無人載具條例走自己的路），已經培養良好的互動與默契，事實上，如果不是大罷免民眾黨全力相挺，國民黨不可能有31比0的成績，可能民進黨早已完全執政、一黨獨大。李彥秀說，2024年總統大選合作破局，至今都是國民黨與民眾黨支持者最大的夢魘，面對民進黨擁有龐大的國家機器、網軍側翼以及政策支票，在野黨絕對沒有分裂的本錢，更沒有不合作的權利。李彥秀認為，「選舉合作」是政黨合作的「深水區」，2026年縣市長選舉，國民黨與民眾黨簽署協議，在新北市、宜蘭縣以及嘉義市進行合作，國民黨也在新竹市支持現任高虹安市長，雙方制度性的合作模式運作順暢。李彥秀強調，互信是政黨合作的基礎，特別是雙方支持者的感受更不能被忽視，蝴蝶效應可能引發政治海嘯，兩黨都必須有高度的智慧解決竹北的困境，否則支持者的「逆反票」（賭爛票）可能會成為壓垮合作的最後一根稻草。    ,https://news.ltn.com.tw/news/politics/breakingnews/5557760
庇護工場訂單遭疑「政治碰瓷」 秦慧珠籲總統府說清楚,政治,2026/08/31 10:31,國民黨台北市議員秦慧珠表示，她會一一詢問庇護工場受國務機要費影響的訂單，自掏腰包20萬購買。（記者何玉華攝）總統府國務機要費被凍刪，影響總統府向37家庇護工場預購的月餅，被國民黨籍立委邱鎮軍質疑是拿弱勢團體政治碰瓷。日前邀台北市長蔣萬安一起捐20萬元採購庇護工場月餅的台北市議員秦慧珠呼籲總統府公開回應，若不加以澄清的話，將有損總統府的形象跟誠信。秦慧珠表示，國民黨邱姓立委公開質疑總統府碰瓷，質疑總統府的37家庇護工場下單根本是沒有的， 因為有一些媒體去詢問這37家庇護工廠，有的說並沒有接到訂單，總統府只是打電話；也有的說總統府只是叫他們提供DM，並沒有明確的下單。秦慧珠說，總統府若真是向立委所說的碰瓷的話，就讓人覺得是很有問題的。請繼續往下閱讀...秦慧珠呼籲總統府的發言人或副秘書長何志偉，公開回應到底這37家庇護工場幾月幾號下單的，幾號說不能購買的。如何分布、總價，每一家下單多少份，單價是多少，否則像邱姓立委所說，總統府若不加以澄清的話，有損形象跟誠信。秦慧珠說，她從今天起也會去問這37家庇護工場，到底損失多少錢？多少份？她用自己的20萬元去購買，也跟台北商業會集資200萬元，請他們的會員分別向37家購買禮盒。商業會回覆說，會請會員私下買，但不願公開，因為這件事已經陷入藍綠攻防、藍綠的政治鬥爭，生意人很怕牽扯到藍綠裡面，他們得罪不起政黨，更得罪不起這些政治人物。至於蔣萬安自掏腰包去購買庇護工廠禮盒，是不是代表認同立委翁曉玲是不對的？秦慧珠表示，這是不能畫上等號的，立法院的政治攻防有他們的想法跟做法；實質上影響到庇護工廠的部分，「由我們來挽救」；政治攻防的部分留給立法院跟總統府去各自說明，若總統府不是碰瓷、假訂單、假新聞，「我們就來亡羊補牢」。    ,https://news.ltn.com.tw/news/politics/breakingnews/5557756
賴瑞隆不爽扯高雄迴避市政爭議下辯論戰帖 蔣萬安：要不要先問陳亭妃意願？,政治,2026/08/31 10:26,台北市長蔣萬安31日出席115學年度上學期開學日「鮮奶週報：生生喝鮮奶3.0」上路活動受訪。（記者張嘉明攝）民進黨籍台北市長參選人沈伯洋日前對現任市長蔣萬安下戰帖，辯論兒虐、交通、衛生等市政議題，高雄市長參選人賴瑞隆不滿蔣萬安鬼扯前鎮漁港預算從3千萬元暴增至81億元、痛批誤導國人，要求公開辯論。對此，蔣萬安今回應，「他要不要先問問看台南立委（兼台南市長參選人）陳亭妃的意願？」高雄市第八選舉區（前鎮、小港、旗津）立委賴瑞隆不滿蔣萬安把前鎮漁港3千萬元的維護費用、81億元整體改造經費混為一談，作為迴避台北市政爭議的避風港，要求公開辯論，國民黨籍高雄市長參選人柯志恩認為賴找錯對象，直接找她即可；賴回應，支持六都大辯論，蔣萬安、柯志恩都不要跑。請繼續往下閱讀...蔣萬安一早視察北市學校開學日運作情形並受訪，媒體詢問，除了沈伯洋之外，賴瑞隆也邀辯論，會接球嗎？是否覺得自己是年底最忙的參選人，因為凡事問萬安？蔣僅說，「他要不要先問問看陳亭妃的意願？」    ,https://news.ltn.com.tw/news/politics/breakingnews/5557749
無人載具條例政院擬副署 藍黨團：盼打造第二座護國神山,政治,2026/08/31 10:25,國民黨團總召傅崐萁。（資料照）立法院近日三讀通過國民黨團所主導的「強化國防自主暨無人載具產業發展條例」，據了解，行政院擬「副署」該條例，並編入本週四院會將通過的今年度追加預算，明年度總預算案將提出修正案。國民黨團總召傅崐萁今日表示，台灣應把握機會建立完整無人載具產業鏈，甚至朝打造「第二座護國神山」目標前進。立法院近日三讀通過國民黨團所主導的「強化國防自主暨無人載具產業發展條例」，明定設置戰略特別委員會，並得由各黨團推薦專家參與、審查報告須上網公開；經費改為每年原則400億元、分6年編列，主管機關為經濟部。請繼續往下閱讀...傅崐萁表示，無人載具產業發展攸關台灣未來產業布局，這次法案協商過程並不容易，為了讓各方意見能夠整合，他花費長時間協調，最後才促成三讀版本出爐。傅崐萁指出，6年投入2400億元不是小數目，因此制度及相關規範必須明確，不僅要排除產業發展障礙，也要兼顧國防安全及國際合作需求。對於法案納入美方關切項目，以及設置「國家無人載具產業發展戰略特別委員會」等安排，他表示尊重，希望能讓台灣無人載具產業真正建立完整的上、中、下游供應鏈。傅崐萁認為，台灣具有科技及製造產業基礎，如果政策及資源能夠到位，無人載具產業仍有急起直追的機會。他也強調，這次是在國內外多重壓力下努力突破僵局，既然行政院接下來準備依據立法院三讀通過的條例提出相關預算，自然也應完成副署程序。傅崐萁強調，隨著無人載具條例完成三讀，行政院後續是否完成副署、相關預算如何編列，以及2400億元產業資源如何配置，都將成為下一階段朝野攻防與產業界關注焦點。畢竟當全世界各國迫切的基於國防安全，不對稱作戰的需求，要大量採購無人機，做相關的部署。傅崐萁說，具有上中下游最完整的IT產業鏈及高科技含金量的台灣，是最有能力成為世界無人機最大的生產基地，必將迎來全球新一波的採購潮，為台灣創造成千上萬的就業機會及幾百億美元外匯的商機，第二座世界級的《護國神山》指日可待。    ,https://news.ltn.com.tw/news/politics/breakingnews/5557750
庇護工場風波惹眾怒？翁曉玲：沒「黨團支持」不可能通過,政治,2026/08/31 10:20,國民黨立委翁曉玲（左）接受飛碟早餐主持人唐湘龍（右）專訪。（圖由飛碟早餐提供）國民黨立委翁曉玲提案刪除、凍結總統府國務機要費，導致庇護工場中秋月餅訂單臨時被取消，引發各界批評、黨內抱怨，傳有縣市首長表達「希望翁曉玲能夠安靜」，甚至立法院國民黨團總召傅崐萁還致電叫她「閉嘴」？翁曉玲今（31）日接受廣播節目「飛碟早餐」主持人唐湘龍專訪時回應，她對理念與提案相當堅持，也感謝「黨團支持」，否則她的案子不可能表決通過。翁曉玲指出，雖然過程中，有不同委員有不同意見，但是大家在看法上、做法上都維持一致。翁曉玲強調，由於行政機關堅持不依憲法副署立院三讀通過的法案，才讓國務機要費遭刪凍。她並宣布，將針對行政院長卓榮泰8度不副署法律，申請「金氏世界紀錄」。請繼續往下閱讀...唐湘龍觀察，民進黨鋪天蓋地的用了9成攻擊力道對付翁曉玲，為什麼會被恨到這個地步？翁曉玲說，她身為法律人，必須維持中華民國憲政民主法治基礎，中華民國自詡為民主法治國家，她無法忍受領導人公然違憲違法。翁曉玲說明，刪凍國務機要費以及卓榮泰未來四個月薪資，目的都是採取方法制衡賴清德與卓榮泰。她強調，身為立法委員，明明就有立法權，卻可以被賴清德總統、行政院長卓榮泰兩個人否決掉，她痛批這兩人尸位素餐、不適格不適任，因為賴、卓兩人不開心，所以被民進黨卯起來圍攻。翁曉玲指出，民進黨將副署權作為政治報復工具，不只寫下中華民國憲政惡例，即便在全球民主法治國家，也沒有總統跟行政院長敢這麼做。因此她宣布「接下來要申請金氏世界紀錄」，因一年內有8部法律被選擇性不公布，實在太誇張了，一定要拿出有力道的方式加以制衡。翁曉玲表示，立法院現在只有審查預算時，才有監督制衡的著力點，賴總統如果有愛心，只要立即履行憲法義務，立即就有錢可以買月餅「是他們死也不願意」。翁曉玲強調，這涉及大是大非，如果不用這個方式要求行政機關，立法院目前面臨的困境是努力通過法案，還要事先盤算總統跟行政院長會不會公布、副署，立法院被行政權糟蹋，實在很悲哀。    ,https://news.ltn.com.tw/news/politics/breakingnews/5557743
蔣萬安掏腰包買30萬庇護工場禮盒 秦慧珠：低調、值得肯定,政治,2026/08/31 10:18,國民黨議員秦慧珠表示，台北市長蔣萬安自掏腰包30萬元採購庇護工廠禮盒，低調、值得肯定。（記者何玉華攝）台北市長蔣萬安未回應市議員秦慧珠在市議會邀他各捐20萬元協助庇護工場，自己利用假日到庇護工場自掏腰包採購30萬元。秦慧珠今（31日）受訪表示，蔣萬安這個舉動低調但值得肯定，「非常好」。秦慧珠日前在議會邀請蔣萬安跟她一起各捐20萬元，再邀企業集資一起採購受總統府國務費遭凍刪影響的37家庇護工場1.5萬盒中秋禮盒；蔣萬安不斷重申要先了解狀況，一開始未直接回應，讓做球的秦慧珠一度直言很失望。請繼續往下閱讀...不過，有民眾發現蔣萬安在週末由幕僚陪同悄悄現身庇護工場，他今天出席活動受訪也證實利用週末空檔，走訪了幾家台北市的庇護工場了解整體營運狀況，自掏腰包至少先採購30萬元。秦慧珠受訪對蔣萬安的舉動表示非常好，比原先預期的多購買10萬元，舉動低調但值得肯定。但她認為，個別立委、縣市首長都去採買中秋禮盒 不能解決凍刪國務機要費，讓37家庇護工場的單子被取消的問題，她還是要呼籲總統府公開說明下單的情形，每一家下單多少份？訂單如何分布？讓要去接單的人知道要去哪一家買？買多少單？買多少錢？    ,https://news.ltn.com.tw/news/politics/breakingnews/5557739
苗栗議長李文斌拚六連霸  後龍三議員合體登記展團結,政治,2026/08/31 10:08,尋求六連霸的苗栗縣議會議長李文斌（中排坐者左2）與同為後龍鎮籍的資深議員林寶珠（坐者左1）及鄭秋風（坐者右1），在地方幹部的陪同下，連袂完成登記。（記者張勳騰攝）年底九合一選舉今（31）日登記首日，尋求六連霸的苗栗縣議會議長李文斌與同為後龍鎮的資深議員林寶珠及鄭秋風，在地方幹部的陪同下，連袂完成登記，展現後龍鎮的團結氣勢，希望後龍鎮三席能「全壘打」，後龍鎮慈雲宮的幹部還為李文斌套上由媽祖加持過的「蒜環」，一行人高呼「凍蒜！凍蒜！」。年底九合一選舉開打，今日起到9月4日為登記參選日程，今天登記首日，尋求六連霸的苗栗縣議長李文斌，與同為後龍鎮籍的邁向十連霸的林寶珠及尋求九連霸的鄭秋風，在副議長張淑芬、縣議員張志宇、楊明燁、苗栗市長余文忠及後龍鎮長謝清輝及地方幹部的陪同下，連袂辦妥登記。請繼續往下閱讀...李文斌也身兼後龍鎮慈雲宮主委，宮方管理委員會幹部也特製由蒜頭製的項環，再由慈雲宮媽祖加持，為李文斌掛上，預祝他再度高票連任，一行人高呼「凍蒜！凍蒜！」。李文斌指出，此次與後龍鎮籍的資深議員林寶珠及鄭秋風一同辦理登記，展現後龍鎮的團結氣勢，3人繼續為第四選區的地方建設打拚，同時也將全力支持後龍鎮長謝清輝及苗栗縣長鍾東錦連任，大家攜手為後龍鎮及苗栗縣建設共同打拚。後龍鎮慈雲宮的幹部為李文斌（左6）套上由媽祖加持過的「蒜環」，一行人高呼「凍蒜！凍蒜！」。（記者張勳騰攝）    ,https://news.ltn.com.tw/news/politics/breakingnews/5557723
中市議員登記首日英系市議員集體登記   王世堅莊瑞雄也將擇日輔選,政治,2026/08/31 10:04,台中市議員今天首日登記，民進黨八位市議員聯合登記。（記者蘇金鳳攝）年底市議員選舉今天開始受理登記，台中市選會今天在豐樂公園的綜合活動中心受理登記，上午9點第一批聯合登記是民進黨8位英系市議員參選人，在黨部主委許木桂的陪同下前往登記，市議員陳淑華表示，英系立委王世堅與立法黨團幹事長莊瑞雄都會抽空前來輔選，前總統蔡英文只要有空的話會全國輔選。陳淑華表示，今天台中英系8位議員候選人一起聯合登記，提出「台中英，台中贏」、台中英世代創造新未來及「市長要換欣，台中要創新」口號。請繼續往下閱讀...陳淑華及陳俞融都指出，英系8位議員參選人不管是現任或是新人，在地都有耕耘本身，在議會也都表現強烈監督、也揭發過去盧市長任內八年執政失能的許多缺失，如非洲豬瘟、中聯毒油等。陳淑華指出，蔡英文前總統其實也很關心英系8位議員的選舉，也不斷給他們加油跟鼓勵，也都跟8位議員都有表達加油，為他們輔選、助選的這個之意。陳淑華指出，隨著選戰倒數越來越逼近，英系有許多的大咖，像堅哥（王世堅）、莊瑞雄等，很多英系的委員，也都有表示有機會一定會到台中加油跟鼓勵，呼籲民眾讓市長過關、議員全壘打。今天首批登記是民進黨英系八位市議員參選人第1選區（大甲區、大安區、外埔區）吳中源、第4選區（后里區、豐原區）蔡怡萱、第5選區（神岡區、大雅區、潭子區）、蕭隆澤、第6選區（西屯區）陳淑華、第8選區（北屯區）謝家宜、第9選區（北區）陳俞融、第11選區（東區、南區）陳雅惠、第13選區（大里區、霧峰區）張芬郁。台中市議員今天首日登記，民進黨八位市議員首批聯合登記（記者蘇金鳳攝）    ,https://news.ltn.com.tw/news/politics/breakingnews/5557707
6度投入選舉 「財神總統」嘉市長選舉登記搶頭香,政治,2026/08/31 10:01,無黨籍「黃宏成台灣阿成財神總統」一早完成嘉義市長選舉登記搶得頭香。（資料照）2026基層選舉今天是參選人登記的第一天，無黨籍「黃宏成台灣阿成世界偉人財神總統」一早完成嘉義市長選舉登記搶得頭香。黃宏成早在本月20日選舉公告後，即在嘉市選委會門口放置「登記參選專用椅」卡位，這也是黃宏成第6度投入基層選舉。黃宏成4月16日在市府廣場開記者會，宣布參選市長，喊出「反霸凌、討公道」等政治訴求。他表示，看到市長選舉「藍白合」民調「弄洞」國民黨徵召的醫師翁壽良，他化身正義使者為嘉義人「反霸凌、討公道」，將以「棄楷（藍白共推的民眾黨市長參選人張啓楷）保黃（黃宏成）」為目標，用選票反映真正的民調。請繼續往下閱讀...今年也是黃宏成第6度投入基層選舉，前5次選舉分別為2014年嘉義縣長、2016年嘉市立委、2018年嘉市長、2020年嘉市立委及2022年嘉市長選舉，皆未當選。黃宏成說，他領表登記參選前夕，昨天住處門口竟被貼上「欠錢還錢」文字，讓他感到莫名其妙，懷疑有心人士介入選舉、製造事端，將前往警局提告妨礙選舉，請警方查明。無黨籍「黃宏成台灣阿成財神總統」第6度參舉基層選舉。（黃宏成提供）    ,https://news.ltn.com.tw/news/politics/breakingnews/5557716
保外就醫時救命名醫陳順勝 陳水扁賀將到美術館醫院駐診,政治,2026/08/31 10:01,前總統陳水扁在臉書披露其保外就醫時的救命恩人、神經內科名醫陳順勝，獲聘將於九月八日起到高雄健仁醫院駐診。（取自陳水扁臉書）前總統陳水扁今天在臉書粉專披露，保外就醫時期的照護小組主治醫師、已退休的高雄長庚醫院名譽副院長陳順勝，獲得北高雄楠梓區的健仁醫院聘請將於9月8日到健仁醫院開始駐診。他說，北高雄民眾很信賴的楠梓區楠陽路上的健仁醫院，今年剛過完50週年慶，並斥資數億元重新整修，診間與公共空間掛滿名家油畫，讓醫院像美術館，非常溫馨療癒。感謝健仁醫院對阿扁健康的悉心照料，並恭喜該醫院聘請陳順勝到該院駐診。請繼續往下閱讀...陳水扁指出，陳順勝是長庚大學醫學系神經學退休教授，是台灣最權威的神經內科名醫，也是他最重要的救命大恩人。陳水扁表示，若沒有陳順勝醫師，阿扁早就意外猝死；在獄中，若無陳順勝，他不可能停止審判、無法離開監獄、也不可能寫「新勇哥物語」、「扁擔物語」等臉書社群、也沒有機會主持「有夢上水」廣播節目，到今天還能滑脆（threads）搞笑給大家看。    ,https://news.ltn.com.tw/news/politics/breakingnews/5557713
九合一大選參選登記開跑 北市民進黨張銘祐、林子揚搶頭香,政治,2026/08/31 09:56,民進黨台北市中正萬華議員參選人張銘祐與中山大同林子揚今（31）搶頭香登記參選。（記者方賓照攝）年底九合一大選倒數89日，8月31日至9月4日開放公職人員選舉參選人登記參選。民進黨台北市中正萬華議員參選人張銘祐與中山大同林子揚今（31）搶頭香，在立法委員王義川、李坤城陪同下，天還沒亮就集合出發抵達台北市選舉委員會登記。張銘祐表示，過去大家對他的印象是「戰鬥雞」，是因為攸關台灣權益，必須堅定剛強，「但面對我要服務的鄉親，我是溫柔的。以前我是台派戰鬥雞，現在我想當中正萬華的『帶路雞』、『起家雞』」。更指出會選擇於登記參選首日一大早就來登記，就是有感中正萬華有許多服務不能再等待——老屋安全、交通改善、育兒長照到商圈振興，每一項都是鄉親迫切的期待。請繼續往下閱讀...張銘祐強調，自己參選的決心堅定，要做中正萬華的「帶路雞」與「起家雞」，「因為銘祐從這裡起家，我就有責任帶領這裡改變。今天完成登記，也即將從這裡開始，跟大家一起改變台北。」林子揚指出，台北作為台灣首都，肩負著國家發展與接軌國際的重責大任，中山大同是他參與政治的故鄉，過去曾任前行政院長謝長廷幕僚，歷經民進黨十多年的重點栽培，是「全國唯一歷經行政院、總統府、外交官及中央部會最完整歷練的議員候選人！」林子揚強調，累積中央政務與國際事務實務經驗，也讓他更確立「讓台北走向國際、讓國際看見台北」的使命。林子揚表示，身處「三明治世代」，深刻體會青壯年面對照顧長輩、養育下一代與經濟壓力的多重挑戰。在高生活成本的首都，政府應打造全齡的支持體系，讓長輩得到更好的照顧、讓年輕世代擁有更多機會，也讓青壯年能夠安心工作、成家與生活。王義川說，張銘祐、林子揚是台北市中正萬華、中山大同這兩區最有機會吊車尾當選的新人。王義川表示，主打「台灣製造」的正台派團隊，能給台北帶來值得擁有的國際視野與宏觀思維，唯有深化台灣意識、接軌國際世界，並持續推動台灣國家正常化，台北才能真正成為國際級的台灣首都。李坤城指出，在少子化危機日益嚴峻的今天，政治不能只有宏大的政策名詞，更需要真正理解育兒甘苦的「奶爸議員」，唯有親自感受過照顧家庭與養育下一代甘苦的人，才能提出最貼近民意的政策，為台灣的下一代打造更具安全感與希望的未來。民進黨台北市中正萬華議員參選人張銘祐與中山大同林子揚今（31）搶頭香登記參選。（張銘祐辦公室提供）    ,https://news.ltn.com.tw/news/politics/breakingnews/5557703
陳其邁最終場施政報告   開場先講「極端氣候」,政治,2026/08/31 09:51,陳其邁今進行市長任內最後一回施政報告。（記者王榮祥攝）高雄市長陳其邁今在高市議會進行市長任內最後一次施政報告，他開場先感謝議會6年力挺，一起為高雄建設努力，接續第一題不是產業、不是交通，而是「極端氣候與韌性城市」。高市議會第四屆第八次定期大會、原排定上週一進行市長施政報告與質詢，結果碰上0822超級大雨，高雄接連多日遭暴雨重擊，市府宣布停班課、議會也呼應災害應變而延後相關議程，將陳其邁任內最後一場施政報告延到今天。請繼續往下閱讀...今天清晨，高雄再度降下數場大雨，但這次不影響議會議程，議長康裕成上午9:31宣布開議，隨即由陳其邁上台進行任內最終場施政報告。陳其邁首先感謝議會全體議員支持，協助他推動高雄市政，接著開始報告市政，但開場第一題不是外界最熟悉的台積電等產業轉型、也不是演唱會經濟或軌道建設，而是跟天氣有關的極端氣候與韌性城市，包括降雨量、排水檢討等，凸顯陳其邁的務實風格。高市議會定期大會今進行市長施政報告與質詢。（記者王榮祥攝）    ,https://news.ltn.com.tw/news/politics/breakingnews/5557704
桃園爆首宗里長選舉「搓湯圓」案 現任里長40萬行賄對手退選當場被逮,政治,2026/08/31 09:45,桃園市平鎮區莊姓現任里長涉嫌行賄藍姓對手並要求退選，檢調當場查扣40萬元行賄現金。（記者鄭淑婷翻攝）年底9合1選舉今（31）日開始受理登記，登記前夕桃園檢調聯手查獲首宗里長選舉「搓湯圓」案！平鎮區現任莊姓里長涉嫌行賄有意參選的藍姓對手，並提出放棄競選的要求，檢調當場查扣40萬元行賄現金，檢察官複訊後諭知莊姓里長30萬元交保，藍男無保請回。桃園地檢署獲悉平鎮區現任莊姓里長，為求年底選舉能順利連任，竟意圖行賄有意參選且具備候選人資格的藍男，希望他放棄競選，檢察長張春暉隨即指派檢察官邱健盛指揮法務部調查局桃園市調查處偵辦，並組成專案小組積極部署蒐證。請繼續往下閱讀...本月29日下午莊姓里長與藍男相約見面，莊姓里長當場交付40萬元予藍男，並提出放棄競選的要求，在旁蒐證的專案小組見時機成熟，經請示檢察官後即以現行犯當場逮捕莊、藍兩人，扣得行賄現金40萬元。檢察官於昨（30）日凌晨訊問莊、藍2人後，認莊姓里長涉犯公職人員選舉罷免法第97條第1項之對於具有候選人資格者，行求賄賂而約其放棄競選罪嫌，犯罪嫌疑重大，但無羈押之必要，諭知30萬元交保，藍男無保請回。桃檢再次呼籲，公平乾淨的選舉是民主政治的基石，針對利用各種名目行賄選之實等妨害選舉行為，將秉持「無底限、無上限、無時限」原則，持續積極加強查緝，嚴查速辦，在選舉投票將屆之際，也請民眾發現有賄選情事，儘速撥打免費專線0800-024-099踴躍檢舉。桃園市平鎮區莊姓現任里長涉嫌行賄藍姓對手並要求退選，檢調當場查扣40萬元行賄現金。（記者鄭淑婷翻攝）    ,https://news.ltn.com.tw/news/politics/breakingnews/5557698
「青年慧做事連線」搶頭香！綠營新北蘇系青年選將聯合登記,政治,2026/08/31 09:45,民進黨新北市蘇系青年世代今天到新北市選委會聯合登記。左起為市議員參選人戴翎育、市議員翁震州、市議員張維倩、市議員彭一書、市議員參選人陳韋任。（記者賴筱桐攝）今天是2026年九合一選舉受理登記第1天，民進黨新北市蘇系青年世代「搶頭香」，包括市議員張維倩（中和區）、市議員翁震州（新莊區）、市議員彭一書（土城區、三峽區、樹林區、鶯歌區）、市議員參選人陳韋任（新店區、深坑區、石碇區、坪林區、烏來區）、市議員參選人戴翎育（泰山區、林口區、五股區），一起前往新北市選委會登記並聯合造勢，期許11月28日「議員全壘打」。張維倩表示，公托、公幼應依人口成長滾動檢討、加速布建，避免家長抽籤碰運氣，強化0至6歲兒童醫療照護與疫苗接種補助；擴大國小課後照顧班量能，讓家長安心上班，提供從懷孕、生產到就學的完善措施，營造友善育兒環境。請繼續往下閱讀...翁震州說，新莊人口數逾42萬，缺乏第2座國民運動中心，他將監督工程如期如質完工，提升新莊運動公園、體育館等場館設施，更新公園休憩設施並提高綠覆率，打造適合老中青幼的全齡友善運動環境。彭一書指出，捷運三鶯線已通車，土城樹林線也進入施工期，除了帶來通勤便利，未來將要求市府改善周邊行人環境，並優先盤點國小、國中通學廊帶與長者步行動線，推動人行道連續化與路口退縮，落實人本交通願景。陳韋任提到，新店大文山地區發展已久，老舊社區面臨建築老化、居住安全、公共設施不足等問題，除了增設社會住宅，應加速都市更新，讓都更與社宅雙軌並進，未來將支持市府成立都市更新局，建立單一窗口、簡化行政流程，並導入數位及AI工具，加速都更審議效率。戴翎育認為，新北市毛小孩數量全國之冠，動物醫療需求越來越高，未來她將監督市府成立公立動物醫院，擴大絕育補助與認養推廣，從源頭減少流浪動物，並爭取增設寵物友善公園，讓毛小孩和飼主享有安心、舒適的活動空間。5人共同喊出「新時代、新市長、新世代、新希望」口號，呼籲市民票投民進黨新北市長參選人蘇巧慧、支持新北隊，達到「議員全壘打、議會過半」目標。新北市議員翁震州進行選舉登記。（記者賴筱桐攝）新北市議員參選人戴翎育進行選舉登記。（記者賴筱桐攝）新北市議員張維倩進行選舉登記。（記者賴筱桐攝）    ,https://news.ltn.com.tw/news/politics/breakingnews/5557697
簡舒培批「一瓶鮮奶當政績打到底」 蔣萬安：獲得李光耀城市獎特別肯定,政治,2026/08/31 09:35,台北市長蔣萬安31日出席115學年度上學期開學日「鮮奶週報：生生喝鮮奶3.0」上路活動。（記者張嘉明攝）台北市「生生喝鮮奶3.0」照顧對象擴及國中生，今起上路。市長蔣萬安一早至內湖區明湖國中視察開學日的運作情形，面對市議員簡舒培質疑「一瓶鮮奶當政績打到底」，除了鮮奶還拿得出什麼教育政績？蔣回應，生生喝鮮奶之前中央不做，台北市來做，育兒家庭有感，也獲得新加坡李光耀城市獎特別的肯定。今天是新學年度開學第一天，蔣萬安表定7點20分前往明湖國中，了解開學狀況及宣傳「生生喝鮮奶3.0」政策上路，實際晚到了10分鐘、7點半抵達，並與「牛奶阿姨」市議員闕枚莎、教育局長湯志民等人，一起發放文具組，接著移駕至校內活動中心，與學生進行有獎徵答、交流互動，學生們也以熱情的尖叫聲回應，朝氣十足、活潑輕鬆。請繼續往下閱讀...蔣萬安表示，生生喝鮮奶從今天開始，適用範圍擴大至國中，包含幼兒園、國小與國中，計有28.9萬名學童受惠。這項政策之前在中央不做，台北市來做，透過數位卡證讓孩子每週可以兌換鮮奶（凡設籍或就讀北市的2歲至15歲學幼生，每週可免費兌領一瓶鮮奶或豆漿），育兒家庭有感且肯定，也獲得新加坡李光耀城市獎特別肯定，會持續努力照顧台北市的小朋友。蔣萬安也提到此一學年度起國中小營養午餐全面免費，市府一定會把關午餐品質，讓孩子們能夠吃得健康、安心且開心，希望老師們能夠指導孩子，穩定推進食農教育與惜食教育，也歡迎把意見反饋給市府。另，為了減輕老師們的負擔，推出「教育核心三箭」，減少導師授課節數、增加專責行政人力、增加老師免費接受心理諮商服務的頻率和次數，未來5年（119學年度）也將逐步降低師生比，以國小達到1比25、國中1比26為目標。台北市長蔣萬安31日出席115學年度上學期開學日「鮮奶週報：生生喝鮮奶3.0」上路活動，在學校穿堂發送開學小禮物給學生。（記者張嘉明攝）    ,https://news.ltn.com.tw/news/politics/breakingnews/5557680
上屆差40票落選！新北市議員參選人高乃芸「搶頭香」登記展現決心,政治,2026/08/31 09:35,高乃芸搶頭香登記參選。（記者黃政嘉攝）2026地方選舉登記作業今天起跑，民進黨新北市議員參選人高乃芸今早8點就到新北市選委會搶頭香，進行參選登記，高乃芸表示，由於上屆參選市議員差40票落選，因此這次希望第一個來登記，讓大家知道她這次的決心，接下來的日子，她會繼續衝刺，爭取更多民眾的支持。新北市第8（土樹三鶯）選區市議員參選人高乃芸表示，她有請易經老師看好時間，早上八點準時來選委會，想說上次就差40票落選，所以這次希望可以一馬當先，趕快把握機會，第一個來登記，讓大家知道她這次的決心。請繼續往下閱讀...高乃芸說，她今天先完成她自己的部分，後續會陪民進黨市長參選人蘇巧慧一起來聯合登記，距離選舉剩下89天，希望剩下不到三個月的日子，要趕快衝刺，贏得更多地方選民的支持跟認同。高乃芸表示，這次希望第一個來登記，展現決心。（記者黃政嘉攝）    ,https://news.ltn.com.tw/news/politics/breakingnews/5557683
獨家》柯文哲心腹陳亞麟涉貪被通緝  驚爆判決前早就落跑中國,政治,2026/08/31 09:34,陳亞麟曾深受柯文哲信任。（資料照）前屏東縣枋寮鄉長陳亞麟因涉嫌工程收賄、濫用公務車，一審被屏東地方法院重判8年有期徒刑，全案上訴高雄高分院後，竟因二審屢傳不到被發布通緝。這名曾披著清新外衣、歷經藍綠白黃政黨色彩的「全國最年輕鄉長」，落跑內幕曝光。據本報獨家掌握可靠訊息，陳亞麟在今年1月28日判決前兩天，就偷偷出境落跑，且「出國」地點就是中國，遠比各界預期的落跑時間更早，恐震撼政壇與白營內部。請繼續往下閱讀...網紅四叉貓（劉宇）也在社群發文爆料，陳亞麟是繼「橘子」許芷瑜之後，柯文哲身邊第二個遭通緝跑路的心腹。四叉貓痛批，陳亞麟過去因涉貪被民進黨開除黨籍後，「就被柯文哲撿回去用」，掛著民眾黨「社會力部主任」等頭銜，甚至被翻出判決書載明他邊領「木可公司」高額薪水、邊直接領現金，任職9個月平均月薪高達12萬至13萬元。四叉貓更質疑，連周榆修都曾向柯文哲說項讓陳亞麟直接領現金，白營口口聲聲喊財政紀律，卻任由有官司在身的人領無紀錄現金，如今陳亞麟在謝立功的公關公司擔任執行長才半年就跑路通緝，諷刺意味十足。地方人士原以為陳亞麟是二審期間才失聯，沒想到他早在今年1月底屏東地院一審宣判前夕，就精明算準時機潛逃中國逃避司法審判。這場「清流變罪犯」的狡兔三窟劇本，讓昔日挺他的鄉親徹底傻眼，高雄高分院也已全面發布通緝，要將這名潛逃中國的涉貪鄉長追緝歸案。但屏東屢傳判決前落跑，從早年的車城鄉長林錫章、去年的縣議員郭再添，再到現在的陳亞麟，也令地方質疑應隨時掌握其行蹤，司法防逃機制反應慢半拍，應加以檢討。陳亞麟遭通緝。（取自警政署網頁）    ,https://news.ltn.com.tw/news/politics/breakingnews/5557677
高雄市長、議員選舉今起登記   民進黨邱俊憲妻女相陪搶頭香,政治,2026/08/31 09:31,邱俊憲帶著寶貝女兒完成下屆議員選舉登記。（記者王榮祥翻攝）高雄市長、市議員選舉今起開始登記，14度獲評鑑優質議員、爭取4連任的民進黨高市議員邱俊憲8點前就到場，在妻女陪同下、甜蜜搶頭香完成登記。邱俊憲今天除由家人陪同，也邀請跨世代、跨區域的地方重要人士共同到場，包括代表前大樹鄉長曾英志、前仁武鄉長沈英章、仁武里長劉俊彥，及上屆同選區參選、這次不再投入選戰的張婷婷等人，以實際行動力挺邱俊憲爭取連任。請繼續往下閱讀...邱俊憲表示，從第一次參選至今，自己始終相信「民意代表最基本的責任，就是把每一天的服務工作做好」，10年來堅持議會全勤、從不缺席，無論定期大會、委員會或各項重要議事皆全力投入；同時透過提案、質詢、會勘與預算監督，一件一件追蹤地方建設、一項一項解決市民生活中的問題，也是議會中少數能獲得先後14次民間社團評鑑優質議員肯定的民代。他強調「全勤不是紀錄，而是一種態度與責任；優質議員的肯定，是提醒自己必須做得更多、更好」。邱俊憲指出，四連任不是為了個人，而是希望讓地方正在進行的建設不中斷、讓我們一起努力的高雄，繼續向前，懇請鄉親在11月28日再次給予支持與託付，讓「憲在進行式」持續進行，為地方再拚四年、為高雄繼續做事。高市議員選舉今起登記，邱俊憲由妻女陪同搶頭香。（記者王榮祥翻攝）邱俊憲或地方人士相挺。（記者王榮祥翻攝）    ,https://news.ltn.com.tw/news/politics/breakingnews/5557658
台北市觀傳局買網軍？ 林楚茵：翁曉玲說的「飼料」全在蔣萬安手上,政治,2026/08/31 09:29,林楚茵表示，藍白立委狂刪中央宣傳費，但蔣萬安上任4年媒宣費狂砸4.2億，對此她要問翁曉玲：「蔣萬安拿4.2億是餵青鳥嗎？還是豢養藍友友？」（資料照）台北市府官方臉書粉專「Humans of Taipei 我是台北人」日前被發現多篇貼文底下出現整排印尼文留言，且內容全是稱讚字詞，台北市觀傳局昨（30日）回應，經查詢發現是臉書維運廠商「投放廣告時誤投到東南亞地區」所致。民進黨立委林楚茵對此批評：「翁曉玲口中的『青鳥飼料』全在蔣萬安手上，而且還讓飼料變『廢料』。」林楚茵表示，藍白立委狂刪中央宣傳費，但蔣萬安上任4年媒宣費狂砸4.2億，包括觀傳局9000多萬、體育局8400萬、文化局約7000萬，對此她要問翁曉玲：「蔣萬安拿4.2億是餵青鳥嗎？還是豢養藍友友？」請繼續往下閱讀...林楚茵指出，這些「媒宣費」所費不貲，卻被蔣萬安「打水漂」，花了289萬弄出「世壯運官網與粉專」，活動結束卻立刻關閉，錢如同直接丟在水裡。林質疑，有政績不就該留著一段時間嗎？蔣萬安在怕什麼？至於四叉貓抓包「網軍」一事，林楚茵批評，觀傳局花大錢買網軍買讚、買留言被抓包，竟瞎扯「廣告TA設錯」，這筆爛帳是市民買單，還是蔣萬安自掏腰包？統籌分配款能拿來買網軍嗎？最後林楚茵強調：「諷刺的是，蔣市府有錢買網軍撐流量，卻沒錢庇護安置受虐兒、顧兒少？既然翁曉玲覺得『媒宣費』是浪費，請用同樣標準要求國民黨北市議員，立刻砍光台北市的媒宣費！」    ,https://news.ltn.com.tw/news/politics/breakingnews/5557647
軍售淪籌碼？明居正獻2招 防川習會醞釀「大交易」,政治,2026/08/31 09:14,明居正指出，9月下旬川習會接近，美國總統川普（右）與中國國家主席習近平（左）之間可能出現一連串「大交易」。（路透資料照）台灣大學政治學系名譽教授明居正指出，隨著9月下旬「川習再會」接近，美國總統川普與中國國家主席習近平之間可能出現一連串「大交易」；對此台灣必須審慎因應，除了警惕中共的認知作戰，也應積極強化與美國國會的溝通以維護自身利益。明居正接受資深媒體人黃暐瀚節目「下班瀚你聊」專訪時表示，目前國內選戰激烈、國際情勢詭譎，由於選舉逼近，台灣政壇關注的議題幾乎集中在國內事務，對於9月下旬的「川習再會」討論並不多。請繼續往下閱讀...明居正分析稱，由於美國期中選舉將至、美伊戰爭未果，以及川普聲勢未升，此時習近平訪美，極有可能提出「大訂單」，讓川普能夠藉此「大宣傳」。明居正認為，習近平隨後極可能以此要求川普在台灣議題上「大讓步」，包括反對台獨、促使台灣坐上和平談判桌，甚至要求簽署第四公報及停止對台軍售，藉此讓習近平取得第4個5年、繼續連任的理由。此外，談及美方學者提出攻台紅燈指標，明居正直言，雖然部分因素具有參考價值，但中共仍受限於內部兵變風險、經濟崩潰壓力及美日介入的擔憂。面對這一連串可能出現的「大交易」，明居正深感憂心。他強調，針對相關情勢，台灣官方必須警惕中共的認知作戰，並立即對美國展開全面遊說，以維護自身利益。    ,https://news.ltn.com.tw/news/politics/breakingnews/5557607
新北選情拉鋸！侯友宜稱「下一棒李四川」藍營PO影片振士氣,政治,2026/08/31 09:07,國民黨新北市長參選人李四川PO文，感謝侯友宜表示「我的下一棒接棒者就是李四川」。（摘自李四川臉書）國民黨新北市長參選人李四川31日在社群貼文「謝謝侯友宜市長，把這一棒交下來」，摘錄侯友宜29日參加活動時的受訪影片，侯友宜被問到對年底選舉的看法表示，「我的下一棒接棒者就是李四川」，在近來李四川和對手蘇巧慧選情互有領先的狀況下，8年施政滿意度達7成多的侯友宜，明確表態支持李四川，對藍營士氣有很大提振效果。李四川表示，這句話對他來說不只是肯定，更是交到手上的一份重量，新北每一個階段都有不同的使命，侯友宜這些年一步一步深化，才有今天的新北，「接下來這一段——重量，我扛。路，我接著鋪」。請繼續往下閱讀...藍營人士指出，侯友宜在新北16年來，不論是副市長任內、還是市長在任期間，對市政工作全力以赴、戮力從公，這段期間新北市的建設發展和社會福利都有長足進步，不論藍綠白都看在眼裡，最近的施政滿意度更高達7成多，也因此蘇巧慧都抱著「尊侯」的態度，多次侯友宜的公開行程，蘇巧慧選擇和侯友宜同台釋出善意，也喊不出「換人換黨做做看」。李四川陣營對此繃緊神經，也感謝侯友宜多次參加活動，侯友宜看見李四川到場，均會把李四川拉到身旁，表達支持，年底市長選舉剩最後兩個多月，雙方民調互有領先，侯友宜對李四川「甲你攬牢牢」的肢動語言和態度，讓藍營吃下定心丸。    ,https://news.ltn.com.tw/news/politics/breakingnews/5557640
星媒專訪談選情 鄭麗文：嘉義市、彰化縣「有些問題」,政治,2026/08/31 08:48,國民黨主席鄭麗文。（資料照）國民黨主席鄭麗文日前接受新加坡《聯合早報》專訪，被問及年底選舉結果若不如預期，是否會請辭負責？鄭麗文神色一暗、略降聲調說，「雖然在嘉義市、彰化縣有些問題，大家也有些焦慮，我還是很有信心，最後應該可以交出一個大家都能夠滿意的成績單。」被問到是否會參選2028年總統？鄭麗文表示，作為黨主席，她的任務就是提名最強候選人，團結所有在野力量、維繫藍白合作。國民黨一定要建立制度，不會內定人選，更不會為任何個人量身定做。「如果我做好這個事情，然後媒體就解讀成我要去選總統，那是過度解讀了。」請繼續往下閱讀...回顧今年上半年先後訪問北京與華府的成果。鄭麗文指出，國民黨正穩健推動對外交流與兩岸對話，每一個步驟都走得非常穩健，這樣子的開頭構想也是非常正確。當前台海情勢嚴峻，降低緊張、避免兩岸走向兵戎相向，不僅符合台灣與大陸雙方利益，也符合美國及國際社會共同利益。她強調，兩岸並非只能在對抗與衝突之間選擇，透過溝通與交流，和平依然是可以努力、也可以實現的選項。對於外界質疑「九二共識」是否仍能發揮作用，鄭麗文表示，她始終對兩岸恢復和平交流抱持信心，而此次北京之行也再次證明，雙方仍存在推動交流、降低敵意的空間。「兩岸是有和平的選項」，國民黨有責任為台灣人民持續打開對話的大門。談及美中關係，鄭麗文認為，美國總統川普基於現實考量，希望重新塑造美中戰略關係，美國行政部門也樂見台海和平，但仍高度關注兩岸高層互動能否形成持續且穩定的新局面。美中累積數十年的戰略競爭與不信任，不可能一夕化解，即使美國總統展現不同思維與政治意志，也需要時間逐步形成新的政策方向。她並預期，9月底美中領導人再次會晤，有機會取得更多進展。針對上任9個月以來的黨務改革，鄭麗文表示，自己或許是「非常非典型的國民黨政治人物」，但這也正呼應許多黨員與支持者期待國民黨脫胎換骨、煥然一新的心聲。目前黨內士氣已有明顯提升，更有上萬名新黨員加入，從16歲青年到80歲長者都有，展現國民黨重新凝聚社會支持的活力。鄭麗文自兼革命實踐研究院院長，並親赴基層授課，希望強化黨員的論述能力。她表示，外界長期批評國民黨缺乏核心價值、中心思想與有力論述，因此她上任後的重要工作之一，就是重新形塑國民黨的「黨魂」，賦予百年政黨符合當代、尤其能與年輕世代對話的新價值。面對黨內外不同聲音，以及社會政治環境帶來的壓力，鄭麗文強調，國民黨不會因為逆風就改變應該堅持的方向。「我們是逆風而行，但我沒有一點膽怯、退讓與焦慮。」她表示，自己雖然是理想主義者，但絕非空想主義者，所有政策與政治主張都必須建立在現實基礎之上。鄭麗文強調，國民黨將持續以人民利益為核心，在複雜的國際環境中務實前進；一方面強化自身、守護台灣民主與安全，一方面堅持溝通、降低衝突風險，為台海和平創造更多可能。面對逆風，國民黨不退縮，也不放棄為台灣尋找和平與繁榮的道路。    ,https://news.ltn.com.tw/news/politics/breakingnews/5557615
選舉登記起跑 無黨籍澎湖縣長參選人許智富下辯論戰帖,政治,2026/08/31 08:36,無黨澎湖縣長參選人許智富。（許智富提供）年底5合一選舉登記作業今（31）日起跑！無黨籍澎湖縣長參選人許智富提出戰帖，向所有要參加澎湖縣長選舉的參選人發出公開邀請，一同參與電視辯論，就個人所發表的政見、願景、治理與作為來逐一說明及辯論，更是展現治理能力的最佳機會。許智富表示，依據「公辦政見發表會實施辦法」規定，縣長選舉只要有3分之2以上的參選人同意，即可將傳統的政見發表會改為辯論會。真金不怕火煉、能力不怕檢驗，只有辯論會才能顯示各參選人治縣能力，而非淪為紙上談兵的文宣理念，也不是各自闡述的政見發表會。請繼續往下閱讀...澎湖縣長是代表澎湖的門面，更是澎湖縣的大家長，在一個公平公正公開的場合，讓所有縣民檢視，所提的政見、願景，究竟是否符合澎湖未來發展的需要，政策是否具體可行，也讓民眾真正了解每一位參選人的治理理念、執行能力與面對問題的態度。根據了解，現已表態投入澎湖縣百里侯之爭的參選人登記時間為，吳淑瑾（民進黨）9月2日上午11時、陳振中（國民黨）9月2日（時間未定）、許智富（無黨）9月3日上午11時、葉竹林（無黨）9月4日上午11時、周倪安（台聯黨、時間未定）、陳盡川（無黨）（天氣好、沒出海就去）、許明仁（無黨、時間未定）。    ,https://news.ltn.com.tw/news/politics/breakingnews/5557614
竹北藍白合破局》柯文哲當面斥黃國昌 國民黨：努力到最後一刻,政治,2026/08/31 08:26,國民黨立委牛煦庭。（資料照）藍白合在新竹縣竹北市長選舉整合破局，身兼國民黨發言人的立委牛煦庭今日表示，整合本來就是一個很複雜的過程，也不見得同一套方法全部都適用，努力到最後一刻是有必要的。他認為，任何一個跟這一盤有關的人，都有義務共同促成這樣的事情，才能安撫支持者的焦慮，但到了最後決定走向的，是升斗小民的集體判斷。針對藍白合竹北破局，民眾黨創黨主席柯文哲昨在台中當面對黨主席黃國昌說，國民黨主席鄭麗文跟黃說什麼應該出來說清楚，群眾情緒不是政黨領袖說轉彎就轉彎，「很多事不是講一講就過去」，黃則表示藍營「為了一棵樹，放火燒掉整個森林，到今天還是無法理解為什麼」。請繼續往下閱讀...黃國昌日前表示，雙方原存在「縣長挺徐欣瑩、市長由民眾黨出戰」默契，26日與鄭麗文會面，對方卻表明無法處理竹北問題，他深表遺憾，民眾黨支持邱臣遠完成登記，堅定參選到底。國民黨新竹縣長參選人、立委徐欣瑩辦公室前天先拋「相忍顧大局」，又回應「她無權決定，自無失信於政治盟友」。柯文哲昨反問徐欣瑩，對於兩黨合作的理解是什麼？請徐自己出來講。牛煦庭今日接受「嗆新聞」廣播節目專訪，對於國民黨內部怎麼看這一波亂局？牛煦庭表示，當然希望負起責任的該負起責任，趕快把這事情談一談，整合本來就是一個很複雜的過程，也不見得同一套方法全部都適用，努力到最後一刻是有必要的。今天起到9月4日都能登記，對於選盤的具體影響，要視登記結果而定。至於對選情的影響，牛煦庭指出，2024年之後，藍白合作的格局一直蠻穩定的，現在開始出現比較大的亂流及波動，最後影響的程度他覺得不是政治大頭決定，也不是網路意見領袖決定的，而是每一個小市民決定，這次選舉大家會做出投票結果。牛煦庭說，他有觀察網路上的反應，民眾黨人感到受委屈，過程中沒有受到該有的對待或兌現承諾等；也有很多人理性的表達，這件事就發生在新竹就好，其他地方還是要穩住藍白合作的大局。對選民來講，相信民眾黨選民的判斷與智慧，他們在判斷事理時有自己的堅持、自己的政黨支持度，但是他們也看得懂社會的局勢、公共政策的走向，更看得懂台灣憲政的亂局，這有大有小。牛煦庭認為，最後的結果是選民的自主判斷，選戰打到現在，從2024年總統大選、大罷免到今年地方選舉，很多時候仔細回想一下，很多事情不是政治人物、也不是政黨說了算，是人民最後的投票才形成強大的力量，所以他覺得大家不妨好好跟各自選區的選民對焦。牛煦庭說，當然不是講要大家就此放過或放下這件事，政治人物該負起責任，不要再喊來喊去。大家彼此之間或多或少都有點交情，好好坐下來溝通，就像過去在立法院溝通法案，或在其他地方談合作一樣，邊打邊談、中間有摩擦也是常有的狀況，大家努力到最後一刻。主持人詢問，是否認為徐欣瑩有必要出來說明情況？牛煦庭說，他覺得任何一個跟這一盤有關的人，都有義務共同促成這樣的事情，才能安撫支持者的焦慮，但到了最後決定走向的，是升斗小民的集體判斷。    ,https://news.ltn.com.tw/news/politics/breakingnews/5557609
補破網！蔣萬安訪庇護工場 宣布自掏腰包至少30萬,政治,2026/08/31 08:13,台北市長蔣萬安31日上午受訪，坦言日前走訪庇護工場，證實自掏腰包「至少先採購30萬」。（記者張嘉明攝）台北市議員秦慧珠近日在議會邀請市長蔣萬安各捐20萬元協助庇護工場，但蔣萬安當場反覆重申立場，遲遲不肯正面回應，讓特地「作球」的秦慧珠直呼「我很失望」；外傳有民眾假日目擊蔣萬安到庇護工場，蔣萬安今天當眾證實自掏腰包「至少先採購30萬」。今天是中小學開學日，蔣萬安上午到明湖國中了解狀況，他證實，利用週末空檔，走訪了幾家台北市的庇護工場，了解目前整體營運狀況，特別是面臨中秋節來臨，接獲訂單的情形，不希望太大陣仗，因此私下拜訪，也實際詢問看看有無遇到什麼問題跟狀況。請繼續往下閱讀...蔣萬安指出，台北市的庇護工場是由勞動局重建處協助輔導經營，在對談過程中，對方也給予許多反饋，台北市近三年向庇護工場採購金額，每年平均5千萬元，而且過去一至七月，庇護工場整體營收，相較去年同期也增加，持續給予各方面的支持。蔣萬安提到，他用實際行動下訂單採購，「我自掏腰包至少先採購30萬」幫忙庇護工場。此外，媒體報導蔣萬安上屆選舉1700萬元補助款，好像是放入自己口袋，蔣回應，一切依法、依規申報，也經得起檢驗。相關新聞請見：邀蔣萬安捐20萬認購庇護工場月餅又被問A答B  秦慧珠氣炸：我很失望蔣萬安快看！沈伯洋自掏腰包10萬  力挺庇護工場台北市長蔣萬安到國中了解開學日狀況。（記者董冠怡攝）    ,https://news.ltn.com.tw/news/politics/breakingnews/5557597
台北市府粉專「整排印尼文」！四叉貓：蔣萬安飼料費養網軍？,政治,2026/08/31 07:50,北市府粉專「Humans of Taipei 我是台北人」近日被發現多篇貼文底下出現整排印尼文留言，「四叉貓」劉宇諷刺：「請問我現在可以喊蔣萬安的北市府拿飼料費養網軍了嗎？」（圖擷取自四叉貓臉書）台北市府官方臉書粉專「Humans of Taipei 我是台北人」近日被發現多篇貼文底下出現整排印尼文留言，且內容全是稱讚字詞，對此，台北市觀傳局昨日（30日）回應，經查詢發現是臉書維運廠商「投放廣告時誤投到東南亞地區」所致，已要求廠商立即修正。網紅「四叉貓」劉宇諷刺說：「請問我現在可以喊蔣萬安的北市府拿飼料費養網軍了嗎？」相關新聞請見：網笑翻！北市府粉專湧大量印尼人留言 四叉貓虧：網軍設定錯誤請繼續往下閱讀...四叉貓表示，這件事是他先出來爆料的，不過台灣各地政府單位常會把官方粉絲團外包出去給民間廠商經營，這其實是很常見的事，畢竟公務員不太懂怎麼經營粉專，而合約內容會寫明一個月發幾篇、每篇要多少讚多少留言、粉絲成長數要達到多少％等等。四叉貓也坦言：「只有翁曉玲會砍這些預算，再抹黑這些是青鳥的飼料費。」花錢投放廣告？買假帳號點讚？四叉貓指出，政府單位官方粉絲團大部分都偏無聊沒人看，合約內載明的KPI就很難達標，所以廠商對外宣稱會花錢投放廣告增加觸擊率，但省錢的做法就是買國外假帳號去留言點讚灌流量。四叉貓說：「沒有影射誰啦，但看完蔣萬安的北市府觀傳局回應，懂的就懂。」四叉貓今凌晨則是貼出一份台北市觀傳局的報告，內容指出「我是台北人」粉專一年要發68篇原生貼文，年總觸超過919萬人次。四叉貓直言：「數字很漂亮，直到昨天觀傳局才承認都是外包給廠商灌流量，那數字再漂亮有用嗎？還不是都假的！灌出來的！乾脆把北市府的媒宣費全部砍掉吧，有什麼政策宣導讓蔣萬安發自己的臉書就好。」許多網友也在四叉貓貼文底下留言，並以翁曉玲說法反諷北市府：「蔣萬安看起來也花了不少飼料費~」、「呼叫翁曉玲，網軍在這裡。」、「是不是要標記翁上人？」、「按照翁小人的準則，把這些飼料費通通刪了！」、「真的藍白在罵民進黨的，都是自己在做的事。」相關新聞請見：不只一篇！一堆印尼人點讚北市府「芒果冰」 她笑：記得買繁中版    ,https://news.ltn.com.tw/news/politics/breakingnews/5557581
另一個「橘子」？前枋寮鄉長陳亞麟涉貪 四叉貓：又有柯文哲心腹跑路,政治,2026/08/31 06:58,2020年4月26日上午，錢櫃KTV台北市林森店發生火災，造成6人死亡，當天柯文哲南下到枋寮鄉與陳亞麟了解養殖漁業。（資料照）前無黨籍屏東縣枋寮鄉長陳亞麟近期因為貪污案二審屢傳不到，被高雄高分院通緝，記者昨天（30日）晚間試圖聯繫，未獲回應；陳亞麟從政以來，從時代力量到民進黨，最後成為民眾黨總統大選柯文哲競選辦公室「社會力部主任」，網紅四叉貓也在社群媒體曝光這個消息，並稱陳亞麟穿時力背心卻未入黨，「就是個包牌仔」。陳亞麟任枋寮鄉鄉長時期，涉嫌透過私人特助與廠商圍標工程收受回扣，並且利用公務車到高雄看診、購物、飲宴，屏東地方法院判處有期徒刑8年，全案上訴中，但高雄高分院卻在近期發布通緝。請繼續往下閱讀...陳亞麟2018年首次投入地方選舉，由於當時是時代力量推出的首位行政首長參選人，選前曾一度被時力大張旗鼓作為主角對外宣布，未料，陳亞麟未入黨，並在最後關頭以無黨籍登記參選，當時他並「期許」自己成為屏東政壇超越藍綠的「新白色力量」。陳亞麟靠著「加速吧！枋寮」的主軸成功當選，但背心仍是黃色，外界不少人誤以為是時力黨籍，而僅32歲的他也成為全國最年輕鄉長，名噪一時，後續逐漸與柯文哲越走越近，柯文哲在台北市長任內爆發錢櫃火災6死案當天遠赴枋寮，議會事後質詢為何獨訪枋寮時，柯文哲就回應指陳亞麟是年輕人又是無黨籍，希望台北有哪些東西是可以給人家的，不過，像是柯文哲曾答應贈予枋寮淘汰共享單車Youbike1.0、後續又改口為「讓售」，至今仍無下文。曾任民進黨台北市議員助理的陳亞麟也曾具有民進黨籍，但在涉及貪污後即遭開除黨籍；四叉貓發文指出，柯文哲身邊繼橘子之後第二個被通緝的心腹就是陳亞麟，而該被通緝的陳亞麟，就是連任枋寮鄉長失利後「被柯文哲撿回去用」的陳亞麟同一人。四叉貓表示，柯文哲後續把陳亞麟放在黨中央掛上「社會力部主任」、「競辦主任」頭銜，且2023年總統大選期間整整1年柯文哲的新聞畫面身邊都有陳亞麟，縱使已被起訴貪污，但民眾黨卻說陳亞麟不是民眾黨籍所以中評會無法處理，柯文哲政治獻金的判決書中，卻發現陳亞麟雖掛有黨職卻領木可公司的薪水，任職9個月的平均月薪高達13萬。四叉貓質疑，當時連周榆修都向柯文哲說項，指陳亞麟有官司在身所以要直接領現金，白營一邊喊財政紀律，但卻任由陳亞麟領沒紀錄的現金，如何做帳啟人疑竇，此外，陳於本案判決前後跑去前民眾黨秘書長謝立功所開的勝奇略智庫擔任執行長，為何僅做了半年就跑路？陳亞麟。（資料照）    ,https://news.ltn.com.tw/news/politics/breakingnews/5557575
九合一選舉今登記首日   中市綠、藍、白議員拼氣勢,政治,2026/08/31 06:17,第五屆台中市議員登記首日，綠、藍、白就有三批市議員採聯合登記。（記者蘇金鳳攝）台中市選委會今天開始受理市長、市議員的登記，而民進黨、國民黨及民眾黨都有參選人登記，既是第一天登記，三黨都輸人不輸陣、拼氣勢，三黨都市議員採聯合登記，其中民進黨就有8位英系市議員在中市黨部主委許木桂陪同下一同登記，民眾黨更是黨主席黃國昌親自帶著6位參選人登記，而國民黨則是8位新生代新議政聯盟議員一同登記，熱鬧可期。九合一大選將從今日至9月4日開放登記，台中市選委會在豐樂公園的綜合活動中心受理市長及市議員參選人的登記，而里長則在各區公所。請繼續往下閱讀...今天是登記的第一天，已有綠藍白3黨的市議員要在今天上午聯合登記，最早的是民進黨英系的8位市議員參選人，在上午9時在市黨部主委許木桂陪同下，集體登記。第2批則是上午10點，民眾黨的6位市議員參選人團體登記，由於民眾黨相當重視台中市的選舉，希望能至少當選3席，成立黨團，黨主席黃國昌親自南下陪同登記，就是要讓民眾黨小雞們增加能見度。第3批則是上午10點30分，由8位國民黨現任新生代市議員、新議政聯盟聯合登記，將化身為百工百業裝扮，強調就是為百工百業喉舌。此外，9月1日上午則有民進黨的新系及正國會前往登記，國民黨籍的議長張清照將於9月2日前往登記。至於兩黨的市長參選人，民進黨中市長參選人何欣純將於9月2日登記，國民黨中市參選人江啟臣則是9月3日。    ,https://news.ltn.com.tw/news/politics/breakingnews/5557570
彰化也買票！美籍記者石東文曝親身經歷 國民黨派系備現金買票,政治,2026/08/31 06:06,"前台中美國商會會長、台北時報專欄作家石東文（Courtney Donovan Smith）披露，他多年前曾為國民黨政治人物工作，曾親眼看過他們準備一大堆現金準備買票。（取自石東文X）☆飲酒過量  有害健康  禁止酒駕☆首次上稿 08-31 03:04更新時間 08-31 06:06在前金融時報駐台記者席佳琳（Kathrin Hille）爆料，花蓮的選舉「那邊所有的票都是買的」之後，前台中美國商會（American Chamber of Commerce in Taichung）會長、台北時報（Taipei Times）專欄作家石東文（Courtney Donovan Smith）30日也披露他的經歷，說他多年前曾為國民黨政治人物工作，也曾親眼看過他們為了買票，準備一大堆的現金，而且毫不避諱地說就是要用來買票！請繼續往下閱讀...石東文在社群平台X轉貼資深美國籍記者何貴森（Chris Horton）引述席佳琳發言的貼文，指出：「很多年前，我曾經為彰化縣國民黨地方派系的政治人物工作，也親眼看過他們為了買票，準備一大堆的現金。」石東文說：「我第一次看到那些錢的時候，根本不知道是要拿來幹嘛，我還開玩笑問：『這些是要給我的嗎？』「結果他們一副理所當然的樣子回答我，當然是拿來買票的。」石東文曾任台北國際社區廣播電台（ICRT）中部特派員，也是線上刊物「台灣報告」（Taiwan Report）聯合創始人。何貴森曾為紐約時報、彭博、日經亞洲（Nikkei Asia）等媒體撰稿，自2015年來台定居。Years ago, I used to work for KMT factional pols in Changhua County & saw the giant piles of cash they'd prepare for vote buying. The first time I saw it, I didn't know what it was for and joked, ""Is that for me?"" They matter-of-factly told me it was for buying votes of course. https://t.co/1QDbN7UsYR— Courtney Donovan Smith 石東文 （@donovan_smith） August 30, 2026 Years ago, I used to work for KMT factional pols in Changhua County & saw the giant piles of cash they'd prepare for vote buying. The first time I saw it, I didn't know what it was for and joked, ""Is that for me?"" They matter-of-factly told me it was for buying votes of course. https://t.co/1QDbN7UsYR    ",https://news.ltn.com.tw/news/politics/breakingnews/5557555
外交部明年度預算共434億 機密預算遽增近4成達24.3億,政治,2026/08/31 06:03,外交部明年度歲出編列新台幣434億餘元，其中機密預算編列24億3240萬元，較前一年度預算增加約6.7億元，增幅約38.3％。（資料照）外交部116年預算案已送至立院，明年度歲出編列新台幣434億餘元，其中機密預算編列24億3240萬元，較前一年度預算增加約6.7億元，增幅約38.3％。根據116年外交部預算案，外交部116年歲出預算共編列434億1344萬7000元，其中一般行政預算編列98億3296萬7000元；駐外機構業務編列40億3762萬2000元；國際會議及交流預算編列35億4673萬5000元；國際合作及關懷預算編列229億9988萬9000元；外交支出機密預算則編列24億3240萬元。請繼續往下閱讀...其中，外交部明年度編列機密預算24億3240萬元，佔外交部主管預算比率約5.36％，較115年度預算案編列的17億5880萬2千元，增加約6億7359萬8千元。外交部投入10億 推動史瓦帝尼台灣產業園區此外，根據外交部預算書委辦經費分析表，外交部也將投入10億元用於推動在非洲友邦史瓦帝尼王國設立台灣產業創新園區（TIIP），引進台商前往史國投資，除有助台商進一步布局非洲市場，也有助增加史國就業機會、促進史國產業群聚與據點化、提升史國區域經濟價值與規模。    ,https://news.ltn.com.tw/news/politics/breakingnews/5557564
縣市長選舉今起受理登記》藍主攻非核公投 規劃百場宣講,政治,2026/08/31 05:30,國民黨公投論述主軸鎖定「能源即國安、算力即國力、為AI拚能源、為發展投同意」，未來將規劃百場公投下鄉宣講，訴諸全民爭取公投同意票。（資料照）年底選舉藍白提出三公投案，中選會廿八日決議「鞭刑」、「交通罰鍰專用」未通過，僅「廢除非核家園」通過。國民黨文傳會主委陳以信表示，國民黨公投論述主軸鎖定「能源即國安、算力即國力、為AI拚能源、為發展投同意」，未來將規劃百場公投下鄉宣講，訴諸全民爭取公投同意票。陳以信表示，國民黨團已對中選會否決鞭刑公投強烈抗議並譴責，中選會不是太上機關，憑什麼幫人民決定何為重大政策？他強調，國民黨未來將採取公投綁大選、在野合作、能源拚發展三項策略，結合地方候選人競選、黨慶及造勢活動，規劃百場公投下鄉宣講，及社群短影音等多元媒體宣傳，中央空戰與地方陸戰相互拉抬，訴諸全民爭取公投同意票，徹底下架民進黨錯誤的非核能源政策。請繼續往下閱讀...此外，立法院第十一屆第五會期於上週四劃下句點，民進黨痛批，在野黨延會創下立法院「最長會期」紀錄，卻未善盡理性監督之責，反而透過預算延宕、杯葛國防、濫用公投、阻擋國安及卡關人事等「五大無極限」行徑癱瘓國政，並喊話年底選舉用選票教訓八位要參選縣市長的藍委。批綠政策說不贏 就潑髒水對此，國民黨團書記長林沛祥表示，民進黨現在的選戰策略很簡單，就是抹黑造謠從國會一路打到地方，中央執政成績拿不出來，就把所有責任打包寄給在野黨；政策說不贏，就貼標籤、潑髒水。林沛祥提醒民進黨，選民不是失憶症患者。這兩年到底是誰不斷撕裂社會、製造仇恨？誰把司法公信力搞到人民搖頭？誰讓食安問題一再爆發？南部豪雨成災、治水成效被人民打上大問號；立法院三讀通過的法律，行政院動不動就不副署、不執行。從食安崩盤、治水無能，到毀憲亂政，難道都是在野黨害的？藍委表示，民主需要尊重憲政制度、尊重國會多數，卓榮泰不能將副署權當成政治武器，把憲法尊嚴當成政黨利益、把國家利益當成「自助餐」。民進黨已成為台灣民主憲政的毒瘤，不僅缺乏病識感，更把病態當成常態，把傲慢當成強悍，民進黨才是名副其實的「憲政哥吉拉」。    ,https://news.ltn.com.tw/news/politics/paper/1768713
縣市長選舉今起受理登記》綠戰線轉向北、中 強力監督市政,政治,2026/08/31 05:30,民進黨由沈伯洋與蘇巧慧帶起的「洋流慧聚」雙北雙箭頭，聲量與民調都顯示正面漲勢。（記者賴筱桐攝）年底縣市長選舉今天起受理登記，民進黨先前鎖定八位參選的國民黨立委，發動「教訓翁曉玲共犯」、「失格立委」等攻勢，下一階段戰線將轉向「強力監督台北、台中市政」，透過國會亂象與施政缺失的雙重檢驗，拆穿國民黨是只會製造對立、阻擋台灣向前走的政黨。民進黨人士直言，藍白沈溺在大罷免的虛幻勝利中，自以為在國會的為所欲為、違憲亂政及凍刪預算是民意所向。從翁曉玲砍國務機要費波及庇護工場，到鞭刑等公投案遭藍營通過的中選會委員全數反對，顯示代議士企圖越俎代庖、操作直接民權，更凸顯在野黨立委只顧著選舉操作。請繼續往下閱讀...黨內人士表示，不只參選縣市長的八名立委，國民黨現任首長也開始察覺民意風向不對，和翁曉玲保持距離，連晚了一週的國民黨主席鄭麗文也喊出要認購庇護工場商品，代表國民黨認知到自己刪錯預算；面對持續在國會搗亂的在野黨，民進黨會持續提出正面的政策牛肉爭取支持。黨內人士認為，翁曉玲只是一個縮影，無論誰擔任這個角色，國民黨都不讓執政黨做事。以近日新竹縣「藍白合」破局為例，再次暴露國民黨不只對台灣人民如此、對民進黨如此、對民眾黨也是如此，是不把民意放在心上、言而無信的無能政黨。隨著立院會期告一段落，民進黨將轉向對台北、台中市政的強力監督。黨內人士表示，台北市長蔣萬安從七二五凱道遊行後負面聲量居高不下，在吸菸區、遮陽傘等市政缺失持續暴露其「無知、卸責、無能」；台中市長盧秀燕則是不「接單」台中捷運、垃圾山、蚊子館等市政，跑去管總統府「棄單」。市政出包 蔣輔選效益遞減黨內人士強調，蔣萬安企圖在年底選戰擔任「藍營領頭羊」，卻在翁曉玲事件與台北市政議題出包下，氣勢不斷下滑，輔選時提不出自身政績，推薦也講得零零落落，只會一直批評中央，輔選效益正逐漸遞減。反觀民進黨由沈伯洋與蘇巧慧帶起的「洋流慧聚」雙北雙箭頭，聲量與民調都顯示正面漲勢，週六蘇巧慧舉辦首場競選總部成立大造勢，預期全面帶動綠營各縣市參選人聲勢。    ,https://news.ltn.com.tw/news/politics/paper/1768712
前外媒記者談親身體驗 花蓮爆賄選嚴重 檢：已分案調查,政治,2026/08/31 05:30,花蓮賄選風氣嚴重，一直都是地檢署查緝重點，代理檢察總長徐錫祥今年六月就親自到花蓮啟動查賄活動。（資料照，記者王錦義攝）前《金融時報》駐台記者席佳琳接受媒體專訪，提及長期居住的花蓮「那邊所有的票都是買的」，形容花蓮選舉賄選嚴重。花蓮地檢署指出，已依據報導分案調查，賄選案都積極偵辦，各參選人切勿以身試法。花蓮鄰居曝「現金放桌上」 席佳琳嘆：都民主化多久了？請繼續往下閱讀...席佳琳表示，她現在住在花蓮鄉下，她的鄰居會透露「誰來過」，並把現金放在桌上說「今年一票多少」，令人感到不可思議，「台灣都民主化多少年了？」花蓮縣議員胡仁順說，花蓮選舉風氣不好不是新鮮事，希望檢調這次抓得到人，不要因為外國人講才要認真查。多數藍營民代拒訪，不過私下認為席佳琳說法太誇張，「難道當初副總統蕭美琴選立委時，選票也是用買的？」根據花蓮歷年查賄績效，二〇一八年查獲買票金額最高一人一萬元，當年全國核發五億元檢舉獎金，其中有十分之一在花蓮；二〇二二年花蓮地檢署強力查賄，共執行搜索七十二處所、傳喚一四七人到案，向法院聲請羈押七人獲准。此外，花蓮曾創下台灣地方自治史空前紀錄，二〇〇九年選舉，光復鄉三名國民黨鄉長候選人均被法院裁定羈押禁見，所有候選人投票日沒人能出面投票。依據「公職人員選舉罷免法」，政黨推薦的候選人若犯特定妨害選舉罪，如賄選、「搓圓仔湯」等，政黨將連坐，花蓮縣國民黨黨部一直是繳納罰鍰的大戶，二〇一二年被裁罰四五五萬元；二〇一六年被開罰三一五萬元；去年花蓮縣選舉委員會再度裁罰國民黨八十五萬元。    ,https://news.ltn.com.tw/news/politics/paper/1768720
延會不開會！》公督盟批藍白可恥 癱瘓行政部門,政治,2026/08/31 05:30,藍白立委聯手掌控立法院議事主導權後，「常態延會」已成常態，但卻未展現應有的議事效率。（資料照）立法院會期創下史上最長延會紀錄，綠營痛批藍白立委「惡搞」國會，共有逾一百八十件預、決算案及行政命令超過法定審查期限，更拿弱勢團體當政治籌碼，議事嚴重怠惰。公督盟痛批可恥，此舉如「抽乾油」癱瘓行政部門，國會亂象將使年底九合一選情成「政黨不信任投票」。公民監督國會聯盟執行長張宏林表示，立法院日前總算審過今年度近三兆台幣的中央政府總預算，近六兆國營事業預算、非營業特種基金仍遭擱置，「考試才考一半」；即便「預算法」明定行政部門得動支依往年編列之例行性、常態性預算，藍白「發瘋」肆意刪凍預算，不僅箝制中油、台電等單位能源轉型或新興技術開發，更如「抽乾油」般霸凌行政部門。請繼續往下閱讀...「現在的立法院是效能最糟糕的立法院，不斷破壞權力分立，違憲擴權、癱瘓憲法法庭，拖垮台灣整體國際競爭力，拖垮台灣的憲政穩定」。張宏林直言，藍白不通過預算，犧牲國家利益來拖垮政府，癱瘓國家，讓民眾錯認政府施政不力，手段「極其可恥」。他提到，時任立法院長王金平在藍營主政的二〇一三年，曾創下當年度國營事業預算拖至年底未過的先例，憂心藍白主導國會下恐重演惡例，嚴重衝擊國家運作效率。談及國會亂象對年底九合一選舉的影響，他直言，法案審議是政黨集體意志的展現，無論是攸關台灣安全的國防預算，乃至民生財政法案，「從政黨政治概念來講，絕對不是一個翁曉玲可以完成的事情。」國民黨地方首長、民代縱容「翁曉玲們」造成國會亂象，不僅是「共壞」，更是責無旁貸，將使今年選舉成為「政黨不信任投票」。藍縱容「翁曉玲們」 年底將是政黨不信任投票「大家不用等到一年半後來教訓藍白，今年的九合一就是再一次的罷免行使，是人民最快表達態度的方式。」張宏林強調，選民對藍白立委破壞憲政、削弱國防等行徑都看在眼裡，去年的大罷免就是一場提前選舉；若選民屆時未用選票反制藍白，恐讓國會繼續「作亂一年半」。    ,https://news.ltn.com.tw/news/politics/paper/1768764
台灣贈帛琉電巴 林佳龍惠恕仁剪綵,政治,2026/08/31 05:30,外交部長林佳龍（右）昨與帛琉總統惠恕仁（左）一同出席電動巴士交車剪綵。（法新社）外交部長林佳龍率團訪友邦帛琉，昨與帛琉總統惠恕仁一同出席氫能倡議啟動儀式、聯合辦公大樓太陽能設施及電動巴士交車剪綵。（記者黃靖媗）    ,https://news.ltn.com.tw/news/politics/paper/1768721
林國漳9/2登記 凸顯正港宜蘭人,政治,2026/08/31 05:30,"民進黨宜蘭縣長參選人林國漳，預計九月二日上午九點半辦理參選登記。（記者江志雄攝）民進黨宜蘭縣長參選人林國漳，預計九月二日上午九點半前往宜蘭縣選委會辦理參選登記。競選團隊昨天透露，當天將號召全縣民進黨公職參選人組成宜蘭隊，一同划起「陸上龍舟」，展現同舟共濟精神及團結一心的氣勢。林國漳登記造勢活動融入在地情懷，邀請宜蘭力行國小、宜蘭國中、宜蘭高中的同窗好友及一路相伴親友陪同登記，這些同學見證林國漳在宜蘭求學、成長、投入法律扶助等公益活動點滴，由在地人推薦在地方打拚多年的「正港宜蘭人」，凸顯他懂得基層需求、做人實在的特質。請繼續往下閱讀...針對未來施政藍圖，競選團隊強調，林國漳秉持「全民縣長、照顧全民」初衷，力推產業轉型、文化傳承、環境永續、交通發展、鄉親生活福利等面向，完成登記後，在親友與支持者見證下，成為政見承諾轉化為具體行動的第一步，也象徵為宜蘭迎向嶄新未來拉開序幕。吳宗憲明天登記 陳琬惠將陪同下屆宜蘭縣長選戰呈現藍綠對決態勢，國民黨宜蘭縣長參選人吳宗憲訂於明天上午十一點十五分率先登記，宜蘭縣議長張勝德、民眾黨宜蘭縣黨部主委陳琬惠將到場陪同，象徵藍白整合，攜手迎戰年底的縣長選舉。    ",https://news.ltn.com.tw/news/politics/paper/1768740
女童案 蔣說檢討補洞仍未道歉,政治,2026/08/31 05:30,台北市長蔣萬安昨出席捷運信義線東延段通車典禮時表示，將檢討女童案避免憾事再度發生。（記者方賓照攝）台北市一名十歲女童遭猥褻案，市長蔣萬安廿九日臉書發文說明事件處置原委，但被砲轟沒有一句道歉。他昨天出席台北捷運信義線東延段通車典禮受訪時，一改日前在議場上跟質詢議員唇槍舌劍惹毛民代的態度，費時兩分六秒回應相關議題。蔣萬安表示，看看哪裡可以做得更完善，「相信一定有，將檢討與彌補可能的漏洞」，避免憾事再度發生；他並表示女童安置後受到良好照顧，希望她能平安生活且健康長大。蔣萬安表示，他要再次表達對於發生任何兒少事件，表達非常心痛與不捨，這件事情上，第一線社工、家防中心或各單位積極介入，擬定安全計畫與評估，過程中也進行各項訪視、面談、課程和心理輔導。請繼續往下閱讀...針對兒少保護事件，蔣萬安指出，一直以來都認為，永遠可以持續做得更好，市府會全面檢視制度跟機制面，看看哪裡可以做得更完善，讓社會安全網能夠更緊密，允諾一定會好好檢視，從制度面補上，未來不要再有憾事發生。媒體追問蔣萬安，雖在臉書貼文但未道歉；蔣回應，臉書貼文談得很清楚，這起事件他感到心痛、不捨、難過，第一線依照現有機制專業評估及擬定安全計畫，連結各機關和單位共同執行，採行各項面談、訪視、關懷、課程和輔導，也會檢視是不是可以做得更好，相信一定有，會去檢討與彌補可能的漏洞。對於審計部前天披露北市有三〇三件兒少案遭延宕，蔣萬安說，審計部報告是就各縣市目前發生的兒少保護事件，並再三強調會要求社會局等各單位好好檢視，制度、機制等各面向哪些地方可以做得更好，願意改進與精進；不過蔣還是沒有道歉，而且言談內容空洞、多有重複，隻字未提具體做法。    ,https://news.ltn.com.tw/news/politics/paper/1768711
藍白合竹北破局》柯：很多事不是講一講就過去,政治,2026/08/31 05:30,藍白合竹北破局，柯文哲當面斥黃國昌「很多事不是講一講就過去」。（記者黃旭磊攝）藍白合在新竹縣竹北市長選舉整合破局，民眾黨創黨主席柯文哲昨在台中當面對黨主席黃國昌說，國民黨主席鄭麗文跟黃說什麼應該出來說清楚，群眾情緒不是政黨領袖說轉彎就轉彎，「很多事不是講一講就過去」，黃則表示藍營「為了一棵樹，放火燒掉整個森林，到今天還是無法理解為什麼」。黃：不解藍為了一樹燒森林鄭麗文重申，理解黃的心情，也感謝民眾黨一路以來展現合作誠意。竹北選情具有高度特殊性，地方經營、民意結構及整體布局，都有必須審慎考量的因素，因此在人選安排上，雙方確實存在不同評估，但這並不改變彼此共同努力、追求合作的初衷。請繼續往下閱讀...台中市長盧秀燕昨天陪黃國昌打戰鬥陀螺，盧表示，團結合作從來不是一條容易的路，「合則兩利、分則兩敗」。柯文哲、黃國昌及國民黨台中市長參選人、立法院副院長江啟臣昨天聯袂在台中參與「共創中台灣・擘劃新願景」座談，會前媒體詢問對於竹北市長、彰化縣長協商破局疑慮。柯文哲對黃國昌說，到底鄭麗文跟黃國昌講什麼，要自己出來儘速說明、善後，群眾情緒不是政黨領袖說轉彎就轉彎，很多事不是講一講就過去。黃國昌回覆，信任是一點一點累積起來，打破信任基礎會受到嚴重影響，上週三（廿六日）談完，並沒有接到鄭麗文任何來訊，反而是新竹縣長楊文科透過人來表達憂慮。對於竹北藍白合，至今不理解為何藍營會「為了一棵樹，放火燒掉整個森林。」對於竹北藍白合破局，國民黨新竹縣長參選人、立委徐欣瑩辦公室前天先拋「相忍顧大局」，又回應「她無權決定，自無失信於政治盟友」。柯文哲昨反問徐欣瑩，對於兩黨合作的理解是什麼？請徐自己出來講。民眾黨竹北市長參選人邱臣遠則說，如果支持者的情緒發酵，政黨領袖必須客觀理性的處理，「星星之火可以燎原，希望大家理性面對」。至於民眾黨彰化縣黨部力拱賴銀柱參選彰化縣長，挑戰國民黨參選人魏平政，黃國昌定調表示，民眾黨信守承諾，在彰化沒有推出縣長候選人打算；民眾黨縣黨部主委則回應，登記的時候見真章。    ,https://news.ltn.com.tw/news/politics/paper/1768714
台青赴中遭審問6小時 放棄入境返台,政治,2026/08/31 05:30,一名台灣青年前往上海出差時，因畢業後曾於國際特赦組織打工，在通關時遭中共海關攔下，由便衣官員帶至密室進行高壓審問長達6小時。（路透檔案照）曾於國際特赦組織打工 被上海海關攔下一名台灣青年前往上海出差時，因曾經於國際特赦組織打工，在通關時遭中共海關攔下，由便衣官員帶至密室進行高壓審問長達六小時，最後主動放棄入境才平安回台。陸委會昨日示警，已發生早年曾參與台灣政治活動，後續轉往非政治領域發展，卻仍遭中共溯及清算並重判的案例，國人切勿輕忽。該名青年的家長在社群發文揭露，兒子日前到上海出差，通關時因「涉政」罪名被中共海關攔下，隨後被帶到密室審問六小時，只因大學畢業後曾在國際特赦組織打工。請繼續往下閱讀...陸委會：中共會溯及清算家長質疑，為什麼兒子這項工作經歷會被海關掌控？中國情治單位長期對國際人權組織、台灣主要NGO的員工、實習生及志工進行名單蒐集，當事人可能早已進入邊檢的「重點關注名單」而不自知。這位家長舉例，中共官員詢問他兒子「在組織內負責什麼業務」、「是否涉及中國、香港、新疆或西藏的報告撰寫與人權倡議」、「組織的資金來源為何」、「來中國真正目的？是否試圖秘密調查或與當地敏感人士碰面？」官員：中共滲透到NGO組織對此，陸委會表示，該社群媒體貼文者雖然沒有向政府反映，但所述經歷確實與我方以往掌握的類似案例相符。陸委會說明，中共一向無法接受民主多元的批評，並敵視對人權、環保、公權力監督、勞工、性別多元等議題關注的境外非政府組織。已發生早年曾參與台灣政治活動，但後續轉往非政治領域發展，卻仍遭中共溯及清算並重判的相關案例，國人切勿輕忽。熟稔兩岸情勢的官員受訪表示，中共若連台灣民眾過去的打工經歷都有掌握，可見滲透工作已經涵蓋到國際NGO組織。有相關工作經驗的民眾、社會意見領袖，都是中共鎖定調查的對象，須避免前往中港澳。學者：政府應鼓勵通報、比對東海大學陸研中心副執行長洪浦釗分析，近期已有台灣公務員、警察、法官等特定身分人士赴中遭到盤查。這次如果連本人都已淡忘的工作經歷，中國還能夠辨識，代表中國對台灣民眾的資料掌握，已經深入到個人的過往經歷。洪浦釗說，政府應鼓勵國人通報相關遭遇，系統性整理近年案例，並與過去個資外洩事件進行比對，找出中國鎖定哪些人、資料從哪裡來，以及如何運用在入境盤查，這些資訊應轉化為具體的赴中風險警示與指引。    ,https://news.ltn.com.tw/news/politics/paper/1768762
市政辯論 沈伯洋：兒虐是最急迫的議題,政治,2026/08/31 05:30,台北市長參選人沈伯洋昨走訪永春市場拜票，吸引許多熱情民眾排隊合影。（記者陳逸寬攝）蔣將1700萬選舉補助款存自己帳戶 沈：我會建立台北智庫民進黨籍台北市長參選人沈伯洋昨受訪表示，前天已經簽了電視辯論同意書，很多議題可討論，最重要且急迫的是兒虐，市長蔣萬安臉書發文談及十歲女童遭猥褻案，字裡行間仍透露「已經有做了」，不是大家想聽到的答案；對於蔣將上屆選舉一千七百多萬元補助款存入自己帳戶，沈表示，如果自己有選舉補助款可用，首先想到的是如何建立台北的智庫。請繼續往下閱讀...沈伯洋昨與市議員洪健益、許淑華、張文潔與議員參選人郭凡陪同在永春市場拜票，超過兩百名支持者提前到場繞圈排隊等待簽名、合影。沈被問到，蔣萬安廿九日收下「台北市長選舉電視辯論意向書」，但未正面回應，僅稱「每天都在針對施政議題向大家說明」。沈認為，蔣市長可能很忙，還來不及回應，提醒蔣若每一天都在講市政、專心市政，那更有時間可以討論，是好的辯論時機。關於辯論主題，沈伯洋指出，兒虐相關議題關乎如何建立好制度，是現在最重要且急迫的事，如果現在不斷有小孩受害，必須趕緊討論如何改進，還有如一九九九市民熱線反映最多的交通、衛生議題，強調治理城市最重要的是願景，十年、廿年後的台北應該長什麼樣子？要有什麼樣的產業政策？許淑華廿六日召十歲女童遭猥褻案記者會，審計部前天披露北市有三〇三件兒少案遭延宕，蔣直到廿九日才在臉書發文，外界解讀毫無道歉之意。沈伯洋說，延宕部分需要釐清問題發生的原因，例如安置量能不足、屬於哪一種風險等級的安置，又或是社會局的標準是否出問題，還是協助社工人手不足，每一種問題對應完全不同的解方。蔣談女童案透露「市府有做了」沈：這應不是大家想聽到的答案他也有注意到蔣萬安臉書發文提到學術界常講的「去機構化」，但這與此案沒有太強烈的關聯，總覺得蔣的字裡行間仍透露「台北市政府已經有做了、做了哪些」的意味，這應該不是大家想聽到的答案。媒體另問，蔣萬安上屆選舉補助款一千七百多萬元再度被檢視，是存入他自己的戶頭，沈選後如何規劃、運用選舉補助款？沈表示，為了台北產業發展，一直提倡台北AI研究院設在北投士林科技園區，如果今天有這樣的資金可以運用，首先想到是怎麼去建立台北的智庫。    ,https://news.ltn.com.tw/news/politics/paper/1768710
中國報復帛琉 外交部：意圖以經濟擴張政治影響力,政治,2026/08/31 05:30,"外交部長林佳龍與帛琉總統惠恕仁（Surangel S. Whipps, Jr.）一同試乘今天交車的MIT電動巴士。（圖擷取自林佳龍臉書）外交部長林佳龍率團訪問友邦帛琉，據外媒報導，帛琉總統惠恕仁昨天受訪揭露，中國為報復林佳龍訪問，將帛琉列為不安全旅遊地。對此，外交部昨晚痛批，中國將觀光交流政治化、武器化，並作為施壓及脅迫工具，此舉凸顯其意圖以經濟脅迫手段擴張政治影響力，只會引起國際社會反感。外交部昨晚表示，帛琉是我國在太平洋地區重要友邦及發展夥伴，兩國情誼深厚堅定並相互扶持。對於中國將觀光交流政治化、武器化，並作為施壓及脅迫工具，企圖迫使其他國家改變政治立場的作法，我國深表遺憾並予以嚴厲譴責。中國意圖以經濟脅迫手段擴張政治影響力，只會引起國際社會反感。請繼續往下閱讀...林佳龍昨日與惠恕仁一同見證帛琉氫能倡議啟動，並試乘同日交車的MIT（台灣製）電動巴士。林佳龍致詞表示，第五十五屆太平洋島國論壇（PIF）峰會今日開幕，昨日交車予帛琉的電動公車會協助接送遠道而來的各國領袖及代表，並在論壇結束後持續為帛琉提供交通服務。林佳龍也指出，昨日是榮邦計畫架構下台帛具體雙邊合作的又一個重要里程碑。「台帛氫能倡議」是邁向能源自主，以及實現帛琉二〇三二年一〇〇％再生能源目標的重要一步，是兩國共同努力的成果。林佳龍表示，在「政府聯合辦公大樓」太陽能及儲能計畫方面，已安裝六百瓩太陽能板及兩兆瓦的儲能電池，將帛琉政府聯合辦公大樓打造為綠色建築。這些潔淨能源不僅能供應建築本身使用，也能為電動公車車隊充電。此外，林佳龍也透過臉書轉述，惠恕仁昨日再次感謝台灣長期在教育、醫療、安全、氣候行動、基礎建設等領域與帛琉並肩合作，並指出，這些計畫帶來的遠超過電力本身，更能提升帛琉的能源自主、保護環境，也為人民帶來更多發展機會。    ",https://news.ltn.com.tw/news/politics/paper/1768767
藍白延會不開會！立院180餘議案「逾期未審」,政治,2026/08/31 05:30,藍白立委聯手掌控立法院議事主導權後，「常態延會」已成常態，但卻未展現應有的議事效率。（資料照）藍白立委聯手掌控本屆立法院議事主導權後，國會多次延會已成常態。自去年二月以來，本屆第五會期一路延會至今年八月底，立委卻未展現應有的議事效率，反而暴露出嚴重的議事怠惰。據統計，目前立院累積至少超過一八〇案的預決算案、財團法人預決算及行政命令等，皆因委員會未實質處理，導致全數超過法定審查期限。延宕案件涵蓋多個委員會。首先，外交及國防委員會交付審查的外交部、僑委會、國防部、國安局及退輔會等單位，涉及一一一至一一三年度的九十三案總預算決議及補助彙總表，以及一一二至一一四年度的卅五案相關決議，均已遠超過年度預算執行期間。請繼續往下閱讀...行政命令審查同樣遭到拖延此外，院會交付審查外交部、僑務委員會、行政院、國防部、國軍退除役官兵輔導委員會等函送「財團法人國際合作發展基金會、財團法人台灣民主基金會及財團法人太平洋經濟合作理事會中華民國委員會」一一三及一一四年度預算書案等十六案，也已逾年度預算執行期間；另，一一二及一一三年度決算書案等十案，更超過「決算法」第廿八條所定審查期限。不僅預決算案大塞車，涉及民生、法制的行政命令審查同樣遭到空轉拖延。有關行政院函送修正的「就業安定基金收支保管及運用辦法」等十四案、內政部修正「歸化我國國籍者及歸國僑民服役辦法」等六案，以及衛福部修正「食品及其相關產品回收銷毀處理辦法」等七案，全數超過「立法院職權行使法」第六十一條所規定的審查期限。值得關注的是，不少議案更是當初藍白立院黨團在院會要求交付委員會審查，結果案子完全不處理、不排審，拖到超過審查期限，其中包含「就業安定基金收支保管及運用辦法」、「法庭錄音錄影公開播送實施辦法」等。去年十月司法院函送「法庭錄音錄影公開播送實施辦法」赴立院審查後，民眾黨團於去年十月卅一日在院會提議改交司法及法制委員會審查；院會更於今年四月十日同意展延審查期限，未料拖到今年八月十四日提報院會時，該案竟再次逾越法定期限。    ,https://news.ltn.com.tw/news/politics/paper/1768763
謠言終結站》親友傳訊借門號解鎖手機？警政署：詐騙,政治,2026/08/31 05:30,謠言終結站》網傳內容：親友用電腦傳LINE說，手機忘記密碼被鎖住，可借用一下門號及簡訊驗證碼來協助手機解鎖。查證結果：警政署表示，這是詐騙集團常用手法，一旦提供，就會被綁定電信帳單代收功能；民眾若對不明訊息有疑問，應撥165查詢。    ,https://news.ltn.com.tw/news/politics/paper/1768768
蘇巧慧9/5競總成立 邀賴清德、小英出席,政治,2026/08/31 05:30,"民進黨新北市長參選人蘇巧慧（中）出席客家後援會成立大會，受到客家鄉親歡迎。（記者賴筱桐攝）侯友宜3天內2度與李四川同台 李：將全力以赴接下侯這一棒民進黨新北市長參選人蘇巧慧將於九月五日在板橋第一運動場舉行競選總部成立大會，邀請賴清德總統、前總統蔡英文及高雄市長陳其邁出席；新北市長侯友宜三天內二度與國民黨新北市長參選人李四川同台力挺，李說，將全力以赴接下侯這一棒，推動重大建設。請繼續往下閱讀...蘇巧慧客家、勞團後援會成立蘇巧慧昨天分別出席客家後援會、勞工團體後援會成立大會，她說，九月五日將舉行競選總部成立大會，當天賴清德、蔡英文及陳其邁都會共襄盛舉，希望邀集更多人，匯聚大家的力量一起前進，在十一月廿八日迎接新北的新時代，期許未來各行各業人才，以及不同領域、不同世代的人，都能在這座城市舞台發揚光大。蘇巧慧表示，將媒合產業跨域合作，舉辦以客家為主體的商展與影展，讓客家文化融入影音創作、文化旅遊、時尚設計等生活日常，盤點低利用公有空間，為客家青年提供新創孵育基地，並活用新科技，打造客家文化AI資料庫、新北AI客語學習平台，提供客家文化更多線上傳播管道。此外，蘇巧慧指出，將提高勞工預算，包括調升職災慰問金與勞資爭議涉訟補助，加碼補助高溫防暑設備，擴大推動多元職訓及職務再設計，支持中高齡者再就業；另提供青年創業課程與專業顧問諮詢，建立「職涯導師制」，鼓勵資深人才深入青創團隊擔任創業教練，達成跨世代經驗傳承與合作交流。李四川昨與侯友宜一起到蘆洲慈惠堂、三重玄峯慈惠堂參拜，侯讚賞李過去擔任新北市副市長期間，推動許多工程建設，成績有目共睹；侯出席市政行程受訪表示，「我的下一棒就是李四川」，他全力支持李為新北市民服務。李：將在侯的基礎上推動建設李四川表示，年底他要接侯友宜這一棒「很重」，因為侯表現太好，若擔任市長，將在侯友宜的基礎上推動建設，包括蓋蘆社大橋，改善聯外交通及塞車狀況，串聯雙北AI科技產業廊帶，帶動高科技產業進駐，也會興建蘆洲醫院。蘇巧慧9/2登記 李四川還在規劃另外，今天起新北市長與市議員參選人開放參選登記，蘇巧慧預計九月二日登記，李四川仍在規劃時程。竹北市長選戰「藍白合」破局，外界擔心民眾黨主席黃國昌是否反悔，登記參選新北市長？李四川回應，這幾個月來他每個月都跟黃國昌聯絡，新北市的藍白合不管在選前或選後都不會改變。國民黨新北市長參選人李四川（右三）、新北市長侯友宜（右二）一同到蘆洲慈惠堂參拜。（記者黃政嘉攝）    ",https://news.ltn.com.tw/news/politics/paper/1768742
棒球場案不起訴》林智堅：政治抹黑達成少數人政治私利,政治,2026/08/31 05:30,新竹市前市長林智堅發文，抒發對棒球場案不起訴的心情。（取自林智堅臉書）新竹市立棒球場統包工程案由新竹地檢署偵結，前市長林智堅等人獲不起訴。林智堅昨在臉書發文表示，收到許多朋友關心的電話和訊息，對於不起訴處分他心情相當平靜，對此結果並不意外，只是終於真相大白。他也以「雲在青天水在瓶」、「輕舟已過萬重山」形容自己的心境。他說四年的時間，無論是對自己或對同仁來說，都是相當漫長的。不過，司法終究還他清白，也還給勇於任事的同仁一個公道。棒球場的案子，地檢署在不起訴書中說的很清楚，工程的疏失，應該要透過契約與相關法規來要求廠商，而不是無止盡的臆測。過去市政府在媒體上指控，卻無法提出事證，政治上的抹黑，已經達成少數人的政治私利。請繼續往下閱讀...他說，自己其實沒有太多情緒上的波瀾，只是不捨當年優秀的同仁，被捲入這場政治風暴，甚至要放下他們最熱愛的工作，他為他們感到不平，更為新竹這座城市感到惋惜。細數過去政績 盼重見新竹風采他也提到，過去和優秀同仁以及建築師們一起努力，透過設計力導入公共建設改變新竹，無論是新竹公園、新竹動物園、進擊的公園、南寮漁港、魚鱗天梯、波光市集、微笑水岸、路平專案、竹科X、新校園運動、通學步道、兒童醫院，更透過城市級的活動，像是風的運動場、台灣設計展、光臨藝術節、仲夏藝文季，都讓市民感受到新竹的改變，也讓外地來的朋友，感受到不一樣的新竹。很遺憾這樣的新竹經驗，卻因為二〇二二年的選舉，對手刻意藉由新竹棒球場攻擊，讓光彩的新竹蒙上一層灰。如今，身為新竹市民，期待市政建設能夠回到正軌，完工啟用時，更應該給第一線辛勤付出的公務同仁一個掌聲，因為他們才是這座城市進步最重要的螺絲釘。他更期盼這座城市，不要再因為政治惡意的攻訐，造成分裂，希望藉由司法的調查，讓棒球場的紛擾盡早落幕，更期待新球場能夠迎來職棒賽事，讓大家一起見證這座球場與新竹的風采。    ,https://news.ltn.com.tw/news/politics/paper/1768715
整合多元文化 童子瑋將成立族群關係處,政治,2026/08/31 05:30,民進黨基隆市長參選人童子瑋（前左三）出席客家義民嘉年華民俗活動。（童子瑋進步基隆辦公室提供）基隆市議長、民進黨基隆市長參選人童子瑋昨天出席客家義民嘉年華活動，他表示，基隆約有四萬五千名客家鄉親，占全市人口八分之一，未來若有機會擔任市長，將推動成立族群關係處，整合多元文化及族群業務，力推母語扎根，持續更新客家文化據點與會館設備。童子瑋指出，許多客家家庭因為工作、婚姻關係，在基隆落地生根，未來若擔任市長，將成立族群關係處，提升行政層級，把客家、原住民族、新住民及多元文化業務整合，使族群政策有更清楚的權責劃分、獲得更穩定的資源。請繼續往下閱讀...童子瑋說，他的母親是客家人，但他幾乎不會說客語，這是因為從小缺乏使用客語的生活環境與習慣，也是許多當代客家子弟共同面臨的困境，未來他會推動母語扎根，讓客語有更多機會走進校園、社區和家庭，鼓勵年輕一代學習客語、認識客家，傳承客家文化。對於基隆客家政策的願景，童子瑋強調，希望朝向「有組織、有空間、有文化、有活動」的目標推動，「有組織」就是提升行政層級，整合客家事務；「有空間」為持續更新客家文化據點與會館設備；「有文化」即推動母語扎根；「有活動」是擴大推廣義民祭等定期慶典，讓更多市民看見客家文化。    ,https://news.ltn.com.tw/news/politics/paper/1768741
藍白延會不開會！ 綠委質疑：拚涉案立委司法保護期,政治,2026/08/31 05:30,民進黨團幹事長莊瑞雄。（資料照）藍白聯手在本屆立法院會期創下史上最長延會紀錄，卻有超過一八〇案的預決算案、財團法人預決算及行政命令等多數議案超過法定審查期限。民進黨團幹事長莊瑞雄昨直言，會期愈延愈長，正事沒有多做，保護傘的質疑反而愈來愈大。這樣的延會，到底是在拚國會議事，還是在拚司法保護期？莊瑞雄指出，藍白把延會搞成常態，理由講得再漂亮，最後還是要看延會期間到底做了什麼；如今超過一八〇件該審的預決算、行政命令等案件擺到逾期，已經狠狠戳破「延會是為了拚議事」這套說法。請繼續往下閱讀...莊瑞雄質疑，當多位立委陸續捲入司法案件，藍白卻一次又一次延長會期，難免讓外界質疑，延會究竟是在延長議事時間，還是在延長涉案立委的保護傘？他強調，人民選立委是來替國家做事，不是讓立法院變成任何人的司法避風港。藍白自己付委 卻不排不審莊瑞雄批判，其中不少案子還是藍白自己要求交付委員會審查，結果拿到手之後，不排、不審、不處理，甚至展延期限後還能再次逾期；碰到政治攻防，排案、表決一件比一件快；輪到真正該做的國會監督，卻一拖再拖，這是政治算計擺前面，國會責任擺一邊。民進黨立委郭昱晴也質疑，這一屆看到藍白陣營不斷主導延會，背後的動機不難看出就是為了躲避司法調查，把國會當成個人的司法保護傘。最讓人不能接受的是，他們一邊延會卻一邊偷懶，導致高達一八〇多個議案全部過期空轉。郭昱晴強調，只顧政治惡鬥、踐踏立委職責，真的要適可而止，這屆藍白荒腔走板的行為，相信全民都看在眼裡。    ,https://news.ltn.com.tw/news/politics/paper/1768765
台灣參與太平洋島國論壇》 中國報復帛琉 列不安全旅遊地,政治,2026/08/31 05:30,外交部長林佳龍（左五）和帛琉總統惠恕仁（右五），以及美國、日本、澳大利亞駐帛琉使節與代表，共同出席「榮邦特展」（Pacific Prosperity Exhibit）開幕。（外交部提供）太平洋島國領袖將自卅一日起齊聚帛琉，參加「太平洋島國論壇」（PIF）高峰會，討論加強打擊跨國毒品犯罪，並探討氣候變遷、糧食安全與再生能源等關鍵議題。然而，台灣與中國之間的緊張關係，恐將掩蓋這些區域優先要務成為焦點。法新社報導，擁有十八個成員國的PIF峰會今年由帛琉主辦。帛琉是三個與台灣維持邦交的太平洋國家之一，但北京同時也是許多島國的主要債權國。中國、台灣與美國均以援助夥伴身分受邀參與，但不會參加閉門會議。北京已對台灣受邀表達強烈抗議。請繼續往下閱讀...台灣外交部長林佳龍卅日與帛琉總統惠恕仁共同出席儀式，為台北捐贈的電動公車進行剪綵啟用。惠恕仁會後向記者透露，中國對林佳龍到訪展開報復，宣布將高度仰賴觀光業的帛琉列為「不安全」目的地。資料顯示，中國遊客是帛琉最大宗客群。美批北京將觀光武器化對此，美國大使館發表聲明，指責北京企圖「將觀光武器化以脅迫帛琉」。惠恕仁在受訪時強調：「太平洋是我們的家園，不是地緣政治競爭的舞台。」他敦促區域夥伴確保大國間的緊張關係，不應轉移對再生能源、毒品犯罪、糧食安全及氣候變遷等優先要務的關注，因為這些議題對島民生活造成實質且直接的影響。身為PIF最大成員國兼主要援助國的澳洲，一直主導推動太平洋國家強化自身安全防衛能力，並主張中國沒有必要在吉里巴斯與索羅門群島部署警察。惠恕仁指出，太平洋領袖將在現有的警務合作基礎上，進一步打擊毒品犯罪。斐濟警方查獲古柯鹼與冰毒、索羅門群島發現遭遺棄的「運毒潛艇」，以及毒品包裹沖上偏遠島嶼海岸等事件，加劇外界對犯罪集團可能正建立跨太平洋走私路線的擔憂。惠恕仁指出，一個中國販毒集團在轉往斐濟之前，曾於帛琉活動，「他們正在摧毀我們的年輕一代，並破壞我們國家的穩定。」為強化與太平洋國家的關係，美國副國務卿藍道與美國海岸防衛隊司令倫迪，預計卅一日抵達帛琉，隨後將前往索羅門群島與吉里巴斯。此外，中國上月試射彈道飛彈的衝擊至今仍在發酵。在吉里巴斯與諾魯拒絕支持下，PIF迄今仍無法針對該飛彈試射發表聯合聲明予以譴責。惠恕仁表示，各國領袖將在帛琉繼續查證並討論此議題。    ,https://news.ltn.com.tw/news/politics/paper/1768766
「女王蜂」黃玉芬退出藍營拚彰化市長？操盤手：這兩天掀底牌,政治,2026/08/31 00:17,前彰化縣議員黃玉芬（左）發文強調，她與姊姊黃玉如（右）只會有一人參選。（取自黃玉芬臉書）有彰化縣政壇的「女王蜂」稱號的前縣議員黃玉芬，8月30日正式在個人臉書貼文重申，她與姊姊黃玉如年底不會同時參選，只會有一人登記，如果她參選彰化市長的話，姊姊就不會參選縣議員。黃玉芬選舉操盤手黃傳顥強調，一定會有一個人登記，應該在星期一或是星期二就會做出最後決定！黃傳顥表示，他有兩個女兒，目前兩個人都在中壢工作，大女兒黃玉如擁有瑞士、美國管理雙學歷，也有24年跨國企業經營與管理實務經驗。小女兒黃玉芬從政多年，近來則是在中壢做些業務方面的工作。請繼續往下閱讀...黃傳顥強調，很多支持者都一再打電話來關心，黃玉芬年底要不要選，由於國民黨已經提名彰化市代會主席陳文賓，當然要先行退黨，才能再來做出參選評估，但黃玉芬參選靠的從來不是政黨，而是選民用選票投下認同的支持。黃傳顥指出，黃玉芬先前曾參選過兩次彰化市長，分別是在2018年以無黨身分參選，當時拿下3萬7000多票；2022年以國民黨身分參選，拿下3萬9000多票，這都證明小女兒的實力，並沒有像外界說的「越選票越少」，反而是「得票還成長」，因此，如果真的要第三度參選彰化市長，也相信小女兒的爆發力。因此，黃傳顥強調，兩個女兒一定會有人參選，當然黃玉芬的知名度比較高，也有支持的基本盤，如果參選彰化市長形成「三角督」局面，各方都非常看好。但如果最後是大女兒黃玉如選縣議員，雖然是初次參選，在支持者擁護下，也很有勝算。至於最後的決定，應該是8月31日或是9月1日就會做出決定，黃家確定不缺席年底選戰。國民黨提名彰化市長參選人陳文賓表示，一步一腳印，持續努力拚選票，任何人都有參選的權利，他予以尊重。民進黨彰化市長參選人、縣議員黃柏瑜指出，他會用自己的步調來打選戰，爭取過半選民的支持，讓民進黨在彰化縣長、彰化市長都贏得選舉。國民黨彰化市長參選人陳文賓。（取自陳文賓臉書）民進黨彰化市長參選人黃柏瑜。（黃柏瑜提供）    ,https://news.ltn.com.tw/news/politics/breakingnews/5557540
翻轉桃園觀光！黃世杰拋「夜市升級」：國內外觀光客必訪景點,政治,2026/08/30 23:59,黃世杰今晚到桃園觀光夜市掃街拜票，有攤商請他在攤車招牌簽名，展現支持當選的心意。（圖由黃世杰競選辦公室提供）2026九合一地方選舉倒數90天，民進黨桃園市長參選人黃世杰今（30日）晚偕同黨議員參選人到桃園觀光夜市掃街拜票，民眾、攤商反應熱絡，有攤商請他於攤車C位簽名，有五寶爸媽攜所有孩子與他合照表達相挺心意。黃世杰說，桃園觀光夜市不只是吃東西的地方，更承載了桃園發展的歷史，未來擔任市長，要讓夜市升級，串連桃園大廟景福宮、桃園藝文特區等地，繼續陪伴桃園人，同時成為國內外觀光客必訪景點之一，促進全市經濟發展。黃世杰今晚由桃園市第一選區（桃園區）尋求連任的議員余信憲、李光達、黃家齊、黃瓊慧與新提名議員參選人李柏瑟、北區競總副總幹事簡智翔、東埔里長江慶尚、桃園觀光夜市管理委員會長詹德男等人陪同，徒步於桃園觀光夜市懇託選民投票支持當選。請繼續往下閱讀...黃世杰一行人掃街拜票期間，有人趨前表達「希望你讓桃園越來越好」，有支持者以手機點亮「杰伴」跑馬燈索取合照；黃世杰還巧遇國小同班班長，2人當街握手敘舊，洋溢好情誼、好人緣。黃世杰表示，桃園市有我國最大的桃園國際機場，有條件吸引來自世界各地的觀光客在此停留，唯有「越在地，越國際」，才能成爲台灣面向世界的指標城市，未來入主市政府，要以桃園觀光夜市為重要節點，跟藝文特區、大廟等特色景點、商圈及文化活動串聯，讓國內外旅客走進夜市、走進桃園市區。黃世杰也說，這週內就要去市選委會登記參選市長，他已經準備好更多的市政藍圖，將會陸續發布，希望大家持續關注，並給予指教與支持，他會繼續打拚，與議員夥伴帶領桃園市重新動起來。黃世杰（左二）由同黨議員參選人、桃園觀光夜市管委會長詹德男（右）等人陪同，走進夜市爭取民眾與攤商支持勝選。（圖由黃世杰競選辦公室提供）黃世杰（中）等人體驗套圈圈遊戲。（圖由黃世杰競選辦公室提供）    ,https://news.ltn.com.tw/news/politics/breakingnews/5557534
穿潘怡良設計服出席北海岸藝術季 李四川好時尚「年輕20歲」,政治,2026/08/30 22:41,李四川（左3）體驗新造型，他說，大概年輕20歲。（李四川競辦提供）新北市府今晚在淡水漁人碼頭舉行「北海岸時尚藝術季」時尚走秀活動，國民黨新北市長參選人李四川出席，穿上知名服裝設計師潘怡良設計的服裝，體驗新造型的他笑說「大概年輕20歲」，他第一次穿這麼漂亮的衣服。「2026淡水漁人碼頭仲夏繽紛樂」系列活動今晚精彩壓軸，「海港暮夏」主題煙火秀結合「北海岸時尚藝術季」時尚走秀，李四川在臉書發文說，他第一次穿這麼漂亮的衣服，是針織女王潘怡良幫他設計的，「在北海岸時尚藝術季，不只吹海風，也讓我走路有風。好看吧？」請繼續往下閱讀...「2026北海岸時尚藝術季」以淡江大橋為設計靈感，由潘怡良陪同李四川導覽，介紹本次活動的設計理念與展演內容，隨後2人走訪現場市集，李四川沿途與攤商及鄉親互動，許多鄉親紛紛上前合照、比讚表達支持，加油聲此起彼落。李四川（左3）與民眾合影互動。（李四川競辦提供）李四川（右）說，他第一次穿這麼漂亮的衣服，是針織女王潘怡良（左）幫他設計的。（擷取自「李四川Hammer Lee」臉書）    ,https://news.ltn.com.tw/news/politics/breakingnews/5557495
瑤池金母聖誕 黃世杰走訪4宮廟 和蘇俊賓同框赴中壢慈惠堂祈福,政治,2026/08/30 22:05,民進黨桃園市長參選人黃世杰（右3）、桃園市副市長蘇俊賓（右5）、議長邱奕勝（左5）等人出席中壢慈惠堂「瑤池金母聖誕團拜祝壽大典」。（黃世杰競辦提供）農曆7月18日適逢瑤池金母聖誕千秋，桃園各地宮廟舉行祝壽活動，信眾齊聚祈求平安。民進黨桃園市長參選人黃世杰今日走訪中壢慈惠堂、大坑慈慧慈惠堂、上大慈惠堂及中原紫雲禪寺分宮中壢玉玄宮，向瑤池金母祝壽，也出席公益活動與地方鄉親交流。黃世杰表示，宗教信仰不僅是心靈寄託，也凝聚地方情感。每次參與地方活動，除了獻上祝福，更能直接聽見市民對地方發展、生活環境及未來的期待，透過面對面交流了解基層聲音。請繼續往下閱讀...其中，玉玄宮邀請13家弱勢機構、500多名院生共同參與祝壽活動，現場氣氛溫馨熱絡；黃世杰表示，信仰所傳遞的慈悲精神，也應化為實際行動，讓需要關懷的民眾感受到社會溫暖。桃園市副市長蘇俊賓前往中壢慈惠堂，出席「瑤池金母聖誕團拜祝壽大典」。他表示，中壢慈惠堂長期深耕地方，不僅是重要信仰中心，也積極投入公益及弱勢關懷，將慈悲濟世精神落實在社會服務中，期盼在母娘庇佑下，桃園市民平安、地方祥和。蘇俊賓提到，慈惠堂董事長吳文樹及桃園市議會議長邱奕勝，分別擔任桃園市義勇消防大隊副總隊長及總隊長，長期協助消防救護工作。市府近年也強化工廠、倉儲消防安全管理，相關火災案件已從2023年的123件降至去年56件，今年持續下降，希望打造更安全的生活環境。蘇俊賓指出，中壢慈惠堂創建於1952年，是慈惠堂系統第一分堂，素有「天下第一分堂」之稱，具有豐富文化資產，廟內中庭、正面水車堵及正殿供桌等處，保存傳統剪黏藝師江清露作品，呈現台灣傳統廟宇工藝之美，市府已啟動文化資產調查，盼透過系統盤點與研究，保存珍貴文物及傳統工藝。民政局表示，中壢慈惠堂除推動宗教民俗活動，也長期投入公益，曾捐贈物資協助弱勢，並由志工製作「母娘便當」送往中壢8處關懷據點，將普渡供品分享給社福機構，近年更獲桃園市公益宗教團體認證，展現宗教信仰結合公益服務的力量。民進黨桃園市長參選人黃世杰（中）、桃園市副市長蘇俊賓（右1）等人出席中壢慈惠堂「瑤池金母聖誕團拜祝壽大典」。（黃世杰競辦提供）民進黨桃園市長參選人黃世杰（右）與熱情鄉親擊掌。（黃世杰競辦提供）桃園市副市長蘇俊賓（右2）、議長邱奕勝（左2）、立委魯明哲（左1）、呂玉玲（右1）等人出席中壢慈惠堂「瑤池金母聖誕團拜祝壽大典」。（桃園市政府提供）    ,https://news.ltn.com.tw/news/politics/breakingnews/5557488
前屏東枋寮鄉長陳亞麟貪污判8年 二審疑屢傳不到遭通緝,政治,2026/08/30 21:59,枋寮前鄉長陳亞麟。（資料照）無黨籍的屏東縣枋寮鄉前鄉長陳亞麟，於2018年選上鄉長後，涉嫌透過私人特助向廠商圍標工程並收受回扣，並且利用公務車到高雄看診、購物、飲宴，屏東地方法院判處陳亞麟有期徒刑8年，現於二審中，但近期在警政署的通緝系統中赫然出現陳亞麟之名，疑似屢傳不到，遭高雄高分院通緝。事件傳出，由於他是枋寮鄉連4任涉貪污案件的鄉長，地方議論紛紛。現年40歲的陳亞麟當年崛起時標榜為時代力量清流，但在選前仍以無黨籍登記，當時以「加速吧」作為選舉主軸成功當選，32歲之姿入主鄉公所，成為「全國最年輕鄉長」，其雖年輕，但卻成為連續第4任涉及貪污的枋寮鄉長，且是任內就發生弊案被收押，去年4月監察院認為陳亞麟違反公務員服務法等，通過彈劾並移送懲戒法院，今年1月再被屏東地院判以8年徒刑，並沒收犯罪所得150萬餘元。請繼續往下閱讀...鄉長落選成柯文哲陣營要角陳亞麟上任後不思改變鄉內歪風，反而成為收賄操盤人，在辦理枋寮鄉內公共工程採購時，利用私人特助黃男、調解委員會主席何男作為白手套，向投標廠商收取工程回扣及賄賂，並勾結兩家圍標業者，洩漏投標廠商名稱及家數，使內定廠商得標。廠商再依決標金額4%至8%不等回扣款項，連同圍標費用，一併透過白手套轉交陳亞麟分配報酬，並且借用他人名義及證件參加投標名義承攬工程，廠商承攬小額工程採購案，收取每件小額工程採購案5000元至1萬元不等賄賂。雖官司纏身，但陳亞麟仍投入本屆鄉長選舉試圖連任，鄉親明顯不再捧場，落選後陳亞麟加入民眾黨前主席柯文哲選總統時的得力幕僚，並在一月的一審判決出爐前後，投入前民眾黨秘書長謝立功所開的公關公司擔任執行長，今天傳出被通緝，記者試圖聯繫未接亦未回。警政署的通緝公告。（取自警政署網站）    ,https://news.ltn.com.tw/news/politics/breakingnews/5557491
逾百工會力挺！蘇巧慧泛淚承諾提高預算 做新北216萬勞工後盾,政治,2026/08/30 21:59,蘇巧慧在台上泛著淚光，感謝每位力挺的勞工朋友。（記者黃政嘉攝）民進黨新北市長參選人、立委蘇巧慧今午在板橋出席「勞工團體後援會」成立大會，眾多工會幹部站台，超過100個工會團體齊聚支持，展現勞工界團結氣勢，勞動部長洪申翰也到場力挺。蘇巧慧強調，未來她若擔任市長，將提高勞工相關預算，不只要照顧勞工，更要照顧工會以及勞工家庭的長輩與孩子，全力做新北逾216萬勞工朋友的後盾，讓大家能在新北安居樂業，一起迎接新北的新時代。勞工團體後援會總會長由全國工人總工會理事長張家銘擔任，新北市產業總工會理事長潘岱儒、新北市職業總工會理事長吳添淵等多位工會幹部也為蘇站台。張家銘指出，蘇巧慧在立法院的成績有目共睹，「勞工全心全意挺巧慧」。請繼續往下閱讀...蘇巧慧在台上泛著淚光感謝每位力挺的勞工朋友，她指出，新北市440萬常住人口中，就有超過216萬勞工人口，人數全國最多，也因為有大家在各行各業努力打拚，共同締造了台灣的經濟繁榮。她擔任立委10年以來，成功推動包含《中高齡者及高齡者就業促進法》、《勞工職業災害保險及保護法》、《最低工資法》等多項重要法案，持續完善制度、健全勞工權益保障。此外，自2016年民進黨執政以來，政府已連10年調漲基本工資，實質改善勞工朋友的生活待遇。她說，未來她將提高勞工相關預算，包括調升職災慰問金與勞資爭議涉訟補助，同時加碼補助高溫防暑設備，全方位守護勞工朋友的健康與權益；在人才培育與就業支持方面，她將重新盤整勞工大學的課程，並擴大推動多元職訓及「職務再設計」，支持中高齡再就業。市府未來將提供青年創業課程與專業顧問諮詢，並建立「職涯導師制」，鼓勵資深人才深入青創團隊擔任創業教練，達成跨世代的經驗傳承與合作交流。蘇巧慧也感謝職業工會長期照顧勞工朋友，並指出未來市府要照顧「照顧者」，不但會主動協助工會改善辦公空間，更會實質調高行政事務費與會務經費補助，並建立市府與工會直接對話機制，攜手做勞工朋友最堅實的後盾。勞工團體後援會總會長長張家銘（右）揮舞後援會旗幟。（記者黃政嘉攝）蘇巧慧強調，她將提高勞工相關預算，也要照顧工會以及勞工家庭的長輩與孩子。（記者黃政嘉攝）勞動部長洪申翰（左4）也到場力挺蘇巧慧（左3）。（記者黃政嘉攝）蘇巧慧（前排左4）在勞工團體後援會與眾人合影。（記者黃政嘉攝）    ,https://news.ltn.com.tw/news/politics/breakingnews/5557429
帛琉因林佳龍到訪遭中國報復 外交部：將觀光武器化只會引國際反感,政治,2026/08/30 21:51,"外交部長林佳龍（右三）率團出訪帛琉，今日與帛琉總統惠恕仁（左三）共同參觀在聯合辦公大樓所建置的太陽能發電與儲能系統。（圖擷取自林佳龍臉書）外交部長林佳龍率團訪問友邦帛琉，據外媒報導，帛琉總統惠恕仁（Surangel S. Whipps, Jr.）今（30）日受訪揭露，中國為報復林佳龍訪問，將帛琉列為不安全旅遊地。對此，外交部痛批，中國將觀光交流政治化、武器化，並作為施壓及脅迫工具，此舉凸顯其意圖以經濟脅迫手段擴張政治影響力，只會引起國際社會反感。外交部今晚回應表示，帛琉是我國在太平洋地區重要友邦及發展夥伴，兩國情誼深厚堅定並相互扶持。對於中國將觀光交流政治化、武器化，並作為施壓及脅迫工具，企圖迫使其他國家改變政治立場的作法，我國深表遺憾並予以嚴厲譴責。中國此舉凸顯其意圖以經濟脅迫手段擴張政治影響力，只會引起國際社會反感。請繼續往下閱讀...外交部表示，面對外部環境變化，我國將與帛琉攜手因應，秉持相互尊重、互惠互助及共榮共享的精神，持續深化雙邊合作與夥伴關係。外交部強調，將持續透過榮邦計畫及總合外交，整合政府、產業及民間資源，並依據帛琉自身發展需求，協助強化其觀光產業的基礎與量能，推動優質觀光轉型、拓展多元客源市場，並提升產業附加價值與自主發展能力。透過長期、互惠且具體合作，我國將協助帛琉建立多元、自主及永續的發展基礎，提升觀光產業韌性，讓台帛夥伴關係在相互支持中持續茁壯，共創共榮互惠的未來。    ",https://news.ltn.com.tw/news/politics/breakingnews/5557480
大選倒數90天鬧內鬨 館長怒槓國民黨：2026你X媽給我下去！,政治,2026/08/30 21:19,網紅「館長」陳之漢。（資料照）竹北市長藍白合破局，民眾黨主席黃國昌控國民黨「說話不算話」，舔共網紅「館長」陳之漢也在直播中破口大罵，痛批藍營「背信棄義、過河拆橋」，今天（30日）更在臉書發文：「2026國民黨你X媽給我下去！」2026九合一大選倒數90天，藍白合鬧內鬨。黃國昌上週五（28日）透露，兩黨原本針對竹北市長人選進行協調，但最終國民黨並未依據當初的承諾或共識退讓，導致分裂，嘆「別人說話不算話，我們管不了」，並宣布民眾黨將由邱臣遠登記並堅定參選到底。請繼續往下閱讀...此話一出，民眾黨支持者們坐不住了，連日砲轟國民黨。黃國昌的「好兄弟」館長也在自己的直播中開火，說自己「忍國民黨很久了」，去年大罷免他站出來力挺藍委，是希望他們能夠強力監督制衡，但他卻看到藍營在中央政府總預算等關鍵攻防上最後依然妥協、放行，表現軟弱，「這場仗你跪下去了！你繼續跪著吧！」館長還氣憤表示，今年底的選舉國民黨「輸一輸好了啦」，甚至呼籲選民下架國民黨，今天在臉書PO文：「背信棄義！2026國民黨你X媽給我下去！」但底下湧入大批網友嘲諷，「變色龍也沒你館長變得快呀」、「會去看館長跟隨他的不外乎都是跟他一樣的人格特質的人，自以為超脫藍綠，自以為高人一等，到頭來就是被利用而已而不自知」、「你都不會去檢討自己嗎？等下國民黨等下又民進黨？當初罵藝人賺人民幣結果自己呢？真的該閉嘴的是你」、「沒想到賴清德除了操弄司法也操弄館長」、「你阿北在背信背叛的時候聽你吠過幾聲？」、「快！去跟祖國告狀！」、「說到背信，柯阿北才是元祖啊！」    ,https://news.ltn.com.tw/news/politics/breakingnews/5557306
吳宗憲拋「頭城─蘇澳」鐵路高架化  4個標同時開工、5年內完成,政治,2026/08/30 21:17,國民黨宜蘭縣長參選人吳宗憲（左）主張頭城到蘇澳鐵路高架化，採4個標同時開工，5年內完工。（吳宗憲競辦提供）國民黨宜蘭縣長參選人吳宗憲今（30日）持續在宜蘭市舉辦「憲政熱映中」宣講，他承諾若能當選縣長，加上2028年政黨輪替，將力推頭城到蘇澳鐵路高架化，採取4個標同時開工，一定會在5年內完工。行政院今年3月25日核定的「宜蘭至羅東鐵路高架化計畫」，從四城站南端至冬山排水橋，全長約15.84公里，總經費501.54億元。吳宗憲主張擴大高架範圍，高架路線北從頭城南到蘇澳。請繼續往下閱讀...吳宗憲認為，宜蘭已經等太久了，他上任後，如果迎來2028年國民黨執政，將在5年內完成頭城到蘇澳鐵路高架化，完工後更要推動捷運化，給未來宜蘭子孫完善捷運系統，讓生活更便利。吳宗憲直指台灣高鐵全長350公里，僅花7年完工，宜蘭鐵路高架化卻延宕多年，中央欠宜蘭鄉親一個交代，他上任後會一一討回公道，選戰已進入最後90天倒數，呼籲鄉親給國民黨候選人一個機會。    ,https://news.ltn.com.tw/news/politics/breakingnews/5557469
小英之友、信賴之友同台  高雄2會長聯手號召力挺賴瑞隆,政治,2026/08/30 21:09,高雄市信賴之友會會長莊維周（左2）與高雄小英之友會總會長黃來進（右2），聯手加入賴瑞隆競選體系擔任關鍵職務，蔡英文、賴清德地方系統大團結，力挺賴瑞隆。（民眾提供）2026高雄市長選戰倒數90天，高雄市信賴之友會今晚舉行會員大會，由會長莊維周主持，高雄小英之友會總會長黃來進也現身；前、現任總統的高雄後援會長聯手加入賴瑞隆競選體系擔任關鍵職務，蔡英文、賴清德地方系統大團結，力挺賴瑞隆。與會人士指出，莊維周為國策顧問、高雄縣醫師公會榮譽理事長，深受醫界尊崇；賴瑞隆今稍早舉行「醫藥護大聯盟後援總會暨各醫事公會後援會授證大會」，正式宣布由莊維周接任後援總會總會長，由於其輩分極高、長年行醫服務無數，引發地方關注。請繼續往下閱讀...值得注意的是，小英之友會會長黃來進晚間也現身信賴之友會大會，黃來進今年6月已接下賴瑞隆扶輪後援會會長，並持續串聯百工百業及社團，成為賴瑞隆的輔選重要支柱。與會人士透露，2人已正式發出號召令，將全面集結、進一步擴張賴瑞隆的支持基礎；該人士指出，小英及信賴之友會領袖展現共同意志支持賴瑞隆，尤其雙方具有超脫綠營基本盤、向企業界及社會延伸的凝聚能量，可讓賴瑞隆團隊加倍衝刺。而選戰進入最後關鍵期，賴清德、蔡英文不僅親自南下輔選，陳其邁及各區域立委也投入擔任職務，相對於國民黨柯志恩勢必形成壓力。    ,https://news.ltn.com.tw/news/politics/breakingnews/5557465
「水獺媽媽」與三重親子嗨玩泡泡 蘇巧慧承諾打造95公分視角城市,政治,2026/08/30 20:59,「水獺媽媽」蘇巧慧（中）到三重參與親子泡泡派對。（圖由蘇巧慧競辦提供）民進黨新北市議員顏蔚慈連5年於暑假舉辦親子泡泡派對，今天趁開學前再於三重加開場次，並邀請「水獺媽媽」蘇巧慧參與活動，吸引親子家庭參與，蘇巧慧表示，顏蔚慈長期關心親子與教育議題，持續舉辦各式各樣的親子活動，未來她會和顏蔚慈一起努力，打造「95公分視角城市」，從孩子的需求出發，打造更友善的成長環境。蘇巧慧說，她提出「95公分視角城市」就是要重新檢視城市公共空間，從孩子的高度出發，評估城市環境是否真正符合孩子的需求，也讓家長帶著孩子出門更加安心和便利。請繼續往下閱讀...她指出，她更要減輕家庭在醫療及照顧上的壓力，推動6歲以下幼兒免費接種腸病毒及輪狀病毒疫苗，落實0至6歲幼兒看病免門診及住院部分負擔，從預防到就醫提供更完整的健康照顧，減輕家長育兒的經濟負擔；許多家長有臨時托育或夜間托育的需求，因此未來她也將建置「臨時托育查詢平台」，讓家長能更快速掌握即時托育資訊，同時增加夜間托育場所與服務量能，為不同工作型態家庭提供實際的照顧，降低育兒家庭臨時有托育需求的壓力。她表示，她經營「水獺媽媽巧巧話」Podcast頻道已6年，很開心現在走到新北各地，常有小朋友認出她是「水獺媽媽」，她會把這份對孩子的關心落實到市政政策，讓新北成為孩子快樂成長、家長安心育兒的城市。蘇巧慧說，顏蔚慈過去有擔任桃園市青年局長的經驗，在新北市議會更是問政專業，關注中青年及教育的議題，未來她會和顏蔚慈持續提升三重、蘆洲的環境，包括加速三重「第二行政中心」完工、「新北市立圖書館第二總館」興建，以及「三重聯醫第三醫療大樓」興建；推動蘆洲「蘆南、蘆北重劃區」、「蘆社大橋」建設，並加速「捷運環狀線北環段」工程進度。顏蔚慈分享，蘇巧慧今在三重碧華公園化身泡泡魔法師，與逾300位親子開心互動，顯現蘇巧慧在親子家庭間的高人氣，尤其民調持續看漲，綠營小雞們更積極辦理各項活動，擴大爭取中間選民認同。顏蔚慈（左）說，蘇巧慧（右）在三重碧華公園化身泡泡魔法師，與親子開心互動。（圖由蘇巧慧競辦提供）三重碧華公園今進行泡泡派對。（圖由蘇巧慧競辦提供）    ,https://news.ltn.com.tw/news/politics/breakingnews/5557463
暑假尾聲與小朋友嗨玩水槍大戰 李四川承諾打造更多親水空間,政治,2026/08/30 20:59,李四川（中間深藍衣）今到林口參加兒童水樂園活動，和陳明義（白衣戴墨鏡）一同與小朋友嗨玩水槍大戰。（圖由李四川競辦提供）國民黨新北市長參選人李四川今天受新北市議員陳明義邀請，到林口參加兒童水樂園活動，李四川戴上墨鏡、換上短褲與大、小朋友展開水槍大戰，與孩子們一起把握暑假尾巴的歡樂時光，李四川說，未來若擔任市長，他將持續規劃更多親水空間，提供孩子及家長更多安全、共融的親子同樂機會。活動現場湧入上千名親子同樂，水柱齊發、歡笑聲此起彼落，不少小朋友拿著水槍興奮地追著李四川開戰，現場歡笑聲不斷，也有許多家長帶著孩子與李四川合影。請繼續往下閱讀...李四川表示，親子活動不只是讓孩子玩得開心，更重要的是創造家庭共同的回憶，他未來將持續規劃設置更多公共戲水設施，提供安全、共融的遊憩環境，讓孩子開心、家長放心，同時他也已經提出多項育兒、親子政見，未來擔任市長將一一落實，讓新北成為對親子家庭最友善的城市。陳明義指出，今年是他舉辦兒童水樂園活動的第10年，希望未來能和李四川在林口打造更多長期、完善的親水空間，讓親子不只在暑假期間有地方玩水，也能有更多適合家庭休閒、陪伴孩子的公共空間。李四川今午也到新莊出席中華民國成人游泳協會百里泳士慶功宴暨北區第二次區務會議，中華民國成人游泳協會總會長林金川、北區會長曾傳播熱烈歡迎；中華民國成人游泳協會榮譽總會長、台北市中原客家崇正會前理事長曾麗卿也陪同李四川，逐一向鄉親、會員們問候，爭取支持。李四川（後排右2）受陳明義（後排右1）邀請，到林口參加兒童水樂園活動。（圖由李四川競辦提供）李四川（後排藍衣）今也到新莊出席中華民國成人游泳協會百里泳士慶功宴。（圖由李四川競辦提供）    ,https://news.ltn.com.tw/news/politics/breakingnews/5557440
盧秀燕宣布開學首週午餐雙主菜  家長怒：只加碼3天擺拍、搏版面,政治,2026/08/30 20:54,台中市長盧秀燕宣布開學首週有3天會加碼雙主菜，「第一天就是台式大雞腿」。（資料照，台中市府提供）高中以下學校明（31日）開學，台中市國中小免費營養午餐正式上路，台中市長盧秀燕宣布開學首週有3天會加碼雙主菜，「第一天就是台式大雞腿」；不少家長不領情質疑，「首週雙主菜！只會讓學生覺得後面越吃越差吧」、「前3天雙主菜，後面豆芽菜嗎」、「3天樣板菜」、「只有3天又是吸睛搏版面而已吧」、「前3天吃比較好，拍照用的」。盧秀燕說，開學將開辦有史以來首見的營養午餐免費，會推出「幸福啟航」開學第一週午餐加碼，第一週5天上學日有3天午餐會加碼提供雙主菜，「第一天就是台式大雞腿」，強調是全國唯一的加碼活動。請繼續往下閱讀...雖有家長大表感謝，卻有不少人湧入盧秀燕的臉書質疑，「首週雙主菜！只會讓學生覺得後面越吃越差吧」、「不要前面雙主菜，到後面只剩豆芽菜」、「最害怕這種加碼，都假的」、「不是耶，媽媽你知道自己在說什麼嗎，第一週雙主菜，所以後面吃什麼」、「首週雙主菜聽起來像月初領薪水吃好點，月底可能吃泡麵」。更有人突破盲腸酸，「3天樣板菜？前3天雙主菜，那之後呢」、「應該都是前3天比較好，拍照用的」、「只有3天又是吸睛搏版面而已吧」。不少家長理性留言，「國小生雙主菜吃的完嗎？不要浪費食物」、「夠吃、好吃就好，有沒有雙主菜其實不重要！重點是食安」、「不要一直開所謂的福利，最後衍生一堆問題」。還有學校午餐秘書喊話，雙主菜是好事，但要考量到不要造成食物上的浪費，也要考量到低年級及用餐時間能夠在25分鐘內吃完，另廚工的烹煮時間，還有廚餘重量的紀錄可能會很恐怖，「請不要做這個大膽的實驗，先求有再求好，拜託一下吧！好吃比較重要，煮得不好吃只會剩更多廚餘」。    ,https://news.ltn.com.tw/news/politics/breakingnews/5557452
首場「競來坐坐」開講  莊競程：新竹新製程打造幸福科技城,政治,2026/08/30 20:30,竹市首場「競來坐坐」古賢開講，莊競程提「幸福新製程」要打造幸福科技城。（民進黨竹市黨部提供）民進黨新竹市長參選人莊競程今晚在古賢里集會所舉辦首場地方政見說明會「競來坐坐」，與在地鄉親面對面交流。莊競程表示，未來將以「幸福新製程」為城市治理方向，從長輩照顧、交通、教育到城市建設，一項一項解決市民生活中的問題，讓科技發展真正轉化為生活品質，打造新竹成為「幸福科技城」。莊競程表示，新竹是台灣的鑽石，這座小而美的城市，不只有全球知名的竹科、2所國立頂尖大學，也有超過300年歷史的文化底蘊。市民期待城市持續進步，讓科技發展不只反映在產值上，也能實質提升生活品質。請繼續往下閱讀...莊競程說，過去的醫學工程背景，讓他特別重視長輩福利。他提出老人福利三項方向，包括65歲以上市民健保費由市府補助、推動50歲以上市民第一劑帶狀疱疹疫苗免費施打，同時推動敬老愛心卡加碼到1200點、點數可跨月累積並擴大使用範圍，讓長輩照顧更有感，也減輕家庭負擔。針對南寮建設，莊競程表示，未來若擔任市長，將積極推動設立南寮運動中心，讓市民就近運動、親子家庭有更便利的休閒空間。交通方面也會全力推動捷運開工，並主張捷運綠線應從市區延伸到南寮，串連市中心與海濱觀光帶，改善通勤品質，也帶動南寮的觀光、人潮與商機。莊競程強調，「競來坐坐」就是希望用最貼近市民的方式，坐下來一起吃頓飯、聊聊新竹的大小事。首場從古賢里出發，未來也將持續走進各里、各社區，傾聽不同世代、不同職業、不同家庭的需求。他說，市長的責任不只是提出願景，更要把市民每天遇到的問題一項一項解決，並為下一個10年、20年的新竹預先規劃，打下堅實基礎。莊競程指出，未來的新竹，應該是一座讓年輕人看得見希望、長輩生活有尊嚴、家庭育兒更安心的城市。他承諾，未來一定會以專業、效率與溫度推動市政，讓新竹從「科技之都」進一步成為「幸福科技城」。    ,https://news.ltn.com.tw/news/politics/breakingnews/5557442
與帛琉總統試乘MIT電動巴士 林佳龍：台帛攜手前進願景不變,政治,2026/08/30 20:24,"在「政府聯合辦公大樓」（One Stop Shop）太陽能及儲能計畫方面，已安裝600瓩太陽能板及2兆瓦的儲能電池，將帛琉政府聯合辦公大樓打造為綠色建築。（圖擷取自林佳龍臉書）外交部長林佳龍率團訪問友邦帛琉，今日與帛琉總統惠恕仁（Surangel S. Whipps, Jr.）一同見證帛琉氫能倡議啟動，並試乘今日交車的MIT（台灣製）電動巴士。林佳龍表示，台帛長期維持堅定友好夥伴關係，攜手前進願景不變。外交部長林佳龍今日出席氫能倡議啟動儀式、聯合辦公大樓太陽能板綠能示範區及電動巴士啟用典禮時致詞表示，台灣與帛琉長期維持堅定而友好的外交夥伴關係，攜手前進的願景始終不變，「Taiwan can help, and Palau can lead」。請繼續往下閱讀...林佳龍指出，今日是榮邦計畫架構下台帛具體雙邊合作的又一個重要里程碑。「台帛氫能倡議」是邁向能源自主，以及實現帛琉2032年100%再生能源目標的重要一步，是兩國共同努力的成果，也為更綠色的未來開啟大門。林佳龍表示，在「政府聯合辦公大樓」（One Stop Shop）太陽能及儲能計畫方面，已安裝600瓩太陽能板及2兆瓦的儲能電池，將帛琉政府聯合辦公大樓打造為綠色建築。這些潔淨能源不僅能供應建築本身使用，也能為電動公車車隊充電。這套完整整合的再生能源系統，結合能源發電、儲存與大眾運輸，為再生能源計畫提供完整的解決方案。林佳龍今日也與惠恕仁一起試乘甫正式交車的4輛MIT電動巴士。林佳龍說，第55屆太平洋島國論壇（PIF）峰會明日開幕，這批電動公車會協助接送來自整個太平洋地區、遠道而來參加論壇的各國領袖及代表。台帛共同推動的計畫也充分體現今年PIF峰會主題「打造經濟守護生命與提升生活、付諸行動、凝聚團結、生活、行動、團結」，透過建置潔淨能源基礎設施，不僅帶動經濟發展，也改善人民的生活。林佳龍說，展望未來，太陽能發電系統與電動公車將協助帛琉實現2032年百分之百再生能源的目標，而「台帛氫能倡議」也一定能為區域各國帶來啟發，共同推動永續發展。林佳龍也透過臉書轉述，惠恕仁今日再次感謝台灣長期在教育、醫療、安全、氣候行動、基礎建設等領域與帛琉並肩合作，並指出，這些計畫帶來的遠超過電力本身，更能提升帛琉的能源自主、保護環境，也為人民帶來更多發展機會。外交部長林佳龍今日出席氫能倡議啟動儀式、聯合辦公大樓太陽能板綠能示範區及電動巴士啟用典禮。（圖擷取自林佳龍臉書）外交部長林佳龍今日與帛琉總統惠恕仁（Surangel S. Whipps, Jr.）一同試乘今天交車的MIT電動巴士。（圖擷取自林佳龍臉書）    ",https://news.ltn.com.tw/news/politics/breakingnews/5557435
洋流未到先轟動！日本關西台僑造勢喊「凍蒜」 為沈伯洋後援會暖場,政治,2026/08/30 20:01,日本關西地區台僑30日舉辦活動為沈伯洋訪日暖場，台僑在後援會的布條上簽名。（陳天隆提供）台北市長選戰熱度跨海延燒日本，民進黨台北市長參選人沈伯洋即將訪日，而他掀起的「洋流」已先在日本台僑圈掀起熱潮。關西地區台僑今天在大阪舉行「沈伯洋市長日本後援交流大會」，吸引80多名台僑及日本友人參加，為9月12日在東京舉行的「沈伯洋市長日本後援會全日本大會」提前暖場。沈伯洋日本後援會全日本大會預定9月12日下午，在東京的日本記者俱樂部大廳舉行講演會。隨著台北市長選情升溫，支持沈伯洋的「洋流」也從台灣跨海流向日本，東京大會尚未登場，關西台僑已率先集結造勢。請繼續往下閱讀...今天在大阪舉行的「沈伯洋市長日本後援交流大會」，包括總統府國策顧問陳天隆、關西台商會長中西美姬、大阪台灣同鄉會名譽會長張種德、世華日本關西大阪分會副會長鄭雅馨、日本大阪台灣同鄉會會長代行林壽美子，以及日本神戶全國日台友好議員協議會副理事長上畠寛弘議員、日本大阪府議日台友好議員連盟永野孝男會長等日本地方議員與會。沈伯洋本人透過視訊跨海與日本支持者互動。他表示，海外僑胞具有相當大的影響力，希望旅日台灣人多利用社群媒體，向親友介紹他的理念及政策。目前仍有許多選民不認識沈伯洋，但隨著台北市民從陌生到逐漸了解，他與尋求連任的台北市長蔣萬安之間，民調差距已快速拉近。已有民調分析顯示，如果雙方知名度旗鼓相當，只要台北市民有機會進一步了解沈伯洋的理念及政策，他與蔣萬安的支持度將不相上下。談到首都願景，沈伯洋表示，如果有機會領導台北市，希望以世界視角思考首都治理，拉近台北與世界主要城市的距離，「從首都台北看世界，也讓世界透過台北更加了解台灣的重要性」。陳天隆致詞說，今天這麼多僑胞聚集一堂，證明「人在日本、心繫台灣」。海外台灣人不只關心故鄉未來發展，也珍惜台灣民主自由的生活方式。一座城市的進步不只靠硬體建設，更需要安全、效率及具有韌性的執行力；判斷一名市長候選人，也不能只看口號，而要看理念、政策，以及面對問題的勇氣、能力與責任感。陳天隆也指出，日本在防災、交通、長照及都市更新等領域有許多經驗值得台灣參考，而台灣的民主與活力同樣值得驕傲，希望「沈伯洋市長日本後援會」能在日台之間搭起橋梁，讓旅日台灣人更了解台灣，也讓台灣更加了解日本。活動最後，不少與會者以簽名方式表達支持，並共同高喊「台北順起來、沈伯洋凍蒜」。大阪場率先為「洋流」在日本暖身後，接下來焦點將轉向9月12日東京全日本大會。國策顧問陳天隆（中立者）致詞表示，希望「沈伯洋市長日本後援會」能在日台之間搭起橋梁。（陳天隆提供）    ,https://news.ltn.com.tw/news/politics/breakingnews/5557423
蔣萬安認真背稿畫面流出？ 網傻眼：叫個科長來都比他強！,政治,2026/08/30 19:34,台北市長蔣萬安。（資料照）台北市長蔣萬安因答詢或面對媒體時常背稿跳針、問A答B，被網友們取了「蔣稿機」、「寶立答B」、「空安」等綽號，而今他被指稱私底下真的在背稿的影片流出，在網上掀起熱議。政論節目《筱君台灣PLUS》臉書粉專今天（30日）分享在Threads上流傳引發熱烈討論的一段漏網鏡頭，據悉蔣萬安是在參與線上食安國是會議，對著視訊鏡頭說：「現在地方政府相關的查核檢驗，我不確定各地方政府檢驗量能上面是不是充足，以及是不是有能力對於目前各項食品加工物品的日新月異，及各種的種類數量，喔越來越多，所以這個部分我想，未來也希望可以提出需求，看未來不管是修法，或者是中央地方足夠的經費，我們讓地方政府，在整體的檢驗量能、實驗室建置上面都能夠非常的充裕……」請繼續往下閱讀...由於視訊螢幕被切掉，影片看起來就像蔣萬安正在認真背稿，並對著空氣「排練」，而且也能明顯感受到蔣萬安對稿子不太熟，講起來有些卡卡的，一邊講還一邊低頭看手機上的稿子，深怕自己念錯字。但他也非常「認真」，不忘做出一些小表情，努力讓自己自然一點，別那麼容易被看出來是在背稿子。有人表示，這段畫面原本是蔣市府放出來想要做宣傳，但因為畫面呈現和蔣萬安的表現，看起來就像私底下在會議室裡背稿子，凸顯其草包程度。網友們紛紛嘲諷，「這種貨色還真的無法辯論，大家就別為難他了！」、「演講稿講廢話，背稿機下台啦」、「記者偏偏不問這一題，他一定硬要講完」、「講不出任何具體措施」、「應變能力有夠爛」、「別人做市長，他在演市長」、「他也只能做這種事啊，不然還要草包做正事嗎？無菸城市都搞成好無言城市了」、「這樣也要看稿」、「這麼簡單的一段話，為什麼要練習？這隨便一個科長、課長都能做到吧」、「隨便叫個市府的科長都能講得比他順」、「他背的這個稿子隨隨便便市府裡面一個承辦人就可以侃侃而談了」。    ,https://news.ltn.com.tw/news/politics/breakingnews/5557353
南投埔里也有「沈伯洋後援會」！民代：他是「埔里的孫子」,政治,2026/08/30 19:16,南投縣長參選人温世政（坐者左），今成立「温世政台北市牙醫後援會」。沈伯洋（坐者右）到場相挺，他證實媽媽是埔里人，曾擔任埔里國小英文老師。（立委羅美玲提供）台北市長沈伯洋的「洋流」也衝進南投縣埔里鎮！埔里鎮有一群支持沈伯洋的民眾，組成「沈伯洋後援會」群組，每天分享其最新動態，並幫沈伯洋拉票，縣議員陳宜君表示，沈伯洋的媽媽是埔里人，有些長輩還記得他童年寒暑假會在埔里度過，群組成員用實際行動支持「埔里的孫子」。「我的戰鬥陀螺是洋流號！」，最近喜歡上戰鬥陀螺的南投縣議員陳宜君，為了介紹號召埔里鎮麒麟國小畢業生阿寬，用嬰兒洗澡盆自製的陀螺盤，特別拿出命名為「洋流號」的戰鬥陀螺，在幾乎零成本、高創意的陀螺盤小試身手，看到這個鄉土味十足的陀螺盤，她興奮地說：「陀螺盤正好是沈伯洋的視覺色橘色！」，有人詢問她是否為沈伯洋粉絲時，她才表明自己是「埔里沈伯洋後援會群組的一員」。請繼續往下閱讀...沈伯洋媽媽是埔里人陳宜君表示，扶養沈伯洋長大的媽媽是埔里鎮西門里的人，有的長輩還記得沈伯洋小時候跟著媽媽回埔里，並在埔里過寒暑假，而沈伯洋提出生態系、綠覆率的政見深獲好評，因此有長輩號召下，就組成「埔里沈伯洋後援會」LINE群組，希望能幫沈伯洋多拉一些票。沈伯洋今天下午參加南投縣長參選人温世政的「温世政台北市牙醫後援會」，也證實他與埔里的深厚感情，他說，媽媽是埔里人，以前曾在埔里國小當英文老師，自己小時後也在埔里國小、埔里國中成長，對埔里對南投有深厚的感情，而温世政長期在牙醫專業、公共服務與地方事務耕耘，是值得支持的南投縣長人選。有埔里網友在threads分享「埔里沈伯洋後援會」的訊息。（圖擷自threads訊息）南投縣議員陳宜君把她的戰鬥陀螺命名為「洋流號」，「洋流號」在阿寬小朋友的鄉土陀螺盤小試身手。她笑稱「陀螺盤剛好是沈伯洋視覺色」。（陳宜君提供）    ,https://news.ltn.com.tw/news/politics/breakingnews/5557399
批蔣、盧縱容「翁曉玲們」惡搞 公督盟：選舉將成「政黨不信任投票」,政治,2026/08/30 19:03,國民黨立委翁曉玲。（本報資料照）藍白立委聯手主導本屆立法院，從去年2月一路至本月底的「常態延會」已成慣例；在野黨立委反卻嚴重曝露出議事怠惰，至今已累積至少180案的預決算案、財團法人預決算及行政命令超過法定審查期限。公督盟直言，法案審議是政黨集體意志的展現，地方首長、民代縱容「翁曉玲們」更難辭其咎，年底選舉將成「政黨不信任投票」關鍵。本屆立法院自去（2025）年2月延會至本月底，創史上最長延會紀錄，但據統計，目前已累積至少逾180案的預、決算案及行政命令，因立委未處理而超過法定審查期限，凸顯藍白立委主導下的議事怠惰。請繼續往下閱讀...前述現象包含外交部、僑務委員會、行政院、國防部、國軍退除役官兵輔導委員會等函送「財團法人國際合作發展基金會、財團法人臺灣民主基金會及財團法人太平洋經濟合作理事會中華民國委員會」113及114年度預算書案等16案，已逾年度預算執行期間；112及113年度決算書案等10案，更超過「決算法」第28條所定審查期限。此外，不少議案當初是藍白立院黨團在院會要求交付委員會審查，最終也因未獲排審，同樣超過審查期限，包含「就業安定基金收支保管及運用辦法」、「法庭錄音錄影公開播送實施辦法」等。「今天是立法院裡面有所有的『翁曉玲們』才有辦法讓這一個案子成立通過……從政黨政治概念來講，這是翁曉玲們所做的事情，絕對不是只有一個翁曉玲可以完成的事情。」公民監督國會聯盟執行長張宏林批評，無論是攸關台灣安全的國防預算，乃至民生財政法案，蔣萬安、盧秀燕等同黨地方首長和民代對「翁曉玲們」的行徑視若無睹，不僅是「共壞」，更責無旁貸。「大家其實不用等到一年半後來教訓藍白，今年的九合一就是再一次的罷免行使，是人民最快可以來表達態度的方式。」張宏林直言，對於藍白立委破壞憲政、削弱國防等行徑，選民都看在眼裡，而去年的大罷免就是一場提前選舉；面對九合一選舉將臨，這場選戰將是選民最快行使「政黨不信任投票」的節點，若此時未用選票反制藍白，恐讓國會繼續「作亂一年半」。    ,https://news.ltn.com.tw/news/politics/breakingnews/5557388
黃國昌、柯文哲為竹北整合續轟 鄭麗文：盼更大格局迎挑戰,政治,2026/08/30 18:59,國民黨主席鄭麗文。（資料照）國民黨和民眾黨在竹北整合「談崩」，民眾黨創黨主席柯文哲今日表示，到底國民黨主席鄭麗文跟民眾黨主席黃國昌講什麼，要他們自己出來說明，鄭、黃儘速出來，趕快談一談還是要善後，很多事不是講一講就過去。對此，國民黨重申，鄭麗文理解黃國昌的心情，也感謝民眾黨一路以來展現合作誠意，在人選安排上，雙方確實存在不同評估，但這並不改變彼此共同努力、追求合作的初衷。針對竹北市長藍白合，黃國昌日前表示，雙方原存在「縣長挺徐欣瑩、市長由民眾黨出戰」默契，26日與鄭麗文會面，對方卻表明無法處理竹北問題，他深表遺憾，民眾黨支持邱臣遠完成登記，堅定參選到底。請繼續往下閱讀...柯文哲、黃國昌及國民黨台中市長參選人江啟臣3人，今日聯袂在台中參與「共創中台灣・擘劃新願景」座談，柯文哲表示，群眾有時候不是那麼容易情緒轉換，國民黨辦竹北市長初選有簽同意書，很簡單，「把同意書拿出來看寫得很清楚」，還是那句話該善後趕快善後。黃國昌更重砲抨擊國民黨說，信任是一點一點累積起來不容易，打破信任基礎會受到嚴重影響，「為了一顆樹，放火燒掉整個森林，到今天還是無法理解為什麼。」國民黨今日重申，鄭麗文與黃國昌一直保持良好且坦誠的溝通，雙方始終開誠布公交換意見，即使對地方選區的情勢與選舉布局有不同判斷，但雙方一起為台灣人民爭取更好未來的心沒變。鄭麗文指出，竹北選情具有高度特殊性，地方經營、民意結構及整體布局，都有必須審慎考量的因素，因此在人選安排上，雙方確實存在不同評估，但這並不改變彼此共同努力、追求合作的初衷。鄭麗文強調，國民黨與民眾黨攜手贏得2026年底大選、回應人民期待的共同目標從未改變。她始終珍惜並重視與民眾黨建立的合作關係，也感謝民眾黨對竹北特殊情況的理解與包容。鄭麗文表示，希望雙方都能珍惜一路累積的互信基礎，以更大的格局面對未來挑戰，我們會持續保持溝通、深化合作，一起為台灣的未來努力打拚，不辜負人民對在野改革力量的期待。    ,https://news.ltn.com.tw/news/politics/breakingnews/5557385
不讓蔡壁如選卻又推賴銀柱 朱蕙蓉重砲批柯黃：寧派傀儡送死,政治,2026/08/30 18:39,前民眾黨立委蔡壁如。（資料照）九合一大選倒數計時，藍白兩黨在多個縣市提名爭議引發合作危機。先前表態參選彰化縣長卻遭黨內冷落阻攔的前立委蔡壁如，如今卻見民眾黨在登記前夕考慮推派彰化縣黨部副主委賴銀柱參選，此舉讓蔡壁如好友、民眾黨創黨元老朱蕙蓉不禁痛批前黨主席柯文哲與現任黨主席黃國昌。朱蕙蓉今（30）日在臉書發文指出，民眾黨前主席柯文哲在市長任內犯錯、大選獻金帳目混亂且官司纏身，辭職後暗示欽點黃國昌接掌黨權。她怒批黃國昌透過網路投票接任後，對同黨競爭對手冷漠排擠，「那個態度真的堪稱政治界『射後不理』最經典的渣男示範」。同時她也痛批，柯文哲剛愎自用且用人只看學歷，對忠心耿耿的蔡壁如明裡暗裡踐踏與羞辱，完全無視蔡壁如早已不是當年小護理師或基層部屬。請繼續往下閱讀...朱蕙蓉指出，眼見民眾黨在九合一選戰岌岌可危，蔡壁如主動挺身想為黨當開路先鋒參選具指標意義的彰化縣長，即使蔡壁如民調領先，柯文哲與黃國昌卻擺明「知道妳民調高，但我就是不讓妳選」，令人質疑究竟是職場霸凌還是嫉妒積怨。朱蕙蓉進一步質疑，民眾黨口口聲聲高喊「藍白合」，結果新北棄守投降、宜蘭閃躲、新竹被框，登記前夕竟突然宣布要在彰化推人。她痛批當初阻擋蔡壁如的理由是「小黨沒能力選縣長」，如今卻一夕之間改口，「說白了根本不是小黨沒能力，而是寧可派個傀儡去送死，也不給功臣選」，直言自己活到69歲，從沒見過像民眾黨這樣噁心、可惡至極的政黨。    ,https://news.ltn.com.tw/news/politics/breakingnews/5557312
藍白「惡搞」立院創最長延會 公督盟痛批可恥：要抽乾油癱瘓政府,政治,2026/08/30 18:31,圖為立法院長韓國瑜27日宣布通過「強化國防自主暨無人載具產業發展條例草案」後，各政黨立委紛紛在議場內高呼口號。（資料照）立法院本會期日前落幕，綠營痛批本屆藍白立委聯手「惡搞」；不僅屢提違憲法案、杯葛人事案，總預算更延宕逾350天，連弱勢團體都成政治籌碼，延會史上最長但仍卻有逾180案預、決算案及行政命令超過法定審查期限，審議效率奇差。民團痛批，國會每年審議近九兆預算、但近六兆國營事業預算仍遭擱置，不僅「毀憲亂政、癱瘓政府」，恐重演藍營執政時期窘境，再創惡例。公民監督國會聯盟執行長張宏林受訪表示，立法院日前才將今年度新台幣近3兆的中央總預算審議通過，但實質上「考試才考一半」，指出立院還有近6兆台幣國營事業預算、非營業特種基金待審；儘管我國「預算法」明定當年度預算未審竣前，可往年編列之例行性等常態性支出執行，但在藍白「發瘋」肆意刪凍預算下，這形同「抽乾油」在霸凌行政機關，以及預算法。請繼續往下閱讀...他進一步指出，國會擱置不審國營事業預算、非營業特種基金，將使中油、台電等單位在推動能源轉型或新興技術開發受到制約、無法開展新興計畫；更使得行政部門預算執行愈趨保守，避免經費用了事後卻被「報復性刪減」，讓政府基層施政陷入兩難。「我們現在的立法院，是效能最糟糕的立法院，不斷破壞權力分立，違憲擴權、癱瘓憲法法庭拖垮台灣整體國際競爭力，拖垮台灣的憲政穩定」，張宏林強調，正當的國會監督應是制定合理法規、把關公帑，協助國家發展；但藍白卻不通過預算、破壞權力分立，「為了卡政績而癱瘓國家」，不惜犧牲國家利益來拖垮政府，讓民眾錯認政府施政不力，手段「極其可恥」。張宏林示警，政府過去曾在國民黨主政的2013年，就曾創下前立法院長王金平延宕審議當年度國營事業預算，直至年底仍未通過的先例，如今藍白主導國會恐讓惡例重演，嚴重拖延國家運作效率。    ,https://news.ltn.com.tw/news/politics/breakingnews/5557363
現身勞工後援會力挺蘇巧慧  洪申翰：國民黨新北執政太久該換人,政治,2026/08/30 18:16,蘇巧慧（左）今午在板橋舉行勞工團體後援會成立大會，勞動部長洪申翰（右）也現身力挺。（記者黃政嘉攝）民進黨新北市長參選人蘇巧慧今午在板橋舉行勞工團體後援會成立大會，勞動部長洪申翰也現身力挺，談及過去在立法院與她共事，他心目中的蘇巧慧，10多年來一直用「專業」自我要求，且常聽她說盼台灣的政治人物給社會的印象是「專業」兩字，今天五大總工會都到場力挺，真的不容易。洪疾呼，國民黨執政新北20年真的夠久了，應該換已經準備好、準備10年的蘇巧慧。洪申翰致詞時，跟大家談及他心目中的蘇巧慧，他說，他2020年進到立法院，當時在社會福利及衛生環境委員會，他一直非常有印象，永遠在衛環委員會第一個登記（質詢順序）的，就是蘇巧慧，因為她希望趕快把要表達的議題、質詢完了以後，到選區服務、關心民眾。請繼續往下閱讀...他表示，蘇巧慧最常跟他說，多麼希望以後台灣的政治、台灣的政治人物給社會的印象，是「專業」兩字，蘇巧慧10多年來一直就是用「專業」兩字自我要求，要求自己跟團隊。洪申翰說，今天看到五大總工會都到場，他當勞動部長，心裡非常清楚，五大總工會齊聚是一件多麼不容易的事，這代表對蘇巧慧的信任，是不分藍綠、不分黨派、不分百工百業，大家都願意信任、支持蘇巧慧。他指出，新北是一個勞工的城市，行業涵蓋最廣，勞工朋友幾乎也是最多的，勞工朋友最簡單的盼望，養家活口、好好工作跟生活，在新北市，他認為，蘇巧慧一定可以幫大家實現。洪申翰表示，過去在衛環委員會4年，蘇巧慧跟他共同修了包括勞工職業災害保險及保護法、中高齡勞工的促進法等，但那都是以前，接下來只要蘇巧慧能夠擔任新北市長，一定可以再創造更多讓勞工朋友可以安心工作、好好生活、展望未來的事。他強調，作為一直跟蘇巧慧學習的後輩，他真心認為，國民黨在新北執政20年真的夠久了，真的應該換人做做看，而且應該換一個已經準備好、準備了10年的蘇巧慧。    ,https://news.ltn.com.tw/news/politics/breakingnews/5557357
柯文哲談竹北藍白合破局 籲黃國昌、鄭麗文速協調,政治,2026/08/30 17:59,民眾黨創黨主席柯文哲今受訪。（記者廖雪茹攝）新竹縣竹北市長選舉藍白合作破局，民眾黨創黨主席柯文哲今天說，國民黨新竹縣長參選人徐欣瑩應親自講清楚對於藍白合作的理解是什麼，呼籲民眾黨與國民黨2黨主席儘速協調如何善後。柯文哲下午到新竹縣竹北市出席由民眾黨竹北市長參選人邱臣遠等人舉辦的「夏日水花派對 竹北水樂園」活動，與民眾及孩童一起打水仗同樂。請繼續往下閱讀...徐欣瑩辦公室稱對藍白合作立場從未改變，若有共識將全力配合。對此，柯文哲表示，徐欣瑩應先說明她對兩黨合作的理解，並親自對外說明，而非每次都由發言人回應。柯文哲說，若要合作就應好好合作，民眾黨主席黃國昌與國民黨主席鄭麗文應儘快出面討論後續處理方式。針對新竹市立棒球場工程案，前新竹市長林智堅等人獲不起訴處分。柯文哲起初說「沒有看法」，但隨後表示，司法應是國家最後一道防線，要讓人民信任，政治講求誠信，司法則要公平。    ,https://news.ltn.com.tw/news/politics/breakingnews/5557314
莊瑞雄問信奉鞭刑就修法 洪孟楷：來就來 卓榮泰敢副署？,政治,2026/08/30 17:58,國民黨立委洪孟楷。（資料照）中央選舉委員會28日審議立法院送出的3項公投案，最後否決「鞭刑入法」及「交通罰鍰專款專用」2項。民進黨團幹事長莊瑞雄今直言，國民黨既然對鞭刑如此推崇，又掌握國會多數，何必只停留在公投口號？大可以直接提案修法，讓大家看看這條鞭子到底準備打誰。對此，鞭刑公投領銜人、國民黨立委洪孟楷回嗆，我們就來修法，他考慮與民眾黨溝通，一起在立法院推動「交通罰鍰專款專用」、「鞭刑入法」修法，再看卓榮泰要不要副署。中選會主委游盈隆指出，「鞭刑公投」經委員會討論，中選會8名委員，除了他當主持人沒投票外，7人全數同意「鞭刑」不符合重大政策的創制或複決。對此，洪孟楷說，創制就是指現在沒有的政策、沒有的方向，但是人民可以討論之後，給政府的方向。是現在台灣沒有的法令、政策，人民要不要，如果人民要、公投通過後，立法行政兩院就有責任趕快去立法。請繼續往下閱讀...洪孟楷指出，經與專家、法律學者來回討論多遍，他的鞭刑打詐版本已經修訂、整理得差不多了，但是現在中華民國刑法裡就是沒有身體刑，既然沒有身體刑，就是要讓人民來決定到底要不要因為性侵、虐童、詐騙案非常嚴峻，也因此大家認為如果要更積極有效的方式來對付、嚇阻這些犯罪的話，那大家來公投，公投過了我們來立法，就這麼簡單。洪孟楷表示，他本來是希望11月28日鞭刑公投過關，過了多數民意，他馬上一星期內負責任地將版本拿出來，讓大家知道他就是一步一步往前走，但現在中選會把公投的權利沒收，他考慮與民眾黨溝通，一起在立法院推動「交通罰鍰專款專用」、「鞭刑入法」修法，再看卓榮泰要不要副署。洪孟楷痛批，中選會用奧步、下流的方式來沒收公投，真的是惹錯人了，激起我們所有人的鬥志，那我們就來修法，當我們來修法的時候，就不要再講543，推公投的時候說藍白不修法，當修法時又說為什麼不公投，少來這一套，還有就是行政院、法務部是否有版本，這才是重點。洪孟楷強調，如果每一件事情民進黨都是選票考量，如果仍選擇與民意作對，又拿不出實質積極有效的辦法，那人民當然就會看破你們的手腳。讓台灣全民有安居樂業的環境，這是執政黨的責任，如果執政黨放棄他的責任，我們有義務讓台灣有更安居樂業的環境。    ,https://news.ltn.com.tw/news/politics/breakingnews/5557346
藍白竹北彰化瀕破局？盧秀燕拋8字金句：合則兩利、分則兩敗,政治,2026/08/30 17:52,藍白合因新竹縣竹北市長選戰陷波折，台中市長盧秀燕（左2）強調「合則兩利、分則兩敗」，江啟臣（左1）則認為回歸「以民為本」的思考，相信可以有智慧的解決。（記者陳建志攝）藍白合在竹北市瀕臨破局，彰化縣長選舉民眾黨又傳出想要推人參選，對於藍白合接下來的發展有何看法？台中市長盧秀燕今天出席「台中戰鬥陀螺嘉年華」時受訪直言，團結合作從來不是一條容易的路，但「合則兩利、分則兩敗」；國民黨台中市長參選人、立法院副院長江啟臣則認為，政黨合作需要時間磨合，但只要回歸「以民為本」的思考，相信可以有智慧地解決。針對藍白合在新竹破竹，台中是否會堅定藍白合？盧秀燕表示，團結合作從來不是一條容易的路，但是只要有團結合作的信念，我們要堅定走下去，「合則兩利、分則兩敗」。請繼續往下閱讀...盧秀燕並說，每個地方的情況不太一樣，擔任主席最辛苦，今天有跟黃國昌主席請益，真的是柴米油鹽醬醋茶，每個地方要整合，還要助選爭取勝利，實在是非常人所為，真的是不容易，要多給他們鼓勵、加油。江啟臣則表示，政黨合作需要時間，也需要大家磨合，其中最重要是誠意、互信，大家有共同理念，更需要不斷的溝通、努力和協調，但是只要政黨對於地方的發展和人民的福祉有共同目標的話，就應該爭取最大的合作空間，這樣才是對人民最有利的事情。江啟臣強調，一個政黨存在的目的，一切最後還是服務人民，任何過程中的困難挑戰，大家只要回歸以民為本的思考，應該還是可以有智慧地去解決。    ,https://news.ltn.com.tw/news/politics/breakingnews/5557338
我們一起追「飛機」！新F-16V將抵志航基地  軍事迷艱苦蹲點連摃2週,政治,2026/08/30 17:48,各方矚目的空軍新購F-16V Block 70戰鬥機，傳聞近日即將抵達台東志航基地，來自台東、花蓮和彰化等地的航迷陸續抵達志航基地外蹲點。（記者劉人瑋攝）各方矚目的空軍新購F-16V Block 70戰鬥機，傳聞近日即將抵達台東志航基地，其實在這2週已有風聲，來自台東、花蓮和彰化等地的航迷陸續抵達志航基地外蹲點，今雖傳出F-16C Block 70已到關島休整，航迷們仍不死心，陣陣大雨後又是極強日曬考驗眾人耐力，直到下午3時許研判已無飛來可能才告放棄。航迷說，等待2週連摃，但「這是台灣軍武歷史，一定要一起見證、不放棄」。美國航迷日前拍攝到2架單座機F-16C Block 70降落在美國夏威夷希卡姆聯合基地（Joint Base Pearl Harbor-Hickam），但由於24日曾傳出2架已到關島，還有人拍下疑似尾翼，讓許多航迷大為振奮。請繼續往下閱讀...等待總是令人感到折磨，昨天已有航迷見到軍方出面清理跑道，有時見到消防車出動，屢屢小動作最終還是落空，讓苦等的眾人空歡喜一場。例如今早先是下起大雨，不少人淋得一身濕，器材也不從車內取出、躲回車內，直到下午又是日照強烈，陽光刺痛皮膚，眾人最後忍不住、紛紛取傘遮蔽。有航迷說，這2週等得十分辛苦，完全不清楚軍方背後運作邏輯，某次自己才剛從彰化坐火車到台東，還沒出車站就聽聞「飛機不來」，果斷搭下班車返家。還有人瞞著妻子要外出工作，卻是揹著相機蹲點，「你國防部是要逼我被太太打嗎？何苦如此？」但也有花蓮來的年輕人，早上蹲點佳山基地拍雷達機，下午飆到台東等F-16C Block 70，毅力驚人。整排人枯坐中華大橋上的護欄，自嘲如今是「那一年，我們追過的飛機」正在進行式，但這是台灣軍武的大歷史，能拍到它抵達基地的一刻也算是親自參與其中，今天就算暫時停止蹲點，來日再戰。台灣這次採購這66架全新F-16V Block 70戰機與空軍現有的F-16V相比，在機體、燃油配置與飛行安全系統上都有不同。其中新機出廠即配備自動防撞地系統（Auto GCAS），在戰機即將撞地時可由系統自動執行避撞動作，足應付1.2萬飛行小時的全新機體結構，並可搭配機背適型油箱（CFT）、新型座艙顯示器及Auto GCAS等配置，軍方預定2028年底前完成現有F-16改裝。從大雨天等到烈日曝曬，航迷毅力驚人、不輕言放棄。（記者劉人瑋攝）今早先是下起大雨，不少人淋得一身濕。（記者劉人瑋攝）    ,https://news.ltn.com.tw/news/politics/breakingnews/5557313
蔣萬安施政挨轟瞎扯前鎮漁港  前鎮區里長反批：天龍果然不懂打狗苦,政治,2026/08/30 17:47,蔣萬安施政挨轟瞎扯前鎮漁港，當地的明孝里長林浤澤（右）怒批「天龍果然不懂打狗苦」。（取自林浤澤臉書粉專）台北市長蔣萬安面對市政爭議，卻瞎扯他不曾到過的前鎮漁港，引發高雄政界撻伐。前鎮漁港所在地的前鎮區明孝里里長林浤澤怒批：「天龍果然不懂打狗苦！」、「不只蔣不聽，還一直蔣幹話，不要說連任市長，連當里長都沒資格」。林浤澤指出，對身在天龍國的蔣萬安來說，前鎮漁港只是小小不起眼、充滿魚腥味的小漁港；3000萬跟81億，對蔣來說，也只是政治攻防的數字。但前鎮漁港是全台最、最、最重要的遠洋漁業基地、年產值超過300多億，50多年沒改建，這次改建不僅是針對港區，連同大草衙地區的淹水、污染問題也一併改善。請繼續往下閱讀...林浤澤強調，政府編列的81億，包含多功能水產品運銷中心27.46億、深水碼頭整建25.24億、港區下水道及污水系統整治15.64億、港區環境改善工程7.74億、多功能船員服務會館4.95億。「3000萬疏濬跟81億全面整修」根本就是兩件不同事，並不是「蔣不聽」跟國民黨所謂的「要五毛給一塊」。林浤澤表示，多功能水產品運銷中心延宕已久、內部動線設計待改善、市場攤商進駐權益等狀況，不論在各場會勘、區里業務會報、跨局處聯合視察會議，他都逐一點出各項問題、並提出建議的改善方案，努力、積極解決民眾的困境，擔任政府及鄉親的溝通橋樑。    ,https://news.ltn.com.tw/news/politics/breakingnews/5557281
自由說新聞》「洋流」狂衝這幕蔣萬安緊張了 藍提前布局2028恐翻車！,政治,2026/08/30 17:36,全新的視界！新聞話題不漏接，快訂閱YouTube 【自由追新聞】，記得開啟小鈴鐺哦！    ,https://news.ltn.com.tw/news/politics/breakingnews/5556967
跟進藍營內部要翁曉玲「安靜」？蔣萬安：全力加大支持庇護工場,政治,2026/08/30 17:32,台北市長蔣萬安重申，國務機要費要刪、要凍或有任何意見，可以有更智慧的做法與處理方式，會全力加大支持庇護工場的力道。（記者方賓照攝）國民黨立委翁曉玲在立法院凍刪國務機要費引發爭議，傳出有藍營首長及立委都希望她能「安靜」；台北市長蔣萬安今被問到會希望翁安靜嗎？會不會影響到選情？蔣重申，國務機要費要刪、要凍或有任何意見，可以有更智慧的做法與處理方式，會全力加大支持庇護工場的力道。蔣萬安表示，之前也說過，對於預算的部分不管是國務機要費，要刪、要凍或是有任何意見，當其實可以有更智慧的做法跟處理方式。請繼續往下閱讀...蔣萬安指出，各界關心這一次影響到許多庇護工場，此部分其實台北市一直以來對於庇護工廠，其就社會參與、照顧身障朋友，都發揮強大影響力，他也都非常支持，包括在議會答詢時等場合曾提到，市府近3年對庇護工場採購超過5000萬元，會持續照顧和支持。他舉例，衛生局最近一年採購數量就超過700萬元，據他了解，幾個在台北的庇護工場也很感謝市府長期支持，一定會全力加大支持力道，也希望民眾、民間團體可以多多採購庇護工廠的產品。    ,https://news.ltn.com.tw/news/politics/breakingnews/5557292
出席青年論壇  賴瑞隆：擴大青年參與、爭取國圖分館,政治,2026/08/30 17:31,賴瑞隆今出席「2026青年新世代：市長候選人論壇」。（記者王榮祥攝）民進黨高雄市長參選人賴瑞隆今出席「2026青年新世代：市長候選人論壇」，分享對交通、產業、演唱會的擘畫，並提及擴大青年參與市政機制、爭取國家圖書館南部分館等理念，爭取更多青年願意在高雄一起打拚。論壇由高雄學生民主聯盟策畫，今在環球百貨Le Phare 共享空間（新左營館）舉行，國民黨高雄市長參選人柯志恩預計下週上陣。請繼續往下閱讀...賴瑞隆表示，他曾任海洋局長、新聞局長等職，因此能用更不同的角度看待高雄，並以棒球為比喻，提到前三位民進黨籍市長為高雄奠定好的基礎，自己擔綱關鍵第四棒，希望讓高雄走向更幸福、宜居的城市。學生民主聯盟轉述學子問題，涵蓋演唱會黃牛票、機車族交通需求、南台灣研究資源不如北部、青年參政的意見鮮少被重視。賴瑞隆逐一說明，特別提及如「市政有學聲」等青年公共參與活動，未來不僅會持續辦理，更會擴大規模，並會透過定期會議、座談等方式，提供青年更多參與市政、表達意見的機會，讓更多年輕世代共同為高雄注入創新與活力。至於許多學生關注的南台灣研究資源不如北部。賴瑞隆說：「希望未來能在南台灣建立如國家圖書館等建設，並推動資源數位化，讓更多資源及人才能留在高雄，成為更國際化的城市」。學生民主聯盟也期待賴瑞隆委員未來若當選市長，能實現今天所說的「讓高雄走上正確的道路」，讓高雄更宜居更幸福，也讓更多青年願留在這座城市打拚。賴瑞隆今出席青年論壇，與青年學生分享市政願景，也回應青年對市政的期待與疑問。（記者王榮祥攝）賴瑞隆詳細解說對高雄的想法。（記者王榮祥攝）    ,https://news.ltn.com.tw/news/politics/breakingnews/5557316
柯文哲稱與綠營決裂從前瞻計畫開始 黃智賢狠酸：想自己當皇帝！,政治,2026/08/30 17:22,民眾黨創黨主席柯文哲。（記者廖雪茹攝）民眾黨創黨主席柯文哲昨天（29日）對小草們說，當初自己與民進黨決裂，是從蔡英文政府推動「前瞻計畫」第一波的基隆輕軌捷運開始，時任總統蔡英文說蓋輕軌要花81億，但現在連個影子都沒有，前瞻計畫砸下去的錢到底跑去哪了？對此，資深媒體人黃智賢跳出來狠打臉，直言柯文哲之所以跟民進黨分道揚鑣，純粹是「自己想當皇帝」！柯文哲週六上午到彰化縣議會演講，對台下小草們分享自己與民進黨決裂是從基隆輕軌案開始，當時該案列為前瞻基礎建設計畫首波，蔡英文宣布要投入81億，但基隆輕軌現在有蓋嗎？沒有，蔡英文推的前瞻計畫根本是假的，錢都不知道跑去哪。他質問，蔡政府編列8800億前瞻預算，大家現在能夠說出這麼龐大的計畫實現那些建設嗎？請繼續往下閱讀...柯文哲還說，他當台北市長時，市府內曾經有位民進黨籍的副祕書長私下跟他表示，國民黨貪，但民進黨其實貪得更狠，國民黨的「餐桌禮儀」至少比較好，吃相不會那麼難看。對此，黃智賢怒轟：「不要臉的邪教主。柯跟綠決裂原因，根本是因為柯文哲要民進黨再次禮讓他，民進黨說好，但你得入黨啊。柯文哲不肯，他要成立政黨，他才不要被民進黨管。而且民進黨人才那麼多，輪不到他選總統。成立一個黨，這樣才可以自己當皇帝，自己搞錢。他認為他吃定綠票，只要再騙淺藍票，就能當總統。吃相難看？不就他自己？柯文哲一人，成功拉低台灣政壇道德水準。」針對柯文哲提到的基隆輕軌案，原先的計畫因為在路權分配、運量需求、轉乘便利性上面臨巨大瓶頸，交通部2020年和雙北及基隆首長召開「北北基軌道路網政策溝通平台」，達成共識，取消原計畫並升級改為興建「基隆捷運」（中運量LRRT系統），而當時的台北市長就是柯文哲。目前基捷第一階段（南港至八堵）已經由行政院核定，先期工程已於2025年12月30日開工，預計2027年全面動工，目標在2034年全線完工通車。     在 Threads 查看    ,https://news.ltn.com.tw/news/politics/breakingnews/5557242
出席三峽戰鬥陀螺大賽 李四川與小朋友嗨玩同樂,政治,2026/08/30 16:59,李四川（左）今到三峽與小朋友對決戰鬥陀螺。（圖由李四川競辦提供）國民黨新北市長參選人李四川今天到三峽出席新北市議員呂家愷舉辦的「得川家康盃戰鬥陀螺比賽」，他賽前與小朋友請益發射技巧，並與小小選手展開「對決」，氣氛融洽溫馨，李四川重申，未來若擔任市長，除延續新北市府的免費營養午餐、生生喝鮮奶等政策，他也將興建「新北BabyBoss 」大型室內兒童親子館，也提供家長更優質的親子陪伴空間。李四川在賽前向小朋友請益，戰鬥陀螺的發射技巧、對戰經驗，小小選手們興致勃勃圍著李四川討論、分享，也有許多家長帶著孩子與李四川合影留念，互動熱烈。輪到李四川上場時，現場也為他大喊「加油」，成功發射陀螺的瞬間，李四川開懷大笑，和大小朋友玩在一起。請繼續往下閱讀...李四川表示，小時候玩的是木製陀螺，和現在的戰鬥陀螺相比，雖然玩法大不相同，但都是不同世代的深刻回憶，更有許多年輕朋友、家長也熱烈參與，是跨世代共融的趣味競技，競賽的過程，還能訓練專注力及培養運動家精神，寓教於樂。他指出，未來若擔任市長，他將興建「新北BabyBoss 」大型室內兒童親子館，以安全、多元、共融為核心理念，打造適合不同年齡、不同需求孩子的成長空間，結合多元共融遊具、感統探索、適性發展、親子共學、學前教育及閱讀體驗等功能，讓孩子在遊戲中學習，在探索中成長。    ,https://news.ltn.com.tw/news/politics/breakingnews/5557251
柯文哲、黃國昌同台「共創尷尬」！ 她揭阿北句句施壓：誰說了算很清楚,政治,2026/08/30 16:58,藍白合竹北破局，柯文哲（右2）當面斥黃國昌（左2）「很多事不是講一講就過去」。（資料照）九合一大選倒數計時，藍白兩黨在竹北市長與彰化縣長提名接連鬧雙包，引發「藍白合」破局危機。前民眾黨主席柯文哲、黨主席黃國昌與國民黨台中市長參選人江啟臣今日同台出席座談，柯文哲會前當面說「很多事不是講一講就過去」，對此資深媒體人詹凌瑀發文直指，這場同台根本是「共創尷尬、擘劃新裂痕」，柯文哲名義上罵藍營，實則是在當面給黃國昌難堪與施壓，同時足以顯現民眾黨現在誰說了算。詹凌瑀在臉書發文指出，今（30）日在台中舉辦的「共創中台灣・擘劃新願景」座談會，會前先上演了一場火藥味十足的政治角力大戲。柯文哲當著媒體直言「群眾情緒不是政黨領袖說轉彎就轉彎」、「很多事不是講一講就過去」、「該善後趕快善後」。請繼續往下閱讀...詹凌瑀續指，字面上看似在對國民黨開砲，但實際上句句都是講給站在身旁的黃國昌聽，白話文就是逼黃國昌把自己與國民黨主席鄭麗文談了什麼交代清楚。黃國昌雖高分貝怒轟國民黨「為了一棵樹放火燒掉整個森林」，但明眼人都看得出來，黃國昌真正的壓力來源並非藍營中央，而是身旁的柯文哲。針對竹北市長提名僵局，詹凌瑀進一步表示，國民黨吳旭智已完成領表，民眾黨邱臣遠也表態參選到底，雙方互不相讓。面對國民黨初選同意書爭議，柯文哲一句「把同意書拿出來看，寫得很清楚」，直接同時將軍國民黨與黃國昌；連新竹縣長楊文科都急得派人表達憂慮關心，顯見地方極度憂心藍白分裂會直接把選票與勝選拱手送給民進黨。詹凌瑀最後直言，柯文哲即便已卸任黨主席，講話分量卻比現任主席更大聲，催促黃國昌與鄭麗文「趕快談一談」的語氣宛如老闆在盯專案進度，狠酸「民眾黨現在到底誰說了算，這場記者會比任何民調都誠實」。    ,https://news.ltn.com.tw/news/politics/breakingnews/5557216
蔣萬安扯前鎮漁港賴瑞隆嗆「來辯」 柯志恩：找我就可以了,政治,2026/08/30 16:54,高雄市長民進黨參選人賴瑞隆（左2）要找蔣萬安辯論前鎮漁港，國民黨參選人柯志恩（右2）說找她辯論就可以了。（記者王榮祥翻攝）民進黨高雄市長參選人賴瑞隆看不慣台北市長蔣萬安扯前鎮漁港，怒嗆下戰帖公開辯論，國民黨高雄市長參選人柯志恩認為，賴瑞隆不用跨縣市找錯對象，找柯志恩辯論就可以了。柯志恩說，前鎮漁港以81億元經費整建當然樂觀其成，但是裡面的很多細節，包括攤商在意的流理台動線、租金太貴等問題，至於本來要進駐的攤商觀望，這些細節才應是選區立委要關切的，賴瑞隆委員既然宣稱爭取81億元，這些細節問題不能一手就全部丟給政府處理。請繼續往下閱讀...柯志恩質疑賴瑞隆為什麼沒好好關心這些細節，這些都可以談，包括賴瑞隆質疑她砍了高雄200億元預算，這個數字怎麼來？大家可以好好說清楚，最重要就是外界非常關心的產業問題、國際化問題，還有派系會不會壟斷整個高雄市，這些問題都可以好好辯論清楚。柯志恩喊話賴瑞隆，所以不用跨縣市找蔣市長，基本上找柯志恩就可以，非常嚴陣以待、樂觀其成（辯論）。    ,https://news.ltn.com.tw/news/politics/breakingnews/5557267
陳時中南下挺賴瑞隆 痛批對手：靈魂沒法照專業投票怎做市長？,政治,2026/08/30 16:54,陳時中南下挺賴瑞隆，質疑「柯候選人」靈魂沒照專業走，自己都做不了自己主人、怎麼當市長？（記者王榮祥攝）行政院政務委員陳時中今指出，「柯候選人」也說過凍結行政人員薪資是違法，結果還是投贊成票，靈魂沒辦法照著專業投票，這樣是要怎麼做市長？陳時中今南下高雄為民進黨高雄市長賴瑞隆站台，他稱讚賴瑞隆在立法院支持中央政策，且能考慮到高雄的需要，以及國家預算的需要，提出最好方案；在防疫時，他在相關醫療政策都做得有夠讚，在地方也有能力與各位市議員配合，照顧大家的需求。請繼續往下閱讀...他話鋒一轉，說明自己有點不喜歡批評別人，但小小批評一下「我們的對手」，我們的對手都在凍結行政院的薪水，真的很難看，「柯候選人」也說不能這樣凍結薪資，「我的特別費很早就被刪除了」。陳時中說，那些人有頭腦、有專業，但是他們票怎麼投？他們也是投贊成票！靈魂沒有辦法照著專業投票，這樣人是要怎麼做市長？看一個人不用看很多，重點看一兩樣就可以，如果她的行事無法落實她的專業，那專業有什麼用？這種人能帶領高雄這麼進步的都市往前走嗎？自己的主人都無法做了，如何做市民的主人？如何帶市民往前走？    ,https://news.ltn.com.tw/news/politics/breakingnews/5557277
還是沒道歉！10歲女童遭猥褻案 蔣萬安：檢討彌補漏洞,政治,2026/08/30 16:51,台北市長蔣萬安出席信義線東延段通車典禮受訪。（記者方賓照攝）台北市一名10歲女童遭猥褻案，市長蔣萬安昨天在臉書發文說明事件處置原委，但被炮轟沒有一句道歉，對此，他今天受訪時，一改日前在議場上跟質詢議員脣槍舌戰惹毛民代的態度，費時2分06秒好好回應相關議題，雖然內容多有重複，但至少態度誠懇，也有強調全面檢視制度跟機制面，看看哪裡可以做得更完善，「相信一定有，將檢討與彌補可能的漏洞」，避免憾事再度發生；不過他還是沒有道歉。蔣萬安表示，他要再次表達對於發生任何兒少事件，表達非常心痛與不捨，這件事情上，第一線社工、家防中心或各單位積極介入，擬定安全計畫與評估，過程中也進行各項訪視、面談、課程和心理輔導。女童安置後受到良好照顧，希望她能平安生活且健康長大。請繼續往下閱讀...針對兒少保護事件，蔣萬安指出，一直以來也都認為，永遠可以持續做得更好，市府會全面檢視制度跟機制面，看看哪裡可以做得更完善，讓社會安全網能夠更緊密，允諾定會好好檢視，從制度面補上，未來不要再有憾事發生。媒體追問，蔣於臉書貼文但被質疑未道歉；蔣萬安回應，臉書貼文也談得很清楚，這起事件他感到心痛、不捨、難過，第一線依照現有機制專業評估及擬定安全計畫，連結各機關和單位共同執行，採行各項面談、訪視、關懷、課程和輔導，也會檢視是不是可以做得更好，相信一定有，會去檢討與彌補可能的漏洞。蔣萬安說，審計部報告是就各縣市目前發生的兒少保護事件，並再次強調會要求社會局等各單位好好檢視，制度、機制等各面向哪些地方可以做得更好，願意改進與精進。☆自由電子報關心您：若懷疑孩童遭受身體虐待、精神虐待或是性侵害、性騷擾，請撥打113專線，透過專業社工員接線服務，將可盡快救援在生命危機中的兒童。☆    ,https://news.ltn.com.tw/news/politics/breakingnews/5557268
庇護工場風波翁曉玲被要求閉嘴？ 藍黨團幹部反批民進黨惡意扭曲,政治,2026/08/30 16:32,國民黨立委翁曉玲提案刪除總統府國務機要費，導致庇護工場月餅訂單被取消，引發黨內抱怨。（資料照）國民黨立委翁曉玲提案刪除總統府國務機要費，導致庇護工場月餅訂單被取消，引發黨內抱怨，有縣市首長表達「希望翁曉玲能夠安靜」，甚至嚴重到國民黨團總召傅崐萁致電叫翁「閉嘴」。國民黨團書記長林沛祥今日表示，是賴清德總統、行政院長卓榮泰兩人知法犯法、玩法弄法，甚至違法，翁曉玲要求他們必須撥亂反正、改邪歸正以後，才能使用人民納稅錢，這在法理上是沒有錯的，但他很佩服也厭惡的是民進黨的宣傳能力，把一件對的事情講得好像是她在惡搞、胡搞瞎搞，惡意扭曲到不行。據了解，國民黨立委在群組裡抱怨此事引發外溢效應，收到不少選民的負面反映，甚至傳出有藍委私下發起，未來可能不會再幫翁曉玲連署爭議提案。黨務人士表示，甚至有聽到有立委在問，是不是可以拔掉她的不分區，該人士說，害到大家沒票、黨的形象受損，開除黨籍也不為過。請繼續往下閱讀...林沛祥表示，翁曉玲是學者出身、個性耿直，若這件事在法理上是對的，她會認為為什麼不能堅持。「總是會有人去跟她談，相信聊久了她就會慢慢軟化」。林沛祥說，翁曉玲的很多想法，在她的中心思想是沒有錯的。當立法院三讀通過的法律總統不公布、行政院不副署，違憲去擴張憲法解釋權的時候，這本來就是錯的，這些事情為什麼會變成好像是翁曉玲的錯？他一直百思不得其解。林沛祥表示，嚴格講起來，是賴總統、卓榮泰兩人知法犯法、玩法弄法，甚至違法，翁曉玲要求他們必須撥亂反正、改邪歸正以後，才能使用人民納稅錢，這在法理上是沒有錯的，但他很佩服也厭惡的是民進黨的宣傳能力，把一件對的事情講得好像是她在惡搞、胡搞瞎搞，惡意扭曲到不行。    ,https://news.ltn.com.tw/news/politics/breakingnews/5557255
外媒記者曝花蓮賄選嚴重 藍營：不該一竿子打翻,政治,2026/08/30 16:25,花蓮賄選風氣嚴重，一直都是地檢署查緝重點，代理檢察總長徐錫祥六月就親自到花蓮啟動查賄活動。（記者王錦義攝）前《金融時報》（Financial Times）駐台記者席佳琳（Kathrin Hille）接受民視新聞專訪，談到台灣民主時，她提及長期居住的花蓮，直呼「那邊所有的票都是買的」，形容花蓮選舉賄選嚴重。民進黨花蓮縣議員胡仁順受訪說，民進黨依靠理念與群眾募款進行乾淨選舉，不買票、不綁樁是核心價值；而藍營民代則多數拒訪，不過私下認為席佳琳講的太誇張，認為「一竿子打翻」，質疑：「難道蕭美琴的選票也是買的？」。胡仁順說，花蓮選舉風氣不好這件事也不是新鮮事，長年都是檢調喊大力查緝、最終還是沒什麼結果，希望這次抓得到啦，也不要是外國人講才認真要查。強調民進黨資源少，多數民進黨基層候選人在選舉中，依然透過徒步掃街、舉辦政見發表會等低成本、公開透明的方式爭取選民認同，並積極響應司法機關的「反賄選、要檢舉」政策。請繼續往下閱讀...花蓮賄選風氣嚴重，一直都是地檢署查緝重點，代理檢察總長徐錫祥今年6月就親自到花蓮啟動查賄活動，花蓮地檢署強調，有關賄選案都積極偵辦中，為維護選舉之公平、公正，有賴全體民眾共同參與，各參選人切勿以身試法。而依據《公職人員選舉罷免法》第112條規定，政黨推薦之候選人若犯特定妨害選舉罪，如賄選、搓圓仔湯等，該政黨將面臨連坐裁處罰鍰，花蓮的國民黨一直都是繳納罰鍰的大戶。依據花蓮縣選舉委員會資料，2012年，國民黨花蓮縣黨部因2009年三合一選舉中，推薦的光復鄉長候選人賄選遭判刑確定，花蓮縣選舉委員會決議依《選罷法》對推薦政黨裁罰455萬元，該次光復鄉長選舉甚至創下台灣地方自治史「3名國民黨候選人全因賄選被羈押進看守所」的空前紀錄。2016年，國民黨提名的花蓮縣秀林鄉民代表候選人，因在2014年九合一選舉中賄選，被判刑2年6個月確定。花蓮縣選委會召開委員會議後，認定國民黨屬累犯，決議連坐處罰國民黨315萬元。2025年，國民黨提名參選地方鄉鎮市民代表的詹姓參選人，因賄選被法院判決有罪及當選無效確定。花蓮縣選舉委員會依再度對國民黨裁罰85萬元。席佳琳受訪表示，她現在住在花蓮鄉下，直言「那邊所有的票都是買的」，她的鄰居會透露「誰來過」，並把現金放在桌上說「今年一票多少」，讓她不可思議直呼：「你台灣都民主化多少年了？」席佳琳派駐過台北、北京、莫斯科採訪；談到台灣未來時，她呼籲台灣全民要有共識，確定「我們是誰」，並努力活下來、保留自由。    ,https://news.ltn.com.tw/news/politics/breakingnews/5557248
台青上海出差遭審問6小時  學者籲找出「哪些人」個資被鎖定,政治,2026/08/30 16:24,一名台灣青年前往上海出差時，因畢業後曾於國際特赦組織打工，在通關時遭中共海關攔下，由便衣官員帶至密室進行高壓審問長達6小時。（歐新社檔案照）一名台灣青年前往上海出差時，因畢業後曾於國際特赦組織打工，在通關時遭中共海關攔下，由便衣官員帶至密室進行高壓審問長達6小時，最後主動放棄入境才平安回台。學者今日分析，如果連本人都已經淡忘的工作經歷，中國還能夠辨識，代表中國對台灣民眾的資料掌握，已經深入到個人的過往經歷。該名青年的家長在社群平台Threads貼文揭露，兒子日前前往上海出差，通關時疑因曾任職於被中共視為「境外非政府組織」的國際特赦組織而被攔下，隨後被3名便衣官員帶至密室高壓審問6小時，除要求解鎖手機檢查通訊軟體與相簿外，更追問工作內容、資金來源及是否涉及中港藏疆人權等問題。請繼續往下閱讀...對此，東海大學陸研中心副執行長洪浦釗受訪表示，如果這起事件經查證屬實，必須高度重視。中國在意的已不只你是誰，過去接觸哪些敏感議題、參與哪些組織、與誰往來，都可能成為入境盤查的依據。洪浦釗指出，近期已有台灣公務員、警察、法官等特定身分人士赴中遭到盤查。這次當事人多年前曾在人權組織短期工作，入境時遭到盤查。如果連本人都已經淡忘的工作經歷，中國還能夠辨識，代表中國對台灣民眾的資料掌握，已經深入到個人的過往經歷。洪浦釗提及，公開履歷、社群媒體、組織資料或過去外洩的個資，都可能成為中國盤查的資料來源。台灣過去曾發生多起大規模個資外洩事件，政府應協助當事人釐清相關資訊曾經出現在哪些地方，並比對近年國人赴中遭盤查的案例，了解中國掌握台灣民眾資料的範圍與來源。洪浦釗分析，一支手機裡有家人、朋友、同事及工作往來的資訊，檢查一個人的手機，就有機會取得更多台灣民眾的資料，甚至掌握相關的人際與工作網絡。國人赴中除了注意自身安全，也必須留意隨身數位裝置的資料安全，避免個人與工作資訊遭到取得。他建議，當事人及家屬願意公開這段經歷非常重要。政府應鼓勵國人通報相關遭遇，系統性整理近年案例，並與過去個資外洩事件進行比對，找出中國鎖定哪些人、資料從哪裡來，以及如何運用在入境盤查。這些資訊應轉化為具體的赴中風險警示與指引，讓國人在出發前就知道哪些工作經歷、組織參與或人際關係可能引來盤查，甚至避免前往。    ,https://news.ltn.com.tw/news/politics/breakingnews/5557231
藍白狂延會180案卻拖過期！莊瑞雄：政治算計擺前面 國會責任擺一邊,政治,2026/08/30 16:22,民進黨團幹事長莊瑞雄。（資料照）藍白聯手在本屆立法院會期創下史上最長延會紀錄，卻未展現應有的議事效率，累積超過180案的預決算案、財團法人預決算及行政命令等多數議案超過法定審查期限。民進黨團幹事長莊瑞雄今批判，藍白把延會搞成常態，理由講得再漂亮，最後還是要看延會期間到底做了什麼；如今超過180件該審的預決算、行政命令等案件擺到逾期，已經狠狠戳破「延會是為了拚議事」這套說法。莊瑞雄質疑，當多位立委陸續捲入司法案件，藍白卻一次又一次延長會期，難免讓外界質疑，延會究竟是在延長議事時間，還是在延長涉案立委的保護傘。請繼續往下閱讀...更荒謬的是，莊瑞雄批判，其中不少案子還是藍白自己要求交付委員會審查，結果拿到手之後，不排、不審、不處理，甚至展延期限後還能再次逾期；碰到政治攻防，排案、表決一件比一件快；輪到真正該做的國會監督，卻一拖再拖。這不是沒有時間，而是政治算計擺前面，國會責任擺一邊。莊瑞雄強調，延會如果真的是為了做事，人民當然不會反對；但現在看到的卻是會期愈延愈長，正事沒有多做，保護傘的質疑反而愈來愈大。該審的案子拖過期，該收的保護傘卻一直延期，這樣的延會，到底是在拚國會議事，還是在拚司法保護期？人民選立委是來替國家做事，不是讓立法院變成任何人的司法避風港。    ,https://news.ltn.com.tw/news/politics/breakingnews/5557243
蕭美琴力挺苗栗綠營青年後援會 盼團結改變地方,政治,2026/08/30 16:07,民進黨苗栗縣長參選人陳品安（左2）、苗栗市長參選人林月琴（右1）、卓蘭鎮長參選人陳春暖成立青年後援會，副總統蕭美琴（右2）到場力挺。（記者張勳騰攝）民進黨苗栗縣長參選人陳品安、苗栗市長參選人林月琴、卓蘭鎮長參選人陳春暖今（30）日成立青年後援會，三人攜手集結青年力量，展現女性參政、世代合作的嶄新氣象，也要讓更多青年參與地方公共事務，一起改變苗栗。副總統蕭美琴也到場力挺，她並以自己花蓮參選經驗，感同身受苗栗是艱困選區，期待集結苗栗的團結力量，大家相互幫忙，付出努力，期待苗栗能改變。陳品安等三人今天在苗栗市成立青年後援會，並頒贈顧問證書，三人均提出青年政策，強調將未來將攜手青年一起參與地方事務，讓家鄉更好。陳品安則提出青年4D政策，她主張讓青年站上決策位置，推動參與式決策與參與式預算，將預算權與權利真正交給青年，她也呼應賴清德總統青年百億海外圓夢計畫的精神，未來在縣政府也設立海外求學基金，提供無息貸款，可以安心求學，學成之後貢獻苗栗。請繼續往下閱讀...陳品安表示，青年創業面臨房東可能收回的困擾，她主張縣府出資整理老屋與閒置空間，包租代管模式訂立長期租約，活化空間確保租屋的穩定性，縣府投資也不大，創造三贏局面；此外，由縣府設天使基金，提供青年貸款第一桶金創業，讓更多年輕人留下來，甚至是更多本來不是苗栗的人，都願意一起當苗栗人。蕭美琴指出，只要是中央的資源，要去考量到過去長期資源分配城鄉差距不均等議題，所以有一些新的公共政策、建設及公共工程包含基礎建設等，都要特別考量到均衡台灣的精神，更透過強而有力的政治工作者，因地制宜落實。蕭美琴並以自己在花蓮的參選經驗，感同身受苗栗是艱困選區，肯定陳品安、林月琴及陳春暖有勇氣與堅持，要讓苗栗家鄉更美好，就像在花蓮的鏟子超人一樣，她相信苗栗也有很多的超人，都願意相互幫忙跟付出努力，讓苗栗這個地方更好。民進黨苗栗縣長參選人陳品安、苗栗市長參選人林月琴、卓蘭鎮長參選人陳春暖成立青年後援會，副總統蕭美琴（中排右4）到場力挺，並頒贈青年顧問證書。（記者張勳騰攝）    ,https://news.ltn.com.tw/news/politics/breakingnews/5557228
漏網鏡頭》沈伯洋被數百民眾包圍合影  80分鐘走不進永春市場,政治,2026/08/30 15:50,台北市長參選人沈伯洋走訪永春市場拜票，民眾爭相與他擊掌、握手，現場互動熱烈。（記者陳逸寬攝）台北市長參選人沈伯洋今（30日）前往永春市場拜票，在地市議員許淑華、張文潔、洪健益及市議員參選人郭凡一同出席，吸引數百名民眾熱情迎接。沈伯洋沿途與民眾握手、擊掌及合影，光是排隊合影就花了80分鐘，最後在幕僚催促下趕往下一個行程，來不及進入市場內掃街。現場民眾準備各式「應援」，有人特地繪製《洋流》油畫，請沈伯洋簽名留念；也有人帶著沈伯洋擔任補教老師時出版的《撲馬老師開講—刑法分則Q》與他合照。買菜婦人請沈伯洋在安全帽上簽名，還有婦人伸手「偷摸」他的臉頰，當場讓「撲馬」害羞不已；復興國中校友也特地帶著畢業紀念冊到場，與沈伯洋重溫昔日同窗回憶。請繼續往下閱讀...此外，前里長送上粽子，取「包中」之意祝福沈伯洋當選。沈伯洋遇到行動不便的民眾時，親切蹲下與對方寒暄合影，並親自幫忙推輪椅，現場互動氣氛溫馨。台北市長參選人沈伯洋走訪永春市場拜票，吸引許多熱情民眾揮旗高喊「當選」，現場氣氛熱烈。（記者陳逸寬攝）台北市長參選人沈伯洋走訪永春市場拜票，復興國中校友特地帶著畢業紀念冊與他合影。（記者陳逸寬攝）買菜婦人請沈伯洋在她頭上的安全帽簽名。（記者陳逸寬攝）前里長送上粽子，取「包中」之意祝福沈伯洋當選。（記者陳逸寬攝）民眾特地繪製《洋流》油畫，請沈伯洋簽名留念。（記者陳逸寬攝）民眾帶著沈伯洋擔任補教老師時出版的《撲馬老師開講—刑法分則Q》與他合照（記者陳逸寬攝）沈伯洋遇到坐輪椅的婦人，親切蹲下與她寒暄合影。（記者陳逸寬攝）沈伯洋遇到熱情婦人「偷摸」臉頰，互動逗趣。（記者陳逸寬攝）    ,https://news.ltn.com.tw/news/politics/breakingnews/5557214
侯友宜喊「下一棒就是李四川」蘇巧慧：不分黨派一起為新北努力,政治,2026/08/30 15:48,蘇巧慧（麥克風前）說，這幾年來她與侯友宜一起在不同的位置為新北市努力。（記者黃政嘉攝）年底選戰升溫，新北市長侯友宜今早受訪說，從一開始他就非常明確跟大家報告，他的下一棒就是國民黨新北市長參選人李四川，全力支持他繼續為新北市民服務；民進黨新北市長參選人蘇巧慧受訪回應，這幾年來她與侯友宜一起在不同的位置為新北市努力，大家的方向都一樣，她希望保持這樣的態度，不分黨派一起為市民努力，她強調「我會打造一個不分黨派、全力推進的新北市團隊」。蘇巧慧今午出席勞工團體後援會成立大會前接受媒體聯訪，對於侯友宜今早說他一開始就明確表示支持李四川一事，媒體詢問蘇巧慧，此舉會對新北市的選情造成什麼影響？以及她對侯友宜的態度上，會有什麼變化？請繼續往下閱讀...蘇巧慧表示，侯友宜現在是新北市的市長，這幾年來，也一起在不同的位置上，為新北市而努力，其實大家的方向一樣，都是在為新北，所以她一向主張，只要是為新北好的、為民眾好的事情，其實不分黨派，大家都一起來努力。她說，就像昨天，她也才跟侯友宜一起在五股、在林口視察交流道，也都很高興看到中央出錢、地方出力，這樣一個交流道很快，甚至可以提早通車，這就是新北重大的市政建設。她希望未來可以繼續保持這樣的態度，在所有對新北有益的事物上，都可以不分黨派一起來努力，「我也會打造一個不分黨派、全力推進的新北市團隊」。    ,https://news.ltn.com.tw/news/politics/breakingnews/5557203
賴銀柱選不選彰化縣長？民眾黨部主委：9/4見真章,政治,2026/08/30 15:41,民眾黨彰化縣黨部副主委、企業家賴銀柱是亨將精密工業董事長，也是「台灣第一筷」品牌創辦人。（大草原協會提供）針對民眾黨彰化縣黨部昨天（29日）力拱副主委賴銀柱參選彰化縣長，現任黨主席黃國昌今天（30日）在台中表示，台灣民眾黨信守承諾，在彰化沒推出縣長候選人打算。對此，民眾黨彰化縣黨部主委温宗諭強調，目前尚未確認賴銀柱意願，但會尊重其選擇，也會跟黨中央進行審慎評估，9月4日就會見真章。温宗諭表示，賴銀柱目前在進行為期12天的「環彰健行」，正走到芳苑鄉，賴銀柱對於民眾黨的理念有其執著與熱情，黨中央有黨的立場，認為彰化縣不推縣長參選人，但是基層對此感到非常焦慮，因為藍營所推出的人選支持度沒有提升，欠缺強而有力的母雞來打選戰，才會希望民眾黨可以提名自家的參選人，來拉抬選情。請繼續往下閱讀...溫宗諭指出，彰化縣長選戰還有許多中間選民尚未表態，這都是黨部與基層參選人希望自提縣長人選的重要考量，但最重要的是尊重賴銀柱的參選意願，也將與黨中央進行審慎評估。今年公職選舉登記日的最後一天9月4日，黃國昌將到彰化縣帶領爭取連任的縣議員張雪如、吳韋達，以及提名的議員參選人蘇智弦、洪雅婷、高采翎等人，進行聯合登記。其餘民眾黨提名的鄉鎮市代表等人也會到場。因此，賴銀柱到底會不會參選彰化縣長，9月4日就會見真章。賴銀柱不只是民眾黨彰化縣黨部副主委，本身就是成功企業家，擔任亨將精密工業董事長，也是「台灣第一筷」品牌創辦人，品牌經營有聲有色。民眾黨彰化縣黨部副主委賴銀柱（左1）正在進行「環彰健行」。（民眾提供）    ,https://news.ltn.com.tw/news/politics/breakingnews/5557199
竹北藍白合破局！徐欣瑩稱無權決定 柯文哲問她對「合作」的理解,政治,2026/08/30 15:33,民眾黨創黨主席柯文哲（中）今受訪時，反問國民黨新竹縣長參選人徐欣瑩對於兩黨合作的理解是什麼？請徐自己出來講，不要透過他人。（記者廖雪茹攝）民眾黨前天宣布「竹北市長選舉藍白合破局」，國民黨新竹縣長參選人、立委徐欣瑩辦公室先拋「相忍顧大局」，昨又回應她「無權決定，自無失信於政治盟友」。民眾黨創黨主席柯文哲今受訪時，反問徐欣瑩對於兩黨合作的理解是什麼？請徐自己出來講，不要透過他人；民眾黨竹北市長參選人邱臣遠則直言，如果支持者的情緒發酵，政黨領袖必須客觀理性地處理，「星星之火可以燎原，希望大家面對」。民眾黨前天宣布「竹北市長選舉藍白合破局」，黨主席黃國昌昨在新竹受訪，喊話全力輔選竹北市長參選人邱臣遠。徐欣瑩則透過辦公室表示，藍白兩黨之間確實存在一些認知上的差異，不希望因為不同理解，讓原本希望合作的善意，最後演變成彼此傷害；並強調對兩黨合作的立場從未改變，就「兩黨有共識，全力配合」，她沒有權力決定，自然不會失信於政治盟友。請繼續往下閱讀...柯文哲下午出席竹北水樂園活動，對於上述徐辦的回應，他受訪表示，徐欣瑩對兩黨合作的理解是什麼，請她再說明一下。他直言，徐要自己出來講，不要每次都透過外圍的人發言，「我是很客觀的人，要合作就要合作。所以我還是一樣，黃國昌跟鄭麗文趕快去討論一下，看後續怎麼處理。」邱臣遠則重申，兩黨合作最重要的還是誠信跟信任，黃國昌主席已經多次對外喊話，柯主席在這兩天也對外說明，但是很可惜沒有看到徐欣瑩委員本人出面回應，僅透過發言人，「我必須要說『人無信則不立，國無信則衰』，誠信還是政府對人民重要的承諾，也是各政黨對人民重要的政治資產」。邱臣遠說，這幾天，他並沒有感受到所謂的理解跟誠意，「因為我們實際碰到的還是地方上的壓力，甚至是支持者情緒的高漲。不管是小草還是民眾黨的支持者，大家其實都情緒高漲，也都自主性發起行動要支持我」。邱臣遠指出，溝通的過程必須要用智慧，「但是支持者的情緒如果起來的話，政黨領袖必須非常客觀理性地處理。星星之火可以燎原，我們希望大家還是要理性地面對這些事情。」    ,https://news.ltn.com.tw/news/politics/breakingnews/5557191
柯家遭搜索滿2年！陳佩琪痛訴如重鬱症發作：帶進棺材燒成灰也不忘,政治,2026/08/30 15:28,柯文哲妻子陳佩琪。（資料照）前民眾黨主席柯文哲因京華城案一審被判17年有期徒刑，高等法院預計9月8日二審首度開庭。適逢柯文哲住家遭檢調搜索滿2週年，妻子陳佩琪今日在臉書發長文痛訴心境，直言心痛如重鬱症發作般喘不過氣，更痛批司法與媒體追殺，最後烙下重話表示「會將這一刻帶進棺材裡，燒成灰也不會忘記」。陳佩琪今天在臉書發文回憶兩年前住家遭搜索前的日子，透露當時因大批媒體每日在門口堵訪，連兒女都嚇到不敢回家住，自己甚至得躲在窗台觀察外頭、最後被迫住進便宜旅館才能正常出門上班。請繼續往下閱讀...她駁斥當時外界指控「夫妻準備潛逃美國」的說法，痛批那是早就規劃好的私人旅遊與公務行程，怒轟「現在兩周年過去了，黑也黑到了，我們夫妻也如青鳥綠媒的期待、被這個社會處死了，這就是活在號稱民主自由台灣的下場，我們有這種司法、媒體， 還敢號稱自己有自由民主？ 賴清德，你要不要看看在民進黨主政下的台灣，司法和媒體是被你玩成什麼樣子的，真的是X」。針對京華城案判決，陳佩琪為柯文哲大聲喊冤，質疑容積率是由委外獨立的都委會專業決定，委員無罪卻將圖利罪名強加給市長，邏輯極度荒謬，「就算是要往前推好了， 先生說他當市長，底下都發局和工務副市長送公展文上來，他當市長，難道要懷疑底下送這公展文上來有問題？要自掏腰包請個法律顧問在旁、看看有沒有人要故意陷害他？」對於法官認定公展文未會辦公務法務局有罪、以及便當會指派彭振聲當專案經理（PM）是圖利證據，她強調黃珊珊作證時已清楚說明那是追蹤進度且早已擬定好的流程，怒斥檢法根本是欲加之罪、何患無辭。陳佩琪更質疑，檢察官及法官是為了判處10年以上重刑、拔除柯文哲參選公職與黨主席的資格，才拿一筆柯文哲不知情的210萬元政治獻金強扣貪污圖利罪名。文末她悲憤感嘆「悲哉台灣」，直言台灣的命運被胡搞瞎搞的檢察官及法官所決定，強調「今天發文時間是他們這些人來的時候，我會把這一刻帶進棺材裡，燒成灰也不會忘記，我會永遠記住、永遠記得這一刻」。    ,https://news.ltn.com.tw/news/politics/breakingnews/5557122
新竹棒球場案 柯文哲嘆台灣司法信任度很糟糕,政治,2026/08/30 14:58,針對新竹市棒球場案，民眾黨創黨主席柯文哲今受訪時，批台灣司法信任度「很糟糕」，最後嘆氣「我不想回應了」！（記者廖雪茹攝）新竹地檢署近日偵結新竹市立棒球場新建統包工程案，認定前新竹市長林智堅在內的公務員及巨佳營造統包商等人，均無收賄或圖利事證，予以不起訴處分。對此，民眾黨創黨主席柯文哲今受訪時，先說「沒有看法」，續批台灣司法信任度「很糟糕」，最後嘆氣「我不想回應了」！柯文哲今天下午2點現身新竹縣竹北市兒十公園，由竹北市長參選人邱臣遠、新竹縣議員參選人游雅婷參、竹市議員參選人施淑婷、竹北市民代表參選人林瑞德等陪同，出席民眾黨「夏日水花派對 竹北水樂園」，活動前受訪。請繼續往下閱讀...媒體提問對於新竹市立棒球場案的檢方偵結結果，柯文哲表示，沒有看法。接著說，司法應當是國家最後道防線，要被人民信任，所以這很糟糕，現在台灣司法社會信任度才多少，這很嚴重！柯文哲表示，政治要講誠信，司法是要公平，「算了，我不想回應了」。    ,https://news.ltn.com.tw/news/politics/breakingnews/5557168
創最長會期卻怠審180案！郭昱晴轟：藍白為躲司法 邊延會邊偷懶,政治,2026/08/30 14:54,民進黨立委郭昱晴。（資料照）藍白立委在本屆會期創下立法院史上最長會期紀錄，卻累積超過180案的預決算案、財團法人預決算及行政命令等多數議案超過法定審查期限。民進黨立委郭昱晴今痛批，這一屆看到藍白陣營不斷主導延會，背後的動機不難看出就是為了躲避司法調查，把國會當成個人的司法保護傘。最讓人不能接受的是，他們一邊延會卻一邊偷懶，導致高達180多個議案全部過期空轉。郭昱晴批評，不管是國防部、國安局的預決算案，還是攸關勞工權益的「就業安定基金」和食安法規，通通逾期未審。更諷刺的是，像「法庭錄音錄影辦法」這些案子，明明是民眾黨自己要求送審的，結果自己不排審，活生生放到兩度過期。請繼續往下閱讀...「這種只顧政治惡鬥、踐踏立委職責，真的要適可而止！」郭昱晴呼籲，這屆藍白荒腔走板的行為，相信全民都看在眼裡。    ,https://news.ltn.com.tw/news/politics/breakingnews/5557176
國民黨信奉鞭刑就修法！ 莊瑞雄：貪污要不要鞭？,政治,2026/08/30 14:44,民進黨團幹事長莊瑞雄。（資料照）中央選舉委員會28日審議立法院送出的3項公投案，最後否決「鞭刑入法」及「交通罰鍰專款專用」2項，引發國民黨不滿。民進黨團幹事長莊瑞雄今直言，國民黨既然對鞭刑如此推崇，又掌握國會多數，何必只停留在公投口號？大可以直接提案修法，讓大家看看這條鞭子到底準備打誰。莊瑞雄指出，如果真的認為鞭刑可以嚇阻犯罪，那就提案修《刑法》第33條，把鞭刑列入主刑；既然主張重刑嚇阻，「貪污治罪條例」涉及收賄、圖利等犯罪，是不是也應該一視同仁？總不能詐欺要鞭、性侵要鞭，碰到政治人物可能涉及的犯罪，鞭子突然就收起來了。請繼續往下閱讀...莊瑞雄批評，犯罪問題千百種，國民黨的答案卻永遠只有一條鞭子；既然這麼信奉鞭刑，就把法案提進立法院，大家公開討論。否則鞭子只敢往外揮，碰到自己人可能涉及的犯罪就不敢提，人民難免會問，講了半天，難道還是「刑不上大夫」？    ,https://news.ltn.com.tw/news/politics/breakingnews/5557164
蕭美琴訪苗栗 「開箱」陳品安苗栗縣長競選總部,政治,2026/08/30 14:43,蕭美琴訪苗栗，「開箱」陳品安苗栗縣長競選總部。（記者蔡政珉攝）副總統蕭美琴今天蒞苗，蕭美琴上午與民進黨提名參選苗栗縣長的縣議員陳品安前往苗栗縣苑裡鎮參加山腳教會啟用感恩禮拜，之後轉往現身苗栗市陳品安青年後援會成立大會，今天中午則至陳品安位於頭份市的苗栗縣長競選總部「開箱」。蕭美琴在陳品安介紹下，了解陳品安競選總部內部關於「苗栗」的設計理念，之後前往陳品安競總特別設置的親子互動區，與陳品安共同坐下與小朋友同樂，身為「二寶媽」的陳品安並讀繪本內容給一旁小朋友，讓競選總部充滿與傳統有別的大、小朋友歡笑聲。請繼續往下閱讀...陳品安隨後也向蕭美琴介紹競選總部設置的「幸福留聲機」，蕭美琴拿起聽筒，說出對陳品安的期許並加油打氣，「幸福留聲機」也將蕭美琴的鼓勵錄下；「啟用」幸福留聲機後，陳品安向蕭美琴介紹競選小物，包括特別為蕭美琴量身訂做、印有蕭美琴名字的苗栗隊棒球夾克，蕭美琴也穿上鼓舞。蕭美琴提到，陳品安原在台北擔任律師，為了服務苗栗舉家搬到苑裡定居，為苗栗縣民打拚。蕭美琴也跟與會的苗栗市長參選人林月琴、頭份市長參選人曾玟學、竹南鎮長參選人葉忠倫一一致意。蕭美琴訪苗栗，「開箱」陳品安苗栗縣長競選總部。（記者蔡政珉攝）蕭美琴訪苗栗，「開箱」陳品安苗栗縣長競選總部。（記者蔡政珉攝）    ,https://news.ltn.com.tw/news/politics/breakingnews/5557161
蔣萬安推「生生喝鮮奶3.0」 吳欣岱轟：政治作秀、粉飾太平,政治,2026/08/30 14:40,台灣基進台北市內湖、南港區市議員參選人吳欣岱。（取自吳欣岱臉書）明天即將開學，台北市卻面臨嚴重的教師荒、營養午餐招標倉促以及兒少保護網破洞等三大危機。針對台北市長蔣萬安選擇在開學第一天大動作宣布「生生喝鮮奶3.0」政策，台灣基進台北市內湖、南港區市議員參選人吳欣岱今（30）日發表聲明強烈抨擊，痛批蔣市府捨本逐末，在一項未見實質健康成效追蹤的鮮奶政策上狂撒逾2.5億元預算，卻對教育現場與社會安全網的千瘡百孔束手無策，呼籲市府正面回應預算流向與政策成效，停止用發放免費鮮奶的公關美照來粉飾太平。身為兩寶媽的吳欣岱點出目前讓家長最憂心的三大市政危機，首先是教育現場嚴重缺師。依據教育部人才庫8月20日數據，台北市仍有86所學校、高達210名教師缺額，其中國中端更有43校、超過7成還在招募代理教師，缺額率高居六都之冠。請繼續往下閱讀...其次是營養午餐招標進度驚險，這項年初就宣布的政策，竟拖到7月底還有超過六成學校未決標；儘管市府在8月21日緊急將決標率拉升至98.7%，但吳欣岱質疑，在極大時間壓力下完成的招標，規格是否被迫妥協、廠商能否穩定履約，市府必須給出交代。最後則是頻頻漏接的兒少保護網，7月份夏莉絲幼兒園累積13件陳情、市府查了8次卻完全沒查到不當對待；上週更爆出10歲女童受虐案，通報長達240天、社工接觸714次，直到媒體曝光後市府才肯啟動安置。缺老師、趕午餐、接不住孩子，這才是台北市真實的開學現況。對於蔣萬安開學急推的「鮮奶3.0」政策，吳欣岱表示，絕對支持學童營養補充與採購國產優質乳品照顧本土酪農，但強烈質疑該政策不斷擴大加碼的實質健康效益。政策從1.0版耗資1.84億元，到2.0版擴大至2.17億元，如今3.0版納入國中生後，明年度預算更暴增至2億5653萬餘元，增幅逼近四成。然而，市府拿出的成效僅有「兌換率約七成」以及「家長滿意度達95%」；數據亦揭露，真正能做到每週不中斷兌換的學童僅占適用對象的23%，等於每4個孩子不到一個每週領取。吳欣岱批評，免費政策滿意度高毫不意外，但這無法證明孩子攝取了更多鈣質，更無法證明營養弱勢的孩童被精準接住。為此，吳欣岱向蔣市府提出四項具體叩問要求公開說明。要求市府交代1.0與2.0各年度的實際核銷金額，以及未兌換額度的最終結算去向；同時必須公開每瓶乳品的核銷單價與通路服務成本比例，釐清究竟有多少預算真正落入台灣酪農口袋，而非停留在通路商。此外，市府應說明政策實施一年多來，是否有針對不同年齡、家庭所得與行政區追蹤學童實際的乳品與鈣質攝取量；並交代3.0版除了增加受惠人數外，具體增設了哪些營養目標、健康指標與食安保障。吳欣岱強調，若這四題都答不出來，那「鮮奶3.0」就不是政策升級，只是擴大補助範圍後重新包裝的政治作秀。吳欣岱最後語重心長地提醒，依據國民健康署建議，每週一瓶鮮奶僅佔每日建議攝取量的十分之一，不可能取代均衡飲食與嚴格的食安稽核。她直言，發放鮮奶拍起照來雖然好看，但消失的210名教師、險些流標的午餐以及苦等240天未獲安置的受虐孩童，這些殘酷的真相拍起來都不好看；然而，孩子們真正迫切需要的，正是市府去解決這些不好看的問題，而不是市長手中那瓶只具備政治包裝意義的鮮奶。☆自由電子報關心您：若懷疑孩童遭受身體虐待、精神虐待或是性侵害、性騷擾，請撥打113專線，透過專業社工員接線服務，將可盡快救援在生命危機中的兒童。☆    ,https://news.ltn.com.tw/news/politics/breakingnews/5557144
沈伯洋參加林延鳳水上派對盡興玩水 偷酸蔣萬安：沒機會問鮮乳問題,政治,2026/08/30 14:16,台北市長參選人沈伯洋跟小孩打水仗被圍攻。（記者蔡愷恆攝）台北市議員林延鳳今（30）舉辦「i鳳水上派對」，民進黨台北市長參選人沈伯洋出席擔任活動「大魔王」與孩子盡興玩水。立委暨沈伯洋競選總幹事吳思瑤笑說，沈伯洋很愛玩，也很會讀書，認真讀書之餘就認真玩！也特別跟小朋友說，總幹事今天放行，要怎麼跟沈伯洋玩都可以。沈伯洋跟林延鳳被小朋友無情攻擊，邊跑邊讚嘆「哇這太猛了」，事後也在社群平台發文偷酸市長蔣萬安，「本來要問各位小朋友喜不喜歡喝鮮乳，結果⋯⋯根本不給問！」沈伯洋活動前表示，這是一個很歡樂的水上活動，今天豔陽高照，非常消暑，延鳳議員一直以來都很關心兒童的權益，說真的，週末要去哪裡、要怎麼放電、要去比較涼爽的地方，都是延鳳議員一直以來都很關心的。這個活動已經延期兩次了，終於能夠舉辦，前兩次延期真的對延鳳議員損失慘重。要辦這樣的活動真的不簡單，但大家可以看到一個人的人格跟態度，發生什麼事情，趕快如何應變、處理，延鳳議員在整個過程中跟我們的競選總部相處都非常舒適。我覺得真的可以看得出延鳳不管是對於人民關心，還有對於事情處理態度都是非常了不起的議員。請繼續往下閱讀...林延鳳已經全副武裝，在鴨舌帽下帶著毛巾，悠哉穿著拖鞋並於致詞提到，今天特別選在新北投站旁邊的七星公園。新北投車站其實也是過去思瑤委員從議員到立委都極力爭取。這是我們思瑤委員很重要的政績，很謝謝思瑤委員的努力。我是議員在地方，思瑤委員在中央，也希望這次市長選舉，Puma能夠高票當選台北市長！不管遇到什麼困難，我們都是全力以赴、使命必達，這也是我們三位對台北市民，還有我們對爸媽、兒童安全有最強的使命。林延鳳也轉述沈伯洋：「不用講話沒關係，直接玩了！」吳思瑤說，今天很開心終於給我們艷陽高照的日子，活動好事多磨，好的事情是值得等待的。我們今天所在的地方是新北投火車站前面的廣場，七星公園。背後的車站爺爺跟背後的鄉親一起努力，讓流浪到彰化20幾年的老車站能夠回到故鄉，車站爺爺也很開心有這麼多大小朋友一起消暑。沈伯洋很喜歡玩，他基本上就是一個很愛玩的人，但也很會讀書。讀書認真之餘就用力地玩，所以說伯洋今天準備好了，他要當大魔王，大家要怎麼跟他玩都可以，總幹事今天放行！延鳳雖然是新科議員，但他發揮的戰力，我們士林北投都非常驕傲。林延鳳也轉述沈伯洋：「不用講話沒關係，直接玩了。」兩人下水後直接被孩子用水柱不間斷狂攻，還有孩子直接裝水往沈伯洋身上倒，沈伯洋幾乎無法講話，只能在空檔邊笑邊說「太猛了，哈哈哈哈！」一邊隨扈與幕僚看到畫面也忍不住燦笑。立委暨沈伯洋競選總幹事吳思瑤特別跟小朋友說，總幹事今天放行，要怎麼跟沈伯洋玩都可以。（記者蔡愷恆攝）台北市議員林延鳳與台北市長參選人沈伯洋跟孩子一起打水仗。（記者蔡愷恆攝）    ,https://news.ltn.com.tw/news/politics/breakingnews/5557121
千名女力挺純「心花開」 何欣純：民主花朵綻放台中,政治,2026/08/30 14:13,立委何欣純（右7）成立姊妹後援會，搶攻婦女票。（記者張軒哲攝）民進黨台中市長候選人、立法委員何欣純今（30）日舉辦「心純姊妹會成立授證大會」，逾千名姊妹從大台中各地湧入會場，大會完成授旗及各會長授證儀式，何欣純並與全場姊妹合唱〈心花開〉，象徵民主花朵在台中各地綻放，攜手為城市帶來欣希望與力量。何欣純表示，每一位溫柔而堅韌的姊妹都是民主的花朵，也是地方鄰里最溫暖的夥伴，未來，姊妹們將持續關心鄰里、傾聽地方需求，凝聚山海屯城及大台中29區的力量，讓更多市民一起參與城市的改變，攜手讓台中29區亮晶晶，共同打造欣欣向榮的大台中。請繼續往下閱讀...何欣純指出，未來將以「行動、溫度、創新」帶領台中力拚「三個第一」，包括「捷運路網推動效率第一」、「全齡照顧六星福利第一」及「無人載具產業聚落第一」。在六星級福利政策方面，將推動生育補助加碼加倍、每胎5萬元坐月子補助及凍卵補助；並在中央政策基礎上，加碼0至6歲幼童每月1500元營養津貼，補助腸病毒疫苗接種，讓兒童看病免門診部分負擔；老人健保補助持續辦理，補助長輩施打帶狀疱疹疫苗，敬老愛心卡點數每月不歸零、計程車點數提高至200點，並擴大至農漁會、超市超商及藥局使用，未來在財政許可並經市議會通過後，推動市長換欣、普發現金，讓市民共享城市發展紅利。何欣純表示，選戰最後90天期待與所有市民鄉親攜手拚勝選，堅定同行、團結努力，做伙拚做伙贏，共同開創欣欣向榮的新台中。    ,https://news.ltn.com.tw/news/politics/breakingnews/5557083
參加客家義民嘉年華 童子瑋：當選成立「族群關係處」,政治,2026/08/30 14:10,民進黨基隆市長參選人童子瑋今天（30日）出席「基隆市第14屆客家義民嘉年華民俗活動」。（童子瑋進步基隆辦公室提供）基隆市議長、民進黨基隆市長參選人童子瑋今天（30日）出席「基隆市第14屆客家義民嘉年華民俗活動」，並提出客家族群政策願景。童子瑋表示，基隆約有45000名客家鄉親，約占全市人口1/8，未來若有機會承擔市長責任，將推動成立「族群關係處」，整合多元文化及族群業務，更會力推「母語扎根」、持續更新客家文化據點與會館設備。童子瑋表示，今天很高興參加基隆市第14屆客家義民嘉年華民俗活動，義民祭是客家文化非常重要的傳統祭典，代表忠義、團結與守護家園的精神。他也向所有辛苦籌備活動的工作夥伴表達感謝，讓客家文化能透過祭典、活動與鄉親參與持續被傳承。他強調，族群政策不能只是辦活動、給補助，而是要真正進入城市治理，從語言、文化到青年培力，都有長期而完整的支持。請繼續往下閱讀...童子瑋指出，許多客家家庭因為工作、婚姻來到基隆，在這裡落地生根，也成為基隆非常重要的一股力量。未來若擔任市長，他將會正式成立「族群關係處」，提升行政層級，把客家、原住民族、新住民及多元文化業務整合起來，讓族群政策有更清楚的權責、更穩定的資源，也能從市政角度長期推動。童子瑋表示，他的媽媽是客家人，但他幾乎不會說客語，因為從小缺乏使用客語的生活環境與習慣，這也是許多當代客家子弟共同面對的困境。因此，他未來會更大力推動「母語扎根」，讓客語有更多機會走進校園、社區和家庭，讓年輕一代願意學客語、認識客家，也願意把自己的文化繼續傳下去。童子瑋說，他對基隆客家政策的理想，是讓基隆客家「有組織、有空間、有文化、有活動」。有組織，就是提升行政層級，讓客家事務可以被整合推動；有空間，就是持續更新客家文化據點與會館設備；有文化，就是推動母語扎根；有活動，就是讓義民祭等定期慶典能擴大推廣，讓更多市民看見客家文化。民進黨基隆市長參選人童子瑋（前排中）30日出席「基隆市第14屆客家義民嘉年華民俗活動」。（童子瑋進步基隆辦公室提供）民進黨基隆市長參選人童子瑋（前排左3）30日出席「基隆市第14屆客家義民嘉年華民俗活動」。（童子瑋進步基隆辦公室提供）    ,https://news.ltn.com.tw/news/politics/breakingnews/5557120
自由觀點》台股泡沫來了！券商籌資半年抵3年,政治,2026/08/30 14:00,    ,https://news.ltn.com.tw/news/politics/breakingnews/5554758
台男赴上海遭押密室6小時！只因曾在人權組織打工 醫揭恐怖內幕,政治,2026/08/30 13:45,上海虹橋國際機場，示意圖，與新聞事件無關。（路透）台灣民眾赴中人身安全再亮紅燈！一名台灣家長在社群平台 Threads爆料，其長子日前飛抵上海出差，通關時竟因「涉政」罪名遭海關攔截並押入密室高壓審問長達6小時，原因僅是大學畢業後曾於「國際特赦組織」擔任基層打工人員，最後被迫放棄入境、當晚狼狽返台，驚險過程引發各界高度關注。對此，醫師蔡依橙示警，中共早已掌握各人權組織的名單，且包括香港在內的各機場系統皆已全面連線。一名家長近日在Threads發文表示，兒子於當日凌晨出發前往上海出差，中午抵達通關時隨即遭攔下帶往密室。兒子輾轉得知海關是以「涉政」為由進行盤查，主因在於他多年前曾在國際特赦組織打工過。該人權團體長期監督並譴責中國在新疆、西藏、香港及言論審查等人權問題，被中共官方視為敵對的「境外非政府組織」，而中國情治單位顯然早已掌握相關NGO實習生與打工名單，將其列入邊檢的「重點關注名單」。請繼續往下閱讀...在密室審查期間，3名便衣官員以高壓方式逼迫其解鎖手機，逐一翻查通訊軟體、郵件及照片，並嚴厲質問組織資金來源、在台人脈網絡、過去業務是否涉及兩岸人權倡議，以及此次入境是否意圖接觸敏感人士等。所幸當事人保持冷靜，不斷強調自己僅是為了謀生的基層文書打工人員、早已離職且毫無政治意圖，最後主動提出「放棄入境」，才獲准搭乘當天晚間班機遣返回台。原PO心有餘悸表示，看到兒子幾近崩潰與疲憊的模樣極度震驚，直呼「總之祖上有保佑，他沒有成為另外一個李明哲，而我的心臟至今仍未平復，兒子內心更不用說了！ 以上為真實經歷，真心奉勸各位沒事千萬別去中國！」消息曝光後引發熱議，網友紛紛留言直呼「這就是藍白鼓吹的中國友好嗎」、「就是那翁曉玲的祖國」、「連打工的名單對方都掌握到，這是如何做到的，國際特赦組織會有什麼機制，把一個最底層的員工名單交給中國？還是有人長期在國際特赦組織內部竊取或者出賣個人資料給中國？這個可能值得追究」、「連打工經歷都知道，入境中國真的要小心」。蔡依橙對此也在臉書發文表示，幸好最後全身而退，就當是買了來回機票，特別到上海機場去解鎖手機並讓中國取得內容。中國早就擁有各種組織的名單，而且跟包括香港在內的各處機場都連線了。    ,https://news.ltn.com.tw/news/politics/breakingnews/5556970
交通部長陳世凱抵澎湖 吳淑瑾爭取機位、保留緊急座位及國際票送國內票,政治,2026/08/30 13:40,交通部長陳世凱抵澎，貴賓們在外婆的澎湖灣雕像前照相。（記者劉禹慶攝）交通部長陳世凱今（30）日在台灣港務公司董事長周永暉、交通部觀光署長陳玉秀、行政院南部服務中心副執行長顏子傑等人陪同下，走訪澎湖金龍頭郵輪碼頭、篤行十村及沿菊書店。民進黨澎湖縣長參選人吳淑瑾表示，交通與觀光是攸關澎湖未來發展的命脈，爭取機位增加、保留緊急機位及國際機票送國內機票等。吳淑瑾指出，縣長陳光復一直持續爭取交通平權，去年在賴清德總統及陳世凱部長支持下，推動尖峰時段為澎湖民眾保留機位，應進一步研議保留機位制度化；如今國內航線主要由立榮、華信2家公司經營，整體運能及市場規模受到限制，因此爭取第3家航空公司，投入澎湖天空市場經營。請繼續往下閱讀...另外，吳淑瑾也提出買國際機票送澎湖國內機票的政見。她表示，國際旅客抵達台灣後，要再前往澎湖，必須多買一段國內線機票，也增加轉機成本與心理門檻。因此她主張透過中央政策及航空、觀光產業合作，把國際段與澎湖國內段串聯起來，降低國際旅客前往澎湖的門檻，讓澎湖成為國際旅客來台灣時更容易選擇的目的地。至於馬公民眾關心的日治時期古棧道，因馬公商港拓寬郵輪碼頭及設立遊客服務中心，現在堆置垃圾，面臨走入歷史洪流永久消失的命運。台灣港務公司董事長周永暉表示，相關工程規劃設計，都沒有動到日治棧橋碼頭，將在第2期規劃工程重新恢復舊觀，保留先民生存的歷史足跡。馬公商港日治棧橋碼頭，港務公司表示會保存原狀。（記者劉禹慶攝）交通部長走訪澎湖張雨生紀念館。（記者劉禹慶攝）    ,https://news.ltn.com.tw/news/politics/breakingnews/5557098
金曲歌后相挺！蘇巧慧成立客家後援會 將打造客家文化AI資料庫,政治,2026/08/30 13:39,民進黨新北市長參選人蘇巧慧到場時，受到客家鄉親歡迎。（記者賴筱桐攝）民進黨新北市長參選人、立委蘇巧慧今（30）日出席「客家鄉親挺巧慧」後援會成立大會，曾獲金曲獎的客家歌手米莎擔任表演嘉賓，期許蘇巧慧如歌詞所說「敢去就有路」，成為一盞明燈，帶領眾人前行。蘇巧慧表示，未來將活用新科技，打造「客家文化AI資料庫」、「新北AI客語學習平台」，提供客家文化更多線上傳播管道。蘇巧慧到場時眾人夾道歡迎，用客語高喊「當選（dongˊxienˋ）」。米莎獻唱〈腳跡〉、〈跈等〉2首歌曲，代表「腳印」和「跟隨」，她說，人生中拿到第一個客語歌曲的獎項，就是台北縣政府時期頒發的，就此開啟她的創作之路，「我的家鄉從來沒有實現政治翻轉，希望新北的前輩帶我們走一趟」。請繼續往下閱讀...前文化部長、客家委員會主任委員李永得擔任特別嘉賓，肯定蘇巧慧在立委任內大力支持客家文化；立委邱議瑩也以美濃媳婦的身分，稱讚蘇巧慧關心客家文化。客家後援會總召集人葉雲仁、總會長彭莉惠、總統府資政范振修、新北市客家社團理事長協會主席陳桂英等人皆出席力挺蘇巧慧。蘇巧慧表示，她在立法院長期重視客家文化傳承，成功爭取「客家幣」擴大使用對象與範圍，讓客家幣不再侷限於客庄使用，而是全台特約店家皆可使用；此外，她也爭取各項中央資源挹注新北客家社團，支持客家事務推廣，同時要求擴大設置「伯公照護站」，擴大對新北客家鄉親的照顧。蘇巧慧指出，未來將媒合產業跨域合作，舉辦以客家為主體的商展與影展，讓客家文化融入在影音創作、文化旅遊、時尚設計等生活日常，同時盤點低利用公有空間，為客家青年提供更多新創孵育基地，扶助客家產業發展。她強調，將活用新科技，打造「客家文化AI資料庫」、「新北AI客語學習平台」，提供客家文化更多線上傳播管道，讓更多新北市民認識客家文化，看見客家之美。民進黨新北市長參選人、立委蘇巧慧今（30）日出席「客家鄉親挺巧慧」後援會成立大會。（記者賴筱桐攝）民進黨新北市長參選人蘇巧慧（右）與曾獲金曲獎的客家歌手米莎合唱。（記者賴筱桐攝）民進黨新北市長參選人蘇巧慧成立客家後援會，許多客家社團領袖和民意代表到場支持。（記者賴筱桐攝）    ,https://news.ltn.com.tw/news/politics/breakingnews/5557099
綠轟藍白惡搞史上最長延會 藍：拿不出執政成績怪在野,政治,2026/08/30 13:34,國民黨團書記長林沛祥。（資料照）立法院第11屆第5會期於上週四劃下句點，民進黨痛批，在野黨延會創下立法院「最長會期」紀錄，卻未善盡理性監督之責，反而透過預算延宕、杯葛國防、濫用公投、阻擋國安及卡關人事等「五大無極限」行徑癱瘓國政，並喊話年底選舉用選票教訓8位要參選縣市長的藍委。對此，國民黨團書記長林沛祥表示，民進黨現在的選戰策略很簡單，就是抹黑造謠從國會一路打到地方，中央執政成績拿不出來，就把所有責任打包寄給在野黨；政策說不贏，就貼標籤、潑髒水。林沛祥提醒民進黨，選民不是失憶症患者。這兩年到底是誰不斷撕裂社會、製造仇恨？誰把司法公信力搞到人民搖頭？誰讓食安問題一再爆發？南部豪雨成災、治水成效被人民打上大問號；立法院三讀通過的法律，行政院動不動就不副署、不執行。從食安崩盤、治水無能，到毀憲亂政，難道都是在野黨害的？請繼續往下閱讀...林沛祥指出，民進黨現在還想把國會攻防複製到地方選舉，恐怕打錯算盤。國民黨的立委參選縣市長，正好可以把每一筆預算、每一項法案、每一次監督攤在陽光下，大家公開來比成績。凡走過必留下痕跡，凡說謊也一定留下紀錄。林沛祥說，年底選舉，人民真正要檢驗的，是執政黨這些年做了什麼。他要奉勸民進黨，與其忙著替別人打分數，不如先準備接受人民打分數。貪腐、失能、謊言連篇的政治文化，人民終究會用選票給新潮流一個教訓。    ,https://news.ltn.com.tw/news/politics/breakingnews/5557100
政院擬副署無人載具條例並追加預算 許宇甄：停止選擇性副署,政治,2026/08/30 13:32,國民黨團首席副書記長許宇甄。（資料照）立法院院會27日三讀通過國民黨版「強化國防自主暨無人載具產業發展條例」，據了解，行政院擬「副署」該條例，並編入本週四院會將通過的今年度追加預算，明年度總預算案將提出修正案。國民黨團首席副書記長許宇甄表示，今天可以副署無人載具條例，就應用同一套標準面對其他國會三讀法案，停止選擇性副署、選擇性守法。據指出，行政院原預計27日就要通過追加預算案，但考量當天立院要表決無人載具條例，因此決定延後一週處理，並視三讀結果，調整追加預算案。據分析，行政院盼加速建軍，擬「副署」無人載具條例，因此在條例三讀後，僅表達高度遺憾，並稱會「儘速編列所需預算」。此外，政院也考量，若不副署，恐讓藍白在年底選戰有操作空間。請繼續往下閱讀...許宇甄表示，這反而凸顯過去八案不副署的荒謬。法律沒有「合民進黨意就副署、不合意就擱置」的標準，卓榮泰更不能把副署權變成政治篩選器。行政院自己說八案只占3.8%，但違反憲政程序不是比例高低的問題，一案都不應該。今天可以副署無人載具條例，就應用同一套標準面對其他國會三讀法案，停止選擇性副署、選擇性守法。許宇甄嚴正批評，在成熟民主國家，少數政府服從多數國會是基本常軌。行政部門若認窒礙難行，循憲法途徑提覆議已是極限，法案確立就必須公布執行，絕無藉「不副署」凌駕民意的空間。從法國席哈克面對左派國會，即便質疑仍簽署公布《普遍疾病保險法》（CMU）；到美國雷根遭國會推翻否決後，仍依法執行《1987年水質法案》；乃至歐巴馬即便保留，也必須落實共和黨國會主導的《地面運輸法》（FAST Act）。許宇甄說，美法等國皆昭示：公布與執行國會三讀法案及法律要求的支出是憲政鐵律。各國憲政制度不同，但共同的民主原則就是：可以反對、可以否決、可以覆議，就是不能不照制度走。美法能，為何卓榮泰與賴清德做不到？今天能副署《無人載具條例》，就該以同一標準公布其他國會通過的法案，休想搞雙標。許宇甄認為，我國《憲法增修條文》已經把行政、立法衝突的解決機制寫得很清楚。行政院認為立法院通過的法律「窒礙難行」，就依法提出覆議；如果立法院維持原決議，行政院就應接受。覆議可以輸，政治立場可以不同，但不能輸了表決，就自己發明「不副署」來封殺法律。否則行政院豈不是凌駕國會之上的太上皇？許宇甄指出，無人載具預算，據報行政院因來不及編入116年度總預算，將提出總預算修正案，國民黨團的態度很清楚：依法審查、嚴格把關。國防自主我們支持，合理建軍經費我們支持，發展國內無人載具產業更是這次立法的重要目的，但每一筆錢都必須說清楚、接受國會監督，不能因行政院自己編列不及，就要求立法院照單全收。許宇甄認為，這也證明行政院先前堅持2100億元非走特別預算不可的說法站不住腳。現在繞了一圈，還是回到年度預算，既然公務預算可以做，當初何必硬要特別預算？真正的爭議從來不是國民黨支不支持國防，而是行政院願不願意接受國會監督。國防自主不能成為空白授權的理由，國家安全更不能成為規避民主程序的藉口。    ,https://news.ltn.com.tw/news/politics/breakingnews/5557091
蔣萬安談10歲女童案突提「去機構化」 沈伯洋疑惑：沒太強烈關聯,政治,2026/08/30 13:07,台北市長參選人沈伯洋走訪永春市場拜票，民眾自製應援沈伯洋看板。（記者陳逸寬攝）台北市1名10歲女童遭猥褻案通報240天未獲安置，爭議持續延燒，審計部報告披露，北市兒少保護通報篩派仍以人工判斷為主，未依中央計畫導入智慧化輔助機制，高達303件違反「兒少權法」案件調查與裁處延宕，逾法定期限；民進黨籍台北市長參選人沈伯洋受訪表示，需要釐清問題原因，例如是否安置量能不足、屬於哪一種風險等級的安置等，每一種問題對應完全不同的解方。市長蔣萬安臉書發文提及「去機構化」，然與此案沒有太強烈的關聯。沈伯洋今於信義區永春市場拜票，面對北市被審計部點名有303件兒少案遭延宕；沈強調，這個需要釐清問題原因，比如說是否安置量能不足、屬於哪一種風險等級的安置，又或是社會局的標準是否出問題，還是協助社工人手不足，每一種問題對應完全不同的解方，尚待釐清後儘速改變，這才是保護小孩最好的方式，真的希望不要再有小孩受害。請繼續往下閱讀...市議員許淑華26日召開女童案記者會至今，蔣萬安昨天才在臉書發文，被外界解讀沒有道歉之意；沈伯洋回應，有注意到蔣萬安的發文提及學術界常講的「去機構化」，但這與此案沒有太強烈的關聯，總覺得蔣的字裡行間仍透露「台北市政府已經有做了、做了哪些」，這應該不是大家想聽到的答案。近期蔣萬安對於市政問題，很常扯到高雄，網路社群分析背後可能是藍營集中攻擊高雄的選戰策略？沈伯洋指出，如果一切都以選戰策略作考量，對民主來講其實是有點傷。現在小孩子的保護是重中之重，當遇到災害第一時間一定想到救災，今天遇到小孩受害的時候，第一想法一定是要趕快把小孩保護好。蔣一直去問「到底高雄怎樣」，以這樣政治操作，相信市民的眼睛是雪亮的。☆自由電子報關心您：若懷疑孩童遭受身體虐待、精神虐待或是性侵害、性騷擾，請撥打113專線，透過專業社工員接線服務，將可盡快救援在生命危機中的兒童。☆    ,https://news.ltn.com.tw/news/politics/breakingnews/5557079
國人赴中出差遭密室逼問6小時 陸委會：早年有重判案例,政治,2026/08/30 13:07,陸委會指出，中共將於9月15日實施《國務院關於出境入境管理的規定》，國人赴中的人身安全風險將大幅增加。（資料照）有家長在Thread發文爆料，他兒子前往中國上海商務出差，通關時因「涉政」罪名被中共海關攔下，隨後被帶到密室遭3名便衣官員審問6小時，只因大學畢業後曾在國際特赦組織打工。陸委會今日示警，以往已發生早年曾參與台灣政治活動，但後續轉往非政治領域發展，卻仍遭中共溯及清算並重判的相關案例，國人切勿輕忽。該名家長指出，兒子被帶到密室裡被3名便衣官員以高壓進行詢問，被要求解鎖手機或檢查對話紀錄，相簿照片、Mail，針對LINE、WhatsApp留有相關工作檔案或討論連鎖審問。對方詢問工作內容及資金來源，例如「在組織內負責什麼業務」、「是否涉及中國、香港、新疆或西藏的報告撰寫與人權倡議」、「組織的資金來源為何」、「在台灣或國際上與哪些政治人物」、「人權捍衛者或組織有聯繫？」、「這次來中國的真正目的是什麼？是單純旅遊、探親、經商，還是試圖進行秘密調查或與當地的敏感人士碰面？」請繼續往下閱讀...這位家長提及，兒子雖然害怕但冷靜對應，實話實說並淡化政治色彩，將工作性質定調為「一般行政、文書處理、純學術研究或基於求職養家的基層受雇者」，強調自己並非決策者或核心倡議者。並強調「那是過去的工作」，目前已經離職，且此次入境完全是合法的個人行程如商務或觀光，絕無政治意圖；最後是主動提出放棄入境，才能夠平安回台。陸委會表示，該社群媒體貼文者雖然沒有向政府反映，但所述經歷確實與我方以往掌握的類似案例相符。貼文者應係將家人所遇情況與社會各界分享，提醒入境中國的風險。政府鼓勵國人勇於公開並分享經驗，以提供社會各界參考。陸委會說明，中共一向無法接受民主多元的批評，並敵視對人權、環保、公權力監督、勞工、性別多元等議題關注的境外非政府組織相關人員。以往已發生早年曾參與台灣政治活動，但後續轉往非政治領域發展，卻仍遭中共溯及清算並重判的相關案例，國人切勿輕忽。陸委會再次重申，中共將於9月15日實施《國務院關於出境入境管理的規定》，國人赴中的人身安全風險將大幅增加。政府呼籲屬於高風險的國人，應審慎評估赴中的必要性，並至「國人赴中港澳動態登錄系統」進行登錄，以利政府在發生緊急狀況時能及時提供協助。    ,https://news.ltn.com.tw/news/politics/breakingnews/5557077
盧秀燕、江啟臣、黃國昌PK戰鬥陀螺    這人勝出嗆這句,政治,2026/08/30 13:06,立法院副院長江啟臣（左）、台灣民眾黨黨主席黃國昌（右）今天在台中市政府舉辦的戰鬥陀螺比賽中進行PK對戰，最後由江啟臣勝出。（記者陳建志攝）台中市政府今天在市府舉行六都首創的「台中戰鬥陀螺嘉年華 」，256個參賽名額開放報名5分鐘就額滿，今天賽前並由台中市長盧秀燕、立法院副院長江啟臣、台灣民眾黨黨主席黃國昌，親自下場較勁，其中江啟臣、黃國昌各勝一場，盧秀燕要兩人再PK一場分出勝負，江啟臣賽前喊出：「戰鬥起程，以和為貴」；黃國昌則說：「藍白合作，團結勝利」，最後由江啟臣勝出，允諾若當選市長會繼續舉辦戰鬥陀螺比賽。台中市政府今天在市府惠中樓舉辦「台中戰鬥陀螺嘉年華 」，台中市長盧秀燕並邀立法院副院長江啟臣、民眾黨黨主席黃國昌一起對戰，3人顯然都有備而來，拿起陀螺架式十足，第一場由黃國昌勝出，盧秀燕覺得不過癮，邀請兩人再比一場，結果由江啟臣勝出。請繼續往下閱讀...盧秀燕表示，既然兩人各贏一場，那就兩人再PK一次，決定兩人誰是最後贏家，盧秀燕並要兩人做出賽前戰鬥宣言，江啟臣高喊「戰鬥起程，以和為貴」，讓現場笑成一團，因為第一句拉高戰鬥氣勢，沒想到第二句讓整個氣勢又掉下來；黃國昌則說，原以為只是來推廣，沒想到是玩真的，最後宣示「藍白合作，團結勝利」。兩人最後架式十足進行PK對戰，經過一番陀螺激烈對戰，最後由江啟臣勝出，盧秀燕笑稱是好兆頭，並說如果明年有機會入主市政府要繼續舉辦，江啟臣當場爽快答應「我們繼續戰鬥」。台中市政府今天舉辦「台中戰鬥陀螺嘉年華 」，台中市長盧秀燕（左2）、立法院副院長江啟臣（左1）、民眾黨黨主席黃國昌（右2），3人下場較勁。（記者陳建志攝）    ,https://news.ltn.com.tw/news/politics/breakingnews/5557069
藍白合定局！柯文哲「支持江啟臣」喊話「何欣純來講30分鐘看看」,政治,2026/08/30 13:05,民眾黨創黨主席柯文哲（中）說，「個人支持江啟臣」（選台中市長）。（記者黃旭磊攝）［記者黃旭磊／台中報導〕國民黨和民眾黨在竹北、彰化縣長接連出現參選人，引發「藍白合」破局疑慮，民眾黨創黨主席柯文哲與國民黨台中市長參選人江啟臣，聯袂參加「共創中台灣・擘劃新願景」座談，柯文哲在民眾黨主席黃國昌旁說，「個人支持江啟臣」，江啓臣是選台中市長「準備最好的」。柯文哲、江啟臣及黃國昌在台中長榮桂冠酒店聯袂受訪，柯文哲說，個人支持江啟臣，他以前當國民黨主席兩人有互動，也跟江啟臣的長輩（前台中縣長）廖了以有私交，在台中選舉個人支持江啟臣。請繼續往下閱讀...柯文哲並在座談回答民眾提問，柯文哲表示，江啟臣8年前要選台中市長，在國民黨初選僅以約0.6個百分點，微幅差距輸給盧秀燕，8年來有很長準備時間，「有準備一聽就知道」。柯文哲繼續說，不然讓何欣純（民進黨台中市長參選人）來講30分鐘，他當裁判，對台中願景誰清楚一聽就知道。江啟臣在台上回稱「這是事實」，對自己有信心，相信柯主席做人實在（台語），台中人說到做到，不亂開支票，開票一定兌現。    ,https://news.ltn.com.tw/news/politics/breakingnews/5557056
藍白愛延會...卻偷懶不開會！ 立院180餘議案「逾期未審」,政治,2026/08/30 13:01,藍白立委聯手掌控立法院議事主導權後，「常態延會」已成常態，但卻未展現應有的議事效率。（資料照）藍白立委聯手掌控立法院議事主導權後，本屆立法院「常態延會」已成慣例。自2025年2月以來，立院一路延會至今年8月底；然而，長期延會下，立委卻未展現應有的議事效率，反而暴露出嚴重的議事怠惰爭議。據統計，目前立院累積至少超過180案的預決算案、財團法人預決算及行政命令，皆因委員會未實質處理，導致全數超過法定審查期限。延宕案件涵蓋多個委員會，首先，外交及國防委員會交付審查的外交部、僑委會、國防部、國安局及退輔會等單位，涉及111至113年度的93案總預算決議及補助彙總表，以及112至114年度的35案相關決議，均已遠超過年度預算執行期間。請繼續往下閱讀...此外，院會交付審查外交部、僑務委員會、行政院、國防部、國軍退除役官兵輔導委員會等函送「財團法人國際合作發展基金會、財團法人台灣民主基金會及財團法人太平洋經濟合作理事會中華民國委員會」113及114年度預算書案等16案，也已逾年度預算執行期間；另，前兩年度112及113年度決算書案等10案，更超過「決算法」第28條所定審查期限。不僅預決算案大塞車，涉及民生、法制的行政命令審查同樣遭到空轉拖延。有關行政院函送修正的「就業安定基金收支保管及運用辦法」等14案、內政部修正「歸化我國國籍者及歸國僑民服役辦法」等6案，以及衛福部修正「食品及其相關產品回收銷毀處理辦法」等7案，全數超過「立法院職權行使法」第61條所規定的審查期限。值得關注的是，不少議案更是當初藍白立院黨團在院會要求交付委員會審查，結果案子完全不處理、不排審，拖到超過審查期限，其中包含「就業安定基金收支保管及運用辦法」、「法庭錄音錄影公開播送實施辦法」等。去年10月9日司法院函送「法庭錄音錄影公開播送實施辦法」後，民眾黨團於去年10月31日在院會提議改交司法及法制委員會審查；院會更於今年4月10日同意展延審查期限，未料拖到今年8月14日提報院會時，該案竟已再次逾越法定期限。    ,https://news.ltn.com.tw/news/politics/breakingnews/5557070
簽了同意書與蔣萬安辯論！沈伯洋：選舉補助款要為台北產業發展,政治,2026/08/30 12:58,台北市長參選人沈伯洋走訪永春市場拜票，民眾排隊守候合影。（記者陳逸寬攝）民進黨籍台北市長參選人沈伯洋今天（30日）上午在市議員洪健益、許淑華、張文潔與議員參選人郭凡陪同下，前往信義區永春市場拜票。沈受訪表示，昨天已經簽了同意書，由媒體辦理台北市長選舉電視辯論，很多議題可討論，最重要且急迫的是兒虐，就看市長蔣萬安偏好哪一主題，他都可以，並指如果有選舉補助款可用，首先想到的是如何建立台北的智庫。媒體詢問，昨天蔣萬安也收下「台北市長選舉電視辯論意向書」，但只稱每天都在針對施政議題向大家做說明，似未正面回應；對此，沈伯洋認為，蔣市長可能很忙，還來不及回應，並提醒蔣萬安，如果每一天都在講市政、都在專心市政，那表示更有時間可以討論，這更是好的辯論時機。請繼續往下閱讀...關於辯論主題，沈伯洋指出，兒虐相關議題關乎如何建立好制度，是現在最重要的事，實在有點急迫，如果現在不斷有小孩受害，就必須趕緊討論如何改進，以及其他議題如一九九九市民熱線反映最多的交通、衛生議題，治理城市最重要的是願景，十年、廿年後的台北應該長什麼樣子？要有什麼樣的產業政策？媒體另問，蔣萬安上屆選舉補助款一千七百多萬元再度被檢視，是存入他自己的戶頭，沈選後如何規劃、運用選舉補助款？沈伯洋提到，大家會想到做公益，自身想法更進一步，為了台北產業發展，一直提倡台北AI研究院設在北投士林科技園區，台北需要智庫人才為都市做十年、廿年的規劃，減輕北市府的負擔，如果今天有這樣的資金可以運用，首先想到是怎麼去建立台北的智庫。台北市長參選人沈伯洋走訪永春市場拜票，民眾排隊守候合影。（記者陳逸寬攝）    ,https://news.ltn.com.tw/news/politics/breakingnews/5557057
全是演的！共軍救災在水中吃飯「讓人心疼」？官員批「擺拍」,政治,2026/08/30 12:51,一名解放軍士兵站在廣西災區的水中，手拿著便當用餐，畫面搭配「讓人心疼」字幕，引發外界討論。（圖擷取自抖音）中國洪水災情慘重，近日一段中共解放軍在積水中吃飯的影片，在X平台瘋傳，引發不少網友討論。影片中，一名解放軍士兵站在廣西災區的積水中，手拿著便當用餐，畫面更搭配「讓人心疼」的字幕。對此，熟稔兩岸事務的官員今日受訪表示，這是中共最擅長的表演政治，防災救災總是虛應故事，主要是去災區「擺拍」搞大內宣。官員指出，中國是一個擅長「表演治理」國家，每當發生天災人禍，中共雖然沒辦法解決問題，但總是故意拍一些影片讓中國人民感動，譬如最近就有解放軍去災區搜救，在水裡面吃便當的影片，其實這些全部都是演出來的。請繼續往下閱讀...官員分析，西藏和尼泊爾的邊境口岸爆發泥石流，現在中國網路上也有很多影片也都是用表演的，塑造解放軍非常勇敢前進災區，冒著生命危險搶救民眾，那些影片跟水裡面吃便當一樣，都是為了宣傳拍給中國民眾看的。他批評，這些實際上都沒辦法解決問題，但可以展現解放軍感人的事蹟，讓民眾感動以利轉移焦點，或忘記痛苦，甚至轉而說「祖國好偉大」。    ,https://news.ltn.com.tw/news/politics/breakingnews/5557066
3天二度與李四川同台 侯友宜：我的下一棒就是李四川,政治,2026/08/30 12:36,針對3天內二度與國民黨新北市長參選人李四川同台，新北市長侯友宜表示，他的下一棒就是李四川，支持李四川繼續為新北市民服務。（記者賴筱桐攝）年底選戰升溫，新北市長侯友宜3天之內二度與國民黨新北市長參選人李四川同台。侯友宜今天表示，他的下一棒就是李四川，他全力支持李四川繼續為新北市民服務。侯友宜今天上午出席新北市環保英雄表揚典禮，媒體詢問，最近這3天兩度跟李四川合體，現在是否全力幫李四川輔選？請繼續往下閱讀...侯友宜表示，他從一開始就非常明確跟大家報告，「我的下一棒的接棒就是李四川」，他全力支持李四川繼續為新北市的市民來服務，大家一起加油、一起努力。    ,https://news.ltn.com.tw/news/politics/breakingnews/5557031
919民進黨40週年封街開唱  三金卡司曝光、鄭朝方再開金嗓,政治,2026/08/30 12:33,民進黨今天公布，創黨40週年紀念音樂會將於9月19日晚間在北平東路中央黨部前登場，演出陣容「金光閃閃」。（民進黨提供）三金國寶攜手金曲歌王歌后！民進黨今天公布，創黨40週年紀念音樂會將於9月19日晚間在北平東路中央黨部前登場，演出陣容「金光閃閃」，集結三金創作大師陳明章、金曲歌后PiA吳蓓雅、金曲歌王謝銘祐及董事長樂團等陣容，現任竹北市長、新竹縣長參選人鄭朝方也將獻唱〈台灣花〉，以音樂展現台灣的多元包容與世代傳承。集結三金創作大師陳明章、金曲歌后PiA吳蓓雅、金曲歌王謝銘祐請繼續往下閱讀...民進黨指出，序幕「民主台灣」以「自由、勇敢」為主軸，由「錦川大樂隊」以磅礡樂聲帶領現場走進時光旅程，回憶台灣爭取自由無懼威權的血淚史；入圍金曲獎最佳客語饒舌歌手Vuize王鍾惟將以海陸腔客語展現當代青年的追夢歷程；三金創作大師陳明章也會親自演唱〈伊是咱的寶貝〉與〈幸福進行曲〉等經典名曲，以動人旋律唱出對土地與時代的深情。篇章二「母親台灣」特別邀請今年甫摘金的最佳台語女歌手PiA吳蓓雅，唱出女性與土地交織的溫柔力量；來自台南，深耕台灣歷史記憶的「雞屎藤舞蹈劇場」，則展現多元文化生命力；新北市黨部婦展會三重分會合唱團亦受邀，在音樂會中將齊聲合唱代表女性在無數時刻堅毅不拔風骨的歌曲。象徵「綠色執政品質保證」的第三篇章「在地台灣」，金曲歌王謝銘祐以道地台語吟唱土地與人生；鄭朝方也將獻唱〈台灣花〉，透過歌詞訴說世代情感，鄭朝方過去曾以客家廣播節目榮獲金鐘獎，並入圍金曲獎最佳客語專輯與作詞人，此次登台演出也成為音樂會一大亮點。壓軸篇章「進步台灣」，由台灣搖滾代表「董事長樂團」熱血開唱，用最堅韌的台客搖滾帶領全場沸騰，象徵新世代團結開創新局，吳永吉KiatTáng也將首度以個人身分現場演唱2026民進黨競選歌曲〈台灣好生活〉。    ,https://news.ltn.com.tw/news/politics/breakingnews/5557046
三天兩度跟侯友宜同台 李四川：共同打贏年底選戰、全力以赴接棒,政治,2026/08/30 12:31,李四川（持麥克風）說，他跟侯友宜（右2）一樣，都是用做的，不會多講，他一定全力以赴接下侯友宜這一棒。（記者黃政嘉攝）2026新北市長選戰加溫，國民黨新北市長參選人李四川三天內兩度跟新北市長侯友宜同台，兩人今再共同到蘆洲、三重參香祈福，對於侯友宜昨天喊話要跟四川兄弟一起努力，讓新北一棒接一棒，李四川今回應，他跟侯一樣，都是用做的，不會多講，一定會共同打贏年底選戰，全力以赴接下侯友宜這一棒。李四川今早到蘆洲慈惠堂參拜前接受媒體聯訪，他表示，他跟侯友宜一樣，都是用做的，從來不會多講，兩人前天一起出席義警的活動，侯友宜也講得很清楚，「我們以前就是一個團隊，他是我最好的戰友，我們一定會共同打贏年底的這一場選戰」，他一定會全力以赴接下侯友宜這一棒，包括蘆社大橋、蘆洲醫院，都是他規劃下來的，「我一定會把它完成」。請繼續往下閱讀...此外，蘆洲跟三重過去被認為偏綠，這兩天李四川密集到這邊，很多在地鄉親力挺他，怎麼看這邊的選情？李四川回應，新北市29區沒有哪些是偏綠、偏藍，從他在台北縣當工務局長、副縣長，還有後來擔任新北市副市長，在副市長的工作上面，他也負責三蘆、新泰五林等地區，他跟所有三重、蘆洲的里長，長期共同推動地方建設，很感謝蘆洲、三重的里長及鄉親，在這次選舉給他很大的支持。    ,https://news.ltn.com.tw/news/politics/breakingnews/5557045
蘇巧慧9/5競總成立大會 邀賴清德、蔡英文出席,政治,2026/08/30 12:28,民進黨新北市長參選人蘇巧慧將於9月5日在板橋第一運動場舉行競選總部成立大會，將邀請賴清德總統、前總統蔡英文出席。（記者賴筱桐攝）民進黨新北市長參選人蘇巧慧將於9月5日在板橋第一運動場舉行競選總部成立大會，當天將邀請賴清德總統、前總統蔡英文及高雄市長陳其邁出席。蘇巧慧今天表示，希望匯聚大家的力量，在11月28日迎接新北的新時代。蘇巧慧今天出席客家後援會成立大會，媒體詢問，與李四川最近的民調接近，甚至出現「超車」情形，而李四川3天之內二度與侯友宜同台，但蘇巧慧跟侯友宜其實互動很好，備受外界關注。請繼續往下閱讀...蘇巧慧說，她10年來的態度都一樣，只要是為了地方好、為了台灣好，中央、地方就是一起合作，畢竟大家的目標都是一樣，就是為了我們生活的這片土地能夠更好，所以未來她一樣是會不分黨派，和所有人一起來努力。蘇巧慧指出，9月5日的競選總部成立大會，她也是用同樣的心情，希望能夠邀集到更多的人，匯聚大家的力量。未來的新北市，就是希望各行各業的人才，各種不同領域、不同世代，都能夠在城市舞台上發揚光大，發展精彩、表演精彩。她表示，當天賴清德總統、蔡英文前總統，高雄市長陳其邁都能夠一起來共襄盛舉，她會帶著大家的力量一起前進，希望11月28日能夠迎接新北的新時代。    ,https://news.ltn.com.tw/news/politics/breakingnews/5557023
藍營指民進黨表態率偏高 蘇巧慧：民調呈上升趨勢,政治,2026/08/30 12:21,民進黨新北市長參選人蘇巧慧今天成立客家後援會。（記者賴筱桐攝）年底選戰升溫，針對新北市長選舉民調，藍營指民進黨都有表態率偏高、國民黨表態率偏低的問題，民進黨新北市長參選人蘇巧慧今天表示，最近民調看得出來她呈現上升趨勢，這是很大的鼓勵和肯定。蘇巧慧今天出席客家後援會成立大會，她受訪表示，民調她都會參考，也都會非常尊重。這些民調可以讓團隊知道，還有哪裡不足、哪裡需要加強，或者哪些事情已經做得不錯。請繼續往下閱讀...蘇巧慧表示，最近民調趨勢一波又一波，看得出來她是在上升的趨勢，這對她來講是很大的鼓勵和肯定，代表越來越多人，就像今天站在現場的客家鄉親，越來越多人站和她們站在一起，告訴她說：「我們真的期待你帶領的正面、陽光的新北市。」蘇巧慧說，她期待用正面、陽光的態度持續下去，希望大家看到她的執行力、創造力，還有照顧市民的能力，一起把新北市做得更好，讓大家更喜歡這裡。民進黨新北市長參選人蘇巧慧出席客家後援會成立大會，進場時受到鄉親歡迎。（記者賴筱桐攝）    ,https://news.ltn.com.tw/news/politics/breakingnews/5557041
邀市民質詢市長 台南交通與淹水成關注焦點,政治,2026/08/30 12:19,民進黨議員林依婷（右）邀市民錄影向市長黃偉哲發聲。（資料照）台南市議會第4屆第8次定期會市政總質詢現正進行中，民進黨議員林依婷突發奇想，提出讓市民朋友錄下想對市長黃偉哲說的話，將在明（31）日質詢時在議事廳直播，臉書貼文一出，吸引超過百篇網友留言，尤其交通和淹水問題成為關注焦點。林依婷表示，8月31日是這屆任期最後一次質詢黃偉哲市長，也是黃偉哲市長最後一次必須面對的總質詢，我打算留10分鐘給市民朋友，用1分鐘的時間錄下想對市長說的話，可褒、可貶但不可無理謾罵，最好上字幕、影片直接私訊，收件時間至8月30日晚上8點截止。請繼續往下閱讀...貼文一出，交通和淹水問題成為關注焦點，網友紛紛留言表示，「台南的交通為何這麼多年始終無法改善的很完全」、「每逢狂風暴雨卻有家歸不得」、「市區人行道、騎樓被店面嚴重佔用」、「溪北的改善看不到，只有房價越來越高」、「淹水還沒解決啊？」、「希望市長能針對台南交通違規問題進行改善」、「為什麼台南的路每條都爛的要死」、「誰能幫我罵罵這垃圾交通」。    ,https://news.ltn.com.tw/news/politics/breakingnews/5557044
藍白合彰化、竹北破口！黃國昌痛批藍營「放火燒掉整個森林」,政治,2026/08/30 12:02,民眾黨主席黃國昌（左2）痛批藍營「為了一顆樹，放火燒掉整個森林」。（記者黃旭磊攝）國民黨和民眾黨在竹北、彰化縣長接連出現參選人，民眾黨創黨主席柯文哲、黨主席黃國昌及國民黨台中市長參選人江啟臣，3人聯袂在台中參與「共創中台灣・擘劃新願景」座談，會前，黃國昌痛批國民黨稱，打破信任基礎會受到嚴重影響，「為了一顆樹，放火燒掉整個森林，到今天還是無法理解為什麼。」民眾黨彰化縣黨部力拱賴銀柱參選彰化縣長，挑戰國民黨彰化縣長魏平政，竹北市長國民黨參選人吳旭智已領表，民眾黨參選人邱臣遠也強調參選到底，藍白合接連出現破口，黃國昌今天（30日）重砲抨擊國民黨說，信任是一點一點累積起來不容易，打破信任基礎會受到嚴重影響，「為了一顆樹，放火燒掉整個森林，到今天還是無法理解為什麼。」請繼續往下閱讀...黃國昌對於彰化選情定調表示，台灣民眾黨信守承諾，在彰化沒推出縣長候選人打算，但對於竹北藍白合問題，至今不理解為何藍營會「為了一棵樹放火燒掉整片森林」。黃國昌表示，那天禮拜三（26日）與藍營談完，並沒有接到鄭麗文主席任何來訊，反而是新竹縣長楊文科，透過人來表達憂慮關心，國民黨中央必須嚴肅看待，信任是一點一點累積起來不容易。    ,https://news.ltn.com.tw/news/politics/breakingnews/5557021
林國漳9/2登記參選 號召同窗親友力挺凸顯「正港宜蘭人」形象,政治,2026/08/30 12:02,民進黨宜蘭縣長參選人林國漳，預計9月2日登記參選。（記者江志雄攝）民進黨宜蘭縣長參選人林國漳，預計9月2日上午9點半前往宜蘭縣選委會辦理參選登記。競選團隊今天（30日）透露，當天將號召全縣民進黨公職參選人組成宜蘭隊，一同划起「陸上龍舟」，展現同舟共濟精神及團結一心的氣勢。這場登記儀式也充滿濃厚在地情懷，林國漳邀請宜蘭力行國小、宜蘭國中、宜蘭高中的同窗好友及一路相伴親友出席，這些同學見證林國漳在宜蘭求學、成長、投入法律扶助等公益活動點滴，由在地人推薦這位在地方打拚多年的「正港宜蘭人」，凸顯他懂得基層需求、做人實在的特質。請繼續往下閱讀...針對未來的施政藍圖，競選團隊強調，林國漳秉持「全民縣長、照顧全民」初衷，政策涵蓋產業轉型、文化傳承、環境永續、交通發展、鄉親生活福利等全方位面向，確保宜蘭每個角落與族群都能獲得妥善照顧。競選團隊指出，林國漳9月2日完成登記參選後，在親友與支持者見證下，成為政見承諾轉化為具體行動的第一步，也象徵為宜蘭迎向嶄新未來拉開序幕。此外，國民黨宜蘭縣長參選人吳宗憲，訂於9月1日上午11點15分辦理參選登記，國民黨籍宜蘭縣議長張勝德、民眾黨宜蘭縣黨部主委陳琬惠將到場陪同，象徵藍白整合，攜手迎戰年底的縣長選舉。    ,https://news.ltn.com.tw/news/politics/breakingnews/5557016
同台到三蘆參拜侯友宜助攻李四川 讚賞市政成績有目共睹,政治,2026/08/30 11:53,李四川（右3）、侯友宜（右2）今天一同到蘆洲慈惠堂。（記者黃政嘉攝）國民黨新北市長參選人李四川今早與新北市長侯友宜一同到蘆洲慈惠堂、三重玄峯慈惠堂參香祈福，兩人肩並肩走進慈惠堂，受到鄉親熱烈歡迎，侯友宜讚賞李四川過去擔任新北市副市長期間，為新北推動許多工程建設，成績有目共睹。並頻頻為李四川鼓掌，李四川表示，他將全力以赴接下侯友宜這一棒，推動蘆社大橋、蘆洲醫院等在地重大建設，實現鄉親的期待。今天適逢瑤池金母聖誕千秋，李四川、侯友宜一同蘆洲、三重的慈惠堂參拜，李四川與廟方人員握手致意時，侯友宜也示意大家為李四川鼓掌，加溫互動氛圍。侯友宜在兩廟致詞時，都介紹到正在拼新北市長選舉的前新北市副市長李四川，以及藍白營「小雞」，同時感謝、肯定廟方的公益貢獻。請繼續往下閱讀...侯友宜表示，包括位在三重的新北第二行政中心，很多工程建設都持續向前，也需要一個認真、打拼，對新北了解，又可銜接台北，同心同力為新北奉獻犧牲，他稱讚李四川做得很好，李過去做新北副市長時，與他並肩作戰，做了事讓人民很有感，李在台北也是認真打拼做事情，所以在瑤池金母的祝福下，大家都會心想事成，大家都有辦法為新北、台灣貢獻一己之力。李四川提到，蘆洲慈惠堂過去使用桶裝瓦斯，堂主希望能引進天然氣管線，但因管線鋪設涉及土地使用問題，過程中他與地方多次溝通協調，最終克服困難，鋪設管線、減少使用上的風險，「堂主的要求，我有做到了」，侯友宜當下高舉雙手大力鼓掌，示意群眾一起為李四川喝采。李四川表示，年底他要回來接侯友宜這一棒，「這一棒很重」，因為侯表現太好，他還要相當努力，對於市民的承諾，他都會積極落實，未來若擔任市長，將在侯友宜的基礎上，持續推動相關建設，包括優先推動蘆社大橋，改善三蘆聯外交通及塞車狀況，串聯雙北AI科技產業廊帶、帶動高科技產業進駐，他也會興建「蘆洲醫院」，讓三蘆地區鄉親獲得更完善的醫療照護，未來並與台北市共同規劃大稻埕煙火活動，讓民眾在三重河岸近距離欣賞夜空煙火。李四川表示，年底他要回來接侯友宜這一棒，「這一棒很重」，因為侯表現太好，他還要相當努力，對於市民的承諾，他都會積極落實，未來若擔任市長，將在侯友宜的基礎上，持續推動相關建設，包括優先推動蘆社大橋，改善三蘆聯外交通及塞車狀況，串聯雙北AI科技產業廊帶、帶動高科技產業進駐，他也會興建「蘆洲醫院」，讓三蘆地區鄉親獲得更完善的醫療照護，未來並與台北市共同規劃大稻埕煙火活動，讓民眾在三重河岸近距離欣賞夜空煙火。李四川事後在臉書發布今天行程文章，侯友宜也以個人臉書帳號留言回應，「四川始終用心做事、真心待人，這份踏實與堅持，大家都看得見。我們並肩努力，未來繼續讓三蘆的醫療與交通建設一步步實現，照顧更多市民朋友！」李四川接續留言回應侯說道「謝謝侯市長。三蘆的醫療跟交通，市長一段一段在做，每一步都很務實。下一段要接得穩，我接著做！」李四川與蘆洲慈惠堂人員握手互動，侯友宜在後也示意大家為李鼓掌。（記者黃政嘉攝）李四川（前排右1）、侯友宜（前排右2）一同到蘆洲慈惠堂參拜。（記者黃政嘉攝）李四川（前排右5）、侯友宜（前排右5）今天一同到蘆洲慈惠堂。（記者黃政嘉攝）李四川（前排右2）、侯友宜（前排右3）一同到三重玄峯慈惠堂參香。（記者黃政嘉攝）侯友宜（前排右2）讚賞李四川（前排右3）市政表現做得很好。（記者黃政嘉攝）    ,https://news.ltn.com.tw/news/politics/breakingnews/5557014
藍白合破局？盧秀燕、黃國昌台中對戰戰鬥陀螺這樣說,政治,2026/08/30 11:51,藍白合是否破局？民眾黨黨主席黃國昌（右1）今天到台中打戰鬥陀螺表示，面對2026年的選舉，能夠合作的地方不要造破壞合作的基礎，繼續穩定團結向前。（記者陳建志攝）藍白合竹北市已經破局，彰化民眾黨又有想要推的人選，對於藍白合接下來的發展有何看法？民眾黨主席黃國昌今天一早到台中市政府和盧秀燕市長、立法院副院長江啟臣一起打戰鬥陀螺後受訪時，盧秀燕表示，團結合作從來不是一條容易的路，「合則兩利、分則兩敗」；黃國昌則說，面對2026年的選舉，能夠合作的地方不要再破壞合作的基礎，繼續穩定團結向前。針對藍白合在新竹破局，台中是否會堅定藍白合？盧秀燕表示，團結合作從來不是一條容易的路，但是只要有團結合作的信念，我們要堅定走下去，「合則兩利、分則兩敗」。請繼續往下閱讀...盧秀燕並說，每個地方的情況不太一樣，擔任主席最辛苦，今天稍早有跟黃國昌主席請益，真的是柴米油鹽醬醋茶，每個地方要整合，還要助選爭取勝利，實在是非常人所為，真的是不容易，要多給他們鼓勵、加油。黃國昌則表示，2025年3月開始請益之旅第一站就是來台中市，拜會盧秀燕市長，當初跟盧秀燕市長說「台中的事，就是台灣民眾黨的事」，之後在城市治理和中央執政聯結的地方，在立法院和羅廷瑋委員、廖偉翔委員等人都有很好的合作。黃國昌指出，面對2026年的選舉，能夠合作的地方不要造破壞合作的基礎，繼續穩定團結向前，相信在盧秀燕市長優秀的執政成績下，讓江啟臣接棒，一定可以讓台中更酷、更好。    ,https://news.ltn.com.tw/news/politics/breakingnews/5557012
曾在國際特赦組織打工也有罪？國人赴上海出差遭中共盤查,政治,2026/08/30 11:41,陸委會8月29日公布最新國人赴中港澳安全動態週報。（圖取自陸委會臉書）曾在國際特赦組織打工，赴中慘遭留置盤查！有家長在Thread發文爆料，大兒子前往中國上海出差，通關時因「涉政」罪名被中共海關攔下，隨後被帶到密室審問，只因大學畢業後曾在國際特赦組織打工。該名家長指出，國際特赦組織因長期追蹤並譴責中國人權問題，如新疆、西藏、香港及言論自由審查，被中國官方視為敵對的「境外非政府組織」。在中國目前國安大環境下，曾任職該組織的背景極易觸動邊檢系統的紅線。然而，比較好奇的是為什麼這項工作經歷會被海關掌控？原來是中國情治單位長期對國際人權組織、台灣主要NGO的員工、實習生及志工進行名單蒐集，當事人的名字可能早已進入邊檢的「重點關注名單」中而不自知。請繼續往下閱讀...他直指，兒子被帶到密室裡被3名便衣官員以高壓進行詢問，被要求解鎖手機或檢查對話紀錄，相簿照片、Mail，針對LINE、WhatsApp留有相關工作檔案或討論連鎖審問。據舉例，對方詢問工作內容及資金來源，例如「在組織內負責什麼業務」、「是否涉及中國、香港、新疆或西藏的報告撰寫與人權倡議」、「組織的資金來源為何」、「在台灣或國際上與哪些政治人物」、「人權捍衛者或組織有聯繫？」、「這次來中國的真正目的是什麼？是單純旅遊、探親、經商，還是試圖進行秘密調查或與當地的敏感人士碰面？」這位家長並提及，兒子雖然害怕但冷靜對應，實話實說並淡化政治色彩，將工作性質定調為「一般行政、文書處理、純學術研究或基於求職養家的基層受雇者」，強調自己並非決策者或核心倡議者。並強調「那是過去的工作」，目前已經離職，且此次入境完全是合法的個人行程如商務或觀光，絕無政治意圖。最後為能順利脫身，當事人主動提出放棄入境，才得以回到台灣。前往接機的家長直呼，「幸好最後老天保佑平安的回家！總之祖上有保佑，沒有成為另外一個李明哲，而我的心臟至今仍未平復，兒子內心更不用說了！以上為真實經歷，真心奉勸各位沒事千萬別去中國」。陸委會29日公布最新國人赴中港澳安全動態週報，自2024年1月1日至今年8月27日止，有向官方通報的國人赴中失聯、遭留置盤查或疑遭限制人身自由，共計426人，與上週增加7人，其中5人失聯、2人遭到關押。    ,https://news.ltn.com.tw/news/politics/breakingnews/5556996
女力跨區出擊 屏市長參選人梁育慈邀簡舒培南下掃街展人氣,政治,2026/08/30 11:34,台北市議員簡舒培（右2）南下屏東陪梁育慈（右1）拜票。（梁育慈競選團隊提供）地方公職人員選舉明（31日）起進入登記參選階段，民進黨屏東市長參選人梁育慈今（30）日邀請台北市議員簡舒培南下陪同掃街，兩人一早前往建國市場拜票，吸引許多民眾熱情招呼，現場更集結屏東縣議員李世斌、縣議員參選人饒怡君、蔡侑庭、市民代表林仁傑及市民代表候選人林詠智等人共同出席，展現跨區議員與在地基層的強棒連線氣勢。同為民進黨內優秀女性政治人物，簡舒培與梁育慈此次合體不僅象徵跨區相挺，更凸顯兩人對認真問政、扎實服務的堅持。簡舒培長期在台北市議會以犀利問政、嚴格監督及強大基層服務能力著稱；梁育慈則以議員身分深耕屏東，不僅在地方推動行動服務站，將服務直接送到市場與里鄰，更將地方民意轉化為具前瞻性的市政規劃。請繼續往下閱讀...簡舒培表示，自己在議會長期關注首都治理與地方建設，深知一個好市長必須具備正面迎戰問題的擔當，以及對預算與基礎建設嚴格把關的執行力。梁育慈有10年擔任幕僚的政治歷練，在議員任內更對地方事務細膩追蹤與爭取，展現勤奮、努力、會做事的特質。這次特別從台北南下，就是要向屏東市民強力推薦懂基層、有魄力的市長參選人，並將首都治理與地方民意服務的經驗串聯，讓屏東市的發展接軌優質的治理標竿。屏東市長參選人梁育慈表示，自當選議員起她便選擇從市場設立行動服務站出發，將服務直接帶到基層第一線。感謝簡舒培今日南下合體，陪同走入民眾日常，向市民展現女力民代攜手拚服務的誠意，接下來她也將持續走遍屏東市的大街小巷，將關於城市交通、商圈活化與宜居願景的完整規劃，深刻傳遞給每一位鄉親。梁育慈強調，距離投票日僅剩90幾天，團隊接下來將進入全面衝刺階段，一步一腳印爭取更多市民的信賴。她也誠摯懇託所有屏東市民，11月28日一定要踴躍出門投票，堅定支持梁育慈，攜手為屏東市拚出嶄新美好的未來。屏東市長參選人梁育慈今邀請台北市議員簡舒培南下掃街，現場更集結民進黨選將，展現強棒連線氣勢。（梁育慈競選團隊提供）屏東市長參選人梁育慈邀請台北市議員簡舒培南下掃街，受到鄉親熱情歡迎。（梁育慈競選團隊提供）簡舒培陪梁育慈拜票，鄉親熱情打氣。（梁育慈競選團隊提供）    ,https://news.ltn.com.tw/news/politics/breakingnews/5556997
盧秀燕合體黃國昌玩「戰鬥陀螺」！何欣純酸爆：互相合作又打倒對方,政治,2026/08/30 11:20,立委何欣純（中）指出，藍白互相合作又要打倒對方。（記者張軒哲攝）九合一選舉進入倒數三個月階段，針對今早台中市長盧秀燕、立法院副院長江啟臣和民眾黨主席黃國昌等人參加台中戰鬥陀螺嘉年華；民進黨台中市長參選人、立委何欣純表示，這是政治上的一個合縱連橫，她予以尊重。台中市政府今天在市府惠中樓辦「2026台中戰鬥陀螺嘉年華」，市長盧秀燕、立法院副院長江啟臣和民眾黨主席黃國昌等人參加，何欣純在一旁的飯店會議廳舉辦「心純姐妹會成立授證大會」。被問到藍白合問題，何欣純表示，戰鬥陀螺遊戲規則，不是一個合作的遊戲，它是一個互相拚搏、一定要打倒對方的遊戲，至於藍白合不合，各自政黨的一個政治算計，她予以尊重，不過，自己堅信，未來的台中市市長是誰，這個絕對是有權利的市民，是市民決定的，絕對不是個別政黨的一個決定。請繼續往下閱讀...何欣純說，相信台中市民是非常有智慧的，那基於全體市民的這個最高利益，何欣純提出的政見最多，提出的內容也對台中最好，市民的眼睛是雪亮的，會支持一個能做事、願意做事，而且會做事、有能力，有市政願景、有端出政策牛肉出來的何欣純。    ,https://news.ltn.com.tw/news/politics/breakingnews/5556980
新竹棒球場不起訴重點一次看！ 林智群嘆：有民眾黨證就可造謠胡說,政治,2026/08/30 11:20,新竹市立棒球場新建統包工程案經過4年偵查，前市長林智堅等公務員都獲不起訴。（資料照）新竹市立棒球場新建統包工程案經過4年偵查，前市長林智堅等公務員都獲不起訴，律師林智群看完不起訴重點後，忍不住感嘆「有民眾黨證就可以隨便造謠胡說八道，凌駕於司法之上」。林智群臉書表示，新竹市議員楊玲宜取得林智堅共23頁的不起訴書內容，發現幾萬坪的球場挖出的零星雜物連1台休旅車都裝不滿，甚至有寶特瓶印著2026年製造日期，根本是新市府團隊接管後的施工垃圾。請繼續往下閱讀...此外，美國草皮公司BrightView調查後「未發現非法掩埋」，亦即高虹安市府特地請來美國專家進行檢測，直接證實球場根本沒有非法掩埋廢棄物。至於高虹安市府宣稱挖出的20包塑膠「大祕寶」，實際是廠商施工鋪設的軟墊、管線、PE網、澆灌系統、布設電纜線，全遭高虹安市府破壞。林智群說，有了這些不起訴內容後，沒想到民眾黨的柯文哲、黃國昌、高虹安還是繼續胡說八道，說什麼是靠（民進黨）黨證，讓他忍不住怒批民眾黨號稱是新政治，結果手腳比舊政治還髒，亂抹黑被新竹地檢署打臉後，就栽贓地檢是受到民進黨證影響，「其實剛好相反，有民眾黨證，就可以隨便造謠胡說八道，凌駕於司法之上」。    ,https://news.ltn.com.tw/news/politics/breakingnews/5556960
藍白合竹北破局！柯文哲對黃國昌說：很多事不是講一講就過去,政治,2026/08/30 11:18,藍白合竹北破局，柯文哲（右2）當面斥黃國昌（左2）「很多事不是講一講就過去」。（記者黃旭磊攝）國民黨和民眾黨在竹北整合「談崩」，民眾黨創黨主席柯文哲、黨主席黃國昌及國民黨台中市長參選人江啟臣，3人聯袂在台中參與「共創中台灣・擘劃新願景」座談，會前，柯文哲當面要黃國昌講清楚，柯文哲對黃國昌說，群眾情緒不是政黨領袖說轉彎，就轉彎，「很多事不是講一講就過去」。針對國民黨竹北市長參選人吳旭智已領表，民眾黨參選人邱臣遠強調參選到底，藍白合可能破局，黃國昌在柯文哲旁指責國民黨說，信任是一點一點累積起來不容易，打破信任基礎會受到嚴重影響，「為了一顆樹，放火燒掉整個森林，到今天還是無法理解為什麼。」請繼續往下閱讀...柯文哲說，到底（國民黨主席）鄭麗文，跟黃國昌講什麼，要他們自己出來說明，群眾情緒不是政黨領袖說轉彎就轉彎，黃國昌跟鄭麗文儘速出來，趕快談一談還是要善後，很多事不是講一講就過去。柯文哲表示，群眾有時候不是那麼容易情緒轉換，國民黨辦竹北市長初選有簽同意書，很簡單，「把同意書拿出來看寫得很清楚」，還是那句話該善後趕快善後。黃國昌接著說，那天禮拜三（26日）談完，並沒有接到鄭麗文主席任何來訊，反而是新竹縣長楊文科，透過人來表達憂慮關心，國民黨中央必須嚴肅看待，信任是一點一點累積起來不容易，打破信任基礎會受到嚴重影響，「為了一顆樹，放火燒掉整個森林，到今天還是無法理解為什麼。」    ,https://news.ltn.com.tw/news/politics/breakingnews/5556968
鞭刑公投遭中選會否決 侯友宜：中選會審查應有一致性標準,政治,2026/08/30 11:15,鞭刑公投案遭中選會否決，新北市長侯友宜（左）表示，中選會審查應有一致性的標準，並清楚對外說明。（記者賴筱桐攝）中央選舉委員會28日審議立法院送出的3項公投案，最後否決「鞭刑入法」及「交通罰鍰專款專用」2項。新北市長侯友宜今天表示，中選會審查要有一致性標準，並清楚對外說明。侯友宜今天出席環保英雄表揚活動，媒體關切鞭刑公投遭中選會否決的看法。請繼續往下閱讀...侯友宜回應，中選會在審查公投議案的過程當中要非常明確，而且要有一致性的標準，很清楚的對外說明，哪些公投案要列入、哪些不列入。他相信立法院通過公投，這是民意的展現，所以中選會應該回應得更精準、明確。    ,https://news.ltn.com.tw/news/politics/breakingnews/5556971
廢除非核家園公投 國民黨：規劃百場下鄉宣講,政治,2026/08/30 11:14,國民黨文傳會主委陳以信。（資料照）年底選舉藍白提出三公投案，中選會週五決議「鞭刑」、「交通罰鍰專用」未通過，僅「廢除非核家園」通過。國民黨文傳會主委陳以信今（30）日表示，國民黨公投論述主軸鎖定「能源即國安、算力即國力、為AI拚能源、為發展投同意」，規劃百場公投下鄉宣講，訴諸全民爭取公投同意票。陳以信指出，國民黨所提出「廢除非核家園」核電公投業已成案，此項公投攸關整體國家競爭力。國民黨主席鄭麗文曾表示：「沒有電就沒有競爭力，沒有電力就沒有算力，也沒有高科技與AI產業。」鄭麗文批評，「民進黨為意識形態關閉核電廠，卻讓台灣能源結構被迫高度依賴天然氣，是將國家能源安全押在高度依賴進口的單一能源上。」請繼續往下閱讀...陳以信強調，國民黨公投論述主軸鎖定「能源即國安、算力即國力、為AI拚能源、為發展投同意」，訴求穩定供電、振興經濟與支持AI產業發展。國民黨未來將採取公投綁大選、在野合作、能源拚發展三項策略，結合地方候選人競選、黨慶及造勢活動，規劃百場公投下鄉宣講，及社群短影音等多元媒體宣傳，形成中央空戰與地方陸戰相互拉抬，訴諸全民爭取公投同意票，徹底下架民進黨錯誤的非核能源政策。針對中選會否決鞭刑、交通罰鍰專用公投案，陳以信表示，國民黨立院黨團已對中選會否決鞭刑公投強烈抗議並譴責，陳以信也批評「中選會不是太上機關，憑什麼幫人民決定何為重大政策？」畢竟公投可以投同意，也可以投不同意，但不應由中選會先替人民決定能不能投。    ,https://news.ltn.com.tw/news/politics/breakingnews/5556956
李四川問AI為何遭受批評 蘇巧慧：將運用新科技帶領新北市,政治,2026/08/30 11:09,民進黨新北市長參選人蘇巧慧表示，團隊常用AI分析、解決問題，未來會運用新科技來帶領新北市，迎向新時代。（記者賴筱桐攝）國民黨新北市長參選人李四川昨（29日）出席與新北市議員陳儀君的市政說明會，提及前陣子被對手攻擊很慘，詢問AI是什麼問題，AI告訴他：「川伯沒有選舉過，又不會選舉，又不太會講選舉語言」等，強調未來AI會納入市政應用。民進黨新北市長參選人蘇巧慧今天表示，團隊很常運用AI來分析、解決問題，將運用新科技來帶領新北市，迎向新時代。請繼續往下閱讀...蘇巧慧今天舉行客家後援會成立大會，媒體詢問，李四川問AI怎麼會遭受那麼多批評，但網友說李應該是不懂AI？蘇巧慧說，團隊很常運用AI來分析問題、解決問題，運用到各個面向上，常常在資料的分析與蒐集，還有在影像製作的時候，利用AI技術來加快速度。蘇巧慧表示，未來她也希望能夠協助中小企業，降低使用AI的門檻，進行跨縣市AI人才的交流和培育，並且用AI來降低公務人員的負擔。她做為新北市的新市長，會運用新科技來帶領新北市，迎向新時代。    ,https://news.ltn.com.tw/news/politics/breakingnews/5556963
鄭朝方反擊了！ 告吳子嘉涉不實指控損害名譽 發表3點聲明,政治,2026/08/30 11:08,鄭朝方委託請律師王裕文，針對吳子嘉涉及不實指控造成個人名譽損害，今到新竹地檢按鈴提告，並代為發表3點聲明。（記者廖雪茹攝）針對美麗島文化事業股份有限公司董事長吳子嘉，近期透過網路媒體及公開管道，多次對民進黨新竹縣長參選人、竹北市長鄭朝方發表相關言論，鄭朝方今透過律師發表聲明，指涉及當事人的指控與事實不符，已損及個人名譽，並正式向新竹地方檢察署提起刑事告訴。吳子嘉自8月4日起，在網路直播節目等平台，接連指控鄭朝方家族涉及土地開發、不明金流弊端、以及親戚名下的竹東農舍有逾百坪違建等，吳子嘉並具名向新竹縣政府檢舉竹東農舍違建，引發社會關注。請繼續往下閱讀...鄭朝方委託請律師王裕文，今天上午10點許到新竹地檢按鈴提告，並代為發表3點聲明。聲明首先指出，吳子嘉明知所述非實，仍公然散布流言，此舉已涉犯刑法及個人資料保護法等刑事責任，嚴重踐踏法治紅線。對於前述不實言論及相關指控，當事人鄭朝方先生嚴正否認，並鄭重重申自身清白。聲明表示，相關言論已逾越合理評論及言論自由的界線。鄭朝方為捍衛自身清白、名譽、合法權益及社會公義，正式提起刑事告訴，後續將循司法程序追究相關法律責任，並透過司法調查釐清事實、還原真相，以正視聽。律師也強調，選舉競爭應建立在事實與公共政策之上，不應透過未經查證的指控、影射或抹黑手段混淆社會視聽。鄭朝方依法登記為候選人後，如吳子嘉仍持續散布不實言論，或以相關不實訊息，意圖影響選舉公平及選民判斷，將蒐集事證，具體情況依《公職人員選舉罷免法》等相關法規，採取一切必要的法律行動、絕不寬貸。    ,https://news.ltn.com.tw/news/politics/breakingnews/5556958
新竹棒球場案挖出2026年寶特瓶 網懷疑林智堅是被栽贓嫁禍,政治,2026/08/30 11:04,新竹市立棒球場統包工程案，網友驚覺球場挖出了2026年寶特瓶，紛紛對此感到質疑。（資料照）新竹市立棒球場新建統包工程案經過新竹地檢署4年偵查後，前市長林智堅等公務員都獲不起訴，網友從不起訴書中驚見球場挖出2026年寶特瓶，紛紛懷疑林智堅是被栽贓嫁禍了。不起訴書指出，新竹市府找來營造公司對棒球場進行第2次開挖時，挖出的掩埋物中有1包是廢棄寶特瓶和其他垃圾，部分寶特瓶上製造日期為2026年，明顯是該營造公司施工時管理不善、工人遺留的物品。請繼續往下閱讀...有人對此懷疑這該不會是高虹安市府團隊帶進去的，但其他網友認為沒有證據不能這樣講，只能說是施工人員水準比較低把垃圾亂丟，還有網友感嘆林智堅應該是被潑髒水嫁禍了，但栽贓者卻不用付任何責任。    ,https://news.ltn.com.tw/news/politics/breakingnews/5556933
蔣萬安施政挨轟卻扯前鎮漁港   賴瑞隆怒了：來公開辯論,政治,2026/08/30 11:01,看不慣蔣萬安老扯高雄，賴瑞隆要求他講清楚前鎮漁港經費問題，否則就來公開辯論。（記者王榮祥翻攝）台北市長蔣萬安因為吸菸區、遮陽傘等爭議措施在議會挨轟，卻扯上高雄前鎮漁港！民進黨高雄市長參選人賴瑞隆今痛斥蔣萬安拿錯誤資訊誤導國人，要求蔣萬安說明，否則他會正式發戰帖邀蔣萬安公開辯論。對前鎮漁港相當熟悉的賴瑞隆說明，前鎮漁港每年產值超過300億元、周邊超過1000億元產值，是全世界最重要遠洋漁港之一，一年照顧約30萬就業人口，對高雄和台灣都非常重要。請繼續往下閱讀...但近50年來，前鎮漁港並沒獲得好的整建，因此他跟高雄區漁會謝理事長共同提出10億元的整建經費計畫，後來在蘇貞昌院長及陳其邁市長的支持下，爭取到81億元。賴瑞隆說，這81億元相較於台北果菜市場180億元來說、其實並不多，且對於50年來沒有進行相關設施整建的前鎮漁港來說非常重要，這不僅是台灣門面，也是高雄關鍵產業。81億元計畫包括深水碼頭25.24億元整建、多功能水產中心27.46億元、下水道工程15.64億元、周邊環境改善7.74億元，及船員服務中心近5億元，服務中心讓外籍漁工來台灣、來高雄後，不必再到加油站盥洗。賴瑞隆強調，81億元全都用在刀口上，蔣萬安市長卻誤導國人是從3000萬元變81億元。這跟他的吸菸區、遮陽傘爭議完全不一樣。他呼籲蔣萬安要有道德勇氣，市政建設做不好就清楚地向市民說明、向議員說明，不是問A答B、問台北扯高雄，甚至用錯誤的訊息誤導國人；他要求蔣萬安清楚說明，如果沒辦法清楚說明，將正式發出戰帖，邀請蔣萬安公開辯論。    ,https://news.ltn.com.tw/news/politics/breakingnews/5556953
中配陷兩難3-3》外婆是紅衛兵！一句「回去別亂說話」埋下反共種子,政治,2026/08/30 10:50,中配二代C小姐從外婆曾當紅衛兵的文革記憶，以及母親返中前一句「不要亂說話」，更早看見兩岸制度與資訊環境差異，也逐漸形塑自身的台灣認同。（美聯社檔案照）「母親叫我回去不要亂說話。」中配二代C小姐（化名）接受本報訪問透露，她從小聽母親講述外婆的文革經歷，返中探親前又被叮囑，反而更早看見兩岸制度及資訊環境的差異。她說，真正影響自己的並非父母來自哪裡，而是深受台灣民主薰陶後，「才知道哪些事情發生過，也知道自己生活在什麼樣的地方」。母親一句「到中國別亂說話」 成為反共啟蒙請繼續往下閱讀...C小姐提到，外婆年輕時曾是紅衛兵，跟著其他人闖入富裕家庭搜查、翻箱倒櫃，逼問財物藏匿地點，甚至動手打人。年幼的她雖不完全理解文化大革命，卻第一次知道，中國上一代曾經歷與台灣截然不同的政治年代。另一次返中探親前，母親特別叮囑全家，到了中國「不要亂說話」，遇到警察、軍人尤其要謹慎。母親告訴她，當地權力運作方式與台灣不同，有些事情可能透過關係或送禮處理，因此「不能得罪人」。這句提醒也讓她開始明白，在台灣可以隨口談論的事情，到了中國未必能說。這些童年記憶，後來成為C小姐理解中國政治的起點。她說，因為提早從母親及外婆口中接觸文革、威權統治及中國社會的另一面，求學期間接觸相關歷史時，反而主動搜尋中共過往，「會想知道以前還發生過哪些事情」，政治立場也逐漸轉為鮮明。疫情訊息兩個世界 同一家人認知截然不同COVID-19疫情期間，兩岸資訊落差再次衝擊她。當時母親與仍住在中國的阿姨通話，對方緊張警告，台灣會將未染疫者與染疫者關在一起，還催促母親趕快返回中國避難。C小姐回憶，母親聽完哭笑不得，「我們人就在台灣，實際情況怎麼樣，自己最清楚。」然而，身在中國的親友接收到的卻是完全不同的訊息。即使是一家人，也可能因身處不同資訊環境，對同一件事形成截然相反的認知。親歷兩種社會體制 中配母親更在意誰守住台灣相較之下，曾在兩岸生活過的母親，對台灣的選擇反而十分明確。C小姐說，母親在中國生活20多年後嫁來台灣，親身經歷兩種社會體制；即使台灣有治安、交通等問題，她幾乎未曾因此否定台灣，「連我都會抱怨台灣交通很差，但她很少抱怨台灣本身。」C小姐坦言，她長年觀察下來，猜測母親正因曾在另一套制度下生活，更珍惜台灣現有的生活方式；包括母親評價政治人物時，也不以外貌、傳統政黨傾向或「兩岸都是中國人」作為標準，而是在意「誰能守住現在的制度」。她舉例，母親過去曾支持陳水扁、謝長廷、蔡英文及賴清德；馬英九競選總統時，即使在部分女性選民間頗受歡迎，母親也未因此轉而支持，「她在意的不是誰比較好看，而是誰會守住現在的社會體制。」C小姐一家的經驗打破外界對中配家庭的刻板印象。第一代未必因中國成長背景而親近北京，第二代也不必然承接母親的原鄉認同；家族記憶、在台教育及兩岸生活經驗，都可能重新形塑下一代的身分認同。相關新聞請見：中配陷兩難3-1》上海房產全處分！徐春鶯一家三代移台軌跡曝光中配陷兩難3-2》一人涉案、全體惹疑？徐春鶯案恐掀寒蟬效應    ,https://news.ltn.com.tw/news/politics/breakingnews/5556839
中配陷兩難3-2》一人涉案、全體惹疑？徐春鶯案恐掀寒蟬效應,政治,2026/08/30 10:50,前民眾黨新住民委員會主委中配徐春鶯，因涉反滲透法、經營地下匯兌、詐貸，並以不實名義助滲透來源來台共4大犯行，一審依反滲透法等5罪判處7年徒刑。（資料照）中配徐春鶯涉受中共指示介入選舉、網紅「亞亞」鼓吹武統，接連事件使中配社群承受質疑。熟悉兩岸事務官員及偵辦過國安案件的檢調人士認為，中共滲透手法隱密，往往須待具體事證浮現，循金流及幕後組織追查，不應因少數個案將疑慮擴及所有中配，恐造成寒蟬效應。海基會長期將中配及其家庭列為重要服務對象，並透過相關團體掌握居留、戶籍、就業等需求。2024年，時任海基會秘書長邱垂正曾與30多名中配團體負責人座談，主張政府應走進社群、建立固定聯繫。徐春鶯等案件發生後，據悉，主管機關仍認為不宜因此疏遠中配，統戰疑慮越高，越應維持正常互動，避免少數激進人士的聲音被誤認為代表整體中配。請繼續往下閱讀...熟悉兩岸事務的官員觀察，多數來台多年的中配已適應民主與多元社會，未必認同鼓吹武統或強烈民族主義者，部分人甚至避之唯恐不及；真正值得警覺的，是少數具政治目的者借「中國人身分」、「同胞情感」或「遭受歧視」凝聚認同，將個人立場包裝成群體意志，進一步塑造中配與政府對立的印象。官員指出，中配居留、身分、家庭團聚等原本就是正常權益議題，但若有人刻意將政策爭議轉化為族群對立，再宣稱政府「打壓中配」，就可能把原本多元的社群意見壓縮成單一政治聲音，這也形成陸委會的兩難。一方面，中共可能透過婚姻、同鄉、社團等民間網絡尋找接觸、拉攏對象，中配只是可能被利用的群體之一；另一方面，若政府因此對整體中配提高戒心，又可能製造寒蟬效應，讓正常中配退出公共參與。檢調人士指出，實務上仍須查明當事人是否接受中共黨政、台辦或統戰系統提供經費、招待及指示，有無任務分工，甚至進一步招攬成員或從事政治動員，才能釐清是否涉及境外滲透。檢調人士表示，行為常隱身於社團、同鄉及人際網絡，不易在事前察覺；但少數人涉案後，外界疑慮也容易擴及整體中配，使未涉案者擔心遭貼標籤而不願發聲，反讓立場鮮明者成為社群主要聲音。相關新聞請見：中配陷兩難3-1》上海房產全處分！徐春鶯一家三代移台軌跡曝光中配陷兩難3-3》外婆是紅衛兵！一句「回去別亂說話」埋下反共種子    ,https://news.ltn.com.tw/news/politics/breakingnews/5556837
中配陷兩難3-1》上海房產全處分！徐春鶯一家三代移台軌跡曝光,政治,2026/08/30 10:50,中配徐春鶯受中共人士指示介入選舉，一審依反滲透法等罪判刑7年。（資料照，記者王藝菘攝）「台灣已經是我的家。」中配徐春鶯曾如此形容在台近30年的生活，出庭時更數度哽咽高喊「愛台灣」。據了解，她早已在台置產，原居上海的父母近年在她極力勸說下也賣了房來台長住，一家人的生活重心逐漸移往台灣；她卻受中共人士指示介入選舉，一審依反滲透法等罪判刑7年。熟悉兩岸事務、不願具名的官員透露，徐春鶯父母過去長期居住上海，原為當地拆遷戶，因拆遷取得房產後，近年陸續將相關房屋處分，約於2、3年前在女兒勸說下遷來台灣，至今大部分時間均在台居住；徐春鶯本人來台近30年，早已在台置產、工作及生活，女兒也在台成長。從徐本人到原居上海的高齡父母，到一家三代的居住與生活安排如今均高度集中於台灣，家庭生活重心已明顯由上海轉向台灣。請繼續往下閱讀...其實徐春鶯2023年傳出可能列入民眾黨不分區立委時，她曾說「台灣已經是我的家，而且準備到老去」；談及女兒自認是「台灣人」，與她原有的身分認知不同，當時一度讓她感到意外。官員說，第一代中配多在中國完成成長、教育甚至部分成年生活，對國家、民族及兩岸歷史的理解早已形成；來台後再接觸民主選舉、政黨競爭及不同歷史敘事，新的生活經驗可能改變政治態度，卻不代表原有認同必然被取代。對部分第一代中配而言，「台灣是我的家」與「我的國家是哪裡」，前者關乎在哪裡居住、成家、工作與終老；後者則牽涉成長經驗、歷史記憶、民族身分及對政治共同體的理解，生活融入與國家認同未必以相同速度改變。官員認為，徐案恰好呈現這種分層，第一代中配是在中國完成主要社會化後來台，台灣可以逐漸成為成家、置產甚至終老的地方，中國卻仍承載其早年的家庭、教育與民族身分；到了在台出生、受教育的第二代，認同形成環境已不同。徐春鶯母女出現的認同落差，也反映生活在同一片土地，不代表對「我是誰」會有相同答案。一方面，徐春鶯能否繼續留台，也面臨制度轉折。內政部已依「兩岸人民關係條例」等規定，簽辦撤銷或廢止其定居資格；若全案定讞，徐須先在台服刑，再依法處理出境事宜。若維持7年刑期，非累犯須服刑逾二分之一，且符合悛悔等條件，才可報請假釋；扣除先前羈押約6個半月，至少仍須再執行約2年11個月，才跨過假釋門檻。相關新聞請見：中配陷兩難3-2》一人涉案、全體惹疑？徐春鶯案恐掀寒蟬效應中配陷兩難3-3》外婆是紅衛兵！一句「回去別亂說話」埋下反共種子    ,https://news.ltn.com.tw/news/politics/breakingnews/5556836
外媒記者曝花蓮賄選嚴重 檢方：已分案調查,政治,2026/08/30 10:48,花蓮賄選風氣嚴重，一直都是地檢署查緝重點，代理檢察總長徐錫祥今年六月就親自到花蓮啟動查賄活動，透過行動劇演出候選人買票、選民賣票的內容。（記者王錦義攝）前《金融時報》（Financial Times）駐台記者席佳琳（Kathrin Hille）接受民視新聞專訪，談到台灣民主時，她提及長期居住的花蓮，直呼「那邊所有的票都是買的」，形容花蓮選舉賄選嚴重。花蓮地檢署指出，已經依據報導分案調查。花蓮選舉賄選風氣嚴重其實從歷年的查賄績效就可以看出，2018年花蓮賄選查出，買票最高一人高達10000，也因此花蓮一直以來都是檢舉獎金發最多的地方，2018年全國累積發5億檢舉金中，10分之1都在花蓮。2022年選舉，花蓮地檢署動員強力查察，共執行搜索72處所、傳喚147人到案，向法院聲請羈押7人獲准，並扣押賄款高達62萬餘元。請繼續往下閱讀...在花蓮還曾創下台灣地方自治史空前紀錄，2009年12月的第16屆三合一選舉中，光復鄉長選舉共有3名國民黨候選人登記參選，投票日前夕，花蓮地檢署大舉查賄，3名國民黨的鄉長參選人都被法院裁定羈押禁見，造成「所有候選人都在監所看守所、投票日沒人能出面投自己一票」的景象，創下台灣自治史首例，被羈押的黃榮成依然高票當選，但被提起當選無效之訴確定。由於花蓮賄選風氣嚴重，一直都是地檢署查緝重點，代理檢察總長徐錫祥今年6月就親自到花蓮啟動查賄活動。而除了候選人買票，部份選民也會兜售自己的選票，要候選人給予現金、請客吃飯花用，調查人員私下透露，有些選民把賄選視為理所當然的，候選人也不是亂買、亂撒錢，樁腳握有確認會收錢的「安全名單」，通常都是一個願意賣、一個願意買，無人檢舉、互相掩護，這也增加查緝的困難。席佳琳受訪表示，她現在住在花蓮鄉下，直言「那邊所有的票都是買的」，她的鄰居會透露「誰來過」，並把現金放在桌上說「今年一票多少」，讓她不可思議直呼：「你台灣都民主化多少年了？」席佳琳派駐過台北、北京、莫斯科採訪，對台灣的新聞自由曾感到困惑，直呼自己當時「太天真」。談到台灣未來時，她呼籲台灣全民要有共識，確定「我們是誰」，並努力活下來、保留自由。花蓮賄選風氣嚴重，一直都是地檢署查緝重點，代理檢察總長徐錫祥今年六月就親自到花蓮啟動查賄活動。（記者王錦義攝）    ,https://news.ltn.com.tw/news/politics/breakingnews/5556946
蔣萬安開學前再推「鮮奶3.0」 簡舒培怒批舊政策再包裝蠢到極點,政治,2026/08/30 10:44,台北市議員簡舒培今（30）表示，明日學生開學，蔣萬安竟端出「生生喝鮮奶3.0」，怒批從1.0、2.0一路喝到3.0，同一個政策換個版本、辦一次活動、再包裝成一次新政績。（取自台北市議員簡舒培臉書）開學日在即，台北市議員簡舒培今（30）表示，明日學生開學，蔣萬安竟端出「生生喝鮮奶3.0」，怒批從1.0、2.0一路喝到3.0，同一個政策換個版本、辦一次活動、再包裝成一次新政績。這種操作，連小學生都看得出來蠢到極點。簡舒培表示，明天學生開學，首都市長應該端出新的教育政策，告訴家長、孩子，新學期台北教育要往哪裡走。結果蔣萬安端出來的，居然是「生生喝鮮奶3.0」，說要把國中生也納入。請繼續往下閱讀...簡舒培直指，更諷刺的是，台北教育根本不是沒有問題。夏莉絲幼兒園爆出不當對待，幼兒園管理、通報、稽查機制一堆問題等著市府交代；校園安全、教師人力、課後照顧，還有營養午餐品質、食安、廚餘處理，哪一項不是家長每天真正在意的事？簡舒培問，生生喝鮮奶有3.0，這些教育問題的3.0在哪裡？孩子需要的，不是市長一次又一次拿著同一瓶鮮奶拍照宣傳，而是安全的校園、好的教育品質，以及孩子真的出事時，接得住孩子、接得住家長的市政府。簡舒培也說，「蔣萬安，除了鮮奶，你到底還拿得出什麼教育政績？」質疑一瓶鮮奶從1.0喝到3.0，就能一路當政績打到底，首都市長真的這麼好當嗎？    ,https://news.ltn.com.tw/news/politics/breakingnews/5556945
好預兆？ 陳素月曾煥燁選舉看板虎頭蜂窩連夜摘除 賴清美直言安全為重,政治,2026/08/30 10:37,彰化縣議員參選人曾煥燁看板後方因為助理去清雜草，意外發現黃腰虎頭蜂窩。（賴清美提供）摘除了！民進黨彰化縣議員參選人曾煥燁與縣長參選人陳素月的聯合看板，昨天（29日）2名助理因為要除看板後方雜草，意外發現有個籃球大的黃腰虎頭蜂窩，消防局委外的廠商昨天深夜連夜摘除，讓曾煥燁以及母親、縣議員賴清美都鬆了一口氣。賴清美說，有人說這是好預兆，應該等選後再摘，這當然是萬萬不可，民眾安全為重！賴清美表示，昨天得知位於和美鎮彰美路四段一處選舉看板後方的草叢有虎頭蜂窩後，就馬上聯絡消防局，因為目前捕蜂是委外處理，專業人士評估入夜摘除比較安全，因為入夜蜂群歸巢，活動力也降低，再一併將巢中虎頭蜂一併摘除，所以摘除作業到昨天晚間11點多才完成。請繼續往下閱讀...賴清美指出，有民眾跑來提醒，虎頭蜂是好兆頭，既然在選舉看板後方的草叢內也不會妨礙人，要不要等到選後再摘除，但她跟兒子一聽都搖頭說「千萬不行」，因為，萬一有個閃失，就會有人受傷，既然發現就要趕快摘除，民眾的安全最重要。何況，這面看板鄰近大型餐廳，許多民眾都會在路邊停車，摘除是為上策。不過，賴清美也說，這次摘除虎頭蜂，才發現單件摘除的委外費才600元，但業者出動了3個人，委外費實在太低了，希望明年編列相關經費應該提高金額才對。摘除了！彰化縣和美鎮彰美路四段草叢有籃球大的虎頭蜂窩，連夜摘除。（賴清美提供）摘除了！彰化縣和美鎮彰美路四段草叢有籃球大的虎頭蜂窩，就在選舉看板後方，已連夜摘除。（賴清美提供）    ,https://news.ltn.com.tw/news/politics/breakingnews/5556912
柯文哲台中拜票「場地被借走」 劉芩妤哀號「到底是誰」？,政治,2026/08/30 10:22,民眾黨創黨主席柯文哲（中）臨時改到青海、河南路口，陪西屯區民眾黨參選人劉芩妤（左）、北屯區議員參選人邱于珊（右）拜票。（記者黃旭磊攝）台灣民眾黨創黨主席柯文哲今天（30日）上午原擬到台中水湳市場拜票，民眾黨西屯區台中市議員參選人劉芩妤陪同，出發前卻被市場告知「場地被借走」，臨時改到青海、河南路站路口；劉芩妤無奈說，戰鬥陀螺、親子活動等多次場地接連「被借走」，「到底是誰（在卡我們）呢」？西屯區今天（30日）清晨艷陽高照，柯文哲頂著烈日陪劉芩妤及民眾黨北屯區議員參選人邱于珊拜票，一早8點臨時通知，水湳市場有申請40人集會遊行，「阿伯」被迫改到青海路站路口，戶外炎陽高溫讓助選人員汗如雨下。請繼續往下閱讀...劉芩妤表示，以先申請優先、沒想到仍被取消，之前戰鬥陀螺賽也因選舉相信很多人有壓力，會選擇暫時不租借場地，也很無奈「到底是誰呢（在卡我們）」？劉芩妤坦承，借她場地可能得罪別人，相信在西屯選舉大家還是很很和平，互相不會這樣子互相攻擊，也歡迎支持者來路口打卡、拍照一起加油。    ,https://news.ltn.com.tw/news/politics/breakingnews/5556910
外界憂黃國昌反悔參選新北市長 李四川：新北藍白合不會改變,政治,2026/08/30 10:16,李四川（麥克風前）說，這幾個月來，他都跟黃國昌聯絡，他敢確定，新北藍白合不會改變。（記者黃政嘉攝）竹北市長選戰「藍白合」破局，國民黨新北市長參選人李四川昨天表示，藍白合在新北市絕對不會改變；李四川今受訪再被問到，外界還是擔心民眾黨主席黃國昌會不會反悔登記參選新北市長？李四川回應，這幾個月來，他每個月都跟黃國昌聯絡，他敢確定，在新北市，藍白合不管在選前或是選後，「都不會改變」。李四川今早到蘆洲慈惠堂參拜前受訪，對於外界還是擔心會不會最後黃國昌反悔去登記參選新北市長，有沒有這樣的可能性？請繼續往下閱讀...李四川回應，從這幾個月來，他每個月都跟黃國昌聯絡，「我們聯繫相當地暢通，也相當的良好」，所以他敢確定，在新北市，藍白合不管在選前或是選後，都不會改變。    ,https://news.ltn.com.tw/news/politics/breakingnews/5556907
新竹棒球場案獲不起訴 林智堅吐心聲：輕舟已過萬重山,政治,2026/08/30 10:07,新竹市前市長林智堅今早發文，抒發對棒球場案不起訴的心情。（取自林智堅臉書）新竹市立棒球場統包工程近日獲新竹地檢署偵結，前市長林智堅等人獲不起訴，林智堅今（30日）早也在臉書發文，他說這2天收到許多朋友關心的電話和訊息，收到不起訴處分書，心情相當平靜，對於結果，並不意外，只是終於真相大白。他也以「雲在青天水在瓶」、「輕舟已過萬重山」形容自己的心境。他說，4年的時間，無論是對自己，或對同仁來說，都是相當漫長的。不過，司法終究還他清白，也還給勇於任事的同仁一個公道。棒球場的案子，地檢署在不起訴書中說的很清楚，工程的疏失，應該要透過契約與相關法規來要求廠商，而不是無止盡的臆測，過去市政府在媒體上的指控，卻無法提出事證，政治上的抹黑，已經達成少數人的政治私利。請繼續往下閱讀...新竹棒球場不起訴重點一次看！ 林智群嘆：有民眾黨證就可造謠胡說他說，自己其實沒有太多情緒上的波瀾，只是不捨當年優秀的同仁，被捲入這場政治風暴，甚至要放下他們最熱愛的工作，他為他們感到不平，更為新竹這座城市感到惋惜。他也提到，過去和優秀同仁以及建築師們一起努力，透過設計力導入公共建設改變新竹，無論是新竹公園、新竹動物園、進擊的公園、南寮漁港、魚鱗天梯、波光市集、微笑水岸、路平專案、竹科X、新校園運動、通學步道、兒童醫院，更透過城市級的活動，像是風的運動場、台灣設計展、光臨藝術節、仲夏藝文季，都讓市民感受到新竹的改變，也讓外地來的朋友，感受到不一樣的新竹。新竹棒球場案挖出2026年寶特瓶 網懷疑林智堅是被栽贓嫁禍但，很遺憾，這樣的新竹經驗，卻因為2022年的選舉，對手刻意藉由新竹棒球場攻擊，讓光彩的新竹蒙上一層灰。如今，身為新竹市民，期待市政建設能夠回到正軌，無論是什麼樣的工程，都應該努力改進缺失、回應市民的期待；完工啟用時，更應該給第一線辛勤付出的公務同仁一個掌聲，因為他們才是這座城市進步最重要的螺絲釘。他更期盼這座城市，不要再因為政治惡意的攻訐，造成分裂，希望藉由司法的調查，讓棒球場的紛擾盡早落幕，還給球員和球迷一座更好的環境，更期待新球場能夠迎來職棒賽事，讓大家一起見證這座球場與新竹的風采。最後林智堅也以「雲在青天水在瓶」、「輕舟已過萬重山」，來形容自己的心境。    ,https://news.ltn.com.tw/news/politics/breakingnews/5556908
張凌赫＋AI成統戰新招？綠轟國民黨大砍文化預算：幫北京清空道路,政治,2026/08/30 09:56,民進黨中國事務部今天表示，中共全面升級對台文化統戰，在野的國民黨卻在立法院帶頭大砍台灣文化傳播預算，無異替中共統戰「清空道路」。（圖擷取自民進黨中國部臉書）民進黨中國事務部今天表示，中共全面升級對台文化統戰，正利用流量明星、AI及短影音演算法大舉輸出政治敘事，同時打壓台灣文化；在野的國民黨卻在立法院帶頭大砍台灣文化傳播預算，無異於自拆文化防線，替中共統戰「清空道路」。民進黨中國部指出，中國廈門市8月18日發布「促進對台交流合作十二條措施」，第一條就提出，要讓閩南文化成為促進兩岸「心靈契合」的重要紐帶；後續措施更納入青年交流、影視產業、AI漫劇、微短劇及台灣IP改編。請繼續往下閱讀...民進黨中國部認為，這不只是一般交流措施，而是中共對台文化統戰的全面升級，從傳統的宗親、民俗與青年交流，進一步延伸到影視明星、短影音、人工智慧與演算法，企圖把政治統戰包裝成文化娛樂，從台灣人的日常生活下手，逐步影響語言習慣、歷史記憶與國家認同。民進黨中國部提到，今年6月廈門海峽論壇，邀請在台灣具有高知名度的中國男演員張凌赫出席，公開呼籲深化兩岸影視、音樂與文化交流，顯示中共正把「流量明星吸引青年、文化活動建立情感、AI內容擴大傳播」串成新的對台統戰鏈，透過影劇與娛樂降低政治戒心，再利用AI降低內容製作成本，透過短影音平台與演算法，反覆傳播「兩岸同文同種」、「共同中華文化」及「兩岸一家親」等政治敘事。民進黨中國部指出，在中共統治下，郭德綱在舞台演出中改唱歌詞，就遭行政機關立案調查；李昊石一句脫口秀碰觸解放軍，整間笑果文化遭到重罰；藝術家高兟批判毛澤東，更被判刑入獄。這證明在中共眼中，文化只能是服從政治、服務政權的工具，不符合中共官方敘事，就審查、抵制、封殺。民進黨中國部痛斥，中共對台灣文化的打壓更是不遺餘力，2018年金馬獎導演傅榆發表台灣主體性相關言論後，中國國家電影局隔年便宣布暫停中國影片及人員參加金馬獎。方相舞蹈團赴義大利演出時，識別證被強印五星旗；南投民和國中濁岸合唱團受邀赴維也納演出，卻因中國施壓遭到取消；到中方要求國際展覽將「Taiwan」改為「China Taiwan」，也證明中共要的不是平等交流，而是「台灣被矮化、創作者先表態、文化服從一中」。民進黨中國部痛斥，荒謬的是，當中共正加大文化統戰與國際敘事攻勢，國民黨卻在立法院大砍台灣文化預算！在國民黨與民眾黨主導下，文化部、公視、TaiwanPlus及文策院等預算均遭刪凍。其中，國民黨立委翁曉玲、林沛祥更以媒體宣傳費「沒有必要」為由，提案將文化部4738萬元媒宣費全數刪除。民進黨中國部表示，一邊是中共投入更多資源，運用明星、影視、短影音與AI向台灣輸出政治敘事；另一邊卻是國民黨帶頭刪凍文化預算，削弱台灣創作者、公共媒體及國際傳播平台說出台灣故事的能力。當北京全力搶奪台灣青年的目光，國民黨卻拆除台灣的文化傳播工具，其客觀效果就是削弱台灣、配合北京，替中共文化統戰大開方便之門！民進黨中國部呼籲，台灣支持健康對等、無政治前提的交流，但絕不能將統戰當交流、讓北京壟斷文化定義，面對新型統戰，台灣更應壯大自身的文化內容、公共媒體及國際傳播能量，更不能讓國民黨一面削弱台灣文化，一面替北京的文化統戰清空道路，台灣必須守住自由多元的故事、認同與民主主體性。    ,https://news.ltn.com.tw/news/politics/breakingnews/5556894
暌違七年 台灣外長出席PIF 將與理念相近國家元首及政要交流,政治,2026/08/30 09:17,"外交部長林佳龍和帛琉總統惠恕仁，以及美國、日本、澳大利亞駐帛琉使節與代表，共同出席「榮邦特展」（Pacific Prosperity Exhibit）開幕。 ​（外交部提供）第五十五屆「太平洋島國論壇」（Pacific Islands Forum, PIF）領袖峰會於8月30日至9月4日在我國友邦帛琉共和國舉行，包括馬紹爾群島、吐瓦魯、紐西蘭、澳洲及斐濟等國預計由總統或總理等層級與會，美國由副國務卿藍道出席。已於帛琉訪問的外交部長林佳龍，除代表台灣參與PIF峰會週一開幕典禮，也將出席「台灣／中華民國與太平洋島國論壇國家對話會議」，與太平洋友邦國家進行對話，亦將與理念相近國家代表團在會議期間進行交流。去年PIF峰會由索羅門群島主辦，主辦國以檢討外部夥伴參與機制為由，未邀台灣在內的對話與發展夥伴出席領袖峰會，引發關注。今年PIF由帛琉主辦，與我理念相近國家均派出高階代表團參加。台灣政府除全力協助帛琉籌辦，林佳龍並率團與會。此次代表團也廣邀亞洲台灣商會聯合總會、磐石會代表，以及台灣能源、科技、食品、營造及有機農業等產業代表，共同參與相關交流活動。請繼續往下閱讀...根據帛琉當地媒體報導，本屆論壇預計15個太平洋國家元首或政府高層與會。本屆論壇主題總結為「B.E.L.A.U.」，包括：Building Economies （打造經濟）。Life （守護生命與提升生活）：著重氣候變遷調適、公共衛生與基礎醫療提升。Action （付諸行動）：落實「2050年藍色太平洋大陸戰略」。以及Unity （凝聚團結）。特別因日前在斐濟舉行的太平洋外長會議，各國因諾魯與吉里巴斯等親中陣營的阻撓，未能就「反對中國在太平洋進行飛彈試射」發表聯合聲明。為此，吉里巴斯總統抵制出席這次峰會，僅派前大使與會。外界因此關注這次峰會是否觸及相關地緣政治議題。我國於1992年經PIF領袖決議，以「台灣／中華民國」（Taiwan/Republic of China）名義成為論壇「發展夥伴」（Development Partner），並自1993年起持續參與PIF。但中國不斷阻撓，屢屢施壓要求移除台灣參與地位文字。先前蔡英文政府時期，僅在2018及2019兩年派出外長參加。歷經七年，台灣再度派出外長與會。至於中國與會層級。根據外電，中國政府這次指派太平洋島國事務特使錢波率團出席。中國外交部在峰會前夕曾公開向PIF秘書處施壓，要求遵守所謂的「一中原則」並反對台灣參與。錢波曾擔任中國駐斐濟大使。    ",https://news.ltn.com.tw/news/politics/breakingnews/5556865
蔣萬安「寶立答B」為何針對高雄？網評：藍營攻擊高雄的策略,政治,2026/08/30 07:21,好過日解析「保利答B」 近一個半月來「問T答K」內容。（記者王榮祥翻攝）台北市長蔣萬安面對詢問常「問A答B」、被取了新外號「寶立答B」，近1個半月至少4度「問T答K」（問台北答高雄），外界好奇為何總針對高雄？臉書社群「高雄好過日」分析，除了對市政的無能，背後可能與藍營集中攻擊高雄的選戰策略有關。「好過日」彙整蔣萬安最近4次說嘴高雄案例，7月16日，答詢巴威颱風放假決策時批評綠營縣市，提到高雄前年10月沒達標也放假；事實上當時山陀兒造成高雄市區遭17級風重創，市長陳其邁依天然災害停止上班及上課作業辦法第3條第3款宣布放假。請繼續往下閱讀...7月17日，台北市議員顏若芳問「台北是否抽驗過苯駢芘」？蔣萬安答詢反問「我問你，高雄有驗嗎？高雄有驗嗎？雙標」！事實是高雄針對苯駢芘5年檢驗18次，台北同一時間0次。8月28日，台北市議員洪婉臻針對格柵吸菸區拆除質詢，蔣萬安回嗆高雄九如橋花了5億元，護欄也重新粉刷，民進黨議員要標準一致「你同意嗎」？事實是九如橋5億元包含拆除、橋體、前後引道等工程，欄杆施工有問題但沒拆，責令廠商改善。8月28日，台北市議員簡舒培對質詢信義區百萬遮陽，蔣萬安卻提高雄前鎮漁港申請3千萬，結果變81億元，「議員要不要標準一致？怎麼不吭一句」？事實是前鎮漁港3000萬是疏濬經費，因全台最大遠洋漁港啟用迄今超過50年，中央評估後，決定大幅整修。好過日分析4個「問T答K」例子，研判背後原因除蔣萬安對市政的無能和對高雄的偏執外，可能還有其政黨在選戰中、集中攻擊高雄的策略選擇；柯志恩已多挖300多億預算給大台北，大幅擴張南北差距，造謠「污衊高雄」和實質「重北輕南」的兩面手法，顯然是藍營主要戰略。    ,https://news.ltn.com.tw/news/politics/breakingnews/5556819
中國出入境新制將上路  陸委會：新增7台灣人失聯、累計426人,政治,2026/08/30 06:53,陸委會公布最新國人赴中港澳安全動態週報。（圖取自陸委會臉書）首次上稿 08-29 23:54更新時間 08-30 06:53陸委會29日公布最新國人赴中港澳安全動態週報，自2024年1月1日起迄2026年8月27日止，國人赴中失聯、遭留置盤查或疑遭限制人身自由計426人，與上週相較，增加7人，陸委會也提醒，中國新的出入境規定將在9月15日上路，國人行前應多注意。請繼續往下閱讀...陸委會表示，國人赴中失聯、遭留置盤查或疑遭限制人身自由計426人，其中失聯160人（上週155人，本週新增5人）、遭留置盤查36人（未增加）、疑遭中方關押230人（上週228人，本週新增2人），提醒計畫前往中港澳的國人多加留意。中國將於9月15日實施「國務院關於出境入境管理的規定」，不過新規尚未上路，近日中國各大機場已開始擴大對出境人員的審查，有中國民眾在上海浦東機場出關，所搭乘航班有一半人員全被攔下。陸委會也多次提醒，中國新規將既有管制措施明文化，但相關定義仍模糊、具高度任意性，提醒民眾中國可能將持台胞證者納入管理，增加國人赴中之人身安全風險。    ,https://news.ltn.com.tw/news/politics/breakingnews/5556792
台中開學加贈「台式L形大雞腿」  綠議員：盧媽媽煙花宣傳,政治,2026/08/30 06:02,台中開學營養午餐加贈「台式L形大雞腿」，圖為學童享受午餐情形。  （中市府提供）「週一開學加菜台式大雞腿」！台中近400所各級學校明天週一（31日）同步開學，烏日龍井區國小家長表示，小朋友聽到開學日午餐要端出「大雞腿」非常興奮，直呼消除大半開學憂鬱感，民進黨台中市議員曾威認為，開學送大雞腿是市長盧媽媽（盧秀燕）煙花式作秀，「餐費加至80元，午餐好吃更實在」。台中市115學年度首推國中小免費營養午餐，由中市府編列每餐約60元至70元餐費預算支應，家長不需負擔午餐費用，市府強調，週一（31日）開學加碼贈送3天雙主菜、2天蛋料理升級，公立學校餐費加菜補助80元，將有台式大雞腿與砂鍋魚兩道雙主菜。請繼續往下閱讀...烏日龍井區國小家長表示，台式大雞腿是在便當店起碼150元「L形大雞腿」，學童都非常期待。台中市議員曾威說，這是典型盧媽媽「煙花宣傳」，大雞腿吃不到一週，恢復每餐不到70元菜色，學童嫌不好吃、校園廚餘增量，一週後又要煩惱去化廚餘，再編預算進行「學校午餐廚餘減量計畫」。曾威強調，營養午餐政策需持續而非僅「大雞腿」煙花宣傳，建議餐費加至70-80元，學童認爲午餐好吃就把午餐吃光光，不需家長另準備便當，廚餘自然減量減少去化。中市教育局長蔣偉民說，開學起推動國中小免費營養午餐政策，公私立學校約24萬名學生受惠，一年相關預算規模約40億元，為讓孩子感受新學期幸福，開學首週公立學校每名學生加菜補助80元，安排豐盛餐點，讓免費午餐不只是「免費」，更是送給孩子開學祝福。    ,https://news.ltn.com.tw/news/politics/breakingnews/5556805
住花蓮驚見「現金放桌上」！前《金融時報》記者：那邊票都是買的,政治,2026/08/30 06:02,花蓮東大門夜市。（資料照，記者王錦義攝）首次上稿 08-30 00:03更新時間 08-30 06:0211月28日的九合一大選倒數剩不到3個月，前《金融時報》（Financial Times）駐台記者席佳琳（Kathrin Hille）接受民視新聞專訪，談到台灣民主時，她提及長期居住的花蓮，直呼「那邊所有的票都是買的」。請繼續往下閱讀...席佳琳受訪表示，她現在住在花蓮鄉下，直言「那邊所有的票都是買的」，她的鄰居會透露「誰來過」，並把現金放在桌上說「今年一票多少」，讓她不可思議直呼：「你台灣都民主化多少年了？」席佳琳指出，她派駐過台北、北京、莫斯科採訪，對台灣的新聞自由曾感到困惑，直呼自己當時「太天真」。談到台灣未來時，她呼籲台灣全民要有共識，確定「我們是誰」，並努力活下來、保留自由。影片曝光後，網友紛紛留言「在花蓮這是再平常不過的事情」、「買票本來在花蓮就不是秘密」、「花蓮地檢的檢察官們有聽到了嗎？積極一點吧！拜託」、「花蓮王就是花蓮人養成的，無視一票的價值」、「難怪花蓮會淪落至此」。相關新聞外媒記者曝花蓮賄選嚴重 藍營：不該一竿子打翻外媒記者曝花蓮賄選嚴重 檢方：已分案調查    ,https://news.ltn.com.tw/news/politics/breakingnews/5556787
星期專論》中共與解放軍的軍事擴張洪流即將來襲,政治,2026/08/30 05:30,"圖為解放軍在閱兵典禮上展示的東風-26中程彈道飛彈。（路透檔案照）◎費學禮（Richard D. Fisher, Jr.）在不擇手段妄圖稱霸全球的野心驅使下，中國共產黨及其黨軍中國人民解放軍正在挹注兩場區域戰爭，同時威脅引爆進一步的軍備競賽，藉此改變全球權力平衡，以推進中共的最終目標。請繼續往下閱讀...俄羅斯與伊朗的戰爭行動，正獲得中國在無人機零組件與飛彈燃料方面的實質援助。二〇二六年迄今，中國的這類援助使俄羅斯對烏克蘭的無人機與飛彈攻勢，比二〇二五年增加六十％，中國提供的零組件也讓伊朗在二〇二六年得以對沙烏地阿拉伯與波斯灣國家，發射多達七四〇〇架無人機與飛彈。然而，即使在非戰爭狀態下，馬來西亞首相安華（Anwar Ibrahim）近期的言論，也凸顯了中國勢力的腐蝕作用。二〇二六年八月十六日，安華向半島電視台（Al Jazeera）表示，他就算不完全支持，也能理解中國為何揚言要動用武力，達成與台灣「統一」的目標。他說：「我認為台灣是中國的一部分，就這樣……如果一個州決定分離出去，我們是否會使用武力？我想我會，（為了）保護國家的神聖與統一。」無論安華的意圖為何，這番言論似乎並未充分考量到，一旦中共對台灣發動戰爭，將對馬來西亞自身安全造成何種後果，包括可能引發重大難民危機，以及中國在東南亞地區擴大軍事施壓。中國恐以台海戰爭為藉口 入侵菲巴丹群島中國可能會以台海戰爭為藉口，入侵菲律賓的巴丹群島（Batanes）與巴拉旺省（Palawan）——這些地區早已是中共宣傳機器覬覦的目標——進而可能將解放軍部隊推進至馬來西亞邊境。安華曾遭被中國勢力收買的前任首相馬哈地（Mohammed Mahathir）惡意抹黑與監禁（一九九八年十月，筆者曾為傳統基金會撰寫簡評，為安華遭馬哈地迫害發聲），但身為現任首相，安華似乎並不介意將台灣人民推向中共的暴政，屆時台灣男性將被徵召去入侵鄰國，甚至可能包括馬來西亞。馬哈地與安華是絕佳的負面教材，說明中國如何利用其飛速增長的經濟與軍事實力，馴化區域領袖配合中共的目標，包括支持對台灣及其他國家發動戰爭。這反過來又促使中共投入規模更龐大的計畫，讓全球權力平衡朝著有利於中共的方向傾斜。靠經濟、軍事馴化區域領袖 配合中共目標超越洲際彈道飛彈：中共與解放軍正在進行的最具野心投資之一，就是企圖顛覆當前以搭載核彈頭的洲際彈道飛彈（ICBM）與潛射彈道飛彈（SLBM）為基礎的飛彈／核嚇阻體系。誠然，解放軍第二代小型核彈頭有望將其部署的戰略核彈頭數量提升到三千至四千枚，但相較於解放軍對約廿三家號稱「民營」企業的投資，可能還是相形見絀。這些官方附隨組織企圖成為下一個太空探索科技公司（SpaceX）——這家美國企業在二〇二五年以一七〇次太空發射紀錄傲視全球，數量幾乎是中國的兩倍。二〇二六年迄今，已有兩家中國企業展示具備第一節可重複使用能力的太空發射載具（SLV）：二〇二六年七月十日，中國航天科技集團公司（CASC）展示近地軌道運載能力達十噸的「長征十號乙」火箭；二〇二六年八月十八日，「藍箭航天空間科技公司」（LandSpace）展示運載能力達八噸的「朱雀三號」火箭。這些載具最終或可匹敵運載能力達廿噸的SpaceX「獵鷹九號」（Falcon-9）。另有五家中國企業正在開發可將約一百噸酬載送入軌道的大型太空發射載具，這些載具的第一節推進器同樣可重複使用，展現出比肩SpaceX超重型火箭「星艦」（Starship）的野心。此外，還有五家中國企業正計畫打造總數達三萬八千顆寬頻衛星的巨型星系，藉此抗衡SpaceX預定部署的四萬兩千顆「星鏈」（Starlink）寬頻衛星——而星鏈正是讓烏克蘭得以在戰場上存活的關鍵。這些中國巨型星系將有助於解放軍未來執行全球性的有人與無人軍事行動，並為數千枚體積極小但具備高機動性的極音速滑翔載具（HGV）彈頭，提供持續性的標定數據，這些彈頭將由中國大量儲備的可重複使用太空發射載具負責運載。這些衛星將可在全球範圍內，全天候精準標定敵方武器，甚至是關鍵政治與軍事要員的住所，從而加速讓洲際彈道飛彈走入歷史。全球性核動力海軍：美國政府自二〇二〇年起便已承認，擁有全球船艦數量最龐大的海軍，無疑有助於中共與解放軍改變權力平衡。當中國海軍取得由中國出資建造的港口使用權時，海權平衡將進一步傾斜。這些港口包括巴基斯坦的瓜達爾港（Gwadar）——可包圍印度並控制進入波斯灣的通道，以及秘魯的錢凱港（Chancay）——可確保直通拉丁美洲西部，並有助於掌握足以孤立澳洲與紐西蘭的航線。然而，一旦中國海軍有能力部署全核動力、航速達卅五節的航空母艦戰鬥群，海權平衡的改變將更為迅速。這些艦隊或許能在大約一週內，從海南島部署至紐西蘭。美國海軍早在一九五四年就部署核動力潛艦（SSN），核動力航艦（CVN）也在一九六一年服役，一九六一年至一九九九年間甚至還有核動力戰鬥巡洋艦，但中國海軍現正全力追趕，投入鉅資發展核動力船艦。中國海軍全力追趕 投鉅資發展核動力船艦解放軍正大幅擴增其核動力潛艦產能，可能很快就會開始獵殺美國海軍的核彈道飛彈潛艦（SSBN），而且可能正在建造其首艘核動力航艦。此外，中國船舶重工集團公司（CSIC）第七一九研究所（武漢第二船舶設計研究所），在二〇一八年九月透過模型展示披露，中國可能正在發展一款美國海軍從未擁有過的核動力綜合補給艦（AORN）。一旦中國海軍進一步打造核動力綜合補給艦，其提供航空燃料、備用武器與艦艇物資的能力，將倍增其軍力投射能量，讓中共得以憑藉核動力戰鬥群的高速機動優勢，遂行脅迫與恫嚇。控制太陽系：中共顯然十分清楚，如果無法控制地月系（Earth-Moon System），並將勢力延伸至太陽系，使其成為未來「太空經濟」（Space Economy）的主要規則制定者與仲裁者，在地球上稱霸將毫無意義。這項計畫絕對不會寫進未來的中國太空「白皮書」中，但在二〇二三年八月，中國航天科技集團公司曾舉辦一場研討會，說明該公司在過去兩年中，如何構思一份為期百年的藍圖，目標就是佔領太陽系，或是擴張中共的控制權，充分反映了中共的野心。掌握通往月球的管道，將有助於提升解放軍控制其戰略性「拉格朗日點」（Lagrangian Points）的能力，使其能以低耗能方式部署軍事偵察或作戰平台。建構「行星防禦系統」 防止潛在的撞擊二〇二六年六月卅日，中國國家航天局小行星監測預警研究中心首席科學家李明濤透過國營電視台宣布，這些平台將包括軍民兩用的偵察與太空作戰系統，用以建構防範小行星撞擊地球的「行星防禦系統」。李明濤指出：「我國正在論證小行星防禦系統」，並特別提到建造大口徑地面與太空望遠鏡。同日，中共黨媒《環球時報》引述經常受訪的軍事專家宋忠平說法，建議利用「重力牽引器、激光（雷射）燒蝕和連續推進技術，最終目標是提前將小行星推離地球軌道，從而防止潛在的撞擊。」我們可以預期，只要解放軍有此意圖，他們也能利用「重力牽引器、雷射燒蝕」技術，對付試圖前往月球的美國或其他國家的太空船；或者，當偵察與管制系統進一步建置完成後，用來箝制進入火星的通道。所幸，針對中共與解放軍未來在這三個領域的軍力投射，美國也正在積極應對，而且有能力協助廣泛的盟邦與民主國家陣營，擬定聯合反制的對策——但前提是華府及其盟友在國防與科學研究上持續投入可觀的經費。美國積極應對 助民主國家陣營聯合反制二〇二六年八月廿日，川普政府發布關於「國家太空運輸政策」（The National Space Transportation Policy）的總統備忘錄，聲明：「到二〇三〇年，我們的太空運輸量能必須擴大，以實現每年超過一千次的發射與重返大氣層任務。」除了在太空發射載具與發射設施上投入龐大的公私部門資金之外，這項計畫也應該爭取美國盟友的參與，尋求建立合資企業，以拓展其自主進入太空的能力——面對中共與解放軍將其快速擴張的太空能力用於軍事用途，這或許可以提供有效反制的選項。川普總統在二〇二五年十二月廿二日宣布，美國海軍將建造新型的核動力戰艦，讓華府許多人大為振奮；若該計畫落實，將可為美國海軍的航艦戰鬥群，提供防空與飛彈防禦的全速護航。這項決定或許日後將被證明深具遠見。川普在首屆總統任內的二〇一七年十二月，也展現卓越領導力，決定恢復被前任總統歐巴馬（Barack Obama）於二〇一〇年四月取消的美國載人登月計畫。歐巴馬的這項決定，讓中國得以享有充裕的時間，推進其載人登月計畫，在美國重返月球之前或約略同一時間，將中國太空人送上月球。川普政府於二〇二六年三月決定加速美國的月球基地建設計畫，預計在二〇三六年前進行七十九次太空發射，並建立四個月球居住艙。這為盟國政府、已簽署由美國主導的《阿提米絲協議》（Artemis Accords）的七十個國家，以及民營太空企業開啟絕佳契機，得以貢獻己力或受惠於美國與彼此共同開發的技術。中共將繼續投注鉅資，發展擴張其全球影響力所需的軍事、經濟與科技能力。民主國家的反制之道，則是投資維護自身行動自由所需的能力。但要達成這個目標，也必須在國防、科學、太空基礎設施與盟邦合作上，做出持續且堅定的承諾。（作者費學禮為美國智庫「國際評估與戰略中心」資深研究員。國際新聞中心陳泓達譯）◎費學禮（Richard D. Fisher, Jr.）    ",https://news.ltn.com.tw/news/politics/paper/1768594
庇護工場事件 引發負面外溢效應》藍縣市首長「希望翁曉玲能夠安靜」,政治,2026/08/30 05:30,國民黨立委翁曉玲刪總統府國務機要費，導致庇護工場月餅訂單被取消，引發黨內抱怨，有縣市首長表達「希望翁曉玲能夠安靜」。（資料照）國民黨立委翁曉玲提案刪除總統府國務機要費，導致庇護工場月餅訂單被取消。據了解，國民黨立委在群組裡抱怨此事引發外溢效應，收到不少選民的負面反映，還有縣市首長向立委表達「希望翁曉玲能夠安靜」，縣市長參選人私下更痛罵翁，事情甚至嚴重到國民黨團總召傅崐萁致電叫翁「閉嘴」。黨內抱怨 傅致電叫翁「閉嘴」黨內人士指出，有立委在群組分享收到地方基層及選民對於庇護工場訂單被取消的反映和感受，認為此事已引發外溢效應，雖然這些「抱怨」沒有「指名道姓」，但大家都心知肚明就是在提醒翁曉玲，不過翁曉玲對此事並沒有回應。請繼續往下閱讀...黨內人士表示，由於立委抱怨、縣市首長抱怨、縣市長參選人也抱怨，大家都受到不少波及，後來傅崐萁才致電翁溝通此事。不過該人士說，要翁閉嘴可能不容易，人貴自知，但翁完全不覺得自己有問題，「她不懂得什麼叫做閉嘴」。翁仍嗆要刪明年青鳥綠媒飼料費翁昨仍在臉書揚言，很快地就要審查一一六年度中央政府總預算了，她會認真找出這些青鳥綠媒飼主， 大幅刪除他們的「飼料費」（預算經費），人民的納稅錢不是給青鳥綠媒用來製造對立衝突和散播謠言的。近期傳出有國民黨立委私底下發起，未來可能不會再幫翁曉玲連署爭議提案，就怕被牽連。有立委私下表示，翁曉玲這些案子之所以會成案，就是因為大家認為都是同事，不好意思不簽，雖然幫她連署不代表會去論述她的案件，但現已演變成，案子出事後翁還繼續鬧事，所以就有委員開始說，以後她的案子都不簽了。黨內人士直言，翁曉玲就是「飄」了！覺得自己的臉書都幾千、幾萬個讚，自詡是戰神。有立委抱怨，翁曉玲都沒想她在攻擊別人時，最後受影響的都是區域立委，「被砍都是我們的肉，流的是我們的血，這是不對的」。有立委直言，這些票是一票一票拜託來的，但翁曉玲是「一卡車一卡車幫我們倒票」。有藍委稱翁倒票 不再幫連署黨務人士表示，甚至有聽到有立委在問，是不是可以拔掉她的不分區？該人士說，有些人攻擊黨主席，攻擊黨內立委都要被停權了，翁曉玲這樣鬧到黨主席鄭麗文、台中市長盧秀燕和藍委都要出來替她收拾殘局，都不需要處置嗎？害到大家沒票、黨的形象受損，開除黨籍也不為過。    ,https://news.ltn.com.tw/news/politics/paper/1768591
民眾黨出招彰化換竹北 柯文哲：黃國昌、鄭麗文商量看看,政治,2026/08/30 05:30,民眾黨創黨主席柯文哲昨到彰化縣輔選，對於邱臣遠參選竹北市長，柯直言「選到底」。（記者張聰秋攝）民眾黨創黨主席柯文哲昨到彰化縣輔選，民眾黨擬推彰化縣黨部副主委賴銀柱參選彰化縣長，柯文哲也表示支持。對於竹北選戰，他直言「邱臣遠選到底」，並說，竹北是民眾黨全台灣支持度最高的地方，邱臣遠的資歷沒有問題，他主張「黃國昌與鄭麗文兩個主席商量看看」，不行的話只好兄弟登山各自努力。協商若無結果 「兄弟登山各自努力」柯文哲也提醒說，竹北如果有四個、甚至五個人參選，情緒可能外溢到新竹縣長選戰，屆時整個選局都會受到影響，因此黃國昌、鄭麗文還是要把後續怎麼處理談清楚。請繼續往下閱讀...政壇解讀，柯文哲想以彰化的藍白合作，換取國民黨在竹北市長支持民眾黨。因為國民黨彰化縣長參選人魏平政，是鄭麗文力挺，魏平政選情仍有很大的努力空間，民眾黨若再推人選競逐，對魏平政無疑是「雪上加霜」。相忍顧全大局 「為何不是國民黨？」柯文哲昨在彰化縣總工會的活動前，接受媒體聯訪時表示，竹北的事情不應該發生，並認為國民黨、民眾黨事前大家就應該協調好。他說，黃國昌早在一、二週前就曾說明，希望鄭麗文迅速承諾，原以為雙方應該已經談妥，沒想到後來又出現變化，讓他質疑為何國民黨總是要求民眾黨「相忍顧全大局」，「忍讓」卻不是國民黨？柯文哲接著表示，既然已經發生了還是要善後，不能隨便壓下去。「我還是主張，黃國昌主席跟鄭麗文主席，你們兩個趕快去商量。」民眾黨彰化縣黨部擬推縣黨部副主委賴銀柱參選彰化縣長，縣黨部主委溫宗諭表示，賴銀柱是企業家，若能代表民眾黨參選彰化縣長，可提供支持第三勢力的選民另一個選項。對於是否會因竹北局勢調整彰化布局，柯文哲說，選情「一日數變」、「一夕數驚」，這種黨務的事就讓主委傷腦筋。媒體再追問是否支持邱臣遠「選到底」，他說，「那只有選到底啊，不然怎麼辦？」邱臣遠昨受訪時表示，前天記者會後「支持者的情緒爆表」，確實有讓藍白破局效應外溢到其他縣市的聲音，但希望不要外溢到其他的縣市。黃國昌也說，「新竹縣跟竹北市的事情，就留在新竹縣跟竹北市；其他的地方，民眾黨說到做到」。    ,https://news.ltn.com.tw/news/politics/paper/1768683
民進黨徵召卡伊．馬賴 參選竹市山原議員,政治,2026/08/30 05:30,卡伊．馬賴。（卡伊．馬賴提供）新竹市第十二屆市長暨市議員選舉八月卅一日到九月四日登記，市議員部分因地方制度法修正，新竹市年底議員席次將新增一席山地原住民議員，此席次也成為各政黨必爭席次，包括國民黨及民眾黨都已提名，而民進黨也不會缺席，將徵召立委伍麗華國會辦公室副主任卡伊．馬賴參選，會與民進黨新竹市長參選人莊競程及黨內提名的十名市議員參選人九月三日一起登記參選。這席兵家必爭的山地原住民議員新增席次，國民黨提名林夏陞、民眾黨提名趙若芸，另有無黨籍楊家玲及雲翔都表態參選，民進黨確定徵召卡伊．馬賴參選，呈現參選爆炸情形。據了解，新竹市山地原住民約兩千九百人，以泰雅族為最大宗，多因求職、就學分散定居，排灣族則集中在千甲里周遭。請繼續往下閱讀...莊競程競辦總幹事、市議員劉康彥表示，民進黨提名的十席議員參選人加上山地原住民議員參選人卡伊．馬賴，都會在九月三日上午十點左右，與莊競程一起到選委會登記參選，展現民進黨團結態勢，當天立法院永遠的總召柯建銘及莊競程的太太也會陪同登記。    ,https://news.ltn.com.tw/news/politics/paper/1768652
新竹棒球場工程案偵結 高虹安市府將提再議、民事求償,政治,2026/08/30 05:30,新竹市立棒球場統包工程案，新竹地檢署近日偵結，前市長林智堅及市府公務員獲不起訴處分。市議員直言，市長高虹安、民眾黨創黨主席柯文哲欠林智堅與市府公務員一個道歉。不過，新竹市府昨表示，市府將依法提出再議，並追究相關廠商應負之民事及履約責任。（資料照）新竹地檢署就新竹市立棒球場案件作成不起訴及緩起訴處分，新竹市府昨強調，尊重檢方職權與司法程序，但對部分事實認定及法律評價仍有釐清必要，市府將依法提出再議，並追究相關廠商應負之民事及履約責任。市府：不起訴不等於工程符合契約新竹市府在近三千字的回應稿中指出，棒球場工程是否存在問題，是有實際開挖結果、第三方專業鑑定、審計調查以及監察院糾正等客觀資料可供檢驗，不會因不起訴處分而消失。請繼續往下閱讀...市府強調，不起訴處分是檢方依刑事犯罪構成要件及現有證據所作的法律判斷，刑事責任是否成立，與工程是否符合契約、設計圖說及應有品質標準，屬不同層次的問題。因此刑事案件不起訴，不等於工程符合契約，更不代表廠商可以免除履約及損害賠償責任。市府並指出，已就工程缺失、改善修復及無法正常營運等相關損害，向巨佳營造提起民事訴訟，求償逾四億元。對於廠商依約應負之履約責任，市府不會放棄，將持續依法求償。另市府將依檢方處分書所確認的相關事實，檢視廠商及相關業者是否符合「政府採購法」第一〇一條刊登政府採購公報等相關要件，依法辦理後續程序。市府將以檢方已認證的違約具體事證及偽造文書之違法行為，另行以民事究責向廠商求償。    ,https://news.ltn.com.tw/news/politics/paper/1768684
斗六市長選戰 3女將提出建設藍圖,政治,2026/08/30 05:30,賴淑娞。（記者黃淑莉攝）距離年底九合一選舉剩不到三個月，雲林選戰氣氛熱起來，尋覓許久，藍營確定由政治素人謝憲昇參選下屆大埤鄉長，昨天團結大會縣長張麗善等人到場力挺；另斗六市長三名參選人也提出打造斗六建設藍圖。斗六市長選情緊繃，三名參選人勢均力敵，以無黨參選的賴淑娞昨天公布打造斗六友善花園城市規劃，建設以中央公園、梅湖公園及寵物公園為基礎，逐步打造兼具休憩、觀光、生態與永續的城市環境。請繼續往下閱讀...代表民進黨參選的尹令瑛強調以交通帶動經濟，好的交通才能讓城市動起來，未來將全面改善人行道與危險路口，同時活化商圈、市場及老街。國民黨參選人黃尤美說，未來將持續推動親子友善、運動友善、長者友善及全齡共享的公共空間。大埤鄉長「三腳督」競爭激烈大埤鄉長選戰升溫，除民進黨提名陳世彬、無黨籍退休斗南警分局偵查佐黃富昭也表態參選，泛藍陣營尋覓許久確定推出謝憲昇，形成「三腳督」局面，競爭激烈。五十一歲謝憲昇學校畢業後即在大埤鄉農會任職，對會務、推廣、供銷業務都熟悉，去年退休後經營農藥行，家族成員多數為公務人員，他表示，自己從沒想過要從政，但地方鄉親鼓勵他擴大服務，還有多位地方「頭人」一再勸進，希望他承擔更多責任，思慮後決定接受挑戰，為家鄉服務，讓大埤鄉更進步。尹令瑛。（記者黃淑莉攝）黃尤美。（記者黃淑莉攝）    ,https://news.ltn.com.tw/news/politics/paper/1768640
國民黨版無人載具條例三讀 政院將追加預算 明年總預算提修正案,政治,2026/08/30 05:30,國民黨版無人載具條例三讀，行政院將編入今年度追加預算，明年度總預算案將提出修正案。（資料照）立法院院會廿七日三讀通過國民黨版「強化國防自主暨無人載具產業發展條例」，據了解，行政院擬「副署」該條例，並編入本週四院會將通過的今年度追加預算；至於明年度總預算案廿八日已陸續送抵立院，無人載具預算來不及編列，將提出修正案，可望與總預算案併案審議。立法院遲至十四日才三讀今年度中央政府總預算，據指出，行政院原預計廿七日就要通過追加預算案，但考量當天立院要表決無人載具條例，因此決定延後一週處理，並視三讀結果，調整追加預算案。請繼續往下閱讀...待國防部報告後 再定追加金額據分析，行政院盼加速建軍，擬「副署」無人載具條例，因此在條例三讀後，僅表達高度遺憾，並稱會「儘速編列所需預算」。此外，政院也考量，若不副署，恐讓藍白在年底選戰有操作空間。國防部日前已證實，一．二五兆元政院版的國防特別條例遭刪減項目將全數納入今年度追加預算，換言之，無人載具也會納入，至於最終追加金額，待行政院長卓榮泰本週聽取國防部報告後，才會正式拍板。非特別條例 提追加預算沒問題不過，條例才三讀、總統尚未公布，依法可否編追加預算？知情人士解釋，該條例並非特別條例，也不是特別預算，總預算原就可提追加預算，「沒有什麼問題」。行政院當初以特別預算來處理無人載具部分，因此明年度總預算並未編入無人載具，預算書卅一日前要送抵立院，也來不及修正，據了解，若等明年度總預算三讀後再追加，恐緩不濟急，行政院將在適當時機，提出總預算案的修正案送立法院與總預算案併案審議。    ,https://news.ltn.com.tw/news/politics/paper/1768589
鄭麗文：承接1.5萬盒庇護工場禮盒,政治,2026/08/30 05:30,國民黨主席鄭麗文昨表示，將全數承接庇護工場一點五萬盒中秋禮品。（資料照）總統府原定向卅七家庇護工場及身心障礙福利團體採購中秋禮品，卻因立院通過國民黨立委翁曉玲刪除總統府國務機要費預算提案，而取消一點五萬盒訂單。國民黨主席鄭麗文昨表示，這一點五萬盒中秋禮品，她將全數承接，不讓庇護工場已經投入的心血付諸流水，更不能讓身心障礙朋友成為政治鬥爭的犧牲品。綠：早知如此何必當初「早知如此，何必當初！」民進黨政策會執行長吳思瑤受訪直言，不管從台中市長盧秀燕要用公帑來加購庇護商品，或是鄭麗文要用國民黨的錢來支持庇護商品，當初不要砍預算就好了。請繼續往下閱讀...吳思瑤說，立法院不是只有一位翁曉玲，當時該議案投下贊成票的有五十七個立委，等同有五十七個「翁曉玲」，砍了人還把自己當成大善人，說自己要掏腰包、要挽救庇護工廠；她更不想看到像盧秀燕這一類，還持續在庇護工場的傷口灑鹽，一再地抹黑總統府棄單，「冤有頭、債有主」，砍預算的是五十七個藍白「翁曉玲們」。鄭麗文昨說，看到相關消息後，最讓她難過的不是政治上的口水，而是庇護工場的工作夥伴突然面對訂單取消。她指出，政府預算如何審查、朝野如何攻防，都有民主制度與憲政程序可以處理。總統府身為國家最高行政中樞，更應珍惜政府信用，不能把一筆原本充滿善意的公益採購變成政治攻防的工具，更不能在訂單取消之後，讓最無辜、最沒有能力承擔政治風險的弱勢團體承受後果。鄭強調，購買一點五萬盒禮品沒有複雜的政治目的，只是讓每一位努力工作的身心障礙朋友知道，他們認真做出的產品有人珍惜，他們付出的每一分勞動都值得尊重。鄭麗文也呼籲，政治紛爭不應凌駕人性，不能踐踏政府信用。總統府留下的缺口，她願意全數接起來，希望大家一起讓今年的中秋少一點政治算計，多一點對弱勢的支持，對勞動的尊重，以及台灣社會最珍貴的人情溫暖。    ,https://news.ltn.com.tw/news/politics/paper/1768592
中選會駁鞭刑、交通罰鍰專用公投 賴中強：放行「廢除非核家園」是政治考量,政治,2026/08/30 05:30,經民連智庫召集人賴中強昨受訪表示，公投旨在彌補代議政治不足，若要創制或複決法律，立法院自己就可以修法。（資料照）避免直接與國會在野多數對抗年底選舉藍白提出「廢除非核家園」、「鞭刑」及「交通罰鍰專用」三項公投案，中選會決議僅「廢除非核家園」成案。對此，經民連智庫召集人賴中強昨受訪表示，公投旨在彌補代議政治不足，若要創制或複決法律，立法院自己就可以修法。立法院不應放下自己的職責不行使，多此一舉要求人民公投。中選會駁回前兩案完全合憲合法，至於讓非核家園案過關應該是避免與國會多數對抗的政治判斷。賴中強指出，依現行「公投法」，立法院雖可提出公投案，但範圍並非毫無限制。中央層級公投包含立法複決、立法原則創制及重大政策創制複決，但立法院既具立法權，唯一適合提出的應是針對行政機關的重大政策創制或複決，否則公投後仍須回到立法院修法，無異於勞師動眾推動無效公投。請繼續往下閱讀...他分析，藍白提出的三案本質上都涉及法律創制或複決。中選會將「鞭刑公投」排除完全正確，鞭刑公投若要落實，必須修改刑法總則有關刑罰種類規定，屬立法原則創制，且中選會亦已明確點出鞭刑違反國際人權公約；交通罰鍰專用同樣涉及立法，民進黨團過去曾提案將罰鍰部分或全數用於交通改善，卻遭藍白否決，如今反而透過公投推動，顯得自相矛盾。至於唯一過關的廢除非核家園公投，賴中強認為，該案在法律層面相當牽強。「環境基本法」已明定政府應逐步達成非核家園目標，若藍白反對，應直接修法，而非要求人民公投；若作為政策公投，也應具體說明欲廢除的期程目標。他研判，中選會最終放行該案，主要是政治考量，不希望直接與藍白國會多數對抗。    ,https://news.ltn.com.tw/news/politics/paper/1768686
監察權若移交 陳永興：立院恐淪政治怪獸,政治,2026/08/30 05:30,彭明敏文教基金會昨辦座談會，前監委紀惠容（左）與監委被提名人陳永興（右）都出席參加。（記者叢昌瑾攝）監察院自八月起陷入無委員運作的空窗期，藍白仍堅持廢除監院。對此，第七屆監察院長被提名人陳永興昨天直言，「監察院廢不掉」主因是修憲門檻極高，若將監察權移交政黨對立的立法院，恐淪為政治怪獸，若真要修憲應由總統召開國是會議，邀集五院、各政黨、學者及弱勢團體凝聚全民共識，修憲才可能成功。監察院八月起進入無委員「空窗」狀態。第六屆監委已卸任，但立院行使監察院人事同意權案，將延至九月廿九日立院新會期開議當天才進行，導致現階段監察院面臨完全無委員運作的困境。請繼續往下閱讀...針對監院廢存？陳永興昨出席彭明敏文教基金會舉辦的主題講堂指出，監察院在現行體制下「廢不掉」，修憲門檻需立法院四分之三通過及公投九百萬人贊成，若由立法院發動修憲並接收監察權，政黨對立的國會恐淪為怪獸。若未來出任院長將成立修憲小組提出完整版本，但主張應仿效李登輝前總統模式，由總統出面召開國是會議，邀集五院、各政黨、學者及弱勢團體凝聚全民共識，修憲才可能成功。    ,https://news.ltn.com.tw/news/politics/paper/1768593
鄭朝方提治理藍圖 打造關西成竹縣京都,政治,2026/08/30 05:30,"民進黨新竹縣長參選人鄭朝方表示，竹北的蛻變已逐漸成為「城市治理的樣板」，盼延伸至全縣。（記者廖雪茹攝）民進黨新竹縣長參選人鄭朝方近日接受電視專訪，分享三年多來的竹北治理成果；他指出，竹北的蛻變已逐漸成為「城市治理的樣板」，盼未來能將這套成功經驗延伸到全縣，讓其他十二個鄉鎮市共享建設與福利，像是人文底蘊深厚的關西鎮，未來希望整合老街、古蹟與農業地景，打造成「新竹縣的京都」！竹北成功經驗 盼延伸到全縣鄭朝方強調，「治理不能只有一套答案」，高鐵區重視生活品質，舊城區需改善人行道與基礎建設，農漁村則需完善農路。他以仁義市場改造為例，團隊從管線整頓到結構補強，並將閒置空間化為溫馨的「市場客廳」，完工後業績平均增長一到三成，讓曾強烈反對的攤商在開箱時感動直呼「市長我愛你！」此外，他更透過「星際球場」與「竹北燈」，將美學設計融入人行道與綠帶，形塑專屬竹北的「城市語彙」。請繼續往下閱讀...用智慧科技大幅簡化行政流程在行政效率方面，竹北發放六千元紓困金時，經團隊討論近百次，規劃出「溫馨直送」、現金領取與E化申請等管道，最終高達九成市民線上完成申請，用智慧科技大幅簡化行政流程。面對屬於縣府權責的教育與交通兩大困境，他主動在市長權限內尋求突破，邀集交通部與教育部討論高中量能與聯外交通，並推動免費「黃金通學線」專車，用專業為通勤學子解決痛點。以看見問題、解決問題為準則專訪中，鄭朝方也化身客庄美食推廣員，熱情介紹關西仙草雞、新埔柿餅及北埔客家菜包。他指出，新竹縣擁有豐富物產，未來希望整合關西的老街、古蹟與農業地景，將其打造成人文底蘊深厚的「新竹縣的京都」，讓遊客走進巷弄感受客庄生活。他強調，未來將以「看見問題、解決問題」的準則，帶領十三鄉鎮市攜手進步，實現「竹北經驗，竹縣實現」的共好承諾。人文底蘊深厚的關西鎮，鄭朝方盼打造成「新竹縣的京都」。（記者廖雪茹攝）    ",https://news.ltn.com.tw/news/politics/paper/1768651
新竹棒球場案偵結林智堅不起訴 市議員：高虹安欠林一個道歉,政治,2026/08/30 05:30,新竹市立棒球場統包工程案，新竹地檢署近日偵結，前市長林智堅及市府公務員獲不起訴處分。市議員直言，市長高虹安、民眾黨創黨主席柯文哲欠林智堅與市府公務員一個道歉。（資料照）新竹市立棒球場新建統包工程案，歷經四年偵辦，新竹地檢署近日偵結，認定前新竹市長林智堅在內的公務員及巨佳營造統包商等人，均無收賄或圖利事證，予以不起訴處分。市議員楊玲宜昨痛批，新竹市長高虹安與民眾黨創黨主席柯文哲四年前高喊新竹大秘寶，證明只想藉新竹棒球場收取個人政治紅利並進行政治惡鬥，高、柯兩人欠林智堅與市府公務員一個道歉。偵辦四年 檢認定林無收賄、圖利新竹市立棒球場經新竹地檢署偵查終結，包括林智堅及市府公務員都獲不起訴處分。檢方處分書提及，經通訊監察、金流比對、搜索及帳務分析，均未發現林智堅或其他市府人員，與巨佳、艾奕康公司間有不法金流、收賄或圖利事證。審計及市府調查雖認有專案管理與監造角色混淆、採購程序及督導不周、未妥適驗收即開放使用等行政疏失，並已進行行政究責及移送監察院審查，但無積極證據證明，林智堅或其他公務員涉犯圖利或違反政府採購法罪責。請繼續往下閱讀...檢方不起訴書中也提到，棒球場工程雖有諸多瑕疵，市政府若認巨佳營造公司變更施作，造成超重而有公共安全風險等，應依相關法令及契約規範，或循民事途徑解決。有關高虹安市府開挖的廢棄物等內容，檢方也提到，工程契約及監造計畫已核准拆除產生之磚瓦、石塊等B5類剩餘土石方，經破碎後得於現地回填。市府兩次開挖雖發現部分未破碎石塊及其他異物，但數量有限且散落於外野，未符規範石塊僅占拆除工程產出B5類土石方約〇．七五％。針對外界質疑棒球場工程預算，由三．五億元追加到十一．五億元，涉嫌圖利廠商，檢方調查指出，預算增加主因係增列地下停車場、民富立體停車場整修、外野結構補強等十一項工項。此外，經調閱金流、監聽及搜索，均未發現林智堅或市府官員與廠商有不法金流。議員批高 利用棒球場政治惡鬥楊玲宜則表示，新竹地檢署公布新竹棒球場偵查終結的不起訴書，還給林智堅與市府同仁一個清白。她質疑說，棒球場被高虹安市府封閉四年多，至今無法開打職棒，附近居民月租停車場更被迫解約，高虹安到底為新竹球迷與市民爭取什麼福祉？只有不斷利用棒球場與林智堅做個人的政治紅利與政治惡鬥。    ,https://news.ltn.com.tw/news/politics/paper/1768682
中選會是太上皇？ 陳英鈐：駁2公投是依法運作,政治,2026/08/30 05:30,中選會日前審議三項公投案，僅「廢除非核家園」公投併入年底投票，「交通罰鍰專用」、「鞭刑」公投皆被否決。（資料照）中選會日前審議藍白三項公投案，僅「廢除非核家園」公投併入年底投票，「交通罰鍰專用」、「鞭刑」公投皆被否決，引起藍白痛批「自居太上皇、沒收民主」。中選會前主委陳英鈐昨表示，中選會是依法律程序運作，行政與立法的權限都有限，不可能什麼都照立委意見來做。「不可能都依照立委意見」陳英鈐接受本報訪問時表示，「交通罰鍰專用」公投涉及預算問題，而且侵犯地方權限，本來就不能交付公投，民眾黨若對中選會的決議感到不服，或認為中選會擴權、侵犯立法權，可提出行政訴訟，釐清問題，「不能說中選會嚴守法律規定就指責自居老大」。請繼續往下閱讀...針對「鞭刑」公投也被中選會否決，陳英鈐則說，鞭刑很明顯不能公投，除中選會提出違反「兩公約施行法」，目前我國刑法沒有「鞭刑」，除非立法院修法，但也高度有違憲疑慮。此外，要提公投的話只能提「立法原則之創制」，但只能由人民提起，立法院只能交付重大政策公投，否則就是越權。 「不是立法院交付的，公務員都必須照辦。」陳英鈐進一步指出，行政與立法權限都有範圍，「公務員服務法」第三條規定，若公務員認為長官命令可能違法，應負報告之義務，否則須自負責任。他說，幸好中選會扛下來，讓大家都鬆了一口氣，「因為鞭刑案如果過了，公投就『開花』了」。林俊憲批藍白鬧大笑話：自薦委員也不挺鞭刑公投民進黨立委林俊憲昨受訪時也批評說，在野黨用公投題目騙選票的企圖非常明顯，但鬧了大笑話，中選會委員全票一致否決鞭刑公投，其中有三位還是在野黨推薦的委員，等於連藍白自己推薦的委員都投下反對票。    ,https://news.ltn.com.tw/news/politics/paper/1768687
千餘嘉義鄉親挺沈伯洋 後援會成立,政治,2026/08/30 05:30,台北市長參選人沈伯洋29日出席「台北市嘉義鄉親挺沈伯洋後援會」。（記者方賓照攝）五星縣長翁章梁站台讚沈肯打拚 吳思瑤︰蔣執政成績看不到翁的車尾燈民進黨籍台北市長參選人沈伯洋的嘉義鄉親後援會昨成立，現場超過千人響應，「五星縣長」翁章梁也北上相挺。「嘉義女兒」競選總幹事吳思瑤說，台北市資源最豐富、預算最充足，但市長蔣萬安執政成績卻「看不到翁的車尾燈」。嘉義出生的高雄立法委員許智傑也說，蔣「總是蔣不聽、只會保力達B」，似在反擊蔣拿高雄「九如橋花五億元」回應吸菸區爭議，沈接力開酸，蔣可能想選高雄市議員，才會「問T（台北）答K（高雄）」。請繼續往下閱讀...立委許智傑︰蔣不聽、只會保力達B沈伯洋昨天行程滿檔，上午先至東湖五分市場掃街，一早就有至少兩百人至集合地點排隊等待合影，還有支持者自製並高舉「沈伯洋，戰神」手牌，沿著隊伍高喊「沈伯洋，凍蒜！」等候群眾也「很給面子」大聲響應，氣勢高昂；沈下午出席台北市嘉義鄉親挺沈伯洋後援會活動，翁章梁及嘉義縣長參選人蔡易餘等人到場共襄盛舉，現場湧入超過千餘名嘉義鄉親力挺，塞滿飯店會場。吳思瑤說，昨天是第一場同鄉後援會成立，北市資源最豐富、預算最充足，但媒體民調顯示，翁章梁在縣市首長滿意度中排名居高，蔣萬安完全看不到他的車尾燈，直言市民選錯人，沈伯洋具備專業、用心和勇敢的意志，當選後也會像翁章梁一樣讓台北更好。沈︰蔣問T答K 可能想選高市議員北上來看「洋流」！翁章梁提到，雖然參選初期沈伯洋可能不被看好，但其聰明、肯打拚，受過完整學術訓練，對市政熟稔、有問必答，走出去又能夠代表台灣，按照這個趨勢和速度，一定可以當選。沈伯洋也說，蔣可能比較累、眼睛模糊把質詢的台北市議員看成陳其邁，或是想選高雄市議員，才會「問T答K」。蔣稱「國務機要費可以有更有智慧的方式處理」，沈回，蔣選擇站在藍委翁曉玲這一邊，那是他個人的自由，投票前事前告知藍委不要跟著翁曉玲投，事情就不會發生，這才叫做更有智慧的做法。    ,https://news.ltn.com.tw/news/politics/paper/1768693
焦點評論》高虹安的政治羔羊,政治,2026/08/30 05:30,新竹市立棒球場統包工程案，新竹地檢署近日偵結，前市長林智堅及市府公務員獲不起訴處分。市議員直言，市長高虹安、民眾黨創黨主席柯文哲欠林智堅與市府公務員一個道歉。（資料照）記者洪美秀／特稿新竹市立棒球場二〇二二年七月中旬職棒賽事開打，但僅開打兩場，就因職棒球員受傷而暫停賽事，後續被現任市長高虹安在二〇二二年選舉時操作成「新竹大秘寶」，二〇二二年底高虹安當選市長，入主市政府，但棒球場已成高虹安的政治禁臠，四年來，棒球場被高虹安多次開挖。如今檢方刑事偵辦結果出爐，前市長林智堅等人獲不起訴處分，然新竹棒球場仍繼續被高虹安當成羔羊，市府公務員及市民只能跟著獻祭。回顧新竹市立棒球場四年的爭議始末，二〇二二年七月下旬，棒球場重啟原是令人振奮的喜事，但因職棒球員受傷而停賽，時任新竹市長參選人的高虹安將未全部驗收就啟用的新竹棒球場公共工程包裝成「新竹大秘寶」，進行選舉操作。高虹安當年順利入主市政府，四年來，從市府成立棒球場體檢會，找檢察官出身的蔡麗清擔任副市長，再到二〇二三年七月找美國草皮專家用怪手開挖棒球場，棒球場宛如高虹安的禁臠，只要高虹安不開心，就找棒球場開腸破肚。請繼續往下閱讀...而棒球場統包商也因高虹安市府的執意開挖及質疑棒球場覆土過高和地下停車場無梁版工法有結構安全疑慮向法院聲請保全證據，讓棒球場進入長達一年的停滯期，後續高虹安透過工程質疑與統包商解除部分合約，並在法院解除保全證據後，進入棒球場全面開挖，將開挖後的球場現況證據移送檢方，讓市民以為棒球場的大秘寶就要真相大白。如今隨著新竹檢方偵查終結不起訴，新竹棒球場又再度成為各說各話的政治紛擾。檢方的不起訴，棒球場案在法理上的刑事責任暫告段落，但政治上的「無期徒刑」早已執行，對林智堅在政治上的傷害已無可彌補。而同樣受害的是被邊緣化的市民、球迷與基層公務員，就連棒球場周邊商圈原本期待的賽事經濟效益也化為泡影。當高虹安將棒球場當成禁臠與武器，並不會因檢方的司法調查而結束，從高虹安另闢戰場，宣布欲將棒球場再度推向民事訴訟官司之際，棒球場註定繼續成為高虹安的政治羔羊，市民及球迷只能跟著被獻祭。    ,https://news.ltn.com.tw/news/politics/paper/1768685
年底選舉8/31起登記  高雄議員第2、6選區可能同額,政治,2026/08/30 00:18,圖為高市選委會。（記者王榮祥攝）年底選舉8月31日到9月4日登記，高雄11個議員一般選區中，二選區與六選區至今沒出現明確挑戰者、同額選舉機會高。二選區範圍涵蓋路竹、阿蓮、田寮、湖內、茄萣等5區，目前3席議員綠2藍1，分別為民進黨陳明澤、黃明太，國民黨李亞築，其中陳明澤已宣告本屆任期結束後，將交棒女兒陳琳潔。請繼續往下閱讀...六選區範圍涵蓋鼓山、鹽埕與旗津等3區，目前4席議員綠2藍2，分別為民進黨李喬如、簡煥宗，國民黨陳美雅、蔡金晏，其中暱稱「姐姐」的李喬如是高市議會最資深議員，年底要拚九連霸。二選區第4屆議員選舉時有5人登記，目前除爭取連任的兩位議員與接棒的參選人外，暫未浮現明確挑戰者；六選區4屆議員選舉時同樣5人競逐，登記前一天尚無其他人表態。高市選委會說明，今年底大選共5項，分別為高雄市長、市議員、里長、山地原住民區長、山地原住民區區民代表；議員有15個選區，包括11個一般選區共61席，加上1平地原住民選區、3山地原住民選區等4席，總席次65。一般選區席次依序為3、3、5、9、5、4、8、5、8、7、4席；因選區人口數異動，十選區（前鎮小港）由8席減為7席，七選區（三民區）由7席增為8席，席次最多的仍為四選區（左營楠梓）9席。民進黨高雄市長參選人賴瑞隆預計9月2日登記，透露屆時會邀請神秘嘉賓同台；國民黨高雄市長參選人柯志恩預定9月3日登記，同樣會請大咖助陣。    ,https://news.ltn.com.tw/news/politics/breakingnews/5556794
嘉義鄉親挺沈伯洋後援會成立  五星縣長翁章梁北上看「洋流」,政治,2026/08/29 23:55,台北市嘉義鄉親挺沈伯洋後援會今天成立，湧入超過千餘名嘉義鄉親。（記者方賓照攝）台北市嘉義鄉親挺沈伯洋後援會今成立，民進黨台北市長參選人沈伯洋合體嘉義縣長翁章梁、嘉義縣長參選人蔡易餘等人，現場湧入超過千餘名嘉義鄉親力挺。「嘉義女兒」競選總幹事吳思瑤表示，台北市長蔣萬安在滿意度上，完全看不到翁章梁的車尾燈。翁章梁則說，沈伯洋聰明、肯打拚，如今形成洋流，相信一定可以當選。吳思瑤表示，今日是沈伯洋的第一場同鄉後援會成立，現場超過千人響應，邀請「五星縣長」翁章梁到場，代表綠色執政、品質保證，北市資源最豐富、預算最充足，然從媒體民調可以看見，翁章梁在縣市首長滿意度中排名居高，蔣萬安完全看不到翁章梁的車尾燈，可惜市民選錯人；沈伯洋具備專業、用心和勇敢的意志，當選後會像翁章梁一樣，讓台北更好。請繼續往下閱讀...北上就是為了看「洋流」！翁章梁指出，雖然參選初期沈伯洋可能不被看好，但沈伯洋聰明、肯打拚，有想法且立場堅定，受過完整學術訓練，也做了很多功課，對市政熟稔、有問必答，走出去又能夠代表台灣，按照「洋流」形成趨勢和速度，一定可以當選。沈伯洋說，妻子在家也會看翁章梁介紹虱目魚的短影音，影片都有廿萬以上觀看數，嘉義風土民情本就豐富，也具農業、輕工業、無人機及深厚的文化底蘊，反觀蔣市長亂花錢弄吸菸室、遮陽傘，無法解決市政問題。現在有愈來愈多「洋流」支持者出現，令人感到窩心，首都就是要有氣勢，也要能帶領全台向前進，希望未也能讓其他縣市感受到這股「洋流」。蔡易餘分享，他是大沈一屆的台大法律學長，沈大學時就很活躍，會唸書又對動漫有研究，大四更擔任補習班的刑法教師，教材在大學界被視為考律師、司法官的聖經，培育的學生超過千名，之後考上律師也到美國讀書，回台後則曾任洪仲丘案的公益律師。思緒清楚，知道如何使用自身專業幫助他人，雖說蔣集所有資源於一身，但沈目前投入選戰表現佳，把蔣打到原形畢露，絕對可以讓台北順起來。嘉義鄉親挺沈伯洋後援會總幹事張傳為分享，他從嘉義北上來台北打拚、成家立業，看到沈如同兒子一般親切，沈作為五分埔的孩子，具備台北精神，也讓他對台北的未來看見希望；後援會主任委員李少桓說，自己來台北已一甲子，台北是第二個故鄉，看見台北最近幾年沒有進步和建設，很多事都卡住，希望嘉義鄉親可以給沈伯洋機會。民進黨籍台北市長參選人沈伯洋合體嘉義縣長翁章梁、嘉義縣長參選人蔡易餘。（記者方賓照攝）    ,https://news.ltn.com.tw/news/politics/breakingnews/5556790
鄭麗文喊1.5萬盒月餅全包滅火  她揭真相「翁曉玲打趴國民黨」,政治,2026/08/29 23:34,國民黨主席鄭麗文喊1.5萬盒月餅全包，民進黨台中議員陳淑華（左三）揭真相是「翁曉玲打趴國民黨」。（記者蘇孟娟攝）國民黨立委翁曉玲提案刪凍國務機要費3000萬，波及總統府原訂向庇護工場採購1.5萬盒中秋月餅被迫取消，引爆民眾怒火，國民黨主席鄭麗文今日宣布1.5萬盒月餅全包；台中市長盧秀燕為台中境內受到影響的弱勢團體月餅埋單計畫不變，民進黨台中市議員陳淑華指出，國民黨不是在認錯、補救，是國民黨成眾矢之的、更硬傷全國縣市長選情，「翁曉玲打趴國民黨」。翁曉玲提案刪凍國務機要費波及庇護工場1.5萬盒中秋月餅被迫取消，引爆民間怒火，鄭麗文今宣布將全數承接總統府原訂的1.5萬盒月餅禮盒，不讓弱勢替總統府棄單埋單；日前盧秀燕也表態台中市為台中境內受到影響的弱勢團體月餅埋單計畫，中市府指出，目前採購計畫不變。請繼續往下閱讀...陳淑華說，國民黨在刪凍總統府國務機要費預算後，因涉刪除弱勢庇護工場禮盒預算，引發全網反彈、爆擊、反噬國民黨2026年選情，國民黨不是在認錯、補救，國民黨是害怕了，害怕民調出現危機、硬傷全國縣市長選情。陳淑華說，總統府副秘書長何志偉不下十次拜託翁曉玲及國民黨，國民黨仇恨式刪凍預算本就不是正常所為，這下國民黨成眾矢之的，「真是翁曉玲打趴國民黨」。民進黨台中市議會黨團總召周永鴻則指出，本來沒有的事，在國民黨亂刪預算下捅出大簍子，要大家幫忙解決問題，如今假惺惺喊接單買單，全都是轉移焦點，「把預算恢復不就沒事」。    ,https://news.ltn.com.tw/news/politics/breakingnews/5556761
樹林市政說明會6百餘人力挺  李四川：29區都是本命區,政治,2026/08/29 23:27,國民黨新北市長參選人李四川（中）出席樹林市政說明會。（李四川競辦提供）國民黨新北市長參選人李四川29日與議員洪佳君在樹林舉辦市政說明會，現場湧入6百多名鄉親，齊聲高喊「凍蒜」，氣氛熱烈，李四川表示，在台北縣府、新北市府任職期間，走遍全新北推動各地建設，「29區都是我的本命區」，未來將接棒侯友宜市長，以實際經驗加速新北大巨蛋完工，並落實「南有巨蛋城、北有科學城」的願景，同步推動大漢溪捷運縱貫線、樹林鐵路地下化，翻轉樹林城市面貌、帶動溪南地區整體發展。新北市副市長劉和然、前內政部長李鴻源皆站台力挺李四川，劉和然表示，李四川從基層一路歷練，每一步都經得起檢驗，是接棒侯友宜市長持續推動各項建設的最佳人選，「未來的市長，就是李四川」李鴻源也大讚李四川是最適合新北、最有能力的市長，將以豐富的市政經驗，讓新北持續成為國際大城市。請繼續往下閱讀...李四川表示，新北大巨蛋選址於樹林，他過去曾參與興建台北小巨蛋、接手完成卡關多年的台北大巨蛋，未來會以實務經驗，延續侯友宜市長規劃，打造兼具運動賽事與演唱會經濟的新北大巨蛋，同時將分階段推動樹林鐵路地下化並延伸至鶯歌，推動樹林火車站立體化，打造巨蛋城新門戶。李四川也重申「大漢溪捷運縱貫線」政見，將自民生汐止線延伸，從大稻埕出發，串聯三重、新莊、樹林、土城、麥仔園、大柑園等地，讓新北大巨蛋帶來的不只是演唱會及觀賽人潮，更能串聯溪南產業與生活圈，帶動產業進駐、創造更多優質就業機會，全面提升樹林及溪南地區民眾的交通與生活品質，李四川的政見也獲得在地里長與鄉親熱烈支持。國民黨新北市長參選人李四川（中）出席樹林市政說明會。（李四川競辦提供）    ,https://news.ltn.com.tw/news/politics/breakingnews/5556684
盼注入清流、衝勁！4青年沒政二代光環  苦戰彰化市民代表,政治,2026/08/29 23:12,林亞軒挑戰彰化市代選舉。（記者張聰秋攝）年底彰化市民代表選舉，民眾黨彰化縣黨部首度在東、南、西、北4個選區均推派年輕人參選，郭凱倫、薛方壹、林亞軒、董立凱，4人皆非政二代，也沒有政治家族奧援，目前都在縣議員吳韋達服務處擔任幕僚，平日一邊接陳情、一邊會勘跑基層，希望年底進入代表會，為代表會注入清流與年輕人做事的衝勁及熱情。挑戰第三勢力艱困東區的郭凱倫，毅然捨棄150萬元金融業年薪返鄉，把過去開發業務的拚勁，轉化為為民服務的動力，一步一腳印走訪基層。請繼續往下閱讀...投入南區的薛方壹則是4人中唯一已有選舉經驗者，2022年首次參選僅差39票落選，隨後前往新竹市政府磨練近3年，吸收第一線市政經驗。返鄉加入吳韋達團隊，服務過程中發現，還有很多2022年想做的事都還沒實現，念頭一轉決定再戰。西區的林亞軒大學半工半讀，創業當電商，原本喜歡旅行及自由潛水、滑雪，還曾到西班牙生活1年，原以為人生就是到處旅行，卻因親身遇到法案問題，獲民眾黨立委協助諮詢金管會，第一次感受到制度並非遙不可及，而是會直接影響一個人的生活。後來進入吳韋達服務處，走進社區、參與包粽子、關懷據點等活動，聽見居民反映積水、垃圾及公園環境等問題，也讓她開始思考智慧停車、垃圾回收等市政改善。參選北區的董立凱本身具備水土保持的專業，熱愛釣魚休閒，因家門前溪溝突然出現「封溪護魚」告示，引發他對公共政策及觀光利用的思考，進而決定參選。加入吳韋達服務處後，他遇到八卦山中山里一處崩塌地，因縣府、國產署及水保署權責問題延宕2年，直到吳韋達協調中央、地方40多人現場會勘解決問題，展現專業監督的真實力。參選彰化市北區代表的董立凱發揮水土保持專業，盼用專業守護市民安全。（記者張聰秋攝）捲土重來的薛方壹出征彰化市南區代表，歷經新竹市政第一線歷練，帶著滿滿熱情回鄉。（記者張聰秋攝）郭凱倫捨棄150萬元金融業年薪返鄉，挑戰第三勢力很難選的彰化市東區市民代表。（記者張聰秋攝）民眾黨彰化縣議員吳韋達（右）今率領4位年輕的市民代表參選人共同亮相。（記者張聰秋攝）    ,https://news.ltn.com.tw/news/politics/breakingnews/5556687
新竹棒球場案》高虹安市府稱挖出大祕寶 不起訴書揭竟是「這1物」,政治,2026/08/29 21:27,新竹棒球場。（資料照，記者洪美秀攝）新竹棒球場統包案經新竹地檢署4年偵查，近期偵查終結，包括前市長林智堅等公務員都獲不起訴，市議員楊玲宜也取得林智堅共23頁的不起訴書內容，她提到，檢方以嚴謹的金融調閱、縮時攝影勘驗、證人交叉比對及科學數據，全面駁斥過去4年，高虹安對林智堅及市府團隊的所有政治指控。她提到，施工現場有長達3年多的縮時攝影，全程錄得清清楚楚、透明公開。幾萬坪的球場挖出的零星雜物「連一台休旅車都裝不滿」，甚至有寶特瓶印著2026年製造日期，根本是新市府團隊接管後的施工垃圾。請繼續往下閱讀...再者美國草皮公司BrightView 調查「未發現非法掩埋」，高虹安市府特地請來的美國專家檢測報告，直接證實球場根本沒有非法掩埋廢棄物。而高虹安市府宣稱挖出的20包塑膠大祕寶，實為廠商施工鋪設的軟墊、管線、PE網、澆灌系統、布設電纜線，全遭高虹安市府破壞。且廠商實際施作土層厚度遠優於原設計，施工成本自費增加了近350萬元，還進行地質改良優化地盤。檢方也全面比對林智堅、廠商、公務員等人帳戶金流與通訊監察，均查無任何相關不法事證，金流地毯式清查，零對價、零異常，清白毫無疑義。且棒球場預算增加是為提升球場整體品質與功能，新增停車場、外野結構補強及外野立面整修等11項實質工程規模擴大，完全依法合規。而市府的告發是毫無根據、純屬臆測，指控純屬造謠。    ,https://news.ltn.com.tw/news/politics/breakingnews/5556718
新竹棒球場案林智堅不起訴  曾翰揚：政治操作謊言不敵司法檢驗,政治,2026/08/29 20:55,新竹棒球場。（資料照，記者洪美秀攝）新竹市立棒球場案前市長林智堅獲不起訴，市議員參選人曾翰揚稱，市長高虹安為撈取政治利益，不惜將竹市過去幾年的重大公共建設全面抹黑。用鋪天蓋地的政治文宣、敲鑼打鼓的記者會，把守護兒童健康的市立兒童醫院和新竹棒球場形容得十惡不赦。但政治操作的謊言，終究敵不過司法與法院的檢驗。他說，先前民眾黨議員指控，新竹市立兒童醫院容積率暴增、涉嫌圖利。結果新竹地檢署已查明，該案不僅查無不法，整體規劃更是完全合法合規、造福大新竹地區兒童醫療的實質建設。請繼續往下閱讀...民眾黨議員用政治口水抹黑醫療專業，更直接被最高行政法院狠狠打臉。被藍白陣營當作政治提款機、政治秀場的新竹棒球場統包案，經新竹地檢署長達4年的嚴格偵辦，調閱所有金流、帳目與工程通訊。結果林智堅及相關公務員全數不起訴。他認為，這證明過去幾年政客口中的大秘寶，是徹頭徹尾的政治獵巫。而回顧桃園地方法院判決，法院認證高虹安市府在過去處理球場時，未依法辦理驗收就盲目開挖，甚至「阻礙驗收、破壞現場、拒絕配合法院依法發動的司法鑑定」。那場大張旗鼓、耗費公帑請來美國草皮專家挖球場，不過是齣昂貴的公關秀。因高虹安市府的行政失能與惡意拖延，本該在改善後就能正常啟用的棒球場，被無限期封鎖、反覆開挖，導致後續改善工程面臨無止境的重修與追加預算，且城市的形象，也被政治惡鬥摧毀殆盡。    ,https://news.ltn.com.tw/news/politics/breakingnews/5556702
行政、立法權限都有範圍！2公投提案遭否決 陳英鈐：不服中選會決議可提行政訴訟,政治,2026/08/29 20:23,中選會前主委陳英鈐。（資料照）中選會日前審議藍白三項公投案，僅「廢除非核家園」公投併入年底選舉投票，「交通罰鍰專用」、「鞭刑」公投皆被否決，引起藍白痛批「自居太上皇、沒收民主」。中選會前主委陳英鈐昨表示，中選會是依法律程序運作，行政與立法的權限都有限，不可能什麼都照立委意見來做，若藍白感到不服氣可提行政訴訟。陳英鈐接受本報訪問時表示，「交通罰鍰專用」公投涉及預算問題，且侵犯地方權限，本來就不能交付公投，民眾黨若對中選會的決議感到不服，或認為中選會擴權、侵犯立法權，可提出行政訴訟，釐清問題。「不能說中選會嚴守法律規定就指責自居老大。」請繼續往下閱讀... 針對「鞭刑」公投也被中選會否決，陳英鈐則說，鞭刑很明顯不能公投，除了中選會提出違反「兩公約施行法」外，我國目前刑法沒有「鞭刑」，除非立法院修法，但也高度有違憲疑慮。此外，要提公投的話只能提「立法原則之創制」，但只能由人民提起，立法院只能交付重大政策公投，否則就是越權。 「不是立法院交付的，公務員都必須照辦。」陳英鈐進一步指出，行政與立法權限都有範圍，「公務員服務法」第三條規定，若公務員認為長官命令可能違法，應負報告之義務，否則須自負責任。他說，幸好中選會扛下來，讓大家都鬆了一口氣，「因為鞭刑案如果過了，公投就『開花』了」。 至於「廢除非核家園」公投將併入年底大選投票，陳英鈐直言，這項公投案很多人根本不想去投，因為公投有沒有過可能沒差。經濟部已經核准，台電正在研提核二、核三再運轉計畫，這樣能說賴政府有「非核家園」政策嗎？「公投只是一個口號，沒過也不代表不能做」，搞不懂為何一定要投這個。 陳英鈐也指出，如果沒有公投案，選舉通常在晚上8點多就能完成開票，像2022年修憲公投併入九合一大選，拖到晚上11點才結束，選務人員從早上6點出門做到半夜，公投一案也會造成他們很大的壓力。」    ,https://news.ltn.com.tw/news/politics/breakingnews/5556694
九合一選舉8/31起登記 首日台中綠藍白3組人馬聯合登記,政治,2026/08/29 20:20,民進黨台中市英系市議員參選人，將在登記首日搶頭香聯合登記。（記者蘇孟娟攝）九合一選舉倒數3個月，台中市長及市議員選舉候選人訂8月31日起至9月4日，在台中市豐樂公園辦理登記作業，下週一8月31日登記首日，已有3黨3組人馬選定辦理聯合登記，包括民進黨英系8位市議員及國民黨新議政聯盟8位議員各將聯合登記，民眾黨6名市議員參選人，也將在民眾黨主席黃國昌陪同下聯合登記。至於台中市長登記，民進黨台中市長參選人、立委何欣純已敲定9月2日登記，國民黨台中市長參選人、立法院副院長江啟臣，則訂9月3日前往登記。請繼續往下閱讀...下週一的登記首日3黨3組人馬搶首日登記，包括民進黨英系8位市議員參選人上午9點將搶頭香辦理聯合參選登記，展現跨選區團結參選的決心與氣勢，並以「台中英・台中贏」、「台中英世代・創造欣未來」作為參選口號，宣示新世代團結拚市政、爭取市民認同。國民黨新議政聯盟8位議員參選人，也將在31日以百工百業裝扮聯合登記，象徵跟「百工百業站一起、市民最大我當家」；民眾黨6名市議員參選人則請出主席黃國昌陪同聯合登記。至於民進黨正國會議員及民進黨新潮流議員，不約而同選定9月1日聯合登記，以團結氣勢展現拚勝選決心。市長登記部分，何欣純選定9月2日辦理登記，至於江啟臣敲定9月3日登記。    ,https://news.ltn.com.tw/news/politics/breakingnews/5556690
北屯參加親子嗨翻泡泡派對 陳信秀喊「讓年輕人敢生、養得起」,政治,2026/08/29 20:11,陳信秀（前排左1）陪同何欣純（前排中）到上天宮參拜。（陳信秀競辦提供）台中市議員參選人陳信秀與前議員蔡雅玲，今天在富宇晴綻社區舉辦親子泡泡派對，現場聚集近300位大小朋友，一同走進漫天飛舞的泡泡世界，陳信秀強調，總統賴清德提出明年0-18歲每月5000元成長津貼政策，自己也與市長候選人何欣純共同提出生育補助加碼、托育量能增加等育兒政策，中央、地方攜手讓年輕人敢生、也養得起。前議員蔡雅玲連兩天陪同陳信秀在北屯舉辦活動，昨天何欣純到北屯信仰中心「上天宮」參拜，上天宮是北屯區北興里、東光里、三光里的代表公廟，何欣純說明政策，敬老愛心卡不限制、不歸零、爭取再加碼；捷運綠線延伸大坑段爭取4年內動工；加碼家庭育兒津貼，讓大家安心生、放心養等政見，陳信秀強調力挺，獲得現場鄉親熱烈回應。請繼續往下閱讀...今天親子泡泡派對，陳信秀表示，本次選在社區內舉辦，是因為北屯近年來人口快速增長，有許多新住民移入，期望透過活動方式深入社區，希望能將歡樂以及理念帶給大家外，也給孩子暑假的完美收尾。蔡雅玲表示，自己過去長期深耕教育、文化政策，陳信秀是北屯最年輕、經驗最完整的新人，拜託北屯的鄉親全力支持，讓陳信秀接棒蔡雅玲，為教育、親子來努力。陳信秀在北屯的社區舉辦親子泡泡派對。（陳信秀競辦提供）    ,https://news.ltn.com.tw/news/politics/breakingnews/5556682
參訪帛琉二戰遺蹟 林佳龍：和平需要每個世代共同珍惜守護,政治,2026/08/29 20:05,外交部長林佳龍29日前往帛琉貝里琉州（Peleliu），在州長羅伯茲（Emais Roberts）陪同下，走訪貝里琉州政府、和平紀念碑、貝里琉機場、帛琉前總統中村國雄墓園及二戰紀念博物館。（外交部提供）外交部長林佳龍今（29日）前往帛琉貝里琉州（Peleliu），在州長羅伯茲（Emais Roberts）陪同下，走訪貝里琉州政府、和平紀念碑、貝里琉機場、帛琉前總統中村國雄墓園及二戰紀念博物館。林佳龍表示，走過貝里琉的戰爭記憶，更讓人體會和平的可貴，也提醒每一個世代共同珍惜與守護和平。林佳龍表示，眼前的貝里琉擁有美麗的海洋與自然景觀，也是許多潛水客嚮往的地方，但在80多年前，這裡曾經歷第二次世界大戰太平洋戰場上最慘烈的戰役之一。如今沿途仍可以看見當年遺留的戰壕、防空洞、機場，以及散落各處的戰車與飛機殘骸，美國與日本也分別在此設立紀念碑。請繼續往下閱讀...「走在島上，就像進入一座沒有圍牆的戰爭博物館。」林佳龍指出，站在今天平靜的貝里琉土地上，吹著海風的同時，很難想像當年猛烈的戰火與傷亡。這些留下來的遺跡，讓我們記得戰爭曾經真實發生，也提醒每一個世代「和平需要共同珍惜與守護」。林佳龍也特別前往帛琉前總統中村國雄（Kuniwo Nakamura）墓園獻花致意。他表示，中村前總統帶領帛琉推動民主發展，也促成台帛建立外交關係，是開啟兩國深厚邦誼的重要人物。此外，中午羅伯茲州長也熱情準備特色料理款待訪團。台灣期待持續與帛琉及貝里琉州交流，從歷史文化保存、和平教育、綠色觀光，到青年交流、環境保護與基礎建設韌性，攜手讓這座承載戰爭記憶的島嶼，走向永續未來。    ,https://news.ltn.com.tw/news/politics/breakingnews/5556679
何博文跨海助選吳淑瑾  西嶼連趕3場座談會,政治,2026/08/29 20:03,民進黨中央黨部副秘書長何博文（中）跨海抵澎，前往西嶼鄉為縣長參選人吳淑瑾（右二）拉票。（吳淑瑾提供）民進黨澎湖縣長參選人吳淑瑾，今（29）日前往西嶼鄉，接連舉行3場地方座談會，深入社區與鄉親面對面交流。民進黨副秘書長何博文特別跨海來澎助選，陪同吳淑瑾走入地方、傾聽鄉親心聲。吳淑瑾表示，這段時間走遍澎湖各地，最重要的就是把政策說清楚，未來不只要延續陳光復縣長任內推動的福利，更要因應現在的生活需求持續加碼。吳淑瑾表示，未來將進一步加碼長者福利，三節敬老金由每節5000元提高至6000元，1年3節合計1萬8000元；再搭配敬老卡每月1000元、全年1萬2000元，讓澎湖長輩1年可以獲得3萬元的照顧與支持。福利不是選舉到了才談，而是政府對長輩長期的承諾，陳光復縣長任內一步一步把長者福利建立起來，未來她會繼續接力，不只把好的政策留下來，更要做得更完整。請繼續往下閱讀...另外，吳淑瑾也提出減輕家庭負擔的「機票3.5折延長至18歲」政策。她指出，陳光復任內推動兒童機票3.5折優惠，實際減輕許多澎湖家庭交通支出，但孩子滿12歲後，無論是到台灣參加比賽、展演、升學活動或拓展學習視野，交通需求反而更多，未來將把3.5折機票優惠一路延長至18歲。吳淑瑾強調，澎湖的孩子不能因為隔著一片海，就比台灣本島的孩子少了學習與看世界的機會，孩子想去比賽，我們就幫他把路打開，孩子想去觀展、學習、看世界，我們就替家長減輕負擔。讓離島的距離，不再成為孩子成長的限制。民進黨澎湖縣長參選人吳淑瑾（左三），一連舉行3場西嶼說明會。（吳淑瑾提供）    ,https://news.ltn.com.tw/news/politics/breakingnews/5556676
竹北藍白合破局 柯文哲、黃國昌明同台江啟臣「台中藍白合」受矚目,政治,2026/08/29 19:51,柯文哲、黃國昌明同台江啟臣談城市治理，「台中藍白合」動向備受矚目。（民眾黨政策會執行長吳皇昇提供）年底9合1選舉倒數3個月，竹北市長藍白合破局，民眾黨前主席柯文哲明（30日）將與民眾黨主席黃國昌到台中舉辦「治理，從地方開始！系列論壇—台中場：共創中台灣・擘劃新願景」，國民黨台中市長參選人、立法院副院長江啟臣除發表專題演講外，另將同台柯、黃談城市治理，在竹北藍白合破局後敏感時刻，3人同台「台中藍白合」動向備受關注。國民黨竹北市長參選人吳旭智完成領表後，民眾黨竹北市長參選人邱臣遠昨（28）日也宣布參選到底，竹北藍白合破局，黃國昌昨日更與邱臣遠宣示會參選到底，並指國民黨沒有信守承諾，國民黨新竹縣長提名人徐欣瑩沒有說到做到，並稱他才跟鄭麗文見面，對方明確表示無法處理竹北市長選舉，令人「非常非常遺憾」。請繼續往下閱讀...相較於竹北藍白合破局，新故鄉智庫協會明在台中市推出「治理，從地方開始系列論壇—台中場：共創中台灣・擘劃新願景」，邀請多位政治工作者及跨領域專家學者，就中台灣的未來發展進行深度對話、探討城市規劃與國家治理能如何相互賦能、如何帶動台中的關鍵成長。論壇中包括，柯文哲、黃國昌、江啟臣3人將同台，江啟臣除發表專題演講外，也將與柯文哲一起參加城市治理綜合座談，暢談相關理念。此外，台中市明（30日）將舉辦戰鬥陀螺嘉年華，黃國昌也會和台中市長盧秀燕同台參加戰鬥陀螺嘉年華，在竹北藍白合破局後，民眾黨與國民黨在台中互動頻頻，對外釋出「台中藍白合」態勢，備受外界關注。    ,https://news.ltn.com.tw/news/politics/breakingnews/5556666
李四川北市留「生鏽蘑菇」候車亭  網揭有2座狂酸：紅銹柱,政治,2026/08/29 19:48,木柵公園旁的公共藝術候車亭「叢生浮嶼」尚未啟用卻狀況連出。（王欣儀議員研究室提供）北市木柵公園旁的公共藝術候車亭《叢生浮嶼》花了413萬元，結果還沒正式啟用，屋頂植栽就已經枯黃，雨遮嚴重生鏽，下大雨時還會滴落鏽水，使地面出現一片黃褐色痕跡。台北市議員簡舒培質疑，「李四川留在台北市的『菇類工程』，是不是一個比一個貴、一個比一個離譜？」也讓居民嘲諷是「鏽珍菇」、「紅銹柱」。簡舒培24日在臉書發文表示，文山區冒出一朵413萬元的「巴西蘑菇」。候車亭最基本的功能就是讓市民遮陽、避雨，結果下雨還可能滴下黃水，誰會想站在下面等車？更諷刺的是，這件事還是國民黨自己的台北市議員王欣儀在議會揭露的。讓她質疑，「李四川留在台北市的『菇類工程』，是不是一個比一個貴、一個比一個離譜？」請繼續往下閱讀...有居民指出，其實生鏽的候車亭《叢生浮嶼》有兩座，兩座都已經嚴重生鏽，親眼看到候車亭的實際狀況會讓人無奈到笑出來。還有網友笑稱該候車亭是，「鏽珍菇」、「紅銹柱」，大酸「你看那孢子都呈灰褐色成熟狀態了，隨時都會大量滋生」、「鏽蝕像極了市政」。    ,https://news.ltn.com.tw/news/politics/breakingnews/5556659
藍白亂砍預算！喜樂保育院蛋黃酥掉單 吳音寧325盒全包 院生哭了,政治,2026/08/29 19:42,行政院中部辦公室副執行長吳音寧（右二）今訂購325盒喜樂保育盒的中秋禮盒。（喜樂保育院提供）立法院藍白陣營刪凍總統府國務機要費，彰化喜樂保育院痛失325盒客製化蛋黃酥訂單。行政院中部辦公室副執行長吳音寧受朋友之託，把325盒全包了，喜樂保育院長林玉嫦跟院生們喜極而泣。吳音寧今天親自拜訪位於二林的喜樂保育院，同時把325盒禮盒費用交給院長林玉嫦。 林玉嫦說，這幾天心情像洗三溫暖，總統府已連續5年以上採購該院製作的中秋餅乾禮盒，每年訂購約200至300盒，今年增加至325盒，未料院方正準備投入生產之際，突然接獲取消通知，原料都訂購了，一度感到不知所措，近日雖有零星訂單，但遠遠不到325盒，得知吳副執行長全數包下，院生們放下心頭大石，大家都想哭。請繼續往下閱讀...吳音寧說，325盒費用都是朋友透過她訂購，沒有一分錢來自公帑。總統府向庇護工場訂購禮盒的預算，慘遭藍白立委全部刪除，喜樂也因此失去總統府原本的訂單。但是，刪得了預算，刪不了大眾的愛心，除了她個人，拋磚引玉下單訂購，也要推薦給大家多多選購喜樂的禮盒，鼓勵這些弱勢的院生們。吳音寧同時呼籲，藍白立委，包括彰化縣第三選區謝衣鳯委員，真的不要再亂刪預算。    ,https://news.ltn.com.tw/news/politics/breakingnews/5556670
民眾黨八德辦親子水樂園 上千人嗨玩,政治,2026/08/29 19:24,民眾黨辦親子水樂園活動，桃園市議員參選人林晏良也下水與民眾同樂。（記者謝武雄攝）台灣民眾黨桃園市黨部、立法委員洪毓祥八德區服務處今下午在北區青少年活動中心桃漾館旁草坪舉辦「八德城堡水樂園─親子同樂．清涼一夏」活動，共有681組家庭完成報名，參與人次超過千人，現場規劃小丑魚溜滑梯大池等6項遊樂設施，讓親子打水仗、打水球玩得不亦樂乎。報名人數較多，主辦單位採分齡、分批方式安排入場，並配置工作人員維持各遊戲區秩序及安全，家長則可陪同孩童參與，活動自下午2點到晚上7點舉行，現場規劃小丑魚溜滑梯大池、泡泡水樂園、幼幼歡樂池、庫洛米魔鬼城堡氣墊樂園、親子釣魚趣及童趣彈珠台等6項遊樂設施，提供不同年齡層孩童參與，親子們都玩得不亦樂乎。請繼續往下閱讀...民眾黨主席黃國昌、八德區市議員參選人林晏良及立法委員洪毓祥也出席活動，與現場民眾互動；林晏良說，八德近年人口增加，親子休閒及兒童活動空間需求也受到不少家庭關注，希望透過舉辦免費親子活動，增加家長與孩童共同參與戶外休閒的機會。民眾黨辦親子水樂園活動，黨主席黃國昌也來捧場。（記者謝武雄攝）民眾黨辦親子水樂園活動，黨主席黃國昌也來捧場。（記者謝武雄攝）    ,https://news.ltn.com.tw/news/politics/breakingnews/5556625
何欣純大雅夜市拜票 預告賴清德9/12台中挺「市長換欣」,政治,2026/08/29 19:19,台中市長參選人、立委何欣純晚間至大雅夜市拜票。（記者張軒哲攝）九合一選舉進入倒數三個月，民進黨台中市長參選人、立委何欣純今晚至大雅夜市拜票表示，9月2日將前往登記，12日下午舉行競選總部成立大會，賴清德總統也將蒞臨現場，接續成立海線、屯區等各區競選總部，有節奏地展開各項規劃與安排，也會持續走入市場、夜市，和市民面對面，闡述「市長換欣、台中創新」的六星市政理念。育兒政策方面，何欣純表示，提出生育補助加碼、每胎5萬元坐月子補助、幼兒腸病毒疫苗補助及0至6歲每人每月1500元營養津貼等政策；營養午餐則推動「2380大升級」，包括每週2次鮮乳、3次水果，並將每餐餐標提高至80元，同時優先採購台中在地農產品，兼顧學童健康與地方農業。立委何欣純（右2）至大雅夜市拜票。（記者張軒哲攝）    ,https://news.ltn.com.tw/news/politics/breakingnews/5556662
新竹棒球場不起訴 莊競程：高虹安口中的「大祕寶」就是一場政治鬧劇,政治,2026/08/29 19:13,新竹棒球場案前新竹市長林智堅獲不起訴，民進黨新竹市長參選人莊競程指出，市長高虹安口中的「大秘寶」就是一場政治鬧劇。（資料照，記者洪美秀攝）針對新竹市立棒球場爭議，民進黨新竹市長參選人莊競程表示，司法調查歷經4年偵辦，最終並未認定此案涉及貪瀆等不法情事，過去高虹安市府不斷炒作的「大秘寶」，也與司法調查結果有所落差。他說，棒球場工程有缺失需要改善是事實，但工程缺失與貪污舞弊、非法掩埋廢棄物是完全不同的事情，如今司法認證，高虹安口中的新竹棒球場大秘寶，就是一場政治鬧劇。莊競程表示，司法信賴是公民社會的重要基石，面對高虹安貪污案件，無論司法判決結果是否符合個人政治立場，都應該尊重司法程序與證據。新竹棒球場也應用同樣標準檢視，經長時間調查，檢方不僅進行通訊監察，也調查相關人員及一等親財產，最終並未認定本案有貪瀆等不法情事。棒球場改建結果不盡理想，球場當初確實存在缺失，這些都可以檢討；但有工程缺失，不代表就涉及貪污舞弊，更不能直接等同於非法掩埋廢棄物。請繼續往下閱讀...如果球場有缺失，就應改善；如果工程有問題，就應修正；如果廠商有責任，就應依法究責，不能把一座城市的棒球場變成長達4年的政治攻防工具。莊競程指出，過去林智堅市長任內為新竹推動許多建設，棒球場做得不夠好的地方，當然可以檢討，但不能因為政治操作，就把工程缺失上綱成貪瀆舞弊，更不能把未經司法證實的指控，包裝成所謂的「大秘寶」。就像高虹安任內的自由車場完成驗收卻變成不能使用的廢墟，若年底有機會擔任市長，他會想盡辦法協助解決；市長的責任不是推諉，而是解決問題；不是製造仇恨，而是讓城市往前走。新竹棒球場案前新竹市長林智堅獲不起訴，民進黨新竹市長參選人莊競程指出，市長高虹安口中的「大秘寶」就是一場政治鬧劇。（資料照，記者洪美秀攝）    ,https://news.ltn.com.tw/news/politics/breakingnews/5556658
審計部揭北市兒少保護「303件調查逾期」 社會局：均依相關規定、程序辦理,政治,2026/08/29 19:06,台北市發生10歲女童在家多次遭性猥褻案，通報後歷經240天未獲安置，台北市長蔣萬安聲稱是根據社工專業判斷，被質疑未檢討制度。（記者田裕華攝）台北市發生10歲女童在家多次遭性猥褻案，通報後歷經240天未獲安置，台北市長蔣萬安聲稱是根據社工專業判斷，被質疑未檢討制度。審計部日前也發布，台北市總決算審核報告揭露，台北市兒少保護通報的無效案件佔比近2成，截至去年8月底，高達303件違反兒少權法案件調查與裁處時效延宕，已逾法定期限。對此，社會局強調，北市兒少保護案件均依相關規定及程序辦理，若違法事證明確即依法裁處。根據審計部報告統計，台北市兒少保護通報案件數由2023年度的9217件，增加至2025年度的12259件，其中責任通報人員通報佔比均逾9成。社會局雖於2023至2025年間每年協同所屬單位辦理責任通報人員訓練講習，每年參訓人次介於1萬5千餘至2萬5千餘人次之間，但通報案件中屬重複通報、歷史案件、非兒少保護事由或資訊不詳等無效通報件數卻逐年增加，佔比仍接近2成，顯示案件通報精準度及通報人員辨識知能尚未有效提升，已影響後續資源配置與處理效能。請繼續往下閱讀...針對案件處理時效，依兒童及少年保護通報與分級分類處理及調查辦法規定，主管機關就各類案件限期提出調查報告的法定期限，分別為4日內、30日內或4個月內（必要時得延長1個月）。審計部也查核發現，台北市社會局自2023年至2025年6月底，接獲違反兒少權法通報共2218件，截至2025年8月底尚有365件未完成處分；扣除等待司法判決的62件後，尚有303件因待其他機關提供調查報告、佐證資料蒐集中或請行為人陳述意見等因素延宕而逾期未結，其中2023年度及2024年度更分別有6件與103件久懸未結，顯示社會局在通報品質、案件評估機制及案件處理時效等面向，尚有精進空間。針對審計部台北市總決算審核報告內容，台北市政府社會局表示，目前兒少保護案件接獲通報後，均由專業人員依通報內容、兒少安全及家庭風險等資訊進行綜合評估及分流，確保案件即時獲得適切處理。至於智慧化決策輔助機制，目前中央正進行保護資訊系統升級及篩案評估分流指引修正，北市將配合中央期程導入相關工具，進一步提升案件篩派效率及一致性。社會局強調，北市兒少保護案件均依相關規定及程序辦理，若違法事證明確即依法裁處。部分案件因涉及不同法規或司法程序，行政調查完成後，仍有持續追蹤司法結果的必要，因此依法列管追蹤；此為制度原有的追蹤機制，並非行政調查逾期未完成。    ,https://news.ltn.com.tw/news/politics/breakingnews/5556647
台北澎湖同鄉會理事長、精英電腦創辦人許明仁 傳有意投入澎湖縣長選戰,政治,2026/08/29 18:58,台北澎湖同鄉會理事長許明仁，發出公開信表態投入下屆澎湖縣長選舉。（許明仁提供）台北澎湖同鄉會理事長許明仁，突然發出《寫給澎湖的一封信》，表達投身下屆澎湖縣長選舉意願，讓有意角逐百里候寶座者，由6人增為7人，但最後上陣角逐者，要等登記截止後才能確定。許明仁突如其來投下震撼彈，對藍綠陣營都造成影響。許明仁出身湖西鄉南寮村，離開家鄉多年，投入科技產業，從基層一路努力，與夥伴共同創辦精英電腦企業，也有機會參與台灣科技產業的發展。一路走來，始終記得自己是澎湖人。這些年來，不論擔任澎湖許氏宗親會理事長，或是台北市澎湖同鄉會理事長，一直希望盡自己的力量，把旅外鄉親凝聚起來，也把更多資源帶回故鄉。因為始終相信，澎湖值得更好的未來。請繼續往下閱讀...許明仁希望未來的澎湖，不只是觀光勝地，更是一座智慧海島、國際海洋城市。讓青年有機會返鄉創業、安心成家；讓科技走進生活，提升交通、醫療與公共服務；讓世界走進澎湖，也讓澎湖走向世界。許明仁坦言，縣長不是一個人的英雄，而是一個團隊的責任。如果有機會承擔這份工作，將邀集各領域專家、企業界、教育界、醫療界、文化界與青年朋友，共同打造一個透明、專業、有效率的縣府團隊，用企業治理的精神，務實解決問題。決定投入澎湖縣長選舉，不是為了完成自己的夢想，而是希望和所有鄉親一起，完成屬於澎湖的夢想。台北澎湖同鄉會理事長許明仁若投入下屆澎湖縣長選舉，選將由6人增至7人。（許明仁提供）    ,https://news.ltn.com.tw/news/politics/breakingnews/5556641
彰化縣長大混戰？第4人選出現 民眾黨拱邱建富好友、賴銀柱當「母雞」,政治,2026/08/29 18:30,民眾黨彰化縣黨部副主委、企業家賴銀柱是亨將精密工業董事長，也是「台灣第一筷」品牌創辦人。（大草原協會提供）年底選舉，繼民眾黨參選人邱臣遠宣布投入竹北市長選戰，藍白面臨分裂的危機後，民眾黨彰化縣黨部今天（29日）拋出擬推派縣黨部副主委、企業家賴銀柱參選彰化縣長，希望由賴擔任帶領小雞衝刺彰化五合一選情的「母雞」。政壇人士指出，若賴銀柱在9月4日前完成登記，下屆彰化縣長選舉將陷入大亂鬥，4人甚至5人競逐，選情更加混沌。面對此一變局，民進黨彰縣長參選人陳素月競選總部及國民黨彰縣長參選人魏平政競選總部均表示不予評論。無黨籍參選人邱建富則說，賴銀柱是多年好友，也是產業界不可多得的人才，長期關心環境、生態及彰化本土事務，最近成立大草原協會投入公共議題討論，他肯定賴銀柱的能力與理念。請繼續往下閱讀...前民眾黨主席柯文哲今天下午到彰化縣總工會出席「彰顯女力」政見交流會前受訪，被問到民眾黨是否支持國民黨縣長參選人魏平政、部分黨籍議員參選人與無黨籍縣長參選人邱建富同台，以及國民黨柯呈枋貼出參選登記表等議題時，他未正面表態僅表示，現在他最高興的事就是沒有負責黨務，因應選情「一日數變、一夕數驚」，相關問題還是由兩位主席鄭麗文、黃國昌傷腦筋。不過，柯文哲話才說完，在場民眾黨彰化縣議員參選人蘇智弦隨即表明，地方支持賴銀柱選縣長。他說，小雞需要母雞帶領才能把整體選情拉起來，賴銀柱長期深耕地方產業，在彰化企業界具有實力與人脈，是地方基層期待的人選。縣黨部主委温宗諭也表態指出，賴銀柱若代表民眾黨參選，將有機會拿到期待第三勢力發展的選票。賴銀柱是亨將精密工業董事長，也是「台灣第一筷」品牌創辦人，剛成立「彰化縣大草原協會」，目前徒步走訪彰化26鄉鎮市，主打環境、生態、產業與城市發展議題。對於是否投入縣長選戰，賴銀柱未回應；温宗諭則說，下週五（9月4日）黃國昌陪同黨籍參選人辦理選舉登記時，答案就會揭曉。今年成立的彰化縣大草原協會訴求推動彰化縣升格為第7都，協會理事長由賴銀柱（坐者右四）擔任，無黨籍彰縣長參選人邱建富（右五）也列席支持協會活動。（大草原協會提供）前民眾黨主席柯文哲（前排左五）今天下午到彰化縣總工會出席「彰顯女力」政見交流會，未正面回應對彰化縣長選情看法，技巧性把球拋給縣黨部，透露出民眾黨擬自推縣長人選的訊息。（記者張聰秋攝）民眾黨彰化縣黨部主委温宗諭認為，副主委賴銀柱若代表民眾黨參選，將有機會拿到期待第三勢力發展的選票。（記者張聰秋攝）    ,https://news.ltn.com.tw/news/politics/breakingnews/5556611
竹北市長選舉藍白合生變  徐欣瑩陣營回應了,政治,2026/08/29 18:28,國民黨新竹縣長參選人、立委徐欣瑩。（記者廖雪茹攝）民眾黨昨宣布「竹北市長選舉藍白合破局」，黨主席黃國昌今日在新竹受訪，喊話全力輔選竹北市長參選人邱臣遠；國民黨新竹縣長參選人、立委徐欣瑩則透過辦公室強調，對兩黨合作的立場從未改變，就「兩黨有共識，全力配合」，她沒有權力決定，自然不會失信於政治盟友。黃國昌表示，相關事情昨天記者會已經說明清楚，接下來民眾黨將專注竹北，全力輔選邱臣遠。請繼續往下閱讀...邱臣遠則表示，對於國民黨主席鄭麗文感謝民眾黨的理解，「我不瞭解到底是要理解什麼」；徐欣瑩委員說希望大家以大局為重，「我不曉得這個大局是誰的大局」。他指出，黃國昌半年多來已多次與國民黨溝通協調，透過各種方式推動藍白合作，已展現相當誠意。邱臣遠表示，自己仍希望竹北市長選舉最終能實現藍白合及聯合政府理念，若選民認同這項理念，希望集中選票支持民眾黨及他參選竹北市長。針對民眾黨質疑藍白合作共識生變，徐欣瑩辦公室發言人徐維遠表示，對於竹北市長選舉，先前的溝通內容，藍白兩黨之間確實存在一些認知上的差異，徐欣瑩能理解黃國昌主席的心情，也不希望因為彼此對過程有不同理解，讓原本希望合作的善意，最後演變成彼此傷害。徐維遠表示，「徐欣瑩對藍白彼此支持、互相幫助的初衷沒有改變」，但現在最不需要的就是擴大誤會、更不能讓民進黨見縫插針。面對目前的波折，徐欣瑩仍然相信「在野團結，下架民進黨是唯一的出路」。徐維遠強調，徐欣瑩對兩黨合作的立場從未改變，就「兩黨有共識，全力配合」，徐欣瑩沒有權力決定，自然不會失信於政治盟友。但她仍會盡最大的努力，促成在野合作完成2026贏得勝選，2028政黨輪替的大局。    ,https://news.ltn.com.tw/news/politics/breakingnews/5556621
國民黨嘉義造勢大會 鄉代參選人喊話鄭麗文「處理王育敏」,政治,2026/08/29 18:20,嘉義縣竹崎鄉民代表參選人吳金輝。（民眾提供）國民黨今天在嘉義縣水上鄉舉辦造勢大會，黨主席鄭麗文南下為嘉義縣市藍營參選人助選，然而造勢大會尾聲，曾代表國民黨參選竹崎鄉長、本次投入竹崎鄉民代表選舉的吳金輝向鄭麗文喊話「王育敏要處理，對嘉義沒有一個交代，沒擔當」，鄭麗文則與支持者合照，並未回應。王育敏為國民黨長期栽培女戰將，2022年獲徵召參選嘉縣長，敗給尋求連任的民進黨縣長翁章梁，同年獲台中市長盧秀燕聘任副市長，2024年被列入不分區立委並當選，請辭副市長；8月初時王育敏突然請辭兼任的國民黨嘉義縣黨部主委，原因是為了擔任台中市長參選人江啟臣競選團隊執行總幹事，因離年底選舉僅剩3個多月，造成嘉義縣藍營基層震驚。請繼續往下閱讀...吳金輝曾代表國民黨參選竹崎鄉長、嘉義縣議員，也曾以無黨籍參選竹崎鄉民代表當選，他今天到國民黨造勢大會現場，對於王育敏請辭嘉義縣黨部主委，批評「沒擔當，國民黨有這種敗類，才會淪為在野黨」、「國民黨栽培王育敏這種的，國民黨今天會輸，都是這種人占住、卡位」，他認為主席來就要聽基層心聲，國民黨不可讓王育敏這種人占住、卡位。國民黨主席鄭麗文（中）為嘉義縣市參選人助選。（記者林宜樟攝）    ,https://news.ltn.com.tw/news/politics/breakingnews/5556614
竹北市長選戰藍白合破局恐引發外溢效應 李四川：與黃國昌溝通良好,政治,2026/08/29 18:01,國民黨新北市長參選人李四川表示，他與民眾黨主席黃國昌互動良好，每個月見面。（李四川競辦提供）國民黨新北市長參選人李四川29日參加樹林區與議員洪佳君共同市政說明會，被問到竹北市長選戰「藍白合」破局，是否引發外溢效應，民眾黨主席黃國昌受訪時說，民眾黨與國民黨在其他縣市合作非常順利，李四川回應，他跟黃國昌溝通良好，感謝黃國昌及民眾黨朋友們的支持。李四川表示，他前幾天才跟國昌、議員陳世軒、參選人陳語倢等人去打匹克球、去錄影，今天他也和三蘆選區的陳彥廷一起跑行程，他跟民眾黨一定會一起打拚年底的選戰，不管選前或是選後，藍白合在新北市絕對不會改變。請繼續往下閱讀...李四川強調，到現在為止，國民黨跟民眾黨，不管跟議員參選人或是跟黃國昌，聯繫溝通都相當良好，他每個月都跟黃國昌見面。    ,https://news.ltn.com.tw/news/politics/breakingnews/5556596
女童猥褻案蔣萬安終發聲！周軒驚恐：全文找不出歉意,政治,2026/08/29 18:00,"台北市長蔣萬安。（資料照）台北市一名10歲女童疑遭受性傷害，通報後歷經240天未獲安置，蔣萬安市府處理方式引發批評。蔣萬安今日首度在臉書對此事發文，不過，政治工作者周軒表示，蔣萬安發文不僅是相關記者會召開的4日之後，恐怖的是內文完全找不出表達歉意的文字，而是長篇大論談他自己4年來到底做了什麼。周軒今日在臉書發文表示，蔣萬安針對台北市10歲女童遭到性侵害一案終於發文了。在台北市議員許淑華，與議員候選人馬郁雯26日召開記者會，到現在已經整整過了4天。「蔣萬安的末梢神經是不是有一點麻痺呢？」請繼續往下閱讀...他說，最恐怖的是讀完這一篇文章，他找不出任何一個表達歉意的文字。取而代之的是繼續長篇大論的論述，他4年來到底做了什了。「人民是要看這個東西的嗎？這就是台北市長蔣萬安，面對台北市發生這麼嚴重的兒童性侵害事件的態度。冷血，毫無人性。」蔣萬安今日在臉書發文，強調他「感到非常心痛與不捨」，坦承兒少保護制度永遠可以做得更好，台北市政府不會迴避責任。蔣萬安強調，4年來市府持續強化社政、教育、警政的橫向合作，建立跨局處兒少保護機制，希望更即時介入；也把保護工作向前延伸，從親職教育、家庭支持，到防範網路誘騙等，希望在傷害發生以前，能多一分預防、多一層保護。同時他感謝所有站在第一線的社工與專業人員，要保護孩子，也要撐住保護孩子的人，兒少保護工作非常不容易，每一次訪視、每一次面談、每一次評估，都必須在複雜的家庭關係與風險情境中做出專業判斷。蔣萬安說，他們會持續與第一線人員並肩作戰，提升社工的待遇、改善工作環境，提供留任獎勵、心理諮商及涉訟協助，讓第一線同仁在守護孩子的同時，也有足夠的支持與後盾。他們也會持續陪伴、持續關心，提供孩子及第一線專業人員需要的支持與協助，市府團隊會努力，把保護網織得更密、更牢。    ",https://news.ltn.com.tw/news/politics/breakingnews/5556597
高雄小港山坡崩塌不見人? 賴瑞隆：即時掌握並爭取中央災損經費,政治,2026/08/29 17:54,民進黨高雄市長參選人賴瑞隆今前往小港松富街山坡坍塌處會勘，透露已向中央爭取災損補助，要從根本解決問題。（記者王榮祥翻攝）高雄市小港山坡擋土牆崩塌，國民黨高雄市長參選人柯志恩今一早即與議員急赴現場勘災，藍營事後質疑民進黨高雄市長參選人賴瑞隆在選區消失？賴瑞隆強調，第一時間已掌握，並已緊急聯繫中央爭取災損經費，要從根本解決問題。高雄連日豪雨災情不斷，小港區松富街昨下午發生土石崩落，大量土石沖垮擋土牆，多輛機車遭掩埋，崩落處距民宅僅約1公尺，部分居民緊急撤離。請繼續往下閱讀...柯志恩今早臨時排開行程，偕同市議員曾麗燕、蔡武宏、陳麗娜及山明里長陳阿子趕赴現場勘災，了解災情並關心附近居民安全，她建請市府持續評估是否需要擴大警戒範圍，並盡速進行災害潛勢評估。國民黨高市黨部發言人張永杰則質疑，山崩地點就在立委賴瑞隆的前鎮、小港選區，昨下午事發至今，卻遲遲不見選區立委到場關心？賴瑞隆團隊說明，事發後第一時間即掌握現場狀況，並連繫市府工務局等單位儘速進場處理、妥善安置居民；因應雨勢持續，賴瑞隆今也親赴現場關心居民、了解復建需求。他表示，依專業人員初估，重建擋土牆約需數千萬元，他已與行政院秘書長通話，爭取中央災損經費，同時請市府儘速提出專案計畫，加速推動重建工程，力拚在明年汛期前完工，建構長久性、系統性的韌性社區。他強調，目前最重要的是確保居民安全，市府也請專業技師進一步勘查，該座擋土牆已34年，後續不應只是恢復原狀，更要全面檢視邊坡能量，規劃重建新設施及相關補強工程，從根本解決問題。國民黨高雄市長參選人柯志恩（左二）上午前往小港松富街山坡坍塌處勘查，並慰問居民。（記者王榮祥翻攝）    ,https://news.ltn.com.tw/news/politics/breakingnews/5556587
凍刪國務機要費預算 庇護工場月餅訂單鄭麗文喊全包 盧秀燕自己買不變,政治,2026/08/29 17:44,台中市長盧秀燕日前指示市府接單中市弱勢團體月餅禮盒訂單。（市府提供）國民黨立委翁曉玲提案刪凍國務機要費3000萬，波及總統府原訂向庇護工場採購1.5萬盒中秋月餅被迫取消，引爆民眾怒火，國民黨主席鄭麗文今日宣布，她將全數承接埋單；台中市長盧秀燕日前宣布要為台中境內受到影響的弱勢團體月餅埋單，台中市府指出，目前採購計畫不變。翁曉玲日前提案刪凍國務機要費3000萬通過，總統府採購庇護工場1.5萬盒中秋月餅被迫取消，引爆民間怒火，不少人自發向弱勢團體庇護工場採購月餅禮盒，也有不少政治人物喊採購，盧秀燕25日也宣佈願意為台中境內受到影響的弱勢團體月餅埋單，估台中市有5家庇護工場逾1600盒訂單受影響，採購金額約50餘萬元。請繼續往下閱讀...昨日國民黨台北市議員秦慧珠邀請台北市長蔣萬安各捐20萬元認購庇護工場的中秋禮盒，蔣萬安卻頻頻跳針，讓秦慧珠氣說很失望；民進黨台北市長參選人、立委沈伯洋昨日則低調自掏腰包10萬元買庇護工場禮盒，均引發熱議。黨主席鄭麗文今（29）日宣布，她將全數承接總統府原訂1.5萬盒月餅禮盒，不讓弱勢替總統府棄單埋單。盧秀燕今天到台東天后宮參拜並為國民黨縣長參選人、議長吳秀華站台時，還特別呼籲民眾發揮愛心，踴躍認購全台各地身心障礙團體推出的中秋禮品，用消費支持弱勢族群。對於日前盧秀燕表態台中市為台中境內受到影響的弱勢團體月餅埋單計畫，市府指出，目前計畫不變。    ,https://news.ltn.com.tw/news/politics/breakingnews/5556594
柯文哲直言竹北「選到底」 不排除推自家黨部副主委參選彰化縣長,政治,2026/08/29 17:28,前民眾黨主席柯文哲（右2）今天下午在彰化縣總工會的彰顯女力政見交流會上，與參選人、民眾互動。（記者張聰秋攝）首次上稿：16:27更新時間：17:28（新增各陣營參選人看法）民眾黨創黨主席柯文哲今天（29日）在彰化輔選，對於邱臣遠參選竹北，他直言「選到底」，並說竹北是民眾黨全台灣支持度最高的地方，邱臣遠的資歷沒有問題，他主張「黃國昌與鄭麗文兩個主席商量看看」，不行的話只好兄弟登山各自努力。請繼續往下閱讀...至於民眾黨彰化縣擬推縣黨部副主委賴銀柱參選彰化縣長，柯文哲在場被問及此事也表示支持。對此政壇解讀，柯文哲想用彰化的藍白合來換竹北，因為彰化的國民黨魏平政是鄭麗文力挺，魏平政目前選情仍低迷，如果民眾黨再推人選競逐，對魏平政的選情無疑是「雪上加霜」。今天下午，柯文哲在彰化縣總工會的彰顯女力政見交流會活動前，接受媒體聯訪時談到竹北選戰，他直言竹北事情不應該發生，並認為國、民兩黨事前大家就應該協調好。他說，黃國昌早在1、2週前已講，希望鄭麗文迅速承諾，原以為雙方應該已經談妥，沒想到後來又出現變化，讓他質疑為何國民黨總是要求民眾黨「相忍顧全大局」，「忍讓」卻不是國民黨？柯文哲接著表示，既然已經發生了還是要善後，不能隨便壓下去，然後轉彎就轉彎，「我還是主張，黃國昌主席跟鄭麗文主席，你們兩個還是趕快去旁邊趕快商量。」他還提醒，竹北如果有4個、甚至5個人參選，情緒可能外溢到新竹縣長選戰，屆時整個選局都會受到影響，因此黃國昌、鄭麗文還是要把後續怎麼處理談清楚。而在彰化，民眾黨彰化縣黨部擬推縣黨部副主委賴銀柱參選彰化縣長，縣黨部主委温宗諭表示，賴銀柱是企業家，也是縣黨部副主委，若能代表民眾黨參選彰化縣長，可提供支持第三勢力的選民另一個選項。柯文哲面對是否會因竹北局勢調整彰化布局，沒有正面說明，一再以「我最高興的事情就是我現在沒有在負責黨務」為由回應，並說，選情「一日數變」、「一夕數驚」，這種黨務的事就讓主委他們去傷腦筋了。媒體不斷追問柯文哲是否支持邱臣遠「選到底」，他說，「那只有選到底啊，不然怎麼辦？」彰化縣長參選人可能+1各方看法︰對於彰化縣長可能出現第4人選，民進黨參選人陳素月競選總部、國民黨參選人魏平政競總均不予評論，無黨籍參選人邱建富則表示，賴銀柱是他的好友，也是業界（亨將精密工業、台灣第一筷董事長）不可多得的人才，對環境、生態及彰化本土性事物相當注重與支持，最近更成立大草原關懷學會，焦點放在彰化縣環境生態保護，他很肯定賴銀柱。柯文哲今天下午在彰化縣總工會的彰顯女力政見交流會上，與參選人、民眾舉臂高喊加油。（記者張聰秋攝）對於邱臣遠參選，民眾黨創黨主席柯文哲直言「選到底」。（記者張聰秋攝）    ,https://news.ltn.com.tw/news/politics/breakingnews/5556512
北市10歲女童遭猥褻未安置！蔣萬安臉書發文：不迴避責任,政治,2026/08/29 17:27,台北市長蔣萬安。（記者田裕華攝）台北市一名10歲女童疑遭受性傷害，通報後歷經240天未獲安置。對此，台北市長蔣萬安稱是根據社工專業判斷，被質疑未檢討制度，引發軒然大波。蔣萬安今（29日）原要出席一場活動，卻臨時喊卡。蔣萬安也針對兒少保護在臉書發文，強調他「感到非常心痛與不捨」，坦承兒少保護制度永遠可以做得更好，台北市政府不會迴避責任。蔣萬安今（29日）對外並無公開行程，不過據掌握，蔣萬安原先預定在下午4點，出席潮台北重磅活動之一的TMEX台北音樂博覽會，停留約1小時，與參展的廠商互動，不過該行程也約在下午1時臨時喊卡。請繼續往下閱讀...蔣萬安臉書發文指，對於孩子遭遇這樣的事情，「我和所有關心孩子的人一樣，感到非常心痛與不捨。對我來說，孩子的安全永遠是最優先的考量，每一個孩子，都應該在被好好照顧、被好好保護的環境中長大。」目前孩子已經獲得安置。現在最重要的，是讓孩子能夠安心生活、慢慢復原、平安長大。蔣萬安說，去年底市府接獲通報後，社工與專業機構立即介入、執行安全計畫並進行安全評估，家防中心、社會局、警察局等單位也持續投入訪視、面談、輔導及相關課程，接獲通報240天以來累計提供714次服務。目的就是要確保孩子不再受到傷害，同時在專業評估下，盡可能採取對孩子衝擊最小、最符合孩子最佳利益的處遇方式，一步一步陪著孩子走向穩定，給孩子復原所需要的時間與空間。蔣萬安認為，兒少保護制度永遠可以做得更好。面對每一個孩子，不只要確認「有沒有按照制度做」，更要持續思考制度是不是還有不足，保護網是不是還能更緊密，「這些問題，我們不會迴避，只要還有能做得更好的地方，我們會繼續檢視、持續努力。」蔣萬安說，市府的責任，是成為第一線最有力的後盾。這四年來，我們持續強化社政、教育、警政的橫向合作，建立跨局處兒少保護機制，希望更即時介入；我們也把保護工作向前延伸，從親職教育、家庭支持，到防範網路誘騙等，希望在傷害發生以前，能多一分預防、多一層保護。蔣萬安指出，如果孩子真的必須離開原生家庭，他們也認同「去機構化」的理念，持續增加寄養家庭、團體家庭等資源，依照每個孩子不同的身心狀況與需求，結合醫療、心理、教育等專業，找到更適合、更穩定的照顧環境。同時，蔣萬安也感謝所有站在第一線的社工與專業人員，要保護孩子，也要撐住保護孩子的人，兒少保護工作非常不容易，每一次訪視、每一次面談、每一次評估，都必須在複雜的家庭關係與風險情境中做出專業判斷。蔣萬安說，他們會持續與第一線人員並肩作戰，提升社工的待遇、改善工作環境，提供留任獎勵、心理諮商及涉訟協助，讓第一線同仁在守護孩子的同時，也有足夠的支持與後盾。他們也會持續陪伴、持續關心，提供孩子及第一線專業人員需要的支持與協助，市府團隊會努力，把保護網織得更密、更牢。    ,https://news.ltn.com.tw/news/politics/breakingnews/5556557
6連霸嘉義縣議員李國勝交棒   次子李佳豪獲國民黨縣黨部提名,政治,2026/08/29 17:16,6連霸嘉義縣議員李國勝（左）交棒給次子李佳豪（右）。（記者林宜樟攝）年底地方選舉將近，嘉義縣6連霸資深議員李國勝（議會國民黨團書記長）決定交棒給次子李佳豪，今天證實李佳豪已獲國民黨嘉義縣黨部提名，代表國民黨參選嘉義縣議員第4選區（朴子市、東石鄉、六腳鄉）。國民黨嘉義縣黨部8月11日公布中央核定第1階段縣議員選舉暨鄉鎮市長選舉輔選方式暨名單，鄉鎮市長部分提名現任民雄鄉長林于玲拚連任，議員選舉部分核定5個選區，提名7人參選，第1選區王啓澧、詹琬蓁，第2選區簡嘉億，第3選區吳思蓉、陳靖雅，第5選區蔡信典，第6選區詹黃素蓮，其中王啓澧、詹琬蓁、簡嘉億、吳思蓉、蔡信典及詹黃素蓮為現任議員，陳靖雅為梅山鄉民代表轉戰議員選舉。請繼續往下閱讀...62歲的李國勝當時未在中央核定提名名單內，曾引起地方討論，黨部說明是李國勝議員先前評估是否交棒，未領表登記提名申請，待家族協調後，再依黨部作業時程決定徵召人選；今天李國勝說，將交棒給兒子李佳豪，李佳豪也表示已由嘉義縣黨部提名。國民黨嘉義縣市黨部主委蔡明顯今天在造勢大會時說，嘉義市議員提名8席，嘉義縣議員提名8席，鄉鎮市長、鄉鎮市民代表、村里長共提名30席。    ,https://news.ltn.com.tw/news/politics/breakingnews/5556556
惹出爭議後才安靜幾天！翁曉玲突抓狂發文 揚言再砍明年預算,政治,2026/08/29 17:12,國民黨立委翁曉玲。（資料照）立委翁曉玲提案刪凍總統府國務機要費3000萬元，衝擊庇護工場產品訂單，引發全台怒火，甚至同黨人士都看不下去。對該議題沉寂數日後，翁曉玲今日下午突然在臉書發文聲稱自己「一身正氣」可敵邪氣、鬼氣、晦氣。她還表示，自己是婦人之仁，居然先前還憐憫餵養青鳥、綠媒的部會，看到現在的攻擊力道，表示這些機關部會手中仍握有大筆的飼料費。她預告，116年度中央總預算就快要審查了，她一定會認真找出青鳥、綠媒飼主，大幅刪除預算。翁曉玲今日在臉書發文表示：「曉玲仰不愧於天，俯不怍於地，自認有一身正氣，可敵邪氣、鬼氣、晦氣、戾氣、瘴氣、濁氣，以及鳥氣。雖然排除小妖小怪禽獸過程中稍花心力，但看到它們那種邪不勝正的挫敗，實有莫名的欣快感！」她還說，自己常讀宋朝宰相文天祥的「正氣歌」，並引用其中「時窮節乃見，一一垂丹青」等句，隱隱表露希望自己的事蹟被記載，流傳後世的志向。請繼續往下閱讀...翁曉玲表示，自己很慚愧，「我就是婦人之仁，竟會憐憫那些餵養青鳥和綠媒的部會機關，相信他們錢不夠用的鬼話，從青鳥攻擊我和本黨同志的力道來看，這些機關部會手中仍握有大筆的飼料費！」翁曉玲說，很快地就要審查116年度中央政府總預算了，她會認真找出這些青鳥綠媒飼主，大幅刪除他們的預算經費，人民的納稅錢不是給青鳥綠媒用來製造對立衝突和散播謠言的。翁曉玲也不滿地稱，現在民進黨和青鳥綠媒們，是用電子顯微鏡檢視自己的一舉一動， 目的就是要抹黑、打壓她，用莫須有的插隊、教學差、專業差、上班炒股、中共代言人等謠言，企圖來摧毀她的人格形象和專業。    ,https://news.ltn.com.tw/news/politics/breakingnews/5556531
嘉義縣市藍白合造勢 鄭麗文下達動員令：全力支持張啓楷、吳品叡,政治,2026/08/29 16:51,國民黨主席鄭麗文（中）請選民支持嘉義縣長參選人吳品叡（左2）及嘉義市長參選人張啓楷（右2）。（記者林宜樟攝）國民黨主席鄭麗文今天到嘉義縣水上鄉，為藍白合民眾黨嘉義市長參選人張啓楷、在野大聯盟無黨籍嘉義縣長參選人吳品叡及嘉義縣市提名鄉鎮市長、議員參選人助選。鄭麗文說，藍營要結合白色的力量、無黨的力量，藍白合作，共同一戰，2026年嘉義縣市贏回來，2028年中央執政贏回來，下架民進黨，讓中央、地方一條心。鄭麗文、嘉義市長黃敏惠、前立委翁重鈞等齊聚白人牙膏觀光工廠造勢。鄭麗文請選民支持嘉義縣市藍營的參選人，藍白一起來，嘉義縣市一條心，同一個生活圈，一同互相扶持，共同拉票，用手上的一票支持愛嘉義的人。請繼續往下閱讀...鄭麗文說，民進黨在嘉義縣執政25年，縣民已給民進黨太多機會，吳品叡年輕、客氣、溫柔，是清新的力量，更有韌性、有抗壓力，義無反顧，一馬當先扛起參選縣長的責任，為鄉親為故鄉勇敢的挑戰，請鄉親全力支持力挺到底。鄭麗文也批評中央，嘉義市的建設如輕軌案跳票，她已下達動員令，藍白團結一起來，國民黨要毫無保留的支持張啓楷，延續黃敏惠的五星級政績；張啓楷認真拚選戰，舉辦100多場客廳會獲得更多的支持，最新的民調和對手已在誤差範圍，打成平手，然而選情艱困，呼籲支持者要有高度的危機意識，繼續衝，繼續拚，很快就可以超過對手。鄭麗文與嘉義縣市藍營參選人高呼當選。（記者林宜樟攝）國民黨在嘉義縣水上鄉舉辦造勢大會。（記者林宜樟攝）    ,https://news.ltn.com.tw/news/politics/breakingnews/5556532
資深公務員怕葉元之被罷免！林秉宥爆小故事：怕他回來當議員,政治,2026/08/29 16:25,立委葉元之。（資料照）立委葉元之遭國民黨前發言人蕭敬嚴砲火全開攻擊，加上近期發言惹出爭議，引起討論。民進黨新北市議員林秉宥爆料，大罷免前夕，曾有資深公務員擔憂葉元之被罷免成功，回去當市議員，對此，他說：「或許有些公務員因此而投下了不同意罷免票吧。」林秉宥在臉書發文說，看到蕭敬嚴批評葉元之的文章，讓他不禁想起大罷免前夕，某天到議會時，某位資深公務員緊張兮兮的來問，「葉元之會被罷免嗎？」當時他回答，「感覺會喔。」請繼續往下閱讀...當下對方眉頭深鎖說：「那可不妙。我們可不希望他回來。」林秉宥解釋，被罷免的立委不能回任議員，但是因為不能參選下一任立委，所以如果要延續政治路只能繼續參選議員。他懷疑：「或許有些公務員因此而投下了不同意罷免票吧。」    ,https://news.ltn.com.tw/news/politics/breakingnews/5556505
斗六要變「花園城市」 市長參選人賴淑娞拋3大公園計畫：從孩子到毛孩都照顧,政治,2026/08/29 16:18,斗六市長參選人賴淑娞提出3大公園計畫，打造斗六市宜居花園城市。（記者黃淑莉攝）斗六市長參選人賴淑娞今（29）日召開打造斗六為友善花園城市，規劃以中央公園、梅湖公園及寵物公園為基礎，逐步打造兼具休憩、觀光、生態與永續的城市環境。賴淑娞指出，中央公園以親水公園為基地，邀請園藝及園林造景專家以城市花園概念規劃，在市中心營造市民休憩的花園運動公園。請繼續往下閱讀...梅湖公園以湖山水庫為基點串聯梅林、湖山自然環境，整合溪流整治、滯洪、生態保育、公園、運動及觀光，成為帶狀休憩及觀光廊道。森林寵物公園是以環保森林公園既有綠地環境為基礎，賴淑娞說，寵物友善不只是設置一個活動區，更是對城市公共空間的重新思考，未來希望串聯森林、綠地、步道、休憩與寵物活動，讓孩子親近自然、長輩散步休閒、青年運動健身、飼主陪伴毛孩，打造真正屬於全齡市民的幸福公園。賴淑娞強調，花園城市不只是多種幾棵樹、增加幾座公園，而是要把城市綠地、生態環境、休閒運動及觀光資源串聯起來，讓市民在生活圈內就能享有優質公共空間，讓斗六市成為宜居、宜遊的城市。    ,https://news.ltn.com.tw/news/politics/breakingnews/5556489
批監察權交立院恐變政治怪獸 陳永興籲賴清德召開國是會議凝聚修憲共識,政治,2026/08/29 16:13,第七屆監察院長被提名人陳永興直言，「監察院廢不掉」主因是修憲門檻極高，若將監察權移交政黨對立的立法院，恐淪為政治怪獸，若真要修憲應由總統召開國是會議，邀集五院、各政黨、學者及弱勢團體凝聚全民共識，修憲才可能成功。（記者叢昌瑾攝）監察院自8月起陷入無委員運作的空窗期，藍白仍堅持廢除監院。對此，第7屆監察院長被提名人陳永興今（28日）直言，「監察院廢不掉」主因是修憲門檻極高，若將監察權移交政黨對立的立法院，恐淪為政治怪獸，若真要修憲應由總統召開國是會議，邀集五院、各政黨、學者及弱勢團體凝聚全民共識，修憲才可能成功。監察院8月起進入無委員「空窗」狀態。第6屆監委卸任後，因藍白主張廢除監察院，經協商人事同意權案順延至立法院9月29日新會期開議當天，完成監察院人事同意權案記名投票表決，導致現階段監察院面臨完全無委員運作的困境。針對監院廢與存？彭明敏文教基金會今天舉辦講堂。請繼續往下閱讀...陳永興出席講堂指出，監察院在現行體制下「廢不掉」，修憲門檻需立法院四分之三通過及公投900萬人贊成，若由立法院發動修憲並接收監察權，政黨對立的國會恐淪為怪獸。若未來出任院長將成立修憲小組提出完整版本，但主張應仿效李登輝前總統模式，由總統出面召開國是會議，邀集五院、各政黨、學者及弱勢團體凝聚全民共識，修憲才可能成功。陳永興透露，當初面對徵詢曾表示不提名省事，但總統依法不能不提名，否則將造成機關空窗而違憲。監察院每年處理萬餘件人民陳情案，三分之一與司法不公有關，是人民伸冤的最後防線；在未有新憲法前，應透過透明化、增補專業調查人力、導入外部民間評鑑與內部自律來落實改革。談及國家人權委員會，他提及過去曾向蔡英文前總統力爭獨立設院，如今仍主張應比照中研院模式，成為具獨立預算與運作機制的專責機構。前監委紀惠容表示，單一國會具備地方利益糾葛，能不能真正獨立擔任調查權與監察權？讓她非常質疑、也需要被討論。另外，國家人權委員會目前僅是「監察院組織法」下的附屬組織，委員多由監委兼任，但監委具彈劾、糾正等調查權力，人權委員則屬規勸、協作性質的軟權力，兩種角色在實務運作上其實是衝突。紀惠容強調，國家在探討監察院存廢時，必須同步檢視人權保障機制，應將人權委員會脫離附屬地位、轉型為專責獨立機構，甚至研議轉型為「國家人權院」；同時，立法院應儘速通過人權委員會職權行使法，並由國家增設公務人員「人權職系」考試，以引進人權專業人才，真正落實國際《巴黎原則》所要求的獨立性規範。前監委紀惠容（左）、第七屆監察院長被提名人陳永興（右）出席「從《台灣人民自救宣言》到今日人權社會——民主、人權與世代傳承的對話」講堂。（記者叢昌瑾攝）前監委紀惠容表示，單一國會具備地方利益糾葛，能不能真正獨立擔任調查權與監察權？讓她非常質疑、也需要被討論。（記者叢昌瑾攝）    ,https://news.ltn.com.tw/news/politics/breakingnews/5556494
喊新竹大秘寶被檢方打臉 高虹安再花公帑打民事官司,政治,2026/08/29 16:03,新竹市長高虹安2022年高喊新竹棒球場是新竹大秘寶，但4年後遭檢方打臉，錢康明酸高虹安將再花市民公帑打民事官司。（資料照）新竹市長高虹安2022年參選新竹市長時，將新竹棒球場操作成新竹大秘寶，經新竹地檢署4年偵辦，近日偵查終結，包括前市長林智堅在內的公務員都獲不起訴，等同打臉高虹安的新竹大秘寶，市議員參選人、也是高虹安任內被請辭的前文化局長錢康明酸，新竹大秘寶被檢方認證不存在後，高虹安如今將再花市民的公帑打民事官司，隨著年底市長選戰接近，籲市民要從廣告中醒來，要選擇誠實清廉的市長人選。錢康明說，新竹檢方認為棒球場一案未達刑事訴訟門檻，於是高虹安將棒球場再改打成民事訴訟案，因為指控林智堅貪污圖利的新竹大秘寶已被認證不存在，現在市府要打的官司是和廠商間的民事訴訟。請繼續往下閱讀...2022年靠打擊林智堅而上位的高虹安，今年依然想藉棒球場製造選民對立，繼續操作棒球場，高虹安帶領新竹市政府要維護市民生命財產安全，用公帑打官司，他沒有意見，但花的是市民的錢。她認為城市發展的大格局，需要誠實清廉的市長，也呼籲市民要從廣告中醒過來。對此，市府也發新聞稿強調，尊重檢方職權與司法程序，但對部分事實認定及法律評價仍有釐清必要，市府將依法提出再議，並追究相關廠商應負的民事及履約責任。新竹市長高虹安2022年高喊新竹棒球場是新竹大秘寶，但4年後遭檢方打臉。（資料照）新竹市長高虹安2022年高喊新竹棒球場是新竹大秘寶，但4年後遭檢方打臉，錢康明酸高虹安將再花市民公帑打民事官司。（資料照，記者洪美秀攝）    ,https://news.ltn.com.tw/news/politics/breakingnews/5556473
前幕僚爆陳幸妤「參選救父」可能性！陳水扁罕見動怒直球回應,政治,2026/08/29 15:44,前總統陳水扁。（資料照）前總統陳水扁女兒陳幸妤離婚前夫，近日引全台熱議。有媒體報導，陳水扁前幕僚、「台南競選總部執行總幹事」莊嚴稱，不排除陳幸妤為維護家族與「救父」，2028年以無黨籍身分投入台南市立委選戰。對此，陳水扁直接在Threads大罵「莊嚴你給我閉嘴。」他還表示，莊嚴何時做過台南競選總部執行總幹事，他怎麼都不知道？莊嚴近日接受中評社專訪表示，陳幸妤目前是陳水扁延續政壇影響力的關鍵，民進黨執政10年，陳水扁期盼多時「特赦」仍未果，因此陳幸妤成為重要布局，當此之際與趙建銘鬧翻時間點引人遐想。請繼續往下閱讀...他分析，陳亭妃若在台南市長選舉順利出線，可能會延攬陳幸妤出任台南市衛生局長等職務，為期後續進軍立院奠定基礎。儘管陳幸妤現在維持不涉入政治形象，但局勢發展往往不由個人主觀意志決定，尤其當陳致中參政之路已斷，若陳水扁全力說服，不無可能。相關報導也獲《中時》等媒體轉載，並發布於社群上。對此，陳水扁今日在《中時》Threads貼文下方留言痛斥：「莊嚴你給我閉嘴，不要胡說八道。」他還表示：「你什麼時候做過台南競選總部執行總幹事我都不知道。」留言下方，網友紛紛表示：「阿扁親自闢謠」、「總統級打臉」、「總統級認證造謠台」、「對方舉球手的技術太差，把球舉到我方球場」、「造謠被打臉現場」、「很少看到阿扁直接開嗆欸」。    ,https://news.ltn.com.tw/news/politics/breakingnews/5556436
選戰倒數！學者剖析北台選情 蔣萬安背負大贏壓力、新北「這」動向成蘇巧慧隱憂,政治,2026/08/29 15:37,民進黨台北市長參選人沈伯洋29日前往東湖五分市場拜票時與熱情民眾合影。（記者方賓照攝）11月28日九合一大選倒數，朝野積極備戰。東吳大學政治系兼任助理教授張元祥分析，民進黨台北市參選人沈伯洋以個人風格縮小差距，北市長蔣萬安則面臨市政爭議與「必須大贏」的壓力；新北市雖為綠營20年來最接近勝選的一次，但白營與中間選民偏向新北市國民黨參選人李四川成民進黨參選人蘇巧慧隱憂；竹北市藍白破局恐讓綠營得利，更恐成未來總統大選在野合作破口。目前藍綠在六都市長候選人佈局已底定，其中台北市由民進黨沈伯洋挑戰現任市長蔣萬安、新北市由民進黨蘇巧慧對決國民黨李四川。另外，在非六都方面，備受矚目的竹北市長選戰，歷經數月協調的藍白合作確定破局，國民黨提名吳旭智、民進黨提名曾聖凱、民眾黨推派邱臣遠參選到底，加上前民眾黨立委李貞秀亦宣布參選，讓選情更加錯綜複雜。請繼續往下閱讀...針對台北市選情，張元祥指出，沈伯洋自競選以來，始終維持凸顯個人形象、續推海量政見並淡化民進黨色彩的「沈式風格」。不論在新聞露出、網路聲量及社會討論度上，皆比三個月前大有起色，綠營要守住台北市約4成得票率的樓地板應非難事，與蔣萬安的差距確實有縮小趨勢。張元祥表示，沈伯洋距離民調上的「黃金交叉」甚至勝選仍有一段距離，真正的關鍵回到蔣萬安身上。蔣萬安身為現任市長，連任選戰本質就是「現任政績的檢視」，5月中旬以來，台北市陸續爆發鼠患、內湖淹水、幼兒園兒虐、監獄吸煙區、天價遮陽傘乃至加碼發現金等市政爭議，讓市府疲於應付，蔣萬安也明顯轉趨低調。對蔣萬安而言，問題在於有「必須大贏」的連任壓力，能否守住市政政績防線會是最重要關鍵。談及新北市長選情，張元祥認為，對民進黨而言，這確實是「20年來最接近勝選的一次」，原因在於新北政黨版圖原本即屬藍綠五五波、蘇貞昌與蘇巧慧長期深耕新北，具備高知名度與綿密組織、蘇巧慧個人形象良好且具年輕優勢。然而，張元祥分析，新北選戰若回歸政黨基本盤，在白營倒向李四川、中間選民五五波的結構下，對蘇巧慧極為不利。蘇巧慧邀請前總統蔡英文出任競總主委，正是寄望藉由蔡英文對中間、年輕及淺藍選民的吸引力，打破目前的選情僵局。針對竹北選戰，張元祥直言，民進黨籍竹北市長鄭朝方轉戰新竹縣長，藍營原本有機會在新竹縣與竹北市「雙殺」綠營，未料一開始就自亂陣腳，演變至今藍白形同翻臉，「一手好牌打到爛」恐是在野支持者最深的夢魘。藍白若無法從破局中汲取教訓、仍堅持老大心態寸土不讓，不僅年底選戰將面臨在野支持者「賭爛票」的反噬，更可能直接成為下一屆總統大選藍白合作的破口，最終讓民進黨坐收漁翁之利。台北市長蔣萬安。（資料照）民進黨新北市長參選人蘇巧慧（左）和國民黨新北市長參選人李四川（右）。（資料照，本報合成）    ,https://news.ltn.com.tw/news/politics/breakingnews/5556419
蘇巧慧拋商圈補助增3倍 年預算擬從600萬提高至1800萬,政治,2026/08/29 15:31,民進黨立委、新北市長參選人蘇巧慧今（29）日上午接連前往五股、林口、淡水、八里等區拜票。（蘇巧慧競辦提供）民進黨立委、新北市長參選人蘇巧慧今（29）日上午接連前往五股、林口、淡水、八里等區拜票。蘇巧慧在新北市八里渡船頭商圈協會請益商圈政見時，再次提及未來將針對新北市商圈「補助三倍、照顧加倍」。她說，她已陸續提出如「新皇冠海岸」、「鑽石山城」等觀光政見，以及商圈補助政見，盼串連新北山海資源，打造具國際競爭力的新北觀光品牌，同時也將大力支持新北商圈發展，大幅提升商圈預算，協助改善各項軟硬體設施。蘇巧慧表示，她已提出的「新皇冠海岸」和「鑽石山城」觀光計劃，將串聯新北的山海資源，完善交通建設與運輸路網，同時將進行「漁港總體檢」，打造討海人安心打拚、外地人開心觀光的漁港經濟，也將推廣新北的「茶道、礦道、鐵道、步道、老街道」等新北五道，以城市級特色活動為老街商圈吸引更多人流。請繼續往下閱讀...針對商圈補助，蘇巧慧指出，她與各商圈產業共同討論後，提出「商圈補助政見」，未來將把商圈補助從一年600萬提升到1800萬，並籌組「專家業師商圈總輔導團」，協助商圈改善硬體設施、改善周圍交通規劃，包括縮短大眾運輸與商圈的最後一哩路，盤整需要改善的人行空間、立面、公共空間、路線等，讓民眾可以更輕鬆、舒適的到新北各商圈觀光旅遊。蘇巧慧也出席板橋扶輪家族九社聯合例會活動，她說，扶輪社秉持著「互為貴人、創造希望」的精神，長期以來奉獻所長於社會，她所期盼打造的新北市亦是如此，要讓百工百業都能彼此交流、學習，讓城市成為聚合人才、發揮精彩的平台，公私攜手共創更進步的城市。民進黨立委、新北市長參選人蘇巧慧今（29）日上午接連前往五股、林口、淡水、八里等區拜票。（蘇巧慧競辦提供）    ,https://news.ltn.com.tw/news/politics/breakingnews/5556451
舉藍白財劃法嗆柯志恩  賴瑞隆：這難道不是重北輕南嗎？,政治,2026/08/29 15:26,舉藍白財劃法嗆柯志恩!賴瑞隆問柯、這難道不是重北輕南嗎?（記者王榮祥攝）遭質疑重北輕南、國民黨高雄市長參選人柯志恩反批「民進黨都執政10年了!」民進黨高雄市長參選人賴瑞隆今天強力回擊，柯志恩主導的藍營財劃法讓台北預算增加4百億元、高雄卻實質驟減兩百億元，「這難道不是重北輕南嗎？」賴瑞隆說，前段時間、藍白國會多數由柯志恩所主導的財劃法強行通過後，致使台北增加了400億元、高雄則實質損失了200億元，這難道不是重北輕南嗎？請繼續往下閱讀...他認為柯志恩的思維還是重北輕南，從財劃法修法就顯著的看得出來，當時藍營提案的第一個版本還出現首都台北加3%，這難道不是重北輕南的思維嗎？這兩年立法院藍白國會多數所導致的思維，難道不是重北輕南的思維嗎?賴瑞隆進一步抨擊柯志恩在高雄利益上面，始終站在國民黨黨意、而不是站在高雄民意，這難道不是重北輕南嗎？他請柯志恩誠實面對高雄人民。    ,https://news.ltn.com.tw/news/politics/breakingnews/5556440
訪帛琉與友盟出席榮邦特展 林佳龍盼攜手打造永續藍色太平洋,政治,2026/08/29 15:26,"外交部長林佳龍28日與帛琉總統惠恕仁（Surangel S. Whipps, Jr.），以及美國、日本、澳大利亞駐帛琉使節及代表，共同出席「榮邦特展」（Pacific Prosperity Exhibit）開幕典禮。（外交部提供）外交部長林佳龍昨（28）日與帛琉總統惠恕仁（Surangel S. Whipps, Jr.），以及美國、日本、澳大利亞駐帛琉使節及代表，共同出席「榮邦特展」（Pacific Prosperity Exhibit）開幕典禮。林佳龍表示，台灣長期以太平洋島國論壇（PIF）「發展夥伴」身分參與太平洋事務，盼藉榮邦特展讓來到現場的各國朋友認識台灣與帛琉和各國夥伴合作的成果。林佳龍今天在社群分享表示，今年太平洋島國論壇由帛琉主辦，惠恕仁總統以「B.E.L.A.U.」為主軸，從打造經濟（Building Economies）、守護生命與提升生活（Life）、付諸行動（Action）到凝聚團結（Unity），希望匯聚更多夥伴力量，共同回應太平洋地區的發展需求。此次「榮邦特展」也將這項精神融入策展設計。請繼續往下閱讀...「當我們一起踏進展場時，大家不約而同發出讚嘆。」林佳龍指出，映入眼簾的是一大片平靜而深邃的海洋藍，海洋生物自在優游，360度環形沉浸式影像在四周展開，伴隨著海水波紋與浪濤聲，讓人彷彿走進太平洋的懷抱。展場正中央的互動展台，設計靈感來自帛琉的Toluk傳統貨幣，象徵財富與繁榮，也承載著分享與互助的文化意涵。林佳龍表示，開幕啟動時，他與惠恕仁總統，以及美國、日本、澳大利亞等理念相近夥伴的代表，一同圍在以Toluk為意象的互動展台前，伸手啟動裝置，螢幕上的能量逐步匯聚，最後融合成一道光芒，點亮各國在太平洋推動的合作成果。這個畫面就如同來自不同國家的夥伴圍在一起，各自投入所長，匯聚成共同成果，正好呼應今年PIF「B.E.L.A.U.」所強調的Action與Unity，也與台灣推動「榮邦計畫」的精神相呼應。透過互動展台與燈箱，大家也進一步探索低碳能源、智慧醫療、智慧農業、數位韌性、基礎建設與社會賦權等領域的合作成果，每一項展示成果背後，都有不同國家與團隊長時間的投入。林佳龍表示，面對氣候變遷、能源轉型、數位轉型及海洋永續等共同挑戰，台灣長期以PIF「發展夥伴」身分參與太平洋事務，也支持「2050年藍色太平洋大陸戰略」，持續分享在科技、醫療、農業、能源及數位治理等領域累積的經驗，為太平洋國家的發展貢獻心力。林佳龍也特別感謝台灣設計研究院及策展團隊的投入，從沉浸式環景影像、互動科技到展場空間，團隊從帛琉的文化與生活出發，把田野觀察轉化成展覽敘事，也將不同國家、不同領域的合作成果重新串聯，讓來到現場的朋友，可以更直觀地理解這些合作與太平洋生活、發展之間的關係。此次特展開幕典禮，另由台灣「娜麓灣樂舞劇團」及帛琉艾萊州貝利亞斯舞團同台演出，為活動揭開序幕。林佳龍表示，看見同屬南島語族的台灣及帛琉原住民族透過傳統樂舞相互交流，更展現雙方深厚的文化連結。此外，「國際青年大使」也投入展覽導覽及服務工作，讓年輕世代親身參與國際交流、拓展國際視野。除「榮邦特展」外，日本國際協力機構（JICA）也策劃日本與帛琉在綠能、環境保護及循環經濟等領域的合作成果展。林佳龍並與各國駐帛琉使節，在惠恕仁總統引導下一同步行前往參觀。林佳龍表示，此次訪問帛琉，很高興見證台帛多年累積的合作成果，也看見美國、日本、澳大利亞等理念相近夥伴共同投入太平洋發展。這正是「總合外交」的精神，從雙邊合作出發，整合資源再串聯國際夥伴，也讓台灣為太平洋的繁榮、韌性與永續作出更多貢獻。外交部長林佳龍28日與帛琉總統惠恕仁（Surangel S. Whipps, Jr.），以及美國、日本、澳大利亞駐帛琉使節及代表，共同出席「榮邦特展」（Pacific Prosperity Exhibit）開幕典禮。（外交部提供）    ",https://news.ltn.com.tw/news/politics/breakingnews/5556445
不只一篇！一堆印尼人點讚北市府「芒果冰」 她笑：記得買繁中版,政治,2026/08/29 14:58,一篇介紹芒果冰的貼文獲大量國外假帳號點讚。（取自北市粉專）網紅四叉貓昨日發文表示，台北市粉專「Humans of Taipei 我是台北人」下方，出現大量外國網友以印尼文留言，笑虧：「網軍設定錯誤了喔」，媒體人詹凌瑀今日也發文指出，還有一篇介紹芒果冰的貼文，下方也是一排外國帳號排隊喊讚，「下次記得，買網軍要加錢升級『繁體中文版』」。四叉貓昨日在社群發文貼出截圖，只見一篇北市推廣「國軍守護．榮耀同行」敬軍活動的貼文下方，出現奇怪的帳號留言，帳號名字多為印尼人名，他們紛紛以印尼文留言：「讚，超讚」、「好的老闆」、「酷斃了」、「非常棒」。請繼續往下閱讀...詹凌瑀今日發文狠酸，台北市政府臉書貼文的留言區最近很國際化。連介紹芒果冰的貼文都有一排外國帳號排隊點讚，「台北的冰是有外銷東南亞喔？蔣萬安市長，人家推新南向推了快10年，你一個買流量就做到了，全市府最有國際觀的原來是小編的網軍供應商。」最後她也揶揄：「下次記得，買網軍要加錢升級『繁體中文版』，不然真的很難幫你們裝下去。」一票東南亞人姓名、頭像的帳號點讚。（取自北市粉專）    ,https://news.ltn.com.tw/news/politics/breakingnews/5556423
蔣萬安拿高雄擋箭   高市議員鄭孟洳嗆：台北兒少性傷害案先說清楚,政治,2026/08/29 14:57,嗆蔣萬安老拿高雄擋箭，高市議員鄭孟洳呼籲蔣萬安先講清楚台北兒少性傷害案。（記者王榮祥翻攝）台北市長蔣萬安幾度拿高雄市政說嘴。民進黨高市議員鄭孟洳今喊話蔣萬安別把高雄當擋箭牌，應先把最近引發外界關切的台北兒少性傷害案說清楚。針對台北市近期兒少遭性傷害案件，北市府面對外界質疑時，也搬出高雄過去兒虐案件數字回應；鄭孟洳提醒台北市府應先把自身通報、訪視及處遇流程說明白，拿不同性質的案件相互比較，不僅答非所問，更有轉移焦點嫌疑。請繼續往下閱讀...鄭孟洳指出，高雄過去發生重大案件後，同樣面對社會檢視，選擇正面檢討制度缺口，從醫療專業介入、風險評估，到督導複核及跨專業討論機制，持續補強兒少安全網。她提醒，台北自己的制度漏洞「不會因為搬出高雄就消失」，該說清楚的責任，也不能靠幾個數字比較就一筆帶過。她認為兒少遭受性傷害與兒虐致死，本就是不同性質的案件，每起兒保案件的家庭樣態、風險因素、通報過程及社工處遇也都不同，若抽離個案脈絡，只用數字進行跨縣市比較，不僅無助於釐清問題、檢討制度，更可能再次傷害受害兒少與家屬，也讓社工承受更多不必要的壓力。她說，高雄制度不一定最完美，但至少在重大案件發生後，選擇面對問題，「該檢討的就檢討、該改的就改，而不是搬出其他縣市的案例替自己解圍」；她建議蔣萬安市長「請先把台北自己的問題說清楚，別再拿高雄轉移焦點，更不要拿另一個孩子的傷痛，替自己的制度漏洞辯護」。    ,https://news.ltn.com.tw/news/politics/breakingnews/5556430
藍白版無人機條例三讀無慶祝行情 何欣純為台中傳產憂心 江啟臣喊更公平分配,政治,2026/08/29 14:53,藍白版無人機條例三讀無慶祝行情，何欣純為台中傳產憂心。（記者蘇孟娟攝）藍白版無人機條例三讀，財信傳媒集團董事長謝金河昨天（28日）在臉書發文以隔天國內股市相關概念股卻未見慶祝行情，憂內藏重重機關恐讓無人機產業發展備受波折；民進黨台中市長參選人、立委何欣純憂台中產業被扼殺；國民黨市長參選人、立法院副院長江啟臣則肯定，未來預算及政策會公平分布在相關的縣市及產業。藍白無人載具條例27日通過，6年編列2400億元的公務預算，謝金河昨在臉書發文點出「春江水暖最先知」，若這個法案對產業發展有利，昨天資本市場一定強烈大漲回應，結果股市卻大跌回應，相關概念股都跌很重，「這顯示，無人載具條例雖通過，但卻內藏重重機關，也讓無人機產業發展備受波折」。請繼續往下閱讀...何欣純說，對於謝金河發文「誰在阻擋台灣的無人機產業」也深有同感，更為台中傳產及無人機業者感到憂心忡忡；她說，勞工、產業、與民意都清楚表示，台灣應該在國家安全下，經濟、民生、產業繼續往前大步發展，身為國會議員，為所當為、言所當言，如果只是口惠實不至、閃躲不表態，就是默許丶眼睜睜看著台中產業被扼殺。何欣純說，她雖遺憾難過，但不會放棄，會繼續拚搏，為這片土地為產業的未來而努力。江啟臣則指出，無人機產業是台中市、全台灣重要的產業，這次通過的專法是各個政黨、黨團折衷、協調後所通過的版本，一方面希望能夠兼顧國防，二方面也能夠照顧到產業發展，「內容大家可以再去仔細看一下」，最重要的是預算還有政策將來能夠非常公平分布在相關縣市及產業當中。江啟臣說，產業發展需要相關的配套跟時間，期待在公私部門共同努力下，未來不光是無人載具，包括機器人、半導體等相關產業鏈都持續發展。藍白版無人機條例三讀無慶祝行情，江啟臣喊公平分配。（記者蘇孟娟攝）    ,https://news.ltn.com.tw/news/politics/breakingnews/5556358
連自己人都反對！ 林俊憲批藍白公投：想騙選票卻鬧大笑話,政治,2026/08/29 14:42,民進黨立委林俊憲。（資料照）藍白陣營提出的「鞭刑」與「交通罰鍰專用」兩項公投案遭中選會決議不予通過，國民黨與民眾黨紛紛批評中選會凌駕民意、造成民主倒退。民進黨立委林俊憲今（29日）反擊說，在野黨一味怪罪民進黨與總統賴清德，但事實上連藍白推薦的中選會委員都一致投票否決鞭刑案，兩黨原企圖強推公投騙選票，現在亂搞卻鬧了大笑話。針對年底選舉藍白陣營提出的3項公投案，中選會決議僅「廢除非核家園」通過，其餘「鞭刑」與「交通罰鍰專用」均未過關。「鞭刑」公投領銜提案人、國民黨立委洪孟楷質疑，人民有權表達贊成或反對，權利不該被提前剝奪，此決議是台灣民主倒退的最具體證明；民眾黨團提出的「交通罰鍰專用」案遭駁回後，民眾黨主席黃國昌也批評中選會理由含糊抽象，本應只處理程序事項，如今凌駕民意成為「公投太上皇」。請繼續往下閱讀...對此，林俊憲今受訪直言，在野黨亂搞公投，鬧了個大笑話，事後卻老套地怪給民進黨與賴清德。中選會委員全票一致否決鞭刑公投，委員會中約有4位是在野黨推薦的委員，等於連國民黨與民眾黨自己推薦的委員都投下反對票，國民黨從不反省自己，卻仍要怪罪執政黨。「交通罰鍰專用」公投案方面，林俊憲表示，「公民投票法」限制薪資、預算、稅收與人事不得做為公投題目，目的就是避免民粹與非重大事項公投。若公投未過，在野黨大可直接在立法院修法，且民進黨過去曾提出內容與民眾黨主張完全相同的法案，民眾黨卻在立法院表決時與國民黨一同投下反對票。林俊憲批評，藍白目前在立法院佔有多數席次，要什麼法案就有什麼法案，沒有過不了的；用公投題目騙選票的企圖非常明顯，做法更是亂來、非常離譜，但在野黨千錯萬錯都不會反省自己，只會怪民進黨「都是賴清德的錯」。    ,https://news.ltn.com.tw/news/politics/breakingnews/5556417
藍委批民進黨對不起後代子孫 莊瑞雄：少子女化並非互扣帽子工具,政治,2026/08/29 14:39,民進黨立委莊瑞雄。（資料照）國發會近日公布最新人口推估結果，預測2045年人口恐跌破2000萬人，2075年將腰斬剩1215萬人。國民黨立委李彥秀批評，民進黨錯失扭轉少子女化的黃金十年，對不起全台後代子孫，應立即召開國是會議，提出人口對策；民進黨立院黨團幹事長莊瑞雄今（29）日表示，少子化是台灣必須嚴肅面對的國安問題，這一點朝野沒有不同。但真正要解決少子化，不能只靠政治口水，更不能把所有問題都簡化成「政府失敗」。莊瑞雄指出，國民黨一方面批評政府「砸錢補助是政策買票」，另一方面又拿自己通過、需要政府長期投入大量財政資源的「兒少未來帳戶」來批評行政院不副署，這個邏輯恐怕要先自己說清楚：政府幫年輕家庭減輕育兒負擔叫買票，國民黨自己要政府出錢就叫照顧下一代，這是哪一套標準？請繼續往下閱讀...莊瑞雄強調，行政院不副署「兒少未來帳戶條例」，不是反對照顧孩子，而是法案本身涉及權力分立、財政及租稅法律等重大問題。照顧下一代不能只開一個帳戶，更重要的是從育兒、托育、教育、居住到就業，一項一項減輕年輕家庭的壓力。至於國民黨要求召開國是會議，莊瑞雄表示，任何有助解決少子化的建議都可以討論，但國人期待的不是朝野再開一場會、互相指責，而是把真正能減輕年輕人負擔的政策一件一件做好。莊瑞雄強調，孩子不是選舉口號，少子化也不是拿來互相扣帽子的工具。年輕人不是不想生，是要先看得見自己的未來，才敢承擔下一代的未來。    ,https://news.ltn.com.tw/news/politics/breakingnews/5556415
盧秀燕喊「繼續留在中央」 陳瑩回應：我選擇回台東承擔,政治,2026/08/29 14:35,陳瑩表示，台東縣長有台東人自己選擇，感謝盧秀燕肯定自己的努力。（資料照）台中市長盧秀燕今天到台東替國民黨縣長參選人、議長吳秀華站台，並公開喊話民進黨立委、縣長參選人陳瑩「繼續留在中央」，由立委在中央爭取預算，地方則交給吳秀華。對此，陳瑩回應，自己和盧秀燕曾為立院同事，也了解自己的努力和能力，由衷感謝她肯定自己為台東努力，但「交棒給秀華」恕難從命。陳瑩表示，台東現在在中央，也有國民黨籍的區域立委黃建賓，相信黃委員也會繼續為台東爭取資源。所以陳瑩回到台東不代表台東在中央少了一份力量；相反地，是把一份在中央累積二十多年的經驗和能力，帶回台東、留在台東。請繼續往下閱讀...陳瑩表示，其實盧市長自己就是最好的例子，盧市長當年也是從立法院走向台中市政府，把多年中央歷練帶回地方，我認為，既然有這個能力，就更應該把它帶回台東，回來當縣市長，讓爭得到資源的人，也成為把資源變成建設、把承諾變成改變的人。台東的未來，不是誰留中央、誰顧地方的政治分工，更不是由任何政黨、任何人來替台東安排。陳瑩表示，盧市長當年選擇回台中承擔，我今天也選擇回台東承擔。距離11月28日投票日剩下3個月，我會繼續走遍台東，把我的想法、我的準備交給鄉親檢驗。最後陳瑩說，至於誰最適合當下一任台東縣長，就交給最有智慧的台東鄉親來選擇，這才是對台東最好的安排。    ,https://news.ltn.com.tw/news/politics/breakingnews/5556403
接球都不會？被問哪裡比沈伯洋好 蔣萬安回答讓律師跌破眼鏡,政治,2026/08/29 14:27,台北市長蔣萬安。（記者田裕華攝）台北市長蔣萬安日前備詢時被同黨的國民黨議員柳采薇「作球」，請他提出一個自己比沈伯洋優勢的地方，沒想到蔣萬安舉例是「生生喝鮮奶」。讓律師林智群忍不住嘆氣：「國民黨議員做球給你，還接得這麼爛。」林智群昨日在臉書分享日前在網路上流傳甚廣的蔣萬安答詢影片截圖。此事發生在本月中旬，當時，柳采薇在議會中請蔣萬安提出一個自己比沈伯洋優勢的地方，蔣萬安回答稱，身為市長必須要很務實，任何政策推出都要思考預算的規模與後續成效是否可行，接著他就表示，可以「生生喝鮮奶」為例。請繼續往下閱讀...當時就有不少網友狠酸：「只有生生喝鮮奶」、「說不出其他東西了？」「記憶體嚴重不足」。林智群也在文中直呼：「這個人頭腦是不是有什麼問題啊？國民黨議員做球給你，還接得這麼爛。」貼文下方，網友紛紛留言表示：「你們不要再逼他了啊」、「不愧為草包安」、「韓總機要不要來救他一下」、「原來也是一個阿斗」。    ,https://news.ltn.com.tw/news/politics/breakingnews/5556340
台股一定上5萬點？ 柯文哲彰化預言 「台灣病」才是危機,政治,2026/08/29 14:21,柯文哲今在彰化輔選，在政策發表會活動致詞，他談到台灣經濟，預測股市必上5萬點。（記者張聰秋攝）民眾黨創黨主席柯文哲今天（29日）到彰化輔選，在縣議會的政策發表會上，談及台灣經濟現況，他表示，現在全世界的經濟，沒有本益比，只有本夢比；最近他看完台北電腦展後，確定「台灣股票一定會衝破5萬點」。不過，他也認為，台灣現在面臨比「荷蘭病」更嚴重的經濟病、「台灣病」，未來AI、半導體產業發展到頂點時，風險也會隨之浮現。他表明，台灣病就是「台灣不能沒有台積電，但是台灣不能只有台積電。」。請繼續往下閱讀...柯文哲以經濟學「荷蘭病」借喻，他說，荷蘭過去在北海發現石油賺大錢，結果貨幣升值重創其他外銷產業，一旦油價暴跌整個國家經濟就出問題。接著他說，他雖不懂股票，可是2個月前他看台北電腦展，「我看到那個我就笑死」，看完後他確定，「台灣股票一定會衝破5萬點」，因為電腦展AI裡面要做東西，他一看就說這個一定做得出來，是可實現的願景，經濟的預期也會繼續升高。話鋒一轉，柯文哲說，台灣經濟真正的危機是股市衝破5萬點以後，AI難道沒有終點？晶片小於2奈米也有物理極限，就像2008年雷曼兄弟金融泡沫一樣，房地產一直漲，房地產大家在漲的時候沒有問題，可是總有一天，漲到有一天會退縮。所以「台灣病」簡單的講一句話，台灣不能沒有台積電，但是台灣不能只有台積電。這就是「台灣病」最簡單的縮影，等到頂點那一天來時，怎麼辦？大樓垮。柯文哲今天在彰化排滿整天輔選行程，南北彰跑透透；一早先後前往二林早市掃街、參加彰化原民文化節，隨後再到縣議會演說，下午轉往彰化縣總工會出席女力政見交流會，傍晚預計前往員林市區掃街拜票。柯文哲（右）今天在彰化行程滿滿，上午參加縣議員吳韋達（左）在議會舉辦政策發表會，民眾上前跟他合照。（記者張聰秋攝）柯文哲今天在彰化輔選，與民眾互動，高興的心情全寫在臉上。（記者張聰秋攝）    ,https://news.ltn.com.tw/news/politics/breakingnews/5556356
盧秀燕台東輔選  稱藍營立委砍弱勢月餅預算是「行使職權」,政治,2026/08/29 14:15,盧秀燕祝吳秀華可以順利當選。（記者劉人瑋攝）台中市長盧秀燕今天訪問台東，並在台東天后宮為國民黨縣長參選人、議長吳秀華造勢，只是台中喊習慣，說到台東卻喊頻說成台中，讓人聽得一頭霧水。盧秀燕幫現場所有人喊「凍蒜（當選）」，也稱藍營通過史上最高無人機預算和社福預算，「被總統府棄單的月餅有很多人伸援，呼籲大家一起幫忙弱勢過一個中秋好節」。盧秀燕今在天后宮為吳秀華造勢，她表示，中央、地方協同為台東出力才是為台東好，綠營縣長參選人陳瑩「她是位好立委，就繼續讓她留在立院幫忙台東」。她並拿出剛辦完的「石岡熱氣球嘉年華」熱氣球造型飾品給吳，祝其交棒成功、順利升空。請繼續往下閱讀...盧秀燕同時也大讚藍營立委，例如通過2400億無人機預算，由藍營立委黃建豪主要鼓吹有史以來無人機最大預算，台灣除了有台積電，還要有無人機產業成為第二座護國神山。另外盧說，看到很多人支持總統府棄單的公益月餅，很多人伸手援助，身心障礙朋友經濟本就弱勢，拜託大家發揮愛心踴躍認購月餅，協助度過一個好節。但當記者問起，「立委翁曉鈴當時別亂刪預算不就得了？」盧秀燕說，立委刪預算是行駛職權，「別忘了，立委也通過有史以來最高的社福預算，高達3兆」，相信各縣市政府、部會也知道如何拿到這筆預算協助身心障礙朋友。盧秀燕祝吳秀華可以交棒成功。（記者劉人瑋攝）    ,https://news.ltn.com.tw/news/politics/breakingnews/5556354
李四川新店座談提「軌道建設123」 承諾改善高地水壓,政治,2026/08/29 14:00,國民黨新北市長參選人李四川（中）與議員陳儀君共同舉辦市政說明會。（記者翁聿煌攝）國民黨新北市長參選人李四川29日赴新店出席3場地方座談，從達觀鎮社區所有權人會議、安忠路沿線老舊高地社區用戶加壓受水計畫說明會，再到議員陳儀君市政說明會，深入基層第一線聆聽鄉親心聲，李四川承諾在地鄉親，未來擔任市長，會用工程專業全力解決地方問題，打造市民安居樂業的居住環境。李四川參加市政說明會，獲得滿場鄉親高喊凍蒜，許多鄉親更自備腳架、自拍桿等道具與李四川合影留念，互動相當溫馨融洽，展現李四川在地超高人氣；新北教師會代表也致贈紫色小雛菊，花語為「高貴優雅」與「純潔」，象徵不忘初衷，藉此表達對李四川務實做事、埋首市政不求個人光環的感動與支持。請繼續往下閱讀...李四川表示，自己與新店緣分很深，過去在台北縣、新北市服務期間，曾參與過五重溪道路、安一路的興建及推動安坑輕軌，他提到過去在朱立倫市長任內參與推動「三環三線」，卻被民進黨批評是「只會畫線不會實現」，但如今相關建設都一一落實，未來會接棒侯友宜市長的市政成果，繼續推動「軌道建設123」，打造雙北30分鐘核心生活圈。李四川早上也到達觀鎮社區參與所有權人會議，並出席安忠路沿線老舊高地社區用戶加壓受水計畫說明會，針對高地社區長期面臨地勢高、自來水水壓不足問題，李四川表示，過去在新北市府任職時，便多次與地方針對用水、加壓站、土地用地等問題，進行討論及推動修改法令，未來擔任市長，會以工程專業全力為地方解決問題。國民黨新北市長參選人李四川（中）與議員陳儀君共同舉辦市政說明會。（記者翁聿煌攝）    ,https://news.ltn.com.tw/news/politics/breakingnews/5556367
自由觀點》宗教法人錢多多 慈濟財務最透明,政治,2026/08/29 14:00,    ,https://news.ltn.com.tw/news/politics/breakingnews/5554753
蔡英文籲檢討社安網漏洞 沈伯洋批北市府制度不完善、推社工出去擔,政治,2026/08/29 13:53,民進黨台北市長參選人沈伯洋今於東湖五分市場掃街受訪指出，近年兒虐案件激增，北市府在托育稽查與家庭防護上長期缺乏完善制度，卻總把第一線社工推出去承擔，造成「弱弱相殘」。（記者方賓照攝）前總統蔡英文對台北市一名10歲女童遭受性傷害有感而發，昨天在脆上發文指出，在資訊尚未完整前切勿簡化第一線工作者的努力，但社會安全網仍須檢討，找出問題填補漏洞。對此，民進黨籍台北市長參選人沈伯洋今於東湖五分市場掃街受訪指出，近年兒虐案件激增，北市府在托育稽查與家庭防護上長期缺乏完善制度，卻總把第一線社工推出去承擔，造成「弱弱相殘」，小英也是心疼、看不下去，才會發文呼籲正視問題。沈伯洋表示，這幾年來兒虐案件越來越多，一大類屬於托育、一大類屬於家庭內暴力。其中跟托育相關者，台北市政府在稽查上，一直以來都沒有辦法做好，不然就不會每一次都說有掌握，卻又一直爆發，這次跟家庭有關的事件，比較令人痛心的是，它明明是制度性、安置量能等問題，這在制度端要解決，市府卻把社工推到第一線。請繼續往下閱讀...沈伯洋提到，明明自己在講的都不是社工，而是制度要怎麼改善、社會局的標準是什麼，結果對方卻把社工推到第一線，導致弱弱相殘，絕對無法忍受這種政治操作。小英前總統跟他一樣，認為制度要改善，好幾年前就有很多人提出，議員也有質詢，為什麼今天都做不到，事發後把社工推上前線，相信她也是因為看不下去，所以才發文。今年替總統、副總統畫斗方的「波波冰狗室」版主許姓姐妹花受訪表示，從黑熊學院開始認識沈伯洋，提醒不要被刻板印象給框住，還是要去了解他這個人為什麼要做這些事情，以及理念與信念，覺得他有在為台灣付出很棒，並說欣賞沈關心婦幼議題，尤其是在領養小孩方面感動人心。一講到兒虐，真的非常心疼那些小朋友，一定要有人可以提出能夠落實的政策。台北市長參選人沈伯洋29日前往東湖五分市場拜票。（記者方賓照攝）    ,https://news.ltn.com.tw/news/politics/breakingnews/5556335
蔣萬安被問吸菸區卻扯高雄 沈伯洋酸問T答K：想選高雄市議員？,政治,2026/08/29 13:49,民進黨籍台北市長參選人沈伯洋。（記者方賓照攝）台北市長蔣萬安昨以「高雄九如橋花五億元」回應市議員批評格柵式吸菸區試錯成本超過百萬元，高雄市長陳其邁回批「最糟糕的方式就是問A答B、牽拖別人」，北市府再嗆陳「迴避自己執政的問題」。對此，民進黨籍台北市長參選人沈伯洋調侃，蔣可能比較累、眼睛模糊把質詢議員看成陳其邁，或是想選高雄市議員，才會「問T答K」。沈伯洋表示，蔣萬安可能昨天比較累、備詢時眼睛有點糊，把對方看成陳其邁，不然還有一種可能是他想選高雄市議員，不然人家在問台北的問題，回答高雄到底要做什麼？這已經不是「問A答B」了，而是「問T答K（問 Taipei 答 Kaohsiung）」。請繼續往下閱讀...沈伯洋指出，這一段時間以來，大家都已看得很清楚，蔣萬安都不針對問題、制度去回答，昨天蠻多人在問吸菸區相關議題，也是一樣，很早之前就有很多議員詢問，如何訂定標準與規劃，蔣不關心，永遠就是轉移焦點，或是將其視為政治操作，又或者變成是問中央，人民看得很清楚。    ,https://news.ltn.com.tw/news/politics/breakingnews/5556349
竹市棒球場案不起訴 民眾黨7人籲高虹安市府提再議、民事求償,政治,2026/08/29 13:45,新竹棒球場案獲新竹地檢署不起訴及緩起訴，民眾黨市議員參選人發聯合聲明，支持高虹安市府提再議及進行民事求償。（資料照，記者洪美秀攝）新竹市立棒球場案歷經4年偵辦，新竹地檢署昨晚偵查終結，全案包括前市長林智堅及公務員等都獲不起訴，另有相關人員涉偽造文書獲緩起訴處分，民眾黨新竹市議員及議員參選人共7人今天發表聯合新聞稿，認為棒球場底下的廢棄物是真的、偽造文書也是真的，支持高虹安市府提再議及對廠商進行民事求償。新聞稿也質疑，檢方處分書提到棒球場開挖發現紅磚、電線、塑膠製品等物，也涉及B5類營建廢棄物，換言之，「棒球場地下挖出廢棄物」是客觀事實。而檢方以部分已造冊、計算的混凝土塊、磚瓦等數量與整體土方相比，認為占比甚低，但依契約及工程規範，這些東西到底可不可以出現在那個位置？請繼續往下閱讀...他們稱，檢方處分書中已有相關人員坦承存在不實文書登載，最後獲緩起訴；但面對其他工程異常，卻又一再以欠缺犯罪故意、施工疏失、工人遺留等方向認定。雖刑事不起訴，但不代表棒球場當年的工程品質沒有問題，更不代表行政、契約及民事責任一筆勾銷。7名民眾黨成員表示，他們支持市府針對廢棄物數量計算、未納入部分、工程文書不實、政府採購履約、縮時攝影缺漏及其他尚未釐清事項，依法研議再議，並支持市府持續進行民事求償，為市民追回應有權益。    ,https://news.ltn.com.tw/news/politics/breakingnews/5556351
黃國昌、邱臣遠竹北玩水槍大戰 明天柯文哲也來助陣,政治,2026/08/29 13:18,民眾黨主席黃國昌、竹北市長參選人邱臣遠、新竹縣議員參選人游雅婷等人，今起一連兩天在竹北兒十公園舉辦「夏日水花派對竹北水樂園」。（記者廖雪茹攝）把握暑假最後一個週末，民眾黨竹北市長參選人邱臣遠、新竹縣議員參選人游雅婷，今起一連兩天在竹北兒十公園舉辦「夏日水花派對竹北水樂園」，吸引數百名親子到場同樂。民眾黨主席黃國昌、台北市議員黃瀞瑩、市民代表參選人林瑞德也換上輕便運動裝、手持水槍加入戰局，和大小朋友在炎炎夏日展開一場「水花大戰」。活動現場設置大型充氣滑水道、戲水池，最受矚目的「水槍大亂鬥」一開戰就嗨翻全場。黃國昌、邱臣遠化身「大魔王」，遭數十名全副武裝的孩子拿水槍猛攻，兩人被淋得全身濕透仍笑著迎戰；黃瀞瑩、游雅婷與林瑞德則帶著小朋友組隊，指揮「萌娃軍團」發動反擊，現場水花四射、笑聲不斷。請繼續往下閱讀...邱臣遠表示，竹北市人口成長快速，年輕家庭對安全、優質且多元的親子休閒空間需求日益增加。他說，此次將兒十公園變身期間限定水樂園，就是希望在暑假尾聲替孩子留下快樂回憶。若未來進入竹北市公所，他將全面盤點並升級特色公園及親水遊憩設施，增加常態性的親子、藝文與休閒活動，讓竹北成為「親子宜居城市」。黃國昌則表示，看到孩子們開心玩耍，就是團隊持續深耕地方的動力。他強調，竹北需要兼具政策視野與執行力的團隊，並肯定邱臣遠過去在國會的表現，認為未來能為竹北帶來更有效率的城市治理。游雅婷、林瑞德也表示，未來將串聯縣、市資源，爭取更多共融公園、安全步道及假日活動，打造年輕世代認同的新竹生活圈。主辦單位表示，活動明（30）日持續舉行，並預告邀請民眾黨創黨主席柯文哲、台北市松山信義議員參選人許甫，以及立院黨團主任陳智菡等人到場，邀請親子把握暑假最後時光，到竹北兒十公園清涼消暑。民眾黨「夏日水花派對竹北水樂園」，吸引數百名親子到場同樂。（記者廖雪茹攝）民眾黨主席黃國昌、竹北市長參選人邱臣遠、新竹縣議員參選人游雅婷等人，今起一連兩天在竹北兒十公園舉辦「夏日水花派對竹北水樂園」。（記者廖雪茹攝）民眾黨「夏日水花派對竹北水樂園」，台北市議員黃瀞瑩（右起5人）、竹北市長參選人邱臣遠、黨主席黃國昌、新竹縣議員參選人游雅婷與市民代表參選人林瑞德，與親子同樂。（記者廖雪茹攝）    ,https://news.ltn.com.tw/news/politics/breakingnews/5556329
選戰倒數百日！江啟臣拋育兒政策 親子uBike「袋鼠車」也入列,政治,2026/08/29 13:15,江啟臣舉行「藝啟動一動親子歡樂城—潭子站」活動，場面歡樂。（記者張軒哲攝）2026 九合一選舉進入倒數3個月階段，立法院副院長、台中市長參選人江啟臣今（29）日上午與立委楊瓊瓔、市議員賴朝國、潭水亭主委林玉鶴及地方里長等人參加「藝啟動一動親子歡樂城—潭子站」，江啟臣指出，未來將持續推動「台中親子味」育兒新政，包括親子車位免費停車4小時、好孕專車乘車補助延長至產後一年、試辦附設兒童安全座椅的親子YouBike「袋鼠車」，以及普及「親子小白宮」等親子廁所。今日活動現場規劃滑步車體驗、氣墊城堡、親子闖關、市集及舞台表演，吸引許多家長帶著孩子同樂。江啟臣到場後與家長、孩子握手合影，也透過有獎徵答送出氣球，現場互動熱絡。請繼續往下閱讀...江啟臣表示，假日是父母帶孩子放電、也是全家最幸福的時光，「陪伴就是最無價的。」親子活動不只是讓孩子玩得開心，更提醒政府，一座城市是不是友善，爸媽帶孩子出一趟門最清楚；從找車位、搭車、騎乘公共自行車到上廁所，每個看似微小的不方便，累積起來都是育兒家庭的壓力，「台中親子味」育兒新政從停車、搭車、騎車到如廁，全方位打造更友善的親子外出環境江啟臣表示，「袋鼠車」將讓家長短程接送或親子出遊時，多一個安全、便利的移動選擇，也讓爸爸媽媽帶孩子外出不再手忙腳亂，面對少子化，江啟臣指出，提高生育意願不能只要求家庭承擔，政府必須先把育兒環境做好、把負擔減下來。立法院副院長、台中市長參選人江啟臣（中）與立委楊瓊瓔、市議員賴朝國、參加「藝啟動一動親子歡樂城」與家長幼童合影。（記者張軒哲攝）「藝啟動一動親子歡樂城」吸引幼童玩氣墊滑梯。（記者張軒哲攝）    ,https://news.ltn.com.tw/news/politics/breakingnews/5556339
蔣萬安選擇站隊翁曉玲！沈伯洋：事前叫藍委別跟翁曉玲投才更有智慧,政治,2026/08/29 13:14,民進黨台北市長參選人沈伯洋29日前往東湖五分市場拜票時與熱情民眾合影。（記者方賓照攝）民進黨籍台北市長參選人沈伯洋昨至台北市的庇護工場「育成蕃薯藤餐廳」，自掏腰包十萬元購買禮盒。沈今於東湖五分市場掃街受訪表示，庇護工場平常就需要協助，不是只有現在，蔣萬安選擇站在翁曉玲這一邊，那是他個人的自由，投票前事前告知藍委不要跟著藍委翁曉玲投，事情就不會發生，這就叫做更有智慧的做法。沈伯洋表示，原本就規劃要購買，順帶推廣一下，現在庇護工場因為中秋訂單被立法院砍掉，不少民眾支持，但提醒，庇護工場平時也很需要協助，所以昨天買的不是中秋禮盒，而是平常的禮盒，包含水果乾、堅果、茶類的爆米花，平常就可買來送給朋友，以表支持，也請業者中秋過後再出貨即可。請繼續往下閱讀...沈伯洋指出，要不要幫助，這個不用評估，庇護工場平常就需要協助，不是只有現在，蔣萬安選擇站在翁曉玲這一邊，那是他個人的自由，但之前就一直強調，有很多事情是他事前就可以做的，他跟台北市的藍委徐巧芯、李彥秀、王鴻薇、羅智強等人那麼熟，這些都是蔣的好朋友，只要在事前告訴他們，弱勢應該要保護，投票時不要跟著翁曉玲投，這件事情就不會發生。對於蔣萬安說「國務機要費可以有更有智慧的方式處理」；沈伯洋直言，蔣萬安說有更有智慧的做法，「這就叫做更有智慧的做法！」台北市長參選人沈伯洋29日前往東湖五分市場拜票。（記者方賓照攝）民進黨台北市長參選人沈伯洋29日前往東湖五分市場拜票，會前接受媒體採訪。（記者方賓照攝）    ,https://news.ltn.com.tw/news/politics/breakingnews/5556314
基隆原住民豐年祭  童子瑋、謝國樑同台提原民政見,政治,2026/08/29 13:09,基隆原住民豐年祭活動，市長謝國樑與議長童子瑋同台。（記者盧賢秀攝）基隆市今天上午舉辦原住民聯合豐年祭，市長謝國樑和議長童子瑋同台參與，童子瑋並和原住民一起跳大會舞。謝國樑表示，將致力讓原民朋友好工作、好生活，把原民的文化傳統流傳下來。童子瑋承諾推動「原青社宅保障」，並研議推動成立「族群關係處」，讓原住民族政策獲得更完整支持。豐年祭是原住民族年度盛會，今天在基隆原住民文化會館廣場舉行，謝國樑和童子瑋都出席參加。請繼續往下閱讀...謝國樑表示，一度一度的豐年祭活動，虔誠表達對祖靈的感恩，讓族人們不要忘了起源，體現原住民文化豐富的傳統，讓傳統祭典能夠永續傳承。謝國樑表示，基隆原住民人口這幾年持續增加，已經超過1萬人了，市府致力讓原民朋友有好工作、好生活，把原民的文化傳統流傳下來，建設基隆成為原住民的第二個故鄉。童子瑋表示，原住民族文化是基隆文化中非常重要的一部分，他很高興和所有原住民族好朋友一起感念祖靈、分享豐收，用行動傳承原住民族文化最有生命力的一面。他說，豐年祭不只是重要節慶，更是族人凝聚情感、傳承文化、讓下一代認識自身根源的重要時刻。童子瑋表示，原住民族文化傳承非常重要，族群政策不能只停留在活動與補助，應該從文化、教育、語言、聚會空間、青年發展與居住需求，建立更完整的政策支持。童子瑋指出，未來若有機會承擔市長責任，希望成立「族群關係處」，整合原住民族及多元文化業務，提升原民業務的行政層級。未來將推動「原青社宅保障」，在社會住宅中提供一定比例保障原住民族青年及青年家庭，並優先評估將社宅新建在原住民族人口較集中的生活圈。他強調，讓青年想留在基隆，有更好的居住支持。童子瑋（右二）與原住民一起跳舞。（記者盧賢秀攝）基隆民住民豐年祭舞出原住民的文化傳統與熱情。（記者盧賢秀攝）基隆民住民豐年祭舞出原住民的文化傳統與熱情。（記者盧賢秀攝）    ,https://news.ltn.com.tw/news/politics/breakingnews/5556317
中國4艘海警船闖金門稱「常態執法」 海巡署全數驅離駁斥：假執法真騷擾,政治,2026/08/29 13:08,中國海警闖入我國金門水域，海巡署第一時間調派海巡艇前推部署、強勢應處，中國海警船轉向航離金門限制水域。（金門海巡隊提供）海巡署金馬澎分署今天表示，中國海警趁著海上交通繁忙之際，上午再派4艘海警船闖入我國金門水域，海巡第一時間啟動應處機制，調派海巡艇前推部署、強勢應處，中國海警船上午近11點全數轉向航離金門限制水域。針對中國海警發布的常態執法新聞，海巡署嚴正駁斥，並指「中國海警是假執法、真騷擾」。金馬澎分署指出，沙德爾颱風遠離，金門海域海象逐漸回穩，時值週末，海上航行及作業船舶大幅增加，中國海警船卻在海上交通繁忙之際，藉機再度侵擾我國金門水域，金馬澎分署第12巡防區上午8點多即偵獲到4艘中國海警船接近金門海域，隨即啟動應處機制。請繼續往下閱讀...金馬澎分署指出，第12巡防區當時發現中國海警「14608」、「14531」、「14604」、「14530」等4艘海警船編隊接近金門限制水域，隨即調度巡防艇前推至限制水域部署對應；8時50分左右，中國海警船兵分2路，自金門料羅西南、翟山西南，以2艘編組，分別闖入我國金門限制水域。金馬澎分署指出，海警船闖入金門水域同時，中國海警局隨即同步發布新聞，聲稱在金門海域進行常態執法，明顯遂行認知作戰；金門海巡立即採取「一對一」併航監控，全程蒐證，並透過強勢中、英文廣播喊話及近迫拒止等方式，展現堅守主權立場，中國海警船於10點53分左右，全數駛出金門限制水域。海巡署嚴正駁斥中國海警發布的常態執法新聞，指中國海警是假執法、真騷擾，假借執法名義，實質破壞海域秩序，並發布錯假訊息，企圖誤導國際視聽；金門海域是我國依法管轄的水域，在我方管理下海域治安及作業秩序均十分良好，中國海警的襲擾反而徒增區域情勢緊張。海巡署表示，中國海警持續性的灰帶襲擾，無論平日或假日，海巡署均保持高度戒備，作為海上第一道防線，絕不容許任何破壞台海及區域和平穩定的灰色地帶侵擾行為。面對中方挑釁，海巡署一定貫徹「堅定執法、絕不退讓」立場，守護國家主權與海域安全。中國海警闖入金門水域，海巡署立即調派海巡艇前推部署、強勢應處，中國海警船轉向航離金門限制水域。（金門海巡隊提供）    ,https://news.ltn.com.tw/news/politics/breakingnews/5556315
媒體民調與蘇巧慧互有領先  李四川：繼續勤跑基層了解民意,政治,2026/08/29 13:06,國民黨新北市長參選人李四川（右）與議員陳儀君共同舉辦市政說明會。（記者翁聿煌攝）國民黨新北市長參選人李四川29日參加新店區與議員陳儀君合辦政策說明會，李四川被問到最近媒體公布的民調，他與對手蘇巧慧互有領先，現在選舉剩不到100天有什麼新的競選策略；對此李四川回應，不同結果的民調，都會當參考，最重要的他會繼續勤跑29區，了解29區還有哪一些問題是必須要去解決的，傾聽所有鄉親心聲、提出好的政策，年底如果當上市長可以馬上來實施。媒體也問李四川，28日與市長侯友宜同台參加金勤獎頒獎活動，侯友宜特別提到，過去長期一起在市府並肩作戰、推動各項政策，還說「李四川要上場」，李四川回應，謝謝侯友宜的支持，當時兩個人都是在前市長朱立倫下面當副市長。請繼續往下閱讀...他表示，對於治安，除了警政必須走在前面，針對有吸毒、賭場等違法場所，會透過工務、城鄉等跨局處執行斷水斷電，讓治安死角的問題能夠一起解決，這大概是侯友宜所提的，所有的市政是一個團隊，不管是警察、工務或城鄉，需要整個市政團隊一起來解決問題。國民黨新北市長參選人李四川表示會繼續勤跑基層，傾聽民意。（記者翁聿煌攝）    ,https://news.ltn.com.tw/news/politics/breakingnews/5556310
幫翁曉玲擦屁股？藍白砍預算波及庇護工場訂單 鄭麗文喊1.5萬盒全數承接,政治,2026/08/29 13:00,國民黨主席鄭麗文。（資料照）今年中秋節前夕一則消息在社福圈投下震撼彈，總統府原定向全台37家庇護工場採購的1.5萬盒中秋禮盒，因國務機要費遭刪減與凍結而被迫取消。國民黨主席鄭麗文今日表示，這1.5萬盒她將全數承接，不讓庇護工場已經投入的心血付諸流水，更不能讓身心障礙朋友成為政治鬥爭的犧牲品。鄭麗文表示，看到相關消息後，最讓她難過的不是政治上的口水，而是庇護工場的工作夥伴突然面對訂單取消，已經準備的原料、排定的工作，以及投入的時間與心血，究竟該怎麼辦？對總統府而言，這只是一筆例行採購；對許多身心障礙朋友而言，卻是一份工作、一份收入，更是一份靠自己的雙手獲得肯定與尊重的尊嚴。請繼續往下閱讀...鄭麗文指出，政府預算如何審查、朝野如何攻防，都有民主制度與憲政程序可以處理。總統府身為國家最高行政中樞，更應珍惜政府信用，不能把一筆原本充滿善意的公益採購變成政治攻防的工具，更不能在訂單取消之後，讓最無辜、最沒有能力承擔政治風險的弱勢團體承受後果。鄭麗文強調，購買1.5萬盒禮品沒有複雜的政治目的，只有一個單純的心願，就是讓每一位努力工作的身心障礙朋友知道，他們認真做出的產品有人珍惜，他們付出的每一分勞動都值得尊重。鄭麗文也呼籲，政治紛爭不應凌駕人性，不能踐踏政府信用。總統府留下的缺口，她願意全數接起來。中秋原本就是團圓與分享的節日，希望大家一起讓今年的中秋少一點政治算計，多一點對弱勢的支持，對勞動的尊重，以及台灣社會最珍貴的人情溫暖。    ,https://news.ltn.com.tw/news/politics/breakingnews/5556319
雲林大埤鄉長「三腳督」成形 政治素人謝憲昇披藍營戰袍,政治,2026/08/29 13:00,政治素人、大埤鄉農會退休職員謝憲昇宣布參選大埤鄉長。（記者黃淑莉攝）下屆雲林大埤鄉長選舉，泛藍陣營人選確定，由政治素人、大埤鄉農會農藥、肥料供銷承辦退休的謝憲昇披戰袍，謝憲昇今（29）日在家鄉聯美村保廷宮前舉辦團結出發大會，宣布參選大埤鄉長，包括縣長張麗善、鄉長林森寳、縣農會總幹事陳志揚及多位地方人士都到場力挺，高喊當選。51歲謝憲昇學校畢業後即在大埤鄉農會任職，對會務、推廣、供銷業務都熟識，尤其在農藥、肥料承辦做了20年，為人客氣、熱心，跟農民互動熱絡熟識，去年退休後經營農藥行，希望所學能持續服務農民。請繼續往下閱讀...謝憲昇在家排行老五，兄姊等家族成員都在公職服務，謝憲昇表示，家中沒人從政，自己也從沒想過要從政，但地方鄉親鼓勵他擴大服務，還有多位地方「頭人」一再勸進，希望他承擔更多責任，擴大服務，思慮後決定接受挑戰，延續縣長張麗善、鄉長林森寳未完成的工程及建設，為家鄉服務，讓大埤鄉更進步。大埤鄉長選戰升溫，除民進黨提名陳世彬、退休斗南警分局偵查佐黃富昭也表態參選，泛藍陣營尋覓許久確定推出謝憲昇，形成「三腳督」局面，競爭激烈。政治素人謝憲昇宣布參選大埤鄉長，縣長張麗善、大埤鄉長林森寳及多位地方人士到場力挺。（記者黃淑莉攝）    ,https://news.ltn.com.tw/news/politics/breakingnews/5556295
北市女童遭猥褻240天未安置 審計部再爆303案延宕逾期,政治,2026/08/29 12:48,台北市長蔣萬安昨在議會備詢，強調一開始不安置女童是社工專業判斷。（記者田裕華攝）台北市傳出一名10歲女童疑遭猥褻案件，通報後歷經240天未獲安置，台北市長蔣萬安聲稱是根據社工專業判斷，被質疑未檢討制度。審計部日前發布台北市總決算審核報告揭露，台北市兒少保護通報的無效案件占比近2成，現行篩派案作業仍以人工判斷為主，未依中央計畫導入智慧化決策輔助機制；截至去年8月底，高達303件違反兒少權法案件調查與裁處時效延宕，已逾法定期限。台北市社會局對此函覆表示，家防中心將持續與各責任通報局處合作辦理教育訓練，強化通報人員對兒少保護事件的辨識與評估能力，以提升通報內容完整性與精準度；同時將配合中央政策方向，研議導入通報案件分流輔助工具，以提升分流效率並減輕第一線人員負擔。截至2025年底，2023年及2024年度的未結案件已分別減少至4件與52件，社會局將持續定期檢討及追蹤辦理情形。請繼續往下閱讀...蔣萬安昨說明，社工專業評估原先評估未達安置標準，但七、八月開始女童周邊各方角力，導致孩子出現自傷行為，社會局重啟評估後認為應安置。民進黨台北市長參選人沈伯洋則批評，相關制度問題多年前已有多人提出，市府未及時改善體制，事發後卻將第一線社工推至前線承擔責任。根據審計部報告統計，台北市兒少保護通報案件數由2023年度的9217件增加至2025年度的12259件，其中責任通報人員通報占比均逾9成。社會局雖於2023至2025年間每年協同所屬單位辦理責任通報人員訓練講習，每年參訓人次介於1萬5千餘至2萬5千餘人次之間，但通報案件中屬重複通報、歷史案件、非兒少保護事由或資訊不詳等無效通報件數卻逐年增加，占比仍接近2成，顯示案件通報精準度及通報人員辨識知能尚未有效提升，已影響後續資源配置與處理效能。審計報告並引述強化社會安全網第二期計畫指出，受理通報階段應參考大數據分析與篩派指引，導入人工智慧學習技術，建立派案評估決策輔助模型。但台北市兒少保護通報案件主責單位家防中心，現行篩派案作業仍以人工判斷為主，尚未導入智慧化篩派案輔助機制，對於通報案件持續增加情形，恐增加第一線人員負擔，並影響案件判斷一致性與效率。針對案件處理時效，依兒童及少年保護通報與分級分類處理及調查辦法規定，主管機關就各類案件限期提出調查報告的法定期限，分別為4日內、30日內或4個月內（必要時得延長1個月）。經審計部查核發現，台北市社會局自2023年至2025年6月底接獲違反兒少權法通報共2218件，截至2025年8月底尚有365件未完成處分；扣除等待司法判決的62件後，尚有303件因待其他機關提供調查報告、佐證資料蒐集中或請行為人陳述意見等因素延宕而逾期未結，其中2023年度及2024年度更分別有6件與103件久懸未結，顯示社會局於通報品質、案件評估機制及案件處理時效等面向，尚有精進空間。    ,https://news.ltn.com.tw/news/politics/breakingnews/5556309
鄭朝方提竹縣觀光藍圖 盼打造關西成「新竹縣的京都」,政治,2026/08/29 12:46,新竹縣長參選人鄭朝方指出，盼將竹北「城市治理的樣板」延伸至全縣，讓其他12個鄉鎮市共享建設與福利。（鄭朝方競辦提供）民進黨新竹縣長參選人鄭朝方近日接受三立《貴在真實》專訪，分享3年多來的竹北治理成果；他指出，竹北的蛻變已逐漸成為「城市治理的樣板」，盼未來能將這套累積的成功經驗延伸至全縣，讓其他12個鄉鎮市共享建設與福利，也讓竹北擁有更大的進化尺度、更快的發展速度。鄭朝方強調「治理不能只有一套答案」，高鐵區重視生活品質，舊城區需改善人行道與基礎建設，農漁村則需完善農路。他以「仁義市場」改造為例，團隊從管線整頓到結構補強，並將閒置空間化為溫馨的「市場客廳」，完工後各業種業績平均增長1至3成，讓曾強烈反對的攤商在開箱時感動直呼「市長我愛你！」此外，他更透過「星際球場」與「竹北燈」，將美學設計融入人行道與綠帶，形塑專屬竹北的「城市語彙」。請繼續往下閱讀...在行政效率方面，竹北發放6000元紓困金時，經團隊討論近百次，規劃出「溫馨直送」、現金領取與 E化申請等管道，最終高達九成市民線上完成申請，用智慧科技大幅簡化行政流程。面對屬於縣府權責的教育與交通兩大困境，他則主動在市長權限內尋求突破，邀集交通部與教育部討論高中量能與聯外交通，並推動免費「黃金通學線」專車，用專業為通勤學子解決痛點。專訪中，鄭朝方也化身客庄美食推廣員，熱情介紹關西仙草雞、新埔柿餅及北埔客家菜包。他指出，新竹縣擁有豐富物產，未來希望整合關西的老街、古蹟與農業地景，將其打造成人文底蘊深厚的「新竹縣的京都」，讓遊客走進巷弄感受客庄生活。他強調，未來將以「看見問題、解決問題」的準則，帶領13鄉鎮市攜手進步，實現「竹北經驗，竹縣實現」的共好承諾。民進黨新竹縣長參選人鄭朝方接受三立《貴在真實》專訪，分享3年多來的竹北治理成果。（鄭朝方競辦提供）民進黨新竹縣長參選人鄭朝方接受三立《貴在真實》專訪，分享3年多來的竹北治理成果。（鄭朝方競辦提供）    ,https://news.ltn.com.tw/news/politics/breakingnews/5556293
平常心看待民調 蘇巧慧：把握倒數91天每一分鐘勤跑,政治,2026/08/29 12:38,民進黨立委、新北市長參選人蘇巧慧今（29）日前往淡水區，出席市議員鄭宇恩、新北市小英之友會公益捐血活動。（記者黃子暘攝）民進黨立委、新北市長參選人蘇巧慧今（29）日前往淡水區，出席市議員鄭宇恩、新北市小英之友會公益捐血活動。蘇巧慧席間受訪，被問及如何看待新北市長侯友宜昨日金勤獎輔選國民黨籍對手李四川，她表示，今早她其實也去五股、林口區和侯友宜一起去視察交流道改善工程，現在來到淡水，接下來還要去八里、蘆洲、板橋、金山區等處跑行程，最後91天她會繼續把握每一分鐘，希望能夠握到更多的手。此外，繼昨日有媒體公布新北市長選舉民調，「孫文學校AI民意與數據研究中心」今日公布第二波分析，該分析指出，李四川支持度雖領先，但差距已縮小到2.61個百分點。請繼續往下閱讀...被問及相關調查分析，蘇巧慧說，她都是平常心看待，也尊重這些民調；從趨勢上來看，真的是有越來越多的好朋友肯定她的成績與政見，所以民進黨新北隊會持續努力，對於民調的態度她也一向很清楚，「我們不會在贏的時候就嘲諷對手，也不會在輸的時候就攻擊民調，我們都尊重專業，然後也把這些資料當成重要的參考」。蘇巧慧指出，最重要的是把正面、陽光的態度帶到新北的各個角落，讓更多的市民了解新世代共同努力的態度，她會帶著民進黨36位議員參選人新世代團隊，讓市民感受到蘇巧慧的執行力、溝通力、創造力，和照顧市民的能力，希望更多市民明白，蘇巧慧參選是真心誠意希望讓這個城市可以再升級、更美麗。    ,https://news.ltn.com.tw/news/politics/breakingnews/5556285
葉元之學生喊話「老師道歉吧」！再爆他上課慣性遲到超過10分鐘,政治,2026/08/29 12:36,立委葉元之。（資料照）國民黨立委葉元之日前在政論節目談到北市10歲女童長期遭猥褻案，措辭引發網路炎上。一名網友近日在社群發文，稱自己是葉元之的學生，呼籲：「元之老師，拜託您還是出來道歉吧。」還爆料葉元之上課經常慣性遲到超過10分鐘。該網友近日在社群發文呼籲葉元之道歉，不然真的不敢承認自己修過他的課了。網友表示，儘管葉元之常常遲到超過10分鐘，有時候是20分鐘，也很喜歡開玩笑，但自己還是很認真坐台下聽課，還會錄音、整理筆記。該學生還笑稱，大罷免期間葉元之處境危險，整條街常常貼滿葉元之的臉，每次經過都想說，如果老師被罷免了，是不是就可以專心回來教課。請繼續往下閱讀...學生澄清，葉元之確實有身為講師的經歷跟專業，只是有一次真的遲到了40分鐘才跟大家說不上課。撇除這些，葉元之會讓票給同學，見過老師上課的樣子，真的沒想到會說出這樣的話，感覺很複雜。葉元之在國立臺灣藝術大學廣播電視學系擔任兼任教師，不少網友在該貼文下方留言：「太扯了他竟然是老師！」、「真的很丟臺藝大的臉」、「他居然是老師」、「誤人子弟就是這種」、「這人是當老師的？！」    ,https://news.ltn.com.tw/news/politics/breakingnews/5556289
黃國昌怒批中選會否決兩公投案 扮演「太上皇機關」宛如公審會復辟,政治,2026/08/29 12:33,民眾黨主席黃國昌（中）今重砲抨擊中選會扮演「太上皇機關」，如同公審會復辟。（記者廖雪茹攝）中選會昨日公布公投案審查結果，決議「鞭刑」與「交通罰鍰專用」兩案不符《公投法》「重大政策之創制或複決」規定予以否決，僅「廢除非核家園」案過關將併入年底大選。對此，民眾黨主席黃國昌今天上午受訪時重砲抨擊中選會扮演「太上皇機關」，無異於過去被廢除的「行政院公民投票審議委員會（公審會）復辟」。黃國昌表示，中選會做出此決定，大家都感到非常地憤怒！過去政府曾設有公審會，但因屢次否決人民透過公投參與重大政策決策的權利，因此在修正《公民投票法》時已將其廢除。不料如今中選會竟扮演起太上皇機關，等同是公審會復辟，剝奪人民進行重大政策創制與複決的權利。請繼續往下閱讀...黃國昌強調，中選會此舉已徹底背棄民進黨過去長期主張的「公投民主」與「人民做主」的理念，令人非常、非常地遺憾。民眾黨黨團也表明不會放棄改善交通安全的初衷，未來持續推動修法。    ,https://news.ltn.com.tw/news/politics/breakingnews/5556275
賴瑞隆嗆藍重北輕南   柯志恩：民進黨中央都執政10年了,政治,2026/08/29 12:28,賴瑞隆嗆藍重北輕南   柯志恩感慨拜託喔、民進黨中央都執政10年了。（記者王榮祥攝）民進黨高雄市長參選人賴瑞隆嗆台北市長蔣萬安答詢亂扯高雄，同時批判國民黨長期重北輕南；國民黨高雄市長參選人柯志恩說：「拜託喔，民進黨中央都執政10年了」。蔣萬安在台北議會答詢關於百萬遮陽傘與柵欄式吸菸區衍生爭議時，將矛頭轉向高雄、點名九如橋重刷漆與前鎮漁港重整經費飆升!請繼續往下閱讀...賴瑞隆今對此砲轟蔣萬安不了解情況卻扯高雄，同時點名對手柯志恩站哪一邊？痛斥國民黨長期重北輕南；柯志恩事後則回應，對高雄好的規劃她當然支持，針對前鎮漁港建設案，她也曾找過漁業署討論，盼根據攤商需求做好調整，期待對漁港帶來更多人潮。聽到賴瑞隆提藍營重北輕南，柯志恩無奈指出：「拜託喔，民進黨中央都執政10年了」，這時候還說重北輕南，這完全不公平，如果要說重北輕南，她想起無人機產業被賴總統放在嘉義，請問賴委員要不要跟她去找大賴爭取、把無人機產業移到高雄？    ,https://news.ltn.com.tw/news/politics/breakingnews/5556288
新竹棒球場案不起訴 高虹安市府：將提再議、追究民事責任,政治,2026/08/29 12:26,新竹棒球場案檢方不起訴及緩起訴，高虹安市府回應了。圖為新竹市立棒球場改善工程2022年封閉後，經4年改善，進入驗收階段情形。（取自新竹市府官網）新竹地檢署就新竹市立棒球場案件作成不起訴及緩起訴處分，新竹市府今天（29日）發出近3千字的回應新聞稿，強調尊重檢方職權與司法程序，但對部分事實認定及法律評價仍有釐清必要，市府將依法提出再議，並追究相關廠商應負之民事及履約責任。市府強調，檢方依據偵辦所得證據，認為部分案件未達到刑事起訴門檻，但處分書本身已記載多項施工、履約及管理上的問題，相關人員也因施工日誌、監造及抽查紀錄不實而坦承犯行並獲緩起訴。棒球場工程是否存在問題，是有實際開挖結果、第三方專業鑑定、審計調查以及監察院糾正等客觀資料可供檢驗，不會因不起訴處分而消失。請繼續往下閱讀...市府表示，不起訴處分是檢方依刑事犯罪構成要件及現有證據所作的法律判斷，刑事責任是否成立，與工程是否符合契約、設計圖說及應有品質標準，屬不同層次的問題。檢方不起訴及緩起訴處分書已記載廠商實際施作與設計圖說不符的情形，並認為相關問題屬「違反雙方契約之範疇」及「工程技術面之問題」，應循民事途徑解決。因此刑事案件不起訴，不等於工程符合契約，更不代表廠商可以免除履約及損害賠償責任。市府已就工程缺失、改善修復及無法正常營運等相關損害，向巨佳營造提起民事訴訟，求償逾4億元。對於廠商依約應負之履約責任，市府不會放棄，將持續依法求償。另市府將依檢方處分書所確認的相關事實，檢視廠商及相關業者是否符合《政府採購法》第101條刊登政府採購公報等相關要件，依法辦理後續程序。市府將以檢方已認證的違約具體事證及偽造文書之違法行為，另行以民事究責向廠商求償。市府強調，該向廠商求償的，市府不會放棄；該改善的工程，市府也逐項改善；會把一座12億元棒球場的安全、品質和功能，還給市民。    ,https://news.ltn.com.tw/news/politics/breakingnews/5556280
票投柯志恩就是支持翁曉玲？ 柯志恩：起碼翁曉玲不會來高市府,政治,2026/08/29 12:25,票投柯志恩就是支持翁曉玲!柯志恩嗆票投賴瑞隆就是支持新潮流，起碼翁曉玲不會來高雄。（記者王榮祥攝）網傳票投柯志恩就是支持翁曉玲!國民黨高雄市長參選人柯志恩今反嗆票投賴瑞隆就是票投新潮流，並提到起碼翁曉玲不會來高市府，新潮流卻會盤據市府，誰比較嚴重？立委翁曉玲提案刪除並凍結總統府國務機要費，並凍結行政院長薪水，引發外界對可能衝擊弱勢社福團體中秋禮盒採購的強烈反彈，連帶影響國民黨籍縣市長參選人、特別是現任立委，近日網路傳出票投柯志恩、就是支持翁曉玲。請繼續往下閱讀...對此，柯志恩今強調，她與翁委員是兩個獨立個體，並進一步反擊票投賴瑞隆就是支持新潮流，她說最起碼翁曉玲委員不會來高雄，但新潮流卻極有可能盤據市府，兩相比較、誰比較嚴重？    ,https://news.ltn.com.tw/news/politics/breakingnews/5556281
批藍白不修法只想辦公投 賴中強：廢除非核家園放行是政治考量,政治,2026/08/29 12:15,經民連智庫召集人賴中強受訪表示，公投旨在彌補代議政治不足，立法院若要創制法律應自行修法，提出涉及法律層次的公投並不適格。中選會駁回兩案完全合憲合法，讓非核案家園過關則是避免與國會多數對抗的政治判斷。（記者塗建榮攝）年底選舉藍白提出三公投案，中選會昨決議「鞭刑」、「交通罰鍰專用」未通過，僅「廢除非核家園」通過。對此，經民連智庫召集人賴中強受訪表示，公投旨在彌補代議政治不足，若要創制或複決法律，立法院自己就可以修法。立法院不應放下自己的職責不行使，多此一舉要求人民公投。中選會駁回前兩案完全合憲合法，至於讓非核案家園過關應該是避免與國會多數對抗的政治判斷。立法院日前在藍白立委聯手下，通過藍營推的「廢除非核家園」、「鞭刑」公投，以及白營推的「交通罰鍰專用」公投。中選會28日召開記者會，主委游盈隆說，鞭刑、交通罰鍰專用不符合「公民投票法」第2條第2項第3款「重大政策之創制或複決」的規定，僅「廢除非核家園」符合規定。請繼續往下閱讀...賴中強今天接受本報受訪指出，立法院依照「公投法」是可以提出公投提案，但不是漫無範圍，就現行法規定，中央層級公投雖包含立法複決、立法原則創制及重大政策創制複決，但公投制度是為補足代議政治不足，立法院本身具備立法與修法權力，唯一能向人民提出的公投案，應僅限於針對行政機關的「重大政策之創制或複決」，否則公投過後仍須立法，無異於勞師動眾推動無效公投。賴中強分析，立法院此次提出的三案本質皆涉及法律創制複決。中選會將「鞭刑公投」排除完全正確，因為要引進鞭刑，必須修改「刑法」總則關於刑罰種類的規定，屬於立法原則的創制，且中選會亦已明確點出鞭刑違反國際人權公約。而在「交通罰鍰專用」部分同樣涉及立法，民進黨團過去在立院曾先後提案將罰鍰50％與100％專用於改善交通，卻屢遭藍白多數否決，如今在野黨卻反過來發動公投，形同自相矛盾且顯無理由。至於放行的「非核家園」公投，賴中強直言，該案在法律層面上十分牽強。他指「環境基本法」第23條早已明定政府應訂定計畫逐步達成非核家園目標，若藍白反對此方向，應在國會提案修正法律，而非不修法卻要求人民公投。若不修法，真要作為政策公投，也應具體說明是要廢除幾年前達成非核家園目標的期程政策。他研判，中選會最終放行該案，主要是政治考量，不希望直接與藍白國會多數對抗。談及在野黨後續作為，賴中強表示，藍白若要就駁回案提起行政訴訟，由黨團總召或個別立委提告在當事人適格性上有很大疑慮，除非由立法院長韓國瑜代表立法院出面控告中選會。韓國瑜曾稱立院有暗黑力量在控制，這將成為韓的民主良心試金石，考驗其究竟是真心維護民主憲政的國會議長，或只會做象徵性政治責任切割。若藍白改至憲法法庭聲請機關爭訟，又與其過去反對憲法法庭合法組成的立場相違背，且距離公投投票前90天公告期已緩不濟急，實際難有法律效果。針對藍白先前主張修改「公投法」推行「一票多案」，賴中強表示，由於年底僅剩一項公投成案，該修法在短期內已失去實質急迫性與效益。他批評，在野黨推動無厘頭公投是為了選舉動員，即便今年無法全面成案，未來在2028年大選仍極有可能捲土重來，再次提出各種惡搞公投與一票多案。    ,https://news.ltn.com.tw/news/politics/breakingnews/5556278
李四川民調被超車 侯友宜：會和兄弟一起加油、一棒接一棒,政治,2026/08/29 12:12,新北市長侯友宜被問到李四川選情，表示會和兄弟一起加油、一棒接一棒做的更好。（記者翁聿煌攝）新北市長侯友宜29日視察五股和林口交流道改善工程進度，被問到28日有跟國民黨新北市長參選人李四川一起參加「金勤獎」頒獎活動，最近李四川和對手蘇巧慧民調蠻接近的，甚至有被超車的狀況，未來會不會多幫李四川站台加油，侯友宜回應，李四川是他的兄弟，面對這場選戰穩紮穩打，按照自己的步驟全力的衝刺，他是一個能做事、會做事，也對市民朋友，未來的新北市的規劃有很好的願景。侯友宜說，李四川是他的好朋友，也當過新北市的副市長、台北市的副市長，相信對雙北都非常的清楚，一起加油、一起努力，為新北市的願景能夠一棒接一棒，做得更好。請繼續往下閱讀...媒體也問及鞭刑入法、交通罰鍰專款專用及廢除非核家園等3項公投案，最終僅廢除非核家園案通過，並提到中選會主委游盈隆先前曾表示，3案同時舉行恐增加選務負擔。侯友宜回應，公投案經立法院審議提出，是民意展現的一環，中選會應審慎處理並回應民意，所以希望這中選會要思考，這個是不是大眾所要的。    ,https://news.ltn.com.tw/news/politics/breakingnews/5556269
批蔣萬安比不上馬柯 沈榮欽：唯一把選舉補助款放私人口袋的北市長,政治,2026/08/29 11:49,台北市議員秦慧珠昨邀台北市長蔣萬安各捐20萬元買庇護工廠禮盒，未獲蔣具體回應。（資料照）台北市長蔣萬安近期因施政表現受到外界質疑，加拿大約克大學副教授沈榮欽以前台北市長馬英九及柯文哲進行比較，指蔣萬安猶如溫室裡的花朵，既嗜財如命，又缺乏政治決斷能力，馬英九和柯文哲雖都是愛財之人，但馬英九對社福公益有大量捐款，柯文哲當選後也有捐錢給多個公益與弱勢團體，反觀蔣萬安卻是一毛不拔，連表面的「公益」基金會都不肯裝一下，就直接把錢放進私人口袋。沈榮欽在臉書以「蔣萬安不如馬英九」為題發文指出，看到有專家分析蔣萬安不過是另一個馬英九，他不以為然，並指馬英九雖然施政無方，但是政治手腕高出蔣萬安太多了，兩人甚至不在同一樓層。請繼續往下閱讀...沈榮欽表示，國眾兩黨砍庇護工場月餅預算發酵，秦慧珠在議場刻意做球給蔣萬安，表示蔣萬安薪水是總統一半，她身為議員的薪水是總統的四分之一，所以她提議，自己捐出20萬，蔣萬安捐出20萬，其餘邀集北市企業家湊齊，成一美談。不料蔣萬安問A答B，就是不肯承諾捐錢，秦慧珠驚訝蔣萬安小氣至斯，竟連她做球也不願接，表示大感失望。沈榮欽分析，馬英九和柯文哲都是愛財之人，馬英九633政見跳票，也未捐出半薪。柯文哲在貪污之前，便多次為市長薪水低於醫師表示不滿，更因為「天災人禍要捐薪」而動怒拒絕。但是這兩人是如何處理台北市長選舉結餘款的？馬英九2次台北市長選舉的選票補助款，總計約4700萬元，除了捐給自己的「新台灣人文教基金會」之外，還大量捐給超過100個社福、文教、公益團體與個人。雖然柯文哲利用2024年總統大選補助款購買私人商辦，但是他首次當選台北市長後，也將剩餘的2561萬元全數捐給多個公益與弱勢團體。反觀蔣萬安則是唯一的例外。沈榮欽指出，蔣萬安在2022年當選台北市長後，光是競選費用補助金就1726萬，當時並未交代用途。後來根據監察院財產申報紀錄，蔣萬安不僅還了1700萬元，申報存款還增加了近2000萬元。被記者追問時，他才表示，財產的增加主要就是選舉補助款，款項均留在個人帳戶或用於個人財產。沈榮欽質疑，就算柯文哲因為貪污案被認為愛財如命，也沒有人像蔣萬安一樣，當選市長後的選舉結餘款，既不捐款弱勢團體，也不成立基金會。蔣萬安連表面的「公益」基金會都不肯裝一下，就直接把錢放進私人口袋。選後光是個人存款就增加2000萬元了，現在連新聞熱點庇護工場的20萬元都一毛不拔？沈榮欽也形容「政治手腕一代不如一代」，並指馬英九當初因為將特別費直接匯入個人帳戶，違反每月額度有一半需要「憑單據銷帳」的規定，而遭到起訴，後來因為法官罕見採用「大水庫理論」為其脫罪。如果當初是蔣萬安，恐怕連大水庫理論都救無可救。沈榮欽強調，馬英九當初為了從國民黨出線，無論是抗議黑金而辭去政務委員，或是被起訴後辭去國民黨主席宣布參選總統，他和金小刀從李登輝鬥到連戰，一直是大殺四方才脫穎而出。如今蔣萬安猶如溫室裡的花朵，既嗜財如命，又缺乏政治決斷能力，只想靠著大聲表演不費分文出線，相比於馬英九的政治手腕，相差不可以道里計，令人不禁感嘆，國民黨連政治手腕，都是一代不如一代了。    ,https://news.ltn.com.tw/news/politics/breakingnews/5556176
竹北藍白合瀕破局 黃國昌：「一屍五命」說法過度評論,政治,2026/08/29 11:45,竹北市長藍白合瀕臨破局，外界關切是否外溢到其他縣市合作，產生「一屍五命」效應？民眾黨主席黃國昌（中）今受訪認為，此說法可能是過度的評論。（記者廖雪茹攝）國民黨與民眾黨在新竹縣竹北市長藍白合瀕臨破局，外界關切是否外溢到其他縣市合作，產生「一屍五命」效應？民眾黨主席黃國昌今受訪認為，此說法可能是過度的評論；該黨竹北市長參選人邱臣遠坦言，昨記者會後「支持者的情緒確實是爆表的」，也確實有這樣的聲音，但是希望不要外溢到其他的縣市。年底竹北市長選舉競爭激烈，除藍白分別徵召提名吳旭智、邱臣遠，民進黨推派曾聖凱，前民眾黨中配立委李貞秀也宣布參選。邱臣遠日前曾在節目中受訪指出，竹北市如果整合不成功，藍白合破局的效應恐怕會外溢到其他縣市，讓2022地方選舉前新竹市長林智堅「一屍五命」連鎖效應再次上演。請繼續往下閱讀...邱臣遠今天在竹北市兒10公園舉辦水樂園活動，黃國昌參與前接受媒體聯訪。對於是否擔心「一屍五命」？黃國昌表示，他覺得此說法可能是有一點過度的評論。他重申，民眾黨跟國民黨在其他縣市的合作，到目前為止都非常的順利，沒有出現其他任何的問題。「新竹縣跟竹北市的事情，就留在新竹縣跟竹北市；其他的地方，民眾黨說到做到，我們答應過的事情、做過的承諾，我們就會盡全力去努力」。邱臣遠受訪表示，經過昨天的記者會之後，支持者的情緒確實是爆表的，也確實有這樣的聲音；但是，我們也遵從黨主席的指示，希望藍白合作不要外溢到其他的縣市。但是，他以參選人的角度來講，這個過程如人飲水、冷暖自知，如果要問他的心情，就是「我本將心照明月，奈何明月照溝渠」、「知我者，謂我心憂，不知我者，謂我何求」。邱臣遠呼籲，所有支持藍白合的朋友，竹北市長集中選票支持民眾黨優質的參選人，希望未來朝聯合政府的方向前進。至於新竹縣長的部分，如黃國昌主席昨天所言，民眾黨的能量有限，目前把竹北市長的選戰打好，他也會堅持到底，贏得勝選。    ,https://news.ltn.com.tw/news/politics/breakingnews/5556244
跳原住民舞蹈「落拍」 柯文哲：我是來學習的,政治,2026/08/29 11:35,柯文哲（左2）穿上傳統服下場跳原住民舞蹈，腳步跟不上節奏「落拍」。（記者湯世名攝）彰化縣原住民族日暨文化節傳統體能競技系列活動，今天（29日）在縣立體育館廣場熱鬧登場，全場一起跳傳統原住民迎賓舞蹈，民眾黨前主席柯文哲也入境隨俗，穿上傳統服裝下場一起跳舞，柯文哲雖腳步跟不上節奏「落拍」，仍賣力跟著音樂與歌聲擺動。他致詞表示，多元開放是我們的政治價值，台灣文化因為原住民而變得更豐富，他今天是以學習的態度來看待。今天的活動內容有政令宣導、聯合主祭祈福活動、傳統族服展出、傳統體能競賽及原住民農特產品；由長老引領的敬天、敬地、敬祖靈聯合祈福儀式，以及族人參與的傳統舞蹈與體能競賽，並展出各族傳統服飾與特色風味料理。請繼續往下閱讀...現場來賓除柯文哲，立委謝衣鳳、高金素梅與各級民代也參與該項活動，與原住民共跳一段傳統迎賓舞，大家跟著音樂節奏，手牽著手邊跳邊前進，還繞成好幾個大圓圈，熱鬧萬分。活動會場大家一起跳原住民舞蹈，熱鬧萬分。（記者湯世名攝）長老引領敬天、敬地、敬祖靈聯合祈福。（記者湯世名攝）原住民活動合影。（記者湯世名攝）    ,https://news.ltn.com.tw/news/politics/breakingnews/5556236
陳水扁心疼揭露！陳幸妤兒子被家長拉布條嗆不歡迎就讀,政治,2026/08/29 11:17,陳水扁不捨地透露，陳幸妤大兒子安安原本要念學區的國小，卻被家長拉布條嗆不歡迎就讀。（資料照）前總統陳水扁女兒陳幸妤與趙建銘的婚變引發各界關注，陳水扁28日在Threads 不捨地透露，陳幸妤大兒子安安原本要念學區的國小，卻被家長拉布條嗆不歡迎就讀。陳幸妤過去接受名嘴汪笨湖的專訪影片被Threads網友挖出，也吸引陳水扁現身留言，他透露女兒當年應該是超級不愛在鏡頭上露面，可是為了爸爸也願意上節目，「沒想到上番薯台汪笨湖專訪，幸妤台語講得這麼溜。」請繼續往下閱讀...陳水扁說，女兒在節目中透露國小老師私下把她叫過去，國中教官也公開在司令台罵她爸爸是壞人，但陳幸妤沒說的是安安（陳水扁長孫）要念學區國小時，被家長拉布條嗆聲不歡迎就讀，才被迫舉家搬回台南。陳水扁的留言引起大批網友注意，有人直指陳幸妤真的是很好的女兒，週一不排診專程去台北探望獄中的爸爸，並且去高雄接診就近看媽媽，平日還好好顧孩子，連兒子唸小學還被新聞台故意播報，使得小孩遭到惡意排擠，讓人不禁感嘆陳幸妤內心真的很強大，像極了民主前輩一樣，連身邊深藍的同事都對她深深佩服。    ,https://news.ltn.com.tw/news/politics/breakingnews/5556206
吳宗憲9/1登記參選宜蘭縣長 議長張勝德、陳琬惠陪同,政治,2026/08/29 11:11,國民黨宜蘭縣長參選人吳宗憲（中）將於9月1日上午11點15分登記，宜蘭縣議會議長張勝德（左）、民眾黨宜蘭縣黨部主委陳琬惠將陪同，展現藍白團結氣勢。（記者王峻祺攝）選戰倒數百日，宜蘭縣選舉委員會31日起將受理候選人登記，國民黨宜蘭縣黨部今天發布新聞稿指出，由國民黨與台灣民眾黨共同推舉的宜蘭縣長參選人吳宗憲，將於9月1日上午11點15分登記，宜蘭縣議會議長張勝德、民眾黨宜蘭縣黨部主委陳琬惠將陪同，展現藍白團結氣勢。國民黨宜縣黨部表示，吳宗憲將由陳琬惠、張勝德陪同登記，展現藍白兩黨在宜蘭的團結與合作，也象徵在野陣營完成整合，正式迎戰年底縣長選舉。請繼續往下閱讀...吳宗憲陣營說，這次登記核心精神為「團結、合作、勝選」。日前藍白聯合民調結果出爐後，吳宗憲代表在野陣營出征，而曾經是競爭對手的陳琬惠，如今擔任吳宗憲競選總部指導委員會主委，並親自陪同登記，展現藍白合作已從共識走向實際行動。宜縣黨部強調，張勝德也展現初選後大器風範，自今年5月起即在多個公開場合為吳宗憲站台，此次更親自陪同登記，象徵團結一致、全力迎戰。宜縣黨部表示，宜蘭未來需要更多「衝勁、拚勁、合作動能」。9月1日上午11點15分登記現場，除有現任立委及藍白兩黨重要人士力挺，也將邀請各鄉鎮基層鄉親與支持者共同見證。由於新竹縣竹北市長選舉藍白合破局，外界憂心宜蘭、新北也會出問題。對此，陳琬惠也於臉書寫道表態「至於宜蘭無需擔心，我是一位成熟的政治工作者！」政黨內的健康是同中存異，政黨外的成熟是異中求同。    ,https://news.ltn.com.tw/news/politics/breakingnews/5556219
中國新版出入境將上路 吳釗燮圖卡警示：打算去中國的人要三思,政治,2026/08/29 11:02,中國新版出入境管理規定將實施，國安會秘書長吳釗燮今在社群媒體X用圖卡解釋並發文提醒，中國此舉是從邊境管制走向政治控制。（截自吳釗燮X）中國新版出入境管理規定將實施，國安會秘書長吳釗燮今在社群媒體X發文提醒，中國此舉是從邊境管制走向政治控制，他並透過圖卡說明其中關鍵內涵及風險。吳釗燮指出，中國新的出入境規定將在9月15日上路。強制取得個人數位資料，加上其他恣意且缺乏明確標準的規定，與近期一連串新法交織在一起，等於又替跨國鎮壓增加了新的法律工具。請繼續往下閱讀...吳釗燮並警示，打算去中國的人，真的要三思。中國國務院公布《國務院關於出境入境管理的規定》，將從9月15日起正式施行，強化出入境管理措施。中方先前說，新規定將健全出境安全風險防範制度、明確出境入境申請要求、完善出境入境限制措施及規範出境入境中介服務。陸委會則批評說，中國新規將既有管制措施明文化，但相關定義仍模糊、具高度任意性，提醒民眾中國可能將持台胞證者納入管理，增加國人赴中之人身安全風險。    ,https://news.ltn.com.tw/news/politics/breakingnews/5556196
竹北藍白合破局！徐欣瑩稱相忍顧大局 邱臣遠：是誰的大局？,政治,2026/08/29 10:59,民眾黨主席黃國昌（中）今在新竹受訪表示，將全力輔選民眾黨推出的竹北市長參選人邱臣遠（右）。（記者廖雪茹攝）民眾黨昨召開記者會說明「竹北市長藍白合破局」，國民黨新竹縣長參選人、立委徐欣瑩透過辦公室發言人徐維遠回應「相忍顧大局」。對此，民眾黨主席黃國昌今在新竹受訪表示，將全力輔選民眾黨推出最優秀的竹北市長參選人邱臣遠；邱臣遠則仍懷抱一絲希望表示，希望最終能實現竹北市長支持藍白合、支持聯合政府的理念，集中選票支持他。黃國昌表示，相關的事情，昨天該說的其實都已經說了。未來將秉持著初衷、持續的努力。至於未來藍白之間是否還有合作空間？黃國昌表示，接下來民眾黨將專注在竹北這邊，全力輔選最優秀的竹北市長參選人邱臣遠。請繼續往下閱讀...針對鄭麗文、徐欣瑩關於藍白協議生變的回應及誠信問題，邱臣遠則表示，鄭主席說感謝民眾黨的理解，卻有不同的評估，「我不瞭解到底是要理解什麼」。徐欣瑩委員說希望大家以大局為重，「我不曉得這個大局是誰的大局」。邱臣遠表示，希望所有民眾黨的支持者，還有支援藍白合跟聯合政府者，肯定黃國昌主席在這段時間的努力；黃在這半年多來，不下十次的溝通協調、公開的喊話，並與政黨協議、溝通，展現極度的誠意，也受了非常多的委屈還有壓力，他到今天還是非常理性、務實、全力幫國民黨新北市長參選人李四川、宜蘭縣長參選人吳宗憲等很多藍營的朋友，大家都看在眼裡。邱臣遠表示，「我希望如果這件事情要能夠順利的話，竹北市長大家支持藍白合、支持聯合政府。若認同這個理念，請集中選票支持邱臣遠、支援民眾黨」。民眾黨昨在黨部召開記者會，黃國昌昨表示，雙方原存在「縣長挺徐欣瑩、市長由民眾黨出戰」默契，26日與國民黨主席鄭麗文會面，對方卻表明無法處理竹北問題。如果說話不算話、無法履行，就會導致竹北市的合作出現非常大的變化，民眾黨將全力支持徵召的邱臣遠參選到底。對此，徐欣瑩昨透過辦公室發言人徐維遠回應表示，在國、民兩黨共識下支持藍白共推人選是徐欣瑩信守的承諾，至今沒有一絲動搖，徐欣瑩問心無愧，更會持續努力。藍、白兩黨彼此更不是敵人，共同的對手是民進黨，守住2026才有2028，相忍顧大局，共同下架民進黨是一致的目標。    ,https://news.ltn.com.tw/news/politics/breakingnews/5556202
批蔣萬安多次問A答B 趙曉慧：踐踏民主監督機制、民怨滾雪球累積,政治,2026/08/29 10:48,台北市長蔣萬安。（資料照）台北市長蔣萬安施政爭議不斷，引發多名北市議員質疑，作家趙曉慧指出，蔣萬安在市議會屢屢「問A答B」，擺出一套「反質詢、死不認錯、硬槓到底」的傲慢心態，在乎的不是孩子受了多少苦、市府系統哪裡壞掉，而是「這件事會不會燒到我身上」、「我的民調會不會掉」。趙曉慧也質疑，有「姓蔣」、「仇恨紅利」的撐腰，蔣萬安或許能僥倖躲過一次次的質詢，但民怨卻也同時在滾雪球般的累積，遲早會讓他付出最沉重的代價。趙曉慧在臉書發文指出，「蔣萬安的『蔣不聽』、『問A答B』，才是真正的獨裁！在他的4年任期內，你拿他沒有任何辦法，這不是獨裁，要不然是什麼？」請繼續往下閱讀...趙曉慧直言，看完台北市議員秦慧珠、洪婉臻、許淑華對蔣萬安的質詢，蔣萬安那一套「反質詢、死不認錯、硬槓到底」的傲慢心態，讓她感到深沉的無力感與憤怒。趙曉慧質疑，「史上最無能、最傲慢、最獨裁的首都市長，非蔣萬安莫屬。從來沒有見過一個台北市長，在市議會這樣屢屢『問A答B』」。趙曉慧強調，民主的核心，是行政權必須向立法權負責。狗籠吸菸區蓋了又拆，當洪婉臻質問如何面對百萬公帑打水漂，蔣萬安依然用反問「民進黨要不要出數位身分證的2.8億」來轉移焦點，這就是一種「拒絕接受監督」的獨裁姿態。趙曉慧也指出，當許淑華針對10歲女童遭猥褻案，質疑「機制是不是出問題？哪個漏洞該補？為何記者會曝光後才急忙安置？」時，蔣萬安不是檢討系統漏洞，而是不斷重複套話，扣帽子稱「你不能說社工第一線專業評估是錯誤的」。趙曉慧批評，「蔣萬安在乎的不是孩子受了多少苦、市府系統哪裡壞掉，而是在乎『這件事會不會燒到我身上』、『我的民調會不會掉』，這種沒有人性的官僚傲慢姿態，比政策犯錯本身更加令人心寒與憤怒」。趙曉慧表示，許淑華的質詢根本沒提到社工，蔣萬安沒頭沒腦的自己提到社工，這是他事先準備好的稿子，當場照稿念......這樣的表現也讓趙曉慧質疑，「你把市議員的質詢當成什麼啊？」趙曉慧指出，在蔣萬安與他的幕僚眼中，市議會不是監督施政、討回公道的民意殿堂，而是一個「只要順利唸完公關文稿就能下班」的個人秀場。「當市議員在問受害女童的命，蔣萬安卻在唸公關團隊的稿？！趙曉慧表示，把民意代表對受害女童悲劇的沉痛追問，當成可以預先寫好套路、照稿演戲的對抗戰場，蔣萬安這種將政治公關算計凌駕於人性悲憫之上的姿態，無疑是對民主監督機制的踐踏與嘲弄。趙曉慧諷刺，蔣萬安何必出席市議會的備詢？只要死皮賴臉挺過市議會質詢的幾個小時，權力依然在他手上，依然可以講不聽。她也酸「蔣萬安拿掉姓蔣，他還剩下什麼？」蔣萬安在泛藍對民進黨的「仇恨紅利」保護傘之下，享受著「躺著都可以連任」，拿掉這一把大傘，他還剩下什麼？趙曉慧在文末也直言，有「姓蔣」、「仇恨紅利」的撐腰，蔣萬安或許能僥倖躲過一次次的質詢，但民怨卻也同時在滾雪球般的累積，遲早會讓他付出最沉重的代價，步上柯文哲、黃國昌的後塵。    ,https://news.ltn.com.tw/news/politics/breakingnews/5556076
選戰倒數3個月！江啟臣：帶領台中接軌國際 曝勝選方程式,政治,2026/08/29 10:47,國民黨台中市長參選人江啟臣（中）舉辦親子活動，與孩童互動。（記者張軒哲攝）2026 九合一選舉進入倒數3個月階段，國民黨台中市長參選人、立院副院長江啟臣今（29）日上午於潭水亭觀音媽廟舉行「藝啟動一動、親子歡樂城」活動，關目前選戰策略，江啟臣表示，雖然剩下三個月，會持續深入大台中的29個區，全面接觸跟傾聽市民的建議跟需求。江啟臣上午於潭子舉行親子活動，由立委楊瓊瓔、市議員賴朝國、潭水亭主委林玉鶴陪同參拜，並與親子帶動唱互動，場面歡樂。請繼續往下閱讀...民進黨立委何欣純今晚將於大雅夜市拜票，對此，江啟臣表示，每個候選人都有自己的選舉的安排，還有策略的佈局，都予以尊重，他也有自己的節奏安排，也會照著節奏來走，雖然剩下三個月，仍會非常穩健的規劃，一步一步的，深入大台中的 29 個區，最重要的是做好準備，帶領大台中，走向一個更幸福，而且是更能夠跟國際接軌的一線城市。國民黨台中市長參選人江啟臣（中）舉辦親子活動，與孩童跳健康操。（記者張軒哲攝）    ,https://news.ltn.com.tw/news/politics/breakingnews/5556197
不讓出竹北就翻桌?！吳靜怡：柯文哲拿新北、宜蘭、彰化變相勒索國民黨,政治,2026/08/29 10:44,"國民黨主席鄭麗文（右）與民眾黨主席黃國昌（左）（資料照）九合一大選11月28日登場，但國民黨和民眾黨在竹北整合「談崩」。對此，媒體人吳靜怡表示，民眾黨不只會反賴，更愛耍賴！民眾黨為了竹北正式開撕，柯文哲好意思講「誠信」？直接嗆明新北、宜蘭、彰化，藍營江山恐怕整個翻過去？吳靜怡在臉書PO文表示，到底是徐欣瑩說話不算話，還是黃國昌到處亂放話？民眾黨就老實告訴大家，是不是柯文哲堅持要邱臣遠選竹北市到底？反正柯文哲連總統大選六點協議都可以撕爛宣布自行參選；黃國昌你當初有跟鄭麗文談新竹縣不提人換竹北嗎？黃國昌更親口承認，竹北這件事沒有簽正式書面協議！答案很簡單，竹北市藍白民調的數字，邱臣遠若如同地方人士所說的只有個位數，就證實民眾黨在柯文哲大票倉都崩盤了。寧願可恥大鬧一場，也不要接受丟臉的事實！請繼續往下閱讀...吳靜怡指出，竹北一席市長，正在戳破「藍白合」最大的荒謬，到底是民主整合，還是私下的政治分贓？新北可以全民調，黃國昌輸給李四川；宜蘭可以全民調，陳琬惠輸給吳宗憲；嘉義市同樣全民調，張啓楷贏國民黨翁壽良。三個地方是有規則、有民調、願賭服輸，偏偏到了竹北，民眾黨直接情勒「你答應過我」要求國民黨退選，現在呢？柯文哲反過來拿新北、宜蘭、彰化變相勒索國民黨，不讓出竹北，就翻桌，讓大家一起魚死網破！吳靜怡續指，近期民調都能顯示，沒有年輕人選票的國民黨和沒有中間選民的民眾黨，藍白實際上是在泛藍群眾裡做自己的競爭，更別說，全台灣的議員選舉，民眾黨只想當現成藍營池子裡的吳郭魚，掛著「藍白合」的招牌搶食人家地方經營現成的選票！吳靜怡直言，總統大選期間藍白合又撕裂的爛戲，到現在又要再出現一次，簡直是好爛但又好好看！「騙子能騙多久，是傻子決定的」但兩個騙子想彼此黑吃黑，最終通常都是狗咬狗一嘴毛，兩敗俱傷。    ",https://news.ltn.com.tw/news/politics/breakingnews/5556151
柯文哲彰化陪白營小雞掃街  被罵「垃圾」、「貪污抓去關」,政治,2026/08/29 10:37,柯文哲二林掃街被罵社圾，快抓去關。（記者顏宏駿攝）民眾黨前主席柯文哲今天掃街拜票又被嗆聲了！他今天上午到彰化二林早市陪同黨內縣議員參選人洪雅婷掃街時，被一位民眾嗆「糞掃（垃圾之意）」。面對這句嗆聲，柯文哲只能尷尬一笑以對。柯文哲今天一早陪洪雅婷到二林早市拜票，來到一處小吃攤時，一名正在吃早餐的民眾突然大聲嗆聲道「糞掃出來撿票的，若是貪污就趕快抓去關，不要在那邊亂吵。」見有民眾嗆聲，旁邊拍攝的支持者立即上前說「不要亂說話」並刻意擋住嗆聲民眾，還用「吳乃仁貪污」壓對方，惟雙方沒有再衝突。柯文哲與嗆聲民眾距離約5公尺，他尷尬一笑，轉頭繼續掃街拜票。請繼續往下閱讀...昔日選總統時，柯文哲到彰化的早市或夜市掃街總會帶來一陣「阿北風潮」，但今天他陪洪雅婷掃街，氣勢遠不如往年。民眾見到柯文哲到來，大都禮貌性握手和微笑；旁邊黨工拿擴音器說「柯文哲來了！可以拍照喔！」但主動合照的人零零星星。但也有一位民眾趨前對柯文哲比讚，他說：「你是被冤枉的，我們全家都投你，下次你一定要再出來選總統。」    ,https://news.ltn.com.tw/news/politics/breakingnews/5556185
新竹棒球場案林智堅不起訴 黃國昌回應4個字,政治,2026/08/29 10:36,新竹地檢署偵結新竹市立棒球場新建統包工程案，對前新竹市長林智堅等人不起訴處分。民眾黨主席黃國昌今以簡短四個字「黨證無敵」回應。（記者廖雪茹攝）新竹地檢署近日偵結新竹市立棒球場新建統包工程案，前新竹市長林智堅等人被指控涉貪污治罪條例及政府採購法等，檢方認定相關人員均無收賄或圖利事證，依法不起訴處分。對此，民眾黨主席黃國昌今日出席新竹縣活動前受訪，以簡短四個字「黨證無敵」回應。黃國昌任立委期間，民眾黨立法院黨團去年7月14日曾經考察新竹棒球場，當時擔任黨團總召的黃國昌，與時任新竹市代理市長邱臣遠等人出席；黃國昌曾說，廠商先開挖再回填，疑把土挖去賣，續填廢棄物賺兩手，稱「這是耗資12億的爛尾樓，難道暗諷新竹人不值得擁有一個全新改造、且包含地下停車場的新竹棒球場」，並批評「新竹檢調至今毫無作為」等。    ,https://news.ltn.com.tw/news/politics/breakingnews/5556178
嘉市2025年違規罰款收入1.2億元 市議員參選人籲公開交通作業基金用途,政治,2026/08/29 10:31,小歐盟嘉義市東區議員參選人陳玥妗（左二）、西區議員參選人林詩涵（右二）今開記者會，要求市府公開說明交通作業基金用途。（小歐盟x台灣前進提供）嘉義市交通作業基金2025年12月會計報告指出，違規罰款收入累積實際數1億2244萬7462元，是原編預算2.42倍，小民參政歐巴桑聯盟嘉義市東區市議員參選人陳玥妗、西區市議員參選人林詩涵今質疑，嘉義市府公開資料未說明交通罰款用到哪裡、改善哪些路口、事故是否下降等，請市府30日內公布2025年交通作業基金收入、支出、成果、會議紀錄、經費分配原則。市府回應，交通違規處罰的目的，不是在搶錢而是在搶命，是要給違規者一個警示，也要給所有用路人一個安全回家的保障。有關交通違規罰款運用，其支應優先項目法有明文，市府依照相關規定辦理，感謝對交通安全的支持。請繼續往下閱讀...陳玥妗表示，市府收了交通罰款，卻未清楚交代花到哪裡、改善了哪些路口、改善後有沒有更安全？林詩涵提到，交通部以30日死亡資料檢視各縣市道路安全，據公布的2025年全年30日死亡統計，嘉義市2025年較2023年增加19名交通事故死者，全國最高；嘉義市警察局事故分析顯示，2020年至2024年12至17歲青少年交通事故傷亡人口、70歲以上市民交通事故傷亡人口都增加。市民陳志遠並點出包括北港路的世賢路至中興路段標線、車道與轉向動線變化大；嘉基前忠孝路與保健街口行人綠燈秒數應檢討；上海路、青年街口機車待轉動線；嘉雄、北興陸橋下橋後的轉彎車與直行車交織等交通問題。陳玥妗、林詩涵認為，市府應每年公布10大高風險路口，說明近3年事故情形、主要肇因、改善方法、經費來源、完成期限，並定期公布追蹤結果；嘉義市長參選人王美惠、張啓楷應提出未來可檢驗的道路安全承諾，包括未來如何分配經費及改善危險路口。嘉義市議員參選人認為市府應每年公布10大高風險路口，改善交通安全。（記者王善嬿攝）    ,https://news.ltn.com.tw/news/politics/breakingnews/5556159
擴大照顧因公受傷義務役 三節慰問金、安養津貼9月起調增,政治,2026/08/29 10:30,內政部修正「義務役軍人傷亡慰問金及安養津貼發給辦法」及「替代役役男權利實施辦法」。（內政部提供）為強化對義務役因公致身心障礙人員的照顧，內政部修正「義務役軍人傷亡慰問金及安養津貼發給辦法」及「替代役役男權利實施辦法」，自今年9月1日起調增三節慰問金及安養津貼。本次修法同步檢討義務役軍人及替代役給付標準，三節慰問金依身心障礙程度，每節調升後為1萬6000元至6萬6000元不等，其中全身癱瘓調增6000元、半身癱瘓調增4500元、其餘身心障礙等級調增3000元；安養津貼則由原半身癱瘓每月3200元、全身癱瘓7463元，分別調升至3900元及9100元。內政部長劉世芳表示，考量因公受傷人員及家屬長期照護需求，並因應近年消費者物價指數變動及生活成本增加，檢討調整相關給付標準，調幅最高達30％，希望透過提高慰問金及安養津貼，減輕受傷弟兄及家庭的生活負擔，提供更實質的照顧與支持。請繼續往下閱讀...內政部強調，義務役軍人及替代役服役期間肩負國防及公共服務任務，對於因公受傷致身心障礙的退停役人員，政府將持續完善照顧制度，提供受傷弟兄及家庭更周延的支持與保障。    ,https://news.ltn.com.tw/news/politics/breakingnews/5556168
綠營不缺席！竹市新增山地原住民議員席次 徵召卡伊．馬賴參選,政治,2026/08/29 10:26,新竹市議會年底選舉將新增山地原住民議員席次，民進黨確定徵召立委伍麗華國會副主任卡伊．馬賴參選，市長參選人莊競程也會與黨內提名的11席議員參選人9月3日到選委會登記。（資料照，記者洪美秀攝）新竹市第12屆市長暨市議員選舉8月31日至9月4日登記，市議員部分因地方制度法修正，新竹市年底議員席次將新增1席山地原住民議員，此議員席次也成為各政黨必爭的席次，包括國民黨及民眾黨都已提名，而民進黨也不會缺席，將徵召立委伍麗華國會辦公室副主任卡伊．馬賴參選，會與民進黨新竹市長參選人莊競程及黨內提名的10名市議員參選人一起在9月3日登記參選。這席兵家必搶的山地原住民議員新增席次，國民黨已提名林夏陞、民眾黨則提名趙若芸，另包括無黨籍楊家玲及雲翔都表態要參選，民進黨也確定徵召卡伊．馬賴參選，呈現參選爆炸情形。因2024年8月《地方制度法》修正，在不影響既有席次下，增訂無山地鄉縣市的山地原住民席次計算與區域議員人口數規定，今年底的議員選舉，新竹市將增加1席山地原住民議員席次。請繼續往下閱讀...據了解，新竹市山地原住民約2900人，以泰雅族為最大宗，多因求職、就學分散定居，排灣族則高度集中於千甲里周遭。過去受限法規，山地原住民只能投一般區域議員，且不能投給平地原住民，改制後採取「山原投山原、平原投平原」做法。民進黨新竹市長參選人莊競程競辦總幹事、市議員劉康彥則表示，民進黨包括黨部提名的10席議員參選人加上山地原住民議員參選人卡伊．馬賴，都會在9月3日上午10點左右，陪同莊競程一起到選委會登記參選，展現民進黨團結態勢，當天立院永遠的總召柯建銘及莊競程的太太也會陪同登記。    ,https://news.ltn.com.tw/news/politics/breakingnews/5556167
稱「女童沒被性侵」惹議！葉元之喊冤「沒這樣講」 網友洗版轟爆,政治,2026/08/29 10:10,國民黨立委葉元之近日在政論節目談論北市10歲女童遭猥褻案時，脫口稱「沒有性侵害」、「怎麼講到那麼嚴重」，引發社會譁然。（資料照）國民黨立委葉元之近日在政論節目談論北市10歲女童遭猥褻案時，脫口稱「沒有性侵害」、「怎麼講到那麼嚴重」，引發社會譁然。昨日他在社群發文喊冤稱遭抹黑攻擊、斷章取義，不過在發文底下可見網友並不買單，紛紛留言砲轟「明明就有帶子，證據會說話」、「沒同理心，做錯事只會硬凹」，也有人喊「支持葉委員放出影片來澄清」。台北市日前傳出一名10歲女童長期遭母親的性交易對象猥褻，案發通報後長達240天未被隔離安置，女童因身心崩潰出現自傷行為，直到媒體與議員正式揭露，社會局才將女童火速緊急安置。葉元之近日在政論節目談論此案時卻脫口稱「沒有性侵害」、「怎麼講到那麼嚴重」，引發外界批評。請繼續往下閱讀...葉元之昨日兩度在臉書發文，首先是在昨日下午發文稱，近日有大量網軍對他進行抹黑攻擊，不實指控他說過「10歲女童沒有被性侵，只有被性猥褻，沒有這麼嚴重」。葉元之強調這完全是無中生有、去頭去尾的造謠與惡意扭曲。葉元之在晚間發布的第二則發文也指出，「下午我已經發文澄清，前天在節目是針對許淑華記者會的說法做更正，許淑華說市府240天不作為，但其實市府第一時間就介入。許淑華說長女被性侵，但其實長女並沒有被性侵，社會局也有說明。所以我講的『沒有被性侵』，指的就是長女，不是女童。但後來被惡意連結」。葉元之也說，「造謠我講『女童只是被猥褻，不是被性侵，沒那麼嚴重』，其實我完全沒有這樣講。在澄清後，民進黨民代林亮君、戴瑋姍，仍要硬扣帽子，把我沒說過的話塞我嘴裡，請問是真心幫忙女童，還是只是要消費這事件，做政治攻擊？」不過在兩則發文底下都可看到網友紛紛砲轟「我從頭看到尾，你就說那個小女孩沒有被性侵害，都是民進黨把他說得那麼嚴重，沒有人冤枉你啦」、「女童被猥褻不嚴重，政客不護童」、「委員知道猥褻也在性侵害的範疇嗎？」、「強制猥褻是性侵害的一種，立委不懂法我真的只能笑了」，也有網友直言「所以你是要講『長女只是被猥褻，不是被性侵，沒那麼嚴重』，請問是這意思嗎？你是認真的嗎？你覺得這樣解釋比較好？」也有網友質疑「但凡有一點良心，就不會說出這種話」、「你真的沒血沒淚，怎麼能說出這樣的話」、「沒有啊，影片你說的很清楚啊，大家都可以去看看」、「委員就把你上節目的帶子放出來就好了嘛」，也有人諷刺「這樣我就明白了，節目是靈異事件，裡面的你不是你，了解」。事實上，葉元之昨日也有CALL IN到直播節目澄清，強調是被斷章取義，不過主播吳安琪事後再度發文反擊，直言她還特地重新把葉元之的發言看了一遍，認為根本沒有遭到曲解，她也貼出逐字稿內容：「不是240天不作為，然後呢也沒有性侵害，那個議員講說性侵害～這個根本沒有，怎麼可以拿沒有的事情講得這麼嚴重～」認為整段內容描述的就是10歲女童案件。吳安琪質疑，葉元之事後卻改口稱自己談的是女童的大姊而非當事女童，這一席話讓她忍不住開轟：「整段話沒有斷章取義，描述的就是10歲女童，你現在跟我硬凹你在說長女？道歉很難是不是？」    ,https://news.ltn.com.tw/news/politics/breakingnews/5556096
最新人口推估拉警報 藍委批賴政府沉迷撒錢搞政治,政治,2026/08/29 10:09,立院國民黨團首席副書記長許宇甄。（資料照）國發會發布最新人口推估報告，在少子女高齡化難逆下，台灣總人口跌破2000萬人時程提前4年至2045年。對此，立院國民黨團首席副書記長許宇甄痛批，人口雪崩已經成為台灣最迫切的國安危機，賴政府卻依舊沉迷撒錢、口號與政治攻防。民進黨執政十年，少子化一路惡化，政府必須為今天的局面負起責任，不該擺爛無作為。許宇甄指出，台灣年輕人的生活壓力，政府真的看見了嗎？薪水追不上房價，存款追不上物價，結婚要錢、租房要錢、生產要錢、托育要錢、教育更是一筆長達二十年的沉重支出。許多夫妻每天睜開眼睛就在計算房租、房貸、奶粉錢與托育費，連自己能否擁有安穩生活都充滿焦慮，又如何有勇氣迎接下一個生命？請繼續往下閱讀...許宇甄表示，人口減少的衝擊已經迫在眉睫。今天少一個孩子，20年後就少一個勞動人口。未來工作人口持續萎縮，誰來支撐健保？誰來負擔長照？誰來繳稅維持社會安全制度？企業到哪裡找人才？醫院到哪裡找醫護？國軍兵源又從哪裡來？人口危機正在同時侵蝕台灣的經濟、財政、醫療、社福與國家安全。許宇甄批評，賴政府嘴上喊搶救少子化，實際政策卻不斷打擊年輕家庭的信心。立法院三讀通過「台灣兒少成長及未來帳戶條例」，希望替下一代建立長期資產與基本保障，行政院選擇不副署；賴清德選前高喊居住正義、承諾興建社會住宅，執政後卻讓興建戶數大跳票。孩子的未來帳戶被擋，年輕人的居住承諾又跳票，賴清德還要拿什麼說服台灣人民安心結婚、生養下一代？另國民黨立委李彥秀也痛批，今年預估新生兒恐跌破10萬人，民進黨政府編列近6000億元預算卻錯失黃金10年，政策淪為大撒幣買票。她更點出房價過高、養育成本過高」及擔心原本生活模式被改變等3大年輕人不願生養主因，呼籲少子化已升級為「滅國危機」，政府應即刻召開國是會議凝聚解方。李彥秀指出，少子化問題已從「國安危機」大幅升級為「滅國危機」，若趨勢未能改變，2075年台灣總人口更將直接腰斬至1215萬人。前總統馬英九在2011年初首度公開提出少子女化問題必須提升至國家安全層次，不能等閒視之、放任惡化。2012年台灣新生兒出生人數尚有將近23萬人，但到了去年（2025年）僅剩約10.8萬人；今年（2026年）更預估將跌破10萬大關、僅剩9.4萬人。若未能改變少子化趨勢，台灣將從繁榮的「科技島」淪為空曠的「無人島」。    ,https://news.ltn.com.tw/news/politics/breakingnews/5556163
翁曉玲砍國務機要費惹議藍營天王忙護航 周軒酸：她2028出戰機率不是0,政治,2026/08/29 09:50,國民黨立委翁曉玲。（資料照）國民黨立委翁曉玲自上任以來脫序的行為屢屢引發爭議，近日案刪凍總統府國務機要費3000萬元，衝擊庇護工場產品訂單，惹怒Treads網友。對此，政治工作者周軒表示，何曾看過國民黨任何一個政治人物出包，盧秀燕、蔣萬安這兩個，想拼2028的藍營天王，出來幫忙當側翼護航呢？2028年總統大選，翁曉玲代表國民黨出戰，機率看起來不是0%了。周軒在臉書PO文表示，國民黨有一匹黑馬，近期聲勢看漲，那就是翁嘵玲，你何曾看過國民黨任何一個政治人物出包，盧秀燕、蔣萬安這兩個，想拼2028的藍營天王，出來幫忙當側翼護航呢？請繼續往下閱讀...周軒指出，歷史有時候就是一個巧合，盧蔣大費周章搞了一場725凱道遊行，還要每天跟中央你一句我一句的，還不及人家翁曉玲提個案子砍光國務機要費，幾十個社福團體遭殃，害孩子們辛苦做的中秋禮盒打水漂，翁自己不覺得怎麼樣就算了，國民黨居然全體最高品質靜悄悄，比日本製壓縮機還安靜，一句話都不敢講。周軒直言，有這種待遇的難道不是天王級的嗎？提一個案子幹掉前面盧蔣的苦心經營，這厲害了吧？2028年總統大選，翁曉玲代表國民黨出戰，機率看起來不是0%了。    ,https://news.ltn.com.tw/news/politics/breakingnews/5556097
三大公投中選會否決兩案 李彥秀痛批行政獨裁：「朕同意的才能投」,政治,2026/08/29 09:48,國民黨立委李彥秀。（資料照）年底選舉藍白提出三公投案，中選會昨決議「鞭刑」、「交通罰鍰專用」未通過，僅「廢除非核家園」通過。對此，國民黨立委李彥秀痛批，中選會以一票之差沒收2350萬人民的憲法權利，根本是「寡頭專斷、行政獨裁」，更以行政審查手段剝奪人民意見表達自由，宛如「朕同意的才能投」，為台灣民主留下難堪污點。李彥秀指出，立法院日前三讀通過「廢除非核家園」、「鞭刑入法」以及「交通罰鍰專用」三項公投案，然而在「交通罰鍰專用」案中，中選會委員竟然僅以「一票之差」就沒收台灣2350萬人民的憲法權利。她痛批，這就是寡頭專斷，這就是行政獨裁，更是徹底違反憲政主義的基本精神。請繼續往下閱讀...「台灣人民要問，中選會到底在怕什麼？」李彥秀表示，「鞭刑入法」以及「交通罰鍰專用」究竟是不符合「重大政策之創制或複決」的規定？是不符合特定政黨的政治期待？還是不符合中選會委員個人的意識形態與價值？李彥秀強調，中選會透過「行政審查」的手段，剝奪憲法賦予人民意見表達的權利，根本就是「朕同意的，人民才能投票」。她認為，這種作法完全不能被社會大眾接受，更為台灣的民主政治留下了難堪的歷史污點。    ,https://news.ltn.com.tw/news/politics/breakingnews/5556125
新竹棒球場案獲不起訴 學者為林智堅抱屈：政治先行讓真相變得可有可無,政治,2026/08/29 09:39,新竹棒球場偵查終結，新竹市前市長林智堅等人獲不起訴處分，退休學者林健正：不管是林智堅的台大學倫案或是新竹棒球場案，政治先行的結果已讓真相變得可有可無。（資料照）歷經4年偵辦，新竹地檢署針對新竹棒球場案偵查終結，包括前市長林智堅等公務員都獲不起訴處分，新竹棒球場案引發的政治效應與討論後作用力強大，對時事多有評論的陽明交大退休教授林健正也認為，林智堅同時陷入學倫與棒球場公共事件相當特別，而台灣輿論卻因政治先行，已讓真相變得可有可無。他說，2022年7月下旬新竹棒球場重新啟用後發生球員受傷，後續由接任的市長進行場內開挖，當時高虹安等人所提的「大秘寶」的說法包括傾倒大量廢棄土與市長圖利。請繼續往下閱讀...2026年8月新竹地檢署偵結，林智堅被控圖利、偽造文書等罪嫌不足，予以不起訴；部分營造、監造人員因施工或監造紀錄登載不實，予以緩起訴。檢方認定契約變更未違反政府採購法相關規定，並查無不法金流；場內雖有不符規範物，數量有限，查無大量外運棄置、變賣土方或詐領工程款的積極證據。林健正提到，地檢署的不起訴不是法院判決無罪，相關處分仍可再議。偵結也不是證明工程沒有缺失。它否定的是選戰期間被放大的指控：大量棄土、故意回填、市長圖利。這些說法已先成為社會印象，4年後地檢署的卷證已很難改變當事人曾經付出的代價。同樣台大學倫案適用另一套規範，但公共討論的形成方式類似。台大以兩篇論文文字高度重疊、余正煌完成時間較早，認定林智堅抄襲並撤銷學位。林智堅其後撤回訴願，處分確定。指導教授陳明通主張：余正煌原題目初試未過，於最後階段更換題目；寫作底稿與林智堅方面的民調資料，是他提供給余正煌的。陳明通後來出書說明上述過程，並未改變多數輿論以台大處分及當事人已接受作為結論。如今兩案已有行政處分與檢方偵結，各有程序。需要檢討的是往後如何處理同類事件：先有說法、再有調查、最後把與說法不合的證詞排除在外。因選舉有其時程，調查需要時間，學倫審查與司法偵查最後都會變成選舉語言的附屬品。    ,https://news.ltn.com.tw/news/politics/breakingnews/5556112
藍營不滿中選會否決鞭刑等2公投 葉耀元：自己不敢負責別拖全民下水,政治,2026/08/29 09:28,美國聖湯瑪斯大學國際研究講座教授葉耀元（資料照）中選會28日審議否決鞭刑、交通罰鍰專用等2項公投案，立法院國民黨團隨即表達「最強烈的抗議與譴責」，並質疑「朕不給的你不能拿、朕不准的你不能投？」對此，美國聖湯瑪斯大學國際研究講座教授葉耀元表示，前兩項公投提案本來就是立委自己就可以在立法院表決要不要通過的項目。藍白不要自己不敢負責就要拖全部人下水。葉耀元在臉書PO文表示，前兩項公投提案本來就是立委自己就可以在立法院表決要不要通過的項目。藍白不要自己不敢負責就要拖全部人下水，中選會的存在還是非常重要。面對違法違憲的藍白立院，現在只能用行政單位的獨立判斷來阻止他們繼續無限制的破壞國政。請繼續往下閱讀...葉耀元直言，藍白想要搞公投綁大選，果然失敗了。    ,https://news.ltn.com.tw/news/politics/breakingnews/5556088
國民黨連輸3屆總統大選癥結在哪？粉專分析：愈迎合基本盤、愈遠離多數選民,政治,2026/08/29 09:25,國民黨主席鄭麗文。（資料照）國民黨自2016年失去中央執政權後，已連續三屆總統大選落敗，但2024年重新成為國會最大黨，並在與民眾黨合作下掌握足以影響法案、預算與人事的關鍵力量。粉專「聲量看政治」分析認為，國民黨當前真正的危機，不只是個別政治人物或政策爭議，而是逐漸形成一套由基本盤情緒、網路聲量、國會攻防及兩岸交流相互強化的政治生態，愈迎合核心支持者，反而可能愈遠離決定總統大選勝負的中間選民。粉專「聲量看政治」在臉書PO文表示，從歷屆總統大選來看，國民黨2016年由朱立倫參選、2020年由韓國瑜出戰，2024年則推出侯友宜，但連續三屆都未能取得中央執政權。評論指出，2024年後國民黨在立法院取得52席，與民眾黨合作即可左右不少重大議案，因此已不只是單純扮演監督角色，而是具有實質影響政策成敗的政治力量。請繼續往下閱讀...評論認為，問題在於國民黨重新取得權力後是否同步建立相應的政治責任意識。包括預算刪凍、倒閣及重大法案攻防，只要國會多數足以左右結果，就不能在政策產生後果時，完全將責任歸於行政部門。若只強調監督權力，卻不願承擔多數決所產生的政治責任，長期恐進一步影響選民信任。另一方面，網路聲量也正在改變政治人物的行為模式。評論以YouTube直播、短影音及政論節目為例指出，特定政治事件確實可能讓泛藍相關內容觀看數在短時間大幅攀升，但觀看次數增加，不等於支持人口同步增加，更可能只是既有支持者觀看頻率與情緒強度升高。評論分析，當政治人物逐漸受到觀看數、留言與分享數影響，便可能傾向選擇更容易獲得流量的強硬語言。政策細節未必受到注意，但一句具有衝突性的發言卻可能快速傳播，久而久之，政治人物可能從「設定議題」轉變為「迎合支持者想聽的內容」，形成聲量與政治表態彼此強化的循環。評論也提醒，國民黨可能將「議題多數」誤認為「信任多數」。部分民調顯示，一些選民可能支持倒閣、要求行政部門執行特定法案，卻不代表這些人因此認同國民黨。換言之，選民可以支持在野黨監督政府，甚至贊成某項主張，但到了總統大選，是否願意把外交、國防、經濟及兩岸政策全面交由該政黨掌握，仍是另一個層次的選擇。這也可能解釋國民黨近年在地方選舉及國會選舉具有競爭力，卻連續三屆無法贏得總統大選的現象。評論指出，部分選民可能願意讓國民黨扮演「煞車」角色，避免單一政黨掌握過多權力，但未必因此願意將國家「方向盤」交給國民黨。在此情況下，台北市長蔣萬安、台中市長盧秀燕等被視為可能角逐2028總統大選的人選，也面臨兩難。評論認為，兩人若要爭取國民黨內提名，勢必需要回應核心支持者對強硬路線的期待；但愈往基本盤靠攏，也可能消耗原有的跨黨派接受度。除了基本盤與網路聲量，兩岸關係則是另一項關鍵因素。評論以國民黨政治人物近年赴中交流為例指出，兩岸交流可以帶來觀光、農漁產品或政治會面的成果，也可能成為黨內累積政治資本的方式。然而，若中國提供的政治舞台與成果，進一步影響國民黨內部的議題設定，就可能讓政黨路線與台灣多數選民的期待產生落差。評論認為，當中國提供交流成果，藍營媒體轉化成相關政治論述，再透過YouTube、短影音及政論節目放大，核心支持者又進一步要求政治人物採取相同立場，就可能形成彼此強化的循環。支持者得到情緒滿足、媒體得到流量、政治人物獲得聲量，但國民黨真正需要爭取的中間與游離選民，未必因此增加。評論最後指出，國民黨並不缺乏政治資源，目前仍擁有地方執政版圖、52席立委、政黨組織及一定的媒體與網路聲量。真正的問題在於，能否讓過去十年未將總統票投給國民黨的選民相信，把外交、國防、經濟及兩岸政策交給國民黨是可以放心的選擇。若國民黨持續把基本盤的熱烈反應、網路高聲量與兩岸交流成果視為政治路線正確的證明，卻忽略總統大選需要跨越基本盤、取得社會多數信任，聲量愈高未必代表距離中央執政愈近，甚至可能在核心支持者愈加興奮的同時，與真正決定大選結果的多數選民漸行漸遠。    ,https://news.ltn.com.tw/news/politics/breakingnews/5556087
蔣萬安嘴高雄 賴瑞隆：柯志恩站哪一邊？,政治,2026/08/29 09:16,蔣萬安議會答詢卻嘴，高雄賴瑞隆想問柯志恩站哪一邊?（記者王榮祥翻攝）屢次問Ａ答Ｂ的台北市長蔣萬安面對議會質詢卻拿高雄說嘴，民進黨高雄市長參選人賴瑞隆嗆國民黨長期重北輕南、看到南方正崛起卻見不得高雄的好，他想問柯志恩認同蔣萬安的說法嗎？針對台北市長蔣萬安昨面對市政爭議，卻突兀點名高雄，還搬出前鎮漁港81億元改建經費，引發非議。請繼續往下閱讀...賴瑞隆強調，所謂「3千萬變81億」早經漁業署說明，前鎮漁港是全台最大遠洋漁業基地，年產值超過300億元，整體產業鏈產值更突破千億元，但啟用逾50年從未全面整建。他2016年擔任立委後，即與高雄區漁會持續向行政院爭取，從最初約10億元計畫起步；在他與時任副院長陳其邁共同努力下，2019年蘇貞昌院長視察後認為「既然要做，就把它做好」，最終擴大為81億元全面建設。賴瑞隆嗆國民黨過去長年執政重北輕南，自謝長廷、陳菊到陳其邁，高雄一棒接一棒推動城市轉型，中央從蔡英文到賴清德政府，也全力支持南北均衡，好不容易擁有如今的成果；然而遠在台北的蔣萬安卻屢拿高雄轉移自身市政爭議，不僅對南部不公平，也令人失望。賴瑞隆進一步點名國民黨高雄市長參選人柯志恩、過去也屢次針對前鎮漁港整建進行攻擊；建設當然可以理性監督、務實改善，他與地方隊友也持續召開協調會要求精進招商作為，但監督與否定國家對南部的投資是兩回事，盼國民黨不要為了反而反、不斷唱衰高雄。他反問柯志恩，既然要選高雄市長，就請直接回答，是否認同蔣萬安對前鎮漁港的抨擊？究竟是站在高雄市民、漁民這一邊，還是站在蔣萬安那一邊？    ,https://news.ltn.com.tw/news/politics/breakingnews/5556099
宜蘭流刺網轉型卡關 林國漳拋「漁船專案收購」助老漁民安心退場,政治,2026/08/29 09:13,民進黨宜蘭縣長參選人林國漳針對宜蘭輔導流刺網漁船轉型緩慢困境，拋出「老舊漁船專案收購」政見。（林國漳競辦提供）民進黨宜蘭縣長參選人林國漳針對宜蘭輔導流刺網漁船轉型緩慢困境，拋出「老舊漁船專案收購」等政見。他強調，面對高齡漁民無力負擔新漁法成本，政府應主動承擔轉型代價，透過收購機制讓老漁民安心退休，從根本解決生態危機。流刺網「大小通吃」嚴重影響漁業永續，廢棄網具更常導致船隻受損。中央雖力推轉型，但審計室報告點出，宜蘭輔導成效緩慢且逐年下滑，去年10月迄今僅4件申請，仍有244艘待轉型，政策推動明顯遭遇瓶頸。請繼續往下閱讀...林國漳表示，走訪漁村發現，長輩常頂著海風修補刺網，漁民深知魚源枯竭需休養，但年紀大要換設備、學新漁法，不僅成本高昂，更憂心生計無以為繼；他呼籲，面對轉型，政策不能僅有嚴格規範與單向宣導，更要體恤老漁民與風浪搏鬥的辛苦。針對有意轉型者，林國漳也承諾會編列預算改善漁港硬體，升級產銷與冷鏈設備，補足友善漁法所需支援，以降低門檻，同時規劃建立在地優質水產認證，引進保鮮技術並打響宜蘭品牌，藉此提高漁獲附加價值，確保漁民轉型後的實質收益。林國漳說，未來還會結合「海洋新宜蘭」願景，開創海洋休閒觀光出路，發展休閒漁業與導覽人才培育，為漁村與青年創造多元就業；海洋與漁民是宜蘭的根，唯有政府作為依靠，把生計照顧好，海洋生態與漁業文化，才能真正長久永續。    ,https://news.ltn.com.tw/news/politics/breakingnews/5556107
議員追問吸菸區、蔣萬安反嗆高雄！謝志偉酸爆：果然前後一致、堅守原則,政治,2026/08/29 08:49,我國駐歐盟代表謝志偉。（資料照）台大公館商圈日前出現以柵欄圍成一圈的「格柵式吸菸區」引發議論，被網友批評像狗籠，台北市長蔣萬安28日於議會專案報告，竟搬出高雄九如橋，回嗆議員怎不吭一句？對此，我國駐歐盟代表謝志偉表示，「不得不說，這是一個前後一致，堅守原則的人」。蔣萬安昨早赴議會專案報告，民進黨北市議員洪婉臻、簡舒培分別針對格柵式吸菸區及遮陽傘質詢，兩次的質詢都與蔣萬安互槓，蔣萬安更提兩次高雄市，包括高雄的九如橋花了5億元、前鎮漁港改建變成81億元，指「這些也是納稅人的錢，議員要不要標準一致？怎麼不吭一句？」請繼續往下閱讀...謝志偉在臉書PO文表示，「問台北，答高雄，不得不說，這是一個前後一致，堅守原則的人。此乃是非題。如何為市民遮陽，或是為自己遮羞。那是選擇題」。    ,https://news.ltn.com.tw/news/politics/breakingnews/5556071
日本議員訪中遭「訓話」！矢板明夫：越主動上門 越遭利用羞辱,政治,2026/08/29 08:47,矢板明夫指出，日本跨黨派國會議員團日前訪問北京，卻遭中國共產黨中央對外聯絡部副部長陸慷（見圖）「訓話」。（法新社）資深媒體人矢板明夫指出，日本跨黨派國會議員團日前訪問北京，卻遭中國共產黨中央對外聯絡部副部長陸慷「訓話」，開出若要改善關係日本得先低頭的條件，矢板明夫直言，當北京正在鼓動全國反日的時候，越是主動送上門，越是容易被利用，甚至會遭受一次又一次的羞辱。矢板明夫在臉書發文表示，日本跨黨派國會議員團日前訪問北京，希望在日中關係低迷之際恢復政治交流，結果換來的不是善意，而是中國共產黨中央對外聯絡部副部長陸慷的一頓「訓話」。請繼續往下閱讀...矢板明夫指出，陸慷27日與日本議員團會談時明確表示，只要高市早苗首相去年11月有關「台灣有事」的國會答辯，以及日本對台灣問題的認識不改變，中國就「沒有打算改變」目前的對日政策。換句話說，北京開出的條件非常清楚：要改善關係，可以，但要日本先低頭。矢板明夫直言，這就是為什麼他一直主張，日本議員團選在這個時候訪中，根本是自討侮辱。這個代表團的主要成員，包括中道改革連合的伊佐進一、自民黨的橋本岳以及公明黨的議員等，基本上都是與高市政權保持一定距離的「親中派」人士。他們或許都想扮演「溝通管道」，緩和日中關係，但問題是，當北京正在鼓動全國反日的時候，越是主動送上門，越是容易被利用。矢板明夫分析，中國這次正是如此操作。日本議員千里迢迢來北京，中方沒有在日方要求的出口管制等問題上拿出實質善意，反而利用會談，公開要求高市首相改變在台灣問題上的立場。這已經不是交流，而是把日本議員團當成向東京傳話、施壓的工具了。矢板明夫提到，尤其是出面「教訓」日本議員的陸慷。當年他擔任《產經新聞》北京特派員時，陸慷是中國外交部新聞司長。因為後來中方長期不給「產經新聞」的記者發簽證，他曾多次代表產經新聞與中國外交部交涉。陸慷當時給他的印象就是態度蠻橫、不給人商量的餘地，根本不像一個以溝通為工作的外交官。矢板明夫指出，多年以後，陸慷一路升到了中共中央對外聯絡部副部長。如今面對主動登門的日本國會議員，態度依然如故。矢板明夫強調，日本當然需要和中國對話，但對話必須建立在相互尊重之上。如果北京認為日本急著想改善關係，中國就可能漫天要價，那麼，這種訪問越多，得到的恐怕不是外交成果，而只是一次又一次的羞辱。    ,https://news.ltn.com.tw/news/politics/breakingnews/5556051
蔣萬安答詢扯前鎮漁港 黃敬雅批：別拿來當「市政遮陽傘」,政治,2026/08/29 08:23,蔣萬安答詢扯前鎮漁港，黃敬雅籲蔣別拿漁港當「市政遮陽傘」。（記者王榮祥翻攝）台北市長蔣萬安在議會答詢台北遮陽傘與格柵吸菸區爭議時，突然扯到高雄前鎮漁港，民進黨高市議員參選人黃敬雅強調漁港跟台北遮陽傘、吸菸區完全不同，她批蔣萬安，前鎮漁港不是台北市政的遮陽傘。高雄前鎮、小港議員參選人黃敬雅今一早發文駁斥蔣萬安刻意去脈絡化，將國家級遠洋漁業基地的全面更新，與都會區景觀設施進行錯誤類比，不僅凸顯其對市政的迴避，更是把高雄當作掩蓋自身施政爭議的政治提款機。請繼續往下閱讀...她指出，蔣市府所謂「3千萬變81億」，刻意省略了前鎮漁港從「局部維護」擴大為「整體更新」的完整歷史脈絡，最初高雄市政府提出3千多萬元，僅為基本運作與例行性泊地疏浚的局部需求，後經中央評估，考量該港啟用逾50年未曾全面整建，才重新檢討並擴大為81億元規模。前鎮漁港身為全台最大遠洋漁業基地，每年支撐數百億產值，蔣萬安拿攸關台灣遠洋漁業發展的重大基礎建設，去對比單座造價744萬、計入後續維護逼近千萬且工期延宕的都市景觀傘，兩者規模與公共效益完全無法相提並論。黃敬雅同時對國民黨陣營提出三問，首先求蔣萬安市長直接向台北市民交代，為何8座遮陽設施平均造價如此高昂且無法如期完工？其次也點名國民黨高雄市長參選人柯志恩，前鎮漁港關係高雄地方產業發展，是否認同蔣萬安說法？是否站出來為高雄說句公道話？最後更要質問國民黨，高雄人數十年來承擔重工業、港口與遠洋漁業等國家級產業責任，為何每次爭取應有建設，總被切斷前因後果，藉機塑造「高雄亂花錢」的錯覺？黃敬雅呼籲蔣萬安，若對台北市政爭議無法交代，應誠實面對市民，前鎮漁港絕不是遇到質疑時，隨手拿來擋箭的政治遮陽傘。    ,https://news.ltn.com.tw/news/politics/breakingnews/5556072
楊寶楨酸黃國昌別只靠嘴巴選舉！詹凌瑀：不是天真、是沒籌碼,政治,2026/08/29 08:18,民眾黨主席黃國昌。（資料照）竹北市長藍白合破局，無黨參選台中市東南區市議員的民眾黨前發言人楊寶楨在社群平台發文大酸，藍白合太天真，她還稱全力支持民眾黨主席黃國昌御駕親征，登記參選新北市長，千萬不要只是「靠嘴巴選舉」。對此，媒體人詹凌瑀表示，「楊寶楨酸他太天真。錯了，這不是天真，是沒籌碼」。詹凌瑀在臉書PO文表示，「寶楨學姊說得對，黃國昌，你只剩一張嘴了，竹北藍白合破局。黃國昌開記者會，說鄭麗文當面跟他講沒有辦法處理，他非常非常遺憾，遺憾？然後呢？不翻桌，承諾照履行，邱臣遠照登記。被人當面打臉，還要幫對方把場面話說完。這是當年那個戰神嗎？」請繼續往下閱讀...詹凌瑀指出，「對民進黨，他咆哮、拍桌、告到底。對國民黨，他遺憾、理解、諒解，還『尊重國民黨需要時間跟空間處理內部歧見』。同一個人，兩種音量。這不叫合作，這叫單戀，楊寶楨酸他太天真。錯了，這不是天真，是沒籌碼。大罷免把整個民眾黨押上去替國民黨擋子彈，以為換得到竹北一席。結果人家一局歸一局，過河就拆橋。2024藍白六點協議撕過一次了，被騙一次是別人壞，被騙兩次呢？」詹凌瑀續指，「更難看的是，他自己罵國民黨『把政治成本轉嫁給合作夥伴』。醒醒，把民眾黨的主體性當嫁妝送出去的，就是你。柯文哲在新竹縣留下35.6%的支持度，全國最高，是你拿去跟人家換一個『沒有辦法處理』，所以楊寶楨那句話才這麼痛：延續初選的氣勢，親征新北選到底，千萬不要只是靠嘴巴選舉。」詹凌瑀直言，「敢嗎？下週就登記了。敢押自己下去，還是繼續當鍵盤主席，躲在記者會後面遺憾？黃國昌，你如果最後還是要跟國民黨合，記得，以後要叫寶楨學姊。」    ,https://news.ltn.com.tw/news/politics/breakingnews/5556065
竹北藍白合破局  楊寶楨酸黃國昌親征新北「不要只靠嘴巴選舉」,政治,2026/08/29 08:12,楊寶楨已領表登記參選台中市議員。（擷自楊寶楨臉書）竹北市長藍白合破局，無黨參選台中市東南區市議員的民眾黨前發言人楊寶楨在社群平台發文大酸，藍白合太天真，她還稱全力支持民眾黨主席黃國昌御駕親征，登記參選新北市長，千萬不要只是「靠嘴巴選舉」。國民黨竹北市長參選人吳旭智完成領表，民眾黨竹北市長參選人邱臣遠昨（28）日也宣布參選到底，竹北藍白合破局，黃國昌昨更和邱臣遠宣示會參選到底，並指國民黨沒有信守承諾，國民黨新竹縣長提名人徐欣瑩沒有說到做到，並表示他才跟鄭麗文見面，對方明確表示無法處理竹北市長選舉，令人「非常非常遺憾」。請繼續往下閱讀...楊寶楨對竹北藍白合破局也評論「對於藍白合，不要太天真」，她更開酸，竹北藍白合破局，全力支持民眾黨黃國昌主席御駕親征，下週登記參選新北市長，延續初選的氣勢選到底，千萬不要只是「靠嘴巴選舉」。楊寶楨的貼文引發網友兩極評論，有人讚她「做自己」，一步一腳印爭取大家的認同，不過也有人認為她都退黨了別再蹭民眾黨，為反對而反對，為攻擊而攻擊。    ,https://news.ltn.com.tw/news/politics/breakingnews/5556066
台灣是可靠夥伴！美國務院：力挺參加太平洋島國論壇,政治,2026/08/29 08:05,美國國務院表示，強烈支持台灣繼續參與「太平洋島國論壇」，台灣是可靠夥伴。（路透檔案照）外交部長林佳龍率團訪問友邦帛琉，出席「太平洋島國論壇」（PIF）峰會相關活動。美國國務院今天回覆中央社記者表示，強烈支持台灣繼續參與PIF，台灣是可靠夥伴；川普政府著眼於太平洋島國夥伴的重要性，副國務卿藍道也將參與PIF。第55屆「太平洋島國論壇」領袖會議於8月30日至9月4日在帛琉舉行。美國國務院今天發布新聞稿表示，副國務卿藍道（Christopher Landau）將訪問帛琉，與論壇對話夥伴一同參加「太平洋島國論壇」領袖會議，以加強美國與太平洋島國政府之間的關係。請繼續往下閱讀...台灣外交部日前也表示，林佳龍於8月27日至9月3日率團赴帛琉，出席「太平洋島國論壇」峰會相關活動，並將與台灣在太平洋地區的友邦及其他友盟國家代表團進行場邊交流。對於台灣將參與PIF峰會相關活動，國務院一名發言人以背景方式回覆記者詢問表示，美國強烈支持台灣持續參與太平洋島國論壇。過去30多年來，台灣一直是該論壇的發展夥伴。發言人還說：「台灣是可靠、理念相近且民主的夥伴，為整個太平洋地區的繁榮和經濟發展做出重要貢獻。」另外，發言人表示，川普（Donald Trump）政府著眼於美國太平洋島國朋友和夥伴的重要性。副國務卿藍道期待在他第3度造訪該區域期間，參與太平洋島國論壇。國務院新聞稿指出，藍道8月31日至9月11日出訪期間，除了訪問帛琉，也將造訪密克羅尼西亞、索羅門群島及吉里巴斯。中國在太平洋地區勢力擴張之際，國務院強調，太平洋地區仍是美國外交政策的重點，「美國致力和太平洋島國夥伴互動，以維護開放、安全且繁榮的太平洋地區」。去年太平洋島國論壇在索羅門群島舉行。成員國官員及政治人物當時指出，在北京施壓排除台灣參與後，索羅門群島決定美國和中國等21個捐助國及台灣代表都不會獲邀與會。PIF共有18個成員國，其中包括帛琉、馬紹爾群島和吐瓦魯3個台灣友邦。台灣自1993年以「台灣/中華民國」（Taiwan/Republic of China）名義參與PIF以來，持續以「發展夥伴」身分與PIF成員國合作交流。    ,https://news.ltn.com.tw/news/politics/breakingnews/5556058
無人載具條例通過個股卻大跌 謝金河：有人生活在這塊土地還拿刀捅自己,政治,2026/08/29 07:48,立法院會近日三讀通過國民黨團主導的「強化國防自主暨無人載具產業發展條例」。（資料照）立法院三讀通過國民黨團主導的「強化國防自主暨無人載具產業發展條例」，財信傳媒集團董事長謝金河指出，台灣發展無人機產業，除了國防需求之外，也是陷入瓶頸的傳統產業轉型的新契機，但卻沒有人敢踏入這個產業，因為對岸睜大眼睛看，而且台灣還有他們的守門員。在重重限制封鎖下，無人載具變成只能做、不能說的產業，這也是為何2400億元的條例通過，雷虎、漢翔、龍德等代表性的個股卻跌很重。謝金河在臉書以「誰在阻擋台灣的無人機產業？」為題發文指出，立法院本會期最後的壓箱寶是審議無人載具條例，6年編列2400億元的公務預算，賴總統在審議前也呼籲立法院通過行政院版本的方案，這最後仍然通過藍白版本的議案，陳嘉宏先生在法案通過後寫下這麼一段話，他說：「這是一個胡扯、違憲、魚目混珠的立法，立法比不立法更糟！」請繼續往下閱讀...謝金河表示，2400億元的條例通過，如果這個法案對產業發展有利，那麼今天的資本市場一定強烈大漲回應，不過，春江水暖最先知的股市卻大跌回應，雷虎、漢翔、龍德等代表性的個股都跌很重。這顯示，無人載具條例雖通過，但卻內藏重重機關，也讓無人機產業發展備受波折。謝金河分享，這次烏克蘭以無人機對付俄羅斯，把不對稱戰爭的力量發揮到淋漓盡致，也凸顯無人載具在戰爭中的重要性。過去美國發展的是一架上百萬美元的高價無人機，這次烏克蘭用的是2、3萬美元，號稱有去無回的無人載具，除了中國大疆幾乎主導無人載具市場，美國迫切希望台灣能夠快速成為廉價無人載具的生產基地。謝金河提到，過去一年來，AIT的谷立言處長不斷為無人載具的生產製造奔走，並且主動拜會立法院長韓國瑜與台中市長盧秀燕，希望他們可以助力，但是沒有想像中那麼容易。這次的無人載具乍看之下是應美國壓力下通過的，但背後卻有重重的機關算盡，中國的使力不可輕忽。謝金河強調，台灣發展無人機產業，除了國防需求之外，也是產業陷入瓶頸的傳統產業轉型的新契機，尤其是台中市的工具機產業，但是台灣生存最大的敵人使盡全力封鎖這個產業。理論上，像電子五哥產能最具優勢，但卻沒有人敢踏入這個產業，因為對岸睜大眼睛看，而且台灣還有他們的守門員。謝金河指出，在這個重重限制封鎖下，無人載具形成只能做、不能說的產業，像隱身在瑞芳的豐兆企業，還有眾多沒有聽過名字的小公司。這次無人載具條例本來是用國家資源協助產業發展的法案，但背後卻隱藏著很多機關。謝金河直言，市場的眼睛是雪亮的，今天這一跌代表這個產業還有得折騰！這也應驗了他常說的，生活在這個土地上的每一個人，都熱愛自己的國家，只有台灣最奇怪，生活在這塊土地上的人，他們愛別人的國家，而且還拿刀捅自己！這是台灣的最不幸！    ,https://news.ltn.com.tw/news/politics/breakingnews/5556048
10歲女童遭猥褻葉元之稱「沒被性侵」 周軒轟：道德底線在哪裡？,政治,2026/08/29 07:22,立委葉元之。（資料照）國民黨立委葉元之近日在政論節目談論北市10歲女童遭猥褻案時，脫口稱「沒有性侵害」、「怎麼講到那麼嚴重」，引發社會譁然。昨日他又CALL IN到節目聲稱是被斷章取義，遭到主播再度發文打臉。政治工作者周軒直言，話是葉元之自己講的，電視台有紀錄，葉元之不用凹。周軒也列出相關法條並質疑，一個慘絕人寰的悲劇被元之講得如此輕描淡寫，還錯誤引用，做人的道德底線到底在哪裡？周軒在臉書發文指出，葉元之說女童「只是被猥褻，沒有性侵害，不用講那麼嚴重」，這話，葉元之自己講的，電視台有紀錄，葉元之不用凹。請繼續往下閱讀...周軒直言，雖然葉元之講這話實在令人氣到中風，但更深層的危機是。「我們的立法委員居然不懂法律？」周軒說明，依《性侵害犯罪防治法》第2條規定，所謂性侵害犯罪，係指觸犯指觸犯刑法第221條至第227條、第228條、第229條、第332條第二項第二款、第334條第二項第二款、第348條第二項第一款及其特別法之罪。周軒為此也逐一列出相關法條內容，包含：刑法第224條（強制猥褻罪）： 以違反意願之方法，對男女為性交以外之猥褻行為。刑法第225條（乘機性交猥褻罪）： 利用男女精神、身體障礙、心智缺陷或其他相類之情形，不能或不知抗拒而為性交或猥褻。刑法第227條（對未成年人為性交猥褻罪）： 對未滿十四歲、或十四歲以上未滿十六歲之男女為性交或猥褻。刑法第228條（利用權勢性交猥褻罪）： 利用親屬、監護、教養、教育、訓練、救濟、醫療、公務、業務或其他相類關係受自己監督、扶助、照料之人，利用權勢或機會為性交或猥褻。周軒批評，「什麼叫做只有被猥褻？沒有被性侵害？元之你連性侵害犯罪防治法跟中華民國刑法都沒有讀過吧？悲哀呀悲哀」。周軒強調，一個慘絕人寰的悲劇被元之講得如此輕描淡寫，還錯誤引用，誤導視聽，做人的道德底線到底在哪裡？    ,https://news.ltn.com.tw/news/politics/breakingnews/5556049
大秘寶指控被檢方打臉！高虹安、柯文哲挨轟欠林智堅一個道歉,政治,2026/08/29 05:44,圖為高虹安市府2023年7月用怪手開挖棒球場情形。（資料照，記者洪美秀攝）首次上稿 8-28 23:29更新時間 8-29 05:44新竹市立棒球場統包案新竹地檢署偵查終結，前市長林智堅及市府公務員都獲不起訴處分，市議員楊玲宜28日痛批，高虹安和柯文哲欠林智堅與市府公務員一個道歉。請繼續往下閱讀...楊玲宜更批棒球場被高虹安市府封閉4年多，至今無法開打職棒、龍來公司更已解約，附近居民月租停車場更被迫解約，高虹安到底為新竹球迷與市民爭取什麼福祉？只有不斷利用棒球場與林智堅作個人的政治紅利與政治惡鬥。楊玲宜提到，新竹地檢28日晚公布棒球場偵查終結的不起訴書，還給林智堅與市府同仁一個清白。根據新竹地檢不起訴書內容，證實以下3大爭議重點，她說，經檢方認定，新竹市棒球場造價經費並非告發指控12億大秘寶，而是8.2億球場重建經費，另3.9億元為地下停車場興建經費。被高虹安與柯文哲等人政治造謠4年的新竹棒球場，經檢方偵辦後發現，前市長林智堅與市府同仁並未涉及任何不法情事，且經調閱相關影像紀錄，證實未有廢棄物傾倒變賣等情事，甚至球場實際土層厚度高於設計，是為廠商自行增加成本347萬，難以說明有偷工減料之罪。再者高虹安市府若認為工程有瑕疵，應回到履約爭議的精神，雙方協調或提出民事求償。除此之外，林智堅及市府同仁並無涉及貪污、偽造文書、廢棄物法等罪證，因此獲檢方不起訴處分。楊玲宜認為，高虹安與柯文哲4年前高喊新竹大秘寶，如今檢方還林智堅及市府人員清白，證明高虹安只想藉由新竹棒球場收取個人政治紅利並進行政治惡鬥。    ,https://news.ltn.com.tw/news/politics/breakingnews/5556003
不滿光州雙年展台灣正名 中國撤展,政治,2026/08/29 05:30,光州雙年展爭議在多方努力下，基金會決定恢復台灣館名稱，但此舉引發中國不滿，下令藝術家撤展。圖為光州518民主廣場。（中央社資料照）南韓第十六屆光州雙年展九月五日開幕在即，主辦單位日前讓步、恢復「台灣館（Taiwan Pavilion）」名稱後，北京隨即要求中國藝術家撤展。據韓媒MBC報導，原本在光州河正雄美術館進行布展的中國館藝術家與工作人員，應中國駐韓大使館要求，廿八日起開始撤出。前一天，中國駐韓大使戴兵已親赴光州向市長表達不滿，使一場展館名稱爭議正式升高為外交風波。光州市長：政治判斷不應影響藝術領域據韓聯社報導，戴兵廿七日在中國駐光州總領事顧景奇陪同下，前往全南光州統合特別市光州廳舍與市長閔炯培會面，這場會晤原是配合全南光州統合特別市成立、閔炯培就任的禮貌性拜會，但席間觸及台灣館更名問題，戴兵對主辦方接受台灣方面要求、核准使用「台灣館」名稱表達「遺憾與憂慮」，閔炯培則回應，政治判斷不應影響藝術領域。中國駐韓大使館當天發布的新聞稿未提及光州雙年展，僅稱雙方就具體合作領域及「共同關心的問題」交換意見。請繼續往下閱讀...但據韓媒報導，原本在光州河正雄美術館籌備特別館作品展出的中國藝術家及布展工作人員，已經應中國駐韓大使館要求，廿八日起開始撤出，圍繞光州雙年展的外交爭議短期內預料仍將持續。第十六屆光州雙年展，九月五日至十一月十五日於光州各地登場，共有十六個國家館與十一個機構館參與。國立台灣美術館三月即以「Taiwan Pavilion」名義提案，四月二日獲主辦單位來信確認通過申請，四月廿三日完成簽約。爭議起源於光州雙年展基金會六月起片面改以「NTMoFA Pavilion」（國美館英文縮寫）稱呼台灣展館，八月初官方海報正式以此露出，等同在參展名單中抹去「台灣」。我駐釜山辦事處七月初獲悉後即致函抗議，八月十五日，十位受邀策展人與藝術家發表「受審查的台灣館」聯合聲明；台灣館作品連日遭阻無法布展，展出一度瀕臨破局。韓國藝術界大力聲援台灣期間韓國藝術界大舉聲援台灣，光州民族美術人協會會長金花順直言，「在倡導民主主義的光州絕不該發生」。文化部二十五日發出最後通牒，要求主辦單位最遲二十六日公開承諾依約履行；當晚基金會立場轉彎，宣布核准恢復「台灣館」名稱，官方文宣與文件同步更正，台灣館作品二十七日自首爾啟運，運往展場國立亞洲文化殿堂（ACC）。身兼光州雙年展基金會理事長的閔炯培廿六日曾在市府會議中大為光火，強調反對政治、行政力量介入文化藝術領域，並揚言追究相關責任。    ,https://news.ltn.com.tw/news/politics/paper/1768494
公投綁大選 北市選務人員缺口大,政治,2026/08/29 05:30,立法院表決公投案，包含「廢除非核家園」、「鞭刑」及「交通罰鍰專用」等三項公投成案；中選會昨日審議。台北市議員林延鳳昨在台北市議會民政部門質詢問，公投綁大選，北市選務準備好了嗎？民政局長陳永德坦言，如公投確定要投三案，目前還缺六千多名人力，也要向市府局處請求支援。林延鳳表示，今年選舉還有公投，大家擔心重演二〇一八年邊投票邊開票的亂象，當時也還有市長候選人申請驗票，這是相當巨大的社會成本。她調閱資料，二〇二四年招募二．三萬左右，但今年到目前招募還不滿兩萬人，預計是要招募多少？請繼續往下閱讀...陳永德說，如果沒有公投，現在還差五百多人；如果有一到兩個公投，還差四千多人；如果有三個公投的話，還差六千多人，所以下週二市政會議，他也要向市長蔣萬安專案報告，請求各局處支援。林延鳳再問，動線是否已規劃，比如選舉票跟公投票分開領？可以保證下週市政會議後，三個月內補齊人力缺口嗎？陳永德坦言，現在最頭痛的是北市十二區區長。林延鳳說，看區長都在苦笑，應該請蔣萬安跟國民黨的立委溝通，拜託行行好，不要造成地方的選務負擔。    ,https://news.ltn.com.tw/news/politics/paper/1768526
將訪扁馬郝柯 沈伯洋請益市政,政治,2026/08/29 05:30,民進黨台北市長參選人沈伯洋（左）昨至象山公園拜票，支持者提前排隊形成「洋流」。（記者方賓照攝）地方選舉倒數三個月，民進黨台北市長參選人沈伯洋積極走訪基層外，也預計拜訪前總統陳水扁請益市政，並表示不排斥請益馬英九、郝龍斌、柯文哲等跨黨派前任市長。對於不同陣營質疑他過去批評過這些前市長，沈伯洋強調，雖與馬英九在國家意識有很大不同，也批評過柯文哲，但不代表要把他們好的事情丟掉，前朝仍有值得請益之處。沈︰國家認同與市政應分開看沈伯洋昨上午到象山公園拜票，許多支持者提前排隊形成「洋流」等待，沈伯洋也帶來支持者DIY自製的Q版沈伯洋飄帶文宣小物與民眾分享，讓支持者好驚喜；一路上除了有市民們一起討論市政議題外，沈也展現親民一面，與民眾跳舞、打籃球，場面熱鬧溫馨。請繼續往下閱讀...沈伯洋說，象山公園是他常帶小孩來玩的公園，時常也會遇到居民與他探討市政議題如修剪樹木、廁所衛生等，這次收集到很多居民的意見，並和民眾一起運動，讓他再度體認，推廣運動的文化在台北市真的非常重要。沈伯洋過去曾批評馬英九是「統戰中間人」，如今要請益也引發藍營批評；且他投入選戰後，也被發現早在二〇一三年就發文批評柯文哲，被封「第〇代柯黑」。沈伯洋掃完公園後受訪說，他和馬英九在國家認同上有很大不同也多有批評，但馬市府時期有垃圾費隨袋徵收等好的施政，這與國家認同是分開的。他也提到，柯文哲第一屆市長任期，在交通數據、食安追蹤、社宅等，顯然有在推動，為何現在卡住，這是他想請教的；另也想了解政策推動，是否受到內部因素阻礙，好的施政應思考如何延續；又如他曾批評郝龍斌內科計畫，但郝任內推YouBike，他也有相關改革方案想請益。隨後，沈伯洋則到立院出席「代課教師缺額記者會」，並提出解方如提供補助培育處理行政庶務的人員，減輕教師行政工作負擔；設立一區一處家庭教育中心據點，提供家長不當管教界定、處理方式，從源頭減少濫訴現象。    ,https://news.ltn.com.tw/news/politics/paper/1768525
黃玉芬退國民黨擬再戰 彰市長選戰恐變三腳督,政治,2026/08/29 05:30,曾代表藍營角逐彰化市長的前彰化縣議員黃玉芬，昨天由其家人證實已領表退出中國國民黨，積極評估是否以無黨籍身分再次投入彰化市長選戰，為政壇投下強烈變數，讓原先的藍綠對決升級為「三腳督」局面；不過黃玉芬昨晚發表聲明指出，她的姊姊黃玉如也正評估是否參選縣議員，因此這次選舉，她們姊妹只會擇一參選，不會兩人同時出戰。民進黨參選人黃柏瑜強調，無論最後有多少人參選，他都會持續深入基層，讓更多人認識，一步一腳印，努力爭取最後的勝選；國民黨參選人陳文賓則表示予以尊重。國民黨縣黨部主委蕭景田指出，黨部希望她不要退黨，但若仍執意退黨只能尊重。請繼續往下閱讀...黃玉芬表示，她的姊姊黃玉如擁有瑞士、美國管理雙學歷，並累積多年跨國企業經營與管理實務經驗，對政治及地方發展一直有許多想法與抱負；看到姊姊願意回到家鄉、投入服務，她認真思考將自己多年來服務鄉親的理念交由姊姊延續，支持她投入縣議員選舉。至於最後是由她投入市長選舉，或由姊姊參選縣議員，只會擇一參選，不會同時投入兩項選舉。    ,https://news.ltn.com.tw/news/politics/paper/1768556
無人載具條例爭議大 民進黨：強設「太上委員會」恐洩密,政治,2026/08/29 05:30,立法院會三讀通過國民黨團主導的「強化國防自主暨無人載具產業發展條例」，國民黨強調錢更多、彈性更大、採購一項沒少，「卓揆不會做就換人做」。（資料照）國民黨：錢更多、彈性更大、採購沒少 「卓揆不會做就換人做」立法院會三讀通過國民黨團主導的「強化國防自主暨無人載具產業發展條例」，國民黨強調錢更多、彈性更大、採購一項沒少，「卓揆不會做就換人做」。民進黨昨反擊說，藍白實際上根本是一連串的騙局，其設置的戰略委員會侵犯行政權且損害國家安全，牽涉如何確保國防機密等問題，恐讓中國勢力有機可趁、輕易取得機敏資訊。請繼續往下閱讀...陳以信：賴政府得了便宜還賣乖針對總統府、行政院對立法院三讀通過「強化國防自主暨無人載具產業發展條例」接連表達遺憾，批評「不尊重軍事專業」、「限制建軍需求」、「不符國防急迫性」，國民黨文傳會主委陳以信昨嚴正駁斥。他指明，三讀版本不但完整納入行政院要求的三項軍用無人載具採購，更將經費提高至二四〇〇億元，同時保留不足時依實際需求增編的彈性，並進一步建立國內無人載具產業發展機制。他重批「政府拿到更多錢、更大彈性、更完整產業政策，竟敢嫌東嫌西，根本是得了便宜還賣乖」。陳以信質問「特別預算才能因應建軍急迫性」的說法，他指出特別預算是「特別」在可用舉債或之前歲計賸餘來支應，不代表預算編列或執行上，可減少任何法定程序。換言之，改列特別預算並不代表執行程序就會比較快。他痛批總統府與行政院是「內行人說外行話」，蓄意偷換概念愚弄國人。民進黨發言人李坤城反擊說，無人載具的發展應以國防需求為核心，並由最了解實際作戰需求的國防部來主導統籌。在野黨版卻另設「至少半數委員由立院黨團推薦」的「國家無人載具產業發展戰略特別委員會」，不僅疊床架屋，更有立法權擴權介入行政權、委員會凌駕國防專業的嚴重疑慮。鍾佳濱：藍白誆騙無人載具產業對於國民黨立委賴士葆認為，戰略委員會按照政黨比例可發揮監督作用。民進黨立委鍾佳濱則批評，採購、研發與設計攸關國防機敏，一個毫無正當性的「太上委員會」竟可凌駕於行政院、國防部之上，對行政機關指手畫腳、還要上網公開，不就讓中國輕易取得機敏資訊？藍白誆騙無人載具產業，實則是設下「徐春鶯條款」，讓中國勢力有機可趁。鍾佳濱說，藍白看似給了金額更高的年度預算，實則誆騙人民，未來以年度預算採購無人載具，又會遇到藍白在立法院卡預算、刪預算、凍預算，結局就是台灣買不到無人載具，產業拿不到訂單。該條例的機關權責前後不一、漏洞百出，例如業者最需要的測試場域，藍白竟要求經濟部會同交通部設立「軍民共用」的場域，跳過國防部，根本無法快速建置測試場域。    ,https://news.ltn.com.tw/news/politics/paper/1768569
竹北藍白合破局 黃國昌：鄭說話不算話,政治,2026/08/29 05:30,民眾黨主席黃國昌（中）28日出席「信守對竹北的承諾！邱臣遠堅定參選到底」記者會，並向邱臣遠（左）加油打氣。（記者方賓照攝）九合一選舉近期開放領表、下週登記開跑，但國民黨和民眾黨在竹北整合破局。民眾黨主席黃國昌昨表示，雙方原存在「縣長挺徐欣瑩、市長由民眾黨出戰」默契，廿六日與國民黨主席鄭麗文會面，對方卻表明無法處理竹北問題。如果說話不算話、無法履行，就會導致竹北市的合作出現非常大的變化，民眾黨將全力支持徵召的邱臣遠參選到底。鄭：確實存在不同評估鄭麗文則表示，她理解黃國昌的心情，也感謝民眾黨一路以來展現合作誠意。但竹北選情具有高度特殊性，地方經營、民意結構及整體布局，都有必須審慎考量的因素，因此在人選安排上，雙方確實存在不同評估，但這不改變彼此共同努力、追求合作的初衷。請繼續往下閱讀...鄭麗文強調，國民黨與民眾黨攜手贏得二〇二六年底大選、回應人民期待的共同目標從未改變。她始終珍惜並重視與民眾黨建立的合作關係。黃國昌則指出，自去年起，民眾黨與國民黨針對二〇二六地方選舉提出合作共同政見、形成政黨協議及各選區合作。在規劃大新竹選舉時，民眾黨之所以未提出縣長候選人，正是因為雙方長期存在共識與默契：新竹縣長支持國民黨參選人徐欣瑩；竹北市長則由民眾黨徵召人選出戰。針對是否有簽下實質協議？黃國昌坦言，「沒有簽白紙黑字的協議」，但這是長時間、彼此進行大新竹選舉的默契，也有反覆確認。黃說，雙方合作必須建立在互信基礎上，這會導致竹北市的合作出現非常大的變化。柯憂蔓延宜蘭、新北對於藍白合面臨危機，民眾黨創黨主席柯文哲昨直言，藍白合是大戰略，至少要做到誠信，藍白合破局就怕蔓延，今年地方選戰對國民黨蠻不利的，彰化局面已很難挽救，新竹又這樣，接下來恐再蔓延宜蘭、新北，事態嚴重，藍白兩黨主席要儘快善後處理。    ,https://news.ltn.com.tw/news/politics/paper/1768497
政院稱僅8案不副署占3.8％ 國民黨團：違憲0.1％都不行,政治,2026/08/29 05:30,立法院長韓國瑜於週四院會再度開砲，抨擊行政院將不副署武器化；行政院則稱僅涉及破壞憲政秩序的八案卓揆未副署，占三讀法案的三．八％。國民黨團首席副書記長許宇甄昨對此批評，違憲沒有安全劑量，〇．一％都不行。（資料照）立法院長韓國瑜於週四院會再度開砲，抨擊行政院將不副署武器化；行政院則稱僅涉及破壞憲政秩序的八案卓揆未副署，占三讀法案的三．八％。國民黨團首席副書記長許宇甄昨對此批評，違憲沒有安全劑量，〇．一％都不行；國民黨立委李彥秀也說，難道一年三六五天，民進黨也可以選擇性戒嚴兩週（占三．八％），就不算違反民主嗎？范雲：政院為暴衝的立院踩煞車民進黨立委范雲則直言，無法理解，行政院的不副署，為何在韓國瑜口中會變成「武器」，指責踩煞車的受害者？違反三權分立的一直都是立法院，原本行政與立法衝突能靠憲法法庭解決，但憲政機制被立法院癱瘓了，所以行政院只能用憲法賦予的權力，為暴衝的立法院踩煞車。請繼續往下閱讀...范雲並呼籲韓國瑜搞清楚因果關係，不如在立法院組一個中華民國憲法的讀書會，好好地一起來讀憲法，可以找所有的憲政專家、法律學者一起來討論，才是正道。對於韓國瑜的批評，行政院發言人李慧芝指出，卓揆自上任以來已副署二〇一案法律案，只有八案涉及破壞憲政秩序未予副署，僅占立法院此期間內二〇九案三讀法案的三．八％。許宇甄：違憲沒有安全劑量許宇甄對此質疑說，照行政院的邏輯，只要比例低，就能合理化違背制度，那是不是以後行政機關違法一％、侵害人民權利二％、選舉舞弊〇．五％，都可以宣稱「比例極低、極為審慎」？民主政治不是看你破壞多少次才算破壞，憲法更沒有什麼「安全劑量」，憲法不是調和油，不能讓行政院自己決定要摻幾成。李彥秀也表示，「副署權」的憲政設計是讓行政院對抗總統的盾牌，立法院三讀通過的法律，行政院只有「副署」、「覆議」或是「提出釋憲」三個選項，行政院違法違憲就是違法違憲，不會因為只有占三．八％就可以被接受。    ,https://news.ltn.com.tw/news/politics/paper/1768573
三公投案僅放行「廢除非核家園」》藍批民主倒退 白轟沒收公投權,政治,2026/08/29 05:30,中選會昨日舉行委員會審議立法院函請處理的三項公投案，傍晚召開記者會，主委游盈隆（左四）說明審議結果，三案僅通過廢除非核家園案，將在十一月廿八日投票。（記者陳逸寬攝）年底選舉藍白提出三公投案，中選會昨決議「鞭刑」、「交通罰鍰專用」未通過，僅「廢除非核家園」通過。「鞭刑」公投領銜提案人、國民黨立委洪孟楷表示，人民可以贊成，也可以反對，但不能連表達同意或不同意的權利，都被提前剝奪。這項決議正是台灣民主倒退最具體的證明。洪孟楷：中選會「凌駕民意否決機關」對於民眾黨立院黨團提出的「交通罰鍰專用」未通過，民眾黨主席黃國昌表示，採行交通政策將罰鍰專款專用，本來就是重大政策的創制，中選會卻以含糊、抽象且令人聽不懂的理由將其駁回。中選會本應僅處理程序性事項，現在卻凌駕民意，宛如過去的「公投太上皇」。請繼續往下閱讀...洪孟楷昨指出，鞭刑公投由五十二位立法委員共同連署，更經立法院院會正式表決通過，具有高度公共性與民主正當性。中選會卻透過行政審查，直接終結人民表達意見的機會，令人無法接受。他強調，中選會是「辦理公投的主管機關」，不應成為「凌駕民意的否決機關」。國民黨團書記長林沛祥也對中選會表達最強烈的抗議與譴責。中選會可以依法辦理公投、維護選務公平，卻不應把自己變成「民意守門員」，更不能坐在辦公室裡替人民決定：哪些民意值得被聽見、哪些民意連投票箱都不准進去。林沛祥認為，如果民進黨認為鞭刑政策不應調整，那就堂堂正正站出來說服人民投下不同意票；如果有人認為更嚴厲的刑罰無法嚇阻詐騙、性侵、虐童等重大犯罪，也歡迎拿出數據、法律與論述說服社會。民主從來不怕辯論，真正害怕民意的人，才會害怕投票。黃國昌：中選會憑什麼否決 來辯論黃國昌強調，民進黨從不公布三讀通過的法律，到沒收公民投票權，無疑是向社會宣告走向獨裁之路。他要求中選會委員站出來向大眾說清楚講明白，「憑什麼否決？站出來說清楚講明白，我們公開辯論。」黃國昌表示，中選會主委游盈隆曾說「不要提太多公投提案，一個剛剛好，兩個太多，三個受不了」，結果審查出來的結論竟然真的只剩下一個。他質疑，難道游盈隆說了算？可以直接沒收人民憲法保障的公民投票權利嗎？這樣的做法實在太離譜。    ,https://news.ltn.com.tw/news/politics/paper/1768570
庇護工場採購月餅》 何志偉批盧殺人放火再救人／ 鄭照新：證實府有棄單 綠：要硬拗多久,政治,2026/08/29 05:30,遭何志偉痛批殺人放火再救人「盧」成這樣，鄭照新卻稱，他有感謝市長。（記者蘇孟娟攝）台中市長盧秀燕日前控總統府「棄單」弱勢團體庇護工場採購月餅，總統府副祕書長何志偉廿七日受訪斥「殺人的也是你，放火的也是你，出來喊救人的也是你」、「盧」成這樣；台中市副市長鄭照新昨迴避何志偉的批評，卻稱，何志偉訪談中有大方證實有棄單，證實盧秀燕說法沒錯。對此，民進黨台中市議會黨團總召周永鴻及議員陳淑華均斥「剪電線卻問要不要換燈泡」硬拗。何志偉接受媒體訪問時稱直言，棄單原因就是預算被刪掉，明明就有一筆預算支持庇護工場，從馬英九當總統時期一路到現在，若沒有被刪掉這一筆國務機要費，就不需要今天「盧」成這個樣子；他更痛批，「殺人的也是你，放火的也是你，出來喊救人的也是你，為什麼要這樣子」。請繼續往下閱讀...鄭照新昨回應何志偉這段採訪，但迴避何志偉批評，只稱何志偉「大方證實了總統府確實有棄單」，證實了盧秀燕的說法其實並沒有錯誤。「國民黨把預算放行就好了」周永鴻跟陳淑華均痛斥，台中市府一再把問題說成中央不願意幫忙，「自己剪斷電線，卻跑來問需不需要換燈泡」，國民黨若真要幫庇護工場，把凍住的預算放行就好了，還要硬拗多久。    ,https://news.ltn.com.tw/news/politics/paper/1768496
沈伯洋︰北市綠覆率低 樹蔭應「3—30—300」,政治,2026/08/29 05:30,民進黨籍台北市長參選人沈伯洋日前提出「都市微森林」政策，提到台北市整體綠覆率僅十八％、六都倒數第二。台北市長蔣萬安昨表示，過去兩年新增超過一．三萬棵樹，到明年底，市區會再新增三五五五棵，讓台北的綠色基盤更完整。沈伯洋則強調，樹蔭應該平均在城市裡，以「三—三〇—三〇〇」（從工作或家裡看出去至少三棵樹、市區綠覆率到三〇％、從家裡出發三〇〇公尺內有綠蔭的公園）為目標，達到處處有樹蔭。蔣︰2年增逾1.3萬棵樹 明年底再增3555棵請繼續往下閱讀...蔣萬安昨到市議會進行多項市政議題報告，在「打造韌性台北」部份，強調體感降溫減碳、建築能效降碳、綠覆調適固碳。綠覆部分強調要把道路、公園、行道樹、河堤等空間放進同一套城市綠化思維裡。過去談綠化重視植栽數量，現在更在乎能不能形成遮蔭，降低熱感，所以會推動增加喬木、綠廊到立體綠化。蔣萬安表示，綠化是市府堅持的方向，樹木只增不減，更要串聯起來形成完整的城市綠廊。過去兩年新增逾一．三萬棵樹，不只在公園，也往道路、社區及公共空間延伸，預計到明年底，市區會再新增三五五五棵，也鼓勵屋頂、陽台、建築立面，以及連續遮簷的綠化。沈伯洋的「都市微森林」政見，受到日本知名藝術家奈良美智關注並轉發，稱對「樹蔭公平」感到新鮮。沈伯洋昨說明，樹蔭應該平均在城市裡面，要達到「處處有樹蔭」，必須做到「三—三〇—三〇〇」，這不只國人關心，國外觀光客、國際城市也會關心，他很高興受到奈良美智的關注，能在選舉中討論市政，是一件很幸福的事情，也希望能幫助到台北市民。    ,https://news.ltn.com.tw/news/politics/paper/1768524
無人載具條例爭議大》設置「特別委員會」 學者：侵犯行政權、傷害國安,政治,2026/08/29 05:30,立法院三讀通過國民黨團所主導的「強化國防自主暨無人載具產業發展條例」，明定設置戰略特別委員會，並得由各黨團推薦專家參與、審查報告須上網公開。學者受訪直言，此舉已侵犯行政權，形同以監督預算為藉口，取得實質的行政調查權。圖為國軍官兵操作監偵型無人機。（資料照，記者方瑋立攝）立法院近日三讀通過國民黨團所主導的「強化國防自主暨無人載具產業發展條例」，明定設置戰略特別委員會，並得由各黨團推薦專家參與、審查報告須上網公開；經費改為每年原則四〇〇億元、分六年編列，主管機關為經濟部。學者受訪直言，此舉已侵犯行政權，形同以監督預算為藉口，取得實質的行政調查權，且與國防急迫需求完全脫節，整體立法荒腔走板、傷害國安，非國家之福。郭育仁：藉口監督預算 變相取得調查權國策研究院副院長、中山大學亞太所所長郭育仁昨指出，我國憲政設計為雙首長制、偏向總統制，仍屬五權分立，國會監督應以預算權為主；在預算中通過這類條件，基本上已不符憲法權力分立原則。他直言，設立特別委員會並可由黨團推派人士成為委員，等於變相取得調查權，而立法院並無嚴密的保密規定，不只立委本人，助理與辦公室行政人員都會接觸具機密性、甚至涉密的資訊，我國卻沒有任何一部法律規範他們負保密義務，等於門戶洞開；用預算權導致實質調查權還要公開，凸顯此項立法的荒謬。請繼續往下閱讀...郭育仁說，行政院版之所以採特別預算、特別條例，是因為有急迫需求，二一〇〇億元的採購項目針對三種無人機機型，尤其濱海攻擊型無人機編列逾二十萬架，代表已經過評估；美國軍方與智庫都提出非常類似的評估報告，美方甚至評估台灣至少需庫存四〇至五〇萬架。他強調，在野黨當然可以提對案，但對案的立法目的應與原案一致，是用更好或更省錢的方法達成同一目標，如今國民黨版目的完全不同，形同自創新案、自己通過預算，又要求行政院執行，荒腔走板；立法院通過此版本，形同視國家安全如無物。何澄輝：報告上網 等於揭露戰備狀況台灣安保協會副秘書長何澄輝則批評，限制所謂戰略特別委員會等於把戰略決策搞成公民審議；原本政院版提案意旨本質是國防預算，國防預算須經外部委員會審查難見前例，完全是疊床架屋、權責不明的機構，甚至有侵犯總統「統帥權」之嫌。政黨本身不具專業，如何推薦專業？何澄輝也指出，無人機雖屬軍民兩用，仍具機密性，報告若上網公告，形同逼迫官方公布完整的供應鏈名單，遭受敵對勢力可能的報復與制裁，將使非紅供應鏈更難建立，也等於揭露我方戰備狀況。他直言，涉及機敏的軍用項目終究會回到國防部，不會走這部條例，在野黨主導通過的四〇〇億元年度預算是假的、空的，用來哄騙人民，以匡列方式要求政府切割預算，形成各部會間的排擠效應，錢卡著無法執行、每年繳回國庫，甚至企圖逼迫國防部要跟經濟部搶錢才能建軍備戰。    ,https://news.ltn.com.tw/news/politics/paper/1768572
新聞分析》國會擴權武器化,政治,2026/08/29 05:30,立法院本會期藍白議事亂象記者陳政宇／特稿立法院史上最長會期在刀光劍影中落幕。韓國瑜批評行政院把「不副署」武器化；行政院反擊，副署權是守護憲政秩序的「盾牌」。但若只盯著這面被動防禦的盾，便會漏掉更前面的問題，掌握國會多數的藍白在這個史上最長會期，是如何將立法、公投與人事同意權，組成一套直指行政權與其他憲政機關的「武器庫」？這套武器的第一環，是把立法權往行政權限侵蝕。從推動助理費除罪化、為救國團及婦聯會解套，到兒少未來帳戶引發的預算編列、權力分立、比例原則與租稅法律爭議；而壓軸通過的無人載具特別條例，不僅明訂六年投入二千四百億元，侵害行政院的預算編列主導權，更強制要求行政院設置戰略特別委員會，形同在既有機制之上另立「太上委員會」。請繼續往下閱讀...第二環是藍白手握國會多數，卻將爭議政策推向公投，轉嫁政治責任與行政成本。立法院通過鞭刑、廢除非核家園及交通罰鍰專用等三個公投提案；其中，鞭刑案昨被中選會七名委員一致認定具有「立法原則創制」性質，不屬立法院可直接交付的重大政策公投，連藍白自己推薦的委員都不相挺；交通罰鍰案同樣被判定不符合重大政策創制或複決要件。鞭刑與交通罰鍰本屬立法院可自行修法的範疇，九月新會期開議後，藍白是否積極推動具體修法，即可進一步驗證，是否願意自己落實並承擔後果？第三環，則是透過人事同意權直接癱瘓其他機關。NCC因委員懸缺而陷入停擺，立法院針對行政院所提名單至今僅完成公聽會；中選會委員亦遭選擇性否決，導致員額持續低於法定下限。國會基於職責固然有權嚴格審查、否決不適任人選，但當否決累積至機關失能並衝擊民生權益時，國會多數就不能只拿「監督制衡」當成免責的說辭。當立法權侵犯其他憲政機關權限，國會多數將自身的立法責任推給公投，再以人事審查影響中央政府運作，三套權力環環相扣。韓國瑜若要追究行政院掏出的不副署「盾牌」，那麼國會多數在整個會期打造的「武器庫」，同樣應該攤在陽光下逐件檢查。    ,https://news.ltn.com.tw/news/politics/paper/1768574
竹北藍白合破局》 朝野黨派各路人馬參戰 成指標熱區,政治,2026/08/29 05:30,國民黨新竹縣竹北市長參選人吳旭智。（記者廖雪茹攝）新竹縣竹北市長選舉，國民黨參選人吳旭智前天率先領表，民眾黨昨召開記者會強調邱臣遠志在必得，不僅竹北市長選舉「藍白合」已瀕臨破局，日前更有前民眾黨中配立委李貞秀宣布加入戰局，連同昨天領表的民進黨參選人曾聖凱，年底朝野黨派各路人馬將在竹北市展開激戰。民眾黨主席黃國昌和參選人邱臣遠都明確說出，藍、白當初的協議「縣長換竹北市長」，意即民眾黨在新竹縣長選戰支持國民黨籍的參選人徐欣瑩，換取藍營在竹北市長一役要投桃報李、支持民眾黨的邱臣遠。雖然兩黨主席鄭麗文、黃國昌曾就竹北市的藍白合佈局進行私下溝通，但缺乏白紙黑字的明確約定，如今就變成了「藍白合作、各自表述」。請繼續往下閱讀...國民黨新竹縣黨部五月八日即對外公告，竹北市為「藍白合」共推候選人選區，由兩黨先各自完成黨內提名，最後透過黨中央協調出人選。因此，民眾黨五月廿日宣布徵召新竹市前副市長邱臣遠參選竹北市長後，國民黨新竹縣黨部仍持續推進黨內初選，最後由吳旭智在內參民調勝出，獲徵召提名參選竹北市長。地方人士認為，竹北是人口高度成長、選民結構多元的城市，若最後形成藍白分裂，有可能讓曾聖凱取得突圍機會。值得注意的是，李貞秀日前已宣布參選竹北市長，無黨籍的前竹北市長何淦銘也評估回鍋參選，使選局再添變數。截至目前，至少已有吳旭智、邱臣遠、曾聖凱及李貞秀等人投入，讓竹北成為今年地方選舉備受矚目的指標戰區之一。地方人士分析，竹北市藍白合破局原因，是雙方都認為自己手上握有「不能退讓的正當性」。國民黨在新竹縣執政廿四年，擁有強大的基層實力，竹北市又是竹縣的重中之重，且吳旭智是黨內初選程序產生；對於黨中央「私授」禮讓民眾黨，地方基層有強烈反彈。民眾黨則認為竹北是藍白協商的一環。且二〇二四年總統大選，柯文哲在新竹縣、竹北市都獲得逾三成五選票的高支持度，具有堅實的基本盤，因此急需在新竹地區延續政黨版圖與影響力，這也是民眾黨昨在記者會重砲抨擊「藍營失信」的原因。    ,https://news.ltn.com.tw/news/politics/paper/1768498
謠言終結站》 國民黨在洛杉磯宴會放中共國歌？ 與國民黨無關！,政治,2026/08/29 05:30,謠言終結站》網傳內容：社群平台流傳影片，稱國民黨在洛杉磯舉辦宴會，卻播放中共國歌。查證結果：台灣事實查核中心指出，影片為8月22日在洛杉磯舉辦的「孫中山先生誕辰160週年大會」，主辦單位是洛城中山聯誼會與美國飛虎隊研究院，並非國民黨。參與者以中國僑團、華人社團為主，還有中國領館代表致詞。請繼續往下閱讀...國民黨24日曾發新聞稿，指該活動與國民黨駐美單位無關，也沒有任何國民黨幹部參加。    ,https://news.ltn.com.tw/news/politics/paper/1768500
三公投案僅放行「廢除非核家園」 民進黨團：尊重中選會審議決定,政治,2026/08/29 05:30,藍白推動的三項公投案，「交通罰鍰專用」、「鞭刑」昨遭中選會否決，僅「廢除非核家園」在年底併入大選投票。圖為中選會主委游盈隆說明審議決果。（記者陳逸寬攝）莊瑞雄：中選會若照單全收 就不是審議藍白推動的三項公投案，「交通罰鍰專用」、「鞭刑」昨遭中選會否決，僅「廢除非核家園」在年底併入大選投票，引發藍白立委批評。民進黨團幹事長莊瑞雄則表示，尊重中選會依照「公投法」做出審議決定。國民黨批評這是「沒收民主」，但三項公投案，同一個中選會、同一套「公投法」，「廢除非核家園」通過，另外兩案沒通過，難道自己的案子通過叫人民作主，沒通過就叫沒收民主？莊瑞雄並指出，公投是人民珍貴的直接民權，但也有法律規範和法定程序。如果立法院送出的公投案，中選會就只能照單全收，那就不叫審議，只是蓋章。請繼續往下閱讀...莊瑞雄也說，民進黨團早就指出，修法就能解決的，何必大費周章推動公投？「交通罰鍰專用」就是最好的例子，罰鍰用途如果要調整，立法院透過修法就能處理。立法院自己能做的功課，不要把作業丟給二三〇〇萬人民。    ,https://news.ltn.com.tw/news/politics/paper/1768571
協助庇護工場禮盒》邀蔣捐20萬未獲具體回應 秦慧珠失望,政治,2026/08/29 05:30,台北市議員秦慧珠昨邀台北市長蔣萬安各捐20萬元買庇護工廠禮盒，未獲蔣具體回應。（記者田裕華攝）總統府國務機要費遭國民黨立委翁曉玲刪凍，導致要向卅七家庇護工場採買的一．五萬盒中秋節禮盒喊卡。台北市議員秦慧珠昨邀台北市長蔣萬安一起捐款、集資，把受影響的禮盒全買下來。但蔣萬安僅三番兩次有條件的回應說，要先了解實際受影響狀況，雖沒有拒絕捐款，態度讓秦慧珠一度表示「非常的失望」。沈自掏十萬挺育成蕃薯藤餐廳相較於蔣萬安的態度，民進黨台北市長參選人沈伯洋昨天下午親自造訪位於台北市的庇護工場「育成社福基金會-育成蕃薯藤餐廳」，並自掏腰包十萬元力挺，還貼心地要他們中秋後再慢慢出貨就好。育成蕃薯藤餐廳表示，這十萬元的訂單不只是一個數字，更是肯定庇護工場、讓他們持續前進的動力。請繼續往下閱讀...蔣萬安昨到市議會進行市政專案報告，秦慧珠對受國務機要費被刪、凍影響的庇護工場中秋節禮盒，邀請蔣萬安與她各自捐款廿萬元，再向市民、公會、廠商集資，一起來解決問題。但希望總統府先公開說明一．五萬盒的總預算是多少？標案是卅七家一起還是個別下單？詢問蔣萬安贊不贊成？蔣萬安表示，希望總統府能說明實際棄單的金額；北市有四十家庇護工廠、五百名就業員工，市府過去三年平均每年採購都超過五千萬元...。但秦慧珠打斷蔣發言，追問「是否捐款廿萬？」蔣萬安則說，要了解實際受影響的狀況，如果更多，願意支持更多力道，各種狀況都願意支持。秦慧珠質問「所以我的建議你不採納」、「我今天非常的失望，我提這麼好的方案，市長公然拒絕？」蔣萬安澄清說「我沒有拒絕，是說包括這種方式在內，都會給予這次受影響的庇護工場全力支持」。秦再逼問，「所以包括你要捐廿萬？」蔣萬安才鬆口「當然包括」，但仍不斷強調「要先了解受影響的部分，會用包括這樣的方式支持」。    ,https://news.ltn.com.tw/news/politics/paper/1768495
藍白公投案 中選會否決兩案 廢除非核家園公投要8億 併大選投票,政治,2026/08/29 05:30,中選會昨審查藍白3公投案，否決「鞭刑」、「交通罰鍰專用」兩案，僅「廢除非核家園」在年底併入大選投票。（記者陳逸寬攝）中選會昨公布公投案審查結果，決議「鞭刑」、「交通罰鍰專用」不符「公投法」第二條第二項第三款「重大政策之創制或複決」規定，僅「廢除非核家園」會在年底併入大選投票。中選會主委游盈隆表示，一案預計花費八億多元，開票完成時間粗估是晚上十一點四十分，他有百分之百的信心辦好年底選舉。鞭刑、交通罰鍰專用 沒過關游盈隆：百分之百可辦好選舉為衝刺年底選情，國民黨團擬具「鞭刑」、「廢除非核家園」公投案，民眾黨團則強推「道路罰鍰專用」公投，八月十四日於立法院通過提案。中選會昨舉行例行委員會，針對三案進行審查，歷經近三個小時的討論。請繼續往下閱讀...游盈隆表示，「鞭刑公投」經委員會討論，決議不符「公投法」規定，理由是現行法律之刑罰種類，尚無鞭刑或類似鞭刑的制度，且「公民與政治權利國際公約」第七條規定，任何人不得施以酷刑，或予以殘忍、不人道或侮辱之處遇或懲罰，也違反「兩公約施行法」，因此中選會八名委員，除了他當主持人沒投票外，七人全數同意「鞭刑」不符合重大政策的創制或複決。「交通罰鍰專用」公投部分，游盈隆表示，經三次表決，比數皆為四比三，據會議規則，表決到第三次時，不需要絕對過半數，得以多數決來決定，因此決議「交通罰鍰專用」不符「公投法」。至於「廢除非核家園」公投，游盈隆指出，這項公投案同樣以表決做決定，七位委員除陳月端棄權，其餘六位委員均同意符合規定，因此中選會委員會議決議，「廢除非核家園」公投符合「公投法」第二條第二項第三款重大政策之創制或複決的規定。    ,https://news.ltn.com.tw/news/politics/paper/1768472
高金素梅案 特助、胞弟前妻認罪,政治,2026/08/29 05:30,高金建華昨日出庭。（記者翁靖祐攝）無黨籍立委高金素梅涉嫌與助理張俊傑共謀詐領助理費等共七百八十七萬餘元，並違法輸入醫療快篩，張俊傑另涉以「台灣原住民多族群文化交流協會」向國營事業浮報詐領補助款，分別被台北地檢署起訴。台北地院昨開庭，傳喚高金素梅胞弟高金建華的前妻劉沛穎及高金素梅特助高智偉，兩人均坦承犯行盼能緩刑。劉沛穎、高智偉均坦承犯行，並表示希望可以支付一定金額給公庫作為緩刑條件。與先前認罪的高金素梅辦公室主任利春仁所涉醫療器材管理法不同的是，劉沛穎、高智偉所涉及犯罪區塊含詐領助理費，涉犯罪行是貪污治罪條例的部分，刑度高出許多。請繼續往下閱讀...北院昨並傳喚高金素梅的前公費助理、現任蘭嶼鄉代表呂俠及另名前公費助理露子吉尤、高金素梅的胞姊高金秋燕及胞弟高金建華，四人對於涉犯貪污罪的部分皆否認犯行。高金秋燕表示，自己沒有負責助理遴選也不負責申報助理費，更沒有經手申報程序，所以沒有犯意及行為分擔。至於起訴書所載的不明金流，高金秋燕說，因為高金建華女兒身體不好須看病，因此手足之間說好，由高金素梅每月資助十二萬元，高金秋燕每月資助五萬元給高金建華，剩餘的錢當教育基金，而該帳戶由她保管。高金建華雖否認貪污，但對偽造文書部分則坦承犯行。高金建華說，他利用前妻劉沛穎的名義領取助理薪資，但他確實有執行助理的工作業務，所以這些錢是他理應獲取的薪資報酬。    ,https://news.ltn.com.tw/news/politics/paper/1768499
北市10歲女童遭性傷害 蔡英文呼籲：應重新檢查社會安全網,政治,2026/08/29 00:02,前總統蔡英文。（資料照）台北市近日傳出一名10歲女童長期遭母親的性交易對象猥褻，案發通報後長達240天未被安置，直到媒體曝光，社會局才緊急安置。對此，前總統蔡英文表示，她不希望簡化第一線工作者的努力，更不希望孩子的遭遇只剩下政治上的相互指責。她說，我們應該重新檢查社會安全網，因為我們要接住的，不只是孩子的人身安全，也包括對大人、對制度，甚至對這個世界最基本的信任。蔡英文在臉書發文表示，這幾天她看到女童遭性傷害的新聞心裡很難過，讓她在意的是，在這個事件裡女童其實曾經一次又一次向身邊的大人求救，最後一個才10歲的孩子，甚至學會了「翻供」這個太早就出現在她生命裡的詞。請繼續往下閱讀...蔡英文指出，兒少保護是一個很辛苦，也很需要專業的工作，這些年，她們持續在政策上強調社政、教育、警政、司法和醫療彼此合作，就是希望更早發現風險，在傷害發生前或孩子第一次求救時，就能有人接住他們。但是，再完整的制度，都需要人來執行；再綿密的安全網，也需要每一個織網的人，用專業、經驗，以及對孩子的理解，做出最適當的判斷。蔡英文再指，對一個10歲的孩子來說，她不會知道哪個單位負責什麼，也不會理解風險評估、安置程序和行政分工，她所認識的制度，就是她眼前的一個個大人，老師、社工、警察，以及每一個他鼓起勇氣伸手求助的人。蔡英文表示，這起事件還有許多細節需要釐清，在資訊尚未完整前，她不希望簡化任何第一線工作者的努力，更不希望一個孩子的遭遇，最後只剩下政治上的相互指責。她說，不急著指責不代表我們不需要檢討，因為我們要接住的，不只是孩子的人身安全，也包括對大人、對制度，甚至對這個世界最基本的信任。蔡英文表示，每一個沒有被及時接住的孩子，都值得我們回頭檢查這張安全網，包括風險評估是不是足夠以孩子為中心？孩子自己的意願，在安置與保護的決定中，有沒有被充分聽見？第一線工作者有沒有足夠的人力、專業支持和制度空間，做出真正符合孩子最佳利益的決定？不同系統之間，還有哪些地方需要補強？她認為，制度不會因為建立了，就永遠完整，它需要一代又一代的人持續維護，也需要我們從每一次遺憾中找出問題、把漏洞補起來。這個孩子已經向大人求救很多次了，應該輪到我們這些大人，用行動告訴她，也告訴每一個正在等待被接住的孩子：這個社會，值得你再相信一次。    ,https://news.ltn.com.tw/news/politics/breakingnews/5556009
新竹棒球場案林智堅不起訴  議員籲回到工程專業「別再政治攻防」,政治,2026/08/28 23:06,新竹棒球場案前市長林智堅等公務員獲不起訴處分。圖為市府官員與體檢會日前視察棒球場改善工程情形。（取自市府官網）新竹地檢署針對新竹棒球場案偵查終結，包括前市長林智堅等多名公務員都未涉貪污治罪條例的圖利罪及廢棄物清理法、詐欺等罪，且都獲檢方不起訴處分。新竹市議員劉崇顯表示，檢方經通訊監察、金流比對、搜索及帳務分析後，對林智堅前市長及相關人員所涉圖利、詐欺、非法掩埋廢棄物等重大刑事指控作出不起訴處分，這是司法調查的結果應予尊重。他認為，這份不起訴書有許多工程細節值得理性檢視。例如外野開挖發現的未符規範石塊約36.245立方公尺，僅占拆除工程產出B5類土石方約0.75%；其他不合格掩埋物約9至10立方公尺。檢方因此認定，現有證據不足以證明廠商是為節省清運費而故意非法掩埋。草皮植床部分，實際以砂、黃土施作雖與原需求書不符，但施工自主檢查表已有註記「變更、與統需書不符」，且實際土層厚度高於設計標準、增加成本約347萬元，檢方因此難認定存在藉偷工減料獲利的犯意。請繼續往下閱讀...不過，劉崇顯說，工程有缺失，不等於刑事上有犯罪；但刑事不起訴，也不代表工程品質與管理沒有問題。不起訴書同樣明確認定工程存在諸多瑕疵，更有4名施工、監造人員因將尚未施作工項預先登載於施工日誌，以及監造日報、抽查紀錄不實等問題遭緩起訴。而施工日誌、材料查驗、監造紀錄與抽查紀錄，都是公共工程品質管理及責任追溯的重要依據，紀錄失真本身就是嚴重的工程管理警訊。他指出，新竹棒球場不該再只是藍綠政治攻防，沒有證據的刑事指控應該停止，已確認的工程缺失則應務實改善與修正。呼籲市府回到工程專業，按部就班改善球場，讓職棒早日重返新竹。    ,https://news.ltn.com.tw/news/politics/breakingnews/5555997
50年後總人口數恐腰斬  行政院啟動「對策新戰略」提升韌性,政治,2026/08/28 22:23,國發會今（28）日公布最新2026年至2075年人口推估結果，預計50年（2075年）後，總人口數較2026年大減48%，僅剩1215萬人。（資料照）國發會今（28）日公布最新2026年至2075年人口推估結果，預計50年（2075年）後，總人口數較2026年大減48%，僅剩1215萬人；今年新生兒出生數也恐跌破10萬人大關，中推估值為9.4萬人。對此，行政院表示，政府已啟動國家發展戰略層次的台灣人口對策新戰略，除「家庭支持篇」外，後續也將規劃「銀髮世代篇」、「全齡育才篇」及「全球攬才篇」，藉以提升因應人口變遷韌性。行政院發言人李慧芝說，賴總統於今年5月27日召開國安高層會議，聽取行政院報告，並啟動「台灣人口對策新戰略—家庭支持篇」，將人口與家庭政策提升至國家發展戰略層次，從國家永續、世代發展及家庭需求出發，系統性建構支持婚育與兒少成長的政策體系。請繼續往下閱讀...李慧芝指出，面對少子女化、高齡化等人口結構變化，政府的責任不僅是提高生育補助，更要降低家庭在生養、托育、教育、就業及居住等面向所承擔的成本與風險。「家庭支持篇」以「加補助、減負擔、多彈性、增照顧」四大策略為主軸，從「安心生養、強化托育、教育加碼、友善職場、居住減壓」五大面向提出18項措施，將政策思維從過去以單一補助為主，進一步轉向政府、家庭與社會共同承擔的「公共支持式育兒」。李慧芝說明，其中，「0至18歲成長津貼」是建立兒少長期成長保障的重要政策。兒少每人每月5000元的相關經費，已編列於明年度中央政府總預算，預計自明年起，符合資格的兒少即可依規定領取；搭配「弱勢兒少發展帳戶」，讓每名兒少從0歲至18歲至少累積108萬元，並由政府以1：1方式協助弱勢家庭對存，透過制度化、長期性的資源投入，降低家庭育兒負擔，也讓國家對下一代的投資更加普及且公平。在支持青年成家與育兒方面，李慧芝表示，政府也同步強化工作與家庭平衡，包括推動「育兒留停6+3」，讓雙親各自請滿6個月育兒留職停薪津貼後，可再各增加3個月；並規劃將婚假延長至14天、產假由8週延長至12週，陪產檢及陪產假由7天增加至14天，讓家庭在婚育及子女照顧的重要階段，都能獲得更充分的時間與制度支持。相關法制配套，包括「性別平等工作法」、「就業保險法」等修法案，行政院亦已送請立法院審議。李慧芝強調，為確保人口戰略能夠跨部會、跨政策領域持續推進，行政院已成立「人口對策新戰略執行小組」，由院長卓榮泰擔任召集人，定期追蹤各項措施執行進度。李慧芝指出，人口政策是攸關國家長期發展的基礎工程。「家庭支持篇」是人口新戰略的重要起點，未來政府將陸續規劃「銀髮世代篇」、「全齡育才篇」及「全球攬才篇」，從家庭、生養、人才培育、高齡支持到國際攬才，建構涵蓋全齡、全生命週期的人口政策，並以人口與人才的長期投資，提升台灣面對人口變遷的韌性。    ,https://news.ltn.com.tw/news/politics/breakingnews/5555975
出席李倩萍親子活動 蘇巧慧重申兒童照顧政見,政治,2026/08/28 21:48,民進黨立委、新北市長參選人蘇巧慧今（28）日出席市議員李倩萍主辦的親子活動。（蘇巧慧競辦提供）民進黨立委、新北市長參選人蘇巧慧今（28）日出席市議員李倩萍主辦的親子活動。蘇巧慧說，在不同的親子活動當中，都有許多孩子認出她是「水獺媽媽」，代表她長期透過說故事、舉辦親子活動，已逐漸成為許多親子家庭的好夥伴；她已提出兒童照顧政見，承諾未來將落實0到6歲孩童看醫生免門診和住院部分負擔，6歲以下幼兒免費接種腸病毒、輪狀病毒疫苗，以及設置夜間托育和成立臨時托育查詢平台，盼做父母最強的後盾。蘇巧慧指出，她經營「水獺媽媽巧巧話」Podcast頻道6年多，共錄製360多集故事，希望能做所有爸爸媽媽的後盾，今年暑假更是舉辦「水獺媽媽樂園」實體活動，期望以遊戲式的教學，讓孩子們學習知識、認識自己所居住的新北市，暑假期間總共舉辦7場活動。請繼續往下閱讀...蘇巧慧也推薦李倩萍，她說，李倩萍有留美教育碩士的專業背景，更具備豐富議會經驗，長期為孩子爭取教育資源，也積極推動三重、蘆洲特色公園改造及人行空間改善，未來期盼能與李倩萍攜手合作，持續打造更完善的教育環境。針對三重，蘇巧慧表示，她將與李倩萍共同推動「三重2.0」，除了緊盯新北第二行政中心及新北市立圖書館第二總館進度，也將推動銀新未來城、三重聯醫第三醫療大樓等重大建設；針對蘆洲，她將加速推動蘆南蘆北重劃區、興建蘆社大橋，並緊盯捷運環狀線北環段工程進度。民進黨立委、新北市長參選人蘇巧慧今（28）日出席市議員李倩萍舉辦的親子活動。（蘇巧慧競辦提供）    ,https://news.ltn.com.tw/news/politics/breakingnews/5555943
離島生病最怕等！陳振中提「澎湖醫療政見」 補起危急時刻救命網,政治,2026/08/28 21:34,國民黨澎湖縣長參選人陳振中，提出澎湖醫療政見。（陳振中提供）針對澎湖醫療問題，國民黨澎湖縣長參選人陳振中認為，醫療是最優先，也是基本的責任，對離島來說，醫療最怕的，就是「等」，等不到醫師、等不到門診，緊急時刻，還得等待後送，當生命正在倒數，每多1分鐘，都可能錯過最寶貴的救援時間。陳振中表示，提升澎湖醫療救護，要同時做好2件事：平時，要充實醫療量能；緊急時刻，更要補強救援機制。未來將提升醫療量能編列預算，增聘專科醫師駐診，增加週末、假日及夜間門診，讓鄉親需要就醫時，找得到醫師、看得到診。請繼續往下閱讀...簡化緊急後送流程檢討直升機後送程序與等待時間，讓需要後送的病患，更快獲得救援；建立醫療後送駐地船機制，直升機無法執勤時，立即啟動備援船舶，減輕海巡壓力，並強化七美、望安等離島駐地救援量能，縮短調派時間；建立備援航空器機制，主要航空器故障、維修或無法執勤時，備援航空救援力量立即銜接，讓離島救命不是只有1個選項，隨時都能應變支援。另外，也要爭取醫學中心增設屋頂停機坪，縮短後送病患抵台後的轉送時間，實現「降落即進入醫療救治」無縫銜接；醫療資源的差距，不該成為離島居民必須承擔的風險。陳振中認為要做的，是顧好平時的醫療品質，也能補起危急時刻的救命網。    ,https://news.ltn.com.tw/news/politics/breakingnews/5555903
出席義警楷模金勤獎  侯友宜憶當年並肩往事挺李四川,政治,2026/08/28 21:21,新北市長侯友宜、國民黨新北市長參選人李四川今（28）日出席新北市金勤獎義警楷模頒獎典禮。（李四川競辦提供）新北市長侯友宜、國民黨新北市長參選人李四川今（28）日出席新北市金勤獎義警楷模頒獎典禮，侯友宜席間致詞時表示，前新北市長朱立倫任內，他和李四川合作以「第三方警政」方式查辦多間按摩院、賭博性電玩等案例，「警察需要團隊，就像我當年需要李副市長在公共安全上給我們強力支持」，請選民支持努力做事的人繼續為新北奉獻。李四川則說，年底他要接起侯友宜這一棒，請大家支持他接棒為新北治安打拚。侯友宜致詞時特地點名李四川，他說，李四川多年前就在新北市與大家打拚；在朱立倫市長任內，他認為面對違法的色情、賭博業等查緝，需要「第三方警政」協力，由警察來抓，後面公安小組、違章建築拆除大隊等單位接力，透過斷水斷電等強力手段掃蕩，杜絕違法業者繼續營業，績效好到帶動全國也開始效法，警察需要團隊，「就像我當年需要李副市長在公共安全上給我們強力支持」。請繼續往下閱讀...侯友宜說，正因有第三方警政，才有如今穩定的新北治安；守護治安不分你我，如今還有韌性城市防衛等挑戰，保衛中華民國、保衛台灣是大家的責任，希望大家持續努力守護台灣、新北，也找個努力做事的人持續為新北奉獻。李四川指出，沒有治安，就無法讓市民安居樂業，侯友宜經常告訴他，警察可以抓人，但不能斷根，最好是斷水斷電、違建拆除，他也曾把這個政策帶到高雄去執行；警方、市府團隊要一起為治安努力，年底他要接下侯友宜這一棒，但這一棒相當地重，請大家支持他接棒打拚。侯友宜請選民支持努力做事的人繼續為新北奉獻；李四川則說，年底他要接起侯友宜這一棒，請大家支持他為新北治安打拚。（李四川競辦提供）    ,https://news.ltn.com.tw/news/politics/breakingnews/5555916
心虛？翁曉玲砍到公益月餅預算 她爆藍群組「完全不敢提」,政治,2026/08/28 20:56,國民黨立委翁曉玲提案凍刪總統府國務機要費，衝擊全國37家庇護工場。（資料照）國民黨立委翁曉玲提案刪凍國務機要費3000萬，衝擊全國37家庇護工場訂單，最近幾日引發輿論強烈抨擊，甚至連部分藍營人士都有微詞。資深媒體人陳敏鳳爆料，現在在藍營的群組中，都不敢提這件事。陳敏鳳日前在政論節目中指出，她身在許多藍、綠群組中，「即使在藍的群組裡面，都不敢提這件事」。陳敏鳳說，她從頭滑到尾，群組裡面都在罵台南水災、罵行政院長卓榮泰，從頭滑到尾沒人提翁曉玲這件事。請繼續往下閱讀...陳敏鳳說，通常在藍群組中，若認為這預算刪得好，大家就會大加稱讚，但現在群組完全不敢提到這件事情任何一個字。陳敏鳳認為，這就是一種心虛，所以現在很多人急忙去補救，台中市長盧秀燕接公益月餅訂單，就是最典型的例子。    ,https://news.ltn.com.tw/news/politics/breakingnews/5555686
彰化市長選情生變？黃玉芬突發聲明：也可能是姊姊選縣議員,政治,2026/08/28 20:40,黃玉芬（左）晚間突發聲明，可能推姊姊黃玉如（右）選彰化縣議員，2人最終只會擇一參選。（資料照）曾代表藍營角逐彰化市長、被地方稱為「女王蜂」的前彰化縣議員黃玉芬，今天（28日）由其家人證實已領表正式退出中國國民黨，積極評估是否以無黨籍身分再次投入彰化市長選戰，為政壇注入強烈變數，讓原先的藍綠對決升級為「三腳督」局面。不過黃玉芬晚間發表聲明指出，她姊姊黃玉如也正評估是否參選縣議員，因此這次選舉，她們姊妹只會擇一參選，不會2人同時出戰。民進黨參選人黃柏瑜強調，無論最後有多少人參選，他都會持續深入基層，讓更多人認識，一步一腳印，努力爭取最後的勝選；國民黨參選人陳文賓則表示予以尊重。國民黨縣黨部主委蕭景田指出，黨部希望她不要退黨，但若仍執意退黨只能尊重。請繼續往下閱讀...黃玉芬表示，她姊姊黃玉如擁有瑞士、美國管理雙學歷，並累積24年跨國企業經營與管理實務經驗，對政治及地方發展一直有許多想法與抱負；看到姊姊願意回到家鄉、投入服務，她認真思考將自己多年來服務鄉親的理念與心意交由姊姊延續，支持她投入縣議員選舉。至於最後是由她投入市長選舉，或由姊姊參選縣議員，最終只會擇一參選，應該會在9月初做最終確定，姊妹倆不會同時投入選舉。民進黨彰化市長參選人黃柏瑜（右）勤跑基層。（資料照）國民黨彰化市長參選人陳文賓基層實力雄厚。（資料照）    ,https://news.ltn.com.tw/news/politics/breakingnews/5555908
「反貪腐公約」國際審查揭台灣政治獻金、遊說透明度待提升,政治,2026/08/28 20:34,「聯合國反貪腐公約」第三次國家報告國際審查會議。（記者劉詠韻攝）「聯合國反貪腐公約」第三次國家報告國際審查會議今落幕，5名國際審查委員經過2天密集審查，肯定台灣政府採購、私部門廉潔及反洗錢等41項最佳實務，同時提出78項執行挑戰與建議，包括提升政治獻金揭露即時性、遊說透明度及公司登記資料正確性，並建議制定法人刑事責任制度。審查會議今舉行結論性意見發表記者會，由行政院政務委員林明昕代表政府接受審查意見。國際審查委員會主席José Ugaz表示，這次審查是民主實踐的精彩展現，台灣已站在成熟廉政治理的基礎上，下一步應思考如何檢驗治理成果，進一步建立卓越的廉政治理體系。請繼續往下閱讀...審查委員Gillian Dell指出，台灣推動機關採購廉政平台及政府電子採購網等制度，足以成為其他國家的表率；但在提升國防透明度、維持司法量能，以及確保採購程序具備穩健反貪腐機制等方面，仍有精進空間。審查委員Duncan Hames表示，從企業服務廉政平台及國營事業納入透明晶質獎評選，可以看出台灣積極打造私部門廉潔文化。不過，政府仍應提高公司登記透明度及資料庫正確性，並制定法人刑事責任制度，期待未來4年看見具體成果。審查委員Julie Haggie肯定台灣政府高度參與並審慎面對國際審查，利益衝突規範的落實情形也相當良好；但政治獻金的揭露即時性、遊說行為的透明程度及登記制度，仍應持續強化。審查委員Peter Ritchie則說，檢察體系、反洗錢及貪腐風險評估、追討不法所得與虛擬資產管理，均為台灣的強項，建議未來更有效運用相關經驗，並向私部門及國際社會分享實際案例與專業知識。審查委員整體肯定，台灣已建立成熟且具創新性的廉政治理體系，尤其政府採購資訊公開、私部門廉潔文化及反洗錢貪腐風險評估等制度，均獲明確肯定；下一階段則應建立可量化、可驗證，且足以證明實際降低貪腐風險的成果導向治理模式。林明昕表示，結論性意見不只是一份國際審查文件，也代表國際委員對台灣下一階段廉政治理的期許；政府將把各項意見納入後續反貪腐政策、法制規範及相關工作，並在下一次國家報告及國際審查中提出具體成果，再度接受國際專家與社會各界檢驗。    ,https://news.ltn.com.tw/news/politics/breakingnews/5555813
自由爆新聞》藍版無人機爆「恐怖禍心」！國民黨「三大炎上」炸民怨！,政治,2026/08/28 20:31,全新的視界！新聞話題不漏接，快訂閱YouTube 【自由追新聞】，記得開啟小鈴鐺哦！    ,https://news.ltn.com.tw/news/politics/breakingnews/5555911
民眾黨要修法「交通罰鍰專用」 莊瑞雄：何必大費周章推公投？,政治,2026/08/28 20:30,民進黨團幹事長莊瑞雄表示，若中選會只能照單全收，不叫審議，只是蓋章，且民進黨團早多次提出，修法就能解決的，何必大費周章推公投？（資料照）中選會今（28）日公布3項公投案審查結果，「交通罰鍰專用」、「鞭刑」遭否決，僅「廢除非核家園」在年底併入大選投票，引起藍白痛批沒收民主，民眾黨團總召陳清龍更稱將透過修法，打破交通罰鍰的小金庫。對此，民進黨團幹事長莊瑞雄表示，若中選會只能照單全收，不叫審議，只是蓋章，且民進黨團早多次提出，修法就能解決的，何必大費周章推公投？面對中選會做出決議，莊瑞雄表示，尊重中選會依照「公投法」做出審議決定。國民黨批評這是「沒收民主」，但今天三個公投案，同一個中選會、同一套「公投法」，「廢除非核家園」通過，另外兩案沒有通過，難道自己的案子通過叫人民作主，沒通過就叫沒收民主？請繼續往下閱讀...莊瑞雄指出，公投是人民珍貴的直接民權，當然也有法律規範和法定程序；如果立法院多數送出的公投案，中選會就只能照單全收，那就不叫審議，只是蓋章。民主不是我的案子一定要過，也不能只接受自己想要的結果。莊瑞雄表示，「交通罰鍰專用」就是最好的例子。民進黨團早就指出，罰鍰用途如果要調整，立法院透過修法就能處理。現在陳清龍總召也說要在立法院推動修法，既然修法就能解決，當初何必大費周章推動公投？立法院自己能做的功課，就自己好好寫，不要把作業丟給2300萬人民。針對「鞭刑」公投，莊瑞雄強調，人民對重大犯罪的憤怒必須正視，該嚴懲就嚴懲，被害人的正義也必須被看見；但是，民主可以多數決，人權不能拿來多數決，人民的憤怒要回應，國家的人權底線也不能丟。至於「廢除非核家園」公投通過審議，莊瑞雄指出，既然符合「公投法」規定，民進黨團就尊重制度、面對公投，但能源政策沒有口號這麼簡單，核安、核廢料、能源安全與供電穩定，都應該攤開來向人民說清楚，最後交由人民判斷。    ,https://news.ltn.com.tw/news/politics/breakingnews/5555895
普發2萬戰火升溫！沈伯洋批蔣態度反覆 北市府嗆遇中央就「小洋逃」,政治,2026/08/28 20:20,民進黨台北市長參選人沈伯洋批評市長蔣萬安對普發2萬態度反覆。（記者叢昌瑾攝）台北市普發2萬提案在議會一讀將付委，台北市長蔣萬安先前稱「沒有條件普發」，昨（27）日說尊重議會。民進黨台北市長參選人沈伯洋今批評，這樣反覆的方式讓市民無所適從，顯然蔣萬安對於市政非常不了解。北市府副發言人蔡畹鎣回擊，北市老本不夠還債，沒有普發條件，沈面對財政條件更充裕的不提要求，遇到中央又「小洋逃」？蔡畹鎣表示，沈委員不了解台北財政，就請別再造謠。台北市「歲計賸餘」是過去累積的老本，現在老本還不夠還債，根本沒有普發條件，蔣萬安的態度從頭到尾都一致。反觀中央稅收大幅成長，幫沈委員算一下，普發現金2萬元所需經費約4714億元，財政部長莊翠雲7月也預估，全年證交稅可望超過6000億元。沈身為立法委員，面對財政條件更充裕的中央卻不提要求，難道遇到中央就又「小洋逃」？請繼續往下閱讀...蔡畹鎣強調，過去沈伯洋形容普發現金是「中共先窮台再統一的招數」，如今面對中央普發卻改口支持；從「雙城是誰被滲透」、「是否還反核」，到攸關民眾食安的「毒油七問」，面對外界提問不是「問A答B、已讀亂答」，就是躲在保母背後不敢回答。她現在就問，「中央要不要普發2萬元？」請沈委員別再「小洋逃」，「說詞反覆、讓人無所適從」這句話，原話奉還。北市府副發言人蔡畹鎣回擊，北市老本不夠還債，沒有普發條件，沈面對財政條件更充裕的不提要求，遇到中央又「小洋逃」？（北市府提供）    ,https://news.ltn.com.tw/news/politics/breakingnews/5555841
中選會只放行廢非核家園公投 黃國昌轟「太上皇」：公開辯論,政治,2026/08/28 20:14,民眾黨主席黃國昌。（記者方賓照攝）國民黨所提「廢除非核家園」、「鞭刑」公投，及民眾黨提出的「交通罰鍰專用」等3項公投案，中選會今天（28日）審議，只通過「廢除非核家園」公投，其餘不通過。對此，民眾黨主席黃國昌痛批，中選會宛如「公投太上皇」，否決理由根本是鬼扯與瞎掰，強烈質疑民進黨走向獨裁、沒收人民公投權利，直言「憑什麼否決？站出來說清楚講明白，我們公開辯論！」立法院日前在藍白立委聯手下，通過藍營推的「廢除非核家園」、「鞭刑」公投，以及白營推的「交通罰鍰專用」公投。中選會今天召開記者會，主委游盈隆說，鞭刑、交通罰鍰專用不符合「公民投票法」第2條第2項第3款「重大政策之創制或複決」的規定，僅「廢除非核家園」符合規定。請繼續往下閱讀...對此，黃國昌今天接受廣播節目《飛碟晚餐》主持人王淺秋專訪時說，全台一年交通罰單高達300億元，但用於改善交通與道路安全的比例極低，罰鍰反而成為各地方政府的小金庫，甚至被拿去廣設測速照相與科技執法，造成罰單與死傷人數同步攀升的現象。民眾黨主張將罰鍰全數用於改善交安及補助大眾運輸，在行政部門與交通部不願意的狀況下交付公投，讓人民以選票決定，完全具備正當性。對於中選會認定該案「不屬於重大政策之創制與複決」而予以否決，黃國昌痛斥，根本是在鬼扯與瞎掰。他質疑，採行交通政策將罰鍰專款專用，本來就是重大政策的創制，中選會卻以含糊、抽象且令人聽不懂的理由將其駁回。這不是重大政策的創制是什麼？黃國昌回顧，過去「公投法」設有公投審議委員會時，屢屢封殺提案，當時在野的民進黨曾大聲抗議，後來修法廢除公審會以落實還權於民；如今民進黨執政卻是一切「他」說了算，中選會本應僅處理程序性事項，現在卻凌駕民意，宛如過去的「公投太上皇」。黃國昌說，民進黨從不公布立法院三讀通過的法律，再到沒收公民投票權，無疑是向社會宣告走向獨裁之路。他要求中選會委員站出來向大眾說清楚講明白，他立場沒有改變「憑什麼否決？站出來說清楚講明白，我們公開辯論！」黃國昌說，原本對這一屆新的中選會委員還有一些期待，但游盈隆上任後曾說過「不要提太多公投提案，一個剛剛好，兩個太多，三個受不了」，結果今天審查出來的結論竟然真的只剩下一個。他質疑，難道中選會委員說了算、游盈隆說了算？可以直接沒收人民憲法保障的公民投票權利嗎？他認為這樣的做法實在太離譜。立法院民眾黨團總召陳清龍則說，對於改善交通安全的努力，黨團不會放棄，將持續透過修法，打破交通罰鍰的小金庫，讓每一分罰鍰都真正回到用路人身上，用來改善道路交通安全。    ,https://news.ltn.com.tw/news/politics/breakingnews/5555831
新聞360》蘇巧慧民調爆衝掀外溢效應？學者揭「她」毀藍營趕跑中間選民,政治,2026/08/28 20:12,全新的視界！新聞話題不漏接，快訂閱YouTube 【自由追新聞】，記得開啟小鈴鐺哦！    ,https://news.ltn.com.tw/news/politics/breakingnews/5555898
稱民調7成支持鞭刑公投卻不准 許宇甄批中選會恐讓台灣社會噤聲,政治,2026/08/28 20:08,立院國民黨團首席副書記長許宇甄。（資料照）年底選舉藍白提出3公投案，中選會今（28日）決議「鞭刑」、「交通罰鍰專用」未通過，僅「廢除非核家園」通過。立院國民黨團首席副書記長許宇甄表示，民調顯示，73.3%民眾支持以公投方式推動鞭刑打擊詐騙，今天被擋下的不只是一項公投，更可能讓台灣社會形成寒蟬效應。許宇甄表示，鞭刑是否適合作為刑事政策，社會當然可以贊成、可以反對，但公投的意義，就是讓人民透過民主程序表達意見。中選會可以依法審查，卻不該直接替人民決定「這個議題不准投」。請繼續往下閱讀...許宇甄指出，台灣民間反詐騙協會民調顯示，73.3%民眾支持以公投方式推動鞭刑打擊詐騙，84.7%支持政府針對重大詐騙、虐童、性侵等犯罪引進鞭刑或至少正式評估。這些數字不代表公投一定會過，卻足以證明社會對現行刑罰制度與司法正義存在強烈改革期待。許宇甄指出，中選會第一個理由，是認為我國現行法律沒有鞭刑制度，因此這項公投屬於「立法原則創制」，而非「重大政策創制」，但這個說法根本站不住腳。重大政策本來就需要透過後續立法才能落實，不能因為政策最終需要修法，就反過來認定它不是重大政策；對重大性侵、虐童、詐欺犯罪應採取何種刑罰，本身就是國家刑事政策與司法制度的重大選擇，豈能只用「現行法律沒有」6個字，就把人民表態的門關起來？許宇甄表示，中選會第二個理由，是鞭刑可能涉及兩公約所禁止的酷刑、殘忍或不人道處罰，因此存在人權疑慮。但這正是社會需要公開討論的核心爭點。兩公約的人權保障當然必須尊重，但刑罰制度如何兼顧人權保障、犯罪嚇阻與被害人正義，本來就需要持續辯論，各國制度、歷史與民情也有所不同。中選會可以提出人權疑慮，卻不能因為自己對爭議已有立場，就連人民討論、辯論與表態的機會一起沒收。許宇甄批評，更荒謬的是，把中選會兩套理由放在一起看，更顯前後矛盾。一方面說鞭刑不算「重大政策」，另一方面卻又大談國際人權公約、刑罰制度與基本人權；如果一項議題重大到涉及司法制度、刑罰政策、基本人權與國際公約，怎麼最後反而被中選會認定「不是重大政策」？今天記者會上，主委游盈隆背後寫著「超然、公正、中立、客觀、專業」，如今看來格外諷刺。許宇甄強調，立法院從來不是要求中選會支持鞭刑，而是要求中選會尊重人民表態的權利。獨立機關若從保障民主程序，變成替人民決定哪些議題「可以討論」、哪些議題「連票都不能投」的民意關卡，極度不可取。今天被擋下的不只是一項公投，更可能讓台灣社會形成寒蟬效應：只要少數獨立機關委員不認同，人民再強烈的改革期待，都可能連進入公共辯論的資格都沒有。    ,https://news.ltn.com.tw/news/politics/breakingnews/5555797
竹北「藍白合破局」外溢台中？ 吳皇昇喊盧秀燕不是鄭麗文,政治,2026/08/28 19:56,民眾黨政策會執行長兼發言人吳皇昇。（吳皇昇提供）國民黨竹北市長參選人吳旭智完成領表，民眾黨竹北市長參選人邱臣遠今（28日）也宣布參選到底，外界關注竹北藍白合破局效應，民眾黨政策會執行長兼發言人吳皇昇表示，台中不是竹北，「台中市長盧秀燕也不是國民黨主席鄭麗文」，「誠信很重要」。民眾黨、國民黨竹北市長選舉傳出整合失敗，民眾黨主席黃國昌今日和邱臣遠宣示會參選到底，並指國民黨沒有信守承諾，國民黨新竹縣長提名人徐欣瑩沒有說到做到，並表示他前天才跟鄭麗文見面，對方明確表示無法處理竹北市長選舉，令人「非常非常遺憾」。請繼續往下閱讀...吳皇昇說，藍白在大新竹的協議破局後，很多人詢問，會不會影響其他縣市的合作默契，尤其是藍白合重點區域台中市，他認為，盧秀燕不是鄭麗文，國民黨台中市長參選人江啟臣也不是徐欣瑩，台中的情況也不會是竹北的情況，「誠信很重要」。吳皇昇強調，民眾黨創黨主席柯文哲就是柯文哲，黃國昌也是黃國昌，台灣民眾黨就是繼續秉持初衷，想辦法給人民更好的生活，關心大局並說到做到，把事做好。    ,https://news.ltn.com.tw/news/politics/breakingnews/5555791
竹北整合破局 黃國昌嗆：不要以為藍白合作基礎永遠不會動搖,政治,2026/08/28 19:54,民眾黨主席黃國昌（右）今天接受廣播節目《飛碟晚餐》主持人王淺秋專訪。（飛碟晚餐提供）九合一大選11月28日登場，但國民黨和民眾黨在竹北整合「談崩」。黃國昌晚間透露，國民黨主席鄭麗文承認雙方曾有竹北由民眾黨參選的共識，卻因徐欣瑩、吳旭智反對而無法處理；他直言「沒有信任基礎怎麼合作」，並警告「不要以為藍白合作基礎永遠不會動搖」。黃國昌今天接受廣播節目《飛碟晚餐》主持人王淺秋專訪透露，前天與國民黨主席鄭麗文會面時，她已經承認的確有竹北市長由民眾黨參選人出馬的共識，不過，鄭麗文說，由於徐欣瑩、吳旭智都不願意由邱臣遠代表參選，因此鄭麗文沒有辦法處理。請繼續往下閱讀...對於藍白合在竹北市破局，黃國昌警告「不要以為藍白合作基礎永遠不會動搖」，這次事件一定有衝擊跟影響，並強調，民眾黨支持者目前情緒爆表，他正在盡最大努力進行損害控管、穩定局面，希望影響範圍僅限於新竹縣。黃國昌強調，國民黨出戰新竹縣、民眾黨扛竹北市是「互補」，現在的爭執不在於有沒有這個共識，直到現在，鄭麗文跟徐欣瑩都沒有否認，他自己手上也有跟國民黨溝通的時間、內容等完整記錄，不過沒有必要公布，因為對事情沒有幫助。對於徐欣瑩今日自稱「問心無愧」，黃國昌氣憤指出，自己還擔任立委時，徐欣瑩就站在他面前，確認藍白在新竹縣將採「聯合治理」，縣長支持國民黨、竹北由民眾黨扛。黃國昌強調，自己才「問心無愧」，他質問徐欣瑩，參與縣長初選時拜會柯文哲爭取支持「在柯文哲辦公室說了什麼，自己忘了嗎？」黃國昌直呼「沒有信任基礎怎麼合作？」，自己一直把在野合作希望達成的價值放在心裡面，因為2028更重要的目標是要讓賴清德下台，不要親痛仇快，但是「別人真的有這樣想嗎？」除了新竹，對彰化縣長選情也令人心痛。黃國昌強調，對民眾黨來說，已經做了所有能做的努力，他即使為了竹北的事焦頭爛額，其他答應要做的事也從未停下，國民黨參選人需要幫忙來聯繫的，他沒有一個說不，因為一切還是要回到初衷與大局。    ,https://news.ltn.com.tw/news/politics/breakingnews/5555874
趙建銘婚變掀波  網揭台大求學往事：熱心真誠「鹽水青年」,政治,2026/08/28 19:41,網友憶趙建銘台大歲月，婚姻風波再掀討論。（記者洪瑞琴攝）陳幸妤與趙建銘婚姻風波持續引發網路討論，1名「蕭姓網友」在Threads分享對趙建銘的早年印象，回憶他就讀台大醫學系時，是來自台南鹽水的青年，個性真誠熱心，除了課業表現突出，也熱中桌球。貼文曝光後引發網友熱議，不過文中涉及趙家及婚姻過程的說法，目前均未獲相關當事人公開證實。蕭姓網友表示，過去曾因姊姊罹癌，透過趙建銘協助轉至台大醫院治療，對當年的他印象深刻，形容他是「青年才俊」。她也提到，趙建銘求學期間曾有交往多年的女友，相當專情。台南人以出醫師兒子感到非常「光宗耀祖」，因為順從長輩而改變，「年輕不懂事，鄉下小孩就是聽父母的話，才會走上這條路」。人生歷程難料，令人感嘆「太可惜了」。請繼續往下閱讀...不過，貼文也引發不同聲音。有網友認為，弟弟趙建勳與哥哥趙建銘同樣在家庭環境下成長，但趙建勳選擇堅持自己的感情，因此婚姻選擇仍應由當事人自行承擔，不能完全歸因於父母；也有人認為，婚姻維持20多年，雙方應各有委屈，不宜僅憑單方面說法論斷。另有網友質疑蕭姓網友與趙家的關係，甚至猜測貼文是否替趙建銘辯護的意味。對此，蕭姓網友回應，只是把知道的事情講出來而已。談到已故的趙建勳，稱其為人正派，對祖父母孝順，且對交往多年的女友負責，吳淑珍多次要介紹「達官顯貴」的女兒給他，他不要就是不要，連相親也沒去過，婚後也是好丈夫，對其英年早逝深感惋惜。蕭姓網友也說，趙建銘跟師大地理研究所畢業的初戀女友也是情牽多年，在認識陳醫師前，2人一直沒有真正分開，這中間的轉折不是外人能知道的，所以不需要「置評」。事實上，她也認為趙建銘不該在還有婚姻關係時就對別的女人表示好感，「太渣了」！陳家非常善待他，陳醫師也真的是好老婆，他沒有娶錯人，只是當駙馬爺令他「眼界大開」、「利欲薰心」。趙建銘昔日形象曝光，網友感嘆人生轉折太可惜。（擷自網路）    ,https://news.ltn.com.tw/news/politics/breakingnews/5555852
鞭刑公投連「藍白自己人」都不挺 中選會委員背景一次看,政治,2026/08/28 19:33,中選會主委游盈隆針對立法院通過三項公民投票提案召開記者會說明。（記者陳逸寬攝）中選會今（28日）審議否決鞭刑、交通罰鍰專用等2項公投案，立法院國民黨團隨即指控，「朕不給的你不能拿，朕不准的你不能投？」對此，民進黨新聞部副主任黃子一盤點中選會委員的推薦背景，並反問，「藍白推薦的中選會委員，封殺藍白提出的公投，結果現在要賴清德下台？說民進黨沒收民主？」國民黨所提「廢除非核家園」、「鞭刑」公投，及民眾黨提出的「交通罰鍰專用」等3項公投案，8月14日於立法院通過提案，中選會今日下午舉行例行委員會，針對3案進行審查。請繼續往下閱讀...中選會主委游盈隆說明，第一案「鞭刑公投」，提案目的是針對性侵害犯罪、明列幼童罪以及高額詐欺罪、複合型態加重詐欺罪，含有立法原則之創制的性質，不符合「公投法」重大政策之創制或複決的規定。8名委員，除了他當主持人沒投票外，7人全數同意「鞭刑」公投不符合重大政策的創制或複決。針對「交通罰鍰專用」公投案，吳容輝、黃秀端、陳月端、游清鑫4名委員認為，該項公投不符合「公投法」有關重大政策之創制或複決的規定，僅蘇子喬、蘇嘉宏、李禮仲認同，經3次表決，比數皆為4比3。黃子一撰文表示，針對藍白兩黨所提出的公投案，其中包括鞭刑、交通罰鍰在內的兩案，被中選會否決不予通過，國民黨團氣炸，大罵中選會是執政黨附庸、是綠友友。但封殺提案的，不就是藍白自己推薦的中選會委員嗎？​黃子一說明，中選會委員不是賴清德一人提名的，是各立法院黨團推薦的。這次中選會委員總統共提了7席。包括游盈隆（綠白共同推薦）、李禮仲（藍推薦）、蘇嘉宏（藍推薦）、蘇子喬（白推薦）、胡博硯（行政院推薦）、黃文玲（行政院推薦）、陳宗義（民進黨推薦）。​黃子一續指，這7席中，只有國民黨推薦的李禮仲、蘇嘉宏，跟民眾黨推薦的蘇子喬、以及整天罵民進黨的游盈隆通過，民進黨推薦的人選全被立法院封殺，就連後來再補提3人，也還是被全部封殺。​據此，黃子一強調，這次鞭刑公投，被全體委員否決。藍白推薦的中選會委員，封殺藍白提出的公投，「結果現在要賴清德下台？說民進黨沒收民主？」    ,https://news.ltn.com.tw/news/politics/breakingnews/5555848
中選會否決鞭刑公投 領銜提案人洪孟楷：剝奪人民表達權利,政治,2026/08/28 19:25,「鞭刑」公投領銜提案人、國民黨立委洪孟楷。（資料照）年底選舉藍白提出3公投案，中選會今（28日）決議「鞭刑」、「交通罰鍰專用」未通過，僅「廢除非核家園」通過。「鞭刑」公投領銜提案人國民黨立委洪孟楷表示，人民可以贊成，也可以反對；但不能連表達同意或不同意的權利，都被提前剝奪。今天這項決議，正是台灣民主倒退最具體的證明。洪孟楷說，中選會決議擋下鞭刑打詐公投。身為領銜提案人，他必須非常遺憾地說：中選會今天沒收的，不只是一項公投案，更是人民表達意見、參與重大政策決定的權利。請繼續往下閱讀...洪孟楷表示，這項公投針對性侵、虐童及重大詐欺，主張以更積極、更具嚇阻力的刑事政策打擊犯罪。中選會卻連讓人民討論、投票的機會都要剝奪。究竟是在保護被害人，還是在替犯罪者築起保護牆？洪孟楷指出，去年中選會否決立法院提出的反廢死公投；如今又以相同理由駁回鞭刑入法公投。一再阻擋人民透過公投表達對重大刑事政策的意見，不只是漠視民意、與民意為敵，更是對長期承受痛苦的被害人及其家屬，再一次傷口上灑鹽。洪孟楷表示，對廢死團體百般體諒，對重大犯罪者處處保障，卻不願傾聽被害人及家屬的聲音。難道在民進黨主政下，人民連主張「亂世用重典」、用更嚴厲刑罰打擊犯罪的權利都沒有？究竟要保護詐騙集團到什麼程度？還是這麼害怕鞭刑，是因為怕有一天鞭到自己人？洪孟楷強調，中選會是「辦理公投的主管機關」，不應成為「凌駕民意的否決機關」。如今卻以自身的法律見解，直接剝奪兩千多萬人民討論與表決的可能。中選會憑什麼替人民決定，這個議題連投票都不可以？性侵、虐童與重大詐欺，難道不是攸關全民安全與刑事政策的重大公共議題？洪孟楷進一步表示，這項公投由52位立法委員共同連署，更經立法院院會正式表決通過，具有高度公共性與民主正當性。中選會卻透過行政審查，直接終結人民表達意見的機會，令人無法接受。他表示，人民可以贊成，也可以反對；但不能連表達同意或不同意的權利，都被提前剝奪。今天這項決議，正是台灣民主倒退最具體的證明。    ,https://news.ltn.com.tw/news/politics/breakingnews/5555792
「廢除非核家園」公投案將花費8億元 游盈隆：估晚上11點40分完成開票,政治,2026/08/28 19:17,中選會主委游盈隆說明3項公投案審查結果。（記者陳逸寬攝）中選會今（28日）審議由藍白提的3項公投案，最終決議僅「廢除非核家園」會在年底併入大選投票。中選會主委游盈隆表示，一案預計花費8億多元，開票完成時間粗估是晚上11點40分，他有100%的信心辦好年底選舉。國民黨所提「廢除非核家園」、「鞭刑」公投，及民眾黨提出的「交通罰鍰專用」等3項公投案，8月14日於立法院通過提案，中選會今日下午舉行例行委員會，針對3案進行審查。歷經時近3個小時的討論後，召開「向人民報告」記者會。請繼續往下閱讀...游盈隆會後主持記者會表示，立法院交付中選會審議的公投3案，僅「廢除非核家園」一案符合「公民投票法」第2條第2項第3款「重大政策之創制或複決」規定，經過中選會精算，一案費用約為8億1千萬元左右，今年首投族約為10萬人，開票時間若參考2022年九合一選舉加一項修憲公投，最後開票完成時間粗估為晚上11點40分，但他們也希望能儘量提早完成。此外，「交通罰鍰專用」公投案以4比3遭否決，僅蘇子喬、蘇嘉宏、李禮仲認為符合「公民投票法」第2條第2項第3款「重大政策之創制或複決」的規定。李禮仲說明，他認為這項政策立意良好，所以予以支持；蘇子喬則說，公投主文內容符合重大政策的創制，不是立法原則的創制，也不是法律複決，這是他對這件事的認定。媒體追問，中選會有沒有信心辦好這次的選舉？游盈隆笑說，「信心百分之百，Absolutely！」中選會針對立法院通過三項公民投票提案召開記者會說明。（記者陳逸寬攝）中選會主委游盈隆。（記者陳逸寬攝）    ,https://news.ltn.com.tw/news/politics/breakingnews/5555843
網笑翻！北市府粉專湧大量印尼人留言  四叉貓虧：網軍設定錯誤,政治,2026/08/28 19:10,台北市粉專「Humans of Taipei 我是台北人」湧入大量印尼帳號。（取自四叉貓臉書）台北市長參選人沈伯洋，日前才遭藍白網友質疑買網軍，如今相關爭議也發生在台北市政府。網紅四叉貓發現，台北市粉專「Humans of Taipei 我是台北人」下方，出現大量外國網友，以印尼文留言。四叉貓也笑稱：「蔣萬安你們北市府粉專的網軍設定錯誤了喔」。四叉貓今日在社群發文，貼出台北市政府粉專下方留言，只見一篇北市推廣「國軍守護．榮耀同行」敬軍活動的貼文下方，出現奇怪的帳號留言，帳號名字多為印尼人名，他們紛紛以印尼文留言：「讚，超讚」、「好的老闆」、「酷斃了」、「非常棒」。請繼續往下閱讀...四叉貓也在貼文中標記台北市政府粉專表示：「蔣萬安你們北市府粉專的網軍設定錯誤了喔，弄成一堆外國假帳號在灌流量......」貼文PO出後，也有網友前往朝聖，留言表示：「笑死 這不是網軍，什麼是網軍」、「我是進來看網軍的」、「為什麼一堆網軍」。    ,https://news.ltn.com.tw/news/politics/breakingnews/5555793
法國新任駐台代表龐維德是台灣女婿 三度駐台讚30年轉變,政治,2026/08/28 19:08,新任法國在台協會主任為龐維德（Frédéric Laplanche）召開記者會說明台法攜手布局半導體未來，並將以強大陣容參與SEMICON Taiwan 2026。（記者羅沛德攝）接替7月中旬任滿離台的龍燁（Franck Paris），法國在台協會新任主任龐維德（Frédéric Laplanche）27日正式就任，28日首度公開向媒體發表談話。這位與台灣淵源逾30年的外交官幽默地說，「好像命運注定我每隔10年就要回到台灣服務」，身為台灣女婿也許也起了作用；他形容，台灣30年來的轉變是「一個美好、值得珍惜的故事」。龐維德漢學出身、通曉中文，1995年首度以學生身分訪台研究民主化進程；2004年以外交官身分再度來台，參與歐洲經貿辦事處籌設工作，2008年出任副處長，2011年至2015年回任處長，其間並曾任法國駐馬來西亞大使。他說，來台前，他都還在法國外交部負責人力資源、外交安全與財務等業務。請繼續往下閱讀...從新光大樓到101 見證台灣30年變化龐維德回憶，1995年的台北正在興建捷運，1996年通車的第一條路線用的正是法國技術，當時最高的建築還是新光大樓；2004年再度來台時，101大樓剛落成、成為台北新地標，「法國在台協會現在的辦公室就在101大樓」。30年後，台灣人均GDP已超越南韓、西班牙與日本，成為全球半導體與電子產業龍頭，民主與人權也大幅進步，是全球最自由、最開放的社會之一。「還有另一個法國 在台灣鮮為人知」龐維德說，法國30年來同樣改變很多。從台灣的角度看，觀光、藝術、時尚、美食與生活藝術的能見度較高，但還有另一個「在許多領域位居歐洲、甚至全球之首，卻在台灣鮮為人知」的法國，例如航太產業，以及維繫社會運作的核能與替代能源。他指出，法國已連續7年是歐洲最大外人直接投資目的地，在人工智慧、量子計算、光子學、資安、主權雲端與海底電纜等關鍵科技也扮演要角。盼形塑未來30年台法關係談到任內方向，龐維德表示，將全面推動雙邊貿易、科技與科學合作、藝文與高教交流、氣候變遷因應，以及民主人權、打擊假訊息與國會、地方交流等各層面關係，目標是與台灣政府維持互信、深化夥伴關係，「形塑未來30年的台法關係」，並持續積極參與歐盟與台灣的互動。他說，每天早上醒來想到的都是6900萬法國人與2300萬台灣人，人民對人民的交流才是關鍵。至於外界關注的民主供應鏈，龐維德直言，主權自主不代表100％自給自足，而是要有一群可信賴的夥伴，台灣透過民主制度與自身產業發展，已建立起「可信賴的生態系」。他也預告，9月2日登場的SEMICON Taiwan將有14家法國企業與研究機構來台，其中10家進駐法國館，涵蓋半導體研發、先進處理器、量子科技與特用化學品等領域。新任法國在台協會主任龐維德（Frédéric Laplanche）是台灣女婿。（記者羅沛德攝）    ,https://news.ltn.com.tw/news/politics/breakingnews/5555796
2公投案告吹國民黨轟「朕不給」 民進黨酸：指藍白還是黑暗力量？,政治,2026/08/28 19:07,民進黨今質疑，中選會委員是由國會多數通過出任，國民黨口中的「朕」指的是藍白、還是韓國瑜所稱「黑暗力量」？（記者陳政宇攝）中選會今（28日）審議否決鞭刑、交通罰鍰專用等2項公投案，立法院國民黨團隨即表達「最強烈的抗議與譴責」，並質疑「朕不給的你不能拿、朕不准的你不能投？」對此，民進黨反酸，中選會委員是由國會多數通過出任，國民黨口中的「朕」，指的是目前在國會多數的藍白在野黨，還是立法院長韓國瑜所指的「黑暗力量」？國民黨所提「廢除非核家園」、「鞭刑」公投，及民眾黨提出的「交通罰鍰專用」等3項公投案，8月14日於立法院通過提案，中選會今日下午舉行例行委員會，針對3案進行審查。請繼續往下閱讀...中選會主委游盈隆說明，第一案「鞭刑公投」，委員會決議不符「公投法」規定，理由是現行法律之刑罰種類，尚無鞭刑或類似鞭刑的制度，提案目的是針對性侵害犯罪、明列幼童罪以及高額詐欺罪、複合型態加重詐欺罪，含有立法原則之創制的性質，不符合「公投法」重大政策之創制或複決的規定。8名委員，除了他當主持人沒投票外，7人全數同意「鞭刑」公投不符合重大政策的創制或複決。針對「交通罰鍰專用」公投案，吳容輝、黃秀端、陳月端、游清鑫4名委員認為，該項公投不符合「公投法」第2條第2項第3款「重大政策之創制或複決」的規定，僅蘇子喬、蘇嘉宏、李禮仲認同，經3次表決，比數皆為4比3，據會議規則，表決到第三次時，不需要絕對過半數，改以多數決來決定，因此中選會委員會決議「交通罰鍰專用」不符「公投法」。國民黨團透過新聞稿抨擊，朕不給的，你不能拿，朕不准的，你不能投？針對中選會否決鞭刑相關公投，國民黨團書記長林沛祥表達最強烈的抗議與譴責。對此，民進黨回應，中選會是獨立機關，對於審議結果我們尊重。這次3項公投案都是在野黨提出的，而中選會委員也是國會多數通過出任的，所以不太清楚，這裡國民黨口中的「朕」，指的是目前在國會多數的藍白在野黨，還是韓院長日前所指的「黑暗力量」？    ,https://news.ltn.com.tw/news/politics/breakingnews/5555812
翁曉玲惹眾怒！台派店家貼「禁止入內」 老闆怒批：弱化台灣最可惡,政治,2026/08/28 19:00,老闆王小姐從大罷免開始，就一直以行動支持台派，她受訪表示，大家最生氣的地方，不僅是關係到庇護工廠的訂單，翁曉玲最可惡的地方是「弱化台灣」，特別是刪除國防預算。（記者孫唯容攝）國民黨立委翁曉玲提案刪凍總統府3千萬國務機要費，意外重創庇護工場中秋禮盒訂單，引發社會炸鍋。位在深藍鐵票倉的大安區「Trueway 麵線研究所 & 甜點取物所」王姓老闆看不下去，在社群平台上看到「禁止翁曉玲入內，狗貓可以」貼紙，自主列印貼在門口，設計「洋流」海報的作者Ken也寄海報給王老闆，讓她放在店門口，不少入店用餐的客人都順手帶走海報，行動力挺沈伯洋。老闆王小姐從大罷免開始，就一直以行動支持台派。她受訪表示，大家最生氣的地方，不僅是關係到庇護工場訂單，這是已經是很過分的事情，但翁曉玲最可惡的地方是「弱化台灣」，特別是刪除國防預算。請繼續往下閱讀...王小姐透露，她自己住的大樓號稱「韓粉大樓」，不過她絲毫不畏懼，住在一樓更大方貼上總統賴清德的春聯，希望可以感動更多人支持台派。她也說，樓上住了一位企業高管，會跟她訂食物順便比讚，從眼神就知道他們是一國的，「漸漸有些人就會有一些眼神，有些是不好的眼神，有些是很友善的眼神。」「Trueway 麵線研究所 & 甜點取物所」店內不大，氣氛溫馨，不到5點店內商品就銷售一空，還有客人雖然撲空，還是順手拿了「洋流」標語，讓王小姐很開心。王小姐更特別在店內一處牆壁空白處留白，她也喊話「沈伯洋、蔡英文、賴清德、蕭美琴、陳建仁」通通來簽名，更希望沈伯洋未來到大安區，一定要到店裡來！設計「洋流」海報的作者Ken也寄海報給王小姐，讓她放在店門口，不少來用餐的客人都順手帶走海報，行動力挺沈伯洋。（記者孫唯容攝）設計「洋流」海報的作者Ken寄感謝信給王老闆。（記者孫唯容攝）王小姐特別在店內一處牆壁空白處留白，她也喊話「沈伯洋、蔡英文、賴清德、蕭美琴、陳建仁」通通來簽名，更希望民進黨台北市長參選人沈伯洋未來到大安區，一定要到店裡來！（記者孫唯容攝）    ,https://news.ltn.com.tw/news/politics/breakingnews/5555809
蔣萬安快看！沈伯洋自掏腰包10萬  力挺庇護工場,政治,2026/08/28 18:59,沈伯洋今下午自掏腰包挺庇護工場。（取自育成社福基金會-育成蕃薯藤餐廳 臉書）總統府向庇護工場採購中秋禮盒，因藍白刪凍國務機要費喊卡議題延燒。國民黨籍台北市議員秦慧珠今（28日）在議會邀市長蔣萬安捐款20萬挺庇護工場。蔣有條件的保留回應說，讓秦慧珠大為不滿。下午，民進黨台北市長參選人沈伯洋則親自造訪庇護工場，自掏腰包10萬元力挺，還貼心地要他們中秋後再慢慢出貨就好。藍白日前聯手通過國民黨籍立委翁曉玲提案，全數刪凍總統府國務機要費，讓總統府向庇護工場採購中秋禮盒喊卡。請繼續往下閱讀...位於台北市的庇護工場「育成社福基金會-育成蕃薯藤餐廳」今下午在臉書發文指出，今下午兩點多左右，商店突然一陣騷動尖叫，原來是沈伯洋親自蒞臨庇護商店購物，沈伯洋還貼心交代：「我相信你們最近特別忙碌，所以我購買的伴手禮盒，在中秋節過後再慢慢出貨就可以。」育成蕃薯藤餐廳感動表示，這10萬元的訂單不只是一個數字，更是肯定庇護工場、讓他們持續前進的動力。近日因採買中秋禮盒的預算被刪新聞受到各界矚目，也讓國人更認識他們的努力、更了解庇護工場的意義，不管是加油打氣、直接來用餐，或是購買商品的民眾，對他們來說都非常珍貴。育成蕃薯藤餐廳也期待，支持，不只是節慶的採買，庇護工場的午餐、下午茶、歐式麵包、零食、伴手禮、蛋糕，都是日常生活的好選擇，因為，憨寶貝的學習與工作、一家庇護工場的營運，需要365天持續而穩定的支持。一頓飯、一份商品、一筆捐款、一句真心誠意的鼓勵，都是支持憨寶貝和其家庭穩定結構的力量。文末，育成蕃薯藤餐廳再度感謝每一位願意走進育成蕃薯藤、支持憨寶貝身心障礙者的朋友，盼讓一次的關注，成為長久的理解；讓一時的支持，成為日常的陪伴。沈伯洋今下午自掏腰包挺庇護工場。（取自育成社福基金會-育成蕃薯藤餐廳 臉書）沈伯洋今下午自掏腰包挺庇護工場。（取自育成社福基金會-育成蕃薯藤餐廳 臉書）沈伯洋今下午自掏腰包挺庇護工場。（取自育成社福基金會-育成蕃薯藤餐廳 臉書）    ,https://news.ltn.com.tw/news/politics/breakingnews/5555810
門口霸氣貼「禁止翁曉玲入內，狗貓可以」！嘉義咖啡店發聲了,政治,2026/08/28 18:55,業者在店門口貼「禁止翁曉玲入內」貼紙，表達挺庇護工場、台派立場。（記者王善嬿攝）國民黨立委翁曉玲案刪凍總統府國務機要費3000萬元，衝擊庇護工場產品訂單，惹怒Treads網友，嘉義市陳姓夫妻經營的咖啡店響應網友，在門張貼「禁止翁曉玲入內，狗貓可以」貼紙，在Threads貼文爆紅，吸引支持台派店家客人上門消費，為業者加油打氣。挺庇護工場及其員工陳姓老闆娘說，承包台中、嘉義庇護工場網站設計與產品包材製作等工作，一般人認為製作、包裝很容易，但對庇護工場員工而言，每個動作都要練習很久才能完成，而且總統府國務機要費不只訂購庇護工場產品，許多庇護工場的場地租金、人事費等，部分也都需要國務機要費補助支持，翁曉玲提案刪凍預算，對庇護工場將造成嚴重衝擊。請繼續往下閱讀...業者說，翁曉玲不只提案刪凍總統府國務機要費，立法院審議今年度總預算案時，翁曉玲與國民黨立委對文化部預算也提出刪凍意見，對台灣好的很多預算案因此被刪凍，不只翁曉玲，按下同意票的立委也都是幫凶。他們是動物友善店家，日前看到Threads網友分享「禁止翁曉玲入內，狗貓可以」貼紙圖片二維條碼，認同網友理念，就自行下載列印將貼在門口，表達支持台派立場。台中客衝嘉義挺店家面對Threads有部分網友嗆「為何不明確一點，需有黨證方可進入？」、「綠衛兵」等言論，也有網友在Google評論留一星評論，業者說，「看看就好」，他們在意的是有實際消費，使用店裡的產品後的真實回饋與分享，何況也有不少客人來店裡消費，購買產品表達支持立場。不具名客人說，從網路得知店家貼「禁止翁曉玲入內」貼紙，特地從台中來消費支持，為台派店家加油打氣。嘉義市咖啡店家響應張貼「禁止翁曉玲入內，狗貓可以」貼紙。（記者王善嬿攝）    ,https://news.ltn.com.tw/news/politics/breakingnews/5555707
李貞秀參選竹北市長 柯文哲認為2單位要出來解決,政治,2026/08/28 18:50,民眾黨前主席柯文哲認為該黨前不分區立委李貞秀要投入竹北市長選舉，應該是要衝撞「陸配參政權」。（記者吳俊鋒攝）前民眾黨不分區立委李貞秀宣布投入新竹縣竹北市長選戰，是否衝擊民眾黨選情，備受關注，民眾黨前主席柯文哲今天受訪時認為，她參選應該是要衝撞「陸配參政權那一條」，陸委會、中選會應該出面解決，行不行？講清楚。柯文哲指出，對於李貞秀的參選，中選會、陸委會要清楚說明，行就行、不行就不行，她不分區立委事件就造成了很大的困擾，政府要有誠信。請繼續往下閱讀...柯文哲表示，當初讓李貞秀登記、宣誓就職，後來卻又整人家，參選竹北市長行不行？中選會、陸委會真的要先講清楚，不要再搞一次。    ,https://news.ltn.com.tw/news/politics/breakingnews/5555757
「禁止翁曉玲入內，貓狗可以」！嘉義咖啡廳超嗆告示爆紅,政治,2026/08/28 18:50,國民黨立委翁曉玲。（資料照）立法院藍白陣營聯手刪凍總統府國務機要費3000萬元，衝擊全台37家庇護工場1.5萬份中秋禮盒訂單，引發社會廣泛關注與反彈。針對提出該案的國民黨立委翁曉玲，嘉義一間咖啡廳日前在店門口張貼「禁止翁曉玲入內」的告示圖卡，照片曝光後在社群平台引爆熱烈討論。據民進黨內部輿情分析數據指出，翁曉玲近期爭議連連，負評比例高達87.4％、淨好感值甚至低於國民黨主席鄭麗文。位於嘉義的一間咖啡廳近日在社群平台Threads發文，曬出貼在店門口的趣味禁令圖卡，內容直白標註「禁止翁曉玲入內，貓狗可以」。請繼續往下閱讀...店家在發文中坦言自家立場偏綠，但強調無論客人政治色彩偏好為何，只要「拒絕親紅」都十分歡迎，甚至也友善接待中配朋友。不過店家也幽默列出店內三大禁令：全店禁菸、禁止攜帶「薯條」（嘉義市長參選人、民眾黨立委張啓楷）入內，以及嚴格禁止「翁小人」入內消費。這張鮮明表態的告示貼出後迅速吸引大量網友按讚與轉發，紛紛留言笑稱「看到『禁止薯條、禁止翁小人』我就放心了，這間店的入場審查，比國安會議還嚴格」、「我喜歡那張貼紙，也喜歡你們把那張貼紙貼歪，希望我們國家能夠不再有那些歪七扭八的爛藍白政客」、「拒紅是底線。翻牆糞紅，及共匪同路人滾」、「我超喜歡那張明白的頭像禁止入內的貼紙啊」。     在 Threads 查看嘉義一間咖啡廳在門口貼上「禁止翁曉玲入內」告示。（擷取自@8andyway6/Threads）    ,https://news.ltn.com.tw/news/politics/breakingnews/5554372
竹北藍白合破局 柯文哲示警外溢蔓延：對國民黨滿不利,政治,2026/08/28 18:43,竹北市長選舉藍白合破局，民眾黨前主席柯文哲認為蔓延下去，對國民黨不利。（記者吳俊鋒攝）竹北市長選舉藍白合破局，國民黨新竹縣長參選人徐欣瑩辦公室回應「相忍顧大局」，民眾黨前主席柯文哲今天下午受訪說，什麼才是真正的大局，誠信問題要注意；他也直言，2026地方選戰對國民黨滿不利的，彰化、新竹恐又再蔓延宜蘭、新北，藍白兩黨主席要儘快善後處理。柯文哲說，藍白合破局就怕蔓延，很清楚彰化局面已很難挽救，現在新竹又這樣，他擔心接下來蔓延到宜蘭與新北，對國民黨不利。請繼續往下閱讀...柯文哲說，藍白合是大戰略，但至少要做到誠信，讓雙方認為彼此是可靠的；既然不該發生的破局已出現了，民眾黨主席黃國昌與國民黨主席鄭麗文目前的談話也很硬，2人要儘速善後。柯文哲提到，當初黃國昌說竹北市長由民眾黨來參選，因此全力部署，竟然又出現國民黨參選，若藍白合破局持續蔓延，事態會很嚴重。    ,https://news.ltn.com.tw/news/politics/breakingnews/5555737
盧秀燕稱府棄單 何志偉：庇護孩子們苦等落空的「泣單」,政治,2026/08/28 18:43,總統府副秘書長何志偉（右二）。（資料照，記者塗建榮攝）國民黨立委翁曉玲刪凍國務機要費，導致總統府向庇護工場採購月餅的訂單無法履行。台中市長盧秀燕指總統府「棄單」，台中來接單。總統府副秘書長何志偉今（28）日表示，盧所謂的棄單，事實上是庇護工場孩子們苦等一年卻落空的「泣單」。台中市副市長鄭照新表示，何志偉證實總統府確實有棄單，這也代表盧秀燕的說法並沒有錯，中市府對總統府的大方坦承表達肯定，這是解決問題的態度。他也稱，棄單本來就分成惡意與非惡意，部分人士把盧說的「棄單」預設為惡意棄單，是詮釋者自己的問題，有什麼好崩潰的？請繼續往下閱讀...何志偉今回應表示，台中市政府忽略事實，強加「棄單」二字作政治表述，盧秀燕的棄單，事實上是庇護工場孩子們苦等一年卻落空的「泣單」。何指出，事件的本質非常清楚，國務機要費在總統府多次說明情況下仍遭到立委翁曉玲刪除，導致原定業務無法執行。他說，總統府長期透過相關預算，向社福及弱勢團體採購產品，以實際行動支持弱勢團體。然而，預算遭刪除後，無法依原規劃執行，這是客觀事實，也是整起事件最核心的問題。何志偉表示，正因如此，總統府邀集各界庇護工場召開記者會，除了向社會說明相關情況，更希望拋磚引玉，呼籲社會各界踴躍購買弱勢團體的中秋產品，以實際行動支持這些長期努力自立的團體。    ,https://news.ltn.com.tw/news/politics/breakingnews/5555771
藍白3公投案審查結果出爐！中選會：僅「廢除非核家園」通過,政治,2026/08/28 18:36,中選會針對立法院通過三項公民投票提案召開記者會說明。（記者陳逸寬攝）首次上稿 18:02更新時間 18:36中選會今（28日）公布「鞭刑」、「道路罰鍰專用」、「廢除非核家園」公投案審查結果。其中，中選會決議「鞭刑」、「交通罰鍰專用」不符「公投法」第2條第2項第3款「重大政策之創制或複決」之規定，僅「廢除非核家園」一案在表決後獲通過，將併年底大選投票。請繼續往下閱讀...國民黨所提「廢除非核家園」、「鞭刑」公投，及民眾黨提出的「交通罰鍰專用」等3項公投案，8月14日於立法院通過提案，中選會今日下午舉行例行委員會，針對3案進行審查。歷經時近3個小時的討論後，召開「向人民報告」記者會。游盈隆表示，委員會開了兩個半小時以上的會議，其中特別針對三項公投進行審議，關於第一案「鞭刑公投」，委員會決議不符「公投法」規定，理由是現行法律之刑罰種類，尚無鞭刑或類似鞭刑的制度，提案目的是針對性侵害犯罪、明列幼童罪以及高額詐欺罪、複合型態加重詐欺罪，含有立法原則之創制的性質，不符合「公投法」重大政策之創制或複決的規定。另外，「公民與政治權利國際公約」第7條規定，任何人不得施以酷刑，或予以殘忍、不人道或侮辱之處遇或懲罰，我國於民國98年4月22日制定「兩公約施行法」，並於同年12月10日世界人權日施行。而鞭刑是以公權力對受刑人直接施加肉體痛苦的身體刑，多數國家認屬於殘忍、不人道且侵害人性尊嚴，違反「兩公約施行法」之虞。因此8名委員，除了他當主持人沒投票外，7人全數同意「鞭刑」公投不符合重大政策的創制或複決。針對「交通罰鍰專用」公投案，游盈隆表示，吳容輝、黃秀端、陳月端、游清鑫4名委員認為，該項公投不符合「公投法」第2條第2項第3款「重大政策之創制或複決」的規定，僅蘇子喬、蘇嘉宏、李禮仲認同，經3次表決，比數皆為4比3，據會議規則，表決到第三次時，不需要絕對過半數，改以多數決來決定，因此中選會委員會決議「交通罰鍰專用」不符「公投法」。至於「廢除非核家園」公投，游盈隆指出，這項公投案同樣是以表決方式來做決定，七位委員除陳月端棄權，其餘六位委員均同意符合規定，因此中選會委員會議決議，「廢除非核家園」公投符合「公投法」第2條第2項第3款「重大政策之創制或複決」的規定。游盈隆總結，中選會在會後也針對公投案的編號做出決定，由於只有「廢除非核家園」一案通過，所以該案編號是「第22案」全國性的公民投票，並於今日發布公民投票公告，定於民國115年11月28日（星期六）舉行投票，投票時間從上午8點到下午4點。    ,https://news.ltn.com.tw/news/politics/breakingnews/5555726
藍白3公投案僅「廢除非核家園」通過 國民黨團強烈抗議譴責,政治,2026/08/28 18:35,立院國民黨團書記長林沛祥。（資料照）年底選舉藍白提出3公投案，中選會今（28日）決議「鞭刑」、「交通罰鍰專用」未通過，僅「廢除非核家園」通過，國民黨團書記長林沛祥表達最強烈的抗議與譴責，「朕不給的，你不能拿；朕不准的，你不能投？」林沛祥指出，民主政治最基本的道理，就是人民作主。公民投票之所以存在，就是當國家面對重大公共政策爭議時，讓人民有機會直接表達自己的意志。結果現在卻變成：人民想不想投不重要，立法院通不通過也不重要，先由中選會替2300萬人民決定—「這個問題，你們沒有資格回答。」請問這叫直接民主，還是「直接沒收民主」？請繼續往下閱讀...國民黨團要嚴正質問中選會：人民連表達「同意」或「不同意」的權利，都要先得到中選會恩准嗎？過去我們批評民進黨政府「朕不給的，你不能拿」；現在看來還要再加一句：「朕不准的，你不能投。」國民黨團必須嚴正指出，公投不是中選會送給人民的恩典，而是民主制度賦予人民直接參與重大政策決定的權利。中選會可以依法辦理公投、維護選務公平，卻不應把自己變成「民意守門員」，更不能坐在辦公室裡替人民決定：哪些民意值得被聽見、哪些民意連投票箱都不准進去。林沛祥強調，尤其在鞭刑及重大刑罰政策上，台灣社會長期存在高度討論。面對重大暴力犯罪、性侵、虐童以及層出不窮的重大詐騙，人民當然有權討論：國家的刑罰究竟應該如何兼顧人權、罪刑相當、被害人正義與犯罪嚇阻？國民黨團的態度很清楚：我們可以討論刑罰該多重，可以辯論制度如何設計，也可以公開說服人民投下同意或不同意。但我們不能接受的是，連讓人民表態的機會都直接被沒收。什麼時候開始，台灣的民主變成「可以投票，但只能投政府准你投的題目」？林沛祥強調，如果民進黨認為鞭刑政策不應調整，那就堂堂正正站出來說服人民投下不同意票；如果有人認為更嚴厲的刑罰無法嚇阻詐騙、性侵、虐童等重大犯罪，也歡迎拿出數據、法律與論述說服社會。民主從來不怕辯論，真正害怕民意的人，才會害怕投票。更何況，中選會過去曾否決立法院通過的鞭刑相關公投，引發中選會是否有權實質審查立法院公投提案的重大爭議。今天若行政機關可以用自己的法律解釋，把國會通過、人民高度關切的議題直接擋在投票所之外，那麼所謂「直接民主」，最後恐怕只剩四個字—奉旨民主。國民黨團再次強調：人民才是國家的主人，中選會不是人民的主人。我們強烈抗議任何以行政權力限縮人民直接民主權利的作法，也要求中選會完整向社會說明法律依據與審議理由，接受國會與全民檢驗。你可以不同意國民黨的主張，可以反對鞭刑制度的調整，也可以反對任何更嚴格的刑罰政策。但你不能連人民說「同意」或「不同意」的機會都拿走。林沛祥指出，如果執政者認為人民的聲音可以被忽略、公投可以被擋下、民意可以被選擇性看見，那麼國民黨團也要提醒民進黨政府：2026年11月28日，人民還有一張選票。2028年，人民還有另一張選票。國民黨團表示，公投的選票你可以想辦法擋，民主的選票你擋不了。今天不讓人民用公投表態，2026、2028，人民就會用選票表態。最後送給中選會與民進黨政府一句話：「朕不給的，你不能拿；朕不准的，你不能投」不是民主。真正的民主，是把選票交給人民，然後尊重人民的答案。    ,https://news.ltn.com.tw/news/politics/breakingnews/5555770
自由說新聞》蔣萬安備詢硬牽拖高雄！綠戰將一劍封喉網神回覆讚爆,政治,2026/08/28 18:15,全新的視界！新聞話題不漏接，快訂閱YouTube 【自由追新聞】，記得開啟小鈴鐺哦！    ,https://news.ltn.com.tw/news/politics/breakingnews/5555759
台南輔選評議員選情  柯文哲：民調一直掉很焦慮,政治,2026/08/28 17:29,民眾黨前主席柯文哲呼籲小草要努力，靠自己站起來，不然看到報導民調一直掉，他也很焦慮。（記者吳俊鋒攝）民眾黨前主席柯文哲今天下午到台南永康輔選，談到議員選情，認為藍綠都依照佈局「提好提滿」，小草要自強，努力站起來，否則真的會泡沫化，看到報導民調一直掉，他很焦慮。柯文哲今天下午陪同永康區的民眾黨市議員參選人林乃立拜票，對於該選區藍營就有4人角逐，競爭激烈，他提到「人家沒有理由要讓你」，小草要努力，自己鑽出來。請繼續往下閱讀...柯文哲期勉黨籍參選人要勤加耕耘、扎根地方，爭取選民認同，靠自己站起來，才是真正的第3勢力。柯文哲也懇請大家支持民眾黨提名的議員參選人，給台灣政治一個希望，避免永遠陷入藍綠泥沼，每天不知道在吵什麼。民眾黨前主席柯文哲陪同永康區議員參選人林乃立在黃昏市場拜票。（記者吳俊鋒攝）民眾黨前主席柯文哲陪同永康區議員參選人林乃立在黃昏市場拜票，爭取鄉親支持。（記者吳俊鋒攝）    ,https://news.ltn.com.tw/news/politics/breakingnews/5555657
京華城案一路陪伴媽媽應曉薇 應佳妤競選影片訴說心路歷程,政治,2026/08/28 17:29,國民黨中正萬華區議員參選人應佳妤發布首支競選影片。（擷取自應佳妤臉書）國民黨籍台北市議員應曉薇女兒應佳妤今（28）日在社群貼出影片，訴說陪同母親走過京華城案的心路歷程。應佳妤表示，這是她首度以候選人身分站到大眾面前，要用在英國攻讀公共政策管理碩士的專業，把這份照顧繼續留在中正萬華。應佳妤說，在下星期正式登記參選前，想透過這支影片，表達從媽媽司法案件，一路走到今天的心路歷程，最困難的那段時間，許多人給過關心鼓勵，那些低谷裡的溫暖，她都記在心裡。也想把自己的故事，真實呈現在大家面前，對她來說配票可以安排選票的方向，卻很難代替每一顆心，把信任交給那個能讓自己安心的人。請繼續往下閱讀...她說，如果配票回答的是「投給哪位候選人」，那這支影片想回答的，是她如何從站在媽媽身後的女兒，走到選民面前，成為候選人，這是她第一支正式競選影片，也是第一次以候選人的身分，站到大家面前。影片中，應佳妤自述不是一開始就選擇參選，在很長一段時間，她只是個女兒，那時候想的不是政治，而是媽媽今天能不能回家？那一年，她學會把害怕藏起來，小心翼翼深怕自己說錯任何一句話，會變成別人攻擊媽媽的武器。 她說，愛讓她變得堅定，愛的人被推到風口浪尖，不可能只站在原地，她開始去理解那些陌生的制度，看新聞、查資料，盯著法庭裡的每一個細節，不想只是在遠方生氣，卻什麼都做不了，也從默默等待、到進場旁聽；從站在媽媽身邊，到挺身而出，開始做自己能做的事。 應佳妤指出，在這個過程裡，重新看懂了從小在服務處看到的那些日常，響不停的電話、熱心的問候，還有民眾得到幫助後的笑容，原來這就是政治，要讓每個人每天都能安心生活。她在英國攻讀公共政策管理碩士，因此提出S.A.F.E.社會韌性模型，要用所學的專業，把這份照顧繼續留在中正萬華。     ,https://news.ltn.com.tw/news/politics/breakingnews/5555652
黃偉哲近8年施政滿意度70.9％ 社福健康80.6％居冠,政治,2026/08/28 17:22,最新民調台南市長黃偉哲施政滿意度逾7成，他表示市民感受才是真正成果。（記者洪瑞琴攝）最新民調顯示，台南市長黃偉哲近8年整體施政滿意度達70.9%，其中「社會福利與健康照護」滿意度80.6%最高，「觀光與文化」也達77.0%，八大施政領域滿意度全數突破6成。黃偉哲表示，感謝市民對市府團隊的肯定，民調數字是1份鼓勵，更是1份責任，距離任期結束仍有許多工作要完成，市府會把握每一天，持續把市民關心的大小事做好。黃偉哲指出，「70.9%的滿意不是終點，而是市民交給市府團隊的一份責任。」市長的工作不是追求民調數字，而是把市民交付的事情一件一件做好。台南幅員廣大，各區發展條件及市民需求不盡相同，市府在推動重大建設的同時，也持續強化日常民生服務，努力兼顧城市發展與區域平衡。請繼續往下閱讀...他表示，過去近8年台南面對疫情、極端氣候及產業轉型等各項挑戰，市府團隊持續處理問題、解決問題，推動城市建設與公共服務。對於民調反映的市民肯定，會視為持續前進的動力；對於仍有改善空間的部分，也會持續檢討精進，「市民感受得到的進步，才是真正有意義的施政成果。」根據《風傳媒》民調，詢問台南市民「綜合近八年來的表現，對台南市長黃偉哲整體施政表現滿不滿意」，有70.9%受訪者表示滿意，其中20.7%「很滿意」、50.2%「還算滿意」；表示不滿意者為16.9%，顯示多數受訪市民對近8年台南市政發展持正面評價。台南市政府表示，此次民調涵蓋8大施政領域，滿意度均突破6成，從社會福利、健康照護、觀光文化到交通、農業等面向，都獲得多數受訪市民肯定。這份支持並非集中於單一政策，而是反映市民對城市整體治理的感受。    ,https://news.ltn.com.tw/news/politics/breakingnews/5555574
出席台灣咖啡國際競標邀請賽頒獎典禮 蘇巧慧再申青創政見,政治,2026/08/28 17:21,民進黨立委、新北市長參選人蘇巧慧今（28）日與嘉義縣長翁章梁、黨籍立委、台北市長參選人沈伯洋出席台灣咖啡國際競標邀請賽頒獎典禮。（蘇巧慧競辦提供）民進黨立委、新北市長參選人蘇巧慧今（28）日與嘉義縣長翁章梁、黨籍立委、台北市長參選人沈伯洋出席台灣咖啡國際競標邀請賽頒獎典禮。蘇巧慧表示，台灣咖啡國際競標邀請賽透過賽事、平台的建立，匯聚全國各產區的咖啡，讓台灣的咖啡能夠受到國際市場、買家的專業評鑑，這就是新時代的新觀念、新方法，讓賽事跟市場對接、讓台灣跟世界連結；若當選市長，她會成為青年與創業者的後盾，讓各行各業都能夠在新北市發揮精彩。蘇巧慧表示，全世界咖啡消費國裡面，台灣精品咖啡、自家烘焙咖啡館文化密度超高，在這次參賽作品中，也能看出台灣各縣市、各莊園咖啡產品的多元性、豐富度；如同台灣咖啡研究室計劃主持人林哲豪所說，台灣產品的豐富度、台灣民主自由制度的安穩度，都讓台灣有機會能夠成為世界的咖啡實驗場所，未來政府也要繼續扶植台灣咖啡產業，建立起台灣咖啡前往國際精品咖啡市場的路徑。請繼續往下閱讀...蘇巧慧說，今日有許多優秀咖啡青農出席，她已經提出青年政見，強調要建立「微型創業一條龍加速器」，針對熱門行業，如咖啡、運動教練及AI產業等，提供從品牌定位、成本管理到社群行銷的套裝式完整課程，並結合顧問群的專業諮詢服務，大幅降低創業風險，她會繼續搭建舞台，讓政府成為各產業的堅實後盾。民進黨立委、新北市長參選人蘇巧慧今（28）日與嘉義縣長翁章梁、黨籍立委、台北市長參選人沈伯洋出席台灣咖啡國際競標邀請賽頒獎典禮。（蘇巧慧競辦提供）    ,https://news.ltn.com.tw/news/politics/breakingnews/5555573
蘇巧慧稱不會抨擊民調 李四川競辦：蘇貞昌當年罵自家人假民調,政治,2026/08/28 17:20,李四川競辦指對手蘇巧慧自稱不會抨擊民調，直言蘇貞昌當年罵自家人假民調。（李四川競辦提供）針對年代民調公布後，各界質疑民調樣本與新北真實選舉結構存在落差，民進黨新北市長參選人蘇巧慧表示「不會抨擊做民調的單位」；對此，國民黨新北市長參選人李四川競辦發言人郭音蘭隨即反擊，直言「你爸當年可不是這麼說的」，蘇貞昌當年為了黨內總統初選，不惜痛罵自家人做假民調，難道蘇巧慧又在打臉蘇貞昌？郭音蘭指出，前行政院長蘇貞昌在2011年民進黨內總統初選時，曾公開指責對手謝長廷「不斷放出假民調來打擊他」，2018年參選新北市長時，對新北市長侯友宜，面對《聯合報》民調落後時，蘇貞昌也批評「這種民調可信度不高」。請繼續往下閱讀...郭音蘭質疑，蘇貞昌過去不斷質疑民調真實性，左打自家人、又打侯友宜，如今蘇巧慧卻宣稱不該抨擊民調單位，根本是再度打臉自己的父親。    ,https://news.ltn.com.tw/news/politics/breakingnews/5555656
新北罰單收入大幅超收 議員蘇泓欽提案普發現金,政治,2026/08/28 17:12,新北市議會今（28）日審議去年度總決算。（記者黃子暘攝）新北市議會今（28）日審議去年度總決算，針對罰單罰鍰收入一項，市議員蘇泓欽表示，警察局、交通局的罰單收入均遠超預算數，尤其警察局預算編約19億元，決算卻開到29億元，他可以理解員警依法開罰，但多收的要還給人民，他提案要求將多罰的收入用於普發現金。財政局長陳榮貴、主計處長吳建國則強調，歲入超收與普發是兩個獨立事件。蘇泓欽則反駁，那中央要普發一萬元是怎樣？提案要求送市府研議。議長蔣根煌裁定送市府研究。蘇泓欽指出，警察局、交通局年年大幅超收民眾罰鍰，警察局預算提約19億元，超收到約29億元，交通局則是11億多開到12億多，如果一年如此，他可以理解為特例，但市府是年年如此，不能主張為特例，他建議超收用於普發現金，把多收的都還給民眾。請繼續往下閱讀...吳建國、陳榮貴回應，在條件未成熟的情況下，新北市目前沒有研議普發，超收與普發是兩個獨立事件，且局處開罰均為依據相關法令執法，相信會開單都是依法辦理，且若為檢舉案，不開罰就會面臨瀆職刑事處分；另外，依據預算法第59條，超收就是繳入市庫作為未來編列預算的財源。蘇泓欽質疑，警察局明年也是編19.2億元罰單罰鍰收入，但市府年年預算、決算數字大幅出入，議會審議預算豈非白審？否則市府編的預算形同於「唬爛」，這種事情不能成為慣例，相關局處早該在編列預算時就把符合實際狀況的數字提出、當場說服議員；他也理解員警依法開罰，但他的建議就是多開的要還給民眾。蘇泓欽隨後提案要求市府研究此案，市議員黃淑君、馬見Lahuy．Ipin等喊出附議，蔣根煌裁定送市府研究。    ,https://news.ltn.com.tw/news/politics/breakingnews/5555533
未獲國民黨提名竹市議員黃文政已領表 8/31登記參選爭取連任,政治,2026/08/28 17:11,未獲國民黨新竹市黨部提名，新竹市議員黃文政（立者）已領表，並確定8/31登記爭取連任。（資料照，記者洪美秀攝）新竹市第12屆市長暨市議員選舉昨起領表，8/31-9/4辦理登記，未獲國民黨竹市黨部提名及徵召的現任市議員黃文政，原擬由獲國民黨提名的助理黃婉嫣代為出戰，但黃文政今表態他已領表，並確定8月31日辦理登記，將登記參選爭取連任。至於未獲黨提名，他強調會持續用選民服務爭取認同。新竹市議員黃文政和吳國寶，因涉未出席市議會會議，事後卻補簽到，領取出席費、交通費及膳食費共4900元，被控違反貪污治罪條例，去年4月底新竹地院一審依利用職務機會詐欺取財罪名，判處黃文政2年徒刑、褫奪公權2年、緩刑5年；吳國寶判刑1年8個月徒刑、褫奪公權1年、緩刑3年，黃文政和吳國寶上訴後，原本二審預定今年7月23日宣判，後因有其他事證需續開辯論庭，讓黃、吳是否參選出現變數。請繼續往下閱讀...受官司影響，黃文政未獲國民黨新竹市黨部提名，原擬由助理黃婉嫣代為出戰，如今黃文政已領表，且確定8月31日辦理市議員登記，其助理黃婉嫣雖獲國民黨提名，但不會登記。黃文政將以「我好用3.0」的服務口碑爭取選民認同，全力拚連任。    ,https://news.ltn.com.tw/news/politics/breakingnews/5555639
「女童沒被性侵說」全網炎上！葉元之急Call in進直播節目澄清,政治,2026/08/28 17:04,葉元之急Call in。（取自民視YT《姸選現場》）國民黨立委葉元之日前在政論節目談到北市10歲女童長期遭猥褻案，提到「沒有性侵害」、「怎麼講到那麼的嚴重」，引發全網譁然。今（28）日網路節目直播談到此事時，葉元之本人急撥來賓LINE電話，親自發聲澄清。今日《民視》主播陳姸伶主持網路節目《妍選現場》，與來賓主播吳安琪、資深媒體人邱明玉談到葉元之爭議發言時，邱明玉的LINE電話突然響起，她一看竟是葉元之打來，隨即接起電話。請繼續往下閱讀...葉元之當即表示「那個都是造謠」，表示相關言論是胡說八道，都是斷章取義。他澄清，自己講的是許淑華的記者會講了很多不是事實的東西。他強調，許淑華講的被性侵者，是在說長女，不是當事女童，所以他講的也是長女，不是女童。據查，許淑華先前在記者會稱遭猥褻女童家的大女兒曾遭性侵，不過社會局長姚淑文澄清，大女兒過去被安置的原因並非性侵事件，另有原因。葉元之26日在政論節目中談到此事，並沒有講明是在說「大女兒」，而當時現場皆在討論女童，疑因此導致誤會，主持人謝震武、來賓黃益中都提到女童案「已經是猥褻了」，但葉元之當下也並未澄清。實際還原葉元之26日在政論節目中的發言內容，他當時表示事情不是台北市議員許淑華所說的「240天不作為」、「也沒有性侵害」，並且批許淑華「怎麼講到那麼的嚴重」。當下黃益中直呼：「已經猥褻了，怎麼會沒有？」謝震武也補充：「沒有性侵害，但已經猥褻了。」而葉元之當下僅說：「因為針對這件事情，就是要講得比較精準。」並沒有澄清自己說的「沒性侵」是指大女兒。此事後來在網路上延燒，不少網友也根據對話脈絡，認為葉元之指的是女童沒性侵。陳姸伶稍早也在Threads發文表示：「今天中午直播到一半，才講到葉元之，小玉姊就接到當事人打來的電話，看來是發現被炎上，急著澄清，說是外界對他斷章取義」。陳姸伶還放出該段葉元之在《新聞面對面》的發言，並表示「當時大家都在討論女童，就他突然講長女？從頭到尾也沒有講出長女兩個字，難怪今天call in進來那麼著急。」     在 Threads 查看    ,https://news.ltn.com.tw/news/politics/breakingnews/5555469
沈伯洋請益歷任台北市長 柯文哲：有事聯絡不用透過媒體,政治,2026/08/28 17:03,民眾黨前主席柯文哲對於民進黨台北市長參選人沈伯洋請益歷任台北市長一事，下午在台南永康受訪再度回應。（記者吳俊鋒攝）民進黨台北市長參選人沈伯洋將請益歷任台北市長，前民眾黨主席柯文哲今天下午在台南永康受訪時表示，自己有民進黨很多朋友，有事聯絡，不用透過媒體，「不然一下子會不知道怎麼回事」。柯文哲今天上午在台南新營受訪時指出，對於沈伯洋的會面時間要下週才有空；不過下午在台南永康受訪時，則說要下下週才有空。請繼續往下閱讀...柯文哲解釋，本週都在中南部，下週民眾黨聯合登記，他偕同現任主席黃國昌要繞台一圈，行程滿檔，最快下下週才會有時間與沈伯洋見面。    ,https://news.ltn.com.tw/news/politics/breakingnews/5555622
立院藍白被遠端操控的另1種「無人機」  李忠憲憂心有感而發,政治,2026/08/28 16:54,無人機條例掀憲政爭議，學者李忠憲發文感歎台灣內部有1種「無人機」被遠端操控，一再削弱台灣防衛能力、降低政府治理能力。（記者洪瑞琴攝）面對立法院藍白立委聯手引發的憲政爭議，近日又3讀強行通過國民黨版「強化國防自主暨無人載具產業發展條例」，學者李忠憲今（28）日有感而發指出，台灣現在的處境，甚至比《伊利亞德》中的特洛伊更加令人不安。特洛伊木馬的故事之所以經典，在於它突破的不是城牆，而是城內人的信任。希臘軍隊久攻不下，留下木馬假裝撤軍，特洛伊人自行將木馬帶進城內，最終讓藏在其中的士兵打開城門，外面的軍隊才得以攻入。請繼續往下閱讀...李忠憲表示，但放到今天，現代的「木馬」甚至不必等到深夜開門。當憲政制度逐漸失去功能、行政運作受到牽制，重要機關因人事僵局無法順利運作，國防建設又不斷陷入政治攻防，真正令人擔心的，已不只是外敵從外部進攻，而是國家是否正在從內部削弱自身的防衛能力。他指出，立法院權力擴張的爭議、總預算審議延宕、憲法法庭運作受阻，以及考試院、監察院、NCC等機關人事問題，單獨來看或許都有政治上的理由，但若全部放在一起，值得追問的是，這些政治操作完成後，台灣究竟變得更有治理能力，還是更沒有治理能力？尤其是國防。從俄烏戰爭到近年各地武裝衝突，無人機早已成為現代戰場的重要工具。台灣面對軍事力量遠大於自身的對手，更需要的是穩定的國防政策、充足預算、產業產能與訓練時間。國防預算當然需要監督，但監督與讓國防建設無法推進，顯然是兩回事。李忠憲表示，1種無人機，是台灣急著發展、用來守護國家的防衛工具；另1種「無人機」，卻可能在民主制度的裂縫中，被遠端力量操控，逐步拆掉自己的城牆。真正可怕的「木馬」，從來不一定來自城外。最令人不安的，是當1個國家還沒有遭到攻擊之前，就已經逐漸失去保護自己的能力。    ,https://news.ltn.com.tw/news/politics/breakingnews/5555478
蔣萬安搬高雄九如橋救援 陳其邁：最糟糕方式就是問A答B、牽拖,政治,2026/08/28 16:54,陳其邁（中）強調，最糟糕方式就是問A答B、牽拖別人。（記者葛祐豪攝）台大公館商圈日前出現以柵欄圍成一圈的「格柵式吸菸區」引發議論，被網友批評像狗籠，台北市長蔣萬安今（28）日於議會專案報告，竟搬出高雄九如橋救援，回嗆議員怎不吭一句？對此，高雄市長陳其邁不甘示弱，今天下午受訪時回敬說，應該誠實解決問題，「最糟糕的方式就是問A答B、牽拖別人」。蔣萬安今早赴議會專案報告，民進黨北市議員洪婉臻、簡舒培分別針對格柵式吸菸區及遮陽傘質詢，兩次的質詢都與蔣萬安互槓，蔣萬安更提兩次高雄市，包括高雄的九如橋花了5億元、前鎮漁港改建變成81億元，指「這些也是納稅人的錢，議員要不要標準一致？怎麼不吭一句？」請繼續往下閱讀...對此，陳其邁今天下午被媒體堵訪時表示，他有注意到蔣市長的談話，他的市長任期要畢業了，當市長最重要的就是市政不可能不出錯，一定會有時候碰到一些困難，或有哪些問題，「有問題，我們就把問題解決，很誠實地面對問題來解決問題，這是市民的期待」。陳其邁反酸說：「最糟糕的方式就是問A答B，讓人家覺得說，真的是沒有誠意，也不面對問題、牽拖別人，其實問題還是不會解決嘛！」他強調，如果市長真的在做決策或執行出了錯，只要認錯，市民其實也是可以接受的，「我真的覺得，就一步一腳印，然後務實地面對問題、把它解決，這才是市民對市長的期待」，也不要那麼急，就好好的把市政做好，這是所有政治人物必修的一堂課，因為市民也都在看，「你哪邊有問題，大家覺得這個不好，我們就改嘛，就是那麼簡單的一件事情」。    ,https://news.ltn.com.tw/news/politics/breakingnews/5555627
116萬AI吸菸勸導偵測試辦失敗還要砸400萬？ 林延鳳轟「失敗舊東西裝創新」,政治,2026/08/28 16:53,台北市議員林延鳳質疑市府，過去市立聯醫仁愛院區外試辦AI偵測已失敗，還要砸400萬引進「AI偵測吸菸勸導設備」，痛批浪費公帑。（記者田裕華攝）台北市衛生局將花費400萬元採購「AI偵測吸菸勸導設備」，在西門町及心中山商圈設置20支監視器，台北市議員林延鳳今（28日）指出，AI偵測政策過去曾在台北市立聯合醫院仁愛院區外試辦，已有失敗前例，盲目推行恐讓政策再度面臨失敗。台北市長蔣萬安今天到議會進行多項市政議題專案報告，對於6月底在萬華區設置的柵欄式無菸區，兩個月後增設多處被發現，譏笑為「監獄式、狗籠」，市府火速下令拆除，不僅浪費公帑，市政形象更嚴重扣分。林延鳳強調，修正錯誤雖然是一種態度，但不該成為遮羞布，市府推行政策前本就該有一致的統一標準，而非出錯後才流於補救。請繼續往下閱讀...林延鳳更指出，市府預計再花400萬元引進「AI偵測吸菸勸導設備」作為新政策，根本是「拿失敗的舊東西假裝是創新」。AI偵測政策過去曾在聯合醫院仁愛院區外試辦，當時斥資116萬元，但衛生局自身的結案報告早已判定該計畫「失敗」。林延鳳說，失敗的原因包含事前未做完整影響評估，導致偵測廣播聲音過大、嚴重擾民；AI系統判定精準度不足，民眾只要舉手或摸臉，就會被系統誤判為吸菸並廣播勸導，對路過民眾與病患造成不公平的對待與歧視。就算錄到了，要叫誰來開單取締？蔣萬安回應表示，該計畫是跨局處共同討論，並納入明年度整體無菸城市規劃。目前執行方式仍以「勸阻」為主，針對技術精準度的質疑，市府正引進較新的AI技術，不僅透過肢體動作判斷，還會加入煙霧與溫度等多元偵測方式，目前正持續與廠商溝通中。不過，林延鳳表示，根據掌握的資料，詢商階段就有廠商向市府明確表達，以目前的技術與困難度「不一定能做得動」；她提醒說，400萬元是民脂民膏，市府不應一再重複錯誤，硬推執行上有困難的政策，最後再度落得辦不到、浪費公帑的下場。    ,https://news.ltn.com.tw/news/politics/breakingnews/5555555
宜蘭競選看板掀議  藍營轟「綠能你不能」抨擊綠營雙標,政治,2026/08/28 16:46,藍綠陣營在農地設競選看板，引起違法爭議；國民黨批「綠能你不能」，抨擊民進黨雙標。（國民黨宜蘭縣黨部提供）民進黨陣營指控國民黨宜蘭縣長參選人吳宗憲將競選看板架設在農地上，帶頭違法做了最壞的示範。國民黨陣營反擊，指控民進黨縣長參選人林國漳很多看板也是掛在農地，砲轟民進黨又一次展現「綠能你不能」的雙標。林國漳競選總幹事陳文昌說，希望大家都守法，國民黨指控的看板非競總設置，林國漳總部的看板均依規定設置。國民黨宜蘭縣黨部表示，選舉應該公平競爭，任何政黨、任何候選人都應遵守法律，請林國漳的競選總幹事陳文昌在放話攻擊之前，先把林國漳陣營自己的問題交代清楚！請繼續往下閱讀...國民黨縣黨部指出，林國漳的競選看板到處都是，請問這些看板的設置經費究竟從哪裡來？是不是每一面都符合相關法令？除了看板，林國漳競選宣傳車已在各地行駛，距離《選罷法》規定的「法定競選活動期間」，明明還有一段時間，如今卻帶頭違法。    ,https://news.ltn.com.tw/news/politics/breakingnews/5555477
高虹安一級爆破士-錢康明今領表 投入竹市東區議員選舉,政治,2026/08/28 16:32,高虹安市府前官員錢康明今天領表，將投入新竹市東區（第一選區）議員選舉。（擷取自錢康明臉書）新竹市第12屆市長暨市議員選舉昨天起領表，8/31-9/4辦理登記，現任市長高虹安確定9/2由國民黨主席鄭麗文陪同登記參選市長爭取連任。高虹安任內被請辭的前文化局長錢康明今天也發文已領表確定投入東區市議員選舉，要為新竹市全力以赴，並以「竹有節、人有格、勇敢監督」為競選口號。錢康明在高虹安任內擔任文化局長僅半年，2023年9月被請辭，2年多來對高虹安提出多項評論，被外界封為高虹安一級爆破士。錢康明參選竹市議員，讓已參選爆炸的東區議員選舉更加熱鬧，勢必引起更多話題與討論。錢康明提到，他參選東區市議員就是希望竹市是個有節有人格的城市，未來若當選市議員，將勇敢監督市政，會以無黨籍身分參選東區（第一選區）的議員選舉。請繼續往下閱讀...錢康明2023年9月被請辭後，陸續針對高虹安個人及市政提出多項評論，包括提到高虹安男友李忠庭疑涉入市政及2023年跨年標案等內幕，迫使高虹安錄製影片向市民道歉。當時錢康明以「安全下莊」形容離開文化局長公職的心情，如今選擇參選東區議員，將引發話題與討論。    ,https://news.ltn.com.tw/news/politics/breakingnews/5555594
吸菸區接連拆近200萬打水漂 顏若芳轟：無菸城市成燒錢遊戲,政治,2026/08/28 16:27,台北市議員顏若芳質疑，「無菸城市」政策成燒錢遊戲，她要求市府先訂明確的選址與撤除標準後，才能繼續新增吸菸區。（記者田裕華攝）台北市在萬華華西街、公館設置的柵欄式吸菸區引發爭議後，市府火速拆除，台北市議員顏若芳今（28）指出，多數綠籬式吸菸區也悄悄消失，批評市府事前選址閉門造車、毫無專業，事後面對民怨倉促拆除，一建一拆間，近200萬公帑就打水漂。她要求在完善SOP前，立即停止盲目動支經費，別讓推動市政淪為無頭蒼蠅的燒錢遊戲。顏若芳指出，市府近期以「考量民眾觀感」為由，拆除7處柵欄式吸菸區，以單座造價14.9萬元計算，7處就蒸發了104.3萬元。另比對今年5月迄今的「指定吸菸區資料集」，多處綠籬式吸菸區也悄悄消失，包含大安衛生中心、台北體育局旁空地、信義路四段173號前，以及重慶北路三段145號人行道等至少4處。其中，大安衛生中心吸菸區因鄰近幼兒園而草率撤除，不僅凸顯市府選址毫無專業，建了又拆根本亂花公帑，累計近200萬納稅錢，就這樣被市府丟進水裡。請繼續往下閱讀...顏若芳說，早在今年6月，民間對吸菸區設施就已怨聲載道，市府卻裝聾作啞，放任民怨燒了兩個月才慢半拍拆除；衛生局在爭議爆發後，才跳出來聲稱要訂定設置標準。事實上，她早在今年4月14日的質詢中，就已強烈要求市府研議包含選址評估及維護在內的設置標準。當時研考會卻以「已有管理要點」、「會滾動式調整」等官腔廢話敷衍了事。顏若芳痛批市府傲慢至極，整個決策圈以研考會主委殷瑋為核心，充滿「菁英式的傲慢」，對議會的警告置若罔聞。如今缺乏選址、周邊指引與未來拆除標準的SOP，就是市府決策失準、剛愎自用的鐵證。顏若芳指出，支持吸菸分流與無菸城市，不代表支持市府亂花錢。根據資料顯示，市長推行無菸城市，今年已核准各局處動支4505萬元的第二預備金，截至7月31日已實際動支822萬元。為免納稅錢被無端揮霍，市府必須先修正「台北市吸菸區設置管理要點」或制定嚴謹的SOP，確立明確的選址與撤除標準後，才能繼續新增吸菸區。    ,https://news.ltn.com.tw/news/politics/breakingnews/5555531
《無人載具條例》三讀通過  柯志恩：推動高雄海空無人載具科技產業廊帶,政治,2026/08/28 16:26,柯志恩（右二）日前參訪高雄無人機與GIS開發品牌「藏識科技」。（柯競辦提供）立法院昨（27）日正式三讀通過《強化國防自主暨無人載具產業發展條例》，確定未來6年將編列2400億元預算。對此，國民黨高雄市長參選人柯志恩今（28）日表示，此版本相較行政院原先提出的2100億元方案更加全面，未來她將全力爭取資源落腳高雄，將高雄打造成全球智慧海空無人載具及系統的研發與製造重鎮。柯志恩表示，立院三讀通過《強化國防自主暨無人載具產業發展條例》的核心原則為「國防要顧，台灣產業更要拚」，並於法案中明確樹立預算逐年編列與監督、經濟部與國防部跨部會主管、及保障國內產業技術根留台灣等三大核心主張。請繼續往下閱讀...柯志恩也引述最新民調數據表示，有高達37.6%的高雄市民，支持國民黨版提出2400億元的完整版本，支持度為行政院版的兩倍以上；地方民意相當清晰，支持國防之餘，更期待台灣能將無人機產業實質做起來。她強調，高雄擁有岡山、路竹的航太與精密製造聚落，加上半導體、AI、電池與通訊技術等基礎，並具備亞灣區與中山大學、高科大、國立陽明交大等產學研能量。今年她已陸續拜訪多家在地研發製造無人載具企業，日前美方代表團來台時，她也主動推介高雄完整產業鏈，成功促成8月的無人機商務洽談會在高雄舉辦。柯志恩也提出未來的市政藍圖，將全力推動「高雄海空無人載具科技產業廊帶」，串聯產業聚落，結合金屬中心與在地大學研發資源，建構從機身複材、5G飛控資安、海空兩棲感測到實域測試與維修後勤的完整產業鏈；同時向中央全力爭取國家級無人機與無人船艇實測驗證基地落腳高雄。    ,https://news.ltn.com.tw/news/politics/breakingnews/5555596
竹北藍白合若破局  地方研判衝擊國民黨新竹縣長選情,政治,2026/08/28 16:24,民進黨新竹縣長參選人鄭朝方掌握了現任竹北市長的治理優勢，藍白合如在竹北破局，地方咸認對他的選情有利。（記者廖雪茹攝）竹北市與竹東鎮是新竹縣的大票倉，兩地合計約占新竹縣的近六成選票，竹北是年輕、高學歷族群、科技新貴聚居的城市，竹北市長選情勢必牽動縣長選戰的大盤；地方政壇人士分析，竹北市「藍白合」一旦破局，可能對國民黨新竹縣長參選人徐欣瑩、民進黨縣長參選人鄭朝方的選情產生「彼消此長」，衝擊縣長戰局產生政治連鎖效應。地方政壇人士分析，因為民眾黨未在新竹縣長選舉推派人選，白營的支持者原本可能順勢轉投國民黨的徐欣瑩，但竹北市長的藍白合一旦破局，白營基層將出現「國民黨失信毀約」的憤怒情緒，恐導致支持柯文哲的小草與竹北市的中間選民，因報復藍營而衍生對徐欣瑩「投不下去」的心理，這將使徐欣瑩受到池魚之殃、選情受到負面影響。請繼續往下閱讀...更棘手的是，國民黨本身在新竹縣長初選後的黨內整合傷痕，至今仍未弭平，徐欣瑩雖然勝出，但在黨內初選過程與副縣長陳見賢「殺到見骨」，黨內團結整合是一大難題，如今竹北市又瀕臨藍白合的破局，國民黨在新竹縣長選戰，等於同時面臨「藍營內部整合」與「藍白政黨合作」兩道關卡。地方人士分析，竹北市是攸關新竹縣長勝負的決戰點，藍白合在竹北破局，一定會衝擊徐欣瑩在全縣的選情，對內不一定能獲得陳見賢系統的全力支持，對外有民進黨鄭朝方的強力競逐，藍白在竹北的齟齬甚至分手，對徐欣瑩不利、對鄭朝方相對有利。政壇人士直言，竹北市一旦藍白合破局，恐將新竹縣長的選情從傳統的「藍綠對決」推向極度不確定性，徐欣瑩失去「藍白合」的大團結屏障，必須完全仰賴國民黨組織盤與自身客家大本營的實力；與此同時，民進黨鄭朝方則一舉掌握了「竹北執政優勢」與「藍白分裂」的雙重戰略紅利，大幅增加了民進黨翻轉新竹縣的可能性。地方人士分析，竹北市長選舉「藍白合」一旦破局，恐讓國民黨新竹縣長參選人徐欣瑩承受更大的經營壓力。（記者廖雪茹攝）    ,https://news.ltn.com.tw/news/politics/breakingnews/5555436
林月琴質疑苗栗全民運動館涉圖利  余文忠反擊：全案將主動送調查站,政治,2026/08/28 16:20,民進黨28日召開「問A答B一脈相承，苗栗市標案疑雲說不清！」記者會，立法委員林月琴（右）、民進黨發言人發言人吳崢（左）出席。（記者羅沛德攝）民進黨苗栗市長參選人、立法委員林月琴與民進黨發言人吳崢今（28日）召開記者會，質疑苗栗市全民運動館委外營運涉圖利私人廠商，國民黨籍苗栗市長余文忠發布聲明表示，公所將主動函送法務部調查局苗栗縣調查站，釐清外界疑慮，強調市政建設絕不容許淪為政治操作與選舉抹黑的工具。聲明指出，林月琴質疑苗栗市全民運動館是「圖利特定業者」，完全是不了解實務運作的外行話。事實上，政府補助與市公所注資的經費，僅足夠興建場館的硬體結構（空殼）。內部所有的專業設施、高階健身器材，以及身為健身館核心的「教練培訓」，全數必須仰賴得標廠商自行投入龐大經費建置與營運。請繼續往下閱讀...公所經過專業評審委員的嚴格評選，最終由具備上市櫃背景的專業廠商進場，並投4800萬裝修及添購設備。這不僅能為苗栗鄉親提供具國際水準、CP值更高的優質服務，更是為了確保場館未來能長久、健全地營運，徹底告別過去公有場館因缺乏維護經費，而淪為「蚊子館」的宿命。此外，林月琴在記者會上聲稱，要將資料送交調查局。市公所則聲明，已主動將包含羽球館履約範圍調整評估、權利金變更計算，以及廠商依政府招標公告、投標、評選、議價、履約及結案等相關資料彙整完畢，並將函送苗栗縣調查站釐清外界疑慮，強調一切程序皆依政府採購法及相關法規辦理，絕對經得起最嚴格的檢驗。另，公所運用每年260萬元權利金收入中的100萬元，辦理「全民運動體驗券」計畫，每年預計發放約1萬張運動體驗券（3年滾動檢討機制），採「實際使用、實際核銷」方式，其初衷就是為了實質回饋苗栗市民、排除鄉親入場門檻，鼓勵大家培養運動習慣。余文忠表示，林月琴卻將公所照顧市民的預算惡意扭曲為獨厚特定業者，完全是為了政治聲量而顛倒是非。余文忠強調，市政推動始終秉持「公開透明、合法合規」原則。面對刻意牽扯「余友友」或將地方市政與台北市作不當連結的政治語言，公所不願隨之起舞。既然外界有疑慮，他不打口水戰，直接交由檢調機關查明。他並呼籲林月琴適可而止，停止以「看圖說故事」的方式抹黑基層公務員的辛勞。苗栗市全民運動館。（資料照）苗栗市市公所已將相關案件文件與卷證整理完畢，將主動函送調查局苗栗縣調查站，釐清外界疑慮。（圖由苗栗市公所提供）    ,https://news.ltn.com.tw/news/politics/breakingnews/5555580
北市女童猥褻案240天才安置！沈伯洋批蔣萬安不願認錯、檢討如「內出血」,政治,2026/08/28 16:20,台北市長蔣萬安今在議會備詢，強調一開始不安置女童是社工專業判斷。（記者田裕華攝）台北市近日傳出一名10歲女童長期遭母親的性交易對象猥褻，案發通報後長達240天未被安置，直到媒體曝光，社會局才緊急安置。台北市長蔣萬安今（28）日強調起初是根據社工專業判斷，被民進黨籍市議員許淑華批評拿社工當擋箭牌。民進黨台北市長參選人沈伯洋認為，認錯是基本的，檢討都不願意，真的就是「內出血」。沈伯洋下午出席台灣咖啡國際競標頒獎典禮受訪說，兒虐案台北市已經發生非常多次，先不談個案，很重要的一點是，不要永遠把責任直接推到第一線社工身上，現在社工真的非常辛苦，我們需要的是建立良好的制度，這套制度要怎麼建立？例如社工人數要如何增加、資源要如何增加？且資源不只是用來聘人，更要有資源培訓更多人力，協助分擔業務。請繼續往下閱讀...他說，如果制度建立得好，就不會每年都發生類似的事情，這幾年北市兒虐案件不斷發生，卻沒有檢討制度，也不願意認錯。他認為，認錯是最基本的，如果認錯對政治人物是止血，連檢討都不願意檢討那就真的是「內出血」。    ,https://news.ltn.com.tw/news/politics/breakingnews/5555524
蔣萬安庇護工場議題「和翁曉玲站一起」沈伯洋轟：不會良心不安嗎？,政治,2026/08/28 16:19,民進黨台北市長參選人沈伯洋。（記者叢昌瑾攝）總統府國務機要費遭立法院刪凍，向庇護工場採購中秋禮盒的計畫喊卡。台北市長蔣萬安今（28）日受訪表示，國務機要費可以有更有智慧的方式處理，不希望看到弱勢的議題被拿來政治操作。民進黨台北市長參選人沈伯洋罕見發文點名蔣萬安選擇與提案的國民黨籍立委翁曉玲站在一起，再踩弱勢一腳，「為政治攻防連同理心都不要，不會良心不安嗎？」沈伯洋在Threads上發文表示，平常問A答B就算了，庇護工場這題，蔣萬安可以選擇不發聲，結果卻選擇跟翁曉玲站在一起，再踩弱勢一腳。事實很清楚，就是翁曉玲濫砍預算，而且在明知會傷到弱勢的狀況之下還執意為之，才導致總統府無法繼續訂購。請繼續往下閱讀...沈伯洋直言，從頭到尾就是立法院砍單。這就像，先把人家的錢搶走，再回頭問：「你怎麼不花錢買東西？」他痛批，蔣萬安刻意只講對自己有利的部分、誤導大眾，為了政治攻防，連同理心都不要，不會良心不安嗎？他說，蔣萬安說要「有智慧地處理」，他認為有智慧的處理就是告訴台北市國民黨委員不要砍，不要跟著翁曉玲投票，這才叫有智慧，「作為父母官，能把這種話說得毫不遲疑，真的讓人匪夷所思」。 沈伯洋下午出席台灣咖啡國際競標頒獎典禮受訪說，更有智慧的做法，應該是事前阻止國民黨台北市立委投票刪國務機要費，如果蔣萬安是事後的智慧，那就只是在救自己。還是呼籲接下來還要繼續審查預算，如果蔣萬安對中央預算這麼關心，認為弱勢應該受保護，就應該及早跟台北市立委溝通，不應該讓這樣憾事發生。蔣萬安表示，國務機要費刪凍，可以更有智慧處理。（記者田裕華攝）    ,https://news.ltn.com.tw/news/politics/breakingnews/5555476
公投3案若成案  陳永德坦言：北市選務人員缺6000餘人,政治,2026/08/28 16:08,今年公投綁大選，地方選務負擔加重。（資料照）國民黨所提「廢除非核家園」、「鞭刑」公投，及民眾黨提出的「交通罰鍰專用」等3項公投案，中選會今（28日）審議。北市議員林延鳳今在市議會民政部門質詢問，公投綁大選，北市選務準備好了嗎？民政局長陳永德坦言，如公投三案成案，目前還缺六千多名人力，也要向市府局處請求支援。林延鳳表示，今年選舉還有公投，大家擔心重演2018年邊投票邊開票的亂象，當時也還有市長候選人申請驗票，這是相當巨大的社會成本。她調閱資料，2022年，選務人員招募3.3萬人左右，2024年招募2.3萬左右，但今年到目前招募還不滿2萬人，預計是要招募多少？請繼續往下閱讀...陳永德說，如果沒有公投，現在還差五百多人，如果有一到兩個公投，還差四千多人，如果有三個公投的話，還差六千多人，所以下週二市政會議，他也要向市長蔣萬安專案報告，請求各局處支援，尤其是教育局的老師。林延鳳再問，動線是否已經規劃，比如選舉票跟公投票分開領？可以保證下週市政會議後，三個月內補齊人力缺口嗎？陳永德坦言，現在最頭痛的，就是台北市十二區的區長。林延鳳說，看區長都在苦笑，應該請蔣萬安跟國民黨的立委溝通，拜託行行好，不要造成地方的選務負擔。陳永德也補充，尤其十八歲就可以投公投，但未滿二十歲就不能投大選，如果投票年齡一致至少可以規劃同個開票所。    ,https://news.ltn.com.tw/news/politics/breakingnews/5555556
竹北市長藍白分？黃國昌控國民黨說話不算話 鄭麗文稱理解但不讓步,政治,2026/08/28 15:55,針對竹北市長藍白合，民眾黨主席黃國昌今控國民黨「說話不算話」，國民黨主席鄭麗文表示，在人選安排上，雙方確實存在不同評估。（資料照）針對竹北市長藍白合，民眾黨主席黃國昌今控國民黨「說話不算話」。國民黨主席鄭麗文表示，她理解黃國昌的心情，也感謝民眾黨一路以來展現合作誠意，但在人選安排上，雙方確實存在不同評估，但這並不改變彼此共同努力、追求合作的初衷。民眾黨今天開記者會，黃國昌表示，雙方原存在「縣長挺徐欣瑩、市長由民眾黨出戰」默契，26日與國民黨主席鄭麗文會面，對方卻表明無法處理竹北問題，他深表遺憾，民眾黨支持邱臣遠完成登記，堅定參選到底。「別人說話不算話，我們管不了，但我們對人民的承諾一定說到做到」。請繼續往下閱讀...鄭麗文指出，自己與黃國昌一直保持良好且坦誠的溝通，雙方始終開誠布公交換意見，即使對地方選區的情勢與選舉布局有不同判斷，但雙方一起為台灣人民爭取更好未來的心沒變。鄭麗文說，竹北選情具有高度特殊性，地方經營、民意結構及整體布局，都有必須審慎考量的因素，因此在人選安排上，雙方確實存在不同評估，但這並不改變彼此共同努力、追求合作的初衷。鄭麗文強調，國民黨與民眾黨攜手贏得2026年底大選、回應人民期待的共同目標從未改變。她始終珍惜並重視與民眾黨建立的合作關係，也感謝民眾黨對竹北特殊情況的理解與包容。鄭麗文表示，希望雙方都能珍惜一路累積的互信基礎，以更大的格局面對未來挑戰，我們會持續保持溝通、深化合作，一起為台灣的未來努力打拚，不辜負人民對在野改革力量的期待。    ,https://news.ltn.com.tw/news/politics/breakingnews/5555543
李四川辦稱新民調與實際有落差 蘇巧慧：我不會因落後就抨擊民調單位,政治,2026/08/28 15:54,民進黨立委、新北市長參選人蘇巧慧今（28）日與黨籍立委、台北市長參選人沈伯洋同框出席台灣咖啡國際競標邀請賽頒獎典禮。（蘇巧慧競辦提供）民進黨立委、新北市長參選人蘇巧慧今（28）日與黨籍立委、台北市長參選人沈伯洋同框出席台灣咖啡國際競標邀請賽頒獎典禮，席間受訪。最新一份媒體民調顯示蘇巧慧領先國民黨新北市長參選人李四川約5％，李四川競辦主張此與真實狀況有「巨大落差」，被問及此事時，蘇巧慧回應，她一直把民調當成重要參考資料，不會因為領先就嘲笑對手，「我們也不會因為民調落後，就去抨擊做民調的單位」。蘇巧慧說，她和團隊看的是民調的趨勢，真的就是有越來越多人願意站出來支持她，在地方上走，也有聽到越來越多的聲音，公開地發聲，為她加油打氣；她會繼續用正面陽光的態度面對選戰，因為這就是她希望未來新北市的面貌，現在新北市正在一起迎向一個新時代，希望有共同理念的好友站出來，11月28日一起迎接新北市的新時代。    ,https://news.ltn.com.tw/news/politics/breakingnews/5555475
北市女童遭猥褻曝光才「火速安置」？社會局駁：扭曲兒保專業運作,政治,2026/08/28 15:42,台北市發生一名10歲女童長期遭母親的性交易對象猥褻，社會局處置遭質疑。圖為社會局長姚淑文。（記者孫唯容攝）台北市發生一名10歲女童長期遭母親的性交易對象猥褻，自去年底案發通報後長達240天未安置，女童甚至出現自傷行為，事件引發社會譁然。許淑華今（28日）在蔣萬安專案報告質詢指出，社會局一開始說沒有符合安置標準，為何到新聞曝光後就火速安置女童？北市社會局駁斥該言論，強調並非事實，此說法完全扭曲社會工作專業及兒少保護機制的實際運作。社會局指出，本案於接獲通報後第一時間即啟動保護措施，7月底追蹤到個案狀況有變，再次就安置議題進行相關研議與評估，期間社工持續與家庭及社區網絡溝通，後續於8月中旬取得監護人安置同意書，隨即進行安置程序。相關評估及準備工作早已啟動，絕非民代所稱在記者會後才啟動。請繼續往下閱讀...社會局強調，兒少保護是一項持續評估、滾動修正的專業工作，並非僅依單一事件或單一時間點決定處遇措施。社會局啟動安置，是基於「兒少最佳利益」及專業親職能力與安全評估，並透過中央衛福部的兒少保護安全評估（SDM）機制，進行最妥適的安排。案件發生後，社會局即刻啟動跨網絡討論安全計畫、阻隔相關風險，避免女童持續受害，後續亦未再發生相關情形。社工持續追蹤，於7月發現案主已受家庭、社區網絡等因素變動影響，依據兒童保護案件安全評估（SDM）標準，認定風險程度改變，須進一步提高保護強度。相關評估依據如下：1.兒少心理健康照顧與安置需求：考量案主近期因家庭狀況變動出現自傷行為，社工與專業團隊持續評估其身心狀況及安全風險，並提供相關身心輔導措施。經專業評估，認定有進一步提升保護措施之必要，啟動安置程序；後續因案情遭公開揭露、外界高度關注，可能增加案主心理壓力，因此依兒少最佳利益進行安置並強化相關保護措施。2.照顧者保護能力與防護網絡受限：經社工持續溝通，案母已同意配合社政單位進行安置。考量近期面對鄰里壓力等多重因素，現有保護措施已不足以減輕案主心理壓力及安全風險；加上本案受到媒體及網路高度關注，案家周邊目前已無合宜且具保護功能的安全網絡成員，難以維護案主身心安全，避免受到外界干擾。綜合上述情況，經社工及專業團隊審慎評估後，為維護兒少身心健康與生命安全，決定啟動安置作業，並依兒少最佳利益及生命安全採取必要預防性的保護措施。社會局再次強調，本案自始即有社政、教育及司法等相關體系介入積極處理。任何未尊重兒少及監護人意願，擷取錄音並將相關內容提供公開傳播的行為，忽略了兒少保護工作中隱私與保密的重要性，可能造成孩子二次傷害。社會局呼籲，各界應以孩子的安全與最佳利益為最優先考量，共同重視兒少隱私，避免過度揭露個案細節及相關資訊，給予兒少足夠的復原空間，共同支持專業兒少保護機制的運作。    ,https://news.ltn.com.tw/news/politics/breakingnews/5555502
賴瑞隆競選總部地點曝光   選在這一區,政治,2026/08/28 15:37,賴瑞隆競選總部位於左營區博愛、曾子路口，正進行內部裝修。（記者葛祐豪攝）民進黨高雄市長參選人賴瑞隆的競選總部曝光，選在左營區博愛、曾子路口，目前正進行內部裝潢中，預計10月正式啟用。賴瑞隆的立委選區在南高雄的前鎮小港區，此次拚高雄市長，總部選在北高雄的左營區，有南北平衡的考量。2020年高雄市長補選時，陳其邁的競選總部也位於左營區孟子路、立大路口，距離賴瑞隆這次的競選總部只有一個路口距離。請繼續往下閱讀...據了解，該處地點原先是代銷公司的接待中心，正趕工進行改裝工程，賴瑞隆競辦工作人員預計於9月先進駐、10月正式啟用。賴瑞隆輔選幹部透露，目前民調仍呈現一定領先，仍按部就班打選戰，以成立各後援會為主。預計競總成立後，會陸續舉辦大型的造勢活動。2026地方公職人員選舉候選人登記時間為8月31日至9月4日，賴瑞隆則預計於下週三（2）日前往高雄市選委會登記，屆時將找來神秘嘉賓，炒熱選戰氣氛。國民黨方面，柯志恩的競選總部目前仍設於三民區建國路的市黨部，競辦工作人員幾個月前已進駐，但傳出有可能還要找一處新據點；至於哪一天到選委會登記，柯陣營目前尚未確定。    ,https://news.ltn.com.tw/news/politics/breakingnews/5555523
