Title,News_Type,date,content,url
北捷板南線驚魂！中年男車廂內咆哮 乘客驚慌一度推擠,社會,2026/08/20 18:40,捷警會同站長及保全，在北捷西門站將咆哮男子帶離。（資料照）台北捷運板南線王姓中年男乘客今天下午近4點在車廂內咆哮情事，其他乘客嚇得往前面車廂移動，造成推擠騷動。捷警和保全獲報，在西門站將他帶離，幸無人員受傷。警方說，今天下午3點53分，台北捷運綠線列車自台北車站往西門方向行進中，突然有男性乘客在列車內情緒激動大聲咆哮，其他乘客受到驚嚇，立即起身往前面車廂移動，當時各節車廂擁擠，許多不知情乘客隨著騷動，紛紛走往前面車廂。請繼續往下閱讀...列車抵達西門站時，捷警立即會同站長及保全到場制止，將咆哮男乘客帶離，現場無人受傷。經查，涉事者為45歲的王姓男子，後續將依法偵處。捷運警察隊提醒，旅客搭乘捷運期間，如發現可疑人士或異常行為，可立即按壓車廂內緊急通話鈕，或就近向站務人員求助，亦可撥打110報案；捷警獲報後將立即派員到場處理，全力維護旅客搭乘捷運之安全。    ,https://news.ltn.com.tw/news/society/breakingnews/5546788
觀塘工業區「三接」海岸利用許可 最高行逆轉改判撤銷確定,社會,2026/08/20 18:08,環團批評，三接工程淤泥導致殼狀珊瑚藻覆蓋率連年下降。（資料照，桃園市環保局提供）中油第三天然氣接收站開發案通過環評，獲內政部核發桃園「觀塘工業區海岸利用許可」，護藻礁的環團和居民葉斯桂等人反對，提起行政訴訟要求撤銷原處分。台北高等行政法院一審、更一審皆判居民敗訴，經上訴，最高行政法院今天自為判決，認為本案應與尚未審查完成的工業港、工業區許可案日後的環評審查結果而定，逆轉改判撤銷訴願決定及原處分，全案確定。最高行今日撤銷的中油三接開發案，是針對面積95.4公頃的大面積開發，至於應如何處理，應由內政部重新審查；據指出，中油已就較小範圍的工業區、工業港，分別依海岸管理法另行申請較小面積的許可，也都獲內政部許可，因此中油三接目前的工程進度，並未受到此案判決影響。請繼續往下閱讀...桃園觀塘工業區中油第三天然氣接收站（三接），面積達95.4公頃，通過環評後，內政部2018年核發海岸利用許可，但環團、桃園居民葉斯桂等6人為了保護藻礁，認為開發基地距離桃園觀新藻礁生態系野生動物保護區不到5公里，填海造地也違反海岸管理法的規定，提出訴願被駁回，再提告訴請求撤銷許可處分。內政部主張，核發許可前已進行環評評估，沒有違誤；中油表示尊重環團、居民意見，但許可是在符合法令下取得。台北高等行政法院認為，內政部核發「許可」前，已由海岸管理審議會對海岸保護等相關議題作充分考量與判斷，並限制只能進行2項與工業專用港無直接關聯的工程，原處分並無違誤，且提告的當事人不適格，判環團與居民敗訴；上訴後，最高行政法院發回更審，北高行更一審去年4月仍判環團與居民敗訴。經原告上訴，最高行政法院今日判決廢棄更一審，自為判決改判撤銷訴願決定及許可處分。最高行認為，內政部海岸管理審查會（海審會）審議結果，本件申請案與當時尚在審查中的工業港、工業區環評案件，以及當時尚未提出的工業港申請海岸管理法特定區位許可案，皆有相關。最高行指出，本案是否符合海岸管理法規定，須視其他2案日後的審查結果而定，而內政部應自行審查的事項，除了「最小需用原則」外，其他要件均尚未審查，海審會尚未審認確實符合全部許可條件，就予以許可，自屬違法，因此改判撤銷許可處分，全案確定。    ,https://news.ltn.com.tw/news/society/breakingnews/5546723
三重消防救護車執勤鳴笛閃燈  黃牌騎士路口撞飛全身傷,社會,2026/08/20 17:36,新北市一輛消防救護車今天下午執勤通過路口，與一輛黃牌機車車禍，全程鳴警笛、警示燈，車禍肇因仍待調查釐清。（警方提供）新北市消防局三重分隊一輛救護車今天下午搭載病患，途經重新路、重安街口時，與一輛黃牌重機擦撞，黃牌騎士閃避不及，擦撞救護車頭後彈飛，全身多處挫傷送醫，幸無生命危險。警方到場，釐清當時機車為綠燈通行，但消防救護車執勤中，也鳴放警示燈、警笛，雖救護車擁有優先通行權，車禍肇因與責任歸屬仍待進一步調查釐清，消防第局三大隊也派員到院慰問。據了解，這起消防救護車與黃牌機車車禍，發生在今天下午2時11分，新北市三重區重新路三段、重安街口；警方獲報到場，發現30歲林男騎乘黃牌重機，由重新路四段往重新路三段方向直行，當時26歲蔡姓消防員駕駛救護車由重安街紅燈直行，正進入過圳街，車頭剛進入重新路，就與對方黃牌機車在路口車禍，警方到場將全身多處挫傷的林姓騎士送醫，到院幸無大礙。請繼續往下閱讀...警方過濾監視器，還原車禍經過，發現當時騎士雖是綠燈直行，但救護車執勤通過路口，且開啟警示燈、警笛，有優先通行權，車禍肇因及責任歸屬，仍待進一步調查釐清。    ,https://news.ltn.com.tw/news/society/breakingnews/5546686
獨家》中共「臥龍會」滲透國軍案擴大！小額放款誘當共諜 20多人遭約談,社會,2026/08/20 17:18,雄檢追查發現臥龍會掌握數名現役陸軍上尉個資。圖與本案無關。（資料照）中共「臥龍會」滲透國軍案持續擴大，組織鎖定急需資金的現役軍人，以小額放款使其背負債務，再遊說加入組織、宣誓效忠，依交付軍事情資的機密等級給付獎金；高雄地檢署日前指揮警方發動多波搜索、約談，據悉有20多人接受調查，其中包括多名現役陸軍上尉。檢調近年查出，臥龍會是中共對台發展的地下組織，為滲透國軍、吸收現役軍人成為共諜，先以小額放款接觸急需用錢周轉的軍人，待對方積欠債務、無力償還後，再以協助還債或提供報酬為誘因，遊說加入組織。請繼續往下閱讀...據了解，軍官加入臥龍會前，還須經過宣示效忠等儀式，正式加入後，則依指示刺探、蒐集及交付軍事情資；組織並按照情資的機密程度及價值，給予不同金額的獎金，藉此持續驅使成員提供資料或吸收同袍。雄檢追查相關國安案件時，發現「臥龍會」掌握多名現役陸軍上尉個資，日前北上指揮警方等單位，針對相關人員住居所執行搜索，將多人帶回調查，並查扣手機、筆電等數位設備。據悉，檢警近期已發動多波搜索、約談行動，全案累計20多人接受調查。至於遭約談軍官在案中的身分、個資如何遭組織掌握，是否曾借款、宣示效忠或交付軍事情資，仍待檢方分析查扣設備、比對金流及通聯紀錄後進一步釐清。    ,https://news.ltn.com.tw/news/society/breakingnews/5546659
彰化東外環道驚魂！駕駛突昏迷廂型車狂撞分隔島翻覆,社會,2026/08/20 17:05,廂型車狂撞分隔島翻覆，駕駛輕傷送醫。（警方提供）1輛廂型車今天（20日）下午行經彰化縣花壇鄉省道台74甲線東外環道時，整輛車突然失控衝撞分隔島旋即翻覆，36歲男性駕駛全身多處擦傷，所幸無生命危險，其向警方表示開車途中突然身體不適並隨之昏厥，因而造成車輛失控肇事，消防員將其包紮後送醫治療；事故發生確實原因還要進一步釐清。這起自撞事故發生在今天下午2點多， 廂型車行經花壇鄉74甲往台中方向時突然失控撞擊分隔島後翻覆，男性駕駛爬出車外待援，消防局據報派員趕往現場，給予傷口包紮止血、血糖檢測等適當救護處置後，將患者送往台中烏日林新醫院救治，所幸無生命危險。請繼續往下閱讀...該輛廂型車車頭嚴重毀損，前輪也因猛烈撞擊嚴重位移，由拖吊車拖離現場；男性駕駛向警方表示行車途中突然昏厥，導致車輛擦撞分隔島，造成多處擦傷。    ,https://news.ltn.com.tw/news/society/breakingnews/5546627
砰！新店機車路口撞出勤救護車 騎士重摔骨折送醫,社會,2026/08/20 17:00,33歲鍾姓消防隊員今日出勤，行經新北市新店區民權路與建國路口時，與46歲江姓男子騎乘直行的機車發生碰撞。（記者鄭景議翻攝）33歲鍾姓消防隊員今日（20日）下午2時47分許駕駛救護車出勤，行經該新北市新店區民權路與建國路口時，與46歲江姓男子騎乘直行的機車發生碰撞，導致江男當場連人帶車重摔在地，造成肋骨骨折及內出血，隨後由救護車緊急送往新店耕莘醫院救治，所幸經搶救後生命跡象穩定，詳細肇事責任歸屬仍待警方進一步調查釐清。警方調查，當時鍾姓消防員駕駛消防隊救護車正出勤執行緊急勤務，車上當時並未載運病患。當救護車行經民權路與建國路交叉路口時，沿民權路直行騎乘重機的江男疑似避讓不及，兩車當場在路口中央發生猛烈碰撞。強大撞擊力導致機車倒地滑行，江男也重摔在柏油路上受傷無法站立。請繼續往下閱讀...事故發生後，救護車隨即停下，消防同仁與周邊熱心民眾連忙上前關懷並通報救援。轄區新店分局交通分隊員警與救護人員迅速趕抵現場，經醫護人員初步檢視，江男傷勢嚴重，出現肋骨骨折及內出血等症狀，救護人員不敢大意，火速將他送往新店耕莘醫院進行緊急處置與治療。警方現場對雙方駕駛進行酒測，酒測值均為零，排除了酒後駕車的嫌疑，雙方駕籍資料經查驗也都正常。警方隨後在現場進行拍照採證、繪製現場圖並調閱路口監視器畫面，以還原事發確切過程。    ,https://news.ltn.com.tw/news/society/breakingnews/5546634
採購案護航廠商收賄25萬 心臟名醫林繼敏判刑6年定讞,社會,2026/08/20 16:52,衛福部基隆醫院前心臟科主任、名醫林繼敏15年前辦理採購案，收賄25萬被判11年聲請再審，高院再更一審去年12月認定林有罪，改判6年徒刑，最高法院今駁回上訴定讞。（資料照）衛福部基隆醫院前心臟科主任、名醫林繼敏15年前辦理採購案時，收受業者賄款25萬、20萬元，各被判刑11年、7年6月定讞；林入獄後聲請再審，最高法院就判刑11年部分（收賄25萬）裁准再審。高等法院再審庭前年7月改判林無罪，但被最高法院撤銷發回；高院再更一審去年12月逆轉認定林仍有罪，改判6年徒刑，最高法院今駁回上訴定讞。檢方指控，林繼敏2011年2月1日辦理「心血管攝影X光機等儀器設備合作案」採購案，卻未舉報3家參與投標廠商的實際負責人均為同一人，護航廠商得標，並收下業者交付的25萬元賄款；同年辦理「2D心臟超音波掃描儀」採購案」時，又在基醫心導管室收下業者的20萬元賄賂。最高法院就其2次犯行，分依貪污收賄罪各判刑11年、7年6月定讞。請繼續往下閱讀...林繼敏入獄後聲請再審，高等法院就收賄25萬元、判刑11年部分裁准再審。再審庭認為賄款交付方式有疑，且林未限制儀器規格，沒獨厚特定廠商，改判林無罪。最高法院撤銷，發回高院再更審。高院再更一審審理後，再次逆轉認定林繼敏有罪，依違背職務收賄罪改判6年徒刑、褫奪公權3年，沒收25萬元犯罪所得。林上訴，最高法院今天認為再更一審判決無誤，並指出依卷證資料，林繼敏列席採購會議、在簽呈用印、提出預估底價供核定，並於開標時擔任規格審查人員，具體審核投標廠商參標規格，明知3家投標廠商為同夥，竟隱匿未告知或舉發，仍如期開標，隱而未報屬違背職務行為。至於賄款交付方式，再更一審勘驗林家大樓監視器錄影，顯示廠商邊走邊擺動手上的紙袋，隨後由林繼敏收下紙袋，並當庭進行實物模擬勘驗，證明即使是手掌較小的女性，手持裝有250張千元鈔的紙袋，確實可以單手握住、折疊、或將紙袋扭成長條狀，依此認定確有交付、收受賄款，據以認定有罪，沒有違誤或矛盾，駁回林男上訴，全案定讞。    ,https://news.ltn.com.tw/news/society/breakingnews/5546598
國1苗栗造橋路段3輛大貨車連環撞 1駕駛雙腳被夾受困送醫,社會,2026/08/20 16:28,邱男因車頭變形，雙腳被夾，受困車內，經消防人員搶救脫困。（民眾提供）國道一號北向118.8公里苗栗造橋路段，今（20）日下午1點54分發生3輛大貨車追撞事故，其中一輛大貨車駕駛一度受困，經消防人員動用破壞器材搶救脫困，送醫救治，無生命危險。國道2隊調查，該事故為36歲邱姓男子駕駛大貨車行駛中線車道，疑未保持安全車距，追撞上同車道由22歲莊姓男子駕駛的大貨車，該車再推撞前方由34歲張姓男子駕駛的大貨車而肇事。其中，邱男因車頭變形，雙腳被夾，受困車內，經消防人員搶救脫困，腿部擦挫傷送醫，無生命危險，其他2車駕駛皆無受傷。請繼續往下閱讀...國道2隊警方表示，除邱男送醫待測外，其餘駕駛酒測值均為0，事故現場於下午2點33分排除，後續由造橋分隊依規定處理，並呼籲用路人開車務必遵守行車安全規定，注意車前狀況，切勿分心或疲勞駕駛，並應保持良好精神及專注力，隨時與前車保持適當安全距離，以確保他人與自身用路安全，疲勞時應下交流道或至服務區休息，避免事故發生。國道一號北向118.8公里苗栗造橋路段，今（20）日下午1點54分發生3輛大貨車追撞事故。（警方提供）國道一號北向118.8公里苗栗造橋路段，今（20）日下午1點54分發生3輛大貨車追撞事故。（警方提供）    ,https://news.ltn.com.tw/news/society/breakingnews/5546572
嘉義行車糾紛爆全武行  聯結車駕駛疑遭「車檔」爆頭,社會,2026/08/20 16:15,嘉義縣中洋工業區大門口，因行車糾紛爆全武行。（記者蔡宗勳翻攝）嘉義縣中洋工業區大門口今天早上發生行車糾紛，並衍生肢體衝突，34歲潘男疑似拿「車檔」朝53歲聯結車駕駛徐男的頭部猛敲，徐男當場血流如注，場面怵目驚心，緊急送醫急救，警方調查釐清中。監視器畫面錄到，聯結車沿著嘉166縣道由西往東行駛外車道，準備右轉進入廠區時，鏡頭中突然冒出一部廂型車橫切車道要直入工業區，兩車險些發生擦撞，畫面相當驚險。聯結車徐姓男駕駛進入廠區後，將車停在地磅處下車，找廂型車潘姓男駕駛理論，雙方一口不合，爆發激烈衝突，兩人起初遭勸架拉開，後來又再次發生言語爭鋒。請繼續往下閱讀...第二次理論時，潘男已集結10多名幫手，潘男拿疑似「車檔」多次朝徐男頭部猛毆，造成徐男頭部明顯外傷，送醫急救。警方表示，因攻擊部位為致命位置，將朝向殺人未遂方向偵辦，目前仍待徐男清醒完成筆錄。民雄分局表示，今上午8點27分接獲報案，指新港鄉某大廠前發生糾紛，但警方到場時，現場已無打架情事，不過有一人頭部受傷，立即將人送醫治療。醫院表示，病人頭部外傷，縫合後目前留觀，生命徵象穩定意識清楚。嘉義縣中洋工業區大門口，因行車糾紛爆全武行。（記者蔡宗勳翻攝）    ,https://news.ltn.com.tw/news/society/breakingnews/5546542
​母子騎車逢死劫 18歲騎士撞燈桿身亡、母死裡逃生,社會,2026/08/20 16:10,新北市新莊區今中午發生1起死亡車禍，18歲黃姓男子騎乘普通重型機車後載57歲母親，沿環漢路3段往三重方向行駛時，突因不明原因擦撞路緣，隨後猛烈撞擊路邊燈桿自摔。黃男因頭部重創送醫搶救不治，廖女則全身多處擦挫傷，救治後生命跡象穩定，現仍觀察中。​新莊警分局於今中午12時許接獲報案，指稱環漢路3段發生嚴重車禍，隨即派遣新樹派出所與交通分隊員警趕赴現場處置。警消抵達時，黃男傷勢嚴重、當場失去呼吸心跳，經緊急送往醫院搶救仍不幸宣告不治，後座母親則經救護人員送醫診治後無生命危險。請繼續往下閱讀...​警方目前已完成現場採證與測繪，確切肇事原因及是否有疲勞駕駛或機件故障等情形，仍有待進一步調查釐清。新莊警分局特別呼籲，駕駛人若精神狀況不佳切勿勉強上路，行經彎道或路幅變化處應減速慢行並隨時注意車前狀況，以確保行車安全。    ,https://news.ltn.com.tw/news/society/breakingnews/5546537
新北大掃蕩動員765警築防線 1夜狂抓29件毒酒駕,社會,2026/08/20 15:52,新北市警局昨出動765警力進行大掃蕩。（記者徐聖倫翻攝）為展現對「毒駕、酒駕零容忍」的堅定決心，新北市政府警察局昨大規模動員765名警力，展開第6波全市同步取締專案。警方鎖定易肇事路段與治安熱點，採取高密度路檢、機動攔查等戰術，1夜之間斬獲毒駕24件、酒駕5件，共計29件重大違規，當場移置保管汽機車29輛，打擊成效顯著。​除了交通執法，本次勤務更結合治安巡查，戰果豐碩。專案期間全市共計93處路檢點全數布署，透過毒品唾液快篩試劑的精準輔助，第一線員警成功揪出多名毒駕駕駛，大幅提升執法效率。統計過程中也順利抓獲通緝犯29人、各類刑事犯19人及失聯移工4人，成功將交通執法與治安查緝深度結合，展現新北警強悍的執法量能。請繼續往下閱讀...​警方特別提醒，毒駕與酒駕害人害己，相關法規正不斷收緊。立法院已於今年7月28日三讀通過「道路交通管理處罰條例」部分修正案，未來新法上路後，毒駕及拒測處分將更為嚴厲，原先的「吊扣」駕照處分將全面改為「吊銷」，違規車輛甚至面臨沒入不得領回的重罰。此外，更增訂了「毒駕連坐條款」，明知駕駛吸毒仍執意搭乘的成年乘客，最高可處1.5萬元罰鍰，民眾千萬別心存僥倖。​新北市交大大隊長李仁寧強調，警方將持續秉持「向毒品宣戰」的立場，透過科技偵查與情資整合，維持高強度打擊毒酒駕犯罪的力道。在此呼籲所有用路人，酒後不開車、毒後不上路，若發現身邊親友有異常跡象，應即時制止並切勿搭乘。新北警嚴正聲明，對於毒酒駕絕對零容忍，將持續透過強力執法守護市民的交通安全。新北市警方昨晚執行第6波大掃蕩。（記者徐聖倫翻攝）新北市警方動員765名警力，於全市各大易肇事路段、熱門路口進行攔檢。（記者徐聖倫翻攝）    ,https://news.ltn.com.tw/news/society/breakingnews/5546493
頭份偷機車騎到新竹 竊賊把車丟路邊「搭小黃」落跑,社會,2026/08/20 15:46,警方受理追查，發現男性竊嫌把機車騎到新竹市光復路放置後，竟再攔搭計程車離開。（警方提供）苗栗縣頭份市張姓女子，停放在自家門口的機車遭竊，警方受理追查，發現男性竊嫌把機車騎到新竹市光復路放置後，竟再攔搭計程車離開，此行徑也讓警方傻眼，不過，警方已鎖定特定對象追緝中。頭份警分局頭份派出所於昨（19）日接獲被害人張女報案，表示停放於住家前的機車失竊。警方受理後，調閱被害住家監視器影像，發現一名戴口罩的男子，見張女停放住家前的機車鑰匙沒拔，趁機騎走，連同安全帽也一併竊取離開。請繼續往下閱讀...警方擴大調閱周邊路口監視器影像，掌握竊嫌往新竹市方向移動，最後發現失竊被放置在新竹市光復路旁，並查出竊嫌於該處攔搭計程車離去。頭份警分局表示，經比對相關資料及影像，已鎖定特定對象，已責頭份派出所盡速查緝到案，並呼籲民眾停放機車時務必確認車輛上鎖並避免將鑰匙留置車上。如發現車輛遭竊，應立即報警並提供車輛特徵及相關資訊，以利警方掌握黃金時間追查。竊嫌把停放住家前的機車騎走，連同安全帽也一併竊取離開。（警方提供）    ,https://news.ltn.com.tw/news/society/breakingnews/5546489
台中驚悚車禍！汽機車路口猛烈碰撞 騎士卡車底重創滿地血,社會,2026/08/20 15:45,台中西區路口嚴重車禍，男騎士一度受困車底血流如注。（圖由民眾提供）台中市西區今天下午發生驚悚車禍！1名女子開車行經路口時疑違規迴轉，與對向直行機車發生猛烈碰撞，24歲男騎士當場被撞倒並卡在轎車底下，頭部、四肢重創、意識不清，所幸熱心民眾趕緊以油壓設備撐起車身協助脫困送醫搶救，確實肇因仍待進一步鑑定釐清。事故發生在今天下午1點29分許，地點位於台中市西區東興路與向上路口，經初步了解，轎車女駕駛疑在無照狀態下行駛，行經路口時違規迴轉，正好與對向直行的機車迎面發生碰撞。請繼續往下閱讀...猛烈撞擊瞬間，轎車左側車門嚴重凹陷，機車則倒在路面，24歲男騎士則卡進轎車底部，現場留下明顯血跡，連騎士穿著的1隻黃色運動鞋也因撞擊脫落，散落在事故現場，令人怵目驚心。消防局獲報後立即出動博館、中港、大誠等分隊，共4車、11名消防救護人員趕赴時，現場熱心民眾已使用油壓撐頂設備將轎車車身撐起，協助脫困，消防人員接手後立即檢傷，發現男騎士頭部及四肢均有明顯外傷，且已經意識不清，經現場緊急處置後，火速送往惠中林新醫院救治，詳細肇事原因仍待進一步調查釐清。    ,https://news.ltn.com.tw/news/society/breakingnews/5546487
前金門縣議員陳滄江任用「人頭助理」 二審改判1年得易科罰金,社會,2026/08/20 15:33,熱愛棒球運動的前金門縣議員陳滄江，日前出席太武盃少棒暨青少棒錦標賽。對於助理費二審結果出爐，他低調表示，尊重司法、相信司法。（記者吳正庭攝）福建高等法院金門分院審理前民進黨籍的前金門縣議員陳滄江涉以其子及親戚當人頭申報助理費一案，今天宣判，原判決撤銷，3名被告均犯共同使公務員登載不實罪，得易科罰金，其中陳滄江共2罪，各處有期徒刑6月；陳子涵共2罪，各處有期徒刑6月，得易科罰金；金湘君共2罪，各處有期徒刑5月，得易科罰金。全案可上訴。去年8月7日，金門地方法院針對此案一審判決，指陳滄江擔任議員期間，以其妻姪媳婦金湘君為人頭帳戶申請議員助理費，實際交由其子陳子涵管領使用，依違反貪污治罪條例，處陳滄江有期徒刑9年、褫奪公權4年，陳子涵7年8月、褫奪公權3年，金湘君4年10月、褫奪公權2年。請繼續往下閱讀...二審宣判，3名被告如易科罰金，陳滄江與其子陳子涵每日折算是3000元，其妻姪媳婦金湘君每日折算是1000元。對於結果的「落差」，陳滄江僅低調表示，尊重司法、相信司法。    ,https://news.ltn.com.tw/news/society/breakingnews/5546468
藏太深！男子IWC名錶只賣2600元 「抽乾蓄水池」發現百支仿冒錶,社會,2026/08/20 15:25,台中港警破獲大量仿冒假錶。（台中港警提供）瑞士鐘錶品牌IWC萬國錶竟只賣2600元！ 台中港警於臉書社團發現有網友販售IWC、勞力士、愛彼等各式名錶，竟然只要幾千塊，經購買蒐證確認所售皆為仿冒手錶，進而至販售者鄭姓男子住處搜索，在其頂樓蓄水池內查扣逾百支仿冒手錶，全案經台北地方檢察署以違反商標法第97條起訴。台中港警總隊今（20）日指出，日前員警於網路巡查時，發現鄭嫌利用臉書低價販售IWC名錶，察覺有異，鑑定後確認為仿冒商品，進一步清查發現鄭嫌另販售「愛彼」、「勞力士、「香奈兒」等多款知名品牌手錶，遂循線深入追查，經長期蒐證後持法院核發搜索票，前往鄭嫌台北住處搜索，現場雖未發現仿冒手錶，卻發現大量手錶空盒及包裝紙箱，比對鄭嫌於網路張貼大量販售貼文，與現場實體手錶數量顯不相當，經突破犯嫌心防，終坦承為躲避查緝，刻意將頂樓蓄水池抽乾，將仿冒手錶及電腦主機等設備藏匿其中，形同打造隱密的仿冒品小型工作室，警方獲悉後旋即進入蓄水池搜索，查扣逾百支仿冒手錶，侵權市值高達9千餘萬元。請繼續往下閱讀...台中港務警察總隊呼籲，民眾網路購物時切勿因價格低廉而貪圖便宜，對於明顯低於市場行情之知名品牌商品，更應提高警覺，勿購買來源不明、價格異常之商品，以免誤購仿冒品。鄭嫌抽乾頂樓蓄水池，藏放仿冒名錶。（台中港警提供）鄭嫌將頂樓蓄水池抽乾，將仿冒手錶及電腦主機等設備藏匿其中，（台中港警提供）    ,https://news.ltn.com.tw/news/society/breakingnews/5546459
桃園詐騙車手取款失風逃逸 市區狂飆13公里遭警逮,社會,2026/08/20 15:21,徐姓男子被拉下車逮捕。（圖由警方提供）詐騙集團車手18歲徐姓男子今天上午10點多約被害人取款，被害人日前已被騙走10萬元現金有了警覺，向桃園警分局小檜溪派出所報案後，員警埋伏在雙方約定的大興西路旁，豈料徐男發現後，駕車加速逃逸，在桃園市區闖紅燈、逆向，亂繞了13公里，才終於在國強一街被逮送辦。警方說，詐騙集團以「假網拍、真詐財」手法，騙得被害人交付10萬元後，食髓知味又要被害人交付現金，被害人察覺受騙後報警，也同意配合警方查緝車手等詐團成員；今天上午10點多，徐男接獲詐團上游成員指示，前往大興西路向被害人取款。請繼續往下閱讀...徐男與被害人碰面後，驚覺員警埋伏，一度想拉著被害人上車，幸警方及時制止，加上被害人警覺性高，並未被徐男得逞；警方說，徐男隨後駕車高速逃逸，在桃園市區亂繞，一路闖紅燈、逆向行駛，非常危險，還好支援警力趕抵後，在國強一街攔下徐男就逮，警方訊後已依詐欺等罪嫌將徐男送辦，另，他闖紅燈、逆向等違規也已被員警舉發。徐姓男子駕車逆向逃逸。（圖由警方提供）警方擊破車窗後將徐姓男子拉下車逮捕。（圖由警方提供）    ,https://news.ltn.com.tw/news/society/breakingnews/5546442
新北中和墜樓 女子倒臥社區中庭送醫不治,社會,2026/08/20 15:17,新北市中和區景新街今日中午發生一起墜樓意外。54歲陳姓女子被發現倒臥在住處的社區中庭地面且陷入昏迷。（記者鄭景議翻攝）新北市中和區景新街今日中午發生一起墜樓意外。54歲陳姓女子被發現倒臥在住處的社區中庭且陷入昏迷，民眾發現後連忙報警求助。救護人員趕抵現場對陳女施以救護，並火速送往新店慈濟醫院急救，陳女仍於今日下午1時許宣告不治。轄區中和分局接獲通報後，火速派遣秀山派出所線上警力趕赴現場處置。員警抵達現場後隨即拉起封鎖線，並通知鑑識人員到場進行採證作業。經過採證與鑑識人員初步檢視，現場並未發現打鬥痕跡，警方也調閱監視器，發現婦人是獨自上了14樓，初步排除了外力介入的可能性。請繼續往下閱讀...警方後續已通知發現人以及陳女家屬前來協助調查並製作筆錄，同時依規定完成相關通報作業。全案警方已依法報請新北地檢署檢察官進行刑事相驗，以進一步確定陳女的確切死因。    ,https://news.ltn.com.tw/news/society/breakingnews/5546438
高雄教師墜樓 遺孀泣訴「被逼進了死角」,社會,2026/08/20 14:57,林姓國小師8月11日在住家墜樓身亡，昨辦告別式，家屬要求市府調查，還給林師尊嚴和真相。（高雄市教育產業工會提供）高雄林姓國小教師本月11日在住家墜樓身亡，昨（19）日舉辦告別式後，林師遺孀發出追悼文指出，先生只是一位想把學生教好的基層小老師，卻一步步被逼進了死角，並要求市府要還給林老師最後的尊嚴，和真相。林妻控訴，事件發生後，在全家人痛徹心扉、連眼淚都流不乾的時刻，看到校方對外公開指控他「教學不力」、將一切責任推給已經不能說話的人，她的心，一次又一次被撕裂。請繼續往下閱讀...林妻說，先生只是一位想把學生教好的基層小老師，卻一步步被逼進了死角。她陪著他走過人生那段最痛苦的日子，看著他從一位喜歡與孩子互動的老師，變得夜夜失眠、焦慮恐慌。去年底，先生曾向學校反映行政不當作為之前，從未被學校告知有任何家長投訴。但從今年3月開始，他的教學生活卻全變了，不僅教學組長職務被撤換，就連選擇擔任導師的權利都被封鎖，而校長僅用一句「家長要發動連署」，要求他「換個環境」，卻從未給過他一份正式的調查報告。今年4月時，先生因身心俱疲、瀕臨崩潰，想請長期病假休養，卻被要求自行尋找代理人，遭以「曠職」相威嚇，還要求在家帶病辦公。林妻泣訴，先生為了生存和家庭，選擇介聘調校，但報到時才發現，那些未經證實的「教學不力」負面標籤，比他更早一步傳到新學校，心裡最後一盞燈，徹底熄滅。林妻沉痛地向市府喊話，不要再抹黑一位已逝的老師，在完整公正的調查結果尚未出爐之前，請不要再將所有過錯歸咎於已無法為自己辯護的亡者；同時懇請市府啟動調查，還原事實真相。    ,https://news.ltn.com.tw/news/society/breakingnews/5546424
國1苗栗造橋路段118.8K多車追撞 車流回堵5公里,社會,2026/08/20 14:47,國道1號北上118.8公里苗栗造橋路段，今（20）日下午1點58分發生多車追撞事故。（翻攝國道即時路況）國道1號北上118.8公里苗栗造橋路段，今（20）日下午1點58分發生多車追撞事故，警消獲報抵達，發現現場為大貨車、小貨車及小客車追撞，事故佔用內、外線車道，後方車流回堵至123公里。事故發生原因及經過、人員傷亡狀況仍有待進一步調查釐清。    ,https://news.ltn.com.tw/news/society/breakingnews/5546412
釣魚不成反「刁車」！吉普車陷知本沙灘 漲潮淹輪胎,社會,2026/08/20 14:32,被台東人視為「神車」的吉普車畢竟非萬能，一樣受困沙灘、淺水中。（警方提供）台東常有民眾駕駛吉普車越過淺水區域或前往沙灘釣魚，但吉普車也不是萬能。一名男子日前開車前往釣魚途中，車輛受困於知本沙灘鄰近豐原橋處，隨著潮水上漲，車輪已遭海水淹沒，情況緊急，遂向警方求助。最後靠著警方聯繫轄區民眾協助才順利脫困，男子則鎩羽而歸，魚也不釣了。台東警察分局知本派出所警員王聖文獲報趕赴現場，發現車輛深陷沙灘，隨著潮水逐漸逼近，駕駛顯得相當焦急。王員先安撫駕駛情緒並查看現場狀況，但現場缺乏適當拖救器具。此時，王員想到轄區內有民眾持有絞盤機，隨即設法聯繫對方前來協助。請繼續往下閱讀...熱心民眾接獲通知後立即趕抵現場，利用絞盤協助拖救，順利將吉普車拖出沙灘。車主見愛車平安脫困，終於鬆了一口氣，頻頻向警方及熱心民眾道謝。警方推測，車主可能因受困感到尷尬，連姓名資料都沒有留下；原本打算釣魚，最後魚也沒釣就打道回府。台東分局提醒，海岸地區地形及潮汐變化較為複雜，民眾駕車前往沙灘前，應先確認當地地形、潮汐及道路狀況，切勿因一時方便，貿然駛入不熟悉的海岸或沙灘，以免車輛陷入沙地，甚至受漲潮威脅；如遇突發狀況，也應立即尋求協助，避免自行冒險處理。駕駛見水愈漲愈高，十分著急。（警方提供）警方找來轄區民眾並使用其車上絞盤將吉普車脫困。（警方提供）警方找來轄區民眾並使用其車上絞盤將吉普車脫困。（警方提供）    ,https://news.ltn.com.tw/news/society/breakingnews/5546357
新店警聯手超商門市 打擊物流詐騙列5大要點,社會,2026/08/20 13:53,詐騙集團近年看準便利超商據點眾多、取貨方便且流程快速的特性，頻繁把單純的物流寄取貨服務包裝成詐騙工具。（記者鄭景議翻攝）詐騙集團近年看準便利超商據點眾多、取貨方便且流程快速的特性，頻繁把單純的物流寄取貨服務包裝成詐騙工具。新北市警局新店分局為了有效打擊這類新型態犯罪，除了提出5大防詐要點，更特別聯手轄區內各大便利超商建立防詐聯防機制，除了在門市張貼宣導圖卡，也建立專屬通報管道，只要門市店員發覺顧客有異狀，便能第一時間聯繫警方到場攔阻，全力防堵民眾上當受害。警方指出，詐騙集團最常利用假網拍、假買家以及假客服等名義發動攻擊，或是用話術誘騙民眾將金融卡、存摺、手機、SIM卡以及具有價值的貴重物品透過超商店到店寄出，隨後拿去作為犯罪用途。新店警方與超商門市合作後，一旦店員在辦理寄取貨時發現民眾神色慌張、持續聽從電話指示操作，或是一次寄送多張卡片等異常舉動，便會立刻通報附近派出所派員趕赴關懷，藉此擴大追查背後車手與集團共犯。請繼續往下閱讀...為了提升民眾與店員的防範意識，新店警方特別整理出超商物流防詐的5五大關鍵重點。第一，若在網路販售商品遇到買家聲稱無法下單、未開通金流或未完成認證，並傳送連結要求聯繫假客服，大多屬於詐騙陷阱；第二，取貨付款並不代表百分之百安全，付款只能證明拿到包裹，無法保證內容物真偽，看到遠低於市價的商品仍需多加查證；第三，絕對不要替陌生人代收、代領或轉寄包裹，避免無意間成為犯罪集團的物流幫手。第四，凡是以求職、辦理貸款、家庭代工、投資或帳戶驗證等理由，要求透過超商寄送金融卡、存摺、印章與門號卡，全部都是詐騙手法，個人金融資料絕不能寄給他人；第五，遇到對方製造限時處理的急迫感時，務必先冷靜停下並自行查證。新店分局呼籲，超商只是物流管道不代表交易安全，民眾務必牢記陌生連結不點擊、金融資料不寄出、可疑包裹不領取以及陌生貨物不代收等原則，若有疑慮可隨時撥打165反詐騙專線尋求協助。    ,https://news.ltn.com.tw/news/society/breakingnews/5546302
蘆洲翁違停不滿開單喊開槍、衝馬路 警保護管束通知女兒帶回,社會,2026/08/20 13:39,新北市曾姓老翁不滿違停遭開單，拒絕接受盤查，嗆警開槍打死他，衝到馬路給車撞死，警方依法保護管束，通知家人帶回，仍祭出300元罰單。（記者吳仁捷翻攝）新北市一名老翁傍晚到蘆洲騎機車違停人行道，警方發現盤查、取締，老翁不願配合，在機車上大聲咆嘯，要員警掏槍打死他算了、衝馬路要給車撞死，警方保護其安全，將他保護管束，帶回駐地，老翁女兒接獲通知趕到警局安撫，警方依法開單，仍吃上違停600元罰單。據了解，案件發生於19日晚間6時許，正值下班尖峰時段。員警巡邏時發現曾翁將機車違停在人行道，遂上前盤查，但曾翁不願提供身分資料，並在機車旁大聲咆哮，揚言要員警開槍打死他，還試圖衝上馬路讓車撞。請繼續往下閱讀...員警擔心曾翁危及自身安全，隨即請求支援，將他帶回派出所管束，並通知其女兒到場協助安撫及查證身分。曾翁情緒平復後，由女兒陪同離開。由於事發時人車眾多，路人看見曾翁被警方帶上警車，一度以為他涉及重大案件，隨即拍下過程並上傳網路。事後得知事件起因僅是機車違停，也有民眾認為，警方取締違規時仍應兼顧長者的身心狀況，避免其因情緒過度激動而發生意外。新北市曾姓老翁不滿違停遭開單，拒絕接受盤查，嗆警開槍打死他，衝到馬路給車撞死，警方依法保護管束，通知家人帶回，仍祭出300元罰單。（記者吳仁捷翻攝）    ,https://news.ltn.com.tw/news/society/breakingnews/5546274
警專實習生涉與未成年少女裸聊傳私密照 校方表態最重開除學籍,社會,2026/08/20 13:21,警察專科學校一名正在實習的賴姓學生，因為涉嫌與未成年少女進行裸聊並互相傳送私密照片，昨日遭高雄警方跨區逮捕並移送地檢署偵辦。（記者鄭景議翻攝）警察專科學校一名正在實習的賴姓學生，因為涉嫌與未成年少女進行裸聊並互相傳送私密照片，昨日遭高雄警方跨區逮捕並移送地檢署偵辦，檢方複訊後裁定五萬元交保。警察專科學校對此發布聲明回應，表示獲悉後隨即全力配合司法調查，這名學生行為罔顧校規與團隊榮譽，校方將依規定嚴懲，最重會做出開除學籍的處分。警專強調，學校養成教育向來倡導文武兼備、術德兼修的原則，目的在於培養優質警察，過程中特別重視學生的品德與法紀教育，平時即厲行不適任淘汰制度，嚴格把關警界新血的適格性。對於學生發生行為不檢、觸犯法網的狀況，校方絕不寬貸，調查結果確定後會祭出最嚴厲懲處，維護警界團隊榮譽。請繼續往下閱讀...據了解，這名賴姓警專生利用暑假期間，前往台北市警局中正二分局南海派出所進行實習。他在網路上與一名15歲的高一少女結識聊天，期間兩人不僅進行裸聊，還互相傳送私密照片。少女家長事後發現兩人的對話紀錄與私密照片後大怒，隨即前往警察局報案提告。高雄市政府警察局接獲報案展開追查，掌握涉案男子為警察專科學校實習生，隨後向高雄地檢署申請拘票，於昨日北上前往台北市南海派出所將賴男拘提到案。賴男到案後坦承相關犯行，警方問訊後將他移送高雄地檢署複訊，檢察官審酌案情與證據後，諭令賴男以五萬元交保，詳細事證仍待檢警進一步調查釐清。    ,https://news.ltn.com.tw/news/society/breakingnews/5546278
「爸爸什麼時候回來？」新北警遭毒駕撞死 遺孀盼維持18年半,社會,2026/08/20 13:10,黃瑋震遺孀。（記者楊心慧攝）29歲男子黃國維2024年吸食依托咪酯等3種毒品後，無照駕駛賓士車飆速、闖紅燈，逆向撞死執勤中的三重分局警員黃瑋震，造成1死2傷，一審國民法官判18年6月，歷經高院、最高法院撤銷後發回更審。高院更一審今開庭，黃瑋震遺孀的委任律師受訪表示，國民法官判處黃國維18年6月，反映社會對毒駕「零容忍」的態度，家屬希望至少維持原刑度。黃瑋震遺孀則透露，孩子至今仍會問「爸爸什麼時候可以回來」，她也想和死去的丈夫說會好好把孩子帶大。遺孀委任律師表示，黃瑋震身為警員，使案件受到較高關注，但社會上還有許多毒駕案件未必有機會受到如此詳細的檢視。遺孀因此決定一路堅持，希望透過自身痛苦的經歷，讓社會了解毒駕可能造成一個家庭破碎，盼類似悲劇不要再發生。請繼續往下閱讀...毒駕撞死新北警判18年半 黃國維主張不構成「因而致死」求減刑對於黃國維在更一審的訴訟主張，律師批評，其態度令人無法接受，指出黃國維雖承認吸毒，卻否認一路飆速、闖紅燈等行為構成危險駕駛，並主張自首要求減刑、認為18年6月刑期過重，認為非常不OK。律師另指出，黃國維雖曾表達和解意願，但即使與其他被害人簽下和解筆錄，也未實際支付賠償，對黃瑋震家屬同樣表示願意和解，卻未有實質賠償，甚至曾以希望外出工作、賺錢賠償為由要求停止羈押，讓家屬難以接受。談到這兩年如何度過，黃瑋震遺孀表示，過去曾告訴孩子「爸爸被壞人撞死了」，醫生雖然盡力搶救，但神明要把爸爸帶到天上治療，「治療好就會把爸爸送回來」，但小朋友在想念父親時，仍常問她：「媽媽，爸爸什麼時候可以回來？」每當聽到這句話，她都相當難過。遺孀說，最難熬的時刻，是孩子想念爸爸，或自己遇到事情需要與另一半商量時，「但就是沒有人可以討論」。被問到如果黃瑋震現在能聽見她說話，最想告訴丈夫什麼，她說：「就是請他不要擔心，我會好好把小朋友帶大。」至於為何選擇站出來，遺孀表示，這件案子後仍發生許多毒駕案件，她希望自己的案件能夠讓後續案件受到重視，「還是想要給很多人一個公道」，也盼社會正視毒駕造成的傷害。遺孀委任律師。（記者楊心慧攝）    ,https://news.ltn.com.tw/news/society/breakingnews/5546252
騎車滑手機露餡 男謊報身分又涉毒駕送辦,社會,2026/08/20 13:05,謝男謊報身分又涉毒駕遭送辦。（記者劉慶侯翻攝）31歲謝姓男子騎乘機車時使用手機，被巡邏的北市警萬華分局員警發現攔下，警方在查問中，謝男眼神飄忽可能有鬼，結果查出對方謊報他人身資料，繼而再有毒駕情形，訊後依法究辦。北市警萬華分局西園路派出所警員蘇柏倫、林昱祥、警專實習生賴翊安，是前日凌晨執行巡邏勤務時，在西園路二段與寶興街口見1名男子騎機車時使用手機，立即上前盤查。請繼續往下閱讀...警方在查訪過程中，見對方眼神飄忽不定，語氣故作鎮定，員警依他提供資訊利用電腦查證，發現影像檔案與其外貌顯不相符，是謊報他人證件資訊，當場為員警所識破。男子自知難逃法網，始坦承真實身分姓謝，並同意實施毒品唾液快篩，檢測結果呈現安非他命陽性反應，員警於是將他帶返所調查。不過，警方對於謝男並未涉及其他事件或吊銷駕照，或是遭到通緝，卻要冒風險謊報他人身份資料，仍是疑惑不解，全案詢後先依毒品罪嫌移台北地檢署偵辦。警方表示，毒品會影響駕駛人的注意力、判斷力及反應能力，往往衍生嚴重治安交通問題。警方將持續加強毒品、毒駕之查緝，積極淨化轄區治安環境，維護公眾生命、財產安全。    ,https://news.ltn.com.tw/news/society/breakingnews/5546211
台中警陪南投嬤等天亮 2天後悄悄送來「兩根竹筍」：最樸實謝意,社會,2026/08/20 13:02,員警將阿嬤帶回警所陪伴到天亮。（民眾提供）凌晨2點多錯過末班車、人生地不熟，陳姓阿嬤從南投集集到台中探望孫女卻撲空，無助之際獲第三分局警員帶回派出所安心等天亮，沒想到兩天後，她再搭客運到台中，留下兩根親手種的竹筍表達謝意便悄悄離開，這份樸實的心意，也讓員警備感溫暖。第三分局立德派出所員警劉佳竺、楊建宗，16日凌晨2點多執行巡邏勤務，接獲通報火車站有婦人需要協助，但兩名員警在站內、站外找了近10分鐘遍尋不著人影，正準備離開時，突然發現八德街路旁一名婦人朝巡邏車揮手，正是報案求助的陳姓阿嬤。請繼續往下閱讀...原來阿嬤從南投集集獨自搭車到台中探望孫女，因事前沒有約好時間，抵達後又始終聯繫不上孫女，加上夜色已深，連返家末班車也錯過了，面對陌生街頭不知何去何從，只好向警方求助，甚至詢問附近是否有旅館可以暫住一晚。員警評估後發現，距離首班客運還有4個多小時，若讓阿嬤獨自在陌生環境中找住宿或四處等車，恐有迷路或發生意外之虞，徵得同意後先將她帶回派出所休息，直到清晨6點再護送她前往搭車，還準備一份涼麵讓她填飽肚子，並留下名片，叮嚀她日後若遇到困難，隨時都可以向警方求助。沒想到兩天後，阿嬤特地從集集搭客運來到台中，沒有大張旗鼓道謝，只在客運站留下兩根親手種植的竹筍，拜託站務人員轉交給當晚幫助她的員警，等員警接獲通知趕到時，阿嬤早已離去，兩根樸實的竹筍沒有華麗的謝詞，卻是老人家最真摯心意，也讓員警既驚喜又感動。阿嬤留下兩根親手種的竹筍，透過站務人員向員警表達謝意便悄悄離開。（民眾提供）    ,https://news.ltn.com.tw/news/society/breakingnews/5546255
毒駕撞死新北警判18年半 黃國維主張不構成「因而致死」求減刑,社會,2026/08/20 13:00,29歲男子黃國維2024年吸食依托咪酯等3種毒品後，無照駕駛賓士車飆速、闖紅燈，逆向撞死執勤中的三重分局警員黃瑋震，造成1死2傷。（記者楊心慧攝）29歲男子黃國維2024年吸食依托咪酯等3種毒品後，無照駕駛賓士車飆速、闖紅燈，逆向撞死執勤中的三重分局警員黃瑋震，造成1死2傷。一審國民法官判18年6月，歷經高院、最高法院撤銷後發回更審。高院更一審今開庭，黃國維主張不構成刑法第185條「因而致人於死」，並指原審有重複評價之虞，且自首未獲減刑。檢察官主張黃應依累犯規定加重其刑，請求二審從重量刑。檢警調查，有逾70次無照駕駛紀錄的黃國維，案發前吸食K他命、喪屍煙彈及安非他命毒品，去年7月13日凌晨仍執意駕駛賓士車上路，先赴新北市三重區中寮街載朋友，再沿正義北路往重陽路方向行駛，行進間一路飆速、左右偏離車道、違規左轉、闖紅燈等。請繼續往下閱讀...當天凌晨1時26分，黃男開到正義北路與龍門路口時，直接闖紅燈通過路口，再逆向衝撞執行巡邏勤務、停在路口等待燈號的三重分局警備車及一輛白牌計程車，警車當場被撞得飛進騎樓，車殼零件散落一地、警車的警示燈斷裂分離，車禍現場一片凌亂。因撞擊力強大，坐在警車副駕駛座的黃瑋震全身受重創，造成多處骨折致創傷性血胸，傷重死亡，留下妻子和4歲幼子，另名坐在駕駛座的周姓警員及白牌車彭姓駕駛都受有腦震盪等傷害。新北地檢署2024年12月將黃男起訴，新北地院國民法官庭判18年6月，被二審撤銷，發回新北地院更審，又被最高法院撤銷，發回高院更審。檢察官提起上訴，高院更一審今開庭，檢察官主張黃國維應依累犯規定加重其刑，請求二審從重量刑。黃國維則承認毒駕，對犯罪事實不爭執，但認為原審量刑過重，並未構成刑法第185條「因而致人於死」的加重結果，另認為原審適用道路交通管理處罰條例有重複評價之虞。辯護人另主張，黃國維符合自首規定，應依法減輕其刑。檢方及告訴代理人主張，黃國維駕車行駛於公共道路的整體過程均屬危險駕駛行為，包括監視器、行車紀錄器等影像，均可呈現其駕駛過程所造成的具體危險，應就整體駕駛行為加以評價。黃國維的辯護律師表示，黃國維逆向駕駛確實導致黃瑋震死亡，但開車過程並未撞到人，案發是行人少的凌晨，現有影像也難以完整呈現當時實際狀況，且黃國維並無持續競速、蛇行等行為，應細分為「危害時間」與「非危害時間」，不能將整體行程概括認定，因此認為不構成刑法第185條所規定的犯罪。審判長指出，本案案情較為特殊，就目前證據而言，雙方主張「各有一半道理」，為避免日後產生爭議，有必要進一步勘驗相關證據，將駕駛過程細部切割、逐一檢視，以釐清黃國維的駕駛行為是否已達具體危險程度。檢察官及告訴代理人律師表示，將聲請勘驗監視器、行車紀錄器等影像，並整理黃國維駕駛期間闖紅燈、逆向，以及險些撞及人車等行為的次數與情形，預計兩週內完成整理。審判長諭知，本案訂於10月1日上午10時續行審理並進行辯論。    ,https://news.ltn.com.tw/news/society/breakingnews/5546220
員林人心惶惶的「碰瓷惡霸」竟是女兒身！2個月犯12案聲押獲准,社會,2026/08/20 12:59,員林「碰瓷女」外型打扮中性、滿身刺青，卻在2個月內犯12案，檢方已聲押獲准。（民眾提供）彰化縣員林市近日頻傳「碰瓷」詐財案，一名外型壯碩、滿身刺青的洪姓女子，涉嫌刻意製造機車擦撞，或在人潮聚集處故意碰撞、佯裝跌倒，再以受傷、無法工作為由索討醫藥費及誤工費。由於洪女打扮中性，不少被害人誤以為遇上「8+9惡霸」，直到警方逮人才驚覺是女兒身。彰化地檢署複訊後，依詐欺、恐嚇等罪嫌向彰化地院聲請羈押，法院昨（19日）晚間裁准。有被害人指出，日前在員林市博愛路華成市場購物時，疑遭洪女刻意碰撞，對方隨即要求私下和解，並以每天1700元計算，索討4天共6800元誤工費，更嗆聲若不賠錢就提告。也有被害人拍下洪女身影，上傳社群平台示警，引發民眾熱議。請繼續往下閱讀...員林警分局獲報後成立專案小組，清查發現，35歲洪女從今年6月至8月間，密集在員林市、大村鄉一帶犯案，至少12人受害，最高紀錄一天連犯4案，不法所得初估3萬餘元。警方擴大調閱監視器畫面分析比對，鎖定洪女涉有重嫌，報請彰化地檢署指揮偵辦，18日下午持拘票將她拘提到案。警方表示，洪女打扮中性，但聲音辨識度高，經比對鎖定身分後，18日當天即將她拘提到案。全案依涉犯刑法詐欺、恐嚇及強制等罪嫌移送彰化地檢署偵辦。檢方訊後認有反覆實施之虞，向法院聲請羈押，彰化地院已於19日晚間裁准，後續將持續擴大清查是否有其他被害人。洪女外型壯碩、滿身刺青，不少被害人誤以為遇上「8+9惡霸」，直到警方逮人才驚覺是女兒身。（民眾提供）    ,https://news.ltn.com.tw/news/society/breakingnews/5546192
AI教父主動加LINE？ 台中婦信了「財富自由」衝當鋪借200萬 ,社會,2026/08/20 12:50,婦人與假投資詐團的對話。（民眾提供）台中市一名婦人近期在臉書看到投資廣告，點進去後竟收到自稱「AI教父」黃仁勳訊息，隨後被拉進投資群組，眼看群組天天曬出高額獲利，她深信搭上「財富自由」列車，甚至衝到當鋪準備抵押名下房產籌200萬元加碼，所幸當鋪業者察覺異狀立即報警，及時拆穿假投資詐騙手法，保住財產。台中市第三分局東區分駐所前天下午接獲轄內當鋪通報，指有民眾疑遇投資詐騙立即派員到場了解發現，該名婦人早已深陷「名人帶你賺錢」話術，還準備抵押財產借款，若不是當鋪業者察覺不對勁，200萬元恐怕就要送進詐團口袋。請繼續往下閱讀...婦人表示，近期在臉書看到投資廣告點擊後加入LINE，沒想到對方竟自稱是黃仁勳還主動與她互動，進一步邀請她加入投資群組，群組裡除了有「老師」指導投資，其他成員也不斷貼出獲利截圖，營造人人都在賺錢的假象，她看著一張張「獲利戰績」，深信只要跟著操作，就能靠投資翻身，當詐團進一步鼓吹加碼，她也開始打起名下財產主意，直接前往當鋪，準備借出200萬元「投資」。員警檢視其手機對話及投資資料，發現所謂黃仁勳、投顧老師、群組成員及投資平台，全都是詐騙集團精心設計的假身分與假場景，平台上的獲利數字也只是用來取信被害人的虛假畫面，起初婦人仍不願相信，直到員警拿出過往案例，一步步拆解「名人背書、群組曬獲利、鼓吹加碼、要求投入更多資金」的假投資套路，她才終於醒悟。婦人衝到當鋪準備抵押名下房產籌200萬元，警方及時阻詐。（民眾提供）    ,https://news.ltn.com.tw/news/society/breakingnews/5546199
打著「天道盟」旗號徵才  背後又是詐騙集團操作,社會,2026/08/20 12:50,警方破獲陳姓男子為首的詐騙集團。（記者黃佳琳翻攝）屏東柯姓婦人誤信投資話術損失超過百萬，刑事局南部詐欺偵查中心查出，主嫌陳男在外打著「天道盟」、「太陽聯盟」名號，涉及多起暴力討債案件，更與境外機房合作搞詐騙，警方循線逮陳嫌等16人，訊後依涉嫌詐欺等罪嫌移送屏東地檢署偵辦。南打指出，柯姓婦女去年4月遭詐欺集團以「代操黃金期貨」、「短線高額獲利」等假投資話術詐騙損失逾1百多萬元，警方獲報後趁詐團打算與柯女再次面交時逮捕黃姓車手，並溯源查緝控盤首腦、境外機房幹部、車手頭等多人到案。請繼續往下閱讀...警方追查發現，該詐團由50歲陳姓男子負責全盤策劃與指揮，向下吸收主要幹部楊、洪男任車手頭，招募需錢孔急的民眾擔任底層車手向被害人面交取款，並以小組責任制管控每日犯罪績效；向上則結合境外機房幹部施男、蔡男直接獲取第一手被害人受騙資訊，增加量單收益，維持幫派運作。陳嫌對外更打出「天道盟」、「太陽聯盟」名號，藉由高壓紀律與層級分明的犯罪鏈，瘋狂搜刮不法利益，維持幫派運作，甚至在Threads上公布「太陽聯盟雄陽分會」徵才訊息，鎖定15歲至49歲青壯年，列出需服完兵役、身體健壯等條件，並以「入會送西裝皮鞋」作為誘因，一度引發警方關注。經檢警清查，被害者約有10人，財損金額高達1000萬元，警方去年8月起發動多波搜索，在高雄市三民區據點等處，查緝陳嫌及剛回台的施男等2女14男共16人到案，查扣太陽聯盟牌匾、刀械、空氣手槍、自小客車、現金、手機等贓證物，陳姓主嫌、境外施姓幹部及幫派主要幹部等人由檢察官訊後聲請羈押獲准，依法提起公訴，並對境外洪姓等在逃犯嫌發布通緝。    ,https://news.ltn.com.tw/news/society/breakingnews/5546243
台中環保局又傳貪污！ 清潔隊員私賣回收物得手9900元遭訴,社會,2026/08/20 12:31,台中環保局洪姓臨時人員，趁擔任資源回收車隨車人員，私藏筆電、電池等回收物帶回家變賣，貪得9900元，自首後中檢偵結依貪汙罪起訴。（記者陳建志攝）台中市環保局洪姓（32歲）臨時人員，因小孩剛出生，經濟壓力大，前年6月起趁擔任隨車清潔人員機會，將收運的青銅、水龍頭、筆電、鋁、鐵製品等資源回收物，趁機載回家變賣，共貪得9900元，直到去年4月被清潔隊發現，前往廉政署自首，檢方偵結依貪污罪起訴，但考量情節輕微，且犯罪所得未超過5萬元，建請依法減輕或免除其刑。中檢起訴指稱，洪男（32 歲）為環保局僱用的臨時人員，擔任資源回收車輛隨車人員，負責沿街收運民眾所丟棄的資源回收物，洪男卻從2024年6月1日起至2025年1月18日止，數次利用執行清潔隊清運勤務機會，將清潔隊向民眾收運的青銅、水龍頭、筆電、乾電池、機車電池、金屬類的鋁、鐵製品等資源回收物，先行挑選裝袋暫置於資源回收車上。請繼續往下閱讀...檢方查出，洪男等到清運勤務結束，資源回收車返回區隊停放時，趁機將這些物品放到自己的自小客貨車，或由不知情的太太騎機車載回家，等到累積到一個數量，再拿到資源回收站變賣，共貪得9900元，去年4月遭區隊發現後，主動到廉政署自首並繳回犯罪所得。檢方偵訊時洪男坦承犯行；資源回收站顏姓負責人也證稱，洪男會拿鋁製品、廢鐵、電池、青銅製水龍頭等物品來變賣，每次變賣的物品約7至10公斤，平均變賣的價格大概在300元。檢方調查後偵結，近日依貪污治罪條例侵占職務上持有之非公用私有財物罪嫌起訴洪，該罪法定刑為5年以上徒刑。檢察官認為，洪男是因小孩剛出生，經濟壓力大，因所犯情節屬輕微，且其所得財物僅9900元，並未超過5萬元，建請依貪污治罪條例第8條第1項前段、第12條第1項等規定，依法減輕或免除其刑。    ,https://news.ltn.com.tw/news/society/breakingnews/5546163
2闆娘遇詐慘噴1.4億！詐團首腦逃竄山區 警用無人機「陸空夾擊」逮人,社會,2026/08/20 12:01,刑事局結合警用無人機陸空夾擊，成功逮捕潛逃屏東山區竹林藏匿的黃姓首腦。（圖由警方提供）中部2名「闆娘」先後陷入假交友、假投資陷阱，慘遭詐超過1.4億元，刑事局中部打擊犯罪中心循線揪出與境外詐騙機房配合的車手集團，結合警用無人機採「3D立體打擊」策略陸空夾擊，成功逮捕潛逃屏東山區竹林藏匿的黃姓首腦，先後共查獲22人，檢方也在近日偵結起訴黃男等5人，其餘涉案人尚未偵結。刑事警中打第一隊長詹作維今天說明案情指出，該隊去年接獲十多名遭假投資詐騙被害人報案，合計損失超過1億6000多萬元，其中光是2名闆娘就分別交付6000餘萬元、8000餘萬元，直到投資獲利遲遲無法出金，才驚覺受騙。請繼續往下閱讀...經分析詐團取款模式，發現成員慣以面交收取贓款，隨即鎖定車手行蹤，分別在2處面交現場逮捕5名車手，並層層溯源車手、監控手及收水手，隨即與台中市第五分局組成專案小組，報請台中地檢署檢察官陳隆翔指揮偵辦，從去年10月22日至今年7月23日間，陸續發動多波查緝行動，期間更祭出「科技鷹眼」派遣警用無人機升空，即時掌握車手面交取款過程，再由地面警力迅速收網，讓詐團成員無所遁形。經一路追查，最後鎖定20歲黃姓車手集首腦，並發現他藏匿在屏東縣郊區查緝時，黃男察覺不妙直接鑽進山區竹林企圖躲避追捕，警用無人機立即升空，從空中搜尋竹林動態，透過即時影像鎖定黃男逃逸路線及藏匿位置，地面警力則同步包抄，形成「陸空夾擊」的3D立體打擊網，順利將黃男逮捕到案。警方表示，前後共查獲22名涉案成員，起出現金300餘萬元、點鈔機及手機等證物，黃男另因詐欺案遭通緝，落網後經檢方複訊直接發監執行，全案依詐欺取財、洗錢防制法等罪嫌移送偵辦，檢方近日偵結先將黃男等5人提起公訴。警方前後共查獲22名涉案成員。（圖由警方提供）警方查扣點鈔機等證物。（圖由警方提供）    ,https://news.ltn.com.tw/news/society/breakingnews/5546109
台中幼園爆虐童疑雲！議員質疑教育局調查慢半拍、證據恐難保,社會,2026/08/20 11:58,民進黨中市議員林祈烽爆料指西屯某幼兒園發生虐童事件。（記者蘇金鳳攝）台中市再傳虐童疑雲，民進黨市議員林祈烽、施志昌今天在市議會爆料，指一名4歲女幼童就讀西屯區某幼兒園才3週，就被虐待、全身瘀青，家長週一（17日）發現，隔天隨即通報，教育局今天週四才確定受理，他詢問教育局要何時入園調查？要求教育局要調查清楚，盧秀燕要負責。該所遭指控疑似虐童的幼兒園表示，一切依教育局的說法為主；教育局長蔣偉民表示，處理兒虐的流程，相關的不適任教保員相關審議委員會，要先開會決定受不受理，今天已決定受理，也要求該名教保員暫停離職。調查小組會針對雙方的說法做出的判斷。請繼續往下閱讀...議員林祈烽表示，一名4歲女童進了幼兒園3週就被施暴，全身瘀青，事件在週一上午11點多發生，週二家長打1999通報，教育局卻遲至今天才要處理，「目前教育局已入園調查嗎，證據保全了嗎？」林祈烽不滿的表示，在家長通報後，就應該馬上入園調查，保全證據，但卻在家長通報二天後，遲至今天才入園，園方可能把證據銷毀，無法還原真相，目前的園方的說法卻是無監視器。林祈烽表示，該名女童週一被凌虐之後，回家情緒非常激動，無法睡覺，精神狀況處於不穩定，家長週二趕快送醫，發現多處傷痕，全身瘀青。林祈烽表示，家長更稱小孩被施暴時，很多教保員在現場，無人制止，無人在第一時間通報，非常惡劣，教育局未第一時間入園調查，根本縱容。林祈烽指出，家長要求園方的解釋，園方表示現場沒有監視器，因小孩在搬動椅子，教保員勸阻小朋友不要搬，阻止過程中自認施力不當，產生瘀青，但他認為，小朋友全身傷痕累累，絕不是如園方所言的施力不當，要求市府要趕急至園方保全證據，對在場教保員要製作筆錄。林祈烽表示，該名幼童已轉到其他幼兒園，要求市府負起相關責任，要全面介入輔導，安置兒虐被施暴的幼童。市議員林祈烽指家長在為幼童洗澡發現左手臂內側有瘀青。（林祈烽提供）林祈烽指幼童告知家長遭老師拖拽。（林祈烽提供）    ,https://news.ltn.com.tw/news/society/breakingnews/5546104
酒駕男闖紅燈逆向遭攔查 猛灌汽水仍酒測超標被送辦,社會,2026/08/20 11:53,桃園警分局執行「全國同步擴大取締毒駕專案勤務」。（圖由警方提供）桃園市40歲吳姓男子昨天（19日）晚間酒後騎著機車在桃園區民生路、復興路口闖紅燈還逆向行駛，桃園警分局武陵派出所員警發現後，立即攔下他盤查，吳男坦承酒駕，為了酒測能順利過關，甚至當場喝下半瓶汽水，但他的酒測值仍高達0.38MG/L，訊後已因公共危險罪嫌被送辦。吳男供稱，他為了急著去找朋友，才會違規闖紅燈、逆向行駛，而引來警方盤查，雖然後悔，但已來不及了；警方說，吳男進行酒測前，要求警方給他一點時間，豈料他竟是喝下半瓶汽水，結果並無效果，他還是因為酒測值超標被依法究責。請繼續往下閱讀...桃園警分局19日晚間執行「全國同步擴大取締毒駕專案勤務」，共動員60名警力，規劃9個攔檢組，在重要聯外道路設置封閉式路檢點，加強攔查可疑車輛，希望達到防制毒駕與酒駕案件發生的效果，警方說，今年已查獲毒駕266件、酒駕581件，展現打擊危險駕駛的決心。桃園警分局執行「全國同步擴大取締毒駕專案勤務」。（圖由警方提供）    ,https://news.ltn.com.tw/news/society/breakingnews/5546140
國1林口段聯結車疑似變換車道不當 釀3車連環車禍,社會,2026/08/20 11:50,國道1號南向39.1公里林口路段發生一起3部車連環車禍，所幸無人受傷。（警方提供）國道1號南向39.1公里林口路段昨晚10時30分左右，發生一起3部車連環車禍，52歲柯姓男子駕駛營半聯結車，疑似變換車道不當，與行駛在中線車道小客車（37歲陳姓女子駕駛）發生碰撞後，失控波及行駛在內側車道小客車（39歲程姓男子駕駛）所幸無人受傷，各車駕駛人酒測值皆為零，至於的肇事原因有待警方進一步釐清。警方也呼籲駕駛人變換車道應保持安全間隔，先看照後鏡，再撥打方向燈，並轉頭再確認，不要一打方向燈馬上變換車道，另3車發生連環車禍，所幸駕駛皆有繫妥安全帶才未受傷，也呼籲駕駛或是前後座乘客均應繫妥安全帶，乘車繫上安全帶絕不是為了免於受罰，它在危急時是救命的工具。國道1號南向39.1公里林口路段發生一起3部車連環車禍，所幸無人受傷。（警方提供）國道1號南向39.1公里林口路段發生一起3部車連環車禍，所幸無人受傷。（警方提供）國道1號南向39.1公里林口路段發生一起3部車連環車禍，所幸無人受傷。（警方提供）    ,https://news.ltn.com.tw/news/society/breakingnews/5546118
嫌鄰居「電視太吵」！台中男砍傷鄰婦、勸架翁 二審判8年4月,社會,2026/08/20 11:46,霧峰區23歲林男（中），不滿鄰居71歲陳婦電視噪音太吵竟持刀砍人，依殺人未遂罪嫌被判8年4月徒刑，高院駁回上訴維持原判。（資料照）台中霧峰區23歲林男，不滿鄰居71歲陳婦住家電視噪音太吵，去年10月持刀理論，附近修車廠施姓人員勸阻，林男卻持刀將兩人砍傷，台中地院依殺人未遂罪判林男8年4月徒刑，高院今天駁回上訴維持原判。霧峰中正路民宅於2025年10月16日下午驚傳持刀砍人案，林男疑因不滿隔壁陳婦「電視太大聲」，持水果刀殺傷陳婦，鄰居施姓老翁趕至協助也被殺傷，陳、施兩人傷後打電話求救「我被殺了」，現場血跡斑斑。請繼續往下閱讀...台中地院於今年3月31日依殺人未遂罪，判林男8年4月徒刑，經上訴至高院，台中高分院今天上午駁回上訴，維持8年4月徒刑。林男並未到庭聽判，檢警查出，林男不滿陳婦住家電視噪音太吵，持水果刀前往理論，雙方爆發口角爭執後，鄰居71歲施姓修車廠人員勸阻，林男持水果刀連砍2人，造成施男左胸穿刺傷，陳婦左後頸部、額頭穿刺傷，2人送醫後救回。    ,https://news.ltn.com.tw/news/society/breakingnews/5546100
雄警北上逮警專實習生  原因竟是和15歲妹妹裸聊,社會,2026/08/20 11:43,賴姓警專生和未成年少女裸聊遭拘提。（資料照）高雄警方昨（19日）持雄檢核發的拘票，北上中正二分局南海派出所將正在實習的賴姓警專生帶回高雄偵辦，據了解，賴生疑與15歲高一少女網路聊天時，雙方不但裸聊還互換私密照，少女家長氣炸提告，賴生複訊後被檢方諭令5萬元交保。檢警指出，家住高雄的少女和賴生疑似透過網路遊戲認識後，兩人互換通訊軟體帳號，賴生經常與少女視訊對話，甚至愈聊愈起勁，話題開始討論起性知識，甚至進一步發展為「裸體聊天」，兩人還互換私密照分享給對方欣賞。請繼續往下閱讀...少女家長事後得知此事後氣炸報警提告，檢警循線查出涉案的賴姓男子為警專學生，暑假期間正在中正二分局南海派出所實習，因此持雄檢核方拘票北上逮人；據了解，賴生後到案坦承犯行，由於相關事證尚待調查釐清，檢方複訊後諭令5萬元交保。    ,https://news.ltn.com.tw/news/society/breakingnews/5546148
非法砂石集團亂倒廢棄物 新竹山坡地復原費恐破億,社會,2026/08/20 11:41,假整地真棄置，蘇姓主嫌非法傾倒營建廢棄物遭起訴。（記者劉慶侯翻攝）蘇姓男子成立非法砂石集團車輛在新竹地區山坡地、農地從事非法清除及棄置行為，嚴重破壞國土環境，涉嫌違反廢棄物清理法及山坡地保育利用條例非法得利，逮獲涉案人數逾10人。檢警初步調查恢復山坡原狀需資億元以上，目前已查扣蘇嫌1000萬元，將再依法究辦及追訴。蘇姓主嫌未領有合法清除、處理廢棄物許可，竟大膽以載運土石方名義前往建築工地承攬清除營建工程之廢棄物，並收取低於市場行情之處理費用，另以佯稱從事園藝或合法用途，誘使新竹地區地主簽訂整地合約，實際卻作為棄置場，將所承攬之廢棄物未經合法處理即直接傾倒在山坡地、農地，從中牟取暴利。請繼續往下閱讀...全案經新竹地檢察署指揮保安警察第七總隊第三大隊、環境部環境管理署與新竹縣、市政府環境保護局檢警發動搜索，共查獲非法棄置廢棄物堆置體積逾1萬立方公尺，且夾雜廢塑膠水管、電線、廢磁磚、廢鋼筋、廢木材、廢布等土木及建築廢棄混合物。警方經估算環境復原費用合計高達1億元，經向新竹地方法院聲請扣押蘇姓主嫌等人房屋、土地等財產逾1000萬元，以利復原山坡地、農地環境。蘇姓主嫌等人經檢察官聲押裁准，期間擴大追查相關車隊及業者，案經新竹地方檢察署偵查終結，依違反廢棄物清理法等罪嫌起訴。保七總隊呼籲營建廢棄物應依法律規定合法處理，切勿貪圖不法利益而破壞環境，否則將面臨嚴厲法律制裁，亦須負起環境復原責任，地主切勿輕信免費整地等語而將土地任意出租，以免因小失大。假整地真棄置，蘇姓主嫌非法傾倒營建廢棄物遭起訴。（記者劉慶侯翻攝）    ,https://news.ltn.com.tw/news/society/breakingnews/5546089
湖口訓練場便道藏廢料 男子經營工程公司涉不法獲利13億,社會,2026/08/20 11:36,專案小組開挖湖口訓練場便道。（圖由桃園地檢署提供）陳姓男子經營工程有限公司卻涉嫌假借便道鋪設工程名義，在陸軍部隊訓練北區聯合測考中心湖口訓練場，回填土石方或營建廢棄物混合物，桃園地檢署已依違反廢棄物清理法等案件，將陳男等9人、6間公司提起公訴，並聲請沒收陳男的不法所得共約13億632萬元。桃園市政府環保局今年2月間稽查桃園市1間與陳男配合的公司，發現該公司將廠內堆置的廢棄物，運輸到湖口訓練場回填，桃檢接獲通報，檢察長張春暉指派國土專組檢察官王念珩指揮偵辦，追查到陳男利用受託運輸軍方太平靶場內土石方到湖口訓練場的機會，向北測中心聲稱需回填「再生級配」到訓練場便道，以利砂石車行走。請繼續往下閱讀...之後陳男與多家公司簽立不實「再利用產品買賣合約書」，製造他向各公司購買「再生級配」的假象，再將9萬7942立方公尺與1萬9267餘公噸的廢棄物，運輸到湖口訓練場回填，檢方說，陳男後續還以「運費」、「盤運費」或其他補貼費用名義，向配合的各公司收取高額廢棄物處理費用。4月間，檢方指揮專案小組進入湖口訓練場開挖，發現陳男負責鋪設的便道內混雜廢磚、磁磚夾廢塑膠管、廢塑膠、磁磚夾廢鐵、廢電線、保麗龍、混凝土塊等廢棄物，經專案小組發動3波搜索，逮回陳男等9人涉嫌違反廢清法，其中陳男收押，其餘被告分別以8萬元到20萬元不等金額交保，檢方偵結後，已起訴陳男等9人、6公司，並命北測中心與被告6公司，須提出廢棄物清除計畫書以負起環境復原責任。湖口訓練場便道遭回填廢棄物。（圖由桃園地檢署提供）    ,https://news.ltn.com.tw/news/society/breakingnews/5546008
高雄阿北改裝醫院輪椅路上狂飆 網友驚呆：不老騎士,社會,2026/08/20 11:23,高雄長庚醫院提供病患使用的輪椅，疑遭老翁改裝加速器私用，並在路上狂飆，院方回應不鼓勵也不允許。（記者許麗娟攝）有民眾近日在高雄長庚醫院周邊，驚見1名老翁坐著輪椅在路上快速狂飆，速度快到連機車都追不上，而且輪椅上還印著「長庚醫院」和614編號，老翁疑似將醫院輪椅裝了加速器私用，網友驚呼這是「不老騎士」，長庚醫院回應不鼓勵也不允許。民眾將老翁路上飆輪椅的畫面PO上社群平台，吸引不少網友留言「我在瑞隆路也看過，比騎摩托車的還快，還會超車」、「阿公：80歲正是闖的年紀」、「這是把醫院的輪椅幹回家改裝的嗎」、「請問這輪椅要去哪裡買呢（誤）」、「飆仔只是老了，但是靈魂不死」、「這個要申請車牌了吧！快給我開超速單給他」、「不老騎士」。請繼續往下閱讀...據了解，高雄長庚醫院每天進出醫院超過1萬多人，輪椅被借用也相當頻繁，醫院無法一一登記使用者及確認是否歸還，但若違規改裝加速器於醫院內使用將會被制止。院方也對此回應，醫院輪椅為提供行動不便之病人於院內就醫期間移動使用之輔助設備，使用完畢後應依規定歸還，以維護其他病人之使用權益。針對民眾將醫院輪椅帶離院區並於道路上使用之情形，並非醫院輪椅原定之使用方式及目的，且可能衍生使用者自身及其他用路人之安全風險，亦非鼓勵或允許。呼籲民眾應依輪椅原定用途及相關借用規範妥善使用，共同維護就醫安全及醫療服務資源。    ,https://news.ltn.com.tw/news/society/breakingnews/5546088
驚險救援！男攀望崖山高山症發作 飛鷹直升機吊掛送醫,社會,2026/08/20 11:20,黑鷹直升機吊掛男登山客送醫。（空勤總隊提供）南投縣信義鄉望崖山傳出一起山難事件，一名男性登山客疑因高山症發作，因頭暈、嘔吐、無法行走、因事故地偏遠，急待救援，空勤總隊清泉崗駐地勤務第二大隊第三隊，今（20）日上午派出飛鷹直升機吊掛救援男子，順利完成救援任務。清泉崗駐地勤務第二大隊第三隊指出，昨日接獲總隊勤務指揮中心電話通知，望崖山有一名登山客等待救援，黑鷹直升機於今日上午7時53分由清泉崗機場起飛，執行吊掛作業，將登山客載至竹山消訓中心，隨後由救護車送醫，任務圓滿結束。    ,https://news.ltn.com.tw/news/society/breakingnews/5546084
豬隊友！​醉男酒駕自撞人行道 「外送」通緝好友給警察,社會,2026/08/20 11:15,陳姓男子酒駕自撞人行道，警方盤查時，同車乘客謊報身分露餡，一查竟是通緝犯，兩人當場雙雙被逮。（民眾提供）開車酒駕自撞已經夠狼狽，竟還把通緝犯好友直接「外送」給警察！台南一名陳姓男子酒駕載著同姓友人，失控衝上人行道，巡邏員警上前盤查，不僅查獲駕駛酒後駕車，同車謊報身分的陳姓通緝犯也露餡，雙雙被逮。​今天凌晨1點25分左右，台南市府前路與永福路口傳出車輛撞擊聲響，一輛白色轎車行經該處時，突然失控向右偏移，整輛車直接衝上人行道並卡在路旁，險些撞上一旁的公共自行車。由於深夜撞擊聲響刺耳，隨即引發路過民眾關注，甚至有目擊者將現場車輛卡在人行道的畫面拍照上傳社群平台引發討論。請繼續往下閱讀...​二分局博愛派出所員警正好巡邏行經該路口，見狀立即主動上前關心並進行盤查。員警一靠近車輛，便聞到陳姓駕駛身上散發出濃烈酒氣，經過現場酒測，確認酒精濃度明顯超標。隨後警方要求坐在副駕駛座的陳男出示身分證件，陳男眼神閃爍且神情相當慌張，不僅聲稱沒帶證件，還當場背誦起他人的身分證字號，試圖藉此躲避警方追查。​員警利用警用隨身電腦即時查詢比對，發現螢幕上的照片與眼前男子完全不符，當場戳破謊言質問「你背的是誰的資料」。陳男眼見身分曝光、無從抵賴，只得承認自己是遭到通緝的逃犯。二分局博愛派出所所長梁植森表示，員警當場將兩人逮捕，全案詢後依公共危險及偽造文書等罪嫌，將兩名陳男移送台南地檢署偵辦。    ,https://news.ltn.com.tw/news/society/breakingnews/5546031
彰化伸港騎士遭曳引車輾斃肚破腸流 與3姊弟車禍同條路,社會,2026/08/20 11:13,曳引車在輾斃機車騎士後由警方調查。（賴清美提供）彰化縣伸港鄉美港公路昨天（19日）晚間發生一起驚悚死亡車禍，1輛機車疑壓到人行道緣石後男性騎士倒地，慘遭後方曳引車輾過當場肚破腸流慘死，今天（20日）相關單位會勘時縣議員賴清美直指，這起車禍與轟動全台的3姊弟遭撞2死1傷慘劇都在同一條路上，人行道太過突起，過去已發生多起相關事故，要求將人行道削平；死者父親難過說希望他兒子是最後一個，不要再有人發生不幸。警方調查，32歲男子昨天晚間7點多下班返家行經伸港鄉美港公路與嘉二路口時，疑似不慎碰撞人行道緣石後倒地，慘遭同方向1輛曳引車右後輪壓過，當場肚破腸流慘死。曳引車駕駛無毒駕與酒駕。請繼續往下閱讀...縣府交通處、警方與縣議員賴清美今天現場會勘，共商改善之道。賴清美痛批，美港公路作為連接台61線與國道3號的交通幹道，平日車流量極大且幾乎無行人通行，沿線路口卻設置了人行道，但人行道過高且突出的緣石，儼然成為機車族的不定時炸彈；過去已有多起機車壓過緣石摔車的先例，這次終於釀成無法挽回的悲劇。要求相關單位立即將沿線突出緣石削平，並補齊不足的路燈照明。死者父親向賴清美慟訴，未婚的兒子只是正常下班回家，卻因道路設計瑕疵葬送性命，實在死得冤枉。家屬盼政府拿出鐵腕迅速改善工程缺失，不要讓兒子的犧牲流於形式。死者所騎乘的機車遺留現場。（賴清美提供）美港公路發生死亡車禍，相關單位人員今天現場實勘。（賴清美提供）機車疑壓到人行道緣石後摔車，騎士遭輾斃。（賴清美提供）機車疑壓到人行道緣石後摔車，騎士遭曳引車輾斃。（民眾提供）    ,https://news.ltn.com.tw/news/society/breakingnews/5546063
淡水包船看煙火出航被拒   海巡署：船方違規出港前未改善,社會,2026/08/20 11:01,民眾PO文抱怨到新北市淡水搭乘煙火包船遭拒，海巡說明漁船違規、出港前無法限期改善打臉；圖為當天小艇出港前情形。（記者吳仁捷翻攝）新北市淡水近來一連三個週日舉辦仲夏繽紛樂煙火秀，傳出民眾上網抱怨搭乘煙火包船出海被拒，海巡第八岸巡隊今天回應，這艘兼營娛樂的漁船當天出港時，依規定清點遊客穿著救生衣，發現船方無法提供全部乘客救生衣，另一名船員手冊過期，船方出港前也未能改善等原因，基於安全考量、規定，要求取消當次航程，打臉網友貼文質疑。據了解，民眾19日晚間在社群平台發布「淡水煙火包船未能出航」貼文，海巡署北部分署第八岸巡隊今天提出說明，第八岸巡隊淡水第二漁港安檢所海巡人員於本月16日19時許，執行兼營娛樂漁業漁船「舶○○號」出港檢查時，發現部分乘客未依規定穿著救生衣，經要求現場乘客穿著後，船方未能提供足夠數量供全體乘客穿著之救生衣；另該船1名船員未持有有效之漁船船員手冊。海巡人員隨即要求船方完成改善，惟船方未能於預定出港時間前完成改善，嗣後取消當次航程。請繼續往下閱讀...第八岸巡隊表示，執行娛樂漁業漁船出港安全檢查，係為確保船舶、船員及乘客符合相關規定，維護航行及海上遊憩安全；如有違規情形，將依規定函送主管機關處理，並呼籲娛樂漁業業者出港前應確認船員資格及各項安全事項，乘客搭乘娛樂漁業漁船時亦應依規定穿著救生衣，共同維護海上活動安全。民眾PO文抱怨到新北市淡水搭乘煙火包船遭拒，海巡說明漁船違規、出港前無法限期改善打臉；圖為今年淡水仲夏繽紛煙火施放盛況。（記者吳仁捷翻攝）    ,https://news.ltn.com.tw/news/society/breakingnews/5546029
南投竹山冬筍餅工廠疑鍋爐爆炸起火 濃煙竄天,社會,2026/08/20 10:58,南投竹山鎮知名食品工廠火災，濃煙竄天數公里外可見。（民眾提供）南投縣竹山鎮一家生產當地名產冬筍餅的食品工廠，今天上午發生火災，濃煙竄天，數公里外可見，相當嚇人。初步了解，疑似鍋爐爆炸起火，由於目前火勢仍在延燒，警方呼籲民眾避開附近路段，以利消防人員搶救。至於有無人員傷亡，消防局等相關單位仍未對外說明。據了解，這起火災，警方目前於台3線集山路福懋竹山加油站至省錢超市竹山店路段（竹山往溪頭方向），實施單向交通管制，呼籲民眾提前改道、避開該路段，並禮讓救災車輛通行，讓警消人員能夠順利執行任務。    ,https://news.ltn.com.tw/news/society/breakingnews/5546041
天雨路滑 台南永康曳引車打滑自撞衝對向,社會,2026/08/20 10:51,台南地區20日上午陰雨綿綿，路面濕滑，1輛營業用曳引車清晨6時許行經永康區永安路時，疑打滑失控自撞分隔島後衝至對向，車頭嚴重毀損。（圖由讀者提供）台南地區今（20）日上午陰雨綿綿，路面濕滑。清晨6時許，1輛營業用曳引車行經永康區永安路時，疑打滑失控自撞分隔島後衝至對向，幸好當時尚未到上班尖鋒時段，無人受傷。該起事故發生於今天上午6時許，1輛營業用曳引車沿永安路北往南方向行駛，疑似打滑失控自撞中央分隔島的燈桿，再衝到對向，撞到路邊燈桿後才停下，整輛車橫在道路上，車頭嚴重毀損。請繼續往下閱讀...幸好當時還不到上班時段，該路段車流不大，對向無人車通行，該起事故未造成人員受傷，駕駛無酒駕情事。永康警分局呼籲，天雨路滑，用路人應保持較長的行車安全距離，行經路口應減速慢行，預留足夠的反應與緩衝空間，共同維護行車安全。台南地區20日上午陰雨綿綿，路面濕滑，1輛營業用曳引車清晨6時許行經永康區永安路時，疑打滑失控自撞分隔島後衝至對向，橫占道路。（圖由讀者提供）    ,https://news.ltn.com.tw/news/society/breakingnews/5546022
追查假投資詐騙逾1.3億元 刑事局無人機陸空夾擊逮22嫌,社會,2026/08/20 10:49,黃姓男子等人組成詐團以假投資手法詐騙民眾逾新台幣1.3億元，案經刑事局去年間循線調查，並待車手出面取款時，以空拍機監控配合地面警力逮人，全案共逮捕黃男等22人送辦。刑事警察局中部打擊犯罪中心今天表示，中打第一隊於民國114年間，接獲數名被害人報案表示，因誤信假投資詐騙集團於投資社群平台散布的投資訊息及話術，分別交付新台幣5000萬餘元及8000萬餘元投資款，因投資獲利遲遲無法出金，發覺遭詐向警方報案。請繼續往下閱讀...案經中打與台中市警察局第五分局等單位共組專案小組，並報請台中地方檢察署檢察官指揮偵辦。專案小組自114年10月至115年7月間發動多波查緝行動，由刑事局出動警用無人機，即時監控詐騙車手面交取款過程，並由地面專案警力配合，當場逮捕面交車手、監控手及收水手等犯嫌。警方並循線擴大追查集團成員，陸續前往台中、台北、新北、高雄及屏東等地拘提涉案成員到案，並溯源鎖定藏匿於屏東縣郊區的黃姓主嫌。黃男於警方前往查緝時，逃入山區竹林藏匿，警方隨即出動警用無人機執行空中偵察，透過即時空拍影像掌握逃逸路線及藏匿區域，結合地面警力展開陸空夾擊圍捕，順利將黃姓主嫌查緝到案，全案共查獲集團成員22人，並查扣現金共300萬餘元、點鈔機及手機等贓證物。全案警詢後依涉嫌違反刑法詐欺取財及洗錢防制法等罪嫌，將黃男等22人移送台中地檢署偵辦，其中黃姓主嫌等5人，檢方日前已依法起訴，全案仍在調查釐清。    ,https://news.ltn.com.tw/news/society/breakingnews/5546004
管收3天受不了！ 基隆營造大亨交出豪車+220萬元換自由身,社會,2026/08/20 10:47,羅律煌被管收三天後，決定交出豪車換取自由身。（行政執行署宜蘭分署提供）欣偉傑建設創辦人羅律煌上個月因建造台北市中山區豪宅「中山隱」期間詐貸11億元，被判處12年徒刑。近日又因其掛名負責人的大元營造公司，積欠518萬元勞保費未繳，被移送至執行署宜蘭分署執行，且因不願配合還款被裁定管收。經三天失去自由的體驗後，羅男決定交出公司名下豪車，並先還220萬元，達到欠款的一半，換取自由身。執行官調查，現年71歲的羅律煌創立欣偉傑建設公司後，建造基隆普羅旺世大型社區及台北市豪宅中山隱、長安雋及閱讀春樹，資產難以估算。近年卻多次因欠稅、詐貸案登上媒體版面。而其名下一家大元營造公司資本額高達2.3億元，卻積欠518萬餘元的勞保費用。請繼續往下閱讀...宜蘭分署接獲案件後，清查公司名下僅餘一輛百萬油電混合車，且羅得知積欠勞保費時，公司內尚有4千多萬元資金，卻陸續將錢轉出，並稱是償還欠款，僅提出每月繳納數萬元方案，無還款誠意，更不願交出百萬豪車，宣稱「車子還要用」。執行官認為，羅男刻意不支付欠款且隱匿動產，17日向宜蘭地方法院聲請管收獲准。據悉，因管收地點位於宜蘭縣三星地區，近日天氣多變，管收所悶熱潮濕，年長的羅男疑因不適應環境；執行官近日詢問時，羅男態度鬆動，決定先籌足220萬元繳納欠款，並交代百萬豪車去處，請人將車開到分署交出鑰匙給執行署執行，於今日獲釋，重獲自由。宜蘭分署表示，針對有履行能力卻故不履行，或有隱匿處分財產情事之義務人，將嚴格執法、絕不寬貸。必要時，並將施以限制出境，甚至向法院聲請拘提、管收等強制手段。呼籲民眾應誠實面對公法債務，以免損及自身權益。羅律煌被管收三天後，決定交出豪車換取自由身。（行政執行署宜蘭分署提供）羅男的親友協助繳納部分欠款。（行政執行署宜蘭分署提供）    ,https://news.ltn.com.tw/news/society/breakingnews/5546024
台中裸男狂奔1.4公里被逮   恐怖持刀弒母遭起訴,社會,2026/08/20 10:37,台中張姓男子今年3月想裸奔被母親阻止，竟持菜刀朝媽媽狂砍後，出門在街上裸奔1.4公里被逮，檢方近日依殺害直系血親尊親屬未遂罪起訴。（民眾提供）台中張姓男子（39歲）精神狀況不佳，今年3月26日晚上突然全身赤裸想出門，廖姓母親見狀將他抱住阻止，沒想到張男先把母親推倒、猛踹，接著到廚房拿菜刀朝母親頭部、頸部、胸部狂砍，造成母親鮮血直流倒地，張男接著拿菜刀赤裸出門在大街狂奔1.4公里，滿身血跡嚇壞路人，警方獲報追捕將他制伏送醫，並強制安置入醫療機構治療，檢方近日偵結，依殺害直系血親尊親屬未遂罪將他起訴。中檢起訴指稱，張姓男子（39歲）原本獨自居住在台中南區高工路一處社區，今年3月25日未正常上班，公司連繫張男的廖姓母親（70歲），當天張男父親就到場查看，發現他精神狀態不佳，隔天晚上兩人到該處想共同照顧張男。請繼續往下閱讀...沒想到當晚9點30分左右，張男突然全裸想走出家門，廖母見狀立刻上前抱住張男想阻止，沒想到張男先出手將母親推倒在地，接著出腳猛踹，並到廚房拿菜刀朝母親的頭部、頸部、胸部等部位揮砍數刀，造成母親雙側臉頰、雙側頸部、右枕部、右胸部、右下腹部等處撕裂傷、肌腱斷裂後倒地。張男見母親倒地後，全身赤裸拿著菜刀搭電梯下樓，並跑出社區一路狂奔約1.4公里，因渾身都是血，嚇壞目擊民眾，紛紛驚恐閃避並報警求助。警方獲報展開圍捕，在南區工學路與工學北路交岔路口攔截張男，並以辣椒水將其制伏上銬，張男被捕時情緒仍極度激動，不斷高喊「為什麼要殺我？」，隨後被強制送醫觀察。張母被砍後倒地，趁張男離開自玄關爬至餐桌旁，拿手機報警求援，沒多久消防人員獲報趕至，將全身多處受傷的張母送醫急救，幸運挽回一命。檢方調查後，近日依殺害直系血親尊親屬未遂罪將張男起訴。    ,https://news.ltn.com.tw/news/society/breakingnews/5546012
婦人追垃圾車硬丟砸傷清潔隊員挨告「妨害公務」   法官輕判,社會,2026/08/20 10:36,婦人追垃圾車硬丟砸傷清潔隊員挨告「妨害公務」，被法官改法條輕判順便洗臉：「是技術太差啦」。（示意圖 資料照）陳姓婦人追趕行進中的垃圾車，以「蓄力拋甩」方式硬扔垃圾，砸傷隨車清潔隊員大腿，檢方依妨害公務與傷害罪起訴，但法官認定陳婦僅是「技術不佳」的過失，改依過失傷害罪判處拘役15天，檢方不服上訴求重判，高雄高分院審理後駁回上訴。判決指出，去年4月10日傍晚6點多，家住高雄楠梓區的陳姓婦人未等垃圾車停穩便急著將垃圾「拋甩」入車斗，意外砸中隨車隊員左大腿致挫傷。檢方調查後，認定陳婦對執行公務的隊員施暴，依刑法傷害罪及妨害公務罪提起公訴。請繼續往下閱讀...但陳婦開庭時堅稱：「我丟的是家用垃圾，我不認為有打到他」，橋頭地方法院認定陳婦僅因「技術不佳」誤砸，變更法條依過失傷害罪判處拘役15天，得易科罰金。檢察官不服提起上訴，直指陳婦在案發前幾天就有持垃圾丟擲隊員紀錄，且事發後竟還到臉書「爆料公社」發文討拍、公審基層隊員，使隊員承受巨大精神壓力，可見具有傷害與強暴妨害公務之不確定故意，認為原審量刑過輕。高雄高分院審理時，陳婦拿出1999申訴紀錄澄清，指環保局回覆矛盾，讓她誤以為該巷弄仍可沿街丟垃圾。法官勘驗發文紀錄發現，陳婦貼文雖述說過程，但並未獲得網友支持，反而遭大批網友留言打臉、宣導「定點收運」的必要性。法官審酌，陳婦因堅持過往倒垃圾習慣，疏未注意造成隊員受傷，但傷勢輕微，且無證據顯示其有直接攻擊或妨害公務的故意，原審判決認事用法並無不當，裁定上訴駁回，全案定讞。    ,https://news.ltn.com.tw/news/society/breakingnews/5546000
竹縣淪營建廢棄物天堂！假借整地回填亂倒獲利破億 檢起訴38人,社會,2026/08/20 10:36,環保犯罪集團以「整地」、「回填土方」等名義掩護非法棄置。（新竹縣警察局提供）新竹地檢署偵辦跨區非法棄置營建廢棄物案，查出蘇姓男子等38人組成分工細密的環保犯罪集團，以「整地」、「回填土方」等名義掩護非法棄置，從找地、收土、調車、運輸到現場顧場、操作怪手掩埋一條龍，先後在新竹縣北埔、新埔、寶山、關西及芎林等地大量傾倒營建廢棄物，不法利益高達1億16萬4906元。檢方偵結後，依違反廢棄物清理法、水土保持法及山坡地保育利用條例等罪，起訴蘇男38人及2家公司。新竹縣警察局竹東分局表示，此案源於北埔分駐所去年9月獲報有多台大車載運土石進出新竹縣北埔鄉南埔村番婆坑一帶，所長獲報後反應迅速、立即率員到場，當場發現該處進駐大型怪手開挖施工整地，多輛大貨車排隊等待傾倒車斗上的水泥塊及磚瓦，通報環保局到場會勘，現場認定傾倒的廢紅磚、廢石塊等已違反廢棄物清理法。請繼續往下閱讀...全案由新竹地檢署檢察官指揮保七總隊、新竹縣警察局及新埔、竹東、橫山分局偵辦，透過「檢警環國土平台」整合不同案場線索，從今年4月至7月展開跨案追查，共動員警力153人次，拘提31人、傳喚18人、搜索13處，扣得現金288萬元、土地1筆及房屋1棟，並有7名被告遭法院裁定羈押。檢方查出，蘇男實際掌控順峰開發工程有限公司，為躲避查緝，改由黎男負責調度司機，並依分工安排貨車載運、土地租用及現場掩埋。其中北埔番婆坑案場，有人以整地、園藝植栽等文件營造合法假象，實際卻大量回填混雜營建廢棄物的土方，遭挖掘處深達10餘公尺，還造成既有道路損毀，占用公私有土地達233.71平方公尺。新埔、寶山及關西等地也成為集團棄置場。部分業者明知土地屬山坡地保育區農牧用地，仍按車次收費提供土地，讓載運的土方混雜塑膠、玻璃、保麗龍、磁磚、紅磚、鐵絲及水管等廢棄物直接傾倒回填。其中關西大旱坑案場更驚人，集團前後載運營建廢棄物超過100車次進入山坡地，非法棄置面積達1687平方公尺，造成土石流失並影響野溪排水；涉案人員分別取得100萬元清運費、50萬元及8萬元報酬。另外，芎林石潭村也有人透過臉書園藝社團刊登「需要土方」訊息，吸引貨車業者載運夾雜磚塊、混凝土塊、PVC管、廢木材及廢鋼筋等廢棄物傾倒，最終遭警方會同環保單位查獲。新竹地檢署指出，非法棄置營建廢棄物常披上「整地」外衣，不僅破壞土地地貌及排水系統，更可能造成水土流失，將龐大清除及環境復原成本轉嫁社會。檢方將持續透過檢警環國土平台追查相關犯罪利益，也呼籲民眾若發現農地、山坡地出現大量不明土方進出、傾倒或回填情形，應立即向警方或環保主管機關反映，共同守護土地與環境。新竹縣北埔、新埔、寶山、關西及芎林等地遭大量傾倒營建廢棄物。（新竹縣警察局提供）新竹地檢署偵辦跨區非法棄置營建廢棄物案，查出蘇姓男子等38人組成分工細密的環保犯罪集團，以「整地」、「回填土方」等名義掩護非法棄置。（新竹縣警察局提供）    ,https://news.ltn.com.tw/news/society/breakingnews/5545998
假買珍奶實買毒   台南少年隊破獲手搖飲毒品分裝場,社會,2026/08/20 10:35,台南市警察局少年警察隊破獲4人販毒集團，並在電子遊戲場找到主嫌「成哥」。（讀者提供）台南市警察局少年警察隊針對毒品案向上溯源，歷經數月跟監蒐證，成功破獲以綽號「成哥」、40歲黃姓男子為首的4人販毒集團，以手搖飲店為掩護，實際則是毒品分裝基地，當場查獲毒品咖啡包、改造手槍彈匣及子彈等。全案訊後依違反《毒品危害防制條例》移送台南地檢署偵辦，主嫌聲請羈押獲准，槍彈部分則送刑事局進行鑑定。警方調查發現，該販毒集團為了方便出貨並降低檢警戒心，刻意在台南麻豆租下一家手搖飲店作為掩護，主要將毒品包裝成時下流行的「咖啡包」，熟客上門時，表面上是點購手搖飲，實則是買毒品，企圖以民眾買飲料的日常街景，掩人耳目，並打算利用七夕情人節大撈一筆。請繼續往下閱讀...台南市少年隊聯合麻豆、永康、善化、第一警分局與保安警察大隊，在台南地檢署檢察官林昆璋指揮下，17日凌晨5時拂曉出擊圍捕，大批警力到場時意外發現主嫌「成哥」在電子遊戲場，立即轉往現場控制主嫌，再將其帶回據點進行搜索，隨後並陸續將其餘3名嫌犯查緝到案，現場查獲第2級毒品安非他命與3級毒品甲基甲基卡西酮混合毒品咖啡包159包、第2級與第3級毒品混合原料408公克、第3級毒品原料607.2公克、第3級毒品愷他命9.04公克、改造手槍彈匣3個、手槍子彈15顆及封口機、磅秤等。警方表示，毒品零容忍，未來將持續強化查緝作為，全力守護市民安全與社會治安。台南市警察局少年警察隊破獲以綽號「成哥」為首的4人販毒集團，當場查獲毒品咖啡包、改造手槍彈匣及子彈等。（讀者提供）台南市警察局少年警察隊破獲綽號「成哥」為首的4人販毒集團，查獲毒品咖啡包、改造手槍彈匣及子彈等證物。（讀者提供）    ,https://news.ltn.com.tw/news/society/breakingnews/5546007
溢價8倍買租車公司、股權抵私債！ 鈞泰前董座掏空近900萬遭訴,社會,2026/08/20 10:28,鈞泰前身為上市監控設備廠悠克國際，過去歷經多次經營權異動及交易風波。圖為北檢外觀。（資料照）鈞泰國際前董事長王立宏涉嫌掏空公司，明知一家租車公司全部股權僅值110萬元，仍主導鈞泰以870萬元收購60％股權，並將870萬元侵占入己，另把公司持有的13％股權拿去抵私人債務，造成鈞泰損失893萬餘元。台北地檢署偵結，依「證券交易法」非常規交易、特別背信等罪起訴。鈞泰前身為上市監控設備廠悠克國際，過去歷經多次經營權異動及交易風波。鈞泰2020年間曾公開指控王立宏任內涉及非常規交易、掏空資產及賤賣公司持股，並採取法律行動；公司其後因停止買賣逾6個月未恢復，於2021年終止上市。請繼續往下閱讀...起訴指出，53歲王男於2018年至2020年擔任鈞泰國際董事長，並掌控鈞泰百分之百持股的瑞仕登公司，另於2019年至2023年間擔任銘鑫小客車租賃公司董事。檢調調查，王男2019年間透過友人得知，銘鑫公司前負責人何侑霖有意出售全部股權，且明知銘鑫當時全部股權價值僅110萬元，卻透過鈞泰董事會決議，以高達870萬元收購銘鑫60％股權，價格與實際股權價值明顯不成比例。王男隨後先指示不知情的鈞泰公司會計提領110萬元現金交給何男，並與何男簽署股東同意書，辦理銘鑫股權移轉及更名等登記，之後又分別指示瑞仕登會計，以蒙地卡羅小客車租賃公司股權讓渡買賣、租賃公司簽約尾款等名義，從瑞仕登在永豐銀行的帳戶提領500萬元及370萬元，共870萬元交付王男。檢方另查出，王男為抵償私人債務，將瑞仕登持有的銘鑫13％股權轉讓給范席綸，造成約23萬8000元損失；加計遭侵占的870萬元，鈞泰合計損失893萬8000元，相當於2019年度合併營收的124.17％。檢方偵查認為，王男主導非常規交易並違背職務，造成公司重大損害，依「證券交易法」非常規交易、特別背信等罪起訴，並聲請沒收犯罪所得；至於交易文件涉登載不實部分，因證據不足未另追究。    ,https://news.ltn.com.tw/news/society/breakingnews/5545988
妻鹹濕對話出軌還護小王  威脅丈夫「提告就不回家」,社會,2026/08/20 10:18,男子發現妻子出軌後，妻子不認錯還護小王「動他我就不回家」。（示意圖 資料照）李姓人妻與黃姓小王狂傳「抱抱都會硬」、「他遲早會把我榨乾」等鹹濕簡訊，被抓包後竟護小王嗆鐘姓丈夫「動他我就不回家」，事後人妻搬出「性自主權」拒賠，但一審仍被法官判賠5萬元；鐘姓丈夫上訴後，二審將慰撫金總額翻倍，判李女須再給付5萬元。判決指出，鐘姓男子與李姓妻子婚後育有幼子，2024年間鐘男驚覺妻子與黃姓小王以 Messenger 及 IG 小帳密會，對話極度火辣鹹濕，包含「寶寶要溫柔對待小OO」、「抱抱都會硬」、「他遲早會把我榨乾」等語，甚至互稱老公老婆。請繼續往下閱讀...鐘男對小王提告求償時，李女非但沒有悔意，反而全力護航小王，傳訊威脅鐘男：「你答應我的不弄他」、「你一旦動了，我跟你還有小孩不可能回去！」 甚至在鐘男為了挽回家庭而選擇與小王和解後，李女隨即攜帶行李離家分居，並向法院聲請離婚調解，讓鐘男精神崩潰罹患適應障礙症，氣得對妻子提告求償100萬元。橋頭地方法院審理時，李女稱我國法律並無明文「配偶權」，且配偶違反忠誠義務不代表侵害婚姻，但說詞不被採信，法官原本認定精神慰撫金總額為10萬元，扣除黃男先前和解負擔的5萬元後，判李女賠償5萬元。鐘男不服上訴，高雄高分院院審理後認定，李女與黃男的鹹濕對話已嚴重動搖婚姻信賴基礎，審酌兩造資力與侵害程度，認定精神慰撫金應以20萬元才適當，扣除黃男分擔的10萬元後，廢棄原審部分判決，改判李女須再給付鐘男5萬元，全案定讞。    ,https://news.ltn.com.tw/news/society/breakingnews/5545982
台中巨樹轟然倒塌  砸中2巡邏警一度受困清除畫面曝,社會,2026/08/20 10:15,工人站上倒塌樹幹將粗大枝幹逐段截斷清運。（記者許國楨攝）台中市中區昨（19）日深夜驚傳路樹倒塌，市警局保安大隊2名員警下車排除枝葉路障時，突遭連根拔起巨樹倒塌砸中，一度被壓住自行脫困，全身均有輕微擦挫傷，所幸送醫後無生命危險，而今天一早，市府建設局養工處也派員趕赴現場處理，工人站上倒塌樹幹將粗大枝幹逐段截斷清運，盡快恢復道路順暢。事發於昨晚近11時許，保安大隊第一中隊一輛巡邏車巡經三民路與公園路口，發現緊鄰光復國小圍牆的路樹疑受傍晚豪大雨影響，枝葉不斷掉落，部分樹枝甚至伸入車道，員警擔心危及用路人，立即停車並放置交通錐警戒，54歲王姓、58歲黃姓2名員警下車處理，另1名員警則留在車後協助交管。請繼續往下閱讀...沒想到2人才開始移除散落樹枝，現場突然「轟」一聲巨響，路樹瞬間失去支撐連根拔起猛然倒下，2名員警距離太近、閃避不及，當場遭倒樹及枝葉覆蓋，一度受困，消防局獲報後，派遣中區分隊3車7人趕往救援，所幸2名員警已自行脫困，其中王員頭部紅腫，右小臂、右膝輕微擦挫傷，黃員則有頭部疼痛，同樣造成右小臂、右膝輕微擦挫傷，2人均意識清楚，經救護後送醫治療，無生命危險。從現場畫面可見，倒塌路樹相當驚人，粗大的樹幹與枝條層層交疊，幾乎橫占車道，龐大根系更整片被連根拔起，泥土裸露，現場路面宛如遭巨物翻掀，令人怵目驚心。粗大樹幹與枝條層層交疊，幾乎橫占車道。（記者許國楨攝）    ,https://news.ltn.com.tw/news/society/breakingnews/5545972
泵浦短路引燃百噸植物油 桃園2男涉公共危險罪起訴,社會,2026/08/20 10:13,蘆竹區1處鐵皮工廠發生火警，消防局緊急派員救援。（資料照，桃園市政府提供）去年5月4日上午9點多，桃園市蘆竹區1處鐵皮工廠發生火警，承租廠房的1間公司囤放約100公噸的棕櫚油等植物油，導致火勢猛烈，濃煙衝向天際，還飄向鄰近的桃園國際機場，幸無人受傷，也未影響飛機起降，桃園地檢署偵結後，將經營該公司的陳姓、羅姓男子，依公共危險罪嫌提起公訴。檢方調查，68歲陳姓男子是該公司實際負責人，42歲羅姓男子負責工廠管理事務，2人明知該公司經營項目為進口與販售生質油脂，應妥善儲存油脂並定期清潔地面與周邊環境的溢漏油脂，以避免因熱、火焰、火花與其他火源而導致自燃，加上工廠內裝設內轉齒輪泵浦，應注意定期維護工廠內總電源、配電箱、控制箱、電線與電器的使用安全，以免電線絕緣劣化或電器內部故障，卻疏未定期維護巡視。請繼續往下閱讀...去年5月4日上午9點多，內轉齒輪泵浦與連接的電源設備，因短路造成瞬間火花與高溫，引燃絕緣被覆與周邊油漬，進而引發火災，造成鐵皮工廠等財物嚴重損失，經承租廠房的其他公司提出告訴，蘆竹警分局將陳男、羅男移送偵辦。桃檢偵結後，已依公共危險罪嫌將2人提起公訴，檢方說，2人因輕率而導致火災發生，造成嚴重財產損失，犯罪情節嚴重，且自始未能坦承自身過錯，一再飾詞狡辯，不僅未賠償損失、未達成和解，還持續阻止鐵皮工廠進行災後復原工作，犯後態度惡劣，建請法官量處2人有期徒刑7月以上，以儆效尤。蘆竹區1處鐵皮工廠發生火警，濃煙一度直衝天際。（資料照，桃園市政府提供）    ,https://news.ltn.com.tw/news/society/breakingnews/5545963
選前揪團赴安徽受統戰部招待、幫侯拉票 同鄉會李安泰判4年6月,社會,2026/08/20 10:10,台北地院今依反滲透法、總統副總統選舉罷免法判處李安泰4年6月徒刑，褫奪公權3年；宋國倩無罪。可上訴。（資料照）台灣安徽省同鄉聯誼總會秘書長李安泰、台北市安徽省同鄉會理事長宋國倩，被查出接受中共安徽省台辦、統戰部委託，於2023年安排24名同鄉會成員及里長、親友，赴安徽接受統戰部落地招待，並要求支持國民黨總統候選人侯友宜，台北地檢署依違反總統副總統選舉罷免法起訴李、宋。台北地院今依反滲透法、總統副總統選舉罷免法判處李4年6月徒刑，褫奪公權3年；宋國倩無罪。可上訴。起訴指出，安徽省台辦交流聯絡處處長繆劍，於2023年4月間，擬定台灣村里長中國安徽省「落地招待」旅遊計畫，以參訪名義，招攬在2024總統大選具影響力、投票權的里長、村里民參加，參加者僅需自付來回機票、第一晚住宿費1萬6830元，其餘在中國期間餐飲、交通、門票等，約3萬3000餘元費用，均由安徽省台辦全額資助。請繼續往下閱讀...檢調查出，李安泰、宋國倩明知安徽省台辦是中共地方政府所屬機關，屬於境外敵對勢力滲透來源，仍接受繆劍委託，招攬國民黨萬華區黨部副主委李陳媛華，以及南港區仁福里、萬華區綠堤里里長及里民等24人，於2023年10月29日至11月5日到安徽省旅遊，接受招待。在24人相繼抵達安徽後，由繆劍及安徽省台辦安排至合肥市、六安市等地遊覽。用餐過程中，六安市委員會統戰部部長關傳兵、副部長鍾鳴，以及淮北市委員會統戰部副部長王學成、六安市葉集區委副書記兼區長鄭武輝等中共台辦人員，會到場致詞發表「兩岸一家親」、「堅持一個中國、堅決反對台獨分裂和外部勢力干涉」等言論。此外，李安泰於同年10月31日用餐時，向參與的里長、里民們表達，「希望台灣明年可以變天，變成國民黨可以交流」、「為了兩岸和平發展，大家要支持侯友宜」等言論。北檢依違反反滲透法、總統副總統選舉罷免法受滲透來源委託、資助投票行賄等罪起訴李、宋，並建請法院依反滲透法第7條規定加重其刑。    ,https://news.ltn.com.tw/news/society/breakingnews/5545958
彰化五金廠竄大火鐵皮塌陷濃煙沖天 搶救1小時控制火勢,社會,2026/08/20 10:01,芬園鄉五金廠竄大火濃煙沖天，消防員全力灌救。（消防局提供）彰化縣芬園鄉一家五金加工廠今天（20日）上午驚傳大火，整座鐵皮工廠陷入火海全面燃燒，消防局據報派出20多名消防員趕往搶救，由於廠房內堆置多個瓦斯鋼瓶，在高溫燃燒下隨時可能引發連環爆炸，在搶救1個多小時後終於將火勢控制，整座廠房也燒到塌陷，所幸無人員受困，起火原因與財物損失由消防局釐清。這起工廠大火發生在今天上午8點多，一家位於芬園鄉大埔路的五金加工廠突然竄出濃煙，消防局據報派出第一大隊、芬園、彰化與員林分隊20多名消防員、10輛消防車趕往現場；人員到場後發現整座工廠全面燃燒，濃煙竄天，為防止廠內瓦斯鋼瓶引爆釀成更大災情，勇消們冒著生命危險迅速部署多條水線防堵火勢擴散。直到上午9點多將火勢控制，現場進行殘火處理，所幸無人員受困。芬園鄉五金廠竄大火鐵皮塌陷，消防員全力灌救。（消防局提供）    ,https://news.ltn.com.tw/news/society/breakingnews/5545960
馬斯克「嗑藥片」是真是假？ 高中生進高檢署挑戰AI辨偽,社會,2026/08/20 09:59,學員分組參訪臺高檢署測謊室、數位鑑識實驗室及M化偵查對策室。（法務部提供）AI生成內容真假難辨，司法機關也將科技辨識帶進法治教育。法務部與台北市立大學合辦「AI法制與科技治理高中營」，昨帶領高中生走進高檢署實際挑戰AI圖片、Deepfake影片辨識，並參訪數位鑑識實驗室、測謊室及M化偵查對策室，了解科技偵查如何協助打擊新興犯罪。活動由台灣大學資訊管理學系教授林永松以「影像辨識與醫學工程」為題進行專題演講，介紹人工智慧在影像辨識、醫療科技等領域的應用，以及AI快速發展衍生的法律與倫理議題。請繼續往下閱讀...法務部長鄭銘謙隨後與學員進行「AI法制與科技治理」有獎徵答，題目涵蓋法務部及所屬機關職掌、法袍辨識、成年年齡，以及AI生成圖片、Deepfake影片真偽等8道題目，其中更以網路流傳的特斯拉執行長馬斯克自述「嗑藥」影片為題，測試學生辨識深偽內容的能力。最終由答題速度最快、答對題數最多的前5名學員，各獲得1000元獎學金，由鄭銘謙親自頒發。鄭銘謙表示，隨著AI快速發展，深度偽造、網路詐欺及假訊息等新興挑戰日益增加，AI時代需要的不只是會使用科技的人，更須具備法治觀念、倫理思維及資訊判讀能力；唯有法律與科技相互合作，才能在鼓勵創新的同時，兼顧人權保障及社會安全。學員並分組參訪高檢署測謊室、數位鑑識實驗室及M化偵查對策室，了解數位證據如何蒐集、分析，以及科技偵查在實際辦案中的運用，將AI課程與司法實務結合。    ,https://news.ltn.com.tw/news/society/breakingnews/5545953
花盆竟成「槍彈庫」！嘉義海巡聯手警方查獲槍枝及百發子彈,社會,2026/08/20 09:54,海巡署偵防分署嘉義查緝隊與竹崎分局查獲吳姓男子在花盆裡埋藏槍彈。（嘉義查緝隊提供）海巡署偵防分署嘉義查緝隊接獲情資，有不法集團違法持有槍彈，與嘉義縣警察局竹崎分局組成專案小組，查獲主嫌吳男及藏在花盆裡的1支改造手槍、1批槍枝零件、128發子彈及17發達姆彈等；嘉義查緝隊今天公布查緝成果，表示此案已移送嘉義地檢署，正由檢方偵辦中。海巡署偵防分署嘉義查緝隊表示，接獲情資後與竹崎警方組成專案小組，報請嘉義地檢署指揮偵辦，經布線蒐證後，今年3月23日在嘉義地區查獲吳男持有改造手槍1支、槍枝零件1批、子彈128顆及達姆彈17顆等。請繼續往下閱讀...嘉義查緝隊表示，吳男為避免槍枝及子彈遭查獲，竟將槍彈以保鮮膜、防水袋層層包覆，分別藏在花盆內，有如「槍彈庫」，企圖掩人耳目，仍被查獲。嘉義查緝隊說，海巡署貫徹政府肅槍決心，遏止槍枝危害社會，另外，國人若發現海上不法活動或走私偷渡線索，可撥打海巡「118」免費報案專線。花盆裡查獲大批槍彈。（嘉義查緝隊提供）辦案人員清點證物。（嘉義查緝隊提供）    ,https://news.ltn.com.tw/news/society/breakingnews/5545922
車載異狀秒變火球！國1泰山段驚傳火燒車   現場一度回堵3公里,社會,2026/08/20 09:45,國道監視器拍下火燒車全程。（記者徐聖倫翻攝）國道1號今上午驚傳火燒車意外，48歲吳姓男子駕駛小貨車行經南下37.8公里泰山路段時，驚覺車後斗出現異狀，果斷將車停靠至輔助外側車道，隨後車輛便起火燃燒。警消獲報迅速趕抵現場救援，所幸吳男與車內乘客均及時逃生，未釀成人員傷亡，僅造成現場回堵約3公里。​國道公路警察局第一大隊於上午7時許接獲通報，國1南向37.8公里處發生車輛起火事故，隨即派遣線上巡邏車前往查看，並通報消防車支援。消防人員抵達後緊急封閉外側路肩進行灌救，火勢於短時間內獲得控制並撲滅，現場於上午8時24分完全排除，全線恢復通車。請繼續往下閱讀...​初步調查，該輛小貨車起火時並未波及其他車輛，吳男與車內乘客也未受傷，驚險逃過一劫。至於確切的起火原因，仍待消防局火調科鑑識結果出爐才能釐清。​國道警局特別呼籲，用路人上路前務必確實檢查車輛機件，避免故障引發危險。若行駛途中發現異狀，應立即啟亮方向燈並循序滑離車道至路肩待援，並切記退至護欄外等安全處所，同時利用「1968」APP或電話通報警方，切勿在車內逗留，以保人身安全。消防人員與火燒車現場灌救。（記者徐聖倫翻攝）小貨車起火原因待查，所幸駕駛、乘客均及時逃生。（記者徐聖倫翻攝）    ,https://news.ltn.com.tw/news/society/breakingnews/5545918
才剛撞完移車又撞！警揪出毒駕男查獲13萬現金及大量毒品,社會,2026/08/20 09:43,警方查獲郭男毒駕。（民眾提供）高雄市郭姓男子駕車於鳳山區中山西路從後追撞前方小貨車，待警方處理完車禍後移車，又從後追撞同一輛貨車，警方察覺異狀揪出毒駕，車內起獲大量毒品及逾13萬現金。警方今表示，36歲郭姓男子8月15日清晨5時許，駕駛轎車於鳳山區中山西路，從後追撞前方46歲昌姓男子駕駛小貨車，警方完成現場車禍測繪後，請雙方將車輛移置路旁，不料郭男移車過程中，竟又從後追撞昌男的小貨車，接連2次車禍異常狀況，引起警方警覺，所幸2次車禍事故，均無人受傷。請繼續往下閱讀...警方進一步觀察郭男神色有異，並發現車內有異常氣味，對郭男實施毒品唾液快篩，結果呈現K他命及安非他命陽性反應，警方當場依法逮捕郭男，並於郭男身上及車內，起獲K他命8包共34.78公克、咖啡包3包共8.1公克、電子秤及現金13萬9300元等物，其中毒咖啡包驗出新興毒品卡西酮陽性反應，將他帶回忠孝所偵辦。據了解，郭男到案坦承持有毒品，但否認販毒，警方除對郭男依違反道路交通管理處罰條例舉發、移置保管車輛外，警訊後將他依違反毒品危害防制條例及公共危險罪移送法辦，並追查毒品來源。警方查扣13萬現金及毒品。（民眾提供）    ,https://news.ltn.com.tw/news/society/breakingnews/5545945
高雄男闖國小校園強拉女童關廁所  母氣炸：有病就去治,社會,2026/08/20 09:40,蕭姓男子闖國小校園強拉女童關廁所，被家家屬氣炸不原諒。示意圖（資料照）蕭姓男子闖入苓雅區某國小，將獨自等候家人的國小女童強拉進廁所反鎖並摀嘴，由於蕭男並非首次犯案，法官依成年人故意對兒童犯強制罪判徒刑5月，並宣告刑後監護2年。判決指出，去年4月2日下午1點多，蕭姓男子在苓雅區某國小散步，見未滿12歲的國小女童獨自留在校園等候家人接送，蕭男竟招手誘騙女童靠近，隨後強行將她拉進廁所反鎖，並用雙手緊摀女童口鼻。女童驚恐萬分，不斷使勁拉扯蕭男雙手、尖叫求救，蕭男這才開門逃逸。請繼續往下閱讀...警方循線逮捕蕭男，經送凱旋醫院精神鑑定，確認蕭男患有中度智能發展障礙及思覺失調症，智商僅41，案發當時受到「命令式幻聽」影響，辨識與控制能力顯著降低。高雄地方法院審理時，法官發現，蕭男曾於2023年及2025年間，就曾因在超商撫摸女高中生臉頰、在球場捏女童臉頰與聞頭髮等違法行為遭警察調查，被害女童母親拒絕和解：「有精神方面疾病就應該好好去治療，他這樣的行為嚴重侵害小孩權益，我們無法原諒他」。法官審酌蕭男累犯傾向且缺乏病識感，再犯風險極高，若單純放回社會恐成不定時炸彈，因此採納鑑定建議，依成年人故意對兒童犯強制罪判刑5個月，得易科罰金，但要求其執行完畢後必須進入專業處所接受常規精神治療與生活訓練2年，以嚴防再犯，可上訴。    ,https://news.ltn.com.tw/news/society/breakingnews/5545943
國一三義3車連環撞再添1死 特斯拉36歲女駕駛傷重不治,社會,2026/08/20 09:35,國道1號北上苗栗三義路段，昨（19）日發生3車連環追撞事故，特斯拉電動車駕駛36歲李姓女子，經送醫搶救恢復生命跡象入加護病房，不料今天凌晨傷勢惡化，宣告不治，死傷人數變成3死3傷。（警方提供）國道1號北上苗栗三義路段，昨（19）日發生3車連環追撞事故，到院前失去生命跡象的特斯拉電動車駕駛36歲李姓女子，經送醫搶救恢復生命跡象入住加護病房，不料今天凌晨傷勢惡化，宣告不治，死傷人數變成3死3傷。苗栗縣消防局昨天上午10點30分許獲報，國道1號北上147.8公里三義路段車禍，出動三義、銅鑼及公館分隊共6車13人趕赴救援，現場3輛事故車輛、6名傷者，其中3人呈OHCA（到院前心肺功能停止），分別送往大千醫院及衛福部苗栗醫院救治。請繼續往下閱讀...國道公路警察局第2大隊調查事故經過，45歲江姓男子駕駛租賃廂型車載3名乘客前往桃園機場途中，於內側車道追撞李女駕駛的特斯拉轎車，江男、李女下車站在兩車中間對話，隨後51歲林女駕駛休旅車追撞廂型車，廂型車再往前推撞江男、李女及李女車輛而肇事。3事故車的駕駛、乘客6人全數送醫，其中，江男及廂型車上62歲菲律賓籍女乘客，到院前失去生命跡象，急救無效，均宣告不治；特斯拉駕駛李女經送醫搶救恢復呼吸心跳，但仍昏迷，送加護病房治療，不料今天凌晨傷勢惡化，宣告不治。其餘3名傷者包括休旅車駕駛林女及廂型車上其餘乘客67歲外籍婦人、17歲本國籍女子，分別有多處擦挫傷及頭痛、頭暈情形，均意識清楚。警方指出，廂型車駕駛江男、特斯拉駕駛李女報請檢察官抽血檢測中，休旅車駕駛林女酒測值為0。後續由大隊刑事組及造橋分隊依規定處理。國道警方表示，用路人若在國道發生事故（無人傷亡、車能動）時應開啟閃燈、後方放警示牌、拍照採證，儘速將車輛移至安全處所，以避免二次事故。駕車並應隨時注意車前狀態，如未注意車前狀態而肇事致人重傷或死亡，將吊扣或吊銷駕照。廂型車駕駛江男及車上62歲菲律賓籍女乘客，到院前失去生命跡象，急救無效，均宣告不治。（警方提供）    ,https://news.ltn.com.tw/news/society/breakingnews/5545927
男身揹「8條通」躲6年趴趴走 一個失誤落網將蹲近15年苦牢,社會,2026/08/20 09:02,施男身揹8案遭通緝，最長已逃網6年，卻因同車乘客未繫安全帶被盤查而落網。（民眾提供）高雄市警方18日早上在苓雅區四維四路與中山二路口，發現1輛轎車後乘客未繫安全帶而上前盤查，無意中發現車上施姓男子（32歲）竟是詐欺、毒品8案的通緝犯，並被判14年11個月徒刑，施男逃了6年最終落網，將進苦牢吃免錢飯。施男遭新竹、苗栗、台中、彰化、南投及嘉義等地檢、地院發布詐欺、毒品等8案通緝，距最久通緝已躲避6年。18日一早，他搭乘友人的車坐在副駕位置，卻因後座乘客沒繫安全帶，全車遭員警盤查，意外曝光通緝犯的身分。請繼續往下閱讀...高雄市苓雅分局成功所指出，施男起初假意配合提供身分證號碼，但經警組比對照片明顯不符，員警請施男下車卻堅持不肯配合，因此依警察職權行使法第7條將施男帶回按捺指紋查證身分，經警組比對確認施男為8條通緝身分，當場逮捕。施男於警詢後解送歸案，將面臨14年11個月徒刑。    ,https://news.ltn.com.tw/news/society/breakingnews/5545881
86歲老翁不滿20歲女社工服務態度 當眾辱罵「五字經」,社會,2026/08/20 08:54,86歲劉姓老翁不滿女社工服務態度，當眾辱罵「五字經」，法院判罰5000元。（資料照）86歲劉姓老翁因參加社區關懷據點遭到拒絕，跑到縣府要求社政單位令該社區讓他加入，因現場20歲的女社工未按劉翁要求處理，劉翁竟在辦公場所飆罵「五字經」，女社工不甘受辱，決定報警處理，劉翁被依公然侮辱罪送辦後，屏東地院判他罰金5000元，可易服勞役及上訴。劉翁想要參加當地社區關懷據點卻遭到拒絕，不滿之餘便前往縣府社政單位反映此事，並要求社政主管機關令該社區允許他參加據點，現場服務劉翁的女社工表示，會以正式公文書回應，但縣府不能強迫該據點一定要同意讓老翁加入，劉翁不滿意女社工處理方式，當場怒飆髒話「五字經」，還開酸「要不要付妳坐枱費」，女社工不甘人格受辱，決定報警處理。請繼續往下閱讀...劉翁事後辯稱他不是在罵女社工，而是在罵國民黨；屏東地院審理後，認為劉翁不思理性溝通，僅因女社工拒絕其請求，即恣意辱罵，其內容更帶有性別貶抑的意涵，實不足取，且犯後否認犯行，依公然侮辱罪判罰5000元，得易服勞役。    ,https://news.ltn.com.tw/news/society/breakingnews/5545879
國1彰化路段休旅車撞分隔島車頭全毀 駕駛受困被救出,社會,2026/08/20 08:08,休旅車駕駛救出時血流如注，左腿變形。（消防局提供）國道1號彰化路段今天（20日）清晨發生一起嚴重車禍，1輛休旅車行經該路段時突然失控撞擊分隔島，車偷幾乎全毀，男性駕駛受困車內，經消防人員救出左大腿嚴重變形，全身多處撕裂傷血流如注，包紮後火速送醫搶救，所幸無生命危險，事故發生原因由國道警方釐清中。這起嚴重事故發生在今天清晨4點半，該輛休旅車行經國1北上193公里彰化市路段時突然自撞分隔島，車頭嚴重變形，現場一片狼藉；彰化縣消防局據報派出彰化分隊7名消防員趕往現場；駕駛救出時左大腿變形，右腿右手多處撕裂傷，所幸意識清楚，救護人員到場時給予包紮止血、長背板固定等處置後，火速送彰化秀傳醫院急救。休旅車猛烈撞擊分隔島車頭幾乎全毀。（消防局提供）    ,https://news.ltn.com.tw/news/society/breakingnews/5545851
房客兒子輕生成凶宅還騙有蛇受驚要退租 嘉院判賠107萬元,社會,2026/08/20 07:54,嘉義地方法院。（資料照）張姓婦人承租嘉義縣某間房屋，遭控未如期繳納租金，其子在房內自殺，還隱瞞騙稱「屋子跑進蛇」不敢住要退租，房東經鄰居通知屋子成了「凶宅」，主張房屋市場交易價值因此減損，求償350萬元。嘉義地方法院判決，凶宅瑕疵造成房屋市場價值減損91萬餘元，張婦違約應賠未繳租金，應給付房東107萬3731元，全案可上訴。黃姓房東主張，張婦與黃姓房東去年6月簽約，自2025年7月租屋到2028年6月30日，作為扶輪社開會的場所，但從去年8月就遲繳房租，協調後給付，10月又開始沒繳租金，且張婦兒子在承租第3個月就在屋內輕生，張婦隱瞞真相，還聲稱因滑倒受傷休養，又因在房屋看到蛇，所以不想續租，去年10月17日因鄰居告知，才知張婦兒子輕生，認為房屋價值受損應賠償，並給付到今年6月的租金16萬2000元，求償共350萬元。請繼續往下閱讀...張婦對於其子在房屋內輕生事實不爭執，但主張房屋價值減損應經過鑑定，而且兒子輕生後，雖沒有書面中止契約，但她沒繳租金、房東也沒催繳，去年10月起就沒有租賃合意，且屋內物品已經清空，房東主張租賃關係尚存、求償無理。嘉院判決，張婦兒子輕生事故經歐亞不動產估價師聯合事務所鑑定，建物交易價值減損91萬1731元，張婦自去年10月至今年6月未繳納租金，認為張婦租屋交給兒子住讓房屋成凶宅，應負侵權責任。嘉院判決，張婦仍占有房屋未還給房東，租賃契約仍持續，雖然10月曾傳Line訊息「前陣子因屋淹水，被滑倒受傷，現在修復中，又因屋跑進蛇非常驚嚇，已決定腳傷好了把東西搬離，兩個月的押金你可抵銷」，未依租賃契約在2個月前通知房東，也未賠償1個月租金作為違約金，房東求償未繳租金有理由，判決張婦應賠合計107萬3731元，可上訴。    ,https://news.ltn.com.tw/news/society/breakingnews/5545840
警揪開趴釣到長官 桃市警務正持毒免職,社會,2026/08/20 05:30,桃園市政府警察局楊姓警務正被查獲持有毒品安非他命，警察局已報市府予以一次記兩大過免職。（記者周敏鴻攝）桃園市政府警察局四十一歲楊姓警務正為了「揪團開趴」，八月十八日晚間約出由桃園警分局景福派出所警員執勤假扮的網友，雙方碰面後，警員表明身分並實施盤查，發現對方竟是「長官」，還從其身上起出〇．八公克安非他命、四十六克G水等毒品，偵訊後依違反毒品危害防制條例之持有毒品、轉讓第二級毒品未遂等罪嫌，將楊男移送桃園地檢署偵辦，檢察官昨複訊後諭知十五萬元交保，桃園市警察局將呈報對楊男以一次記兩大過免職。警方調查，楊姓警務正平日就會透過交友軟體，以「可以提供助興用品」為由約出網友開趴，日前他找上正在執行網路巡邏勤務的景福所警員，雙方相約十八日晚間先在桃園區新民街碰面，再進一步商議開趴細節。請繼續往下閱讀...他們見面後，楊姓警務正發現所約出的網友竟是警員，嚇了一大跳，楊男配合警方盤查，被起出〇．八公克安非他命、四十六克G水（γ-羥基丁酸，又稱液態搖頭丸、迷姦水），訊後被依毒品罪嫌送辦，警方後續還要追查其毒品來源。桃市警察局表示，針對楊姓警務正持有毒品一案，警方依法偵辦並擴大清查，目前尚未發現其他員警涉案，該局並依警察人員人事條例規定，將楊男報請市府予以一次記兩大過免職。市警局強調，對於員警違法案件依法嚴處，秉持「警紀警辦」、「毋枉毋縱」的立場，持續要求所屬恪遵風紀，杜絕類似案件發生。☆少一份毒品就多一份健康，自由時報提醒您遠離毒品☆    ,https://news.ltn.com.tw/news/society/paper/1767388
化緣被擋到 比丘尼揮功德箱傷志工 判3月,社會,2026/08/20 05:30,"比丘尼（紅圈處）在南投受天宮前化緣，因不滿志工擋住功德箱，竟持箱毆人，被依傷害罪判刑3月。 （民眾提供）七旬陳姓比丘尼在知名的南投縣松柏嶺受天宮牌樓前化緣，不滿廟方男性志工擋到功德箱，影響信眾投錢，怒拿功德箱揮打，對方倒地後還繼續踹、打，致志工的頭、胸等多處受傷，該比丘尼否認打人，辯稱只是把功德箱「嘟過去」，由於她一年多前才在彰化用功德箱打人被判拘役，南投地院以傷害罪判刑三月。七十三歲的陳姓比丘尼，今年三月八日下午一時多，在松柏嶺受天宮牌樓前化緣，當時她拿功德箱坐在椅子上，一名廟方男志工站在她的前方管制人車進出，她認為志工擋到她，影響信眾投錢，氣沖沖地拿起功德箱，用力揮打男志工的背部、手臂，男志工跌倒後，她繼續拿功德箱打志工的頭部、手臂和背部，再用腳踹志工的肩部、頭部、腰部，幾度被現場的人拉開才停手。請繼續往下閱讀...男志工被陳姓比丘尼又打又踹，送醫治療後，持驗傷單到派出所控告陳女觸犯傷害罪。陳女否認她打人、踹人，還說是因男志工拿走她功德箱內的錢，才去追他，要把錢拿回來，且辯稱只有將功德箱「嘟過去」而已，男志工會受傷是他自行在地上翻滾造成。南投地院法官審酌陳姓比丘尼打人、踢人的過程都被監視器錄下，影像呈現男志工當時背對比丘尼，並無陳女指控的相關舉動，陳女不但無悔意，且在法庭上貶損和指責男志工。此外，她曾在彰化縣拿功德箱打菜販被判拘役五十日，此次再度觸犯傷害罪，判處有期徒刑三個月，全案可上訴。    ",https://news.ltn.com.tw/news/society/paper/1767389
被當人頭負債千萬 產後因「不得已事由」犯案／推初生兒墜樓亡 單親媽判4年半,社會,2026/08/20 05:30,國民法庭同情輕判示意圖台中廿二歲夏姓女子在房間產下一名足月男嬰，因和男嬰的生父爭吵，一氣之下竟將剛出生的兒子，以毛毯包裹放置在十一樓房間窗框，推落至社區花圃致死，檢方依成年人故意對兒童為殺人罪起訴，夏女辯護人則主張夏女觸犯的是刑度較低的「生母殺嬰罪」，台中地院國民法庭審理後昨天宣判，認為夏女負債千萬、孤立無援，在甫生產廿分鐘後因「不得已之事由」犯下此案，改依「產後殺子罪」（生母殺嬰）判刑四年六月。檢警調查，夏女和莊男交往，先在二〇二三年九月生下長女，兩人後來在二〇二四年三月分手，不過當時夏女已經懷孕，並在同年十一月廿八日凌晨三點多，在台中市太平區住處十一樓的房間內，順利產下足月的男嬰，不料因和莊男爭吵，一氣之下，以毛毯包裹有生命跡象的男嬰，先放置在十一樓房間窗框，再將男嬰向外推落，墜落社區花圃不治，台中地檢署偵辦後，依成年人故意對兒童為殺人罪起訴。請繼續往下閱讀...台中地院國民法庭本週審理，檢方提示法醫採證鑑識報告，顯示男嬰身高五十公分、體重二五九〇公克是足月產，且解剖肺部放入水中，器官會上浮，代表肺泡已經擴張，是活產，認為夏女觸犯殺人罪。檢方並發現，夏女疑被乾爸當人頭，開公司當負責人，積欠七件支付命令與一件民事求償，合計欠債一〇〇七萬餘元。獨力養女兒 男友買賓士又留百萬債務此外，在案發前，莊姓前男友要自己的外婆，協助辦理車貸買賓士，並要夏女當保人，共貸款一一四萬，莊男後來沒付款，讓夏女背上債務，且發現超貸的錢，也沒有如約定拿一半來協助養女兒，雙方因此發生爭吵，才會在生下小孩後，從十一樓將嬰兒推落。夏女辯護人也表示，這是一個傻女孩、單親媽媽失慮犯錯的故事，雖有犯錯但是因有「不得已的事由」，主張觸犯刑度較輕的「生母殺嬰罪」爭取緩刑。國民法庭審理後認為，夏女想到自己年僅廿二歲、需獨力撫養長女、背負千萬債務、生父莊男毫無擔當，又在寄人籬下不敢告知乾爸生產的孤立無援、極度害怕與無助的特殊處境下，於甫生產後廿分鐘左右，基於生母殺嬰犯意，犯下此案，因此變更起訴法條為「產後殺子罪」，判決四年六月徒刑，可上訴。夏女昨天到庭聽判後快步離開法院，未回應媒體詢問。    ,https://news.ltn.com.tw/news/society/paper/1767384
夫帶5存摺赴飯店配合辦案 妻報警保住退休金,社會,2026/08/20 05:30,警方火速趕抵飯店，當場攔下正準備視訊的王男，及時守住退休金。（民眾提供）台中市王姓男子近日接獲自稱「台北戶政事務所」詐騙電話，對方謊稱他的身分遭冒用、涉及不明資金，還要求他配合「辦案」，王男深信不疑，隔天竟帶著家中五本銀行存摺前往住家附近飯店，準備接受歹徒遠端指示，妻子驚覺存摺全不見趕緊報案，警方火速趕抵飯店，當場攔下正準備視訊的王男，及時守住退休金。據了解，王男本月十七日接到詐騙電話時，曾一度開擴音讓妻子聽見，妻子當下就察覺不對，尤其聽到對方要求丈夫到飯店、開房間並保持「無人打擾」，立即出言勸阻，沒想到王男已被話術牽著走。請繼續往下閱讀...隔天下午，妻子突然發現家中五本銀行存摺不翼而飛，再打電話給丈夫，卻怎麼都打不通，想到前一天的可疑電話，研判手機遭騙徒佔線控管，直覺丈夫已經赴約，立即前往第一分局公益派出所求助，警方獲報後不敢耽擱，立即趕往王男可能前往的飯店，並在櫃檯協助下順利找到人。警方進入飯店，只見王男神情嚴肅，五本銀行存摺整齊放在桌上，手機則準備進行視訊，正一步步等候「假戶政」指示，員警隨即耐心向王男說明，這正是常見的「戶政轉接檢警」詐騙套路，公務機關不會要求民眾攜帶存摺到飯店，更不可能透過視訊方式「秘密辦案」。經警方苦口婆心勸說，王男終於驚覺受騙，這才放下戒心，也保住辛苦一輩子的退休金；第一分局提醒，戶政事務所、健保機關等公務單位，絕不會以「身分遭冒用」為由要求民眾提供存摺、提款卡，更不會要求前往飯店等密閉場所配合視訊，遇到「電話不能掛斷」、「不准告知家人」等要求，務必提高警覺。☆自由時報電子報提醒您，防詐騙專線︰165，報案專線︰110☆    ,https://news.ltn.com.tw/news/society/paper/1767387
贓款藏地產公司當斷點 博弈洗錢13億,社會,2026/08/20 05:30,"警方破獲徐姓男子為首的境外博弈洗錢集團，查扣30多本銀行帳戶等證物。（記者陳建志翻攝）架非法支付平台 成立14家人頭公司洗錢 首腦等8人被起訴台中市徐姓男子成立博弈洗錢集團，除架設非法支付平台「YD支付」，並找來開設地產公司的吳姓男子協助洗錢，把地產公司當作贓款存放處。檢警發現相關帳戶金流異常，經蒐證後發動三波搜索，一舉逮捕徐男等八人，昨天偵結，依組織犯罪、賭博、洗錢等罪嫌提起公訴，並聲請沒收洗錢標的共十三億九九八一萬餘元。請繼續往下閱讀...台中市警方年初接獲金融機構通報，發現特定帳戶出現異常金流，經深入比對後發現，有數名ATM提款車手頻繁交互使用彼此帳戶，且至少成立十四家人頭公司，公司帳戶疑涉詐欺、博弈與洗錢，隨即報請台中地檢署指揮偵辦。檢警蒐證後，今年四月、六月前往北屯、西屯等據點發動三波搜索，查扣涉案金融帳戶卅餘本、公司大小章、假發票、電腦、手機、境外水房連線傳接盒及現金六十四萬餘元，逮捕徐姓主嫌等八人，其中徐男（卅四歲）、張男（五十一歲）、吳男（五十七歲）、吳男（廿四歲）四人聲押獲准。外匯轉虛擬貨幣 層層洗錢檢警調查發現，以徐男為首的犯罪集團於廈門設立境外洗錢據點，專替博弈集團提供賭客儲值與出入金服務。為規避查緝，徐嫌與在北屯開設地產公司的吳男（五十七歲）合作，由集團每日指派車手提領賭資，將贓款暫置於地產公司掩人耳目，再集中交由主嫌等人存入人頭公司帳戶，並透過外匯管道轉換為虛擬貨幣，層層洗錢；短短半年內，經手洗錢金額即達十三億九九八一萬餘元。檢警並查出，徐嫌還成立非法支付平台「YD支付」，除以每筆代收款抽取三．五％及手續費牟利外，另架設假的「精品買賣平台」並開立假發票，以不實交易掩飾洗錢犯行；遇有賭客提告詐欺導致帳戶遭警示時，則火速簽署和解書，佯裝買賣糾紛脫罪。檢方昨天依組織犯罪、賭博、洗錢等罪嫌對徐男等人提起公訴。☆自由時報電子報提醒您，防詐騙專線︰165，報案專線︰110☆警方破獲徐姓男子為首的境外博弈洗錢集團，查扣30多本銀行帳戶等證物。（記者陳建志翻攝）    ",https://news.ltn.com.tw/news/society/paper/1767386
「不得已的事由」成逆轉關鍵 國民法庭同情 改依產後殺子輕判,社會,2026/08/20 05:30,國民法庭同情輕判示意圖台中夏姓女子前年十一月產下男嬰後，疑因背債和男友吵架將男嬰從十一樓窗戶推落致死，檢方依成年人故意對兒童為殺人罪起訴，不過台中地院國民法庭昨天宣判，改依刑度較輕的「產後殺子罪」定罪，雖判刑四年六月已接近本刑最高五年的上限，但相較檢方起訴法條可達無期徒刑或十年以上有期徒刑已相對獲輕判，前檢察官、現任律師林依成認為，關鍵在於夏女有「不得已的事由」，客觀上足以引起一般人的同情。成人故意殺童與產後殺子 罪刑差很大林依成律師表示，刑法二七四條第一項的「產後殺子罪」（生母殺嬰），適用於生母在生產時或甫生產後，因「不得已之事由」殺害其子女。刑度為六月以上五年以下有期徒刑，而「不得已之事由」包括性侵受孕、新生兒重度殘疾、家庭背景、經濟條件等情況，這些情況使母親的身心狀態特別激動，導致其做出殺害行為。請繼續往下閱讀...林依成表示，從夏女的情況看來，因前男友不願意負責，且被當人頭負債千萬，除要獨力照顧女兒，又要面對剛出生的男嬰，孤立無援下犯下此案，在客觀上足以引起一般人同情，讓國民法官認為符合「不得已的事由」，成為本案改判的關鍵。相較於「產後殺子罪」，檢方起訴的法條是刑法第二七一條第一項成年人故意對兒童為殺人罪，刑度可達無期徒刑或十年以上有期徒刑，兩者罪刑差異甚大，台中地檢署則表示，將在收到判決後，再研議是否上訴。    ,https://news.ltn.com.tw/news/society/paper/1767385
客製化假投資網站 資訊專長兄弟檔 助詐團騙億元,社會,2026/08/20 05:30,擁有資訊專長的吳姓兄弟檔，涉嫌替境外詐騙集團機房客製化設計「假投資」網站，警方先後逮捕吳姓兄弟檔等五人，查扣現金一五〇萬元與筆電、手機及點鈔機等贓證物。（記者邱俊福翻攝）營造高獲利假象 引誘民眾上鉤擁有資訊專長的吳姓兄弟檔，平時替政府、診所開發APP外，還兼差組工程師團隊，涉嫌替境外詐騙集團機房客製化設計「假投資」網站，協助營造高獲利假象，引誘民眾上鉤，犯案短短一年半，共架設、設計四十組網站，造成二八二人受害、財損逾億元；刑事局偵九大隊第三隊發動三波查緝行動，逮捕吳姓兄弟檔，以及旗下系統測試、美編、工程師等共五人送辦，檢方複訊後向法院聲請羈押吳姓兄弟檔獲准。犯案一年半 造成二八二人受害警方調查，四十二歲吳男與其卅一歲胞弟，平時在吳男妻子位於新北市淡水區開設的資訊公司上班，負責開發APP，前年初吳男在Telegram社群結識人在境外的詐團機房人員後，便找來胞弟、姪女，並透過徵才廣告招攬負責美編的許姓男子與陳姓工程師，兼差替詐團一條龍包辦假投資網站架設、系統測試與視覺美編，每組網站則收費八千美元（折合新台幣約廿五萬元）。請繼續往下閱讀...警方初步清查，該集團自前年二月至去年七月間，共替詐團架設四十組以虛擬貨幣或黃金為投資標的的假投資網站，獲利近千萬元，境外詐團則透過虛擬幣商付錢。警方經研析詐欺網站情資後鎖定該吳姓兄弟檔，從去年七月至上月，先後逮捕吳姓兄弟檔等五人，查扣現金一五〇萬元與筆電、手機及點鈔機等贓證物，訊後依加重詐欺、洗錢、組織犯罪及違反詐欺犯罪危害防制條例等罪嫌移送士林地檢署偵辦。    ,https://news.ltn.com.tw/news/society/paper/1767301
台中2警撿擋路枝葉 路樹突倒塌遭砸中,社會,2026/08/20 00:25,台中市保大2名員排除落枝殘葉，路樹突然傾倒被壓住。（民眾提供）台中市警察局保安大隊員警昨天（19日）深夜近11點巡邏時，下車撿拾路樹掉落枝葉，以免危及用路人，巨樹突然轟然倒下，2名員警閃避不及遭壓住受困，消防人員趕抵救出送醫，2警所幸均無生命危險。據了解，保安大隊巡邏車巡經三民路、公園路口，發現緊鄰光復國小圍牆的路樹枝葉不斷掉落，有些甚至伸到車道上，立即停車、擺放交通錐警戒，下車查看，準備將散落枝葉移到路旁。請繼續往下閱讀...員警才剛開始處理，樹木粗大樹幹連同茂密樹冠連根拔起，猛然朝道路方向倒下，幾乎橫跨整個車道，2名員警閃避不及，瞬間被樹叢覆蓋。消防局獲報立即派遣人車趕抵，將受困2名員警救出，送往醫院治療，2員仍在院接受診治。轄區警方封鎖警戒，避免其他人車接近；倒樹清除及道路復原由相關單位處理。倒塌樹木幾乎橫跨整個車道。（民眾提供）    ,https://news.ltn.com.tw/news/society/breakingnews/5545781
跑山獸悼虎頭蜂螫罹難者「五哥」 曝救命唯一關鍵,社會,2026/08/19 22:46,黑腹虎頭蜂標本。（陳文華提供）屏東縣日前發生虎頭蜂群襲擊致死事件，其中1名死者為南台灣知名的登山山友及山難搜救人員「五哥」，在山難救援界負有盛名的「跑山獸」羅培德今天也發文哀悼張姓死者，他並分享多年來山區穿梭所獲得「山林警惕」，指若在山區聽、聞虎頭蜂群，「快速逃跑」就是唯一的救命關鍵。來自捷克的台灣女婿羅培德，原本是越野跑跑者，靠著體能及天賦異稟的搜救能力，常常獨自一人穿梭在山區搜尋失蹤的山友，許多對登山客來說十分艱困的山路，羅培德卻能用跑來快速通過，也因此獲得「跑山獸」封號，堪稱是台灣登山界的傳奇人物。請繼續往下閱讀...「五哥」張姓男子日前與顏姓同伴遭蜂襲命喪墾丁山區，曾獲頒義消楷模的「五哥」，廣受山友敬重，跑山獸今天發文「深感震驚與不捨」。他指出，許多山友都知道五哥對山域搜救與步道安全的無私付出，還有他那標誌性的頭巾與熱情。跑山獸文章指出，他和「五哥」是在2022年的一次安全分享會上相識，那段回憶至今依然深刻，他要向「五哥」的家人與搜救隊夥伴致上最深切的哀悼，同時也祈求他的女友（事件中因蜂螫重傷）能度過危險期，早日康復。跑山獸並分享多年來山區穿梭所獲得「山林警惕」，他表示，平時在帶隊、巡路或修築步道時，總會提前跟夥伴做好「只要一聽到蜂鳴或發現蜂群，不用猶豫，立刻往安全方向全力跑離！」的約定至關重要，因為真的遇到狀況時，大家才能第一時間反應。他指出，虎頭蜂螫後對人體會有兩種威脅，分為過敏性休克及蜂毒，藥物雖能處理過敏，但「迅速跑離蜂群、減少被螫針數」，永遠是預防中毒或是被螫咬後過敏性休克最核心的自救方式，因此「快速逃跑」就是唯一的救命關鍵。跑山獸說，在山區遇到虎頭蜂的應對原則包括行前約定與隊友做好默契溝通，遇到蜂群時第一時間撤退。而跑離時除全力奔跑外，也要保護頭頸部，順著安全方向快速跑離現場至少50到100公尺以上，切勿停留、蹲下或揮打。至於穿著，則是避免穿著黑色或深色裝備，深色容易誘發虎頭蜂攻擊。文末，他也祝「五哥」安息，並感念他為台灣山林所做的一切。黑腹虎頭蜂窩。（民眾提供）    ,https://news.ltn.com.tw/news/society/breakingnews/5545746
新竹巨城店員偷拍女客更衣判4月刑 1理由不給緩刑還沒收2支手機,社會,2026/08/19 22:30,新竹市巨城某專櫃1名店員吳男涉嫌偷拍女客在試衣間內更衣畫面，新竹地方法院審理後判處有期徒刑4月，不予緩刑，如易科罰金則約12萬元，並沒收扣案2支手機。（記者廖雪茹攝）新竹市遠東巨城購物中心某專櫃1名店員吳姓男子，去年9月間涉嫌偷拍女客在試衣間內更衣畫面，新竹地方法院依刑法「無故攝錄他人性影像罪」判處有期徒刑4月，不予緩刑，如易科罰金則約12萬元，並沒收扣案2支手機。判決指出，吳男於去年9月22日晚間6時13分許，在某專櫃值班時，發現1名女子攜帶衣物進入試衣間，竟趁機蹲在試衣間外，輪流啟動2支手機錄影，從試衣間隔簾下方偷拍女子裸露身體的更衣畫面。請繼續往下閱讀...女子察覺遭到偷拍後立即報警，警方到場處理並扣得2支手機，案件經新竹市警察局第二分局移送新竹地檢署偵辦。吳男在警詢、偵查及法院審理時都坦承犯行。法院認定，吳男行為應以刑法第319條之1第1項的無故攝錄他人性影像罪論處。法官認為，被告為滿足個人慾望偷拍，侵害告訴人核心性隱私權，造成心理壓力，也損害店家形象；考量吳男坦承犯行、過去無犯罪前科等情狀，判刑4月。至於辯護人聲請緩刑，法院認為吳男雖符合部分緩刑條件，但目前尚未與告訴人達成調解，若宣告緩刑難認公平適當，因此不予緩刑。此外，法院認定2支手機都曾用於拍攝或儲存涉案影像，即使其中1支為公用手機，也依法宣告沒收。全案可上訴。    ,https://news.ltn.com.tw/news/society/breakingnews/5545712
北市辛亥路地下道車禍  進口車左彎失控連2撞幾全毀,社會,2026/08/19 22:14,鄭姓男子今（19日）晚駕車行經台北市中正區辛亥路車行地下道，遇左彎道時疑因失控打滑撞向分隔島。（警方提供）48歲鄭姓男子今（19日）晚駕車行經台北市中正區辛亥路車行地下道，遇左彎道時疑因失控打滑，先撞向分隔島後再向右撞向同向的白牌車，鄭男進口轎車幾乎全毀，所幸僅頸部和手腳擦挫傷，白牌車沈姓女司機則無恙。全案現由警方釐情肇事責任中。警方表示，今日晚間近7時左右，鄭男駕駛白色進口轎車沿辛亥路車行地下道西往東內側車道行駛，前有左彎道時鄭男突然失控，左前車頭先與中央分隔島發生碰撞後，向右失控打滑，右側車身再與行駛同路同向外側車道的白牌車左前車頭發生碰撞而肇事。請繼續往下閱讀...警方表示，鄭男車輛因連續衝擊力道過大，致使車頭部位幾乎全毀，但他最後順利脫身，頸部、手腳受到挫傷，送往台大醫院救治並無大礙。41歲沈姓女司機未受傷。轄管中正二分局交通分隊到場勘驗，雙方駕駛未有酒駕和毒駕毒駕情形，詳細肇事原因尚在釐清中。鄭男車輛撞向分隔島後，又撞到同向白牌車，幾乎全毀。（警方提供）    ,https://news.ltn.com.tw/news/society/breakingnews/5545715
8/19 今彩539頭獎開出1注！800萬獎落台南,社會,2026/08/19 22:10,8月19日開獎的第115000201期今彩539頭獎開出1注，獎落台南。（本報合成）8月19日開獎的第115000201期今彩539頭獎開出1注，由台南市永康區西勢里富強路1段18號1樓「金旭陽彩券商行」開出。第115000201期今彩539中獎號碼為「02、06、07、32、38」。頭獎開出1注，可得800萬元；貳獎共111注中獎，每注可得2萬元；參獎共5464注中獎，每注可得300元；肆獎共6萬6796注中獎，每注可得50元。請繼續往下閱讀...第115000201期39樂合彩中獎號碼為「02、06、07、32、38」。四合摃龜；三合共103注中獎，每注可得1萬1250元；二合共7962注中獎，每注可得1125元。第115000201期3星彩中獎號碼為「874」。壹獎共69注中獎，每注可得5000元。第115000201期4星彩中獎號碼為「5556」。壹獎共62注中獎，每注可得5萬元。確切中獎號碼以台彩網站公告為主，請見「台灣彩券網站」。今彩539、39樂合彩、3星彩、4星彩中獎號碼。（擷取自台彩官網）    ,https://news.ltn.com.tw/news/society/breakingnews/5545718
3月大男嬰午睡沒了心跳 屏縣抽查26家托嬰中心監視影像,社會,2026/08/19 20:47,屏縣3月大男嬰午睡失去心跳送醫不治，從監視器畫面顯示男嬰（中間嬰兒床）踢腳似在掙扎，托育人員們在旁未注意。（民眾提供）3個月大男嬰本（8）月3日入托評鑑優等的屏東市某家托嬰中心，卻在第三天午睡時失去心跳，送醫搶救後在8日父親節當天宣告不治，屏東縣政府將針對托育安全推動3項精進作為，於1個月內完成全縣立案26家公私立托嬰中心監視器影像抽查。屏縣府強調，該案屬個別機構的重大照顧疏失，絕不代表廣大勤懇敬業的托育人員，為兼顧機構內其他無違規事證的從業人員權益與感受，將提供專業心理諮商資源服務，並主動提供就業輔導與轉介服務，協助其順利轉任至其他優質托育機構，保障專業托育人才的工作權益。請繼續往下閱讀...屏東縣政府強調，幼兒安全容不得半點疏漏，為防範類似遺憾再次發生，縣府針對托育安全推動3項精進作為，全面提升查核與管理密度。首先於一個月內完成全縣立案26家公私立托嬰中心的監視器影像抽查，主動發現潛在風險。社會處進一步指出，同步要求全縣托嬰中心定期將「監視器自主檢查表」報府備查，未來因應中央法規，將於今年11月完成全縣托嬰中心監管雲畫面接收系統設置，可以隨時抽查托嬰中心監視畫面並建立常態化抽查機制，大幅提升查核效率與防護網密度。    ,https://news.ltn.com.tw/news/society/breakingnews/5545663
手刀對獎！8/19 今彩539、3星彩、4星彩獎號出爐,社會,2026/08/19 20:44,"今彩539、39樂合彩開獎號碼。（擷取自三立iNEWS《全民i彩券》）今天（8月19日）台彩各項開獎獎項及獎號。今彩539：02、06、07、32、38。請繼續往下閱讀...39樂合彩：02、06、07、32、38。3星彩：874。4星彩：5556。確切中獎號碼以台彩網站公告為主，請見「台灣彩券網站」。3星彩開獎號碼。（擷取自三立iNEWS《全民i彩券》）4星彩開獎號碼。（擷取自三立iNEWS《全民i彩券》）    ",https://news.ltn.com.tw/news/society/breakingnews/5545665
22歲母將男嬰推落11樓慘死  殺人罪改「產後殺子」輕判原因曝,社會,2026/08/19 20:31,夏姓女子（左）前年將剛出生的男嬰推落窗戶致死，台中地院國民法庭依「產後殺子罪」，判決4年6月，夏女今天面對詢問不發一語，和律師快步離去。（記者陳建志攝）台中夏姓女子前年11月凌晨在房間產下一名足月男嬰，因和男嬰的生父爭吵，一氣之下竟將剛出生、活產的兒子，以毛毯包裹放置在11樓房間窗框，推落墜落社區花圃致死，檢方依成年人故意對兒童為殺人罪起訴，夏女辯護人則主張觸犯的是刑度較低的「生母殺嬰罪」，台中地院國民法庭審理後今天宣判，認為其孤立無援、負債千萬，甫生產20分鐘極度害怕、無助，因「不得已之事由」犯下此案，改依「產後殺子罪」（生母殺嬰）判4年6月，可上訴。檢警調查，夏女和莊姓男子交往，先在2023年9月生下長女，2人後來在2024年3月分手，不過當時夏女已經懷孕，並在前年11月28日凌晨3點多，在太平區住處11樓的房間內產下足月的男嬰，不料卻和莊男爭吵，一氣之下，以毛毯包裹有生命跡象的男嬰，先放置在11樓房間窗框，再將男嬰向外推落，墜落社區花圃不治，台中地檢署偵辦後，依成年人故意對兒童為殺人罪起訴。請繼續往下閱讀...台中地院國民法官審理後認為，夏女父母離異，與母親、繼父又長期疏離，案發時無法尋求原生家庭協助，雖與乾父母同住，但寄人籬下，且乾父母不喜歡前男友莊男，使她不敢吐露懷孕實情，甚至在產後大出血被發現時，仍佯稱是月經血崩，可見其社會支持極度匱乏。此外，夏女除要獨力撫養幼女外，更背負了乾爸以其名義開公司而產生的1000多萬債務，且被前男友莊男欺騙作保，恐面臨上百萬的連帶車貸債務，經濟條件已陷入絕境，確實無力負擔男嬰的扶養照護義務。再者，夏女案發時年僅22歲，甫經歷獨自生產的劇痛與大出血，身體極度虛弱且身心處於混亂恐懼中，認為是在上述極度害怕、無助的不得已事由下，於甫生產後20分鐘內失慮犯案，符合刑法第27條第1項「不得已之事由」的要件。台中地院因此變更起訴法條，由檢方起訴的刑法第271條第1項成年人故意對兒童為殺人罪，變更為刑法274條第1項的「產後殺子罪」（生母殺嬰），判刑4年6月，可上訴。    ,https://news.ltn.com.tw/news/society/breakingnews/5545639
3月嬰午睡失去心跳不治 屏縣托嬰中心遭重罰60萬、停辦1年,社會,2026/08/19 20:28,傳出3月男嬰不幸死亡的屏縣私立托嬰中心將停辦1年。（記者羅欣貞攝）屏縣屏市某家私立托嬰中心於8月5日發生受托幼嬰意外離世案件，屏東縣政府今（19）日召開行政裁罰審議會議。經全面審視調查事證，認定該機構及托育人員涉有嚴重照顧疏失，情節重大，縣府決議依法從重處分，托嬰中心處罰鍰60萬元、勒令停辦1年並公告名稱及負責人姓名；涉嫌的托育人員最重者處以罰鍰60萬元、公告姓名並不得擔任兒童及少年福利機構負責人或工作人員30年。屏縣府社會處表示，案件發生後縣府第一時間即保全監視器等相關證據並配合司法調查。經行政裁罰審議委員會充分討論，該機構直接照顧幼嬰托育人員3人，因照顧期間使未滿1歲兒童趴睡、讓不會手持奶瓶幼兒自行吸奶、照顧區域長時間無托育人員在場等諸多不當照顧行為，違反「兒童及少年福利與權益保障法」第49條第1項第12及15款，依兒少法第97條及第81條，最重者處以罰鍰60萬元，並公告姓名，且不得擔任兒童及少年福利機構負責人或工作人員30年。餘2位行為人處罰鍰30萬元，並公告姓名，不得擔任期間15年。請繼續往下閱讀...托嬰中心也涉管理疏失，針對多人多項不當行為，未落實督導糾正作為，足以影響兒童身心健康，認定違反兒少法第83條第1款及第11款規定情節重大。為維護兒少托育照顧品質，縣府採最高標準嚴懲，依第107條及第108條第1項規定，決議裁處該機構罰鍰60萬元、命其停辦1年並公布機構名稱及負責人姓名。將在行政裁罰時公布名字。社會處說明，因應機構停辦1年，為保障該機構原收托其他幼嬰照顧權益，停辦會在裁罰後2個月後啟動，期間縣府每週稽查1次；並依兒少法規定，啟動受托兒童轉托協助專案，社會處主動一對一聯繫該機構所有受托兒童家長，通盤掌握各家庭托育需求；依家長需求及意願，優先媒合鄰近合格托育資源，含公私立準公共化托嬰中心或合格登記居家托育人員；並全力協助家長辦理托育補助銜接或變更，確保幼兒照顧不中斷、家長權益不受損。    ,https://news.ltn.com.tw/news/society/breakingnews/5545652
台中商辦遭狂轟13槍！主嫌投案警再逮捕5共犯 「消音管」也曝光,社會,2026/08/19 19:58,台中市西區商辦大樓上月遭狂轟13槍。（資料照）台中市西區商辦大樓日前遭狂轟13槍，有天道盟背景的37歲饒姓男子因敬酒糾紛，返家取槍後折回現場朝大門掃射後逃往苗栗投案，警方循線追查槍枝來源及共犯網絡，近日再出動大批警力一口氣逮捕5名涉嫌接應、經手槍械共犯，更查扣消音管等相關證物，全案持續擴大深入偵辦中。這起槍擊案發生在7月24日清晨5時20分，台灣大道一處商辦大樓突然傳出密集槍響，警方趕抵後發現一樓玻璃大門布滿彈孔，地面散落10多枚彈殼，所幸未造成人員傷亡，警方隨即封鎖現場採證並調閱監視器、追查車行軌跡，迅速鎖定涉案車輛及開槍饒男。請繼續往下閱讀...經查，饒男案發前在商辦內私人招待所與友人飲酒，疑敬酒問題發生口角憤而離席，取得槍枝後再返回現場，持MP5衝鋒槍朝商辦入口連續掃射13槍，隨後迅速離開現場駕車到苗栗投案，並交出作案用槍彈，第一分局隨即派員北上將人帶回台中偵訊。不過，警方並未因主嫌投案停下追查腳步，專案小組持續從槍枝取得、運送及案發前後接應情形抽絲剝繭，進一步掌握涉嫌協助饒男取得槍枝及接應人員，近日再發動搜索、拘提，在苗栗等地逮捕5名共犯到案，查扣手機、記憶卡、平板電腦等數位證物，更起出消音管等槍械相關物品，另查獲大麻毒品。目前涉案人員已有2人遭法院裁定羈押禁見，其中包括饒男，另有1名少年遭少年法院裁定收容，全案依槍砲、毒品等罪嫌移送台中地檢署偵辦，將持續追查其他共犯及槍械來源。☆飲酒過量  有害健康  禁止酒駕☆警方近日再逮捕5共犯並起出「消音管」。（警方提供）    ,https://news.ltn.com.tw/news/society/breakingnews/5545400
桃園移工逾14萬、失聯連年破萬 治安交通事故件數飆升,社會,2026/08/19 19:57,桃市府會同移民署查緝工地等場所。（桃市府提供）桃園市移工人數居全國之冠，失聯人數居高不下，衍生的治安、交通問題也同步升溫，桃園市政府勞動局今（19）日於市議會工作報告，引發跨黨派議員質疑管理機制失靈。勞動局長李賢祥答詢，市府長期與移民署、警察局保持密切聯繫，並列管高風險產業，將加強稽查頻率、媒合非營利組織深化關懷與法規宣導，並鼓勵民眾積極檢舉非法雇主與仲介，多管齊下抑制失聯問題。請繼續往下閱讀...桃園市2024年移工人數12萬8242人、失聯1萬1570人，去年增加到13萬5241人、失聯1萬1954人，今年截至6月底已達14萬2241人、失聯1萬1588人。議員謝美英質詢表示，桃園身為全國工業重鎮，移工人數占全國總數逾17%，穩居全國第1，移工對在地產業與長照貢獻不容抹滅，但龐大人數也帶來嚴峻的管理挑戰，她並引述桃園市審計處報告，勞動局透過專案查察督促雇主，失聯移工仍屢創新高，去年外籍移工行蹤不明通報數達3850人，較前年多出242人、增幅6.71%。隨之而來的治安與交通問題更令人心驚，近3年失聯移工在桃園涉嫌刑事案件數，從100件、152件飆升至349件，移工交通死傷率也是連3年超越全國平均，針對移工政策，市府不能只做表面功夫的文化交流，卻放任治安與交通成不定時炸彈。議員余信憲指出，桃園後站有許多新興移工店家，包括美食、美容、美髮、刺青，除了定期稽查有無逃逸移工，針對刺青店的環境衛生、職業安全等有無符合法規，應該要提前預防與稽查；議員許家睿提到，移工宿舍管理也是問題，尤其越來越多的雇主選擇在外租屋，移工宿舍與一般社區融入在一起，市府目前主要針對建物及消防稽查，卻忽略移工宿舍的生活管理，尤其移工與居民的生活作息及習慣不同，反而會造成更多的衝突及誤解，勞動局應建立完善的管理及追蹤制度，同時確認雇主的管理責任。議員張碩芳表示，桃園市移工人數全國之冠，失聯移工更是年年增加，究竟是工作環境、仲介亦或是薪資問題，怎麼政府越罰、失聯越多，相關單位應建立串連機制，縮短失聯移工查緝時間。勞動局說明，失聯移工67%為產業類，33%為社福或其他移工，官方統計中未就失聯原因分析，但就過往經驗，失聯因素可能包括工作環境或薪資狀況不佳、來台前積欠債務因素導致失聯，以賺取更多收入還債等誘因，或是在轉換雇主不順利必須回國等因素，導致移工選擇失聯，除在移工權益維護與管理措施上加強，也與移民署合作加強相關查緝，透過不同方式減少失聯移工。副市長蘇俊賓表示，移工失聯原因可能包括雇主不當對待或勞資條件太差等，曾向勞動部反應「源頭沒做好管理，後端怎麼查都沒用」，中央已開始規劃逐步改善勞工環境，甚至在就業上有選擇權，地方政府也會一起努力。桃市府與相關單位針對移工進行各項宣導。（桃市府提供）    ,https://news.ltn.com.tw/news/society/breakingnews/5545511
「三條通」帶女友逃亡開毒工廠  睡夢中警破門押解歸案,社會,2026/08/19 19:52,新北市警淡水分局到基隆查緝盧姓通緝犯，破獲毒品分裝場。（警方提供）新北市淡水警分局掌握一名身揹毒品、妨害公務及槍砲等三條通緝罪名的盧姓嫌犯藏匿基隆，擁槍自重，淡水警分局13日以優勢警力武裝查緝，持盾牌進到盧嫌藏匿處，逮獲酣睡的盧嫌與同住女友，更在屋內發現夾鏈袋、磅秤、上百個空煙彈殼，懷疑盧嫌分裝毒品，持槍防身，除將盧嫌、陳女這對毒鴛鴦送辦，也將盧嫌押解歸案執行。警方調查，53歲盧嫌涉及多起毒品及槍砲案件，法院判決後合併執行9年多徒刑，但盧嫌為陪伴女友，逃避入監服刑，帶著陳姓女友四度躲藏，更幹起分裝毒品勾當營生，不時更換藏匿地點，對外斷絕聯繫，行蹤隱密。請繼續往下閱讀...淡水警分局持續追查盧嫌行蹤，經情資蒐集、深入追查，掌握盧嫌近期藏匿基隆市一處公寓，疑似從事毒品分裝。警方攻入盧嫌藏身處時，發現他熟睡，警方就位後以手電筒照醒他，盧嫌驚醒但被壓制逮捕，警方另在屋內查獲同住的陳姓女友；現場查獲海洛因、依托咪酯及安非他命等毒品，夾鏈袋、磅秤、分裝針頭、毒品吸食器、玻璃球、依托咪酯煙桿、100餘顆空煙彈殼，及多支注射過海洛因針頭，詳細毒品數量及來源仍待進一步鑑驗釐清。盧男辯稱毒品都是自用以維護女友，但他跟女友都吸毒恍神，警方將盧嫌依違反毒品條例及妨害公務通緝，押解基隆、士林地檢署歸案，並將陳女依違反毒品條例，移送士林地檢署偵辦，續追毒品來源。新北市警淡水分局到基隆逮獲盧嫌及女友這對毒鴛鴦到案。（警方提供）新北市警淡水分局破獲毒品分裝場，現場查獲海洛因、依托咪酯及安非他命等毒品，夾鏈袋、磅秤、分裝針頭等。（警方提供）    ,https://news.ltn.com.tw/news/society/breakingnews/5545616
三軍總醫院2醫師涉偽造文書 各10萬元交保不境管,社會,2026/08/19 19:44,三軍總醫院張姓醫師涉偽造文書，士林地檢署複訊後諭令10萬元交保候傳。（民眾提供）三軍總醫院今遭檢調搜索約談，士林地檢署今天指揮台北市警局刑警大隊，至三總內湖院區發動搜索、約談7人，包括4名被告、3名證人，下午移送士檢，檢察官複訊後，認為2名醫師涉犯偽造文書罪，諭令張姓醫師、施姓醫師各10萬元交保，其餘5人皆獲請回。士檢指出，士檢檢察官於辦理遺體相驗案件時發現，施、張等人涉嫌於去年間，在器官捐贈移植相關登錄系統中，登載不實事項，涉犯行使業務登載不實準文書罪，相關案情及涉案情節仍待進一步偵辦釐清。請繼續往下閱讀...據了解，今日約談的7人之中，包含張姓、施姓2位醫師，朝偽造文書罪方向調查，初步排除涉嫌貪污重罪，檢方傍晚複訊後諭令交保，且不予以限制出境、出海、住居等強制處分，研判案情單純或輕微，已無勾串、滅證、逃亡之虞。外傳涉案單位為三總移植醫學部，但據悉，2位涉案醫師都不是移植部醫師，且2人分屬不同部門，目前已知其中一人是骨科部醫師。三總下午聲明指出：本案已進入司法調查程序，本院相關人員均配合檢調調查，並無外界揣測涉及「器官類移植」弊案內容，呼籲外界勿恣意解讀，以免誤導視聽，謝謝各界關心。三軍總醫院施姓醫師涉偽造文書，士林地檢署複訊後諭令10萬元交保候傳。（民眾提供）    ,https://news.ltn.com.tw/news/society/breakingnews/5545587
桃園欠稅大戶假離婚弄到身無分文 欠1700萬分期還清,社會,2026/08/19 18:55,桃園市政府公布十大欠稅大戶，蔡姓地主因積欠二千多萬元曾名列排行榜，但擔心離婚弄假成真，趕緊把1700萬元欠款還清。（記者謝武雄攝）桃園市政府每年都會公布欠稅大戶，包含個人欠稅1000萬元、法人欠稅5000萬元，曾在排行榜上蔡姓地主；積欠土地增值稅2100萬元，於2006年送行政執行後仍積欠1700萬元，執行也發現他名下沒有財產，太太很有錢，只是兩人已經離婚，由於政府修法將追討期延長10年，蔡男與市府協商後以分期方式將1700萬元還清。熟悉內情市府官員說，蔡姓地主積欠1700萬元土徵稅，當初為規避追討，將財產移轉至太太名下，還假離婚，由於政府修法將追討期延長10年，該地主擔心婚姻弄假成真、身無分文，之後協商將1700萬元分期還清。請繼續往下閱讀...地方稅務局說，一般欠稅案件執行期間為15年，本案屬於早期重大欠稅案件，依稅捐稽徵法第23條第5項規定，2006年3月5日前已移送執行尚未終結之案件，符合規定者，其執行期間延長至2032年3月4日。目前桃園市欠稅大戶只有華映積欠房屋稅、地價稅5億餘元，另張榮賢積欠娛樂稅2千多萬元、宋廉盛積欠土地增值稅1194萬餘元，其中華映龍潭廠已拍賣結案，未來桃園欠稅大戶只剩下張榮賢、宋廉盛，兩人疑似人頭，其中張榮賢因為名下沒有財產，但有工作能力，目前達成逐月繳款協議，每月還款8000元。    ,https://news.ltn.com.tw/news/society/breakingnews/5545422
與死神擦肩！機車自摔砂石車秒駛過 騎士慘遭「巨輪」輾壓驚悚爆表,社會,2026/08/19 18:54,機車騎士突然失控向左傾倒。（民眾提供）台中市東區19日下午發生驚悚車禍，25歲賴姓男子騎機車行經台中路時突然自摔，倒地後竟遭一旁同向砂石車輾過，左手、左腳當場遭巨輪重壓，現場血跡斑斑，所幸賴男意識清楚，緊急送醫後保住一命。民眾直擊這驚悚一幕，驚嚇指數破表。事發於下午2時33分許，從現場監視器畫面可見，當時台中路車流往來頻繁，賴男騎乘機車沿外側車道由復興路往建國路方向行駛，未料行經事故地點時，機車突然失控，賴男整個人連車向左側倒下，身體瞬間滑進一旁大型砂石車的行進路線。請繼續往下閱讀...驚險一幕就在短短幾秒內發生，當時由50歲林姓男子駕駛的砂石車正沿同向車道直行，龐大的車身緊貼著機車倒地位置駛過，賴男倒地後幾乎完全落入大型車視線死角，避無可避，左手、左腳不幸遭砂石車車輪輾壓，現場路面血跡斑斑，令人怵目驚心。附近民眾及店家聽見聲響後紛紛查看，砂石車駕駛也立即停車下車查看並協助救援，救護人員趕抵後，發現賴男雖然身受重傷，仍保持意識清楚，隨即將他送往中國醫藥大學附設醫院救治，警方獲報到場處理，除協助交通疏導，也針對現場跡證及監視器畫面進行採證，確切肇事原因仍待進一步事故分析鑑定。警方也提醒，機車騎士行駛道路時，應避免長時間貼近砂石車、大貨車等大型車輛，尤其不要停留在大型車輛兩側的視線死角，應與他車保持適當安全距離，一旦發生自摔或突發狀況，恐在短時間內失去閃避空間，釀成無法挽回的悲劇。騎士連人帶機車被同向砂石車輾過。（民眾提供）賴姓騎士倒地不起，砂石車司機趕緊打119求救。（民眾提供）    ,https://news.ltn.com.tw/news/society/breakingnews/5545528
昔日隊長回娘家！警大校長黃明昭視察彰縣警局實戰操演讚不絕口,社會,2026/08/19 18:07,警大校長黃明昭（左2）視察彰化警局，對實戰操演表示肯定。（記者湯世名攝）警察大學校長黃明昭今天（19日）率領20多名教職員重返昔日服務的彰化縣警察局，受到警察局長陳世煌與昔日袍澤熱烈歡迎。曾任彰化縣刑警隊長（現刑警大隊）及警政署長的黃明昭，本次以警校龍頭身分「回娘家」，不僅重溫昔日袍澤情誼，更親自見證地方警政在實戰訓練與科技維安上的突破性升級。交流活動由彰化縣警察局長陳世煌親自接待，許多昔日老同事見到黃明昭重返舊地，紛紛表示驚喜與親切。為展現基層精銳的執法戰力，訓練科特別規劃了結合街頭實務的「情境靶場操演」。員警在高度模擬的勤務場景中，靈活運用掩體、展現敏捷的臨場應變與戰術推進，過程緊張刺激且極具臨場感，讓台下觀看的一行人直呼過癮，稱讚這比傳統常訓更貼近街頭執法現實。請繼續往下閱讀...除了實體戰技，縣警局亦展示了現代科技防禦能量。今年甫成立的無人機隊現場進行高空操演，並示範於重大維安場合中使用干擾槍反制非法無人機，展現出高度精準的警政科技應用能力。黃明昭一行人隨後轉往鹿港鎮無人機製造工廠參觀，為未來的警政科技應用與產學合作奠定基礎。彰化縣警局情境靶場操演。（警方提供）警大校長黃明昭視察彰化警局情境靶場操演。（警方提供）警員以干擾槍干擾無人機使其避免造成危安問題。（記者湯世名攝）    ,https://news.ltn.com.tw/news/society/breakingnews/5545438
員警查毒趴意外抓到「自己人」 桃園2線3警務正持毒15萬交保,社會,2026/08/19 18:04,桃園市警察局2線3警務正持毒被逮，檢方訊後諭知15萬元交保，在親友陪同下離開地檢署。（記者鄭淑婷翻攝）桃園市桃園分局執行「安居緝毒專案」，昨（18）日晚間查獲楊姓男子持有安非他命毒品，發現他還是警察局2線3警務正，今天上午依毒品罪移送桃園地檢署，檢察官訊問後認楊男涉嫌轉讓第二級毒品未遂罪嫌，下午諭知15萬元交保。警察局表示，針對楊員涉嫌毒品案，將依警察人員人事條例規定報市府予以1次記2大過免職處分。據悉，桃園警分局景福派出所員警透過交友軟體查察約毒趴案件，楊男傳訊攀談並透露自己有毒品，員警遂要楊男帶著毒品前來參加派對，18日晚間於楊男赴約途中逮人，並起出安非他命毒品，竟發現楊男竟是自己人。警察局表示，發現楊男涉案後，立即依法偵辦並擴大清查，目前尚未發現其他員警涉案。全案依涉嫌違反毒品危害防制條例，移送桃園地檢署偵辦，檢方訊問後諭知15萬元交保。請繼續往下閱讀...揪警察開毒趴！網巡赴約查獲「長官」 桃園警務正涉毒免職送辦檢察官訊問後認楊男涉嫌轉讓第二級毒品未遂罪嫌，下午諭知15萬元交保。（記者鄭淑婷翻攝）    ,https://news.ltn.com.tw/news/society/breakingnews/5545484
露營傳槍響！新竹男深夜太吵被勸不爽  朝她車開3槍求刑10年,社會,2026/08/19 17:54,苗栗地檢署偵查終結，依槍砲彈藥刀械管制條例等罪嫌，將唐男提起公訴，並從重求處10年以上有期徒刑。（資料照）新竹一名唐姓男子到苗栗縣南庄鄉露營，深夜喧囂被其他露營者黃姓女子勸阻，不料，唐男竟持改造手槍對黃女的車輛開3槍。苗栗地檢署偵查終結，依槍砲彈藥刀械管制條例等罪嫌，將唐男提起公訴，並從重求處10年以上有期徒刑。苗檢指出，唐男於今年1月26日與友人到南庄鄉一家露營區露營，深夜喧囂，被黃女勸阻，雙方起爭執。未料，唐男於隔天上午開車離開時，駕車接近黃女的車輛，持槍朝黃女的輪胎及葉子板射擊3槍後逃逸。請繼續往下閱讀...轄區頭份警分局受理報案後，報請苗檢檢察官吳聲彥指揮偵辦，於今年1月28日午間拘提到案，另於1月29日在新竹縣橫山鄉內灣大橋下河川地，起獲唐男犯案用的非制式手槍及子彈31顆。全案由苗栗地檢署偵查終結，依槍砲彈藥刀械管制條例第7條第4項未經許可持有非制式手槍罪、未經許可持有子彈，以及於公共場所開槍射擊、毀損等罪嫌，提起公訴，並審酌唐男犯後態度及此案行為對社會所生危害等情節，就其於公共場所開槍射擊素不相識他人之交通工具，造成社會危害，從重求處有期徒刑10年以上之刑。    ,https://news.ltn.com.tw/news/society/breakingnews/5545382
「碰瓷騎士」竟是刺青女！假車禍詐財12起落網 員林警誤為精悍男,社會,2026/08/19 17:35,洪女就是員林「碰瓷騎士」，至少涉及12起假車禍詐財。（民眾提供）彰化縣員林市區近來頻頻發生「碰瓷騎士」詐財案件，有被害人說是「男的」，也有人說是「女的」，透過網路傳播，市民以為「碰瓷集團」橫行員林街頭，因此引發檢警關心，初步清查共有12人受害。經調出監視錄影畫面，警方一度以為是一名短小精悍的「男子」，但多名被害人指稱「他是女兒聲、身」，警方今在檢察官的指揮下，在街頭逮捕該名35歲洪女，她一身男性裝扮、全身刺青，製造多起假車禍，再向被害人詐取醫藥費、誤工費，甚至以提告施壓。今經警訊後移送彰化地檢署偵辦。據了解，洪女都利用車水馬龍的地方作案，其中在華成市場周邊就有4案，她騎機車尋找作案目標，絕大部分鎖定女性被害人，發生擦撞後，都要求和解了事，並索討誤工費，她索要的金額從1000元至3000元不等，被害人若不支付，就揚言提告，很多被害人懷疑自己可能遭遇「碰瓷」。請繼續往下閱讀...由於洪女身上有刺青，一副男兒裝扮，但女兒聲相當特別，因此有被害人對她拍照再PO網，提醒大家注意。因為被害人不少，有人直接以為遇到「碰瓷男」，網路上訊息交錯，網友以為員林出現「碰瓷集團」。縣議員曹嘉豪日前PO文定調，就是一名長相非常男性化的女生作案。員林分局表示，洪女為北部人，約從今年6月起在員林一帶活動，警方目前已清查至少涉及12起恐嚇、詐欺案件，全案目前持續釐清中，警方將依相關事證追究洪女涉案責任。    ,https://news.ltn.com.tw/news/society/breakingnews/5545412
國1三義段多車連環撞6人送醫 2人傷重不治,社會,2026/08/19 17:27,消防人員到場救援。（圖由民眾提供）首次上稿 11:18更新時間 17:27 新增國道警方初步調查國道1號147.8公里苗栗三義北上路段，今（19）日上午10點27分左右發生3輛車子追撞事故，共有6人送醫，其中3人失去呼吸心跳的OHCA患者，下午已證實有2人傷重不治，事故發生原因和責任由國道警方調查中。請繼續往下閱讀...初步了解，該起事故為1輛廂型車與1輛特斯拉電動車發生碰撞，停放在內線車道，又遭後方1輛休旅車追撞，1名女性當時站在事故車前方，遭撞擊倒地。苗栗縣政府消防局三義、銅鑼及公館分隊6車13人趕往搶救，現場2人失去呼吸心跳，1人受困車內，1人被壓在廂型車底，經消防人力協助脫困及救護，上午11點50分全數脫困將4名傷者送醫，其中3人失去生命跡象，另將現場2人共計6人送醫。全案由國道警方處理中。衛福部苗栗醫院表示，高速公路三義路段車禍送往苗栗醫院的2名傷患，其中1名男性OHCA傷患經急救無效，已宣告不治。另1名51歲林姓女傷患腹部及手腳有多處擦挫傷，目前意識清楚正進一步檢查中。另，大千綜合醫院共收治4名女性傷患，其中有2名女子OHCA，1人為62歲的外籍人士，搶救後已宣告不治；另1名36歲女子，搶救後恢復呼吸心跳，但仍昏迷，目前送入加護病房。另外2名女子，其中1人17歲，到院時表示頭痛，休息後表示拒絕治療，已自行離院；另1名67歲女子到院時有頭痛、頭暈情形，目前仍在急診留院觀察中。國道2隊警方調查，45歲江姓男子駕駛廂型車，於事故地點追撞36歲李姓女子駕駛的特斯拉電動車，2人下車於2車中間對話，後方51歲林姓女子駕駛休旅車追撞廂型車，致廂型車往前推撞江男、李女及李女的特斯拉電動車。因江男死亡、李女傷重入住加護病房，國道2隊警方已報請檢察官抽血檢測中，林女酒測值為則為0；另，此事故也致江男搭載的62歲菲律賓籍女乘客傷重不治。1名女性被拋出車外。（翻攝國道即時路況）事故車輛占用內線、中線、外線3車道。（翻攝國道即時路況）特斯拉電動車與廂型車碰撞，停放內線車道，1女子站在事故車前。（翻攝國道即時路況）後方1輛休旅車撞上。（翻攝國道即時路況）    ,https://news.ltn.com.tw/news/society/breakingnews/5544817
揪警察開毒趴！網巡赴約查獲「長官」 桃園警務正涉毒免職送辦,社會,2026/08/19 17:03,桃園市政府警察局楊姓警務正被查獲持有毒品安非他命，警察局已報市府予以1次記2大過免職。（記者周敏鴻攝）桃園市政府警察局41歲楊姓警務正為了「揪團開趴」，18日晚間約出由桃園警分局景福派出所警員執勤假扮的網友，雙方碰面後，警員表明身分並實施盤查，發現對方竟是「長官」，還從他的身上起出0.8公克安非他命、46克G水等毒品，偵訊後依違反毒品危害防制條例之持有毒品、轉讓第二級毒品未遂等罪嫌，將楊男移送桃園地檢署偵辦，檢察官複訊後諭令15萬元交保。而楊男知法犯法、自毀前途，同事獲悉多感錯愕。警方調查，楊姓警務正平日就會透過交友軟體，以「可以提供助興用品」為由，約出網友開趴，日前楊姓警務正找上正在執行網路巡邏勤務的景福派出所警員，雙方相約18日晚間在新民街碰面後，再進一步商議開趴細節。請繼續往下閱讀...當晚雙方碰面後，楊姓警務正發現自己約出的網友是警員，嚇了一大跳，配合盤查後，被起出少許安非他命，訊後已依違反毒品危害防制條例將他送辦，後續還要追查他的毒品來源。警察局表示，針對楊姓警務正持有毒品一案，警方立即依法偵辦並擴大清查，目前尚未發現其他員警涉案。警察局指出，除將楊姓警務正送辦外，也依警察人員人事條例規定，報市府予以1次記2大過免職，警察局對於員警違法案件，依法嚴處，將秉持「警紀警辦」、「毋枉毋縱」立場與「不掩飾、不庇縱、不護短」的態度，持續要求所屬恪遵風紀規定，杜絕類似案件發生。員警查毒趴意外抓到「自己人」 桃園2線3警務正持毒15萬交保    ,https://news.ltn.com.tw/news/society/breakingnews/5545358
桃園消防員楊煜祥錄取消防三等特考 全國僅50人上榜,社會,2026/08/19 17:00,桃園市政府消防局大有分隊員楊煜祥錄取消防三等特考。（圖由洪正諺提供）今年6月中旬舉行的消防三等特考，全國僅錄取50名，桃園市政府消防局第一大隊大有分隊員楊煜祥順利錄取，他分享，準備考試，必須在繁忙勤務與讀書之間取得平衡，他善用備勤或休假時間準備，才能用實際行動展現消防隊員持續學習、精進自我的精神。楊煜祥2022年分發到大有分隊服務至今，除堅守消防救災、救護勤務，也時時充實專業知能，大有分隊長洪正諺說，消防三等特考競爭激烈，考試共7科，其中5科為專業科目，因考題以申論題型為主，嚴格檢驗消防專業知識的熟悉程度外，更要求消防隊員須具備分析、組織、文字表達能力等。請繼續往下閱讀...楊煜祥說，大有分隊的同仁們，於他準備考試期間，給予支持、鼓勵外，更在勤務上互相協助、經驗分享，都成為他備考的養分；順利錄取是最大的肯定，也代表他未來將肩負更大的責任，他將持續學習與精進，成為守護民眾生命財產的一份力量。    ,https://news.ltn.com.tw/news/society/breakingnews/5545332
北市災防演習8/21登場 發送CBS細胞廣播警訊勿驚慌,社會,2026/08/19 16:29,2026台北市政府災害防救演習。（記者姚岳宏翻攝）台北市政府將於8月21日上午8時至17時，舉辦115年災害防救演習，演習涵蓋災害應變中心等5處場地，並同步測試災防告警細胞廣播訊息（CBS），北市府提醒，上午8時與10時於特定區域收到警訊的民眾切勿驚慌，並請配合部分路段的交通管制與疏散引導。為因應極端氣候與複合式災害，本次演習依循「台北市災害演習規劃與評估指引」模式，落實實人、實地、實裝、實景與實作等原則，演習場域包含台北市災害應變中心、國防醫學大學、南港高中、松南營區及榮星花園公園等5處，將同步展開實戰演練以驗證防救災能量。請繼續往下閱讀...演習期間發布的CBS警訊，將分別於上午8時在災害應變中心、10時在國防醫學大學周邊發送，同時，周邊場域將進行人員疏散避難與交通管制，請行經民眾聽從引導人員指示通行，北市府強調，期盼藉此整合官方與民間救災資源，落實中央與地方合作，全力保障市民生命財產安全。    ,https://news.ltn.com.tw/news/society/breakingnews/5545283
台中公園日月湖驚傳落水 「橋下有人在漂」打撈已溺斃,社會,2026/08/19 15:50,警方將婦人打撈上岸，已明顯死亡。（民眾提供）台中市知名景點台中公園今（19）日中午驚傳落水意外，有民眾在日月湖中山橋附近發現水面疑似漂浮著異物，仔細一看竟有人落水嚇得趕緊報警，警消獲報後立即出動4車、13人趕往現場，下水搜索並將人員打撈上岸，經確認是一名62歲婦人，但已明顯死亡。警方今天中午12時45分許接獲報案，指稱台中公園日月湖中山橋附近水面出現異樣漂浮物，疑似有人落水，警消獲報後火速趕抵現場，立即展開搜索及打撈作業，並在湖中尋獲打撈上岸。請繼續往下閱讀...從現場畫面可見，中山橋旁的湖畔草地已拉起封鎖線，並架設藍色刑案防護帳篷，警方也在岸邊尋獲死者隨身物品，隨即進一步釐清身分，確認死者為62歲婦人，持有身心障礙手冊，目前已通知家屬到場，至於確切死因仍有待後續調查，警方已報請台中地檢署檢察官相驗，以釐清案發經過。    ,https://news.ltn.com.tw/news/society/breakingnews/5545162
這不是Wilson？遺體照鼻子顏色遭質疑造假 寵物業者這樣說,社會,2026/08/19 15:49,搜救犬Wilson在2024年參與0403地震搜救工作後的拍攝畫面。（資料照）首次上稿15:17更新時間15:49（補充Wilson後事禮儀公司說法）搜救犬Wilson的死因爭議持續延燒，花蓮縣消防局昨對外曝光Wilson的遺體照和死亡證明書，強調絕無虐狗情事，但照片曝光後反引發質疑，網友質疑鼻子的顏色怎麼由白變黑，懷疑有AI變造之嫌；消防局強調相片絕無假造。另有寵物業者也說，拍攝當下的角度、光源等，也會讓同一個鼻頭在不同照片中呈現明顯不同的明暗與色調，順光、側光、逆光效果都不相同，只憑肉眼比對照片仍有侷限。請繼續往下閱讀...對於網友的質疑，去年負責處理Wilson後事的禮儀公司也留言說，當時送來禮儀公司時，根本沒外傷骨折等等，還是很可愛，業者用了一台小冰箱保存起來，訓練員每天都來陪牠，照片中往生的是Wilson，就是業者拍攝的，還被大家說不是同一隻，想吐血，網路用這種方法讓訓練員受到二次傷害，真覺得（人）很容易被網路輿論帶著走。根據網路流傳的Wilson生前照片，包括搜救訓練、地震現場勘查等多個場合記者拍攝的畫面，Wilson正面鼻頭有一圈白色，側邊多呈現深黑色澤，鼻樑及嘴部周邊則帶有明顯的粉褐色斑紋；而消防局公布的遺體照片中，鼻頭邊緣色澤則顯得較深、較為斑駁，與活動照片中的正面白色鼻頭有所落差，因而引發部分網友質疑照片真偽。花蓮一間寵物業者說，首先是狗鼻子本身的濕潤度會直接影響拍照呈現的色澤，鼻頭濕潤時容易因反光而顯得較深或泛亮，乾燥時則可能顯得較淺、較花；其次，拍攝當下的光源角度與色溫，也會讓同一個鼻頭在不同照片中呈現明顯不同的明暗與色調，順光、側光、逆光效果都不相同。另外，犬隻界也存在俗稱「雪鼻」（Snow Nose）的常見現象，狗狗的黑色或深色鼻子，在冬天或氣溫變冷時，因為色素暫時減少而變成粉紅色或淺棕色的自然現象，也常被稱為「冬鼻」（Winter Nose）；業者也說，犬隻死亡後，隨著血液循環停止、組織狀態改變，鼻頭色澤也可能比生前活動時的照片不一樣，這很難透過幾張相片就斷言不一樣的狗。花蓮縣消防局先前已表示，願意提供水化處理及相關檢視照片讓外界檢視，若後續有相關團體或單位願意進一步查核，將會配合調查。花蓮縣政府則強調，針對外界質疑虐狗指控並非事實，獸醫診斷為意外死亡，相關資料皆由議會及有關單位監督，請各界勿再轉傳未經查證的訊息，勿打擊消防同仁士氣；切勿隨意撥打消防局救災電話，避免造成救災工作混亂或延誤。寵物業者說，拍攝當下的角度、光源等，也會讓同一個鼻頭在不同照片中呈現明顯不同的明暗與色調。（記者王錦義攝）    ,https://news.ltn.com.tw/news/society/breakingnews/5545179
乘客拍空服員臀部騷擾 長榮：提供員工法律、心理諮商協助,社會,2026/08/19 15:28,長榮航空昨天一架台北飛往吉隆坡航班，有名乘客呼叫空服員未得到回應，竟直接觸碰空服員臀部，被制止後辯稱，甚至不願道歉；示意圖，非本新聞班機。（資料照）長榮航空昨天一架台北飛往吉隆坡航班，在飛行途中，有一名乘客呼叫空服員未得到回應，竟直接觸碰空服員臀部，被制止後辯稱只是「撥一下」，一度不願道歉；長榮航空表示，對於機上騷擾情事堅持「零容忍」，將提供員工法律與心理諮商等協助，全力維護同仁權益。有民眾在社群上表示，昨天搭乘長榮航空BR227台北飛往吉隆波航班上，有位乘客因呼叫空服員未得到回應，而觸碰空服員臀部，被制止當下還辯稱只是「撥一下」不是拍，後續機組員要求道歉時，該位乘客態度惡劣，當場表示，「我才不屑摸你們，我是要叫她（空服員）」，最後才不情願道歉。請繼續往下閱讀...長榮航空回應，該航空重視每位同仁的工作環境與執勤安全，對於機上騷擾情事堅持「零容忍」，事發當下立即由機上事務長嚴肅處理。該公司得知此事件後，第一時間即關懷當事組員，後續若員工提出需求，公司會全力提供員工相關法律與心理諮商資源等協助，以全力維護同仁權益，確保安心、尊重的職場環境。    ,https://news.ltn.com.tw/news/society/breakingnews/5545190
新北校園割頸案楊父個資遭揭露 司法院認疏失允3個月提改善機制,社會,2026/08/19 15:25,司法院秘書長高金枝。（資料照）立法院司法及法制委員會今審查「刑事訴訟法部分條文修正草案」，其中包含增訂被害人個人資料保護規定，強化訴訟文書去識別化及身分資訊隱匿；國民黨立委吳宗憲以新北校園割喉案為例指出，民事訴訟過程中，被害學生楊承勳的父親其住家、工作地點等資訊竟遭揭露，要求司法院3個月內提出被害人個資、安全保護規範，以及被害影響陳述陪同、支持機制，司法院秘書長高金枝表示可以。吳宗憲關切犯罪被害人訴訟參與權益，強調被害人進入司法程序後，應獲得「安全、被聽見、被尊重」3項保障，不應只是訴訟旁觀者；所謂安全，除人身安全，也應避免二次傷害；被聽見，則是法官有義務聆聽並回應被害人的經歷及痛苦；被尊重，則是法院應透過判決說明是否採納被害人意見，以及採納或不採納的理由。請繼續往下閱讀...吳宗憲以新北校園割喉案為例指出，被害學生楊承勳的父親曾公開表示，訴訟過程中住家、工作地點等資訊都遭揭露，導致失去兒子的父親還要擔心加害者是否會找上門。他質疑，家暴、性侵、跟騷及組織犯罪被害人遭報復風險可能比國民法官更高，但受到的保障卻不夠，應思考透過分卷、隱匿個資等方式強化保護，應要隱匿後才能讓律師閱卷。司法院秘書長高金枝坦言，此案確實是疏失將會改進。此外，吳宗憲也點名土城毒駕撞警案、台南殺兩名警案及馬來西亞女大生遭姦殺害案，指出家屬一次次進入法院、重述親人遭殺害的過程，本身就可能形成折磨。他認為，被害人陳述到一半情緒崩潰能否暫停、有安全疑慮能否遠距等，皆應建立完整制度。吳宗憲要求司法院在3個月內提出兩項措施，包括完整的被害人及訴訟參與人個資、安全保護規範，以及被害影響陳述的陪同、支持機制。高金枝當場表示「可以」。    ,https://news.ltn.com.tw/news/society/breakingnews/5545192
兄弟檔組工程師團隊替詐團架設網站 逾282人受害、財損逾億元,社會,2026/08/19 15:18,吳姓主嫌被移送檢方偵辦。（記者邱俊福翻攝）擁有資訊專長的吳姓兄弟檔，平時替政府、診所開發APP外，還兼差組工程師團隊，涉嫌替境外詐騙集團機房，客製化精心設計「假投資」網站，協助透過營造高獲利假象，引誘民眾上鉤，犯案短短1年半，共架設、設計40組網站，至少造成282名受害、財損逾億元；刑事警察局偵九大隊第三隊至上月共發動3波查緝行動，逮吳姓兄弟檔，以及旗下系統測試、美編、工程師等共5人送辦，檢方複訊後將吳姓兄弟檔聲押獲准。警方調查，42歲吳男與其31歲胞弟，平時在他老婆於新北市淡水區開設的資訊公司上班，負責替政府、醫療診所等開發APP，前年初吳男於Telegram社群結識隱身境外的詐團機房人員後，便結合胞弟、姪女，以及透過徵才廣告，招攬負責美編的許姓男子與陳姓工程師，兼差替詐團客製化一條龍包辦假投資網站架設、系統測試與視覺美編，每組網站則收費8000美元（折合台幣約25萬元）。請繼續往下閱讀...初步清查，該集團自前年2月至去年7月間，共替詐團架設40組投資虛擬貨幣或黃金的假投資網站，獲利近千萬元，而每次境外詐團機房皆將透過虛擬貨幣幣商交付傭金。警方是經研析詐欺網站情資後，鎖定該吳姓兄弟檔蒐證後，從去年7月開始至上月，先後逮捕吳姓兄弟檔等5人，查扣現金150萬元與筆電、手機及點鈔機等贓證物，訊後依加重詐欺、洗錢、組織犯罪及詐欺犯罪危害防制條例等罪嫌移送士林地檢署偵辦。吳姓兄弟檔所屬集團架設的假投資網站。（記者邱俊福翻攝）警方查扣現金150萬元與筆電、手機及點鈔機等贓證物。（記者邱俊福翻攝）    ,https://news.ltn.com.tw/news/society/breakingnews/5545209
天雨路滑   轎車國道失控自撞護欄變形人無傷,社會,2026/08/19 15:18,轎車行經國道10號西向11.4公里路段，疑因天雨路滑失控自撞路肩護欄，車頂嚴重變形，所幸駕駛未受傷。（國道警提供）高雄市大社區今（19）日下午下大雨，1部轎車1點多行經國道10號西向11.4公里路段，疑因天雨路滑失控自撞路肩護欄，車頂嚴重變形，所幸駕駛未受傷。國道警察5隊初步調查，事故發生在今（19）日下午1點8分，當時37歲鍾男開車行經國10西向11.4公里大社路段，疑因天雨路滑失控自撞路肩護欄，由於撞擊力道猛烈，車子擋風玻璃及側窗破裂，車頂嚴重變形，所幸安全氣囊及時護住駕駛未受傷。請繼續往下閱讀...警方對鍾男酒測值為0，現場於1點55分排除，真正肇事原因及肇責尚待警方進一步釐清。    ,https://news.ltn.com.tw/news/society/breakingnews/5545219
國1北向平鎮系統貨車翻覆 貨物散落一度回堵,社會,2026/08/19 15:09,國1北向65.3公里平鎮系統貨車翻覆，載運的食材散落路面。（記者鄭淑婷翻攝）國道1號北向65.3公里處、平鎮系統交流道今（19）日下午1點20分發生貨車翻覆事故，29歲許姓駕駛送傷送醫，事故占用中、內側車道，載運的食材四散路面，造成後方車流回堵，現場於2點43分排除恢復通車。國道一隊勤務指揮中心獲報後立刻調派巡邏車趕往現場，並通知交控中心、緩撞車、救護車，警消到場後將受困的許男送醫救治，所幸許男有依規定繫上安全帶，他送醫時意識清楚，有肢體疼痛及右手腕擦傷，經檢傷確認無大礙，酒測值為零，排除有酒駕情形。請繼續往下閱讀...當時下著大雨，許男疑因車輛煞車打滑或是操作不當，先撞到一旁大卡車後，又反彈撞到護欄後翻車，載運的食材散落路面，大卡車則已駛離，確切肇事原因有待警方釐清。警方呼籲用路人應遵守交通規則，保持安全距離，隨時注意前方動態避免超速及任意變換車道，養足精神再上路，不論駕駛或是前、後座乘客均應繫妥安全帶，以免遇到狀況應變不及。國1北向65.3公里平鎮系統貨車翻覆，載運的食材散落路面。（記者鄭淑婷翻攝）國1北向65.3公里平鎮系統貨車翻覆，載運的食材散落路面。（記者鄭淑婷翻攝）    ,https://news.ltn.com.tw/news/society/breakingnews/5545174
女移工下體失血過多就醫 警方意外查出塑膠袋裹嬰屍,社會,2026/08/19 14:55,女移工在生產後將嬰兒用塑膠袋包裹丟棄至路邊的垃圾集中地。（資料照，與本案無關。記者王捷攝）台南永康區一名外籍女性移工昨晚因產後大量出血赴醫就診，院方察覺有異通報警方，經追問，女移工坦承自行生產後，將嬰兒以塑膠袋包裹丟棄於垃圾集中處，警方發現後嬰兒已死亡，全案警方積極偵辦中。​女移工昨天晚上自行就診時表示下體失血，醫護為女移工診療時，研判其屬剛分娩狀態，面對初步詢問，涉案人一度避重就輕，懷疑可能涉及刑案，因此通報警方。請繼續往下閱讀...警方抵達醫院後，進一步追問生父身分，女移工卻三緘其口，不願透露細節，警方隨後循線前往垃圾集中處確認地點，由鑑識人員拉封鎖線採證，發現嬰兒屍體被包裹在塑膠袋中，藏在垃圾堆內。​據了解，外籍勞工在台灣常面臨語言與資訊不對等困境，部分女性移工懷孕後，擔心失去工作或遭遣返，不敢循正常管道求醫，導致移工在壓力下選擇錯誤方式處理。嬰兒到底是產後死亡還是有外力介入死因，目前警方正在調查中。    ,https://news.ltn.com.tw/news/society/breakingnews/5545177
北市舉辦國際搜救研討會 日韓星澳4國專家來台交流經驗,社會,2026/08/19 14:55,台北市舉辦國際人道救援與城市搜救技術研討會。（記者姚岳宏翻攝）因應行政院「115年災害防救演習訓令」，台北市政府將於8月21日舉辦防救災演練，並邀請澳洲、日本、新加坡及韓國等4國搜救隊參與，為把握交流機會，台北市消防局提前於今天舉辦「2026台北國際人道救援與城市搜救技術研討會」，匯聚國內外專家分享經驗，藉此提升全國整體防救災體系與應變能力。這場研討會主要針對4大議題進行探討，包含科技搜救裝備應用、接軌國際人道救援、國家搜救能力檢測，以及複合型災害與都市型地震的應變策略。會中除了由國際防救災專家與學者分享實務經驗，現場也展示台北市搜救隊在特種救援、擬真演練及跨領域整合的實際成果，與會人員交流熱絡。請繼續往下閱讀...台北市搜救隊為全國第1支成立的搜救隊伍，曾在2023年2月前往土耳其執行震災救援任務。該隊伍於2021年率先通過國家搜救能力分級檢測的重型認證，並在今年5月29日結合市立聯合醫院、台北榮民總醫院與台北市結構工程工業技師公會，再度成為全國首支完成複測的重型搜救隊。消防局表示，未來面對複雜多元的災害挑戰，將持續強化設備與紮實演練，並深化與醫療機構、技師公會及國際組織的合作，致力打造具備高度安全與韌性的首都城市。    ,https://news.ltn.com.tw/news/society/breakingnews/5545161
醉漢大鬧高鐵躺車廂地板胡言亂語 警到場壓制帶回管束,社會,2026/08/19 14:53,警方對康男保護管束。（記者王冠仁翻攝）25歲康姓男子今天搭乘高鐵列車時，因為酒醉躺在車廂地板上胡言亂語，還亂吼亂叫、亂踢其他乘客的椅子。鐵路警察局獲報後，立刻派員趕往現場，趁列車在台北站停靠時，員警與高鐵保全將他抬下車；但康男因為酒醉，意識不清，警方將他壓制並帶回派出所保護管束。鐵路警察局台北所在今天早上11時42分接獲通報，高鐵人員聲稱，在高鐵622次列車上，有一名乘客因為喝醉酒出現異常行為。請繼續往下閱讀...目擊乘客說，當時這名男子喝得酩酊大醉，不僅躺在車廂地板上亂吼亂叫，還胡亂踢踹附近乘客的椅子，行徑誇張。員警趁列車抵達台北站後，立刻上車將這名康姓男子抬下車。他雖然因為酒醉意識不清，但沒有做出攻擊他人的行為，也沒有攻擊保全與員警，警方見他情緒激動、語無倫次，為預防其本人及他人生命、身體及公共安全之危害，當場對他實施保護管束帶回派出所，同時也聯繫其家人前來將他帶回。    ,https://news.ltn.com.tw/news/society/breakingnews/5545159
萬華六福大樓暗藏一樓一鳳  警逮41外籍賣淫女,社會,2026/08/19 14:52,警方押解外籍賣淫女上車。（記者劉慶侯翻攝）39歲吳姓男子，承租台北市萬華六福商業大樓內的多家小型館，再將來自泰國、越南的外籍藏身其中，經營起一樓一鳳應召站。轄管萬華分局經蒐證，昨日晚間進行大規模清剿，當場吳嫌1名工作人員及41名外籍女子，9名嫖客，訊後分別依法究辦。至於涉嫌多次違法營業的旅館也將依法承報北市政府申請斷水斷電。警方表示，位在北市萬華區漢口街知名的六福商業大樓內，其間有多層樓是經營價格便宜的平價商業旅館。但近期6、8、9樓的旅館，屢屢遭人舉報涉嫌暗藏「一樓一鳳」色情應召站，引起警方注重視，開始著手進行萬蒐證。請繼續往下閱讀...警方查出是39歲的吳姓男子承租旅館套房，並且找來45歲的翁姓男子負責打雜、45歲的槐姓男子負責櫃台收銀，吳男等人找來41名外籍女子，分別藏在旅館的房間內等待客人上門從事全套性服務。警方18日晚間調集大批警方前往查緝，當場逮捕41名泰國、越南籍的應召妹，還有9名男客正在接受性服務，警方也當場逮捕吳姓負責人以及45歲翁姓、槐姓男員工。警方調查，41名泰國、越南應召妹，其中有13名逾期居留，另外其他都是以觀光簽證來台，平均年紀21歲至39歲不等，依照條件、年紀以及姿色分不同的價位，主要從2500元至3000元不等，每次性服務結束，外籍應召女都抽取1千元傭金，其餘則是吳男收取。警方將各涉案人帶回派出所，依社維法「從事性交易」，均裁處1500元罰鍰。41名外籍應召女屆時在裁罰結束後，將送往移民署專勤隊，後續交由移民署擇日遣返回國。此外，被查獲的的旅館根據警方紀錄，在2025年9月也曾遭查緝，一年內又再度遭查獲，將報請相關單位斷水斷電。    ,https://news.ltn.com.tw/news/society/breakingnews/5545173
全家指甲、頭髮埋地改運！ 控鄰地種薑破壞「生基」求償結果曝,社會,2026/08/19 14:43,嘉義地方法院。（資料照）無奇不有！一名李姓男子2010年以王姓妻子名義花250萬元買下嘉義縣梅山鄉某塊土地，請風水師舉行「生基」儀式，將全家人指甲、頭髮裝甕埋入地下安置，為全家祈福改運；2022年發現鄰地黃姓地主越界種沙薑，懷疑「生基」因此被破壞，李男的兒子提告求償150萬元，嘉義地方法院一審判決，雖無證據證明李家「生基」遭破壞，然黃姓地主無權占地，判決給付租金不當得利7384元，全案可上訴。李男的兒子主張，父親聽風水師建議，在母親名下、位於梅山鄉一塊面積約164平方公尺土地安置生基及舉行相關儀式，風水師還曾表示，鄰地地主是其親戚，會告知相關情形，避免外人闖入或破壞生基。請繼續往下閱讀...李男兒子主張，黃男自2022年1月底起，未經同意占用土地種植沙薑，他於2023年12月13日發現後，提告竊占，經嘉院判決處拘役20天。曾委託風水師挖掘，發現1個完好、1個破損，另有4個僅剩殘骸、遺留在牆壁旁邊，安置生基需要大型器具挖掘，黃男應知道此事，對種沙薑將破壞生基有認知，依法求償。黃姓地主否認竊占，辯稱鄰地無人管理、雜草叢生，影響出入及耕作，又找不到鄰地的地主，為改善環境、整理土地而種植沙薑，不善言辭才遭起訴並判決拘役20日。黃男說，種植沙薑面積不過52平方公尺，不到該土地3分之1，種沙薑時也沒有發現生基或相關物品；生基有一定年限，需在有效時間內管理維護，該地10餘年不見人整理維護，且生基又稱壽墳、活人衣冠塚，屬於嫌棄設施，應設置在殯葬用地，該塊土地使用分區為住宅區，不應設置生基，如要設置也應經過鄰地地主同意。風水師證稱，不認識黃男，1、2年前李男夫妻、子女曾請他找生基位置，當時找到3個生基，甕沒有破掉；生基設置就是一輩子，即使甕子破掉或從土壤中被翻出，功能都存在，且埋在土中的生基本來就會隨時間風化損壞。嘉院判決指出，所謂生基，是將活人指甲、頭髮等物品放入甕內，在土地上挖個淺洞，將甕置於洞中，以紅磚包圍後埋入土中，並非墳墓。嘉義地院判決，李男未舉證證明黃男破壞其土地裡設置的生基，因此求償損害無理由；黃男占用李男52平方公尺土地種沙薑，判決給付土地租金不當利益7384元。    ,https://news.ltn.com.tw/news/society/breakingnews/5545155
三軍總醫院醫師涉偽造文書  檢警約談4被告、3證人到案,社會,2026/08/19 14:36,圖為三軍總醫院內湖院區。（記者簡榮豐攝）三軍總醫院今遭檢調搜索約談，士林地檢署今指揮台北市警察局刑事警察大隊，至三總內湖院區發動搜索、約談7人，包括4名被告、3名證人，涉案層級最高為醫師，案類罪名朝偽造文書罪方向調查，初步排除貪污罪嫌。由於搜索行動仍在現在進行式，士檢對於相關案情表示不方便透露。請繼續往下閱讀...三總遭檢調搜索！院方：非「器官類移植」弊案    ,https://news.ltn.com.tw/news/society/breakingnews/5545148
蘆竹大貨車載運鐵條卻散落車道 山區交通一度受阻,社會,2026/08/19 14:21,高姓男子駕駛大貨車載運鐵條，疑因未捆牢而散落在車道上。（圖由警方提供）高姓男子今天上午9點多駕駛大貨車行經桃園市蘆竹區仁愛路往林口方向前進時，疑因載運的鐵條未捆牢，大量散落在車道上，一度影響雙向車輛通行，幸未殃及其他人車；蘆竹警分局獲報後，派員前往疏導交通，要求高男通報廠商派人清除散落鐵條，交通才恢復順暢。警方說，大貨車上的鐵條散落在山區車道上，嚇得其他用路人緊急停車閃避並報警，警方派員趕抵後，立即實施交通疏導與警示，一度僅開放單線車道雙向通行；大貨車駕駛高男緊急通報廠商派人前來，將散落在車道上的鐵條逐一清除，恢復交通順暢。請繼續往下閱讀...警方說，針對大貨車的貨物散落違規部分，已依法製單告發；呼籲用路人載運貨物應依規定綑紮牢固，若未依規定綁縛牢固導致物品飛散、掉落情形，可能危及後方用路人生命財產安全，也已違反「道路交通管理處罰條例」，最高可處1萬8000元罰鍰。高姓男子駕駛大貨車載運鐵條，疑因未捆牢而散落在車道上。（圖由警方提供）    ,https://news.ltn.com.tw/news/society/breakingnews/5545101
炸街車慘了！ 台南聯合稽查單日狂抓43件,社會,2026/08/19 14:16,南警三分局聯合稽查，昨天聯合環保與監理單位，在安南區強力掃蕩改裝車。單日狂抓43件交通違規。（民眾提供）刺耳的改裝排氣管噪音常成為居民噩夢，警方昨日在安南區針對改裝車與危險駕駛的強力掃蕩，一天內就狂抓43件交通違規，揪出酒駕與毒駕行為。​聯合勤務由南警三分局會同監理站與環保局執行，大批稽查人員進駐安中路四段周邊，鎖定疑似改裝及高風險車輛攔查，警方清點，昨天的勤務共計舉發各類交通違規43件，其中以車體設備改裝為大宗，違反道路交通管理處罰條例第16條及第18條的違規高達13件，這類案件多半涉及擅自變更排氣系統或電氣設備；未領有駕照等違反第21條及第22條規定的案件則有6件。請繼續往下閱讀...​除了改裝與無照駕駛，稽查人員也在現場查獲違反同條例第12條規定的違規共3件，多涉及車輛未領用牌照或使用偽造號牌等情況，更嚴重的是，攔查過程中當場查獲酒後駕車1件以及毒後駕車2件，酒駕與毒駕極易造成重大交通事故，是這波跨機關聯合稽查重點防制的目標，剩餘其他各類一般交通違規另有14件，均已由警方依法當場製單舉發。    ,https://news.ltn.com.tw/news/society/breakingnews/5545115
刮車現場只有她經過！ 法官細看監視器「手勢異常」判拘35日,社會,2026/08/19 14:03,法官細看卻發現，現場只有陳婦路過該處，右手擺動姿勢突然改變且貼近車身，因此認定陳婦就是兇手，判處拘役35日。（記者吳昇儒攝）基隆一名陳姓婦人被控於去年6月21日上午，刮花許姓男子的愛車，被檢察官認定涉犯毀損罪起訴。婦人雖堅稱並未刮傷對方車輛，且監視器畫面也沒有拍下清晰的犯案過程。法官細看卻發現，現場只有陳婦路過該處，她左手牽車，右手擺動姿勢突然改變且貼近車身，加上刮痕高度與陳婦相符，因此認定陳婦就是兇手，判處拘役35日。檢警調查，許姓男子案發當時，將車停放在中山區某宮廟前方廣場，疑似引起陳婦不滿，涉嫌左手牽著菜籃車，右手持不明硬物，往左側後車門往前車門處劃出一條線，在車門板金留下刮痕，涉犯毀損罪。檢察官調閱監視器發現，案發現場僅有陳婦經過，依法提起公訴。請繼續往下閱讀...審理時，陳婦因年紀較大，請女兒擔任輔佐人，並提出答辯指出，因母親高齡視力退化，誤以為是家人的車輛停放在該處，才會拖著菜籃車前往查看，並無毀損許男車輛的想法；且許男車輛非24小時停放該處，有可能在他處被破壞，加上車輛刮痕型態，與母親當天的肢體動作、力道完全不符。愛車被刮的許男出庭時則稱，案發前一天晚上將車停在廣場，之前車上就有兩道就刮痕，位置與新刮痕差不多，但先前因為時間關係就算了，這次因友人報警稱很多車被刮，調閱監視器看見，只有陳婦接近自己的車，因此認定陳婦就是「兇手」。法官現場勘驗監視器畫面，發現陳婦左手拉菜籃車走到許男車輛左後車門時，右手似乎有往左後車門滑過的動作，雖無法看出有無碰觸到車，但其動作明顯改變，與原先自然行走並不相同；且依據其右手高度及被害車輛車身刮痕進行比對，位置相當，可推認陳婦確能利用硬物，在行進間以劃線刮漆方式造成車輛出現刮痕。法官審理後認定，依相關事證確認陳婦涉犯毀損罪，且未與許男達成和解，依法判處拘役35日，得易科罰金3萬5千元，全案仍可上訴。許男另也提起附帶民事訴訟，要求陳婦賠償損失。    ,https://news.ltn.com.tw/news/society/breakingnews/5545059
高市資源回收爆衝突  父告公然侮辱、子嗆「要叫議員來施壓」 清潔隊員怒告恐嚇2罪,社會,2026/08/19 14:00,高市資源回收爆發口角衝突。（民眾提供）高雄市汽車尾翼不能資源回收，顏姓老翁與郭姓清潔隊員發生口角，顏翁兒子也到場理論，雙方爆發口角衝突，顏子嗆聲「要叫議員來施壓」，郭員怒告顏子恐嚇、妨害公務2罪，顏翁反告郭員公然侮辱罪，警方將3人全數函送法辦。鳳山警分局新甲所昨天下午接獲民眾報案，指稱鳳山區老爺四街有民眾與清潔隊員發生糾紛，警方獲報後立即到場了解，經查雙方因資源回收問題發生口角。請繼續往下閱讀...警方調查，郭姓清潔隊員（46歲）駕駛回收車執行公務，顏姓老翁（73歲）欲將汽車尾翼交由清潔隊回收，經清潔隊員告知汽車尾翼不能回收，雙方當場發生言語爭執，顏翁兒子（46歲）聽聞父親與人爭吵，也到場與郭男理論，雙方爆發口角衝突。郭員向警方表示，雙方爭執過程中，顏翁兒子曾拉扯回收車車門，妨害人員執行公務，還嗆聲「那就公事變私事，你下班來處理」、「要叫議員來施壓」等語，令他心生畏懼，全程錄影錄音蒐證，提出妨害公務、恐嚇告訴。顏翁則稱郭員於爭執過程中，曾以三字經出言辱罵，因而對郭員提出公然侮辱告訴；警方依法受理雙方告訴，進一步釐清完整事發經過，全案將依涉嫌妨害公務、恐嚇及公然侮辱等罪嫌函送偵辦。環保局表示，民眾丟棄廢棄汽車尾翼，因材質多為ABS塑膠、碳纖維複合材料，不屬於環境部所規定之應回收項目，民眾可將其分解至長度30公分以下，並交由垃圾車清除。高市資源回收爆發口角衝突。（民眾提供）    ,https://news.ltn.com.tw/news/society/breakingnews/5545096
狠母將剛出生男嬰從11樓推下慘死   一審依「生母殺嬰罪」判4年6月,社會,2026/08/19 13:51,台中市夏姓女子（左）前年11月剛產下男嬰，竟將他從11樓推下慘死，台中地院國民法庭今天依「生母殺嬰罪」，判4年6月徒刑。（資料照，民眾提供 ）台中夏姓女子（24歲），前年11月28日凌晨3點多，在房間產下一名足月男嬰，因和男嬰的生父爭吵，一氣之下竟將剛出生，有呼吸、生命跡象的兒子，以毛毯包裹放置在11樓房間窗框，再將男嬰向外推落，墜落社區花圃，直到當天9點才將全身多處骨折出血死亡的男嬰送醫，檢方依成年人故意對兒童為殺人罪起訴，夏女辯護人則主張觸犯的是刑度較低的「生母殺嬰罪」，台中地院國民法庭審理後今天宣判，依「產後殺子罪」（生母殺嬰）判4年6月，檢察官當庭希望延長境管。台中太平新吉路一處社區，前年11月28日凌晨3點多，一名剛出生的男嬰遭夏姓生母（23歲）從11樓窗戶（約35公尺高）推落社區花圃，夏女的乾爸、乾媽因不知她懷孕，一度相信房間滿地鮮血是月經血崩，直到後來察覺有異，才在當天上午9點左右，由乾媽陪同夏女到花圃將已經死亡的男嬰撿起放進袋子裡。請繼續往下閱讀...送醫後發現男嬰全身多處骨折出血、臟器損傷明顯死亡，原以為是單純意外，不過醫護人員認為傷勢不單純通報市府社會局，經深入追查才發現竟是一樁狠心的生母殺兒案。檢警調查，夏女和莊姓男子交往，先在2023年9月生下長女，兩人後來在2024年3月分手，不過當時夏女已經懷有身孕，並在前年11月28日凌晨3點多，在太平區住處11樓的房間內，順利產下足月的男嬰，不料卻和莊男爭吵，一氣之下，以毛毯包裹有生命跡象的男嬰，先放置在11樓房間窗框，再將男嬰向外推落，墜落社區花圃不治，台中地檢署偵辦後，依成年人故意對兒童為殺人罪起訴。夏女出庭時表示，因莊姓男友拿自己作保車貸100萬，其中20萬還是超貸，卻不把錢拿來養大女兒，反而拿去給外面的女人，才在生下孩子後氣憤殺嬰，當下「沒感覺」，但後來就感到後悔。夏女辯護人則強調，夏女確實做錯了，不過是因長期、多方壓力而出現「不得已的事由」，主張觸犯的是刑法274條第1項的生母殺嬰既遂罪，希望為她爭取緩刑的機會。台中地院國民法庭審理後今天宣判，依「產後殺子罪」判4年6月徒刑，可上訴。    ,https://news.ltn.com.tw/news/society/breakingnews/5545083
中和2騎士行車糾紛爆口角 大街上演互毆雙雙送辦,社會,2026/08/19 13:40,騎乘電動自行車的黃男以為楊姓機車騎士要違規迴轉，上前朝其揮拳後雙方爆發互毆。（記者陸運鋒翻攝）黃姓男子前天下午騎乘電動自行車，行經新北市中和區新生街時，與楊姓機車騎士發生行車糾紛，黃男怒譙楊男後朝其揮拳，雙方因此在大街上大打出手，導致楊男臉部受傷，警方事後將黃男通知到案，由於雙方互提傷害告訴，2人均送辦。中和警分局調查，34歲黃男當時騎電動自行車，沿中和新生街往板橋方向行駛，途中以為前方減速停紅燈的44歲楊姓騎士要違規迴轉，因此他從楊男左側經過時，怒罵「看什麼看，不爽嗎！」，隨後將電動自行車扔在一旁，上前朝楊男揮拳。請繼續往下閱讀...據知，楊男認為被打莫名奇妙，隨後持安全帽反擊，雙方就在大街上互毆，路過民眾見狀紛紛報案，警方趕抵現場前，黃男已騎乘電動自行車先行離去，而楊男因左顴骨及左眼受傷，自行前往醫院驗傷後提告。據指出，警方隔天通知黃男到案說明時，黃男稱對方也有動手，自己也有受傷，同樣提出告訴，全案警詢後將楊、黃依傷害罪嫌移請新北地檢署偵辦。警方呼籲，民眾行車途中遇到行車糾紛應保持冷靜，切勿一時氣憤下車理論，更不可對人作勢攻擊或施暴，以免危害自身及其他用路人安全，如發生交通爭議，可撥打110報案或記下車號，交由警方依法處理。    ,https://news.ltn.com.tw/news/society/breakingnews/5545040
金門中正國小南洋杉突倒塌出牆   幸無人車遭擊中,社會,2026/08/19 13:38,金門中正國小一株小葉南洋杉疑因不敵側風由牆內倒向牆外。（金門林務所提供）金門未在中央氣象署公布的強風特報範圍，但中正國小校園內1株樹齡30多年，高12至15公尺的小葉南洋杉，疑因側風太大倒塌，主幹延伸到牆外橫亙路中央，還砸中1輛汽車，景況驚悚，所幸正值暑假，車內又無人，也未傷及路人，造成不小虛驚。中央氣象署上午發布強風特報，受低壓帶影響，下午有連江縣等部分縣市會有平均風6級以上或陣風8級以上機率，金門雖未在範圍內，卻傳來中正國小巨樹塌。請繼續往下閱讀...縣林務所指出，上午9點45分左右接到位於金城鎮的中正國小通報，校園內1株樹齡30多年的小葉南洋杉發生倒塌事故，第一時間即調派組隊趕赴搶修，金城鎮長李誠智及轄區警員聞訊也迅速到場，分別協助聯絡清潔隊及交通疏導。林務所表示，該株小葉南洋杉胸徑約40公分、樹高約12至15公尺，因基部斷裂倒伏並橫跨路面，一度影響周邊車輛通行。林務所表示，作業人員緊急將倒木進行分段切鋸與加速清運，約10點30分將現場障礙排除，道路恢復通行，樹倒原因仍待確認。中正國小表示，時值暑假期間，校內僅有部分社團活動，所幸未造成人員傷亡；該校對於校園也有相關保險措施，被樹木砸到的事故車輛，將由保險公司接洽處理。金門中正國一株小葉南洋杉倒塌，林務所等單位立刻派員到場清理。（讀者提供）中正國小一株小葉南洋杉基部斷裂倒伏，工作人員到清理。（林務所提供）中正國小一株小葉南洋杉基部斷裂倒伏，工作人員迅即將殘木清運。（讀者提供）    ,https://news.ltn.com.tw/news/society/breakingnews/5545046
又是你！他無照又被同一員警逮 這次還載4跳機泰國遊客,社會,2026/08/19 13:33,警方查獲3男1女共4名泰國籍跳機遊客。（記者徐聖倫翻攝）冤家路窄！新北市三峽警分局交通分隊警員周彥斈，日前執行取締違規勤務時，發現一輛轎車見警竟慌張猛關車窗。周員定睛一看發現駕駛十分眼熟，隨即上前攔查，當場查獲「老朋友」74歲木姓男子「又」無照駕駛，更扯的是，車上竟還載著4名逾期停留的泰國籍「跳機」移工，全案依法函送移請移民署偵辦。警方表示，周員昨傍晚6時許於三峽區嘉添路執行勤務時，發現一部行跡可疑的自小客車。原先駕駛座車窗敞開，但駕駛一瞥見員警，竟神色慌張地連忙將車窗拉上。周員憑藉敏銳觀察力，當場認出木男就是先前曾被自己開過無照罰單的「老熟人」，隨即上前攔停。請繼續往下閱讀...經查證，木男果然再次無照上路，而車上3男1女等4名泰國籍乘客，經清查均是在2024至2025年間以觀光免簽入境，原本僅能停留約2週，卻逾期滯留「跳機」並在台從事非法打工。周員考量現場警力有限，立即呼叫支援，待5名支援警力迅速趕抵後，一舉將所有人帶回分隊偵辦。據了解，周員平日執勤極為認真，先前才因開罰單遭不滿民眾在鈔票上寫詛咒字句爆紅，但他不因此受影響，這次更因「過目不忘」再度立功。警詢後，木男被依無照駕駛開單舉發，4名逾期停留泰籍人士則移送移民署新北市專勤隊處置。木男又被周員攔下，再度被抓無照駕駛。（記者徐聖倫翻攝）    ,https://news.ltn.com.tw/news/society/breakingnews/5545037
台中阿北帶5本存摺飯店開房間 妻驚覺不對勁…竟是假戶政詐騙,社會,2026/08/19 13:24,警方趕赴飯店找到王男。（民眾提供）台中市王姓男子近日接獲自稱「台北戶政事務所」詐騙電話，對方謊稱他的身分遭冒用、涉及不明資金，還要求他配合「辦案」，王男深信不疑，隔天竟帶著家中5本銀行存摺前往住家附近飯店，準備接受歹徒遠端指示，妻子驚覺存摺全不見趕緊報案，警方火速趕抵飯店，當場攔下正準備視訊王男，及時守住退休金。據了解，王男本月17日接到詐騙電話時，曾一度開擴音讓妻子聽見，妻子當下就察覺不對，尤其聽到對方要求丈夫到飯店、開房間並保持「無人打擾」，立即出言勸阻，沒想到王男已被話術牽著走。請繼續往下閱讀...隔天下午，妻子突然發現家中5本銀行存摺不翼而飛，再打電話給丈夫，卻怎麼都打不通，想到前一天的可疑電話，直覺丈夫已赴約，立即前往第一分局公益派出所求助，警方獲報立即趕往王男可能前往飯店，並在櫃檯協助下順利找到人。警方進入房內時，只見王男神情嚴肅，5本銀行存摺整齊放在桌上，手機則準備進行視訊，正一步步等候「假戶政」指示，員警隨即耐心向王男說明，這正是常見的「戶政轉接檢警」詐騙套路，公務機關不會要求民眾攜帶存摺到飯店，更不可能透過視訊方式「秘密辦案」，經警方苦口婆心勸說，王男終於驚覺受騙，這才放下戒心，也保住辛苦一輩子的退休金。王男當時已準備與詐團視訊。（民眾提供）    ,https://news.ltn.com.tw/news/society/breakingnews/5545033
台中阿北帶5本存摺飯店開房間 妻驚覺不對勁…竟是假戶政詐騙,社會,2026/08/19 13:24,警方趕赴飯店找到王男。（民眾提供）台中市王姓男子近日接獲自稱「台北戶政事務所」詐騙電話，對方謊稱他的身分遭冒用、涉及不明資金，還要求他配合「辦案」，王男深信不疑，隔天竟帶著家中5本銀行存摺前往住家附近飯店，準備接受歹徒遠端指示，妻子驚覺存摺全不見趕緊報案，警方火速趕抵飯店，當場攔下正準備視訊王男，及時守住退休金。據了解，王男本月17日接到詐騙電話時，曾一度開擴音讓妻子聽見，妻子當下就察覺不對，尤其聽到對方要求丈夫到飯店、開房間並保持「無人打擾」，立即出言勸阻，沒想到王男已被話術牽著走。請繼續往下閱讀...隔天下午，妻子突然發現家中5本銀行存摺不翼而飛，再打電話給丈夫，卻怎麼都打不通，想到前一天的可疑電話，直覺丈夫已赴約，立即前往第一分局公益派出所求助，警方獲報立即趕往王男可能前往飯店，並在櫃檯協助下順利找到人。警方進入房內時，只見王男神情嚴肅，5本銀行存摺整齊放在桌上，手機則準備進行視訊，正一步步等候「假戶政」指示，員警隨即耐心向王男說明，這正是常見的「戶政轉接檢警」詐騙套路，公務機關不會要求民眾攜帶存摺到飯店，更不可能透過視訊方式「秘密辦案」，經警方苦口婆心勸說，王男終於驚覺受騙，這才放下戒心，也保住辛苦一輩子的退休金。王男當時已準備與詐團視訊。（民眾提供）    ,https://news.ltn.com.tw/news/society/breakingnews/5545033
黃國昌痛罵鏡週刊「垃圾媒體」遭求償百萬 二審仍勝訴判免賠,社會,2026/08/19 13:20,民眾黨主席黃國昌。（資料照）民眾黨主席黃國昌2024年9月至12月間，3度在記者會上痛罵「鏡週刊」是「垃圾媒體、垃圾週刊」，精鏡傳媒及社長裴偉蒐證提告民事侵害名譽權，向黃國昌求償100萬元；一審台北地院審理後，判黃國昌無須賠償。鏡週刊不服提起上訴，高等法院今駁回上訴，維持鏡週刊敗訴結果，全案仍可上訴。鏡週刊指控，黃國昌於2024年9月3日在臉書粉絲專頁發文指出「無恥的鏡週刊，敢潑糞不敢當」、「上週六配合北檢聲押柯文哲的操作，突然以獨家指控柯文哲在京華城案涉及『違背職務收賄罪』、『700萬帳戶資金不明』的垃圾媒體鏡週刊，竟然在剛剛發出聲明表示『內容從未述及柯文哲違背職務收受賄賂700萬元』，簡直無恥至極」。請繼續往下閱讀...週刊指控，黃國昌2024年10月、12月兩度在民眾黨記者會上，批評鏡週刊是「綠營跟北檢打手」及「垃圾週刊」，認為相關言論侵害商譽、名譽，提告求償100萬元，並要求黃在臉書置頂刊登判決主文10天。黃國昌則答辯，鏡週刊罔顧媒體社會責任，以斷章取義、惡意扭曲方式協助執政黨整肅政敵，他的言論是對可受公評事項提出評論，應受言論自由保障。高院指出，鏡週刊針對前民眾黨主席柯文哲涉京華城案進行系列報導，內容具體指涉柯文哲財產來源不明，甚至涉及收賄，並以事實描述方式連續報導偵辦細節，引發爭議。高院認為，黃國昌當時身為民眾黨立委及立法院黨團召集人，在個人臉書或記者會遭媒體追問時，發表上述言論回應，屬於一般人常見反應，鏡週刊對此應有一定程度的容忍。法院指出，相關言論涉及公共事務，黃國昌對鏡週刊報導給予負面評價，縱使令鏡週刊感到不悅，但仍具有促進公共思辯的輿論功能，屬於對可受公評事項所為的適當評論，難認構成不法侵害。至於鏡週刊主張商譽、名譽受損，高院認為，鏡週刊所提出的網友意見，尚不足以證明其商譽或名譽確實受到貶損。現今社會民眾可透過網路平台自由表達意見，鏡週刊的報導及黃國昌的評論，都會再受到社會大眾評價、判斷，民眾未必會全盤接受黃國昌的說法，也可透過「言論市場」消除或對抗相關言論。高院綜合考量言論脈絡、對鏡週刊商譽及名譽的影響，以及黃國昌言論自由與鏡週刊商譽權、名譽權間的權衡後，認定相關言論並未超出合理評論範圍，不構成不法侵害，因此駁回鏡週刊上訴。    ,https://news.ltn.com.tw/news/society/breakingnews/5544954
台電少算加班費挨罰2萬提告抗罰敗訴 法院批屢遭裁罰卻未改善,社會,2026/08/19 13:14,台電少算加班費挨罰2萬提告抗罰敗訴，台北高等行政法院批台電屢遭裁罰卻未改善。（資料照）台灣電力公司石門發電廠一名員工於例假日出勤工作，台電計算例假日加班費時，未將「領班加給」及「全勤獎金」納入計算，遭桃園市政府依違反勞動基準法裁罰2萬元。台電不服提起行政訴訟，主張兩項給付屬獎勵性質，非工資範圍。台北高等行政法院審理後認定，兩項給付均屬工資，並在判決中指出台電長期多次未將各式加給納入加班費，而遭各地主管機關裁罰，卻仍未積極改善，最終駁回台電上訴，全案確定。判決指出，桃園市政府勞動局於2024年4月11日前往台電石門發電廠實施勞動檢查，發現台電讓一名員工於2023年3月19日例假日出勤，但在計算例假工作加給時，未將「領班加給」及「全勤獎金」納入平日每小時工資額計算，違法勞基法。請繼續往下閱讀...桃市府認定，台電違反勞基法，裁罰2萬元，並公布公司名稱及負責人姓名等處分內容。台電不服，提起訴願遭駁回後，再向法院提起行政訴訟，一審敗訴以後，台電提起上訴。台電上訴主張，領班加給是對擔任領班人員的激勵性給付，性質類似競賽獎金或特殊功績獎金若發生工安事件即不發給，主張此部分不屬勞務對價或經常性給予。另外，依經濟部所屬事業獎金實施要點，全勤獎金屬獎勵性、恩惠性給付，因此領班加給和全勤獎金均不應列入工資計算。此外，台電也強調，公司必須依國營事業管理法及經濟部相關規範辦理薪資制度，未將「領班加給」及「全勤獎金」納入加班費計算基礎，是依法令辦理，若因此遭罰，形同面臨法規間義務衝突，不應受處罰。法院指出，本件爭執的全勤獎金以及領班加給，是勞工提供勞務對價，且在一般情形下可領得，制度上具有經常性，自符合勞基法工資要件，而台電未將2項給付納入平日工資計算例假日加班費，確實已違反勞基法。針對義務衝突部分，勞基法所定的勞動條件是最低標準，國營事業主管機關依此授權訂定法規命令或行政規則，若與勞基法規定不符合，且規範內容低於勞基法最低標準，自應優先適用勞基法規定，因此不會有義務衝突問題。法院還提到，台電長期以來多次因未將全勤獎金、領班加給、夜點費及兼任司機加給等工資項目納入加班費計算，而遭各地方勞動主管機關裁罰，卻未見積極改善，縱使非故意也難認毫無過失，最後認定桃園市政府僅依規定裁處最低額2萬元罰鍰，並無違反比例原則或裁量濫用情形，因此駁回台電上訴，全案確定。    ,https://news.ltn.com.tw/news/society/breakingnews/5545021
八旬老翁騎車外出中暑 幸虧遇警專女學員即刻救援,社會,2026/08/19 13:03,"北投分局警員游雅婷（右）、實習生王婕倫（左）熱心幫助黃姓老翁。（記者王冠仁翻攝）八旬黃姓老翁在下午時刻騎乘腳踏車外出，但當時戶外氣溫高溫炎熱，黃年事已高又受不了高溫曝曬，身體不適中暑，只好停下腳踏車休息。幸虧當時北市警北投分局永明派出所巡邏警力路過，在永明所實習的警專女學員王婕倫見狀，立刻與警員游雅婷上前攙扶，並將黃帶回派出所休息，展現警方積極服務的精神與熱誠。北市警北投分局永明派出所警員游雅婷、實習生王婕倫，前天下午2時許巡邏經過石牌路二段附近時，眼尖發現路旁有名老翁騎腳踏車停靠路旁，面露難色、滿臉疲憊。請繼續往下閱讀...員警上前詢問，這才得知原來這名84歲黃姓老翁騎腳踏車外出，但因受不了戶外炎熱高溫，再加上經高溫曝曬，身體出現中暑症狀。游、王2員上前攙扶，確認黃意識清楚且身上並無外傷，游員於是將黃帶回派出所休息，王員則幫忙牽腳踏車。黃姓老翁在派出所內休息、補充水分後，這才恢復體力，員警最終再次確認他身體狀況無礙後才讓他離去，同時也提醒他要多補充水分，若身體不適要適時休息。永明所同仁指出，實習生王婕倫身材高挑、外貌出眾，宛如模特兒，她為人親切和善，實習期間相當認真，表現可圈可點。北投分局呼籲，近期天候炎熱，民眾騎乘腳踏車或從事戶外活動時，應留意自身身體狀況，適時補充水分及休息，切勿勉強活動。若發現身旁有民眾疑似身體不適或需要協助，也可主動關懷，必要時撥打110或119請求協助，共同打造安全、友善環境。警專女學員王婕倫幫忙牽黃姓老翁的腳踏車。（記者王冠仁翻攝）    ",https://news.ltn.com.tw/news/society/breakingnews/5544981
土城公寓5樓冒火煙！3租客急疏散 火勢半小時撲滅,社會,2026/08/19 12:58,消防、警方於火警現場進行救援。（記者徐聖倫翻攝）新北市土城發生火警意外，今上午10時許，捷運永寧站旁某公寓5樓突冒火煙，119獲報即刻派員趕抵並佈水線射水滅火。期間消防人員疏散同層3名出租套房的租客，火勢也得到控制，順利在半小時內完全撲滅，目前起火原因仍在調查中。據悉，該公寓5樓為出租套房，其中一戶起火燃燒，而該戶沒有人在家，火煙冒出時才被民眾發現並報案。新北市消防局火災調查科人員已入內進行採證，詳細起火原因將待調查結果出爐始得釐清。    ,https://news.ltn.com.tw/news/society/breakingnews/5545005
新車落地才4天就被鎖定！ 女車主117筆欠費近30萬遭查扣,社會,2026/08/19 12:47,新竹女新車領牌4天即遭鎖定！市府稅務局透過停車智慧車柱鎖定陳女117筆近30萬元欠稅款，讓陳女認栽乖乖繳。（竹市稅務局提供）新竹一名女子買新車才剛落地4天，就被新竹市稅務局與法務部行政執行署新竹分署透過「路邊停車智慧通報系統」鎖定，遭查扣54筆使用牌照稅、4筆燃料費及59筆高速公路通行費，總計117筆、近30萬元稅款，讓陳女一臉疑惑及驚嚇，只能乖乖繳納。竹市稅務局提到，透過路邊停車系統及跨機關資訊串聯，可協助追查車主的欠繳稅費，還可提供警察局停牌、註銷號牌後仍在道路上行駛車輛進行查扣。欠稅人陳女從99年起長期未依規定繳納牌照稅及燃料費，累積欠款近30萬元，經移送新竹分署強制執行。期間其名下曾先後持有4輛汽車，部分車輛甚至在牌照遭註銷後仍違規使用公共道路。過去由於陳女名下查無可供執行的財產，由新竹分署核發執行憑證，稅務局今年1月發現陳女又購入新車，立即辦理執行憑證再移送。請繼續往下閱讀...稅務局表示，透過市府「路邊停車智慧通報系統」，終於在5月28日掌握車輛停放位置，陳女眼見新車即將遭查扣，當場配合前往新竹分署說明，稱該車平時主要用於接送親人就醫，且自身經濟確實面臨困難，也啟動關懷機制，協助陳女辦理「分期繳納」，讓陳女只能乖乖繳納。稅務局提醒，車輛只要行駛或停放公共道路，均屬使用公共道路範圍。如車輛欠繳牌照稅，或是車牌經繳（註）銷，經查獲使用公共道路，依規定除必須補繳本稅外，還會處以罰鍰，可電洽03-5225161分機550。    ,https://news.ltn.com.tw/news/society/breakingnews/5544957
美制裁中監視器巨頭「浙江大華」偷來台挖角 2主管認罪獲緩刑,社會,2026/08/19 12:31,中國監視設備商「浙江大華技術」公司在台私設辦事處挖角我國工程師。（路透）因協助中共監控新疆少數民族及危害資安，被美國列入制裁名單的中國監視設備商「浙江大華技術」公司，在台私設辦事處挖角我國工程師，並將員工掛靠於新加坡商寰宇優仕公司名下，新北地院依違反「兩岸人民關係條例」，判處大華在台主管簡廷安、劉衛龍各4月徒刑、寰宇公司負責人王祥宇5月徒刑，得易科罰金，均緩刑2年，各須支付10萬至20萬元不等金額給公庫；寰宇公司另被科處罰金30萬元。浙江大華因協助中共在新疆等地區進行大規模監控與打壓少數民族人權等原因，被美國商務部列入出口管制黑名單，美國國防部更將其列入軍火工業黑名單。請繼續往下閱讀...檢調調查，浙江大華公司未經經濟部投資審議司許可，亦未向經濟部商業發展署申請合法設立分公司或辦事處，為了來台發展，由簡廷安於2022年4月間以個人名義，承租台北市信義區基隆路一段的地下室辦公室，作為浙江大華公司在台營運據點；簡廷安並與中國籍男子劉衛龍分別擔任台北、台中辦公室的主管，挖角並管理6名工程師。為掩飾中資背景，簡男等3人合謀，由王祥宇擔任負責人的寰宇公司出面，與這6名員工簽署勞動協議並辦理勞健保掛靠；王祥宇自2021年7月起至2024年3月止，居間收受浙江大華公司匯入資金，轉而支付員工薪資、辦公室租金及相關營運管銷費用，以此方式避開監管，違法從事業務活動。法官審酌，簡男等3人所為影響主管機關對中資營利事業的管理，損及交易秩序與國家安全，實屬不該；惟考量3人及寰宇公司犯後均坦承犯行、態度良好且無前科，量處上述徒刑並宣告緩刑。至於劉衛龍是否強制出境，法官認為，應由行政機關本於權責處理。    ,https://news.ltn.com.tw/news/society/breakingnews/5544941
地產公司當掩護   中檢破非法「YD支付」境外博弈洗錢集團沒收13億,社會,2026/08/19 12:28,台中地檢署指揮台中市刑大等單位，發動三波搜索逮捕徐姓男子為首的博弈洗錢集團。（記者陳建志翻攝）台中市徐姓男子（34歲）成立博弈洗錢集團，除架設非法支付平台「YD」支付，並找來開設地產公司的吳姓男子（57歲）協助洗錢，把地產公司當贓款藏放處，檢警年初發現相關帳戶金流異常，經蒐證後今年4月、6月發動三波搜索，一舉逮捕徐姓主嫌等8人，今天依組織犯罪、賭博、洗錢等罪嫌提起公訴，並聲請沒收洗錢標的共13億 9981 萬餘元。台中市刑大偵七隊與金流分析小組，年初接獲金融機構通報，發現特定個人帳戶出現密集且異常大額金流，經深入比對後發現，有數名ATM提款車手頻繁互換使用彼此帳戶，且至少成立14家人頭公司，公司帳戶短期內頻繁交易、金額龐大，疑涉及詐欺、博弈與洗錢等不法行為，隨即報請台中地檢署謝孟芳檢察官指揮，由台中市刑大、第四分局、霧峰分局及東勢分局共組專案小組擴大偵辦。請繼續往下閱讀...檢警蒐證後見時機成熟，今年4月20日、6月1日、6月23日前往北屯、西屯等據點發動三波搜索，查扣涉案金融帳戶30餘本、數批公司大小章、自製假貨單與假發票、電腦、手機、USBBOX境外水房連線傳接盒及現金64萬餘元，逮捕徐姓主嫌等8人，其中徐男（34歲）、張男（51歲）、吳男（57歲）、吳男（24歲）4人聲押獲准。檢警調查發現，以徐男為首的犯罪集團於廈門設立境外洗錢據點，對接多家知名線上娛樂城，專替博弈集團提供賭客儲值與出入金服務。為規避查緝，徐嫌與位於北屯開設地產公司的吳男（57歲）合作，由集團每日指派車手以ATM提領賭資，將贓款暫置地產公司掩人耳目，再集中交由主嫌等人存入人頭公司帳戶，並透過外匯管道結購美金，又轉換為虛擬貨幣再兌回台幣，藉此層層洗錢；短短半年內，經手洗錢金額即達13億 9981 萬餘元。檢警並查出，徐嫌還成立非法支付平台「YD」支付，以每筆代收款抽取3.5%及手續費牟利外，另架設假的「精品買賣平台」並開立假發票，企圖以不實交易掩飾洗錢犯行；遇有賭客提告詐欺導致帳戶遭警示時，則火速簽署和解書佯裝買賣糾紛，以求脫罪。台中地檢署破獲徐姓男子為首的境外博弈洗錢集團，現場查扣30多本銀行帳戶等贓證物。（記者陳建志翻攝）台中地檢署破獲徐姓男子為首的境外博弈洗錢集團，該集團架設假的「精品買賣平台」。（記者陳建志翻攝）台中地檢署破獲徐姓男子為首的境外博弈洗錢集團，警方查獲電腦主機和USBBOX境外水房連線傳接盒。（記者陳建志翻攝）    ,https://news.ltn.com.tw/news/society/breakingnews/5544833
涉公司驗資不實！杜秉澄否認犯罪 庭後嗆徐巧芯「殘忍、沒同理心」,社會,2026/08/19 12:21,杜秉澄否認犯罪。（記者翁靖祐攝）國民黨立委徐巧芯的大姑丈夫杜秉澄2021年間從夫妻間的帳戶中，轉帳800萬元充當「漢澄稀土」公司當作資本，向台北市政府申請登記期間又陸續把錢領出，被台北地檢署依違反公司法起訴。台北地院今傳喚杜秉澄開庭，他否認犯罪，稱當時會計師沒處理股東往來就做帳，但他自己也有疏失。庭畢，他受訪表示，希望不要再有人因為徐巧芯受到一樣的傷害，並指徐巧芯做事情很殘忍，不會替別人著想，也沒有同理心。杜秉澄今日出庭被法官問及是否認罪，他表示「我是否認的」，不過由於杜秉澄未請律師，所以只好由自己上場答辯。今日庭期只安排5分鐘，法官表示給杜2分鐘做陳述。請繼續往下閱讀...然而，待杜秉澄開口陳述以後，他花了大半的篇幅講述自己為何會捲入洗錢，不過早已超出本案的範圍。至於涉及本案驗資不實的部分，杜秉澄表示，可能是當時會計事務所並無幫他做股東往來就進行做帳，並對此表示他也有一定的疏失。庭後，杜秉澄受訪，針對本案，他表示會再遞狀補充，強調當時的資金都是自己公司和自己的資金，會產生問題，可能是會計師在股東往來股轉的部分有出現狀況，自己事後會再做書狀的證明。杜秉承說，這些都是自己的錢，只是轉來轉去在做對沖、虛擬貨幣交易，當時因2024年的案子被押了2年，那虛擬貨幣交易的部分其實是2021年5月5日的事情，證明自己在被稱詐團以前，就有在行虛擬貨幣交易，盼藉此證明清白。杜秉澄也說，若有涉犯公司法，出資或驗資的部分，法院該怎判，該怎麼認定，都尊重司法判決。今日徐巧芯本因為涉及重傷害罪要來開庭，但卻請假，庭期也因此取消。有記者問杜秉澄，若今日在法院遇到徐巧芯會對她說什麼？杜秉澄聽聞便回答，當時在1月份交保時，就有收到內部消息說，徐巧芯對他能交保很不滿，這也使他不悅。杜秉澄認為，徐巧芯做的事情他無法原諒，並呼籲徐巧芯趕緊對自己做錯的事情安排律師。杜秉澄指出，徐巧芯設局他的岳母去告他詐欺，結果不起訴後也沒告訴大家，等於是陷他於不義。杜秉澄說，今天若有犯法他絕不逃避，可是不能夠不給他們一個公平審判的機會，不給他們一個清白之身去跟檢察官、法官講述事情經過，就用立委的職權去說這個人就是詐騙集團。杜秉澄表示，希望不要再有人受到像他們一樣的虐待跟傷害，因為徐巧芯這個人做事情很殘忍，沒有在替別人著想，也沒有同理心，所以他跟他父親才會決定站出來，把徐巧芯做的事情，跟對他們家造成的傷害都講出來。    ,https://news.ltn.com.tw/news/society/breakingnews/5544912
抓到2波車手仍被騙2000萬 婦嘆：詐團話術太厲害,社會,2026/08/19 12:14,被害婦人今天前往記者會分享自己被騙的過程，也呼籲大家不要一樣上當受騙。（記者吳昇儒攝）基隆一名婦人因在股票市場投資得宜，賺到不少錢，3月間在臉書上看到「名人」的投資網站，開始陷入詐騙集團陷阱。該名婦人前幾次匯款時，因警、銀橫向聯繫得當，不只幫婦人保住財產，更逮捕兩波車手。但婦人卻又被洗腦，多次匯款損失2000多萬，今日出席7月份基隆市警察局打詐儀表板記者會，現身說法，呼籲民眾不要受騙。年約50多歲的婦人受訪時指出，當時在股市有賺到一點錢，後來在臉書上看到某位股市名人的頭像照片，標榜能教人投資就點進去與對方聯繫。後來一名自稱是助理的人，開始介紹股市分析，且早上7點開盤前要上一次股盤分析，晚上8點也要再上一次，讓人覺得真的是投資教學。請繼續往下閱讀...第一次想說投資70萬元，提領時銀行行員通知警方到場，最後還協助警方逮捕車手；第二次又領了250萬元，再次協助警方逮捕車手。婦人說，錯就錯在自己回到群組跟其他人說「這裡好像是詐騙」，結果很多人就提出投資軟體經過金管會認證，有證書，還有相關機構的認證，怎麼可能是假的，就又一步步掉進陷阱中，陸續匯出兩千多萬元。最後，看到帳面上有賺了5千多萬，想要提款，對方就說要付20%的手續費309萬元，結果錢匯過去了，什麼都沒拿到。婦人也抱怨地說，最後一家匯款的是元大銀行，行員沒有提醒或警示，如果有個機會再被提醒，或許能減少損失，後來也有向銀行主管申訴此事。基隆市警察局長林信雄指出，感謝被害人願意出面幫忙宣導，她的案例算是比較特殊，已經協助警方逮捕車手了，卻仍被詐騙集團再次洗腦受騙，所以仍有許多民眾上當受騙。林信雄表示，基隆市7月份受理詐騙案件數共有157件，較上個月增加27件，總財損為4988萬元，較上個月增加912萬元，但較去年同期低。假投資、假檢警及網路購物詐騙，仍高居詐騙案的前三名，呼籲民眾遇到相關問題，第一時間撥打110或165，才有機會保住自己的血汗錢。基隆市警察局長林信雄表示，假投資、假檢警及網路購物詐騙，仍高居詐騙案的前三名，呼籲民眾遇到相關問題，第一時間撥打110或165，才有機會保住自己的血汗錢。（記者吳昇儒攝）    ,https://news.ltn.com.tw/news/society/breakingnews/5544901
要不到吸管暴怒？女子失控駕車猛撞檳榔攤再砸店、毆打店員,社會,2026/08/19 12:00,鄭姓女子深夜到檳榔攤買檳榔和飲料，疑因索取吸管不成，竟情緒失控開車衝撞檳榔攤。（取材臉書粉專「桃園都」）桃園市中壢區中正路四段大崙地區昨（18）日深夜11時40分，發生檳榔攤遭小貨車衝撞意外，一名48歲鄭姓女子深夜到檳榔攤買檳榔和飲料，疑因索取吸管不成，竟情緒失控地開車衝撞檳榔攤，巨大的撞擊聲響嚇壞附近民眾，鄭女見員警獲報前來，一度踩油門加速逃逸，被警方火速攔停，訊後依恐嚇、公共危險等罪嫌移送桃園地檢署偵辦並將她強制送醫。有網友將肇事影像PO文社群平台，直指「小貨卡直接衝撞檳榔攤，來回反覆衝撞，警察來了之後，加速逃逸」，畫面可見，小貨車整輛撞進檳榔攤，瞬間煙塵四起，盆栽等物品散落一地，女駕駛並在見到警車到場後，迅速逃逸離開現場。請繼續往下閱讀...中壢警分局大崙派出所獲報，指在有民眾糾紛，立即派員前往。經了解，48歲鄭女精神狀態不穩，前往檳榔攤購買檳榔及飲料後，疑因索取吸管不成，突然情緒失控駕車衝撞檳榔攤，鄭女見警方到場駕車逃逸，但只逃了100公尺就被警方攔下，警方將鄭女送醫包紮，隨後帶回偵辦。檳榔攤老闆陳先生受訪表示，該名女駕駛為店內某位熟客的太太，事發當時，她前往店內購買檳榔與咖啡，並向店員索取吸管，但由於店內當時沒有吸管而無法提供，女駕駛竟惱羞成怒，不僅動手破壞門窗、毆打店員，隨後直接駕駛小貨車反覆衝撞店家，導致店內設備嚴重受損，損失至少50萬元。雖然檳榔攤老闆與店員雖都不提出毀損告訴，但警方仍依恐嚇、公共危險罪嫌，將鄭女移送桃園地檢署偵辦。鄭姓女子深夜到檳榔攤買檳榔和飲料，疑因索取吸管不成，竟情緒失控開車衝撞檳榔攤。（取材臉書粉專「桃園都」）鄭姓女子深夜到檳榔攤買檳榔和飲料，疑因索取吸管不成，竟情緒失控開車衝撞檳榔攤。（取材臉書粉專「桃園都」）    ,https://news.ltn.com.tw/news/society/breakingnews/5544881
兒少性犯罪追訴期違憲 民團籲民事釋憲公開辯論、促立院補足法制缺口,社會,2026/08/19 11:59,台灣光寰協會、公民監督國會聯盟、時代力量等民團今召開「遲來的正義，不能停在釋憲：讓每一位兒少性侵倖存者真正被國家看見」記者會。（記者叢昌瑾攝）憲法法庭14日作成2026年憲判字第6號判決，宣告2005年修法前刑法第80條就兒少性犯罪追訴時效規定違憲，11名聲請人、13件案件確定終局裁定均遭廢棄，發回原法院重審。台灣光寰協會、公民監督國會聯盟、時代力量等民團今（19日）召開記者會提出三大訴求，除呼籲民事賠償釋憲案公開言詞辯論、檢討證據認定，也要求立法院儘速將陽光公益法案等排入議程，全面補足法制缺口。憲法法庭14日作成2026年憲判字第6號判決，宣告2005年修正前刑法第80條，就兒少性犯罪追訴權時效計算，在未考量兒少無法及時揭露受害事實的情況下，過度限制其訴訟權，於此範圍內違憲。為此台灣光寰協會等6個民團今召開記者會。請繼續往下閱讀...台灣光寰協會理事長、釋憲案律師蔡尚謙指出，國家終於承認被害人的創傷即使在多年之後，也應該被看見、被理解。但他也強調「能夠重新提告、重新審理，只是起點，而不是正義的終點。」今日判決的效力限於聲請案件，對於尚在法院審理、尚未進入憲法法庭程序的案件，仍面臨舊法限制。既然憲法法庭已認定舊法過度限制兒少性侵倖存者的訴訟權，國家就不應讓尚未走進憲法法庭的倖存者繼續被制度遺落。公民監督國會聯盟副執行長陳利益表示，判決並未解決所有問題，除11名聲請人重新取得司法救濟機會外，已完成追訴時效的案件原則上無法因此重新啟動，兒少性影像犯罪及民事損害賠償時效等問題也仍待補足。因此，立法院不能將責任全數留給憲法法庭，應把握延會期間積極排審相關陽光公益法案。他也呼籲大法官即使有不同意見，也應透過參與合議、表決及意見書完整論辯，避免基本權利成為政治角力的犧牲品。時代力量黨主席王婉諭說，憲法法庭第6號判決正式宣告舊刑法對兒少性侵追訴期的規定違憲，不只是司法上的重大進步，更是一份遲來的正義。過去半年，時代力量走上街頭連署、在網路倡議，也提交法庭之友意見書，更遇到許多勇敢站出來的倖存者，為了自己，也為了其他受到相同傷害的孩子。王婉諭接著說，判決雖為11名聲請人重新開啟司法救濟之路，但未接住所有人，仍有許多案件無法重新計算時效；兒少性侵害案件一年平均約5000件，其中8成左右加害人是被害人認識的人，若是6歲以下兒童，更有高達6成加害人是直系親屬。孩子可能因年幼、遭威脅或欺騙，必須等到成年甚至更久後，才有能力和勇氣說出口。王婉諭表示，刑事追訴期只是跨出一步，性侵害民事損害賠償請求權的釋憲案仍在進行，修法工作尚未結束，將持續倡議，希望國家提供更完整保障，讓被害人重新被看見、得到實質協助，不再有任何孩子必須帶著痛苦與秘密長大。人本教育基金會執行秘書陳志遠認為，性暴力被害者請求損害賠償、國家賠償的時效也應適度放寬，不能讓加害者或曾包庇加害者的學校、機構，因長期壓迫被害者而反而免除責任。記者會中，民團共同提出三大訴求。第一，針對性侵害民事損害賠償請求權釋憲案，呼籲進行公開言詞辯論，與社會對話，並加快立法院修法進度。第二，1999年前性侵案件的強姦罪告訴期間僅6個月，遺留問題仍待處理。第三，11名聲請人發回法院重審後，勢必面臨證據認定困難，呼籲司法體系檢討性暴力案件證據認定，以倖存者為主體，重新理解證據的意義與可信度。台灣光寰協會、公民監督國會聯盟、時代力量等民團今（19日）召開記者會提出三大訴求，除呼籲民事賠償釋憲案公開言詞辯論、檢討證據認定，也要求立法院儘速全面補足法制缺口。（記者叢昌瑾攝）    ,https://news.ltn.com.tw/news/society/breakingnews/5544852
北市約僱員挪用31萬公款自首遭訴 課長「給機會」包庇獲緩起訴,社會,2026/08/19 11:51,台北市工務局33歲約僱助理工程員潘學中，去年支援內湖區公所經建課期間，利用保管鄰里公園水電費的機會，私自挪用保險箱內的15萬元現金花用。（資料照）台北市工務局33歲約僱助理工程員潘學中，去年支援內湖區公所經建課期間，利用保管鄰里公園水電費的機會，私自挪用保險箱內的15萬元現金花用，劉姓課長發覺後決定給他一個機會，僅收回鑰匙、回填金額而未予舉報，不料潘員後來又向保管另一把鑰匙的同事騙得鑰匙，取用16萬2000元花用一空，見紙包不住火才向廉政署自首；士林地檢署今依貪污治罪條例之侵占公有財物罪、利用職務上機會詐取財物罪起訴潘員，成為士林地院第1位適用國民法官法庭審理的貪污案件。士檢起訴指出，潘學中於2024年8月起受僱擔任北市府工務局公園路燈工程管理處花卉試驗中心的助理工程員，去年1月至9月支援內湖區公所經建課，負責鄰里公園水電費的繳納、核銷及借用申請。請繼續往下閱讀...水電費的繳納程序，是先由承辦人估算全年度水電費的需求金額，向秘書室簽請預借經費並自行保管，之後再依期繳納，彙整憑證辦理預借轉正。潘員去年5月起接辦這項業務。公所經建課於去年5月13日買保險箱，用以存放水電費等預借現金，由負責保管鄰里公園水電費預借現金的潘員保管其中1支鑰匙，另1支則由負責保管電動機車電池租賃費用、公民參與式預算的余姓員工保管，2人皆可自行開啟保險箱取款繳費。潘員為了購買私人用品，並支應與女友交往的聚餐及贈禮，於去年6月間分3次從保險箱各拿取3萬5000元、8萬5000元、3萬元，共15萬元，挪為己用。潘員的父親得知兒子侵占公款，去年6月20日打電話告知經建課劉姓課長，劉明知下屬涉貪卻不予舉發，決定給潘一個機會，與潘父相約於同月23日在公所外的人行道見面，收回15萬元，隨後再向潘員拿回鑰匙自行保管，回填公款了事。不料，潘男仍因缺錢花用，而於去年7月4度向保管另一把鑰匙的余姓同事詐稱要繳納公園水電費，騙取鑰匙開啟保險箱取走現金，4次共詐取16萬2000元，自知無力償還，才於去年7月27日告知劉姓課長，再於8月11日至法務部廉政署自首；廉政署循線查出潘6月侵占15萬、課長包庇的案情。士檢偵結，將潘員的2階段犯行，分別依侵占公有財物罪、利用職務機會詐取財物罪提起公訴，並建請法官於後段犯行適用自首減刑、前段不適用。且侵占公有財物罪為10年以上之罪，適用國民法官法審判，成為士林院檢首例。至於劉姓課長，明知下屬貪污有據，予以庇護而不予舉發，也涉犯貪污治罪條例之直屬主管包庇罪，可處1年至7年徒刑，考量其動機是為了給潘員機會，遭侵占的公款已補回，犯後深感悔悟，處以緩起訴1年，向國庫支付8萬元。    ,https://news.ltn.com.tw/news/society/breakingnews/5544854
賣酪梨遭坑！女ATM前狂按手機 警巡邏鷹眼識破救回血汗錢,社會,2026/08/19 11:41,女子賣酪梨遭坑深夜在超商狂按手機，所幸員警攔阻險遭詐。（警方提供）賣酪梨竟引來詐騙集團設局坑殺！1名女子「小佩」在臉書販售自家酪梨，不料遭到假買家與假客服聯手套路，已被騙走近1.6萬元；詐團食髓知味，深夜又下達指令要她衝超商再領3.8萬元存入指定帳戶。所幸巡邏警員深夜巡簽超商時「鷹眼」識破，現場精準拆彈，成功幫她攔下後續積蓄。彰化警分局今天（19日）指出，民族路派出所警員張喬粡、卓穎渝日前凌晨零時許執行巡邏勤務，巡簽彰化市中山路某超商時，發現小佩獨自站在提款機前，一手緊貼手機通話、一手極為頻繁地操作 ATM，神情極度慌亂舉止異常。請繼續往下閱讀...兩名員警憑藉豐富的實務經驗，當下判斷這絕非一般的提款行為，極可能正處於詐騙通話中，隨即主動上前阻斷通話並關切。原來小佩在臉書賣酪梨，一名暱稱「陳X浛」的假買家主動聯繫要購買，並要求使用超商「好賣+」寄貨。隨後買家傳來一條惡意連結，顯示「託運條例尚未完成實名認證」，將小佩引導加入假冒「全家FamilyMart線上客服」的LINE帳號。在假客服的軟硬兼施與話術誘導下，小佩信以為真，先透過ATM轉帳1萬5987元「認證費」。詐團見小佩上鉤，隨即再下指令要求她深夜出門提領3萬8000元現金並存入指定帳戶，企圖再次榨乾她的錢包。在員警揭穿詐團伎倆並耐心剖析後，小佩才驚覺自己深陷圈套，當場頻頻向警方致謝，直呼「還好警察出現了！」員警隨後也協助她完成報案手續。女子賣酪梨卻遭假買家與假客服聯手詐騙。（警方提供）    ,https://news.ltn.com.tw/news/society/breakingnews/5544856
危險！幼童站機車前踏板誤觸油門 暴衝摔車,社會,2026/08/19 11:25,機車暴衝，騎士與幼童摔得人仰馬翻。（圖由警方提供）網路流出一段幼童誤觸機車油門致暴衝摔車之影像，經苗栗警分局網路巡邏辨識出事發地點為苗栗市中華路，但並未接獲報案，呼籲機車載人應遵守「1人為限」且「後座載人」原則，孩童站在前踏板不僅擋住視線，發生事故時更會成為駕駛與車頭間的緩衝物，極易造成重傷。苗栗警分局表示，分局執行網路巡邏在社群平台發現，幼童誤觸機車油門致暴衝摔車之影像。經檢視影像後，地點位於苗栗市中華路，事發於15日，影像內機車騎士讓幼童站立前踏板，於路邊臨停之際，幼童誤觸油門往前暴衝致摔車，惟目前轄區派出所尚未接獲民眾報案。請繼續往下閱讀...苗栗警分局呼籲，機車載人應遵守「1人為限」且「後座載人」原則，孩童站在前踏板不僅擋住視線，發生事故時更會成為駕駛與車頭間的緩衝物，極易造成重傷。停車時務必養成「熄火、拔鑰匙、下車」的標準流程，才能有效避免類似的事故發生。摔車後，騎士抱起幼童。（圖由警方提供）    ,https://news.ltn.com.tw/news/society/breakingnews/5544791
中山高三重段昨晚4車連環撞 疑回堵反應不及釀禍,社會,2026/08/19 11:22,中山高新北市三重段傳出四車連環撞，所幸無人受傷，車禍肇因仍待進一步調查釐清。（記者吳仁捷翻攝）中山高新北市三重路段傳出車禍，警方獲報到場，發現4車連環車禍，其中一車因猛烈撞擊，在車道上迴轉180度，警方調查，為陳姓女駕駛疑未注意車前動態，追撞前方田男駕駛車輛，再波及兩輛貨車，所幸車上乘客都繫上安全帶，無人受傷，也沒有酒駕，但這起事故造成後方回堵，車禍肇因仍待進一步調查釐清。國道一隊於18日晚間10時10分獲報，中山高南下24.4公里台北、三重交界路段傳出多車事故，警方派遣警力，轉報高公局交控中心撞車前往警戒。請繼續往下閱讀...警方調查車禍原因，發現45歲的陳姓女子駕駛轎車，行駛中山高南下24.4公里台北、三重路段，因前方車流回堵，陳女疑未注意前方動態，追撞46歲田姓男子駕駛休旅車，再波及另2輛客貨車，共4部車事故，所幸各車駕駛及乘客均有依規定繫上安全帶，無人受傷，各車駕駛人酒測值皆為零，現場於晚間11時許排除，確切肇事原因仍待警方進一步釐清。國道一隊呼籲用路人，應遵守交通規則，行車應保持安全距離，開車上路前要養足精神，隨時注意前方動態，不要疲勞駕駛，遇車流回堵開啟危險警示燈警示後車，不論駕駛或是前、後座乘客均應繫妥安全帶，以免遇到狀況應變不及。中山高新北市三重段傳出四車連環撞，所幸無人受傷，車禍肇因仍待進一步調查釐清。（記者吳仁捷翻攝）中山高新北市三重段傳出四車連環撞，所幸無人受傷，車禍肇因仍待進一步調查釐清。（記者吳仁捷翻攝）中山高新北市三重段傳出四車連環撞，所幸無人受傷，車禍肇因仍待進一步調查釐清。（記者吳仁捷翻攝）中山高新北市三重段傳出四車連環撞，所幸無人受傷，車禍肇因仍待進一步調查釐清。（記者吳仁捷翻攝）中山高新北市三重段傳出四車連環撞，所幸無人受傷，車禍肇因仍待進一步調查釐清。（記者吳仁捷翻攝）中山高新北市三重段傳出四車連環撞，所幸無人受傷，車禍肇因仍待進一步調查釐清。（記者吳仁捷翻攝）    ,https://news.ltn.com.tw/news/society/breakingnews/5544798
土地尾款談不攏遭嗆「叫兄弟來」 南投農夫怒抽番刀砍人下場曝 ,社會,2026/08/19 11:03,台中高分院維持曾男判刑2年原判，全案仍未確定。（資料照）南投縣曾姓農夫因土地買賣尾款與邱姓男子發生糾紛，討錢時又遭對方嗆聲，情緒失控持番刀朝邱男胸腹揮砍，造成對方多處穿刺傷，曾男辯稱只是想「教訓」對方，沒有殺人意思，一審認定難證明殺人犯意，依傷害罪判刑2年，台中高分院近日審結，駁回上訴。經查，曾男於去年8月30日上午11時許，駕車前往邱男位於南投縣住處討土地尾款，當時邱男正在屋外整理植栽，曾男下車時，還特別以毛巾包覆一把務農用番刀，雙方碰面後談起欠款問題，卻越講火氣越大，最後爆發口角，爭執過程中，邱男一句「叫兄弟來討，不然要怎樣」，讓曾男怒火瞬間升高，竟抽出番刀朝邱男胸部、腹部接連揮刺。請繼續往下閱讀...邱男見狀急忙閃避跌倒受傷，仍拚命逃離現場，曾男一度持刀追趕，最後未能追上，才駕車離開，邱男事後就醫，發現前胸壁、後胸壁都有穿刺傷，腹壁也有開放性傷口，所幸刀傷未傷及重要臟器，經治療後保住性命。檢方認為，曾男持利刃接連攻擊人體胸腹等要害，依殺人未遂罪起訴，南投地院審理後認為，曾男造成的傷口僅約1至3公分，沒有深入胸腹腔，而且邱男倒地後也沒有繼續持刀攻擊，改依傷害罪判處2年徒刑，檢方主張原判改認傷害罪並不妥當，曾男也上訴求減刑、宣告緩刑。台中高分院審酌後認為，一審認事用法及量刑均無違誤，且曾男至今未與邱男和解，不宜宣告緩刑，因此雙方上訴均駁回，維持2年徒刑原判，檢方就殺人未遂罪部分仍得提起上訴，全案尚未確定。    ,https://news.ltn.com.tw/news/society/breakingnews/5544770
懷疑偷錢！​桃園男持「菜刀+水果刀」砍殺老母 婦滿身血衝鄰居家求救,社會,2026/08/19 11:00,​桃園男持「菜刀+水果刀」砍殺老母，婦人衝鄰居家求助保住一命，檢方近日將男子起訴，移審國民法官法庭。（資料照）桃園市51歲劉姓男子疑似懷疑媽媽偷錢，今年3月4日清晨持菜刀砍殺睡夢中的媽媽，劉母驚醒後徒手阻擋，逃跑時又遭兒子持水果刀追殺，劉母衝到鄰居家求助才保命，警方獲報趕抵逮人，當場扣得雙刀，桃園地檢署近日依家暴殺害直系尊親屬未遂罪嫌起訴，全案移審國民法官法庭。劉男於當天清晨6點多趁媽媽熟睡之際，持菜刀闖入房間，朝媽媽頭部連砍3刀，當場血跡四濺，劉母驚醒後以徒手阻擋，搶下兒子手中菜刀，負傷往住處1樓逃跑。請繼續往下閱讀...劉男未就此罷休，跑進廚房拿取水果刀持續追殺，劉母右手指遭砍到韌帶斷裂，雙手有多處刀傷及擦挫傷，全身是血飛奔鄰居住處求救，鄰居緊急打電話報案，警方到場當場扣得劉男犯案用菜刀及水果刀，劉母經送醫才保住一命，劉男則被移送法辦。劉男疑似懷疑媽媽偷錢而起殺機，起訴指出，劉男所為涉犯刑法對直系血親尊親屬犯殺人未遂罪嫌，同時構成家庭暴力防治法家庭暴力罪，近日將他提起公訴並移審國民法官法庭。    ,https://news.ltn.com.tw/news/society/breakingnews/5544785
查太子集團揪出共諜！國安局退役中校涉帛琉博弈 手機成關鍵,社會,2026/08/19 10:49,國安局退役軍官、帛琉某度假村負責人石濱芳。（資料照）太子集團洗錢案意外牽出共諜！台北地檢署追查集團在台洗錢網絡，因國安局退役中校石濱芳涉協助在帛琉經營博弈、洗錢據點，搜索並查扣其手機，檢視數位資料時意外發現石男疑替中共情蒐；因其住居所位於新竹，北檢將線索移由新竹地檢署偵辦，竹檢偵結後依違反國家情報工作法起訴。石濱芳早年曾任職國安局，為校級軍官，退伍已有20餘年，之後前往帛琉從事旅遊相關事業，也曾受周刊專訪。請繼續往下閱讀...太子集團由陳志創立，美國司法部指控集團在柬埔寨經營大規模詐騙園區，以強迫勞動從事加密貨幣投資詐騙，並透過旗下企業、空殼公司及虛擬資產等多重管道洗錢；美國財政部並將太子集團列為跨國犯罪組織。 北檢今年3月偵結太子集團在台洗錢案，認定集團在台洗錢逾107億元，起訴陳志等62人及13家公司，查扣豪宅、名車等資產逾55億元。北檢追查在台洗錢網絡期間，又從集團遊艇動向一路查到帛琉。檢調發現，太子集團4艘遊艇曾於2020年至2025年間頻繁停靠基隆碧砂漁港，之後駛往帛琉；新冠肺炎疫情期間，集團並透過旅遊業者牽線，以當地渡假村、觀光娛樂事業為掩護設立跨國網路博弈據點及「水房」，透過賭博、兌碼等方式漂白資金。石濱芳因涉嫌提供場地、協助相關運作，遭北檢列為被告，並在搜索行動中查扣其手機。據了解，檢調後續檢視手機資料時，意外發現案情不只涉及太子集團洗錢，更牽出其為中共從事情報工作的線索。因石男住居所位於新竹，北檢考量案件管轄，因此將情資另案移由新竹地檢署偵辦；竹檢偵查認定，石濱芳離開國安局後，涉嫌替境外敵對勢力刺探、蒐集並交付非機密資訊，偵結後依法提起公訴。美國財政部先前公布的制裁資料即已點出太子集團在帛琉的布局，指陳志控制的Grand Legend International Asset Management位於帛琉，並與當地豪華度假村網絡有所連結。 此次我檢調從太子集團洗錢案追進帛琉，再因搜索石濱芳取得手機資料，意外另扯出退役國安情報人員涉共諜案。    ,https://news.ltn.com.tw/news/society/breakingnews/5544749
整排車遭殃！中壢男深夜開車疑疲勞駕駛衝對向連撞8輛汽機車,社會,2026/08/19 10:47,鄧男疑似疲勞駕駛，白色豐車轎車不慎偏離衝向對向車道，撞擊停放於對向停車格內的2輛汽車、6輛機車，共8輛車受損。（警方提供）桃園市中壢區吉林北路昨（18）日深夜11時34分許發生車禍，一名鄧姓男子疑似疲勞駕駛，整台白色豐田轎車偏移撞向停在路邊的整排汽機車。中壢警分局調查表示，該起事故波及停在路邊停車格的2輛汽車、6輛機車，共8輛車受損，所幸無人傷亡。中壢警分局中壢交通中隊小隊長王國祥今日說明，鄧姓男子當時駕車沿中壢區吉林北路往忠孝路方向直行，行經事故地點時疑似因疲勞駕駛，車輛不慎偏離衝向對向車道，撞擊停放於對向停車格內2輛汽車及6輛普通重型機車，造成多車輛車身受損，現場無人受傷。請繼續往下閱讀...案經警方對當事人實施酒測檢查，酒測值為0。有關詳細肇事原因及責任歸屬，尚待警方進一步調查釐清。中壢警分局長林鼎泰呼籲，駕駛人行車前應充分休息，切勿疲勞駕駛，若精神不濟時，應選擇安全處所停車休息，待精神恢復後再行上路，以確保自身及其他用路人的生命財產安全。鄧男疑似疲勞駕駛，白色豐車轎車不慎偏離衝向對向車道，撞擊停放於對向停車格內的2輛汽車、6輛機車，共8輛車受損。（警方提供）鄧男疑似疲勞駕駛，白色豐車轎車不慎偏離衝向對向車道，撞擊停放於對向停車格內的2輛汽車、6輛機車，共8輛車受損。（警方提供）鄧男疑似疲勞駕駛，白色豐車轎車不慎偏離衝向對向車道，撞擊停放於對向停車格內的2輛汽車、6輛機車，共8輛車受損。（警方提供）鄧男疑似疲勞駕駛，白色豐車轎車不慎偏離衝向對向車道，撞擊停放於對向停車格內的2輛汽車、6輛機車，共8輛車受損。（警方提供）    ,https://news.ltn.com.tw/news/society/breakingnews/5544771
高雄警嗆妻「殺光你全家」 起因竟是老婆向同鄉炫耀「老公是警察」,社會,2026/08/19 10:33,王姓警員因不滿泰籍妻子向同鄉友人宣揚警察職業，還說「可幫忙處理事情」，導致自己遭上級調查暴怒嗆殺妻。（資料照）王姓警員因不滿泰籍妻子向同鄉友人宣揚警察職業，還說「可幫忙處理事情」，導致自己遭上級調查，王男暴怒傳送連串英文死亡簡訊威脅「殺光妳全家」，被法官依恐嚇危害安全罪判拘役40日，得易科罰金。判決指出，2025年10月間，王姓員警因不滿泰國籍妻子自作主張，向同鄉友人透露其警察身份，甚至聲稱可幫忙處理事情，導致王男遭上級單位調查列管。請繼續往下閱讀...王男暴怒，竟在短短7分鐘內，透過LINE繼續傳送「Your family will die」（妳家人會死）、「I will go to Thailand to kill your family」（我要去泰國殺妳全家）、「I will kill you」等多條英文簡訊，讓泰妻驚恐不已並提告家暴恐嚇，兩人隨後於今年2月離婚。高雄地方法院審理時，王男坦承傳訊，但矢口否認恐嚇，辯稱是遭受家暴且遭列管後情緒崩潰，傳送惡言僅是「發洩」，對方並未心生畏懼。法官認為，訊息內容客觀上已足使一般人感受生命受威脅，且王男身為警務人員，對於文字恐嚇效果不可能不知情，前妻事後雖具狀撤回告訴表示不追究並幫求情，但王男身為執法人員知法犯法，犯後否認犯行、未見悔意，不同意給予緩刑，依恐嚇危害安全罪判拘役40日，得易科罰金。    ,https://news.ltn.com.tw/news/society/breakingnews/5544735
無颱風登陸「虎頭蜂特別凶」！花蓮農民遭蜂螫昏迷送醫獲救,社會,2026/08/19 10:25,花蓮萬榮鄉西林村農民除草時遭虎頭蜂螫傷，消防人員將意識不清的農民（圖右紫色上衣）抬到林道上，轉救護車送醫。（消防局提供）屏東縣滿洲鄉出風鼻才發生虎頭蜂造成2死1傷，花蓮萬榮鄉西林村17日下午也發生農民上山在檳榔園除草時，遭到虎頭蜂攻擊螫傷，同行親友馬上打119報案，遭蜂螫農民一度意識不清半昏迷，所幸經過急救後到醫院恢復意識。蜂螫事件發生在萬榮鄉西林林道2.5K，農民在檳榔園除草時，突然有蜂群出沒叮咬人，身上連續被叮4、5處傷口，花蓮縣消防局獲報派遣鳳林、萬榮分隊6人入山搜救，抵達現場時該名農民已經陷入半昏迷、意識不清的狀態，且呼吸急促有低血壓症狀。請繼續往下閱讀...現場搜救人員立即給予高濃度氧氣、肌肉注射腎上腺素0.3毫克及靜脈注射生理食鹽水，避免發生休克症狀，再由人員將男子從山坡農地搬運到產業道路上，轉救護車送往台北榮總鳳林分院，幸好到醫院後恢復意識。當地農民說，依照往年經驗，沒有颱風登陸的年份，山區虎頭蜂巢沒颱風來幫忙清理，數量會比有颱風的年份多，農民也分享遇到虎頭蜂靠近時，千萬不要動手揮打以免激怒蜂群，有些農民則是攜帶殺蟲劑保護自己。花蓮縣消防局表示，入秋後虎頭蜂是警戒性最強的時候，提醒民眾在戶外活動及工作時，要提防蜂螫的風險，在山區勿喧嘩、隨時留意虎頭蜂偵查蜂是否已經在周遭巡邏，如有發現千萬不要拍打驅趕，如遭叮咬可用衣服包住頭臉、頸部，低身大步往回逃跑，千萬不可停留在現場。花蓮萬榮鄉西林村農民除草時遭虎頭蜂螫傷，整個人癱坐在地陷入意識不清，消防局人員到場為他施打腎上腺素。（消防局提供）立秋過後虎頭蜂活躍，入山活動務必小心，圖為喜歡築巢在地下洞穴的雙金環虎頭蜂，俗稱黑尾虎頭蜂，偶而也會闖入民宅的空紙箱內築巢。（記者花孟璟攝）    ,https://news.ltn.com.tw/news/society/breakingnews/5544731
涉毒品案被查扣 德國進口百萬露營外掛車8/24拍賣,社會,2026/08/19 10:22,拍賣拖車去年才出廠，保存良好。（圖由行政執行署宜蘭分署提供）基隆地檢署近期偵辦1起運毒闖關的毒品案件時，查扣1輛露營拖車，經被告同意後，決定進行變價拍賣。執行署宜蘭分署表示，該拖車去年出廠，上下床舖、衛浴設備、廚房、冰箱及沙發應有盡有，車況良好，且稅金均已繳納，喜歡露營的民眾千萬別錯過。該車預計於8月24日上午進行拍賣，21日會先開放賞車，歡迎民眾到場賞車。主任執行官鄧順生指出，該車為德國進口的Hobby露營拖車，因涉及運毒案件，繳交相關稅金後，在放行時被檢調查扣，已完成報關流程，惟尚未進行車輛測試、驗車、領牌；且該車為後掛式車廂，若要拖到露營區使用，駕駛者須具備拖車執照。請繼續往下閱讀...鄧主任表示，倘若家中開設民宿，或是有空地可以擺放，可以當作小型套房，體驗露營的感覺。且為了讓民眾能夠近距離賞車，預計將於8月21日（週五）上午9時30分起至10時30分在調查局基隆市調查站停車場開放賞車，只需持身分證登記後就可進入。民眾欣賞後若有購買意願，可參加8月24日（週一）上午10時的拍賣會，拍賣之前必須先完成資料填寫、領取號碼牌，並繳納保證金20萬元始得競價。據悉，該輛拖車在台售價從120萬至150萬元不等，依照內裝設備等級，有所價差，但因愛好者較為小眾，當日拍賣價格，很有可能會低於市價不少。拖車內衛浴設備完善。（圖由行政執行署宜蘭分署提供）車內有上下舖。（圖由行政執行署宜蘭分署提供）    ,https://news.ltn.com.tw/news/society/breakingnews/5544696
土地違規開挖挨罰6萬 地主塞白信封「給你們喝個涼水」遭訴,社會,2026/08/19 10:17,高男為求順利過關，竟將裝有6000元現金的白色信封交給承辦人員，並稱「給你們喝個涼水」。僅示意圖，非本案新聞。（資料照）高姓男子所有的新北市土地遭違規開挖，市府依法裁罰6萬元並要求限期改善；未料複查當天，高男為求順利過關、讓案件「到此為止」，竟將裝有6000元現金的白色信封交給承辦人員，並稱「給你們喝個涼水」。台北地檢署偵結，依「貪污治罪條例」不違背職務行賄罪起訴高男。起訴指出，新北市政府農業局山坡地保育科林姓約僱人員，負責轄區新北市新店、石碇、烏來及雙溪等違規案件查報、取締等業務，屬依法令服務於地方自治團體所屬機關、具有法定職務權限的公務員；高男則為該筆土地的所有權人。請繼續往下閱讀...高男的張姓友人在2024年1月26日前某日，未經許可擅自開挖新店區思源路一筆土地，經林男會勘調查，新北市政府同年6月認定違反水土保持法相關規定，裁罰6萬元，並命限期改善。同年8月28日上午，林男再前往現場辦理改善複查會勘。檢方查出，高男為使複查過程順利通過，並希望複查「到此為止」，在會勘即將結束前，於上午11時40分許拿出一只白色信封袋，內裝6張千元鈔票、共6000元現金交給林姓承辦人，並稱「給你們喝個涼水」，企圖作為通過複查的對價。林男事後將6000元現金及白色信封袋交給所屬機關政風室，全案再由廉政署移送偵辦；檢方偵結認定，高男涉犯「貪污治罪條例」不違背職務行為交付賄賂罪嫌，後依法提起公訴。    ,https://news.ltn.com.tw/news/society/breakingnews/5544721
​沒財產、零存款躲執行？​桃園酒駕男積欠26萬罰鍰 錢一進帳秒被執行署抓包扣走,社會,2026/08/19 10:15,​桃園男因3度酒駕又無照等違規，累積欠下26萬罰鍰未繳，近日有錢進帳秒被執行署抓包扣走，他急赴桃園分署辦理分期清償。（桃園分署提供）桃園市40歲顧姓男子10年內3度酒駕挨罰21萬元，加上其他交通罰鍰共積欠26萬元，他遲遲未繳而被移送強制執行，原本顧男名下無財產、帳戶也無存款難以查扣，但法務部行政執行署桃園分署近日發現他帳戶有存款入帳，隨即強制扣得1萬元，顧男才緊急請求分期繳納欠款。顧男因10年內3度無照又酒駕，被交通部公路局新竹區監理所裁罰21萬元，另積欠無照、未繳停車費等罰鍰，累計欠款26萬餘元，案件自2024年移送桃園分署執行後，分署多次執行其名下存款均無著，直到今年才陸續扣得零星款項。請繼續往下閱讀...今年8月間執行人員查得顧男帳戶有存款，立即核發扣押命令扣得1萬餘元，顧男隨即致電分署表示，這些帳戶是平時用來繳納保費的，若遭凍結將造成很大困擾，請求改以分期方式繳納欠款。桃園分署收取扣得款項後，因查無顧男其他財產所得資料，遂同意其以每月3萬5000元分期清償，聯繫過程，顧男也坦言長期深受酒癮困擾，執行人員即向他介紹酒癮治療轉介服務，顧男表示願意嘗試，並感謝執行人員協助，更提到已深切反省過去酒駕行為，今後一定不再犯。桃園分署呼籲，酒駕不僅危及自身及其他用路人生命安全，酒駕罰鍰、使用牌照稅及停車費等交通相關公法債權也應依限繳納，切勿心存僥倖而置之不理，以免遭移送行政執行。    ,https://news.ltn.com.tw/news/society/breakingnews/5544700
半夜人間蒸發！8旬翁奔警局求救 兒「裸半身受困大排5小時」奇蹟獲救,社會,2026/08/19 10:10,警方架梯子救援落水男子。（民眾提供）台中市梧棲1名8旬的老翁於昨日清晨5時許，向清水警分局梧棲所報案，老翁表示其兒子平時精神狀況不穩定，前晚上外出後未歸，請求警方協助尋找。警方動員尋找，在梧棲大排發現半身赤裸的男子受困於水深及腰水中，送醫治療已返家休養。警方指出，梧棲所員警李振榮、蔡宜妏獲報後，第一時間先安撫老翁不安的情緒，並仔細詢問失蹤男子的衣服穿著特徵、行走方向與可能經過的路線，警方隨即展開分工行動，11名員警前往男子住家周邊調閱路口監視器，另名員警則前往可能去向進行實地搜尋。請繼續往下閱讀...當員警巡視至男子住家不遠處的大排水溝時，隱約傳出喊叫聲，員警立即下車查看，赫然發現一名上半身赤裸的男子受困於水深及腰的排水溝中，經比對特徵，確認該名男子正是老翁失蹤的兒子，警方隨即通知消防救護人員到場，同時聯繫老翁到場。救護人員趕抵現場後，研判男子落水應該5個小時以上，因排水溝護岸高度過高無法直接拉提，便迅速搭建消防長梯下溝展開救援，順利將男子救起，經現場救護人員初步檢視，男子意識清楚，僅全身受有輕微擦挫傷，無生命危險，經送醫治療與檢查後已無大礙，目前已返家休息。男子向警消表示，自己係因夜間天色昏暗，無法表達清楚如何滑落排水溝中。事後趕到現場的老翁見兒子平安無事，對警方與消防人員的全力尋救表達由衷感謝。    ,https://news.ltn.com.tw/news/society/breakingnews/5544612
轉傳少女性愛片  律師求情失敗「無同情餘地」判坐牢,社會,2026/08/19 10:08,高雄男散布未成年少女性愛影片被判刑1年2月。（示意圖、資料照）男子大壯（化名）透過臉書假帳號，將一名未成年少女的性交影片及照片上傳至臉書熱門粉專供人觀看，被害女報警求援，由於大壯未與被害人和解，法官打臉律師「情堪憫恕」的減刑主張，重判大壯徒刑1年2月。判決指出，2023年4月間，大壯在網路取得一名未滿18歲少女於2020年間與他人性交的影片及照片。大壯明知少女拍攝時為未成年人，竟在左營區住處，使用臉書帳號，將性影像直接上傳至臉書知名粉專，供不特定網友瀏覽，少女從友人口中得知此事，驚覺私密影片外流出，連忙報警提告，警方循IP鎖定大壯查緝到案。請繼續往下閱讀...高雄地院審理期間，大壯坦承犯行，律師也幫忙緩頰，具狀請求依刑法第59條「情堪憫恕」減刑。但法官嚴詞駁回指出，現今網路資訊傳播極為迅速，性影像一旦散布，對未成年人的身心健康與人格發展將造成深遠且難以撫平的二次傷害；大壯雖有調解意願，但最終未能與被害人達成和解撫平傷害，並無任何特殊原因或客觀上足以引起同情之處，絕無「情輕法重」的情形，因此依違反兒少法判1年2月，可上訴。    ,https://news.ltn.com.tw/news/society/breakingnews/5544704
嫩媽殺嬰背後悲慘遭遇  被乾爸當人頭欠千萬還幫前男友作保買賓士,社會,2026/08/19 09:55,台中夏姓女子（左）前年將剛出生的兒子推落11樓慘死，國民法庭審理時揭露，不但被當人頭開公司欠千萬，還幫前男友貸款買賓士作保。（資料照，民眾提供）台中夏姓女子（24歲），前年11月凌晨，在房間產下一名足月男嬰，卻將他從11樓窗框推下墜落花圃慘死，檢方依殺人罪起訴，本週台中地院國民法庭密集審理，檢方提示的證據顯示，夏女不但被乾爸乾媽當人頭開公司欠下千萬債務，莊姓前男友也用阿嬤名義貸款百萬買賓士C300，卻要夏女當保證人，夏女並當庭大哭翻供，自己每月只拿到1萬還要養小孩，錢都是乾爸乾媽支配，全案今天將宣判。檢警調查，夏女和莊姓男子交往，先在2023年9月生下長女，兩人後來在2024年3月分手，不過當時夏女已經懷有身孕，並在前年11月28日凌晨3點多，在太平區住處11樓的房間內，產下足月的男嬰，不料卻和莊男爭吵，一氣之下，以毛毯包裹有生命跡象的男嬰，先放置在11樓房間窗框，再將男嬰向外推落，墜落社區花圃不治，台中地檢署偵辦後，依成年人故意對兒童為殺人罪起訴。請繼續往下閱讀...台中地院國民法庭本週審理，檢方提示的證據可見，夏女疑被乾爸乾媽當人頭，開公司當負責人，積欠7件支付命令與1件民事求償，合計1007萬餘元。此外，在案發前，前莊姓男友（男嬰生父）要自己的阿嬤，協助辦理車貸買賓士C300，並要夏女擔任保人，共貸款100多萬，莊男後來沒付款，都是阿嬤負責。且夏女發現超貸的20萬元，不但沒有拿來協助養女兒，反而拿去養女人，雙方因此發生爭吵，才會在生下小孩後，將他從11樓推落。夏女在警詢筆錄時曾表示當負責人的貸款金額可分一半，但審理時卻當庭大哭翻供，表示銀行帳戶都由乾爸乾媽掌握，自己一毛都沒拿到，每月僅有1萬元可支應生活與養女兒，當初是用自己名義貸款，目前還有約700萬債務。夏女辯護人表示，這是一個傻女孩、單親媽媽失慮犯錯的故事，雖有犯錯但是因有「不得已的事由」，主張觸犯刑度較輕的「生母殺嬰罪」爭取緩刑。    ,https://news.ltn.com.tw/news/society/breakingnews/5544691
高雄員警深夜關心路人  意外查獲通緝犯,社會,2026/08/19 09:54,楠梓警方深夜關懷莊姓男子，竟是竊盜通緝犯。（民眾提供）高雄市警方發現莊姓男子深夜徘徊楠梓區藍田路與德中路口，主動上前關心是否需要協助，不料確認身分與安全狀況後，竟是竊盜通緝犯，當場將他逮捕歸案。楠梓警分局員警前天深夜巡邏經過楠梓區藍田路與德中路口，發現莊姓男子深夜獨自站在路旁徘徊，且神情有些許不安，警方基於深夜民眾安全考量，主動上前關心莊男是否需要協助？請繼續往下閱讀...不料警方進一步查證莊男（62歲）身分，竟是台南地檢發布竊盜通緝犯，剛通緝1週時間，莊男渾然不知被通緝，從台南來到高雄，流落街頭徘徊，警方當場逮捕莊男，將他帶回加昌所偵辦，警訊後將他解送台南地檢署歸案。楠梓警分局表示，警方除全力維護治安外，也秉持熱心服務、關懷市民精神，落實強化巡邏與安全維護，打造安心的居住環境。    ,https://news.ltn.com.tw/news/society/breakingnews/5544695
秀裸照硬塞千元「來一發」  高雄惡仲介當庭認罪賠錢換緩刑,社會,2026/08/19 09:48,高雄一名惡仲介對外籍女看護伸狼爪，事後掏錢換和解免坐牢。示意圖（資料照）高雄一名人力仲介利用帶外籍女看護接洽新雇主空檔，將對方帶回住處看裸照、塞千元鈔揪「來一發」，惡仲介原本否認犯案，但法院審理時改口認罪，並當場掏錢賠償和解，被法官依強制猥褻罪判刑6月、緩刑2年。判決指出，去年8月，惡仲介接送外籍女看護瑪麗（化名）前往新雇主家前，利用交接空檔將瑪麗帶回鳳山區的住處。當晚，惡仲介在房內拿出裸照與色情影片逼瑪麗觀看，並硬塞1千要求發生性關係。請繼續往下閱讀...瑪麗拒絕後，甲男色心不減，先撫摸她大腿，隨後更從後方強行環抱、拉扯要求同睡，折磨長達1小時，直到瑪麗趁隙以視訊電話向丈夫及前雇主求救才驚險脫困。檢警偵查時，惡仲介鬼扯「看裸照是確認國籍」、「給千元是打掃費」，否認犯行，但檢方不採信說詞起訴；高雄地方法院審理時，惡仲介態度大改，不但當庭認罪，更直接掏出錢與瑪麗達成和解。法官審酌，惡仲介雖利用職權侵害外籍看護性自主權，但犯後知錯認罪，且已盡力彌補被害人損害，依強制猥褻罪判徒刑6月，得易科罰金，另宣告緩刑2年，可上訴。    ,https://news.ltn.com.tw/news/society/breakingnews/5544686
太熱了！高雄交警採購涼感小物對抗高溫,社會,2026/08/19 09:46,交警在烈日下執勤，抗熱小物有助於降低熱危害風險。（高雄市交通大隊提供）炎炎夏日在烈日下執勤相當辛苦，為降低熱危害風險，高雄市警局交通警察大隊特別採購運動飲料補充粉、涼感濕紙巾配發至各分隊，供外勤同仁隨時補充電解質與物理降溫，全力打造更友善的抗熱執勤環境。今年警察節前夕，義交大隊大隊長吳俊毅特別致贈一批可攜式微型隨身電扇，這次則由交通大隊添購運動飲料補充粉、涼感濕紙巾，希望能夠讓交警在酷暑中獲得即時舒緩，有效預防熱危害發生。請繼續往下閱讀...高雄市交通警察大隊長劉清俊表示，交通大隊將持續關注同仁的執勤環境與健康需求，落實各項防熱措施與後勤支援，讓全體同仁能以最佳狀態守護高雄市民的用路安全。    ,https://news.ltn.com.tw/news/society/breakingnews/5544678
沉淪毒海近20年翻轉人生 更生人重返監獄分享心路,社會,2026/08/19 09:33,基隆監獄邀請曾沉淪毒海近20年的更生人高肇良擔任講師，分享心路歷程（記者吳昇儒翻攝）農曆七月是佛教的吉祥月、歡喜月也是孝親月，基隆監獄典獄長黃正勇為了鼓勵收容人把握生命，昨日特別邀請慈濟慈善基金會志工舉行祈福會活動，並邀請曾沉淪毒海近20年的更生人高肇良擔任講師，專題演講「窗外有藍天」，分享心路歷程，該段心路歷程不只被寫成書更拍成電視劇，希望藉此鼓勵收容人。基隆監獄典獄長黃正勇表示，高肇良過去因染毒頻繁進出監獄，青春歲月幾乎都在鐵窗內度過，然而他並未因此自我放棄，出獄後徹底悔悟，把自己的心路歷程出版自傳「阿良的歸白人生」更被改編成電視劇，激勵無數人心。希望透過專題演講的機會，讓收容人瞭解人生過程總會起起伏伏，當中亦有失敗、有折磨、有喜悅，惟有自我反省、蛻變、悛悔向善、復歸，才能活出人生的價值。請繼續往下閱讀...黃正勇說，特別感謝慈濟志工付出，讓收容人體認到生命的價值，重獲新生的祈念，並領悟做人基本道理是盡孝道，關懷父母讓父母安心才是真孝順；讓自己啟發自覺，悔悟向善，在復歸更生後，也能走出光明大道。 基隆監獄典獄長黃正勇（左）邀請慈濟志工為收容人開導、祈福。（記者吳昇儒翻攝）收容人參加吉祥月祈福活動。（記者吳昇儒翻攝）    ,https://news.ltn.com.tw/news/society/breakingnews/5544634
比丘尼不滿被擋揮功德箱打志工 辯「只是嘟過去」判3月,社會,2026/08/19 09:18,73歲陳姓比丘尼拿功德箱揮打受天宮疏導交通的男志工，志工倒地後繼續踹、打，被人拉開後還繼續要打。（民眾提供）7旬比丘尼在名間鄉受天宮牌樓前化緣，不滿廟方1男性交通志工擋到功德箱，影響信眾投錢，怒拿功德箱揮打，對方倒地還繼續踹打，致志工頭、胸多處受傷提告，南投地院審理時，她辯稱當時只是把功德箱「嘟過去」，甚至法庭上還繼續罵對方，法官審酌，她已不是首次犯案，以傷害罪名判刑3月。這名73歲陳姓比丘尼，今年3月8日下午1點多，在知名的名間鄉松柏嶺受天宮牌樓前化緣，她拿功德箱坐在椅子上，1男性廟方志工站在她的前方管制人車進出，她認為志工擋到她，影響信眾投錢，拿起功德箱用力揮打男志工的背部、手臂，男志工踉蹌跌倒，她繼續用功德箱打志工的頭部、手臂和背部，後被現場的人拉開才停手，警方獲報後到場，也將該比丘尼帶回派出所。請繼續往下閱讀...男志工後來就醫持驗傷單提告傷害，陳姓比丘尼否認打人、踹人，辯稱「只是功德箱嘟過去」，男志工是自己倒地翻滾而受傷，後來在法庭上堅稱自己沒錯，還怒罵志工「沒路用」等貶損話語由於陳姓比丘尼已非第一次用功德箱打人，去年12月就在彰化縣拿功德箱打傷被她認為「擋道」的賣菜婦人，兩人大打出手都被判拘役，此次她否認犯行還拒不和解，南投地院法官近日以傷害罪名判處有期徒刑3個月。全案仍可上訴。    ,https://news.ltn.com.tw/news/society/breakingnews/5544623
稱想買東西沒交通工具 男子偷車代步1分鐘就被逮,社會,2026/08/19 08:46,員警盤查時發現劉男神情慌張且無法交代車輛來源，進一步追問後，劉男竟坦承機車是1分鐘前才剛偷來代步用的。（記者鄭景議翻攝）42歲劉姓男子2日凌晨騎乘機車行經台北市南港區忠孝東路6段188巷口時，因為紅燈違規迴轉遭巡邏員警攔查。員警盤查時發現劉男神情慌張且無法交代車輛來源，進一步追問後，劉男竟坦承機車是1分鐘前才剛偷來代步用的，當場遭南港分局警方依竊盜現行犯逮捕，訊後移送士林地檢署偵辦。警方表示，當時員警正在執行巡邏勤務，巡經忠孝東路6段188巷口時，目擊劉男騎著機車無視紅燈直接違規迴轉，行徑相當危險，員警隨即上前將他攔停盤查。請繼續往下閱讀...員警查驗身分與車籍資料時，發現劉男眼神閃爍、應答結巴，問到機車車主身分時更是支吾其詞。在員警質疑下，劉男眼看無法隱瞞，才當場坦承自己因為想要外出買東西，苦於身上沒有交通工具，於是拿自己的舊鑰匙嘗試發動路邊的老舊機車，成功發動其中1台後騎走，沒想到才剛騎上馬路短短1、2分鐘就撞見警察。劉男還聲稱自己「騎完會再停回去」。警方隨後聯繫機車車主求證，車主接獲通知才驚覺車子遭竊，並表明完全不認識劉男。警方隨即將劉男上銬逮捕，全案訊後依涉嫌竊盜罪移送士林地檢署偵辦。南港分局呼籲，民眾應妥善保管個人財物並注意防竊，切勿因一時貪圖方便或僥倖心態偷竊他人財物，警方將持續加強巡邏與打擊不法，維護市民財產安全。    ,https://news.ltn.com.tw/news/society/breakingnews/5544604
提30萬要「看牙」講不出診所！彰化警一招秒破詐團教戰劇本,社會,2026/08/19 08:14,女子提30萬扯「看牙」卻講不出診所名稱，員警識破詐團教戰劇本。（警方提供）提領大額現金竟扯出隱藏版詐騙劇本！一名28歲女子前往銀行欲提領55萬元現金。面對行員關切，謝女對答如流地表示：「25萬要付預售屋簽約款，30萬要拿去矯正牙齒。」看似極為合理的個人開銷，卻在警方的「精準查證」下秒速破功，揭開背後隱藏的假投資陷阱。彰化警分局今天（19日）指出，女子日前臨櫃提領55萬元現金，並表示預售屋簽約款25萬元、牙醫矯正費30萬元。行員憑藉敏感度，察覺提領用途與金額組合有異，第一時間通報警方。請繼續往下閱讀...彰化分局中正派出所警員邱彥勛、陳裕家及實習警員莊育萱接獲通報後，火速趕抵銀行。員警為確保萬無一失，現場展開「雙軌查證」，打電話聯繫建設公司，證實女子確實有25萬元預售屋約定款需支付，但當進一步詢問診所名稱、預約就診時間及付款方式時，女子卻語塞、前後說詞矛盾。見謝女支吾其詞，員警表示：「沒關係，我們幫您打給牙醫診所確認細節！」眼看演不下去，女子當場心虛認錯，坦承還沒去過診所，也沒有約定支付30萬元。警方追查發現，女子過往曾有帳戶被列為警示帳戶的紀錄，早已被列為重點關懷對象。警方研判其疑遭詐騙集團洗腦，甚至被教導「若行員詢問，就用買房、看牙等合理理由應付」。員警現場出示近期常見的假投資詐騙案例，女子聽完恍然大悟，驚覺自己差點掉入詐騙集團的圈套，當下決定取消提領30萬元，僅提領確實需要的購屋款，成功保住辛苦積攢的血汗錢。女子遭詐騙，員警耐心分析詐團手法後保住積蓄。（警方提供）    ,https://news.ltn.com.tw/news/society/breakingnews/5544576
性侵羅生門！ 被告和14歲少女大翻供 法官依DNA鐵證判刑,社會,2026/08/19 08:03,高雄男廟會結識14歲的少女，並將其帶回租屋處發生性關係。（情境照）高雄市一名男子在廟會結識年僅14歲的少女，並將其帶回租屋處發生性關係。此案在審理期間上演「法庭大翻供」的羅生門情節，被告男子極力撇清責任，連被害少女都改口宣稱是受人指使「虛偽指控」。然而，法官根據案發後48小時內採集的DNA鑑定結果，認定「科學證據不容抹滅」，依對於十四歲以上未滿十六歲之女子為性交罪判處徒刑1年4月。判決指出，被告已成年，明知該名少女心智年齡尚未成熟，仍於2024年9月間首次約會就將其邀至租屋處，合意發生性行為。全案因少女母親察覺異狀並報警處理。被告到案矢口否認犯行，極力撇清稱「根本不認識少女」，辯稱其臉書帳號遭人盜用，是仇家故意指使少女設局陷害，被害少女隨後也在法庭上大轉彎，翻供證稱「當天根本沒見面，是受人指使才虛偽控訴」。不過，少女在案發後2天內，在父親陪同下前往高雄醫學大學附設醫院進行驗傷採檢，經刑事警察局進行精密鑑定，少女陰部棉棒上所殘留的男性Y染色體DNA-STR型別，與被告完全吻合。橋頭地院合議庭審理認為，DNA證據具有高度排他性與客觀性，絕不可能因為「他人指使」而憑空產生或遭人偽造。認定少女後期的翻供證詞與科學事實完全不符，不予採信。痛批被告為逞私慾侵害少女，且犯後飾詞狡辯、毫無悔意，惡性重大，據此依法判刑1年4月，全案仍可上訴。    ,https://news.ltn.com.tw/news/society/breakingnews/5544561
新竹寶山自行車道工程遭竊 46燈桿電纜線被偷損失近百萬,社會,2026/08/19 07:58,寶山鄉公所表示，經清查確認共有46支燈桿的電纜線及相關設備遭竊。（寶山鄉公所提供）新竹縣寶山鄉自行車道工程驚傳偷竊案！寶山鄉公所表示，自行車道工程因變更設計停工，廠商近日派員巡查現場赫然發現遭小偷，但工區內未裝監視器，經清查確認共有46支燈桿的電纜線及相關設備遭竊，初估財產損失約99萬元，已報警追查。寶山鄉公所表示，案發時間可能落在7月初至8月14日之間。廠商派員巡查停工中的自行車道工程，赫見草皮上遺留燈桿內部零組件，但現場沒有發現可疑人車，因此未能於第一時間攔阻，確認失竊後已於8月15日向警方報案，目前全案由警方深入調查釐清中。請繼續往下閱讀...公所指出，遭竊及受損設備共涉及46支燈桿，主要包括主線路、燈具線路、電源供應器、變壓器及漏電斷路器等，其中主線路14mm²/2C約2250公尺和主線路8mm²/1C約2250公尺、燈具線3.5mm²/3C約276公尺，另有電源供應器46只及漏電斷路器46只。初步估算材料損失約99萬元，尚未包含後續復原施工所需人工、車輛及機具租賃等相關費用。考量現階段工地防護機制仍有不足，若貿然重裝設備恐面臨二次遭竊風險，公所將與廠商召開專案會議，研商防護與保全措施後再展開復原工程。此外，由於原工程預算未編列監視設備，會議中也將一併研討加裝監視器等防護設施的可行性與經費來源，確保自行車道沿線安全。新竹縣寶山鄉自行車道工程驚傳偷竊案，初估財產損失約99萬元，已報警追查。（寶山鄉公所提供）寶山鄉公所表示，經清查確認共有46支燈桿的電纜線及相關設備遭竊。（寶山鄉公所提供）寶山鄉公所委外廠商派員巡查自行車道工程，赫見草皮上遺留燈桿內部零組件。（寶山鄉公所提供）    ,https://news.ltn.com.tw/news/society/breakingnews/5544568
會考前三度無套激戰男友！國三少女憂懷孕得性病 父痛心提告求償,社會,2026/08/19 07:40,國三少女會考前三度無套激戰男友，父痛心求償120萬，新竹地院刑事庭依姦淫幼女罪將張男判刑後，民事庭再判張男賠父女20萬元。（情境照）新竹國三陳姓少女會考前與張姓男友三度激戰初嚐禁果，但因張男都未帶套上陣，導致少女擔心懷孕甚至染上性病，會考成績大受影響，父親憤而提告求償120萬，新竹地院刑事庭依姦淫幼女罪將張男判刑後，民事庭再判張男賠父女20萬元。陳男說，15歲女兒被張男3度性交得逞，經新竹地院依姦淫幼女罪判刑8月確定。而案發時間適值女兒參加國中教育會考前一個月，事發後女兒上學狀況全然失常，時常缺課或不願到校，無心準備會考，會考成績因而大受影響；且張男性行為時未戴套，女兒憂心是否受孕或染患性病，身心因而受有嚴重痛苦，憤而提告要求張男賠償120萬元。法官認為少女當時心智發育未臻成熟，就性自主權之認知仍處懵懂狀態，缺乏完全性自主判斷能力，張男行為對少女身心健全及人格發展均生不良影響，侵害少女性自主決定及人格權，情節重大。此外少女父親對女兒負有保護、教養義務，其基於父女關係所生親情、倫理、生活扶持等身分權，亦因張男犯行而遭受不法侵害；其父除須面對女兒受害痛苦外，尚須憂慮女兒有無受孕、染病風險，並隨時協助、陪伴、輔導，以免女兒身心狀況及兩性關係產生偏差，足認精神確受有相當痛苦，且情節重大。法官調查，國中畢業的張男，入看守所前從事打工，收入不多，目前在監執行，雖坦承犯行，然未與被害人和解或做出任何賠償，最後判賠精神慰撫金20萬元。    ,https://news.ltn.com.tw/news/society/breakingnews/5544546
見美女客人試衣凍未條 新竹專櫃男店員雙手機偷拍被判刑,社會,2026/08/19 06:48,服飾專櫃男店員持雙手機偷拍美女客人試衣。示意圖。（資料照）新竹某商場服飾專櫃店員吳男見女客人長得美麗動人，竟心生邪念，在對方進入試衣間時，尾隨拿2支手機輪流偷錄裸身春光，被害人發現後立即報警逮人，新竹地院法官審理後因認吳男未與被害人和解，因此依偷拍罪判刑4月且不給緩刑。法官調查，吳男在新竹某商場服飾專櫃擔任店員，去年9月22日晚間6點多，在專櫃見女子小美攜帶衣物進入試衣間，竟伺機蹲在試衣間外，並輪流開啟2支手機錄影功能，由隔簾下方往內竊錄小美裸露身體隱私更衣畫面。請繼續往下閱讀...因小美驚覺遭偷拍而報警，經警到場處理並扣得手機2支，始循線查悉上情。法官審酌吳男為滿足個人慾望，竟無故攝錄被害人性影像，侵犯個人生活私密領域最核心之性隱私權，使被害人受有相當程度心理壓力，對被害人身心影響至深，顯然欠缺對他人隱私權尊重，亦損害該專櫃形象，所為實屬不該。吳男的辯護律師雖請求法官給予緩刑宣告，吳男雖無前科，但法官審酌他尚未與被害人和解，因此倘若給予緩刑宣告，對被害人而言並不公平。最後依無故攝錄他人性影像罪判刑4月。    ,https://news.ltn.com.tw/news/society/breakingnews/5544538
勾結旅行社 安排假行程掩護赴柬埔寨╱明仁會替詐團招「機手」 逮20人,社會,2026/08/19 05:30,警方逮捕張男等廿人，查扣現金、泰達幣、存摺、金融卡等贓證物。 （記者邱俊福翻攝）竹聯幫明仁會幹部張仁豪涉嫌協助隱身柬埔寨的詐騙集團機房，自國內招攬機房機手，並勾結在泰國有開設分店的旅行社，使用員工的泰國信用卡支付這些赴柬機手的機票錢，再製作虛假的回程行程單、住宿資料，以規避出境的關懷提問與避免引起檢警單位注意；刑事警察局偵七大隊第三隊經長期蒐證，自今年二月至四月展開三波查緝行動，共逮捕張男、旅行社林姓負責人，以及幹部、機手等共廿人到案，分別依組織犯罪、加重詐欺、詐欺犯罪危害防制條例等罪嫌移送雲林地檢署偵辦。檢方複訊後將張男，以及沈姓、徐姓幹部與旅行社林姓負責人等四人向法院聲請羈押，法院裁定沈、林羈押，張、徐則諭令廿萬元交保，張男因另涉槍砲案件被判刑確定，目前已入獄服刑。請繼續往下閱讀...台泰中情資共享破詐團警方去年間偵破新竹地區「風飛砂」風北會幫派分子陳冠希涉嫌於柬國成立詐騙機房，以假公安詐騙中國民眾案件後，經擴大追查，在泰國、中國警方情資共享下，鎖定張男所屬集團偵辦；該集團透過刊登境外招募人力廣告，以高薪、中文打字、包吃住等噱頭，引誘急需工作的民眾上門。而為避免購買機票時，航空公司關懷詢問住處與回程日期等資料與引起檢警的注意，張男勾結雲林縣斗六市一家旅行社，透過該旅行社在泰國的分店，協助辦理這些機手出境到金邊與泰國的手續，並製作虛假的回程行程單與住宿資料等。至少誘百餘人赴柬國經查，去年至今年四月間，至少有百餘人被仲介前往柬國擔任詐團機手，負責在機房內打電話行騙，這些機手有人繼續留在柬國從事詐騙，有人因不適應返國，另有部分遭柬國、中國警方查獲逮捕，在中國服刑期滿返國。警方逮捕張男與旗下沈姓、徐姓幹部，以及旅行社林姓負責人、林姓金主、返台的機手等共廿人到案，查扣現金、泰達幣與犯案手機、銀行存摺、金融卡、點鈔機等贓證物，依法送辦。☆自由時報電子報提醒您，防詐騙專線︰165，報案專線︰110☆    ,https://news.ltn.com.tw/news/society/paper/1767240
市價百萬名錶賣1萬／越籍夫妻直播賣假錶 侵權6千萬,社會,2026/08/19 05:30,"刑事局破獲外籍仿錶集團，查扣一四九支仿冒名錶。 （記者陳建志翻攝）進口高仿貨騙同鄉刑事局智慧財產權偵查大隊獲報有民眾在臉書販賣仿冒的精品名錶，還以越南文字招攬同鄉，蒐證後前往桃園中壢由越南籍阮姓男子和越南籍陳姓太太經營的錶店，逮捕二人和泰國籍潘姓員工，並查扣仿冒宇舶、勞力士、百達翡麗、萬寶龍等精品手錶一四九支，侵權市值達六千萬元，桃園地檢署偵結，依違反商標法罪嫌將三人起訴。刑事局智慧財產權偵查大隊去年獲報，有民眾在臉書陳列、販售大量仿冒宇舶錶（HUBLOT）等商標商品，還以越南文字「專營正品手錶批發與零售」招攬越南同鄉，經採證後送交在台商標權利代理人辨識，確定為仿冒品，與移民署北區事務大隊機動隊成立專案小組偵查，並報請桃檢指揮偵辦。請繼續往下閱讀...經蒐證完成，去年八月七日持搜索票前往犯嫌在桃園中壢經營的錶店搜索，當場逮捕越南籍阮姓主嫌（卅六歲）和越南籍陳姓妻子（卅二歲），以及協助販售的泰國籍潘姓員工（卅四歲）。專案小組在現場查扣仿冒宇舶、勞力士、百達翡麗、萬寶龍、萬國等精品手錶共一四九支，真品販售價格約卅萬到一百萬，阮嫌等人僅以數千到一萬元低價售出，侵權市值達六千萬，其中一支售價最貴的百達翡麗錶，市價約一百萬元，阮嫌僅以低價一萬元售出，價差達百倍，訊後將三人依違反商標法移送法辦。警方調查發現，該集團阮姓主嫌以工作名義來台後，自越南進口高仿精品手錶成品，並由以就學名義來台的陳姓妻子透過抖音及臉書等平台直播與貼文吸引同鄉至其開設的實體店面選購，並由潘姓共犯於店面協助進行交易，桃園地檢署近日偵結，依違反商標法將三人起訴。☆自由時報電子報提醒您，防詐騙專線︰165，報案專線︰110☆    ",https://news.ltn.com.tw/news/society/paper/1767241
家暴男違保護令又酒駕 派出所脫逃判8月,社會,2026/08/19 05:30,掙脫戒具脫逃示意圖 美編組製圖新竹張姓男子對女友施暴，經新竹地院核發緊急保護令後，隨即酒後駕車到女友住處狂按電鈴敲門，新竹市警局第一分局北門派出所員警將他依違反保護令現行犯逮捕，沒想到他竟趁派出所人力不足之際，掙脫戒具脫逃，新竹地院依違反保護令罪、酒駕公共危險罪與脫逃罪將他判刑。法官調查，新竹地方法院三月廿六日核發緊急保護令，裁定張男不得對同居女友實施身體或是精神上騷擾、脅迫或其他不法侵害，並應遠離女方住居所整棟建築物大門口至少八十公尺。請繼續往下閱讀...沒想到張男一收到保護令，就接續以按門鈴、敲門及撥打電話等方式騷擾該女，警方到場後依現行犯逮捕張男，事後警方發現他酒精濃度達每公升一‧二五毫克，仍酒駕。三月廿八日清晨五點多，張男趁員警因公處理聚眾鬥毆案件而外出、看守人力不足之際，掙脫戒具並自北門派出所脫逃。當天早上警方就在桃園市將張男逮捕回籠。法官審酌張男無視保護令內容，騷擾女方並接近住處，致被害人無端承受身心壓力。此外，張男酒後仍騎機車上路，危及道路交通安全，被警方查獲後，竟於留置派出所期間趁隙逃逸，對我國治安實存有潛藏性危險，亦損及國家公權力行使。最後法官依違反保護令罪、酒駕公共危險罪與脫逃罪，將張男判刑八月。☆飲酒過量 有害健康 禁止酒駕☆☆民眾如遇同居關係暴力情形，可撥打113保護專線，或向各地方政府家庭暴力防治中心求助。☆    ,https://news.ltn.com.tw/news/society/paper/1767245
人體運毒》泰拳女教練吞72毒球耗費 10天排出,社會,2026/08/19 05:30,"泰籍泰拳女教練體內藏72顆海洛因膠囊，入境高雄遭查獲，帶到醫院檢測，赫見肚子藏72顆海洛因膠囊，耗時10天才排完體內毒膠囊。（海巡署高雄查緝隊提供）卅五歲泰國籍泰拳女教練塔雅．魯納帕（TAYA ROONGNAPA）從泰國入境高雄，被海巡署攔查，帶到醫院檢測，赫見肚子內滿滿七十二顆海洛因膠囊，耗費十天才排完體內毒膠囊，總重二八九．一公克，高雄地檢署依毒品罪起訴，泰女目前仍收押中。海巡署偵防分署高雄查緝隊與台中查緝隊接獲跨國運毒情資，疑有外籍人士以人體夾帶等方式，將毒品走私來台，會同關務署等單位，報請檢方指揮偵辦，今年四月六日這名泰國籍的女教練從泰國直飛高雄機場，下機後被捕帶到醫院檢查。請繼續往下閱讀...高雄查緝隊表示，這名泰女擁有搏擊技能，為防她脫逃，專案小組廿四小時保持高度警戒，手銬及腳鐐都用上，並派出包括通譯共三人嚴密監管戒護，所幸泰女很配合，除了吃、睡，就是服藥物靜候「排毒」，十天總計排出七十二顆海洛因膠囊，總重二八九．一公克，換算市價約三百六十萬元，依毒品危害防制條例移送法辦，高雄地檢署今年七月起訴。據了解，這名泰拳女教練並不知名，專案小組透過網路搜尋，找不到她的背景資料，但去年起即被台灣多個司法單位監控，並曾在機場攔查但無所獲；去年入境高雄數天期間，曾與數名外國人接觸，未發現明顯不法行為，直到今年四月六日入境落網。吞毒闖關風險高 外膜溶解恐喪命高雄查緝隊強調，這類橢圓形球狀的海洛因膠囊，以保險套及熱縮膜層層包裹，以利口服吞入、規避機場通關檢查，但如果毒品外膜遭人體胃酸溶解，致死率極高。☆少一份毒品就多一份健康，自由時報提醒您遠離毒品☆    ",https://news.ltn.com.tw/news/society/paper/1767243
里長騙走房產》法界︰遭騙房產已沒收 洗腎婦可聲請發還,社會,2026/08/19 05:30,六連霸前里長洪嘉仁騙走洗腎老婦千萬房地，一審依行使偽造私文書罪判刑四年八月。（資料照）新北市三重區五順里六連霸特優前里長洪嘉仁任內利用里民信任，騙走洗腎老婦約千萬元房地，一審新北地院合議庭斥責洪犯罪動機、目的、手段均屬惡劣，依行使偽造私文書罪，重判他四年八月徒刑，這已接近該罪法定刑上限五年徒刑，一審量刑可說是給這名貪心的里長很嚴厲的懲罰與教訓。至於被害人如何取回房產，法界人士表示，由於涉案房地已被法院宣告沒收，當事人可透過「刑事聲請發還」與「民事起訴請求」兩大途徑進行。請繼續往下閱讀...前檢察官、律師褚仁傑表示，依法院認定，本案被害人的房地因遭洪男等人騙走過戶，法院判決已宣告「沒收」，他建議可透過聲請發還房地的方式討回房產，不過，由於本案尚未確定，被害者也曾於審理時聲請發還，但當時法院認為被告的犯罪行為待認定，房地有留存必要而予以駁回，被害人除可繼續嘗試外，亦可待刑事判決確定後聲請發還。褚仁傑表示，由於民事法院及刑事法院的判斷不互相拘束，被害人若擔心刑事沒收程序遭房地目前登記的所有權人異議而無法盡速取回，可考慮直接提起民事訴訟，基於被詐欺事實，請求返還房地。至於重判原因，合議庭認為，洪嘉仁濫用里民信任行騙；周育賢身為大學兼任教授，智識程度甚高，卻為一己私利共犯本案，兩人所為使被害者喪失居住多年的房地所有權，面臨失去安身立命處所的重大風險，危害及惡性均屬重大。法官認為，兩人在面臨檢警訊問前，還共同商討如何編造謊言，周男甚至在得知老婦因洗腎感染住院後，私下傳訊給律師提及「龔婦生前未能提出對我不利證詞，我還是有機會的」等，加上兩人至今未和解或賠償，因此量處上述徒刑。法院同時宣告沒收兩人的犯罪所得，由於檢方偵辦時已查扣兩人多筆房地，屆時若兩人拒絕繳回，可透過拍賣方式追徵其價額。☆自由時報電子報提醒您，防詐騙專線︰165，報案專線︰110☆    ,https://news.ltn.com.tw/news/society/paper/1767242
偽造債務 盜賣老婦近千萬房產 新北6連霸特優里長 判刑4年8月,社會,2026/08/19 05:30,曾獲特優里長殊榮的新北市三重區五順里「六連霸」前里長洪嘉仁，盜賣老婦千萬房產，新北地院重判4年8月。（資料照）曾獲特優里長楷模殊榮的無黨籍新北市三重區五順里「六連霸」前里長洪嘉仁，任內協助一名七十多歲龔姓老婦人辦理補發房地所有權狀時，與兼任大學教授的男子周育賢合作，以「夾單」手法在資料中夾帶房屋出售同意書，偽造老婦同意「以房抵債」假象，將老婦名下市值約千萬元房產過戶再轉賣給買家吳水木變現；新北地院依行使偽造私文書罪，重判洪嘉仁四年八月徒刑，周育賢判刑三年，知情仍「撿便宜」買房的吳水木則依故買贓物罪判刑一年四月，扣案房地宣告沒收，並向洪、周追徵犯罪所得。協助補辦權狀 夾單簽售屋同意書檢警調查，龔婦長期洗腎，二〇二二年遺失房地所有權狀，找上洪嘉仁協助申請補發權狀；怎料，洪男取得老婦的印鑑章、印鑑證明及身分證影本後，竟暗中與周育賢謀議，偽造老婦因積欠周男九一七萬元債務、同意「以房抵債」的假象。請繼續往下閱讀...找不知情代書移轉登記 得手轉賣檢警調查，洪男隨後以交付補發文件等名義，佯稱申請權狀需要簽名，騙老婦在房屋出售同意書、使用協議書等文件上簽字，並盜蓋其印章，周男則持這些偽造文件找不知情代書將老婦的房地移轉登記至自己名下。檢方調查，得手後，洪男與吳水木談妥以九三〇萬元買下該房地，並指定登記在吳男的子女名下，事後，洪再退一五〇萬元價金給吳。前年間，吳男以租期屆滿要求被害人遷讓房地，老婦才發現受騙報案，檢警獲報調查，將洪男聲押禁見獲准。    ,https://news.ltn.com.tw/news/society/paper/1767163
台中警再爆白單改紅單圖利 1收押9交保,社會,2026/08/19 05:30,台中市警局又爆「白單轉紅單」貪汙圖利案件，1收押9交保。（資料照）台中市第六分局西屯派出所前年九月爆發「白單轉紅單」貪污圖利，共有卅一名員警涉案，案件仍在台中地院審理中，不料第四分局大墩派出所也傳出同樣的圖利弊案，台中地檢署前天大動作，前往相關員警的辦公室和住處進行搜索，並約談陳姓警員等十一名被告和一名證人到案，經偵訊後，陳姓警員因涉嫌貪污等罪嫌重大，向法院聲請羈押禁見獲准，其餘九名員警則以五萬元至八萬元不等金額交保候傳，另一人請回。台中市警局第四分局大墩派出所陳姓警員等十一人，被警政署政風室查出，二〇一九年到二〇二一年任職大墩派出所期間，因人情請託，將違規車輛檢舉罰單進行不實記載，疑似將罰鍰較高的「白單」轉為罰鍰較低的「紅單」，涉嫌圖利。請繼續往下閱讀...據了解，涉案員警疑似在取締交通違規時，涉嫌將原本開立白單（逕行舉發）約六百元到九百元的罰單，竄改成紅單（當場舉發），罰鍰介於三百元到六百元，讓被取締對象減少罰款。台中地檢署前天指揮警政署政風室等單位，前往陳員等人辦公處及住處共十處執行搜索，並約談陳員等十一名被告、一名證人到案說明。經檢察官偵訊後，認陳男涉犯貪污治罪條例第六條第一項第四款之公務員對主管監督事務圖利及偽造文書等罪嫌重大，因所犯為最輕本刑五年以上有期徒刑，且有串證之虞，向法院聲請羈押禁見獲准。另黃姓警員等十人涉犯偽造文書等罪嫌重大，因無羈押必要，分別諭知一人請回、九人以新台幣五萬元至八萬元具保候傳。台中市警局表示，將秉持「不掩飾、不庇縱、不護短」的原則，配合檢方後續偵辦。台中市警局並強調，自二〇二五年六月起已推行「逕行舉發電子化」，執勤員警現場輸入資料上傳系統即完成舉發，員警沒有權限任意修改或刪除，可避免執法爭議或人情關說。    ,https://news.ltn.com.tw/news/society/paper/1767244
疑與夫吵架後墜落田寮河 越籍婦拉欄杆苦撐 消防架梯搶救送醫,社會,2026/08/18 23:30,武婦拉在河面上的欄杆，等候救援，消防隊員趕抵後，趕緊架梯槍救。（民眾提供）40歲武姓越南籍婦人今日晚間9時30分，疑似與丈夫吵架之後，在田寮河上方的財鼠橋墜橋。附近民眾見狀，趕緊通報119，請消防局派員前往搶救。消防隊員趕抵時，發現武婦手拉欄杆，在河面上待援，幸未被河流沖走。消防隊員利用雙節梯將人救起後，送往醫院救治，暫無生命危險。基隆市消防局接獲報案後，立刻派遣信二、信義分隊趕往現場搶救，共出動7車2艇16人前往。帶隊官查看現場狀況，發現一名婦人拉著河面上的欄杆，苦苦支撐，趕緊派員架設雙節梯，將婦人救起。請繼續往下閱讀...消防隊員將人拉上岸後，由救護人員接手，初步查看未發現明顯傷勢，但為了安全起見，仍將武婦送到醫院，交由醫護人員進一步檢查。據現場人員透露，武婦疑似與丈夫吵架，氣憤之餘墜河，其夫也有趕到現場，實際原因則待進一步了解釐清。消防隊員趕緊架起雙節梯，讓武婦能夠攀爬上岸。（民眾提供）消防隊員將人拉上岸後，交由救護人員送往醫院檢查有無傷勢。（民眾提供）    ,https://news.ltn.com.tw/news/society/breakingnews/5544476
高雄女控駁二特區遭怪男跟拍,社會,2026/08/18 23:08,高雄女子控駁二遭怪男跟拍，鹽埕分局依跟騷法受理調查。（資料照）高雄一名女子自曝在駁二藝術特區發現被男子跟騷，引起網友關心，只要跟男子對到眼，就察覺對方又要開始跟蹤，拍下疑似被跟的影片，網友留言關心，建議她去報警，今天凌晨向警方到案，鹽埕分局受理後，依「跟騷法」傳男子到案說明。無辜女子指控怪男跟拍她好幾次，去年常去假日駁二活動市集，竟然都會「碰巧」遇到，過往他會一直跟在其附近，然後拿起手機對著她一直錄影，當時因為害怕，一直沒有尋求別人幫助，沒想到事隔好多月，昨天竟又再次遇到。請繼續往下閱讀...女子表示，跟他對到眼就知道又要被跟蹤，決定拿起手機反拍他，雖然對方沒有做出什麼事，也知道公共場合這樣被錄影報警好像沒用，但她PO自拍影片，想讓大家多留意這怪人。她表示自己只是個普通人，麻煩請不要打擾到我的生活；鹽埕分局通知女子到案後，將傳喚男子報案說明。    ,https://news.ltn.com.tw/news/society/breakingnews/5544467
8/18 今彩539頭獎開3注！800萬獎落高雄、台中、新北,社會,2026/08/18 22:20,8/18開獎的今彩539頭獎開3注。（本報合成）8月18日開獎的第115000200期今彩539頭獎開出3注，由台中市東區自由路三段123號1樓「駐億發彩券行」、新北市新莊區福壽街100號「蜂蜂樂彩券行」、高雄市三民區澄和路99號1樓「金塊來彩券行」開出；第115000080期大樂透頭獎則摃龜。第115000080期大樂透中獎號碼「01、14、25、27、29、43，特別號：02」。頭獎摃龜；貳獎2注中獎，可得91萬1915元；參獎共23注中獎，每注可得8萬5396元；肆獎共85注中獎，每注可得1萬4854元；伍獎共1587注中獎，每注可得2000元；陸獎共2325注中獎，每注可得1000元；柒獎共2萬4756注中獎，每注可得400元；普獎共2萬9486注中獎，每注可得400元。請繼續往下閱讀...第115000080期49樂合彩中獎號碼為「01、14、25、27、29、43」。四合摃龜；三合共51注中獎，每注可得1萬2500元；二合共2407注中獎，每注可得1250元。第115000200期今彩539中獎號碼為「05、06、10、28、39」。頭獎3注中獎，每注可得800萬元；貳獎共218注中獎，每注可得2萬元；參獎共7016注中獎，每注可得300元；肆獎共7萬7327注中獎，每注可得50元。第115000200期39樂合彩中獎號碼為「05、06、10、28、39」。四合共2注中獎，每注可得21萬2500元；三合共253注中獎，每注可得1萬1250元；二合共1萬2417注中獎，每注可得1125元。第115000200期3星彩中獎號碼為「868」。壹獎共104注中獎，每注可得5000元。第115000200期4星彩中獎號碼為「9786」。壹獎共7注中獎，每注可得5萬元。確切中獎號碼以台彩網站公告為主，請見「台灣彩券網站」。大樂透、49樂合彩中獎號碼。（擷取自台彩官網）今彩539、39樂合彩、3星彩、4星彩中獎號碼。（擷取自台彩官網）    ,https://news.ltn.com.tw/news/society/breakingnews/5544408
走私活體動物威脅國境安全  金門地檢署聯手CIQS強化預警效能,社會,2026/08/18 22:18,金門地檢署召開「精進金門地區CIQS機關聯防會議」，由檢察長趙燕利（中）主持。（金門地檢署提供）金門地檢署今天召開「精進金門地區CIQS機關聯防會議」，檢察長趙燕利說，各單位執法若發現異常，應立即進行跨機關的情資共享與整合，並串聯片段資訊，提升走私預警效能。金門地檢署有鑑於6月至7月，40天內至少發生5起活體動物走私案，頻率之高恐為歷年少見，其中自對岸走私活體動物、昆蟲的不法作為，已威脅金門地區邊境安全，有必要結合各單位遏阻走私及跨境犯罪，因此邀集駐守金門港旅運中心及尚義機場的各CIQS（海關、入出境管理、檢疫、安檢）機關、警察機關及行政機關參與這項年度第2次的精進會議。請繼續往下閱讀...趙燕利說，針對走私犯罪議題，各機關執法時若發現異常，應即時進行情資整合，提升走私預警效能；針對集團性或跨境走私案件，應發揮聯防合作功能，深入追查人流、物流與資金，追擊幕後犯罪網絡、向上溯源；至於水客亂象，權責機關應提高警覺，善用法令及早處理，以「防微杜漸」觀念，加強邊境管理，才不會讓不法分子有機可趁。金門地檢署呼籲，維護國境安全是跨機關合作的共同使命，地檢署將與各CIQS、警察及行政機關緊密合作，嚴查、速辦各類走私與跨境犯罪，共同捍衛國門秩序與公權力威信。金門岸巡隊7月下旬查獲小三通旅客企圖走私出境的各式甲蟲。（金門岸巡隊提供）    ,https://news.ltn.com.tw/news/society/breakingnews/5544428
租屋處不准養小孩？彰化女嬰被養在貨車上 高大成：4小時即脫水亡,社會,2026/08/18 22:14,高大成說，女嬰可能是熱射病脫水休克死亡，脫水的症狀包括前囟門、眼眶等部位塌陷。（記者蔡淑媛攝）彰化一名10個月大女嬰被柯姓生母與繼父養在車上，11日被發現昏迷送醫不治，醫護發現身上有瘀青緊急通報，檢方將2人依妨害幼童發育致死罪聲押。法醫高大成分析指出，女嬰可能是因「熱射病」死亡，夏天車內溫度高達60度，在車內超過4個小時就會嚴重脫水死亡。據了解，26歲的柯女已有4段婚姻，女嬰生父何男透露，柯女與他結婚前就曾有3段婚姻，另育有一名5歲女兒，目前由前夫扶養；柯女與何男離婚後，帶著女嬰再婚林男，兩人聲稱是房東不允許在租屋處養小孩，擔心哭鬧影響其他房客，夫妻便將女嬰養在貨車內3個月，平時只打開車窗一處小縫通風，相隔4、5個小時前去餵奶、換尿布。請繼續往下閱讀...高大成推測，女嬰可能因熱射病死亡，夏季戶外氣溫約30度時，車輛內部在陽光曝曬下可能迅速升溫，即使車窗留有縫隙，車內仍可能出現攝氏50、60度高溫，嬰幼兒體型小、體表面積相對較大，調節體溫及散熱能力也比成人差，在高溫環境下更容易迅速流失水分，一旦長時間未補充水分，會嚴重脫水、意識不清，休克死亡。高大成說，在如此高溫的密閉空間，待1小時就會脫水，2小時中度脫水，出現嘔吐、意識不清，4小時就會嚴重脫水，一旦嚴重脫水，已難救活，若女嬰每隔4、5小時才有人進入車內照顧，在如此高溫、密閉環境下，恐已錯過搶救時機，外表也可看到頭部前囟門、眼窩凹陷、皮膚冰冷等症狀。女嬰身上出現瘀青是否涉及虐待？高大成認為，目前資訊尚難支持遭虐待致死的可能性，由於柯女及林男據稱每隔數小時便會前往餵奶、餵水及查看女嬰，發現女嬰昏迷後也立即送醫，從行為上看並非完全未照顧；加上女嬰身上雖有瘀青，但未發現骨折等明顯外傷，且長時間待在狹小貨車內，也可能因碰撞造成瘀青。女嬰生父爆料稱，女嬰生前有3個月的時間，都是在拖車上度過。（民眾提供）。    ,https://news.ltn.com.tw/news/society/breakingnews/5544390
機車騎士自撞路邊大貨車身亡   大貨車「這1點」恐涉肇責,社會,2026/08/18 22:13,機車騎士自撞路旁停車的大貨車，由於大貨車的輪胎壓到白線，警方將開單告發。（民眾提供）彰化縣福興鄉沿海路今天（18日）下午將近3點傳出死亡車禍，56歲吳姓機車騎士自撞停放在路旁的大貨車，吳男當場死亡，由於大貨車的輪胎壓到白線，警方將以違反道交條例開罰，路邊違停是否必須負起部分比例的肇事責任，將進一步調查與釐清。彰化第三消防大隊表示，這起意外發生在福興鄉沿海路3段南下路段，地點接近福興鄉清潔隊部附近，救護人員到達時，機車騎士頭部破裂、腦漿外溢，已明顯死亡，並未送醫。請繼續往下閱讀...鹿港警分局指出，吳姓機車騎士的持照正常，也有戴安全帽，行經福興鄉沿海路南下路段，卻不慎自撞路邊停放的大貨車，吳男當場倒地不治。警方表示，由於吳男當場死亡，無法第一時間進行酒測，等待司法相驗指示辦理。而大貨車被撞的時候，當時車上並沒有人，由於大貨車的輪胎壓到白線，已經違反道交條例，將會開罰。至於違停與肇責的連帶關係，必須看違停位置、視線與路幅等等因素，以及自撞騎士是否有速度或是注意義務等問題，加上吳男生前飲酒情況仍待釐清，全案相關責任都有待進一步調查。彰化縣今天發生死亡車禍，機車騎士行經福興鄉沿海路自撞路旁停車的大貨車。（民眾提供）機車騎士行經福興鄉沿海路自撞路旁停車的大貨車，騎士當場不治。（民眾提供）機車騎士行經福興鄉沿海路自撞路旁停車的大貨車。（民眾提供）    ,https://news.ltn.com.tw/news/society/breakingnews/5544395
致癌物超標瞞2個月！余凌冲、陳明榮、蔡國樑、沈怡君移審「續押禁見」,社會,2026/08/18 21:32,中聯油脂總經理余凌冲等人今天被起訴求處重刑，移審台中地院裁定繼續羈押禁見。（資料照，民眾提供）中聯油脂致癌油引發食安風暴，台中地檢署先後聲押中聯油脂總經理余凌冲、廠長陳明榮、泰山公司前總經理沈怡君、現任總經理蔡國樑等4人獲准，今天將余凌沖等15人起訴，並求處重刑，余凌冲等4人移審台中地院後，今晚都裁定繼續羈押禁見。中檢起訴指稱，中聯公司董事長蔡清松、總經理余凌冲、廠長陳明榮今年5月就知道沙拉油製程的半成品脫膠油苯駢芘檢驗異常，卻未採取清查、改善製程等措施，也未依食安法規定主動通報主管機關、辦理回收。請繼續往下閱讀...中檢認為，蔡清松、余凌冲、陳明榮等人，涉犯食安法製造含有害人體健康物質食品罪嫌，且是全案因果鏈中的「始作俑者」；福壽公司洪堯昆、趙文強、顏貽鉉等人，福懋油張志賓等人，以及泰山公司劉偉龍、沈怡君、蔡國樑等人，涉犯食安法未主動停止販賣、回收、通報且情節重大罪嫌，以及販賣含有害人體健康物質食品罪與詐欺取財等罪嫌。檢方認為，蔡清松、余凌冲、陳明榮、洪堯昆、劉偉龍、張志賓等人因所犯惡性、危害重大，違反食安法部分，具體求刑7年，併科罰金8千萬元；沈怡君、蔡國樑等人違反食安法部分則求處6年6月徒刑。羈押禁見中的中聯油脂總經理余凌冲、廠長陳明榮、泰山公司現任總經理蔡國樑、前任總經理沈怡君4人，經移審台中地院後，今晚均裁定繼續羈押禁見。    ,https://news.ltn.com.tw/news/society/breakingnews/5544387
又見騎機車  長驅直入南海遊客中心,社會,2026/08/18 21:23,多年前民眾騎車穿梭南海遊客中心，澎管處修法管理。（民眾提供）前一日澎湖機場風雨走廊，才出現大機車，今（18）日又傳出直接騎進南海遊客中心，雖然未違反道路安全管理條例，但澎管處因應多年前類似案件，訂定「南海遊客中心及其周邊禁止車輛進入及禁止停車地區管制範圍公告」，最高可罰鍰10萬元。提供旅客搭乘快艇，前往七美、望安、東西吉及夜釣小管等地的南海遊客中心候船大廳，平日遊客或坐或站候船，現竟有民眾恣意騎乘摩托車駛入，直接在廁所停車， 被路過民眾拍照，並向澎湖交通觀察日誌群組反應此行徑十分不可取，非但自身危險，還有可能會傷害到候船民眾。請繼續往下閱讀...南海遊客中心內並不屬既成道路，無法根據道路交通管理處罰條例開罰，因此騎士違規行為，只能另行以社會秩序維護法開罰，詳細罰則仍有待警方調查釐清。但澎管處因應多年前曾發生類似事件，因此立即訂定「南海遊客中心及其周邊禁止車輛進入及禁止停車地區管制範圍公告」，並自即日起生效。依據「發展觀光條例」第64條第1項、「風景特定區管理規則」第13條第1項第2款、第22條。交通部觀光署澎湖國家風景區管理處為維護南海遊客中心遊客安全，本區域（馬公段-2666-26地號）騎樓、花圃周遭、草皮、人行通道迴廊及人行歩道區內，禁止機車、電動機車及電動腳踏車騎乘進入及禁止停放汽機車，違者處新臺幣5000元以上、10萬元以下罰鍰。但屬執行公務、緊急救護工作或經專案許可者不在此限。民眾直接將機車停放在南海遊客中心廁所前。（澎湖交通觀察日誌提供）    ,https://news.ltn.com.tw/news/society/breakingnews/5544276
中國海警惡意稱「中國台灣海巡署」 海巡署譴責政治操弄、強勢驅離,社會,2026/08/18 21:22,海巡署雲林艦強勢併航驅離中國海警船。（海巡署提供）海巡署東南沙分署東沙指揮部於今（18）日7時，偵獲中國海警「3303」及「3107」位於台灣東沙限制水域外，依其航向，研判具有侵入我限制水域之意圖，海巡署立即調派「雲林艦」部署攔截，並增派「台南艦」緊急支援。同日上午8時42分，海警「3303」及「3107」航入東沙限制水域，「雲林艦」採取併航監控，並以中、英文廣播強勢驅離，目前持續嚴密監控對峙中。海巡署表示，今年到現在，海巡署已於東沙限制水域驅離中國海警船計5船11航次。這次中國利用漢光演習甫結束之際，派遣2艘海警船侵擾台灣東沙限制水域，本質等同在台灣東部海域「假執法、真擴權」的侵擾行為，嚴重破壞區域和平穩定。請繼續往下閱讀...海巡署指出，「雲林艦」在廣播驅離過程中，海警船「3303」更惡意宣稱「中國台灣海巡署雲林艦」等悖離現實的錯假訊息，海巡署對中國此類政治操弄予以最嚴厲的譴責。海巡署強調，中華民國台灣是主權獨立的國家，與中華人民共和國互不隸屬，只有海巡署有權在東沙海域執法。中國放任海警船侵擾東沙水域，企圖營造「管轄權」假象，已淪為破壞印太地區和平穩定的麻煩製造者。海巡署重申，國家主權不容挑釁，海巡署有捍衛主權的決心，更有維持和平的實力，將採取一切必要手段，堅定捍衛國家主權與海域安全。海巡署雲林艦強勢併航驅離中國海警船。（海巡署提供）    ,https://news.ltn.com.tw/news/society/breakingnews/5544378
短報76萬7千多公斤！中聯致癌油案   起訴書揭蓋牌、隱匿惡行,社會,2026/08/18 21:16,台中地檢署起訴書中，揭露中聯油脂總經理余凌沖、廠長陳明榮，在得知油品苯駢芘超標後，持續蓋牌、隱匿，惡行重大。（資料照）台中地檢署今將中聯油脂總經理余凌冲、廠長陳明榮依違反食安法等罪刑起訴，檢方調查發現，余凌冲、陳明榮今年5月就知道油品苯駢芘超標，卻不理會幹部示警「必須立即停止後續加工」，接著在6月15日召開的品保會議中，又粉飾太平稱「僅係半成品而非食品所含苯駢芘超標」繼續蓋牌，直到6月30日發現紙包不住火通報，繼續短報76萬7千多公斤的問題油品，影響政府後續回收、下架的正確性，惡行相當重大。起訴書揭露，今年5月22日中聯公司江姓幹部發現超標，以簡報明白示警「必須立即停止後續加工」後，余凌沖、陳明榮仍在討論後決意隱匿不報，任令製程繼續運作，檢方認為是在「明知風險存在」前提下，為求降低成本、順利進料，甘冒國人健康於不顧。請繼續往下閱讀...檢方調查並發現，在今年6月15日中聯、福壽、福懋油、泰山4家公司召開的品保會議中，余凌冲非但未依法通報回收，反而共謀以「僅係半成品而非食品所含苯駢芘超標」等說詞試圖淡化事件、蒙混與會的股東公司人員，會中遭福壽公司品保人員當場質疑，表示下游南僑公司已驗出沙拉油苯駢芘超標，要求中聯負責，才不得不部分揭露資訊，但仍拒絕辦理回收及通報。此外，余凌冲今年6月30日見紙包不住火，被迫向主管機關通報時，涉嫌將315號桶槽問題油品的實際產量128萬9760公斤，短報為52萬2176公斤，短報數量達76萬7584公斤，約占實際產量59.5%，致影響主管機關判斷食品安全溯源及回收、下架範圍的正確性，在此起食安風暴中接連蓋牌、隱匿惡行重大。    ,https://news.ltn.com.tw/news/society/breakingnews/5544379
手刀對獎！8/18 大樂透、今彩539獎號出爐,社會,2026/08/18 20:52,大樂透、49樂合彩開獎號碼。（擷取自三立iNEWS《全民i彩券》）今天（8月18日）台彩各項開獎獎項及獎號。大樂透：01、14、25、27、29、43，特別號：02。請繼續往下閱讀...49樂合彩：01、14、25、27、29、43。今彩539：05、06、10、28、39。39樂合彩：05、06、10、28、39。3星彩：868。4星彩：9786。確切中獎號碼以台彩網站公告為主，請見「台灣彩券網站」。今彩539、39樂合彩開獎號碼。（擷取自三立iNEWS《全民i彩券》）3星彩開獎號碼。（擷取自三立iNEWS《全民i彩券》）4星彩開獎號碼。（擷取自三立iNEWS《全民i彩券》）    ,https://news.ltn.com.tw/news/society/breakingnews/5544309
陳佩琪轟執行署公文日期造假、報復 台北分署列時間軸駁斥：個人臆測,社會,2026/08/18 20:35,柯文哲妻子陳佩琪質疑行政執行署台北分署偽造、報復，台北分署則駁斥稱是個人臆測。（資料照）民眾黨前主席柯文哲妻子陳佩琪昨日起便於臉書不斷發文，質疑行政執行署台北分署造假柯文哲保險債權的執行命令函文日期，認為是針對她日前親赴台北分署抗議扣押柯發票獎金500元一事進行報復。對此，台北分署今表示，沒有扣押柯500元獎金，也沒有對日期竄改，核發執行命令確實是本月（8月）6日。台北分署指出，依現行法律，義務人名下壽險契約債權得為執行標的，因此在查得柯文哲名下有壽險契約後，即依法於8月6日核發執行命令扣押其保險契約債權，經完成內部行政流程後，按照作業程序分別於8月11日、14日交付郵局寄送保險公司、義務人，並分別於8月12日、17日送達至保險公司與義務人手上。請繼續往下閱讀...台北分署說明，於8月11日將製作完畢的執行命令公文寄送保險公司，絕無可能於義務人8月14日至分署申訴後，因為報復而再核發執行命令。至於陳佩琪指控竄改公文日期等，顯然是屬於個人臆測之詞而有誤會，必須嚴正聲明，以正視聽。另外，關於陳佩琪提及老公柯文哲發票中的500元被扣押，台北分署表示，分屬人員已於其到場製作筆錄時，告知扣押存款命令的扣押金額以金融機構收受扣押命令時的存款餘額為扣押範圍，而發票獎金是扣押命令到達後才匯入，並不在扣押範圍內。    ,https://news.ltn.com.tw/news/society/breakingnews/5544324
市民高架下班尖峰驚傳火燒車 往台北車站方向全線封閉塞爆,社會,2026/08/18 19:58,小貨車燒成骨架。（記者姚岳宏翻攝）台北市市民高架道路今晚7時左右驚傳火燒車意外，一輛行駛往西方向、剛過建國高架路段的自小貨車突然起火燃燒，警消獲報後趕抵現場，所幸駕駛51歲羅姓男子在車輛竄出火舌前已先行逃出車外，現場無人傷亡，火勢最終在7時32分撲滅。據了解，小貨車駕駛心有餘悸表示，當時行駛途中發現車子冒煙，他驚覺不對勁，立刻將車停下查看，才剛離開座位，全車就陷入火海，消防局獲報派遣人車趕赴現場灌救，歷經大約半小時搶救，順利撲滅火勢。請繼續往下閱讀...受到火燒車影響，市民高架道路往台北車站方向車流嚴重回堵，目前狀況逐步排除中。    ,https://news.ltn.com.tw/news/society/breakingnews/5544313
桃園千億祖產未辦繼承土地 議員憂15年後標售引發產權爭議,社會,2026/08/18 19:57,桃園市議員謝美英（右）針對市境9萬多筆土地未辦理繼承、逾千萬遺產沒人領出質詢。圖左為地政局長蔡金鐘。（記者李容萍翻攝園市議會直播影像）桃園近年都市更新、區段徵收及市地重劃案件增加，但部分土地因產權複雜、繼承人眾多，成為開發推動難題。桃園市議會今（18）日進行地政局工作報告，多位議員關切全市高達千億元未辦繼承不動產，質疑市府宣導及通知是否落實，恐有民眾因不知情，直到土地公告15年期滿遭國有財產署標售後才出面爭產。地政局統計，目前桃園未辦理繼承登記的建物有3431棟、土地9萬4096筆，面積超過1333公頃，總價值逾1000億元；僅今年新增列管的土地及建物，公告現值就達45億餘元，其中包括經國河濱公園、南崁好市多周邊等精華區土地，凸顯問題嚴重性。請繼續往下閱讀...包括議員謝美英、于北辰、黃家齊、黃婉如、陳美梅及周玉琴等人質詢指出，地政局近年推動「守護祖產總動員」專案，強調主動通知、協助民眾辦理繼承，但審計處查核發現，部分地政事務所公告未辦繼承不動產後，才通知繼承人，甚至未確實以雙掛號寄發通知，恐壓縮民眾辦理時間。因為土地房產是市民一生累積的財產，市府應確實維護民眾財產權，避免行政疏漏衍生後續爭議。謝美英提到，市府一方面要求民眾儘速辦理繼承，另一方面市府自行徵收或購置的土地，竟有78筆超過15年仍未完成產權移轉登記，其中教育局就占74筆，質疑市府應先做好自身管理；周玉琴則建議加強宣導「一人辦理共同共有」等權宜方式，降低繼承人因意見不合而遲遲無法辦理的情況，避免千億祖產最終因逾期而面臨標售。對此，地政局長蔡金鐘坦言，繼承案件持續增加，市府處理量能始終追不上新增案件，甚至同一筆土地會因繼承人再度過世而產生新的繼承關係，導致繼承人越來越多，有些居住海外，聯繫及辦理都更加困難，更難解決與結案，「永遠辦不完」。市府除主動發函，也透過戶政、國稅、里長及地政士公會辦理說明會，針對未辦繼承案件較多的行政區列為熱區加強宣導。地政局地籍科長彭佳雯說，為主動協助市民完成不動產繼承登記，避免列管期滿遭標售減損其價值，地政局訂定「守護祖產總動員」專案計畫，針對不動產標的差異性提供不同服務。此計畫已透過專人輔導1134位繼承人申辦共516筆棟土地及建物繼承案，其土地總值依當期公告土地現值約為7億8971萬元，配合區段徵收及公辦市地重劃，市府會持續清查未辦繼承土地，協助民眾釐清產權、辦理登記，以提高開發及參與意願。桃園未登記繼承不動產逾9萬筆，市值超過千億，地政局呼籲繼承人趕快登記。（記者李容萍攝）桃園市地政局守護祖產總動員─前進熱區聯合說明會。（桃園市地政局提供）    ,https://news.ltn.com.tw/news/society/breakingnews/5544288
屏東九如鄉砂石車與機車擦撞釀一死 臨停小貨車可能有責任,社會,2026/08/18 19:26,屏東縣九如鄉一部砂石車擦撞機車，造成78歲機車騎士送醫不治。（里港警分局提供）屏東縣九如鄉九如路二段今天（18日）上午10時28分發生砂石車與機車擦撞，騎機車的78歲的陳姓老翁頭部被砂石車輾到，經送醫急救仍宣告不治，由於前方有臨時停車的小貨車，是否因為閃避該車才造成車禍，警方將進一步調查。警方初步調查，78歲的陳姓老翁騎乘普通重型機車，沿九如路二段由南往北行駛，行經事故地點時，疑似為閃避前方臨時停放之營業小貨車而向左變換車道，與同向行駛於外側快車道、由43歲林姓男子駕駛之砂石車發生擦撞，機車倒地滑行後，再與該營業小貨車發生碰撞。陳姓男子雖然戴安全帽，但疑遭砂石車輾到，當場失去呼吸心跳，經救護人員送醫搶救後仍宣告不治。請繼續往下閱讀...現場相關駕駛人經警方檢測，均無酒駕、毒駕情形，詳細肇事原因及責任歸屬，仍待後續調查釐清。警方呼籲，駕駛人切勿任意違規停車，停車亦應選擇合法安全不影響人車通行處所，另變換車道前應注意周邊來車並依規定使用方向燈，行經大型車周邊應保持安全距離、避免進入視野死角，影響安全。屏東縣九如鄉一部砂石車擦撞機車，疑和前方小貨車停在路邊有關。（里港警分局提供）    ,https://news.ltn.com.tw/news/society/breakingnews/5544277
彰化10月大女嬰疑遭虐猝死  生父淚訴她一生「1/3在拖車度過」,社會,2026/08/18 19:18,女嬰生父爆料稱，女嬰生前有3個月的時間，都是在拖車上度過。（民眾提供）彰化縣10個月大女嬰日前不治，醫護發現身上有瘀青緊急通報，她的生母與繼父坦承犯行，但稱不小心所致，檢方依妨害幼童發育致死罪聲押，法官裁定交保並限制住居。女嬰生父出面爆料指出，該名繼父是其前妻第5任交往對象；女兒死後前妻才告訴他，有3個月時間，女兒被安置於拖車上生活，沒想到再見到女兒，已成了一具冰冷遺體。昨天（17日）是女嬰的頭七，生父帶著女兒喜愛的洋裝與玩具，悲痛回到彰化殯儀館小靈堂探視女兒，他在靈前哽咽承諾一定會為她討回公道。女嬰明天（19日）出殯，生父表示不希望媒體到場，希望讓女嬰好好的離去。請繼續往下閱讀...本月11日晚間女嬰的26歲生母與其繼父，發現10月大的女嬰陷入昏迷、意識不清，緊急送往彰化基督教醫院搶救，但女嬰經急救後仍宣告不治。醫護發現女嬰身上帶有輕微瘀傷，院方依法通報檢警及社政單位介入，警方通知到案偵訊後移送彰化地檢署偵辦。彰化地院指出，女嬰的生母與繼父有承認犯罪，但不是故意把女嬰弄死，像是不小心造成女嬰死亡，法官將2人依妨害發育致死罪交保並限制住居，每天要向警方報到。生父指出，其女兒死後前妻才告訴他，女兒被安置於拖車上生活長達3個月之久；前妻離婚前曾承諾會妥善照顧女兒，沒想到之後竟斷絕聯繫，還屢屢阻擋他探視女兒，不料如今再見到女兒，竟已是一具冰冷的遺體。生父準備了洋裝、玩偶等物品放置在小靈堂前，哽咽的說，原本女兒生日時要帶她出遊，如今只剩手機裡數張照片可供思念。租屋處不准養小孩？彰化女嬰養在貨車上 高大成：4小時即脫水亡女嬰的生父準備了零食、玩偶到小靈堂悼念。（民眾提供）禮儀社業者為女嬰沖泡牛奶。（民眾提供）    ,https://news.ltn.com.tw/news/society/breakingnews/5544271
首例國防無人機採用中製零件！得標商頻繁出入中國  檢將查中方是否介入,社會,2026/08/18 18:51,高雄橋頭地檢署破獲首例國防無人機採購涉犯國安法。（民眾提供）高雄橋頭地檢署破獲首例國防無人機採購涉犯國安法，航見科技股份有限公司負責人張東琳與協力廠商羅翊祥涉嫌以中國晶片組成無人機魚目混珠，還張貼公司標籤遮蔽中國產地，軍方普驗時揪出函送法辦；檢方認定2人涉犯國安法、詐欺取財未遂罪嫌聲押，法院裁定張男羈押禁見、羅男無保請回，因張男頻繁出入中國，檢方將追查中國是否介入。檢方調查，陸軍八軍團去年公開招標無人機採購案，準備作為人員訓練使用，由於國防採購涉及國家安全與國軍戰力，軍方明訂合約禁止使用中國來源產品，原本預算金額450萬元，航見科技股份有限公司以295萬元低價成功搶標，三度交貨共180架無人機。請繼續往下閱讀...軍方為防堵紅色供應鏈全面驗收，赫見使用中國、香港及澳門製產品，尤其無人機核心晶片、飛行控制板、機體電池接頭竟使用中國製產品，還以公司貼紙遮蔽中國產地，更出具產地在台灣不實證明，企圖蒙騙軍方以為符合規定過關，但仍被軍方識破，函送橋頭地檢署偵辦，並未支付採購價金。檢方查出，航見科技股份有限公司負責人張東琳與睿揚創新科技有限公司技術主管羅翊祥為合作夥伴，提供軍方無人機出廠證明書，生產地都是台灣航見科技股份有限公司，還瞎扯產品及研發均自行生產，且與學校實施產學合作，因此可以降低成本。檢方11日搜索2間公司，卻未見生產無人機，帶回張男、羅男2人偵辦，羅男坦承向中國廠商購買無人機零件，再以貨運來台組裝後交付軍方；張男則全盤否認犯案，由於張男頻繁出入中國，檢方將透過金流深入追查，釐清中國是否介入國防標案。    ,https://news.ltn.com.tw/news/society/breakingnews/5544228
國3通霄段2車碰撞翻覆  南下車流回堵至少1公里,社會,2026/08/18 18:27,國道3號南下通霄段車禍，車輛回堵至少1公里。（民眾提供）國道3號南下約145公里處、苗栗縣通霄鎮路段，一輛大貨車跟一輛小貨車今天傍晚5點多發生碰撞翻車事故，其中大貨車失控直接衝向路肩側翻，小貨車則在內側車道「倒頭栽」翻覆，2輛車駕駛已脫困並送醫，國道警方正在排除事故、釐清事發原因。國道警方指出，事故發生地點約為國道3號南下145公里處，獲報趕至現場一輛大貨車已失控衝向路肩，駕駛自行脫困，至於小貨車則翻覆倒在內側車道上，救護人員將駕駛救出，目前送醫，剛好遇到下班車流，目前有回堵狀況，至少1公里，民眾務必注意，警方正釐清事故原因中。國道3號南下通霄段車禍，車輛回堵至少1公里。（民眾提供）    ,https://news.ltn.com.tw/news/society/breakingnews/5544223
中國伏季休漁結束  海巡驅離越界中國漁船8艘,社會,2026/08/18 18:07,海巡署因應中國伏季休漁期結束，提前部署威力掃蕩。（澎湖海巡隊提供）中國伏季休漁期16日中午12時結束，海巡署金馬澎分署為防範中國漁船，大舉越界侵擾我國管轄海域，金、馬、澎3離島各巡防區，16日至18日期間執行「岸海聯合、異地同步」威力掃蕩專案勤務，共驅離越界中國漁船8艘，查獲國籍漁船違規作業1艘。此次專案勤務由各巡防區統整海、岸巡及查緝單位量能，共動員巡防艇35艘次、執法人力727人次、巡邏車200車次及偵搜犬6隻。海巡雷達偵蒐依過往越界熱區研判趨勢，超前部署艦艇兵力，特別針對澎湖七美西方周邊海域強化偵蒐密度，將勤務能量前推至限制水域外界線巡弋；同時持續拜會各轄區漁會，以即時掌握國籍漁船作業區域及海況動態，機動調整勤務部署。請繼續往下閱讀...金馬澎分署表示，自今年1月以來，其中澎湖海域已驅離越界中國漁船102艘，並帶案扣留2艘，依法裁罰新台幣240萬元，將持續提升偵蒐能量及強化情資研判，針對中國三無漁船、驅離無效或抗拒檢查者強力執行取締，絕不姑息。同時籲請漁民朋友，海上作業期間如發現中國漁船越界作業、破壞網具等不法情事，請立即撥打海巡報案專線118，或透過無線電及作業海域漁業電臺通報，提供具體事證，海巡單位將立即派遣線上艦艇前往應處，全力守護我國漁民作業權益與財產安全。海巡隊員針對疑似可疑船隻，登船進行臨檢。（澎湖海巡隊提供）    ,https://news.ltn.com.tw/news/society/breakingnews/5544179
獨家》防疫單車變公所財產？溪州卸任鄰長遭追討 縣府打臉：當初就是贈送,社會,2026/08/18 17:57,彰化縣溪州鄉三圳村前鄰長顏秋絨，在疫情期間獲縣府與公所致贈2輛腳踏車代步。（記者陳冠備攝）彰化縣溪州鄉三圳村鄰長顏秋絨，在疫情期間協助政府宣導防疫、催打疫苗，獲縣府與公所致贈2輛腳踏車代步。不料她卸任後，公所竟以「公有財產」為由要求繳回單車。顏女不滿表示，當時明明公開「贈送」，如今疫情過了竟變成公家財產，讓她感覺辛苦被漠視，遭到背叛。對此，彰化縣政府民政處否認追討，強調縣府當初定位就是「致贈」，全縣其他鄉鎮市均無要求繳回狀況；溪州鄉公所則表示，已暫緩收回，待釐清規定後再議。請繼續往下閱讀...「最辛苦的那3年被漠視了！」顏秋絨沉痛表示，疫情最嚴峻時，她每天冒著染疫風險挨家挨戶宣導政令、鼓勵鄉親接種疫苗，為此，公所與縣府於2022與2023年間致贈腳踏車表達感謝，當時從未告知卸任須歸還。「怎麼疫情過了，腳踏車就變成公家的？」顏秋絨強調，若有明確規定要將單車交給新任鄰長使用，她也願意配合，但公所至今提不出財產規範，且今年1月卸任、8月才通知，不符常理，她質疑近期曾替其他鄉長參選人站台，與現任鄉長支持的人選打對台，而遭政治針對。對此，彰化縣政府民政處指出，縣府2023年舉辦「感謝有鄰」活動，致贈全縣9215名鄰長腳踏車，當初定位就是「致贈」，目前其他鄉鎮市均無收回狀況。民政處表示，「致贈活動」委由各公所辦理，若公所要列為公有財產，贈送前理應完成財產申報登記並訂立使用規範。溪州鄉公所回應，公所當初編列82萬元預算購買237輛腳踏車給鄰長，隔年再配合縣府發放。依縣府函文相關規定，離職鄰長的管理與使用由公所自行決定，因此才會要回腳踏車給新鄰長使用，另外，點交名冊即為財產名冊，絕無政治針對。鄉長江淑芬表示，目前縣府規定與公所認定有所出入，已向上級反映，在取得明確規範前，將暫緩收回腳踏車。彰化縣政府2023年舉辦「感謝有鄰」活動，致贈全縣9215名鄰長腳踏車，當初定位就是「致贈」。（資料照）溪州鄉公所於2022年舉辦贈送防疫單車儀式，當時未向鄰長說明，卸任須歸還規定。（資歷照）溪州鄉公所編列82萬元預算購買237輛腳踏車給鄰長，後方都貼有「溪州鄉公所鄰長公務車」貼紙。（記者陳冠備攝）    ,https://news.ltn.com.tw/news/society/breakingnews/5544140
地方選舉防境外介選！徐錫祥示警深偽假訊息侵擾 嚴查不法金流,社會,2026/08/18 17:38,查賄工作會議由北檢檢察長王俊力主持，各選舉查察責任區主任檢察官及檢察官與會，執行秘書、主任檢察官李仲仁報告查賄整備及反賄選宣導情形。（記者劉詠韻翻攝）今年地方選舉將屆，最高檢代理檢察總長徐錫祥、高等檢察署檢察長張斗輝昨赴台北地檢署視察查賄整備。徐錫祥示警，本屆選舉將面臨嚴峻的境外勢力介選及深偽假訊息侵擾；張斗輝則指出，將統合查察機關追查不法金流，從源頭阻斷境外勢力介選。北檢表示，目前已前往雙北轄區10個警察分局、2個調查處及移民署北區事務大隊舉行選舉查察座談，檢視各機關整備狀況，以及對轄區高風險對象、地區的掌握程度，並針對當前查賄困難及挑戰研議因應作為，整合查賄量能。請繼續往下閱讀...徐錫祥聽取報告後指出，今年地方選舉勢必面臨嚴峻的境外勢力介選及深偽假訊息侵擾，主任檢察官應帶領檢察官深入追查，發揮團隊辦案精神，嚴辦妨害選舉不法；第一線檢察官若遇法律爭議，最高檢也將即時研析並提供協助。張斗輝表示，查賄「地雷」布置應持續滾動檢視，落實情資查證及研析，才能達成精準打擊，高檢已指派專責檢察官，與各地檢署建立聯繫管道，並將統合各查察機關規劃查緝不法金流專案，從資金源頭阻斷、防範境外勢力介選。北檢檢察長王俊力表示，北檢將落實各項查賄整備，貫徹「有聞必查、有據必辦」，並呼籲民眾踴躍檢舉賄選，可撥打0800-024-099轉4，或北檢專線02-2311-1816，檢舉獎金最高2000萬元，檢舉人身分將絕對保密。會議由王俊力主持，各選舉查察責任區主任檢察官及檢察官與會，執行秘書、主任檢察官李仲仁報告查賄整備及反賄選宣導情形。最高檢代理檢察總長徐錫祥赴台北地檢署視察查賄整備。（記者劉詠韻翻攝）    ,https://news.ltn.com.tw/news/society/breakingnews/5544124
台中警又爆「白單轉紅單」貪污圖利醜聞   1人收押、9人交保,社會,2026/08/18 17:34,台中市警局又爆「白單轉紅單」貪汙圖利案件。（記者陳建志攝）首次上稿 11:53更新時間 17:34台中市第六分局西屯派出所前年9月爆發「白單轉紅單」貪污圖利，共有31名官警涉案仍在審理中，不料第四分局大墩派出所也傳出同樣的圖利弊案，台中地檢署昨天大動作，前往相關員警的辦公室和住處進行搜索，並約談陳姓警員等被告和1名證人到案，其中陳姓警員羈押禁見，餘9員則以5萬元至8萬元不等金額交保候傳。請繼續往下閱讀...台中市警局第四分局大墩派出所陳姓員警等11人，被警政署政風室查出，2019年到2021年任職大墩派出所期間，因人情請託，將違規車輛檢舉罰單進行不實記載，疑似將罰金較高的「白單」轉為罰金較低的「紅單」，涉嫌圖利。台中地檢署昨天指揮內政部警政署政風室等單位，前往陳姓員警等人辦公處及住處共10處執行搜索，並約談被告陳員等11人被告、1名證人到案說明。經檢察官偵訊後，認陳男涉犯貪污治罪條例第6條第1項第4款之公務員對主管監督事務圖利及偽造文書等罪嫌重大，因所犯為最輕本刑5年以上有期徒刑，且有串證之虞，向法院聲請羈押禁見。另黃姓員警等10人涉犯偽造文書等罪嫌重大，因無羈押必要，分別諭知請回、新台幣5萬元至8萬元具保候傳。台中市警局則表示，將秉持「不掩飾、不庇縱、不護短」的原則，配合台中地檢署後續偵辦，並持續強化風紀管理及法紀教育宣導，展現維護警察形象與提升團隊紀律的決心。    ,https://news.ltn.com.tw/news/society/breakingnews/5543595
中聯油脂食安風暴起訴15人 中聯、福壽反應曝,社會,2026/08/18 17:32,中聯公司針對高層遭起訴事件，不予回應。（記者張軒哲攝）中聯油脂大豆沙拉油驗出一級致癌物「苯駢芘」超標，引爆重大食安風暴，台中地檢署今偵結依違反食安法，起訴中聯董事長蔡清松、總經理余凌冲、福壽董事長洪堯昆、福懋油總經理張志賓、泰山董事長劉偉龍等15人與中聯、福壽、福懋油與泰山等4家公司法人；中聯油脂和福壽實業針對起訴一事，皆不便回應。中聯油脂蔣姓襄理今日表示，對檢方起訴內容不便表示意見；福壽實業公司徐姓協理說，公司暫不表示意見。    ,https://news.ltn.com.tw/news/society/breakingnews/5544118
椰子殼是垃圾非廚餘 醉男丟菜葉遭拒持刀嗆清潔隊員 被判6月,社會,2026/08/18 17:04,為了椰子殼是廚餘還是垃圾？彰縣北斗鎮一名醉男持刀與清潔隊員理論，被判6月徒刑。（示意圖，資料照）椰子殼是垃圾還是廚餘？家住彰化縣北斗鎮黃男，不滿清潔隊員只收其他民眾的椰子，卻未收他的菜葉，竟持菜刀攔下垃圾車，到駕駛座旁以刀敲擊車窗並大聲叫囂，被移送法辦。該案經過法院審理，判處黃男6月徒刑。黃男今年5月21日下午，酒後拿家中的菜葉殘渣傾倒，他見垃圾車只收取其他民眾丟棄的椰子殼，竟不收他的的菜葉，竟拿一把菜刀上前攔下垃圾車，走到駕駛座旁以菜刀敲擊車窗並大聲叫囂，垃圾車隊員報警，被迫中止垃圾清運任務。警方以現行犯逮捕黃男，並扣得菜刀一把。黃男酒測呼氣酒精濃度達每公升1.23毫克。請繼續往下閱讀...黃男說，他只是「提醒」清潔隊員不要收椰子殼進垃圾車，他不解「為何椰子殼被認定為垃圾？為何不收他的菜葉？法官表示，被告酒後僅因細故，持刀將執行公務之告訴人車輛攔下，並大聲對告訴人叫囂，使告訴人心生畏懼，且藐視國家公務員公權力之正當行使，有害公務員對國家公權力之執行，觸犯《妨害公務執行罪》，依其動機和犯後態度，判處6月徒刑。彰化縣環保局表示，彰化縣的生、廚餘都有認定標準，椰子殼跟魚刺、魚骨、貝殼、蝦蟹殼、榴槤殼、竹筍殼、玉米芯、粽葉、生肉等一樣，為不屬於廚餘的「垃圾類」。    ,https://news.ltn.com.tw/news/society/breakingnews/5544068
酒駕肇逃返家喝鹿茸酒 無法客觀取得酒測值不起訴,社會,2026/08/18 16:55,由於酒駕駕駛在警方酒測前又喝酒，罪證疑有利被告，檢察官不起訴處分。（記者劉人瑋攝）台東發生一起酒駕肇事車禍卻不起訴案件，酒測值還高達0.61，原來是宋姓男子酒後與人擦撞，警方追到他家酒測前，宋男已喝了瓶鹿茸酒，無法客觀測得其肇事後酒測值，檢察官才對其做出不起訴處分。處分書載明，今年1月10日9時起至同日9時50分許止，在台東市志航路1段某處工地飲用含酒精成分之保力達飲料後，當天11時30分許，駕駛自用小客車上路，12時許在東河鄉台11線與案外人林姓駕駛之自用小客車擦撞後即駕車離去。請繼續往下閱讀...但警方下午2時48分許才追到宋某家中進行酒測，測得吐氣酒精濃度值為每公升0.61毫克，並以酒駕、違反公共危險移送。宋某供稱，即使酒後上路自己並無違法，車禍當下，由於不想與對方發生爭執，因此直接開車回家，到家後還喝了一瓶鹿茸酒，警方才到家酒測。檢察官在處分書中表示，由於採證時間在宋某又喝酒後，罪證有疑、有利被告，因為對其做出不起訴處分。    ,https://news.ltn.com.tw/news/society/breakingnews/5544030
暑期戲水慎選安全場域 違規最高開罰15萬元,社會,2026/08/18 16:38,三峽大豹溪為熱門戲水景點，開放期間現場有合格救生員駐守。（新北市觀旅局提供）暑假期間天氣炎熱，海邊、溪流及河岸等水域成為民眾消暑熱門去處，然而開放性水域易受水流、地形、潮汐及天候等自然因素影響，潛藏不可預測風險。新北市觀光旅遊局提醒，民眾應優先選擇有人管理、設有救生員及救生設備的場域，從事水域遊憩活動，如違反公告禁止或限制事項，最高可處15萬元罰鍰。觀光旅遊局指出，新北市擁有豐富海岸及溪流資源，包括石門白沙灣、三芝淺水灣、金山中角灣、福隆海水浴場及三峽大豹溪指定戲水區等熱門場域，開放期間均配置救生員，提供民眾較安全的親水環境。民眾抵達水域後，應先確認開放範圍及相關警示，遵守現場管理規定及救生人員指示，切勿擅自進入公告禁止或限制活動的水域。請繼續往下閱讀...觀旅局表示，海域可能因潮汐、浪況及天候快速變化，民眾可利用海洋委員會國家海洋研究院建置的「Go Ocean」海洋遊憩風險資訊平台或APP，事先掌握海域風險資訊，避開高風險時段及區域；溪流及河川可能因上游降雨造成溪水暴漲，即使下游天氣晴朗，也可能瞬間發生危險，應避免進入攔砂壩、攔河堰及水庫蓄水範圍等危險水域，家長帶孩童戲水時，須全程陪同照護，避免發生意外。觀光局表示，從事水域遊憩活動如違反公告禁止或限制事項，最高可處15萬元罰鍰；如遇颱風警報、海嘯警報、大雨特報、長浪警戒或其他公告禁止情形，違者最高可處20萬元罰鍰。    ,https://news.ltn.com.tw/news/society/breakingnews/5544043
竹聯幫明仁會勾結旅行社仲介赴柬詐騙機手 20人遭逮,社會,2026/08/18 16:33,警方在主嫌張仁豪住處搜索。（記者邱俊福翻攝）竹聯幫明仁會幹部張仁豪，涉嫌協助隱身柬埔寨的「假中國公安」詐騙集團機房，自國內招攬機房機手，並勾結在泰國有開設分店的旅行社，使用員工泰國信用卡支付這些赴柬機手的機票錢，再製作虛假的回程行程單、住宿資料，以規避出境的關懷提問與避免引起檢警單位注意；刑事警察局偵七大隊第三隊經長期蒐證，自今年2月起展開3波查緝行動，逮捕張男、旅行社林姓負責人，以及幹部、機手等20人到案，分依組織犯罪、加重詐欺、詐欺犯罪危害防制條例等罪嫌，移送雲林地檢署偵辦。檢方複訊後將張男，以及沈姓、徐姓幹部與旅行社林姓負責人等4人向法院聲請羈押，法院裁定沈姓、旅行社林姓負責人聲押獲准；張男、徐男諭令20萬元交保後，張男目前因另涉槍砲案件判刑確定，已入獄服刑。請繼續往下閱讀...警方去年間偵破新竹地區「風飛砂」風北會幫派份子陳冠希，涉嫌於柬國成立詐騙機房，以假公安詐騙中國民眾，同時在台吸收車手到中國取款，造成46人受害、財損2億多元，共逮捕陳等25人送辦後，經擴大追查，且於泰國、中國警方情資共享下，鎖定28歲張男所屬不法集團，專門在台提供該機房機手的人力仲介，分潤詐騙所得的百分之5至10。警方表示，該集團透過刊登境外招募人力廣告，以高薪、中文打字、包吃住等噱頭，引誘急需工作的民眾上門，而為避免購買機票時，航空公司關懷詢問住處與回程日期等資料與引起檢警的注意，勾結雲林縣斗六市一家旅行社，透過該旅行社在泰國的旅行社，協助辦理這些機手出境到金邊與泰國的手續，並製作虛假的回程行程單與住宿資料等。去年至今年4月間，至少有百餘人被仲介前往柬國擔任詐團機房機手，這些機手有人留在柬國從事詐騙，不適應則返國，另有部分遭柬國、中國警方查獲逮捕，在中國服刑期滿返國。今年2月至4月，警方發動3波搜索查緝，逮捕張男與旗下沈姓、徐姓幹部，以及旅行社林姓負責人、林姓金主、返台的機手等20人到案，查扣現金306萬餘元、虛擬貨幣泰達幣1萬多與犯案手機、銀行存摺、金融卡、點鈔機等贓證物，依法送辦。警方於沈姓幹部住處搜索。（記者邱俊福翻攝）    ,https://news.ltn.com.tw/news/society/breakingnews/5544002
越南「火辣女醫」匯來5萬美金？ 台中4旬男暈船險寄金融卡,社會,2026/08/18 16:17,謝男（中）結識自稱在「越南開整形醫院」單身女，趕到超商要寄金融卡。（讀者提供）台中40歲謝男在臉書結識自稱在「越南開整形醫院」單身女醫，短短5天被灌迷湯互稱老公、老婆，這名「37歲單身女醫」稱要來台中會面，要先轉5萬美金到台灣帳戶，由於海關限制十萬台幣入境，要求謝男到超商寄金融卡到越南以利轉帳。烏日警分局說，深夜獲報趕往轄區超商，店員稱謝男疑遭詐騙，「老婆」自稱在越南經營整形醫院，規劃下週23日到台中定居並開瑜伽教室，要與謝男同居共度餘生，超商店員立即透過警方建置「QR Code快速報案」機制通報。請繼續往下閱讀...烏日派出所長楊明勳表示，「單身女醫」誆稱來台團聚，入境海關攜帶現金僅限新台幣10萬元，因在台帳戶遭註銷，想要先匯入美金5萬元至謝男帳戶作為日後共同生活基金，要求謝男將金融卡寄到越南以利作業。「單身女醫」告知謝男，5萬美金等回台再一起領出來，「老公」要是有用到可以先用錢，剛好也是瑜伽教室要用到很多錢，可以多陪在老公身邊，「辛苦親愛的，把帳戶戶主姓名，拍照傳給老婆」好嗎？警方強調，這是典型「假交友真詐騙」手法，謝男仍深信對方真情，經員警層層抽絲剝繭分析，驚覺跨國熱戀全是一場空，在超商停止寄出存摺，頻向員警及店員致謝，避免淪為詐欺集團替死鬼。    ,https://news.ltn.com.tw/news/society/breakingnews/5543953
雲云董座狠殺技術長判無期提上訴  主張量刑過重盼減刑,社會,2026/08/18 16:09,曾志新今開庭承認犯罪事實，但其辯護律師主張量刑過重，認為原審量刑有誤，違反重複評價禁止原則，且未充分審酌對其有利的量刑因素。（記者楊心慧攝）雲云科技前董事長曾志新與梁姓技術長因工作發生摩擦，曾男去年3月7日預藏主廚刀，在梁男的離職交接會議上刺死梁男。台北地檢署去年6月依殺人罪起訴曾男，台北地院國民法庭判處無期徒刑，褫奪公權終身。曾男針對量刑提起上訴，高院今開準備程序庭，曾志新承認犯罪事實，但其辯護律師主張量刑過重，認為原審量刑有誤，違反重複評價禁止原則，且未充分審酌對其有利的量刑因素。雲云科技推出的智慧寶寶攝影機，主要用於監控嬰兒睡眠安全，在嬰兒照護市場中相當知名，但曾男和梁男在工作上產生嫌隙，曾男於去年2月26日購買主廚刀後放在公司櫃子。梁男同年3月6日於公司內部群組刊登道別長文，內容談及梁男在雲云科技的種種經歷以及他和曾男的各種摩擦。請繼續往下閱讀...隔天曾男將主廚刀藏在自己的背心左胸口袋，前往會議室參與梁男的離職交接會議，並在成功要求梁男撤下道別長文後，假借離開會議室，卻在行經梁男背後時，取出主廚刀朝對方頭、背、頸部猛刺至少9刀，梁男送醫不治。曾男一審開庭時主張當時社群上有許多帳號批評公司，影響團隊士氣和投資人意願，致使他身心俱疲，才會衝動犯案，建請判處10年刑期。雖然曾志新與被害人家屬達成調解，但被害人家屬僅是為避免訴訟糾纏，心理上並未原諒，一審認定無法視為量刑的有利依據，因此最終判處曾志新無期徒刑、褫奪公權終身。案經上訴，高院今開準備程序庭，曾志新的辯護律師主張，對於犯罪事實不爭執，僅針對量刑部分上訴，認為原審量刑有誤，違反重複評價禁止原則，且未充分審酌對其有利的量刑因素。曾志新則表示，承認犯罪事實，對證據皆不爭執。梁姓技術長家屬表示，上訴理由不符合國民法官法第92條及最高法院台上字第1855號判決意旨，以及同法第91條規定，對原審量刑判斷應給予高度尊重；本件原審就足以影響科刑結果的各項情狀均已充分審酌，量刑並無明顯不當或違法之處，盼維持原判。法官諭知，下次開庭時間為9月22日上午10時。    ,https://news.ltn.com.tw/news/society/breakingnews/5543948
苗栗男毒駕逆向撞死騎士肇逃被起訴 最高恐判無期徒刑,社會,2026/08/18 16:07,苗栗縣林姓男子，涉嫌毒駕逆向撞死騎士肇逃，遭苗栗檢方起訴，圖為苗栗地檢署外觀。（資料照）苗栗縣竹南鎮7月1日傍晚發生林姓男子駕車偏駛至對向車道，撞擊對向車道騎士，該名騎士雖經送醫救治，仍於當晚不治死亡；而林男於肇事後，竟棄車逃逸後被逮，苗栗地檢署向苗栗地方法院聲請羈押獲准迄今；林男涉嫌毒駕，苗栗檢方今（17）日依過失致死等罪嫌提起公訴，因林男有毒品及公共危險罪等前科，為累犯，依法可量處5年以上至無期徒刑。檢警調查，1名47歲林姓男子7月1日傍晚駕駛休旅車行經苗栗縣竹南鎮龍山路3段時，突逆向撞擊對向1名唐姓機車騎士，導致唐男送醫後不治身亡，林男車禍後隨後棄車逃逸。竹南警分局接獲報案後成立專案小組，並報請苗栗地檢署檢察官指揮偵辦，於案發後5小時內在造橋鄉將林嫌逮捕到案，並在肇事車內搜出「喪屍煙彈」依托咪酯，並發現林男吸安非他命後開車上路，全案依肇事逃逸、過失致死、持有及施用毒品等罪嫌移送苗栗檢方偵辦。請繼續往下閱讀...苗栗檢方偵辦後，抽血檢驗林男有海洛因甲基安非他命及酒精反應，無依托咪酯反應。全案檢察官偵查終結，以林男涉犯刑法第185條之3第3項前段之曾犯同法第185條之3之罪，經有罪判決確定，於10年內再犯同法第185條之3第1項第1款、第3款之罪，因而致人於死、同法第185條之4第1項後段之駕駛動力交通工具發生交通事故致人於死而逃逸等罪嫌，提起公訴。苗栗地檢署指出，將持續結合警察機關強力查緝毒駕，對於漠視公共安全之毒駕行為，從嚴追訴，絕不寬貸，以彰顯對毒駕犯罪零容忍決心，守護全體國人生命身體安全。又曾犯毒（酒）駕案件，經有罪判決確定或經緩起訴處分確定，於10年內再犯毒（酒）駕，因而致人於死者，最高可處無期徒刑，呼籲民眾切勿以身試法。    ,https://news.ltn.com.tw/news/society/breakingnews/5543956
疑電動自行車釀禍！三代5口透天厝起火  母子2樓嗆傷獲救,社會,2026/08/18 16:06,南投草屯鎮透天厝發生火警，消防員進入屋內將2樓嗆傷母子救出。（民眾提供）南投縣草屯鎮一間住有3代5口的透天厝，今上午突然起火竄出黑煙，南投縣消防局派出多個分隊灌救，當時2樓還有女屋主與11歲男童，所幸消防員及時救出，2人僅有輕微嗆傷，由於起火點在屋內微型電動二輪車附近，是否因充電引發火災仍要進一步釐清。消防局表示，該透天民宅住有奶奶、父母，以及男女幼童，消防人員獲報到場時，阿嬤、父親、女童都已逃出，只剩媽媽、男童還在2樓，當下消防員立即進入火場將2人救出，所幸僅有嗆傷，送醫後已無大礙。請繼續往下閱讀...消防局說，該起火警也動員鄰近草屯、中興、碧興、鳳鳴、南投等5個分隊人車投入灌救，事後在1樓疑似起火點發現停有2輛微型電動二輪車，是否因鋰電池充電引發火警仍待火場鑑識調查。    ,https://news.ltn.com.tw/news/society/breakingnews/5543991
拿中國貨混充「國造無人機」 航見科技梧棲空殼據點曝光,社會,2026/08/18 16:06,航見科技公司地址登記在台中市梧棲區一間大型複材科技公司。（記者張軒哲攝）航見科技股份有限公司去年得標陸軍第八軍團無人機採購案，負責人張東琳及技術主管羅翊祥竟涉嫌採購中國無人機晶片、飛行控制板等組裝無人機，向軍方交付無人機企圖矇混過關，記者今日下午前往航見公司登記於梧棲區地址，卻是一間複材科技公司，公司員工指稱，航見只是租用一處場地辦公，員工近期都未出現，對於涉案一事，並不了解。高雄橋頭地檢署指揮高雄市調處今年8月前往航見公司執行搜索，並傳喚登記負責人張東琳到庭，經法院裁定被告張東琳羈押禁見，法官諭知羅翊祥請回。請繼續往下閱讀...記者今日下午前往航見公司登記位於台中市梧棲區梧南路地址，此區有近十家傳統產業工廠，卻不見航見公司招牌，地址是一間大型複材科技公司，鄰居都說沒聽過航見這家公司，鄰居指出，這家複材公司前身是機械工廠，這兩年易主，變成複材科技公司。    ,https://news.ltn.com.tw/news/society/breakingnews/5543957
人夫遠端操控掃地機器人拍妻外遇證據 告贏民事卻犯刑事罪,社會,2026/08/18 16:04,桃園人夫遠端操控掃的機器人內建錄影功能拍攝妻子隱私，即使是蒐證外遇影像，法官認為亦非正當理由，人夫被判處5月徒刑，圖為示意圖。（記者鄭淑婷攝）桃園市一名人夫發現妻子疑似有「小王」，還帶回名下度假屋幽會，遂以掃地機器人內鍵錄影功能蒐證，果然拍到兩人的親密證據，人夫提告求償獲賠50萬元，不過，妻子反控丈夫無故攝錄他人影像，桃園地院近日判處人夫5月有期徒刑。夫妻倆於2021年結婚，平時與公婆同住，假日才會到度假屋，原本兩人相處和睦，2023年9月起人夫發現妻子行為有異，度假屋還有不明男子的牙刷等物品，查看停車場監視器，赫見曾有陌生男子搭載妻子入內，還在度假屋內過夜。請繼續往下閱讀...人夫懷疑妻子有「小王」，去年12月間，以掃地機器人內建錄影功能蒐證，果然拍到人妻與男子幽會畫面，兩人不僅親密擁抱、在對方面前更衣，妻子甚至全裸在男子面前走動，男子則宛如男主人隨意躺臥沙發，人夫怒持影像證據控告妻子及「小王」侵害配偶權並求償200萬元，桃園地院判賠50萬元。妻子不甘示弱反控丈夫偷拍，人夫否認有何無故攝錄他人性影像犯行，是因配偶權遭妻子及「小王」侵害，而以這些影像作為證據，對兩人提出民事告訴，民事一、二審判決也都認為他取得影像是有必要性，並非無故取得影像，而是行使法律上的權利。不過，判決指出，所謂「無故」是指欠缺法律上正當理由者而言，至於理由正當與否須綜合考量行為的目的、行為當時的人事時地物、侵害程度等等的因素，若只要懷疑或有調查配偶外遇的必要，就恣意窺探、取得他方非公開活動、言論、談話等隱私領域，仍難認具有法律上的正當理由，且家庭生活可能較一般限縮隱私權範圍，但並非全無隱私可言，配偶雙方仍應尊重其隱私不受侵害。另，隱私權是人格法益及人格發展的核心範疇，配偶權則屬身分法益，配偶雙方人格各自獨立，因此，隱私權的位階本應優於配偶權的保障，婚姻關係並不代表必須放棄隱私或接受對方全盤監控，當一方行使訴訟權舉證與他方隱私權發生衝突時，仍須受比例原則約束，不能僅憑調查外遇或動機良善」即認定有正當性，因此，人夫辯稱為維護配偶權，才透過APP遠端開啟掃地機器人錄影功能，拍攝妻子私密性影像並非無故，並不足採。此外，人夫辯稱拍攝地點在客廳、設備非他所私設，且設備啟動時有語音或燈光提示，妻子在住宅內仍享有合理的隱私期待，但該提示也無法推論妻子同意被拍攝，且民事判決並不影響刑事違法性的認定，人夫行為仍構成刑法無故攝錄他人性影像罪。    ,https://news.ltn.com.tw/news/society/breakingnews/5543937
北捷女子車廂斜放長傘擋路遭勸阻  情緒失控大聲咆哮,社會,2026/08/18 15:59,女子車廂斜放長傘擋路，遭客勸阻情緒失控，警陪同離站（記者劉慶侯翻攝）49歲林姓女子17日晚間7時許搭乘台北捷運時，在車廂內將長傘斜放，影響到其他乘客行動，有旅客見狀善意勸導改善，但林女突然情緒失控，大聲咆哮，驚擾到列車內所有旅客。捷運警察隊據報到場，為防對方情緒持續波動，陪同對方在士林站離開。警方表示，昨日晚間7時許，林女在捷運車廂內因手持長傘斜放的方式影響到其他旅客，由於當時正值捷運載客高峰期，她的行為造成多名旅客行經該處的旅客不便，有人出面勸阻，林女突然情緒激動、大聲吼叫。請繼續往下閱讀...有旅客見狀為防林女有自傷或傷人情況，立刻按下緊急服務鈴，站務人員以及捷運警察隊據報，立刻通知北市警局士林分局警員，在士林站處上車確認林女狀況。警方見到林女情緒持續激動，立刻要求對方下車，捷運公司則依照相關旅客運送契約等規定拒載，因林女沒有傷人、自傷疑慮，所以並無符合強制送醫的要件，員警陪同林女離開捷運站，確認其搭車離去。捷運警察隊表示，旅客搭乘捷運期間，如發現可疑人士或異常行為，可立即按壓車廂內緊急通話鈕，或就近向站務人員求助，亦可撥打110報案，捷警獲報後將立即派員到場處理，全力維護旅客搭乘捷運之安全。    ,https://news.ltn.com.tw/news/society/breakingnews/5543941
北捷女子車廂斜放長傘擋路遭勸阻  情緒失控大聲咆哮,社會,2026/08/18 15:59,女子車廂斜放長傘擋路，遭客勸阻情緒失控，警陪同離站（記者劉慶侯翻攝）49歲林姓女子17日晚間7時許搭乘台北捷運時，在車廂內將長傘斜放，影響到其他乘客行動，有旅客見狀善意勸導改善，但林女突然情緒失控，大聲咆哮，驚擾到列車內所有旅客。捷運警察隊據報到場，為防對方情緒持續波動，陪同對方在士林站離開。警方表示，昨日晚間7時許，林女在捷運車廂內因手持長傘斜放的方式影響到其他旅客，由於當時正值捷運載客高峰期，她的行為造成多名旅客行經該處的旅客不便，有人出面勸阻，林女突然情緒激動、大聲吼叫。請繼續往下閱讀...有旅客見狀為防林女有自傷或傷人情況，立刻按下緊急服務鈴，站務人員以及捷運警察隊據報，立刻通知北市警局士林分局警員，在士林站處上車確認林女狀況。警方見到林女情緒持續激動，立刻要求對方下車，捷運公司則依照相關旅客運送契約等規定拒載，因林女沒有傷人、自傷疑慮，所以並無符合強制送醫的要件，員警陪同林女離開捷運站，確認其搭車離去。捷運警察隊表示，旅客搭乘捷運期間，如發現可疑人士或異常行為，可立即按壓車廂內緊急通話鈕，或就近向站務人員求助，亦可撥打110報案，捷警獲報後將立即派員到場處理，全力維護旅客搭乘捷運之安全。    ,https://news.ltn.com.tw/news/society/breakingnews/5543941
望安民眾上消化道出血 澎湖海巡接力後送就醫,社會,2026/08/18 15:56,澎湖海巡隊前往望安，以小船接駁病患上船。（澎湖海巡隊提供）海巡署金馬澎分署第十三巡防區今（18）日，上午8時25分接獲望安鄉衛生所通報，1名47年次男性民眾因上消化道出血，急需後送馬公就醫，澎湖海巡隊派遣線上PP-10091巡防艇前往協助後送，並同步通報金馬澎分署第七岸巡隊馬公安檢所及澎湖縣政府消防局，在馬公隊部等待配合協處，旋即開啟海上救護船模式，火速馳援望安，展開海路救護行程。10091艇獲報後趕赴望安，艇長考量潭門漁港水深不足，巡防艇進港恐有碰撞航安疑慮，立即回報巡防區協調民間船舶協助載送病患至港外接駁。上午9時8分10091艇抵達潭門漁港外望將水道，順利將病患、家屬及醫護人員共3人接駁上艇，並於上午9時58分抵達馬公港後，交由消防局救護車送往三軍總醫院澎湖分院就醫。請繼續往下閱讀...金馬澎分署表示，離島醫療後送攸關民眾生命安全，海巡人員全天候執勤，對於離島居民生命安全及醫療權益均高度重視，秉持「時間即生命，速度即希望」精神，呼籲民眾如有需要協助之情事，皆可撥打海巡署服務專線「118」或透過當地衛生所評估後通報，海巡署將立即派員前往應處。    ,https://news.ltn.com.tw/news/society/breakingnews/5543974
竹科女工程師騎機車撞卸貨大貨車 送醫不治,社會,2026/08/18 15:52,竹科工程師蕭女騎機車行經新竹縣竹東鎮公道路，自撞停在道路上卸貨的大貨車送醫不治。（民眾提供）新竹科學園區工程師44歲蕭姓女子，昨晚騎機車行經新竹縣竹東鎮公道路，自撞停在道路上卸貨的大貨車，經救護人員送醫搶救後仍宣告不治，全案已報檢警相驗確認死因。新竹縣政府警察局竹東分局表示，昨（17日）晚6點56分獲報這起車禍，蕭女騎乘機車自竹東鎮公道路直行往芎林方向，自撞前方停駛卸貨的大貨車。蕭女經救護人員送往新竹馬偕醫院急救，經醫療團隊搶救後仍宣告不治。請繼續往下閱讀...由於撞擊力道猛烈，蕭女騎乘的機車撞上貨車後方，幾乎整輛嵌進大貨車車斗下方，車身嚴重毀損，機車碎片散落路面。警方調查，大貨車駕駛59歲楊姓男子自稱，案發當時準備要將車上的木板卸下。警方表示，除針對大貨車確認違規事實後依規開罰，全案將待檢察官和法醫相驗釐清死因；若確認蕭女身亡與違停有關，全案將依過失致死罪嫌移送偵辦。    ,https://news.ltn.com.tw/news/society/breakingnews/5543952
台東疑車輛暴衝  先撞破圍牆再卡邊坡父亡子傷,社會,2026/08/18 15:50,駕駛兒子被救出。（民眾提供）卑南鄉富源村今天中午發生一起汽車墜落邊坡意外，一名70歲歲林姓駕駛早上開車載兒子到馬偕醫院回診，中午返家開進住家道路時汽車突然暴衝先撞破浴室圍牆，再衝往屋旁邊坡卡住，駕駛當場被拋出車外失去生命跡象，送醫不治。在小貨車失控、撞到民宅廁所後，駕駛方向盤右轉，直接衝入庭院前的邊坡還往前滑行約30公尺，林姓駕駛被拋出車外，頭部重創命危，卡在副駕駛座動彈不得的兒子自行用手機報案。請繼續往下閱讀...警消獲報後，消防隊員到場以鋼索固定車輛，協助將受困的兒子拉出車外，駕駛則由救護車送往醫院急救，詳細肇事原因有待釐清。自小貨撞壞磚造廁所後還繼續前行。（民眾提供）    ,https://news.ltn.com.tw/news/society/breakingnews/5543863
揭弊恐先背責！康友案判賠、京華城案遭起訴 獨董求生全靠「留痕」,社會,2026/08/18 14:57,士林地檢署主任檢察官葉耀群指出，獨董責任持續加重，私部門揭弊保障卻未同步到位，恐使獨董只能「留痕自保」，不敢真正吹哨。（記者劉詠韻翻攝）獨立董事被要求替公司治理把關，卻可能因監督不周賠償千萬元，甚至面臨刑事追訴。士林地檢署主任檢察官葉耀群以康友案、京華城案及福懋油案為例指出，主管機關持續加重獨董調查、揭弊責任，私部門揭弊保障卻未跟上，恐使獨董只敢「留痕自保」，不敢真正吹哨。葉耀群昨於中國文化大學以「孤獨的守門人」為題，談董事盡職治理責任與法律風險控管，指出康友案3名獨董因未能證明已督促改善內控、監督財報及關係人交易，被法院認定未盡善良管理人注意義務，各須賠償約1011萬元；京華城案中，中石化獨董陳瑞隆、朱雲鵬也因鼎越開發購地案，遭檢方依違反證券交易法起訴，顯示獨董若被認定監督失職，可能同時面臨民、刑事責任。請繼續往下閱讀...相較之下，樂陞案3名前獨董因遭經營者刻意隱瞞，且完整保留會議討論、資料蒐集及表達意見等履職紀錄，最終獲免責。投保中心統計，截至今年第1季，已針對10案、35名獨董啟動盡責審議，其中7人因完整保留履職紀錄而未被訴追。葉耀群認為，現行實務因此形成「留痕自保」的免責邏輯，卻未真正建立「揭弊保護」。福懋油獨董連仁隆等人去年曾公開拒絕為財報背書，質疑公司內部存在未揭露利害關係，行為已接近揭弊，但現行制度下，留下反對紀錄主要只能協助日後自保。另金管會今年2月公布「獨董協助或調查事項作業程序」，已將吹哨者事件列為獨董調查事項，但公益揭弊者保護法目前主要適用公部門，私部門揭弊保障迄未完成立法，負責調查、受理揭弊的獨董，也未必屬受保護對象。葉耀群指出，當獨董調查發現不法涉及控制股東或高階經營者，向上呈報或對外揭露時，角色實質上已從調查者轉為揭弊者，但現行法制並未明確保障其職位及法律責任。葉耀群表示，獨董即使負有調查義務，也未必能取得完整資訊，以泰山案為例，獨董當時僅取得一頁「處分有價證券明細」，缺乏交易背景、評估依據及法律意見；即使提出反對，在董事會也只有一票，未必能阻止議案通過。葉耀群認為，證券交易法目前僅規定已盡相當注意義務者得免責，並無明文「吹哨者抗辯」，司法實務又常要求獨董採取辭職、停止職務或具體揭露等更積極行動，才能主張免責，未來應完成私部門揭弊者保護法制，並明文化吹哨者抗辯、強化調閱文件及聘請專家等權限，讓保護密度追上責任擴張速度，避免獨董只求自保、不敢揭弊。    ,https://news.ltn.com.tw/news/society/breakingnews/5543878
挖土機曳引車漏油污染路面  高雄警將開罰最高1萬8千元,社會,2026/08/18 14:54,挖土機曳引車漏油污染路面，高雄警將開罰最高1萬8千元。（民眾提供）高市1輛裝載挖土機之營業貨運曳引車，昨（17）日深夜行經三民區建國三路、澄清路口，疑滲漏大片油漬至路面，險些造成經過的機車滑倒，警方獲報通知環保局清潔人員清理，今釐清後將依違反道路交通管理處罰條例，開罰駕駛3000元以上、1萬8000元。警方今（18）日表示，昨夜20時10分許接獲報案稱，三民區建國路三段與澄清路口路面有油漬影響車輛通行，警方獲報後迅速到場疏導交通並通知環保局清潔人員到場清理，經過40分鐘後排除路面油漬。請繼續往下閱讀...經調閱監視器，發現路面油漬為一部裝載挖土機之營業貨運曳引車行經路口處時所滲漏，違反道路交通管理處罰條例第30條第1項第2款規定，處3000元以上1萬8000元以下罰鍰，並責令改正或禁止通行，警方將依相關事證進行舉發。警方呼籲，車輛外出載運貨物應確實檢查封存與固定狀況，避免貨物掉落或液體滲漏危害其他用路人安全。    ,https://news.ltn.com.tw/news/society/breakingnews/5543883
夏莉絲虐童案延燒 簡舒培曝：家長憂心不敢生第三胎 把小孩轉到新北,社會,2026/08/18 14:26,台北市虐童案件頻傳，台北市社會局今日至市議會民政委員會進行夏莉絲托嬰中心不當對待專案報告。（記者蔡愷恆攝）台北市虐童案件頻傳，社會局今日至市議會民政委員會進行夏莉絲托嬰中心不當對待專案報告。議員簡舒培表示，她日前在市場遇到一位很年輕的爸爸，他目前育有2個小孩，本來打算生3個，但看到夏莉絲案後就不敢生了，甚至直接將孩子從台北市轉到新北市。簡舒培問，「補助再多誰敢生？難道生一個孩子出來是給托嬰中心虐待的嗎？」簡舒培進一步披露，夏莉絲托嬰中心核定收托32個孩子，當初配置8個老師，其中就有3個老師被抓到不當對待。更誇張的是，在調查過程中發現竟然有4天的監視器影像消失了，她痛批，這簡直「超惡質！現在夏莉絲集團的家長每天都在懊悔，晚上都睡不著。」請繼續往下閱讀...簡舒培也指出，有家長反應，社會局主動打電話給家長，對家長說：「我們看過監視器之後，你的孩子沒有被虐待、沒有不當被對待，所以你放心。」質疑這種說法對家長而言就像是由社會局出面替托嬰中心「掛保證」。簡舒培問：「監視器影像都有4天不見了，你們怎麼敢保證？」。她要求社會局必須深入研究這種電話的談話內容與打電話的方式，不能只是隨口說「沒有看到、沒有問題」就想了事，應請科長回去了解同仁到底是如何與家長溝通的。    ,https://news.ltn.com.tw/news/society/breakingnews/5543837
中和社區15歲少女高處墜樓 多處重創不治排除外力介入,社會,2026/08/18 14:08,新北市一名15歲少女從自家社區大樓高處墜落，當場失去呼吸心跳，緊急送醫搶救仍不治，經警方勘驗採證後，以排除有外力介入，詳細原因仍有待釐清。（記者陸運鋒翻攝）新北市中和區中山路三段一處大型社區，今天（18日）上午11時許，發生一起墜樓事件，一名15歲少女從大樓高處墜落，造成全身多處重創、當場失去呼吸心跳，警消獲報趕抵，隨即將其送往醫院搶救，但仍宣告不治，經警方勘驗採證後，未發現有外力介入，至於墜樓原因仍有待釐清。中和警分局初步調查，15歲翁姓少女今早從自家社區大樓墜落至1樓，鄰居發現後連忙報案，警消趕抵後，發現少女全身多處骨折，且已經沒有呼吸心跳，隨即實施CPR心肺復甦術，並送往雙和醫院搶救，但仍無力回天。請繼續往下閱讀...據知，警方鑑識人員在少女墜落的大樓頂樓，發現遺留的背包，但未發現遺書，經勘驗現場後，並未發現有打鬥跡象，初步排除有外力介入或意外，已通知少女母親以進一步了解，至於少女墜樓原因，仍有待進一步調查。    ,https://news.ltn.com.tw/news/society/breakingnews/5543817
色情內容上傳X合法嗎？ 律師：少一動作恐吃罪,社會,2026/08/18 13:58,在社群軟體X上放色情影片到底合不合法？律師楊貴智解釋，若影像內容屬於軟蕊性質，那麼觸法與否的關鍵在是否有相應的「隔絕措施」。（彭博）在社群軟體X上放色情影片到底合不合法？近來有兩起案件，被告均將錄製的性愛影片上傳至X，但卻一人無罪，一人遭判刑，民眾也好奇，究竟在X上發布色情內容的界線在哪裡？對此，律師楊貴智解釋，若影像內容屬於軟蕊性質，那麼觸法與否的關鍵在是否有相應的「隔絕措施」。社群平台X（原Twitter）因對成人內容採取相對開放的管理政策，允許使用者發布色情影像及影片，因此逐漸成為成人內容創作者（俗稱網黃）的重要聚集地。不少「網黃」會在X上發布色情影片預告、照片或片段，再導流至OnlyFans等付費平台販售完整內容。然而，近來2起在X上發布成人色情內容的案件卻有不同結果。請繼續往下閱讀...其一為，擁有15萬粉絲的網黃「萬萬」，因在X張貼含有性影像的內容，遭到檢方起訴，但法院卻判其無罪定讞。另案則為新北某警員與網友相約在母某高中校園內發生性行為，並拍攝性愛影片後上傳至X多達57次，被法院依公然猥褻罪及散布猥褻影像罪判處3月徒刑，得易科罰金。這也讓民眾好奇，究竟在X上發布成人色情內容的界線究竟在哪裡。針對2起案件，法律白話文運動網站的創辦人兼站長楊貴智解釋，2案放在一起看，容易被誤讀成法院對成人內容忽寬忽嚴。實際上，2案罪名、事實與訴訟過程都不同，結果落差可以解釋。楊貴智解釋，依釋字第 617 號，刑法第 235 條所稱猥褻資訊可分2類：暴力、性虐待或人獸性交等「硬蕊」內容，本身即可能受罰；其他足以刺激或滿足性慾的「軟蕊」內容，則須未採適當安全隔絕措施，使一般人得以見聞，才進入刑罰範圍，而這次的2起案都屬軟蕊內容，因此審理的關鍵會在「隔絕措施」。在萬萬案中，被告在個人頁面標示成人限定、啟用 X 的敏感內容設定，影片也須再次點選「查看」才能觀看。但警方卻未查明帳號實際設定，只以影片遭大量觀看、轉發認定犯罪。法院因此認為檢方未盡舉證責任，並指出他人轉發後若失去隔絕措施，也非原發布者所能控制。新北警案不同的地方在於，其帳號公開，且57次貼文均未做成人內容標註，而且影片是在高中活動中心及樓梯間拍攝，因此另成立刑法第 234 條公然猥褻罪。這個罪在公開場所為猥褻行為時就可能成立，事後加不加年齡牆都無法補救。加上被告於準備程序自白認罪並接受簡易判決，本案沒有真正進入隔絕措施的攻防。楊貴智說明，對創作者而言，真正要注意的是帳號層級的成人內容設定、平台規則與設定畫面的留存，以及拍攝場所本身的法律風險。更值得討論的是：當法律沒有定義何謂「適當隔絕措施」，實務卻大量依賴平台規則，刑事責任的邊界也就可能隨平台政策一起移動。    ,https://news.ltn.com.tw/news/society/breakingnews/5543783
前鎮警首創移師物流業辦大型車安全座談,社會,2026/08/18 13:56,前鎮警分局將大型車交通安全座談會移師到新竹物流。（前鎮警分局提供）高雄前鎮警分局跳脫傳統由警方邀請業者至分局聽取法令宣導的模式，17日辦理大型車交通安全座談會，首度將座談及講習場域移師至轄內大型運輸業者「新竹物流」，邀請轄內其他大型車運輸業者共同參與，期能透過「標竿學習」方式，讓業者彼此交流，共同提升大型車交通安全管理成效。前鎮警分局分局長黃元民帶隊宣導，高市府交通局、前鎮區公所均派員參加。黃元民說，交通安全工作不能只停留在「出了事故再處理」，更重要的是從企業管理端提前預防。請繼續往下閱讀...活動最大的特色，在於不再只是由警方單方面進行法規宣導，而是邀請具有完整車隊管理及安全制度的新竹物流，從運輸業者的實務角度，分享大型車駕駛管理經驗，包含駕駛人教育訓練、每日出車前及結束工作後酒測、駕駛休息環境、車隊管理、違規處理及獎勵制度等，讓與會業者能從實際營運角度思考如何將安全管理落實於日常工作。前鎮警分局統計，今年1月至7月，前鎮分局共舉發大型車全般違規3413件，較去年同期2960件增加453件；同期大型車全般交通事故則由去年207件下降至183件，減少24件。前鎮警分局將大型車交通安全座談會移師到新竹物流，藉由標竿學習提升成效。（前鎮警分局提供）    ,https://news.ltn.com.tw/news/society/breakingnews/5543799
民間慈善團體贈石門分隊災情勘查車 強化新北偏鄉救援能力,社會,2026/08/18 13:51,民間慈善團體「永旭希望工程慈善協會」昨日捐贈輛配備完善通訊設備的災情勘查車給石門分隊，保護北海岸居民。（新北市消防局提供）地處北海岸的新北市石門區地處偏僻，且包含山、海區域且地形狹長，萬一發生災害，必須要配備車輛方能迅速救援。但石門分隊救災車輛長期停放於海風侵蝕處，經常需要保養、維修。民間慈善團體「永旭希望工程慈善協會」得知後，昨日捐贈輛配備完善通訊設備的全新災情勘查車給新北市消防局石門分隊，保護北海岸居民。新北市政府消防局主任秘書陳勝照指出，石門地區地形狹長且兼具海岸與山區救援需求，面對多元災害挑戰，高效且靈敏的救災裝備尤為關鍵，所幸在前局長李清安的牽線下，結識永旭希望工程慈善協會，在其幫助下，獲捐贈災情勘查車；去年該協會也捐贈一輛災情勘查車給位於東北角地處偏僻的貢寮分隊。請繼續往下閱讀...第六救災救護大隊大隊長林登港表示，非常感謝民間團體的支持，此次獲贈的災情勘查車具備優異的機動性與車輛性能，車內更特別配置專業的通訊設備。當災害發生時，救災人員可於第一時間迅速趕赴現場，精確掌握災情資訊，有效發揮即時指揮、情資傳輸及物資調配之功能，大幅提升整體防災與搶險救援效能。    ,https://news.ltn.com.tw/news/society/breakingnews/5543758
一言不合榔頭砸臉！苗栗男害鄰居男友顏面骨折 判2年10月,社會,2026/08/18 13:47,吵架竟拿榔頭砸鄰居女友男友臉，苗栗男遭判刑。（資料照）苗栗縣廖姓男子去年凌晨因細故與鄰居鍾姓女子的陳姓男友發生口角，竟持榔頭以尖端處猛砸陳男臉部，導致陳男顏面骨骨折併撕裂傷。苗栗地方法院審理後，認定廖男明知頭臉脆弱仍以鈍器尖端攻擊，基於重傷之不確定故意犯案，依重傷未遂罪判處廖男有期徒刑2年10個月，扣案榔頭沒收。判決書指出，廖男為鍾姓女子的鄰居，廖男於去年6月30日凌晨3點多因故與鍾女的陳姓男友爆發爭執，廖男心生不滿，明知榔頭質地堅硬，頭臉部及眼睛若受創極可能導致失明或重傷，竟持榔頭並以尖端處朝陳男臉部猛砸，造成陳男受有顏面骨骨折併撕裂傷，所幸送醫救治後未達重傷程度。請繼續往下閱讀...法官審理時，廖男坦承犯行。法官審酌廖男僅因口角爭執，即持榔頭尖端攻擊他人臉部，手段具危險性，且廖男曾有加重詐欺前科，入獄執行完畢後又犯案；加上案發至今仍未與陳男達成和解或賠償損害，漠視他人身體健康法益。法官考量，廖男基於重傷之間接故意（不確定故意）犯案，罪責較直接故意輕，且陳男傷勢未達重傷，依法按未遂犯規定減輕其刑，兼衡其自述平時擔任粗工維生等生活狀況，量處有期徒刑2年10個月。    ,https://news.ltn.com.tw/news/society/breakingnews/5543765
竹北「豐采520」又出事！工人墜落4米不治 縣府勒令停工,社會,2026/08/18 13:42,新竹縣竹北市豐采520工地昨天下午傳出工安事件。（記者廖雪茹攝）首次上稿 11:20更新時間 13:42（新增縣府開罰、勒令停工）竹北「豐采520」建案「天坑」事件引發全國矚目，工地昨（17）日下午傳出工安事件，縣府消防局獲報救援，初步了解為年約50歲工人徐姓男子施工時疑似從4米高墜落，當場失去呼吸和心跳，經送醫後搶救仍不幸回天乏術。新竹縣政府表示，將依相關規定，對豐邑建設及頌揚營造各處以1萬8000元罰鍰，並立即勒令該工項停止施工，要求限期改善。請繼續往下閱讀...消防局表示，昨天下午4點24分獲報，派遣光明救護車，2車4人前往搶救。現場傷者為1名徐姓工人徐男到院前心臟停止，119執勤人員線上教導CPR，傷者由光明救護車送東元醫院，但經醫療團隊搶救仍宣告不治。針對竹北豐采520工地意外，豐邑建設表示，針對昨日竹北大學段工地發生人員墜落意外，該公司深表遺憾。事件發生後，已於第一時間全力協助傷者送醫救治。事發原因尚待與承包商進行了解並釐清。公司將再加強督導各承包廠商確實落實相關安全規範及人員防護，以強化工地安全管理，避免類似事件再次發生。新竹縣政府表示，針對這起工安事件，縣府將依據違反《建築法》第63條「建築物施工場所，應有維護安全、防範危險及預防火災之適當設備或措施」規定，爰依「新竹縣違反建築法事件統一裁罰基準」，對起造人（豐邑建設股份有限公司）及承造人（頌揚營造股份有限公司）各處以1萬8000元罰鍰，並立即勒令該工項停止施工，要求限期改善。縣府強調，已要求該工地相關負責人員即刻加強現場安全管理與防護措施，並須於收到公文後一週內函復縣府具體改善情形。同時，本案也同步副知勞動部職業安全衛生署北區職業安全衛生中心，就施工管理不當及是否違反職業安全衛生相關法令部分，由該署逕依權責釐清辦理，以維護勞工作業安全。新竹縣竹北市豐采520工地昨天下午發生徐姓工人自4米高墜落，消防人員搶救送醫。（新竹縣消防局提供）    ,https://news.ltn.com.tw/news/society/breakingnews/5543520
台南近期2起光電場火警  南消三大搶救演練強化防災應變,社會,2026/08/18 13:34,南消三大在北門區太陽能光電儲能站進行火災搶救演練，強化電力防災能力。（南消三大提供）台南七股及將軍近期接連發生魚電共生相關場址火警，因太陽能光電儲能系統大多利用鋰鐵電池儲存電能，一旦發生火災，災害特性與一般火災不同，為了強化電力防災，台南市消防局第三大隊今（18）日舉行太陽能光電儲能廠火災搶救演練，以強化救災安全及搶救效能。演練於北門區的光電儲能站進行，先由施工廠商講解案場儲能系統設備及原理、事故發生後系統滅火機制及消防人員到達現場的處置作為，隨後北門、學甲、將軍消防分隊人員實際佈線搶救演練。請繼續往下閱讀...第三救災救護大隊長吳獻宗表示，綠能發電結合儲能是目前國內日漸發展的趨勢，每個案場設備不盡相同，希望透過相關訓練及搶救演練，使第一線救災人員掌握搶救重點。業者應建立裝設消防系統的儲能站，以提高電力系統的安全性，當地消防機關平時也應加強建立電池儲能站四周道路狀況、建築物構造、使用情況、水源狀況和現場管理等資訊，做好火災預防管理作業，才能在發生災情時，由現場指揮官做出準確的救災行動方案。    ,https://news.ltn.com.tw/news/society/breakingnews/5543769
新北外送員路口左轉未停讓行人 撞傷闖紅燈老婦雙雙挨罰,社會,2026/08/18 13:21,外送員陳男行經新北中和興南路一段、仁愛街左轉時，撞上走在斑馬線的鍾姓老婦人。（記者陸運鋒翻攝）新北市陳姓外送員昨天晚間9時許，騎機車行經中和區興南路一段、仁愛街口左轉時，撞上走在斑馬線的鍾姓老婦人，造成鍾女全身多處受傷，儘管當時行人燈號是紅燈，警方仍對雙方製單舉發，至於詳細肇事原因仍有待釐清。中和警分局調查，43歲陳男當時騎機車外送，沿中和區仁愛街往南勢角方向行駛，但他左轉興南路一段時，撞上走在行人穿越道的78歲鍾姓婦人，事故造成鍾女全身有多處擦挫傷，經救護車到場檢查包紮後並未送醫，至於陳男酒測值為0毫克，已調閱相關影像還原事發經過。請繼續往下閱讀...警方指出，初步研判陳男行經行人穿越道時，不暫停讓行人先行通過因而肇事致人受傷，可處1萬8千元以上3萬6千元以下罰鍰，並吊扣駕駛執照1年至2年，已依法製單舉發，而行人鍾女闖紅燈將補開罰單，可處500元罰鍰，至於詳細肇事責任歸屬，仍有待進一步釐清。    ,https://news.ltn.com.tw/news/society/breakingnews/5543730
羅東鬧區轎車駛入對向連撞2車 駕駛語無倫次被查出毒駕,社會,2026/08/18 13:05,羅東中華路轎車越過雙黃線撞上小貨車事故，轎車駕駛被查出涉及毒駕。（圖由警方提供）宜蘭縣48歲蔡姓男子開車行經羅東鎮中華路鬧區時，越過雙黃線撞上對向小貨車，再波及路旁另一輛轎車，目擊者見狀後研判，不是酒駕就是毒駕。警方到場對蔡男實施唾液快篩檢測，呈現依託咪酯類（喪屍煙彈）陽性反應，依公共危險罪逮捕偵辦。羅東警分局今天（18日）指出，蔡姓男子昨天下午3點駕駛銀色轎車，沿著羅東鎮中華路由北往南行駛，經過羅東鎮公所後方路段時發生交通事故，警方獲報後派員處置，發現蔡男語無倫次，對他施以唾液快篩檢測，查出是起毒駕。請繼續往下閱讀...路口監視畫面顯示，事發當下，蔡男駕駛的銀色轎車車速緩慢，突然間駛入對向車道，撞上一輛小貨車，再波及另一輛停放路旁轎車，造成3輛車車體受損，所幸無人受傷。目擊者上社群網站發文說，「車子撞成這樣，好像是毒駕吧？還是酒駕」，網友留言回應，「這麼早就撞了」、「一個男生被上手銬了」。蔡男涉嫌毒駕，警方詢問後依公共危險罪移送法辦。蔡姓男子駕駛的轎車撞上對向貨車後車體受損。（圖由警方提供）警方對肇事駕駛蔡男（右）實施唾液快篩檢測，呈現毒品陽性反應，將他逮捕偵辦。（圖由警方提供）    ,https://news.ltn.com.tw/news/society/breakingnews/5543693
台中明星中學生技董座家長違停被勸竟打教官    判拘役再賠3萬元,社會,2026/08/18 12:55,台中某明星私立中學擔任生技公司負責人的家長，載女兒上學在校門口違停遭教官勸導不爽，毆打教官左肩，除依傷害判拘役20日，還要賠教官3萬元。（記者陳建志攝）台中某私立明星中學一名擔任生技公司負責人的家長，2024年早上開車載女兒上學，因停在校門口網狀線違停遭教官勸導，沒想到該名家長認為教官舉動嚇到女兒，下車毆打教官左肩，教官不堪受辱提告，刑事部分該名家長被依傷害罪判拘役20日，教官另提1萬元醫藥費和29萬元精神慰撫金民事告訴，台中地院判決家長要賠3萬元精神慰撫金，全案確定。台中某私立明星中學一名學生家長，2024年12月10日上午7點多，開車違停在學校校門口的網狀線上，教官發現後上前勸導，該名家長不滿竟徒手毆打教官左肩，造成左肩近鎖骨部位挫傷併肌肉痛的傷害。請繼續往下閱讀...因教官當時是在維護校門口的交通秩序，該名家長在眾目睽睽下損及教官的名譽，並造成精神上承受來自學校主管、同仁關切的壓力，造成精神上痛苦萬分，提告求償醫藥費1萬元、精神慰撫金29萬元，共求償30萬元。台中地院審理時，該名家長坦承有打教官左肩，但辯稱因當時接送女兒上學，女兒下車後遭教官嚴厲斥責，造成女兒出現畏懼反應，是基於保護女兒立場，才下車與教官溝通，因一時情緒激動推打左肩一下，不知會造成他受傷，強調教官並無提出相關醫療單據，且受傷輕微不會影響身心狀態，認求償金額太高，希望駁回。因刑事部分，家長已依傷害罪被判拘役20日，法官認為傷害屬實，不過教官雖稱已支出醫療費用1萬元，卻無提出任何證據資料，法官認請求賠償沒有根據。台中地院認為，教官基於職責勸導違停卻被打，除肩膀受傷，精神亦承受相當苦痛，審酌家長為生技醫藥公司負責人等情狀，判決應賠償3萬元精神慰撫金，全案確定，不得上訴。    ,https://news.ltn.com.tw/news/society/breakingnews/5543688
沒買東西收「先買後付」帳單 警方及時阻：先別點！,社會,2026/08/18 12:37,朱姓男子昨天收到「先買後付」釣魚信，急加假客服險遭騙匯1萬6868元。所幸及時求助，警方識破保住積蓄。（民眾提供）收到「先買後付」訂單通知別急著點開，這可能是詐騙陷阱。朱姓民眾昨天傍晚驚見莫名帳單，為解決款項，依詐團指示加入假客服，險將1萬6868元匯給歹徒，所幸及時察覺有異向警方求助，成功保住積蓄。朱男向警方表示，收到購物平台的信，標題為「先買後付訂單通知」的信件時一頭霧水，因近期並未網購，為釐清狀況，心急地點擊連結，並依指示加入自稱平台客服的通訊軟體帳號。請繼續往下閱讀...雙方聯繫後，假客服以話術引導，聲稱若要取消訂單，必須先進行帳戶與身分驗證，對方要求朱男立刻打開網路銀行，輸入特定的代碼與金額，企圖誘騙匯出1萬6868元。就在準備按下匯款鍵瞬間，朱男心生懷疑，決定暫停動作，趕往安中派出所求助，值班所長沈昱騰與警員吳佳柔了解情況後，馬上請他停止操作手機，警方檢視對話紀錄與信件內容，立刻識破這是典型的釣魚惡意連結詐騙，經過員警詳細拆解詐騙套路，他才恍然大悟，慶幸自己有先來查證。    ,https://news.ltn.com.tw/news/society/breakingnews/5543659
郵局帳戶遭凍結無法提領現金 他暴怒拿鐵椅砸毀櫃台玻璃送辦,社會,2026/08/18 12:23,段男前往郵局臨櫃提款時，行員告知帳戶遭到凍結，他竟暴怒拿鐵椅砸毀櫃台玻璃。（記者陸運鋒翻攝）新北市段姓男子昨天上午11時許，前往永和秀朗郵局臨櫃提款時，郵局行員告知他帳戶遭到凍結，因此無法順利提領，段男竟暴怒拿起一旁的鐵椅，直接砸向櫃台玻璃，導致玻璃裂開，警方獲報趕抵，隨即將段男帶回派出所，詢後依毀損罪嫌送辦。據了解，目前打零工的60歲段男曾因為亂丟垃圾，被環保局依廢棄物清理法開罰，由於他已累計3000多元未繳納，遭移送法務部行政執行署強制執行。請繼續往下閱讀...永和警分局調查，段男昨上午在永和永亨路秀朗郵局，臨櫃提款帳戶900多元時，經郵局行員查詢他帳戶遭到凍結，便告知無法順利提領，豈料，段男竟情緒失控，拿起擺放一旁的鐵椅砸向櫃台玻璃，導致玻璃裂開受損，郵局人員見狀隨即報案。警方指出，轄區秀朗派出所員警趕抵後，隨即介入了解事發情況，並依法將段男帶回偵辦，警詢後依毀損罪嫌移送新北地檢署偵辦。    ,https://news.ltn.com.tw/news/society/breakingnews/5543641
移工在捷運站撿到零錢包洗劫4千元 栽在休假警專實習生手上,社會,2026/08/18 12:16,警方領著移工去撿回他棄置的零錢包。（記者王冠仁翻攝）20歲邱姓女子在台北捷運士林站外休息滑手機，離去時忘記拿走零錢包，路過該處的1名印尼籍移工趁機拿走，事後洗劫包內4千多元現金再隨意棄置。警方調閱監視器畫面發現被人拿走，其中1名警專實習生牢記侵占者外貌特徵，近期休假時在街頭認出對方，通報警網前來逮人，也成功找回側背包。警方調查，邱姓女子在上月底搭乘台北捷運，她在士林站1號出口外坐下休息滑手機，離去時忘記拿走隨身的零錢包，包內有4千多元現金。她離去後不久發現忘記，返回原處尋找，但已不見零錢包蹤影，只好報警。請繼續往下閱讀...轄區士林分局文林派出所受理後，員警黃柏諺與實習生楊富翔協助調閱周邊相關監視器畫面，確認零錢包被1名陌生男子拿走。其中114年警專特考班實習生楊富翔，因為調閱監視器畫面時，牢記侵占者的外貌特徵，他近期休假外出在文林路附近時，在路上眼尖發現侵占者，他隨即通報派出所警力，同時悄悄尾隨對方，並即時通報對方的行蹤與去向。待線上警力趕到文林路421巷口，員警隨即上前盤查，這才確認對方是合法來台工作的31歲印尼籍移工。據了解，這名印尼籍移工平時在工地工作，他當天搭捷運來士林站找朋友，恰好發現邱女忘記零錢包，他為了掩人耳目，還假裝過去坐在該處滑手機休息，實則趁機拿走零錢包。他事後洗劫包內的4千多元現金後，隨意將零錢包棄置在捷運站附近草叢。據悉，邱女遺忘的零錢包是精品LV，正品要價1萬多元，印尼籍移工只拿走4千多元現金，卻將上萬元零錢包棄置草叢，可說是相當「不識貨」。警方事後領著印尼籍移工前往尋回零錢包，將其發還給邱女，同時也將他依侵占罪嫌送辦。士林分局呼籲，民眾在路上或公共場所撿到錢財與物品，應儘速送交警察機關或相關單位招領，借用或代管他人的物品，於期限屆滿或權利人請求時應立即返還，切莫私自霸占。以免觸法，悔不當初。警方領著移工去撿回他棄置的零錢包。（記者王冠仁翻攝）    ,https://news.ltn.com.tw/news/society/breakingnews/5543628
台積電寶山F20廠工安出事 22歲工人遭500公斤配電盤壓死,社會,2026/08/18 12:02,台積電新竹縣寶山鄉F20廠工區發生工安意外。（資料照）台積電廠區驚傳工安事件！昨天下午位於新竹縣寶山鄉的台積電F20廠工區，據悉1名22歲劉姓工人在搬運配電盤過程，重逾500公斤的設備突然傾斜滑動，劉男疑似閃避不及遭壓住，消防局救護人員獲報到場，確認劉男已明顯死亡，意外發生原因尚待相關單位進一步調查、釐清。新竹縣政府消防局表示，昨天下午獲報後救護人員約2點20分抵達，現場檢視劉男已明顯死亡，因此未送醫。請繼續往下閱讀...位於竹科寶山二期擴建計畫的台積電寶山F20廠，為台積電規劃量產2奈米與先進製程的重要基地。據了解，這起工安事故發生於昨天下午1時28分，劉男在台積電F20廠工地內從事配電盤搬運作業，不料搬運過程中，重達500多公斤的配電盤突然傾斜並滑動，隨後壓住劉男，現場人員發現後，立即通知廠區救護人員急救，同時撥打119報案。對於配電盤設備在搬運過程中發生工安意外，現場作業及安全防護措施是否符合規定，事故確切原因仍待相關單位進一步調查釐清。台積電寶山F20廠在上月19日也曾發生另起工安事件，下包商1名工人步行前往交管哨途中，遭正在倒車的工程車碰撞輾壓，當場明顯死亡。    ,https://news.ltn.com.tw/news/society/breakingnews/5543613
驚！國3彰化轎車突噴火狂燒成廢鐵  駕駛跳車逃命,社會,2026/08/18 12:01,1輛轎車行經國3彰化路段突竄火濃煙竄天，消防人員搶救。（翻攝高速公路1968）驚！國道3號彰化路段今天（18日）驚傳火燒車，1輛轎車行經彰化市北上路段時突然竄火燃燒，且火勢燃燒相當猛烈，駕駛將車駛往路肩後趕緊跳車逃命，消防局據報派員趕往現場搶救，現場一段濃煙竄天，所幸未釀人員傷亡也未造成後方塞車，火勢於30分鐘後撲滅，起火原因仍待釐清。這起火燒車發生在今天上午11點多，該輛轎車行經國3北上202彰化市快官路段時突然竄火燃燒，駕駛奮力將車駛往路肩後跳車逃命，火勢一度相當猛烈，消防局據報派出東區、芬園分隊多名消防員與5輛消防車趕往灌救。1輛轎車行經國3彰化路段突竄火濃煙竄天，駕駛跳車逃命。（翻攝高速公路1968）    ,https://news.ltn.com.tw/news/society/breakingnews/5543598
新北6連霸特優里長 盜賣老婦近千萬房產判刑4年8月,社會,2026/08/18 11:53,曾獲新北市特優里長楷模殊榮的新北市三重區五順里「六連霸」前里長洪嘉仁。（資料照）曾獲特優里長楷模殊榮的三重區五順里「六連霸」前里長洪嘉仁，得知里內一名龔姓老婦遺失房地所有權狀，竟假借協助申請補發之名，與兼任大學教授的男子周育賢合作，以「夾單」手法在資料中夾帶房屋出售同意書，偽造老婦以房抵債假象，將老婦名下市值近千萬元的房地過戶，再轉賣給買家吳水木變現。新北地院依共同犯行使偽造私文書罪，判處洪嘉仁4年8月徒刑，周育賢判刑3年，知情仍「撿便宜」買房的吳水木則依故買贓物罪判刑1年4月，並沒收扣案房地。檢警調查，本案被害者長期洗腎、身心狀況不佳，2022年間，因遺失房地所有權狀，找上洪嘉仁幫忙協助申請補發權狀；怎料，洪男取得老婦的印鑑章、印鑑證明及身分證影本後，竟暗中與周育賢謀議，偽造老婦因積欠周男917萬元債務、同意以房抵債的虛偽假象。請繼續往下閱讀...檢警調查，洪男隨後利用交付補發文件等名義，佯稱「申請權狀需要簽名」，騙取老婦在偽造的房屋出售同意書、使用協議書及存證信函等文件上簽字，並盜蓋其印章。周男接手後，持這些偽造文件找代書辦理土地登記申請，於2022年10月將老婦名下的房地移轉登記至自己名下。檢方調查，洪男得手後尋找買家，與吳水木談妥以930萬元買下該房地，並指定登記在吳男的子女名下。去年間，吳男以租期屆至要求被害人遷讓房地，才發現受騙報案，檢察官前年11月指揮警方發動搜索，將洪男聲押禁見獲准。合議庭認為，洪嘉仁身為里長，本應用心服務里民，卻濫用里民信任，利用年邁老婦行動不便、請託協助機會行騙；周育賢身為大學兼任教授，智識程度甚高，卻為一己私利共犯本案，2人所為使年逾古稀、本應安享晚年的被害者，喪失居住多年的房地所有權，而面臨流離失所，失去安身立命處所重大風險，所生危害重大，犯行惡性甚鉅。不僅如此，2人在面臨檢警訊問前，還共同商討如何編造謊言、營造是老婦積欠債務才過戶的假象；周男甚至在得知老婦因洗腎感染住院後，私下傳訊給律師討論拖延偵查進度，提及「龔婦生前未能提出對我不利證詞，我還是有機會的」等語，且至今均未與老婦達成和解或賠償，量處上述徒刑。吳男雖否認犯行，但因他買房前從未入內看過格局或屋況，亦未與實際居住在內的被害者洽談、協商，且本案房地在過戶前幾天才突然轉登記到周育賢名下，洪男事後又私下退還現金150萬，實際成交價遠低於契約金額，過程也與一般正常不動產買賣交易有別。合議庭認定吳男明知交易顯有異常，房地可能是他人犯罪所得財物，仍執意購入，主觀上具有故買贓物的不確定故意。    ,https://news.ltn.com.tw/news/society/breakingnews/5543592
天雨路滑釀禍！宜蘭曳引車失控插水溝 巨大招牌慘遭撞毀,社會,2026/08/18 11:49,天雨路滑釀禍！宜蘭曳引車失控插水溝，巨大招牌慘遭撞毀。（民眾提供）宜蘭今天晨間大雨狂下，頭城鎮濱海路二段爆發驚悚車禍！一輛重型曳引車行經該處時，不明原因突然偏離車道，整輛車失控衝破護欄，車頭直接「插」進橋邊排水溝內，不僅嚴重毀損道路設施，連路旁大型招牌也遭連根拔起。直擊事故現場，曳引車因強大撞擊力，白色車頭嚴重傾斜並深陷於水溝與路面交界，後方車斗則硬生生卡在路肩，原本高聳招牌慘遭擊落溝中，所幸龐大車體並未全面翻覆墜落深溝，否則搶救難度與傷亡後果恐不堪設想。請繼續往下閱讀...警方調查，早上7點獲報後，隨即調派警力趕赴現場實施交管，肇事司機為26歲林姓男子，當時他駕駛營業用曳引車沿濱海路二段由北往南行駛，卻在路口處意外自撞，林男受傷後已被緊急送醫救治。因車禍當下正值降雨，路面相當濕滑，林男究竟是天候不佳導致打滑，或有其他肇因，仍待警方釐清。警方呼籲，雨天行車視線不佳，駕駛務必放慢車速並拉大安全距離，時刻緊盯車前動態，才能避免突發狀況釀災。    ,https://news.ltn.com.tw/news/society/breakingnews/5543575
水龍頭開了不關被罵   不肖子發狂拿「塑膠臉盆」狠砸八旬老母,社會,2026/08/18 11:42,余姓男子因用水過久遭八旬老母勸阻，竟狂飆三字經並拿塑膠臉盆猛砸母親致傷，連勇敢上前保護阿嬤的姪女也遭毆打。示意圖（資料照）余姓男子因用水過久遭八旬老母勸阻，竟狂飆三字經並拿塑膠臉盆猛砸母親致傷，連勇敢上前保護阿嬤的姪女也遭毆打，法官依傷害直系血親尊親屬及傷害罪各判余男徒刑3月及拘役50日。判決指出，余姓男子因家暴行為被法院核發通常保護令，禁止對老母實施任何不法侵害，今年4月15日深夜，余男在家裡打開水龍頭後不關，水一直流不停，八旬母親提醒他關水，余男竟當場失控狂飆「幹你娘」，並嗆聲「敢關水就拿棍子打妳」。請繼續往下閱讀...余母捨不得自來水被浪費，偷偷將水關閉後，余男竟隨手拿起身旁的塑膠臉盆硬生生朝母親砸去，力道之大導致老母左前臂挫傷受傷；同住的姪女見狀連忙衝上前擋在兩人中間護衛阿嬤，不料也遭余男揮拳痛打頭部與手部，造成雙臂多處擦挫傷。高雄地方法院審理時，余男否認犯行，辯稱「沒有罵媽媽，拿臉盆是要砸姪女」，但法官審酌余母與姪女指證歷歷，並有破裂的臉盆照片、診斷證明書及家暴通報表佐證，認定余男辯詞純屬卸責。法官認定余男無視保護令，對直系血親尊親屬施暴，依《傷害直系血親尊親屬罪》判徒刑3個月，另依《傷害罪》判處拘役50日，得易科罰金，可上訴。    ,https://news.ltn.com.tw/news/society/breakingnews/5543543
嘉義酒駕男拒測罰18萬未繳 執行人員查訪揭背後困境助戒癮,社會,2026/08/18 11:31,行政執行署嘉義分署人員協助范男戒酒癮。（行政執行署嘉義分署提供）嘉義市43歲范姓男子於2022年間，因無照且酒醉駕車拒絕接受酒精濃度測試，遭裁罰18萬元，但他未繳，行政執行署嘉義分署執行人員到現場執行時，發現范男為中低收入戶，因嚴重的蜂窩性組織炎無法外出工作；為幫助范男回歸正軌，執行人員協助范男自願參加衛福部「酒癮治療費用補助方案」，透過專業讓范男擺脫酒精控制，待其戒除酒癮，找到工作後再通知繳納。行政執行署嘉義分署表示，配合行政院「五打七安」政策，推動「交通（加強執行車輛相關稅費罰鍰）專案」，然而嚴格執法同時，同步推動柔性關懷，針對酒駕案件導入戒癮治療轉介服務，期盼從根本解決酒駕問題。請繼續往下閱讀...嘉義分署表示，范男名下沒有任何可供執行的財產，執行人員前往范男的住居所現場執行，發現他經濟與生活陷入低潮，執行人員耐心與范男溝通，請其填寫飲酒問題篩檢問卷，評估酒精依賴程度。在獲得范男的同意後，執行人員協助范男透過專業機構「台灣戒酒暨酒癮防治中心」的資源與協助，早日擺脫酒精的控制，回復正常的社會生活。嘉義分署呼籲民眾，應切實遵守交通規則，嚴禁酒後駕車，以維護自身與他人的生命財產安全，分署執法之餘並扮演社會安全網一環，對於有飲酒問題且有志進行戒癮治療的義務人，將提供聯繫管道，協助其從根本上解決酒癮問題。行政執行署嘉義分署進行「交通（加強執行車輛相關稅費罰鍰）專案」。（行政執行署嘉義分署提供）    ,https://news.ltn.com.tw/news/society/breakingnews/5543495
北市一夜連抓2起毒駕！ 小黃騎上分隔島驚險畫面曝,社會,2026/08/18 11:30,計程車運將劉男毒駕自撞騎上建國北路匝道分隔島。（記者姚岳宏翻攝）台北市中山區一夜查獲2起毒駕案！中山警分局從昨晚至今天凌晨，連續查獲2名男子吸毒後開車上路，其中1起還是計程車運將劉姓男子，用毒後精神恍惚自撞建國北路匝道分隔島，路口監視器拍下車輛直接騎上分隔島的驚險瞬間；另1起則是42歲蕭姓男子違規迴轉遭攔查，車內搜出海洛因及安非他命，2人均依公共危險罪送辦。中山分局長安東路派出所員警昨晚8時許接獲報案，建國北路一段與長安東路二段上匝道口，有計程車發生自撞事故，警方趕抵現場，發現運將48歲劉姓男子受困車內，警方察覺他神情有異，經其同意進行毒品唾液快篩，結果呈現愷他命與安非他命陽性反應，警方隨即帶回偵詢並採集尿液送驗。請繼續往下閱讀...圓山派出所員警則在今凌晨3時許，巡邏行經林森北路時，發現1輛自小客車違規迴轉而上前攔停，警方發現駕駛蕭男精神萎靡且態度拒不配合，立刻強制要求他下車受檢，員警隨後在蕭男身上及車內查獲海洛因、安非他命數包以及吸食器，其毒品唾液快篩也呈現安非他命及鴉片類陽性反應。針對一夜兩起毒駕，警方重申毒品影響駕駛人判斷力及反應能力，極易造成交通事故，切勿心存僥倖毒後駕車，警方將持續加強查緝，民眾切勿以身試法。    ,https://news.ltn.com.tw/news/society/breakingnews/5543515
店家屋簷突坍塌砸毀5輛機車  桃警迅速封鎖現場管制,社會,2026/08/18 11:25,桃園區三民路二段某店家，17日晚間屋簷突然坍塌，砸毀附近5輛機車。（記者鄭淑婷翻攝）桃園市桃園警察分局青溪派出所警員林益仲昨（17）日晚間6點多，在桃園區春日路與三民路口執行交通崗勤務時，突然聽聞附近傳出巨大聲響，趕往查看發現三民路二段某店家屋簷不明原因坍塌，大量木板掉落至人行道，波及停放於現場的5輛機車，造成不同程度的毀損，所幸未造成人員傷亡。警方表示，經確認現場無人受傷後，員警迅速封鎖管制周邊區域，避免民眾靠近發生危險，同時協助排除障礙物及疏導人車通行，維護民眾安全。請繼續往下閱讀...桃園警分局提醒，建築物所有權人及管理單位應定期檢視建物外牆、招牌、屋簷等附屬設施結構安全，如發現老舊、鬆動或有掉落風險情形，應儘速修繕或改善，以防意外發生。桃園區三民路二段某店家，17日晚間屋簷突然坍塌，砸毀附近5輛機車。（記者鄭淑婷翻攝）桃園區三民路二段某店家，17日晚間屋簷突然坍塌，砸毀附近5輛機車。（記者鄭淑婷翻攝）    ,https://news.ltn.com.tw/news/society/breakingnews/5543525
浪貓「小橘」遭鐵鎚攻擊重傷 三重男到案辯臨時起意,社會,2026/08/18 11:15,小橘是街坊鄰居都很喜歡的一隻流浪貓，不時會有人餵食。（記者徐聖倫翻攝自Facebook）新北市三重區傳冷血虐貓案，有民眾於16日報案並在網路發文，指稱三和路四段巷弄內竟有男子持鐵鎚殘忍攻擊路邊流浪貓「小橘」。三重警分局慈福派出所獲報立即派員趕赴現場，同時會同新北市動保處展開追查，於當晚迅速鎖定涉案的39歲謝姓男子並通知到案，全案依法送辦並重罰。​警方調查，動保處人員於17日晚間尋獲遭虐受傷的流浪貓，緊急送往動物醫院檢傷。經獸醫師診斷，受虐貓隻雖外觀尚無殘缺，但有氣胸、右側臉部嚴重挫傷及雙後肢指甲斷裂等傷勢，令人心疼。請繼續往下閱讀...​警方專案小組透過擴大調閱周遭監視器畫面，精準鎖定涉案男子特徵與動向，於16日晚10時許順利通知謝男到案說明。謝男自稱當晚出門運動，看到「小橘」睡在路邊臨時起意攻擊，但警方對此感到懷疑，因謝男攜帶鐵鎚出門運動非常不合理，懷疑他早有預謀。經洽詢動保處，謝男故意傷害動物行為，將依「動物保護法」第30條第1項第1款，函移動保處進行後續行政裁罰，最高可處75000元罰鍰。​三重警分局強調，警方對虐待動物案件極為重視，呼籲民眾應尊重並愛護生命，絕不容許任何傷害動物的暴力行為。若民眾發現任何虐待動物情事，請立即撥打110報案或通知動保機關，共同守護動物權益。監視器畫面拍下謝男犯案過程，網友將畫面發上社群引發眾怒。（記者徐聖倫翻攝自Facebook）警方扣回謝男犯案使用的鐵鎚。（記者徐聖倫翻攝）    ,https://news.ltn.com.tw/news/society/breakingnews/5543487
疑閃避綠鬣蜥 台南七股休旅車急煞遭追撞,社會,2026/08/18 11:13,台17線台南七股路段17日發生休旅車疑閃避綠鬣蜥緊急煞車而被後方大貨車追撞事故，綠鬣蜥也被撞飛陣亡。（讀者提供）台南面臨外來種綠鬣蜥威脅生態環境，近來也頻傳綠鬣蜥現身住宅區活動。1輛休旅車昨（17）日行經台17線台南七股路段時，疑因閃避車道上的綠鬣蜥，緊急煞車，後方大貨車煞車不及追撞，綠鬣蜥也被撞飛，幸無人員受傷。昨天下午2時24分，1輛休旅車行駛於台南七股區台17線161.5公里處北向內側車道時，發現車道上有1隻疑似綠鬣蜥的爬蟲動物，緊急煞車閃避，後方大貨車來不及煞車追撞，休旅車被推撞至中央分隔島上的燈桿後停下，綠鬣蜥在追撞事故發生的瞬間，也被撞飛，休旅車的車頭及車尾嚴重毀損，所幸雙方均無受傷，酒測值均為0，詳細肇事原因由警方釐清中。台17線台南七股路段，17日發生一起休旅車疑因閃避車道上的綠鬣蜥，緊急煞車，遭後方大貨車煞車不及追撞。（讀者提供）台17線台南七股路段，17日發生一起休旅車疑因閃避車道上的綠鬣蜥，緊急煞車，遭後方大貨車煞車不及追撞。（讀者提供）    ,https://news.ltn.com.tw/news/society/breakingnews/5543522
酒店妹控恩客摩鐵續攤性侵   二審逆轉判無罪,社會,2026/08/18 11:09,徐姓男子被控性侵酒店妹，二審逆轉改判無罪。示意圖（資料照）徐姓男子到屏東某酒店消費後，「外匡」小姐到摩鐵續攤後被控性侵，一審遭重判4年6月，徐不服上訴，二審法官發現，女方指控與監視器畫面嚴重不符，無法排除合意可能，撤銷原判改判徐男無罪。判決指出，2023年8月，徐男與友人前往KTV歡唱並點酒店妹小愛（化名）與小妮（化名）坐檯，隨後轉往汽車旅館續攤。小愛控訴，徐男合謀吳姓友人將小妮「硬扛走」去另間房，而徐男隨後在房內將小愛強壓在床、撕破短褲指侵得逞，一審屏東地院認定徐男犯行明確，重判徒刑4年6月，徐男不服提起上訴，堅稱雙方是合意性交。請繼續往下閱讀...高雄高分院審理時，法官調閱摩鐵走廊監視器畫面進行勘驗，發現小愛與小妮的證詞存在多處致命矛盾。小愛與小妮聲稱，小妮遭吳姓男子「強行抱走、扛走」，但監視器畫面顯示，吳男與小妮自行走出房間，且吳男還牽著小妮的手，過程互動和平，完全沒有拉扯或強扛動作。此外，小愛宣稱遭徐男強壓指侵僅數分鐘、小妮約20分鐘後即衝入救人，但監視器還原，兩人在房內獨處時間長達49分鐘，期間無人出入，且小愛在此之前曾兩度自由走出房間，與她聲稱「被壓住無法逃跑」的說法不符。法官認定，小愛指控的被害經過與客觀監視器光碟有諸多重大不符，補強證據不足，依「罪疑唯輕」與無罪推定原則，原審判決有所違誤，最終撤銷原判，改判徐男無罪，全案仍可上訴。    ,https://news.ltn.com.tw/news/society/breakingnews/5543511
電子煙恐成毒品媒介 台北關前7月查獲近8公斤依托咪酯,社會,2026/08/18 11:07,關務署臺北關查獲的電子煙主機、煙油及零組件。（記者朱沛雄翻攝）電子煙除涉及違法輸入，部分煙油更可能摻入依托咪酯等新興毒品，成為毒品吸食媒介，對社會治安及校園安全造成危害。關務署臺北關持續加強邊境查緝，今年截至7月底已查獲電子煙主機760台、煙油（彈）7780瓶、相關零組件約21萬7080件，以及依托咪酯7.99公斤，阻絕非法電子煙及新興毒品流入國內。台北關表示，電子煙結合「依托咪酯」等新興毒品製成俗稱「喪屍煙彈」， 進而成為毒品吸食媒介，對社會治安與校園安全造成嚴重危害，海關配合行政院「全面落實源頭嚇阻，阻絕違法供應鏈」政策，加強查緝力度，阻絕該類違法物品於境外。請繼續往下閱讀...台北關指出，為防堵電子煙及新興毒品危害國人健康，衛福部正研議修正《菸害防制法》，加重電子煙相關罰則。未來製造、輸入、販賣、供應及展示電子煙，最高可處7年有期徒刑，得併科500萬元以下罰金；一般民眾持有、使用電子煙，最高也可處10萬元罰鍰，呼籲民眾及業者切勿以身試法。台北關也呼籲各界踴躍檢舉走私及提供相關情資，檢舉專線為0800-038265，非上班時段可撥03-3982308，共同維護邊境及社會安全。關務署臺北關查獲的電子煙零組件。（記者朱沛雄翻攝）關務署臺北關查獲的電子煙煙油。（記者朱沛雄翻攝）關務署臺北關查獲的電子煙零組件。（記者朱沛雄翻攝）    ,https://news.ltn.com.tw/news/society/breakingnews/5543485
2個麵包引爆殺機！房客一刀刺死房東 二審維持15年,社會,2026/08/18 10:59,在押的蔡男今親自到場聽庭，結束後還押，面對媒體詢問是否有沒有後悔、要不要與家屬賠償等皆未回應。（記者楊心慧攝）32歲蔡姓男子去年4月9日深夜酒後返回租屋處，發現麵包不見，由於陳姓房東有隨意偷吃房客食品紀錄，蔡質疑又是陳姓房東偷吃，但陳矢口否認，2人起口角，蔡事後持水果刀刺穿陳的左後背，致陳當場倒於血泊中，經送醫急救後仍傷重不治，檢方依殺人罪起訴，全案經國民法庭審理，判處有期徒刑15年。案經上訴，高等法院今駁回上訴，維持15年判決。檢警調查，蔡男以打臨工為業，蔡男與陳姓房東曾為同事關係，蔡男前年7月中旬開始住進陳位於桃園市楊梅區永美路住所，在客廳搭上床鋪，每月付租金2000元，蔡男去年4月9日晚間喝了2瓶啤酒及保力達返回住處，發現2個麵包不見，懷疑陳姓房東偷吃，但陳否認，當晚11時，蔡持水果刀質問陳是否偷吃麵包，但陳依舊否認，蔡暴怒下竟持水果刀朝陳男左後背猛刺一刀。請繼續往下閱讀...由於傷口深入陳姓房東左肩胛骨刺穿左側胸腔，傷及左肺葉導致大量出血，倒於血泊中，在場另一楊姓租客察覺有異，打電話報案處理，陳姓房東送醫急救，仍因出血過多不治。一審國民法官認為，蔡姓男子對犯罪事實坦承不諱，佐以檢察官提出的各項事證，其所為足以構成刑法殺人罪；另蔡男僅因懷疑被害人未經其同意食用其所購買的麵包，且在被害人持續否認下，即不思理性溝通處理，而持刀殺害被害人，其思考模式偏執，主觀惡性及可責性確實重大。考量蔡男持刀刺穿被害人左肩胛骨，穿入左側胸腔，傷及肺葉導致大量出血死亡，行為時下手甚重，造成被害人家屬頓失至親，天人永隔，成為永難彌平的傷痛，蔡男犯後雖坦承犯行，迄今未與被害人家屬達成和解，獲取宥恕諒解，判處有期徒刑15年。被告針對量刑提起上訴，高院認為，被告主張犯案時並非基於殺人的直接故意，但審酌扣案刀械長達19.5公分，以此刺砍人體，足以傷及重要臟器並造成死亡結果，且被告也坦承，知道持刀插入人體可能導致死亡，因此未採信其辯解，認原審量刑並無不當，駁回上訴。在押的蔡男今親自到場聽庭，結束後還押，面對媒體詢問是否有沒有後悔、要不要與家屬賠償等皆未回應。    ,https://news.ltn.com.tw/news/society/breakingnews/5543474
高雄彩券行頂樓傳墜樓意外  58歲男子送醫不治,社會,2026/08/18 10:53,高雄彩券行頂樓傳墜樓意外，58歲男子送醫不治。（資料照）高市苓雅區某彩券行頂樓昨（17日）晚傳墜樓意外，58歲張姓男子疑似在頂樓進行物品吊掛時失足墜落，附近居民聽聞聲響，跑出來查看，發現張男已倒臥地上，通知警、消，救護車到場後迅速將人送醫，急救後仍告不治，警方今天持續調查中。據了解，昨晚間20時許，張男於自宅5樓頂樓疑進行吊掛作業，過程中墜樓，警消人員抵達後，立刻將他送往醫院，最後仍傷重不治。    ,https://news.ltn.com.tw/news/society/breakingnews/5543476
台北文山景美河堤男子倒臥亡 頸部有刀傷,社會,2026/08/18 10:52,轄區文山第二分局景美派出所今日清晨6時許接到民眾電話報案，指出景美河堤附近有人倒地不起。（資料照）台北市文山區景美河堤一帶今日清晨6時許發生一起死亡案。一名五十歲宋姓男子被民眾發現倒臥在河堤旁，頸部帶有明顯刀傷且周邊留有血跡。警消接獲通報趕抵現場時，確認宋男已經明顯死亡，警方隨即封鎖現場展開調查。轄區文山第二分局景美派出所今日清晨6時許接到民眾電話報案，指出景美河堤附近有人倒地不起。派出所員警不敢大意，火速會同救護人員前往查看。搜救人員抵達後檢視宋男狀況，發現他已經沒有呼吸心跳，現場判定死亡多時，未再送醫急救。請繼續往下閱讀...鑑識人員獲報前往現場進行採證與微物採樣，並由警方聯繫宋男家屬趕來協助處理後續事宜。警方初步檢視周邊環境與相關跡證，目前暫時沒有發現外力介入或他殺的狀況。後續將報請台北地檢署檢察官進行司法相驗，以進一步釐清詳細事發過程。    ,https://news.ltn.com.tw/news/society/breakingnews/5543467
刑事局破獲越籍夫妻檔賣「宇舶、勞力士」假錶   侵權市值達6千萬,社會,2026/08/18 10:49,刑事局智慧財產權偵查大隊去年破獲外籍仿錶集團，在桃園中壢店面，查獲仿冒精品手錶149支，侵權市值達6千萬元。（記者陳建志翻攝）刑事局智慧財產權偵查大隊去年獲報有民眾在臉書販賣仿冒的精品名錶，還以越南文字招攬同鄉，經暗中蒐證後，去年8月前往桃園中壢由越南籍阮姓男子（36歲）和越南籍陳姓太太（32歲）經營的錶店，逮捕2人和泰國籍潘姓員工（34歲），並查扣仿冒宇舶、勞力士、百達翡麗、萬寶龍等精品手錶149支，侵權市值達6千萬元，桃園地檢署近日偵結，依違反商標法罪嫌將3人起訴。刑事局智慧財產權偵查大隊去年獲報，有民眾在臉書陳列、販售大量仿冒宇舶錶（HUBLOT）等商標商品，還以越南文字「專營正品手錶批發與零售」招攬越南同鄉，經採證後送交在台商標權利代理人辨識確定為仿冒商品，與移民署北區事務大隊機動隊成立專案小組偵查，並報請桃園地檢署指揮偵辦。請繼續往下閱讀...經蒐證完成，去年8月7日持搜索票前往犯嫌在桃園中壢經營的錶店搜索，當場逮捕越南籍阮姓主嫌（36歲）和越南籍陳姓太太（32歲），以及協助販售的泰國籍潘姓員工（34歲）。現場並查扣仿冒宇舶、勞力士、百達翡麗、萬寶龍、萬國等精品手錶共149支，真品販售價格約30萬到100萬，阮嫌等人僅以數千到1萬元售出，侵權達6千萬，其中一支售價最貴的百達翡麗錶，市價約100萬，阮嫌僅以低價1萬元售出，價差達百倍，訊後將3人依違反商標法移送法辦。警方調查發現，該集團由阮姓主嫌自越南進口高仿精品手錶成品後，由陳姓妻子透過抖音及臉書等平台直播與貼文吸引同鄉至開設的實體店面選購，並由潘姓共犯於店面協助進行交易，桃園地檢署近日偵結，依違反商標法將3人起訴。刑事局智慧財產權偵查大隊去年破獲外籍仿錶集團，在桃園中壢店面查獲眾多宇舶、勞力士、百達翡麗、萬寶龍仿冒手錶。（記者陳建志翻攝）刑事局智慧財產權偵查大隊去年破獲外籍仿錶集團，查扣眾多宇舶、勞力士、百達翡麗、萬寶龍仿冒手錶。（記者陳建志翻攝）    ,https://news.ltn.com.tw/news/society/breakingnews/5543470
獨家》新北警約8網友母校打野砲 拍下性愛片上傳57次被判刑,社會,2026/08/18 10:48,新北市一名員警約了8名網友到其母校高中野戰，並將過程拍下以後上傳至X。（記者翁靖祐攝）新北市某員警透過社群媒體「X」與多名網友相約在台北市某高中性交以後，拍下性愛影片，上傳至「X」，共計發布57次。台北地院日前開庭，該名員警全數認罪，日前被傳出可能升任審判長的法官郭建鈺也當庭勸他「好好珍惜公職的機會」，全案於近日審結，該名員警被判依公然猥褻罪處2月徒刑，得易科罰金；依散布猥褻影像罪處2月徒刑，得易科罰金，應執行3月徒刑，得易科罰金。該名員警自2025年4月至11月之間，透過X相約8名網友到該名員警的母校，位於台北市大安區的某高中發生性行為。該名員警作為校友，深諳校園的地形，於是帶領著這群網友在學校的活動中心等地野戰，並將過程拍下。請繼續往下閱讀...後續該名員警於2025年7月13日起至11月17日間，將影片上傳至社群媒體X，共計57次，警方獲報以後，於2025年11月18日持搜索票前往其住處進行搜索，並查獲其手機2支、電腦主機1台、行動硬碟2個，該名員警移送北檢後以10萬元進行交保，檢方於今年2月9日向法院聲請簡易判決。本案於8月10日開庭，該名員警全數認罪，並當庭懇求法官，盼可以給他機會，強調其沒有利用警察身分去強迫別人發生性行為，也沒有販賣性愛影片。本案的承審法官郭建鈺見其態度良好，便當庭說其所犯下的2罪，都會給予6月以下且得易科罰金的量刑，並語重心長的向他說「這樣的行為不要再有，應該好好珍惜公職的機會」。郭建鈺過去是曾經辦理過台北市長柯文哲涉貪案的檢察官後續轉任為法官，日前有消息指出，轉任1年法官的郭建鈺在今年審判長職缺的競爭中脫穎而出。    ,https://news.ltn.com.tw/news/society/breakingnews/5543452
「偽台電工程車」雙北趴趴走惹眾怒 警攔查擅改車身祭重罰,社會,2026/08/18 10:43,警方攔下「偽台電工程車」並開出重罰。（記者徐聖倫翻攝）社群平台Threads近日有網友發文警告，指稱雙北地區出現一部疑似改裝的「偽台電工程車」，引發外界關注與疑慮。新北市三峽警分局指出，該車早在今年3月就因危險駕駛等違規遭警方函送法辦，昨警方再次掌握其行蹤，當場攔獲該車並依法開單舉發，同時要求監理機關強制驗車。​警方表示，該輛車先前即為警方列管對象，今年3月27日已通知車主到案說明。車主因涉及危險駕駛等違規，公共危險罪嫌部分已依法函送法辦；交通違規部分，警方當時也依「道路交通管理處罰條例」闖紅燈、危險駕駛等相關規定製單告發，並函請監理機關通知召回檢驗。請繼續往下閱讀...​針對近日網路貼文再度引發熱議，三峽警分局北大派出所員警於昨下午3時許，巡邏行經三峽區介壽路一段時，再度發現該車蹤跡並當場攔獲。經現場檢視，發現該車仍有任意變更車身且未依規定申請臨時檢驗的情形，員警隨即依「道路交通管理處罰條例」第18條第1項告發，並再度函請監理機關強制該車驗車。​警方強調，對於任意改裝車輛及危險駕駛等行為絕不寬貸，將持續會同監理機關嚴格查處。警方同時呼籲，車輛變更車體或設備應依法辦理檢驗登記，民眾若發現疑似違規車輛，可提供詳細車號與時間地點向警方檢舉，共同維護用路安全。偽台電工程車違規爭議不斷，還四處趴趴走惹眾怒。（記者徐聖倫翻攝）    ,https://news.ltn.com.tw/news/society/breakingnews/5543453
首例國防無人機採用中國零件被抓包  八軍團回應了,社會,2026/08/18 10:43,八軍團採購國防無人機，不肖廠商竟用中國零件組裝被抓包。示意圖（資料照）陸軍第八軍團採購百餘台無人機，得標廠商竟涉嫌採購中國封裝的無人機晶片、中國製飛行控制板等零組件組裝無人機，並以遮蔽產品標示及提出不實產地證明，軍方發現後主動函送檢方偵辦，張姓負責人遭羈押禁見；八軍團表示，履約及驗收過程中發現廠商疑似使用中國製零組件，除未支付採購價金，並蒐整相關事證函送檢調機關偵辦，依政府採購法及契約規範，辦理廠商停權、解除契約及追究違約責任。八軍團強調，國防採購涉及國家安全及國軍戰力，廠商履約時應確遵契約及相關法令規範；對於明知標案禁止使用特定來源產品，仍以不實文件或其他方式規避驗收，發現異常後，第一時間即主動查處、依法函送究責。請繼續往下閱讀...八軍團說明，本案已由檢調機關偵辦中，全力配合司法調查，並將持續與檢調及相關單位密切協調合作，積極配合偵辦不法，以落實國軍裝備品質管控，確保建軍備戰及國家安全。    ,https://news.ltn.com.tw/news/society/breakingnews/5543472
退伍又回任續當共諜！現役中士拍效忠影片、洩60件國軍作戰教範,社會,2026/08/18 10:24,憲兵及後備旅現役中士江文豪拍效忠影片、洩60件國軍作戰教範遭訴。示意圖（資料照）國軍再爆重大共諜案！宜蘭後備旅現役中士江文豪，因積欠龐大債務，在網路上遭中共實質控制的共諜組織「臥龍會」吸收，江男不僅拍下「戰時消極不抵抗、盼早日回歸祖國」等效忠影片，更登錄國軍內部系統大量翻拍下載「衡山戰情系統」、「愛國者飛彈戰術手冊」等重大國軍作戰教範，雄檢依《貪污治罪條例》違背職務收受賄賂罪及《國家安全法》等重罪將江男提起公訴。檢方指出，江文豪（34歲）原為憲兵東澳嶺分隊中士，2022年間因債務問題在Telegram結識綽號「三哥」、「Gucci」的中共情報人員。江男拿到20萬元對價，並得到中國共諜組織承諾協助清償百萬債務，竟錄製宣誓支持兩岸統一、反對台獨、承諾「戰時消極不抵抗」的效忠影片，正式加入「臥龍會」共諜組織。請繼續往下閱讀...江男加入後，自2024年5月起利用權限登錄國軍準則系統，大量下載並以手機翻拍國軍聯合作戰、衡山戰情系統、愛國者飛彈保養手冊及空軍作戰情報等60件重大機密電磁紀錄傳給對岸。更離譜的是，江男於2025年1月退伍後，因缺錢花用，竟遵照對岸共諜組織成員「書書」指示「申請回任軍職」，於同年6月順利回任宜蘭後備旅中士，不但從中國情報人員手中拿到近60萬元籌勞，並埋伏伺機蒐集機密情報。雄檢偵結後認定，江男違背職務收受對價對國家安全造成重大危害，犯行明確，依《貪污治罪條例》「違背職務收賄罪」（最重可處無期徒刑）及《國家安全法》傳遞公務秘密罪嫌提起公訴，並依法請求從重量刑。    ,https://news.ltn.com.tw/news/society/breakingnews/5543427
詐貸11億判12年 基隆營造大亨又欠518萬勞保費被管收,社會,2026/08/18 10:21,執行官將羅律煌帶回詢問。（記者吳昇儒翻攝）欣偉傑建設創辦人羅律煌上個月因建造台北市中山區豪宅「中山隱」期間詐貸11億元，被判處12年徒刑。近日又因其掛名負責人的大元營造公司，積欠518萬元勞保費未繳，被移送至執行署宜蘭分署執行。執行官員發現羅男得知積欠保費後，公司名下仍有4千多萬現金流，卻不願拿出來繳納，擺明不想還款，昨日向法院聲請管收獲准。執行官調查，現年71歲的羅律煌原為基隆羅傑建設的創辦人，後又創立欣偉傑建設，建造基隆普羅旺世大型社區及台北市豪宅中山隱、長安雋及閱讀春樹，資產難以估算。近年卻多次因欠稅、詐貸案登上媒體版面。請繼續往下閱讀...經查，大元營造公司資本額高達2.3億元，卻積欠518萬餘元的勞保費用，勞工保險局多次通知負責人羅律煌，對方卻置之不理，僅提出每月繳納數萬元方案，無還款誠意；宜蘭分署接獲案件後，清查公司名下僅餘一輛油電混合車，且羅得知積欠勞保費時，公司內尚有4千多萬元資金，卻陸續將錢轉出，並稱是償還欠款。宜蘭分署要求羅男先將車輛交出，對方竟稱「車子還要用」當場拒絕，僅稱可以先還1、200萬，之後每個月再還數萬元。宜蘭分署執行官認為，羅男明明有支付欠款能力，卻故不履行且隱匿動產，訊問後決定向宜蘭地方法院聲請管收。宜蘭地院則於昨日下午3時許開庭，當庭裁定管收羅男。據了解，羅男目前已安置於管收所中，執行官近期將前往探視，詢問是否願提出新的還款計畫。宜蘭分署表示，針對有履行能力卻處分財產情事的義務人，將嚴格執法、絕不寬貸；必要時，並將施以限制出境，甚至向法院聲請拘提、管收等強制手段。呼籲民眾應誠實面對公法債務，以免損及自身權益。執行官將羅律煌帶回詢問。（記者吳昇儒翻攝）    ,https://news.ltn.com.tw/news/society/breakingnews/5543418
航見科技張東琳低價標得國防無人機採購案 竟以中國晶片組無人機交貨收押,社會,2026/08/18 10:21,橋頭地檢署。（資料照）橋頭地檢署偵辦首例國防無人機採購涉犯國安法等案件，查出航見科技股份有限公司去年得標陸軍第八軍團無人機採購案，負責人張東琳及技術主管羅翊祥竟涉嫌採購中國無人機晶片、飛行控制板等組裝無人機，並遮蔽產品標示及提出不實產地證明等方式，向軍方交付無人機企圖蒙混過關，經軍方驗收發現無人機使用中國製零組件，未付採購金主動移送檢方偵辦，橋頭地檢署今認定2人涉犯違反國家安全法、詐欺取財未遂罪嫌，向法院聲請羈押禁見，經法院裁定張東琳羈押禁見、羅翊祥請回。橋頭地檢署日前接獲陸軍第八軍團指揮部主動函送無人機採購案承攬廠商使用中國、香港及澳門製元件情事，檢察長郭景東指示主任檢察官陳竹君、檢察官嚴維德分案，並指揮高雄市調查處深入調查，發現航見科技股份有限公司去年得標陸軍第八軍團無人機採購案，以295萬元低價搶標順利得標。請繼續往下閱讀...檢方調查，航見科技股份有限公司負責人張東琳及技術主管羅翊祥，涉嫌採購中國封裝無人機晶片、中國製飛行控制板等零組件組裝無人機，並以遮蔽產品標示及提出不實產地證明等方式，向陸軍八軍團交付無人機，企圖使驗收人員誤認所使用零組件均符合標案規定。陸軍第八軍團於驗收過程，發現相關無人機疑有使用中國製零組件情形，而未支付採購價金，並主動函送檢方偵辦，主任檢察官陳竹君及檢察官嚴維德指揮調查局高雄市調查處等專案小組人員，今年8月前往航見科技股份有限公司、睿揚創新科技有限公司等處執行搜索，並傳喚張東琳、羅翊祥等人及證人到庭。檢方查出張東琳為航見科技股份有限公司登記負責人，羅翊祥任職睿揚創新科技有限公司技術主管，2人為合作夥伴關係，經檢察官訊問後，認定張東琳、羅翊祥等2人涉犯違反國家安全法第11條第1項第1款、第12條第1項交付提供大陸地區產製品罪嫌、刑法第339條第1項、第3項詐欺取財未遂罪嫌，向法院聲請羈押禁見，經法院裁定被告張東琳羈押禁見，法官諭知羅翊祥請回。橋頭地檢署檢察長郭景東表示，國防採購涉及國家安全及國軍戰力，廠商履約時應確實遵守契約及相關法令規範，對於明知標案禁止使用特定來源產品，仍以不實文件或其他方式規避驗收行為，將依法嚴查，以維護國防採購品質及建軍備戰需求。    ,https://news.ltn.com.tw/news/society/breakingnews/5543422
泰拳女教練腹內藏72顆膠囊  耗費10天排出檢測結果曝,社會,2026/08/18 10:12,海巡署法辦泰拳女教練（中）。（海巡署高雄查緝隊提供）35歲泰拳女教練從泰國入境高雄，被海巡署攔查，帶到醫院檢測，赫見肚子內滿滿72顆海洛因膠囊，耗費10天才排出，總重289.1公克，依毒品危害防制條例移送法辦，高雄地檢署7月起訴，目前仍收押中。海巡署偵防分署高雄查緝隊接獲情資，指今年4月6日這名泰國籍的泰拳女教練，將從泰國直飛高雄機場「人體運毒」，當天在她下機後逮捕，帶到醫院檢查，並透過藥物「自然排泄」。請繼續往下閱讀...高雄查緝隊表示，專案小組在連續10天陪伴過程，不僅要強忍惡臭清洗排泄的毒品，更要兼顧嫌犯的健康，所幸因為她是泰拳教練，長期接受高強度搏擊訓練，爆發力及健康遠超常人。不過，正因泰女有高超的搏擊技能，為防她脫逃，專案小組24小時保持高度警戒，嚴密監管戒護，總計排出72顆膠囊，總重289.1公克，市價約360萬元，依毒品危害防制條例移送法辦，高雄地檢署7月起訴，目前仍收押中。高雄查緝隊強調，這類橢圓形球狀的海洛因膠囊，以保險套及熱縮膜層層包裹，容易口服吞入，規避檢查，但如果毒品外膜遭人體胃酸等物質溶解，將面臨死亡風險。泰拳女教練腹內滿滿的海洛因膠囊。（海巡署高雄查緝隊提供）    ,https://news.ltn.com.tw/news/society/breakingnews/5543415
新竹外送員搶手機拉傷同行 苦吞代價5萬5000元,社會,2026/08/18 10:07,古姓外送員因工作嫌隙在街頭攔截同行張男，衝突過程導致張男受傷，法官依傷害罪判處古男拘役55天，得易科罰金。（記者廖雪茹攝）外送員送餐竟上演街頭衝突！新竹地方法院針對一起外送員傷害案件作出判決，一名古姓外送員因工作嫌隙攔截同行張姓外送員爭論，張男拿出手機錄影，雙方在拉扯中導致張男受傷，法官依傷害罪判處古男拘役55天，得易科罰金。判決書指出，這起事件發生在2025年12月28日晚間，正值外送尖峰時刻。古姓外送員騎乘機車行經新竹市中山路與西大路口時，巧遇素有工作嫌隙的同行張姓男子。古男一時氣憤，直接在路邊攔截騎乘自行車的張男，意圖與之爭論。請繼續往下閱讀...面對突如其來的攔車，張男立即拿起手機錄影蒐證，此舉點燃古男怒火。古男為了阻止對方拍攝，出手爭搶手機，在激烈的衝突拉扯間，造成張男左手挫傷疼痛。法官認為，古男作為智慮成熟的成年人，應能預見在爭搶錄影中的手機時，極大機率會造成對方受傷，卻仍基於傷害他人身體的單一不確定故意，在衝突之間拉扯張男左手，導致張男左手受有挫傷疼痛的傷害。古男雖自始坦承犯行並表達和解意願，但因先前工作嫌隙與應對方式欠佳，導致告訴人張男無意協商，迄今未能達成賠償。法官審酌古男學歷、經濟及一切生活狀況，最終裁定古男犯傷害罪，處拘役55天，可易科罰金5萬5000元。    ,https://news.ltn.com.tw/news/society/breakingnews/5543401
台東計程車自撞翻車 59歲駕駛受困獲救,社會,2026/08/18 10:04,計程車自撞後滑行十數公尺，在地上留下長長的刮地痕。（消防局提供）台東縣成功鎮比西里岸部落今早7時許發生一起自撞車禍案件，一輛計程車行經白蓮路時，疑因道路狹窄自撞翻車，蔡姓駕駛受困在車內，救難隊員花了近20分鐘才將其救出，所幸並無大礙。事故發生在三仙橋通往台11線的舊省道路段，自撞的59歲蔡姓駕駛受困車中，消防人員7時16分抵達現場後，蔡男於7時37分順利脫困並後送台東醫院成功分院，所幸駕駛僅有輕傷，且意識清楚生命徵象穩定。請繼續往下閱讀...警方表示，該地區由於道路較狹窄，加上司機又是外地人、不熟悉路況，疑似因此才自撞翻車，車禍原因仍在進一步釐清中。安全氣囊爆開，所幸駕駛僅輕傷，在警消協助下順利脫困。（消防局提供）安全氣囊爆開，所幸駕駛僅輕傷，在警消協助下順利脫困。（消防局提供）    ,https://news.ltn.com.tw/news/society/breakingnews/5543385
又是毒駕！高雄男逆向撞車  警搜出146包毒咖啡包,社會,2026/08/18 09:50,孫男毒駕逆向撞車，警方查獲146包「小小兵」毒咖啡包。（民眾提供）高雄市孫姓男子毒駕途經楠梓區清豐三路，逆向擦撞路邊車輛，所幸無人受傷，警方見他神情恍惚，檢測出新興二、三級毒品陽性反應，車上查獲146包「小小兵」咖啡包，換算市值7萬多元，警訊後將他依毒品及公共危險罪嫌移送法辦。警方今表示，孫姓男子（26歲）前天凌晨駕駛轎車，行經楠梓區清豐三路之際，逆向擦撞路邊車輛，民眾發現報警；楠梓警方據報到場，發現孫男精神不佳、神情恍惚，經檢測呈現新興二級毒品甲基卡西酮、三級毒品K他命陽性反應。請繼續往下閱讀...警方隨即實施附帶搜索，於孫男車內查獲146包印有「小小兵」圖案的新興卡西酮毒品咖啡包，所幸車禍無人傷亡，否則後果不堪設想，警訊後將他依毒品危害防制條例及公共危險罪移送橋頭地檢署偵辦。楠梓警分局呼籲民眾，不法分子常以可愛圖案包裝毒品以降低戒心，提醒民眾留意，如發現可疑情事，請立即撥打110，警方將持續嚴加查緝毒品，全力守護社會治安。    ,https://news.ltn.com.tw/news/society/breakingnews/5543377
假幣商面交5次吸血1600萬 男辯「只是跑腿」遭重判,社會,2026/08/18 09:37,假幣商面交5次吸血1600萬，男辯「只是跑腿」。（資料照）苗栗縣一名黃姓男子加入詐騙集團充當假虛擬貨幣幣商，先後5度與遭假投資話術洗腦的被害人面交，取走高達1600萬元現金，黃男則從中抽取23萬餘元傭金。苗栗地方法院審理後，依加重詐欺取財罪重判黃男有期徒刑5年6個月，併科罰金6萬元，犯罪所得23萬37元宣告沒收。判決書指出，黃男於前年9月間加入詐騙集團擔任面交車手，該詐團佯稱可在「ENTG」平台投資泰達幣獲利，並指定被害人向幣商購買虛擬貨幣。請繼續往下閱讀...黃男接獲指示後，於前年10月至11月間，5度前往苗栗市星巴克及賣場外，點收被害人交付的現金，總金額高達1600萬元。每當黃男收取現金後，「H」即轉入等值泰達幣至被害人電子錢包營造交易假象，被害人隨後將泰達幣轉入詐團掌控的假平台，黃男則依每顆泰達幣抽成0.3至0.5元，共獲利23萬37元。黃男於地院審理時矢口否認犯行，稱自己只是幫朋友「跑腿」做虛擬貨幣買賣，自以為是合法幣商。法官審理指出，黃男親自面收鉅額現金，與合法幣商透過平台轉帳的運作常態大相逕庭；且黃男曾2度因出售帳戶遭判刑確定，對於詐團手法應有相當警惕，卻仍貪圖高額報酬配合，顯有共同詐欺與洗錢之不確定故意。法官考量其構成累犯、造成被害人鉅額損失且未和解賠償，依法量處有期徒刑5年6月。    ,https://news.ltn.com.tw/news/society/breakingnews/5543350
示愛碰壁狂傳訊騷擾直播主 女酸「頭貼像遺照」判拘役30日,社會,2026/08/18 09:33,嫌直播主頭貼像遺照，彰化女被判拘役30天。（資料照，記者顏宏駿攝）彰化A女因購買包包而結識一名直播主，多次釋出愛意，但直播主回應冷淡，引發A女不悅，用傳簡訊的方式對直播主本人及其家人「狂轟濫炸」，還嫌對方頭貼像遺照，最後被直播主提告，法官認為A女因違反跟蹤騷擾防制法判處拘役30日，可易科罰金。判決書指出，A女在直播平台購買包包而結識一名直播主，期間曾向A女表達好感。後因購買事宜發生爭執，A女聯絡被封鎖， A女對直播主提出詐欺告訴，導致直播主帳戶遭凍結。直播主懇請和解，雙方簽署和解書。請繼續往下閱讀...A女原本期待和解後能繼續維持良好關係，卻因事後發展不如預期，便用簡訊的方式對直播主一陣狂轟濫炸，使直播主心生畏怖，足以影響日常生活與社會活動。這些簡訊語詞包括「你頭貼很醜像遺照一樣、我又來擾擾了」等內容。法院認定，本案確實基於與性或性別關係而生的騷擾行為。A女雖辯稱只是為了索討財物才持續聯繫，但從警詢自承雙方曾互表好感、對話紀錄頻繁關切病情，以及和解後仍密集侵擾等情節，顯示其因渴望維持親密互動關係落空，才轉為非理性情感報復與騷擾，並非單純債務糾紛。考量A女反覆持續的侵擾行為已逾越社會通念所能容忍的界限，客觀上使告訴人感受到嚴重不安與恐懼，主觀上也具有騷擾故意，量處拘役30日。    ,https://news.ltn.com.tw/news/society/breakingnews/5543351
假女網友稱包裹卡關  高雄男子超商購點數險受騙,社會,2026/08/18 09:05,又見臉書戀愛陷阱！高雄男險買萬元蘋果點數，鹽埕警方及時阻詐。（民眾提供）高雄李姓男子（61歲）於臉書結識暱稱「Kim lee」的「女」網友，誤入詐騙圈套，對方以協助代收國際包裹發生卡關，需支付相關費用為由，騙他前往超商購買1萬餘元的蘋果點數救援，鹽埕分局獲報前往成功阻詐。鹽埕警分局今（18）日表示，五福四路派出所警員黃彥文、黃柏融於昨日接獲報案，稱鹽埕區大仁路超商有男子欲購買大額點數卡，疑似遭詐騙，警方立即到場了解，民眾李姓男子（61歲）當時欲購買價值1萬2千6百元的蘋果點數。請繼續往下閱讀...過程中超商店員察覺李男神情異樣，對於購買用途支吾其詞，立刻通報警方協助。經了解，李男表示為幫支付代收包裹費用才購買點數，經取得其同意檢視通訊軟體對話內容，發現暱稱「High way」不明人士持續催促其購買點數，並要求回傳照片。經員警進一步關切後，李男才透露日前於臉書結識暱稱「Kim lee」的女網友，對方便以協助代收國際包裹發生卡關、需支付相關費用為由，要求李民前往超商購買點數救援，警方向他表示此為典型的「愛情詐騙」套路，經員警分析說明後才驚覺受騙，隨即放棄購買。鹽埕警分局呼籲，網路交友務必提高警覺，凡是未曾謀面之網友以「愛情交往」、「代付包裹」等理由要求購買點數卡、翻拍傳送卡號或匯款者，均為詐騙集團慣用手法。愛情詐騙對話記錄。（民眾提供）    ,https://news.ltn.com.tw/news/society/breakingnews/5543337
昔日河粉店變毒窟  南市警破獲假修車真販毒據點,社會,2026/08/18 09:05,台南市刑大偵辦毒品案向上溯源，拘捕涉嫌販毒的黃嫌。（記者劉婉君翻攝）綽號「越南阿棋」的黃姓男子，以歇業的越南美食店為據點，並以修理機車為名義，涉嫌「掛羊頭賣狗肉」販售毒品，台南市警察局刑事警察大隊4月偵破莊、林姓情侶檔販毒案後，向上溯源，經長期跟監蒐證，將黃嫌拘捕到案，全案依違反毒品危害防制條例移送台南地檢署偵辦。警方調查發現，黃嫌原本從事機車修理工作，婚後與妻子共同經營越南美食店，2年前餐館歇業後，重操修車舊業之際，卻誤入歧途接觸毒品，在重利誘惑下涉入毒品交易，以仍高掛越南餐館招牌的處所為販毒據點，買家佯裝修理機車，前往購買毒品，企圖以多重偽裝掩飾非法。請繼續往下閱讀...參與查緝的陳姓員警，5年前就讀高中時，曾多次到該店用餐，當時對老闆親切的態度與手藝印象深刻，沒想到相隔多年再次登門，竟是為了執行緝毒任務，眼見昔日熱情端上美味河粉的老闆淪為毒犯，不勝唏噓。警方偵破黃、莊、林等3人為核心的毒品供應網絡，全案並查緝下游5名藥腳到案，共計查獲第一級毒品海洛因3包（毛重2.96公克）、依托咪酯菸油7罐（毛重324.76公克）；第二級毒品安非他命47包（毛重688.44公克）、第三級毒品FM2藥丸39顆、空氣槍1枝、新台幣30萬元及各式毒品分裝、吸食器具等證物，毒品估算市價約358萬元，及時阻斷大量毒品流入市面。台南市刑大偵破黃、莊、林等3人為核心的毒品供應網絡，查扣大量毒品等證物。（警方提供）    ,https://news.ltn.com.tw/news/society/breakingnews/5543336
詐團發「交大」錄取通知 網笑：交通大隊附專業寫真比較省,社會,2026/08/18 08:53,大學考試分發入學放榜，隨即成了詐騙集團行騙伎倆。（記者蔡宗勳翻攝）大學考試分發入學昨日正式放榜，本該是莘莘學子幾家歡喜幾家愁的時刻，竟也迅速被詐騙集團盯上，躍升為最新行騙手段。不少早已脫離學生身分的非考生，近日接連收到各大名校的「錄取通知」簡訊或信件時，啼笑皆非。其中，一位早已畢業多年的網友分享，自己突然收到一張來自「陽明交通大學」的錄取通知。他幽默打趣表示：「看到陽明交大的通知其實覺得特別親切，因為我平時也蠻常收到『交大』的通知，而且人家警察局還會附上專業攝影師拍的超高畫質追焦照！算一算，交通大隊發的通知可比這便宜太多了。」請繼續往下閱讀...該名網友將「交通大學」與「交通大隊」巧妙聯結，令人莞爾，貼文引發大批網友熱烈討論，紛紛留言笑稱「交通大隊的高畫質追焦照確實很有誠意」、「這張大學錄取通知繳下去，學費真的比罰單貴太多」、「詐團真的無所不在，太可惡了」。    ,https://news.ltn.com.tw/news/society/breakingnews/5543318
傳送釣魚簡訊供詐團盜刷被害人信用卡 詐團釣手判刑4年2月,社會,2026/08/18 08:51,柯男傳送釣魚簡訊供詐團盜刷被害人信用卡，被法院判刑4年2個月。（資料照）柯姓男子與詐團聯手隨機向不特定民眾發送佯稱ETC費、停車費、信用卡費等未繳費釣魚簡訊，經取得被害人信用卡資料後，供詐團盜刷，導致近30名被盜刷數百萬元，柯男還向詐團低價購買詐騙得來的電子禮券消費，經警方查獲送辦，屏東地院依詐欺取財等罪併處柯男4年2個月徒刑，並沒收或追繳不法所得，可上訴。柯男2年多前與詐騙集團聯手，隨機向不特定民眾發送佯稱信用卡費、水費、電信費等未繳、點數到期等詐欺釣魚簡訊，讓接到簡訊民眾陷於錯誤，登入釣魚網址後，依網頁指示步驟輸入個人信用卡資訊，結果遭到詐騙集團盜刷，導致近30人受害，被盜刷金額達數百萬元，柯男為此獲得4萬元報酬，並向詐團低價購買詐騙得來面額共26萬元的電子禮券消費。請繼續往下閱讀...警方據報後循線逮到詐騙釣手柯男，他在應訊時卻否認犯案，直到法院審理期間才坦承犯行，但始終未賠償被害人損失，屏東地院依觸犯電子通訊對公眾散布詐欺取財罪，判刑2年10個月，又犯故買贓物罪，判刑1年10個月，合併應執行4年2個月徒刑，並沒收或追繳不法所得4萬元及26萬元禮券價金。    ,https://news.ltn.com.tw/news/society/breakingnews/5543314
彰化不二坊蛋黃酥驚傳遭冒名網售 店家氣向警方報案,社會,2026/08/18 08:43,不二坊蛋黃酥驚傳被冒用店名在網路詐騙，店家氣向警方報案。（記者湯世名攝）每年中秋節前夕彰化市蛋黃酥排隊名店不二坊電話預購早早售罄，網路代購價水漲船高，繼2022年有歹徒假造不二坊盒子混裝來路不明的蛋黃酥販售詐騙後，今天（18日）又傳出有不肖人士假冒不二坊店家網路販售蛋黃酥，疑收到款項後未出貨，已有民眾受騙，店家氣得向彰化警分局報案，已由警方追查中。最近在網路上有自稱是不二坊店家在販售蛋黃酥，內容約略為2026年中秋節人氣蛋黃酥正式開放預訂，且還註明「僅此一家別無分店，避免買到仿冒品」，1顆蛋黃酥50元；每年中秋節檔期訂單爆量，產能有限，很容易額滿結單，建議大家提早預約，避免臨時到店撲空。請繼續往下閱讀...由於不二坊向來只有現場門市排隊購買與中秋節檔期開放電話訂購，從無網路預購，因此前天有民眾在網路看到此廣告後納悶「不二坊怎麼會有網路販售？」立即透過管道向不二坊店家詢問，結果店家氣得說「剛剛才向警方報案」，他們也是在網路上看到有不肖人士假冒店家的名義網路預購，且發現已有民眾下訂受騙，因此向警方報案，提告對方違反商標法、妨害農工商之商標案，希望警方將不肖人士揪出，避免再有更多民眾受害。警方指出，不二坊並未授權任何網路平台或社群販售，該帳號並非不二坊所設置的官方帳號，店家也未授權商標給他人使用；網路上常見的「一頁式廣告」或非官方粉專多為假冒山寨或詐騙，詐騙手法包含以假包裝魚目混珠賣來源不明的蛋黃酥、收錢不出貨，或透過釣魚網頁竊取個資，呼籲民眾不要受騙上當。不二坊只有現場排隊與電話訂購，並未以網路販售方式行銷。（記者湯世名攝）曾有不肖人士用不二坊的包裝，混入來路不明的蛋黃酥進行詐騙牟利。（記者湯世名攝）    ,https://news.ltn.com.tw/news/society/breakingnews/5543308
渣男長期辱妻是婊子妓女  法官：家暴情節嚴重准她休夫,社會,2026/08/18 08:34,渣男長期辱妻是婊子妓女，法官判准她休夫。（情境照）新竹張姓渣夫長期辱罵枕邊人婊子、妓女，還揚言要殺了她，妻子不堪長期精神虐待與言語暴力而分居，並提告休夫，新竹地院認為張男家暴嚴重，令妻身心俱疲，判准離婚。97年結婚育有2子女的陳女說，丈夫張男情緒不穩定，每每貶低她人格、辱罵她還丟東西，造成她持續焦慮、失眠及憂鬱，她不堪長期受虐，113年8月分居至今，並提告休夫。請繼續往下閱讀...法官根據先前通常保護令裁定內容，得知張男曾辱罵妻子「幹死妳、死婊子」、「跟妳媽一起去賣」、「下流死了，去當妓女」、「媽的，當我什麼、回去殺了妳，想整死我」，足認婚姻期間張男曾對妻子有諸多言語及精神暴力行為，且不斷貶抑其人格尊嚴。事後張男又辱罵「這個家就是被你搞爛的、我一輩子不會原諒你」、「要去兼什麼職…服務男人的」、「跟你結婚真的是很倒楣」、「在家擺爛，小孩丟著，有夠爛，搬出去搞東搞西搞男人…不知道在外面搞多少病」，可見張男在保護令事件核發後，仍未檢討自身言行，持續以不堪言語辱罵妻子。法官認為，張男因懷疑妻子對婚姻的忠誠，經常辱罵、施以言語暴力行為，其家庭暴力行為情節重大，令妻子身心俱疲，已有礙其人格尊嚴與人身安全，最後判准陳女休夫。    ,https://news.ltn.com.tw/news/society/breakingnews/5543306
酒駕家暴犯違反保護令  掙脫戒具逃出派出所判8月,社會,2026/08/18 08:11,張姓酒駕家暴犯違反保護令被逮，竟掙脫戒具逃出北門派出所。（資料照）新竹張姓男子對女友施暴，經新竹地院核發緊急保護令後，隨即酒後駕車到女友住處狂按電鈴敲門，警方到場將他依違反保護令現行犯逮捕，沒想到他竟趁派出所人力不足之際，掙脫戒具脫逃，新竹地院依違反保護令罪、酒駕公共危險罪與脫逃罪將他判刑。法官調查，新竹地方法院3月26日核發緊急保護令，裁定張男不得對同居女友實施身體或精神上騷擾、脅迫或其他不法侵害，且不得騷擾，應遠離女方住居所整棟建築物大門口至少80公尺。請繼續往下閱讀...沒想到張男一收到保護令，就接續按門鈴、敲門及撥打電話等方式騷擾該女，警方到場後依現行犯逮捕張男，事後警方發現他酒精濃度達每公升1.25毫克還酒駕。28日清晨5點多，張男趁員警因公處理聚眾鬥毆案件而外出，看守人力不足之際，趁隙掙脫戒具並自北門派出所脫逃。當天早上警方就在桃園市將張男逮捕回籠。法官審酌張男不思以合法途徑主張權利，於接獲法院核發緊急保護令後，亦不知深切警惕，戒慎言行，反無視保護令內容，騷擾女方並接近住處，顯然漠視法令，致被害人無端承受身心壓力，顯見其自我情緒管理能力及尊重他人之法治觀念均待加強。此外張男酒後仍騎機車上路，危及道路交通安全，無視酒後禁止駕車觀念；為警查獲後，竟於留置派出所期間趁隙逃逸，對我國治安實存有潛藏性危險，亦損及國家公權力行使。最後法官依違反保護令罪、酒駕公共危險罪與脫逃罪，將張男判刑8月。    ,https://news.ltn.com.tw/news/society/breakingnews/5543286
高雄男騎士半夜闖紅燈 後方警車當場攔查,社會,2026/08/18 07:51,高雄男騎士載女友人半夜闖紅燈以為無人知，警車就在後方當場攔查。（民眾提供）高雄20歲王姓男子今（18）日凌晨1時許騎乘機車，行經鼓山一路、五福四路口時，以為四下無人便闖紅燈，不知巡邏警車就在後面，警方追上攔查、開單。鼓山分局指出，鼓山派出所員警於今（18）日凌晨1時許執勤，巡經鼓山一路與五福四路口，發現王姓男子（20歲）騎乘機車搭載女乘客闖紅燈，員警予以攔查，並依道路交通管理處罰條例第53條第1項規定予以舉發，處新臺幣1800元以上5400元以下罰鍰。請繼續往下閱讀...鼓山分局呼籲，駕駛人行經路口應遵守交通號誌，切勿因一時方便而闖越紅燈，危及其他用路人。    ,https://news.ltn.com.tw/news/society/breakingnews/5543276
台中男酒駕拒檢逃逸！狂飆闖紅燈撞3機車 慘釀1重傷3輕傷,社會,2026/08/18 07:44,台中北區太原路、崇德路口，今晚發生重大車禍，一名蔡姓男子酒駕闖紅燈，撞傷2男1女停等紅燈的騎士。（記者陳建志翻攝）首次上稿 08-17 20:56更新時間 08-18 07:44（更新：受傷人數和傷勢）台中一名蔡姓男子（56歲），昨天晚上（17日）7點多駕駛自小客車酒駕違規，遭警方攔查不停，行經北區太原路、崇德路口時又闖紅燈，撞上在路口停等的3名騎士和一名女行人，4人經送醫後都意識清楚，沒有生命危險，蔡男被隨後趕來的員警逮捕，酒測後酒測值高達每公升0.83毫克，目前依公共危險等罪嫌偵辦。請繼續往下閱讀...台中市消防局昨晚7點35分接獲報案，指稱北區崇德路1段和太原路2段路口發生車禍，到場時發現1輛自小客車撞上3輛機車，現場有3人受傷，其中一名女子後腦撕裂傷、意識不清，送往中國附醫急救。另有2名男性，1人臉部擦傷；另一人則無明顯外傷，2人皆意識清楚送醫治療。警方初步調查，這名蔡姓男子（56歲）昨晚7點多先駕車在北區進化北路、榮華街口違規迴轉，員警發現想攔查，蔡男卻駕車逃逸，沒多久行經崇德路1段和太原路2段路口，蔡男又闖紅燈，撞上在路口停等的3名騎士和1名行人，現場機車四散倒地、一片凌亂。其中紀姓女行人（55歲），被撞送醫後意識清楚，沒有生命危險，另3名被撞的騎士賴男（36歲）、周男（63歲）、吳男（34歲）則都是擦挫傷。警方到場後將蔡男逮捕，並帶回警局偵辦，經酒測酒測值高達每公升0.83毫克，已明顯超標，目前依公共危險等罪嫌偵辦。台中北區太原路、崇德路口，今晚發生重大車禍，一名蔡姓男子酒駕闖紅燈，撞傷2男1女停等紅燈的騎士。（記者陳建志翻攝）台中市第二分局轄區太原路、崇德路口，今晚發生酒駕肇事意外，造成3名騎士送醫，肇事男子已被警方逮捕，帶返派出所偵辦中。（記者陳建志攝）    ,https://news.ltn.com.tw/news/society/breakingnews/5543119
醉男誤闖警車友人偷側錄惡搞 高雄警方追查送辦,社會,2026/08/18 07:38,醉男（右）誤闖警車友人偷側錄惡搞，高雄警方追查送辦。（民眾提供）高雄市有民眾疑上錯車，擅自開巡停路旁的警車坐了進去，員警立刻嚴正斥責，並將該名男子喝令下車驅離，男子稱酒醉開錯車門，警方未立即將該他帶回，原來該男子的友人在一旁側錄，不排除2人惡作劇，警方調閱路口監視器，將追查嚴辦2人。新興分局今（18）日表示，中山所員警於昨日清晨5時45分許，在新興區大同一路段執行守望勤務，勤務期間，一名年約30歲男子趁執勤員警不注意之際，擅自開啟巡邏車車門進入車內，並疑與其他友人將此舉側錄惡搞，意圖滋擾警方執行公務。請繼續往下閱讀...現場員警發覺後，當場嚴正斥責並將該名男子喝令下車驅離，因當下該男子表示因酒醉開錯車門，警方並未立即將他帶回，但過程被路人拍下PO網，才發現可能的真相，後續​主動調閱監視器，追查到案依法嚴辦。警方呼籲警用車輛為執行公務之重要裝備，絕非民眾娛樂或惡搞之道具，該名男子乘隙侵入警車並拍攝側錄，行為已涉嫌干擾警方勤務執行，全案將依《社會秩序維護法》「於公務員依法執行職務時，以顯然不當之言詞或行動相加」予以查處送辦，絕不寬貸。    ,https://news.ltn.com.tw/news/society/breakingnews/5543267
自由日日Shoot》保險公司依約先理賠火險4億 惡作劇燒毀賣場 面臨終身追償,社會,2026/08/18 05:30,"郭男以打火機引燃殺蟲劑，釀賣場大火，保險公司理賠近4億元後提起代位求償。 （資料照）郭姓男子惡作劇以打火機引燃噴霧殺蟲劑，導致大賣場遭燒毀停業近半年，承保商業火災保險的保險公司合計理賠近四億元，並向闖禍的郭男提起代位求償，法界指出，代位求償為權利移轉，保險公司給付理賠金後，依法取得債權向肇事者追討，郭男即便無力支付天價賠償，也將面臨終身遭追償的後果。代位求償是保險公司先理賠給受害的被保險人後，再向肇事的加害人追討賠償金，尤其在交通事故上十分常見。律師陳志峯表示，此案家樂福為賣場投保商業火災險，火災發生後保險公司依約給付理賠金，並依民法侵權行為與保險法規定，依法取得原本屬於家樂福對肇事者的損害賠償請求權。請繼續往下閱讀...他指出，這在法律上等同債權移轉，由保險公司接替家樂福的位置向肇事者追討，通常保險公司在實務與法律層面，會提出代位求償，且被保險人也不能私下自行跟加害人和解。據悉，郭男當時高中肄業，朋友找他去買東西，沒想到闖了大禍，三．九億元天價賠償金恐賠不起，網友更嘆，即使年薪百萬也難清償。不過，不是一句賠不起就沒事，陳志峯表示，保險公司告贏取得債權是法律程序，郭男有沒有錢賠是事實問題，保險公司代位求償確保債權，後續可申請強制執行，即使郭男目前沒有財產可供執行，也會面臨終身被追償的法律後果。    ",https://news.ltn.com.tw/news/society/paper/1767062
免費領史努比吊飾當餌 詐婦300萬,社會,2026/08/18 05:30,林婦遭詐三百萬元，再匯二百萬元時獲警銀聯手阻詐。（民眾提供）詐騙集團以「免費領取史努比吊飾」為幌子，誘騙林姓婦人匯款四十元運費並藉此獲取個資後，再以各種理由連環行騙。林婦連吊飾都沒拿到，卻多次匯款，遭騙三百萬元。詐騙集團食髓知味，要求林婦再匯款二百萬元，所幸警方與行員聯手阻詐，林婦才驚覺受騙，保住二百萬元積蓄。六十八歲林姓婦人為家庭主婦，在網路上看到「免費領取史努比吊飾」廣告，一時心動點擊廣告與對方聯繫。詐騙集團先以「吊飾免費，只需支付四十元運費」為誘餌，再傳送假冒「黑貓宅急便」的釣魚網頁連結，要求林婦填寫訂單及收貨資料。獲取林婦個人資料後，又以「買家未完成實名認證」、「交易訂單遭鎖定」、「未處理恐遭平台罰款」等話術，要求林婦加入假客服帳號，依照指示操作匯款。林婦竟信以為真，陸續匯出多筆款項至不同帳號，累計達三百萬元。請繼續往下閱讀...詐騙集團食髓知味，要求林婦至銀行臨櫃匯款二百萬元，並依照詐團話術，謊稱款項為「室內裝修工程款」。行員察覺有異後報案，警方查證發現，這竟是詐團教導林婦的說詞。警方告訴林婦，她已落入詐騙圈套，但林婦不認為自己受騙，仍深信詐團說法。警方為戳破騙局，接聽對方來電，在林婦面前與詐團交鋒。詐團持續以話術取信林婦，警方當場表明「我是警察啦！」，詐團立刻掛斷電話。警方檢視林婦手機對話等資料，確認詐團提供的網頁並非正常官方交易流程，且林婦匯款的帳戶也涉及詐騙警示資訊，她才驚覺受騙。所幸警方聯手行員保住二百萬元積蓄。行員盤點林婦先前匯出的多筆款項，累計高達三百萬元，並請求將先前匯款帳戶列為警示帳戶，希望能追回已匯出的三百萬元。☆自由時報電子報提醒您，防詐騙專線︰165，報案專線︰110☆    ,https://news.ltn.com.tw/news/society/paper/1767064
打火機引燃噴霧殺蟲劑釀禍 22歲男玩火燒毀大賣場 要賠4億,社會,2026/08/18 05:30,桃園市22歲郭姓男子兩年前與友人到家樂福中原店購物，玩火燒毀大賣場，桃園地院近日判決郭男共應給付3.98億元。（資料照）桃園市廿二歲郭姓男子兩年前與友人到家樂福中原店購物，卻在清潔用品區以打火機引燃噴霧殺蟲劑引發大火，不只燒毀賣場也波及商店街店家，事發後大賣場停業近半年，包括受波及的商店街咖啡店，總理賠金額近四億元，八家保險公司聯合向郭男代位求償，桃園地院近日判決郭男共應給付三．九八億元。餘火未熄滅 殺蟲劑爆炸延燒郭男於二〇二三年十月三日凌晨與黃姓、周姓友人到家樂福中原店購物，郭男竟在地下一樓清潔用品區拿出打火機引燃噴霧殺蟲劑，隨後若無其事放回架上，三人繼續購物，豈料，殺蟲劑餘火未熄滅，引燃貨架其他殺蟲劑甚至爆炸，火勢瞬間延燒其他商品，導致店內物品燒毀、煙燻，受到嚴重損害，須委由結構技師進行修復鑑定，並依鑑定結果修復及補強才能重新營業，保險公司總計理賠三億九八二七萬〇八七八元，八家公司聯合向郭男提出代位求償。請繼續往下閱讀...賣場停業近半年 波及商店街法院審理過程中，郭男未於言詞辯論期日到場，也未提出書狀聲明或陳述，法官綜合相關證據調查結果，認為保險公司主張為真實，依侵權行為及保險代位求償的法律關係請求郭男賠償有據，判決郭男共應給付三億九八二七萬〇八七八元。另外，連帶被火勢波及的商店街咖啡店，保險公司同樣向郭男代位求償，法院日前判決郭男須給付九十七萬九三二六元，總計郭男因這把火背負近四億元賠償；刑事部分，郭男被判處六月徒刑。    ,https://news.ltn.com.tw/news/society/paper/1767034
辦拳擊賽打死人 現場無醫護 國家級教練裁判 逆轉有罪定讞,社會,2026/08/18 05:30,拳擊友誼賽釀選手死亡，教練丁晧峯遭判6月徒刑定讞。（取自丁晧峯臉書）廿六歲胡姓男子二〇二二年參加新北市新店拳擊俱樂部舉辦的「大拳頭拳擊友誼賽」時，因頭部遭對手重擊，造成顱內大量出血、大腦位移，送醫不治。台北地檢署依過失致死罪嫌起訴俱樂部負責人、身兼國際一星拳擊教練、A級國家級拳擊教練及裁判的丁晧峯。台北地院一審判丁男無罪。案經上訴後，高等法院改依過失致死罪判丁男六月徒刑，得易科罰金，最高法院駁回上訴，全案定讞。新店拳擊俱樂部負責人為丁晧峯，丁男同時兼任拳館教練，二〇二二年七月卅十日在該拳館舉辦「第十一屆全國大拳頭拳擊友誼賽」，胡姓男拳手報名參賽，與廿九歲徐姓男子對戰。比賽開打期間，胡男在第二回合遭對手擊中右側頭部跌坐在地，起身後頭部又遭連擊，最終裁判判定徐男勝利。請繼續往下閱讀...胡男下場後，持續感到頭暈目眩，甚至意識模糊差點癱倒在地，胡男的女友見狀旋即聯繫救護車，待胡男被抬上救護車時已陷入昏迷，經搶救仍宣告不治，死因為顱內大量出血、大腦位移導致腦死。北檢偵辦後認為，比賽負責人丁男明知依國際拳擊總會技術和競賽規則，比賽應配置醫護人員在場，由醫師依國際拳擊規則附錄之「體檢合格證書」表列事項，評估選手適合參賽後，選手才能參賽，且賽後應由醫護檢查拳擊手狀態，隨時採取必要的救護，依過失致死罪起訴丁男。台北地院一審認為丁男罪嫌不足，判處無罪。案經檢方上訴後，高等法院認為，丁男未依照國際拳擊規則配置拳台醫師全程在場，而以選手自行出具健康聲明書方式便宜行事，致使胡男在比賽前，未能獲得醫師檢查及專業意見，也無法在拳賽過程獲得必要協助，讓胡男枉送寶貴性命，最終撤銷一審判決，改依過失致死罪判丁男六月徒刑，得易科罰金。全案上訴至三審，最高法院駁回上訴，全案定讞。    ,https://news.ltn.com.tw/news/society/paper/1767065
涉洗錢80億 國聲科技老闆等19人收押偵辦,社會,2026/08/18 05:30,國聲科技涉洗錢80億元，19人遭羈押。（資料照）第三方支付業者「國聲科技公司」涉嫌以合法登記業者為掩護，提供虛擬帳號代收代付詐欺贓款及賭資，不到兩年間經手不法金流至少八十億元，不法獲利上看三千萬元，負責人謝睿宸等十九人去年已遭羈押禁見，目前全案由台北地檢署持續偵辦。本案源於刑事局電信偵查大隊偵辦一起假檢警詐欺案，分析被害人的金流時，發現第三方支付業者疑與詐團、博弈業者合作，利用平台申請的虛擬帳號代收詐欺贓款及賭資，循線追出國聲科技。請繼續往下閱讀...檢警調查，國聲與鄧姓男子成立的科技公司簽訂金流服務契約，由鄧男的公司成為國聲特約商店，再透過國聲取得銀行及超商代碼業者派發的虛擬帳號、繳費代碼，提供詐團被害人及賭客入金，並將款項偽裝成遊戲點數等商品交易所得，藉此製造金流斷點、隱匿犯罪所得。檢警追查，金流自二〇二三年至二〇二四年累計至少八十億元，國聲並按筆收取〇．三％至〇．五％手續費，專案小組陸續在雙北、桃園及台中等地發動多波搜索，查獲謝男等十九人，並查扣一八七二萬餘元現金等證物。檢方訊後，認為謝睿宸及鄧姓負責人涉案重大、有串滅證之虞，兩人被依涉犯洗錢防制法等罪嫌聲押獲准，全案目前仍由北檢持續清查涉案人及犯罪所得，尚未偵結。☆自由時報電子報提醒您，防詐騙專線︰165，報案專線︰110☆    ,https://news.ltn.com.tw/news/society/paper/1767061
洩密給洗錢集團 遠銀女經理被訴,社會,2026/08/18 05:30,遠銀女經理涉洩漏檢舉人個資給國聲科技負責人，遭北檢依個資法起訴。（資料照）金管會函查 內鬼承辦人翻拍檢舉人個資遠東銀行經理黃秋宜承辦金管會函查案時，涉嫌翻拍陳情函，將檢舉人的姓名、電話及銀行回覆內容，傳給遭檢舉的國聲科技負責人謝睿宸；國聲事後遭查出涉嫌洗錢至少八十億元，謝男也遭羈押禁見。台北地檢署偵結，依違反個人資料保護法等罪起訴黃女。黃負責審查風控 涉違保密義務起訴指出，黃女於二〇二二年至二〇二三年間，在遠東銀行企金部擔任資深副理，二〇二四年起轉任該銀行板橋文化分行經理，工作內容包括審核第三方支付客戶帳戶及交易風險，並負有洗錢防制、金融監理及客戶資料保密等義務。請繼續往下閱讀...金管會二〇二三年接獲民眾陳情，指稱多間第三方支付公司疑協助詐欺、博弈集團代收代付，其中包括與遠東銀行有業務往來的國聲科技；金管會同年函請遠東銀行查復，由黃女負責調查以及審核回覆公文。洩密給國聲科技負責人謝睿宸檢方查出黃女因承辦金管會函查，取得陳情資料，明知陳情人身分、陳情內容及金管會函文均非公開資訊，且姓名、聯絡電話涉及個人隱私，仍翻拍載有陳情人姓名、聯絡電話的陳情函，以LINE傳給遭檢舉的國聲科技負責人謝睿宸。黃女隨後又將遠東銀行回覆金管會的函文內容擷圖後，以LINE傳送給謝男。警方去年十一月前往黃任職的遠東銀行板橋文化分行搜索，查扣客戶資料查詢單、陳情公文系統資料、銀行回函，以及黃持有的手機、筆記本及日曆等物。檢方偵查認為，黃涉犯非公務員洩漏國防以外秘密罪，以及非法利用個資罪，因屬一行為觸犯數罪的想像競合犯，依法從一重的個資法罪處斷。☆自由時報電子報提醒您，防詐騙專線︰165，報案專線︰110☆    ,https://news.ltn.com.tw/news/society/paper/1767060
假公安詐團誘騙中國人植入木馬竊卡／台首腦勾結銀樓盜刷1.1億2主謀求刑14年,社會,2026/08/18 05:30,勾結銀樓盜刷示意鑫膳公司實際負責人王順興涉組跨境盜刷詐欺集團，由境外詐欺機房利用「假公安」等手法，誘騙中國被害人在手機植入木馬程式，竊取銀聯卡資訊後，交由台灣刷手至配合的不肖銀樓刷卡，盜刷金額高達一‧一億元；新北地檢署依違反詐欺犯罪防制條例、洗錢防制法及組織犯罪等罪嫌起訴王男等十人，並對王順興及抽取廿％手續費作為報酬的新北中和「鎮鋐金銀珠寶店」負責人黃仁哲求刑各十四年。新北檢起訴10人檢警調查，本案犯罪模式為境外詐欺機房在Telegram等通訊軟體上，假冒「公安、檢察官」或「平台客服（稱要幫忙取消自動扣款）」，聯絡中國被害者，誘騙他們在手機裡安裝遠端控制（木馬）軟體，再透過木馬程式暗中攔截被害人的銀聯卡卡號、密碼及簡訊驗證碼。請繼續往下閱讀...王順興統籌盜刷 銀樓招募刷手檢方查出，綽號「大飛」的王順興負責在台統籌指揮，當舖業者林士豪負責招募刷手及尋找配合的采穎珠寶店負責人黃建豪加入，黃再依指示招募其他業者。待刷手取得遠端攔截到的銀聯卡卡號與驗證碼後，即前往鎮鋐、北市中山區安毅珠寶（招牌為采穎珠寶店）、台北市內湖區豪霖珠寶（招牌為東福金品店）及北市大安區星光精品等店家刷卡。檢方查出，黃仁哲、東福金品負責人蘇俊榮等業者，配合虛構黃金或精品交易假象，並從中抽取手續費作為報酬，等拿到金融機構撥款後，再將現金交由車手等人駕駛專用車輛遞送，以此設下斷點，掩飾犯罪所得來源。檢方統計已查明身分的十八名中國被害人，遭盜刷金額即達一四三九萬餘元；若從涉案銀樓的刷卡金額計算更高達一．一億元。專案小組先前發動多波搜索，已扣押約兩千一百萬元犯罪所得。集團對其餘被害者的詐欺部分，另案偵辦中。檢察官審酌，王男等人所為侵害我國金融支付制度安全，惡性重大，對王、黃求刑各十四年；其餘被告部分，林士豪、黃建豪求刑各七年、車手葉博文求刑六年。☆自由時報電子報提醒您，防詐騙專線︰165，報案專線︰110☆    ,https://news.ltn.com.tw/news/society/paper/1767063
高雄義享天地爆口角衝突  警到場意外逮獲通緝犯,社會,2026/08/18 00:41,高雄男子百貨內與店員爭執，查身分竟是一名通緝犯，被警方解送歸案。（民眾提供）高雄市義享天地百貨公司17日晚間20時發生民眾口角糾紛，警方獲報迅速派人到場排解，查證身分時意外查獲涉案黃姓男子（35歲）竟是通緝犯，當場依法將他逮捕歸案。鼓山分局於昨（17日）晚20時許獲報，轄內義享天地百貨公司內，發生1件民眾口角糾紛，警方迅速派員到場排解，於查證身分時意外查獲涉案男子為通緝犯，當場依法將其逮捕歸案。請繼續往下閱讀...經了解，黃姓男子（35歲）疑因對店家告示內容認知，失控與店員產生歧異，進而引發口角衝突，警方獲報到場了解狀況並控制現場秩序，現場店家表示不願提出告訴。員警依規定進一步查證黃男身分時，發現其為高雄地檢署所發布之通緝身分，遂當場依法逮捕，全案移送高雄地檢署偵辦。鼓山分局呼籲，民眾遇有消費糾紛應保持理性溝通，切勿意氣用事引發衝突；同時提醒民眾若有涉及訴訟案件，應留意司法機關之文書通知，如期到案說明，以免遭發布通緝。如遇突發狀況，請立即撥打110報案，警方將迅速到場提供協助。高雄黃姓男子百貨內與店員爭執，查身分竟是一名通緝犯。（民眾提供）    ,https://news.ltn.com.tw/news/society/breakingnews/5543226
實體資產代幣化、穩定幣進金融機構  專家：制度與信任是關鍵,社會,2026/08/17 23:27,鄭旭高現任萬旭控股集團董事長，具台灣、美國會計師及國際公認反洗錢師資格，長期投入數位資產、金融科技及反洗錢實務。此次受台灣金融研訓院與銀行公會邀請，以「台灣虛擬資產與反洗錢實務」為題演說。（記者劉詠韻翻攝）實體資產代幣化（RWA）、穩定幣等數位資產逐步走向金融機構，但「代幣化」只是第一步。台北數位資產商業同業協會理事長、台美會計師鄭旭高今指出，台灣虛擬資產監理正朝許可制發展，法律、會計、內控、洗防、保管及市場基礎設施均須到位，「技術可以創造代幣，信任才能讓它真正規模化」。鄭旭高指出，台灣虛擬資產市場近年從反洗錢法遵要求出發，監理架構正逐步朝許可制及制度化市場發展，未來金融機構若要進一步布局數位資產，監理重點也將不只是業者是否完成登記。請繼續往下閱讀...鄭旭高提到，RWA（現實世界資產代幣化）若要真正進入金融體系，背後必須同時處理資產法律權利、會計認列、內部控制、反洗錢機制、資產保管及市場基礎設施等問題；若缺乏完整制度支撐，即使技術上能完成資產代幣化，也難以形成具規模且可信賴的金融市場。在反洗錢實務方面，鄭旭高也談及KYC（認識你的客戶）、KYT（認識你的交易）及Travel Rule等制度整合。他認為，隨虛擬資產交易跨境程度升高，金融機構及數位資產業者除確認客戶身分，也須進一步掌握資金流向及交易風險。論壇另提及數位債券及穩定幣會計等議題，鄭旭高說，台灣若持續完善數位資產監理、反洗錢及市場基礎設施，有機會成為亞洲受監理數位金融的重要連結點；數位資產能否真正被金融機構大規模採用，關鍵終究不只在技術，而在制度能否建立足夠信任。本次論壇邀集克羅埃西亞、以色列、英國及台灣等地講者與專業人士，領域涵蓋金融科技策略、銀行、資本市場、數位資產、金融監理及國際資產管理，並與主管機關、金融業高階主管及產業人士交流。    ,https://news.ltn.com.tw/news/society/breakingnews/5543205
8/17 今彩539頭獎開6注！400萬獎落高雄、新北、台北,社會,2026/08/17 22:25,今日開獎的今彩539開出6注，威力彩頭獎則摃龜。（擷取自台彩官網、本報合成）8月17日開獎的第115000199期今彩539開出6注，由高雄市左營區榮佑路67號「享確幸彩券行」開出4注、新北市中和區連勝街17號「連勝彩券行」及台北市士林區德行東路188號1樓「珠珠彩券行」各開出1注。第115000066期威力彩頭獎則摃龜。第115000066期威力彩中獎號碼為「第一區：05、11、18、19、35、38，第二區：08」。頭獎摃龜；貳獎摃龜；參獎共6注中獎，每注可得15萬元；肆獎共38注中獎，每注可得2萬元；伍獎共269注中獎，每注可得4000元；陸獎共1502注中獎，每注可得800元；柒獎共3586注中獎，每注可得400元；捌獎共1萬9087注中獎，每注可得200元；玖獎共2萬1121注中獎，每注可得100元；普獎共3萬9791注中獎，每注可得100元。請繼續往下閱讀...第115000199期今彩539中獎號碼為「19、22、27、28、38」。頭獎共6注中獎，每注可得400萬元；貳獎共194注中獎，每注可得2萬元；參獎共7932注中獎，每注可得300元；肆獎共8萬4172注中獎，每注可得50元。第115000199期39樂合彩中獎號碼為「19、22、27、28、38」。四合開出4注，可得21萬2500元；三合共497注中獎，每注可得1萬1250元；二合共1萬7459注中獎，每注可得1125元。第115000199期3星彩中獎號碼為「354」。壹獎共48注中獎，每注可得5000元。第115000199期4星彩中獎號碼為「6753」。壹獎共8注中獎，每注可得5萬元。確切中獎號碼以台彩網站公告為主，請見「台灣彩券網站」。威力彩、今彩539、39樂合彩、3星彩、4星彩中獎號碼。（擷取自台彩官網）    ,https://news.ltn.com.tw/news/society/breakingnews/5543173
只差15公尺！休旅車闖平交道黃網線列車逼近 後車駕駛緊急按鈕煞停,社會,2026/08/17 22:10,休旅車一度停在平交道遮斷器內。（翻攝自____6o7@Threads）屏東縣南州鄉的台鐵平交道傳出有車輛要行經平交道時，竟停在範圍內，好在後車駕駛機警前去按警示鈴這才沒有造成傷害，不過，未讓平交道淨空還險被火車撞的過程，也被後車全都錄，鐵路警察局現正調閱沿線監視器，若確認有闖入黃網線，將開罰1.5萬至9萬不等的高額罰金。這起驚悚事件前天遭到後車駕駛披露，所PO出的影片顯見1輛黑色休旅車竟然已停在平交道遮斷器內，且當時就有一輛列車停在鐵軌上，若未即時停下，恐將形成可怕的車禍場面。據PO文者敘述，當時是事發車輛後方的車輛駕駛見狀，趕緊下車按下平交道旁的緊急按鈕通知火車這才煞住，眼見火車無法通過，事發車輛的副駕駛才下車指揮讓黑色休旅車往後退出平交道範圍。請繼續往下閱讀...對此，鐵路警察局高雄分局回應，該案據判斷是發生在南州勝利路的平交道，未接獲後方車輛的檢舉，台鐵公司亦未通報，因此無法了解實際發生的日期及時間，但發現有這樣的事故後，已向台鐵公司申請平交道監視器的影像，若確認有在黃網線上臨停的情事，可依《道路交通管理處罰條例》開罰1.5萬元至9萬元不等罰鍰，並且吊扣駕照1年。該分局強調，黃網線的設置就是要提醒用路人要保持平交道淨空，警方舉例，若因前方塞車而正好行駛到平交道上，列車恐攔腰撞上，後果不堪設想，因此不要跟在車龍後方，所有車輛應在停止線前保持平交道淨空，直到平交道可確定通過時再通行，才不會釀成道安危機。    ,https://news.ltn.com.tw/news/society/breakingnews/5543145
婦人西門町點1800元肉蟹煲吃「霸王餐」 店家：她很冷靜應是慣犯,社會,2026/08/17 21:54,警方將林婦逮回派出所。（記者王冠仁翻攝）林姓婦人今天下午前往台北市西門町一家新開幕的餐廳，在店內大啖招牌肉蟹煲，總共消費1800多元，但她吃完後雙手一攤，告訴店家自己沒有帶錢，店家無奈之餘只好報警。轄區警到場後她仍表明自己沒有帶錢、無法付費，警方只好將她逮捕帶回派出所，將她依詐欺罪嫌送辦。被害店家今天下午在社群上發文表示，今天店裡有人吃霸王餐，感覺對方是慣犯因為她很冷靜，希望所有西門町店家都別遇到她。請繼續往下閱讀...北市警萬華分局西門町派出所今天下午3時許接獲報案，被害店家聲稱店內有人吃飯不付錢，需要警方到場協助。轄區員警到場後，發現原來當時林姓婦人自行進入店內消費，她大啖肉蟹煲等美食後，卻告訴店家無力負擔1800元餐費，讓店員相當傻眼，只好報警。據悉，林婦聲稱自己因為肚子太餓，才會進入店內消費，但因為沒帶錢沒辦法付帳。她過去有多起詐欺前科，但近期是首次在西門町地區吃霸王餐，警方不排除她是吃霸王餐的慣犯，過去可能都在其他地方以相同手法犯案。    ,https://news.ltn.com.tw/news/society/breakingnews/5543153
國二赴日移訓遭知名滑冰教練猥褻 女提告被反控「誹謗」一封信成鐵證,社會,2026/08/17 21:38,施男長年活躍國內花式滑冰圈，本身為退役花滑選手，曾任滑冰協會理事，並長期從事選手培訓、帶隊參賽及海外移訓，在圈內具高知名度。示意圖。（資料照）長年活躍國內花式滑冰圈、曾帶選手赴海外訓練的施姓教練，2013年帶2名國二女學生赴日移地訓練，涉嫌趁夜同房時伸手撫摸其中1人胸部及下半身。被害人多年後在社群平台揭露往事，並拿出施男當年道歉郵件提告；施男反控誹謗，台北地檢署偵結後依強制猥褻罪起訴施男，被害人妨害名譽部分則獲不起訴。據了解，施男長年活躍國內花式滑冰圈，本身為退役花滑選手，曾任滑冰協會理事，並長期從事選手培訓、帶隊參賽及海外移訓，在圈內具高知名度。被害人案發時仍就讀國二，因當時國內花式滑冰訓練資源有限，2013年暑假與另名女同學跟隨施男赴日本訓練；返台前兩天，施男以另一房間需晾衣為由，提議與2名國二女學生3人同房，當晚更拿出一瓶紅酒，邀2名未成年學生「試試味道」。請繼續往下閱讀...被害人指控，當晚入睡後突然察覺有人從背後將手伸進衣服內撫摸胸部，隨後一路往下觸碰下半身。她當下不敢反抗，只能背對施男低聲啜泣，直到施男發現她醒著後離開房間，她才立即叫醒睡在一旁的同學，哭著說出遭遇。2名少女當時年紀尚小，不知如何處理，事件也未立即曝光。返台後，施男曾以酒後誤認被害人為前女友為由致歉；被害人則獨自承受數月後才向家人說明，之後退出滑冰圈，回歸一般學生生活。這段往事沉寂逾10年，直到2025年底，被害人才在社群平台上公開當年遭遇。她表示，後來聽聞自己可能並非唯一受害者，加上希望下一代能有「沒有騷擾的滑冰夢想」，因此決定不再沉默，並將施男當年親自寄出的道歉郵件等資料交給檢方，正式提出告訴。施男在貼文曝光後隨即於臉書發文澄清，否認相關指控，甚至反控被害人涉嫌誹謗。不過，檢方調查當年同行女學生等證人說詞、雙方陳述及施男留下的道歉郵件後，認定施男涉有對未成年女學生強制猥褻犯嫌，依法提起公訴；至於施男反告被害人妨害名譽部分，則予以不起訴處分。    ,https://news.ltn.com.tw/news/society/breakingnews/5543140
8/17 威力彩頭獎2.8億 今彩539獎號也出爐,社會,2026/08/17 21:09,威力彩開獎號碼。（擷取自三立iNEWS《全民i彩券》）今天（8月17日）台彩各項開獎獎項及獎號。威力彩：05、11、18、19、35、38，第二區：08。請繼續往下閱讀...今彩539：19、22、27、28、38。39樂合彩：19、22、27、28、38。3星彩：354。4星彩：6753。確切中獎號碼以台彩網站公告為主，請見「台灣彩券網站」。今彩539、39樂合彩開獎號碼。（擷取自三立iNEWS《全民i彩券》）3星彩開獎號碼。（擷取自三立iNEWS《全民i彩券》）4星彩開獎號碼。（擷取自三立iNEWS《全民i彩券》）    ,https://news.ltn.com.tw/news/society/breakingnews/5543120
大巨蛋百貨爆全武行！取貨等太久起口角 女拍落手機釀2男互毆,社會,2026/08/17 21:04,百貨員工友人與顧客衝突，警方到場了解。（記者姚岳宏翻攝）台北市大巨蛋遠東百貨昨天下午4時許爆發肢體衝突，1對夫妻前往某專櫃取貨時，因等候問題與店員的友人發生口角，過程中，對方持手機拍攝引發女方不滿，直接動手拍落手機，隨即引爆兩名男子推擠互毆，雙方事後互不提告，但警方仍將涉案二男依違反社會秩序維護法送辦。轄區信義警分局三張犁派出所於昨天下午4時32分獲報，忠孝東路四段的百貨公司內有民眾打架，警方到場了解，發現是45歲的陳姓女子與46歲的梁姓丈夫，為取貨問題與專櫃店員的31歲譚姓友人發生爭執，譚男拿出手機對著陳女錄影，陳女氣憤下將手機拍落，護妻心切的梁男立刻上前與譚男推擠打鬥，2人皆受到輕微擦挫傷。請繼續往下閱讀...當時有目擊民眾錄下衝突過程上傳網路，表示感覺陳女疑似被激怒，才引發後續衝突，讓目擊者直呼大熱天大家都情緒起伏很大。警方表示，由於雙方冷靜後，皆表明不願提出傷害告訴，警方釐清案發經過後，依社會秩序維護法第87條互相鬥毆將梁男與譚男移請裁處，警方也呼籲，遇有消費糾紛應保持理性溝通，切勿因一時情緒失控而觸法。    ,https://news.ltn.com.tw/news/society/breakingnews/5543113
狠母將新生兒從11樓推落慘死 檢證實男嬰足月活產是「殺人」,社會,2026/08/17 20:41,台中市夏姓女子（左）前年11月剛產下男嬰，和男嬰生父吵架後，竟將他從11樓推下慘死，台中地院國民法庭開庭，夏女辯護人主張觸犯刑度較輕的「生母殺嬰罪」。（資料照）台中夏姓女子（24歲）前年11月28日凌晨3點多，在房間產下一名足月男嬰，因和男嬰的生父爭吵，一氣之下竟將剛出生，有呼吸、生命跡象的兒子，以毛毯包裹放置在11樓房間窗框，再將男嬰向外推落，墜落社區花圃，直到當天9點才將全身多處骨折出血死亡的男嬰送醫，檢方依成年人故意對兒童為殺人罪起訴。台中地院國民法庭今天開庭，檢方依法醫解剖證據，證實男嬰足月、肺泡已擴張是活產；夏女辯護人則主張，是因「不得已的事由」才犯案，觸犯的是刑度較低的「生母殺嬰既遂罪」而非「殺人罪」。台中太平新吉路一處社區，前年11月28日凌晨3點多，一名剛出生的男嬰遭夏姓生母（23歲）從11樓窗戶（約35公尺高）推落社區花圃，夏女的乾爸、乾媽因不知她懷孕，一度相信房間滿地鮮血是月經血崩，直到後來察覺有異，才在當天上午9點左右，由乾媽陪同夏女到花圃將已經死亡的男嬰撿起放進袋子裡。請繼續往下閱讀...送醫後發現男嬰全身多處骨折出血、臟器損傷明顯死亡，原以為是單純意外，不過醫護人員認為傷勢不單純通報市府社會局，經深入追查才發現竟是一樁狠心的生母殺兒案。檢警調查，夏女和莊姓男子交往，先在2023年9月生下長女，2人後來在2024年3月分手，不過當時夏女已經懷有身孕，並在前年11月28日凌晨3點多，在太平區住處11樓的房間內，順利產下足月的男嬰，不料卻和莊男爭吵，一氣之下，以毛毯包裹有生命跡象的男嬰，先放置在11樓房間窗框，再將男嬰向外推落，墜落社區花圃不治，台中地檢署偵辦後，依成年人故意對兒童為殺人罪起訴。台中地院國民法庭今天開庭審理，進行證據調查，檢方提示法醫採證鑑識報告，顯示男嬰身高50公分、體重2590公克是足月產，且解剖肺部、胃部再放入水中，器官會上浮，代表肺泡已經擴張，是活產，認為夏女是觸犯成年人故意對兒童為殺人罪。夏女辯護人則強調，夏女確實做錯了，不過是因長期、多方壓力而出現「不得已的事由」，主張觸犯的是刑法274條第1項的生母殺嬰既遂罪，希望為她爭取緩刑的機會。    ,https://news.ltn.com.tw/news/society/breakingnews/5543096
東海大學前汽機車相撞 女騎士傷重送醫搶救中,社會,2026/08/17 20:16,台中黃姓男子今天中午駕駛休旅車行經台灣大道、東大路一段路口時，撞上賴姓女子機車，賴女一度沒有呼吸心跳，送醫搶救後恢復心跳。（記者陳建志翻攝）台中市黃姓男子今天接近中午時，駕駛休旅車沿台灣大道快車道至東大路一段路口時，要變換車道至慢車道，卻與沿慢車道直行，由魏姓女子騎乘的機車相撞，魏女當場沒有呼吸心跳，所幸送醫搶救後恢復心跳，目前仍在醫院搶救中。詳細肇事責任和原因，警方將進一步釐清。這起車禍發生在今天上午11點49分左右，當時黃姓男子（69歲）駕駛休旅車沿台灣大道快車道至東大路一段路口時，要變換到慢車道往國際街行駛，此時行駛在台灣大道慢車道往國際街方向直行的魏姓女騎士（26歲），剛好騎乘機車行經該路口，撞上黃男的右前車頭倒地。請繼續往下閱讀...魏女被撞後傷勢嚴重，當場沒有呼吸心跳，黃男則沒有受傷，救護人員立刻將她送醫急救，所幸在搶救後恢復心跳，目前仍在醫院搶救觀察中。黃男經酒測並無酒精反應，魏女則報請檢察官抽血檢測，詳細肇事原因和責任，將由警方相關單位鑑定後釐清。    ,https://news.ltn.com.tw/news/society/breakingnews/5543061
澎湖機場「猴子」出沒 機車直接騎上風雨走廊已觸法,社會,2026/08/17 19:37,澎湖機場風雨走廊，是行人步行專用道。（記者劉禹慶攝）澎湖主要出入門戶-澎湖機場，今（17）日竟傳出「猴子」出沒，直接將機車騎上風雨走廊，目測有5部機車，拍攝者以「進化」為題，暗諷猴子已進化到直接騎車進機場，由於攸關澎湖門面，不僅有礙觀瞻，更已明顯觸法，馬公航警所表示，將調閱監視錄影畫面，依照道路交通管理條例，判定是臨時停車還是違規停車，依法進行開罰。根據了解，澎湖機場設有機車收費停車場，採車牌辨識系統進出，提供24小時開放停車服務。收費標準為停放30分鐘內免費，超過30分鐘者每日每次收費20元（逾日另計），機車停放數達1812輛，非連續假期不會飽和，同時30分鐘內免費停車，為何還要騎上風雨走廊？令人相當質疑。請繼續往下閱讀...依照照片判讀，疑似觀光客租用機車，直接騎上風雨走廊，其中1輛機車上還有1名女子坐在車上，另有2男1女散立在車旁，狀似在等人，初步判斷首次抵澎，不太熟悉路況，因此未妥善利用機車停車場，反而直接騎上風雨走廊，但正常應停在路旁，不用直接在風雨走廊上等人。針對「猴子」出沒機場風走廊，馬公航警所表示，要依實際狀況判定是臨時停車還是違規停車，道路交通管理處罰條例第55條規範汽機車駕駛人違規臨時停車行為，處新臺幣300元以上、600元以下罰鍰。道路交通管理處罰條例第56條主要規範汽車與機車的違規停車行為。一般違停處新臺幣600至1200元罰鍰，民眾直接將機車騎上去澎湖機場風雨走廊，馬公航警所將調閱監視器畫面開罰。（CreativeElk6240 提供）    ,https://news.ltn.com.tw/news/society/breakingnews/5542756
擅拆醫療約束、暴吼護理師「他是林姿妙秘書」 莽男探病下場曝,社會,2026/08/17 19:26,宜蘭莊男到羅東博愛醫院（見圖）病房探視友人，妨害護理師執行醫療業務，被法官判處有期徒刑2月。（記者江志雄攝）宜蘭莊姓男子到羅東博愛醫院病房探視陳姓友人，見陳男被施以醫療約束而心生不滿，向藍姓護理師大聲咆哮說，「知道病人是誰嗎？他是林姿妙縣長的秘書」等語，並擅自拆除醫療約束，妨害護理師執行醫療業務。法官認定他違反醫療法，處有期徒刑2月，得易科6萬元罰金。檢方調查指出，2024年10月25日下午1點多，莊姓男子前往羅東博愛醫院住院大樓11樓病房探視陳姓友人，見陳男遭院方施以醫療約束心生不滿，明知在場的藍姓護理師正在執行醫療業務，竟基於妨害執行醫療業務犯意，向藍女大聲咆哮「知道病人是誰嗎？他是林姿妙縣長的秘書」等語。請繼續往下閱讀...接著，莊男未經許可，擅自協助陳男拆除醫療約束，藍姓護理師雖然心生畏懼，仍上前制止其拆除約束行為，莊男又大叫說，「不要碰病患」等語，妨害藍女執行醫療業務。警方接獲報案後介入偵辦，莊男接受偵訊時坦承不諱，檢察官將他起訴，聲請簡易判決處刑。宜蘭地院法官認為，莊男對於醫事人員以非法之方法，妨害其執行醫療業務，處有期徒刑2月，得易科罰金。可上訴。    ,https://news.ltn.com.tw/news/society/breakingnews/5543038
赴港出席政治活動被砍月俸！臧幼俠提告抗罰遭打臉 法院：確有其事,社會,2026/08/17 19:12,國民黨前黃復興黨部主委、退役少將臧幼俠。（資料照）國民黨前黃復興黨部主委、退役少將臧幼俠前年參加中國和平統一促進會在香港舉辦的全球華僑華人促進中國和平統一大會，甚至在活動中起立聆聽中國國歌，經國防部決議，裁罰其停止領受5年月退給與75%。臧幼俠不服，提起行政訴訟，台北高等行政法院勘驗影像後，確定臧參與該活動，期間也有起立聆聽中國國歌，認定國防部作成原處分合法有據，判決臧幼俠敗訴。可上訴。判決指出，臧幼俠於民國93年7月16日退伍後領有退休俸等，然而，他卻於民國113年8月20日參加中國和平統一促進會在香港舉辦之全球華僑華人促進中國和平統一大會，並於活動中起立聆聽中國國歌。請繼續往下閱讀...國防部審議後，認為臧幼俠已違反台灣地區與大陸地區人民關係條例，處以5年停止領受月退休給與75%，並自113年8月20日生效。也就是說，自當日起，臧幼俠本高達9萬多元的月退俸將剩下2萬多元。並通知國防部國軍退除役官兵輔導委員會所屬退除給付處、公務人員退休撫卹基金管理局、臺灣銀行，爰請各支給機關依陸海空軍軍官士官服役條例規定，辦理停止發放及追繳作業。113年10月間，退輔會及基金管理局相繼發函臧幼俠，通知其將113年8月20日到10月31日這段期間匯入他帳戶的退休金共8萬7308元；於台灣銀行帳戶中，從113年8月20日到9月30日這段期間，因為優本金233萬6000元而得之優存利息3萬7991元；期間溢領之新制退除給與3萬7410元，3項共計16萬餘元繳回。當時，臧幼俠曾透過律師發聲明指出，並無所謂「起立聆聽中國國歌等行為」的事實，且他手上也有錄音及錄影可資為憑，認為國防部未能究明事實，在毫無具體事證的情形下對其處分，實在難能苟同，並表示將依法提起救濟。後續，臧幼俠分別向行政院、銓敘部提出訴願，但均被駁回，於是提起本件行政訴訟。法院認為，臧幼俠為陸軍少將，退伍後支領退休俸等退除給與，為兩岸條例規定之少將以上人員，有原告基本資料附卷可參。臧幼俠自承曾於系爭活動會場簽到，並進入場內等語。且勘驗國安局蒐證照片後，確認臧幼俠確實於113年8月20日出席參加經大陸委員會公告屬大陸地區大眾傳播體系組織、具有準官方性質之社會團體，為具政治性之機關、團體之中國和平統一促進會在香港舉辦之活動。法院指出，在現場播放大陸地區國歌期間，臧幼俠有起立聆聽致敬之妨害國家尊嚴行為，並有違反兩岸條例規定之行為，國防部等作成原處分，辦理停止發放部分退休給與及追繳溢領優存、註銷獎章及執照作業，應屬合法有據，訴願決定遞予維持，亦無不合，因此判處臧幼俠敗訴。全案仍可上訴。    ,https://news.ltn.com.tw/news/society/breakingnews/5543031
疑投資失利！彰化地院員工陳屍辦公室  院方啟動心理諮商,社會,2026/08/17 19:10,彰化地院員工陳屍辦公室，院方已啟動心理諮商。（記者陳冠備攝）彰化地方法院昨（16日）下午發生男員工陳屍辦公室憾事，今（17日）上午檢察官會同法醫相驗，初步排除外力介入。院方表示，依據現場情況及檢警蒐集的相關遺留資訊，研判事件疑與死者個人投資因素有關。院方強調，此事件與工作壓力、職場環境、同事相處或職場霸凌無關，家屬對相驗結果沒有異議。據了解，死者為彰化地院辦公技術類員工，昨日下午被同仁發現時已無生命跡象，院方獲報後立即通知家屬到場，同時配合檢警進行現場調查及相關採證。請繼續往下閱讀...彰化地院表示，檢方今日完成相驗，排除死者因其他外力死亡；綜合現場情狀及檢警蒐集的遺留資訊，初步研判其選擇結束生命的原因，應與個人投資因素有關。事件發生後，彰化地院已啟動院內關懷支持機制，委由諮商心理師為事發時在場、受到衝擊的同仁提供心理諮商，今日下午已完成首波個別諮商。後續將視諮商情況持續提供協助，並啟動團體諮商程序，為受影響同仁進行心理輔導。彰化地院強調，院長及同仁對此憾事均深感不捨與難過，院方將持續關懷並提供家屬必要協助。    ,https://news.ltn.com.tw/news/society/breakingnews/5543030
當街砍死妻子、小姨子！土城家暴男開庭泣不成聲 家屬斥：鱷魚的眼淚,社會,2026/08/17 18:50,去年在新北市土城區當街殺死妻子、小姨子的謝姓男子。（資料照）​​46歲謝姓男子去年在新北市土城區當街砍死妻子、小姨子，震驚社會，檢方依刑法殺人等罪起訴謝男，新北地院國民法官庭從今日下午一連5天審理，謝男坦承犯行，跟之前開庭一樣，開庭時幾乎整庭都在哭泣，家屬今日庭訊時看完謝男完整行兇畫面傷心不已，庭訊後受訪時直呼殘忍，希望法院判他死刑，並批評謝的哭泣是「鱷魚的眼淚」。檢警調查，去年5月17日晚間11時許，謝男曾對張姓妻子施暴，被害者向新北地院聲請民事保護令獲准，怎料，7月6日下午1時許，謝男前往張女住處打算搬走私人物品時，又與張女口角，這次他在住處外怒摔存錢筒，張女嚇傻報警，警方依違反保護令將謝男送辦，檢方訊後無保請回。請繼續往下閱讀...檢警調查，謝男當晚就購買凶器，隔日即7日開車前往妻位於土城住處附近停留，約上午11時許，見妻及小姨子騎機車雙載，竟直接開車衝撞並持廚刀、小鋁棒攻擊2人致死，他犯案後隨即逃離現場並沿途丟棄凶刀、鋁棒，因發現被警方尾隨，奔往彰化分局伸港派出所投案，聲稱自己有精神疾病。檢方將他聲押禁見獲准，並於同年8月間依殺人罪嫌起訴；移審時，謝男嚎啕大哭說自己很後悔，每天都有念經迴向給死者，還對法官說：「我願意面對，願意死刑，我欠她們的，我是罪人，只能用我的命才能夠賠她們。」但今日庭訊真正面對國民法官時，他則隻字未提判他死刑。今日庭訊時，謝男認罪，其辯護人主張謝並無攻擊路人，還攻擊檢方以大螢幕呈現等方式，讓國民法官看相關行兇細節；檢方反擊，若不透過血腥畫面，真相無法被還原；針對謝未攻擊路人，檢察官直接回應：「難道路人要感謝不殺之恩嗎？」    ,https://news.ltn.com.tw/news/society/breakingnews/5543008
非女大生？趙建銘新女友「沒有那麼嫩」,社會,2026/08/17 18:38,傳趙建銘離婚揪友開單身趴，疑「女大生」新女友真實身分曝光。（民眾提供）前總統陳水扁女兒陳幸妤開撕前夫趙建銘，痛斥趙對妻兒無情無義，更驚爆趙建銘在結婚期間就喜歡「多線發展」感情，甚至與診所女助理許芊芊糾纏不清，大搞男女關係；如今外界盛傳趙交新女友，引起大家好奇傳聞中「女大生」是誰？據《壹蘋新聞網》報導，一名自稱丈夫是趙建銘好哥們的女性友人爆料，趙去年離婚曾與好友在台南舉辦單身趴，丈夫也受邀參加，並坦言曾看過趙建銘新歡的照片，認為對方「沒有那麼嫩」，並透露從外觀及談吐判斷，「對方應該已經出社會，未必是在學大學生」，表示2人目前比較接近「男追女」的狀態，目前為曖昧階段，並非已經正式確認交往的情侶關係，而趙建銘手機裡有不少與這名女性的合照。    ,https://news.ltn.com.tw/news/society/breakingnews/5542993
提議趙建銘診所旁封街演《鍘美案》網友喊：封路順便辦桌 ,社會,2026/08/17 18:19,網友發文詢問封路上演《鍘美案》引起熱烈討論。（擷取自threads）陳幸妤近日爆料前夫趙建銘婚姻期間涉及男女關係爭議，話題持續延燒，有網友突發奇想，喊話「封五妃街」邀請劇團演出《鍘美案》，讓婚變話題意外歪樓成「封街看戲」。警方表示，截至目前未接獲相關路權申請，現階段無封街活動。隨著陳幸妤爆料婚變話題持續發酵，網友也展現無限創意提議，請明華園在趙建銘診所附近封路演《鍘美案》，引發討論，有人考量預算建議可以找其他戲團合作，甚至有人直接秀出已私訊知名劇團詢價的截圖，讓網友直呼：「同溫層開始集資了，這種精神跟行動力真的讓我愛到皮皮挫、」「封路順便辦桌」、「要集資的話我出5000」。相關轄區警方回應表示，截至目前尚未接獲五妃街申請路權或辦理相關活動。    ,https://news.ltn.com.tw/news/society/breakingnews/5542970
還好記性差！屏東71歲嬤網購水果遭詐騙  ATM操作忘記密碼,社會,2026/08/17 18:13,員警苦勸阿嬤不要受騙。（屏東警分局提供）屏東71歲陳姓阿嬤在網路看到販售便宜新鮮水果的廣告，與賣家聯繫後，依指示點選對方提供的「賣貨便」連結購買，卻發現網頁不斷顯示操作錯誤，要求聯繫客服，阿嬤與客服聯繫後，對方竟要求她前往ATM，依照指示進行操作。幸好阿嬤一時想不起密碼，到銀行詢問被行員察覺情況有異，通報警方讓阿嬤沒被詐騙。屏東警分局民族派出所接獲通報，合作金庫銀行屏東分行有阿嬤遭詐騙，警方到場了解，研判阿嬤遭遇的情況極可能是詐騙集團利用假網頁、假客服誘騙操作ATM的手法，除當場向阿嬤說明相關詐騙手法，也協助其封鎖、刪除可疑賣家，避免後續受騙，成功阻止阿嬤進一步遭詐。請繼續往下閱讀...屏東分局呼籲，勿任意點擊陌生連結，也不要依照陌生「客服」指示操作ATM、網路銀行或提供帳戶、密碼及驗證碼，若遇到「操作錯誤」、「帳戶異常」等情況，要求透過ATM解除設定或繳費，都是常見詐騙話術，務必提高警覺；如有疑問，可撥打165反詐騙專線查證，以免一時疏忽讓辛苦積蓄落入詐騙集團手中。    ,https://news.ltn.com.tw/news/society/breakingnews/5542960
簽證過期硬要登機遭拒失控 越女襲警奪槍不成被壓制上銬,社會,2026/08/17 18:05,警方壓制逮捕襲警的越南女子。（記者洪定宏翻攝）43歲阮姓越南女子因簽證過期，在高雄機場硬要登機遭拒，竟情緒失控攻擊員警、更試圖搶奪警槍，警方當場壓制逮捕上銬，依妨害公務罪嫌法辦。航警局高雄分局表示，今天上午10點多，阮女欲搭乘班機前往越南胡志明市，在高雄機場國際線出境大廳櫃台辦理登機手續過程，航空公司票務人員發現她的簽證逾期無法辦理登機。請繼續往下閱讀...阮女突然情緒失控，搗亂櫃檯物品，員警趨前制止，但阮女毫不理會，不僅攻擊員警臉部及腰部，還抓扯衣物，更試圖搶奪警槍，員警將她壓制上銬逮捕，依妨害公務罪嫌法辦。    ,https://news.ltn.com.tw/news/society/breakingnews/5542932
警察也中招！eTag莫名儲值驚覺車牌被偽造  他教3步驟自救,社會,2026/08/17 17:32,屏東員警「芋圓爸」教大家，遇到車牌被盜用時一定要先報警。（記者葉永騫攝）屏東員警「芋圓爸」在警察局上班，汽車停在家中，信用卡帳單卻莫名自動eTag儲值800元，一查才發現有多筆不是「芋圓爸」使用的通行紀錄，報案後經警方調閱監視器確認，真的有一台同款、同色的車，掛著偽造「芋圓爸」的車牌在外面趴趴走，也就是俗稱的A、B車，「芋圓爸」PO文教大家處理方法。屏東縣監理站表示，已將使用偽造車牌的車輛列管，對於被害人盡量給予協助。「芋圓爸」表示，發現車牌遭他人偽造、變造或冒用時，一定要先報警，警方會協助受害人完成刑事報案，開立刑事案件報案證明（三聯單）；接著就要到監理站說明車牌被盜用，凍結罰鍰、免予先行繳納並順利撤銷錯誤罰單，並且換發新車牌，阻斷違規及刑事責任；後續也要注意有沒有罰單、扣款及刑事相關的通知。請繼續往下閱讀...屏東監理站說明，民眾只要報案車牌被盜用，監理站都會全力協助，換牌照今年免費，也會向偽造車牌之車輛納入警方的查緝網絡，橫向通報全國各轄管之交通執法單位加強取締；而警方的M-police系統將與監理機關同步，該車牌一旦出沒在道路上，能第一時間觸發系統警示，通報線上警力進行攔截圍捕。屏東縣警局交通隊表示，統計去年屏東取締偽變、造號牌及懸掛他車號牌等相關違規，計有230件；今年到7月已取締112件。發現車牌被盜用後一定要去換牌。（取自Threads/Oyuandd芋圓弟弟）    ,https://news.ltn.com.tw/news/society/breakingnews/5542885
彰化男毒駕違停撞警車逃逸 警開7槍抓人 驗尿毒品濃度高,社會,2026/08/17 17:21,林男於6月底毒駕違停遇警盤查，竟衝撞警車，還倒車撞擊一旁貨車，經警方連開7槍才被制服。（警方提供）彰化縣林姓男子今年6月吸食海洛因、安非他命等毒品後開車上路，因違規停在紅線遭警方盤查，竟猛踩油門，衝撞警車企圖脫逃，員警在緊急下，連開7槍並擊破副駕駛座車窗逮捕林男，採尿化驗的毒品濃度很高。彰化地方法院依毒駕、駕車妨害公務執行罪，分別判處有期徒刑5月及1年2月。判決書指出，林男於今年6月30日下午施用安非他命，翌日凌晨3時又將海洛因摻入香菸吸食，林男明知吸食毒品，仍駕駛懸掛其他車輛車牌的轎車上路，7月1日凌晨3時5分，林男將車違規停在員林市大饒路659巷口紅線，因形跡可疑，遭巡邏員警發現並上前盤查。請繼續往下閱讀...林男擔心毒駕曝光，竟駕車衝撞停在前方的警車，造成車頭、車牌受損，接著又倒車衝撞後方轎車、機車及一面告示牌。員警見情勢危急，立即朝車輛射擊7槍示警，擊破副駕駛座車窗後，才將林男及車內胡姓乘客制伏。警方在車內查獲海洛因2包、安非他命1包、摻有海洛因的香菸等毒品。警方也對林男進行毒駕，尿液驗出安非他命、甲基安非他命及嗎啡陽性反應，濃度分別達每毫升1980奈克（ng/mL）、22280奈克與17600奈克，均遠超過法定標準。法官審理，林男雖無毒駕前科，但曾有多次施用毒品紀錄，明知毒駕有害交通安全，且為逃避查緝又駕車衝撞警車及其他車輛，嚴重妨礙員警執行勤務；考量林男坦承犯行，並自述已賠償損失，依不能安全駕駛動力交通工具罪判處有期徒刑5月（得易科罰金），另依駕駛動力交通工具妨害公務執行罪判處有期徒刑1年2月。    ,https://news.ltn.com.tw/news/society/breakingnews/5542825
許芊芊被爆與趙建銘爽遊北海道稱「員旅」 律師分享2出軌案例渣夫皆敗訴,社會,2026/08/17 17:04,前總統陳水扁女兒陳幸妤自曝得知當時趙建銘帶許姓女護理師出國時，難道不會想氣到拿刀砍老公嗎？（記者王俊忠攝）前總統女兒陳幸妤與前夫趙建銘的離婚紛爭引發關注，有媒體報導，陳幸妤曾多次期盼全家出國旅遊，但未能如願，趙建銘卻曾與護理師許芊芊去日本北海道旅遊。許女事後向陳幸妤說，北海道的旅遊和另次的歐洲行程都是員工旅遊。律師房彥輝表示，如明知交往對象為他人配偶，或配偶行為不誠實而破壞婚姻，受侵害者將可依法請求賠償，並分享2起荒唐的出軌案例。名綸法律事務所主持律師房彥輝指出，配偶權，是指配偶間因婚姻關係互負保持共同生活圓滿安全幸福之忠實義務為內容之權利。婚姻是以夫妻之共同生活為其目的，配偶應互相協力保持其共同生活之圓滿安全及幸福，而夫妻互守誠實，是為確保其共同生活之圓滿安全及幸福之必要條件，故應理解為配偶因婚姻契約而互負誠實之義務。請繼續往下閱讀...房彥輝提醒，如明知交往對象為他人之配偶，或配偶之一方行為不誠實，互動方式已逾社會一般通念所能容忍之範圍，而達破壞婚姻共同生活圓滿安全及幸福之程度，即屬違反上開忠實義務或婚姻契約義務之侵害配偶權行為，受侵害之一方因此所受精神上痛苦，自得依法請求賠償。房彥輝也分享2起相關案例。其一為一名妻子指控，丈夫經常不接電話，報備行蹤也與信用卡消費地點對不上。甚至還有名女子多次深夜來電丈夫。之後，妻子更陸續發現丈夫與該女子多次投宿飯店、旅館及民宿，家中甚至出現旅館標籤的沐浴用品。妻子提告主張，丈夫不僅與女子在外同居，還曾被目擊在購物商場親密挽手同行，已嚴重侵害她的配偶權。丈夫則強調，女子是自己的學生，雙方僅是師生情誼，並指對方因行動不便且罹患多種疾病，需要他協助攙扶；住宿部分，丈夫否認與女子同房，稱自己皆睡在車上，沒有任何婚外情或侵害配偶權情事。不過，法院審理後並未採信其說法，判決妻子勝訴。另起案件，當事人指控配偶與一名女子發展婚外情，但配偶辯稱，該女子其實是友人安排的「商業伴遊」雙方互不相識，且同行出遊時現場還有另外兩名友人。其配偶主張，徵信社拍攝畫面刻意避開其他同行者，營造單獨約會的假象，且即使兩人有牽手、摟腰、餵食等互動，也只是商業伴遊過程中的正常行為，並未同房過夜、無侵害配偶權。女子也表示，只是提供商業伴遊服務，不知對方已婚，無刻意介入婚姻。法院審理時雖認定，原告在分居後於配偶住處外裝設監視器，長期拍攝出入狀況，已侵害隱私，證物不具證據能力，但仍從其他證據發現，兩人出遊期間不僅牽手、挽手逛街、親密餵食，還有搭肩、摟腰甚至觸碰臀部等行為，一審認定配偶須負損害賠償責任，但因無法證明女子知悉對方已婚判其免賠；全案目前仍由二審審理中。    ,https://news.ltn.com.tw/news/society/breakingnews/5542819
騎代步車上福和橋被機車追撞 男下車撿東西「2撞」3人輕傷,社會,2026/08/17 17:04,陳男騎乘四輪電動代步車，行經新北市永和福和橋時遭追撞，陳男隨後下車撿取散落物，又遭到疾駛而來的黃姓騎士撞上，造成3人受傷。（記者陸運鋒翻攝）陳姓男子昨天騎乘四輪電動代步車，行經新北市永和區福和橋機車道時，遭到後方王姓騎士追撞，但陳男在事故發生後，下車撿取散落物時，又遭到疾駛而來的黃姓騎士撞上，造成3人受傷，所幸自行就醫後已無大礙，詳細事故原因仍有待釐清。永和警分局調查，48歲陳男昨早騎四輪電動代步車外出，沿福和橋機車道往台北市方向行駛，途中遭27歲王姓騎士從後方追撞。由於事故現場殘留車體零件，陳男下車走向後方撿取時，又遭到26歲黃姓騎士撞上，路過民眾見狀紛紛報案。請繼續往下閱讀...據知，警消趕抵時，發現3名騎士肢體有擦挫傷、無需送醫，隨後均自行前往醫院就醫，而3人皆無酒駕的情況，至於確切事故原因及肇事責任歸屬，仍有待進一步調查。    ,https://news.ltn.com.tw/news/society/breakingnews/5542863
花蓮警交通隊前翹孤輪耍帥 15歲少年送辦,社會,2026/08/17 16:59,花蓮市一名少年騎乘微型電動二輪車翹孤輪耍帥，地點竟就選在花蓮縣警察局交通隊門前。（警方提供）花蓮市一名少年騎乘微型電動二輪車翹孤輪耍帥，地點竟就選在花蓮縣警察局交通隊門前，完全無視公權力及其他用路人安全，警方獲報後迅速鎖定身分，短短半天內就約談到案，訊後依公共危險罪嫌移送偵辦，另涉多項道路交通違規一併舉發。花蓮警分局今指出，接獲民眾檢舉，指有騎士深夜在花蓮市府前路紅燈起步後刻意翹孤輪，地點就在縣警局交通隊前，員警調閱周邊監視器畫面，確認案發時間為17日凌晨0點28分，並依前後監視器影像鎖定騎士身分，隨即於同日上午11點多約談3輛機車、共3人到案說明，其中翹孤輪的騎士為年僅15歲的少年，過程由同行友人在旁協助拍攝影片。請繼續往下閱讀...警方調查，少年初步供稱，事發當下並未察覺該路段就在交通隊門前，僅表示「純粹好玩」才做出翹孤輪動作。警方指出，少年此舉已涉刑法第185條公共危險罪嫌，將依法移請少年法庭偵辦。道路交通違規部分，警方指出，因微型電動二輪車另涉遮蔽車牌，將依道路交通管理處罰條例第71條之2規定，對車主開罰900元至1800元罰鍰，並責令申請換領牌照或改正；少年翹孤輪的危險駕駛行為，則依同條例第73條第1項第4款規定舉發，可處300元至1200元罰鍰，其餘涉及改裝部分，將另移由監理站裁處。警方呼籲，微型電動二輪車雖操作便利，但駕駛人上路仍應遵守交通規則，切勿心存僥倖從事危險駕駛行為，尤其青少年血氣方剛，容易因逞一時之快而觸法，籲請家長在暑假期間多加留意子女用車安全觀念，共同維護道路交通安全。    ,https://news.ltn.com.tw/news/society/breakingnews/5542773
非法傳銷吸金詐貸4881萬 嘉檢起訴2女1男,社會,2026/08/17 16:47,嘉檢今天起訴傳銷公司負責人陳女與帳務管理人謝女及嘉義地區代表吳男。（資料照）嘉義地檢署今天起訴一起違反多層次傳銷且非法吸金詐貸案，傳銷公司負責人陳姓女子與帳務管理人謝姓女子及嘉義地區代表吳姓男子涉嫌以「雷火安家專案」、「智富3.0方案」名義非法傳銷及詐貸，至少吸引425位會員加入，不法所得達4881萬餘元。起訴書指出，陳女（62歲）經營傳銷公司自2024年5月起推動「雷火安家專案」，宣稱只要繳納5萬7600元即可成為最高等級會員，推薦他人加入可獲1500元推薦獎金，且於期限內推薦2人入會，尚可得9000元旅遊補助金及連續12個月每月1萬1000元達標獎金。請繼續往下閱讀...不過，該傳銷公司推動此項專案主要收入來源，並非合理以市價銷售商品，而是靠介紹他人參加為收入來源，涉及非法多層次傳銷。謝女（64歲）為該傳銷公司帳務管理人，也是財務會計，陳女與吳男（60歲）明知該傳銷公司未實際販賣保健食品，仍由吳男的公司出具不實「物品收受確認書」給入會會員，並指使會員接到融資公司電詢時佯稱「貸款資金用以購買扶手和益生菌酵素，都有拿到貨」。檢調查出有3家融資公司因而陷於錯誤核發貸款，並撥款至吳男公司名下帳戶後再投入專案的多層次傳銷事業。吳男從中獲取至少78萬餘元不法所得，而3家融資公司遭詐金額達765萬元。檢調說，後來陳女接續推出新方案「智富3.0方案」，吸引民眾將資金轉移至該新方案，但傳銷公司去年5月間，因資金週轉不靈，有會員因未能領得每月達標獎金而報警。陳女、謝女及吳男均坦承犯行，檢方偵結後，依涉及多層次傳銷管理法的非法多層次傳銷罪嫌、詐欺取財罪嫌及偽造文書罪嫌起訴3人。    ,https://news.ltn.com.tw/news/society/breakingnews/5542737
嘉縣消防局民雄分隊新廳舍年底完工 未來還有社區關懷據點功能,社會,2026/08/17 16:46,嘉義縣消防局民雄分隊新廳舍預計今年底完工。（記者王善嬿攝）嘉義縣消防局辦理第二大隊民雄分隊新建工程，總經費7751萬3704元，規劃在民雄鄉民溪南路另新建地上5層鋼筋混凝土建築物，預計今年底完工。該分隊為全縣唯一結合社區活動中心分隊，完工後除了提供消防隊更好的辦公場所，還兼顧在地長輩照顧、社區服務功能。嘉義縣長翁章梁、民雄鄉長林于玲、嘉縣消防局長蔡建安等人今上午視察工程進度。翁章梁表示，景觀設計委員會多次來回修改設計圖面，讓建物與周邊景觀相互結合，讓內部空間配置更完善；廳舍1樓設置活動中心，未來將朝社區照顧關懷據點方向規劃，以更完善樣貌服務鄉親。請繼續往下閱讀...縣消防局說，民雄鄉是全縣人口最多鄉鎮，既有消防廳舍老舊，加上未來中科院民雄航太園區進駐發展，民雄分隊設有專責高級救護隊，消防救災及緊急救護需求日益增加。縣府2022年獲內政部補助推動民雄分隊新建工程，工程基地面積1476平方公尺，總樓地板面積約1622平方公尺，總經費7751萬3704元。新建廳舍設置有1樓大廳、消防車庫、社區活動中心，活動中心提供居民集會及活動使用外，未來將擴充在地長者照顧及社區服務功能；2樓規劃辦公空間、餐廳及廚房，3至4樓設置住宿、會議及體健空間。縣消防局說，民雄分隊新廳舍建築設計導入深窗、遮陽格柵及屋頂隔熱等方式降低日曬影響，並設置太陽能光電、雨水回收、節能設備及綠化空間，兼顧消防勤務、社區使用需求與建築節能。嘉義縣長翁章梁（左二）今天視察民雄分隊新建工程進度。（記者王善嬿攝）嘉義縣長翁章梁（左三）聽取工程簡報。（記者王善嬿攝）    ,https://news.ltn.com.tw/news/society/breakingnews/5542733
白色包臀裙醉女躺加油站 熊抱男警還嬌喊「我要脫光」,社會,2026/08/17 16:39,林男無法阻止女友燕女大鬧。（記者徐聖倫翻攝）新北市42歲燕姓女子昨晚喝得爛醉，電話中與前夫大吵一架後心情跌落谷底，竟在五股區新五路二段一間加油站前，與57歲林姓現任男友爆發激烈口角。燕女隨後發酒瘋直接躺在加油站車道口大鬧，嚴重阻礙車輛進出，民眾見狀嚇得連忙報警處置。​蘆洲警分局獲報派員趕抵，上前關切詢問「妳還好嗎？」不料早已醉得不知東南西北的燕女，竟突如其來從後方伸出雙臂「熊抱」員警，還嬌喊：「我不好！」脫序舉動讓現場執勤員警當場傻眼。請繼續往下閱讀...​當員警嚴詞警告要求她放手並保持距離時，燕女竟進一步發酒瘋狂言「我要脫光」，嚇得現場員警連聲直呼「拜託不要」，深怕她真的當街脫衣，遂緊急通報女警趕赴現場支援。警方考量燕女泥醉且行為失控，為防範公共安全風險與維護其自身安全，當場依規定對她施以保護管束。​後續救護車趕抵現場，經衛生局人員會同評估後，認定燕女狀況已符合「精神衛生法」第32條強制送醫要件，隨後在警方及救護人員戒護下，將她強制送往淡水馬偕醫院治療，這才順利結束這起街頭鬧劇。民眾報警後，警方趕抵竟遭燕女熊抱。（記者徐聖倫翻攝）    ,https://news.ltn.com.tw/news/society/breakingnews/5542789
多輛警車追捕毒駕受損  基隆議長牽線在地宮廟捐百萬級警車,社會,2026/08/17 16:33,慶安宮主委童德裕今天將百萬級警車交給第一分局長温基興。（記者吳昇儒攝）台灣近年毒駕案件暴增，警方也強勢執法，光是去年就移送高達8659件毒駕案件。基隆警方今年為了取締毒駕，造成多輛警車受損，基層同仁執行勤務上非常不便。基隆市議長童子瑋得知後與慶安宮溝通，廟方人員決定捐贈一輛百萬警車，送給基隆市警察局使用，並於今日上午完成交車儀式，該車也是基隆第一輛民間捐贈的警車。基隆市審計室提出去年度決算審計報告中指出，基隆市警局應配賦警車數量不足，且超過一半的警車超過最低使用年限；加上近年來為了攔阻毒駕肇事，已有不少警車受損。請繼續往下閱讀...基隆市警察局長林信雄表示，警政署以往每年會補助1千萬經費，但今年因總預算改變，所以沒有這筆經費；加上市政府的經費緊縮，因此只爭取到400餘萬元，只能汰換4輛警車。預計明年有機會增加到1700萬元，再汰換15輛警車及部分警用機。基市警一分局長温基興則說，除了本身的警車數量不足外，為了保護人民安全，同仁在逮捕毒駕犯嫌時，非常容易造成車輛毀損；毒駕犯嫌開車本身就非常不穩定，加上毒品藥效一上來，根本不計後果。近一年來已經造成分局多輛警車受損，礙於經費有限，難以補足，總不能要同仁騎乘警用機車，追捕駕車的毒蟲。非常感謝慶安宮的幫忙，捐贈百萬級的警車給同仁使用。慶安宮主委童德裕說，以前常捐救護車和消防設備，這次是他的兒子、議長童子瑋牽線，首次捐贈警車。希望捐贈這輛全新警車，協助員警工作順利，出勤平安。此次牽線的議長童子瑋則說，聽聞隨扈告知忠二所的警車損壞，剛好在餐敘現場遇到擔任慶安宮主委的父親及局長林信雄，商談捐贈事宜後，獲得慶安宮委員會的支持才「完成任務」。童子瑋也說，自己與局長林信雄在行政院、人事總處和警政署間奔波，最終獲得賴清德總統和行政院長卓榮泰支持，建立非六都勤務加給制度，也謝謝市政府願意編列預算，讓基隆的警察同仁增加薪水。局長林信雄與議長童子瑋一起開箱百萬級警車。（記者吳昇儒攝）    ,https://news.ltn.com.tw/news/society/breakingnews/5542788
屏東縣新購警用車輛32輛 逾齡警車降到30％,社會,2026/08/17 16:27,屏東縣新購警用車輛32輛，縣長周春米前往視察。（記者葉永騫攝）屏東縣政府警察局今年度新購警用車輛裝備授車典禮今天由縣長周春米主持，今年編列2765萬元汰換老舊警車，添購巡邏車11輛、偵防車12輛、勤務車2輛及巡邏機車7輛，總計新購達32輛，將逾齡警車降到30%。這次新購警用汽車後，屏東縣的警車老舊問題將獲得改善，全縣巡邏汽車的逾齡比率將由原本的39.89％顯著降至32.16％；偵防汽車的逾齡比率則大幅由39.84％驟降至27.41％；而在警用機車方面，逾齡比率也由原本的5.57％進一步降至4.9％，讓基層員警在執行巡邏、追緝犯罪及各項勤務時，能有更安全、更可靠的鋼鐵後盾。請繼續往下閱讀...縣長周春米表示，雖然補助款少了30億，但是在編列警政、消防預算，仍是全數支持，不能有任何打折，工欲善其事，必先利其器，優良的裝備是警察打擊犯罪的利刃，更是維護同仁執勤安全的關鍵，期勉警方善用這批新購置的車輛裝備，持續加強維護地方治安，精進各項為民服務工作，讓屏東縣民不論在何時何地，都能感受到警察同仁無所不在的守護。警察局長甘炎民說，警方將會妥善規劃與運用這批新式警用車輛，將其投入治安熱點與交通執法要道，全面提升巡邏見警率與機動報案反應速度，也希望將逾齡警車降到30%以下。屏東縣新購警用車輛32輛。（記者葉永騫攝）    ,https://news.ltn.com.tw/news/society/breakingnews/5542729
北市包租代管求助無門？ 許淑華曝：房客被性騷、1個月不敢回家,社會,2026/08/17 16:24,台北市議員許淑華今在議會工務部門質詢，批評現行租屋制度對租金、押金、修繕及契約履約等事項，已有相關規範，然缺入住後人身安全保障與性騷擾事件處理機制，形成制度漏洞。（記者董冠怡攝）台北市某社區租客7月在網路發文表示，7至8月數度遇到社區管理員性騷，甚至當面自摸性器官，告知包租代管業者、管委會但求助無門，並指社區總幹事稱判決結果出爐再考慮是否將人調職，令人感到無力。市議員許淑華今於市議會工務部門質疑，現行制度對租金、押金、修繕及契約履約等事項，已有相關規範，然缺入住後人身安全保障與性騷擾事件處理機制，形成制度漏洞。許淑華指出，北市府認證完成登記、且執業中的租服業，總共核定478家包租代管業者，業者對外也以「政府認證專業包租代管」等方式標榜其專業與合法性，取得民眾信任。有社區租客反映，7月16日起陸續遭社區管理員性騷，求助包租代管業者、管委會、社區總幹事未果，8月8日已報案並申訴，事發至今已滿1個月，該名管理員仍在原崗位執勤，租客則因擔心再度碰面，不敢回去租屋處，但2萬餘元房租含管理費照繳。請繼續往下閱讀...許淑華提到，市府應思考，政府認證的「專業」到底包含什麼？是否只有租金、契約、修繕，卻不包括住戶的人身安全？當住戶遭遇疑似性騷事件，業者是否有明確申訴管道、有無處理SOP、管委會應做什麼？若被申訴者就是社區管理員，住戶又該向誰求助？她說，此案雖屬一般民間包租代管範疇，而非社會住宅包租代管，由民間業者與房東、房客之間形成契約關係，然這不代表民間包租代管就是市府的三不管地帶，不是說民間業者發生任何事情，市府都要代替業者處理，而是既然建立了包租代管制度，也應設立最基本的安全管理標準。她呼籲，市府應跨局處合作，要求管委會先行風險隔離，調查期間將申訴人、被申訴人適度隔離，並將性騷及住戶人身安全事件處理，納入包租代管業者評鑑指標、政府認證或相關政策合作、續約條件，明訂業者接獲申訴後的通報時限和協處義務，避免出現「租屋版夏莉絲案」替業者背書（指市長蔣萬安的感謝信被當招牌）。市府允諾處理，給予管委會行政指導並建議，如果租客有任何申訴或糾紛，會要求包租代管業者處理並列入評鑑，評鑑不合格將不再續約。    ,https://news.ltn.com.tw/news/society/breakingnews/5542796
爬玉山當心高山症！10歲女童隨家人走5.5K頭暈無力 警消揹下山送醫,社會,2026/08/17 16:23,一名10歲女童在玉山登山步道突然頭暈、虛弱無力。（警方提供）一名10歲女童日前與家人前往玉山登山步道時，當天因有雨、天氣濕冷，在步道5.5公里處疑有高山症，突然頭暈、身體虛弱無力，嘉義縣警察局竹崎分局阿里山十字聯合所獲報，會同嘉義縣消防局等人員組搜救隊趕往馳援，揹女童約3.7公里到登山口，所幸送醫急診檢查無大礙，已出院。嘉義縣警、消8月16日下午2點58分獲報緊急山域救援案件，傍晚5點21分，女童家屬帶著女童往下移動至步道3.7公里處，與上山救援的搜救人員接觸，因女童頭暈、身體無力，搜救人員安撫女童情緒後，再輪流揹女童到玉山步道登山口，以救護車載送到嘉義市聖馬爾定醫院檢查治療。請繼續往下閱讀...據了解，女童與家人原預計16日晚間住宿排雲山莊，隔天登玉山，不料在登山步道5.5公里處，女童就出現疑似高山症狀，家人連忙報警求助，並帶著女童往回走，於步道3.7公里處與搜救隊碰頭。聖馬爾定醫院表示，女童下山後經急診檢查並無大礙，8月16日已出院。竹崎警分局呼籲，民眾登山若帶有未成年子女，應衡量天氣、登山路線是否適合兒童行走，並考量孩子身體狀況、體力能否負擔高海拔，若身體不適應立即下山，勿勉強攀爬、以免憾事發生。嘉義縣警、消輪流揹女童到玉山登山口送醫。（警方提供）嘉縣警、消組搜救隊到登山口完成救援任務。（警方提供）    ,https://news.ltn.com.tw/news/society/breakingnews/5542700
江熊一楓打「照顧獨居夫」親情牌求交保 法院駁回：有人脈、海外可接應,社會,2026/08/17 16:22,民進黨議員江熊一楓，因涉詐助理費從去年底延押至今，近日以年事已高、需照顧高齡配偶等理由，聲請具保停止羈押，仍遭地院裁定駁回。（翻攝江熊一楓臉書）民進黨籍彰化縣議員江熊一楓涉嫌以人頭詐領公費助理補助款487萬餘元，去年12月24日遭羈押，檢方偵結後依《貪污治罪條例》等罪起訴，並具體求刑9年6月。江熊一楓近日以年事已高、需照顧高齡配偶等理由，聲請具保停止羈押；彰化地院認為她曾任縣議員，具有相當人脈與資源，且有家人居住海外，仍有逃亡之虞，裁定駁回。74歲的江熊一楓被檢調查出，於議員任內以不實名義申報公費助理補助款，甚至將出國期間的丈夫江昭儀列為人頭助理，合計詐領487萬元。全案移審後，法院裁定自今年3月25日起羈押，並於6月裁定延長羈押2個月。請繼續往下閱讀...江熊一楓日前透過辯護人向地院聲請交保，主張自己返台定居多年，雖有親人在海外，但目前機場、港口及海關管理嚴密，只要限制出境、出海，便不可能逃亡，且心繫高齡獨居配偶的健康狀況，希望能回家相伴到老，並提出具保、限制住居或定期向派出所報到等替代方案。她也表示，逃亡不僅會遭社會唾棄，還會連累親友遭受非議。法官審理指出，江熊一楓涉犯最輕本刑5年以上重罪，「趨吉避凶」是人性，且其曾任縣議員、具一定人脈資源，加上有家人居住國外，具備長期滯留海外能力，有相當理由認定其有逃亡之虞。法官認為，被告即使採取交保、限制住居、限制出境出海、定期報到或科技監控，仍不足以確保後續審判及刑罰執行，因此認定羈押原因及必要性仍存在，駁回交保聲請。    ,https://news.ltn.com.tw/news/society/breakingnews/5542726
罰單542張欠繳32萬神隱中國 台東男被限制出境分期清償,社會,2026/08/17 16:04,法務部行政執行署花蓮分署近日執行「加強執行車輛相關稅費罰鍰專案」，針對符合法定要件且滯欠金額較高的交通違規大戶祭出限制出境、出海處分。（記者王錦義攝）法務部行政執行署花蓮分署近日執行「加強執行車輛相關稅費罰鍰專案」，針對符合法定要件且滯欠金額較高的交通違規大戶祭出限制出境、出海處分。一名年約36歲、設籍台東的張姓男子，欠繳交通違規案件多達542件、滯欠金額約32萬元，且經常居住在中國、屢傳不到，經花蓮分署祭出限制出境（海）後，終於現身辦理分期繳納。花蓮分署指出，張姓男子行駛國道公路未繳通行費、在路邊停車格停車不繳停車費，衍生上百筆罰單，另有在國（省）道超速、違規停車、在道路堆積妨礙交通之物等諸多違規行為。自2024年起，交通部公路局高雄區監理所台東監理站陸續移送共391筆裁罰案件至花蓮分署執行，交通部高速公路局南區養護工程分局也移送151筆ETC通行費案件，合計欠繳金額達32萬元。請繼續往下閱讀...花蓮分署執行人員調查發現，張男入出境十分頻繁，卻長期規避傳喚、行蹤成謎，分署依法對其限制出境（海）後，張男終於出面表示因工作有赴中國需求，主動申請分期繳納，逐步清償國家債權。花蓮分署分署長蔡英俊表示，分署將持續執行交通專案，無論滯欠金額多寡，均會依法積極執行，籲請義務人切勿心存僥倖規避繳納義務。他也說明，如義務人因失業或經濟困難無力一次清償，務必主動和分署聯繫協商案件繳納方式，分署亦提供就業及酒癮戒治轉介服務，展現公義與關懷核心價值。法務部行政執行署花蓮分署針對長期往來中國的張姓男子積欠大量罰單，祭出限制出境的手段。（花蓮分署提供）    ,https://news.ltn.com.tw/news/society/breakingnews/5542694
拒絕走私集團誘惑  海巡署推「海豚弟」防貪動畫,社會,2026/08/17 16:04,海巡署邀請南部、東南沙及艦隊分署同仁共同觀影。（記者姚岳宏翻攝）海巡署為強化基層人員法紀觀念，今日在南部分署興達港基地舉辦《神鬼當鋪-執法倫理篇》動畫首映會，邀請南部、東南沙及艦隊分署同仁共同觀影，本次活動透過活潑的影音宣導，期盼將法遵意識融入日常勤務，建立海巡人員清廉公正的執法文化，防堵任何貪瀆風險。為讓法紀宣導更生動，動畫特別以海洋生物為主角，刻畫基層人員在執勤時可能面臨的真實誘惑。劇中主角「海豚弟」在查獲走私案件後，意外成為不法集團企圖行賄的對象，在金錢誘惑與廉潔操守之間陷入內心抉擇，影片透過輕鬆詼諧的敘事手法，向同仁解說公務員廉政倫理規範，以及違背與不違背職務收賄罪的法律界線，藉由海豚弟的經歷，傳達嚴正執法與拒絕貪腐的核心價值。請繼續往下閱讀...海巡署肩負海域執法及查緝走私等重責大任，第一線人員時常面臨複雜的工作環境，為協助基層同仁正確掌握適法性判斷，政風室主任張友寧親自率隊展開為期2天的巡迴宣導，前往南部多個基層單位播放這部動畫。藉由實際走訪與教育訓練，期盼降低違失發生的機率，營造守法自律的工作環境。海巡署進一步指出，今年度將持續開發多元化的數位教材，包含動畫繪本電子書、LINE貼圖及廉政短影音等，透過生動且貼近大眾的呈現方式，讓同仁與民眾都能輕鬆理解廉政法規，確保每一位人員在執行任務時，皆能維持客觀公正的立場，進而鞏固社會大眾對機關執法的信任與支持。https://www.youtube.com/watch?v=pRn3NwN8H10海巡署推「海豚弟」防貪動畫。（記者姚岳宏翻攝）海巡署推「海豚弟」防貪動畫。（記者姚岳宏翻攝）    ,https://news.ltn.com.tw/news/society/breakingnews/5542767
鐵捲門拉一半變「免費暢貨中心」？台中大膽女賊3分鐘狂掃12件古物,社會,2026/08/17 15:58,台中市中區自由路一家古物店，15日晚上一名女竊賊進入搜刮12件物品，損失6千元，店家公開監視器抓賊。（擷取自threads）台中市中區一家古物店，15日晚上準備關店打烊時，一名女子突然闖進店內，大方到處逛了近3分鐘，並順手偷走了12件飾品等物品後離去，店家事後發現損失約6千元報警，並將監視器上網公布，警方獲報認出女竊賊是一名外籍的林姓女子（44歲），目前已積極查緝依法偵辦。這家位於中區自由路2段巷內的古物店，15日晚上接近9點準備關店打烊，將鐵捲門拉下一半，沒想到一名女子突然走進店內，見店內1樓沒人，仍獨自逛了近3分鐘，還偷走多樣物品沒付錢就離開。請繼續往下閱讀...店家事後發現失竊，調閱監視器發現是女竊賊所為，因已經累積太多件，忍無可忍將監視器影像上網公開，也提醒其他店家小心。轄區第一分局表示，16日下午4點多接獲店家報案，一眼認出該名女竊賊是之前曾管束的越籍林姓女子（44歲），清查後發現共竊取12件商品，店家損失約新台幣6000元，目前已受理並成立專案小組，將全力追緝竊嫌到案。第一分局呼籲，建議商家加強防盜措施，貴重物品切勿置於易遭竊取處，將主動協助「治安風水師」檢測服務以提升防護量能；警方亦將持續加強轄區巡邏密度，全力維護民眾財產安全。    ,https://news.ltn.com.tw/news/society/breakingnews/5542748
「假公安」誘騙植木馬！竊銀聯卡跨境盜刷1.1億 10人起訴主謀求刑14年,社會,2026/08/17 15:55,跨境盜刷詐欺集團誘騙中國被害人在手機植入木馬程式，竊取銀聯卡資訊後盜刷，總金額高達1.1億元，新北地檢署將王男等10人起訴。（資料照）桃園龍潭鑫膳公司實際負責人王順興涉組建跨境盜刷詐欺集團，由境外詐欺機房利用「假公安」等手法，誘騙中國被害人在手機植入木馬程式，竊取銀聯卡資訊後，交由台灣刷手至配合的不肖銀樓感應過卡變現，盜刷總金額高達1.1億元；新北地檢署依詐欺犯罪危害防制條例、洗錢防制法及組織犯罪等罪嫌將王男等10人起訴，並對王順興及抽取20%手續費作為報酬的新北中和「鎮鋐金銀珠寶店」負責人黃仁哲求刑各14年。檢警調查，本案犯罪模式為，境外詐欺機房在Telegram等通訊軟體上，假冒「公安、檢察官」或「平台客服（稱要幫忙取消自動扣款）」，聯絡中國被害者，誘騙他們在手機裡安裝遠端控制（木馬）軟體，再透過木馬程式暗中攔截被害人的銀聯卡卡號、密碼及簡訊驗證碼。請繼續往下閱讀...檢方查出，綽號「大飛」的王順興負責在台統籌指揮，當舖業者林士豪負責招募刷手及尋找配合的采穎珠寶店負責人黃建豪加入，黃再依指示招募其他業者。檢警調查，待刷手取得遠端攔截到的銀聯卡卡號與驗證碼後，即前往合作的鎮鋐金銀珠寶店、北市中山區安毅珠寶（招牌懸掛采穎珠寶店）、北市內湖區豪霖珠寶（招牌懸掛東福金品店）及北市大安區星光精品（負責人為黃仁哲之妻）等店家刷卡。檢方查出，黃仁哲、東福金品負責人蘇俊榮等業者，配合虛構黃金或精品交易假象、偽造簽單請款，並從中抽取手續費作為報酬；銀樓取得金融機構撥款後，再將現金交由車手等人駕駛專用車輛遞送，以此建立多層次資金斷點，掩飾犯罪所得來源。檢方統計，本案光是目前已查明身分的18名中國被害人，遭盜刷金額即達1439萬餘元；若從涉案銀樓的刷卡金額計算更衝破1.1億元。專案小組先前發動多波搜索，已扣押數千萬元犯罪所得。集團對其餘被害者的詐欺部分，另案偵辦中。檢察官審酌，王男等人侵害我國金融支付制度安全及收單機制的安全與公信力，損及我國打擊洗錢形象，惡性重大，因而對王、黃求刑各14年；其餘被告部分，林士豪、黃建豪求刑各7年、車手葉博文求刑6年。    ,https://news.ltn.com.tw/news/society/breakingnews/5542679
全國首創！竹市消防局 將智慧生理監測導入火場安全管制,社會,2026/08/17 15:49,竹市消防局全面於所屬各大隊、分隊及24小時輪班待命的勤務派遣科導入生理監測設備，建立日常健康管理機制。（圖由消防局提供）為強化消防人員職業安全與健康管理，新竹市消防局於所屬各大隊、分隊及24小時輪班待命的勤務派遣科導入生理監測設備，透過科技即時掌握消防人員血壓、血氧及體溫等生理數值，建立日常健康管理機制；更進一步全國首創將智慧生理監測設備帶進火場救災現場，於消防人員進入火場前進行生理狀況評估，並將客觀生理數據納入安全管制及人員輪替參考，從「入室前評估、救災中管制到出室後恢復」建立更完整的安全防護機制。市長高虹安表示，過去火場安全管制多著重於人員進出時間、空氣瓶氣量及任務編組等管理，此次竹市消防局進一步將「生理數值」納入火場安全管制的重要評估依據，由各消防大隊於重大火災發生時攜帶生理監測設備前往現場，建立更完整的消防人員安全管理機制。請繼續往下閱讀...救災人員於進入火場執行任務前，可先量測血壓、血氧及體溫等生理徵象，由安全管制人員掌握其當下身體狀況；如發現數值異常或身體狀況不適合執行高強度救災任務，將立即管制暫緩進入火場，並要求人員至休息區進行休息、補充水分及降溫，視後續生理狀況重新評估，必要時進一步接受醫療評估或照護，避免消防人員在身體已超出負荷的情況下持續執行高風險任務。此外，生理監測設備亦可運用於消防人員完成火場任務後的生理狀態評估，搭配現場輪替、休息及復原機制，從「入室前評估、救災中管制到出室後恢復」建立完整安全管理流程，使現場指揮及安全管制人員能有更客觀的數據作為勤務調度及人員輪替參考。    ,https://news.ltn.com.tw/news/society/breakingnews/5542615
聯結車後載鋼管直插小貨車擋風玻璃 高雄警方曝肇事原因,社會,2026/08/17 15:48,肇事的聯結車。（記者洪定宏翻攝）8月17日上午將近10點，52歲鄂姓男子駕駛聯結車停紅燈過程，疑似未踩緊煞車，導致車輛往後滑行，後載的鋼管隨之滑落，直插後方的小貨車擋風玻璃，嚇得21歲廖姓司機趕緊下車閃躲，所幸無人受傷。據了解，聯結車後載數十根鋼管，每根長達約7公尺，雖然滑落的鋼管將小貨車擋風玻璃撞破1個小洞，但隨即如蜘蛛網般裂開；高雄警方指出，案發在大寮區華中路與興業路口，已依規定測繪、拍照，確切肇事原因有待交通大隊分析研判。小貨車擋風玻璃毀損。（記者洪定宏翻攝）    ,https://news.ltn.com.tw/news/society/breakingnews/5542612
無照男騎車違規遭攔竟「頭猛撞地」  警一查竟是毒駕,社會,2026/08/17 15:35,警方強勢阻止曾男自殘。（記者徐聖倫翻攝）48歲曾姓男子騎乘機車行經新北市三重，於路口轉彎時未打方向燈，且夜晚未開頭燈、安全帽未繫扣環，遭巡邏員警攔下盤查。沒想到無照上路的曾男因心虛，竟突然當街用頭部猛烈撞擊地面自殘，員警隨即保護管束壓制，經實施毒品唾液快篩，證實其吸食安非他命毒駕，依法將曾男送辦。​三重警分局表示，轄區員警於昨日傍晚6時許執行巡邏勤務，行經龍門路一帶時，發現曾男騎車極度不穩且多項違規，遂上前進行盤查。請繼續往下閱讀...​盤查過程中，員警查出曾男為無照駕駛，且發現他身體不斷異常抖動、神情極度緊張，合理懷疑有毒駕行為，遂依法要求進行唾液快篩檢驗。不料，曾男因深知難逃法網，竟突然抓狂用頭部猛撞地面自殘，員警為預防危害發生，立即施以保護管束並將其帶回派出所。​警方對曾男進行唾液篩檢後，結果呈現安非他命陽性反應，曾男也承認吸食。警詢後，依公共危險罪將曾男移送法辦，並依規定開單舉發及查扣車輛；另針對其無照、未打方向燈、夜晚未開燈等交通違規行為，亦均依法開單告發。曾男被警方攔下後情緒非常不穩。（記者徐聖倫翻攝）    ,https://news.ltn.com.tw/news/society/breakingnews/5542682
喜傑獅筆電「1個讚折1元」不出貨挨告  二審逆轉勝消費者,社會,2026/08/17 15:33,台灣本土筆電品牌「CJSCOPE喜傑獅」推出「1個讚折1元」優惠，卻因消費爭議未出貨挨告，二審認定網站早已關閉正常連線，判劉姓顧客敗訴。（資料照）台灣本土筆電品牌「CJSCOPE喜傑獅」2024年為了慶祝中華隊奪下世界冠軍12強冠軍，推出「1個讚折1元」的優惠活動，最後累積1.7萬個讚。劉姓顧客因為官網無法正常連線，透過自行修改hosts檔繞過Cloudflare後成功下單購買。一審認為業者應該交付筆電，判業者敗訴。案經上訴後出現逆轉，二審認定網站早已關閉正常連線，判劉姓顧客敗訴。為了慶祝中華隊奪冠，「CJSCOPE喜傑獅」於2024年11月24日晚間在臉書粉專推出促銷活動，以「1個讚折1元」折抵筆電價金，隔日貼文便累積至1萬7000個讚，因此前往網站下單的顧客理應得以原價扣除1萬7000元折價購買電腦。請繼續往下閱讀...劉姓顧客隔日晚間9時57分許下單訂購1台筆電，並收到網站系統發出的「訂購通知函」之回覆而確認收單，劉姓顧客主張買賣契約成立，要求業者交付筆電。業者認為，因為網站於11月25日晚間8時開始出現大量異常，產生DDoS警告，因此於晚間9時許通知委託代管此網站的公司關閉網站，代管公司後續使用Cloudflare的DNS服務封鎖訪問請求，讓一般人無法前往網站。然而，劉卻以修改電腦hosts檔案方式，繞過網站所設定的Cloudflare服務之防護機制，而連線至該網站填寫訂購單，也因此觸發系統自動寄出確認通知。一審認為雙方買賣契約成立，判業者應交付筆電，並依職權宣告假執行，業者提出上訴。二審指出，業者已經切斷一般使用者透過Cloudflare進入官網的方式，就已表明當時沒有繼續透過網站交易的意思。此外，法官認為，網站不必真的將伺服器關機才算停止服務，劉男在正常連線已被關閉後，以特殊方式登入並下單，即使系統接受訂單並寄出確認函，也只是程式自動運作，不能視為有效承諾。法官認為，劉男曾於下單前以私訊方式詢問業者有關網站無法進入，後續業者也公開回應網站被攻擊，讓有意購買的消費者先私訊，待官網恢復後再補單，認定劉已知網站無法正常交易，仍繞過防護機制下單，買賣契約並未成立，最後改判劉敗訴。    ,https://news.ltn.com.tw/news/society/breakingnews/5542704
退休男領1400萬買3公斤黃金  警銀戳破詐團陷阱保住老本,社會,2026/08/17 15:23,永和分局警方頒發感謝狀及紀念品予有功人員，同時呼籲，金融機構及民眾如發現疑似詐騙情形，可立即撥打110或165反詐騙專線查證。（記者陸運鋒翻攝）新北市永和區李姓男子打算從銀行提領1400萬元購買黃金，行員察覺有異，通報警方前來關懷查證，經員警查看李男手機對話後，確認他落入投資詐騙陷阱，所幸經員警不斷耐心勸說，最終阻止李男受騙，成功保住退休金。永和警分局調查，已退休的李男上週前往台灣銀行，欲提領1400萬元購買黃金3公斤，但他對於資金用途說明含糊，行員察覺情況有異，立即啟動警銀聯防機制通知轄區派出所員警到場。請繼續往下閱讀...警方指出，員警經徵得同意查看李男手機內容，發現通訊軟體中出現「投資顧問」、「小編」等可疑訊息，進一步了解後得知，李男是透過網路認識自稱「JCQ投資顧問」的人士，對方以投資獲利為由，要求其購買黃金交付投資。經警方進一步查證發現，李男於7月底看到網路投資訊息，誤信詐騙集團投資陷阱及指示下，準備提領1400萬元購買黃金交付投資，所幸在銀行行員機警察覺並即時通報下，成功阻止其受騙，保住其辛苦退休金。警方表示，為感謝金融機構積極攔阻詐騙案件，已表揚機警行員義行，並頒發感謝狀及紀念品予有功人員，同時呼籲，金融機構及民眾如發現疑似詐騙情形，可立即撥打110或165反詐騙專線查證，透過警銀聯防機制，共同守護民眾財產安全。李男打算從銀行提領1400萬元購買黃金時，行員察覺有異通報警方前來，經員警查證後，確認他落入投資詐騙陷阱，最終阻止李男保住退休金。（記者陸運鋒翻攝）    ,https://news.ltn.com.tw/news/society/breakingnews/5542672
離奇！房卡未遺失卻遭陌生人開門  韓籍女客凌晨驚嚇報警,社會,2026/08/17 15:17,警方獲報到場處理（記者姚岳宏翻攝）1名來台參展的韓國籍女子，投宿北市松山區八德路四段一間旅館，昨天清晨5時許，旅館房門突然被打開，竟有名陌生的香港籍周姓男子無故闖入，當時尚未入睡的被害人飽受驚嚇，由於房客與飯店的萬能卡皆未短少遺失，周男究竟如何順利開門引發諸多疑點，警方介入調查，先依無故侵入他人住宅罪嫌將周男送辦，並持續釐清旅館維安有無疏失。據了解，28歲香港籍周姓男子與該韓籍女子投宿於同間飯店樓層，根據走廊監視器畫面，周男清晨經過韓籍女子的房間外時，疑似從地上撿起1張房卡，隨後直接感應房門並進入，周男發現房內有人後立刻退出，並小跑步返回自己的房間。飯店直到當日晚間9時許接獲反映後，才通報松山分局警方到場處理。請繼續往下閱讀...警方循線今通知周男到案說明，他辯稱當天凌晨曾到夜店狂歡，因為飲酒過量導致對當時行為記憶模糊，不清楚自己為何會去開啟別人的房門，雖然周男事後當面向被害人致歉，但整起事件已經讓來台出差的韓籍女子留下極大陰影。她心有餘悸地表示，當下腦袋一片空白，尤其同行者的房卡都在自己身上且房門確實有上鎖，對於陌生人能輕易闖入感到不可思議，對接下來3天的住宿感到恐懼。為釐清真相，被害人已要求飯店保全清晨5時20分至6時間的客房電子鎖進出紀錄與走廊監視器畫面，並要求業者針對安全疑慮給出明確交代。儘管周男稱是撿到房卡，且報案人表示暫不提告，警方仍依法查處；警方提醒，民眾飲酒後應注意自身行為與安全，避免酒後失控造成他人困擾甚至觸法；如遇可疑情形，應立即通知飯店櫃檯或警方協助處理。    ,https://news.ltn.com.tw/news/society/breakingnews/5542649
「神探祐祐」查個資行賄北市刑大科偵隊長 前妻是「警界范冰冰」,社會,2026/08/17 15:15,曾在刑事局有「神探祐祐」封號、現任房仲吳政祐，因涉嫌賄賂台北市刑警大隊科偵隊長陳冠良，雙雙遭到收押，而吳政祐前妻是有「警界范冰冰」之稱的信義分局丁姓女偵查佐（見圖）。（記者陸運鋒翻攝）曾獲模範公務員的台北市警局刑警大隊科偵隊長陳冠良，涉嫌利用檢察官辦案發函名義查詢與案件無關個資，提供給昔日刑事局師父、現任房仲吳政祐，從中收賄百萬元，台北地檢署昨依貪污等罪嫌向法院聲請羈押禁見2人獲准。據了解，吳男前妻是日前捲入浮報功獎、有「警界范冰冰」之稱的信義分局丁姓女偵查佐，該案同樣正由檢方分案調查。據透露，吳政祐口才好，身段靈活，在警界服務時相當活躍，他在刑事局因偵辦毒品案件出色，因此有了「神探祐祐」綽號，而吳男偵破案件後也很大方，經常請協助的同仁吃飯，對於女性花錢也不手軟，後來因某次帶學弟出入聲色場所飲酒遭到檢舉，又因行事作風引發爭議，因而萌生退意轉任房仲。請繼續往下閱讀...據悉，淡江法文系畢業的丁員畢業後考上警職，起初在基隆服務，因外型亮眼、身材姣好，被封為「警界范冰冰」。吳政佑結識丁員後展開熱烈追求，儘管雙方年齡差距不小，但仍打動丁女的心共結連理，但雙方婚後疑有其他追求者介入，因而感情生變協議離婚。丁員之後轉調台北市信義分局負責毒品業務，不久前考取警大，但因遭檢舉「未實際參與搜索卻爽領500支嘉獎」，經信義分局內部清查後，認定部分簽報程序有瑕疵，決定撤銷百餘支獎勵，而替丁女代簽功獎的鍾姓員警，也依偽造文書罪嫌送辦，丁女因此放棄就讀警大。    ,https://news.ltn.com.tw/news/society/breakingnews/5542609
拿公家垃圾車幫母清運4噸椰子殼 樹林清潔隊班長圖利7245元被起訴,社會,2026/08/17 14:43,新北地檢署。（資料照）新北市樹林區清潔隊循線資收收運班陳姓班長，涉嫌利用管理資源回收場及操作裝載機（俗稱山貓）、垃圾車等職權，將母親在攤位販售椰子水所產生的椰子殼與家戶垃圾，私自運回資收場並傾倒至垃圾車內，以此方式圖利免繳專用垃圾袋費用，總計非法清運4025公斤垃圾、獲得7245元不法利益。新北地檢署依貪污治罪條例「對於主管事務圖利罪」將陳男起訴。檢方調查，陳男自2015年1月起擔任新北市環保局樹林區清潔隊正式隊員，並於2020年至2025年間擔任循線資收收運班班長，負責管理資收場、駕駛山貓及垃圾車等業務。請繼續往下閱讀...檢廉查出，陳男明知一般廢棄物應使用新北市或台北市製作的專用垃圾袋包裝，且其母親在重新橋下販售椰子水所產生的椰子殼屬一般廢棄物，竟將椰子殼載回家中累積至一定數量後，連同部分家戶垃圾以自家小貨車載運至樹林資收場。檢方統計，自2024年1月20日至同年10月5日止，陳男前後多次，由本人或指示不知情的林姓隊員，駕駛山貓將小貨車上的椰子殼直接裝載至垃圾車內，或由陳男駕駛垃圾車以倒車對接方式將椰子殼丟入車內，最後運往樹林垃圾焚化廠處理，總計載運4025公斤，免付專用垃圾袋清理費計7245元。檢方偵查時，陳男對犯行坦承不諱，檢方認為陳男所為涉犯貪污治罪條例「對於主管事務圖利罪」，念及陳男於偵查中自白、主動繳交全部犯罪所得，且圖利金額在5萬元以下，請法院依規定減輕其刑，並斟酌其情節給予緩刑機會，以利自新。    ,https://news.ltn.com.tw/news/society/breakingnews/5542568
吊車在路上發生「意外中的意外」 讓警方逮到家暴通緝犯,社會,2026/08/17 14:33,警方到場處理吊車事故。（記者王冠仁翻攝）35歲邱姓男子因為涉及一起家庭暴力案件，被檢方通緝成為通緝犯，他跑路期間跑到一家工程行打工，某次工程行出動吊車外出作業要停車時，邱下車指揮不當，害吊車司機開車撞到路旁消防栓。警方獲報到場前，邱嚇得落跑，但警方透過吊車司機勸說他出面，他因這起「意外中的意外」而落網。北市警萬華分局青年路派出所在日前下午5時接獲報案，報案民眾聲稱在水源路上有一輛吊車撞到路旁消防栓，需要警方到場協助。請繼續往下閱讀...轄區員警趕到後，吊車司機聲稱當時正要準備停車，同事下車幫忙指揮，但因指揮不當，吊車這才不慎撞到路旁消防栓。員警追問司機指揮者下落，但司機也說事故發生後這名邱姓同事就逃離現場。員警察覺事有蹊蹺，要這名司機幫忙打電話給邱，同時對邱勸說，他這才返回現場；員警一查他身分，發現他因為涉及一起家暴案被通緝，他最終被警方逮捕並解送歸案。    ,https://news.ltn.com.tw/news/society/breakingnews/5542563
中壢老翁深夜躺公園地上 員警關心…原來是散步跌倒爬不起來,社會,2026/08/17 14:33,中壢陳姓老翁深夜躺公園地上，員警關心且即刻救援。（警方提供）桃園市中壢警分局中壢派出所員警日前晚間10時許執行巡邏勤務時，接獲熱心民眾通報指稱，在中原路公園內散步時，遠遠看到一名年邁老翁躺在地上，員警到場處理得知老翁散步不小心摔倒無法自行起身，隨即通知消防隊到場送醫治療。中壢派出所巡佐林志達、警員李宜軒、許育豪及實習生張可柔當天晚上到場，發現75歲陳姓老翁身旁還散落一支拐杖。立刻上前關心，好在他意識清楚，表示散步時不慎跌倒，但因為年紀大了，身體實在痛得受不了，也無法自行起身，只好躺在地上等待救援。請繼續往下閱讀...員警立即通報消防局調派救護車到場，並在旁陪伴、安撫老翁，另依老翁所說的地址前往博愛路上的住處通知其同居人。其同居人獲悉後隨即趕抵現場並說，老翁上午就出門了，正想說怎麼還沒回家，正著急要出門找人警察就來了，對員警及時伸出援手深表感謝，隨即陪同陳伯伯搭乘救護車送醫治療。中壢警分局長林鼎泰表示，年長者外出務必隨身攜帶手機或聯絡資訊；家屬也應隨時留意長者動向，如遇緊急急迫狀況，可立即撥打110或119，警方必定秉持視民如親的精神提供必要協助。中壢陳姓老翁深夜躺公園地上，員警關心且即刻救援。（警方提供）    ,https://news.ltn.com.tw/news/society/breakingnews/5542604
國1台南下營段  油罐車翻覆衝至對向液體外洩1死,社會,2026/08/17 14:25,國1南下296公里台南下營路段，17日下午1時許，1輛載運危險物品過氧化氫的油罐車，不明原因衝過中央分隔島，翻覆在對向車道，造成1死，液體外洩。（讀者提供）國1南下台南下營路段，今（17）日下午1時許發生1輛油罐車翻覆衝至對向的事故，油罐車載運的危險物品過氧化氫洩漏，1人死亡，目前現場仍在處理中，附近路段行車受到影響，提醒用路人提早因應。今天下午1時11分左右，1輛油罐車行經國1南下296公里台南下營路段時，疑因左前輪爆胎，造成車輛失控，撞擊內側護欄後，翻覆在對向北上車道，車頭卡在中央分隔島護欄，嚴重變形，整排的防眩柱也被撞毀，駕駛當場死亡，詳細肇事原因仍待調查釐清。請繼續往下閱讀...國道警方獲報立即趕至現場，該起事故占用北上內、中車道，及南下內線車道，雙向後方車輛回堵。警方封閉北向內、中、外車道處理，開放外側路肩通行，於北向下營系統前引導車流改道至台84線；南向則封閉內側車道及中線車道，開放外側車道及外側路肩通行。因槽車載運的過氧化氫液體洩漏，消防人員也在現場灑水戒備。國道警方呼籲用路人，車輛平時應定期保養維護，行車上路前務必做好車輛車況檢查（油、水、煞車、輪胎、燈光等） ，避免發生類似事件，危害自身及其他用路人之安全。油罐車從國1南下台南下營路段翻覆到北上內側車道，中央分隔島上的綠色防眩柱整排被撞毀。（讀者提供）國1南下296公里台南下營路段，17日下午1時許，1輛載運危險物品過氧化氫的油罐車，不明原因衝過中央分隔島，翻覆在對向車道，造成1死，液體外洩。（讀者提供）國1台南新營路段，1輛油罐車從南下衝到北向車道翻覆，現場處理中。（截取自「國道路況即時通」）    ,https://news.ltn.com.tw/news/society/breakingnews/5542623
男騎士追撞前方車輛「犁田」噴飛 警方到場一驗毒駕,社會,2026/08/17 13:55,吳男發現前車變換車道時，剎車不及打滑。（記者吳昇儒翻攝）40歲吳姓男子昨日晚間6時許，騎車行經仁一路時，未注意前方車輛變換車道，煞車不及直接追撞車尾「犁田」。警方獲報到場，對吳男進行唾液毒品快篩檢測，結果呈陽性反應，警方立即依法逮捕，並依道路交通管理處罰條例規定舉發，全案依公共危險等罪嫌移送基隆地方檢察署偵辦。警方初步調查，吳男騎乘機車行經該路段時，前方的鄭姓女子剛好變換車道，而吳男疑因騎乘機車速度過快，當場追撞車尾，連人帶車摔出去。請繼續往下閱讀...警方到場採證時，發現吳男還有疑似蛇行狀況，懷疑他有施用毒品，對其進行唾液快篩，結果呈現安非他命及嗎啡呈現陽性反應。員警當場扣車，並依規定開罰，並依涉犯公共危險等罪嫌將吳男移送地檢署法辦；事故原因，則待進一步調查釐清雙方肇責。吳男追撞鄭女的車尾，連人帶車噴飛出去。（記者吳昇儒翻攝）吳男追撞後，噴飛到路旁。（記者吳昇儒翻攝）吳男車輛受損嚴重。（記者吳昇儒翻攝）    ,https://news.ltn.com.tw/news/society/breakingnews/5542541
律師滿街跑！全律會嗆考選部放任考訓失衡 恐損害司法健全,社會,2026/08/17 13:52,法務部（資料照）近年律師錄取不斷高升，全國律師聯合會認為，律師考試規則有修正必要，並多次拜會考試院、考選部、法務部提出具體建議。全律會今日發出聲明指出，法務部今年4月召開相關會議，然而迄今考選部仍未具體回覆，對此感到深表遺憾，並表示若繼續未正視相關議題，考訓制度落差將會持續擴大，終將損及我國法律服務品質及司法健全。全律會聲明指出，自2025年起，全律會便多次拜會考試院、考選部、法務部等相關機關，明確表明專門職業及技術人員高等考試律師考試規則有修正之必要，並已提出具體建議，包含應考資格應限制具法律學位者、下修錄取比率及提高及格門檻等。請繼續往下閱讀...今年4月間，法務部就相關議題召集會議，會中法務部亦表明與全律會相同立場，顯示制度失衡問題已獲目的事業主管機關正視。然而，全律會表示，自今年4月會議迄今，考選部尚無任何具體回覆或進展，並強調對此深表遺憾。全律會說明，律師考試錄取人數持續超過合理訓練容量，已對我國律師執業環境造成嚴重衝擊，若考試機關繼續拖延未予正視，考訓制度落差將持續擴大，終將損及我國法律服務品質及司法健全。全律會指出，自明年起，律師基礎訓練將由全律會辦理。全律會綜合考量現有訓練容訓量、律師訓練品質及整體訓練運作狀況，評估明年度律師基礎訓練員額宜為780人以內。全律會辦理律師訓練，責任重大，使命在於培育具備相當執業能力之律師，以維護司法品質，保障人民受高品質法律服務之權利。訓練員額之設定，為全律會審慎評估師資、訓練設施及訓練成效等各項因素後，於現有條件下所能維持訓練品質之合理上限。    ,https://news.ltn.com.tw/news/society/breakingnews/5542511
不滿老婆餵「鳥寶」太多飼料 老公竟拿保溫瓶砸中頭部,社會,2026/08/17 13:05,警方到場逮捕陳男。（記者王冠仁翻攝）55歲陳姓男子飼養一隻鳳頭鸚鵡多年，平時細心照料、疼愛有加，但他昨天下午發現，朱姓妻子居然餵放過量飼料給鸚鵡，他對此不滿，與妻子發生爭吵，妻子也不甘示弱，雙方吵得不可開交。混亂中，陳拿著保溫瓶揮動雙手，不慎打中朱妻頭部，當時陳男外甥女在場目擊一切，姪女隨即報警；警方到場後確認朱妻頭部受傷，隨即將陳男依家暴現行犯逮捕。北市警士林分局社子派出所在昨天下午5時許接獲報案，陳男外甥女報案聲稱，家中有人發生爭吵，姑丈拿起保溫瓶攻擊姑姑，導致姑姑頭部受傷。請繼續往下閱讀...轄區警方趕往陳男位於社子街的住處，這才發現原來陳男飼養一隻鳳頭鸚鵡，平時疼愛有加、細心照料，也擔心投放太多飼料會導致鸚鵡營養失衡、體重過重，曾為此事多次跟朱姓妻子交代。當天下午，陳男發現朱姓妻子餵放太多飼料，他氣得跟朱理論，朱自認是好心幫忙放飼料，也不甘示弱回嗆，雙方在住處內大吵。陳越吵越氣，混亂中揮動雙手，沒料到手中拿著的保溫瓶不慎敲擊到朱妻右側頭部，朱痛得大聲哀號。當時也在場的陳男姪女見狀，認為狀況失控，嚇得報警。警方事後確認朱妻頭部雖無外傷，但她表示疼痛難耐、相當不適，警方隨即通知救護人員將她送醫檢傷；警方同時認定陳男涉嫌違反家庭暴力防治法，當場將他逮捕。士林分局呼籲，民眾遇有家庭或親屬間糾紛，應保持心平氣和、理性溝通，切勿因一時衝動而訴諸暴力解決問題。若自身或家人遭遇家庭暴力等不法侵害，請保持冷靜並立即撥打110報案專線求助，或撥打113保護專線尋求專業諮詢與庇護。警方對於任何暴力行為均秉持「零容忍」態度，絕對依法嚴辦，以維護社會安寧與民眾人身安全。陳男飼養的鳳頭鸚鵡。（記者王冠仁翻攝）    ,https://news.ltn.com.tw/news/society/breakingnews/5542491
開車前往高雄機場這招省時間？ 黑車失控打滑驟停 高雄警方追查,社會,2026/08/17 12:22,警方追查違規的黑車（中）及白車（左）。（記者洪定宏翻攝）2輛汽車前往高雄機場途中，疑似為了節省時間，在路口快速迴轉，其中的黑車失控打滑、驟停，險象環生；高雄警方表示，沒有接獲報案，但過濾監視器畫面，2輛汽車違規，將通知駕駛到案說明。警方指出，2輛汽車均由前鎮區中山路南下右轉專用車道，依號誌指示右轉進入金福路，續行至翠亨南路口迴轉，但未依規定在內側車道轉彎，可處600元至1800元罰金。請繼續往下閱讀...另依民眾提供的影像畫面顯示，黑車行駛過程疑因車速過快打滑，並驟停在中山路車道，違反「在道路上蛇行，或以其他危險方式駕車」規定，將開罰6000元至3萬6000元。警方強調，為防止駕駛人貪圖方便，不願停等中山四路與金福路口（北往南）紅燈，恣意在金福路（東往西）迴轉後，再順著燈號右轉中山四路南下，將函請交通局會勘，針對金福路與翠亨南路口（東向西）研擬改為禁止迴轉。    ,https://news.ltn.com.tw/news/society/breakingnews/5542460
桃園復興山區2天午後溪水暴漲18人受困 消防急流橫渡救援,社會,2026/08/17 12:08,桃園市復興區霞雲溪烤肉區溪水暴漲有17名民眾受困對岸，消防人員急流橫渡救援。（桃園市消防局提供）桃園市復興區山區近日受午後降雨影響，接連發生溪水暴漲阻斷民眾去路事件。桃園市消防局第四大隊8月15日、16日連續兩日在霞雲溪及宇內溪執行水域救援，共協助18名民眾脫困。消防局提醒，復興山區溪流水位變化快速，上游降雨後，下游可能短時間暴漲，從事溪流活動務必提高警覺。8月15日下午4時29分，消防局接獲報案，復興區霞雲溪烤肉區有17名民眾因溪水暴漲受困對岸，立即出動5車10名消防人員及4名義消救援。救援人員抵達後先以喊話安撫受困民眾，要求留在安全處所，同時架設繩索橫渡系統及使用拋繩槍建立救援通道。待雨勢趨緩後，經評估水位、流速及河道狀況，救援人員利用繩索往返兩岸，逐一協助17人脫困，歷時近3小時，所有人均平安無傷。請繼續往下閱讀...隔天8月16日下午2時10分，宇內溪上游露營區再傳受困案件，1名民眾因溪水暴漲、通行路線遭阻斷，受困對岸。消防局立即派遣4車10名消防人員前往，經評估現場水勢與地形後，採取過溪救援方式，並以繩索建立安全撤離路線，順利協助民眾通過急流返回安全岸側。第四大隊長陳莉婷表示，復興區溪流受山區地形與天候影響，水位變化迅速，即使活動時水勢平穩，上游降雨後仍可能在短時間內形成暴漲，民眾露營、戲水、垂釣前，應留意中央氣象署天氣資訊及警報、特報，並觀察上游天候與溪流水位變化。陳莉婷提醒，若發現天色轉暗、聽見雷聲或開始降雨，應立即提高警覺並儘早撤離溪床，切勿等到溪水已經暴漲才試圖離開；若不慎遭溪水阻隔，應優先移動至穩固且較高的位置，立即撥打119，並清楚告知所在位置、人數及現場狀況，等待救援。切勿自行游泳、涉水或強行渡溪，以免遭急流沖走而發生危險。桃園市復興區霞雲溪烤肉區溪水暴漲有17名民眾受困對岸，消防人員急流橫渡救援。（桃園市消防局提供）桃園市復興區霞雲溪烤肉區溪水暴漲有17名民眾受困對岸，消防人員急流橫渡救援。（桃園市消防局提供）桃園市復興區霞雲溪烤肉區溪水暴漲有17名民眾受困對岸，消防人員急流橫渡救援。（桃園市消防局提供）桃園市復興區霞雲溪烤肉區溪水暴漲有17名民眾受困對岸，消防人員急流橫渡救援。（桃園市消防局提供）桃園市復興區宇內溪上游露營區也傳受困案件，1名民眾因溪水暴漲受困對岸，消防人員急流橫渡救援。（桃園市消防局提供）桃園市復興區宇內溪上游露營區也傳受困案件，1名民眾因溪水暴漲受困對岸，消防人員急流橫渡救援。（桃園市消防局提供）    ,https://news.ltn.com.tw/news/society/breakingnews/5542432
公園倒臥男「喪屍」附身！ 秒變暴走毒蟲   警噴辣椒水制伏,社會,2026/08/17 11:44,警深夜接獲報，楠梓公園內有人倒臥在地，員警趕赴現場，發現孫姓男子正處於吸食「依托咪酯」後的精神恍惚狀態。（讀者提供）高雄市楠梓警分局昨深夜接獲報，楠梓廣昌街一處公園內有男子倒臥在地，員警火速趕赴現場，原本打算發揮大愛協助其就醫，不料上前關懷時，眼尖員警卻在男子身旁發現散落的電子煙具，而該名48歲孫姓男子正處於吸食新興毒品「依托咪酯」後的精神恍惚狀態。原本需要被救助的孫男，在面對員警制止與依法盤查時，因毒效發作竟當場情緒斷線、失控，對員警展開劇烈反抗，警方為防範現場危害擴大、確保周遭民眾與孫男自身安全，現場員警果斷掏出辣椒水實施預防性壓制，一陣辛辣攻勢瞬間瓦解孫男氣焰，順利將其上銬逮捕。請繼續往下閱讀...經警方現場初步檢驗，孫男身旁的煙彈確實呈現「依托咪酯」陽性反應。全案訊後依違反毒品危害防制條例，移送橋頭地檢署偵辦。警方呼籲，「依托咪酯」已於今年6月正式改列為「第一級毒品」，吸食後極易引發肌肉抽搐、意識混亂及無法自控的狂暴行為，嚴重危害人體健康與社會治安，絕不容許毒品挑戰公權力。員警果斷掏出辣椒水實施預防性壓制。（讀者提供）    ,https://news.ltn.com.tw/news/society/breakingnews/5542412
香港媽媽蹲坐馬路上大哭 嘉縣警伸援手安撫一家,社會,2026/08/17 11:27,香港籍韓姓女子疑因語言不通、在台灣難以適應，蹲坐馬路上大哭。（警方提供）香港籍韓姓女遊客日前偕同丈夫、未成年孩子到嘉義縣旅遊，不料疑因語言不通無法順利溝通，一時惶恐，竟蹲坐在高鐵嘉義站外馬路上大哭，孩子見狀也哭得一把鼻涕、一把眼淚，丈夫在旁手足無措，連忙向巡邏警方求助；警方見夜色昏暗，馬路上車來攘往、有安全疑慮，先將一家人載到派出所歇息，協助聯繫計程車送到下榻旅社，對員警伸援手解除危機，韓女的丈夫連聲向員警道謝。嘉義縣警察局水上分局太保聯合所員警日前晚間巡邏，接獲報案有民眾在高鐵嘉義站疑似情緒失控，蹲坐在保鐵十二路的馬路上大哭，連忙趕往現場，到場後發現39歲韓女不停哽咽哭泣，身旁年約12歲的孩子因擔心媽媽，也在旁哭得一把鼻涕、一把眼淚。請繼續往下閱讀...韓女丈夫透露，趁孩子放假特地到台灣旅遊，不料妻子初次來到陌生環境，加上語言不通、無法順利與在地人溝通，難以適應，內心很惶恐而情緒崩潰，無助蹲坐在路邊大哭。到場員警除了耐心解釋、安撫，待韓女情緒緩和，由於晚間夜色昏暗、光線不足，馬路上又有車流、行人往來，險象環生，基於安全考量，先將韓女一家載到派出所歇息，後續協助聯絡計程車，將一家人送到下榻旅社，韓女丈夫對員警在關鍵時刻伸出援手，感激不已。到場員警耐心安撫香港籍媽媽跟小孩，將一家人載回派出所歇息、緩和情緒。（警方提供）    ,https://news.ltn.com.tw/news/society/breakingnews/5542378
毒駕電動輔助自行車 女子逆向違規遭查獲安非他命,社會,2026/08/17 11:24,毒駕電動輔助自行車，李姓女子逆向違規遭查獲安非他命。（民眾提供）高雄42歲李姓女子騎電動輔助自行車，因逆向行駛險與警車發生事故，員警將她攔下警告，意外認出曾被他逮過的有毒品前科的通緝犯，依法對她實施毒測，結果呈毒品陽性反應，更進一步在身上查獲藏匿的毒品安非他命，當場將其逮捕送辦。鼓山分局今（17）日指出，龍華所員警前日巡邏行經鼓山區篤敬路與文忠路口時，發現李女（42歲）騎乘電動輔助自行車沿路逆向行駛，險些與警車發生事故，警方立即告誡並要求其注意行車安全，未料李女仍持續違規跨越車道行駛，立刻將她攔停。請繼續往下閱讀...盤查過程中，員警發現李女神情緊張、注意力渙散，並認出李女在數年前曾因通緝案件遭警查獲，現場頻頻表示自己已戒毒，苦苦哀求警方放過她，隨後經對其實施唾液毒品檢驗，檢測結果呈毒品陽性反應，更進一步在身上查獲藏匿之毒品安非他命，當場將其逮捕送辦。經了解，李女當日駕車逆向行駛險與員警發生交通事故，經告誡後仍持續有違規行為，遭攔查後雖不斷強調自己已經戒毒、不再碰毒，更主動出示自己的戒毒證明，然而在面對盤問時卻異常緊張，見員警查緝立場堅定又轉而開始求饒。巧合的是，警方進一步查證發現，李女在數年前便曾被自己查獲通緝案件，時隔多年再次遇上同一名員警，先因交通違規遭攔查，最終意外被查獲毒駕及持有毒品等犯罪，實在得不償失。全案警詢後依違反毒品危害防制條例及公共危險等罪嫌移送偵辦。警方表示，李女已違反《道路交通管理處罰條例》第73條2項規定：吸食毒品後駕車，可處新臺幣2400元、第73條1項規定：不依規定轉彎（逆向）、夜間行車未使用燈光，最高均可處新臺幣1200元，共計4800元罰鍰，警方將依法製單舉發。鼓山分局呼籲，毒品嚴重影響駕駛人的注意力、判斷力及反應能力，無論騎乘機車或電動輔助自行車，只要受到毒品影響上路都可能危及用路人安全。警方在李女身上查獲毒品。（民眾提供）    ,https://news.ltn.com.tw/news/society/breakingnews/5542371
斯里蘭卡男子花1萬美元買假加拿大護照 桃機轉機偷渡遭識破,社會,2026/08/17 11:16,斯里蘭卡籍男子花費1萬美元購買假護照企圖偷渡，遭移民官攔截識破依法遣返。（國境事務大隊提供）一名斯里蘭卡籍男子花1萬美元向人蛇集團購買偽造加拿大護照，企圖從新加坡經桃園機場轉機前往加拿大多倫多工作，卻因長榮航空地勤發現證件及行程異常通報移民署，經移民官專業鑑識確認護照造假，男子身分當場曝光，國境事務大隊經調查後依國際慣例遣返前一站新加坡。移民署國境事務大隊表示，本月中旬接獲長榮航空通報，指一名持加拿大護照的男子從新加坡抵達桃園機場，準備轉機前往多倫多，但訂位行程及旅行證件疑有異常。移民官到場查驗，發現護照防偽特徵及資料均有多項偽造跡象。請繼續往下閱讀...國境事務大隊說，男子起初態度強硬，面對移民官詢問不斷反問「發生什麼事？我的證件有什麼問題？不要耽誤我的行程！」企圖持用偽造護照情事。不過，移民官進一步詢問加拿大首都、住址等基本資料，男子均無法回答，甚至無法唱出加拿大國歌，最終坦承自己是斯里蘭卡籍，並從行李中取出真正的斯里蘭卡護照。男子供稱，花費1萬美元向人蛇集團購買偽造加拿大護照，由對方安排機票及旅行路線，企圖利用國際轉機掩飾真實身分偷渡加拿大工作。遭識破後，他不斷請求移民官放行，稱偷渡費用都是向親友借來，急著赴加拿大工作還債。國境事務大隊調查後，因男子持用偽造護照企圖偷渡，依國際慣例遣返前一站新加坡。斯里蘭卡籍男子花費1萬美元購買假護照企圖偷渡，遭移民官攔截識破依法遣返。（國境事務大隊提供）斯里蘭卡籍男子持用偽造加拿大護照來臺企圖轉機至加拿大遭移民官識破。（國境事務大隊提供）斯里蘭卡籍男子持用偽造加拿大護照來臺企圖轉機至加拿大遭移民官識破。（國境事務大隊提供）斯里蘭卡籍男子自己的護照。（國境事務大隊提供）    ,https://news.ltn.com.tw/news/society/breakingnews/5542352
男子打拳賽「大腦位移」慘死！現場未配醫師 主辦人無罪改判6月定讞,社會,2026/08/17 11:06,拳館內部擂台。（取自臉書）26歲胡姓男子2022年參加新北市新店拳擊俱樂部舉辦的「大拳頭拳擊友誼賽」時，因頭部遭重擊送醫不治。台北地檢署依照過失致死罪起訴俱樂部負責人、同時也是國際一星拳擊教練、A級國家級拳擊教練及裁判的丁晧峯。台北地院審理後認定丁男罪嫌不足判處無罪。案經上訴以後，高等法院改依過失致死罪處丁男6月徒刑，得易科罰金。案件上訴，最高法院駁回上訴，全案定讞。新店拳擊俱樂負責人為丁晧峯，丁男同時兼任拳館教練，2022年7月30日該拳館舉辦「第11屆全國大拳頭拳擊友誼賽」，胡姓男拳手報名75至80公斤級賽事，與29歲的徐姓男子對戰。請繼續往下閱讀...比賽開打期間，胡男的頭部及下巴接連被對方揮拳重擊，待第一回合結束以後，胡男回到場邊休息時，突然全身發軟、噁心想吐；最後比賽第二回合，胡男再遭擊中右側頭部跌坐在地，起身後頭部又遭連擊，最終比賽以裁判判定徐男勝利告終。然而，胡男在下場後持續感到頭暈目眩，甚至意識模糊差點癱倒在地，胡男女友見狀旋即聯繫救護車，待胡男被抬上救護車時已陷入昏迷，最終搶救後仍宣告不治，死因為顱內大量出血、大腦位移導致腦死等。北檢偵辦後認為，比賽負責人丁男明知國際拳擊總會技術和競賽規則，比賽應配置醫護人員在場，應由醫師依國際拳擊規則附錄之「體檢合格證書」表列事項，評估選手適合參賽後，選手才能參賽，且賽後應由醫護檢查拳擊手狀態，隨時採取必要的救護，依照過失致死罪起訴丁男。台北地院一審認為丁男並無應注意而未注意的過失，罪嫌不足判處無罪。案經檢方上訴以後，高等法院認為，丁男未依照國際拳擊規則配置拳台醫師全程在場，而以選手自行出具健康聲明書方式便宜行事，致使胡男在比賽前，未能獲得醫師檢查及專業意見，也無法在拳賽過程獲得必要協助，讓胡男枉送寶貴性命，最終撤銷一審判決，改依過失致死罪處丁男6月徒刑，得易科罰金。案上訴至三審以後，被最高法院駁回，全案定讞。    ,https://news.ltn.com.tw/news/society/breakingnews/5542353
桃園2男童斑馬線奔跑險遭撞 警方將查訪家長開罰,社會,2026/08/17 10:59,桃園區民光路、正康二街口，本月15日有車主目擊2名男童任意在行人穿越道上奔跑，險遭綠燈直行的車輛撞上。（記者鄭淑婷翻攝）桃園市桃園區民光路、正康二街口，本月15日有車主目擊兩名男童任意在行人穿越道上奔跑，險遭綠燈直行的車輛撞上，網友怒批「誰家屁孩連過馬路都教不好」；警方表示，當天未接到民眾報案，將主動查訪家長了解情況並依法舉發。桃園警分局景福派出所表示，經審視影片內容，兩名男童在道路上奔跑嬉戲，已經違反道路交通管理處罰條例第78條第1項第4款規定，可處新臺幣500元罰鍰。請繼續往下閱讀...桃園警分局也提醒，家長應加強宣導交通安全觀念，切勿讓孩童在道路上追逐、奔跑或嬉戲，以免影響車輛通行並危及自身安全，共同維護良好交通秩序。    ,https://news.ltn.com.tw/news/society/breakingnews/5542339
少年在北捷車廂亮刀嚇壞乘客！警方到場發現是塑膠玩具刀,社會,2026/08/17 10:51,警方查扣少年把玩的塑膠折疊刀。（記者王冠仁翻攝）一名15歲少年昨天前往新北市觀看2026「淡水漁人碼頭仲夏繽紛樂」首場煙火秀後，搭乘台北捷運要返家，但他在列車座位上閒來無聊，居然拿出一把折疊刀把玩，有眼尖乘客發現，嚇得通報站務人員。站務人員在列車抵達明德站時將他帶下車，警方到場後這才發現他把玩的是一把塑膠玩具刀，他也沒有傷人或恐嚇他人，但警方認為少年仍觸犯社會秩序維護法，仍將他依法裁處。北市警北投分局在昨天深夜10時51分接獲報案，民眾聲稱在北捷淡水線一列從淡水開往象山的列車上，有人持刀。請繼續往下閱讀...警方不敢大意，立刻聯繫北捷人員，得知持刀者已經被站務人員於明德站帶下車，警方隨即派遣大量警力趕往明德站。警方調查，原來這名持刀者是一名15歲少年，他昨晚前往參加2026「淡水漁人碼頭仲夏繽紛樂」首場煙火秀後搭捷運返家，期間在車廂內閒來無聊，居然拿出一把隨身攜帶的折疊刀把玩。警方檢視該刀，發現是一把塑膠折疊刀。警方事後調閱車廂內監視器畫面，發現這名少年當時並無傷人或恐嚇維安情事。不過，他的行為已經違反社會秩序維護法第63條第1項第1款「無正當理由攜帶具有殺傷力之器械」，警方仍將他依法裁處。北投分局呼籲，無故攜帶具有殺傷力之器械或危險物品可能觸犯社會秩序維護法，民眾切勿輕忽，以免觸法。    ,https://news.ltn.com.tw/news/society/breakingnews/5542337
8家保險公司代位求償！桃園男手賤引火燒毀大賣場 22歲背近4億天價賠償,社會,2026/08/17 10:42,郭男2年前與2名友人到家樂福中原店購物，卻在清潔用品區以打火機引燃噴霧殺蟲劑引發大火。（資料照，記者李容萍攝）桃園市22歲郭姓男子2年前與2名友人到家樂福中原店購物，卻在清潔用品區以打火機引燃噴霧殺蟲劑引發大火，不只燒毀賣場也波及到商店街店家，事發後停業將近半年，總理賠金額近4億元，8家保險公司向郭男代位求償，桃園地院近日判決郭男共應給付3.98億元。另，連帶被火勢波及的商店街咖啡店，保險公司也向郭男代位求償，法院日前已判決郭男須給付97萬9326元；刑事部分，郭男被依涉犯失火燒燬現有人所在之建築物罪，判處有期徒刑6月，網友大嘆，一把火的代價，即使年收百萬也難賠。請繼續往下閱讀...郭男於2023年12月3日凌晨與黃姓、周姓友人到家樂福中原店購物，郭男竟在地下1樓清潔用品區拿出打火機引燃噴霧殺蟲劑，隨後若無其事放回架上，3人又繼續往其他區域購物，豈料，殺蟲劑上殘留餘火未熄滅，引燃貨架其他殺蟲劑甚至爆炸，火勢瞬間延燒其他商品，導致店內物品燒燬、煙燻，1樓及地下1樓牆壁及天花板也受到嚴重損害，須委由結構技師進行修復鑑定，並依鑑定結果修復及補強才能重新營業，8家保險公司總計理賠3億9827萬0878元，並聯合向郭男提出代位求償。郭男未於言詞辯論期日到場，也未提出書狀聲明陳述，法官綜合證據調查結果，認為保險公司主張為真實，依侵權行為及保險代位求償的法律關係，請求郭男賠償即屬有據，判決郭男共應給付保險公司3億9827萬878元，可上訴；另，遭受波及的商店街咖啡店，保險公司也已向郭男代位求償獲賠97萬9326元。郭男當時在清潔用品區以打火機引燃噴霧殺蟲劑引發大火。（資料照）郭男「手賤」不只燒毀賣場也波及商店街店家。（資料照）    ,https://news.ltn.com.tw/news/society/breakingnews/5542323
檢舉第三方支付涉詐博！遠東銀經理當內鬼 翻拍陳情函傳洗錢案主嫌遭起訴,社會,2026/08/17 10:33,民眾向金管會檢舉與遠東銀行往來的第三方支付業者「國聲科技」，疑協助詐欺、博弈集團代收代付，身分卻遭銀行內部人員「反向曝光」。（記者劉詠韻攝）民眾向金管會檢舉與遠東銀行往來的第三方支付業者「國聲科技」涉詐欺、博弈集團代收代付，身分卻反遭銀行內部人員曝光。台北地檢署查出，遠東銀行經理黃秋宜承辦金管會函查時，涉嫌翻拍陳情函，將檢舉人個資及銀行回覆內容傳給國聲負責人、洗錢案主嫌謝睿宸，偵結後依違反個人資料保護法等罪起訴。起訴指出，現年57歲的黃秋宜於2022年至2023年間，在遠東銀行企金部擔任資深副理，2024年起轉任該銀行板橋文化分行經理，工作內容包括審核第三方支付客戶帳戶及交易風險，並負有洗錢防制、金融監理及客戶資料保密等義務。請繼續往下閱讀...金管會2023年接獲林姓民眾陳情，指稱多間第三方支付公司疑協助詐欺、博弈集團代收代付，其中包括與遠東銀行有業務往來的國聲科技；金管會同年函請遠東銀行查復，由黃女負責調查及審核回覆公文。國聲科技為合法登記的第三方支付業者，刑事局查出該公司涉嫌提供虛擬帳號代收代付詐欺贓款及賭資，協助跨國詐騙集團、博弈網站洗錢，並收取0.3％至0.5％手續費，不到兩年經手金額至少80億元，不法獲利上看3000萬元；警方陸續查獲謝睿宸等19人，謝男及合作科技公司的鄧姓負責人去年均遭法院裁定羈押禁見。但早在案件曝光前，檢方查出黃女因承辦金管會函查，取得林男陳情資料，明知陳情人身分、陳情內容及金管會函文均非公開資訊，且姓名、聯絡電話涉及個人隱私，仍涉嫌於2023年8月2日近中午時分，翻拍載有林男姓名、電話的陳情函，以LINE傳給遭檢舉的國聲科技負責人謝睿宸。黃女隨後又將遠東銀行回覆金管會的函文內容擷取後，以LINE傳送給謝男。警方去年11月前往黃任職的遠東銀行板橋文化分行搜索，查扣客戶資料查詢單、陳情公文系統資料、銀行回函，以及黃持有的手機、筆記本及日曆等物。檢方偵查認為，黃涉犯非公務員洩漏國防以外秘密罪，以及非法利用個資罪，因屬一行為觸犯數罪的想像競合，依法從一重的個資法罪嫌處斷；另檢方也曾調查黃是否涉及「銀行法」銀行職員背信罪，但該罪須造成銀行財產或其他利益受損，目前尚無證據證明遠東銀行因此受到實際損害，難認成立，因此不另為不起訴處分。    ,https://news.ltn.com.tw/news/society/breakingnews/5542315
虎頭蜂狂螫釀2死1傷！ 死者傷口集中頭部 專家：直接影響神經系統,社會,2026/08/17 10:28,黃腰虎頭蜂巢。（陳文華提供）墾丁國家公園未開放區域日前爆發有山友遭虎頭蜂群攻擊，造成2死1重傷慘劇，昨天檢警法醫進行相驗，確認兩名死者因虎頭蜂螫咬導致過敏性休克而死亡，由於被叮的傷口都集中在頭部，學者也指出，若頭部被螫咬將直接影響人體的神經系統，會造成嚴重的致命威脅。死者顏、張兩人皆為資深山友，亦曾參與山難救助，雖經驗豐富卻仍難敵蜂群以致死於山中，且傷口集中在頭、手，顯見當時是為保護頭部，但仍遭大量蜂群緊追不捨螫咬而死亡。國立屏東科技大學植物醫學教學醫院院長陳文華說，虎頭蜂屬社會性動物，為保護蜂巢，會派遣「警戒蜂」或「巡邏蜂」在外巡邏，其中較為常見的黃腰虎頭蜂不僅低海拔山區會出沒，在民居聚落的郊外也時會出現，但警戒範圍較小，約在5公尺左右。請繼續往下閱讀...他指出，另一種較常見的「黑腹虎頭蜂」攻擊性最強，警戒範圍長達30公尺以上，巡邏蜂見到入侵者若未離去有入侵之嫌，就會散發費洛蒙呼朋引伴並開始攻擊，聞到費洛蒙訊號的其它蜂，此時也會蜂擁而出，朝入侵者攻擊，若多隻蜂同時進行攻擊，將增加毒液量以致救治更加困難。陳文華表示，由於虎頭蜂的振翅聲較大，不論是目視或聽聞，就應儘速遠離現場，避免費洛蒙吸引更多蜂群集體攻擊，由於黑色、深色會成為虎頭蜂攻擊目標，登山或到郊外應著淺色衣物，因虎頭蜂毒液會影響神經系統，因此若是頭部被螫咬，可能引發更為嚴重的全身性反應，應立即尋求醫療協助，切勿自行塗抹未經證實的藥物。黑腹虎頭蜂巢。（陳文華提供）    ,https://news.ltn.com.tw/news/society/breakingnews/5542297
老翁到農會領500萬要買台積電股票 驚動警方到場,社會,2026/08/17 10:27,老翁提領500萬元想買台積電股票，警方到場關懷，排除詐騙。（屏縣里港警分局提供）屏東縣一名77歲老翁，到農會欲臨櫃提領500萬元表示要投資股票，行員因擔心老翁遭詐騙而通報，里港警分局員警立即到場關懷，經深入了解，原來是老翁見孫子女都有投資股票，於是想領500萬元交由外孫協助投資台積電股票，不是詐騙，虛驚一場。屏東縣政府警察局里港分局表示，大平派出所近日接獲里港農會通報，一名77歲老翁欲臨櫃提領新台幣500萬元，表示將作為投資股票之用。由於金額龐大，且為老翁首次提領如此高額現金，行員察覺有異，擔心民眾遭遇投資詐騙，立即依關懷提問機制通報警方到場協助。請繼續往下閱讀...大平派出所警員陳冠銘、張文健獲報後立即趕赴現場了解。原來，老翁是因身邊恰巧有一筆閒錢，見孫子女都有投資股票，於是提領500萬元準備交由外孫協助投資台積電股票，而其女兒、兒子也都在場證實。警方進一步查證相關身分、投資流程及帳戶資料，確認均屬正常，並無遭詐騙或假投資情形。雖確認本案並非詐騙，員警仍把握機會向老翁及家屬宣導常見假投資詐騙手法，提醒提高警覺，民眾也對警方及農會行員的熱心關懷表達感謝。里港警分局長邱逸樵表示，近年假投資詐騙案件層出不窮，詐騙集團常以股票、虛擬貨幣或投資名義誘騙民眾投入大筆資金。警方提醒，民眾切勿輕信來路不明的投資訊息，遇有可疑投資邀約或要求提領、匯款時，應提高警覺，可先向165反詐騙專線或鄰近警察機關查證，多一分求證、少一分損失。    ,https://news.ltn.com.tw/news/society/breakingnews/5542309
沒拿到史努比吊飾被騙300萬 再匯200萬幸警阻詐,社會,2026/08/17 10:20,林婦因史努比吊飾被騙走300萬元，上銀行再匯200萬元，警方與行員聯手阻詐。（民眾提供）詐騙集團以「免費領取史努比吊飾」為幌子，誘騙林姓婦人轉帳匯款40元運費獲取個資後，再以各種詐騙理由要求林婦匯款，林婦被騙連吊飾都沒拿到，已多次匯款累計300萬元，詐騙集團食髓知味欲，要求林婦臨櫃匯款200萬元，鳳山警方與行員聯手阻詐，林婦才驚覺受騙上當，保住200萬元積蓄。警方今表示，林姓婦人（68歲）為家庭主婦，她於網路看到「免費領取史努比吊飾」廣告，一時心動點擊廣告與對方聯繫，詐騙集團先以「吊飾免費，只需支付40元運費」為誘餌，再傳送假冒「黑貓宅急便」賣貨便釣魚連結網頁，要求林婦填寫訂單及收貨資料，獲取林婦個人資料後，又以「買家未完成實名認證」、「交易訂單遭鎖定」、「未處理恐遭平台罰款」等話術，要求林婦加入假客服帳號，依照指示操作匯款，林婦竟信以為真，陸續匯出多筆小額款項到不同帳號，累計達300萬元。請繼續往下閱讀...詐騙集團食髓知味，要求林婦至銀行臨櫃匯款200萬元，林婦8月12日到彰化銀行鳳山分行匯款200萬元，依照詐騙集團話術稱款項用途為「室內裝修工程款」，仍被行員察覺林婦說詞及匯款情形有異，疑似遭遇詐騙報警協助；鳳山警方到場向林婦查證，竟是對方教導林女規避銀行提問說詞，研判林婦已落入詐騙圈套，警方告訴林婦遇到詐騙集團，林婦仍深信對方說法，不認為自己遭到詐騙，警方為戳破騙局，直接接聽對方來電，當著林婦面前與對方交鋒，對方持續以話術取信林婦，警方當場表明「我是警察啦！」，對方驚覺詐團曝光，立即掛斷電話。警方再檢視林婦手機內對話及相關資料，確認對方提供網頁並非正常官方交易流程，且林婦匯入帳戶也涉及詐騙警示資訊，她才驚覺受騙上當，所幸行員機警通報、警方及時到場勸阻，成功保住200萬元積蓄，行員也盤點她之前匯出多筆小額匯款，累積金額高達300萬元，請求警示之前匯款帳戶，希望能追回已匯300萬元。林婦因史努比吊飾免費被騙走三百萬元，上銀行再匯二百萬元，所幸警方與行員阻詐。（民眾提供）    ,https://news.ltn.com.tw/news/society/breakingnews/5542283
獨家》私傳訊息給人妻 莽夫持刀殺了好友,社會,2026/08/17 10:18,身受重傷的戴姓男子最後倒在大馬路邊。（民眾提供）29歲李姓男子疑似不滿36歲戴姓好友一直傳訊息給準備復合的前妻，內容多在講他的是非，16日氣得持西瓜刀上門理論，手刃對方；嫌犯事後坐車逃往海線，玉井警分局3小時內逮獲，依殺人罪移送，檢方聲押。兇殺案發生在南化區，昨天近午，李男搭乘前妻開的轎車要回老家，經過死者住處，他又想到私傳訊息的事情，2人為此起爭執，大吵一架，妻子想趕緊開走，已在氣頭上的李嫌，手持西瓜刀逕自下車，衝往戴男的住處，將睡覺中的他叫醒，一言不合後，直接砍殺，李男行兇後，回到車上迅速離開現場。請繼續往下閱讀...戴姓男子左腋下處被刺入，血流如注。監視器畫面顯示，戴男負傷逃出住處，沿途踉蹌，跌跤又爬起，跑了約200米，最後不支倒在南化國小對面路旁，雖然報案處理，消防隊趕來急救，仍宣告不治。玉井分局獲報，隨即展開偵辦，並進行攔截圍捕，3小時內將李姓嫌犯逮住，他坦承持刀行兇，原本只是想嚇唬、教訓對方，並非故意殺人，但警方認為說詞避重就輕，正深入釐清案情，並依法移送。據了解，嫌犯及其前妻與死者都熟識，李男對於戴男持續傳訊息，且內容多在數落他的舉動，相當不滿，即使是玩笑話，也開得過火，曾向對方告知，也因此心生芥蒂。李男認為戴姓友人私傳訊息，有的內容並非事實，等於在破壞他們2人的感情，昨天一時氣不過，憤而行兇。戴姓死者負傷逃離住家，來到台20乙線路上倒臥。（記者吳俊鋒攝）戴姓死者負傷逃離住家，沿途路面上留下血漬。（記者吳俊鋒攝）身受重傷的戴姓男子最後倒在大馬路邊，現場仍遺留明顯的血跡。（記者吳俊鋒攝）玉井警分局轄內發生兇殺案，1人死亡，3小時內火速逮獲嫌犯，移送法辦，檢方聲押。（記者吳俊鋒攝）    ,https://news.ltn.com.tw/news/society/breakingnews/5542296
川湖起家厝爆朝聖人潮 湖內警加強巡邏,社會,2026/08/17 10:10,川湖科技起家厝連日來湧現朝聖人潮，警方加強周邊巡邏。（記者蘇福男攝）伺服器滑軌大廠川湖科技股票上週衝上萬元，創辦人兼董事長林聰吉身家暴漲，晉身為台灣新首富，其位於高雄市湖內區的起家厝瞬間爆紅，連日來人潮聚集在門口探頭探腦、甚至拍照打卡，湖內警分局主動設置巡邏站加強巡邏。川湖工廠1977年創辦初期設在林聰吉的大湖住家，後來隨著生意蒸蒸日上，1986年才搬遷至路竹後鄉工業區設廠，之後2007年子公司川益科技進駐南科高雄園區，川湖7層樓高的起家厝，數十年來仍是大湖街的醒目地標。請繼續往下閱讀...上週川湖科技股票衝上萬元，林董身家暴漲至新台幣5380億元，晉身為台灣新首富，原本靜謐的大湖民權路，連日來突然湧現大批向首富朝聖人潮，有好奇民眾開車、甚至騎YouBike專程前來探望起家厝，對著磁磚斑駁的起家厝外觀拍照打卡，附近居民對於人車進出及居住安寧向警方表達關切，林家也自行裝設保全確保安全。湖內分局表示，接獲民眾反映後，已加強該處周邊巡邏勤務，並視現場狀況適時予以勸導，以維護社區秩序及居民生活安寧，警方呼籲民眾應尊重住戶居住安寧及個人隱私，避免影響居民生活。警方加強巡邏川湖科技起家厝，林家也自行裝設保全確保安全。（記者蘇福男攝）    ,https://news.ltn.com.tw/news/society/breakingnews/5542288
苗栗頭份死亡車禍 騎士猛撞熄火曳引車頭部受創送醫不治,社會,2026/08/17 09:31,苗栗頭份死亡車禍，騎士猛撞熄火曳引車 臉變形耳鼻出血奪命。（民眾提供）一名22歲盧姓男子，昨日中午12點多騎乘機車行經苗栗縣頭份市正興路與水源路182巷口時，因不明原因猛烈撞擊停放於路旁的營業貨櫃曳引車車尾，盧男當場頭部重創、臉部嚴重變形且大量出血，現場受困於車斗後方，經消防人員救出送醫搶救後仍宣告不治。警方調查，事發當時，50歲詹姓男子將營業貨櫃曳引車熄火停放於頭份市水源路182巷附近路邊；盧男則騎機車由尖山地區往頭份市區方向行駛，行經事故地點時偏離外側車道突然撞上停放於路肩的曳引車車尾。請繼續往下閱讀...消防救援人員獲報趕抵現場，發現盧男卡在聯結車後斗，經派員協助脫困後，評估盧男已無呼吸心跳（OHCA），且臉部嚴重變形並有耳漏、鼻漏等重創狀況，緊急送往醫院救治，可惜最終仍因傷勢過重宣告不治。據了解，詹男為專職營業貨櫃曳引車駕駛，因車輛近期準備維修，見該處有空位便暫時停放；詹男與盧男均持有合格駕照，現場未發現酒駕或毒駕徵候。詳細肇事原因及相關責任歸屬，正由頭份警分局進一步調查釐清。苗栗頭份死亡車禍，騎士猛撞熄火曳引車 臉變形耳鼻出血奪命。（民眾提供）    ,https://news.ltn.com.tw/news/society/breakingnews/5542239
越南妻來台僅住6天落跑！苗栗男苦等無果訴離判准,社會,2026/08/17 09:21,娶越南妻來台僅住6天秒落跑！苗栗男苦等無果。（資料照）苗栗縣一名男子與越南籍阮氏女子結婚，未料阮女於前年底首度來台後，僅住了短短6天就突然離家失聯，之後杳無音訊，丈夫懷疑妻子藉由假結婚詐取不法利益，心灰意冷之下向法院聲請離婚。苗栗地院法官審理後，認定兩人婚姻已生破綻且無回復希望，判准兩人離婚。判決書指出，兩人於前年7月15日結婚，阮女隨後於同年11月30日入境台灣。沒想到阮女才剛踏入家門不滿一週，竟於同年12月6日無預警離家走避、不知去向。丈夫趕緊辦理協尋，但歷經多時依然渺無音訊，質疑阮女係利用婚姻關係遂行不法利益。面對這場名存實亡的異國婚姻，丈夫認為彼此互信基礎全毀，依民法第1052條第2項規定訴請離婚。請繼續往下閱讀...苗栗地院審理期間，阮女經合法通知未到庭，亦未提出任何書狀陳述。法官審酌，兩人在台灣同住時間極為短暫，感情基礎並未穩固，且分居多時、音訊中斷，婚姻實質上已無夫妻共同生活可言，情愛基礎徹底喪失。法官認為，客觀上任何人處於相同境況均難以繼續維持婚姻，顯見婚姻已有重大破綻且無回復可能，加上離婚事由不可歸責於丈夫，因此認定丈夫請求離婚有理由，依法判准離婚。全案仍可上訴。    ,https://news.ltn.com.tw/news/society/breakingnews/5542230
妻遭通緝又未顧家 男受刑人提離婚因逾期遭駁回,社會,2026/08/17 09:04,妻遭通緝又未顧家，屏東男提離婚因逾期遭駁回。（記者葉永騫攝）屏東縣于姓男子因為毒品案件被判刑20年入獄服刑，服刑期間王姓女友時常探望，于男深受感動與王女結婚，囑咐照顧其母親及子女，沒想到王女卻染上毒癮被判刑7年8個月徒刑，還因為通緝棄家落跑，沒有照顧家庭，于男憤而提出離婚訴訟，屏東地方法院判准，但高雄高分院認為，王女判刑已超過5年，改判不准。屏東于姓男子因為毒品案件判刑20年確定，103年入監執行，刑期至123年期滿，因為王姓女友時時探望，于男深受感動，在105年服刑期間與王女結婚，希望王女照顧他的母親與未成年子女，王女卻也因為毒品案件判刑7年8月並勒戒戒治，111年入監服刑，刑期至120年期滿，兩人都在監獄服刑，無法履行夫妻同居義務，不能共同生活或互相扶持照顧。請繼續往下閱讀...于男認為，王女從104年就被通緝未住在家中，日常生活所需、吸食毒品等費用均向他的母親索討，未照顧母親及子女，因此讓他相當失望，與王女已無感情，加上兩人刑期都很長，將來出獄也無法共同生活，難以繼續維持婚姻，聲請離婚。屏東地方法院審理認為，雙方之婚姻非但已生重大破綻且無回復之希望，判准離婚。但女方上訴高雄高分院，指民法規定，男方自知悉後已逾1年，或情事發生後已逾5年者，不得請求離婚，男方明顯已超過期限，所以法官駁回男方離婚聲請。    ,https://news.ltn.com.tw/news/society/breakingnews/5542218
吸一口毒煙副駕冒僵屍 高雄警拍鬼月反毒駕影片爆紅,社會,2026/08/17 07:44,高雄警拍鬼月反毒駕影片爆紅，吸一口毒煙副駕冒僵屍，創34.2萬流量。（取自高市警局粉專）高雄市警察局宣導毒駕危害性，並結合中元節「鬼門」開，製作1支「見鬼」宣傳影片，只要抽一口毒煙，副駕座位立刻出現僵屍，應景且主題鮮明，高達34.2萬流量，吸引7.8千名網友按讚、留言。影片中駕駛吸了一口毒煙，隨著升煙裊裊慢慢散去，副駕座位浮現僵屍，自然讓閱聽人知道駕駛毒駕，也連結吸一口「喪屍菸彈」馬上去見「好兄弟」了，傳達電影是「暫時停止呼吸」，可毒駕是「永久停止呼吸」，許多網友留言大讚「超有創意」、「很有感」。請繼續往下閱讀...根據高雄市政府最新統計資料，高雄今年1至7月毒駕事故發生87件，造成4人死亡、76人受傷，比去年同期增加44件、死亡增加2人、受傷增加33人。相較於去年一整年毒駕事故發生88件、3人死亡、76人受傷，凸顯毒駕事故持續攀升，近7月已經逼近去年一整年毒駕事故，且毒駕致死4人已超越去年一整年3人，成為警訊；據了解，警方疑減少取締毒駕訊息發布，避免外界以為毒駕很多，卻忽略取締、破案也是最有效的犯罪宣導。只要抽一口毒煙，副駕座位立刻出現僵屍。（取自高市警局粉專）高雄警拍鬼月反毒駕影片，喪屍現身嚇阻毒駕。（取自高市警局粉專）    ,https://news.ltn.com.tw/news/society/breakingnews/5542173
不甩保護令 要不到錢咬傷母 母撤告 逆子仍被判9月,社會,2026/08/17 05:30,逆子咬母示意圖 （ 美編組製圖）基隆一名楊姓男子因為對母親施暴，法院今年三月十三日核發保護令，要求楊男必須搬離住所，且不得騷擾母親。楊男收到後，非但不搬家，還對母親動粗，同年六月五日，更因討不到錢，狠咬母親手背，警方依違反保護令，涉犯傷害等罪移送法辦。基隆地院審理認為，楊母雖撤回傷害告訴，但楊男共違反三次保護令，合計判處九月徒刑。檢警調查，楊男因涉犯家暴案件，法院為保護其母親，於今年三月十三日核發通常保護令，要求楊男於當月底搬離住所，並裁定其不得對母親實施身體、精神上之騷擾等不法侵害行為。請繼續往下閱讀...未料，楊男收到保護令一星期後，因懷疑母親拿走他的身分證，開始對母親咆哮，並大罵髒話、大力拍桌；同年四月五日，楊男非但未依規定搬出住所，還持續對母親大呼小叫。今年六月五日，楊男因向母親要錢不成，竟扣住母親雙手，雙方發生扭打，楊男更用牙齒狠咬母親手背，造成其左、右手均有挫傷、瘀傷情形。楊母報警後，警方認定楊男涉嫌違反保護令及犯傷害罪，依法送辦。法官審理時認為，楊男三次違反保護令，分別判處有期徒刑二、四、六月，應併執行九月徒刑，得易科罰金二十七萬元；另涉犯傷害罪部分，因楊母於審理期間已撤回告訴，故該部分不受理。☆民眾如遇同居關係暴力情形，可撥打113保護專線，或向各地方政府家庭暴力防治中心求助。☆    ,https://news.ltn.com.tw/news/society/paper/1766934
明星級中刑大代理隊長 酒駕拔官重懲,社會,2026/08/17 05:30,台中市刑大王姓副隊長，酒駕拒測，台中市警局得知火速拔官，並將從重懲處。（記者陳建志攝）台中市警察局刑警大隊一名年僅卅三歲王姓副隊長，前天晚上休假北上新竹訪友餐敘，席間喝酒後卻酒駕，昨天凌晨遭新竹縣警察局新埔分局員警查獲，因拒絕酒測遭舉發並代保管車輛，台中市刑大得知火速祭出懲處，除調整為非主管職務，後續也將從重懲處，至少會記一大過以上處分。這名王姓副隊長因隊長休假目前暫代隊長職務，不料前天晚上休假北上新竹訪友，並和朋友餐敘喝酒後，王員竟知法犯法酒後開車，昨天凌晨二點五十五分，遭新竹縣警察局新埔分局員警攔查，並要求酒測，王員因拒測遭舉發並代保管車輛。請繼續往下閱讀...據了解，警大八十期畢業的王員，因為工作積極認真，年紀輕輕就接任副隊長，原本是警界明日之星、前途看好，沒想到觸犯警界天條，不但被拔官，今年考績將淪為丙等，未來警界生涯也將因酒駕大受影響。台中市刑大表示，已先行調整王員為非主管職務及服務單位，後續調查將依警察人員駕車安全考核實施要點從重嚴懲，絕不護短，以展現維護警察風紀的決心。☆飲酒過量 有害健康 禁止酒駕☆    ,https://news.ltn.com.tw/news/society/paper/1766932
IG假好友騙手機驗證碼 近2百名學生 淪「遊戲提款機」,社會,2026/08/17 05:30,刑事局呼籲，驗證碼等同於「付款授權」，絕對不可以提供給他人。（記者姚岳宏翻攝）僅因在IG上借出一組驗證碼，帳單竟莫名暴增四〇七八元！南部一名國中生誤信IG「假好友」求援，交出手機驗證碼，隨即慘遭盜刷，刑事警察局清查，近三個月爆發一八八件類似的電信小額付款詐騙，被害人清一色是學生，詐團誆稱手機被鎖，騙取驗證碼後全拿去買PlayStation高價遊戲會員。小額付款詐騙 金額都是四〇七八元刑事局分析，被害人以國中生占卅五％最多，高中生卅％居次，大學生及小學生分別占廿五％與十％，詐團刻意創立與被害人真實好友僅差一個字元的假帳號，誆稱遇到緊急狀況，急需借用手機號碼接收簡訊，學生們未察覺異狀，依指示提供門號及驗證碼，隨即收到四〇七八元的小額付款通知。請繼續往下閱讀...詐團拿去買PS遊戲會員 再跨國銷贓警方比對交易明細，找出扣款總是「四〇七八元」的原因，這些錢全數流向Sony旗下的遊戲平台PlayStation，金額正好是PS Plus高級會員十二個月方案的價格，這組虛擬數字序號一旦開通，就能供全球用戶使用，跨國銷贓極為容易，導致被害人幾乎求償無門。刑事局呼籲，驗證碼等同於「付款授權」，絕對不可以提供給他人；家長務必定期檢視孩子手機的消費額度，必要時可直接向電信業者申請關閉小額付款功能；若收到不明扣款通知，應立即報警並聯繫電信公司，警方也要求電信業者盡速研擬防制對策，共同降低被害風險；若遇可疑狀況，請隨時撥打一六五反詐騙專線求證。    ,https://news.ltn.com.tw/news/society/paper/1766905
師父警酒駕改當房仲 害模範警洩個資收押,社會,2026/08/17 05:30,北市刑大科偵隊長陳冠良涉嫌洩密給昔日警界師父。（資料照）八年前獲頒模範公務員的台北市警局刑警大隊科偵隊長陳冠良，涉嫌查閱與案件無關資料，提供給昔日警界的師父、現任房仲吳政祐，兩人前晚被拘提到案，台北地檢署昨依貪污等罪嫌向法院聲請羈押禁見兩人獲准，據了解，全案疑為吳要處理產權複雜都更案，想找到相關房產所有人，因此找陳幫忙；陳從今年三月起共協查上百筆個資給吳，並涉嫌收取逾一百萬元不法酬勞。警界指出，陳冠良是警大七十六期畢業，在刑事局任職時辦案認真、頭腦靈活，深受肯定。陳也在當時認識擔任偵九大隊第三隊副隊長的吳政祐，吳多次帶陳辦案，兩人情同師徒。請繼續往下閱讀...警界同仁說，吳辦案厲害，但一喝酒就狀況連連。他廿五年前去台中辦案，醉倒沒上鎖的車內，遭歹徒洗劫還偷走警槍，他擔任刑事局副隊長時也曾在台北市酒駕被逮。據了解，吳疑自知在警界已無前途，五年前退休轉行當房仲。今年三月，他疑為了要處理都更案，想取得房產所有人資料，找上陳幫忙。陳熟知警方會進行「資安稽核」避免亂查資料，轉而利用過去因辦案認識、信任他的檢察官；他把要查詢的特定對象，夾藏在發給檢察官、調閱刑案資料的公文中，透過檢察官代查取得個資，再洩漏給吳。據悉，有檢察官近來發現有多筆個資與案件無關，發現陳「搞鬼」，陳見紙包不住火，主動向上級報告。陳聲稱只與吳「對接」，違法調閱個資只給吳，並有收取不法酬勞。督察人員懷疑，陳半年多來查詢上百筆資料，也疑獲得一百多萬元酬勞，研判吳以「一筆一萬元」的方式提供不法利益。至於吳取得資料後如何使用牟利、有無轉賣或外洩，幕後是否有不法炒房集團或其他共犯，警方將進一步深入追查。☆飲酒過量 有害健康 禁止酒駕☆    ,https://news.ltn.com.tw/news/society/paper/1766933
賣安毒送喪屍煙彈成鐵證 女藥頭10罪 判17年9月,社會,2026/08/17 05:30,王女賣安非他命，竟免費送1顆「喪屍煙彈」，成為販毒證據。圖為示意圖。 （資料照）近來俗稱「喪屍煙彈」的依托咪酯氾濫，衍生毒駕致人死傷等嚴重社會治安問題，彰化縣王姓女子去年涉嫌販毒，且交易手法五花八門，毒癮者幫忙修沙發、當司機，只為討好王女，以購得毒品，王女甚至以買安非他命送「喪屍煙彈」促銷，賺得七三〇〇元，彰化地方法院依販賣第一、二級毒品等十罪，判處王女七十一年九月徒刑，應執行十七年九月。判決書指出，王女去年一月至九月，頻繁以彰化住處為據點交易毒品，交易過程五花八門，一名毒友想討好王女或換得毒品，特地動手幫王女修補家中破掉的沙發，幫忙申辦手機續約，宛如王女的「工具人」。請繼續往下閱讀...沒錢還債 王女掏毒抵債 另外，王女在外欠下債務，債主上門討債時，王女沒錢還債，竟突發奇想掏出一包安非他命塞給債主，當作「折抵欠款」與拖延還債的道歉禮物；甚至有購毒者為了買海洛因，深夜兼任司機，騎機車載王女見上游毒販。判決書顯示，去年一月王女以六千元價格賣二包安非他命給一名男子，對方先付一千元，其餘賒欠，王女免費送一顆「喪屍煙彈」；這名男子以六五〇〇元轉賣賺價差，不料，買家竟是員警，警方向上溯源時，王女遲遲等不到尾款，還傳訊「用好了嗎？有比較久喔」催錢，意外成為販毒證據。法官指出，王女共販售第一級毒品海洛因一次，金額四千元，販售第二級毒品甲基安非他命四次，共賺得七三〇〇元，並多次無償轉讓安非他命、「喪屍煙彈」給他人。法官強調，王女之前才因他案獲交保，竟不知悔改隨即再犯，販賣第一、二級毒品部分，每罪量刑十年六月至十年九月，轉讓偽藥每罪量刑六至十一月，宣告刑長達七十一年九月，應執行十七年九月。☆少一份毒品就多一份健康，自由時報提醒您遠離毒品☆    ,https://news.ltn.com.tw/news/society/paper/1766931
有安全帽沒給她戴 灌6瓶啤酒騎車接送／ 酒駕害死女兒 國民法官重判10年8月,社會,2026/08/17 05:30,騎機車載兒童 注意事項曾多次酒駕遭判刑、甚至被吊銷駕照的男子陳證閎，騎機車接女兒放學前，竟狂飲六瓶啤酒，接了女兒後撞上汽車，女兒因未戴安全帽傷重不治，陳男酒測值高達〇．九八毫克，高雄地方法院國民法官依酒駕致死罪，重判陳男十年八月，為國民法官制度上路以來，針對酒駕致死單一罪行量刑最重一例。6歲女童站前踏板 拋飛不治 判決指出，二〇二四年十一月二十日下午，陳男要去學校接女兒放學，卻在家灌下六瓶五百毫升啤酒，載女兒時，機車明明有準備安全帽，陳男卻未給女兒戴上，而且讓她站在前踏板上，結果機車行經高雄市苓雅區成功一路、海邊路口時，與對向準備左轉的轎車以六十公里時速相撞，六歲女童當場被拋飛重摔，急救後不治。請繼續往下閱讀...警方酒測陳男吐氣酒精濃度高達每公升〇．九八毫克，幾乎達爛醉程度，陳男雖留在現場，但檢察官認為他因受傷才留在現場，並不是真心懊悔，依酒駕致死罪嫌提起公訴，並交由國民法庭審理。高雄地院國民法庭開庭時，陳男在庭上聲淚俱下，自承「害死女兒，我也很捨不得，真的很愛女兒，無法原諒自己，希望能再給我機會。」但陳妻當庭開撕陳男面具，稱當初與陳男簽下調解書，只是因為「反正他也賠不出錢」，實質上根本沒有原諒，「我心裡是恨他的！」國民法官認為，陳男身為人父，非但未盡保護責任，明知要接孩子卻執意大量飲酒，更是將親生骨肉推向極度險境，主觀惡性極重，認為他僅符合自首減刑規定，不適用「情堪憫恕」二次減刑。酒駕重判 創國民法庭最重紀錄國民法庭考量陳男有多次酒駕前科且有入監紀錄，另有擔任詐騙集團車手、販毒等前科紀錄，素行顯然不佳，身為人父，毫不在意親生骨肉安全，主觀惡性極重，依酒駕致死罪重判十年八月，國民法庭二〇二三年實施以來，酒駕致死部分國民法官共做出三十三件判決，其中陳男判刑十年八月，為國民法庭針對酒駕致死單一罪行量刑最重一例。☆飲酒過量 有害健康 禁止酒駕☆    ,https://news.ltn.com.tw/news/society/paper/1766929
利用網路賣場幫詐團、博弈網洗錢／洗錢17億 齊昇集團假代購19人起訴,社會,2026/08/17 05:30,"南投警方破獲詐團水房，起出現金六百餘萬元。（警方提供）南投縣警方在台中市破獲大型洗錢集團，該集團涉嫌透過蝦皮網路賣場與第三方支付平台掩飾從事地下匯兌，替詐騙集團與線上博弈集團洗錢，兩年多經手洗錢贓款逾十七億元，逮捕主謀林庭升、金主及收水手等嫌犯共廿八人，其中林嫌等十九人已遭南投地檢署依違反洗錢防制法、銀行法、加重詐欺罪及賭博等罪嫌起訴。主謀林庭升、金主等28人落網南投縣警察局刑警大隊科技偵查隊，去年查獲一起詐欺案後深入追查，發現以三十六歲男子林庭升為首的不法集團，組成齊昇集團，下設齊昇娛樂城、齊昇BANK、好玩娛樂城等網路社群組織，招募徐姓男子等人經營管理，涉嫌替詐騙集團與線上博弈集團架設網頁，並協助洗錢，製造不法集團金流斷點，規避警方查緝。請繼續往下閱讀...警方從去年起至今年四月陸續發動數波搜索行動，破獲該集團位於台中市環中路的大本營，查扣不法所得六百餘萬元及帳冊，並於台中及高雄等地，陸續逮捕林姓主嫌、金主、車手及收水手等共犯計廿八人，查出該集團自二〇二三年迄查獲為止，經手洗錢贓款約新台幣十七．一億元。警方查出，該集團除透過買賣虛擬貨幣洗錢，也在蝦皮開設網路賣場，並以第三方支付平台神速支付綁定人頭銀行帳戶，表面上以提供代購、支付寶儲值等服務掩飾，實際上是藉此從事地下匯兌，即由熟知門道的中國台商或博弈集團等客戶在蝦皮賣場或支付寶群組下單，匯款新台幣至神速支付人頭戶，該集團扣除約五％費用後，再將等值人民幣或支付寶點數匯入下單客戶帳戶中，藉此達到洗錢目的。☆自由時報電子報提醒您，防詐騙專線︰165，報案專線︰110☆南投警方在台中市破獲詐團水房，逮捕二十八名嫌犯，查出涉嫌洗錢金額高達十七億元。（警方提供）南投警方在台中市破獲詐團水房，逮捕二十八名嫌犯，查出涉嫌洗錢金額高達十七億元。（警方提供）    ",https://news.ltn.com.tw/news/society/paper/1766930
叭錯人！酒駕男等紅燈手癢叭警察 自投羅網,社會,2026/08/17 00:34,張男酒駕，等紅燈時竟手癢叭警察，引起警方盤查。示意圖。（資料照）真是自投羅網！彰化縣張姓男子飲酒後駕車上路，停等紅燈時，竟無故朝一旁警方按鳴喇叭，引起員警注意並將他攔下，結果發現張男渾身酒味，經酒測每公升高達1.18毫克，超過法定標準逾4倍。彰化地院依不能安全駕駛動力交通工具罪，判處有期徒刑3月，可易科罰金9萬元。判決書指出，今年7月22日下午，張男於在工廠內飲酒，事後卻帶著酒意駕駛自用小客貨車上路，下午5時許，他行經員林地區一處路口停等紅燈時，不知何故，突然朝前方一起等紅燈的警方按喇叭，員警察覺有異，隨即將車輛攔停盤查。請繼續往下閱讀...員警靠近張男後，聞到他身上散發濃厚酒味，立刻進行酒測，測得吐氣酒精濃度每公升1.18毫克，嚴重超出法定標準每公升0.25毫克4倍多。全案移送彰化地檢署偵辦。法官審理認為，張男明知酒精成分對意識能力及反應能力均有不良影響，仍於酒後駕駛動力交通工具上路，危害公眾往來安全，考量其坦承犯行，依不能安全駕駛動力交通工具罪，判處有期徒刑3個月，如易科罰金，以每日1000元折算。全案仍可上訴。    ,https://news.ltn.com.tw/news/society/breakingnews/5542115
彰化地院辦公室 驚見男員工倒臥身亡,社會,2026/08/16 23:53,彰化地院驚傳員工倒臥辦公室內身亡，院方已啟動關懷機制。（記者陳冠備攝）彰化地方法院今（16日）下午驚傳憾事，一名中年男性員工被發現倒臥辦公室內，當時已無生命跡象，經緊急處置仍宣告不治。彰化地院晚間發布聲明證實，院方已啟動關懷機制，全力協助家屬並配合司法調查；確切死因仍待明日檢察官會同法醫相驗釐清。據了解，死者為彰化地院技術類員工，今日下午不明原因倒臥辦公室，同仁發現時已無生命跡象。院方事發後立即通知並協助家屬到場，同時配合檢警進行必要調查。請繼續往下閱讀...彰化地院表示，基於尊重死者家屬隱私及司法偵辦程序，目前不便進一步說明案情。院方除將持續提供家屬所需協助，也會為受到事件衝擊的同仁安排心理諮商與支持，協助度過難關。    ,https://news.ltn.com.tw/news/society/breakingnews/5542101
虎頭蜂群攻擊2死相驗出爐 「雙手護頭」滿是蜂螫、過敏性休克亡,社會,2026/08/16 23:19,今天屏東義警消巡搜救人員與空勤，將2名死者遺體運送出山區。（屏東縣消防局提供）某登山協會3名幹部13日深入墾丁國家公園的山區管制區進行探勘，途中遭虎頭蜂群襲擊，55歲張女昨天被救出，因血液指標不理想轉送台中榮總急救，顏姓、張姓男子則難逃蜂毒橫死山區。今天大體經過檢警、法醫相驗，初步確認為過敏性休克死亡，2人遺體滿是蜂螫痕跡，其中又集中在頭、手，據傳張女至少被螫了30次以上，初估2人應比張女被螫處還要更多。屏東縣消防局的義警消巡搜救人員昨天根據張女提供的定位資訊，先找到69歲的領隊張男遺體，接著在下午尋獲64歲副領隊顏男，但因山區天候驟變，大雨無法由空勤總隊執行吊掛，直到今天抓緊放晴空檔，空勤直升機將遺體吊掛下山進入滿州國中，並交由警方及家屬處理。請繼續往下閱讀...下午檢警法醫進行相驗，初步判定顏、張2男因為被虎頭蜂螫過多，以致劇烈過敏反應引起休克而死亡，且傷口多集中在頭、手，顯見2人在逃跑過程中雖以手護住頭部，仍遭大量虎頭蜂螫，由於接近神經中樞，更快速且直接影響到人體的神經系統，至於軀幹亦有傷口，但數量明顯少於頭、手。義警消巡在克難的山路將張女送出。（屏東縣消防局提供）    ,https://news.ltn.com.tw/news/society/breakingnews/5542090
搜救虎頭蜂螫2死1傷 屏東特搜曝「任務艱難」：走進一片沒有路的山,社會,2026/08/16 22:57,在悶熱險峻的環境中，屏東特搜穿上捕蜂衣進行搜救任務。（取自屏東縣消防局特搜大隊臉書）登山協會幹部深入恆春半島未開放山林探勘，遭虎頭蜂圍攻造成2死1重傷，搜救行動今（16）日完成最終遺體吊掛任務；屏東縣政府消防局特搜大隊今晚在臉書粉專寫下任務的艱難之處，透露「穿著捕蜂衣，走進一片沒有路的山」。屏東縣政府消防局特搜大隊指出，3名登山協會成員進入恆春半島山域探勘，途中遭虎頭蜂群攻擊，造成1人受傷獲救、2人不幸罹難。屏東特搜隨即進入山區，展開搜索與搬運任務。爬過山的人都知道，山路的累，是一步一步疊上來的。但如果身上還穿著厚重、悶熱的捕蜂衣呢？請繼續往下閱讀...特搜大隊表示，這次進入的是未開放山域，沒有明確路徑，也缺乏精準座標。「我們一邊判讀地形，一邊留意蜂群；因為沒有人知道，前方是否還有第二個、第三個蜂巢。抵達受困熱區、完成換裝後，我們在茂密植被中擴大搜索，直到尋獲兩名罹難者。」但找到人，只是第一步。從現場搬到原定起降場，至少還要5至6小時以上。面對有限人力、複雜地形，還要同時搬運2人，原方案已不可行。特搜大隊指出，只能重新勘查地形，另找較近的吊掛點，並避開蜂巢與蜂群活動範圍，規劃風險較低的搬運路線。完成包覆固定後，「我們輪流接手，將兩名罹難者一段一段往外搬運，最後抵達新吊掛點，交由空勤直升機完成任務。」。特搜大隊也提醒民眾，請勿進入未開放山域。遇到蜂群不要揮打，應保護頭頸、迅速離開；遭蜂螫或身體不適，立即撥打119求援。另外，曾有嚴重蜂螫過敏反應或過敏性休克病史的山友，若經醫師評估適合使用腎上腺素自動注射器（如 EpiPen），登山時應依醫囑隨身攜帶，並確認藥品效期及正確使用方式。屏東特搜走進沒有路的山展開搜救任務。（取自屏東縣消防局特搜大隊臉書）屏東特搜成員輪流接手，將2名罹難者一段一段往外搬運。（取自屏東縣消防局特搜大隊臉書）屏東特搜在陡峭地形進行搜尋、搬運。（取自屏東縣消防局特搜大隊臉書）屏東特搜完成此次艱難任務。（取自屏東縣消防局特搜大隊臉書）    ,https://news.ltn.com.tw/news/society/breakingnews/5542080
特斯拉五楊高架被撞肇事者跑了 警調監視器攔查3人「身分曝光」,社會,2026/08/16 22:20,特斯拉於五楊高架南向64.2公里、中壢路段遭後車追撞，對方駕駛與乘客3人由路肩離去。（警方提供）國道1號中壢路段五楊高架上今（16）日傍晚發生追撞車禍，有民眾報案，特斯拉休旅車與一輛豐田轎車發生擦撞，對方駕駛竟與2名乘客直接從路肩離開現場。國道警方調閱監視器，3名男子被另一輛白色轎車接走，經攔查將人車帶往分隊，初步研判，36歲越南籍阮姓男子駕車追撞特斯拉，疑與2名乘客皆為失聯移工，後續移送移民署專勤隊偵辦。國道公路警察局第一大隊公路警察指出，今日傍晚5點42分許，特斯拉47歲鄭姓男駕駛向警方報案，於五楊高架南向64.2公里、中壢路段遭後車追撞，對方駕駛與乘客3人由路肩離去。請繼續往下閱讀...警方立即派遣線上巡邏車前往查看，經調閱監視器，發現該3名男子由一輛白色轎車接駁駛離，巡邏車立即趕赴現場攔查該部小客車，並將人車帶往五楊分隊查處。警方初步研判，36歲越南籍阮姓男子駕駛豐田轎車因未保持安全距離，碰撞前方鄭男駕駛的特斯拉肇事，雙方駕駛酒測值均為0；另查阮男及2名乘客皆為越籍失聯移工，接人的白車駕駛39歲武姓女子為阮男友人，經查身分正常。事故部分依規定處理，阮男及乘客3名失聯移工後續移送移民署專勤隊收容。36歲越南籍阮姓男子駕駛豐田轎車因未保持安全距離，碰撞前方特斯拉。（警方提供）    ,https://news.ltn.com.tw/news/society/breakingnews/5542043
案情大逆轉！宜蘭4月大男嬰腦傷出血 法官「1理由」判保母無罪,社會,2026/08/16 21:22,宜蘭陳姓保母涉虐嬰案獲判無罪，圖為去年5月男嬰家屬控訴保母虐嬰畫面。（資料照，記者王峻祺攝）宜蘭縣陳姓保母遭控對4個月大男嬰施虐，造成男嬰嚴重腦傷，去年4月被檢方依妨害幼童發育罪起訴，但宜蘭地院審理後案情大逆轉，根據傷勢研判報告，推估男嬰腦部出血時間在案發前3天內，當時大部分時間由父母照顧，且檢察官提出的證據無法證明保母虐嬰，全案最近審結判無罪。此案起訴後移送宜蘭地院審理，院方去年5月初首度開庭，男嬰家屬到宜院控訴陳姓保母虐嬰，痛斥她「太夭壽」，要求還原真相，陳女則否認犯行，雙方各執一詞。請繼續往下閱讀...判決指出，陳姓保母領有托育人員技術士證，2013年開始從事托育工作，去年元旦起接受委託照顧蔡姓男嬰，托育時間週一到週五上午7點半到晚間6點半，同年1月13日當天，男嬰父母10點58分才把小朋友送到陳女住處，到了下午4、5點，男嬰身體出現異狀，晚間6點送抵國立陽明交大醫院掛急診，因傷勢嚴重，轉診台北榮總開刀救治。男嬰被診斷出兒虐性腦傷合併左側硬腦膜下出血及左視網膜出血，雙側大腦及腦幹缺氧性腦損傷，導致語言、認知、肢體功能受到嚴重損傷，其急性腦出血傷勢，經過台大兒童醫院兒少保護醫療中心研判，出血時間為去年1月13日之前3天內，無法判斷在送交保母之前還是之後發生。宜蘭地院合議庭認為，依照傷勢研判報告，男嬰腦出血時間在去年1月13日之前3天內，1月11日（週六）、12日（週日）到13日（週一）上午10時58分，均由父母照顧，這段期間小朋友受傷導致腦出血情況無法排除，陳姓保母照顧男嬰時間僅6小時，檢察官提出的證據無法證明陳女大力搖晃，使男嬰受到外力撞擊事實，也沒有其他證據證明被告犯罪，判決陳姓保母無罪。可上訴。☆自由電子報關心您：若懷疑孩童遭受身體虐待、精神虐待或是性侵害、性騷擾，請撥打113專線，透過專業社工員接線服務，將可盡快救援在生命危機中的兒童。☆    ,https://news.ltn.com.tw/news/society/breakingnews/5542035
跟太近釀禍！國3大溪埔頂1號隧道4車追撞  3人受傷、零件散一地,社會,2026/08/16 21:10,國道3號大溪路段、埔頂1號隧道內4車連環撞。（警方提供）國道3號北向60公里大溪路段、埔頂1號隧道內，今（16）日下午1點33分發生4車追撞事故。張姓男子駕駛福特轎車未保持行車安全距離撞擊前車，並連環追撞前方其他車輛，造成現場3人受傷送醫。現場於下午2點26分排除，詳細肇事原因仍待警方調查釐清。國道公路警察局第六公路警察大隊表示，勤務指揮中心16日下午1點33分接獲通報，指國道3號北向60公里處發生交通事故。初步調查，42歲張姓男子駕駛福特轎車行駛內側車道時，疑因未保持安全距離，追撞31歲葉姓男子駕駛的福斯轎車，導致葉男車輛向前推撞43歲張姓男子與30歲康姓男子駕駛的Honda、賓士轎車。請繼續往下閱讀...此追撞事故造成現場3人受傷，均送往三峽恩主公醫院檢傷治療，各車駕駛經檢測均無酒駕情形，並於2點26分順利排除現場。國道警察呼籲，高速公路最常見的肇事因素即為未保持安全距離，依法可處3000元至6000元罰鍰，若因而肇事致人重傷或死亡，更將面臨吊扣或吊銷駕照處分。警方提醒用路人行車時務必隨時注意前方動態、加大安全距離，以預留充足反應時間，確保行車安全。張姓男子駕駛福特轎車未保持行車安全距離撞擊前車，並連環追撞前方其他車輛。（警方提供）張姓男子追撞31歲葉姓男子駕駛的福斯轎車，導致葉男車輛向前推撞43歲張姓男子駕駛的Honda、30歲康姓男子的賓士轎車，零件殘骸散一地。（警方提供）    ,https://news.ltn.com.tw/news/society/breakingnews/5542032
高雄男毒駕如「打撞球」4車連環撞 1男1女、3歲女童受傷送醫,社會,2026/08/16 20:59,黃男涉嫌毒駕肇禍。（民眾提供）高雄市左營區自由二路與新庄仔路口今（16）日下午4時發生4輛轎車連環撞車禍，3人受傷送醫。警方調查，肇事的36歲黃姓駕駛涉嫌毒駕，起出愷他命毒品，依法送辦。據了解，黃男駕駛紅色裕隆轎車沿新庄仔路由西往東直行時闖紅燈，先擦撞50歲何男所駕駛、沿自由三路由北往南直行的白色裕隆轎車，再擦撞於自由二路南往北方向、39歲周男駕駛的鐵灰色本田轎車，黃男隨後倒車停於左轉車道；另何男車輛遭撞後，再波及同向停等42歲林男駕駛的黑色賓士轎車。事故造成白色駕駛何男及王姓女乘客、3歲女童受傷，何男腰部拉傷，乘客王女頭部撕裂傷、肋骨斷裂，女童連同送醫治療。請繼續往下閱讀...警方對現場駕駛人實施酒測，酒測值均為零；另警方詢問黃男有無施用毒品，其當場主動交付一包愷他命（毛重5.19公克），警方立即實施毒品唾液檢驗，結果呈二級毒品安非他命、三級毒品K他命及四級毒品苯二氮平類陽性反應。黃男從事服務業，警方將其逮捕並帶返所偵辦，全案依公共危險罪移送橋頭地方檢察署偵辦；詳細交通事故肇事原因及責任歸屬，將送交通警察大隊分析研判。警方依「道路交通管理處罰條例」對黃男開罰，最高可罰12萬5400元。黃男衝撞停等紅燈的何男轎車。（民眾提供）何男轎車被撞，波及同向停等的黑色賓士轎車，何男及車上2名乘客受傷。（民眾提供）周男轎車也遭撞。（民眾提供）    ,https://news.ltn.com.tw/news/society/breakingnews/5542016
台中深夜車禍！黑車闖紅燈撞上白車「烏龜翻」 3人受傷,社會,2026/08/16 20:03,台中市西屯區青海路與惠來路口，今天凌晨疑因黑色轎車駕駛闖紅燈，撞上白色轎車後翻覆，3人受傷。（記者陳建志翻攝）台中一名黃姓男子今天凌晨近4點駕駛黑色自小客車，行經青海路與惠來路口時，疑因闖紅燈撞上由賴姓男子駕駛的白色自小客車，黃男的車子撞擊後瞬間翻覆、四輪朝天，造成黃男手部受傷，車上的乘客則是頭部受傷，被撞的賴男沒有受傷，不過車上的乘客則是頭部受傷自行就醫。雙方駕駛均無酒駕、毒駕，詳細肇事原因和責任將由警方調閱監視器後釐清。台中市警局第六分局今天凌晨3點57分接獲報案，指稱西屯區青海路二段、惠來路三段路口發生兩車相撞，立刻派員警到場，抵達時發現一輛黑色自小客車翻覆，白色轎車則是車頭受損停在路口。請繼續往下閱讀...警方調查後發現，當時黃姓男子（46歲）駕駛黑色自小客車，沿青海路外側車道往惠中路方向行駛，賴姓男子（40歲）則是駕駛白色自小客車，沿惠來路往西屯路方向行駛，雙方行經青海路二段、惠來路三段路口，黃男疑因闖紅燈撞上賴男的車子，並因此翻覆、四輪朝天。警方到場時，發現黃男左手受傷，由救護車送至中港澄清就醫、車上乘客則是頭部受傷由友人協助就醫；賴姓駕駛無受傷，車上乘客則因頭部受傷，事後自行就醫。雙方駕駛經酒測均未飲酒，也無毒駕情形，詳細肇事原因將交由鑑定單位調查釐清。白色轎車車頭明顯毀損。（記者陳建志翻攝）    ,https://news.ltn.com.tw/news/society/breakingnews/5541972
邊聊天開車！苗栗女自撞路燈 小女兒右手腳骨折,社會,2026/08/16 19:39,母開車自撞路燈，小女兒右肢骨折送醫。（民眾提供）苗栗縣苑裡鎮今（16）日下午發生一起驚險車禍！一名32歲媽媽駕駛轎車載著兩名幼女，行經苑裡鎮中山路時，疑似邊開車邊與女兒聊天一時恍神，車子失控不慎撞上路邊路燈燈桿，導致車上母女3人受傷送醫，其中年僅8歲的小女兒右手右腳骨折，所幸均無生命危險，詳細肇事原因仍待警方釐清。警方調查，該名媽媽於今日下午3點多駕駛轎車載著9歲的大女兒與8歲的小女兒，沿苑裡鎮中山路由北往南方向直行，行經苑裡國小附近時，該名媽媽因與坐在副駕駛座的大女兒及後座的小女兒聊天導致分心恍神，車輛瞬間偏離車道，猛烈撞擊路旁的金屬路燈燈桿。請繼續往下閱讀...撞擊造成該名媽媽下巴及右膝蓋撕裂傷；前座的大女兒右手肘、右小腿擦挫傷；後座的小女兒傷勢較重，右手及右腳骨折、額頭擦挫傷，3人隨後由救護車送往醫院救治。警方現場實施檢測，確認黃女並無酒駕或毒駕情事，詳細肇事原因及相關責任歸屬，仍待進一步調查釐清。警方也呼籲，駕駛人切勿於行車時分心聊天或做其他影響注意力之行為，以維護自身及他人行車安全。    ,https://news.ltn.com.tw/news/society/breakingnews/5541944
北市刑大科偵隊長涉洩個資免職 北院裁定羈押禁見,社會,2026/08/16 19:34,台北市刑大科偵隊長陳冠良涉嫌多次查閱與案件無關的機密資料，並提供給吳姓退職警員、房仲業者，疑有對價關係，被法官裁定羈押禁見。（圖擷自Google地圖）台北市刑大科偵隊長陳冠良遭查出，涉嫌多次查閱與案件無關的機密資料，並提供給吳姓退職警員、房仲業者，疑有對價關係。台北地檢署15日指揮北市警局政風室、督察室及刑大等單位搜索，拘提陳員及吳男到案。台北地院今下午召開羈押庭，從下午16時30分開始，18時多才結束，法官諭知被告陳冠良、吳政祐兩名羈押禁見。此案源於北市警察局查察因案受調查人資料時，意外發現刑事警察大隊科偵隊長陳冠良，有多達數十筆的查閱資料中，疑與調查案件無關，經深入追查，查出資料都外流向吳姓房仲業者。請繼續往下閱讀...警方調查，由於涉嫌外洩職務上取得的個資，並再被查出有對價關係，市警局案經報請台北地方檢察署指揮偵辦；陳員涉嫌貪污治罪條例、洩密罪及個資法等罪，刑大召開考績會，決議一次記二大過，陳報警察局免職汰除。北檢昨指揮北市警局政風室、督察室及刑事警察大隊等單位執行搜索，並拘提陳員及吳姓共犯到案，晚間移送台北地檢署偵辦。陳員及吳男經檢察官複訊後，均遭聲請羈押禁見。據悉，過去陳冠良在刑事局任職，吳則是他的「師傅」，而吳在酒駕事件後，自認在警職工作上將無前途可言，不多久後便離職。目前年約60歲的他，近年疑似從事房仲等業務。警方研判，吳男就是因為曾帶領過陳員，所以私下請對方調查他人人身資料，陳員囿於昔日情面，不忍拒絕，結果讓自己觸犯法網。    ,https://news.ltn.com.tw/news/society/breakingnews/5541965
帶看「會走路的樹」遊客遭蜂螫亡  業者、無照領隊連帶賠548萬,社會,2026/08/16 19:21,因有「會走路的樹」而知名的台東景點「森林博物館」，2023年發生遊客遭虎頭蜂螫死意外，台東地方法院判處業者與領隊須連帶賠償548萬餘元。示意圖。（資料照）因有「會走路的樹」而知名的台東景點「森林博物館」，2023年發生遊客遭虎頭蜂螫死意外，台東地方法院日前做出判決，認定業者未盡安全與急救責任，依《民法》侵權行為規定判處業者與領隊須連帶賠償2名家屬各212萬餘元，另依《消費者保護法》裁處業者62萬餘元懲罰性賠償金，合計賠償548萬餘元，可上訴。事故發生於2023年11月，參加該館「會走路的樹」收費導覽的成員中，有11人遭蜂螫受傷，其中王男因遭中華大虎頭蜂引發嚴重過敏休克送醫，搶救1個月仍因多重器官衰竭死亡。請繼續往下閱讀...王男配偶與兒子向台東地院提起侵權行為損害賠償訴訟，並依消費者保護法請求懲罰性賠償。被告業者與受僱領隊辯稱，中華大虎頭蜂巢穴隱蔽且位於園區外公有道路，非其管理範圍，屬不可抗力，而且蜂窩都在地下，開口僅50元硬幣大小根本難以發現。但判決書指出，事故蜂巢距離導覽入口僅50公尺，附近還有虎頭蜂出沒，就算不知蜂巢具體位置，也可知當地有虎頭蜂出沒。法官認為，無論是否知道蜂巢所在，亦能清楚得知有虎頭蜂危害。法官援用勞動部「從事戶外工作虎頭蜂螫危害預防指引」要求易遭遇虎頭蜂攻擊之人員，其雇主應使工作者接受蜂螫危害預防與藥劑教育訓練，並應隨時注意周遭環境，及置備急救設備與解毒藥品。法官認定，業者在導覽前怠為確認導覽路線安全性、也未備解毒藥物，自係執行職務之過失行為，且領隊還無證照顯有過失，因此判決業者與領隊負連帶賠償責任，裁處從急救到喪葬等過程支付的金額212萬餘元，並依《消費者保護法》懲罰性賠償62萬餘元，合計548萬餘元。全案仍可上訴。台東地院日前針對在「森林博物館」因蜂螫致死做出裁決。（記者劉人瑋攝）    ,https://news.ltn.com.tw/news/society/breakingnews/5541922
高雄男酒駕載友趕聚餐 爬上坡滑落翻車害掛彩,社會,2026/08/16 18:59,黃男酒駕車子倒滑撞斷路旁回復式導桿後翻覆。（警方提供）54歲黃男今（16）日下午酒駕，搭載另2名友人趕往聚餐途中，行經杉林區大愛路上坡路段，疑因操作失控，車輛倒滑撞斷路旁回復式導桿後翻覆，車身90度橫躺在坡地上，造成2名友人受傷。警方初步調查，這起意外發生在下午1點16分，當時黃男搭載另2名友人趕往聚餐，車子沿大愛路由北往南方向上坡行駛，疑因操作失控，車輛倒滑撞斷路旁回復式導桿後翻覆，車身90度橫躺在坡地上，2名乘客分別肢體外傷、頸部挫傷，由救護人員處置後送往旗山醫院治療，黃男未受傷。請繼續往下閱讀...警方到場後對黃男實施酒精濃度檢測，檢測結果超過法定標準，警方依公共危險罪嫌依法處理，詳細肇事原因及相關責任仍待警方進一步調查釐清。車子倒滑撞斷路旁回復式導桿後翻覆，車身90度橫躺在坡地上，警消協助2名受傷乘客脫困送醫。（警方提供）    ,https://news.ltn.com.tw/news/society/breakingnews/5541943
灌6瓶啤酒出車禍！6歲女兒沒戴安全帽拋飛亡 無照父重判10年8月,社會,2026/08/16 18:43,曾因酒駕多次遭判刑、甚至被吊銷駕照的陳男，狂飲6瓶啤酒後騎車撞上汽車，6歲女兒因未戴安全帽傷重不治，高雄地院國民法官重判10年8月。（資料照）曾因酒駕多次遭判刑、甚至被吊銷駕照的陳男，明知要騎機車接女兒放學，仍狂飲6瓶啤酒，結果酒駕撞上汽車，女兒因未戴安全帽傷重不治，高雄地院國民法官依酒駕致死罪，重判陳男10年8月，為國民法官制度上路以來針對酒駕致死單一罪行量刑最重一例。判決指出，2024年11月20日下午，陳男明知要去學校接女兒放學，卻仍在家灌下6瓶500毫升啤酒，載女兒時，機車明明有準備安全帽，陳男卻未給女兒戴上，結果機車行經苓雅區成功一路、海邊路口時，與對向準備左轉轎車以時速60公里相撞，6歲女童當場被拋飛重摔，急救後不治。請繼續往下閱讀...警方酒測陳男吐氣酒精濃度高達每公升0.98毫克，幾乎達爛醉程度，陳男雖留在現場，但檢察官認為他是受傷，不是真心懊悔，依酒駕致死罪嫌提起公訴，並交由國民法庭審理。高雄地院國民法庭開庭時，陳男在庭上聲淚俱下，自承「害死女兒也很捨不得，真的很愛女兒，無法原諒自己，希望能再給機會」，但陳妻當庭開撕陳男面具，稱當初與陳男簽下調解書，只是因為「反正他也賠不出錢」，實質上根本沒有原諒，「我心裡是恨他的！」國民法官認為，陳男身為人父，非但未盡保護責任，明知要接孩子卻執意大量飲酒，更是將親生骨肉推向極度險境，主觀惡性極重，認為他僅符合自首減刑規定，不適用「情堪憫恕」二次減刑。國民法庭考量陳男有多次酒駕前科且有入監紀錄，另有擔任詐騙集團車手、販毒等前科紀錄，素行顯然不佳；身為人父，毫不在意親生骨肉安全，主觀惡性極重，依酒駕致死罪重判10年8月。國民法庭2023年上路實施以來，酒駕致死部分國民法官共做出33件判決，其中陳男判刑10年8月，為國民法庭針對酒駕致死單一罪行量刑最重一例。    ,https://news.ltn.com.tw/news/society/breakingnews/5541923
知法犯法！台中刑大33歲「明日之星」 新竹酒駕拒測火速拔官,社會,2026/08/16 17:47,台中市刑大王姓副隊長，今天凌晨在新竹縣酒駕拒測，台中市警局得知火速拔官，並將從重懲處。（記者陳建志攝）台中市警察局刑警大隊一名王姓副隊長（33歲），昨天晚上休假北上新竹訪友餐敘，席間喝酒後卻開車，遭新竹縣警察局新埔分局員警攔查，因拒絕酒測遭舉發並代保管車輛，台中市刑大得知火速祭出懲處，除調整為非主管職務，後續也將從重懲處，至少會記一大過以上處分。這名台中市刑大王姓副隊長，因隊長休假目前暫代隊長職務，不料昨天晚上休假北上新竹訪友，並和朋友餐敘喝酒後，王員竟知法犯法酒後開車，今天凌晨2點55分，遭新竹縣警察局新埔分局員警攔查，因拒測遭舉發並代保管車輛。請繼續往下閱讀...據了解，警大80期畢業的王員，因工作積極認真，年紀輕輕就接任副隊長，原本前途看好，沒想到觸犯警界天條，不但被拔官，今年考績將淪丙等，未來警界生涯也將因酒駕大受影響。台中市刑大表示，已先行調整王員為非主管職務及服務單位，後續調查將依警察人員駕車安全考核實施要點從重嚴懲，絕不護短，以維護警察風紀決心。    ,https://news.ltn.com.tw/news/society/breakingnews/5541882
半夜逆向被攔查！桃園男酒駕拒測 副駕女發酒瘋潑他冰水衝車道,社會,2026/08/16 17:45,警方依法向劉男說明酒駕拒測相關處置。（警方提供）桃園市一名40歲劉姓男子今（16）日凌晨4時許駕車經中壢區中央西路一段與延平路口時，因行駛於對向車道且未與前車保持安全距離，遭巡邏員警當場攔停盤查。盤查期間劉男散發濃厚酒氣並坦承曾在KTV飲酒，但明確拒絕接受酒測，同車也喝茫的副駕駛劉姓女子突然情緒失控，向劉男潑灑冰水並衝向路中央企圖尋短，員警見狀立即上前實施保護管束，通報快打警力支援將2人隔離。警方於攔查過程，聞到駕駛劉男身上散發濃厚酒氣，劉男坦承稍早於KTV飲酒，警方依規定告知其酒測權利及法律效果，並要求檢測，但劉男明確表示拒絕接受酒精濃度測試，警方依法進行酒駕拒測相關處置。執行期間，同車副駕駛劉姓女子突然情緒失控向劉男潑灑冰水，並衝向路中央企圖尋短，員警為防止危害立即上前實施保護管束，並呼叫快打優勢警力到場支援控制現場、將兩人隔離安撫。請繼續往下閱讀...後續經到場救護人員檢視，發現劉女頸部及身體有自傷傷口，立即由救護車送往中壢天晟醫院救治，劉男經友人及警方安撫後情緒回穩，警方依法對其開立酒駕拒測罰單並當場查扣該車輛，全案依相關法規嚴正處置。中壢警分局長林鼎泰呼籲，酒後駕車嚴重危害自身及其他用路人生命財產安全，切勿心存僥倖以身試法；依道路交通管理處罰條例規定，拒絕接受酒測者將處18萬元罰鍰、當場移置保管該汽車、吊銷駕駛執照並施以道路交通安全講習，警方將持續嚴正執法，絕不寬貸。同車副駕駛劉姓女子在攔查過程中突然情緒失控，並向劉男潑灑冰水。（警方提供）劉女衝向路中央企圖尋短，員警見狀立即上前實施保護管束。（警方提供）    ,https://news.ltn.com.tw/news/society/breakingnews/5541870
買安非他命免費送「喪屍煙彈」！彰化女毒販10罪判17年9月,社會,2026/08/16 17:34,王女賣毒安非他命，竟免費送1顆「喪屍煙彈」依托咪酯，成為販毒證據。（示意圖，資料照）近來俗稱「喪屍煙彈」的依托咪酯毒駕案件頻傳，嚴重危害社會治安。彰化縣一名王姓女子明知海洛因、安非他命及依托咪酯均屬列管毒品，竟多次販賣與無償轉讓毒品給多名毒友。彰化地方法院審結，依販賣第一、二級毒品及轉讓偽藥等10罪，判處王女應執行有期徒刑17年9月。判決書指出，王女於去年1月至9月期間，頻繁以彰化住處為據點進行毒品交易，其交易過程五花八門，其中一名毒友為了吸食毒品，不僅常跑王女住處，甚至為了討好王女或換取毒品，還特地動手幫王女修補家中破掉的沙發，甚至幫忙申辦手機續約拿現金，宛如王女的「免費工具人」。請繼續往下閱讀...不僅如此，王女因在外欠下債務，面對毒友上門討債時，因手頭緊沒錢還，竟突發奇想掏出一包安非他命塞給對方當作「折抵欠款」與道歉禮物；甚至有其他購毒者為了買海洛因，深夜還得兼任司機，騎機車載著王女前往與毒品上游會合。去年1月，王女以6000元價格販售2包安非他命給一名男子，對方先付1000元、其餘賒欠，王女竟免費送1顆「依托咪酯煙彈」。隨後男子準備以6500元轉賣賺價差，未料買家竟是網路巡邏員警，當場遭逮。王女因遲遲等不到尾款，還傳訊「用好了嗎？有比較久喔」催錢，意外成為販毒證據。法官統計，王女共販售第一級毒品海洛因1次（金額4000元）、第二級毒品甲基安非他命4次（金額分別為6000元、1000元、300元、500元），並多次無償轉讓安非他命與1個依托咪酯煙彈給他人。法官審酌，依托咪酯等毒品濫用嚴重危害社會治安與民眾健康，且王女先前才因他案獲交保，竟不知悔改隨即再犯，顯見欠缺法治觀念，遂將其所犯10罪併罰，判處應執行有期徒刑17年9月。全案仍可上訴。彰化地院審理，王女販賣第一、二級毒品及轉讓偽藥等10罪，應執行有期徒刑17年9月。（資料照）    ,https://news.ltn.com.tw/news/society/breakingnews/5541866
太猖狂！無視騎樓監視器 台中賊夜潛車內「悠哉數錢5分鐘」,社會,2026/08/16 16:54,台中市西區明禮街一戶民宅停放在騎樓的汽車，昨天凌晨3點遭竊嫌打開車門偷走1萬1000多元現金，失主公布影像希望民眾幫忙指認。（擷取自Threads）台中市西區明禮街一戶民宅停在騎樓的汽車，昨天凌晨3點多，一名男子靠近汽車後，打開副駕駛座的車門潛入車內，打開裡面的皮包，拿走1萬1000元現金，車主隔天上午開車時發現錢不見，調閱監視器才知被竊賊偷走，對於騎樓裝滿監視器，竊賊完全沒在怕照偷，而且還在車上悠哉數錢5分鐘，直呼「太扯」，公布影片希望大家幫忙指認；警方表示已組成專案小組，全力追緝竊嫌到案。一位民眾在Threads貼文表示，昨天一早起床就發現一件令人不開心的事，雖然家裡樓下裝滿攝影機，但還是被人開車門偷錢，直言從攝影機眼睜睜看著他從錢包把錢拿走，還在車上數錢，真的「太扯、太扯、太扯」，希望大家幫忙分享，能把這名囂張的小偷肉搜出來，不要再有下一個受害者。請繼續往下閱讀...台中市警局第一分局表示，昨天晚間7點多接獲報案，民眾表示停放在西區明禮街騎樓的自小客車，被人偷走約1萬1000元的現金，經調閱監視器，發現1名男竊嫌於凌晨3點多得手後徒步離去，獲報後已立即成立專案小組，鎖定犯嫌特徵全力查緝。第一分局呼籲，民眾停放車輛時務必確認門窗上鎖，貴重物品切勿留置車內，以防宵小覬覦，共同降低遭竊風險。    ,https://news.ltn.com.tw/news/society/breakingnews/5541822
昔日「警界師父」為搞定都更案 北市科偵隊長半年洩上百筆資料,社會,2026/08/16 16:50,北市刑大科偵隊長陳冠良涉嫌洩密給昔日警界師傅。（資料照）昨天爆發出台北市刑警大隊科偵隊長陳冠良，涉嫌洩漏個資一案，震驚警界；陳員洩漏個資的對象，是他昔日警界師傅、現已退職轉行當房仲的吳政祐。據了解，吳近來疑似為了處理產權複雜的都更案，想找到相關房產所有人，委託陳幫忙查個資；陳從今年3月以來，先後查了上百筆個資再洩漏給吳，並涉嫌收取超過100萬元的不法酬勞。警界指出，陳冠良是警大76期畢業，過去在刑事局任職時，因辦案認真、頭腦靈活，先後破獲多起毒品案與重大刑案，深受上級肯定，堪稱警界明日之星。不過，陳在刑事局任職時，也因此認識當時在刑事局偵9大隊第3隊擔任副隊長的吳政祐，吳當時多次帶領陳辦案，認為陳是可造之材，兩人情同師徒。請繼續往下閱讀...熟識吳的警界同仁說，吳雖然辦案厲害，但只要沾酒就狀況連連。他20多年前曾在中正一分局任職，後轉調刑事局，他在偵9大隊第3隊擔任副隊長時期，曾在台北市酒駕被逮；他有次去台中偵辦槍毒案，因醉倒車內，車門未上鎖，遭歹徒侵入「乾洗」，連警槍都被偷走。據了解，吳疑自知在警界沒有前途，5年前提早退休，轉行改當房仲。今年3月，他為了處理都更案，費盡心力都無法取得相關房產所有人的資料，他於是將歪腦筋動到「昔日徒弟」身上，找上陳冠良幫忙調閱個資。陳冠良知道警方內部會進行「資安稽核」，避免有人亂查資料，他轉而利用過去因為辦案認識、信任他的檢察官來幫忙查個資。他將要查詢的都更戶名單，夾藏在給檢察官的發函調閱刑案資料公文中，透過檢察官代查來取得個資，隨後再洩漏給吳。據悉，有檢察官近來發現有多筆個資與案件無關，發現是陳「搞鬼」，陳見紙包不住火，主動向北市刑大大隊長丁靖報告。陳聲稱自己只有與吳「對接」，違法調閱的個資只有給吳，並有向吳收取不法酬勞。督察人員研判，陳半年多來查詢100多筆資料，也疑似獲得100多萬元酬勞，不排除吳以「1筆1萬元」的方式，提供不法利益給陳。至於吳取得資料後如何使用牟利、有無轉賣或外洩，以及幕後是否有不法炒房集團或其他共犯，警方將進一步深入追查釐清當中。    ,https://news.ltn.com.tw/news/society/breakingnews/5541819
雪隧小貨車蛇行民眾緊急通報 警方攔查...是毒駕,社會,2026/08/16 16:25,小貨車行駛過程中差點撞上路旁護欄。（圖取自Threads上的paulchang0120）國道5號雪山隧道北向路段，今天（16日）傳出一輛小貨車行駛時左右搖擺，差點撞上其他車輛及雪隧緊急通道，畫面被PO上網後引起熱議。國道公路警察局第9公路警察大隊派員盤查，對李姓駕駛施以唾液快篩檢測為陽性反應，涉嫌毒駕，將依公共危險罪移送法辦。目擊者在社群網站PO文指出，「現在雪隧，前面貨車超級危險！剛剛還開到緊急通道，然後整路一直壓到線，真的是好險，一路上兩三台都差一點撞到，警察盤查他了」。請繼續往下閱讀...網友留言，「他睡著了？」、「前方的危險駕駛是後方的精神良藥」、「不是喝了就是累了，最慘的就是吸了」、「現在毒駕太多，各位路上小心，看到立即報警以策安全」。國9隊指出，今天上午10點31分至48分，陸續接獲多位民眾通報國5北向雪山隧道路段，有輛白色小貨車輛行車不穩，巡邏車10點55分發現該車後，即引導下石碇出口至國9隊石碇駐地盤查，對57歲李姓駕駛施行唾液快篩檢，結果呈現陽性反應，涉犯公共危險罪嫌。國9隊表示，毒駕已是道路上隱形殺手，依據刑法第185條之3，可處3年以下有期徒刑，得併科30萬元以下罰金，致人重傷者處1年以上7年以下有期徒刑，致人於死者，處3年以上10年以下有期徒刑。另依照道路交通管理處罰條例35條規定，汽車駕駛人處3萬元以上12萬元以下罰鍰，當場移置保管車輛並吊扣駕照1年至2年，致人重傷或死亡直接吊銷駕照，且終身不得再考領。雪隧北向車道今天有輛小貨車蛇行險釀禍。（圖取自Threads上的paulchang0120）    ,https://news.ltn.com.tw/news/society/breakingnews/5541790
高雄三民26歲獨居女暗夜墜樓亡  家屬難接受質疑「不單純」,社會,2026/08/16 16:24,高雄三民區鼎中路某社區大樓今天凌晨發生女子墜樓命案，警方將進一步調查確切死因。示意圖。（記者許麗娟攝）高雄市三民區鼎中路一棟社區大樓，今（16）日凌晨3點多發生墜樓命案，民眾在睡夢中突然聽到一聲巨響，往外查看驚見有人倒臥在路面，警消獲報到場確認已明顯死亡，死者為黃女（26歲），警方初步調查無外力介入，但家屬無法接受，質疑黃女死因不單純。據了解，死者黃女獨居於該大樓，今天凌晨不明原因墜樓身亡，今日進行遺體相驗，家屬認為黃女不可能輕生，質疑死因並不單純。警方調閱相關監視器，目前未發現有可疑人物曾進入其住處，初步了解亦未發現有外力介入跡象，將進一步查明黃女死因。    ,https://news.ltn.com.tw/news/society/breakingnews/5541799
警緝毒破分裝場 竟搜出「軍規水雷」,社會,2026/08/16 16:15,警方驚見劉男竟持有水雷。（記者徐聖倫翻攝）新北市板橋警分局接獲情報，指稱55歲劉姓男子涉嫌販賣毒品並進行分裝。警方經長期蒐證後，於前日清晨拂曉出擊，前往板橋區和平路某公寓執行搜索，當場破獲這處毒品分裝廠，逮捕劉男並查扣大批毒品、分裝工具，甚至還搜出12顆「軍規水雷」。​板橋分局偵查隊與信義派出所掌握劉男販賣依托咪酯、安非他命事證，持搜索票於前日清晨派員查緝，前往劉男位於板橋和平路安樂巷的公寓住處，順利將他逮捕，讓這處隱匿於巷弄內的毒品製造分裝據點一舉瓦解。請繼續往下閱讀...​警方在現場查扣依托咪酯煙彈3顆、粉末3包、煙油1瓶、安非他命2包及液體2瓶，並起獲封膜機、電子磅秤、分裝鏟、注入器等全套分裝器具，另查扣犯罪所得136500元與2支手機。令警員驚訝的是，現場竟還赫見12顆水雷，相關爆裂物及毒品已緊急送往鑑識單位進一步檢驗。​劉男不承認販毒也不願交代毒品來源，水雷則辯稱是在網上購買，用途亦不肯交代。警詢後，警方依毒品、槍砲等罪嫌，將劉嫌移送法辦。警方強調，毒品與非法彈藥對社會治安危害極大，後續將持續向上溯源追查毒品來源與幕後共犯，絕不放過。警方將劉男控制並開始搜索屋內。（記者徐聖倫翻攝）    ,https://news.ltn.com.tw/news/society/breakingnews/5541769
男子吸食喪屍煙彈逆向騎車肇禍 碰撞路邊2輛轎車,社會,2026/08/16 15:59,男子吸食喪屍煙彈，逆向騎機車肇禍。（民眾提供）今天上午8點左右，王姓男子騎機車逆向行駛台中市大甲區雁門路，並撞到停在路邊的2輛轎車，大甲警分局獲報到場，在王男身上發現電子菸及菸油一罐，經毒品唾液快篩測試呈現依托咪酯陽性反應，即吸食俗稱的「喪屍煙彈」，警方訊後依違反毒品防制條例及不能安全駕駛（公共危險罪嫌），移請台中地檢署偵辦。今天上午8時6分，大甲警分局獲報指稱，在大甲區雁門路199號前有交通事故發生，立即派員前往處理，員警到場發現王男（55歲）騎機車沿雁門路由南往北逆向行駛，在雁門路199號前時碰撞順向停在路邊的2輛轎車，機車並卡在2車之間，王男雙腳受傷，由救護車送往光田醫院救治。請繼續往下閱讀...警方在王男身上發現電子菸及菸油一罐，經王男同意接受毒品唾液快篩測試後呈依托咪酯陽性反應，全案依違反毒品防制條例及不能安全駕駛（公共危險罪嫌），移請台中地檢署偵辦。大甲分局呼籲，毒品會嚴重影響判斷力及反應能力，施用毒品後駕車，不僅危害自身安全，更可能造成無辜用路人傷亡，警方對毒駕行為絕不輕縱，持續加強攔查、檢測及查緝作為，全力守護市民交通安全。男子吸食喪屍煙彈，逆向騎機車撞到停在路邊的2輛轎車。（民眾提供）    ,https://news.ltn.com.tw/news/society/breakingnews/5541715
婦長期服用管制安眠藥 女兒眼尖發現助警揪出黑市藥販,社會,2026/08/16 15:59,王男販售的安眠藥「贊安諾」。（記者王冠仁翻攝）台北市1名老婦人長期受失眠所苦，她向朋友訴苦，朋友介紹62歲王姓男子給她認識，聲稱王有管道拿安眠藥。她從今年初開始，先後3次向王大量買進第4級管制藥品「贊安諾」，直到上月底，老婦女兒在打掃房間時這才發現，女兒追問母親安眠藥來源她不願交代，女兒隨即向警方報案；警方確認老婦並沒有處方箋後，循線前往新北市三重區逮到王男，現正深入追查其藥品來源。警方調查，住在台北市士林區的1名老婦人，長期受失眠所苦，她疑似貪圖方便不想三天兩頭去看診透過處方箋拿安眠藥，反而四處向朋友訴苦。有朋友輾轉介紹她認識62歲王姓男子，聲稱王男有管道可以取得安眠藥。請繼續往下閱讀...老婦經朋友介紹，在今年初第1次與王碰面，王賣給她第4級管制藥物「贊安諾」；老婦吃了覺得有效，又在今年上半年期間，先後再與王購買2次。不過，老婦女兒在上月底幫忙打掃母親房間時，赫然發現有大量「贊安諾」，女兒轉而追問母親安眠藥來源，母親擔心惹上麻煩，不願多說。女兒再問家中外傭，外傭這才告訴女兒，近半年來老婦長期在睡前服用安眠藥，外傭還說並不知道該安眠藥是管制藥品，女兒不久後就向轄區士林分局芝山岩派出所報案。警方詢問老婦相關細節，但老婦只說近半年3次向王男購買安眠藥都是拿現金與對方當面交易，自己記不清楚每次購買的安眠藥數量與單價。警方說，由於「贊安諾」含有第4級毒品阿普唑他（Alprazolam）成分，若沒有處方箋就販售涉犯毒品罪嫌，警方於是循線前往新北市三重區逮捕王男。王男落網後拒不配合，對於販賣給老婦安眠藥的相關情節不願說明，也不交代如何取得大量安眠藥，有無販賣給其他人。警方最後將王男依毒品罪嫌送辦，同時正深入追查。    ,https://news.ltn.com.tw/news/society/breakingnews/5541768
違停拒檢逃逸 警鷹眼跨區抓毒蟲查獲西瓜刀,社會,2026/08/16 15:45,鐘男面對警方攔檢神情詭異，隨後趁隙逃逸。（記者徐聖倫翻攝）鐘姓男子今凌晨3時許將轎車違規停放在新北市板橋區三民路行人穿越道上，海山警分局獲報派員到場盤查時，發現鐘男神情緊張、身體不斷顫抖。員警懷疑其無法安全駕駛要求下車，鐘男竟心虛踩油門加速逃逸。警方調閱監視器追查，於6小時內跨區至三重將他逮捕，並查獲安非他命、喪屍煙彈及西瓜刀。​警方表示，埔墘派出所於今日凌晨3時許接獲民眾報案，指稱三民路二段有車輛違停。員警抵達盤查時，鐘男因持毒心虛，趁隙駛離現場。警方隨即展開追查，發揮鷹眼功力鎖定車輛軌跡，於上午9時許循線追至三重區慈愛街一帶，趁鐘男下車之際一舉上前攔查，當場查扣毒品及1支西瓜刀。請繼續往下閱讀...​由於鐘男拒絕接受毒品快篩，警方依「道路交通管理處罰條例」開罰外，並將他逮捕。鐘男拒絕交代毒品來源，警詢後依公共危險罪、毒品等罪嫌，將鐘男移送法辦，並將向上溯源；至於無故攜帶刀械部分，則另依違反「社會秩序維護法」裁處。警方調閱監視器，循線來到三重將鐘男逮捕。（記者徐聖倫翻攝）    ,https://news.ltn.com.tw/news/society/breakingnews/5541751
小貨車雪隧內狂搖晃 國道警攔查駕駛竟是「吸毒上路」,社會,2026/08/16 15:33,貨車明顯搖晃被後方車輛拍下。（記者徐聖倫翻攝自threads）57歲李姓男子駕駛白色小貨車，今上午行經國道5號雪山隧道北向路段時，車輛一路忽左忽右、行車相當不穩定，嚇壞不少後方駕駛。國道公路警察局第九大隊接獲多名獲報後迅速出動，攔截該車引導至駐地盤查，經對李男實施毒品唾液快篩呈陽性反應，並將李男依法送辦。​警方表示，今日上午10時許，陸續收到多名民眾檢舉，稱國5北向雪隧路段有1輛白色小貨車蛇行晃動。巡邏車於10時55分許發現該車，立即一路引導其下石碇交流道，進入石碇駐地進行盤查。請繼續往下閱讀...​警方對李男進行毒品唾液快篩，結果呈現陽性反應，李男無從辯解，只能承認吸食安毒後上路，警詢後將其依公共危險、毒品等罪嫌送辦。國道警方呼籲，毒駕是道路上的「隱形殺手」，依刑法最高可處3年有期徒刑、併科30萬元罰金；另依道交條例重罰最高12萬元，並扣車及吊扣駕照，切勿拿自己與他人生命開玩笑。網友在threads上發文提醒民眾注意這輛毒駕的貨車。（記者徐聖倫翻攝）    ,https://news.ltn.com.tw/news/society/breakingnews/5541737
北宜公路嚴防改裝車競速滋擾 連2日聯合稽查開出25張罰單,社會,2026/08/16 15:23,新北市新店分局、監理及環保單位昨日及今日在北宜公路實施聯合稽查，共取締超速、改裝車、無照駕駛、交通違規等25件，圖非違規當事人。（記者陸運鋒翻攝）暑假已接近尾聲，新北市警新店分局為防範青少年山道競速與改裝噪音車滋擾，持續會同監理及環保單位，於昨、今日在北宜公路坪林路段展開聯合稽查，共取締超速、改裝車、無照駕駛、交通違規等25件，罰單總金額粗估逾10萬元，將持續維護用路人安全。新店警分局表示，每年暑假因青少年駕駛經驗不足、易受同儕影響，在山路彎道常有超速、跨越雙黃線及改裝排氣管等行為，威脅交通安全，為此將北宜公路列為重點防制路段，透過「監、環、警」三方合作，針對擅自改裝車體及排氣管進行嚴格執法；同時在易肇事路段加強移動式測速勤務，針對無照駕駛、壓車違規及未戴安全帽等重點項目強力取締。請繼續往下閱讀...警方指出，昨（15日）及今（16日）上午，針對北宜公路坪林段26公里、32公里財茂灣及34公里鬍鬚灣，實施聯合稽查及防飆勤務，總計攔查汽機車107輛，其中舉發超速15件、跨越雙黃線2件、違規變更車體設備6件、擅自改裝LED頭燈1件及無照駕駛1件，估計開罰總金額逾10萬元；另攔查因反光標示不全責令車主驗車2件，並通報8件噪音車。警方呼籲，北宜公路彎道多、坡度大，車速過快極易發生危險，民眾上路務必遵守速限、建立防禦駕駛觀念，將持續規劃各項勤務，嚴格取締超速與違規改裝，守護大眾行車平安。新北市新店分局、監理及環保單位昨日及今日在北宜公路實施聯合稽查。（記者陸運鋒翻攝）    ,https://news.ltn.com.tw/news/society/breakingnews/5541714
近百名學生淪「遊戲提款機」！IG假好友騙密碼 狂刷PS高級會員,社會,2026/08/16 15:03,警方提醒千萬不要交出驗證碼。（記者姚岳宏翻攝）近期頻傳學生在Instagram遭遇假好友詐騙，僅因借出手機接收1組驗證碼，帳單竟莫名多出4078元的欠款，刑事局指出，近3個月內的電信小額付款詐騙案，高達4分之3的被害人為學生族群，詐騙集團專門冒充親友，誆稱手機遭鎖定或急需借用門號，誘使被害人交出密碼，立刻盜刷購買高價的遊戲會員。刑事局分析這波密集、近百件的詐騙案件，發現扣款金額幾乎都是4078元，許多被害人直到收到電信帳單，才驚覺自己成了詐騙集團的提款機，以南部1名國中生為例，他在7月初收到IG私訊，對方帳號與他真正的好友僅差1個字元，這名假好友誆稱遇到緊急狀況，急需借用手機號碼接收簡訊；國中生未察覺異狀，依指示給予門號及驗證碼，隨即就收到4078元的小額付款通知。請繼續往下閱讀...無獨有偶，北部1名小學生也在7月底落入相同陷阱，他誤信陌生假帳號，連續交出2組驗證碼，導致短短幾分鐘內接連遭扣款3488元及4078元，總計損失7566元。警方比對近百件交易明細後發現，這些扣款均流向Sony旗下的遊戲品牌PlayStation。進一步追查確認，4078元正好是PlayStation Plus高級會員12個月方案的價格，詐騙集團顯然是利用騙來的驗證碼，讓被害人替他們的會員服務買單。刑事局呼籲，驗證碼就等同於付款授權，絕對不可以提供給他人，民眾若收到不明扣款通知，應立即聯繫電信業者並向警方報案，此外，家長平時也應多加檢視孩子手機的小額付款功能及消費額度，並提醒孩子保護個人資訊。警方同時期盼電信業者能針對此類詐騙樣態研擬防制對策，共同降低民眾被害風險。若遇任何可疑訊息，民眾皆可隨時撥打165反詐騙專線諮詢。PlayStation Plus高級會員交易通知。（記者姚岳宏翻攝）警方公布詐騙訊息。（記者姚岳宏翻攝）    ,https://news.ltn.com.tw/news/society/breakingnews/5541675
台中男當車手沒領半毛錢   關1年4月還要吐出50萬,社會,2026/08/16 14:57,台中古姓男子加入詐騙集團擔任車手拿走廖姓女子50萬元，除依詐欺罪判處1年4月徒刑，台中地院還判決要賠償廖女50萬元。（記者陳建志攝）台中古姓男子，2024年6、7月間加入暱稱「美金」等人所組成的詐欺集團擔任車手，廖姓女子誤信該集團股票投資廣告，加入群組後依指示，在同年7月2日相約面交50萬元現金，古男依指示出面取款後交給上手製造斷點，廖女事後發現被騙報警查獲古男，台中地院審理時古男坦承犯行，並稱未拿到報酬，依三人以上共同詐欺取財罪，判1年4月徒刑，民事部分也判決要賠50萬元，可上訴。判決指出，古姓男子2024年6、7月間加入暱稱「鈔帆國際修羅」、「美金」等人所組成的詐欺集團，擔任車手賺取報酬，該集團在網路張貼投資廣告，吸引廖姓女子聯繫並加入LINE「一飛沖天」群組，佯稱是「台大財經系教授張森林」，謊稱聯繫彭姓助理可集資買股票投資。請繼續往下閱讀...廖女誤信連繫後，相約2024年7月2日上午9點時面交50萬元，古男依「美金」指示，持偽造工作證及「東富投資股份有限公司收納款項收據」，出面取走50萬元，再以丟包方式放置於鄰近公園交給上手，廖女事後發現被騙，向台中第三分局報案查獲古男。台中地院審理時，古男坦承犯行，但強調尚未拿到報酬，法官認為古男不思依循正途獲取經濟收入，竟擔任詐欺車手，騙取詐騙款項，再層轉給上手製造金流斷點，法治觀念明顯偏差，審酌尚未與廖女達成調解並賠償損害，依三人以上共同詐欺取財罪，處1年4月徒刑。廖女並提起刑事附帶民事訴訟請求損害賠償，古男未於言詞辯論期日到場，亦未提出書狀作出聲明或陳述，形同自認，判決古男應賠償50萬元，可上訴。    ,https://news.ltn.com.tw/news/society/breakingnews/5541663
竹聯幫成員擁衝鋒槍販毒 北市刑大攻堅查扣槍毒,社會,2026/08/16 14:23,警方查扣槍毒。（記者王冠仁翻攝）竹聯幫信堂成員42歲袁姓男子，夥同另名35歲吳姓成員組成販毒集團，長期在桃園中壢地區將毒品批發給中下游毒販，他們為了避免毒品交易時遇上黑吃黑，袁都會攜帶一把改造衝鋒槍防身。台北市刑警大隊根據一宗毒品案溯源追查，經布線跟監鎖定他們行蹤後攻堅逮人，查獲大量毒品以及一把改造衝鋒槍；他們近期被檢方起訴，警方也在今天公布相關查緝影像。台北市刑警大隊在今年初破獲一宗毒品案，警方進行溯源追查，輾轉查出毒品來自桃園中壢地區。警方深入追查，根據毒品流動網絡，發現上游毒販是在中壢地區出沒的竹聯幫信堂袁姓成員。請繼續往下閱讀...警方調查，袁男與吳男都是信堂成員，他們見近來新興毒品深受年輕毒蟲喜愛，認為有利可圖，於是專門在桃園地區販毒。他們為了降低查緝風險，因此不直接將毒品賣給毒蟲，而是將各式毒品批發給中下游毒販；由於每次交易的毒品量不小，為了防範交易時被人黑吃黑，袁出門交易時都會攜帶一把改造衝鋒槍防身。案經警方耗費3個月布線跟監，警方掌握袁、吳的行蹤與據點後，今年3月底前往桃園中壢地區攻堅逮人，警方在2人的住處與據點內查扣具殺傷力的改造衝鋒槍1支、子彈20發、毒咖啡包248包、搖頭丸53.92克、依託咪酯粉末31.36克。據了解，袁、吳見到警方掌握明確事證，坦承從事販毒，但袁對於衝鋒槍的來源避重就輕，胡扯是某位過世的友人寄放。警方說，袁、吳兩人被警方依毒品、槍砲罪嫌送辦，他們近期也被檢方起訴。警方強調，因應槍枝、毒品等危害人民生命安全甚鉅，警方將持續強力取締掃蕩，以穩定社會治安與保護人民生命財產安全。警方查扣毒品。（記者王冠仁翻攝）警方查扣毒品。（記者王冠仁翻攝）    ,https://news.ltn.com.tw/news/society/breakingnews/5541636
拉拉山溪水暴漲2釣客受困 義消常訓無縫轉實戰架繩救人,社會,2026/08/16 14:18,巴陵消防分隊隊員、義消架好繩索後，強渡到對岸救出釣客。（巴陵分隊提供）桃園市復興區山區近日午後雷陣雨頻繁，2名男釣客13日於三光溪垂釣遇午後驟降大雨，溪水迅速暴漲，兩人回程動線遭水勢阻斷受困溪岸。消防局巴陵分隊晚上6時49分獲報，碰巧巴陵義消分隊正在該山區辦理義消常年訓練，巴陵義消分隊長江俊宏獲悉災情後，立即率領義消整裝出動協助，將平日精實訓練無縫化為救援實戰，即時協助兩名釣客脫困。巴陵消防分隊長許翔智今（16）日表示，此次救援任務共出動消防人員5名、義消8名及各式車輛3輛，面對夜間視線不佳、溪谷地形陡峭及水勢湍急等多重挑戰，搜救人員冒險下切溪谷，合力架設繩索系統渡溪搶救，歷經約3個半小時，順利協助2名釣客平安脫困。請繼續往下閱讀...搜救人員於晚上7時43分下切抵達三光溪岸，現場天色已暗，面對湍急水勢及複雜地形，立即進行環境評估，並架設繩索回收系統，建立安全渡溪動線。確認救援條件及繩索系統穩固後，搜救人員小心橫渡至對岸，順利接觸2名受困釣客，並於晚上9時14分成功協助2人渡溪脫困。經現場初步評估，2名釣客生命徵象穩定且無明顯外傷，確認無送醫需求後，搜救人員於9時32分整裝護送2人返程，並於10時22分全員安全抵達起點，順利圓滿完成救援任務。許翔智表示，山域救援環境瞬息萬變，尤其溪谷地形受天候影響甚鉅，救援人員除須具備專業搜救技能，更需要透過平時訓練熟悉救援裝備及團隊協作方式，才能在突發事故發生時迅速投入救援。本次義消常年訓練期間恰逢實際救援案件，義消同仁立即將平日所學投入現場，展現平時訓練與實戰救援緊密結合的成果。針對山區天候瞬息萬變，午後強降雨極易引發溪水瞬間暴漲。消防局呼籲民眾從事登山、溯溪或垂釣等戶外活動前，務必隨時留意氣象資訊及水情變化，並審慎評估活動風險；若遇溪水暴漲受困，切勿冒險強行渡河，應儘速往高處避難，並撥打119求援，等待專業搜救人員協助，以確保自身安全。巴陵消防分隊隊員、義消架好繩索後，強渡到對岸救出釣客。（巴陵分隊提供）巴陵消防分隊隊員、義消架好繩索後，強渡到對岸救出釣客。（巴陵分隊提供）    ,https://news.ltn.com.tw/news/society/breakingnews/5541634
中和熱炒店爆衝突！女酒醉嘔吐遭碎念 2男化身護花使者毆人,社會,2026/08/16 14:10,許男遭到2名吳男毆傷，救護人員到場替他包紮傷口，並送往醫院治療。（記者陸運鋒翻攝）新北市中和莒光路1家熱炒店發生1起鬥毆事件，2名吳姓男子因不滿女性友人酒醉嘔吐時，遭不認識的許姓男子碎念，2男瞬間化身護花使者嗆聲，許男爆粗口後遭到2男痛毆一頓，警方獲報到場，先協助許男送醫，並循線將2男通知到案，詢後將吳、許等3人送辦。中和警分局調查，49歲及48歲2名吳姓男子，前天凌晨與友人在中和莒光路吃熱炒，酒過三巡後，其中1名女性友人因喝醉酒，跑到店外騎樓嘔吐，期間不同桌的44歲許男吃完飯在騎樓休息看見後，不斷碎嘴要求女子小聲點。請繼續往下閱讀...據知，2名吳男見狀後化身護花使者，上前與許男嗆聲理論，但疑遭到辱罵三字經，2男瞬間暴怒對許男出拳痛毆一頓，隨後搭計程車揚長而去，而許男因頭部挫傷，由救護車送往亞東醫院治療，幸無生命危險。警方指出，獲報後立專案小組調閱沿線監視器循線查緝，於當天下午將2名吳男通知到案，由於許及2名吳男互告，全案詢後分別依傷害、恐嚇及公然侮辱罪嫌將3人函送新北地檢署偵辦。    ,https://news.ltn.com.tw/news/society/breakingnews/5541615
大寮舞廳藏毒無人認帳 警方帶回200人全面採證送驗,社會,2026/08/16 14:03,林園警分局執行跨機關聯合擴大臨檢，突襲大寮區某舞廳，大有斬獲。（民眾提供）高雄市林園警分局今（16）日凌晨突襲大寮區一處舞廳，大有斬獲，查獲毒品咖啡包、愷他命香煙等毒品，並查獲逾期居留失聯移工21人及詐欺通緝1人，由於沒人承認持有毒品，警方將現場200餘人全部帶回分局採尿檢驗。為強化轄內治安及毒品防制工作，林園警分局針對外籍移工易聚集處所及曾查獲毒品場所，聯合高市府毒品防制局、消防局及內政部移民署等單位，今凌晨0時執行擴大臨檢及聯合稽查勤務，前往大寮區大寮路某舞廳進行擴大臨檢勤務。請繼續往下閱讀...警方針對現場人員身分查驗及檢查場所，於舞池及現場角落查獲毒品咖啡包1包、愷他命香煙9支、不明藥錠7顆及K盤1組等證物，其中逾期居留失聯移工21人及詐欺通緝1人。警方完成採證後，無人坦承持有上述毒品，遂將現場200餘人帶回分局進行身分查證、製作筆錄及採集尿液送驗，其中21名逃逸移工完成相關程序後，移請移民署依法續處，詐欺通緝部分移送高雄地檢署歸案。警方控制現場後，逐一查驗身分。（民眾提供）    ,https://news.ltn.com.tw/news/society/breakingnews/5541612
11年沒回戶籍地！ 送達程序出大包 無照男逆轉免罰3萬,社會,2026/08/16 13:51,男子開車上國道3號，遇警方路檢發現他的駕駛執照「早就被註銷」被開單。示意圖（資料照）高姓男子日前開車行經國道3號時，遭遇警方路檢，員警一查發現他的駕駛執照「早就被註銷」，被依無照駕駛開出3萬元罰單。男子不服提出上訴，強調自己因工作關係長達11年沒住戶籍地，根本沒收到通知；行政法院審理後，赫然發現監理機關裁罰程序出現「重大瑕疵」，認定當初的註銷處分根本無效，逆轉撤銷罰單。判決書指出，高男去年9月8日傍晚，開車行經國道3號南向340.4公里處時，碰上員警執行路檢，警方發現他的駕照已被監理機關註銷，屬於無照駕駛，隨即開單舉發，高雄市交通事件裁決所隨後依《道路交通管理處罰條例》，對他開出新台幣3萬元罰鍰並扣繳駕照。請繼續往下閱讀...男子收到裁決後提起行政訴訟，他主張，自己因為工作關係，已經長達11年沒有居住在戶籍地，且戶籍地早已空無一人。監理機關當時雖然有郵寄掛號信件，但全部寄往戶籍地，導致他根本無從得知自己的駕照已經被註銷。高雄高等行政法院深入審理後發現，監理機關在註銷駕照的程序上，圖方便抄捷徑，違反了法律規定。法院指出，監理機關在原處分中，僅因男子「未依限期繳送駕駛執照」，就直接啟動易處處分（逕行註銷駕照），卻沒有重新將這個「易處處分」的內容再次送達給當事人。法官在判決書中直言，這種「未送達就生效」的瑕疵屬於「重大明顯瑕疵」。依據《行政程序法》第111條第7款規定，該易處處分應屬「無效」。既然最初註銷駕照的處分從頭到尾都無效，男子開車上路就不算無照駕駛，因此法院判決撤銷這張3萬元的罰單。可上訴。    ,https://news.ltn.com.tw/news/society/breakingnews/5541605
桃警雷霆除暴專案查獲143件刑案 越南籍男子涉毒駕、藏毒被逮,社會,2026/08/16 13:20,桃園警分局15日執行「雷霆除暴專案」，針對治安顧慮場所、易滋事據點及重要聯外道路加強臨檢、路檢與查緝作為。（記者鄭淑婷翻攝）桃園警分局昨（15）日執行「雷霆除暴專案」，針對治安顧慮場所、易滋事據點及重要聯外道路加強臨檢、路檢與查緝作為，專案期間總計查獲刑案143件、涉案人139人。警方表示，此次專案由警察局副局長鄭榮崑主持勤前教育，特別叮囑同仁善用各項執勤裝備，隨時提高警覺，妥善應對各類突發狀況，並強調執勤安全為首要原則，務必確保勤務順利完成。請繼續往下閱讀...此次專案勤務共規劃路檢點8處、臨檢點19處，出動警力102人，並結合刑事警察大隊、交通警察大隊及保安警察大隊支援執行，全力掃蕩不法犯罪活動，專案期間查獲刑案21件23人，其中竊盜11件11人、毒品23件21人、通緝31件27人、詐欺29件29人及公共危險28件28人，合計查獲刑案143件、涉案人139人。其中，埔子派出所員警於執行勤務期間，發現27歲越南籍阮姓男子駕駛轎車有搖擺不定及急踩煞車等異常情形，員警立即上前攔查，並於車內查獲毒品咖啡包、K盤等違禁物品，當場將阮男及車上2名友人帶回派出所釐清案情，全案依法移請偵辦。桃園警分局15日執行「雷霆除暴專案」，針對治安顧慮場所、易滋事據點及重要聯外道路加強臨檢、路檢與查緝作為。（記者鄭淑婷翻攝）桃園警分局15日執行「雷霆除暴專案」，針對治安顧慮場所、易滋事據點及重要聯外道路加強臨檢、路檢與查緝作為。（記者鄭淑婷翻攝）埔子派出所員警查獲27歲越南籍阮姓男子涉嫌毒駕，並在車內查獲毒品。（記者鄭淑婷翻攝）    ,https://news.ltn.com.tw/news/society/breakingnews/5541594
毒駕追出依托咪酯分裝場藏民宅 北市警1日抄2毒窟逮藥頭,社會,2026/08/16 13:04,警方專案小組前往新北市三峽攻堅，逮捕熟睡中的林姓藥頭，並起獲相關證物。（記者陸運鋒翻攝）暑假期間為保護年輕學子，台北市警大安分局透過轄內2起毒駕案件溯源，追查出供貨的依托咪酯分裝場，並鎖定陳姓及林姓藥頭，見時機成熟後，大批警力12日前往新北市淡水、三峽區攻堅逮人，並搜出依托咪酯原油、海洛因及分裝器具等證物，詢後移送偵辦。大安警分局調查，此案為日前轄內2起毒駕案件向上溯源追查，發現55歲陳姓及50歲林姓藥頭，他們各自在新北淡水及三峽住家，當作依托咪酯分裝場據點，並涉嫌販售毒品給下游藥腳，專案小組掌握相關情資後，隨即展開蒐證及跨區合作。請繼續往下閱讀...據知，警方專案小組於本月12日見時機成熟後，會同刑警大隊特勤中隊持拘票、搜索票，前往新北市淡水區1處民宅查緝，逮捕陳姓藥頭及羅姓藥腳，起獲依托咪酯原油3罐、依托咪酯粉末、安非他命10包、煙彈及分裝器具等證物。此外，專案小組同日亦前往新北三峽區民宅攻堅，將林姓藥頭逮捕到案，起獲托咪酯原油2罐、依托咪酯粉末、海洛因、煙彈、分裝器具、針筒等分裝工具。警方指出，這2起案件全案詢後依毒品危害防制條例罪嫌，分別移送士林及新北地檢署偵辦，並持續擴大追查其他共犯。警方表示，毒品犯罪不僅危害個人健康，更可能衍生公共安全及其他犯罪問題，將持續透過毒駕攔查、毒品溯源及跨轄區合作，從末端施用者一路向上追查，阻斷毒品危害。警方專案小組前往新北市淡水，逮捕陳姓藥頭。（記者陸運鋒翻攝）    ,https://news.ltn.com.tw/news/society/breakingnews/5541588
中壢警週查獲刑案115件79人雷霆除暴 毒駕男見臨檢心虛停車露餡,社會,2026/08/16 12:57,桃園市警察局中壢警分局15日晚間動員79名警力執行「雷霆除暴擴大臨檢暨全市取締酒後駕車、施用毒品後駕車、防制危險駕車及噪音車輛勤務」。（警方提供）桃園市警察局中壢警分局昨（15）日晚間動員79名警力執行「雷霆除暴擴大臨檢暨全市取締酒後駕車、施用毒品後駕車、防制危險駕車及噪音車輛勤務」，除規劃4處路檢點，並針對轄內KTV、酒吧、電子遊戲場、汽車旅館等14處治安重點場所實施臨檢，勤務期間包括查獲21歲潘姓男子毒駕上路，後續依法偵辦。員警於昨日晚間11時許，在中壢區環西路二段路檢點執勤時，發現21歲潘男駕駛轎車行經該處，見前方設有路檢點便突然靠邊停車，形跡可疑，員警立即上前。潘男面對詢問時神色緊張，員警進一步盤查，當場查獲依托咪酯煙彈1顆及愷他命1小包。經實施唾液毒品快篩呈陽性反應，員警當場將潘男逮捕，全案依毒品危害防制條例及公共危險（毒駕）罪嫌移送偵辦。請繼續往下閱讀...中壢警分局統計，自本月9日至15日持續強化各項查緝作為，期間共查獲刑案115件101人，其中毒駕6件、酒駕11、詐欺29件、竊盜8件、毒品24件，另查獲各類通緝案件26件19人，全案均依法移送偵辦，展現警方主動出擊、強勢執法及打擊犯罪的決心。市警局督察長許頌嘉於勤前教育時，首先慰勉員警平日執勤辛勞，並提醒執勤期間務必落實「三安」要求，持續精進執法技巧及法令素養，執法過程應注意適法性及比例原則，以保障民眾權益及執勤安全。亦指示各級幹部應主動關懷、體恤同仁，最後感謝全體同仁堅守崗位、戮力執勤，並叮囑大家注意身體健康，平安完成勤務。中壢警分局長林鼎泰表示，警方將持續分析轄內治安狀況及犯罪趨勢，針對治安熱點、易滋事場所與重要道路，機動部署臨檢、路檢及巡邏攔查勤務，強力查緝暴力、毒品、詐欺、酒駕及毒駕等不法行為，以精準執法與優勢警力展現維護治安的決心，全面淨化轄區治安環境，守護市民生命財產安全。桃園市警察局中壢警分局15日晚間動員79名警力執行「雷霆除暴擴大臨檢暨全市取締酒後駕車、施用毒品後駕車、防制危險駕車及噪音車輛勤務」。（警方提供）桃園市警察局中壢警分局15日晚間動員79名警力執行「雷霆除暴擴大臨檢暨全市取締酒後駕車、施用毒品後駕車、防制危險駕車及噪音車輛勤務」。（警方提供）    ,https://news.ltn.com.tw/news/society/breakingnews/5541558
無牌改裝機車深夜狂飆呼嘯 騎士見警靠近心虛自摔,社會,2026/08/16 12:55,蔡男見警方靠近，心虛加速逃逸不慎自摔。（記者鄭淑婷翻攝）桃園市25歲蔡姓男子今（16）日凌晨2點多騎乘未懸掛車牌的改裝機車，沿桃園區永安路一路呼嘯，見巡邏警車靠近心虛加速不慎失控自摔，他也因無照及騎乘報廢車輛等違規被告發。桃園警分局埔子派出所員警當時正在執行巡邏勤務，在桃園區永安路發現蔡男騎乘未懸掛號牌的改裝機車沿路行駛，車輛發出轟鳴噪音，員警立即上前攔查，蔡男一見到警車靠近，因心虛突然加速逃逸不慎失控自摔。請繼續往下閱讀...員警隨即上前盤查，發現蔡男不但沒有駕照，騎乘的機車也已報廢，警方遂依道路交通管理處罰條例相關規定予以舉發，並依法查扣車輛。桃園警分局呼籲，民眾切勿駕駛報廢車輛或無照上路，遇警方攔查時應立即停車並配合執行勤務，切勿加速逃逸，以免危及自身及其他用路人安全。    ,https://news.ltn.com.tw/news/society/breakingnews/5541582
外木山老船長固定纜繩不慎落海 岸巡人員跳港救援保命,社會,2026/08/16 12:34,岸巡人員跳下港區，將老船長救起。（第二岸巡隊提供）基隆市外木山漁港一名船長今日上午9時許，固定漁船纜繩時，一時操作不慎，失足掉落海中。岸巡人員巡查發現，趕緊通報備勤人員，攜帶救生圈等裝備到場，並跳入港區將人救起，所幸及時發現緊急救援，保住船長一命。海巡署第二岸巡隊外木山安檢所海巡人員執行巡查勤務時，在港區發現一名老船長不慎掉落海中，第一時間通報備勤人員帶上裝備，趕赴現場，另一方面則通報119請消防局派遣救護車到場協助。請繼續往下閱讀...岸巡人員將救生圈拋下海中後，兩人跳進港區將慌張的老船長抓牢，慢慢地將人拉近岸邊，順利將人救上岸。岸巡人員安撫老船長情緒，並將他拉近岸邊，順利將人救起。（第二岸巡隊提供）    ,https://news.ltn.com.tw/news/society/breakingnews/5541556
草屯車禍驚見「喪屍煙彈」與大量爆竹 駕駛棄車逃逸,社會,2026/08/16 12:27,1名婦人駕車在草屯虎山路自撞電線桿棄車逃逸。（圖由警方提供）南投縣草屯鎮虎山路昨（15日）下午發生1起轎車自撞電線桿事故，警方獲報趕抵現場時，肇事駕駛已棄車逃逸，並搭乘接應車輛離去，警方搜查肇事車輛後，除發現大量爆竹煙火外，更於駕駛座起出俗稱「喪屍煙彈」的依托咪酯與安非他命毒品，已鎖定涉案婦人查緝。草屯分局昨下午4時30分許，獲報轄區虎山路發生1起白色BMW轎車自撞電線桿事故，草屯派出所員警前往處理，發現肇事者不見蹤影，但車內竟有大量爆竹煙火，進一步搜查發現駕駛座遺留「喪屍煙彈」毒品及1包結晶粉末，經帶回篩驗確認為依托咪酯及安非他命。請繼續往下閱讀...警方事後調閱路口監視器發現肇事者是1名婦人，肇事後棄車並由另1部車輛接送離開，懷疑毒駕肇事，目前已鎖定對象，全案將依涉嫌違反毒品危害防制條例及公共危險罪積極偵辦。警方在肇事車輛內起出大量煙火爆竹。（圖由警方提供）    ,https://news.ltn.com.tw/news/society/breakingnews/5541557
幫詐團印假收據騙走190萬 冷氣技師「留指紋」露餡,社會,2026/08/16 12:24,幫詐團印假收據騙走190萬，冷氣技師「留指紋」露餡。（資料照）苗栗縣1名擔任空調技師的林姓男子，加入詐欺集團負責替面交車手至超商列印假的「投資公司收款收據」，致使被害人誤信虛假投資網站，遭詐騙190萬元。警方在扣案收據上採集到林男指紋成為鐵證，苗栗地院法官審理後，依三人以上共同詐欺取財罪，判處林男有期徒刑1年8個月。判決書指出，林男於2023年底加入以「順泰投資」名義行騙的詐欺集團，該詐團成員透過LINE群組「昇財儷喜佈局計畫47」等帳號，向戴姓男子佯稱可儲值下單投資，誘騙1名被害人於同年12月22日晚間前往苗栗市1處停車場面交190萬元。請繼續往下閱讀...期間，林男依詐團指示前往超商列印偽造的「順泰投資股份有限公司」收款收據，再轉交給不詳面交車手向被害人行使並取走巨款，被害人事後察覺受騙報警，警方將扣案收據送交刑事警察局鑑驗，成功比對出林男指紋而破案。苗栗地院審理時，林男坦承犯行。法官審酌林男不思正途，竟參與詐團分工協助印製假收據，嚴重侵害被害人財產安全，惟考量其於法院審理時坦承犯行，且無證據顯示其分得犯罪所得，兼衡其自述擔任空調技師等生活狀況，判處有期徒刑1年8個月。    ,https://news.ltn.com.tw/news/society/breakingnews/5541551
旅宿隨機敲門鎖定女子！醉男闖房壓地性侵 幼子護母也遭殃,社會,2026/08/16 11:51,桃園1名吳姓男子酒後在旅宿隨機敲門，趁女子應門時強闖房內，將人壓倒在地，撕扯衣物、襲胸及強吻，企圖強制性交。女子未滿12歲兒子上前護母，也遭推倒撞牆受傷，直到女子丈夫返回制止。（示意圖）桃園1名吳姓男子酒後在旅宿隨機敲門，趁女子應門時強闖房內，將人壓倒在地，撕扯衣物、襲胸及強吻，企圖強制性交。女子未滿12歲兒子上前護母，也遭推倒撞牆受傷，直到女子丈夫返回制止。桃園地院依侵入住宅強制性交未遂罪判吳男6年，另依成年人故意對兒童犯傷害罪判3月；高等法院駁回上訴，維持原判。判決指出，吳男去年10月5日凌晨4時許，前往桃園區1處旅宿，隨機敲擊不特定房間房門。當時女子與兒子正在房內休息，丈夫則外出買東西，女子聽見敲門聲後起身查看，未料吳男竟以不詳方式開啟房門，不顧女子抵抗，強行推門闖入。請繼續往下閱讀...女子指控，吳男進門後將她不斷往屋內推，接著拉扯頭髮、壓倒在地，以全身壓制她，過程中不斷說著「幫我、幫我」，還撕扯、掀起她的衣物，撫摸胸部並親吻頸部；她大聲呼救時，吳男甚至一度摀住她的嘴巴。女子的兒子被哭喊聲驚醒，見母親遭陌生男子壓制，試圖拿手機並上前阻止。吳男卻要男童「不要理她」，還動手將男童推開，導致男童跌倒撞上牆壁，右膝挫傷。女子丈夫約20分鐘後返回，一出電梯就聽見妻兒哭喊、呼救，衝進房間後發現吳男正壓在妻子身上，女子衣服遭掀起、雙腳被打開，吳男褲頭也已鬆脫，下體朝女子身體動作，丈夫隨即上前將吳男拉開、壓制在地並報警，才及時阻止性侵得逞。吳男到案後否認犯行，辯稱當時喝醉，只是想敲門找人幫忙打119，女子也同意讓他進房；他還稱自己喝酒又服用安眠藥，進入房間後便失去意識，不可能性侵女子。警方事後酒測，測得吳男吐氣酒精濃度達每公升0.98毫克。但桃園地院不採信說法，到場員警證稱，吳男雖滿身酒味，但意識仍算清楚，可以正常對話，並非完全酒醉；法院也發現，吳男對案發前在哪裡喝酒、有沒有服用安眠藥等說法前後不一，加上女子臉部、四肢均有抓傷、擦傷，足以證明雙方曾激烈拉扯，認定吳男並未醉到失去控制行為能力。桃園地院審酌，吳男為滿足一己私慾，無視女子性自主權及居住安寧，不僅侵入房間企圖強制性交，還傷害上前保護母親的男童，對母子身心造成深遠傷害，且犯後始終否認犯行，依侵入住宅強制性交未遂罪判處有期徒刑6年；另依成年人故意對兒童犯傷害罪判刑3月。案經上訴，高等法院駁回上訴，維持原判，仍判侵入住宅強制性交未遂罪6年，另依成年人故意對兒童犯傷害罪判3月。    ,https://news.ltn.com.tw/news/society/breakingnews/5541497
台北東區熱炒店午休遭竊賊闖入搜刮 損失2萬5鎖定身分追查,社會,2026/08/16 11:50,竊賊闖入店家進入櫃台後，搜刮收銀機現金約2萬5千元。（店家提供）台北市大安區東區商圈大安路一段一家素食熱炒店，昨天午休時間遭到竊賊闖入，大肆搜刮收銀機現金逃逸，店家開店時驚覺損失25000元，隨後由張姓負責人報案，大安分局警方立即到場採證，已調閱相關影像並掌握竊賊身分，正持續追緝中。熱炒店在社群threads貼文附上影片，經過店家看完監視器得知，該名竊賊下手前已經在店外徘徊一陣子，趁著他們下午員工休息時，躡手躡腳走進櫃檯內搜刮財物，店家也提醒同業，空班時間要鎖門，且不要將收銀機鑰匙插在上面，以及大鈔不要累積盡量放入金庫。請繼續往下閱讀...大安警分局調查，竊賊趁熱炒店員工午休且大門未鎖，15分鐘內進入店家3次，第1次假意詢問是否營業，第2次潛入後才得手，第3次又進去翻錢箱並擦拭指紋，而負責人38歲張女開店時，驚覺收銀機內現金被搜刮，損失約2萬5000元，隨即報案。警方指出，獲報後立即通知鑑識小隊到場採證，張女於同日至派出所完成報案，經調閱監視器畫面及蒐集相關事證，目前已掌握涉案男子是名慣竊，將持續擴大調閱影像追查，依法究辦。警方呼籲，店家應妥善保管營業現金，非營業時間應加強門禁及店內巡查，若發現可疑人車或發生財物遭竊情事，應立即報警求助。    ,https://news.ltn.com.tw/news/society/breakingnews/5541520
獨家》吊掛亡者後遇雷雨！ 空勤直升機返航高雄受阻 迫降恆春機場加油,社會,2026/08/16 11:25,空勤直升機返航高雄受阻迫降恆春機場緊急加油。（記者蔡宗憲攝）登山協會幹部深入恆春半島探勘遭虎頭蜂圍攻釀2死慘案，空勤總隊直升機NA-104今（16）日清晨圓滿完成滿州山區2具罹難者遺體的吊掛任務後，原訂直接返航高雄駐地，不料途中天候驟變，高雄地區出現劇烈雷雨，直升機最終被迫轉降恆春機場進行緊急加油，意外上演一段空中險象環生的救援插曲。據了解，空勤104直升機順利將遺體送抵滿州國中後，隨即起飛返航高雄。不料沿途天候急轉直下，高雄機場周邊能見度由目視飛行一路驟降為特種目視，隨後更惡化為嚴格的儀器天氣；就在直升機準備降落前夕，高雄機場甚至發布雷雨警報，天候條件極度惡劣，無法安全落地。請繼續往下閱讀...考量飛行安全與油量消耗，機組人員果斷決定改道，緊急轉降屏東恆春機場。為確保後續飛行安全，軍方航特部火速支援油車前來進行空中加油，恆春機場也全力協助清理廢棄物與機務整備。在順利補足油料與完成安檢後，空勤直升機已重新起飛，安全返抵高雄駐地，順利為這場極度艱辛的搜救任務畫下句點。空勤直升機返航高雄受阻迫降恆春機場緊急加油。（記者蔡宗憲攝）    ,https://news.ltn.com.tw/news/society/breakingnews/5541487
花蓮東大門夜市驚見攤位遭砸 雙方各執一詞,社會,2026/08/16 11:12,花蓮東大門夜市原住民一條街昨晚發生毀損事件，1間魷魚攤位遭人用球棒砸毀。（圖由民眾提供）花蓮東大門夜市原住民一條街昨晚發生毀損事件！41歲林姓男子持球棒衝入1間炸魷魚攤位猛砸，警方獲報到場時林男已離開現場，經調閱監視器鎖定身分後，林男當晚9時40分主動到案說明，初步了解為雙方疑似有經營以及金錢糾紛，全案依毀損及傷害罪嫌函送花蓮地檢署偵辦，詳細案發原因仍待警方進一步釐清。警方調查，15日晚間8點半左右，東大門夜市原住民一條街1處炸魷魚攤位遭人持球棒破壞，現場引起大批民眾圍觀，攤位架子、食材及油鍋等生財工具遭破壞，導致攤商無法繼續營業，離開前林男還持球棒朝黃姓老闆腹部揮擊一棒，過程中攤位玻璃遭砸破噴飛，黃男左手及左額頭也因玻璃割傷。請繼續往下閱讀...花蓮警方獲報後出動大批警力趕抵現場，惟犯案的林姓男子已先行離開，警方隨即調閱周邊監視器畫面，鎖定林男身分，林男晚間9點40分主動到警局說明案發經過。據警方調查，林姓男子為港天宮夜市創辦人，同時也是該夜市執行長，平時負責攤商安排及夜市整體規劃。林男供稱，黃姓老闆先前因攤商資格不符，無法到港天宮夜市擺攤，雙方因此產生嫌隙。林男供稱，案發當晚飲酒後一時情緒失控，認為長期遭到對方挑釁恐嚇忍無可忍，才持球棒前往東大門夜市尋仇砸店。不過，黃姓老闆對此有不同說法，他認為林男所述並非事實，強調是自己員工與林男女兒走得較近，2人之間存在金錢糾紛，與他本人無關，質疑自己無緣無故遭到砸店，與林男所稱的實際情況不符。事件曝光後也在網路社群上引發熱議，多名網友留言指稱這起衝突源於勞資糾紛，林男的孩子曾在黃男攤位工作，因薪資及工時問題產生摩擦；另有網路流傳說法提及雙方另涉其他糾紛，由於雙方對事件起因各執一詞，詳細案發原因及是否涉及其他糾紛，仍有待警方進一步調查釐清。花蓮東大門夜市原住民一條街昨晚發生毀損事件，1間魷魚攤位遭人用球棒砸毀。（圖由民眾提供）花蓮東大門夜市原住民一條街昨晚發生毀損事件，1間魷魚攤位遭人用球棒砸毀，警方把涉案林姓男子移送法辦。（圖由警方提供）    ,https://news.ltn.com.tw/news/society/breakingnews/5541476
把營區當砲房！陸軍已婚連長偷吃女中士 「好硬好喜歡」IG動態成鐵證,社會,2026/08/16 11:02,曾在宜蘭縣陸軍某營區服役的已婚蔡姓上尉連長，被控把營區當砲房偷吃女中士。（資料照）宜蘭縣陸軍某營區已婚的蔡姓上尉連長，被控偷吃女下屬李姓中士，還把營區寢室當「砲房」，蔡男林姓妻子整理家務，發現李女寫給蔡男的3封情書，驚覺丈夫出軌，憤而提告求償。宜蘭地院最近判處蔡男及李女應連帶給付林女60萬元。年約30歲蔡姓連長服役將近10年，不倫戀對象李姓中士的前男友也在同個營區擔任士官，直到李女結交蔡姓連長後才分手，前男友曾為此案到庭作證爆料，李女IG限時動態出現她跟蔡男互動時「好硬好喜歡而且吻技超好」鹹濕內容。軍方調查認定蔡男及李女違反國軍人際關係行為規範，據了解，2人在案發後已被汰除。請繼續往下閱讀...判決指出，蔡姓連長與林姓妻子在2022年底結婚，婚後育有2名子女，林女去年11月整理家務時，發現他人寫給丈夫的3封情書，隔天打電話怒嗆蔡男，「我覺得你很帶種，把證據帶回家」，蔡男坦承與李姓中士上床，去年4月起分別在服役的營區寢室、宜蘭縣飯店、汽車旅館等地同宿並發生性行為。宜蘭地院審理期間，李姓中士的士官前男友到庭證稱，寫給蔡姓連長的3封情書，從筆跡看出是李女寫的，事發期間李女常到蔡男營區寢室，李女IG小帳限時動態曾PO出「在營區一起睡覺……不安分手手摸進來我的衣服，好白好硬好喜歡而且吻技超好，又很會前戲，讓我爽一個咪咪冒冒……30歲男人魅力怎麼那麼大」等語，依照訊息內容來看是有做愛。李姓中士辯稱，蔡姓連長收到的3封情書，書寫者以綽號「哞」自稱，身分不詳，並非她所撰寫，2人沒有逾越友誼界線，蔡姓連長也否認偷吃。承審法官審酌3封情書內容、IG截圖、證人證述、調查報告、飯店旅客資料，未採信蔡姓連長及李姓中士說詞，認為蔡男妻子向2人求償60萬元應屬適當。可上訴。    ,https://news.ltn.com.tw/news/society/breakingnews/5541468
高雄大中路高架橋驚見行人 熱心駕駛開故障燈護送,社會,2026/08/16 10:38,陳姓婦人獨自行走在大中高架橋上，熱心民眾緊跟身後保護。（民眾提供）陳姓婦人15日夜間獨自行走在高雄市左營區大中路高架橋路段，險象環生，110瞬間湧入報案電話，警方獲報趕往處理，有熱心民眾打故障燈緊跟陳婦身後保護。據了解，陳婦因不熟路況，誤行至高架橋上，警方依規定開罰。左營警分局15日夜間8時許接獲報案，指稱左營區大中路高架橋路段（西向東）有一女子徒步行走。經了解，43歲陳婦為雲林人，前來高雄訪友，疑因未注意路況且路線不熟，一時不慎誤行至高架道路，本欲徒步走下匝道，後由民眾通報警方，警方順利於高架路段上將其攔截，載同返所後提供飲水，並依道路交通管理處罰條例開出500元罰單。    ,https://news.ltn.com.tw/news/society/breakingnews/5541444
你中招了嗎？台中南屯詐騙熱區是這5里   警長親出馬防詐,社會,2026/08/16 10:35,台中市警局第四分局分析南屯區詐騙件數、財損金額最高5個里，加強宣導精準防詐。（警方提供）台中男子阿銘（化名），認識自稱「雨潔」的網友，以為遇到真愛，卻被慫恿面交、匯款，被騙近500萬元，讓他懊悔不已，有鑑於詐騙手法不斷翻新，轄區台中市警局第四分局經大數據分析後，從「詐騙件數」及「財損金額」兩大面向盤點，發現轄內南屯區文山、豐樂、春社等5個里是「詐騙熱區」，製作防詐傳單、摺扇，由分局長蔡慶星親自到這些里宣導，實施精準防詐。第四分局表示，有鑑於詐騙手法推陳出新，針對今年1至7月轄內南屯區詐欺案件進行數據分析，從「詐騙件數」及「財損金額」兩大面向盤點，發現「詐騙件數」前5名分別是文山、豐樂、春社、三厝、田心等5里；「財損金額」前5名則是大業、豐樂、春社、三義、文山等5里，其中文山、豐樂、春社3個里，不論詐騙件數和金額都上榜。請繼續往下閱讀...第四分局表示，為了讓防詐宣導發揮最好的效果，透過「數據分析、熱點鎖定、社區協力、精準投放」的方式，讓防詐不再只是廣泛宣導，而是直接走進高風險里別及社區大樓，針對前5名高發里別，進一步製作防詐宣導圖卡，並設計具有地方意象的犯罪預防摺扇，將有限的宣導資源投入高風險區域，實施精準防詐。分局長蔡慶星更親自率隊深入高發里別及社區大樓，將防詐宣導圖卡送到里民手中，不少里民得知都主動關注「我們里有沒有上榜？」，甚至彼此提醒親友提高警覺避免被騙。第四分局呼籲，詐騙集團善於利用感情、投資及各種生活情境降低民眾戒心，尤其「先交友、後談錢」更是常見詐騙套路，民眾遇到陌生網友要求匯款、面交或提供帳戶等情形，務必提高警覺，如有任何疑問，可撥打110或165反詐騙諮詢專線查證。台中市警局第四分局分析南屯區詐騙件數、財損金額最高5個里，製作傳單宣導、提醒。（警方提供）台中市警局第四分局分析南屯區詐騙件數、財損金額最高5個里，分局長蔡慶星親自率隊進行精準防詐宣導。（警方提供）    ,https://news.ltn.com.tw/news/society/breakingnews/5541440
馬祖海巡隊傳佳音 兄妹檔同榜水上警察三等特考,社會,2026/08/16 10:25,馬祖海巡隊員張育誠（圖右）、張茹鈺（圖左）兄妹雙雙錄取「115年水上警察三等特考」。（馬祖海巡隊提供）海巡署艦隊分署馬祖海巡隊再傳捷報！馬祖海巡隊兄妹檔隊員張育誠、張茹鈺雙雙錄取「115年水上警察三等特考」，展現馬祖海巡隊重視人才培育、鼓勵同仁持續進修的優良風氣，也彰顯海巡同仁在堅守崗位，仍不忘精進專業、追求卓越的決心。馬祖海巡隊隊長曾明羲表示，張育誠、張茹鈺兄妹來自彰化，哥哥張育誠畢業於彰化高中，考取警察專科學校第40期；妹妹張茹鈺則畢業於彰化女中，考取警專第42期。兄妹倆從求學、從警到備考一路相互扶持，今年更一同通過水上警察三等特考，朝更高階的警察專業邁進。請繼續往下閱讀...值得一提的是，兄妹倆的父親同樣是一名警察，目前服務於鹿港分局福興分駐所。自幼耳濡目染，警察工作早已在兄妹心中埋下種子，也成為兩人投身警界的重要力量，如今更將這份警察志業延續至下一代。然而，備考之路並不容易。海巡勤務繁重，除須面對日常執勤壓力，還得利用下班及休假時間準備考試。即使身心疲憊，兄妹倆仍彼此鼓勵「再撐一下」，在工作、生活與讀書之間尋求平衡，最終成功突破自我。曾明羲指出，馬祖海巡隊平時透過勤教及案例分享，向同仁說明案件法律適用與相關應處作為，協助同仁累積實務經驗、強化法治觀念，將理論與勤務實務相互結合，營造良好的學習與成長環境。張育誠、張茹鈺表示，這次能夠雙雙錄取，除了自身努力，也要感謝父母及馬祖海巡隊長官、同仁的支持與鼓勵。「也許我們不是最聰明的人，但只要不放棄，總能走到自己想去的地方。」從彰化到馬祖，從警專校園走上海巡第一線，兄妹倆用堅持寫下屬於自己的從警故事，也為馬祖海巡隊人才培育再添一樁佳話。兩人表示，未來將不忘初心、持續精進專業，為守護國境安全貢獻心力。    ,https://news.ltn.com.tw/news/society/breakingnews/5541413
警察當男公關3-3》警職身分成男模會館賣點？ 酒店經紀人：恐玩火上身,社會,2026/08/16 10:24,有經紀人表示通常都會過濾掉具公職、警職身分的小姐或男公關。圖為警方過去上酒店臨檢。（資料照）這次爆發前台北市文山一分局莊姓警員在留職停薪期間跑去當男公關一事，不免也讓外界好奇，莊男的警職身分，是否曾經是男模會館的「賣點」？有酒店經紀人對此表示，不論是男公關或酒店小姐，店家在乎的往往是身形外貌，鮮少會以「職業」來當宣傳噱頭，尤其如果傳出有警職、公職者在店內工作的話，絕對不是好事，若還拿此來宣傳恐怕會玩火上身。這名經紀人說，以酒店生態而言，店家比較在乎小姐的類型跟數量，畢竟「青菜蘿蔔，各有所好」，店家會希望經紀人能夠提供環肥燕瘦各類小姐，因此店家往往比較在乎小姐的外貌、體態，並不會用職場經驗當作篩選條件。請繼續往下閱讀...不過，為了確保小姐能夠正常出勤、上班，經紀人大多會稍加留意小姐的交友、生活、債務情況，設法過濾掉交往複雜、狀況不穩定的小姐，避免衍生糾紛或狀況。此外，不論是酒店小姐或男公關，許多人平時白天仍有正職工作，也有人是瞞著家人跑來兼職，仍會想保有隱私，通常不會主動透露自己太多訊息。另名經紀人也分析，男模會館跟酒店畢竟是會被警方臨檢的場所，如果有類似莊姓員警這類具警務身分者來上班，絕大多數正常的店家都會「拒收」。因為這類風聲如果傳出去，一定會招來警方強力臨檢、大力掃蕩，屆時恐怕得不償失。2024年5月，新竹縣竹北分局1名女警被造謠在1家養生館兼差賣淫，警方內部調查後確認並無此事，還女警清白；但這家養生館也因此被警方盯上，經警方大力臨檢、密集站崗，不久後店家就選擇關門歇業。警察當男公關3-1》警當男公關被免職 警界認為主官考核停職人員不合理警察當男公關3-2》警務人員留職停薪仍是公務員 不能囂張上酒店    ,https://news.ltn.com.tw/news/society/breakingnews/5541408
警察當男公關3-2》警務人員留職停薪仍是公務員 不能囂張上酒店,社會,2026/08/16 10:21,台北市警局近3年每年平均都有80位同仁申請留職停薪。（資料照）前台北市文山一分局莊姓警員在留職停薪期間異想天開跑去當男公關，還鬧出一堆風波，引起各界議論紛紛。對此，就有督察人員指出，警務人員就算在留職停薪期間，仍具備公務員身分，別以為就能「光明正大」出入聲色場所、上酒店，更遑論去兼差當男公關，否則將付出慘痛代價。根據現行公務人員留職停薪辦法，公務員只要育有3足歲以下子女、本人或配偶的直系血親尊親屬年滿65歲以上或重大傷病，且須侍奉，就能申請留職停薪，其中育嬰、育孫留職停薪等事由機關不得拒絕，但需檢附相關證明文件；留職停薪以2年為限，必要時得延長1年。請繼續往下閱讀...1名督察組長指出，警務人員在留職停薪期間仍具公務員身分，且並非完全不能兼差工作，但必須符合公務員服務法相關規定，不能從事有損害公務員名譽、政府信譽或經營商業等違反公務員服務法的工作。如果以照顧剛出生的小孩為由申請留職停薪，當事人能利用照顧小孩空檔去超商打工、跑外送，或在家做網拍、寫程式，但不能另外去做全職或是工時太長的工作導致無法照顧小孩，或從事有損公務員形象的相關工作，像是賭場、酒店或電玩店等。以台北市警局統計，近3年每年平均都有80位同仁申請留職停薪，事由以育嬰留職停薪居多，侍親留職停薪次之。北市警指出，針對同仁留職停薪期間，將持續落實關懷與生活考核，如有違法違紀行為，即秉持「不掩飾、不庇縱、不護短」態度，除依警察人員獎懲標準及公務員懲戒法等規定即時懲處外，另視情節輕重檢討免職汰除等處分，以維護警察機關形象。警察當男公關3-1》警當男公關被免職 警界認為主官考核停職人員不合理警察當男公關3-3》警職身分成男模會館賣點？ 酒店經紀人：恐玩火上身    ,https://news.ltn.com.tw/news/society/breakingnews/5541407
警察當男公關3-1》警當男公關被免職 警界認為主官考核停職人員不合理,社會,2026/08/16 10:14,莊姓員警在職期間與同事相處融洽，還曾因為協助搭公車迷途的獨居長者安全返家，以「暖警」身分上過新聞。（記者鄭景議翻攝）前台北市警局文山一分局莊姓警員，留職停薪期間到男模會館當男公關，涉嫌詐騙女客100萬元，回任後還將警政資料洩漏給其他女客，他不僅因此被法辦、起訴，也被記2大過免職。然而警界現行規定，單位主官要對這類留職停薪人員進行考核，不少警界幹部就直言，在職人員都不一定管得完，更何況長期留職停薪者？直呼相關規定不合理。依據現行「端正警察風紀實施規定」，各級主官對現職、停職及留職停薪人員應負考核責任，對其平時工作、生活、言行，深入瞭解，實施考核。請繼續往下閱讀...警界幹部直言，對於停職及留職停薪者，主官頂多只能打電話詢問情況，當事人如果隨便敷衍，不從實交代，根本無從掌握，再加上各項勤務繁雜，若要求主官還要去「家庭訪問」，無疑是增加工作量且不一定看得到成效。以這次出事的莊姓員警為例，如果主官打電話關心、去家訪，他有可能會說「我在當男公關」嗎？1名派出所所長也說，過去就有同仁下班後在外喝酒，酒後與人發生糾紛、鬥毆而鬧上新聞版面；主官不是保母，不可能24小時跟著同仁防範出事，主官連在職同仁都不一定管得完，更遑論停職或留職停薪者？另名督察組長指出，通常警務人員如果「出包」被懲處，主官要負連帶考核監督責任。但「警察人員獎懲標準」也規定，「訓練、進修、請假、停職或留職停薪等期間1個月以上，客觀事實上無法考核監督」，主官可免除懲處。這次莊姓警員當男公關一事，其單位主官因為這項規定沒有被懲處，但事件曝光後，全台各警局許多長官，都要求轄下各單位主官，要設法針對留職停薪者落實關懷與生活考核，然而這無異是「不可能的任務」，許多主官都認為根本辦不到而且沒有實質意義。警界認為，早期因為「軍警一家」，因此警界不少規定沿襲軍方的「連坐法」並沿用至今；但隨著時代進步，如今警界同仁也相當重視自身權益，呼籲相關規定應該與時俱進修改，設法廢除不合理的部分。警察當男公關3-2》警務人員留職停薪仍是公務員 不能囂張上酒店警察當男公關3-3》警職身分成男模會館賣點？ 酒店經紀人：恐玩火上身    ,https://news.ltn.com.tw/news/society/breakingnews/5541406
金門毒駕男子逆向撞路邊車  警問話嚇到全身抖動露餡,社會,2026/08/16 10:09,金門1名男子騎車沿金湖鎮太湖路往新市圓環行駛，逆向衝撞停放路旁汽車。（金湖分局提供）金門1名男子騎車沿金湖鎮太湖路往新市圓環行駛，竟逆向衝撞停放路旁汽車，警方到場問話，男子精神渙散，「嚇得」全身抖動，員警判斷毒駕，施以毒品快篩檢測，果然呈陽性反應，全案依刑法公共危險罪毒駕偵辦並移送金門地方檢察署，向法院聲請羈押獲准。金門縣警局金湖分局表示，40多歲李姓男子14日騎機車沿金湖鎮太湖路1段往新市圓環方向行駛，經過赤東路口時忽然逆向行駛至對向車道路肩，擦撞停放在某便利超商前的2輛汽車，不僅造成車損，李男手腳也擦挫傷。請繼續往下閱讀...金湖分局警備隊隊長王祺民說，當員警獲報趕往處理並對李男實施酒測，酒測值為零，但處理過程員警發現李男答話時精神渙散，全身抖動，疑似有毒駕情形，立即施以毒品唾液快篩檢測，呈陽性反應。李男接受偵訊已被金門地方法院裁定羈押。金湖分局長黃智銘說，毒駕是道路安全隱形殺手，不僅危害自身安全，也嚴重威脅到其他用路人，警方會持續加強查緝毒駕及酒駕力度。金門1名男子騎車沿金湖鎮太湖路往新市圓環行駛，逆向衝撞停放路旁汽車後，機車被人扶起暫停路旁。（金湖分局提供）    ,https://news.ltn.com.tw/news/society/breakingnews/5541403
借宿性侵遠房親戚2次 花蓮男認罪150萬和解判緩刑,社會,2026/08/16 10:07,花蓮地方法院。（記者王錦義攝）花蓮縣劉姓男子涉嫌兩度性侵借住家中的遠房女親戚，花蓮地方法院近日依強制性交罪判處劉男有期徒刑1年10月，共2罪，應執行有期徒刑2年，法院審酌劉男犯後坦承犯行，並與被害人達成150萬元調解，加上被害人同意給予機會，依法酌減其刑並宣告緩刑5年，緩刑期間付保護管束，須完成法治教育課程且不得騷擾被害人，全案仍可上訴。判決指出，劉男與A女（化名）為遠房親戚，去年10月A女前往花蓮探訪，借住劉男位於吉安鄉的住處，當晚兩人一同外出聚餐飲酒。判決書認定，劉男分別於當晚聚餐結束搭車返家途中，以及隔日上午，兩度違反A女意願，以強暴方式性侵得逞。A女事後告知親友並報警處理，全案因而查獲，由花蓮警方移送花蓮地檢署偵辦後起訴。請繼續往下閱讀...法院審理時，劉男坦承犯行，並與A女於去年12月透過法院調解成立，同意賠償150萬元，以分期方式按月給付，截至言詞辯論終結前已累計給付69萬元，A女也在調解筆錄中表明體諒劉男悔意，同意給予從輕量刑及緩刑機會，法官依刑法第59條規定酌量減輕其刑。判決書指出，考量劉男犯後始終坦承犯行、與被害人達成調解並持續依約履行賠償，堪認確有悔意及積極彌補過錯之誠意，加上其為國中畢業智識程度、目前從事模板工程、需扶養2名在學子女，且近5年並無其他犯罪紀錄，綜合上述情狀認暫不執行刑罰為適當，宣告緩刑5年，須於判決確定後2年內完成4場次法治教育課程，緩刑期間並付保護管束。    ,https://news.ltn.com.tw/news/society/breakingnews/5541388
距虎頭蜂巢5公尺！特搜勇士穿防蜂衣搬遺體 空勤完成吊掛,社會,2026/08/16 10:07,搜救環境非常困難，義警消人員必須冒雨在山區及石礫海岸搜索、運送。（消防局提供）登山協會幹部深入恆春半島未開放山林探勘遭虎頭蜂圍攻重大慘案，搜救行動今日（16日）進行最終的遺體吊掛與相驗程序。屏東縣消防局特搜大隊透露昨日移運遺體的驚險過程，最後尋獲的顏姓副領隊倒臥地點，竟然距離虎頭蜂巢僅短短5公尺！特搜人員頂著龐大蜂群環繞飛行的生死威脅，冒險穿上防蜂衣深入險境，以接力方式將2名罹難者遺體順利移至吊掛點，今日清晨由空勤直升機一舉吊掛載回，全案移交屏東地檢署相驗。搜救人員指出，昨日中午在懸崖下尋獲64歲顏姓副領隊時，現場狀況極度危險。研判顏男當下遭到蜂群猛烈叮咬後，選擇就地掩蔽倒臥，不料該處旁邊不到5公尺就是巨型虎頭蜂巢。搜救安全官見狀不敢大意，緊急調派2名特搜隊員穿上厚重防蜂衣深入死角搬離遺體。移運期間，成群狂暴的虎頭蜂一直在隊員身旁盤旋警戒、不斷發出嗡嗡巨響，場面令人捏一把冷汗。請繼續往下閱讀...隊員憑藉專業與沉著，將顏男遺體搬離至安全距離後，再由另外4名特搜隊員接力，長途抬運至直升機吊掛點；而先前尋獲的67歲張姓領隊，倒臥地點則距離顏男約700公尺遠，顯見當時兩人奔逃與避難過程相當混亂慘烈。今日（16日）清晨山區天候好轉，消防局立即協請空勤總隊派遣直升機執行吊掛任務。空勤直升機順利抵達山區吊掛點後，採一次吊掛載運2具遺體方式，快速飛往滿州國中操場降落。隨後由等待在現場的救護車與殯葬人員接手，將張男與顏男的遺體送往屏東殯儀館，由檢警會同法醫進行相驗，釐清確定死因。特搜勇士「穿蜂衣踩蜂巢區」搬遺體 空勤完成吊掛。（民眾提供）特搜勇士「穿蜂衣踩蜂巢區」搬遺體 空勤完成吊掛。（民眾提供）義警消人員必須冒雨在山區及石礫海岸搜索、運送。（消防局提供）    ,https://news.ltn.com.tw/news/society/breakingnews/5541393
賊2度上捷運工地偷電纜線 警巡邏鷹眼逮人,社會,2026/08/16 10:05,警方逮到張男。（記者王冠仁翻攝）32歲張姓男子因為缺錢花用，竟異想天開把歪腦筋動到台北捷運的捷運工地中電纜線，他近來2度到台北市中正區南海路與湖口街附近的捷運工地，趁著凌晨夜色掩護，拿工具潛入竊取電纜線。不過，他第2次犯案完要離去時，恰好被巡邏員警眼尖盯上，員警上前攔查，當場人贓俱獲逮到他。北市警中正二分局南昌路派出所警員在日前凌晨4時許，巡邏經過中正區南海路與湖口街口附近的捷運工地時，眼尖發現有1名男子拿著1綑電纜線徒步經過，形跡可疑，員警立刻上前盤查。沒想到，這名男子見到員警，手忙腳亂想丟掉手上的電纜線。請繼續往下閱讀...員警攔下這名男子，一查發現他是32歲張姓男子，而且4天前也曾跑來捷運工地偷走電纜線。警方說，張男首度來捷運工地偷走電纜線被工程人員事後發現報警，警方當時調閱監視器畫面追查，發現他得手後還搭乘計程車落跑、製造斷點，但警方仍循線鎖定他身分。正當警方準備要前往他住處抓捕之際，沒想到他2度犯案，當場被警方逮個正著。警方除了查扣張男偷來、價值約6千元的電纜線，也在他身上查扣犯案用的老虎鉗等工具，最後將他依竊盜罪嫌送辦。中正二分局強調，打擊治安犯罪絕無假期，捷運工程及各類重大公共建設為城市發展之基石，不容許不法之徒趁機牟利或破壞。警方除持續落實轄區各重要工地、公共設施的巡邏與深夜維安力道外，也呼籲各工程單位應加強工地門禁管制，增設監視器與照明設備，並強化物料保管防護措施。警方查扣張男偷來的電纜線。（記者王冠仁翻攝）警方查扣張男的犯案工具。（記者王冠仁翻攝）警方查扣張男的犯案工具。（記者王冠仁翻攝）    ,https://news.ltn.com.tw/news/society/breakingnews/5541396
冒用他人通行證闖基隆港管制區 法官裁罰貨運司機5千元,社會,2026/08/16 09:53,基隆地院審理後認為，蘇男冒用他人身分使用進出港區證明文件，已違反社會秩序維護法，依法裁罰5千元。（記者吳昇儒攝）基隆一名蘇姓貨運司機今年8月1日上午，持周姓男子的商港通行證，闖進基隆港管制區，被管制人員攔下查證，發現他冒名使用，警方將他移送法辦。基隆地院審理後認為，蘇男冒用他人身分使用進出港區證明文件，已違反社會秩序維護法，依法裁罰5千元。基隆港務警察總隊新碼頭中隊於案發時發現，蘇男持周姓男子的定期通行證，想要進入管制的港區中，被管制站人員發現異狀，經盤查後，確認蘇男冒用他人證件，已違反社會秩序維護法，依法將他移送法辦，並將港區通行證代為回收。請繼續往下閱讀...法官審理時，蘇男坦承貪圖一時之便，冒用他人證件進入港區，且周男本人並不知情。法官考量其犯案動機僅為便宜行事，且影響社會秩序非鉅，故依違反社會秩序維護法，裁罰5千元。    ,https://news.ltn.com.tw/news/society/breakingnews/5541368
當著妻面炫耀開法拉利載妹兜風  他慘遭休夫,社會,2026/08/16 09:51,當妻面炫耀開法拉利載妹兜風，他慘遭休夫。（情境照）結婚37年的新竹陳姓男子，在友人聚會時當著妻子的面，說要開法拉利載女子去兜風，引發妻子震怒分房冷戰，事後陳男還被逮到拿房子去貸鉅款卻不說用途，妻子憤而提告休夫，新竹地院認為陳男完全不尊重妻子，判准離婚。78年結婚的陳女說，107年丈夫張男某次與友人聚會時，當著她的面與女性友人有曖昧語言，說要開法拉利載對方出去玩，她因認未受尊重而與張男吵架並冷戰，且開始分房，事後她想溝通破冰，張男卻認為她只是使性子、沒什麼好溝通的而拒絕，完全不關心她的心情；後來遭逢疫情，她失業無收入，丈夫不願支付生活費或關心她有沒有錢生活，更讓她心寒。請繼續往下閱讀...前年她無意中發現丈夫以夫妻住所貸款500萬元且不願說出用途，甚至說房子是他的，她無權過問，及其為預防她提離婚而特意增加負債等語，令她更加失望，夫妻雖分房多年，她仍持續照顧婆婆至百年歸天，沒想到丈夫隱瞞鉅額借貸，憤而訴請休夫。法官認為，張男隱瞞房地向銀行貸款數百萬元，且不願意透露用途，未尊重配偶地位，且分居後亦未採取任何具體措施以挽救瀕臨破裂之婚姻生活，已無相互扶持共同建立和諧美滿家庭真意，夫妻共營家庭生活之誠摯情感及互信基礎已失，婚姻關係名存實亡，因此判准離婚。    ,https://news.ltn.com.tw/news/society/breakingnews/5541389
持有大量毒咖啡包與愷他命 判4年6個月,社會,2026/08/16 09:47,苗栗男持有大量毒咖啡包與愷他命被逮。（資料照）苗栗縣黃姓男子涉嫌販賣第三級毒品彩虹菸，並大量持有含「喵喵」成分的瑪利歐與黃明志包裝毒品咖啡包、愷他命等，遭警方持搜索票查獲。苗栗地院法官審理後，考量黃男於偵審期間均坦承犯行，依販賣第三級毒品罪及持有第三級毒品純質淨重5公克以上罪，數罪併罰判處黃男應執行有期徒刑4年6個月。判決書指出，黃男於今年2月間，分別透過通訊軟體Telegram、LINE等與買家聯繫，在苗栗市玉清路與經國路口、超商等處，3度販售含有第三級毒品成分的彩虹菸給黃姓、涂姓及葉姓男子，每次交易18支彩虹菸，收取2000元至3000元不等費用。請繼續往下閱讀...此外，黃男另於今年3月中旬，在後龍河濱公園向暱稱「黑哥」的男子，購入「喵喵」毒咖啡包105包、愷他命9包及彩虹菸311支。警方於3月底前往其住處執行搜索，當場扣得大批毒品與聯繫用手機。苗栗地院法官審酌，黃男明知毒品危害甚鉅仍販賣及持有，漠視法律規範；惟考量其偵審中均自白，符合減刑規定，兼衡其犯罪動機、持有毒品數量等情狀，各量處8個月至3年10個月不等刑期，定應執行有期徒刑4年6月；扣案手機及販毒所得均依法沒收。全案可上訴。    ,https://news.ltn.com.tw/news/society/breakingnews/5541370
男子持辣椒水到廟口夜市前左右開噴 嚇壞路人 法官裁罰2千元,社會,2026/08/16 09:15,羅男站在廟口夜市路口噴灑辣椒水。（資料照）25歲羅姓男子今年5月30日深夜與友人喝酒喝到隔天，但卻因與友人間有摩擦，一時心生不滿，持兩瓶辣椒水到廟口夜市亂噴，嚇得路人四處躲避。羅男闖禍後，搭計程車返家，呼呼大睡。警方獲報後，前往羅男家中逮人，並依涉犯社會秩序維護法送辦。基隆地院審理後，裁罰羅男2千元。基隆市警一分局忠二路派出所獲報後，派員趕往現場，但抵達時羅男已經搭車離開，隨即調閱周邊監視器，追查其行蹤。結果看見羅男像雙槍俠一樣，拿出兩瓶辣椒水，在馬路上亂噴；等藥水噴完後，羅男隨手攔下計程車，搭車離開現場。請繼續往下閱讀...警方以車追人，一路調閱沿線監視器，成功追查到羅男住所，並將他帶回派出所偵訊。羅男看到警方敲門，神態恍惚，配合到派出所製作筆錄；警方詢問時，羅男承認有在廟口夜市入口，噴掉兩瓶辣椒水，但沒有針對特定路人攻擊。警詢後，認為羅男雖然朝馬路噴灑辣椒水，但未造成人員受傷，也未針對特定人士攻擊，故依違反社會秩序維護法，將其移送基隆地方法院進行裁罰。法官審理後認為，羅男僅因與友人不睦，就在鬧區路口即隨意噴灑辣椒水，可能危害其他用路人，已違反社會秩序維護法，依法裁罰2千元，兩瓶辣椒水沒入。    ,https://news.ltn.com.tw/news/society/breakingnews/5541340
網路賣場淪地下匯兌工具  南投警破17億洗錢水房,社會,2026/08/16 09:09,南投警方在台中市破獲詐團水房，涉嫌洗錢17億元。（警方提供）南投縣警方在台中市破獲大型水房，涉嫌透過蝦皮網路賣場與第三方支付平台掩飾進行地下匯兌，替詐騙集團與線上博弈集團洗錢，2年多經手洗錢贓款達17.1億元，逮捕36歲林姓主嫌、金主及收水手等嫌犯共28人，其中林嫌等19人已遭南投地檢署依違法洗錢防制法、銀行法、加重詐欺罪及賭博等罪嫌起訴。南投縣警察局刑警大隊科技偵查隊，去年查獲一起詐欺案後深入追查，發現以林姓男子（曾涉犯詐欺、賭博、洗錢防制法案件）為首的不法集團，招募徐姓、張姓、謝姓及黃姓男子等人負責經營管理，涉嫌替詐騙集團與線上博弈集團架設網頁與洗錢，製造不法集團金流斷點，規避警方查緝。請繼續往下閱讀...警方從去年起至今年4月陸續發動數波搜索行動，破獲該集團位於台中市環中路大本營，查扣不法所得600餘萬元及帳冊，並於台中及高雄等地，陸續逮捕林姓主嫌、金主、車手及收水手等共犯計28人，查出該集團自2023年迄查獲為止，經手洗錢贓款逾3億人民幣，換算台幣約17.1億元。警方查出，該集團除透過買賣虛擬貨幣洗錢，也在蝦皮開設網路賣場，並以第三方支付平台神速支付綁定人頭銀行帳戶，表面上以提供代購、支付寶儲值等服務掩飾，實際上是藉此從事地下匯兌，即由熟知門道的中國台商或博弈集團等客戶在蝦皮賣場或支付寶群組下單，匯款新台幣至神速支付人頭戶，該集團扣除約5%費用後，再將等值人民幣或支付寶點數匯入下單客戶帳戶中，藉此達到替詐團與博弈集團洗錢目的。南投警方破獲詐團水房，逮捕28名嫌犯。（警方提供）南投警方市破獲詐團水房，起出現金600餘萬元。（警方提供）    ,https://news.ltn.com.tw/news/society/breakingnews/5541357
收到保護令仍不怕 逆子討不到錢竟動口咬母 法官判刑9月,社會,2026/08/16 09:05,基隆地院近日審結，認定楊男共違反3次保護令，合計判處9月徒刑。（記者吳昇儒攝）基隆一名楊姓男子因為對母親施暴，去年3月13日法院核發保護令，要求他必須搬離住所，且不得母親實施身體、精神上騷擾。楊男收到後，非但不搬離家，更無故對母親動怒，同年6月5日，更因索討不到金錢，狠咬母親手背，嚴重違反保護令，被移送法辦。基隆地院近日審結，認定楊男共違反3次保護令，合計判處9月徒刑。檢警調查，楊男因涉犯家暴案件，法院為保護其母親，於今年3月13日核發通常保護令，要求楊男於同年月31日晚間，搬離住所，並裁定不得對其母親實施身體、精神上騷擾等不法侵害行為。請繼續往下閱讀...未料，楊男收到保護令一週後，因懷疑母親拿走他的身分證，開始對其咆哮，並大罵髒話，還大力拍桌；同年4月5日，未依規定搬出住所，還持續對母親大呼小叫。今年6月5日晚間，因向母親要錢不成，竟扣住母親雙手，兩人發生扭打，更用牙齒狠咬母親手背，造成其左、右手均有挫傷、瘀傷情形。楊母報警後，警方認定楊男違反保護令及傷害罪，依法送辦。法官審理時認為，楊男3次違犯保護令，分別判處有期徒刑2、4、6月，應併執行有9月徒刑，得易科罰金27萬元；另涉犯傷害罪部分，楊母於審理期間已撤回告訴，故該部分不受理。    ,https://news.ltn.com.tw/news/society/breakingnews/5541355
殺害債主棄屍山野 涉案3男要賠償死者家屬851萬元,社會,2026/08/16 08:35,周男被殺害後棄屍山野，涉案的尤男等3人要賠償死者家屬851萬元。（資料照）男子尤皇智與經營「娛樂城」的周姓業者有債務問題，委託友人宋旻諺出面邀周男協商，周男隻身赴約，卻遭尤男和姪子尤信予聯手殺害，棄屍山野；尤姓叔姪被國民法官依殺人罪各處16年6個月及11年2個月徒刑，宋男則被依限制他人行動自由等罪，判處2年6個月不等徒刑；經死者家屬提告求償，屏東地院判決尤姓叔姪及宋男3人應連帶賠償851萬多元，可上訴。檢警調查，尤皇智因遭周男催討賭債，請託友人宋旻諺出面邀約周男協商，並向姪子尤信予稱周男將對祖母不利，要求尤信予共同限制周男行動，2024年8月14日晚間，周男隻身前往恆春某包場精靈屋入口處空地等候宋男，尤皇智、尤信予則在旁埋伏，尤信予趁機以繩索套住周男控制行動，尤皇智則上前壓制，並持刀朝周男左胸刺1刀、右胸刺3刀，再以膠帶纏綑周男眼、鼻、口，周男因傷重不治。請繼續往下閱讀...尤皇智命宋旻諺打開周男開的車，與尤信予將周男屍體抬上車，尤信予開車載尤皇智棄屍滿州鄉里德山區，取走周男勞力士手表、身上及車上現金24萬多元；周男徹夜未歸，家屬發覺有異，報警協尋，才在滿州鄉山區尋獲周男遺體，並循線查獲涉案3嫌；屏東地院國民法官法庭去年12月間以殺人等罪判處尤男等3人16年半不等徒刑。死者家屬並提起刑事附帶民事訴訟，認為尤男等3人行凶手段殘忍，要求賠償精神撫慰金、扶養費等共1652萬多元；尤皇智與尤信予對於家屬的求償金額都表示沒意見，但2人都說沒有錢；宋男則說，金額太高，希望能分期付款；屏東地院審酌全案情狀及原、被告經濟狀況後，認為尤姓叔姪及宋男3人應連帶賠償死者的妻子及3名女子共851萬多元。殺害債主棄屍山野，涉案3男要賠償死者家屬851萬元。（資料照）    ,https://news.ltn.com.tw/news/society/breakingnews/5541342
直擊夜間防災！南投衛生局動員10醫院演練震後火警撤離,社會,2026/08/16 07:24,南投10間醫院模擬震後火災演練，迅速疏散病患。（南投縣衛生局提供）全球各地最近地震頻仍，南投縣衛生局近日辦理10間醫院的「醫院緊急災害應變實兵演練」，模擬地震發生後引發火災的緊急狀況，針對大小夜班人力較少的時間點進行災害應變及住院民眾疏散實地演練，提升夜間災害發生時第一線人員的危機處理能力與協調應變效率。日本熊本7月28日發生大地震，1家醫院醫護人員在地震發生時全力守護手術中病患畫面令人印象深刻。為強化醫療院所面對突發災害的應變處置能力，保障工作人員、看診及住院民眾的人身安全，南投縣衛生局因而舉辦這項演練，邀請中華民國醫療保健服務業職業安全衛生學會陳英正講師擔任專業指導講評，針對災害發生的應變處置、逃生路線規劃、住院民眾撤離流程、人員分工等面向，提供詳盡的專業意見與後續改善建議。請繼續往下閱讀...演練過程中，各家醫院依照事前規劃的應變計畫迅速啟動應變機制，由值班人員通報火警並啟動警報系統，同步疏散各樓層住院民眾至安全地點，並進行人員點名與狀況回報，透過不同防火區塊劃分，快速完成人員的撤離。衛生局局長陳南松表示，住院民眾大多行動速度緩慢或是身上裝有醫療儀器，若在災害發生時缺乏妥善應變措施，將可能導致重大危害。透過本次實地演練，不僅能讓醫療院所檢視自身災害應變計畫是否周全，亦能強化人員間的橫向聯繫與應變默契，確保在第一時間內能迅速且有序地進行通報、避難及協助住院民眾撤離，降低災害損害風險。南投縣衛生局舉辦醫院緊急災害應變實兵演練，守護病患安全（南投縣衛生局提供）。    ,https://news.ltn.com.tw/news/society/breakingnews/5541320
來台境外車手遽增 與國人到境外作案車手有差異,社會,2026/08/16 06:50,刑事警察局。（資料照）近年境外車手大量增加，尤其去年開始大幅遽增，主要原因是境內車手招募困難，國人已普遍有基本的法律概念，不願意再擔任車手。至於國人甘願到海外擔任車手，泰半是有幫派在幕後支撐，或是曾有詐欺紀錄，前往美、日、加等國短期作案，認為對方不易發現和查緝的僥倖心理。警方也認為，來台境外車手和國人到境外擔任車手，最大的差異點在於，來台境外車手大都是以通曉華語的東南亞人為主，能「單兵作戰」。國人到美、日、加作案，因受限語言的隔閡，所以都是「抱團取暖」，採三到五人的小部隊模式。請繼續往下閱讀...防詐專責警官指出，目前境外詐欺車手如東南亞、港澳籍，主要是透過地下社團、通訊軟體、同鄉介紹，以高薪、短期工作或是招待旅遊被招募來台。在警方實際的查辦中，他們都沒有特別的行前教育，亦無和詐團上游接觸。他們泰半使用telegram通訊軟體，落地之後還再加入國內新的派遣群組。以北市今年度查獲的外籍車手，通常食宿交通都自己負責，會被要求到特定的區域住宿，並每天更換旅館，減少被查獲的機率。現今警方沒有發現有團進團出的境外車手，有少數是互相認識，最多二、三個人一起來。但發現詐團在境外招募時，會針對有能力講中文的對象，不排除是國內詐團到國外去召募車手，所以大部分語言都沒有問題。每天收入大約在數千到一萬元不等。與來台的境外車手相比，國人前往國外擔任車手，兩者間最大不同點在於，他們主要「獵場」被設定在旅居美、日、加的台灣人，但又因當地語言問題，所以都是「抱團取暖」，以每次三人為一組，彼此間有一定的熟識度，待滿一個月後立即返台。境外車手甘於冒險最大原因是欠債或缺錢，和不會被抓的僥倖心理，對法令判的輕重，不在他們的評估範圍，主要是認為不會被抓到。這點和國人前往國外擔任車手的心態大致一致。尤其國外的警察不似台灣警方積極，更加便利他們利用「離境即斷點」的最大優勢。竹聯背景台灣車手團 赴美詐婦9千萬 破首宗台美跨境詐欺案 逮20餘人詐團改攻美日加台僑 跨國派車手 1年得手逾50億    ,https://news.ltn.com.tw/news/society/breakingnews/5541188
竹聯背景台灣車手團 赴美詐婦9千萬 破首宗台美跨境詐欺案 逮20餘人,社會,2026/08/16 05:30,返台報案的徐婦提供假投資憑證，用「寧海德林法」篩檢出關鍵指紋，逮捕20餘名車手。（記者劉慶侯翻攝）旅居美國加州數十年的徐姓老婦遭台灣詐欺集團騙走三百萬美金案，警方專案小組從徐婦提供的十七份假投資憑證中，篩出多名車手關鍵指紋，已陸續逮捕二十餘名具有竹聯幫背景與詐欺前科的車手，掌握這組車手團以三人一組，專程至徐婦住處附近租屋，每天觀察徐婦生活起居，一旦徐婦受騙上當，便迅速出面取款，是警方首次破獲首支有組織性赴美犯案的台灣車手團，全案擴大偵辦中。假投資憑證 篩檢出10餘枚指紋由台北市警局和刑事局組成的專案小組，此次使用超過半世紀的「寧海德林（Ninhydrin，又稱紫色奇蹟）」試劑，將試劑噴灑或浸泡在紙張上，經過約二十四小時烘箱加熱，從返台報案徐婦提供的十七份假投資憑證中，採擷篩檢出十餘枚指紋，比對後順利檢出多名具有竹聯幫身份，與詐欺前科的犯嫌。請繼續往下閱讀...詐團去年9月到加州 取款17次專案小組在六月首波查緝中，逮獲三名犯嫌，再依相關通信紀錄，七月下旬在台北和中部地區，逮到另十餘名涉案成員。專案小組追查出這一支詐騙集團自去年九月起至今年一月，至少派出約三到四組車手至徐婦住處附近租屋，每天觀察其生活起居，每組車手滯美一個月，共計十七次取款，取得近三百萬美元和黃金（折合約八九二六萬台幣）；不過，每名車手在取得贓款後，在加州便立即轉換成虛擬貨幣，分批匯往台灣、中國、柬埔寨等國家，車手身上未存留任何多餘贓款，致贓款流向不明。    ,https://news.ltn.com.tw/news/society/paper/1766770
「我不行了」同伴接連倒下 倖存女絕境求生／墾丁探勘山路 未見蜂窩突遭虎頭蜂群猛攻,社會,2026/08/16 05:30,屏東消防搜救人員克服地形及雨勢，連夜將遭蜂螫的張姓女子安全送抵醫院。（屏東消防提供）登山協會三名幹部十三日深入恆春半島未開放山林探勘，遭虎頭蜂襲擊，釀二死一傷，獲救的五十五歲張姓女子回憶起事發經過，仍心有餘悸。根據消防搜救人員轉述，三人當時在完全未見到蜂窩的情況下突遭大量虎頭蜂猛烈攻擊，隨後展開一場生離死別的絕望逃生，同行張男在臨終前更痛苦吐出一句「我不行了」，隨即失去意識，場面極為悲慘。兩人遺體都已尋獲，待今日吊掛下山。女全身遭螫 幾體無完膚張女昨天凌晨被屏縣消防局救出，緊急送往恆春旅遊醫院救治。醫院檢視發現，張女四肢、背部及臉部均有密密麻麻的蜂螫痕跡，全身幾乎體無完膚，因血液檢驗數據均不理想，清晨緊急轉往台中榮總治療。請繼續往下閱讀...一男就地躲 不久無回應張女向搜救人員透露，十三日下午三人在出風谷一帶進行探勘，不料突然遭到蜂群狂暴圍攻。危機時刻，六十四歲的顏男選擇就地尋找掩護躲避，她與六十九歲的張男則一路奮力奔跑逃命，但身上仍被猛烈蜂螫。逃離蜂群核心後，張女第一次撥通電話聯繫顏男，當時顏男尚能虛弱回應；然而當她第二次撥打時，電話已無人接聽。兩人狂奔 領隊也陷昏迷令人心碎的是，一路與她奔逃的張男最終也抵擋不住身上密集的蜂毒，走沒多久便因嚴重蜂螫而傷勢惡化，在虛弱說出「我不行了」之後便陷入昏迷失去意識。面對兩名夥伴接連倒下，孤立無援的張女只能憑藉最後一口氣，獨自不斷朝海邊出風鼻方向拚命逃離，並持續透過電話發出求救訊號，才終於在搜救隊連夜搶救下保住一命。搜救隊連夜搶救保住女命屏東縣消防局第四大隊指出，搜救人員根據張女提供的定位資訊，找到領隊張男遺體，下午也尋獲副領隊顏男，但昨山區天候驟變，下起大雨，無法執行吊掛，搜救人員已暫時撤離至安全處，預計今日清晨再次申請空勤直升機，將遺體吊掛下山。    ,https://news.ltn.com.tw/news/society/paper/1766802
金屬廢水排農田 桃園紘鼎海撈45億,社會,2026/08/16 05:30,陳姓男子收置廢棄物並將部分廢棄物倒入污泥池，再透過私設管線直接排放到鄰近田地。（資料照，記者鄭淑婷翻攝）桃園市蘆竹區紘鼎開發工程公司負責人陳姓男子率同員工私設管線，將含有重金屬的廢污水，長期排放到鄰近的台61線道旁田地，桃園地檢署指揮偵辦後，起訴陳男等人與紘鼎公司等，估計其犯罪所得約四十五億餘元，桃園地方法院審結依違反水污染防治法等，判處陳男有期徒刑五年二月，其餘被告分別判處有期徒刑三年十月到一年不等。負責人判5年二月陳男在蘆竹區偏僻的海湖地區經營地下工廠，收置廢棄物後，除會將部分廢棄物倒入污泥池中，甚至私設管線，將廢污水排放到鄰近田地，桃檢掌握陳男犯罪事實後，由檢察官指揮調查局桃園市調查處、環保署北區督察大隊、桃園市政府環保局、蘆竹警分局等單位組成專案小組追查。請繼續往下閱讀...檢方起訴指出，經檢警環團隊研析、科技蒐證，二〇二二年八月廿四日晚間，由檢察官帶隊執行搜索，查獲紘鼎違法事證並進一步鑑驗發現，陳男早從二〇二一年十一月起就將含有害人體健康的物質、超出水污染防治法放流水標準值的污泥與廢污水，利用私設管線排放到鄰近田地。檢方偵結後，依水污染防治法、廢棄物清理法、刑法等，起訴紘鼎公司及陳男等九人，檢方指出，陳男等人犯罪所得約四十五億元，其中應支出而未支出的清除處理費屬「消極利益」，依扣案地磅報表計算超過四十三億元；至於收受土方、廢土或廢污泥所取得的「積極利益」，以載運的總量乘以收受費用為每立方公尺六百元，超過一億七千萬元。桃院審結後，判處陳男有期徒刑五年二月，併科三百萬元罰金，法官指出，陳男貪圖不法利益，完全無視可能造成下游農地、水文環境的污染與破壞，已侵害環境法秩序與公共利益；其餘被告分別被判處有期徒刑三年十月到一年不等，紘鼎公司科兩百萬元罰金，另，與紘鼎公司合作的路達交通有限公司，科一百萬元罰金。紘鼎開發工程公司私設管線長期排放含有重金屬的廢污水到鄰近田地。（資料照，記者鄭淑婷翻攝）    ,https://news.ltn.com.tw/news/society/paper/1766803
詐團改攻美日加台僑 跨國派車手 1年得手逾50億,社會,2026/08/16 05:30,專案小組根據詐團車手以虛擬貨幣匯出到藏身中國、台灣的幕後集團流水，近一年內居然高達逾五十億元新台幣以上。（示意圖，資料照）旅居美國加州的徐姓老婦面交台灣車手近三百萬美元案，警方專案小組過濾被逮台籍車手的通信資料，意外發現這一支詐欺集團，不只鎖定移民美國的國人進行詐騙，連移民日本、加拿大的台灣人和中國人也不放過，一旦被詐團鎖定，則立即派遣假扮成投資身分的車手團前往取款。更令警方震驚的，專案小組根據車手以虛擬貨幣匯出到藏身中國、台灣的幕後集團流水，近一年內居然高達逾五十億元新台幣以上，顯示國人即使已定居海外，仍受猖獗的詐騙集團侵害，損失金額也令人咋舌。請繼續往下閱讀...在美國加州定居已二十年的八旬徐婦，因家屬多在台灣，平日多利用網路平台關注國內和親友情況。不料被「假投資」詐欺集團盯上。由台北地檢署指揮台北市警察局、刑事警察局二大隊、刑事鑑識中心、北市刑警大隊、萬華分局、大安分局等單位共同聯合組成的專案小組，追查徐姓老婦被詐騙案，自六月間以剝絲抽繭方式逐步進行清剿，至八月上旬，陸續逮獲涉案廿餘名犯嫌。警方根據被逮捕的每一名嫌犯手機及電腦通聯資料和匯款訊息過濾後，發現旅居美國加州的徐婦被詐騙案並不是單一案例，還有移民美國、日本、加拿大等地區的台灣人和中國人受騙，且都是動輒千萬元以上的鉅額款項。贓款多半匯往中國疑台、中犯罪集團聯手警方根據蒐證的近一年資金流向，發現贓款泰半是匯往中國為主，台灣、柬埔寨為次，金額總數經匯兌換算逾五十億元新台幣左右。同時，警方根據車手通話紀錄：「錢都已匯往四二六（諢語意指死大陸人）了」，顯示這一支詐騙集團極有可能是「中台不法份子聯合犯罪模式」。意即被害人是台灣人，便由台灣派出車手。若是中國人即由中國車手前往。    ,https://news.ltn.com.tw/news/society/paper/1766800
通緝犯捷運三鶯線亮刀 勇男護家人 徒手壓制,社會,2026/08/16 05:30,新北市警三峽分局逮獲在三鶯線捷運上掏刀企圖傷人的陳嫌；圖為警方查扣兇刀。（記者吳仁捷翻攝）陳姓通緝犯昨天搭乘試乘中的新北捷運三鶯線時，僅因魯姓小妹妹踢到他的隨身背包，與魯小妹妹的父親理論起口角後，竟手持一把美工刀意圖攻擊魯男，反遭使出擒拿術的魯男，一把擰住陳的手腕，將陳男壓制在車廂地板上。警方獲報趕抵，將陳嫌上銬逮捕，化解三鶯線通車來首宗亮刀傷人案。新北市三峽警分局逮捕四十六歲的陳姓嫌犯後，確認無人受傷，詢問陳男行兇動機。陳稱，他因不滿隨身背包被女童踢到，與魯理論後起口角，他認為對方態度強硬，恐對他不利，從後口袋掏出美工刀，但還沒推出刀刃，就被對方抓住手腕，他與對方僵持廿餘秒後，被甩到車廂地板上；卅二歲魯男則說，他為了幼女跟陳男理論時，見到對方掏刀相向，為保護母親、妻子及兩名幼女，死命緊抓住歹徒手腕，使出擒拿術小纏絲手技法，將他甩到車廂地板上後壓制。請繼續往下閱讀...警方查證陳男身分發現，陳男年初因涉及傷害案，今年六月十二日遭台北地檢署通緝。據悉，從事物流工作的陳嫌落網後，認為錯不在己，帶刀只為防身，並無悔意。由於陳男才因與人衝突挨告傷害罪，昨再持刀攻擊魯男；警方詢後，將陳男依恐嚇危害安全罪嫌移送新北地檢偵辦，陳男通緝部分將解送北檢歸案。此外，昨適逢暑假周末，案發時車廂上坐滿出遊人潮，幸因魯男應變得宜，未造成乘客受傷，警方將擇期表揚魯男英勇事蹟。新北捷運三鶯線昨天上午傳出亮刀驚魂，報案人（黑背心、見圖）護家人，死擰住亮刀嫌犯的右手腕，將他壓制在地，三峽警方趕抵將陳嫌逮捕歸案。（記者吳仁捷翻攝）    ,https://news.ltn.com.tw/news/society/paper/1766805
離境即斷點？ 赴海外當車手返台仍落網,社會,2026/08/16 05:30,詐騙多樣化，時刻要注意。（記者劉慶侯翻攝）近年境外車手大量增加，尤其去年開始大幅增加，主因是境內車手召募困難，國人已普遍有基本的法律概念。至於國人甘願到海外擔任車手，泰半有幫派在幕後支撐，或是有詐欺前科慣犯，認為至美、日、加等國短期作案，不易被台灣警方發現的僥倖心理。警方指出，目前境外詐欺車手如東南亞、港澳籍，主要是透過地下社團、通訊軟體、同鄉介紹，以高薪、短期工作或是招待旅遊被招募來台。這些境外詐欺車手都沒有特別的行前教育，亦無和詐團上游接觸，泰半使用telegram通訊軟體。請繼續往下閱讀...此外，警方發現，境外車手大多是團進團出，少數是互相認識；詐團在境外召募時，會針對有能力講中文的對象，語言溝通沒有問題，並以每日收入一萬元利誘，但食宿交通都須自行負責，由詐團安排至特定區域住宿，每天更換旅館，減少被查獲的機率。相較於境外車手，國人前往國外擔任車手，兩者間最大不同點在於，他們主要「獵場」被設定在旅居美、日、加的台灣人，但又因當地語言問題，所以都是「抱團取暖」，三人為一組，彼此有一定的熟識度。國人之所以願意前往國外當車手，最主要的原因是國外的警察不似台灣警方積極，以利他們以「離境即斷點」，躲避警方追緝。    ,https://news.ltn.com.tw/news/society/paper/1766801
彰基前院長、前副院長全收押／致力西進中國 涉洗錢背信等罪,社會,2026/08/16 05:30,彰化基督教醫院前院長郭守仁（右圖，資料照）、前副院長賴健文（左圖，中央社資料照）涉洗錢背信等罪，被收押。彰化基督教醫院前院長郭守仁、前副院長賴健文，被檢舉任內與劉姓醫療業者簽訂損及醫院利益的合約，彰化地檢署指揮多個司法調查單位，十二日搜索彰化基督教醫院等三十處所，帶走郭、賴、劉三人，檢方認定三人涉犯背信、業務侵占與洗錢等罪嫌重大，且有串證滅證之虞，向法院聲請羈押獲准，震驚醫界。檢30路大搜索對此，彰基表示，配合檢方偵辦，三名被羈押被告，都已經不是該醫院的現職員工。請繼續往下閱讀...檢方指出，郭守仁於二〇〇八年至二〇一七年間擔任彰基醫院院長，二〇一八至二〇一九年間轉任彰基醫院協同總院長期間；賴健文則於同時期擔任副院長。二人任內涉嫌與劉姓醫療器材設備商勾結，利用職務之便，簽訂不利於彰基的合約，導致醫院權益受損，依《刑法》背信、業務侵占及修正前《洗錢防制法》洗錢等罪名偵辦，三人犯罪嫌疑重大，且有湮滅證據及勾串共犯證人之虞，十三日向彰化地方法院聲請羈押，法官裁定獲准並禁止接見通信。郭守仁是國內乳癌權威醫師之一，但他當院長時作風充滿爭議，他雖自稱「深綠」，但任內積極與中國的醫院合作，是「西進中國」的提倡者，想要以醫療技術與中國醫院合作，讓彰基賺人民幣，依當時媒體轉述，中國醫界與官方大為歡迎，中國官方甚至告訴彰基，「你們（台灣）的智慧進我們的腦袋，我們（中國）的人民幣進你們的口袋」，但實際卻事與願違，彰基當年營利不但沒增加，反而大幅衰退，直到現任院長陳穆寬接手，改變上述政策，獲利才大幅改善，今年年終獎金創下一三〇年來新高。    ,https://news.ltn.com.tw/news/society/paper/1766804
高雄玉竹商圈深夜轟然巨響！店面遮雨棚崩落 2樓牆面傾斜,社會,2026/08/16 00:55,玉竹商圈1間店面遮雨棚深夜崩塌。（民眾提供）高雄市連日降雨，新興區玉竹商圈1間店面昨晚（15日）10點多有店家遮雨棚崩塌，整座鐵皮雨棚及上面的冷氣壓縮機掉落地面，幸好當時無人經過。據了解，店面遮雨棚已傾斜至少1週，附近居民及店家人心惶惶，擔心崩塌恐砸傷人，因此先在周邊拉起封鎖線。不過，當地里長一直聯絡不到屋主前來處理，未料，遮雨棚昨晚10點多整座崩塌，雖未造成人員受傷，但2樓牆面傾斜，仍有崩落風險，相關單位已著手處理。遮雨棚傾斜近1週，幸好四周早拉起封鎖線，崩塌時未造成人員受傷。（民眾提供）    ,https://news.ltn.com.tw/news/society/breakingnews/5541295
酒醉男推倒73歲婦人  一泡尿的代價恐被罰1.8萬元,社會,2026/08/16 00:18,洪姓男子被警方押解上警車。（記者劉慶侯翻攝）33歲洪姓男子，15日凌晨酒後在台北市中山區八條通內隨地小便遭勸，73歲賴姓婦人出言制止，洪男羞憤中將對方推倒在地。致使賴姓頸部有擦挫傷。警方據報將洪男帶回派出所，訊後依社維法「加暴行於人者」，最高可開罰1.8萬元究辦。警方調查，洪姓男子與34歲劉姓妻子、35歲曾男以及34歲許女等4人，15日凌晨4時許，酒後走在俗稱（八條通）的北市中山區林森北路133巷。請繼續往下閱讀...當時醉意濃重的洪男因尿急，就在路邊隨意小便，引起路過的賴姓婦人注意和出言制止，洪男惱怒下將對方推倒在地。劉妻以及兩名友人立刻將洪男拉開勸離。轄管中山分局中山一派出所據報抵達現場，先將頸部有挫傷的賴婦送往馬偕醫院治療，並將滯留的洪男帶回派出所，訊後依社維法87條，「加暴行於人者」，最高可開罰1.8萬元。    ,https://news.ltn.com.tw/news/society/breakingnews/5541291
北市刑大科偵隊長涉洩個資被拘提 昔日師傅成關鍵人物,社會,2026/08/15 23:59,台北市刑警大隊。（資料照）台北市刑警大隊科偵隊長陳冠良，涉提供給退職警員吳政祐（房仲業者）他人機密資料，今晚兩人被北檢拘提到案。警方調查發現，陳員是因昔日在刑事局偵九大隊第三隊二線三星副隊長的「師傅」吳政祐要求，才以身觸法，犯下無可挽回的憾事。警方表示，吳政祐20多年前曾在北市中正一分局任職，後轉調刑事局，曾發生佩槍掉槍後，被改調內勤性質的紀錄槍科，數年後才重回外勤偵查隊，並升任副隊長，期間還曾偵破「低價賣高檔車」假網拍詐騙逾1700萬元的案件。請繼續往下閱讀...不過，在刑事局偵九大隊第三隊擔任二線三星副隊長的吳政祐，又發生因酒駕行經台北市中山區，被中山分局交通分隊攔查，酒測值高達0.56，被依公共危險罪嫌移送法辦。據指出，吳政祐喜好飲酒，他發生的掉槍事件，就是他赴台中偵辦槍毒案，因醉倒車內，車門未上鎖，遭歹徒侵入「乾洗」，連他的警槍都偷走，吳被記過調職，刑事局同事費了好一番工夫，才逮到5嫌、取回警槍。吳的同僚談及此事，搖頭說吳政祐：「辦案活骨認真，是佈線辦案的好手，就是愛喝兩杯，都是酒害了他！」據警方表示，當時陳冠良就在刑事局任職，吳則是他的「師傅」。而吳在酒駕事件後，自認在警職工作上將無前途可言，不多久後便離職。目前年約60歲的他，近年疑似從事房仲等業務。警方研判，吳男就是因為曾帶領過陳員，所以私下請對方調查他人人身資料，陳員囿於昔日情面，不忍拒絕，結果讓自己觸犯法網。    ,https://news.ltn.com.tw/news/society/breakingnews/5541289
新堀江玉竹街遮雨棚突崩塌 深夜狂歡嚇很大,社會,2026/08/15 23:52,高雄知名新堀江玉竹街商圈深夜傳出轟然「巨響」，一間店面屋簷鐵皮遮雨棚倒塌，冷氣室外機搖搖欲墜。（民眾提供），在高雄知名新堀江玉竹街商圈附近深夜11點多，許多人正在周邊夜店狂歡，忽然被一陣轟然巨響嚇壞，玉竹二街店面屋簷鐵皮遮雨棚倒塌，上方還有冷氣室外機垂掛在上面搖搖欲墜，所幸店家深夜未營業，所幸無人傷亡。現場有店家緊急拉起封鎖線，防止有靠近發生危險。至於為何鐵皮屋簷會忽然倒塌，仍待調查釐清。    ,https://news.ltn.com.tw/news/society/breakingnews/5541284
北市刑大科偵隊長涉洩個資免職   北檢聲押禁見,社會,2026/08/15 23:42,台北市刑警大隊。（資料照）台北市刑警大隊科偵隊長陳冠良，今年7月間被發現，涉提供給吳姓退職警員（房仲業者）他人機密資料，警方經蒐證確認後，陳員與吳男今天被台北地檢署拘提到案。由於科偵隊長是警方重點勤務單位，局長林炎田至為震怒，依法從嚴查處，記兩大過免職，即予汰除。台北市刑大科偵隊是負責網路偵查犯罪，及利用最新科技追蹤犯罪行為人行蹤的重點外勤單位，市警局為培養這支專業隊伍，成員擴展到近30人。因此，歷任隊長都需經台北市刑大層層篩選。請繼續往下閱讀...北市警察局查察因案受調查人資料時，意外發現刑事警察大隊科偵隊長陳冠良，有多達數十筆的查閱資料中，疑與調查案件無關，經深入追查，查出資料都外流向吳姓房仲業者。由於陳員涉嫌外洩職務上取得的個資，並再被查出有對價關係，市警局案經報請台北地方檢察署指揮偵辦，今日指揮北市警局政風室、督察室及刑事警察大隊等單位執行搜索，並拘提陳員及吳姓共犯到案，晚間移送台北地檢署偵辦。因陳員涉嫌貪污治罪條例、洩密罪、個資法等案，刑警大隊隨即召開考績會，決議予以一次記二大過，陳報警察局逕予免職，斷然汰除。陳員及吳姓共犯經地檢署檢察官複訊後，聲請羈押禁見。台北市政府警察局指出，針對員警違法違紀案件，主動調查、依法嚴處，秉持「自清自檢」、「警紀警辦」及「毋枉毋縱」之立場。全案後續將配合檢察官指揮從嚴查辦，持續深入釐清個資流向，及疑涉有對價關係等案情，以維警譽。    ,https://news.ltn.com.tw/news/society/breakingnews/5541283
再接再厲！8/15 今彩539頭獎摃龜,社會,2026/08/15 22:17,8月15日開獎的第115000198期今彩539頭獎摃龜。（本報合成）8月15日開獎的第115000198期今彩539頭獎摃龜。第115000198期今彩539中獎號碼為「12、14、21、35、37」。頭獎摃龜；貳獎共227注中獎，每注可得2萬元；參獎共7319注中獎，每注可得300元；肆獎共7萬5924注中獎，每注可得50元。請繼續往下閱讀...第115000198期39樂合彩中獎號碼為「12、14、21、35、37」。四合開出9注，可得21萬2500元；三合共303注中獎，每注可得1萬1250元；二合共1萬3741注中獎，每注可得1125元。第115000198期3星彩中獎號碼為「195」。壹獎共65注中獎，每注可得5000元。第115000198期4星彩中獎號碼為「2395」。壹獎共16注中獎，每注可得5萬元。確切中獎號碼以台彩網站公告為主，請見「台灣彩券網站」。今彩539、39樂合彩、3星彩、4星彩中獎號碼。（擷取自台彩官網）    ,https://news.ltn.com.tw/news/society/breakingnews/5541245
涉與醫療器材商勾結  彰基前院長郭守仁「洗錢背信」收押,社會,2026/08/15 21:21,前彰化基督教醫院院長郭守仁。（資料照，記者簡榮豐攝）彰化基督教醫院前院長郭守仁、前副院長賴健文任內，與劉姓醫療業者簽訂損及醫院利益合約，彰化地檢署指揮多個司法調查單位搜索彰化基督教醫院等30處所，帶走郭、賴、劉三人，檢方認定三人涉犯背信、業務侵占及洗錢等罪嫌重大，且有串證滅證之虞，日前向法院聲請羈押獲准，三人均裁定收押禁見，震驚醫界。檢方指出，郭守仁於2008年至2017年間擔任彰基醫院院長，2018至2019年間轉任協同總院長；賴健文則於同時期擔任副院長。二人任內涉嫌與劉姓醫療器材設備商勾結，利用職務之便簽訂不利於彰基的合約，導致醫院權益受損，涉及《刑法》背信、業務侵占及修正前《洗錢防制法》洗錢等罪嫌。經檢察官漏夜訊問後，認三人犯罪嫌疑重大，且有湮滅證據及勾串共犯證人之虞，13日向彰化地方法院聲請羈押，法官裁定獲准並禁止接見通信。請繼續往下閱讀...本案由主任檢察官李秀玲與檢察官廖偉志共同指揮，於本月12日動員法務部調查局中部地區機動工作站、彰化縣調查站、南投縣調查站、刑事警察局第六大隊、彰化縣警察局刑警大隊，並會同財政部中區國稅局，針對彰基醫院及相關公司、住所等30處所發動同步搜索，查扣大批合約文件、帳冊與電磁紀錄，同時帶回郭守仁、賴健文及劉姓男子等多人進行查證。    ,https://news.ltn.com.tw/news/society/breakingnews/5541212
前彰基院長郭守仁涉背信 彰檢搜索約談3人聲押獲准,社會,2026/08/15 21:07,前彰基院長郭守仁。（資料照，記者張聰秋攝）彰化地檢今天指出，前彰基醫院院長郭守仁及前副院長賴健文涉犯背信罪，檢方12日前往彰基醫院等30處所搜索，並約談郭守仁、賴健文及劉姓業者，3人訊後遭聲押獲准。彰化地方檢察署發布新聞稿說明，自民國97年至108年，擔任醫院院長的郭守仁及副院長賴健文，與劉姓業者勾結，地檢署檢察官12日指揮彰化縣警察局刑事警察大隊等單位，前往彰基醫院等30處所進行搜索。請繼續往下閱讀...檢方指出，檢察官另約談郭守仁等3人，訊後認為3名被告涉犯刑法背信、業務侵占及洗錢等罪，且有湮滅、偽造、變造證據、勾串共犯及證人之虞，向彰化地方法院聲請羈押，地院13日裁定羈押禁見。至於郭守仁等3人涉案內容，檢方表示，不便透露案情細節；中央社記者詢問彰基醫院遭搜索等情形，院方無人回應。    ,https://news.ltn.com.tw/news/society/breakingnews/5541204
手刀對獎！8/15 今彩539、3星彩、4星彩獎號出爐,社會,2026/08/15 20:42,今彩539、39樂合彩開獎號碼。（擷取自三立iNEWS《全民i彩券》）今天（8月15日）台彩各項開獎獎項及獎號。今彩539：12、14、21、35、37。請繼續往下閱讀...39樂合彩：12、14、21、35、37。3星彩：195。4星彩：2395。確切中獎號碼以台彩網站公告為主，請見「台灣彩券網站」。3星彩開獎號碼。（擷取自三立iNEWS《全民i彩券》）4星彩開獎號碼。（擷取自三立iNEWS《全民i彩券》）    ,https://news.ltn.com.tw/news/society/breakingnews/5541198
拋棄繼承遭駁回 阿公遺產明顯高於債務 法院認定不符未成年孫子女利益,社會,2026/08/15 20:28,新竹地方法院檢視遺產狀況後發現，死者留下的財產明顯高於債務，認為拋棄繼承恐讓未成年孫子女平白失去可繼承的財產，因此裁定駁回。（記者廖雪茹攝）想「一刀切斷」繼承，卻被法院擋下！新竹地方法院近日審理一起拋棄繼承事件，兩名未成年孫子女在祖父過世後，經法定代理人同意聲請拋棄繼承，沒想到法院檢視遺產狀況後發現，死者留下的財產明顯高於債務，認為拋棄繼承恐讓孩子平白失去可繼承的財產，因此裁定駁回。民事裁定指出，張男在今年3月4日死亡，家屬陸續向法院聲請拋棄繼承。其中兩名未成年孫子女為第一順位繼承人。依照民法規定，繼承人可以在知悉得繼承之日起3個月內，以書面向法院聲明拋棄繼承。不過，法院指出，未成年子女的繼承權涉及其特有財產，父母或法定代理人不能僅憑自身判斷，任意讓孩子放棄可能有利於孩子的繼承利益。請繼續往下閱讀...法院調查後發現，張男留下的遺產，有約6萬4457元存款、1316元投資、債務0元，另有房屋四分之一持分、金融控股公司投資及兩部汽車。法院認為，現行制度下，繼承人對被繼承人生前債務原則上僅以所繼承的遺產為限負責。換句話說，即使日後發現還有未知債務，繼承人最多也是以遺產清償，並不會因此讓孩子拿自己的財產去填補遺債。因此，在「遺產價值高於債務」的情況下，若讓兩名未成年人拋棄繼承，反而會使他們失去原本可以取得的財產。法院認定，法定代理人同意孩子拋棄繼承，並非符合未成年人利益，兩人的聲請遭駁回。這份裁定也提醒，拋棄繼承並非提出切結書等文件「簽名就算數」。尤其涉及未成年人時，法院不只看程序是否完備，也會從保護未成年子女利益的角度檢視。    ,https://news.ltn.com.tw/news/society/breakingnews/5541157
卡片餘額不足！鳳山少年竟猛踹YouBike出氣  業者提告了,社會,2026/08/15 20:10,疑因卡片餘額不足無法解鎖，少年竟對著租借柱上的單車猛踹。（讀者提供）卡片餘額不足竟拿公物出氣！社群平台Threads近日瘋傳一段影片，一名少年在高雄鳳山文德國小前準備租借YouBike時，疑似因卡片餘額不足無法解鎖。該名少年竟對著租借柱上的單車瘋狂猛踹，導致車輛受損，畫面曝光後引發網民撻伐，痛批「太沒公德心」。高雄市警局鳳山分局文山派出所於今（15日）下午14時50分許接獲110報案，立即派員趕赴現場，並調閱周邊監視器釐清案情。警方調查證實，涉案青少年因租車卡關，竟將怒氣宣洩在公共單車上，粗暴踹踢過程全被錄下。警方發現車輛確有毀損，實際損失金額仍待業者進一步估算。請繼續往下閱讀...警方第一時間通知微笑單車委託人到場，業者代表公司態度堅決，正式提出毀損告訴，警方已依法受理。目前警方正擴大過濾監視器並請業者提供租借資料，待確認該名青少年身分後，將通知到案說明，將依毀損罪嫌移送法辦。鳳山分局嚴正呼籲，公共自行車為大眾通勤工具，若遇設備異常或扣款問題，應循正常管道向營運單位反映，切勿因一時情緒踹踢、摔打車輛，任意毀損財物不僅要負擔修繕賠償，更須承擔刑事責任，民眾切勿衝動觸法。    ,https://news.ltn.com.tw/news/society/breakingnews/5541163
民眾領百元鈔見詛咒員警文字 三峽警支持嚴正執法 意外曝遭申訴15件,社會,2026/08/15 19:55,新北市民近來在三峽ATM領款，其中7張百元鈔被人寫「周OO亂開紅單不得好死」等詛咒字句。（記者吳仁捷翻攝）新北市民眾在三峽ATM領款時，發現其中領取的多張百元鈔中，竟寫有「周XX亂開紅單不得好死」，無奈的民眾將鈔票拍照上網發文，疑是民眾不滿遭三峽警分局交通分隊周姓警員開單取締有關。三峽警分局交通分隊長林姿均表示，周姓警員執勤認真，今年3月至今執法錯誤率為零，近3個月舉發763件違規，支持基層嚴正執法，但警方公佈數據時，意外曝光周員開罰案接獲15件申訴，顯見受罰者對警方執勤也有不滿。警方透露，該案發生於新北市三峽一處具存款功能的ATM，因周姓員警嚴格執法，引發部分民眾不滿，衍生出特殊的宣洩行徑；警方證實，周姓員警因平時執法嚴格、認真取締違規，短短3個月內開出高達700多張交通罰單，高開單數也衍生民怨，部分民眾遭舉發後心生不滿，竟在流通的百元紙鈔上寫下「詛咒三峽分局周姓員警不得好死」等字眼，藉此發洩情緒，後有其他民眾收到這幾張紙鈔，拍照上傳網路，全案因而曝光。請繼續往下閱讀...三峽警分局交通分隊長林姿均對此公開說明，強調周員工作態度認真、個性低調，面對繁重交通勤務積極執行，分局肯定並支持同仁依法行政、嚴正執法，對因執法遭受不理性言行，亦將持續關心同仁。依法執法、維護交通安全與秩序並無不當，且3月至今開單錯誤率為零，分局全力支持同仁正當執法，同時也呼籲民眾，若對罰單有異議，應循正當管道（如申訴或行政訴訟）救濟，切勿在紙鈔上毀損或亂寫字，以免觸犯法規（如故意毀損幣券等相關規定），期許民眾多給予基層員警體諒與配合。警方透露，在鈔票上寫字不致涉犯毀損國幣罪，但若撕碎、燒毀或導致無法辨識則可能觸法；至於在國幣上書寫辱罵員警字句，可能涉及公然侮辱罪嫌，但當事人表示暫不追究，只是對領到這幾張鈔票的民眾可能會感到困擾。警方公布，交通分隊警員周員執勤認真，依法落實交通疏導、違規取締及事故處理等勤務。統計今年3月1日迄今，周員舉發各類交通違規案件，查無誤開、誤植或撤單情形，執法錯誤率為0；另統計近3個月（5月14日至8月14日）計舉發763件（逕舉565件、攔舉198件），其中受理申訴15件，亦均無違失。新北市民近來在三峽ATM領款，其中7張百元鈔被人寫「周OO亂開紅單不得好死」等詛咒字句，三峽警分局交通分隊長林姿均出面說明強調，周員執法認真、無違失，支持基層正當執法，將給予關心。（記者吳仁捷翻攝）    ,https://news.ltn.com.tw/news/society/breakingnews/5541102
墾丁山區探勘遭虎頭蜂圍攻   2失聯者尋獲確定罹難,社會,2026/08/15 18:24,午後山區大雨無法吊掛，預計16日一早進行遺體吊掛作業。（民眾提供）登山協會幹部深入恆春半島未開放山林探勘，遭虎頭蜂圍攻，屏東縣消防局搜救大隊，今日凌晨救出唯一倖存的張女後，隨後在山區接連尋獲失聯的67歲張姓領隊與64歲顏姓副領隊，遺憾的是2人確定罹難。因午後山區大雨無法進行空中吊掛，預計明（16日）一早再次申請直升機進行遺體吊掛。警方與搜救隊調查，這起悲劇發生於12日，3名擁有數十年野外經驗的資深搜救人員，為了探勘滿州鄉欖仁溪至出風鼻路段的縱走生態路線而入山，不料途中突遭凶猛虎頭蜂群狂暴襲擊。因事故地點極度偏遠且缺乏手機訊號，大幅增加救援難度。搜救隊克服地勢與天候，於15日凌晨4時12分，先將身上留有30多處蜂螫孔、情況危急的張女救出，並於清晨5時8分緊急送抵恆春旅遊醫院，隨後因血液狀況不佳，於上午8時許轉送台中榮總進行急救洗腎。請繼續往下閱讀...完成張女救援後，特搜大隊於清晨6時許申請直升機，展開空中與地面同步搜救。上午7時30分發現張姓領隊蹤跡，特搜人員由直升機垂降至大草原後，徒步穿過險峻山路與地面部隊會合，於10時15分接觸張男，並於11時42分將其護送至吊掛點。隨後搜救人員緊接著展開對顏姓副領隊的搜尋，並於中午12時52分在距離張男約80公尺處的懸崖底下尋獲顏男，於下午3時19分順利將顏男遺體移送至吊掛點。警消指出，2名資深山友均已不幸身亡，今日午後因山區天候驟變下起大雨無法執行吊掛，搜救人員已暫時撤離至安全處，預計16日清晨再次申請空勤直升機，將2人遺體吊掛下山。    ,https://news.ltn.com.tw/news/society/breakingnews/5541085
「檢舉達人」出手！頭份中山路200公尺一晚開近50張違停罰單 議員這麼說,社會,2026/08/15 18:10,騎樓停放機車情形。（資料照）苗栗縣頭份市區人口密集，停車需求量高，常見民眾在自家騎樓停放機車，頭份市中山路被「檢舉達人」盯上，一晚檢舉了近50張罰單。縣議員陳永賢為此在議會反映，建議縣府為騎樓停車問題訂定自治條例，在不影響輪椅、行人通行的情況下，開放騎樓停放汽機車，避免造成困擾及民怨。陳永賢指出，8月4日晚間10點左右，他服務處到市公所間的中山路約200公尺路段沿途，停在騎樓的機車全吃上罰單、近50張，鄉親紛紛找他陳情，經他了解，是被「檢舉達人」盯上。請繼續往下閱讀...陳永賢表示，機車違規停放開罰600元，員警接獲檢舉如不處理，還有瀆職的風險，處理檢舉案可說「勞民傷財」，建議縣府比照部分縣市訂定的條例，只要騎樓能預留1.5公尺空間、且不影響輪椅及行人通行，應該開放鄉親停放汽機車。因此事權責單位包括縣警局、交通工務處及工商發展處，陳永賢希望3個單位盡速協調，研擬提出自治條例。交通工務處長古明弘則表示，現有法規就有解決方案，鄉鎮市公所如有需求可實地現勘並取得住戶同意，並在「不妨害行人通行」的前提下，即可辦理公告開放停放機車。    ,https://news.ltn.com.tw/news/society/breakingnews/5541079
試槍?  彰化這處反光鏡「彈痕累累」  警揭真相,社會,2026/08/15 18:06,民眾在花壇大嶺巷健行突見反光鏡「彈痕累累」。（民眾提供）彰化縣花壇鄉大嶺巷路旁1支反光鏡，今天（15日）被登山民眾發現，鏡面上竟出現至少6個貫穿孔，由於孔狀近似圓形，懷疑是不肖分子利用夜間前來試槍，導致鏡面「彈痕累累」，憂心連登山健行都不安全，彰化警分局指出，該區有許多大型車輛往來，應是輪胎輾壓路面石塊反彈擊中反光鏡打穿，造成如「彈孔」的誤解。民眾指出，今天他們在虎山巖大嶺巷山路健走，看到路旁這支反光鏡竟有好幾個洞孔，大家都在猜是不是彈孔？莫非有人偷偷去山上練槍？若是真的話就太恐怖了；由於有許多縣市曾傳出反光鏡成不肖人士試槍標靶，不是改造槍就是BB槍打到彈痕累累。由於大嶺巷位於山區，憂心有不肖人士趁著無人之際大膽試槍。請繼續往下閱讀...彰化警分局則表示，這支反光鏡經過大型車輛長時間輾壓石頭彈飛破壞，因此出現好幾處孔洞，並非被子彈打穿。反光鏡「彈痕累累」民眾憂有人試槍。（民眾提供）    ,https://news.ltn.com.tw/news/society/breakingnews/5541077
神鬼敗家女租跑車裝闊！對親爸動歪腦筋 「演很大」1年騙1761萬,社會,2026/08/15 17:46,台中地院判童女3年4月。（資料照）台中市童姓女子為填補租賃多輛跑車欠下的高額債務，假冒律師、代書甚至法院人員，謊稱涉及家暴、不動產買賣等案件，必須繳交律師費、法院保證金及罰款，還不惜P圖製作假司法公文取信父親，1年多來騙走1761萬元，台中地院審理後，認定童女犯行使偽造公文書罪，判3年4月。判決指出，童女因在外租賃多輛跑車積欠大筆債務，從2023年8月18日起透過LINE變換身分，以「辯護人」、「法扶律師」等暱稱聯繫父親，佯稱自己正處理與配偶間家暴訴訟，以及不動產買賣、汽車貸款、恐嚇取財等案件，接連向父親索取各種名目費用。請繼續往下閱讀...童父原本深信不疑，第一筆就匯出200萬元，沒想到女兒變本加厲，要求父親陸續支付律師費、代書費、法院保證金及罰款等，童父在不知情下持續匯款、轉帳到女兒支配的多個帳戶，金額累計高達1761萬2182元。童女甚至使出電腦P圖伎倆，偽造多個機關的司法公文共13份，還擅自製作、蓋上假冒檢察官、檢事官及書記官的印文，再透過通訊軟體傳給父親，營造真的「官司纏身」假象，直到童父驚覺不對勁報案，警方去年7月前往童女高雄住處搜索，查扣相關證物，並依偽造公文書、詐欺取財等罪嫌偵辦，法院審理認為，童女利用父女親情與信任關係行騙，不僅造成父親鉅額財產損失，也嚴重損害司法公信力，考量童女無前科、雙方始終未能達成和解判3年4月，並宣告犯罪所得沒收，可上訴。    ,https://news.ltn.com.tw/news/society/breakingnews/5541060
國道驚魂！休旅車「逆向開內線」還閃大燈  警方要辦了,社會,2026/08/15 17:12,網友行駛在國道1號西螺路段內側車道，行車記錄器顯示，前方竟有一輛休旅車迎面駛來（逆向）。（圖由Threads帳號Ispsss97017授權提供）夜間國道開車要格外小心。有網友在社群平台Threads發文，今天凌晨開車行經國道1號西螺路段的內側車時，前方竟有一輛休旅車迎面駛來（逆向），讓他趕緊閃躲車輛。此文一出，網友大罵逆向行駛司機「簡直是神風特攻隊」、「可能趕去吃普度」。Threads帳號Ispsss97017的網友，發出文章「Ｘ怎麼有人在國道逆向還開內側車道啦．．．」，文章還附上行車記錄器，畫面可看到民眾正駕駛車輛往南行駛開在內側車道，就當他經過西螺休息站路段時，想不到眼前卻有一台休旅車閃大燈，民眾嚇得閃躲至中間車道，驚嚇之餘還罵了髒話，緩過神後趕緊說要報警。請繼續往下閱讀...驚險畫面一發出後，引來大批網友議論。有人大罵逆向司機「還閃大燈 是三小」、「還有臉閃大燈 可能趕去吃普度」，更有網友比喻「根本就是神風特攻隊」。國道警察局第三公路警察大隊表示，經查民眾張貼影像發現，國道1號南向230公里1輛車輛逆向行駛，接獲報案後，派遣線上警力前往查看，惟未發現逆向車輛，後續將調閱相關影像，通知車主到案說明，於查證後依規定舉發，另如涉及刑案將依法偵辦。警方強調，該車輛駕駛已違反道路交通管理處罰條例第43條規定，可處駕駛人6000至3萬6000元以下罰鍰，呼籲若逆向誤上國道，應將車輛立即停靠路肩勿再行駛，人員則應到護欄外等安全地點等候，並撥打110報案或1968通報國道相關單位前往協助。    ,https://news.ltn.com.tw/news/society/breakingnews/5541019
桃園小小警察體驗營登場 親子闖關學婦幼安全,社會,2026/08/15 16:41,"桃園市長張善政（右2）出席「小小警察體驗營」與民眾同歡。（記者周敏鴻攝）桃園市政府警察局今天舉辦「小小警察體驗營」，邀來80組親子參與結合婦幼安全、防暴觀念的親子闖關遊戲，小朋友們全數化身為小小警察，完成闖關任務，一一取得象徵守護力量的「簽證貼紙」，成功領回電子書QR Code貼紙，讓市府跨局處合作編纂的「性別暴力防治友善多國語言電子書」，延伸到民眾的家庭日常。闖關任務包括斗笠護衛、跳島護衛船、吉普尼紅綠燈、大象長鼻護愛心、網路雷射防護網、夜市防詐平衡迷宮等，豐富有趣，讓每一位小朋友玩得開心，也能學會辨識危險、勇敢拒絕、尋求協助等正確觀念。請繼續往下閱讀...桃園市長張善政也出席同歡，他說，婦幼安全教育必須從小扎根，應教導小朋友學習尊重身體自主權，任何肢體接觸都應先取得對方同意，希望每一位小朋友穿上小小警察制服後，能真正學習成為守護者，將「保護好人、守護婦幼」的自我保護意識，落實於日常生活中。桃園市長張善政（中）出席「小小警察體驗營」與民眾同歡。（記者周敏鴻攝）    ",https://news.ltn.com.tw/news/society/breakingnews/5540964
霧峰機車、廂型車猛烈碰撞 騎士88歲翁噴飛送醫不治,社會,2026/08/15 16:31,李翁機車受損嚴重。（民眾提供）台中市霧峰區今（15）日上午發生死亡車禍，88歲李姓老翁騎機車行經路口，與88年次李姓女子駕駛的廂型車猛烈碰撞，李翁噴飛，緊急送醫搶救，不幸傷重不治。警方初步調查，雙方均無酒毒駕；至於老翁是否涉及闖紅燈，仍待交通警察大隊分析研判。事故發生在上午8點13分左右，地點在霧峰區中投東路二段與五福西路口，88歲李翁騎機沿五福西路由西往東方向直行；27歲李女開廂型車沿中投西路往北方向行駛，雙方行經路口時碰撞。請繼續往下閱讀...李翁連人帶車噴飛，機車車殼及零件四散，現場一片狼藉。救護人員趕抵，立即將李翁送中山附醫急救，經醫療團隊搶救約1個半小時，仍回天乏術。經查，李女當時準備去大學上課，車禍讓她飽受驚嚇。面對警方詢問，李女說，並不清楚機車當時為何會突然出現在行車路線上。車禍詳細原因仍待警方鑑定釐清。車禍現場霧峰中投東路二段、五福西路口。（民眾提供）    ,https://news.ltn.com.tw/news/society/breakingnews/5540882
水面有「漂流物」 台南北門打撈起1具男浮屍,社會,2026/08/15 16:23,消防救生艇沿急水溪往上游大排搜索「漂流物」。（民眾提供）台南市北門區新圍段，今天（15日）下午2點有民眾通報發現大排水中有「漂流物」載浮載沉，消防人員駕駛救生艇前往查看，竟是具男性浮屍，約下午3點將大體打撈上岸；死者身分、確切死因由學甲警分局調查釐清。台南市消防局第三救災救護大隊獲報後出動北門消防分隊3車1艇6名隊員前往現場，發現地點在急水溪和新田寮大排交會處的大排上游河段，救生艇從急水溪下船後，再往大排上游搜尋，後在北門新圍段發現年約60多歲的浮屍後打撈上岸。請繼續往下閱讀...男性浮屍身上有證件，未有通報協尋紀錄，身體未有明顯外傷，疑從更上游處漂來，全案由學甲警分局調查。北門消防分隊出動救生艇打撈起浮屍。（民眾提供）北門消防分隊出動救生艇打撈起浮屍，交由警方處理。（民眾提供）    ,https://news.ltn.com.tw/news/society/breakingnews/5540978
員林300萬露營車  電池冒煙車庫內燒成火球,社會,2026/08/15 15:54,露營車燒成一團火球，幸無人傷亡。（民眾提供）彰化縣員林市昨（14）日傳出一部價值300萬元的露營車火燒車意外，它停在住宅前的車庫內，不明原因起火燃燒，火勢猛烈延燒民宅，消防人員迅速到場撲救，整輛車燒成鐵架，未造成人員傷亡。這起事故發生於14日晚間7時30分許，地點位於員林市員水路二段巷弄內，起火的不是房子，而是一部露營車，火勢相當猛烈，還有民眾聽到爆炸聲響，消防隊迅速趕到，以水柱灌救，7時43分獲得控制火，7時44分順利撲滅。至於詳細起火原因待調查。請繼續往下閱讀...據了解，車主4年前花300多萬購買這部露營車，車輛平時停房在住家車庫內，起火前疑似從車內電池位置先開始冒煙，隨後迅速燃燒，並伴隨多次爆炸聲響。屋主見狀嚇得立即報案並緊急逃生，所幸反應迅速，未釀成傷亡悲劇。    ,https://news.ltn.com.tw/news/society/breakingnews/5540944
托嬰中心3月嬰死亡案19日審議 屏東縣府：最重撤銷立案許可,社會,2026/08/15 15:08,男嬰家屬在律師龔書翩（左）陪同下發表聲明，要求真相。（記者羅欣貞攝）針對屏縣私立托嬰中心8月5日的受托幼嬰死亡事件，屏縣府今（15）日表示，社會處第一時間已保全證據，與警政、衛政同步啟動調查，並報請檢方偵辦，已訂於19日召開審議委員會議，只要違法、違規明確，一定從重究責，最重撤銷立案許可。痛失愛子的父母心痛不已，今（15）日在律師陪同下發出聲明指出，至今仍無法調閱托嬰中心案發當日前半段監視器畫面，請求縣府協助並秉公處理，盡速依法對該托嬰中心及相關失職人員做出行政裁處。請繼續往下閱讀...屏縣府則回應表示，幼嬰的意外離世事件，令人十分遺憾與不捨，同時也能夠理解父母的傷痛，縣府一定會釐清真相，還給家屬公道。社會處指出，縣府接獲通報第一時間就進入托嬰中心保全證據，同步啟動社政、警政、衛政的調查保護，並報請檢方偵辦。過程中，社工也陪伴父母提供包含律師的法律諮詢協助等，當父母提到網路社群出現不實傳聞時，社工也從專業角度，請父母面對巨大傷痛，儘量不要回應網路，以免心情受到影響。其次，針對事發當下的監視影片，依規定家屬不能拷貝及持有，縣府會協助父母調閱當天下午2點05分以前的事發當下監視影片。社會處表示，目前所有的行政調查資料都已經完備，經協調幾位具有法律背景委員時間後，將提前於本月19日召開行政裁罰審議會議，只要討論確認違法、違規事項後，一定依法從重究責，最重可撤銷立案許可。    ,https://news.ltn.com.tw/news/society/breakingnews/5540851
「這一竿有故事」疑似AI圖片破壞澎湖釣具店聲譽  業者出面駁斥,社會,2026/08/15 14:41,"澎湖釣具行表示，現在沒有業者出租釣竿。（記者劉禹慶攝）近日臉書粉絲專頁「這一竿有故事」，出現澎湖花800元租借釣竿，因釣線斷裂，還竿時老闆開口要求賠償16000元，還配上「照片」說明，引發外界撻伐。但澎湖釣具行都沒有在出租釣竿，懷疑是AI合成照片，由於嚴重影響澎湖聲譽，業者發聲駁斥，希望相關單位介入調查。「這一竿有故事」文章中指出，去澎湖玩之前，完全沒想過自己會因為1支釣請繼續往下閱讀...竿，差點把整趟旅行心情弄沒。那次是跟朋友去玩，行程排得很鬆。看到港邊有人坐著釣魚，突然覺得很有趣，想說都來海島了，不然也來試試看。但因沒有帶任何裝備，只好臨時找了一間可以租釣具的店。老闆拿了1組竿子、捲線器跟一些基本配件，收了八百元租金，再押證件。老闆提醒，「不要硬拉,卡住就慢慢處理。」結果下午真的遇到了。因此照旁邊釣友教的方法慢慢放線、拉竿，結果不知道是不是角度不對，釣組卡在礁石附近。拉了幾次拉不動，最後只好放掉，斷線收場。當下也沒多想，想說就是少1組線而已。回去還竿時，老闆拿起竿子看了很久突然說：「這支竿節有傷，要賠「1萬6」，遊客當場傻住。澎湖釣具業者看到此文，認為內容造假，嚴重影響澎湖釣具店聲譽，釣具店出面澄清表示，圖片中穿著冬天衣服與現在季節明顯不符 ，內容中的監視器畫面過於單一，應該是用AI生成，同時澎湖目前已經沒有釣具店做租借釣竿業務，因此極可能是用AI偽造的合成圖文。業者質疑圖片是冬衣，與夏季季節不符，疑似AI圖片。（臉書「這一竿有故事」圖片）    ",https://news.ltn.com.tw/news/society/breakingnews/5540853
吃冰沒付錢被阻！2男竟回家拿「工地神器」 全聯內囂張狂釘矽酸鈣板,社會,2026/08/15 14:31,兩名男子跑到全聯賣場內，持釘槍對著矽酸鈣板連續擊發。（示意圖，資料照）台中市兩名男子14日跑進北屯區一間全聯賣場，還沒付錢就把冰棒打開吃，被店員勸阻後心生不滿，竟回家拿釘槍及矽酸鈣板，再折返賣場內製造「啪啪」聲響恫嚇，甚至嗆聲「不想中槍的現在就離開」，嚇得顧客紛紛閃避，警方獲報後火速偵辦，今天已將其中涉案一男查緝到案，將依恐嚇罪嫌究辦。經查，44歲王男與35歲林男平時分別從事車輛大燈改裝及材料供應工作，14日下午1時許一同前往該家全聯賣場。2人選購冰品後，疑尚未完成結帳就直接拆封食用，遭店員當場勸阻，雙方因此發生爭執，沒想到一般消費爭執竟急轉直下，2人離開賣場後越想越氣，竟返回住處拿取工地使用的釘槍及矽酸鈣板折返。請繼續往下閱讀...其中王男進入賣場後，持釘槍對著矽酸鈣板連續擊發，現場不斷傳出「啪啪」聲響，店內顧客及員工受到驚嚇；林男則在賣場外持指揮棒阻止民眾靠近，甚至大喊「不想中槍的現在就離開」等語，導致許多民眾受到驚嚇，店家也趕緊報案，相關畫面也被民眾拍下並上傳網路，引發討論。第五分局獲報不敢大意，立即成立專案小組追查涉案男子身分，今天已先將王男查緝到案，另已掌握共犯林男身分及動向，將持續追查並依法究辦；警方嚴正強調，絕不容許任何人挑戰公權力或破壞社會秩序。對於各類違法脫序行為，必將依法嚴查速辦、絕不寬貸。    ,https://news.ltn.com.tw/news/society/breakingnews/5540848
吳秀華助理一問三不知？ 網友翻紀錄：曾代表吳家廠商出席環評,社會,2026/08/15 14:28,邱嘉平日前偵訊後遭聲押禁見獲准。（資料照，記者劉人瑋攝）台東縣議長吳秀華家族參與的「東映渡假村」農地開發弊案持續延燒，多人捲入調查，先前被檢調認定為議長秘書的邱嘉平，面對檢方訊問「一問三不知」，已遭羈押禁見。近日有網友翻出政府公開資訊發現，邱嘉平過去曾以吳家「東利開發有限公司」廠商代表身分出席開發案環評會議，職稱同樣登記為「秘書」。有知情人士形容，邱在此案中扮演對外聯繫窗口，是相當關鍵的人物。網友找到公開資訊「1130011O 東映國際休閒渡假村環境影響說明書」，在相關文件的與會名單中，邱嘉平名列其中，當時她與董事長鍾嘉村等人共同與會，簽名欄職稱則記載為「秘書」。請繼續往下閱讀...就不同的知情人士、參與者所言，邱嘉平是個「很客氣，也相對沉默的人」，其實吳家，乃至於吳秀華已被許多人當成「下屆縣長」，不少人還打著吳家旗幟對縣府人員頤指氣使，甚至交辦業務「要好好辦，這是下屆縣長的案子」甚至連「下屆副縣長」都出現，不少公務員敢怒不敢言，直稱這些「根本在幫吳家倒忙」，但邱嘉平反而還是最客氣的一位，只是「抓她也不意外，她就是窗口，就是keyman」。據不同知情人士及相關參與者說法，邱嘉平是個「很客氣，也相對沉默的人」。由於吳秀華已被許多人當成「下屆縣長」，不少人打著吳家旗幟對縣府人員頤指氣使，甚至甚至以「下屆縣長的案子」等說法向縣府人員交辦業務，讓不少公務員敢怒不敢言。不過，知情人士表示，邱嘉平反而是其中較為客氣的一人，但也直言，「抓她也不意外，她就是窗口，就是keyman」。知情人士指出，邱嘉平在環評會中以吳家開發公司代表身分與會，但整場多由鍾嘉村與其他廠商主導發言，邱本人多保持沉默。不過，與部落聯繫、對外窗口，以及與縣府相關單位聯絡、追蹤進度等工作，據稱多由邱負責。知情人士形容，邱嘉平「就是吳家的代表」，「傳聞她被找去偵訊時，吳俊立『臉色大變』？的確是該大變，因為她就是keyman」，邱嘉平就是上連通吳俊立、吳秀華，下連通各縣府機關與部落，「她怎麼可能不知道案件？」至於邱嘉平究竟是吳俊立、吳秀華或東利開發的助理，知情人士分析，外界雖稱她為吳秀華助理，但即使邱是由議會支薪、配給吳秀華擔任助理，只要相關人員間沒有異議，也沒有太大的違法問題，「只是傳出來不大好而已」。知情人士也坦言，「其實大可以用『議長代表』與會，但可能問題會更大」。環評書記載，「東映國際休閒渡假村」規劃設置308間客房，包括休閒會館299間、Villa 9間，並結合台東、知本及卑南地區條件，發展有機慢活休閒渡假，區內整體設計則以推廣有機飲食理念為方向，搭配多元休閒活動及渡假環境。邱嘉平參與環評時簽名。（擷取自環境部網站）邱嘉平參與環評時簽名。（擷取自環境部網站）    ,https://news.ltn.com.tw/news/society/breakingnews/5540822
台南快速道路5大小車連環撞 10傷送醫,社會,2026/08/15 14:05,台84線玉井、大內交會路段發生連環車禍，10人受傷送醫。（民眾提供）台南台84線東西向快速道路大內、玉井交會路段今天下午發生5部大小車輛連環撞的意外，消防隊全力救援，有10人受傷，緊急送醫，意識都清楚；現場初步了解，4部轎車正依序停等紅燈，剛出走馬瀨隧道口的大貨車剎車不及，滑行追撞導致，確切肇事原因調查中。事件發生在下午1點左右，位於走馬瀨農場出入口往玉井方向的十字路口，約38公里處附近，現場肇事車輛包含1部大貨車與4部轎車，由於是週休假期，有的全家出遊，造成10人受傷。請繼續往下閱讀...南市消防局獲報，立刻調派10車、19人趕往救援，大內、官田、玉井、六甲、楠西、麻豆等分隊救護車陸續將10名傷患送往麻豆新樓、柳營奇美等醫院，目前都意識清楚，不過一些傷者年紀較大，以擔架上救護車，肇事原因正由警方進一步釐清。台84線玉井、大內交會路段發生連環車禍，消防隊全力搶救。（民眾提供）台84線走馬瀨隧道口附近的玉井、大內交會路段發生連環車禍，消防隊全力搶救。（民眾提供）台84線玉井、大內交會路段發生連環車禍，消防隊全力搶救，緊急將傷者送醫。（民眾提供）    ,https://news.ltn.com.tw/news/society/breakingnews/5540837
屏東3月嬰午睡突昏迷送醫搶救3天不治 托嬰中心3名托育人員列被告,社會,2026/08/15 13:53,托嬰中心工作人員至靈堂致歉。（民眾提供）屏東縣某托嬰中心本月5日發生3個月大男嬰午睡無心跳，搶救3天於父親節宣告不治，男嬰告別式將於明（16）日舉行，家屬傷心表示「明天本來是孩子滿4個月要收涎日子，沒有想到卻發生不幸」；托嬰中心的工作人員今（15）日前往靈堂致歉。屏檢也指出，3名相關托育人員已以過失致死罪嫌列被告，全案偵辦中。屏東縣政府社會處本月5日下午4時許，接獲托嬰中心通報指一名3個月大的新入托幼童於午睡後出現肢體發紺、無心跳等現象，送醫時呈現到院前心肺功能停止（OHCA），經醫療團隊緊急處置後，仍於8月8日搶救無效不幸過世。請繼續往下閱讀...男嬰家屬今（15）日在律師陪同下發出聲明表示，案發當下於屏縣及高市的醫院，涉案老師均未道歉，也未向家長說明孩子在托嬰中心的情況，甚至家屬也無法看到前半段監視器，導致家長需為釐清確切死因時程，不得不忍痛同意進行「司法解剖」，此舉對遭逢失子巨慟的家屬而言，實在是難以承受的二次傷害，痛心疾首。就在家屬發表聲明前，托嬰中心多位工作人員現身靈堂，向家屬鞠躬致歉，家屬相當傷心，希望他們明天公祭也要到場。家屬也透露，因為只有看到後半段監視器，因此不知男嬰喝完奶後的狀況，比如是否有拍嗝？是否有趴睡？側睡？棉被蓋住口鼻？但是事發後，曾經有托育人員向他們坦承，因為孩子在哭，所以有把孩子翻過來趴睡，希望司法能調查清楚，讓真相大白。    ,https://news.ltn.com.tw/news/society/breakingnews/5540816
冷倉龍頭「裕國」前董座病逝 「每月5萬」照顧費喊停！前妻告遺孀討2076萬,社會,2026/08/15 13:43,裕國冷凍是國內最大低溫倉儲業者。（民眾提供）裕國冷凍是國內最大低溫倉儲業者，前董事長楊連發2023年病逝後，生前與林姓前妻約定每月5萬元「生活照顧費」也中斷，林女為此提告楊的黃姓遺孀與3名子女，台中地院審理認定，這筆照顧費並非一般離婚贍養費，而是林女放棄夫妻剩餘財產請求權代價，判決黃女等人應在繼承楊遺產範圍內，連帶給付林女1215萬元生活照顧費及861萬1616元藝術品價金，全案仍可上訴。判決指出，楊連發與林姓前妻於2014年1月13日簽署離婚協議，約定楊自隔月起至2044年1月止，每月5日前匯款5萬元給林女作為生活照顧費，總計360期、1800萬元，並簽發本票作為擔保。請繼續往下閱讀...林女表示，離婚後楊連發生前都按月履約，直到2023年8月病逝，9、10月仍分別收到楊名下公司及楊的黃姓遺孀匯來的5萬元，此後再也沒有收到款項，她認為既然協議約定給付30年，即使楊死亡，仍應由繼承人在遺產範圍內負責，因此要求給付2023年11月至2044年1月剩餘243期、共1215萬元。黃女等人則抗辯，這筆錢實質上是離婚後扶養、贍養費，屬於楊個人義務，應隨死亡消滅，本票債權也一併失效；至於藝術品交易，也否認存在相關契約，法官認為，從協議內容及證人證詞可知，雙方約定1800萬元分360期支付，實質是補償林女放棄夫妻剩餘財產請求權代價，並非一般離婚贍養費，因此楊死亡後尚未給付部分仍屬債務，繼承人應在遺產範圍內負責。另，林女主張楊連發2018年以1500萬元買回石川欽一郎油畫「九九峰」，約定2021年起分期支付，但楊僅付450萬元，尚欠1050萬元，法院認定雙方成立債務承認契約，一審判黃女等人應在繼承楊遺產範圍內，連帶給付林女1215萬元生活照顧費及861萬1616元藝術品價金，仍可上訴。    ,https://news.ltn.com.tw/news/society/breakingnews/5540750
陳幸妤台中七期房產「聯聚方庭」抱12年賠賣 實賠恐逾800萬元,社會,2026/08/15 13:40,陳幸妤去年將2012年以8750萬元買進的台中七期豪宅，以8500萬元轉手，持有12年帳面小賠250萬元，實際恐損逾800萬。（記者蔡淑媛攝）前總統陳水扁女兒陳幸妤，去年將2012年以8750萬元買進的台中七期豪宅，以8500萬元轉手，持有12年帳面小賠250萬元，但房仲業分析，陳幸妤在12年的持有期間還得負擔地價稅、房屋稅、管理費等成本，她實際損失恐超過800萬元。陳幸妤2012年砸8750萬元買下台中豪宅「聯聚方庭」，高樓層37樓特殊戶，該大樓總高39樓、基地1177坪，她購入的戶別坪數167.29坪，屬次頂樓景觀戶，房屋一直維持毛胚屋狀態，外界認為當初購入主要是投資考量。請繼續往下閱讀...買進隔年就掛網出售，開價一路從9800萬元上下調整，2021年一度喊價最高達1.18億元，卻始終未能成交，前後一賣就是12年，最後卻以低於原始購入價的8500萬元出售，投資12年認賠出場。2025年6月，該戶終於找到買家，以8500萬元成交，換算每坪約50.8萬元，以帳面價差計算，陳幸妤當年8750萬元購入，如今8500萬元出售，表面上賠250萬元；以七期豪宅次頂樓、167坪的條件來看，每坪50.8萬元的成交價相對實惠，買方算是撿到便宜，但新買家今年6月底再轉手，卻是加價2000萬，以1.05億元出脫。對照陳幸妤貸款購入後贈與前夫趙建銘做為診所，根據地籍異動資料顯示，該筆當初由她扛下的千萬房貸已於2025年7月份全數清償完畢，目前該處房產已無任何負債設定，外界懷疑陳幸妤賠售七期豪宅來清償貸款，離婚時間也可能在那時候。陳幸妤2012年砸8750萬元買下台中豪宅「聯聚方庭」，高樓層37樓特殊戶。（記者蔡淑媛攝）    ,https://news.ltn.com.tw/news/society/breakingnews/5540787
蘆洲警查獲暗營賭場棋牌社 會同公安小組強斷水電,社會,2026/08/15 13:26,新北市政府公安稽查小組，今天會同市警局蘆洲分局等單位，查獲經營賭場的棋牌社，強力斷水斷電，展現政府公權力及淨化治安決心。（記者吳仁捷翻攝）新北市蘆洲區一處休閒會館，對外以棋牌社當掩護，暗中經營賭場，被警方查獲後仍死灰復燃，警方起動第三方警政，通報新北市公安稽查小組，今天假日不打烊，會同警察局、消防局、經發局、工務局及台灣水公司、台電等單位，到這處違法場所強制斷水斷電，展現公權力、淨化社區治安決心。警方調查，蘆洲區中山一路這處休閒會館對外宣稱提供麻將等休閒娛樂服務，掛羊頭賣狗肉，暗中招攬不特定賭客大開地下賭場，牟取可觀不法利益；蘆洲警分局長期蒐證後，今年5月7日到該址查獲非法賭博行為及相關賭資，現場涉案人員均依法送辦、裁罰，所有權人違規部分，移送新北市經發局等主管機關依權責裁處。請繼續往下閱讀...警方表示，為免該場所成為治安死角，杜絕業者假借休閒娛樂，變相賭博，蘆洲分局啟動第三方警政，報請新北市政府公安小組，依法對建物供水、供電行政處分。今天行動時，店內仍有多名顧客，業者被查獲後仍違規經營，市政府強勢執法作為，維護轄區治安、遏止不法場所衍生犯罪。蘆洲警分局長王耀輝說，警方將持續檢討，掃蕩轄內易衍生治安、經營不法場所，高密度臨檢、情蒐，主動出擊、強力執法；警方強調，對違法情事依法究辦外，更結合市政府「第三方警政」，徹底斷絕不法營業空間，呼籲不法業者勿心存僥倖。新北市政府公安稽查小組，今天會同市警局蘆洲分局等單位，查獲經營賭場的棋牌社，強力斷水斷電，展現政府公權力及淨化治安決心。（記者吳仁捷翻攝）新北市政府公安稽查小組，今天會同市警局蘆洲分局等單位，到蘆洲這處查獲賭場的棋牌社，強力斷水斷電，展現政府公權力及淨化治安決心。（記者吳仁捷翻攝）警方提供新北市政府公安稽查小組，今天會同市警局蘆洲分局等單位，查獲經營賭場的棋牌社，強力斷水斷電，展現政府公權力及淨化治安決心。（記者吳仁捷翻攝）新北市政府公安稽查小組，今天會同市警局蘆洲分局等單位，查獲經營賭場的棋牌社，強力斷水斷電，展現政府公權力及淨化治安決心。（記者吳仁捷翻攝）新北市政府公安稽查小組，今天會同市警局蘆洲分局等單位，查獲經營賭場的棋牌社，強力斷水斷電，展現政府公權力及淨化治安決心。（記者吳仁捷翻攝）    ,https://news.ltn.com.tw/news/society/breakingnews/5540783
北市信義區小客車右轉開入對向車道  撞上等紅燈公車,社會,2026/08/15 13:24,謝姓男子駕駛轎車行經信義區忠孝東路5段，在右轉22巷時，不慎開入對向車道，車頭直接撞上正在巷口停等紅燈的公車。（記者鄭景議翻攝）40歲謝姓男子今日上午9時28分許駕駛轎車行經信義區忠孝東路5段，在右轉22巷時，不慎開入對向車道，車頭直接撞上正在巷口停等紅燈的公車。強烈撞擊造成謝男手腳擦挫傷，所幸公車司機與車上10多名乘客全數平安無事，確切事故原因仍待警方釐清。警方調查，謝男今日上午開著轎車，沿著忠孝東路5段由西往東方向行駛，當車輛行經忠孝東路5段22巷口準備向右轉彎時，疑似未注意車前狀況且轉彎幅度偏離車道，車頭當場猛烈撞擊停放在22巷口、由49歲蕭姓男子駕駛正等待綠燈的公車。兩車車頭相撞發出聲響，也引起路過民眾側目拍攝上傳網路，一度被誤傳為兩輛公車相撞。請繼續往下閱讀...轄區信義分局交通隊員警接獲報案迅速趕抵現場，除了協助手腳受到輕微擦挫傷的謝男進行包紮處置，也立即在現場拉起警戒並進行交通疏導。經員警現場檢測，兩名駕駛的駕籍資料都完全正常，現場進行酒測及毒篩，排除了酒駕與毒駕的情形。警方表示，本起事故詳細的肇事原因以及責任歸屬，目前已經交由交通警察大隊進行進一步的分析採證。警方特別呼籲，駕駛人開車上路時應時刻保持專注，隨時注意車前路況，在轉彎或駛入巷弄時，切勿未依規定開入對向來車道，以避免發生碰撞意外，保障自身與別的用路人的生命財產安全。    ,https://news.ltn.com.tw/news/society/breakingnews/5540779
台鐵列車乘客飆罵三字經 解除運送契約送法辦,社會,2026/08/15 13:07,涉嫌滋擾男子被警方帶離南港站（記者劉慶侯翻攝）臺鐵1131次列車，今日上午發生有名男性乘客莫名情緒激動，在列車上不時口出穢語，引起其他旅客緊張，即使女列車長出面制止，對方依然以粗暴態度應對。最終列車長依法解除運送契約，警方則將被依違反鐵路法函送地檢署究辦。鐵警局表示，今（15）日上午7時47分許，鐵路警察局南港所獲報，臺鐵1131次列車上有男性旅客行為異常、不時自言自語，並對其他乘客和出面制止的列車長有粗俗三字經辱罵行為。女性列車長並不時警告要解除運送契約，但反遭更多次污言穢語。請繼續往下閱讀...警方抵達現場發現該男言語失序，情緒激動，為預防其本人及他人生命、身體及公共安全之危害，故先行對其施以保護管束。並在南港車站由警方戒護下車。鐵警局隨後檢視網路社群媒體目擊民眾攝錄影片，發現這男子有辱罵列車長行為，已涉嫌違反鐵路法68-4條，以強暴脅迫恐嚇方法妨害鐵路從業人員執行業務，全案調查後函移士林地檢署偵辦。    ,https://news.ltn.com.tw/news/society/breakingnews/5540764
北市大安區通安街攤販清晨起火 蔓延波及超商,社會,2026/08/15 13:01,台北市大安區通安街一處民宅一樓旁邊的攤販，於上午6時52分許冒出火煙。（記者鄭景議翻攝）台北市大安區通安街一處民宅一樓旁邊的攤販，於上午6時52分許冒出火煙，火勢隨後蔓延波及旁邊的便利超商。台北市消防局接獲報案後，火速出動大批消防車輛與救災人員趕赴現場灌救，順利於27分鐘內將火勢完全撲滅，現場沒有造成人員受傷。消防局指出，今日上午6時52分接獲民眾通報，指稱通安街一棟五層樓建築物一樓旁邊的攤販發生火災，火速指派指揮車7輛、消防車17輛、救護車2輛及救災人員65人馳赴現場搶救。救災同仁抵達現場後，發現攤販已經冒出濃煙與火舌，並且一路延伸燒到隔壁超商，隨即拉起水線全力部署灌救，順利於上午7時19分控制並撲滅火勢。請繼續往下閱讀...經過消防人員逐層搜索與確認，現場並沒有任何人員受困或傷亡。這起火災造成攤販部分爐具與桌椅遭燒毀，隔壁超商的屋外招牌與室內貨架也受到波及被燒壞，整體燃燒面積總計約4平方公尺。詳細的起火原因以及確切起火點，仍待火災調查科進一步採證與鑑定釐清。    ,https://news.ltn.com.tw/news/society/breakingnews/5540760
三鶯線亮刀驚魂畫面曝！男不滿背包遭踢 勇父護女當場壓制,社會,2026/08/15 12:55,新北捷運三鶯線今天上午傳出亮刀驚魂，報案人（黑背心、見圖）護女，死擰住亮刀嫌犯的右手腕，將他壓制在地，三峽警方趕抵將陳嫌逮捕歸案。（記者吳仁捷翻攝）捷運三鶯線臺北大學站今日上午驚傳持刀糾紛，陳姓嫌犯只因不滿隨身包包遭四歲女童踢到，與女童父親發生口角，陳男疑認對方將對自己不利，從褲子右後方口袋取出一把美工刀，但報案人為保護四歲幼女、家人，見狀立即上前死命擰住嫌犯右手腕，當場壓制，並要旁人報警；警方到場當場逮捕，更查出陳嫌另涉及傷害案件通緝，當場依法逮捕，所幸整起事件無人受傷。警方表示，今日上午10時38分許接獲報案，指稱三鶯線臺北大學站內有民眾持刀發生糾紛，且現場人員已將持刀男子壓制，三峽派出所副所長王士豪隨即率員趕赴現場處理。請繼續往下閱讀...警方初步調查，報案人帶4歲女兒等家人出遊，幼女疑不慎踢到陳男隨身攜帶的包包，雙方發生口角爭執；過程中，陳男疑認報案人疑要對其不利，遂從褲子右後方口袋取出一把美工刀，報案人見狀立即上前將陳男壓制，並通知警方到場。警方進一步向報案人了解並初步查證，陳男當時雖已將美工刀取出，但刀刃尚未推出即遭報案人制伏，因此現場並未造成人員受傷，逮捕嫌犯查扣美工刀，帶回派出所進一步調查。警方查證身分後發現，陳男另涉及臺北地方檢察署於今年6月12日發布之傷害案件通緝，警方當場依法逮捕，並將其帶返派出所偵辦，進一步鑑定精神狀況。三峽分局表示，本案陳男涉嫌持刀恐嚇行為，將依恐嚇危害安全罪嫌移送新北地方檢察署偵辦，至於雙方衝突經過及相關法律責任，仍待警方進一步調查釐清。新北捷運三鶯線今天上午傳出亮刀驚魂，三峽警方趕抵將陳嫌逮捕歸案。（記者吳仁捷翻攝）新北捷運三鶯線今天上午傳出亮刀驚魂，三峽警方趕抵將陳嫌逮捕歸案。（記者吳仁捷翻攝）新北捷運三鶯線今天上午傳出亮刀驚魂，三峽警方趕抵將陳嫌逮捕歸案。（記者吳仁捷翻攝）新北捷運三鶯線今天上午傳出亮刀驚魂，三峽警方趕抵將陳嫌逮捕歸案。（記者吳仁捷翻攝）三鶯線中陳嫌掏出美工刀（見圖），被勇父制伏。（記者吳仁捷翻攝）    ,https://news.ltn.com.tw/news/society/breakingnews/5540755
屏東3月嬰入托3天送醫不治 家長心碎：請縣府助查閱完整監視器畫面,社會,2026/08/15 12:53,從監視器畫面顯示男嬰（中間嬰兒床）踢腳似在掙扎，托育人員們在旁疑未發現。（民眾提供）3個月大男嬰本（8）月3日入托評鑑優等的屏東市某家托嬰中心，卻在第3天午睡時失去心跳，送醫搶救後在8日父親節當天宣告不治，父母心痛不已，今（15）日在律師陪同下發出聲明指出，至今仍無法調閱托嬰中心案發當日前半段監視器畫面，請求縣府協助。男嬰家屬聲明指出，目前只有看到托嬰中心案發當日後半段監視器畫面，至今仍無法調閱前半段監視器畫面，因此仍不知孩子喝完奶後的狀況，比如是否有拍嗝？是否有趴睡？側睡？棉被蓋住口鼻？從後半監視器畫面看出「為什麼男嬰腳踢掙扎、有老師從旁經過，都無法發現異狀？」托嬰中心的優等評鑑如何取得？應全面檢討托嬰中心，別讓下一個孩子受害。請繼續往下閱讀...聲明指出，因家長至今都不知道死因，網路上有諸多推測，如男嬰感冒仍送至托嬰中心等不實謠言，許多人多次對家長表示要低調處理較好，否則恐有違法之虞，因此家長先前都未發聲，但家長仍要真相，也懇請社會各界持續監督、關注該案進展，讓社會不要再有下一個心碎家庭。受家屬委託的律師龔書翩表示，依托嬰中心監視錄影設備設置及資訊管理利用辦法第八條規定，托嬰中心因托育照顧爭議事件應提供監視器畫面，又偵查不公開指的是「檢警調及涉案人」不得洩漏偵查秘密給第三人。但縣政府社會處依照《兒少法》進行的是「行政調查」，家屬更是案件的法定被害人與利害關係人，社會處本來就必須依法協助家屬查閱影像。此外，該案審議會要等到9月才會進行，速度過慢，請縣府給「裁處時程表」，不是空泛表示會裁處而已，讓家長能夠安心。男嬰家屬在律師龔書翩（左）陪同下，發出聲明要求真相。（記者羅欣貞攝）    ,https://news.ltn.com.tw/news/society/breakingnews/5540752
SUP、橡皮艇3玩家鼻頭角遇強流漂外海 海巡艇火速馳援,社會,2026/08/15 12:40,3名分別操作2艘SUP立式划槳及1艘橡皮艇的遊客，今天上午受困鼻頭角海域。海巡署艦隊分署澳底海巡隊巡防艇，將3人與載具接載上艇後，載送至平穩海域。（海巡署提供）3名分別操作2艘SUP立式划槳及1艘橡皮艇的遊客，今天（15日）上午在新北市鼻頭角海域戲水時遇強勁海流，無法自行划回岸上，受困在距岸約0.5浬處。海巡署艦隊分署澳底海巡隊獲報出動35噸巡防艇馳援，將3人接載上艇後，均無大礙，並順利引導至平穩水域平安脫困。海巡署第二巡防區指揮部表示，今天上午9時許接獲民眾撥打「118」專線求助，有3人在鼻頭角海域遇強勁海流，無法自行返岸後，立即指派艦隊分署澳底海巡隊線上巡防艇趕赴現場，同時通報北部分署第二岸巡隊鼻頭安檢所協助搜尋。請繼續往下閱讀...鼻頭安檢所執勤人員接獲通報後，運用「紅外線熱影像系統」掃描海面，迅速在鼻頭角外海約0.5浬處，發現3名待援民眾後予以定位後，通報線上PP-3591巡防艇前往救援。澳底海巡隊巡防艇抵達現場後，海巡人員合力將3人及2艘SUP、1艘橡皮艇接載上艇；經初步檢查，3名民眾身體狀況良好，均未受傷，考量現場海流仍強，將3人及載具載往海流較平穩的龍洞岸際附近，再讓3人自行操縱載具划回岸上。澳底海巡隊呼籲，暑假期間從事SUP、橡皮艇或游泳等水域活動極為熱門，民眾下水前應審慎評估自身體能，並密切關注風浪及海流等天氣海象資訊，建議民眾出發前可善用「GoOcean海洋遊憩風險資訊平台」查詢，且活動時務必穿著救生衣並攜帶必要安全裝備。若在海上遭遇強流，或突發狀況無法自行返岸，切勿冒險，應立即撥打海巡「118」報案專線求助。3名分別操作2艘SUP立式划槳及1艘橡皮艇的遊客，今天上午受困鼻頭角海域。海巡署艦隊分署澳底海巡隊巡防艇，將3人與載具接載上艇後，載送至平穩海域。（海巡署提供）3名分別操作2艘SUP立式划槳及1艘橡皮艇的遊客，今天上午受困鼻頭角海域。海巡署艦隊分署澳底海巡隊巡防艇，將3人與載具接載上艇後，載送至平穩海域。（海巡署提供）3名分別操作2艘SUP立式划槳及1艘橡皮艇的遊客，今天上午受困鼻頭角海域。海巡署艦隊分署澳底海巡隊巡防艇，將3人與載具接載上艇後，載送至平穩海域。（海巡署提供）3名分別操作2艘SUP立式划槳及1艘橡皮艇的遊客，今天上午受困鼻頭角海域。海巡署艦隊分署澳底海巡隊巡防艇，將3人與SUP與橡皮艇接載上艇後，載送至平穩海域。（海巡署提供）    ,https://news.ltn.com.tw/news/society/breakingnews/5540741
捷運三鶯線持刀對峙一度停駛 警壓制男子竟是通緝犯,社會,2026/08/15 12:27,試乘中的新北捷運三鶯線今天驚傳民眾掏刀糾紛。（資料照）首次上稿 11:21更新時間 12:27（新增案情、通緝犯）試乘中的新北捷運三鶯線今（15）日驚傳亮刀案，一度僵持，警方獲報趕抵壓制持刀嫌犯，安全起見，將乘客都疏散下車，新北捷運一度停駛台北大學站往頂埔的列車，所幸無人受傷；三峽警分局表示，現場為旅客搭車糾紛，兩人激烈口角後，其中一人掏出美工刀，雙方對峙，警方趕抵扣刀、壓制嫌犯，查出嫌犯為傷害通緝犯，將進一步釐清犯案動機。請繼續往下閱讀...據了解，新北市110及消防局於今天上午10時36分獲報，三鶯線捷運列車上傳出乘客間糾紛，一名嫌犯掏出美工刀揮舞，與一名被害人僵持對峙，由於適逢暑假，不少親子及遊客搭乘三鶯線捷運出遊，乘客目睹這一幕都嚇得逃出車廂走避，男子仍持續持刀揮舞，三峽警方獲報趕抵壓制。據了解，嫌犯為傷害通緝犯，之前也因傷害案未到案被通緝，疑似身上習慣帶刀，警方仍待偵訊，釐清動機，將依傷害罪嫌送辦，解送新北地檢署歸案。    ,https://news.ltn.com.tw/news/society/breakingnews/5540669
從信件到鈔票 破解紙本潛伏指紋祕密,社會,2026/08/15 12:19,"寧海德林法（Ninhydrin）—— 紫色奇蹟此法針對紙張增顯指紋的主要方法之一。其藥劑與汗液中的胺基酸反應生成紫紅色的 Ruhemann’s Purple，在自然光下即可用肉眼辨識。（記者劉慶侯翻攝）想從信件、鈔票或合約書這類紙張上採到關鍵指紋，無法像電視劇那樣拿毛刷刷一刷就浮現。由於紙張纖維會吸附汗水與油脂，刑事鑑識人員則是循跡證需要，選擇5種化學反應「滲透顯影」技術，才能讓潛伏指紋無所遁形。「寧海德林（Ninhydrin，又稱紫色奇蹟）」是目前最廣泛使用的試劑。鑑識人員將試劑噴灑或浸泡在紙張上，寧海德林會與指紋殘留的胺基酸反應，經過約24小時常溫放置或烘箱加熱，指紋便會呈現紫紅色。此法問世超過半世紀，至今仍是信件、牛皮紙袋等滲透性表面的首選，微小指紋也能清楚顯現。請繼續往下閱讀...為了對付更微量或陳年的指紋，鑑識單位導入DFO（1,8-二氮-9-芴酮）與茚二酮。這類試劑同樣與胺基酸作用，但產物需透過藍綠雷射或特定波長光源激發，才會發出強烈螢光。所以這技術又被稱為「螢光捕手」。優點是能避開紙張本身印刷油墨的干擾，靈敏度比寧海德林更高，在彩色雜誌頁或偽造文件上特別管用。「硝酸銀法」是早期常用的技術，也算是歷史級老將。原理是銀離子與汗液中的氯離子結合，經紫外線或強光照射後還原成黑色金屬銀，使指紋呈黑褐色。不過硝酸銀具腐蝕性，且可能干擾後續DNA鑑驗，加上文件容易泛黃受損，目前僅列為輔助選項，較少單獨使用。當指紋遺留的主要是皮脂油脂而非胺基酸時，前述化學法容易失靈，此時改用「物理顯影法」。這是一種含銀微粒的液態試劑，銀粒子會選擇性吸附在指紋的不溶油脂上，讓指紋形成深灰色影像。此法特別適合處理遭水浸濕、揉搓或殘留大量油脂的紙張，甚至是流通已久的舊鈔票。所以也被稱為「油污剋星」。「碘燻法」是最古老的非破壞性顯現技術。鑑識員將碘晶體加熱昇華，碘蒸氣會暫時附著在指紋油脂上，形成黃褐色圖案。由於碘會迅速揮發，指紋在數分鐘內便會消失，因此必須立即拍照，或以澱粉等材料固定。碘燻法常被當作現場快篩，先確認指紋位置，且不會永久改變文件原貌，是對紙張等證物最「無損快篩」的手法。鑑識人員表示，目前實務上重大案件會採「序列處理」流程：依序進行DFO、寧海德林，最後才用物理顯影，可大幅提高陳舊紙本證據的指紋採獲率。凡走過必留下痕跡，靠著這套科學流程，紙張上的隱形指紋已難逃法眼。獨家》老婦在美遭詐近9千萬！10餘枚指紋讓「台灣車手集團」現形    ",https://news.ltn.com.tw/news/society/breakingnews/5540650
交出網銀密碼慘背495萬巨債  高雄「神隱女」非故意也得全賠,社會,2026/08/15 12:10,女子被詐495萬元。款項一匯入帳戶，隨即被詐騙集團領走。示意圖（資料照）一念之差交出網銀密碼，竟背上近500萬元巨債！高雄胡姓女子因輕信網路不詳男子「林雙祿」，不僅依指示設定網銀約定轉帳，還將合作金庫的網銀代號與密碼用LINE傳給對方。詐騙集團隨即利用該帳戶作為吸金工具，誘騙另一名張姓女子下載偽造的「瑞源行動APP」投資股票，短短半個月內瘋狂吸金495萬元並轉匯一空。橋頭地院審理後，判決胡女必須全額賠償原告495萬元。判決指出，張女誤信投資謊言，於前年5月24日至6月11日期間，先後發動5次密集匯款，金額分別為100萬、60萬、75萬、160萬、及100萬，總計495萬元。款項一匯入胡女帳戶，隨即被詐騙集團洗錢轉走。請繼續往下閱讀...張女驚覺受騙後向警方報案，胡女成為唯一曝光的詐團共犯，被張女提告求償所有損失，胡女經法院合法通知，卻採取鴕鳥心態，始終未到場主張說明，亦未提出書狀陳述。橋頭地院法官認定，胡女身為成年人，可預見交付網銀密碼會成為洗錢工具，卻仍容任其發生，具備「幫助詐欺之不確定故意」。法官強調，縱使胡女未參與後續詐騙，也沒分到任何贓款，仍須與詐騙集團連帶負擔賠償責任。本案可上訴。    ,https://news.ltn.com.tw/news/society/breakingnews/5540723
新竹香山女騎士遭撞輾頭身亡 駕駛肇逃棄車三姓橋火車站,社會,2026/08/15 12:10,新竹市香山元培街女騎士頭部遭汽車碰撞及輾過送醫不治，而汽車駕駛肇逃，警方已鎖定特定人士追緝中。（記者洪美秀翻攝）新竹市香山區元培街與元培街22巷路口，昨晚（14日）晚間7時42分許，發生機車與欲左轉汽車碰撞車禍，48歲楊姓女騎士遭撞後頭部被汽車輾過，頭部嚴重受創，經送醫急救仍不治。而汽車駕駛則肇事後逃逸，警方也發布汽車肇逃的影片，並已鎖定特定人士，籲汽車駕駛出面釐清車禍發生原因。新竹市第三警分局與消防局獲報有重大交通事故，救護車抵達現場時，48歲楊女所騎乘的普通機車已被撞得稀爛，而楊女雖有戴安全帽，但頭部遭碰撞的汽車輾過，頭部嚴重受創，經送醫仍不治。警方也調閱路口監視器發現，楊女所騎機車直行元培街，但在22巷路口，與欲左轉的汽車發生碰撞，結果汽車駕駛將楊女輾過往火車站方向肇事逃逸。請繼續往下閱讀...警方表示，楊女頭部遭輾過，當場OHCA，經送醫仍不治。而肇事的汽車在逃逸後將車停放在三姓橋火車站前，但車上無駕駛。警方已調閱監視器，並鎖定特定人士，展開追緝，並呼籲肇逃的轎車駕駛出面釐清車禍發生原因。新竹市香山元培街女騎士頭部遭汽車碰撞及輾過送醫不治，而汽車駕駛肇逃，警方已鎖定特定人士追緝中。（記者洪美秀翻攝）新竹市香山元培街女騎士頭部遭汽車碰撞及輾過送醫不治，而汽車駕駛肇逃，警方已鎖定特定人士追緝中。（記者洪美秀翻攝）    ,https://news.ltn.com.tw/news/society/breakingnews/5540717
2個女人被同個詐團毀了！她網戀被騙660萬 驚見面交車手也是「為愛犯罪」,社會,2026/08/15 12:08,警方逮捕詐騙女車手。（記者洪定宏翻攝）47歲林姓女子認識不曾謀面的「網路男友」，被對方以「共創未來」為由，誘騙投資虛擬貨幣660萬元。警方逮捕收取林女款項的43歲呂姓女車手，她也是為了愛情，寧願當男友的詐騙車手。高雄警方指出，前鎮分局草衙派出所8月7日接獲林女報案，指她透過網路交友認識男子，對方每天噓寒問暖、甜言蜜語，取得信任後，再以「一起投資、共創未來」為由，誘騙她投資虛擬貨幣，並傳送獲利假象，導致她已多次面交及轉帳共660萬元。請繼續往下閱讀...由於「假男友」的詐騙集團持續聯繫林女，要求她8月13日晚間再面交220萬元「加碼投資」。警方事先在鳳山區部署埋伏，逮捕到場收款的呂女，她竟否認是詐騙車手，辯稱「我只是幫男朋友工作」。原來呂女也是透過網路認識男友，對方推薦她從事「外務工作」，再依指示收款；警方依洗錢防制法與詐欺罪嫌法辦呂女。    ,https://news.ltn.com.tw/news/society/breakingnews/5540720
吸毒男便利商店鬧事 消費者制止爆衝突而挨刀,社會,2026/08/15 12:06,警方逮回莊姓男子依殺人未遂等罪嫌送辦。（圖由警方提供）桃園市23歲莊姓男子今天凌晨0點多，涉嫌吸食毒品後，在蘆竹區1處便利商店鬧事，當時在店內消費的林姓男子見狀出言制止，與他爆發口角，之後莊男離開，見林男等人尾隨著他，竟拿刀刺傷林男腹部，幸林男傷勢不重，迅速與友人聯手壓制莊男，警方趕來逮人，已依殺人未遂等罪嫌將莊男送辦。警方調查得知，莊男在南崁路1處便利商店與林男爆發口角後，先行離開，林男與友人憂心莊男後續可能返回便利商店找碴，尾隨在後，莊男發現後，雙方再度爆發衝突，拉扯過程中，莊男拿出預藏尖刀刺向林男腹部，幸林男傷勢不重，迅速壓制莊男並報警。請繼續往下閱讀...警方趕抵後，除逮回莊男偵訊，也通報消防隊員趕來將林男送醫治療，警方說，採集莊男尿液送驗後，結果呈現依托咪酯、安非他命、K他命等毒品陽性反應，訊後已依殺人未遂、傷害、毒品危害防制條例等罪嫌，將他移送桃園地方檢察署偵辦。    ,https://news.ltn.com.tw/news/society/breakingnews/5540725
詐騙金流1年逾50億台幣！台美日加僑民成目標 詐團假投資派車手取款,社會,2026/08/15 11:59,刑事警察局。（資料照）旅居美國徐姓老婦遭台灣車手前往美國詐騙近300萬美金案，台北市警局與刑事局組成專案小組追查，經過濾逮獲的台籍車手通信資料，意外發現這一支詐欺集團，是專門針對旅居或定居美、日、加的台灣人和中國人進行詐欺，一旦被鎖定，則立即派遺假扮成投資專員前往取款。更令警方震驚的是，專案小組根據車手以虛擬貨幣匯出到藏身中國、台灣的幕後集團金流循線追查，近一年內居然高達逾50億元新台幣以上，顯示國人即使已定居海外，仍受猖獗的詐騙集團侵害，損失金額也令人咋舌。請繼續往下閱讀...由台北地檢署指揮台北市警察局、刑事警察局二大隊、刑事鑑識中心、北市刑警大隊、萬華分局、大安分局等單位共同聯合組成的專案小組，是根據在假投資憑證上鑑驗取得的歹徒指紋，自6月間以剝絲抽繭方式逐步進行清剿，至8月上旬，陸續逮獲涉案約20餘名犯嫌。警方過濾逮獲的每一名嫌犯手機及電腦通聯資料和匯款訊息，發現旅居美國加州的徐婦被訛騙案並非單一案例，還有移民美國、日本、加拿大等地區的的台灣人和中國人受騙，且都是金額動輒千萬元以上的鉅額款項。警方根據蒐證的近一年資金流向，發現贓款泰半是匯往中國為主，台灣、柬埔寨為次，總數額經匯兌換算逾已50億元新台幣左右。同時，警方根據車手通話紀錄：「錢都已匯往426（諢語意指死大陸人）了」，顯示這一支詐騙集團極有可能是「中台不法份子聯合犯罪模式」。意即被害人是台灣人，便由台灣派出車手。若是中國人即由中國車手前往。獨家》老婦在美遭詐近9千萬！10餘枚指紋讓「台灣車手集團」現形高獲利都是詐騙。（記者劉慶侯翻攝）    ,https://news.ltn.com.tw/news/society/breakingnews/5540649
獨家》老婦在美遭詐近9千萬！10餘枚指紋讓「台灣車手集團」現形,社會,2026/08/15 11:54,警方專案小組根據返台報案的徐婦所提供的17份假投資憑證，以專業科學鑑驗在紙張憑證上篩出歹徒指紋，確認是由多名台灣籍車手赴美作案。（記者劉慶侯翻攝）旅居美國的徐姓老婦在加州疑遭台灣詐欺集團騙走300萬美金案，警方專案小組根據返台報案的徐婦所提供的17份假投資憑證，以專業科學鑑驗在紙張憑證上篩出歹徒指紋，確認是由多名台灣籍車手赴美作案。警方近日陸續抓獲約20餘名具有竹聯幫或詐欺背景的車手。全案仍在持續擴大查緝偵辦中。這是我國警方首次破獲有組織性由台灣車手遠赴美國取款案件。警方表示，這一支由台籍車手組成的車手集團，去年間鎖定徐婦為對象後，即以每三人為一組和梯次，專程前往徐婦定居的加州住處周邊租屋，每天都前往觀察和記錄對方的生活起居，一旦幕後集團訛騙徐婦成功要求面交現金或黃金時，便指揮監控她的車手出面取款。請繼續往下閱讀...警方調查，這一支詐欺集團自去年9月起至今年1月8日止，至少派出約3、4組車手前往加州，每一組車手滯美約1個月左右，共計17次面交取款，順利取得總額近300萬美元和黃金（折合損失約8926萬新台幣）。由台北市警局和刑事局組成的專案小組，是以專業科學鑑證手法，從返台報案的徐婦提供的17分完整封存的假投資憑證中，採擷篩檢出10餘枚指紋，經以指紋鑑識系統比對，順利檢出多名具有竹聯幫身分，或是有詐欺前科紀錄的犯嫌，確認這宗在美國犯罪的案件為台籍人士所為。警方專案人員在6月份進行第一波查緝，先突襲逮獲3名涉案犯嫌；隨後根據對方通信紀錄再次清查，逐步濾出車手集團其他份子，繼而利用7月下旬的一次大型掃蕩，在台北和中部地區，再清剿出20餘名涉案成員。專案小組調查，車手在取得贓款後，在當地便立即轉換成虛擬貨幣，分批匯往台灣、中國、柬埔寨等國家，車手身上幾乎沒有存留任何多餘贓款，以致贓物金流不易追蹤追查。在美國加州定居已近30年的8旬徐婦，因家屬多在台灣，所以平日利用網路平台關注國內和親友情況。不料近期因晶片大佬黃仁勳旋風，和股市接連大漲訊息，她因此被「假投資」詐欺集團盯上。徐婦因登門取款的男子都是操台語口音，且提供的是繁體中文書寫的收據及授權書，徐婦於是5月間在親屬建議下，返回台向警方報案，並提供17份封存好的收據及授權書，供警方進行指紋採擷取證比對，結果查出確實為我國籍犯嫌。詐騙金流1年逾50億台幣！台美日加僑民成目標 詐團假投資派車手取款從信件到鈔票 破解紙本潛伏指紋祕密    ,https://news.ltn.com.tw/news/society/breakingnews/5540648
連吃8罰單！魚販雙手甩髒水潑警 法官引憲判認定無罪,社會,2026/08/15 11:51,潘姓魚販違規擺攤賣魚，一連被開了8張罰單後，將雙手髒水潑灑至警員臉部，被檢方依妨害公務、侮辱公務員及公然侮辱罪嫌起訴。基隆地院認為僅屬一時情緒宣洩，未達「強暴」程度，判決潘男無罪。（記者林嘉東攝）基隆市潘姓男子今年4月間違規擺攤賣魚，一連被警員開了8張罰單後，一時氣憤，將雙手髒水潑灑至警員臉部，並伸手推開員警，被檢方依妨害公務、侮辱公務員及公然侮辱罪嫌起訴。基隆地院審理後，認為潘男行為屬一時情緒宣洩，未達「強暴」或「足以干擾公務執行」程度，且未逾越一般人合理忍受範圍，判決潘男無罪。檢方起訴指出，潘男今年4月24日上午6時許在基隆市成功一路、光一路口違規擺攤，基隆市警一分局忠二路派出所警員到場勸導不聽後，對潘男連續開出8張罰單。潘男明知員警依法執行職務，竟基於妨害公務與侮辱犯意，將雙手髒水潑甩至員警臉部，並伸手推員警。請繼續往下閱讀...法院審理時，潘男指出，他當時要跟警員拿罰單，沒有用手推警員，因為生氣，才會將手上的水彈向警員，沒有侮辱的意思；法官勘驗警方身上的密錄器影像，與詰問開單警員，發現潘男當時並無伸手推員警的動作，警員亦證稱，潘男僅是碰到他的雨衣。判決指出，刑法妨害公務罪的「施強暴」需有積極攻擊或反制對抗行為，潘男伸手拿罰單時，觸碰員警及甩水，僅屬於消極抗拒與情緒宣洩，並未妨礙員警後續執行公務，不構成妨害公務罪。至於，侮辱公務員與公然侮辱部分，依憲法法庭113年憲判字第3號及第5號判決意旨說明，人民因被取締處罰發生的負面言行，國家應適度容忍。潘男因短時間內連續被開了8張罰單，基於氣憤而做出甩水的行為，時間極為短暫，未達到明顯干擾警方指揮或執行公務的程度，亦未實質貶損員警的社會名譽或人格尊嚴。法官認為，檢方提出的證據不足以證明潘男有施加強暴或嚴重貶損名譽之犯罪事實，基於無罪推定原則，依法判處潘男無罪。可上訴。    ,https://news.ltn.com.tw/news/society/breakingnews/5540697
兒子一週只給千元零用錢 8旬老母「上訴失敗」離家出走,社會,2026/08/15 11:42,蔣姓老婦爭取零用錢失敗離家出走，頂著烈日步行四小時被員警尋獲。（民眾提供）8旬蔣姓婦人的兒子每個禮拜給老母一千元當零用錢，老母覺得太少不夠花，「上訴」多要錢被拒後，竟負氣離家出走，頂著高溫烈日下徒步長達4小時，差點中暑，幸員警即時尋獲，助老母平安返家。警方指出，家住橋頭的蔣姓老婦，丈夫過世後，家裡經濟大權由兒子執掌；日前兒子打算每個禮拜給老母一千元當零用錢，三餐仍由兒子支付，但老母覺得菜市場一件衣服最便宜都要200元，1千元根本不夠花，她向兒子爭取多要一點零用錢，沒想到被拒絕。請繼續往下閱讀...老母愈想愈氣，直接離家出走抗議，家人發現老母失蹤，焦急前往橋頭分駐所報案，橋頭與甲圍兩所獲報後，立即頂著烈日兵分多路展開協尋。員警沿街搜尋，在橋頭新市鎮的新東三街口路邊發現蔣姓老婦蹤影，當時蔣姓老婦因長時間曝曬已體力不支、險些中暑，見到員警時更忍不住不斷訴說受氣過程；員警耐心傾聽並溫柔安慰，隨即遞上飲用水消暑，並以巡邏車先將老婦接返派出所休息。焦急趕抵的兒子見母親平安無事，激動地連連向辛苦的員警致謝，也讓這場家庭紛爭暫告一段落。    ,https://news.ltn.com.tw/news/society/breakingnews/5540680
「老婆睡旁邊」他被控硬上前女友 法官列關鍵疑點判無罪,社會,2026/08/15 11:32,陳姓男子被控在妻子面前，性侵未成年前女友小曼。基隆地院以無積極證據佐證陳性侵小曼，判他無罪。示意圖，與本案無關。（資料照）基隆市陳姓男子被控在妻子面前，無視躺在地板上的前女友小曼（化名）拒絕及用腳反抗，仍強行撫摸後，性侵得逞。基隆地院審理後，認為案發當時陳男妻子也在房內床上，小曼若遭陳男性侵，可以求助陳妻或聯繫男友自救，且陳妻也證稱，未聽到陳性侵小曼，依「罪證有疑、利於被告」原則，判決陳男無罪。檢方起訴指出，小曼前年9月間與男友吵架，當晚凌晨1時許，跑去找前男友陳男時，陳與陳妻已同床就寢；小曼進入陳與陳妻房間後，獨自躺在屋內地板涼蓆上滑手機，陳下床後，詢問妻子「我可不可以和她發生性行為」，妻回稱：「沒差，我已經習慣了」；接著，陳被控無視未滿18歲的小曼，口頭拒絕及用腳反抗，以棉被蓋住小曼的頭阻止她反抗後，撫摸小曼胸部、下體後，性侵得逞。請繼續往下閱讀...事後，小曼打電話向男友求救離開陳住處後提告。檢方調查認定，陳男涉犯兒童及少年福利與權益保障法及強制性交罪等罪，將他起訴。法院審理時，陳雖坦承當晚有與小曼發生性行為，但堅稱雙方是合意性交。陳的辯護人則主張，小曼事後未驗傷報警，且案發時陳男妻子同在房間內，若有強暴脅迫情事不可能毫無察覺，本案僅有小曼單一指控，缺乏其他陳涉犯強制性交罪的積極證據。合議庭審理後認為，案發時陳妻在屋內床上，小曼從未向黃女求助，且小曼當時自願進入陳男夫妻房間，在房內地板上滑手機時，有暢通管道可聯絡男友，加上陳妻也證稱，未聽到先生性侵小曼；陳男是否施以強制力控制小曼的行動及意願，顯有疑義。判決指出，雖然小曼男友證稱，小曼被他接走時情緒激動，以及群組對話紀錄顯示陳男曾向小曼道歉，但無法證明陳男當晚有違反小曼意願發生性行為，認定檢方所提證據無法達到使一般人均確信有罪的程度，基於「罪證有疑、利於被告」原則，依法判決陳男無罪。可上訴。    ,https://news.ltn.com.tw/news/society/breakingnews/5540660
反應時間只剩1.66秒？砂石車撞死89歲阿嬤 法院判駕駛無罪,社會,2026/08/15 11:29,砂石車輾斃闖紅燈婦人，法官判無罪。（民眾提供）彰化縣鹿港鎮鹿和路發生一起死亡車禍，一名89歲阿嬤步行穿越馬路時，遭砂石車當場輾斃，該案經彰化地院審理後，法官認定砂石車駕駛在綠燈亮起時起步，阿嬤卻違規闖紅燈，突進入砂石車前方，讓駕駛無法預料與防範，因此判決被告無罪，全案仍可上訴。車禍發生於2023年12月19日上午10時30分，砂石車張姓駕駛開到鹿和路三段與鹿和路620巷口停等紅燈，他等到號誌轉為綠燈時起步，撞上當時未行走行人穿越道、逕行左轉穿越馬路的蔡姓阿嬤，造成頭顱破裂、胸廓粉碎性骨折，當場因創傷性休克死亡。請繼續往下閱讀...檢方依據被告供述、道路監視器與行車紀錄器畫面、車輛行車事故鑑定報告等證據，認定被告未於起步前確實查看右照地鏡與右側照鏡，涉有刑法過失致死罪嫌。駕駛人自綠燈亮起至車輛開始移動約2.142秒，自移動至碰撞約0.51秒，合計約2.65秒；被害人踏入快車道至碰撞約2.176秒，倒推被害人約於綠燈後0.48秒踏入可由右前照地鏡或右側凸面鏡觀察之範圍，故認為被害人在車輛起駛前約有1.66秒處於可見範圍，被告觀察時間偏短，為肇事次因。砂石車駕駛需查看正前方、左右照後鏡、右前照地鏡、車側及車後輔助影像等多個視野，不可能同時觀察，視線離開某鏡面後即無法察覺其後出現之人車。法官表示，該案經公路局車鑑會鑑定及覆議會覆議，均一致認定被告無肇事因素。理由在於被害人未依規定穿越道路，且於綠燈起步時突然變向進入車道，此為被告難以預料及防範的突發狀況。因此判處被告無罪。    ,https://news.ltn.com.tw/news/society/breakingnews/5540672
摔落5層樓高邊坡 埔里虎頭山27歲單車女騎士幸運保命,社會,2026/08/15 11:27,女騎土摔落虎頭山15公尺深道路邊坡，消防人員進行檢傷。（消防局提供）南投縣埔里鎮知名登山健行步道虎頭山，今天清晨7時許傳出1名27歲女子騎自行車不慎摔落15公尺約5層樓高的道路邊坡，消防局派員前往救援，女子幸運僅臉部有明顯外傷、左膝蓋受傷疼痛，送醫救治後無生命危險。消防人員表示，山路部分路段陡升，發生事故路段是一處陡坡且為彎道，民眾在山區騎自行車應注意安全，避免分心或太累發生意外。請繼續往下閱讀...南投縣消防局今天清晨7時許，獲報埔里鎮虎頭山有民眾騎自行車不慎摔落15公尺深道路邊坡，立即派遣中心碑分隊、埔里分隊出動救助器材車、救護車及消防人員6名，攜帶繩索、鈎環、SKED等裝備趕赴現場救援。消防人員到場時，發現摔落邊坡的27歲女騎士意識清醒，坐在山坡樹林間可清楚對話，但無法自行脫困，遂啟動救助器材車的油壓吊臂下放救護人員，在接觸女騎士後初步檢傷，其臉部有明顯外傷、左膝蓋多處挫傷疼痛，經吊掛回路面並做必要包紮處置後送往台中榮民總醫院埔里分院救治已無大礙。受傷女騎士在消防人員協助下，吊掛上路面。（消防局提供）消防局救助器材車油壓吊臂下放救護人員，救援摔落坡女騎士。（消防局提供）女騎士摔落15公尺深邊坡，左膝受傷。（消防局提供）    ,https://news.ltn.com.tw/news/society/breakingnews/5540656
騷擾54天！變態人夫拿裸胸照威脅PO網 法院判賠10萬,社會,2026/08/15 11:26,高雄變態男取得被害人裸露胸部的私密照片後，開始瘋狂追求跟蹤騷擾。（情境照）高雄市蔡姓已婚人夫前年3月間，以不詳方式取得一名成年女子裸露胸部的私密照片後，開始瘋狂追求跟蹤騷擾，自同年3月30日至5月23日間，展開長達54天的瘋狂轟炸。他反覆利用FaceTime及兩支行動電話，傳送該私密照，並狂言「每天看著你的照片DIY」、「是要玩3P嗎？」等粗鄙且帶有性騷擾意味的文字。眼見女子不從，蔡男更使出外流手段恫嚇，連環傳訊「我先傳給你看，等我全部Po FB」、「你叫我Po的，所以序文要寫什麼？」，甚至按表操課瘋狂撥打電話，強行干擾並要求聯絡，導致女子每日活在私密照隨時被公諸於世的極度恐懼中，日常生活與社會活動遭到嚴重破壞。請繼續往下閱讀...受害女子因身心受創，依法提起訴訟，向蔡男索賠精神慰撫金60萬元。法院審理期間，蔡男經合法通知未到場辯論，亦未提出任何書狀作聲明或陳述，法院傳訊被告配偶證述及相關事證，認定被告犯行。橋頭地院法官審酌，蔡男為一己私利，違反被害人意願進行干擾與強迫追求，其加害手段惡劣、動機卑劣，且騷擾時間長達近兩個月，已對被害人造成巨大的精神痛苦。在權衡兩造年齡、社會地位及資力等一切情狀後，認原告精神損害賠償以10萬元為適當，全案仍可上訴。    ,https://news.ltn.com.tw/news/society/breakingnews/5540642
桃園通緝犯拒盤查持刀揮舞還割頸 警方合力制伏,社會,2026/08/15 11:22,警方查獲王姓男子（右）因案通緝。（圖由警方提供）因案被通緝的桃園市42歲王姓男子，昨天（14日）下午近2點，因行跡詭異，在桃園區民生路巷內被員警攔下盤查，他不配合且想跑，過程中先拿出水果刀與辣椒水噴霧劑作勢攻擊員警，再用刀割劃自己頸部，還好員警聯手制伏他，才結束一場虛驚。桃園警察分局武陵派出所員警巡邏時，發現王男與友人在巷內聊天，看到警方時顯得緊張，便趨前盤查2人，豈料王男不配合，藉故要去找老婆，就想離開，員警見狀，通報支援警力，王男聽到後，突然拔腿狂奔，一度還企圖搭友人的機車逃離。請繼續往下閱讀...警方說，王男被拉下車後，竟拿出水果刀揮舞，作勢攻擊員警後，再持刀割劃自己頸部，噴灑辣椒水要脅員警不得靠近，還好支援警力趕抵後，員警聯手將王男制伏，奪下水果刀與辣椒水噴劑；王男經消防隊員檢查無大礙後，已被警方依法究責。王姓男子持水果刀作勢攻擊員警還割劃自己頸部。（圖由警方提供）    ,https://news.ltn.com.tw/news/society/breakingnews/5540668
獨家》探勘遭虎頭蜂圍攻！生還女「體無完膚」急轉送中榮,社會,2026/08/15 11:09,蜂毒相當可怕。（資料照，取自北市動保處）登山協會幹部深入墾丁國家公園未開放山林探勘遭虎頭蜂猛烈圍攻，造成2死1傷。今日（15日）凌晨4時12分，搜救人員冒雨徹夜搬運搶救下山的55歲張姓女子，被緊急送往衛生福利部恆春旅遊醫院救治。醫院檢視發現，張女四肢、背部及臉部均有密密麻麻的多處嚴重蜂螫痕跡，全身幾乎體無完膚，醫療團隊隨即展開全力救治。恆春旅遊醫院緊急為張女進行各項醫療檢查與抽血分析，報告結果卻令人怵目驚心。由於遭大量蜂毒入侵，張女出現嚴重的急性毒性反應與腎臟功能受損，血液數值極度異常，評估可能需要洗腎治療。請繼續往下閱讀...考量到地方醫院醫療資源有限，醫療團隊經評估後不敢大意，於今日上午8時許安排救護車，將傷勢嚴重的張女緊急轉送至醫療設備完善的台中榮民總醫院，如需要可能進行洗腎與後續專科救治。醫療人員也提醒，山區虎頭蜂毒性強勁，若遭大量蜂螫易引發過敏性休克或急性腎衰竭，後續病情變化仍需持續密切觀察。    ,https://news.ltn.com.tw/news/society/breakingnews/5540651
女控網友性侵喊「不要」60次  錄音揭情趣還提醒戴套,社會,2026/08/15 11:03,女網友控黃姓男子約會強暴，卻被法官發現她提醒黃男戴套。示意圖（資料照）女網友小雨（化名）指控黃姓網友約會強暴，並拿出錄音檔，聲稱她喊「不要」60多次仍被硬上，提告求償120萬，法官勘驗錄音發現，女方語氣親暱撒嬌、主動要求戴套，認定屬合意調情非性侵，判小雨敗訴；小雨不服上訴並加碼求償金額至150萬元，仍被二審法官駁回。判決指出，2021年間，小雨玩手機遊戲時結識黃姓男子，2023年4月，兩人相約在高雄見面並前往黃男住處。小雨控訴，黃男不斷勸酒並強行壓制脫褲，過程中她明確喊出「不要」、「不行」、「不可以」高達60多次，但仍被性侵得逞，事後因創傷後壓力症候群就醫。請繼續往下閱讀...小雨提告刑事性侵獲不起訴後，再向黃男提起民事侵權訴訟，求償醫療費與慰撫金共120萬餘元。橋頭地方法院審理時，法官勘驗錄音檔，發現兩人從咖啡廳回到住處調酒、搶棉被打鬧，氣氛一直十分親暱。前戲長達30多分鐘的過程，小雨雖口頭喊「不要」，但語氣均帶有笑意與撒嬌口吻，甚至主動要求黃男「戴保險套」、「快點去戴」，完事後，黃男還載她前往高鐵站搭車、陪同購票，全程互動如一般情侶。法官還發現，小雨女事發後隨即傳訊息給當時交往的男友，坦承「我拿到被強迫發生關係的證據，可以怎麼毀他」，顯示她早有預謀搜證報復的心態。法官認定，一般性侵被害人多處於恐懼與抵抗狀態，但本案錄音呈現的是男女情感糾葛下的半推半就與情趣拉扯，口頭「不要」並非實質拒絕，小雨無法證明黃男有違背意願的強制行為，判她敗訴。小雨不服上訴二審，並將求償金額從120萬餘元拉高至150萬元，高雄高分院審理時，二審法官一樣認定兩人行為呈現正常情感互動，小雨主張無理由，駁回小雨之訴，全案仍可上訴。    ,https://news.ltn.com.tw/news/society/breakingnews/5540615
紘鼎開發違法排放廢污水 犯罪所得逾45億元,社會,2026/08/15 10:41,紘鼎開發工程公司私設管線長期排放含有重金屬的廢污水到鄰近田地。（資料照，記者鄭淑婷翻攝）桃園市蘆竹區紘鼎開發工程公司負責人陳姓男子率同員工私設管線，將含有重金屬的廢污水，長期排放到鄰近的台61線道旁田地，桃園地檢署2022年8月間指揮偵辦後，起訴陳男等9人，估計犯罪所得超過45億餘元，桃園地方法院已依違反水污染防治法等，判處陳男有期徒刑5年2月，其餘被告分別判處有期徒刑3年10月到1年不等。桃檢起訴指出，陳男經營地下工廠收置廢棄物後，會將部分廢棄物倒入污泥池，再私設管線，將廢污水排放到鄰近田地，經檢警環團隊科技蒐證，2022年8月24日晚間前往搜索，確認工廠從2021年11月起，就開始將含有害健康物質、超出水污染防治法放流水標準值的污泥與廢污水，排放到田地。請繼續往下閱讀...桃檢偵結後，依水污染防治法、廢棄物清理法、刑法等，起訴紘鼎公司及陳男等9人，檢方指出，陳男等人犯罪所得超過45億元，其中，應支出而未支出的清除處理費、即「消極利益」約43億餘元，收受土方、廢土或廢污泥所取得的「積極利益」部分則超過1億7000萬元。桃院判處陳男有期徒刑5年2月，併科300萬元罰金，法官指出，陳男貪圖不法利益，完全無視可能造成下游農地與水文環境的污染與破壞，已侵害環境法秩序與公共利益；其餘被告分別判處有期徒刑3年10月到1年不等，紘鼎與合作的運輸公司則共科300萬元罰金。陳姓男子收置廢棄物並將部分廢棄物倒入污泥池，再透過私設管線直接排放到鄰近田地。（資料照，記者鄭淑婷翻攝）檢警環團隊查獲紘鼎開發工程公司私設管線長期排放含有重金屬的廢污水到鄰近田地。（資料照，記者鄭淑婷翻攝）    ,https://news.ltn.com.tw/news/society/breakingnews/5540623
獨家》出風谷遭蜂群圍攻！她悲痛還原現場：友人吐一句「我不行了」倒地,社會,2026/08/15 10:37,遭蜂群攻擊三人都是登山救難老將。（小花雨來菇提供）登山協會幹部深入恆春半島未開放山林探勘遭虎頭蜂襲擊，釀成傷亡，獲救的55歲張姓女子回憶起13日發生的慘劇，仍心有餘悸。根據消防搜救人員轉述張女證言，3人當時在完全未見到蜂窩的情況下突遭大量虎頭蜂猛烈狂襲，隨後展開一場生離死別的絕望逃生，同行張男在臨終前更痛苦吐出一句「我不行了」，隨即失去意識，場面極為悲慘。張女向搜救人員透露，13日下午3人在出風谷一帶進行探勘，不料突然遭到蜂群狂暴圍攻。危機時刻，64歲的顏男選擇就地尋找掩護躲避，她與69歲的張男則一路奮力奔跑逃命，但身上仍被猛烈蜂螫。逃離蜂群核心後，張女第一次撥通電話聯繫顏男，當時顏男尚能虛弱回應；然而當她第二次再撥打時，電話已再無人接聽。請繼續往下閱讀...令人心碎的是，一路與她奔逃的張男最終也抵擋不住身上密集的毒針，走沒多久便因嚴重蜂螫而傷勢惡化，在虛弱說出「我不行了」之後便陷入昏迷失去意識。面對兩名夥伴接連倒下，孤立無援的張女只能憑藉最後一口氣，獨自不斷朝海邊出風鼻方向拚命逃離，並持續透過電話發出求救訊號，才終於在搜救隊連夜搶救下保住一命。屏東縣消防局第四大隊指出，目前搜救人員正根據張女提供的定位資訊，全力搜尋張男的下落，但截至目前為止尚未有人員接觸到張男；至於顏男受困的地點因蜂群威脅極大，搜救隊必須等待人員全副武裝穿著完整補蜂裝備後，才能深入該山區進行搜尋，警消與搜救力量正與時間賽跑，全力推進搜救進度。空勤支援找尋吊掛死傷者。（民眾提供）    ,https://news.ltn.com.tw/news/society/breakingnews/5540600
台中暗夜驚魂！保時捷自撞四輪朝天突冒火 火煙狂竄嚇壞民眾 ,社會,2026/08/15 10:26,保時捷休旅車自撞翻覆後突起火燃燒。（民眾提供）台中市西屯區14日深夜驚傳火燒車！一輛保時捷休旅車行經路口時，不明原因突然偏移，先撞上路旁停放轎車，猛烈撞擊後整輛車四輪朝天翻覆，隨即竄出熊熊火煙，遭撞轎車還波及3部機車及另1輛轎車，所幸駕駛自行脫困，無人受傷。事故發生在深夜近12點，撞擊巨響劃破寧靜街區，翻覆的黑色保時捷休旅車橫躺在雙黃線上，四輪朝天，周邊零件散落，更不斷自底冒出火焰與濃煙，消防人員趕抵後拉水線灌救，第六分局西屯派出所獲報也立即派員到場，同步進行交通疏導及現場管制，直到今天凌晨1時40分才完成排除，恢復道路通行。請繼續往下閱讀...經查，30歲賴男當時駕駛保時捷休旅車行經上石路與智惠街口時，突然偏移撞上路旁停放轎車，遭撞轎車再往前推撞，波及停放在路旁三部機車及另1輛轎車，保時捷則因撞擊翻覆隨即起火燃燒，所幸賴男自行脫困，未受傷。警方對賴男實施酒測值為0，現場也未發現違禁物品，後續將進一步調查行車狀況、撞擊原因及相關責任，六分局提醒駕駛人上路前應確認人車狀況，行駛時務必專心注意路況，避免因一時疏忽釀成事故。消防人員趕抵灌救。（民眾提供）保時捷休旅車碰撞路旁轎車後翻覆瞬間。（民眾提供）    ,https://news.ltn.com.tw/news/society/breakingnews/5540535
深夜開罰21件！豐原警祭出新神器 引導車輛「進分局停車場」檢驗,社會,2026/08/15 10:24,豐原分局添購執法利器「酒毒駕LED攔檢指示牌」，透過醒目文字及燈號結合路檢攔查勤務。（警方提供）台中市警局豐原分局為強化取締酒駕與毒駕，於日前添購執法利器「酒毒駕LED攔檢指示牌」，透過醒目文字及燈號結合路檢攔查勤務，提醒各駕駛人切勿以身試法，以提升執法效能及嚇阻效果。昨（14）夜查獲失聯外籍移工1名，並查獲酒駕3件（拒測2件、公共危險1件）及舉發交通違規4件、重大違規無照駕駛2件，展現科技輔助成效。豐原分局昨夜結合環保及監理單位專業人力，攔查中山路沿線疑似改裝、噪音擾民及排氣異常車輛，除由員警進行交通檢查外，並同步實施噪音及排氣檢驗，此次勤務將攔查地點設置於中山路豐原警分局駐地停車場內，利用駐地作為安全檢測場域，讓攔查車輛進入後接受完整檢測，避免違規車輛藉由道路車流或周邊路口脫離查察範圍。請繼續往下閱讀...環保局對於檢驗不合格之車輛，依「噪音管制法」裁處7200元罰鍰，計取締2件，對於排氣檢驗不合格計取締4件，依「空氣污染防制法」予以裁處3000元罰鍰；監理站則針對改裝排氣管、設備損壞不予修復，依「道路交通管理處罰條例」第16條規定，處900元以上1800元以下罰鍰，計取締4件，另改裝頭燈依同條例第18條規定處2400元以上9600元以下罰鍰，計取締2件，共計取締違規車輛21件。豐原分局分局長謝建國呼籲，請民眾聚餐飲酒後應選擇以代駕、計程車或大眾運輸工具，切勿心存僥倖酒後上路，更嚴禁吸毒駕車觸犯刑法。☆飲酒過量 有害健康 禁止酒駕☆豐原分局攔查中山路沿線疑似改裝、噪音擾民及排氣異常車輛，引導進入豐原警分局停車場內，接受完整檢測。（警方提供）    ,https://news.ltn.com.tw/news/society/breakingnews/5540533
《新楓之谷》轉蛋Bug狂刷1010次 女玩家62萬帳號遭鎖求償敗訴,社會,2026/08/15 10:12,吳姓女玩家卡遊戲Bug刷虛寶遭封號，怒告網友卻敗訴。（資料照）吳姓女玩家利用《新楓之谷》推出的轉蛋機漏洞獲取虛寶，並將儲值逾62萬元帳號借給柯姓網友協助卡Bug，導致帳號遭永久封鎖，吳女提告求償62萬，但法官查出吳女借出帳號前，就已自行違規88次，判吳女敗訴。判決指出，《新楓之谷》於2023年11月舉辦「幸運糖果」活動時出現漏洞，玩家每日限抽3次，但登出再登入即可重複抽獎。吳女發現後，將帳號密碼交給柯男幫忙操作。事後該帳號累計異常轉蛋高達1010次，遭遊戲橘子判定屬惡意濫用漏洞「情節重大」，依法終止合約並永久鎖定。請繼續往下閱讀...吳女不滿提告柯男，要求他賠償62萬餘元，高雄地方法院審理時，柯男辯稱，是吳女主動提供帳密，且吳女自己在交出帳號前就已違規操作，帳號被鎖與他後續的操作無關。法官向遊戲橘子函調紀錄，遊戲公司回覆，該活動7天正常上限僅能抽21次，超過即認定違規；而紀錄顯示，吳女在將帳密告知柯男前，其角色就已單日操作轉蛋機達88次，已逾正常上限4倍之多。法官認定，即使柯男後續未協助操作，單憑吳女先前的違規行為就足以導致帳號被永久封鎖，柯男的行為與帳號遭鎖的損害結果間缺乏「相當因果關係」，因此駁回吳女請求，可上訴。    ,https://news.ltn.com.tw/news/society/breakingnews/5540567
音樂人偷吃女大生！老婆生日陪小三開房 全家遊日約北海道私會,社會,2026/08/15 10:09,音樂工作者山姆（化名）偷吃女大生，被老婆抓包生日當天竟還出軌。示意圖。（資料照）馬來西亞籍人妻發現音樂人丈夫偷吃女大生，不僅把小三帶回婚床拍性愛片，全家赴日旅遊時還私會小三，人妻翻拍家中iPad性愛影片提告，法官認定翻拍證據有效，判丈夫與小三連帶賠償20萬元。判決指出，音樂工作者山姆（化名）與妻子結婚後生下一子，2024年間，山姆透過交友軟體結識踢踢（化名），兩人迅速墜入愛河並多次發生性關係。交往期間，山姆不但帶踢踢回家在床上拍攝口交及性愛影片，連妻子生日當天，山姆拋下妻子與踢踢開房，甚至趁全家去日本玩時，偷偷安排踢踢飛往北海道接力甜蜜同遊。請繼續往下閱讀...去年5月，妻子翻看丈夫的iPad，赫然發現大量出遊與裸露性愛影像，氣得提告求償100萬元。高雄地方法院審理時，踢踢辯稱通姦已除罪，配偶權不受民法保障；山姆則辯稱 ，妻子未經授權登入iPad翻拍影像屬於違法取得證據，應予排除。法官認為，通姦除罪化不代表婚姻誠實義務消失，配偶權仍受法律保障，且侵害配偶權行為極具隱密性，被害人舉證困難，妻子登入家中iPad翻拍，未採用強暴脅迫等侵害人格權手段，符合比例原則，認定具備證據能力。考量雙方社經地位與侵害情節，判決山姆與踢踢應連帶賠償20萬元，可上訴。    ,https://news.ltn.com.tw/news/society/breakingnews/5540583
單親媽兼差拉客介紹「吹不戴」 拉到警察這下慘了,社會,2026/08/15 10:07,基隆市黃姓女子為了扶養2個孩子，兼職媒介男客從事性交易，遭喬裝男客的警察查獲。（資料照）基隆市黃姓女子平日從事餐飲業，為了扶養2名未成年子女，兼職拉男客媒介從事色情交易；未料拉客時，拉到喬裝成男客的員警，當場遭警方逮捕送辦。基隆地院審理後，考量黃女坦承犯行，且須扶養2名小孩，依黃女犯圖利媒介性交罪判處2月徒刑，得易科6萬元罰金。判決指出，黃女今年3月11日晚間8時46分許，在基隆市仁愛區某巷弄間，向喬裝成顧客的警員媒介性交易，推銷民宅內有3名女子可供選擇，並說明「全套」性交易收費方式為每人每次台幣1200元至1300元不等。請繼續往下閱讀...警員蒐證後，當場表明身分將黃女逮捕，並扣得屋內未使用的21個保險套、計時器及潤滑液等物品。黃女在警詢及偵訊時否認犯行，辯稱自己當天只是休息、「帶小孩去整理房間」，隨口回答警員問題而已，並非媒介男客從事性交易。但檢察官檢視，警員蒐證的錄音譯文，發現黃女熟練地介紹「吹不戴，做戴」、「要廁所嗎？」、「三個啦，你要哪一個」等語，因此不採信其說詞，依法提起公訴。法院審理時，黃女坦承犯行，法官審酌法官黃女平常任職餐飲業，為了扶養2名未成年子女，兼職媒介男客從事性交易，依圖利媒介性交罪判處黃女2個月，得易科罰金3萬元。可上訴。    ,https://news.ltn.com.tw/news/society/breakingnews/5540580
IKEA新莊店前驚傳砍人！醉男嫌排氣管太吵 撞倒騎士再揮刀,社會,2026/08/15 09:57,新北市新莊IKEA前，14日晚間傳出黃姓嫌犯僅因不滿前方騎士機車改裝太吵，憤而騎車撞倒，並掏刀砍傷金姓年輕騎士，警方當場查扣鋒利水果刀，查獲黃嫌酒駕與殺人未遂等罪嫌，依法送辦。（記者吳仁捷翻攝）IKEA新北市新莊店驚傳衝撞砍人案，就在一旁的新莊派出所員警獲報行車糾紛趕抵，發現一名機車騎士受傷，員警連忙制止持刀砍人的嫌犯黃男，起出一把水果刀；警方調查，黃嫌辯稱不滿金男的機車排氣管太大聲，騎車衝撞後再掏出水果刀砍傷金姓男子受傷，路人見狀報案，將傷者送醫幸無大礙，警方逮補後依殺人未遂現行犯送辦黃嫌，並建請檢方羈押。據了解，警方於14日晚間8時40分獲報，路人指稱IKEA前機車待轉區，歹徒持刀攻擊騎士，新莊分局立即派遣一旁新莊所員警趕抵，當場奪刀壓制行兇的黃男，先將遭砍傷的20歲金姓男子送醫，所幸到院並無大礙。請繼續往下閱讀...40歲黃嫌落網後情緒乖張、整身酒味，他辯稱騎乘機車途經該處，聽見前方騎士機車排氣管改裝太吵，憤而衝撞撞倒金男，黃嫌更從機車置物箱掏出一把水果刀，攻擊刺向金男，造成金男左手及左背撕裂傷，所幸到院檢傷後，未傷及要害，沒有生命危險。黃嫌落網後，辯稱不滿騎士改裝排氣管太大聲，但被害人金男說，根本不認識黃嫌，無故遭撞砍傷，還說機車排氣管為正常改裝；警方對黃男酒測，酒測值達0.15mg/L，偵訊後依公共危險、未遂、傷害、妨害自由、毀損等罪嫌，移送新北地檢偵辦，避免黃嫌再度危害民眾。    ,https://news.ltn.com.tw/news/society/breakingnews/5540579
陳幸妤轟爆趙建銘！ 網狂敲碗：想看五妃街封路演「鍘美案」,社會,2026/08/15 09:45,陳幸妤（左）與前夫趙建銘。（本報資料照）前總統陳水扁愛女、牙醫師陳幸妤近期在前夫趙建銘診所Google留下一星評論，自爆25年婚姻畫下句點，並控訴對方對家人醫療敷衍，還在診所與護理師糾纏不清，引發外界熱議。昨日大量網友針對趙建銘的診所負評被消失，但網路上有網友提議，是否能請明華園在診所附近封路演「鍘美案」，引發大批網友討論，有人考量到預算，建議可以找其他戲團合作，甚至有人直接秀出已經私訊知名劇團詢價的截圖，讓網友直呼「可惡好想看戲」、「要集資的話我出5000」。鍘美案又稱《秦香蓮》或《明公斷》，為傳統戲曲的一個經典劇目。內容講述窮苦書生陳世美為求取功名日夜苦讀，妻子秦香蓮為了丈夫前程，一肩扛起家計。不料陳世美高中狀元後，竟瞞著已婚的事實成為駙馬，秦香蓮帶著一雙子女入京尋夫，陳世美竟不認糟糠妻與子女反將她們轟出去，甚至派手下進行追殺。之後秦香蓮找到包青天告狀，包青天不顧太后和公主阻攔，請出尚方寶劍，以龍頭鍘（火龍鍘）處斬陳世美。請繼續往下閱讀...昨日在threads上有網友就發文詢問「如果我要請明華園在台南五妃街封路演鍘美案有機會嗎？」該文發出後引發大量討論，不僅有超過17萬次瀏覽，留言也超過500則。只見網友紛紛建議「陳世美不可以穿古裝，要穿醫師袍」、「直接申請五妃廟？ 她們幾位應該很久沒看戲了」、「應該先找好，等他回來直接開演，來個無縫接軌」、「若需要集資請大力放送，台南人肯定踴躍贊助」、「來個＜鍘美藝術節＞，舞台打好，讓各團輪番上陣，覺得很不錯耶」、「封五妃街比較不現實，個人是建議申請封府連路靠法華寺香客大樓那段比較有機會」。也有網友敲碗「如果公堂上秦香蓮把Google一星評論印出來扔在陳世美臉上的話我出8000元」、「要集資的話我出5000」、「春美歌劇團不只能演陳世美劇碼，連所有大家集結的梗，都能演出來，他們胡撇戲超厲害的！」，還有網友直接貼出已經私訊「春美歌劇團」詢問價位的留言截圖，讓網友直呼「太棒了！希望能辦成！」也有網友大讚「擺戲台嘴人，台灣京都名不虛傳XD」、「台南遍地樂子人」、「可惡好想看戲，我是說看戲」、「臺南人果然是臺灣的京都人，損人不開口罵人，直接請一台歌仔戲去你家街路演戲。對了！可以參與集資嗎？」其中一名網友也提出專業務實的建議「明華園總團沒有這齣戲，請總團來演等於還要新編老戲，戲金可能爆預算」、「建議可以請南部在地大團，春美、秀琴或是明華園天字，都是長期外台民戲訓練，區區鍘美案那是信手拈來，俗擱大碗的同時人氣也不輸總團，絕對可以吸引北中南眾多鄉民戲迷圍觀」、「追求精緻一點的公演那就請薪傳，這幾年薪傳內台售票的鍘美案有口皆碑，酸人又兼顧藝術性才更媠氣」，該則留言引發大批網友按讚，也被原PO置頂。在threads上有網友就發文詢問「如果我要請明華園在台南五妃街封路演鍘美案有機會嗎？」該文發出後引發大量討論，有網友直接貼出已經私訊「春美歌劇團」詢問價位的留言截圖，讓網友直呼「太棒了！希望能辦成！」（圖擷自threads）    ,https://news.ltn.com.tw/news/society/breakingnews/5540529
印度一家四口遊台遇驚魂 女童走散平安尋回,社會,2026/08/15 09:36,印度籍女童台北車站走失，捷警迅速協尋助團圓。（記者劉慶侯翻攝）印度籍一家四口來台自由行，搭乘捷運行經台北車站時，4歲女兒不慎與家人走散，捷運警察隊員警主動發現旅客神情徬徨，立即上前關懷並提供協助，順利讓一家人平安團聚。警方表示，捷運警察隊一分隊警員陳政源、丘博元，是前日在台北車站執行守望勤務，發現外籍旅客神情徬徨，經主動上前關懷，才知是印度籍男子與妻子帶著兒子、女兒來台旅遊，行經臺北車站時，4歲女兒不慎與家人走散。請繼續往下閱讀...捷警立即通報捷運公司各站協尋，並依家屬描述女童可能行經的路線，分別前往台北車站及中山地下街等處尋找，不久後，捷警接獲捷運公司通知，女童已由熱心民眾帶往台北車站詢問處，便立即陪同前往現場確認。當父母看見女兒平安無恙的那一刻，立即上前將女兒緊緊抱入懷中，一家人平安團聚。印度籍旅客對於台灣警方在發現異狀後主動關懷、迅速啟動協尋，對於捷警親切、積極的服務態度更是頻頻表達感謝。捷運警察隊表示，捷運系統尖峰時段人潮眾多，外籍旅客帶孩童出遊時，應隨時留意動向，可事先約定走散時的集合地點及聯絡方式；若不慎發生走失情形，也可立即向捷運站務人員或警方求助，捷運警察可立即提供協助。    ,https://news.ltn.com.tw/news/society/breakingnews/5540563
百歲嬤獨自外出看診迷途    北市警暖心護送返安養中心,社會,2026/08/15 09:32,119救護人員到場協助檢測李阿嬤的血壓與身體狀況（記者劉慶侯翻攝）人瑞級的百歲李姓阿嬤，前日居然自安養院自行搭車要到台大醫院看診，但準備返回安養中心時無法說明地址而慌張，最後由計程車司機報警救助，並且重新確認李阿嬤健康後，以專車將她安全送返。但安養中心恐難免有疏忽之責。北市警局中正一分局博愛路派出所前日接獲計程車司機報案，聲稱車上一名高齡老太太無法清楚表達目的地，急需警方協助。員警獲報後立即趕赴現場接手處置，意外發現該名李姓老太太竟是高齡100歲的人瑞長者。請繼續往下閱讀...博愛所員警黃柔恩、黛莉芸接手後展現極大耐心與細心，先溫柔安撫阿嬤焦慮不安的情緒，隨後在她的隨身物品中尋獲「老人安養中心」名片，經電話聯繫後才順利確認身分。據警方調查，李阿嬤當天獨自從士林區安養中心搭車至台大醫院回診，看完診準備返回安養中心時，因迷失方向且表達不清，運將無奈之下才求助警方。員警考量阿嬤已百歲高齡且折騰多時，貼心聯繫119救護人員到場協助檢測血壓與身體狀況。確認阿嬤身體並無大礙後，黃員、戴員化身「專屬司機」，親自開警車將阿嬤平安護送回安養中心，交由照護人員接手，順利化解這場百歲人瑞的迷途驚魂記。不過，警方對於李阿嬤居然獨自外出到台大醫院看診，安養中心居然都不知道，恐有疏忽責任，不排除通報社會局等單位介入調查。警方表示，家中若有高齡長者外出，平時應多加關懷其動向或由家屬陪同。建議可於長者隨身衣物、背包內放置寫有聯絡方式的卡片，或向社政單位申請配戴「預防走失手鍊」，以便熱心民眾或警方能於第一時間伸出援手，協助長輩平安找到回家的路。員警黃柔恩、黛莉芸。（記者劉慶侯翻攝）    ,https://news.ltn.com.tw/news/society/breakingnews/5540558
姑姑姑丈膝下無子 姪子成年後「改叫爸媽」法官准了,社會,2026/08/15 09:27,陳姓男子從小因姑姑與姑丈膝下無子嗣，經家族討論後，至陳成年後由姑姑及姑丈收養為養子。法官考量雙方收養關係動機良善正當，依法裁定准許收養。（記者林嘉東攝）基隆市陳姓男子自小因姑姑與姑丈膝下無子，經家族討論後，在陳男成年後聲請由姑姑、姑丈共同收養為養子。基隆地院審理時，陳男到庭溫馨表示，願意照顧姑姑、姑丈，且陳男的親生父母也到庭表示同意；法官考量，雙方收養關係動機良善正當，依法裁定准許收養。楊姓夫婦因婚後無子女，向姪子陳姓男子提議收養，並約定等陳男成年、能獨立思考後，尊重其個人意願，再與陳男的生父、生母共同討論。直到今年5月陳男滿20歲成年後，楊姓夫妻與陳男正式簽訂書面收養契約與同意書，約定由楊女與吳男共同收養陳男為養子，並備妥收養契約、同意書、良民證等文件，向法院聲請認可收養。請繼續往下閱讀...法院審理時，陳男出庭表示，他了解收養後家族親屬關係與法律權利的變動，當庭表態願意照顧姑姑、姑丈；陳男的生父母也到庭，對此收養案表達支持與同意。法官審酌，民法針對成年人被收養的規定，主要在於審查是否意圖以收養免除法定義務、是否對生父母顯有不利，或有其他重大事由違反收養目的。法官認為，本案收養人與被收養人本就有親戚關係，動機良善正當，且被收養人意願明確、生父母也同意，並無任何違法或顯失公平之處，綜合考量後認定符合雙方利益，裁定認可收養。    ,https://news.ltn.com.tw/news/society/breakingnews/5540546
高雄機車騎士疑暈眩偏移車道 連環撞釀4傷,社會,2026/08/15 09:23,高雄連環撞車禍釀4傷。（記者洪定宏翻攝）8月14日上午約10點半，林姓男子騎機車後載張姓婦女，疑似暈眩偏左，碰撞同向的江姓女子及謝姓女子，4人都受傷，但無人酒駕，初步肇事原因疑為林男未注意車前狀況，確切肇事原因及責任歸屬有待調查。高雄警方指出，林姓男子（58歲）騎機車搭載張女（51歲），沿前鎮區中山四路北往南方向外側慢車道行駛，林男疑似暈眩向左偏行，碰撞同向內側慢車道停等的江姓女子（45歲）及謝姓女子（19歲）機車。請繼續往下閱讀...警方表示，林男多處受傷、張女手部受傷，送醫治療均無大礙；江女及謝女也有多處受傷，後續自行就醫。3名機車騎士均無酒駕，初步肇事原因疑為林男未注意車前狀況，但詳細肇事責任，仍待交通大隊分析研判。    ,https://news.ltn.com.tw/news/society/breakingnews/5540554
彰化鹿港深夜汽機車猛烈撞擊  騎士噴飛手腳撞斷命危,社會,2026/08/15 09:16,鹿港深夜汽機車碰撞騎士噴飛，消防員搶救。（彰化縣消防局提供）彰化縣鹿港鎮13日深夜發生重大車禍，1輛轎車與1輛機車發生猛烈碰撞，機車騎士噴飛倒地，當場昏迷不醒，機車被撞得幾乎解體，消防局據報派員趕往現場，立即對機車騎士緊急搶救，發現其右手、右腿遭撞斷，臉部還畫出一道長達25公分的撕裂傷，火速送醫搶救，截至今天（15日）仍有生命危險；事故發生原因與肇事責任由警方釐清。彰化縣消防局13日深夜11點多接獲報案指鹿港鎮南勢巷有轎車與機車碰撞事故，消防員趕往現場，發現1名機車騎士倒地，現場滿是油漬與車體零件，機車撞得幾乎解體，轎車車頭也嚴重毀損。請繼續往下閱讀...消防員檢視患者臉部撕裂傷25公分，右手腕開放性骨折、右小腿開放性骨折，左大腿封閉性骨折，左手肘撕裂傷，瞳孔不等大，性命垂危，立即給予頸圈、長背板、包紮止血、骨折固定後，在救護車上給予抽吸、非再呼吸型面罩，火速送往彰濱秀傳醫院漏夜急救，截至今天仍有生命危險。鹿港深夜汽機車激烈碰撞，機車幾乎解體，轎車車頭嚴重毀損。（警方提供）鹿港深夜汽機車碰撞騎士噴飛，兩車都嚴重受損。（警方提供）    ,https://news.ltn.com.tw/news/society/breakingnews/5540552
屏東男拖欠稅費罰鍰44萬擺爛不繳 土地遭查封1週內全清,社會,2026/08/15 09:00,書記官執行案件示意圖。（行政執行署屏東分署提供）屏東縣一名不到30歲男子，因長期積欠多筆使用牌照稅、國道通行費、交通違規罰鍰、全民健康保險費等欠款，多達近300件累計金額約44萬餘元，卻多年置之不理，直到案件移送強制執行，位於竹田鄉的土地遭查封，才急著籌錢繳清所有款項。法務部行政執行署屏東分署指出，該名男子前幾年起，車輛未繳使用牌照稅及強制責任保險，仍多次開車行駛國道卻拒繳國道通行費及罰款，累計案件近300件；同時他也長期滯納全民健康保險費，經財政稅務局、監理站、衛生福利部中央健康保險署等機關多次催繳，男子均消極避不見面，案件陸續移送行政執行署強制執行，累計欠款金額達44萬餘元。請繼續往下閱讀...案件移送後，屏東分署立刻清查男子財產，雖曾嘗試核發扣押命令凍結其銀行存款，但因帳戶餘額不足而執行未果，再經擴大清查，發現男子名下擁有一處不動產，即迅速發文向地政機關辦理不動產查封登記，男子得知自己的名下土地遭到查封、無法進行買賣，甚至即將被送入法拍程序，才終於驚覺事態嚴重。為了保住名下財產，男子一改過去消極擺爛態度，在不動產遭查封後的一週內，抱著現金到屏東分署臨櫃繳清全部欠款。分署在確認款項全數入帳後，第一時間發文塗銷不動產查封登記。屏東分署呼籲，目前法務部行政執行署為改善交通安全、維護用路人權益，依法強力實行「交通（加強執行車輛相關稅費罰鍰）專案」，如不繳各項公法規費與罰鍰，不但會面臨執行費用的增加，各地行政執行分署針對惡意拖延的欠款義務人，更將持續配合專案採取鐵腕手段，全面清查並強力查封名下的存款、動產及不動產，義務人切勿抱持僥倖心理。民眾如收到行政執行署的傳繳通知書，應自動在期限內繳納；若確實有經濟困難，也應主動聯繫執行分署說明並申請辦理分期清償。    ,https://news.ltn.com.tw/news/society/breakingnews/5540530
養父過世48年她想改回本姓 法院准了：不影響香火,社會,2026/08/15 08:49,陳姓女子早年過繼給堂舅收養，在養父過世48年後，希望認祖歸宗。基隆地院依法裁准終止收養關係。（記者林嘉東攝）基隆市陳姓女子早年因生母的堂哥家中無子嗣，生母考量其過世後有人可以祭祀香火，將她過繼給堂舅收養；陳女在養父過世48年，已近半世紀之久後，希望能回復本姓「楊」，向法院聲請終止收養關係。基隆地院審理後，認定終止收養不致影響祭祀問題，且已獲原生家庭姊妹同意，依法裁准終止收養。陳女起訴主張，當初會過繼給養父，主要生母考量養父無子女，希望養父身故後有人可祭拜他；養父已於1978年6月24日過世，她希望能重新回歸本姓「楊」，遂向法院聲請終止與養父之間的收養關係。請繼續往下閱讀...法院審理時，特別針對終止收養後是否會造成「無人祭祀」等問題進行調查。陳女到庭說明相關情況，法院認定本案終止收養後，並不致產生養父無人香火祭祀的困境。此外，法官調查陳女原生家庭的意願。陳女的原生家庭胞妹楊女親自到庭表示，同意終止收養；另名胞姊雖然未到庭，但也簽署了同意終止收養的書面文件。判決指出，依民法規定，養父母死亡後，除終止收養有顯失公平的情形外，養子女得聲請法院許可終止收養。陳女聲請的動機正當，且獲得原生家庭親屬的支持，並無任何違反公序良俗或顯失公平之情事，裁定許可終止陳女與養父之間的收養關係。    ,https://news.ltn.com.tw/news/society/breakingnews/5540528
新詐術！「AI定存」變肥羊   熟女面交3次293萬蒸發,社會,2026/08/15 08:43,50歲李姓車手現身取款，得意清點贓款時當場被警方擒獲。（讀者提供）科技話術淪為吸金陷阱！高雄市48歲莊姓女子因誤信臉書網友「AI定存賺錢」話術，落入虛擬貨幣詐騙圈套，前後面交3次痛失293萬元。詐團食髓知味企圖再索款，楠梓警分局獲報成立專案小組，13日在楠梓區後勁東路佈線埋伏，趁50歲李姓車手現身取款、得意清點贓款時當場擒獲，依法移送橋頭地檢署偵辦。據了解，莊女在臉書結識陌生網友，對方以「AI定存」、「高額獲利」等新穎名詞洗腦，並誘騙她透過專人面交購買虛擬貨幣。莊女防線失守，先後3次交付大筆現金給「假幣商」，直到發覺有異才向警方求證，驚覺已成肥羊。請繼續往下閱讀...詐團得手近300萬仍不滿足，再度相約面交。警方獲報部署誘捕計畫，於後勁東路埋伏逮獲李嫌，當場查扣犯案手機。經查，50歲的李嫌近期涉嫌在台南、高雄多處面交黃金與大筆現金，全案依刑法詐欺及洗錢防制法移送法辦。楠梓分局呼籲，虛擬貨幣投資風險高，詐團常以科技包裝「假幣商」、「專人面交」話術，有疑慮請撥165或110查證。警方在楠梓區後勁東路佈線埋伏。（讀者提供）    ,https://news.ltn.com.tw/news/society/breakingnews/5540518
墾丁山區探勘遭虎頭蜂襲2死1傷！搜救人員徹夜抬出受傷女,社會,2026/08/15 08:09,屏東消防搜救人員連夜將遭蜂螫的張姓女子安全送抵醫院。（屏東消防提供）登山協會幹部深入墾丁國家公園未開放山林探勘，卻遭虎頭蜂圍攻，屏東縣消防局搜救人員克服山區大雷雨與陡峭地形，14日耗費整夜艱辛搬運，終於在今日（15日）凌晨4時12分成功將遭蜂螫的張姓女子安全送抵指揮站並轉送醫院；而針對同行已疑似OHCA（心肺功能停止）的2名男性夥伴，今日清晨搜救隊已會同海巡與民間搜救力量再次集結挺進，並同步申請空勤直升機支援。屏東縣消防局表示，13日晚間9時40分接獲轉報，指張男（69歲）、顏男（64歲）及張女（49歲）等3人，於12日前往墾丁國家公園出風谷路線探勘後失聯。獲報後隨即會同中華民國山難救助協會高雄支會共22人，由第四大隊副大隊長林玨伶帶隊入山展開地毯式搜尋。請繼續往下閱讀...救援過程中，張女於14日上午9時許曾打電話求救，表示同行2人遭虎頭蜂圍攻已無生命跡象。然而現場地形崎嶇陡峭、林木密布，午後滿州山區更下起劇烈大雷雨，導致山路極度濕滑，搜救人員好不容易接觸到張女，發現她意識清醒但相當虛弱且有遭蜂螫傷情形，救護人員立即給予腎上腺素注射。由於山路搬運極為艱難，搜救隊一路徹夜合力抬人，歷經數小時折騰，終於在15日凌晨4時許將張女搬出山區後送恆春旅遊醫院。屏東縣消防局強調，今日（15日）清晨6時起已再次集結警消、義消、海巡及山難救助協會等單位，把握時間挺進事故地點搜尋另2名失聯男子，並已同步申請空勤總隊直升機，若天候許可將立即執行空中吊掛後送作業。屏東消防搜救人員克服地形及雨勢，連夜將遭蜂螫的張姓女子安全送抵醫院。（屏東消防提供）    ,https://news.ltn.com.tw/news/society/breakingnews/5540507
拿私密照威脅前女友「拿身體來還」 台中渣男下場曝,社會,2026/08/15 07:49,台中地院判謝男8月，仍可上訴。（資料照）台中謝姓男子不甘與前女友分手，竟拿兩人交往期間拍攝的私密影像當籌碼傳訊威脅，逼女方前來「獻身」，還嗆聲「拿身體來還」，女方驚恐之下未赴約直接報警，台中地院審理後，依強制未遂罪判謝男8月，全案仍可上訴。經查，謝男與女方過去曾是同居情侶，去年2月底分手後，謝男心生不滿竟將報復念頭付諸行動，同年3月3日晚間在台中市北屯區居所內，利用通訊軟體Telegram聯繫前女友。請繼續往下閱讀...由於謝男手中握有兩人交往期間拍攝、且當時女方同意拍攝的私密影像，卻在分手後將這些影像變成威脅工具，他接連傳送多段私密影像給女方，更傳送口氣極其惡劣恐嚇訊息，寫下「叫妳今天下了來給我幹」、「你要這樣對我做這些爛事、就是拿身體來還」等語，企圖以毀掉女方名譽為要挾，逼迫對方赴約獻身。突如其來威脅讓女方陷入恐懼，但她沒有依照謝男要求前往選擇報警求助，檢方認為，謝男以持有被害人私密影像作為威脅手段，要求女方從事原本沒有義務做的性行為，使女方心生畏懼，依強制性交未遂罪提起公訴。台中地院審理後認為，謝男雖透過通訊軟體傳送威脅訊息，但從傳訊要求女方前往，到實際對被害人實行強制性交行為，兩者間仍存在相當的時間、空間距離，尚不足以認定已著手實行強制性交，並不構成強制性交未遂罪，改依強制未遂罪論處，審酌謝男坦承犯行，最終未造成進一步實害，且雙方未能成立調解，判8月，全案仍可上訴。    ,https://news.ltn.com.tw/news/society/breakingnews/5540502
舊法性侵追訴權時效違憲 11受害人可重審 伸張司法正義,社會,2026/08/15 05:30,憲法法庭昨天作成115年憲判字第6號判決，認定舊法性侵追訴權時效違憲，裁定將11名聲請釋憲被害人的13件終局案件全數廢棄，發回重審。（記者楊心慧攝）針對兒少時期遭性侵、提告時卻逾舊刑法廿年追訴期而無法追訴的終結案件，憲法法庭昨天作成一一五年憲判字第六號判決，認定舊刑法第八十條追訴權時效規定違憲，裁定將十一名聲請釋憲被害人的十三件終局案件全數廢棄，發回法院重新審理，也就是本案十一名聲請人的個案可獲得司法救濟；本次判決不溯及其他案件。新法追訴時效 被害人20歲起算立法院今年七月七日三讀通過刑法修正案，對未成年人遭受性侵害案件，追訴權時效改自被害人年滿廿歲起算；新法施行前，追訴權時效已開始進行、但尚未完成的案件也適用修正後規定。但新法不適用修法前已逾時效的受害者，這些受害人只能透過釋憲，為自己爭取法律正義。請繼續往下閱讀...憲法法庭認定，舊刑法第八十條第一項第一、二款及第二項追訴權時效規定，對於兒童、少年遭受強制性交、強制猥褻等性犯罪案件，一律從犯罪成立或行為終了時起算追訴期，對兒少被害人的訴訟權造成過度限制，違反憲法訴訟權保障及比例原則，不符憲法保障兒少身心健康及人格健全成長的意旨。憲法法庭：判決不溯及其他案件不過對其他已進入司法程序的案件，憲法法庭也劃下界線，表示判決前已繫屬檢察機關或法院的未終結案件，但依舊法計算追訴權時效已經完成者，考量法律變更原則上不得溯及既往，避免事後惡化行為人的法律地位，國家對於已經「終局不得追訴」的狀態，原則上不應再予動搖。    ,https://news.ltn.com.tw/news/society/paper/1766692
改路線進非核准區探勘 3登山高手遭蜂攻2死1傷,社會,2026/08/15 05:30,路線圖登山協會辦活動 三人先行社團法人中華健行登山會高雄市協會與中華民國山難救助協會，預計八月十六日辦理四十二人的出風谷、出風鼻及佳樂水海岸線生態保育教育活動，已獲墾丁國家公園管理處核准，其中高市協會五十五歲張姓女隊員、六十九歲張姓及六十四歲顏姓男隊員三人，十二日先行從滿州鄉里德村欖仁溪進入山區踏勘路線失聯，未料三人是遭遇虎頭蜂襲擊，兩名男隊員死亡，張女昨天上午逃到有訊號處求救，外界才知三人出事。車輛長時間沒動 發覺失聯搜尋人員昨冒險往深山推進，已接觸到張女，因恆春半島雨勢滂沱，搜尋困難，將待今天天亮再進行；張女傷勢不嚴重，尚能自行移動，已由搜尋人員帶回安置，搜救隊已確定其中一男位置，是張男或是顏男須再確認。請繼續往下閱讀...墾管處指出，十三日下午七時許，滿州鄉里德村長發現該協會踏勘人員車輛長時間停在原處，察覺有異，向南仁山管理站通報，管理站人員隨後依車牌號碼聯繫上家屬，並向警方通報失聯案件。昨天上午八時五十分，高雄市救難協會十二人與滿州消防隊，由欖仁溪進入展開搜救。女受傷逃出 通報2男已亡上午九時四十分左右，搜救隊接獲失聯的張女電話，她表示遭遇虎頭蜂攻擊，同行的兩名男子已無生命跡象，她因受傷退至出風鼻附近；搜尋人員聞訊隨即撤回，改由溪仔口出發，前往出風鼻，與張女會合進行後續作業。墾管處指文宣路線未核准有民眾發現，該協會公開招攬活動的文宣路線，與向墾管處報備申請「佳樂水、出風鼻及出風谷海岸線」路線有出入，活動文宣中含「欖仁溪登山口↓出風谷大草原」等未開放山區禁地。對此，墾管處指出，該協會原先向官方申請的項目為「出風谷、出風鼻、佳樂水海岸線生態保育教育活動」，核准路線應全程沿海岸線進行，該協會文宣上規劃的「欖仁溪」等山區路線，不在許可範圍，顯有「改路線」情形。協會則稱 依申請路線前往中華健行登山會高雄市協會則表示，張姓領隊三人事先探勘，是依申請核准的路線前往，確切細節須詢問受傷的張姓女隊員。協會說，三人有數十年登山及山難搜救經驗，本次是第一次發生意外死亡案件；至於原定十六日的活動，已確定取消。墾管處表示，山林區域環境原始、野生動物多，擅自偏離核准路線危險性極高，針對此次重大意外，未來將嚴格審查各團體申請，並要求所有入園活動務必「完全依申請核准路線行進」，違者將依國家公園法罰款三千元。搜救單位在溪仔口集結。（記者蔡宗憲攝）登山協會申請的是溪仔口至出風鼻海岸區域。（墾管處提供）遭虎頭蜂攻擊三人都是資深登山高手。（小花雨來菇提供）    ,https://news.ltn.com.tw/news/society/paper/1766732
母與同居人疑虐死女嬰押不成 檢擬抗告,社會,2026/08/15 05:30,彰化驚傳虐嬰致死案，生母及同居男友被限制住居。（資料照，記者顏宏駿攝）彰化縣一名十月大的女嬰，本月十一日因意識不清送醫不治，女嬰身上有瘀青痕跡，醫院緊急通報，警方懷疑女嬰遭柯姓生母及林姓同居男友虐待致死，將二人移送彰化地檢署偵辦，檢方偵查後認定二人有虐待行徑，向彰化地方法院聲請羈押二人，法院以被告坦承犯行等理由，裁定限制住居後請回。身上有瘀青 昏迷送醫不治女嬰是在檢方聲押期間死亡，檢方已解剖複驗，變更罪名為「妨害幼童發育致死罪」偵辦中；對於聲押未成，彰檢不排除抗告。請繼續往下閱讀...檢警追查，女嬰是柯姓生母（二十六歲）與前夫所生，由柯女與同居男友林男（二十六歲）共同照顧。十一日晚間，柯女與林男在彰化市租處發現女嬰疑似昏迷，送醫救治，醫院察覺不對勁通報警方和彰化縣政府社會處，檢方認定二人涉嫌虐嬰重大，前晚聲請羈押，法官裁定二人限制住居。彰化地院表示，被告柯女與林男涉犯五年以上有期徒刑之重罪，雖然法律上重罪常伴隨較高的逃亡風險，被告已坦承相關犯行、犯罪嫌疑重大，但檢視卷內資料，未發現被告二人有具體逃亡事實或逃亡之虞，當時是被告自行將女嬰送醫，案發後對事發過程供述與事證吻合，因此將二人諭知免具保，但須限制住居，要求每日至警察局報到，以確保後續偵審程序進行。女嬰送醫不治後，檢方相驗發現女嬰身上有瘀青，但無明顯外傷，確切死因有待解剖報告出爐釐清。彰化地檢署表示，全案偵查中，對法院駁回聲押部分，研擬是否提出抗告。彰化縣政府社會處表示，接獲通報後即指派社工到場了解，後續配合司法及提供必要協助。    ,https://news.ltn.com.tw/news/society/paper/1766737
雨後蜂群擠巢內暴躁 攻擊性更高,社會,2026/08/15 05:30,虎頭蜂的類別。（北市動保處提供）高雄市登山協會人員在屏東滿州欖仁溪至出風谷踏勘路線時，不幸遭虎頭蜂攻擊釀成二死一傷慘劇。墾丁國家公園管理處特別發布防蜂指引，呼籲民眾入山務必提高警覺，掌握正確防護觀念，避免類似遺憾再度發生。此外，由於近期全台各地經常下雨，墾管處因此強調，剛下過雨後的山林環境，虎頭蜂大多擠在巢穴內，蜂巢空間變得狹窄擁擠，此時虎頭蜂的性情會更加暴躁，攻擊性極高，民眾入山時更需格外留心周遭環境變化，確保安全。請繼續往下閱讀...遇警戒蜂不可拍打墾管處提醒，民眾進入山區活動時，應盡量穿著長袖衣物並配戴帽子，身上切勿噴灑香水，以免特殊氣味吸引蜂類接近；若在山林間發現有二至三隻「警戒蜂」在身邊徘徊巡視，務必提高警覺，此時「千萬不可拍打揮擊」，因為揮動產生的氣流擾動反而會激怒蜂群，引來更多虎頭蜂圍攻。墾管處指出，正確應變方式為迅速以衣物包覆住頭部、降低身形蹲低，並保持冷靜「慢慢離開現場」。    ,https://news.ltn.com.tw/news/society/paper/1766733
民團籲民事追訴期、犯保法也檢討,社會,2026/08/15 05:30,「刑法」追訴權時效，讓兒少性侵害被害者在長大後想提告因超過時效，導致案件不受理，憲法法庭宣判此規定違憲；民間團體樂見並肯定該釋憲案有助提升被害人權益。（圖：取自婦女救援基金會臉書）過往刑法的追訴權時效規定，使得不少兒少性侵害被害者在小時候不知道或遭禁聲，長大後鼓起勇氣想提告卻超過時效，案件不受理，有十一人、十三案提出釋憲，憲法法庭昨宣布該規定違憲。民團聞訊紛紛表達肯定，樂見未來保障更多被害人提告的權利，但提醒民事賠償及犯保法的請求權期限，也應一併檢討跟進。針對釋憲結果，婦女救援基金會執行長杜瑛秋表示，這對很多被害人是非常好的結果，過去常常接獲兒少性侵被害人的求助電話，詢問案件有沒有過追訴期，一旦過期（超過廿年）就很遺憾，對如今宣告相關規定違憲表示肯定；但她提醒與被害人相關的民事賠償，以及犯罪被害人權益保障法，亦有相關請求權時效，未來也應一併檢討。請繼續往下閱讀...現代婦女基金會資深研究員王秋嵐說，樂見這次憲法法庭的宣判，讓許多被害人有機會提起訴訟，因過去不少兒少被害人是在家內受害，其本身仍被家人照顧、被家族要求禁聲等原因，等到長大要追究，時效已來不及，或是師長、教練等權勢性侵案，也難以當下報案，甚至有的兒少在事發時不知自己是否真的被性侵；至於未來，建議兒少性影像的犯罪追訴權也要檢討。重審後仍面臨舊案證據力不足問題勵馨基金會執行長王玥好說，今年七月立法院也三讀通過刑法修正案，代表過去國家制度不完善，如今想辦法彌補，但實務上雖第一關可提告，第二關仍面臨陳舊案件的證據力不足問題，畢竟性侵類案件多發生在密室，缺乏第三人見證，物證也可能年久無保存，目前勵馨著手與司法專家討論，針對性侵害案件的證據法則，認為要與一般刑事案件有所不同。    ,https://news.ltn.com.tw/news/society/paper/1766736
4種態樣有兩類人未能救濟／不少受害人是被親近者傷害,社會,2026/08/15 05:30,憲法法庭今年3月2日召開兒少性侵害追訴權釋憲案不公開說明會，台灣光寰協會與釋憲案律師團、受害者等在兒少性侵害追訴權釋憲案不公開說明會結束後，於司法院門口開記者會說明。圖為被害者的訴訟代理人、律師蔡尚謙（左）與邱顯智（右）。（記者楊心慧攝）憲法法庭昨宣告舊刑法第八十條追訴權時效違憲，十一名兒少性侵被害人的終局裁定獲發回重審。其中一名訴訟代理人律師邱顯智對此表達欣慰，但也對判決不溯及其他案件感到遺憾。他呼籲立法院推動修法，讓更多因時效受阻的受害者能獲得司法救濟，同時鼓勵從未提告的被害人勇敢站出來討回公道。這次聲請釋憲的被害人皆有一段辛酸過去。有人二十多年前屢遭堂哥利用過年、寒暑假期間，在住處對她性侵猥褻；也有受害者三十多年前遭姨丈多次侵犯；還有被害人指控，她的父親如同禽獸，當年在她十六歲時伸出魔爪。她們都是被親近的人傷害，好不容易成年後鼓起勇氣提告，卻面臨追訴權時效已過的困境，從不起訴、再議到聲請自訴，接連遭到司法機關駁回。請繼續往下閱讀...邱顯智說，許多人在兒童時期受創，受限於年幼與創傷等心理因素，無法及時對外說出遭遇。憲法法庭雖看見這層困境而宣告相關規定違憲，讓他的當事人終能撤銷原裁判重獲救濟，但判決效力未能讓其他具有相同處境的被害人全面獲得救濟。邱顯智將被害人分為四種樣態，第一種是聲請釋憲的十一人，可依判決意旨獲得救濟；二是過去曾提告，案件因追訴權時效完成而確定遭駁回者；三是已提告、案件目前仍在訴訟中的被害人；四是曾遭性侵但從未提告者。從未提告者未明確認定是否適用邱表示，依本次判決，第二、第三類被害人無法獲得救濟，建議未來立法院修法，增訂溯及既往規定解決問題。此外，憲法法庭此次未明確處理「第四種從沒告過」的被害人，這類被害人仍有機會依新的規定提出告訴，因此這次判決也應視為對過去曾在兒少時期遭受性侵者的一項正面鼓勵，鼓勵他們站出來為自己討公道。    ,https://news.ltn.com.tw/news/society/paper/1766735
憲法法庭促再修兒少性影像犯罪補漏,社會,2026/08/15 05:30,憲法法庭昨天針對兒少性犯罪追訴權時效作成判決，認定舊刑法第八十條部分規定違憲，但未參與評議的三名大法官蔡宗珍、楊惠欽、朱富美提出不同意法律意見書。（資料照）3名大法官未參與評議 主張舊法合憲憲法法庭昨對兒少性犯罪追訴權時效，認定舊刑法規定違反比例原則及訴訟權保障，將聲請釋憲的十一名被害人終局裁定全數廢棄，發回重審。憲法法庭指出，現行刑法第八〇條第三項未涵蓋拍攝兒童、少年性影像等性剝削犯罪，建議儘速通盤檢討修正相關規定。憲法法庭檢視二００五年修正公布前的刑法第八〇條，第一項第一款、第二款及第二項規定「性侵犯罪追訴期」是否違憲，認為對許多遭受兒少性侵的倖存者而言，需歷經多年心理重建才有能力發聲，卻早已逾越短暫的法律時效。請繼續往下閱讀...憲法法庭指出，性犯罪具隱密性，兒少更可能因身心尚未成熟、重大創傷或受家庭、學校等權威關係阻礙，無法及時揭露受害經驗，形成「非自願遲延揭露」；舊法未考量兒少性犯罪被害人的特殊處境，一律自犯罪成立或行為終了時起算追訴時效，過度限制兒少尋求刑事救濟的權利，違反比例原則及訴訟權保障。關於妨害性自主罪部分，立法院已增訂刑法第八〇條第三項規定，明定在被害人滿廿歲前，不計入同條第一項之追訴權時效期間；但修法未及於拍攝兒童、少年性影像之性剝削犯罪的追訴權時效期間，憲法法庭促相關機關依本判決意旨妥速通盤檢討修正。本件判決由五名大法官謝銘洋、呂太郎、蔡彩貞、陳忠五、尤伯祥評議，未參與評議的三名大法官蔡宗珍、楊惠欽、朱富美，則提出不同意法律意見書，主張舊法未違憲，強調追訴權時效一旦完成，無論透過修法、司法解釋或違憲宣告，均不得恢復已消滅的追訴權。    ,https://news.ltn.com.tw/news/society/paper/1766734
國3柳營段休旅車火燒車 駕駛及時逃生,社會,2026/08/14 22:29,休旅車停靠路肩，旋即從引擎室冒出火煙。（民眾提供）國道3號北向323公里台南市柳營路段，今天（14日）晚上6點多發生火燒車，駕駛下車逃生，幸無人受傷。這輛休旅車在行駛途中發生異常，司機趕緊停靠路肩，旋即從引擎室冒出火煙，眼睜睜看著車頭火燒車，赤手空拳難以救援，台南市消防局六甲、官田消防分隊獲報火燒車後，派遣消防車趕往撲救，出水後很快滅火。請繼續往下閱讀...幸好，駕駛下車逃生快速，未傳受傷；國道第八警察大隊呼籲用路人行車前要檢查車輛狀況，平時做好保養。休旅車火燒車，消防隊到場撲滅。（民眾提供）休旅車車頭引擎室出火。（民眾提供）    ,https://news.ltn.com.tw/news/society/breakingnews/5540421
高雄小黃衝人行道 撞母女、4車與繳費亭,社會,2026/08/14 22:27,計程車擦撞1對母女、4車及繳費亭。（記者洪定宏翻攝）8月14日晚間7點多，50歲粘姓男子駕駛計程車，疑似身體不適及不熟路況，竟衝上人行道，擦撞1對母女導致擦挫傷，再波及4輛轎車與停車場繳費亭，粘男胸部挫傷，3人均送醫治療。高雄警方指出，案發在左營區華夏路與重平路口，粘男先擦撞當時站立人行道的蔡女（49歲）及石姓女兒（18歲），然後衝進停車場，撞上4輛轎車及繳費亭。粘男無酒駕或毒駕，將調閱周邊監視器畫面，釐清事故發生經過，確切肇事原因由交通大隊分析研判。    ,https://news.ltn.com.tw/news/society/breakingnews/5540416
8/14今彩539頭獎開2注！800萬獎落高雄、台中,社會,2026/08/14 22:07,8/14今彩539頭獎開2注，800萬獎落高雄、台中。（本報合成）8月14日開獎的第115000197期今彩539頭獎開出2注，由高雄市苓雅區武廟路128之1號「大福星彩券行」、台中市大甲區庄美里光明路232號1樓「連盈彩券行」開出；第115000079期大樂透頭獎則摃龜。第115000097期大樂透中獎號碼「05、12、25、33、34、35，特別號：27」。頭獎摃龜；貳獎1注中獎，可得149萬2256元；參獎共33注中獎，每注可得4萬8698元；肆獎共104注中獎，每注可得9933元；伍獎共1761注中獎，每注可得2000元；陸獎共2674注中獎，每注可得1000元；柒獎共2萬6038注中獎，每注可得400元；普獎共3萬2577注中獎，每注可得400元。請繼續往下閱讀...第115000097期49樂合彩中獎號碼為「05、12、25、33、34、35」。四合共2注中獎，每注可得20萬元；三合共103注中獎，每注可得1萬2500元；二合共3816注中獎，每注可得1250元。第115000197期今彩539中獎號碼為「07、19、21、25、34」。頭獎2注中獎，每注可得800萬元；貳獎共210注中獎，每注可得2萬元；參獎共6892注中獎，每注可得300元；肆獎共7萬5510注中獎，每注可得50元。第115000197期39樂合彩中獎號碼為「07、19、21、25、34」。四合共14注中獎，每注可得21萬2500元；三合共304注中獎，每注可得1萬1250元；二合共1萬2401注中獎，每注可得1125元。第115000197期3星彩中獎號碼為「177」。壹獎共105注中獎，每注可得5000元。第115000197期4星彩中獎號碼為「5415」。壹獎共7注中獎，每注可得5萬元。確切中獎號碼以台彩網站公告為主，請見「台灣彩券網站」。大樂透、49樂合彩中獎號碼。（擷取自台彩官網）今彩539、39樂合彩、3星彩、4星彩中獎號碼。（擷取自台彩官網）    ,https://news.ltn.com.tw/news/society/breakingnews/5540403
11被害人揭血淚！未滿14歲被父兄性侵「母是幫凶」 她20年後提告屢受挫,社會,2026/08/14 20:58,受害者多在兒少時期遭受性侵害，成年多年後才提起勇氣走進司法程序，但皆因已逾追訴權時效，遭檢方不起訴，再議屢遭駁回，最終陸續向憲法法庭聲請救濟。（示意圖）憲法法庭今宣告，舊刑法第80條兒少性犯罪追訴權時效規定，未考量兒少被害人難以及時揭露受害事實，過度限制訴訟權，宣告違憲。多名性侵害被害人在兒少時期遭親屬、熟人或具權勢關係者性侵，直到成年多年後才鼓起勇氣提告，卻因舊法追訴權時效已完成，無法追究加害者刑責，也因此成為此次憲法法庭審理「兒少性犯罪追訴權時效案」的聲請個案。憲法法庭今對兒少性犯罪追訴權時效作成115年憲判字第六號判決，認定舊刑法規定，違反比例原則及訴訟權保障，聲請釋憲的11名被害人終局裁定全數廢棄，發回法院重新審理。請繼續往下閱讀...一名女童指控，1996年至1999年間，堂哥利用過年、寒暑假等期間，在住處對她強制性交、猥褻4至6次，直到2021年才提告；另有女子指控，1991年至1998年間遭姨丈在住處多次強制性交、猥褻，2024年才提告。另名女子指控，1997年至1998年間，她滿16歲時遭父親在住處強制性交，直到2025年1月才提告；還有被害人未滿14歲時，於2000年間認識一名男子後遭違反意願性交，2001或2002年間又遭拍攝袒露胸部照片，2003或2004年間再遭猥褻，直到2023年才提告。還有一名未滿18歲少女，2004至2005年間在便利商店打工時，遭副店長強制猥褻、強制性交未遂，2024年才提告；另有女童指控，1996年間在住處遭堂兄強制性交，直到2025年才提告。其他案件也不乏親屬犯案，包括有被害人指控，1999年至2002年間未滿14歲時，遭表哥強制猥褻、性交；另有被害人指控，1998年至2003年間遭父親強制猥褻、性交；還有人指控，1996年至1998年間未滿14歲時，遭表哥多次強制性交、猥褻。其中一名聲請人的遭遇更涉及多名家人，她指控1995年至2003年間，未滿14歲時遭哥哥及父親強制性交、猥褻，母親則涉嫌幫助2人犯案，直到2025年才陸續對家人提告。此外，也有聲請人指控2002年至2004年間遭利用權勢性交；另名被害人則指控，1994年至1995年間未滿14歲時，放學前往國小附近書局，遭書局老闆強制性交、猥褻，直到2025年才提告。這些受害者多在兒少時期遭受性侵害，成年多年後才提起勇氣走進司法程序，但皆因已逾追訴權時效，遭檢方不起訴，再議遭駁回，聲請交付審判或准許提起自訴後，也遭法院以追訴權時效完成為由駁回，最終陸續向憲法法庭聲請救濟。憲法法庭判兒少性侵追訴權時效舊法違憲！11名受害性侵案發回重審    ,https://news.ltn.com.tw/news/society/breakingnews/5540334
手刀對獎！8/14 大樂透、今彩539獎號出爐,社會,2026/08/14 20:53,大樂透、49樂合彩開獎號碼。（擷取自三立iNEWS《全民i彩券》）今天（8月14日）台彩各項開獎獎項及獎號。大樂透：05、12、25、33、34、35，特別號：27。請繼續往下閱讀...49樂合彩：05、12、25、33、34、35。今彩539：07、19、21、25、34。39樂合彩：07、19、21、25、34。3星彩：177。4星彩：5415。確切中獎號碼以台彩網站公告為主，請見「台灣彩券網站」。今彩539、39樂合彩開獎號碼。（擷取自三立iNEWS《全民i彩券》）3星彩開獎號碼。（擷取自三立iNEWS《全民i彩券》）4星彩開獎號碼。（擷取自三立iNEWS《全民i彩券》）    ,https://news.ltn.com.tw/news/society/breakingnews/5540346
驚險！國道驚見黃金獵犬車流間狂奔  網友開罵：主人在幹嘛,社會,2026/08/14 20:42,"黃金獵犬在國道1號狂奔。（Threads@heaterhotchi授權使用）今日下午國道1號赫見一隻黃金獵犬拔腿狂奔，無數車輛從牠身邊飛速駛過，情況危急。有網友將影片PO在Threads上，引發大量網友關注，擔憂狗狗的安全。幸好在熱心民眾幫助下，狗狗已經被安全接下高速公路。一名網友今日下午4時許在Threads上PO出影片，表示在國1北上147公里處，看到一隻黃金獵犬正在車陣中發足狂奔，直呼「嚇死人了」。影片中可見，狗狗在車陣中找不到安全之處，只能不斷向前並在車道中穿梭狂奔，好在原PO刻意放慢車速護在狗狗身後，才避免牠遭後方車輛撞上。請繼續往下閱讀...影片一出，看得網友著急大喊：「天啊」、「我快哭出來了」、「我瘋掉拜託狗狗沒事」、「主人到底在幹啊啊」、「狗主人要檢討一下」、「天啊神能幫幫他」。幸好，根據警廣即時路況網站顯示，馬上就有熱心民眾將狗接上車，並將車開到146.2K避車灣等候相關單位處理。也有網友回報，在幾位民眾熱心幫助下，狗狗被抓住帶上車，後來也已被主人接走。原PO表示，自己陪了阿金一段路，過程超怕被後車追撞，後來因為出差有事在身，只好開走，非常感謝幫忙救狗的大家。目前詳細情況有待相關單位調查。有網友推測，可能主人打開車窗，沒想到狗狗跳下車，提醒各位主人務必注意。     在 Threads 查看    ",https://news.ltn.com.tw/news/society/breakingnews/5540150
女駕駛紅燈右轉被開單PO文造謠  高雄警公開畫面「秒關帳號」,社會,2026/08/14 20:39,劉女駕車違規紅燈右轉。（民眾提供）高雄市一名劉姓女子駕車行經鳳山區中山路與王生明路口，違規紅燈右轉被警方攔下開單，竟於網路社群質疑警方追車近半小時，還嫌她簽名字醜，但警方查出與事實不符，公開密錄器以正視聽，劉女下架貼文關閉帳號，不過600元罰單還是要繳。網路社群今天流傳一則貼文，劉姓女子稱「被警察騎機車追了快半個小時，終於發現他追的是我，哄了好久，賠盡不是，啪啦啪啦罵了一大串，開完單很生氣叫簽名，才簽好看一眼還嫌我的字醜，然後氣呼呼騎走，還好沒開槍」，引發網友熱議。請繼續往下閱讀...警方獲悉立即調閱執勤警員密錄器影像查證，發現貼文內容與警方執法過程不符。警方調查，成功所警員前天下午15時44分發現劉女（58歲）駕駛轎車，行經鳳山區中山路與王生明路口未減速，直接違規紅燈右轉，警方騎車上前攔查劉女，開出違規紅燈右轉罰單600至1800元後，15時46分騎車離去。警方檢視警員密錄器影像，從發現劉女違規、攔查至開單離去，整個過程2分鐘，並無警方追車近半小時情形；執法過程警員並未評論民眾簽名字體美醜，也無劉女網路貼文描述內容，整篇文章明顯與事實不符。鳳山警分局表示，警員執勤依法處理，面對網路貼文或民眾質疑，也會主動調閱影像，以釐清事實事情真相。警方呼籲民眾於社群平台發文時，應以實際發生情形為基礎，避免誇大、與事實不符描述，造成社會誤解；駕駛人行經路口應確實遵守號誌及交通規則，共同維護行車安全。    ,https://news.ltn.com.tw/news/society/breakingnews/5540327
