Title,News_Type,date,content,url
NCC無委員主秘列席總預算研商 陳清龍疑資格 韓國瑜裁示非通刪原則保留,政治,2026/08/11 18:33,立法院今（11日）下午繼續研商「中華民國115年度中央政府總預算案」。（擷取自國會頻道）國家通訊傳播委員會（NCC）自8月1日起陷入無委員空窗期。立法院今（11日）下午繼續研商「中華民國115年度中央政府總預算案」，由NCC主秘溫俊瑜列席。民眾黨團總召陳清龍質疑主秘無法代表審查預算，主張直接處理；民進黨團則認為推派主秘，制度上並沒有問題，應該檢討的是為什麼委員都沒有辦法被通過。立法院長韓國瑜裁示，NCC非通刪預算原則保留，並宣布總預算案預計於14日院會正式處理。立法院今天下午繼續研商「中華民國115年度中央政府總預算案」，NCC由主秘溫俊瑜列席。陳清龍指出，NCC目前沒有主任委員、副主任委員及委員，僅剩主秘，民眾黨團已在上一輪協商表達立場，主秘依規應無法代表NCC進行預算審查，因此NCC預算應在這樣的條件下直接處理。他質疑，主秘可以負責整個通訊傳播委員會嗎？其職務職權要確認。請繼續往下閱讀...民進黨團書記長范雲表示，NCC還是有業務進行，若沒有委員與主委，由主秘代表在制度上並沒有問題；要檢討的是，為什麼委員都沒有辦法被通過，希望能讓主秘說明通刪對業務的影響。民進黨團幹事長莊瑞雄則說，現在確實沒有主委，爭論這個很沒意思，一個機關要運作需要預算，派主秘前來已經蠻有誠意，重點在於預算合不合理，不合理的立院要怎麼處理就怎麼處理，如果合理該運作就要給他運作。韓國瑜對此說，主秘不用回答，因為這也會讓主秘為難，很多事情也不是主秘能決定的。他並裁示，第三輪協商告一段落，併案通刪部分，除各黨團特別要求保留之外，大部分已經不再保留。有關NCC部分非通刪的其他部分，原則上都保留，各黨團保持溝通看應該如何處理。針對本次總預算案凍結部分，韓國瑜說明，由於本年度預算執行期間只剩下4個月，下會期又是9月底開議，可處理凍結的時間非常緊迫，因此詢問各黨團是否一律以提出書面報告予以解凍處理；除非經過委員會或院會決議，通過特別須經同意方可解凍者才例外處理。若各黨團無意見，將把上述凍結案處理方式寫入朝野黨團協商結論附件中予以敘明。韓國瑜最後宣布，總預算案將列入週五（14日）院會正式處理，屆時將先處理公投案，再進行總預算案。    ,https://news.ltn.com.tw/news/politics/breakingnews/5536280
國民黨嘉義縣第一階段提名林于玲拚連任 7人選議員沒李國勝,政治,2026/08/11 18:25,國民黨提名現任民雄鄉長林于玲參選拚連任。（取自林于玲臉書粉絲專頁）首次上稿 11:57更新時間 18:25 新增黨部說明李國勝未入名單年底地方選舉將近，國民黨嘉義縣黨部今天公布中央核定第一階段縣議員選舉暨鄉鎮市長選舉輔選方式暨名單，鄉鎮市長部分提名現任民雄鄉長林于玲拚連任，議員選舉部分核定5個選區，提名7人參選。請繼續往下閱讀...國民黨嘉義縣黨部今天公布，鄉鎮市長選舉部分核定1個選區，提名林于玲參選民雄鄉長拚連任；民雄鄉長選舉民進黨已推派鄉民代表陳琮貽參選。議員選舉核定5個選區，提名7人參選，第一選區王啓澧、詹琬蓁，第二選區簡嘉億，第三選區吳思蓉、陳靖雅，第五選區蔡信典，第六選區詹黃素蓮，其中王啓澧、詹琬蓁、簡嘉億、吳思蓉、蔡信典及詹黃素蓮為現任議員，陳靖雅為梅山鄉民代表轉戰議員選舉。第四選區現任國民黨議員李國勝並未在第一階段核定名單，引起地方關注，國民黨嘉義縣黨部說，李國勝議員先前評估是否交棒，未領表登記提名申請，待家族協調後，再依黨部作業時程決定徵召人選。    ,https://news.ltn.com.tw/news/politics/breakingnews/5535615
藍黨團一度沒簽朝野協商結論  韓國瑜動怒：立院被黑暗力量控制住了,政治,2026/08/11 18:03,立法院長韓國瑜11日出席115年度中央政府總預算案朝野協商，會前與國民黨書記長林沛祥短暫交談，臉上表情顯得嚴肅。（記者塗建榮攝）立法院今午2點繼續協商「115年度中央政府總預算案」，因國民黨團總召傅崐萁未到場、也未授權，韓國瑜一度動怒，並稱「辭掉總召，總召不幹了，不是比較輕鬆嗎？」後續簽署朝野協商結論時，國民黨團也一度未簽字，韓國瑜再度發飆，直言「立院被黑暗的力量控制住了」，批評「敬酒不喝喝罰酒，一定要話講那麼難聽才簽字。」朝野最終達成共識，總預算案14日院會表決，若未三讀，17日加開院會處理。立法院今天繼續協商「115年度中央政府總預算案」，由韓國瑜主持，但傅崐萁已5度不出席協商，讓韓國瑜發飆嗆聲「他是慈禧太后，垂簾聽政嗎？立法院有這麼病態發展的嗎？」到了下午4點50分左右，韓國瑜要各黨團簽字協商結論草稿時，國民黨團卻一度不簽字，韓國瑜再度發飆。請繼續往下閱讀...韓國瑜表示，各黨團要簽字啊，開會開的口乾舌燥、這麼辛苦，所求為何啊？而且大家擔心在意的他都講了，先把公投處理完畢，再開始處理總預算，「如果不簽字的話，後果要自己負責」。眼見國民黨團還是沒有反應，韓國瑜再嗆，「你怎麼對全國人民交代啊，立法院這麼病態啊，莫名其妙，我們跟耍猴子一樣是不是，立法院被黑暗的力量控制住了，莫名其妙！敬酒不喝喝罰酒，一定要話講那麼難聽才簽字，應該坐在這裡就被授權了嗎，不然開什麼會？告訴全國人民我們要延會到八月底，結果一是無成、怎麼跟全國人民交代，立法院何必延會？」最後，藍綠白三黨團才終於簽字，讓這輪協商告一段落。值得注意的是，傅崐萁國會辦公室本來於下午4點30分發出採訪通知，稱下午4點50分傅崐萁將在議場前召開記者會，但過了7分鐘，傅辦卻又突然宣布取消記者會，最後於5點10分時，稱「剛剛是疏漏，未告知朝野協商還在進行，因此不宜舉行記者會。待會兒總召會有份簡短新聞稿。」針對協商結論，韓國瑜裁示，各黨團同意115年度總預算案討論程序及決定事項。通過針對各機關所屬通案刪減用途項目，包含行政院主計總處整理明細內容，以及通案提案與各委員會通過協商內容（含保留部分），由各委員會整理宣讀本及保留本。韓國瑜指出，8月14日院會進行保留，非保留部分宣讀後均予以通過，保留部分均暫保留。保留部分進行處理之前，由民眾黨團、民進黨團、國民黨團各推派一位委員發言，發言順序授權議事處處理，每位委員發言時間三分鐘。發言完畢後，各保留提案不再發言，並按通案各委員會會次順序進行保留提案處理。韓國瑜表示，14日若未及完成三讀，各黨團同意於17日加開院會，與14日合併為一次會議繼續處理總預算案，處理完畢後即行散會，當次會議不再處理臨時提案。此次協商各項提案均予以刊登公報記錄。#立法院今日下午2點繼續協商「115年度中央政府總預算案」。（圖截取自國會頻道）    ,https://news.ltn.com.tw/news/politics/breakingnews/5536275
涉洩密案前北市府發言人 李政軒：主動請辭、捍衛個人清白,政治,2026/08/11 18:01,李政軒在臉書發文，強調是主動請辭，正是為了能坦蕩地只代表自己、捍衛個人的清白。（資料照，台北市政府提供）台北市政府前發言人李政軒10日以個人生涯規劃請辭獲准，今（11）傳出他之前任職台中市政府秘書處時涉勞務採購洩密案，以30萬元交保。請辭時機引起外界質疑台北市長蔣萬安是否知情。近日都未露面的李政軒，稍早透過臉書發文，感謝蔣萬安跟北市府長官、同仁的信任與照顧。主動請辭正是為了能坦蕩地只代表自己、捍衛個人的清白。李政軒表示，感謝蔣萬安與北市府長官、同仁一直以來的信任與照顧。主動請辭，正是為了能坦蕩地只代表自己、捍衛個人的清白。他一向以最高道德與法律標準自我要求，問心無愧。強調絕無洩密，更無任何觸法情事。他會連同因此案受到影響、擔驚受怕的親友的份一起奮鬥。請繼續往下閱讀...他選用了被譽為2018年最出色的PC遊戲《陷陣之志》（Into the Breach），從怪獸軍團手中拯救世界的破關畫面配文，也以此自勉他破關、捍衛清白的努力。    ,https://news.ltn.com.tw/news/politics/breakingnews/5536279
砲轟社宅跳票 時力批政府魚目混珠：包租代管非社會住宅,政治,2026/08/11 17:55,社會住宅。（資料照，國家住都中心提供）社會住宅推動聯盟、OURs都市改革組織及多個民團8日召開記者會痛批中央政府的社宅政策，從選前承諾的8年13萬戶驟減為3萬戶、砍幅高達77%，喊話年底六都市長參選人「不能跟著擺爛」；內政部長劉世芳還稱包租代管也算達標，遭時代力量痛批「混淆視聽、曲解是非」，直言賴清德政府不該將兩者畫上等號，企圖掩飾政策跳票。時代力量指出，包租代管與社會住宅兩者本質不同，「絕對無法互相取代」。包租代管是政府以租稅減免與補助，鼓勵房東將房屋交由業者出租、契約往往是一年一簽，房東可隨時退出，但也導致身心障礙者、獨居長者與單親家庭等弱勢族群仍面臨租房困境；社宅則是政府自行興建、持有並出租的房屋，依「住宅法」規定，必須至少保留40%出租給弱勢者。請繼續往下閱讀...時力引述衛福部統計指出，9類弱勢族群的社宅需求高達21.6萬餘戶，即便新版計畫目標百分之百達標，按比例也只能容納六萬戶，仍有70％以上的弱勢家庭在租屋市場中浮沉。時代力量直言，由政府定價的社宅能有效壓制市場租金漲幅；明顯優於基於市場機制的包租代管，依社會住宅推動聯盟換算，若同樣提供一戶家庭居住保障50年，直接興辦社宅只需298萬，包租代管卻要652萬，不僅昂貴更「什麼都留不下」。 對於內政部擔憂社宅過多會變「空屋」，時力指正，台灣至今已完工或興建中社宅佔比僅1.31%，遠低於荷蘭34%、英國20%，甚至不及南韓的5％，直言台灣社宅停建，只會讓預留土地回流市場，淪為建商手中的素地。時力呼籲，負責任的政府應著眼下一代未來，而非為政治算計而背棄承諾、誤導民眾視聽，應該堅守居住正義、分配正義，別讓台灣的年輕世代淪為投機政策下的犧牲品，才能促成社會團結與國家凝聚。    ,https://news.ltn.com.tw/news/politics/breakingnews/5536266
韓國瑜飆罵乾脆辭總召！傅崐萁這時竟在「幹這件事」遭灌爆......,政治,2026/08/11 17:44,立法院長韓國瑜11日出席115年度中央政府總預算案朝野協商，注意到傅崐萁人不在，會前與國民黨書記長林沛祥短暫交談，臉上表情顯得嚴肅。（記者塗建榮攝）本應該去年底就審完的115年度中央政府總預算，到現在還被藍白卡關。今（11日）立法院繼續針對總預算案朝野協商，結果國民黨立院黨團總召傅崐萁直接缺席，連立法院長韓國瑜都忍不下去，當場怒嗆傅崐萁乾脆辭掉總召，引發熱議。讓人傻眼的是，韓國瑜在立院發飆時，傅崐萁還在臉書發文痛罵民進黨政府「擋疫苗」，遭大批網友灌爆！今天的會議開始時，韓國瑜就注意到傅崐萁人不在，當即詢問國民黨團書記長林沛祥，總召不參加協商是否有授權他做決定？林沛祥點頭稱有授權，但韓國瑜追問「所以等一下簽字有效？」林沛祥卻又搖頭，直接把韓國瑜惹怒，痛批「傅總召人不來，簽字無效，那是慈禧太后，垂簾聽政是嗎？」請繼續往下閱讀...韓國瑜繼續飆罵：「立法院有這麼病態發展的嗎？已經連續幾次不到了？『君子務本，本立而道生』最基本的工作，既然當總召，開朝野協商一定要到，不到就授權。」韓國瑜隨後要求林沛祥開麥克風，清楚講出傅崐萁是否有授權他協商，林沛祥照做坦言「總召不簽字，我簽字是沒有辦法代表黨團的。」韓國瑜砲轟：「立法院病態發展，病了，還要遙控，把我們院長、其他黨團，這麼多官員放在哪裡，你現在通知傅崐萁，他有三個選擇。一、本人來，這沒話講；二、人不來，授權給書記長、三、辭掉總召，總召不幹了，不是比較輕鬆嗎？哪有這樣子做的？」韓國瑜罕見動這麼大的怒氣，引發外界熱烈討論。與此同時，被韓國瑜飆罵的傅崐萁，在臉書發文批評民進黨政府疫情期間「擋疫苗害命」，現在卻又想「洗人民的記憶」，「崐萁與慈濟等各界善心人士在2021年中就積極奔走採購疫苗，要不是民進黨政府萬般阻撓，會有那麼多人國人辭世？今天看到民進黨有人重新『包裝』那段疫情歷史，我只想問：人民的記憶真的可以任你們剪接嗎？」底下湧入大批網友灌爆，「韓院長在等你耶」、「快去好好上班吧」、「人呢？全國等你一個」、「不去立法院上班在幹嘛？」、「去開會啦」、「佔著茅坑不拉屎」、「阿萁仔，有沒有打給院長會一下了」、「韓院長都在發飆了，你還在這發幹文」、「能惹脾氣好的韓院長生氣，你也是厲害」、「出來開會啊！衝沙小？」、「垂簾聽政喔，不做事總召辭一辭啦」、「整個國家等你一個人，不開會就不要當總召啊」、「沒那個肩膀就把總召辭掉啦！」立法院長韓國瑜11日主持115年度中央政府總預算案朝野協商。（記者塗建榮攝）立法院長韓國瑜和國民黨立院黨團總召傅崐萁。（資料照）    ,https://news.ltn.com.tw/news/politics/breakingnews/5536192
徐春鶯涉觸犯反滲透法一審判7年  民眾黨稱「毫無所悉」籲公正審理,政治,2026/08/11 17:41,前民眾黨新住民委員會主委徐春鶯。（資料照）首次上稿16:34更新時間17:41（新增民眾黨中央聲明）前民眾黨新住民委員會主委中配徐春鶯，因涉「反滲透法」並經營地下匯兌、詐貸，更以不實名義助滲透來源來台共4大犯行，新北地院今上午宣判7年徒刑。台灣民眾黨發言人張彤今聲明指出，民眾黨否認徐與其接觸後私下向中方人士報告之情形，亦未與孫憲接觸，強調一切「毫無所悉」，呼籲法院公正審理、勿枉勿縱。請繼續往下閱讀...曾名列不分區立委安全名單、前民眾黨新住民委員會主委中配徐春鶯，今年三月下旬遭控在中方滲透來源指示下，為台北市長候選人黃珊珊及總統候選人、前民眾黨主席柯文哲站台；同時經營地下匯兌、並有偽造文書，涉嫌詐貸等紀錄，涉違「銀行法」及「反滲透法」等被起訴。新北地院今（11）上午一審宣判，徐春鶯因犯「反滲透法」2罪，分判2年、2年2月；另涉地下匯兌犯「銀行法」判刑1年8月，詐貸犯「刑法」加重詐欺罪判1年5月；協助滲透來源來台犯「兩岸人民關係條例」判刑1年4月，合併判刑7年；鍾錦明則犯反滲透法1罪，判刑2年。儘管民眾黨團表示「尊重司法的判決與審理」，但民眾黨發言人張彤今午聲明指出，民眾黨嚴正譴責任何受境外敵對勢力指示介選、危害國安的違法行為，更否認徐與其接觸後私下向中方人士報告之情形，亦未與孫憲接觸，強調一切「毫無所悉」，呼籲法院公正審理、勿枉勿縱。張彤抨擊，民眾黨「完全無法理解」法院認定徐涉案是因「中共指示為柯文哲站台」，直言不合邏輯；也無法接受判決將徐三年前出席前主席柯文哲總統大選記者會、選前之夜一事，與民眾黨將她列入不分區立委安全名單強行連結，形同「硬扣紅帽」。她重申，民眾黨本於「多元共融」價值，期望讓在台扎根的新住民與中配也能參政發聲，強調民眾黨與徐的接觸僅只於新住民事務，從未參與黨內決策。    ,https://news.ltn.com.tw/news/politics/breakingnews/5536074
自由說新聞》「韓傅矛盾」激化？藍委掃颱風尾「被嗆到語塞」表情曝,政治,2026/08/11 17:38,全新的視界！新聞話題不漏接，快訂閱YouTube 【自由追新聞】，記得開啟小鈴鐺哦！    ,https://news.ltn.com.tw/news/politics/breakingnews/5536252
韓國瑜再轟「藍白耍猴子？」莊瑞雄：協商定案不簽字 怪不得生氣,政治,2026/08/11 17:32,民進黨團幹事長莊瑞雄。（資料照）立法院長韓國瑜今主持今年度總預算朝野協商，先因國民黨團總召傅崐萁5度缺席怒嗆轟「可以選擇辭掉總召」；協商尾聲時，又因藍白黨團幹部遲遲不簽協商共識，再怒嗆：「怎麼跟全國人民交代，耍我們跟耍猴子一樣？」最後藍白黨團才簽名。民進黨團幹事長莊瑞雄說，好不容易協商出來，定案了以後沒有人要簽字，怪不得韓會生氣。莊瑞雄指出，朝野協商上，黨團確實要盡到最後的一個責任，這次藍白兩黨主張延會，也確實延會了。韓院長今天怪不得會生氣，藍白提案要求延會要審總預算，大家辛苦地經過三輪這樣的朝野協商，首先的問題是，國民黨總召傅崐萁沒有來，變成是誰講的算數？請繼續往下閱讀...「再者，好不容易歷經三輪協商下來，韓院長也很辛苦斡旋，定案了以後沒有人要簽字。」莊瑞雄說，民主進步黨馬上就簽字了，蔡其昌總召先離開，他跟范雲書記長兩個人，簽了就算數了，只有民進黨簽沒有用，其他兩個政黨還不簽字，韓院長當然就生氣了。莊瑞雄強調，韓院長後面這個生氣，看起來才是更嚴厲，站在一個立法院院長的高度確實要維護整個朝野協商的威信。各黨團好不容易協商出來後，只因為有人沒有來不簽字，開什麼玩笑，那整個立法院延會要幹嘛？整個總預算延宕、政府機關要如何維持運作，好不容易協商出來，又有人這樣，怪不得韓國瑜會生氣。    ,https://news.ltn.com.tw/news/politics/breakingnews/5536217
中國迎來史上最難就業季  陸委會轟：「台青e家」平台打腫臉充胖子,政治,2026/08/11 17:27,中國內部青年找不到工作，中共卻忙著向台灣青年兜售「口惠而實不至」的機會，陸委會表示，根本是「打腫臉充胖子」。（圖擷取自陸委會臉書）中國國台辦推出「台青e家」平台，整合赴中就業、實習、升學等資訊，吸引台灣年輕人登錄求職資料，該網站因違反兩岸條例，上週已被政府封鎖。陸委會今日痛批，中國內部青年找不到工作，中共卻忙著向台灣青年兜售「口惠而實不至」的機會，根本是「打腫臉充胖子」。陸委會發文指出，中國於今夏迎來「史上最難就業季」，卻推出「台青e家」大力向台灣青年宣傳「遍地都是機會」。「台青e家」提供的部分職缺月薪僅約人民幣2000至4000元，不僅低於台灣基本工資，台灣青年取得對岸交流、補助或職涯資源的同時，還需接受「一中原則」等條件。請繼續往下閱讀...陸委會質疑，「台青e家」聲稱是為台灣青年提供工作、實習等機會，實際上就是為了達到統戰目的，兼帶蒐集台灣年輕人的個人資料。根據中國教育部最新數據，今年中國高校畢業生達1270萬人，比去年增加了48萬人，高校畢業生連續5年突破千萬大關，堪稱「史上最難就業季」。陸委會批評，中國國家統計局近期也公布，6月份16至24歲中國青年失業率高達14.9%，澳盛銀行預估，受畢業潮、內需疲軟及AI浪潮等影響，未來2個月失業率可能逼近20%。中國內部青年找不到工作，中共卻忙著向台灣青年兜售「口惠而實不至」的機會，根本是「打腫臉充胖子」。    ,https://news.ltn.com.tw/news/politics/breakingnews/5536199
總召擺爛一切停擺！傅崐萁拿翹缺席總預算協商  林濁水揭原因,政治,2026/08/11 17:22,國民黨團總召傅崐萁今日缺席立法院總預算案協商，立法院長韓國瑜（見圖）當場嗆「總召不幹了不是比較輕鬆嗎？」（記者塗建榮攝）國民黨團總召傅崐萁今日缺席立法院「115年度中央政府總預算案」協商，被立法院長韓國瑜當場痛罵不如辭掉總召。前立委林濁水發文說，為何傅崐萁這名「山大王」敢拿翹，原因在於立法院是朝野協商中心主義，只要總召擺爛一切停擺，這種制度是前立法院長王金平與民進黨黨團總召柯建銘「王柯體制」的精髓，大家奉為圭臬卻沒人敢改革。林濁水在臉書發文稱讚韓國瑜罵傅崐萁罵得好，「審查時間空前緊迫，溥大總召，山大王連續既不出席協商又不授權，以致於『國合停擺』。韓國瑜終於大發威痛批，批得好！」請繼續往下閱讀...林濁水點出，「然而山大何以可以拿翹？因為中華民國國會是朝野協商中心主義，只要任何總召擺爛一切停擺。這種病態的朝野協商制度天下所無，是中華民國立法院獨家絕技。為『王柯體制』的精髓所在，大家奉為圭臬，沒人敢『改革』。夠爛！」林濁水也點名公督盟應當盡責，「公督盟自居高尚，也視而不見，只專注雞毛蒜皮，國會議員有沒有朝九晚五打卡，有沒像小學生向老師繳交計量的作業。」    ,https://news.ltn.com.tw/news/politics/breakingnews/5536160
2度騎車闖法務部還朝「北檢之秤」噴漆 田山盛國犯3罪判刑7月,政治,2026/08/11 17:20,田山盛國去年闖法務部並亂噴漆，被判刑7月徒刑。（資料照）被稱「抗議魔人」的田山盛國於去年兩度騎車闖進法務部大鬧，後續又因不滿台北地檢署指揮調查局搜索國民黨黨部，竟持綠色噴漆衝進北檢，朝銅製藝術品「北檢之秤」及看板噴漆遭逮。台北地院今依侵入住居等3罪各處3月徒刑，應執行7月徒刑，得易科罰金。可上訴。去年4月14日下午1時許，田山盛國因台北地檢署搜索、約談罷雙吳四騎士，竟騎車闖進設有門禁管制的法務部內，更強行將機車騎進大廳。保全人員即刻出面阻攔，田山男則大喊「法務部長出來」、「法務部長干預選舉、罷免」等語。請繼續往下閱讀...警方到場後，田山男仍不願離去，還揚言「沒有禁止騎機車進入大廳」，最後邊騎機車離開現場，沿路謾罵。同日晚間22時45分，田山盛國又騎機車闖進法務部，不顧保全人員阻攔，大罵部長，還表示自己要陳情。保全人員表示下班時間沒有陳情服務後，見對方仍不願離開，只好報警處理；未料，田山男卻趁保全報警的時間點，闖進法務部108室「國會聯絡小組辦公室」，經部內秘書處科長及保全勸阻仍不願離去，經警方到場驅離後才離去。同年月17日，田山盛國又因不滿台北地檢署偵辦罷免涉不實連署案 檢調搜索國民黨北市黨部、約談主委總幹事等4人，竟持綠色噴漆衝進北檢，朝銅製藝術品「北檢之秤」及看板噴漆，被警方壓制逮捕。檢察官偵訊後，認定田山盛國兩次侵入法務部並破壞北檢之秤的行為，已涉犯侵入住居罪及妨害公務中的毀損公務員職務上掌管之物品罪，提起公訴，犯案噴漆沒入。    ,https://news.ltn.com.tw/news/politics/breakingnews/5536193
台積電重回龍潭  黃世杰批張善政失職無為、應向桃園市民道歉,政治,2026/08/11 17:16,民進黨桃園市長參選人黃世杰（前右）前往平鎮區山仔頂市場掃街拜票。（記者周敏鴻攝）針對2023年台積電宣布停止考慮進駐龍科三期、近日再傳台積電可望進駐一事，民進黨桃園市長參選人黃世杰表示，時隔3年，經行政院、竹科管理局積極溝通，台積電重新表達進駐龍科三期的高度意願；原案重新來過，「桃園市長張善政必須親自出面，向235萬桃園市民道歉」，並說明為何3年來毫無作為，讓桃園白白錯失產業升級的黃金3年。黃世杰回想前桃園市長鄭文燦任內積極推動台積電進駐龍科三期，他說，當時立委鄭運鵬與他在立法院四處奔走，協助排解各項疑難雜症，因為他們深知，只要把先進製程留在桃園，就能為龍潭、乃至全桃園的產業發展，開啟無限可能；豈料2022年張善政參選桃園市長，把這些努力抹黑為「政治操作」，2023年10月，張執政已近1年，台積電卻宣布不再考慮進駐龍科三期，讓桃園市民都很錯愕。請繼續往下閱讀...當時張市府承認，市府負責協助的「用地取得」是整個過程最大的困難，黃世杰說，換句話說，張無法完成協調與溝通，是台積電當時不考慮進駐桃園的原因，之後張善政曾公開表示「桃園仍是台積電設廠首選」，並宣稱市府將盤點龍潭周邊或桃園其他可能用地，提供竹科管理局與台積電篩選；但3年過去了，張要找的土地，究竟找了哪幾塊、推薦了哪幾塊，又真的有哪一塊送交台積電評估，張市府應該對外說清楚。如今龍科三期經過行政院、竹科管理局積極協調，透過縮小範圍、重新溝通、處理土地問題，計畫終於重新往前推進，台積電也再度表達進駐意願。黃世杰強調，「台積電回來，我們歡迎，也全力支持；但張善政必須回答，桃園為什麼繞了近3年，又回到原來的地方？」黃世杰說，張一直以科技背景自居，但面對桃園最重要的科技產業布局，卻沒有展現應有的整合與協調能力，導致桃園失去不只是一次的招商機會，而是將近3年的投資時間、產業布局與新增就業機會，試問，還有多少個3年，可以任由「散政」空轉？民進黨桃園市長參選人黃世杰（左2）前往平鎮區山仔頂市場掃街拜票。（記者周敏鴻攝）    ,https://news.ltn.com.tw/news/politics/breakingnews/5536095
澎湖縣長選舉》許智富提建立完善土資制度 讓澎湖建設永續發展,政治,2026/08/11 17:09,無黨澎湖縣長參選人許智富，提出建立完善土資制度。（許智富提供）無黨澎湖縣長參選人許智富提出推動「營建剩餘土石方整體規劃計畫」，由澎湖縣政府全面盤點全縣土地資源，包括公有土地以及早期盜採砂石所留下的低窪地及天坑，依據地質安全、排水、防災、交通、生態環境及周邊居民影響等條件，進行專業評估，作為未來土資場及土地復育的參考依據，不會任意指定地點，更不會犧牲環境品質。許智富表示，針對適合整理利用的坑洞及低窪地，將依照相關法令辦理，僅收受符合規定的營建剩餘土石方，並落實源頭分類管理，不收受垃圾、營建廢棄物及其他有污染疑慮的廢棄物，確保土資場使用過程符合環保及安全要求。同時配合電子聯單及車輛管理制度，建立完整流向追蹤機制，讓每一車土石方從哪裡來、運到哪裡去，都能夠清楚掌握，避免非法傾倒問題發生。請繼續往下閱讀...對於私人土地部分，若經專業評估後適合作為回填整理地點，將採取公開透明方式辦理，建立合理回饋機制，並透過合法契約保障地主權益。待回填完成後，由縣府依照計畫完成整地、排水、安全及環境綠美化改善工作，再將整理完成的土地歸還地主，不僅能改善過去盜採砂石所留下的環境傷口，也讓土地重新恢復利用價值。除了活化既有低窪地及坑洞之外，縣府也將同步尋找適合的公有土地，規劃設置長期使用的土資場及土方調度中心，建立挖填平衡、分類、暫置、交換及再利用機制，讓可利用的土石方優先應用於公共工程、低窪地改善及其他合法用途，提高資源循環利用效率，減少單純堆置及填埋。    ,https://news.ltn.com.tw/news/politics/breakingnews/5536150
取締毒駕扣車暴增  山田摩衣爭取板橋增設專用暫置拖吊場,政治,2026/08/11 17:08,新北市議員山田摩衣（右）要求設置板橋專用查扣車輛拖吊場，全面升級執法量能。（記者黃政嘉翻攝）新北市議員山田摩衣服務處日前驚傳毒品通緝犯持刀恐嚇事件，山田摩衣今在議會質詢時，要求警方除高強度取締與溯源斷根外，更應結合青春專案加強熱點臨檢，同時盡速設置板橋專用查扣車輛拖吊場，全面升級執法量能。山田摩衣表示，8月5日服務處同仁遭遇一名情緒失控的毒品及詐欺通緝犯持刀威脅，所幸警方獲報後迅速破案逮人，訊後送交觀察勒戒。她說，新北市近年查獲毒品案大幅成長，尤其俗稱「喪屍煙彈」的新興毒品依托咪酯極易取得，吸食後會出現肢體顫抖、無法站立甚至呼吸衰竭與情緒失控，已造成市民極大恐慌，要求警局必須拿出具體策略，嚴防新興毒品持續危害社區。請繼續往下閱讀...她指出，警方強力取締毒駕的同時，也造成查扣車輛暴增，導致海山分局、板橋分局各派出所的停車空間已被大量查扣車輛占滿，保管空間嚴重不足，影響警務運作，要求盡速設置板橋專用查扣車輛專用暫置拖吊場。警察局長方仰寧回應，警方已在板橋覓得一處約1700平方公尺的用地，他承諾，未來將積極爭取並規劃作為新增拖吊保管場，徹底解決扣留車輛空間不足的問題。    ,https://news.ltn.com.tw/news/politics/breakingnews/5536182
不再有「一人投票所」中選會推原民議員選舉優化,政治,2026/08/11 17:05,中央選委會11日在新北市選委會進行年底9合1選舉「原住民選舉人領票作業模擬演練」（記者翁聿煌攝）中央選委會11日在新北市選委會進行年底9合1選舉「原住民選舉人領票作業模擬演練」，新北市選委會副總幹事黃堯章說，目前全國各地約有1千個里的投開票所只有1個原住民選舉人，所以議員投給誰沒有秘密可言，因此未來各里的原住民「唯一選民」將被集中到大型投開票所投票，保障投票秘密，各投開票所並增加設置原住民選舉人領票處，便利原住民選民。主委游盈隆11日參加地方公職人員選舉優化「原住民選舉人領票作業模擬演練」，他表示，中選會為因應原住民選舉權利，將自今年底的9合1選舉實施兩項重大改革，其一為優化原住民領票的作業系統，二是選罷法第57條第3項規定，保障原住民的投票秘密。請繼續往下閱讀...中選會11日委託新北市選委會在新店區公所進行新作法的模擬演練，黃堯章表示，目前全國各地約有1千個里的投開票所，登記合格的原住民選舉人只有1人，新北市也有99個里的投開票所只有1名原住民選舉人。他指出，選舉人投給縣市長、里長，因為與其他一般選舉人共用票匭，所以沒有洩漏投票對象的疑慮；但投給山地原住民或是平地原住民議員，就會被得知他的投票對象。所以議員投給誰沒有秘密可言，因此未來各里的原住民「唯一選民」，將被集中到大型投開票所投票，保障投票秘密，各投開票所為此也將增加設置原住民選舉人領票處，方便原住民選民在不同的投開票所投票。中央選委會11日在新北市選委會進行年底9合1選舉「原住民選舉人領票作業模擬演練」（記者翁聿煌攝）    ,https://news.ltn.com.tw/news/politics/breakingnews/5536005
海調雙艦下水！掌握海底與水下資訊  將成海鯤號「眼睛」,政治,2026/08/11 17:00,國家海洋研究院100噸級與300噸級海洋基礎資料調查船今天下水、分別命名為「澄波 NO.101」、「澄波 NO.102」。（圖由總統府提供）國家海洋研究院100噸級與300噸級海洋基礎資料調查船今天下水、分別命名為「澄波 NO.101」、「澄波 NO.102」，總統賴清德到場見證。學者認為，這兩艘海調船可掌握海底與水下資訊，將成為國造潛艦「海鯤號」的眼睛，更是台灣捍衛200海浬專屬經濟海域（EEZ）管轄權，不可或缺的量能。中央警察大學水上警察學系兼任助理教授林廷輝表示，過往台灣海洋科學調查船多半委外建造，這次則是自主籌建，在目前各國相對欠缺海洋科學調查船的情況下，更凸顯我國本身擁有海洋科學調查自主性量能，尤其無論在生態或政治方面，台灣附近海域相當複雜。請繼續往下閱讀...首先在管轄權部分，林廷輝指出，根據1982年《聯合國海洋法公約》規定，沿海國可主張200海浬專屬經濟海域，台灣四面環海，若在專屬經濟區上沒有任何海洋科學調查量能，就不足以構成所謂的海洋國家，因此強化海洋科學調查量能自主性，對台灣來說至關重要。其次是政治法律層面，林廷輝認為，未來這兩艘海洋基礎資料調查船，將用於海洋資源、海洋產業與海底地形等整體調查，從軍事、安全層面，包含海鯤號、潛水艇的海底與水下活動，到海洋深層水、海洋相關資源探勘與開發等，都必須透過海調船進行基礎資料蒐集，這次海調船不假手於外人，相關基礎資料也不假手於其他國家的研究成果，對台灣未來建置完整海域資料來說不可或缺。第三、推動海洋教育，林廷輝說，大家知道台灣是海洋國家，但國人對所謂的近海、親海、知海概念還相當遙遠，建議國海院未來可以適時地公開不具敏感性、具有海洋科學教育意義的資料，填補台灣在海洋科學調查與教育方面的不足，提升台灣社會的海洋知識價值。林廷輝強調，成功建造海洋基礎資料調查船，與推動台灣漁產經濟息息相關。海底地形的變化、洋流溫度變化、海水水位變化等，攸關浮游生物與漁產豐富性，未來透過海洋基礎資料調查船蒐集、建置資料後，都可以成為我們漁民的參考資料，與魚類資源管理、漁產養護、海洋保育等緊密結合。    ,https://news.ltn.com.tw/news/politics/breakingnews/5536144
新北藍營連日質疑原博館改址蘇巧慧沒作為 卓冠廷秀時序表揪「國民黨自己聯手推翻的」,政治,2026/08/11 16:56,民進黨新北市議員卓冠廷今出示「原博館大事記」時間軸回擊新北藍營。指原博館最後不在新北，是國民黨自己聯手推翻的，包括時任行政院長張善政以及藍委聯手卡掉的。（擷取自「卓冠廷」臉書）新北藍營近日接連質疑原定落腳三鶯地區的國立原住民族博物館被民進黨政府改址高雄，民進黨新北市長參選人、立委蘇巧慧卻沒作為，新北市長參選人李四川今再提，蘇巧慧10日缺席立法院原博館考察行程，似說一套做一套；綠營新北市議員卓冠廷今出示「原博館的大事記」時間軸回擊藍營說法，指原博館最後不在新北，是國民黨自己聯手推翻的，包括時任行政院長張善政以及藍委聯手卡掉的。卓冠廷出示的「原博館大事記」時序資料顯示，2015年12月7日，國民黨政府原民會函報行政院「國立原住民族博物館興建先期推動計畫」，選址於三鶯新生地；2016年6月，時任藍委徐榛蔚、黃昭順、陳超明、林麗蟬、鄭天財提案要求原民會重新選址評估；同年3月，時任行政院長張善政裁示，暫緩設置新北的規劃；2016年9月，蘇巧慧持續向行政院質詢，要求將館址留在三鶯；2017年9月，經重新開放各縣市提報後，最終由專家會議評估，決議落腳高雄。請繼續往下閱讀...卓冠廷表示，桃園市長張善政過去在當行政院長時，與國民黨立委聯手卡掉原博館，把原博館從三鶯地區卡掉的時候，新北市府當時是朱立倫執政。蘇巧慧2016年質詢爭取原博館設三鶯的時候，「李四川你已經回任新北副市長了」，卓說「你們爭取了什麼？還敢拿剛當上立委的蘇巧慧算帳，做賊喊抓賊。難看」，出手前自己搞清楚不要再迴力鏢了。    ,https://news.ltn.com.tw/news/politics/breakingnews/5536151
柯志恩秀與「新台灣首富」林聰吉合照 議員黃明太：他無特定政治傾向,政治,2026/08/11 16:54,柯志恩（左二）在社群平台秀出與新台灣首富林聰吉（右二）的合照。（圖擷自柯志恩Threads）國民黨高雄市長參選人柯志恩今（11）日在脆（Threads）秀出與新台灣首富、川湖科技創辦人兼董事長林聰吉的合照，引來網友酸說「這也要蹭」；當地議員黃明太則表示林聰吉很低調，也無特定政治傾向。總部位於高雄路竹的伺服器滑軌廠商川湖科技，受惠於全球AI產業需求爆發，今天收盤價飆上12315元，成為台股指標性的「萬金股」。林聰吉則以約167億至174億美元（約合台幣5387億至5608億元）的身家，超越國巨董事長陳泰銘，登上台灣首富寶座。請繼續往下閱讀...柯志恩曾在一場拜廟活動中，與林聰吉同台並合照。今天得知台灣首富換人之後，她幽默的在Threads秀出合照，表示「原來我也跟台灣首富這麼近過」，沒想到引來網友撻伐。網友紛紛說:「我路竹人都不關我的事了，是要跟人蹭什麼熱度啊」、「林董有說要挺妳嗎？這樣誤導真的好棒」、「股價就來來去去，改天就換人」。市議員黃明太接受媒體訪問時說，林聰吉沒有特定政治傾向，不對外交際應酬，也不接受政治人物拜會。他也透露一段秘辛，林董受濟公師父庇蔭多年，一路扶持川湖科技，當初股票上市時只有30幾元，師父告知會到3、500元，7個月前更大膽預告會上6千元，沒想到現在已經到1萬2千元。    ,https://news.ltn.com.tw/news/politics/breakingnews/5536125
南投選舉查察啟動 精準布雷阻絕境外勢力介選,政治,2026/08/11 16:51,南投地檢署召開選舉查察期前策略會議。（南投地檢署提供） 年底九合一選舉逼近，南投地檢署10日召開選舉查察期前策略會議，台中高分檢檢察長林錦村在會中指示相關單位應精準布建地雷，隨時檢視成效，設法提升地雷引爆率，例如教導布雷對象如何蒐集事證，並蒐集掌握賄選高風險參選人幕後金主與樁腳資料，也要加強宣導反滲透法，阻絕假訊息與境外勢力介選。此次會議由南投地檢署、南投縣警察局、調查局南投縣調查站、南投縣政府政風處提出當前選情分析、情資蒐報、查賄及反賄策略與相關作為、執行情形等期前策略重點項目報告，透過會議充分進行意見交流，凝聚共識統合戰力，精進選舉查察作為，全力防制賄選、暴力、境外勢力、選舉賭盤、假訊息（含深偽影音）介入選舉。請繼續往下閱讀...南投地檢署檢察長周士榆也在會中表示，查察團隊應持續精進情資品質，避免無效情資，務必阻絕境外勢力介選、斬斷選舉賭盤、防堵假訊息干擾等選舉查察重點工作，近期警方將協助發送「守護家鄉的一票－檢察長給鄉親的一封信」，後續如有接獲對此信件反饋訊息，也請即時轉達。    ,https://news.ltn.com.tw/news/politics/breakingnews/5536109
夏莉絲專案報告遭退回 簡舒培：檢舉附照片仍查無異狀？,政治,2026/08/11 16:48,台北市社會局今（11）針對夏莉絲托育中心不當對待案，赴台北市議會民政委員會進行專案報告。（記者蔡愷恆攝）台北市社會局今（11）日針對夏莉絲托育中心兒虐案，赴台北市議會民政委員會進行專案報告。台北市議員簡舒培指出，檢舉人寫信給1999甚至附上照片，但社會局去稽查內容卻皆無異狀，「事情沒有包庇，但都剛好沒看到！」簡舒培也在現場說，昨日家長看到專案報告內容，即自行整理「家長版」內容，期望簡舒培可以向局處說明。簡舒培說，根據檢舉人的照片，明顯在逃生門前擺設嬰兒床，社會局當時回覆檢舉人「已經責令他們清空」，但社會局在議會報告卻說「無放置」；若不是家長非常憤怒，提供照片給議員，大家都不知道。請繼續往下閱讀...議員林亮君表示，社會局認定陳情之照顧情形沒有達到兒少法不當對待，不過她覺得也不是妥善處理方式，無論是調閱監視器，「社會局警覺性不夠。」且夏莉絲評鑑結果連兩次皆為乙等，林亮君提出托育中心連年結果沒有進步，社會局應研議討論如何提升經營狀況，要求將討論結果列入下次報告內容。民政委員會第二召集人、議員顏若芳提到，由於上次勞動局報告被揭露沒有對夏莉絲托育中心勞檢，且稱檢舉人和解後按照慣例就不用繼續，故這次要求勞動局在夏莉絲專案報告列出勞動檢查SOP。然而勞動局沒有將勞檢內容放在專案報告中，她怒批勞動局藐視民政委員會、藐視議會。勞動局長王秋冬回，「如果說假設沒有在勞動……沒有在社會局的報告裡面提出……。」後續更說：「當時做決議比較混亂，沒有聽得很清楚，所以就沒有放在這次報告。」最後委員會決議退回專案報告，要求社會局、勞動局、教育局還有衛生局跟環保局溝通，並提出完整報告。社會局會後說，一切依法行政，所有案件均須依據查證事實及相關法令規定辦理。對於民眾陳情案件，社會局皆會立即受理、查證並依法處理；如查有違法事證，將依法裁處，絕不寬貸；惟如經查證未發現違反法令之具體事證，依法即無裁處依據，仍會視個案情形要求機構改善、加強督導及持續追蹤，以維護幼兒照顧品質與權益。    ,https://news.ltn.com.tw/news/politics/breakingnews/5536110
幕後》傅崐萁缺席5次朝野協商韓國瑜嗆「辭總召別幹了」傳這件事是導火線,政治,2026/08/11 16:45,立法院今下午繼續研商115年度中央政府總預算案，由於國民黨團總召傅崐萁持續缺席朝野協商，引發立法院長韓國瑜罕見動怒要傅崐萁乾脆辭掉總召。（資料照，本報合成）立法院今下午繼續研商115年度中央政府總預算案，由於國民黨團總召傅崐萁持續缺席朝野協商，引發立法院長韓國瑜罕見動怒要傅崐萁乾脆辭掉總召。據了解，韓國瑜曾在上個月預算協商時，私下表達希望朝野黨團在表決當天可以刪到剩60案，令傅大為不滿，自7月29日在協商會場拍桌罵完「他X的」後至今已缺席5次協商。傅崐萁缺席總預算協商 韓國瑜發飆怒嗆︰總召不幹不是較輕鬆？請繼續往下閱讀...116年中央政府總預算已送到，但115年度的中央政府總預算仍卡在立法院。韓國瑜上個月強調要在8月7日三讀總預算，但國民黨刪減案量一直未減少，至上週仍有上百案因此未能順利完成三讀，本週繼續協商。但傅崐萁持續缺席7月30日、7月31日、8月4日、8月6日和今天的朝野協商，國民黨團書記長林沛祥因未被授權，每案要討論時都只能表達「保留」，才讓韓國瑜大為光火。雖然傅崐萁過去也多次缺席黨團協商，很多法案協商時傅崐萁都不一定在，但由於預算案是當務之急，又只能「傅崐萁決定要或不要」，必須在本週五趕快送出，韓國瑜才會希望速戰速決。不過黨內立委也有人替傅崐萁緩頰，表示太多委員提案，其實也不好刪，還要跟白營協商，而且過去挑燈夜戰是日常，為何這次就一定要減少案量？回顧過去韓國瑜和傅崐萁在這屆成為立法院同事之前，兩人以兄弟相稱。2019年韓國瑜代表國民黨競選總統時，當時傅崐萁還未回復黨籍，以無黨籍身分參選立委，當時韓國瑜顧念兄弟之情，並未替當時的國民黨花蓮立委候選人黃啟嘉站台，也讓傅崐萁拿合照當看板，給足面子。不過，就在本屆韓國瑜要競選立法院長之際，傅崐萁有意爭取副院長，但當時黨內對傅崐萁仍有疑慮，因此韓國瑜從中攔胡，找上江啟臣搭檔正副院長並尋求支持，直接斷了傅崐萁的副院長夢。而傅崐萁最後則是在前主席朱立倫的支持下當選國民黨團總召，但傅崐萁想爭取副院長的傳聞至今沒有停止過。其實兩人成為同事後，由於行事作風不同，在議案處理上常有差異，韓國瑜曾私下不滿傅崐萁動員杯葛卻未事先告知，讓他無法掌控現場狀況，但傅崐萁認為這是保密行動，也是總召職權，兩人的默契不如以往，信任也因此產生裂痕，到了今年的總預算和軍購的延宕，兩人之間的歧異逐漸浮上檯面。韓國瑜曾在今年2月的立法實務研討會對傅崐萁喊話，指一個有觀察力、有洞悉力的黨團領導者，應該要想有沒有一張張紙的危機會讓大家逐步窒息？讓軍購特別條例進入付委審查，大家就可能把一張張蓋住口鼻的紙拿開，而且大家要思考清楚，如果一個錯誤判斷，會不會變成四面楚歌？在今年3月國民黨團處理軍購特別條例時，再度傳出傅崐萁有意爭取副院長一職，不過現在還沒到年底選舉結束，韓國瑜已對傅崐萁展現極度不滿，這恐怕是立法院史上首次同黨的院長公開斥責同黨總召，傅崐萁還能順利爭取到副院長的職位？黨團成員要怎麼選邊站？國民黨的內鬨從黨中央到立法院不知何時有結束的一天。立法院長韓國瑜。（記者塗建榮攝）    ,https://news.ltn.com.tw/news/politics/breakingnews/5536129
沈伯洋提五大政見 北市青年局駁：早就是現在進行式,政治,2026/08/11 16:43,民進黨台北市長參選人沈伯洋今舉辦政策願景發表會。（記者田裕華攝）民進黨台北市長參選人、立委沈伯洋今（11）舉辦政策願景發表會，其中提到要設立城市基金，擴大圓夢基金支持青年出國拓展視野，另市府也帶頭與新創合作，補助AI課程及費用。台北市青年局方才回應，自成立以來，就全力發展國際參與及新創培力；沈委員所提的青年政策遠景，早已轉化為紮實的政策進行式。青年局表示，現積極推動海外實習，讓台北青年透過實習掌握國際產業脈動，也透過志工服務向世界行銷臺灣。海外實習範疇涵蓋公共治理、學術研究、AI與數位科技、創新創業、ESG永續、農業生態、生醫工程及行銷設計等8大領域，提供從文科到理科的全光譜機會。請繼續往下閱讀...青年局提到，除了讓青年走出去，我們更主動把世界引進來。青年局攜手哈佛、普林斯頓、賓州大學、早稻田及南洋理工等世界名校，提供國際學生至北市府實習的機會，讓全球頂尖學子想法直接與市府團隊交流；同時推動國際藝術家與本土創作者合作，讓臺北青年在地就能與國際深化交流、鏈結世界。青年局說，局處提供完善的海外留學免息貸款，有效減輕出國求學的財務負擔；對於參與國際競賽、展演及大型會議的優秀青年，市府也提供相關補助，成為青年登上國際舞臺最堅實的後盾，持續落實「讓台北青年走出去、讓世界青年進台北」的政策目標。此外，青年局也透過「青年職涯培力及創業活動補助」支持青年創業，更透過策展單位互惠與主動辦理市集，提供青年創業家免費設攤。兩年來市集相關活動已為攤商免費集客超過40萬人次，直接將青創商品精準推向市場；此外，也提供青年創業貸款利息補貼，實質減輕創業初期的資金壓力。因應AI浪潮，北市府首創「青年以戰代訓銜接職場計畫」，結合23家企業推出40門AI主題課程；近年更率全國之先，全額補助在學及應屆畢業青年的AI工具訂閱費用，持續支持青年善用先進工具提升學習與職涯競爭力，打造具備AI應用能力的即戰力人才。    ,https://news.ltn.com.tw/news/politics/breakingnews/5536061
拋「海洋經濟工程」 葉竹林：讓海洋成為澎湖下個10年產業核心,政治,2026/08/11 16:37,葉竹林提出海洋經濟工程，主張整合海洋科技、智慧漁業、冷鏈物流與品牌行銷。（葉竹林提供）澎湖四面環海，如何讓「靠海」不只是觀光風景，而能真正成為產業、就業與地方經濟的長期支柱，無黨澎湖縣長參選人葉竹林提出「海洋經濟工程」，主張整合海洋科技、智慧漁業、冷鏈物流與品牌行銷，讓海洋成為澎湖下一個10年的產業核心。葉竹林說，澎湖應進一步思考如何提高水產品價值、降低產銷損耗，透過科技與品牌，讓漁民的辛苦轉化成更合理的產業收益。海洋經濟工程將推動海洋經濟整合平台，串聯縣府、產業、學術及研究資源，導入智慧養殖、海洋科技及智慧漁業應用，協助傳統漁業逐步轉型，提升產業韌性與生產效率。請繼續往下閱讀...其中，冷鏈物流是海洋產業升級的重要基礎。葉竹林指出，澎湖擁有優質海鮮，但離島產業最大的限制之一，就是運輸與保存。未來應完善冷鏈中心及物流體系，從產地、加工、保存到運送建立更完整的產銷鏈，減少損耗，也讓澎湖水產品有條件進入更大的消費市場。除了生產端，葉竹林也將「澎湖優鮮」品牌升級列為重點，他認為，澎湖不能只有「好吃的海鮮」，讓「澎湖出產」本身成為品質與價值的保證。人才方面，葉竹林主張推動海洋人才培育及產學合作，讓海洋產業不再只是傳統印象中的討海工作，而能結合科技、養殖、加工、物流、品牌與行銷，創造更多專業職缺，讓年輕世代看到返鄉投入海洋產業的可能性。    ,https://news.ltn.com.tw/news/politics/breakingnews/5536079
吳秀華與高虹安盼台東藍白合拚縣長勝選 籲司法勿介入政治,政治,2026/08/11 16:37,台東縣長饒慶鈴、新竹市長高虹安、台東議長吳秀華（左起）今天在台東博覽會場同框。（記者黃明堂攝）新竹市長高虹安今天率領市府團隊參訪「2026台東博覽會」，獲台東縣長饒慶鈴與台東縣議會議長吳秀華迎接，面對縣長選舉，吳秀華議長強調，藍白之間具備廣闊的合作空間，未來將持續深化跨黨派的交流與協作。她指出，藍營內部必會團結一致，同時積極凝聚理念相近的力量，通力合作贏下縣長選舉，為台東開創不一樣的未來，並盼望在勝選後進一步加強台東與新竹兩縣市之間的各項學習與合作。交流過程中，饒、高、吳3人一同體驗風土吧台「嚐一口台東」。高虹安讚許台東善用地方特色將文化、觀光與農業融入城市策展，經驗相當值得新竹借鏡。吳秀華致贈高虹安排灣族的琉璃珠作品「光耀・庇佑」，希望將台東珍貴的原住民族文化送給高虹安市長，也象徵台東對來訪貴賓的祝福。請繼續往下閱讀...高虹安表示，此次參訪看見台東善用既有場域與地方特色，將文化、觀光、農業及民眾參與融入城市策展，尤其「未來超市」以貼近日常生活的方式呈現土地與產業，對新竹推動城市行銷、跨局處合作及地方產業發展，都具有值得借鏡的地方。參訪過程中，高虹安特別關心吳秀華近期面臨的新聞事件，並分享自身處理司法案件與政治攻防的經驗為其打氣，鼓勵她堅守為民服務的初衷；縣長饒慶鈴也呼籲外界給予時間驗證真相，勿隨之起舞，共同維護台東的穩定發展。針對近期不斷升溫的政治攻防與司法討論，吳秀華呼籲，司法作為國家公平正義的最後一道防線，絕不應成為政治介入的工具或攻防手段。她強調，任何案件皆應回歸司法專業，依法調查、勿枉勿縱，透過證據說明事實，落實「司法歸司法、政治歸政治」，才能建立社會大眾對制度的信任與尊重。    ,https://news.ltn.com.tw/news/politics/breakingnews/5536086
李四川永安市場掃街人氣旺 祖孫溫馨合影、90歲阿嬤送祝福,政治,2026/08/11 16:33,國民黨新北市長參選人李四川到永安市場拜票，與民眾熱情互動。（記者翁聿煌攝）國民黨新北市長參選人李四川11日馬不停蹄展開「市場逗陣行」，一早即前往永和永安公有零售市場，向攤商及採買民眾問候致意，沿途許多攤商送上吉祥物，民眾也紛紛拿出手機與李四川自拍合影，展現李四川走訪基層的超高人氣。永安公有零售市場自治會代表在市場門口歡迎李四川，致贈好彩頭，許多店家並送上包子、蒜苗，象徵「包中」、「凍蒜」，李四川緊握每雙手，感謝每份支持的力量，立委林德福、新北市議會副議長陳鴻源、新北市議員參選人陳以樂以及店街里長王訢人、永安里里長陳欽宗並到場陪同，台北市議員張斯綱也前來為李四川加油打氣，展現地方高人氣與團結力挺氣勢。請繼續往下閱讀...一名90多歲的水果攤阿嬤向李四川獻上祝福，期盼李四川當選市長、為民服務，讓他相當感動，許多民眾和攤商更高呼「市長加油」，「凍蒜」聲不絕於耳。李四川表示，感謝永和在地里長與鄉親對他的熱情支持，他也提到，過去曾與地方攜手推動永和國光路箱涵工程，改善當地淹水問題；未來他也承諾，將針對老舊社區加速都市更新，提升居住安全，並推動中和光復線，串聯中永和地區至公館，透過大眾運輸改善塞車狀況，減少市民通勤時間。國民黨新北市長參選人李四川到永安市場拜票，爭取支持。（記者翁聿煌攝）    ,https://news.ltn.com.tw/news/politics/breakingnews/5536084
國民黨台東縣選舉提名及核准名單公布 村里長33人、代表37人,政治,2026/08/11 16:31,國民黨台東縣黨部主委吳秀華說，五合一選舉提名作業完成，全力打選戰。（記者黃明堂攝）國民黨台東縣黨部完成115年台東縣各鄉鎮市民代表暨村里長選舉黨內提名作業，今天公布提名及核准名單，鄉鎮市民代表部分核定提名37人參選；村里長部分核定提名27人及核准6人參選。國民黨台東縣各鄉鎮市民代表選舉提名名單如下：台東市第一選區洪瑞隆；第二選區陳俊宏、邱忠敏、陳建廷；第三選區陳國民、張品澤、陳孟伸；第四選區杜秀卿；第五選區林志龍、潘調志；卑南鄉第一選區吳昇和、陳鳳英、李俊賢、曾能健；第三選區田明元、黃學臺、吳楊平南；延平鄉第一選區王胡月麗、邱仁雄；第二選區邱宏仁、余進坤；成功鎮第一選區查道晴；第二選區陳文俊、賴蘋妹；長濱鄉第一選區賴文德、第二選區提名陳金嬌、嚴美玲；鹿野鄉第三選區陽志明、林宜瑾；關山鎮第四選區呂文龍、黃玉英；池上鄉第四選區林阿貴；海端鄉第三選區胡天國；太麻里鄉第四選區陳孫金；金峰鄉第一選區楊中暉；第二選區許政輝、賴念榮。請繼續往下閱讀...國民黨台東縣各鄉鎮市村里長選舉提名（核准）名單如下：台東市中華里楊耀乾、成功里陳惠敏、富岡里曾阿粉、岩灣里易桂美、南榮里鍾秀蜜、仁和里李坤智、卑南里吳建利、馬蘭里林善群、光明里曾淑美、豐年里張瑞武、東海里吳信億、新生里李坤鴻、豐榮里林松柏、豐樂里陳錦坤、豐谷里賴允文、建農里朱莉婷；卑南鄉賓朗村楊過（核准）、李文吉（核准）、初鹿村陳良誌、利嘉村林肯毅；延平鄉紅葉村胡金生、鸞山村邱振華；成功鎮和平里陳立智、長濱鄉長濱村葉明華（核准）、太麻里鄉金崙村謝秀花（核准）、馮源山（核准）；金峰鄉嘉蘭村陳慧蘭；大武鄉大竹村陳聖明、大鳥村陳定榮；達仁鄉南田村張志信；海端鄉崁頂村邱志強；池上鄉福原村劉亦松（提名）、吳明哲（核准）。台東縣黨部主委吳秀華說，台東縣五合一選舉黨內提名作業都已完成，國民黨將全面啟動輔選動員工作，全力整合黨內力量，集結地方組織與志工團隊，與所有提名同志並肩作戰，共同打一場團結的勝選之戰。    ,https://news.ltn.com.tw/news/politics/breakingnews/5536009
在野質疑陳翠蓮不適任國史館長 張惇涵：不要聽到台灣就反對,政治,2026/08/11 16:30,行政院秘書長張惇涵。（記者塗建榮攝）賴清德總統昨特任台大歷史學系特聘教授陳翠蓮為國史館館長，自9月14日生效。對於在野黨質疑陳翠蓮是否適任，行政院秘書長張惇涵今日受訪時表示，陳翠蓮在台灣史的學術涵養，學界都有目共睹，在野黨不要聽到台灣就反對，也不要聽到研究台灣史的人就覺得不適任。立法院今日下午繼續研商「中華民國115年度中央政府總預算案」，張惇涵會前受訪，媒體詢問，在野黨質疑陳翠蓮曾反對管中閔擔任台大校長，也有學者質疑，陳翠蓮在媒體發表的政論文章具有強烈的特定意識形態。請繼續往下閱讀...張惇涵表示，陳翠蓮曾經擔任過政大台灣史研究所所長、台大歷史系榮譽教授，她在台灣史的學術涵養，學界都有目共睹，在野黨不要聽到台灣就反對，也不要聽到研究台灣史的人就覺得不適任。    ,https://news.ltn.com.tw/news/politics/breakingnews/5536102
徐春鶯當共諜一審判7年 陸委會：破壞民主一定依法嚴懲,政治,2026/08/11 16:29,中配徐春鶯。（資料照）前民眾黨新住民委員會主委、中配徐春鶯來台擔任共諜，涉犯「反滲透法」等罪，今日被法院判刑7年。針對中配擔任共諜，若出獄後繼續對台搞統戰滲透或介選，政府該如何應處？陸委會今日強調，只要從事破壞我國民主憲政秩序及社會安定的活動，相關機關一定依法嚴懲，切勿心存僥倖。徐春鶯1993年嫁到台灣，2000年取得台灣身分證，她雖然已入籍台灣，但同時擁有中華人民共和國國籍，長年擔任「中華兩岸婚姻家庭服務聯盟」負責人，並與中共官員往來頻繁。請繼續往下閱讀...檢調查出，徐春鶯涉與中共民政部海峽婚姻中心主任楊文濤、民革上海市委「祖國和平統一促進會」副主任孫憲長期往來，依兩人指示替民眾黨候選人站台造勢，紅統勢力滲透民眾黨內部，中方屬意人選更排入不分區立委名單。徐春鶯另涉從事地下匯兌及詐貸，被檢方依「反滲透法」、「銀行法」、「刑法」偽造文書、詐欺取財等罪，於今年3月被檢方起訴，今日地院一審判決有罪，合併刑期7年。對此，陸委會表示，政府尊重司法機關審判結果。中國人士來台後，一定要遵守我方法令。只要從事破壞我國民主憲政秩序及社會安定的活動，相關機關一定依法嚴懲，切勿心存僥倖。    ,https://news.ltn.com.tw/news/politics/breakingnews/5536120
敬老金「翻倍」！集集鎮長吳大村遭批拚選舉 對手陳紀衡這樣說,政治,2026/08/11 16:28,南投集集鎮今年敬老禮金從1000元翻倍變2000元，集集鎮長吳大村強調是社福政策延續，跟選舉無關。（記者劉濱銓攝）南投縣集集鎮今年重陽敬老禮金加碼至2000元（原本1000元），禮金突「翻倍」被質疑是撒錢拚選舉，對此，國民黨集集鎮長吳大村表示，為照顧老人與考量通膨才會加碼，跟選舉無關；民進黨集集鎮長參選人陳紀衡則說，若財政允許是可增加社福預算，不過長遠來看仍需著重全鎮行銷，才能永續地方發展。集集鎮公所3年前把重陽禮金從300元變1000元，生育補助還從5000元變2萬元，去年還推出入籍禮金5000元，今年更全鎮普發現金慰助600元，如今選前重陽禮金再翻倍變2000元，就被民眾批評是選舉考量。請繼續往下閱讀...吳大村回應，重陽禮金加碼是社福政策的延續，與選舉無關，由於他上任後公所財政改善，現在不僅沒負債，鎮庫還有餘裕，考量現今物價通膨，以及長輩大多捨不得花錢，盼透過敬老金加碼照顧老人，也減輕年輕人壓力。對於對手祭出社福牛肉，陳紀衡指出，有競爭才有進步，不會覺得有壓力，未來若當選，公所財政允許仍可繼續編列，不過發錢並非長久之道，認為公所也應把資源放在全鎮行銷，結合在地觀光、運動、宗教活動，號召鎮民、業者參與響應，打造集集品牌，藉此吸引外地遊客參加，帶動觀光小城發展。南投集集鎮敬老禮金，今年翻倍變2000元，民進黨集集鎮長參選人陳紀衡認為，財政允許是可增加社福，長遠則要著重全鎮行銷。（記者劉濱銓攝）    ,https://news.ltn.com.tw/news/politics/breakingnews/5536106
問題油品案石崇良請辭扛責？張惇涵：把制度做好把關食安才是重點,政治,2026/08/11 16:28,行政院秘書長張惇涵11日出席115年度中央政府總預算案朝野協商，會前受訪。（記者塗建榮攝）中聯油脂食用油苯駢芘超標事件延燒，外界關注衛福部長石崇良是否請辭，行政院秘書長張惇涵今日表示，該究責就究責，該修法就修法，《食安法》行政院已經送到立法院，朝野坐下來，中央地方坐下來，好好把制度做好，共同為國人的食安把關，才是真正的重點跟焦點。立法院今日下午繼續研商「中華民國115年度中央政府總預算案」，張惇涵會前受訪，媒體詢問，台糖是不是應該是知道有苯駢芘這個問題的？另外，衛福部長有沒有可能辭職，職位有沒有可能異動？請繼續往下閱讀...張惇涵表示，食安這次的問題很清楚，問題在中聯，把責任推給台糖是轉移焦點，這一次的食安問題也很清楚，依照《食安法》，中央地方各自有各自的分工、各自有各自的責任，中央從來沒有推卸過自己的責任，我們也看到很多地方政府甩鍋中央，這個才是轉移焦點。張惇涵指出，7月4日的專家會議，許多人提出了不同的意見，最終衛福部跟食藥署做成了20%成分要下架的決定。隨後，7月7日也考量第一線執法人員、考量消費者不容易辨識，所以石崇良也宣布了全面下架的決定。張惇涵表示，真正的焦點在於油在中聯、油是中聯，中聯的油就不是台糖的油。回到現在該究責就究責，該修法就修法，《食安法》行政院已經送到立法院，朝野坐下來，中央地方坐下來，好好把制度做好，共同為國人的食安把關，才是真正的重點跟焦點。    ,https://news.ltn.com.tw/news/politics/breakingnews/5536085
公器私用？拿河智媛代言照片選舉宣傳 游淑貞團隊：支持者AI合成,政治,2026/08/11 16:24,雖然游淑貞競選團隊說，這張政治獻金宣傳海報不是官方發布，但已經被網友截圖，抨擊游淑貞公器私用。（網路截圖）吉安鄉公所7日舉辦「山海共鳴．族音流轉」原住民族聯合豐年節記者會，邀請啦啦隊女神河智媛擔任代言人惹議，今天又有新狀況，河智媛與國民黨籍吉安鄉長游淑貞的合照，竟成為游淑貞參選花蓮縣長政治獻金海報宣傳照，遭批「公器私用」！對此，游淑貞團隊說，圖片是支持者自行AI合成，並非官方發布的宣傳海報。「游淑貞與您一起榮耀洄瀾」、「距離11月28日投票日剩下109天」，海報上寫著游淑貞的政治獻金捐款帳號，主圖還是游淑貞與韓國啦啦隊女神河智媛的合照，2人都身穿阿美族服裝。請繼續往下閱讀...原來，吉安鄉公所預計9月15日舉辦「吉安鄉聯合豐年節」，邀請河智媛擔任代言人及「阿美親善公主」，鄉公所7日到台北開記者會，引爆各界批評河智媛不了解、不尊重原住民文化。吉安鄉長游淑貞參選年底花蓮縣長選舉，被視為「傅崐萁接班人」，貼文一出馬上被網友罵翻，怎麼會拿鄉公所活動聘請的代言人來做選舉海報，根本是公器私用！雖然粉絲頁急忙刪文，但花蓮縣議員參選人陳財能今天抨擊，游淑貞等於公然拿公款聘請、擔任鄉公所活動宣傳的啦啦隊明星，當成自己的選舉募款宣傳照，已涉嫌貪污圖利自己，要求檢調偵辦。對此，游淑貞競選團隊今天劃清界線說，今天早上貼出宣傳海報的粉絲頁，並非官方的粉絲專頁，而是支持者自行成立的粉絲頁，由於已經有地方網路媒體錯誤引用，上午團隊發現後立即向該名支持者聯絡，說明合照照片並未授權鄉長個人選舉使用。游團隊指出，對方表示海報是自行以網路新聞照片進行AI製圖合成，團隊已經請對方刪文下架，也請各界以游淑貞官方團隊發布的海報及宣傳資料為準。吉安鄉公所預計9月15日在吉安鄉運動休閒園區舉辦聯合豐年節，邀請河智媛當親善公主，同一張照片被拿來做政治獻金海報，再度引起爭議。（吉安鄉公所提供）    ,https://news.ltn.com.tw/news/politics/breakingnews/5535998
中市議員質疑顏迺倫住處遭搜索有政治力介入  法制局：檢舉人已在中央高升,政治,2026/08/11 16:21,國民黨市議員張廖乃綸質疑檢調此時機搜索前市府秘書處長等人住處，令人懷疑有政治力介入。（記者蘇金鳳攝）台中市政府驚爆遭檢調搜索查勞務採購洩密案，國民黨市議員張廖乃綸今天在市議會質疑檢調此時大動作的時機啟人疑竇，而且檢舉人已離開中市府了嗎？傳出已在中央被重用；法制局長李善植表示，檢舉人資料不能提供，但這個檢舉人不斷放話是他檢舉，若真是此人，已確定在中央升官且職等顯著調整。台中檢調搜索查市府一件勞務採購洩密案，前台中市府祕書處長、市府參議顏迺倫，以及昨天已請辭的前台北市發言人、當時擔任台中市長盧秀燕秘書的李政軒等人住處遭搜索，兩人交保，此案已在台中政壇丟下一顆震撼彈。請繼續往下閱讀...市議員張廖乃綸今天下午市議會指出，這個案子2020年時發生，她詢問法制局長李善植，聽說這個案子，每一年都有人檢舉，每一年都有查辦。李善植表示，至少這5年至少3次來函來市府調資料，而且是不同年度。張廖乃綸再詢問，這位檢舉人已檢舉了5、6年，此人還在台中市政府？李善植則表示，檢舉人資料不能提供，但此人到處放話有在檢舉，因此合理懷疑這個人曾市府任職，但這個人目前沒有在市政府任職，據他所知，這個檢舉人離開市府以後到中央升官，職等顯著調整。張廖乃綸質疑，檢調為何在此時間大動作搜索，讓人懷疑政治力介入，而且她聽說這位檢舉人，在台北被他黨重用，已在中央升官。法制局長李善植表示，檢舉人已在中央升官。（記者蘇金鳳攝）    ,https://news.ltn.com.tw/news/politics/breakingnews/5535991
中國襲擾不斷！「澄波號」雙艦下水 專家：築起海底電纜防禦網,政治,2026/08/11 16:16,總統賴清德今赴高雄出席海洋基礎資料調查船「澄波 NO.101」、「澄波 NO.102」下水典禮。（圖由總統府提供）總統賴清德今赴高雄出席海洋基礎資料調查船「澄波 NO.101」、「澄波 NO.102」下水典禮。1名海洋調查專家受訪分析，新船登場象徵台灣將「競逐太空、探索海洋」的國家願景，逐步落實為海洋調查船隊、科研人才、資料平台及治理制度，未來搭配4000噸級大洋綜合型調查船，不僅捍衛海洋「知識主權」，更能為離岸風電、海底電纜築起科學防禦網。據了解，此次下水的2艘調查船依海域特性及科研需求分工，100噸級的「澄波 NO.101」長約35公尺，主要執行沿近岸水質、菌種、生態及生物多樣性採樣，是最接近海岸的「海洋健檢船」；300噸級的「澄波 NO.102」長約40公尺，具備動態定位能力，主要執行淺海、離島、海床地形、水文及底質調查，是能前往較遠海域的「海上行動實驗室」，未來搭配4000噸級大洋綜合型調查船，台灣將形成完整調查梯隊，長期、系統性掌握周邊海域的環境變化。請繼續往下閱讀...海調專家分析，國家韌性不只在於軍事防衛，也包括自主掌握海域環境、天然災害、海洋資源及關鍵基礎設施的能力。2艘調查船下水具備以下3大意義：第一、落實「探索海洋」國家願景，代表海洋政策從理念宣示進入建構實質能力的新階段，政府不只打造船舶，更同步規劃科研人才、資料平台及治理制度，逐步建立國家級海洋調查體系，讓台灣具備從沿岸走向大洋的完整科研能量。第二、建立海洋知識主權與國家韌性，持續蒐集台灣周邊海域的水文、生態、海床地形及環境資料，讓重要資訊由台灣自己調查、自己累積、自己掌握。面對極端氣候、海岸災害及區域情勢變化，自主、長期且可信賴的海洋資料，是科學治理、國家決策及關鍵基礎設施安全的重要根基。第三、讓海洋科研服務人民與產業，相關成果可運用於海底斷層及地質風險調查、颱風與海象研究、海岸侵蝕與氣候調適、生物多樣性監測、漁業管理、海洋保育、離岸風電及海底電纜風險評估。每一筆海洋資料，最終都要回到人民安全、產業發展與下一代的環境。海洋委員會主委管碧玲致詞提到，近年中國科研船、調查船頻繁出現台灣周邊海域，進行帶有襲擾性質的海域探測與資料收集，面對這樣的情勢，「自己的海、自己調查，自己的資料、自己掌握，自己的海洋、自己要比任何人更了解」，地形、水文、洋流及長期累積的海洋資料，平時是海洋科學研究的基礎，面對安全挑戰時，更是國家掌握海洋情勢的重要基底。    ,https://news.ltn.com.tw/news/politics/breakingnews/5536069
親信涉採購洩密遭限制出境！王義川怒轟盧秀燕說明清楚,政治,2026/08/11 16:13,台中市長盧秀燕。（記者蔡淑媛攝）台中市政府驚爆勞務採購洩密案，台中地檢署本月6日前往台中市政府秘書處和現任市府參事顏迺倫、秘書處主任秘書黃雅希、國際事務科科長洪隆益及曾任台北市政府發言人李政軒（當時為盧秀燕秘書）等人的住處執行搜索後，認4人涉嫌洩密罪嫌重大，其中顏迺倫、李政軒2人並分別諭知新台幣15萬元、30萬元交保及限制出境、出海。對此，立委王義川直言，盧秀燕作為市府首長絕對有責任向社會大眾說清楚講明白。王義川今日發文指出，盧秀燕在2018年選上台中市長，從台北帶下去的2位親信就是顏迺倫和李政軒。如今2位親信涉採購弊案成為被告，台中市政府被搜索，2位親信皆被限制出境。請繼續往下閱讀...王義川說，「涉及的標案是顏迺倫祕書處的案子，可是在台中市政府擔任過劉彥澧的祕書、盧市長祕書、研究員的李政軒怎麼會跟祕書處標案有關？也沒有擔任評選委員？局處又不對？關他什麼事？怪怪的！」王義川進一步酸說，「顏迺倫也沒當評選委員，他又做了什麼事？這案盧秀燕恐怕要說明了！不過，盧秀燕今天很開心的說他自己『慧眼獨具，和蔣萬安是一組的』！」網友看到貼文後相繼留言，有人說「見過不要臉的，這般無恥不要臉的，真的少見，還想酸宗痛……無恥至極」、「柯文哲：貪腐來自縱容，長官不可能不知道！」、「盧秀不驗一直都是睜眼說瞎話」。     在 Threads 查看中市府驚爆4人採購洩密2人交保 時任盧秀燕祕書李政軒也涉案中市府涉洩密遭搜索質疑辦案時機 中檢回應了「盧蔣體制」成形？ 盧秀燕親口曝與蔣萬安「仝組的」    ,https://news.ltn.com.tw/news/politics/breakingnews/5535963
「澄波號」海調船2027年服役 全海域基礎調查跨出第一步,政治,2026/08/11 16:12,總統賴清德與來賓在澄波號海調船前合影。（國海院提供）台船承造海洋委員會國家海洋研究院100噸級與300噸級海洋基礎資料調查船，總統賴清德今（11日）主持命名暨下水儀式。台船表示，此兩型船預計2027年第2季交船，新建造的調查船服役後，將透過配賦調查儀器設備提升我國海洋研究效率。鑒於國內研究調查船舶量能不足，國海院於2024年委託台船建造100噸級「澄波NO.101」與300噸級「澄波NO.102」海洋基礎資料調查船各1艘，該案於2024年12月31日舉辦開工典禮；2025年12月22日舉辦安放龍骨典禮。請繼續往下閱讀...台船董事長陳政宏表示，兩艘海調船除了做為常態性研究調查的交通工具，也強化海洋生態及近海探測任務，船上除了各式儀器設備，船上還有各種實驗室及儀控式，可以提供樣本收納及研究環境，可以在海上做即時分析、處理、計算及保存。台船指出，100噸級「澄波NO.101」船長35公尺、船寬7.5公尺、船深3.7公尺，船體採船身鋼質，上構鋁合金設計，推進系統具備低轉速運作能力，且為複合推進動力模式驅動左右舷推進軸及螺槳，作業船速時以電動馬，達經減速機驅動螺槳；全速航行時則以推進用柴油主機，經減速機驅動螺槳。300噸級「澄波NO.102」船長40公尺、船寬9公尺、船深3.7公尺，船體材質設計同100噸級。該船可使用動態定位系統操控舵、螺槳與側推進器，駕駛室內的後操控站可供人員面向船艉操船，大幅提升船舶操作性能。「澄波NO.101」將執行海洋生態與保育相關調查的樣本收集工作。「澄波NO.102」將執行淺海與離島探測調查任務。此兩型船均配有與其任務相應的調查儀器設備，包括：「淺海多波束聲納」或「單波束聲納」、「甲板機械」、「溫鹽深儀」與「輪盤採水器」等。國海院新建海洋基礎資料調查船以台灣畫家陳澄波命名。（記者洪臣宏攝）陳澄波的孫女陳麗涓（前左）與國海院院長陳璋玲（前右）共同擲瓶祝福。（國海院提供）    ,https://news.ltn.com.tw/news/politics/breakingnews/5536021
政院不副署藍白未來帳戶？張惇涵：一定會合法合憲,政治,2026/08/11 16:09,行政院秘書長張惇涵11日出席115年度中央政府總預算案朝野協商，會前受訪。（記者塗建榮攝）立法院日前通過「台灣兒少成長及未來帳戶條例」，不過，明年度總預算是依照賴總統提出的「台灣人口對策新戰略」來編列預算，被問到是否不副署？行政院秘書長張惇涵今日表示，立法院透過這樣的修法，大幅度的增加行政院的支出，恐怕有違憲之虞。行政院一定會合法合憲，時間到了就會按照《憲法》賦予的權力，做出最後的決定。立法院今日下午繼續研商「中華民國115年度中央政府總預算案」，張惇涵會前受訪，對於立法院日前通過「台灣兒少成長及未來帳戶條例」，行政院是否「不副署」或釋憲，張惇涵表示，依照《憲法》跟《預算法》的規定，行政院編列預算，立法院審議預算，而且立法院不得做出增加支出的決定，所以立法院透過這樣的修法，大幅度的增加行政院的支出，恐怕有違憲之虞。請繼續往下閱讀...張惇涵指出，立法院在野黨通過的版本，開放讓民眾甚至是雇主自行提撥到成長的專戶裡面，這個恐怕會造成「貧者愈貧、富者愈富」不公平的狀況；而行政院的成長津貼，再加上弱勢兒少教育發展專戶，是一個全面的配套，能夠在保底每一個小朋友0到18歲108萬的同時，也兼顧弱勢家庭未來成長的發展。他強調，行政院一定會合法合憲，時間到了就會按照《憲法》賦予的權力，做出最後的決定。    ,https://news.ltn.com.tw/news/politics/breakingnews/5536035
戴瑋姍稱抓到隱匿財產「退選吧」 李四川競辦：若有疏失願依規辦理,政治,2026/08/11 16:07,戴瑋姍在臉書出示國民黨新北市長參選人李四川今年的公務人員財產申報，存款申報2133萬元。（圖擷取自「戴瑋姍」臉書）民進黨新北市議員戴瑋姍稱抓到國民黨新北市長參選人李四川隱匿財產，她出示監察院最新公務員財產申報，對比今年、去年，發現李時隔5個月，存款、貸款金額都一樣，財產沒有任何增減，「依照藍白的標準，李四川還是退選吧」；李四川競選辦公室回應，李今年3月自台北市府離職，並依規定進行離職財產申報，委由同仁申報過程中，如果有任何不符規定，甚至有疏失，願意配合規定辦理。戴瑋姍在個人臉書出示監察院今天出爐的公務人員財產申報，對比李四川上次的財產申報，她說，李四川在去年11月1日從台北市副市長辭職前，存款申報2133萬元、貸款剩1932萬元，時隔5個月，李四川在今年3月10日申報的財產，存款申報一樣是2133萬元、貸款一樣剩1932萬元。請繼續往下閱讀...「5個月沒有增減任何財產？」戴瑋姍質疑，辭職後沒有薪水，原來選舉不用錢？貸款一毛錢也沒還？李四川過去不是曾經可以一年還800萬貸款、還存款400多萬嗎？他到現在連豪宅的頭期款來源都還說不清楚，一下子薪水、一下子股利、一下子又說交屋後漏水可以延後繳。說法變來變去，現在又多一條隱匿財產，竟然把謊報責任丟給「同仁」，只丟一句「有疏失，願意配合規定辦理」就想呼嚨過去，她說，依照藍白的標準，李四川還是退選吧。戴瑋姍在臉書出示國民黨新北市長參選人李四川今年的公務人員財產申報，貸款1932萬元。（圖擷取自「戴瑋姍」臉書）戴瑋姍在臉書出示國民黨新北市長參選人李四川去年的公務人員財產申報，存款申報2133萬元。（圖擷取自「戴瑋姍」臉書）戴瑋姍在臉書出示國民黨新北市長參選人李四川去年的公務人員財產申報，貸款1932萬元。（圖擷取自「戴瑋姍」臉書）    ,https://news.ltn.com.tw/news/politics/breakingnews/5536071
李政軒涉洩密案請辭 北市府：偵查不公開無從說明,政治,2026/08/11 16:07,前台北市政府發言人李政軒因涉洩密案請辭。（資料照，台北市政府提供）台北市政府前發言人李政軒10日以個人生涯規劃請辭獲准，今（11）傳出他之前任職台中市政府秘書處時涉勞務採購洩密案，以30萬元交保。時機巧合，引起外界質疑市府是否知情？北市府表示，李政軒配合檢調調查至8月7日，當日返回台北後即主動請辭並獲准。因是6年前案件，且偵查不公開，市府無從主動就案情對外說明。民進黨籍議員許淑華說，台中地檢署8月6日搜索台中市府秘書處。李政軒8月10日就被北市府以新聞稿宣布請辭獲准，理由是「個人生涯規劃」。8月11 日案情曝光，外界才得知李政軒被請辭的真正原因。質疑台北市長蔣萬安不知道李政軒涉洩密案嗎？若不知情，代表市府對人事與危機的掌握完全失靈；若知情卻以「個人生涯規劃」帶過，就是主動對市民隱瞞，都無法讓人接受。請繼續往下閱讀...民進黨籍議員簡舒培也質疑，一個市府發言人遭搜索、交保，市長竟然毫不知情？更重要的是，李政軒任職台中市府期間因疑似洩密案遭檢調偵辦，那麼他到了台北市政府後呢？北市府表示，李政軒配合檢調調查至8月7日，當日返回台北後即主動請辭並獲准。該案涉及他6年前任職台中期間的事，且偵查不公開，市府無從主動就案情對外說明。呼籲檢調勿枉勿縱，同時若查無不法，應儘速還給當事人應有的清白。    ,https://news.ltn.com.tw/news/politics/breakingnews/5536040
韓國瑜怒轟傅崐萁「辭掉總召」林俊憲：辭職回去當花蓮王,政治,2026/08/11 15:59,國民黨團總召傅崐萁。（資料照）。立法院今日下午繼續協商今年度中央政府總預算案，面對國民黨團總召傅崐萁連續缺席五次協商，今日又未授權給黨團書記長林沛祥，立法院長韓國瑜怒轟，傅崐萁可以選擇辭掉總召，總召不幹不是比較輕鬆嗎？民進黨立委林俊憲今直呼：「說真的，我沒想到會有這一天，韓院長終於有點院長的樣子了。」林俊憲指出，剛剛立法院在朝野協商，三黨幹部幾乎到齊，唯獨少一位傅崐萁總召。韓院長詢問國民黨團書記長林沛祥，黨團協商簽字算不算數？大家才發現，原來他根本沒拿到傅崐萁的授權。韓院長當場大罵傅崐萁是「慈禧太后垂簾聽政」，並開示他三條路：要嘛人來、要嘛授權、要嘛辭職。請繼續往下閱讀...「我完全可以理解韓院長的心情！」林俊憲續指，這已經是第三輪總預算朝野協商，整整一下午被困在台上，看著藍白亂刪、亂凍預算，也聽著行政院各部會苦口婆心，協商來、協商去，最後還不是要進院會表決。林俊憲認為，韓國瑜當然不開心啦，憑什麼他要認真上班，傅總召可以躲起來當大爺。不過，傅崐萁被罵，好看歸好看，但韓院長難得大發雷霆，除了警告傅崐萁，也是宣示他能中立主持大局，顯然已經在測試自己的手感與影響力，心裡想的恐怕遠不止這座議事台。至於傅總召，林俊憲喊話，還是奉勸一句，既然認為立法院協商不重要，倒不如聽韓院長的話，乾脆辭職回去當花蓮王，套一句韓院長的話，看傅崐萁是得了「權力中毒症」沒救了啦。    ,https://news.ltn.com.tw/news/politics/breakingnews/5536051
「台灣最大威脅是立法院通敵走狗」？本報記者實地走訪卻發現驗「DNA」,政治,2026/08/11 15:59,歌手徐小花今在臉書分享布條照「台灣最大的威脅 不是敵人 是在立法院的通敵走狗」，引發網友熱烈討論。（取自「徐小花Hana Hsu」臉書）首次上稿14:18更新時間15:59歌手徐小花今天在臉書PO照發文，指在台北車站附近大樓外牆掛出布條「台灣最大的威脅 不是敵人 是在立法院的通敵走狗」，引發網友熱烈討論，留言數逾650則，但也有網友質疑布條是AI製圖，經記者實地勘查，發現現場並沒有這幅布條，而是另外一幅。經常評論時事的網紅歌手徐小花上午在臉書分享布條照，發文表示「早安朋友，給大家看看台北車站的布條！不能更同意了，就是藍白共。」引發網友共鳴，有網友留言「說的完全正確」、「認同，太棒了，全台灣人民的心聲」、「事實真是如此阿」、「立法院內匪諜可真多！」；不過，也有網友說「這AI我已看過多次，只是標語內容不同」，遭其他網友反駁「那不是AI，因為我每天都經過」、「經費被刪除沒辦法了」。請繼續往下閱讀...記者今天中午實地走訪這棟位於忠孝西路、中山南路口的大樓，發現該棟大樓外牆並沒有這幅直式布條，只有台灣國掛了一幅「陳峻涵選北市長？蔣萬安驗NDA」橫式布條。本報記者今天中午實地走訪，並未發現該幅布條。（記者塗建榮攝）記者實地走訪未見該幅布條，僅有台灣國掛著「陳峻涵選台北市長？蔣萬安驗DNA」布條。（記者塗建榮攝）記者今天中午實地走訪這棟位於忠孝西路、中山南路口的大樓，未見徐小花PO文的布條。（記者塗建榮攝）    ,https://news.ltn.com.tw/news/politics/breakingnews/5535779
涉洩密案後馬郁雯再爆李政軒曾待統戰機構  洪秀柱喊他「小寶貝」,政治,2026/08/11 15:52,北市府前發言人李政軒。（資料照）台北市政府昨天突然宣布，發言人李政軒因個人生涯規劃請辭獲准，今天隨即爆出台中市政府勞務採購洩密案，時任市長盧秀燕秘書李政軒30萬元交保。民進黨籍台北市議員參選人馬郁雯再爆，他還曾於「中共統戰機構旗下」任職，「在台北市長蔣萬安的身旁，竟然有個曾在統戰機構的人來擔任發言人，這是多恐怖的事。」至截稿前，李電話未接、訊息未讀也未回。馬郁雯表示，李政軒不只涉及台中市政府秘書處的勞務採購洩密案，還曾於「中共統戰機構旗下」任職半年，10年前大三的他至中國清華大學交換，並在北京創業公社台灣專區實習，後來擔任台灣專區負責人特助，對外則以「育成中心」稱呼創業公社。請繼續往下閱讀...實際上，「創業公社」會提供台灣創業團隊三個月免費辦公場地，還可享有創業公社相關協助，該「驛站」由創業公社台灣青年員工策劃，創業公社並與北京市台資企業協會合辦兩岸青年築夢北京活動，由中國國台辦經濟局、北京市台辦等單位共同指導，合理懷疑是以「青年創業」包裝的「統戰機構」。馬郁雯指出，周刊同一年就以「中國國台辦史上最大商業契作」為題，深度報導中國青創基地，內文寫到「這將是兩岸史上規模最大的契作案。這次，中國要收買的是台灣年輕人，占台灣總人口的31％，這740萬人，也是台灣最中堅的力量」、「源自中國國務院的「雙創」政策，一筆為數人民幣400億（約新台幣2000億元）的創業基金對想創業的台青，發出邀請；政策執行單位是國台辦，負責動員各中國各地方政府」、「說白了就是統戰」。馬郁雯說，李政軒統戰機構擔任北京創業公社台灣專區負責人的特助，連前國民黨主席洪秀柱赴中也由他接待，媒體報導洪更在致詞時稱呼李政軒「小寶貝」；馬認為，「李政軒他不是被統戰對象，而是協助統戰的台灣人。」推測或許李得知勞務採購洩密案即將東窗事發，只好火速請辭，不過真正最大的問題是，「在台北市長蔣萬安的身旁，竟然有個曾在統戰機構的人來擔任發言人，這是多恐怖的事！」    ,https://news.ltn.com.tw/news/politics/breakingnews/5535965
盧秀燕才稱跟蔣萬安「同組的」 綠營諷洩密案也同組的,政治,2026/08/11 15:48,時任台中市長盧秀燕秘書的李政軒也是前台北市發言人。（資料照）台中市政府驚傳遭檢調搜索調查勞務採購洩密案，包括前台中市府祕書處長、市府參議顏迺倫，以及當時擔任台中市長盧秀燕秘書的李政軒（前台北市發言人，昨辭職）交保；盧秀燕今早稱她跟台北市長蔣萬安姊弟情深，是「同組的」，多名民進黨市議員諷，盧秀燕核心親信流通給蔣萬安，洩密涉案也「同組的」，但在台北服務的李政軒已辭職，台中面對司法標準卻不同，更懷疑不是個案，而是系統性問題，要求全面清查盧市府相關採購涉洩密情況。台中市祕書處長謝佳蓁指出，市府初步調查當年辦理青年模擬聯合國會議採購案採購金額155萬，均有依採購規定辦理；人事處則指出，因案件檢調查中，會配合調查結果依公務員有考績法規定辦理；台中市政風處另指出，配合檢方偵辦，後續依偵辦結果做內部行政調查。請繼續往下閱讀...市議員謝志忠指出，李政軒2018年在當年擔任立委的盧秀燕委員辦公室實習，盧秀燕當選台中市長後成市長室祕書，後兼祕書處、研考會祕書，2023去台北市擔任副發言人，直到昨天請辭，顏迺倫也是曾在盧委員辦公室，2018年以26歲之姿出任市府祕書處長，直到2022年轉任參議迄今，盧秀燕的核心幕僚同列洩密被告。謝志忠說，今天盧秀燕才大談自己跟蔣萬安是「同組的」，結果重要親信台中、台北流通也同時涉案，如今李政軒已辭職下台，台中面對司法標準不一致。議員黃守達也質疑，李政軒當年是工策會兼市長室祕書有何權限，他懷疑不是個案、是系統性問題，要求盧市府清查相關採購涉洩密情況。議員周永鴻也要求，盧市府政風處立即清查本案行政流程與內部責任；市議員張家銨則指出，市府6年來對盧秀燕的左右手查不出任何問題，根本不想罰自己人，才讓檢調出手，要求顏迺倫應迴避公務。    ,https://news.ltn.com.tw/news/politics/breakingnews/5535959
中國稱颱風交管台海船舶  美國務院：反對干擾公海航行自由,政治,2026/08/11 15:47,中國海事局6日公告，受到颱風白海豚影響，對經過台灣海峽南口北上船舶實施交通管制。（圖擷取自中國央視網）中國海事局上週公告，受到颱風白海豚影響，對經過台灣海峽南口北上船舶實施交通管制。美國國務院10日晚間對此回應表示，反對任何干擾台灣海峽適用之公海航行與飛越自由的行為。中國對台灰色地帶侵擾不斷之際，海事局官網上週公告，由於颱風白海豚對台灣海峽及周邊海域的影響，廣東海事局決定對經過台灣海峽南口北上船舶實施交通管制，各船舶必須聽從現場海事管理機構指揮。請繼續往下閱讀...台灣海巡署7日表示，台灣海峽為國際水域，依聯合國海洋法公約等國際規範，領海範圍外均適用國際法的公海航行自由原則，中國無任何權利對此水域實施管制。陸委會也批評，中共假借颱風名義聲稱管制相關海域，違反國際規範。中央社記者上週去信詢問美國國務院回應，國務院一名發言人10日晚間以背景方式回覆表示，「美國反對任何干擾台灣海峽適用之公海航行與飛越自由的行為」。在此之前，中國海警7月底又稱在台灣以東海域展開常態化執法巡查。美國國務院當時表示，持續關切中國舉措，並說台灣和平管轄相關海域已超過70年，中國對此海域主張管轄權只會加劇緊張局勢，呼籲停止對台施壓。中國海警對台侵擾行為不斷，除了出沒台灣東部海域，也不時侵擾金門水域。    ,https://news.ltn.com.tw/news/politics/breakingnews/5535838
童子瑋暖暖後援會成立  三分之二里長相挺,政治,2026/08/11 15:42,民進黨基隆市長參選人童子瑋（右二）成立暖暖後援會，會長林煌輝（左一）副會長劉永安（左二）等送上蒜頭，祝他凍選。（記者盧賢秀攝）民進黨基隆市長參選人童子瑋今天成立暖暖後援總會，童子瑋表示，他從決定投入政治的第一天開始，初衷就只有一個，就是改變基隆，未來希望把城市的生活品質、交通與產業做起來，讓基隆人重新找回對家鄉的驕傲。基隆暖暖後援會總會長林煌輝、副總會長劉永安、暖暖街後援會會長王文淵號召，前基隆市議長黃景泰及多位地方里長及地方人士相挺。請繼續往下閱讀...童子瑋表示，他看過基隆港最繁華的年代，也看著城市面對人口外移、產業流失與發展停滯。基隆曾經因港而興，這幾年也透過軍港西遷、國門廣場及港區開放，重新讓市民看見基隆的美。接下來更要透過港市合作、中央重大建設、交通改善及產業發展，讓城市重新找回前進的動力。童子瑋指出，現在基隆最需要的，就是重新讓大家看見這座城市的希望，他不是為了選舉才談改變，而是因為想改變基隆，才選擇走上這條路。未來希望把城市的生活品質、交通與產業做起來，讓基隆人重新找回對家鄉的驕傲。總會長林煌輝表示，他長期在地方服務，看著童子瑋一路從議員、議長至今承擔更大的責任，始終認真打拚、勤走基層，是一位「最骨力、最努力、最接地氣」的民意代表。他相信基隆現在需要的，就是一個真正願意做事、願意承擔，有能力帶著大家一起改變的人，暖暖區13位里長中有9位到場支持，希望凝聚更多力量支持童子瑋、一起為基隆的未來努力。民進黨基隆市長參選人童子瑋（右二）成立暖暖後援會，童子瑋表示，投入政治的初衷就是改變基隆。（記者盧賢秀攝）民進黨基隆市長參選人童子瑋暖暖後援會成立，吸引許多眾和里長支持。（記者盧賢秀攝）    ,https://news.ltn.com.tw/news/politics/breakingnews/5535952
總預算進入第三輪協商 張惇涵喊話做最好的溝通達成共識,政治,2026/08/11 15:39,行政院秘書長張惇涵。（資料照）立法院今日下午繼續研商「中華民國115年度中央政府總預算案」，行政院秘書長張惇涵會前受訪表示，感謝立法院長韓國瑜相當辛苦，召開第三輪的朝野協商，今天已經是第348天，今年度的預算躺在立法院還沒審完。最後協商的關頭還是希望朝野都能夠理性、冷靜，為今年度的總預算、為國家的發展，做最好的溝通，達成共識，不要讓明年度的預算等今年度的預算。對於國民黨團提案，全數減列「無人載具產業發展統籌型計畫」相關預算442億元。張惇涵表示，上個禮拜第二輪的朝野協商，韓國瑜跟民進黨團總召蔡其昌，分別都講了一段話，讓他非常有感觸。第一個感觸是韓國瑜對在野黨立委說：「今年只剩下4個月了，大幅度的刪凍，是不是再考慮一下？今年度的中央政府總預算，348天還沒審完，明年度的中央政府總預算，最快行政院將在20日提報院會送交立法院審議。除了今年度跟明年度的中央政府總預算，還有今年度的追加預算，行政院即將提出。請繼續往下閱讀...張惇涵說，8月了，今年的預算還沒畢業，明年的預算即將報到，還有今年的追加預算在門口候補。韓國瑜說只剩下4個月了，是不是再思考一下？第二個感慨是，蔡其昌說，政黨之間彼此立場不同，但是不要挾怨報復、癱瘓政府。這一次總預算的審查，總統府總統的國務機要費編列3000萬全數刪除；行政院業務費一年總共365億，刪除加凍結超過5億，9到12月的業務費全數被刪除；司法院要能夠減輕書記官工作辛苦的資訊費用，編列7900萬，被刪除7000萬；考試院的業務費刪除加凍結，累積超過21%；監察院更是整年度的業務費全數遭到刪除。張惇涵表示，五院在《憲法》有各自的職權、各自的分工，不該是任何一個院獨大、任何一個權獨大，這個不是民主國家的常態，也不是國人所樂見的國會常態。最後關鍵的時刻，還是希望朝野都能夠理性的審議預算，這才是國家社會發展所需要的事情。張惇涵指出，至於無人機條例，前前後後、不分政黨，總共有14個版本在立法院審議當中，法案的名稱不同、立法的主旨不同，甚至編列預算的額度也不同，在委員會當中14案全部保留送朝野協商。既然送朝野協商，立法院朝野政黨是不是應該尊重韓國瑜院長的協商權？在還沒朝野協商之前，國民黨團提案全數刪除今年無人機計畫的所有費用，能否再三思一下？張惇涵表示，14個案子正在立法院審議，為什麼還要一紙提案就刪除今年無人機的預算呢？也看到不分政黨的立委，甚至參選縣市長的立委們，從北到南全部支持無人機預算。國軍最需要無人機的支援跟協助，如果支持國軍，就請支持行政院版的無人機特別條例；如果支持無人機，就不要刪除無人機的預算。最後協商的關頭還是希望朝野都能夠理性、冷靜，為今年度的總預算、為國家的發展，做最好的溝通，達成共識，不要讓明年度的預算等今年度的預算。黨團協商時，張惇涵也當場建議，尊重韓國瑜協商的權限，既然很快就會召集協商，等協商結果再來討論，盼能得到大家的共識與支持，大家一起理性來討論。隨後，韓國瑜宣布休息，並邀集朝野黨團幹部及官員討論，韓國瑜最後裁示，各黨團已經有原則共識，斟酌確認文字之中，未來兩天還要在院會處理之前，要特別拜託各行政單位，跟各黨團及提案委員一定要保持密切的溝通。    ,https://news.ltn.com.tw/news/politics/breakingnews/5535999
駐日內瓦辦事處長被爆霸凌、報假帳、酒駕 外交部：將要求返國調查,政治,2026/08/11 15:31,我國駐日內瓦辦事處處長李冠德遭爆料涉嫌濫用公帑、報假帳、職場霸凌，並曾在瑞士酒駕、超速。（圖擷取自駐瑞士台北經濟文化代表團日內瓦辦事處﻿臉書）我國駐日內瓦辦事處處長李冠德遭爆料涉嫌濫用公帑、報假帳、職場霸凌，並曾在瑞士酒駕、超速。對此，外交部表示，將要求李冠德返國，配合相關調查程序並加速釐清案情。外交部7月底接獲申訴函後，即由相關權責單位分別依程序進行調查處理。外交部表示，由於檢舉事項涉及財務管理、公物使用、資安風險、職場管理及館務運作等不同面向，外交部於7月底接獲申訴函後，即由相關權責單位分別依程序進行調查處理。請繼續往下閱讀...至於涉及職場霸凌之申訴事項，外交部於8月2日經安全及衛生防護委員會審查後受理，並組成以具法律、諮商等專業背景之外部委員為主的專案調查小組，依法啟動調查程序。外交部說明，有鑒檢舉事項眾多且涉及不同權責單位，為利館務正常運作及後續調查釐清，外交部將要求李冠德返國，配合相關調查程序並加速釐清案情。外交部表示，他們一向重視營造安全、尊重及友善的職場環境，並秉持「職場霸凌零容忍」立場，對於涉及職場不當對待、管理方式或內部互動等情形，均設有多元且具保密性的申訴及反映管道，並將依相關規定妥適處理。    ,https://news.ltn.com.tw/news/politics/breakingnews/5535996
自由觀點》徐春鶯判決具指標性 中共介選手法複合化,政治,2026/08/11 15:30,    ,https://news.ltn.com.tw/news/politics/breakingnews/5536001
境外敵對勢力介選 中選會主委游盈隆︰不可輕忽,政治,2026/08/11 15:24,中央選舉委員會主委游盈隆疾呼，不可輕忽境外敵對勢力對年底大選介選的影響。（記者翁聿煌攝）中央選委會主委游盈隆11日參加地方公職人員選舉優化「原住民選舉人領票作業模擬演練」，媒體詢問游盈隆怎麼看有媒體報導指出中國在北戴河會議中將2026台灣9合1選舉視為對台工作的關鍵，要求扶植在台的「愛國力量」、疑似要介入選舉，游盈隆回應，他在今年4月27日上任時就指出，台灣未來2次大選，勢必要面對境外敵對勢力的介選，不能掉以輕心。游盈隆說，事實上他當時高聲疾呼是建立在中國兩會期間，已正式針對2026台灣9合1選舉，要成立工作小組，相信中國無法否認，只是在新的發展證實境外敵對勢力，的確是針對台灣年底大選而來，台灣必須提高警覺。請繼續往下閱讀...游盈隆也再次回應藍白所提「公民投票法修正草案」已逕付二讀，游盈隆表示，希望公投法修法暫緩，公投改為「一票多案」如果真的立法完成，勢必是個災難。游盈隆說，他心平氣和的指出，很不希望它發生，雖然目前尚未發生，正醞釀要發生，他誠摯呼籲國會，未經充分研究，也沒有任何一個國家曾經做過的實驗，倉促立法勢必造成選務極大的困擾。有媒體問游盈隆，藍白有意將年底的公投大選降到4案，對中選會壓力會很大嗎？游盈隆回應，即使是4案壓力還是不小，中選會並未試圖去限制公投的數目，尤其是國人自發性、由下而上的公投，完全是國人的自由，但是最近幾次大聲疾呼的對象是朝野政黨，尤其是在野黨，現在立法院公投的提出者都是政黨，不是由人民提出。既然是政黨推出公投的項目，政黨就有能力和責任，將其維持在不致嚴重衝擊選務的適當數量，這很重要，很高興朝野在思考這樣的問題，希望所有發展都往正面方向走。    ,https://news.ltn.com.tw/news/politics/breakingnews/5535966
傅崐萁缺席總預算協商惹怒韓國瑜 李正皓分析可能原因,政治,2026/08/11 15:21,立法院長韓國瑜11日主持115年度中央政府總預算案朝野協商。（記者塗建榮攝）立法院今日下午繼續研商「中華民國115年度中央政府總預算案」，立法院長韓國瑜在會議開始2分鐘後即詢問「國民黨團總召傅崐萁到不到，不參加？有沒有授權給書記長？」書記長林沛祥搖頭，韓國瑜當場怒嗆，「你現在通知傅崐萁，他有三個選擇，一，本人來，這沒話講；二，人不來，授權給書記長；三是辭掉總召，總召不幹了，不是比較輕鬆嗎？哪有這樣子」。對此，名嘴李正皓分析韓國瑜動怒的原因。李正皓在臉書PO文表示，身為初代韓學家，也是同為雙子座Ａ.K.A.最解韓國瑜的男人，分析韓國瑜今天會怒噴傅崐萁的理由只有一個，韓國瑜連續加班好幾週，而傅崐萁翹班好幾週。請繼續往下閱讀...李正皓直言，韓國瑜最討厭的就是上班，更遑論加班，而害韓國瑜連續加班的元兇就是傅崐萁，然後傅崐萁自己翹班，要我是韓國瑜我也會怒噴！不服來辯。    ,https://news.ltn.com.tw/news/politics/breakingnews/5535980
白沙屯媽祖慘變「馬祖」！應佳妤競選面紙遭酸爆 本人親回：完了,政治,2026/08/11 15:18,應佳妤。（資料照）國民黨台北市議員應曉薇因涉及京華城案官司纏身，推派女兒應佳妤「代母出征」接棒參選中正、萬華選區台北市議員。以無黨籍身分參選的她日前舉行總部成立茶會，吸引不少國民黨重量級政治人物致贈花籃祝賀。然而，應佳妤的競選宣傳面紙卻因配色過時、地址疑點，甚至將「白沙屯媽祖」錯寫成「馬祖」，掀起大批網友熱烈討論。一名網友昨（10）日在Threads分享應佳妤的競選宣傳面紙，直言「這包面紙的配色和設計醜死了！自稱白沙屯媽祖乾女兒，還把媽祖寫成『馬祖』，是打算換選區膩？」此外，面紙上的研究室地址竟寫著台北市議會研究室的地址「台北市仁愛路四段507號603室」，不禁讓原PO質疑：「你不是議員哪來的研究室？你媽媽的議員你幫他做喔？」請繼續往下閱讀...貼文曝光後引發熱議，網友紛紛留言開酸「可以吐槽的點太多了」、「這是什麼美學啊」、「好像西門町電話交友的風格」、「包裝不土會死」、「認真不知道從何吐槽起，明明就是年輕人，為什麼美感好像回到他老媽潑遊民水的那個年代」、「好噁，拿媽祖娘娘幫自己抬轎，都不怕天譴欸」、「紅加黃，這個配色有夠支」。隨後也意外釣出應佳妤本人現身留言區回應：「完了，白沙屯媽祖看到錯字可能比網友還生氣，媽祖不是馬祖，我先罰寫100遍」。網友則紛紛回覆：「罰寫的下午Po上來，不要嘴炮」、「寫好了嗎哈哈哈」、「記得校稿啦」、「是本人，感謝你的幽默化解。不過還是希望除了錯字以外，設計改好看一點啦，你比我還年輕欸」。     在 Threads 查看    ,https://news.ltn.com.tw/news/politics/breakingnews/5535913
柯P拄拐杖跳起來惹議！陳智菡：十字韌帶斷掉可以打籃球,政治,2026/08/11 15:13,"柯文哲傳右腳受傷。（左本報資料照，右取自柯文哲YT，本報合成）民眾黨前主席柯文哲最近外出都攜帶拐杖，她的妻子陳佩琪說，是因為日前在浴室跌倒扭傷右腳韌帶斷了。結果近日民眾黨替柯文哲慶生的影片中，卻見柯文哲被突如其來的驚喜嚇了一跳，整個人跳起來。對此，民眾黨立院黨團主任陳智菡說，其實韌帶斷掉也是會跳起來，「許甫他十字韌帶就斷掉啊，他還可以打籃球」。柯文哲日前遭網友質疑，為何拄著拐杖還可以「蹦蹦跳跳」。對此，陳智菡解釋，那是黨部同仁突發奇想為柯文哲慶生，他走進房間時因感到驚喜而產生的直覺反應動作，並非腳傷無礙。針對陳佩琪爆他韌帶斷了，柯文哲自己倒是表示：「我猜韌是沒斷啦」。請繼續往下閱讀...陳智菡日前還在政論節目中表示，其實韌帶斷掉也會跳起來，「你知道許甫他十字韌帶就斷掉，他還可以打籃球」。陳智菡也強調，柯文哲是真的受傷、跌倒，必須佩戴護具。相關新聞：網酸很會演！柯文哲白天拄拐杖 晚上慶生「跳起來」影片曝    ",https://news.ltn.com.tw/news/politics/breakingnews/5535933
法院認定徐春鶯4大犯行曝！受敵對勢力指示動員中配為柯文哲助選,政治,2026/08/11 15:11,前民眾黨新住民委員會主委徐春鶯。（資料照）前民眾黨新住民委員會主委中配徐春鶯，因涉反滲透法、經營地下匯兌、詐貸，並以不實名義助滲透來源來台共4大犯行被起訴；新北地院今依反滲透法等5罪判處徐春鶯7年徒刑，其中，判決揭露，徐受境外敵對勢力指示，於2022幫台北市長候選人黃珊珊站台、亮相造勢，並於2024年動員中配為總統候選人、前民眾黨主席柯文哲助選，且在選前之夜幫柯站台、亮相造勢。合議庭認定，中共民政部海峽兩岸婚姻家庭服務中心主任楊文濤、上海市委員會祖國和平統一促進委員會副主任孫憲，均屬境外敵對勢力政府所屬機構派遣者；徐及共犯中華兩岸婚姻協調促進會會長鍾錦明，會定期向楊、孫2人彙報國內中配領導人參政情況、相關活動、言論，並共同規畫擴大中配群體於我國政治影響力。請繼續往下閱讀...為使中配取得各級公職人員身分，徐於2021年5月3日傳送與黃珊珊合照給楊文濤，向楊報告黃珊珊將參選2022年台北市長選舉，並表達有意願爭取中配群體支持等事，她還將黃珊珊出版的自傳「黃珊珊33個人生故事」寄送與楊，楊遂指示徐、鍾2人支持黃珊珊，是符合中共政策、立場。2022年9月，徐向孫憲報告將於台北市長選舉支持黃珊珊，獲孫憲應允及指示，徐、鍾等人遂與討論為黃珊珊成立新住民後援會，推由鍾擔任後援會長。徐、鍾並於9月25日，在台北市立大學博愛校區中正堂即黃珊珊競選總部成立大會，一同上台領取後援會會長獎盃，為黃站台、亮相造勢；會後並轉赴台北市大同區長安西路馬來亞餐廳，藉中華國際新住民領導人總會第一屆會長就任暨理監事職員就職典禮名義，由徐邀請黃到場致詞、拜票，並由徐負擔中配團體成員餐費。至於柯文哲部分，合議庭認定徐是依孫憲指示與黃珊珊保持往來，並於2023年1月12日起與柯文哲及民眾黨成員接觸後，知悉民眾黨有意願籌組新住民委員會，欲延攬其擔任主委，並有意願使其列入不分區立委名單，即向楊、孫報告此事，經確認徐於國內所為政治活動、支持柯文哲參選總統符合中共政策、立場，徐遂依楊、孫指示向民眾黨要求將其列入不分區立委安全名單，並動員中配為柯助選。徐春鶯還在2023年11月16日參與民眾黨「共融多元族群文化記者會」而於接受媒體採訪時為總統候選人柯宣傳，另於2024年1月12日於民眾黨選前之夜為柯站台、亮相造勢。至於徐春鶯涉地下匯兌部分，合議庭認定，徐為中配群體的支持而從事新台幣、人民幣、美金地下匯兌，累計2456萬餘元，犯罪所得21萬餘元；此外，徐與其女兒卜啟正、集智公司負責人羅穎，均明知徐及卜未任職於羅的集智公司，竟為取得資金購買不動產，以虛偽的在職證明、顧問合約書等文件對合庫蘆洲分行詐得2697萬元，以支付購買美麗山林房地款項。第四部分犯罪事實為，徐及羅穎以不實文書助滲透來源孫憲，假商務之來來台。    ,https://news.ltn.com.tw/news/politics/breakingnews/5535927
北市勞動局「監院糾正麥當勞性侵案」專案報告才2頁 議員怒批傲慢,政治,2026/08/11 15:07,台北市勞動局今（11）至台北市議會民政委員會進行「監察院糾正連鎖速食業女性員工遭不法侵害，勞動局未依規定通報之檢討與策進作為」專案報告。（記者蔡愷恆攝）台北市一名麥當勞未成年工讀生於2024年疑遭前主管職權性侵後自殺，監察院通過調查報告與糾正案，台北市勞動局今至台北市議會民政委員會進行專案報告。議員林亮君批評，報告有2張雙面列印A4紙，且關於監察院糾正項目輕描淡寫，只看到「傲慢」二字，「勞動權益的主管機關是這樣子的態度，在台北市上班的勞工，可憐啊，真的很可憐！」委員會最終決議退回報告，擇日重新報告。林亮君提到，勞動局要做資源轉介跟啟動保護網，對當時未成年所發生的不法侵害事件是否依「兒少最佳利益優先處理原則」去做處理？還有橫向聯繫，從警察局、勞動局，再到家防中心，有沒有主動去通報聯繫？這通通都在監察院的糾正報告講得清清楚楚。從剛剛局長不管是你的文字說明或是你的口頭說明，真的感受不到台北市政府一絲一毫的歉意。請繼續往下閱讀...委員會第二召集人、議員顏若芳指出，完全沒有寫監察院指出的四項缺失，整份報告重點就是「勞動局請中央改正，中央政府接受建議，所以不是你的問題」。我們要知道的是3月警局接獲報案，12月勞動局接獲陳情才啟動調查，為何漏掉這9個月？有沒有改善？為何要接獲陳情才去處理？以及將來預防機制跟精進作為。她怒道，勞動局針對很多新聞，如果之前MeToo事件，都可以看新聞直接主動辦案。不知道中間9個月到底發生什麼事，還是反正如局長王秋冬講的，社政系統已經啟動，就不干他的事，不干勞動局的事？議員簡舒培表示，監察院糾正勞動局獲知事件，在橫向聯繫並沒有完成通報。也問社會局，認為勞動局處理該案是否需跟社會局通報？社會局長姚淑文坦言，若可以增加聯繫，讓網絡資源能夠更知悉，確實會比較周延。簡舒培說，勞動局長王秋冬一句抱歉都沒有，一點精進作為、連問社會局「我是不是有可以做得更好的」都沒有。掌握這麼多資源，連從個案中看到可以做得更好的地方都不願意講，不願意檢討，還要推給中央。簡也表示：「我如果是這個孩子的媽媽，我看到這份報告會流眼淚！如果在過程中，有人可以協助我的女兒多一點點資源，她就不會走到這條路？」議員林珍羽說，市民朋友要看到的是局處對於被糾正的事情怎麼解決它？配套有沒有找到缺失問題？全部都說「我們請中央來研議、我們函釋中央、請中央給我們規定」，那我們地方自治到底在幹嘛啊？那我們就直接併到行政院就好了，根本不需要台北市政府。王秋冬回，任何事情都有精進的空間，所以才在這個報告裡面有特別提到說，包括我們跟中央的一些建議等等。那當然如果中央可以把作業方式變成一個更標準的SOP，那當然更好。委員會第一召集人、議員李芳儒最終裁示，將此份專案報告退回，擇日再行報告。    ,https://news.ltn.com.tw/news/politics/breakingnews/5535937
強拉「葉霸」！藍營黨部副主委余明火、黨工熊愛蓮強制罪判拘役,政治,2026/08/11 15:04,葉春蓮（右一）被余明火（右二）及熊愛蓮（右三）推擠拉扯到體育館穿堂。（民眾提供）國民黨花蓮縣黨部去年3月舉辦植樹節活動，花崗國中80歲退休老師「葉霸」葉春蓮因嗆傅崐萁「請你不要再到處做壞事」等語遭拉出場外，當時動手拉扯葉霸的國民黨花蓮縣黨部副主委余明火、黨工熊愛蓮被花蓮地院依「共同犯強制罪」，分別處拘役50日、30日，得易科罰金。從當時現場民眾拍下的影片可見，葉春蓮被余明火、熊愛蓮強拉出場，葉霸老師在體育館大門口仍奮力抵抗、拉住門不想離場，時間長達數分鐘，但仍被一群人暴力推出場外，畫面流出後引起軒然大波，2人被花蓮地方檢察署依涉嫌強制罪傳喚，訊後以新台幣1萬元交保，被檢方依妨害自由提起公訴；花蓮地院4日宣判，余明火、熊愛蓮分別被判處拘役50日、30日，得易科罰金。請繼續往下閱讀...還原當天活動現場，立委傅崐萁在台上致詞，80歲的「葉霸」葉春蓮老師走至舞臺前方，對傅崐萁大喊「傅崐萁請你不要再到處做壞事」等語，傅崐萁還當場以麥克風表示「交給警察人員處理」，傅崐萁隨扈林明雄、花蓮縣長徐榛蔚隨扈官柏均上前，試圖引導葉春蓮，被葉春蓮大喊「不要碰我」。判決書指出，葉春蓮老師被傅崐萁、徐榛蔚的隨扈警引導換座位之後，已沒有出現影響活動言行，然而國民黨花縣黨部副主委余明火、黨工熊愛蓮仍要求葉出場，2人竟基於強制犯意聯絡，余明火拉葉春蓮右手、熊愛蓮則以手推擠葉春蓮後背，將葉師推擠拉扯到體育館穿堂，熊還以雙手張開阻擋、作勢不讓葉春蓮返回體育館會場內。接著余明火以強暴方式要將葉春蓮拉出體育館，葉春蓮抓住大門門把抵抗，之後熊愛蓮阻止並將余明火拉離葉春蓮，之後葉春蓮自行離開體育館。雖余明火一度向法庭辯稱，場地是國民黨承租要舉辦活動，葉春蓮「不是活動邀請的對象，卻在舞台前耍賴」，但法官認為，活動舉辦時進場民眾只需簽到，並無身分查核及入場管制，因此視同公開場所，主辦人不能主張有權隨意強制驅逐，且余明火雖被指派維持秩序，但他不具有合法行使強制力的警察權限，在現場有警察可處理的情況下，恣意拉扯推擠葉春蓮已經逾越分際，手段與目的欠缺正當性，已構成刑法304條強暴手段，足以妨害葉春蓮自行離開會場之意思決定自由與意思實現自由的權利。葉春蓮（大門旁粉紅側背包）奮力拉住大門門把，不願被強力推擠出場，畫面一出引發眾怒。（民眾提供）    ,https://news.ltn.com.tw/news/politics/breakingnews/5535864
外國月亮沒較圓！ 第1代僑胞紛紛返台定居：台灣安全還有健保吃到飽,政治,2026/08/11 14:59,僑委會委員長徐佳青。（資料照）僑委會統計資料顯示，截至去年底海外台灣僑民共有210.8萬人，其中大洋洲的僑民人數逐漸下滑。僑委會委員長徐佳青今（11）日表示，第一代僑胞返台定居的人數遠超想像，許多人在疫情後覺得台灣還是比較安全，還有「健保吃到飽」，都紛紛回台。徐佳青今日於廣播節目「中午來開匯」接受主持人黃光芹專訪表示，疫情後僑界變化非常大，第一代僑胞在海外都已經發展至第三代，已在當地讀完書、生完小孩、有自己的事業。第一代僑胞返國定居的人數遠超想像。請繼續往下閱讀...徐佳青指出，在鼎盛時期，澳洲有15、16萬名僑胞，現在剩不到10萬；紐西蘭曾有5萬僑胞，現在剩不到1萬人；南非也曾有7萬人，現在僅剩6000多名僑胞。只有美國僑胞人數有在微幅增長，亞洲僑胞人數也因為台商轉出至東南亞而增長。徐佳青表示，第一代僑胞們一部分把孩子送往歐美國家，但也有很多第一代僑胞決定回國，尤其是疫情後，這些僑胞都覺得回台灣最為安全方便。她指出，僑胞們認為台灣比較舒服、安全、交通方便，還有「健保吃到飽」。    ,https://news.ltn.com.tw/news/politics/breakingnews/5535967
BNT價差惹議！ 翁達瑞戳破藍營盲點：為何上海復星獨厚鴻海？,政治,2026/08/11 14:49,接種BNT疫苗示意圖，圖與新聞事件無關。（法新社）旅美教授翁達瑞（本名陳時奮）表示，國民黨近期在網路流傳一張圖卡，列出5年前各單位購買BNT疫苗的價格差異，質疑衛福部每劑購買43美元，高於慈濟的41美元與鴻海的30美元，甚至質疑「慈濟遭騙3000萬美元後價格仍比衛福部低？」翁達瑞直言，藍營根本問錯問題，相關價差的關鍵在於代理商上海復星的利潤疊加不同。翁達瑞今日發文分析，無論買家是衛福部、慈濟或鴻海，BNT疫苗皆必須透過代理商上海復星購買。這是代理的程序：上海復星從德國BNT取得疫苗報價，疊加代理利潤，就是台灣買家支付的價錢。請繼續往下閱讀...翁達瑞解釋，德國BNT只給上海復星一個報價，但台灣的買家卻有三個不同的價錢，原因是疊加的代理利潤不同。其中賣給衛福部是大賺、賣給慈濟是中賺、賣給鴻海則是小賺，「讓我疑惑的是，為何上海復星對衛福部這麼狠，卻對鴻海這麼好？」針對價格差異，翁達瑞剖析背後可能原因，政府不接受主權矮化，賣給衛福部的疫苗沒有統戰價值，所以價錢比較貴。鴻海是民間企業，不需要捍衛國家主權，買賣可以有額外的統戰價值，所以價格會比較低。慈濟則是冤大頭，享受不到統戰價格之外，還要支付掮客一大筆佣金。翁達瑞進一步提問，「問題不在衛福部的買價高，而在鴻海的買價低。這才是藍營該問的問題：為何上海復星對鴻海這麼好呢？」旅美教授翁達瑞（本名陳時奮）。（資料照）    ,https://news.ltn.com.tw/news/politics/breakingnews/5535777
傅崐萁缺席總預算協商 韓國瑜發飆怒嗆︰總召不幹不是較輕鬆？,政治,2026/08/11 14:48,立法院長韓國瑜今天在朝野協商時怒嗆不來總預算協商的國民黨團總召傅崐萁，「辭掉不是比較輕鬆嗎？」（記者塗建榮攝）立法院今日下午繼續研商「中華民國115年度中央政府總預算案」，立法院長韓國瑜在會議開始2分鐘後即詢問，國民黨團總召傅崐萁到不到，不參加？有沒有授權給書記長？書記長林沛祥搖頭。韓國瑜當場怒嗆，「你現在通知傅崐萁，他有三個選擇，一，本人來，這沒話講；二，人不來，授權給書記長；三是辭掉總召，總召不幹了，不是比較輕鬆嗎？哪有這樣子」。韓國瑜在會議一開始時，先確認民眾黨團總召陳清龍、民進黨團總召蔡其昌抵達後，詢問傅崐萁是否會參加協商，他要求林沛祥必須公開答覆，否則另外兩位總召坐在這裡不是二百五嗎？林沛祥點頭稱有授權，韓國瑜追問，所以等一下簽字有效？但林搖頭，韓國瑜說，簽字無效，傅總召人不來，簽字無效，那是慈禧太后，垂簾聽政是嗎？請繼續往下閱讀...韓國瑜批評，立法院有這麼病態發展的嗎？已經連續幾次不到了？「君子務本 本立而道生」最基本的工作，既然當總召，開朝野協商一定要到，不到就授權。韓國瑜詢問陳清龍，「不到會授權給幹部、簽字有效嗎」？陳清龍回應，「我們的紀律嚴明，一定會授權」；韓國瑜也詢問蔡其昌，蔡其昌說，「如果我沒有來，莊瑞雄幹事長簽字就算」；韓國瑜即表示，「我也聲明，如果不來，請副院長江啟臣主持會議，江啟臣代表的一切都是有效的」。韓國瑜說，「我再請教基隆市選出的立委林沛祥，身為國民黨團書記長，總召一而再、再而三不來，你要很負責任地報告，你的簽字是有效還無效」。林沛祥先搖頭，韓國瑜要他「大聲說出來，請你開麥克風」；林沛祥說，「總召不簽字，我簽字是沒有辦法代表黨團的」。韓國瑜怒轟，「立法院病態發展，病了，還要遙控，把我們院長、其他黨團，這麼多官員放在哪裡，你現在通知傅崐萁，他有三個選擇，一，本人來，這沒話講；二，人不來，授權給書記長；三是辭掉總召，總召不幹了，不是比較輕鬆嗎？哪有這樣子做」。韓國瑜強調，君子務本的本是什麼，肩膀上有這個責任，我們這麼辛苦只希望做三件事，第一希望國家進步，第二希望政府清廉有效的執政，第三希望台灣人民經過立法院的努力，生活更好，我們不是來耍派頭的，拿著職權耍派頭。幕後》傅崐萁缺席5次朝野協商韓國瑜嗆「辭總召別幹了」傳這件事是導火線立法院長韓國瑜11日主持115年度中央政府總預算案朝野協商。（記者塗建榮攝）立法院長韓國瑜11日出席115年度中央政府總預算案朝野協商，會前與國民黨書記長林沛祥短暫交談，臉上表情顯得嚴肅。（記者塗建榮攝）    ,https://news.ltn.com.tw/news/politics/breakingnews/5535955
中市府涉洩密遭搜索質疑辦案時機 中檢回應了,政治,2026/08/11 14:47,台中市政府因洩密案遭搜索，市府質疑此時搜索的必要性與合理性，台中地檢署強調，去年9月才接獲調查局指揮偵辦，依證據發動搜索。（記者陳建志攝）台中市政府秘書處2020年辦理「模擬聯合國」活動委託廠商負責整體規劃及執行，相關勞務採購金額約150萬元，本月6日驚傳該起採購因洩密遭搜索，包括現任市府參議顏迺倫、秘書處主任秘書黃雅希、國際事務科科長洪隆益及曾任台北市政府發言人李政軒（當時為盧秀燕秘書）等人遭約談，其中顏、李兩人分別以15萬、30萬元交保，台中市政府法制局長李善植今天受訪時，強調此為5年前舊案，質疑在此時發動搜索的必要性與合理性。李善植強調，此案是秘書處2020年辦理的模擬聯合國案件，活動也順利圓滿完成，但因內部有同仁因為升遷不滿，不斷向調查局檢舉，檢舉內容市府並不清楚，調查局約在2021年成案，期間一直有向市府調資料，令人覺得費解的是，這個案子資料已調了5年多，一直到日前才發動搜索，搜索的必要性跟合理性讓人質疑。請繼續往下閱讀...對此，台中地檢署強調，該案於2025年9月17日由法務部調查局台中市調查處報請地檢署指揮偵辦。今年3月先發動搜索廠商，發現有公務員聯絡的資料，在進一步分析釐清後，於今年8月向法院聲請搜索票，經法院核准後於6日執行搜索，因此並無現在才搜索5年前舊案的問題。至於為何6日已搜索，今天才對外發新聞？台中地檢署則表示，是因尚有證據待釐清，才在做好證據保全後，針對被告交保金額等強制處分發布新聞對外說明。    ,https://news.ltn.com.tw/news/politics/breakingnews/5535951
獨家》中配周滿芝被註銷台灣身分  官員：很快輪到徐春鶯,政治,2026/08/11 14:40,中配周滿芝。（資料照）前民眾黨新住民委員會主委、中配徐春鶯來台擔任共諜，涉犯「反滲透法」等罪，今日被法院判刑7年。知情官員透露，一審判決有罪就會註銷台灣身分，服刑完畢將驅逐出境，主管機關已將中配周滿芝的台灣身分註銷，「很快就會輪到徐春鶯」。徐春鶯1993年嫁到台灣，2000年取得台灣身分證，她雖然已入籍台灣，但同時擁有中華人民共和國國籍，長年擔任「中華兩岸婚姻家庭服務聯盟」負責人，並與中共官員往來頻繁。請繼續往下閱讀...檢調查出，徐春鶯涉與中共民政部海峽婚姻中心主任楊文濤、民革上海市委「祖國和平統一促進會」副主任孫憲長期往來，依兩人指示替民眾黨候選人站台造勢，紅統勢力滲透民眾黨內部，中方囑意人選更排入不分區立委名單。徐春鶯另涉從事地下匯兌及詐貸，被檢方依「反滲透法」、「銀行法」、「刑法」偽造文書、詐欺取財等罪，於今年3月被檢方起訴，今日地院一審判決有罪，合併刑期7年。此外，另一名擔任共諜的中配周滿芝，她擔任台灣新住民關懷總會理事長，被控受中共指示在台發展組織，今年7月高雄高分院更一審逆轉從無罪改判8年，最高法院認定判決無誤，駁回上訴定讞。知情官員表示，只要一審判決有罪，就會註銷台灣身分。周滿芝的台灣身分在判決確定後，已經被註銷了，徐春鶯案件是一審重判7年，「很快就會輪到徐春鶯」，這兩人都會註銷台灣身分。官員透露，徐春鶯這個案子移民署已經開完會，目前只待內政部長批示，便可註銷台灣身分。徐女必須先在台灣服刑，服刑完會驅逐出境。來台擔任共諜的中配徐春鶯即將被註銷台灣身分。（資料照）    ,https://news.ltn.com.tw/news/politics/breakingnews/5535950
「反滲透法」上路後多起違法案例 多位民代、候選人遭判刑入獄,政治,2026/08/11 14:32,中配徐春鶯。（資料照）我國反滲透法於2019年底三讀通過，隔年1月15日公布施行，主要針對境外敵對勢力（如中國大陸）對我國的民主憲政體制干預與滲透。法規明文禁止任何人接受境外敵對勢力的「指示、委託或資助」。近年來已有不少人因違反規定，而被判刑定讞，甚至入監服刑。除今日被判刑的中配徐春鶯外，最具代表性的則是時任國民黨嘉義縣議員候選人林雪峰，受中國台州市台辦處長委託，招待村、里長到中國旅遊，要求支持特定候選人，最終林被判處4年徒刑定讞，日前已發監。請繼續往下閱讀...林雪峰於2023年8月起邀約嘉義縣村里長、民眾赴中國6天5夜旅遊，團員只需支付1.6萬元團費，其餘由中國資助；中方於餐敘時，向村里長們宣揚「希望支持某特定政黨候選人當選」等理念。林女返國後，被檢調偵辦，最終被依違反反滲透法及總統副總統選舉罷免法判處有期徒刑4年、褫奪公權3年定讞，目前已發監執行。同年，前桃園市立委候選人馬治薇與中國對台工作人員「冰姐」等人接觸後，協助提供我國政治情報，以換取參選資助；馬女竟將我國「中央各機關國會聯絡名冊」、調查局與國安局人員聯絡資料、政治輿情等翻拍回傳，接受對方美金資助，被判處有期徒刑2年8月定讞。另共和黨兼333政黨聯盟主席周克琦與中華赤色聯盟黨主席朱俊源及潘進東則於2022年間收受中國福建省委台灣工作辦公室資金，於台北市長、市議員競選期間號召走路工幫特定候選人造勢，最終朱、潘、周等3人分別被判1到2年不等徒刑，上訴駁回後，全案定讞。更有里長帶領多名里長及親友前往中國，接受對方招待，抵達該國餐敘時，中方要求這些被招待者「要支持國民黨及國民黨候選人」、「藍白合、支持侯友宜、不要支持搞台獨分裂的民進黨」等理念。如新北市土城區青山里長姚韋華於2023年間受中華青少年文教藝術交流協會理事長簡安仕委託，邀請5名里長及9名親友赴中接受招待，一審雖被無罪，但二審則被認定觸犯反滲透法，姚、簡2人分別被判處4年8月、2年6月徒刑。新北市永和區永樂里國民黨籍里長許政鎧也於同年接受中方委託，出面邀請12位里長前往中國接受招待，意圖影響總統及立委選舉，新北地院依反滲透法判處許男1年6月徒刑，均褫奪公權2年。    ,https://news.ltn.com.tw/news/politics/breakingnews/5535895
圖輯》機器狗立院「受虐」成焦點 遭技術人員連踹仍能自動起身,政治,2026/08/11 14:29,立法院11日召開公聽會現場展示機器狗優異性能，多次被技術人員「踹倒」。（記者塗建榮攝）由中廣前董事長趙少康擔任董事長的中興政策文教基金會，今（11）日在立法院舉行「台灣無人載具發展政策」公聽會，現場特別安排機器狗登場展示性能，吸引媒體目光。機器狗首先繞行立法院群賢樓9樓大禮堂舞台，行走時動作略顯緩慢，面對階梯也顯得格外小心，一階一階完成上下樓梯，展現無人載具在複雜環境中的行動能力。請繼續往下閱讀...而現場最吸睛的橋段，則是展示機器狗「跌倒後自動起身」的功能。為了讓媒體清楚捕捉畫面，技術人員多次將機器狗踹倒，機器狗隨即啟動自動復原功能，翻身、調整姿勢後重新站起。一旁記者看著機器狗接連被「踹倒」，雖然難免有些不捨，卻也忍不住覺得畫面相當逗趣，讓原本嚴肅的無人載具政策公聽會，增添不少現場趣味。立法院11日召開公聽會現場展示機器狗優異性能，多次被技術人員「踹倒」。（記者塗建榮攝）被「踹倒」後機器狗隨即啟動自動復原功能，翻身、調整姿勢後重新站起。（記者塗建榮攝）被「踹倒」後機器狗隨即啟動自動復原功能，翻身、調整姿勢後重新站起。（記者塗建榮攝）被「踹倒」後機器狗隨即啟動自動復原功能，翻身、調整姿勢後重新站起。（記者塗建榮攝）立法院11日召開公聽會現場展示機器狗優異性能。（記者塗建榮攝）立法院11日召開公聽會現場展示機器狗優異性能，一階一階完成上下樓梯，展現無人載具在複雜環境中的行動能力。（記者塗建榮攝）立法院11日召開公聽會現場展示機器狗優異性能，一階一階完成上下樓梯，展現無人載具在複雜環境中的行動能力。（記者塗建榮攝）    ,https://news.ltn.com.tw/news/politics/breakingnews/5535827
黃智賢轟網軍「爸媽生你做奴？」 點名郭正亮：得官癌的是你,政治,2026/08/11 14:26,資深媒體人黃智賢在直播中開砲。（擷取自YouTube）資深媒體人黃智賢近期頻因重砲批藍引發網路論戰，繼日前遭網友以「民進黨有她的裸照？」揶揄，引發她回嗆「國民黨墮落了，還不准別人說」後，10日再痛批網軍「是言論自由之癌」；另針對「黃智賢要幫黃偉哲找工作」說法，黃智賢疑將矛頭指向前立委郭正亮，反酸「郭先生」才是「得官癌末期」。黃智賢在YouTube直播時表示，自己從2003年開始評論政治至今已23年，始終沒有從政打算，透露過去曾有不少政黨延攬她從政，但她都拒絕，強調「對政治沒興趣」，甚至長期勸包括台南市長黃偉哲在內等人不要投入政治，直呼「我還幫他找工作啊」，接著狠酸：「得官癌末期的是這些人，郭先生是你，不是我。」請繼續往下閱讀...黃智賢把話鋒轉向郭正亮，反問對方過去「不是跟黃偉哲同一個政黨嗎？」她提到，郭正亮曾任民進黨立委，也曾參與撰寫民進黨「台灣前途決議文」，她並以「以前的誰打臉現在的誰」反諷對方立場反覆。對於被網軍攻擊，黃智賢則怒嗆：「你爸媽生你養你栽培你出來，是要你去做政黨的奴嗎？」並批評網軍透過造謠、抹黑等方式攻擊不同立場者，直指「網軍是言論自由之癌」。    ,https://news.ltn.com.tw/news/politics/breakingnews/5535826
王世堅主張修憲前維持監院運作 談廢死直言：加害人不配擁有生命權,政治,2026/08/11 14:23,談到人權議題，民進黨立委王世堅直言，自己對於廢死看法截然不同，說要廢除死刑是維護生命權與人性尊嚴，但當被害人生命全被加害人剝奪時，加害人即不配擁有生命權與人性尊嚴，希望王榮璋帶回好好衡量。（記者王藝菘攝）立法院全院委員會今（11日）審查監察院監委人事同意權案審查。副院長被提名人王榮璋因過去曾任國家人權委員會委員，民進黨立委王世堅表示，個人對於廢除監考兩院看法不變，不過在修憲前仍須維持體制運作，另談到人權議題，王直言，自己對於廢死看法截然不同，說要廢除死刑是維護生命權與人性尊嚴，但當被害人生命全被加害人剝奪時，加害人即不配擁有生命權與人性尊嚴，希望王榮璋帶回好好衡量。王世堅指出，廢除監察院與考試院是民進黨創黨以來的認定，其個人看法至今未變；但體制上要修憲才能廢除，在尚未廢除前，執政的民進黨要負起責任提名院長、副院長與監委，讓體制正常運行，若不得已繼續維持監院，認為王榮璋確實是最適合的人選。請繼續往下閱讀...王世堅表示，肯定王榮璋過去在立院及監院兼任國家人權委員期間，對身障者與弱勢團體權益保障不遺餘力。許多法律雖有規範卻未能落實，希望王榮璋未來能要求相關部會在就學、就業、就醫三個部分，增加長照與交通服務時數，讓身障者能像一般國民般自立生活。此外，政府服務快速數位化，但許多身障者因身體限制無法使用數位工具，當政府推動數位優先甚至數位唯一時，切勿忽視身障者權益，應要求政府提供替代管道保障其取得公共服務。王榮璋對此回應極為認同，強調落實法律規定與保障身障者需求非常重要。針對人權委員會業務，王世堅表達與王榮璋截然不同的看法。王世堅直言，人權報告主張廢死是「維護生命權與人性尊嚴」，但當加害人剝奪被害人生命權、摧毀其人性尊嚴時，加害人即不配擁有生命權與人性尊嚴。王世堅強調，要還給被害人公道，這就是司法正義最重要的目標，為什麼古代殺人償命，這是天經地義道理，罪與罰必須等樣。目前國內已有37個死刑判決確定案例，卻因人權與廢死團體給予壓力而拖延執行。王世堅引述數據指國內有高達七成至九成的民意堅持死刑、反對廢死，希望王榮璋帶回好好衡量。    ,https://news.ltn.com.tw/news/politics/breakingnews/5535872
被控帶兒子特權登東沙 徐佳青認了「一時心軟犯錯」違反利益迴避法,政治,2026/08/11 14:20,僑委會委員長徐佳青今（11）日坦承，她因為一時心軟，犯下錯誤，違反公職人員利益衝突迴避法。（資料照）僑委會去年舉辦「僑青東沙生態體驗營」，立院民眾黨團指控僑委會委員長徐佳青放寬報名資格，開後門帶兒子特權登上東沙島。對此，徐佳青今（11）日坦承，她因為一時心軟，犯下錯誤，違反公職人員利益衝突迴避法。但她也強調，監察院公文認可她未以自身職權，為了自己的兒子因人設事。徐佳青今日於廣播節目「中午來開匯」接受主持人黃光芹專訪，談及民眾黨團先前指控「僑青東沙生態體驗營」開後門讓未滿18歲且非僑生的兒子特權登島。去年爆料時徐佳青稱子虛烏有，但監察院已於今年6月17日依「公職人員利益衝突迴避法」第6條開罰。請繼續往下閱讀...徐佳青表示，她上週五詢問監察院後，才知道相關文書已於7月3日寄到她的戶籍地，由於她不在國內，管委會收下後轉交給她的家人，直到她7月20日返家後，她的家人已經忘記這件事，也沒告知她。最後她於上週五親自去閱卷，才清楚知道過程。針對特權爭議，徐佳青說明，僑委會已經受海委會邀請舉辦此活動4年，前3次都因為報名人數不足未能成行，僅去年成功成行。報名資格也一直都僅限僑生與僑青，她的兒子已經出國讀書多年且有雙重國籍，屬於僑胞，符合報名資格，「不會因為我是委員長，他的身份就改變」。徐補充，國人只要在出國至海外2年以上，且非留學生，都被視為僑青。徐佳青指出，海委會去年4月份發公文予僑委會，要求在5月彙整並送出報名名單，但僑委會招生作業來不及，便拜託海委會給予兩週寬限期。根據「2025僑青東沙生態體驗營」報名資訊，最後報名截止日設為同年6月2日。徐佳青強調，「我都經得起查」，但她也坦承「我唯一有一件事要承認錯誤」，便是因為擔心活動報名人數不足而辦不成，便特別打電話拜託兒子來湊數，又違反公職人員利益衝突迴避法，簽署了那份要送交國防部審查的相關公文，「那天晚上我一時心軟，就這樣犯了這個錯誤」。徐佳青說，監察院公文認可她並非以自身職權，為了自己的兒子因人設事，但因為她簽了相關公文，違反了公職人員利益衝突迴避法，要被罰款10萬。她尚未繳款。    ,https://news.ltn.com.tw/news/politics/breakingnews/5535917
響應國際流浪動物日 宜蘭縣長參選人林國漳推「夜間獸醫急診」,政治,2026/08/11 14:19,林國漳（右3）和毛小孩、黨公職參選人一起分享寵物政策。（記者王峻祺攝）響應本週六國際流浪動物日，民進黨宜蘭縣長參選人林國漳今天偕黨公職參選人發表寵物政策，提出3大核心主張，表示未來將推動偏鄉三合一巡迴服務與淺山保育，並於全縣12鄉鎮市增設寵物公園與友善標章，以及建立飼主迫切需求的夜間獸醫急診體系與補助機制。林國漳指出，宜蘭目前僅有員山與冬山2處寵物公園，軟硬體與醫療配套尚待提升，主張未來將活用高架橋下與防汛空地，在全縣12鄉鎮市擴建寵物公園，並搭配偏鄉絕育巡迴與淺山生態保育，務實打造人寵共融環境。請繼續往下閱讀...針對急診醫療，林國漳強調將建立夜間獸醫體系與補助機制，避免飼主求助無門，表示這項政見是對宜蘭未來的溫柔承諾，將深入基層落實源頭管理與生態保護，讓宜蘭成為人寵安居的宜居城市。現場參選人也宣示配合意願。宜蘭市長參選人韓瑩說，除了配合縣府政策增設市區寵物公園外，更拋出打造「有遮蔽物的全天候場域」，讓毛孩無論颳風下雨都能開心放電。動保志工、市民代表參選人呂柏凱也帶截肢浪浪「小寶媽」出席，呼籲未來必須落實源頭管理進而減少流浪動物、嚴管危險器具並提升認養率，以及建立在地夜間醫療量能的重要性，讓宜蘭毛孩急診不必再遠跑台北。活動現場也邀請許多毛小孩到場，搖著尾巴穿梭在大家腳邊撒嬌，追逐歡笑聲此起彼落，出席犬隻包括米樂、黑荳、muji、肥滋滋、小寶媽、酷栗，以及林國漳、韓瑩、呂柏凱，宜蘭市縣議員參選人游國連、縣議員參選人陳漢澤，三星大同縣議員參選人游雅絢。響應國際流浪動物日，民進黨宜蘭縣長參選人林國漳（中）偕黨公職參選人發表寵物政策，提出3大核心主張。（記者王峻祺攝）    ,https://news.ltn.com.tw/news/politics/breakingnews/5535896
宜蘭縣長參選人吳宗憲提原民4大政見 主打長照醫療與社宅,政治,2026/08/11 14:14,國民黨宜蘭縣長參選人吳宗憲（中）提出原民4大政見，主打長照醫療與社宅。（圖由吳宗憲競辦提供）國民黨宜蘭縣長參選人吳宗憲今天（11日）到大同鄉發表「打造宜蘭原民新路」競選政見，提出五力全開照顧長輩、完善原鄉醫療、補足原鄉托育、推動原民社會住宅等4大訴求，爭取原住民族人的支持。針對五力全開照顧長輩政見，吳宗憲主張給予55歲以上原住民族人5大照顧措施，包括免健保費、加碼重陽敬老金從600元到2萬元、免費帶狀皰疹疫苗、敬老卡每年7200點、假牙補助最高5萬元。請繼續往下閱讀...完善原鄉醫療方面，吳宗憲說，中央已在大同鄉推動偏鄉全人整合照護，盼大同鄉先深化，南澳鄉再擴大，日後由宜蘭縣政府建立跨鄉調度平台與單一窗口，再串接遠距醫療，讓部落族人就近接受健康照護。至於補足原鄉托育政見，吳宗憲表示，宜蘭縣已有14處公共托嬰中心、3處公設民營托嬰中心，大同及南澳鄉目前仍沒有公托中心，他希望優先補足這2個原鄉的公共托育據點，考量原鄉幅員遼闊，可逐步朝一鄉鎮兩公托方向規劃。推動原民社會住宅訴求，吳宗憲要參考新北市原住民專屬社宅、桃園市提供原民較優惠社宅申請條件作法，由宜蘭縣政府調查居住需求，依照族人就業、就學、生活需要，評估適當地點興建原民社會住宅，給符合資格的原民家庭申請居住。    ,https://news.ltn.com.tw/news/politics/breakingnews/5535886
海調船命名「澄波」 賴總統宣告將建置國家級海洋雷達觀測網,政治,2026/08/11 14:13,國海院新建海洋基礎資料調查船以陳澄波命名。（記者洪臣宏攝）總統賴清德今（11）日南下高雄出席「國家海洋研究院100噸級與300噸級海洋基礎資料調查船下水暨命名典禮」，並以台灣畫家陳澄波命名。他表示，政府將持續建置「國家級海洋雷達觀測網」，強化海域安全監控與決策支援能力，以及推動興建4千噸級調查船，完備台灣的海洋科研體系，期盼建構屬於自己的海洋知識與能力，讓台灣更有信心和實力，突破灰色地帶侵擾的挑戰。典禮在台船高雄廠舉行，賴清德與海委會主委管碧玲、高雄市長陳其邁、國安會祕書長吳釗燮、台船董事長陳政宏、高雄議長康裕成及相關業界代表，一同見證100噸級「澄波No.101」、300噸級「澄波No.102」命名暨下水。兩艘調查船為紀念陳澄波命名，特別邀請其出生地嘉義的東石國中演唱「青春出帆」、「熱鬧的嘉義市街」，並由陳澄波的孫女陳麗涓與國海院院長陳璋玲共同擲瓶下水，包括陳澄波文化基金會董事長陳立栢等家人到場觀禮。請繼續往下閱讀...賴清德指出，近年來中國透過科研船、海警船及認知作戰，進行各種灰色地帶侵擾，影響區域和平穩定。這提醒我們，唯有更完整掌握自身海域環境，才能維護國家安全，並與國際社會共同守護海洋秩序。他說，政府將持續建置「國家級海洋雷達觀測網」，來強化海域安全監控與決策支援能力。我們也將積極推動4千噸級調查船的興建，建構從近岸到大洋的完整調查船隊，並整合調查研究、人力培育與資料共享，完備台灣的海洋科研體系。這次是海委會所屬船系首度以人名命名，管碧玲表示，過去海巡艦艇以台灣的地名命名；新造遠洋巡護船以原住民族族名命名；而海洋調查船以台灣前輩的名字為船名；從土地、族群到前輩，他們共同代表的，就是台灣。台船表示，此兩型船預計2027年第2季交船，新建造調查船服役後，將透過配賦的調查儀器設備提升我國海洋研究效率。賴清德接受管碧玲致贈海洋基礎資料調查船船模。（記者洪臣宏攝）    ,https://news.ltn.com.tw/news/politics/breakingnews/5535833
中共介選擾動台灣人情緒 沈伯洋：專心市政別被造謠帶偏,政治,2026/08/11 14:13,民進黨籍台北市長參選人沈伯洋受訪。（記者田裕華攝）中共國家主席習近平9月訪美，正在進行的北戴河暑休會議聚焦中共對美策略，其一就是力阻美國發動新一輪對台軍售，以及分批執行各項對美採購，藉此「拉美孤台」並下令介選。民進黨台北市長參選人沈伯洋今天受訪表示，中共介選不外乎就是要擾動台灣人的情緒，不能好好選舉；長期研究介選主題的沈伯洋認為，做好自己就好，專心市政討論就不易被帶偏，隨時養成查證的習慣，別被造謠所影響。作為市長參選人，持續專心市政討論就不容易被帶偏，確實做好就不用擔心這些事情。關於疫苗採購、夏莉絲幼兒園議題，沈伯洋說，已經講了很多天，當時蔣萬安是衛環召委，且知我方於國際疫苗取得情勢，並允許將機密資料留在機密會議，還故意把資料「保存」30年，講錯成「封存」30年，這些都是事實，不知為何蔣萬安一直無法針對事實回答？真的沒有很困難。請繼續往下閱讀...沈伯洋重申，夏莉絲幼事件才是真正被蓋牌，評鑑乙等但在北市資料大平台只看得到甲等，議員問的是北市資料大平台查不到乙等、地方政府網站未如實公佈，結果市府說有上傳中央衛福部，問A答B。北市府昨稱，沈伯洋為了選舉就疫苗採購合約抹黑蔣萬安，不愧是認知作戰大師。真相是疫苗相關契約被中央政府蓋牌，時任立委蔣萬安不只在會議中要求公開，更在會後默寫出條款，將中央政府的黑箱公之於眾，「疫苗相關契約就是以密件形式保存30年，密件就是密件，不讓人民看，就是蓋牌。」關於夏莉絲部分，北市府說，先前早已澄清，該托嬰中心遭評為乙等的結果，2024年就已公開於衛福部網站。沈伯洋委員的指控，與事實不符更是無端污蔑。    ,https://news.ltn.com.tw/news/politics/breakingnews/5535854
中國灰色襲擾！2偷渡客趴趴走7天被逮辯稱迷航將追查動機,政治,2026/08/11 14:10,新北市八里台北港北堤上月底驚傳2名中國偷渡客搭橡皮艇上岸，海巡7天後查獲2名偷渡客，移送法辦裁定羈押，將進一步釐清來台動機及是否與中國灰色襲擾戰術有關。（記者吳仁捷翻攝）2名中國籍男子上月底駕駛橡皮艇到新北市八里台北港北堤上岸，海巡人員7天後到桃園查緝到案，兩人落網後辯稱是迷航，但船上有油桶、釣竿、3件救生衣，海巡懷疑適逢漢光演習及城鎮韌性（防空）演習期間，不排除中國灰色戰術襲擾。據了解，全案起因一名釣客上月24日前後到八里台北港北堤一帶釣魚，第2天注意到沙灘上停放一條橡皮艇，第3天查看艇內，赫見留有中國字樣油桶、衛生紙、百事可樂等物品，及3件救生衣，釣客Po網後隨即報案。請繼續往下閱讀...海巡署今天說明，全案發生時間上月23日，一名釣客在八里台北港北堤發現一艘橡皮艇在堤岸停放3天，之後發現疑是中國偷渡客報案，海巡北部分署八里安檢所人員、偵防分署案發後擴大調閱監視器，案發6天後在桃園市朝陽森林公園，逮獲抓到35歲欒姓男子、44歲于姓男子等兩名偷渡客。據透露，兩人到案後供稱，因迷航上岸後，時沿路走到市區、露宿街頭，辯稱來自山東青島、及新疆烏魯木齊人，身上帶著台幣現金、手機。偵訊時，兩嫌辯稱從福建駕船出海釣魚，因迷航才往西開到台灣。專案小組勘驗後，發現橡皮艇遺留油桶，懷疑這兩名中國偷渡客疑與中國灰色襲擾手法有關，除羈押兩人，將再深入追查有無人員接應及來台動機。    ,https://news.ltn.com.tw/news/politics/breakingnews/5535851
澳洲昆士蘭州跨黨派議員團訪台 將參訪資通科技、警政建設,政治,2026/08/11 14:06,澳洲昆士蘭州跨黨派議員團訪台10日至14日訪台。左起為州議員麥珂瑪紅（Melissa McMahon）、州長助理廳長瓦茲（Trevor Watts）及州議員杜莉（Kerri-Anne Dooley）。（圖由外交部提供）澳洲昆士蘭州跨黨派議員團昨（10）日至14日訪台。外交部今（11）日表示誠摯歡迎，並指出，訪團在台期間將接受外交部款宴、拜會我國政府相關部門，並參訪我國資通訊科技發展、醫療、能源及警政建設，探討未來合作契機，促進雙方實質交流與夥伴關係。外交部說明，訪團成員包含澳洲昆士蘭州州長助理廳長瓦茲（Trevor Watts）、州議員杜莉（Kerri-Anne Dooley）與州議員麥珂瑪紅（Melissa McMahon）。訪團在台期間除接受外交部款宴外，也將拜會我國相關政府部門，就共同關切議題交換意見，並參訪我國資通訊科技發展、醫療、能源及警政建設等領域，深入瞭解台灣在科技創新、能源轉型與公共安全等方面的發展成果，探討未來合作契機，以促進雙方實質交流與夥伴關係。請繼續往下閱讀...外交部指出，台澳共享民主、自由、法治與人權等普世價值，雙方長期在經貿、教育、科技及地方交流等領域維持密切合作。台灣與昆士蘭州在產業、教育與觀光等方面互動頻繁，具深化合作極大潛力。外交部表示，期盼在既有良好基礎上，與昆士蘭州各界攜手合作，持續提升台澳友好關係，共同促進印太地區的繁榮、穩定與發展。    ,https://news.ltn.com.tw/news/politics/breakingnews/5535814
李政軒涉洩密案30萬交保！周軒揭「早有異狀」：蔣市府知道多久了？,政治,2026/08/11 14:01,前北市府發言人李政軒（左）、台北市長蔣萬安。（本報合成，台北市政府提供、資料照）台中市政府秘書處爆發勞務採購洩密案，昨（10）日才請辭的前台北市發言人李政軒也涉案，30萬元交保。台北市長蔣萬安受訪時表示，據了解這是多年前多次調查不成立的舊案，希望司法能勿枉勿縱。不過，政治工作者周軒則提出質疑「當初是誰力保李政軒接替殷瑋的發言人之位？蔣萬安團隊你們知道李政軒的案子多久了？」周軒今（11）日在臉書發文表示，本來台北市府發言人的位置是殷瑋，後來換給李政軒，其他3位還只能是副發言人，顯見蔣萬安乃至於殷瑋對李政軒的信任，甚至相關節目首播畫面上都還能看到李政軒的身影。請繼續往下閱讀...然而，周軒質疑，「可是你有多久沒看到李政軒這個正牌發言人出來受訪了？」他指出，近期市府發言工作幾乎都是由其他發言人代打，甚至是「前任」發言人出來面對媒體，「所以問題來了：當初是誰力保李政軒接替殷瑋的發言人之位？蔣萬安團隊你們知道李政軒的案子多久了？」    ,https://news.ltn.com.tw/news/politics/breakingnews/5535789
前發言人李政軒涉洩密30萬交保竟稱「生涯規劃」 簡舒培轟蔣萬安「蓋牌」,政治,2026/08/11 13:59,台北市議員簡舒培質疑前發言人李政軒涉洩密30萬交保竟稱「生涯規劃」，質疑蔣萬安「蓋牌」，還有多少事瞞著市民。（資料照，記者田裕華攝）台北市政府前發言人李政軒10日以個人生涯規劃請辭獲准，今（11）傳出他之前任職台中市政府秘書處時涉勞務採購洩密案，以30萬元交保。台北市議員簡舒培說，發言人涉案30萬交保竟稱「生涯規劃」！蔣萬安還要蓋牌？質疑蔣萬安市府到底還有多少事情要瞞著台北市民？簡舒培表示，李政軒請辭，市府對外只說「個人生涯規劃」。媒體今天揭露，他早在8月6日就因任職台中市政府期間的勞務採購疑似洩密案，遭檢調搜索、約談，訊後30萬元交保，並限制出境、出海。10日宣布請辭，市府卻只用一句「生涯規劃」帶過？請繼續往下閱讀...簡舒培質疑蔣萬安什麼時候知道？李政軒有沒有報告？如果早就知道，為什麼對外隻字不提？如果不知道，一個市府發言人遭搜索、交保，市長竟然毫不知情？更重要的是，李政軒任職台中市府期間因疑似洩密案遭檢調偵辦，那麼他到了台北市政府後呢？簡舒培說，李政軒從秘書處、媒體事務組、副發言人一路做到發言人，能夠接觸大量市政資訊及府內資料。北市府難道不用啟動內部清查？清查他在北市府接觸過哪些機密或敏感資料？有沒有異常調閱、傳輸或外流？相關資訊權限及紀錄是否已經全面清查？她表示，李政軒是否犯罪，尊重司法調查；但蔣市府有沒有隱匿資訊，以及台北市政府的資訊安全有沒有風險，蔣萬安現在就必須說清楚！要求公布8月6日至10日完整時間軸，並立即啟動內部清查，給台北市民一個交代，不要再拿「生涯規劃」蓋牌！    ,https://news.ltn.com.tw/news/politics/breakingnews/5535865
徐春鶯一審判7年  莊瑞雄示警：顯示中共滲透恐已深入台灣選舉,政治,2026/08/11 13:58,民進黨團幹事長莊瑞雄。（資料照）曾列民眾黨不分區立委中配徐春鶯，涉受中方滲透來源指示，幫時任台北市長候選人黃珊珊及總統候選人柯文哲站台，更經營地下匯兌又涉詐貸等，新北地院今一審宣判徐春鶯犯反滲透法2罪等多罪合併判刑7年。民進黨團幹事長莊瑞雄強調，這起案件真正值得警惕的是案件所呈現的中共滲透手法，已經可能深入台灣的社團、政治活動甚至選舉。莊瑞雄表示，司法案件尊重法院判決，全案仍可上訴；但這起案件真正值得警惕的，不只是徐春鶯一審被判7年，而是案件所呈現的中共滲透手法，已經可能深入台灣的社團、政治活動甚至選舉。請繼續往下閱讀...「民進黨反對的是滲透，不是新住民；防範的是中共介選，不是針對中配。」莊瑞雄強調，絕大多數新住民朋友在台灣安居樂業、認同這塊土地，不應因少數個案被貼上標籤。刑度能不能有效嚇阻，不能只看「合併7年」這個數字，更重要的是，對於接受境外敵對勢力指示、介入台灣選舉的行為，法律必須具有足夠的嚇阻力，執法也必須落實。他呼籲，台灣歡迎正常交流，但絕不容許假交流之名、行滲透之實，更不能利用台灣的民主自由，反過來傷害台灣的民主。這條紅線，不分黨派、不分身分，任何人都不能踩。    ,https://news.ltn.com.tw/news/politics/breakingnews/5535829
九合一選舉成中共對台「成敗關鍵」 陸委會：中共介選眾所周知,政治,2026/08/11 13:57,陸委會今日表示，中共介入台灣選舉是眾所周知的事實，相關單位高度防範外，也希望民眾警惕中共操弄。（資料照）中共高層正在進行北戴河會議，據國安單位掌握，本次政事議題聚焦對美、對台兩大軸線，2026年台灣九合一選舉，被中共視為對台工作關鍵成敗，要求給予「在台愛國力量」最大支持。陸委會今日表示，中共介入台灣選舉是眾所周知的事實，相關單位高度防範外，也希望民眾警惕中共操弄。中共北戴河會議對台策略鎖定4大面向：反對以武謀獨、強化對台「實質治理」、整合資源打擊台獨，並將2026台灣九合一選舉視為中國對台工作關鍵成敗，下令務必給予在台「愛國力量」最大支持。請繼續往下閱讀...陸委會11日回應，中共介入台灣選舉是眾所周知的事實，相關單位高度防範外，也希望民眾警惕中共操弄；熟稔中共統戰的官員受訪表示，對於中共要介入台灣地方選舉，調查局、地檢署都會積極偵辦。暑假期間，鎖定台灣青年的赴中交流團依然很多，這段期間就是專門做學生團，介選那些的一定是跑不掉。陸委會副主委沈有忠今年3月曾在1場座談會上提及，中共對台政策主軸維持兩手策略，隨著九合一地方選舉接近，研判北京將加大透過各類交流手段，試圖介入台灣民主程序。沈有忠指出，九合一選舉是地方選舉，不過中共可能透過各式交流擴大介選行為，試圖影響台灣選民認知與選舉結果。政府支持兩岸健康有序交流，堅決反對任何干預內政的統戰作為，呼籲國人提高警覺。    ,https://news.ltn.com.tw/news/politics/breakingnews/5535823
質疑檢調搜索時機 中市府：調資料已5年多、必要性、合理性令人費解,政治,2026/08/11 13:52,台中市法制局長李善植（中）與現任祕書處長謝佳蓁（右）說明市府祕書處遭搜索案。（記者蘇孟娟攝）台中市政府驚傳遭檢調搜索查勞務採購洩密案，包括前台中市府祕書處長、市府參議顏迺倫，以及當時擔任台中市長盧秀燕秘書的李政軒（前台北市發言人，昨辭職）交保；台中市法制局長李善植指出，這是祕書處6年前辦理的青年模擬聯合國會議舊案，調查局約在2021年成案，目前檢調強制處分的結果也是交保，大部分的同仁都是請回，「涉案情節的嚴重性，可能不像外界想像」，市府尊重司法，盼勿枉勿縱，若當事人真的清白要盡速還當事人的清白。李善植強調，此案是秘書處2020年辦理的模擬聯合國案件，活動也順利圓滿完成，但因內部有同仁因為升遷不滿，不斷向調查局檢舉，檢舉內容市府並不清楚，調查局約在2021年成案，期間一直有向市府調資料，令人覺得費解的是，這個案子資料已調了5年多，一直到日前才發動搜索，搜索的必要性跟合理性，是比較讓人覺得有問題的地方。請繼續往下閱讀...至於外界關注李政軒當年的工作，李善植則指出，李政軒當時應該是在市府的工策會服務，相關的案情及具體事實有待檢調的釐清；記者打顏迺倫手機無回應。現任祕書處長謝佳蓁指出，當時市府參考外縣市業務首次舉辦青年模聯活動，採購找廠商來承辦活動，此案採購金額150萬，今年舉辦到第六屆，每一年都是叫好又叫座，是秘書處很正常的相關業務，包括高雄市、新北市政府均有辦類似的活動。至於相關被調查人員是否異動，李善植指出，因案件具體事實尚待釐清，在事實結果未明朗前，現階段尚無人事相關決定。    ,https://news.ltn.com.tw/news/politics/breakingnews/5535797
台中親子館借教玩具竟要上傳戶口名簿「個資全都露」  社會局長：取消上傳,政治,2026/08/11 13:39,張芬郁（中）等議員關切親子館借玩具竟要上傳戶口名簿，家長抗議個資全都露。（記者蘇孟娟攝）台中市已開辦26間親子館，委外營運經費一年逾1.6億，台中市議員張芬郁今質詢指出，申辦親子館會員開通借閱教玩具，竟被要求須上傳幼兒健保卡和戶口名簿，家長不滿個資「全都露」，要求簡化手續；社會局長廖靜芝表示，八月底會改變親子館借閱辦法，無須再上傳證件，只要勾選在未歸還教玩具時，可以調閱個資資料催促歸還。台中市議會今民政社會業務質詢，議員張芬郁、陳雅惠、謝家宜、蕭隆澤、陳淑華、陳俞融等人聯合質詢，關切全市26間親子館運作；張芬郁表示，台中在25個行政區開辦有26間親子館，預計年底要達成29個行政區30間，台中市0-6歲幼兒有13萬3304人，目前申辦親子館會員人數是6萬2571人，申辦比率大約46%，親子館是家庭育兒好幫手，應該廣讓家長使用。請繼續往下閱讀...張芬郁指出，但家長申辦親子館會員開通借閱資格，必須上傳幼兒健保卡和戶口名簿，家長屢反映不便民且憂慮個資安全，要求取消上傳規定，並且和辦理市圖借書證手續一樣，家長到戶政辦理新生兒登記時，即可同步申辦成為親子館會員。市議員謝家宜也要求社會局改變上傳證件方式，並指出北屯區幼兒人口數最多，等了8年親子館還沒有完成，要求擬定啟用時間，不是配合市長時間衝業績。市議員陳雅惠則指出，台中東區親子館原訂2024年10月完工，至今仍未開辦，從施工、驗收到消防接連出問題，市府把關明顯失靈，要求釐清責任、限期改善，確保12月如期開辦，別再讓東區家長苦等。廖靜芝允會改變親子館借閱辦法，無須再上傳證件，只要勾選在未歸還教玩具時，可以調閱個資資料催促歸還；包括北屯區及東區的親子館則會在12月前啟用。    ,https://news.ltn.com.tw/news/politics/breakingnews/5535671
今年剩5個月98％預算還在卡 民進黨轟藍白：花掉的預算竟要凍結？,政治,2026/08/11 13:39,民進黨發言人林楚茵。（資料照）115年度中央政府總預算案送入立院已過348天，民進黨發言人林楚茵今痛批，藍白立委將預算審查當「菜市場喊價」亂刪、亂凍，無理追殺各行政機關，致使今年度總預算高達98%被卡住，恐造成已支用預算遭凍結的荒謬情況，連新興民生預算也因未三讀而無法動支，呼籲在野黨切莫聯手空轉國家、讓今明兩年度總預算在立院相撞，別再當薪水小偷、眷戀免責特權，當個對國家忠誠的民意代表。林楚茵表示，藍白打著監督政府、守護人民納稅錢的大旗進行政治報復，蠻橫無理、缺乏專業。國民黨提案凍結、刪除公視與 TaiwanPlus 近10億元預算，引發15萬人連署發聲，連無國界記者組織（RSF）與全球公共媒體聯盟（PMA）都敦促撤回提案；民眾黨則因不滿柯文哲案「公開播送」，提案減列司法院的司法行政業務費5000萬元、資訊作業費7000萬元，導致司法院面臨關門危機。請繼續往下閱讀...林楚茵指出，今年只剩不到5個月，今年度總預算仍有98%被藍白卡住，朝野協商仍有約200項提案保留，行政機關依「預算法」按去年法定預算額度執行早已超過半年，藍白若大幅度刪凍，將出現已支用預算被無效凍結的荒謬現象。藍白雖決議讓718億元新興計畫預算先行動支，但未經三讀決議不具正式效力，一旦動支，恐讓公務員面臨違法風險，在野黨持續的政治操作與無理杯葛，不僅讓民生受到重大影響，更是陷恪盡職守、兢兢業業的公務員於不義。林楚茵痛批，藍白立委蓄意將院會推延到8月底，卻怠忽職守不排審總預算，立法院長韓國瑜跑去凱道作秀、副院長江啟臣主持院會11分鐘閃電散會、藍白委到處安排考察。她呼籲在野立委不要再當薪水小偷、眷戀立委免責特權，加速讓今年度的總預算通過，當個對國家忠誠的民意代表。     ,https://news.ltn.com.tw/news/politics/breakingnews/5535847
前發言人李政軒「生涯規劃」請辭隔天爆洩密案 許淑華轟蔣萬安：知情隱瞞、不知情失靈,政治,2026/08/11 13:33,台北市議員許淑華表示，北市府前發言人李政軒因「生涯規劃」請辭隔天爆洩密案，蔣萬安若知情隱瞞或不知情，都無法讓人接受。（資料照，記者方賓照攝）台北市政府前發言人李政軒10日以個人生涯規劃請辭獲准，今（11）傳出他之前任職台中市政府秘書處時涉勞務採購洩密案，以30萬元交保。台北市議員許淑華質疑台北市長蔣萬安不知道李政軒涉洩密案嗎?若不知情，代表市府對人事與危機的掌握完全失靈；若知情卻以「個人生涯規劃」帶過，就是主動對市民隱瞞，都無法讓人接受。許淑華說，台中地檢署8月6日搜索台中市府秘書處。李政軒8月10日就被北市府以新聞稿宣布請辭獲准，理由是「個人生涯規劃」。8月11 日案情曝光，外界才得知李政軒被請辭的真正原因。請繼續往下閱讀...許淑華提出3點質疑，首先是蔣萬安事前到底知不知情？如果不知情，代表市府的人事與危機掌握完全失靈，一個天天代表市府對外發言的人出了狀況，市長竟然是看新聞才知道；如果知情卻選擇用「個人生涯規劃」帶過，那就是市府主動對市民隱瞞。兩個答案，沒有一個是可以接受的。其次，蔣萬安今天早上受訪說是「多年前經過多次調查，沒有成案的案子」，為什麼用「沒有成案」來輕描淡寫？ 事實是，檢方上週才發動搜索，當事人被以 30 萬元交保並限制出境。這叫沒有成案嗎？蔣萬安對司法程序的描述，和檢方正在做的事，落差這麼大，急著幫當事人定調，是市長該做的事嗎？許淑華最後指出，市長的用人標準到底是什麼？發言人是市府的門面，代表的是市政府的公信力。市長把這個位置交給誰、用什麼標準檢核、出事之後怎麼處理，市民都看在眼裡。台北市政府的誠信不是市長一個人的事，是攸關兩百多萬市民的事。她尊重司法調查，該由檢方查清楚，但市府應說明市長及相關人員何時知悉此案，這是市長的責任！    ,https://news.ltn.com.tw/news/politics/breakingnews/5535830
王榮璋曝監委成績墊底原因 翁曉玲嗆：別以此為藉口,政治,2026/08/11 13:17,國民黨立委翁曉玲質疑，監察院副院長被提名人王榮璋第六屆任內調查案件量全院倒數第一、半年無辦案，且濫用公務車僅獲「促請注意」。（記者王藝菘攝）立法院全院委員會今（11日）審查監察院副院長被提名人王榮璋人事案。國民黨立委翁曉玲質疑，王第六屆任內調查案件量全院倒數第一、半年無辦案，且濫用公務車僅獲「促請注意」。王榮璋回應，因專職人權委員會，將主要精力投入人權業務；公務車爭議則因院內理髮部障礙無法符合他。翁曉玲怒嗆，不能以此為藉口，並批評監院只打蒼蠅不打老虎，對行政院長不副署法律等大案不聞不問，已被看穿是「綠色政權保衛隊」。翁曉玲指出，看見總統賴清德提名的監委名單，她坦言，發現王榮璋與另外6位委員仍獲總統提名留任，令人感到驚訝，因為第六屆的監委表現差強人意。翁引述媒體報導說，王在第六屆監委任內調查案件數量位居全院倒數第一，六年僅參與25件調查報告，與倒數第二名的76件相差50件以上，更曾有半年未處理任何案件；此外，更因公務車使用爭議遭監院「促請注意」。請繼續往下閱讀...王榮璋回應，六年內參與案件數實為31件，雖然在所有的委員裡面是最少的，但主要原因是他希望在人權委員能夠符合「巴黎原則」要求人權委員必須是專職，所以在監委兼任國家人權委員會委員情況下，才低度參與監察調查工作，將主要精力投入人權業務。針對公務車爭議，王榮璋說明，其公務車使用與立委不同，且2018年至2025年預算審查通過者均為「首長座車」，之所以沒有辦法在擔任立法委員的時候一樣，使用院內的理髮部，主要的原因是他的障礙無法符合。翁曉玲不等王榮璋說明，翁反駁，公務部門過去濫用公務車被判刑、彈劾都有案例，但監察院對自己很寬容，只要監委們注意，甚至對前秘書長李俊俋帶狗美容也未追究，難怪外界無法信任監委自律；更何況不能因為王榮璋擔任國家人權委員會的委員，就有這樣的藉口，畢竟其他委員，也是擔任國家人權委員會的委員。對於前院長陳菊請病假一年多未上班，王榮璋表示，是合法合規請假，翁曉玲則認為政務高官一年半不上班，尸位素餐表現其實大家都不能接受，社會自有公評。翁曉玲更批評，這屆監察委員給國人的印象是只辦雞毛蒜皮小案，如查蘿蔔糕有無蘿蔔，對雞蛋弊案、疫苗弊案、新竹棒球場弊案，乃至行政院長卓榮泰不副署法律、不依法編列預算等公然違法違憲大案卻不聞不問，難怪被大家批評只打蒼蠅，不打老虎，而是綠色政權保衛隊。翁曉玲也透露，她曾對卓榮泰違法失職提出陳情，卻在第六屆監委卸任最後一天收到監院「不予立案調查」的回文，隨附的5頁會議紀錄也無任何理由，作風粗糙、草率。王榮璋坦言，回文內容應更詳細，未來監院應該改善。對於不副署這部分，這是憲法賦予行政院長的職權，不是針對卓榮泰先生，而是對行政院。翁曉玲最後說，王榮璋對行政院長不副署等問題均回覆與監院職權無關，難怪被譏笑只會查小案；戒嚴時代監院尚可彈劾行政院長，本屆監院卻無勇氣彈劾高官，已被大家譏笑為酬庸院或養老院。    ,https://news.ltn.com.tw/news/politics/breakingnews/5535808
監院副院長被提名人王榮璋說明公務車爭議 承諾建立透明管理制度,政治,2026/08/11 13:15,副院長被提名人王榮璋面對先前公務車私用爭議，他主動說明表示，因個人身體障礙限制且當天公務會議臨時取消而提前下班，才順道鄰近店家理髮，不過油料等費用均由他自行負擔，未損害公務資源。（記者王藝菘攝）立法院全院委員會今（11日）審查第七屆監察委員。副院長被提名人王榮璋面對先前公務車私用爭議，他主動說明表示，因個人身體障礙限制且當天公務會議臨時取消而提前下班，才順道鄰近店家理髮，不過油料等費用均由他自行負擔，未損害公務資源。他坦言院內管理與外部監督標準存有落差，願意接受指教並支持建立更透明的用車制度。立法院今日召開全院委員會，審查監察院第七屆監察委員。王榮璋指出，他相信監察權的行使，必須建立在證據程序、公共利益之上，而不能受到政治立場、個人好惡、外在壓力影響，未來若能獲得立院的同意，他將協助院長，營造尊重委員獨立判斷、重視程序正義、強化專業幕僚的工作環境，使重大公共爭議、人民陳情案件，能在完整蒐證，充分聽取意見，嚴謹辨明事實的基礎上處理。請繼續往下閱讀...王榮璋表示，國家人權委員會的工作，不僅是對個案的關切，更在於從憲法價值以國際人權標準出發，解釋國家制度、施政是否真正尊重人的尊嚴、平等、自由，本人將接力依據巴黎原則要求，持續強化亞太地區國家人權機構論壇、國家人權機構全球聯盟等交流合作，促進人權會成為具完整獨立性國家、人權機構，讓調查、研究、政策建議、人權教育能更順利開展，並促使脆弱群體、邊緣處境者的聲音能被聽見、被理解，並轉換為可以落實的改革方向。另外，王榮璋在被提名監院副院長的自傳中自述，他於週歲時感染小兒麻痺病毒，成為需要輔具助行的肢體障礙者。鑑此，對於公務車問題，他說，因為自己的設備及本人障礙限制，無法配合使用其他方式，當天則是因公務會議臨時取消而提前下班，途中順道前往鄰近店家理髮。王榮璋指出，所有公務車使用的油料、保險及維修費用，均由他本人自行負擔，沒有造成公務資源損害。這輛配屬車輛從2018年至2025年，在立法院通過的監察院法定預算公務車輛明細表中，均被列為「首長專用車」，並非統一調派的車輛。在2016年4月修正「監察院公務車輛及駕駛人員管理要點」之前，監察委員用車是依照「監察院監察委員使用車輛規定」辦理。王榮璋坦言，相關情況顯示監察院內部的管理和外部監督標準存有確實落差，他願意接受外界指教，也支持建立更加透明、一致的公務車管理制度，未來若承擔副院長職責，會以謙卑專業、堅定的態度，相助院長、尊重委員、服務人民，讓監察院與國家人權委員會成為人民信任、社會期待、並能夠持續推動民主深化的重要機制。    ,https://news.ltn.com.tw/news/politics/breakingnews/5535738
摩洛哥停辦「簽證確認函」 外交部：不見得是針對台灣將持續溝通,政治,2026/08/11 13:10,外交部亞西及非洲司司長顏嘉良。（記者黃靖媗攝）摩洛哥7月暫停受理我國人申請赴摩國的「簽證確認函」（Visa Confirmation Letter，VCL），我國外交部也基於對等原則，暫停受理摩洛哥籍人士來台的簽證申請。外交部亞西及非洲司司長顏嘉良今（11）日表示，摩洛哥宣布暫停受理「簽證確認函」，不僅影響我國，伊朗、科索沃等國也會受影響，因此摩國此舉不見得是針對台灣。外交部持續透過管道了解、說明，希望儘早改善此情況。顏嘉良今日於外交部例行記者會說明，摩洛哥政府7月20日訓令其全球使領館暫停受理赴摩洛哥的簽證確認函，我國政府基於交流對等原則，宣布自7月30日起除專案核准外，暫停受理摩洛哥籍人士來台簽證申請。請繼續往下閱讀...針對專案核准對象範圍，顏嘉良說明，主要限於維護家庭團聚之探親及依親、配合我國政府來台就讀學位之學生、應我國政府邀請來台公務行程以及就醫等4原因。顏嘉良表示，據了解，由於不只有台灣需藉由申請「簽證確認函」赴摩洛哥，伊朗、科索沃等國也是適用此規定。摩洛哥此舉不見得是針對台灣，但台灣循此管道進入摩洛哥的人數可能為最大宗。顏嘉良表示，外交部持續透過管道，經由理念相近國家協助我方了解說明，希望及早改善此情況。外交部再次也呼籲摩洛哥政府應正視及維持兩國人民商旅互訪便利，早日恢復雙邊正常民間交流。此外，烏干達近期也有2名國人遭移民官員扣留護照、拒絕入境，顏嘉良說明，相關情形外交部均有掌握，目前有1名國人已成功離境，另1名仍在持續協助中。顏嘉良指出，據第一時間了解，烏干達扣留我國人護照是因為我國因防疫措施暫停烏干達國人入境，但後續也有其他不同資訊，外交部積極了解、確切原因，並持續溝通。外交部與衛福部8月底也會開會檢討先前宣布暫停烏干達與剛果民主共和國國人入境的暫時措施。肯亞方面，顏嘉良表示，外交部6月便注意到肯亞提出不承認台灣護照，但目前肯亞電子簽證系統還是可以運作，台灣人還是都有用此系統成功入境肯亞，目前沒有國人前往受阻的情況。顏嘉良指出，近期數起非洲國家對我採取不友善及片面的簽證限縮政策，外交部除將持續透過適當管道積極交涉外，同時提醒國人出行前應注意相關國家簽證政策變化。若有相關需求，請國人隨時撥打外交部緊急聯絡電話。    ,https://news.ltn.com.tw/news/politics/breakingnews/5535780
從器官買賣看疫苗爭議 吳欣岱點破藍白政治話術,政治,2026/08/11 13:03,吳欣岱。（資料照）台灣基進台北市議員參選人吳欣岱今日針對器官移植與武漢肺炎（新型冠狀病毒病，COVID-19）疫苗爭議發文表示，議題設定對公共討論至關重要。她解釋，器官移植因生理限制無法達到「供需平衡」，但不能因此將活摘器官、器官買賣或器官仲介合理化。若先把「供需平衡」設定為政策目標，更聲稱正常制度做不到而逼迫大眾接受非常手段，此種論述邏輯十分危險。吳欣岱指出，武漢肺炎疫情嚴峻時期，台灣透過研發本土武漢肺炎疫苗、爭取國外採購以及在疫苗覆蓋率還不足的時候，透過社交距離與感染防護降低疫情衝擊。「這3件事情，我認為當時的台灣都有做，而且整體而言做得很不錯，不然也不會有國際期刊來分析台灣的防疫政策。」請繼續往下閱讀...吳欣岱直言，不過當時藍、白陣營喊出「解封時沒有足夠疫苗，就是政府無能」、「不進口中國疫苗，就是政治操作」、「高端還沒完成3期，就是貪污圖利」。她批評，這些說法看似在要求政府「做得更好」，但真正的問題是：他們把「做到最好」設定成一個現實上幾乎不可能達成的標準。吳欣岱譬喻，若一張考卷最高就是100分。如果有人硬說，政府應該考到120分；考不到，就證明制度失敗；既然制度失敗，那作弊似乎也情有可原，她認為「那麼120分這個不存在的標準，本身就是作弊的藉口」。吳欣岱直指，藍白陣營把「120分」不存在的標準當成攻擊武器，一旦政府做不到就宣布政策失敗，進而替作弊或非法手段尋找合理性。她強調，政治不該變成比誰開價更高的競賽，如果我們連「什麼是現實上能做到的最好」都不能討論，民主政治就只會不斷陷入二元對立與空轉。吳欣岱最後說，政治人物有責任說明限制，也有責任接受人民檢驗；人民可以要求政府做到最好，但「最好」必須建立在事實上，而不是建立在一個永遠無法達成的幻想上。一起設定一個現實中能達成的最好成績，再彼此督促、想辦法往那個成績前進。我認為，這才是民主制度最健康的樣子。    ,https://news.ltn.com.tw/news/politics/breakingnews/5535667
暴雨狂炸中國基地！飛彈車受困 趙曉慧笑稱「氣象武器」,政治,2026/08/11 12:56,今年第15號輕度颱風昌鴻直撲日本。（圖擷取自氣象署）今年第15號輕度颱風昌鴻直撲日本，預計可能今晚以前登陸關東地區。對此，作家趙曉慧笑稱，「最近這幾年的颱風真的超級有靈性，像長了眼睛一樣」，颱風從菲律賓或太平洋生成，經過台灣卻沒釀成大災，幫台灣灌飽水庫之後，隨即直接撲向中國引發大洪災，「白海豚」颱風這陣子直接掃過福建北部和中部沿海，解放軍第一線的軍事基地簡直被打到懷疑人生。趙曉慧今發文指出，中國閩北山（南平、武夷山）連日極端暴雨引發大規模土石流與山崩，雖中國解放軍火箭軍與陸軍野戰部隊主體藏於洞庫，但聯外公路遭掏空淹沒，重型飛彈發射車（TEL）與重裝甲車全數受困山區，野戰機動能力瞬間停擺。請繼續往下閱讀...趙曉慧接著說，除了山區陸軍受到牽制，離海岸較近機場與海軍基地同樣災情慘重。湛江、廈門、寧德與舟山等東海艦隊與南部戰區大本營，颱風一來暴潮直接讓海水暴漲2至公尺，修造船廠、油料庫、岸置電源全部泡在鹽水裡，高腐蝕性鹽水導致設備維修報廢成本暴增。「海水腐蝕性極強，發電設備跟保養車輛只要泡過，後續報廢跟維修成本高到嚇人！」此外，龍田、惠安、樟港等前線機場離海岸極近，幾百毫米暴雨一砸下來，周邊排水跟著地方一起癱瘓。跑道積水戰機根本無法起降，導航雷達跟燈光系統一泡水，整座機場直接廢掉。藏在福建、江西山區的火箭軍，最依賴山區公路。豪雨引發土石流掏空路基、斷掉橋樑，飛彈車就直接困在洞庫裡動彈不得，甚至連洞庫出口都有被掩埋的風險。趙曉慧直指，「極端暴雨跟颱風不只破壞硬體，在惡劣氣象發生的那幾天到一週內，直接幫解放軍的台海演習與軍事行動按下『強制暫停鍵』；大自然對台灣形成一道新的『氣象防禦線』，真的比想像中還要生猛。」趙曉慧笑說，民間甚至打趣形容蔡英文與賴清德手握「氣象武器」，讓缺乏預測性的氣象成為中共解放軍攻台難上加難。每年6至10月正是太平洋颱風活躍期，海面湧浪超過1.5公尺即可導致兩棲裝甲車與氣墊船翻覆，運兵船也無法順利下放登陸艇。「在地理形勢上，台灣有『天險』護持，我們可以少操點心，只需集中精力對付最大的隱患『人禍』，就是立法院那一幫叛國賊」。昌鴻颱風逼近日本路徑罕見 預計今登陸關東一路向西    ,https://news.ltn.com.tw/news/politics/breakingnews/5535572
2中國偷渡客八里登陸閒晃7天才被逮 海巡署長致歉︰雷達手誤判,政治,2026/08/11 12:51,海巡署發現中國偷渡犯的橡皮艇。（記者姚岳宏翻攝，海巡署提供）2名中國籍偷渡客上月23日駕駛橡皮艇自新北市八里區沙灘登陸，24日橡皮艇被民眾發現報案，在境內閒逛7天才遭逮捕，海巡署事後調查，起因於雷達操作手未依循SOP通報，將雷達光點誤判為海浪干擾並自行消除，屬嚴重人為疏失，海巡署長張忠龍對此致歉，強調絕不包庇，將嚴格追究相關人員責任，並加速導入AI監偵設備補強海防。這起偷渡事件始於上月底，民眾在台北港北堤岸際發現1艘被遺棄的橡皮艇，艇上留有中國儲油鐵桶、簡體字飲料罐、釣竿及救生衣等物品，海巡署第八岸巡隊獲報後調閱監視器追查，直到7月30日才在桃園市將這2名偷渡犯逮捕。由於適逢漢光演習前夕，引發國安單位高度重視，目前2人已由士林地院裁定羈押禁見，檢調正深入追查其犯案動機。請繼續往下閱讀...針對雷達漏接原因，海巡署副署長謝慶欽解釋，當時橡皮艇的光點微弱且忽隱忽現，雖然雷達系統有自動鎖定這類俗稱「小蝌蚪」的不明光點，但該名擁有4年以上資歷的雷操手太過相信自身經驗，他主觀認定該游移光點只是海浪造成的假迴跡，也就是俗稱的「浪干」，因此逕自操作旋鈕解除鎖定並消除光點。依據海巡署標準作業程序，雷操手若發現異常光點，必須先向長官回報，並通報岸際守望哨派員前往實地查證，若經確認為誤判，才能進一步調整雷達靈敏度與參數。然而，該名雷操手卻省略通報步驟，導致線上巡邏人員錯失前推查緝的良機。海巡署進一步表示，從2025年迄今共發生29案偷渡事件、計71人，其中當場查獲22案、61人，人員查獲率為85.9%。儘管在科技裝備尚未全面到位、缺乏AI辨識小型目標的階段，已要求人員將人力效能與雷達敏感度發揮至極限，但仍未能達成國人期待的零漏接目標。對此次人為疏失，海巡署除嚴格究責外，也將持續強化岸際巡邏與海域監控勤務作為，並加速無人機等先進監偵設備的採購進度，全力確保國家安全與海域治安。    ,https://news.ltn.com.tw/news/politics/breakingnews/5535718
林洲民盛讚沈伯洋會解決問題  將是台北市的好市長,政治,2026/08/11 12:47,知名建築師、台北市都發局前局長林洲民今（11）天出席民進黨籍台北市長參選人沈伯洋的「HEART」政策願景發表會。（記者田裕華攝）知名建築師、台北市都發局前局長林洲民今（11）天出席民進黨籍台北市長參選人沈伯洋的「HEART」政策願景發表會，作為政策推薦人之一的他除了是建築師，也是資深台北市民、孩子的父親，他認為，沈伯洋的政見橫跨點、線、面，「到位、完整、可行！」且願意解決問題，台北市民值得一名好市長沈伯洋。林洲民從3個身分切入看沈伯洋的政見「到位、完整、可行！」從資深台北市民的角度，短短不到一百天，就清楚看見沈從空間治理到市政整合一一闡述；從4歲女兒的父親來看，沈提出的人行路徑安全到整體教育系統，可看到下一代和下下一代的未來；而身為建築師，無時無刻都在關心台北市都市設計的尺度跟推動，沈的政見完整，且談的不只是點，是已進展到點、線、面形成空間。請繼續往下閱讀...林洲民進一步提到，他最滿意沈伯洋都市規劃藍圖可從東西向、南北向來看；不只談北士科，談的是北士科、芝山岩、大故宮及整個綠帶相連；不只談藝文，談的是建國高架一路串聯起來的建啤、音圖、花市和玉市到松菸；還有明治橋重建、中山北路至舊市區、台博、北門的百年歷史廊帶，沈伯洋談的是整體空間的重現。之前與沈伯洋多次討論並溝通，「HEART」五大政見主軸絕對是振奮人心的政策加上人文，通常政策只是執行，有了人文才能真正實現。媒體詢問是否認同沈所言台北市政最缺乏的就是「心」，林說「是」，他以不批評現任執政者為前提，指大部分看到問題不是解決問題，而是讓問題看不見，他在沈的身上看到了解決問題，市民值得一名好市長，那就是沈伯洋，「伯洋加油、台北加油、台灣加油！」林洲民認為，台北生活條件很好，有山、河、捷運、公園、密集的學校、商業、文化及公共設施，是多年累積下來的城市資產卻「各自存在」，彼此間不一定連得起來；台北下一階段很重要的事就是更靈活地思考城市建設，把已有的好條件，重新整合起來。他提到，支持沈伯洋成為「我們的台北市長」，不一定只是因為其中幾項政策，而是從他提出的這些方向裡，看到台北還有很多可以繼續往前走的地方。以自身過去參與台北都市發展的經驗來看，這些事情很有可能實現，也正因做過，知道它不會是空想，是有可能一段一段做出來的。    ,https://news.ltn.com.tw/news/politics/breakingnews/5535754
台媒介紹中國電商共用辦公室 背景驚見「統戰」急下架,政治,2026/08/11 12:45,媒體報導的辦公室所在地點，是中國國家級電子商務示範基地「深圳龍崗區康利城」。（圖擷取自微博）有台灣媒體近日進行專題報導，介紹中國跨境電商「1人公司」方便、便宜的辦公室，未料背景竟赫然出現大大的「統戰」2字，報導也立刻被轉PO至社群平台。根據報導，該辦公室所在竟是被視為「統戰辦公室」的中國國家級電子商務示範基地「深圳龍崗區康利城」。有網友昨日在Threads上發文喊「我是不是在背景看到了什麼不能說的秘密？」並貼出一段新聞。只見該專題報導特地跑到中國深圳，介紹1個位置月租只要600元人民幣的共用辦公室。報導中介紹，租下辦公室後，還可免費使用會議室、類戶外環境等公共空間。請繼續往下閱讀...不過，受到網友討論的是，記者背後一面牆上，赫然貼上當地政府「政策扶持」的廣告，其中1項就是「統戰」。影片一出立刻引發爭議，網友紛紛留言：「不演了」、「演都不演了，太厲害了」、「原來是央視啊」。貼文不到24小時已有200萬次以上的瀏覽，同時相關議題也被轉發至PTT與臉書等其他平台。目前該專題報導在YouTube上已被下架，Threads上發文的網友還表示：「對不起我害影片被下架了。」希望報導新聞的記者不要恨他。據查，媒體報導的辦公室所在地點，是中國國家級電子商務示範基地「深圳龍崗區康利城」。該基地揭牌儀式在2023年舉行，龍崗區委統戰部常務副部長劉德平、龍崗區委統戰部副部長溫婉靖都到場出席活動。劉德平當時稱，龍崗區在全市首創「統戰+經濟」的工作機制，不斷完善大統戰工作格局，持續深化企業服務，特別是把發展電子商務作為統戰網絡人士的新舉措，促進經濟增效的新引擎，拓展統戰工作骨幹鏈，園區統戰賦能經濟發展。康利城獲得國家電子商務示範基地，也是龍崗區「統戰+電商」經濟發展模式的成功典範，希望康利城繼續發揮示範帶頭作用。    ,https://news.ltn.com.tw/news/politics/breakingnews/5535566
徐春鶯涉介選判7年！鍾佳濱：無論身份 享受自由就要護國,政治,2026/08/11 12:44,民進黨立委鍾佳濱。（記者王藝菘攝）前民眾黨新住民委員會主委、曾列不分區立委中配徐春鶯，涉受中方滲透來源指示，幫台北市長候選人黃珊珊及總統候選人、前民眾黨主席柯文哲站台，更經營地下匯兌又涉詐貸，以不實名義助滲透來源來台。新北地院今一審宣判徐春鶯犯反滲透法2罪、詐貸犯加重詐欺等多罪合併判刑7年。對此，民進黨立委鍾佳濱表示，不管刑度的長或短，重要的能夠抓得到、能夠判得下去。針對有人提到關於中配遭判刑 7 年刑度是否可行？鍾佳濱認為，對於危害中華民國國家安全的人，不管是所謂的中配的身份，還是國民的身份，只要是在中華民國享受自由憲政體制保障的人民，都有義務要維護這個國家。請繼續往下閱讀...鍾佳濱強調，如果受到中共或境外敵對勢力的收買、滲透，而進行破壞國家安全的事情，不只希望要抓得到，也要判得下去。要抓得到，法院也要審判得下去，這樣子的刑度才有意義。「不管刑度的長或短，重要的能夠抓得到、能夠判得下去！」鍾佳濱說，才能對這些叛國的意圖，對這些危害台灣國防安全、國家安全的行為，予以即時的嚇阻，並且讓他們付出代價。    ,https://news.ltn.com.tw/news/politics/breakingnews/5535776
鄭麗文稱「台灣從來不是國家」 黃暐瀚搬馬英九昔日說法反駁：台灣就是中華民國,政治,2026/08/11 12:44,國民黨主席鄭麗文。（資料照）國民黨主席鄭麗文接受節目「政經關不了」專訪，被問及「台灣的現況就是和平的獨立者」的說法強調，「台灣從來沒有獨立過，台灣也從來不是一個國家」，引發議論。對此，資深媒體人黃暐瀚引述前總統馬英九先前的說法，直言台灣就是中華民國。黃暐瀚在臉書PO文表示，這些年來，已習慣「分階段」拋出證據，一來讓大家可以有時間「消化理解」議題；二來剛好也可以依序回應不同階段網友的「質疑」，什麼「台灣是省，不是國家」、「台灣只是地名、不是國名」、「身分證拿出來」的網友們，再次「召喚」這位曾兩度當選中華民國總統，熟讀中華民國憲法的中華民國前總統出來說明。請繼續往下閱讀...黃暐瀚直言，當年馬英九說，荷蘭就是尼德蘭、尼德蘭就是荷蘭；台灣就是中華民國、中華民國就是台灣，論證，是為了讓事情更清楚，並不是為了吵不停。本題大概也到論述完備的時候，還要繼續堅持「台灣不是國家」的網友們，請繼續！這是你們的自由。至於我堅持主張：「台灣是一個主權獨立的國家，國號就叫中華民國，台灣就是中華民國」。    ,https://news.ltn.com.tw/news/politics/breakingnews/5535607
陳亭妃推AI政見影片 農業、半導體、醫療三軸並進,政治,2026/08/11 12:36,民進黨台南市長參選人陳亭妃推AI科技政見影片，打造台南科技新都心。（記者王姝琇攝）民進黨台南市長參選人陳亭妃今日公布首支AI動畫政見影片，提出以「農業科技、半導體與AI科技、醫療科技」三大科技軸線，串聯溪北、溪南重要產業聚落，讓傳統產業接上科技、半導體接軌全球、醫療導入AI，打造台南成為科技新都心。陳亭妃指出，第1軸「農業科技」是以後壁花卉產業園區為重要基地。台南擁有全球最大的蘭花溫室聚落，花卉外銷實力更是世界第一，未來應結合智慧溫室、生技育種、智慧農業、AI管理與精準生產，要讓台南傳統農業長出科技的翅膀。第2軸則是「半導體與AI科技」，以南科為核心，從一期、二期發展到三期，先進製程與全球供應鏈在台南持續深化。第3軸「醫療科技」，實現賴清德總統的健康台灣。請繼續往下閱讀...陳亭妃強調，科技發展最終目的，不只是創造產值，更要讓科技真正走進人民生活、提升市民健康，台南下一階段的科技發展，必須把「健康」納入城市競爭力；未來將推動AI智慧醫療導入社區與基層照護，結合台南既有的健檢資源，運用AI影像與數據分析，並逐步完整建立「台南健康共照雲」，讓市民更容易掌握自身健康狀況，落實預防重於治療。在醫院端，陳亭妃則主張推動智慧醫院與醫療數位轉型，導入智慧病房、數位病歷、遠距醫療及AI輔助診療等應用，提升醫療效率與照護品質，也減輕醫護人員負擔。另外發展醫療科技、生醫科技、AI醫材與精準健康產業，形成從研發、試驗、醫療應用到產業化的完整生態系，讓台南成為南台灣智慧健康產業的重要研發與展示基地。民進黨台南市長參選人陳亭妃公布首支AI動畫政見影片，打造台南科技新都心。（記者王姝琇攝）    ,https://news.ltn.com.tw/news/politics/breakingnews/5535767
徐春鶯依中方指示幫柯文哲、黃珊珊站台 合議庭批破壞憲政秩序及選舉公平性,政治,2026/08/11 12:28,前民眾黨新住民委員會主委中配徐春鶯。（資料照）前民眾黨新住民委員會主委中配徐春鶯，被控受中方滲透來源指示，幫台北市長候選人黃珊珊及總統候選人、前民眾黨主席柯文哲站台，涉反滲透法外，另又經營地下匯兌又涉詐貸，並以不實名義助滲透來源來台，檢方將她依反滲透法等罪嫌起訴，並求處合計21年6月徒刑，併科罰金2300萬元，新北地院合議庭判定檢方所控犯行及罪名均成立，斥責她配合境外敵對勢力介選，嚴重破壞我國民主憲政秩序及選舉制度公平性，進而對我國主權產生危害，合併判她7年徒刑。不過，本案檢方於論告時，針對徐春鶯所犯各罪，即涉受滲透來源指示介入2022年台北市長選舉，求刑4年8月併科罰金500萬元，總統大選部分求刑4年10月併科罰金800萬元，地下匯兌涉違反銀行法求刑4年併科罰金1000萬元，涉詐貸求刑4年，協助滲透來源假商務之名來台涉兩岸條例，求刑4年，總計求刑21年6月；檢方表示，法院量刑確實與求刑有落差，待收到判決後再行研議是否上訴。請繼續往下閱讀...合議庭審酌，徐及共犯中華兩岸婚姻協調促進會會長鍾錦明都是我國國民，享有我國自由地區施行民主法治的安定生活暨人權保障，其等明知中共為我國境外敵對勢力，長期、多方面滲透我國民主社會，企圖干預、破壞我國民主憲政秩序及社會安定，卻不知嚴拒中共政黨、中共行政機關之派遣人員，恃其等在我國中配群體內的實際影響力，竟於我國總統、直轄市市長選舉時，依境外敵對勢力指示而積極支持特定候選人，配合境外敵對勢力介入影響選舉，嚴重破壞我國民主憲政秩序，危害我國主權，紊亂我國自由地區的民主社會，敗壞社會風氣，並破壞選舉制度公平性，進而對我國主權產生危害，惡性非輕，應予非難。不僅如此，徐及集智公司負責人羅穎竟為私人交情或其他不詳考量，透過集智公司不知情員工製作業務上登載不實文書予移民署，致移民署核發出境許可證，讓滲透來源即上海市委員會祖國和平統一促進委員會副主任孫憲出境許可證非法來台，危害國家機關管制中國人民入台目的，且足以影響移民署對於入出境人士及相關資料審核之正確性，所為應予非難。合議庭認為，徐另為中配群體的支持而從事非法地下匯兌，致政府無法對國內外資金往來進行即時有效之控管，妨害我國金融匯款交易秩序；此外，徐與其女兒卜啟正，羅穎，均明知徐及卜未任職於羅的集智公司，竟為取得資金購買不動產，以虛偽的在職證明、顧問合約書等文件對合庫蘆洲分行施以詐術，共同詐得2697萬元，以支付購買美麗山林房地款項。合議庭並審酌徐僅就涉有自白減刑規範的犯罪坦承，矢口否認依滲透來源指示介選，最後以徐春鶯犯反滲透法2罪，分別判刑2年及2年2月，涉地下匯兌犯銀行法判刑1年8月，詐貸部分犯加重詐欺判刑1年5月，協助滲透來源來台犯兩岸人民關係條例判刑1年4月，合併判刑7年；鍾錦明犯反滲透法1罪判刑2年。徐的女兒卜啓正詐貸因認罪，並與合庫蘆洲分行達成調解獲得其恕宥，犯後態度良好，判刑1年，緩刑4年；羅穎詐貸及假商務之名助滲透來源來台，犯加重詐欺及兩岸人民關係條例各判刑1年2月合併判刑2年。    ,https://news.ltn.com.tw/news/politics/breakingnews/5535737
同涉貪瀆風暴 高虹安今訪台東為吳秀華加油,政治,2026/08/11 12:24,新竹市長高虹安（左）與台東縣議長吳秀華打勾勾，相約各自當選後再交流。（記者黃明堂攝）新竹市長高虹安應台東縣長饒慶鈴之邀，今天率市府團隊參訪台東博覽會，台東縣議長吳秀華也陪同；台東縣府近來因圖利吳家族的「東映」渡假村，參選縣長的吳秀華成爭議焦點，高虹安則涉助理費貪凟案遭偵辦，她以過來人身分勉勵吳秀華，並打勾相約各自當選新竹市長、台東縣長後再度交流。高虹安因助理費案涉及貪污罪，全案目前上訴至最高法院審理中；而吳秀華家族投資渡假村案，日前亦因涉及台東縣政府農業處官員涉嫌圖利與貪污罪嫌而引發社會關注，儘管吳秀華本人目前尚未正式被檢方列為被告，兩位身處輿論焦點中的女性政治人物在公開場合同框，頓時讓這場主打慢生活與永續展覽的博覽會，添了幾分微妙的政治想像空間。請繼續往下閱讀...面對媒體追問，高虹安提及自己過去經歷低潮與痛苦時期來到台東時，曾獲得許多加油與打氣。談及司法爭議，高虹安表示，大家都不是當事人，無法看到案卷內容，因此無法對司法做出判斷；但她強調，希望每一位政治人物或公眾人物在面對此類情況時都能「莫忘初心」，保持當初站出來為民眾服務的心，並直言只要相信這一點，很多事情都能夠挺過去。隨後高虹安稱讚吳秀華在議長任內為台東付出許多，與縣府合作無間，在地方治理、預算把關及產業推動上的努力有目共睹。她指出，司法終歸會回歸司法判斷，且過程需要蠻長一段時間，外界在司法定讞前不宜預先下定論，應著眼於政治人物長期累積的政績與服務初衷。吳秀華未對自身爭議說明，但感謝高虹安遠道而來交流，並強調今日焦點應放在台東博覽會與縣市合作上，期盼未來兩個城市能有更多交流與學習。期待自己未來有機會能夠入住台東縣政府，可以跟高市長有更多的交流跟學習，兩個城市的合作我覺得未來一定會更好。兩位女人打勾勾相約當選後再交流。    ,https://news.ltn.com.tw/news/politics/breakingnews/5535591
徐春鶯判刑7年  中配參政免棄中國籍或延長入籍年限仍在立院待審,政治,2026/08/11 12:21,前民眾黨新住民委員會主委、中配徐春鶯來台擔任共諜，涉犯「反滲透法」等罪，今日被法院判刑7年。（資料照）前民眾黨新住民委員會主委、中配徐春鶯來台擔任共諜，涉犯「反滲透法」等罪，今日被法院判刑7年。不過，立法院目前仍有多件中配爭議法案待審。國民黨立委傅崐萁等人所提「國籍法第1條修正草案」，增訂中國大陸人民參選公職，不適用「國籍法」放棄國籍規定，以及國民黨立委游顥等人所提中配入籍年限6年縮短為4年，均在立院待審。傅崐萁提案於國籍法第1條增訂，「本法對大陸地區人民之適用，依憲法增修條文第11條及台灣地區與大陸地區人民關係條例之特別規定。大陸地區人民依法取得台灣地區戶籍者，其公職參選及任職資格，均依前開特別法規定，不適用本法第20條之放棄外國國籍規定」。請繼續往下閱讀...提案說明聲稱，現行「國籍法」僅規範中華民國國籍取得、喪失、回復與撤銷，未明確揭示其對中國人民的適用界限。透過修正，可確保中國大陸人民參政資格的適法基礎更為明確；法案原於去年底付委，但民進黨團對此提出復議，尚待處理。此外，國民黨立委游顥在立法院提出兩岸人民關係條例修正草案，主張將中國籍配偶取得台灣身分證的年限，從現行6年縮短為4年，要讓中國人更快取得定居資格及投票權，該草案已於去年1月退回程序委員會。有別於國民黨立委要修法放寬中配參政不必放棄中國籍及縮短入籍年限，民進黨立委王定宇、王美惠等人所提兩岸條例修正草案，主張中配在台灣定居設立戶籍後，欲申請台灣身分證時，必須回歸「國籍法」歸化規定，正式放棄其中國原國籍。為避免中國利用中配洗人口，民進黨立委王義川去年6月提出兩岸人民關係條例修正草案，主張中配入籍年限從6年延長為10年，草案已經一讀交付內政委員會審查。    ,https://news.ltn.com.tw/news/politics/breakingnews/5535716
「盧蔣體制」成形？ 盧秀燕親口曝與蔣萬安「仝組的」,政治,2026/08/11 12:10,藍營地方合作傳出盧蔣體制成形，盧秀燕今天受訪回應與蔣萬安是「姐弟感情深厚」，「仝組的！」（記者蔡淑媛攝）2026地方選戰牽動2028總統大選，對於藍營地方合作傳出盧蔣體制成形，台中市長盧秀燕今天受訪與蔣萬安是「姐弟感情深厚」，「仝組的！」（同一組），在市政交流或是國政議題，都有很多的交流跟合作。藍營地方合作近期傳出「盧蔣體制」成形，甚至延伸出是在與藍營黨主席鄭麗文分庭抗禮，台中市副市長鄭照新昨（10）日接受專訪，指盧蔣關係並非短期結盟，是長期累積的互信與支持，展現「區域聯防」，在大罷免攻防、油品食安等議題，都彼此聲援與發聲。請繼續往下閱讀...對於盧蔣體制的說法，盧秀燕今天主持市政會議前接受媒體聯訪回應，與萬安本來就是「仝組」（同一組），長期以來交情深厚。盧秀燕說，她擔任立法院厚生會會長時，蔣萬安才剛選上立法委員，她就慧眼獨具邀請擔任我厚生會的秘書長，長期以來，兩人在市政交流或是國政議題探討，都有很多的交流跟合作。對於盧蔣的競合關係，盧秀燕僅重申兩人情同姊弟、感情深厚，而且是「仝組的！」    ,https://news.ltn.com.tw/news/politics/breakingnews/5535575
台灣優先、澎湖優先 台聯黨主席周倪安主張澎湖觀光、漁業都要,政治,2026/08/11 12:08,台聯黨主席周倪安與澎湖近海漁業發展協會理事長王淳永，要求澎湖觀光與漁業都要。（記者劉禹慶攝）澎湖靠海吃飯，漁業與觀光是澎湖2大命脈。台聯黨主席、澎湖縣長參選人周倪安今（11）日與澎湖近海漁業發展協會理事長王淳永聯袂為澎湖討海人發聲指出，澎湖漁民現在面對的，不只是魚愈來愈難抓，而是「缺魚、缺工、成本增加、觀光不足」4面夾殺，再加上中國漁船越界侵奪漁業資源，已經把不少傳統船東逼到不得不思考轉型。周倪安表示，近年部分傳統漁船轉型娛樂漁業，帶遊客海釣、夜釣小管，本來就是澎湖海洋觀光可以發展的一條路。但是當觀光客不足、收入撐不起一條船的成本，部分業者又可能回頭捕魚、賣魚，造成與真正的專業漁民爭奪有限的漁業資源，「小孩子才做選擇，澎湖觀光跟漁業都要！」請繼續往下閱讀...周倪安提出「漁業、觀光雙軌並進」4項政策：守住澎湖漁場：針對花嶼、七美、台灣淺堆等重要傳統漁場，提高海巡巡弋與科技監控能量，對中國越界漁船強力執法；降低漁工成本，讓漁船有人可以開。中央推動外籍漁工公平招募與零付費政策，不能把新增成本全部丟給澎湖的小型船東。漁業、娛樂漁業分流管理。政府應把規則說清楚，娛樂漁業就好好發展海釣、夜釣小管及海洋體驗；商業捕魚就回到漁業管理體系；把觀光客真正帶進澎湖。澎湖應整合航班、淡季旅遊、海洋體驗、漁村文化、餐飲與住宿，把旅客人數及停留天數真正做起來，讓轉型娛樂漁業的船東可以靠「觀光」賺錢，而不是最後又被迫回頭搶魚。王淳永提供照片，指稱中國休漁期三無船四處出沒。（王淳永提供）    ,https://news.ltn.com.tw/news/politics/breakingnews/5535610
請病假請好請滿？ 陳永興：我身體不健康 馬上請辭,政治,2026/08/11 12:06,立法院全院委員會審查監察院正、副院長被提名人陳永興備詢。（記者王藝菘攝）立法院今日舉行全院委員會，審查監察院院長被提名人陳永興人事案。國民黨立委翁曉玲指出，前監察院長陳菊曾期許自己是最後一任監察院長，遺憾陳菊不但沒有成為末代院長，反而創下中華民國有史以來請假最長的監察院長，請假超過1年，把監察院當成養老院，她詢問陳永興，是否認為陳菊長期請假也不請辭的做法可取，若也發生類似情形，是否也會請好請滿？陳永興回應，「我如果自己身體不健康，我馬上請辭」。翁曉玲詢問陳永興，抱持什麼心態擔任監察院長，是否也期許自己成為末代院長，廢掉監察院？陳永興回應，過去6年因為朝野沒有啟動修憲程序，所以監察院沒有被廢，不是監察院的問題。他希望自己是監察院的改革者，至於監察院的終結者，應該是全民。請繼續往下閱讀...陳永興說，他沒有想說一定要做監察院長，但既然做監察院長，就要改革監察院，讓監察院成為民眾伸冤、公益得以彰顯之地，「不能發揮這樣的功能，我也不想做」。民眾黨立委陳昭姿詢問，民進黨執政以來，台派、獨派某程度都變聾、變啞、變瞎，過去民進黨承諾的每件事情都沒做，包括制憲正名、國號、國歌、國旗，連嘗試努力都沒有，同時卻看到一起長大的同仁們慢慢質變，當年一起批評國民黨的事項都出現了。陳永興表示，他已經離開民進黨20年以上，他理解陳昭姿的感受，今天他不是被民進黨提名，而是為台灣人民，他沒有民進黨的任何想法。賴清德總統提名他時對他說：「希望監察院是台灣人民的監察院」，賴也告訴他：「可能不會被通過，你可能是為這犧牲」。但他向賴總統說：「為了人民奉獻，我願意」。陳昭姿追問，若擔任監察院長，會屬於過去大家認為是外來政權的中華民國的監察院長，還是台灣人的監察院長？陳永興回應，現在的監察院應該是2300萬人的監察院，為台灣人民服務，既不是外來政權中華民國的監察院，也不是民進黨的監察院，應該超越黨派思維，他不是站在黨派的立場思考這個問題，台灣社會需要監督政府單位、保障人權的機構。他認為監察院要提升功能，為台灣人民做事。陳昭姿再問，若選擇做民進黨的監察院長，那不會通過提名；但如果您認真糾舉民進黨的不法貪瀆，可能會被青鳥攻擊，晚節不保；對此，陳永興表示，他會就事論事，不分黨派。自己當醫生時，也不會問病人「你是哪個黨？」    ,https://news.ltn.com.tw/news/politics/breakingnews/5535574
環團轟「能源管理法」修法放水 籲退回重審、二讀前辦公聽會,政治,2026/08/11 12:03,綠色和平氣候與能源專案負責人張皪心表示，經濟部是將產業利益凌駕於社會大眾的權益之上。（記者塗建榮攝）「能源管理法」8月5日於經濟委員會逐條審查，將第10條修改為新制僅限制「新增或增設」用電大戶，自用電力、儲能設備可二選一設置，且不溯及既有用電大戶，引發能源產業界反彈。綠色和平等5個環團今召開記者會，抗議經委會「假修法，真放水！」，要求草案退回重審，二讀前召開公聽會，廣納民意，勿讓修法形同虛設。現行「再生能源發展條例」及相關子法已規定，契約容量5MW以上的用電大戶，必須履行契約容量10％的再生能源義務。此次「能源管理法｣第10條修正草案再增訂規定，能源用戶所簽訂的用電契約達一定容量者，應在一定期限內設置一定裝置容量以上的自用發電設備及儲能設備，藉此提升能源自給能力，降低對電網的依賴；能源署統計此法將影響400多用戶、（700多個電號）。請繼續往下閱讀...綠色和平氣候與能源專案負責人張皪心指出，經濟部此次修法的初衷是強化能源自給能力，提升能源管理效率及透明度，但此次修法將會對全台用電有深遠的影響，原本立意良善，現在卻變成本末倒置的一場鬧劇。三分鐘快速通過修正動議，無疑是大開後門，放水既有400多家占用電網大部分資源的用電大戶，逃避自備電力及儲能設備的企業責任。此外政府如何保證在AI帶動爆炸用電需求下，供電穩定、不影響民生？難道要靠大增天然氣、燃煤火力來挺產業？產業發展要活路，難道在地居民的健康與生命就不值錢？經濟部與立法院經濟委員會只有參考業界的意見，並隨即採納修正，但在地居民與民團聲音在審查過程卻沒被公平對待。張皪心怒批，這影響全台用電的法案，修法過程缺乏民間溝通和透明程序，經濟部稱有和產業界溝通，卻沒有公布會議紀錄，更沒有提出新版修正動議，與原有條文的差異評估就草草通過，明顯是將產業利益凌駕於社會大眾的權益之上。民間團體共同呼籲，能管法必須立即退回委員會重新審議，針對第10條自備電力與儲能規範，必須新舊大戶一起納管；為了避免用電大戶選擇用天然氣、石油和然燃煤等高污染能源作為自用電力系統，應該在法條中規定企業「優先使用再生能源」作為自備電力來源，切勿已經濟發展為由，犧牲能源安全及居民健康；最後，經濟部、立法院應在二讀前召開公聽會，廣納社會各界建議，絕不能夠草率逕付二讀。綠色和平、台灣再生能源推動聯盟、主婦聯盟環境保護基金會、地球公民基金會、環境正義基金會聯合召開「能管法修正陳抗記者會」。（記者塗建榮攝）綠色和平氣候與能源專案負責人張皪心說，抗議經委會「假修法，真放水！」。（記者塗建榮攝）    ,https://news.ltn.com.tw/news/politics/breakingnews/5535565
外交部首屆「台捷烏克蘭戰場實驗系統工作坊」 簽署無人機合作備忘錄,政治,2026/08/11 12:03,外交部「無人機外交小組」執行長江振瑋（右）與捷克前眾議院議長、現任「歐洲價值安全政策中心」（EVC）全球諮詢委員會成員艾達莫娃（左）簽署「無人機合作」備忘錄。（圖由外交部提供）外交部去年10月成立「無人機外交小組」，「無人機外交小組」執行長江振瑋8月3日至7日促成該小組與捷克Farpoint Academy合作在嘉義縣「亞洲無人機AI創新應用研發中心」（亞創中心）舉辦首屆「台捷烏克蘭戰場實驗系統工作坊」，並於9日與「歐洲價值安全政策中心」全球諮詢委員會成員艾達莫娃簽署「無人機合作」備忘錄。首屆「台捷烏克蘭戰場實驗系統工作坊」邀請來自中山科學研究院、國防安全研究院、國內大專院校或協會等22名無人機領域專家及實務操作人員參與交流，具體落實台捷無人機應用領域國際合作，並藉由經驗分享與技術研討，為外交部未來推動榮邦計畫的無人機外交專案培育具備經驗的種子教官。請繼續往下閱讀...江振瑋也於9日下午應邀參加由嘉義縣政府在亞創中心主辦的「2026亞洲無人機AI創新應用系列活動－無人機日」開幕活動，期間並與捷克前眾議院議長、現任「歐洲價值安全政策中心」（EVC）全球諮詢委員會成員艾達莫娃（Markéta Pekarová Adamová）簽署「無人機合作」備忘錄，未來雙方將針對無人機「人才培訓」、「供應鏈合作」及「合辦國際活動」等3大領域加強合作。江振瑋於活動開幕致詞強調，「無人機外交」借鏡「晶片外交」的概念，旨在將我國優勢產業實力轉化為外交影響力，台灣在無人機製造能力、半導體零組件供應能力及身為「非紅供應鏈」的核心地位，均彰顯台灣的重要性，有助我國與理念相近國家加強無人機國際合作。艾達莫娃表示，過去訪問亞創中心時曾與江執行長多次討論未來可能合作領域，樂見雙方已落實捷克Farpoint Academy與台灣的無人機實質合作，期盼以本次簽署的合作備忘錄為基礎，未來持續和台灣深化無人機國際合作。外交部說明，無人機外交小組迄今已協助促成我國與美國、日本等主要國家相關單位簽署國際合作文件，並與外交部歐洲司共同規劃推動與歐洲理念相近國家的無人機新興合作案。外交部將持續結合國內外無人機領域的產官學研各界資源與人才，透過「公私協力」的方式推動「無人機外交」，促進全球無人機供應鏈的安全、韌性與繁榮。外交部「無人機外交小組」執行長江振瑋與捷克Farpoint Academy團隊及首屆「台捷烏克蘭戰場實驗系統工作坊」參與人員合影。（圖由外交部提供）    ,https://news.ltn.com.tw/news/politics/breakingnews/5535592
翁曉玲嗆為當監察院長拋棄台獨  陳永興反擊：國民黨也不講反攻大陸,政治,2026/08/11 12:02,立法院全院委員會今審查監察院長被提名人陳永興人事案，國民黨立委翁曉玲質疑，陳永興為了監察院長的名器，拋棄長久對台獨的堅持，陳永興反擊強調，「我沒有說拋棄」，而是中華民國內涵已改變。（記者王藝菘攝）立法院全院委員會今日審查監察院院長被提名人陳永興人事案。國民黨立委翁曉玲質疑，陳永興為了監察院長的名器，拋棄長久對台獨的堅持，是一種人格分裂、利欲薰心。陳永興反擊強調，「我沒有說拋棄」，而是中華民國內涵已改變，以前中華民國是包括中國，還要「反攻大陸」，現在的國民黨也不講這個東西了，所以中華民國已經實質改變。翁曉玲指出，作為中華民國政府官員，最重要就是對中華民國憲法忠誠，但外界都稱呼陳永興為「獨派醫師」，長期主張台灣人共同追求建立獨立的國家，也曾發起「新台灣人運動」，並批評中華民國的名稱無法代表台灣，且難以接受中華民國這個虛幻且看不到未來的稱號。她詢問，現在是否依然堅定支持台獨運動，並建立以台灣為名的國家？請繼續往下閱讀...陳永興回應，他一直是一個台灣本土意識很強的醫師，過去戒嚴沒有解除以前，中華民國沒有人權保障、沒有言論自由、一黨獨大。但他一生只有一本中華民國護照，只有中華民國的身分證，他很贊同賴清德總統所說的，中華民國與台灣已經融合了，現在中華民國已經是一個自由、民主、開放的國家及多元社會。翁曉玲追問，意思是現在已經放棄台獨？陳永興回應，不是說放棄，這是一個人的政治理念、信仰和理想，但目前的中華民國，他還是根據五權憲法行使職權，「我進入監察院，我照樣是維護中華民國的憲政體制」。翁曉玲詢問，如果擔任監察院長，就必須宣誓恪遵中華民國憲法、效忠中華民國，可以做到嗎？陳永興回答：「那當然」；翁曉玲質疑，但這不會和你的政治信仰有所違背？陳永興說，「我不覺得」；翁曉玲追問，可以拋棄台獨的政治信仰？陳永興回答，「我不是要拋棄，我是覺得現在中華民國與台灣已經結合，2300萬人是共同命運體，要維護中華民國不被中華人民共和國所併吞」。翁曉玲諷刺，這樣的說法，不管是獨派、統派，大多數民眾可能無法接受這樣表裡不一、言行不一的人來擔任監察院長，今天可以為了監察院長的名器、名利，拋棄長久的堅持，對一般人來講是一種人格分裂、利欲薰心。陳永興則強調，「我沒有說拋棄」，而是中華民國內涵已改變，過去的中華民國也不是現在的中華民國。陳永興還說，以前中華民國是包括中國，還要「反攻大陸」，現在的國民黨也不講這個東西了，所以中華民國已經實質改變。翁曉玲則說，從過去到現在的言行，大家認為您應該是個堅定的台獨信仰者，但卻為了監察院長職位從台獨派華麗轉身成為中華民國派；陳永興重申，「我沒有放棄我的信念」；翁曉玲仍說，她認為陳永興要不是具有多重人格，就是為了名利拋棄過去長久以來的信仰；陳永興表示，他從來不追求個人名利。立法院全院委員會今審查監察院長被提名人陳永興人事案，國民黨立委翁曉玲質疑，陳永興為了監察院長的名器，拋棄長久對台獨的堅持，陳永興反擊強調，「我沒有說拋棄」，而是中華民國內涵已改變。（記者王藝菘攝）    ,https://news.ltn.com.tw/news/politics/breakingnews/5535557
沈伯洋酸「心已飛出去」跨縣市輔選 蔣萬安：各地方需要全力以赴,政治,2026/08/11 11:57,蔣萬安表示，各地方的朋友需要幫忙，一定全力以赴。（記者甘孟霖攝）台北市長蔣萬安多次強調專注市政，但已儼然成藍營共主，本週還應邀至宜蘭、花蓮「輔選」。民進黨台北市長參選人沈伯洋批評，看起來蔣的心已經飛出去了。蔣萬安今回應，會持續推動市政建設，也會繼續維持與各縣市交流，各地方的朋友有需要，當然全力以赴。蔣萬安今出席信義虎林街60巷公辦都更案出資者簽約典禮受訪表示，今天參與公辦都更推動典禮，上任以來推動都更八箭，過去三年多來，平均每年都更案件都是上任前八年的2.4倍，包括之前斯文里二期、南機場三四期等都已經完成招商簽約，這些都是推動市政建設。請繼續往下閱讀...蔣萬安說，當然，也會維持跟各縣市交流，各個地方的朋友需要幫忙，當然全力以赴。    ,https://news.ltn.com.tw/news/politics/breakingnews/5535694
王育敏辭國民黨嘉義縣黨部主委 遺缺由嘉義市黨部主委蔡明顯兼任,政治,2026/08/11 11:57,國民黨不分區立委王育敏辭去國民黨嘉義縣黨部主委。（資料照，記者叢昌瑾攝）國民黨地方黨部人事異動，今天國民黨嘉義縣黨部表示，已接獲中央黨部人事通知，原嘉義縣黨部主委、不分區立委王育敏請辭縣黨部主委，8月1日生效，遺缺由嘉義市黨部主委蔡明顯兼任。王育敏老家在嘉義縣中埔鄉，2018年傳出將參選嘉義縣長，後來國民黨徵召前不分區立委吳育仁參選，敗給民進黨翁章梁；2022年地方選舉，嘉義縣長國民黨人選難產，當時王育敏為國民黨副秘書長兼文傳會主委，經黨中央多次勸進參選，在一對一情況下迎戰欲連任縣長的翁章梁，獲得101517票，得票率37.15%，守住藍營約4成的基本盤；選舉結果翁章梁連任，王育敏敗選後則前往台中市任副市長。請繼續往下閱讀...2024年1月王育敏當選國民黨不分區立委，時任國民黨嘉義縣黨部主委翁重鈞請辭黨部主委，3月由王育敏接任嘉義縣黨部主委，當時傳出將持續深耕嘉義，佈局再次參選縣長。今年底地方選舉，國民黨嘉義縣長人選仍難產，後來由「在野大聯盟」無黨籍朴子市長吳品叡出戰，王育敏則於8月1日辭去縣黨部主委。    ,https://news.ltn.com.tw/news/politics/breakingnews/5535570
2028「盧蔣配」成形？盧秀燕喊二人「同組的」 蔣萬安這麼說,政治,2026/08/11 11:56,蔣萬安表示，就是持續專注市政。（記者甘孟霖攝）台中市長盧秀燕與台北市長蔣萬安在食安等各項議題攜手，近期也頻攻中央。盧秀燕今天（11）日受訪說，與蔣兩人本來就是「同組的」，姐弟感情深厚。媒體今問蔣萬安，兩人2028會是「同組的」嗎？蔣萬安以持續推動市政為由，未正面回應2028議題。蔣萬安今出席信義虎林街60巷公辦都更案出資者簽約典禮，會前受訪說，就是持續專注市政，想持續關注人民關心的議題，不管是毒油或是其他民生議題，還是呼籲中央政府要對毒油案件清楚說明，一定有人要負政治責任。請繼續往下閱讀...媒體追問，「盧蔣體制」成形了嗎？蔣萬安說，台北市就是持續推動市政建設，今天參加公辦都更7599專案計畫第一件完成簽約的案件，昨天也到南港東新國小活動中心動土，還有日前台北樂動館新生館落成，以及捷運萬大線一期進入動態測試，每天就是持續推動各項市政，完成具體建設成果，會持續保持跟各縣市交流。    ,https://news.ltn.com.tw/news/politics/breakingnews/5535681
葉元之爆料12/25宣布選總統 盧秀燕只回「做好做滿」、未否認2028,政治,2026/08/11 11:54,盧秀燕回應葉元之爆料在卸任選總，僅回應會把兩任市長做好做滿。（記者蔡淑媛攝）台中市長盧秀燕是否投入2028總統大選，近期再度成為政壇關注焦點，國民黨立委葉元之昨天更爆料，盧秀燕可能在今年12月25日卸任台中市長當天宣布參選總統，面對外界追問，盧秀燕今天受訪回應兩任市長任期「會做好做滿」，未正面回答是否參選，對於是否選總統依舊不說破。葉元之爆料宣布選總統的問題，盧秀燕今天主持市政會議前接受媒體聯訪回應，身為現任台中市長，在第一任市長任內還有這一任，她都跟市民宣誓，要做好做滿，強調自己是一個說到做到的人，她會做好做滿。請繼續往下閱讀...不過盧秀燕是2018年首度當選台中市長，2022年成功連任，目前第二任市長任期至今年12月25日屆滿，而總統大選則在2028年，換言之，她所說的「做好做滿」，原本就是完成現有市長任期。2028年總統大選距離她今年底卸任還有2年時間，若她選擇在2026年底卸任後投入全國政治布局，與她今天宣稱「市長做好做滿」並無矛盾，因此，「做好做滿」並非對2028總統參選與否的答案，政治性迴避外界追問，仍再次留下2028動向的想像空間。盧秀燕面對「卸任後是否選總統」的直接問題，盧秀燕沒有說「不選」，也沒有承諾不參選，只再次搬出「做好做滿」的說法，對於卸任後是否問鼎總統，刻意沒有把話說死。    ,https://news.ltn.com.tw/news/politics/breakingnews/5535543
盧、蔣不同調!  盧秀燕質疑南部不用降速 蔣萬安稱配合中央,政治,2026/08/11 11:52,蔣萬安今出席信義虎林街60巷公辦都更案出資者簽約典禮，會前受訪。（記者甘孟霖攝）今年「城鎮韌性演習」首次納入「行動網路降速演練」，分別在中部及北部14個縣市實施。不過，台中市長盧秀燕質疑不知道中央的思考是什麼？台北市長蔣萬安今（11）日受訪則說，就是配合中央希望提升北市對災害應變能力。蔣萬安今出席信義虎林街60巷公辦都更案出資者簽約典禮，會前受訪媒體問他，城鎮韌性演習降速，盧秀燕有抱怨為什麼南部不用參加？蔣萬安說，我們就是配合中央這次的規劃，希望透過演練，不只政府部門還結合民間商圈、社區共同參與，希望整體提升台北市對災害的應變能力。    ,https://news.ltn.com.tw/news/politics/breakingnews/5535650
徐春鶯、李貞秀之亂  促中配參選須繳喪失原籍證明滿10年,政治,2026/08/11 11:51,有鑑於中配任公職因戶籍問題引發諸多爭議，中選會今年7月正式公告，中國籍人士繳附喪失中國籍證明滿10年才能參選。圖為中配李貞秀和國民黨立委傅崐萁。（資料照）前民眾黨新住民委員會主委、中國籍配偶徐春鶯涉犯「反滲透法」等罪，今日被法院重判7年。另一名中配李貞秀於今年4月被民眾黨開除黨籍，因此失去不分區立委資格；有鑑於中配任公職因戶籍問題引發諸多爭議，中選會今年7月正式公告，中國籍人士繳附喪失中國籍證明滿10年才能參選。徐春鶯1993年嫁到台灣，2000年取得台灣身分證，目前仍有中華人民共和國國籍，長年擔任「中華兩岸婚姻家庭服務聯盟」負責人，2016年後以台灣新住民發展協會理事長身分活躍於兩岸。請繼續往下閱讀...曾任民眾黨新住民委員會主委的徐春鶯，2023年一度傳出排入民眾黨不分區立委名單，後因紅色背景、被爆拆散中配家庭與爭議言行而作罷，民眾黨改提名李貞秀；但檢調查出，上海統促會副主任孫憲曾回覆徐春鶯說：「李貞秀接班應該沒問題吧？」檢方查出，徐春鶯受到中共民革上海市委員會下設的「祖國和平統一促進委員會」副主任孫憲指示，在台假借服務中配家庭事務等機會，長期彙報台灣政情、選情等各式輿情，並向中共回報中配群體的日常言論與活動，涉非法監控中配群體。今年5月，內政部依「人民團體法」相關規定，對徐春鶯負責的「中華兩岸婚姻家庭服務聯盟」祭出解散處分。此外，李貞秀擔任立委因戶籍問題引發資格爭議，陸委會今年4月核釋兩岸人民關係條例第21條有關中國人士在台設籍10年的規定，明定必須完成繳附喪失中國戶籍證明給主管機關後屆滿10年，才能登記為公職候選人。九合一選舉11月28日登場，中選會此前指出，若原中國籍人民申請登記為候選人，各縣市選委會將請戶政事務所協助查詢候選人是否有繳附喪失原籍證明註記，且會以繳附喪失原籍證明日起算，是否已在台灣地區設籍滿10年。另，有鑑於中配任公職，恐洩漏國家機密給中共，民進黨立委王定宇、沈伯洋等人已提案修正兩岸條例，明定中國籍人士在台設有戶籍滿10年，須提出「喪失原國籍證明」，否則不得登記為公職候選人、擔任公教或公營事業機關人員及組織政黨。沈伯洋所提「香港澳門關係條例」第16條條文修正草案增訂，香港及澳門居民非在台灣設有戶籍滿10年，並提出喪失原有國籍證明，不得登記為公職候選人、擔任軍職及組織政黨；第4條第3項之港澳居民，非在台灣設有戶籍滿1年，並提出喪失原有國籍證明，不得登記為公職候選人、擔任軍職及組織政黨，均待立法院審查。    ,https://news.ltn.com.tw/news/politics/breakingnews/5535616
中市議員擔心投開票所不足 北屯區長：增加20個,政治,2026/08/11 11:49,市議員曾朝榮要求增加投開票所。（記者蘇金鳳攝）距離年底市議員選舉倒數108天，民進黨市議員曾朝榮今天在市議會質疑，台中市人口增加，投開票所是否有增加，尤其是人口第一多的北屯區，已達31萬，新移入人口相當多，常常發生一個投開票所要排長龍，一個學校設了多個投票所，長輩都找不到，剩下3個多月，要求選務一定要辦好且增加投開票所。民政局表示，全市有1980投開票，需求24000人，正積極招募。北屯區長陳宗祈表示，今年底的選舉，北屯區原本199個投開所，增加了20個投開票所，因此有219個，而且會增加人力，引導民眾去投票。請繼續往下閱讀...市議員曾朝榮表示，台中市人口增加，尤其是北屯區的人口已達31萬，具有投票資格將比四年前增加，市政府有增加投開所嗎?曾朝榮指出，北屯區在2022設190個投開票，2025年的大罷免只增加10個，有200個，整個投票大排長龍，有些投開票所還大排長龍，甚至排一個小時。曾朝榮指出，台中市會增加投開票所，北屯增加二十個，新增的投開票所，市府一定要跟民眾說清楚地點，投票通知單一定要送達民眾手中，要好好管控，曾有一位阿伯在某一個學校繞了三圈還找不到投票地點，最後詢問選務人員，才知道投票點並非在此處，讓阿伯氣到心臟病差點發作。北屯區長陳宗祈表示，此次選委會有增加人手給北屯區，會加派人手指引。北屯區長陳宗祈表示，北屯區今年增加20個投開票所。（記者蘇金鳳攝）    ,https://news.ltn.com.tw/news/politics/breakingnews/5535533
柯P買疫苗破局2》編28億元卻請議會刪預算 隔年選舉拿來罵陳時中,政治,2026/08/11 11:48,"北市府公文顯示，早在2021年6月1日，台北市政府就發文向中央流行疫情指揮中心詢問地方政府自行購買疫苗的相關規定；中央流行疫情指揮中心同月9日回覆，可委託廠商檢送完整資料，向衛福部食藥署申請專案輸入許可。（圖由台北市議員簡舒培提供）前台北市長柯文哲2021年高調編列28億元自購COVID-19疫苗，最後卻由北市府自行喊卡、請議會刪減預算；隔年台北市長選舉，柯文哲、黃珊珊卻聲稱遭中央「勸阻」，將矛頭指向對手陳時中，如今因慈濟遭詐事件，讓疫苗一事重新被討論，但柯仍大罵陳時中、民進黨不要臉。台北市議員簡舒培批評，相關公文足以還原真相，如今民眾黨、柯文哲不滿陳時中被讚「先知」而持續扯謊，「才是柯文哲口中的不要臉」。根據北市府公文顯示，早在2021年6月1日，台北市政府就發文向中央流行疫情指揮中心詢問地方政府自行購買疫苗的相關規定；中央流行疫情指揮中心同月9日回覆，可委託廠商檢送完整資料，向衛福部食藥署申請專案輸入許可。請繼續往下閱讀...柯文哲2021年8月在防疫記者會上進一步宣布，北市府將編列28億元預算，規劃採購250萬劑疫苗。2021年10月將111年總預算送議會審查，含採購疫苗的28億元預算，北市府後續仍持續推進採購計畫。時任副市長黃珊珊當時也表示，已與BNT及莫德納進口藥商聯繫。北市府2021年11月2日再度發文中央流行疫情指揮中心，詢問第三劑接種政策及疫苗採購程序。中央流行疫情指揮中心於11月24日回覆指出，地方政府採購疫苗仍應依循台積電、鴻海、永齡、慈濟捐贈專案，由中央統籌運用的模式辦理，並請北市府提供未來採購第三劑疫苗的廠牌及時程規劃，這些都有公文佐證。台北市衛生局長黃世傑2021年12月6日於台北市議會進行預算審查時，表明「沒有自購疫苗的需求」。北市府於12月14日發文議會，決定暫停第三劑疫苗採購，並表達可刪減預算，但仍保留象徵性預算科目。柯文哲、黃珊珊2022年9月批評，北市府2021年編列28億元預算，卻被中央「勸阻」，北市府因此而刪除預算，藉此攻擊參加台北市長選舉的陳時中，但真實原因卻是北市府自行評估採購風險、遭要求收取高價仲介費，還遇國際掮客等，才會臨時喊卡，並非中央所阻擋。簡舒培表示，當年柯市府自行編列疫苗預算，事後卻要議員刪除，她當時就質疑「憑什麼市府要編就編、要議員刪就刪」；未料隔年柯、黃又操作成遭中央阻擋買疫苗，但中央與北市府公文都能還原真相。如今慈濟爆出採購BNT遭詐，柯還好意思批評民進黨政府及陳時中不要臉，「相信大家都知道是誰不要臉。」柯P買疫苗破局1》出現掮客、高額仲介費 編28億元預算緊急喊卡中央流行疫情指揮中心於11月24日回覆請北市府提供未來採購第三劑疫苗的廠牌及時程規劃。（圖由台北市議員簡舒培提供）    ",https://news.ltn.com.tw/news/politics/breakingnews/5535559
李四川再批蘇巧慧對原住民博物館設址三鶯爭取不力,政治,2026/08/11 11:45,國民黨新北市長參選人李四川再批對手蘇巧慧未爭取原住民博物館留在新北市。（記者翁聿煌攝）國民黨新北市長參選人李四川11日赴永和區永安市場拜票，他再批對手蘇巧慧，對於原本要設立在新北市三鶯的國立原住民博物館，被民進黨政府改到高雄，蘇巧慧說她一直積極爭取在鶯歌，不過競辦揭露，蘇巧慧10日才缺席立法院原博館的考察行程，好像是說一套做一套。李四川指出，原博館最重要的是，原來中央核定就在新北的三鶯地區，因為民進黨上台以後，就把它改到高雄市，他也當過高雄市的副市長，但是這是一個是非的問題，因為中央既然已經核定原博館在新北，那為什麼民進黨上台以後卻把它改到高雄市？這讓新北人不知如何來討公道。請繼續往下閱讀...李四川指出，蘇巧慧現在是立委，當初原博館選址更改、重新選擇，是她現在發言人馬亨亨･夷將的爸爸、是以前的中央原民會主委夷將･拔路兒，那後來蘇貞昌也當了好幾年的行政院長，為什麼沒有為新北來討公道？這是國民黨議會黨團質疑的，蘇巧慧應該要好好地說清楚。關於10日立法院內政委員會原博館考察，蘇巧慧現在還是立法委員，對於原博館考察應該要出席，而且應該為新北市講一個公道話。    ,https://news.ltn.com.tw/news/politics/breakingnews/5535556
柯P買疫苗破局1》出現掮客、高額仲介費 編28億元預算緊急喊卡,政治,2026/08/11 11:45,民眾黨前主席、前台北市長柯文哲。（資料照）慈濟爆出當年採購BNT疫苗遭無良律師詐騙10.6億元，時任中央防疫指揮中心指揮官陳時中曾多次警告，私下尋找疫苗貨源恐落入詐騙陷阱，當時卻遭藍白猛烈抨擊。但前台北市長柯文哲於2021年8月宣布編列28億元預算擬採購第3劑COVID-19疫苗，卻無疾而終其實有內幕，在接洽過程也出現額外高價仲介費要求，最終評估買疫苗風險過高，才緊急喊卡。時任北市府發言人、立法院民眾黨團主任陳智菡回應，當年僅少數人實際提供疫苗採購管道，也未有人表達要另外索取高額手續費之情事，當時市府討論不只採購費用，也要考量疫苗進口後的倉儲、冷鏈等費用與執行方式。請繼續往下閱讀...陳智菡指出，當時市府自購疫苗所面臨的最大問題與障礙來自中央，中央指揮中心一再表示：「疫苗應由中央統一採購分配」，並稱中央已在排隊中，不願提供授權書給地方政府，民間企業與慈善團體包含鴻海、慈濟與台積電則持續以民意向政府施壓，才終於取得授權並順利採購到疫苗，北市府判斷1500萬劑民間自購疫苗將陸續到貨，地方採購之必要性隨之降低，才未繼續推動。過去曾有媒體報導，時任市政顧問、亞東醫院醫生許富舜曾透過醫藥界友人與上海復星接觸，表達代表北市府探詢採購BNT疫苗的意願，但上海復星當時主張，洽購疫苗須取得政府委託書，還設有層層條件，後續並無下文。對此，許富舜受訪回應，當時台灣疫苗短缺，他因過去曾代表台北市政府與福岡市簽署MOU，遂聯繫福岡友人尋求協助，福岡市長高島宗一郎也向日本中央政府反映台灣需求。日本最終於2021年6月4日援台124萬劑AZ疫苗；據其後相關管道了解，最終援助數量的增加，與福岡方面居中協助有所關聯。不過後續與上海復星未能建立良好信任，台灣媒體輿論也多有爭議，最終未完成採購，其餘細節不便透露。據了解，柯市府當時曾兵分多路，積極尋找疫苗貨源，除了許富舜透過友人與上海復星接觸，台北市衛生局也透過國際藥廠人脈直接詢問上海復星，時任副市長蔡炳坤、黃珊珊皆有協助探詢海外相關的疫苗資源，就連民眾黨內的人也有幫忙。柯市府幕僚透露，當時市府內部開會時，發現部分接洽過程疑似涉及額外仲介費，甚至還有國際掮客介入，對交易產生疑慮；時任台北市衛生局長黃世傑主張疫苗應由中央政府統一接洽採購，否則一旦出現問題，責任也難以釐清；另一派力主自行採購，認為若成功可成為市政政績，更能創造聲量，藉此反制中央。知情人士指出，當時BNT疫苗採購涉及政府授權問題，柯市府原未放棄爭取海外BNT疫苗，甚至其中一條線，與輝瑞藥廠談簽意向書。另還與美國嬌生（Johnson & Johnson）疫苗接洽，原一度取得重大進展，卻遭柯緊急喊卡，因台積電、鴻海及慈濟等民間單位陸續投入採購，柯認為「我們沒比人家有錢」，加上顧慮恐遭騙、收取過高價格等採購風險，最終採納市府內部保守派意見。柯P買疫苗破局2》編28億元卻請議會刪預算 隔年選舉拿來罵陳時中    ,https://news.ltn.com.tw/news/politics/breakingnews/5535558
台東縣府秘書長盧協昌被檢調傳訊 饒慶鈴：身正不怕影子斜,政治,2026/08/11 11:42,台東縣長饒慶鈴說身正不怕影子斜。（記者黃明堂攝）台東縣政府遭控在渡假村開發案中涉嫌圖利，將3米寬農路開闢為15米道路。檢調單位日前發動搜索，前農業處長許家豪與時任農務科長蔡明翰於9日遭法院裁定羈押禁見後，檢方今事態持續擴大，今（11）日上午再以證人身分將縣府秘書長及交通處副處長帶回調查，引發各界高度關注。對此，台東縣長饒慶鈴上午受訪時回應「公道自在人心」，並以台語諺語「樹大自然直」、「樹根深不怕風吹」形容，強調只要身正就不怕影子斜。饒慶鈴指出，整個過程可能需要時間來驗證真相，希望大家在現階段切勿隨之起舞。她也特別呼籲，縣政府團隊會持續穩穩運作，與大家一同努力，讓台東發展得越來越好。    ,https://news.ltn.com.tw/news/politics/breakingnews/5535554
「政府擋BNT」竟成疫苗掮客起手式？林智群曬起訴書：知道謠言哪來了吧,政治,2026/08/11 11:41,前彰化律師公會理事長陳昱瑄。（擷自陳女臉書）慈濟採購BNT疫苗遭詐騙10.6億元案持續延燒，律師林智群曬出起訴書內容，揭露疑似涉案被告律師陳昱瑄當時向慈濟開口索價的對話細節，讓他不禁直呼，疫苗掮客最常見的起手式就是宣稱「政府擋BNT」，此起訴書也印證了當年相關謠言的源頭。林智群今（11）日在臉書PO出的起訴書內文顯示，疑似涉嫌敲詐慈濟的被告律師陳昱瑄「被告陳某」表示，疫情期間政府阻擋採購BNT疫苗，但她及她跟隨的老師及組織可以協助台灣採購取得BNT疫苗，但如果直接用她公司的錢買疫苗會被阻擋，要透過其他公司轉手，等她取得現金，再用現金去買疫苗。請繼續往下閱讀...對此，林智群強調，「疫苗掮客」的起手式都是「政府擋BNT疫苗」，接下來就是「不過我有一個私人管道可以買到疫苗」，反問「知道謠言是從哪裡冒出來的吧？」貼文曝光後引發社群熱議，網友紛紛留言開酸：「所以白爛兩黨就跟詐騙集團差不多嘛」、「詐騙的話術還有SOP」、「蔣萬安也說也一樣的話欸，難道？」、「光看轉手的程序就很詐騙」、「那些宣傳政府擋疫苗的王八蛋都是詐騙的幫兇」、「起訴書根本照妖鏡」。    ,https://news.ltn.com.tw/news/politics/breakingnews/5535490
北市府發言人昨才請辭、今傳涉洩密案 蔣萬安回應了,政治,2026/08/11 11:35,蔣萬安表示，希望司法勿枉勿縱。（記者甘孟霖攝）台中市政府秘書處爆發勞務採購洩密案，昨（10）日才請辭的前台北市發言人李政軒也涉案，30萬元交保。台北市長蔣萬安今回應，據了解這是多年前多次調查不成立的舊案，希望司法勿枉勿縱。蔣萬安今被媒體堵訪表示，初步瞭解，這是發生在台中，多年前經過多次調查，而沒有成案的一個案子，當然希望司法勿枉勿縱，如果查無不法，也希望還給當事人清白。請繼續往下閱讀...媒體也關注蔣萬安競選辦公室何時成立？以及發言人由前副發言人魏汶萱接任，被解讀是「戰狼模式」？蔣萬安說，關於競辦、選舉議題，屆時有確定會跟大家報告；並強調發言團隊都是一樣有理有據跟外界溝通說明，每天面對媒體朋友一一就市政議題討論、回應。    ,https://news.ltn.com.tw/news/politics/breakingnews/5535631
中國若先炸跑道、斷網台灣還能打？吳靜怡：漢光真正檢驗「撐過第一擊」,政治,2026/08/11 11:29,「漢光42號」實兵演習，第三作戰區通資部隊9日晚間於桃園地區實施光纖電纜野戰搶修作業。（陸軍六軍團提供）國防部持續進行「漢光42號」實兵演習，對此，媒體人吳靜怡表示，中國若先炸跑道、斷網、癱瘓通訊，台灣還能不能打？國際密集關注漢光演習，真正檢驗的是「撐過第一擊」的全民韌性！吳靜怡在臉書PO文表示，當第一波飛彈落下，主要空軍基地跑道被炸出一個個大坑，戰機無法起降，海底電纜與通訊節點遭切斷，手機數據瞬間降級甚至近乎中斷，指揮所訊號時有時無，在這樣的「第一擊」之後，台灣還能不能打？外媒特別注意到，今年演習首次刻意降低部分行動網路速度，模擬戰爭或重大災害造成頻寬不足；澎湖同時進行反登陸演練，後備軍人也被納入，這代表漢光正在從「軍隊會不會打仗」，走向更重要的「整個國家被打之後還能不能動」！請繼續往下閱讀...吳靜怡指出，美國媒體則把焦點放在新竹空軍基地，假設中國長程飛彈已經把跑道炸出彈坑，地勤必須立即清除碎片、填補坑洞、鋪設搶修材料，戰機重新掛彈、緊急起飛，還有台灣首次公開演練的中型攻擊無人機，《華爾街日報》這幾天乾脆把問題問到台灣社會本身「台灣人會不會為台灣而戰？」一個民主國家能不能撐過戰爭第一天，最後依靠的是人民有沒有心理準備、政府能不能維持資訊與秩序、地方能不能自主應變，以及每一個人在斷網、停電、假訊息大量湧入時，還知不知道自己該做什麼。華府、東京與歐洲各國高度關注漢光演習，背後的戰略考量十分清晰，也就是盟友的支援意願，建立在台灣自身防衛意志與承載力的基礎之上。吳靜怡續指，就在國際媒體密集觀察台灣如何強化防衛韌性、如何撐過中國第一擊的此時此刻，鄭麗文宣稱「台灣從來沒有獨立過，台灣也從來不是一個國家」這已經不只是國內藍綠立場不同而已，而是與國際正在關注的台灣安全現實形成極其強烈的反差，北京現在正想要的，恐怕正是這種台灣內部自我否定的聲音！吳靜怡直言，捍衛中華民國應該是要積極加強國防讓台灣更難被侵略；國民黨卻是一群鄭麗文們不斷向國際證明台灣不應該被當成一個國家，那李四川江啟臣、柯志恩幹嘛不即刻退選？    ,https://news.ltn.com.tw/news/politics/breakingnews/5535423
北市府發言人李政軒突請辭 涉嫌台中市府洩密案、30萬交保,政治,2026/08/11 11:21,前北市府發言人李政軒（中），傳出涉嫌台中市府洩密案。（資料照）台北市政府發言人李政軒日前以個人生涯規劃請辭獲准，由副發言人魏汶萱接任發言人一職。政治工作者周軒今在臉書貼出台中地檢署新聞稿，內容指出「曾任臺北市政府發言人李Ｏ軒」針對台中市政府秘書處之勞務採購案涉嫌洩密。周軒對此直言：「看起來，事情大條了，盧蔣體制有夠讚。」中市府驚爆4人採購洩密2人交保 時任盧秀燕祕書李政軒也涉案請繼續往下閱讀...據了解，李政軒過去曾服務於台中市政府盧秀燕團隊，在市長室、秘書處與研考會等單位服務；後來在蔣市府擔任副發言人，去年3月升任發言人。本報報導曾指出，李政軒從上週白海豚颱風應變會議召開，就未見其身影，10日就傳出以個人生涯規劃請辭獲准。北市府發言人昨才請辭、今傳涉洩密案 蔣萬安回應了根據周軒貼出的中檢新聞稿，台中地檢署8月6日兵分多路前往市府秘書處及涉案人住處搜查，經偵訊後認定台中市府顏姓參事、秘書處黃姓主秘、國際事務科洪姓科長，以及李政軒等4人，涉犯洩密等罪嫌，但無羈押必要。其中顏姓參事以15萬元交保、李政軒以30萬交保候傳及限制出境，其餘被告及證人均諭知請回。對此，許多網友也留言表示：「果真是不揹幾個案子上不了藍白檯面，又一位解鎖成功。」、「原來又是出事啦～」、「不揹個兩三條，怎麼會大尾？」、「這個人品也翻車，但新的也......」、「採購洩密這種事不可能又要賴給清德吧？」、「難怪要換人阿。」    ,https://news.ltn.com.tw/news/politics/breakingnews/5535567
徐春鶯涉介選、地下匯兌與詐貸求刑21年6月 一審判刑7年,政治,2026/08/11 11:19,前民眾黨新住民委員會主委、曾列不分區立委安全名單的中配徐春鶯。（資料照）首次上稿：09:56更新時間：11:19（新增判決內容）前民眾黨新住民委員會主委、曾列不分區立委安全名單的中配徐春鶯，被控受中方滲透來源指示，幫台北市長候選人黃珊珊及總統候選人、前民眾黨主席柯文哲站台，涉反滲透法外，她另經營地下匯兌又涉詐貸，並以不實名義助滲透來源來台，檢方將她依反滲透法等罪嫌起訴，新北地院今上午一審宣判，徐春鶯犯反滲透法2罪，分別判刑2年及2年2月，另涉地下匯兌犯銀行法判刑1年8月，詐貸犯加重詐欺判刑1年5月，協助滲透來源來台犯兩岸人民關係條例判刑1年4月，合併判刑7年；鍾錦明犯反滲透法1罪判刑2年。請繼續往下閱讀...另，徐的女兒卜啓正詐貸判刑1年緩刑4年；集智顧問負責人羅穎詐貸及假商務之名協助滲透來源來台，犯加重詐欺及兩岸人民關係條例各判刑1年2月合併判刑2年。檢方起訴徐春鶯總共分為4大塊犯行，第一是反滲透法，即徐春鶯與中共民政部海峽兩岸婚姻家庭服務中心主任楊文濤、上海市委員會祖國和平統一促進委員會副主任孫憲等統戰單位保持高度密集聯繫，長期回報國內政治人物動態及中配群體活動情形，並配合指示，於2022年地方9合1選舉至2024年總統及立委大選期間，分別替黃珊珊及柯文哲宣傳、站台及造勢介選。除涉反滲透法外，檢調還發現，徐春鶯自2020年至2025年間，經營地下匯兌業務，替他人辦理新台幣、人民幣及美元匯兌，累計達2875萬餘元，獲利約24萬元涉犯銀行法。另外，她與集智顧問負責人羅穎涉協助孫憲以不實資料申請來台，並夥同徐的女兒卜啓正詐貸2697萬元。徐春鶯否認違反反滲透法、假商務之名助孫憲來台，坦承地下匯兌、向銀行詐貸；檢方認為，徐、鍾2人甘於淪為境外敵對勢力利用工具，透過干預我國選舉制度換取滲透來源的資源挹注，藉機牟取個人在兩岸間的買辦地位，不宜輕縱，並請法院審酌，徐春鶯於不分區提名資格爆發國籍爭議後，竟可透過楊、孫為其運作取得註銷中國户籍證明，這種「敵暗我明」惡劣手段，若遭如法炮製，可能使相關主管機關疲於奔命查核，也可能讓民眾對政黨候選人的背景產生資訊落差，恐使我國民主選舉制度的公信力蕩然無存。至於卜啓正、羅穎與徐一同向銀行詐貸2697萬元，卜求刑2年6月、羅2年10月；羅另夥同徐協助滲透來源即孫憲，假商務之名來台，此部份羅求刑2年。    ,https://news.ltn.com.tw/news/politics/breakingnews/5535411
蔣市政最缺... 沈伯洋公布「HEART」五大政見藍圖：用心城市就會順,政治,2026/08/11 11:09,台北市長參選人沈伯洋說，台北市政「卡」關。（記者董冠怡攝）民進黨籍台北市長參選人沈伯洋今（11）日舉辦政策願景發表會，公布「HEART」 五大政見主軸，「H」代表空間（Habitat）、 「E」為培力創造機會（Empower）、「A」是陪伴（Accompany）、「R」韌性帶來安心（Resilience）、「T」時間（Time），涵蓋居住、交通、育兒、長照、青年發展、城市治理藍圖。沈伯洋說，五大願景的英文字母合起來是「心」，正是台北市政最缺的一個字，暗酸「有人的心不在台北」，他將打造完整市政生態系，落實「台北順起來」的願景，把機會還給台北人，也讓台北更有韌性和國際競爭力，「用心顧未來，城市就會順，台北活起來！」記者會現場邀集政策專家、學者、名嘴、KOL、青年代表、志工等近兩百人到場，由台北市前都發局長林洲民、政治評論員吳崑玉、導演楊力州擔任政策推薦人。上週宣布競選主視覺後，有聽障朋友反映希望能夠提供手語翻譯，這次直播安排手語老師全程翻譯，溝通零距離，也呼應了「台北順起來」。請繼續往下閱讀...沈伯洋介紹「HEART」五大政見主軸，「Habitat」空間包含五項子政見：推動婚育宅和青年宅、增加綠蔭覆蓋率和公園綠地、整合淡水河與基隆河清淤與親水設施的兩河流域計畫、台北山徑計畫，串連城市間邊山徑，成為亞洲第一的登山城市，以及城市文化徑，讓歷史文化走進台北人日常。「Empower」培力創造機會，設立城市基金，讓年輕人有做夢的本錢與餘裕，擴大圓夢基金支持青年出國拓展視野；市府帶頭與新創合作，讓市府成為年輕團隊的第一位客戶；補助 AI課程及費用，提升競爭力、創造更多機會。45歲以上更確定人生方向，希望投入新創或轉職的市民，將設立相關陪跑計畫；未來成立北士科都市研究院，提供就業機會吸引海外人才回國貢獻所學。「Accompany」陪伴，找回人與人的連結解決孤獨感。台北市有八萬多棟30年以上無電梯老公寓，近6成長者居住在無電梯公寓，樓梯窄小、扶手鬆動，市長蔣萬安喊出要為長者加裝電梯，然申請程序過於複雜，導致過去3年申請案件數不到總量的千分之一。盼與中央合作積極推動「老宅延壽計畫」，成立行動服務團到宅服務，同步以健身小巴、敬老卡升級、社區共照據點擴大等措施，搭配親子同行卡讓長輩有動機出門、有人作伴。孤獨不只是長輩議題，將同步推出育兒家庭、公務人員與教師的支持計畫。「Resilience」韌性，當城市的空間、時間、陪伴和機會到位後，面對危機還要有站起來的力氣，交通、氣候、治安等危機都極需城市面對。但目前市府施政跟不上現實，例如夜間經濟涉及都市設計、女性安全、住商溝通及環境衛生，分散不同局處轄管，效率不彰，規劃擴大「永續長」職能，為台北設立「設計長」和「夜間市長（概念源於尼德蘭／荷蘭阿姆斯特丹）」。「Time」時間，替台北人省下時間，讓台北人每天多卅分鐘與心愛的人相處。政見包含提供家庭固定臨托時數等喘息服務，擴大藝文場館、大型運動的臨托服務，讓家長能安心休息；設置運動驛站，捷運站提供寄物、換衣及沖洗等設施，節省運動前後的零碎時間；推動「TPASS」納入共享機車，串起自行車通勤路網，補足最後一哩路，縮短轉乘時間也兼顧環保。沈伯洋說，五大願景的英文合起來就是「心（HEART）」，也是台北市政最缺的一個字，承諾四年後市民會感覺到「五個改變」，街道變美、樹蔭回來，山和河都變近了；下班後在捷運站換個衣服跑步回家，一天多出30分鐘；長輩在健身房和朋友說笑，街上重新熱鬧，沒有人再是一個人；孩子和自己都敢做夢；根紮得夠深，颱風、危機來的時候台北能站得穩。「用心，城市就會順！」一旦順了，人就會留；人留下來，讓台北活起來。    ,https://news.ltn.com.tw/news/politics/breakingnews/5535497
2中國籍男子搭橡皮艇八里偷渡上岸  檢方裁定羈押禁見,政治,2026/08/11 11:06,新北市八里傳出2名偷渡客上岸，海巡逮獲羈押，深入追查動機。（記者吳仁捷翻攝）民眾7月底在社群平台爆料指出，台北港北堤岸際發現1艘橡皮艇案，海巡署第八岸巡隊今天提出說明應處。海巡署表示，上月24日北部分署接獲民眾電話通報，台北港北堤岸際發現橡皮艇，海巡人員到場，啟動現場蒐證等偵查程序，調閱岸海監控等影像追緝，查獲2名偷渡的中國籍男子，經士林地院裁定羈押禁見，全案報請地檢署指揮偵辦，刻正釐清案情、深入追查犯案動機，確保國安。海巡調查，釣客上月底在台北港北堤岸邊發現一艘橡皮艇，湊前一看，發現艇上放著中國儲油鐵桶、簡體字可樂罐、衛生紙及釣竿、救生衣，連忙報案，海巡署第八岸巡隊獲報展開追緝，查獲2名偷渡陸中國籍男子，目前由士林地院羈押，適逢漢光演習將當場之際，警方、國安也格外關注。請繼續往下閱讀...據透露，海巡人員透過岸際監視器查獲2名中國籍男子，至於是否有共犯，仍待清查，由於八里接近淡水河、淡江大橋，接近政經中樞，正積極查緝兩人偷渡動機。海巡署表示，去（114）年迄今，發生偷渡案計29案、71人，其中當場查獲22案、61人，人員查獲率為85.9%。海巡在科技裝備尚未進一步到位、尚未導入AI辨識小目標階段，高標準要求將人力效能與雷達敏感度發揮到極致，仍然無法達成零漏接的目標。海巡深知國人對零漏接的期待，惟本案經專案小組調查發現，執勤人員未遵守完整的SOP作業規定，有人為疏失情形，海巡署署長張忠龍對此深感抱歉，對疏失人員絕不會包庇，將嚴格追究相關人員責任，並持續強化岸際巡邏及海域監控等勤務作為，加速推動AI導入、無人機等監偵設備的採購進度，確保國家安全與海域治安。    ,https://news.ltn.com.tw/news/politics/breakingnews/5535514
鄭麗文喊台灣不是國家！葉耀元嗆：去中國喊中華民國,政治,2026/08/11 10:59,鄭麗文。（資料照）國民黨主席鄭麗文近日受訪，強調「台灣從來沒有獨立過，台灣也從來不是一個國家」，作家趙曉慧聽聞消息怒斥「鄭麗文這是玩偷換概念的文字遊戲」。對此，美國聖湯瑪斯大學國際研究講座教授葉耀元批評，鄭麗文企圖刪除台灣外交彈性的作法，「完全是沒救了」。葉耀元今日於臉書粉專「葉教授的國際事務學院」發文指出，若照鄭麗文的邏輯，未來去中國大喊「中華民國」、接待外國訪客或出訪時只提中華民國不提台灣，將會面臨嚴重現實困境。請繼續往下閱讀...葉耀元說，「去中國鄭麗文最好是敢喊中華民國（馬英九可是有喊）。」結果會發生什麼事呢？若與外國政府單位堅持僅用「中華民國」4個字洽談合作，在國際現實下幾乎是死路一條。主因在於北京當局強硬要求所有與中國建交的國家，一律不得承認「中華民國」。因此，台灣當前與非邦交國進行實質外交合作時，使用「台灣」正是不可或缺的彈性作法，能有效突破中國在國際社會上的外交封鎖與政治打壓。鄭再拋「台灣從不是國家」說法 綠營剖析2大動機：掩飾選戰無能鄭再拋「台灣從不是國家」說法 藍營選將：步步為營 見招拆招    ,https://news.ltn.com.tw/news/politics/breakingnews/5535505
台東「東映」農路案再延燒  縣府秘書長、前農業處副處長以證人身分偵訊,政治,2026/08/11 10:51,台東縣府秘書長盧協昌。（民眾提供，資料照片）台東縣議長吳秀華家族的「東映渡假村」農路開發案，未因農業處長許家豪遭羈押禁見而暫時退燒，今早調查站人員到縣府，將秘書長盧協昌，前農業處副處長、現任交通處副處長馬志安以證人身分帶回偵訊，這次並未對縣府進行搜索，但檢調擴大偵辦的範圍與態勢已明顯，外界推測，下一步「吳家或縣議會可能也快了」。台東吳家的東映渡假村開發案，台東縣府遭控圖利，為渡假村「開大門」，將3米寬農路開闢成8至15米寬，目前農業處長許家豪、時任農務科長蔡明翰已遭羈押。今日上午檢方以證人身分，將縣府秘書長盧協昌與交通處副處長馬志安帶回調查，釐清涉案的範圍與層級，但相關人士表示，其實前1、2次許家豪被裁定交保時，「如果真要串供也早串供好了」，如今的動作就像在追趕進度。請繼續往下閱讀...知情人士表示，盧協昌、馬志安只是為補齊當時在公文流程與決策時，還原縣府當時內部狀況，以及吳家是否直接影響縣府決策，「本來就是該劍指吳家」，甚至就針對議會或是背後的勢力直接瓦解，「許家豪只是一個線頭，甚至盧協昌也不是重點，吳家或縣議會更有可能是下一步偵查重點」。台東縣府交通處副處長馬志安。（民眾提供，資料照片）    ,https://news.ltn.com.tw/news/politics/breakingnews/5535491
中共將領接連「病死」 網議論：台積電間諜案嫌犯也都1年內病逝,政治,2026/08/11 10:44,近年來中國頻傳高官離奇猝死案件，自今年7月下旬以來，更陸續有至少4名退休將領在16天內先後去世，且官方並未公布更具體的死因，僅指稱「因病醫治無效」。圖為示意圖。（法新社資料照）近年來中國頻傳高官離奇猝死案件，自今年7月下旬以來，更陸續有至少4名退休將領在16天內先後去世，且官方並未公布更具體的死因，僅指稱「因病醫治無效」。對此媒體人詹凌瑀直言，連「死於什麼病」都當國家機密，外界只能用猜的，陰謀論當然滿天飛。網友也紛紛議論「肯定是『被自殺』」、「又一堆『被病死』的」，有網友更提及，「台積電台灣間諜案的嫌疑犯也是都一年內病逝」。詹凌瑀在臉書發文指出，短短16天，解放軍4名退休將領接連病逝，包含3個中將、1個少將，陸海空都有。他們分別是7月22日原北海艦隊政委陳先鋒，7月25日原瀋陽軍區副司令石寶源，7月31日原總參軍訓部副部長陳有元，8月6日原北京軍區副司令李永金。請繼續往下閱讀...詹凌瑀直言，他們的生前職務寫得一清二楚，死因卻統一格式：「因病醫治無效」。什麼病？不說。偏偏中國疾控中心自己的數據顯示，7月底新冠陽性率衝上22.3%，穩坐第一名。疫情升溫是事實，將領密集病逝也是事實，兩者有沒有關係？沒人答得出來，因為答案鎖在黨的保險箱裡。詹凌瑀強調，要說清楚，目前沒有證據能把兩件事連在一起。但一個政權連「將軍死於什麼病」都當國家機密，外界只能用猜的，陰謀論當然滿天飛。資訊黑箱，就是謠言最好的培養皿。在發文底下網友也議論「又一堆『被病死』的將軍」、「肯定是『被自殺』處理掉了」、「被殺當然是一種無法醫治的病」、「不斷清洗怕被造反，比蘇聯史達林還徹底」。有網友更直言「想到台積電台灣間諜案的嫌疑犯也是都一年內病逝」，詹凌瑀也回應「很巧啊」。據媒體先前報導，台積電前副理陳志堅涉嫌遭香港籍人士丁小琥吸收，企圖透過挖角台灣半導體人才赴中國大陸工作，藉此取得我國國家核心關鍵技術。但在案件偵辦期間，丁小琥及2名核心幹部竟在一年內接連病逝，引發外界對於是否遭到「滅口」的聯想。    ,https://news.ltn.com.tw/news/politics/breakingnews/5535397
監察院長被提名人陳永興：不是醫院不好 就把醫院關門,政治,2026/08/11 10:39,監察院院長被提名人陳永興。（記者王藝菘攝）立法院今日舉行全院委員會，審查監察院院長被提名人陳永興，對於外界有廢除監察院的主張，陳永興表示，將來若有適當時機，應該由總統召開國是會議，就監察權如何轉移等提出修憲案。他並以醫生的角度舉例，「當我們發現一個醫院服務品質不好的時候，我們通常是找更好的醫生，提升醫院的設備來改善醫療品質，而不是將醫院關門」。陳永興指出，監察院應該是一個立場超然的憲政機構，要追求社會的公平正義，糾彈貪腐失職的官員，更應該成為保障國民權益，落實人權照顧的後盾。他畢生照顧弱勢、維護人權，追求公益的初衷始終沒有改變，所以如果有機會出任監察院長，他必全力提升監察院應有的功能。請繼續往下閱讀...陳永興說，自從賴清德總統公佈下一屆監院委員名單之後 ，社會上有不少廢除監察院的呼聲，甚至有主張應該全數刪除監察院的預算，並否決總統所提名的監察委員人選。現在的中華民國憲法仍為五權憲法架構。監察院依法行使調查、糾正、糾舉、彈劾及審計職權，監察院內還有國家人權委員會，另外陽光法案負責公職人員財產申報、競選經費申報及政黨財產申報的監督，如果沒有經過修憲程序就凍結監察院，等同放棄對公務員貪瀆不法的重要監督機制，也放棄攸關全民人權保障銜接國際人權體系的機構，這樣的結果恐怕不是解決問題的方法。陳永興說，終結監察院不是不可行，但關鍵在於如何建立全民共識。將來若有適當時機，由總統召開國是會議，邀集五院代表及朝野政黨代表、人權團體及弱勢團體，還有憲政學者共同來研議憲法的修正方向。監察權如何轉移、審計權如何歸屬、國家人權委員會何去何從、陽光法案如何落實，這些有了共識以後，再送由立法院進入修憲程序，需要四分之三立委的同意。陳永興指出，如果朝野不合作，根本不能通過，之後還要透過公民投票取得過半數的同意。如果沒有全民共識，這麼高的門檻，公投案也不可能通過。李登輝總統當年為了廢除國民大會、推動總統直選，就是召開國是會議，凝聚朝野政黨跟民間的力量才能夠一舉完成。陳永興表示，在監察院尚未廢除以前，更迫切的課題是推動監察院的改革，很多人以為監察院沒有發揮功能，而且不曉得監察院到底在做什麼，他獲提名後努力的看了監察院的資料才發現，過去六年監察院接受人民陳情案件10萬件，每一位監察委員的辦案量超過600案，除了辦案，他們還要參與彈劾案的聯席審查，工作負荷量其實蠻重的。陳永興說，監察案件往往需要深入調查，花費相當長的時間，彈劾案能夠成立大多為高階的公務人員，甚至不乏檢察官跟法官遭彈劾，可見台灣社會對司法不公、行政不法確實有相當的民怨。監察院既是人民伸冤的最後救濟管道，也是追求社會公義，保障人權的重要憲政機構，如何提升辦案的品質跟效率，才是監察院改革的重心。陳永興表示，身為一個醫療工作者，當發現一個醫院服務品質不好的時候，通常是找更好的醫生，提升醫院的設備來改善醫療品質，而不是將醫院關門，就好像覺得台灣治安不好，應該是要提升警察的素質，增加他們的設備，增加警政署的預算，不是將警政署廢掉。陳永興強調，如果能夠獲得立法院同意順利進入監察院，將推動以下重大改革，首先，設定發言人，定期召開記者會、公佈監察院承辦的案件及結果，會保障個人隱私跟辦案期間不受干涉。第二，鼓勵媒體跟公民監督團體，定期評鑑監察委員的表現，就像現在立法院有公督盟，每年評鑑立委的表現。陳永興指出，第三，監察院內部自己訂定辦案流程追蹤考核機制，自我提升服務品質，同時訂定自律公約。第四，積極的爭取預算，希望能增加調查官及調查人員的人力及素質。第五，希望在公務人員訓練中心及文官訓練所納入人權公約的課程，由人權委員及人權學者提升公務員對人權保障的重視。第六，在監察院內自己成立修憲小組，由憲政學者的背景來就修憲內容，提出具體的建議，讓監察院在修憲過程中也扮演積極的角色。    ,https://news.ltn.com.tw/news/politics/breakingnews/5535515
蘇巧慧趣曝同仁對制服要求「這3字」別這麼大 創意梗圖融入新制服與政見情境,政治,2026/08/11 10:35,民進黨新北市長參選人蘇巧慧今在社群發布最新競選團隊制服圖卡，展現團隊年輕、創意的一面。（圖由蘇巧慧競辦提供）「不是好看的制服，我們可是不穿的！」民進黨新北市長參選人、立委蘇巧慧今天在社群平台曬出競選團隊全套最新制服，包括競選背心、POLO衫、水獺媽媽T恤及防風外套等，因應各氣候可搭配不同款式，並由競選辦公室同仁擔任模特兒，搭配各式造型與場景拍攝系列圖卡，同時宣傳蘇巧慧的各項政見願景，展現團隊年輕、創意的一面。蘇巧慧指出，團隊特別準備多種不同形式的制服，讓同仁可以因應不同場合和天氣自由搭配，不論是上班跑行程，甚至下班逛街、吃飯都能穿。蘇巧慧笑說，同仁對制服最大的要求就是「蘇巧慧不要這麼大字」，希望讓制服不只是競選的工作服，也能真正融入日常生活。請繼續往下閱讀...蘇巧慧此波宣傳圖卡，讓競選團隊同仁發揮創意，換上不同造型的角色扮演，將新北政見願景融入生活情境，例如穿上白袍拿起牙齒模型，介紹65歲以上長輩裝假牙最高補助5萬元；提著大包小包採買蔬果，介紹敬老卡每月提高至1000點且未用完額度可持續累積；團隊同仁化身學生，說明中央青年免費3次心理諮商，新北再加碼3次；也有團隊同仁扛著自行車宣傳「新皇冠海岸計畫」，將在北海岸自行車道每5公里設置休憩站，讓政見內容更富生活化。其他圖卡分別帶入營養午餐全面免費，並結合「新北市農特產品」提升菜色、開設創業課程與職涯導師輔導、原住民租屋補助、技術士證照獎金加倍，以及0到6歲孩童就醫住院免部分負擔等政見，蘇巧慧團隊透過各種造型呼應政見主題，從牙醫、學生、咖啡師、技術人員到自行車騎士，讓政見文字以更直觀和趣味的方式呈現。蘇巧慧表示，競選團隊每天跟著她走遍新北市，制服代表的不只是團隊識別，也是大家一起為新北市努力的共同象徵。她說，未來不論在活動上或地方行程，大家都有機會看到穿著全新制服的團隊夥伴，「如果大家在新北遇到我的團隊同仁，也請記得跟他們聲『加油！』，一起為新北市的下一個階段繼續努力」。蘇巧慧競選辦公室同仁擔任模特兒，搭配各式造型與場景拍攝系列圖卡，同時宣傳蘇巧慧的各項政見願景。（圖由蘇巧慧競辦提供）蘇巧慧競選辦公室同仁擔任模特兒，搭配各式造型與場景拍攝系列圖卡，同時宣傳蘇巧慧的各項政見願景。（圖由蘇巧慧競辦提供）蘇巧慧指出，團隊準備多種不同形式的制服，讓同仁可以因應不同場合和天氣自由搭配。（圖由蘇巧慧競辦提供）蘇巧慧競選辦公室同仁擔任模特兒，搭配各式造型與場景拍攝系列圖卡，同時宣傳蘇巧慧的各項政見願景。（圖由蘇巧慧競辦提供）    ,https://news.ltn.com.tw/news/politics/breakingnews/5535461
台中4選區掀波瀾！ 70歲王朝坤再戰議員 催生豐原醫院后里分院,政治,2026/08/11 10:20,前市議員王朝坤（右一）將投入市議員選戰。（資料照，記者張軒哲攝）無黨籍前台中市議員王朝坤宣布投入11月台中第四選區（豐原、后里）選戰，王朝坤2018年當選市議員，競選連任時，因為違反《農會法》遭撤銷年底參選資格，他今日指出，今年捲土重來，主打后里醫療資源，讓鄉親看診不用奔波。70歲王朝坤出身后里，地方資料完整，歷任后里鄉民代表會主席、后里農會常務監事、鎮瀾宮董事，王朝坤2018年以無黨籍當選市議員，本屆捲土重來，近期陸續在豐原與后里活動場合曝光，爭取民眾支持。請繼續往下閱讀...王朝坤今日說，他會持續關心豐原醫院后里分院進度，好的醫療建設不只是多一間醫院，更是讓長輩、孩子與每一個家庭，在需要的時候，都能獲得及時、安心的照顧，一件一件做，讓后里、豐原更好，未來更有希望！    ,https://news.ltn.com.tw/news/politics/breakingnews/5535453
中市第四選區出現變數！前民進黨議員翁美春支持無黨王朝坤選議員,政治,2026/08/11 10:17,無黨籍王朝坤參選下屆議員，前民進黨議員翁美春表態支持。   （擷取自王朝坤臉書）前民進黨台中市議員翁美春，宣布支持無黨籍王朝坤參選議員，為台中市第四選區（豐原、后里）議員選舉投下變數！台中市議員第四選區共5席，現任議員有民進黨謝志忠、國民黨張瀞分、陳本添、邱愛珊4人；原任民眾黨市議員的陳清龍，則半途接受黨徵召擔任不分區立委。請繼續往下閱讀...目前宣布參選下屆議員者，包括民進黨現任議員謝志忠、新人蔡怡萱，國民黨現任議員陳本添、邱愛珊、翁子里長連佳振，親民黨黃朝淵，民眾黨連小華則將接下丈夫陳清龍的棒子參選，還有無黨籍王朝坤共8人。原為民進黨議員的翁美春，因正國會先後推出劉厚承及廖芝晏夫婦參選，導致她上屆落選，本屆脫黨參選，也造成廖芝宴落選，廖芝宴也宣布本屆不再參選，將全力支持謝志忠。翁美春今天表示，雖然她不再參選議員，但守護地方、服務鄉親的初心始終不變，為了讓這份服務持續下去，懇請全力支持王朝坤，一起為豐原、后里爭取建設，若王朝坤當選，她將在服務處繼續為大家服務。王朝坤原本這屆爭取連任，結果因違反農會法「交付財物罪」，保護管束執行未畢，遭中央選舉委員會取消參選資格，連任夢碎，下屆將捲土重來，因他和陳本添的大本營都在后里，加上翁美春助力，對藍綠選票皆有所影響。民進黨原本具有2席的實力，這次提名2席，外界認為「穩了」，謝志忠也坦言，因大家都認為「穩了」，反而他最危險。    ,https://news.ltn.com.tw/news/politics/breakingnews/5535436
竹崎鄉長選戰升溫 義隆村長葉志紘宣布參選恐成五腳督,政治,2026/08/11 10:03,嘉義縣竹崎鄉義隆村長葉志紘宣布競逐竹崎鄉長。（民眾提供，資料照）嘉義縣竹崎鄉長選舉呈現參選爆炸態勢，繼民進黨提名鄉代表會主席陳宏吉轉戰鄉長，前鄉公所祕書邱豐銘與連任三屆議員的何子凡相繼宣布以無黨籍參選竹崎鄉長後，深耕基層多年的義隆村村長葉志紘（綽號阿拉伯）也在今天宣布投入鄉長戰局，而據了解，前鄉長溫良恭也有意願重披戰袍，年底竹崎鄉長選戰恐現五腳督。葉志紘參選宣言指出，個人長期深耕竹崎基層，致力於農村營造與在地特色發展，已逐步打造出具高識別度的村落品牌，累積了豐富的基層治理經驗與堅實民意基礎。而在推動各項建設與特色活動時，深刻體會到竹崎在地擁有無窮潛力，但若缺乏整體規劃與跨區域的資源整合，發展成果便難以持續擴大。正是這份使命感，讓他決定跨出村里層級，將義隆村的成功經驗擴展至整個竹崎鄉。請繼續往下閱讀...談及未來的施政藍圖，葉志紘將以「花卉觀光」、「在地產業升級」以及「青年回流」為三大核心主軸，規劃結合竹崎既有的豐富自然資源與優良農業基礎，打造具獨特魅力且可永續營運的發展模式，目標是讓竹崎擺脫「只是路過」的旅遊印象，轉型成為讓遊客願意停留、讓青年願意返鄉生活與發展的宜居鄉鎮。「我不是空談理想的人，而是一步一腳印在地方落實改變的人。」葉志紘強調，從一個村落的治理開始做起，讓他對地方的需求有最直接的體悟。他相信只要方向正確、資源發揮最大效益，竹崎的獨特價值必定能被更多人看見，也期待能以這股基層實幹的能量，為竹崎鄉開創全新的發展格局。    ,https://news.ltn.com.tw/news/politics/breakingnews/5535431
鄭麗文說台灣不是國家引爭議 蕭旭岑嗆：去問美國承不承認,政治,2026/08/11 09:53,國民黨副主席蕭旭岑接受「千秋萬事」節目專訪。（取自千秋萬事直播畫面）國民黨主席鄭麗文接受節目「政經關不了」專訪，被問及「台灣的現況就是和平的獨立者」的說法，她強調，「台灣從來沒有獨立過，台灣也從來不是一個國家」，引發議論。國民黨副主席蕭旭岑今表示，鄭麗文講的每一個字都符合中華民國憲法，符合台灣人民利益，去問美國承不承認台灣是個國家。蕭旭岑今天接受「千秋萬事」節目專訪表示，依照中華民國憲法，台灣跟大陸都屬於中華民國，台灣是個政府，中華民國是個國家，這非常清楚。如果要去玩文字遊戲，說台灣是個國家，其實是不符合現在的政治現實，也不符合台灣人民利益。請繼續往下閱讀...「你去問美國嘛！你問美國他承不承認台灣是個國家」，蕭旭岑說，現在民進黨都跟著美國走，或是大部分的民眾都覺得美國的態度很重要，那現在去問一下美國，他們認為台灣是一個國家還是一個政府？依照中華民國憲法和政治現實「台灣是一個政府，中華民國是一個國家」，這個部分非常清楚。至於黃暐瀚引述的前總統馬英九的說法，指「台灣在中華民國的治理下是一個主權獨立的國家」蕭旭岑解釋，馬英九的正確的用法應該是，「台灣是我們的家園，中華民國是我們的國家」，這個用法，立法院長韓國瑜、台北市長蔣萬安都講過，這就是國民黨正式的立場，鄭麗文就是這樣的立場。蕭旭岑說，所以鄭麗文只是在把中華民國憲法跟政治現實講清楚。而且作為一個負責任的政治人物，國民黨是未來希望執政，希望能夠讓兩岸關係回到正軌，當然希望按照中華民國憲法，按照國際的友人，包括美國、日本都承認的一個現實來處理兩岸關係跟世界各友邦的關係。蕭旭岑表示，如果去硬拗馬英九當年講過台灣是一個國家，這是不可能的，去截取馬的前後文或過度解讀是沒有意義的，因為馬英九、韓國瑜、蔣萬安、鄭麗文都是一樣的說法，台灣是我們的家園，中華民國是我們的國家。蕭旭岑說，「任何做文章要把台灣變成一個國家的，我覺得都是在損及台灣2300萬人的利益」，任何做文字遊戲，欺騙台灣人說台灣可以是個國家的，都是在欺騙2300萬台灣人。因為他講很白了，大家去問美國，如果美國都不承認這樣的事情，再去做這樣的文字遊戲有什麼意義？這樣對台灣人、對兩岸的關係發展有什麼意義？    ,https://news.ltn.com.tw/news/politics/breakingnews/5535415
慈濟被騙10.6億掀疫苗舊戰 葉耀元嘆：十年來只見藍白攻擊、未見共同守護國家,政治,2026/08/11 09:33,美國聖湯瑪斯大學國際研究講座教授葉耀元。（資料照）彰化律師公會前理事長、律師陳昱瑄，涉嫌於2021年新冠疫情期間，以疫苗採購為幌子向慈濟基金會詐欺10.6億元，被收押禁見、起訴。對此，美國聖湯瑪斯大學國際研究講座教授葉耀元表示，這十來年看到民進黨政府不管怎麼做都只會被惡意攻擊，卻沒有看到藍白在任何一個場合願意共同來守護我們國家，不勝唏噓。葉耀元在臉書PO文表示，3件事情覺得大家都應該要知道，不管你是藍綠白或或是無黨無派都應該要搞清楚，任何一個人民在面對全球疫情時，不應該只是單純的「我想要怎麼樣就想要怎麼樣」，或是「我想打什麼疫苗我就應該可以打什麼疫苗」，用這種消費者的心態來面對。這是一個國安問題，在面對國安問題的時候，我們都應該把整體社會的權益放在個人的權益之前，否則社會沒有辦法繼續運作。請繼續往下閱讀...葉耀元指出，台灣其實算是非常成功的案例，跟很多國家相比，民眾也非常配合（葉耀元住美國怎麼會不知道差多大）。但在野黨拿疫情防疫當作武器對執政黨大加撻伐，以破壞台灣國安與防疫為己任，只要可以撿到槍無所不用其極，這完全是跟全民的公益背道而馳。葉耀元直言，合理批判當然可以批判，但不合理或造假的攻擊，就只是在扯後腿。台灣不需要這種無法觀大局的政治人物，更不需要只為了選舉而操縱人民的政黨。這十來年我看到民進黨政府不管怎麼做都只會被惡意攻擊，卻沒有看到藍白在任何一個場合願意共同來守護我們國家，不勝唏噓。    ,https://news.ltn.com.tw/news/politics/breakingnews/5535367
曝藍營總統勝選「唯一解方」黃暐瀚︰鄭麗文要換請便,政治,2026/08/11 09:00,黃暐瀚指出，前總統馬英九的論述，是過去30年來，國民黨總統大選勝利的「唯一解方」。（擷自黃暐瀚臉書）資深媒體人黃暐瀚強調，國民黨的基本論述是「中華民國是國家」，但不代表就必須否定「台灣是國家」；且過去30年，前總統馬英九的論述「台灣也是我們的國家」，已是藍營在總統大選中獲勝的「唯一解方」。黃暐瀚10日在臉書發布貼文稱，每次透過歷史論證，總會讓部分網友「氣噗噗」，讓他不禁質疑，「氣什麼呢？」請繼續往下閱讀...黃暐瀚指出，他當然知道國民黨的基本論述是「中華民國是國家」，然而抱持這樣的論述，不等於就必須否定「台灣是國家」。他進一步援引馬英九的說法反問：「馬英九不就說了『台灣也是我們的國家』嗎？」針對部分網友留言要求他「去看身分證、看鈔票」等說法，黃暐瀚認為，每一則「挑戰」他的留言，實際上都是在「挑戰」2008年及2012年的馬英九。黃暐瀚並表示，特定網友排斥的這套「論述」，其實是過去30年來，國民黨在總統大選中獲勝的「唯一解方」。至於現任國民黨主席鄭麗文是否要改變這套論述，黃暐瀚直言：「鄭主席要換配方？請便。國民黨的勝敗，與我無關。」    ,https://news.ltn.com.tw/news/politics/breakingnews/5535342
慈濟遭詐10.6億印證陳時中示警 謝志偉：不白之冤終得雪、老天有眼,政治,2026/08/11 08:27,我國駐歐盟代表謝志偉（資料照）慈濟疫情期間採購BNT疫苗遭詐10.6億元，證實時任衛福部長陳時中當年示警「慎防掮客詐騙」並非空穴來風。對此，我國駐歐盟代表謝志偉表示，多年後的今天，只能說真相儘管來得晚，不白之冤終得雪，這可真是上帝拍戲，老天有演（眼）啊！謝志偉在臉書PO文表示，在那兩年的疫情期間，那些人曾以極盡邪惡之能事的方式，對許多盡心盡力於防疫、防災的官員、人們、NGO及執政黨主其事者作了無恥無下限、無良無底洞之造謠、誣陷、污衊等之攻擊。請繼續往下閱讀...謝志偉直言，雖然那些人如今或還在繼續瞎掰，狡辯，或只能左支右絀地問A答B，多年後的今天，只能說真相儘管來得晚，不白之冤終得雪，這可真是上帝拍戲，老天有演（眼）啊！    ,https://news.ltn.com.tw/news/politics/breakingnews/5535365
陳佩琪怨手鐐恐讓皮膚潰爛！張育萌揭已百般禮遇：柯戴腳鐐觸53次告警,政治,2026/08/11 08:06,民眾黨主席柯文哲（右）與妻子陳佩琪。（資料照）前民眾黨主席柯文哲日前將電子監控設備從腳鐐換成手環，柯妻陳佩琪近日又抱怨，改為電子手環後，生活更加不便，不僅充電線容易因甩手脫落，也擔心皮膚長時間泡水恐造成過敏甚至潰爛，台灣青年民主協會理事張育萌對此發文質疑，先前是柯文哲自己抗告說不戴電子腳鐐，且在戴腳鐐期間柯就曾觸發53次三級告警，張育萌直言高院讓柯改為手環已是「百般禮遇」。張育萌在臉書發文指出，陳佩琪憑什麼抱怨電子手環會害柯文哲「皮膚過敏潰爛」啊？請繼續往下閱讀...張育萌表示，第一，柯文哲自己提抗告，說他不戴電子腳鐐的。柯文哲也說，他為了「宣揚政治理念」，有必要前往金門、馬祖和澎湖這些外島。高等法院就是因為柯文哲抗告，才網開一面，把腳鐐改手環，已經對柯文哲百般禮遇。第二，柯文哲戴腳鐐的期間，總共觸發53次三級告警。其中，不只柯文哲的腳鐐離線超過30分鐘，所以發出警告，還有柯文哲到處趴趴走，接近苗栗通霄的海岸、台中梧棲和嘉義東石的海岸線。張育萌直言，「不是一兩次，總共觸發53次欸」、「誰知道你哪次是去輔選，哪次會不會就搭船跑了？」張育萌提到，更不用說，柯文哲是一審被判17年的重刑——最輕本刑5年以上就是重罪，17年絕對不是清清白白。柯文哲一邊顛倒是非，跟陳智菡把監控的電子手環當「時尚小物」到處秀，陳佩琪又一邊抱怨手環會害老公皮膚潰爛。張育萌也諷刺，盧秀燕竟然還敢拍柯文哲肩膀，安慰他說「所以我們要更勇敢」。他也批評「盧秀燕講什麼鬼話？要勇敢幹嘛？一起勇敢貪污嗎？」    ,https://news.ltn.com.tw/news/politics/breakingnews/5535349
台灣平均月薪約4.9萬！7成員工領不到 2大原因曝光,政治,2026/08/11 06:38,"行政院主計總處昨公布上半年最新薪資統計。千元鈔示意圖。（路透檔案照）首次上稿 00:37更新時間 06:38行政院主計總處10日公布今年上半年最新薪資統計，台灣全體受僱員工每月經常性薪資平均約4.9萬，不過有高達7成的員工的薪資低於平均，原因主要受到是少數高薪族群的拉抬效應，以及外籍移工、打工族人數增加影響。請繼續往下閱讀...主計總處10日公布的數據顯示，全體受僱員工每月經常性薪資平均數達4萬8981元，年增2.88%；加計獎金與加班費後的總薪資平均數年增3.48%。在物價漲勢趨緩下，今年上半年消費者物價指數（CPI）平均年增率降至1.69%，使扣除物價因素後的實質經常性薪資平均數來到4萬4119元，年增1.16%，創下近六年同期最高增幅；累計實質總薪資平均數則年增1.75%，亦寫下近9年同期新高，顯示整體薪資成長速度已超越通膨。不過，主計總處也坦言，「平均薪資」與多數人的實際薪情仍有落差，薪資分布不均的情況明顯，上半年全體受僱員工經常性薪資低於平均數的比率升至70.03%，首度突破7成大關，創下歷史新高。反映多數基層受僱者真實薪情的中位數，則為每月3萬9283元，年增2.98%。主計總處表示，除了少數高薪族群拉抬平均數外，近年外籍產業移工與部分工時員工（打工族）人數成長較快，也是推升低於平均數員工占比的主要原因。若進一步排除移工與打工族，單看「本國籍全時受僱員工」，上半年每月經常性薪資平均數提升至5萬1,888元。此外，本國籍全時員工低於平均薪資的比率自2024年上半年的70.93%、2025年上半年的70.49%，持續降至今年上半年的70.30%，呈現逐年下降趨勢。主計總處指出，這顯示國內核心勞動力的薪資結構並未惡化，全體比率衝高不能單純解讀為薪資差距擴大。展望後續薪資與物價走勢，主計總處提醒，雖然今年上半年實質薪資展現近年最佳成果，但近期受中東地緣政治局勢緊張及國際能源價格波動影響，國內物價壓力再次升溫，截至7月CPI漲幅已連續三個升破2%通膨警戒線。若後續物價漲幅持續擴大，恐將侵蝕勞工的加薪效益並削弱實質購買力，未來薪資與通膨的消長仍有待持續觀察。    ",https://news.ltn.com.tw/news/politics/breakingnews/5535283
徐錫祥：境外介選大幅攀升 從人流、金流、資訊流精準查緝,政治,2026/08/11 05:30,最高檢代理檢察總長徐錫祥。（資料照）地方選舉將屆，法務部將強化境外介選查察。最高檢代理檢察總長徐錫祥示警，近年境外介選案件大幅攀升，但起訴率、有罪率仍不高，今年將從「人流、金流、資訊流」精準查緝。法務部表示，若有人受境外勢力指示、委託或資助，以招攬民眾赴中旅遊、提供「落地招待」等不正利益，藉此要求支持特定候選人或政黨，可能觸犯公職人員選舉罷免法第九十九條的投票行賄罪，法定刑最高十年；若行為人另受境外滲透來源指示、委託或資助，依反滲透法第七條加重其刑至二分之一，最高刑度可達十五年。請繼續往下閱讀...徐錫祥受訪指出，賄選不以口頭或書面明示交換條件為必要。依最高法院見解，只要行求、期約或交付的不正利益，客觀上足使一般人理解為要求一定投票行使或不行使的對價，即可能成立。相較二〇二二年地方選舉，徐錫祥表示，二〇二四年偵辦境外勢力介選案件已有大幅攀升趨勢，但此類案件目前仍有起訴率、有罪率不高的司法實務問題，因此今年將進一步分析各類境外介選態樣及司法判決，依犯罪構成要件精進偵查作為。法務部今年鎖定賄選、賭盤、假訊息及境外介選，全台廿二個地檢署成立跨機關聯防團隊，並結合金流、數位鑑識及鏈上分析追查境外資金；最高檢另成立重大假訊息處理中心，境外介選檢舉獎金最高二千萬元。近年來境外敵對勢力介入國內選舉手法不斷翻新，前民眾黨新住民委員會主委、曾列不分區立委安全名單的中配徐春鶯，被控受中方滲透來源指示，幫台北市長候選人黃珊珊及總統候選人、前民眾黨主席柯文哲站台，涉反滲透法等罪嫌，全案今日宣判。    ,https://news.ltn.com.tw/news/politics/paper/1766135
「北戴河會議下令介選」 綠輔選幹部：全面升級防禦,政治,2026/08/11 05:30,中國介選層出不窮。（路透檔案照）中共北戴河會議觸及對台策略四大面向，將年底台灣地方大選視為對台工作成敗關鍵，下令全力支持在台「愛國力量」。對此，民進黨輔選幹部昨指出，已注意到食安議題以來境外假帳號與假訊息爆增趨勢，正全面升級防禦，啟動中央與地方「雙向示警回報」機制即時闢謠，全面圍堵認知戰。輔選幹部指出，早在今年二月就傳出中國在「對台工作會議」成立因應台灣地方選舉的工作專組，擺明介入年底九合一大選；與此同時，國民黨主席鄭麗文也不斷將中國對台文攻武嚇轉化成選舉語言，試圖影響台灣社會輿論。請繼續往下閱讀...輔選幹部表示，中國善用LINE等「封閉式群組」傳遞假訊息，加上地方議題初期不容易拉到全國層級檢視，導致各類抹黑極易在基層流竄、發酵。這位幹部舉例說，二〇一八年瘋傳「二百萬噸文旦丟水庫」、二〇二二年時任台北市長候選人陳時中及高端疫苗被攻擊抹黑，真相釐清時選舉早已結束，如今AI氾濫，台灣正面臨更嚴峻的資訊戰考驗。輔選幹部透露，在前一波問題油事件開始，民進黨就注意到境外假帳號與假訊息在社群平台大量出現，歷次工作會議都不斷提醒幹部，必須建立緊密聯繫管道即時澄清，啟動「雙向示警回報」機制，中央黨部一接獲通報，迅速提供闢謠與澄清素材，供地方公職與基層幹部發布闢謠，同時也將持續向國人示警，勿輕信假訊息。民進黨立委吳思瑤昨逐一剖析，中共北戴河會議對台策略四面向中，第一、二項「反對台灣增加軍事投資、無人機部署」、「截斷台灣主權想像」都是藍白在野黨正在立法院做的事，包含為難無人機預算、砍國防預算、砍我國各部會媒宣費、癱瘓公視等；第三項「調動資源反台獨、挫折台獨，轉化為共同支持統一」顯然就是鄭麗文正在做的事，鄭近日更公開宣稱「台灣不是一個國家」，國民黨就是中共的在台協力者；第四項「年底選舉給予在台『愛國力量』最大支持」則為中共在台協力政黨或政客，明確提供助選紅利。吳思瑤強調，只要是中國支持的，絕不是愛國力量，而是叛國力量，國人一定要明確地辨別。    ,https://news.ltn.com.tw/news/politics/paper/1766134
自由日日shoot》「4年出國17次 夾帶觀光行程」 竹縣議員參選人批楊文科忙畢旅 經費不明,政治,2026/08/11 05:30,楊文科4年17趟赴外考察國民黨新竹縣長楊文科昨晚飛巴西參加「二〇二六世界台灣客家懇親大會」，「台灣前進陣線」竹縣議員參選人張育慈、李雅芬、林裙靜以及小民參政歐巴桑聯盟竹北市代參選人洪瑞瑾一早在縣府前，公開質疑楊文科四年已出國十七次，共一三九天不在台灣，頻率過高、成效薄弱且經費不透明，猶如畢業旅行，要求縣府公開這十七趟出訪行程內容、經費來源以及具體效益。楊文科七月卅日透過縣府新聞稿強調，此行是應世界台灣客家聯合總會長邱榮光、名譽總會長陳石山的邀請，才答應去巴西，這個懇親大會就連外交部、客委會等也將參與。請繼續往下閱讀...楊昨飛巴西 再轉赴葡萄牙縣府：應台灣客家大會邀請縣府昨天補充，因新竹縣是台灣重要科技產業基地，楊文科隨後轉赴葡萄牙考察新創產業基地，將拜會里斯本南灣市政府交流相關議題。但是李雅芬質疑，客家懇親大會八月七日就開幕，楊文科卻是昨天（十日）才出發，活動後還轉飛葡萄牙，十四天的行程，到底有幾天跟公務有關？林裙靜說，楊文科先前已完成的十六趟國外行程，僅五趟有明確政策任務，六趟屬於公務與文化觀光混合行程，另有五趟根本是高度旅遊化，被他們分列「實質」考察、夾雜大量文化觀光的「混合」行程，以及正式會談稀少、卻排滿景點等私人行程的「高風險」外訪。洪瑞瑾抨擊楊文科四年十七趟出國，有十三趟的經費來源不明，更抨擊自費不代表不必公開相關行程資料，畢竟他動用的是縣政運作時間，隨行的是公務員，若有落地招待，還可能涉及職務倫理與利益迴避問題。小民參政歐巴桑聯盟竹北市代參選人洪瑞瑾（中）昨表示，縣長楊文科包含這次飛巴西，十七趟赴外行程有十三趟經費來源不明。（記者黃美珠攝）    ,https://news.ltn.com.tw/news/politics/paper/1766136
北戴河密商3招 「拉美孤台」斷軍售,政治,2026/08/11 05:30,中國領導人習近平。（歐新社資料照）中共國家主席習近平預計九月廿四日訪美，我國安官員掌握，正在進行的北戴河暑休會議聚焦中共對美策略，核心重點之一就是全力阻擋美國發動新一輪對台軍售，中共將分批執行各項對美採購，以此拉攏美方，孤立日本、菲律賓與台灣；另中共將發動一年期的黨內整肅，嚴查親美及「人在北京、家在美西」官員，確保唯一效忠習近平。將整肅「人在北京、家在美西」官員中國上週一起展開為期兩週的北戴河暑休，除了研討十月下旬中共中央委員會第五次全體會議（五中全會）議程及中共二十一大相關事宜外，主要聚焦政事、人事二大核心議題。請繼續往下閱讀...我國安官員指出，政事議題方面，中共對美策略鋪陳三個面向，首先，將前次「川習會」承諾的各項採購，依策略需要「批批次次」形成不斷的拉攏力道，以採購、貿易利害拉攏美國，孤立日本、菲律賓與台灣。第二，「務必阻擋新階段對台軍售，以免破壞當前戰略佈局」，我官員指出，台灣近年持續強化國防戰力，將破壞中國多年來在區域的部署。第三，善用俄烏戰爭與中東情勢，創造對美「彼消我長」的戰略機遇。黨務人事與內部掌控也是此次北戴河重點，我國安官員掌握，考量功能性需求，中共將在五中全會後優先補上針對島鏈目標台灣、日本的東部戰區，以及負責首都衛戍的中部戰區司令與將領。與此同時，我國安官員指出，中共擬在二十一大前發動一年期的整肅運動，目標「打三不純、抓三種人」，清除侵蝕「兩個維護」的毒瘤（維護習近平總書記黨中央的核心與全黨核心地位、堅決維護黨中央權威和集中統一領導）。中共鎖定打擊的「三不純」，包括「思想不純」：對習近平領導核心不忠者；「組織不純」：鎖定搞小圈圈與派系團夥者；「行為不純」：嚴查親美、對西方「和平演變」抱持幻想者，特別是搞「人在北京、家在美西」的雙面官員，連帶國務院也修訂出入境管理規定，預計五中全會後全面整頓、二十一大前階段性完成。鎖定「打三不純 抓三種人」維護習地位針對新一屆人事遴選，據透露，中共已立下三項指標：第一、以習主席為唯一效忠核心；第二、具備「挫敗美國」與貫徹「東升西降」的絕對自信，家族成員嚴禁與美國及西方集團有任何勾連；第三、軍人任用須熟知「習近平強軍思想」。    ,https://news.ltn.com.tw/news/politics/paper/1766140
「北戴河會議下令介選」學者示警：中共恐鎖定綠營優勢及可望逆轉勝選區,政治,2026/08/11 05:30,中國領導人習近平。（歐新社資料照）中共高層展開北戴河會議，將二〇二六台灣九合一選舉視為中國對台工作關鍵成敗，要求務必給予在台「愛國力量」最大支持。學者昨示警，中共定會利用AI深偽、謠言打擊民進黨參選人，並動員台商支持親中政黨，在民進黨可能「反敗為勝」、「佔有優勢」選區重點介選。經民連也示警，中共對台策略已全面收緊，若不反制，國內政局恐直奔香港「愛國者治台」模式。新北、南、高是重點區成功大學政治系教授王宏仁受訪指出，中共會介入台灣年底選舉，並扶植在台協力者，也會運用AI深偽軟體製作不實影片，在國民黨主席選舉，都可看到中共介選痕跡，後來鄭麗文也順利當選。中共年底會把這套模式升級化，「用AI技術干擾選舉，混淆候選人的意見」。請繼續往下閱讀...王宏仁分析，現在台灣年輕人很少用臉書和IG，反而多是使用Thread。中國也會在新媒體平台，利用網軍壓制綠營的聲音或佯裝綠色聲音，影響年輕人對政府的看法。中國也會支持特定政黨參選人，例如承認「九二共識、一個中國」的國民黨、新黨，民眾黨、地方宮廟也是中共的目標對象。王宏仁研判，中共手法是以深偽影片、不實謠言在網路散播，打擊破壞參選人形象隨著選舉逼近，在民進黨可能「反敗為勝」、「佔有優勢」選區，例如新北市或是大本營高雄市、台南市，都是中共介選的重點縣市。「台商、民間企業會被用來介選！」王宏仁說，中共通常會從台商、地方宮廟系統下手，也會透過特定政黨議員、泛藍企業家接觸比較中立的民眾，讓他們對中國產生好感。台商則透過「一個拉一個」說服南部親友，並動員鼓勵台商回台投票。讓更多人不滿政府就達效果東海大學陸研中心副執行長洪浦釗表示，中國面對二〇二六年底選舉，核心目標之一就是削弱台灣民眾對政府的信任。中國不必說服台灣選民支持哪一個政黨，只要讓更多人不滿政府、懷疑政府、失去對政府的信任，便可達到介選效果。台大政治系副教授陳世民直言，中共「一中原則」核心至今未變，就先前頒布的「懲獨廿二條」來看，即便主張中華民國主權獨立也是台獨，呼籲政府面對中共海量假訊息、在台第五縱隊，應更加精準回應國內相關認知戰，強化民眾敵我意識。經濟民主連合智庫召集人賴中強則特別示警，中共對台策略已比當年對香港更加嚴酷，香港曾歷經「港人治港」才收緊為「愛國者治港」；但對台則已無任何轉圜空間，有意直奔「愛國者治台」。政府與社會大眾必須堅守國防與民主防線，認清中共的統戰伎倆，否則失去主權後的處境，「恐會比香港還不如」。    ,https://news.ltn.com.tw/news/politics/paper/1766133
反制中共跨境鎮壓 修法強化刑事嚇阻,政治,2026/08/11 05:30,因應中共跨國鎮壓及跨境壓迫問題，法務部已著手研議修法，將針對過去實務上曾發生的跨境壓迫行為態樣，並參考外國立法例增訂相關處罰規定，以強化刑事嚇阻。（路透資料照）因應中共跨國鎮壓及跨境壓迫問題，法務部已著手研議修法，將針對過去實務上曾發生的跨境壓迫行為態樣，並參考外國立法例增訂相關處罰規定，以強化刑事嚇阻，防堵境外勢力跨越國界對我國人民及社會進行侵擾、干預。警政署則全面啟動預防、保護與反制三大策略，警方並強調，因應中共鎮壓具快閃與隱蔽特性，除指派專人與潛在受害對象主動建立報案管道，確保當事人遭遇威脅時能第一時間獲報處置，更將積極強化國際友盟合作，透過跨國情資交換與協防，建構無死角的防護網。警全面啟動預防、保護與反制三策略法務部表示，目前已就修法議題與行政院召開兩次會議，後續將持續盤點國內實務案例及外國法制，研議跨境壓迫行為的認定、處罰門檻及適用範圍，以填補現行法制可能存在的規範缺口。請繼續往下閱讀...所謂跨國鎮壓及跨境壓迫，主要是境外勢力將施壓、威脅或干預手段延伸至國境之外，針對身處海外的特定人士或群體進行控制，相關行為可能透過境內協力者、民間組織或其他管道進行，也使傳統刑事法制在行為認定及追訴上面臨新的挑戰。尤其跨境壓迫手法未必以單一犯罪型態呈現，可能透過持續騷擾、施壓、威脅或其他間接方式遂行，行為背後可能涉及境外指示、境內執行等多層關係，如何釐清幕後指揮者、實際行為人及彼此關聯，也使司法機關在蒐證、認定及法律適用上面臨較高難度。國際間已逐步透過刑事法制回應。英國國家安全法已設有外國干預相關罪名，對受外國勢力指使，並以脅迫、欺騙等不正手段干預個人權利、政治或司法程序的行為設置刑責，且相關行為即使發生於境外，也可能納入適用。對於受害對象的保護與反制作為，警政機關已彙整可能受害的潛在對象名單，由轄區單位指派專人與當事人對接，警方會依據實際情勢與風險評估，加強安全維護等協處作為，目前轄區警分局陸續派員主動聯繫，建立若遇突發狀況、可立刻向派出所報案的專屬機制。一旦案件發生，警方將立即成立專案小組偵辦，並通報跨機關平台協助，力求迅速破案，緝捕施暴者。警政署也呼籲民眾切勿成為境外敵對勢力的在地協力者，任何人若受指使、利誘或脅迫，從事蒐集、傳遞、協助監控，或危害個人安全及社會秩序的行為均屬違法，警方必將依法查辦、絕不寬貸。    ,https://news.ltn.com.tw/news/politics/paper/1766137
漢光演習徵用民間板車運輸戰甲車 花蓮跨區增援宜蘭速度翻倍,政治,2026/08/11 05:30,漢光42號演習前天深夜實施從花蓮跨區、跨夜增援宜蘭演練，Ｍ-60A3戰車及CM-21等各式甲車全數直上民間板車，驗證軍民合力的新模式。 （彭博）漢光42號演習前天深夜實施從花蓮跨區、跨夜增援宜蘭演練，陸軍花東防衛指揮部派出聯兵營及混砲營等單位，依令北上執行「跨區機動」實兵操演，Ｍ-60A3戰車及CM-21等各式甲車全數上板車，行車速度不但翻倍，且和戰甲車自力機動相較，板車運輸不但節省油料及成本，也是驗證軍民合力的新模式。（記者游太郎）漢光42號演習前天深夜實施從花蓮跨區、跨夜增援宜蘭演練，Ｍ-60A3戰車及CM-21等各式甲車全數直上民間板車，驗證軍民合力的新模式。 （記者游太郎攝）    ,https://news.ltn.com.tw/news/politics/paper/1766131
法部研修刑法 反制中共對台跨國鎮壓 警方擬與潛在被鎮壓對象建立報案機制,政治,2026/08/11 05:30,反制中共對台跨國鎮壓，法務部正研議相關法律案作為執法的根據；修法主要將以「刑法」為主。（資料照）中共對台跨國鎮壓有「快閃式」、「打了就跑」特性，行政院層級「跨境鎮壓跨機關協處平台」指示從法制面研議嚇阻的法律規範。官員透露，主要修法方向以「刑法」為主，由法務部研議中。中共跨國鎮壓具隱蔽性，警政機關已彙整出可能受害潛在對象，由警方先與當事人聯繫，建立出事可立刻報案機制，以利第一時間緝捕施暴者。建立立刻報案機制 即時緝捕施暴者面對中國跨國鎮壓，台灣人權工作者李明哲接受本報訪問時透露，轄區警方確實有和他建立聯繫管道，告知有事情發生的話，可以隨時和他們報案。自己住家為信義分局五分埔派出所轄區，工作處所在文山二分局附近，「兩個分局的警方都有來找我，說如果出事可以直接和副所長講」。請繼續往下閱讀...李明哲談及，台灣警方不會知道中共何時會發動，也不可能廿四小時保護民眾，但警方研判他可能會被中共派人騷擾，也許有情資或預防，之前有請警方來和他說，包括在學校或工作場所有發現異狀，都可以隨時與警方聯繫。李明哲指出，印太戰略智庫執行長矢板明夫在台中被攻擊的案件，也是立即處理才能抓到人，如果按照一般報案程序處理，恐怕很難能及時抓到，所以建立相關的聯繫機制是有必要的。官員：提高相關刑責 才能遏阻不法熟稔國安議題的官員表示，反制中共跨國鎮壓對台灣至關重要，目前正研議相關法律案作為執法的根據；修法主要以「刑法」為主。他強調，反制中共跨境鎮壓不是修兩岸人民關係條例，而是要強化「刑法」和「國家安全法」，提高相關刑責，才能有效遏阻不法。    ,https://news.ltn.com.tw/news/politics/paper/1766130
明華園第三代陳昭賢挺蘇巧慧 盼成大家後盾,政治,2026/08/11 05:30,「風神寶寶兒童劇團」團長陳昭賢力挺蘇巧慧（右六）。（蘇巧慧競辦提供）民進黨新北市長參選人、立委蘇巧慧昨天發布最新社群影片，明華園劇團第三代、「風神寶寶兒童劇團」團長陳昭賢分享兩人相識多年，致力推動本土文化與兒童藝術，她展現與蘇巧慧同為「新世代」的深刻共鳴，盼一起肩負傳承台灣藝術與文化的責任，她力挺說：「非常期待巧慧能夠再進一步成為我們的後盾。」「巧慧的眼睛是閃閃發亮的，我覺得那真的是對孩子的愛」。談及二〇一七年首次和蘇巧慧合作兒童劇《風神寶寶之火焰山》的過程，陳昭賢回憶，當時提報演出費用後，蘇巧慧第一時間不是要求折扣，而是貼心詢問「這個規模、費用，妳和妳的團隊會不會很辛苦？」這份站在表演者、經營者立場思考的舉動，是業界很難得的體貼。陳昭賢說，蘇巧慧向來合作和相處都讓人很放心，「因為這個人會為你思考」。請繼續往下閱讀...新莊川友會成立 千人相挺李四川國民黨新北市長參選人李四川昨出席新莊川友會成立大會，逾一千名鄉親及近七十位里長到場相挺，跨黨派民代出席站台，展現團結支持氣勢。李四川表示，他會全力接棒新北市長侯友宜，提升新莊大眾運輸量能、加速新泰塭仔圳重劃，並興建蘆社大橋，串聯AI產業廊帶，帶動經濟產業及在地建設發展。李四川說，無論過去在台北縣服務或擔任新北市副市長期間，都曾與地方推動新莊治水、重劃工程、中港大排及捷運建設，未來將興建大漢溪捷運縱貫線，從民生汐止線延伸到三重、新莊、塭仔圳到樹林等地，強化交通路網，打造雙北卅分鐘通勤生活圈。李四川（旗幟左四）出席新莊川友會成立大會。（記者黃政嘉攝）    ,https://news.ltn.com.tw/news/politics/paper/1766219
《北市第五選區》代母出征 無黨籍應佳妤總部成立,政治,2026/08/11 05:30,國民黨籍台北市議員應曉薇官司纏身，由女兒應佳妤「代母出征」以無黨籍參選第五選區（中正、萬華）議員，昨天舉行總部成立茶會，卅餘名支持者到場相挺，揮舞國旗高喊「凍蒜」；多名藍營政治人物送花籃祝賀「高票當選」，包括立法院長韓國瑜，台北市長蔣萬安也祝「圓滿成功」，如此「盛況」，讓爭取連任的國民黨籍議員鍾小平直言「藍營恐不好選」；民進黨籍參選人馬郁雯預言泛藍會「搶成一團」。應佳妤表示，鄉親到場力挺不只是參加活動，也是用行動支持年輕世代，展現中正、萬華可以有個不一樣的未來，若有機會進入議會，一定會成為「讓大家找得到的人」為民服務。請繼續往下閱讀...鍾小平︰中正萬華藍營恐不好選鍾小平分析說，民進黨支持者在中正、萬華約佔四成，採共同配票、聯合競選，每人可均分一成；藍白加上無黨籍約佔六成，至少七人參選，僧多粥少，恐會掉一席，直言這場選舉「綠好選、藍不好選」。馬郁雯說，應佳妤參選對提名四席的國民黨而言是「超額提名」，民眾黨也派吳怡萱角逐，從藍白合角度來說，選票自然而然會「搶成一團」。    ,https://news.ltn.com.tw/news/politics/paper/1766231
赴中失聯、遭留置再增2人 累計415人,政治,2026/08/11 05:30,陸委會最新統計，截至8月7日止，國人赴中失聯、遭留置盤查或關押，累計415人。（圖擷取自陸委會臉書）官員：宗教因素23人 仍有17名一貫道信徒被關押陸委會最新統計，截至八月七日止，國人赴中失聯、遭留置盤查或關押，累計四一五人，與上次公布相比新增二人，一人失聯、一人遭限制人身自由；官員強調，有廿三人是因宗教因素被抓，目前有十七名一貫道被關在中國。請繼續往下閱讀...據統計，自二〇二四年一月至今年八月七日止，赴中失聯一五八人、遭留置盤查卅三人，遭中方關押二二四人。海基會上週披露，一名在中國任教超過十年的台灣籍老師，今年五月底遭公安帶走，至今已被拘近八十天，推估因為一貫道等宗教因素被列為國安案件。熟稔兩岸的官員受訪稱，中共不斷逮捕台灣一貫道信眾。統計案例當中，有廿三人是因為宗教因素被抓，廿人是一貫道道親，三人是其他宗教教派，截至目前為止，僅三人回到台灣，仍被關在中國的一貫道道親有十七人。官員談及，陸委會有去拜會一貫道總會，一貫道的領導人、各分會理事長，都了解到一貫道在中國傳教遭到迫害的問題。不管是一貫道世界總會或全國總會，都有透過他們的組織系統通知道親，「現階段不宜到中國大陸傳教」。不過，官員提到，有些一貫道道親具有冒險、捨身傳教的精神，仍然要去中國，確實人身風險比較大。事實上，一貫道在台灣是相當重要的宗教團體，在海外、台灣都做了很多公益慈善事業，也是守護台灣的良善力量，卻不見容於中國。官員強調，中國會用各種法律程序不讓人回來，有的被調查中，有些還在走法律程序。如果中共當局認為不能傳教，大可將人驅逐出境就好，不應該用法律判刑關押，一貫道傳教是循規蹈矩，中共不應該用惡法懲罰台灣民眾。    ,https://news.ltn.com.tw/news/politics/paper/1766138
漢光演習驗證軍民資源整合 台東自營印刷業投入印製文宣,政治,2026/08/11 05:30,漢光演習昨進入第六天，澎湖戰車部隊在岸邊開火，對來犯敵軍迎頭痛擊。（記者劉禹慶攝）國軍「漢光四十二號」演習驗證軍民資源整合及支援軍事作戰能量。陸軍花東防衛指揮部前晚派出聯兵二營及混砲營等單位，從花蓮北上支援宜蘭，執行「跨區機動」實兵操演，Ｍ-60A3戰車及CM-21等各式甲車全數上民間板車，透過板車拖運執行支援任務。台東縣後備指揮部昨也整合地方民間資源，協調自營印刷業的地區委顧團顧問投入文宣印製，藉由在地力量傳遞正確資訊、凝聚全民防衛共識。藉由在地力量 傳遞正確資訊台東縣後備指揮部昨動員池上鄉後備軍人輔導中心副主任林春隆、秘書潘同諭及輔導組長葉子豪等人，協調自營印刷業的地區委顧團顧問曾鼎元投入文宣印製，並由後輔幹部深入地方實施宣導，以實際行動驗證軍民資源整合及支援軍事作戰能量。請繼續往下閱讀...演練過程中，台東縣後備指揮部將「國家團結月」文宣電子檔交由曾鼎元，曾運用自營印刷設備完成印製，隨即由後輔幹部前往池上車站發放及張貼，將正確資訊傳遞至民眾日常生活場域。曾鼎元表示，此次能運用自身經營的印刷事業投入演習任務，不僅實際驗證民間資源支援軍事作戰的可行性，也讓正確資訊透過地方網絡深入社區；面對各項威脅與挑戰，民間力量同樣是國家防衛重要的一環。此外，漢光四十二號演習前天深夜演練第二作戰區跨區、跨夜增援第三作戰區，也是直接透過民間板車拖運執行任務。花防部聯兵二營官兵前天下午就與民間板車廠商配合，Ｍ-60A3戰車及CM-21甲車「上板作業」，並於晚間十時依令從花蓮北上支援宜蘭。官員指出，和戰甲車自力機動相較，透過板車運輸可以縮短運輸時間，約可省下一半時間，同時也可節省油料補給等「行政成本」，且為了防止戰甲車行駛時間過長，導致引擎過熱等問題發生，中途需安排多個定點休息及補給，油料等作戰成本也能相對減少，也是這次漢光演習驗證的另一重點科目。國防部長顧立雄昨天上午特別赴衛戍指揮部指揮所視導，就情資傳遞、指揮管制、通資備援及防空作戰等議題，與幹部交換意見，同時慰勉演習官兵辛勞。顧立雄表示，快速情資傳遞、建立完整作戰圖像至關重要，面對複雜多變的戰場環境，國軍須完備分散指揮及備援機制，發揮去中心化指揮效能。台東縣後備指揮部整合地方民間資源，協調自營印刷業的地區委顧團顧問曾鼎元投入文宣印製。（後指部提供）    ,https://news.ltn.com.tw/news/politics/paper/1766141
網路降速演練「玩真的」 民眾手機測試網速歸零,政治,2026/08/11 05:30,行動網路降速演練昨登場，行政院啟動跨部會應變中心。（行政院提供）因應首次行動網路降速演練，行政院長卓榮泰昨指示，演練期間於台北車站啟動跨部會應變中心，由行政院政委季連成擔任指揮官，統合中央部會、聯繫地方政府，在演練期間密切掌握實際運作情形，遇有突發狀況迅速處置，把可能影響降至最低。政院啟動跨部會應變中心全台首次行動網路降速演練，昨下午二點半到三點在中部七縣市登場，十三日下午規劃在北部七縣市進行。彰化縣許多民眾昨拿起手機測試網速，果然發現網速是零，但採用固網的筆電網速則是維持正常，赫然發現「原來演習是玩真的」，果然是在模擬戰爭或重大災害時的行動網路受限。請繼續往下閱讀...為促首次行動網路降速演練順利，行政院於昨日及十三日上午十時至下午四時開設應變中心。應變中心指揮官季連成說明，行動網路降速相關措施涉及民眾日常通訊使用，也可能連帶影響醫療、交通、金融、民生經濟等領域服務，因此跨部會應變中心，目的就是「事前做好準備、過程即時監控、狀況立即處理」。各部會應以民眾權益及公共服務不中斷為優先，演練期間保持高度警覺，對於任何異常情形都應迅速確認、即時處置並充分橫向聯繫。行政院也掌握行動網路降速演練實施情形，確保整體過程平穩順利。    ,https://news.ltn.com.tw/news/politics/paper/1766142
對台工作成敗 全看2026大選 中共北戴河密令：全力扶植在台愛國力量,政治,2026/08/11 05:30,中國正在北戴河暑休會議，據我方掌握，中共將2026台灣九合一選舉視為中國對台工作關鍵成敗，下令務必給予在台「愛國力量」最大支持。（路透檔案照）中國正在北戴河暑休會議，據掌握，此次政事議題聚焦對美、對台兩大軸線，對台策略鎖定四大面向：反對以武謀獨、強化對台「實質治理」、整合資源打擊台獨，並將二〇二六台灣九合一選舉視為中國對台工作關鍵成敗，下令務必給予在台「愛國力量」最大支持。中國暑休會議 對台策略鎖定四面向我國安官員指出，北戴河暑休會議觸及後續對台策略的四大面向：第一，反對以武謀獨，台灣增加軍事投資、擴大無人機部署，都將根本性破壞中方在台海的有利形勢，應結合所有力量反對；其次，強化實質治理，持續從法律上、心理上、國際上、軍事上，全面截斷台獨所謂「國際空間」與主權想像。請繼續往下閱讀...第三，提供所有可調動資源，爭取台灣各界反對台獨、挫折台獨，轉化為共同支持統一的力量。第四，將二〇二六台灣地方選舉視為對台工作成敗的關鍵，務必給予在台「愛國力量」最大支持。國安局成立安維專案 防堵外力介選總統賴清德二月視導國安局時曾提醒，九合一選舉將至，中國勢必藉假消息、假民調、開設地下賭盤及各種經貿與觀光操作，加大介選力道，國安局已成立「九合一選舉安維專案」，確保台灣民主選舉不受外力干擾。國安局曾向立院報告，指中共勢必透過假訊息、假民調、落地招待等複合式手法介選。對此，法務部也著手以各種方式因應，包括成立專責查察體系、強化深偽情資研析與鑑識量能、升級賭盤查察模式、速查嚴辦境外勢力介選、強化檢舉獎金宣導。    ,https://news.ltn.com.tw/news/politics/paper/1766129
蔣萬安再稱疫苗黑箱 沈伯洋︰繼續造謠、過分,政治,2026/08/11 05:30,"沈伯洋（中）批蔣萬安現在塗黑、隱瞞、蓋牌兒虐資料在移轉焦點。（記者田裕華攝）被質疑參加疫苗秘密會議卻抹黑政府、攻擊陳時中 蔣稱當時反對塗黑慈濟購買疫苗遭詐讓當年中央政府採購疫苗的爭議再受到關注，時任立委的台北市長蔣萬安被質疑擔任衛環委員會會議主席，決議請衛福部遮蔽無法公開、需保密的部分將資料送立法院，並曾參加秘密會議，了解採購限制與免責條款，卻為了選台北市長，抹黑政府、攻擊陳時中；蔣萬安昨強調，當時就反對資料塗黑，批民進黨政府從疫苗到毒油案，都是硬拗、護航，包庇的態度。民進黨籍台北市長參選人沈伯洋反批蔣萬安現在塗黑、隱瞞、蓋牌兒虐資料在移轉焦點；心中想著成藍營共主「心已經飛出去了」。請繼續往下閱讀...蔣萬安昨出席東新國小校舍改建動土典禮，還原當時立法院監督疫苗採購，一直要求召開秘密會議，但行政部門不願意；在立委的堅持下，依照相關合約和法律的規定可以不揭露關鍵訊息。但秘密會議召開時，拿出來的合約資料三分之二以上都塗黑，他「當然有」反對塗黑，經檢視保密條款有例外條款，也當場要求完整公開，但衛福部支支吾吾不願意。後來採購合約封存卅年，這些都是客觀的事實，民進黨不要再來洗地。沈伯洋日前批蔣萬安「說了一個謊，就要說千千萬萬個謊來圓！」蔣萬安昨天地強硬回擊「這句話套用在民進黨身上非常適合」，從疫苗到毒油案，民進黨政府的態度就是硬拗、護航，包庇，透過扭曲事實的方式來洗人民的記憶。沈︰夏莉絲案才是蓋牌 蔣移轉焦點 心想著大位沈伯洋昨天在廣播專訪的時候說，蔣萬安「還在繼續造謠，有點過分。」強調要回歸市政，關心涉兒虐的夏莉絲托嬰中心評鑑「乙等」資料怎麼不見了？為什麼議員要不到資料？蔣萬安現在塗黑、隱瞞、蓋牌兒虐資料在移轉焦點。市府每次都說要預防、有掌握、有處理，但是就是一直發生，質疑一定會有系統性的問題，讓家長反映求助無門。對於蔣萬安本週末要到宜花輔選，沈伯洋說，蔣想著大位，想成為藍營共主，但對外界質疑市政諸多問題都沒有回答，「心已經飛出去了」；他作為台北市長候選人，就是要關心台北市，「要負責的對象是市民，追求的是市民認同。」台北市長蔣萬安（右四）被質疑參加疫苗秘密會議，他指當時反對塗黑合約資料。 （記者田裕華攝）    ",https://news.ltn.com.tw/news/politics/paper/1766230
陳翠蓮接國史館館長,政治,2026/08/11 05:30,賴總統昨特任陳翠蓮女士為國史館館長，自9月14日生效。（總統府提供）國史館館長陳儀深二〇一九年七月接任國史館館長一職至今，橫跨蔡英文與賴清德政府，總統府發言人郭雅慧昨表示，陳儀深辭職案業已核准，賴清德總統昨特任台大歷史學系特聘教授陳翠蓮為國史館館長，自九月十四日生效。郭雅慧說明，陳翠蓮長期從事台灣政治史的教學與研究，亦積極參與轉型正義相關工作，目前仍在台大任教，將於完成借調程序後上任。    ,https://news.ltn.com.tw/news/politics/paper/1766124
馬德共諜案 檢再起訴一退役軍人,政治,2026/08/11 05:30,前中天新聞主播「馬德」林宸佑涉嫌吸收現役軍人刺探軍機，高等檢察署高雄分署近日也以違反《國家機密保護法》、《陸海空軍刑法》、《貪污治罪條例》和《國家安全法》等罪嫌，起訴交付國家機密給馬德的徐姓退伍軍人。（資料照）前中天新聞主播「馬德」林宸佑涉犯共諜案，遭違反滲透法等罪起訴收押，檢調另查出陸軍五支部徐姓運輸兵涉嫌洩漏軍方作戰補給計畫，將計畫交給名為「PPRIT」人士後，再由林協助匯款報酬。高雄高分檢昨依違反國家機密保護法等罪，起訴已退役的徐姓上兵。「馬德」林宸佑今年五月起訴後延押至今，同案被告另有六名現退役軍人涉收賄，外洩機密還包含國軍戰略武器「海馬斯多管火箭系統」的保養檢測手冊，涉案官兵報酬均由林協助匯兌、轉帳。請繼續往下閱讀...林雖已遭起訴，但檢調持續抽絲剝繭偵辦，今年七月調查局新北市調查處查獲陸軍五支部徐姓運輸兵涉嫌洩漏軍方作戰補給計畫，報請高雄高分檢指揮發動搜索，拘提徐男到案後聲押獲准。檢調查出，徐姓上兵服役期間，透過LINE社群通訊平台，結識「PPRIT」等境外敵對勢力集團成員後，為取得購買汽機車費用及投資虛擬貨幣、清償個人債款，利用職務上取得國軍作戰計畫等國防秘密之機會，翻拍作戰補給計畫等文件，用通訊軟體將機密傳送交付給不詳人士；事成後，林宸佑接獲指示，自個人帳戶轉匯「報酬」或虛擬貨幣給徐姓上兵帳戶。高雄高分檢偵結，認為徐員觸犯國家機密保護法、陸海空軍刑法、貪污治罪條例、國家安全法等罪，昨提起公訴，全案移審高雄高分院，裁定徐員續押。    ,https://news.ltn.com.tw/news/politics/paper/1766139
中國駐日大使館嗆台灣非國家 網友：中國是非法政權惹人厭,政治,2026/08/11 01:09,駐日代表李逸洋由於不滿長崎市政府刻意矮化台灣地位，9日未出席原爆和平祈念儀式。（歐新社）日本長崎市9日舉行原爆和平祈念儀式，駐日代表李逸洋由於不滿長崎市政府持續將台灣代表安排在使節團區域之外，刻意矮化台灣地位，決定不出席，改由駐福岡辦事處長陳銘俊代表與會。中國駐日大使館10日透過社群媒體叫囂，台灣不是國家，不存在所謂的「國格」，「自不量力四處刷存在感，只會自取其辱」，引發眾多網友怒責嘲諷。中國駐日使館在X平台上以問答方式聲稱：「問：台灣地區所謂『駐日代表』日前聲稱，『國格』與地位遭到刻意矮化，令人遺憾且失望，還說提出了『嚴正抗議』。請問發言人對此有何評論？答：台灣不是一個國家，不存在『國格』一說。自不量力四處刷存在感，只會自取其辱。世界上只有一個中國，台灣是中國領土不可分割的一部分，中華人民共和國政府是代表全中國的唯一合法政府。這是國際社會的基本共識。補充一個小常識，聯合國對台灣的稱謂是：『中國台灣省』。」請繼續往下閱讀...網友以中文和日文留言痛批：「大言不慚，還他媽的台灣省，那叫中華民國好不好，論輩分那是你爹。。。」、「自取其辱？這國家雖小卻慷慨援外，平民亦踴躍響應！既是一中何不效法？號稱大國作為卻如水蚤般，該認清現實了。」、「如果這個世界只有一個中國，那就只有中華民國。你這種非法政權也敢拋頭露面說別人不是一個國家。」、「中國，我覺得你最好不要插手台灣的問題。」、「世上沒比中華人民共和國更惹人厭的國家！它是二戰後才建國吧？中共稱台灣為一中很荒謬，台灣是中華民國，戰前就是了。」還有網友說：「台灣是國家乃顯而易見的事實，你們的妄想從世界角度來看純粹是白痴。」、「中華人民共和國統治台灣的歷史連一秒都不存在。現在台灣施政權在中華民國，主權屬台灣國民。任何人不得以武力改變現狀。」、「中國果然是世界的毒瘤。」、「台灣地區？在中國本土的哪裡？在日本，中國本土的地圖上可沒標示台灣地區喔。倒是有個獨立國家叫台灣國呢～」「內容就像是小孩子的發文。各國大使不會用『自不量力』這類缺乏從容又心胸狹隘的字眼，因為這簡直像小孩子吵架。」、「中共的思維習慣：不講道理、不講邏輯。沒有依據的結論，沒有說服力，無法讓別人接受，屬於強詞奪理。」    ,https://news.ltn.com.tw/news/politics/breakingnews/5535296
矮化我國格被罵翻  長崎市長竟暗指台灣「自請參加已開特例」！,政治,2026/08/11 01:03,長崎市長鈴木史朗。（圖翻攝自X:@suzuki46genki）日本長崎市9日上午舉行原爆和平紀念典禮，爆出官方將台灣代表的座位安排在使節團區域之外，刻意矮化我國格與地位，我國駐日代表李逸洋直接拒絕出席，引發台日社群熱議。長崎市長鈴木史朗10日接受日媒訪問時，竟然暗指台灣是自己主動請求參加，市府已經為台灣開特例，座位安排並無不妥。長崎市政府主辦原爆和平紀念典禮，給台灣代表的座位安排有刻意矮化台灣國格與地位之嫌，惹怒李逸洋，不少日本網友都看不下去，砲轟長崎市府。事發當天，長崎市府回應稱，今年為台灣代表準備的是和去年相同的「海外席」，並沒有刻意將台灣排除在外交使節團之外，只是因為安排給日本首相高市早苗及各國駐日大使所坐的區域「特別來賓席」位置不夠，才安排到海外席，不存在刻意降低層級的意圖。但長崎市府的說詞並不被外界買單，反使怒火進一步延燒。請繼續往下閱讀...根據《產經新聞》報導，長崎市長鈴木史朗10日接受媒體採訪時稱，市府會持續跟台灣方面說明，希望取得理解；但他表示，台灣代表之前曾經向長崎市表示，希望以「台灣原爆受害者代表」的身分參加典禮，市府因此同意讓台灣代表坐在各國大使後方的「海外來賓席」，並將台灣代表歸類為「國際組織等相關來賓」。鈴木史朗接著說，長崎市府的邀請對象主要為在日本設有駐外公館的國家與地區，其他國家如果在聯合國設有代表處，市府也會通知典禮相關資訊，而台灣並不符合前述2項條件，因此原本不在長崎市正式邀請的對象之中，不過在台灣主動表達希望出席後，長崎市仍比照去年，同意台灣代表參加典禮。言下之意似乎是在說，台灣自己想去參加原爆和平紀念典禮，長崎市府已破例同意，他們已經展現善意，而且台灣方面是以「原爆受害者代表」的身分請求出席，而非正式外交使節，那麼將座位安排在「各國大使後方」並無不妥。    ,https://news.ltn.com.tw/news/politics/breakingnews/5535284
藍白搶票大亂鬥！應佳妤參戰中正萬華 鍾小平、吳怡萱壓力倍增,政治,2026/08/11 00:20,無黨籍的應佳妤今辦競選總部成立茶會，應曉薇（前左）擁抱女兒應佳妤。（記者董冠怡攝）台北市議員應曉薇官司纏身，推派女兒應佳妤「代母出征」接棒參選中正、萬華選區的議員。無黨籍的應佳妤今辦總部成立茶會，國民黨籍立法院長韓國瑜及多名藍營政治人物致贈花籃祝賀「高票當選」。爭取連任的國民黨籍議員鍾小平說，這場選舉藍營恐不好選；民進黨籍議員參選人馬郁雯預言泛藍會「搶成一團」。馬郁雯認為，應佳妤參選對已提名4席的國民黨而言，當然是「超額提名」，民眾黨也派出吳怡萱角逐，從藍白合的角度來說，選票自然而然會「搶成一團」，民進黨則會在市長參選人沈伯洋的帶領下，努力將選票極大化，力拚4席全壘打。請繼續往下閱讀...鍾小平指出，民進黨在中正、萬華約佔四成，採取共同配票、聯合競選，每人平均分得一成；藍白包含無黨籍在中正、萬華約佔六成，卻有至少七人參選，泛藍陣營僧多粥少，擔心國民黨會比現在少一席，這場選舉恐面臨「綠好選、藍不好選」的局面。不過鍾小平也說，他會持續靠雙腳拜票、大量掃街並站路口等方式爭取選民的支持，確保票票入匭。媒體追問應佳妤有母親助陣拉票，而且拉的還是藍軍的票，對於包含他在內已獲國民黨提名的四席，是否會有聯合應對策略；他保守回應，這要問市黨部，自己不便代為回答。    ,https://news.ltn.com.tw/news/politics/breakingnews/5535279
慈濟遭詐10億案有花蓮王的戲？他翻起訴書抓包：傅委員是誰呀？,政治,2026/08/11 00:12,國民黨立院黨團總召傅崐萁。（資料照）慈濟遭疫苗掮客詐騙10.6億一案曝光後受到各界關注，網紅「四叉貓」劉宇發現，疑似國民黨立院黨團總召傅崐萁及其作為花蓮縣長的妻子徐榛蔚也出現在起訴書，引發網友熱烈討論。2021年國內新冠疫情嚴峻、疫苗一劑難求之際，曾任台中市府法律顧問的律師陳昱瑄與掮客李易儒共謀，誆騙慈濟委託採購500萬劑BNT疫苗，騙取折合新台幣約10.6億元的3000萬美元委任報酬。請繼續往下閱讀...四叉貓10日為大家導讀起訴書，發現第88頁紀錄下「被告陳OO（應為陳昱瑄）與證人顏OO（應為慈濟執行長顏博文）Telegram對話數位採證」，陳姓被告在2022年傳送訊息說：「目前政府機關談的不算順利，但我們評估現階段還不是OO出面的時機點，若是OO有意願，我們可以先做前置作業，等待適當的時機點。就明天的會面，建議執行長先聽聽縣長跟傅委員的來意，暫且不要表態。我跟OO的家族一貫的立場是不參與政治，所以若是OO需要協助處理，我們一定會全力處理，但如果是其他單位或政治人物、政黨要我們出面處理，還請執行長體諒，協助對OO的身分予以保密，謝謝」。四叉貓語帶揶揄說：「我有點好奇（舉手），傅委員是誰？縣長又是哪位？他們會面時說了些什麼？慈濟總部在花蓮，好難猜唷……」網友紛紛表示，「是我想的那樣嗎？」、「有錢撈的地方，就一定有花蓮王」、「又是那對夫妻」、「所以這案件又通到花蓮王夫婦了嗎」、「哇顏執行長和律師的對話！果然有鬼」、「怎麼這種場合都有傅委員」、「走到哪裡都有牠們的戲，好好看」、「沒想到還有花蓮國的戲」。    ,https://news.ltn.com.tw/news/politics/breakingnews/5535278
沈伯洋走訪永康商圈交流市政 聚焦都更、人行道改善及商圈活化,政治,2026/08/10 23:23,台北市長參選人沈伯洋今偕同民進黨副秘書長何博文，前往大安區永康商圈參與地方座談，在永康國際商圈創會理事長李慶隆陪同下，與在地商家深入交流。（記者田裕華攝）民進黨台北市長參選人沈伯洋今偕同民進黨副秘書長何博文，前往大安區永康商圈參與地方座談，在永康國際商圈創會理事長李慶隆陪同下，與在地商家交流都市更新、人行道改善及商圈活化等議題。針對都更，沈伯洋提出老宅延壽、危老重建與都更三軌並行，長期卡關的「殭屍都更」應儘速建立退場機制；商圈人行步道導入內政部國土署的「街道醫生」計畫（正式名稱為全民參與街道改善平台），與在地共商重新設計車流、駕駛視角與實體人行道，以及深入發展當地專屬特色與文創亮點，結合他提出的親子同行卡政策，將政府資源精準注入社區經濟。沈伯洋說，結構無虞的老宅可透過內政部推出的老宅延壽方案改善管線、加裝電梯與屋頂美化，針對現行補助的不足，市府應成立行政輔導團主動入戶溝通，提高住戶整合，利用中央老宅延壽方案，從裡到外將建物整體改善；結構受損的危老建築因涉及重大公共安全，建議導入保險機制，增加屋主重建的選擇誘因。請繼續往下閱讀...沈伯洋提到，面對北市過半都更案長期卡關淪為「殭屍都更」，應儘速建立退場機制，讓舊案重來以加速都更效率；借鏡國外經驗，只要建案願意回饋提供開放的公共空間讓商圈及社區使用，額外給予容積率獎勵，實現環境共好。另於永康商圈引進「街道醫生」，透過商圈與居民共同討論，重新設計車流、駕駛視角與實體人行道；若巷弄路幅小於11公尺，可評估改為單行道以騰出安全的步行空間，經由降速與友善步道延長民眾在商圈的停留時間，提升治安並帶動在地經濟。談到商圈文化與經濟發展，沈伯洋認為，必須深入發展在地專屬的特色與文創亮點，不應與其他商圈同質化，同步結合先前提出的「親子同行卡」，比照敬老卡放寬福利，由家長或長輩帶領兒童於在地獨立書店或文化場域消費，將政府資源精準注入社區經濟，也規劃引進「健身小巴」結合敬老卡折抵，由教練與醫療人員帶動社區人氣。此外，他說，借鏡日本皇居經驗建置具備公廁、更衣盥洗與裝備租借的「運動驛站」。未來將結合瑠公圳歷史水利脈絡與金華街區進行整體規劃，全面振興在地巷弄文化。他以昨天走訪文博會，現場看到許多彩繪、香氛等豐富精彩的創作，展現台灣文化底蘊的經驗有感而發說，市府不應只在舉辦展覽時才讓創作者被看見，而是打造讓創作能隨時被看見的友善環境，才能為藝文與文創產業帶來更長遠且實質的助力。永康街商圈人潮街景。（記者田裕華攝）    ,https://news.ltn.com.tw/news/politics/breakingnews/5535277
蔣萬安東部搶當母雞輔選 沈伯洋批：市政疑問未答、心已飛走,政治,2026/08/10 23:19,民進黨籍台北市長參選人沈伯洋出席永康商圈座談並受訪。（記者田裕華攝）台北市長蔣萬安六月才說「現在完全沒有想2028的事」，並且多次強調專注市政，本週便受邀至宜蘭、花蓮「輔選」，搶當藍營母雞。民進黨籍台北市長參選人沈伯洋觀察指出，蔣好像「黃國昌化」了；面對媒體詢問蔣轉變原因，沈今出席永康商圈座談受訪說，目前對於市政諸多質疑、市民提出的問題，都沒被回答，「看起來蔣的心已經飛出去了！」關於蔣萬安「黃國昌化」及東部輔選，沈伯洋表示，一個人不是看他怎麼說，而是要看他怎麼做。目前對於市政諸多質疑、市民提出的問題，看起來都沒被回答，「看起來他的心已經飛出去了！」無論如何，今天講的就是一個現象，還是希望市民的反映，市政府、市長能夠接球聆聽及告訴大家如何解決。不論是砍樹或是兒虐問題等，市民想要的只是一個答案，好好回答問題並沒有很困難，呼籲不要一直轉移焦點，這大概也非市民想聽的。請繼續往下閱讀...媒體問沈接受媒體人黃光芹專訪透露，7月訪美前就已做好功課，了解要去的城市可能有台北市政問題需要的解方，去了就能直接切入主題；沈伯洋說明，訪美前已將市政想要了解的問題、哪些城市對相應的問題有所研究，並已做好筆記，例如交通零死亡，探究當地道路設計有哪部分是公開資料上沒有看到的、怎麼做到的；請建築師帶著訪團走訪紐約都更成功與失敗案例，評估能否應用於台北。此外，沈於黃光芹專訪也提到，自己的知名度仍然不足，認識跟不認識他的人非常極端，認識的可能像是支持者在饒河夜市排成「貪食蛇」，不認識的被他握手則是一臉狐疑「你是誰」，如何透過陸戰擴大知名度？沈回應，持續勤走基層極力爭取市民認同，多讓別人認識、讓大家知道團隊的市政願景及提出的解方。    ,https://news.ltn.com.tw/news/politics/breakingnews/5535256
好友誇「耐操、好擋、拚第一」 黃世丞金門議員競選服務處成立,政治,2026/08/10 22:56,黃世丞（舉旗左2）成立金門縣議員競選服務處，兩岸好友專程跨海前來祝賀。（記者吳正庭攝）無黨籍前金門縣長秘書黃世丞今天成立金門縣議員第1選區競選服務處，他強調，金門的發展不能只靠酒廠，要把產業鏈做大。支持者高喊「找世丞、好事成」，現場士氣高昂。黃世丞曾於現任縣長陳福海12年前初任縣長時擔任縣長秘書，並兼任縣府大陸事務辦公室執行長；離開縣府後轉往廈門市經商，與多位台商會長友好，他目前也是泉州台資協會副會長。請繼續往下閱讀...黃世丞成立服務處指出，現場有江西省九江台資企業協會會長蔡正富、廣東省惠州台資企業協會會長黃建智、福建省泉州台資企業協會常務副會長龔俊維、泉州台資企業台商區聯誼會會長邱俊傑、金馬台澎兩岸交流協會執行長李正圻、高雄科技大學華南校友會長陳泓渝等人出席。黃世丞推崇過去在行政作業上對他指導甚多的金門縣政府前秘書長、現任文化大學主任秘書謝世傑，也專程到場力挺。謝世傑說，有2句話形容黃世丞，1個是「面笑、嘴甜、腰軟、手腳快」，肯定黃處事身段柔軟、反應敏捷，而且「耐操、好擋、拚第一」。簡潔有力的助選，為現場帶來高潮。黃世丞說，對金門的發展有「青年參與、活力金門」、「經濟發展、創造就業」、「在地關懷、照顧鄉親」、「跨域合作、共創未來」4大主軸。他以青年發展為例，年輕人就業發展很重要，尤其當他在兩岸企業間奔走時，特別能感受到「金門的人才留不住」；金門的環境差，唯一的一所國立金門大學的畢業人才當然也留不下來。要讓年輕人留下來，金門就要有更多的企業進來；如果台商能藉著地利之便到金門來走走看看，留下來投資，金門年輕人就有就業機會，留在金門的年輕人口就會多，那發展就會好。他表示，不管是觀光旅遊或各個產業鏈，金門不能只有靠酒廠，必須在酒廠外要開發其他的產業，把金門整個產業鏈做大，要走不一樣的路。金門縣長前秘書黃世丞（左）投入金門縣議員第一選區布局，曾與其共事的前金門縣政府秘書長謝世傑（右）專程前往站台打氣。（記者吳正庭攝）黃世丞成立金門縣議員競選服務處，現場祥獅戲瑞，熱鬧開場。（記者吳正庭攝）    ,https://news.ltn.com.tw/news/politics/breakingnews/5535258
鄭麗文：將提AI政策與法令 打造下一代護國神山群,政治,2026/08/10 22:55,國民黨主席鄭麗文表示，將提出AI政策與法令環境白皮書。（圖由國民黨提供）國民黨主席鄭麗文今參加花蓮縣政府與MIT REAP舉辦「2026創新論壇」的「建構AI健康與深科技創新創業生態系：跨境合作、公共政策與創業者支持」座談。她表示，AI時代正帶來徹底、翻天覆地的轉變，台灣必須及早建立迎接新時代的政策與法律環境。她透露，將很快準備相當完整的白皮書，提出AI時代所需要的政策與法令環境，以及如何結合私人部門力量、提供資金與政策環境，讓台灣創造下一代「護國神山群」，並讓AI帶來的經濟成果由更多人民共享。鄭麗文引用甘迺迪當年決定把人類送上月球時曾說，「我們決定要做這件事情，並不是因為這件事情很容易，而是因為這件事情很困難」。政治工作者與政府政策應容許人們大膽作夢、提出願景，同時務實提供相關土壤與環境，讓願景與夢想能夠一步一步達成。請繼續往下閱讀...鄭麗文指出，在高科技發展與AI時代，整體生活方式、教育及產業都可能面臨工業革命以來最徹底的轉變，因此法律與政策環境必須能夠迎接全新時代，讓新科技為人們的福祉服務。尤其如果政府政策高度倚賴AI演算法，更必須思考「到底是AI在幫我們做決定，還是我們自己在做決定？」人類應決定要達成的目標，讓AI成為最忠實的僕人、最好用的工具。她指出，台灣近年亮眼的經濟成果，來自台積電供應鏈及AI硬體製造，但台灣同時面臨明顯的「K型經濟」，經濟成果只有極少數人可以分享，提供台灣八、九成就業機會的傳統產業、服務業與農業，則面臨嚴重的萎縮、挑戰與瓶頸。因此，AI成果如何讓絕大多數人民共同分享，是政府必須面對的重要課題。鄭麗文並以曾參訪小米汽車及美團為例表示，AI已快速改變製造業及服務業。台灣則擁有許多在全球垂直分工中占有重要地位的「隱形冠軍」，但過去可能是世界冠軍的傳統產業，如今正面臨何去何從的命運交叉點。她表示，台灣的特色是擁有大量中小微型企業，政府應思考提供「公共算力、公共數據」，讓中小微型企業可以共享。不能只要求微型企業自行進行AI升級，否則未來可能面臨被大型企業併吞或取代。台灣具有過去成功的經驗、獨特的產業生態、高科技環境與豐沛人才，有機會找到一條讓AI創造巨大經濟紅利，同時讓全民共享的道路。鄭麗文強調，她近一年持續思考，台灣過去創造了經濟奇蹟與「護國神山」，面對新的AI時代，下一步就是「台灣如何創造下一代的護國神山群？」不只高科技產業，包括傳產、服務業及農業都應全面升級，除了算力與數據共享，也需要全面的政策、法律及社會福利環境，確保環境永續與成果共享。鄭麗文表示，希望運用台灣既有經驗及軟硬體資源，將台灣打造成全世界重要的「沙盒」（sandbox），創造具有示範性的模式；包括中小學教育方式也必須因應AI時代改變。她強調，未來將很快準備完整白皮書，提出所需要的政策與法令環境，並思考如何結合私人部門力量及提供資金。    ,https://news.ltn.com.tw/news/politics/breakingnews/5535260
網路降速演練 重要公共服務不中斷  演習期中部110報案243件,政治,2026/08/10 22:46,城鎮韌性（防空）演習今天舉行期間，中部手機很難上網；不過警、消、緊急醫療等重要公共服務都正常運作。（記者陳建志攝）2026城鎮韌性（防空）演習今天在中部登場，首度演練行動網路降速。行政院表示，演練下午3時順利完成，相關系統都恢復正常，警察、消防及緊急醫療等重要公共服務都正常運作，未因行動網路降速受影響。國家通訊傳播委員會（NCC）為驗證政府於頻寬不足情境下的應變能力，規劃今天在中部7縣市及13日在北部地區7縣市，舉辦「2026城鎮韌性（防空）演習：行動網路降速演練」。請繼續往下閱讀...行政院晚間透過新聞稿表示，配合這次演習，上午10時於台北車站聯合防災中心開設跨部會應變中心，由政委季連成擔任指揮官，統合中央各部會並即時與地方政府視訊聯繫，全程掌握通訊、警消、醫療、交通、金融及民生等各項服務運作情形。行政院表示，這次降速演練是由電信業者透過核心網路限流，將行動網路下載速率調降至256KB，模擬重大災害或戰時通訊資源受限情境，並同步驗證政府及重要公共服務備援能力。行政院說，演練期間，應變中心各編組部會都盤點並啟動相關應變及備援機制，包括電信業者行動基地車、低軌衛星、微波及無線電等通訊備援措施。同時政府GSN固網、醫療院所固網及Wi-Fi等都維持正常運作，水、電、油等重要民生基礎設施也未受影響。行政院指出，防空演習下午3時結束後，季連成再次對中央跨部會盤點並同時與地方政府視訊，確認警察、消防及緊急醫療等重要公共服務都正常運作，未因行動網路降速受影響。警政署統計，演練期間中部地區110電話報案243件、視訊APP報案6件、簡訊報案5件，與去年同期相較沒有顯著異常。消防署回報，演練期間救災救護案件雖較去年平均每半小時案件數略多，但考量白天案件原本就較夜間多，整體仍屬正常範圍。119報案通訊全程維持正常，各地方政府低軌衛星、微波及無線電等備援通訊也測試正常；醫療院所則透過固網、Wi-Fi及既有備援機制維持運作，緊急醫療救護服務均未受影響。行政院強調，這次演練目的並非單純測試「網路變慢」，而是透過接近極端情境的壓力測試，實際驗證當行動通訊資源受限時，政府指揮體系、警消醫療及重要公共服務能否持續運作，以及各項備援通訊機制能否即時啟動。這也是台灣首次在防空演習期間實際辦理行動網路降速，透過真實情境找出問題、驗證備援並持續精進，進一步提升國家整體通訊及社會韌性。行政院說，將彙整今天演練經驗進行檢討，作為13日北部地區演練及後續制度精進的重要參考。行政院指出，感謝中部7縣市民眾對這次演練的理解與配合。面對重大災害或其他極端情境，穩定政府運作及公共服務有賴平時充分準備及全民共同參與；透過演練提前發現問題、建立備援能力，才能在真正面臨危機時降低對民眾生活衝擊。行政院將持續以「民眾權益及公共服務不中斷」為優先，強化中央與地方協作及各項通訊備援機制，持續提升國家整體防災及城鎮韌性。    ,https://news.ltn.com.tw/news/politics/breakingnews/5535247
高雄毒駕增 蘇致榮提四管齊下防制,政治,2026/08/10 22:45,高市毒駕增，民進黨議員參選人蘇致榮提出四管齊下防制策略。（蘇致榮服務處提供）高雄市近7月毒駕事故比去年同期增加44件、酒駕事故則比去年同期減少60件，民進黨議員參選人蘇致榮提出「執法、教育、科技、輔導」四管齊下，從事前預防、事中攔阻到事後輔導，從源頭預防降低風險，建立完整防線。根據市府統計，高雄今年1至7月毒駕事故發生87件，造成4人死亡、76人受傷，比去年同期增加44件、死亡增加2人、受傷增加33人；酒駕事故發生363件、1人死亡、287人受傷，比去年同期減少60件、死亡減少2人、受傷減少57人。請繼續往下閱讀...蘇致榮表示，高市近期酒駕、毒駕案件頻傳，造成民眾生命安全受到威脅，他認為拒絕毒駕不能靠運氣，預防教育才是核心，市府應從源頭建立防制網絡，唯有從源頭降低風險，才能真正守護高雄用路人安全。蘇致榮提出5項防範重點，強化警方攔查與高風險路段執法，提升毒駕篩檢與辨識能力，加強科技防制精準執法，從校園及駕訓教育扎根，建立夜間娛樂場所防酒駕機制。尤以科技防制應導入智慧交通監測、AI影像辨識及事故熱點分析，掌握高風險時段與路段，讓警力與稽查資源能夠精準配置，從被動查緝轉向主動預防。警方針對深夜、夜生活場所周邊及酒駕、毒駕案件較多路段，應加強巡邏與臨檢頻率，並善用科技設備提高執法效率。此外，校園及駕訓教育向下扎根，將酒駕、毒駕真實事故案例及法律責任，納入交通安全教育，加強年輕駕駛了解嚴重後果。    ,https://news.ltn.com.tw/news/politics/breakingnews/5535259
桃園小小市長上工「批公文」 張善政盼培養公民意識,政治,2026/08/10 22:40,「桃園小小市長暨市政體驗營」安排參觀市長室、模擬批核公文。（記者李容萍攝）桃園市政府舉辦「小小市長暨市政體驗營」今年邁入第4屆，邀請國小一、二年級學童化身「小小市長」，不只走進市長室認識首長工作，還模擬批核公文、市政決策，並透過真人版大富翁、婦幼安全、防災及智慧科技等課程，讓孩子從遊戲中認識城市治理，市長張善政勉勵學童培養公民意識，進而關心公共事務。張善政指出，「桃園小小市長暨市政體驗營」活動每年的名額釋出後幾乎「秒殺」，感謝家長安排孩子走進市府，透過一日體驗認識市府運作，包括參訪環保局、體驗警察工作，並在市長室模擬批核公文，也期盼透過活動在孩子心中播下關心市政的種子。請繼續往下閱讀...今年體驗營共安排10、12、14日3梯次，招募99名國小一、二年級學童，以「金牌小小市長 樂動桃園城」為主題，安排市政問答、互動闖關，融入家庭教育、婦幼安全、自我保護、防災及智慧科技等議題，轉化為互動體驗。活動設計「真人版大富翁」闖關遊戲，融入全民運動會、台灣設計展，以及桃園在地特色、交通建設與市民卡等元素，讓學童在遊戲中進一步認識家鄉；另與桃園在地觀光工廠合作，推出「太陽能小賽車」手作課程，透過實際操作啟發孩童對科學的興趣。營隊重頭戲是讓學童實際走進市長室，由張善政帶領小小市長認識市長日常工作及職責，並模擬公文批核流程。現場也安排市政QA，引導孩子實際體驗城市治理過程。另外，今年活動設置「報紙拍貼機」，以新聞頭條版面結合市政重大資訊及拍貼體驗，讓小小市長與家長共同拍攝結業紀念照，以及開放一般民眾免費體驗，讓參與者留下專屬紀念照。市府新聞處指出，市府除透過體驗營扎根公民教育，新學年起營養午餐將增加「大塊肉」供應、推出「幸福餐」，並與名店、名廚合作規劃菜單，另持續推動「生生喝鮮乳」，從飲食、營養到教育等面向減輕家庭負擔。桃園小小市長暨市政體驗營」學童體驗警察工作。（桃園市政府提供）    ,https://news.ltn.com.tw/news/politics/breakingnews/5535250
鄭麗文「兩岸統一」當執政藍圖？國民黨嗆媒體斷章取義,政治,2026/08/10 22:40,國民黨文傳會主委陳以信今（10）日表示，有媒體報導稱，主席鄭麗文（見圖）「毫不避諱把兩岸統一當作執政藍圖」，這是斷章取義、移花接木。（資料照）國民黨主席鄭麗文日前接受媒體人彭文正的節目「政經關不了」專訪，被問到國民黨到底想不想跟中國談和平統一？她表示，這一切要等到國民黨執政後，才有辦法真正的推出政策予以落實。國民黨文傳會主委陳以信今（10）日表示，有媒體報導稱，鄭麗文「毫不避諱把兩岸統一當作執政藍圖」，這是斷章取義、移花接木，刻意扭曲受訪者原意，嚴重違反新聞專業倫理令人不齒。鄭麗文近日接受專訪時，重申中華民國憲法就是「一中憲法」、九二共識就是「兩岸同屬一個中國」等「親中」論述；鄭麗文更強調「台灣從來沒有獨立過，台灣也從來不是一個國家」。至於國民黨是否想跟中國談和平統一，鄭麗文說，要等到國民黨執政以後，才有辦法真正的推出政策予以落實，兩岸一定立刻春暖花開。請繼續往下閱讀...陳以信表示，在鄭麗文的談話中，根本沒有出現所謂「把兩岸統一當作執政藍圖」的說法。鄭麗文說的是：「不太可能有什麼時間表，一定是要合乎兩岸人民共同的願望跟期待，它才有可能和平順利地來推進。至於兩岸人民共同的願望是什麼，期待是什麼，就是最好的安排，倒不是說我今天要強加一個我覺得最好的結局給大家，我不相信這個。」陳以信指出，鄭麗文談的是，國民黨執政後，將優先恢復兩岸交流，包括防災、救災、打擊跨國詐騙，以及建立互信、對話與協商機制，降低戰爭可能性。至於未來兩岸關係，她的原話更清楚表示，必須「根據人民的需要，根據兩岸交流合作的發展跟成長」。陳以信說，媒體可以有特定政治立場，但不能把自己的政治解讀包裝成受訪者的原話，更不能靠斷章取義製造不存在的言論。    ,https://news.ltn.com.tw/news/politics/breakingnews/5535255
四叉貓爆郭台銘也被騙慈濟10億掮客找過  因「1疑點」果斷拒絕合作！,政治,2026/08/10 22:27,鴻海集團創辦人郭台銘。（資料照）慈濟在武肺（新冠肺炎、COVID-19）疫情期間委託採購疫苗遭詐10.6億一案近日受到台灣社會熱議，網紅「四叉貓」劉宇今天（10日）為大家導讀起訴書，發現設局慈濟的疫苗掮客也有去找鴻海集團創辦人郭台銘，不過郭台銘因「無法查證其身分及背景」果斷拒絕，成功避開詐騙陷阱。檢方調查，2021年國內疫情嚴峻、疫苗一劑難求，曾任彰化律師公會理事長的律師陳昱瑄與掮客李易儒共謀，向慈濟基金會宣稱擁有BNT疫苗採購管道，還誆稱曾協助多家大型企業採購疫苗，以此博取信任。慈濟基金會聽信說詞，委託由陳昱瑄擔任負責人的鈺達企業管理顧問公司辦理500萬劑BNT疫苗採購，並支付折合新台幣約10.6億元的3000萬美元委任報酬，結果被騙光光。請繼續往下閱讀...四叉貓今天在臉書為大家導讀檢方的起訴書，可以看到第133頁紀錄，「鴻O集團創辦人郭OO於刑事陳報狀中明確陳稱：我於疫情期間洽購並捐贈BNT疫苗，係直接與德國BNT公司大股東聯繫，採購過程未透過任何仲介或掮客，亦無委託同案被告李OO之人，OO基金會部分的聯繫係透過證人許OO，亦與同案被告李OO無涉，又證人許OO雖曾介紹自稱英文名為『OO』之李姓男子，但『OO』僅曾向我推薦投資理財及臺北OO開發案，但因我無法查證其身分及背景，均予拒絕……」四叉貓表示，「某個鴻○集團的郭姓創辦人（誰？好難猜喔……），雖然曾有人介紹李姓男子給郭姓創辦人，但郭姓創辦人無法查證李姓男子的身分及背景，所以拒絕李姓男子所有的提案建議，真不愧是大老闆，比較有警覺心。」網友紛紛留言，「郭老闆有從自己口袋裏掏錢出來，但慈濟花的錢都是善心大德捐的，不是幹部自己掏錢，所以就會有不一樣的處理方式！」、「他連川普都能騙了，那個走不知道路的狗揦仔還敢來詐騙他啊」、「自己的錢，就比較謹慎小心」、「郭董在中國闖蕩時早不知見識過多少這種小手段了」、「錢是自己賺來的，會比較謹慎；對比某機構的錢是別人捐的，花錢買東西買貴了也沒關係」、「能騙過川普的男人會被這種掮客騙嗎？」、「照國民黨的說法，郭台銘為什麼不提醒慈濟？」    ,https://news.ltn.com.tw/news/politics/breakingnews/5535208
尹立辦親子彩繪用樹枝創作 李柏毅「兩句話」逗樂孩子們,政治,2026/08/10 21:46,尹立8月8、9日分別在楠梓、左營舉辦「親子共繪－畫進日常，為左楠上色」，邀請在地親子拿起畫筆，共同在大型帆布上彩繪熟悉的地標與街景。（記者王榮祥翻攝）民進黨高市議員參選人尹立舉辦親子彩繪活動，邀請大人小孩運用樹枝、石頭等天然素材創作，立委李柏毅見狀笑說：「尹立叔叔因選舉經費短缺，所以連畫筆都沒辦法買」，逗得現場大小朋友笑成一片。尹立8月8、9日分別在楠梓、左營舉辦「親子共繪－畫進日常，為左楠上色」，邀請在地親子拿起畫筆，共同在大型帆布上彩繪熟悉的地標與街景，從三合院、廟埕到龍虎塔、果貿社區，讓藝術、文化與歷史走進社區日常，也讓孩子透過創作重新認識自己生活的家鄉。請繼續往下閱讀...9日左營場吸引大批親子參與，民進黨高雄市長參選人賴瑞隆、立委李柏毅也到場響應，李柏毅到場時看見小朋友們正使用樹枝、石頭等自然素材進行創作，笑說：「尹立叔叔因為選舉經費短缺，所以連畫筆都沒辦法買」，逗得現場大小朋友笑成一片，也讓活動氣氛更熱絡。李柏毅表示，尹立從文化工作到公共事務，始終關心地方發展與居民生活；賴瑞隆強調尹立身為設計師，過去在文化局長任內也累積了非常亮眼的成績，這次親子共繪活動，可以看到他把設計專業與過去推動文化工作的經驗融入活動中，讓文化真正走進社區、走進親子的生活。尹立認為，親子共繪不只是一場文化活動，也代表他對親子教育與城市治理的想像。未來將持續爭取擴大公共托育資源，增加公共托嬰中心與親子館，同時強化幼教師資與照顧品質、健全校園心理支持系統，從托育、教育到心理健康，建立更完整的育兒支持環境，減輕年輕家庭壓力。尹立8月8、9日分別在楠梓、左營舉辦「親子共繪－畫進日常，為左楠上色」，邀請在地親子拿起畫筆，共同在大型帆布上彩繪熟悉的地標與街景。（記者王榮祥翻攝）    ,https://news.ltn.com.tw/news/politics/breakingnews/5535224
盧秀燕：社會住宅攸關居住正義 盼中央一起蓋,政治,2026/08/10 20:50,台中市長盧秀燕。（資料照）台中市長盧秀燕今天表示，社會住宅攸關居住正義，傳2027年中央政府不蓋，她希望中央再思考，攜手地方一起蓋。民主進步黨籍台中市議員陳淑華在台中市議會說，台中市政府這幾年賣地，墊高地價、炒高房價，應檢討社宅興建速度跟不上建商炒房速度；中國國民黨籍台中市議員劉士州質詢表示，中央明年不蓋社宅，是否影響地方。請繼續往下閱讀...盧秀燕答詢說，中央原本要在全國蓋13萬戶社宅，完工和興建中3萬戶都是地方興建，青年和弱勢期待建社宅，希望中央再思考是否收回成命，按原興建計畫，中央地方一起努力。中市府都市發展局代理局長李正偉說，社宅在公部門資源投入下，才能有效保障居住正義，在市場機制下獲最大保障。如果公部門預算投入租金補貼或包租代管，政府僅透過補助，賦稅補貼等，讓市場機制私人住宅以房東和房客關係，補足目前社宅不足缺口，無法有效保證租屋期、租金價格和居住品質。    ,https://news.ltn.com.tw/news/politics/breakingnews/5535162
拒出席長崎典禮 李逸洋：以戰略高度因應國格遭矮化,政治,2026/08/10 20:45,駐日代表李逸洋（資料照）駐日代表李逸洋因不滿長崎原爆和平紀念典禮的座位安排拒絕出席，他今天再度發文表示，此舉是以「戰略高度」因應台灣國格遭矮化，若台灣接受非使節團待遇，恐形成「骨牌效應」，讓中國將「長崎模式」施加於日本其他地方。李逸洋在臉書發文表示，他昨天發布有關長崎和平紀念典禮，他拒絕出席、捍衛台灣國格和尊嚴的新聞稿，引起台日兩國民眾廣大迴響，雙方的主要媒體都大篇幅刊登也引起許多討論。從臉書留言跟社群媒體反應來看，「有8成多支持我的決定」，認為台灣不應該被矮化打壓。請繼續往下閱讀...李逸洋表示，感謝各界支持鼓勵，但也有人藉此冷嘲熱諷，認為這起事件正好證明政府所說的「台日友好」是自欺欺人，甚至主張今後不要再深化交流。對此，他強調，「台日關係史上最好這句話是我講的」，並列舉自己上任2年來台日關係的多項進展。李逸洋指出，日本首相高市早苗提出「台灣有事構成日本存立危機事態」，「她把台日關係當成是唇齒相依、命運與共，足以說明一切」。此外，去年G7外長會議在日方堅持下，首度在共同聲明中刪除「一個中國」政策；世界各國外交官與台灣駐外人員互動最多的也是日本外交官。在安全領域方面，李逸洋表示，日本軍艦去年首度、今年再度通過台灣海峽，與其他主要國家軍艦通過台海的目的一樣，「旨在宣示台灣海峽為國際海域，航行自由，絕非中國內海」。經貿方面，他指出，台積電熊本二廠製程由原本6至12奈米提升為3奈米，投資金額也從120億美元擴大至170億美元；日本半導體材料大廠JSR在雲林虎尾及新竹湖口投資設廠，直接供應台積電半導體材料，台積電並與SONY合資在九州設立新世代感測器廠，台灣也由日本第4大貿易夥伴晉升為第3大貿易夥伴。在人員交流方面，李逸洋表示，台日往來觀光客去年達824萬人，創史上新高，今年可望超過940萬人，再創紀錄。他也提到，繼311大地震、能登半島地震捐款後，台灣捐款均創各國最高紀錄，並預測熊本地震捐款「台灣仍是世界第1」。李逸洋表示，「還可以講很多，台日兄弟友誼深厚無庸置疑」，但台日之間並非不存在分歧。根據日本台灣交流協會與台灣日本關係協會針對對方國民所做的民調，彼此好感度平均約為77%，雙方都有部分民眾對彼此不具好感。他說，日本人中有親中派，台灣人當中也有反日派，「不足為奇」，從來沒有人說過台日關係是100分，因此不必拿長崎事件擴大解釋，進而全面否定台日關係，「因為這只是一個單一事件」。針對另一種聲音質疑他不該採取抗議行動，以免讓台日關係蒙上隱憂，李逸洋則表示，台日關係是靠一點一滴累積努力和通過一次次考驗得來的，「從來不是自動就會變好的」。李逸洋強調，自己是「以戰略高度來因應台灣被矮化國格問題」。他質疑，長崎市政府「自甘充當中國對台法律戰的幫凶」，如果台灣乖乖就範、忍氣吞聲，接受非使節團待遇，承認台灣沒有主權、不是一個國家，後果恐怕不只是單一典禮的座位安排問題。他進一步表示，中國勢必會拿「長崎模式」施加於廣島之上，「以長崎否定台灣，台灣都可以接受，為何廣島要給台灣使節待遇？」他擔憂，如果台灣選擇默默承受，後果可能形成骨牌效應，「此例一開，中國會在日本各個地方逐一破壞我們辛勤建立起來的台日關係」。李逸洋最後呼籲，所有支持台日合作的朋友，「千萬認清我們要共同對付的敵人只有一個」，就是背後操弄掌控、破壞台日情誼的中國，「我們不能給它任何挑撥離間台日感情的機會」。他並附上與廣島縣知事橫田美香的合照表示，橫田當天接見各國大使行程滿檔、換場時間非常短暫，但會場仍豎立兩國國旗。他反問：「這樣子的誠意，你能說台日友好只是政治口號嗎？」    ,https://news.ltn.com.tw/news/politics/breakingnews/5535207
1999檢舉竟回「資料拉不到」 洪健益怒批毒油追查受阻、北市府蓋牌,政治,2026/08/10 20:45,台北市議員洪健益今（10日）針對中聯毒油案在台北市議會警政衛生部門質詢，怒轟台北市仍有店家繼續使用問題批號油品。（截自台北市議會直播）台北市議員洪健益今（10日）針對中聯毒油案在台北市議會警政衛生部門質詢，怒轟台北市仍有店家繼續使用問題批號油品，結果要向市府了解狀況，衛生局、研考會資料不給、照片不提供，民眾在1999檢舉卻說電腦當機、拉不到資料。洪直批「你們在掩飾什麼？如果是市長辦公室不給，你不要擔這個責任！」衛生局表示，下架清單共146筆，每一案都有到場稽查，確認是不是使用問題油品、有沒有將油品下架；並說現場沒有查獲問題油品。請繼續往下閱讀...洪健益質疑，出貨批號一樣卻寫成2家，到底有沒有在控管？每一家店進了多少油有沒有數據？用了多少油有沒有數據？衛生局指出，有些是進貨2次；油品進貨有數據，出貨數量跟下架數量是有的。洪健益也問，既然有資料，為何不提供？是不敢公布還是沒有？沒辦法提供當時查扣的量，且照片要了一個多禮拜仍無法提供，只給新聞稿內2張稽查店的照片，「你現在告訴我，南僑有給你銷毀計畫，合理嗎？」洪健益說，會提出以上問題，是因為衛生局第一次去某連鎖店，看一看說「這些油要留著」，但店家隔天還是繼續用，因為「叫了這麼多，不用的話成本太高」，炸雞繼續賣。不只沒有集體統一銷毀，反而是辦理退貨，所有資料都跟南僑拿，過程中應該要拍照記錄存幾箱、進貨幾箱。洪健益問：「封存油品的照片呢？封條的照片呢？」衛生局回：「報告，因為—」「有還是沒有？」「因為—」「有還是沒有？」「因為要退回所以還沒有貼封條。」洪健益只能暫停時間。警政衛生委員會召集人、議員張志豪溫和緩頰說，「針對議員的問題回答，到底有沒有照片？依照你們的程序不需要，或是封存沒辦法退貨等狀況，講清楚就好了。你們先想一下，想好跟我說。」衛生局表示，按往例會退貨都不會貼封條，因為只要貼封條，業者就沒辦法退貨，所以沒有貼封條的照片。洪說，「蔣萬安不同意你們給我資料，因為你們根本沒有原來的照片！沒有查封照片、數量。蔣萬安一方面罵中央，你們一方面這麼不積極、修理台北市議會。」洪健益怒批，關於民眾在1999陳情胖老爹仍在使用問題批號油品，他已經連續兩、三次向研考會調資料，最近都說電腦當機、調不到資料、沒有相關的字。研考會就是控管檢舉案件，那我跟你說檢舉案件，有名字、地點，辦不出半個條件，怎麼質詢？油的問題就針對食用油輸入關鍵字，為什麼這麼困難？洪健益說：「如果堂堂台北市要調檢舉案件都這樣二二六六，那資訊局、研考會所有預算砍掉就好。」研考會回覆，資料都有在積極處理，是禮拜五、8月7日快2點收到索資，下午在跑資料；至於畫面顯示「產製失敗」，資訊局解釋，應該是查詢資料比較長、資料量比較大。    ,https://news.ltn.com.tw/news/politics/breakingnews/5535180
自由爆新聞》鄭麗文親中驚句被打臉！街訪爆氣怒：台灣人不做奴才！,政治,2026/08/10 20:37,全新的視界！新聞話題不漏接，快訂閱YouTube 【自由追新聞】，記得開啟小鈴鐺哦！    ,https://news.ltn.com.tw/news/politics/breakingnews/5535190
里長招攬免費赴中旅遊 南檢寫信提醒：須防境外介選,政治,2026/08/10 19:59,台南地檢署檢察長鍾和憲（右）到東區龍山社區發展協會把給鄉親的一封反賄選信，發給社區民眾。（台南地檢署提供）2026年我國地方公職人員選舉將於11月28日舉行，台南地檢署為深化反賄選、把「不買票、不賣票、勇於檢舉」的觀念深植社區鄰里，檢察長鍾和憲寫了1封給鄉親的信，經由南市府系統轉交給全市里長，提醒里長勿接受免費或低價招攬選民前往中國或其他地區旅遊，要求團員支持特定政黨、候選人，這會觸犯選罷法或反滲透法。鍾和憲在信中指出，除了傳統買票、賣票行為外，虛偽遷徙戶籍以取得投票權並投票，會觸犯虛遷戶籍罪，最高可處5年徒刑；如接受委託、資助，以免費或顯不相當的低價，招攬選民出境旅遊，並要求團員支持特定政黨或候選人，不論招攬或接受招待，都可能觸犯選罷法或反滲透法，招攬、出資者會觸犯投票行賄罪，最高可判10年徒刑。請繼續往下閱讀...而開設選舉賭盤或透過網路、通訊軟體或境外平台經營選舉賭盤或下注，均涉及違法，開選舉賭盤營利最高可判5年徒刑、併科罰金；下注者最高可處6月徒刑，民眾切勿因一時利益或不慎參與而觸法。鍾和憲進一步說，面對境外勢力介入選舉及選舉賭盤等新興選舉不法態樣，將持續強化情資蒐報及犯罪偵查，依法查辦企圖影響選舉結果的不法行為。法務部現行「鼓勵檢舉妨害選舉要點」，已將境外勢力及選舉賭盤納入檢舉獎金範圍，其中檢舉境外勢力介選，最高獎金可達新台幣2000萬元。鍾和憲並於10日率領主任檢察官王聖豪與南市警一分局長章振國、偵查隊長林文祺等人到東區龍山社區發展協會親發給鄉親的1封信，提醒民眾如發現賄選、境外勢力介選、選舉賭盤或其他妨害選舉的不法情事，請勇於檢舉並提供具體情資，南檢絕對依法迅速查證、積極偵辦，並保護檢舉人身分。台南地檢署檢察長鍾和憲率隊到東區龍山社區發展協會把給鄉親的一封反賄選信，發給社區民眾。（台南地檢署提供）台南地檢署檢察長鍾和憲寫給鄉親的一封反賄選信，經由市府系統寄發給全市里長。（台南地檢署提供）    ,https://news.ltn.com.tw/news/politics/breakingnews/5535144
國史館館長陳儀深辭職獲准 台大教授陳翠蓮9/14接任,政治,2026/08/10 19:41,賴總統於今特任陳翠蓮女士為國史館館長，自9月14日生效。（總統府提供）國史館館長陳儀深2019年7月接任國史館館長一職至今7年多，橫跨蔡英文與賴清德政府，總統府發言人郭雅慧表示，國史館館長陳儀深辭職案業已核准，賴總統於今特任陳翠蓮女士為國史館館長，自9月14日生效。郭雅慧說明，陳翠蓮女士現任台灣大學歷史學系特聘教授，早年曾任職於《自立晚報》、《中國時報》等媒體，對台灣民主憲政發展累積豐富的觀察經驗；其後轉任教職，先後於淡江大學、政治大學及台灣大學服務，長期從事台灣政治史的教學與研究。請繼續往下閱讀...郭雅慧表示，陳翠蓮從事學術工作的同時，亦積極參與轉型正義相關工作，曾擔任國史館諮詢委員、文化部國家人權博物館諮詢委員會委員、促進轉型正義基金管理委員會委員等職，提供專業諮詢意見，是兼具深厚學術涵養與豐富實務歷練的優秀學者。郭雅慧補充，陳翠蓮教授目前仍在台大任教，將於完成借調程序後上任，相信陳翠蓮接任國史館館長後，將能一展長才，領導國史館發揮機關功能，為台灣史料的彙編、研究與修纂注入新動能。    ,https://news.ltn.com.tw/news/politics/breakingnews/5535142
屏東市長選舉升溫 梁育慈推多功能活動中心 周佳琪重視親子活動,政治,2026/08/10 19:09,梁育慈推新建多功能活動中心政策。（梁育慈服務處提供）屏東市長選舉雙姝競爭，民進黨市長參選人梁育慈首發政見，承諾任內每年新建多功能活動中心，爭取市長連任的國民黨周佳琪則是持續落實市政推動，更新鄰里公園親子遊憩設施並持續舉辦親子共享活動，展現對親子的關心。民進黨徵召屏東市長參選人梁育慈今天發表首波市政政見，正式提出「每年新建多功能活動中心」的建設承諾，提出全市仍有22個里缺乏活動中心的現況，承諾上任後將全面盤點各里需求與閒置空間，積極落實「每年新建多功能活動中心」的目標，滿足跨世代的市民需求，成為凝聚社區情感、提升生活品質的核心平台。請繼續往下閱讀...爭取連任的國民黨屏東市長周佳琪則是採取穩紮穩打的態度打選戰，其任內勤走基層，施政力求穩定，重視老人的福利和親子的休憩活動，落實路平、燈亮、水溝通的政策，雖然簡單卻都是民眾最重視的日常，因此風評不錯，尤其對親子休憩更是重視，舉辦夏日泡泡趴、親子兒童劇等各項活動，柔性的做法與縣府多了合作少了對抗，讓她增加了不少分數。這次的雙姝對決，梁育慈主攻市政的缺失，周佳琪則採取國民黨最擅長的基層組織工作，使得這次的選舉呈現五五波的情況，但未來仍有許多的變數，讓這場選舉備受關注。周佳琪重視親子活動，辦親子兒童劇團。（屏東市公所提供）    ,https://news.ltn.com.tw/news/politics/breakingnews/5535059
秦慧珠問「無菸城市」主管機關 北市衛生局長黃建華答不出來,政治,2026/08/10 19:01,台北市議員秦慧珠（左）今在警政衛生部門質詢無菸城市議題。右為台北市衛生局長黃建華。（擷取自台北市議會直播）台北市長蔣萬安年初提出「無菸城市」構想，台北市議員秦慧珠今（10）在警政衛生部門質詢衛生局，到底無菸城市主管機關是誰？目標是什麼？什麼時候完成？台北市衛生局長黃建華僅說：「是在府級的會議裡面的跨局處討論。」秦慧珠表示，在議會上個會期於民政委員會問研考會主委殷瑋，什麼時候規劃好「無菸城市」計劃？他說要到今年年底。秦慧珠透露，黃建華私下也說「無菸城市」主管機關是衛生局。今日再問主管機關是誰？請繼續往下閱讀...黃建華回應，無菸城市為市府跨局處計劃，業務單位在衛生局沒有錯，也負責局處聯絡、預算彙整等。秦慧珠追問，所以你只管一部分，總管是誰？跨局處是橫向，你總得要有個頭嘛！頭是研考會嗎？所以，如果這個政策失敗，我們要去說是哪個局處政策失敗？黃建華只說，這個相關政策包含設置地點都是跨局處合作；是在府級的會議裡面做跨局處的討論，我們是持續在做滾動式修正。秦直批，所以你就回答不出來，這就是一個很奇怪的政策！你說是府級政策，是蔣萬安主導嗎？蔣萬安是市長，他當然是政策領導者，可是任何業務都有主管機關，不是像你現在講的，你只負責台北市政策的一小塊，我覺得這是非常奇怪的政策。秦慧珠問道，現在不知道誰是主管機關、主管人，那政策目標是什麼？整個無菸城市的政策目標，要達到什麼狀態？黃建華說，在跨局處的會議我們都在做意見的交換。目標最主要是減少二手菸，減少民眾邊走邊吸菸。秦慧珠最後說：「無菸城市什麼時候完成？我給你定個時間啦！短期目標2年、中期目標3年、長期目標5年可以嗎？」黃建華沒有回應，秦接著說：「你不知道，因為沒有人告訴你。所有人都不知道這件事情要幾年完成，幾年可以做到台北市成為無菸城市。」    ,https://news.ltn.com.tw/news/politics/breakingnews/5535099
投資竹市教育力 莊競程推「教師留才4支箭」,政治,2026/08/10 18:59,民進黨新竹市長參選人莊競程今提出「教師留才四支箭」。（記者蔡彰盛攝）民進黨新竹市長參選人莊競程今提出「教師留才四支箭」，包括初任教師安居津貼、久任教師獎金、導師加值獎勵及行政責任加給等四項措施。莊競程表示，新竹是科技城市，也是年輕家庭快速移入的城市，學校現場承受的教學與行政壓力也愈來愈重。若教師荒問題持續惡化，最直接受影響的就是孩子每天的學習品質。莊競程表示，未來若擔任市長，將務實推動「科技城市教師加給方案」。第一，針對初任教師前三年，每月補助5000元租屋津貼，協助青年教師面對新竹高房租、高物價的生活壓力，讓新進教師能把心力放在教學，而不是每天煩惱生活開銷。莊競程強調，新竹不能只有為工程師留才，更要為老師留才。請繼續往下閱讀...第二，莊競程規劃久任教師獎金逐年加碼，教師在新竹市服務滿5年發給5萬元、滿10年發給10萬元、滿15年發給15萬元，每5年逐級發放，最高至30年30萬元。莊競程說，長期留任的老師熟悉學生、家長與校園文化，是學校最重要的資產；這項政策不是單純獎勵年資，而是要讓有經驗的老師願意繼續留在第一線，穩定孩子的學習環境。第三，針對導師工作，莊競程表示，中央已宣布導師費每月提高至4000元，新竹市應再依導師年資加發獎勵，擔任導師第1年加發1000元，第2年加發2000元，逐年增加，最高加發5000元。莊競程指出，導師不只是上課，更要照顧孩子生活、班級經營、學生輔導及親師溝通，是孩子在校園中最重要的陪伴者之一，因此也應得到更實質的支持。第四，莊競程也提出行政教師責任加給，將現行行政工作獎勵金按年資提高倍數，由市府額外提供第一年1倍、第二年1.5倍、第三年2倍、第四年2.5倍，第五年以上3倍責任獎勵。莊競程說，校園行政若沒有人願意承擔，學校運作就會受到影響，最後仍會影響老師教學與學生照顧；提高行政職務誘因，才能健全學校行政量能，讓校園運作更順暢。    ,https://news.ltn.com.tw/news/politics/breakingnews/5535026
藍黨團喊話不應沉默應對菲律賓南海主張 外交部：已向攸關國明確表達立場,政治,2026/08/10 18:55,外交部今日表示，政府已主動透過適當管道，向包括菲律賓在內等南海議題攸關國明確表達，任何國家單方涉及我國主權及相關海域權利的任何主張或措施，均對我國不具任何法律效力。（資料照）立院國民黨團今（10）日再度召開記者會，喊話外交部不應對菲律賓在南海民主礁劃設領海基線一事保持沉默。對此，外交部表示，政府已主動透過適當管道，向包括菲律賓在內等南海議題攸關國明確表達，任何國家單方涉及我國主權及相關海域權利的任何主張或措施，均對我國不具任何法律效力。外交部下午回應表示，我國政府一貫主張，南海爭議應秉持「依據國際法和平解決爭端」、「將台灣納入相關多邊爭端解決機制」、「維護南海航行及飛越自由」，以及「擱置爭議、共同開發」等4項原則處理。請繼續往下閱讀...外交部說明，在上述前提下，任何國家單方涉及我國主權及相關海域權利的任何主張或措施，均不影響我國既有立場與權益，也對我國不具任何法律效力。此一立場與原則，政府已主動透過適當管道，向包括菲律賓在內等南海議題攸關國明確表達。另外，外交部表示，針對日本與菲律賓未來可能展開的經濟海域劃界談判一事，外交部特別再次澄清，我國前曾多次分別向日、菲兩國確認，我國與日本於2013年所簽「台日漁業協議」及與菲律賓於2015年簽署「台菲漁業執法合作協定」等既有機制仍持續進行，未來相關海事議題將分別透過該等機制進行溝通與交流。    ,https://news.ltn.com.tw/news/politics/breakingnews/5535072
搭《鐵拳教育》話題 柯志恩推「拳擊手套」鑰匙圈打擊校園亂象,政治,2026/08/10 18:44,柯志恩創意文宣品「黃色拳擊手套」鑰匙圈。（柯志恩競辦提供）國民黨籍高雄市長參選人柯志恩今（10）日與高雄市教育產業工會簽署六大教育合作訴求，並贈送創意文宣品「黃色拳擊手套」鑰匙圈，象徵當市長將會重拳出擊，改革校園基層各種權益不平等的問題。搭上熱門韓劇《鐵拳教育》話題，柯志恩推出限量「拳套鑰匙圈」周邊文創品，首批200個優先贈送給基層教師，高喊「捍衛教權」，拳套上更印有柯志恩的選戰標語「有志一同」，由於時間點與設計概念呼應劇情，引發外界政治聯想。請繼續往下閱讀...柯志恩今天並與高雄市教育產業工會簽署六大教育合作訴求，承諾當選後將以「教育市長」為職志。六項訴求包含逐年降低班級學生人數，提升教學品質；精進校事會議與調處機制，減少親師衝突與教育現場內耗；力行行政減量，研議調降教師授課節數；調降特殊教育師生比，強化特殊教育支持；每年召開「教育圓桌會議」，邀集教師、家長及校長三方代表共同討論重大教育政策；增加特教經費與人力、心理師和社工師，補足學校及教師輔導管教之不足。高雄市教育產業工會是高雄最大的教育團體之一，以往每逢市長選舉，都會擬定校園教育亟待改善的建議事項，邀請主要市長參選人簽署。柯志恩表示，工會訴求多數與自己的長期教育政策方向完全一致，但增聘「教師助理員、學生助理員」的部分，由於涉及組織編制、定位以及落實核銷的複雜性，須進一步研議，現階段無法完全承諾，但當選後會全力克服財源問題。柯志恩也特別致贈每人一份選戰文宣品「黃色拳擊手套」，她認為拳擊手套表達了很多政見意涵，就教育而言是要向校園現存的種種亂象宣戰，全面改革目前校園基層各種權益不平等的問題，讓教育成果成為六都第一。柯志恩（中）日與高雄市教育產業工會簽署六大教育合作訴求。（柯志恩競辦提供）    ,https://news.ltn.com.tw/news/politics/breakingnews/5535002
李四川批蘇巧慧沒爭取原博館   賴瑞隆：李刻意忽略決策過程,政治,2026/08/10 18:37,李四川批蘇巧慧沒爭取原博館，賴瑞隆質疑李四川刻意忽略決策過程。（記者王榮祥翻攝）國民黨新北市長參選人李四川近來抨擊民進黨新北市長參選人蘇巧慧、沒積極爭取原博館在新北；民進黨高雄市長參選人賴瑞隆指出，李四川曾任高市副市長，理應清楚高雄多元的原民文化，又刻意忽略政策決策及選址過程，相關說法令人遺憾。賴瑞隆認為，蘇巧慧已清楚說明原博館選址的相關過程，當時也曾積極爭取並表達立場。請繼續往下閱讀...賴瑞隆強調，城市之間的良性競爭，對帶動地方及國家整體發展有正向影響，但刻意忽略政策決策及選址過程，將文化建設簡化為政黨之間的搶奪，甚至作為選舉攻防工具，不僅模糊原博館推動原住民族文化保存、研究及傳承的精神及意義，也無助於城市發展。賴瑞隆指出，李四川曾任高雄市副市長，理應清楚高雄擁有豐富多元的原住民族文化，也瞭解國家級文化建設落腳高雄的重要意義；如今因為投入新北市長選舉，竟將原博館落腳高雄操作成政黨和城市對立的議題，令人遺憾。    ,https://news.ltn.com.tw/news/politics/breakingnews/5535047
從「台人治台」到「愛國者治台」 經民連示警中共對台政策：恐比香港還不如,政治,2026/08/10 18:35,中國領導人習近平。（歐新社資料照）中國近日展開「北戴河」暑休，國安官員透露，此次政事議題聚焦對美、對台兩大軸線，在對台策略上拋出反對以武謀獨、強化對台「實質治理」、整合資源打擊台獨，更擬扶持在台「愛國勢力」，大舉介入我國年底九合一選舉。對此，經民連示警中共對台策略已全面收緊、若不加以反制，國內政局恐直奔香港「愛國者治台」模式。本報今（10）報導，據國安官員掌握，中國今年北戴河暑休以「奮進十五五」為題，除研討五中全會議程、中共二十一大相關事宜，亦聚焦討論對美策略、對台策略；對台策略方面拋出四項最新決議，包含反對「以武謀獨」、打壓中華民國主權與實質獨立立場、藉法律戰與認知戰實施「實質控台」，並將年底九合一選舉納入對台工作節點，系統性扶植在台「愛國統一力量」。請繼續往下閱讀...台大政治系副教授陳世民分析，北戴河會議的決議與中共當前作為不謀而合。他表示，中共除將台灣提升國防預算、發展無人機產業等強化國防作為污名化為「以武謀獨」，日前更藉中颱「白海豚」欲片面管制台海交通，營造實質管轄假象。他直言，中共「一中原則」核心至今未變，就先前頒布的「懲獨22條」來看，即便主張中華民國主權獨立也是台獨，呼籲政府面對中共海量假訊息、在台第五縱隊，應更加精準回應國內相關認知戰，強化民眾敵我意識。經濟民主連合智庫召集人賴中強特別示警，中共對台策略已比當年對香港更加嚴酷，香港曾歷經「港人治港」才收緊為「愛國者治港」；但對台則已無任何轉圜空間，有意直奔「愛國者治台」。他強調，台灣目前仍保有完整的民主制度與主權，政府與社會大眾必須堅守國防與民主防線，認清中共的統戰伎倆，否則失去主權後的處境，「恐會比香港還不如」。    ,https://news.ltn.com.tw/news/politics/breakingnews/5535057
城鎮韌性防空演習登場 苗栗「車停、人疏散」圓滿落幕,政治,2026/08/10 18:30,城鎮韌性防空演習登場，苗栗「車停、人疏散」圓滿落幕。（苗栗縣警察局提供）城鎮韌性（防空）演習中部地區於今（10）日下午2點30分至3點登場，苗栗縣配合實施警報傳遞、疏散避難、交通管制及通訊網路受阻等實作演練，全面執行「車停、人就近疏散」。演習過程流暢順利，成功驗證跨機關協調與戰時應變效能，圓滿達成演習目標。苗栗縣警察局指出，本次演習重點涵蓋警報傳遞發放、疏散避難、交通及其他必要管制，並加入通訊網路受阻等貼近實況的情境演練。警報聲響起後，行進中的車輛與行人均依警察、民防人員及替代役引導，就近進行防空疏散避難，展現良好秩序。請繼續往下閱讀...苗栗縣長鍾東錦表示，本次演習能圓滿完成，特別感謝中央各部會指導，以及所有參演機關、民間團體、民防大隊、交通義警、志工夥伴與廣大縣民的配合，充分體現中央、地方與民間公私協力共同守護家園的精神。鍾東錦強調，縣府未來將持續精進各項防空整備與防救災作為，深化全民防空教育及防災意識，結合社會各界力量，共同打造「安居樂業、韌性永續」的苗栗，讓縣民享有更安全安心的生活環境。    ,https://news.ltn.com.tw/news/politics/breakingnews/5535045
中共介選不必叫你投誰！學者：核心目標是讓更多人不滿政府,政治,2026/08/10 18:28,中國展開為期2週的北戴河暑休，我方掌握，中共對台策略之一，將2026台灣九合一選舉視為中國對台工作關鍵成敗，要求務必給予在台「愛國力量」最大支持。（路透檔案照）中共高層展開為期2週的北戴河暑休，我方掌握，中共對台策略之一，將2026台灣九合一選舉視為中國對台工作關鍵成敗，要求務必給予在台「愛國力量」最大支持。學者分析，中國面對2026年底地方選舉，核心目標之一就是削弱台灣民眾對政府的信任，只要讓更多人不滿政府、懷疑政府，就已達到介入台灣選舉環境的效果。東海大學陸研中心副執行長洪浦釗今日受訪表示，中國面對2026年底地方選舉，核心目標之一就是削弱台灣民眾對政府的信任。中國很善於利用台灣內部已經發生的爭議，把個別民生事件放大成政府失能，再透過社群傳播與政治敘事累積民眾的不滿與質疑。請繼續往下閱讀...洪浦釗指出，地方選舉雖然選的是地方首長與議員，也會承接選民對中央執政的情緒。台灣既有的治理問題，本身就可能成為中國操作的素材。中國抓住爭議加以放大，增加政府危機處理的難度，就可能讓民生議題轉化為政治不滿。政府如果資訊掌握太慢、不同部門說法不一，或沒有及時回應民眾疑慮，都會留下中國操作的空間。洪浦釗強調，軍事、經貿、法律、社會交流與認知作戰分布在不同領域，產生的政治效果都會累積到民眾對政府治理能力的評價。到了選舉期間，這些不滿與疑慮就會進入選民的政治判斷。中國不必說服台灣選民支持哪一個政黨，只要讓更多人不滿政府、懷疑政府、失去對政府的信任，就已經達到介入台灣選舉環境的效果。    ,https://news.ltn.com.tw/news/politics/breakingnews/5535019
北衛星、南火箭！屏東媒合企業 加入火箭供應鏈,政治,2026/08/10 18:20,屏東新興產業商洽媒合會今日登場，縣府邀集在地企業參與火箭國家級供應鏈。（屏東縣政府提供）配合中央「北衛星、南火箭」太空產業政策，屏東縣政府今（10）日舉辦「2026新興產業商洽媒合會」，協助屏東企業精準掌握產業升級契機、跨足國家級供應鏈，共同開拓高附加價值的太空市場，吸引多家在地企業熱烈參與。屏縣府城鄉發展處表示，屏東擁有許多「隱形冠軍」，特別是在精密加工、金屬成形、模具製造、自動化設備、電子組裝、複合材料及系統整合等領域均具備深厚實力，是未來切入太空產業供應鏈的重要基石，期盼透過政策引導與資源整合，輔導在地企業技術升級，提升國際競爭力並順利拓展新興市場。請繼續往下閱讀...今日活動特別邀請國家太空中心副處長陳燦桐到場，分享太空產業的最新發展趨勢。陳燦桐表示，屏東廠商在材料加工領域表現亮眼，具備升級至火箭製造的極佳潛力，未來將成為推動台灣實現「自主發射」關鍵力量。城鄉處強調，此次媒合會的核心目的，是建立政府、法人與企業三方直接對話的平台。透過企業技術展示與一對一精準商洽，協助業者掌握市場需求、政府資源及未來供應鏈方向，進一步促成技術串接、商機媒合與投資合作，讓更多屏東企業鏈結國家級資源，搶佔下一波成長契機。    ,https://news.ltn.com.tw/news/politics/breakingnews/5535007
蘇巧慧稱爭取原博館留新北 李四川競辦批蘇卻缺席10日原博館考察,政治,2026/08/10 18:20,國民黨新北市長參選人李四川競辦發言人吳亮賢。（李四川競辦提供）原訂設立於新北市三鶯地區的國立原住民族博物館，民進黨政府於2017年改址高雄，國民黨新北市長參選人李四川競辦發言人吳亮賢批評對手蘇巧慧未有具體作為，蘇巧慧辦公室回應「蘇巧慧一直積極爭取原博館改在鶯歌」，吳亮賢10日指出，立法院內政委員會今天正好舉行國立原博館考察，身為內政委員會成員的蘇巧慧卻選擇缺席，並未積極爭取。吳亮賢指出，根據立法院公告，今一大早內政委員會安排考察「國立原住民族博物館籌備進度及高雄地區原住民族文化」，對於原博館遭民進黨政府蠻橫改址於高雄，身為鶯歌在地立委、原民媳婦的蘇巧慧，不斷宣稱自己積極爭取，但今天考察行程就是最好的爭取機會，蘇巧慧「嘴喊爭取，人卻缺席」，根本說一套做一套。請繼續往下閱讀...吳亮賢說，蘇巧慧競辦今天的回應再度上演提油救火，兩點邏輯嚴重錯誤，第一，蘇競辦稱「蘇巧慧一直積極爭取原博館『改』在鶯歌」，但中央2015年就宣布原博館在三鶯，是民進黨政府上任後才在2017年「改」到高雄，蘇巧慧難道現在是在幫民進黨政府護航改址行為？第二，蘇競辦不斷說蘇巧慧「支持禁伐補償提高」，但立法院公報紀錄清楚顯示，蘇巧慧就是投下反對票，請問蘇巧慧，為什麼民進黨原民立委陳瑩、伍麗華就敢違背黨意、遵循民意，而投下贊成票，「他們做得到，蘇巧慧你卻做不到？」    ,https://news.ltn.com.tw/news/politics/breakingnews/5535009
主動接棒參選高雄市議員  陳冠宇：因為看見父親爬樓梯背影,政治,2026/08/10 18:03,陳冠宇宣布接棒父親陳善慧，投入高雄左楠區議員選戰。（記者王榮祥攝）無黨籍高市議員陳善慧今正式宣布將交棒兒子陳冠宇，希望左楠鄉親繼續支持，陳冠宇則爆料是他主動爭取接棒，因為看到父親爬樓梯的背影、該尊重歲月。高雄第4選區（左營、楠梓）現任無黨籍議員陳善慧深耕地方多年，日前在廟宇平安宴鬆口交棒、引起地方熱議，今正式宣布將棒子交給在身邊歷練多年的兒子陳冠宇，但他也沒退休，而是以另一種方式，與兒子繼續服務地方，也盼鄉親支持。請繼續往下閱讀...陳善慧細數2屆議員任內成績，涵蓋治水、教育、交通等多個層面，他強調民代不能在服務處等待，必須走到基層、走進人群裡，才能知道市民的需求，提到交棒理由，則是因為人生不同階段的考慮，加上兒子歷練多年，覺得時機可以。陳冠宇則說，是他主動跟父親爭取接棒，並分享今年3月與父親在地方奔走、父子倆一起爬樓梯時，父親突然回頭說自己的腳怎會有點痠痛？他還虧老爸可能是鴿舍爬太多，但看著父親爬樓梯的背影，突然感覺須尊重歲月，後來再問父親自己這幾年助理做得如何？父親淡淡地說「還可以」，但根據對父親的瞭解，這3字對他而言就是肯定。陳冠宇呼應陳善慧說法，強調父親交棒「不是退休，更不是離開」，而是「責任的延續與服務力量的擴大」，未來由他站上第一線問政監督，父親則持續深耕地方，兩代攜手，讓服務不中斷、更升級。高雄左楠區無黨籍議員陳善慧（中）宣布交棒兒子陳冠宇，參選下屆高市議員。（記者王榮祥攝）    ,https://news.ltn.com.tw/news/politics/breakingnews/5535017
綠竹北市長人選將揭曉 邱臣遠祭科技治理搶票,政治,2026/08/10 17:36,民眾黨竹北市長參選人邱臣遠今表示，將以科技治理、專業經驗與實質政策，爭取竹北市民的認同。（記者廖雪茹攝）民進黨新竹縣竹北市長提名即將拍板定案，國民黨與民眾黨的「藍白合」共推人選則尚未出線。民眾黨竹北市長參選人邱臣遠今天回應表示，竹北市民需要的是具備中央與地方治理經驗的實務人才，將以科技治理、專業經驗與實質政策，正面爭取竹北市民的認同。邱臣遠團隊表示，民進黨無論最終出線的是陽明交大助理教授曾聖凱或科技業林憬良，顯然都是現任市長鄭朝方親自認可並意圖交棒的人選。竹北市作為新竹縣人口最多、發展最快的城市，這場選戰必然是竹北、新竹縣連動的聯合作戰。 請繼續往下閱讀...邱臣遠團隊指出，「鄭朝方市長本身為竹東人、現任竹北市長，其父親更是前新竹縣長鄭永金，背後有著深厚的鄭家政治資源與現任執政優勢。對藍白陣營而言，戰局勢必更加激烈。」竹北市民需要的是具備中央與地方治理經驗的實務人才，邱臣遠將以科技治理、專業經驗與實質政策，爭取竹北市民的認同。民進黨新竹縣長參選人鄭朝方昨晚突在社群貼出1張3人合照，被外界視為首度曝光綠營竹北市長人選。鄭朝方今天上午對此議題受訪證實表示，無論是曾聖凱老師或是林憬良學長，都是非常優秀的人選，「最近就會有結果」！而民進黨新竹縣黨部主委蘇仁鑑也表示，地方黨部預計最快週五確定竹北市長人選後，送交黨中央中常會討論及宣布。民眾黨竹北市長參選人邱臣遠。（記者廖雪茹攝）    ,https://news.ltn.com.tw/news/politics/breakingnews/5534973
中市議員批教育局幼童專用車管理鬆散 教局：每月定期與相關單位共同稽查,政治,2026/08/10 17:33,台中市議員林德宇批評，市府根本忽視幼兒園幼童專用車的安全問題。（記者蘇金鳳攝）台中市議會今天進行2025年台中市總決算審核報告，市議員林德宇質疑市府教育局對幼兒園幼童專用車的管理鬆散，對違規業者放任不管，2023年至2026年就發生133件幼童專用車交通違規，包括闖紅燈、逆向行駛、超速等，完全無視幼童對交通事故現場緊急應變能力不足，且教育局對有交通違規紀錄的幼兒園未列入重點稽查，教育局明顯失職。教育局表示，為確保幼童乘車安全，市府每月與監警單位排定6至8日執行校車及幼童專用車聯合路邊檢查，並不定期至幼兒園門口或鄰近路口稽查，2026年已稽查171車次。請繼續往下閱讀...林德宇指出，台中市幼兒園幼童專用車，包括稽查、司機駕駛的管理，在審計報告裡面清楚點出，教育局過去3年的作為是完全放縱、放任業者。目前教育局列管227家幼兒園，配有346輛幼童專用車，過去3年從2023年至今，幼童專用車發生違規數有133件，違規案件分別為闖紅燈、紅燈右轉、逆向行駛、超速。他批評市府放任幼兒園，讓幼童身陷高風險的乘車環境。林德宇說，按照「幼兒園幼童專用車輛與其駕駛人及隨車人員督導管理辦法」，專用車內行車紀錄器至少要保存兩個月，審計處的抽查就發現部分幼兒園也沒有按照規定，甚至還有代班駕駛年齡超過規定的65歲。他問審計處長是否有要求市府對這些違規部分加強稽查嗎？審計處長張漢卿表示，有要求教育局正視這些問題。教育局指出，針對幼兒園幼童專用車交通違規情形，教育局每年函請台中市交通事件裁決處提供違規幼兒園名單，除要求幼兒園派員參加幼童專用車駕駛及隨車人員增能研習外，並依相關規定，最近二年內有違規記點及肇事紀錄者，不得擔任幼童專用車駕駛。    ,https://news.ltn.com.tw/news/politics/breakingnews/5534963
揭吳秀華家族特權煉金術 民進黨列4大罪狀：連花蓮王都自嘆不如,政治,2026/08/10 17:30,國民黨台東縣長參選人吳秀華。（資料照）國民黨台東縣長參選人、議長吳秀華近期陷入家族投資的度假村及土地開發圖利爭議，檢調懷疑台東縣府動用公帑為其家族相關的「東映渡假村」拓寬預定地之農路，多名縣府官員涉案遭搜索與羈押。當然吳秀華捲入爭議可不只這一樁，民進黨今天（10日）下午整理吳秀華還沒當上縣長就在搞官商勾結的骯髒事，痛批吳秀華家族在台東佔盡特權，萬一真的讓她當上縣長，台東縣民安能有立足之地？民進黨官方臉書發文質問，「吳秀華從政十多年，一邊準備奪回吳家在台東政壇的壟斷地位，一邊餵養超過10億元資本額的十多間家族企業？前有哥哥吳俊立、嫂嫂鄺麗貞接連做縣長，後有家族姊妹在太陽能光電、都市開發、土地開發、遊樂園渡假村等領域運籌帷幄、儲備銀彈。吳秀華得天獨厚的家族背景，進縣府究竟是要服務縣民，還是照顧自家事業？」請繼續往下閱讀...民進黨羅列吳秀華及其家族疑涉官商勾結的爭議並提出4大質疑，「10億資本家族企業，有錢家人賺？媒體報導，吳秀華服務處所在的『台東市連航路126號』與左右連棟透天厝5張門牌底下，登記有至少15間吳家關係企業。包括吳秀華姊妹名下的7間公司、吳俊立名下的5間公司、吳秀華為前董事的『紅葉國際渡假村』，以及吳秀華姪子做太陽光電的『中金能源』等。另有吳俊立為董事長的一間基金會。這麼多事業，恐怕連『花蓮王』傅崐萁也自嘆不如。」「搶佔原民土地，用土地煉金、用特權開路？吳秀華原本持有一塊位於山坡地、又與卑南族傳統領域重疊的土地（約8公頃），但在被國民黨提名為縣長前，已將土地變更地目、轉手家族姊妹，再用以向農會貸款9600萬元，接著還要蓋渡假村。此外，台東縣政府還疑似濫用公帑、占用國有土地，把原3米寬的道路，變成15米『五星級農路』。這不就是圖利嗎？難怪台東縣農業處長慘遭收押。」「安養中心規避環評，渡假村縣府力推，吳家真是『有關係』？吳秀華家族集團中，資本額最高的1.8億元『富山美麗海景』，旗下便有日前爆發爭議、涉嫌透過分割土地規避環境影響評估的『富山美麗海景安養中心』；吳秀華為前董事的『紅葉國際渡假村』，則有吳俊立當縣長時，主導開發、投資高達20億元的『紅葉渡假村』。用公權力護航家族事業，還真是明目張膽。」「合法土地合法賺，違法土地建停車場賺上加賺？吳秀華近日又被爆料，家族經營的『立麗大酒店』，違規將農地做為停車場，遭台東縣府罰鍰6萬元限期改進，至今卻無消無息；也被人發現，違規停車場旁，吳家分明還有2塊可以作為停車場的400坪『建地』，飯店卻違法使用『農地』，再將建地出租超商，收租賺上加賺。這難道是知法違法？」民進黨表示，「儘管吳秀華為了選縣長，早早將這些事情推得一乾二淨、『概無參與』，但吳家的廣大事業，『現在』就已經在台東佔盡特權，萬一吳秀華真的當上縣長，台東縣民在吳家的大富翁遊戲版圖上，還能有立足之地嗎？」    ,https://news.ltn.com.tw/news/politics/breakingnews/5534867
接住移工也要接住基層 林月琴、陳品安為第一線請命獲勞動部回應,政治,2026/08/10 17:11,接住移工也要接住基層，林月琴、陳品安為第一線請命，獲勞動部正面回應。（林月琴提供）為改善外國人諮詢服務中心約用基層人員「案量沉重、待遇不足」現況，立委林月琴、苗栗縣議員陳品安、徐筱菁、許櫻萍今日邀請勞動部長洪申翰，實地走訪苗栗縣外國人諮詢服務中心與阿昌清潔庇護工場，林月琴與陳品安當場為第一線人員請命，獲洪申翰正面回應，承諾將責成勞動力發展署全面盤點各地方政府相關人員薪資待遇，並對簡化行政流程展開研議。統計至今年6月，苗栗縣已有2萬7620名移工，諮詢中心以有限人力處理大量法令諮詢、契約爭議及職災等案件，一年處理數百件爭議並執行逾6000件訪視。林月琴強調，「接住移工的人，也要被制度接住」，中央不能只補業務卻忽視第一線，要求勞動部提出明確盤點時程與改善方案，不能停留在「帶回研議」。請繼續往下閱讀...陳品安指出，外國工作者面對聘僱與生活爭議時過程極為繁複，曾有移工因颱風停班導致離境流程延宕、被迫增加機票支出。她建議勞動部協助地方建立「單一服務窗口」並簡化行政程序，獲得洪申翰現場許諾研議。此外，一行人也前往阿昌清潔庇護工場與在地團體座談，檢視身障者庇護性就業補助與服務落差；林月琴表示，預算核銷不是終點，身障者能否穩定工作才是政策成效，後續將持續追蹤勞發署的待遇改善進度。接住移工也要接住基層，林月琴、陳品安為第一線請命，獲勞動部正面回應。（林月琴提供）接住移工也要接住基層，林月琴、陳品安為第一線請命，獲勞動部正面回應。（林月琴提供）    ,https://news.ltn.com.tw/news/politics/breakingnews/5534934
柯文哲秀電子監控自嘲「當朝欽犯」遭批討拍 江和樹：藍白須合作是共識,政治,2026/08/10 16:57,江和樹表示，2026年、2028藍白必須合作。（記者蘇金鳳攝）民眾黨創黨主席柯文哲昨天在參加立委陳清龍山城服務成立時，戴著電子監控設備自嘲是「當朝欽差要犯」，中市長盧秀燕回應「我們要更勇敢」，被網友嘲諷柯文哲是在討拍，對此，民眾黨中央委員、中市議員江和樹表示，沒有辦法，這就是民進黨，因此2026年、2028年藍白必須合作，下架民進黨，這是兩黨共識。民眾黨立法院黨團總召陳清龍的山城服務處暨台灣民眾黨客家發展委員會山城服務處昨天成立，台中市長盧秀燕及前後任民眾黨主席柯文哲、黃國昌皆出席，盧秀燕坐在柯文哲旁邊，柯文哲還秀出電子監控設備自嘲是「當朝欽差要犯」，盧秀燕回應「我們要更勇敢」，但遭網友批是討拍。請繼續往下閱讀...對此，江和樹表示，2026年、2028藍白必須合作，下架民進黨，這是兩黨共識，民眾黨不怕人家笑，就怕不被人看到，台灣民眾黨一定會加油。    ,https://news.ltn.com.tw/news/politics/breakingnews/5534900
南投市長選戰確定三腳督  前清潔隊長林富紳宣布參選,政治,2026/08/10 16:55,林富紳競選看板已掛出來，其中有看板正好毗鄰擔任過市長的南投縣議員宋懷琳的競選看板。（林富紳提供）南投市長選舉確定「三腳督」！在縣議員沈夙崢代表民進黨參選市長後，前南投市公所清潔隊長林富紳也將以無黨籍身分角逐，形成沈夙崢、林富紳與國民黨尋求連任的張嘉哲「三腳督」局面。林富紳說，自己曾在市公所服務12年，熟悉市政，現以無黨籍身分參選，超脫黨派，可吸納中間選民。早在民進黨徵召沈夙崢參選南投市長之前，今年5、6月就傳出林富紳要參選市長，但本人沒有公開出來走動或宣布，上月有掛出少數競選布條，這兩天則陸續換上競選看板，林富紳也展開密集拜訪行程，競選面紙並已印上政治獻金帳號，展現參選決心。請繼續往下閱讀...林富紳表示，回南投市已快20年，在南投市公所就服務了12年，不少南投長輩都認識他，而南投市應該可以更好，因此決定參選南投市長。此次以無黨籍身分參選，少了黨派做事沒有束縛，可吸納中間選民。48歲的林富紳出身政治家庭、父親是前縣議員林建營，擁有台大農業推廣系碩士學歷，現為國立暨大學生事務處組長，他說，本月起跟學校請好假，將全心投入選舉。林富紳宣布參選後，南投市長選情將由藍綠對決變成三足鼎立，地方人士有人認為他會影響到泛綠的票，但也有人認為他其實會吸到藍營的票，而他自己則有信心地說：「藍綠營的票都會吸到！」國民黨由尋求連任的南投市長張嘉哲，出戰沈夙崢和林富紳。（南投市公所提供）前南投市公所清潔隊長林富紳宣布參選南投市長。（林富紳提供）民進黨徵召沈夙崢參選南投市長。（沈夙崢提供）    ,https://news.ltn.com.tw/news/politics/breakingnews/5534922
顏若芳揭「重磅資料」陳情藏盜帳號陷阱  雙北5議員遇過恐有國安疑慮,政治,2026/08/10 16:43,台北市議員顏若芳揭露「假陳情、真盜號」陷阱，質疑是針對政治人物發起的「指向性攻擊」，擔心有國安疑慮。（取自台北市議會直播畫面）詐騙型態日新月異，台北市議員顏若芳今（10）天在議會質詢時指出，7月曾接獲民眾透過她的LINE官方帳號陳情，聲稱相關資料整理好放在雲端，請她掃描所附的QR Code到雲端閱讀，疑似是「假陳情、真盜用」藉此取得她手機中的資料。顏若芳表示，雙北至少有5名議員遇到類似狀況，因民代可能有一些機敏性對話，質疑是針對政治人物發起的「指向性攻擊」，擔心會有國安疑慮。警察局長林炎田表示，若有牽涉到國安，會跟檢察官報告深入追查，另分別通知提醒民意代表。顏若芳今天在警政衛生部門質詢指出，7月中旬接獲民眾以資訊廠商名義加入她的官方LINE帳號，佯稱手邊握有涉及公職人員不法的重磅資料希望陳情，並聲稱已將相關證據整理至雲端資料夾，同時提供一個QR Code掃描以取得資料；但助理掃描後，出現的不是雲端硬碟連結，而是LINE的遠端登入授權要求。助理察覺有異立即停止操作並通報警方。請繼續往下閱讀...顏若芳表示，事後私下了解，台北市議會及新北市議會至少有5名議員接收過相同訊息，所幸多數人警覺性高，並未受騙上當。假設議員掃描授權後，可能就會被詐騙者取得好友等資料去做金融詐騙，甚至議員的手機會有一些機密的公務對話，擔心是針對民意代表而來，恐有國安疑慮。林炎田表示，7月受理報案後有請檢察官偵辦，並申請搜索票要查扣相關事證，但院檢認為沒有明顯的被害人沒有同意。從案件外觀看來像詐騙案，若有牽涉到國安，會跟檢察官報告深入追查；同時會通知新北市議員、北市議員等民意代表提高警覺。    ,https://news.ltn.com.tw/news/politics/breakingnews/5534910
徐巧芯急抗議「沒說沈伯洋好相處」！ 黃光芹道歉 網酸：看得出誰難相處,政治,2026/08/10 16:31,民進黨台北市長參選人沈伯洋、國民黨立委徐巧芯。（本報合成，資料照）民進黨台北市長參選人沈伯洋今（10）日接受資深媒體人黃光芹專訪，他提到自己近期掃街與民眾握手時，許多人都很訝異「他本人看起來不兇」，與過去在立法院國防外交委員會與藍白立委激烈抗衡的形象大不相同。對此，主持人黃光芹在節目中加碼爆料，稱最早被沈伯洋顛覆印象的正是國民黨立委徐巧芯，甚至指徐巧芯曾說沈伯洋「私底下很好相處」，不料此言論隨即引發徐巧芯強烈抗議。沈伯洋今天在黃光芹主持的網路節目《中午來開匯》上透露，競選初期，競選初期知名度較低，但透過頻繁掃街已有越來越多市民認識他。許多民眾握手時驚呼「你本人看起來不兇」，他都會笑回「我真的不兇」，但也坦言過往在立院抗衡藍白的形象深植人心，實屬難免。請繼續往下閱讀...對此，黃光芹在節目中爆料，其實最早被沈伯洋顛覆印象的是國民黨的「徐巧芯們」，並稱藍委曾私下透露沈伯洋好溝通、好相處。黃光芹也強調，早在第一次專訪沈伯洋時，她就覺得「真的是如他們講的」，因為一般民眾可能沒有辦法能夠接觸真正的沈伯洋，而是印象中在立法院與藍白委激戰的樣子。然而節目播出後，隨即引發網友熱烈討論以及徐巧芯的抗議。黃光芹稍早在臉書發文表示，「如果帶給徐巧芯委員困擾，我感到抱歉!」她還原經過指出，自己訪談沈伯洋期間是憑2年多前的印象，說了句「徐巧芯委員說你私下很好相處」，未料被網友刻意挑出來作文章，她也隨即接獲徐巧芯的抗議。黃光芹續指，經過簡短溝通後，徐巧芯澄清自己在2024年5月接受專訪討論立法院衝突時，或許曾描述沈伯洋私底下「人很客氣、不會有那麼多意識形態，跟電視上不一樣」，但這不等同於她曾說過「他很好相處」。因為兩人除了在立法院，私下從無聯絡、連LINE都沒有，沒有私交、不曾相處，「哪來的說他很好相處」!黃光芹坦言，「因為我僅憑模糊印象，隨口做的轉述落差，以致給徐巧芯帶來困擾，網友甚且借題發揮、藉此攻擊她，我感到過意不去，並特此發文澄清。」徐巧芯也現身留言區回覆，感謝黃光芹幫忙澄清。徐巧芯表示，黃光芹在節目中僅是一句話帶過，相信一般人不會放大看待，「別有居心的人，就是他們自己的問題。」她認為，沈伯洋在沒有鏡頭的場合確實人是客氣的、不會表達那麼多意識形態，這是她觀察超過三年的真實評價，但兩人確實沒有私交，所以不存在所謂的「私下相處」。然而，這篇澄清貼文曝光後再度掀起熱烈討論，不少網友留言酸道：「看得出難相處的是誰了」、「看來沈伯洋比徐巧芯好相處太多了」、「對徐巧芯的第一印象就是從她比中指開始認識她的，而且有家長反應她這樣的行為是不良示範教壞小孩，家長也對她印象也不好！給人的第一印象就不好的人大多難相處！事實證明也是如此！」    ,https://news.ltn.com.tw/news/politics/breakingnews/5534821
中共為大選養「在台愛國力量」 吳思瑤揭藍白3招配合如「叛國力量」,政治,2026/08/10 16:28,針對中共密令鎖定4大對台策略、給予在台「愛國力量」最大支持，民進黨立委吳思瑤直言，藍白種種行徑環環相扣，明擺著中國支持的就是「叛國力量」。（資料照）中國近期展開北戴河暑休，我方掌握，中共密令鎖定4大對台策略包含，反對台灣部署無人機、截斷台獨「國際空間」，將台灣年底選舉視為關鍵成敗、給予在台「愛國力量」最大支持。民進黨立委吳思瑤直言，這早已不是密令，而是赤裸裸的行動，藍白在立院砍國防、各部會媒宣預算、國民黨主席鄭麗文再配合宣稱「台灣不是一個國家」等行徑環環相扣，明擺著中國支持的就是「叛國力量」。中共目前密商的對台策略包含4大面向，第一，應結合所有力量一律反對，台灣增加軍事投資、擴大無人機部署；其次，全面截斷台獨所謂「國際空間」、主權想像；第三、中共將提供所有可調動資源，爭取台灣各界反對台獨、挫折台獨，轉化為共同支持統一的力量；第四，中共將2026台灣地方選舉視為對台工作成敗的關鍵，指示務必給予在台「愛國力量」最大支持。請繼續往下閱讀...吳思瑤指出，中國要文攻武嚇，不管是對外的威脅施壓，或是對內的滲透介選，過去是暗著來，現在都是明著來。中共傳出來的4個對台工作要項，對應於中國所有對台灣的作為，就是「自證己罪」，其中介選是眼前最急迫的。「台灣人不能容許最不民主的中國，來破壞最民主的台灣的選舉！」吳思瑤強調，今年的選舉，大家要辨識清楚，哪些是在台協力者，藉由中共的介選、境外勢力的配合，來贏得台灣的選舉。當中國已經在門口說「我要來介入你的選舉」，台灣豈能不防？針對中共4項對台策略，吳思瑤逐一剖析，前2項都是藍白在野黨正在立法院做的事，第一就是為難無人機預算、砍國防預算，再者，藍白也正在國會聯手要砍我國各部會的媒宣費，又要把公視整個癱瘓掉，這些都有具體的步驟。吳思瑤補充，三、中共要集結台灣所有力量來支持統一，顯然就是國民黨主席鄭麗文正在做的事，鄭麗文近日更公開宣稱「台灣不是一個國家」。綜上所述，可看到中共一下令，藍白都在立法院做出相應的配合，國民黨儼如習近平的小弟，就是中共的在台協力者。她質疑，一、二項是藍白在立法院的現在進行式，三則是以鄭麗文為首要共犯，第四、則為中共在台協力政黨或政客，明確提供助選紅利，用境外介選來扶植叛國勢力。吳思瑤強調，只要是中國支持的，絕不是愛國力量，而是叛國力量，這早已不是密令，而是公開的秘密，赤裸裸的行動，以前還會暗地搞，現在完全明著來。不管是中共或是台灣內部的在台協力者，都完全無視於台灣的民主法治，在再挑戰台灣人民的容忍底線，國人一定要明確地來辨別。    ,https://news.ltn.com.tw/news/politics/breakingnews/5534866
義剪成了陳光復家族招牌 陳邦輝連11年返鄉參與「光復義剪隊」,政治,2026/08/10 16:25,連續11年返澎參與光復義剪隊的陳邦輝，巧遇嬸婆吳淑瑾。（陳邦輝提供）澎湖縣長陳光復創立的「光復義剪隊」，一路走進社區、走近民宅，自從民進黨提名的澎湖縣長參選人吳淑瑾加入之後，整個團隊越來越有名氣，所到之處總是笑聲不斷、人氣滿滿。還有1位鮮為人知的陳光復家族成員陳邦輝，連續11年由高雄返鄉義剪，團隊規模由兄妹擴張至夫妻與兄妹搭檔。吳淑瑾加入「光復義剪隊」後，也展現精湛剪髮手藝，民進黨澎湖縣議員參選人顏家康，當然義不容辭，自告奮勇把自己的「頭」捐出來，當一次最實際的模特兒。原本還有點小緊張，沒想到吳淑瑾夫人的手藝真的有一套，動作俐落、細心又有耐心，就像是大姊姊照顧小朋友的感覺，剪完一照鏡子，整個人不只清爽許多，還感覺年輕了好幾歲、精神都來了！請繼續往下閱讀...顏家康表示，看來這次「實習成果」非常成功，這顆頭應該算是安全下莊了！其實義剪最珍貴的，不只是幫民眾整理頭髮，而是透過一次次服務，把人與人之間的距離拉得更近。大家坐下來聊聊天、說說生活，剪的是頭髮，留下的卻是滿滿的人情味。另外，旅居台灣的澎湖囝仔陳邦輝，連續11年返鄉義剪，從孤家寡人一卡皮箱返鄉，演變至攜家帶眷，今年義剪之路巧遇嬸婆吳淑瑾，除了齊心為家鄉長者服務之外，也希望為住院治療的叔公陳光復祈福，讓陳光復早日恢復健康。民進黨澎湖縣議員參選人顏家康，自告奮勇成為縣長參選人吳淑瑾練剪對象。（顏家康提供）    ,https://news.ltn.com.tw/news/politics/breakingnews/5534874
蔣萬安跨時空打臉自己！ 周軒：5年前讓衛福部保密疫苗資料,政治,2026/08/10 16:17,台北市長蔣萬安指控武肺疫苗資料被遮蔽、塗黑，還要封存30年，但被周軒挖出5年前的會議資料打臉。（資料照）慈濟於武漢肺炎（新型冠狀病毒病，COVID-19）疫情期間委託掮客購買BNT疫苗遭詐10.6億元，引發各界關注，台北市長蔣萬安指控疫苗資料被遮蔽、塗黑，還要封存30年，但被政治工作者周軒挖出5年前的會議資料，直指時任立委的蔣萬安在立院衛環委員會會議擔任主席時，曾商請衛福部遮蔽無法公開、需保密的部分之後再把資料送來。周軒今（10日）在臉書發文表示，2021年10月20日立法院衛環委員會武肺疫苗採購調閱專案小組召開第2次全體委員會議，該場會議的主席就是蔣萬安，他和在場其他委員提議衛福部提供「採購國際認證疫苗歷次討論會議紀錄」、「疫苗採購數量相關會議紀錄」、「疫苗採購品牌、數量專家小組意見」、「廠牌選擇依據、各廠牌數量採購數量依據及裁決標準」。請繼續往下閱讀...會議資料顯示，有關「2020年9月18日新冠肺炎疫苗全球取得機制（COVAX）疫苗供應合約」、「2020年10月30日與台灣阿斯特捷利康公司簽署1000萬劑COVID-19疫苗供應合約」，現場決議讓衛福部「將無法公開部分予以遮蔽後」提供調閱。另外，有關「2021年5月28日衛福部疾管署與高端、聯亞2家國產COVID-19疫苗廠採購合約、關於採購決策過程之會議紀錄、公文」，現場決議請衛福部將採購合約中「須保密無法公開部分予以遮蔽後」提供調閱。周軒指出，從上述內容可以看到，當年蔣萬安所主持的會議做出結論，就是請衛福部遮蔽無法公開需保密的部分之後再把資料送來，誰知道5年後的「蔣萬安市長」卻認為當年「蔣萬安委員」的會議結論不對，讓他忍不住狠酸蔣萬安不要自己洗自己的記憶。2021年10月20日立法院衛環委員會武肺疫苗採購調閱專案小組召開第2次全體委員會議。（圖擷自周軒臉書）當年的會議紀錄。（圖擷自周軒臉書）當年的會議紀錄。（圖擷自周軒臉書）    ,https://news.ltn.com.tw/news/politics/breakingnews/5534817
蔣萬安「戰鬥團隊」備戰！魏汶萱接發言人  傳TVBS楊沛緰入列,政治,2026/08/10 16:12,魏汶萱接任台北市政府發言人。（資料照，台北市政府提供）台北市長蔣萬安競選連任，戰鬥氣氛漸漲，發言人李政軒以個人生涯規劃請辭獲准，由曾在立法院嗆立委邱議瑩一戰成名的副發言人魏汶萱接任，綜理媒體事務。另傳出將延攬《TVBS》記者楊沛緰進入蔣萬安競選團隊，楊沛緰表示，目前仍任職於TVBS，未來若有任何新的生涯規劃，會再和大家報告。31歲的李政軒畢業於台灣大學政治系，曾服務於台中市政府盧秀燕團隊，在市長室、秘書處與研考會等單位服務；後來在蔣市府擔任副發言人，去年3月升任發言人。不過，從上週白海豚颱風應變會議召開，就未見其身影，今傳出以個人生涯規劃請辭獲准，有可能進入蔣萬安競選團隊，但他今天未出現在辦公室，致電也無人接聽，尚無法取得其說法。請繼續往下閱讀...魏汶萱現年32歲，畢業於世新大學廣電系，歷任三立新聞台政治組召集人、中天新聞台黨政記者，曾在立法院因護航徐巧芯助理、男友謝克洋帶油壓剪硬闖立法院議場，還嗆立委邱議瑩，一戰成名。市府指出，魏汶萱具備政治新聞採訪經驗，熟稔新聞運作與輿情應對，擔任副發言人以來，熟悉市政運作及各項重大政策，並累積政策溝通、媒體應對及跨局處協調經驗。北市府表示，魏汶萱兼具媒體實務與市政溝通經驗，期待接任發言人後，將持續強化政策論述與新聞應對，讓市府施政資訊更即時、清楚傳達，深化市府與市民及媒體間的溝通。    ,https://news.ltn.com.tw/news/politics/breakingnews/5534856
中市府舉債彌平預算短差上百億 綠議員批：盧秀燕賣地收益去哪？,政治,2026/08/10 16:07,民進黨台中市議員陳淑華（右）批評，中市府總預算每100元、超過7元執行不出去。（記者黃旭磊攝）台中市議會今天舉行定期會，由審計部台中審計處長張漢卿報告上年度預算決算審核情形，其中，台中市114年度總預算案編列的歲入與歲出短差，約為93.79億元（約94億元），全數舉借債務支付，民進黨台中市議員李天生、陳淑華批評盧秀燕賣地收益竟還「債留子孫」。審計部台中審計處提出上年度（114年度）預算決算審核報告，內容提及中市府累計歲入、歲出短差達341億元，且總預算經費賸餘數（預算執行撙節省下經費）高達135.2億，佔7.09%，台中市議員陳淑華表示，代表總預算每100元、超過7元執行不出去。請繼續往下閱讀...中市議員李天生說，市府累計歲入、歲出短差達341億元，遭審計部（台中審計處）批評財政收支處於「失衡狀況」，盧秀燕主政8年期間，總預算達1兆3千多億元，標售土地收入上千億元，「賣地收益到底去哪裡」，債務處於失衡狀態、「債留子孫」惡名會留在市長身上。盧秀燕今天在議場備詢，面對李天生質疑並未起身回應。台中審計處長張漢卿說，中市府付債務利息，從110年度7億多元，倍增到114年度15億多元，是受貸款利率從年利率0.7逐年增加影響。陳淑華指出，中市總預算經費賸餘數高達135.2億，佔7.09%，也就是說總預算每100元超過7元，「中市府執行不出去」，這是什麼情況？市府未核實編列預算，也沒執行力，甚至在編列114年度超過1900億預算，就發生浮編狀況。    ,https://news.ltn.com.tw/news/politics/breakingnews/5534818
慈濟買疫苗遭詐 陳佩琪爆柯文哲也接觸過「自稱有管道人士」,政治,2026/08/10 15:52,前台北市長柯文哲（左）與妻子陳佩琪。（資料照）慈濟基金會採購BNT疫苗遭詐騙10.6億元案持續引發各界關注。前台北市長柯文哲妻子陳佩琪透露，武漢肺炎（新型冠狀病毒病，COVID-19）期間，柯文哲因民眾迫切盼望疫苗，曾接觸自稱有管道可以取得疫苗的人士。陳佩琪今天在臉書發文表示，最近不知道在吵什麼疫苗採購問題，柯文哲當時身為台北市長，對防疫極盡投入，也深知民眾對疫苗的殷切期盼，因此當然希望能早日幫市民購得足夠的疫苗，過程中確實接觸過一些自稱有管道能買到疫苗的人。請繼續往下閱讀...陳佩琪指出，後來聽柯文哲說，自己買來的疫苗，要先交給中央的食藥署做檢驗，「對民進黨這種尿性政黨，要怎麼刁難和他不同政黨的人都可能，且聽說檢驗合格後，最終還要交給中央做統一發放，意思是台北市長買來的，不一定台北市民可以用的到，聽到這樣，市長只好放棄」。陳佩琪接著開砲痛批，當時執政的民進黨政府買疫苗過程比國際上慢很多，又極力推動無三期認證的高端疫苗，民間慈善團體只好卯足全勁、到處找管道來自己接洽買。她怒嗆，民進黨和陳時中對人民一個道歉都沒有，竟然在五年後要一個台北市長跟你們道歉，「道歉什麼？可以講清楚嗎？要感謝你們買疫苗這麼慢是嗎？」    ,https://news.ltn.com.tw/news/politics/breakingnews/5534777
侯友宜淡水行動治理基層建設督導 打造魅力觀光新淡水,政治,2026/08/10 15:51,新北市長侯友宜（前中）參加淡水區行動治理，與里長合影。（記者翁聿煌攝）新北市長侯友宜10日率市府團隊前往淡水區行動治理基層建設督導及里政交流，除出席「大竹圍公有零售市場新建工程」及「消防局淡水分隊興建工程」動土典禮，並與在地里長面對面交流，了解各項基層建設推動情形。侯友宜先出席「大竹圍公有零售市場新建工程」動土典禮。侯友宜指出，大竹圍地區人口密集，地方長期期待擁有1座兼具現代化、舒適及安全的公有市場，新建市場預計於2028年完工，將結合市場、餐飲空間、停車場及派出所，建構一站式採買與多元公共服務據點，提供市民更優質安心的消費環境。請繼續往下閱讀...隨後侯友宜出席「消防局淡水分隊興建工程」動土典禮，侯友宜表示，「安全」是市民最基本的需求，因應淡水區人口成長，為強化救災救護效能，除新建消防局淡海分隊及新市派出所共構大樓將於今年10月完工，淡水分隊廳舍原址用地興建，並可改善原有廳舍狹小老舊、消防車輛停放空間不足情形，預計2029年完工啟用，將提供消防同仁更完善的執勤環境，也讓居民有更即時、更完善的公共安全保障。最後在里政交流中，侯友宜逐一傾聽各里長提出的基層建議，並對里長們長期居中協調、發揮基層服務的橋梁角色表達深切感謝，侯友宜強調，市府會做基層堅強後盾，透過行動治理精準投入資源，讓建設真正回應市民期待。    ,https://news.ltn.com.tw/news/politics/breakingnews/5534767
蔣萬安狂講食安 沈伯洋笑：他是不是想打盧秀燕？,政治,2026/08/10 15:40,民進黨台北市長參選人沈伯洋接受媒體人黃光芹專訪。（截自直播節目「中午來開匯」）台北市長蔣萬安日前號召「725凱道反毒油遊行」，並密切關注油品議題，多次發聲。民進黨台北市長參選人沈伯洋今接受媒體人黃光芹專訪，沈笑說，一直覺得這次食安問題，是不是蔣萬安想要打盧秀燕？並指出拋出的每個議題，最後都是盧秀燕沒有做好的地方，有點尷尬。沈伯洋說，關於中聯油品事件，回過頭來，中央地方都應該負責，也認為問題最大是業者。到頭來，大家會問「業者為什麼敢做假？」從犯罪學角度來看，就是成本低所以敢做假，若常常稽查就會很難做假。另，現在驗的是油的成品，不過有些國家是看過程，認為現在修法應該要針對過程檢驗BaP。請繼續往下閱讀...他也提出業者不上報、隱瞞的解方，說明檢驗機構內容要與政府對接，結果一出來，系統就會自動上傳，這樣業者隱瞞不了，也是他所提出的修法方向。黃光芹稱讚道，「你看東西面面俱到都到點上，沒有側翼化、說一定要攻地方政府。」沈謙虛回，中央有中央的事，地方有地方的事，大家都把這件事情做好。    ,https://news.ltn.com.tw/news/politics/breakingnews/5534772
台中防空演習2點30分登場 首度「行動網路降速」手機幾全斷網,政治,2026/08/10 15:25,台中市城鎮韌性（防空）演習在今天下午2點30分至3點舉行，台中實施「行動網路降速」情境演練，手機幾乎無法上網。（記者陳建志攝）為強化全民防空應變能力及提升防衛韌性，台中市城鎮韌性（防空）演習在今天下午2點30分至3點舉行。演習期間將實施防空警報發放、疏散避難、交通及其他必要管制等實做演練，今年還首度進行「行動網路降速」情境演練，記者實測手機點選網頁，不只是降速，手機上網幾乎全中斷。今天下午2點30分模擬飛彈攻擊中部，台中街頭響起防空警報聲後，街上的人車迅速依照員警的指揮進行就地避難，並遵循「地下優於地上、室內優於室外、遠離門窗、避開危險物品」等防護原則進行緊急避難。請繼續往下閱讀...今年並首度增加「行動網路降速」情境演練，記者在2點30分後實測，發現手機上網不只降速，幾乎是完全斷訊，手機也顯示「沒有網際網路連線」，完全無法打開任何網頁，這讓已經習慣上網的民眾很崩潰。    ,https://news.ltn.com.tw/news/politics/breakingnews/5534762
快評》楊文科出訪要亮出必要性與公益性 經費不明不無黑箱疑慮,政治,2026/08/10 15:17,新竹縣長楊文科（前左3）今年4月9日率縣府團隊參訪日本「農業大縣」也是「漫畫王國」的鳥取縣，雖被台灣前進的女將們質疑經費不明，但也認為他是實質進行官方交流。（取自竹縣府官網）縣市機關首長每年都有出國考察的機會，現行制度雖有特定地區須事前申請、赴外回台後要寫報告的機制，但外人仍難窺其中實質推動的內容和進展。經「台灣前進陣線」深入調查、分析新竹縣長楊文科4年出行17趟、139天的參訪和考察，認定出國頻率、天數跟實際考察成果不成比例，甚至替新竹縣帶來的施政成果也不相符，出訪地點眾多，且行程編排更像一般旅行或畢旅，認為並非實質公務考察。請繼續往下閱讀...事實上，很多新竹縣民也不時冒出「縣長怎麼又出國了？」的疑問，更想問楊文科每次出訪後，到底為新竹縣拚回了什麼？「台灣前進陣線」期待的是，楊文科應恪守治理責任，並嚴謹衡量出訪的頻率，還以「潮間帶」來比喻首長赴外考察，認為這樣的行徑就像處於生態豐富卻充滿暗流的潮間帶，因為涉及政府預算的運作，在民智已開、法制制度漸全下，民眾都了解真要探究，這些表面上的參訪行程和字眼，無論是用「自費」或「公差」，看似都合法、無從挑剔，但也往往暗藏著難於見天的灰色地帶。民眾對「縣長又出國了」的根本感受，其實就是聚焦在最關鍵的民脂民膏上，因為很多經費不明，實在讓人不無有黑箱的聯想。首長出訪機會很多，僅靠特定地區事前申請、其他地區事後交報告，很容易讓民眾質疑藉機旅遊。圖為新竹縣長楊文科（中）今年4月率團出訪日本鳥取等地的資料照。（取自竹縣府官網）    ,https://news.ltn.com.tw/news/politics/breakingnews/5534745
公布競選團隊發言人陣容   陳瑩喊話「台東不是家族公司」,政治,2026/08/10 15:16,陳瑩競總發布新團隊成員。（記者劉人瑋攝）民進黨台東縣長參選人陳瑩今召開記者會宣布競選團隊發言人名單，包括台東縣議員簡維國、黃治維、台東縣議員參選人陳炫諭、台東市民代表陳金溪、台東市民代表蔡政家和台東市民代表王泰捷。在陳瑩和台東市長參選人翁聖惠帶領下，眾人高喊「台東下一棒，陳瑩來接棒」口號，宣示「台東隊準備好了」。年底的台東縣長選舉被認為是「綠營迄今最接近縣長的一次」，還有人大膽推測「五五波」，陳瑩競選團隊將這歸功於蔡英文加持、劉櫂豪歸隊。陳瑩說，劉不是隨口說說，已經接到幾個團體來電還稱「劉櫂豪有交代，要來報到一聲」，另外賴坤成的「190軍團」也加入，勝算多了不少。請繼續往下閱讀...陳瑩與國民黨台東縣長參選人吳秀華家族的共通點即是有親人曾任縣長，對於昨台東縣府農業處長許家豪被羈押，陳瑩表示，台東不是一個家族的台東，也不能把台東當成家族公司經營，聽到許家豪被羈押直言「這實在是一件很令人遺憾的事」，自己的團隊就會容納熱愛台東的人，不以政黨為優先考量，自己若就任縣長，會讓縣府公務人員有「安心行政、免於司法的風險」。陳瑩解釋，很多民眾可能沒思考到，縣長如何能創造公平、安心行政的縣府環境，而這是一個新縣府團隊十分重要的工作氛圍。此外，針對近來有藍營支持者批評「陳瑩父親陳建年不也當過縣長」，先前綠營即回應，陳建年當縣長離陳瑩現在選縣長相隔很久，但吳家多人擔任過縣長，時間相近，近期吳家又被爆出商業帝國一事，兩件事根本無法比。陳瑩透露，父親陳建年根本管不了自己。有趣的是，陳建年今天也出現在記者會現場，只是笑著默默望著會場內滿滿的人，站在門外卻不進屋，競辦成員問起也只推稱「我只是名警衛，今天負責看門」，令人莞爾。前台東縣長、陳瑩父親陳建年站在門外等。（記者劉人瑋攝）    ,https://news.ltn.com.tw/news/politics/breakingnews/5534703
澎湖觀光人數銳減  澎湖觀光協會及國民黨縣黨部疾呼恢復小三通,政治,2026/08/10 14:59,澎湖花火節金字招牌褪色，各界疾呼轉型。（澎湖縣政府提供）澎湖今年觀光受到國旅市場萎縮，出現5、6、7月連續3月衰退現象，讓外界質疑澎湖旅遊金字招牌花火節吸引力褪色，希望能積極轉型。國民黨澎湖縣黨部主委陳雙全、澎湖縣觀光協會理事長周宇鳴，都喊出澎湖恢復小三通！陳雙全表示，澎湖要把觀光做起來，不能只靠花火節，也不能只等台灣本島的旅客來，必須想辦法開拓更多客源，眼前更要先把人潮帶回來，尤其爭取開放澎湖與中國「小三通」，就是值得推動的方向；一首《外婆的澎湖灣》，早已讓中國人民認識「陽光、沙灘、海浪、仙人掌」的澎湖，也嚮往有一天能來澎湖走走看看。請繼續往下閱讀...周宇鳴則表示，喜歡澎湖、推廣澎湖、來澎湖旅遊，美國人，日本人、歐洲人、亞洲人、地球人只要進來就好！人進來澎湖就活絡，機會就變多，年輕人就會留下來，澎湖年輕人也不用往外跑，澎湖的發展傳承就越來越好。周宇鳴進一步指出，澎湖是一座海島，觀光是許多在地產業共同的經濟命脈，如果未來能透過小三通，串聯經金門到澎湖，甚至中國廈門、海西城市（海、空直航）旅遊市場，澎湖就有機會從相對封閉的離島，逐步成為區域海島旅遊網絡的一環，帶來的就不只是旅客數字，而是觀光經濟的外溢效應。澎湖觀光協會理事長周宇鳴，率領會員前往陸委會呼籲恢復澎湖小三通。（周宇鳴提供）    ,https://news.ltn.com.tw/news/politics/breakingnews/5534747
澎湖觀光人數銳減  澎湖觀光協會及國民黨縣黨部疾呼恢復小三通,政治,2026/08/10 14:59,澎湖花火節金字招牌褪色，各界疾呼轉型。（澎湖縣政府提供）澎湖今年觀光受到國旅市場萎縮，出現5、6、7月連續3月衰退現象，讓外界質疑澎湖旅遊金字招牌花火節吸引力褪色，希望能積極轉型。國民黨澎湖縣黨部主委陳雙全、澎湖縣觀光協會理事長周宇鳴，都喊出澎湖恢復小三通！陳雙全表示，澎湖要把觀光做起來，不能只靠花火節，也不能只等台灣本島的旅客來，必須想辦法開拓更多客源，眼前更要先把人潮帶回來，尤其爭取開放澎湖與中國「小三通」，就是值得推動的方向；一首《外婆的澎湖灣》，早已讓中國人民認識「陽光、沙灘、海浪、仙人掌」的澎湖，也嚮往有一天能來澎湖走走看看。請繼續往下閱讀...周宇鳴則表示，喜歡澎湖、推廣澎湖、來澎湖旅遊，美國人，日本人、歐洲人、亞洲人、地球人只要進來就好！人進來澎湖就活絡，機會就變多，年輕人就會留下來，澎湖年輕人也不用往外跑，澎湖的發展傳承就越來越好。周宇鳴進一步指出，澎湖是一座海島，觀光是許多在地產業共同的經濟命脈，如果未來能透過小三通，串聯經金門到澎湖，甚至中國廈門、海西城市（海、空直航）旅遊市場，澎湖就有機會從相對封閉的離島，逐步成為區域海島旅遊網絡的一環，帶來的就不只是旅客數字，而是觀光經濟的外溢效應。澎湖觀光協會理事長周宇鳴，率領會員前往陸委會呼籲恢復澎湖小三通。（周宇鳴提供）    ,https://news.ltn.com.tw/news/politics/breakingnews/5534747
蔣萬安想當藍營共主 沈伯洋：台北市民認同比黨內聲勢更重要,政治,2026/08/10 14:56,民進黨台北市長參選人沈伯洋今（10）至直播節目中午來開匯接受媒體人黃光芹專訪。（截自直播節目「中午來開匯」）民進黨台北市長參選人沈伯洋今（10）日至直播節目中午來開匯接受媒體人黃光芹專訪，回顧上個月赴美時，台北市長蔣萬安拋出725遊行、提倒閣等，認為蔣想要走大位，想成為藍營共主、提高黨內聲勢，但作為台北市長候選人，就是要關心台北市，「我要負責的對象是市民，追求的是市民認同。」沈也坦言，自己現在勤跑陸戰，解讀民調時依然覺得知名度不太夠；他分享，每次與民眾握手，總是會有民眾說：「哇！你本人完全不兇耶！」沈伯洋提到，訪美行程其實很早就有安排，而且安排很有系統。如在台北有交通死亡案件、樹木被砍等議題，會依照議題對應拜訪城市，同時已做足資料，一去就與市長、州長請教相關解方、細節和執行阻礙。他說，關於都更，他也有去找建築師公司，請他們帶著他走都更處，並沿路了解得標原因與條件等。請繼續往下閱讀...沈伯洋表示，蔣萬安想做的是在黨內做的事，但我想服務市民，與黨無關，市民感受應該是最真實。他說，現在提出的市政問題並不是認為可以攻擊到蔣萬安，而是有接到陳情，像是之前去成功市場提到改建問題。但現在市民想要市場動線做好一點，蔣沒有回答，卻講倒閣；想處理兒虐問題，結果講要廢除監察院，就是監察院指正台北市政府很多兒虐相關問題。關於現在台北市長選戰聲量，沈伯洋坦言，在解讀民調時還是覺得知名度不太夠，掃街時民眾握手會看衣服上的名字，想說「這個人是誰」，民眾也會說「你本人看起來完全不兇。」沈強調陸戰特別重要，握手、座談會、客廳會、百工百業、同鄉會、市場、夜市等「能跑就一直跑。」黃光芹也笑說，她對沈伯洋形象顛覆最初是因為立委徐巧芯，聊到沈說私底下很好溝通、很好相處，沈第一次上黃光芹節目就真的如她講的，嘆「一般民眾可能沒有辦法接觸真正的沈伯洋。」    ,https://news.ltn.com.tw/news/politics/breakingnews/5534752
藍營批原博館選址議題問A答Z 蘇巧慧競辦：一直爭取改在鶯歌,政治,2026/08/10 14:43,民進黨新北市長參選人蘇巧慧競辦發言人劉芳宇回應，蘇巧慧一直積極爭取原博館改在鶯歌，更在2016年9月質詢中強烈表達立場，在立法院公報都有記錄。（圖由蘇巧慧競辦提供）國民黨新北市議員呂家愷持續質疑原定落腳三鶯地區的國立原住民族博物館被民進黨政府改址高雄，民進黨新北市長參選人、立委蘇巧慧卻沒作為，「昨天喊鬧劇、隔天就忘記」他要求蘇別問A答Z；蘇巧慧競選辦公室回應，國民黨新北市長參選人李四川陣營日前才用不實謠言扭曲蘇巧慧與里長感情，如今又繼續抹黑，蘇巧慧一直積極爭取原博館改在鶯歌，更在2016年9月質詢中強烈表達立場，在立法院公報都有記錄。呂家愷、新北市平地原住民議員參選人吳國譽、新北市山地原住民議員參選人何應明今開記者會，呂說，蘇巧慧當年批評原博館改址「活像一場鬧劇」，但9年過去，面對媒體詢問卻避重就輕，以「三鶯新生地現在有新北美術館」回應，沒有正面回答為何改址，質疑「昨天喊鬧劇、隔天就忘記」，蘇應向市民及原民族人給個交代。請繼續往下閱讀...呂家愷、吳國譽、何應明要求蘇巧慧回應：第一，原博館從新北被改址到高雄，這九年來蘇巧慧到底做了哪些努力？第二，當年為什麼要改掉新北原博館的規劃，新北失去這項國家級建設後，中央又給了什麼補償？第三，未來如果民進黨政府再次剝奪原住民族或新北市民的權益，蘇巧慧敢不敢站出來講一句話？蘇巧慧競辦發言人劉芳宇回應，蘇巧慧擔任立委以來，不論是十多年來不間斷的法律諮詢服務，或是在立法院推動「原住民族工作權保障法」、「原住民族健康法」、「原住民族教育法」等修法，蘇巧慧都和族人朋友站在一起，守護原住民族權益。她表示，在新北市長選戰，蘇巧慧也率先提出照顧族人朋友的政見，「預算加倍、照顧加倍」，不僅要提供在新北家庭成員無自有房屋的族人朋友租金補貼，針對55歲以上長輩裝假牙最高補助5萬元，還要設置烏來公共托育中心，同時擴大歲時祭儀交通補助，並增加族語獎勵級別，不只給族人最實際的經濟支持，也要幫助原民文化傳承與發揚，蘇巧慧會持續推出照顧市民的政見來爭取支持。劉芳宇說，而針對禁伐補償，蘇巧慧也早就清楚說明，她支持禁伐補償提高，但反對國民黨不經預算討論、直接由立法院逕自增加預算、破壞憲政體制的版本。國民黨新北市議員呂家愷（中）持續質疑原定落腳三鶯地區的國立原住民族博物館被民進黨政府改址高雄，民進黨新北市長參選人、立委蘇巧慧卻沒作為，質疑「昨天喊鬧劇、隔天就忘記」他要求蘇巧慧別問A答Z。（圖由呂家愷辦公室提供）    ,https://news.ltn.com.tw/news/politics/breakingnews/5534713
嚴查中共介選 中配徐春鶯涉違反滲透法明宣判,政治,2026/08/10 14:38,前民眾黨新住民委員會主委、曾列不分區立委安全名單的中配徐春鶯。（資料照）近年境外敵對勢力介入國內選舉手法不斷翻新，中共涉台機關（如台辦系統、統戰部）頻頻透過台灣民間社團幹部、基層里長及地方樁腳，以「低於市價的旅遊團費」或「當地食宿全額免費」的落地招待方式，吸引民眾赴中接受參訪招待，並於餐敘或座談期間宣揚特定政治主張、進行投票指引。檢調機關近年來已查辦多起案件，依違反「反滲透法」等罪嫌起訴、審理中，已有涉案主謀被重判定讞。近期還有一起矚目案件即將判決，即前民眾黨新住民委員會主委、曾列不分區立委安全名單的中配徐春鶯，被控受中方滲透來源指示，幫台北市長候選人黃珊珊及總統候選人、前民眾黨主席柯文哲站台，涉違反滲透法等罪嫌；全案定於明日宣判。請繼續往下閱讀...在已判決確定案例中，以曾代表國民黨參選2屆嘉義市議員的56歲黨員林雪峰案最具代表性。林雪峰3年前總統、立委大選前，由中國浙江省台州市台辦資助，招攬3組村里長、地方人士赴中旅遊，接受6天5夜落地招待，每人僅須繳團費1萬6000元或1萬8000元機票，其餘在中國的食宿、交通、門票由台州市台辦人士「林堅」包辦，全程由中國官員接待，餐敘時多次宣揚「支持侯友宜當選才能促進兩岸交流」；最高法院7月底維持二審判決，依反滲透法等罪判她4年徒刑、褫奪公權3年定讞。土城青山里長姚韋華率團赴中接受招待 二審改判2年6月另一起引人關注的案件，為新北市土城區青山里長姚韋華涉夥同中華青少年文教藝術交流協會理事長簡安仕，邀請來5名里長及9名親友赴中，接受南京市台辦的招待，僅須自付1萬6000餘元機票費，台辦人員在餐敘現場懸掛「兩岸一家親」布條，江蘇省淮安市台辦副主任、南京市台辦官員則宣傳「藍白合、支持侯友宜、不要支持搞台獨分裂的民進黨」等理念。一審本判決2人無罪。高等法院二審判定，2人在選舉前夕接受境外敵對勢力資助，以食宿招待作為對價進行介選，行為已破壞選舉公平性，撤銷無罪判決，逆轉改判簡4年8月徒刑、姚2年6月，各褫奪公權2年。永和永樂里長許政鎧揪12里長赴中 一審判1年6月還有一起是，國民黨籍新北市永和區永樂里長許政鎧與其在中國經商的姑姑陳麗霞，2023年受中國昆山市台辦及張浦台商協會會長郭恒嘉、總幹事鍾明華委託，出面邀約新北12名里長前往中國接受落地招待，食宿、機票全免，台辦官員並趁機宣傳「要支持國民黨及國民黨候選人」等，意圖影響總統及立委選舉，一審新北地院依反滲透法「受滲透來源資助交付不正利益」罪，判處許男及陳女各1年6月徒刑，均褫奪公權2年。中國國民黨員林雪峰涉犯「反滲透法」等罪判刑4年定讞。（資料照）    ,https://news.ltn.com.tw/news/politics/breakingnews/5534689
國民黨金門黨部受理縣議員等參選人提名  明天啟動領表、登記,政治,2026/08/10 14:38,國民黨金門縣黨部公告金門縣議員、鄉鎮長、鄉鎮民代表及村里長4種地方公職選舉黨內參選人提名登記作業時程。（記者吳正庭攝）國民黨金門縣黨部今天公告金門縣議員、鄉鎮長、鄉鎮民代表及村里長4種地方公職選舉黨內參選人提名登記作業，預定8月11日至13日受理領表，8月14日至16日受理提名登記。縣黨部呼籲有志投入公共服務的黨員，把握時程完成提名登記。縣黨部指出，領表、登記的時間是每天上午10點至下午4點，地點在國民黨金門縣黨部（金門縣金城鎮民權路154號2樓）。請繼續往下閱讀...縣黨部說明，申請縣議員、鄉鎮長、鄉鎮民代表及村里長提名登記者，領表時均應持身分證或黨證辦理，有意參選縣議員、鄉鎮長者，領表時即需繳交2萬元領表登記費，且不予退還；鄉鎮民代表及村里長參選人免收費用。縣黨部強調，黨員領表得委託其他同志代辦，但須檢附委託書；每位黨員僅得領取1個選舉區之提名表件。縣黨部指出，入黨或回復黨籍須滿4個月，即2026年4月16日（含）以前完成入黨或回復黨籍，黨籍完備並依規定繳納黨費，具有黨權；恢復黨籍者須滿1年；另須繳清2022年至2025年度最高職位募款責任額。縣黨部規定，有意參選縣議員及鄉鎮長除應繳交相關證明文件，另須繳交20萬元保證金及20萬元選務作業費；鄉鎮民代表及村里長參選人免繳選務作業費及保證金。縣黨部指出，提名登記得委託他人代辦，如表件不齊全或不符規定，應於8月16日下午4點登記截止前完成補件或補正，逾時視同未完成登記。    ,https://news.ltn.com.tw/news/politics/breakingnews/5534682
蔣萬安稱疫苗資料塗黑 沈伯洋：真正蓋牌的是夏莉絲兒虐資料,政治,2026/08/10 14:28,民進黨台北市長參選人沈伯洋今（10）接受媒體人黃光芹專訪。（截自中午來開匯節目直播）民進黨台北市長參選人沈伯洋今（10）接受媒體人黃光芹專訪，關於近日慈濟疫苗問題，時任立委、現台北市長蔣萬安稱秘密會議資料塗黑、封存30年，沈伯洋聽到時表示：「還在繼續造謠，有點過分。」沈說，他還是回歸現在的事情，比較關心涉兒虐的夏莉絲托嬰中心評鑑「乙等」怎麼不見了？為什麼議員要資料要不到？更批蔣萬安現在真正塗黑、隱瞞、蓋牌的是兒虐資料，蔣現在在移轉焦點。沈伯洋表示，要參選時有去找曾參選北市長的政委陳時中，陳說很難過被造謠，並提醒沈伯洋要小心。而沈在2022年寫過智庫報告，專門在寫陳時中被抹黑、造謠的過程。沈批，蔣萬安說「要相信慈濟還是陳時中」有點混淆視聽。請繼續往下閱讀...沈伯洋也解釋，機密資料會有保密條款解釋保密原因，蔣萬安也出席秘密會議，已經了解疫苗採購困難，但他還是選擇以此作政治攻防。且資料就算被列為機密，立委依然可以看。沈伯洋閱讀當時會議記錄後說，當時蔣萬安是立委，而且在衛環委員會召委，蔣萬安有指示可以塗黑，開門出去卻說怎麼可以塗黑、怎麼可以封存，做人真的沒有必要這樣子，資料封存30年已經不知道澄清多少次，指的是「資料要留30年給大家看」，代表資料不能銷毀。黃光芹也表示，蔣萬安4年前與她約12點在震傳媒專訪，但蔣去看疫苗採購資料，因此延遲到1點才開始，並改用視訊方式，一上節目就說資料被塗黑。沈伯洋將話題轉回台北市政，說回歸現在進行式，比較關心夏莉絲「乙等」怎麼不見了、為什麼議員要資料要不到；3年來8起重大兒虐，100多個小孩受害，600多次不當對待，「我覺得這不是小數字！」而且每次都說要預防、有掌握、有處理，但就是一直一直發生，一定會有系統性的問題，家長反應會求助無門沈提到，一個月前就說要做「家長版1999」，由於現行1999資料大多是交通、衛生，夏莉絲過去被舉報13次，資料太大量，家長反應會被稀釋，所以將家長對於育兒、兒虐（通報）就獨立出來，量能與SOP都設計出來。他擔心，兒虐層出不窮，家長反應又不容易被看到，獨立出來或許可以早一點解決。同時，沈伯洋呼籲還是希望蔣萬安能夠回歸市政問題，認為健康選戰就是討論選區的問題。    ,https://news.ltn.com.tw/news/politics/breakingnews/5534673
前大林鎮代江明赫宣布參選嘉縣議員  喊競選經費支出不會超過2萬,政治,2026/08/10 14:23,前大林鎮民代表江明赫近日宣布參選嘉義縣議員。（擷取自江明赫臉書）嘉義縣年底議員選舉競爭激烈，其中第3選區（溪口鄉、大林鎮、梅山鄉）現有5席，下屆將減少1席為4席，民進黨嘉義縣黨部日前已提名由現任議員莊信宗、江志明競選連任，現任溪口鄉長孫維聰卸任後將轉戰議員，共提名3席。前大林鎮民代表江明赫近日透過臉書宣布將參選第3選區議員，而且競選經費壓在2萬以內，「少一點錢、少一點口水」，希望讓地方更好。江明赫說，4年前參選大林鎮民代表就曾說下一次想選議員，因此4年後、2026年決定參選縣議員，雖然選區更大、席次變少，仍會秉持不設大型看板、不大量印文宣、不送小物；不靠口水、不攻擊別人、不製造仇恨等方式競選。請繼續往下閱讀...他表示，若有幸當選，將把公費助理資源拿來培養溪口、大林、梅山的地方人才，讓青年返鄉不只是口號；這些年作文化、教育、房子、小旅行、萬國戲院，有任何經費上質疑，歡迎檢驗。江明赫曾是職業軍人、第21屆大林鎮民代表，過去擔任過大林國小代理教師，是大林老戲院「萬國戲院」重建發起人，長年致力於修復、保存地方老建築，目前擔任大林慢城發展協會總幹事。    ,https://news.ltn.com.tw/news/politics/breakingnews/5534672
桃市將調整里基層工作經費 六種試算方案待張善政拍板後宣布,政治,2026/08/10 14:22,桃園市人口成長且里基層工作十分繁雜。（桃園區寶民里長徐秋傑提供）桃園市人口數達235萬7121人，加上近年物價不斷飆漲，對基層里長來說，每月5萬元里基層建設經費早已不敷使用，里幹事平均負責的里數亦增加，現況可以說是「缺錢又缺人」，桃市府民政局今（10）日工作報告，多位議員對此提出質詢；桃市府表示，已擬定六種經費調整方案，將待市長張善政拍板後公布，並會持續向中央爭取里幹事員額。桃園市今年3月因應人口數分里後，全市現有529里，現行里基層工作經費每月5萬元、全年共60萬元，達3500戶的「大里」另加碼每年5萬元經費，全年共65萬元。請繼續往下閱讀...議員魏筠表示，近年物價與過去已有明顯落差，且現行里基層建設經費主要依人口作為分配指標，但各里條件差異甚大，新興與老舊社區面臨的需求不同，建議市府納入更多元分配指標。議員謝美英表示，目前大里加碼里基層經費的唯一指標是「3500戶」，卻忽略桃園各區居住型態的巨大差異，許多里因傳統居住習慣或是老舊社區型態，雖然戶數未達門檻，但實際服務的總人口數卻遠遠超過那些達標的大里，而里長每天面對與服務的對象是「人」而不是「戶」，環境清潔、弱勢關懷、災害防救、設施修繕，每一項業務的負擔都是跟著人口數在增加，這些服務人口數更龐大的里長卻拿不到加碼經費，顯然並不公平，要求市府將研擬的方案「掀底牌」，清楚說明上路時間表和預算到位。議員詹江村表示，連基本工資都在隨物價調漲了，里基層經費卻停滯，里長長年反映經費不足，導致地方事務推動困難，市長過去多次允諾檢討，希望市府能在本屆任期結束前定案。議員孫韻璇表示，里內不管是小型工程改善還是慶典活動等的支出都增加非常多，但里基層工作經費距離上次調整已3年多，新北市宣布明年要依人口級距，將經費從每年60萬元調升到70萬至118萬元不等，桃園市也應比照辦理，隨物價等指數定期檢討。民政局長劉思遠答詢表示，經查核里基層經費實際用途，多數用於公共事務改善，都是里長第一線發現並處理的需求，現已擬定經費調整方案，將待市長拍板後對外公布。副市長蘇俊賓答詢時鬆口，「試算方案有六種，具體方案已經快要定案」，原則還是以戶為單位，但對於特定超標的里別，會有另外的補助辦法。桃園區寶民里長徐秋傑表示，里基層經費除了用在里內的建設，有些里還需承租空間作為里辦公室，如果不夠只能里長自掏腰包。另，議員于北辰提到里幹事人力不足問題，桃園區今年增加3個里，但里幹事人數未同步增加，里幹事平均負責的里數增加、負擔沉重，建議市府持續向中央爭取員額，或是在總員額不變前提下，以平行調整方式將人力挹注到第一線；對此，劉思遠表示，里幹事員額受中央總員額限制，將持續爭取增額並研議內部調整。    ,https://news.ltn.com.tw/news/politics/breakingnews/5534665
九合一選舉成中共對台「成敗關鍵」 學者示警這些縣市要小心,政治,2026/08/10 14:16,中國領導人習近平。（歐新社資料照）中國展開為期2週的北戴河暑休，我方掌握，中共對台策略之一，將2026台灣九合一選舉視為中國對台工作關鍵成敗，要求務必給予在台「愛國力量」最大支持。學者示警，中共一定會介入地方選舉，利用AI深偽技術、不實謠言打擊民進黨候選人，動員台商支持特定政黨，在民進黨可能「反敗為勝」、「佔有優勢」選區進行重點介選。成功大學政治系教授王宏仁今日接受本報訪問表示，美國總統川普日前公開揭露情報，中國不只針對台灣選舉介選，對美國的選舉都有進行干預，中共在各國介選已經獲得證實，這次當然也會介入台灣年底選舉，並扶植在台協力者。請繼續往下閱讀...王宏仁指出，科技日新月異，中共會運用AI深偽軟體變造聲音、造假影片，這個在國民黨黨主席選舉，其實都可以看到中共介選的痕跡，後來鄭麗文順利當選。接下來中共會把這套模式升級化，日前已經有在偽造政治人物聲紋的影片，如果政府不法辦，這些人還會一步步用這種東西測試，「用AI技術干擾選舉、混淆候選人表達意見」。王宏仁分析，中國也會利用新媒體平台，現在有一個趨勢，台灣年輕人很少用臉書和IG了，反而較多是使用Thread。中共會在Thread上，利用網軍壓制綠色的聲音，或是佯裝是綠色的聲音，透過新社群平台影響台灣年輕人、影響政治意識形態尚未定性的青年，中國會從AI深偽技術、新媒體平台下手介入選舉。王宏仁進一步說，另一方面，中國也會依循舊有模式支持台灣特定政黨，例如承認「九二共識、一個中國」的新黨、國民黨，都是中共支持的對象。當然民眾黨、地方宮廟都是中共下手的對象，這些都是中共在今年選舉會重點加強的部分。王宏仁示警，隨著選舉接近，民進黨選情比較好的縣市，例如新北市，以及民進黨大本營台南、高雄市，可能都是中共會介選的重點縣市。中共會用造假影片、不實謠言在網路上散播，以深偽影片方式破壞參選人的形象，民進黨可能「反敗為勝」、「佔有優勢」的選區，都要嚴防中共介選。「台商、民間企業都會被用來介選！」王宏仁說，中南部縣市部分，中共通常會從台商、地方宮廟系統下手，一般民眾則是透過交流團方式帶去中國旅遊，過程之中中共就會跟團員接觸。王宏仁表示，值得注意的是，中共也會透過特定政黨的議員、泛藍企業家來接觸比較中立的民眾，讓他們對中國產生好感，並指責都是民進黨阻擋兩岸交流，在潛移默化下影響選舉。中南部40歲以下民眾、沒有那麼支持民進黨的，是中共想要拉攏改變的對象。王宏仁談及，至於台商長期在中國做生意，跟中共有所往來，通常是透過台商組織「一個拉一個」或從「小的組織」開始介紹認識，讓這些人去說服他們在南部的親友，吹噓中國這種國家計劃經濟的方式很好，也會動員鼓勵台商回台投票。對台商來講，為了保住在中國的生意或機會，都會願意返台投票，不管實際是投給誰，但只要人有回台投票，對岸都會認為你有展現某種的忠誠度。    ,https://news.ltn.com.tw/news/politics/breakingnews/5534640
修憲委員會公聽會 民團、立委、學者籲廢除山原、平原二分法「解殖」,政治,2026/08/10 13:58,立法院第11屆修憲委員會公聽會第2場10日舉行，由立委鍾佳濱主持。（記者方賓照攝）行政院上月底核定「西拉雅族」成我國第17個法定原住民族，也是立法院會去年通過之「平埔原住民族群身份法」首例；然現行憲法規範以山地、平原二分法規範原住民立委席次，遭外界質疑尚未解殖、代表性不足。為此，立院修憲委員會今召開修法公聽會，民團、學者、立委多呼籲應速修訂憲法，並持續研討原民立委選舉機制。立法院修憲委員會今（10）日召開公聽會，討論「憲法增修條文第四條第一項第二款修正案」，邀集立委、學者及民間團體代表，檢討現行原住民立委席次及選制結構。根據現行條文，立法院立法委員自第七屆（2008年）起共113人，包含我國自由地區直轄市、縣市73人，全國不分區及僑居國外國民34人，另有平地原住民、山地原住民各選出3人。請繼續往下閱讀...台灣基督長老教會牧師拉娃告．拉歌拉格說，原住民族在1990年代歷經一系列倡議及正名運動，最終才於國民大會爭取到現名；但直言當時修法未採「原住民族」的集體權概念，呼籲廢除現行「山地／平地原住民」二分法，完備原住民族權利體系。東華大學副教授陳張培倫則認為，現行憲法對山原、平原的規範是「尚未解殖」的象徵，應當廢除；然隨著原住民族數量增加，目前6席原住民立委席次恐造成各族間內耗，主張調增席次，並建議直接選舉各族代表成員、組成立院「原住民族特種委員會」後，內部再選出6席立委參與國會運作，解決選制代表性問題。在選制改革部分，民進黨立委鍾佳濱除重申支持修憲廢除山原、平原二分法，並提醒「公職人員選罷法」、「原住民族身份法」及「原住民保留地開發管理辦法」相關下位法也應速同步修訂；政大民族系系主任官大偉則建議原民立委可研議將全國劃分為「六個單一選區」，促進人口較少的小族也有機會勝選，爭取到部分名額。    ,https://news.ltn.com.tw/news/politics/breakingnews/5534642
轟翁曉玲不惜造謠也要阻撓演習！王定宇：到底是哪國立委？,政治,2026/08/10 13:53,國民黨立委翁曉玲。（資料照）中部地區「2026城鎮韌性（防空）演習」今年納入行動網路降速演練，將於今日下午2時30分登場；國民黨立委翁曉玲卻在社群發文將演習稱為「斷網」還要求政府要負起賠償責任。民進黨立委王定宇怒轟，翁曉玲到底是哪一國的立委？國防預算也擋、外交費用也砍，為了反對不惜造謠，用假錯的訊息去引起民眾的恐慌，沒有斷網說斷網，阻撓演習，唯一得利的只有中共解放軍。王定宇指出，漢光演習模擬了因為天災或軍事衝突，行動網路受損之後的上網速度降速的情形，該演習的科目中，是行動網路會給予降速，但是沒有斷網，而固定網路、Wi-Fi 維持正常運作，電話、簡訊也都如常，所有的應急方案都備妥。請繼續往下閱讀...王定宇說明，該科目是為了模擬台灣面對種種的天災或者兵禍的挑戰的時候，當行動網路受損導致降速的情形下，如何維持國家社會的正常運作。是一個非常正常，也是應該要做的演習科目，因為中國平時就在切斷我國海底電纜；地震、颱風常常也導致基地台等基礎設施受損。「如同消防演習一樣，沒有人希望有火災，沒有人希望遇到意外。」王定宇說，當平常有做好準備，能知道消防栓、逃生口在哪裡，知道怎麼樣應急，有所準備，才能夠因應最差的情形。王定宇批評，沒想到中國國民黨的不分區立委翁曉玲，竟然反對一切對台灣有助益的事情，反對到連造謠都在所不惜，她竟然公開說，這個漢光演習要斷網，如果發生什麼意外，要政府負全責。「有斷網嗎？」王定宇痛批，這麼簡單的基礎事實，不用去問相關的部會，上網Google就知道根本沒有斷網的情形，而且固定網路、Wi-Fi 也正常運作。國民黨的不分區立委如果這麼在意網路的速度，中國切斷台灣海底電纜時，怎麼沒有譴責、發聲過？王定宇怒轟，中國造成台灣實質的傷害，切斷海底電纜，翁曉玲默不吭聲；台灣的國軍很辛苦在為了國家的安全進行演習，進行相關降速的操演，卻處處刁難，甚至於用假錯訊息，用造謠的方式去刁難。「國防的預算翁曉玲也擋，外交對外宣傳、媒宣的費用翁曉玲也通通要把它刪光光！」王定宇再批，經濟也擋、國安也擋，任何對台灣的安全跟國家的利益有所幫助的，這位中國國民黨的不分區立委幾乎都要擋，現在翁曉玲為了反對不惜造謠，用假的、錯的訊息去引起民眾的恐慌，沒有斷網說斷網，明明有應變方案她都不提。王定宇強調，這種應變方案是讓台灣能夠因應天災跟兵禍的挑戰，台灣的安全會得利；而去阻撓這樣子的演習，唯一得利的將只有意圖對台灣發動軍事威脅的中共解放軍。翁曉玲這樣子的立委到底是哪一國的立委，民主國家人民是最後的裁判，一直做這種親痛仇快的事情，相信在民主的台灣，終究會付出代價。    ,https://news.ltn.com.tw/news/politics/breakingnews/5534613
行動網路降速演練今登場  行政院啟動跨部會應變中心,政治,2026/08/10 13:48,行動網路降速演練今登場，行政院啟動跨部會應變中心。（行政院提供）2026年城鎮韌性演習首度納入行動網路降速演練，10日中部地區、13日北部地區實施。行政院表示，因應首次行動網路降速演練，於台北車站聯合防災中心啟動跨部會應變中心，由政委季連成擔任指揮官，應變中心於8月10日及13日上午10時至下午4時開設，各功能應變小組機關由副首長率隊，並由熟悉業務人員進駐，以利發生狀況時即時研判及協調處置。配合「2026城鎮韌性（防空）演習」首次辦理行動網路降速演練，行政院長卓榮泰5日召開「研商城鎮韌性演習行動網路降速演練議題會議」，裁示於行動通訊網路演練期間於台北車站聯合防災中心啟動跨部會應變中心，由季連成擔任指揮官，統合中央相關部會即時掌握各領域運作情形，並與地方政府保持聯繫，在演練期間密切掌握實際運作情形，遇有突發狀況迅速處置，將可能影響降至最低。請繼續往下閱讀...季連成說明，本次是首次配合城鎮韌性（防空）演習辦理行動網路降速，相關措施涉及民眾日常通訊使用，也可能連帶影響醫療、交通、金融、民生經濟等領域服務，因此行政院特別成立跨部會應變中心，目的就是「事前做好準備、過程即時監控、狀況立即處理」。各部會除應掌握所轄業務運作情形，也要注意民眾反映及輿情資訊，任何異常狀況都要第一時間回報、迅速研判並妥適處置。應變中心除由季連成擔任指揮官，內政部次長馬士元及國家通訊傳播委員會主秘溫俊瑜擔任協同指揮官，設置新傳、幕僚參謀、內政、外交、國防、財政、經濟、交通、衛福、資通、金融及通傳等應變小組，以及後勤支援組，由各相關機關共同進駐辦理整備、監控及應處工作。應變中心於8月10日及13日上午10時至下午4時開設，各功能應變小組機關由副首長率隊，並由熟悉業務人員進駐。另為掌握地方實際情形，今（10）日跨部會應變中心並與苗栗縣、台中市、南投縣、彰化縣、雲林縣、嘉義市及嘉義縣政府保持視訊聯繫；8月13日則與基隆市、台北市、新北市、桃園市、新竹縣、新竹市及宜蘭縣政府聯繫，以利中央即時掌握地方狀況及協處需求。    ,https://news.ltn.com.tw/news/politics/breakingnews/5534647
慈濟遭詐證實陳時中沒說錯！ 綠轟蔣萬安曾開機密會議「知情還造謠」,政治,2026/08/10 13:48,民進黨南投縣長參選人温世政、立委林楚茵及黨發言人吳崢今召開「防疫跑斷腿 藍白扯後腿」記者會。（記者林正堃攝）慈濟疫情期間採購BNT疫苗遭詐10.6億元，證實時任衛福部長陳時中當年示警「慎防掮客詐騙」並非空穴來風。民進黨南投縣長參選人温世政、立委林楚茵及黨發言人吳崢今召開記者會，痛斥時任立法院衛環委員會召委、台北市長蔣萬安，明明曾召開秘密會議、對採購限制與免責條款完全知情，卻為了選舉抹黑陳時中，並主張追究誤導社會的「政治詐騙犯」。當年牽線牛津大學協助我國取得AZ疫苗的醫師温世政指出，當時台灣在中國強力阻撓下陷入採購困境，所幸一群挺台的牛津教授挺身而出，找上授權AZ疫苗生產的牛津大學，才促成AZ疫苗優先提供台灣。請繼續往下閱讀...温世政表示，所謂「政府阻擋民間採購疫苗」完全是欺騙民眾的惡意抹黑，醫界都很清楚，購買國際疫苗時，國外藥廠除簽訂採購合約外，還要求免責條款與EUA（緊急授權），這些「只有國家才能出具的」，政府出面是為了協助、促成民間採購，蔣萬安卻將其扭曲為阻擋，當年抹黑陳時中，4年後持續造謠，令人遺憾。林楚茵進一步表示，疫苗採購須遵守商業協議，政府也須擔保可能的醫療糾紛，蔣萬安曾召開秘密會議，對採購限制完全知情，卻持續對外造謠，所謂政府公文依法「保存」30年，都被講成「保密」30年，如今真相陸續還原，蔣萬安不但不道歉，還要求台北市長參選人沈伯洋退選，「不只是蔣不聽，更是蔣無賴！」吳崢指出，蔣萬安當年明知台灣採購疫苗面臨的困難，卻為了選台北市長，抹黑政府、攻擊陳時中，甚至喊出「要相信慈濟還是相信民進黨」製造對立。他說，如今事實浮現，當年為政治利益散播錯假訊息、操弄疫苗議題的「政治詐騙犯」，難道不該向國人及防疫團隊公開道歉？針對國民黨指稱政府當時未積極爭取各種疫苗進口，林楚茵痛斥，藍白事過境遷還在睜眼說瞎話，說當時疫苗不夠、擋疫苗，台灣在疫情初期就超前部署購買AZ、莫德納等疫苗，BNT來台前台灣早就有疫苗，慈濟之所以被詐騙，是不是因為藍白不斷鼓吹「政府擋疫苗」的假訊息？林楚茵痛斥，要講擋疫苗的是誰，不就是中國讓台灣無法順利拿到疫苗？藍白有去譴責中國嗎？5年多來，中國罵不得、講不得，藍白怎麼不去當中國的政協委員？身為中華民國的立法委員，卻不去譴責中國，最可惡、最可恨就是這樣的嘴臉。    ,https://news.ltn.com.tw/news/politics/breakingnews/5534644
中市府高掛「市長肖像」 海報 8百萬納稅人買單、審計處稱成效不佳,政治,2026/08/10 13:45,台中市長盧秀燕宣傳鍋烤節，相關預算遭審計部指出「未能有效反映實際轉化效益」。（記者黃旭磊攝）台中市長盧秀燕今年宣傳第4屆鍋烤節，在惠中樓等市府中庭高掛4層樓巨幅布條僅有盧秀燕肖像，審計部報告指出「未能有效反映實際轉化效益」，民進黨台中市議員陳俞融指出，台中購物節、鍋烤節宣傳成效遭審計部指出待精進，近4年宣傳盧秀燕累計達830萬，都由納稅錢買單。台中市議會今天進行定期會，由審計部台中市審計處長張漢卿報告上年度預算決算審核報告，市長盧秀燕列席聽取審核結果，台中市議員陳俞融說，購物節、鍋烤節「印有市長肖像」文宣品支出，從2023年161萬3千元，到2026年224萬元逐年墊高，包括爭議的市政大樓巨型盧市長肖像布條，全數都由市民納稅錢買單。請繼續往下閱讀...審核報告提及「未能有效反應實際轉化之經濟效益」，審計部台中審計處長張漢卿說，有一些指標，包括營業額、相關的遊客人次或消費額，是否有提升，要由相關統計數據來做檢視。陳俞融強調，市政大樓盧秀燕巨型布條費用「未另獨立編列預算」，直接併入活動實體推廣費中魚目混珠，明明大大的盧市長鍋烤節布條就掛在市府內，這難道不算是首長包裝嗎？代表盧市長個人形象包裝真實成本恐怕遠高於預算編列數字。民進黨台中市議員陳俞融指出，近4年宣傳盧秀燕累計達830萬，都由納稅錢買單。（記者黃旭磊攝）    ,https://news.ltn.com.tw/news/politics/breakingnews/5534630
匯款多按個0變4000萬隔月才發現 慈濟遭詐騙起訴書驚見神奇對話,政治,2026/08/10 13:44,慈濟採購詐騙案起訴書顯示，一名陳姓被告疑似「多按1個0」誤匯4000萬，要求另名周姓被告匯回。（圖擷取自四叉貓臉書）慈濟基金會採購疫苗遭詐騙10.6億元案持續發酵，網紅四叉貓在社群平台導讀台中地檢署的起訴書內容，赫然揭露其中一名詐騙集團陳姓被告，曾發簡訊向同姓被告自己匯款時「不小心多按了一個0」，導致原本要匯400萬元的款項直接變成4000萬元，且事隔一個月才發現。對此，知名律師林智群驚呼帳戶裡竟真的有4千萬能順利匯出，大酸「貧窮限制了我的想像」。四叉貓今（10）日在臉書發文表示，根據檢方起訴書第119頁記載，一名陳姓被告曾傳訊給另名周姓被告：「展沾～我上個月打錯了，多了一個零（5月30日才發現）」，並要求對方抽空跑一趟銀行，協助將多匯出的4000萬元匯回。請繼續往下閱讀...四叉貓指出，雖然起訴書中共有4位陳姓被告，無法精準確定該簡訊具體出自何人，但可以確定發簡訊者屬於詐騙集團一方。他忍不住調侃，「有錢就是任性，匯款不小心多按一個0，匯款400萬直接變成4000萬耶！好羨慕多按一個零還有足額能匯出去，而且少了4千萬整整過了一個月後，才發現是上個月按錯。」律師林智群稍早也發文質疑，這筆金額是4000萬元而非4000元，「這樣也可以不小心？而且帳戶裡面還真的有錢可以匯出去？而不是『餘額不足』」他也狠酸表示，「真的是『沒四千萬別匯款』。」、「貧窮限制了我的想像」。貼文曝光後引發熱烈討論，不少細心網友揪出疑點，「如果多按一個0，那應該匯回3600萬，怎麼會連原本的400萬都要匯回？」、「究竟是詐騙還是洗錢，別太早下定論」、「好像四萬般稀鬆平常」、「好羨慕可以犯這種錯誤」、「我多希望這個展沾是我」。    ,https://news.ltn.com.tw/news/politics/breakingnews/5534596
日內瓦吃米其林大餐錯過班機多花百萬公帑？ 立委王正旭：不知飛機延誤,政治,2026/08/10 13:40,日內瓦吃米其林大餐錯過班機？立委王正旭澄清是一般簡餐，也不知班機延誤。（記者江志雄攝）台灣駐瑞士日內瓦辦事處長李冠德被爆料，執意宴請王正旭等3位立委吃米其林大餐，導致3人錯過回國班機，多花了上百萬元公帑，招致外界非議。王正旭今天（10日）在宜蘭受訪時指出，當時是一般聚餐，不知道飛機延誤之事。去年WHA（世界衛生大會）期間，李冠德傳出為了宴請王正旭、王育敏、劉書彬3位立委組成的視導團，安排米其林大餐，3人因此錯過班機，花費上百萬元公帑重訂機票，事後謊稱塞車才來不及。外交部則回應，已啟動調查。請繼續往下閱讀...王正旭今天安排宜蘭考察行程，媒體詢問事發當時是否因李冠德請吃大餐，錯過回國班機？浪費百萬元公帑？王正旭回說，去年到日內瓦參訪，李冠德利用時間安排小聚餐，就是吃一般簡餐，那個時候不知道班機有延誤。王正旭強調，當時在日內瓦完成任務後，大家餐敘互相討論，曾經提及如何把台灣的力量帶到世界衛生大會，讓台灣能幫忙國際社會，我們稱為「Taiwan Can Help」，希望這個Slogan（口號）可以做得更好。    ,https://news.ltn.com.tw/news/politics/breakingnews/5534631
又是台中?繼宣傳公告出現中國國徽   城鎮韌性演習文宣也出現錯字,政治,2026/08/10 13:40,有民眾發現市府在城鎮韌性演習文宣也出現錯字。（民眾提供）台中市政府住宅處政風處日前所張貼的宣傳公告上，中央主管機關配圖竟使用「中國國徽」 ，現今在2026城鎮韌性（防空）演習文宣上，又被民眾發現到錯字，「提供周邊邊避難」，遭質疑根本是螺絲鬆了，目前市府尚未回應。日前台中市住宅處政風處宣傳認識消費者保護法，在中央主管機關配圖竟使用「中國國徽」，引發爭議。請繼續往下閱讀...由於今天是進行中部的2026城鎮韌性（防空）演習，有民眾發現，在市府的文宣上，竟又出現錯字，文宣中在大樓管委員部分，開啟地下室鐵捲門，提供「周邊邊」避難，市府真是錯誤不斷。    ,https://news.ltn.com.tw/news/politics/breakingnews/5534625
新莊川友會成立千人力挺 李四川：提升大眾運輸量能、加速塭仔圳重劃,政治,2026/08/10 13:38,國民黨新北市長參選人李四川（中間藍背心擊掌者）今出席新莊川友會成立大會，逾一千名鄉親熱情相挺。（記者黃政嘉攝）國民黨新北市長參選人李四川今天出席新莊川友會成立大會，逾一千名鄉親及近70位里長到場相挺，無黨、民眾黨市議員也出席站台，展現團結支持氣勢，李四川表示，他會全力接棒新北市長侯友宜，持續提升新莊大眾運輸量能、加速新泰塭仔圳重劃，並興建蘆社大橋，串聯AI產業廊帶，打造更便利、更有競爭力的新北市，帶動經濟產業及在地建設發展。新北市議長蔣根煌、無黨團結聯盟總召蔡錦賢、新北市議員蔡健棠、陳世軒、新北市議員參選人王珮宇今陪同李四川出席，新莊川友會會長由新莊區里長聯誼會主席、中信里里長林阿元擔任，帶領全場揮舞戰旗、高喊「凍蒜」。請繼續往下閱讀...前新莊市長許炳崑、新北市里長聯誼會總會長許承煬、新北市農會理事長林讚枝、新北市戰警協會、農會幹部、體育會、婦女會等在地團體也到場力挺，許炳崑指出，李四川過去擔任台北縣副縣長、新北市副市長期間，對新莊建設與發展投入許多，長期推動各項建設，政績有目共睹，祝福李四川高票當選。李四川致詞時，感謝在地所有鄉親、里長及不分顏色民代的支持，他承諾，未來擔任市長，將會興建大漢溪捷運縱貫線，從民生汐止線延伸到三重、新莊、塭仔圳到樹林等地，提升新莊大眾運輸量能，強化新北市交通路網，打造雙北30分鐘通勤生活圈。他表示，過去無論在台北縣或擔任新北市副市長期間，都曾與地方共同推動新莊治水、重劃、中港大排及捷運建設，他未來會全力接棒新北市長侯友宜，加速推動新泰塭仔圳重劃，並興建蘆社大橋，串聯AI高科技產業廊帶至蘆洲、五股、新莊、板橋一帶，帶動更多科技產業進駐塭仔圳，創造新莊更多更好的就業機會，讓年輕人在地就業，帶動經濟產業及在地建設發展。李四川說，他最近也去看了新莊老街，一定會讓它再造，讓老街所有的文資、店家能夠再興起，好好地來為新莊建設。新莊川友會會長林阿元（中）帶領全場揮舞戰旗、高喊「凍蒜」。（記者黃政嘉攝）國民黨新北市長參選人李四川（左5）今天出席新莊川友會成立大會，跨黨派議員出席站台，展現團結支持氣勢。（記者黃政嘉攝）國民黨新北市長參選人李四川（旗幟左4）今出席新莊川友會成立大會，逾一千名鄉親熱情相挺。（記者黃政嘉攝）    ,https://news.ltn.com.tw/news/politics/breakingnews/5534633
狀況外？NCC早說明南部網路降速演練排除 盧秀燕卻要中央說明,政治,2026/08/10 13:37,為何南部不用進行降速演習，盧秀燕說這要請教中央。（記者蘇金鳳攝）中部地區「2026城鎮韌性（防空）演習」今日（10日）（一）下午2時30分至下午3時舉辦，並首度舉辦「行動網路降速演練」，但是南部卻沒有行動網路降速演練，對此，市長盧秀燕表示，請教中央就好了。其實，早在7月21日NCC主秘溫俊瑜便指出，因為南部演習時間在早上10點，擔心屆時將影響使用手機交易股票的投資人，引發民怨，所以此次不進行降速。國防部長顧立雄也說，未來是否擴及其他地區，將依此次演練結果，再進行後續規劃。全台首次「手機降速」演習！南部為何不用？NCC揭曉原因請繼續往下閱讀...今天盧秀燕在接受媒體聯訪時，有媒體詢問為何南部沒有降速，對此，她表示，此次「2026城鎮韌性（防空）演習」，行動網路降速演練只有北部及中部，為何南部為何未納入，她不知道中央的思考是什麼。盧秀燕表示，台中市政府的工作就是把事情做好，中央在台中市演習，會協助，最重要是協助民眾，在演習期間不要受到影響，這是市府的工作，把協助中央及民眾的事，要做好。盧秀燕表示，至於南部為何不用降速，就請教中央就好了。    ,https://news.ltn.com.tw/news/politics/breakingnews/5534431
曾聖凱與林憬良成焦點 鄭朝方首談竹北市長人選「最近就有結果」,政治,2026/08/10 13:07,鄭朝方今對於昨晚貼文受訪表示，無論是陽明交通大學曾聖凱老師或是來自科技業的林憬良，都是非常優秀的人選，「最近就會有結果」！（記者廖雪茹攝）民進黨新竹縣長參選人、現任竹北市長鄭朝方昨晚在社群貼出1張3人合照，被外界視為首度曝光綠營竹北市長人選。鄭朝方今對此議題受訪證實表示，無論是陽明交通大學老師曾聖凱或是來自科技業的林憬良，都是非常優秀的人選，「最近就會有結果」！竹北市公所今天上午11點舉行西區「新庄橋」開工動土典禮。會後，媒體提問昨晚在社群脆的貼文，曾聖凱和林憬良兩位是否為民進黨即將提名的竹北市長人選？鄭朝方回應表示，在竹北，有非常多的優秀人才。「不管是我們熟悉的曾聖凱老師，或者是來自科技業的林憬良，都是非常優秀的人選。那未來呢，我們在最近就會有結果。」請繼續往下閱讀...鄭朝方也分享他眼中的2位人選特質，他說，「曾聖凱教授謙謙有禮，學經歷非常的完整，大家對他不陌生。林憬良過去則是在生醫公司擔任總經理，他家住在竹北，剛好他最近的工作有一定的成就，也有願意投入公共事務的可能。所以，未來不管是林憬良或者是曾聖凱，我相信都是非常好的人選。」藍綠新竹縣長人選確定後，誰來接棒竹北市長的議題備受矚目。國民黨和民眾黨黨中央擬採「藍白合作」模式共推竹北市長人選，民眾黨搶先推出前新竹市副市長邱臣遠跨區參選，國民黨透過激烈初選後由吳旭智勝出，但截至目前藍白黨中央尚未協調出最後人選。民進黨新竹縣黨部主委蘇仁鑑表示，目前2位竹北市長的潛在人選，預計最快週五出爐送交黨中央中常會討論，若順利，可望在下週三（19日）中常會通過後核定，屆時由黨中央宣布。    ,https://news.ltn.com.tw/news/politics/breakingnews/5534600
竹北市長綠營人選將拍板 吳旭智籲儘快確立「藍白合」機制,政治,2026/08/10 12:56,國民黨竹北市長參選人、新竹縣議員吳旭智今天發表聲明，呼籲藍白黨中央「藍白合」應確立明確且符合民意的機制，儘快定案。（記者廖雪茹攝）​民進黨竹北市長提名即將拍板定案，國民黨竹北市長參選人、新竹縣議員吳旭智今天發表聲明，表示尊重綠營程序，同時呼籲藍白黨中央「藍白合」應儘快確立明確且符合民意的機制，「加速行動、儘快定案」。吳旭智發表3點聲明，他指出，​竹北要的是實務解答，而非「政治接班」。「我們尊重民進黨內部的提名流程與人選考量。無論對手陣營最後推出的是學界或業界背景的人選，竹北市現階段最需要的，絕非單純的『政治接班』或『光環延續』，而是能深刻洞察城市發展痛點、具備實務解決方案的施政者。」請繼續往下閱讀...他於議員任內在竹北深耕8年，無論在民意監督、公共議題或地方服務上皆有實務積累，有絕對的信心與準備，成為竹北市民最好的選擇。針對各界矚目的「藍白合」，吳旭智表示，地方的態度與共識已經相當清晰。隨著領表登記在即，既然相關溝通已交由國民黨與民眾黨兩黨中央協調，他特別呼籲兩黨中央「加速行動、儘快定案」。請中央儘速透過「明確、公正且符合民意」的機制來決定人選。他強調，唯有公開透明、順應民意的合作，才是真正的藍白合，也才能凝聚最大力量，贏得廣大藍白與中間選民的認同。吳旭智也提到，「政治的本質是服務，而不是政治算計。無論對手陣營如何布局，我們都會秉持初衷、按照自己的節奏，持續深入基層傾聽每一位鄉親的心聲」。未來他會持續提出涵蓋智慧交通、優質教育、產業創新與友善宜居的具體施政藍圖，用最務實的態度與行動，贏得廣大竹北鄉親的肯定與支持。    ,https://news.ltn.com.tw/news/politics/breakingnews/5534576
中共假借白海豚颱風「交管」台海 官員批：非常可笑！,政治,2026/08/10 12:54,中共海事局6日公告宣稱，受到颱風白海豚影響，對經過台灣海峽南口北上船舶實施交通管制。（圖擷取自中國央視）中共海事局近日突發公告，宣稱受白海豚颱風影響，將對「行經台灣海峽南口北上的船舶」實施交通管制。關於中國是否真的在台灣海峽實施交管或僅是口頭宣傳？知情官員批評，中國是藉由颱風在吃台灣豆腐，聲稱對台有管轄權，這是非常可笑，真的是管太多。陸委會日前駁斥，中共假借颱風名義聲稱管制台灣相關海域，違反「聯合國海洋法公約」等國際規範；海巡署強調，中共無權在台灣海峽實施交通管制，並嚴厲譴責。請繼續往下閱讀...熟稔兩岸情勢的官員受訪表示，中國在台灣周邊海域沒有管轄權，這次趁著白海豚颱風期間，對外宣稱要對船舶實施交管，其實就是一種對台法律戰。官員批評，中國管好它們自己就好，不需要越俎代庖。中共利用天災對台灣主張有管轄權，還要管理行經台灣海峽的船隻，這些很明顯是對台步步進逼的法律戰，連颱風期間都要吃台灣豆腐。「真的是管太多！」官員強調，中國請管好自己就好，多多關心中國受災情況，不要管到我們這邊來，假借颱風名義要管制台海已經違反國際法，況且中華人民共和國根本對台灣沒有管轄權，「中國內部都管不好了，還管到我們這邊！」    ,https://news.ltn.com.tw/news/politics/breakingnews/5534578
國民黨控南海喪權辱國 林楚茵轟「造謠慣犯」：疫苗被打臉就換招！,政治,2026/08/10 12:46,身兼民進黨發言人的立委林楚茵在民進黨記者會回應媒體提問。（記者林正堃攝）菲律賓日前在南海爭議島嶼民主礁（黃岩島）劃設領海基線並遞交聯合國，國民黨質疑我國政府不聞不問、喪權辱國。對此，民進黨發言人林楚茵今痛斥，國民黨避而不談台菲早有漁業協定，在疫苗議題上被徹底拆穿假面，所以另起爐灶，根本就是造謠慣犯、假訊息製造中心。直指國民黨慣用片面資訊與網路錯假訊息動搖民眾信心，並透露台菲雙方早已簽署漁業及相關經濟協定，國民黨卻選擇隱瞞實情，根本是「造謠慣犯、假訊息製造中心」，內容往往只有地理名詞是真的。請繼續往下閱讀...身兼黨發言人的立委林楚茵表示，她在立法院外交國防委員會就曾質詢過相關議題，國民黨經常拿網路錯假訊息或一知半解的資訊誤導大眾，卻避而不談台灣與菲律賓之間早已簽署漁業協定，明定漁民在專屬經濟海域的權益，國民黨講的只是片面訊息。林楚茵示警，假訊息就是這樣製造的，「三分真七分假」來動搖大家信心；年底選舉將至，國民黨在疫苗這題已經被徹底拆穿假面，被打臉還不認帳，所以現在另起爐灶，「國民黨就是造謠慣犯、假訊息製造中心」，他們講的內容恐怕只有一分真，只有地理名詞沒錯而已。    ,https://news.ltn.com.tw/news/politics/breakingnews/5534570
農水署活動爭議 黃世杰陣營駁涉賄、批藍營議員浪費司法資源,政治,2026/08/10 12:40,黃世杰競辦強調，農水署的例行活動屬公開性質，各黨派政治人物或團隊都可出席，且過去幾場活動，現場也都看見不同黨派的民意代表與助理出席。（黃世杰競選辦公室提供）針對國民黨議員赴桃園地檢署按鈴告發涉賄，民進黨桃園市長參選人黃世杰競選辦公室新聞部主任黃宣尹回應，拒絕不實指控、浪費司法資源的參選人。黃宣尹表示，農水署的例行活動屬公開性質，各黨派政治人物或團隊都可出席，且過去幾場活動，現場也都看見不同黨派的民意代表與助理出席，甚至發放文宣品，很明顯並非是替單一候選人造勢的活動，「議員不該為了挽救選情而不實指控」。請繼續往下閱讀...他強調，農水署上週已說明這是例行活動，並非為特定人舉辦，且無論是否鄰近選舉，地方活動舉辦時，部分主辦單位都會準備伴手禮，與選舉無任何關聯。若主辦單位準備伴手禮就是賄選，那所有出席有伴手禮活動的國民黨候選人是否也涉及賄選？黃宣尹表示，部分議員為了搏取聲量，惡意抹黑所有出席地方活動的人員，把行之有年的例行公開活動，扭曲為替特定人舉辦的選舉活動，甚至還提告，如此浪費司法資源、唯恐天下不亂的作為，實在讓人唾棄，呼籲市民朋友不要隨之起舞，拒絕社會亂源。相關新聞：控農水署活動喊凍蒜、送雞蛋 藍營議員赴桃檢告發黃世杰父子涉賄    ,https://news.ltn.com.tw/news/politics/breakingnews/5534562
友邦聖文森訪問團明天抵台 總統府前下午將實施交管,政治,2026/08/10 12:39,警方公布交管範圍。（記者王冠仁翻攝）位於加勒比海地區友邦聖文森及格瑞那丁的訪問團，即將於明天抵台展開為期一週的訪問行程，為了歡迎友邦到訪，外交部將於明天下午在總統府前凱達格蘭大道舉辦迎賓活動。對此，轄區中正一分局也在今天公布相關交通管制措施，呼籲民眾行經管制路段時要遵守員警指揮疏導。中正一分局指出，為配合此次迎賓活動，總統府前凱達格蘭大道、重慶南路一段等周邊路段及府前南、北廣場，將進行交通管制，管制時間與區域分別為：請繼續往下閱讀...一、「迎賓」活動期間，實施車輛管制區域及時段：（一）第一階段：8月11日15時起管制如下：1、	凱達格蘭大道【重慶南路（含）至公園路（不含）】東、西雙向。2、	重慶南路一段【寶慶路至貴陽街（均不含）】南、北雙向，並管制重慶南路與衡陽路口北往南方向。3、	懷寧街【寶慶路至貴陽街（均不含）】南、北雙向，並管制懷寧街與衡陽路口北往南方向。（二）第二階段：115年8月11日16時15分起至18時（視狀況提早或延後），擴大管制如下：1、重慶南路一段【衡陽路至愛國西路（均不含）】南、北雙向。2、貴陽街【博愛路至公園路（均不含）】東、西雙向。3、寶慶路【博愛路（不含）至懷寧街（含）】東、西雙向。二、公有汽、機車停車格管制時段及區域：（一）管制日期、時段： 8月10日18時至8月11日18時止。（二）管制區域：貴陽街一段（重慶南路至公園路段）南、北側公有汽、機車停車格位，禁止車輛停放。警方說，因應本次活動交通管制措施，管制時間內行經相關路段之各路線公車，由台北市公共運輸處協調公車業者配合改道行駛；各項活動交通管制訊息將隨時提供警察廣播電台插播路況報導，請駕駛人隨時留意收聽，提前改道行駛並避開管制區域；另請駕駛人行經管制區域時務必提高警覺、小心駕駛，勿違規停車。    ,https://news.ltn.com.tw/news/politics/breakingnews/5534572
控農水署活動喊凍蒜、送雞蛋 藍營議員赴桃檢告發黃世杰父子涉賄,政治,2026/08/10 12:38,國民黨桃園市議員張碩芳（左1起）、詹江村、吳進昌10日由律師陪同，赴桃園地檢署按鈴告發黃世杰父子涉嫌賄選。（記者鄭淑婷攝）農業部農田水利署桃園管理處近日舉辦交流活動，遭控現場有官員為民進黨桃園市長參選人黃世杰拉票、高喊「凍蒜」，並發放高額伴手禮，國民黨桃園市議員張碩芳、吳進昌、詹江村今（10）日由律師陪同，前往桃園地檢署按鈴告發黃世杰及其現任桃園農田水利研究發展基金會董事長的父親黃金德涉嫌賄選。張碩芳表示，黃世杰近期利用農水署桃園管理處舉辦的交流活動，帶著特定人士在台上造勢並高喊凍蒜，現場發放價值近300元的雞蛋伴手禮，上頭雖是印著署長名字，但質疑此舉已涉嫌賄選，因此遞狀告發交由司法機關調查。請繼續往下閱讀...吳進昌表示，事件爆發後黃世杰競選辦公室對外宣稱，農水署桃園區管理處活動都會廣邀地方民代參加，包含國民黨立委及議員都有邀請，但他從頭查到尾並逐一詢問助理，自己根本沒受邀，很明顯農水署桃園區管理處已違反行政中立，尤其目前已收歸國有，立委涂權吉第一時間也表示根本沒受邀，服務處主任會出席是接獲農友告知才到現場，且沒有上台致詞。詹江村直言，黃世杰曾任法務部政務次長，可以說是知法犯法，其競辦宣稱活動有廣邀各政黨，但吳進昌今日的說法已「打臉」黃陣營，也看到當天桃園分處長在台上狂酸現任市長張善政，很顯然就是在幫黃造勢還大喊當選。他強調，儘管目前尚未正式登記，但依過去多項司法判例，即使是前1年的行為，只要足以影響後續投票，都已構成賄選，更何況黃世杰已獲黨內提名。相關新聞：農水署活動爭議 黃世杰陣營駁涉賄、批藍營議員浪費司法資源    ,https://news.ltn.com.tw/news/politics/breakingnews/5534550
楊文科4年17趟赴外考察 一覽表看這裡,政治,2026/08/10 12:22,台灣前進陣線4名在新竹縣參選的女將林裙靜（左起依序）、張育慈、洪瑞瑾、以及李雅芬，把縣長楊文科4年飛17趟的行程扒個底朝天般透明。（記者黃美珠攝）「台灣前進陣線」新竹縣議員參選人張育慈、李雅芬、林裙靜以及小民參政歐巴桑聯盟竹北市代參選人洪瑞瑾4人統計，國民黨新竹縣長楊文科從2023年4月過後，迄今已連續17次飛出國，其中2025年就多達7次，8到10月份期間更是月月飛，92天有24天都在外「沒顧家」，24天中有19天的赴外經費來源不明，剩下的5天則標示「公假差旅」。張育慈把楊文科第2任期間17趟赴外的時間、地點、赴外天數、經費來源，以及他們檢視楊文科出訪前、後所提的出訪說法、成果報告、或相關媒體報導，做出楊文科的赴外考察到底是「實質」、「混合」、還是「高風險」如下。請繼續往下閱讀...第1趟｜2023/04｜日本宮崎｜4天｜混合｜經費未明。第2趟｜2023/06｜京都、神戶｜5天｜高風險｜新聞稱自費。第3趟｜2024/03｜馬來西亞沙巴｜5天｜混合｜經費未明。第4趟｜2024/05｜東京、日光、滋賀｜6天｜高風險｜經費未明。第5趟｜2024/08｜日本高知｜5天｜混合｜經費未明。第6趟｜2024/09｜英國、奧地利、捷克｜13天｜實質｜經費未明。第7趟｜2024/10｜西班牙、突尼西亞、義大利、法國｜17天｜混合｜經費未明。第8趟｜2025/02｜中國汕尾｜5天｜高風險｜公假自費。第9趟｜2025/03｜日本大阪｜5天｜實質｜經費未明。第10趟｜2025/03｜東京、京都｜5天｜高風險｜經費未明。第11趟｜2025/06｜法國、瑞士、德國｜16天｜混合｜經費未明。第12趟｜2025/08｜新加坡｜6天｜實質｜經費未明。第13趟｜2025/09｜奧地利、匈牙利、斯洛伐克、捷克｜13天｜混合｜經費未明。第14趟｜2025/10｜中國蘇州｜5天｜實質｜公假差旅。第15趟｜2026/04｜鳥取、姬路、東京｜8天｜實質｜經費未明。第16趟｜2026/07｜汕尾、西安、天津｜7天｜高風險｜公假自費。第17趟｜2026/ 08/09到08/22｜巴西、葡萄牙｜14天｜高風險待查｜經費待公開。前述17趟行程，有5趟被台灣前進列為高風險行程，首先是2023年6月去京都和神戶，新聞曝出核心是高爾夫與聚餐，找不到正式報告與政策成果。再來是2024年5月6天東京、日光、滋賀行中，有江戶村、中禪寺湖等，景點密集，政策建議偏空泛。接著2025年2月公假自費去中國汕尾，宗祠與祖籍行程占主軸。第4個是去年3月東京京都懇親活動，有大量美術館、寺社與景點，正式交流薄弱。最後就是今年7月去中國汕尾、西安、以及天津，把祭祖、文化活動跟論壇混合，官方拜會說法矛盾。    ,https://news.ltn.com.tw/news/politics/breakingnews/5534544
赴中失聯、遭拘押累計415人！官員：17名一貫道仍被關在中國,政治,2026/08/10 12:17,陸委會最新統計，截至8月7日止，國人赴中失聯、遭留置盤查或關押，累計415人。（圖擷取自陸委會臉書）陸委會最新統計，截至8月7日止，國人赴中失聯、遭留置盤查或關押，累計415人，與上一次公布相比增加2人，新增1人失聯、1人遭限制人身自由；官員強調，有23人是因宗教因素被抓，目前仍有17名一貫道被關在中國。據統計，自2024年1月至今年8月7日止，赴中失聯158人、遭留置盤查33人，遭中方關押224人；海基會上週披露，一名在中國任教超過10年的台灣籍老師，今年5月底遭公安帶走，至今已被拘近80天，推估因為一貫道等宗教因素被列為國安案件。請繼續往下閱讀...熟稔兩岸情勢的官員受訪指出，中共不斷逮捕台灣一貫道信眾，在統計案例當中，有23人是因為宗教因素被抓，20人是一貫道道親，3人是其他宗教教派，截至目前為止，僅3人回到台灣，仍被關在中國的一貫道道親有17人。官員談及，陸委會有去拜會一貫道總會，一貫道的領導人、各分會理事長，都了解到一貫道在中國傳教遭到迫害的問題。不管是一貫道世界總會或全國總會，都有透過他們的組織系統通知道親，「現階段不宜到中國大陸傳教」。不過，官員提到，有些一貫道道親具有冒險、捨身傳教的精神，仍然要去中國，確實人身風險是比較大的。事實上，一貫道在台灣是相當重要的宗教團體，僅次於佛教和道教，在海外、台灣都做了很多公益慈善事業，也是守護台灣的良善力量，卻不見容於中國。官員批評，一貫道傳教是在講四書五經，那些都是中華文化最經典的精神傳授，但中共卻將其視為邪教，不允許一貫道在中國發展，可見中共邪惡本質和好的宗教是無法相容。台灣是自由、民主的法治社會，人民享有宗教自由，可以自由傳教，但中國卻不是。他強調，中國會用各種法律程序不讓人回來，有的被調查中，有些還在走法律程序。如果中共當局認為不能傳教，大可把人驅逐出境就好，不應該用法律判刑關押，一貫道傳教是循規蹈矩，中共不應該用惡法懲罰台灣民眾。    ,https://news.ltn.com.tw/news/politics/breakingnews/5534546
翁曉玲竟把網路降速演習喊成「斷網」 陳培瑜酸：應該認得字,政治,2026/08/10 12:07,民進黨團副幹事長陳培瑜。（資料照）中部地區「2026城鎮韌性（防空）演習」將於今日下午2時30分登場，本次演習首度納入「行動網路降速演練」；國民黨立委翁曉玲卻在社群發文將演習稱為「斷網」並要求政府要負起賠償或補償責任。民進黨團副幹事長陳培瑜直言，翁曉玲應該認得字，行政院通告是「行動網路降速演練」，而非斷網，如果翁曉玲委員看不懂，可以再三地閱讀。民進黨團幹事長莊瑞雄指出，翁曉玲把這次演練說成「斷網」，若未來真的有斷網演習也不需要特別排斥，包含漢光演習或其他演習，國人同胞不要將其視為「煙火秀」，任何演習都是未雨綢繆。目前只是網路降速，但有一天若真正發生戰爭時，確實可能面臨斷網。請繼續往下閱讀...他強調，演習越逼真對人民，生活作息影響也越大，但既然是對未來狀況的演練，相信民眾能夠體諒、共同配合。不要說降速，戰爭發生的時候連網路都沒得使用，相信民眾能夠體諒。陳培瑜直言，翁曉玲應該認得字、應該會閱讀，應認得行政院這次發布的通告是「行動網路降速演練」，在重大災害發生時，演練如何調度有限的網路資源，優先保障軍方、救災單位及政府關鍵基礎設施使用網路。她進一步說明，一般民眾在演練期間連線觀看影片、使用社群網路或進行網路購物時，在演練當下可能因頻寬受到限制，手機訊號雖然滿格，但網頁可能會「轉轉轉可能轉不動」的情況，這個不叫做斷網，而是頻寬受到限制。「請翁曉玲看清楚說明。」陳培瑜表示，相信台中市政府或中部地區縣市政府都有收到相關說明及公文，如果翁曉玲委員看不懂，可以請她再三地閱讀。此外，陳培瑜也痛批，這次網路降速演練，國民黨立委屢次發出荒謬言論，甚至號稱是資訊專家的國民黨立委葛如鈞更聲稱演練會對民眾造成相當多干擾。她質疑，過去台灣屢次發生海底纜線斷線、遭中國破壞時，為何沒有看到國民黨立委站出來替台灣民眾說話？甚至金門、馬祖的兩名國民黨立委，也從未針對相關議題譴責中國政府。陳培瑜呼籲，翁曉玲是台灣的委員，請為台灣人民說話，請把網路降速演練內容看清楚、搞清楚，若要實質監督，請就事實做說明，這才是負責任立法委員該做的事情、該說的話。    ,https://news.ltn.com.tw/news/politics/breakingnews/5534520
駐日內瓦處長被爆濫用公帑、酒駕、霸凌！莊瑞雄轟：若屬實要「砍頭」了,政治,2026/08/10 12:03,民進黨團幹事長莊瑞雄、副幹事長陳培瑜。（記者方賓照攝）駐瑞士台北文化經濟代表團日內瓦辦事處長李冠德被爆料涉職場霸凌、酒駕、濫用公帑、報假帳等，更在去年王育敏等3名立委視導團赴WHA世界衛生大會時，堅持宴請立委米其林大餐，致3人錯過班機，花費上百萬元公帑重訂機票。民進黨團幹事長莊瑞雄今聽聞後驚呼荒唐，並強調若調查後相關爆料屬實，這怎麼還叫做外交官？都要砍頭了，支持外交部嚴查徹辦。莊瑞雄直呼：「這個荒唐啊！」如果傳聞屬實，到底適不適任？都要去調查清楚，浪費公帑、浮報又涉及到職場的霸凌，開什麼玩笑？駐外人員對於任何國家來看，都是素質最高的公務人員。請繼續往下閱讀...莊瑞雄質疑，立委出訪就要安排到米其林，不知道瑞士的米其林會不會特別貴？有需要立委去就一定要吃米其林嗎？重點是辦外交的人是如何在國外站在台灣立場，讓他國看見台灣並建立更深厚的友誼，但這樣的行徑說可以辦很好的外交？這個他都非常懷疑。「民進黨團支持外交部徹查，給國人明確的交代！」莊瑞雄強調，如果真的有像媒體所寫這麼多惡行惡狀的話，這怎麼還叫做外交官？這個都要砍頭了。重點是整個事情要調查清楚，勿枉勿縱，但常常檢舉的事情未必會符合事實，支持外交部嚴查徹辦。    ,https://news.ltn.com.tw/news/politics/breakingnews/5534489
網媒民調僅領先1.64％  賴瑞隆：尊重網媒特殊調查方式,政治,2026/08/10 11:58,網媒民調僅領先1.64%，賴瑞隆強調，尊重網媒特殊調查方式。（記者王榮祥攝）「鉅聞天下新聞網」公布高雄市長民調，賴瑞隆47.48%、柯志恩46.14%，兩人僅差1.64%；賴瑞隆強調具公信力的民調部分，整個領先幅度維持穩定，網路民調確實有它特殊的調查方式，這部分都充分尊重。針對外界分析選情緊繃？賴瑞隆表示，對團隊來說，每次選舉都必須戰戰兢兢、謹慎小心地爭取人民的支持；所以這段時間也持續加強後援會的成立，包括農田水利後援會，把全高雄所有的農會、漁會，還有水利會全部找出來，44個團體全部成立後援會。請繼續往下閱讀...另包括宗教後援會，宗教各界領袖全部站出來；包括勞工後援會，勞工領袖也全部站出來，昨天也再次成立包括寵物後援會、獅子會後援會，會持續成立後援會，持續爭取人民的支持。賴瑞隆說，以自己過去10年市府經驗、10年議會表現都得到民眾肯定，很有信心在年底能夠全力爭取到市民的信任跟支持，來延續陳其邁市長的優異政績，延續高雄的觀光發展，讓高雄邁向下一個黃金10年。    ,https://news.ltn.com.tw/news/politics/breakingnews/5534507
江啟臣公布台中親子味13政策   上任後將結合產官學成立婦幼發展委員會,政治,2026/08/10 11:55,江啟臣召開台中親子味政策發佈記者會，提出13項友善親子及生育的政策。（記者歐素美攝）國民黨立法院副院長、台中市長參選人江啟臣，今天召開台中親子味政策發佈記者會，強調「育兒友善再升級，幸福生育向前行」，提出結合產官學成立婦幼發展委員會、增設袋鼠車公共自行車、加碼補助公托、新手爸媽心理諮商、疫苗及凍卵等補助13項政策，希望透過減輕整體家庭負擔的政策措施，提升生育率。江啟臣今天會同競選團隊副主委暨立委王育敏、台中市議員張廖乃綸及台中市議員參選人許育璿、吳宗學等召開記者會。江啟臣表示，許多國家都面臨生育率的問題，少子化影響國安及城市發展，尤其台灣過去10年來人口急遽下降，生育率下跌，今年生育率狀況不佳，面臨新生兒保10萬人的大關，希望未來民眾能因為育兒、教育及孩子的成長等留在台中繼續發展圓夢。請繼續往下閱讀...江啟臣說，過去生育率全世界墊底的韓國，過去20個月呈現正成長，現在變成台灣墊底，因此，如何改善生育率，在城市治理上非常重要，包括政策上的配套，更重要的是減輕家庭及父母的負擔，不管是經濟上、心理上或育兒上的負擔，育兒的彈性及配套，乃至購屋優惠等。江啟臣提出13項政策，包括結合產官學、跨局處成立婦幼發展委員會，由市長主持，解決親子等問題；育嬰留停給付目標，從現有80%提升至100%；加碼補助公托補助；預約臨托APP；新手爸媽心理諮商各3次；月嫂到宅服務加碼到40小時；補助媽媽RSV疫苗；擴大補助腸病毒疫苗；補助卵巢AMH健康檢測，擴大凍卵補助；全面推動親子小白宮，嬰幼盥洗更方便；免費4小時，親子停車更友善；以及試點試辦增設袋鼠車公共自行車，讓親子外出，但以安全第一為考量。張廖乃綸、許育璿、吳宗學等人也現場分享這政策對家長的幫助，吳宗學說，有了預約臨托APP，結婚紀念日就可以預約臨托，讓夫妻共享3小時的燭光晚餐，是很幸福的事。江啟臣表示，擔任市長後試點試辦，增設袋鼠車公共自行車，方便親子騎行。（記者歐素美攝）江啟臣召開台中親子味政策發佈記者會，強調「育兒友善再升級，幸福生育向前行」。（記者歐素美攝）    ,https://news.ltn.com.tw/news/politics/breakingnews/5534454
長崎原爆紀念儀式「矮化台灣」 國民黨肯定李逸洋拒出席,政治,2026/08/10 11:54,牛煦庭表示，外交體系人員對遭到矮化的行為站出來表達不平，「我們當然願意肯定」，但處理必須精準、清楚，層級也要正確。（記者王藝菘攝）日本長崎市九日舉行原爆和平祈念儀式，駐日代表李逸洋不滿長崎市政府持續將台灣代表安排在使節團區域之外，刻意矮化台灣地位，決定不出席。對此，身兼國民黨發言人的立委牛煦庭表示，外交體系人員對遭到矮化的行為站出來表達不平，「我們當然願意肯定」，但處理必須精準、清楚，層級也要正確。牛煦庭認為，既然要抗議，就應清楚向國際社會表達我方不應遭到矮化；若無法取得明確說法、說明及彼此諒解，「那不用參加，其實也是沒有關係的」。請繼續往下閱讀...牛煦庭並強調，國際外交「是很無情的、是很現實的、是會依據時事做調整的」，不應將外交上的短期紅利或表面功夫作為對內宣傳或政治化處理。他表示，「國防跟外交都是嚴肅的題目」，社會應該理性、冷靜判斷國際現實，而不要被政治意識形態與宣傳話術所綁架。此外，我國駐日內瓦辦事處處長李冠德遭爆料涉嫌濫用公帑、報假帳、職場霸凌，並曾在瑞士酒駕、超速。外交部表示，已針對霸凌案正式啟動調查程序，其他檢舉事項則將由各相關單位查證依法辦理。對此，牛煦庭表示，日內瓦辦事處相關爆料涉及公帑使用、職場霸凌及管理等問題，要求外交部立即啟動調查程序，並明確提出調查時間表，「不要意圖船過水無痕」，若查有違法濫權、違反紀律之實，必須從嚴處分。    ,https://news.ltn.com.tw/news/politics/breakingnews/5534486
菲國劃設民主礁領海基線 國民黨：外交部不應沉默,政治,2026/08/10 11:51,菲律賓在南海爭議島嶼民主礁（中稱黃岩島，菲稱馬辛洛克灘）劃設領海基線，國民黨今（10）日召開記者會，喊話外交部不應沉默，積極從中華民國立場主張權利。（記者王藝菘攝）菲律賓在南海爭議島嶼民主礁（中稱黃岩島，菲稱馬辛洛克灘）劃設領海基線並在日前將之遞交給聯合國祕書處，國民黨日前批評政府不聞不問、噤聲不語，喪權辱國莫此為甚。國民黨今（10）日再召開記者會，喊話外交部不應沉默，積極從中華民國立場主張權利。國民黨發言人、立委牛煦庭指出，外交部沒有主動交涉、照會或採取更強力的動作，只是透過媒體提問表示「協商不應排除台灣」。他強調，「不會因為你不講話，問題就不存在；不會因為你把頭埋在土裡，事情就沒發生」，如果中華民國不積極主張自身權利，只會讓國家利益與主權聲索「雪上加霜」。請繼續往下閱讀...牛煦庭指出，菲律賓近期直接在民主礁周圍劃設領海基線，從外交及主權角度而言，對中華民國都是非常重大的事情。如果對相關主權及延伸的經濟利益都不積極聲索，「對於外交上來講是一個重大而且負面的打擊」，因此要求外交部嚴肅以對。牛煦庭表示，國民黨執政時期，對南海諸島主權的立場非常堅定，該做的動作也做了。2016年面對南海仲裁案，太平島是否具有島嶼資格，將影響中華民國主權聲索的正當性，時任總統馬英九在卸任前親自登上太平島宣示主權，也明示太平島完全具有島嶼資格。他認為，這樣對主權的強力宣示，在民進黨政府上台之後就再也沒有看到。牛煦庭進一步指出，日前菲律賓與日本啟動專屬經濟海域（EEZ）及大陸礁層劃界談判，「完全理所當然地跳過台灣、跳過中華民國」，外交部第一時間竟予以肯定，「你完全沒有被納入談判、沒有被納入交涉，還予以肯定」，直到在野黨質疑後，才逐漸出現已提出交涉等說法。他表示，時隔不久，菲律賓又在黃岩島自行劃設領海基線，外交部卻沒有主動交涉、照會或採取更強力的動作。牛煦庭質疑，民進黨長期宣稱與日本、菲律賓是堅實盟友，「如果是堅定的盟友，不就應該要事前商量、共同主張嗎？這才是盟友應該有的行為吧。」面對涉及中華民國國家利益與主權聲索的問題，更不能因此揚棄基本立場。牛煦庭強調，如果對黃岩島相關問題仍沒有積極動作及正式照會，「恐怕就會再一次陷入禁反言原則跟默認事實」的困境，外交部應該三思。他並指出，在南海及海域相關議題上，如果不積極從中華民國立場主張權利，就會再一次的創造被主張的困境。「你越不說，中國大陸就越有機會乘虛而入」，這對中華民國國家利益及主權聲索只會雪上加霜。中華戰略學會資深研究員張競則從國際法與外交實務說明，國際社會面對主權爭議時，若任由相關主張逐漸成為既成事實，可能涉及「禁反言」問題。他指出，其中包括因保持沉默所產生的效果，以及默示、默認甚至接受相關安排等不同情形，因此「面對黃岩島這個事情，我們絕對不能保持沉默」，否則未來連重新提出主張與抗議的空間都可能受到影響。張競指出，菲律賓2024年11月由總統小馬可仕簽署相關法案，今年7月29日再向聯合國主管海洋事務單位提出相關海圖；依菲律賓外交部新聞稿，其採取正常基線方式劃設。他表示，菲律賓並沒有任何法律或憲法正式律定黃岩島及南海各島礁如何劃設領海基線，因此相關海圖是在缺乏相應依據下繪製並送交聯合國。他並強調，聯合國收到相關文件，「並不構成聯合國接受」該國主張。張競表示，中華民國過去處理類似主權問題時，外交部會透過正式外交照會、召見對方代表等方式表達立場。他強調，「你被動地回答跟主動地宣示，兩者的效率不可同日而語」，認為政府面對此次黃岩島問題，不應僅止於回應媒體詢問。    ,https://news.ltn.com.tw/news/politics/breakingnews/5534475
蔣萬安當不成「太陽」反而變「黑洞」？  她點名藍白三縣市頻繁失血,政治,2026/08/10 11:48,吳靜怡點出目前國民黨最大的問題，就是全黨的聲量都被蔣萬安吸走了，她認為蔣萬安現在不是國民黨的「太陽」，而是「聲量黑洞」。（記者田裕華攝）台北市長蔣萬安自從7月底號召「反毒油」活動開始，頻頻搶佔媒體版面，名嘴吳靜怡（Grace Woo）對此點出目前國民黨最大的問題，就是全黨的聲量都被蔣萬安吸走了，蔣萬安現在不是國民黨的「太陽」，而是「聲量黑洞」。吳靜怡表示，國民黨全黨聲量都被蔣萬安吸走，卻沒有轉化成地方候選人的政治紅利，蔣萬安7月從毒油、凱道，到要求卓榮泰下台、拋出倒閣，8月又把戰場拉回疫情與疫苗，幾乎每隔幾天就創造一次全國性政治衝突，網路聲量極高，國民黨新聞一直都是蔣萬安，但選舉不是只有蔣萬安要選，真正的太陽要照亮全黨，而不是讓所有人站到他的陰影裡。請繼續往下閱讀...吳靜怡舉例，蔣萬安7月17日宣布上凱道後，網路聲量遠遠高過韓國瑜和盧秀燕，但實際上蔣萬安負面聲量同步爆量，中間選民和綠營對他「市政沒做完就先上街造勢」、「颱風假決策爭議」以及「政治操作過頭」的反彈極其強烈；蔣萬安越過黨中央鄭麗文體系也是問題，雖然鞏固自身基本盤，但這也讓其他要角無所適從，逼得盧秀燕陣營不得不提前宣布啟動2028競選辦公室來進行防禦。吳靜怡提到，到了8月上旬，蔣萬安的平均熱度已比前一週掉了五成，他很會把事件變成自己的舞台，卻還沒有證據證明這些舞台能把中間選民、地方選票一起帶回國民黨，這證明了「蔣萬安就是假的馬英九」。吳靜怡指出，「蔣萬安效應」造成的後果，最可怕不是黨內未來總統人選的角力，而是非六都地方選區的集體失血，地方選舉真正需要的是候選人知名度、地方議題、組織整合與中央黨部持續造勢，這讓國民黨中央十分尷尬，到底誰才是全國選戰的總指揮？吳靜怡觀察，國民黨2026年地方選戰在六都部分看似穩固，但關鍵的中南部與東部縣市，早已警訊大作，彰化縣魏平政、嘉義市張啓楷、宜蘭縣吳宗憲反而聲量更加低落。吳認為，艱困選區的參選人最需要的就是黨中央的全國性媒體資源挹注、政策話題關照，以及吸引中間選民的理性氣氛，但多虧蔣萬安，讓國民黨更顯得像是民眾黨一樣，充滿藍綠對決的仇恨氛圍。吳靜怡提到，國民黨地方選舉也須警惕「領袖聲量私有化」、地方候選人注意力缺乏社會化等關鍵，蔣萬安雖然取得黨內共主感，盧秀燕卻花20多天共同承擔毒油議題；彰化魏平政與嘉義張啓楷的聲量仍被淹沒，宜蘭沒有出現蔣萬安有效轉成吳宗憲的新增支持。吳靜怡斷言：「國民黨跟著蔣萬安走，簡直提早耗費資源，白忙一場。」至於近期發生的疫苗詐騙事件，吳靜怡認為，隨著吳子嘉相關毀謗刑事案件判刑確定，這代表2026重播疫苗敘事時，部分舊說法現在已有新的司法結果可供核對，不再是2022那種資訊尚未沉澱的戰場。吳靜怡表示，8月上旬疫苗議題重返新聞後，8月7日陳時中網路熱度高於蔣萬安，重炒疫苗不是單向替蔣加分，也可能重新提供陳時中一次「後疫情歷史驗證」的辯論入口。吳靜怡指出，若從經濟層面觀察「後疫情治理」，台灣2020、2021仍維持正的實質經濟成長，2021尤其強勁，這反而對民進黨會是加分，因，2026再打疫苗議題的風險存在於藍營，它會重新開啟整套歷史證據，而不只是重新播放2022的政治廣告。    ,https://news.ltn.com.tw/news/politics/breakingnews/5534393
吳秀華家族農路開發案台東農業處長收押 文化處副處長羅淑圓代理,政治,2026/08/10 11:40,羅淑圓代理農業處長。（擷取自羅淑圓臉書）台東吳秀華家族「東映」農路開發案引起外界爭議不斷，台東縣府農業處長許家豪遭羈押禁見，縣府宣布，羅淑圓自今日10日起代理農業處處長職務。由於農業處在東映渡假村對外開設農路，被檢調認為是經過吳家示意開出的「超規格農路」，經手人員及農業處長許家豪皆被調查，經過2次抗告、開了第3次羈押庭，許家豪最終還是遭到羈押，同樣被羈押的還有前科長蔡明翰。請繼續往下閱讀...法官認定，蔡有相當理由認被告有勾串共犯或證人之虞，許家豪部分則是有湮滅證據、勾串共犯或證人之虞，且此項風險無從僅命令被告不得與其他同案或潛在被告，相關證人接觸來加以排除堪認應有羈押被告，並禁止接見及通信之必要。2人全被羈押禁見。台東縣府目前派出的「救火隊」則是羅淑圓，羅淑圓現任台東縣政府文化處副處長，並曾任多個局處要職，歷練建設、觀光、文化、農業等局處副手。    ,https://news.ltn.com.tw/news/politics/breakingnews/5534470
原博館選址三鶯改到高雄  李四川批：蘇巧慧當年稱鬧劇、應該講清楚,政治,2026/08/10 11:40,新北藍營持續質疑原定落腳三鶯地區的國立原住民族博物館被民進黨政府改址高雄，民進黨新北市長參選人、立委蘇巧慧卻沒作為；國民黨新北市長參選人李四川（麥克風前）說，蘇巧慧當年講說這是鬧劇，但最近她又講說三鶯地區已經有美術館，應該講清楚。（記者黃政嘉攝）新北藍營近日持續質疑原定落腳三鶯地區的國立原住民族博物館被民進黨政府改址高雄，民進黨新北市長參選人、立委蘇巧慧卻沒作為；國民黨新北市長參選人李四川今受訪表示，蘇巧慧當年講說這是鬧劇，但最近她又講說三鶯地區已經有美術館，所以國民黨黨團議員才要問她，應該講清楚。李四川今天出席新莊川友會成立大會前受訪，關於國民黨新北市原住民議員參選人今辦記者會，針對國立原博館選址議題，批評蘇巧慧「昨日說鬧劇，今日就忘記」，李四川表示，日前國民黨黨團議員所提出來的是，因為原博館在2015年，中央已經確定在新北的三鶯地區，民進黨上台後，卻把它改到高雄，黨團議員當然在質疑，蘇巧慧當初是在地的立委，為什麼沒有為新北來討公道？請繼續往下閱讀...李四川指出，蘇巧慧當年講說這是鬧劇，但最近她又講說三鶯地區已經有美術館，所以黨團議員才要問她，應該講清楚，中間隔了這麼多年，而且說實在她也號稱是原住民的媳婦，她爸爸蘇貞昌後來也當了行政院院長，為什麼不幫新北討個公道？為什麼不把原博館按原來選定的三鶯地區做興建？這個有必要請蘇巧慧好好的說清楚。    ,https://news.ltn.com.tw/news/politics/breakingnews/5534469
應世界台灣客家聯合總會長邀請 楊文科今晚啟程赴巴西,政治,2026/08/10 11:39,新竹縣長楊文科強調新竹縣是客家大縣，巴西又是客家海外發展的重要據點，所以應邀飛赴巴西參加懇親大會。（記者黃美珠攝）新竹縣長楊文科今晚飛巴西前，為免被敵對政黨嘲諷是在「畢業旅行」，早早就在7月30日透過縣府新聞稿預先「消毒」，強調此行，是應世界台灣客家聯合總會長邱榮光、名譽總會長陳石山的當面邀請，才答應在8月12日到14日前往巴西聖保羅，出席「2026世界台灣客家懇親大會」，就連外交部、客委會等，也將一起參與懇親大會主活動、「客家緣樓」參訪剪綵。針對今天「台灣前進陣線」新竹縣議員參選人張育慈、李雅芬、林裙靜以及小民參政歐巴桑聯盟竹北市代參選人洪瑞瑾的公開嗆聲質疑，縣府表示，巴西之行是受「世界台灣客家聯合總會」、「巴西客屬崇正總會」以及「全球台灣客家聯合總會」之邀，將與外交部、客委會及國內外客屬社團共同參加「2026世界台灣客家懇親大會」，推動台灣客家文化走向國際。請繼續往下閱讀...另因新竹縣是台灣重要科技產業基地，巴西後轉赴葡萄牙意在考察當地的新創產業基地，將拜會里斯本南灣市政府交流相關議題。楊文科7月底則曾說，邱榮光肯定他和縣府團隊近年深耕客家文化、復振客語、促進國際交流上的成就，才會邀請、促成他率團出席今年的世界台灣客家懇親大會。先前「2025全球台灣客家聯合總會新任總會長交接典禮暨懇親大會」在新竹縣舉行，全球5大洲會長齊聚，他們對新竹縣推動客語教育、文化活動、經濟產業與國際交流的成果留下深刻印象，而巴西是海外客家發展重要據點，他才安排出訪。新竹縣府表示，竹縣是台灣重要科技產業基地，縣長楊文科將赴葡萄牙參訪當地新創產業基地，並拜會里斯本南灣市政府交流相關議題。（記者黃美珠攝）新竹縣府表示，竹縣是台灣重要科技產業基地，縣長楊文科將赴葡萄牙參訪當地新創產業基地，並拜會里斯本南灣市政府交流相關議題。圖為新竹縣AI智慧園區。（記者黃美珠攝）    ,https://news.ltn.com.tw/news/politics/breakingnews/5534445
江啟臣稱5次投票「哪有一次輸過」 綠營人士秒打臉：你輸過喔,政治,2026/08/10 11:39,國民黨台中市長參選人江啟臣（左2）找台中藍委黃健豪（右2）擔任競選團隊副主委加大參選力道。（記者黃旭磊攝）國民黨台中市長參選人江啟臣在台灣大道設置「台中市政加速器」，由台中藍委廖偉翔擔任工作站發言人、黃健豪擔任團隊副主委加大參選力道，選民發現，江啟臣受訪露笑自稱「5次大型投票，有哪一次輸過？」，相關發言遭綠營人士打臉稱「你有輸過喔」，何欣純才是「不敗女王」。江啟臣日前受訪稱「我選了4屆民意代表，還經歷過1次罷免投票，5次大型投票我有哪一次輸過？」相關發言引發澄清醫院胸腔外科主任杜承哲醫師等民眾不滿，杜承哲狠批「囂張的要死」，綠營人士立即回覆稱2021年競選國民黨主席，江啟臣就輸給朱立倫，「當時排到第三，還輸給孫文學校總校長張亞中」。請繼續往下閱讀...江啟臣在訪問提及「5次大型投票，我有哪一次輸過？」對比何欣純在綠營選舉不敗紀錄，楊姓選民不滿稱，江講話透露出來氣息跟動作，好像電視上的奸臣。民進黨台中市長參選人何欣純團隊指出，何欣純從2002年轉入民進黨後，連任3屆台中縣、市議員，全數勝選，2012年立委補選勝選，隨後順利連任立委，達成立委4連霸，並在2020年創下全國立委最高票紀錄，締造長期不敗基層實力，在綠營期間維持「不敗紀錄」。    ,https://news.ltn.com.tw/news/politics/breakingnews/5534391
應佳妤競總成立 韓國瑜送花籃「高票當選」、蔣萬安祝「圓滿成功」,政治,2026/08/10 11:27,應佳妤。（記者董冠怡攝）台北市議員應曉薇女兒應佳妤以無黨籍「代母出征」接棒參選中正、萬華區的市議員，今天於南海路舉行總部成立茶會，至少有30多名鄉親到場力挺，有更多支持者礙於空間限制，未能擠進活動現場，與會來賓包含前衛生署長楊志良、「韓家軍」中華神龍車隊、新黨籍本屆落選人張榮法等人，門口另擺放署名立法院長韓國瑜的「高票當選」、「台北市長蔣萬安」的「圓滿成功」以及不少藍委的花籃。應佳妤甜美嗓音致詞表示，今天站在這裡唯有「感恩」二字，週一上班日還撥空到場相挺，大家參與的不只是一場活動，而是用行動支持年輕世代，讓她非常感動，也展現中正、萬華可以有一個不一樣的未來。很多人問她為何要選議員，好好的、過輕鬆的日子不好嗎？甚至還有這麼多的是非，可能會受傷。請繼續往下閱讀...她說，從小在中正、萬華長大，過去幾年在國外唸書，學成歸國後發現，不管走了多遠，內心始終掛念著中正、萬華，更放不下台灣，母親長年在中正、萬華服務，所以自己與在地有很深的連結，每一次走進市場、巷弄，看到的都是最真實的生活，像是天未亮就開始工作的攤商、為了家庭與工作兩邊奔波的父母、小心翼翼過馬路的長輩，以及努力生活的年輕人，遇到困難不知找誰求助。應佳妤提到，這一年來她也因遇到困難而無助與無力，所以感同深受，希望可以讓這些人不要再那麼孤單，承諾如果有機會能進入市議會，絕對會成為讓人找得到、需要時提供協助者。韓國瑜花籃「高票當選」。（記者董冠怡攝）蔣萬安祝賀茶會圓滿成功。（記者董冠怡攝）    ,https://news.ltn.com.tw/news/politics/breakingnews/5534444
沈伯洋酸蔣萬安成「黃國昌模式」 蔣反擊：人民受不了民進黨,政治,2026/08/10 11:24,對於沈伯洋酸他從「馬英九模式」變「黃國昌模式」，蔣萬安反擊稱人民受不了民進黨。（記者田裕華攝）網路媒體今（10日）刊出民進黨籍台北市長參選人沈伯洋專訪內容，他形容台北市長蔣萬安正從昔日清新的「馬英九模式」，轉向咄咄逼人、閃避實質問題，只想著大位的「黃國昌模式」。蔣萬安對此回應說「持續專注市政、爭取年底連任」，但仍不忘批評民進黨政府說謊、包庇、詐騙的模式，已經讓人民受不了。蔣萬安今天早上出席東新國小校舍改建動土典禮，對於沈伯洋對他的形容，他回應說「持續專注市政、爭取年底連任」；並說他在基層走的時候，人民反應的，不管是從現在竟然要翻過去當時政府阻擋疫苗，到整個毒油爆發處理的態度，人民最受不了的是民進黨已經執政10年，說謊、包庇、詐騙的模式。請繼續往下閱讀...蔣萬安也提到這週末將會到宜蘭、花蓮輔選，並表示大家如果有需要，他一定全力以赴，給予幫忙。    ,https://news.ltn.com.tw/news/politics/breakingnews/5534443
颱風假雙標？巴威放假、白海豚不放 蔣萬安搬出「陸警」解釋,政治,2026/08/10 11:21,對於巴威、白海豚颱風放假的決策不同，台北市長蔣萬安以中央氣象署有沒有發布陸上颱風警報來解釋，但未說明是否成以後的考量之一。（記者田裕華攝）台北市在巴威颱風時放「颱風整備假」，這次白海豚颱風在北市風強雨驟卻沒有放假，外界質疑台北市長蔣萬安決策「雙標」；蔣萬安解釋是因為中央氣象署已明確表示隔天要發陸警，進一步引起「陸警」是否成為未來標準的疑惑？蔣萬安只重申兩次颱風陸警發布的差異，未回應是否成為颱風假的考慮條件。蔣萬安今天早上出席東新國小校舍改建動土典禮，媒體記者追問颱風假被質疑「雙標」，目前放颱風假的標準到底是什麼？只要是氣象署預計有發陸警，就會考慮放颱風假嗎？請繼續往下閱讀...蔣萬安表示，「陸警」這非常的清楚，在巴威颱風的時候，前一天晚上7點整點，中央氣象署就很清楚地說明，清晨會發布陸警，也確實在清晨發布了陸警；但這一次白海豚颱風，在前一天晚上8點前，氣象署就說不會發布陸上颱風警報，事實也沒有發布陸警，這是客觀的事實，非常清楚。    ,https://news.ltn.com.tw/news/politics/breakingnews/5534441
藍營「絕食4小雞」告發卓榮泰等4官員 毒油案圖利廠商,政治,2026/08/10 11:21,國民黨「絕食四青年」楊植斗、何元楷、賴苡任、張家馨近期因不滿毒油案處理，在凱達格蘭大道發起絕食抗議，今再赴北檢提告。（記者劉詠韻攝）國民黨「絕食四青年」楊植斗、何元楷、賴苡任、張家馨近期因不滿毒油案處理，在凱達格蘭大道發起絕食抗議，今再赴台北地檢署提告，告發行政院長卓榮泰、衛福部長石崇良、食藥署長姜至剛及行政院食安辦主任許輔4人涉嫌圖利，要求檢方介入調查，釐清相關官員在事件中的決策及責任。中聯油脂案起因於公司供應的部分大豆沙拉油遭驗出苯駢芘超標，後續泰山、南僑等下游業者產品也陸續驗出異常。食藥署調查認為，中聯原料驗收、製程及品管可能存在重大缺失，除要求相關產品下架，也責令原因釐清前不得復工。後續全面清查中聯4月至6月生產油品，抽驗上游原油53件、終端產品171件，其中部分原油仍不合格，並針對事件提出「食品安全衛生管理法」修法及強化管理措施。請繼續往下閱讀...國民黨台北市議員楊植斗等4人日前為抗議政府處理毒油案，在凱達格蘭大道展開絕食行動，要求政府正視食安問題，今日則將抗議行動轉向司法程序，前往北檢遞狀告發卓榮泰等人涉嫌圖利廠商。楊植斗質疑，政府在毒油案爆發後，從問題油品的查驗、通報到後續處置均有疏失，相關主管機關明知涉及食品安全及民眾健康，卻未依法積極處理，認為相關官員的行政作為是否因此使特定廠商獲得不法利益，有進一步調查必要。依「貪污治罪條例」，公務員圖利罪須具備明知違背法令、圖自己或其他私人不法利益，並因而獲得利益等要件；楊植斗等人提出的告發內容是否涉及刑事不法，仍待北檢分案調查釐清。    ,https://news.ltn.com.tw/news/politics/breakingnews/5534428
演習降速不是斷網！ 翁曉玲稱「手機無法上網傳訊」 網炸鍋：別造謠,政治,2026/08/10 11:16,國民黨立委翁曉玲。（資料照）中部地區「2026城鎮韌性（防空）演習」將於今（10日）下午2時30分登場，本次演習首度納入「行動網路降速演練」，演習區域內的行動網路將進行半小時的降速。然而，國民黨立委翁曉玲卻在社群發文將演習稱為「斷網」，甚至宣稱手機將無法上網傳訊，引發大批網友強烈不滿與留言撻伐。翁曉玲昨（9）日在Threads發文表示，政府將於中部7縣市進行首波30分鐘行動網路降速演習，北部則於13日實施。但她卻聲稱，除了手機無法上網傳訊外， 其他需要透過行動網路傳訊的設備也都暫時無法作用，希望這場「斷網演習」不會造成有任何意外狀況發生，若有任何損害或損失，政府應負起賠償或補償責任，不可卸責。請繼續往下閱讀...翁曉玲更將行動網路降速演練冠上「行動網路斷網」俗稱，並推薦驚悚電影《斷訊》（Leave the World Behind），稱觀眾可藉此深刻感受斷電、斷網給生活、交通與治安帶來的巨大衝擊與恐慌，甚至驚呼：「看這部電影後對自動駕駛電動車敬而遠之，當自己無法控制方向盤時好可怕！」貼文曝光後引發熱議，不少網友留言怒轟：「降速不是斷網，別再造謠了」、「奇怪怎麼就沒聽妳在那邊抱怨中共割斷海纜，我們是降速又沒斷網，要不要看一下我們的澎湖、馬祖等外島，他們多次網路斷網那個才叫斷網，為什麼會斷網？因為妳舔的中共割的」、「立法院都空轉兩年了，妳有在怕這半小時喔，跟電影比起來妳比較可怕」、「演習也可以拿來製造恐慌，這輩子有刷牙嗎?刪除公視跟NCC預算方便中共跟半小時網速變慢相比哪個重要?你真的給我閉嘴」、「斷網30分鐘不可怕，更何況是降速，總預算斷審即將滿365天才可怕」。     在 Threads 查看    ,https://news.ltn.com.tw/news/politics/breakingnews/5534378
潛艦海鯤號交艦在即  船迷：難得看到「清爽」畫面,政治,2026/08/10 11:13,潛艦海鯤號沒有鷹架和欄杆，船迷形容「難得的清爽畫面」。（讀者授權自由時報專用）潛艦海鯤號預計今年底之前交艦，海測進度已進入最後階段的跨夜耐航與深海潛航測試，於7月30日完成海測後，已逾10天未出港。船迷目擊，海鯤號停在台船91號碼頭，完全沒有鷹架、欄杆，形容是難得的「清爽」畫面。據了解，海鯤號於7月23日、27日、29日、30日進行與潛航測試，也就是在8天內海測4次，密集程度，十分罕見，因此，外界研判應該很快展開最後階段的跨夜耐航與更深的潛航測試，沒想到超過10天均無動靜。請繼續往下閱讀...由於海鯤號每次出港，必須動員海軍及海巡多艘艦艇護衛，此時正值漢光42號演習期間，船迷懷疑可能受演習影響而暫緩海測。不過，因為海鯤號甲板未架設欄杆，帆罩也無鷹架，船迷猜測近日可能出港。不過，港區工作者議論，雖然樂見海鯤號效能明顯突破，但每次進出高雄港第二港口，海軍都要求鄰近海鯤號行經路線的所有船隻必須避讓，屢屢造成航班延誤、混亂，甚至影響航行安全，難免有抱怨。    ,https://news.ltn.com.tw/news/politics/breakingnews/5534426
楊文科又出國 「台灣前進」參選人質疑畢旅頻率過高看不到成效,政治,2026/08/10 11:12,「台灣前進陣線」新竹縣的縣議員和竹北市代參選人們，今天早上在新竹縣府前質疑縣長楊文科，這4年出國17趟、長達139天不在台「顧家」。（記者黃美珠攝）國民黨新竹縣長楊文科今晚將飛往巴西出席「2026世界台灣客家懇親大會」，「台灣前進陣線」竹縣議員參選人張育慈、李雅芬、林裙靜、以及小民參政歐巴桑聯盟竹北市代參選人洪瑞瑾，4人今天一早在縣府前抗議，質疑楊文科4年來含括這趟巴西行，已出國17趟，有139天不在台灣當家，頻率過高、成效薄弱且經費不透明，根本是在畢業旅行！要求縣府公開這17趟出訪行程內容、經費來源以及具體效益。張育慈說，楊文科這4年不是在出國，就是在出國的路上，17趟、139天中，飛日本7趟38天，飛歐洲4趟59天，頻率過高，跟成果不成比例。請繼續往下閱讀...李雅芬說，「2026世界台灣客家懇親大會」期程從8月7日到15日，楊文科卻在開幕後才出發，到底有幾天有正式會議和公務拜會？縣民有權知道這14天的公帑能換來多少具體成果？活動後又為何要轉飛葡萄牙？林裙靜說，已完成的16趟國外行程，5趟有明確政策任務，6趟屬於公務與文化觀光混合行程，另有5趟根本已是高度旅遊化。他們把有明確政策對象、有正式任務且成果可追蹤者列為「實質」考察。有公務但同時安排大量文化觀光的列為「混合」，正式會談稀少卻排滿景點、祭祖、尋根甚至私人行程的則列為「高風險」；等於16趟只有5趟能看到具體成果。洪瑞瑾說，楊文科17趟出國1趟是公假差旅、3趟自費、13趟經費來源不明。但自費不代表不必公開相關行程資料，畢竟他動用的是縣政運作時間，隨行的公務員薪水、差旅費算不算有公費問題？另，自費若有落地招待是否涉及職務倫理與利益迴避？這些縣府和楊文科都必須講清楚。小民參政歐巴桑聯盟竹北市代參選人洪瑞瑾（中）說，縣長楊文科包含今晚飛巴西的17趟出外行程，有13趟經費來源不明。（記者黃美珠攝）竹北東區縣議員參選人張育慈（左）說，縣長楊文科身為首長出國不是問題，問題在次數和天數跟實質成果不成比例，更像是在「畢業旅行」。（記者黃美珠攝）    ,https://news.ltn.com.tw/news/politics/breakingnews/5534419
綠營指柯志恩操作五五波民調  柯陣營：沒有人會操作自己落後的民調,政治,2026/08/10 11:03,柯志恩競辦發言人李唯甄強調，沒有候選人會遭作自己落後的民調」。（記者葛祐豪翻攝）高雄市議員張博洋昨天（9）日搶先爆料，指坊間盛傳又有一份「五五波」民調將公布；果然今（10）日一份最新高雄市長民調顯示，民進黨參選人賴瑞隆獲47.78%支持、國民黨柯志恩46.14%，兩人差距僅1.64個%；對此，柯志恩陣營回應說，沒有任何候選人會操作自己落後的民調。根據《鉅聞天下新聞網》委託皮爾森數據進行的高雄市長民調，賴瑞隆獲得47.78%支持、柯志恩為46.14 %，賴瑞隆以1.64個百分點暫時領先，有4.24%的選民尚未決定，另有1.84%都不支持或不會去投票。請繼續往下閱讀...不過，市議員張博洋已搶先於9日在臉書爆料，指坊間盛傳近期又有一份「五五波」民調公布，「民調」恐成為柯志恩揮之不去的魔咒，更酸「柯志恩不如乾脆準備10份五五波民調，每週一份，一路公布到投票前。」對此，柯志恩競辦發言人李唯甄今天回應說，「昨天綠營才放話說我們會操作五五波民調，必須強調沒有任何候選人會遭作自己落後的民調」，所以到底是誰在操作五五波，答案應該很明顯。李唯甄也酸說，賴瑞隆近期成立各種後援會，場面非常盛大，照理講支持度應該一路往上衝才對，但在這份民調中，顯然沒有得到相對應的效果。柯志恩尊重所有民調，也不需要為了證明自己領先，不斷用數字告訴高雄人應該要相信誰，「柯志恩最後要贏的是高雄市民的選票！」柯志恩則認為，任何民調都當作參考，「但在整個選民結構是綠大於藍的高雄市選民來說，我們沒有任何樂觀的本錢」，藍綠各自歸隊之後，她極力要爭取的就是中間選民，所以會一系列提出讓人民有感的政策，希望能夠得到更多的同。總之，民調只是一個數字，勤走基層跟每一個人握手，感受他們的期待，這是她未來期待的方向。    ,https://news.ltn.com.tw/news/politics/breakingnews/5534408
中共大整肅！嚴查「人在北京、家在美西」 隨機測驗軍人「習思想」,政治,2026/08/10 11:00,中共領導人習近平閱兵情形。（美聯社檔案照）中共正在進行北戴河暑休，我國安官員掌握，中共規劃在二十一大前推動一年期的整肅、「推進全面從嚴治黨若干重大問題」，將揪出對習近平不忠、搞派系、「人在北京、家在美西」的「三不純」份子全面整頓，以利後續換屆人事安排，訴求以習近平為唯一效忠核心，並將以隨機測驗確認軍人是否真誠服從習。中國北戴河暑休除了研討10月下旬五中全會的議程及廣泛討論中共二十一大相關事宜之外，圍繞政事、人事二大核心議題。針對軍中人事，包含上將等系統性人員、戰區司令的缺口，我方掌握，中國五中全會後將考量功能性需求，優先補上針對島鏈目標台灣、日本的東部戰區司令，以及負責首都衛戍的中部戰區司令。請繼續往下閱讀...在黨務人事方面，我國安官員指出，中共擬在二十一大前發動一年期的整肅運動，「推進全面從嚴治黨若干重大問題」，目標「打三不純、抓三種人」，清除一切侵蝕「兩個維護」的毒瘤，包含堅決「維護習近平總書記黨中央的核心與全黨核心地位、堅決維護黨中央權威和集中統一領導」。中共鎖定打擊的「三不純」：第一、「思想不純」：對習近平領導核心不忠者；第二、「組織不純」：鎖定搞小圈圈與派系團夥者；第三、「行為不純」：嚴查親美、對西方「和平演變」抱持幻想者，特別是搞「人在北京、家在美西」的雙面官員，連帶國務院修訂的出入境管理規定也出爐，預計在五中全會後全面整頓、二十一大前階段性完成，以利後續人事換屆安排。對於二十一大後的新一屆人事遴選，中共已立下三項標準：第一、以習主席為唯一效忠核心，思想上、行動上、政治上必須嚴格一致；第二、要有「挫敗美國」與貫徹「東升西降」的絕對自信和信心，揪出「三不純」份子，家族不得與美國及西方集團有任何勾連；第三、在軍人的任用上，除上述條件外，更須熟知「習近平強軍思想」，未來將設計隨機的紙筆或口頭測驗，確認其在心理狀態是否真誠服從。我國安官員研判，中共既然要處理「三不純」，包括前新疆黨委書記馬興瑞的處置，以及軍委副主席張又俠、聯合參謀部參謀長劉振立等高層，是否會對其發布最終裁決，在北戴河暑休結束後預計將有進一步資訊釋出。北戴河暑休源自中共「特供」制度的高階黨員優惠服務，自2012年中國國家主席習近平上台後轉型為非正式會議，以政治局委員為主要成員，今年另邀基礎研究、戰略相關科技、關鍵核心技術領域和哲學社會科學領域專家代表參與，但不邀前領導人、不找退休幹部。相關新聞：視2026大選為成敗關鍵！中共北戴河密令：全力扶植「在台愛國力量」習將訪美！北戴河密商3招「拉美孤台」 分批採購、斷對台軍售    ,https://news.ltn.com.tw/news/politics/breakingnews/5534407
習將訪美！北戴河密商3招「拉美孤台」 分批採購、斷對台軍售,政治,2026/08/10 11:00,美國總統川普（左）和中國國家主席習近平（右）。（路透資料照）中國國家主席習近平將於9月24日訪美，據悉，中國北戴河暑休也聚焦討論對美策略的三個面向，將各項採購分批執行來拉攏美方，孤立日本、菲律賓與台灣；阻擋美方新一波對台軍售；善用俄烏、中東情勢創造「彼消我長」的戰略機遇。中國上週一起展開為期兩週的北戴河暑休，今年主題為「奮進十五五」，除了研討10月下旬五中全會的議程及廣泛討論中共二十一大相關事宜之外，政事議題分為對美、對台兩大軸線。因應9月24日習近平即將訪美，對美策略分為3個面向：請繼續往下閱讀...首先，以採購、貿易利害拉攏美國，孤立日本、菲律賓與台灣，中共預計將上次「川習會」承諾的各種採購，依策略需要「批批次次」形成不斷的拉攏力道，企圖改變美國政策。其次，「務必阻擋新階段對台軍售，以免破壞當前戰略佈局」，官員指出，中共恐持續阻止美方對台新一波及未來的武器販售，因為台灣持續強化戰力，將破壞中國多年在區域的部署；第三，中國也將善用俄烏與中東形勢創造對美「彼消我長」的戰略機遇。北戴河暑休源自中共「特供」制度的高階黨員優惠服務，自2012年中國國家主席習近平上台後轉型為非正式會議，以政治局委員為主要成員，今年另邀基礎研究、戰略相關科技、關鍵核心技術領域和哲學社會科學領域專家代表參與，但不邀前領導人、不找退休幹部。相關新聞：視2026大選為成敗關鍵！中共北戴河密令：全力扶植「在台愛國力量」中共大整肅！嚴查「人在北京、家在美西」 隨機測驗軍人「習思想」    ,https://news.ltn.com.tw/news/politics/breakingnews/5534373
視2026大選為成敗關鍵！中共北戴河密令：全力扶植「在台愛國力量」,政治,2026/08/10 11:00,中國領導人習近平。（歐新社資料照）中國上週一起展開為期兩週的北戴河暑休，我方掌握，此次政事議題聚焦對美、對台兩大軸線，對台策略鎖定四大面向：反對以武謀獨、強化對台「實質治理」、整合資源打擊台獨，並將2026台灣九合一選舉視為中國對台工作關鍵成敗，要求務必給予在台「愛國力量」最大支持。中國北戴河暑休今年主題為「奮進十五五」，除了研討10月下旬五中全會的議程及廣泛討論中共二十一大相關事宜之外，圍繞政事、人事二大核心議題，政事議題聚焦對美策略、對台策略兩大軸線。請繼續往下閱讀...習將訪美！北戴河密商3招「拉美孤台」 分批採購、斷對台軍售據我國安官員掌握，中國目前密商的對台策略包含四大面向：第一，反對以武謀獨，中方主張，台灣無論增加軍事投資、擴大無人機部署，都將根本性破壞中方在台海的有利形勢，應結合所有力量一律反對。其次，強化實質治理，中共擬持續從法律上、心理上、國際上、軍事上，全面截斷台獨所謂「國際空間」、主權想像。第三，中共將提供所有可調動資源，爭取台灣各界反對台獨、挫折台獨，轉化為共同支持統一的力量。第四，中共將2026台灣地方選舉視為對台工作成敗的關鍵，指示務必給予在台「愛國力量」最大支持。中共大整肅！嚴查「人在北京、家在美西」 隨機測驗軍人「習思想」北戴河暑休源自中共「特供」制度的高階黨員優惠服務，自2012年中國國家主席習近平上台後轉型為非正式會議，以政治局委員為主要成員，今年另邀基礎研究、戰略相關科技、關鍵核心技術領域和哲學社會科學領域專家代表參與，但不邀前領導人、不找退休幹部。    ,https://news.ltn.com.tw/news/politics/breakingnews/5534370
沈伯洋批「千萬個謊圓謊」 蔣萬安嗆回「套用民進黨非常適合」,政治,2026/08/10 10:56,台北市長蔣萬安出席「臺北市南港區東新國民小學校舍改建工程第二期活動中心工程」開工典禮，會後並在動土金鏟上簽名。 （記者田裕華攝）慈濟2021年採購COVID-19疫苗遭詐，讓當年疫苗採購的議題成為今年底台北市長選戰的焦點話題之一，民進黨籍台北市長參選人沈伯洋昨批評台北市長蔣萬安當年參加秘密會議，知道政府處境，卻造謠政府百般刁難，是「說了一個謊，就要說千千萬萬個謊來圓！」蔣萬安強硬回擊說「這句話套用在民進黨身上非常適合」，是民進黨用各種扭曲、說謊的方式，要洗人民的記憶。蔣萬安今（10）天早上出席東新國小校舍改建動土典禮，對於當年參加秘密會議一事重申，當然有反對資料塗黑，且仔細檢視發現保密條款也有例外條款，當場就要求衛福部要完整公開；接著他也提及近期的油品問題，包括業者出席20%的關鍵會議、國營事業台糖明知毒油超標卻不需要通報，這個政府面對各項事情就是硬拗，說謊、護航、包庇特定業者。請繼續往下閱讀...對於沈伯洋指他「說了一個謊，就要說千千萬萬個謊來圓！」蔣萬安反擊說「這句話套用在民進黨身上非常適合」，從採購疫苗到毒油事件，民進黨政府就是蓋牌，護航，阻擋而且包庇，不只是要洗人民記憶，就是要人民忘記他們的不堪；但是人民對所遭受到的慘痛經驗是不會忘記的，不管隔了多少年。現在民進黨用各種扭曲，或者是說謊的方式，人民眼睛都是雪亮，都看得非常清楚。    ,https://news.ltn.com.tw/news/politics/breakingnews/5534398
「國有器官」遭跨境恐嚇   中市議會警消環衛委員會提案要求市府採取積極保護,政治,2026/08/10 10:52,民眾黨市議員江和樹要求市府要取採積極保護措施。（記者蘇金鳳攝）由於紀錄片 「國有器官」 遭遇跨境恐嚇事件，台中市議會警消環衛委員會上週通過不分朝野提案，要求市府針對紀錄片「國有器官」遭遇跨境恐嚇事件，要求市府要採取積極保護措施，支持擴大電影放映行動，並建請中央政府推動「反跨境鎮壓專法」。由於「國有器官」從去年放映，放映單位就不斷被跨境恐嚇， 中市議會警消環衛委員會李天生、賴朝國等多位不分朝野共同提案，要求市府要取採積極保護措施，支持擴大電影放映行動，並建請中央政府推動「反跨境鎮壓專法」，以保障國人免受境外勢力的威脅與騷擾請繼續往下閱讀...民眾黨台中市議員江和樹表示，民主自由不分藍綠，人民安全更沒有政黨之分。江和樹表示，不管今天是中國、美國、日本，還是任何境外勢力，只要人在台灣、事情發生在台灣，就必須遵守台灣的法律。江和樹表示，民眾可以不同意一部電影的內容，也可以有不同政治立場，但不能用恐嚇、威脅的方式叫人閉嘴。只要涉及違法，該查就查、該辦就辦。江和樹強調，對於合法放映及藝文活動，政府本來就有責任保障民眾安全與言論自由；如果背後涉及境外勢力介入，更應該依法查清楚。至於中央研議「反跨境鎮壓」相關法制，江和樹表示支持討論，但法律規範及界線必須清楚，不能無限上綱。江和樹指出，這不是親中、反中的問題，而是台灣人民能不能安心生活、自由表達的問題。任何人都不能把手伸進台灣，用恐嚇威脅台灣人民。    ,https://news.ltn.com.tw/news/politics/breakingnews/5534375
被質疑參加疫苗秘密會議又造謠 蔣萬安：有反對塗黑、當場要求公開,政治,2026/08/10 10:37,台北市長蔣萬安出席「臺北市南港區東新國民小學校舍改建工程第二期活動中心工程」開工典禮，會中並致詞。蔣萬安強調，擔任立委時參加疫苗採購秘密會議，「當然有」反對資料塗黑，並當場要求公開。（記者田裕華攝）慈濟購買疫苗遭詐讓當年政府採購疫苗的爭議再起，時任立委的台北市長蔣萬安被質疑當時參加秘密會議，了解政府處境，卻又出來喊黑箱，今（10）日被追問在會議中是否曾反對塗黑，蔣萬安強調「當然有」，並批評民進黨政府從疫苗到毒油案，態度都是硬拗、護航包庇。蔣萬安早上出席東新國小校舍改建動土典禮，會前受訪被問到當年他出席疫苗秘密會議，是否有反駁塗黑一事時表示「當然有」，他還原整個事實過程說，當時立法院監督整個疫苗採購，一直要求召開秘密會議，但行政部門就是不願意；在我們的堅持下，就依照相關合約和法律的規定，關鍵的訊息可以不用揭露。但是，在立法院衛環委員會秘密會議召開，一開始從信封拿出來的合約，3分之2以上都塗黑，而且仔細檢視也有保密條款的例外條款，當場他就要求衛福部要完整公開，但衛福部還是支支吾吾不願意。後來疫苗採購合約就封存30年，這些都是客觀的事實。請繼續往下閱讀...蔣萬安說，民進黨不要再來洗地，整件事情就是透過扭曲事實的方式來洗人民的記憶，不管是從疫苗到現在毒油案，民進黨政府的態度就是硬拗、護航包庇，整件事情就是黑箱，因這都無法改變民進黨政府在疫情期間阻擋疫苗的事實，否則為什麼民間企業、團體要集資急著要來買疫苗，這些事實人民是不會忘記的，當時造成多少台灣人民慘痛的經驗，這些事情要洗地是洗不掉的。    ,https://news.ltn.com.tw/news/politics/breakingnews/5534374
在日內瓦吃法國米其林大餐延誤班機又重買機票？  王育敏：問外交部,政治,2026/08/10 10:13,"立委王育敏對於是否因吃米其林而延誤班機指出，都是外交部安排，應該去問外交部。（記者歐素美攝）台灣駐瑞士日內瓦處長李冠德遭爆料，去年在立委王育敏等視導團往前WHA世界衛生大會時，堅持宴請3位立委米其林大餐，致3人錯過班機，花費上百萬元公帑重訂機票；王育敏今天在台中出席立法院副院長江啟的記者會時表示，都是外交部安排，應該去問外交部。台灣駐瑞士日內瓦處長李冠德，上任1年多，近期遭申訴疑似職場霸凌，還爆料他濫用公帑，於去年WHA期間，李冠德為了宴請王正旭、王育敏、劉書彬3名立委組成的視導團，執意安排兩餐米其林大餐，導致3人因此錯過班機，花費上百萬元公帑重訂機票，事後李冠德指示同仁，向外交部謊稱是「塞車」才來不及。請繼續往下閱讀...王育敏今天出席江啟在台中市舉辦的育兒政策記者會時，面對記者詢問是否有吃大餐以及延誤班機等情況時，則表示都是外交部安排，應該去問外交部。    ",https://news.ltn.com.tw/news/politics/breakingnews/5534342
明華園劇團第三代陳昭賢力挺蘇巧慧：期待成為大家的後盾,政治,2026/08/10 09:57,民進黨新北市長參選人、立委蘇巧慧發布最新社群影片，「風神寶寶兒童劇團」團長陳昭賢力挺蘇巧慧。（圖由蘇巧慧競辦提供）民進黨新北市長參選人、立委蘇巧慧今天發布最新社群影片，「風神寶寶兒童劇團」團長陳昭賢分享2人相識多年，同樣致力於推動本土文化與兒童藝術，身為明華園劇團第三代，她也展現與蘇巧慧同為「新世代」的深刻共鳴，一起肩負傳承台灣藝術與文化的責任，她力挺說：「非常期待巧慧能夠再進一步，成為我們的後盾。」陳昭賢2012年創立「風神寶寶兒童劇團」，融合歌仔戲藝術、本土文化與現代舞台劇表演，賦予傳統戲曲嶄新的生命力。透過新型態的演出形式，讓傳統藝術在孩子的世界裡生根發芽，更屢次獲選為「新北市傑出演藝團隊」，備受各界肯定。請繼續往下閱讀...「巧慧的眼睛真的是閃閃發亮的，我覺得那真的是對孩子的愛」。談及2017年首次和蘇巧慧合作兒童劇《風神寶寶之火焰山》的過程，陳昭賢回憶，當時提報演出費用後，蘇第一時間不是要求折扣，而是貼心詢問「這個規模、費用，妳和妳的團隊會不會很辛苦？」這份站在表演者、經營者立場思考的貼心舉動，是業界很難得的體貼。陳昭賢表示，她和蘇巧慧都很努力，希望讓下一代獲得更多藝術滋養、更瞭解台灣的故事，希望為了台灣的下一代做更多事情。陳昭賢同樣經營Podcast頻道「風神寶寶說故事」，對於蘇巧慧經營的「水獺媽媽說故事」已錄製300多集，她很有共鳴地說，「這件事情要堅持下來，其實很不容易」，尤其她和蘇巧慧平時工作非常繁忙，仍堅持撥出時間陪伴孩子、說故事給孩子聽，她看到蘇巧慧說故事時，同樣深刻感受到對孩子的愛。陳昭賢的父親是國際知名歌仔戲團明華園總團長陳勝福，母親是歌仔戲演員孫翠鳳，身為歌仔戲團第三代的陳昭賢說，她和蘇巧慧一樣，皆是傳承優秀父母輩的新世代，常要承受巨大壓力並付出雙倍努力來證明自己，但正因為這種不服輸的勇氣與使命感，讓2人一樣都想做得更好。蘇巧慧向來合作和相處都讓人很放心，「因為這個人會為你思考」，非常期待蘇巧慧進一步成為大家最強大的後盾。「風神寶寶兒童劇團」團長陳昭賢（左5）2017年首次和立委蘇巧慧（左6）合作兒童劇《風神寶寶之火焰山》。（圖由蘇巧慧競辦提供）「風神寶寶兒童劇團」團長陳昭賢（右5）展現與民進黨新北市長參選人蘇巧慧（右6）同為「新世代」的深刻共鳴，一起肩負傳承台灣藝術與文化的責任。（圖由蘇巧慧競辦提供）    ,https://news.ltn.com.tw/news/politics/breakingnews/5534314
李四川批蘇巧慧沒爭取原博館  好過日：可找張善政算帳,政治,2026/08/10 09:45,李四川批蘇巧慧沒爭取原博館到新北，好過日提醒川伯應找張善政算帳。（資料照）國民黨密集砲轟原落腳三鶯的原住民博物館改到高雄，李四川要對手蘇巧慧說清楚怎沒有「爭取回新北」？臉書社群「高雄好過日」提醒，取消三鶯資格的是張善政，李四川或是國民黨可去找他算帳。「高雄好過日」說明，原博館起因在2015年6月16日立法院三讀通過博物館法第6條，法律明確要求中央「應設置原住民族博物館」，6個月後，中央原民會就火速宣布興建地點初步在新北市鶯歌區，計畫已獲行政院核定。請繼續往下閱讀...「高雄好過日」提醒，問題在於當時的選址，根本沒有「徵詢全國」或「盤點研究地點」的過程，而是原民會一開始就決定要設在「大台北都會區」，理由是「突顯原住民族文化在台灣的代表性」，完全是台北中心主義的思維，剛好新北有空地就直接指定新北了。消息一出，桃園、花蓮等縣市都不滿，提出有意爭取，當時的行政院長張善政宣布博物館地點將重新評估，由於政黨將輪替，所以後續遴選流程就由新政府辦理。「高雄好過日」強調，取消三鶯資格的是張善政，李四川或國民黨可以去找他算帳。後續民進黨上台，原民會主委由Icyang Parod 擔任，他雖是阿美族出身，擔任過新北市議員，但原民會已成立「選址小組」，並公開表示選址考量包含位置、自然環境、交通跟位置、國際連結跟在地學術集合等，經過評選，高雄澄清湖符合條件、雀屏中選。「高雄好過日」質疑韓市府對原博館相關推動不太積極，李四川過去真覺得選址不該在高雄、新北最好，當時他當高雄市副市長時大可說高雄放棄、還給新北好了，現在為選新北市長隨便攻擊經專業判斷的高雄原博館選址，完全凸顯缺乏專業素養，也凸顯國民黨習慣踐踏高雄的可惡之處。    ,https://news.ltn.com.tw/news/politics/breakingnews/5534307
蔣萬安稱「疫苗合約封存30年」 他舉吳子嘉誹謗罪判例：想上法院？,政治,2026/08/10 09:44,周軒質疑，蔣萬安還在講「疫苗合約封存30年」，難道是不知道法院已經判決了嗎？（資料照）慈濟採購疫苗遭詐騙相關議題持續發酵，台北市長蔣萬安昨（9日）宣稱疫情期間政府阻擋民間或企業購買疫苗，並指出疫苗秘密會議提供資料有三分之二都被遮蔽，規避立法院監督，還要封存30年。政治工作者周軒昨發文質疑，蔣萬安還在講「疫苗合約封存30年」，難道是不知道法院已經判決了嗎？周軒提及美麗島電子報董事長吳子嘉造謠被告一事，指出吳子嘉在民國111年8、9月間，在YT節目「董事長開講」，及電視台直播節目中稱「蘇貞昌政府、陳時中部長A了1億美金」、「合約變成封存30年不准看」、「白白貪污的將近30億台幣」等語，指涉蘇貞昌、陳時中欲透過BNT疫苗採購案從中貪污1億美元。請繼續往下閱讀...周軒表示，當時蘇貞昌與陳時中認為吳子嘉散播不實言論且惡意捏造，對吳提起告訴，台北地檢署依加重誹謗罪起訴吳子嘉。台北地方法院依誹謗罪判處吳子嘉有期徒刑6月，犯散布文字誹謗罪部分處4月徒刑，應執行有期徒刑8月，得易科罰金。周軒質疑，這判決才不過是兩個月前出爐的，蔣萬安竟然不知道，衛福部也講很多次是「假訊息」，周諷刺：「看起來我們台北市長很想要追隨吳董的腳步上法院的樣子？」許多網友也留言：「安公子lag是日常，殷瑋不在他就狂lag。」、「市長應該沒有言論免責權吧？」、「不只是蔣不聽，現在還是造謠仔。」、「只是2022年的稿拿出來再背一次。」、「不要對他期望太高，就是一位被包裝出來、資質平庸之士，很期望他能趕快離開台北市，造福台北市民。」    ,https://news.ltn.com.tw/news/politics/breakingnews/5534273
盼打造嘉縣友善育兒環境 蔡易餘推「1鄉鎮1公托」,政治,2026/08/10 09:32,嘉義縣長參選人、立委蔡易餘（右）到義竹鄉「繪本之森」陪伴孩子閱讀繪本。（圖由蔡易餘競選團隊提供）年底地方選舉升溫，民進黨嘉義縣長參選人、立委蔡易餘昨與競選團隊到義竹鄉來到「繪本之森」陪伴孩子閱讀繪本，蔡易餘說，若當選縣長，未來將進一步朝18鄉鎮市「1鄉鎮1公托」的方向努力，依照各地實際需求布建托育及親子資源，讓家長在工作與育兒之間有更多支持，也讓孩子無論生活在哪個鄉鎮，都能享有安心成長、快樂學習的環境。蔡易餘昨與民進黨義竹鄉長參選人翁雲、太保市長參選人呂慧瑜到「繪本之森」體驗親子共學；蔡易餘表示，希望嘉義不只是孩子安心長大的地方，更能提供充足的閱讀、遊戲與探索空間，從小培養孩子的想像力與創造力，打造讓家長安心、孩子開心成長的友善育兒環境。請繼續往下閱讀...翁雲表示，「繪本之森」由采實文化出版社社長吳翠萍與先生王逸麟共同投入打造。來自台北的吳翠萍因婚姻與義竹結緣，逐漸愛上這片土地，修建老宅打造「王家小院」，租下透天厝成立「繪本之森」，並與遠流出版社創辦人王榮文共同推廣地方藝文與閱讀風氣，期待吸引更多鄉親及外地朋友投入義竹地方創生。蔡易餘指出，孩子的成長不能只有課業，更需要閱讀、遊戲及親子陪伴的空間，像「繪本之森」透過繪本閱讀、磁力片及不同形式的共學活動，讓孩子在遊戲中發揮創意、探索興趣，也提供家長與孩子共同參與的場域，正是地方育兒環境中相當重要的一環。蔡易餘提出「1鄉鎮1公托」的願景。（圖由蔡易餘競選團隊提供）「繪本之森」推廣地方藝文與閱讀風氣。（圖由蔡易餘競選團隊提供）    ,https://news.ltn.com.tw/news/politics/breakingnews/5534267
慈濟採購疫苗遭詐爭議延燒 國民黨質疑：轉移毒油焦點？,政治,2026/08/10 09:22,國民黨文傳會主委陳以信。（資料照）前彰化律師公會理事長陳昱瑄涉嫌在COVID-19疫情期間，以協助採購BNT疫苗為由，詐取慈濟基金會約10.6億元委任報酬，近日被檢方起訴。時任衛福部長、現任行政院政務委員陳時中表示，當年曾不斷提醒慎防疫苗詐騙，如今「真相已經大白」。國民黨文傳會主委陳以信今（10）日質疑，陳時中要為自己辯護前，應先回答當年到底知不知情陳姓律師涉嫌詐騙？也勿藉慈濟轉移毒油焦點，應說明去年6月至今還有多少毒油。陳以信表示，如果當年知情，為何陳時中沒告知慈濟，甚至還與對方一起在機場接疫苗、合照？又如果當年他不知情，陳時中今天又憑什麼拿一件根本不知情的詐騙案，來證明他當年判斷正確？他批評，不是當年知情不報放任慈濟被騙，就是現在硬把原本不知的兩件事湊在一起，利用慈濟洗白自己。請繼續往下閱讀...陳以信更質疑，陳時中不該藉慈濟過橋，轉移國人對中聯油脂毒油案的關注。陳時中自己主持的調查報告已指出，中聯油脂去年6月就將黃豆熱損率允收標準從0.5%放寬至5%，那麼去年6月至今年4月間生產的相關油品究竟有沒有問題？流向何方？還有多少問題油品進入食品鏈？被國人吃下肚？陳以信強調，這件食安風暴發生至今2個月，政府無人道歉、無人究責、無人下台，賴清德政府已徹底變成「三無政府」。725凱道大集會超過20萬國人怒吼，要求政府重視食安，結果政府根本聽不到，換來只是賴清德總統藉機政治攻擊台中市長盧秀燕，陳時中藉機洗白自己當年擋疫苗，而行政院長卓榮泰、衛福部長石崇良、食藥署長姜至剛、食安辦公室主任許輔等人繼續笑罵由人，好官他自為之。陳以信抨擊，這樣顢頇傲慢無視國人的民進黨政府，遲早會讓人民用選票趕下台。    ,https://news.ltn.com.tw/news/politics/breakingnews/5534263
雲林人口跌破65萬 劉建國開出「4帖藥方」拚止跌留才,政治,2026/08/10 09:15,民進黨雲林縣長參選人劉建國，針對雲林人口持續減少提出「四位一體」的止跌留才策略。（記者陳品妤攝）雲林縣人口持續下跌，今年2月跌破65萬人，截至7月底全縣人口64萬7070人，針對人口減少的問題，民進黨雲林縣長參選人、立委劉建國接受本報《政面交鋒》專訪提出「四位一體」策略，包括改善醫療環境、加速產業園區建置、打造產業聚落及人才培訓基地，讓在地優秀青年願意留下，也吸引外地人才返鄉或移居。劉建國表示，過去雲林急重症患者經常必須送往台南、高雄或台中，黃金救援時間被拉長，對病患及家屬都是沉重負擔，健保費雲林人沒有少繳，這對雲林而言是不公平的狀況，他進入立法院後選擇長期留在社福衛環委員會，就是希望改善雲林醫療落差。請繼續往下閱讀...劉建國指出，經過多年努力成功爭取台大醫院雲林分院虎尾院區二期擴建，經費從最初核定65億元，物價調漲增加至129億元，現動工興建中；另爭取全國首座「國家高齡醫學暨健康福祉研究中心」落腳雲林，今年5月啟用，這些建設不只是醫療提升，更是扭轉人口流失的重要基礎。劉建國表示，人口外流問題不能只歸咎少子化，他以台中、桃園人口成長為例指出，城市若具備便利交通、就業、居住及教育環境，就能吸引人口移入，雲林必須從整體環境下手，所以提出「四位一體」策略。改善醫療水準、打造在地健康安老環境做到，還要加速產業園區建置、打造產業聚落及人才培訓基地，若他能執政，將全力打造科技、生技的雙技農業產業園區，無人載具園區、AI人才培訓等新興產業聚落，讓在地優秀青年願意留下，也能吸外地人才返鄉及移居。劉建國強調，人口不可能短時間大幅增加，但政府可以先讓人口止跌，關鍵就在於提升城市競爭力，醫療、產業、人才、環境缺一不可，只有讓年輕人看見未來、願意留下，甚至吸引外地人才進來，才能真正扭轉雲林人口流失困境。    ,https://news.ltn.com.tw/news/politics/breakingnews/5534269
蔣萬安批疫苗資料遮蔽 他列時序反嗆：當年調閱小組主席就是你,政治,2026/08/10 08:40,張育萌整理相關時序，並指出蔣萬安當年就是「疫苗調閱小組」召集人，怎麼當年半聲不坑，現在要選舉就開始罵政府？（資料照）慈濟採購BNT疫苗遭詐10.6億，相關議題持續延燒，台北市長蔣萬安昨（9）宣稱疫情期間政府阻擋民間或企業購買疫苗，並指出疫苗秘密會議提供資料有三分之二都被遮蔽，規避立法院監督，還要封存30年。對此，台灣青年世代共好協會理事長張育萌整理相關時序，並指出蔣萬安當年就是「疫苗調閱小組」召集人，怎麼當年半聲不坑，現在要選舉就開始罵政府？張育萌提到，當年蔣萬安就曾經帶頭抹黑說「疫苗合約封存30年」，但實際上是疫苗採購合約「保存年限」30年，也就是說要妥善保管30年，沒到30年不能銷毀。張育萌舉例，藍委林德福在2022年10月6日曾質詢時任衛福部長薛瑞元關於疫苗合約的問題，每家廠商簽的保密期限都不同，當時的國民黨就已經知道答案，現在選舉到了，蔣萬安又在睜眼說瞎話，想要亂拳霸凌陳時中。請繼續往下閱讀...張育萌表示，當年國民黨猛打疫苗黑箱，在立法院成立「疫苗調閱小組」，選出召集人一藍一綠，民進黨召集人是莊競程，國民黨就是蔣萬安。照理來說，開會應該藍綠輪流當主席，結果「疫苗調閱小組」總共開3次會，3次的主席都是蔣萬安。張提醒：「不要忘記，當時立法院還是民進黨過半欸，結果三次都讓你蔣萬安當主席，不要再說民進黨護航了。」張育萌提到，疫苗調閱小組在2021年10月20日開會，決定請衛福部把採購合約需要保密的部分「予以遮蔽」，這場會議主席就是蔣萬安。張質疑：「啊蔣萬安現在吃錯藥，罵說衛福部提供的資料都遮蔽塗黑，是選舉到了就失憶哦？」張育萌續指，當年更荒謬的是，蔣萬安看衛福部資料的時候直接把疫苗採購合約部分背下來，然後回辦公室自己「違法默寫在紙上」，他之所以會知道，是因為蔣萬安自己PO給全世界看，還說會對抗政府的黑箱謊言、會持續戰鬥無所畏懼。張育萌諷刺地說：「這什麼鬼邏輯？蔣萬安不就自己證明，他根本就有看到採購合約嗎？那憑什麼罵政府不提供採購合約？」張育萌坦言，選舉到了什麼怪事都會發生，蔣萬安當年就是「疫苗調閱小組」召集人，也當了3次主席，當立委調閱期間半聲不吭，現在選舉到了就開始罵政府，「那不就代表，你這個召集人做得爛透了嗎」？    ,https://news.ltn.com.tw/news/politics/breakingnews/5534217
批陳沂瞎扯「政府不想買BNT」呱吉嗆「噁心」：有人想把故事變臭,政治,2026/08/10 07:43,陳沂昨晚再度發文反擊呱吉，呱吉坦言：「當一個人很邪惡又很垃圾的時候，要跟他爭論是很累的。」隨後也還原事實，批評陳沂「噁心」、「垃圾」。（資料照）慈濟委託私人疫苗掮客買BNT疫苗遭詐10.6億元，網紅陳沂和前台北市議員、網紅呱吉（邱威傑）兩人針對採購疫苗時間序等議題交鋒，陳沂昨（9日）晚間再度發文反擊呱吉，呱吉對此坦言：「當一個人很邪惡又很垃圾的時候，要跟他爭論是很累的。」隨後也還原事實，批評陳沂「噁心」、「垃圾」。陳沂昨在臉書發文提到：「我的問題很簡單，就是為什麼疫情期間政府說買不到BNT，結果郭董出手就能買到？呱吉貼一堆時間線，重點是要說，政府講買不到是說民間自己買是買不到的，必須要透過政府出手。所以無論郭台銘、台積電或是後來的慈濟，都是他們出錢然後透過政府去買。」隨後陳沂更說：「所以不是買不到，是政府不想買嘛！」、「承認因為當時BNT代理商是中國的公司，要抗中保台所以不買很難嗎？」請繼續往下閱讀...針對陳沂的發文，呱吉表示，陳沂這則比較好的地方是，先承認我時間序是對的，前面講的也都是對的，但結論卻錯了。呱吉坦言：「當一個人很邪惡又很垃圾的時候，要跟他爭論是很累的，因為他都用最粗暴的方式去講故事，就像是拿油炸又灑過糖粉的甜甜圈去餵食群眾，但我則是呼籲大家來吃雞胸肉這種原型食物。」呱吉提到，2021年7月台積電、郭台銘、和慈濟的確透過上海復星買到BNT了，但2020年8月，政府就已經在和德國原廠談判，原本2020年底已經拿到合約最終版本，但2021年1月15日要正式和原廠發布聯合新聞稿時，原廠卻突然深夜喊卡。呱吉提到，當時爭執點包含公告內容要把「我國」兩字改為「台灣」等等，明顯是受到政治力影響，台灣當時已經委屈求全，照著要求改新聞稿，但仍然無法改變結局。中國也曾在疫情期間公開喊話，說台灣「以疫謀獨」，顯有阻撓企圖。呱吉認為：「如果你討厭政治力干預防疫工作，你最該討厭的是中國，不是台灣政府。」他很感謝台積電、慈濟、和郭台銘在這種時刻願意伸手幫忙，改透過上海復星取得BNT，大家只能知道這是中國當時能接受的BNT取得方式，雖然很多當年資訊沒有完整公開，但台灣政府起碼努力了半年，怎麼可以說台灣政府故意不想要BNT？呱吉比喻：「這就好像台灣政府推大門推了半年，最後慈濟他們走小門進去了，你可以問『怎麼推那麼久沒成功』，但你不能說他們不想要。」呱吉也反問陳沂：「如果台灣政府真的因為抗中保台不願意買BNT，那民間購得的這批1500萬劑BNT他幹嘛收？幹嘛扛免責條款？」最後呱吉也強調：「台灣在這種國際環境下要生存已經夠難了，民間和政府一起合作度過難關，理論上應該是件美事，但現在卻有人一直想要把故事變得臭不可聞，我就一句話：『噁心』。算了我再加一句：『垃圾』。」    ,https://news.ltn.com.tw/news/politics/breakingnews/5534207
呼之欲出！鄭朝方突拋震撼彈 綠營竹北市長人選首曝光,政治,2026/08/10 07:38,鄭朝方昨晚貼文表示曾聖凱（右）、林憬良（左）都是非常優秀的人才。 （圖擷取自threads:new.change13貼文）民進黨竹北市長參選人即將出爐！新竹縣長參選人、現任竹北市長鄭朝方昨晚在社群丟出震撼彈，貼出1張他和陽明交通大學跨領域設計科學研究中心副主任曾聖凱與智宇生醫公司總經理林憬良的3人合照，並表示「兩位都是非常優秀的人才，我相信聖凱老師、憬良學長一定會將我們的美好延續下去」，首度曝光綠營竹北市長人選。鄭朝方昨晚在脆貼文表示，3年多前，與曾聖凱老師、林憬良學長在社區座談會相聚，談著如何讓城市變得更好。「3年多後，我們為城市帶來改變，而他們也都在各自的路上持續前行。很珍惜，幾年後還能再次坐下來，延續討論，也聊聊這些年來彼此走過的路。」請繼續往下閱讀...同時，鄭也留言進一步介紹2人，聖凱老師相信大家都不陌生，他是交大的老師，謙謙有禮，現在也擔任嘉豐國小的家長會長；而憬良學長是生醫公司總經理，霸總霸總的，雙胞胎女兒今年雙雙考進竹女，真的恭喜！「兩位都是非常優秀的人才，我相信聖凱老師、憬良學長一定會將我們的美好延續下去。」2026年竹北市長選舉備受全國矚目，在「藍白合」國民黨吳旭智、民眾黨邱臣遠極力爭奪竹北市長提名代表權之際，綠營迄今尚未推派人選。民進黨新竹縣黨部主委蘇仁鑑昨才表示，潛在人選將是2選1，預計最快週五出爐送交黨中央中常會討論，若順利，可望在下週三（19日）中常會通過後核定，屆時由黨中央宣布。沒想到，鄭朝方昨晚即在脆貼出上文。據悉，傳聞中的竹北林姓商界人士、鄭朝方口中的林姓學長，應該就是林憬良。擔任智宇生醫總經理的林憬良，曾主導開發智慧照護床墊系統，並攜手台灣粒線體推出保健品、介護食品，致力於運用科技延緩長者退化、提高照護品質，並降低照護者負荷。而陽明交通大學管理學院助理教授曾聖凱，擔任嘉豐國小家長會長。長期關注都市計畫、教育與社會住宅議題，專業為都市設計。曾為民進黨披掛參選新竹縣第二選區立委，雖敗選，但持續關心及參與地方公共事務。    ,https://news.ltn.com.tw/news/politics/breakingnews/5534220
柯文哲罵政府防疫不力 沈榮欽批柯「卑劣政客」：別人防疫你在貪污,政治,2026/08/10 06:55,沈榮欽強調：「當時柯文哲忙著圖利財團、在市長室大收現金，哪有心思防疫？今日居然有臉口出惡言，實在是個卑劣政客。」（資料照）慈濟採購疫苗遭詐騙10.6億，近期此案備受關注，民眾黨創黨主席、前台北市長柯文哲昨日（9日）出席活動時批評民進黨政府在疫情時防疫不力，「如果政府有錢為什麼還要讓慈濟、鴻海還有台積電去買疫苗」？甚至爆粗口痛罵「王八蛋」。對此，加拿大約克大學副教授沈榮欽昨發文批評柯文哲「別人在防疫，而你在貪污」，提醒大眾柯文哲在防疫期間同時也在圖利沈慶京。沈榮欽昨在臉書指出，柯文哲用不堪入目的字眼羞辱台灣的防疫官員，試圖清洗記憶，「但事實是當台灣防疫官員不眠不休盡心防疫時，柯文哲正在市長室騎飛輪收300萬、忙著圖利沈慶京」。請繼續往下閱讀...隨後沈榮欽細數當年柯文哲的防疫表現，認為柯市府防疫表現可說是一塌糊塗，疫苗還沒發下去時，整天批評中央太慢，等到疫苗真的發下去，又罵中央發太快、台北市準備不及，結果全台都順利施打疫苗，只有台北市做不到。沈榮欽續指，等到台北市開始打疫苗了，又鬧出「好心肝診所」特權疫苗風波，柯文哲至今不肯揭露「特權人士Ben」的身份，居然還大言不慚地說「我來做也不會太差」。沈榮欽質疑，台北市明明有最充足的預算與人力，但在柯文哲的領導下，連最簡單的疫苗施打都烏煙瘴氣，其他防疫表現更是罄竹難書。沈榮欽也提到，幸好當時有「孟買春秋」每天聽記者會，並記錄柯文哲關於台北市防疫的荒唐言行。沈榮欽最後則強調：「如今才知道，當時柯文哲忙著圖利財團、在市長室大收現金，哪有心思防疫？今日居然有臉口出惡言，實在是個卑劣政客。」    ,https://news.ltn.com.tw/news/politics/breakingnews/5534201
民眾得退出健保資料利用、擅用可重罰1千萬  今起施行,政治,2026/08/10 06:54,「全民健康保險資料管理條例」將健保資料的利用與管理入法，8月10日起施行。（資料照）立法院會去年12月三讀通過制定「全民健康保險資料管理條例」，明定健保資料利用管理機制，並賦予民眾得請求退出健保資料利用；若未經核准擅自利用健保資料，最重可處1000萬元罰鍰，取得資料應予銷毀。行政院公告，自今（10）日起施行。許多政府單位、醫院、學術機構會將健保資料用於研究，但111年憲判字第13號判決指出，個人資料保護法規定健保資料庫供公務機關或學術機關統計或研究合憲，但欠缺個資監督機制及當事人請求停止使用規定，判定違憲，應於3年內修法。行政院去年5月通過「全民健康保險資料管理條例」草案，立法院於12月三讀。請繼續往下閱讀...根據新法，申請特定目的外利用健保資料，應以提升醫療品質與可近性、增進公共衛生、社會福利、公共利益、改善健康不平等等目的為限，且申請不得為商業使用，申請者以政府機關、行政法人，或於醫療機構、學術研究機構、大學，及受政府機關委託之大學、法人、機構為限。關於民眾退出權規範，新法規定，新法施行起30天內，衛福部、健保署應停止受理政府、醫院、學術機關使用健保資料，民眾可於30天內請求退出健保資料利用，若未於期間內退出，視為同意其健保資料為特定目的外利用，但後續民眾仍可請求退出。條文明定，若未經主管機關或保險人核准，擅自就健保資料為特定目的外利用者，由主管機關或保險人處新台幣200萬元以上、1000萬元以下罰鍰，並自處分送達日起1年內，不准其申請，已取得的健保資料應予銷毀。此外，有鑑於健保資料機敏性，以竊取、毀壞或其他非法方法危害健保資料庫設備機房者，處1年以上、7年以下有期徒刑，得併科新台幣1000萬元以下罰金；若是意圖危害國家安全或社會安定而犯前罪，將處3年以上、10年以下有期徒刑，得併科5000萬元以下罰金，從利用職務上機會犯罪，加重其刑1/2，未遂犯亦罰。    ,https://news.ltn.com.tw/news/politics/breakingnews/5534212
台中參選登記8/31-9/4進行 市長及議員在豐樂公園登記、里長則在各公所,政治,2026/08/10 06:35,年底的市長及市議員參選登記在豐樂公園綜合活動中心，屆時各政黨都會進行造勢。（資料照）九合一大選將在11月28日舉行投票，相關的選舉作業流程將在8月20日正式公告，而台中市長、台中市議員及里長的參選登記，於8月31日至9月4日進行，市長及市議員參選人登記地點在豐樂公園綜合活動中心，而里長則是在各區公所。至於東南區是否減少一席及北屯增加一席，台中市選委會表示，將會在8月20日由中選會統一公告。請繼續往下閱讀...距離年底九合一大選剩下不到4個月，相關選舉的流程在8月20日公告，屆時台中市各選區市議員應選幾席就會確定，不過，東南區由5席減為4席，北屯由6席增為7席應該底定。此外，台中市長、台中市議員及里長的參選登記，將在8月31日至9月4日受理，市長及市議員登記地點是在豐樂公園，而里長則是在各公所進行登記。今年年底的市長及市議員參選登記在豐樂公園綜合活動中心。（資料照）    ,https://news.ltn.com.tw/news/politics/breakingnews/5534203
蔣萬安當年同意疫苗資料塗黑如今喊黑箱？杜承哲轟：翻車的空安,政治,2026/08/10 06:10,杜承哲批蔣萬安在2021年疫情時開秘密會議決議將無法公開的資料遮蔽，現在拿著遮蔽後的資料指控黑箱。（翻攝自杜承哲臉書）慈濟遭疫苗掮客詐騙10.6億元，當年藍白陣營誣指中央「擋疫苗」再掀論戰，蔣萬安被當時同為立院衛環委員會召委的民進黨前立委莊競程揭露召開秘密會議，早知採購真相卻喊擋疫苗，昨卻指資料3分之2都遮蔽、塗黑，還要封存30年，對此，莊競程痛批蔣「決議遮蔽，還指控黑箱！」台中名醫杜承哲更大酸蔣是「跳針的背稿機」，砲轟是「黑箱安」、「翻車的空安！」新竹市長參選人莊競程揭露蔣萬安當時召開秘密會議，陳時中會中完整說明疫苗採購的進度與困難，包括全球疫苗供不應求、各國競逐有限供貨，以及政府面臨的國際競爭、外交壓力與保密限制，蔣當時會中提不出任何質疑，卻在走出會議室後對外散播政府擋疫苗的謠言，把全民防疫變成政治攻防工具。請繼續往下閱讀...不料蔣萬安昨卻稱當年秘密會議提供的資料，3分之2都遮蔽、塗黑，包括採購數量、價格完全規避監督，不管是相關的採購數量、期程、價格等，規避立法院的監督，還要封存30年。對此說法，莊競程再次打臉蔣萬安，指「神也是你、鬼也是你」，蔣在秘密會決議將無法公開的資料遮蔽，現在拿著遮蔽後的資料指控黑箱，明明知道完整的疫苗採購流程，從採購公文、會議紀錄，到與廠商e-mail 往來，知道當時面臨的各種困難，卻反過來指控政府阻擋疫苗採購，更是昧於良心、非常惡劣。杜承哲也發文痛批蔣萬安「塗黑就是你同意、你決議的」，卻回應「對啊塗黑2/3，黑箱黑箱」，這是跳針的背稿機，如果當時會中不滿意為何不講，直指蔣才是「黑箱安！」杜承哲再指，高端後來氣不過，隔年2022年把價格直接公布（政府採購500萬劑其中20萬劑贈送、每劑換算約840元），後續被人家知道價格會變得很難銷售，也就不管了，質疑蔣萬安除了價格，還有什麼想給大家知道的，怒轟根本是「蔣不出來」、「翻車的空安！」    ,https://news.ltn.com.tw/news/politics/breakingnews/5534190
漢光演習》憲兵北捷移防 疑「美語老師」現身,政治,2026/08/10 05:30,「漢光42號」演習實兵演練，憲兵202指揮部操演兵力、物資快速運用，從西門捷運站進入到南港車站（記者王藝菘攝）國軍「漢光四十二號演習」今起進入下半場，官兵仍不畏風雨持續操演；昨日凌晨，衛戍首都的憲兵二〇二指揮部模擬中共兵力東面突襲，以台北捷運既有地下通道派遣兵力增援，現場並有五、六名外籍人士逗留，疑為美方派來觀察演練的「美語老師」。憲兵指揮部昨表示，此次「部隊機動及後勤補給任務」聯合台北市政府、台北捷運公司及台北市警察局，運用捷運地下化設施掩蔽、防護優勢，快速運補兵力、糧秣和彈藥，並導入TAK「部隊覺知應用套件」建構共同作戰圖像，強化城鎮防衛作戰韌性。請繼續往下閱讀...據了解，二〇二指揮部昨日午夜接獲命令下達後，增援部隊隨即進入北捷西門站、利用捷運快速運輸物資，並模擬無電情境下，以柴油工具車續進至南港展覽館一帶；另批物資則以中型戰術輪車載運，經平面道路先行送抵戰術據點囤置。凌晨一時四十七分，經捷運地下通道機動的憲兵部隊抵達捷運南港展覽館站、並兵分多路戒護物資運送。此次操演是繼去年漢光四十一號演習、今年七月「聯合防禦操演」後，第三度運用北捷設施，演練兵力移防及物資轉移。此次操演官兵普遍配備新式國造T112步槍、紅隼火箭彈，另有部分官兵手持M4A1突擊步槍並配戴雙眼雙筒夜視鏡，更首度配合城市作戰情境、換裝全灰階「環境迷彩」。記者深夜於捷運南港展覽館站直擊約五、六名身形高大的外籍人士逗留，直至末班車駛離仍未離開，有高機率為特地前來觀察演練的「美語老師」。    ,https://news.ltn.com.tw/news/politics/paper/1766038
政府文宣屢見中共圖樣 官員：標案應明文禁用,政治,2026/08/10 05:30,日月潭風景區管理處8日在車埕舉辦「鐵道音樂嘉年華」，其中一日站長體驗活動，現場竟提供多頂有中共五星國徽的車長帽供民眾配戴拍照。（讀者提供）交通部觀光署日月潭風景區管理處八日在車埕舉辦「鐵道音樂嘉年華」，其中一日站長體驗活動，竟提供多頂有中共五星國徽的車長帽供民眾配戴拍照。熟稔中共統戰的官員昨日受訪批評，以後政府標單要明定清楚，不得出現中國五星旗、中共國徽等，尤其與國家主權象徵有關的物品；民進黨立委王定宇也要求各級單位加強辨識能力，對於國家的界線要有戒心。綠委：各單位對國家的界線要有戒心台灣政府機關、地方政府舉辦各式活動、製作文宣，屢被民眾發現出現中國五星旗、中共國徽或中國軍警相關圖像。二〇二〇年台中市警察局委外製作交通宣導海報，被發現使用穿著中國交通警察制服的卡通人物；同年，高雄市警察局交通大隊印製「汽機車安全駕駛」宣導摺頁，文宣上也出現中國五星旗。請繼續往下閱讀...二〇二三年，台中市政府轄下原住民族文化館館外交通簡介看板，因位於清泉崗機場附近，圖示中繪有軍機，該軍機掛著中國五星旗；另外，定期在日本東京代代木公園舉行，二〇二四年由我國駐日代表處擔任後援單位的「台灣祭」活動，攤商招牌中的「台灣」兩字之間竟出現中國五星旗。二〇二六年八月，台中市政府住宅發展工程處政風室製作「消費者保護法宣導圖卡」，卻在介紹中央主管機關時，直接置入中華人民共和國國徽。本月八日「鐵道音樂嘉年華」一日站長體驗活動，主辦單位提供多頂中共國徽的車長帽供民眾配戴拍照。對此，熟稔中共統戰官員表示，通常是委託的廠商出錯，政府標單應該要明定清楚，要求不得出現中國五星旗、中共國徽等，尤其與國家主權象徵有關的物品。這都攸關國家尊嚴，政府單位要嚴加把關。王定宇表示，公務體系中部分人員，缺乏敵我觀念，對於國家的界線沒有戒心。當五星旗徽章在公務體系裡面，竟毫無知覺地拿來當作展示宣傳的用途，顯示我國面對敵情威脅的敵我意識非常的模糊，中共更可以利用這樣模糊的界線進行滲透、分化，影響台灣的安全。    ,https://news.ltn.com.tw/news/politics/paper/1766042
漢光演習》操演戰傷救護 大量前接後送,政治,2026/08/10 05:30,把握黃金救援時間，第五作戰區戰場衛勤前支演練 展現防衛醫療韌性。（記者蔡政珉攝）漢光四十二號演習實兵驗證昨進入第五天，國軍在台南、苗栗進行救護演練，並在桃園模擬化學污染排除，過程流暢逼真。第四作戰區步兵部隊在台南市中心操演「大量傷患前接後送」，狀況想定第一線陣地遭敵砲擊產生大量傷患，單兵實施基礎戰傷救護，第一時間確認大量出血並打上止血帶，再攙扶至連隊傷患集中處，並請求營級救護站或四支部支援。請繼續往下閱讀...官兵在狀況下達後，迅速展開戰術戰傷救護、分類檢傷、野戰救護車接駁及後送地方醫院，展現平戰醫療整備能量及傷患救護效能。第五作戰區教召部隊則模擬部隊遭受敵軍攻擊導致官兵大量傷亡，傷患第一時間由中部「營救護站」依「前接、後送、穩定、分流」四大原則，迅速完成戰場初級救護、檢傷分類、現場穩定處置後，完成病患轉運任務。陸軍後勤指揮部所屬第五地區支援指揮部彈藥庫，昨日下午執行演習彈藥運補作業，期間委託民用大貨車載運八吋榴彈，行經台十三線苗栗縣造橋鄉下坡連續彎道路段時，疑因繫固帶快解鎖鬆脫，導致部分彈藥滑落路面；軍方迅速完成安全處置與吊運，續行運送任務；現場人、裝、車均無損傷。至於第三作戰區（陸軍第六軍團）所屬化學兵部隊昨在台灣中油桃園煉油廠，演練煉油廠油槽遭敵軍攻擊，桃煉廠人員搶修過程疑似受到不明污染，國軍也透過消毒站偵檢與消除作業排除污染；化學兵部隊則出動MD-105重型消毒車，對著被污染的馬路進行偵消。    ,https://news.ltn.com.tw/news/politics/paper/1766037
自由日日Shoot》長崎原爆紀念儀式「矮化台灣」 李逸洋拒出席 批長崎市府屈從中國,政治,2026/08/10 05:30,日本長崎市九日舉行原爆和平祈念儀式，長崎市政府刻意矮化台灣地位，將台灣代表安排在使節團區域之外；圖為長崎市長鈴木史朗。（歐新社）台灣代表座位被安排使節團區之外日本長崎市九日舉行原爆和平祈念儀式，駐日代表李逸洋不滿長崎市政府持續將台灣代表安排在使節團區域之外，刻意矮化台灣地位，決定不出席，改由駐福岡辦事處長陳銘俊代表與會。李逸洋痛批，長崎市政府屈從中國立場，貶抑追求和平且長期友好的台灣，令人遺憾且失望，更形同淪為中國對台法律戰的執行工具。李逸洋指出，廣島、長崎原爆中也有不少台灣人罹難，台灣希望透過參與紀念儀式，向世界宣示維護和平的決心，與民主國家共同努力。去年台灣首次出席長崎和平祈念儀式時，即曾因席次安排不公，會後立即提出嚴正抗議。相較之下，廣島市近兩年均向包括台灣在內的各國及地區寄發通知，由各方自行決定是否出席，他也連續兩年親自出席廣島和平紀念儀式。請繼續往下閱讀...李抗議：淪為中國對台法律戰工具李表示，一年來，包括多位日本友台重量級國會議員、地方議員及民間團體，均曾向長崎市政府交涉，希望比照廣島市改善台灣待遇，但長崎市政府今年仍堅持將台灣代表安排在使節團之外，他因此決定降低出席層級表達抗議。李逸洋表示，台灣與日本友誼深厚，不僅台積電熊本投資帶動九州經濟發展，熊本強震後，台灣政府、企業及民間也迅速展開募款與援助。台灣與中國互不隸屬，長崎市政府卻配合北京「台灣非國家、台灣屬於中國」的政治主張，實際上已成為中國對台法律戰的執行工具，他要表達最嚴正的抗議與譴責。日本長崎市九日舉行原爆和平祈念儀式，長崎市政府刻意矮化台灣地位，將台灣代表安排在使節團區域之外。（歐新社）    ,https://news.ltn.com.tw/news/politics/paper/1766032
民進黨竹北市長人選 最快本週五出爐,政治,2026/08/10 05:30,民進黨徵召新竹縣竹北市長作業有新進度！縣黨部主委蘇仁鑑證實，潛在人選從原來五人回到二選一，兩人幾乎都算政治素人，其一完全沒參選經驗。預計最快週五出爐送交黨中央中常會討論，若順利，可望在下週三（十九日）中常會通過後核定，屆時由黨中央宣布。縣黨部主委蘇仁鑑︰政治素人二選一年底竹北市長選舉備受全國矚目，自從民進黨籍竹北市長鄭朝方六月十日接受黨中央徵召轉戰縣長，新竹縣黨部就陸續盤點可接棒選竹北市長的潛在人選，被點名的有縣議員歐陽霆、國立陽明交通大學跨領域設計科學研究中心副主任曾聖凱，以及鄭朝方經商的林姓同學，後來口袋名單又多了某中央在職人員和科技新貴。請繼續往下閱讀...以前述五人比對蘇仁鑑所說的特質，最後呼之欲出的極可能就是曾聖凱和林姓商界人士，但蘇仁鑑賣關子，強調後續還須先經縣黨部執委會討論通過，提報黨中央中常會確認核定才公布。可以確定的是，兩人幾乎可說是政治素人，其一完全沒參選經驗。而考慮徵召作業得晚，要迎頭趕上藍、白營對手吳旭智與邱臣遠的知名度優勢，自身須有非常強的「爆發力」，有想法、能論述，才能讓竹北市民驚豔。    ,https://news.ltn.com.tw/news/politics/paper/1766103
漢光演習》濱指部首度跨海澎湖 雄風戰術部署,政治,2026/08/10 05:30,總統賴清德前往桃園校閱「要域火殲」實兵演練，並視導21砲指部防空營「復仇者飛彈部隊」。（總統府提供）漢光四十二號演習昨進入第五天，國軍昨在桃園及台中進行「要域火殲」實兵演練；海軍濱海作戰指揮部搭載「雄風」反艦飛彈的發射車，在澎湖實施戰術部署。桃、中「要域火殲」演練白海豚颱風外圍環流帶來風雨，總統賴清德昨身著雨衣、戴上軍帽，在國安會秘書長吳釗燮、國防部長顧立雄等人陪同下前往桃園，先於觀景平台聽取戰場簡報，瞭解「桃中作戰分區」火力整體運用及「要域火殲」任務執行規劃。請繼續往下閱讀...總統冒雨視導演習隨後，總統到防空陣地視導二一砲指部防空營「復仇者飛彈部隊」，現場官兵身著數位迷彩服與防護裝備，熟練操作防空飛彈系統與追蹤雷達，展示高度戰備能力與應變效率，最後，總統也頒發加菜金，慰勉官兵辛勞。至於中台灣，第五作戰區戰鬥部隊昨接獲旅火力協調中心射擊指令後，前進觀測組在海灘發現登陸的敵軍，立即回傳目標位置及觀測到的方位數據，向連射擊指揮所提出火力要求，迅速展開火力打擊。陸軍58砲指部在接獲作戰區火協命令後，指管車立刻指派海馬士多管火箭實施跨區火力增援，官兵冒著風雨，在最短時間內從隱藏點抵達射擊位置，並升起發射架，在接收目標參數後，模擬發射火箭對敵打擊，並於完成射擊任務後立刻轉換陣地。為強化台海制海、濱海打擊能力，海軍濱海作戰指揮部搭載「雄風」反艦飛彈的發射車，在澎湖實施戰術部署，並模擬依目標情資遂行聯合火力打擊。知情人士表示，這是海軍濱指部今年七月正式成軍後，機動飛彈車首度執行跨海部署任務，強化台灣海峽關鍵海域的火力涵蓋能力。    ,https://news.ltn.com.tw/news/politics/paper/1766036
扯！體驗一日站長 頭戴中共國徽帽,政治,2026/08/10 05:30,日月潭風景區管理處8日在車埕舉辦「鐵道音樂嘉年華」，其中一日站長體驗活動，現場竟提供多頂有中共五星國徽的車長帽供民眾配戴拍照。（讀者提供）車埕鐵道音樂嘉年華染紅 學者：建立國家識別審核機制為慶祝集集線復駛，交通部觀光署日月潭風景區管理處（日管處）八日在車埕火車站鐵道廣場舉辦「鐵道音樂嘉年華」，其中一日站長體驗活動，竟然提供多頂中共五星國徽的車長帽供民眾配戴拍照，令家長傻眼；日管處表示，委辦廠商忘記把首次買錯的道具帽拿走，另一組場佈人員就全部布置，該處疏忽沒有現場再次檢查，對此深感抱歉。觀光署署長陳玉秀則表示，會對相關人員進行懲處。請繼續往下閱讀...觀光署：廠商輕忽 日管處監督不力將懲處台中市政府住宅處政風室日前發布給社宅配合張貼的宣傳公告上，被發現介紹中央主管機關配圖竟是「中國國徽」，引發民眾質疑台中市府「自行回歸祖國懷抱」。無獨有偶，有民眾向本報爆料，他於八月八日在車埕站舉辦的「鐵道音樂嘉年華」，活動佈置「我在車埕站等你」立牌，現場提供給民眾穿戴的道具竟有多頂中國國徽車長帽，男女樣式都有，分別與台鐵的帽子放在一起，很多不知情家長、小孩戴著拍照，這是公家單位舉辦的活動，實在非常離譜。日管處表示，廠商告知曾上網買了兩次帽子，第一次貨品寄到後發現帽子上有中國國徽，趕緊再次上網購買台鐵車長帽；活動前一日廠商把活動道具集中一處，卻忘了把第一次買錯的表演帽拿掉，另一組場佈人員將所有道具全部帶到現場布置。廠商昨坦承有嚴重疏失；觀光署署長陳玉秀表示，這次廠商太輕忽，會依照委辦契約狀況處理，日月潭風管處身為委託單位，現場監督不到位也有責任，她會對相關人員進行懲處。東海大學陸研中心副執行長洪浦釗受訪表示，單一事件可以解釋為疏失，類似事件接連發生，就要問我們的公務體系是不是對中國政治符號失去了應有的辨識與警覺。政府活動讓中國國徽一路進到現場，甚至戴到民眾與小朋友頭上，不能查完原因就算了。「中國的政治符號透過商品、網路素材、AI生成內容等，透過不同管道進入台灣社會！」洪浦釗說，中央與地方公務體系都需要具備基本辨識能力，並建立明確的國家識別審核機制，對外發布或公開使用前都應完成查核。洪建議，公務採購與委外活動也應把國家識別納入驗收項目，要求承辦單位與廠商負起審核責任，不能把內容製作交出去，政府的責任也跟著外包。中央也應針對近期事件提出共同審核原則，讓中央與地方機關有所依循。    ,https://news.ltn.com.tw/news/politics/paper/1766041
鄭再拋「台灣從不是國家」說法 綠營剖析2大動機：掩飾選戰無能,政治,2026/08/10 05:30,國民黨主席鄭麗文。（資料照）國民黨主席鄭麗文近期再拋「兩岸同屬一中」、「台灣從來不是一個國家」及「和平統一條件」等極端兩岸論述，民進黨人士昨分析鄭有兩大動機，一是掩飾其無法解決年底選戰藍營分裂的無能，二是在「黨內沒人理」的困境下，只能孤注一擲博版面、搶聲量。「黨內沒人理」 孤注一擲博版面、搶聲量針對鄭麗文近來言論，民進黨人士痛批，這是否定台灣，否定自己，更是羞辱全體國人，令人感到不可思議。從鄭上任到「習鄭會」以來，捲起一陣「急統勢力崛起」的急統泡沫，但以台北市長蔣萬安、台中市長盧秀燕為首的地方諸侯，以及台中市長參選人江啟臣、高雄市長參選人柯志恩等選將都選擇與她保持距離。請繼續往下閱讀...民進黨人士指出，蔣萬安先前以問題油事件號召民眾上凱道，藍營內部與支持者迅速向其靠攏、凸顯蔣「藍營共主」地位，也讓鄭麗文加速被邊緣化。先前鄭在軍購案、無人機條例等關鍵議題都有表態，全遭黨內冷處理，近來連國民黨籍立法院長韓國瑜都極力處理總預算案，種種跡象顯示，國民黨內深知鄭的極端路線，對迎戰年底選戰極為不利。至於鄭麗文為什麼此時再拋極端兩岸論述？民進黨人士剖析，鄭企圖挑起統獨爭議拉抬個人黨內地位，掩飾無法解決竹縣、彰化、宜蘭等地分裂的無能，特別是上週國民黨到新竹縣召開行動中常會，副縣長陳見賢依然沒有現身，顯見鄭至今對地方整合「完全沒有貢獻」。民進黨人士表示，國民黨無論是盧秀燕、蔣萬安還是鄭麗文，慣用製造對立掩飾自身無能，就像蔣動輒要賴總統道歉、倒閣來拉高自身層級、轉移市政焦點；鄭麗文被黨內排除後，也故技重施搶救聲量。對於鄭麗文近日稱「台灣從未獨立過，也從來不是一個國家，民進黨說台灣已經獨立是胡說八道。」民進黨立委林俊憲批評，台灣當然是個主權獨立的國家，名字叫中華民國，否定台灣主權獨立，這是共產黨的立場；按照國民黨的黨綱，國民黨是一個反共的政黨，鄭的論述完全配合共產黨的主張，實在是很大的諷刺。林俊憲諷說，鄭麗文以前在民進黨是最激進的，真正的外省獨派就是鄭麗文，跑到國民黨反而否定中華民國台灣的存在，「連腦袋都換掉了」。    ,https://news.ltn.com.tw/news/politics/paper/1766044
美退將：台灣強化韌性 須與美日緊密合作,政治,2026/08/10 05:30,福和會與日本戰略研究論壇合辦的「民主之盾」論壇昨落幕。美國退役海軍少將蒙哥馬利（左二）表示，台灣社會韌性所面臨挑戰已超越國內議題範疇，必須與美日盟友緊密合作。（記者叢昌瑾攝）福和會與日本戰略研究論壇合辦的「民主之盾」台美日三邊合作機制倡議論壇昨圓滿落幕。美國退役海軍少將蒙哥馬利於會後記者會表示，政府各部門應對危機的協同作戰能力至關重要，應提前溝通、制定計畫，以確保海上安全航行；台灣社會韌性所面臨挑戰已超越國內議題範疇，必須與美日盟友緊密合作。跨國協同作戰 確保航行安全福和會與日本戰略研究論壇（JFSS）八日於台北舉辦「福和會『民主之盾』台美日三邊合作機制倡議論壇」，共同研討面對災難時，台、日、美各項關鍵基礎設施防護、民生供應韌性及跨部門危機應變合作機制，九日舉辦「『民主之盾』台日美三邊合作機制倡議-第一次政經模擬推演記者會」。請繼續往下閱讀...前美國海軍第七艦隊指揮官蒙哥馬利表示，本次模擬推演的重點為強調必須提前做好準備，並且釐清必要需求，政府各部門都必須建構「協同作戰能力」，方能在遭遇颱風、地震等危機時，進行良好溝通與規劃。蒙哥馬利認為，近九十五％的貿易都透過海上運輸，確保海上安全航行並引導船隻提供救援的權責掌握在海巡及海軍手中，因此，在本次論壇中，針對如何事前規劃以確保跨國協同作戰能力進行了許多討論。蒙哥馬利也讚許，總統賴清德政府建構全社會防衛韌性的作為表現出色，致力於確保若面臨能源、通訊、金融等面向的危機時，社會都能做好準備。他也指出，台灣社會韌性所面臨的挑戰已超越國內議題的範疇，必須與夥伴、美日盟友緊密合作。日本戰略研究論壇顧問埃德里奇則表示，台灣的和平繁榮不僅對台灣人民及國際社會都至關重要，國際社會在確保台灣的和平與繁榮上，扮演不可或缺的角色。民進黨立委陳培瑜表示，希望能藉由論壇向國際社會傳達，台灣正努力在全社會防衛韌性積極做準備，也期望讓台灣人民知道，無論政黨意識、價值觀為何，讓台灣國內保持團結、持續進步才是最重要的。    ,https://news.ltn.com.tw/news/politics/paper/1766035
漢光42號演習 憲兵北捷運補 城市迷彩亮相,政治,2026/08/10 05:30,衛戍首都的憲兵昨天凌晨實施戰略物資轉移，此次任務官兵身披仍在試行中的灰階城市迷彩，利用北捷現有地下化軌道設施進行機動作戰任務。（記者王藝菘攝）國軍「漢光42號演習」進入第五天，面對中共陸續派兵登陸，我模擬市區戰時遭受攻擊、電力受限等情境，為延長部隊持續作戰能力，衛戍首都的憲兵昨天凌晨實施戰略物資轉移，利用北捷現有地下化軌道設施進行機動，此次任務官兵身披仍在試行中的灰階城市迷彩，在先行部隊全程警戒下，順利將彈藥前送至戰術位置囤置。（記者陳治程）衛戍首都的憲兵昨天凌晨實施戰略物資轉移，利用北捷現有地下化軌道設施進行機動。（軍聞社）    ,https://news.ltn.com.tw/news/politics/paper/1766034
原爆紀念典禮矮化台灣》長崎兩度引發外交爭議 與廣島形成對比,政治,2026/08/10 05:30,駐日代表李逸洋（左2）率駐大阪辦事處長范振國（中）等5人組成台灣代表團出席，日前出席今年的廣島和平紀念儀式。（駐日代表處提供）長崎市政府舉行的原爆和平祈念儀式，刻意矮化台灣地位，台灣今年決定降低出席層級以示抗議。此事在日本引發議論，社群平台出現為台灣抱屈的聲音，有人更直指「長崎是在看中國臉色」。事實上，長崎在二〇二四年曾拒絕邀請以色列，去年和今年更持續矮化台灣代表團地位，也讓外界開始質疑長崎市的和平理念是否受到政治因素左右。長崎和廣島兩個在二次世界大戰時期遭到原子彈轟炸的都市，去年擴大邀請出席和平祈念儀式名單，除為紀念原爆八十週年，主要原因與長崎在二〇二四年拒邀以色列參加引發國際非議有關。請繼續往下閱讀...二〇二四年加薩戰爭持續之際，長崎宣布不邀請以色列駐日大使出席和平祈念儀式，導致七大工業國集團（G7）及歐盟各國代表共同表達不滿，美國駐日大使易曼紐更以拒絕出席長崎典禮，以示抗議。這項爭議也促使廣島市率先改變過去僅邀請外交承認國家的作法，向包括台灣在內的各國及地區寄送通知，由各方自行決定是否出席，因此台灣首次取得參加的機會，駐日代表李逸洋也連續兩年以與各國使節相近的待遇參與儀式。然而，長崎市卻堅持沿用既有制度，只向在日本設有外交使館的國家寄發正式邀請，或向在聯合國設有代表處的國家寄送通知。台灣兩者皆不符合，因此只能在主動表達出席意願後，由市府另行安排席位，而且座位安排始終位於使節團之外。去年李逸洋出席後，曾對此種待遇表示抗議，而近一年來，不僅日本友台國會議員持續向長崎市交涉，要求改善台灣待遇，日本參政黨今年六月也正式發表聲明，要求長崎正式邀請台灣代表及台灣原爆受害者出席，日本輿論亦要求長崎改變作法，甚至有許多民眾直接向長崎市府反映，為台灣叫屈。今年典禮前夕，「西日本新聞」刊出駐福岡辦事處處長陳銘俊的專訪。陳銘俊表示，長崎原爆同樣有台灣受害者，「為何不能與大家站在相同立場，追悼逝去的靈魂？」被質疑「看中國臉色」廣島已證明可以在不涉及外交承認的情況下邀請台灣，長崎卻堅持不修改制度，使外界認為其顧慮中國對「一個中國原則」的反應。由於歷史、港口及地方經濟關係，長崎長年重視對中交流，與中國地方城市維持密切往來，立場也被認為較為「親中」。日本輿論認為，在台日關係日益密切、台灣長年支持日本震災救援之際，長崎若仍堅持以外交承認作為形式門檻，不僅與和平紀念儀式「超越國界、共同悼念」的宗旨有所落差，也難免引發外界質疑其過度「看中國臉色」。    ,https://news.ltn.com.tw/news/politics/paper/1766039
鄭再拋「台灣從不是國家」說法 藍營選將：步步為營 見招拆招,政治,2026/08/10 05:30,國民黨主席鄭麗文。（資料照）國民黨主席鄭麗文近日受訪，強調「台灣從來沒有獨立過，台灣也從來不是一個國家」。一名國民黨縣市長參選人昨表示，台灣的選舉非常淺碟，民進黨又很會操弄意識形態，最後一週只要一、兩個議題就可能翻盤，會繼續步步為營、見招拆招。鄭麗文日前接受「政經關不了」節目專訪表示，中華民國憲法就是「一中憲法」，九二共識的內容就是兩岸同屬一中；鄭更強調，「台灣從來沒有獨立過，台灣也從來不是一個國家」。國民黨是否想與中國談和平統一？鄭麗文說，要等到國民黨執政以後，才有辦法真正的推出政策予以落實，兩岸一定立刻春暖花開。請繼續往下閱讀...一名國民黨縣市長參選人指出，鄭麗文訪中時，中國國家主席習近平講得相當平和，讓很多中間選民看到，兩岸追求和平是有可能達成的，但是一有這個轉變趨勢出現的時候，民進黨又來了，將台海兩岸關係變成是要親美還是親中，這招真的很厲害。這名縣市長參選人表示，親美還是親中，這種話講得輕飄飄的，看起來沒有什麼殺傷力，裡面就暗藏玄機、殺機。台灣地狹人稠，選舉非常淺碟，操弄意識形態，最後一週只要一、兩個議題就可能翻盤，贏就變輸了，所以領先的縣市都不能大意，奧步就會出現在這種地方。中常委：鄭聲望高漲 反鄭勢力芒刺在背一名國民黨中常委指出，鄭麗文與習近平會面取得高度聲望，六月接著訪美，這股政治氣勢與對外政策的亮眼成績，讓黨內反鄭勢力感到芒刺在背。這名中常委表示，反鄭勢力深怕若鄭的聲望持續擴張，未來二〇二八大選無論誰出線，都將難以擺脫鄭的領導路線。因此才不斷釋出鄭麗文「親中」路線，很難讓國民黨穩住現有地方執政版圖，可能掉三到五個縣市，更不用談二〇二八年總統大選能打敗民進黨等流言斐語，不過這些對鄭麗文的領導地位造成的負面影響仍相當有限。前黨務人士：自提無人機條例 打臉自己一名反鄭的前黨務人士則表示，鄭麗文雖然一直提倡和平，事實上卻做不到，因為中共的「一中」就是中華人民共和國，沒有容得下中華民國的餘地。國民黨數個月前就應支持一．二五兆元軍購，而不是現在又提出黨版無人機條例，挖東牆、補西牆，這樣做豈不是打臉自己，只是為了鬥民進黨？這樣做對年底選情不會有幫助。    ,https://news.ltn.com.tw/news/politics/paper/1766045
林國漳成立扶輪後援會 社友喊話找回宜蘭榮耀,政治,2026/08/10 05:30,"民進黨宜蘭縣長參選人林國漳（前排中）昨天成立扶輪後援會，大批社友齊聚相挺。（林國漳競辦提供）民進黨宜蘭縣長參選人林國漳昨天成立扶輪後援會，大批扶輪社友齊聚相挺，喊出「這次支持，為了找回宜蘭的榮耀」，扶輪後援會總會長謝漢池、總召曹光炎肯定林國漳的勤懇與專業。立委王義川及陳俊宇、前宜蘭市長江聰淵、蘇澳鎮長暨議員參選人李明哲、宜蘭市長參選人韓瑩、羅東鎮長參選人黃適超、礁溪鄉長參選人吳亞蓁、議員參選人游國連等人，都到場加油打氣。請繼續往下閱讀...林國漳回憶，他與扶輪社緣分有三十多年，從昔日受領獎學金的學子，到回鄉服務社會並擔任社長，把扶輪社「是否各方得到公平」等四大考驗奉為處事圭臬，未來入主縣府，將以此標準自我檢驗，他也端出務實政見，包含生育補助提高至三萬元、推動零至十八歲成長基金與幼兒免掛號費、每年一萬兩千點的智慧敬老卡，透過實質社福資源，做一個照顧全民的好縣長。王義川指出，宜蘭歷任縣長奠定清廉、勤政、愛鄉土招牌，近年卻因現任首長官司纏身，讓縣民顏面無光，推舉林國漳就是要讓宜蘭人再次抬起頭，他痛批對手陣營在立法院屢屢杯葛總預算，阻擋攸關產業與國防的無人機預算，提醒鄉親支持真正懂產業趨勢、實實在在做事的林國漳。    ",https://news.ltn.com.tw/news/politics/paper/1766096
蘇巧慧推動淡海醫療園區 李四川提全齡健康,政治,2026/08/10 05:30,民進黨新北市長參選人蘇巧慧（前排右三）昨和新北市議員參選人游明諺（前排右四）於淡水舉辦座談會。（記者黃政嘉攝）民進黨新北市長參選人蘇巧慧昨和市議員參選人游明諺舉辦座談會，蘇巧慧表示，將推動淡海新市鎮增設醫療園區，打造智慧科學產業聚落；國民黨新北市長參選人李四川出席三峽區全民運動會，承諾促進市民全齡健康，並加速推動「新北巨蛋城」，帶動溪南地區發展。蘇︰打造北海岸智慧科學產業聚落蘇巧慧表示，游明諺有十年國會及地方幕僚經驗，長年扎根淡水、八里、三芝和石門，是「找得到人、事情能處理」的行動派；未來她會和游明諺共同推動淡海新市鎮增設醫療園區，並打造智慧科學產業聚落，讓北海岸居民獲得更完善的醫療照顧，創造在地就業機會。請繼續往下閱讀...李︰加速新北巨蛋城 帶動溪南地區發展李四川指出，台灣邁入高齡化社會，若從年輕時期培養運動習慣，有助延長健康餘命，未來將強化全齡運動設施，提升新北運動環境和風氣，促進市民全齡健康，鼓勵長者走出家門運動，在地健康樂活。另加速推動新北大巨蛋，除了兼具運動賽事與展演機能，也提升周邊機能，串聯土城、樹林、三峽、鶯歌等地區，帶動地方發展。新北市議會國民黨團質疑，原定落腳三鶯地區的國立原住民族博物館遭民進黨政府改址高雄，蘇巧慧沒作為。李四川說，蘇巧慧是立委，又號稱原住民媳婦，父親蘇貞昌曾任行政院長，應說清楚為何沒把原博館要回新北？蘇巧慧回應，最近國民黨的情緒性發言愈來愈多，選舉真的不用選成這樣；她將從生活、文化、制度照顧原住民，例如租金補貼、歲時祭儀交通補助或頭目文化傳承事務費等，未來希望「預算加倍、照顧加倍」。國民黨新北市長參選人李四川（前排右三）表示，他會全力推廣運動風氣，並發揮實際經驗加速推動「新北巨蛋城」。（記者黃政嘉攝）    ,https://news.ltn.com.tw/news/politics/paper/1766097
檢抗告成功》議長吳秀華家族「東映」農路案 台東農業處長等2官員羈押禁見,政治,2026/08/10 05:30,台東縣政府農業處長許家豪（左）、前科長蔡明翰涉嫌圖利議長吳秀華家族東映渡假村開路案，台東地院昨天重新召開羈押庭審理，裁定將兩人羈押禁見。（資料照）台東地檢署偵辦縣政府農業處長許家豪、前科長蔡明翰涉嫌圖利議長吳秀華家族東映渡假村開路案，經二度提起抗告後，花蓮高分院撤銷原先台東地院提高交保金的羈押替代處分，發回更裁；台東地院昨天重新召開羈押庭審理，最終採納檢方主張，認為有串供滅證之虞，裁定將兩人羈押禁見。檢方偵辦腳步是否會傳喚吳秀華或其家人，備受關注。許家豪、蔡明翰 涉犯圖利罪 台東縣議長吳秀華家族與三地集團董事長鍾嘉村合資在台東市建和山區購買卅八筆農地，其中有七公頃多規劃變更地目興建東映渡假村，台東縣議員林參天檢舉指聯外農路原本僅三公尺寬，但縣府拓寬為八到十五公尺寬，與一般農路至多六公尺寬相較之下，明顯是為吳家投資案量身打造。請繼續往下閱讀...經檢調偵辦，縣府農業處有五人列被告，副處長、承辦人均交保，處長許家豪及前科長蔡明翰日前遭檢方以涉犯貪污罪的圖利罪聲請羈押，台東地院原裁及更裁均裁定交保；但檢察官認為，光靠提高交保金仍無法確保證據保全，被告等人確實有羈押之必要，二度抗告成功，台東地院昨天下午再召開羈押庭，裁定兩人均羈押禁見。檢是否傳喚吳秀華 外界關注檢方自七月廿九日搜索農業處等相關處所並傳訊相關被告至今，除了持續不輟爭取羈押，同步持續傳喚其他關係人，欲釐清農路拓寬案是否有人施壓。據了解，已有部分被告供述有縣府之外的力量介入，當中是否包括吳家人，更受到關注。不過，對於相關偵辦進度，檢方強調，本案之犯罪情節及涉案人員為何，將依法切實釐清，請外界勿過度臆測。    ,https://news.ltn.com.tw/news/politics/paper/1766033
謠言終結站》拍飛機螺旋槳被法辦？ 滑行時禁用手機！,政治,2026/08/10 05:30,謠言終結站》網傳內容：飛機落地還不能拍？台東旅客今年四月拍飛機螺旋槳被法辦。查證結果：台灣事實查核中心查證，台東地檢署表示，由於該飛行器屬於較小型的飛機，容易受到3C訊號干擾。德安航空公司在旅客運送契約內有載明「飛行階段禁用手機」，降落後滑行期間仍屬於飛航階段，該名旅客於滑行期間使用手機，違反禁止使用手機的規定，開罰與拍攝行為無關。網傳為錯誤內容。    ,https://news.ltn.com.tw/news/politics/paper/1766046
冷眼集》誰要跟鄭麗文回到從前？,政治,2026/08/10 05:30,國民黨主席鄭麗文。（資料照）記者鄒景雯／特稿國民黨主席鄭麗文新近標舉「回到馬英九那八年」的藍色願景，隨之帶來兩個問題，那八年的光景究竟如何？有多少人因懷念而想回到從前？鄭主席的原句是這樣說的：她和習近平的見面就是要證明給大家看，「在九二共識、反對台獨的基礎上，我們在兩岸一家親、兩岸一家人這樣的基礎上，兩岸絕對可以，不但回到前總統馬英九那八年，還會有更多更好的發展」。言下之意很清楚，她認為那八年（二〇〇八到二〇一六）比現在好，當時的國家路線比較正確。請繼續往下閱讀...要進行時代比較，總要有一些客觀的數據。我們不妨設定幾個指標來比一比，馬政府時期的平均經濟成長率（GDP）大約二．八％，平均失業率約四．四七％，人均所得約一八〇〇〇美元到二二〇〇〇美元，台股加權指數至卸任前維持在八〇〇〇到八五〇〇點之間，八年來未能站穩萬點。而馬英九在競選時提出的六三三政見（經濟成長率六％、人均所得三萬美元、失業率三％以下），從來就沒能兌現，甚至因廿二K的實習方案造成薪資地板效應。至於現在呢？賴政府兩年多的經濟成長率，二〇二四年約四．五九％到五．六％，二〇二五年達八．六八％，二〇二六年上半年已經衝到十三．七二％。平均失業率約三．三八％到三．〇％區間，平均每人GDP從約三．四萬美元突破到四萬美元大關，台股加權指數則從上任時的二一〇〇〇點一路攀升到現在突破四萬點。馬賴兩個時期的政策發展方向，在主觀意志與客觀環境上皆迥然不同。馬政府力拚對中國的貿易自由化，獲得前述不彰的數據之餘，對中國含港澳的出口比重達到四〇％，引起產業過度依賴單一市場的弊害。賴政府這些年，順應地緣政治，並搭上全球AI革命的巔峰，對中國投資與出口下降到個位數，資金大幅回流或轉向，對美貿易攀升，科技產品直接對美出口比例創高。換言之，馬英九八年西進中國，與現在的賴清德兩年多脫鉤中國，雙方在不同的經貿戰略路線與產業發展重心下，已經驗證的結果是根本不能比的。在這樣的對照下有誰想回到從前？應該是依賴中國特許與市場的政經獲利者，例如國民黨權貴與扈從、傳統製造業、觀光旅宿業、契作農漁業等所謂兩岸紅利族群。這些人的數量，按照就業人口與兩朝的政府施政滿意度比較（馬英九卸任時最低降至九．二％），可以估計並不多於現在路線的支持者，即使是對現狀不滿意者，也並不等於想回到過去，較多的是對分配與民生的在意。依據這個圖像，執政黨與在野黨該致力的目標，事實上非常清晰。民進黨要穩定執政，要盡力去輔導升級，縮小失利者；國民黨則要面對現實，為弱勢者代言，鞭策政策的衡平性，絕不是回到較差的數據去，要大家一起更伊於胡底。因此，誰要跟鄭麗文回到從前？不要說有傷國民黨的年底選票，就是鄭麗文自己恐怕都未必是肯定句。畢竟，馬英九那八年，她歷經立委敗選，請辭公職去當名嘴，並不如現在是黨主席快意江湖。    ,https://news.ltn.com.tw/news/politics/paper/1766043
長崎原爆紀念典禮矮化台灣》外交部譴責中國打壓台灣,政治,2026/08/10 05:30,日本長崎原爆紀念活動9日上午舉行，首相高市早苗（前排中）出席儀式。（路透）李逸洋：長崎違背和平紀念儀式精神日本長崎市昨舉行原爆和平紀念典禮，我國駐日代表李逸洋指控，長崎市政府將台灣代表座位安排於使節團區域外，刻意矮化台灣國格與地位，他表達嚴正抗議並拒絕出席。外交部也表達遺憾，並嚴正譴責中國持續以政治手段打壓台灣國際參與。李逸洋昨批評，中國近年持續擴張核武、加劇印太軍事緊張，是區域和平的重要威脅，長崎和平紀念儀式原本訴求「廢除核武、追求和平」，市政府卻迎合中國立場，矮化台灣這個追求和平且友好日本的夥伴，已違背和平紀念儀式應有的精神。請繼續往下閱讀...外交部指出，今年長崎和平紀念儀式中，我方座位區域鄰接使節團區、未受到區隔，除與各國使節佩戴相同胸花，並在會場與日本政要及各國使節自然互動，相關安排較去年已有進步。對於長崎市政府受到中國壓力，致今年和平紀念儀式對我方安排尚有欠妥之處，外交部仍表遺憾，並嚴正譴責中國持續以政治手段打壓台灣國際參與。將持續透過適當管道向日方說明我方立場，並爭取改善相關待遇。長崎市昨回應，包括日本首相高市早苗以及各國駐日大使等人所坐的區域屬於「特別來賓席」，由於座位數量有限，於是將台灣代表及其他海外人士安排於「海外席」，與去年相同，並沒有降格的意圖，目前並未收到台灣方面直接提出抗議。學者：台應堅定爭取尊嚴綠委期待日方正視並改正開南大學副校長、當代日本研究學會副會長陳文甲認為，此舉為長崎市政府保守的行政判斷，而非日本中央政策轉向，台灣應堅定爭取應有尊嚴，日方也有必要逐步改善制度性安排，真正成熟的台日關係，本就是既能坦率處理分歧，也能持續擴大合作。立法院民進黨團幹事長莊瑞雄表示，民進黨團支持駐日代表表達嚴正抗議，長崎市政府的錯誤決定，不應影響台日長久累積的深厚友誼，期待日方正視並改正這樣的做法。    ,https://news.ltn.com.tw/news/politics/paper/1766040
暗網買千萬個資嗆網友！四叉貓號召受害者告爆「黑夜奇俠」,政治,2026/08/10 01:17,網紅「四叉貓」劉宇。（資料照）北檢日前查出男子黃柏崴、「黑夜奇俠」王大偉在暗網購買數千萬筆台灣民眾的戶籍、勞健保等個資，拿來在網上攻擊網友、威脅現實中看不順眼的人。先前揭露王大偉背景的網紅「四叉貓」劉宇，9日晚間繼續出手打擊，喊話曾被王大偉洩漏個資的受害者站出來一起提出民事告訴，把王大偉告到破產！雲林縣長張麗善近日被揭露身邊有共諜，她的前秘書施亮言與黃柏崴合作，將張麗善出訪日本行程，交給據稱為中共宣傳部的「穆姓主任」，2人被台北地檢署以涉違反國安法等罪起訴。後續黃柏崴又被披露和以「黑夜奇俠」為暱稱、進行網路活動的王大偉，在暗網購入數千萬筆國人戶籍、勞健保等個人資料，在網上對他人進行攻擊、恐嚇。請繼續往下閱讀...四叉貓9日晚間在臉書整理王大偉的背景懶人包，「第一次注意到這傢伙，是10年前在國民黨舉辦的網軍訓練營。那時他的頭銜引起了我的好奇，『網路個資神人黑俠』，到底為什麼要用肉搜技能當作是封號啦！笑死耶！黑俠政治光譜偏藍，當過柱粉、韓粉，工作經歷有趨勢科技、台灣駭客年會、小辣椒洪秀柱後援會、泛藍情報分析……等，很喜歡在網路上跟人互嗆，嗆輸再公開對方的真實姓名以及住址。我那時覺得他公布的資料很詭異，就連我都找不到的網路資料憑他也能找到？結果10年後真相大白，原來都靠課金買個資。」「王大偉喜歡攻擊偏綠陣營的政治人物和一般網友，不但會發文公審網友的工作地點，就算封鎖他之後，還會開小帳私訊網友身分證字號＋住址嘲諷。我跟他交手多年了，基本上沒啥戰力只會貼身分證字號。另外，其實不只偏綠陣營的受害，只要跟王大偉有衝突，即使是藍白陣營的星光奶奶和徐巧芯，也曾被王大偉洩漏個人資訊。另外王大偉也會把個資提供給藍營人士（例如歷史哥）運用。王大偉長期用暗網買到的個資攻擊許多人，黃仁勳、郭台銘、林郁婷、顧立雄、苗博雅、四叉貓、史書華、謝立聖、nagee……都是受害者。」四叉貓表示，王大偉是花5000顆泰達幣，約新台幣16萬，從暗網買下2357萬筆戶籍資料及1600萬筆個人資料，扣掉重複的個資大約是2812萬人的個資，由於有摻雜一些死者資料，因此超越台灣實際總人口。四叉貓認為，這樣看來在暗網購買整套台灣個資的行情價差不多落在15至16萬，且這些個資大概是10幾年前洩漏出去的舊資料，「如何洩漏眾說紛紜，有人推測可能是馬英九年代把戶政資料外包給中國的緣故。我跟幾位受害者確認，發現王大偉貼出的個資，有簡轉繁失敗的痕跡，推測他購買的來源出自中國，所以現在年滿15歲以上的台灣人，中國暗網都有資料。」四叉貓接著說，由於洩漏個資本刑最高只有5年，檢察官建請量處有期徒刑4年，因此他要募集受害者，「只要以前曾經被王大偉洩漏個人資訊並有保存相關證據，請私訊『四叉貓的粉絲團』，我會創一個LINE群把受害者拉進去，讓大家在裡面交流是否要對王大偉提出民事告訴，只要每一位受害者都提出民事求償，就有機會把王大偉告到破產！」貼文一出迴響熱烈，「千萬不要放過他」、「私訊地址堵人訊息真的好噁心」、「支持把他告到破產，首先要先防止他脫產喔！」、「這種人真的不能輕放欸」、「我相信受害者聯盟一定成立，支持獲得正義」、「這必須擴！全台灣人告起來！」、「以前馬政府時期戶政系統是讓中國公司標走，資料都洩光光」、「一定要讓他翻不了身」。    ,https://news.ltn.com.tw/news/politics/breakingnews/5534144
長崎市府顧慮中國矮化台灣 矢板明夫：傷害真正支持日本的朋友！,政治,2026/08/10 00:31,我國駐日代表李逸洋。（資料照）日本長崎市9日上午舉行原爆和平紀念典禮，爆出官方將台灣代表的座位安排在使節團區域之外，刻意矮化我國格與地位，我國駐日代表李逸洋直接拒絕出席，引發台日媒體關注。印太戰略智庫執行長矢板明夫跳出來力挺李逸洋，直言長崎市一方面享受台日友好的成果，一方面卻為了顧慮北京而矮化台灣，令人難以接受。矢板明夫9日深夜在臉書發文，「今天發生了一件令人十分遺憾的事情。台灣駐日代表李逸洋缺席了長崎原爆犧牲者慰靈和平祈念典禮。原因是，長崎市拒絕將台灣代表安排在外交使節區。同樣的事情去年已經發生過。台灣方面交涉了整整一年，長崎市仍拒絕改變。李大使因此決定缺席抗議。這早已不是『座位問題』，而是台灣的國家尊嚴問題。不能置之不理。」請繼續往下閱讀...他接著說：「長崎與中國有悠久的交流歷史，也是日本地方城市中對中國最友好的城市之一。同時，因為原爆的慘痛記憶，長崎長期高舉『反核、反戰、和平』的旗幟。這些傳統本身值得尊重。但問題在於，長崎對美國、日本的軍事政策十分敏感，但面對中國不斷擴張核武、在台海軍演、以武力威脅台灣與日本安全時，卻幾乎沒有反對的聲音。」「歷史情結與和平主義，不應該變成對北京的政治迎合。今天的台灣，是日本最重要、最可靠的朋友之一。台積電投資熊本，重塑九州半導體產業；數百萬台灣旅客訪日，助益日本地方經濟。從東日本大震災到近期的熊本地震，日本遭遇困難時，台灣社會總是第一時間慷慨解囊。台日之間的友情，是一次次善意互動累積起來的。長崎市一方面享受台日友好的成果，一方面卻為了顧慮北京而矮化台灣，令人難以接受。」最後矢板明夫表示，「長崎和平典禮高喊『廢除核武、追求和平』，今天在東亞持續擴張核武、頻繁軍演、以武力威脅台灣的，恰恰是中國。不敢正視威脅和平的人，反而矮化受到威脅的台灣，這不是和平，而是本末倒置。日本政府從未承認台灣屬於中華人民共和國，長崎市更沒有必要替北京執行所謂「一個中國」政策。如此傷害真正支持日本的朋友，只會『親者痛、仇者快』，也不符合日本的國家利益。支持李逸洋大使拒絕出席的決定。向長崎市這種不尊重台灣、迎合北京的處置，表示最強烈的抗議。」    ,https://news.ltn.com.tw/news/politics/breakingnews/5534157
矮化台灣挨轟！我駐日代表怒拒出席原爆典禮 長崎市政府回應了,政治,2026/08/10 00:07,我國駐日代表李逸洋。（資料照）日本長崎市9日上午舉行原爆和平紀念典禮，爆出官方將台灣代表的座位安排在使節團區域之外，刻意矮化我國格與地位，我國駐日代表李逸洋直接拒絕出席，引發台日社群熱議。針對李逸洋的憤怒指控，長崎市隨後做出回應，強調沒有要降低台灣代表層級的意思。李逸洋9日透過臉書表示，他與蔡明耀、周學佑2位公使皆未出席週日的長崎原爆和平紀念典禮，原因是長崎市政府將台灣代表座位安排於使節團區域外，刻意矮化台灣國格與地位，因此我方也降低層級，改由福岡分處陳銘俊處長代為出席。李逸洋直言，這是多年來台灣在日本參加各項中央或地方活動，未曾有過的遭遇。請繼續往下閱讀...此事隨即受到台日媒體關注，不少日本網友得知後也替台灣抱不平，還有人直指長崎市與中國一直以來交流密切，部分長崎政客與行政機關平日言行就能隱約感覺到親中，但長崎和台灣也同樣有深厚連結，在這樣受到高度矚目的大型官方典禮給台灣這種安排，實在感到非常失望。根據日媒《朝日新聞》報導，長崎市政府回應稱，今年為台灣代表準備的是和去年相同的「海外席」，並沒有刻意將台灣排除在外交使節團之外。不過李逸洋在其臉書原文中就透露，去年台灣是珍惜首次有機會藉和平典禮向世界宣示堅守和平決心才忍辱出席，會後立即發表聲明抗議對我不公待遇，結果今年對方仍未給予台灣正確待遇，甚感遺憾。長崎市政府解釋稱，包括日本首相高市早苗以及各國駐日大使所坐的區域屬於「特別來賓席」，由於座位數量有限，於是將其他海外人士安排在「海外席」，主要安排無法容納進「特別來賓席」的公使、參事官等海外人士入座，並不存在刻意降低層級的意圖。另外，長崎市政府宣稱尚未收到台灣方面直接提出抗議。    ,https://news.ltn.com.tw/news/politics/breakingnews/5534143
遭冒名親弟租屋欠租 陳宥丞：已報案勿受騙上當,政治,2026/08/09 23:59,台北市議員陳宥丞。（資料照）台北市議員陳宥丞今（9日）表示，有陳情人氣沖沖到服務處拿出租約，希望他能幫忙「家人」償還房租，一頭霧水的他一問之下發現，一名跟他名字只差一個字的男子，自稱是他親弟弟，積欠租金不還甚至音訊全無；陳宥丞發布聲明強調已至警察局完成報案手續，以免另有他人受害被騙。陳宥丞指出，「陳宥○」先生自稱是他弟弟，房東基於信任民代身份且又有血緣關係保證，不疑有他直接簽約，不料入住後不久就未正常給付租金，房東說已扣完押金範疇，對方仍不繳交租金，加上租客音訊全無；房東苦無辦法，只好委託仲介把租約跟租客證件影本帶來服務處，希望他能幫忙還錢跟找人。請繼續往下閱讀...陳宥丞說，經向房東說明與「陳宥○」絕無親戚血緣關係後，房東才知被騙並希望他能澄清，原先認為是民事糾紛，民代不應介入私人債務關係，若租客能盡速還錢且說明清楚可不追究，然約定時間到期還是沒有償還租金，而且也未就冒名一事多做解釋與致意，因此他被迫到警察局報案，以免有其他人受騙。陳宥丞說，自身遭冒名親弟租屋欠租已報案。（圖取自陳宥丞臉書）    ,https://news.ltn.com.tw/news/politics/breakingnews/5534150
洪婉臻競總成立 拚連任中正萬華議員,政治,2026/08/09 23:43,台北市議員洪婉臻競選總部成立茶會今於萬華登場。（洪婉臻議員提供）台北市議員洪婉臻競選總部成立茶會今（9日）於萬華登場，歌手楊淨宇現場助陣表演。洪婉臻表示，四年前因為中正、萬華鄉親的支持，讓她得以有機會走入議會替居民發聲，四年來從市場、街頭至議會，一步一腳印將市民陳情和期待化為一次又一次的質詢和實際行動，這次她要爭取首度連任，雖然連任之路可能會比第一次參選更加艱難，但只要大家願意繼續風雨同行，就能給她信心。洪婉臻指出，競總成立茶會遇到白海豚颱風外圍環流攪局，所幸隨後天氣轉好，活動現場湧入大批鄉親加油打氣，「中正萬華老、中、青的選票，我們都非常的需要！」她說，政治其實可以不用那麼嚴肅，輕鬆一點，大家一起喝杯茶，聊聊中正、萬華的未來，感謝每一名冒著風雨前來加油的鄉親，「風雨生信心，雨過天更晴」，今天每一雙手、每一句加油，都是她繼續為中正萬華打拚、力拼首次連任的力量。請繼續往下閱讀...今天活動現場包括在地許多里長、地方鄉親及各界友人到場，包括前立法委員洪奇昌、立法委員林楚茵、吳沛憶、台南市議員陳怡珍、醫師羅浚晅等人到場力挺，以及更致贈花籃送上祝福，現場氣氛熱絡。    ,https://news.ltn.com.tw/news/politics/breakingnews/5534152
「神鬼都是你！」 莊競程批蔣萬安昧良心：決議遮蔽資料現卻喊黑箱,政治,2026/08/09 23:20,台北市長蔣萬安。（資料照）慈濟遭疫苗掮客詐騙10.6億元一案受到台灣社會熱議，疫情大流行期間曾與現任台北市長蔣萬安共同擔任立院衛環委員會召委的民進黨新竹市長參選人莊競程近日揭露內幕，直指蔣萬安明明曾在秘密會議中知曉政府採購疫苗的困難，但對外卻散播政府在擋疫苗，把全民防疫變成政治攻防工具。蔣萬安對此宣稱有些人想要「洗人民的記憶」，莊競程又跳出來開砲，並加碼爆當初決議將無法公開相關資料遮蔽的其實就是蔣萬安！莊競程最近還原歷史，指稱蔣萬安擔任立院衛環委員會召委時曾召開秘密會議，邀時任中央疫情指揮中心指揮官陳時中說明疫苗採購情況。陳時中詳細說明國際採購談判及保密協議相關細節，會中向所有與會委員完整說明疫苗採購過程，包括全球疫苗供不應求、各國競逐有限供貨，以及政府面臨的國際競爭、外交壓力與保密限制，蔣萬安等藍委在會上提不出任何足以推翻事實的質疑。請繼續往下閱讀...令人遺憾的是，蔣萬安等人走出會議室，就開始對外散播「政府阻擋疫苗採購」、「政府不願意買疫苗」等說法，刻意忽略自己在秘密會議中早已知道的採購困境真相，把全民防疫變成政治攻防的工具。面對指控，蔣萬安受訪時稱「有些人要洗人民的記憶，記憶是不會被洗掉的。」對此，莊競程9日在臉書發文，「蔣萬安市長，神也是你，鬼也是你。決議將無法公開的資料遮蔽的是你，現在拿著遮蔽後的資料指控黑箱的，也是你。秘密會議中，你明明知道完整的疫苗採購流程。從採購公文、會議紀錄，到與廠商的E-mail往來，都清楚顯示政府一直努力向國際大廠爭取疫苗採購，你也明明知道當時面臨的各種困難。結果，你卻反過來指控政府阻擋疫苗採購。」「陳時中部長當時提醒民間團體要提高警覺，不要受騙，必須有原廠出貨證明，再加上政府背書，才能確保疫苗安全、合法進口。這樣的把關，你卻說成是阻擋、刁難。這些指控，不僅與你當時親自了解的事實完全不符，更是昧於良心，令人遺憾，也非常惡劣。我相信，全國人民都不會接受這樣顛倒是非、混淆視聽的說法。」    ,https://news.ltn.com.tw/news/politics/breakingnews/5534117
扛住象徵台北特色「巨無霸剉冰」 沈伯洋：松信看似繁榮卻如2個世界,政治,2026/08/09 23:16,台北市議員張文潔今於主辦的「強棒出擊見面會」，端出預先準備好的一大盆剉冰，相信沈伯洋能夠「扛得住！」（記者方賓照攝）台北市長參選人沈伯洋6月曾以「剉冰」形容台北的特色，每一區、每一種料都不一樣，對尬現任市長蔣萬安的「火鍋」，市議員張文潔今於主辦的「強棒出擊見面會」端出預先準備好的一大盆剉冰，相信沈能夠「扛得住！」沈說，台北不同區域各有面貌，也都有不同的城市文化；不過他也點出松山、信義如同存在「兩個世界」，一邊是百貨林立的信義計畫區，另一邊則有老舊房屋、管線更新、人行空間等改善需求，市府應改善基礎環境，整體思考並規劃，重新活絡地方經濟。沈伯洋表示，自己是在五分埔長大的孩子，家族過去曾在永吉路一帶經營柑仔店，也有親戚賣剉冰。蔣萬安曾以「火鍋」形容台北，但他認為，台北是由不同族群共同組成，各有特色，也都認同這片土地；台北更像一碗剉冰，不同配料保有各自風味，共同構成城市豐富的樣貌。請繼續往下閱讀...沈伯洋指出，台北不同區域各有面貌，也都有不同的城市文化，應進一步發揚各區不同特色，讓台北多元的族群與文化共同發展，讓每一區既有的特色被看見、被發揚，讓不同族群與文化在城市中共榮，形成台北真正值得驕傲的風景。他說，台北擁有許多淺山步道，自然生態及交通條件也相當優越，卻沒有充分發揮城市特色，主張推動台北「山徑」計畫，設置登山觀光中心，改善登山入口的設備租借、廁所、清洗及盥洗等服務，讓市民與旅客親近山林更便利，帶動觀光與周邊商圈，讓世界更認識台北。此外，台北也需要串聯人文與河川路徑。他以客家文化為例，台北有眾多客家人口，台三線起點也在台北，卻未能充分串聯既有的客家文化軌跡；從客家文化主題公園到通化街等地，都有發展人文路徑的可能。台北應將既有的歷史、族群文化與空間重新連結，讓城市特色獲得保存與再生。沈伯洋認為，城市願景要能成立，首先必須讓市民生活過得好，從養兒育女、長者健康、青年創業到家長壓力及中年轉職，政府都應提供適當支持，讓市民在生活安穩的基礎上，也有餘裕親近山林、走進城市的人文與河川路徑。沈伯洋說，松信看似繁榮，區域內卻如同存在「兩個世界」：一邊是百貨林立的信義計畫區，另一邊則有老舊房屋、管線更新、人行空間及都市更新等改善需求。城市不能讓同一區域發展失衡，市府應改善基礎環境，整體思考商圈動線、街區及停車規劃，重新活絡地方經濟。「產業發展不能只讓科技業受益！」他強調，傳統產業、地方商家及商圈也要一起成長。未來地方財源增加後，應思考如何重新投入各地商家與地方經濟，讓城市的資源回到市民生活。負責任的市長應向市民說明城市未來10年、20年的方向，以及區域改善後的樣貌，讓公共預算真正符合城市發展願景。另，沈伯洋於聯訪時被問到，昨日至大安區成功市場掃街因動線擋道，民眾不滿與工作人員起口角；沈回應，掃街遇到各式不同意見的人應是常態，一直以來也請工作人員引導動線並維持暢通，如果做得還不夠完善十分抱歉，希望能夠精進，不要讓大家感到不便最重要。    ,https://news.ltn.com.tw/news/politics/breakingnews/5534140
蘇巧慧攜手游明諺 拋淡水設醫療園區與智慧科技聚落,政治,2026/08/09 23:00,民進黨新北市長參選人、立委蘇巧慧（右）說，未來她當上市長，會和游明諺（左）共同推動淡水新市鎮增設「醫療園區」，以及推動「智慧科學產業聚落」，讓北海岸有更完善的醫療照顧，也能創造更多在地就業機會，帶動淡水和北海岸邁向下一個發展階段。（圖由蘇巧慧競辦提供）民進黨新北市長參選人、立委蘇巧慧今和新北市議員參選人游明諺於淡水舉辦基層座談會，上百名鄉親齊喊「新北慧贏、凍蒜」場面熱烈，蘇巧慧說，未來她當上市長，會和游明諺共同推動淡水新市鎮增設「醫療園區」，以及推動「智慧科學產業聚落」，讓北海岸有更完善的醫療照顧，也能創造更多在地就業機會，讓年輕人留在家鄉，帶動淡水和北海岸邁向下一個發展階段。蘇巧慧表示，游明諺擁有十年國會及地方幕僚經驗，長年扎根淡水、八里、三芝和石門，是真正「找得到人、事情能處理」的行動派。她強調，北海岸幅員廣大，需要更多認真做事的新世代戰力進入議會，讓游明諺進議會，新北隊就多一份力量，北海岸也能爭取更多資源。請繼續往下閱讀...她指出，未來她將在淡水推動「智慧科學產業聚落」，發展AI、智慧自駕、機器人等新興產業，打造「北海岸智慧科技核心圈」。她說，淡水具備土地、人才及交通優勢，包括淡海新市鎮二期有大片完整開發腹地，又有多所大專院校人才資源，隨著淡江大橋通車，更能串聯台北港、桃園機場及鄰近科技產業聚落，未來極有潛力形成完整的智慧科技產業廊帶，創造更多在地就業機會。蘇說，淡水及北海岸人口續增，但大型醫療量能仍不足，因此她過去已在立法院成功爭取修訂「淡海醫療次分區」，讓淡海地區未來增設大型醫療設施跨出關鍵一步。她將持續推動淡海新市鎮增設醫療園區，讓淡水、三芝等地居民可就近就醫，也為急重症患者爭取更多黃金救援時間。她表示，台北港也是北海岸產業轉型的重要地區，未來她會持續推動港區發展、加速填海造陸，不僅能增加土方處理量能，更有機會擴大產業用地，讓八里與淡水共同形成新的科技產業廊帶，進一步串聯五股、新莊、林口等既有產業聚落，創造北海岸新的就業與發展機會。關於「新皇冠海岸計劃」，她說，從八里、淡水一路延伸至三芝、石門等沿海區域，都有豐富的山海資源，她將從「善用海洋、建設路廊、活化場館」三大方向著手，把北海岸打造為具有國際辨識度的觀光品牌。蘇巧慧也向現場長期投入民主運動的前輩致意，包括李永棟、周清源、許波及郭春等人。她說，台灣今天能有自由民主的生活，是一代又一代前輩付出青春與人生所爭取而來，新世代更有責任接下這一棒、扛起新時代，守護台灣，也讓新北繼續向前。民進黨新北市長參選人、立委蘇巧慧（合照比讚者右）與鄉親熱情合影。（圖由蘇巧慧競辦提供）民進黨新北市長參選人、立委蘇巧慧（前排右5）也向現場長期投入民主運動的前輩致意。（圖由蘇巧慧競辦提供）總統府副秘書長何志偉（左4）、立法委員郭昱晴（右4）、新北市議員戴瑋姍（右3後面一位）等來賓力挺民進黨新北市長參選人蘇巧慧（右5）與新北市議員參選人游明諺（右6）。（圖由蘇巧慧競辦提供）    ,https://news.ltn.com.tw/news/politics/breakingnews/5534073
借鏡烏克蘭！紐時：台灣加速打造無人機「地獄景象」 嚇阻中國入侵,政治,2026/08/09 22:53,台灣軍方正積極學習無人機戰術，正在進行中的「漢光演習」也以此為重點。（美聯社）為了擊退未來中國可能的入侵，台灣正積極建立無人機與無人艇部隊，目標是利用這些設備協助定位並攻擊逼近台灣的中國軍隊，同時仰賴受過快速移動訓練的台灣士兵，在中國發動打擊前進行部署。制定這項戰略的美軍指揮官將此稱之為「地獄景象」（hellscape），即以一波波的無人機、飛彈與火砲壓制入侵部隊，讓兩棲登陸變得極具風險，進而嚇阻中國放棄嘗試。紐約時報9日報導，受到烏克蘭與其他近期戰區經驗的啟發，台灣正加速落實這項戰略。台灣官員試圖效法其「大衛對抗歌利亞」以小搏大的模式，利用相對廉價、敏捷的無人機，拉近與龐大對手的實力差距。澳洲退役陸軍少將萊恩（Mick Ryan）指出，台灣已意識到在與中國的潛在戰爭中，無人機在所有領域及各個階段都將扮演重要角色；烏克蘭近期在長程無人機打擊上的成功案例顯示，若北京發動兩棲攻擊，台灣也能攻擊駛離中國港口的船隻。請繼續往下閱讀...與台灣軍方一樣，中國也一直在擴充無人船艦與飛行器，並大量投資偵測與干擾無人機的技術。對台灣而言，採購無人機或許是最簡單的部分，要精通無人機作戰，台灣還必須重塑其軍事組織、訓練與準則，學會操作無人機蜂群，迅速評估並分享情資，同時防止敵方將其癱瘓，這需要部隊具備更高的機動性與自給自足能力。然而，與烏克蘭不同，台灣缺乏實際遭到入侵的壓力，來動員資源與推動變革。儘管如此，軍事單位已積極學習無人機戰術，正在進行中的「漢光演習」也以此為重點。此外，台灣近期也成立「濱海作戰指揮部」，將無人機、機動飛彈與火砲整合為抵禦中國潛在入侵的海岸防線。智庫「新美國安全中心」（CNAS）國防計畫主任佩蒂姜（Stacie Pettyjohn）示警，台灣距離滿足21世紀戰爭的複雜需求仍有一段路，有淪為「過度專注於技術，而忽略落實『地獄景象』概念所需之組織與準則變革」的風險。亞洲無人機創新園區廠商協進會理事長與凌霄航太董事長羅正方指出，為了自身生存與國防，台灣迫切需要無人機，但現在世界各地都是如此，「這對台灣來說是個機會」。台灣正迅速提高無人機出口率，尋求成為其他民主國家不可或缺的零組件供應商，以協助其降低對中國零件的依賴。經濟部資料顯示，台灣在2026年前3個月的無人機出口額達1.15億美元（約新台幣37億元），超越2025年全年總和，主要出口目的地為捷克。美國無人機產業協會（AUVSI）執行長羅賓斯（Michael Robbins）指出，台灣位於當代最重要工業與戰略競爭的中心，也是少數具備大規模生產可靠無人機零組件能力的基地之一。    ,https://news.ltn.com.tw/news/politics/breakingnews/5534127
轟蔣萬安疫苗說法造謠 沈伯洋：說了一個謊就要用千千萬萬個謊來圓,政治,2026/08/09 22:43,民進黨籍台北市長參選人沈伯洋批評蔣萬案在疫情期間造謠，「一個人只要說了一個謊，就要說千千萬萬個謊來圓。」質疑蔣至今不願告訴大家當時造謠的原因。（記者方賓照攝）首次上稿14:53更新時間22:43（新增北市府回應）台北市長蔣萬安今天表示，COVID-19疫情期間很多民間社團或企業要採購疫苗，但是政府百般刁難，造成民眾慘痛經驗。對此，民進黨籍台北市長參選人沈伯洋下午合體市議員張文潔，受訪一聽直呼「這真的也是很誇張！一個人只要說了一個謊，就要說千千萬萬個謊來圓。」質疑蔣至今不願告訴大家當時造謠的原因。請繼續往下閱讀...北市政府副發言人蔡畹鎣回應，請問蔣萬安講的話，哪一句是謊言？請沈委員說說看。民進黨政府，在疫情期間，從擋疫苗、3+11，到萬華是破口，不要以為人民會忘記。請問現在是要對著失去親人的上萬家庭的面，說當初民進黨政府清清白白嗎？沈委員當初說雙城論壇是滲透是破口，請他舉證，卻完全說不出來；公然說謊，毫無誠信，誣蔑栽贓公務員。「說一個謊要用千萬個謊來圓」這句話就是沈伯洋的自我介紹。沈伯洋表示，還是要奉勸蔣萬安市長，一個人只要說了一個謊，就要說千千萬萬個謊來圓，整件事情其實非常簡單，慈濟是被害人、時任衛福部長陳時中要保護被害人，所以去阻止。當時蔣萬安是立委，也開過機密會議、知道政府當時處境，「結果他最後選擇造謠」，用這樣的方式得到政治紅利。沈伯洋指出，其實只要跟大家說明，說為什麼那時候要造謠就好了，但是蔣怎麼樣都不說明為什麼要造謠，結果來造更多的謠，想要移轉焦點，沒有必要這樣。第一線防疫人員如此辛苦，一起將台灣的產業守護下來，當時也有很多謠言、很多都被法院認證是謠言，為何至今不願意告訴大家當時造謠的原因到底是什麼。    ,https://news.ltn.com.tw/news/politics/breakingnews/5533756
參加氣功團體活動巧遇楊秋興  柯志恩：靜下來才能走更遠,政治,2026/08/09 22:25,柯志恩參加氣功團體活動巧遇楊秋興，兩人握手寒暄。（記者王榮祥翻攝）國民黨高雄市長參選人柯志恩今參加中華生物能醫學氣功總會活動，還遇到前政務委員楊秋興，她事後發文指出應給自己一點時間，靜下來、才能走得更遠。柯志恩說，現代人生活步調快速，常常忙了一整天，才發現自己沒有真正停下來；就像她平常在高雄跑行程一個接一個，也時常提醒自己應適時放慢腳步，才能走得更穩、更遠。請繼續往下閱讀...她了解氣功透過調身、調息、調心，幫助大家在忙碌中找回平衡，讓身心回到穩定的節奏，而高雄市中華生物能醫學氣功協會多年來深耕社區，目前在北高雄及鳳山、大寮、鳥松、大旗美等地共有79處教功場，設在公園與社區空間。她說，看到這麼多教練長年投入推廣工作讓人十分敬佩，大家把健康、快樂與互助的精神帶進社區，也為地方注入滿滿正能量。柯志恩提到今天也很高興看到台日氣功交流，期待未來有更多國際交流機會，讓更多朋友認識高雄、走進高雄，感受這座城市的熱情與魅力。柯志恩參加氣功團體活動有感，認為靜下來才走更遠。（記者王榮祥翻攝）    ,https://news.ltn.com.tw/news/politics/breakingnews/5534077
李四川玩猜一猜互動遊戲！一天行程有幾個？這答案太驚人,政治,2026/08/09 22:09,國民黨新北市長參選人李四川在臉書貼文與影片，與支持者大玩互動遊戲猜猜看一天跑幾個行程。（圖片截圖自李四川競辦提供影片）國民黨新北市長參選人李四川今天（9日）晚間在社群媒體臉書貼文與影片，他指出8月6日早上7點出門晚上7點還在跟選民握手，他跟大家玩個遊戲，猜猜那一天總共幾個行程？最妙的是最後的神來之筆「這還是算少的」！讓陪同的年輕助理自嘆弗如。李四川在臉書影片貼文，他說，自己早上7點出門，晚上7點還在跟大家握手。他從北海岸的金山、萬里，一路趕到汐止。一群年輕夥伴跟了一整天，收工的時候比自己還喘。說實在，像這種一天的行程，還是最近算少的。來，玩個小遊戲——猜猜這一天，總共幾個行程？請繼續往下閱讀...從剪輯影片中可以看到，川伯從金山漁民節表揚活動、金山烤地瓜、中角灣衝浪、萬里芋圓王、晚上衝汐止玉泉宮、興善宮與支持者一一握手，爭取緊握每一雙選民的手，爭取不同族群的支持。李四川最後自己揭曉答案，8月6日那一天，從金山、萬里到汐止，他跑了9個行程，這還是最近行程比較少的一天。國民黨新北市長參選人李四川在臉書貼文與影片，與支持者大玩互動遊戲猜猜看一天跑幾個行程。（圖片截圖自李四川競辦提供影片）國民黨新北市長參選人李四川在臉書貼文與影片，與支持者大玩互動遊戲猜猜看一天跑幾個行程。（圖片截圖自李四川競辦提供影片）國民黨新北市長參選人李四川在臉書貼文與影片，與支持者大玩互動遊戲猜猜看一天跑幾個行程。（圖片截圖自李四川競辦提供影片）    ,https://news.ltn.com.tw/news/politics/breakingnews/5534040
慈濟買BNT遭詐10.6億  張景森：上人已經示警,政治,2026/08/09 21:56,慈濟委託私人疫苗掮客買BNT疫苗遭詐10.6億元，引發各界關注，行政院前政委張景森今（9）日在臉書質疑，「上人都已經問了，為什麼沒有查清楚」？（資料照）慈濟委託私人疫苗掮客買BNT疫苗遭詐10.6億元，引發各界關注，行政院前政委張景森今（9）日在臉書質疑，「上人都已經問了，為什麼沒有查清楚」？如此巨額款項，在上人已經示警之後，行政部門仍然缺乏有效查證方法，並一路分期支付巨款，這就是重大的治理失敗。「慈濟被騙誰應該負主要責任」？張景森說，根據檢察官起訴書裡面提到的具體內容，他認為當時的行政體系最高負責人執行長顏博文，應該概括承受所有責任辭職下台。請繼續往下閱讀...張景森指出，依據依起訴書內容相關報導，2021年7月19日顏博文傳訊提到，呈給上人的500萬劑疫苗採購簽呈中，費用包括疫苗費、接洽費及冷鏈費，並轉達：「上人不解，為何會有後面這兩部分。」這是非常關鍵的事實：上人看見了異常支出，而且提出了疑問。張景森說，問題是，這個疑問後來慈濟竟然只是拿去問收取費用的一方。對方當然會胡扯一通，提出解釋。而顏博文和相關高幹竟然就接受了，也沒有進一步向政府、台積電、鴻海等第三方交叉查證。他們會受騙上當的主要原因就是出在這裡，沒有善盡責任做好。「更值得追問的是後續付款」，張景森表示，2021年7月1日，政府已同意慈濟比照台積電、鴻海／永齡模式專案辦理；9月2日首批BNT抵台，2022年1月27日500萬劑全部到齊。但是這筆3000萬美元、約新台幣10.6億元的「委任報酬」，卻從2021年7月分期支付到2022年3月疫苗全部到貨之後，慈濟竟然還在付款。張景森說，這段期間，慈濟的行政部門應該已經非常清楚，政府專案既然已經打通，對方根本沒有提供什麼服務，憑什麼這筆鉅額委任報酬還要繼續支付？張景森認為，這些問題不能要求一位當時已85歲的宗教領袖親自去處理。交易對手徵信、契約履約查核、付款驗收、風險控制，這本來就是專業行政體系的工作。「尤其最初上人已經提出疑問，行政部門更有責任把它查清楚。如果連這些事情都要上人自己徵信、查核、驗收，那慈濟設執行長、法務、財務與稽核是要做什麼？」張景森表示，顏博文是否涉及不法，應由司法調查，任何人不能無證據指控，他相信顏的人品的，但是顏的行政責任也是無法逃避的。如此巨額款項，「在上人已經示警之後，行政部門仍然缺乏有效查證方法，並一路分期支付巨款，這就是重大的治理失敗」。張景森強調，決策者上人可能受騙，而行政制度的功能就是防止決策者受騙。因此，顏博文身為最高行政主管，應概括承受所有管理責任，引咎辭職；這與他個人的人品操守好壞無關。這只是給社會一個負責任的交代。張景森認為，整個行政系統失靈涉及制度改革的問題。慈濟並應立即成立外部獨立調查小組，完整釐清簽約、徵信、付款、驗收及追蹤過程。追究其他應該負責的人，並且積極改革決策與內控的制度。    ,https://news.ltn.com.tw/news/politics/breakingnews/5534108
長崎原爆典禮「矮化台灣」 學者對比廣島安排：台日互信深化不變,政治,2026/08/09 21:44,日本長崎原爆紀念活動9日上午舉行，首相高市早苗（中）出席儀式。（法新社）日本長崎市今（9）日上午舉行原爆和平紀念典禮，我國駐日代表李逸洋指控，長崎市政府刻意矮化台灣國格與地位，將我國代表座位安排於使節團區域外。對此，開南大學副校長、當代日本研究學會副會長陳文甲認為，此舉為長崎市政府保守的行政判斷，而非日本中央政策轉向，台日交流持續增加，雙邊關係仍維持互信增加、深化合作，戰略連結也持續上升。台灣應堅定爭取應有尊嚴，日方也有必要逐步改善制度性安排。陳文甲表示，長崎市此次安排確實不夠妥適，台灣有必要表達立場，但不宜解讀成台日關係轉差，因為從日本政治運作來看，中央政府、地方自治體與個別城市之間，本來就具有相當程度的行政自主性。請繼續往下閱讀...陳文甲指出，長崎原爆典禮的邀請與席次安排，主要是長崎市政府的行政判斷，不能直接等同日本政府的對台政策；相較於今年8月6日廣島原爆紀念儀式，台灣代表仍獲安排在外交使節相關區域，這正好說明日本地方政府之間對台的處理方式並不一致。陳文甲表示，日本對台政策通常非常重視「中央政策的一致性」與「實務關係的穩定性」，台日半導體、供應鏈、海洋安全、防災、觀光及地方等面向的交流都持續深化。因此，這次事件較像台日關係深化過程中的禮遇落差，而非政治倒退、政策轉向；台日關係的主軸，仍維持互信增加、深化合作。台灣應堅定爭取應有尊嚴，日方也有必要逐步改善制度性安排，真正成熟的台日關係，本就是既能坦率處理分歧，也能持續擴大合作。    ,https://news.ltn.com.tw/news/politics/breakingnews/5534013
館長直播酸高端就是「生理食鹽水」 王浩宇曝違法要告發！,政治,2026/08/09 21:19,網紅「館長」陳之漢。（資料照）慈濟遭疫苗掮客詐騙10億多的消息近日掀起台灣社會熱議，不少人跳出來替當年苦勸民間別信私人疫苗掮客的行政院政務委員陳時中（時任中央疫情指揮中心指揮官）抱屈，但同時藍白也有不少人繼續抹黑、扭曲。網紅「館長」陳之漢最近就在直播中譏諷陳時中「圖利」的國產高端疫苗都是「生理食鹽水」，前桃園市議員王浩宇得知此事後表示，如果館長無法證明為真，那他將寫檢舉函告發！館長近日在社群貼出自己的COVID-19疫苗接種紀錄卡，顯示疫情期間他接種的3劑疫苗都是高端的，當年就是誤信民進黨政府才去打，他就是曾經的「高端戰士」，結果打的都是「生理食鹽水」，民進黨政府根本是在吃「人血饅頭」。他在直播中更聲稱，前綠委高嘉瑜的前男友林秉樞還跟他炫耀透過高端疫苗股票內線消息賺了6000萬，這還是賺得少的，其他綠營的人賺得那才叫多。請繼續往下閱讀...對此，王浩宇在Threads上發文表示，「館長說高端疫苗是生理食鹽水。若無法證明為真，因高端是上市櫃公司，恐怕已經違反證交法。」王浩宇說，他將寫檢舉函告發陳之漢。網友紛紛留言，「一定要檢舉」、「把這些畜牲藍白造謠仔告到死」、「拜託讓他倒」、「坐等高端法務上工！」、「告屎他，端正社會風氣」、「把這坨擾亂社會的肉呆告死」、「他怎麼把它腦子裡裝的東西，說成高端了」、「上一個被用證交法告得很便宜就是一億」、「拜託！用力檢舉那個無腦男」。    ,https://news.ltn.com.tw/news/politics/breakingnews/5533963
遭控收民進黨錢！名醫搬出500萬財產嗆賭 藍白粉直接變「俗辣」,政治,2026/08/09 20:26,醫師杜承哲。（資料照）慈濟在武肺疫情大流行期間不甩時任中央疫情指揮中心指揮官陳時中多次苦勸，委託掮客購買疫苗遭詐10億多，民進黨政府被藍白誣指「阻擋民間自救買疫苗」的歷史近日再被翻出來掀熱議。名醫杜承哲最近在網上就因為聲援陳時中被藍白支持者攻擊「收錢替民進黨官員擋槍」，杜承哲直接回嗆拿出他收錢的證據，只要能拿出來就把身家全部匯給對方，否則就賠50萬，結果該名藍白粉直接退縮，杜承哲見狀又嗆「臭俗辣」，讓大批網友看了直呼解氣！2021年國內新冠疫情嚴峻、疫苗一劑難求之際，即便陳時中多次苦勸勿信私人疫苗掮客，疫苗不可能賣給非中央政府單位，但慈濟仍聽信不肖律師陳昱瑄宣稱擁有BNT疫苗採購管道的說詞，請對方幫忙辦理500萬劑BNT疫苗採購，還支付了折合新台幣約10.6億元的3000萬美元委任報酬，結果這筆鉅款直接被騙光光。請繼續往下閱讀...當時因為力勸民間乃至地方政府不要擅自採購疫苗以免受騙的陳時中，就這樣被藍白貼上「擋疫苗害命」、「圖利國產高端疫苗」等標籤，連年尤其每逢選舉就遭潑髒水，如今慈濟被疫苗掮客詐騙的消息曝光後，證實陳時中當時所言不假，民進黨上下及支持者紛紛發聲要這幾年抹黑陳時中的藍白政客道歉。陳時中本人也表示，現在真相已經大白，當初做出不實指控的人應該向社會道歉。沒想到有藍白網軍跳出來說，陳時中這時候出面回應「事出必有妖」，民進黨一定是有什麼「大髒事」要被爆出來，所以先推陳時中出來吸引砲火。杜承哲在Threads上看到這則沒來由的陰謀論發言，馬上回覆狠酸：「這就是國民黨一直把蔣傻（指台北市長蔣萬安）丟出來遊街的原因嗎？」結果又有另外一名藍白支持者回嗆：「這就是為什麼你要跳出來講話的原因，收錢辦事，替民進黨官員擋槍。」杜承哲看到又有人來「送頭」後祭出賭約：「先生你是真帳號吧？要指控我收錢，歡迎指控。只要你能拿出證據，我財產500萬新台幣匯給你。如果你拿不出證據，你賠償我損失50萬元即可。如果不賭或不提出證據，我就提告。如何呢？要當俗辣了嗎？」結果到現在為止，該名隨便就指控別人收錢辦事的藍白粉都不敢回覆杜承哲，倒是有其他網友揶揄「你已經19小時不敢回覆台大醫的對賭囉！」釣出該名藍白粉坦言：「對，我不敢賭。」杜承哲今天將這段與藍白粉「對線」過程分享到臉書，留下一句「臭俗辣」，吸引2萬多人讚爆，「支持告死他，這一群國民黨就是無中生有胡說八道的超速仔」、「這個沒種咖小」、「不賭是吧，那就告到底不和解囉」、「沒證據還敢造謠抹黑，是跟白蓮教主學？」、「台灣真的到處充滿這種人」、「他們就是沒錢愛錢才一天到晚用拿錢辦事抹黑別人！」、「真的是俗辣，敢講人家就要敢承擔」、「什麼貨色支持什麼人」、「台灣社會就是太多這種人了，只會躲在鍵盤後面亂嘴，以為不用付出代價」。    ,https://news.ltn.com.tw/news/politics/breakingnews/5533863
全台連抗議長崎矮化台灣 籲勿屈從中國壓力,政治,2026/08/09 19:51,全台連今天對長崎市長鈴木史朗提出抗議信，譴責長崎市不當差別對待台灣代表。（全台連提供）針對長崎市在今年原爆和平紀念儀式中，刻意矮化台灣，導致駐日代表李逸洋拒絕出席，全日本台灣連合會（全台連）今天向長崎市長鈴木史朗提出抗議信，譴責長崎市不當差別對待台灣代表，要求市府公開說明決策理由及過程，並呼籲長崎勿屈從中國政治壓力，以公平、尊重及民主原則對待包括台灣在內的所有與會者。抗議信中指出，台灣尊重自由與民主，與長崎共同追求廢除核武、實現永久和平的理念，也是日本重要的友好夥伴。長崎市將台灣代表與其他國家及地區代表區別對待，不僅違背和平紀念儀式的宗旨，更是刻意輕視台灣存在與尊嚴的行為。請繼續往下閱讀...全台連並質疑，長崎市此次作法是否受到中國政府政治壓力影響，試圖配合北京將台灣排除於國際社會之外。如果長崎市確實因中國意向而改變對台灣代表的待遇，不僅已超越地方自治體外交考量的範圍，更等同於協助中國對台施加國際政治打壓。全台連強調，長崎作為原爆受害城市，長年向世界倡議「沒有核武的和平世界」。若因政治因素而改變對與會代表的待遇，將損害長崎和平理念的公信力，也削弱其向國際社會傳達和平價值的正當性。全台連要求長崎市公開說明此次區隔台灣代表席次的具體理由及決策過程，並呼籲未來不要屈服於任何政治壓力，依循公平、尊重與民主原則，平等對待所有參與和平紀念儀式的代表。抗議書最後指出，「祈願和平的長崎，不應因威權國家的壓力而失去自由與公平」，並正式對長崎市此次處置表達強烈抗議。    ,https://news.ltn.com.tw/news/politics/breakingnews/5534016
新北市長選舉將倒數百天 蘇巧慧：綿密陸戰深入各選區,政治,2026/08/09 19:42,蘇巧慧（麥克風前）說，陸戰非常綿密，未來會持續這樣的節奏，讓新北更快更好。（記者黃政嘉攝）新北市長選戰持續升溫，民進黨新北市長參選人蘇巧慧今受訪被問及，接下來將進入百天的倒數，會有什麼樣的陸空戰新戰略？蘇巧慧回應，「我們從選戰以來的節奏一直都很明確」，議員座談會今已辦到第42場，掃市場也應該45場了，陸戰其實非常綿密，不停在各選區向鄉親說明政見，未來會持續這樣的節奏，告訴大家新時代、新願景，讓新北更快更好。蘇巧慧今午到淡水進行基層座談會前受訪，她說，非常高興參加淡水新世代、新北市議員參選人游明諺的座談會，他是幕僚出身，已深耕基層超過十年，是淡水的即戰力，非常期待他能進入議會，成為最堅強的實力，來代表淡水的聲音。請繼續往下閱讀...蘇巧慧說，淡水現在發展真的非常快，所以未來她很期待能和游明諺一起增加淡水的醫療量能、建設淡海科技園區，她也會持續把道路做好、做得更多，從民生到產業，方方面面來照顧淡水、提升淡水。她表示，游明諺雖然是幕僚，可是看得出來，學長姐們有中和的市議員參選人張志豪、板橋的市議員戴瑋姍、新莊的市議員林秉宥，甚至是連汐止的市議員張錦豪，全部都一起過來了，大家可以看到，這次的新北隊非常團結，而且都是年輕有活力，真的會為新北帶來新的面貌，新時代的新北就是應該這樣有活力。蘇巧慧指出，「我們從選戰以來的節奏一直都很明確」，今天的議員座談會也已是第42場，那掃市場也應該是45場了，陸戰其實非常的綿密，也不停地在各個選區，向鄉親說明對各個地區的政見願景。「未來我們會持續這樣的節奏，告訴大家：新時代、新市長、新速度、新發展，讓我們的新北更快更好」。    ,https://news.ltn.com.tw/news/politics/breakingnews/5533999
陳麗娜接國民黨文傳會發言人 黃敬雅：「正義」兩字變廉價,政治,2026/08/09 18:59,國民黨高雄資深議員陳麗娜（右2）接任文傳會發言人，強調將為正義、為南部發聲。（記者王榮祥翻攝）國民黨高市議員陳麗娜接任文傳會發言人，喊話要為正義直言、為南部發聲！民進黨高市議員參選人黃敬雅嘆覺得有趣，感嘆什麼時候「正義」兩字如此廉價？質疑陳麗娜曾信誓旦旦看過追蹤器卻始終拿不出證據，如今竟要代表政黨捍衛真相？陳麗娜上週宣布接任國民黨發言人，強調要為正義直言，為南部發聲，將承擔起快速且精準傳遞南部地方聲音的責任。請繼續往下閱讀...陳麗娜表示，在綠油油的南部，國民黨資源、媒體聲量都處於相對弱勢，但她始終相信，真理不會因為聲量小而消失，民意也不該因為立場不同而被忽略。她強調肩負新的責任會一如既往，以為正義直言的勇氣撥亂反正，讓更多南台灣的真實面貌，被社會看見。與陳麗娜同議員選區的民進黨高市議員參選人黃敬雅對此人事案指出，看到這消息只覺得有趣，什麼時候「正義」兩字如此廉價？並強調屢次失信的政客、撐不起正義的招牌。黃敬雅提到，一個曾信誓旦旦宣稱看過追蹤器（韓國瑜市府時期）、卻始終拿不出證據的民代，如今竟要代表政黨捍衛真相？黃敬雅說，更有趣的是陳麗娜濫用職權為違建戶護航等劣跡過往攤在陽光下，所謂的正義直言，只不過是再次的信用破產，把毫無公信力的人強行包裝成南部的代言人，更是對所有南部鄉親最傲慢的輕視。民進黨高市議員黃彥毓也直言，國民黨這種「只要能抹黑，爛事一堆也能當發言人」的作風，與柯志恩如出一轍，兩人根本是「雙重標準、自傲高姿態」的同路人，徹底暴露國民黨骨子裡看不起高雄人的傲慢心理！陳麗娜接國民黨發言人稱要為正義直言，黃敬雅（左4）質疑她曾說看過追蹤器、卻始終拿不出證據？（記者王榮祥翻攝）民進黨高市議員黃彥毓直言，國民黨這種「只要能抹黑，爛事一堆也能當發言人」的作風，根本暴露骨子裡看不起高雄人的傲慢心理！（記者王榮祥翻攝）    ,https://news.ltn.com.tw/news/politics/breakingnews/5533972
遭李四川陣營批不給里長講話 蘇巧慧：正面陽光打選戰,政治,2026/08/09 18:58,蘇巧慧（麥克風前）說，最近國民黨情緒性發言真的愈來愈多，就像簡炎輝說的，選舉真的不用選成這個樣子。（記者黃政嘉攝）新北市長選戰持續升溫，國民黨參選人李四川陣營近日批評民進黨參選人蘇巧慧在國立原住民族博物館選址議題上隨便回應，如「新北晉慧帝」，及指控蘇不給樹林中山里長簡炎輝講話，簡今澄清只是開玩笑，並祝蘇「凍蒜」；蘇巧慧今受訪回應，最近國民黨的情緒性發言真的愈來愈多，就像簡炎輝說的，選舉真的不用選成這樣，她盼從實際面向讓族人生活更好，以及持續用正面、陽光的態度，和新北隊迎接更好的新北市。蘇巧慧今午到淡水進行基層座談會前受訪，關於李四川競辦批評她是「新北晉慧帝」，另對於她說三鶯新生地上現在有新北美術館一事，李指原博館和美術館是不同性質，要她說清楚講明白，此舉是否覺得藍營用攻擊她的方式來爭取原住民族選票？請繼續往下閱讀...蘇回應，最近國民黨的情緒性發言真的是愈來愈多，就像簡炎輝說的，選舉真的不用選成這個樣子。「這十年來我們在鶯歌的建設非常多，大大小小我都有參與」，她也非常感謝新北市長侯友宜領導的市府團隊，和中央給的資源，所有重大建設，都是大家一起來努力的。蘇表示，原住民的部分，她也是從整個選戰過程中提出了她的想法，從生活、文化、制度，例如從租金補貼、歲時祭儀的交通補助，或頭目文化傳承事務費等，每項她都希望能「預算加倍、照顧加倍」，「原住民朋友都會很期待自己的族人、媳婦能有機會來當上市長，照顧更多族人」。蘇巧慧昨出席「樹林老人會」活動，被藍營指控不給中山里里長簡炎輝講話，簡今再與蘇巧慧同台相遇時，他特別澄清只是開玩笑，並祝蘇巧慧「凍蒜」。蘇回應，簡炎輝真的是她十多年的好友了，就像她的大哥。他今天也說得非常清楚，「選舉真的不用選成這個樣子」。在選戰的過程中，她會持續用正面陽光的態度，讓大家看到她和這些新北隊友們，新的世代，會用新的態度、新的方法，讓整個新北市覺得正面陽光、快速的速度，就是新北未來應該要有的感覺，「我們新時代，就是用這樣的方式來迎接更好的新北市」。    ,https://news.ltn.com.tw/news/politics/breakingnews/5533976
民眾黨中評委遭爆騙砲偷拍  瘦子表哥護航竟嗆：誰沒有拍過？,政治,2026/08/09 18:37,小草網紅「2chill」近日開直播幫簡幸甫的偷拍行為說話。（圖翻攝自四叉貓臉書）民眾黨前中評委簡幸甫日前遭爆藉職務之便「騙砲」女小草、偷拍女性私密影片，引發輿論熱議。知名歌手「瘦子E.SO」的表哥、小草網紅「2chill」近日開直播幫簡幸甫的偷拍行為說話，竟語出驚人稱「誰沒有拍過自己的對象？」遭大批網友砲轟。上月底週刊接獲自稱民眾黨人士爆料，簡幸甫追一名外型亮眼的女小草，到手後載去開房間，但發生完性關係簡幸甫的態度丕變，對女方愛搭不理，直到黨內有人看不下去提醒女方，女方才自覺被騙砲。請繼續往下閱讀...這件事曝光後，馬上掀起網路熱議，又有其他女小草在Threads加碼踢爆，自己曾遭簡幸甫偷拍私密影片，「我是在完全不知道、也從未同意的情況下，被偷拍了私密影片，而且不是一次，而是三次。我鼓起勇氣問他：『你當時為什麼要錄影？』他回答我：『我自己想看。』當我繼續追問錄了幾次時，他親口承認總共偷拍了三次。」簡幸甫本人對這些指控矢口否認，時常參與或合作民眾黨相關自媒體和宣傳活動的2chill，近日開直播幫簡幸甫說話。網紅「四叉貓」劉宇節錄其中一段驚人發言分享出來，可以看到2chill對著鏡頭說：「他X的X你X！在現場聊天室裡面的每一個老公老婆，每一個男生女生，誰沒有拍過自己對象啊？誰沒有拍過自己對象？偷偷的，她在上樓梯的時候我拍一下她的腿，X你X他X在睡覺，我拍一下她的臉，這樣就犯罪了是不是？這樣犯罪是不是啦？」四叉貓忍不住揶揄，2chill其實就是「會講ABC的低配版館長」。大批網友看完直呼傻眼，「未經他人允許就是犯罪啊，不論是平民還是公眾人物或是藝人歌手，草都是雙標法盲真的無一例外」、「警察是不是該查一下這傢伙的硬碟了？」、「不管是不是老婆還是女朋友，偷拍人家私密照就是犯罪呀！」、「草的模板都很像」、「這就是偷拍阿，犯罪就是犯罪，很難理解嗎？」、「他的邏輯好好笑」、「草的思想邏輯幾乎都差不多這樣」。    ,https://news.ltn.com.tw/news/politics/breakingnews/5533859
總預算已依法動用！鍾佳濱：藍白別鬧「凍結已花掉經費」史詩級笑話,政治,2026/08/09 18:27,民進黨立委鍾佳濱。（資料照）今年度總預算案審查延宕346天，朝野協商仍有約200項提案保留，無人載具計畫等多個部會數項預算面臨大幅刪凍。民進黨立委鍾佳濱今受訪時指出，目前時間已邁入8月，行政機關今年依「預算法」規定按去年預算額度合法支應運作，若在野黨此時再進行大規模凍結或刪減，恐出現「錢已依法花掉卻被凍結」的無效凍結現象，創下國會史無前例的笑話。根據「預算法」第五四條規定，當年度總預算案未能在法定期限內完成審議時，政府各機關的預算執行採取「維持基本運作」原則，收入依上年度標準收取，舊計畫與法定義務照常支用。立法院長韓國瑜向在野黨團呼籲，今年僅剩四個月，部分經費已依去年編列數額支應，統刪或刪凍比例不宜過高。請繼續往下閱讀...鍾佳濱剖析，過去總預算頂多延宕一個月，如今已拖到8月，行政機關依「預算法」按去年法定預算額度執行，早已花去超過半年。若在野黨現在執意大幅刪減或凍結今年度預算，讓將今年通過的法定預算，低於去年的法定預算，將造成史無前例的問題。「花掉的東西要怎麼凍結？」鍾佳濱直言，這種「無效凍結」在歷史上從未發生過，若國會砍過頭，屆時主計總處與審計單位將難以核銷，甚至重演2024年總預算審查時，藍白將預算刪到變成負的、刪過頭，後來讓主計單位出來擦屁股的亂象。鍾佳濱以監察院為例，去年的業務費已被砍到僅剩4%，今年度因為總預算仍未通過，監院只能依此4％預算運作至今，連水電冷氣都省著用；若今年又如國民黨立委翁曉玲、民眾黨團所提案全數減列、凍結通過，不僅完全違背法理，在社會公評上也根本站不住腳。「在野黨不是要依法執行，只是要在政治上作態！」鍾佳濱分析，在野黨出來對預算喊砍、喊殺的都是不分區立委包含翁曉玲、民眾黨團總召陳清龍等人；反觀，在大罷免效應與地方選舉壓力下，國民黨區域立委或要選舉的通通不見了。鍾佳濱續指，在朝野協商總預算時，可以看到通通都是民眾黨團在提議、批判，國民黨團只負責喊「既然民眾黨團有意見，我們就保留」。他形容，藍白兩黨在預算審查上已演變成「共謀犯罪」，民眾黨或部分不分區立委扮演「乩童」在前方起乩、喊打喊殺；國民黨團則扮演「桌頭」，順水推舟將提案保留。    ,https://news.ltn.com.tw/news/politics/breakingnews/5533944
長崎原爆典禮座位遭矮化  外交部譴責中國以政治手段打壓台灣,政治,2026/08/09 18:10,日本長崎原爆紀念活動9日上午舉行，首相高市早苗（中）出席儀式。（法新社）日本長崎市今（9）日上午舉行原爆和平紀念典禮，我國駐日代表李逸洋指控，長崎市政府將台灣代表座位安排於使節團區域外，刻意矮化台灣國格與地位，他表達嚴正抗議並拒絕出席。對此，外交部今日下午指出，對於長崎市政府受到中國壓力，致今年和平紀念儀式對我方安排尚有欠妥之處，外交部仍表遺憾，並嚴正譴責中國持續以政治手段打壓台灣國際參與。李逸洋上午透過臉書表示，長崎市政府將台灣代表座位安排於使節團區域外，刻意矮化台灣國格與地位，他與駐日公使蔡明耀、周學佑皆未出席，改由福岡分處陳銘俊處長代表參加。他指控，長崎市政府態度親中，去年台灣珍惜首次有機會藉和平典禮向世界宣示堅守和平決心，忍辱出席，會後立即發表聲明抗議對我不公待遇。過去一年來友我國會議員多次出面向長崎市政府力爭，福岡辦事處也透過地方議員及民間團體努力，遺憾對方仍未給予台灣正確待遇，因此我方也降低層級出席。請繼續往下閱讀...外交部指出，我國一貫秉持愛好和平及積極參與國際事務之外交理念。今年長崎和平紀念儀式中，我方座位區域鄰接使節團區、未受到區隔，除與各國使節佩戴相同胸花，並在會場與日本政要及各國使節自然互動，相關安排較去年已有進步。不過，外交部指出，對於長崎市政府受到中國壓力，致今年和平紀念儀式對我方安排尚有欠妥之處，外交部仍表遺憾，並嚴正譴責中國持續以政治手段打壓台灣國際參與。儘管如此，我方仍決定派員出席，向原爆罹難者表達哀悼，並彰顯台灣珍視和平的堅定立場。外交部強調，台日共享自由、民主、人權及法治等基本價值，並擁有緊密經貿關係及人員往來，彼此互為重要夥伴及珍貴友人，今年廣島和平紀念儀式延續去年作法，將台灣代表團安排於使節團區，與各國使節共同出席，給予我方高規格禮遇，外交部對此表達感謝。外交部表示，將持續透過適當管道向日方說明我方立場，並爭取改善相關待遇，盼未來主辦單位均能予我方尊重、公平、合宜的出席安排，一起為和平及廢除核武等人類共同目標努力。    ,https://news.ltn.com.tw/news/politics/breakingnews/5533955
以牛津人脈牽線AZ疫苗 温世政：提供管道由政府對談 齊心守護國家,政治,2026/08/09 17:59,民進黨南投縣長參選人温世政受訪。（記者陳鳳麗攝）民進黨南投縣長參選人温世政，日前因慈濟遭疫苗掮客詐騙10.6億元案，揭露當年台灣首批AZ疫苗，是由他找到牛津大學的恩師，由其引介牛津副校長，促成藥廠開產線為台灣生產一批疫苗，他今天進一步說明，當時找到管道後即由衛福部出面洽談採購等問題，藍白把疫苗問題拿來當選舉攻防非常不厚道。温世政表示，陳時中被藍白抹黑攻擊好幾年，而他當年是怕民間團體急於買疫苗被詐騙，才苦口婆心勸說，最近蔣萬安說：「政府買不到疫苗，民間才需要出面買！」，這句話非常不厚道，因為不是政府不買，事實上是買不到，而當時任何一個國家都沒有把握能買到疫苗，人人都在搶疫苗。請繼續往下閱讀...温世政說，缺疫苗時期，台灣的醫界都有錢出錢，有力出力，有人脈出人脈，希望幫國家出一點力，做一些事，因為自己在牛津大學進修時，曾接受AZ疫苗發明學者的指導，因此才會透過就讀的聖艾德蒙學院的教授引介牛津大學副校長，而牽線成功後即由衛福部與學校和廠商洽談採購等事宜，把所有的力量集中給國家。「不要因為選舉政治攻防，而忘了當年大家一起努力的初衷！」，温世政強調，對抗疫病不分黨派、性別，不管政府或醫護界，大家都希望把國家照顧好，疫情、災難會過去，真正會流傳下來的，不是政治攻訐，而是那段時間有多少人守護台灣，保護這塊土地。    ,https://news.ltn.com.tw/news/politics/breakingnews/5533957
「亞創無人機博覽會」台歐簽署MOU  翁章梁盼400億預算速通過,政治,2026/08/09 17:42,外交部無人機外交小組與歐洲價值安全政策中心、捷克前眾議院議長艾達莫娃（左）簽署合作備忘錄（MOU），嘉義縣長翁章梁現場見證。（記者蔡宗勳攝）台灣無人機產業這幾年異軍突起，已具備打國際盃實力，但400多億元相關採購預算卻仍卡在立法院。縣長翁章梁今天喊話說，無人機供應鏈散布全台、並非嘉義專屬，相關預算攸關全台產業發展及業者信心，盼朝野形成共識、可以在8月底前通過，讓國內業者在政府扶持下壯大，進一步搶攻國際市場。嘉義縣政府今（9）日在亞創中心舉辦「2026第五屆亞創無人機日─亞洲無人機AI創新應用博覽會」，邀集中央部會、國內外產官學研代表及無人機產業夥伴共襄盛舉，展現嘉義縣推動無人機產業發展的重要成果，也透過產業交流、國際合作及創新應用展示，呈現台灣無人機產業蓬勃發展的能量。請繼續往下閱讀...活動一大亮點聚焦於國際合作，在縣長翁章梁見證下，外交部無人機外交小組與歐洲價值安全政策中心、捷克前眾議院議長艾達莫娃簽署合作備忘錄（MOU），象徵台灣持續深化與歐洲民主夥伴在無人機產業、人才培育及國際交流等面向的合作。除產業交流活動，現場另規劃「搞飛機」親子市集、無人機童樂會及闖關體驗等系列活動，讓民眾透過互動體驗近距離認識無人機科技，感受AI創新應用的多元面貌，也讓無人機科技教育向下扎根。翁章梁表示，無人機物流是未來發展的重要趨勢，隨著無人機在台灣日益普及，發展相關產業已成為國內共識。未來縣府將持續攜手中央、產業及國際夥伴，深化技術研發、人才培育、國際合作及創新應用，持續提升無人機產業競爭力，共同打造更完整的無人機產業生態系。嘉義縣政府今（9）日在亞創中心舉辦「2026第五屆亞創無人機日─亞洲無人機AI創新應用博覽會」，邀集中央部會、國內外產官學研代表及無人機產業夥伴共襄盛舉，展現嘉義縣推動無人機產業發展的重要成果。（記者蔡宗勳攝）嘉義縣政府在亞創中心舉辦亞洲無人機AI創新應用博覽會。（記者蔡宗勳攝）    ,https://news.ltn.com.tw/news/politics/breakingnews/5533934
民進黨台南整隊拚2026 陳亭妃公布競總編制,政治,2026/08/09 17:38,陳亭妃公布競總編制，雲嘉嘉南總督導陳明文親自蒞臨指導。（民進黨台南市黨部提供）民進黨台南市黨部今召開「台南市長候選人與議員候選人聯合選戰會議」，正式宣布競選總部編制及後續整體選戰規劃，由競總主委黃偉哲市長、總幹事林志展主委共同主持，雲嘉嘉南總督導陳明文親自蒞臨指導，象徵台南隊團結整隊、穩定向前。陳亭妃指出，競總編制由總統賴清德擔任名譽主委，象徵台南市政一棒接一棒，台南市長黃偉哲擔任主委，並由立委賴惠員、郭國文、林宜瑾、林俊憲、王定宇以及議長邱莉莉擔任副主委，林志展擔任總幹事，陳怡珍擔任執行總幹事，議員及議員參選人擔任副總幹事；這份名單代表傳承，台南隊從中央、地方到基層團結邁向共同目標，就是要為台南打拚、為市民拚未來，「2026要贏、2028更要贏！」請繼續往下閱讀...除了選戰整合外，民進黨台南市黨部與市長競選總部也預計於9月5、6日共同舉辦，慶祝928民進黨黨慶的「一代、二代、三代、四代祖孫同樂會」，規劃妃妃姐姐親子活動，林志展也希望不同世代黨員可以帶著大小朋友同樂，當天的規劃有很多新亮點，請大家拭目以待。陳亭妃說，政治應該有溫暖、有歡笑，透過祖孫同樂會，把不同氛圍的政治帶進家庭、生活，讓大家感受到台南是一個有溫度的城市。民進黨台南整隊拚2026，市長黃偉哲擔任競總主委。（民進黨台南市黨部提供）    ,https://news.ltn.com.tw/news/politics/breakingnews/5533933
遭酸「民進黨有妳裸照？」 黃智賢霸氣3點回嗆：國民黨墮落還柯黃化,政治,2026/08/09 16:56,資深媒體人黃智賢。（擷取自臉書）資深媒體人黃智賢向來以立場鮮明、評論風格強烈著稱。然而，面對現階段立法院在野的國民黨與民眾黨席次過半，不僅強推多項爭議法案，更大幅度凍結與刪除政府各部門預算，讓她也忍無可忍多次重砲批評。不料，近日卻有部分網友惡意質疑「民進黨是不是有她的裸照？」對此，黃智賢親自上陣以3點霸氣回嗆，獲得超過4000名網友按讚。黃智賢2022年曾發文質疑時任衛福部長陳時中，當時她痛批：「2021年衛福部怎麼擋疫苗的，台灣人真的忘了嗎？有人知道黃智賢怎麼了嗎？本來買疫苗就是政府的責任。畢竟早早通過8400億給你，讓你買疫苗了。結果陳時中的七部曲來了。」請繼續往下閱讀...然而，隨著近期慈濟基金會爆出2021年採購BNT疫苗期間，遭詐騙集團以「委任報酬」為由詐走高達10.6億元善款爭議持續延燒，黃智賢也在Threads發文強調，慈濟最終買到疫苗，正證明了政府當年根本沒有阻擋。有網友便截圖她前後兩篇貼文進行對比，並以戲謔語氣留言寫下：「民進黨是不是有她的裸照？」此舉成功釣出黃智賢本人親自留言反擊。黃智賢直言：「國民黨墮落了，還不准別人說。至於白？我從2014年罵柯文哲黃國昌到現在。但是，國民黨竟然舔柯黃，還柯黃化。網軍得是文盲，還得無恥。還得依照指令攻擊正常人類。可憐可悲，不能讓他爸媽知道在柬埔寨做網軍！」留言曝光後吸引1.8萬次瀏覽以及超過4000個讚。此外，昨（8）日父親節有Threads網友發文替前民眾黨主席抱屈，撐一個父親的兒子因遭受迫害，再也見不到他的父親。這番言論同樣引來黃智賢留言開砲。黃智賢怒嗆：「柯文哲從此見不到父親，不是因為誰迫害，是因為他父親老、病、仙遊。」黃智賢強調，柯文哲先前被羈押禁見時，好幾次讓他特權去探父親的病，別人都沒有這種特權，甚至在父親喪禮上，柯文哲也享受特權，能以專屬模式參與，並在羈押禁見期間讓家人前往看守所商討父親後事。她也痛批，柯文哲是貪污犯，對不起人民跟國家，也對不起他父親，「他不是政治犯，所以不要再胡扯。」     在 Threads 查看    ,https://news.ltn.com.tw/news/politics/breakingnews/5533850
無黨籍朴子市長參選人黃嫈珺成立競總 跨黨派大咖力挺,政治,2026/08/09 16:37,前省諮議員黃文峯（右）、前朴子市長黃麗貞（左）夫妻為女兒黃嫈珺競選朴子市長授戰旗、披彩帶。（記者蔡宗勳攝）退出民進黨，以無黨籍身份投入下屆朴子市長選舉的嘉義縣議員黃嫈珺，於今天下午成立競選總部。現場湧入大批支持者，無黨籍前立委林國慶、太保市長鄭淑分、朴子市長也是縣長參選人吳品叡、議員蔡奇璋、黃金茂與國民黨籍民雄鄉長林于玲、義竹鄉長黃政傑、議員李國勝、詹琬蓁等多位非綠營民代到場相挺，展現「在野大聯盟」跨黨派團結氣勢。黃嫈珺出身嘉義縣政治世家，其父親前省諮議員黃文峯與母親前朴子市長黃麗貞分別親自為女兒授旗、披彩帶，展現一家人同心贏取選戰的決心。請繼續往下閱讀...黃嫈珺致詞時強調，自己從政擔任縣議員至今已有17年，擁有豐富服務經驗與執行力，有能力也有信心帶領朴子市向前走。黃嫈珺進一步說，面對周邊台積電、嘉義科學園區及無人機產業園區等重大開發帶動，將引領朴子迎向「黃金時代」，並提出三大核心政見，包括提供長輩免費醫療專車接送、興建結合游泳池與滯洪池的複合式運動中心，以及全力爭取輕軌延伸串聯至朴子市，讓地方建設緊跟產業發展腳步。出身朴子的新北市長侯友宜因颱風白海豚必須坐鎮防颱，特別錄製影片發聲力挺，肯定黃嫈珺長期服務地方的熱忱，認為這些政見具有實現可能，也能真正造福地方，表達對黃嫈珺的支持。黃嫈珺針對近期地方傳出的選舉賭盤謠言，嚴正呼籲支持者切勿觸法，共同維護乾淨選風。同時特別提醒朴子培育出侯友宜與現任張榮興兩位警政署長，治安不容抹黑，民主選舉不應被選舉賭盤操控。無黨籍朴子巿長參選人黃嫈珺競選總部成立，非綠陣營集結相挺。（記者蔡宗勳攝）無黨籍朴子巿長參選人黃嫈珺競選總部成立。（記者蔡宗勳攝）嘉義黃氏宗親會理事長黄榮村送包子及蒜預祝包中跟凍蒜。（記者蔡宗勳攝）    ,https://news.ltn.com.tw/news/politics/breakingnews/5533879
巴威能放、白海豚不能放？吳思瑤轟蔣萬安甩鍋 北市府嗆︰竹篙鬥菜刀,政治,2026/08/09 16:21,民進黨籍台北市長參選人沈伯洋競選總幹事、立委吳思瑤（右二）認為，台北市長蔣萬安以「中央氣象署沒發布陸上颱風警報」沒放颱風假的說法，是又甩鍋中央了。（記者方賓照攝）白海豚颱風外圍環流影響北台灣，台北市昨天跟今天都讓人明顯感覺到颱風天，相較上次巴威颱風沒什麼風雨卻放颱風整備假，台北市長蔣萬安面對決策受到質疑，回應「中央氣象署沒發布陸上颱風警報」；民進黨籍立委吳思瑤批蔣想甩鍋嫁禍中央，北市府副發言人蔡畹鎣回應，2次颱風的路徑、風雨預測及致災風險明顯不同，要吳思瑤別「竹篙鬥菜刀」。蔡畹鎣提供人事處的說明，指停班課決策均嚴格依據中央氣象署專業預測數據，並符合中央法規之停班課標準，絕無標準不一之情事。事實是白海豚風雨數據未達法定標準，中央氣象署僅發布海上警報，並預估暴風圈不會侵襲台灣本島。根據8日晚間7時氣象署提供的未來24小時風雨預測，北市的預估風力與雨量數值「皆完全未達」法定停班停課門檻。請繼續往下閱讀...人事處指出，前次巴威颱風，7月9日氣象署風雨預測資料已明確顯示，隔日（10日）晚間北部地區的風力或雨量變大，且暴風圈侵襲機率極高，並預計於隔日上午發布陸上警報。市府基於保障市民生命財產安全之原則，依法宣布停班停課。所有防颱與停班課決策，皆依「天然災害停止上班及上課作業辦法規定」及氣象署最新發布的風力、雨量，並透過與基隆市、新北市及桃園市進行協調聯繫後，審慎決定，呼籲外界勿將不同條件的颱風刻意混淆比較。蔡畹鎣也回擊吳思瑤的批評說，2次颱風的路徑、風雨預測及致災風險明顯不同，別再「竹篙鬥菜刀」。客觀氣象數據就擺在眼前，卻選擇性看不見，腦中只有政治操作、刻意混淆視聽。難道想藉此轉移毒油案、疫苗案焦點？不斷想替人民「洗記憶」的正是民進黨。    ,https://news.ltn.com.tw/news/politics/breakingnews/5533857
長崎典禮降格台灣！我日代表拒出席抗議 莊瑞雄：和平不該犧牲尊嚴,政治,2026/08/09 16:15,民進黨團幹事長莊瑞雄。（資料照）日本長崎市今（9）日上午舉行原爆和平紀念典禮，然長崎市政府卻將台灣代表的座位安排在使節團區域之外，刻意矮化我國格與地位。駐日代表李逸洋表達嚴正抗議並拒絕出席，並批評長崎市政府屈從中國意志，錯誤決策已淪為中共對台法律戰的工具，令人失望；民進黨團也強調，追求和平，不應該從犧牲台灣的尊嚴開始，呼籲日方正視並改正做法。民進黨團幹事長莊瑞雄表示，長崎原爆紀念典禮的目的，是記取戰爭教訓、追求和平，不應該成為中國打壓台灣的政治工具。長崎市政府刻意將台灣代表安排在使節團區域之外，矮化台灣的地位與尊嚴，民進黨團無法接受，也支持駐日代表表達嚴正抗議。請繼續往下閱讀...台灣參加和平紀念典禮，是為了悼念歷史、珍惜和平，不是去接受政治羞辱。莊瑞雄說，尤其諷刺的是，一方面高喊廢除核武、追求和平，另一方面卻屈從中國壓力；真正持續擴張核武、以軍事力量威脅台海和平的，恰恰就是中國。莊瑞雄強調，長崎市政府的錯誤決定，不應影響台日長久累積的深厚友誼，期待日方正視並改正這樣的做法，不要讓一場紀念和平的典禮，反而成為中國打壓台灣的舞台。    ,https://news.ltn.com.tw/news/politics/breakingnews/5533853
被讚「最強母雞」對比蔣萬安？ 盧秀燕緊牽蘇清泉：母雞越多越好,政治,2026/08/09 16:08,盧秀燕在東港為蘇清泉站台。（記者蔡宗憲攝）選戰倒數三個多月，台中市長盧秀燕今（18）日特別南下屏東，為國民黨屏東縣長參選人蘇清泉站台加油。面對媒體詢問，外界封她為藍營「最強母雞」，但也有人認為台北市長蔣萬安同樣具備強大號召力，甚至關切是否在為2028大選佈局？盧秀燕大氣回應：「亂世出英雄，母雞越多越好！」盧秀燕受訪時表示，選情相當緊張，因此她展開跨縣市輔選，午後則趕抵東隆宮參拜，並為蘇清泉及在地公職參選人加油打氣。她特別強調，屏東這場仗選得非常辛苦，但「唯有辛苦才會更珍惜」，只要給蘇清泉一個機會，他一定會更加認真服務屏東鄉親。請繼續往下閱讀...針對媒體關心她與蔣萬安的「最強母雞」之爭及2028話題，盧秀燕強調，可喜可賀的是「亂世出英雄」。無論是她或蔣萬安，黨內有更多英雄好漢願意在困難時刻挺身而出、為人民發聲，都是好事。「每一個人都是母雞，更是人民的母雞！」盧秀燕表示，非執政黨參選過程極其艱辛，但不怕難、不怕苦的母雞越多越好，鄉親投票給這些勇敢站出來的人，不是為了參選者，而是為了給自己爭取一個更好、更堅實的發聲管道。盧秀燕東港站台，緊拉蘇清泉。（記者蔡宗憲攝）盧秀燕在東港為蘇清泉站台。（記者蔡宗憲攝）    ,https://news.ltn.com.tw/news/politics/breakingnews/5533849
狂言台灣從不是國家！ 綠酸鄭麗文被盧蔣邊緣化「急了」,政治,2026/08/09 15:46,國民黨主席鄭麗文。（資料照）國民黨主席鄭麗文近期再拋「兩岸同屬一中」、「台灣從來不是一個國家」及和平統一條件等極端兩岸論述，民進黨人士分析鄭有二大動機，一是掩飾其無法解決年底選戰藍營分裂的無能，二是在「黨內沒人理」的困境下，只能孤注一擲搏版面、搶聲量。針對鄭麗文近來言論，民進黨人士痛斥，這是否定台灣，否定自己，更是羞辱全體國人，令人感到不可思議，也無法接受。請繼續往下閱讀...民進黨人士批評，鄭麗文企圖挑起統獨爭議拉抬個人黨內地位，掩飾無法解決竹縣、彰化、宜蘭等地分裂的無能，特別是上週國民黨到新竹縣辦行動中常會，副縣長陳見賢依然沒有現身，顯見鄭至今對地方整合「完全沒有貢獻」。民進黨人士指出，國民黨無論是盧秀燕、蔣萬安還是鄭麗文，慣用製造對立掩飾自身無能，就像蔣動輒要賴總統道歉、倒閣來拉高自身層級、轉移市政焦點；鄭麗文被黨內排除後，也故技重施搶救聲量。這對藍營是吸票還是敗票？民進黨人士諷刺，「她可能比較急於幫自己的黨內地位加分，連國民黨都沒有人理她了」。    ,https://news.ltn.com.tw/news/politics/breakingnews/5533824
沈伯洋合體張文潔辦見面會 支持者興奮拉手跳來跳去,政治,2026/08/09 15:31,民進黨籍台北市長參選人沈伯洋出席「強棒出擊！沈伯洋 × 張文潔見面會」。（記者方賓照攝）民進黨籍台北市長參選人沈伯洋今天下午合體市議員張文潔，於市議會一樓交誼廳舉行「強棒出擊！沈伯洋Ｘ張文潔見面會」，人潮從市議會門口陸續湧入活動現場、絡繹不絕，高聲呼喊「沈市長凍蒜！」現場還有婆媽支持者拉著沈伯洋的手，興奮跳來跳去活力十足，場內包括或站或坐粗估應有四、五百人熱烈相挺，快要塞滿交誼廳。沈伯洋表示，張文潔長期以來關注兒少、長者、學校安全、地方商圈及產業發展議題，今天市議員相見歡活動來到她這一場，希望藉由合體一同帶動整體士氣，讓大家認識台北隊之外，也會蒐集鄉親意見了解市政尚待改進之處。請繼續往下閱讀...張文潔指出，沈伯洋先前到松信掃街掀起「沈伯洋旋風」，轄區選民一直敲碗想跟沈伯洋見面、希望沈伯洋可以聽聽居民的想法，對比市長蔣萬安市政無作為且無能，這些人更希望沈伯洋提出的政策，可以很有遠見也是民眾想了解、實現的，所以安排了這場近距離的見面會。媒體詢問今天活動佈置是溫暖粉（張文潔的代表色）呼應溫暖橘（沈的競選主視覺）？張文潔說，同屬粉色系，代表了溫暖台北市民的心，更能將溫暖的政見帶給台北市更進步的發展。張文潔的父親、中評委張茂楠說，原本行前還在擔心，颱風天會影響支持者的出席意願，但到現場看見支持者們不離不棄、鼓起勇氣，風雨生信心替沈伯洋帶領的台北隊加油打氣。張文潔是認真打拚的職業婦女，曾有人跟他說，女兒比父親更優秀，還叫他聽了不要生氣，他認為，如果年輕人可以做得更好，他樂見其成也願意讓年輕人引領台北、光復台北。    ,https://news.ltn.com.tw/news/politics/breakingnews/5533806
美退役海軍少將：協同作戰能力至關重要 台灣須與美日盟友緊密合作,政治,2026/08/09 15:19,美國退役海軍少將蒙哥馬利今日表示，台灣社會韌性所面臨挑戰已超越國內議題範疇，必須與美日盟友緊密合作。（記者叢昌瑾攝）福和會與日本戰略研究論壇合辦的「民主之盾」台美日三邊合作機制倡議論壇圓滿落幕。美國退役海軍少將蒙哥馬利今（9）日於會後記者會表示，政府各部門應對危機的協同作戰能力至關重要，應提前溝通、制定計畫，以確保海上安全航行；台灣社會韌性所面臨挑戰已超越國內議題範疇，必須與美日盟友緊密合作。福和會與日本戰略研究論壇（JFSS）昨於台北舉辦「福和會『民主之盾』台美日三邊合作機制倡議論壇」，共同研討面對災難時，台、日、美各項關鍵基礎設施防護、民生供應韌性及跨部門危機應變合作機制。今日舉辦「『民主之盾』台日美三邊合作機制倡議‧第一次政經模擬推演記者會」。請繼續往下閱讀...前美國海軍第七艦隊指揮官蒙哥馬利（Mark Montgomery）表示，本次模擬推演的重點為強調必須提前做好準備，並且釐清必要需求，政府各部門都必須建構「協同作戰能力」（interoperability），方能在遭遇颱風、颶風、地震等危機時，進行良好溝通與規劃。蒙哥馬利認為，當試圖將物資送至受圍堵地區時，海上軍力至關重要，近95％的貿易都透過海上運輸，確保海上安全航行並引導船隻提供救援的權責掌握在海巡及海軍手中，因此，在本次論壇中，針對如何事前規劃以確保跨國協同作戰能力進行了許多討論。蒙哥馬利也說，總統賴清德政府建構全社會防衛韌性的作為表現出色，致力於確保若面臨能源、通訊、金融等面向的危機時，社會都能做好準備。台灣社會韌性所面臨的挑戰已超越國內議題的範疇，必須與夥伴、美日盟友緊密合作。日本戰略研究論壇顧問埃德里奇（Robert D. Eldridge）則表示，台灣的和平繁榮不僅對台灣人民及國際社會都至關重要，國際社會在確保台灣的和平與繁榮上，扮演不可或缺的角色。福和會今日舉辦「『民主之盾』台日美三邊合作機制倡議‧第一次政經模擬推演記者會」。（記者叢昌瑾攝）    ,https://news.ltn.com.tw/news/politics/breakingnews/5533794
林國漳成立扶輪後援會 社友齊聚相挺喊話找回宜蘭榮耀,政治,2026/08/09 15:18,民進黨宜蘭縣長參選人林國漳（中，拿麥克風者）今天成立扶輪後援會，大批社友齊聚相挺。（圖由林國漳競辦提供）民進黨宜蘭縣長參選人林國漳今天（9日）成立林國漳扶輪後援會，湧入大批扶輪社員齊聚相挺，喊出「這次支持，為了找回宜蘭的榮耀」。立委王義川及陳俊宇、前宜蘭市長江聰淵、蘇澳鎮長暨議員參選人李明哲、宜蘭市長參選人韓瑩、羅東鎮長參選人黃適超、礁溪鄉長參選人吳亞蓁、議員參選人游國連到場加油打氣，扶輪後援會總會長謝漢池、總召集人曹光炎肯定林國漳的勤懇與專業。請繼續往下閱讀...身為資深扶輪社友的林國漳感性回憶，他與扶輪社緣分長達30多年，從昔日受領獎學金學子，到回鄉服務社會並擔任社長，始終把扶輪社「是否各方得到公平」等4大考驗奉為處事圭臬，未來入主縣府，將以此標準自我檢驗。林國漳端出務實政見，包含生育補助提高至3萬、推動0至18歲成長基金與幼兒免掛號費、每年1萬2000點用途多元的智慧敬老卡，透過實質社福資源，做一個照顧全民的好縣長。王義川指出，宜蘭歷任縣長奠定清廉、勤政、愛鄉土招牌，近年卻因現任首長官司纏身，讓縣民顏面無光，推舉林國漳就是要讓宜蘭人再次抬起頭，他痛批對手陣營在立法院屢屢杯葛總預算，阻擋攸關產業與國防的無人機預算，提醒鄉親支持真正懂產業趨勢、實實在在做事的林國漳。民進黨宜蘭縣長參選人林國漳（中，拿麥克風者）今天成立扶輪後援會，大批社友齊聚相挺。（圖由林國漳競辦提供）立委王義川為林國漳站台助講。（圖由林國漳競辦提供）    ,https://news.ltn.com.tw/news/politics/breakingnews/5533760
快評》誰要跟鄭麗文回到從前？,政治,2026/08/09 15:11,國民黨主席鄭麗文。（資料照）國民黨主席鄭麗文新近標舉「回到馬英九那8年」的藍色願景，隨之帶來兩個問題，那8年的光景究竟如何？有多少人因懷念想回到從前？鄭主席的原句是這樣說的：她和習近平的見面就是要證明給大家看，「在九二共識、反對台獨的基礎上，我們在兩岸一家親、兩岸一家人這樣的基礎上，兩岸絕對可以，不但回到前總統馬英九那8年，還會有更多更好的發展」。言下之意很清楚，她認為那8年（2008–2016）比現在好，當時的國家路線比較正確。請繼續往下閱讀...要進行時代比較，總要有一些客觀的數據。我們不妨設定幾個指標來比一比，馬政府時期的平均經濟成長率（GDP）大約2.8%，平均失業率約4.47%，人均所得約18000美元到22000美元，台股加權指數至卸任前維持在8000到8500點之間，8年來未能站穩萬點。而馬英九在競選時提出的633政見（經濟成長率6%、人均所得3萬美元、失業率3%以下），從來就沒能兌現。甚至因22K的實習方案造成薪資地板效應。至於現在呢？賴政府2年多的經濟成長率，2024年約4.59%到5.6%，2025年達8.68%，2026年上半年已經衝到13.72%。平均失業率約3.38%到3.0%區間，平均每人GDP從約3.4萬美元突破到4萬美元大關，台股加權指數則從上任時的21000點一路攀升到現在突破4萬點。馬賴兩個時期的政策發展方向，在主觀意志與客觀環境上皆迥然不同。馬政府力拼對中國的貿易自由化，獲得前述不彰的數據之餘，對中國含港澳的出口比重達到40%，引起產業過度依賴單一市場的弊害。賴政府這些年，順應地緣政治，並搭上全球AI革命的巔峰，對中國投資與出口下降到個位數，資金大幅回流或轉向，對美貿易攀升，科技產品直接對美出口比例創高。換言之，馬英九8年西進中國，與現在的賴清德2年多脫鉤中國，雙方在不同的經貿戰略路線與產業發展重心下，已經驗證的結果是根本不能比的。在這樣的對照下有誰想回到從前？應該是依賴中國特許與市場的政經獲利者，例如國民黨權貴與扈從、傳統製造業、觀光旅宿業、契作農漁業等所謂兩岸紅利族群。這些人的數量，按照就業人口與兩朝的政府施政滿意度比較（馬英九卸任時最低降至9.2%），可以估計並不多於現在路線的支持者，即使是對現狀不滿意者，也並不等於想回到過去，較多的是對分配與民生的在意。依據這個圖像，執政黨與在野黨該致力的目標，事實上非常清晰。民進黨要穩定執政，要盡力去輔導升級，縮小失利者；國民黨則要面對現實，為弱勢者代言，鞭策政策的衡平性，絕不是回到較差的數據去，要大家一起更伊於胡底。因此，誰要跟鄭麗文回到從前？不要說有傷國民黨的年底選票，就是鄭麗文自己恐怕都未必是肯定句。畢竟，馬英九那8年，她歷經立委敗選，請辭公職去當名嘴，並不如現在是黨主席快意江湖。    ,https://news.ltn.com.tw/news/politics/breakingnews/5533802
莊競程指早知疫苗採購困難 蔣萬安反擊：政府阻擋民間購買,政治,2026/08/09 15:10,台北市長蔣萬安（中）視察內湖區成功路四段邊坡整治工程，行程前接受媒體訪問。（記者蔡愷恆攝）台北市長蔣萬安今（9）日視察內湖區成功路四段邊坡整治工程，行程前媒體提問，時任立委莊競程在臉書說，過去與蔣萬安在立法院環衛委員會針對疫苗召開秘密會議，當時衛福部長陳時中已說明有採購困難；莊強調，蔣萬安明明很了解狀況卻放話出去。蔣萬安回覆，秘密會議提供資料有三分之二都被遮蔽，規避立院監督，「我想當時整個疫情過程，政府阻擋疫苗的情形造成所有民眾慘痛的經驗，大家都不會忘記。」蔣萬安表示，已經講過非常多次，在疫情期間當時疫苗採購的過程，不管是民間團體或是企業，大家都希望能夠盡快的來協助採購，但是政府就是阻擋。不管是說已經有安排，或者是用層層繁瑣的行政程序來卡住民團來採購。請繼續往下閱讀...蔣萬安也提到，當時立法院召開秘密會議，結果即便在秘密會議裡面所提供的資料，三分之二都被遮蔽，都全部塗黑，不管是相關的採購數量、期程、價格等等，所以完全是規避立法院的監督，而且還要封存30年。    ,https://news.ltn.com.tw/news/politics/breakingnews/5533784
駐日內瓦辦事處處長遭爆霸凌又酒駕 外交部啟動調查、依法辦理,政治,2026/08/09 15:01,我國駐日內瓦辦事處處長李冠德遭爆料涉嫌濫用公帑、報假帳、職場霸凌，並曾在瑞士酒駕、超速。外交部表示，已針對霸凌案正式啟動調查程序，其他檢舉事項則將由各相關單位查證依法辦理。（資料照）我國駐日內瓦辦事處處長李冠德遭爆料涉嫌濫用公帑、報假帳、職場霸凌，並曾在瑞士酒駕、超速。對此，外交部表示，針對涉職場霸凌部分，已組成專案調查小組，正式啟動調查程序；其他檢舉事項則將由各相關單位查證依法辦理。網路媒體報導指出，我國駐瑞士台北文化經濟代表團日內瓦辦事處處長李冠德自2024年12月上任至今，涉嫌濫用公帑、報假帳、職場霸凌，並在瑞士酒駕、超速36公里；其妻也涉及欺凌職務宿舍清潔人員。請繼續往下閱讀...外交部表示，外交部一向重視營造安全、尊重及友善之職場環境，對於涉及職場不當對待、管理方式或內部互動等情形，均設有多元且具保密性之申訴及反映管道，並持續要求各駐外館處首長落實妥善管理及領導責任。外交部指出，本案檢舉內容涉及職場霸凌部分，外交部已受理，並已組成以外部委員為主之專案調查小組，正式啟動調查程序；其他檢舉事項部分，將由各相關單位查證依法辦理。    ,https://news.ltn.com.tw/news/politics/breakingnews/5533777
明年度國防預算將破1.1兆 國民黨：顯示無人機納年度預算還有空間,政治,2026/08/09 14:47,國民黨文傳會主委陳以信。（資料照）立法院尚未三讀今年度中央政府總預算，不過，行政院會20日將拍板明年度總預算。明年度國防預算將突破1.1兆元。對此，國民黨文傳會主委陳以信今（9）日表示，凸顯政府原先說平均每年400億元的無人機經費，納入年度預算將會排擠教育、社福等公共支出的說法站不住腳。他要求政府說實話，告訴國人為何年度預算還有空間，卻偏要用特別預算舉債，惡化財政紀律，「把無人機當提款機、刷卡換現金」？今年國防預算已參酌北大西洋公約組織標準，加計退輔會退休給付與海巡署支出，總計9495億元，雖然立法院尚未三讀今年度總預算，確切預算數尚未正式抵定，據分析，在北約標準下，明年度國防預算不僅首度破兆元，且超過1.1兆元。請繼續往下閱讀...陳以信指出，無人機既然是長期國防建軍計畫，本應依國家財政能力及建軍期程，納入正常年度國防預算。若每年平均400億元的無人機預算，政府歲入確實負擔得起，就沒必要立特別預算舉債支應。陳以信表示，國民黨版無人載具條例，6年編列2400億元，每年400億元納入年度預算，總額反比行政院版多。優點可以逐年審查，強化立法院監督，同時推動無人載具研發、生產及製造基地，加入資安、品質認證與防弊機制，並透過租稅優惠扶植國內產業，兼顧國防、財政紀律與產業發展。陳以信強調，國民黨一向支持國防建設，但同時政府也應遵守財政紀律。政府不該把應正常逐年審查的支出包裝成特別預算，更不該拿「排擠社福」作為迴避說明的藉口。他要求賴清德政府對國人說實話，為何400億元無人機預算不能回歸年度預算？政府堅持另編特別預算的真正原因到底是什麼？    ,https://news.ltn.com.tw/news/politics/breakingnews/5533736
雲林第一選區19搶10超激戰！ 王婉諭陪議員參選人廖昶淳掃街 ,政治,2026/08/09 14:44,雲林縣第一選區被視為激烈戰區，時代力量提名議員參選人廖昶淳邀請黨主席王婉諭到斗六西市場掃街拜票。（記者李文德攝）雲林縣第一選區（斗六、莿桐、林內）被視為超級戰區，目前表態參選者共19人，應選10席縣議員。今（9）日時代力量提名參選人廖昶淳，邀請黨主席王婉諭到斗六西市場掃街拜票。面對年底選舉，王婉諭認為，台灣選舉制度對小黨較不利，因此每個選區都是艱困選區，但希望用誠懇實幹的態度爭取大眾信任。廖昶淳表示，西市場是雲林山線地區規模大的市場之一，任何變動都會牽動在地市場文化與居民生計。過去中央市場改建、東市場拆遷，以及成功市場與吆鬼街等案例都顯示，市場一旦被硬性變動，交易與貿易的區位優勢往往就此消失。請繼續往下閱讀...廖昶淳表示，近期西市場的保留議題，政府從拆遷態度轉彎表態不採取重建方式，但居民仍擔心選舉過後市場是否再度面臨拆遷，因此將持續緊盯政府未來每一項決策。他表示，雲林長期被貼上「農業縣、老年縣、外流縣」的標籤，許多人談到雲林便停留於此，但他眼中的雲林並非如此，只要有人願意好好整理、好好串聯，就能成為雲林最有力量的底蘊，因此希望把專業帶回家鄉實踐，打開雲林公共討論的空間。王婉諭表示，特別選擇西市場作為起點，因為這裡不只是市場，更是斗六長年人潮匯聚與生活樞紐。過去外界討論西市場，常常把「發展」簡化為「拆除」，但仍有許多議題需充分討論，民意代表應在政府與民眾之間找到平衡，讓人民真正在意的事情能被看見、被討論推動。她表示，近來看到廖昶淳在西市場推動保留連署，也獲得許多攤商與居民支持。真正一位年輕、願意回到家鄉、把居民生活放在心上的參選人，這正是她全力支持廖昶淳的原因。媒體再詢問王婉諭，斗六為激戰區應如何看待。王婉諭認為，台灣選舉制度其實對小黨是不利的，加上選舉花費對小黨候選人就非常不利，因此每個選區其實都是艱困選區，從來沒有一場選舉是輕鬆，而目前與小民參政歐巴桑聯盟、台灣基進、台灣綠黨，加上無黨籍夥伴，組成台灣前進陣線，共推出約30席的縣市議員參選人，每個都是戰戰兢兢，希望勤懇實幹態度爭取大家支持。雲林縣第一選區被視為激烈戰區，時代力量提名議員參選人廖昶淳邀請黨主席王婉諭到斗六西市場掃街拜票。（記者李文德攝）    ,https://news.ltn.com.tw/news/politics/breakingnews/5533732
蔣萬安挨轟北市颱風假標準不一  沈伯洋：公開透明的SOP呢？,政治,2026/08/09 14:40,民進黨籍台北市長參選人沈伯洋出席「強棒出擊！沈伯洋 × 張文潔見面會」。（記者方賓照攝）台北市長蔣萬安今天上午聽取白海豚颱風工作會報前，受訪被問到台北市災情掌握狀況及颱風假放假標準，他說，氣象署這次沒有發布陸上颱風警報，昨經四市討論，今無宣布停班課，對照7月巴威颱風，同樣在未發布陸警的前提下，蔣卻宣布放颱風整備假，引發放假標準的質疑聲浪。對此，民進黨籍台北市長參選人沈伯洋下午合體市議員張文潔並說，蔣市府應有公開透明一致的標準讓市民可以事先知道並檢驗，這樣一來就較不會有疑慮。沈伯洋表示，陸警不是放假唯一條件，放假有分很多種，例如因為豪雨放假，上次蔣發明了所謂颱風整備假，這一次為何沒有？若要精準預測，多少都有一定困難，市民會有的疑慮不會說是精準與否的問題，而是標準作業流程是什麼、能不能公開透明，讓市民能夠事先知道標準為何。請繼續往下閱讀...沈伯洋指出，還是很希望蔣市府能有一些比較公開透明且一致的標準，讓市民可以檢驗，相信這樣大家就不會有相關的疑慮。國民黨籍議員秦慧珠提到，巴威與白海豚情況不同，相信專業判斷，是否放颱風需考量颱風級別如中颱以上、有無登陸等條件，理應回歸科學討論。「防災不是政治攻防！」藍營議員林杏兒也說，每次風雨條件不同，決策判斷都要因時、因事來制宜。市長與防災團隊在考量是否放假時，最重要的依據永遠是「市民的人身安全」與「最新的氣象數據與風險評估」。蔣尊重氣象專業、遵守跨縣市協調機制，與周邊縣市共同討論、綜合評估後做出決策，絕非推給中央。    ,https://news.ltn.com.tw/news/politics/breakingnews/5533727
里長簡炎輝打臉「不給講話」！  再同台挺蘇巧慧 喊話李四川陣營「選舉母湯選成這樣」,政治,2026/08/09 14:35,民進黨立委、新北市長參選人蘇巧慧（右3）昨出席父親節餐會活動，事後被藍營指控蘇不給中山里里長簡炎輝（右2）講話，蘇今再於活動上與簡炎輝同台相遇，簡炎輝特別澄清「沒有那回事」，並向國民黨新北市長參選人李四川陣營喊話「選舉母湯選成這樣」。（圖由讀者提供）民進黨立委、新北市長參選人蘇巧慧昨天出席「樹林老人會」父親節餐會活動，事後被藍營新北市議員參選人鄧凱勛指控蘇巧慧不給中山里里長簡炎輝講話，蘇巧慧競辦昨出示兩人在場互動熱絡的影片打臉後，蘇今再於活動上與簡炎輝同台相遇，簡特別澄清「沒有那回事」，並向國民黨新北市長參選人李四川陣營喊話「選舉母湯選成這樣」，一點意思都沒有，實際發聲力挺蘇，「希望今年新北出現第一位女市長」。蘇巧慧昨天表示，她和簡炎輝是十多年的交情，兩人在台上互開玩笑、互相拉抬相挺，竟然被國民黨扭曲事實，非常沒必要。蘇巧慧今再度與簡炎輝在老人會活動上同台，蘇巧慧仍禮讓簡炎輝先向在場鄉親致詞，現場氣氛輕鬆愉快。請繼續往下閱讀...簡炎輝指出，蘇巧慧跟他認識十幾年了，昨天致詞時還熱情表示「阿輝你在地、先跟大家講兩句，不要講20分鐘喔」，這明明就是開玩笑的，結果被扭曲成蘇巧慧不讓他講話，「世界上哪有這種事啦？我是覺得選舉不要選到這樣，選成這樣一點意思都沒有，不要去扭曲啦」。「哪有影她不讓我講話，她也沒辦法不讓我講話」，蘇巧慧聽到簡講到這邊，也笑出來激動比讚，一旁民進黨新北隊「小雞」們也歡呼鼓掌。簡炎輝說，選舉大家各自努力，不應該扭曲。今天風雨這麼大，蘇巧慧還是來參加老人會活動，這就是她平常在地方非常認真的態度。他說，這邊如果出一個市長，就是「樹林出一個女市長」。簡炎輝強調，自己其實是無黨，但不應該被人扭曲為蘇巧慧不讓他講話，他祝福大家父親節快樂，也祝福「未來的市長」蘇巧慧，還有議員們，「大家都凍蒜」。民進黨立委、新北市長參選人蘇巧慧（前排白外套）今與民進黨新北隊的在地議員參選人出席樹林老人會活動。（圖由讀者提供）    ,https://news.ltn.com.tw/news/politics/breakingnews/5533723
從地方到中央頻誤用中國國徽！ 王定宇：懲處失職以儆效尤,政治,2026/08/09 14:31,民進黨立委王定宇。（資料照）繼台中市政府社宅宣傳公告上誤用「中國國徽」後，本報披露，交通部觀光署日月潭風景區管理處8日在車埕火車站鐵道廣場舉辦「鐵道音樂嘉年華」，其中站長體驗活動，竟提供多頂中共五星國徽的車長帽供民眾配戴拍照。對此，民進黨立委王定宇要求各級單位加強辨識能力，公務體系中部分人員，缺乏敵我觀念，對於這種國家的界線沒有戒心，導致從中央到地方都發生類似情形。王定宇指出，台中市政府社宅的宣傳出現了中國五星旗的徽章，集集的火車音樂節，讓民眾佩戴的帽子上面竟然也出現中共五星旗的徽章。中華人民共和國是中華民國台灣唯一而且最大的威脅，該威脅不僅僅是經濟的、安全的，更是要消滅我們的國家，「讓我們失去主權，讓我們自由民主的生活方式全部被消滅。」請繼續往下閱讀...王定宇批評，當五星旗徽章在公務體系裡面，竟毫無知覺地拿來當作展示宣傳的用途，顯示我國面對敵情威脅的敵我意識非常的模糊。這樣的模糊，唯一得利的是中共可以利用這樣模糊的界線進行滲透、分化、敵我界線的去除，對台灣的安全當然是有影響。至於發生的原因，王定宇分析，現在AI時代，在運用AI時，可能忽略了AI的資料庫裡面，中國可能占了中文體系裡面的多數資料庫，所以用AI去設計東西或者寫文案時，若沒有給予適當的指令，很容易就跑出這樣的東西；加上在公務體系裡面部分人員，缺乏敵我觀念，對於這種國家的界線沒有戒心，導致從中央到地方都發生類似情形。「我們會要求相關各級單位加強辨識能力！」王定宇表示，運用AI時，如何給予適當指令，出來的結果如何要檢核；對於失職，讓中華人民共和國的國徽竟然出現在我國公辦的活動上面，或公家的官署的宣傳上面，也應該給予適當的懲處，以儆效尤。王定宇強調，台灣面對中國越來越大的威脅，不管是軍事上的、經濟上的、灰色地帶上的，中共對台灣社會的認知作戰、分化也無所不用其極之際，對於這種動輒用中華人民共和國的國徽放在我國政府的活動上，不能輕忽這樣子的影響。這一些動輒引用中國圖騰來模糊我國國家主權的做法呢，台灣必須更小心謹慎的因應。    ,https://news.ltn.com.tw/news/politics/breakingnews/5533716
鄭麗文昔在綠當獨派、今唱和中共 林俊憲轟：台灣的悲哀,政治,2026/08/09 14:27,民進黨立委林俊憲。（資料照）國民黨主席鄭麗文近日在節目上稱「台灣從未獨立過，也從來不是一個國家，民進黨說台灣已經獨立是胡說八道。」民進黨立委林俊憲今批判，台灣當然是個主權獨立的國家，名字叫中華民國，否定台灣是一個主權獨立的國家，這是共產黨的立場，而鄭麗文的論述完全配合共產黨的主張，按照國民黨的黨綱，國民黨是一個反共的政黨，實在很大的諷刺。林俊憲指出，台灣當然是個主權獨立的國家，名字叫中華民國。任何的改變，都需要由台灣人民同意，這是台灣的現狀，也絕對是絕大多數國人所認同的；否定台灣是一個主權獨立的國家，這是共產黨的立場。請繼續往下閱讀...「鄭麗文完全在幫共產黨講話，完全附和共產黨的主張。」林俊憲強調，台灣如果不是一個主權獨立的國家，中華民國在哪裡？中華民國就滅亡了。台灣能夠存活到現在，從來不能只靠中共的善意，而是台灣人自立自強，台灣的經濟力量、國防力量來捍衛我國安全。林俊憲痛批，像鄭麗文這種講法，完全是否定自己，這種完全配合共產黨的講法，按照國民黨的黨綱，國民黨是一個反共的政黨，實在很大的諷刺。林俊憲質疑，那更大的諷刺、笑話的是，鄭麗文以前在民進黨，她是最激進的，真正的外省獨派就是鄭麗文。現在跑到國民黨連腦袋都換掉了，現在反而否定中華民國台灣的存在，反而一切都附和共產黨的說法，實在是台灣的一個悲哀。    ,https://news.ltn.com.tw/news/politics/breakingnews/5533725
痛批藍白想洗記憶 林智群：陳時中唯一擋的疫苗是中國科興,政治,2026/08/09 14:15,律師林智群表示，陳時中只有擋中國的科興疫苗。科興疫苗示意圖。（路透）慈濟於武漢肺炎（新型冠狀病毒病，COVID-19）疫情期間委託掮客購買BNT疫苗遭詐10.6億元，引發各界關注，律師林智群表示，藍白近來一直聲稱民進黨擋疫苗，但當時擔任衛福部長、疫情指揮中心指揮官的陳時中，明明只有擋中國的科興疫苗。林智群今在臉書表示，藍白指控民進黨擋疫苗的行為，令人不禁懷疑是想要洗記憶，因為當時明明還有莫德納、AZ和高端可以選擇，沒有人逼民眾一定要去注射高端。請繼續往下閱讀...林智群指出，民進黨政府當時是先跟德國BNT原廠洽談，但被中國破壞了，如果可以進口絕對沒有理由去擋。林智群說，如果民進黨當局真的要擋疫苗，應該是學中國的做法，禁止一切外國疫苗讓中國人只能打科興，而陳時中唯一有擋的疫苗就是科興。    ,https://news.ltn.com.tw/news/politics/breakingnews/5533708
1日站長體驗竟戴中共國徽帽 官員：標案應明文禁用,政治,2026/08/09 14:09,日月潭風景區管理處8日在車埕舉辦「鐵道音樂嘉年華」，其中1日站長體驗活動，現場竟提供多頂有中共五星國徽的車長帽供民眾配戴拍照。（圖由讀者提供）交通部觀光署日月潭風景區管理處8日在車埕舉辦「鐵道音樂嘉年華」，其中1日站長體驗活動，現場竟提供多頂有中共五星國徽的車長帽供民眾配戴拍照。熟稔中共統戰的官員今日受訪表示，以後政府標單要明定清楚，不得出現中國五星旗、中共國徽等，尤其與國家主權象徵有關的物品。台中市政府住宅處政風室日前發布給社宅配合張貼宣傳公告上，被發現介紹中央主管機關配圖竟是「中國國徽」，引發民眾不滿質疑台中市府「自行回歸祖國懷抱」。無獨有偶，日月潭風管處昨天在車埕站舉辦的「鐵道音樂嘉年華」，活動佈置「我在車埕站等你」立牌，自由參加的1日站長體驗活動，拍照道具有多頂中國國徽車長帽，分別與台鐵的帽子放在一起，許多不知情家長、小孩戴著拍照。請繼續往下閱讀...對此，熟稔中共統戰官員表示，通常是委託的廠商出錯，政府標單應該要明定清楚，要求不得出現中國五星旗、中共國徽等，尤其與國家主權象徵有關的物品。這都攸關國家尊嚴，政府單位要嚴加把關，這種錯誤不應該再犯。官員指出，得標廠商通常會用便宜的東西，資訊產品通常把關較嚴謹，像這種一般的東西，往往就沒有在把關，對於中共官方圖像的識讀也要加強。針對台中市府住宅處的官方宣傳公告使用中共國徽一事，官員說，地方政府對這些事都沒有警覺心，放任很多廠商使用中共的東西或圖像，特別是藍營執政縣市完全沒有敵我意識，以至於混淆視聽，把中共國徽拿來用在我國公家單位的文宣品。官員批評，上述是不知情情況下，如果是知情為之那就更嚴重。部分藍營執政縣市長期跟中國交好，很多國小學生被校方、教師帶去中國交流，上面的縣市長跟中國友好，下面的學校或承包機構就有樣學樣，「縣市長親中，我為什麼不能親中」、「親中才比較便宜啊」、「親中費用才會降下來」一大堆奇怪現象出現，這是地方政府要去檢討的。獨家》鐵道音樂嘉年華染紅？ 1日站長體驗竟戴中共國徽帽「鐵道音樂嘉年華」1日站長體驗活動，現場拍照道具是有中共國徽的車長帽。（圖由讀者提供）    ,https://news.ltn.com.tw/news/politics/breakingnews/5533726
批蔣萬安沒放假又「甩鍋中央」 吳思瑤：放假決策以政治考量優先,政治,2026/08/09 14:05,吳思瑤提到，蔣萬安決策依據到底是什麼？就是一切民粹優先，政治考量第一，管他什麼專業評估、科學標準。（資料照）颱風「白海豚」及其外圍環流影響，台北市今日上午強風豪雨，不過市長蔣萬安今日（9日）沒有像7月初「巴威」颱風提前放「颱風整備假」，蔣受訪時解釋，是因為「中央氣象署沒發布陸上颱風警報」。民進黨立委吳思瑤對此批評蔣萬安：「甩鍋中央又來了，這次推給氣象署。」吳思瑤表示，「白海豚」已經造成台北135件災情了，不只沒有「整備假」，今天連「颱風假」都沒有，市民被迫冒著危險上下班。吳思瑤提到，當時巴威也是連陸警都還沒發布，蔣萬安急著宣布停班停課，結果無風無雨被質疑，蔣市府自創了前無古人後無來者的「颱風整備假」來自圓其說，今天不放假則是氣象署「沒發布陸警」，蔣說謊不打草稿被抓個大包。請繼續往下閱讀...吳思瑤提到，蔣萬安決策依據到底是什麼？就是一切民粹優先，政治考量第一，管他什麼專業評估、科學標準。吳思瑤直言：「今天是週日，本來就放假，就算放颱風假也得不到太多讚聲，選票也不會多太多。巴威不同啊，當時週五放颱風假，市民可以連續獲得三天假期，放假絕對大加分。」吳思瑤強調：「所以蔣萬安急著跳過氣象署，等不及陸警發布就率先宣布放假，無非是想討好市民，騙票罷了。」吳思瑤也列出時序，強調蔣萬安當初在氣象署發布陸上颱風警報的前一天晚上就宣布停班課，質疑蔣：「還想洗記憶？蔣萬安明明還沒發布陸警就搶宣布放假！以為市民都失憶好騙嗎？別想甩鍋嫁禍中央！」    ,https://news.ltn.com.tw/news/politics/breakingnews/5533696
政府活動文宣屢見中共圖樣 中市離譜案例層出不窮,政治,2026/08/09 14:02,台中住宅處政風室公告竟驚見中國國徽。（圖由民眾提供）台灣政府機關、地方政府舉辦各式活動、製作文宣，屢被民眾發現出現中國五星旗、中共國徽或中國軍警相關圖像。台中市政府住宅處8月張貼的宣傳公告上，中央主管機關配圖竟使用「中國國徽」。南投的日月潭風景區管理處8日在車埕火車站廣場舉辦的「鐵道音樂嘉年華」，其中「一日站長體驗」活動，現場竟提供中共國徽車長帽給民眾拍照，引發家長質疑。回顧近年案例，2020年台中市警察局委外製作交通宣導海報，被發現使用穿著中國交通警察制服的卡通人物。同年，高雄市警察局交通大隊印製「汽機車安全駕駛」宣導摺頁，文宣上也出現中國五星旗。請繼續往下閱讀...2023年，台中市政府轄下原住民族文化館館外交通簡介看板，因位於清泉崗機場附近，圖示中繪有軍機，該軍機掛著中國五星旗；同年，國防部公布新版「全民國防應變手冊」，新增「敵我識別」章節，但解放軍的穿著示意圖，使用與現今解放軍軍裝不符的舊式服裝，有誤導之嫌。定期在日本東京代代木公園舉行，2024年由我國駐日代表處擔任後援單位的「台灣祭」活動，攤商招牌中的「台灣」兩字之間竟出現中國五星旗。事件曝光後，外交部要求駐日代表處強化日後活動審查，後續停止對相關活動的官方支援。2026年8月出現更直接的案例，台中市政府住宅發展工程處政風室製作「消費者保護法宣導圖卡」，做為官方宣導品，卻在介紹中央主管機關時，直接置入中華人民共和國國徽。為慶祝集集線復駛，交通部觀光署日月潭風景區管理處8日在車埕火車站鐵道廣場舉辦「鐵道音樂嘉年華」，一日站長體驗活動提供多頂中共五星國徽的車長帽供民眾配戴拍照。從交通宣導、公營文宣、國防教材，甚至政府舉辦的觀光活動，中國五星旗、國徽及相關圖像，屢次進入官方視覺素材，近6年來台中市政府出包高達3件，顯示政府單位在委外製作及內部審查時，有嚴重瑕疵及漏洞。「鐵道音樂嘉年華」1日站長體驗活動，現場提供有中共國徽的車長帽給民眾拍照。（圖由讀者提供）    ,https://news.ltn.com.tw/news/politics/breakingnews/5533687
自由觀點》漢光演習前推小琉球 拉大台海防禦縱深,政治,2026/08/09 14:00,    ,https://news.ltn.com.tw/news/politics/breakingnews/5532143
蔡壁如跨黨站台吳若茵  談藍白竹北市長整合僵局：只有團結才能贏,政治,2026/08/09 13:52,今天包括新竹市議會議長許修睿（左一）、前立委蔡壁如（左二）、孫文學校校長張亞中（右一）都到場支持，展現出吳若茵（右二）「國民姐姐」的超人氣。（記者蔡彰盛攝）國民黨新竹市香山區議員參選人吳若茵上午舉行競選總部進駐茶會，上千民眾無懼雨勢湧入會場支持，民眾黨前立委蔡壁如也跨黨派到場力挺；針對下屆竹北市長選戰藍白合作陷入僵局，她認為藍白整合不容易，但「只有團結才能贏」，呼籲雙方持續溝通協調。今天包括新竹市議會議長許修睿、立法委員鄭正鈐、前立委蔡壁如、孫文學校校長張亞中，以及前台灣省主席林政則、新竹市黨部主委王志豪等人都到場支持，展現出吳若茵「國民姐姐」的超人氣。請繼續往下閱讀...蔡壁如說，吳若茵是她多年好友，因此特地到場力挺，本來她也應該要去幫民眾黨香山區議員參選人葉國文加油，但因為議員是多席次，所以就「一起加油」。由於目前藍白陣營對於竹北市長人選陷入整合困境，蔡壁如說「整合不容易」，但是最重要的是各自努力並拿出實力，只有團結才能贏，分裂了可能就沒辦法，而在這個過程當中，團結協調溝通很重要，她認為藍白都必須派得出可以溝通協調的人。吳若茵表示，競選總部進駐是希望成為與香山鄉親交流、傾聽地方聲音的重要據點。香山是充滿發展潛力、同時也需要更多關注的地方。從居民日常生活、交通環境、地方建設，到長者、婦女、兒少及家庭所關心的各項議題，都需要有人持續傾聽、協調與爭取。未來她將持續走訪地方，讓更多香山鄉親的聲音被聽見，也讓地方需求能真正轉化為具體行動。    ,https://news.ltn.com.tw/news/politics/breakingnews/5533652
竹南鎮代會主席何秀綿宣布參選鎮長選舉 徐耀昌、鍾東錦力挺,政治,2026/08/09 13:49,苗縣竹南鎮長選舉，鎮代會主席何秀綿正式宣布參選。（何秀綿提供）人口達9萬、苗栗縣第一大鎮竹南鎮年底選情雙強鼎立態勢確認，繼縣議員葉忠倫正式投入選戰後，之前已表態有意角逐鎮長的竹南鎮代會主席何秀綿，今（9）日也宣布參選，包括前縣長徐耀昌、縣長鍾東錦、立委陳超明、邱鎮軍、竹南鎮長方進興等人皆現身力挺，何秀綿以「單親媽媽」撫育家庭的經驗出發，訴求「縣鎮合一，竹南新局」，主張整合苗栗縣政府資源與鎮公所執行力，並提出政策。何秀綿強調，將推竹南運動公園地下停車空間、長青公園停車場整建，並盤點「跳跳路」與壅塞路段，同時爭取AI智慧號誌、廣設智慧單車站改善通勤與停車問題請繼續往下閱讀...何秀綿規劃推出「竹南智慧生活App」，整合垃圾車即時定位、公立托兒與親子服務預約、政務申辦及地方活動資訊；她主張使用無人機監測水污染，推動智慧路燈、噪音監控、定時定點垃圾收集及廚餘機補助；另外，何秀綿表示，將爭取公立長照中心，推動公設安養中心、竹南親子館及托嬰、托育等社區關懷服務；她提到將爭取更多社會住宅，減輕居住壓力。何秀綿說，未來力推「竹科2.0教育計畫」，爭取雙語實驗班、特色小學及園區實驗中學；提升營養午餐品質，保障教權、校園運動教練補助、創新教育課程師資補助；老城區則爭取竹南製瓶廠與老城區轉型為數位創意聚落，擴大商業投資，並串聯崎頂、龍鳳漁港、二高橋下空間及竹南車站等區域。苗栗縣議員葉忠倫日前宣布以「無黨籍」身分投入竹南鎮長選舉，他表示，將以科技工程師專業背景與4年議會問政經驗，推動「竹南進步大聯盟」，跨越政黨、世代與新舊居民界線，提出「五大升級行動」，同時推動鎮公所行政數位化，讓重大工程與預算公開透明，打造更有效率、更貼近人民的現代化政府。苗縣竹南鎮長選舉，鎮代會主席何秀綿正式宣布參選。（何秀綿提供）    ,https://news.ltn.com.tw/news/politics/breakingnews/5533648
台日合辦政經模擬推演 陳培瑜：向國際傳達台灣全社會防衛韌性準備,政治,2026/08/09 13:39,民進黨立委陳培瑜今在「『民主之盾』台日美三邊合作機制倡議‧第一次政經模擬推演記者會」發言。（記者叢昌瑾攝）福和會與日本戰略研究論壇合辦的「民主之盾」台美日三邊合作機制倡議論壇圓滿落幕。民進黨立委陳培瑜今（9）日在會後記者會說明，希望能藉由論壇向國際社會傳達，台灣正努力在全社會防衛韌性積極做準備，也期望讓台灣人民知道，無論政黨意識、價值觀為何，國內保持團結、持續進步最為重要。福和會與日本戰略研究論壇（JFSS）昨於台北舉辦「福和會『民主之盾』台美日三邊合作機制倡議論壇」，共同研討面對災難時，台、日、美各項關鍵基礎設施防護、民生供應韌性及跨部門危機應變合作機制。今日舉辦「『民主之盾』台日美三邊合作機制倡議‧第一次政經模擬推演記者會」。請繼續往下閱讀...陳培瑜表示，民進黨立委在不同的論壇、座談中，都希望向美國、日本等好朋友傳達希望持續保持溝通、交流、對話的重要訊息，同時，也想向國際社會傳達，台灣正努力在全社會防衛韌性積極做好準備，涵蓋各式物資、運輸、醫療、認知作戰、人道救援等，政府希望帶領台灣人民對國際社會保持溝通、交流，同時提升台灣能力至最佳狀態。陳培瑜坦言，台灣目前面臨的困境一部分來自立法院，希望持續透過對話、政黨協商、政黨對話，讓更多台灣人民知道，無論政黨意識為何、選擇的價值觀是什麼，讓台灣國內保持團結、持續進步才是最重要的。陳培瑜指出，面對中國共產黨的威脅，相信台灣人民有各自對中共不同的解讀，但是若中共持續在台灣散播敵對訊息，甚至干擾國際外交，相信如同今日活動的民間交流有其必要性，同時邀請國會議員或各層級民意代表，表達出台灣在這件事情上，無論中央、地方都在努力。她也期望，能透過與各種民間單位合作，邀請更多台灣人一起參與、關心議題，與更多國際組織交流。    ,https://news.ltn.com.tw/news/politics/breakingnews/5533647
「鐵道體驗」站長帽竟掛中國國徽 日管處致歉：廠商誤放,政治,2026/08/09 13:36,日管處舉辦的「車埕鐵道音樂嘉年華」，其中1日站長體驗活動出現有中共國徽的車長帽。（圖由本報讀者提供）首次上稿 08-09 13:08更新時間 08-09 13:36日月潭風景區管理處8日在車埕火車站鐵道廣場舉辦「車埕鐵道音樂嘉年華」，其中1日站長體驗提供多頂中共五星國徽的車長帽供民眾配戴拍照，民眾傻眼向本報爆料，日管處表示，委辦廠商忘記把首次買錯的道具帽拿走，另組場佈人員就全部布置，該處疏忽沒有現場再次檢查，深感抱歉。請繼續往下閱讀...民眾向本報爆料，帶小孩回車埕與家人過父親節，順道參加日管處舉行的「車埕鐵道音樂嘉年華」，豈料自由參加的1日站長體驗活動，現場的拍照道具居然有多頂中國國徽車長帽，男女樣式皆有，分與台鐵的帽子放在一起，很多不知情家長、小孩戴著拍照，這是公家單位舉辦的活動，實在非常離譜。日月潭風景區管理處今天表示，該活動委外辦理後，委辦廠商會書面審查，包括道具在內的物件都會拍照，廠商送審照片是台鐵車長帽，昨天活動忙碌該處沒有再次檢查確認，才會出現這樣的錯誤，為此深感抱歉，未來會避免Cosplay （角色扮演）活動，若有類似活動一定會仔細檢查確認。日管處也說，廠商告知為了一日站長體驗活動，上網買了兩次，第一次上網買「表演帽」，貨品寄到後有發現帽子上有中國國徽，因此再次上網跟買家買他收藏的台鐵車長帽，後來送審的也是台鐵車長帽照片。活動前一日把活動道具集中一處，忘記把第一次買錯的表演帽拿掉，場佈人員全部帶到現場，而負責籌劃人員也沒注意，日管處也疏忽現場再次檢查。廠商昨也坦承有嚴重疏失，強調未來辦活動一定會把道具重新檢查，並跟有關單位共同討論合宜性。獨家》鐵道音樂嘉年華染紅？ 1日站長體驗竟戴中共國徽帽日月潭風管處「車埕鐵道音樂嘉年華」舉辦站長體驗竟提供佩掛中國國徽的帽子引發爭議，承辦廠商第二次上網採購賣家收藏的舊台鐵車長帽。（廠商提供）「車埕鐵道音樂嘉年華」一日站長體驗，小朋友戴上車長帽拍照。（日管處提供）日管處舉辦的「車埕鐵道音樂嘉年華」活動，為小朋友設計的帶動唱。（日管處提供）    ,https://news.ltn.com.tw/news/politics/breakingnews/5533600
柯志恩出席父親楷模表揚  強調城市偉大在於照顧長輩,政治,2026/08/09 13:29,柯志恩向在場模範父親賀節。（記者洪臣宏攝）國民黨高雄市長參選人柯志恩今（9）上午赴高雄前鎮區信徹禪寺，出席父親楷模表揚活動，她致詞時表示，一個城市的偉大，要看如何對待長輩，這是民意代表與政府她感謝各界一起幫忙。柯志恩到場與她幽默地說，大家都說母親節跟父親節都一樣重要，但在台灣社會，母親節高鐵有加班，但父親節沒有，表示母親節大家都回來了，不知道大家昨天有沒有聚餐，引來台下笑聲，不過她又說，今天台下來了許多兒孫輩，顯示大家對父親心懷感恩。請繼續往下閱讀...她還說，對民意代表來說，一個城市的偉大，要看如何對待長輩，必須要把他們照顧好，她也感謝宗教界、企業界一起盡心盡力幫忙，大家一起照顧好長輩。    ,https://news.ltn.com.tw/news/politics/breakingnews/5533697
總預算狂刪凍釀災！藍幕僚示警：解凍不及部會恐「吐回已花經費」,政治,2026/08/09 13:21,今年度總預算案審查延宕迄今，經數次朝野協商，仍有約200項提案保留，包含無人載具計畫、公視等多個部會數項預算遭大幅刪凍。（資料照）今年度總預算案審查延宕迄今，經數次朝野協商，仍有約200項提案保留，包含無人載具計畫、公視等多個部會數項預算遭大幅刪凍。立法院長韓國瑜也向在野黨團呼籲，今年僅剩四個月，部分經費已依去年編列數額支應，統刪或刪凍比例不宜過高。一名藍營資深幕僚示警，總預算通過後，其他各部會提出「解凍」的時間所剩無幾，若無法趕在今年底解凍，恐面臨要將「已支應的預算退回」的窘境。根據「預算法」第五四條規定，當年度總預算案未能在法定期限內完成審議時，政府各機關的預算執行採取「維持基本運作」原則，收入依上年度標準收取，舊計畫與法定義務照常支用，但「新興資本支出」與「新增計畫」須等預算完成審議才能動支。請繼續往下閱讀...一名藍營資深立法院幕僚表示，由於今年度總預算尚未三讀，多數政府部門已依去年編列數額支應，亦即已經把錢花了。不過，目前在野黨提出多項凍結案，但今年僅剩四個月多，待今年度總預算三讀過後，給予其他各部會提出「解凍」的時間僅剩四個月。他示警，接下來，各地區域立委除了要回選區支援九合一大選外，立法院各委員會仍有明年度總預算要排審，屆時若部分凍結案無法趕在今年底前「解凍」，恐將面臨要把「已支應的預算退回」的窘境。該幕僚強調，韓院長在7月30日總預算協商時，原本預計希望在8月7日完成三讀；不過，在上週協商時考量多數刪、凍案在野黨團仍堅持保留，一方面憂心表決會如上次總預算表決到清晨；也擔憂部會屆時來不及「解凍」等問題，才再給予部會向各黨團更多的時間溝通。此外，他也批評，有部分部會還是不願擺低姿態向在野黨團、提案立委溝通，像環境部、交通部等部會在上週皆有派代表向提案立委說明政策、請託，後續部分刪凍提案也如他們所願撤案，呼籲其餘部會能參考，向在野黨團進行溝通，如果態度「好一點」，多數都能撤案、併案、減少刪凍幅度。    ,https://news.ltn.com.tw/news/politics/breakingnews/5533624
陳清龍山城服務處揭牌！  黃國昌：民眾黨與江啟臣並肩延續盧秀燕市政,政治,2026/08/09 13:20,立委陳清龍山城服務處暨台灣民眾黨客家發展委員會山城服務處揭牌！大批支持早冒雨力挺。（記者歐素美攝）立委陳清龍山城服務處暨台灣民眾黨客家發展委員會山城服務處，今天揭牌！民眾黨主席黃國昌表示，山城服務處的成立象徵台灣民眾黨在山城對江啟臣市長後援會成立一個非常重要的時間點，「台中市的事就是民眾黨的事」，這場選戰我們會跟江啟臣副院長並肩做戰，希望江能用最高票來延續盧秀燕優良的市政。立委陳清龍山城服務處暨台灣民眾黨客家發展委員會山城服務處揭牌，國民黨台中市長盧秀燕、立法院副院長江啟臣夫人劉姿伶、國民黨台中市議員吳振嘉、古秀英、朱完宏及民眾黨主席黃國昌、創主席柯文哲、台中市議員江樹等皆出席，大批支持者也冒雨參加。請繼續往下閱讀...媒體詢問陳清龍成立山城服務處是否攸關2028年立委選戰布局？陳清龍表示，擴大服務、扎根基層，是台灣眾黨為地方服務的一個決心，增加山城服務處的據點就是擴大服務，戰士沒有選擇戰場的權利，只要民眾黨需要陳清龍在台中或全國服務，都會竭盡全力來服務。妹體詢問黃國昌及柯文哲「台中市長選舉，國民黨的參選人江啟臣領先民進黨的何欣純，在政黨結構方面，民眾黨有63.4%表態支持江啟臣，柯、黃2人未來會為江啟臣站台造勢嗎」？柯文哲禮讓黃國昌回應，他自己則不答。黃國昌表示，2個月以前他跟陳清龍表示，陳擔任民眾黨不分區立委，希望陳擴大服務區域，另一方面藉由山城服務處的成立組成江啟臣市長山城後援會，並在帽子上印著「山城挺啟臣」字樣，這就是台灣民眾黨的風格。黃國昌說，我們絕對不是嘴吧說說而已，我們一定會用具體行動力挺江啟臣能夠來延續盧秀燕市長非常好的市政，山城服務處的成立也象徵台灣民眾黨在山城對江啟市長後援會成立一個非常重要的時間點，強調「台中市的事就是民眾黨的事」，這場選戰我們會跟江啟臣副院長並肩做戰，希望他能用最高票來延續盧秀燕優良的市政。盧秀燕則表示，台中市過去是藍白示範區，藍白同心未來讓台中及台灣更好，我們一定全力以赴，不會辜負大家的期望。立委陳清龍山城服務處暨台灣民眾黨客家發展委員會山城服務處揭牌！藍白多位台中市議員及參選人皆到場。（記者歐素美攝）    ,https://news.ltn.com.tw/news/politics/breakingnews/5533684
長崎原爆典禮「矮化台灣」！李逸洋拒出席：淪中共法律戰工具,政治,2026/08/09 13:18,日本長崎原爆紀念活動9日上午舉行，首相高市早苗（前排中）出席儀式。（路透）日本長崎市今（9）日上午舉行原爆和平紀念典禮，然而長崎市政府卻將台灣代表的座位安排在使節團區域之外，刻意矮化我國格與地位。對此，駐日代表李逸洋表達嚴正抗議並拒絕出席，改由福岡分處處長陳銘俊代表參加。李逸洋強調，長崎市政府屈從中國意志，錯誤決策已淪為中共對台法律戰的工具，令人極度遺憾與失望。李逸洋表示，他與蔡明耀、周學佑2位公使皆未出席今天的長崎原爆和平紀念典禮，原因是長崎市政府將台灣代表座位安排於使節團區域外，刻意矮化台灣國格與地位，因此改由福岡分處陳銘俊處長代表參加。請繼續往下閱讀...李逸洋指出，台灣追求和平、熱愛民主舉世皆知。81年前的廣島、長崎原爆，許多台灣人也是受害者。台灣深刻承受二次世界大戰的悲慘，希望透過參加和平紀念典禮宣示追求和平的決心，並與民主國家共同付諸努力。可惜長崎市政府態度親中，去年台灣珍惜首次有機會藉和平典禮向世界宣示堅守和平決心，忍辱出席，但會後立即發表聲明抗議對我不公待遇。李逸洋續指，這一年來友我重量級國會議員多次出面向長崎市政府力爭，福岡辦事處也透過地方議員及民間團體努力，遺憾對方仍未給予台灣正確待遇，因此我方也降低層級出席。在典禮席次安排上，長崎市政府刻意否定台灣的國家地位，完全無視台灣的主權及尊嚴。此為多年來台灣在日本參加各項中央或地方活動，所未曾有過的遭遇。長崎市政府不知其錯誤決策已成為中國對台實施法律戰「台灣非國家、無主權，是中國的一部分」的執行工具。李逸洋強調，台灣是主權完整獨立國家，與中國互不隸屬，中國未曾一天統治台灣，台灣的中華民國建國早於中國，台灣從來不是中國的一部分。對長崎市政府屈從中國意志，矮化台灣國格，辱損台灣尊嚴的作法表達嚴正抗議與譴責。他進一步說明，台積電熊本廠投資將為九州地區帶來10年23兆日圓的經濟效益，長崎市也在受益範圍。此次熊本地震，繼日本311大地震及能登地震，台灣捐款金額為世界各國第1後，各地已踴躍展開捐款援助。今年上半年台灣來日觀光客397萬人次，排名為各國第2；消費金額7523億日圓則居各國第1。台日之間友誼深厚，一向彼此友善相待，長崎市政府不應該配合中國打壓台灣。他提到，台灣人口2300萬人，雖排名世界第57名，但股市市值僅次於美國、中國、日本，為世界排名第4的國家。目前更是高科技產業硬體製造全世界最重要生產基地，上半年經濟成長率13.72%，台灣舉世傲人的成就已讓世界不敢忽視台灣的存在與價值。李逸洋直言，中國正大力擴張核子武器，並以此威脅世界和平；同時中國不斷在印太地區軍事演習及製造衝突，是區域和平的最大破壞者。長崎和平紀念典禮訴求的是「廢除核武」、「追求和平」，這兩項訴求所要聲討的對象正是中國，長崎市政府扈從中國，貶損追求和平且友好日本的台灣，令人遺憾且失望。台灣團連2年出席廣島和平儀式 李逸洋籲正視中國核武擴張駐日代表李逸洋。（資料照，記者林翠儀攝）    ,https://news.ltn.com.tw/news/politics/breakingnews/5533646
針對鞭刑  黃國昌：下周二民眾黨8名立委將進行四對四正反辯論,政治,2026/08/09 13:17,"民眾黨主席黃國昌（中）表示，下周二晚上，民眾黨8名立委將在民眾之聲，針對鞭刑進行四對四正反辯論。（記者歐素美攝）針對公投案刪減，台灣民眾黨與中國國黨尚未達成共識，民眾黨主席黃國昌今天對此表示，民眾黨與國民黨保持非常好的溝通，有最後的決定時會再進一步跟大家報告，並強調民眾黨8位立委下周二晚上將在「民眾之聲針對形刑進行正反辯論，希望大家關注。黃國昌今天出席立委陳清龍山城服務處暨台灣民眾黨客家發展委員會山城服務處揭牌儀式，針對媒體詢問公投案，黃國昌說，他要再次提醒執政的民主進步黨，過去民進黨在野的時候，高喊公投民主，高喊人民是國家的主人，重要的事情應該讓人民有決策的權利，結果，現在執政之後，嘴臉變得之快，權力的傲慢，老早就忘記人民才是國家的主人這個最基本的道理。請繼續往下閱讀...黃國昌指出，對於人民公投的權利，過去民進黨將鳥籠公投法又全部修回來，在野黨去年齊心全力才把公投綁大選這個重要行使公投的權利還給人民，最重要的是面對這些社會上重要的公共政策的議題，要讓人民有表達意見的權利，至於具體公民投票的主題，以及適當的數量，台灣民眾黨跟中國國民黨立院黨團保持非常好的溝通，有最後的決定時會再進一步跟大家報告。黃國昌並進一步指出，民眾黨為促進大家對目前重要的公投題目的討論，下周二晚上在「民眾之聲」，民眾黨8位立委針對鞭刑的議題要採四對四正反雙方透過直接的討論跟辯論，希望能夠喚起大家對這個議題在社會上促進討論，甚至形成多數的共識，這個是台灣民眾黨開大門走大路，讓公投的題目展現出來如何成為公共政策討論重要的一環，希望大家共同關注。    ",https://news.ltn.com.tw/news/politics/breakingnews/5533658
楊斯棓︰陳時中僅擋中國瑕疵疫苗 藍營搶當「AZ特戰隊」,政治,2026/08/09 12:52,中國武漢肺炎疫情肆虐全球期間，國民黨一邊嘴巴高喊「我願意帶頭施打中國疫苗」，一邊用特權搶當「AZ特戰隊」，言行不一的醜態甚至被國際媒體報導。（圖擷取自黃偵琳臉書）慈濟疫情期間委託私人疫苗掮客買BNT疫苗遭詐10.6億元，引發各界關注，藍營人士事後極力撇清責任，持續控訴中央政府刁難，被外界質疑試圖「洗記憶」。對此，退休醫師兼作家楊斯棓昨（8）日在線上訪談時指出，民進黨政府當時依法阻擋的是「安全性存疑的中國疫苗」，而非AZ等歐美疫苗。關於「民進黨政府是否曾阻擋疫苗？」這段歷史，楊斯棓昨日在臉書發文直言，話要說清楚。楊斯棓表示，他昨日參加有約60、70位聽眾作陪（作證）的2小時線上訪談，當時有聽眾問及疫苗，他故意詢問主持人：「憑您的記憶，當時的民進黨政府，有沒有阻擋疫苗？」對方主持人斬釘截鐵說：「沒有。」請繼續往下閱讀...聽到主持人回應，楊斯棓回對方：「有，但話要說清楚——民進黨政府依法擋下的，是中國疫苗」，並強調這並非他的個人主觀認定，而是白紙黑字，因為兩岸貿易法規從頭到尾沒有開放中國製疫苗輸入；至於歐美疫苗卡關，是因為當時卡在全球搶貨、原廠授權與外力介入，那是另一段公案，不要混為一談。​楊斯棓補充，2020年12月，陳時中就曾公開說明，對中國疫苗的製程有疑慮，加上中國過去多起疫苗出過大事，法規也未開放；2021年2月，陳時中再說一次：「中國疫苗的安全性、有效性資料不完整，法律規定不可買，衛福部沒有修法的打算」，因此當時民進黨政府依法擋下的是中國疫苗，並不是歐美疫苗。聯絡上海復星買BNT疫苗 被爆開價低於國際市場且品質有瑕疵楊斯棓回憶，當時有人企圖透過上海復星購買BNT，並指出這個人就是南投縣長林明溱，他試圖用2500萬買30萬劑BNT，然而當時國際市價約每劑550元，上海復星卻只開價一劑83元，「他開的價不過是六分之一卻嗅不出荒謬，被質疑後才改口2500萬是訂金」，並提到上海復星拿的是BNT的大中華區代理權，產品叫「復必泰」。楊斯棓進一步指出，當時復必泰僅銷港澳，然而在那年3月，港澳才剛因藥瓶封蓋包裝瑕疵全面停打、封存2個批次，4月初才恢復，並強調這些事蹟都有當時的報導可查，一字不冤枉他們。另外，還有一位傳奇人物說過，英美疫苗缺貨，中國要「贈送」台灣疫苗，台灣就會陷入焦慮，然後笑到無法自拔全身不斷抖動。​楊斯棓認為，當時的新加坡政府比較厲害，科興拿到世衛緊急使用授權後，新加坡透過「特別採用程序」，讓24家私人診所「上架」科興疫苗，這些疫苗由政府庫存免費提供，診所收行政費，想打的自己去打，但請注意新加坡的細膩之處：「在科興交出關鍵數據之前，打科興的一律不計入國家疫苗接種計畫。上架，但不背書。」​高聲大喊願意打中國疫苗 國民黨搶當「AZ特戰隊」楊斯棓提到，當時如連勝文、洪秀柱、​丁守中等多位國民黨政治人物，皆高調大聲疾呼、接力發表引進中國疫苗言論，甚至高喊「我願意帶頭施打」，然而這些口口聲聲高喊「我願意帶頭施打中國疫苗」的國民黨籍政治人物，基本上都只是嘴上說說，每個人「身體很誠實」搶著去打英國AZ。楊斯棓指出，像是丁守中在當年5月12日高喊「我願意帶頭施打」中國疫苗，然而僅半個月左右，依他自己的說法，5月26日振興醫院通知他屬第一類施打人群、尚有剩餘AZ要他儘速接種，因此就以醫院董事的身分打了AZ，6月被爆出來，他還理直氣壯嗆：「那時AZ疫苗大家還不想打咧！」同一時期，黃昭順不在高雄施打造冊名單上，卻獲院長親自為她施打AZ；陳其邁證實她不在名冊、義大做法不合規定，並強調「軍令如山，不能插隊打疫苗」，黃昭順事後僅發簡訊致歉。​接著爆出張顯耀5月28日在義大燕巢總院打了AZ，義大坦承，衛生局介入調查，「連戰、賴士葆、張榮味......名單一路開下去，網友做成『AZ特戰隊』的圖，連日本媒體都報導，說這喚醒了大家對國民黨腐敗的記憶。」​楊斯棓感慨，武漢肺炎（新型冠狀病毒病，COVID-19）疫情期間歷史不長，距今才5年，但有些人賭的就是大家記性不好，「今天有6、70位聽眾作證，我把話說清楚了：民進黨政府擋的，是中國疫苗；搶著去打AZ的，是喊著要中國疫苗的那批人。」相關新聞請見：莊競程︰當年藍委明知疫苗採購困境 仍製造對立遭譏「AZ特戰隊」 賴士葆喊冤：聽醫師的話打 何過之有「AZ特戰隊」紅到日本去！日媒狠酸藍營打特權疫苗引熱議「AZ特戰隊」先唱衰再偷打特權 立委痛批：根本就是割韭菜國民黨一面謝日本一面黑AZ 他狂酸：只上一次國外新聞不夠好人難做！藍營轟陳時中擋慈濟買疫苗 林智群拋反詐騙圖嘆：事後推得一乾二淨    楊斯棓提到，當時如連勝文、洪秀柱、​丁守中等多位國民黨政治人物，皆高調大聲疾呼、接力發表引進中國疫苗言論，甚至高喊「我願意帶頭施打」，然而這些口口聲聲高喊「我願意帶頭施打中國疫苗」的國民黨籍政治人物，基本上都只是嘴上說說，每個人「身體很誠實」搶著去打英國AZ。楊斯棓指出，像是丁守中在當年5月12日高喊「我願意帶頭施打」中國疫苗，然而僅半個月左右，依他自己的說法，5月26日振興醫院通知他屬第一類施打人群、尚有剩餘AZ要他儘速接種，因此就以醫院董事的身分打了AZ，6月被爆出來，他還理直氣壯嗆：「那時AZ疫苗大家還不想打咧！」同一時期，黃昭順不在高雄施打造冊名單上，卻獲院長親自為她施打AZ；陳其邁證實她不在名冊、義大做法不合規定，並強調「軍令如山，不能插隊打疫苗」，黃昭順事後僅發簡訊致歉。​接著爆出張顯耀5月28日在義大燕巢總院打了AZ，義大坦承，衛生局介入調查，「連戰、賴士葆、張榮味......名單一路開下去，網友做成『AZ特戰隊』的圖，連日本媒體都報導，說這喚醒了大家對國民黨腐敗的記憶。」​楊斯棓感慨，武漢肺炎（新型冠狀病毒病，COVID-19）疫情期間歷史不長，距今才5年，但有些人賭的就是大家記性不好，「今天有6、70位聽眾作證，我把話說清楚了：民進黨政府擋的，是中國疫苗；搶著去打AZ的，是喊著要中國疫苗的那批人。」相關新聞請見：莊競程︰當年藍委明知疫苗採購困境 仍製造對立遭譏「AZ特戰隊」 賴士葆喊冤：聽醫師的話打 何過之有「AZ特戰隊」紅到日本去！日媒狠酸藍營打特權疫苗引熱議「AZ特戰隊」先唱衰再偷打特權 立委痛批：根本就是割韭菜國民黨一面謝日本一面黑AZ 他狂酸：只上一次國外新聞不夠好人難做！藍營轟陳時中擋慈濟買疫苗 林智群拋反詐騙圖嘆：事後推得一乾二淨    莊競程︰當年藍委明知疫苗採購困境 仍製造對立遭譏「AZ特戰隊」 賴士葆喊冤：聽醫師的話打 何過之有「AZ特戰隊」紅到日本去！日媒狠酸藍營打特權疫苗引熱議「AZ特戰隊」先唱衰再偷打特權 立委痛批：根本就是割韭菜國民黨一面謝日本一面黑AZ 他狂酸：只上一次國外新聞不夠好人難做！藍營轟陳時中擋慈濟買疫苗 林智群拋反詐騙圖嘆：事後推得一乾二淨    ,https://news.ltn.com.tw/news/politics/breakingnews/5533566
慈濟被詐騙！ 柯文哲強調不想用強烈字眼批評  卻又大罵執政黨「王八蛋」,政治,2026/08/09 12:37,"柯文哲出席立委陳清龍山城服務處暨台灣民眾黨客家發展委員會山城服務處揭牌。（記者歐素美攝）慈濟採購疫苗被詐騙路，媒體詢問台灣民眾黨創黨主席柯文哲對部分媒體指是還前衛生福利部長陳時中清白的看法，柯文哲強調他不喜歡用很強烈的字眼來批評，卻又大罵執政的民進黨「王八蛋」。柯文哲今天出席立委陳清龍山城服務處暨台灣民眾黨客家發展委員會山城服務處揭牌，媒體詢問柯文哲對「慈濟因採購新冠疫苗被詐騙，部分媒體認為是還前衛福部長陳時中清白，台北市長參選人沈伯洋也拜會陳時中，陳時中希望沈延續其政見」的看法。請繼續往下閱讀...柯文哲說，他不喜歡用很強烈的字眼來批評，但請大家回想一下，當年疫情發生的時候，民進黨中央政府的特別預算是8800億，結果要疫苗沒有疫苗、要口罩沒有口罩、要快篩沒有快篩，如果政府有錢為什麼還要讓慈濟、鴻海還有台積電去買疫苗？     柯文哲指出，當時政府有錢而且有更大的權力去買疫苗，你又不買，逼得大家走頭無路，傷亡已經開始出現了，郭台銘跟證嚴法師出來奔走要去買疫苗，今天你們再反過來嘲笑慈濟被騙，「王八蛋」。柯文哲說，政府如果自己買，不就沒有這些事了，你不買，逼得大家走投無路，你再出來嘲笑慈濟被騙，反正要罵的話都罵完了，老百姓都曉得，民進黨不要把全國老百姓當白癡。針對慈濟被詐騙案！ 柯文哲強調不想用強烈字眼批評， 卻又大罵執政黨「王八蛋」。（記者歐素美攝）    ",https://news.ltn.com.tw/news/politics/breakingnews/5533637
家有3貓   賴瑞隆成立獸醫師暨寵物業後援會、推友善寵物城,政治,2026/08/09 12:27,賴瑞隆成立獸醫師暨寵物業後援會。（記者王榮祥攝）家裡有3隻貓的民進黨高雄市長參選人賴瑞隆，今成立高雄獸醫師、寵物業後援會，他形容寵物就是家人，會接續市長陳其邁棒子，打造高雄為最友善寵物的城市。賴瑞隆說，因為工作關係比較少在家，在女兒爭取下有了第一隻貓陪家人，後來女兒又說一隻貓太孤單，所以又養了第二隻貓，接著友人因為有事、託付第三隻貓請他代為照顧，結果這隻貓也變成家庭成員。請繼續往下閱讀...他形容寵物就像家人、都有感情，當然也包括生老病死，都是自己很在乎的面向；很感謝高市獸醫師公會及高雄市寵物商業同業公會相挺成立後援會，未來會持續推動寵物友善環境、國際展覽、品牌建立並帶動毛小孩經濟。賴瑞隆引述相關統計，提到全台寵物產業產值約800億元，而高雄約有20萬隻狗狗、18萬隻貓咪，衍生出許多層面的產業需求，家有3貓的他很能體會飼主的心情、以及跟毛小孩的情感，一定努力打造高雄、成為最友善寵物的城市。賴瑞隆成立獸醫師暨寵物業後援會，承諾打造友善寵物城市。（記者王榮祥攝）    ,https://news.ltn.com.tw/news/politics/breakingnews/5533604
台東清早一陣強風 4女性參選人看板吹倒「行最鞠躬禮」,政治,2026/08/09 12:27,清晨的強陣風吹倒競選看板，參選人說「一早就鞠躬，是台東最有誠意的參選人」。（老王提供）台東「最有誠意的參選人們」出現了，中度颱風白海豚進逼，氣象署發布陸上強風特報，台東還是橙色燈號，清早一陣強風就將路邊大型參選人廣告招牌一起吹倒還砸中停放車輛，2面看板全是女性參選人，其中還包括綠營的縣市長參選人陳瑩、翁聖惠。翁聖惠說，我們是「最有誠意的參選人，一早就給大家行大禮」。地點是位在太平、利嘉大路口，倒下的廣告看板砸中路邊自小客，由於當時警方擔心會再先危險，在事故現場前後各派警車看守防止民眾靠近，如今已被早早收拾乾淨。請繼續往下閱讀...如今台東市區內已無強風、十分悶熱，但從今天0時就陸續吹起強陣風，翁聖惠說，今早6時左右，一陣強風吹來，將2座包括自己的廣告看板一同吹倒，停放的自小客車頂與擋風玻璃也受損，已緊急僱工處理並通知車主維修，會負起賠償。倒下的看板包括陳瑩、翁聖惠，及正要選議員的江家榛、杜秀卿等，清一色是女性參選人，事故現場被民眾說成「大清早一起行大禮」、「太客氣了！有點承受不起」。翁聖惠說，「我們就是這麼有誠意」，只讓人知道自己要選舉是不夠的，「總要有點行動表現表現」，但下次會記得在看板的帆布上打孔，避免同樣事故出現「以後會看到真人鞠躬，這種事最好還是不要找替身」。    ,https://news.ltn.com.tw/news/politics/breakingnews/5533564
巴威放颱風準備假、白海豚不放假 簡舒培批蔣萬安兩套標準還推責,政治,2026/08/09 12:12,台北市議員簡舒培批評蔣萬安，巴威颱風沒發布陸上颱風警報就宣布放假，白海豚沒放假卻說氣象署沒發陸上警報，兩套標準。（資料照）台北市長蔣萬安今（9）早將白海豚颱風沒有放颱風假的理由，歸責於氣象署沒有發布陸上颱風警報；民進黨籍台北市議員簡舒培反問，決定台北市停班停課的人，到底是台北市長，還是中央氣象署？巴威颱風連陸上颱風警報都未發布，蔣萬安就宣布放「颱風準備假」，同一個市長、同一座城市，為什麼兩套標準？蔣萬安今天原本是沒有公開行程，市政府一早7點15分通知新增行程，蔣萬安將到災害應變中心聽取白海豚颱風第3次工作會報。會前蔣被問到這次沒有放颱風假，他表示，氣象署沒有發布陸上颱風警報，昨經4市討論，決定不停班課。請繼續往下閱讀...簡舒培指出，白海豚風雨增強，蔣萬安放假決策卻推給氣象署？決定台北市停班停課的人，到底是台北市長，還是中央氣象署？上次巴威颱風，連陸上颱風警報都還沒發布，蔣萬安可以說是為了安全「超前部署」，超前放「颱風準備假」，現在白海豚風雨增強，卻推給中央氣象署！簡舒培批評說，同一個市長、同一座城市，為什麼兩套標準？她提醒蔣萬安說，市民要的是一套清楚、一致的標準，不是每次遇到問題，再找一個新的理由。    ,https://news.ltn.com.tw/news/politics/breakingnews/5533606
獨家》民進黨竹北市長提名人選 最快814出爐,政治,2026/08/09 12:08,民進黨新竹縣黨部本週五（14日）前將提報徵召的竹北市長參選人人選給黨中央中常會下週討論。（記者黃美珠攝）民進黨徵召竹北市長作業有新進度！縣黨部主委蘇仁鑑證實，潛在人選從原來5人限縮回到2選1。2人幾乎都算政治素人，其一完全沒參選經驗。預計最快本週五（14日）出爐送交黨中央中常會討論，若一切順利，可望在下週三（19日）中常會通過後核定，由黨中央宣布。年底新竹縣竹北市長選舉如同縣長選舉般備受全國矚目，自從民進黨竹北市長鄭朝方6月10日接受中央徵召轉戰縣長賽道，新竹縣黨部就陸續盤點可接棒選竹北市長的潛在人選。被點名的有縣議員歐陽霆、國立陽明交通大學跨領域設計科學研究中心副主任曾聖凱、以及鄭朝方經商的林姓同學，後來口袋內又多了某中央在職人員和科技新貴。請繼續往下閱讀...以前述5人比照蘇仁鑑所說的特質來看，最後呼之欲出的，極可能就是曾聖凱和林姓商界人士，但蘇仁鑑面對追問笑而不答，強調後續還須縣黨部執委會會議通過，提報黨中央中常會通過才會明朗。蘇仁鑑說，他們決定徵召的對象資格非常明確，除了年輕、自身有服務竹北市民的意願，其具體的服務理念和願景，必須跟現任鄭朝方的相符，因此必須非常清晰知道且認同鄭朝方4年來對竹北市擘畫的方向。他說，最後這2人都不是政治世家子弟，其中1人有參選經驗，另1人則是完全的政治素人。而考慮徵召作業得晚，要迎頭趕上藍、白營對手吳旭智與邱臣遠的知名度優勢，自身須有非常強的「爆發力」，有想法、能論述，以此驚艷竹北市民。民進黨新竹縣黨部主委蘇仁鑑（右）說，目前綠營徵召的竹北市長潛在人選已經剩下２選１。（圖由民進黨新竹縣黨部提供）民進黨新竹縣竹北市長鄭朝方轉戰縣長賽道，因為政績卓著，他的竹北治理理念，完全左右著將接棒的民進黨竹北市長參選人。（記者黃美珠攝）    ,https://news.ltn.com.tw/news/politics/breakingnews/5533585
公然掛看板買票？陳昌輝「出奇招」再戰台南市議員,政治,2026/08/09 11:59,前台聯台南市黨部主委陳昌輝祭出「我要買票」選舉看板掀熱議。（陳昌輝提供）台南市街頭近來出現兩面大型廣告看板，上面赫然寫著「我要買票」，並印有一大疊千元鈔票，引發熱議。主角是宣布以無黨籍身分參選北區、中西區（第8選區）市議員的前台聯台南市黨部主委陳昌輝，他強調，是要買讓「台南進步」選票。陳昌輝多年前曾在中西區以32票之差落選，如今捲土重來，他表示，大家看過看板文字就能明白他的訴求：「我要買票－買1張台南人ㄟ人情味票；買1張台南超越高雄進步票；買1張超越政黨、人民第一幸福選票；買1張沒有詐騙、沒有煙毒害、治安模範區票；買1張沒有惡意檢舉裁罰，人身更安全、交通流暢票。」強調「我要買的是希望；是台南更好的未來！」請繼續往下閱讀...他提出五大訴求，將台南打造成「有人情味的城市」、「持續進步的城市」、「公平正義的城市」、「安全安心的城市」以及「幸福宜居的城市」，推動乾淨政治、透明政府、公平正義。    ,https://news.ltn.com.tw/news/politics/breakingnews/5533593
回憶當年慈濟採購BNT大環境  鄭運鵬：有人在台洗腦「非科學觀念」,政治,2026/08/09 11:58,鄭運鵬今在臉書回憶，當年採購疫苗時有一群人計畫性地在台灣洗腦大家兩個「非科學觀念」。此外，對比同樣有採購疫苗的鴻海與台積電，慈濟當時在採購過程中幾乎沒有擔任過任何角色，但慈濟是「最常表態的」。（資料照）慈濟基金會在疫情期間委託私人疫苗掮客買BNT疫苗，遭律師陳昱瑄詐欺10.6億元，此事件近期曝光引發各界關注。前民進黨立委鄭運鵬今在臉書發文回憶，表示當年有一群人計畫性在台灣洗腦大家兩個「非科學觀念」，而對比同樣有採購疫苗的鴻海與台積電，慈濟當時在採購過程中幾乎沒有擔任過任何角色，但慈濟是「最常表態的」。鄭運鵬指出，當年的狀況是有一群人集體計畫性地在台灣洗腦二個非科學觀念，分別是「只有實驗性的mRNA疫苗有效，當時只有中國上海復星代理的BNT才能救人」，以及「其他疫苗通通會死人，不管是最公益性的AZ，或者台灣的高端」。請繼續往下閱讀...鄭運鵬表示，上述兩個觀念如今看起來都是錯的，牽涉人命的事在其他國家都沒有這種歪風，但當下這群人之所以這麼敢講，原因就是身為在野，對執政者有著莫名奇妙的恨意；對有中國因素的事情，有些人莫名的無條件支持；他們認為台灣社會很容易被騙、被煽動。鄭認為，現在有政治人物說慈濟採購弊案是在洗記憶，大家可以查證當年新聞，這群人一開始就是在「有目的地對國人植入韌體」。針對當年協助購買BNT的鴻海、台積電、慈濟，鄭運鵬提到，鴻海當初是因為郭台銘董事長認為只有BNT對高齡長輩有效，而為了要求購買BNT，甚至說出民進黨政府要求他退選2024，但後續證明根本沒這回事。鄭運鵬說：「郭董的確神通廣大聯繫上原廠，鴻海算是幫忙出錢出力。」至於台積電，鄭運鵬回憶，台積電一直沒有明顯的公開立場，就是願意協助採購出錢，甚至不太願意出名；而近期爭議點最大的慈濟，鄭運鵬強調，慈濟和鴻海、台積電不同的地方在於慈濟本身有強大的醫院體系，其實是最有醫學幕僚板凳深度的，慈濟願意出錢出力當然值得國人感謝，不過回頭驗證，慈濟在當時的採購過程中「幾乎沒有角色」，但慈濟在當年是最常表態的，顯然慈濟內部在BNT的這麼大金額的重要採購上，「慈濟醫院並沒有被賦予重要的角色，原因不明」。鄭運鵬提到，他之所以會記得這些事情，是因為當年他是民進黨立院黨團幹事長，這過程中若黨團開說明記者會，他幾乎是天天主持參與，其實還有很多內幕，如果沒有司法必要，黨團與當時的政府主管都是會把「帶進墳墓裡」的。最後鄭運鵬也說：「其他就看慈濟內部如何放下『我執』了。」    ,https://news.ltn.com.tw/news/politics/breakingnews/5533545
批蔣萬安把停班課推給氣象署 簡舒培：同城同市長為何兩套標準？,政治,2026/08/09 11:54,簡舒培質疑蔣萬安：「同一個市長、同一座城市，為什麼兩套標準？」（資料照）颱風「白海豚」及其外圍環流持續影響北台灣，北部自昨日深夜起開始出現強風豪雨，不過台北市長蔣萬安今日（9日）沒有像7月初「巴威」颱風提前放「颱風整備假」，引起民眾質疑「雙標」。蔣萬安今受訪時解釋，是因為中央氣象署沒發布陸上颱風警報。台北市議員簡舒培對此質疑蔣萬安：「同一個市長、同一座城市，為什麼兩套標準？」簡舒培指出，面對市民最關心的停班停課問題，蔣萬安市府卻把理由推給中央氣象署的預報，她要問蔣萬安：「決定台北市停班停課的人，到底是台北市長，還是中央氣象署？」請繼續往下閱讀...簡舒培回顧，7月「巴威」颱風來襲時，台北市宣布放「颱風準備假」的時候連陸上颱風警報都還沒發布，蔣萬安可以說是為了安全「超前部署」，但現在白海豚風雨增強，卻推給中央氣象署。簡舒培質疑：「同一個市長、同一座城市，為什麼兩套標準？巴威沒陸警，可以超前放假；白海豚風雨增強，就說是氣象署預報。」簡舒培也向蔣萬安喊話：「蔣萬安，市民要的是一套清楚、一致的標準，不是每次遇到問題，再找一個新的理由。」    ,https://news.ltn.com.tw/news/politics/breakingnews/5533583
買BNT遭詐10億 王婉諭：政府應拿出態度遏止 慈濟應檢視疏漏,政治,2026/08/09 11:50,慈濟遭詐10.6億元，引發各界關注。時代力量黨主席王婉諭今到雲林接受媒體詢問看法，她認為，中央對於這件事情的態度，以及慈濟如何調整或檢視哪環節疏漏，都非常重要，應跟社會大眾說清楚。（記者李文德攝）慈濟委託私人疫苗掮客買BNT疫苗遭詐10.6億元，引發各界關注。時代力量黨主席王婉諭今到雲林陪同黨提名縣議員參選人廖昶淳掃街拜票，接受媒體詢問看法，她認為，中央對於這件事情的態度，以及慈濟如何調整或檢視哪環節疏漏，都非常重要，應跟社會大眾說清楚。王婉諭表示，此事件是由檢方自主調查才發現，據新聞報導，慈濟之前並沒意識到有問題存在，因此覺得可以看到幾個部分，COVID-19期間，確實國人非常期待能夠疫苗進來，包括當時疫苗預算，她還在立法院其實有非常多討論。請繼續往下閱讀...王婉諭認為，現在回過頭來看，當政府面對猖獗詐騙，甚至是連國家安全、人民的安全或是公共事務，都面臨到詐騙情況之下，要如何去面對，如何讓大家更警覺，以及影響到國家利益或是人民安全的情況之下，政府應該拿出態度，應要遏止這樣的事情發生。王婉諭說，至於慈濟它是一個台灣非常大的公益團體，為何遭詐10億後仍然無所動，可能在內部應該重新檢視費用的投資、花費與預算掌握，是否有所疏漏，因為若10億是佣金，但在業界常態的佣金都是完成交易之後，或是完成服務後才會抽取，事後慈濟沒有提到說他們主動來做追查，都是有點離譜的情況。王婉諭強調，尤其慈濟是有非常多國人信任，願意將自己的錢捐款給慈濟後，由他們做善心公益，因此發生這樣事件可能對團體信用有所影響，但仍認為不論中央對這事的態度，或慈濟如何調整、檢視疏漏，都是非常重要，也應該要跟社會說清楚。    ,https://news.ltn.com.tw/news/politics/breakingnews/5533570
楊斯棓指民進黨政府依法擋中國疫苗 蔣萬安：百般刁難致民眾慘痛經驗,政治,2026/08/09 11:47,台北市長蔣萬安。（記者董冠怡攝）慈濟採購疫苗遭詐10億元爭議延燒，醫師兼作家楊斯棓昨（8日）於臉書發文指出，5、6年前民進黨政府確實有依法擋下中國疫苗，然是因中國疫苗安全性、有效性資料不完整，法律規定不可以買，反倒是國民黨籍政治人物大聲疾呼要台灣接受中國疫苗；台北市長蔣萬安今（9日）赴台北市災害應變中心時受訪說，當時政府阻擋了疫苗，才會讓這麼多的民間企業或團體來集資採購疫苗，甚至很多民間社團或企業要來採購疫苗，政府是百般刁難，這都是客觀的事實，造成民眾在當時慘痛的經驗。媒體詢問如何看待楊斯棓的說法；蔣萬安表示，疫情期間，當時政府阻擋了疫苗，才會讓這麼多的民間企業或團體來集資採購疫苗，甚至很多民間社團或企業要來採購疫苗，政府是百般刁難。請繼續往下閱讀...蔣萬安說，這都是客觀的事實，造成民眾在當時慘痛的經驗，大家是不會忘記的。    ,https://news.ltn.com.tw/news/politics/breakingnews/5533516
新的陸戰策略？ 李四川語帶保留：現在不能說、按步驟進行,政治,2026/08/09 11:37,選戰倒數3個多月，有沒有新的陸戰策略？國民黨新北市長參選人李四川說，現在新的策略不能告訴人家，他會按照他的步驟來進行。（記者黃政嘉攝）新北市長選戰升溫，民進黨參選人蘇巧慧與國民黨參選人李四川屢屢同場，偶時同台出席活動爭取民眾支持，李四川今受訪被問及，選戰倒數3個多月，有沒有新的陸戰策略？李四川語帶保留說「現在新的策略不能告訴人家」，他會按照他的步驟來進行。李四川今早出席三峽全民運動會前受訪，對於昨天和蘇巧慧有2場活動同場不同台，是否隔空較勁意味濃厚？以及選戰倒數3個多月，有沒有什麼新的陸戰策略？李四川回應，現在新的策略不能告訴人家，「我會按照我的步驟，走遍29區，傾聽29區所有404萬新北市民的聲音，我會按照我的步驟來進行」。    ,https://news.ltn.com.tw/news/politics/breakingnews/5533507
菊系范織欽涉貪 國民黨：這樣的新潮流太可怕,政治,2026/08/09 11:35,國民黨文傳會發言人、高雄市議員陳麗娜。（圖由國民黨提供）高雄市議員范織欽疑涉貪瀆案，遭橋頭地檢署約談後以120萬元交保。國民黨文傳會發言人、高雄市議員陳麗娜今（9）日表示，范織欽是陳菊市府團隊的一員，和賴瑞隆一樣在後期被安排轉任民代，其餘成員更遍佈中央、國營事業，近年如陳啟昱、許銘春等陸續出事，但更多新潮流圍在賴瑞隆身邊，等著重回高雄市政府。陳麗娜指出，大家都說新潮流復辟很可怕，從范織欽等人所涉事件來看，這些擔憂並非空穴來風。陳麗娜表示，范織欽是民進黨立委伍麗華的兄長，受前高雄市長陳菊延攬，擔任原住民族委員會主委。陳菊在執政後期、北上接總統府秘書長時，開始大量安排「南流」搶佔各種官位，不但吃相難看，後來果然陸續吃出問題。前副市長陳啟昱涉嫌掏空台鹽綠能公司，前法制局長許銘春在勞動部長任內，也爆出拿就安基金辦演唱會。請繼續往下閱讀...范織欽則是和賴瑞隆一樣，被安排官員轉民代，賴瑞隆2016年轉任立委，范織欽2018年當選議員。范織欽這次被調查，雖然還沒有確定涉案，但顯示許多跟新潮流有關的傳聞，恐怕並非空穴來風。陳麗娜指出，新潮流近幾年上至台糖案的吳乃仁，下至范織欽，就是掌握國家名器資源後就生爭議，目前看到的只是冰山一角，而冰山下的新潮流，等著班師重回高雄市政府的，還有多少？如果真的讓他們重新掌權，高雄難道又要重新回到不斷舉債，卻沒有建設的老路嗎？這樣的新潮流，真的太可怕。    ,https://news.ltn.com.tw/news/politics/breakingnews/5533501
日本巡邏艦避颱遭中國海警包圍  海委會副主委宋承恩批政治化,政治,2026/08/09 11:30,日本保安廳巡邏艦「浦戶號」（URADO）7日接近澎湖避風，竟遭中國海警船包圍監控。（民眾提供）日本保安廳巡邏艦「浦戶號」（URADO）7日深夜接近澎湖躲避海豚颱風，8日竟遭5艘中國海警船包圍監控，海委會副主委宋承恩今（9）日在臉書批評中國作為，他強調，避風不需要政治化，進來預防性避風與進來否定我國管轄權不一樣。中國海事局官網6日片面公告，颱風白海豚將影響台灣海峽及周邊海域，自6日晚間6時起，對經過台灣海峽南口北上船舶實施交通管制。「浦戶號」7日深夜10時接近澎湖35浬避風，先是遭中國海警船2304號全程跟監，8日更有5艘海警船包圍。請繼續往下閱讀...宋承恩表示，颱風來襲，台灣西部海域有時成為船舶緊急避險的必要處所，是基於中央山脈天然屏障的地理因素。過去曾因外國公務船舶避風，引發外交論戰。他說，事實上，主管機關是本於國際人道義務，捍衛主權的立場，中立衡平地處理此類事件，周圍海域遇有自然風險或緊急危難，政府會透過海事通訊管道對海事危險善盡告知責任，台灣海巡也會密切監測海象，對於陷入險境的船舶與人員提供搜救與協助，不分國籍，體現沿岸國依國際法的人道避險與法律義務。台灣海巡即使在勤務繁重，甚至中國對台軍演時期，本於「救援無國界」的精神，多次對遇災的中國船舶伸出援手。宋承恩指上述原則亦同樣適用外國公務船舶，但處理上有更細緻的要件：首先，他國公船必須有緊急避風的真實需求；第二，禁止藉故停留：一旦颱風遠離、海象好轉或故障排除，緊急狀態即宣告解除，船舶必須立即駛離，不得以任何藉口繼續滯留或逗留；第三，船舶不得有損害我國和平、良好秩序或安全的任何行為；第四，船舶宜將避難目的公告於例如船舶自動識別系統（AIS）並保持溝通管道，以便我國適時給予協助。他強調，我國不容許任何船舶藉口避難，於鄰近海域從事損害中華民國台灣主權、防衛或安全之任何行為，也堅決反對針對外船避難行為，藉口「執法」、「併航」或「跟監」，實際上否定我國主權與管轄權的行動。    ,https://news.ltn.com.tw/news/politics/breakingnews/5533561
拋4大「原力」政見 李四川：該做的接著做,政治,2026/08/09 11:10,國民黨新北市長參選人李四川昨天（8日）參加新北市原住民族歲時祭儀活動。（李四川競辦提供）國民黨新北市長參選人李四川今天（9日）在社群媒體臉書貼文，他說，昨天（8日）到今年7月份啟用的三峽隆恩埔祭儀廣場，參加新北市原住民族歲時祭儀活動。有好多族人非常熱情向自己打招呼，他們說「只有川哥，沒有別人」，但他要說，你們都是自己的貴人。這次選舉他提出4大原力（文化有根、青年有夢、居住有屋、運動有光）政見，該做的，他接著做。昨天他來到今年7月份啟用的三峽隆恩埔祭儀廣場，參加新北市原住民族歲時祭儀活動。有好多族人非常熱情向自己打招呼，他們說「只有川哥，沒有別人」，但他要說，你們都是自己的貴人。請繼續往下閱讀...看到許多年輕朋友一起參與，族人的連結與傳承是深厚的，說實在，這是新北文化發展的福氣。他在平地原住民議員楊春妹、議員參選人吳國譽、何應明的陪同下，和族人們打招呼，他們帶我看祖靈屋模型，一切講的是「感恩惜福」。最近，他提出4大原力（文化有根、青年有夢、居住有屋、運動有光）政見，包括專屬社宅、設置新北原住民族文化園區、成立原住民青年團等等，族人有沒有感，心裡自有一把尺。只是可惜，2015年，中央宣布要在三鶯地區設立國立原住民族博物館。這塊地，是新北一寸一寸爭來的。從新北市副市長到行政院秘書長，這一路怎麼推的，做過的人都知道。後來民進黨政府在2017年定案高雄。說變就變，但三鶯在地的聲音似乎消失了。李四川說，一座本該落腳新北的博物館，他們搬走了。但為新北族人，自己一件都不會少。該做的，他接著做。國民黨新北市長參選人李四川昨天（8日）參加新北市原住民族歲時祭儀活動。（李四川競辦提供）國民黨新北市長參選人李四川昨天（8日）參加新北市原住民族歲時祭儀活動。（李四川競辦提供）    ,https://news.ltn.com.tw/news/politics/breakingnews/5533492
台中市豐原山城區立委選舉將藍白合？  盧秀燕這麼說．．,政治,2026/08/09 11:01,國民黨台中市長盧秀燕（左三）出席民眾黨立委陳清龍（左四）山城服務處成立揭牌。（記者歐素美攝）立委陳清龍山城服務處暨台灣民眾黨客家發展委員會山城服務處今天揭牌！台中市長盧秀燕及前後民眾黨主席柯文哲、黃國昌皆出席，是否象徵台中市豐原、山城區的立委選舉將藍白合？盧秀燕表示，藍白同心、共創未來。盧秀燕表示，藍白同心，共創未來，所以我們有商有量，未來有關於國家的事務或建設＇秉持過去合作的模式，大家都會一起討論、規劃及努力，而陳清龍對於是否代表民眾黨參選豐原、山城的立委則表示，尊重黨的安排，藍白合作台中市最好的典範，期待透過藍白合作讓台中更好，讓台中市政更好。    ,https://news.ltn.com.tw/news/politics/breakingnews/5533537
昔啟蒙反國民黨！鄭麗文今稱「台灣不是國家」 梁文傑嘆1句,政治,2026/08/09 10:50,陸委會發言人梁文傑。（資料照）國民黨主席鄭麗文日前在節目稱，「台灣從來沒有獨立過，台灣也從來不是一個國家，民進黨說台灣已經獨立是胡說八道。」，引發外界討論。對此，陸委會發言人梁文傑感嘆地說，這位是當年啟蒙我反國民黨的學姐，人生立場的轉折真是有趣。鄭麗文7日接受網路節目「政經關不了」專訪，主持人彭文正提及，「台灣的現況就是和平的獨立者」，鄭麗文反駁稱，「台灣從來沒有獨立過，台灣也從來不是一個國家」她更進一步抨擊，民進黨聲稱台灣已經獨立的觀點是「街頭混混的說法，根本就是胡說八道」，並指民進黨根本不敢發起台灣獨立公投。請繼續往下閱讀...對此，梁文傑昨天在Threads發文表示，鄭麗文是當年啟蒙他反國民黨的學姐，直呼「人生立場的轉折真是有趣」。事實上，梁文傑過去擔任台北市議員上節目時，就曾談及鄭麗文政治立場的轉變。當時主持人周玉蔻詢問梁文傑「有沒有覺得被她騙了」時，梁文傑便曾無奈地回應：「我一生中被騙過很多次，這是其中一次而已。」這篇感嘆貼文曝光後，網友紛紛留言開酸「請麗文繼續當主席，我要看國民黨走入歷史」、「真的好神奇的人，前後差這麼多，真的是同一個人嗎」、「下次總統選舉，中選會應該拒收國民黨提名候選人的文件，不是國家你參選什麼總統」、「她在國民黨我真的是很放心」、「想當初黃國昌和館長辦的反紅媒也是好幾萬人冒雨去，結果先跳反的也就台上那兩位」。     在 Threads 查看    ,https://news.ltn.com.tw/news/politics/breakingnews/5533482
國民黨反批陳時中「事後諸葛」 指當年與詐騙嫌犯同赴機場接疫苗,政治,2026/08/09 10:50,國民黨文傳會主委陳以信。（資料照）前彰化律師公會理事長陳昱瑄涉嫌在COVID-19疫情期間，以協助採購BNT疫苗為由，詐取慈濟基金會約10.6億元委任報酬，近日遭檢方起訴。時任衛福部長、現任行政院政務委員陳時中表示，當年曾不斷提醒慎防疫苗詐騙，如今「真相已經大白」，當初做出不實指控的人，應該對社會道歉。國民黨文傳會主委陳以信今（9）日反批陳時中是「事後諸葛」，質疑如果當年就知陳姓律師是詐騙嫌犯為何沒及時阻止？為何還與詐騙嫌犯同赴機場接疫苗、合照助紂為虐？陳以信指稱，陳時中現在追究詐騙者、要求別人道歉，卻不敢面對最根本問題，難道忘了自己才是當時掌握疫苗政策與政府把關責任的人嗎？他強調，正因當時疫苗供應不足，民間才抱著救人善意出手，慈濟更願意捐贈BNT給國人，如果不是政府當年沒能力滿足需求，也沒能力協助民間採購、替民間把關，最後怎會讓慈濟自行尋找管道，最後遭到詐騙？請繼續往下閱讀...陳以信質疑，涉案陳姓律師曾在林佳龍台中市長任內受聘為台中市政府法律扶助律師，之後又參與慈濟BNT採購。如果沒有綠營讓她累積信任與人脈，她未必能取得慈濟信任？尤其如果陳時中當年已知陳姓律師可能涉及詐騙，為何沒有點名阻止？甚至最後還與她一起在機場迎接疫苗抵台並合照？陳以信質問，陳時中當年是知情不報？還是不知情助紂為虐？不管哪一種，難道陳時中不用向慈濟道歉嗎？不用向眾多捐助善款的社會人士道歉嗎？狠詐慈濟10.6億的陳昱瑄 曾出席BNT疫苗抵台接機    ,https://news.ltn.com.tw/news/politics/breakingnews/5533467
蔣萬安稱沒放假是沒發陸警 周軒列時序打臉：上次巴威放假也還沒發布,政治,2026/08/09 10:49,蔣萬安今天受訪時解釋，這次沒放假是因為氣象署沒發布陸上颱風警報。對此，周軒整理時序，表示上次巴威颱風北北基桃宣布停班課時，氣象署也還沒發布陸警。（資料照）颱風「白海豚」及其外圍環流持續影響台灣，北部自昨日深夜起開始出現強風豪雨，台北市長蔣萬安今日（9日）沒有像7月初「巴威」颱風提前放「颱風整備假」，引起民眾質疑「雙標」。蔣萬安今天受訪時解釋，是因為中央氣象署沒發布陸上颱風警報。對此，政治工作者周軒整理時序，表示上次北北基桃宣布停班課時，氣象署也還沒發布陸警。蔣萬安今日受訪時提到，台北市受到白海豚外圍環流影響，這次市區有間歇雨勢、山區風勢較大，由於中央氣象署這次沒有發布陸上颱風警報，昨天經過北北基桃4市討論，今天沒有宣布停班課，但仍要再次呼籲民眾切勿輕忽。請繼續往下閱讀...周軒在臉書發文質疑，並針對蔣萬安「氣象署沒發布陸警所以沒有放假」的論點進行反駁。周軒列出「巴威」颱風當時颱風警報與宣布停班課的詳細時序。7月9日下午2點30分，中央氣象署針對巴威颱風，正式發布「海上颱風警報」；而在9日當天晚上8點，蔣萬安經「北北基桃」4市既有平台討論達成共識後，正式宣布7月10日「停止上班上課」；後續氣象署在10日凌晨5點30分才進一步發布「海上陸上颱風警報」。周軒質疑：「咦？蔣萬安你宣布放假的時候，沒有發陸警欸。 」許多網友也留言：「安安市長總是不讓人失望！」、「還真會怪別人啊～」、「今天應該是陰市長放假去了，所以回應都胡說八道……」、「這個答案真沒創意～」、「被一個月前的自己打臉。」、「還沒滿月就都忘了，巴威當時根本還沒發布陸上警報。」    ,https://news.ltn.com.tw/news/politics/breakingnews/5533490
這次沒颱風整備假？北市風強雨驟 蔣萬安臉書被網友嗆「雙標」,政治,2026/08/09 10:28,對比台北市7月初「巴威」颱風白天無風無雨卻提前放「颱風整備假」，今日台北市則是正常上班上課。許多民眾湧入台北市長蔣萬安的臉書貼文留言批評：「放假標準到底在哪？」（資料照）今年第13號颱風「白海豚」及其外圍環流持續影響台灣，北部自昨日深夜起開始開始出現強風大雨，對比台北市7月初「巴威」颱風白天無風無雨卻提前放「颱風整備假」，今日（9日）台北市則是正常上班上課。許多民眾湧入台北市長蔣萬安的臉書貼文留言批評：「放假標準到底在哪？」臉書天氣粉專「台灣颱風論壇─天氣特急﻿」今晨發文提到，白海豚颱風的外圍環流持續影響台灣，從昨日深夜至今日清晨，北部出現的最大風力為8至10級，加上外圍螺旋雨帶的雨勢，算是相當有颱風天的感覺。請繼續往下閱讀...而根據「天然災害停止上班及上課作業辦法規定」，風災停班停課的標準為颱風暴風半徑於4小時內可能經過之地區，「平均風力可達7級以上」或「陣風可達10級以上時」，或未來24小時累積雨量預測達「平地350毫米，山區200毫米」（部分縣市不分平地、山區均為350毫米），且已致災或有致災之虞時，達到停班停課標準。對比台北市政府7月10日無風無雨放了「颱風整備假」，今日強風豪雨，卻依舊正常上班上課，讓許多市民網友質疑蔣萬安「該放沒放」，紛紛湧入蔣萬安昨日發布的防颱臉書貼文底下留言：「風雨這麼大，你市府到底放假標準在哪？」、「超好笑，上次亂放錯過大漲，這次天氣跟鬼一樣，跟我說不放？」、「講唬爛，颱風整備假呢？」、「這次防災整備假勒？去哪了？」、「目前風強雨驟，雙北市長靜悄悄勒，您們標準到底在哪裡？」、「這次風雨比上次還要大很多！」、「上次被罵翻，這次就沒有颱風整備假了嗎？要不要出門看看外面風雨多大？」許多民眾湧入台北市長蔣萬安的臉書貼文留言批評：「放假標準到底在哪？」（圖擷取自蔣萬安臉書）    ,https://news.ltn.com.tw/news/politics/breakingnews/5533429
質疑原博館選址從三鶯改到高雄 李四川：蘇巧慧應好好說清楚,政治,2026/08/09 10:25,藍營質疑民進黨新北市長參選人、立委蘇巧慧對原定在三鶯地區設立的國立原博館，突遭民進黨政府改址高雄，卻沒作為；國民黨新北市長參選人李四川（麥克風前）說，蘇巧慧本身是立委，又號稱是原住民媳婦，她父親蘇貞昌也曾任行政院長，為什麼沒把原博館要回到新北？蘇巧慧應好好說清楚。（記者黃政嘉攝）新北市議會國民黨團質疑，原定設立在三鶯地區的國立原住民族博物館突遭民進黨政府改址高雄，民進黨新北市長參選人、立委蘇巧慧卻沒作為。蘇巧慧昨回應也提出抗議過，另說三鶯新生地上現有新北市美術館，有很好的規劃；國民黨新北市長參選人李四川今受訪表示，蘇巧慧是立委，又號稱原住民媳婦，父親蘇貞昌也曾任行政院長，為什麼沒把原博館要回新北，大概是新北人的疑問，應好好說清楚。李四川今早出席三峽全民運動會前受訪，對於國立原博館選址問題，他表示，美術館跟原博館是不一樣的建築，所以在2015年，其實原博館就已經核定在新北市的三峽，當然國民黨議員質疑，原來核定的國立原博館本來就在新北，後來民進黨上台，就把原博館改到高雄。請繼續往下閱讀...他表示，而且改到高雄時，行政院原民會主委是現在蘇巧慧發言人馬亨亨．夷將的爸爸夷將．拔路兒，那「她本身就是立委，又號稱是原住民的媳婦，後來她爸爸（蘇貞昌）也曾任行政院長，為什麼沒有把原博館要回來到新北？這大概是新北人的疑問」，蘇巧慧應該好好地說清楚。蘇巧慧昨指出，過去她一直積極爭取原博館蓋在鶯歌，後來原民會決定選址在高雄，她也提出強烈抗議；三鶯新生地上面現在有新北美術館，也保留大片綠色草地可以辦戶外活動，三鶯新生地現在有非常好的規劃，未來她們在這裡也會舉辦更多的活動，希望讓不只新北市民，甚至各地民眾都能夠來鶯歌。    ,https://news.ltn.com.tw/news/politics/breakingnews/5533491
審計指竹市博物館群維護招商不周  文化局：已陸續修繕、積極活化,政治,2026/08/09 10:14,竹市眷村博物館商品區委託經營管理6次招商失敗，審計室要求市府改善。（圖由市府提供）根據審計室調查，竹市博物館群部分館舍工程營運、維護等不夠周延，眷村博物館商品區委託經營管理6次招商失敗、玻璃工藝博物館部分木窗構件腐朽及漆面斑駁剝落等，要求市府改善。審計室報告指出，竹市眷博館戶外景觀工程進度落後，完工後尚待取得使用執照變更核准，才能開館營運，影響潛在廠商投標意願及與館舍後續開館營運時程；且商品區委託經營管理招商，6次招商均無廠商投標，顯示招商條件與市場需求間存有落差，且部分廁所整建完工後尚待清潔。請繼續往下閱讀...此外玻璃工藝博物館部分木窗構件腐朽及漆面斑駁剝落，水道取水口展示館部分外牆及室內天花出現水痕，戶外無障礙坡道漆面局部剝落，要求市府研議改善。新竹市文化局表示，眷村博物館商品區招商原於整修工程期間同步辦理，然因尚未開館，營運條件尚未成熟，致歷經6次公告招商皆無廠商投標。5月13日已重新開館，目前先行採自營方式辦理文創體驗空間，透過實際營運累積人流與市場能見度，市府將評估適時辦理後續招商作業，提升館舍營運效益。此外玻工館屬文化資產，修復須依文資法及相關規範具專業性，文化局此前即已納入「歷史建築自治會館修復工程」整體規畫設計辦理。目前正規畫設計，預計年底完成。而市定古蹟取水口展示館戶外無障礙坡道漆面局部剝落情形，已於6月完成修繕，至於部分外牆及室內天花板水痕問題，因館舍屬文化資產，文化局此前業委請專業廠商辦理現場勘查與修繕評估，預計近期完成改善。    ,https://news.ltn.com.tw/news/politics/breakingnews/5533440
獨家》鐵道音樂嘉年華染紅？ 1日站長體驗竟戴中共國徽帽,政治,2026/08/09 10:07,「鐵道音樂嘉年華」1日站長體驗活動。（圖由讀者提供）為慶祝集集線復駛，交通部觀光署日月潭風景區管理處8日在車埕火車站鐵道廣場舉辦「鐵道音樂嘉年華」，其中1日站長體驗活動，竟然提供多頂中共五星國徽的車長帽供民眾配戴拍照，令家長傻眼；學者批評，單一事件可以解釋為疏失，類似事件接連發生，公務體系是不是對中國政治符號失去應有的辨識與警覺。台中市政府住宅處政風室近日發布給社宅配合張貼宣傳公告上，被發現介紹中央主管機關配圖竟是「中國國徽」，引發民眾不滿質疑台中市府「自行回歸祖國懷抱」。無獨有偶，8月8日在車埕站舉辦的「鐵道音樂嘉年華」，活動佈置「1150808，我在車埕站等你」立牌，現場活動道具車長帽上竟然有中共五星國徽。請繼續往下閱讀...民眾向本報爆料，他帶小孩從北部回車埕與家人過父親節，順道參加日管處舉行的「鐵道音樂嘉年華」，豈料自由參加的1日站長體驗活動，現場安排的拍照道具居然有多頂中國國徽車長帽，男女樣式都有，分別與台鐵的帽子放在一起，很多不知情家長、小孩戴著拍照，這是公家單位舉辦的活動，實在非常離譜。對此，東海大學陸研中心副執行長洪浦釗受訪表示，單一事件可以解釋為疏失，類似事件接連發生，就要問我們的公務體系是不是對中國政治符號失去了應有的辨識與警覺。洪浦釗指出，台中市住宅處才發生宣導圖卡出現中國國徽，現在日月潭風管處的政府活動又出現五星國徽的車長帽，而且還提供家長與小朋友配戴拍照。2起事件性質不同，目前沒有證據認定背後存在中國滲透，但短時間接連出現，主管機關有必要把來源與流程查清楚。洪浦釗質疑，公家機關代表國家，國旗、國徽、制服等符號都有明確的國家識別，「鐵道音樂嘉年華」這起事件涉及實體道具，從活動規劃、道具取得到現場使用，中間經過多個環節，為何公家單位沒有人發現車長帽上有五星國徽。洪浦釗強調，這批帽子的來源必須查清楚，也要釐清活動籌備到現場使用的過程，為什麼始終沒有人發現上面有中國國徽。主管機關應查明問題出在哪個環節，承辦、督導及相關廠商的責任也要釐清。政府活動讓中國國徽一路進到現場，甚至戴到民眾與小朋友頭上，不能查完原因就算了。「中國的政治符號透過商品、網路素材、AI生成內容等，透過不同管道進入台灣社會！」洪浦釗說，中央與地方公務體系都需要具備基本辨識能力，並建立明確的國家識別審核機制，涉及國旗、國徽、地圖、制服及政府機關識別等內容，對外發布或公開使用前都應完成查核。洪浦釗建議，公務採購與委外活動也應把國家識別納入驗收項目，要求承辦單位與廠商負起審核責任，不能把內容製作交出去，政府的責任也跟著外包。中央也應針對近期事件提出共同審核原則，讓中央與地方機關有所依循。他強調，是否涉及中國滲透，要靠證據判斷，相關事件的來源、流程與責任都應查明。公務體系現在需要補上的，是從內容製作、採購驗收到公開使用的完整審核機制，避免相同問題再次進入政府宣傳與公共活動。日月潭風管處舉辦的「鐵道音樂嘉年華」提供的車長帽上有中共五星國徽。（圖由讀者提供）在車埕車站舉辦「鐵道音樂嘉年華」，其中1日站長體驗活動，竟然提供多頂有中共五星國徽的車長帽供民眾配戴拍照。（圖由讀者提供）    ,https://news.ltn.com.tw/news/politics/breakingnews/5533470
慈濟買BNT遭詐10.6億 呱吉轟陳沂「垃圾」：混淆時間序丟錯誤推論,政治,2026/08/09 09:57,"網紅陳沂聲稱：「問題是被騙的只有慈濟，台積電跟郭董都沒有啊！不能因此說BNT都是在騙吧？」對此，呱吉則在社群發文反駁：「陳沂這個人最垃圾的地方就是透過混淆時間序的方式來偷渡錯誤的推論，讓民眾精神錯亂。」（資料照）慈濟委託私人疫苗掮客買BNT疫苗遭詐10.6億元，引發各界關注。網紅陳沂在臉書整理「案情」，聲稱：「問題是被騙的只有慈濟，台積電跟郭董都沒有啊！不能因此說BNT都是在騙吧？要洗台灣人記憶也不是這樣的啦！」對此，前台北市議員、網紅呱吉（邱威傑）則在社群發文反駁：「陳沂這個人最垃圾的地方就是透過混淆時間序的方式來偷渡錯誤的推論，讓民眾精神錯亂。」呱吉在臉書發文提到，慈濟最後是有買到BNT，也真的多付了3000萬美金，政府也真的曾經說過買不到，但真實的時間順序是這樣，6月9日慈濟跟陳昱瑄的鈺達公司簽約付錢；6月18日蔡英文會見劉德音、郭台銘，行政院當天宣布授權台積電、永齡各洽購500萬劑；7月12日台積電、永齡跟上海復星簽約；7月21日慈濟依同一模式跟復星簽約；9月2日首批93.2萬劑抵台。請繼續往下閱讀...呱吉指出，慈濟付錢的時候政府還沒授權，陳時中說的是「透過掮客買不到」，所以慈濟那3000萬美金買到的是個「寂寞」，疫苗是「7月21日那份合約來的，不是掮客弄來的」。呱吉提到，陳沂發文質疑「政府說買不到，民間怎麼買到？」他解釋，政府從頭到尾說的是私人、法人管道買不到，因為原廠只跟各國中央政府簽、免責條款要國家扛，而民間三方買到的那條路，是政府發函授權、食藥署專案輸入、疫苗全數捐給疾管署統籌分配，「那不是繞過政府，所以本來就是政府開的門」。呱吉表示，當陳沂用嘲諷地反問：「被騙的只有慈濟，台積電永齡都沒有？」沒錯，因為郭台銘跟檢方說的就是他直接跟BNT大股東聯絡，完全沒透過掮客。呱吉強調：「老實講這中間有些爛帳，我也覺得有可議之處，但是這種把一堆沒有時間序的資訊混在一起餵食群眾的做法，就是垃圾。」    ",https://news.ltn.com.tw/news/politics/breakingnews/5533455
新北風強雨驟沒放颱風假 侯友宜臉書湧留言質疑「標準在哪」？,政治,2026/08/09 09:56,新北市長侯友宜昨天在臉書上貼出颱風前夕到瑞芳深澳漁港視察防颱準備的畫面，卻有多名網友留言質疑風強雨驟為何不放颱風假。（擷取自侯友宜臉書）受到白海豚颱風外圍環流影響，新北市從昨天（8日）深夜開始風強雨驟，今天早上仍狂風暴雨，卻未放颱風假，大批網友湧入新北市長侯友宜臉書留言，質疑「這種風雨不放假？」、「政府現在無作為」、「雙北市長靜悄悄」。新北市災害應變中心表示，根據氣象資料，9日風雨未達到放假標準，因此今天正常上班、上課。新北市府表示，氣象數據都是持續更新，是否放颱風假都是根據最新資料與氣象團隊預估來判斷。此外，新北災害應變中心目前受理案件以路樹倒塌最多，都會立即排除，呼籲民眾避免前往山區及海邊活動，確保安全。請繼續往下閱讀...新北市災害應變中心8日召開白海豚颱風工作會報，會中指出，週六、日受颱風影響，新北市東、西側日雨量接近或局部達大雨等級，北側與南側山區日雨量達大雨到豪雨等級，新北市沿海有9到10級強陣風，市區有8至9級強陣風，風雨最大期間為週六中午至週日上午，提醒市民颱風期間切勿前往海邊觀浪或上山活動。今天全台僅連江縣全天停班停課，以及新竹縣尖石五峰8校停課、正常上班。不過，新北市昨晚起風雨交加，至今天上午仍風強雨驟，雖然今天是星期日，大部分上班族休假，但仍有許多從事服務業的民眾需要上班。侯友宜臉書湧入大批網友留言，有民眾表示，「太誇張了，現在這才是颱風該放的吧，政府現在是無作為？服務業要拿命去上班嗎？」還有人說，「是在哈囉，這種風雨不放假？」也有人質疑，「目前風強雨驟，雙北市長靜悄悄，您們標準到底在哪裡？」還有人嘲諷說，「無風無雨放假，有風有雨不放，真厲害！」新北市災害應變中心說明，針對白海豚颱風過境，新北只有發布海上颱風警報，未發布陸上颱風警報，根據氣象資料，9日風雨未達到放假標準，因此今天正常上班、上課。受到白海豚颱風外圍環流影響，新北市今天上午風強雨驟，但未放颱風假，大批網友湧入新北市長侯友宜臉書留言。（圖擷取自臉書）    ,https://news.ltn.com.tw/news/politics/breakingnews/5533463
萬里龜吼港越籍攤商疑遭歧視 李四川心疼：政治別帶到攤子裡,政治,2026/08/09 09:50,新北萬里區龜吼漁港一名越籍新住民黎姓攤商近日疑被顧客歧視，堅持她是中國人、對她講話口音有意見，國民黨新北市長參選人李四川（麥克風前）說，看她被「出征」相當心疼，政治可以對立、互相批評，但別帶到攤子裡面。（記者黃政嘉攝）新北萬里區龜吼漁港一名越籍新住民黎姓攤商近日反映遇到顧客質疑她講話口音、堅稱她是中國人、要她不要講台語，直呼客人很奇怪；國民黨新北市長參選人李四川昨天在臉書發聲「妳沒有錯」，今受訪表示，看這名攤商被「出征」相當心疼，政治可以對立、互相批評，但別帶到攤子裡面，不管來哪個國家，嫁到台灣來就是台灣人、新北市人。李四川昨天在臉書發文指出，他在網路上看到一支影片，龜吼漁夫市集的黎小姐，正在跟客人介紹那尾劍蝦新不新鮮，話講到一半被打斷「你講國語就好，不要講台語」、「為什麼要來台灣？為什麼要嫁來台灣？」她的女兒為了保護媽媽，把影片放上網，並說這是歧視：「不管什麼人，妳不可以這樣子說啊。」請繼續往下閱讀...李四川今早出席三峽全民運動會前受訪，他表示，他6月有到過龜吼漁港，現場其實他也不知道她是來自越南的新住民，因為她的專業、自己是漁家子弟，所以看她介紹下，也跟這位黎女士買了螃蟹，昨天看到因為她講話的口音而被「出征」，說實在相當的心疼。他表示，政治可以對立，可以互相地批評，但是不要帶到人家的攤子裡面，「不管她是來自於哪個國家，嫁到我們台灣來就是台灣人，就是我們新北市人」。    ,https://news.ltn.com.tw/news/politics/breakingnews/5533452
完整錄音曝光！中國藉颱風「管制海峽」 陸委會：可笑至極！,政治,2026/08/09 09:32,中國海事局公告，受到颱風白海豚影響，對經過台灣海峽南口北上船舶實施交通管制。（圖擷取自中國央視網）中國海事局6日晚間突發公告，宣稱受白海豚颱風影響，將對「行經台灣海峽南口北上的船舶」實施交通管制。中國海事部門甚至透過無線電廣播，向行經海峽的各國船舶強制播報，本報掌握完整廣播錄音今（9）日曝光！中方透過無線電廣播：「船舶，所有船舶。根據氣象部門預報，今年第十號颱風『白海豚』，將於星期天白天穿越琉球群島後進入東海，將向華東沿海靠近，將影響台灣海峽及周邊海域。廣東海事局決定於週六18時起，對經過台灣海峽南口北上的船舶實施交通管制。請各船舶嚴格遵守交通管制要求，選擇安全水域避風，聽從現場海事管理機構指揮，以策安全。汕頭海事局。」請繼續往下閱讀...對此，陸委會已表達強烈不滿與譴責，指出中共假借颱風來襲，無理聲稱要管制我國相關海域，已嚴重違反《聯合國海洋法公約》等國際規範。陸委會痛批，中共有關部門的粗魯聲明，是對國際秩序與規範的無知、漠視與踐踏，行為「極其可笑」！陸委會強調，台灣政府態度堅定，中共沒有任何權利對我國海域進行任何「管制」或「管轄」。台灣自己的事務不勞中共費心，請北京當局自我節制、恪遵國際規範，先把自己的可能災情顧好，「不必越俎代庖！」    ,https://news.ltn.com.tw/news/politics/breakingnews/5533449
慈濟案「狗吠火車」2天  張景森再籲：成立獨立外部調查小組,政治,2026/08/09 08:32,慈濟委託私人疫苗掮客買BNT疫苗遭詐10.6億元，引發各界關注。（資料照）慈濟委託私人疫苗掮客買BNT疫苗遭詐10.6億元，引發各界關注，前行政院政委張景森今（9）日在臉書表示，欺騙慈濟的不一定只有外面的騙子。他在臉書裡頭狗吠火車兩天，就是希望慈濟展開「自淨」，負最高行政責任的執行長顏博文辭職下台，同時成立獨立的外部調查小組，以便調查事實、追究責任、改革制度。張景森表示，上人受到詐騙，並不意外，也不會減少我們對她的尊敬。應該受到譴責的是利用別人的善良、利用慈善組織的信任而詐騙牟利的人。但是，一個掌握龐大善款與社會資源的慈善團體，不能只依靠一位德高望重的宗教領袖。尤其當上人年事已高，周圍又形成高度封閉不受到外界檢驗的決策文化時，上人受到欺騙的風險變得極大！請繼續往下閱讀...張景森說，因為欺騙慈濟的不一定只有外面的騙子。外面可能有人設局詐騙，但裡面也可能有人判斷錯誤、失職瀆職，甚至不能排除有人受到利益誘惑跟外面共謀，利用上人的信任而掏空慈濟、牟取私利。不敢說已經證明慈濟有這樣的人。但佛教認定凡人皆有「貪、瞋、癡」三毒。出家人如此，在家人如此，慈善組織的管理者當然也不例外。制度存在的目的，就是承認每個人都有可能受到貪念、利益與錯誤判斷的影響。《法句經》所傳達的精神是：「諸惡莫作，諸善奉行，自淨其意。」「自淨其意」就是不要把問題藏起來，而是透過不斷反省、清理自己。對一個龐大的宗教慈善組織而言，這種「自淨」，在現代治理上就是透明、調查、究責與改革。張景森強調，所以他在臉書裡頭狗吠火車兩天，就是希望慈濟展開「自淨」。而從頭到尾其實只有兩個簡單的建議：第一，負最高行政責任的執行長辭職下台。這是行政責任！十億元等級的重大財務事件，發生在任何組織都是不可原諒的行政過失，內部最高行政主管卻沒有人承擔責任，慈濟如何向千千萬萬捐款人交代？第二，立即成立獨立的外部調查小組，以便調查事實、追究責任、改革制度。找與慈濟沒有利害關係的法律、會計、財務及治理專家，把整個決策、簽約、付款、風險控管與監督流程全部攤在陽光下。張景森指出，不只要問：「我們為什麼被騙？」更要問：為什麼我們這麼容易被騙？誰把關？誰提出過疑問？誰批准？有沒有異常金流？有沒有人從中獲利？有沒有利益衝突？甚至有沒有內外勾連？這不是在傷害慈濟，而是在保護慈濟。    ,https://news.ltn.com.tw/news/politics/breakingnews/5533418
首度破兆！明年度國防預算將破1.1兆元  確定達GDP3％,政治,2026/08/09 06:59,行政院預計20日拍板明年度總預算，其中國防預算將破1.1兆元。（資料照）首次上稿 08-08 23:17更新時間 08-09 06:59立法院尚未三讀今年度中央政府總預算，不過，行政院會20日將拍板明年度總預算。明年度國防預算將突破1.1兆元，其中包括國防部7000餘億元、海巡署270億元、退輔會1000餘億元，此外，還包括特別預算2400億元、非營業特種基金約550億元，確定達GDP的3%；而明年總預算歲出3.6兆元，國防預算約佔四分之一。請繼續往下閱讀...明年度總預算歲入逾3.8兆元，與今年原編列的預算，成長35.7%；歲出逾3.6兆元、較今年成長20%，雙創歷史新高。明年度含債務還本完全不用舉債，罕見達債務平衡。因此包括科技、重大公共建設、社福等預算大幅加碼，國防預算也再創新高。今年國防預算已參酌北大西洋公約組織標準，加計退輔會退休給付與海巡署支出，總計9495億元，雖然立法院尚未三讀今年度總預算，確切預算數尚未正式抵定，據分析，在北約標準下，明年度國防預算不僅首度破兆元，且超過1.1兆元。在公務預算部分，國防部明年編列7000餘億元、海巡署為270餘億元、退輔會為1000餘億元，三者合計約近8500億元，比今年原編列的6973億元，成長超過2成2。明年度特別預算編列約2400億元，據了解，新式戰機採購與海空戰力提升計畫採購已在今年到期，而明年度特別預算含括3部分，除立法院已通過的「因應國際情勢強化經濟社會及民生國安韌性特別條例」與「保衛國家安全及強化不對稱戰力計畫採購特別條例」外，還有無人載具的部分，行政院已提出的「國防自主無人載具採購特別條例」草案，此部分尚待立法院通過。對於國防預算是否達GDP的3%？據指出，去年編列今年預算時，GDP以預估的28.6兆元來計算，雖達GDP的3.32%，但在經濟成長下，今年GDP已33.5兆元，占比3%約要1兆元，但今年度國防預算規模為9495億元，加上政院版的國防特別條例原編列8年1.25兆元，遭藍白刪減為7800億元，因此今年的占比恐難達標。至於明年的占比，據了解，主計總處近期才會公布明年GDP預測，若以GDP成長最高幅度達1成、36.8兆元來看，因國防預算大幅增加，即便未計入無人載具特別條例部分，也會破GDP的3%。    ,https://news.ltn.com.tw/news/politics/breakingnews/5533355
認錯那麼難？張景森喊話慈濟CEO：再讀一遍《靜思語》,政治,2026/08/09 06:01,前政務委員張景森。（資料照）首次上稿 08-08 22:03更新時間 08-09 06:01慈濟委託私人疫苗掮客買BNT疫苗遭詐10.6億元，引發各界關注，前行政院政委張景森昨（8）日在臉書表示，看完慈濟對此的內部說明，他更加失望了，喊話慈濟執行長顏博文再讀一遍《靜思語》。他要問，「誠實認錯有那麼難嗎」？不要一面拿《靜思語》教世人認錯改過，輪到自己出了重大問題時，卻只剩下文過飾非。請繼續往下閱讀...張景森說，檢調起訴書中揭露的核心問題很簡單：慈濟支付高達10.6億元給檢方認定根本沒有能力及也沒有管道取得BNT疫苗的相關人士，當做傭金。這才是慈濟應該回答的問題。張景森指出，慈濟的說明卻是問A答B，反復不斷強調：採購程序嚴謹、價格合理、500萬元劑疫苗最後如期到貨、董事會通過、財報經會計師及主管機關查核，「既然這麼嚴謹，10.6億元為什麼會被騙走？這不就證明這一套程序有問題嗎」？張景森強調，董事會通過不是免責金牌；會計師查核財報，也不等於替這筆交易的商業合理性背書；主管機關沒有查出問題，更不能免除管理階層自己的責任。張景森認為，慈濟是詐騙案的受害者，但受害法人與管理責任是兩回事。「這10.6億元，是信眾100、500、1000元慢慢捐出來的善款。」管理的錢被騙走，慈濟當然有管理的責任。「被騙了5年沒報案，也不去把款項追討回來，這難道沒有違反善良管理人的責任嗎？甚至於涉及到法律責任嗎？」張景森說，被騙不可恥，真正令人失望的是，出了這麼大的問題，還不願正視制度究竟哪裡出了錯。證嚴上人的《靜思語》說：「一個人不怕錯，就怕不改過；改過並不難。」又說：「勇於承擔錯誤，則是一種高尚的品格。」慈濟現在需要的不是公關高手，而是有人承擔責任。張景森強調，有錯就認錯、失職就道歉；應負治理與管理責任的人就下台！誠實認錯有那麼難嗎？不要一面拿《靜思語》教世人認錯改過，輪到自己出了重大問題時，卻只剩下文過飾非。慈濟內部信。（取自沈榮欽臉書）    ,https://news.ltn.com.tw/news/politics/breakingnews/5533325
被問要不要和中國和平統一？鄭麗文給出條件,政治,2026/08/09 06:00,國民黨主席鄭麗文。（資料照）首次上稿 08-08 23:59更新時間 08-09 06:00國民黨主席鄭麗文接受媒體人彭文正的節目「政經關不了」專訪，被問到國民黨到底想不想跟中國談和平統一？她表示，這一切要等到國民黨執政後，才有辦法真正的推出政策予以落實，兩岸一定立刻春暖花開，自然沒有軍事活動；對於改變現狀，她不知道需要多少時間，但一定要合乎兩岸人民共同的願望跟期待，才有可能和平順利的來推進。請繼續往下閱讀...鄭麗文表示，她是一個非常務實的政治人物，她和習近平的見面就是要先在2028年之前證明給大家看，「在九二共識、反對台獨的基礎上，我們在兩岸一家親、兩岸一家人這樣的基礎上，兩岸絕對可以，不但回到前總統馬英九那8年，還會有更多更好的發展」。「當然這一切要等到國民黨執政了以後，我們才有辦法真正的推出政策予以落實」。鄭麗文表示， 國民黨執政，兩岸一定會在最短的時間之內順利的恢復所有的正常的交流，兩岸一定是立刻春暖花開、遍地花開。鄭麗文說，甚至包括在軍事活動上面，大家最關心的和平，「自然就是沒有軍事活動」。 軍事活動上兩岸要如何重新的做相關的協商，讓大家相信把戰爭的可能性降到最低，如何建立相關的互信、機制和對話 。鄭麗文表示，如果到了成熟的那一天，如果有需要對於現狀做改變，這種憲政層次的這種改變，「我不知道這需要多少時間，因為不太可能有什麼時間表」，但是一定是要合乎兩岸人民共同的願望跟期待，才有可能和平順利的來推進；至於兩岸人民共同的願望、期待是什麼就是最好的安排，她不是要強加一個她覺得最好的結局給大家。鄭麗文表示，國民黨接下來的工作，應該是奠定一個非常紮實的和平穩定兩岸關係的基礎跟框架，不會因為政黨輪替或風吹草動就忽然間全部歸零就沒有了，不希望被民進黨執政等政治因素干擾，希望能夠繼續的在和平的基礎上去交流、對話、合作或是要改變現狀，都在這個和平的基礎上，「我覺得我能夠做到這樣就已經很有交代了，我在國民黨主席任期只有4年」。鄭麗文：台灣沒獨立過 也從來不是一個國家沒有「投不投降」的問題！ 鄭麗文：兩岸同屬一個中國呀！    ,https://news.ltn.com.tw/news/politics/breakingnews/5533361
沒有「投不投降」的問題！ 鄭麗文：兩岸同屬一個中國呀！,政治,2026/08/09 06:00,國民黨主席鄭麗文。（資料照，記者王藝菘攝）國民黨主席鄭麗文專訪，主持人彭文正問，中國可以接受的只有「一個中國、九二共識」，鄭麗文是否能接受？鄭麗文直言，九二共識就是「兩岸同屬一個中國」呀！有哪個國家和中國大陸建交、交往，不是建立在一個中國上面的？ 所以這不是國民黨特別的，也沒有投不投降、妥不妥協的問題。鄭麗文接受「政經關不了」節目專訪表示，中華民國憲法就是一個「一中憲法」，自始至終從來沒有改變過，所以這沒有任何的問題，所以當時也是李登輝當總統的時候才會有1992年的九二共識。請繼續往下閱讀...鄭麗文強調，九二共識她都是照本宣科，它的內容就是兩岸同屬一中，這個沒有問題，「所以它不是條件它是基礎」，它是兩岸可以和平對話的政治基礎，沒什麼好挑戰的，也不應該挑戰，更不應該破壞它。國民黨從頭到尾都是反對台獨的，「所以兩岸同屬一中，對我們來講沒有任何的問題」。鄭麗文表示，有哪一個國家和中國大陸建交、交往，不是建立在一個中國上面的？這是中國大陸的一個中國原則，因此產生了世界各國的一個中國政策，現在美國、日本就是主張一個中國政策，全世界有哪一個國家不是這樣？都是這樣。所以這不是國民黨特別的，也沒有投不投降、妥不妥協的問題。但鄭麗文也說，兩岸發展出了不同的制度、生活方式，這是超過百年的事實，所以我們希望透過和平、對話、交流、交往的方式來化解敵意、對立跟歧異。這也是全世界可以跟中國大陸建交、交往唯一的政治基礎不是嗎？鄭麗文：台灣沒獨立過 也從來不是一個國家被問要不要和中國和平統一？鄭麗文給出條件    ,https://news.ltn.com.tw/news/politics/breakingnews/5533362
漢光42DAY4》濱海打擊操演 賴總統登光六快艇鼓舞軍心,政治,2026/08/09 05:30,總統賴清德昨早登上海軍光六飛彈快艇64號艇視導。（記者叢昌瑾攝）總統：給國軍、海巡最大支持國軍漢光四十二號演習邁入第五天，因應聯合反登陸、濱海打擊及灘岸戰鬥作戰進程想定，海軍昨由濱海作戰指揮部領軍，先後派兵實施「緊急出港」、「近岸防禦」科目操演，總統賴清德更親自南下視導，並登海軍光六飛彈快艇喊話，承諾會給國軍、海巡最大支持。海軍司令部昨因應漢光演習作戰進程想定，實施「濱海打擊及近岸防禦」科目操演，由上月甫編成、首度投入實兵演練的「濱海作戰指揮部」全程指揮，首先由光六飛彈快艇執行「備戰緊急出港」，後由陸戰隊官兵展開「近岸防禦」演練，於桃子園海灘協同M109突擊艇、無人機等裝備模擬海上打擊。請繼續往下閱讀...賴清德昨抵海蛟營區、視導「備戰緊急出港」操演時，先是登上光六飛彈快艇六十四號艇，於駕駛台聽取操演狀況、啟航前整備報告，並以艇上廣播勗勉海軍官兵及海巡同仁。他首先宣布，「你們接獲命令緊急出港，執行濱海打擊任務」，接著強調漢光演習是透過「實兵、實地、實裝」，檢驗指揮協同、臨戰應變及國土防衛能力。赴桃子園海灘聽取戰場簡報賴清德說，面對外來威脅和挑戰，政府將持續努力提升國防力量，「給予國軍和海巡同仁最大的支持」，並期勉官兵積極應對演習、強化協同默契，才能以堅實戰力因應各種狀況，守護國家主權與人民安全。總統府並說明，賴總統隨後前往柴山戰備道，登上指揮車聽取「濱海打擊」整體概念說明；接著赴桃子園海灘，視導「近岸防禦」操演科目，聽取特戰部隊攜行裝備介紹及戰場簡報。漢光42號演習（海軍左營基地），「濱海打擊及近岸防禦」課目，中型自殺無人機。（記者叢昌瑾攝）海陸官兵向總統賴清德、國防部長顧立雄進行操演說明，並簡介使用裝備。可見海陸官兵身上背有新換裝的美援M4A1突擊步槍。（記者叢昌瑾攝）漢光42號演習昨於桃子園海灘執行「濱海打擊及近岸防禦」課目，海軍陸戰隊派出四艘M109特戰突擊艇組成一個戰術單元，遠方白色艦艇為海巡八里艦。（記者叢昌瑾攝）    ,https://news.ltn.com.tw/news/politics/paper/1765946
太平洋島國論壇領袖峰會 月底帛琉登場》秘書長瓦卡：台灣是非常重要的夥伴,政治,2026/08/09 05:30,太平洋島國論壇秘書長瓦卡（Baron Waqa）7日於PIF外長會議再次表示，我國為PIF重要夥伴，並重申今年我國仍將循例出席本屆相關會議。（資料照）今年第五十五屆太平洋島國論壇（PIF）領袖峰會將於八月三十日至九月四日，在我國友邦帛琉舉辦。涉外官員證實，今年將循例由次長級以上官員率團與會。PIF秘書長瓦卡也證實，台灣將參與本屆領袖峰會，並稱台灣是「非常重要的發展夥伴」。我國自一九九三年起持續以「台灣／中華民國（Taiwan／ Republic of China）」名稱，以「發展夥伴（Development Partner）」身分參與PIF相關機制與活動。去年由於主辦國索羅門群島不邀請台灣及美中等夥伴國參與，我國未能參與。請繼續往下閱讀...我循例派次長級以上官員率團與會本屆PIF由友邦帛琉主辦，外交部長林佳龍自去年十二月便曾訪問帛琉，實際走訪PIF峰會預定地，與帛琉就論壇籌辦方向、運輸規劃等相關合作構想進行交流及討論。副總統蕭美琴六月訪問帛琉後也說，外交部持續與主辦國帛琉及其他理念相近國家協調今年八月PIF參與細節，可預期中國仍會以不同形式打壓台灣，企圖矮化或限縮台灣參與空間，今年主辦國帛琉長期力挺台灣，並深信不論國家大小都應受到尊重。不過，在八月七日於斐濟舉行的太平洋島國論壇外長會議中，卻未能就聯合聲明譴責中國日前試射一枚可搭載核彈頭的飛彈一事達成共識。外媒披露，友中國家吉里巴斯與諾魯對於發表聯合聲明的意願不高。友中國家作梗 外長會議未達共識聯合聲明譴責中國試射飛彈 難產據了解，對於PIF提出譴責聲明，外交部事前知情、全盤掌握。外交部表示，我方一貫支持維護台海及印太地區的和平與穩定，堅決反對任何透過武力或脅迫片面改變現狀之行為，並將持續與理念相近國家密切協作，共同促進以規則為基礎之國際秩序與區域安全。根據外媒報導，太平洋島國論壇秘書長瓦卡七日晚間也證實，台灣將參與本屆領袖峰會，並稱台灣是「非常重要的發展夥伴」，與PIF成員往來密切。外交部則強調，我國將持續與會員國及理念相近夥伴深化合作，積極為太平洋地區之和平、穩定與繁榮貢獻力量。外交部會適時對外說明我方組團參與今年PIF相關會議及活動之安排與進展。    ,https://news.ltn.com.tw/news/politics/paper/1765873
明年度國防預算破1.1兆 達GDP3％,政治,2026/08/09 05:30,行政院預計廿日將拍板明年度總預算，國防預算將破一．一兆元。圖為漢光42號演習，空軍天弓飛彈部隊進駐大台北地區戰術位置待命接戰。（歐新社）國防部、海巡署、退輔會合計8500億 特別預算2400億、非營業特種基金550億立法院尚未三讀今年度中央政府總預算，不過，行政院預計廿日將拍板明年度總預算。明年度國防預算將破一．一兆元，其中包括國防部七千餘億元、海巡署二七〇億元、退輔會一千餘億元，此外，還包括特別預算二千四百億元、非營業特種基金約五五〇億元，確定達GDP的三％；而明年總預算歲出三．六兆元，國防預算約佔四分之一。請繼續往下閱讀...明年總預算歲出3.6兆明年度總預算歲入逾三．八兆元，與今年原編列的預算，成長卅五．七％；歲出逾三．六兆元、較今年成長廿％，雙創歷史新高。明年度含債務還本完全不用舉債，罕見達債務平衡。因此包括科技、重大公共建設、社福等預算大幅加碼，國防預算也再創新高。今年國防預算已參酌北大西洋公約組織標準，加計退輔會退休給付與海巡署支出，總計九四九五億元，雖然立法院尚未三讀今年度總預算，確切預算數尚未正式抵定，據分析，在北約標準下，明年度國防預算不僅首度破兆元，且超過一．一兆元。國防預算成長逾22％在公務預算部分，國防部明年編列七千餘億元、海巡署為二百七十餘億元、退輔會為一千餘億元，三者合計約近八千五百億元，比今年原編列的六九七三億元，成長超過二成二。明年度特別預算編列約二千四百億元，據了解，新式戰機採購與海空戰力提升計畫採購已在今年到期，而明年度特別預算含括三部分，除立法院已通過的「因應國際情勢強化經濟社會及民生國安韌性特別條例」與「保衛國家安全及強化不對稱戰力計畫採購特別條例」外，還有無人載具的部分，行政院已提出的「國防自主無人載具採購特別條例」草案，此部分尚待立法院通過。對於國防預算是否達GDP的三％？據指出，去年編列今年預算時，GDP以預估的廿八．六兆元計算，雖達GDP的三．三二％，但因經濟成長，今年GDP已達三十三．五兆元，占比三％約要一兆元。今年度國防預算規模為九四九五億元，加上政院版的國防特別條例原編列八年一．二五兆元，遭藍白刪減為七千八百億元，因此今年的占比恐難達標。至於明年的占比，據了解，主計總處本週才會公布明年GDP預測，若以GDP成長最高幅度達一成、三十六．八兆元來看，因國防預算大幅增加，即便未計入無人載具特別條例部分，也會破GDP的三％。    ,https://news.ltn.com.tw/news/politics/paper/1765945
本報隨軍直擊》教召砲兵營 15分鐘內完成砲陣地部署,政治,2026/08/09 05:30,第四作戰區教召部隊昨在台南市區演練砲陣地佔領。（記者方瑋立攝）漢光四十二號演習實兵驗證今進入第五天，國軍第四作戰區全旅動員教召的步兵部隊砲兵營，昨受命後在台南市中心演練射擊前準備程序，快速機動多門一〇五公釐牽引榴彈砲，在十五分鐘以內完成砲陣地部署，朝台南沿海敵可能企圖登陸的紅色海灘待命發揚火力。砲班召員專長複訓 恢復戰力漢光四十二號實兵演練想定已進入「聯合反登陸濱海打擊、灘岸戰鬥」階段。依演練規劃，第四作戰區台南步兵部隊今演練進入陣地位置，期藉以火力發揚遲滯敵軍向內陸擴張登陸場，今日演練投入近二百員。請繼續往下閱讀...記者現場觀察，砲車在中型戰術輪車牽引下進入陣地後，砲班隨即解除牽引、放列火砲，再將大架向兩側展開、埋設駐鋤固定，砲手同步完成射向賦予與方向、仰度裝定。另一組人員架設偽裝網天幕，將砲身與砲盾納入遮蔽，避免遭敵空中偵蒐。砲班班長則以有線電與射擊指揮所聯繫，接收目標座標並完成射擊諸元裝定，全程在十五分鐘內進入待命射擊狀態。特別的是，各砲班官兵主要是由八月一日才依令報到教育召集的後備軍人組成。第四作戰區今年結合漢光演習，首度實施為期十四天的「全旅動員」，在短短幾天的專業、專長複訓後，這批砲兵召員從重新接觸裝備，到能在市區完成陣地部署，前後不足一週。召員協同工兵連 設工事阻敵該部隊步兵與工兵連隊也協同，在台南地區實施第二抵抗陣地重要道路節點阻絕設置，由紐澤西護欄、鋼刺蝟、蛇腹型鐵絲網、HESCO防禦工事所排列組合而成的多重設施綿延上百公尺，目的就是在戰時全面封鎖主要幹道，遲滯敵軍行動，同時保持防禦作戰部隊戰術機動的靈活性，將敵困於我主戰部隊火力打擊區域，並以機槍堡掩護前線部隊、擊退追兵。據了解，接訓教召的步兵部隊下轄工兵連實為「戰時編制」，本次教召結合漢光四十二號實兵驗證編成，強化步兵部隊設置阻絕的支援能力。工兵連連長潘上尉受訪指出，現場HESCO防禦工事，在面敵一側也與蛇腹型鐵絲網結合。潘上尉說，這是為了防止敵方靠近我方掩體，並使敵無法奪取作為自身掩護使用。步兵部隊鄭上士則說明，部署於此主要目的是支援前線友軍轉進機動至其後方地帶，透過架設阻絕和機槍堡給予掩護；現場工事構築包括在第二抵抗陣地帶重要道路周邊的班、排用機槍堡，朝縱深延伸，並挖掘單人散兵坑及持續與工兵連完成鋼刺蝟阻絕架設。    ,https://news.ltn.com.tw/news/politics/paper/1765948
中檢檢察長致信 提醒台中全市625位里長》選前赴中接受招待旅遊 涉反滲透法重罰,政治,2026/08/09 05:30,台中地檢署寄信給全市里長，提醒若接受指示、委託或資助招待赴中國等地旅遊，並要求支持特定政黨或候選人，恐觸犯反滲透法。（台中地檢署提供）針對年底大選，台中地檢署昨對台中市全市六二五位里長寄出一封信，信中特別提醒，若接受指示、委託或資助，免費或以顯不相當低價招待赴中國等地旅遊，並要求支持特定政黨或候選人，恐觸犯反滲透法，出資、招攬者最重可處十年有期徒刑。出資、招攬者最重判十年二〇二三年間總統大選期間，曾代表國民黨參選嘉義市議員的林雪峰，被控接受中國資助，招攬村里長赴中旅遊，並利用餐敘向團員宣揚特定政黨總統候選人理念，涉犯反滲透法等罪判刑四年定讞，並於上月底遭拘提入獄。當年台中市也有八名里長及里民以「兩岸社區交流座談名義」接受落地招待被檢方認涉犯反滲透法、總統副總統選罷法約談，但最後未起訴。請繼續往下閱讀...年底九合一選舉將屆，面對中國可能再度介選，台中地檢署昨透過市府民政系統，轉發「守護家鄉的一票︱檢察長給鄉親的一封信」給全市六二五位里長。中檢指出，這封信的用意是希望透過最貼近基層的里長，把選舉法治觀念傳進社區與家庭，檢察長洪家原在信中呼籲民眾「不買票、不賣票」、「幽靈人口」及選舉賭盤等常見妨害選舉犯罪類型。信中強調，正常旅遊交流不受影響，但受人指示、委託或資助，以免費或顯不相當低價招攬選民前往中國或其他地區旅遊，並要求團員支持特定政黨或候選人，不論招攬或接受招待，都可能觸犯選罷法或反滲透法，招攬、出資者會觸犯投票行賄罪，最高可處十年有期徒刑。選民接受招待，並答應支持特定政黨或候選人，也是違法，如果是受境外滲透來源指示、委託或資助而犯罪，依反滲透法會加重刑責二分之一。選民允投特定政黨也違法台中市府民政局長吳世瑋表示，里長出遊、參訪或出國，不會要求告知市府，去中國也不會要求報備，相信他們清楚如果接受招待並影響投票意願，這是違法行為。北區賴旺里里長黃育嘉則說，未聽聞有里長或民代近期接受中國招待出遊，而且年底舉行里長選舉，里長忙著選舉，應該不會有人還出國旅遊，現在時間又敏感，應該不會有人這麼做。    ,https://news.ltn.com.tw/news/politics/paper/1765871
譴責試射飛彈難產 學者：中國影響力滲入PIF,政治,2026/08/09 05:30,出席「太平洋島國論壇」外長會議的各國外長7日在斐濟合影留念。（法新社）今年太平洋島國論壇（PIF）領袖峰會將於八月三十日至九月四日在友邦帛琉登場。成大政治系教授、國策研究院執行長王宏仁指出，PIF秘書長七日發言點出台灣的重要性，證明中國目前還沒有能力將「一中原則」變成PIF的集體規範，但PIF連中國飛彈試射這類影響南太平洋安全的問題，都無法形成共同立場，代表中國影響力已進入區域組織的議程設定權。王宏仁指出，能夠在中國持續施壓、且去年台灣未出席峰會的情況下，今年重新確定可以出席在帛琉舉行的領袖峰會相關活動，值得正面看待。至於瓦卡指出台灣在區域發展上的重要性，則證明中國目前還沒有能力把自己的「一中原則」完全變成PIF的集體規範。請繼續往下閱讀...不過，王也強調，PIF連中國飛彈試射這類影響南太平洋安全環境的問題，都無法形成共同立場，代表中國影響力已從經貿援助、外交承認，進一步進入區域組織的議程設定權。北京甚至不一定需要多數國家支持，只需要少數會員國阻止共識，就可以讓PIF在涉及中國的敏感安全議題上失去集體發聲能力。企圖挑戰台灣「發展夥伴」地位王宏仁也說，帛琉為我國友邦、且長期堅定挺台，今年能順利參加PIF很正常，不能以此直接推論未來與會都不會有問題。二〇二四年PIF公報提及台灣後，中國代表就曾公開抗議，之後相關公報一度被撤下，說明北京一直在挑戰台灣既有的「發展夥伴」地位。除了吉里巴斯與諾魯對七日的PIF外長會議聯合聲明意願不高，日前單方面宣布關閉我國駐館的巴布亞紐幾內亞也是PIF會員國之一。談及PIF親中會員國可能造成的變數，王認為，畢竟本次主辦國是帛琉，連中國都無法阻擋台灣以發展夥伴身分與會，巴紐的影響力有限，台灣今年與會受到影響的可能性較小。但王宏仁指出，未來峰會若移到與中國關係密切的會員國舉辦，北京施壓主辦國、要求降低台灣出席層級，甚至重新解釋發展夥伴制度等狀況都有可能發生，中國會持續嘗試阻撓台灣參與，直到台灣無法與會為止。    ,https://news.ltn.com.tw/news/politics/paper/1765874
中國海警船關AIS 跟監日本巡邏艦,政治,2026/08/09 05:30,"中國海警船列隊出現在澎湖西邊海域，進行「假避風、真灰色襲擾」。（漁民提供）為躲避白海豚颱風，許多船舶進入台灣海峽避險，其中五艘中國海警船航經澎湖西邊約四十浬處，其中一艘故意關閉AIS船舶辨識系統，且有三艘包圍監控到台灣海峽避風的日本巡邏艦。海委會副主委宋承恩分析，日本是常態的「機動防颱」，中國是假借颱風對台灣進行灰色襲擾。日本常態「機動防颱」海委會：中國灰色襲擾請繼續往下閱讀...澎湖漁民直擊，七日原有澎湖西邊四十浬有四艘中國海警船由北往南列隊航行，其中舷號一四〇一的中國海警船故意關閉AIS船舶辨識系統，隱匿行蹤；前天晚間約十點，日本海上保安廳巡邏艦「浦戶號」為躲避颱風進入台灣海峽後，中國海警船二三〇四也「全程跟監」，昨天共有三艘包圍監控「浦戶號」。對此現象，宋承恩表示，颱風來臨的時候，包括日本船艦等海上航行船隻，通常都會到台灣海域避風，稱為「機動防颱」，這是常態，海巡署在必要時會提供援助。但中國海警船故意關閉AIS船舶辨識系統，並跟監日本「浦戶號」，很明顯是假借躲避颱風名義，在台灣海域進行灰色襲擾。宋承恩指出，全程開啟AIS船舶辨識系統且保持溝通管道，是判斷外國船舶緊急避難的重要條件。台灣不容許任何船舶藉口避難，從事損害台灣主權、防衛或安全的任何行為，也堅決反對藉口「執法」、「併航」或「跟監」，實際上卻否定台灣主權與管轄權的行為。    ",https://news.ltn.com.tw/news/politics/paper/1765872
父親節 彰縣長3選將都打溫情牌,政治,2026/08/09 05:30,彰化縣長參選人邱建富在父親節提出育兒政見。（邱建富提供）昨天父親節，彰化縣長選戰話題聚焦家庭與育兒，三位參選人民進黨陳素月、國民黨魏平政與無黨籍邱建富紛紛打出溫情牌與育兒政見，搶攻父母族群選票。陳素月︰完善托育、支持單親母兼父職的民進黨參選人陳素月，昨到溪湖果菜市場拜票、參加王功漁火節活動，還有彰化市競選總部辦父親節親子手作活動，與彰化市長參選人黃柏瑜一起切蛋糕；她承諾，未來當選將推動農業升級與冷鏈物流建設，確保農民的收入。請繼續往下閱讀...談到自己走過的單親歲月，陳素月說，正因為親身經歷過，才更知道家庭需要的不是一句加油，而是實際的支持。她提出，未來將推動更完善的托育政策與單親支持系統，讓政府成為每位家長堅實的後盾，打造幸福城市。魏平政秀女兒祝福 強調懂年輕人魏平政則分享女兒拍攝的父親節短影音，宣傳王功漁火節；今年剛自大學畢業的女兒，不只是幫爸爸送祝福，更成了他投入選戰後的「最佳分身」，陪著他四處拜訪鄉親、一起跑行程。他也表明年輕人關心的議題，文創、科技、交通，他會用年輕人的創新來解決問題，替彰化升級找到新方向。邱建富︰生育補助 每胎20萬 邱建富選在父親節發表「育兒政見」，他拋出十二年國教營養午餐全面免費、生育補助每胎廿萬元、「童萌卡」延伸到〇到六歲且點數提高到一萬二千點，以及加碼友善托育補助每月一千元、擴大二歲專班及親子館服務量能，並活化校地打造青年社宅。國民黨彰化縣長參選人魏平政和女兒感情超好，女兒是他的最佳「分身」跟「代言人」。（魏平政提供）父親節，彰化縣長參選人陳素月前往溪湖果菜市場掃街拜票。（陳素月競總提供）    ,https://news.ltn.com.tw/news/politics/paper/1765938
漢光42DAY4》配備刺針、標槍 海陸精兵戰力爆表,政治,2026/08/09 05:30,漢光四十二號演習昨進入第四天，第三作戰區官兵在八里十三行公園旁冒雨演練野戰搶修雲豹甲車。（記者翁聿煌攝）為阻止中共兵力航渡搶灘，國軍漢光四十二號演習昨由海軍濱海作戰指揮部派遣光六快艇、M109突擊艇分別實施「備戰緊急出港」、「近岸防禦」操演，不僅聯手海巡八里艦「一艦帶四艇」；海陸精兵更首配人攜刺針、標槍飛彈及各型無人機，大秀「不對稱作戰」軍事肌肉。M109突擊艇 聯手海巡艦殲敵 因應漢光四十二號演習作戰進程邁入聯合反登陸、濱海打擊及灘岸戰鬥階段，海軍司令部昨實施「濱海打擊及近岸防禦」科目操演，以上月成編、首度投入實兵演練的「濱海作戰指揮部」為核心，派遣四艘光六飛彈快艇執行「備戰緊急出港」任務，並由日前加裝雄三超音速反艦飛彈、完成平戰轉換的海巡八里艦領軍出動，形成「一艦帶四艇」。請繼續往下閱讀...金防部操演 出動投彈無人機「近岸防禦」方面，海軍陸戰隊官兵分乘四艘M109突擊艇，配備人攜刺針防空飛彈、標槍反甲飛彈，分別擔負反水面、偵蒐、指揮及防空任務；同時搭配監偵型無人機、「中型自殺無人機」及「攻擊型無人機」，先後完成海上目標及模擬俯衝攻擊，展現偵打一體的水面快速反應能力。甫於七日晚間執行「策應作戰暨野戰防空實彈射擊」的陸軍金門防衛指揮部，昨晨也拂曉出擊，凌晨四點於金門海域執行「要域火殲」實彈射擊，並首度出動投彈式無人機，各式軍武編織交叉火網，阻殲登陸敵軍。漢光演習二十四小時不間斷操演，金防部也罕見八小時內兩度實彈射擊。金防部指出，此次實彈運用一〇五榴彈砲、標槍飛彈、六六火箭彈、投彈式無人機，編織綿密火網，掩護戰、甲車，遂行要域火殲及灘岸戰鬥。M60A3戰車、CM21甲車以實裝、實彈進入戰術位置，對登陸敵軍施予聯合火力打擊。三作戰區 陸射劍二守護桃機此外，第三作戰區昨在桃園地區實施整體短程防空演練，模擬敵軍企圖跨海登陸時，運用海、空軍及岸置傳統火力、多管火箭等，進行聯合攔截與反擊，操演由中山科學研究院研發的「陸射劍二」防空飛彈系統遂行接戰任務，守護桃園國際機場在內的沿海重要設施。金門防衛指揮部「漢光42號演習」拂曉出擊，執行要域火殲實彈射擊。圖為標槍反甲飛彈。（金防部提供）國軍漢光42號演習昨於桃園地區進行整體短程防空演練，出動中科院研發的「陸射劍二」防空飛彈系統，防護桃園沿海、桃園機場等重要設施。（記者鄭淑婷攝）漢光42號演習昨於桃子園海灘執行「濱海打擊及近岸防禦」課目，海軍陸戰隊派出四艘M109特戰突擊艇組成一個戰術單元，遠方白色艦艇為海巡八里艦。（記者叢昌瑾攝）海軍陸戰隊官兵搭乘M109突擊艇，配備人攜刺針防空飛彈、標槍反甲飛彈，擔負反水面、偵蒐、指揮及防空任務。（歐新社）    ,https://news.ltn.com.tw/news/politics/paper/1765947
今年總預算還在審 韓國瑜促藍白縮減保留案,政治,2026/08/09 05:30,今年度總預算案卡關長達三百四十六天，歷經立法院長韓國瑜兩輪協商，仍有約二百項提案保留，包含無人載具計畫及各部會多項預算遭大幅刪凍。（資料照）今年度總預算案卡關長達三百四十六天，歷經立法院長韓國瑜兩輪協商，仍有約二百項提案保留，包含無人載具計畫及各部會多項預算遭大幅刪凍。韓國瑜預計本週召集第三輪朝野黨團協商，力促提案再收斂；藍白喊話行政部門應主動溝通，民進黨團則預期最快十四日院會闖關三讀。綠營力拚14日院會闖關三讀儘管今年度總預算案仍在立法院協商，行政院已籌編完成明年度總預算案，預計廿日行政院將會正式拍板，八月底依法送立法院審議。據了解，韓國瑜近日私下向藍白黨團建議，今年僅剩四個月，部分經費已依去年編列數額支應，統刪或刪凍比例不宜過高。請繼續往下閱讀...攸關各地產業發展的行政院「無人載具統籌型計畫」，國民黨團原提案全數刪除，引發輿論反彈後，黨團書記長林沛祥低調提議持續溝通。國民黨不分區立委翁曉玲將大刀砍向行政院長卓榮泰薪水、行政院業務費；協商時韓國瑜提醒今年已過約三分之二，盼減列時一併思考，翁反嗆，「怎麼可以說因為已經先花掉了，所以一定要強迫這筆預算通過，沒有道理，本席堅持要保留！」另針對司法行政業務費遭減列五千萬元，司法院秘書長高金枝憂心六廳八處業務恐難推動，法庭公播僅占該項費用的〇．五％，依法執行絕無剪接，若需改進應凍結而非減列整體業務費。民眾黨立委陳昭姿不領情，直指目前非真正法庭直播而是錄製剪輯，失去立法意義，堅持維持原減列數。藍白喊話行政部門主動溝通國民黨團首席副書記長許宇甄昨表示，韓國瑜預計本週召集第三輪協商，仍有進一步縮減保留案空間，關鍵在行政部門願不願意主動溝通，呼籲切勿隱瞞資訊、剛愎自用，或將政治攻防擺在政策溝通之前，盼儘速完成協商表決。民眾黨團總召陳清龍表示，會持續與行政單位溝通，要求說明預算用途與執行成效，為人民把關並盼儘速三讀。國民黨黨務人士指出，尊重黨團自主，相信黨團會嚴格監督、把錢花在刀口上；黨團也將提出符合期待的公投提案，並改革簡化公投流程以深化民主。民進黨團書記長范雲透露，原規劃上週五表決，因預算刪砍比例過高，黨團不可能放棄遊說，預期最快本週五院會處理，但目前尚未接獲協商通知。台灣經濟民主連合智庫召集人賴中強指出，二〇〇七年總預算於當年六月十五日通過，本次拖至八月已創最惡劣紀錄，國民黨與韓國瑜嚴重失職。賴並批評，會計年度已過三分之二，新興計畫僅剩三分之一時間執行；監院預算遭大刪將使政治獻金與財產申報業務停擺。    ,https://news.ltn.com.tw/news/politics/paper/1765949
《昔被批擋疫苗 今慈濟BNT詐騙案曝光還清白》陳時中4年前未竟政見 沈伯洋延續,政治,2026/08/09 05:30,民進黨籍台北市長參選人沈伯洋（右一）昨到大安區成功市場掃街，受到民眾熱情歡迎。（記者王藝菘攝）慈濟在二〇二一年疫情期間買BNT疫苗被詐騙案曝光，還當時被批擋疫苗的衛福部長陳時中清白。民進黨籍台北市長參選人沈伯洋表示，準備參選第一時間就是拜會陳時中，陳希望他延續政見，也提醒他注意選戰的抹黑與造謠。而當時批評陳時中的台北市長蔣萬安在詐騙案曝光後稱「當時政府買夠疫苗，民間就不用採購」，財信傳媒董事長謝金河批評有失公允，顛倒黑白，令人痛心。蔣萬安昨回應說，有些人要洗人民的記憶，記憶是不會被洗掉的。沈：決定參選後 首站就是請益陳時中沈伯洋昨天行程滿檔，一早先到大安區成功市場掃街，下午同台議員王孝維舉辦「啡你不可，攜手沈伯洋沖出幸福」活動，接著趕場至木柵忠順廟，與議員王閔生進行地方座談會；晚間原要到寧夏夜市掃街，考慮颱風影響而取消。請繼續往下閱讀...陳提醒沈「對手同一人」 防政策被抹黑曾擔任陳時中競選台北市長總幹事、現任沈伯洋競選總幹事的立委吳思瑤，七日晚間在臉書貼文指出，陳時中是沈伯洋請益市政的第一位對象，他以過來人身分叮嚀，政見雖不如政治攻防吸睛，但參選市長就要負責任提出城市願景；還特別提醒對手團隊勢必會無所不用其極進行抹黑攻擊，全力慎防外，更不要忘記參選的初心，不要因為選舉讓自己變得猙獰了，那就跟對手一樣了。蔣萬安稱政府買夠疫苗 民間就不用採購沈伯洋昨受訪呼應吳思瑤的說法表示，陳時中很遺憾二〇二二年提出許多對台北市民有助益、希望改變台北的政策，最後沒有做到，希望他能幫忙延續；並語重心長提醒他慎防造謠，當時常碰到早上公布政策，下午就被造謠，結果新聞焦點都在造謠上，完全沒辦法讓市民知道政策能帶來什麼協助。沈伯洋有感而發說，二〇二二年他在國際智庫寫過「陳時中怎樣被攻擊」的報告，鉅細靡遺整理過程，希望未來不要遇到一樣的事情，「畢竟對手還是同一人」。謝金河批蔣萬安顛倒黑白 令人痛心而蔣萬安在詐騙案爆發後第一時間稱「當時政府買夠疫苗，民間就不用採購」，謝金河認為說法有失公允，顛倒黑白，令人痛心。蔣萬安昨回應說，有些人要洗人民的記憶，記憶是不會被洗掉的；尤其是政府當時阻擋疫苗、為特定疫苗業者講話，人民搶打疫苗搶不到的慘痛經過，包括三加十一、當時說萬華是破口這些慘痛的記憶，人民是不會忘記的。    ,https://news.ltn.com.tw/news/politics/paper/1765944
星期專論》為什麼日本要加強沖繩的陸上自衛隊？,政治,2026/08/09 05:30,日本自衛隊在沖繩入砂島演練。（路透檔案照）◎松田康博日本正持續強化沖繩的自衛隊戰力。駐紮沖繩的陸上自衛隊第十五旅，將於明年三月升格為第十五師。沖繩在第二次世界大戰期間經歷了慘烈的地面戰，戰後又被美國佔領約廿七年。即使一九七二年五月回歸日本後，沖繩依舊承受著美軍基地帶來的沈重負擔。而也因為美軍長年駐留，沖繩的自衛隊部署相對薄弱。請繼續往下閱讀...另一方面，陸上自衛隊近年一直推動部隊瘦身，將全國原有的師改編為旅，以提高機動性。然而，沖繩卻反其道而行，決定將旅升格為師，進一步強化戰力。沖繩一直是台灣民眾喜愛的海外旅遊地點，這座充滿和平、悠閒氛圍的島嶼，究竟正在發生什麼變化？沖繩的地緣戰略重要性冷戰結束後，沖繩的美軍基地規模原本將進行縮減。一九九五年美軍士兵性侵少女事件，促成了美軍普天間基地歸還日本的決定，這是一個重大的轉捩點，減輕沖繩縣的基地負擔也因此成為既定政策。然而，自二〇一〇年代起，情勢卻出現重大變化。日本政府決定，在沖繩縣內興建基地，作為普天間基地返還後的替代設施，供海軍陸戰隊使用。主要原因是中國在尖閣諸島（釣魚台列嶼）周邊活動日益頻繁，行動模式發生重大變化。為此，日本同時面對減輕沖繩負擔與威脅日益顯現兩項相互矛盾的課題。而且，進入二〇二〇年代後，中國對台動武的可能性進一步升高。中國對台作戰構想中，包括阻止美軍接近台灣，這代表著日本境內的美軍基地及自衛隊基地，都可能成為攻擊目標。沖繩正位於這場衝突的最前線。那麼，為什麼要強化的不是航空自衛隊或海上自衛隊，而是陸上自衛隊的戰力？原因在於，沖繩與台灣一樣，都暴露在中國大量短程彈道飛彈的威脅之下。機動性的防空與反艦飛彈為何重要有興趣的讀者可以透過地圖軟體，查看航空自衛隊那霸基地的衛星照片。基地內的兩條跑道只有一條聯絡道相連，而且連保護戰鬥機的掩體都沒有。日本政府曾提出平時將自衛隊戰機分散部署至民間機場的政策，但遭到沖繩縣反對，因此一直未能實施。一旦戰事爆發，基地內停放的戰機，很可能只需幾枚彈道飛彈就會被全數摧毀。因此，在彈道飛彈威脅下，單純增加沖繩的航空自衛隊戰力並沒有太大意義。至於海上自衛隊，一旦戰爭逼近，艦艇便會提前出海避險；如果沖繩的海自基地遭到攻擊，艦艇在短時間內也不會返回。因此，即使增強沖繩的海上自衛隊，同樣無法有效提升戰力。戰時真正重要的是，即使面臨彈道飛彈威脅，仍可生存並持續作戰的陸上自衛隊，能夠堅守在沖繩戰區內。如果這支部隊同時具備強大的飛彈防禦能力與反艦飛彈，即使暫時遭受彈道飛彈攻擊，之後仍可持續執行防空及反艦作戰。隨著旅升格為師，沖繩的陸自部隊規模將由約二三〇〇人增至約三九〇〇人，並新增電子戰部隊及防空電子戰部隊，大幅提升機動能力、飛彈防禦能力及反艦飛彈戰力。不過，沖繩土地狹小，即使部隊具備高度機動性，活動範圍仍然有限。為了彌補這項弱點，自衛隊已在熊本部署遠距防區外（Stand-off）飛彈，未來也計畫在靜岡部署射程更遠的飛彈。國家安全需要付出成本即使如此，強化沖繩部隊仍然十分重要。如果讓中國認為沖繩防禦薄弱，能夠輕易殲滅，甚至必要時佔領部分離島，就可能產生危險的戰略誤判。要達到嚇阻效果，日本必須向中國展現守護沖繩的決心，因此強化陸上自衛隊勢在必行。然而，具有濃厚和平主義色彩的沖繩社會，反對擴編自衛隊的聲音相當強烈。事實上，沖繩民眾對中國的親近感，比日本全國平均還低。但即使如此，當地仍可聽到「政府刻意製造緊張」、「與其擴軍，不如優先推動對中外交」等意見。因此，沖繩的再武裝必須付出政治代價。執政黨若推動這類不受歡迎的政策，可能會在沖繩的選舉中處於不利地位。儘管如此，日本政府仍然認為，為了維護國家安全，該做的事情就必須去做，因為這正是政府應盡的責任。（作者松田康博為日本東京大學東洋文化研究所教授；駐日特派員林翠儀譯）◎松田康博    ,https://news.ltn.com.tw/news/politics/paper/1765875
温世政配唱 《咱兜．南投》競選歌上線,政治,2026/08/09 05:30,昨天是父親節，民進黨南投縣長參選人温世政的競選主題曲《咱兜．南投》，選在這天上線，而身為父親的他也馬不停蹄地展開拜票，一早就與「南投隊」的夥伴掃南投市場，不少買菜的民眾認出他是「回來選縣長的醫師」，另也有人看到新聞報導，得知温世政是台灣首批AZ疫苗的牽線者，也都當面跟他致謝。首批AZ疫苗牽線者 民眾致謝温世政的競選主題曲《咱兜．南投》昨日上線發表，温世政表示，這首競選主題曲，由金曲獎最佳作詞人武雄作詞，「咱兜」與「南投」台語發音相近，歌詞也展現他出外打拚廿年多後，回家與南投的鄉親一起為南投打造新氣象的決心。而為了這首歌，也第一次到錄音室配唱。請繼續往下閱讀...温世政說，昨日上午與參選南投市長的沈夙崢、參選縣議員的吳棋楠等人會合，再一起掃市場，很感謝對南投熟稔的名間鄉長陳翰立也趕來陪同，氣氛輕鬆歡樂，不少買菜市民認出他，稱他是「回來選縣長的醫師」，另也有人看到新聞報導，得知他是台灣購買首批AZ疫苗的牽線者，也都當面跟他致謝，感謝他與防疫團隊守護台灣。温世政也說，陳時中政委看到新聞報導後，也打電話跟他致意，感謝他忍到現在才說出當年買疫苗的秘辛。    ,https://news.ltn.com.tw/news/politics/paper/1765937
好人難做！藍營轟陳時中擋慈濟買疫苗  林智群拋反詐騙圖嘆：事後推得一乾二淨,政治,2026/08/08 22:26,林智群用AI圖比喻慈濟遭詐事件。（擷取自林智群律師）慈濟疫情期間採購BNT疫苗遭詐10.6億元，2021年時任衛福部長的陳時中曾多次勸告小心國際掮客，卻遭當時藍營質疑是擋疫苗。對此，律師林智群拋出銀行反詐騙AI製圖，儘管畫面中陳時中不斷阻止慈濟切勿相信掮客詐騙，但蔣萬安及柯文哲還是不斷慫恿，事情發生後，就推得一乾二淨，掀起網友討論。林智群今天在臉書發出一張AI製圖，照片中陳時中是銀行行員，努力勸阻慈濟要小心詐騙，切勿相信疫苗掮客，不過蔣萬安卻在慈濟旁邊說「我相信慈濟不相信你」，柯文哲更在一旁附和「你以為慈濟是傻子嗎？」林智群感嘆，好人難做，提出警告的被當成壞人，旁邊閒言閒語慫恿的，事情發生後都推得一乾二淨。請繼續往下閱讀...貼文曝光後，網友紛紛表示，「旁邊的都是詐騙集團的同黨」、「那些造謠的藍白必有報應」、「所以台灣才是詐騙王國」、「推卸責任是藍白拖最擅長的強項」、「柯文哲氣的是怎麼被別人賺走了」、「這一幕天天在銀行上演」、「結果證明慈濟真的是傻子」。    ,https://news.ltn.com.tw/news/politics/breakingnews/5533318
板橋江子翠潮和社96週年 李四川：傳承發揚新北在地北管文化,政治,2026/08/08 22:25,國民黨新北市長參選人李四川出席板橋江子翠潮和社《王爺公會》暨96週年社慶。（李四川競辦提供）國民黨新北市長參選人李四川今晚（8日）出席板橋江子翠潮和社《王爺公會》暨96週年社慶，恭祝西秦王爺聖誕千秋。他說，潮和社創立將近百年，致力傳承北管音樂藝術，未來擔任市長將攜手民間力量，共同守護及發揚新北在地北管文化，讓豐富文史代代相傳，被更多人看見。潮和社成立於1930年，由林稼田先生號召江子翠地方子弟組成，創社至今已有96年歷史，除了參與傳統廟會活動，也積極從事藝文推廣，2002年曾受邀遠赴義大利演出，將北管音樂推向世界舞台，2010年經台北縣（現為新北市）政府公告認定為傳統表演藝術「北管音樂」保存者，為新北在地重要無形文化資產。請繼續往下閱讀...李四川來到潮和社，受到社長曾文振、顧問廖年吉及社員、在地鄉親熱烈歡迎，李四川逐一向與會人員握手致意。新北市議員曾煥嘉、林國春及議員參選人鄧凱勛也一同出席共襄盛舉。    ,https://news.ltn.com.tw/news/politics/breakingnews/5533315
兆基屋管前董座涉侵佔數億元 內政部：確保包租代管服務不中斷,政治,2026/08/08 22:09,包租代管案件各縣市聯絡窗口。（內政部提供）國內包租代管龍頭「兆基屋管」前董事長李建成，涉嫌透過趙姬、寄居蟹公司，侵佔7億元投資款，近期遭檢調搜索，影響全台近3萬戶的社宅包租代管業務。對此，內政部今（8）日表示，政府將確保服務房東、房客權益不受影響，督促業者積極履約或後續契約轉讓，如涉有違反契約或法令規定，將依法追究。內政部指出，目前業者包租代管業務維持正常運作，另在8月6日與各縣市政府召開會議瞭解，尚無接獲民眾相關陳情。國家住都中心及各地方政府將密切掌握業者案件執行情形，並依契約及相關規定督導業者履行責任。內政部亦已建立國家住都中心及各地方政府專案聯絡窗口，統一受理房東房客相關諮詢及協助。請繼續往下閱讀...內政部表示，針對業者經營爭議，社宅包租代管房東房客如有疑慮有解約或換約需要，已責成國土署、國家住都中心洽六都租服業公會預為規劃後續相關轉銜機制，確保包租代管服務不中斷，房東房客權益不受損。內政部最後強調，已要求國家住都中心全力協助檢調機關調查涉案業者，同時如經查有違反契約或相關法令規定情事，將追究業者法律責任。    ,https://news.ltn.com.tw/news/politics/breakingnews/5533333
出席新北原住民族歲時祭儀 李四川重申「四大原力政見」,政治,2026/08/08 22:00,國民黨新北市長參選人李四川出席新北市原住民族歲時祭儀活動。（李四川競辦提供）國民黨新北市長參選人李四川今天（8日）出席新北市原住民族歲時祭儀活動，許多族人熱情高喊「四川、四川！」更有族人直呼「只有川哥，沒有別人！」李四川致詞時重申四大原力政見，獲得族人大力讚賞。李四川到新北原力廣場與原住民族人朋友互動交流，參觀祖靈屋及觀賞模型，深入了解原民文化。許多族人看到李四川到來，興奮高喊「市長好！」熱情邀約合影，平地原住民族議員楊春妹、議員參選人吳國譽、何應明也一同出席。請繼續往下閱讀...李四川說，當選後將落實四大原力政見，包括加速興建原住民族專屬社宅，強化原民租屋與居住支持；設置新北原住民族文化園區、升級原力廣場功能，打造北台灣最具規模的原民文化基地及傳承核心據點；成立原住民青年團、設置原住民青創基地，協助原民青年創業及發展；持續提高全原運獎金、個人冠軍獎金提升至18萬元，並設置原住民傳統運動站，打造全民參與的原民運動環境，獲得現場眾多原住民族人熱烈回響及好評。李四川說，「原民好，新北就好；原力強，新北更強！」將全力以赴作為原住民族人最堅強的後盾，傳承發揚原民文化，並讓每一位族人在新北安居樂業，打造新北成為全台最友善、最重視原住民族權益的城市。國民黨新北市長參選人李四川出席新北市原住民族歲時祭儀活動。（李四川競辦提供）    ,https://news.ltn.com.tw/news/politics/breakingnews/5533314
陳其邁打造親子樂園 賴瑞隆：下一步力推探索教育,政治,2026/08/08 21:07,民進黨高雄市長參選人賴瑞隆表示，將接續市長陳其邁打造親子友善樂園，力推探索教育。（記者李惠洲攝）民進黨高雄市長參選人賴瑞隆今出席高雄親子遊樂園區開幕典禮，在充分感受市長陳其邁打造的親子友善空間後指出，將努力推動「沈浸式遊戲探索教育」理念，鼓勵孩子從遊戲中學習、在探索中成長。賴瑞隆表示，他長期關注高雄機廠遷移及舊址活化，並與隊友攜手協助爭取135億元經費，2022年機廠遷移後，透過中央、地方合作，不僅保存珍貴鐵道記憶，更賦予舊場域新的生命，讓下一代的笑聲在此迴盪。請繼續往下閱讀...他說，市長陳其邁持續打造親子友善城市，也以「城市各個角落都能成為遊戲場」為理念，讓更多公共空間回歸兒童視角，下一步他更要讓城市成為孩子們的探索教室。賴瑞隆說明，遊戲是孩子們認識世界的重要方式，未來將推動「玩中學、做中學」，把繪本、桌遊、STEAM實作、AI互動及戶外探索等多元方式融入學習，並在校園建立更多探索空間；同時串聯科工館、圖書館、產業場域及在地體驗，讓學習從課桌延伸到整座城市。希望孩子們在遊戲中發現興趣、在探索中找到天賦，培養語言表達、創造力、合作力及解決問題能力，鼓勵小朋友敢玩、敢問、敢試，也會更有勇氣去追逐自己的夢想。適逢父親節，賴瑞也分享每位父職者都是在陪伴中學習、在學習中成長，也在過程中慢慢學會當爸爸；未來他會持續以最謙卑的態度傾聽、不斷精進，打造高雄成為最友善的城市，及孩子安心成長、自在探索的學習空間。民進黨高雄市長參選人賴瑞隆今出席高雄親子遊樂園區開幕典禮。（賴瑞隆團隊提供）    ,https://news.ltn.com.tw/news/politics/breakingnews/5533115
藍白強推公投印同張票 莊瑞雄：行政部門必須評估救濟機制,政治,2026/08/08 20:37,民進黨團幹事長莊瑞雄。（資料照）國民黨團提案修「公投法」，主張將多項公投案印同張選票，立法院會決議逕付二讀，民進黨團昨提復議案也被藍白否決。民進黨團幹事長莊瑞雄今（8）日表示，若藍白最後仍強行通過三讀，行政部門將檢視是否窒礙難行或違憲疑義。包括覆議、憲法救濟等憲政機制，都可依法審慎評估。面對藍白分別提案將公投案印在同一張選票上，中選會主委游盈隆多次表達強烈反對，除表示製造的問題比解決的多更多，更稱制度移植如器官移植般複雜，若倉促立法，恐對選務與民主造成無法補救的衝擊。請繼續往下閱讀...莊瑞雄表示，民主制度最重要的，不是誰現在票多，而是大家都願意遵守一套公平、穩定、可預期的規則。他指出，公投制度當然可以檢討、可以改革，但最忌諱的就是選舉快到了，才突然改遊戲規則。今天誰掌握國會多數，就把制度改成對自己選舉動員最方便的樣子，這不是制度改革，而是在傷害制度的公信力。莊瑞雄提醒國民黨，現在主張把多項公投塞在同一張選票上，這絕對不只是「少印幾張紙」的問題，而是牽涉選票辨識、投票動線、開票作業、廢票認定，甚至不同公投案彼此之間會不會產生干擾。中選會主委已經一再提出專業警告，國會應該好好審、好好聽，而不是一句「逕付二讀」，靠人數多就一路輾過去。莊瑞雄說，公投是人民直接行使政治權利的重要制度，規則要改，更應該審慎、透明，經過充分的社會討論。多數可以決定表決結果，但不能因為自己是多數，就連民主的遊戲規則都說改就改。莊瑞雄強調，民進黨團提出復議，就是希望把法案拉回正常、完整的審議程序，很遺憾最後仍遭藍白以人數否決。接下來進入二、三讀程序，他們仍會要求把中選會的專業意見、實際執行困難以及可能造成的選務風險，一項一項向社會講清楚。莊瑞雄也提出，如果最後藍白仍然挾人數強行三讀，行政部門當然必須依照最後通過的條文，全面檢視有沒有窒礙難行或違憲疑義。包括覆議、憲法救濟等憲政機制，都可以依法審慎評估。選舉可以競爭，制度不能量身訂做；多數可以表決，不能把程序正義也一起表決掉。    ,https://news.ltn.com.tw/news/politics/breakingnews/5533289
打造高齡安居新北 蘇巧慧：入住住宿式長照機構補助調升到每年24萬,政治,2026/08/08 20:10,民進黨立委、新北市長參選人蘇巧慧出席高齡健康產業博覽會，體驗現場展出的智慧科技與輔具器材，聆聽智慧照顧如何導入醫療第一線。（蘇巧慧競辦提供）民進黨立委、新北市長參選人蘇巧慧今（8）日出席高齡健康產業博覽會，體驗現場展出的智慧科技與輔具器材，聆聽智慧照顧如何導入醫療第一線。她說，新北市是全國高齡長者最多的城市，老年人口佔20％，偏鄉移動、就醫不易，若擔任市長，將致力發展高齡健康產業，除了落實「六大福利政見」與「三大家庭照顧政見」，她也會擴充偏遠地區長照量能，將入住住宿式長照機構補助由每年18萬元調升至每年24萬元。蘇巧慧指出，她年初已提出「六大福利政見」與「三大家庭照顧政見」，其中針對銀髮族群，她將推動長輩最高5萬元假牙補助、敬老卡升級，也會導入AI科技，推動獨居照顧與失智篩檢智慧化，並打破出院照顧的空窗期，讓居家服務和輔具「一次到位」。請繼續往下閱讀...蘇巧慧說，政府有責任透過新觀念、新技術，讓城鄉長輩活得健康快樂、延緩老化，博覽會現場有許多展位，經濟部以智慧創新輔具改善長者行動不便，農業部透過「綠色照顧」與「食農教育」打造高齡友善的照顧環境，民間企業則透過智慧急救裝備、行動輔具、AI跌倒偵測系統，將智慧科技落實於生活照護，未來若她擔任市長，會善用這些新技術，讓新北長輩享受更完善的醫療照護品質，同時創造在地就業機會。蘇巧慧補充，若她擔任市長，將從高齡者的需求角度出發，結合政府與各界力量展高齡健康產業，強化高齡族群生活支持與照護品質，也帶動台灣生醫及健康產業發展，讓長輩在新北安居。    ,https://news.ltn.com.tw/news/politics/breakingnews/5533263
原民博物館被遷址 蘇巧慧竟答有美術館 李競辦：不尊重原住民,政治,2026/08/08 20:05,李四川競辦發言人吳亮賢批評民進黨新北市長參選人蘇巧慧不尊重原住民。（李四川競辦提供）新北市藍營質疑原定在新北市三鶯地區設立的國立原住民族博物館，在民進黨政府上任後遭拔除並改址高雄，民進黨新北市長參選人蘇巧慧8日回應表示「現在有新北美術館」，李四川競選辦公室發言人吳亮賢批評，蘇巧慧身為該地立委，又不斷高喊自己是「原民媳婦」，結果對原民權益及在地建設遭剝奪，其回應竟是如此敷衍隨便，甚至「問A答Z」，宛如古代昏君「何不食肉糜」的傲慢，蘇巧慧難道把自己當新北晉「慧」帝？吳亮賢指出，2015年中央政府已宣布在三鶯地區設立國立原住民族博物館，結果民進黨政府上任後，2017年立刻宣布改址高雄，「無論是當時或是現在，該地的立委都是蘇巧慧」，結果蘇巧慧只發了一篇新聞稿說「活像鬧劇」，再也沒有任何具體作為，放任新北原住民族人及三鶯市民期待已久的重大建設，硬生生被民進黨政府蠻橫剝奪。請繼續往下閱讀...吳亮賢表示，蘇巧慧8日受訪時，被問及原博館從新北被改址高雄一事，蘇巧慧竟回答「現在有新北美術館」、「現在有非常好的規劃」，不禁想問蘇巧慧，「你要不要聽聽自己在說什麼？」當各界關心新北原民權益，蘇巧慧的回應連原住民三個字都不願意提，況且新北市立美術館是在市長朱立倫執政時開工、侯友宜接棒完工，蘇巧慧根本亂答又亂蹭，請蘇巧慧好好向新北原民族人及三鶯市民說清楚，「為何原本位於新北的國立原博館被民進黨拔除？身為當地立委的妳做了些什麼？」吳亮賢指出，當在野黨推動提高原住民族禁伐補償時，自稱原民媳婦的蘇巧慧，卻在立法院跟著民進黨投下反對票，阻擋原民應有的權益，從原博館到禁伐補償，暴露出蘇巧慧對新北原住民族人權益的漠視與不尊重。    ,https://news.ltn.com.tw/news/politics/breakingnews/5533270
不爽「台青e家」被封！國台辦大罵民進黨 梁文傑回一句酸爆,政治,2026/08/08 19:45,"陸委會發言人梁文傑。（記者陳鈺馥攝）中國國台辦推出「台青e家」平台，整合赴中就業、實習、升學等資訊，吸引台灣年輕人登錄求職資料，網站更出現共青團職缺。陸委會發言人梁文傑昨天說，「台青e家」違反兩岸條例，已經封鎖。國台辦則痛批民進黨罔顧台灣青年要交流、要發展的願望和需求，「難道給台灣青年多一個機會就叫『統戰』？」對此，梁文傑回應：「建議對岸多費心降低自己的青年失業率，不用擔心台灣。」一句話酸度爆表。國台辦發言人陳斌華昨天在記者會中，被問及民進黨封鎖「台青e家」平台議題。他回應，「台青e家」是面向台灣青年的公益性綜合服務平台，旨在回應台灣青年赴陸交流發展的需求。他指控，民進黨當局以個資外洩、拉攏統戰為藉口封鎖網站，完全是「台獨」話術，甚至放話稱「下指令屏蔽網址、鎖住網頁，但鎖不住台灣青年尋機遇、求發展的心」。請繼續往下閱讀...陳斌華還大罵民進黨「倒行逆施」，顯見「台青e家」戳中民進黨痛點。最後他說，始終秉持兩岸一家親理念，歡迎台灣青年積極使用該平台「感受家的溫暖」。面對國台辦的大動作反彈，梁文傑昨晚在社群平台發文，貼出國台辦的聲明截圖，簡短有力地寫下：「我們的回覆，台灣政府依法封鎖違法網站，建議對岸多費心降低自己的青年失業率，不用擔心台灣。」     在 Threads 查看    ",https://news.ltn.com.tw/news/politics/breakingnews/5533171
出席原民歲時祭儀活動 蘇巧慧重申原民政見顧生活、文化、制度,政治,2026/08/08 18:47,民進黨立委、新北市長參選人蘇巧慧（中）今（8）日赴新北市三峽區出席新北市原住民族歲時祭儀活動。（記者黃子暘攝）民進黨立委、新北市長參選人蘇巧慧今（8）日赴新北市三峽區出席新北市原住民族歲時祭儀活動。蘇巧慧說，這是原住民朋友傳承文化的重要活動，她上個月才剛剛回台東家鄉，部落的生活要如何在都市保存？這有賴頭目與相關單位的力量，在都市裡面推廣傳統文化，讓新一代也能夠了解傳統，進而發揚、傳承，未來她也會持續努力，因此，若她有機會可以使用新北市府的力量，她將從生活、文化、制度三個面向「預算加倍、照顧加倍」，讓族人的生活照顧更完善。蘇巧慧舉例，比如族人需要租屋，她將規劃租金補貼；文化傳承的部分，族人返鄉參加歲時祭儀時，她將推動包車等運輸補貼；她希望從種種小地方照顧族人，讓族人覺得即使在新北市生活，也和家鄉沒有斷裂、文化可以繼續傳承，她想，這是身為族人最想做到的事情。請繼續往下閱讀...此外，適逢父親節，蘇巧慧說，她用勤跑行程、跟鄉親見面的方式度過父親節，因為行程滿檔，所以對她的父親、她孩子的父親，僅能互相簡單地互相問候、加油，不過，「彼此認真工作、對待自己的事務，都是用最認真的態度，就是對彼此最好的祝福」。蘇巧慧強調，她在社群上透過政績向大家祝福父親節快樂，她想要從育兒、托育一直到長照，照顧準爸爸、孩子的爸爸、爸爸的爸爸，也希望成為「神隊友」，讓每個世代的爸爸都覺得受到支持。    ,https://news.ltn.com.tw/news/politics/breakingnews/5533211
徐巧芯提陳柏惟反踢到大鐵板！林智群PO這張合照再補一刀,政治,2026/08/08 18:46,立委徐巧芯。（資料照）慈濟委託律師陳昱瑄購買BNT疫苗，遭詐10.6億引發社會關注。國民黨立委徐巧芯在臉書發文貼出陳柏惟與陳昱瑄合照，結果反被陳柏惟PO出她擁抱「內線交易案犯人」立委傅崐萁的照片，超狂回擊笑翻網友。對此，律師林智群也在臉書發文，貼出她與中天記者「馬德」林宸佑合照說：「原來合照代表必然有勾結。」林智群今天在臉書發文寫道，徐巧芯為了把詐騙慈濟的陳昱瑄律師跟民進黨連連看，點名陳律師過去曾與時任台中市長林佳龍及前立委陳柏惟有所互動，並提出兩個人合照。他也在貼文中附上被依違反《反滲透法》、《貪污治罪條例》等罪嫌提起公訴的記者林宸佑過去與徐巧芯的合照，狠酸：「原來合照代表必然有勾結。」請繼續往下閱讀...貼文下方，網友紛紛留言：「案情果然不單純」、「自己跟哪些牛鬼蛇神合照過，還要別人告訴她」、「臉腫腫的」、「最喜歡玩連連看」、「跟共諜合照代表是？」徐巧芯昨天在臉書貼出陳柏惟與陳昱瑄的合照，以及陳時中與陳昱瑄迎接疫苗的照片，後續才更改內文，補充稱：「這些人或許那時候並不是知道這個律師做了這些事，所以真正要追溯的是律師的行為，而不是人民要跟陳時中道歉，混淆大家的記憶。」沒想到，陳柏惟直接發文PO出她哭倒在傅崐萁懷中的照片嗆爆：「徐巧芯主動與內線交易案犯人在已知的情況下合照。」不少網友留言直呼：「超兇」、「快笑死」。    ,https://news.ltn.com.tw/news/politics/breakingnews/5533059
太平洋島國論壇外長會議未譴責試射飛彈 學者：中國影響,政治,2026/08/08 18:39,出席「太平洋島國論壇」外長會議的各國外長，7日在斐濟合影留念。（法新社）2026太平洋島國論壇（PIF）領袖峰會將於8月30日至9月4日在友邦帛琉登場。成大政治系教授、國策研究院執行長王宏仁指出，PIF秘書長昨日發言點出台灣的重要性，證明中國目前還沒有能力把「一中原則」變成PIF的集體規範，但PIF連中國飛彈試射這類影響南太平洋安全的問題，都無法形成共同立場，代表中國影響力已進入區域組織的議程設定權。我國自1993年起以「台灣/中華民國（Taiwan/ Republic of China）」名稱，以「發展夥伴（Development Partner）」身分參與PIF相關機制與活動。在今年PIF峰會登場前夕，於本月7日的PIF外長會議中，傳出因吉里巴斯與諾魯意見不同，未能就聯合聲明譴責中國日前試射一枚可搭載核彈頭的飛彈達成共識。請繼續往下閱讀...王宏仁指出，能夠在中國持續施壓、且去年台灣未出席峰會的情況下，今年重新確定可以出席在帛琉舉行的領袖峰會相關活動，值得正面看待。至於太平洋島國論壇秘書長瓦卡（Baron Waqa）指出台灣在區域發展上的重要性，則證明中國目前還沒有能力把自己的「一中原則」完全變成PIF的集體規範。不過，王宏仁也指出，PIF連中國飛彈試射這類影響南太平洋安全環境的問題，都無法形成共同立場，代表中國影響力已從經貿援助、外交承認，進一步進入區域組織的議程設定權。北京甚至不一定需要多數國家支持，只需要少數會員國阻止共識，就可以讓PIF在涉及中國的敏感安全議題上失去集體發聲能力。王宏仁也說，帛琉為我國友邦、且長期堅定挺台，今年台灣能順利參加PIF很正常，不能以此直接推論未來與會都不會有問題。2024年PIF公報提到台灣後，中國代表就曾公開抗議，之後相關公報一度被撤下，說明北京一直在挑戰台灣既有的「發展夥伴」地位。除了吉里巴斯與諾魯對7日的PIF外長會議聯合聲明意願不高，日前單方面宣布關閉我國駐館的巴布亞紐幾內亞也是PIF會員國之一。針對PIF親中會員國可能造成的變數，王宏仁認為，畢竟本次主辦國是帛琉，連中國都無法阻擋台灣以發展夥伴身分與會，巴紐的影響力有限，台灣今年與會受到影響的可能性較小。王宏仁指出，未來峰會若移到與中國關係密切的會員國舉辦，北京施壓主辦國、要求降低台灣出席層級，甚至重新解釋發展夥伴制度等狀況都有可能發生，中國會持續嘗試阻撓台灣參與，直到台灣無法與會為止。    ,https://news.ltn.com.tw/news/politics/breakingnews/5533220
蘇巧慧出席原民歲時祭儀活動 新北藍營再批原民博物館改址高雄未發聲,政治,2026/08/08 18:34,民進黨立委、新北市長參選人蘇巧慧今（8）日出席新北市原住民族歲時祭儀活動。（記者黃子暘攝）民進黨立委、新北市長參選人蘇巧慧今（8）日出席新北市原住民族歲時祭儀活動，新北市議會國民黨團指出，蘇巧慧對原定在三峽、鶯歌地區設立的國立原住民族博物館，突遭民進黨政府拔除並改址高雄，沒有任何具體作為，又在立法院阻擋原住民族禁伐補償修法，一再侵害原民權益，蘇巧慧欠原民一個道歉。對此，蘇巧慧回應，過去她一直積極爭取原博館蓋在鶯歌，後來原民會決定選址在高雄，她也提出強烈抗議；至於禁伐補償，蘇巧慧指出，國民黨立委在總質詢時，都以她也支持禁伐補償金提高來說服行政院，立法院公報中都有記錄，不需要扭曲事實。請繼續往下閱讀...蘇巧慧表示，三鶯新生地上面現在有新北美術館，也保留大片綠色草地可以辦戶外活動，三鶯新生地現在有非常好的規劃，未來他們在這裡也會舉辦更多的活動，希望讓不只新北市民，甚至各地民眾都能夠來鶯歌、新北美術館、陶博館，她希望串接整個鶯歌，讓鶯歌文藝復興，一起打造最好的黃金城。國民黨團批評，2015年前總統馬英九政府宣布在三鶯地區設立原民博物館，未料民進黨政府2017年宣布改址高雄，引發廣大新北原住民族人不滿，當年前行政院長蘇貞昌與新北市長侯友宜競選新北市長時，侯友宜曾公開要求蘇貞昌先把原民博物館還給新北市民，對此蘇貞昌一句話都不敢說，三鶯是蘇巧慧的立委選區，她又頻頻自稱「原民媳婦」，豈料卻是對此放任漠視、無具體作為，是幫兇。國民黨團也說，對於在野黨立委推動修法提升原住民族禁伐補償，蘇巧慧在立法院投下反對票，侵害原住民權益，至今沒有道歉，只在有政績收割時才會出現，是「有政績，慧收割」、「有責任，慧切割」。    ,https://news.ltn.com.tw/news/politics/breakingnews/5533201
慈濟遭詐10.6億突發聲明  四叉貓揭重點：找律師幫討錢,政治,2026/08/08 17:43,慈濟基金會在疫情期間採購BNT疫苗，被律師陳昱瑄詐走10.6億元。（資料照）慈濟基金會在疫情期間採購BNT疫苗，被律師陳昱瑄詐走10.6億元，慈濟卻沒有報案引發爭議，慈濟昨（7日）委託律師發出3點聲明。對此，網紅四叉貓說，整篇聲明的重點在最後一段，意思是「將來10億記得還給慈濟，而且慈濟還會加碼討賠償」。慈濟委託律師表示：第一、對於檢警調單位積極認真偵辦此案，並且有效查扣相關犯罪所得，被害人慈濟基金會就此謹致上崇高之敬意與謝忱。請繼續往下閱讀...第二，聲明指出，由於本案業經檢察官提起公訴，未來在刑事審理程序中，本所律師將代理被害人慈濟基金會積極配合法院之審理，在法庭中陳述意見並主張權利。第三、本案經法官審理後，如法院認定被告等人確係成立犯罪並且有犯罪所得，本所律師除代當事人請求法院依法將犯罪所得發還給被害人外，並保留依法提出附帶民事訴訟請求賠償，暨採取一切必要法律措施，以捍衛慈濟基金會及社會捐款大眾之權益。對此，四叉貓在臉書發文指出，整篇聲明重點是最後一段，意思是「將來10億記得還給慈濟，而且慈濟還會加碼討賠償」，慈濟被詐騙五年懶得報案，這下突然積極起來找律師幫討錢了。貼文曝光後，網友紛紛表示，「善款被詐騙了，也東窗事發了，勢必得要回來」、「被騙10億，年度會計帳還可以做那麼天衣無縫，這才是真的神奇的地方」、「10億跟10元一樣」、「慈濟真的蠻奇怪的，完全不合常理」、「有錢到自己都忘記被騙10億」、「好詭異，這麼多年，這麼大金額被騙卻完全無聲無息」。    ,https://news.ltn.com.tw/news/politics/breakingnews/5533127
綠營資深前輩！前彰化市代蔡裕昌辭世 享壽71歲,政治,2026/08/08 17:39,前彰化市代蔡裕昌今天過世，令外界震驚。（翻攝蔡裕昌臉書）悲！上個月才過71歲生日的民進黨前彰化市民代表蔡裕昌，因罹患肺腺癌，今天（8日）清晨辭世，享壽71歲，令彰化政壇、親友震驚與不捨；蔡裕昌為民進黨資深基層政治人物，曾任16、17屆市代，也是民進黨第一批彰化縣黨員之一，長期深耕地方、參與民主運動與基層服務。蔡裕昌家屬今天在臉書表示，蔡裕昌在這段時間因身體不適就醫，後續確診為肺腺癌第四期，癌細胞已轉移至腦部、肝臟、淋巴及骨骼。病程發展得很快，從確診到離開的時間，比原先預期的還要短。感謝這段期間所有親朋好友對他的關心、問候與陪伴，也謝謝這一生中所有曾經與他相識、相處的朋友。目前靈堂設於彰化市大埔路安園追思會館。告別式日期為8月16日，家祭上午6時、公祭6時30分，地點在彰化殯儀館懷德廳，儀式圓滿後隨即發引南投集集火化，安奉於彰化市第二納骨塔。請繼續往下閱讀...蔡裕昌驟逝的消息傳出，不少其昔日老戰友都前往靈堂致意；彰化市公所前寺廟室主任盧建州說，今天是父親節，突聞蔡裕昌清晨過往，40年戰友又走一人了，令人不勝唏噓。另有民進黨員難過的說不捨老戰友，台灣他會繼續支持下去，代表的努力相信大家會記得。    ,https://news.ltn.com.tw/news/politics/breakingnews/5533168
魏平政9/6成立競總！蕭景田證實：邀王惠美接主委、劉和然白皮書召集人,政治,2026/08/08 17:23,今天王功漁火節祈福儀式，彰化縣長參選人陳素月（右7）、魏平政（右6）與彰化縣長王惠美（右4）同框，3人一起站在醒目第一排。（民眾提供）年底彰化縣長選戰升溫，國民黨彰化縣黨部主委蕭景田今（8日）證實，縣長參選人魏平政競選總部將於9月6日成立，也邀請彰化縣長王惠美擔任競選總部主任委員，先前曾獲王惠美力挺參選縣長的新北市副市長劉和然，答應接下魏平政政策白皮書召集人。蕭景田表示，他相信以王惠美的政治智慧，身為黨員必定會積極投入輔選。請繼續往下閱讀...魏平政目前面臨知名度與藍營地方整合的挑戰，黨內人士指出，王惠美被視為國民黨在彰化縣的「最大母雞」，魏平政又主打延續王惠美政績施政，若能獲得王惠美公開站台與背書，對凝聚藍營基本盤至關重要。為強化選戰布局，國民黨將於8月14日在彰化市，還有王惠美鹿港、福興的本命區，舉辦3場推薦同志介紹說明會，黨主席鄭麗文將第3度到彰化輔選魏平政，王惠美是否與鄭麗文同台，也被視為觀察藍營整合的重要指標。不過，黨內人士表示，今天縣府舉辦王功漁火節活動，魏平政穿上競選背心並披貴賓彩帶露面，還跟王惠美站在最前面，沒有被邊緣化，王惠美釋出善意，就算尚未正式答應接下競總主委，至少已願意歸隊，這是好兆頭。面對外界關注，魏平政表示，除了期待王惠美支持外，也希望當初爭取黨內提名的立委謝衣鳯，以及前副縣長洪榮章、柯呈枋等人，能共同投入輔選工作，凝聚黨內力量迎戰年底選舉。王惠美則坦言，已與魏平政見面交換意見，但未正面回應是否接任競總主委。    ,https://news.ltn.com.tw/news/politics/breakingnews/5533157
總預算卡關創憲政最惡劣紀錄 賴中強批藍白嚴重失職,政治,2026/08/08 17:10,台灣經濟民主連合智庫召集人賴中強表示，總預算至8月尚未通過，已打破歷史紀錄創下憲政史上最惡劣紀錄，藍白與立法院長韓國瑜嚴重失職。（記者塗建榮攝）115年度中央政府總預算案卡關逾140天，朝野二輪協商仍保留約200案未獲共識，立法院長韓國瑜預計下週確認要簽署協商結論，或召集第三輪協商。對此，台灣經濟民主連合智庫召集人賴中強今受訪表示，總預算至8月尚未通過，已打破歷史紀錄創下憲政史上最惡劣紀錄，指藍白與韓國瑜嚴重失職。他指出，會計年度已過三分之二，將嚴重壓縮新興計畫執行時間，並批預算遭刪將讓財產申報停擺、扼殺無人機產業。賴中強指出，過去台灣憲政史上，總預算審查拖延最久的紀錄是2007年的總預算拖延至2007年6月15日才通過。這次總預算到8月還沒有通過，打破過去歷史，創下憲政史上最惡劣的紀錄。今年總預算依法應在去年11月底前完成國會審查，中國國民黨與韓國瑜嚴重失職。請繼續往下閱讀...賴中強判斷，總預算審查通過的時間會落在8月。也就是說，會計年度已過了三分之二，總預算才通過。這意味著，政府今年的新興計畫只有三分之一的時間可執行，舊計畫金額超過去年的，也是一樣。另外，賴中強表示，監察院預算被大刪，會讓政治獻金申報及公職人員財產申報業務停擺。國民黨不讓行政院以特別預算採購無人機，也不通過年度預算中的無人機計畫，就是擺明要扼殺台灣的無人機產業。    ,https://news.ltn.com.tw/news/politics/breakingnews/5533125
鄭麗文堅稱「台灣非國家」 綠委狠嗆：國民黨2028別派人選總統,政治,2026/08/08 17:05,國民黨主席鄭麗文。（資料照）國民黨主席鄭麗文在節目上稱「台灣從未獨立過，也從來不是一個國家，民進黨說台灣已經獨立是胡說八道。」民進黨立委吳思瑤、林楚茵今（8）日紛紛喊話，如果鄭麗文不認同台灣是國家，那2028年總統大選，國民黨就不要派人參選。鄭麗文昨接受網路節目「政經關不了」專訪，主持人彭文正提及，「台灣的現況就是和平的獨立者」，但鄭麗文回應，「台灣從來沒有獨立過，台灣也從來不是一個國家」，她更稱，民進黨說台灣已經獨立是街頭混混的說法，根本就是胡說八道，也不敢發起台灣獨立公投。請繼續往下閱讀...民進黨立委吳思瑤表示，鄭麗文的說法，其實也不必太驚訝，從她在習鄭會上，讓「中華民國徹底被消失」的表現，鄭麗文確實不把台灣當成是主權獨立的國家。她嘲諷，「那好啊，請堅持下去，國民黨2028都不要派人參選總統」，盧秀燕、蔣萬安、韓國瑜包括鄭麗文自己，搶成一團鬥來鬥去，到底在幹嘛？林楚茵則表示，這是打臉馬英九，還是偷臭韓國瑜跟侯友宜總統未遂？前幾天，鄭麗文還在大談國民黨總統大選「人選不設限」，點名盧秀燕、韓國瑜、蔣萬安。既然覺得台灣不是國家，國民黨現在就可以直接宣布放棄參選2028總統大選，「鄭麗文講出心裏話，台灣連國家都不是，就不用選總統啦！習近平可以派個特首給你」。    ,https://news.ltn.com.tw/news/politics/breakingnews/5533120
林佳龍：熊本震災台灣捐款已逾2億 台日情誼深厚,政治,2026/08/08 17:01,外交部長林佳龍。（記者田裕華攝）外交部今天表示，外交部長林佳龍接見日本戰略研究論壇暨福和會訪問團時指出，0728熊本震災後，台灣社會持續關注災區重建，迄今累計捐款超過新台幣2億元，充分展現台灣對日本的深厚情誼。外交部發布新聞稿，林佳龍昨天接見日本戰略研究論壇暨福和會訪賓，包含前防衛大臣小野寺五典眾議員、自民黨總務會長有村治子參議員、前法務大臣山下貴司眾議員、眾議員大塚拓、眾議員鹿嶋祐介、日本戰略研究論壇（JFSS）副會長島田和久、福和會終身榮譽理事長林逸民國策顧問等。請繼續往下閱讀...林佳龍表示，熊本震災後，台灣社會持續關注災區重建，外交部立即設立捐款專戶，迄今累計捐款逾1萬5000筆，超過新台幣2億元，尚不含台積電等企業捐助，充分展現台灣對日本的深厚情誼。小野寺五典對此表示感謝。外交部說，日本戰略研究論壇及福和會長期關注印太區域情勢與緊急情勢應處，此次首度在台邀集日本國會議員與台日美專家進行政策模擬，充分展現各方對維護區域和平穩定的高度重視，將有助深化台日美夥伴合作及經驗交流，共同為印太區域和平穩定貢獻力量。    ,https://news.ltn.com.tw/news/politics/breakingnews/5533092
出席樹林父親節餐會 李四川：打造巨蛋城帶動溪南發展,政治,2026/08/08 16:27,國民黨新北市長參選人李四川出席樹林區父親節餐會。（李四川競辦提供）今天是8月8日父親節，國民黨新北市長參選人李四川出席「新北市樹林區老人會父親節餐會」，主辦單位樹林區老人會理事長謝文榮陪同李四川，帶領全場高喊「凍蒜」。李四川說，會以興建台北小巨蛋、完成台北大巨蛋的實際經驗，推動位於樹林的新北巨蛋城逐步落實，他已提出「大漢溪捷運縱貫線」政見，將雙軌並進帶動溪南地區整體發展。李四川承諾，擔任市長後將落實已提出的親子、育兒等政策，讓新北成為最友善的育兒城市。先前侯友宜市長已宣布新北大巨蛋落腳樹林，未來擔任市長，將以推動台北小巨蛋興建，以及台北市副市長任內協助解決台北大巨蛋卡關問題的成功經驗，發揮在新北大巨蛋身上，並結合新北市府任內的多項都市計畫推動實績，同步規劃周邊機能，加速推動新北巨蛋城，成為城市新亮點。請繼續往下閱讀...李四川說，他也已經提出「大漢溪捷運縱貫線」政見，未來擔任市長將同步推動，從台北市大稻埕出發，串聯三重、新北第二行政中心、新莊、塭仔圳、樹林巨蛋城及溪南地區，讓樹林在地鄉親生活更便利。李四川出席樹林父親節餐會，與在地鄉親熱情互動。（李四川競辦提供）    ,https://news.ltn.com.tw/news/politics/breakingnews/5533050
沈伯洋父親節教泡牛奶！蔡英文蕭美琴看完驚呼：怎能講這麼快,政治,2026/08/08 16:25,今天（8）日是父親節，民進黨台北市長參選人沈伯洋化身新手爸爸講座講師，向新手爸們仔細解說「如何泡牛奶」。（翻攝自沈伯洋IG，本報合成）今天（8）日是父親節，民進黨台北市長參選人沈伯洋化身新手爸爸講座講師，向新手爸們仔細解說「如何泡牛奶」，不過沈伯洋在拍攝過程中因講話速度過快，工作人員要求可否重新再講一次，接著出現副總總蕭美琴觀看時也摘下眼鏡直呼「怎麼有辦法講那麼快」，成為影片一大亮點。沈伯洋今日於社群平台發布泡牛奶影片，在影片中提醒，泡奶前應先用肥皂洗淨雙手並將奶瓶高溫殺菌，接著使用70度以上的溫熱水沖泡以達殺菌效果，若配方奶標示上有特殊說明的話，請新手爸爸多注意，同時指出要先加水再加奶粉，這樣才是一個完美比例，並以雙手左右搓動奶瓶，避免上下搖晃產生過多氣泡導致嬰兒不適，最後滴在手腕確認溫度，確保它溫而不燙，這樣小孩才能夠喝。請繼續往下閱讀...針對職場與家庭平衡的疑慮，沈伯洋在影片中說明，政府已延長婚假、產假及陪產假，育兒津貼上限再提高等，並在影片最後向全台灣的爸爸祝賀父親節快樂。前總統蔡英文看完影片後也在Threads發文表示，她跟蕭美琴的想法一樣，直呼「沈伯洋怎麼有辦法講這麼快」，並順勢說：「祝各位父親：父親節快樂！」消息曝光後，許多網友紛紛留言，有人說「居然有彩蛋」、「因為小麻糬的奶粉都是他泡的」、「最後的咪琴彩蛋笑死」、「以我的生活經驗來看，語速快的人思路都蠻快的，簡單說就是腦筋都蠻靈敏的」，還有網友笑說「原來撲馬有在教術科」。     在 Threads 查看        在 Instagram 查看這則貼文            沈伯洋（@pumashen）分享的貼文沈伯洋（@pumashen）分享的貼文    ,https://news.ltn.com.tw/news/politics/breakingnews/5532997
父親節也是「付清節」！母兼父職養大2子  陳素月曝最難在這裡,政治,2026/08/08 16:24,彰化縣長參選人陳素月（後排左2）今天趕場參加縣府舉辦王功漁火節活動，與縣長王惠美（後排左5）、立委謝衣鳯（後排右3）同框。（陳素月競總提供）今天父親節，也是網路流行語的「付清節」，這一天對民進黨彰化縣長參選人陳素月來說有不同意義，陳素月丈夫因車禍早逝後，她一肩扛起家庭，母兼父職把2個孩子拉拔長大。她說，對很多單親家庭的父母來說，真正難的是每天把柴米油鹽、孩子教育和生活開銷一一「付清」，讓孩子在正常環境中，健康快樂長大。陳素月今天行程滿檔，先到溪湖果菜市場掃街拜票。她說，自己也是一路從基層走來，深知父母為了家庭打拚的不容易，尤其農民「看天吃飯」，收入更不容易穩定，未來若選上縣長，將推動農業升級及冷鏈物流，幫農民提高農產品價值。請繼續往下閱讀...隨後她趕往王功漁火節活動，之後再從南彰化回到北彰化，在她和彰化市長參選人黃柏瑜聯合競選總部，與民眾一起過父親節，切蛋糕感受過節的氛圍，現場安排襪子娃娃DIY、親子繪畫及小丑氣球魔術，黃柏瑜也帶著他的兒子參加，場面和樂融融。談到自己走過的單親歲月，陳素月說，正因為親身經歷過，才更知道家庭需要的不是一句加油，而是實際的支持。她提出，未來將推動更完善的托育政策與單親支持系統，希望把這份對家人的愛擴大到全彰化，讓政府成為每位家長堅實的後盾，打造幸福城市。今天88父親節，彰化縣長參選人陳素月前往溪湖果菜市場掃街拜票。（陳素月競總提供）陳素月（左2）參加王功漁火節活動，與在地小農、農會互動交流。（陳素月競總提供）    ,https://news.ltn.com.tw/news/politics/breakingnews/5533069
日本海上保安廳「浦戶號」避颱風航向澎湖  遭中國海警船包圍監控,政治,2026/08/08 16:22,日本海上保安廳的巡邏艦「浦戶號」（URADO）接近澎湖35海浬避風，遭2艘中國海警船包圍。（民眾提供）刻正如火如荼舉行的漢光42號演習，不僅澎湖島上各種突發狀況演習，海上也熱鬧滾滾。5日5艘中國軍艦列隊通過七美西南24海浬，被澎湖漁民直擊，昨（7）日澎湖西邊40海浬，再現4艘中國海警船，晚間又有日本執法艇也來參一腳，今（8）日更推進至澎湖35海浬，並遭中國海警船上下監控。1艘隸屬日本海上保安廳的巡邏艦「浦戶」號（URADO），昨（7）日晚間10時許進入台灣海峽，為躲避白海豚颱風，引發中國海警船2304號「全程跟監」，從台中港外海沿西南向澎湖航行，澎湖海峽中線出現5艘中國海警船（澎湖漁民目擊4艘2504、2102、2301、1401，加上全程跟監日本執法艇的2304）和1艘日本執法艇，形勢詭異。請繼續往下閱讀...日本執法艇「浦戶」號，今日下午3時距離澎湖約35海浬，引發中國海警船包圍，分別是2301及2504，從航跡圖看採上下包圍之勢，將日本執法艇包夾在中間。中國海事局官網6日公告，颱風白海豚將影響台灣海峽及周邊海域，自6日晚間6時起，對經過台灣海峽南口北上船舶實施交通管制。針對中國藉口颱風，宣布對經台灣海峽南口北上船舶實施交通管制一事，陸委會表示，中國假借白海豚颱風來襲，聲稱要管制我國相關海域，已違反聯合國海洋法公約等國際規範。中共有關部門的無理粗魯聲明，是對國際秩序與規範的無知、漠視與踐踏。極其可笑！中國海警船關AIS、跟監日本巡邏艦 海委會：中國灰色襲擾、日本機動防颱日本海上保安廳的巡邏艦「浦戶號」（URADO），遭中國海警船上下包圍。（民眾提供）    ,https://news.ltn.com.tw/news/politics/breakingnews/5533070
錢康明質疑民眾黨議員參選人掛名拿竹市文化基金會補助辦活動 市府回應了,政治,2026/08/08 16:10,新竹市東區議員參選人、前文化局長錢康明發文質疑，民眾黨議員參選人掛名拿新竹市文化基金會補助辦理藝文活動 ，不符相關規範。（擷取自錢康明臉書粉專）新竹市議員參選人、高虹安任內前文化局長錢康明今天在臉書粉專發文提到，民眾黨南區議員參選人李玫疑似透過特殊關係協助向新竹市文化基金會申請補助，由於竹市文化基金會是市府每年以公款資助的基金會，包括人事費、展演補助費，且由新竹市長擔任董事長，文化局長擔任執行長，補助對象為竹市團體、個人，但竟有來自台中的協會獲竹市文化基金會補助辦藝文活動，海報上還特別感謝李玫，難道李玫是藝文活動的門神，打破竹市文化基金會原則破例給外縣市單位補助？且海報上的主辦單位、指導單位有兩種版本，讓人質疑是否刻意規避？新竹市文化基金會表示，今年上半年補助「五洲園掌中劇團」演出「2026風城偶戲巡演-小白熊與地球先生」。該劇將傳統掌中戲融入淨零綠生活與環保理念，由小白熊與地球先生帶領大小朋友，一同認識減碳重要性與生態保護觀念。基金會鼓勵外縣市藝術團隊來竹市演出為歷年常態，屬推廣文化專業考量。至於演出團隊在演出籌備期間，接受各方有關行政協助的情況，文化基金會無由知悉，若無逾越相關法令，予以尊重。基金會將一本初衷，嚴守行政中立。請繼續往下閱讀...錢康明提到，台中市莫忘初衷小草關懷協會及台中市頑在藝起都是台中市的單位，不在新竹市文化基金會往例補助對象內，莫非李玫是此次活動的門神？打破新竹市文化基金會原則，破例給予外縣市單位補助，且李玫還在活動海報上被特別感謝；錢更提到海報有兩張（A、B版），吊詭的是指導單位：財團法人新竹市文化基金會的那一張，沒有主辦單位；而有主辦單位台中市莫忘初衷小草關懷協會、頑在藝起的那一張，卻沒有指導單位。質疑是不是為了要向基金會申請補助刻意規避？新竹市東區議員參選人、前文化局長錢康明發文質疑，民眾黨議員參選人掛名拿新竹市文化基金會補助辦理藝文活動 ，不符相關規範。（擷取自錢康明臉書粉專）    ,https://news.ltn.com.tw/news/politics/breakingnews/5533043
太平洋島國論壇8月底帛琉登場 我國將派「次長級以上」與會,政治,2026/08/08 16:07,太平洋島國論壇秘書長瓦卡（Baron Waqa）7日於PIF外長會議再次表示，我國為PIF重要夥伴，並重申今年我國仍將循例出席本屆相關會議。（資料照）2026太平洋島國論壇（PIF）領袖峰會將於8月30日至9月4日舉辦，今年由我國友邦帛琉主辦。涉外官員證實，今年將循例由次長級以上官員率團與會。我國自1993年起持續以「台灣/中華民國（Taiwan/ Republic of China）」名稱，以「發展夥伴（Development Partner）」身分參與PIF相關機制與活動。去年由於主辦國索羅門群島不邀請台灣及美中等夥伴國參與，我國未能參與。請繼續往下閱讀...本屆PIF由我國友邦主辦，外交部長林佳龍自去年12月便曾訪問帛琉，實際走訪PIF峰會預定地，與帛琉就論壇籌辦方向、運輸規劃等相關合作構想進行交流及討論。副總統蕭美琴6月訪問帛琉後也說，今年8月PIF參與細節，外交部持續與主辦國帛琉及其他理念相近國家協調中，可預期中國仍會以不同形式打壓台灣，企圖矮化或限縮台灣參與空間，今年主辦國帛琉長期力挺台灣，並深信不論國家大小都應受到尊重。不過，在8月7日於斐濟舉行的太平洋島國論壇外長會議中，卻未能就聯合聲明譴責中國日前試射一枚可搭載核彈頭的飛彈一事達成共識。外媒指出，友中國家吉里巴斯與諾魯對於發表聯合聲明的意願不高。據了解，對於PIF提出譴責聲明，外交部事前知情、全盤掌握。外交部表示，我方一貫支持維護台海及印太地區的和平與穩定，堅決反對任何透過武力或脅迫片面改變現狀之行為，並將持續與理念相近國家密切協作，共同促進以規則為基礎之國際秩序與區域安全。外交部也說，對於太平洋島國論壇秘書長瓦卡（Baron Waqa）在此次PIF外長會議再次表示我國為PIF重要夥伴，以及重申本年我國仍將循例出席本屆相關會議，我方表示肯定。我國將持續與會員國及理念相近夥伴深化合作，積極為太平洋地區之和平、穩定與繁榮貢獻力量。外交部會適時對外說明我方組團參與今年PIF相關會議及活動之安排與進展。    ,https://news.ltn.com.tw/news/politics/breakingnews/5533036
蔣萬安喊打造榮星公園後改口改造 網酸：要不要打造木柵動物園？,政治,2026/08/08 15:28,台北市長蔣萬安。（記者方賓照攝）台北市長蔣萬安近日喊未來「南有大安森林公園、北有榮星花園」，由於都是現有公園，隨即引發網友論議，今指出「上月正式動工進行榮星花園整體的整建改造工程」。經營臉書粉專「孟買春秋」、作家喬伊斯直言，大安森林公園早在1994年就已啟用，榮星花園更是在1968年即成立，還有網友揶揄道「要不要打造木柵動物園、貓空纜車、台北101以及捷運板南線？」政治工作者周軒7日發文指出，「工程界有一句很經典的名言，叫做don’t reinvent the wheel ，什麼叫做不要重複發明輪子呢？就是跟你講，已經有現成可以用的就不要浪費時間再去重新發明了」。請繼續往下閱讀...周軒酸說：「蔣萬安這一段話正好就是在重新發明輪子」，大安森林公園於1994年就完工，當年台北市市長是黃大洲。至於榮星花園，一開始就不是台北市政府的，是鹿港辜家的，辜顯榮，字耀星，「榮星」之名是這樣來的，後來種種風波之後，1989年，台北市政府才徵收接管，1989年的市長叫做吳伯雄。周軒嘆說，「所以我實在不知道蔣萬安在講什麼？他的講稿難道是拿到黃大洲？還是吳伯雄時代的嗎？兩個公園又不是你的政績你是在講什麼？沒東西又要硬講，現在看起來連寫稿的人都江郎才盡了。」另，蔣萬安今回應，在擔任立法委員期間，中山區在地的里長、鄉親就跟他反映希望未來能夠打造「雙核心」的概念，也就是北市有大安、榮星兩座花園、兩座公園。因此市府拍板投入了預算跟經費，在上個月正式動工進行榮星花園整體的整建改造工程。白海豚颱風接近 蔣萬安揭北市可能受影響情形沈伯洋搶進深藍大安掃街！ 酸蔣萬安「幸福變一團糟」    ,https://news.ltn.com.tw/news/politics/breakingnews/5532954
減輕「付清節」負擔！張峻端政策牛肉花蓮0-18歲免健保費,政治,2026/08/08 15:25,無黨籍花蓮縣議長張峻選花蓮縣長，今天父親節推出0-18歲免健保費政見。（記者花孟璟攝）花蓮今年底縣長選舉「三腳督」，綠營目前並未提名縣長人選，去年大罷免期間做為反傅崐萁旗手的張峻被視為可能合作對象。今天父親節，參選花蓮縣長的無黨籍花蓮議長張峻今端出政策牛肉，他說，當選後將推0-18歲免健保費，養孩子的錢政府一起來扛，減輕父親們過「付清節」的重擔！「父親節快樂，向每一位為家庭努力的爸爸、媽媽與照顧者說聲辛苦了」！張峻說，現代父母難為，奶粉、托育、教育、交通、醫療和生活費用，每一筆固定支出累積起來真的很沉重，同時有幾個孩子都上學，學費負擔更重，因此他當選後將推行「0至18歲健保自付保費由縣府補助」政策，每人每月最高補助826元，民眾免申請，讓孩子從出生到18歲成年期間的健康，政府陪伴家庭一起承擔。請繼續往下閱讀...花蓮縣截至今年6月底人口統計，0至18歲兒少約4萬3000人。張峻說，如果全部依最高額度補助，估每年要花4億2621萬6000元，連同行政作業，預算規模約4.3億元，由於部分中低收入等身分已經有中央或其他制度補助，實際支出會比估算更低。張峻認為，花蓮父母養孩子很辛苦，花蓮物價因為觀光區、運輸成本，本來就比外縣市高，薪資水準卻趕不上，目前縣府、各鄉鎮公所都在發生育津貼，他覺得不該只是出生時的一次性補助，因為養育子女卻固定、長期的持續支出，需要政府一起出來分攤。他強調，實施新政策前，他將先完成財務精算、自治規範及健保署名冊介接，確保財源穩定，並且不造成排擠弱勢、教育與偏鄉醫療的問題，配合中央推動福利國家的政策，地方政府也應一起站出來分擔父母養育責任，也讓留在花蓮的年輕父母安心生養。張峻推出0-18歲免健保費為政策方向。（張峻提供）張峻推出0-18歲免健保費，希望減輕父母養育負擔，圖為小學生在校吃營養午餐。（記者花孟璟攝）    ,https://news.ltn.com.tw/news/politics/breakingnews/5532994
翁曉玲稱把公務員當匪諜  陸委會嗆質疑前先洽主管機關,政治,2026/08/08 15:10,公務員赴中國探親必須向所屬單位遞交申請表，附件得附上在中國親友名單與在中國聯絡電話，遭國民黨立委翁曉玲批評把公務員當匪諜。（資料照）公務員赴中國探親必須向所屬單位遞交申請表，附件得附上在中國親友名單與在中國聯絡電話，遭國民黨立委翁曉玲批評把公務員當匪諜。對此，陸委會今（8）日強調，對相關議題關注的立委可於提出質疑前，先洽主管機關移民署查詢。陸委會指出，公務員申請赴中國探親所須提供資料，由主管機關移民署依兩岸條例第9條授權訂定，自民國95年起已有規定且執行迄今，各政黨執政時期均依此辦理，至今沒有變更。尤其簡任10職等以下未涉密公務員赴陸探親申請案，均由中央或地方各用人機關自行審核同意，陸委會一向不會介入機關內部人事管理作業。請繼續往下閱讀...陸委會強調，民主社會的公共政策可以理性討論，公眾也可以提出興革建議供主管機關審酌。有關媒體報導公務員赴中國探親須向所屬單位提供親友名單，部分立委認為政府做法侵犯公務員親友隱私或把公務員都當匪諜在調查等批評，陸委會表示，對相關議題關注的立委可於提出質疑前，先洽主管機關移民署查詢，我們相信主管機關會提供詳盡與必要的說明，以助立委掌握相關規定的訂定沿革與歷年實際執行狀況，可避免造成各界誤會，有利弭平社會爭議。    ,https://news.ltn.com.tw/news/politics/breakingnews/5533003
中國當初為何對疫苗百般阻撓？林秉宥：為避免台灣被間接承認主權,政治,2026/08/08 15:09,慈濟於武肺疫情期間採購BNT疫苗遭詐10.6億元。圖為台積電、鴻海暨永齡基金會、慈濟當年採購的BNT疫苗抵台。（資料照）慈濟於武漢肺炎（新型冠狀病毒病，COVID-19）疫情期間採購BNT疫苗遭詐10.6億元，引發各界關注，民進黨籍新北市議員林秉宥對此表示，當時中國政府對於台灣的疫苗採購百般阻撓，就是為了避免台灣因此被間接承認主權。林秉宥在臉書發文時，以詐騙園區控制豬仔的救援行動比喻，直指最困難的不是跟人蛇集團（代指疫苗詐騙者）談判，而是讓家屬（代指慈濟）不要急著付錢，畢竟當時誰都想要救人。請繼續往下閱讀...林秉宥說，這件事的問題從來就不是錢，而是那個錢背後其他的代價，亦即中國不想要台灣藉由購買疫苗被間接承認主權。林秉宥表示，時至今日，真正阻撓台灣的中共政權依然在世界每個角落張牙舞爪，而台灣內部應和者指稱「反正疫苗有買到就好」，聽起來很像是從詐騙集團手中救回豬仔的「人有回來就好」。    ,https://news.ltn.com.tw/news/politics/breakingnews/5532973
總預算案保留200案下週再協商 藍白促行政部門主動與各黨團溝通,政治,2026/08/08 15:05,立法院長韓國瑜針對「115年度中央政府總預算案」主持朝野協商。（資料照）115年度中央政府總預算案卡關逾140天，朝野二輪協商仍保留約兩百案未獲共識，立法院長韓國瑜預計下週確認要簽署協商結論，或召集第三輪協商。對此，立院國民黨團首席副書記長許宇甄表示，保留案仍有縮減空間，關鍵在於行政部門能否用專業與誠意主動與各黨團、提案委員溝通，勿將國會監督貼上杯葛標籤；立院民眾黨團總召陳清龍強調，會持續要求部會說明預算用途，期盼總預算儘速三讀通過。針對中央政府總預算案是否還有減少保留案的空間及通過時程，許宇甄指出，總預算經過兩輪黨團協商，目前還有兩百多案保留，這並不代表這些案件最後都一定會刪減或凍結，而是仍有許多政策內容、預算用途需要行政部門進一步對外說明。韓國瑜預計下週召集第三輪協商，當然還有進一步縮減保留案件的空間。請繼續往下閱讀...許宇甄強調，關鍵不只是立法院願不願意讓步，更要看行政部門願不願意利用這段時間，主動與各黨團、提案委員充分溝通。委員提出刪減、凍結或保留，一定有其監督理由；如果行政機關認為預算確有必要，就應該把完整資料、政策效益與執行需求攤開來說清楚，用專業與誠意爭取支持，而不是把國會監督一概貼上杯葛標籤。許宇甄表示，預算協商是雙向的，行政部門不要隱瞞資訊、不要剛愎自用，更不要把政治攻防擺在政策溝通之前，只要說明充分、理由合理，國民黨團對於真正攸關民生、國家安全及政府正常運作的必要預算，都會理性審查。至於總預算通過時程，許宇甄說，希望第三輪協商能大幅收斂爭議，朝儘速完成協商、進入院會表決的方向努力。立院民眾黨團總召陳清龍則回應，對於總預算案保留的預算提案，會持續與行政單位溝通，要求各部會把預算用途、執行成效說清楚，為人民把關預算，也希望總預算能儘速三讀通過。    ,https://news.ltn.com.tw/news/politics/breakingnews/5532952
中國藉颱風「交管」台海 王定宇批無知：自吹自擂演一場假戲,政治,2026/08/08 15:01,民進黨立委王定宇。（資料照）中颱「白海豚」朝中國前進，中國竟以防範颱風為由，宣布對航經台灣海峽南口北上的船舶，實施「交通管制」。對此，民進黨立委王定宇今（8）日表示，中國無權管轄台灣海峽，此時不防颱卻跑來演一齣政治大戲，無良又無知。王定宇表示，白海豚颱風逼近台灣北側，正在往中國前進，沒想到中國政府不防颱，反而宣佈因為颱風來襲，所以要管制台灣海峽的交通，這種做法簡直是無知又無良。全世界都知道，中華人民共和國對台灣海峽毫無管轄權，中國利用颱風管制交通，根本是自吹自擂演一場假戲而已。請繼續往下閱讀...王定宇指出，另外，這幾次颱風都造成中國重大災害，人民面對天災水深火熱，中國政府不去思考如何防颱，及如何幫助自己的人民，反而利用颱風來襲，演一場毫無用處的政治大戲，這就是無良。王定宇直言，一個毫無良心的政府，也毫不遵守國際規範，只能說中華人民共和國這麼大的國家，怎麼連一點起碼的素質都沒有？他還是那句老話，「誰跟中國同一國，誰倒霉」。    ,https://news.ltn.com.tw/news/politics/breakingnews/5532980
慈濟買疫苗爆被騙！藍粉專嗆陳時中說風涼話 葉耀元轟帶風向,政治,2026/08/08 14:50,前衛福部長陳時中。（資料照）慈濟基金會近日爆出購買BNT疫苗遭詐騙10.6億元，引發社會譁然，也讓武漢肺炎（新型冠狀病毒病，COVID-19）疫情期間缺疫苗、「擋疫苗」相關爭議再度成為焦點。藍營粉專7日文稱，前衛福部長陳時中稱「掮客猖獗，所以我當時謹慎是對的」，完全是倒果為因，酸陳時中根本是「風涼話大師」。對此，美國聖湯瑪斯大學國際研究講座教授葉耀元怒轟，「這種不分青紅皂白的帶風向行為，可惡至極」。藍營粉專《風向123事》7日發文指出，疫苗掮客能夠得手，不是因為民間太笨，而是因為當時存在政府無法填補的缺口，有缺口才會出現掮客。痛批陳時中的說法純屬風涼話，不配稱為防疫指揮官，而是「風涼話大師」。請繼續往下閱讀...葉耀元今於臉書粉專「葉教授的國際事務學院」發文提到，他在疫情期間身處美國德州，當時德州政府基本「沒什麼要管」，民眾只能自求多福；反觀當時台灣人可以在極低感染率下繼續過著一般生活，卻還要不斷罵民進黨政府，不禁讓人感嘆「這真的是『過太好』了捏！」消息曝光後，許多網友紛紛留言，有人說「那種的會下地獄被割舌頭」、「反正有證據、沒證據、有真相、沒真相我都不管，我就是堅持什麼事都是民進黨的錯，你咬我啊！—他們就這樣」、「藍白是絕對不可能道歉的啦！」。    ,https://news.ltn.com.tw/news/politics/breakingnews/5532887
慈濟買疫苗爆被騙！藍粉專嗆陳時中說風涼話 葉耀元轟帶風向,政治,2026/08/08 14:50,前衛福部長陳時中。（資料照）慈濟基金會近日爆出購買BNT疫苗遭詐騙10.6億元，引發社會譁然，也讓武漢肺炎（新型冠狀病毒病，COVID-19）疫情期間缺疫苗、「擋疫苗」相關爭議再度成為焦點。藍營粉專7日文稱，前衛福部長陳時中稱「掮客猖獗，所以我當時謹慎是對的」，完全是倒果為因，酸陳時中根本是「風涼話大師」。對此，美國聖湯瑪斯大學國際研究講座教授葉耀元怒轟，「這種不分青紅皂白的帶風向行為，可惡至極」。藍營粉專《風向123事》7日發文指出，疫苗掮客能夠得手，不是因為民間太笨，而是因為當時存在政府無法填補的缺口，有缺口才會出現掮客。痛批陳時中的說法純屬風涼話，不配稱為防疫指揮官，而是「風涼話大師」。請繼續往下閱讀...葉耀元今於臉書粉專「葉教授的國際事務學院」發文提到，他在疫情期間身處美國德州，當時德州政府基本「沒什麼要管」，民眾只能自求多福；反觀當時台灣人可以在極低感染率下繼續過著一般生活，卻還要不斷罵民進黨政府，不禁讓人感嘆「這真的是『過太好』了捏！」消息曝光後，許多網友紛紛留言，有人說「那種的會下地獄被割舌頭」、「反正有證據、沒證據、有真相、沒真相我都不管，我就是堅持什麼事都是民進黨的錯，你咬我啊！—他們就這樣」、「藍白是絕對不可能道歉的啦！」。    ,https://news.ltn.com.tw/news/politics/breakingnews/5532887
基隆防災圖資竟過時3、4年 審計點名恐影響災時疏散,政治,2026/08/08 14:44,基隆市區公的疏散避難圖及災害潛勢圖多過時遭審計室檢討。（取自消防局或區公所官網）基隆市審計室發現，基隆市消防局及各區公所官方網站所公告的疏散避難圖及災害潛勢圖，已過時3至4年，審計室認為會影響災時民眾疏散避難的急迫資訊，要求消防局檢討改進。市府表示都已更新最新資訊，並列入防救災工作的管考項目，落實執行。基隆審計室指出，消防局辦理為更新各行政區災害潛勢圖及疏散避難圖彙製作業等工作，總決標金額3340萬餘元，但復查協力團隊歷年是以蒐集經濟部水利署「淹水潛勢圖」、農業部「土石流潛勢溪流」、國家災害防救科技中心「海嘯災害潛勢圖」、經濟部地質調查及礦業管理中心「火山災害潛勢圖」及核能安全委員會「核子事故災害潛勢圖」圖資為基礎，彙製基隆市災害潛勢圖及疏散避難圖。請繼續往下閱讀...審計室指出，截至去年10月底，消防局及各區公所在官方網站所公告的疏散避難圖及災害潛勢圖，多為2022年彙製的舊資料，已過時3至4年，與防災地圖作業手冊有關防災地圖所列各項防災資訊隨時保持常新的規定不符。審計認為，舊資料除影響災時民眾疏散避難的急迫資訊，函請消防局檢討改進，並督促各區公所即時更新，讓民眾可查詢最新防救災情，強化自主防災效能。市府回覆審計單位表示，消防局已函請各區公所更新網站公告最新繪製圖資，以確保民眾查詢資訊正確，未來也會規定每年度圖資繪製完成後，以正式公文提供各單位最新防災地圖資訊，要求各區公所網站辦理更新，並將「網站資訊更新查核」項目納入防救災工作績效管考中。基隆市區公的疏散避難圖及災害潛勢圖多過時遭審計室檢討。（取自消防局或區公所官網）基隆市區公的疏散避難圖及災害潛勢圖多過時遭審計室檢討。（取自消防局或區公所官網）    ,https://news.ltn.com.tw/news/politics/breakingnews/5532972
「彰化一姊」歸隊助選？ 鄭麗文15天3度赴彰化輔選魏平政,政治,2026/08/08 14:33,年底彰化縣長選舉，國民黨列為「艱困選區」；黨主席鄭麗文（右3）7月28日首度來彰化替魏平政（左4）站台催票。（記者張聰秋攝）年底彰化縣長選戰目前呈現三腳督局面，國民黨列為「艱困選區」，黨主席鄭麗文繼7月28日及8月3日一週內兩度親赴彰化，為特別徵召的律師魏平政站台催票後，彰化縣黨部證實，下週五（14日）她將第3度來彰化輔選，15天內已連跑彰化3趟。黨內人士指出，「國民黨彰化一姊」已在上週跟魏平政碰面談選舉了，前2次鄭麗文來時，王惠美均缺席，14日若王惠美願意現身與鄭麗文、魏平政同框，營造黨內整合奏效的氛圍，對魏平政的選情會有很大的加分。國民黨彰化縣黨部主委蕭景田表示，縣黨部陸續舉辦26鄉鎮市推薦同志介紹說明會，8月14日預計在彰化、鹿港、福興舉辦，這天，鄭麗文會親自南下督軍，縣黨部也會邀請縣長王惠美參加。魏平政也說，他會邀請縣長王惠美出席，但最終還是要看縣長的公務行程。請繼續往下閱讀...鄭麗文在7月28日來魏平政競總參加婦女菁英幹部座談會時，自己公開說，「以後我會常來彰化！」，這句話被政壇解讀，行動輔選破除外界盛傳的「選前換將」謠言與彌平黨內整合問題。不過，前兩次的造勢場合，均未見鄭麗文與王惠美同框，黨內人士說，鄭麗文與王惠美兩人都是很有主見與作風強勢，先前為了提名縣長人選理念與意見不合，鬧得不太愉快，考量王惠美已與魏平政碰面談及選情，加上民進黨主席賴清德最近公開批評王惠美執政能力，在綠營發動攻勢、藍營需「彰化一姊」出馬的當下，14日成為化解鄭王心結的關鍵契機。當天若王惠美願意請假出席選舉活動，鄭、王、魏3人彰化造勢同框，應可凝聚藍營歸隊的氣勢。目前，彰化縣長人選，民進黨陳素月、國民黨魏平政、無黨籍邱建富3人競逐，國民黨選情被評估為相當艱困。國民黨主席鄭麗文（右3）繼7月28日首度站台輔選魏平政（左3），8月3日第2次，預計14日再來，15天內3次密集輔選，希望打鐵趁熱，一鼓作氣。（記者張聰秋攝）    ,https://news.ltn.com.tw/news/politics/breakingnews/5532951
慈濟買疫苗被騙10.6億引熱議  粉專：蔣萬安面臨迴力鏢,政治,2026/08/08 14:32,陳時中。（資料照）2021年疫情期間，慈濟基金會委任律師陳昱瑄採購BNT疫苗遭詐10.6億元，消息一出引社會震撼。臉書粉專「聲量看政治」表示，過去4、5年前「到底是誰在擋疫苗」的政治迴力鏢，因新的司法事實呈現重新受到檢驗。據YT聲量統計顯示，泛綠社群爆發「終於等到真相」的平反情緒，討論聲量大幅暴衝；反觀泛藍陣營則面臨過去投注大量認同的論述須重新解釋的窘境。當年靠著「信慈濟還是信民進黨」這套論述爭獲利的台北市長蔣萬安，如今面臨極大輿論壓力。粉專「聲量看政治」今日發文指出，陳時中長期被藍營形塑為防疫負面符號，相關標籤被壓縮成「民進黨防疫有問題」的集體記憶。不過，慈濟遭詐騙案爆發後，討論陳時中的泛綠YT直播觀看數瞬間破萬，慈濟單日聲量更出現劇烈變化。請繼續往下閱讀...「聲量看政治」分析，尤其慈濟議題當天泛綠觀看數大約是泛藍的近3倍，陳時中更超過6倍。這種聲量趨勢，比較接近群體心理中的「延遲平反」，過去相信陳時中是在阻擋疫苗掮客的人，突然得到一個足以重新證明自身判斷的事件。隨後新聞社群迅速出現「真相大白」、「還陳時中清白」等高度一致字眼，將複雜的刑案快速轉譯成可以被群眾理解的政治因果。「聲量看政治」解析，慈濟真的因疫苗採購遭詐10.6億元後，最尷尬的是新的司法事實，開始直接撞上泛藍過去已經相信4年的說法。當「政府拿掮客當藉口擋疫苗」碰上「慈濟真的遭疫苗掮客詐騙」，2套認知已經無法舒服地同時存在，這就是典型的認知不和諧。「聲量看政治」直指，於是蔣萬安的說法從當年的「要相信慈濟還是民進黨」，轉成如今「政府如果買夠疫苗，民間就不需要買」。蔣萬安的回應把整個因果關係重新排列。以前是「政府阻擋民間買疫苗」，現在變成「政府沒有準備足夠疫苗，才害民間出去找管道」。即使疫苗掮客真的存在，也必須找到另一個理由，維持「政府仍然有錯」這個最終結論。「聲量看政治」認為，2022年的政治紅利從來不是免費的，當年一句「相信慈濟還是相信民進黨」，成功利用最簡單的信任選擇降低選民理解政治的成本；4年後，當慈濟真的因疫苗掮客損失10億元，那句話也同樣召喚了選民重新追究責任的可能性。陳時中等了4年，等到的是一次遲來的平反；而蔣萬安現在面對的，則是當年用疫情恐懼換來的政治信用，開始連本帶利重新計價。武肺期間中國作梗 我500萬劑BNT遭取消還原台灣當年採購BNT疫苗始末「護國神山」是關鍵蔣萬安。（資料照）    ,https://news.ltn.com.tw/news/politics/breakingnews/5532763
父親節跑多區活動 蘇巧慧重申長輩福利、照護政見,政治,2026/08/08 14:03,蘇巧慧在「樹林老人會」父親節餐會活動時表示，她非常感謝樹林鄉親栽培，也感謝市長侯友宜與團隊努力，將新北大巨蛋選址於樹林。（蘇巧慧競辦提供）民進黨立委、新北市長參選人蘇巧慧今（8）日把握父親節，出席中和、樹林、土城等多區父親節鄰里活動。蘇巧慧在「樹林老人會」父親節餐會活動時表示，她非常感謝樹林鄉親栽培，也感謝市長侯友宜與團隊努力，將新北大巨蛋選址於樹林，盼有機會帶領市府團隊，詳細規劃新北大巨蛋場館設計、交通、永續經營，讓樹林未來十年發展更好；她也重申長輩的福利及照顧政見，包括升級敬老卡點數至每個月一千點，且不用每月歸零、擴大使用範圍，提高入住住宿式長照機構補助金至每年24萬元等。蘇巧慧說，十年來她和樹林人一起打拚，從推動捷運土城樹林線全線動工、串連大漢溪左岸堤外便道、長壽公園地下停車場完工啟用，與人行道、天幕球場、市民活動中心、污水下水道建設，還有樹林每一間學校的軟硬體設備翻新，她都和每一位在地議員一起努力完成，讓樹林的生活環境越來越好。請繼續往下閱讀...蘇巧慧表示，她已提出多項照顧長輩的福利及照顧政見，包括升級敬老卡、65歲以上長輩補助裝假牙最高五萬元，以及提高入住住宿式長照機構補助金至每年24萬元，並增加夜間緊急住宿量能，提供臨時住宿補助金，並配合長照3.0提出「強化出院準備服務」，讓居家服務和輔具一次到位，給長輩最完善的照顧服務。蘇巧慧在「樹林老人會」父親節餐會活動時表示，她非常感謝樹林鄉親栽培，也感謝市長侯友宜與團隊努力，將新北大巨蛋選址於樹林。（蘇巧慧競辦提供）    ,https://news.ltn.com.tw/news/politics/breakingnews/5532928
自由觀點》漢光部隊跨區增援 就是要讓敵軍猜不透！,政治,2026/08/08 14:00,    ,https://news.ltn.com.tw/news/politics/breakingnews/5531347
鄭麗文稱「台灣從未獨立、不是國家」 陳培瑜：越來越接近中國宣傳口徑,政治,2026/08/08 13:53,民進黨立委陳培瑜。（資料照）國民黨主席鄭麗文日前在節目中稱「台灣從未獨立過，也從來不是一個國家，民進黨說台灣已經獨立是胡說八道。」對此，民進黨立委陳培瑜今（8）日表示，台灣擁有自主治理是客觀現實，但她尊重鄭麗文的政治主張，只不過論述越接近中國對台宣傳口徑，自然會被人民質疑。鄭麗文昨接受網路節目「政經關不了」專訪，主持人彭文正提及，「台灣的現況就是和平的獨立者」，但鄭麗文回應，「台灣從來沒有獨立過，台灣也從來不是一個國家」，她更稱，民進黨說台灣已經獨立是街頭混混的說法，根本就是胡說八道，也不敢發起台灣獨立公投。請繼續往下閱讀...陳培瑜表示，今天台灣有自己的總統、自己的軍隊、自己的司法、自己的民主選舉、自己的護照，兩千三百萬人民共同生活在這塊土地上。無論對國家定位有什麼主張，都不能否認這個客觀存在的政治現實。國際上對台灣法律地位有不同論述，但台灣擁有自主治理的現實，是許多國際分析都承認的事實。陳培瑜說，尊重每個人的政治主張，但當一個人的論述，愈來愈接近中國官方長年對台灣的宣傳口徑，人民自然有權利提出質疑。陳培瑜認為，今天真正值得守護的，不是哪一個政黨，而是台灣人民共同建立起來的民主生活。可以競爭政黨，可以批評政府，但不應該否定自己的國家、自己的人民，甚至跟威脅台灣民主的人站在一起。    ,https://news.ltn.com.tw/news/politics/breakingnews/5532923
國人赴烏干達遭扣護照  外交部揭原因：我國6/2起暫緩烏國人民入境,政治,2026/08/08 13:45,位於東非的內陸國家烏干達，一直以來都是許多熱愛旅遊者的夢幻口袋名單。（美聯社）傳出有國人赴東非國家烏干達旅遊時，護照遭烏干達機場移民官扣留，並被拒入境。對此，外交部副發言人陳怡君今（8）日說明，外交部對相關情形均有掌握，並第一時間提供國人必要協助，該案可能與我國為因應伊波拉疫情升溫，自6月2日起暫緩核發該國簽證及暫緩烏干達人民入境有關。陳怡君表示，外交部近期接獲國人在烏干達機場遭移民官員扣留護照與拒絕入境的訊息，相關情形均有掌握。此外，兼轄烏干達的我國駐索馬利蘭代表處也於第一時間與烏干達台商會提供相關國人必要協助。請繼續往下閱讀...陳怡君說明，經瞭解，相關案件可能與我國政府為因應伊波拉疫情升溫，於今年6月2日起暫緩核發該國簽證及暫緩該國人民入境有關。我國駐索馬利蘭代表處將持續就相關簽證問題與烏國聯繫交涉，並提供受影響國人必要關懷與協助。陳怡君表示，外交部也提醒國人，近期若有前往烏干達的必要，應審慎評估可能風險。國人若在烏干達遭遇危難或緊急事故，請撥打我國駐索馬利蘭代表處急難救助電話：+252-636-292-616，或撥打外交部「旅外國人緊急服務專線」：+886-800-085-095，以獲得即時協助。外交部領事事務局目前將烏干達旅遊警示列為「第四級：紅色儘速離境」，主因為當地伊波拉病毒感染疫情構成「國際關注公共衛生緊急事件」（PHEIC），以及當地搶劫事件、武裝暴徒攻擊事件頻繁，且部分地區攔路搶匪猖獗。衛福部疾管署也已於5月27日籲請有烏干達旅遊史旅客入境時，主動前往檢疫站報到，配合自主健康管理21天。    ,https://news.ltn.com.tw/news/politics/breakingnews/5532913
童玩節風波不斷 去年遊客數少6萬多人 遭審計部檢討,政治,2026/08/08 13:23,審計部審計報告，去年童玩節遊客數較前年下滑，減少了6萬多人次，且連續3年收支短絀連續擴大，要求縣府研謀妥處。（資料照）監察院審計部審計報告，去年（114）宜蘭國際童玩節藝術遊客數較前年下滑，減少了6萬多人次、比例逾12%，且連續3年收支短絀連續擴大，要求縣府研謀妥處。縣府回復，將加強分眾行銷，提升遊客入園比率。未料，今年童玩節發生木棧板刺傷遊客等事件，風波不斷。依據審計部審計報告，去年童玩節邁入30周年，總經費支出1億6746萬餘元，但入園人數及總體經濟效益皆較前年下滑，且近3年度活動收支短絀逐年擴大，財政負擔沉重，且結合縣內觀光景點優惠套票銷售成效欠佳。請繼續往下閱讀...報告指出，114年童玩節入園遊客47萬餘人次，與113年度53萬餘人次相較，減少6萬餘人次，比例12.03%，活動創造宜蘭縣總體經濟效益18億734萬餘元，亦較前年度18億6994萬餘元減少6260萬餘元，顯示辦理成效仍待持續精進。此外，114年度活動總收入4875萬餘元，較113年度5392萬餘元減少516萬餘元，主要是購票人數減少，門票收入隨減所致；活動總支出1億6746萬餘元，較前年度1億6129萬餘元增加616萬餘元，收支相抵短絀達1億1870萬餘元，且112至114年度收支短絀逐年擴大。另，童玩節辦理電子票券委託線上平台代售暨行銷推廣服務案，規範廠商至少結合2至4項宜蘭地區觀光景點商品預定，同步綁定童玩節及提供多元產品組合優惠，114年優惠套票銷售524張，較113年度1877張，大幅減少1353張。對此，縣文化局回復，今年透過以主題設計串聯全區展演遊戲內容，並加強分眾行銷，提高網路曝光率等整，提升遊客入園比率，另將與電子平台業者協調推出如限時快閃折價或動態優惠組合，提升套票產品吸引力。不過，今年童玩節開幕後，就陸續發生戲水池底漆脫落、木棧板木刺與放鞋區、戲水區釘針刺傷遊客意外，引起極大負評，風波不斷。    ,https://news.ltn.com.tw/news/politics/breakingnews/5532897
11歲喪父、長女扛起家 何欣純父親節憶亡父淚告白,政治,2026/08/08 13:19,今天是父親節，何欣純特別想起在她11歲就過世的父親，也祝福全天下的爸爸平安健康、父親節快樂。（何欣純競辦提供）今天是父親節，台中市長參選人、立法委員何欣純特別想起在她11歲就過世的父親，分享近日在地方座談會意外看到一段43年前父母參加婚宴的老影片，瞬間彷彿自己又變回那個「有爸爸疼的小女孩」，也勾起童年喪父、從此扛起家庭的往事，她也感性告白「爸爸，你可以安心。你不在以後，我有努力把這個家顧好。」何欣純說，父親很早就離開人世，今天父親節特別想念他，身為家中長女，父親離世後，她也比同齡孩子更早學會承擔，「沒有人可以站在前面，就學著自己站到前面」，照顧母親及弟弟。請繼續往下閱讀...何欣純的父親過去在台中大里經營營造公司，生意興隆，家中經常門庭若市，在她11歲那年農曆年前夕，父親突然腦溢血，送醫3天後撒手人寰，原本準備過年的家庭頓時陷入愁雲慘霧。父親過世後，何欣純的母親強忍悲痛，接手丈夫留下的營造事業，還要照顧3名子女；何欣純回憶，母親後來受到地方人士鼓勵，以「代夫出征」方式投入選舉，首度參選即當選縣議員，但4年後連任失利，家中又背上一筆可觀債務。當時還在求學階段的她，也開始想辦法靠自己負擔學費及生活費。何欣純曾與同學到梨山環山部落當女工，採收世紀梨、挑貨及包裝，考上成功大學後，寒暑假也持續到處打工，直到大學畢業前夕，何欣純向母親提出赴英國求學的想法，雖然母親一度遲疑，她仍堅持「我要為自己留一條路」，最後如願申請進入英國約克大學。父親離開已數十年，何欣純說，她從父母老友帶來的婚宴影片中，再次看見早逝父親的身影，短短十幾秒畫面讓她紅了眼眶，她也祝福全天下的爸爸平安健康、父親節快樂，「而和我一樣的，就只能在心裡跟爸爸說父親節快樂。」何欣純父親何金洲（中）與母親林淑滿（左）西元1980年代證婚畫面。（何欣純競辦提供）何欣純幼時留影。（何欣純競辦提供）    ,https://news.ltn.com.tw/news/politics/breakingnews/5532888
無人機、疫苗吵不停  賴瑞隆、柯志恩同「台」異夢,政治,2026/08/08 13:14,民進黨立委賴瑞隆出席大崗山龍眼蜂蜜文化節，民眾高呼「凍蒜」。（記者黃佳琳攝）國民黨立委柯志恩及民進黨立委賴瑞隆今出席大崗山龍眼蜂蜜文化節，兩人同台雖有互動，但私下較勁不斷，針對BNT疫苗爭議、無人機產業預算以及泛綠議員涉案等議題，互嗆「只出一張嘴」、「胡說八道」、「比病毒還毒」。柯志恩針對BNT議題，痛批重點是「當時政府無能」，無法在確定時間內為國人備妥足夠疫苗，導致眾多生命損失，賴瑞隆不去譴責當時政府不夠有效率，反過來要她道歉？賴瑞隆則反批柯志恩「還在惱羞成怒」，只敢閃躲、卸責與硬拗，呼籲柯應具備道德勇氣，坦然面對錯誤並向國人道歉，切莫繼續製造分化與仇恨。請繼續往下閱讀...針對無人機產業預算問題，賴瑞隆指出，「只有共產黨反對」中央極力推動的無人機產業發展，行政院與國防部皆獲得全台無人機業者力挺，但國民黨與柯志恩大砍數百億甚至上千億預算，連現行2100億元的相關專案採購與總預算都在杯葛；柯志恩則駁斥，直指國民黨提出的預算版本「比行政院版還要多」，宗旨就是為了落實國防自主與在地深耕，還反嗆賴瑞隆「除了吹一張嘴巴以外，到底有哪些執行力？」此外，近日民進黨籍民代涉入案件或爭議，柯志恩也開砲，認為市議員陳明澤、范織欽等人連番因涉貪出事，令人擔憂是否有背後貪腐勢力與派系意圖藉由賴瑞隆「重回高雄」；賴瑞隆則回應，他對任何違法事項的態度極為明確，就是「尊重司法、毋枉毋縱」，只要有違法嫌疑檢調都應嚴查嚴辦、給予嚴懲，尊重司法的調查與判決處理。國民黨立委柯志恩出席大崗山龍眼蜂蜜文化節爭取選民認同。（記者黃佳琳攝）賴瑞隆、柯志恩出席蜂蜜文化節活動，同台雖有互動，但私下受訪時卻互嗆聲。（記者黃佳琳攝）    ,https://news.ltn.com.tw/news/politics/breakingnews/5532894
綠營要求向陳時中道歉  柯志恩開嗆：企圖洗白陳時中,政治,2026/08/08 13:01,「高雄女婿」立委洪孟楷南下高雄為柯志恩站台。（柯志恩團隊提供）民進黨喊話在野黨向陳時中道歉。國民黨高雄市長參選人柯志恩昨晚痛批，民進黨疫情期間對人民的傷痛沒有反省，卻操作慈濟遭詐騙一式、企圖洗白陳時中，只會讓人民更加憤怒。柯志恩昨在高雄鳥松區舉辦廟口音樂會，吸引逾500位鄉親到場，除邀請台語歌手郭婷筠開唱，「高雄女婿」立委洪孟楷更南下助陣，與國民黨高雄市議員吳利成、高市議員參選人陳若翠共同開講。請繼續往下閱讀...談及鳥松發展，柯志恩指出，鳥松兼具澄清湖、棒球場與醫療、大學等資源，未來她若有機會執政，將優先改善在地淹水與交通壅塞問題，並結合捷運黃線聯合開發，振興鳥松家具街特色。柯志恩也重砲批民進黨處理中聯油問題資料不透明，連人民的餐桌與食品安全都顧不好，又要如何顧好台灣？針對民進黨要在野黨向陳時中道歉，柯志恩表示，當初在疫情期間，政府採購疫苗速度緩慢，無視當時許多民眾只能排隊搶殘劑，甚至有子女因為父母確診過世，礙於規定必須在24小時內火化，無法舉行告別式，只能在殯儀館外跪地痛哭。但民進黨從未對這些傷痛有任何反省，甚至操作慈濟遭詐騙一事，企圖洗白陳時中，讓人民更加憤怒。    ,https://news.ltn.com.tw/news/politics/breakingnews/5532881
謝金河批蔣萬安疫苗說有失公允 廖偉翔批綠「洗記憶」：政策失能應道歉,政治,2026/08/08 12:55,社會及衛環委員、國民黨立委廖偉翔痛批，若非政府當時採購疫苗無能慢半拍，民團何須頂著風險救人，最該道歉的是政策失能的民進黨。（記者羅國嘉攝）慈濟疫情期間採購BNT疫苗遭詐10.6億元，時任衛福部長陳時中2021年曾多次警告小心國際掮客，卻遭包括當時競選對手的台北市長蔣萬安等藍營人士質疑擋疫苗；財信傳媒董事長謝金河批蔣稱「當時政府買夠疫苗，民間就不用採購」的說法有失公允。對此，社會及衛環委員、國民黨立委廖偉翔痛批，若非政府當時採購疫苗無能慢半拍，民團何須頂著風險救人，最該道歉的是政策失能的民進黨。謝金河昨晚在臉書發文說，慈濟遭到詐騙3000萬美元，成了全台灣最吸睛的焦點，同時又成了朝野攻防的論戰，他不想捲入口水，但看到蔣萬安回應外界詢問，「到底要相信慈濟？還是民進黨政府？」的說辭，蔣回應「當時政府買夠疫苗，民間就不用採購」，他認為這句話有失公允。請繼續往下閱讀...對此，廖偉翔指出，詐騙集團騙了慈濟，民進黨也想騙台灣人的記憶。當年政府的疫苗政策失能，今天甚至又利用受害者來政治炒作。民進黨和側翼對慈濟被詐騙見獵心喜，甚至還想趁機把陳時中推回神壇，實在令人啼笑皆非。如果不是當時政府無能、採購疫苗慢半拍，民間團體哪裡需要頂著風險、被不肖人士趁火打劫？廖偉翔表示，疫情期間要疫苗沒疫苗、要物資全靠搶，全國人民至今都還歷歷在目。當初郭台銘董事長和民間團體頂著相當龐大的壓力，為了救人站出來承擔風險，這份善意更絕對不容民進黨冷嘲熱諷。慈濟救人是鐵錚錚的事實，民進黨卻利用詐騙案政治炒作，持續甩鍋卸責，最應該向台灣人道歉的，就是當年政策失能、至今還在吃人血饅頭的民進黨。    ,https://news.ltn.com.tw/news/politics/breakingnews/5532842
合體高虹安和民眾黨參選人出席竹市府活動挨批行政不中立 柯文哲回應了,政治,2026/08/08 12:34,民眾黨創黨主席柯文哲昨晚與新竹市長高虹安和民眾黨參選人合體參加活動挨批行政不中立 ，柯文哲今在中央市場掃街拜票時回應昨晚只有看煙火及合照，沒有政治宣傳。（記者洪美秀攝）民眾黨創黨主席柯文哲今天與黨籍參選人到新竹市中央市場拜票，媒體詢問昨晚參加新竹市府舉辦的「夏日祈福嘉年華」活動，與市長高虹安等人一起進到攤位，遭外界質疑市府違反行政中立，且是否藉此機會與高虹安合體頻繁回新竹固樁輔選？對此，柯文哲回應，昨晚的活動沒有任何政治宣傳，就是看煙火及與民眾合照。柯文哲說，他就是受邀一起去看煙火，沒有任何政治宣傳，看完煙火，當然有些圍觀的民眾會說要求照相，當然不會拒絕。事實上昨晚去天公壇就是看煙火跟順便被幾個民眾要求照相，就這樣。也沒有發傳單，也沒有穿背心，什麼都沒有。外界也不用太過度解讀。民眾黨創黨主席柯文哲今天到新竹出席活動。（記者洪美秀攝）    ,https://news.ltn.com.tw/news/politics/breakingnews/5532806
非洲這國也搞事了！台灣人遭拒入境原機遣返 甚至沒收護照,政治,2026/08/08 12:30,位於東非的內陸國家烏干達，一直以來都是許多熱愛旅遊者的夢幻口袋名單。（美聯社）位於東非的內陸國家烏干達，一直以來都是許多熱愛旅遊者的夢幻口袋名單。不料，本月台灣民眾在該國機場傳出多起異常狀況，有觀光客遭拒絕入境、原機遣返，更有人護照被沒收。烏干達被譽為「非洲明珠」，觀光業是當地重要經濟支柱。這裡以豐富的野生動物、壯麗的自然生態及靈長類追蹤聞名，特別是珍稀的野生山地大猩猩與尼羅河源頭，吸引全球喜愛深度生態旅遊的遊客。請繼續往下閱讀...根據《聯合新聞網》報導，8月傳出一名台籍旅客在當地遭機場人員扣留護照，最後被原地遣返。更有一名持台灣護照，且領有烏干達合法工作許可的在烏台人，搭乘烏干達國內線航班，落地恩特比國際機場（EBB）時遭當地機場人員以「新政策」為由沒收護照至今未發還。有旅行社認為這恐怕是針對我國民的系統性行為，已經暫緩行程。對此，外交部回應，已掌握相關消息，兼轄烏國的我國駐索馬利蘭代表處與烏干達台商會也於第一時間提供國人必要協助。另外，提醒國人近期若有訪烏計畫，應審慎評估可能風險。    ,https://news.ltn.com.tw/news/politics/breakingnews/5532826
挑戰台北新竹「雙安」 莊競程合體沈伯洋大啖新竹米粉,政治,2026/08/08 12:25,民進黨新竹市長參選人莊競程合體台北市長參選人沈伯洋，並在政論節目上大啖新竹米粉，兩人分享挑戰台北新竹「雙安」艱困選區的努力過程。（莊競程競辦提供）新竹市長參選人莊競程昨（7）日與台北市長參選人沈伯洋同台對談，分享自己從學術研究、立委選戰到投入新竹市長選舉的心路歷程。兩人更在政論節目上大啖新竹米粉，要重振消費者對新竹米粉的信心。對外界以「空降」質疑其參選正當性，莊競程強調，新竹絕非他人生地圖上的短暫停留，是他從2005年起做研究、之後當老師，並在此認識太太，承載青春、專業與人生記憶的重要城市。莊競程表示，他與沈伯洋一樣是挑戰台北新竹「雙安」艱困選區，但會用誠懇及勤奮贏得市民認同。他提到，從2005年起便在新竹展開人生的重要階段，與許多竹科工程師、研究人員和年輕家庭一樣，因求學、工作與理想來到新竹，並在這座城市打拚生活。若只因不是出生在新竹，就被貼上「空降」標籤，不僅不公平，也否定新新竹人對這座城市的投入與認同。請繼續往下閱讀...莊競程帶了新竹好物與沈伯洋分享，像是艷麗南洋餐廳的娘惹糕、東門市場艾比兒甜點布丁，在地老店德龍商店的水潤餅，更在節目現場大啖新竹最在地的米粉，莊競程說，這些來自不同世代與文化背景的美食，說明新竹並非「美食沙漠」。莊競程說，這2個月新竹市傳出明好企業農耕牌甲醛炊粉食安事件，讓其他米粉業者受到波及，因新竹市府食安危機處理不周引發「甲醛炊粉」風波與危機。他認為，新竹米粉是竹市重要的飲食記憶與產業品牌，面對食安事件，市府應以負責任態度儘速釐清甲醛成因，避免讓守法經營的在地業者承受不必要的衝擊。莊競程也帶著到新竹都城隍廟求的平安符送給沈伯洋，祈祝兩人在艱困選戰中平安順利，一起用專業與熱誠，讓停滯的城市重新動起來。民進黨新竹市長參選人莊競程合體台北市長參選人沈伯洋，並在政論節目上大啖新竹米粉，兩人分享挑戰台北新竹「雙安」艱困選區的努力過程。（莊競程競辦提供）民進黨新竹市長參選人莊競程合體台北市長參選人沈伯洋，並在政論節目上大啖新竹米粉，莊競程也帶著新竹在地好物與沈伯洋分享。（莊競程競辦提供）    ,https://news.ltn.com.tw/news/politics/breakingnews/5532835
赴中國旅遊小心！中檢檢察長寄信給625里長 「這種招待」後果最嚴重,政治,2026/08/08 12:24,台中地檢署7日寄出「守護家鄉的一票－檢察長給鄉親的一封信」，透過民政系統轉發全市625位里長。（台中地檢署提供）針對年底九合一大選，台中地檢署7日寄出「守護家鄉的一票－檢察長給鄉親的一封信」，透過民政系統轉發全市625位里長，信中特別提醒，若接受指示、委託或資助，免費或以顯不相當低價招待赴中國等地旅遊，並要求支持特定政黨或候選人，恐觸犯反滲透法，出資、招攬者最重可處10年有期徒刑。中檢指出，這封信的用意是希望透過最貼近基層的625位里長，把選舉法治觀念傳進社區與家庭，檢察長洪家原在信中呼籲民眾「不買票、不賣票」，並提醒注意三類常見妨害選舉犯罪類型。請繼續往下閱讀...第一類是「幽靈人口」，若沒有實際居住事實，卻為讓特定候選人當選而虛偽遷徙戶籍、取得投票權並投票，會觸犯虛遷戶籍罪，最高可處5年有期徒刑。第二類，正常旅遊交流不受影響，但受人指示、委託或資助，以免費或顯不相當低價招攬選民前往中國或其他地區旅遊，並要求團員支持特定政黨或候選人，不論招攬或接受招待，都可能觸犯選罷法或反滲透法，招攬、出資者會觸犯投票行賄罪，最高可處10年有期徒刑。選民接受招待，並答應支持特定政黨或候選人，也是違法，如果是受境外滲透來源指示、委託或資助而犯罪，依反滲透法會加重刑責二分之一。第三類，以選舉結果為標的「選舉賭盤」，參與賭博下注者最高可處6月有期徒刑，開設賭盤營利者最高可處5年有期徒刑，得併科50萬元以下罰金；民眾如發現上述三類情事請踴躍檢舉，身分保密，最高可獲2000萬元檢舉獎金。    ,https://news.ltn.com.tw/news/politics/breakingnews/5532821
慈濟買疫苗遭騙10.6億元  柯文哲大罵陳時中、民進黨不要臉,政治,2026/08/08 12:21,慈濟買疫苗遭詐騙10.6億元，民眾黨創黨主席柯文哲非但不道歉，反罵陳時中民進黨「不要臉」。（記者洪美秀攝）慈濟爆出當年採購BNT疫苗遭無良律師詐騙10.6億元，當時的中央防疫指揮中心指揮官陳時中及民進黨人士，連日來反擊、要求前後任的台北市長柯文哲、蔣萬安等人道歉；柯文哲今天到新竹市中央市場輔選民眾黨籍的市議員參選人，他受訪時怒批民進黨政府及陳時中「不要臉」。柯文哲說，他看了新聞，身為外科醫生就直接講結論，民進黨政府還有陳時中，真的是不要臉！完全沒有天良、沒有良心！當年防疫特別預算有8400億元，結果要口罩沒口罩、要快篩沒快篩、要疫苗沒疫苗，到最後連藥物都供應不足，防疫旅館也不足，政府編了8400億元，相信以政府的能量，一定比鴻海、台積電、慈濟都更強，政府自己不買疫苗，逼到郭台銘、證嚴法師要跳到第一線來購買疫苗。請繼續往下閱讀...柯文哲怒罵說，政府如果自己買得到疫苗，如今會發生這些事情嗎？今天你政府不做事，逼得民間走投無路幫忙找疫苗，那政府現在再來嘲笑他們說：「哦！你們被騙了！」政府及批評者沾沾自喜在打什麼？實在有夠不要臉！    ,https://news.ltn.com.tw/news/politics/breakingnews/5532769
慈濟買疫苗遭詐10.6億 吳靜怡掀財務報告疑點：是從哪一筆支出？,政治,2026/08/08 12:19,吳靜怡貼出慈濟2021年財務報告的內容，指慈濟基金會於110年度編列購買疫苗的經費合計為63億8697萬1234元。吳靜怡質疑，「如果依照會計科目來看，人員費用跟前年比反而更少，但用捐贈費用（約62.65億）來看，核銷不會出問題嗎？」（圖擷自threads）慈濟基金會於2021年為採購BNT疫苗被詐騙10.6億元，引發外界熱議，媒體人吳靜怡為此翻出慈濟的財務報告，並發文質疑這筆被騙的金額，究竟是從哪筆經費支出的？2021年疫情期間，慈濟基金會委任彰化律師公會前理事長、律師陳昱瑄採購疫苗卻遭其詐騙10.6億元。直到調查局洗錢防制處從金融機構申報的可疑交易中，發現陳女及其名下公司頻繁提領鉅款，循異常金流追查才牽出整起疫苗採購騙局；慈濟經調查局聯繫查證後，才驚覺自己是受害者。請繼續往下閱讀...吳靜怡在threads發文貼出慈濟2021年財務報告的內容，指慈濟基金會於110年度編列購買疫苗的經費，就列在費用性質的「災害救助」，合計為63億8697萬1234元，其中包括人事、服務、材料、租金等。吳靜怡對此表示，「請問慈濟付給詐騙集團的10.6億元是從哪一筆支出的？如果依照會計科目來看，人員費用跟前年比反而更少，但用捐贈費用（約62.65億）來看，核銷不會出問題嗎？」吳靜怡也強調，「基金會當年度100億收入中，有35億屬於對外勸募，本就應當解釋清楚。」吳靜怡也質疑，「法師教我們連碗裡的一粒米都不能浪費，可是，這不只一億，是十億！可以買好幾個倉庫的米！能這樣浪費？！」在發文底下也有網友表示「單憑這份財務報告，只看得出110年度『災害救助』支出約63.87億元，其中『捐贈費用』約62.65億元，卻無法辨認遭詐的10.6億元究竟列在哪一筆、以什麼憑證核銷」。    ,https://news.ltn.com.tw/news/politics/breakingnews/5532778
兒子女兒差了20歲！魏平政正妹女兒變「選戰分身」,政治,2026/08/08 12:12,55歲再生老二的彰化縣長參選人魏平政（右），女兒兒子差了20歲，選舉期間，正妹女兒（右2）成了他的分身。（圖擷取魏平政臉書）今天是88父親節，國民黨彰化縣長參選人魏平政分享成年女兒魏敬倫拍攝的父親節短影音，父女倆感情相當好，女兒不只是幫爸爸送祝福，投入選戰後更成了他的「分身」，陪著他四處拜訪鄉親、一起跑行程。57歲的魏平政，2年多前透過試管人工生殖喜獲麟兒，女兒與兒子年齡相差近20歲，女兒今年從中山大學畢業，自他5月13日獲徵召參選以來，便主動當起最佳分身與代言人。今天，魏敬倫更推出自製短影音，陪爸爸拜票兼推廣王功漁火節，父女同心戰選情，成為選戰中的吸睛焦點。請繼續往下閱讀...魏平政今天也在臉書祝全天下爸爸父親節快樂，並分享女兒拍攝的短影音，結合彰化王功漁火節宣傳。他說，會持續為彰化認真做事、努力當一位好爸爸，也盼有機會成為一位「彰化好縣長」。魏平政的大女兒幫他打空戰，臉書宣傳王功漁火節活動，長相甜美，更不忘祝福每一位爸爸，父親節快樂。（圖擷取魏平政臉書）    ,https://news.ltn.com.tw/news/politics/breakingnews/5532825
兒子女兒差了20歲！魏平政正妹女兒變「選戰分身」,政治,2026/08/08 12:12,55歲再生老二的彰化縣長參選人魏平政（右），女兒兒子差了20歲，選舉期間，正妹女兒（右2）成了他的分身。（圖擷取魏平政臉書）今天是88父親節，國民黨彰化縣長參選人魏平政分享成年女兒魏敬倫拍攝的父親節短影音，父女倆感情相當好，女兒不只是幫爸爸送祝福，投入選戰後更成了他的「分身」，陪著他四處拜訪鄉親、一起跑行程。57歲的魏平政，2年多前透過試管人工生殖喜獲麟兒，女兒與兒子年齡相差近20歲，女兒今年從中山大學畢業，自他5月13日獲徵召參選以來，便主動當起最佳分身與代言人。今天，魏敬倫更推出自製短影音，陪爸爸拜票兼推廣王功漁火節，父女同心戰選情，成為選戰中的吸睛焦點。請繼續往下閱讀...魏平政今天也在臉書祝全天下爸爸父親節快樂，並分享女兒拍攝的短影音，結合彰化王功漁火節宣傳。他說，會持續為彰化認真做事、努力當一位好爸爸，也盼有機會成為一位「彰化好縣長」。魏平政的大女兒幫他打空戰，臉書宣傳王功漁火節活動，長相甜美，更不忘祝福每一位爸爸，父親節快樂。（圖擷取魏平政臉書）    ,https://news.ltn.com.tw/news/politics/breakingnews/5532825
沈伯洋搶進深藍大安掃街！ 酸蔣萬安「幸福變一團糟」,政治,2026/08/08 12:04,沈伯洋今到成功市場掃街。（記者王藝菘攝）民進黨台北市長參選人沈伯洋今（8）日搶進深藍選區，上午到大安區成功市場掃街，其實原本兩個月前就要到成功市場，當時因颱風攪局喊卡，還被國民黨籍台北市議員楊植斗酸「不在乎大安人」。沈伯洋今說，到每個市場都希望聆聽市民意見，不會管深藍、深綠選區，這不在考量之內。沈伯洋今上午到成功市場掃街，許多支持者熱情上前握手、求合照，沈也來者不拒，展現親和力。沈伯洋受訪被問到來深藍選區會不會怕被冷眼？沈說，到每個市場，就是希望聆聽大家意見，議員與參選人也都在這，成功市場是還在進行中的改建專案，沒有人希望延宕，都希望能迅速完成，現在有中繼的地方，後續迅速改建完成，這裡是可以成為標竿的，對於這件事他們來關心，看有沒有可以更精進的地方，也聆聽大家意見，不會去管深藍還是深綠選區，這都不在考量之內。請繼續往下閱讀...針對台北市長蔣萬安喊「南大安、北榮星」，被質疑都是現有的公園。沈伯洋說，這兩個都是存在已久的公園要改建，但如果真的有願景，需要得不只是榮星花園與大安森林公園，而是需要森林綠地遍佈整個台北市，這是他訪美回來不斷強調的「Shade Equity」（樹蔭平衡），樹蔭要平均在每個角落，不只特定區域。媒體也問，有網友發現，台北市長蔣萬安昨出席的「青春有愛・舞動幸福」快閃活動，現場看板竟將「happines」誤植「happimess」，直呼是「四邊包繩不打洞2.0」。沈伯洋說，活動倡議反毒是重要的，但有時可能螺絲鬆了，校稿沒有特別注意，happiness」（幸福）變成「mess」（混亂），幸福變成一團糟，與現在市府的行徑也是非常類似。另，中國海事局公告，受到颱風白海豚影響，對經過台灣海峽南口北上船舶實施交通管制。沈伯洋對此評論，以國際海洋公約來說，中國做的事情是完全違背國際規範的，絕對沒有因為颱風就可以在他人海域做交管，相信我們國家當然予以譴責。沈伯洋今到成功市場掃街。（記者王藝菘攝）沈伯洋今到成功市場掃街。（記者王藝菘攝）沈伯洋今到成功市場掃街。（記者王藝菘攝）沈伯洋今到成功市場掃街。（記者王藝菘攝）沈伯洋今到成功市場掃街。（記者王藝菘攝）沈伯洋今到成功市場掃街。（記者王藝菘攝）    ,https://news.ltn.com.tw/news/politics/breakingnews/5532799
楊植斗拋「沈下陳上」 沈伯洋批邏輯不通：蔣萬安造謠卻要對手退選,政治,2026/08/08 12:00,民進黨台北市長參選人沈伯洋上午到成功市場掃街受訪。（記者王藝菘攝）近期慈濟買BNT疫苗被詐騙案曝光，曾挨批「擋疫苗」的時任衛福部長陳時中終獲平反。台北市長蔣萬安反擊，當時政府要是採購充足就不需要民間出力；國民黨籍台北市議員楊植斗更說，乾脆民進黨立即換下現任台北市長參選人沈伯洋，改讓陳時中再選一次。沈伯洋今受訪批邏輯不清，蔣萬安當初抹黑造謠陳時中「擋疫苗」是事實，現在造謠的人不用負責，反而要他退選，邏輯有點奇怪。沈伯洋今至大安區成功市場掃街，會前接受媒體聯訪表示，蔣萬安曾說「慈濟與陳時中要相信哪一個？」事後證明，慈濟是被害人，陳時中是要擋住詐騙，保護被害人，竟然被蔣萬安抹黑，蔣當時在立院衛環委員會還擔任召委，有參加秘密會議，對於政府採購疫苗的難處完全知情，卻在走出會議後選擇造謠指責陳時中，請蔣萬安不要偷換概念，整件事情蔣把幫助者說成擋疫苗，應該清楚說明這件事情，不是換題目扯開話題。請繼續往下閱讀...沈伯洋強調，當時國際情勢，對全球來說，疫苗都不夠，大家心中一定都有焦慮，當時政府嚴守立場，一定要保護國人不要被詐騙，確保打到正確疫苗，明明陳時中選擇正確的事情，卻被抹黑，他還是要再說一次，真為當時的陳時中感到不值。對於楊植斗喊「沈下陳上」，沈伯洋表示，這件事情很詭異，邏輯要清楚一點，蔣萬安2022年造謠陳時中，把陳抹黑成擋疫苗的人，造謠是事實，造謠者總要負責吧？不管是要道歉或是如何，總是要有個行為吧？結果現在造謠者都不用負責，反而藍營問蔣的對手沈伯洋要不要退選，這邏輯怎麼看都有點奇怪，可以問問蔣萬安，是否贊成這樣的言論，是否贊成造謠都不用負責，然後對手要退選。    ,https://news.ltn.com.tw/news/politics/breakingnews/5532815
真相曝！日本贈台AZ是專門生產 他嘆：藍白說日本不要的,政治,2026/08/08 11:57,新冠疫情嚴峻期間，日本贈台上百萬劑AZ疫苗成及時雨。（資料照，駐日代表處提供）新冠疫情嚴峻期間，日本贈台上百萬劑AZ疫苗成及時雨。南投縣長參選人温世政昨（7日）透露秘辛，表示該批疫苗是透過關係層層牽線，牛津副校長請廠商生產一批AZ疫苗給台灣，怕中國阻撓，日本義氣幫忙先接收疫苗，再捐贈給台灣。對此，新北市議員卓冠廷表示，當時有大量的輿論在洗「日本只是將自己不打的疫苗送給台灣」；前桃園市議員王浩宇更嘆：「千辛萬苦弄過來，還要被藍白說日本不要的。」卓冠廷昨日在臉書發文表示，當年日本捐上百萬劑AZ，對台灣是及時雨。當時普遍解讀為台日友好，以及日本國內因311大地震而對台灣的恩情展現。但因為宣布捐贈的當下，日本厚勞省還沒宣布AZ施打計畫，也有大量的輿論在洗「日本只是將自己不打的疫苗送給台灣。」請繼續往下閱讀...而温世政透露的秘辛，證明台灣人等待的不是奇蹟，而是真的四處奔走為台灣找到疫苗：「由於AZ疫苗是牛津大學一位教授發明，自己（温世政）也曾接受過他的指導，因此透過就讀的聖艾德蒙學院的教授，牽線聯絡上該校的副校長，副校長答應請廠商開一條產線生產一批AZ疫苗給台灣。温世政說，因為台灣處境特殊，且怕中國從中阻撓，中央在日本義氣的幫忙下，由日本捐贈該批疫苗給台灣，因此疫苗先送日本，再由日本空運來台。」王浩宇則發文表示，原來那一年日本捐給台灣的AZ，其實是為台灣專門生產的。為了怕中國打壓，所以只好先送到日本，再用捐贈的名義送到台灣。「千辛萬苦弄過來，還要被藍白說日本不要的。」陳時中（左）在疫情期間忍辱負重，温世政（右）很不捨，也吐露當時買疫苗的一段秘辛。（資料照，記者陳鳳麗攝）    ,https://news.ltn.com.tw/news/politics/breakingnews/5532822
慈濟遭詐騙10.6億 AIT突發1文引網笑：真的很會……,政治,2026/08/08 11:43,前彰化律師公會理事長陳昱瑄，利用慈濟當年要購買BNT疫苗，誆稱握有疫苗採購管道，詐取慈濟基金會10.6億元。（擷自陳昱瑄臉書、中檢提供，本報合成）慈濟基金會在新冠疫情期間，為採購BNT疫苗卻遭疫苗掮客詐騙10.6億元，近日案件曝光後引起各界討論。巧合的是，美國在台協會（AIT）昨也罕見發文分享反詐騙的內容，並分享FBI致力打擊詐騙的成績，這番內容引發政治工作者周軒直呼「真的很會…」，網友們也紛紛表示「今天他們發這篇真的很巧合」、「FBI有考慮來台灣瓦解最大的詐騙集團嗎」。慈濟基金會2021年支付10.6億元，委託律師陳昱瑄協助採購BNT疫苗，卻多年未察覺異樣，直到調查局洗錢防制處從金融機構申報的可疑交易中，發現陳女及其名下公司頻繁提領鉅款，循異常金流追查才牽出整起疫苗採購騙局；慈濟經調查局聯繫查證後，才驚覺自己是受害者。請繼續往下閱讀...美國在台協會（AIT）昨發文分享，聯邦調查局局長巴特爾 （Kash Patel ） 推文表示：「在川普總統的領導下，FBI啟動『Operation Blackout』清剿行動，致力打擊全球詐騙產業：包含查扣價值逾150億美元的加密貨幣、瓦解數十座詐騙園區、逮捕數以百計的嫌犯、解救數以千計的人口販運受害者、關閉500多個投資詐騙網站、停用數百萬個詐騙帳戶、在超過1萬名美國公民遭騙前提供預警，守住逾5億美元的損失。FBI不再只是四處追捕詐騙犯，而是直接瓦解從中獲益的詐騙網絡。」周軒為此轉貼AIT發文的截圖，並直呼「真的很會…」。其他網友也紛紛留言表示「真的很美式幽默～棒」、「美國人真的很會」、「60隻薪水小偷也該好好查查」、「國會有過半詐騙集團順便一下」、「歡迎FBI CIA進駐台灣」、「FBI有考慮來台灣瓦解最大的詐騙集團嗎」。    ,https://news.ltn.com.tw/news/politics/breakingnews/5532748
徐巧芯控曾與騙慈濟律師合照 陳柏惟：當時未知且被動、對方強迫,政治,2026/08/08 11:42,民進黨立委陳柏惟。（資料照）彰化律師公會前理事長、律師陳昱瑄涉嫌勾結掮客，詐騙慈濟採購BNT疫苗10億多元。國民黨立委徐巧芯查出前立委陳柏惟2020年曾與陳昱瑄合照。對此，陳柏惟表示，他是未知並被動的情況，被對方強迫拉票合照，反觀國民黨配合中共欺負台灣人，才「十分噁芯」。徐巧芯日前指出，面對慈濟被騙10億多元，民進黨扯了一整天藍白，結果2016年林佳龍曾聘請陳昱瑄擔任台中市長法扶律師，2020陳昱瑄曾請陳柏惟幫忙拉票還法律諮詢，2021陳昱瑄與陳時中一起迎接疫苗抵台。請繼續往下閱讀...不過，陳柏惟也透過臉書說明，他是未知並被動的情況，被對方強迫拉票合照，他就不特別說明什麼了，但國民黨就是配合世界上最大的詐團中國共產黨，用疫苗的議題抹黑執政黨與欺負台灣人民，間接造成慈濟的財物損失，遂行陳時中落選，陳柏惟罷免的政治行為，然後現在贏筊又要贏話，「十分噁芯」。同時陳柏惟提出，國民黨立院黨團傅崐萁曾因炒作股票，違反證券交易法，兩度入監服刑，若徐巧芯與傅崐萁合照，就是主動與內線交易案犯人在已知的情況下合照。另外，徐巧芯大姑劉向婕涉犯指揮犯罪組織罪、加重詐欺取財罪共52罪，應執行有期徒刑10年，若兩人合照，則是主動與組織犯罪集團在不知是否知情合照。    ,https://news.ltn.com.tw/news/politics/breakingnews/5532804
拄拐杖還能跳起來被酸！柯文哲還原腳傷真相「貼貼布就好」,政治,2026/08/08 11:34,民眾黨創黨主席柯文哲今天回新竹市輔選，先前傳出腳傷拄拐杖，但慶生時竟能跳起來挨批是裝的，柯文哲今解釋十字韌帶沒斷，應該貼貼藥膏就好。（記者洪美秀攝）民眾黨創黨主席柯文哲今天一早在家鄉新竹市輔選，媒體詢問原本說有腳傷用拐杖，但慶生影片竟可以跳起來，遭外界質疑是裝的。柯文哲回應，以前戴那個電子腳環很容易撞到，因之前扭到一下子很痛還跌倒。但十字韌帶沒有斷，現在就先貼撒隆巴斯，再用護膝包起來，現在差不多不必再用那個拐杖了。今天是父親節，柯文哲一早就到新竹市中央市場陪同黨籍參選人掃街拜票，針對近期頻繁到新竹輔選及原本有腳傷拄柺杖，但慶生影片竟跳起來，被外界質疑是裝的。請繼續往下閱讀...柯文哲說，當然一定有輔選的行程，父親過世後，母親大多待在家中，有時間他會盡量回新竹探望母親，算是「一兼二顧」。柯文哲也解釋，因之前戴電子腳鐐很容易撞到，在浴室扭到一下很痛，所以跌倒，但他猜測韌帶沒有斷，陳佩琪是講了比較多。柯文哲說，現在貼上貼布再用護膝包起來，大概很快會好，而且用的拐杖也不標準，四腳拐主要是很嚴重傷勢才用，應該用單腳拐就可以，不過大概用護膝加貼布貼一貼固定就好。民眾黨創黨主席柯文哲今天回新竹市輔選。（記者洪美秀攝）    ,https://news.ltn.com.tw/news/politics/breakingnews/5532784
凱達格蘭論壇落幕 美加前官員逛文博會和「蜜柑站長」大合照,政治,2026/08/08 11:33,「凱達格蘭論壇：2026印太安全對話」與談訪賓於文化部主辦之「2026台灣文博會」與高捷蜜柑站長的人偶大合影。（外交部提供）「凱達格蘭論壇：2026印太安全對話」4日落幕，配合今年第10屆論壇，外交部特別為加拿大前國貿部長艾法斯（Ed Fast）、美國戰爭部前印太安全事務首席副助理部長羅尤（Jedidiah Royal）及波蘭外交部策略司首席參事亞慕儒（Tomasz Jamróż）等各國訪賓，安排後續企業與文化節目，參訪科技公司宏碁（Acer），並參加「2026台灣文博會」。外交部指出，訪團成員除於5日上午前往總統府晉見總統賴清德外，外交部也於當日下午及6日特別安排企業與文化參訪行程，拜會我國重要科技公司宏碁，參加「2026台灣文博會」，以及參訪代表性景點。請繼續往下閱讀...參訪宏碁期間，訪團成員由宏碁營運長高樹國親自接待，瞭解該公司在智慧醫療、人工智慧及數位轉型等領域的發展現況，以及如何運用醫療科技協助友邦及理念相近國家推動醫療科技合作，充分展現我國科技產業的創新能量與國際合作成果，呼應外交部長林佳龍的總合外交理念。外交部指出，訪團續於6日參與「2026台灣文博會」開幕式活動，與現場IP人偶熱烈互動合照，並接受導覽參觀展區，感受我國文創產業發展與年輕世代創新及創意動能。文化部安排「凱達格蘭論壇：2026印太安全對話」與談訪賓參與「2026台灣文博會」攤位導覽。（外交部提供）「凱達格蘭論壇：2026印太安全對話」與談訪賓於宏碁（Acer）聆聽簡報並體驗科技產品。（外交部提供）    ,https://news.ltn.com.tw/news/politics/breakingnews/5532779
被徐巧芯貼和詐慈濟律師合照！陳柏惟曬2照回擊 網笑翻：超兇,政治,2026/08/08 11:29,陳柏惟被貼與詐欺律師合照後PO照反擊。（取自陳柏惟臉書）慈濟委託律師陳昱瑄購買BNT疫苗，遭詐10.6億引發社會關注。國民黨立委徐巧芯在臉書發文，稱陳昱瑄曾被前台中市長林佳龍在任內聘為法扶律師，還找前立委陳柏惟拉票、法律諮詢，文中並附上一張陳柏惟與陳昱瑄的合照。沒想到，陳柏惟直接貼出徐巧芯哭倒在國民黨立院黨團總召傅崐萁懷裡的照片嗆「徐巧芯主動與內線交易案犯人在已知的情況下合照」，還貼出另張她與涉洗錢的大姑劉向婕合照。徐巧芯昨日下午5時許在臉書發文，批民進黨在慈濟遭詐案扯了一天藍白，結果2016年林佳龍聘請擔任台中市府法扶律師、2020請陳柏惟幫忙拉票。她還貼出2021年疫苗抵台時，陳昱瑄跟陳時中一起迎接的照片，並稱前總統蔡英文也用該張照片表達感謝。徐批評，說到底是政府採購疫苗無能，甚至不斷卡疫苗，才導致慈濟虧損，是陳時中應該向全民道歉，不是監督政府、催促疫苗進口的人要道歉。請繼續往下閱讀...又過了一會，徐巧芯才在內文中補充：「這些人或許那時候並不是知道這個律師做了這些事，所以真正要追溯的是律師的行為，而不是人民要跟陳時中道歉，混淆大家的記憶。」對此，陳柏惟在臉書粉專發出徐巧芯和傅崐萁、劉向婕的合照反擊。他澄清，自己是在未知並被動的情況被強迫合照。他曬出傅崐萁過去種種遭判刑紀錄表示，徐巧芯是主動與內線交易案犯人在已知的情況下合照；而和陳昱瑄合照則是主動與組織犯罪集團在不知是否知情情況下合照。他表示：「我就不特別說明什麼了，我主觀覺得國民黨就是配合世界上最大的詐團中國共產黨，用疫苗的議題抹黑執政黨與欺負台灣人民，間接造成慈濟的財物損失，遂行陳時中落選，陳柏惟罷免的政治行為，然後現在贏筊又要贏話，十分噁芯。」貼文下方，網友紛紛留言：「極度噁芯」、「應該是腦袋有洞才會想去嘴3Q 根本找屎（死）」、「讚啦，就喜歡3Q這麼兇」、「哈哈哈哈哈」、「她不只合照，還主動投懷送抱，矯哭在罪犯的懷裡」。    ,https://news.ltn.com.tw/news/politics/breakingnews/5532740
選前喊13萬社宅上任剩3萬 王婉諭籲：撤回退場條款、兌現承諾,政治,2026/08/08 11:23,時代力量黨主席王婉諭。（資料照）針對行政院新版社會住宅計畫將選前承諾的八年新增13萬戶大砍至3萬戶，時代力量黨主席王婉諭今痛批，賴政府宣稱創下歷史最有錢政府，卻親手砍掉年輕人十萬個家，不僅全面中止地方補助與刪除購地預算，更拆走地方自建樓梯，要求政府撤回退場條款，切實兌現13萬戶社宅承諾。王婉諭指出，總統賴清德8月4日才風光宣布明年歲入3.8兆元創歷史新高、40年來首度不必舉債還能還本2000億元，三天後就被民間團體揭穿社宅承諾縮水77％；台灣史上最有錢的政府，親手砍掉年輕人的十萬個家，一戶未蓋就毀約，不是政策調整，是騙票。請繼續往下閱讀...王婉諭表示，賴政府毀掉的不只是承諾，更是民間與中央、地方15年共同建立的社宅制度，新版計畫明定兩年後全面中止對地方興建社宅的補助，原編801億元購地預算整筆刪除；六都才以公文回報中央、未來八年將自建近4萬戶，台南市規劃3000戶僅獲分配77戶、高雄市規劃3956戶僅獲207戶，地方願意蓋，中央卻拆走樓梯，地方承諾的數字更在新計畫中整欄消失。王婉諭強調，股市與稅收屢創新高，貧富差距卻沒有縮小，社會住宅正是把經濟成長果實分給無資產青年的社會投資；分配正義是社會團結的資本，社會團結才是抗中保台的本錢，零舉債的總預算證明國防與社宅根本無須二選一，政府做得到，只是不想做，因此要求賴政府撤回斷絕地方補助、刪除購地預算的退場條款，兌現13萬戶社宅承諾，並將和民間團體、所有租屋世代站在一起，用行動要求政府做到。    ,https://news.ltn.com.tw/news/politics/breakingnews/5532780
藍營側翼竟是共諜！買全台個資恐嚇  苗博雅要國民黨踹共,政治,2026/08/08 11:16,台北市議員苗博雅。（資料照）台北地檢署查出男子黃柏崴、「黑夜奇俠」王大偉在暗網購買高達5千萬筆全台戶籍與勞健保個資。黃曾因不滿台北市議員苗博雅的政治立場，到苗的臉書公開其身分證字號、地址，王則曾在網路公布輝達執行長黃仁勳身分證字號。對此，受害者苗博雅表示，收到廣大支持者關心，對此表達感謝並指出，台北地檢署檢察官勇於任事、毋枉毋縱，成功偵破危害社會安全的恐嚇案與共諜案，此舉有助於改善廣大民眾對台灣司法的信心。苗博雅昨於社群平台發文指出，「黑夜奇俠」王大偉與黃柏崴2人的犯行絕非單純的網路吵架或肉搜，而是有計畫性地以非法方式購買數千萬筆個資，並有組織地散佈反藍人士個資，甚至放話威脅「綠色畜X家破人亡」製造寒蟬效應。請繼續往下閱讀...苗博雅透露，黃男不僅公布他的個資與住址，還以仇恨言語威脅堵人，嚴重影響家人與親友安全，希望法院查明數千萬筆個資的經費、恐嚇犯行是否受人指揮。苗博雅直指，黃男與王男為同夥，黃男更被共產黨吸收成為共諜，而「黑夜奇俠」王大偉過去曾受國民黨中央邀請開會的藍軍網路側翼。「國民黨為何找專門違法公布個資的罪犯合作？合作什麼事？要透過網路側翼恐嚇，創造網路寒蟬效應嗎？」苗博雅進一步質疑，「國民黨嘴巴罵別人有網軍，實際上找的藍營側翼，是違法公布個資、恐嚇的罪犯，還跟共諜有關聯。國民黨到底和這些藍側翼什麼關係？國民黨該說清楚」。據了解，檢調查出，黃、王於2023年間，以5千顆泰達（USDT）在暗網購入內有2357萬筆戶籍資料及2812萬筆勞健保個資的檔案。此外，黃柏崴還被中方吸收成為共諜，由雲林縣長秘書施亮言提供縣長張麗善於2024年赴日機密行程後洩漏給中方。檢方近日依涉犯國家安全法、個人資料保護法及行賄等罪嫌，起訴黃、王及施共12人，其中，黃3罪合計被求刑13年、王則求刑4年。     在 Threads 查看雲林縣長張麗善 身邊有共諜 洩露張訪日行程給中共 前秘書施亮言起訴苗博雅昨於社群平台發文指出，「黑夜奇俠」王大偉與黃柏崴2人的犯行絕非單純的網路吵架或肉搜，而是有計畫性地以非法方式購買數千萬筆個資，並有組織地散佈反藍人士個資，甚至放話威脅「綠色畜X家破人亡」製造寒蟬效應。（圖翻攝自苗博雅Threads）    ,https://news.ltn.com.tw/news/politics/breakingnews/5532705
日本前防衛大臣小野寺五典率團訪台 將與台美日專家進行印太政策模擬,政治,2026/08/08 11:15,外交部長林佳龍（左）歡迎參議員有村治子（右）以自民黨總務會長身分首度訪台。（外交部提供）外交部長林佳龍昨（7日）接見「日本戰略研究論壇」暨「福和會」一行。日本眾議員、前防衛大臣小野寺五典表示，感謝台灣對熊本震災的關懷與協助；「日本戰略研究論壇」長期進行政策模擬，此次首度在台與相關人士研析緊急情勢應處方式，期深化彼此經驗交流。外交部說明，訪賓包含前防衛大臣小野寺五典、自民黨總務會長有村治子、前法務大臣山下貴司、眾議員大塚拓、眾議員鹿嶋祐介、「日本戰略研究論壇」（JFSS）副會長島田和久、「福和會」終身榮譽理事長兼國策顧問林逸民等。請繼續往下閱讀...林佳龍表示，熊本震災後，台灣社會持續關注災區重建，外交部立即設立捐款專戶，迄今累計捐款逾1萬5千筆，善款超過新台幣2億元，另尚不含台積電等企業的捐助，充分展現台灣對日本的深厚情誼。小野寺五典表示，感謝台灣對熊本震災的關懷與協助，並表示「日本戰略研究論壇」長期進行政策模擬，此次首度在台與「福和會」共同邀集台日美相關人士，研析緊急情勢應處方式，期深化彼此經驗交流。外交部指出，「日本戰略研究論壇」及「福和會」長期關注印太區域情勢與緊急情勢應處，此次首度在台邀集日本國會議員與台日美專家進行政策模擬，充分展現各方對維護區域和平穩定的高度重視，將有助深化台日美夥伴合作及經驗交流，共同為印太區域和平穩定貢獻力量。    ,https://news.ltn.com.tw/news/politics/breakingnews/5532770
柯志恩嗆「不會跟陳時中道歉！」 吳靜怡：變相的轉彎挺詐騙集團,政治,2026/08/08 11:08,慈濟基金會為採購BNT疫苗卻遭掮客詐騙10.6億元，綠營為此提出，當時攻擊的藍白政治人物應向時任衛福部長的陳時中道歉，高雄市長參選人柯志恩卻直接回嗆「不會道歉」。（資料照，記者葛祐豪翻攝）慈濟基金會為採購BNT疫苗卻遭掮客詐騙10.6億元，案件曝光後引起各界討論，但就在綠營提出，當時攻擊抹黑的藍白政治人物應向時任衛福部長的陳時中道歉，高雄市長參選人柯志恩卻直接回嗆「不會道歉」。對此媒體人吳靜怡質疑，當時國民黨把陳時中、高端、BNT罵得震天價響，但高雄人最後留下的評價是六都最高。吳靜怡也直言，還要再打一場疫苗戰嗎？不了解高雄就別選了吧！吳靜怡在臉書發文指出，柯志恩確定要戰疫苗？當年高雄逾六成肯定陳時中防疫！如今慈濟10億遭疫苗掮客詐騙，當年把「把關」罵成「阻擋」的人，不該先道歉嗎？請繼續往下閱讀...柯志恩一句：「我不會跟陳時中道歉！」然後藍白陣營再次把高端、政府採購太慢全部搬回來包裝成政治語言到處攻擊，引起網路瞬間討論度最高，不過吳靜怡對此直言，「柯志恩啊！妳確定2026年的高雄市長選舉，還要再打一場疫苗戰嗎？不了解高雄就別選了吧！」吳靜怡分析，2022年7月陳時中卸任前民調，全國對防疫團隊平均評價65.17分，高雄更達66.55分，近7成給60分以上、43.1%直接給80分以上。國民黨當年把陳時中、高端、BNT罵得震天價響，但高雄人最後留下的評價是六都最高。吳靜怡批評，柯志恩當年是如何尖酸刻薄地進行政治抹黑？她曾高調公開嗆聲：「政府硬要卡疫苗，就是心中沒有百姓！」 甚至痛批衛福部的嚴格審查機制是「拿國人健康開玩笑、把民間善意當敵人！」如今司法調查證實詐騙集團利用人心急迫橫行斂財，當年那些高分貝指責指揮中心、造謠抹黑的「柯志恩們」，是不是欠全體防疫團隊與國人一個遲到的鄭重道歉？吳靜怡也諷刺，柯志恩可以不在乎民調，但勿忘韓國瑜！高雄人曾經在疫情期間採取行動，用93萬9090張罷免票告訴國民黨，不要把高雄再次變成全國政黨戰爭的舞台，疫苗案跟罷韓當然是不同事件，但時空和政治記憶是高度重疊的，柯志恩花了多年證明自己「不是韓國瑜」、「這個柯不一樣」，現在卻主動把2026高雄選舉拖回陳時中、高端、BNT，反而正在喚起國民黨最不想被喚醒的高雄政治記憶。吳靜怡直言，國民黨如果選擇全面護航、繼續把疫苗舊戰場炒成政治提款機，最後恐怕只會讓更多台灣人重新比較疫情之後，台灣守住了社會運作與經濟韌性，中國卻曾以極端封控走向近乎鎖國，後續經濟與社會代價至今仍在消化。吳靜怡在文末強調，不要拿慈濟人的悲慟在傷口灑鹽，柯志恩們這樣變相的轉彎挺詐騙集團，不只被高雄人看破，票一張也都不會多！    ,https://news.ltn.com.tw/news/politics/breakingnews/5532697
父親節行程滿檔無法陪女兒 沈伯洋曝一早被「挖起床」,政治,2026/08/08 10:57,沈伯洋上午到成功市場掃街接受聯訪。（記者王藝菘攝）今天（8）日是父親節，民進黨台北市長參選人沈伯洋行程滿檔。他透露，因為今天沒辦法跟女兒一起過節，女兒一早就把他挖起來，並送上畫作作為父親節禮物，兩人也把握上午跑行程前空檔，度過了短暫愉快的父女時光。沈伯洋今一早到大安區成功市場掃街，會前受訪說，昨天一回到家，女兒就準備非常多父親節禮物，很開心地說要先送一部分，因為女兒很喜歡畫畫，禮物就是一整疊畫作，昨天先送了三張。請繼續往下閱讀...沈伯洋說，因為太太有跟女兒說，今天他行程滿檔，兩人沒辦法一起過父親節，所以女兒今天早早就把他挖起床，把剩下的畫都送給他，在他要出門時也離情依依，有點不讓他走，但總之上午兩人度過愉快的父女時光，很仔細把畫作全部重新解讀一遍。    ,https://news.ltn.com.tw/news/politics/breakingnews/5532752
父親節喊照顧全世代父親 蘇巧慧再談生育、育兒及高齡照顧政見,政治,2026/08/08 10:52,民進黨立委、新北市長參選人蘇巧慧表示，祝福各位爸爸父親節快樂，她也希望用實際行動支持每一位父親，因此分別提出生育、育兒及高齡照顧政見。（蘇巧慧競辦提供）今（8）日適逢父親節，民進黨立委、新北市長參選人蘇巧慧表示，祝福各位爸爸父親節快樂，她也希望用實際行動支持每一位父親，因此分別提出生育、育兒及高齡照顧政見，期望照顧到所有世代的父親，過去她在中央爭取的各項補助和政績，未來也會持續轉化成照顧市民更完整的照顧政策。蘇巧慧指出，準爸爸需要面對生育、工作及居住等現實壓力，過去她在立法院一直爭取相關資源，包括不孕症補助每胎最高15萬元、陪產檢與陪產假期延長，以及育兒彈性縮減工時，提供薪資補貼與職代津貼等政策，未來她也將推動試辦「青年育兒宅」，讓符合條件的育兒家庭最高可租20年，以及「擴大新生兒篩檢項目及補助」，讓年輕家庭在生育、工作與居住上都獲得更多支持。請繼續往下閱讀...針對正在養育孩子的家庭，蘇巧慧表示，她過去不僅爭取新生兒每胎可領10萬元，及育兒留職停薪最高延長到6歲，她的三大家庭照顧政見中，未來也將推動「聯合企業組隊」，主動媒合企業組隊設托，並承諾企業在設置托育單位的前三年，如有虧損將補助50%，另也會開辦夜間托育、成立臨時托育查詢平台，打造更完整的育兒支持系統。蘇巧慧說，她也要「照顧爸爸的爸爸」，未來她將落實65歲假牙補助最高5萬元，讓長輩有好的牙口進食，並且將住宿式長照機構的補助金從每年18萬元提升至24萬元，也增加夜間緊急住宿量能，提供臨時住宿補助金，若長輩進行住院治療，她也將打破出院照顧的空窗期，讓居家服務和輔具一次到位。    ,https://news.ltn.com.tw/news/politics/breakingnews/5532730
慈濟買BNT遭詐10.6億！莊競程爆「秘密會議」揭蔣萬安當年秘辛,政治,2026/08/08 10:50,莊程程揭露新冠肺炎疫情時與蔣萬安共同擔任立院衛環委員會召委，蔣召開一場秘密會議，對於陳時中會中說明疫苗採購的進度與困境，都很了解。（翻攝自莊競程臉書）慈濟疫情期間採購BNT疫苗遭詐10.6億元，2021年時任衛福部長陳時中曾多次示警有掮客詐騙風險，卻遭當時藍營質疑是擋疫苗，時任台中市立委的莊競程表示，當時他與蔣萬安共同擔任立院衛環委員會召委，蔣萬安召開一場秘密會議，經陳時中說明後了解政府疫苗採購的進度與困難，卻對外放話政府阻擋疫苗採購等謠言，感慨把全民防疫變成政治攻防的工具。當年曾因疫苗採購與政府隔空交鋒的台北市長蔣萬安，過去曾公開喊話「要相信慈濟，還是相信民進黨？」批評政府對民間採購疫苗設下重重限制，曾嗆「這些過程中的刁難、阻擋，陳時中忘了，民眾可不會輕易忘記」，如今慈濟採購BNT反遭詐騙，相關言論也再度被翻出檢視，昨受訪卻稱「當時政府買夠疫苗，民間就不用採購！」請繼續往下閱讀...民進黨新竹市長參選人莊競程還原揭露他所知的另一段內幕，直指當年疫情最嚴峻之際，他與蔣萬安共同擔任立法院衛生環境委員會召集委員，蔣萬安曾召開一場秘密會議，邀時任衛福部長陳時中說明疫苗採購情況。莊競程表示，由於涉及國際採購談判及保密協議，陳時中當時在會中向所有與會委員完整說明疫苗採購過程，包括全球疫苗供不應求、各國競逐有限供貨，以及政府面臨的國際競爭、外交壓力與保密限制，「在會議中，他們提不出任何足以推翻事實的質疑。」莊競程說，令人遺憾的是，走出會議室後，部分人士卻開始對外散播「政府阻擋疫苗採購」、「政府不願意買疫苗」等說法，刻意忽略自己在秘密會議中早已知道的真相，把全民防疫變成政治攻防的工具。莊競程認為，這些說法刻意忽略在秘密會議中已經了解的採購困境，讓全民防疫變成政治攻防工具。他強調，疫情不分藍綠，面對國家危難，人民需要的是團結與信任，而不是明知真相後仍製造對立。莊競程也表示，負責任的政治人物當然可以監督政府、要求檢討，但「絕不能拿人民的生命安全來操作政治」，唯有團結才能守住疫情，唯有誠實才能守住人民對政府的信任。莊程程揭露新冠肺炎疫情時與蔣萬安共同擔任立院衛環委員會召委，蔣曾召開一場秘密會議，陳時中會中說明疫苗採購的進度與困境。（翻攝自莊競程臉書）    ,https://news.ltn.com.tw/news/politics/breakingnews/5532723
颱風來襲 徐欣瑩發動認購五峰水梨,政治,2026/08/08 10:45,五峰水梨正要上市，卻面臨颱風來襲挑戰，農友只好忙著搶收。（徐欣瑩辦公室提供）國民黨提名下屆縣長參選人、立委徐欣瑩因應白海豚颱風來襲，接獲五峰鄉果農擔心血本無歸而搶收水梨，她今天在臉書發起認購水梨，挺農友活動。徐欣瑩說，颱風「白海豚」來襲，新竹縣五峰鄉水梨緊急採收、農民擔心滯銷。她接獲五峰鄉長秋維書反映農民困境，今天早上決定透過臉書緊急呼籲「搶救五峰水梨」，再次向新竹科學園區各界企業、社團及全國善心人士拜託協助認購，協助果農渡過難關。請繼續往下閱讀...她說，今年7月巴威颱風重創尖石、五峰山區，那時候正值水蜜桃產季，農民們冒雨搶收，當時她立即發起認購，也拜託企業界、社團以及所有願意幫忙的朋友一起伸出援手，她也號召親友認購了1000盒。五峰鄉水梨口感清甜，是當地原鄉農家歷經無數次施肥、疏果與套袋後才能收成，更是農民的主要經濟來源。然而，先前巴威颱風已讓五峰水梨遭受衝擊，農民苦不堪言，但現在又要緊急搶收；果農為了避免心血泡湯，現在能做的就是趕在下一波風雨來以前，能摘一顆是一顆。徐欣瑩說，大家買的是1箱水果，但對農民來說，那是一整年的生活。歡迎新竹科學園區企業、各大社團及社會大眾一起優先選擇五峰水梨，給原鄉農民最直接的實質支持。認購作業請洽五峰鄉公所農業課03-5851001。分機410 林先生。五峰水梨正要上市，卻面臨颱風來襲挑戰，農友搶收，立委徐欣瑩今號召大家認購。（徐欣瑩辦公室提供）五峰水梨正進入盛產季，今卻面臨颱風來襲挑戰。（徐欣瑩辦公室提供）    ,https://news.ltn.com.tw/news/politics/breakingnews/5532731
參選北市長第一站請益陳時中 沈伯洋曝他提醒「2件事」,政治,2026/08/08 10:43,吳思瑤（右）透露，沈伯洋（左）準備選台北長，第一位就拜會陳時中（中）請益。（取自吳思瑤臉書）近期慈濟買BNT疫苗被詐騙案曝光，曾挨批「擋疫苗」的時任衛福部長陳時中終獲平反。民進黨台北市長參選人沈伯洋競選總幹事吳思瑤，昨（7）日也在臉書貼出，沈準備參選，第一位就拜會陳時中。沈伯洋今受訪也說，陳時中提醒了他「兩件事」，一是希望延續其政見，第二則提醒要注意選戰的抹黑與造謠。吳思瑤臉書貼文指出，沈伯洋參選，準備工作很早就開始，非常用心，陳時中就是請益市政的第一位，陳時中也以過來人的身分給予叮嚀，雖然政見不如政治攻防那樣吸睛受重視，但參選市長就是要負責任提出城市願景；此外要勤走基層，盡量握每一雙手，走遍每一個社區；對手團隊勢必會無所不用其極進行抹黑攻擊，全力慎防之外，更不要忘記參選的初心，保持正向思考，不要因為選舉讓自己變得猙獰了，那就跟對手一樣了。請繼續往下閱讀...沈伯洋今上午至大安區成功市場掃街受訪指出，當時找陳時中還是以前頭髮比較多的髮型，當時陳有跟他說很遺憾2022年提出的許多政策，其實都對台北市民有助益，希望改變台北，但沒有做到，希望他幫忙延續。第二，陳時中也語重心長跟他說要慎防造謠，當時常常早上公布政策，下午就被造謠，結果新聞焦點都在造謠上，完全沒辦法讓市民知道政策能帶來什麼協助，陳認為他也會碰到相同狀況。沈伯洋也說，2022年他曾在國際智庫寫過一篇「陳時中怎樣被攻擊」的報告，對於過程鉅細靡遺整理，他都很清楚，希望未來不要遇到一樣的事情，畢竟對手還是同一人。    ,https://news.ltn.com.tw/news/politics/breakingnews/5532735
謝金河批「疫苗說」有失公允  蔣萬安：有人要洗人民記憶但洗不掉,政治,2026/08/08 10:34,對於謝金河批評疫苗說有失公允，蔣萬安回嗆說，有些人要洗人民的記憶，記憶是不會被洗掉的。（記者方賓照攝）慈濟疫情期間採購BNT疫苗遭詐10.6億元，2021年時任衛福部長陳時中曾多次勸告小心國際掮客，遭包括當時競選對手的台北市長蔣萬安等藍營人士質疑擋疫苗；財信傳媒董事長謝金河批蔣萬安昨稱「當時政府買夠疫苗，民間就不用採購」的說法有失公允，很多人顛倒黑白，令人痛心。蔣萬安今（8）回應說，今天有些人要洗人民的記憶，記憶是不會被洗掉的。蔣萬安今天主持白海豚颱風應變會議，對於謝金河的說法回應，他還是要感謝在疫情期間，民間團體、企業當時集資採購疫苗，能夠讓國人施打；另一方面也特別感謝在疫情期間，第一線守護人民生命健康安全的醫護人員。請繼續往下閱讀...接著他話鋒一轉說，今天有些人要洗人民的記憶，記憶是不會被洗掉的。尤其是政府當時阻擋疫苗、為特定疫苗業者講話，人民搶打疫苗搶不到的慘痛經過，包括3+11、包括當時說萬華是破口這些慘痛的記憶，人民是不會忘記的。    ,https://news.ltn.com.tw/news/politics/breakingnews/5532714
鄭麗文喊獨立是「街頭混混」說法 簡舒培嗆蔣萬安：也要競選混混？,政治,2026/08/08 10:31,民進黨台北市長參選人沈伯洋到成功市場拜票，媒體聯訪民進黨台北市議員簡舒培。（記者王藝菘攝）國民黨主席鄭麗文接受節目「政經關不了」專訪，被問到「台灣的現況就是和平的獨立者」的說法，她強調，「台灣從來沒有獨立過，台灣也從來不是一個國家」，民進黨說台灣已經獨立是胡說八道，根本就是街頭混混的講法。民進黨籍台北市議員簡舒培今（8）日批評邏輯很奇怪，她也隔空問台北市長蔣萬安是否認同？蔣萬安也要競選「混混」嗎？簡舒培今與民進黨台北市長參選人沈伯洋前往大安區成功市場掃街，會前共同接受聯訪，被問到鄭麗文言論，簡舒培說，台灣是不是獨立國家？現在我們正在選自己的首都市長，而國民黨每次總統大選，也都有派候選人來選總統，難道這些人也是混混嗎？這不是很奇怪的邏輯嗎？請繼續往下閱讀...簡舒培說，鄭麗文這番言論，她一樣要問問蔣萬安，認同鄭麗文的說法嗎？蔣萬安現在也要競選「混混」嗎？簡舒培今與民進黨台北市長參選人沈伯洋前往大安區成功市場掃街。（記者甘孟霖攝）    ,https://news.ltn.com.tw/news/politics/breakingnews/5532718
向超人爸爸致敬！綠5戰將接力推「國家一起養」 賴蕭驚喜入鏡,政治,2026/08/08 10:31,民進黨邀請台北市長參選人沈伯洋、桃園市長參選人黃世杰、新竹市長參選人莊競程、宜蘭縣長參選人林國漳及南投縣長參選人温世政，共同拍攝「國家陪你一起養」短影音。（圖擷自民進黨臉書）今天（8日）是一年一度的父親節，民進黨推出系列特別企劃，邀請台北市長參選人沈伯洋、桃園市長參選人黃世杰、新竹市長參選人莊競程、宜蘭縣長參選人林國漳及南投縣長參選人温世政，共同拍攝「迷因風」短影音，透過網路梗宣傳「加薪、減稅、增福利、少負擔」理念，展現「國家陪你一起養」願景。賴清德總統與蕭美琴副總統也驚喜入鏡擔任彩蛋，與參選人隔空互動增添趣味。民進黨說明，推動福利國家、打造「台灣好生活」，是中央執政團隊與縣市好人才們的共同理念，政府持續從托育、教育、居住、職場及育兒支持等面向完善人口對策，協助年輕家庭減輕生活負擔，讓民眾更安心成家、養育下一代。請繼續往下閱讀...在托育與教育方面，政府持續降低育兒與教育支出，2歲前幼兒不論送托或自行照顧，每月最高補助已提高至1萬5000元；2歲後就讀幼兒園，每月僅需負擔1000-3000元。同時持續擴大平價托育量能，透過租稅減免鼓勵企業設置托育設施，並增設公部門及國營事業托育服務，全台公托及準公共托育每年可服務超過11萬名幼兒。除落實12年國教免學費外，私立大專校院學生每年可獲3萬5000元學雜費減免，弱勢學生再加碼最高2萬元；另提供校內住宿補貼、學貸利率從1.775%調降至0.775%，並延長還款寬限期至2年，全方位陪伴孩子從幼兒到大學的成長歷程。針對年輕家庭關心的居住與職場環境，民進黨指出，政府推動擴大40%社會住宅作為「婚育宅」，讓育有0至6歲幼童的家庭可安心居住最長12年，並享有房屋稅、地價稅最低得免繳等優惠；租金補貼也針對新婚及育兒家庭加碼，最高可補助至租金全額，社宅包租代管另提供每年最高6000元的育兒居家安全修繕補助。此外，育嬰留職停薪申請放寬至孩子6歲前，雙親合計可彈性以「日」為單位請假120天，並各自享有投保薪資80%的「6+3個月」育嬰留停津貼；彈性工時適用年齡延長至孩子12歲前，家長每天可提前1小時下班或彈性上下班，搭配延長婚假、產假及陪產假，持續打造更友善的職場育兒環境。民進黨進一步表示，經濟發展成果應由全民共享，政府也持續落實「投資下一代」政策，規劃自明年起推動0至18歲成長津貼，每位孩子每月發放5000元，預計約307萬人受惠。其中，6至18歲採半數現金、半數存入保證獲利基金的方式，讓孩子年滿18歲時至少可領取36萬元，作為升學或創業基金；從出生到成年，國家透過成長津貼累計投資每位孩子至少108萬元，陪伴下一代穩健成長。民進黨說明，中央政府將持續推動各項育兒支持措施，透過更完善的福利制度，降低年輕家庭生活壓力，落實「國家陪你一起養」的政策承諾。此次父親節系列短影音已陸續於民進黨各社群平台發布，每支影片片尾都安排驚喜彩蛋，歡迎民眾踴躍分享，一起認識政策、支持好生活，也祝福全天下的超人爸爸們父親節快樂。    ,https://news.ltn.com.tw/news/politics/breakingnews/5532722
傳石崇良、姜至剛請辭  蔣萬安這樣說,政治,2026/08/08 10:20,傳石崇良、姜至剛請辭，蔣萬安反問「難道沒有人需要負責嗎？」（記者方賓照攝）中聯毒油案延燒至今，外傳衛福部長石崇良、食藥署長姜至剛等人傳出已提請辭，台北市長蔣萬安今（8日）表示包括20%標準、國營事業台糖發現毒油超標未通報，「行政院難道沒有人需要負責嗎？」蔣萬安今天主持白海豚颱風應變會議，對石崇良跟姜至剛傳出請辭，以及石崇良當初曾在會議上有說，要求全面性的預防下架是他自己做的政治決定一事表示，行政院食安辦有參與20%標準的關鍵會議、國營事業台糖對於發現毒油超標的事情竟然沒有通報，這件事情行政院難道沒有人需要負責嗎？那總統說食安即國安，「請問國安會議到底召開了沒有？」    ,https://news.ltn.com.tw/news/politics/breakingnews/5532706
父親節曬暖心好禮！林國漳曝愛女手作貼圖 預告專屬款將上架,政治,2026/08/08 10:15,林國漳預告團隊現正籌備專屬貼圖，走進民眾生活日常。（林國漳競辦提供）民進黨宜蘭縣長參選人林國漳平時勤走基層，親和力十足，適逢溫馨父親節，他今天在臉書分享身為人父的喜悅，透露目前自己最常用的通訊軟體貼圖大有來頭，正是女兒親自設計的禮物，倍感溫馨，並預告團隊正籌備專屬貼圖，準備走入民眾日常，時刻陪伴著大家。林國漳說，每次打開通訊軟體，只要按下一張張女兒設計的貼圖，都會瞬間回憶起收到心意時的無限感動，這份禮物雖然不是市面上最昂貴的精品，卻是他心中最無價且最珍視的寶藏，讓他在繁忙行程中感受到家人支持。請繼續往下閱讀...談及自己父親對自己的深刻影響。林國漳回憶，從小看著父親用行動教會他責任與付出，成為人父後，他更能體會父親當年辛勞，期許自己成為值得女兒信賴的靠山，努力不缺席成長時刻，並學會用多元角度看待愛。趁著溫馨佳節，林國漳於臉書向民眾分享這組「偶爸的日常」限定貼圖，共有兩組設計。他笑稱，父親節心意最重要，鼓勵大家把平常不好意思說出口的關心，透過貼圖傳遞出去，並也悄悄預告，團隊現正籌備專屬貼圖，敬請拭目以待。林國漳說，期望未來用更多有趣、充滿溫度的貼圖，來陪伴並點綴鄉親朋友的日常對話，在這充滿感恩與祝福的日子裡，真誠地向社會大眾傳遞正向能量，最後並深深祝福全天下所有偉大的爸爸，父親節快樂！父親節曬暖心好禮，林國漳曝愛女手作貼圖。（林國漳競辦提供）林國漳女兒為父親製作暖心貼圖，時刻陪伴著爸爸。（林國漳競辦提供）    ,https://news.ltn.com.tw/news/politics/breakingnews/5532709
還陳時中清白！謝志偉揭BNT原廠直送內幕嗆造謠者臉皮厚,政治,2026/08/08 10:05,BNT疫苗示意圖，圖與新聞事件無關。（路透資料照）慈濟基金會2021年採購BNT疫苗過程遭詐騙引發軒然大波。駐歐盟兼駐比利時代表謝志偉今發文還原當年BNT疫苗採購內幕，揭露前總統蔡英文當時曾親自致電交代關鍵任務。他透露，當時蔡英文特別叮囑，必須向德國經濟部官員確認，BNT疫苗絕對要從德國或歐洲原廠出貨，且絕不能經過「第三地」進行分裝。謝志偉今日發文指出，強調他當年確實完成國家交付的重任，嚴格把關疫苗品質與供應鏈安全，防止任何潛在風險影響國人健康。針對過去疫苗爭議期間遭受的各項指控，他強力反駁當時針對前衛福部長陳時中、民進黨政府以及駐德代表處的相關說法，更酸說「當年造謠妖魔、鬼怪及政黨如今是否至少會感到臉紅？顧及他們臉皮都很厚，我可以等到天亮」。請繼續往下閱讀...謝志偉直言民間與在野黨監督政府完全合情合理，但若是透過造謠誣衊、甚至充當敵國禍台馬前卒，絕對無法原諒。若任由是非不分的情況發展下去恐將後患無窮，甚至危及台灣的自由民主。    ,https://news.ltn.com.tw/news/politics/breakingnews/5532668
李四川父親節臉書PO文分享「好消息」,政治,2026/08/08 09:54,國民黨新北市長參選人李四川分享他與義消夫婦的奇妙緣份。（摘自李四川臉書）國民黨新北市長參選人李四川8日父親節在臉書上PO文分享「好消息」，他表示，這個父親節，對他來說是特別的，因為今年跑遍新北29個行政區，遇到的人多，故事也多，一對義消夫妻的兩件人生大事——從結婚到生子，就這麼剛好，都被他都遇上了，3月時他們拿著當年由他當證婚人的結婚證書來找他簽名留念，父親節前夕，再遇到這對夫妻的爸爸，他拿著手機裡孫子的照片跑過來「川伯，我兒子結婚時你當證婚人，後來在義消聚會又碰上一起拍照，昨天小孩出生了！」有緣人，講的是彼此祝福。李四川說，說實在，當下心情很複雜，一是恭喜祝福，二是感動彼此有緣，三是想起多年前自己當爸爸的那一天，恭喜這位義消弟兄。從這一天開始，「你多了一個身分，而這個身分，沒有卸任的一天，你會看著他笑，跟著他哭。陪著他長大，也陪著自己長大。為了他更勇敢，也變得無所畏懼。因為爸爸這兩個字，一旦被喊出來，就是一輩子。」請繼續往下閱讀...李四川表示，這幾個月，他陸續提出好孕專車延長、運動中心試辦免費臨托、興建室內大型親子館、企業托育等，這些政見的起點，其實就是他當年剛當上爸爸的那份心情——又興奮，又有壓力。「我想起我的孩子來到我們夫妻身邊，是我這輩子最幸福的事。」「爸爸」這個詞有重量，在我身上擔了好多年。這個重量我拿不掉，但我可以想辦法，讓它輕一點。兒子對我來說，依舊是孩子。盼他健康順利，也盼所有的爸爸，別忘了對自己好一點。從當爸爸的那一天開始——責任是一輩子的，幸福也是一輩子的。祝天下爸爸們父親節快樂。    ,https://news.ltn.com.tw/news/politics/breakingnews/5532694
國民黨AI發言人鄭小文初登場就出包 批毒油連「姜至剛」都打錯,政治,2026/08/08 09:46,初登場的國民黨AI發言人鄭小文，在國民黨提供的影片中，搞錯食藥署長「姜至剛」的名字為「姜志剛」。（國民黨提供）首次上稿 08-07 23:20更新時間 08-08 09:46（新增影片）國民黨昨天公布AI發言人「鄭小文」，並提供鄭小文評論毒油風暴的影片。不過初登場的鄭小文，在國民黨提供的影片中，卻搞錯食藥署長「姜至剛」的名字，打成「姜志剛」。請繼續往下閱讀...鄭小文表示，7月4日那場會議，食安辦主任許輔強調第二層產品全面下架，會牽連第三層、第四層產品。「請問許輔，你擔心的是民眾吃到毒油，還是業者下架太多？」鄭小文說，食藥署長「姜志剛」（正確為姜至剛）在會議中主動提出，第二層業者的調和油產品是否需要全面回收，這是刻意要引導會議結論方向，還是背後有更高層的指示呢？為什麼要讓全國追問整整1個月，會議紀錄才可公開。鄭小文說，中聯出事1個多月、總統賴清德神隱，20％爭議延燒、賴清德也是神隱，會議紀錄蓋牌、賴清德還是神隱，台糖通報疑雲、賴清德依然神隱，好不容易開口，不是道歉、不是究責官員下台，更不是解釋20％誰決定，而是跑去攻擊地方首長。人民很清楚，真正的食安破口就是賴清德政府自己。鄭小文彷彿國民黨主席鄭麗文分身，有網友在國民黨臉書留言酸：「AI發言人會代替真人道歉認錯嗎」、「不敢出真人？怕拖累選情啊」、「鄭麗文是不是不敢出來」、「孫中山哭死」；不過，也有網友支持說，「鄭小文太可愛了 我好愛」、「有改變就能創造力量！」對於姜至剛名字誤植為姜志剛，國民黨今天上午發現錯字，重新發佈的影片已做更正。    ,https://news.ltn.com.tw/news/politics/breakingnews/5532549
「慈濟為什麼這麼好騙？」 張景森點名顏博文下台負責,政治,2026/08/08 09:39,張景森今（8）日點名慈濟執行長顏博文（見圖）應辭職負責，並呼籲慈濟董事會立即成立外部獨立調查小組，徹查決策及內控制度是否失靈，向社會大眾交代。（資料照）慈濟基金會2021年採購BNT疫苗過程遭詐騙引發軒然大波，前行政院政務委員張景森今（8）日一早在臉書發文，點名慈濟執行長顏博文應辭職負責，並呼籲慈濟董事會立即成立外部獨立調查小組，徹查決策及內控制度是否失靈，向社會大眾交代。張景森表示，慈濟是台灣最受人民信任的公益慈善團體之一，數十年來累積無數志工奉獻，也承載社會大眾的愛心與信任，因此當公益組織發生重大治理問題時，「不能以『我們也是受害者』裝無辜。必須誠實面對、徹底檢討。」請繼續往下閱讀...他指出，根據台中地檢署起訴書內容，2021年慈濟採購BNT疫苗期間，基金會高層曾接觸自稱「具有特殊管道的中間人」，相關契約經內部逐級核准，後續並簽訂補充協議，將委任報酬提高至3000萬美元，最後實際匯出約新台幣10.6億元。張景森質疑：「我們不能只問詐騙集團為什麼這麼會騙，應該要問：慈濟為什麼這麼好騙？錢被大大小小的騙子用各種名目掏空了，以後誰還敢捐錢給慈濟？」他指出，如果一個管理龐大公益資產的基金會，在交易對手能力、原廠授權、付款條件及風險控管仍有疑點的情況下，仍能一路完成內部核准，「如果起訴書記載屬實，那問題就不是某一位承辦人員，而是整個決策與內控制度都出了問題。」對於顏博文的責任，張景森表示，身為基金會最高行政主管，顏博文應負最大管理責任。他並質疑，事件發生後未報案追討損失，「還企圖掩蓋事實，吃案銷帳，這種行為難道沒有法律責任嗎？」他認為，即使沒有法律責任，也難免引發社會及捐款人的疑慮，因此要求顏博文立即辭職並接受調查。張景森也呼籲慈濟董事會成立外部獨立調查小組，由法律、會計、公司治理、公益基金會治理及醫療採購等領域專家組成，全面調查決策流程、交易對手及原廠授權審查、高額委任報酬合理性、內部授權程序、風險管理，以及是否有人重大失職。他強調，調查報告應完整公開，若查出有人重大失職，應依法依規處分，必要時追究民事責任；若涉及犯罪，也應主動移送司法機關。    ,https://news.ltn.com.tw/news/politics/breakingnews/5532670
中國藉颱風稱「交管」台海船舶  陸委會反酸：顧好自己的災情,政治,2026/08/08 09:05,中國海事局公告，受到颱風白海豚影響，對經過台灣海峽南口北上船舶實施交通管制。（圖擷取自中國央視網）中國海事局公告，受到颱風白海豚影響，對經過台灣海峽南口北上船舶實施交通管制。對此，陸委會昨晚（8日）表示，中共有關部門的無理粗魯聲明是對國際秩序與規範的無知、漠視與踐踏，極其可笑。請北京當局自我節制、遵守國際規範，顧好自己的可能災情，不必越俎代庖。中國海事局官網6日公告，颱風白海豚將影響台灣海峽及周邊海域，廣東海事局決定6日晚間6時起，對經過台灣海峽南口北上船舶實施交通管制，各船舶必須遵守交通管制要求，選擇安全水域避風，聽從現場海事管理機構指揮。請繼續往下閱讀...對於中國藉口颱風，宣布對經台灣海峽南口北上船舶實施交通管制一事，陸委會表示，中共假借白海豚颱風來襲，聲稱要管制我國相關海域，已違反聯合國海洋法公約等國際規範。中共有關部門的無理粗魯聲明，是對國際秩序與規範的無知、漠視與踐踏。極其可笑！陸委會強調，台灣政府強調，中共沒有任何權利可以對我國海域做任何「管制」或「管轄」行為，台灣自己的事不勞中共費心，還請北京當局自我節制、遵守國際規範，顧好自己的可能災情，不必越俎代庖。    ,https://news.ltn.com.tw/news/politics/breakingnews/5532651
NCC空窗消費者也受害！  政院想辦法下週解套,政治,2026/08/08 07:52,立法院杯葛通傳會（NCC）人事案，NCC在8月1日陷入空窗期，讓射頻設備業務審核停擺。（資料照）立法院杯葛通傳會（NCC）人事案，NCC在8月1日陷入空窗期，讓射頻設備業務審核停擺，民進黨立委指出，1週已累計86件，讓消費者受害。據了解，對於在立法院尚未審查通過人事案前，目前暫時無法核准的案件，NCC已建請按「授權內部單位辦理事項作業要點」，先行由單位主管代為決行辦理，政院最晚將在下週批核，使國家運作不至於受到立法院牛步審查人事案的影響。NCC進入無委員空窗期後，射頻設備業務審核受到影響。據了解，科技業者陳情聲音湧入藍綠立委辦公室，行政院也為此於與NCC討論如何解決。請繼續往下閱讀...民進黨立委林俊憲表示，7月31日至8月5日，已有82件進口核准證、4件核准函無法核發，去年NCC一共核發1萬3500件核准證、190件公文核准函，平均每月超過1000件申請案。而大到無線電設備、小到藍牙耳機，如果進口超過個人自用件數，都需要報請NCC同意，人事案卡關越久，只會有越多人受害。政院官員說，為保障一般民眾與消費者權益，民眾日常自用以及已認證的設備不受影響，包括已經審驗合格取得型式認證標籤的無線終端設備、低功率射頻器材、業餘無線電台；郵寄兩部以下或自行攜帶五部以下的無線終端設備、低功率射頻器材，例如：藍牙耳機Wi-Fi產品等。政院官員指出，因缺乏委員會決議，目前暫時無法核准的案件類別，主要為涉及通訊基礎建設或進口數量較大之設備，包含第一級電信管制射頻器材，例如基地台設備、廣播電台發射機等；第二級電信管制射頻器材（WiFi、藍牙）郵寄3件以上的終端設備、低功率射頻器材；電信管制射頻器材使用計劃的核准。官員指出，NCC目前已針對「無法核准的案件」及「依分層負責明細表可授權單位主管決行的案件」，在不涉及「委員會保留事項」前提下，建請行政院同意按「授權內部單位辦理事項作業要點」，先行由單位主管代為決行辦理，政院最晚將在下週批核。    ,https://news.ltn.com.tw/news/politics/breakingnews/5532604
10.6億遭詐誰決策？詹凌瑀點名慈濟：把善款管理成這樣欠社會交代,政治,2026/08/08 07:26,慈濟基金會在疫情期間，曾透過掮客想購買500萬劑BNT疫苗，付出10.6億元委託費，如今由檢警調等單位查出是遭到詐騙。（資料照）慈濟委託私人疫苗掮客買BNT疫苗，遭詐10.6億元委任顧問費，近日案件起訴後，才還給當時的中央流行疫情指揮中心指揮官陳時中清白，媒體人詹凌瑀痛批，包含蔣萬安、柯文哲等罵陳時中的人一個都沒道歉，她也點名慈濟，別想躲在受害者背後，強調把善款管理成這樣欠社會交代。詹凌瑀在臉書發文指出，慈濟買BNT被詐10.6億，這筆錢不是疫苗錢，是付給掮客的「委任顧問費」。一個律師開口就是3000萬美元，慈濟就付了。請繼續往下閱讀...詹凌瑀強調，回頭看2021年，陳時中反覆提醒：私人掮客很可能是詐騙，要先拿訂金的、拿不出出貨證明的，都有問題。他講的每一句，現在都被檢察官的起訴書驗證了。那當年罵他的人呢？詹凌瑀質疑，蔣萬安喊「要相信慈濟還是相信民進黨」，朱立倫要政府向全民道歉，費鴻泰罵「你還要台灣死多少人才下台」，柯文哲嗆「當慈濟是傻子嗎」，黃珊珊說政府「謀財害命、必遭天譴」。詹凌瑀直言，現在詐騙犯被起訴，查扣財產超過10億，真相大白。這群人，一個都沒道歉。他們靠著把專業判斷抹黑成「卡疫苗」賺飽選票，蔣萬安還因此選上市長。用防疫指揮官的人格墊高自己的政治紅利，這叫無恥。詹凌瑀強調，但慈濟也別想躲在「受害者」三個字後面。10.6億，是多少信徒省吃儉用、基於信任捐出來的善款？誰拍板付這筆顧問費？決策過程在哪？有沒有人要負責？一個全台最龐大的宗教組織，如此缺乏公共監督，這次正好攤開來講清楚。詹凌瑀重申，被騙不是罪。但把善款管理成這樣，然後只丟一句「交給司法」，慈濟欠的是給全社會一個交代。    ,https://news.ltn.com.tw/news/politics/breakingnews/5532596
蔣萬安稱「政府買夠疫苗 民間就不用採購」 謝金河：顛倒黑白令人痛心,政治,2026/08/08 07:00,台北市長蔣萬安今天受訪稱「當時政府買夠疫苗，民間就不用採購」。（記者王藝菘攝）首次上稿 08-07 23:25更新時間 08-08 07:00慈濟疫情期間採購BNT疫苗遭詐10.6億元，2021年時任衛福部長陳時中曾多次勸告小心國際掮客，卻遭當時藍營質疑是擋疫苗。對此，財信傳媒董事長謝金河指出，台北市長蔣萬安受訪稱「當時政府買夠疫苗，民間就不用採購」，他覺得這句話有失公允，直呼陳時中付出一切，沒有功勞也有苦勞，但很多人顛倒黑白，令人痛心。請繼續往下閱讀...謝金河昨晚在臉書發文表示，慈濟遭到詐騙3000萬美元成了全台灣最吸睛的焦點，同時又成了朝野攻防的論戰，他不想捲入口水，但看到蔣萬安回應外界詢問，「到底要相信慈濟？還是民進黨政府？」的說辭，蔣回應「當時政府買夠疫苗，民間就不用採購」，他認為這句話說得不夠公道。謝金河指出，為了採購復必泰BNT疫苗，蔡英文總統在2021年6月17日請郭台銘、劉德音到總統府開會協商，這是全球大搶疫苗的最艱難時刻，台灣受制國際外交，再加上中國圍堵，台灣有錢也買不到疫苗。謝金河再指，在最困難的時刻，日本首相安倍晉三情義相挺，在2021年6月4日贈送台灣124萬劑AZ疫苗，當時駐日大使謝長廷親自護送，並對專機深深鞠躬，這個畫面一直在他的腦海裡，疫苗是救命最珍貴的寶物，後來日本政府又在2021年7月8日再送113萬劑AZ疫苗。謝金河直言，在疫情肆虐，疫苗最稀缺的時候，在野黨見縫插針，不斷指責政府無能，甚至要求政府向中國買入科興疫苗。在大家搶疫苗的時刻，莫德那股價漲到497.49美元，中國的康希諾也漲到798人民幣，主導BNT的復星集團股價漲到22港元，這是有錢也買不到疫苗的時刻。後來科興出大事，疫苗後座力很大停產，公司高層出事連連，幸好台灣民眾沒有打到科興疫苗。謝金河指出，現在有人說「政府買夠疫苗，民間就不用採購！」這句話有失公允。台灣的防疫全世界都讚嘆，陳時中付出一切，沒有功勞也有苦勞，今天很多人忘了當下的大不易，甚至顛倒黑白，令人痛心！    ,https://news.ltn.com.tw/news/politics/breakingnews/5532541
鄭麗文：台灣沒獨立過 也從來不是一個國家,政治,2026/08/08 05:57,國民黨主席鄭麗文。（資料照）國民黨主席鄭麗文接受節目「政經關不了」專訪，被問及「台灣的現況就是和平的獨立者」的說法，鄭麗文強調，「台灣從來沒有獨立過，台灣也從來不是一個國家」，民進黨說台灣已經獨立是胡說八道。鄭麗文被問到「和統、武統、和獨、武獨」要選哪一個？她表示，今天兩岸必須要先奠定一個和平穩定的架構，在現實需要、合乎人民需要的基礎上。如果有一天我們真的需要改變現狀，要如何改變、怎麼改變？要符合兩岸人民的意願。她只有這樣子的原則，沒有什麼強烈的主張、需求，這才是真正務實的，不需要拿這些來自我設限、製造困擾或製造對立。請繼續往下閱讀...主持人彭文正表示，有台大學妹說，「台灣的現況就是和平的獨立者」，幹嘛要在「和統、武統、和獨、武獨」中做選擇？鄭麗文回應，今天台灣有這樣的一個和平是因為中華民國憲法帶來的，不是因為台獨帶來的，如果要講台獨，現在大家所享有的一切、包括和平，立刻就會灰飛煙滅不存在，這是倒果為因、本末倒置。鄭麗文強調，現狀不是台灣獨立，「台灣從來沒有獨立過，台灣也從來不是一個國家」。 民進黨敢發動台獨公投嗎？不會的。而對於彭文正說，民進黨表示台灣已經獨立，不需要再發動獨立公投的說法，鄭麗文批評，這就是在自欺欺人，民進黨就是廢，這根本就是街頭混混的講法，再度強調「台灣從來沒有獨立過」，民進黨還說台灣已經獨立了，根本是胡說八道。    ,https://news.ltn.com.tw/news/politics/breakingnews/5532580
中市圖卡出現中國國徽 市府懲處四人》議員轟盧秀燕：國家認同模糊 難怪頻傳紅色滲透,政治,2026/08/08 05:30,台中市住宅處政風室製作「消費者保護法」宣導圖卡，驚見中國國徽，引起嘩然，台中市政府火速召開考績委員會懲處四名相關人員。（周永鴻提供）盧市府：已加強落實內部審核台中市住宅處政風室製作「消費者保護法」宣導圖卡，驚見中國國徽，甚至圖中消保官竟穿「中國警察制服」，引起嘩然，台中市政府火速召開考績委員會懲處四名相關人員。但多名議員昨質疑，類似紅色滲透接連在台中發生，追根究底在於台中市長盧秀燕對國家認同立場模糊，導致基層敵我不分。盧秀燕對此無回應；市府僅表示，嚴守國安法規，已加強落實內部審核。因此事件引發軒然大波，台中市住宅處及台中市政風處各已召開考績會作出懲處，負責製作圖卡的住宅處政風室承辦約僱人員小過一次，住宅處政風室主任記申誡一次；另逕自協助轉貼公告的住宅服務科承辦約僱人員及科長各申誡一次。請繼續往下閱讀...周永鴻：中市府「上樑不正下樑歪」但民進黨台中市議會黨團總召周永鴻指出，台中市近四年來已至少發生四起疑似紅色滲透事件，包括載送役男的車輛播中共解放軍影片、中央公園共融遊戲場開幕表演的幼兒園以中共建黨黨歌當律動配樂、送學生的畢業禮物是中國貨，加上中國國徽直接出現在官方公告，每次都說是意外，台中市政府究竟有沒有對統戰、認知作戰的警覺心，根本「上樑不正下樑歪」，盧秀燕不在乎成為統戰破口，基層公務員當然跟著狀況百出。民進黨議員江肇國也指出，盧秀燕長期以來國家認同立場模糊，包括她剛上任的時候公開支持九二共識，日前矢板明夫案發生，她也未譴責中國暴力，中國對台灣國際空間的打壓，也不見盧秀燕說話，市府領導者對國家認同模糊曖昧，難保這種敵我不分的情況不會再次發生。議員陳淑華另質疑，台中市府自詡AI智慧城市，公務體系也大量使用AI，但上位者國家認同偏差，基層輕忽以對，敵我意識不清，這次事件AI竟成紅色滲透破口，令人憂心。    ,https://news.ltn.com.tw/news/politics/paper/1765819
本報隨軍直擊》結合防空演習 教召部隊機動隱蔽,政治,2026/08/08 05:30,國軍第四作戰區教召部隊昨結合台南市城鎮韌性（防空）演習，機動至鄰近地下室實施防空避難及隱蔽。（記者方瑋立攝）「漢光四十二號」演習昨進入第三天，演習想定持續推進，第四作戰區實施全旅動員的陸軍步兵部隊上午在台南地區實施「戰力保存暨隱掩蔽作為」操演；適逢「二〇二六城鎮韌性（防空）演習」在南部登場，動員部隊也在上午十時警報響起後，迅速轉移至室內防空避難設施實施隱蔽與警戒，形成軍民同步避難、漢光與城鎮韌性演習結合的實戰化場景，展現台灣的全社會防衛韌性。軍民同步疏散 展現全社會防衛韌性軍方演習想定及作戰推演，據研判昨敵軍即將對我重要目標實施空襲，教召擴編動員部隊依計畫執行人員、裝備及重要設施疏散，並實施偽裝、隱蔽與機動轉移等作為，確保後續防衛戰力。請繼續往下閱讀...部隊也運用快速帳結合偽裝網構設欺敵指揮所，並設置假的醫護站及油料、糧食補給點，誘使敵軍誤判高價值目標位置，換取防禦作戰時效。「二〇二六城鎮韌性（防空）演習」結合漢光四十二號實兵演習，採「有預警、分區異時」方式分區實施，在台南、高雄、屏東打頭陣，昨上午十時至十時三十分實施三十分鐘防空警報發送、人車疏散避難及交通管制。演習想定昨下午推進至聯合反登陸濱海打擊、灘岸戰鬥階段，台南地區全旅動員部隊模擬敵軍可能自台南沿海的「紅色海灘」喜樹海灘登陸，而市區出現民眾蝟集情資，恐影響部隊機動；作戰區先期由部隊遂行與當地民眾的「戰略溝通作為」，透過村、里長及後備輔導幹部發放「安全指引」與文宣傳單，引導民眾前往指定避難處所，兼顧部隊機動與民眾安全。記者隨軍觀察，動員部隊先在一處當地廟宇，請村、里長及台南市後備輔導中心幹部到場協助，領取安全指引並說明任務目標；隨後轉往東區一帶疏導蝟集民眾，宣導攜帶安全指引或身分證件前往疏散收容所報到。心戰特遣隊的心戰喊話車也在台南市區街區現蹤運作，並搭配徵購、用的行動宣傳車，同步實施廣播與影像播放。該部隊此次印製的「安全指引」卡片，載明請民眾攜帶身分證件至指定活動中心報到，並附上路線地圖，現場將有人員提供引導與協助、完成安置。    ,https://news.ltn.com.tw/news/politics/paper/1765823
M1A2T戰車首度進駐桃機 漢光模擬反敵軍機降防衛,政治,2026/08/08 05:30,工兵群合力組裝、搬運重達約200公斤的鋼刺蝟，依序排列形成約60公尺長的阻絕帶。（記者劉信德攝）國軍「漢光42號演習」昨進入第3天，陸軍M1A2T戰車首度進駐桃園國際機場，與雲豹甲車共同投入機場防衛演練，模擬敵軍企圖以空降方式奪取機場，執行反制敵軍機降任務。此次共投入4輛M1A2T戰車及6輛雲豹甲車，演練期間桃園機場航班起降維持正常，展現戰時機場防衛及軍民協同應變能力。陸軍M1A2T戰車首度進駐桃園國際機場，與雲豹甲車共同投入機場防衛演練。（記者劉信德攝）    ,https://news.ltn.com.tw/news/politics/paper/1765757
本報《政面交鋒》專訪 劉建國：打造雙技園區 讓青年留在雲林,政治,2026/08/08 05:30,民進黨雲林縣長參選人劉建國（左），接受本報《政面交鋒》專訪，提出「勇敢轉型、打造新雲林」願景。（記者陳品妤攝）搶新興科技商機 打造無人載具產業 活化閒置倉儲 創造產業轉型新基地民進黨雲林縣長參選人、立委劉建國接受本報《政面交鋒》專訪，提出「勇敢轉型、打造新雲林」願景，包括結合智慧科技、生技的雙技農業產業園區、智慧科技產業聚落、無人載具新創基地，讓青年有機會留在雲林，甚至返鄉發展。請繼續往下閱讀...農業產值全國最高 更要提升產業價值劉建國指出，雲林是全國農業產值最高縣市，但農業發展不能只追求產值，更要提升產業價值，透過科技、生技導入，協助農民提高收益，也為青年農民創造創新、創業機會，他一直以來主張打造「雙技」農業產業園區，結合科技與生技提升農業產業鏈，若有機會進入縣府，將立即推動。除農業轉型外，劉建國也看好無人機、無人載具等新興產業，提出打造「無人載具新創產業基地」。他說，雲林已有開發、設計、製造、檢測及認證等人才基礎，若能串聯學校、人才培訓及企業，有機會形成完整產業鏈，搶占新興科技商機。劉建國也主張活化雲林閒置倉儲空間，參考高雄舊倉庫轉型科技聚落模式，將既有土地、建物重新規劃為智慧科技產業聚落，創造產業轉型新基地。針對縣長張麗善提出的「九加一」產業園區，劉建國說，「打造園區不能口號化」。目前張麗善所喊出的除古坑加值產業園區外，其餘園區都沒有進展，反觀嘉義縣，同樣歷經兩任縣長，已有多個園區陸續動土、招商及廠商進駐，甚至有雲林優質企業選擇到嘉義設廠，「差距只會越來越大」。持續爭取醫療建設 長輩在地健康安老劉建國表示，擔任立委十七年來持續爭取雲林醫療建設，包括台大醫院雲林分院虎尾院區二期擴建、國家高齡醫學暨健康福祉研究中心落腳雲林，讓長輩能夠在地健康安老，醫療、產業與人才是人口發展關鍵，雲林不只要「留才」，更要進一步「攬才」。若有機會執政，將加速產業園區建置，推動科技、生技及新興產業，創造更多在地就業機會，讓年輕人不必離鄉也能留在雲林打拚。    ,https://news.ltn.com.tw/news/politics/paper/1765830
何欣純提「舊城創新」 中西、東南老城區新魅力,政治,2026/08/08 05:30,"民進黨台中市長參選人何欣純（右四）提舊城創新主張，盼活化老城區。（何欣純辦公室提供）何︰改善人行環境、停車空間立體化及地下化等 讓市民「第一個任期就有感」選戰倒數剩三個多月，民進黨台中市長參選人、立委何欣純「六星市政一六八巡迴說明會」行程不停歇，她前進中西區及東南區場，向地方說明市區發展藍圖；何欣純表示，中西區是台中城市發展的起點，更是許多國內外旅客認識台中的第一站，她提出「舊城創新」主張，未來將加碼投入市區更新資源，推動人行環境改善、停車空間立體化及地下化等，讓老城區重新展現城市魅力。請繼續往下閱讀...江啟臣14日問政說明會 報告願景國民黨台中市長參選人、立法院副院長江啟臣指出，已規劃十四日夜間將於豐原樂天宮舉辦問政說明會，要從自己的家鄉出發，並與市議員陳本添、邱愛珊、市議員參選人連佳振等人攜手合作，向大家報告努力的成果，也分享台中邁向旗艦城市的願景與方向，更重要的是，面對面聆聽大家的意見。推動藍線速動工 加快整體捷運路網何欣純繼續勤走基層，針對最近大家關切的台中捷運藍線延宕多年仍未動工，工程經費就出現逾千億缺口，她強調，重大建設延宕成本增加的代價均由市民負擔，未來將以效率推動藍線儘速動工，同步加速橘線及整體捷運路網建設，讓台中真正具備國際城市應有的交通競爭力。公車脫、減班 允諾上任後優先工作何欣純另指出，她知道很多民眾對公車脫班、減班及服務品質問題深感困擾與不便，允諾改善公車將列為上任後優先工作，將全面檢討公車路線與班次，建立放射線與環狀線並行的公車路網，串聯山、海、屯及原市區各大轉運節點，提升公共運輸服務品質，讓市民「第一個任期就有感」。她說，交通改善不只提升通勤便利，更能帶動舊城商圈、文創聚落、美食文化及觀光發展，當公共運輸更加便利，更多遊客願意走進中西區，讓舊城注入更多人潮、商機。此外，未來也會制定「台中市騎樓管理自治條例」，在兼顧行人通行安全前提下，建立更具彈性的騎樓管理制度，兼顧居民生活、商業發展與市容景觀。國民黨台中市長參選人江啟臣（中）十四日辦問政說明會。（資料照）    ",https://news.ltn.com.tw/news/politics/paper/1765788
鄭麗文：徐欣瑩與陳見賢至今未見面,政治,2026/08/08 05:30,國民黨主席鄭麗文昨受訪表示，新竹縣長初選過程殺得刀刀見骨，「徐欣瑩與陳見賢至今未見面」。圖為今年三月廿八日國民黨公布新竹縣長初選結果，陳見賢（左）、徐欣瑩（右）兩人同台。（資料照）國民黨主席鄭麗文昨接受節目專訪，談到年底地方選舉，她坦言今年「選情冷」，但可感受到民氣可用。對於艱困選區，她表示，新竹縣長初選過程殺得刀刀見骨，「徐欣瑩與陳見賢至今未見面」，但大局很重要，新竹縣不能輸；至於彰化縣，她坦言，縣長王惠美還在專注縣政，尚未開始輔選，但她認為彰化還是很有機會。鄭麗文表示，本週三新竹行動中常會，雖然副縣長陳見賢沒到場，但有和他通電話，「當事人受傷最重，最需要時間去撫平，要去沉澱、療傷，當然要給予更多的空間和時間」。被問到陳見賢與立委徐欣瑩兩人有見到嗎？鄭坦言，「應該還沒有見到」，這可以慢慢來，且她相信，陳見賢不至於做出親痛仇快的事情。請繼續往下閱讀...對於另一艱困選區彰化縣，鄭麗文表示，她已經去過彰化兩次，下週還會再到彰化。被問到王惠美的意向，鄭尷尬笑說，王惠美還沒開始輔選，「她還在專心縣政」。她強調，彰化縣的整合已開始積極地展開，也相當順利，「我覺得彰化縣還是很有機會的」。被問到是否可拿回高雄？鄭麗文表示，「現在高雄的差距是很靠近的」，她去高雄大家都很熱情、很看好，希望一舉把高雄拿回來、翻回來。距離選舉不到四個月，鄭麗文表示，這次相較四年前選情是比較冷的，不過她可以感受到民氣可用，大環境還是對國民黨比較有利，但因民進黨有龐大的國家資源，國民黨還是面臨了很多的困境。此外，美麗島電子報董事長吳子嘉不斷批評鄭麗文是「敗票女王」。鄭則強調，自己帶動整個藍營的士氣與熱情，她所領導的國民黨向心力非常的強、支持度非常高，「我們都有那種必勝的決心！」    ,https://news.ltn.com.tw/news/politics/paper/1765822
9月基隆400「童」樂會 邀看扯鈴、火舞,政治,2026/08/08 05:30,今年適逢西班牙來台四百年，民進黨籍基隆市長參選人、議長童子瑋昨天（七日）表示，他特別請團隊籌辦「基隆四百童樂會」將從九月登場，第一波邀請紙風車藝術卡車來到基隆，帶來適合親子一起欣賞的演出。童子瑋表示，這一年除了回顧城市歷史，也應該思考為下一代留下什麼樣的文化記憶與生活風景。希望讓藝文演出走進社區與城市空間，讓鄉親就近能和孩子一起看表演，也讓小朋友留下對基隆四百年的共同回憶。請繼續往下閱讀...童子瑋指出，紙風車台灣鄉村卡車藝術工程長期在各地巡迴，這次來到基隆，不只是帶來表演，更是希望把劇場、藝術與孩子的日常生活連結起來，讓親子共同感受表演藝術的活力與想像力。童子瑋說，第一場將於九月五日晚間七時，在暖暖區惠明新村舊址登場，由舞鈴劇場帶來《海洋之心》。這場演出結合扯鈴、舞蹈與劇場畫面，透過節奏、肢體與視覺效果，呈現適合親子共同欣賞的舞台體驗，也讓孩子在戶外空間中充分感受表演藝術的魅力。童子瑋表示，第二場則將於九月十八日晚間七時，在基隆港西岸旅客中心大客車停車場舉辦，由「即將成真火舞團」演出《動物消防隊》。演出融合火焰特技與故事內容，讓孩子在精彩表演中感受想像力與劇場張力。    ,https://news.ltn.com.tw/news/politics/paper/1765793
中方借颱風「交管」台海 海巡署：嚴厲譴責,政治,2026/08/08 05:30,中國廣東海事局公告，受到颱風白海豚影響，「將對經過台灣海峽南口北上船舶實施交通管制」。海巡署昨晚嚴正駁斥，強調中國無任何權利在台灣海峽實施交通管制。（圖擷取自中國央視網）陸委會：中共無理粗魯聲明 極其可笑中國廣東海事局公告，受到颱風白海豚影響，「將對經過台灣海峽南口北上船舶實施交通管制」。海巡署昨晚嚴正駁斥，強調中國無任何權利在台灣海峽實施交通管制。陸委會也表示，中共假借颱風名義聲稱管制相關海域，違反聯合國海洋法公約等國際規範，「中共有關部門的無理粗魯聲明是對國際秩序與規範的無知、漠視與踐踏，極其可笑」。中國海事局官網六日公告，颱風白海豚將影響台灣海峽及周邊海域，廣東海事局決定六日晚間六時起，對經過台灣海峽南口北上船舶實施交通管制，各船舶必須遵守交通管制要求，聽從現場海事管理機構指揮。請繼續往下閱讀...海巡署昨表示，台灣海峽為國際水域，依據「聯合國海洋法公約」等國際規範，領海範圍外均適用國際法「公海航行自由」原則，中國無任何權利對該水域實施「管制」；海巡署向來尊重符合國際法的航行自由，對於中方假借「颱風」之名，行假造「管轄權」之實的認知作戰，企圖藉海事管制將台海內水化，予以最嚴厲譴責，並要求中方恪守國際規範，避免破壞區域的和平穩定。海巡署同時強調，將持續運用聯合情監偵手段，全天候掌握我國周邊海域動態，目前未偵獲中國船舶異常舉動，亦未接獲航商反映遭到廣播干擾，提醒航經該海域之商貨輪，如接獲中方廣播時，無需理會中方要求，並請立即通報相關單位，海巡署將會採取一切必要手段，確保船舶航行自由與安全。    ,https://news.ltn.com.tw/news/politics/paper/1765820
向爸爸們致敬 林國漳憶述魚販父善舉,政治,2026/08/08 05:30,民進黨宜蘭縣長參選人林國漳（前排右三）為礁溪模範父親獻上祝福。（林國漳競辦提供）今天是父親節，宜蘭各鄉鎮市提前舉辦模範父親表揚，民進黨宜蘭縣長參選人林國漳（見圖林國漳競辦提供）到礁溪鄉，與鄉長參選人吳亞蓁、議員參選人李淑芬為模範父親獻上祝福，他致詞時時分享魚販父親的善舉故事，並強調爸爸是家庭支柱，更是孩子的老師，藉此向每一位辛苦一輩子的父親，表達最深敬意。林國漳回憶，自幼家境並不寬裕，父親每天賣魚，母親靠著縫紉貼補家用，天還未亮，父親便出門工作，直至夜深才回家，日復一日從未聽他喊過累。即使生活再艱難，他總是把最好的留給孩子，堅信只要肯努力就能翻轉人生。請繼續往下閱讀...鄰居行動不便 父親天天送晚餐「父親鮮少說大道理，卻用行動教會他責任。」林國漳說，爸爸做生意誠實且重承諾，最令他印象深刻的是，以前住家附近有位行動不便的鄰居，父親每天收工即使疲憊，仍特地買晚餐親自送過去，這份溫暖自然付出且不求回報。林國漳說，這段往事讓他明白，真正的善良不是能力充足才付出，而是自己辛苦時仍願替人多做一點。父親讓他堅信，有能力時就該盡力去幫助需要的人，父愛從來不是轟轟烈烈，原來沉默寡言的背影，才是人生最堅強的依靠。林國漳趁著父親節前夕，向每一位模範父親致敬，也感謝全宜蘭的父親們為家庭無私付出，用平凡日子撐起每個幸福的家，教會孩子責任、善良與愛。    ,https://news.ltn.com.tw/news/politics/paper/1765792
漢光DAY3》M1A2T守護桃機 淡水河架阻絕鏈,政治,2026/08/08 05:30,漢光42號演習新竹空軍基地，為幻象2000-5戰機進行潛力裝掛，圖中為雲母飛彈。（記者叢昌瑾攝）幻象戰機緊急升空接戰 雷霆2000多管火箭演練火力打擊國軍「漢光四十二號演習」昨進入第三天，模擬共軍空襲台灣重要機場。陸軍M1A2T戰車首度進駐桃園國際機場，與雲豹甲車共同投入機場防衛演練，模擬敵軍企圖以空降方式奪取機場作為登陸場，部隊迅速完成火力部署並執行阻絕設施架設，演練反制敵軍機降、確保國門安全。請繼續往下閱讀...桃機停機坪架設阻絕設施「漢光四十二號」實兵演習昨模擬共軍對台灣重要機場發射飛彈、空襲轟炸，驗證部隊緊急應變能力。軍方於桃園機場停機坪架設阻絕設施，形成約六十公尺長的阻絕帶，同時搭配機場貨櫃及航務處提供的各式車輛建立阻絕防線。四輛M1A2T戰車及六輛雲豹甲車則進入戰術位置擔任警戒，整個演練期間桃園機場航班起降作業維持正常，不影響機場營運。除了阻絕設施架設外，演習也同步模擬戰場人員中彈救護流程，由同僚迅速完成傷患包紮、後送等戰傷救護程序。桃園機場消防大隊兩輛化學消防車也配合出動，持續向演練區域噴灑水柱，模擬化學災害或火場降溫應變，展現軍方與機場單位跨機關協同處置能力。空軍昨也在新竹基地執行「潛力裝掛」作業。空軍戰機二聯隊幻象二〇〇〇戰機緊急升空與敵接戰，落地後地勤人員除補充油料外，亦掛載「魔法二型」短程防空飛彈、「雲母」中程防空飛彈，「恢復」至標準的防空外型及作戰能力。空軍二聯隊第四十八換訓隊機務分隊機務長楊尚儒少校表示，「潛力裝掛」在作戰時非常重要，當戰機在空中完成作戰任務後，其消耗油量、彈藥資訊會經由塔台轉達給地勤人員、並先行完成整備，待飛機滑回隨即展開作業，讓飛機可以趕快重返空中作戰。與此同時，另批地勤人員則備妥挖土機、砂石車、平路機等大型重機具，依序展開跑道、滑行道搶修作業，維繫制空戰力。淡水河兩岸部署交叉火網第三作戰區工兵部隊則於淡水河口實施「淡水河道阻絕設置」演練。官兵運用M3機動浮門橋車與偵察突擊舟等裝備，在河道要點進行多層次阻絕配置，防範敵軍企圖沿河道侵犯突入，搭配在河道兩岸部署的交叉火網，以遲滯、殲滅敵軍，守護台北政經中樞。第三作戰區桃園地區下午也實施雷霆二〇〇〇多管火箭系統火力支援演練，作戰部隊依令快速機動至射擊陣地，演練火力打擊，支援前方部隊殲滅進犯敵軍。工兵群以三人一組分工合作，合力組裝、搬運重達約200公斤的鋼刺蝟，依序排列形成約60公尺長的阻絕帶。（記者劉信德攝）漢光四十二號演習昨進入聯合反登陸、反機降階段，陸軍M1A2T戰車首度進駐桃園國際機場。（記者劉信德攝）第3作戰區工兵部隊實施「淡水河道阻絕設置」演練，官兵操作M3機動浮門橋車，於河道上設置阻絕設施，防範敵軍企圖沿河道侵犯突入。（記者黃政嘉攝）漢光42號演習新竹空軍基地，圖為編號2025的幻象2000-5戰機緊急起飛。（記者叢昌瑾攝）配合漢光42號演習，淡江大橋南向道路封閉，國軍在橋面架設機動阻絕措施。（記者劉信德攝）    ,https://news.ltn.com.tw/news/politics/paper/1765818
拍片相挺 小英任蘇巧慧競總主委,政治,2026/08/08 05:30,國民黨新北市長參選人李四川（前排左三）赴石碇天后宮、永定聖興宮參拜，受到廟方及鄉親歡迎。（李四川競辦提供）李四川參拜廟宇 強調將推深坑輕軌延至石碇 促進觀光與經濟年底九合一地方選戰升溫，民進黨新北市長參選人蘇巧慧昨證實，前總統蔡英文將出任競選總部主任委員，目前已錄製「新時代、新市長」影片，未來線上與實體活動都會一起參加，帶領競選團隊一起迎接新的時代。國民黨新北市長參選人李四川昨天則到石碇天后宮、永定聖興宮參拜，李四川表示，當選後將全力推動深坑輕軌，並研議延伸至石碇，帶動觀光與產業發展。請繼續往下閱讀...前總統助陣 錄製「新時代新市長」影片蔡英文日前到台東出任台縣長參選人陳瑩競選總部主委，昨天蘇巧慧證實，小英總統也答應擔任她的競總主委，還有基隆市長參選人童子瑋的競總主委，希望帶動選戰氣勢、翻轉藍綠版圖。蘇巧慧昨受訪指出，全球疫情期間蔡英文帶領台灣創下經濟奇蹟，並成為亞洲第一的民主國家，「大家都很喜歡小英總統」。蔡英文除了擔任她的競總主委，還幫自己錄製了「新時代、新市長」的片尾，未來在很多的線上或實體活動，可以看到蔡英文一起參加新北市這場迎接新時代的競選活動。奧運金牌林郁婷 主動站出來挺蘇蘇巧慧說，除了小英總統外，非常感謝包括奧運拳擊金牌林郁婷、新旺集瓷品牌總監吳佳樺，以及很多各行各業的好朋友，主動站出來支持她，她未來一定會聚合這些力量，讓新北市能夠生機蓬勃，讓各行各業可以在這個城市表現精彩，一起迎接新的時代。李四川昨先後前往石碇天后宮、永定聖興宮參拜，由議員黃心華、劉哲彰、市議員參選人游皓麟、立委羅明才團隊、議員陳儀君團隊及許多在地里長陪同，聆聽民眾意見，民眾送上包種茶寓意「包中」。李四川表示，當選後他將與台北市持續緊密合作，全力推動深坑輕軌，並研議深坑輕軌延伸到石碇，期盼透過提升交通便利性，促進石碇的觀光與地方經濟。李到中和市場拜票 20多里長支持另外，昨天持續展開「市場逗陣行」，前往中和和平街黃昏市場向攤商與民眾拜票；掃街開始前，中和區里長聯誼會會長、頂南里長謝森儒率領廿多位里長於公園集結熱烈歡迎李四川，並高喊「凍蒜！」展現基層團結力挺李四川的氣勢。民進黨新北市長參選人蘇巧慧（前排右三）已與新北市議員、市議員參選人舉行多場座談會，昨日分享座談會精華內容，並強調共同提出多項女性政策。（蘇巧慧競辦提供）    ,https://news.ltn.com.tw/news/politics/paper/1765794
竹北天坑事件 竹檢求刑10年 楊文科涉貪一審判無罪 檢方上訴,政治,2026/08/08 05:30,竹北「豐采五二〇」天坑案涉貪事件，新竹縣長楊文科涉貪一審判無罪，檢方向高等法院提起上訴。（資料照）竹北「豐采五二〇」天坑案涉貪事件，新竹地檢署依貪污治罪條例等罪嫌起訴新竹縣長楊文科等官、商、技師十二人，其中檢方對楊文科求處十年以上重刑、時任工務處長江良淵十二年以上重刑，但新竹地院一審判楊文科無罪。承辦檢察官經審酌後，針對楊文科無罪等判決，昨向高等法院提起上訴。對此，新竹縣政府回應表示，「縣長尊重司法程序」。請繼續往下閱讀...官商等12人起訴 工務處長判6年半新竹地院七月十三日宣判楊文科無罪，江良淵依圖利、財產來源不明兩罪判六年六月、褫奪公權四年，承辦員黃彧思共同圖利罪五年二月、褫奪公權三年；豐邑建設實際負責人劉樹居、總經理邱崇喆均判三年六月。新竹地檢署昨表示，經承辦檢察官詳閱判決理由並通盤審酌全案卷證，認部分無罪判決、犯罪事實及罪名認定、量刑及犯罪所得沒收等事項，仍有再行審酌的必要，依法提起上訴。公務員被告部分，檢方針對楊文科無罪部分提起上訴，也對江良淵、黃彧思所涉第二次、第三次違法復工的圖利及公務員登載不實文書部分，以及相關圖利罪有罪部分提起上訴。量刑部分，檢方也就江良淵所犯公務員財產來源不明罪提起上訴。建商被告部分，包括劉樹居、邱崇喆、盧永吉（豐邑子公司頌恩營造副總經理）被訴登載不實擋土設計圖面、行使業務登載不實及未經許可擅自復工、經制止不從等無罪部分判決，檢方都一併提起上訴。犯罪所得沒收部分，檢方也對豐邑建設、頌恩營造犯罪所得沒收的範圍及數額，以及原審未宣告沒收的偷工減料不法利益部分，一併提起上訴。    ,https://news.ltn.com.tw/news/politics/paper/1765758
賴瑞隆：導入AI、AR 加碼推動雙語教育,政治,2026/08/08 05:30,賴瑞隆(右）提出「2030雙語之都：世界在高雄」七大行動。（賴瑞隆提供）高雄市長選戰火藥味漸濃，民進黨高雄市長參選人賴瑞隆昨提出「二〇三〇雙語之都：世界在高雄」七大行動，承諾預算翻倍；對手柯志恩則反駁「雙語教育不是喊口號、加預算就能成功！」賴︰將逐步提高至10億賴瑞隆表示，在陳其邁市長推動下，雙語教育已奠定良好基礎，下一階段要持續讓教師獲得更多支持，學生不因家庭條件或居住地不同而產生教育落差。他首先承諾預算要倍增，未來將雙語教育預算由現行每年四．七九億逐步提高至十億，並導入AI、AR科技，建置智慧學習平台。請繼續往下閱讀...其次是推動一校一國際共學夥伴，優先協助國、高中建立固定夥伴，並朝每學期十週主題式線上共同課程邁進；第三是打造「高雄版青年百億圓夢計畫」，補助青年參與海外實習、課程等；第四是教師能出國，並提供減授課、行政支援；第五是擴大偏鄉外籍師資、住宿及教學設備；第六是推動雙語友善店家；第七是推動母語與多語教育並進。對此，國民黨市長參選人柯志恩表示，仔細檢視賴瑞隆提出的雙語政策，多數內容其實都是市府現行推動的措施，她認為「雙語教育不是喊口號、加預算就能成功」，更重要是須兼顧教師支持、教育公平、AI應用及學生核心能力培養，才能真正提升高雄下一代的國際競爭力。柯志恩︰非增預算就成功柯志恩競辦則質疑「預算翻倍，錢花在哪」？指雙語教育的關鍵在於優質師資與真實語言環境，而非盲目擴編預算。    ,https://news.ltn.com.tw/news/politics/paper/1765844
本報《政面交鋒》專訪 再戰雲林張家 劉建國：打破家族政治,政治,2026/08/08 05:30,民進黨雲林縣長參選人劉建國接受本報《政面交鋒》專訪，提出「勇敢轉型、打造新雲林」願景。（記者陳品妤攝）對手由現任縣長張麗善 換成其姪女張嘉郡年底縣長選戰，民進黨雲林縣長參選人、立委劉建國再度挑戰「雲林張家」，對手則由現任縣長張麗善換成其姪女、立委張嘉郡。面對張家長期壟斷雲林政壇，劉建國接受本報《政面交鋒》專訪強調，這場選戰不是單純的藍綠對決，而是「人民賦予的使命」對上「家族政治的延續」。「改變第一步就是勇敢」呼籲選民勇敢把票投給他，讓雲林真正走出一條不同的路。籲鄉親勇敢投票 讓雲林走出一條不同的路劉建國表示，自己長期在雲林服務，從爭取地方建設到推動福國利民的法律修訂，都是希望實際解決雲林面臨的問題，這次選舉不只是個人的競爭，更是雲林未來發展方向的選擇，「人民賦予我的，是一份使命的承擔；對手則是家族政治的延續。」請繼續往下閱讀...劉建國指出，張家在雲林長期累積的政治勢力與地方人脈盤根錯節，自己再度參選縣長，最主要的目的就是「改變雲林、創造新雲林」，打破過去的政治文化，讓雲林下一個世代能有更好的選擇。劉建國說，雲林近年面臨工作機會減少、人口外流等問題，許多年輕人希望留在故鄉打拚、陪伴年老的父母親，但現實環境卻讓人不得不離鄉背井，要扭轉人口流失與發展落差，必須要有新的思維、魄力與執行力，才能翻轉雲林。劉建國強調，這場選戰的核心是「家族政治」與「縣民政治」的對決，他要以十七年立委深耕雲林的實績，挑戰盤根錯節的地方政治勢力，讓雲林真正走出一條不同的路，不再只是政治家族勢力延續的舞台，呼籲雲林鄉親勇敢投票給他，一起創造更幸福、更有機會的新雲林。    ,https://news.ltn.com.tw/news/politics/paper/1765821
慈濟遭詐10.6億！周軒嘆沒在期待藍白道歉：有些人已經聽不見了,政治,2026/08/08 00:31,慈濟購買500萬劑BNT疫苗，遭詐騙10.6億元。（記者花孟璟攝）慈濟疫情期間採購BNT疫苗遭詐10.6億元，2021年時任衛福部長陳時中就多次勸告小心國際掮客，卻遭當時藍營質疑是擋疫苗。對此，政治工作者周軒說，其實沒有人期待藍白政治人物對疫情的言論道歉，有些人相信了某些政客的謊言，在能獲得疫苗注射提供保護力的時候，不去或是晚了幾天施打，他們連要求一句對不起的權利都失去了，更聽不見了。周軒在臉書發文表示，老實說，沒有人期待蔣萬安、柯志恩、江啟臣、柯文哲這些人，在慈濟BNT10億詐騙案事件後，會為了當初疫情期間的言論道歉，這是不可能的事情。他認為，陳時中、莊人祥、薛瑞元、羅一鈞、王必勝這些當初在疫情期間，天天站在第一線被抹黑、被指責、被污衊的防疫團隊成員，看到今天這樣的發展，應該也只會輕嘆一聲，然後繼續工作。請繼續往下閱讀...周軒指出，因為包括打這篇文章的他，正在看這篇文章的你，還有防疫團隊們，我們都是倖存者，我們度過了那一段最艱苦的日子，儘管病毒在我們身上或多或少留下了一些創傷，可我們終歸是活下來的，是還有未來的，但有些人卻再也沒有辦法看到疫情過後的台灣。周軒直呼，我們也不會清楚，這些已經無緣和我們一起走到現在的人們，當初有多少是聽了那些似是而非的謠言，相信了某一些政客的謊言，在能獲得疫苗注射提供保護力的時候，不去或是晚了幾天施打，而他們連要求一句對不起的權利也失去了，更聽不見了。    ,https://news.ltn.com.tw/news/politics/breakingnews/5532554
酸王惠美不挺魏平政？鄭麗文：她專心縣政 還沒開始輔選,政治,2026/08/08 00:16,國民黨主席鄭麗文（中）二度到彰化輔選國民黨彰化縣長參選人魏平政（右）。（國民黨提供）國民黨主席鄭麗文接受媒體人黃光芹專訪，談到年底地方選舉，她坦言今年「選情冷」，但可感受到民氣可用。對於艱困選區，她表示，新竹縣長初選過程殺得刀刀見骨，「徐欣瑩與陳見賢至今未見面」，但大局很重要，新竹縣不能輸；至於彰化縣，她坦言，縣長王惠美還在專注縣政，尚未開始輔選，但她認為彰化還是很有機會。鄭麗文表示，本週三新竹行動中常會，雖然陳見賢沒到場，但有和他通電話，「當事人受傷最重，最需要時間去撫平，要去沉澱、療傷，當然要給予更多的空間和時間」。鄭也說，徐欣瑩也釋出很多的善意，但被問到兩人有見到嗎？鄭坦言，「應該還沒有見到」，這可以慢慢來，且她相信，陳見賢不至於做出親痛仇快的事情。請繼續往下閱讀...對於另一艱困選區彰化縣，鄭麗文表示，她已經去過彰化兩次，下週還會在彰化。被問到彰化縣長王惠美的意向，鄭尷尬笑說，王惠美還沒開始輔選，「她還在專心縣政」。她強調，彰化縣的整合已開始積極地展開，也相當順利，「我覺得彰化縣還是很有機會的」。被問到高雄拿得回來嗎？鄭麗文表示，「現在高雄的差距是很靠近的」，高雄她去到哪裡大家都很熱情、很看好，希望一舉把高雄拿回來、翻回來。距離選舉不到4個月，鄭麗文表示，希望大家可以開始關心年底的選舉，因為這次相較4年前選情是比較冷的，不過她可以感受到民氣可用，大環境還是對國民黨比較有利的，但因民進黨有龐大的國家資源，國民黨還是面臨了很多的困境。此外，美麗島電子報董事長吳子嘉不斷批評鄭麗文是「敗票女王」。鄭麗文強調，她帶動了整個藍營的士氣熱情，對於整個大選來講，她所領導的國民黨向心力非常的強、支持度非常的高，「我們都有那種必勝的決心！」雖然民進黨一直要唱衰她、抹紅抹黑，「民進黨最好繼續相信這樣」。    ,https://news.ltn.com.tw/news/politics/breakingnews/5532562
新竹市府活動貼行政中立 民眾黨參選人竟合體柯文哲、高虹安入場,政治,2026/08/07 23:50,新竹市民眾黨參選人合體柯文哲、高虹安參與活動挨轟行政不中立。（讀者提供）新竹市政府今晚在天公壇舉辦「竹塹夏日祈福嘉年華」，施放煙火提早8分鐘挨批，更有市民投訴，市府在攤位張貼謝絕各種政治及競選活動宣傳文宣，卻看到民眾黨市議員李國璋、市議員參選人施淑婷和李玫，與市長高虹安和民眾黨創黨主席柯文哲合體出現在嘉年華各攤位，未遵守行政中立，與攤位張貼行政中立的文宣顯得突兀又諷刺。民政處回應，有關外界關切候選人進入活動現場是否涉及行政不中立一事，此次活動現場有安排工作人員持4面宣導牌進行提醒，宣導活動場合不得從事競選相關活動，並由工作人員維護現場秩序。經查，遭質疑的人士進入會場時未穿著競選背心，現場也未有競選宣傳或相關活動行為，市府辦理各項活動均秉持行政中立原則，落實活動管理及宣導作業。請繼續往下閱讀...有讀者投訴，今晚在天公壇看到行政中立的宣導，比活動文宣還積極，但市府提醒大家不要宣傳政治，結果椅子上放的是市長高虹安頭像的市府文宣，這樣的行政中立，是利用行政優勢還是假行政中立？雖然施淑婷與李玫未穿著競選背心，但疑似在拍影片及與高虹安和柯文哲等人拍照，且只看到民眾黨的參選人能進到活動各攤位會場，質疑是假行政中立。新竹市府在各攤位張貼行政中立文宣，顯得很諷刺。（讀者提供）新竹市政府回應，未著競選背心及宣傳。（讀者提供）    ,https://news.ltn.com.tw/news/politics/breakingnews/5532550
中國假借颱風「台海交管」 海委會譴責：假執法真擴權,政治,2026/08/07 22:32,海委會主委管碧玲。（資料照）中華人民共和國廣東海事局5日以防範第13號颱風「白海豚」為由，單方發布通告，對經過台灣海峽船舶實施「交通管制」。海委會今晚（7日）譴責，此舉以海上安全的外衣，包藏擴張管轄權的野心，是中國「假執法，真擴張」的延續與變形，實則侵害航行自由，破壞國際秩序。海委會發布新聞稿指出，依據包含《聯合國海洋法公約》（UNCLOS）在內的國際法，台灣海峽是國際水域，所有國家皆享有航行自由。中國視國際法為無物，意圖將台灣海峽宣告為其「管轄水域」，2026年6月又意圖透過巡弋與干預國際商輪，在台灣周圍海域虛構其「管轄權」，為中華民國台灣政府嚴正駁斥，國際社會予以嚴正關切。請繼續往下閱讀...中國藉口防災，宣布對經過台灣海峽南口北上的船舶實施「交通管制」，並且要求各國船舶「聽從現場海事管理機構指揮」，公然違反國際法，將手伸進國際水域，是一連串違法行為的延伸。中國的目標已經不止於台灣，而是針對國際航行秩序。國際社會若是不協同立場阻止中國偷渡通過國際水域商輪的進一步指令，中國甚至將派船進入台灣海峽，干預通航權利，並對台灣安全構成重大威脅。海委會認為，面對颱風與天災，國際社會應該相互合作，彼此協助，惟獨中國利用自然災害之際，暗渡管轄權之擴張，挑戰國際秩序與印太安全。海委會呼籲國際社會認清中國極權擴強的野心，將遏止中國切香腸式逐步改變現狀，列為優先事項，採取行動共同維護台灣海峽的自由開放。    ,https://news.ltn.com.tw/news/politics/breakingnews/5532506
台中住宅處中國國徽風波開鍘   市府懲處政風室主任等4人,政治,2026/08/07 22:31,台中宣導消保法圖卡竟出現中國國徽。（周永鴻提供）台中市住宅處政風室製作的「消費者保護法」宣導圖卡，驚見中國國徽，甚至圖中消保官竟穿「中國警察制服」，引起譁然，台中市政府火速召開考績委員會，懲處製作圖卡、助轉公告兩承辦人員及相關督導主任、科長共4人。不過，多名議員則質疑，台中市連連發生類似紅色滲透事件，追根究底在台中市長盧秀燕對國家認同立場模糊，日前媒體人矢板明夫在台中遭中國籍港男攻擊時，也未譴責中國暴力，導致基層敵我不分疏於審查；盧秀燕對此無回應；市府僅表示，嚴守國安法規，已加強落實內部審核。請繼續往下閱讀...「消費者保護法」宣導圖卡出現中國國徽，台中市住宅處及台中市政風處各已召開考績會作出懲處，其中負責製作圖卡的住宅處政風室承辦約僱人員小過一次，住宅處政風室主任記申誡一次；另逕自協助轉貼公告的住宅服務科承辦約僱人員及科長各申誡一次。但民進黨台中市議會黨團總召周永鴻指出，台中市近4年來已至少發生4起疑紅色滲透，載送役男的車輛播中共解放軍影片，中央公園共融遊戲場開幕，受邀幼兒園的律動配樂，送給學生的畢業禮物是中國貨，加上中國國徽直接出現在官方公告，每次都說是意外，台中市政府究竟有沒有對統戰、認知作戰的警覺心，根本「上樑不正下樑歪」，盧秀燕不在乎成為統戰破口，基層公務員當然跟著狀況百出。議員江肇國也指出，盧秀燕長期以來對國家認同立場模糊，包括她剛上任的時候公開支持九二共識，日前媒體人矢板明夫案發生，她也未譴責中國暴力，中國對台灣國際空間的打壓，也不見盧秀燕說話，市府領導者對國家認同模糊曖昧，導致基層疏於審查，難保這種敵我不分的情況不會再次發生。議員陳淑華另質疑，台中市府自詡AI智慧城市，公務體系也大量使用AI，但上位者不重視，基層輕忽以對，敵我意識不清、國家認同混淆情況下，AI竟在台中市成紅色滲透破口，令人憂心。    ,https://news.ltn.com.tw/news/politics/breakingnews/5532519
假颱風之名！中國稱將對台海船隻交管 海巡署斥「管轄權」認知作戰,政治,2026/08/07 22:26,針對有媒體報導指稱「中國廣東海事局因應『白海豚』颱風，宣稱將對航經台灣海峽南口北上船舶實施交通管制」，海巡署今晚嚴正駁斥。圖為我漁民直擊中國海警船，列隊出現澎湖海域。（漁民提供）針對有媒體報導指稱「中國廣東海事局因應『白海豚』颱風，宣稱將對航經台灣海峽南口北上船舶實施交通管制」，海巡署今晚嚴正駁斥，強調中國無任何權利在台灣海峽實施交通管制。海巡署表示，台灣海峽為國際水域，依據「聯合國海洋法公約」等國際規範，領海範圍外均適用國際法「公海航行自由」原則，中國無任何權利對該水域實施「管制」；海巡署向來尊重符合國際法的航行自由，對於中方假借「颱風」之名，行假造「管轄權」之實的認知作戰，企圖藉海事管制將台海內水化，予以最嚴厲譴責，並要求中方恪守國際規範，避免破壞區域的和平穩定。請繼續往下閱讀...同時，海巡署並強調，將持續運用聯合情監偵手段，全天候掌握我國周邊海域動態，目前未偵獲中國船舶異常舉動，亦未接獲航商反映遭到廣播干擾，提醒航經該海域之商貨輪，如接獲中方廣播時，無需理會中方要求，並請立即通報相關單位，海巡署將會採取一切必要手段，確保船舶航行自由與安全。    ,https://news.ltn.com.tw/news/politics/breakingnews/5532504
慈濟買疫苗遭詐逾10億  綠營點名江啟臣「真相大白別沉默」,政治,2026/08/07 21:15,民進黨台中市議會黨團總召周永鴻。（資料照）慈濟買疫苗遭詐逾10億，時任防疫指揮官的陳時中，曾多次示警有掮客詐騙風險，卻遭在野黨抹黑攻擊；多名中市議員點名立法院副院長江啟臣，當年是國民黨主席，也曾指控中央阻擋民間取得疫苗，「不能在真相大白後選擇沉默」，他欠陳時中、防疫團隊及台灣社會一個道歉。對此，江啟臣競選工作站發言人廖偉翔表示，當時疫情嚴峻，應負擔疫苗採購責任的政府若真能即時買到疫苗，慈濟等民間團體也無需想方設法自行採購、遇上詐騙牟利，政府應該好好處理各項施政問題，解決人民所遭遇到的問題，而非轉移焦點、忽視問題本質。請繼續往下閱讀...民進黨台中市議會黨團總召周永鴻指出，當時出任國民黨主席的立法院副院長江啟臣曾公開批評蔡政府，指控中央阻擋民間取得疫苗，並把必要的風險把關操作成政治攻防，如今慈濟遭詐10.6億元，當年政府擔心的風險真實發生，江啟臣應該面對自己說過的話，當年罵政府擋疫苗的他，欠陳時中、欠當時被抹黑的防疫團隊，也欠台灣社會一個道歉。民進黨台中市議員陳俞融也指出，2021年疫情最嚴峻時，國民黨不斷攻擊政府阻擋慈濟採購疫苗，江啟臣當年是國民黨主席，也利用疫情操作政治，把政府依法把關說成政治打壓，四年後司法調查結果證明，政府的風險提醒並非空穴來風，政治人物監督政府，不能用錯誤訊息誤導社會，更不能在真相大白後選擇沉默，呼籲江啟臣為當年錯誤的指控向國人、向第一線防疫人員、向所有被誤導的民眾公開道歉。    ,https://news.ltn.com.tw/news/politics/breakingnews/5532469
國民黨發文反嗆民進黨拿慈濟政治操作 網傻眼灌爆：認錯很難？,政治,2026/08/07 21:07,國民黨發文反嗆民進黨、陳時中。（取自國民黨臉書）2022年疫情期間，慈濟出於熱心，自行採購BNT疫苗，當時防疫指揮官陳時中苦口婆心提醒市場上充斥「疫苗掮客」，要小心採購管道、注意原廠授權，卻遭到國民黨政治攻擊。如今證實慈濟遭到掮客詐騙10.6億，民進黨要求國民黨道歉，國民黨卻在臉書發文反批民進黨是「政治失憶症再犯」，結果文章一出，立刻遭網友灌爆。國民黨今天下午在臉書發文，痛批民進黨拿疫苗詐騙案政治操作，是「政治失憶症再犯」，罔顧當年民間努力幫忙。看到慈濟在過程中遭到詐騙，令人感到非常痛心，也為慈濟感到不捨；對於居心不良人士企圖以詐騙方式牟利，令人非常遺憾，也應受到法律制裁。沒想到民進黨現在竟然利用慈濟受詐騙一事進行政治操作，甚至要求國民黨道歉。請繼續往下閱讀...國民黨批，「一個沒有辦法做到拯救人民的政府，變成大家要來幫忙，這才是民進黨應該要感到羞愧的地方」，怎麼能用單一個案「一竿子打翻一船人」，藉此批評國民黨？民進黨的政治操作相當過分！但背後用意可以理解－現在政府深陷中聯油脂油品風暴，因此急於脫身，才會牽連其他議題，希望轉移焦點，企圖在毒油事件的責任上卸責，非常不可取。不過，貼文短短2小時內，就被超過1000則留言灌爆。網友紛紛留言：「快點道歉啦」、「恬不知恥」、「該認錯就認錯，不要又在那詭辯宣傳了」、「道歉很難嗎？ 還要硬拗」、「還在凹快笑死」、「當時撿到槍，現在發現開錯槍，但死也不能承認」、「想想當初如果國民黨在朝，打的是科興」。    ,https://news.ltn.com.tw/news/politics/breakingnews/5532125
北市府斥個案被無限上綱 林月琴：質疑集團式兒虐都有所本,政治,2026/08/07 20:43,民進黨立委林月琴。（記者塗建榮攝）民進黨立委林月琴今（7）早質疑，台北市連鎖幼兒園虐童案頻傳，市府是否對「集團式幼兒園」清查？台北市教育局則駁斥將個案無限上綱，誤導大眾。對此，林月琴說，所有質疑皆有所本，相關資料均來自公開資訊及政府資料，並非憑空指控。真正要問的是，當不同園所之間存在品牌、經營或管理上的關聯性時，教育局究竟是依據什麼標準認定？又是否曾針對具有關聯性的園所進行全面清查？民進黨今早召開「改名繼續開、違規跨機構流竄！集團式兒虐與違規地方政府查不查？」記者會。事後，台北市教育局回應，對於具有實質關聯性園所，不論是否屬同一品牌、同一體系或同一經營者，只要涉及違法疑慮，均依法啟動擴大清查及無預警稽查，逐案檢視是否有相同違法態樣，秉持「勿枉勿縱」原則，依法究辦、從嚴裁處。民代未釐清各園所實際法律關係，即以「集團」、「連鎖」等字眼渲染，將個別案件無限上綱，無助於釐清事實，更嚴重傷害長期依法辦學、用心經營幼兒教育的園所聲譽。請繼續往下閱讀...林月琴指出，教育局花了大篇幅否認「集團」二字，卻沒有說明認定標準，也沒有回應外界對於違規是否跨園所、跨機構流動的疑慮。社會真正關心的，不是哪一個名詞，而是制度是否足以防止違規者透過改名、更換負責人或不同園所間的人員流動，繼續經營、繼續接觸孩子。另外，教育局說，培諾米達案均已依法提供資料，林月琴質疑，若真是如此，為何家長仍須透過議員及立委召開協調會協助索取資料？教育局一方面主張請求人應負舉證責任，另一方面又在訴訟程序中反對調閱相關卷證，請問家長究竟應如何完成舉證？林月琴強調，她從未否定第一線公務員的辛勞，也無意進行政治口水，而是希望教育局正面回答制度問題，建立真正能辨識關聯性經營及防堵違規流竄的管理機制。孩子的安全，不應淪為名詞之爭。    ,https://news.ltn.com.tw/news/politics/breakingnews/5532384
藍白「未來帳戶條例」三讀函文送抵  政院：依憲法採取適當作為,政治,2026/08/07 20:38,立法院7月24日三讀通過「台灣兒少成長及未來帳戶條例」。（資料照）在藍白主導下，立法院7月24日三讀通過「台灣兒少成長及未來帳戶條例」，三讀函文今天送到行政院與總統府，行政院發言人李慧芝表示，政院已在下午4時半許收到三讀函文，依據「憲法」規定，提出施政方針及編列中央政府總預算，屬於行政院的憲政職權，政院將依據憲法採取適當作為，恪守憲政責任。李慧芝表示，為了讓全民共享經濟成長果實，並因應少子女化及人口結構變遷等挑戰，行政院在今年5月推動「台灣人口對策新戰略—家庭支持篇」，依據「加補助、減負擔、多彈性、增照顧」四大策略，建構從出生到成年的完整支持體系，推出「安心生養、強化托育、教育加碼、友善職場、居住減壓」五大面向共18項措施，將「補助式育兒」全面升級為「公共支持式育兒」。請繼續往下閱讀...李慧芝強調，「台灣人口對策新戰略—家庭支持篇」，是政府衡酌國家經濟成長發展所推動的重要施政規劃，這不只是憲法賦予行政院擘劃國家發展的憲政權限，透過預算編製以確保政策的執行，更是責任政治的展現；而政院所提出的「0到18歲成長津貼」，每人每月5000元的經費，也已經編入明年度中央政府總預算，預期明年開始，符合資格的兒少就可以直接領取。李慧芝補充，不同於在野黨版本的讓民眾可以自存，讓富者存越多、領越多，擴大貧富差距。行政院版的「成長津貼」搭配「弱勢兒少發展帳戶」，不但讓每個孩子從0到18歲至少有108萬元，政府更是幫弱勢家庭「1:1對存」，這才是真正幫助弱勢，落實公平正義。李慧芝表示，除此之外，政府也推動「育兒留停6+3」，雙親各自請滿6個月育兒留停津貼後，可各再多領3個月，並提出婚假延長為14天，產假從8週延長到12週，陪產檢及陪產假也從7天增加到14天，擴大對家庭的支持，而相關的法案也已經送交立法院審議。李慧芝說明，政院所提出的「台灣人口對策新戰略—家庭支持篇」，是一整套環環相扣且相互配合的政策規劃，並不是缺乏整體思考的單點補貼。對於立法院逾越憲政份際，侵害政院提出施政方針及編製預算等憲法權力的做法，政院也將採取必要的憲政作為，以維護憲政秩序。    ,https://news.ltn.com.tw/news/politics/breakingnews/5532422
自由爆新聞》藍白史詩級翻車網灌爆！慈濟疫苗騙10億超扯真相,政治,2026/08/07 20:36,全新的視界！新聞話題不漏接，快訂閱YouTube 【自由追新聞】，記得開啟小鈴鐺哦！    ,https://news.ltn.com.tw/news/politics/breakingnews/5532445
陳時中昔悲憤駁擋疫苗「我瘋子嗎」 遭柯、蔣、徐連環酸,政治,2026/08/07 20:31,陳時中2022年跑競選行程，前往宮廟參拜時，與宮內人士及議員談到採購疫苗議題，脫口「我是瘋子嗎？」「為什麼要擋疫苗？」等語。（資料照）新冠疫情期間，時任中央疫情指揮中心指揮官陳時中因呼籲不要相信私人掮客，遭到大量政治攻擊。如今證實慈濟遭律師陳昱瑄詐取購買BNT疫苗10.6億元委任顧問費，引發討論。2022年陳時中參選台北市長時，持續遭追打相關議題，一次他忍不住脫口，「我是瘋子嗎？為什麼要擋疫苗？」結果再遭時任國民黨立委蔣萬安、徐巧芯及台北市長柯文哲狠酸。陳時中2022年跑競選行程，到宮廟參拜時，與宮內人士及議員談到採購疫苗議題，脫口「我是瘋子嗎？」「為什麼要擋疫苗？」，結果透過麥克風傳出宮外，遭藍白批評。請繼續往下閱讀...當時，蔣萬安指出，慈濟已經還原過程，「陳時中不是瘋子，但人民也不是傻子」。徐巧芯則是在臉書發文指稱，「陳時中是不是瘋子我是不知道，但我確定他把人民當成健忘的傻子。」此外，柯文哲則是在最後一次市政總質詢結束後，在接受媒體聯訪時說，「凡走過必留下痕跡，既有今日何必當初」。還要陳時中不要睜眼說瞎話。陳時中今天說，自己當時苦口婆心，卻成特定政黨與政治人物的武器。不過，大家不必過度苛責身邊被謠言誤導的人，他們只是在誤信了謀取自身利益的人物。陳時中說，謊言最害怕的是真相被看見、被討論，「我會與大家一起在岸邊守候，每當真相浮出水面時，就大聲提醒更多人重新來關注。而今天，就是那一天。」    ,https://news.ltn.com.tw/news/politics/breakingnews/5532290
從防空避難到通訊降速 美日歐等國分享台灣韌性演習資訊,政治,2026/08/07 20:25,AIT配合今年度城鎮韌性演習推出「韌性台灣系列」。（取自AIT臉書）美國、日本、英國、新加坡、澳洲、法國、荷蘭、紐西蘭、捷克及歐盟等10個駐台單位，近日陸續透過官方社群平台，分享台灣城鎮韌性演習及防空演練資訊，提醒在台僑民及旅客掌握各地演習時程，配合防空避難、人車管制及行動網路降速等措施，展現國際社會對台灣強化全社會防衛韌性的高度關注。國安會副秘書長林飛帆說，我們的安全，友盟都很重視；自助人助，在許多朋友關心我們安全的同時，我們也要為自己的安全多做一分準備。其中，美國在台協會（AIT）一連發布3則貼文。AIT配合今年度城鎮韌性演習推出「韌性台灣系列」，強調美國將透過資源、專業知識及訓練，支持台灣提升社會韌性。相關貼文也介紹台灣的全社會防衛韌性架構，指出災害及重大危機應變並非僅是政府或軍方責任，更需要地方政府、醫療體系、企業、民間團體、社區及一般民眾共同參與。請繼續往下閱讀...日本台灣交流協會則以日文發布「2026年城鎮強韌性防空演習注意事項」，提醒在台日本人及旅客，聽到防空警報時不要驚慌，應配合警察、民防及現場工作人員指示，迅速前往地下室、防空避難設施或其他指定處所，並遵守交通及人員移動管制。英國在台辦事處說明，台灣各縣市將分區進行防空警報發布、人車管制、疏散避難及緊急應變演練，部分地區也將實施行動通訊網路降速。歐洲經貿辦事處則分享演習分區、時程及人車管制等資訊，提醒歐盟國家在台人士遵守台灣主管機關指示，並注意北部、中部部分地區將測試行動網路降速，以模擬通訊受限環境。荷蘭在台辦事處除提醒荷蘭僑民確認演習時程，也建議預先掌握附近避難地點，並在行動網路降速前下載或截圖保存重要資訊，準備使用固定網路或室內Wi-Fi。捷克經濟文化辦事處提醒，北部及中部的行動通訊降速演練，可能影響導航、影音串流、視訊、雲端服務及行動支付，民眾可事先保存必要資訊，並準備以語音電話、簡訊、固定網路或Wi-Fi作為替代方式。國安人士表示，這是台灣首次進行降速演練，目的是為了讓民眾熟悉準備通訊備援手段的重要性，以及真正危機來臨時，如何確保自身及家人對外聯繫的通暢，政府也透過全政府，跨部會進行廣泛說明，同時宣導當通訊受阻時，如果確保對外重要的備援手段。目前政府正積極宣導，當常用的手機行動網路受阻，切換至固網、市話等重要手段，或是通訊受阻時，通報安全之方式。日本台灣交流協會以日文發布「2026年城鎮強韌性防空演習注意事項」，提醒在台日本人及旅客。（取自日本台灣交流協會臉書）    ,https://news.ltn.com.tw/news/politics/breakingnews/5532357
「自由之家」執行長 : 期盼與台灣建立夥伴關係,政治,2026/08/07 20:20,外交部長林佳龍接見美國非政府組織「自由之家」（Freedom House）執行長傅萊（Jamie Fly）一行，雙方就台灣及全球民主發展、因應威權擴張挑戰與人權合作等議題交換意見。（外交部提供）外交部長林佳龍於今日上午接見美國非政府組織「自由之家」（Freedom House）執行長傅萊（Jamie Fly）一行，雙方就台灣及全球民主發展、因應威權擴張挑戰與人權合作等議題交換意見。他期待與「自由之家」等重要人權組織深化合作，共同強化民主韌性。林佳龍歡迎傅萊執行長來台訪問，並肯定「自由之家」多年來透過各項報告與跨國鎮壓等研究，協助提升全球自由與民主治理。請繼續往下閱讀...傅萊執行長高度肯定台灣在民主與維護人權的貢獻，並表示我國在該會今年度《全球自由度報告》續獲卓越評比，在亞洲僅次於日本，實為全球民主自由的重要典範。期盼未來就促進區域民主發展與台灣建立更緊密的夥伴關係。「自由之家」成立於1941年，是美國歷史最悠久的全球民主捍衛組織，自1973年起每年發表《全球自由度報告》，為重要國際民主評比指標。我國自1997年起連續近30年獲該報告列為「完全自由」國家；該會並於去年首度頒發「燈塔獎」（Beacon Award）予我國政府及公民社會，表彰我國民主成就。    ,https://news.ltn.com.tw/news/politics/breakingnews/5532411
